NAME	ORIGINAL SIZE	AFTER RESTRICTING TO DATASET	STATUS	
ABBUD_LIF_SIGNALING_1_DN	28	25		
ABBUD_LIF_SIGNALING_1_UP	43	31		
ABBUD_LIF_SIGNALING_2_DN	7		Rejected!	
ABBUD_LIF_SIGNALING_2_UP	13		Rejected!	
ABDELMOHSEN_ELAVL4_TARGETS	16		Rejected!	
ABDULRAHMAN_KIDNEY_CANCER_VHL_DN	13		Rejected!	
ABE_INNER_EAR	43	37		
ABE_VEGFA_TARGETS	19		Rejected!	
ABE_VEGFA_TARGETS_2HR	35	26		
ABE_VEGFA_TARGETS_30MIN	29	25		
ABRAHAM_ALPC_VS_MULTIPLE_MYELOMA_DN	20	17		
ABRAHAM_ALPC_VS_MULTIPLE_MYELOMA_UP	26	23		
ABRAMSON_INTERACT_WITH_AIRE	44	39		
ACEVEDO_LIVER_CANCER_DN	540	456		
ACEVEDO_LIVER_CANCER_UP	972		Rejected!	
ACEVEDO_LIVER_CANCER_WITH_H3K27ME3_DN	222	151		
ACEVEDO_LIVER_CANCER_WITH_H3K27ME3_UP	290	199		
ACEVEDO_LIVER_CANCER_WITH_H3K9ME3_DN	119	89		
ACEVEDO_LIVER_CANCER_WITH_H3K9ME3_UP	137	94		
ACEVEDO_LIVER_TUMOR_VS_NORMAL_ADJACENT_TISSUE_DN	274	232		
ACEVEDO_LIVER_TUMOR_VS_NORMAL_ADJACENT_TISSUE_UP	863		Rejected!	
ACEVEDO_METHYLATED_IN_LIVER_CANCER_DN	875		Rejected!	
ACEVEDO_NORMAL_TISSUE_ADJACENT_TO_LIVER_TUMOR_DN	354	300		
ACEVEDO_NORMAL_TISSUE_ADJACENT_TO_LIVER_TUMOR_UP	173	145		
ACOSTA_PROLIFERATION_INDEPENDENT_MYC_TARGETS_DN	116	100		
ACOSTA_PROLIFERATION_INDEPENDENT_MYC_TARGETS_UP	84	80		
ADDYA_ERYTHROID_DIFFERENTIATION_BY_HEMIN	74	62		
AFFAR_YY1_TARGETS_DN	261	221		
AFFAR_YY1_TARGETS_UP	201	166		
AGARWAL_AKT_PATHWAY_TARGETS	11		Rejected!	
AGUIRRE_PANCREATIC_CANCER_COPY_NUMBER_DN	237	211		
AGUIRRE_PANCREATIC_CANCER_COPY_NUMBER_UP	304	275		
AIGNER_ZEB1_TARGETS	35	32		
AIYAR_COBRA1_TARGETS_DN	31	27		
AIYAR_COBRA1_TARGETS_UP	40	34		
AKL_HTLV1_INFECTION_DN	69	55		
AKL_HTLV1_INFECTION_UP	27	27		
ALCALAY_AML_BY_NPM1_LOCALIZATION_DN	186	161		
ALCALAY_AML_BY_NPM1_LOCALIZATION_UP	140	120		
ALCALA_APOPTOSIS	87	74		
ALFANO_MYC_TARGETS	239	218		
ALONSO_METASTASIS_DN	26	23		
ALONSO_METASTASIS_EMT_DN	5		Rejected!	
ALONSO_METASTASIS_EMT_UP	35	29		
ALONSO_METASTASIS_NEURAL_UP	18	16		
ALONSO_METASTASIS_UP	194	173		
ALTEMEIER_RESPONSE_TO_LPS_WITH_MECHANICAL_VENTILATION	123	94		
AMBROSINI_FLAVOPIRIDOL_TREATMENT_TP53	108	99		
AMIT_DELAYED_EARLY_GENES	18		Rejected!	
AMIT_EGF_RESPONSE_120_HELA	68	61		
AMIT_EGF_RESPONSE_120_MCF10A	41	37		
AMIT_EGF_RESPONSE_20_HELA	12		Rejected!	
AMIT_EGF_RESPONSE_20_MCF10A	12		Rejected!	
AMIT_EGF_RESPONSE_240_HELA	59	55		
AMIT_EGF_RESPONSE_240_MCF10A	21	20		
AMIT_EGF_RESPONSE_40_HELA	42	32		
AMIT_EGF_RESPONSE_40_MCF10A	17		Rejected!	
AMIT_EGF_RESPONSE_480_HELA	164	139		
AMIT_EGF_RESPONSE_480_MCF10A	43	37		
AMIT_EGF_RESPONSE_60_HELA	47	38		
AMIT_EGF_RESPONSE_60_MCF10A	39	32		
AMIT_SERUM_RESPONSE_120_MCF10A	65	57		
AMIT_SERUM_RESPONSE_20_MCF10A	17		Rejected!	
AMIT_SERUM_RESPONSE_240_MCF10A	57	43		
AMIT_SERUM_RESPONSE_40_MCF10A	32	22		
AMIT_SERUM_RESPONSE_480_MCF10A	39	32		
AMIT_SERUM_RESPONSE_60_MCF10A	58	54		
AMUNDSON_DNA_DAMAGE_RESPONSE_TP53	16		Rejected!	
AMUNDSON_RESPONSE_TO_ARSENITE	219	192		
ANASTASSIOU_MULTICANCER_INVASIVENESS_SIGNATURE	64	59		
ANDERSEN_CHOLANGIOCARCINOMA_CLASS1	63	53		
ANDERSEN_CHOLANGIOCARCINOMA_CLASS2	175	144		
ANDERSEN_LIVER_CANCER_KRT19_DN	75	60		
ANDERSEN_LIVER_CANCER_KRT19_UP	35	34		
APPEL_IMATINIB_RESPONSE	33	28		
APPIERTO_RESPONSE_TO_FENRETINIDE_DN	51	48		
APPIERTO_RESPONSE_TO_FENRETINIDE_UP	38	31		
APRELIKOVA_BRCA1_TARGETS	48	41		
ARMIGNACCO_SEVERE_COVID19_RISK_EN_NEG	27	20		
ARMIGNACCO_SEVERE_COVID19_RISK_EN_POS	20	15		
ASGHARZADEH_NEUROBLASTOMA_POOR_SURVIVAL_DN	43	37		
ASTIER_INTEGRIN_SIGNALING	57	48		
ASTON_MAJOR_DEPRESSIVE_DISORDER_DN	161	142		
ASTON_MAJOR_DEPRESSIVE_DISORDER_UP	49	39		
AUJLA_IL22_AND_IL17A_SIGNALING	11		Rejected!	
AUNG_GASTRIC_CANCER	52	41		
AZARE_NEOPLASTIC_TRANSFORMATION_BY_STAT3_DN	18	15		
AZARE_NEOPLASTIC_TRANSFORMATION_BY_STAT3_UP	126	103		
AZARE_STAT3_TARGETS	24	20		
BACOLOD_RESISTANCE_TO_ALKYLATING_AGENTS_DN	52	46		
BACOLOD_RESISTANCE_TO_ALKYLATING_AGENTS_UP	25	23		
BAELDE_DIABETIC_NEPHROPATHY_DN	437	385		
BAELDE_DIABETIC_NEPHROPATHY_UP	89	76		
BAE_BRCA1_TARGETS_DN	30	28		
BAE_BRCA1_TARGETS_UP	71	60		
BAFNA_MUC4_TARGETS_UP	5		Rejected!	
BAKER_HEMATOPOESIS_STAT1_TARGETS	10		Rejected!	
BAKER_HEMATOPOESIS_STAT5_TARGETS	7		Rejected!	
BAKER_HEMATOPOIESIS_STAT3_TARGETS	15		Rejected!	
BAKKER_FOXO3_TARGETS_DN	176	159		
BAKKER_FOXO3_TARGETS_UP	55	47		
BALDWIN_PRKCI_TARGETS_UP	40	33		
BALLIF_DEVELOPMENTAL_DISABILITY_P16_P12_DELETION	13		Rejected!	
BANDRES_RESPONSE_TO_CARMUSTIN_MGMT_24HR_DN	33	30		
BANDRES_RESPONSE_TO_CARMUSTIN_MGMT_24HR_UP	9		Rejected!	
BANDRES_RESPONSE_TO_CARMUSTIN_MGMT_48HR_DN	160	123		
BANDRES_RESPONSE_TO_CARMUSTIN_MGMT_48HR_UP	19	15		
BANDRES_RESPONSE_TO_CARMUSTIN_WITHOUT_MGMT_24HR_DN	9		Rejected!	
BANDRES_RESPONSE_TO_CARMUSTIN_WITHOUT_MGMT_24HR_UP	14		Rejected!	
BANDRES_RESPONSE_TO_CARMUSTIN_WITHOUT_MGMT_48HR_DN	32	24		
BANDRES_RESPONSE_TO_CARMUSTIN_WITHOUT_MGMT_48HR_UP	18		Rejected!	
BANG_VERTEPORFIN_ENDOMETRIAL_CANCER_CELLS_DN	20		Rejected!	
BANG_VERTEPORFIN_ENDOMETRIAL_CANCER_CELLS_UP	20	18		
BARIS_THYROID_CANCER_DN	59	51		
BARIS_THYROID_CANCER_UP	24	22		
BARRIER_CANCER_RELAPSE_NORMAL_SAMPLE_DN	30	25		
BARRIER_CANCER_RELAPSE_NORMAL_SAMPLE_UP	33	26		
BARRIER_CANCER_RELAPSE_TUMOR_SAMPLE_DN	12		Rejected!	
BARRIER_CANCER_RELAPSE_TUMOR_SAMPLE_UP	16	15		
BARRIER_COLON_CANCER_RECURRENCE_DN	19	17		
BARRIER_COLON_CANCER_RECURRENCE_UP	42	40		
BASAKI_YBX1_TARGETS_DN	399	347		
BASAKI_YBX1_TARGETS_UP	294	262		
BASSO_B_LYMPHOCYTE_NETWORK	145	136		
BASSO_CD40_SIGNALING_DN	71	60		
BASSO_CD40_SIGNALING_UP	103	84		
BASSO_HAIRY_CELL_LEUKEMIA_DN	6		Rejected!	
BASSO_HAIRY_CELL_LEUKEMIA_UP	79	63		
BAUS_TFF2_TARGETS_DN	12		Rejected!	
BAUS_TFF2_TARGETS_UP	33	20		
BEAUCHAMP_MISS_54_MYRISTOYLATION_INHIBITION_SENSITIVE_SIGNATURE	54	47		
BECKER_TAMOXIFEN_RESISTANCE_DN	54	46		
BECKER_TAMOXIFEN_RESISTANCE_UP	54	49		
BEGUM_TARGETS_OF_PAX3_FOXO1_FUSION_AND_PAX3	7		Rejected!	
BEGUM_TARGETS_OF_PAX3_FOXO1_FUSION_DN	46	43		
BEGUM_TARGETS_OF_PAX3_FOXO1_FUSION_UP	59	56		
BEIER_GLIOMA_STEM_CELL_DN	66	62		
BEIER_GLIOMA_STEM_CELL_UP	40	36		
BENITEZ_GBM_PROTEASOME_INHIBITION_RESPONSE	48	44		
BENNETT_SYSTEMIC_LUPUS_ERYTHEMATOSUS	29	23		
BENPORATH_CYCLING_GENES	648		Rejected!	
BENPORATH_EED_TARGETS	1059		Rejected!	
BENPORATH_ES_1	379	348		
BENPORATH_ES_2	40	32		
BENPORATH_ES_CORE_NINE	9		Rejected!	
BENPORATH_ES_CORE_NINE_CORRELATED	100	91		
BENPORATH_ES_WITH_H3K27ME3	1115		Rejected!	
BENPORATH_MYC_MAX_TARGETS	775		Rejected!	
BENPORATH_MYC_TARGETS_WITH_EBOX	230	182		
BENPORATH_NANOG_TARGETS	988		Rejected!	
BENPORATH_NOS_TARGETS	179	168		
BENPORATH_OCT4_TARGETS	290	274		
BENPORATH_PRC2_TARGETS	650		Rejected!	
BENPORATH_PROLIFERATION	147	136		
BENPORATH_SOX2_TARGETS	734		Rejected!	
BENPORATH_SUZ12_TARGETS	1035		Rejected!	
BERENJENO_ROCK_SIGNALING_NOT_VIA_RHOA_DN	48	40		
BERENJENO_ROCK_SIGNALING_NOT_VIA_RHOA_UP	29	21		
BERENJENO_TRANSFORMED_BY_RHOA_DN	399	370		
BERENJENO_TRANSFORMED_BY_RHOA_FOREVER_DN	29	29		
BERENJENO_TRANSFORMED_BY_RHOA_FOREVER_UP	20	18		
BERENJENO_TRANSFORMED_BY_RHOA_REVERSIBLY_DN	30	30		
BERENJENO_TRANSFORMED_BY_RHOA_REVERSIBLY_UP	8		Rejected!	
BERENJENO_TRANSFORMED_BY_RHOA_UP	550		Rejected!	
BERGER_MBD2_TARGETS	5		Rejected!	
BERGER_PLATELET_HYPERREACTIVITY_PRESS_DOWN	260	226		
BERGER_PLATELET_HYPERREACTIVITY_PRESS_UP	166	130		
BERNARD_PPAPDC1B_TARGETS_DN	60	51		
BERNARD_PPAPDC1B_TARGETS_UP	37	36		
BERTUCCI_INVASIVE_CARCINOMA_DUCTAL_VS_LOBULAR_DN	46	41		
BERTUCCI_INVASIVE_CARCINOMA_DUCTAL_VS_LOBULAR_UP	24	24		
BERTUCCI_MEDULLARY_VS_DUCTAL_BREAST_CANCER_DN	182	153		
BERTUCCI_MEDULLARY_VS_DUCTAL_BREAST_CANCER_UP	207	176		
BHATI_G2M_ARREST_BY_2METHOXYESTRADIOL_DN	126	112		
BHATI_G2M_ARREST_BY_2METHOXYESTRADIOL_UP	122	97		
BHATTACHARYA_EMBRYONIC_STEM_CELL	84	76		
BHAT_ESR1_TARGETS_NOT_VIA_AKT1_DN	88	85		
BHAT_ESR1_TARGETS_NOT_VIA_AKT1_UP	211	187		
BHAT_ESR1_TARGETS_VIA_AKT1_DN	82	78		
BHAT_ESR1_TARGETS_VIA_AKT1_UP	281	250		
BIDUS_METASTASIS_DN	155	130		
BIDUS_METASTASIS_UP	221	199		
BILANGES_RAPAMYCIN_SENSITIVE_GENES	37	32		
BILANGES_RAPAMYCIN_SENSITIVE_VIA_TSC1_AND_TSC2	69	66		
BILANGES_SERUM_AND_RAPAMYCIN_SENSITIVE_GENES	69	61		
BILANGES_SERUM_RESPONSE_TRANSLATION	34	23		
BILANGES_SERUM_SENSITIVE_GENES	81	66		
BILANGES_SERUM_SENSITIVE_VIA_TSC1	21	18		
BILANGES_SERUM_SENSITIVE_VIA_TSC2	32	27		
BILBAN_B_CLL_LPL_DN	41	32		
BILBAN_B_CLL_LPL_UP	64	56		
BILD_CTNNB1_ONCOGENIC_SIGNATURE	79	73		
BILD_E2F3_ONCOGENIC_SIGNATURE	247	226		
BILD_HRAS_ONCOGENIC_SIGNATURE	252	216		
BILD_MYC_ONCOGENIC_SIGNATURE	208	185		
BILD_SRC_ONCOGENIC_SIGNATURE	58	53		
BLALOCK_ALZHEIMERS_DISEASE_DN	1248		Rejected!	
BLALOCK_ALZHEIMERS_DISEASE_INCIPIENT_DN	166	154		
BLALOCK_ALZHEIMERS_DISEASE_INCIPIENT_UP	389	337		
BLALOCK_ALZHEIMERS_DISEASE_UP	1672		Rejected!	
BLANCO_MELO_BETA_INTERFERON_TREATED_BRONCHIAL_EPITHELIAL_CELLS_DN	217	155		
BLANCO_MELO_BETA_INTERFERON_TREATED_BRONCHIAL_EPITHELIAL_CELLS_UP	378	327		
BLANCO_MELO_BRONCHIAL_EPITHELIAL_CELLS_INFLUENZA_A_DEL_NS1_INFECTION_DN	187	166		
BLANCO_MELO_BRONCHIAL_EPITHELIAL_CELLS_INFLUENZA_A_DEL_NS1_INFECTION_UP	644		Rejected!	
BLANCO_MELO_BRONCHIAL_EPITHELIAL_CELLS_INFLUENZA_A_INFECTION_DN	81	73		
BLANCO_MELO_BRONCHIAL_EPITHELIAL_CELLS_INFLUENZA_A_INFECTION_UP	137	117		
BLANCO_MELO_COVID19_BRONCHIAL_EPITHELIAL_CELLS_SARS_COV_2_INFECTION_DN	59	50		
BLANCO_MELO_COVID19_BRONCHIAL_EPITHELIAL_CELLS_SARS_COV_2_INFECTION_UP	144	116		
BLANCO_MELO_COVID19_SARS_COV_2_INFECTION_A594_ACE2_EXPRESSING_CELLS_DN	96	85		
BLANCO_MELO_COVID19_SARS_COV_2_INFECTION_A594_ACE2_EXPRESSING_CELLS_RUXOLITINIB_DN	76	69		
BLANCO_MELO_COVID19_SARS_COV_2_INFECTION_A594_ACE2_EXPRESSING_CELLS_RUXOLITINIB_UP	484	360		
BLANCO_MELO_COVID19_SARS_COV_2_INFECTION_A594_ACE2_EXPRESSING_CELLS_UP	543	409		
BLANCO_MELO_COVID19_SARS_COV_2_INFECTION_A594_CELLS_DN	77	62		
BLANCO_MELO_COVID19_SARS_COV_2_INFECTION_A594_CELLS_UP	86	64		
BLANCO_MELO_COVID19_SARS_COV_2_INFECTION_CALU3_CELLS_DN	24	20		
BLANCO_MELO_COVID19_SARS_COV_2_INFECTION_CALU3_CELLS_UP	339	275		
BLANCO_MELO_COVID19_SARS_COV_2_LOW_MOI_INFECTION_A594_ACE2_EXPRESSING_CELLS_DN	14		Rejected!	
BLANCO_MELO_COVID19_SARS_COV_2_LOW_MOI_INFECTION_A594_ACE2_EXPRESSING_CELLS_UP	172	119		
BLANCO_MELO_COVID19_SARS_COV_2_POS_PATIENT_LUNG_TISSUE_DN	175	154		
BLANCO_MELO_COVID19_SARS_COV_2_POS_PATIENT_LUNG_TISSUE_UP	174	92		
BLANCO_MELO_HUMAN_PARAINFLUENZA_VIRUS_3_INFECTION_A594_CELLS_DN	123	94		
BLANCO_MELO_HUMAN_PARAINFLUENZA_VIRUS_3_INFECTION_A594_CELLS_UP	203	174		
BLANCO_MELO_INFLUENZA_A_INFECTION_A594_CELLS_DN	118	106		
BLANCO_MELO_INFLUENZA_A_INFECTION_A594_CELLS_UP	41	34		
BLANCO_MELO_MERS_COV_INFECTION_MCR5_CELLS_DN	37	26		
BLANCO_MELO_MERS_COV_INFECTION_MCR5_CELLS_UP	298	240		
BLANCO_MELO_RESPIRATORY_SYNCYTIAL_VIRUS_INFECTION_A594_CELLS_DN	119	96		
BLANCO_MELO_RESPIRATORY_SYNCYTIAL_VIRUS_INFECTION_A594_CELLS_UP	285	245		
BLANCO_MELO_SARS_COV_1_INFECTION_MCR5_CELLS_DN	9		Rejected!	
BLANCO_MELO_SARS_COV_1_INFECTION_MCR5_CELLS_UP	12		Rejected!	
BLUM_RESPONSE_TO_SALIRASIB_DN	341	306		
BLUM_RESPONSE_TO_SALIRASIB_UP	245	225		
BOCHKIS_FOXA2_TARGETS	431	364		
BOGNI_TREATMENT_RELATED_MYELOID_LEUKEMIA_DN	33	29		
BOGNI_TREATMENT_RELATED_MYELOID_LEUKEMIA_UP	31	23		
BOHN_PRIMARY_IMMUNODEFICIENCY_SYNDROM_DN	38	37		
BOHN_PRIMARY_IMMUNODEFICIENCY_SYNDROM_UP	46	42		
BONCI_TARGETS_OF_MIR15A_AND_MIR16_1	92	83		
BONOME_OVARIAN_CANCER_POOR_SURVIVAL_DN	22	20		
BONOME_OVARIAN_CANCER_POOR_SURVIVAL_UP	31	27		
BONOME_OVARIAN_CANCER_SURVIVAL_OPTIMAL_DEBULKING	237	213		
BONOME_OVARIAN_CANCER_SURVIVAL_SUBOPTIMAL_DEBULKING	506	450		
BOQUEST_STEM_CELL_CULTURED_VS_FRESH_DN	31	27		
BOQUEST_STEM_CELL_CULTURED_VS_FRESH_UP	428	379		
BOQUEST_STEM_CELL_DN	218	190		
BOQUEST_STEM_CELL_UP	262	238		
BORCZUK_MALIGNANT_MESOTHELIOMA_DN	106	69		
BORCZUK_MALIGNANT_MESOTHELIOMA_UP	310	288		
BORLAK_LIVER_CANCER_EGF_UP	54	45		
BOSCO_ALLERGEN_INDUCED_TH2_ASSOCIATED_MODULE	150	122		
BOSCO_EPITHELIAL_DIFFERENTIATION_MODULE	69	39		
BOSCO_INTERFERON_INDUCED_ANTIVIRAL_MODULE	78	69		
BOSCO_TH1_CYTOTOXIC_MODULE	114	77		
BOUDOUKHA_BOUND_BY_IGF2BP2	109	101		
BOWIE_RESPONSE_TO_EXTRACELLULAR_MATRIX	17	16		
BOWIE_RESPONSE_TO_TAMOXIFEN	18	17		
BOYAULT_LIVER_CANCER_SUBCLASS_G123_DN	51	43		
BOYAULT_LIVER_CANCER_SUBCLASS_G123_UP	47	40		
BOYAULT_LIVER_CANCER_SUBCLASS_G12_DN	15		Rejected!	
BOYAULT_LIVER_CANCER_SUBCLASS_G12_UP	40	36		
BOYAULT_LIVER_CANCER_SUBCLASS_G1_DN	40	38		
BOYAULT_LIVER_CANCER_SUBCLASS_G1_UP	116	103		
BOYAULT_LIVER_CANCER_SUBCLASS_G2	28	27		
BOYAULT_LIVER_CANCER_SUBCLASS_G23_DN	10		Rejected!	
BOYAULT_LIVER_CANCER_SUBCLASS_G23_UP	53	49		
BOYAULT_LIVER_CANCER_SUBCLASS_G3_DN	53	41		
BOYAULT_LIVER_CANCER_SUBCLASS_G3_UP	190	178		
BOYAULT_LIVER_CANCER_SUBCLASS_G56_DN	17		Rejected!	
BOYAULT_LIVER_CANCER_SUBCLASS_G56_UP	12		Rejected!	
BOYAULT_LIVER_CANCER_SUBCLASS_G5_DN	28	25		
BOYAULT_LIVER_CANCER_SUBCLASS_G6_DN	19	17		
BOYAULT_LIVER_CANCER_SUBCLASS_G6_UP	66	59		
BOYERINAS_ONCOFETAL_TARGETS_OF_LET7A1	12		Rejected!	
BOYLAN_MULTIPLE_MYELOMA_C_CLUSTER_DN	32	26		
BOYLAN_MULTIPLE_MYELOMA_C_CLUSTER_UP	36	35		
BOYLAN_MULTIPLE_MYELOMA_C_DN	58	49		
BOYLAN_MULTIPLE_MYELOMA_C_D_DN	276	210		
BOYLAN_MULTIPLE_MYELOMA_C_D_UP	140	124		
BOYLAN_MULTIPLE_MYELOMA_C_UP	48	42		
BOYLAN_MULTIPLE_MYELOMA_D_CLUSTER_DN	37	35		
BOYLAN_MULTIPLE_MYELOMA_D_CLUSTER_UP	27	26		
BOYLAN_MULTIPLE_MYELOMA_D_DN	82	72		
BOYLAN_MULTIPLE_MYELOMA_D_UP	91	80		
BOYLAN_MULTIPLE_MYELOMA_PCA1_DN	9		Rejected!	
BOYLAN_MULTIPLE_MYELOMA_PCA1_UP	125	83		
BOYLAN_MULTIPLE_MYELOMA_PCA3_DN	72	62		
BOYLAN_MULTIPLE_MYELOMA_PCA3_UP	82	67		
BRACHAT_RESPONSE_TO_CAMPTOTHECIN_DN	42	39		
BRACHAT_RESPONSE_TO_CAMPTOTHECIN_UP	26	21		
BRACHAT_RESPONSE_TO_CISPLATIN	22	15		
BRACHAT_RESPONSE_TO_METHOTREXATE_DN	26	24		
BRACHAT_RESPONSE_TO_METHOTREXATE_UP	23	16		
BRAUNE_GEIST_20_GENE_NOTCH_SIG_BREAST_CANCER	20	20		
BREDEMEYER_RAG_SIGNALING_NOT_VIA_ATM_DN	59	50		
BREDEMEYER_RAG_SIGNALING_NOT_VIA_ATM_UP	64	57		
BREDEMEYER_RAG_SIGNALING_VIA_ATM_NOT_VIA_NFKB_DN	40	35		
BREDEMEYER_RAG_SIGNALING_VIA_ATM_NOT_VIA_NFKB_UP	52	49		
BREUHAHN_GROWTH_FACTOR_SIGNALING_IN_LIVER_CANCER	15		Rejected!	
BRIDEAU_IMPRINTED_GENES	66	49		
BROCKE_APOPTOSIS_REVERSED_BY_IL6	146	122		
BROWNE_HCMV_INFECTION_10HR_DN	57	50		
BROWNE_HCMV_INFECTION_10HR_UP	99	80		
BROWNE_HCMV_INFECTION_12HR_DN	100	81		
BROWNE_HCMV_INFECTION_12HR_UP	112	94		
BROWNE_HCMV_INFECTION_14HR_DN	290	252		
BROWNE_HCMV_INFECTION_14HR_UP	158	133		
BROWNE_HCMV_INFECTION_16HR_DN	83	67		
BROWNE_HCMV_INFECTION_16HR_UP	223	205		
BROWNE_HCMV_INFECTION_18HR_DN	181	148		
BROWNE_HCMV_INFECTION_18HR_UP	173	160		
BROWNE_HCMV_INFECTION_1HR_DN	218	178		
BROWNE_HCMV_INFECTION_1HR_UP	51	42		
BROWNE_HCMV_INFECTION_20HR_DN	102	87		
BROWNE_HCMV_INFECTION_20HR_UP	235	211		
BROWNE_HCMV_INFECTION_24HR_DN	145	126		
BROWNE_HCMV_INFECTION_24HR_UP	146	127		
BROWNE_HCMV_INFECTION_2HR_DN	48	43		
BROWNE_HCMV_INFECTION_2HR_UP	40	29		
BROWNE_HCMV_INFECTION_30MIN_DN	145	110		
BROWNE_HCMV_INFECTION_30MIN_UP	54	44		
BROWNE_HCMV_INFECTION_48HR_DN	481	381		
BROWNE_HCMV_INFECTION_48HR_UP	180	158		
BROWNE_HCMV_INFECTION_4HR_DN	254	215		
BROWNE_HCMV_INFECTION_4HR_UP	50	42		
BROWNE_HCMV_INFECTION_6HR_DN	164	147		
BROWNE_HCMV_INFECTION_6HR_UP	63	52		
BROWNE_HCMV_INFECTION_8HR_DN	48	40		
BROWNE_HCMV_INFECTION_8HR_UP	105	77		
BROWNE_INTERFERON_RESPONSIVE_GENES	67	62		
BROWN_MYELOID_CELL_DEVELOPMENT_DN	132	110		
BROWN_MYELOID_CELL_DEVELOPMENT_UP	166	118		
BRUECKNER_TARGETS_OF_MIRLET7A3_DN	76	68		
BRUECKNER_TARGETS_OF_MIRLET7A3_UP	110	98		
BRUINS_UVC_RESPONSE_EARLY_LATE	316	277		
BRUINS_UVC_RESPONSE_LATE	1140		Rejected!	
BRUINS_UVC_RESPONSE_MIDDLE	99	86		
BRUINS_UVC_RESPONSE_VIA_TP53_GROUP_A	899		Rejected!	
BRUINS_UVC_RESPONSE_VIA_TP53_GROUP_B	557	481		
BRUINS_UVC_RESPONSE_VIA_TP53_GROUP_C	90	77		
BRUINS_UVC_RESPONSE_VIA_TP53_GROUP_D	279	235		
BRUNEAU_HEART_GREAT_VESSELS_AND_VALVULOGENESIS	8		Rejected!	
BRUNEAU_SEPTATION_ATRIAL	5		Rejected!	
BRUNEAU_SEPTATION_VENTRICULAR	10		Rejected!	
BRUNO_HEMATOPOIESIS	67	55		
BUCKANOVICH_T_LYMPHOCYTE_HOMING_ON_TUMOR_DN	22	20		
BUCKANOVICH_T_LYMPHOCYTE_HOMING_ON_TUMOR_UP	21	18		
BUFFA_HYPOXIA_METAGENE	50	46		
BURTON_ADIPOGENESIS_1	31	24		
BURTON_ADIPOGENESIS_10	31	26		
BURTON_ADIPOGENESIS_11	51	48		
BURTON_ADIPOGENESIS_12	32	26		
BURTON_ADIPOGENESIS_2	71	64		
BURTON_ADIPOGENESIS_3	101	94		
BURTON_ADIPOGENESIS_4	46	40		
BURTON_ADIPOGENESIS_5	118	109		
BURTON_ADIPOGENESIS_6	192	172		
BURTON_ADIPOGENESIS_7	49	43		
BURTON_ADIPOGENESIS_8	80	71		
BURTON_ADIPOGENESIS_9	85	73		
BURTON_ADIPOGENESIS_PEAK_AT_0HR	63	53		
BURTON_ADIPOGENESIS_PEAK_AT_16HR	40	37		
BURTON_ADIPOGENESIS_PEAK_AT_24HR	44	40		
BURTON_ADIPOGENESIS_PEAK_AT_2HR	45	39		
BURTON_ADIPOGENESIS_PEAK_AT_8HR	39	34		
BUYTAERT_PHOTODYNAMIC_THERAPY_STRESS_DN	646		Rejected!	
BUYTAERT_PHOTODYNAMIC_THERAPY_STRESS_UP	822		Rejected!	
BYSTROEM_CORRELATED_WITH_IL5_DN	60	54		
BYSTROEM_CORRELATED_WITH_IL5_UP	42	36		
BYSTRYKH_HEMATOPOIESIS_STEM_CELL_AND_BRAIN_QTL_CIS	68	61		
BYSTRYKH_HEMATOPOIESIS_STEM_CELL_AND_BRAIN_QTL_TRANS	155	138		
BYSTRYKH_HEMATOPOIESIS_STEM_CELL_FGF3	8		Rejected!	
BYSTRYKH_HEMATOPOIESIS_STEM_CELL_FLI1	8		Rejected!	
BYSTRYKH_HEMATOPOIESIS_STEM_CELL_IL3RA	9		Rejected!	
BYSTRYKH_HEMATOPOIESIS_STEM_CELL_QTL_CIS	133	108		
BYSTRYKH_HEMATOPOIESIS_STEM_CELL_QTL_TRANS	783		Rejected!	
BYSTRYKH_HEMATOPOIESIS_STEM_CELL_RUNX1	8		Rejected!	
BYSTRYKH_HEMATOPOIESIS_STEM_CELL_SCP2_QTL_TRANS	26	20		
BYSTRYKH_SCP2_QTL	6		Rejected!	
CADWELL_ATG16L1_TARGETS_DN	69	58		
CADWELL_ATG16L1_TARGETS_UP	103	74		
CAFFAREL_RESPONSE_TO_THC_24HR_3_DN	13		Rejected!	
CAFFAREL_RESPONSE_TO_THC_24HR_3_UP	8		Rejected!	
CAFFAREL_RESPONSE_TO_THC_24HR_5_DN	56	49		
CAFFAREL_RESPONSE_TO_THC_24HR_5_UP	33	31		
CAFFAREL_RESPONSE_TO_THC_8HR_3_DN	10		Rejected!	
CAFFAREL_RESPONSE_TO_THC_8HR_3_UP	5		Rejected!	
CAFFAREL_RESPONSE_TO_THC_8HR_5_DN	12		Rejected!	
CAFFAREL_RESPONSE_TO_THC_8HR_5_UP	15		Rejected!	
CAFFAREL_RESPONSE_TO_THC_DN	32	27		
CAFFAREL_RESPONSE_TO_THC_UP	32	28		
CAIRO_HEPATOBLASTOMA_CLASSES_DN	213	171		
CAIRO_HEPATOBLASTOMA_CLASSES_UP	612		Rejected!	
CAIRO_HEPATOBLASTOMA_DN	268	215		
CAIRO_HEPATOBLASTOMA_POOR_SURVIVAL	16		Rejected!	
CAIRO_HEPATOBLASTOMA_UP	213	192		
CAIRO_LIVER_DEVELOPMENT_DN	225	178		
CAIRO_LIVER_DEVELOPMENT_UP	166	153		
CAIRO_PML_TARGETS_BOUND_BY_MYC_DN	13		Rejected!	
CAIRO_PML_TARGETS_BOUND_BY_MYC_UP	22	20		
CALVET_IRINOTECAN_SENSITIVE_VS_RESISTANT_UP	5		Rejected!	
CALVET_IRINOTECAN_SENSITIVE_VS_REVERTED_DN	5		Rejected!	
CALVET_IRINOTECAN_SENSITIVE_VS_REVERTED_UP	5		Rejected!	
CAMPS_COLON_CANCER_COPY_NUMBER_DN	74	36		
CAMPS_COLON_CANCER_COPY_NUMBER_UP	93	63		
CARDOSO_RESPONSE_TO_GAMMA_RADIATION_AND_3AB	14		Rejected!	
CARD_MIR302A_TARGETS	77	73		
CARRILLOREIXACH_14Q32OVEREXPRESSION_IN_HEPATOBLASTOMA	45		Rejected!	
CARRILLOREIXACH_HEPATOBLASTOMA_VS_NORMAL_DN	1256		Rejected!	
CARRILLOREIXACH_HEPATOBLASTOMA_VS_NORMAL_HYPERMETHYLATED_AND_DN	21	18		
CARRILLOREIXACH_HEPATOBLASTOMA_VS_NORMAL_HYPOMETHYLATED_AND_UP	162	147		
CARRILLOREIXACH_HEPATOBLASTOMA_VS_NORMAL_UP	891		Rejected!	
CARRILLOREIXACH_MRS3_VS_LOWER_RISK_HEPATOBLASTOMA_DN	168	153		
CARRILLOREIXACH_MRS3_VS_LOWER_RISK_HEPATOBLASTOMA_UP	51	41		
CASORELLI_ACUTE_PROMYELOCYTIC_LEUKEMIA_DN	669		Rejected!	
CASORELLI_ACUTE_PROMYELOCYTIC_LEUKEMIA_UP	173	136		
CASORELLI_APL_SECONDARY_VS_DE_NOVO_UP	39	29		
CASTELLANO_HRAS_AND_NRAS_TARGETS_DN	8		Rejected!	
CASTELLANO_HRAS_AND_NRAS_TARGETS_UP	6		Rejected!	
CASTELLANO_HRAS_TARGETS_DN	6		Rejected!	
CASTELLANO_HRAS_TARGETS_UP	5		Rejected!	
CASTELLANO_NRAS_TARGETS_DN	14		Rejected!	
CASTELLANO_NRAS_TARGETS_UP	72	63		
CAVARD_LIVER_CANCER_MALIGNANT_VS_BENIGN	32	22		
CEBALLOS_TARGETS_OF_TP53_AND_MYC_DN	33	29		
CEBALLOS_TARGETS_OF_TP53_AND_MYC_UP	19	17		
CERIBELLI_GENES_INACTIVE_AND_BOUND_BY_NFY	41	23		
CERIBELLI_PROMOTERS_INACTIVE_AND_BOUND_BY_NFY	40	25		
CERVERA_SDHB_TARGETS_1_DN	36	26		
CERVERA_SDHB_TARGETS_1_UP	120	107		
CERVERA_SDHB_TARGETS_2	115	104		
CHANDRAN_METASTASIS_DN	316	273		
CHANDRAN_METASTASIS_TOP50_DN	44	40		
CHANDRAN_METASTASIS_TOP50_UP	37	35		
CHANDRAN_METASTASIS_UP	213	170		
CHANGOLKAR_H2AFY_TARGETS_DN	41	37		
CHANGOLKAR_H2AFY_TARGETS_UP	50	46		
CHANG_IMMORTALIZED_BY_HPV31_DN	60	46		
CHANG_IMMORTALIZED_BY_HPV31_UP	73	62		
CHANG_POU5F1_TARGETS_DN	8		Rejected!	
CHANG_POU5F1_TARGETS_UP	15		Rejected!	
CHARAFE_BREAST_CANCER_BASAL_VS_MESENCHYMAL_DN	52	47		
CHARAFE_BREAST_CANCER_BASAL_VS_MESENCHYMAL_UP	126	103		
CHARAFE_BREAST_CANCER_LUMINAL_VS_BASAL_DN	456	397		
CHARAFE_BREAST_CANCER_LUMINAL_VS_BASAL_UP	384	341		
CHARAFE_BREAST_CANCER_LUMINAL_VS_MESENCHYMAL_DN	465	422		
CHARAFE_BREAST_CANCER_LUMINAL_VS_MESENCHYMAL_UP	455	395		
CHASSOT_SKIN_WOUND	9		Rejected!	
CHAUHAN_RESPONSE_TO_METHOXYESTRADIOL_DN	106	90		
CHAUHAN_RESPONSE_TO_METHOXYESTRADIOL_UP	50	45		
CHEBOTAEV_GR_TARGETS_DN	125	110		
CHEBOTAEV_GR_TARGETS_UP	76	70		
CHEMELLO_SOLEUS_VS_EDL_MYOFIBERS_DN	5		Rejected!	
CHEMELLO_SOLEUS_VS_EDL_MYOFIBERS_UP	20		Rejected!	
CHEMNITZ_RESPONSE_TO_PROSTAGLANDIN_E2_DN	408	322		
CHEMNITZ_RESPONSE_TO_PROSTAGLANDIN_E2_UP	145	133		
CHENG_IMPRINTED_BY_ESTRADIOL	110	96		
CHENG_RESPONSE_TO_NICKEL_ACETATE	45	36		
CHENG_TAF7L_TARGETS	6		Rejected!	
CHEN_ETV5_TARGETS_SERTOLI	26	19		
CHEN_ETV5_TARGETS_TESTIS	26	19		
CHEN_HOXA5_TARGETS_6HR_DN	6		Rejected!	
CHEN_HOXA5_TARGETS_6HR_UP	10		Rejected!	
CHEN_HOXA5_TARGETS_9HR_DN	42	40		
CHEN_HOXA5_TARGETS_9HR_UP	225	202		
CHEN_LIVER_METABOLISM_QTL_CIS	95	75		
CHEN_LUNG_CANCER_SURVIVAL	28	25		
CHEN_LVAD_SUPPORT_OF_FAILING_HEART_DN	42	33		
CHEN_LVAD_SUPPORT_OF_FAILING_HEART_UP	102	87		
CHEN_METABOLIC_SYNDROM_NETWORK	1244		Rejected!	
CHEN_NEUROBLASTOMA_COPY_NUMBER_GAINS	50	45		
CHEN_PDGF_TARGETS	18		Rejected!	
CHEOK_RESPONSE_TO_HD_MTX_DN	23	20		
CHEOK_RESPONSE_TO_HD_MTX_UP	23		Rejected!	
CHEOK_RESPONSE_TO_MERCAPTOPURINE_AND_HD_MTX_DN	25	19		
CHEOK_RESPONSE_TO_MERCAPTOPURINE_AND_HD_MTX_UP	5		Rejected!	
CHEOK_RESPONSE_TO_MERCAPTOPURINE_AND_LD_MTX_DN	20	17		
CHEOK_RESPONSE_TO_MERCAPTOPURINE_AND_LD_MTX_UP	10		Rejected!	
CHEOK_RESPONSE_TO_MERCAPTOPURINE_DN	21	18		
CHEOK_RESPONSE_TO_MERCAPTOPURINE_UP	12		Rejected!	
CHESLER_BRAIN_D6MIT150_QTL_CIS	6		Rejected!	
CHESLER_BRAIN_D6MIT150_QTL_TRANS	9		Rejected!	
CHESLER_BRAIN_HIGHEST_EXPRESSION	41	35		
CHESLER_BRAIN_HIGHEST_GENETIC_VARIANCE	38	30		
CHESLER_BRAIN_QTL_CIS	73	62		
CHESLER_BRAIN_QTL_TRANS	6		Rejected!	
CHIANG_LIVER_CANCER_SUBCLASS_CTNNB1_DN	170	149		
CHIANG_LIVER_CANCER_SUBCLASS_CTNNB1_UP	175	152		
CHIANG_LIVER_CANCER_SUBCLASS_INTERFERON_DN	52	47		
CHIANG_LIVER_CANCER_SUBCLASS_INTERFERON_UP	26	20		
CHIANG_LIVER_CANCER_SUBCLASS_POLYSOMY7_DN	25	24		
CHIANG_LIVER_CANCER_SUBCLASS_POLYSOMY7_UP	79	61		
CHIANG_LIVER_CANCER_SUBCLASS_PROLIFERATION_DN	179	132		
CHIANG_LIVER_CANCER_SUBCLASS_PROLIFERATION_UP	179	169		
CHIANG_LIVER_CANCER_SUBCLASS_UNANNOTATED_DN	194	177		
CHIANG_LIVER_CANCER_SUBCLASS_UNANNOTATED_UP	86	66		
CHIARADONNA_NEOPLASTIC_TRANSFORMATION_CDC25_DN	152	130		
CHIARADONNA_NEOPLASTIC_TRANSFORMATION_CDC25_UP	121	107		
CHIARADONNA_NEOPLASTIC_TRANSFORMATION_KRAS_CDC25_DN	52	44		
CHIARADONNA_NEOPLASTIC_TRANSFORMATION_KRAS_CDC25_UP	59	55		
CHIARADONNA_NEOPLASTIC_TRANSFORMATION_KRAS_DN	141	120		
CHIARADONNA_NEOPLASTIC_TRANSFORMATION_KRAS_UP	130	118		
CHIARETTI_ACUTE_LYMPHOBLASTIC_LEUKEMIA_ZAP70	68	58		
CHIARETTI_T_ALL_REFRACTORY_TO_THERAPY	30	22		
CHIARETTI_T_ALL_RELAPSE_PROGNOSIS	19	17		
CHIBA_RESPONSE_TO_TSA	45	39		
CHIBA_RESPONSE_TO_TSA_DN	21	15		
CHIBA_RESPONSE_TO_TSA_UP	50	45		
CHICAS_RB1_TARGETS_CONFLUENT	567	494		
CHICAS_RB1_TARGETS_GROWING	242	226		
CHICAS_RB1_TARGETS_LOW_SERUM	102	91		
CHICAS_RB1_TARGETS_SENESCENT	566		Rejected!	
CHIN_BREAST_CANCER_COPY_NUMBER_DN	13		Rejected!	
CHIN_BREAST_CANCER_COPY_NUMBER_UP	28	24		
CHNG_MULTIPLE_MYELOMA_HYPERPLOID_DN	30	27		
CHNG_MULTIPLE_MYELOMA_HYPERPLOID_UP	54	48		
CHOI_ATL_ACUTE_STAGE	6		Rejected!	
CHOI_ATL_CHRONIC_VS_ACUTE_DN	19	17		
CHOI_ATL_STAGE_PREDICTOR	44	41		
CHOW_RASSF1_TARGETS_DN	30	28		
CHOW_RASSF1_TARGETS_UP	26	24		
CHO_NR4A1_TARGETS	32	22		
CHUANG_OXIDATIVE_STRESS_RESPONSE_DN	11		Rejected!	
CHUANG_OXIDATIVE_STRESS_RESPONSE_UP	28	24		
CHUNG_BLISTER_CYTOTOXICITY_DN	51	40		
CHUNG_BLISTER_CYTOTOXICITY_UP	137	115		
CHYLA_CBFA2T3_TARGETS_DN	248	205		
CHYLA_CBFA2T3_TARGETS_UP	387	313		
CLASPER_LYMPHATIC_VESSELS_DURING_METASTASIS_DN	35	32		
CLASPER_LYMPHATIC_VESSELS_DURING_METASTASIS_UP	20	16		
CLAUS_PGR_POSITIVE_MENINGIOMA_DN	12		Rejected!	
CLAUS_PGR_POSITIVE_MENINGIOMA_UP	10		Rejected!	
CLIMENT_BREAST_CANCER_COPY_NUMBER_DN	8		Rejected!	
CLIMENT_BREAST_CANCER_COPY_NUMBER_UP	23	20		
COATES_MACROPHAGE_M1_VS_M2_DN	82	64		
COATES_MACROPHAGE_M1_VS_M2_UP	86	76		
COLDREN_GEFITINIB_RESISTANCE_DN	230	191		
COLDREN_GEFITINIB_RESISTANCE_UP	87	82		
COLINA_TARGETS_OF_4EBP1_AND_4EBP2	356	338		
COLIN_PILOCYTIC_ASTROCYTOMA_VS_GLIOBLASTOMA_DN	28	26		
COLIN_PILOCYTIC_ASTROCYTOMA_VS_GLIOBLASTOMA_UP	34	29		
COLLER_MYC_TARGETS_DN	7		Rejected!	
COLLER_MYC_TARGETS_UP	24	24		
COLLIS_PRKDC_REGULATORS	13		Rejected!	
COLLIS_PRKDC_SUBSTRATES	17	15		
CONCANNON_APOPTOSIS_BY_EPOXOMICIN_DN	177	159		
CONCANNON_APOPTOSIS_BY_EPOXOMICIN_UP	239	201		
CONRAD_GERMLINE_STEM_CELL	13		Rejected!	
CONRAD_STEM_CELL	39	31		
CORONEL_RFX7_DIRECT_TARGETS_UP	44	37		
CORRE_MULTIPLE_MYELOMA_DN	59	52		
CORRE_MULTIPLE_MYELOMA_UP	79	64		
COULOUARN_TEMPORAL_TGFB1_SIGNATURE_DN	138	119		
COULOUARN_TEMPORAL_TGFB1_SIGNATURE_UP	109	101		
COWLING_MYCN_TARGETS	43	39		
CREIGHTON_AKT1_SIGNALING_VIA_MTOR_DN	23	23		
CREIGHTON_AKT1_SIGNALING_VIA_MTOR_UP	34	31		
CREIGHTON_ENDOCRINE_THERAPY_RESISTANCE_1	535	471		
CREIGHTON_ENDOCRINE_THERAPY_RESISTANCE_2	476	414		
CREIGHTON_ENDOCRINE_THERAPY_RESISTANCE_3	728		Rejected!	
CREIGHTON_ENDOCRINE_THERAPY_RESISTANCE_4	307	265		
CREIGHTON_ENDOCRINE_THERAPY_RESISTANCE_5	493	431		
CROMER_METASTASIS_DN	77	68		
CROMER_METASTASIS_UP	73	63		
CROMER_TUMORIGENESIS_DN	49	36		
CROMER_TUMORIGENESIS_UP	58	47		
CROONQUIST_IL6_DEPRIVATION_DN	95	87		
CROONQUIST_IL6_DEPRIVATION_UP	17	15		
CROONQUIST_NRAS_SIGNALING_DN	70	65		
CROONQUIST_NRAS_SIGNALING_UP	40	26		
CROONQUIST_NRAS_VS_STROMAL_STIMULATION_DN	97	81		
CROONQUIST_NRAS_VS_STROMAL_STIMULATION_UP	41	33		
CROONQUIST_STROMAL_STIMULATION_DN	13		Rejected!	
CROONQUIST_STROMAL_STIMULATION_UP	56	43		
CROSBY_E2F4_TARGETS	6		Rejected!	
CUI_GLUCOSE_DEPRIVATION	61	54		
CUI_TCF21_TARGETS_2_DN	850		Rejected!	
CUI_TCF21_TARGETS_2_UP	434	405		
CUI_TCF21_TARGETS_DN	34	26		
CUI_TCF21_TARGETS_UP	36	31		
CURSONS_NATURAL_KILLER_CELLS	20		Rejected!	
DACOSTA_ERCC3_ALLELE_XPCS_VS_TTD_DN	34	34		
DACOSTA_ERCC3_ALLELE_XPCS_VS_TTD_UP	28	22		
DACOSTA_LOW_DOSE_UV_RESPONSE_VIA_ERCC3_XPCS_DN	9		Rejected!	
DACOSTA_LOW_DOSE_UV_RESPONSE_VIA_ERCC3_XPCS_UP	14		Rejected!	
DACOSTA_UV_RESPONSE_VIA_ERCC3_COMMON_DN	466	426		
DACOSTA_UV_RESPONSE_VIA_ERCC3_COMMON_UP	75	64		
DACOSTA_UV_RESPONSE_VIA_ERCC3_DN	857		Rejected!	
DACOSTA_UV_RESPONSE_VIA_ERCC3_TTD_DN	84	80		
DACOSTA_UV_RESPONSE_VIA_ERCC3_TTD_UP	59	56		
DACOSTA_UV_RESPONSE_VIA_ERCC3_UP	319	277		
DACOSTA_UV_RESPONSE_VIA_ERCC3_XPCS_DN	85	78		
DACOSTA_UV_RESPONSE_VIA_ERCC3_XPCS_UP	25	22		
DAIRKEE_CANCER_PRONE_RESPONSE_BPA	51	42		
DAIRKEE_CANCER_PRONE_RESPONSE_BPA_E2	118	101		
DAIRKEE_CANCER_PRONE_RESPONSE_E2	28	23		
DALESSIO_TSA_RESPONSE	26	15		
DANG_BOUND_BY_MYC	1060		Rejected!	
DANG_MYC_TARGETS_DN	31	27		
DANG_MYC_TARGETS_UP	130	119		
DANG_REGULATED_BY_MYC_DN	251	212		
DANG_REGULATED_BY_MYC_UP	68	62		
DARWICHE_PAPILLOMA_PROGRESSION_RISK	78	59		
DARWICHE_PAPILLOMA_RISK_HIGH_DN	183	143		
DARWICHE_PAPILLOMA_RISK_HIGH_UP	151	116		
DARWICHE_PAPILLOMA_RISK_LOW_DN	170	133		
DARWICHE_PAPILLOMA_RISK_LOW_UP	165	126		
DARWICHE_SKIN_TUMOR_PROMOTER_DN	190	152		
DARWICHE_SKIN_TUMOR_PROMOTER_UP	145	107		
DARWICHE_SQUAMOUS_CELL_CARCINOMA_DN	183	143		
DARWICHE_SQUAMOUS_CELL_CARCINOMA_UP	151	116		
DASU_IL6_SIGNALING_DN	7		Rejected!	
DASU_IL6_SIGNALING_SCAR_DN	16		Rejected!	
DASU_IL6_SIGNALING_SCAR_UP	31	28		
DASU_IL6_SIGNALING_UP	61	53		
DAUER_STAT3_TARGETS_DN	48	43		
DAUER_STAT3_TARGETS_UP	48	37		
DAVICIONI_MOLECULAR_ARMS_VS_ERMS_DN	179	168		
DAVICIONI_MOLECULAR_ARMS_VS_ERMS_UP	340	306		
DAVICIONI_PAX_FOXO1_SIGNATURE_IN_ARMS_DN	20	20		
DAVICIONI_PAX_FOXO1_SIGNATURE_IN_ARMS_UP	60	55		
DAVICIONI_RHABDOMYOSARCOMA_PAX_FOXO1_FUSION_DN	14		Rejected!	
DAVICIONI_RHABDOMYOSARCOMA_PAX_FOXO1_FUSION_UP	64	57		
DAVICIONI_TARGETS_OF_PAX_FOXO1_FUSIONS_DN	66	59		
DAVICIONI_TARGETS_OF_PAX_FOXO1_FUSIONS_UP	258	241		
DAVIES_MULTIPLE_MYELOMA_VS_MGUS_DN	26	16		
DAVIES_MULTIPLE_MYELOMA_VS_MGUS_UP	13		Rejected!	
DAWSON_METHYLATED_IN_LYMPHOMA_TCL1	59	54		
DAZARD_RESPONSE_TO_UV_NHEK_DN	300	272		
DAZARD_RESPONSE_TO_UV_NHEK_UP	223	176		
DAZARD_RESPONSE_TO_UV_SCC_DN	115	105		
DAZARD_RESPONSE_TO_UV_SCC_UP	105	91		
DAZARD_UV_RESPONSE_CLUSTER_G1	62	48		
DAZARD_UV_RESPONSE_CLUSTER_G2	30	23		
DAZARD_UV_RESPONSE_CLUSTER_G24	24	18		
DAZARD_UV_RESPONSE_CLUSTER_G28	20		Rejected!	
DAZARD_UV_RESPONSE_CLUSTER_G3	14		Rejected!	
DAZARD_UV_RESPONSE_CLUSTER_G4	20	16		
DAZARD_UV_RESPONSE_CLUSTER_G5	12		Rejected!	
DAZARD_UV_RESPONSE_CLUSTER_G6	145	133		
DEBIASI_APOPTOSIS_BY_REOVIRUS_INFECTION_DN	276	238		
DEBIASI_APOPTOSIS_BY_REOVIRUS_INFECTION_UP	300	268		
DEBOSSCHER_NFKB_TARGETS_REPRESSED_BY_GLUCOCORTICOIDS	21		Rejected!	
DELACROIX_RARG_BOUND_MEF	366	325		
DELACROIX_RAR_BOUND_ES	467	389		
DELACROIX_RAR_TARGETS_DN	26	21		
DELACROIX_RAR_TARGETS_UP	47	41		
DELASERNA_MYOD_TARGETS_DN	56	50		
DELASERNA_MYOD_TARGETS_UP	86	73		
DELASERNA_TARGETS_OF_MYOD_AND_SMARCA4	11		Rejected!	
DELLA_RESPONSE_TO_TSA_AND_BUTYRATE	21	17		
DELPUECH_FOXO3_TARGETS_DN	40	37		
DELPUECH_FOXO3_TARGETS_UP	65	56		
DELYS_THYROID_CANCER_DN	233	200		
DELYS_THYROID_CANCER_UP	445	384		
DEMAGALHAES_AGING_DN	16		Rejected!	
DEMAGALHAES_AGING_UP	54	46		
DEN_INTERACT_WITH_LCA5	26	25		
DER_IFN_ALPHA_RESPONSE_DN	6		Rejected!	
DER_IFN_ALPHA_RESPONSE_UP	74	70		
DER_IFN_BETA_RESPONSE_DN	8		Rejected!	
DER_IFN_BETA_RESPONSE_UP	103	94		
DER_IFN_GAMMA_RESPONSE_DN	11		Rejected!	
DER_IFN_GAMMA_RESPONSE_UP	71	68		
DESERT_EXTRACELLULAR_MATRIX_HEPATOCELLULAR_CARCINOMA_SUBCLASS_UP	22	19		
DESERT_PERIPORTAL_HEPATOCELLULAR_CARCINOMA_SUBCLASS_UP	159	119		
DESERT_PERIVENOUS_HEPATOCELLULAR_CARCINOMA_SUBCLASS_UP	155	134		
DESERT_STEM_CELL_HEPATOCELLULAR_CARCINOMA_SUBCLASS_UP	242	221		
DEURIG_T_CELL_PROLYMPHOCYTIC_LEUKEMIA_DN	323	263		
DEURIG_T_CELL_PROLYMPHOCYTIC_LEUKEMIA_UP	369	306		
DE_YY1_TARGETS_DN	93	79		
DE_YY1_TARGETS_UP	20	15		
DIAZ_CHRONIC_MYELOGENOUS_LEUKEMIA_DN	116	88		
DIAZ_CHRONIC_MYELOGENOUS_LEUKEMIA_UP	1399		Rejected!	
DIERICK_SEROTONIN_FUNCTION_GENES	7		Rejected!	
DING_LUNG_CANCER_BY_MUTATION_RATE	20		Rejected!	
DING_LUNG_CANCER_EXPRESSION_BY_COPY_NUMBER	100	92		
DING_LUNG_CANCER_MUTATED_FREQUENTLY	12		Rejected!	
DING_LUNG_CANCER_MUTATED_RECURRENTLY	6		Rejected!	
DING_LUNG_CANCER_MUTATED_SIGNIFICANTLY	26	19		
DIRMEIER_LMP1_RESPONSE_EARLY	62	48		
DIRMEIER_LMP1_RESPONSE_LATE_DN	30	28		
DIRMEIER_LMP1_RESPONSE_LATE_UP	56	50		
DISTECHE_ESCAPED_FROM_X_INACTIVATION	13		Rejected!	
DITTMER_PTHLH_TARGETS_DN	70	63		
DITTMER_PTHLH_TARGETS_UP	113	101		
DI_MARTINO_MATRISOME_HIGHLY_PROLIFERATIVE_HNSCC	27	25		
DI_MARTINO_MATRISOME_HIGHLY_PROLIFERATIVE_HNSCC_TUMOR_CELL_DERIVED	17	16		
DOANE_BREAST_CANCER_CLASSES_DN	33	32		
DOANE_BREAST_CANCER_CLASSES_UP	72	57		
DOANE_BREAST_CANCER_ESR1_DN	47	37		
DOANE_BREAST_CANCER_ESR1_UP	111	93		
DOANE_RESPONSE_TO_ANDROGEN_DN	243	217		
DOANE_RESPONSE_TO_ANDROGEN_UP	183	154		
DODD_NASOPHARYNGEAL_CARCINOMA_DN	1829		Rejected!	
DODD_NASOPHARYNGEAL_CARCINOMA_UP	1405		Rejected!	
DONATO_CELL_CYCLE_TRETINOIN	6		Rejected!	
DONG_LUNG_ADENOCARCINOMA_FERROPTOSIS_LNCRNA	14		Rejected!	
DORMOY_ELAVL1_TARGETS	18	18		
DORN_ADENOVIRUS_INFECTION_12HR_DN	33	27		
DORN_ADENOVIRUS_INFECTION_12HR_UP	28	23		
DORN_ADENOVIRUS_INFECTION_24HR_DN	42	38		
DORN_ADENOVIRUS_INFECTION_24HR_UP	12		Rejected!	
DORN_ADENOVIRUS_INFECTION_32HR_DN	38	32		
DORN_ADENOVIRUS_INFECTION_32HR_UP	11		Rejected!	
DORN_ADENOVIRUS_INFECTION_48HR_DN	39	33		
DORN_ADENOVIRUS_INFECTION_48HR_UP	14		Rejected!	
DORSAM_HOXA9_TARGETS_DN	32	26		
DORSAM_HOXA9_TARGETS_UP	35	31		
DORSEY_GAB2_TARGETS	30	26		
DOUGLAS_BMI1_TARGETS_DN	314	277		
DOUGLAS_BMI1_TARGETS_UP	563		Rejected!	
DUAN_PRDM5_TARGETS	77	66		
DUNNE_TARGETS_OF_AML1_MTG8_FUSION_DN	19	16		
DUNNE_TARGETS_OF_AML1_MTG8_FUSION_UP	53	37		
DURAND_STROMA_NS_UP	168	146		
DURAND_STROMA_S_UP	300	277		
DURCHDEWALD_SKIN_CARCINOGENESIS_DN	265	229		
DURCHDEWALD_SKIN_CARCINOGENESIS_UP	93	73		
DUTERTRE_ESTRADIOL_RESPONSE_24HR_DN	504	464		
DUTERTRE_ESTRADIOL_RESPONSE_24HR_UP	323	299		
DUTERTRE_ESTRADIOL_RESPONSE_6HR_DN	91	84		
DUTERTRE_ESTRADIOL_RESPONSE_6HR_UP	228	205		
DUTTA_APOPTOSIS_VIA_NFKB	33	26		
EBAUER_MYOGENIC_TARGETS_OF_PAX3_FOXO1_FUSION	48	38		
EBAUER_TARGETS_OF_PAX3_FOXO1_FUSION_DN	49	46		
EBAUER_TARGETS_OF_PAX3_FOXO1_FUSION_UP	200	161		
EGUCHI_CELL_CYCLE_RB1_TARGETS	22	20		
EHLERS_ANEUPLOIDY_DN	12		Rejected!	
EHLERS_ANEUPLOIDY_UP	40	35		
EHRLICH_ICF_SYNDROM_DN	17		Rejected!	
EHRLICH_ICF_SYNDROM_UP	13		Rejected!	
EINAV_INTERFERON_SIGNATURE_IN_CANCER	27	26		
ELLWOOD_MYC_TARGETS_DN	43	39		
ELLWOOD_MYC_TARGETS_UP	13		Rejected!	
ELVIDGE_HIF1A_AND_HIF2A_TARGETS_DN	105	97		
ELVIDGE_HIF1A_AND_HIF2A_TARGETS_UP	41	38		
ELVIDGE_HIF1A_TARGETS_DN	92	86		
ELVIDGE_HIF1A_TARGETS_UP	67	62		
ELVIDGE_HIF2A_TARGETS_UP	6		Rejected!	
ELVIDGE_HYPOXIA_BY_DMOG_DN	59	55		
ELVIDGE_HYPOXIA_BY_DMOG_UP	133	120		
ELVIDGE_HYPOXIA_DN	147	137		
ELVIDGE_HYPOXIA_UP	174	154		
ENGELMANN_CANCER_PROGENITORS_DN	69	60		
ENGELMANN_CANCER_PROGENITORS_UP	48	42		
ENK_UV_RESPONSE_EPIDERMIS_DN	512	448		
ENK_UV_RESPONSE_EPIDERMIS_UP	296	252		
ENK_UV_RESPONSE_KERATINOCYTE_DN	481	448		
ENK_UV_RESPONSE_KERATINOCYTE_UP	533	456		
EPPERT_CE_HSC_LSC	41	34		
EPPERT_HSC_R	127	104		
EPPERT_LSC_R	42	38		
EPPERT_PROGENITOR	138	126		
FAELT_B_CLL_WITH_VH3_21_DN	49	46		
FAELT_B_CLL_WITH_VH3_21_UP	45	37		
FAELT_B_CLL_WITH_VH_REARRANGEMENTS_DN	49	47		
FAELT_B_CLL_WITH_VH_REARRANGEMENTS_UP	48	36		
FALVELLA_SMOKERS_WITH_LUNG_CANCER	81	68		
FARDIN_HYPOXIA_11	32	30		
FARDIN_HYPOXIA_9	7		Rejected!	
FARMER_BREAST_CANCER_APOCRINE_VS_BASAL	329	296		
FARMER_BREAST_CANCER_APOCRINE_VS_LUMINAL	327	287		
FARMER_BREAST_CANCER_BASAL_VS_LULMINAL	329	294		
FARMER_BREAST_CANCER_CLUSTER_1	48	30		
FARMER_BREAST_CANCER_CLUSTER_2	33	33		
FARMER_BREAST_CANCER_CLUSTER_3	16		Rejected!	
FARMER_BREAST_CANCER_CLUSTER_4	19	17		
FARMER_BREAST_CANCER_CLUSTER_5	19	18		
FARMER_BREAST_CANCER_CLUSTER_6	14		Rejected!	
FARMER_BREAST_CANCER_CLUSTER_7	20	19		
FARMER_BREAST_CANCER_CLUSTER_8	7		Rejected!	
FEKIR_HEPARG_SIDE_POP_VS_HEPARG_DN	106	73		
FEKIR_HEPARG_SIDE_POP_VS_HEPARG_UP	90	79		
FEKIR_HEPARG_SPHERE_VS_HEPARG_DN	42	32		
FEKIR_HEPARG_SPHERE_VS_HEPARG_UP	103	99		
FENG_SEPSIS_HIGH_RISK_ROS_DN	11		Rejected!	
FENG_SEPSIS_HIGH_RISK_ROS_UP	26	21		
FERNANDEZ_BOUND_BY_MYC	181	144		
FERRANDO_HOX11_NEIGHBORS	23	15		
FERRANDO_LYL1_NEIGHBORS	17	15		
FERRANDO_TAL1_NEIGHBORS	20		Rejected!	
FERRANDO_T_ALL_WITH_MLL_ENL_FUSION_DN	89	77		
FERRANDO_T_ALL_WITH_MLL_ENL_FUSION_UP	89	73		
FERRARI_RESPONSE_TO_FENRETINIDE_DN	5		Rejected!	
FERRARI_RESPONSE_TO_FENRETINIDE_UP	22	16		
FERREIRA_EWINGS_SARCOMA_UNSTABLE_VS_STABLE_DN	96	77		
FERREIRA_EWINGS_SARCOMA_UNSTABLE_VS_STABLE_UP	164	151		
FEVR_CTNNB1_TARGETS_DN	555	500		
FEVR_CTNNB1_TARGETS_UP	688		Rejected!	
FIGAROL_EGFR_TKI_DRUG_TOLERANT_CELL_DN	495	461		
FIGAROL_EGFR_TKI_DRUG_TOLERANT_CELL_UP	212	191		
FIGUEROA_AML_METHYLATION_CLUSTER_1_DN	46	30		
FIGUEROA_AML_METHYLATION_CLUSTER_1_UP	122	103		
FIGUEROA_AML_METHYLATION_CLUSTER_2_DN	9		Rejected!	
FIGUEROA_AML_METHYLATION_CLUSTER_2_UP	54	47		
FIGUEROA_AML_METHYLATION_CLUSTER_3_DN	40	29		
FIGUEROA_AML_METHYLATION_CLUSTER_3_UP	170	141		
FIGUEROA_AML_METHYLATION_CLUSTER_4_DN	15		Rejected!	
FIGUEROA_AML_METHYLATION_CLUSTER_4_UP	112	96		
FIGUEROA_AML_METHYLATION_CLUSTER_5_DN	47	34		
FIGUEROA_AML_METHYLATION_CLUSTER_5_UP	12		Rejected!	
FIGUEROA_AML_METHYLATION_CLUSTER_6_DN	37	24		
FIGUEROA_AML_METHYLATION_CLUSTER_6_UP	140	127		
FIGUEROA_AML_METHYLATION_CLUSTER_7_DN	5		Rejected!	
FIGUEROA_AML_METHYLATION_CLUSTER_7_UP	118	100		
FINAK_BREAST_CANCER_SDPP_SIGNATURE	26	21		
FINETTI_BREAST_CANCERS_KINOME_BLUE	21	19		
FINETTI_BREAST_CANCERS_KINOME_GRAY	15	15		
FINETTI_BREAST_CANCER_KINOME_GREEN	16		Rejected!	
FINETTI_BREAST_CANCER_KINOME_RED	16	15		
FIRESTEIN_CTNNB1_PATHWAY	32	29		
FIRESTEIN_CTNNB1_PATHWAY_AND_PROLIFERATION	9		Rejected!	
FIRESTEIN_PROLIFERATION	166	147		
FISCHER_DIRECT_P53_TARGETS_META_ANALYSIS	311	282		
FISCHER_DREAM_TARGETS	969		Rejected!	
FISCHER_G1_S_CELL_CYCLE	200	178		
FISCHER_G2_M_CELL_CYCLE	236	216		
FLECHNER_BIOPSY_KIDNEY_TRANSPLANT_OK_VS_DONOR_DN	24	16		
FLECHNER_BIOPSY_KIDNEY_TRANSPLANT_OK_VS_DONOR_UP	568	499		
FLECHNER_BIOPSY_KIDNEY_TRANSPLANT_REJECTED_VS_OK_DN	553	487		
FLECHNER_BIOPSY_KIDNEY_TRANSPLANT_REJECTED_VS_OK_UP	88	67		
FLECHNER_PBL_KIDNEY_TRANSPLANT_OK_VS_DONOR_DN	42	33		
FLECHNER_PBL_KIDNEY_TRANSPLANT_OK_VS_DONOR_UP	154	127		
FLECHNER_PBL_KIDNEY_TRANSPLANT_REJECTED_VS_OK_DN	51	39		
FLECHNER_PBL_KIDNEY_TRANSPLANT_REJECTED_VS_OK_UP	65	59		
FLORIO_HUMAN_NEOCORTEX	46	15		
FLORIO_NEOCORTEX_BASAL_RADIAL_GLIA_DN	190	175		
FLORIO_NEOCORTEX_BASAL_RADIAL_GLIA_UP	383	274		
FLOTHO_PEDIATRIC_ALL_THERAPY_RESPONSE_DN	31	27		
FLOTHO_PEDIATRIC_ALL_THERAPY_RESPONSE_UP	52	48		
FONTAINE_FOLLICULAR_THYROID_ADENOMA_DN	70	62		
FONTAINE_FOLLICULAR_THYROID_ADENOMA_UP	78	67		
FONTAINE_PAPILLARY_THYROID_CARCINOMA_DN	80	61		
FONTAINE_PAPILLARY_THYROID_CARCINOMA_UP	66	57		
FONTAINE_THYROID_TUMOR_UNCERTAIN_MALIGNANCY_DN	26	20		
FONTAINE_THYROID_TUMOR_UNCERTAIN_MALIGNANCY_UP	38	31		
FOROUTAN_INTEGRATED_TGFB_EMT_DN	74	66		
FOROUTAN_INTEGRATED_TGFB_EMT_UP	120	112		
FOROUTAN_PRODRANK_TGFB_EMT_DN	82	74		
FOROUTAN_PRODRANK_TGFB_EMT_UP	185	171		
FOROUTAN_TGFB_EMT_DN	108	95		
FOROUTAN_TGFB_EMT_UP	192	177		
FORTSCHEGGER_PHF8_TARGETS_DN	782		Rejected!	
FORTSCHEGGER_PHF8_TARGETS_UP	278	236		
FOSTER_KDM1A_TARGETS_DN	202	181		
FOSTER_KDM1A_TARGETS_UP	265	186		
FOSTER_TOLERANT_MACROPHAGE_DN	412	363		
FOSTER_TOLERANT_MACROPHAGE_UP	167	141		
FOURNIER_ACINAR_DEVELOPMENT_EARLY_DN	6		Rejected!	
FOURNIER_ACINAR_DEVELOPMENT_EARLY_UP	20	18		
FOURNIER_ACINAR_DEVELOPMENT_LATE_2	281	265		
FOURNIER_ACINAR_DEVELOPMENT_LATE_DN	22	19		
FOURNIER_ACINAR_DEVELOPMENT_LATE_UP	11		Rejected!	
FRASOR_RESPONSE_TO_ESTRADIOL_DN	78	65		
FRASOR_RESPONSE_TO_ESTRADIOL_UP	35	29		
FRASOR_RESPONSE_TO_SERM_OR_FULVESTRANT_DN	49	45		
FRASOR_RESPONSE_TO_SERM_OR_FULVESTRANT_UP	23	18		
FRASOR_TAMOXIFEN_RESPONSE_DN	12		Rejected!	
FRASOR_TAMOXIFEN_RESPONSE_UP	51	46		
FREDERICK_PRKCI_TARGETS	10		Rejected!	
FRIDMAN_IMMORTALIZATION_DN	33	26		
FRIDMAN_SENESCENCE_DN	13		Rejected!	
FRIDMAN_SENESCENCE_UP	77	66		
FUJII_YBX1_TARGETS_DN	194	183		
FUJII_YBX1_TARGETS_UP	43	38		
FUJIWARA_PARK2_HEPATOCYTE_PROLIFERATION_DN	9		Rejected!	
FUJIWARA_PARK2_HEPATOCYTE_PROLIFERATION_UP	10		Rejected!	
FUJIWARA_PARK2_IN_LIVER_CANCER_DN	5		Rejected!	
FUJIWARA_PARK2_IN_LIVER_CANCER_UP	8		Rejected!	
FUKUSHIMA_TNFSF11_TARGETS	16	15		
FULCHER_INFLAMMATORY_RESPONSE_LECTIN_VS_LPS_DN	458	383		
FULCHER_INFLAMMATORY_RESPONSE_LECTIN_VS_LPS_UP	585		Rejected!	
FUNG_IL2_SIGNALING_1	10		Rejected!	
FUNG_IL2_SIGNALING_2	12		Rejected!	
FUNG_IL2_TARGETS_WITH_STAT5_BINDING_SITES	7		Rejected!	
FUNG_IL2_TARGETS_WITH_STAT5_BINDING_SITES_T1	9		Rejected!	
FURUKAWA_DUSP6_TARGETS_PCI35_DN	72	70		
FURUKAWA_DUSP6_TARGETS_PCI35_UP	73	61		
FU_INTERACT_WITH_ALKBH8	13		Rejected!	
GABRIELY_MIR21_TARGETS	289	263		
GAJATE_RESPONSE_TO_TRABECTEDIN_DN	20	19		
GAJATE_RESPONSE_TO_TRABECTEDIN_UP	66	56		
GALE_APL_WITH_FLT3_MUTATED_DN	16		Rejected!	
GALE_APL_WITH_FLT3_MUTATED_UP	58	53		
GALIE_TUMOR_ANGIOGENESIS	8		Rejected!	
GALIE_TUMOR_STEMNESS_GENES	6		Rejected!	
GALINDO_IMMUNE_RESPONSE_TO_ENTEROTOXIN	78	62		
GALI_TP53_TARGETS_APOPTOTIC_DN	6		Rejected!	
GALI_TP53_TARGETS_APOPTOTIC_UP	8		Rejected!	
GALLUZZI_PERMEABILIZE_MITOCHONDRIA	41	36		
GALLUZZI_PREVENT_MITOCHONDIAL_PERMEABILIZATION	14		Rejected!	
GAL_LEUKEMIC_STEM_CELL_DN	236	181		
GAL_LEUKEMIC_STEM_CELL_UP	130	104		
GARCIA_TARGETS_OF_FLI1_AND_DAX1_DN	168	154		
GARCIA_TARGETS_OF_FLI1_AND_DAX1_UP	50	47		
GARGALOVIC_RESPONSE_TO_OXIDIZED_PHOSPHOLIPIDS_BLACK_DN	11		Rejected!	
GARGALOVIC_RESPONSE_TO_OXIDIZED_PHOSPHOLIPIDS_BLACK_UP	35	31		
GARGALOVIC_RESPONSE_TO_OXIDIZED_PHOSPHOLIPIDS_BLUE_DN	63	56		
GARGALOVIC_RESPONSE_TO_OXIDIZED_PHOSPHOLIPIDS_BLUE_UP	139	123		
GARGALOVIC_RESPONSE_TO_OXIDIZED_PHOSPHOLIPIDS_BROWN_UP	16		Rejected!	
GARGALOVIC_RESPONSE_TO_OXIDIZED_PHOSPHOLIPIDS_CYAN_UP	17		Rejected!	
GARGALOVIC_RESPONSE_TO_OXIDIZED_PHOSPHOLIPIDS_GREEN_DN	24	19		
GARGALOVIC_RESPONSE_TO_OXIDIZED_PHOSPHOLIPIDS_GREEN_UP	27	24		
GARGALOVIC_RESPONSE_TO_OXIDIZED_PHOSPHOLIPIDS_GREY_DN	80	73		
GARGALOVIC_RESPONSE_TO_OXIDIZED_PHOSPHOLIPIDS_GREY_UP	18	17		
GARGALOVIC_RESPONSE_TO_OXIDIZED_PHOSPHOLIPIDS_LIGHTGREEN_DN	8		Rejected!	
GARGALOVIC_RESPONSE_TO_OXIDIZED_PHOSPHOLIPIDS_LIGHTYELLOW_UP	11		Rejected!	
GARGALOVIC_RESPONSE_TO_OXIDIZED_PHOSPHOLIPIDS_MAGENTA_DN	12		Rejected!	
GARGALOVIC_RESPONSE_TO_OXIDIZED_PHOSPHOLIPIDS_MAGENTA_UP	28	24		
GARGALOVIC_RESPONSE_TO_OXIDIZED_PHOSPHOLIPIDS_PINK_DN	34	29		
GARGALOVIC_RESPONSE_TO_OXIDIZED_PHOSPHOLIPIDS_PURPLE_DN	13		Rejected!	
GARGALOVIC_RESPONSE_TO_OXIDIZED_PHOSPHOLIPIDS_RED_DN	26	24		
GARGALOVIC_RESPONSE_TO_OXIDIZED_PHOSPHOLIPIDS_RED_UP	16		Rejected!	
GARGALOVIC_RESPONSE_TO_OXIDIZED_PHOSPHOLIPIDS_SALMON_DN	15		Rejected!	
GARGALOVIC_RESPONSE_TO_OXIDIZED_PHOSPHOLIPIDS_TAN_DN	12		Rejected!	
GARGALOVIC_RESPONSE_TO_OXIDIZED_PHOSPHOLIPIDS_TURQUOISE_DN	56	50		
GARGALOVIC_RESPONSE_TO_OXIDIZED_PHOSPHOLIPIDS_TURQUOISE_UP	83	69		
GARGALOVIC_RESPONSE_TO_OXIDIZED_PHOSPHOLIPIDS_YELLOW_DN	23	20		
GARGALOVIC_RESPONSE_TO_OXIDIZED_PHOSPHOLIPIDS_YELLOW_UP	33	29		
GARY_CD5_TARGETS_DN	440	399		
GARY_CD5_TARGETS_UP	471	397		
GAURNIER_PSMD4_TARGETS	73	52		
GAUSSMANN_MLL_AF4_FUSION_TARGETS_A_DN	92	80		
GAUSSMANN_MLL_AF4_FUSION_TARGETS_A_UP	197	178		
GAUSSMANN_MLL_AF4_FUSION_TARGETS_B_DN	8		Rejected!	
GAUSSMANN_MLL_AF4_FUSION_TARGETS_B_UP	27	23		
GAUSSMANN_MLL_AF4_FUSION_TARGETS_C_DN	21	19		
GAUSSMANN_MLL_AF4_FUSION_TARGETS_C_UP	174	155		
GAUSSMANN_MLL_AF4_FUSION_TARGETS_D_DN	9		Rejected!	
GAUSSMANN_MLL_AF4_FUSION_TARGETS_D_UP	38	34		
GAUSSMANN_MLL_AF4_FUSION_TARGETS_E_DN	22	20		
GAUSSMANN_MLL_AF4_FUSION_TARGETS_E_UP	98	88		
GAUSSMANN_MLL_AF4_FUSION_TARGETS_F_DN	36	28		
GAUSSMANN_MLL_AF4_FUSION_TARGETS_F_UP	184	161		
GAUSSMANN_MLL_AF4_FUSION_TARGETS_G_DN	34	32		
GAUSSMANN_MLL_AF4_FUSION_TARGETS_G_UP	247	206		
GAUTSCHI_SRC_SIGNALING	8		Rejected!	
GAVIN_FOXP3_TARGETS_CLUSTER_P2	80	69		
GAVIN_FOXP3_TARGETS_CLUSTER_P3	162	133		
GAVIN_FOXP3_TARGETS_CLUSTER_P4	101	86		
GAVIN_FOXP3_TARGETS_CLUSTER_P6	93	81		
GAVIN_FOXP3_TARGETS_CLUSTER_P7	91	82		
GAVIN_FOXP3_TARGETS_CLUSTER_T4	97	85		
GAVIN_FOXP3_TARGETS_CLUSTER_T7	100	85		
GAVIN_IL2_RESPONSIVE_FOXP3_TARGETS_DN	5		Rejected!	
GAVIN_IL2_RESPONSIVE_FOXP3_TARGETS_UP	19	17		
GAVIN_PDE3B_TARGETS	22	18		
GAZDA_DIAMOND_BLACKFAN_ANEMIA_ERYTHROID_DN	470	384		
GAZDA_DIAMOND_BLACKFAN_ANEMIA_ERYTHROID_UP	26	24		
GAZDA_DIAMOND_BLACKFAN_ANEMIA_MYELOID_DN	41	33		
GAZDA_DIAMOND_BLACKFAN_ANEMIA_MYELOID_UP	30	29		
GAZDA_DIAMOND_BLACKFAN_ANEMIA_PROGENITOR_DN	66	56		
GAZDA_DIAMOND_BLACKFAN_ANEMIA_PROGENITOR_UP	39	33		
GAZIN_EPIGENETIC_SILENCING_BY_KRAS	25	22		
GEISS_RESPONSE_TO_DSRNA_DN	16		Rejected!	
GEISS_RESPONSE_TO_DSRNA_UP	39	32		
GENTILE_RESPONSE_CLUSTER_D3	53	51		
GENTILE_UV_HIGH_DOSE_DN	289	264		
GENTILE_UV_HIGH_DOSE_UP	23	20		
GENTILE_UV_LOW_DOSE_DN	64	56		
GENTILE_UV_LOW_DOSE_UP	25	20		
GENTILE_UV_RESPONSE_CLUSTER_D1	17	15		
GENTILE_UV_RESPONSE_CLUSTER_D2	38	33		
GENTILE_UV_RESPONSE_CLUSTER_D4	54	50		
GENTILE_UV_RESPONSE_CLUSTER_D5	35	32		
GENTILE_UV_RESPONSE_CLUSTER_D6	35	29		
GENTILE_UV_RESPONSE_CLUSTER_D7	37	37		
GENTILE_UV_RESPONSE_CLUSTER_D8	37	33		
GENTILE_UV_RESPONSE_CLUSTER_D9	26	22		
GENTLES_LEUKEMIC_STEM_CELL_DN	19		Rejected!	
GENTLES_LEUKEMIC_STEM_CELL_UP	29	26		
GEORGES_CELL_CYCLE_MIR192_TARGETS	62	57		
GEORGES_TARGETS_OF_MIR192_AND_MIR215	892		Rejected!	
GERHOLD_ADIPOGENESIS_DN	63	58		
GERHOLD_ADIPOGENESIS_UP	48	43		
GERHOLD_RESPONSE_TO_TZD_DN	13		Rejected!	
GERHOLD_RESPONSE_TO_TZD_UP	6		Rejected!	
GERY_CEBP_TARGETS	131	101		
GESERICK_TERT_TARGETS_DN	21	16		
GHANDHI_BYSTANDER_IRRADIATION_DN	12		Rejected!	
GHANDHI_BYSTANDER_IRRADIATION_UP	84	74		
GHANDHI_DIRECT_IRRADIATION_DN	35	31		
GHANDHI_DIRECT_IRRADIATION_UP	105	94		
GHO_ATF5_TARGETS_DN	16	15		
GHO_ATF5_TARGETS_UP	13		Rejected!	
GILDEA_METASTASIS	29	26		
GILMORE_CORE_NFKB_PATHWAY	13		Rejected!	
GINESTIER_BREAST_CANCER_20Q13_AMPLIFICATION_DN	184	158		
GINESTIER_BREAST_CANCER_20Q13_AMPLIFICATION_UP	110	94		
GINESTIER_BREAST_CANCER_ZNF217_AMPLIFIED_DN	336	290		
GINESTIER_BREAST_CANCER_ZNF217_AMPLIFIED_UP	69	63		
GLASS_IGF2BP1_CLIP_TARGETS_KNOCKDOWN_DN	117	106		
GLINSKY_CANCER_DEATH_UP	7		Rejected!	
GNATENKO_PLATELET_SIGNATURE	44	36		
GOBERT_CORE_OLIGODENDROCYTE_DIFFERENTIATION	43	37		
GOBERT_OLIGODENDROCYTE_DIFFERENTIATION_DN	1090		Rejected!	
GOBERT_OLIGODENDROCYTE_DIFFERENTIATION_UP	575		Rejected!	
GOERING_BLOOD_HDL_CHOLESTEROL_QTL_CIS	13		Rejected!	
GOERING_BLOOD_HDL_CHOLESTEROL_QTL_TRANS	14		Rejected!	
GOLDRATH_ANTIGEN_RESPONSE	369	296		
GOLDRATH_HOMEOSTATIC_PROLIFERATION	150	130		
GOLDRATH_IMMUNE_MEMORY	64	59		
GOLUB_ALL_VS_AML_DN	23	20		
GOLUB_ALL_VS_AML_UP	24	21		
GOTTWEIN_TARGETS_OF_KSHV_MIR_K12_11	63	56		
GOTZMANN_EPITHELIAL_TO_MESENCHYMAL_TRANSITION_DN	206	166		
GOTZMANN_EPITHELIAL_TO_MESENCHYMAL_TRANSITION_UP	69	58		
GOUYER_TATI_TARGETS_DN	17	16		
GOUYER_TATI_TARGETS_UP	10		Rejected!	
GOUYER_TUMOR_INVASIVENESS	9		Rejected!	
GOZGIT_ESR1_TARGETS_DN	792		Rejected!	
GOZGIT_ESR1_TARGETS_UP	150	117		
GRABARCZYK_BCL11B_TARGETS_DN	61	55		
GRABARCZYK_BCL11B_TARGETS_UP	81	65		
GRADE_COLON_AND_RECTAL_CANCER_DN	102	86		
GRADE_COLON_AND_RECTAL_CANCER_UP	290	268		
GRADE_COLON_VS_RECTAL_CANCER_DN	56	46		
GRADE_COLON_VS_RECTAL_CANCER_UP	38	32		
GRAESSMANN_APOPTOSIS_BY_DOXORUBICIN_DN	1775		Rejected!	
GRAESSMANN_APOPTOSIS_BY_DOXORUBICIN_UP	1156		Rejected!	
GRAESSMANN_APOPTOSIS_BY_SERUM_DEPRIVATION_DN	237	216		
GRAESSMANN_APOPTOSIS_BY_SERUM_DEPRIVATION_UP	568	484		
GRAESSMANN_RESPONSE_TO_MC_AND_DOXORUBICIN_DN	774		Rejected!	
GRAESSMANN_RESPONSE_TO_MC_AND_DOXORUBICIN_UP	612		Rejected!	
GRAESSMANN_RESPONSE_TO_MC_AND_SERUM_DEPRIVATION_DN	86	76		
GRAESSMANN_RESPONSE_TO_MC_AND_SERUM_DEPRIVATION_UP	220	186		
GRAHAM_CML_DIVIDING_VS_NORMAL_DIVIDING_DN	10		Rejected!	
GRAHAM_CML_DIVIDING_VS_NORMAL_DIVIDING_UP	14		Rejected!	
GRAHAM_CML_DIVIDING_VS_NORMAL_QUIESCENT_DN	94	79		
GRAHAM_CML_DIVIDING_VS_NORMAL_QUIESCENT_UP	185	153		
GRAHAM_CML_QUIESCENT_VS_CML_DIVIDING_DN	12		Rejected!	
GRAHAM_CML_QUIESCENT_VS_CML_DIVIDING_UP	24	19		
GRAHAM_CML_QUIESCENT_VS_NORMAL_DIVIDING_DN	12		Rejected!	
GRAHAM_CML_QUIESCENT_VS_NORMAL_DIVIDING_UP	60	40		
GRAHAM_CML_QUIESCENT_VS_NORMAL_QUIESCENT_DN	46	38		
GRAHAM_CML_QUIESCENT_VS_NORMAL_QUIESCENT_UP	94	73		
GRAHAM_NORMAL_QUIESCENT_VS_NORMAL_DIVIDING_DN	89	77		
GRAHAM_NORMAL_QUIESCENT_VS_NORMAL_DIVIDING_UP	65	53		
GRANDVAUX_IFN_RESPONSE_NOT_VIA_IRF3	14		Rejected!	
GRANDVAUX_IRF3_TARGETS_DN	18	16		
GRANDVAUX_IRF3_TARGETS_UP	13		Rejected!	
GRASEMANN_RETINOBLASTOMA_WITH_6P_AMPLIFICATION	14		Rejected!	
GRATIAS_RETINOBLASTOMA_16Q24	18	16		
GREENBAUM_E2A_TARGETS_DN	19	17		
GREENBAUM_E2A_TARGETS_UP	33	32		
GREGORY_SYNTHETIC_LETHAL_WITH_IMATINIB	145	120		
GRESHOCK_CANCER_COPY_NUMBER_UP	322	262		
GROSS_ELK3_TARGETS_DN	33	30		
GROSS_ELK3_TARGETS_UP	27	23		
GROSS_HIF1A_TARGETS_DN	26	23		
GROSS_HIF1A_TARGETS_UP	7		Rejected!	
GROSS_HYPOXIA_VIA_ELK3_AND_HIF1A_DN	103	94		
GROSS_HYPOXIA_VIA_ELK3_AND_HIF1A_UP	142	129		
GROSS_HYPOXIA_VIA_ELK3_DN	154	136		
GROSS_HYPOXIA_VIA_ELK3_ONLY_DN	44	38		
GROSS_HYPOXIA_VIA_ELK3_ONLY_UP	34	30		
GROSS_HYPOXIA_VIA_ELK3_UP	209	192		
GROSS_HYPOXIA_VIA_HIF1A_DN	110	95		
GROSS_HYPOXIA_VIA_HIF1A_ONLY	8		Rejected!	
GROSS_HYPOXIA_VIA_HIF1A_UP	77	71		
GRUETZMANN_PANCREATIC_CANCER_DN	200	171		
GRUETZMANN_PANCREATIC_CANCER_UP	359	325		
GRYDER_PAX3FOXO1_ENHANCERS_IN_TADS	1009		Rejected!	
GRYDER_PAX3FOXO1_ENHANCERS_KO_DOWN	438	401		
GRYDER_PAX3FOXO1_TOP_ENHANCERS	441	396		
GUENTHER_GROWTH_SPHERICAL_VS_ADHERENT_DN	26	23		
GUENTHER_GROWTH_SPHERICAL_VS_ADHERENT_UP	22	20		
GUILLAUMOND_KLF10_TARGETS_DN	30	24		
GUILLAUMOND_KLF10_TARGETS_UP	49	43		
GUO_HEX_TARGETS_DN	67	55		
GUO_HEX_TARGETS_UP	78	72		
GUO_TARGETS_OF_IRS1_AND_IRS2	96	82		
GUTIERREZ_CHRONIC_LYMPHOCYTIC_LEUKEMIA_DN	56	49		
GUTIERREZ_CHRONIC_LYMPHOCYTIC_LEUKEMIA_UP	12		Rejected!	
GUTIERREZ_MULTIPLE_MYELOMA_UP	36	32		
GUTIERREZ_WALDENSTROEMS_MACROGLOBULINEMIA_1_DN	9		Rejected!	
GUTIERREZ_WALDENSTROEMS_MACROGLOBULINEMIA_1_UP	10		Rejected!	
GUTIERREZ_WALDENSTROEMS_MACROGLOBULINEMIA_2	13		Rejected!	
GU_PDEF_TARGETS_DN	40	33		
GU_PDEF_TARGETS_UP	71	64		
GYORFFY_DOXORUBICIN_RESISTANCE	39	35		
GYORFFY_MITOXANTRONE_RESISTANCE	34	28		
HADDAD_B_LYMPHOCYTE_PROGENITOR	290	238		
HADDAD_T_LYMPHOCYTE_AND_NK_PROGENITOR_DN	64	46		
HADDAD_T_LYMPHOCYTE_AND_NK_PROGENITOR_UP	81	70		
HAEGERSTRAND_RESPONSE_TO_IMATINIB	9		Rejected!	
HAHTOLA_CTCL_CUTANEOUS	26	20		
HAHTOLA_CTCL_PATHOGENESIS	15		Rejected!	
HAHTOLA_MYCOSIS_FUNGOIDES_CD4_DN	115	107		
HAHTOLA_MYCOSIS_FUNGOIDES_CD4_UP	63	45		
HAHTOLA_MYCOSIS_FUNGOIDES_DN	17		Rejected!	
HAHTOLA_MYCOSIS_FUNGOIDES_SKIN_DN	27	21		
HAHTOLA_MYCOSIS_FUNGOIDES_SKIN_UP	177	159		
HAHTOLA_MYCOSIS_FUNGOIDES_UP	19		Rejected!	
HAHTOLA_SEZARY_SYNDROM_DN	43	24		
HAHTOLA_SEZARY_SYNDROM_UP	99	78		
HALMOS_CEBPA_TARGETS_DN	45	40		
HALMOS_CEBPA_TARGETS_UP	49	44		
HAMAI_APOPTOSIS_VIA_TRAIL_DN	203	167		
HAMAI_APOPTOSIS_VIA_TRAIL_UP	656		Rejected!	
HANN_RESISTANCE_TO_BCL2_INHIBITOR_DN	48	39		
HANN_RESISTANCE_TO_BCL2_INHIBITOR_UP	36	31		
HANSON_HRAS_SIGNALING_VIA_NFKB	24	20		
HAN_JNK_SINGALING_DN	39	35		
HAN_JNK_SINGALING_UP	34	28		
HAN_SATB1_TARGETS_DN	388	359		
HAN_SATB1_TARGETS_UP	425	373		
HARRIS_BRAIN_CANCER_PROGENITORS	43	38		
HARRIS_HYPOXIA	81	73		
HASEGAWA_TUMORIGENESIS_BY_RET_C634R	8		Rejected!	
HASINA_NOL7_TARGETS_DN	13		Rejected!	
HASINA_NOL7_TARGETS_UP	13		Rejected!	
HASLINGER_B_CLL_WITH_11Q23_DELETION	23	20		
HASLINGER_B_CLL_WITH_13Q14_DELETION	24	19		
HASLINGER_B_CLL_WITH_17P13_DELETION	22	18		
HASLINGER_B_CLL_WITH_6Q21_DELETION	22	19		
HASLINGER_B_CLL_WITH_CHROMOSOME_12_TRISOMY	23	20		
HASLINGER_B_CLL_WITH_MUTATED_VH_GENES	18	15		
HATADA_METHYLATED_IN_LUNG_CANCER_DN	35	28		
HATADA_METHYLATED_IN_LUNG_CANCER_UP	377	319		
HEBERT_MATRISOME_TNBC_BONE_BRAIN_LIVER_LUNG_METASTASTASES	13		Rejected!	
HEBERT_MATRISOME_TNBC_BONE_BRAIN_LUNG_LIVER_METASTASTASES_TUMOR_CELL_DERIVED	7		Rejected!	
HEBERT_MATRISOME_TNBC_BONE_METASTASIS	11		Rejected!	
HEBERT_MATRISOME_TNBC_BONE_METASTASIS_TUMOR_CELL_DERIVED	5		Rejected!	
HEBERT_MATRISOME_TNBC_BRAIN_METASTASIS	26	22		
HEBERT_MATRISOME_TNBC_BRAIN_METASTASIS_TUMOR_CELL_DERIVED	12		Rejected!	
HEBERT_MATRISOME_TNBC_LIVER_METASTASIS	14		Rejected!	
HEBERT_MATRISOME_TNBC_LUNG_METASTASIS	23	18		
HEBERT_MATRISOME_TNBC_LUNG_METASTASIS_TUMOR_CELL_DERIVED	6		Rejected!	
HECKER_IFNB1_TARGETS	95	74		
HEDENFALK_BREAST_CANCER_BRACX_DN	20	17		
HEDENFALK_BREAST_CANCER_BRACX_UP	19	18		
HEDVAT_ELF4_TARGETS_UP	12		Rejected!	
HEIDENBLAD_AMPLICON_12P11_12_DN	25	17		
HEIDENBLAD_AMPLICON_12P11_12_UP	36	34		
HEIDENBLAD_AMPLICON_8Q24_DN	39	37		
HEIDENBLAD_AMPLICON_8Q24_UP	41	35		
HEIDENBLAD_AMPLIFIED_IN_BONE_CANCER	7		Rejected!	
HEIDENBLAD_AMPLIFIED_IN_PANCREATIC_CANCER	57	55		
HEIDENBLAD_AMPLIFIED_IN_SOFT_TISSUE_CANCER	13		Rejected!	
HELLEBREKERS_SILENCED_DURING_TUMOR_ANGIOGENESIS	77	65		
HELLER_HDAC_TARGETS_DN	293	247		
HELLER_HDAC_TARGETS_SILENCED_BY_METHYLATION_DN	281	235		
HELLER_HDAC_TARGETS_SILENCED_BY_METHYLATION_UP	462	380		
HELLER_HDAC_TARGETS_UP	317	277		
HELLER_SILENCED_BY_METHYLATION_DN	107	86		
HELLER_SILENCED_BY_METHYLATION_UP	283	223		
HENDRICKS_SMARCA4_TARGETS_DN	49	37		
HENDRICKS_SMARCA4_TARGETS_UP	54	43		
HERNANDEZ_ABERRANT_MITOSIS_BY_DOCETACEL_2NM_DN	22	22		
HERNANDEZ_ABERRANT_MITOSIS_BY_DOCETACEL_2NM_UP	71	60		
HERNANDEZ_ABERRANT_MITOSIS_BY_DOCETACEL_4NM_DN	6		Rejected!	
HERNANDEZ_ABERRANT_MITOSIS_BY_DOCETACEL_4NM_UP	23	17		
HERNANDEZ_MITOTIC_ARREST_BY_DOCETAXEL_1_DN	37	35		
HERNANDEZ_MITOTIC_ARREST_BY_DOCETAXEL_1_UP	35	25		
HERNANDEZ_MITOTIC_ARREST_BY_DOCETAXEL_2_DN	18	15		
HERNANDEZ_MITOTIC_ARREST_BY_DOCETAXEL_2_UP	61	54		
HESSON_TUMOR_SUPPRESSOR_CLUSTER_3P21_3	8		Rejected!	
HESS_TARGETS_OF_HOXA9_AND_MEIS1_DN	84	56		
HESS_TARGETS_OF_HOXA9_AND_MEIS1_UP	69	61		
HE_PTEN_TARGETS_DN	7		Rejected!	
HE_PTEN_TARGETS_UP	17		Rejected!	
HILLION_HMGA1B_TARGETS	84	69		
HILLION_HMGA1_TARGETS	82	65		
HINATA_NFKB_TARGETS_FIBROBLAST_UP	81	71		
HINATA_NFKB_TARGETS_KERATINOCYTE_DN	23	16		
HINATA_NFKB_TARGETS_KERATINOCYTE_UP	84	67		
HIRSCH_CELLULAR_TRANSFORMATION_SIGNATURE_DN	102	93		
HIRSCH_CELLULAR_TRANSFORMATION_SIGNATURE_UP	242	225		
HOEBEKE_LYMPHOID_STEM_CELL_DN	88	77		
HOEBEKE_LYMPHOID_STEM_CELL_UP	98	85		
HOEGERKORP_CD44_TARGETS_DIRECT_DN	14		Rejected!	
HOEGERKORP_CD44_TARGETS_DIRECT_UP	26	22		
HOEGERKORP_CD44_TARGETS_TEMPORAL_DN	25	23		
HOEGERKORP_CD44_TARGETS_TEMPORAL_UP	12		Rejected!	
HOELZEL_NF1_TARGETS_DN	118	100		
HOELZEL_NF1_TARGETS_UP	141	121		
HOFFMANN_IMMATURE_TO_MATURE_B_LYMPHOCYTE_DN	48	43		
HOFFMANN_IMMATURE_TO_MATURE_B_LYMPHOCYTE_UP	40	33		
HOFFMANN_LARGE_TO_SMALL_PRE_BII_LYMPHOCYTE_DN	68	54		
HOFFMANN_LARGE_TO_SMALL_PRE_BII_LYMPHOCYTE_UP	152	137		
HOFFMANN_PRE_BI_TO_LARGE_PRE_BII_LYMPHOCYTE_DN	75	59		
HOFFMANN_PRE_BI_TO_LARGE_PRE_BII_LYMPHOCYTE_UP	29	23		
HOFFMANN_SMALL_PRE_BII_TO_IMMATURE_B_LYMPHOCYTE_DN	38	31		
HOFFMANN_SMALL_PRE_BII_TO_IMMATURE_B_LYMPHOCYTE_UP	66	52		
HOFFMAN_CLOCK_TARGETS_DN	10		Rejected!	
HOFFMAN_CLOCK_TARGETS_UP	10		Rejected!	
HOFMANN_CELL_LYMPHOMA_DN	41	34		
HOFMANN_CELL_LYMPHOMA_UP	48	42		
HOFMANN_MYELODYSPLASTIC_SYNDROM_HIGH_RISK_DN	20		Rejected!	
HOFMANN_MYELODYSPLASTIC_SYNDROM_HIGH_RISK_UP	10		Rejected!	
HOFMANN_MYELODYSPLASTIC_SYNDROM_LOW_RISK_DN	29	24		
HOFMANN_MYELODYSPLASTIC_SYNDROM_LOW_RISK_UP	21		Rejected!	
HOFMANN_MYELODYSPLASTIC_SYNDROM_RISK_DN	23	16		
HOFMANN_MYELODYSPLASTIC_SYNDROM_RISK_UP	23	18		
HOLLEMAN_ASPARAGINASE_RESISTANCE_ALL_DN	26	23		
HOLLEMAN_ASPARAGINASE_RESISTANCE_ALL_UP	23	22		
HOLLEMAN_ASPARAGINASE_RESISTANCE_B_ALL_DN	16		Rejected!	
HOLLEMAN_ASPARAGINASE_RESISTANCE_B_ALL_UP	28	24		
HOLLEMAN_DAUNORUBICIN_ALL_DN	8		Rejected!	
HOLLEMAN_DAUNORUBICIN_ALL_UP	7		Rejected!	
HOLLEMAN_DAUNORUBICIN_B_ALL_DN	12		Rejected!	
HOLLEMAN_DAUNORUBICIN_B_ALL_UP	10		Rejected!	
HOLLEMAN_PREDNISOLONE_RESISTANCE_ALL_DN	11		Rejected!	
HOLLEMAN_PREDNISOLONE_RESISTANCE_ALL_UP	20	18		
HOLLEMAN_PREDNISOLONE_RESISTANCE_B_ALL_DN	12		Rejected!	
HOLLEMAN_PREDNISOLONE_RESISTANCE_B_ALL_UP	22	20		
HOLLEMAN_VINCRISTINE_RESISTANCE_ALL_DN	20	18		
HOLLEMAN_VINCRISTINE_RESISTANCE_ALL_UP	27	26		
HOLLEMAN_VINCRISTINE_RESISTANCE_B_ALL_DN	16		Rejected!	
HOLLEMAN_VINCRISTINE_RESISTANCE_B_ALL_UP	39	36		
HOLLERN_ADENOMYOEPITHELIAL_BREAST_TUMOR	17	16		
HOLLERN_EMT_BREAST_TUMOR_DN	123	108		
HOLLERN_EMT_BREAST_TUMOR_UP	139	120		
HOLLERN_MICROACINAR_BREAST_TUMOR_DN	15		Rejected!	
HOLLERN_MICROACINAR_BREAST_TUMOR_UP	46	40		
HOLLERN_PAPILLARY_BREAST_TUMOR	19	16		
HOLLERN_SOLID_NODULAR_BREAST_TUMOR_DN	30	28		
HOLLERN_SOLID_NODULAR_BREAST_TUMOR_UP	11		Rejected!	
HOLLERN_SQUAMOUS_BREAST_TUMOR	174	105		
HOLLMANN_APOPTOSIS_VIA_CD40_DN	266	229		
HOLLMANN_APOPTOSIS_VIA_CD40_UP	203	177		
HONMA_DOCETAXEL_RESISTANCE	35	32		
HONRADO_BREAST_CANCER_BRCA1_VS_BRCA2	17	16		
HOOI_ST7_TARGETS_DN	118	107		
HOOI_ST7_TARGETS_UP	96	84		
HOQUE_METHYLATED_IN_CANCER	56	44		
HORIUCHI_WTAP_TARGETS_DN	319	297		
HORIUCHI_WTAP_TARGETS_UP	307	259		
HORTON_SREBF_TARGETS	24	20		
HOSHIDA_LIVER_CANCER_LATE_RECURRENCE_DN	70	60		
HOSHIDA_LIVER_CANCER_LATE_RECURRENCE_UP	62	50		
HOSHIDA_LIVER_CANCER_SUBCLASS_S1	235	201		
HOSHIDA_LIVER_CANCER_SUBCLASS_S2	115	103		
HOSHIDA_LIVER_CANCER_SUBCLASS_S3	266	225		
HOSHIDA_LIVER_CANCER_SURVIVAL_DN	113	101		
HOSHIDA_LIVER_CANCER_SURVIVAL_UP	73	58		
HOUNKPE_HOUSEKEEPING_GENES	1129		Rejected!	
HOUSTIS_ROS	36	33		
HOWLIN_CITED1_TARGETS_1_DN	39	36		
HOWLIN_CITED1_TARGETS_1_UP	36	32		
HOWLIN_CITED1_TARGETS_2_DN	16		Rejected!	
HOWLIN_CITED1_TARGETS_2_UP	20		Rejected!	
HOWLIN_PUBERTAL_MAMMARY_GLAND	67	49		
HO_LIVER_CANCER_VASCULAR_INVASION	13		Rejected!	
HSIAO_HOUSEKEEPING_GENES	397	353		
HSIAO_LIVER_SPECIFIC_GENES	249	182		
HUANG_AML_LSC47	47	42		
HUANG_DASATINIB_RESISTANCE_DN	70	63		
HUANG_DASATINIB_SENSITIVITY_UP	80	71		
HUANG_FOXA2_TARGETS_DN	38	34		
HUANG_FOXA2_TARGETS_UP	47	41		
HUANG_GATA2_TARGETS_DN	73	64		
HUANG_GATA2_TARGETS_UP	152	126		
HUI_MAPK14_TARGETS_UP	20	15		
HUMMEL_BURKITTS_LYMPHOMA_DN	15		Rejected!	
HUMMEL_BURKITTS_LYMPHOMA_UP	43	31		
HUMMERICH_BENIGN_SKIN_TUMOR_DN	20		Rejected!	
HUMMERICH_BENIGN_SKIN_TUMOR_UP	16		Rejected!	
HUMMERICH_MALIGNANT_SKIN_TUMOR_DN	20		Rejected!	
HUMMERICH_MALIGNANT_SKIN_TUMOR_UP	18		Rejected!	
HUMMERICH_SKIN_CANCER_PROGRESSION_DN	103	88		
HUMMERICH_SKIN_CANCER_PROGRESSION_UP	87	77		
HUNSBERGER_EXERCISE_REGULATED_GENES	31	28		
HUPER_BREAST_BASAL_VS_LUMINAL_DN	58	53		
HUPER_BREAST_BASAL_VS_LUMINAL_UP	53	43		
HUTTMANN_B_CLL_POOR_SURVIVAL_DN	59	49		
HUTTMANN_B_CLL_POOR_SURVIVAL_UP	284	228		
HU_ANGIOGENESIS_DN	37	33		
HU_ANGIOGENESIS_UP	21	18		
HU_GENOTOXIC_DAMAGE_24HR	37	28		
HU_GENOTOXIC_DAMAGE_4HR	37	34		
HU_GENOTOXIN_ACTION_DIRECT_VS_INDIRECT_24HR	52	42		
HU_GENOTOXIN_ACTION_DIRECT_VS_INDIRECT_4HR	38	35		
HWANG_PROSTATE_CANCER_MARKERS	28	25		
IBRAHIM_NRF1_DOWN	167	125		
IBRAHIM_NRF1_UP	420	389		
IBRAHIM_NRF2_DOWN	168	138		
IBRAHIM_NRF2_UP	533	492		
IBRAHIM_NRF3_DOWN	15		Rejected!	
IBRAHIM_NRF3_UP	7		Rejected!	
ICHIBA_GRAFT_VERSUS_HOST_DISEASE_35D_DN	57	41		
ICHIBA_GRAFT_VERSUS_HOST_DISEASE_35D_UP	141	102		
ICHIBA_GRAFT_VERSUS_HOST_DISEASE_D7_DN	46	32		
ICHIBA_GRAFT_VERSUS_HOST_DISEASE_D7_UP	114	92		
IGARASHI_ATF4_TARGETS_DN	98	88		
IGLESIAS_E2F_TARGETS_DN	14		Rejected!	
IGLESIAS_E2F_TARGETS_UP	143	117		
IIZUKA_LIVER_CANCER_EARLY_RECURRENCE	11		Rejected!	
IIZUKA_LIVER_CANCER_PROGRESSION_G1_G2_DN	25	24		
IIZUKA_LIVER_CANCER_PROGRESSION_G1_G2_UP	12		Rejected!	
IIZUKA_LIVER_CANCER_PROGRESSION_G2_G3_DN	9		Rejected!	
IIZUKA_LIVER_CANCER_PROGRESSION_G2_G3_UP	27	23		
IIZUKA_LIVER_CANCER_PROGRESSION_L0_L1_DN	17	15		
IIZUKA_LIVER_CANCER_PROGRESSION_L0_L1_UP	15		Rejected!	
IIZUKA_LIVER_CANCER_PROGRESSION_L1_G1_DN	10		Rejected!	
IIZUKA_LIVER_CANCER_PROGRESSION_L1_G1_UP	20	18		
IKEDA_MIR133_TARGETS_DN	6		Rejected!	
IKEDA_MIR133_TARGETS_UP	44	40		
IKEDA_MIR1_TARGETS_DN	7		Rejected!	
IKEDA_MIR1_TARGETS_UP	54	48		
IKEDA_MIR30_TARGETS_DN	25	20		
IKEDA_MIR30_TARGETS_UP	116	105		
IM_SREBF1A_TARGETS	5		Rejected!	
INAMURA_LUNG_CANCER_SCC_DN	13		Rejected!	
INAMURA_LUNG_CANCER_SCC_SUBTYPES_UP	14		Rejected!	
INAMURA_LUNG_CANCER_SCC_UP	13		Rejected!	
INGA_TP53_TARGETS	16		Rejected!	
INGRAM_SHH_TARGETS_DN	63	55		
INGRAM_SHH_TARGETS_UP	126	107		
IRITANI_MAD1_TARGETS_DN	46	41		
IRITANI_MAD1_TARGETS_UP	14		Rejected!	
ISHIDA_E2F_TARGETS	53	48		
ISHIDA_TARGETS_OF_SYT_SSX_FUSIONS	6		Rejected!	
ISHIKAWA_STING_SIGNALING	9		Rejected!	
ISSAEVA_MLL2_TARGETS	61	53		
ITO_PTTG1_TARGETS_DN	9		Rejected!	
ITO_PTTG1_TARGETS_UP	12		Rejected!	
IVANOVA_HEMATOPOIESIS_EARLY_PROGENITOR	446	396		
IVANOVA_HEMATOPOIESIS_INTERMEDIATE_PROGENITOR	135	123		
IVANOVA_HEMATOPOIESIS_LATE_PROGENITOR	510	450		
IVANOVA_HEMATOPOIESIS_MATURE_CELL	294	241		
IVANOVA_HEMATOPOIESIS_STEM_CELL	192	164		
IVANOVA_HEMATOPOIESIS_STEM_CELL_AND_PROGENITOR	559		Rejected!	
IVANOVA_HEMATOPOIESIS_STEM_CELL_LONG_TERM	219	184		
IVANOVA_HEMATOPOIESIS_STEM_CELL_SHORT_TERM	22	18		
IVANOVSKA_MIR106B_TARGETS	89	85		
IVANOV_MUTATED_IN_COLON_CANCER	13		Rejected!	
IWANAGA_CARCINOGENESIS_BY_KRAS_DN	123	99		
IWANAGA_CARCINOGENESIS_BY_KRAS_PTEN_DN	356	289		
IWANAGA_CARCINOGENESIS_BY_KRAS_PTEN_UP	190	160		
IWANAGA_CARCINOGENESIS_BY_KRAS_UP	172	151		
IWANAGA_E2F1_TARGETS_INDUCED_BY_SERUM	24	23		
IWANAGA_E2F1_TARGETS_NOT_INDUCED_BY_SERUM	6		Rejected!	
IYENGAR_RESPONSE_TO_ADIPOCYTE_FACTORS	10		Rejected!	
IZADPANAH_STEM_CELL_ADIPOSE_VS_BONE_DN	107	95		
IZADPANAH_STEM_CELL_ADIPOSE_VS_BONE_UP	128	114		
JAATINEN_HEMATOPOIETIC_STEM_CELL_DN	235	161		
JAATINEN_HEMATOPOIETIC_STEM_CELL_UP	324	283		
JACKSON_DNMT1_TARGETS_DN	22	20		
JACKSON_DNMT1_TARGETS_UP	81	68		
JAEGER_METASTASIS_DN	259	207		
JAEGER_METASTASIS_UP	46	37		
JAERVINEN_AMPLIFIED_IN_LARYNGEAL_CANCER	40	37		
JAIN_NFKB_SIGNALING	75	70		
JAZAERI_BREAST_CANCER_BRCA1_VS_BRCA2_DN	42	37		
JAZAERI_BREAST_CANCER_BRCA1_VS_BRCA2_UP	49	41		
JAZAG_TGFB1_SIGNALING_DN	35	29		
JAZAG_TGFB1_SIGNALING_UP	106	93		
JAZAG_TGFB1_SIGNALING_VIA_SMAD4_DN	65	53		
JAZAG_TGFB1_SIGNALING_VIA_SMAD4_UP	107	95		
JECHLINGER_EPITHELIAL_TO_MESENCHYMAL_TRANSITION_DN	62	52		
JECHLINGER_EPITHELIAL_TO_MESENCHYMAL_TRANSITION_UP	67	59		
JEON_SMAD6_TARGETS_DN	19	18		
JEON_SMAD6_TARGETS_UP	24	18		
JEPSEN_SMRT_TARGETS	33	32		
JIANG_AGING_CEREBRAL_CORTEX_DN	49	46		
JIANG_AGING_CEREBRAL_CORTEX_UP	33	29		
JIANG_AGING_HYPOTHALAMUS_DN	35	31		
JIANG_AGING_HYPOTHALAMUS_UP	49	45		
JIANG_CORE_DUPLICON_GENES	13		Rejected!	
JIANG_HYPOXIA_CANCER	58	57		
JIANG_HYPOXIA_NORMAL	200	179		
JIANG_HYPOXIA_VIA_VHL	19	17		
JIANG_MELANOMA_TRM10_LAMINA_PROPRIA	91	60		
JIANG_MELANOMA_TRM11_CD8	49	29		
JIANG_MELANOMA_TRM1_CD8	177	134		
JIANG_MELANOMA_TRM2_CD8	146	102		
JIANG_MELANOMA_TRM3_CD8	424	363		
JIANG_MELANOMA_TRM4	203	163		
JIANG_MELANOMA_TRM5_CD8	189	151		
JIANG_MELANOMA_TRM6_CD8	139	128		
JIANG_MELANOMA_TRM7_CD8	90	74		
JIANG_MELANOMA_TRM8_CD4	426	343		
JIANG_MELANOMA_TRM9_CD8	526	419		
JIANG_MELANOMA_TRM_HIGH_SURVIVAL_22_GENE_SIGNATURE	22	17		
JIANG_TIP30_TARGETS_DN	24	21		
JIANG_TIP30_TARGETS_UP	46	43		
JIANG_VHL_TARGETS	88	81		
JINESH_BLEBBISHIELD_TO_IMMUNE_CELL_FUSION_PBSHMS_DN	387	329		
JINESH_BLEBBISHIELD_TO_IMMUNE_CELL_FUSION_PBSHMS_UP	383	320		
JINESH_BLEBBISHIELD_TRANSFORMED_STEM_CELL_SPHERES_DN	300	224		
JINESH_BLEBBISHIELD_TRANSFORMED_STEM_CELL_SPHERES_UP	170	140		
JINESH_BLEBBISHIELD_VS_LIVE_CONTROL_DN	289	246		
JINESH_BLEBBISHIELD_VS_LIVE_CONTROL_UP	379	292		
JISON_SICKLE_CELL_DISEASE_DN	186	154		
JISON_SICKLE_CELL_DISEASE_UP	183	155		
JI_CARCINOGENESIS_BY_KRAS_AND_STK11_DN	17	16		
JI_CARCINOGENESIS_BY_KRAS_AND_STK11_UP	12		Rejected!	
JI_METASTASIS_REPRESSED_BY_STK11	26	20		
JI_RESPONSE_TO_FSH_DN	53	47		
JI_RESPONSE_TO_FSH_UP	68	57		
JOHANSSON_BRAIN_CANCER_EARLY_VS_LATE_DN	43	42		
JOHANSSON_BRAIN_CANCER_EARLY_VS_LATE_UP	7		Rejected!	
JOHANSSON_GLIOMAGENESIS_BY_PDGFB_DN	22	21		
JOHANSSON_GLIOMAGENESIS_BY_PDGFB_UP	57	47		
JOHNSTONE_PARVB_TARGETS_1_DN	64	56		
JOHNSTONE_PARVB_TARGETS_1_UP	6		Rejected!	
JOHNSTONE_PARVB_TARGETS_2_DN	344	305		
JOHNSTONE_PARVB_TARGETS_2_UP	143	126		
JOHNSTONE_PARVB_TARGETS_3_DN	876		Rejected!	
JOHNSTONE_PARVB_TARGETS_3_UP	433	381		
JONES_TCOF1_TARGETS	5		Rejected!	
JOSEPH_RESPONSE_TO_SODIUM_BUTYRATE_DN	60	47		
JOSEPH_RESPONSE_TO_SODIUM_BUTYRATE_UP	31	28		
JU_AGING_TERC_TARGETS_UP	7		Rejected!	
KAAB_FAILED_HEART_ATRIUM_DN	147	133		
KAAB_FAILED_HEART_ATRIUM_UP	37	25		
KAAB_FAILED_HEART_VENTRICLE_DN	44	36		
KAAB_HEART_ATRIUM_VS_VENTRICLE_DN	261	234		
KAAB_HEART_ATRIUM_VS_VENTRICLE_UP	256	229		
KALMA_E2F1_TARGETS	11		Rejected!	
KAMIKUBO_MYELOID_CEBPA_NETWORK	30	22		
KAMIKUBO_MYELOID_MN1_NETWORK	19	17		
KAMMINGA_EZH2_TARGETS	41	38		
KAMMINGA_SENESCENCE	40	33		
KANAI_YAP_TAZ_UP	79	70		
KANG_AR_TARGETS_DN	18	17		
KANG_AR_TARGETS_UP	17	15		
KANG_CISPLATIN_RESISTANCE_DN	8		Rejected!	
KANG_CISPLATIN_RESISTANCE_UP	21	17		
KANG_DOXORUBICIN_RESISTANCE_DN	19	18		
KANG_DOXORUBICIN_RESISTANCE_UP	54	51		
KANG_FLUOROURACIL_RESISTANCE_DN	16		Rejected!	
KANG_FLUOROURACIL_RESISTANCE_UP	22	20		
KANG_GLIS3_TARGETS	36	29		
KANG_IMMORTALIZED_BY_TERT_DN	101	80		
KANG_IMMORTALIZED_BY_TERT_UP	88	81		
KANNAN_TP53_TARGETS_DN	22	20		
KANNAN_TP53_TARGETS_UP	59	50		
KAN_RESPONSE_TO_ARSENIC_TRIOXIDE	123	110		
KAPOSI_LIVER_CANCER_MET_DN	6		Rejected!	
KAPOSI_LIVER_CANCER_MET_UP	18	18		
KARAKAS_TGFB1_SIGNALING	18	16		
KARLSSON_TGFB1_TARGETS_DN	195	173		
KARLSSON_TGFB1_TARGETS_UP	123	112		
KASLER_HDAC7_TARGETS_1_DN	17	17		
KASLER_HDAC7_TARGETS_1_UP	192	167		
KASLER_HDAC7_TARGETS_2_DN	33	30		
KASLER_HDAC7_TARGETS_2_UP	6		Rejected!	
KATSANOU_ELAVL1_TARGETS_DN	146	129		
KATSANOU_ELAVL1_TARGETS_UP	175	147		
KAUFFMANN_DNA_REPAIR_GENES	230	202		
KAUFFMANN_DNA_REPLICATION_GENES	146	123		
KAUFFMANN_MELANOMA_RELAPSE_DN	6		Rejected!	
KAUFFMANN_MELANOMA_RELAPSE_UP	61	52		
KAYO_AGING_MUSCLE_DN	124	105		
KAYO_AGING_MUSCLE_UP	242	178		
KAYO_CALORIE_RESTRICTION_MUSCLE_DN	87	73		
KAYO_CALORIE_RESTRICTION_MUSCLE_UP	94	76		
KENNY_CTNNB1_TARGETS_DN	52	49		
KENNY_CTNNB1_TARGETS_UP	50	45		
KERLEY_RESPONSE_TO_CISPLATIN_DN	5		Rejected!	
KERLEY_RESPONSE_TO_CISPLATIN_UP	45	36		
KESHELAVA_MULTIPLE_DRUG_RESISTANCE	83	64		
KHETCHOUMIAN_TRIM24_TARGETS_DN	8		Rejected!	
KHETCHOUMIAN_TRIM24_TARGETS_UP	47	38		
KIM_ALL_DISORDERS_CALB1_CORR_DN	36	26		
KIM_ALL_DISORDERS_CALB1_CORR_UP	547	498		
KIM_ALL_DISORDERS_DURATION_CORR_DN	145	137		
KIM_ALL_DISORDERS_DURATION_CORR_UP	9		Rejected!	
KIM_ALL_DISORDERS_OLIGODENDROCYTE_NUMBER_CORR_DN	33	23		
KIM_ALL_DISORDERS_OLIGODENDROCYTE_NUMBER_CORR_UP	755		Rejected!	
KIM_BIPOLAR_DISORDER_OLIGODENDROCYTE_DENSITY_CORR_DN	87	56		
KIM_BIPOLAR_DISORDER_OLIGODENDROCYTE_DENSITY_CORR_UP	680		Rejected!	
KIM_GASTRIC_CANCER_CHEMOSENSITIVITY	94	81		
KIM_GERMINAL_CENTER_T_HELPER_DN	12		Rejected!	
KIM_GERMINAL_CENTER_T_HELPER_UP	64	56		
KIM_GLIS2_TARGETS_DN	6		Rejected!	
KIM_GLIS2_TARGETS_UP	86	69		
KIM_HYPOXIA	17	16		
KIM_LIVER_CANCER_POOR_SURVIVAL_DN	43	31		
KIM_LIVER_CANCER_POOR_SURVIVAL_UP	22	22		
KIM_LRRC3B_TARGETS	30	26		
KIM_MYCL1_AMPLIFICATION_TARGETS_DN	20	16		
KIM_MYCL1_AMPLIFICATION_TARGETS_UP	14		Rejected!	
KIM_MYCN_AMPLIFICATION_TARGETS_DN	107	96		
KIM_MYCN_AMPLIFICATION_TARGETS_UP	93	82		
KIM_MYC_AMPLIFICATION_TARGETS_DN	98	88		
KIM_MYC_AMPLIFICATION_TARGETS_UP	202	189		
KIM_PTEN_TARGETS_DN	5		Rejected!	
KIM_PTEN_TARGETS_UP	18	16		
KIM_RESPONSE_TO_TSA_AND_DECITABINE_DN	10		Rejected!	
KIM_RESPONSE_TO_TSA_AND_DECITABINE_UP	136	103		
KIM_TIAL1_TARGETS	31	28		
KIM_WT1_TARGETS_12HR_DN	216	185		
KIM_WT1_TARGETS_12HR_UP	166	154		
KIM_WT1_TARGETS_8HR_DN	126	94		
KIM_WT1_TARGETS_8HR_UP	167	154		
KIM_WT1_TARGETS_DN	472	429		
KIM_WT1_TARGETS_UP	217	192		
KINNEY_DNMT1_METHYLATION_TARGETS	15		Rejected!	
KINSEY_TARGETS_OF_EWSR1_FLII_FUSION_DN	337	294		
KINSEY_TARGETS_OF_EWSR1_FLII_FUSION_UP	1290		Rejected!	
KLEIN_PRIMARY_EFFUSION_LYMPHOMA_DN	58	50		
KLEIN_PRIMARY_EFFUSION_LYMPHOMA_UP	50	43		
KLEIN_TARGETS_OF_BCR_ABL1_FUSION	46	30		
KOBAYASHI_EGFR_SIGNALING_24HR_DN	252	238		
KOBAYASHI_EGFR_SIGNALING_24HR_UP	103	87		
KOBAYASHI_EGFR_SIGNALING_6HR_DN	18	15		
KOBAYASHI_EGFR_SIGNALING_6HR_UP	7		Rejected!	
KOBAYASHI_RESPONSE_TO_ROMIDEPSIN	19	16		
KOHN_EMT_EPITHELIAL	22	18		
KOHN_EMT_MESENCHYMAL	15		Rejected!	
KOHOUTEK_CCNT1_TARGETS	51	47		
KOHOUTEK_CCNT2_TARGETS	58	49		
KOINUMA_COLON_CANCER_MSI_DN	8		Rejected!	
KOINUMA_COLON_CANCER_MSI_UP	16		Rejected!	
KOINUMA_TARGETS_OF_SMAD2_OR_SMAD3	842		Rejected!	
KOKKINAKIS_METHIONINE_DEPRIVATION_48HR_DN	61	56		
KOKKINAKIS_METHIONINE_DEPRIVATION_48HR_UP	130	113		
KOKKINAKIS_METHIONINE_DEPRIVATION_96HR_DN	72	67		
KOKKINAKIS_METHIONINE_DEPRIVATION_96HR_UP	118	101		
KOMMAGANI_TP63_GAMMA_TARGETS	9		Rejected!	
KONDO_COLON_CANCER_HCP_WITH_H3K27ME1	26	22		
KONDO_COLON_CANCER_HCP_WITH_H3K27ME3	6		Rejected!	
KONDO_EZH2_TARGETS	229	192		
KONDO_HYPOXIA	8		Rejected!	
KONDO_PROSTATE_CANCER_HCP_WITH_H3K27ME3	97	80		
KONDO_PROSTATE_CANCER_WITH_H3K27ME3	194	94		
KONG_E2F1_TARGETS	11		Rejected!	
KONG_E2F3_TARGETS	99	87		
KONIGORSKI_INCREASED_SUBCUTANEOUS_ADIPOSE_TISSUE_MASS_DN	65	48		
KONIGORSKI_INCREASED_SUBCUTANEOUS_ADIPOSE_TISSUE_MASS_UP	348	287		
KONIGORSKI_INCREASED_SUBCUTANEOUS_ADIPOSE_TISSUE_TOTAL_RATIO_DN	100	88		
KONIGORSKI_INCREASED_SUBCUTANEOUS_ADIPOSE_TISSUE_TOTAL_RATIO_UP	110	87		
KORKOLA_CHORIOCARCINOMA	7		Rejected!	
KORKOLA_CHORIOCARCINOMA_DN	11		Rejected!	
KORKOLA_CHORIOCARCINOMA_UP	6		Rejected!	
KORKOLA_CORRELATED_WITH_POU5F1	33	23		
KORKOLA_EMBRYONAL_CARCINOMA	12		Rejected!	
KORKOLA_EMBRYONAL_CARCINOMA_DN	13		Rejected!	
KORKOLA_EMBRYONAL_CARCINOMA_UP	42	34		
KORKOLA_EMBRYONIC_CARCINOMA_VS_SEMINOMA_DN	25	18		
KORKOLA_EMBRYONIC_CARCINOMA_VS_SEMINOMA_UP	24	21		
KORKOLA_SEMINOMA_DN	13		Rejected!	
KORKOLA_SEMINOMA_UP	44	38		
KORKOLA_TERATOMA	42	37		
KORKOLA_TERATOMA_UP	17		Rejected!	
KORKOLA_YOLK_SAC_TUMOR	65	54		
KORKOLA_YOLK_SAC_TUMOR_UP	20	17		
KOYAMA_SEMA3B_TARGETS_DN	364	317		
KOYAMA_SEMA3B_TARGETS_UP	269	227		
KRASNOSELSKAYA_ILF3_TARGETS_DN	46	42		
KRASNOSELSKAYA_ILF3_TARGETS_UP	40	34		
KREPPEL_CD99_TARGETS_DN	7		Rejected!	
KRIEG_HYPOXIA_NOT_VIA_KDM3A	746		Rejected!	
KRIEG_HYPOXIA_VIA_KDM3A	53	48		
KRIEG_KDM3A_TARGETS_NOT_HYPOXIA	200	175		
KRIGE_AMINO_ACID_DEPRIVATION	29	22		
KRIGE_RESPONSE_TO_TOSEDOSTAT_24HR_DN	1040		Rejected!	
KRIGE_RESPONSE_TO_TOSEDOSTAT_24HR_UP	778		Rejected!	
KRIGE_RESPONSE_TO_TOSEDOSTAT_6HR_DN	948		Rejected!	
KRIGE_RESPONSE_TO_TOSEDOSTAT_6HR_UP	939		Rejected!	
KRISHNAN_FURIN_TARGETS_DN	10		Rejected!	
KRISHNAN_FURIN_TARGETS_UP	10		Rejected!	
KUMAMOTO_RESPONSE_TO_NUTLIN_3A_DN	10		Rejected!	
KUMAMOTO_RESPONSE_TO_NUTLIN_3A_UP	9		Rejected!	
KUMAR_AUTOPHAGY_NETWORK	72	58		
KUMAR_PATHOGEN_LOAD_BY_MACROPHAGES	274	215		
KUMAR_TARGETS_OF_MLL_AF9_FUSION	406	318		
KUNINGER_IGF1_VS_PDGFB_TARGETS_DN	46	39		
KUNINGER_IGF1_VS_PDGFB_TARGETS_UP	82	59		
KUROKAWA_LIVER_CANCER_EARLY_RECURRENCE_DN	6		Rejected!	
KUROKAWA_LIVER_CANCER_EARLY_RECURRENCE_UP	12		Rejected!	
KUROZUMI_RESPONSE_TO_ONCOCYTIC_VIRUS	45	26		
KUROZUMI_RESPONSE_TO_ONCOCYTIC_VIRUS_AND_CYCLIC_RGD	21		Rejected!	
KUUSELO_PANCREATIC_CANCER_19Q13_AMPLIFICATION	35	28		
KUWANO_RNA_STABILIZED_BY_NO	7		Rejected!	
KYNG_DNA_DAMAGE_BY_4NQO	36	31		
KYNG_DNA_DAMAGE_BY_4NQO_OR_GAMMA_RADIATION	15		Rejected!	
KYNG_DNA_DAMAGE_BY_4NQO_OR_UV	60	57		
KYNG_DNA_DAMAGE_BY_GAMMA_AND_UV_RADIATION	77	67		
KYNG_DNA_DAMAGE_BY_GAMMA_RADIATION	77	68		
KYNG_DNA_DAMAGE_BY_UV	54	44		
KYNG_DNA_DAMAGE_DN	182	160		
KYNG_DNA_DAMAGE_UP	205	184		
KYNG_ENVIRONMENTAL_STRESS_RESPONSE_DN	17	16		
KYNG_ENVIRONMENTAL_STRESS_RESPONSE_NOT_BY_4NQO_IN_OLD	12		Rejected!	
KYNG_ENVIRONMENTAL_STRESS_RESPONSE_NOT_BY_4NQO_IN_WS	37	36		
KYNG_ENVIRONMENTAL_STRESS_RESPONSE_NOT_BY_GAMMA_IN_OLD	29	28		
KYNG_ENVIRONMENTAL_STRESS_RESPONSE_NOT_BY_GAMMA_IN_WS	31	31		
KYNG_ENVIRONMENTAL_STRESS_RESPONSE_NOT_BY_UV_IN_OLD	23	23		
KYNG_ENVIRONMENTAL_STRESS_RESPONSE_NOT_BY_UV_IN_WS	12		Rejected!	
KYNG_ENVIRONMENTAL_STRESS_RESPONSE_UP	53	49		
KYNG_NORMAL_AGING_DN	18	15		
KYNG_NORMAL_AGING_UP	15	15		
KYNG_RESPONSE_TO_H2O2	66	59		
KYNG_RESPONSE_TO_H2O2_VIA_ERCC6	17	15		
KYNG_RESPONSE_TO_H2O2_VIA_ERCC6_DN	45	41		
KYNG_RESPONSE_TO_H2O2_VIA_ERCC6_UP	36	34		
KYNG_WERNER_SYNDROM_AND_NORMAL_AGING_DN	186	163		
KYNG_WERNER_SYNDROM_AND_NORMAL_AGING_UP	77	66		
KYNG_WERNER_SYNDROM_DN	19	16		
KYNG_WERNER_SYNDROM_UP	14		Rejected!	
LAIHO_COLORECTAL_CANCER_SERRATED_DN	85	70		
LAIHO_COLORECTAL_CANCER_SERRATED_UP	115	105		
LAMB_CCND1_TARGETS	20	18		
LANDEMAINE_LUNG_METASTASIS	21	17		
LANDIS_BREAST_CANCER_PROGRESSION_DN	72	63		
LANDIS_BREAST_CANCER_PROGRESSION_UP	46	40		
LANDIS_ERBB2_BREAST_PRENEOPLASTIC_DN	57	52		
LANDIS_ERBB2_BREAST_PRENEOPLASTIC_UP	19	15		
LANDIS_ERBB2_BREAST_TUMORS_324_DN	151	131		
LANDIS_ERBB2_BREAST_TUMORS_324_UP	150	135		
LANDIS_ERBB2_BREAST_TUMORS_65_DN	39	31		
LANDIS_ERBB2_BREAST_TUMORS_65_UP	22	19		
LANG_MYB_FAMILY_TARGETS	29	25		
LASTOWSKA_COAMPLIFIED_WITH_MYCN	43	37		
LASTOWSKA_NEUROBLASTOMA_COPY_NUMBER_DN	805		Rejected!	
LASTOWSKA_NEUROBLASTOMA_COPY_NUMBER_UP	185	164		
LAU_APOPTOSIS_CDKN2A_DN	5		Rejected!	
LAU_APOPTOSIS_CDKN2A_UP	55	48		
LA_MEN1_TARGETS	25	25		
LEE_AGING_CEREBELLUM_DN	73	64		
LEE_AGING_CEREBELLUM_UP	82	65		
LEE_AGING_MUSCLE_DN	40	34		
LEE_AGING_MUSCLE_UP	38	32		
LEE_AGING_NEOCORTEX_DN	69	60		
LEE_AGING_NEOCORTEX_UP	77	67		
LEE_BMP2_TARGETS_DN	900		Rejected!	
LEE_BMP2_TARGETS_UP	773		Rejected!	
LEE_CALORIE_RESTRICTION_MUSCLE_DN	48	41		
LEE_CALORIE_RESTRICTION_MUSCLE_UP	40	29		
LEE_CALORIE_RESTRICTION_NEOCORTEX_DN	69	57		
LEE_CALORIE_RESTRICTION_NEOCORTEX_UP	67	57		
LEE_DIFFERENTIATING_T_LYMPHOCYTE	202	154		
LEE_DOUBLE_POLAR_THYMOCYTE	28	22		
LEE_EARLY_T_LYMPHOCYTE_DN	57	42		
LEE_EARLY_T_LYMPHOCYTE_UP	110	98		
LEE_INTRATHYMIC_T_PROGENITOR	20	17		
LEE_LIVER_CANCER_ACOX1_DN	65	52		
LEE_LIVER_CANCER_ACOX1_UP	65	55		
LEE_LIVER_CANCER_CIPROFIBRATE_DN	66	47		
LEE_LIVER_CANCER_CIPROFIBRATE_UP	60	47		
LEE_LIVER_CANCER_DENA_DN	74	52		
LEE_LIVER_CANCER_DENA_UP	60	48		
LEE_LIVER_CANCER_E2F1_DN	64	50		
LEE_LIVER_CANCER_E2F1_UP	63	56		
LEE_LIVER_CANCER_HEPATOBLAST	16	15		
LEE_LIVER_CANCER_MYC_DN	63	47		
LEE_LIVER_CANCER_MYC_E2F1_DN	64	50		
LEE_LIVER_CANCER_MYC_E2F1_UP	56	50		
LEE_LIVER_CANCER_MYC_TGFA_DN	65	49		
LEE_LIVER_CANCER_MYC_TGFA_UP	61	56		
LEE_LIVER_CANCER_MYC_UP	54	43		
LEE_LIVER_CANCER_SURVIVAL_DN	180	165		
LEE_LIVER_CANCER_SURVIVAL_UP	187	140		
LEE_METASTASIS_AND_ALTERNATIVE_SPLICING_DN	45	44		
LEE_METASTASIS_AND_ALTERNATIVE_SPLICING_UP	74	67		
LEE_METASTASIS_AND_RNA_PROCESSING_UP	16	15		
LEE_NAIVE_T_LYMPHOCYTE	20		Rejected!	
LEE_NEURAL_CREST_STEM_CELL_DN	121	112		
LEE_NEURAL_CREST_STEM_CELL_UP	147	130		
LEE_RECENT_THYMIC_EMIGRANT	239	196		
LEE_SP4_THYMOCYTE	15		Rejected!	
LEE_TARGETS_OF_PTCH1_AND_SUFU_DN	87	79		
LEE_TARGETS_OF_PTCH1_AND_SUFU_UP	56	47		
LEIN_ASTROCYTE_MARKERS	43	38		
LEIN_CEREBELLUM_MARKERS	85	77		
LEIN_CHOROID_PLEXUS_MARKERS	105	96		
LEIN_LOCALIZED_TO_DISTAL_AND_PROXIMAL_DENDRITES	18	17		
LEIN_LOCALIZED_TO_PROXIMAL_DENDRITES	37	36		
LEIN_MEDULLA_MARKERS	86	75		
LEIN_MIDBRAIN_MARKERS	83	68		
LEIN_NEURON_MARKERS	69	63		
LEIN_OLIGODENDROCYTE_MARKERS	76	68		
LEIN_PONS_MARKERS	92	79		
LEI_HOXC8_TARGETS_DN	17	15		
LEI_HOXC8_TARGETS_UP	13		Rejected!	
LEI_MYB_TARGETS	323	275		
LENAOUR_DENDRITIC_CELL_MATURATION_DN	130	106		
LENAOUR_DENDRITIC_CELL_MATURATION_UP	116	96		
LEONARD_HYPOXIA	41	37		
LE_EGR2_TARGETS_DN	107	95		
LE_EGR2_TARGETS_UP	110	101		
LE_NEURONAL_DIFFERENTIATION_DN	19	18		
LE_NEURONAL_DIFFERENTIATION_UP	18	16		
LE_SKI_TARGETS_DN	7		Rejected!	
LE_SKI_TARGETS_UP	17	16		
LIANG_HEMATOPOIESIS_STEM_CELL_NUMBER_LARGE_VS_TINY_DN	43	38		
LIANG_HEMATOPOIESIS_STEM_CELL_NUMBER_LARGE_VS_TINY_UP	41	38		
LIANG_HEMATOPOIESIS_STEM_CELL_NUMBER_QTL	16		Rejected!	
LIANG_HEMATOPOIESIS_STEM_CELL_NUMBER_SMALL_VS_HUGE_DN	33	27		
LIANG_HEMATOPOIESIS_STEM_CELL_NUMBER_SMALL_VS_HUGE_UP	39	34		
LIANG_SILENCED_BY_METHYLATION_2	58	46		
LIANG_SILENCED_BY_METHYLATION_DN	11		Rejected!	
LIANG_SILENCED_BY_METHYLATION_UP	33	26		
LIAN_LIPA_TARGETS_3M	64	38		
LIAN_LIPA_TARGETS_6M	80	50		
LIAN_NEUTROPHIL_GRANULE_CONSTITUENTS	25	17		
LIAO_HAVE_SOX4_BINDING_SITES	41	38		
LIAO_METASTASIS	542	490		
LIEN_BREAST_CARCINOMA_METAPLASTIC	33	31		
LIEN_BREAST_CARCINOMA_METAPLASTIC_VS_DUCTAL_DN	115	86		
LIEN_BREAST_CARCINOMA_METAPLASTIC_VS_DUCTAL_UP	83	76		
LIM_MAMMARY_LUMINAL_MATURE_DN	95	89		
LIM_MAMMARY_LUMINAL_MATURE_UP	112	98		
LIM_MAMMARY_LUMINAL_PROGENITOR_DN	14		Rejected!	
LIM_MAMMARY_LUMINAL_PROGENITOR_UP	58	49		
LIM_MAMMARY_STEM_CELL_DN	416	374		
LIM_MAMMARY_STEM_CELL_UP	479	431		
LINDGREN_BLADDER_CANCER_CLUSTER_1_DN	378	337		
LINDGREN_BLADDER_CANCER_CLUSTER_1_UP	120	112		
LINDGREN_BLADDER_CANCER_CLUSTER_2A_DN	141	131		
LINDGREN_BLADDER_CANCER_CLUSTER_2A_UP	8		Rejected!	
LINDGREN_BLADDER_CANCER_CLUSTER_2B	389	337		
LINDGREN_BLADDER_CANCER_CLUSTER_3_DN	226	204		
LINDGREN_BLADDER_CANCER_CLUSTER_3_UP	328	299		
LINDGREN_BLADDER_CANCER_HIGH_RECURRENCE	49	42		
LINDGREN_BLADDER_CANCER_WITH_LOH_IN_CHR9Q	116	109		
LINDSTEDT_DENDRITIC_CELL_MATURATION_A	61	50		
LINDSTEDT_DENDRITIC_CELL_MATURATION_B	49	37		
LINDSTEDT_DENDRITIC_CELL_MATURATION_C	63	52		
LINDSTEDT_DENDRITIC_CELL_MATURATION_D	63	51		
LINDVALL_IMMORTALIZED_BY_TERT_DN	73	68		
LINDVALL_IMMORTALIZED_BY_TERT_UP	68	59		
LINSLEY_MIR16_TARGETS	206	196		
LIN_APC_TARGETS	71	61		
LIN_ENDOMETRIAL_CANCER_MITOCHONDRIAL_SIGNATURE	267	239		
LIN_MELANOMA_COPY_NUMBER_DN	41	35		
LIN_MELANOMA_COPY_NUMBER_UP	72	62		
LIN_NPAS4_TARGETS_DN	71	63		
LIN_NPAS4_TARGETS_UP	170	159		
LIN_SILENCED_BY_TUMOR_MICROENVIRONMENT	107	85		
LIN_TUMOR_ESCAPE_FROM_IMMUNE_ATTACK	19	15		
LIU_BREAST_CANCER	32	23		
LIU_CDX2_TARGETS_DN	8		Rejected!	
LIU_CDX2_TARGETS_UP	35	29		
LIU_CMYB_TARGETS_DN	6		Rejected!	
LIU_CMYB_TARGETS_UP	163	146		
LIU_COMMON_CANCER_GENES	64	56		
LIU_IL13_MEMORY_MODEL_DN	5		Rejected!	
LIU_IL13_MEMORY_MODEL_UP	17		Rejected!	
LIU_IL13_PRIMING_MODEL	15		Rejected!	
LIU_LIVER_CANCER	35	30		
LIU_NASOPHARYNGEAL_CARCINOMA	71	59		
LIU_OVARIAN_CANCER_TUMORS_AND_XENOGRAFTS_KINASES_DN	34	29		
LIU_OVARIAN_CANCER_TUMORS_AND_XENOGRAFTS_XDGS_DN	1716		Rejected!	
LIU_OVARIAN_CANCER_TUMORS_AND_XENOGRAFTS_XDGS_UP	252	69		
LIU_PROSTATE_CANCER_DN	495	432		
LIU_PROSTATE_CANCER_UP	99	85		
LIU_SMARCA4_TARGETS	50	40		
LIU_SOX4_TARGETS_DN	310	281		
LIU_SOX4_TARGETS_UP	140	126		
LIU_TARGETS_OF_VMYB_VS_CMYB_DN	45	36		
LIU_TARGETS_OF_VMYB_VS_CMYB_UP	16		Rejected!	
LIU_TOPBP1_TARGETS	13		Rejected!	
LIU_VAV3_PROSTATE_CARCINOGENESIS_DN	17	15		
LIU_VAV3_PROSTATE_CARCINOGENESIS_UP	89	70		
LIU_VMYB_TARGETS_UP	124	113		
LI_ADIPOGENESIS_BY_ACTIVATED_PPARG	18		Rejected!	
LI_AMPLIFIED_IN_LUNG_CANCER	183	163		
LI_CISPLATIN_RESISTANCE_DN	33	28		
LI_CISPLATIN_RESISTANCE_UP	26	25		
LI_CYTIDINE_ANALOGS_CYCTOTOXICITY	15		Rejected!	
LI_CYTIDINE_ANALOG_PATHWAY	17		Rejected!	
LI_DCP2_BOUND_MRNA	89	83		
LI_ESTROGENE_BIDIRECTIONAL_E2_RESPONSE	100	90		
LI_ESTROGENE_EARLY_E2_RESPONSE_DN	77	72		
LI_ESTROGENE_EARLY_E2_RESPONSE_UP	88	79		
LI_ESTROGENE_LATE_E2_RESPONSE_DN	80	64		
LI_ESTROGENE_LATE_E2_RESPONSE_UP	56	49		
LI_ESTROGENE_MCF7_E2_RESPONSE_DN	38	34		
LI_ESTROGENE_MCF7_E2_RESPONSE_UP	51	44		
LI_ESTROGENE_META_E2_RESPONSE_DN	22	20		
LI_ESTROGENE_META_E2_RESPONSE_UP	65	56		
LI_ESTROGENE_MID_E2_RESPONSE_DN	45	38		
LI_ESTROGENE_MID_E2_RESPONSE_UP	14		Rejected!	
LI_ESTROGENE_NON_MCF7_T47D_E2_RESPONSE_DN	8		Rejected!	
LI_ESTROGENE_NON_MCF7_T47D_E2_RESPONSE_UP	17	15		
LI_ESTROGENE_T47D_E2_RESPONSE_DN	34	33		
LI_ESTROGENE_T47D_E2_RESPONSE_UP	61	52		
LI_INDUCED_T_TO_NATURAL_KILLER_DN	138	118		
LI_INDUCED_T_TO_NATURAL_KILLER_UP	315	259		
LI_LUNG_CANCER	41	38		
LI_PROSTATE_CANCER_EPIGENETIC	32	28		
LI_WILMS_TUMOR	27	26		
LI_WILMS_TUMOR_ANAPLASTIC_DN	5		Rejected!	
LI_WILMS_TUMOR_ANAPLASTIC_UP	17	17		
LI_WILMS_TUMOR_VS_FETAL_KIDNEY_1_DN	164	155		
LI_WILMS_TUMOR_VS_FETAL_KIDNEY_1_UP	183	171		
LI_WILMS_TUMOR_VS_FETAL_KIDNEY_2_DN	48	43		
LI_WILMS_TUMOR_VS_FETAL_KIDNEY_2_UP	27	24		
LOCKWOOD_AMPLIFIED_IN_LUNG_CANCER	216	197		
LOPES_METHYLATED_IN_COLON_CANCER_DN	28	22		
LOPES_METHYLATED_IN_COLON_CANCER_UP	28	25		
LOPEZ_EPITHELIOID_MESOTHELIOMA	17		Rejected!	
LOPEZ_MBD_TARGETS	953		Rejected!	
LOPEZ_MBD_TARGETS_IMPRINTED_AND_X_LINKED	17		Rejected!	
LOPEZ_MESOTELIOMA_SURVIVAL_TIME_DN	7		Rejected!	
LOPEZ_MESOTELIOMA_SURVIVAL_TIME_UP	14		Rejected!	
LOPEZ_MESOTHELIOMA_SURVIVAL_DN	12		Rejected!	
LOPEZ_MESOTHELIOMA_SURVIVAL_OVERALL_DN	15	15		
LOPEZ_MESOTHELIOMA_SURVIVAL_OVERALL_UP	8		Rejected!	
LOPEZ_MESOTHELIOMA_SURVIVAL_UP	12		Rejected!	
LOPEZ_MESOTHELIOMA_SURVIVAL_WORST_VS_BEST_DN	7		Rejected!	
LOPEZ_MESOTHELIOMA_SURVIVAL_WORST_VS_BEST_UP	14		Rejected!	
LOPEZ_TRANSLATION_VIA_FN1_SIGNALING	35	31		
LUCAS_HNF4A_TARGETS_DN	8		Rejected!	
LUCAS_HNF4A_TARGETS_UP	58	51		
LUDWICZEK_TREATING_IRON_OVERLOAD	7		Rejected!	
LUI_TARGETS_OF_PAX8_PPARG_FUSION	34	30		
LUI_THYROID_CANCER_CLUSTER_1	52	47		
LUI_THYROID_CANCER_CLUSTER_2	43	41		
LUI_THYROID_CANCER_CLUSTER_3	28	25		
LUI_THYROID_CANCER_CLUSTER_4	20		Rejected!	
LUI_THYROID_CANCER_CLUSTER_5	15		Rejected!	
LUI_THYROID_CANCER_PAX8_PPARG_DN	46	41		
LUI_THYROID_CANCER_PAX8_PPARG_UP	47	43		
LUND_SILENCED_BY_METHYLATION	16	15		
LU_AGING_BRAIN_DN	153	145		
LU_AGING_BRAIN_UP	264	245		
LU_EZH2_TARGETS_DN	399	348		
LU_EZH2_TARGETS_UP	289	247		
LU_IL4_SIGNALING	91	73		
LU_TUMOR_ANGIOGENESIS_UP	25	25		
LU_TUMOR_ENDOTHELIAL_MARKERS_DN	5		Rejected!	
LU_TUMOR_ENDOTHELIAL_MARKERS_UP	22	20		
LU_TUMOR_VASCULATURE_DN	13		Rejected!	
LU_TUMOR_VASCULATURE_UP	29	27		
LY_AGING_MIDDLE_DN	16	15		
LY_AGING_MIDDLE_UP	14		Rejected!	
LY_AGING_OLD_DN	56	50		
LY_AGING_OLD_UP	7		Rejected!	
LY_AGING_PREMATURE_DN	30	26		
MACAEVA_PBMC_RESPONSE_TO_IR	106	83		
MACLACHLAN_BRCA1_TARGETS_DN	16	15		
MACLACHLAN_BRCA1_TARGETS_UP	21	18		
MADAN_DPPA4_TARGETS	61	41		
MAEKAWA_ATF2_TARGETS	25	18		
MAGRANGEAS_MULTIPLE_MYELOMA_IGG_VS_IGA_DN	28	20		
MAGRANGEAS_MULTIPLE_MYELOMA_IGG_VS_IGA_UP	20	16		
MAGRANGEAS_MULTIPLE_MYELOMA_IGLL_VS_IGLK_DN	24	22		
MAGRANGEAS_MULTIPLE_MYELOMA_IGLL_VS_IGLK_UP	41	34		
MAHADEVAN_GIST_MORPHOLOGICAL_SWITCH	15		Rejected!	
MAHADEVAN_IMATINIB_RESISTANCE_DN	20	15		
MAHADEVAN_IMATINIB_RESISTANCE_UP	22	16		
MAHAJAN_RESPONSE_TO_IL1A_DN	70	59		
MAHAJAN_RESPONSE_TO_IL1A_UP	77	65		
MAINA_HYPOXIA_VHL_TARGETS_UP	6		Rejected!	
MAINA_VHL_TARGETS_DN	16	16		
MAINA_VHL_TARGETS_UP	10		Rejected!	
MALIK_REPRESSED_BY_ESTROGEN	13		Rejected!	
MALONEY_RESPONSE_TO_17AAG_DN	77	73		
MALONEY_RESPONSE_TO_17AAG_UP	40	31		
MALTA_CURATED_STEMNESS_MARKERS	21	16		
MANALO_HYPOXIA_DN	291	271		
MANALO_HYPOXIA_UP	205	188		
MANNE_COVID19_COMBINED_COHORT_VS_HEALTHY_DONOR_PLATELETS_DN	224	178		
MANNE_COVID19_COMBINED_COHORT_VS_HEALTHY_DONOR_PLATELETS_UP	179	155		
MANNE_COVID19_ICU_VS_HEALTHY_DONOR_PLATELETS_DN	159	128		
MANNE_COVID19_ICU_VS_HEALTHY_DONOR_PLATELETS_UP	128	113		
MANNE_COVID19_NONICU_VS_HEALTHY_DONOR_PLATELETS_DN	207	170		
MANNE_COVID19_NONICU_VS_HEALTHY_DONOR_PLATELETS_UP	143	130		
MANN_RESPONSE_TO_AMIFOSTINE_DN	9		Rejected!	
MANN_RESPONSE_TO_AMIFOSTINE_UP	19	15		
MARCHINI_TRABECTEDIN_RESISTANCE_DN	46	38		
MARCHINI_TRABECTEDIN_RESISTANCE_UP	20	17		
MARCINIAK_ER_STRESS_RESPONSE_VIA_CHOP	22	21		
MARIADASON_REGULATED_BY_HISTONE_ACETYLATION_DN	42	37		
MARIADASON_REGULATED_BY_HISTONE_ACETYLATION_UP	61	54		
MARIADASON_RESPONSE_TO_BUTYRATE_CURCUMIN_SULINDAC_TSA_1	8		Rejected!	
MARIADASON_RESPONSE_TO_BUTYRATE_CURCUMIN_SULINDAC_TSA_2	8		Rejected!	
MARIADASON_RESPONSE_TO_BUTYRATE_CURCUMIN_SULINDAC_TSA_8	10		Rejected!	
MARIADASON_RESPONSE_TO_BUTYRATE_SULINDAC_4	16		Rejected!	
MARIADASON_RESPONSE_TO_BUTYRATE_SULINDAC_6	47	41		
MARIADASON_RESPONSE_TO_CURCUMIN_SULINDAC_5	23	20		
MARIADASON_RESPONSE_TO_CURCUMIN_SULINDAC_7	14		Rejected!	
MARKEY_RB1_ACUTE_LOF_DN	230	185		
MARKEY_RB1_ACUTE_LOF_UP	236	216		
MARKEY_RB1_CHRONIC_LOF_DN	121	94		
MARKEY_RB1_CHRONIC_LOF_UP	114	95		
MARKS_ACETYLATED_NON_HISTONE_PROTEINS	12		Rejected!	
MARKS_HDAC_TARGETS_DN	15		Rejected!	
MARKS_HDAC_TARGETS_UP	23	17		
MARSHALL_VIRAL_INFECTION_RESPONSE_DN	29	24		
MARSHALL_VIRAL_INFECTION_RESPONSE_UP	9		Rejected!	
MARSON_BOUND_BY_E2F4_UNSTIMULATED	705		Rejected!	
MARSON_BOUND_BY_FOXP3_STIMULATED	1016		Rejected!	
MARSON_BOUND_BY_FOXP3_UNSTIMULATED	1228		Rejected!	
MARSON_FOXP3_CORE_DIRECT_TARGETS	18		Rejected!	
MARSON_FOXP3_TARGETS_DN	54	42		
MARSON_FOXP3_TARGETS_STIMULATED_DN	10		Rejected!	
MARSON_FOXP3_TARGETS_STIMULATED_UP	30	19		
MARSON_FOXP3_TARGETS_UP	66	57		
MARTENS_BOUND_BY_PML_RARA_FUSION	456	390		
MARTENS_TRETINOIN_RESPONSE_DN	839		Rejected!	
MARTENS_TRETINOIN_RESPONSE_UP	854		Rejected!	
MARTINELLI_IMMATURE_NEUTROPHIL_DN	13		Rejected!	
MARTINELLI_IMMATURE_NEUTROPHIL_UP	11		Rejected!	
MARTINEZ_RB1_AND_TP53_TARGETS_DN	611		Rejected!	
MARTINEZ_RB1_AND_TP53_TARGETS_UP	621		Rejected!	
MARTINEZ_RB1_TARGETS_DN	572	463		
MARTINEZ_RB1_TARGETS_UP	685		Rejected!	
MARTINEZ_RESPONSE_TO_TRABECTEDIN	50	42		
MARTINEZ_RESPONSE_TO_TRABECTEDIN_DN	272	250		
MARTINEZ_RESPONSE_TO_TRABECTEDIN_UP	71	62		
MARTINEZ_TP53_TARGETS_DN	615		Rejected!	
MARTINEZ_TP53_TARGETS_UP	622		Rejected!	
MARTIN_INTERACT_WITH_HDAC	41	34		
MARTIN_NFKB_TARGETS_DN	11		Rejected!	
MARTIN_NFKB_TARGETS_UP	43	38		
MARTIN_VIRAL_GPCR_SIGNALING_DN	52	41		
MARTIN_VIRAL_GPCR_SIGNALING_UP	86	68		
MARTORIATI_MDM4_TARGETS_FETAL_LIVER_DN	516	465		
MARTORIATI_MDM4_TARGETS_FETAL_LIVER_UP	239	219		
MARTORIATI_MDM4_TARGETS_NEUROEPITHELIUM_DN	164	143		
MARTORIATI_MDM4_TARGETS_NEUROEPITHELIUM_UP	178	158		
MARZEC_IL2_SIGNALING_DN	36	29		
MARZEC_IL2_SIGNALING_UP	115	92		
MASRI_RESISTANCE_TO_TAMOXIFEN_AND_AROMATASE_INHIBITORS_DN	20	18		
MASRI_RESISTANCE_TO_TAMOXIFEN_AND_AROMATASE_INHIBITORS_UP	20	16		
MASSARWEH_RESPONSE_TO_ESTRADIOL	62	57		
MASSARWEH_TAMOXIFEN_RESISTANCE_DN	255	218		
MASSARWEH_TAMOXIFEN_RESISTANCE_UP	582		Rejected!	
MATHEW_FANCONI_ANEMIA_GENES	11		Rejected!	
MATSUDA_NATURAL_KILLER_DIFFERENTIATION	488	397		
MATTHEWS_AP1_TARGETS	17	16		
MATTHEWS_SKIN_CARCINOGENESIS_VIA_JUN	18		Rejected!	
MATTIOLI_MGUS_VS_MULTIPLE_MYELOMA	17		Rejected!	
MATTIOLI_MGUS_VS_PCL	127	85		
MATTIOLI_MULTIPLE_MYELOMA_SUBGROUPS	17		Rejected!	
MATTIOLI_MULTIPLE_MYELOMA_WITH_14Q32_TRANSLOCATIONS	37	31		
MATZUK_CENTRAL_FOR_FEMALE_FERTILITY	29	19		
MATZUK_CUMULUS_EXPANSION	9		Rejected!	
MATZUK_EARLY_ANTRAL_FOLLICLE	13		Rejected!	
MATZUK_EMBRYONIC_GERM_CELL	19	17		
MATZUK_FERTILIZATION	8		Rejected!	
MATZUK_IMPLANTATION_AND_UTERINE	22	20		
MATZUK_LUTEAL_GENES	8		Rejected!	
MATZUK_MALE_REPRODUCTION_SERTOLI	28	24		
MATZUK_MATERNAL_EFFECT	9		Rejected!	
MATZUK_MEIOTIC_AND_DNA_REPAIR	39	33		
MATZUK_OVULATION	15		Rejected!	
MATZUK_POSTIMPLANTATION_AND_POSTPARTUM	14		Rejected!	
MATZUK_PREOVULATORY_FOLLICLE	10		Rejected!	
MATZUK_SPERMATID_DIFFERENTIATION	37	24		
MATZUK_SPERMATOCYTE	72	62		
MATZUK_SPERMATOGONIA	25	21		
MATZUK_SPERMATOZOA	114	84		
MATZUK_STEROIDOGENESIS	7		Rejected!	
MAYBURD_RESPONSE_TO_L663536_DN	55	50		
MAYBURD_RESPONSE_TO_L663536_UP	31	23		
MA_MYELOID_DIFFERENTIATION_DN	43	37		
MA_MYELOID_DIFFERENTIATION_UP	38	30		
MA_RAT_AGING_DN	160	126		
MA_RAT_AGING_UP	107	89		
MCBRYAN_PUBERTAL_BREAST_3_4WK_DN	42	32		
MCBRYAN_PUBERTAL_BREAST_3_4WK_UP	212	187		
MCBRYAN_PUBERTAL_BREAST_4_5WK_DN	202	172		
MCBRYAN_PUBERTAL_BREAST_4_5WK_UP	270	240		
MCBRYAN_PUBERTAL_BREAST_5_6WK_DN	132	111		
MCBRYAN_PUBERTAL_BREAST_5_6WK_UP	123	107		
MCBRYAN_PUBERTAL_BREAST_6_7WK_DN	79	65		
MCBRYAN_PUBERTAL_BREAST_6_7WK_UP	198	163		
MCBRYAN_PUBERTAL_TGFB1_TARGETS_DN	62	56		
MCBRYAN_PUBERTAL_TGFB1_TARGETS_UP	168	153		
MCBRYAN_TERMINAL_END_BUD_DN	6		Rejected!	
MCBRYAN_TERMINAL_END_BUD_UP	12		Rejected!	
MCCABE_BOUND_BY_HOXC6	461	354		
MCCABE_HOXC6_TARGETS_CANCER_DN	20	19		
MCCABE_HOXC6_TARGETS_CANCER_UP	31	24		
MCCABE_HOXC6_TARGETS_DN	21	20		
MCCABE_HOXC6_TARGETS_UP	10		Rejected!	
MCCLUNG_COCAINE_REWARD_5D	75	65		
MCCLUNG_COCAIN_REWARD_4WK	74	58		
MCCLUNG_CREB1_TARGETS_DN	56	49		
MCCLUNG_CREB1_TARGETS_UP	101	90		
MCCLUNG_DELTA_FOSB_TARGETS_2WK	49	45		
MCCLUNG_DELTA_FOSB_TARGETS_8WK	49	47		
MCCOLLUM_GELDANAMYCIN_RESISTANCE_DN	7		Rejected!	
MCCOLLUM_GELDANAMYCIN_RESISTANCE_UP	10		Rejected!	
MCDOWELL_ACUTE_LUNG_INJURY_DN	47	39		
MCDOWELL_ACUTE_LUNG_INJURY_UP	46	34		
MCGARVEY_SILENCED_BY_METHYLATION_IN_COLON_CANCER	42	36		
MCGOWAN_RSP6_TARGETS_DN	5		Rejected!	
MCGOWAN_RSP6_TARGETS_UP	20	18		
MCLACHLAN_DENTAL_CARIES_DN	82	74		
MCLACHLAN_DENTAL_CARIES_UP	264	188		
MCMURRAY_TP53_HRAS_COOPERATION_RESPONSE_DN	67	62		
MCMURRAY_TP53_HRAS_COOPERATION_RESPONSE_UP	26	22		
MEBARKI_HCC_PROGENITOR_FZD8CRD_DN	459	324		
MEBARKI_HCC_PROGENITOR_FZD8CRD_UP	590	488		
MEBARKI_HCC_PROGENITOR_WNT_DN	92	69		
MEBARKI_HCC_PROGENITOR_WNT_DN_BLOCKED_BY_FZD8CRD	70	54		
MEBARKI_HCC_PROGENITOR_WNT_DN_CTNNB1_DEPENDENT	31	25		
MEBARKI_HCC_PROGENITOR_WNT_DN_CTNNB1_DEPENDENT_BLOCKED_BY_FZD8CRD	22	17		
MEBARKI_HCC_PROGENITOR_WNT_DN_CTNNB1_INDEPENDENT	16		Rejected!	
MEBARKI_HCC_PROGENITOR_WNT_UP	203	165		
MEBARKI_HCC_PROGENITOR_WNT_UP_BLOCKED_BY_FZD8CRD	126	103		
MEBARKI_HCC_PROGENITOR_WNT_UP_CTNNB1_DEPENDENT	91	74		
MEBARKI_HCC_PROGENITOR_WNT_UP_CTNNB1_DEPENDENT_BLOCKED_BY_FZD8CRD	48	40		
MEBARKI_HCC_PROGENITOR_WNT_UP_CTNNB1_INDEPENDENT	24	19		
MEDINA_SMARCA4_TARGETS	36	32		
MEINHOLD_OVARIAN_CANCER_LOW_GRADE_DN	19	19		
MEINHOLD_OVARIAN_CANCER_LOW_GRADE_UP	12		Rejected!	
MEISSNER_BRAIN_HCP_WITH_H3K27ME3	272	215		
MEISSNER_BRAIN_HCP_WITH_H3K4ME2	18	15		
MEISSNER_BRAIN_HCP_WITH_H3K4ME2_AND_H3K27ME3	60	53		
MEISSNER_BRAIN_HCP_WITH_H3K4ME3_AND_H3K27ME3	1075		Rejected!	
MEISSNER_BRAIN_HCP_WITH_H3_UNMETHYLATED	39	22		
MEISSNER_BRAIN_ICP_WITH_H3K4ME3	31	29		
MEISSNER_ES_ICP_WITH_H3K4ME3	32	28		
MEISSNER_ES_ICP_WITH_H3K4ME3_AND_H3K27ME3	14		Rejected!	
MEISSNER_NPC_HCP_WITH_H3K27ME3	79	63		
MEISSNER_NPC_HCP_WITH_H3K4ME2	493	454		
MEISSNER_NPC_HCP_WITH_H3K4ME2_AND_H3K27ME3	351	305		
MEISSNER_NPC_HCP_WITH_H3K4ME3_AND_H3K27ME3	143	132		
MEISSNER_NPC_HCP_WITH_H3_UNMETHYLATED	542	447		
MEISSNER_NPC_ICP_WITH_H3K4ME3	19	16		
MEISSNER_NPC_ICP_WITH_H3_UNMETHYLATED	23	18		
MELLMAN_TUT1_TARGETS_DN	48	42		
MELLMAN_TUT1_TARGETS_UP	20	19		
MENSE_HYPOXIA_UP	100	86		
MIDORIKAWA_AMPLIFIED_IN_LIVER_CANCER	55	45		
MIKHAYLOVA_OXIDATIVE_STRESS_RESPONSE_VIA_VHL_DN	6		Rejected!	
MIKHAYLOVA_OXIDATIVE_STRESS_RESPONSE_VIA_VHL_UP	7		Rejected!	
MIKI_COEXPRESSED_WITH_CYP19A1	7		Rejected!	
MIKKELSEN_DEDIFFERENTIATED_STATE_DN	7		Rejected!	
MIKKELSEN_DEDIFFERENTIATED_STATE_UP	8		Rejected!	
MIKKELSEN_ES_HCP_WITH_H3K27ME3	40	30		
MIKKELSEN_ES_HCP_WITH_H3_UNMETHYLATED	66	39		
MIKKELSEN_ES_ICP_WITH_H3K27ME3	43	30		
MIKKELSEN_ES_ICP_WITH_H3K4ME3	728		Rejected!	
MIKKELSEN_ES_ICP_WITH_H3K4ME3_AND_H3K27ME3	136	109		
MIKKELSEN_ES_LCP_WITH_H3K27ME3	14		Rejected!	
MIKKELSEN_ES_LCP_WITH_H3K4ME3	146	113		
MIKKELSEN_ES_LCP_WITH_H3K4ME3_AND_H3K27ME3	7		Rejected!	
MIKKELSEN_IPS_HCP_WITH_H3_UNMETHYLATED	86	50		
MIKKELSEN_IPS_ICP_WITH_H3K27ME3	55	43		
MIKKELSEN_IPS_ICP_WITH_H3K4ME3_AND_H327ME3	124	103		
MIKKELSEN_IPS_LCP_WITH_H3K27ME3	10		Rejected!	
MIKKELSEN_IPS_LCP_WITH_H3K4ME3	175	140		
MIKKELSEN_IPS_LCP_WITH_H3K4ME3_AND_H3K27ME3	5		Rejected!	
MIKKELSEN_IPS_WITH_HCP_H3K27ME3	103	85		
MIKKELSEN_MCV6_HCP_WITH_H3K27ME3	438	364		
MIKKELSEN_MCV6_ICP_WITH_H3K27ME3	76	45		
MIKKELSEN_MCV6_ICP_WITH_H3K4ME3_AND_H3K27ME3	34	30		
MIKKELSEN_MCV6_LCP_WITH_H3K27ME3	28		Rejected!	
MIKKELSEN_MCV6_LCP_WITH_H3K4ME3	163	133		
MIKKELSEN_MEF_HCP_WITH_H3K27ME3	591	466		
MIKKELSEN_MEF_HCP_WITH_H3_UNMETHYLATED	236	166		
MIKKELSEN_MEF_ICP_WITH_H3K27ME3	207	147		
MIKKELSEN_MEF_ICP_WITH_H3K4ME3_AND_H3K27ME3	38	36		
MIKKELSEN_MEF_LCP_WITH_H3K27ME3	71	46		
MIKKELSEN_MEF_LCP_WITH_H3K4ME3	130	110		
MIKKELSEN_NPC_HCP_WITH_H3K27ME3	346	288		
MIKKELSEN_NPC_HCP_WITH_H3K4ME3_AND_H3K27ME3	210	194		
MIKKELSEN_NPC_ICP_WITH_H3K27ME3	12		Rejected!	
MIKKELSEN_NPC_ICP_WITH_H3K4ME3	447	412		
MIKKELSEN_NPC_LCP_WITH_H3K4ME3	60	54		
MIKKELSEN_NPC_WITH_LCP_H3K27ME3	9		Rejected!	
MIKKELSEN_PARTIALLY_REPROGRAMMED_TO_PLURIPOTENCY	10		Rejected!	
MIKKELSEN_PLURIPOTENT_STATE_DN	8		Rejected!	
MIKKELSEN_PLURIPOTENT_STATE_UP	11		Rejected!	
MILICIC_FAMILIAL_ADENOMATOUS_POLYPOSIS_DN	10		Rejected!	
MILICIC_FAMILIAL_ADENOMATOUS_POLYPOSIS_UP	10		Rejected!	
MILI_PSEUDOPODIA	49	45		
MILI_PSEUDOPODIA_CHEMOTAXIS_DN	429	388		
MILI_PSEUDOPODIA_CHEMOTAXIS_UP	84	78		
MILI_PSEUDOPODIA_HAPTOTAXIS_DN	672		Rejected!	
MILI_PSEUDOPODIA_HAPTOTAXIS_UP	521	462		
MINGUEZ_LIVER_CANCER_VASCULAR_INVASION_DN	21	17		
MINGUEZ_LIVER_CANCER_VASCULAR_INVASION_UP	14		Rejected!	
MISHRA_CARCINOMA_ASSOCIATED_FIBROBLAST_DN	24	21		
MISHRA_CARCINOMA_ASSOCIATED_FIBROBLAST_UP	24	21		
MISIAK_ANAPLASTIC_THYROID_CARCINOMA_DN	20	18		
MISIAK_ANAPLASTIC_THYROID_CARCINOMA_UP	45	42		
MISSIAGLIA_REGULATED_BY_METHYLATION_DN	122	109		
MISSIAGLIA_REGULATED_BY_METHYLATION_UP	125	106		
MITSIADES_RESPONSE_TO_APLIDIN_DN	250	230		
MITSIADES_RESPONSE_TO_APLIDIN_UP	445	373		
MIYAGAWA_TARGETS_OF_EWSR1_ETS_FUSIONS_DN	235	210		
MIYAGAWA_TARGETS_OF_EWSR1_ETS_FUSIONS_UP	265	240		
MIZUKAMI_HYPOXIA_DN	6		Rejected!	
MIZUKAMI_HYPOXIA_UP	12		Rejected!	
MIZUSHIMA_AUTOPHAGOSOME_FORMATION	12		Rejected!	
MMS_MOUSE_LYMPH_HIGH_4HRS_UP	36	30		
MODY_HIPPOCAMPUS_NEONATAL	33	28		
MODY_HIPPOCAMPUS_POSTNATAL	56	50		
MODY_HIPPOCAMPUS_PRENATAL	44	38		
MOHANKUMAR_HOXA1_TARGETS_DN	176	139		
MOHANKUMAR_HOXA1_TARGETS_UP	410	373		
MOLENAAR_TARGETS_OF_CCND1_AND_CDK4_DN	59	55		
MOLENAAR_TARGETS_OF_CCND1_AND_CDK4_UP	68	60		
MONNIER_POSTRADIATION_TUMOR_ESCAPE_DN	385	350		
MONNIER_POSTRADIATION_TUMOR_ESCAPE_UP	407	367		
MONTERO_THYROID_CANCER_POOR_SURVIVAL_DN	11		Rejected!	
MONTERO_THYROID_CANCER_POOR_SURVIVAL_UP	12		Rejected!	
MOOTHA_FFA_OXYDATION	24	21		
MOOTHA_GLUCONEOGENESIS	31	27		
MOOTHA_GLYCOGEN_METABOLISM	21	16		
MOOTHA_GLYCOLYSIS	21	19		
MOOTHA_HUMAN_MITODB_6_2002	432	383		
MOOTHA_MITOCHONDRIA	451	407		
MOOTHA_PGC	421	396		
MOOTHA_PYR	8		Rejected!	
MOOTHA_ROS	7		Rejected!	
MOOTHA_TCA	16		Rejected!	
MOOTHA_VOXPHOS	87	80		
MOREAUX_B_LYMPHOCYTE_MATURATION_BY_TACI_DN	76	71		
MOREAUX_B_LYMPHOCYTE_MATURATION_BY_TACI_UP	87	65		
MOREAUX_MULTIPLE_MYELOMA_BY_TACI_DN	175	161		
MOREAUX_MULTIPLE_MYELOMA_BY_TACI_UP	375	288		
MOREIRA_RESPONSE_TO_TSA_DN	18	15		
MOREIRA_RESPONSE_TO_TSA_UP	28	22		
MORI_EMU_MYC_LYMPHOMA_BY_ONSET_TIME_DN	18	15		
MORI_EMU_MYC_LYMPHOMA_BY_ONSET_TIME_UP	111	100		
MORI_IMMATURE_B_LYMPHOCYTE_DN	90	79		
MORI_IMMATURE_B_LYMPHOCYTE_UP	52	41		
MORI_LARGE_PRE_BII_LYMPHOCYTE_DN	60	47		
MORI_LARGE_PRE_BII_LYMPHOCYTE_UP	87	78		
MORI_MATURE_B_LYMPHOCYTE_DN	76	68		
MORI_MATURE_B_LYMPHOCYTE_UP	94	76		
MORI_PLASMA_CELL_DN	35	29		
MORI_PLASMA_CELL_UP	54	47		
MORI_PRE_BI_LYMPHOCYTE_DN	80	65		
MORI_PRE_BI_LYMPHOCYTE_UP	80	69		
MORI_SMALL_PRE_BII_LYMPHOCYTE_DN	75	66		
MORI_SMALL_PRE_BII_LYMPHOCYTE_UP	77	65		
MOROSETTI_FACIOSCAPULOHUMERAL_MUSCULAR_DISTROPHY_DN	12		Rejected!	
MOROSETTI_FACIOSCAPULOHUMERAL_MUSCULAR_DISTROPHY_UP	20	19		
MOSERLE_IFNA_RESPONSE	31	29		
MOTAMED_RESPONSE_TO_ANDROGEN_DN	6		Rejected!	
MOTAMED_RESPONSE_TO_ANDROGEN_UP	6		Rejected!	
MUELLER_COMMON_TARGETS_OF_AML_FUSIONS_DN	34	26		
MUELLER_COMMON_TARGETS_OF_AML_FUSIONS_UP	14		Rejected!	
MUELLER_METHYLATED_IN_GLIOBLASTOMA	43	29		
MUELLER_PLURINET	299	268		
MULLIGAN_NTF3_SIGNALING_VIA_INSR_AND_IGF1R_DN	10		Rejected!	
MULLIGAN_NTF3_SIGNALING_VIA_INSR_AND_IGF1R_UP	22	22		
MULLIGHAN_MLL_SIGNATURE_1_DN	237	197		
MULLIGHAN_MLL_SIGNATURE_1_UP	385	337		
MULLIGHAN_MLL_SIGNATURE_2_DN	278	231		
MULLIGHAN_MLL_SIGNATURE_2_UP	420	369		
MULLIGHAN_NPM1_MUTATED_SIGNATURE_1_DN	125	103		
MULLIGHAN_NPM1_MUTATED_SIGNATURE_1_UP	265	225		
MULLIGHAN_NPM1_MUTATED_SIGNATURE_2_DN	76	64		
MULLIGHAN_NPM1_MUTATED_SIGNATURE_2_UP	130	116		
MULLIGHAN_NPM1_SIGNATURE_3_DN	161	131		
MULLIGHAN_NPM1_SIGNATURE_3_UP	335	283		
MUNSHI_MULTIPLE_MYELOMA_DN	10		Rejected!	
MUNSHI_MULTIPLE_MYELOMA_UP	77	70		
MURAKAMI_UV_RESPONSE_1HR_DN	10		Rejected!	
MURAKAMI_UV_RESPONSE_1HR_UP	15		Rejected!	
MURAKAMI_UV_RESPONSE_24HR	20	17		
MURAKAMI_UV_RESPONSE_6HR_DN	21	20		
MURAKAMI_UV_RESPONSE_6HR_UP	34	26		
MURATA_VIRULENCE_OF_H_PILORI	22	16		
MYLLYKANGAS_AMPLIFICATION_HOT_SPOT_1	6		Rejected!	
MYLLYKANGAS_AMPLIFICATION_HOT_SPOT_12	11		Rejected!	
MYLLYKANGAS_AMPLIFICATION_HOT_SPOT_13	6		Rejected!	
MYLLYKANGAS_AMPLIFICATION_HOT_SPOT_15	10		Rejected!	
MYLLYKANGAS_AMPLIFICATION_HOT_SPOT_16	9		Rejected!	
MYLLYKANGAS_AMPLIFICATION_HOT_SPOT_17	19	15		
MYLLYKANGAS_AMPLIFICATION_HOT_SPOT_18	5		Rejected!	
MYLLYKANGAS_AMPLIFICATION_HOT_SPOT_2	5		Rejected!	
MYLLYKANGAS_AMPLIFICATION_HOT_SPOT_21	6		Rejected!	
MYLLYKANGAS_AMPLIFICATION_HOT_SPOT_22	11		Rejected!	
MYLLYKANGAS_AMPLIFICATION_HOT_SPOT_23	19		Rejected!	
MYLLYKANGAS_AMPLIFICATION_HOT_SPOT_24	14		Rejected!	
MYLLYKANGAS_AMPLIFICATION_HOT_SPOT_25	9		Rejected!	
MYLLYKANGAS_AMPLIFICATION_HOT_SPOT_27	10		Rejected!	
MYLLYKANGAS_AMPLIFICATION_HOT_SPOT_29	8		Rejected!	
MYLLYKANGAS_AMPLIFICATION_HOT_SPOT_30	5		Rejected!	
MYLLYKANGAS_AMPLIFICATION_HOT_SPOT_5	6		Rejected!	
MYLLYKANGAS_AMPLIFICATION_HOT_SPOT_6	6		Rejected!	
MYLLYKANGAS_AMPLIFICATION_HOT_SPOT_7	7		Rejected!	
MYLLYKANGAS_AMPLIFICATION_HOT_SPOT_8	12		Rejected!	
MYLLYKANGAS_AMPLIFICATION_HOT_SPOT_9	8		Rejected!	
NABA_BASEMENT_MEMBRANES	40	36		
NABA_COLLAGENS	44	38		
NABA_CORE_MATRISOME	275	234		
NABA_ECM_AFFILIATED	170	113		
NABA_ECM_GLYCOPROTEINS	196	171		
NABA_ECM_REGULATORS	238	179		
NABA_MATRISOME	1026		Rejected!	
NABA_MATRISOME_ASSOCIATED	751		Rejected!	
NABA_MATRISOME_HGSOC_OMENTAL_METASTASIS	59	51		
NABA_MATRISOME_HIGHLY_METASTATIC_BREAST_CANCER	41	34		
NABA_MATRISOME_HIGHLY_METASTATIC_BREAST_CANCER_TUMOR_CELL_DERIVED	29	25		
NABA_MATRISOME_HIGHLY_METASTATIC_MELANOMA	18	18		
NABA_MATRISOME_HIGHLY_METASTATIC_MELANOMA_TUMOR_CELL_DERIVED	12		Rejected!	
NABA_MATRISOME_METASTATIC_COLORECTAL_LIVER_METASTASIS	30	23		
NABA_MATRISOME_MULTIPLE_MYELOMA	10		Rejected!	
NABA_MATRISOME_POORLY_METASTATIC_BREAST_CANCER	25	22		
NABA_MATRISOME_POORLY_METASTATIC_BREAST_CANCER_TUMOR_CELL_DERIVED	12		Rejected!	
NABA_MATRISOME_POORLY_METASTATIC_MELANOMA	38	34		
NABA_MATRISOME_POORLY_METASTATIC_MELANOMA_TUMOR_CELL_DERIVED	26	24		
NABA_MATRISOME_PRIMARY_METASTATIC_COLORECTAL_TUMOR	59	52		
NABA_PROTEOGLYCANS	35	25		
NABA_SECRETED_FACTORS	343	225		
NADELLA_PRKAR1A_TARGETS_DN	7		Rejected!	
NADELLA_PRKAR1A_TARGETS_UP	9		Rejected!	
NADERI_BREAST_CANCER_PROGNOSIS_DN	18	17		
NADERI_BREAST_CANCER_PROGNOSIS_UP	51	45		
NADLER_HYPERGLYCEMIA_AT_OBESITY	58	52		
NADLER_OBESITY_DN	49	40		
NADLER_OBESITY_UP	60	49		
NAGASHIMA_EGF_SIGNALING_UP	57	46		
NAGASHIMA_NRG1_SIGNALING_DN	54	45		
NAGASHIMA_NRG1_SIGNALING_UP	172	149		
NAGY_PCAF_COMPONENTS_HUMAN	9		Rejected!	
NAGY_STAGA_COMPONENTS_HUMAN	13		Rejected!	
NAGY_TFTC_COMPONENTS_HUMAN	18	17		
NAISHIRO_CTNNB1_TARGETS_WITH_LEF1_MOTIF	8		Rejected!	
NAKAJIMA_EOSINOPHIL	25	20		
NAKAJIMA_MAST_CELL	46	36		
NAKAMURA_ADIPOGENESIS_EARLY_DN	35	30		
NAKAMURA_ADIPOGENESIS_EARLY_UP	63	49		
NAKAMURA_ADIPOGENESIS_LATE_DN	35	27		
NAKAMURA_ADIPOGENESIS_LATE_UP	98	81		
NAKAMURA_ALVEOLAR_EPITHELIUM	5		Rejected!	
NAKAMURA_BRONCHIAL_AND_BRONCHIOLAR_EPITHELIA	7		Rejected!	
NAKAMURA_CANCER_MICROENVIRONMENT_DN	46	43		
NAKAMURA_CANCER_MICROENVIRONMENT_UP	28	16		
NAKAMURA_LUNG_CANCER	9		Rejected!	
NAKAMURA_LUNG_CANCER_DIFFERENTIATION_MARKERS	13		Rejected!	
NAKAMURA_METASTASIS	47	40		
NAKAMURA_METASTASIS_MODEL_DN	44	38		
NAKAMURA_METASTASIS_MODEL_UP	45	39		
NAKAMURA_TUMOR_ZONE_PERIPHERAL_VS_CENTRAL_DN	651		Rejected!	
NAKAMURA_TUMOR_ZONE_PERIPHERAL_VS_CENTRAL_UP	284	250		
NAKAYAMA_FRA2_TARGETS	44	38		
NAKAYAMA_SOFT_TISSUE_TUMORS_PCA1_DN	77	69		
NAKAYAMA_SOFT_TISSUE_TUMORS_PCA1_UP	83	61		
NAKAYAMA_SOFT_TISSUE_TUMORS_PCA2_DN	85	67		
NAKAYAMA_SOFT_TISSUE_TUMORS_PCA2_UP	89	80		
NAM_FXYD5_TARGETS_DN	18	16		
NATSUME_RESPONSE_TO_INTERFERON_BETA_DN	51	48		
NATSUME_RESPONSE_TO_INTERFERON_BETA_UP	70	60		
NEBEN_AML_WITH_FLT3_OR_NRAS_DN	12		Rejected!	
NEBEN_AML_WITH_FLT3_OR_NRAS_UP	8		Rejected!	
NELSON_RESPONSE_TO_ANDROGEN_DN	17	16		
NELSON_RESPONSE_TO_ANDROGEN_UP	83	71		
NEMETH_INFLAMMATORY_RESPONSE_LPS_DN	31	23		
NEMETH_INFLAMMATORY_RESPONSE_LPS_UP	83	67		
NEWMAN_ERCC6_TARGETS_DN	39	34		
NEWMAN_ERCC6_TARGETS_UP	26	22		
NGO_MALIGNANT_GLIOMA_1P_LOH	15		Rejected!	
NGUYEN_NOTCH1_TARGETS_DN	83	68		
NGUYEN_NOTCH1_TARGETS_UP	27	23		
NICK_RESPONSE_TO_PROC_TREATMENT_DN	27	22		
NICK_RESPONSE_TO_PROC_TREATMENT_UP	5		Rejected!	
NIKOLSKY_BREAST_CANCER_10Q22_AMPLICON	8		Rejected!	
NIKOLSKY_BREAST_CANCER_11Q12_Q14_AMPLICON	158	125		
NIKOLSKY_BREAST_CANCER_12Q13_Q21_AMPLICON	46	39		
NIKOLSKY_BREAST_CANCER_12Q24_AMPLICON	15		Rejected!	
NIKOLSKY_BREAST_CANCER_14Q22_AMPLICON	14		Rejected!	
NIKOLSKY_BREAST_CANCER_15Q26_AMPLICON	22	16		
NIKOLSKY_BREAST_CANCER_16P13_AMPLICON	119	93		
NIKOLSKY_BREAST_CANCER_16Q24_AMPLICON	52	44		
NIKOLSKY_BREAST_CANCER_17P11_AMPLICON	10		Rejected!	
NIKOLSKY_BREAST_CANCER_17Q11_Q21_AMPLICON	132	90		
NIKOLSKY_BREAST_CANCER_17Q21_Q25_AMPLICON	334	278		
NIKOLSKY_BREAST_CANCER_19P13_AMPLICON	5		Rejected!	
NIKOLSKY_BREAST_CANCER_19Q13.1_AMPLICON	22	19		
NIKOLSKY_BREAST_CANCER_19Q13.4_AMPLICON	7		Rejected!	
NIKOLSKY_BREAST_CANCER_1Q21_AMPLICON	38	32		
NIKOLSKY_BREAST_CANCER_1Q32_AMPLICON	13		Rejected!	
NIKOLSKY_BREAST_CANCER_20P13_AMPLICON	8		Rejected!	
NIKOLSKY_BREAST_CANCER_20Q11_AMPLICON	31	29		
NIKOLSKY_BREAST_CANCER_20Q12_Q13_AMPLICON	149	125		
NIKOLSKY_BREAST_CANCER_21Q22_AMPLICON	16		Rejected!	
NIKOLSKY_BREAST_CANCER_22Q13_AMPLICON	17		Rejected!	
NIKOLSKY_BREAST_CANCER_5P15_AMPLICON	26	19		
NIKOLSKY_BREAST_CANCER_6P24_P22_AMPLICON	21	20		
NIKOLSKY_BREAST_CANCER_7P15_AMPLICON	11		Rejected!	
NIKOLSKY_BREAST_CANCER_7P22_AMPLICON	38	31		
NIKOLSKY_BREAST_CANCER_7Q21_Q22_AMPLICON	75	67		
NIKOLSKY_BREAST_CANCER_8P12_P11_AMPLICON	57	43		
NIKOLSKY_BREAST_CANCER_8Q12_Q22_AMPLICON	132	117		
NIKOLSKY_BREAST_CANCER_8Q23_Q24_AMPLICON	157	136		
NIKOLSKY_MUTATED_AND_AMPLIFIED_IN_BREAST_CANCER	94	77		
NIKOLSKY_OVERCONNECTED_IN_BREAST_CANCER	21	16		
NOJIMA_SFRP2_TARGETS_DN	26	21		
NOJIMA_SFRP2_TARGETS_UP	32	25		
NOURUZI_NEPC_ASCL1_TARGETS	159	101		
NOUSHMEHR_GBM_GERMLINE_MUTATED	8		Rejected!	
NOUSHMEHR_GBM_SILENCED_BY_METHYLATION	50	45		
NOUSHMEHR_GBM_SOMATIC_MUTATED	9		Rejected!	
NOUZOVA_METHYLATED_IN_APL	66	53		
NOUZOVA_TRETINOIN_AND_H4_ACETYLATION	138	123		
NUMATA_CSF3_SIGNALING_VIA_STAT3	21	16		
NUNODA_RESPONSE_TO_DASATINIB_IMATINIB_DN	13		Rejected!	
NUNODA_RESPONSE_TO_DASATINIB_IMATINIB_UP	29	27		
NUTT_GBM_VS_AO_GLIOMA_DN	46	39		
NUTT_GBM_VS_AO_GLIOMA_UP	46	43		
NUYTTEN_EZH2_TARGETS_DN	1023		Rejected!	
NUYTTEN_EZH2_TARGETS_UP	1033		Rejected!	
NUYTTEN_NIPP1_TARGETS_DN	845		Rejected!	
NUYTTEN_NIPP1_TARGETS_UP	768		Rejected!	
ODONNELL_METASTASIS_DN	24	23		
ODONNELL_METASTASIS_UP	76	60		
ODONNELL_TARGETS_OF_MYC_AND_TFRC_DN	46	41		
ODONNELL_TARGETS_OF_MYC_AND_TFRC_UP	83	66		
ODONNELL_TFRC_TARGETS_DN	139	115		
ODONNELL_TFRC_TARGETS_UP	442	291		
OHASHI_AURKA_TARGETS	5		Rejected!	
OHASHI_AURKB_TARGETS	8		Rejected!	
OHGUCHI_LIVER_HNF4A_TARGETS_DN	170	117		
OHGUCHI_LIVER_HNF4A_TARGETS_UP	50	39		
OHM_EMBRYONIC_CARCINOMA_DN	8		Rejected!	
OHM_EMBRYONIC_CARCINOMA_UP	6		Rejected!	
OHM_METHYLATED_IN_ADULT_CANCERS	27	22		
OISHI_CHOLANGIOMA_STEM_CELL_LIKE_DN	274	233		
OISHI_CHOLANGIOMA_STEM_CELL_LIKE_UP	346	311		
OKAWA_NEUROBLASTOMA_1P36_31_DELETION	22	21		
OKUMURA_INFLAMMATORY_RESPONSE_LPS	182	151		
OLSSON_E2F3_TARGETS_DN	39	34		
OLSSON_E2F3_TARGETS_UP	26	23		
ONDER_CDH1_SIGNALING_VIA_CTNNB1	84	71		
ONDER_CDH1_TARGETS_1_DN	170	144		
ONDER_CDH1_TARGETS_1_UP	141	122		
ONDER_CDH1_TARGETS_2_DN	473	395		
ONDER_CDH1_TARGETS_2_UP	257	233		
ONDER_CDH1_TARGETS_3_DN	59	46		
ONDER_CDH1_TARGETS_3_UP	18	15		
ONGUSAHA_BRCA1_TARGETS_DN	11		Rejected!	
ONGUSAHA_BRCA1_TARGETS_UP	13		Rejected!	
ONGUSAHA_TP53_TARGETS	38	31		
ONKEN_UVEAL_MELANOMA_DN	533	473		
ONKEN_UVEAL_MELANOMA_UP	790		Rejected!	
ONO_AML1_TARGETS_DN	40	25		
ONO_AML1_TARGETS_UP	24		Rejected!	
ONO_FOXP3_TARGETS_DN	42	29		
ONO_FOXP3_TARGETS_UP	23		Rejected!	
OSADA_ASCL1_TARGETS_DN	24	21		
OSADA_ASCL1_TARGETS_UP	46	40		
OSAWA_TNF_TARGETS	10		Rejected!	
OSMAN_BLADDER_CANCER_DN	432	352		
OSMAN_BLADDER_CANCER_UP	403	354		
OSWALD_HEMATOPOIETIC_STEM_CELL_IN_COLLAGEN_GEL_DN	281	240		
OSWALD_HEMATOPOIETIC_STEM_CELL_IN_COLLAGEN_GEL_UP	224	179		
OUELLET_CULTURED_OVARIAN_CANCER_INVASIVE_VS_LMP_DN	35	25		
OUELLET_CULTURED_OVARIAN_CANCER_INVASIVE_VS_LMP_UP	69	63		
OUELLET_OVARIAN_CANCER_INVASIVE_VS_LMP_DN	12		Rejected!	
OUELLET_OVARIAN_CANCER_INVASIVE_VS_LMP_UP	118	108		
OUILLETTE_CLL_13Q14_DELETION_DN	55	46		
OUILLETTE_CLL_13Q14_DELETION_UP	77	67		
OUYANG_PROSTATE_CANCER_MARKERS	21	19		
OUYANG_PROSTATE_CANCER_PROGRESSION_DN	21	17		
OUYANG_PROSTATE_CANCER_PROGRESSION_UP	21	17		
OZANNE_AP1_TARGETS_UP	14		Rejected!	
OZEN_MIR125B1_TARGETS	23	18		
PACHER_TARGETS_OF_IGF1_AND_IGF2_UP	37	34		
PALOMERO_GSI_SENSITIVITY_DN	5		Rejected!	
PALOMERO_GSI_SENSITIVITY_UP	7		Rejected!	
PAL_PRMT5_TARGETS_DN	29	24		
PAL_PRMT5_TARGETS_UP	204	185		
PANGAS_TUMOR_SUPPRESSION_BY_SMAD1_AND_SMAD5_DN	148	125		
PANGAS_TUMOR_SUPPRESSION_BY_SMAD1_AND_SMAD5_UP	134	110		
PAPASPYRIDONOS_UNSTABLE_ATEROSCLEROTIC_PLAQUE_DN	43	38		
PAPASPYRIDONOS_UNSTABLE_ATEROSCLEROTIC_PLAQUE_UP	53	42		
PARENT_MTOR_SIGNALING_DN	44	37		
PARENT_MTOR_SIGNALING_UP	569		Rejected!	
PARK_APL_PATHOGENESIS_DN	48	40		
PARK_APL_PATHOGENESIS_UP	14		Rejected!	
PARK_HSC_AND_MULTIPOTENT_PROGENITORS	45	38		
PARK_HSC_MARKERS	44	40		
PARK_HSC_VS_MULTIPOTENT_PROGENITORS_DN	15		Rejected!	
PARK_HSC_VS_MULTIPOTENT_PROGENITORS_UP	19	17		
PARK_OSTEOBLAST_DIFFERENTIATION_BY_PHENYLAMIL_DN	6		Rejected!	
PARK_OSTEOBLAST_DIFFERENTIATION_BY_PHENYLAMIL_UP	12		Rejected!	
PARK_TRETINOIN_RESPONSE	12		Rejected!	
PARK_TRETINOIN_RESPONSE_AND_PML_RARA_FUSION	30	27		
PARK_TRETINOIN_RESPONSE_AND_RARA_PLZF_FUSION	23	19		
PASINI_SUZ12_TARGETS_DN	316	282		
PASINI_SUZ12_TARGETS_UP	115	89		
PASQUALUCCI_LYMPHOMA_BY_GC_STAGE_DN	170	151		
PASQUALUCCI_LYMPHOMA_BY_GC_STAGE_UP	286	267		
PASTURAL_RIZ1_TARGETS_DN	5		Rejected!	
PASTURAL_RIZ1_TARGETS_UP	10		Rejected!	
PATIL_LIVER_CANCER	660		Rejected!	
PEART_HDAC_PROLIFERATION_CLUSTER_DN	71	61		
PEART_HDAC_PROLIFERATION_CLUSTER_UP	53	47		
PECE_MAMMARY_STEM_CELL_DN	143	129		
PECE_MAMMARY_STEM_CELL_UP	138	126		
PEDERSEN_METASTASIS_BY_ERBB2_ISOFORM_1	46	44		
PEDERSEN_METASTASIS_BY_ERBB2_ISOFORM_3	20		Rejected!	
PEDERSEN_METASTASIS_BY_ERBB2_ISOFORM_4	108	91		
PEDERSEN_METASTASIS_BY_ERBB2_ISOFORM_5	11		Rejected!	
PEDERSEN_METASTASIS_BY_ERBB2_ISOFORM_6	29	25		
PEDERSEN_METASTASIS_BY_ERBB2_ISOFORM_7	398	350		
PEDERSEN_TARGETS_OF_611CTF_ISOFORM_OF_ERBB2	75	66		
PEDRIOLI_MIR31_TARGETS_DN	413	349		
PEDRIOLI_MIR31_TARGETS_UP	223	169		
PELLICCIOTTA_HDAC_IN_ANTIGEN_PRESENTATION_DN	49	42		
PELLICCIOTTA_HDAC_IN_ANTIGEN_PRESENTATION_UP	64	60		
PEPPER_CHRONIC_LYMPHOCYTIC_LEUKEMIA_DN	23		Rejected!	
PEPPER_CHRONIC_LYMPHOCYTIC_LEUKEMIA_UP	32	24		
PEREZ_TP53_AND_TP63_TARGETS	208	182		
PEREZ_TP53_TARGETS	1208		Rejected!	
PEREZ_TP63_TARGETS	358	302		
PETRETTO_BLOOD_PRESSURE_DN	9		Rejected!	
PETRETTO_BLOOD_PRESSURE_UP	12		Rejected!	
PETRETTO_CARDIAC_HYPERTROPHY	34	28		
PETRETTO_HEART_MASS_QTL_CIS_DN	28	25		
PETRETTO_HEART_MASS_QTL_CIS_UP	34	32		
PETRETTO_LEFT_VENTRICLE_MASS_QTL_CIS_DN	11		Rejected!	
PETRETTO_LEFT_VENTRICLE_MASS_QTL_CIS_UP	6		Rejected!	
PETROVA_ENDOTHELIUM_LYMPHATIC_VS_BLOOD_DN	162	146		
PETROVA_ENDOTHELIUM_LYMPHATIC_VS_BLOOD_UP	131	121		
PETROVA_PROX1_TARGETS_DN	56	52		
PETROVA_PROX1_TARGETS_UP	25	23		
PHESSE_TARGETS_OF_APC_AND_MBD2_DN	12		Rejected!	
PHESSE_TARGETS_OF_APC_AND_MBD2_UP	17		Rejected!	
PHONG_TNF_RESPONSE_NOT_VIA_P38	341	308		
PHONG_TNF_RESPONSE_VIA_P38_COMPLETE	224	207		
PHONG_TNF_RESPONSE_VIA_P38_PARTIAL	163	143		
PHONG_TNF_TARGETS_DN	8		Rejected!	
PHONG_TNF_TARGETS_UP	63	51		
PICCALUGA_ANGIOIMMUNOBLASTIC_LYMPHOMA_DN	135	106		
PICCALUGA_ANGIOIMMUNOBLASTIC_LYMPHOMA_UP	211	179		
PIEPOLI_LGI1_TARGETS_DN	17		Rejected!	
PIEPOLI_LGI1_TARGETS_UP	17		Rejected!	
PILON_KLF1_TARGETS_UP	499	424		
PIONTEK_PKD1_TARGETS_DN	18		Rejected!	
PIONTEK_PKD1_TARGETS_UP	41	32		
PLASARI_NFIC_TARGETS_BASAL_DN	21	19		
PLASARI_NFIC_TARGETS_BASAL_UP	29	26		
PLASARI_TGFB1_SIGNALING_VIA_NFIC_10HR_DN	32	29		
PLASARI_TGFB1_SIGNALING_VIA_NFIC_10HR_UP	58	50		
PLASARI_TGFB1_SIGNALING_VIA_NFIC_1HR_DN	109	95		
PLASARI_TGFB1_SIGNALING_VIA_NFIC_1HR_UP	34	29		
PLASARI_TGFB1_TARGETS_10HR_DN	253	225		
PLASARI_TGFB1_TARGETS_10HR_UP	196	173		
PLASARI_TGFB1_TARGETS_1HR_DN	5		Rejected!	
PLASARI_TGFB1_TARGETS_1HR_UP	33	31		
PODAR_RESPONSE_TO_ADAPHOSTIN_DN	18	17		
PODAR_RESPONSE_TO_ADAPHOSTIN_UP	148	127		
POMEROY_MEDULLOBLASTOMA_DESMOPLASIC_VS_CLASSIC_DN	61	54		
POMEROY_MEDULLOBLASTOMA_DESMOPLASIC_VS_CLASSIC_UP	63	57		
POMEROY_MEDULLOBLASTOMA_PROGNOSIS_DN	44	41		
POMEROY_MEDULLOBLASTOMA_PROGNOSIS_UP	48	44		
POOLA_INVASIVE_BREAST_CANCER_DN	133	115		
POOLA_INVASIVE_BREAST_CANCER_UP	292	218		
POS_HISTAMINE_RESPONSE_NETWORK	31	27		
POS_RESPONSE_TO_HISTAMINE_DN	11		Rejected!	
POS_RESPONSE_TO_HISTAMINE_UP	12		Rejected!	
PRAMOONJAGO_SOX4_TARGETS_DN	49	44		
PRAMOONJAGO_SOX4_TARGETS_UP	52	42		
PROVENZANI_METASTASIS_DN	142	124		
PROVENZANI_METASTASIS_UP	203	184		
PUIFFE_INVASION_INHIBITED_BY_ASCITES_DN	146	139		
PUIFFE_INVASION_INHIBITED_BY_ASCITES_UP	80	70		
PUJANA_ATM_PCC_NETWORK	1394		Rejected!	
PUJANA_BRCA1_PCC_NETWORK	1623		Rejected!	
PUJANA_BRCA2_PCC_NETWORK	426	373		
PUJANA_BRCA_CENTERED_NETWORK	118	104		
PUJANA_BREAST_CANCER_LIT_INT_NETWORK	101	84		
PUJANA_BREAST_CANCER_WITH_BRCA1_MUTATED_DN	9		Rejected!	
PUJANA_BREAST_CANCER_WITH_BRCA1_MUTATED_UP	55	50		
PUJANA_CHEK2_PCC_NETWORK	762		Rejected!	
PUJANA_XPRSS_INT_NETWORK	168	148		
PULVER_FOREY_CELLCYCLE_ENRICHED_TFS_G1_S	48	43		
PULVER_FOREY_CELLCYCLE_ENRICHED_TFS_G2	372	329		
PULVER_FOREY_CELLCYCLE_ENRICHED_TFS_G2_M	314	273		
PULVER_FOREY_CELLCYCLE_ENRICHED_TFS_M	70	59		
PULVER_FOREY_CELLCYCLE_ENRICHED_TFS_S1	98	86		
PULVER_FOREY_CELLCYCLE_ENRICHED_TFS_S2	363	321		
PULVER_FOREY_CELLCYCLE_PEAKING_EG1	469	420		
PULVER_FOREY_CELLCYCLE_PEAKING_G1_S	619		Rejected!	
PULVER_FOREY_CELLCYCLE_PEAKING_G2	776		Rejected!	
PULVER_FOREY_CELLCYCLE_PEAKING_G2_M	735		Rejected!	
PULVER_FOREY_CELLCYCLE_PEAKING_LG1	383	349		
PULVER_FOREY_CELLCYCLE_PEAKING_M	545	491		
PULVER_FOREY_CELLCYCLE_PEAKING_S1	729		Rejected!	
PULVER_FOREY_CELLCYCLE_PEAKING_S2	633		Rejected!	
PULVER_FOREY_PERTURB_ACCUMULATION_G1_S	543	481		
PULVER_FOREY_PERTURB_ACCUMULATION_G2_M	473	431		
PULVER_FOREY_PERTURB_ACCUMULATION_LG1	1102		Rejected!	
PULVER_FOREY_PERTURB_ACCUMULATION_M_EG1	306	275		
PULVER_FOREY_PERTURB_ACCUMULATION_S	516	477		
PULVER_FOREY_PERTURB_ATTRITION_G1_S	580		Rejected!	
PULVER_FOREY_PERTURB_ATTRITION_G2_M	535	499		
PULVER_FOREY_PERTURB_ATTRITION_LG1	447	407		
PULVER_FOREY_PERTURB_ATTRITION_M_EG1	749		Rejected!	
PULVER_FOREY_PERTURB_ATTRITION_S	676		Rejected!	
PURBEY_TARGETS_OF_CTBP1_AND_SATB1_DN	161	138		
PURBEY_TARGETS_OF_CTBP1_AND_SATB1_UP	77	61		
PURBEY_TARGETS_OF_CTBP1_NOT_SATB1_DN	403	338		
PURBEY_TARGETS_OF_CTBP1_NOT_SATB1_UP	296	248		
PURWIN_A375_MEWO_COMMON_SOX10_TARGETS	29	24		
PURWIN_A375_SOX10_TARGETS	55	42		
PURWIN_MEWO_SOX10_TARGETS	92	74		
PYEON_CANCER_HEAD_AND_NECK_VS_CERVICAL_DN	29	20		
PYEON_CANCER_HEAD_AND_NECK_VS_CERVICAL_UP	196	174		
PYEON_HPV_POSITIVE_TUMORS_DN	10		Rejected!	
PYEON_HPV_POSITIVE_TUMORS_UP	103	86		
QI_HYPOXIA	133	127		
QI_HYPOXIA_TARGETS_OF_HIF1A_AND_FOXA2	35	31		
QI_PLASMACYTOMA_DN	98	88		
QI_PLASMACYTOMA_UP	254	198		
QUINTENS_EMBRYONIC_BRAIN_RESPONSE_TO_IR	82	75		
RADAEVA_RESPONSE_TO_IFNA1_DN	10		Rejected!	
RADAEVA_RESPONSE_TO_IFNA1_UP	47	43		
RADMACHER_AML_PROGNOSIS	81	70		
RAFFEL_VEGFA_TARGETS_DN	5		Rejected!	
RAFFEL_VEGFA_TARGETS_UP	9		Rejected!	
RAGHAVACHARI_PLATELET_SPECIFIC_GENES	72	58		
RAHMAN_TP53_TARGETS_PHOSPHORYLATED	20	17		
RAMALHO_STEMNESS_DN	72	50		
RAMALHO_STEMNESS_UP	196	185		
RAMASWAMY_METASTASIS_DN	59	46		
RAMASWAMY_METASTASIS_UP	66	63		
RAMJAUN_APOPTOSIS_BY_TGFB1_VIA_MAPK1_DN	8		Rejected!	
RAMJAUN_APOPTOSIS_BY_TGFB1_VIA_MAPK1_UP	6		Rejected!	
RAMJAUN_APOPTOSIS_BY_TGFB1_VIA_SMAD4_DN	10		Rejected!	
RAMJAUN_APOPTOSIS_BY_TGFB1_VIA_SMAD4_UP	10		Rejected!	
RAMPON_ENRICHED_LEARNING_ENVIRONMENT_EARLY_DN	10		Rejected!	
RAMPON_ENRICHED_LEARNING_ENVIRONMENT_EARLY_UP	14		Rejected!	
RAMPON_ENRICHED_LEARNING_ENVIRONMENT_LATE_UP	21	18		
RANKIN_ANGIOGENIC_TARGETS_OF_VHL_HIF2A_DN	8		Rejected!	
RANKIN_ANGIOGENIC_TARGETS_OF_VHL_HIF2A_UP	5		Rejected!	
RAO_BOUND_BY_SALL4	228	193		
RAO_BOUND_BY_SALL4_ISOFORM_A	195	146		
RAO_BOUND_BY_SALL4_ISOFORM_B	527	450		
RASHI_NFKB1_TARGETS	18		Rejected!	
RASHI_RESPONSE_TO_IONIZING_RADIATION_1	39	31		
RASHI_RESPONSE_TO_IONIZING_RADIATION_2	125	100		
RASHI_RESPONSE_TO_IONIZING_RADIATION_3	47	40		
RASHI_RESPONSE_TO_IONIZING_RADIATION_4	48	41		
RASHI_RESPONSE_TO_IONIZING_RADIATION_5	134	115		
RASHI_RESPONSE_TO_IONIZING_RADIATION_6	99	58		
RATTENBACHER_BOUND_BY_CELF1	449	341		
RAY_ALZHEIMERS_DISEASE	13		Rejected!	
RAY_TARGETS_OF_P210_BCR_ABL_FUSION_DN	15		Rejected!	
RAY_TARGETS_OF_P210_BCR_ABL_FUSION_UP	16		Rejected!	
RAY_TUMORIGENESIS_BY_ERBB2_CDC25A_DN	266	235		
RAY_TUMORIGENESIS_BY_ERBB2_CDC25A_UP	204	155		
REICHERT_G1S_REGULATORS_AS_PI3K_TARGETS	8		Rejected!	
REICHERT_MITOSIS_LIN9_TARGETS	27	27		
REN_ALVEOLAR_RHABDOMYOSARCOMA_DN	407	381		
REN_ALVEOLAR_RHABDOMYOSARCOMA_UP	99	85		
REN_BOUND_BY_E2F	62	52		
REN_MIF_TARGETS_DN	5		Rejected!	
RHEIN_ALL_GLUCOCORTICOID_THERAPY_DN	368	332		
RHEIN_ALL_GLUCOCORTICOID_THERAPY_UP	76	55		
RHODES_CANCER_META_SIGNATURE	65	61		
RHODES_UNDIFFERENTIATED_CANCER	69	67		
RICKMAN_HEAD_AND_NECK_CANCER_A	104	93		
RICKMAN_HEAD_AND_NECK_CANCER_B	57	34		
RICKMAN_HEAD_AND_NECK_CANCER_C	116	69		
RICKMAN_HEAD_AND_NECK_CANCER_D	40	21		
RICKMAN_HEAD_AND_NECK_CANCER_E	88	54		
RICKMAN_HEAD_AND_NECK_CANCER_F	55	43		
RICKMAN_METASTASIS_DN	262	226		
RICKMAN_METASTASIS_UP	350	318		
RICKMAN_TUMOR_DIFFERENTIATED_MODERATELY_VS_POORLY_DN	16		Rejected!	
RICKMAN_TUMOR_DIFFERENTIATED_MODERATELY_VS_POORLY_UP	125	110		
RICKMAN_TUMOR_DIFFERENTIATED_WELL_VS_MODERATELY_DN	113	79		
RICKMAN_TUMOR_DIFFERENTIATED_WELL_VS_MODERATELY_UP	107	94		
RICKMAN_TUMOR_DIFFERENTIATED_WELL_VS_POORLY_DN	384	333		
RICKMAN_TUMOR_DIFFERENTIATED_WELL_VS_POORLY_UP	242	223		
RIEGE_DELTANP63_DIRECT_TARGETS_UP	138	124		
RIGGINS_TAMOXIFEN_RESISTANCE_DN	221	192		
RIGGINS_TAMOXIFEN_RESISTANCE_UP	68	58		
RIGGI_EWING_SARCOMA_PROGENITOR_DN	195	172		
RIGGI_EWING_SARCOMA_PROGENITOR_UP	439	392		
RIZKI_TUMOR_INVASIVENESS_2D_DN	63	58		
RIZKI_TUMOR_INVASIVENESS_2D_UP	69	57		
RIZKI_TUMOR_INVASIVENESS_3D_DN	262	222		
RIZKI_TUMOR_INVASIVENESS_3D_UP	209	167		
RIZ_ERYTHROID_DIFFERENTIATION	82	71		
RIZ_ERYTHROID_DIFFERENTIATION_12HR	37	32		
RIZ_ERYTHROID_DIFFERENTIATION_6HR	38	28		
RIZ_ERYTHROID_DIFFERENTIATION_APOBEC2	25	20		
RIZ_ERYTHROID_DIFFERENTIATION_CCNE1	43	40		
RIZ_ERYTHROID_DIFFERENTIATION_HBZ	37	30		
RIZ_ERYTHROID_DIFFERENTIATION_HEMGN	26	20		
RODRIGUES_DCC_TARGETS_DN	120	109		
RODRIGUES_DCC_TARGETS_UP	6		Rejected!	
RODRIGUES_NTN1_AND_DCC_TARGETS	35	28		
RODRIGUES_NTN1_TARGETS_DN	160	136		
RODRIGUES_NTN1_TARGETS_UP	17	16		
RODRIGUES_THYROID_CARCINOMA_ANAPLASTIC_DN	541	469		
RODRIGUES_THYROID_CARCINOMA_ANAPLASTIC_UP	720		Rejected!	
RODRIGUES_THYROID_CARCINOMA_DN	77	69		
RODRIGUES_THYROID_CARCINOMA_POORLY_DIFFERENTIATED_DN	804		Rejected!	
RODRIGUES_THYROID_CARCINOMA_POORLY_DIFFERENTIATED_UP	645		Rejected!	
RODRIGUES_THYROID_CARCINOMA_UP	16	16		
RODWELL_AGING_KIDNEY_DN	148	126		
RODWELL_AGING_KIDNEY_NO_BLOOD_DN	148	132		
RODWELL_AGING_KIDNEY_NO_BLOOD_UP	223	193		
RODWELL_AGING_KIDNEY_UP	499	410		
ROESSLER_LIVER_CANCER_METASTASIS_DN	51	47		
ROESSLER_LIVER_CANCER_METASTASIS_UP	106	88		
ROETH_TERT_TARGETS_DN	9		Rejected!	
ROETH_TERT_TARGETS_UP	14		Rejected!	
ROPERO_HDAC2_TARGETS	112	85		
RORIE_TARGETS_OF_EWSR1_FLI1_FUSION_DN	28	27		
RORIE_TARGETS_OF_EWSR1_FLI1_FUSION_UP	28	23		
ROSS_ACUTE_MYELOID_LEUKEMIA_CBF	82	67		
ROSS_AML_OF_FAB_M7_TYPE	70	61		
ROSS_AML_WITH_AML1_ETO_FUSION	79	66		
ROSS_AML_WITH_CBFB_MYH11_FUSION	52	43		
ROSS_AML_WITH_MLL_FUSIONS	80	65		
ROSS_AML_WITH_PML_RARA_FUSION	80	69		
ROSS_LEUKEMIA_WITH_MLL_FUSIONS	79	65		
ROSTY_CERVICAL_CANCER_PROLIFERATION_CLUSTER	140	132		
ROVERSI_GLIOMA_COPY_NUMBER_DN	54	47		
ROVERSI_GLIOMA_COPY_NUMBER_UP	100	82		
ROVERSI_GLIOMA_LOH_REGIONS	45	34		
ROYLANCE_BREAST_CANCER_16Q_COPY_NUMBER_DN	26	18		
ROYLANCE_BREAST_CANCER_16Q_COPY_NUMBER_UP	64	47		
ROY_WOUND_BLOOD_VESSEL_DN	23	20		
ROY_WOUND_BLOOD_VESSEL_UP	50	45		
ROZANOV_MMP14_CORRELATED	11		Rejected!	
ROZANOV_MMP14_TARGETS_DN	35	31		
ROZANOV_MMP14_TARGETS_SUBSET	33	31		
ROZANOV_MMP14_TARGETS_UP	267	241		
RUAN_RESPONSE_TO_TNF_DN	79	70		
RUAN_RESPONSE_TO_TNF_TROGLITAZONE_DN	39	33		
RUAN_RESPONSE_TO_TNF_TROGLITAZONE_UP	16		Rejected!	
RUAN_RESPONSE_TO_TNF_UP	12		Rejected!	
RUAN_RESPONSE_TO_TROGLITAZONE_DN	17		Rejected!	
RUAN_RESPONSE_TO_TROGLITAZONE_UP	24	22		
RUIZ_TNC_TARGETS_DN	143	131		
RUIZ_TNC_TARGETS_UP	156	144		
RUNNE_GENDER_EFFECT_UP	9		Rejected!	
RUTELLA_RESPONSE_TO_CSF2RB_AND_IL4_DN	320	269		
RUTELLA_RESPONSE_TO_CSF2RB_AND_IL4_UP	341	294		
RUTELLA_RESPONSE_TO_HGF_DN	240	198		
RUTELLA_RESPONSE_TO_HGF_UP	421	365		
RUTELLA_RESPONSE_TO_HGF_VS_CSF2RB_AND_IL4_DN	250	203		
RUTELLA_RESPONSE_TO_HGF_VS_CSF2RB_AND_IL4_UP	411	360		
RYAN_MANTLE_CELL_LYMPHOMA_NOTCH_DIRECT_UP	148	115		
SABATES_COLORECTAL_ADENOMA_DN	299	222		
SABATES_COLORECTAL_ADENOMA_SIZE_DN	13		Rejected!	
SABATES_COLORECTAL_ADENOMA_SIZE_UP	24	15		
SABATES_COLORECTAL_ADENOMA_UP	140	110		
SAENZ_DETOX_PATHWAY_AND_CARCINOGENESIS_DN	14		Rejected!	
SAFFORD_T_LYMPHOCYTE_ANERGY	89	74		
SAGIV_CD24_TARGETS_DN	45	38		
SAGIV_CD24_TARGETS_UP	22	19		
SAKAI_CHRONIC_HEPATITIS_VS_LIVER_CANCER_DN	36	28		
SAKAI_CHRONIC_HEPATITIS_VS_LIVER_CANCER_UP	82	74		
SAKAI_TUMOR_INFILTRATING_MONOCYTES_DN	81	70		
SAKAI_TUMOR_INFILTRATING_MONOCYTES_UP	27	25		
SALVADOR_MARTIN_PEDIATRIC_TBD_ANTI_TNF_THERAPY_NONRESPONDER_POST_TREATMENT_DN	16		Rejected!	
SALVADOR_MARTIN_PEDIATRIC_TBD_ANTI_TNF_THERAPY_NONRESPONDER_POST_TREATMENT_UP	26	19		
SALVADOR_MARTIN_PEDIATRIC_TBD_ANTI_TNF_THERAPY_NONRESPONDER_PRE_TREATMENT_UP	29	19		
SAMOLS_TARGETS_OF_KHSV_MIRNAS_DN	60	52		
SAMOLS_TARGETS_OF_KHSV_MIRNAS_UP	8		Rejected!	
SANA_RESPONSE_TO_IFNG_DN	87	83		
SANA_RESPONSE_TO_IFNG_UP	75	65		
SANA_TNF_SIGNALING_DN	85	78		
SANA_TNF_SIGNALING_UP	83	73		
SANCHEZ_MDM2_TARGETS	15		Rejected!	
SANDERSON_PPARA_TARGETS	15		Rejected!	
SANSOM_APC_MYC_TARGETS	241	215		
SANSOM_APC_TARGETS	209	175		
SANSOM_APC_TARGETS_DN	369	293		
SANSOM_APC_TARGETS_REQUIRE_MYC	225	206		
SANSOM_APC_TARGETS_UP	131	109		
SANSOM_WNT_PATHWAY_REQUIRE_MYC	63	57		
SARRIO_EPITHELIAL_MESENCHYMAL_TRANSITION_DN	145	117		
SARRIO_EPITHELIAL_MESENCHYMAL_TRANSITION_UP	166	151		
SARTIPY_BLUNTED_BY_INSULIN_RESISTANCE_DN	18	17		
SARTIPY_BLUNTED_BY_INSULIN_RESISTANCE_UP	17	16		
SARTIPY_NORMAL_AT_INSULIN_RESISTANCE_DN	19	17		
SARTIPY_NORMAL_AT_INSULIN_RESISTANCE_UP	30	28		
SASAI_RESISTANCE_TO_NEOPLASTIC_TRANSFROMATION	50	47		
SASAI_TARGETS_OF_CXCR6_AND_PTCH1_DN	8		Rejected!	
SASAI_TARGETS_OF_CXCR6_AND_PTCH1_UP	14		Rejected!	
SASAKI_ADULT_T_CELL_LEUKEMIA	168	148		
SASAKI_TARGETS_OF_TP73_AND_TP63	12		Rejected!	
SASSON_FSH_RESPONSE	7		Rejected!	
SASSON_RESPONSE_TO_FORSKOLIN_DN	85	73		
SASSON_RESPONSE_TO_FORSKOLIN_UP	88	79		
SASSON_RESPONSE_TO_GONADOTROPHINS_DN	86	75		
SASSON_RESPONSE_TO_GONADOTROPHINS_UP	86	76		
SATO_SILENCED_BY_DEACETYLATION_IN_PANCREATIC_CANCER	47	34		
SATO_SILENCED_BY_METHYLATION_IN_PANCREATIC_CANCER_1	423	331		
SATO_SILENCED_BY_METHYLATION_IN_PANCREATIC_CANCER_2	47	41		
SATO_SILENCED_EPIGENETICALLY_IN_PANCREATIC_CANCER	47	33		
SAUL_SEN_MAYO	124	103		
SCHAEFFER_PROSTATE_DEVELOPMENT_12HR_DN	54	48		
SCHAEFFER_PROSTATE_DEVELOPMENT_12HR_UP	111	96		
SCHAEFFER_PROSTATE_DEVELOPMENT_48HR_DN	409	358		
SCHAEFFER_PROSTATE_DEVELOPMENT_48HR_UP	449	392		
SCHAEFFER_PROSTATE_DEVELOPMENT_6HR_DN	466	414		
SCHAEFFER_PROSTATE_DEVELOPMENT_6HR_UP	158	136		
SCHAEFFER_PROSTATE_DEVELOPMENT_AND_CANCER_BOX1_DN	10		Rejected!	
SCHAEFFER_PROSTATE_DEVELOPMENT_AND_CANCER_BOX1_UP	14		Rejected!	
SCHAEFFER_PROSTATE_DEVELOPMENT_AND_CANCER_BOX2_DN	7		Rejected!	
SCHAEFFER_PROSTATE_DEVELOPMENT_AND_CANCER_BOX2_UP	6		Rejected!	
SCHAEFFER_PROSTATE_DEVELOPMENT_AND_CANCER_BOX3	5		Rejected!	
SCHAEFFER_PROSTATE_DEVELOPMENT_AND_CANCER_BOX4_DN	33	28		
SCHAEFFER_PROSTATE_DEVELOPMENT_AND_CANCER_BOX4_UP	11		Rejected!	
SCHAEFFER_PROSTATE_DEVELOPMENT_AND_CANCER_BOX5_DN	8		Rejected!	
SCHAEFFER_PROSTATE_DEVELOPMENT_AND_CANCER_BOX5_UP	11		Rejected!	
SCHAEFFER_PROSTATE_DEVELOPMENT_AND_CANCER_BOX6_DN	5		Rejected!	
SCHAEFFER_PROSTATE_DEVELOPMENT_AND_CANCER_BOX6_UP	7		Rejected!	
SCHAEFFER_SOX9_TARGETS_IN_PROSTATE_DEVELOPMENT_DN	45	39		
SCHAEFFER_SOX9_TARGETS_IN_PROSTATE_DEVELOPMENT_UP	21	21		
SCHAVOLT_TARGETS_OF_TP53_AND_TP63	15		Rejected!	
SCHEIDEREIT_IKK_INTERACTING_PROTEINS	53	44		
SCHEIDEREIT_IKK_TARGETS	18		Rejected!	
SCHLESINGER_H3K27ME3_IN_NORMAL_AND_METHYLATED_IN_CANCER	28	23		
SCHLESINGER_METHYLATED_DE_NOVO_IN_CANCER	88	72		
SCHLESINGER_METHYLATED_IN_COLON_CANCER	10		Rejected!	
SCHLINGEMANN_SKIN_CARCINOGENESIS_TPA_DN	26	21		
SCHLINGEMANN_SKIN_CARCINOGENESIS_TPA_UP	40	28		
SCHLOSSER_MYC_AND_SERUM_RESPONSE_SYNERGY	33	31		
SCHLOSSER_MYC_TARGETS_AND_SERUM_RESPONSE_DN	48	43		
SCHLOSSER_MYC_TARGETS_AND_SERUM_RESPONSE_UP	48	41		
SCHLOSSER_MYC_TARGETS_REPRESSED_BY_SERUM	161	151		
SCHLOSSER_SERUM_RESPONSE_AUGMENTED_BY_MYC	106	89		
SCHLOSSER_SERUM_RESPONSE_DN	706		Rejected!	
SCHLOSSER_SERUM_RESPONSE_UP	127	91		
SCHMAHL_PDGF_SIGNALING	10		Rejected!	
SCHMIDT_POR_TARGETS_IN_LIMB_BUD_DN	8		Rejected!	
SCHMIDT_POR_TARGETS_IN_LIMB_BUD_UP	27	23		
SCHOEN_NFKB_SIGNALING	34	30		
SCHRAETS_MLL_TARGETS_DN	33	26		
SCHRAETS_MLL_TARGETS_UP	33	28		
SCHUETZ_BREAST_CANCER_DUCTAL_INVASIVE_DN	85	73		
SCHUETZ_BREAST_CANCER_DUCTAL_INVASIVE_UP	352	305		
SCHUHMACHER_MYC_TARGETS_DN	8		Rejected!	
SCHUHMACHER_MYC_TARGETS_UP	80	77		
SCHWAB_TARGETS_OF_BMYB_POLYMORPHIC_VARIANTS_DN	16		Rejected!	
SCHWAB_TARGETS_OF_BMYB_POLYMORPHIC_VARIANTS_UP	13		Rejected!	
SCIAN_CELL_CYCLE_TARGETS_OF_TP53_AND_TP73_DN	22	21		
SCIAN_CELL_CYCLE_TARGETS_OF_TP53_AND_TP73_UP	9		Rejected!	
SCIAN_INVERSED_TARGETS_OF_TP53_AND_TP73_DN	30	25		
SCIAN_INVERSED_TARGETS_OF_TP53_AND_TP73_UP	11		Rejected!	
SCIBETTA_KDM5B_TARGETS_DN	79	71		
SCIBETTA_KDM5B_TARGETS_UP	19	18		
SEAVEY_EPITHELIOID_HEMANGIOENDOTHELIOMA	93	83		
SEIDEN_MET_SIGNALING	20	19		
SEIDEN_ONCOGENESIS_BY_MET	89	80		
SEITZ_NEOPLASTIC_TRANSFORMATION_BY_8P_DELETION_DN	32	27		
SEITZ_NEOPLASTIC_TRANSFORMATION_BY_8P_DELETION_UP	75	63		
SEKI_INFLAMMATORY_RESPONSE_LPS_DN	23	18		
SEKI_INFLAMMATORY_RESPONSE_LPS_UP	76	67		
SEMBA_FHIT_TARGETS_DN	10		Rejected!	
SEMBA_FHIT_TARGETS_UP	11		Rejected!	
SEMENZA_HIF1_TARGETS	36	33		
SENESE_HDAC1_AND_HDAC2_TARGETS_DN	239	201		
SENESE_HDAC1_AND_HDAC2_TARGETS_UP	244	202		
SENESE_HDAC1_TARGETS_DN	267	233		
SENESE_HDAC1_TARGETS_UP	452	391		
SENESE_HDAC2_TARGETS_DN	133	109		
SENESE_HDAC2_TARGETS_UP	116	103		
SENESE_HDAC3_TARGETS_DN	549	480		
SENESE_HDAC3_TARGETS_UP	495	426		
SENGUPTA_EBNA1_ANTICORRELATED	160	120		
SENGUPTA_NASOPHARYNGEAL_CARCINOMA_DN	362	296		
SENGUPTA_NASOPHARYNGEAL_CARCINOMA_UP	304	271		
SENGUPTA_NASOPHARYNGEAL_CARCINOMA_WITH_LMP1_DN	175	122		
SENGUPTA_NASOPHARYNGEAL_CARCINOMA_WITH_LMP1_UP	408	354		
SERVITJA_ISLET_HNF1A_TARGETS_DN	108	82		
SERVITJA_ISLET_HNF1A_TARGETS_UP	167	146		
SERVITJA_LIVER_HNF1A_TARGETS_DN	163	123		
SERVITJA_LIVER_HNF1A_TARGETS_UP	137	117		
SESTO_RESPONSE_TO_UV_C0	109	92		
SESTO_RESPONSE_TO_UV_C1	74	58		
SESTO_RESPONSE_TO_UV_C2	54	52		
SESTO_RESPONSE_TO_UV_C3	22	16		
SESTO_RESPONSE_TO_UV_C4	20	17		
SESTO_RESPONSE_TO_UV_C5	46	41		
SESTO_RESPONSE_TO_UV_C6	39	32		
SESTO_RESPONSE_TO_UV_C7	70	59		
SESTO_RESPONSE_TO_UV_C8	71	66		
SETLUR_PROSTATE_CANCER_TMPRSS2_ERG_FUSION_DN	20	15		
SETLUR_PROSTATE_CANCER_TMPRSS2_ERG_FUSION_UP	67	62		
SHAFFER_IRF4_MULTIPLE_MYELOMA_PROGRAM	36	28		
SHAFFER_IRF4_TARGETS_IN_ACTIVATED_B_LYMPHOCYTE	81	77		
SHAFFER_IRF4_TARGETS_IN_ACTIVATED_DENDRITIC_CELL	65	58		
SHAFFER_IRF4_TARGETS_IN_MYELOMA_VS_MATURE_B_LYMPHOCYTE	101	86		
SHAFFER_IRF4_TARGETS_IN_PLASMA_CELL_VS_MATURE_B_LYMPHOCYTE	67	54		
SHANK_TAL1_TARGETS_DN	10		Rejected!	
SHARMA_ASTROCYTOMA_WITH_NF1_SYNDROM	5		Rejected!	
SHARMA_PILOCYTIC_ASTROCYTOMA_LOCATION_DN	7		Rejected!	
SHARMA_PILOCYTIC_ASTROCYTOMA_LOCATION_UP	27	26		
SHEDDEN_LUNG_CANCER_GOOD_SURVIVAL_A12	317	213		
SHEDDEN_LUNG_CANCER_GOOD_SURVIVAL_A4	198	170		
SHEDDEN_LUNG_CANCER_GOOD_SURVIVAL_A5	69	59		
SHEDDEN_LUNG_CANCER_POOR_SURVIVAL_A6	460	419		
SHEN_SMARCA2_TARGETS_DN	321	191		
SHEN_SMARCA2_TARGETS_UP	428	395		
SHEPARD_BMYB_MORPHOLINO_DN	202	179		
SHEPARD_BMYB_MORPHOLINO_UP	212	186		
SHEPARD_BMYB_TARGETS	76	70		
SHEPARD_CRASH_AND_BURN_MUTANT_DN	191	168		
SHEPARD_CRASH_AND_BURN_MUTANT_UP	205	182		
SHETH_LIVER_CANCER_VS_TXNIP_LOSS_PAM1	260	227		
SHETH_LIVER_CANCER_VS_TXNIP_LOSS_PAM2	168	149		
SHETH_LIVER_CANCER_VS_TXNIP_LOSS_PAM3	75	62		
SHETH_LIVER_CANCER_VS_TXNIP_LOSS_PAM4	288	238		
SHETH_LIVER_CANCER_VS_TXNIP_LOSS_PAM5	111	83		
SHETH_LIVER_CANCER_VS_TXNIP_LOSS_PAM6	55	50		
SHIN_B_CELL_LYMPHOMA_CLUSTER_1	13		Rejected!	
SHIN_B_CELL_LYMPHOMA_CLUSTER_2	31	28		
SHIN_B_CELL_LYMPHOMA_CLUSTER_3	28	24		
SHIN_B_CELL_LYMPHOMA_CLUSTER_5	18		Rejected!	
SHIN_B_CELL_LYMPHOMA_CLUSTER_6	12		Rejected!	
SHIN_B_CELL_LYMPHOMA_CLUSTER_7	27	19		
SHIN_B_CELL_LYMPHOMA_CLUSTER_8	37	28		
SHIN_B_CELL_LYMPHOMA_CLUSTER_9	19		Rejected!	
SHIPP_DLBCL_CURED_VS_FATAL_DN	44	40		
SHIPP_DLBCL_CURED_VS_FATAL_UP	39	33		
SHIPP_DLBCL_VS_FOLLICULAR_LYMPHOMA_DN	45	31		
SHIPP_DLBCL_VS_FOLLICULAR_LYMPHOMA_UP	45	43		
SHIRAISHI_PLZF_TARGETS_DN	9		Rejected!	
SHIRAISHI_PLZF_TARGETS_UP	10		Rejected!	
SHI_SPARC_TARGETS_DN	13		Rejected!	
SHI_SPARC_TARGETS_UP	24	20		
SILIGAN_BOUND_BY_EWS_FLT1_FUSION	46	35		
SILIGAN_TARGETS_OF_EWS_FLI1_FUSION_DN	18	16		
SILIGAN_TARGETS_OF_EWS_FLI1_FUSION_UP	15		Rejected!	
SIMBULAN_PARP1_TARGETS_DN	17	16		
SIMBULAN_PARP1_TARGETS_UP	30	28		
SIMBULAN_UV_RESPONSE_IMMORTALIZED_DN	31	26		
SIMBULAN_UV_RESPONSE_NORMAL_DN	33	28		
SIMBULAN_UV_RESPONSE_NORMAL_UP	9		Rejected!	
SINGH_NFE2L2_TARGETS	14		Rejected!	
SLEBOS_HEAD_AND_NECK_CANCER_WITH_HPV_UP	79	67		
SMID_BREAST_CANCER_BASAL_DN	702		Rejected!	
SMID_BREAST_CANCER_BASAL_UP	662		Rejected!	
SMID_BREAST_CANCER_ERBB2_DN	5		Rejected!	
SMID_BREAST_CANCER_ERBB2_UP	152	111		
SMID_BREAST_CANCER_LUMINAL_A_DN	18	16		
SMID_BREAST_CANCER_LUMINAL_A_UP	85	67		
SMID_BREAST_CANCER_LUMINAL_B_DN	586	450		
SMID_BREAST_CANCER_LUMINAL_B_UP	170	144		
SMID_BREAST_CANCER_NORMAL_LIKE_DN	6		Rejected!	
SMID_BREAST_CANCER_NORMAL_LIKE_UP	484	369		
SMID_BREAST_CANCER_RELAPSE_IN_BONE_DN	324	257		
SMID_BREAST_CANCER_RELAPSE_IN_BONE_UP	99	80		
SMID_BREAST_CANCER_RELAPSE_IN_BRAIN_DN	83	71		
SMID_BREAST_CANCER_RELAPSE_IN_BRAIN_UP	41	38		
SMID_BREAST_CANCER_RELAPSE_IN_LIVER_DN	10		Rejected!	
SMID_BREAST_CANCER_RELAPSE_IN_LIVER_UP	6		Rejected!	
SMID_BREAST_CANCER_RELAPSE_IN_LUNG_DN	38	27		
SMID_BREAST_CANCER_RELAPSE_IN_LUNG_UP	22	18		
SMID_BREAST_CANCER_RELAPSE_IN_PLEURA_DN	32	20		
SMID_BREAST_CANCER_RELAPSE_IN_PLEURA_UP	6		Rejected!	
SMIRNOV_CIRCULATING_ENDOTHELIOCYTES_IN_CANCER_DN	5		Rejected!	
SMIRNOV_CIRCULATING_ENDOTHELIOCYTES_IN_CANCER_UP	159	129		
SMIRNOV_RESPONSE_TO_IR_2HR_DN	57	51		
SMIRNOV_RESPONSE_TO_IR_2HR_UP	53	46		
SMIRNOV_RESPONSE_TO_IR_6HR_DN	114	91		
SMIRNOV_RESPONSE_TO_IR_6HR_UP	168	152		
SMITH_LIVER_CANCER	47	43		
SMITH_TERT_TARGETS_DN	87	78		
SMITH_TERT_TARGETS_UP	145	129		
SNIJDERS_AMPLIFIED_IN_HEAD_AND_NECK_TUMORS	37	31		
SOGA_COLORECTAL_CANCER_MYC_DN	71	60		
SOGA_COLORECTAL_CANCER_MYC_UP	82	77		
SONG_TARGETS_OF_IE86_CMV_PROTEIN	55	50		
SOTIRIOU_BREAST_CANCER_GRADE_1_VS_3_DN	53	49		
SOTIRIOU_BREAST_CANCER_GRADE_1_VS_3_UP	154	145		
SOUCEK_MYC_TARGETS	11		Rejected!	
SPIELMAN_LYMPHOBLAST_EUROPEAN_VS_ASIAN_2FC_DN	21	18		
SPIELMAN_LYMPHOBLAST_EUROPEAN_VS_ASIAN_2FC_UP	13		Rejected!	
SPIELMAN_LYMPHOBLAST_EUROPEAN_VS_ASIAN_DN	590		Rejected!	
SPIELMAN_LYMPHOBLAST_EUROPEAN_VS_ASIAN_UP	484	430		
SPIRA_SMOKERS_LUNG_CANCER_DN	14		Rejected!	
SPIRA_SMOKERS_LUNG_CANCER_UP	39	33		
STAEGE_EWING_FAMILY_TUMOR	32	28		
STAMBOLSKY_BOUND_BY_MUTATED_TP53	18		Rejected!	
STAMBOLSKY_RESPONSE_TO_VITAMIN_D3_DN	25	21		
STAMBOLSKY_RESPONSE_TO_VITAMIN_D3_UP	84	66		
STAMBOLSKY_TARGETS_OF_MUTATED_TP53_DN	51	45		
STAMBOLSKY_TARGETS_OF_MUTATED_TP53_UP	49	40		
STANELLE_E2F1_TARGETS	29	27		
STANHILL_HRAS_TRANSFROMATION_UP	6		Rejected!	
STARK_BRAIN_22Q11_DELETION	16		Rejected!	
STARK_HYPPOCAMPUS_22Q11_DELETION_DN	23	19		
STARK_HYPPOCAMPUS_22Q11_DELETION_UP	54	46		
STARK_PREFRONTAL_CORTEX_22Q11_DELETION_DN	526		Rejected!	
STARK_PREFRONTAL_CORTEX_22Q11_DELETION_UP	204	170		
STEARMAN_LUNG_CANCER_EARLY_VS_LATE_DN	63	53		
STEARMAN_LUNG_CANCER_EARLY_VS_LATE_UP	127	111		
STEARMAN_TUMOR_FIELD_EFFECT_UP	38	28		
STEGER_ADIPOGENESIS_DN	25	23		
STEGER_ADIPOGENESIS_UP	21	16		
STEGMEIER_PREMITOTIC_CELL_CYCLE_REGULATORS	11		Rejected!	
STEINER_ERYTHROCYTE_MEMBRANE_GENES	14		Rejected!	
STEIN_ESR1_TARGETS	83	74		
STEIN_ESRRA_TARGETS	529	491		
STEIN_ESRRA_TARGETS_DN	105	95		
STEIN_ESRRA_TARGETS_RESPONSIVE_TO_ESTROGEN_DN	41	39		
STEIN_ESRRA_TARGETS_RESPONSIVE_TO_ESTROGEN_UP	30	26		
STEIN_ESRRA_TARGETS_UP	385	360		
STEIN_ESTROGEN_RESPONSE_NOT_VIA_ESRRA	18	16		
STONER_ESOPHAGEAL_CARCINOGENESIS_DN	6		Rejected!	
STONER_ESOPHAGEAL_CARCINOGENESIS_UP	40	36		
STOSSI_RESPONSE_TO_ESTRADIOL	46	36		
STREICHER_LSM1_TARGETS_DN	19	17		
STREICHER_LSM1_TARGETS_UP	44	41		
SUBTIL_PROGESTIN_TARGETS	36	34		
SUH_COEXPRESSED_WITH_ID1_AND_ID2_UP	19		Rejected!	
SUMI_HNF4A_TARGETS	30	17		
SUNG_METASTASIS_STROMA_DN	54	51		
SUNG_METASTASIS_STROMA_UP	110	99		
SUZUKI_AMPLIFIED_IN_ORAL_CANCER	17		Rejected!	
SUZUKI_CTCFL_TARGETS_UP	12		Rejected!	
SUZUKI_RESPONSE_TO_TSA	18		Rejected!	
SUZUKI_RESPONSE_TO_TSA_AND_DECITABINE_1A	21	18		
SUZUKI_RESPONSE_TO_TSA_AND_DECITABINE_1B	16		Rejected!	
SU_KIDNEY	15		Rejected!	
SU_LIVER	58	35		
SU_PANCREAS	47	30		
SU_PLACENTA	30	21		
SU_SALIVARY_GLAND	14		Rejected!	
SU_TESTIS	80	58		
SU_THYMUS	21		Rejected!	
SWEET_KRAS_ONCOGENIC_SIGNATURE	89	79		
SWEET_KRAS_TARGETS_DN	66	53		
SWEET_KRAS_TARGETS_UP	83	73		
SWEET_LUNG_CANCER_KRAS_DN	419	346		
SWEET_LUNG_CANCER_KRAS_UP	482	416		
SYED_ESTRADIOL_RESPONSE	18	16		
TAGHAVI_NEOPLASTIC_TRANSFORMATION	11		Rejected!	
TAKADA_GASTRIC_CANCER_COPY_NUMBER_DN	29	23		
TAKADA_GASTRIC_CANCER_COPY_NUMBER_UP	7		Rejected!	
TAKAO_RESPONSE_TO_UVB_RADIATION_DN	98	88		
TAKAO_RESPONSE_TO_UVB_RADIATION_UP	87	75		
TAKAYAMA_BOUND_BY_AR	10		Rejected!	
TAKEDA_TARGETS_OF_NUP98_HOXA9_FUSION_10D_DN	150	112		
TAKEDA_TARGETS_OF_NUP98_HOXA9_FUSION_10D_UP	194	155		
TAKEDA_TARGETS_OF_NUP98_HOXA9_FUSION_16D_DN	133	104		
TAKEDA_TARGETS_OF_NUP98_HOXA9_FUSION_16D_UP	178	132		
TAKEDA_TARGETS_OF_NUP98_HOXA9_FUSION_3D_DN	31	21		
TAKEDA_TARGETS_OF_NUP98_HOXA9_FUSION_3D_UP	183	158		
TAKEDA_TARGETS_OF_NUP98_HOXA9_FUSION_6HR_DN	45	34		
TAKEDA_TARGETS_OF_NUP98_HOXA9_FUSION_6HR_UP	87	71		
TAKEDA_TARGETS_OF_NUP98_HOXA9_FUSION_8D_DN	206	146		
TAKEDA_TARGETS_OF_NUP98_HOXA9_FUSION_8D_UP	156	130		
TANAKA_METHYLATED_IN_ESOPHAGEAL_CARCINOMA	102	79		
TANG_SENESCENCE_TP53_TARGETS_DN	56	51		
TANG_SENESCENCE_TP53_TARGETS_UP	33	27		
TARTE_PLASMA_CELL_VS_B_LYMPHOCYTE_DN	38	34		
TARTE_PLASMA_CELL_VS_B_LYMPHOCYTE_UP	81	67		
TARTE_PLASMA_CELL_VS_PLASMABLAST_DN	307	285		
TARTE_PLASMA_CELL_VS_PLASMABLAST_UP	398	284		
TAVAZOIE_METASTASIS	109	77		
TAVOR_CEBPA_TARGETS_DN	32	29		
TAVOR_CEBPA_TARGETS_UP	51	40		
TAYLOR_METHYLATED_IN_ACUTE_LYMPHOBLASTIC_LEUKEMIA	78	72		
TCGA_GLIOBLASTOMA_COPY_NUMBER_DN	31	25		
TCGA_GLIOBLASTOMA_COPY_NUMBER_UP	75	62		
TCGA_GLIOBLASTOMA_MUTATED	8		Rejected!	
TENEDINI_MEGAKARYOCYTE_MARKERS	62	50		
TERAMOTO_OPN_TARGETS_CLUSTER_1	14		Rejected!	
TERAMOTO_OPN_TARGETS_CLUSTER_3	7		Rejected!	
TERAMOTO_OPN_TARGETS_CLUSTER_4	15		Rejected!	
TERAMOTO_OPN_TARGETS_CLUSTER_5	8		Rejected!	
TERAMOTO_OPN_TARGETS_CLUSTER_6	26	25		
TERAMOTO_OPN_TARGETS_CLUSTER_7	18	16		
TERAMOTO_OPN_TARGETS_CLUSTER_8	8		Rejected!	
TERAO_AOX4_TARGETS_HG_DN	6		Rejected!	
TERAO_AOX4_TARGETS_HG_UP	28	23		
TERAO_AOX4_TARGETS_SKIN_DN	23	21		
TERAO_AOX4_TARGETS_SKIN_UP	31	29		
TESAR_ALK_AND_JAK_TARGETS_MOUSE_ES_D4_DN	6		Rejected!	
TESAR_ALK_AND_JAK_TARGETS_MOUSE_ES_D4_UP	5		Rejected!	
TESAR_ALK_TARGETS_EPISC_3D_UP	7		Rejected!	
TESAR_ALK_TARGETS_EPISC_4D_UP	6		Rejected!	
TESAR_ALK_TARGETS_HUMAN_ES_4D_DN	6		Rejected!	
TESAR_ALK_TARGETS_HUMAN_ES_5D_DN	7		Rejected!	
TESAR_ALK_TARGETS_HUMAN_ES_5D_UP	5		Rejected!	
TESAR_JAK_TARGETS_MOUSE_ES_D3_DN	8		Rejected!	
THALER_BONE60	60	55		
THEILGAARD_NEUTROPHIL_AT_SKIN_WOUND_DN	227	188		
THEILGAARD_NEUTROPHIL_AT_SKIN_WOUND_UP	76	64		
THEODOROU_MAMMARY_TUMORIGENESIS	31	28		
THILLAINADESAN_ZNF217_TARGETS_DN	9		Rejected!	
THILLAINADESAN_ZNF217_TARGETS_UP	41	40		
THUM_MIR21_TARGETS_HEART_DISEASE_DN	9		Rejected!	
THUM_MIR21_TARGETS_HEART_DISEASE_UP	18	17		
THUM_SYSTOLIC_HEART_FAILURE_DN	228	179		
THUM_SYSTOLIC_HEART_FAILURE_UP	429	354		
TIAN_BHLHA15_TARGETS	16		Rejected!	
TIAN_TNF_SIGNALING_NOT_VIA_NFKB	22	17		
TIAN_TNF_SIGNALING_VIA_NFKB	26	21		
TIEN_INTESTINE_PROBIOTICS_24HR_DN	215	190		
TIEN_INTESTINE_PROBIOTICS_24HR_UP	562		Rejected!	
TIEN_INTESTINE_PROBIOTICS_2HR_DN	89	84		
TIEN_INTESTINE_PROBIOTICS_2HR_UP	30	26		
TIEN_INTESTINE_PROBIOTICS_6HR_DN	170	158		
TIEN_INTESTINE_PROBIOTICS_6HR_UP	53	43		
TIMOFEEVA_GROWTH_STRESS_VIA_STAT1_DN	16		Rejected!	
TING_SILENCED_BY_DICER	30	26		
TOMIDA_LUNG_CANCER_POOR_SURVIVAL	5		Rejected!	
TOMIDA_METASTASIS_DN	18	18		
TOMIDA_METASTASIS_UP	26	23		
TOMLINS_METASTASIS_DN	20	19		
TOMLINS_METASTASIS_UP	14		Rejected!	
TOMLINS_PROSTATE_CANCER_DN	40	40		
TOMLINS_PROSTATE_CANCER_UP	40	38		
TONG_INTERACT_WITH_PTTG1	57	52		
TONKS_TARGETS_OF_RUNX1_RUNX1T1_FUSION_ERYTHROCYTE_DN	19		Rejected!	
TONKS_TARGETS_OF_RUNX1_RUNX1T1_FUSION_ERYTHROCYTE_UP	159	136		
TONKS_TARGETS_OF_RUNX1_RUNX1T1_FUSION_GRANULOCYTE_DN	18		Rejected!	
TONKS_TARGETS_OF_RUNX1_RUNX1T1_FUSION_GRANULOCYTE_UP	54	47		
TONKS_TARGETS_OF_RUNX1_RUNX1T1_FUSION_HSC_DN	193	144		
TONKS_TARGETS_OF_RUNX1_RUNX1T1_FUSION_HSC_UP	185	153		
TONKS_TARGETS_OF_RUNX1_RUNX1T1_FUSION_MONOCYTE_DN	56	39		
TONKS_TARGETS_OF_RUNX1_RUNX1T1_FUSION_MONOCYTE_UP	203	191		
TONKS_TARGETS_OF_RUNX1_RUNX1T1_FUSION_SUSTAINDED_IN_ERYTHROCYTE_UP	44	40		
TONKS_TARGETS_OF_RUNX1_RUNX1T1_FUSION_SUSTAINED_IN_GRANULOCYTE_DN	7		Rejected!	
TONKS_TARGETS_OF_RUNX1_RUNX1T1_FUSION_SUSTAINED_IN_GRANULOCYTE_UP	15		Rejected!	
TONKS_TARGETS_OF_RUNX1_RUNX1T1_FUSION_SUSTAINED_IN_MONOCYTE_DN	10		Rejected!	
TONKS_TARGETS_OF_RUNX1_RUNX1T1_FUSION_SUSTAINED_IN_MONOCYTE_UP	21	19		
TOOKER_GEMCITABINE_RESISTANCE_DN	123	110		
TOOKER_GEMCITABINE_RESISTANCE_UP	80	72		
TORCHIA_TARGETS_OF_EWSR1_FLI1_FUSION_DN	320	278		
TORCHIA_TARGETS_OF_EWSR1_FLI1_FUSION_TOP20_DN	18	17		
TORCHIA_TARGETS_OF_EWSR1_FLI1_FUSION_TOP20_UP	20	16		
TORCHIA_TARGETS_OF_EWSR1_FLI1_FUSION_UP	271	230		
TOYOTA_TARGETS_OF_MIR34B_AND_MIR34C	454	406		
TRAYNOR_RETT_SYNDROM_DN	15		Rejected!	
TRAYNOR_RETT_SYNDROM_UP	40	38		
TSAI_DNAJB4_TARGETS_DN	6		Rejected!	
TSAI_DNAJB4_TARGETS_UP	13		Rejected!	
TSAI_RESPONSE_TO_IONIZING_RADIATION	149	118		
TSAI_RESPONSE_TO_RADIATION_THERAPY	32	27		
TSENG_ADIPOGENIC_POTENTIAL_DN	47	41		
TSENG_ADIPOGENIC_POTENTIAL_UP	30	28		
TSENG_IRS1_TARGETS_DN	135	117		
TSENG_IRS1_TARGETS_UP	117	104		
TSUDA_ALVEOLAR_SOFT_PART_SARCOMA	10		Rejected!	
TSUNODA_CISPLATIN_RESISTANCE_DN	50	39		
TSUNODA_CISPLATIN_RESISTANCE_UP	15		Rejected!	
TSUTSUMI_FBXW8_TARGETS	9		Rejected!	
TUOMISTO_TUMOR_SUPPRESSION_BY_COL13A1_DN	18		Rejected!	
TUOMISTO_TUMOR_SUPPRESSION_BY_COL13A1_UP	20		Rejected!	
TURASHVILI_BREAST_CARCINOMA_DUCTAL_VS_LOBULAR_DN	7		Rejected!	
TURASHVILI_BREAST_CARCINOMA_DUCTAL_VS_LOBULAR_UP	24	22		
TURASHVILI_BREAST_DUCTAL_CARCINOMA_VS_DUCTAL_NORMAL_DN	207	163		
TURASHVILI_BREAST_DUCTAL_CARCINOMA_VS_DUCTAL_NORMAL_UP	47	41		
TURASHVILI_BREAST_DUCTAL_CARCINOMA_VS_LOBULAR_NORMAL_DN	73	56		
TURASHVILI_BREAST_DUCTAL_CARCINOMA_VS_LOBULAR_NORMAL_UP	74	66		
TURASHVILI_BREAST_LOBULAR_CARCINOMA_VS_DUCTAL_NORMAL_DN	92	81		
TURASHVILI_BREAST_LOBULAR_CARCINOMA_VS_DUCTAL_NORMAL_UP	69	60		
TURASHVILI_BREAST_LOBULAR_CARCINOMA_VS_LOBULAR_NORMAL_DN	74	66		
TURASHVILI_BREAST_LOBULAR_CARCINOMA_VS_LOBULAR_NORMAL_UP	96	88		
TURASHVILI_BREAST_NORMAL_DUCTAL_VS_LOBULAR_DN	7		Rejected!	
TURASHVILI_BREAST_NORMAL_DUCTAL_VS_LOBULAR_UP	65	57		
TURJANSKI_MAPK11_TARGETS	5		Rejected!	
TURJANSKI_MAPK14_TARGETS	10		Rejected!	
TURJANSKI_MAPK1_AND_MAPK2_TARGETS	12		Rejected!	
TURJANSKI_MAPK7_TARGETS	7		Rejected!	
TURJANSKI_MAPK8_AND_MAPK9_TARGETS	8		Rejected!	
UDAYAKUMAR_MED1_TARGETS_DN	244	216		
UDAYAKUMAR_MED1_TARGETS_UP	136	125		
UEDA_CENTRAL_CLOCK	90	75		
UEDA_PERIFERAL_CLOCK	172	142		
ULE_SPLICING_VIA_NOVA2	43	38		
UNTERMAN_IPF_VS_CTRL_B_CELL_DN	36	27		
UNTERMAN_IPF_VS_CTRL_CD4T_DN	10		Rejected!	
UNTERMAN_IPF_VS_CTRL_CD8T_DN	9		Rejected!	
UNTERMAN_IPF_VS_CTRL_CD8T_UP	6		Rejected!	
UNTERMAN_IPF_VS_CTRL_DC_DN	7		Rejected!	
UNTERMAN_IPF_VS_CTRL_DC_UP	5		Rejected!	
UNTERMAN_IPF_VS_CTRL_MONOCYTE_DN	20		Rejected!	
UNTERMAN_IPF_VS_CTRL_MONOCYTE_UP	12		Rejected!	
UNTERMAN_IPF_VS_CTRL_NK_CELL_DN	10		Rejected!	
UNTERMAN_IPF_VS_CTRL_NK_CELL_UP	5		Rejected!	
UNTERMAN_IPF_VS_CTRL_TREG_CELL_DN	21	15		
UNTERMAN_IPF_VS_CTRL_TREG_CELL_UP	15		Rejected!	
UNTERMAN_PROGRESSIVE_VS_STABLE_IPF_B_CELL_DN	8		Rejected!	
UNTERMAN_PROGRESSIVE_VS_STABLE_IPF_CD8T_DN	17		Rejected!	
UNTERMAN_PROGRESSIVE_VS_STABLE_IPF_CD8T_UP	9		Rejected!	
UNTERMAN_PROGRESSIVE_VS_STABLE_IPF_MONOCYTE_DN	27	19		
UNTERMAN_PROGRESSIVE_VS_STABLE_IPF_NK_CELL_DN	12		Rejected!	
UNTERMAN_PROGRESSIVE_VS_STABLE_IPF_NK_CELL_UP	8		Rejected!	
UROSEVIC_RESPONSE_TO_IMIQUIMOD	19	17		
URS_ADIPOCYTE_DIFFERENTIATION_DN	31	26		
URS_ADIPOCYTE_DIFFERENTIATION_UP	66	57		
UZONYI_RESPONSE_TO_LEUKOTRIENE_AND_THROMBIN	36	31		
VALK_AML_CLUSTER_1	29	24		
VALK_AML_CLUSTER_10	33	27		
VALK_AML_CLUSTER_11	38	34		
VALK_AML_CLUSTER_12	30	25		
VALK_AML_CLUSTER_13	31	26		
VALK_AML_CLUSTER_15	31	26		
VALK_AML_CLUSTER_16	28	20		
VALK_AML_CLUSTER_2	29	22		
VALK_AML_CLUSTER_3	34	32		
VALK_AML_CLUSTER_4	30	23		
VALK_AML_CLUSTER_5	32	24		
VALK_AML_CLUSTER_6	34	32		
VALK_AML_CLUSTER_7	27	19		
VALK_AML_CLUSTER_8	25	22		
VALK_AML_CLUSTER_9	35	30		
VALK_AML_WITH_11Q23_REARRANGED	23	16		
VALK_AML_WITH_CEBPA	37	28		
VALK_AML_WITH_EVI1	25	19		
VALK_AML_WITH_FLT3_ITD	41	36		
VALK_AML_WITH_T_8_21_TRANSLOCATION	5		Rejected!	
VANASSE_BCL2_TARGETS_DN	59	54		
VANASSE_BCL2_TARGETS_UP	35	22		
VANDESLUIS_COMMD1_TARGETS_GROUP_2_UP	15		Rejected!	
VANDESLUIS_COMMD1_TARGETS_GROUP_3_DN	37	35		
VANDESLUIS_COMMD1_TARGETS_GROUP_3_UP	82	65		
VANDESLUIS_COMMD1_TARGETS_GROUP_4_DN	17	15		
VANDESLUIS_COMMD1_TARGETS_GROUP_4_UP	17	15		
VANDESLUIS_NORMAL_EMBRYOS_DN	21		Rejected!	
VANDESLUIS_NORMAL_EMBRYOS_UP	5		Rejected!	
VANHARANTA_UTERINE_FIBROID_DN	67	50		
VANHARANTA_UTERINE_FIBROID_UP	44	40		
VANHARANTA_UTERINE_FIBROID_WITH_7Q_DELETION_DN	36	28		
VANHARANTA_UTERINE_FIBROID_WITH_7Q_DELETION_UP	66	55		
VANLOO_SP3_TARGETS_DN	89	75		
VANLOO_SP3_TARGETS_UP	9		Rejected!	
VANOEVELEN_MYOGENESIS_SIN3A_TARGETS	221	204		
VANTVEER_BREAST_CANCER_BRCA1_DN	41	38		
VANTVEER_BREAST_CANCER_BRCA1_UP	34	30		
VANTVEER_BREAST_CANCER_ESR1_DN	224	202		
VANTVEER_BREAST_CANCER_ESR1_UP	149	136		
VANTVEER_BREAST_CANCER_METASTASIS_DN	109	102		
VANTVEER_BREAST_CANCER_METASTASIS_UP	45	42		
VANTVEER_BREAST_CANCER_POOR_PROGNOSIS	49	46		
VARELA_ZMPSTE24_TARGETS_DN	42	29		
VARELA_ZMPSTE24_TARGETS_UP	44	34		
VART_KSHV_INFECTION_ANGIOGENIC_MARKERS_DN	134	105		
VART_KSHV_INFECTION_ANGIOGENIC_MARKERS_UP	164	132		
VECCHI_GASTRIC_CANCER_ADVANCED_VS_EARLY_DN	146	117		
VECCHI_GASTRIC_CANCER_ADVANCED_VS_EARLY_UP	177	156		
VECCHI_GASTRIC_CANCER_EARLY_DN	381	294		
VECCHI_GASTRIC_CANCER_EARLY_UP	436	372		
VERHAAK_AML_WITH_NPM1_MUTATED_DN	250	198		
VERHAAK_AML_WITH_NPM1_MUTATED_UP	187	142		
VERHAAK_GLIOBLASTOMA_CLASSICAL	161	157		
VERHAAK_GLIOBLASTOMA_MESENCHYMAL	216	185		
VERHAAK_GLIOBLASTOMA_NEURAL	128	113		
VERHAAK_GLIOBLASTOMA_PRONEURAL	177	165		
VERNELL_RETINOBLASTOMA_PATHWAY_DN	22	17		
VERNELL_RETINOBLASTOMA_PATHWAY_UP	69	63		
VERNOCHET_ADIPOGENESIS	19		Rejected!	
VERRECCHIA_DELAYED_RESPONSE_TO_TGFB1	37	34		
VERRECCHIA_EARLY_RESPONSE_TO_TGFB1	54	51		
VERRECCHIA_RESPONSE_TO_TGFB1_C1	19	19		
VERRECCHIA_RESPONSE_TO_TGFB1_C2	21	19		
VERRECCHIA_RESPONSE_TO_TGFB1_C3	14		Rejected!	
VERRECCHIA_RESPONSE_TO_TGFB1_C4	11		Rejected!	
VERRECCHIA_RESPONSE_TO_TGFB1_C5	21	19		
VERRECCHIA_RESPONSE_TO_TGFB1_C6	5		Rejected!	
VETTER_TARGETS_OF_PRKCA_AND_ETS1_DN	16		Rejected!	
VETTER_TARGETS_OF_PRKCA_AND_ETS1_UP	16		Rejected!	
VICENT_METASTASIS_UP	14		Rejected!	
VIETOR_IFRD1_TARGETS	24	22		
VILIMAS_NOTCH1_TARGETS_DN	27		Rejected!	
VILIMAS_NOTCH1_TARGETS_UP	52	35		
VILLANUEVA_LIVER_CANCER_KRT19_DN	63	53		
VILLANUEVA_LIVER_CANCER_KRT19_UP	175	161		
VISALA_AGING_LYMPHOCYTE_DN	19		Rejected!	
VISALA_AGING_LYMPHOCYTE_UP	7		Rejected!	
VISALA_RESPONSE_TO_HEAT_SHOCK_AND_AGING_DN	13		Rejected!	
VISALA_RESPONSE_TO_HEAT_SHOCK_AND_AGING_UP	15		Rejected!	
WACKER_HYPOXIA_TARGETS_OF_VHL	13		Rejected!	
WAESCH_ANAPHASE_PROMOTING_COMPLEX	13		Rejected!	
WAGNER_APO2_SENSITIVITY	26	19		
WAGSCHAL_EHMT2_TARGETS_UP	17		Rejected!	
WAKABAYASHI_ADIPOGENESIS_PPARG_BOUND_36HR	29	28		
WAKABAYASHI_ADIPOGENESIS_PPARG_BOUND_8D	644		Rejected!	
WAKABAYASHI_ADIPOGENESIS_PPARG_RXRA_BOUND_36HR	151	127		
WAKABAYASHI_ADIPOGENESIS_PPARG_RXRA_BOUND_8D	868		Rejected!	
WAKABAYASHI_ADIPOGENESIS_PPARG_RXRA_BOUND_WITH_H4K20ME1_MARK	147	131		
WAKASUGI_HAVE_ZNF143_BINDING_SITES	54	45		
WALLACE_JAK2_TARGETS_UP	23	21		
WALLACE_PROSTATE_CANCER_DN	6		Rejected!	
WALLACE_PROSTATE_CANCER_RACE_DN	89	73		
WALLACE_PROSTATE_CANCER_RACE_UP	303	220		
WALLACE_PROSTATE_CANCER_UP	20	19		
WAMUNYOKOLI_OVARIAN_CANCER_GRADES_1_2_DN	71	63		
WAMUNYOKOLI_OVARIAN_CANCER_GRADES_1_2_UP	140	126		
WAMUNYOKOLI_OVARIAN_CANCER_LMP_DN	199	185		
WAMUNYOKOLI_OVARIAN_CANCER_LMP_UP	270	242		
WANG_ADIPOGENIC_GENES_REPRESSED_BY_SIRT1	28	24		
WANG_BARRETTS_ESOPHAGUS_AND_ESOPHAGUS_CANCER_DN	37	30		
WANG_BARRETTS_ESOPHAGUS_AND_ESOPHAGUS_CANCER_UP	26	24		
WANG_BARRETTS_ESOPHAGUS_DN	25	19		
WANG_BARRETTS_ESOPHAGUS_UP	52	42		
WANG_CISPLATIN_RESPONSE_AND_XPC_DN	219	195		
WANG_CISPLATIN_RESPONSE_AND_XPC_UP	185	160		
WANG_CLASSIC_ADIPOGENIC_TARGETS_OF_PPARG	27	23		
WANG_CLIM2_TARGETS_DN	183	162		
WANG_CLIM2_TARGETS_UP	275	196		
WANG_ESOPHAGUS_CANCER_PROGRESSION_UP	9		Rejected!	
WANG_ESOPHAGUS_CANCER_VS_NORMAL_DN	101	87		
WANG_ESOPHAGUS_CANCER_VS_NORMAL_UP	121	89		
WANG_HCP_PROSTATE_CANCER	106	96		
WANG_IMMORTALIZED_BY_HOXA9_AND_MEIS1_DN	24	18		
WANG_IMMORTALIZED_BY_HOXA9_AND_MEIS1_UP	31	21		
WANG_LMO4_TARGETS_DN	362	310		
WANG_LMO4_TARGETS_UP	370	310		
WANG_LSD1_TARGETS_DN	37	31		
WANG_LSD1_TARGETS_UP	24	23		
WANG_METASTASIS_OF_BREAST_CANCER	15		Rejected!	
WANG_METASTASIS_OF_BREAST_CANCER_ESR1_DN	32	27		
WANG_METASTASIS_OF_BREAST_CANCER_ESR1_UP	22	18		
WANG_METHYLATED_IN_BREAST_CANCER	35	33		
WANG_MLL_TARGETS	294	269		
WANG_NEOPLASTIC_TRANSFORMATION_BY_CCND1_MYC	22	17		
WANG_NFKB_TARGETS	24	17		
WANG_PROSTATE_CANCER_ANDROGEN_INDEPENDENT	66	55		
WANG_RECURRENT_LIVER_CANCER_DN	16		Rejected!	
WANG_RECURRENT_LIVER_CANCER_UP	20	17		
WANG_RESPONSE_TO_ANDROGEN_UP	29	23		
WANG_RESPONSE_TO_BEXAROTENE_DN	30	24		
WANG_RESPONSE_TO_BEXAROTENE_UP	34	29		
WANG_RESPONSE_TO_FORSKOLIN_DN	9		Rejected!	
WANG_RESPONSE_TO_FORSKOLIN_UP	23	19		
WANG_RESPONSE_TO_GSK3_INHIBITOR_SB216763_DN	371	317		
WANG_RESPONSE_TO_GSK3_INHIBITOR_SB216763_UP	392	299		
WANG_SMARCE1_TARGETS_DN	386	339		
WANG_SMARCE1_TARGETS_UP	293	273		
WANG_TARGETS_OF_MLL_CBP_FUSION_DN	45	40		
WANG_TARGETS_OF_MLL_CBP_FUSION_UP	45	39		
WANG_THOC1_TARGETS_DN	20	15		
WANG_THOC1_TARGETS_UP	5		Rejected!	
WANG_TNF_TARGETS	25	20		
WANG_TUMOR_INVASIVENESS_DN	211	183		
WANG_TUMOR_INVASIVENESS_UP	383	349		
WARTERS_IR_RESPONSE_5GY	50	39		
WARTERS_RESPONSE_TO_IR_SKIN	82	69		
WATANABE_COLON_CANCER_MSI_VS_MSS_DN	69	53		
WATANABE_COLON_CANCER_MSI_VS_MSS_UP	30	26		
WATANABE_RECTAL_CANCER_RADIOTHERAPY_RESPONSIVE_DN	93	80		
WATANABE_RECTAL_CANCER_RADIOTHERAPY_RESPONSIVE_UP	113	99		
WATANABE_ULCERATIVE_COLITIS_WITH_CANCER_DN	15		Rejected!	
WATANABE_ULCERATIVE_COLITIS_WITH_CANCER_UP	19	18		
WEBER_METHYLATED_HCP_IN_FIBROBLAST_DN	43	21		
WEBER_METHYLATED_HCP_IN_FIBROBLAST_UP	6		Rejected!	
WEBER_METHYLATED_HCP_IN_SPERM_DN	29	15		
WEBER_METHYLATED_HCP_IN_SPERM_UP	20		Rejected!	
WEBER_METHYLATED_ICP_IN_FIBROBLAST	21		Rejected!	
WEBER_METHYLATED_ICP_IN_SPERM_DN	13		Rejected!	
WEBER_METHYLATED_ICP_IN_SPERM_UP	8		Rejected!	
WEBER_METHYLATED_IN_COLON_CANCER	18	18		
WEBER_METHYLATED_LCP_IN_FIBROBLAST_DN	10		Rejected!	
WEBER_METHYLATED_LCP_IN_FIBROBLAST_UP	13		Rejected!	
WEBER_METHYLATED_LCP_IN_SPERM_DN	8		Rejected!	
WEBER_METHYLATED_LCP_IN_SPERM_UP	15		Rejected!	
WEIGEL_OXIDATIVE_STRESS_BY_HNE_AND_H2O2	36	28		
WEIGEL_OXIDATIVE_STRESS_BY_HNE_AND_TBH	59	53		
WEIGEL_OXIDATIVE_STRESS_BY_TBH_AND_H2O2	35	29		
WEIGEL_OXIDATIVE_STRESS_RESPONSE	33	26		
WEINMANN_ADAPTATION_TO_HYPOXIA_DN	38	33		
WEINMANN_ADAPTATION_TO_HYPOXIA_UP	26	20		
WEI_MIR34A_TARGETS	146	133		
WEI_MYCN_TARGETS_WITH_E_BOX	792		Rejected!	
WELCH_GATA1_TARGETS	25	16		
WELCSH_BRCA1_TARGETS_DN	141	127		
WELCSH_BRCA1_TARGETS_UP	201	176		
WENDT_COHESIN_TARGETS_UP	32	29		
WENG_POR_DOSAGE	24	17		
WENG_POR_TARGETS_GLOBAL_DN	25	20		
WENG_POR_TARGETS_GLOBAL_UP	20		Rejected!	
WENG_POR_TARGETS_LIVER_DN	23	19		
WENG_POR_TARGETS_LIVER_UP	44	34		
WESTON_VEGFA_TARGETS	95	84		
WESTON_VEGFA_TARGETS_12HR	27	23		
WESTON_VEGFA_TARGETS_3HR	66	59		
WESTON_VEGFA_TARGETS_6HR	50	44		
WEST_ADRENOCORTICAL_CARCINOMA_VS_ADENOMA_DN	25	16		
WEST_ADRENOCORTICAL_CARCINOMA_VS_ADENOMA_UP	21	18		
WEST_ADRENOCORTICAL_TUMOR_DN	545	481		
WEST_ADRENOCORTICAL_TUMOR_MARKERS_DN	20	15		
WEST_ADRENOCORTICAL_TUMOR_MARKERS_UP	22	22		
WEST_ADRENOCORTICAL_TUMOR_UP	298	274		
WHITEFORD_PEDIATRIC_CANCER_MARKERS	117	109		
WHITEHURST_PACLITAXEL_SENSITIVITY	38	34		
WHITESIDE_CISPLATIN_RESISTANCE_DN	13		Rejected!	
WHITESIDE_CISPLATIN_RESISTANCE_UP	11		Rejected!	
WHITE_NEUROBLASTOMA_WITH_1P36.3_DELETION	20	18		
WHITFIELD_CELL_CYCLE_G1_S	133	109		
WHITFIELD_CELL_CYCLE_G2	168	148		
WHITFIELD_CELL_CYCLE_G2_M	198	178		
WHITFIELD_CELL_CYCLE_LITERATURE	44	38		
WHITFIELD_CELL_CYCLE_M_G1	126	111		
WHITFIELD_CELL_CYCLE_S	150	135		
WIEDERSCHAIN_TARGETS_OF_BMI1_AND_PCGF2	57	51		
WIELAND_UP_BY_HBV_INFECTION	103	77		
WIEMANN_TELOMERE_SHORTENING_AND_CHRONIC_LIVER_DAMAGE_DN	6		Rejected!	
WIEMANN_TELOMERE_SHORTENING_AND_CHRONIC_LIVER_DAMAGE_UP	11		Rejected!	
WIERENGA_PML_INTERACTOME	42	36		
WIERENGA_STAT5A_TARGETS_DN	193	161		
WIERENGA_STAT5A_TARGETS_GROUP1	127	106		
WIERENGA_STAT5A_TARGETS_GROUP2	54	43		
WIERENGA_STAT5A_TARGETS_UP	202	168		
WIKMAN_ASBESTOS_LUNG_CANCER_DN	30	24		
WIKMAN_ASBESTOS_LUNG_CANCER_UP	17	17		
WILCOX_RESPONSE_TO_PROGESTERONE_DN	62	53		
WILCOX_RESPONSE_TO_PROGESTERONE_UP	153	138		
WILENSKY_RESPONSE_TO_DARAPLADIB	28	22		
WILLERT_WNT_SIGNALING	23	18		
WILLIAMS_ESR1_TARGETS_DN	6		Rejected!	
WILLIAMS_ESR1_TARGETS_UP	26	21		
WILLIAMS_ESR2_TARGETS_DN	11		Rejected!	
WILLIAMS_ESR2_TARGETS_UP	29	26		
WILSON_PROTEASES_AT_TUMOR_BONE_INTERFACE_DN	5		Rejected!	
WILSON_PROTEASES_AT_TUMOR_BONE_INTERFACE_UP	20	20		
WINNEPENNINCKX_MELANOMA_METASTASIS_DN	45	33		
WINNEPENNINCKX_MELANOMA_METASTASIS_UP	162	153		
WINTER_HYPOXIA_DN	52	44		
WINTER_HYPOXIA_METAGENE	243	212		
WINTER_HYPOXIA_UP	95	89		
WINZEN_DEGRADED_VIA_KHSRP	100	90		
WONG_ADULT_TISSUE_STEM_MODULE	720		Rejected!	
WONG_EMBRYONIC_STEM_CELL_CORE	335	315		
WONG_ENDMETRIUM_CANCER_DN	78	67		
WONG_ENDMETRIUM_CANCER_UP	25	21		
WONG_ENDOMETRIAL_CANCER_LATE	9		Rejected!	
WONG_MITOCHONDRIA_GENE_MODULE	218	208		
WONG_PROTEASOME_GENE_MODULE	50	44		
WOOD_EBV_EBNA1_TARGETS_DN	48	41		
WOOD_EBV_EBNA1_TARGETS_UP	110	101		
WOO_LIVER_CANCER_RECURRENCE_DN	78	60		
WOO_LIVER_CANCER_RECURRENCE_UP	105	99		
WORSCHECH_TUMOR_EVASION_AND_TOLEROGENICITY_DN	14		Rejected!	
WORSCHECH_TUMOR_EVASION_AND_TOLEROGENICITY_UP	32	19		
WORSCHECH_TUMOR_REJECTION_DN	10		Rejected!	
WORSCHECH_TUMOR_REJECTION_UP	61	36		
WOTTON_RUNX_TARGETS_DN	29	28		
WOTTON_RUNX_TARGETS_UP	21	18		
WUNDER_INFLAMMATORY_RESPONSE_AND_CHOLESTEROL_DN	13		Rejected!	
WUNDER_INFLAMMATORY_RESPONSE_AND_CHOLESTEROL_UP	61	49		
WU_ALZHEIMER_DISEASE_DN	19	17		
WU_ALZHEIMER_DISEASE_UP	14		Rejected!	
WU_APOPTOSIS_BY_CDKN1A_NOT_VIA_TP53	11		Rejected!	
WU_APOPTOSIS_BY_CDKN1A_VIA_TP53	53	48		
WU_CELL_MIGRATION	184	164		
WU_HBX_TARGETS_1_DN	23	21		
WU_HBX_TARGETS_1_UP	16		Rejected!	
WU_HBX_TARGETS_2_DN	16		Rejected!	
WU_HBX_TARGETS_2_UP	23	20		
WU_HBX_TARGETS_3_DN	13		Rejected!	
WU_HBX_TARGETS_3_UP	18	16		
WU_SILENCED_BY_METHYLATION_IN_BLADDER_CANCER	52	44		
XIE_LT_HSC_S1PR3_OE_UP	29	25		
XIE_ST_HSC_S1PR3_OE_DN	23	16		
XIE_ST_HSC_S1PR3_OE_UP	190	163		
XU_AKT1_TARGETS_48HR	9		Rejected!	
XU_AKT1_TARGETS_6HR	27	22		
XU_CREBBP_TARGETS_DN	39	30		
XU_CREBBP_TARGETS_UP	22	20		
XU_GH1_AUTOCRINE_TARGETS_DN	131	114		
XU_GH1_AUTOCRINE_TARGETS_UP	201	150		
XU_GH1_EXOGENOUS_TARGETS_DN	105	83		
XU_GH1_EXOGENOUS_TARGETS_UP	56	30		
XU_HGF_SIGNALING_NOT_VIA_AKT1_48HR_DN	19	18		
XU_HGF_SIGNALING_NOT_VIA_AKT1_48HR_UP	35	33		
XU_HGF_SIGNALING_NOT_VIA_AKT1_6HR	25	22		
XU_HGF_TARGETS_INDUCED_BY_AKT1_48HR_DN	23	21		
XU_HGF_TARGETS_INDUCED_BY_AKT1_48HR_UP	13		Rejected!	
XU_HGF_TARGETS_INDUCED_BY_AKT1_6HR	19	18		
XU_HGF_TARGETS_REPRESSED_BY_AKT1_DN	89	70		
XU_HGF_TARGETS_REPRESSED_BY_AKT1_UP	10		Rejected!	
XU_RESPONSE_TO_TRETINOIN_AND_NSC682994_DN	14		Rejected!	
XU_RESPONSE_TO_TRETINOIN_AND_NSC682994_UP	15		Rejected!	
XU_RESPONSE_TO_TRETINOIN_DN	12		Rejected!	
XU_RESPONSE_TO_TRETINOIN_UP	16		Rejected!	
YAGI_AML_FAB_MARKERS	193	164		
YAGI_AML_RELAPSE_PROGNOSIS	35	33		
YAGI_AML_SURVIVAL	123	101		
YAGI_AML_WITH_11Q23_REARRANGED	343	302		
YAGI_AML_WITH_INV_16_TRANSLOCATION	411	349		
YAGI_AML_WITH_T_8_21_TRANSLOCATION	373	313		
YAGI_AML_WITH_T_9_11_TRANSLOCATION	131	114		
YAGUE_PRETUMOR_DRUG_RESISTANCE_DN	13		Rejected!	
YAGUE_PRETUMOR_DRUG_RESISTANCE_UP	8		Rejected!	
YAMANAKA_GLIOBLASTOMA_SURVIVAL_DN	8		Rejected!	
YAMANAKA_GLIOBLASTOMA_SURVIVAL_UP	11		Rejected!	
YAMASHITA_LIVER_CANCER_STEM_CELL_DN	76	53		
YAMASHITA_LIVER_CANCER_STEM_CELL_UP	47	41		
YAMASHITA_LIVER_CANCER_WITH_EPCAM_DN	17		Rejected!	
YAMASHITA_LIVER_CANCER_WITH_EPCAM_UP	53	50		
YAMASHITA_METHYLATED_IN_PROSTATE_CANCER	66	46		
YAMASHITA_SILENCED_BY_METHYLATION	8		Rejected!	
YAMAZAKI_TCEB3_TARGETS_DN	200	177		
YAMAZAKI_TCEB3_TARGETS_UP	167	153		
YANAGIHARA_ESX1_TARGETS	29	25		
YANAGISAWA_LUNG_CANCER_RECURRENCE	9		Rejected!	
YANG_BCL3_TARGETS_DN	8		Rejected!	
YANG_BCL3_TARGETS_UP	332	298		
YANG_BREAST_CANCER_ESR1_BULK_DN	22	20		
YANG_BREAST_CANCER_ESR1_BULK_UP	26	23		
YANG_BREAST_CANCER_ESR1_DN	24	24		
YANG_BREAST_CANCER_ESR1_LASER_DN	47	42		
YANG_BREAST_CANCER_ESR1_LASER_UP	32	29		
YANG_BREAST_CANCER_ESR1_UP	36	29		
YAN_ESCAPE_FROM_ANOIKIS	23	21		
YAO_HOXA10_TARGETS_VIA_PROGESTERONE_DN	20	16		
YAO_HOXA10_TARGETS_VIA_PROGESTERONE_UP	84	66		
YAO_TEMPORAL_RESPONSE_TO_PROGESTERONE_CLUSTER_0	72	67		
YAO_TEMPORAL_RESPONSE_TO_PROGESTERONE_CLUSTER_1	69	61		
YAO_TEMPORAL_RESPONSE_TO_PROGESTERONE_CLUSTER_10	70	64		
YAO_TEMPORAL_RESPONSE_TO_PROGESTERONE_CLUSTER_11	100	95		
YAO_TEMPORAL_RESPONSE_TO_PROGESTERONE_CLUSTER_12	80	68		
YAO_TEMPORAL_RESPONSE_TO_PROGESTERONE_CLUSTER_13	178	171		
YAO_TEMPORAL_RESPONSE_TO_PROGESTERONE_CLUSTER_14	143	128		
YAO_TEMPORAL_RESPONSE_TO_PROGESTERONE_CLUSTER_15	35	30		
YAO_TEMPORAL_RESPONSE_TO_PROGESTERONE_CLUSTER_16	79	70		
YAO_TEMPORAL_RESPONSE_TO_PROGESTERONE_CLUSTER_17	184	173		
YAO_TEMPORAL_RESPONSE_TO_PROGESTERONE_CLUSTER_2	56	42		
YAO_TEMPORAL_RESPONSE_TO_PROGESTERONE_CLUSTER_3	24		Rejected!	
YAO_TEMPORAL_RESPONSE_TO_PROGESTERONE_CLUSTER_4	16		Rejected!	
YAO_TEMPORAL_RESPONSE_TO_PROGESTERONE_CLUSTER_5	31	22		
YAO_TEMPORAL_RESPONSE_TO_PROGESTERONE_CLUSTER_6	80	68		
YAO_TEMPORAL_RESPONSE_TO_PROGESTERONE_CLUSTER_7	73	68		
YAO_TEMPORAL_RESPONSE_TO_PROGESTERONE_CLUSTER_8	50	41		
YAO_TEMPORAL_RESPONSE_TO_PROGESTERONE_CLUSTER_9	79	66		
YAUCH_HEDGEHOG_SIGNALING_PARACRINE_DN	250	194		
YAUCH_HEDGEHOG_SIGNALING_PARACRINE_UP	149	116		
YEGNASUBRAMANIAN_PROSTATE_CANCER	135	101		
YEMELYANOV_GR_TARGETS_DN	12		Rejected!	
YIH_RESPONSE_TO_ARSENITE_C1	22	18		
YIH_RESPONSE_TO_ARSENITE_C2	14		Rejected!	
YIH_RESPONSE_TO_ARSENITE_C3	31	27		
YIH_RESPONSE_TO_ARSENITE_C4	17		Rejected!	
YIH_RESPONSE_TO_ARSENITE_C5	11		Rejected!	
YOKOE_CANCER_TESTIS_ANTIGENS	35	27		
YORDY_RECIPROCAL_REGULATION_BY_ETS1_AND_SP100_DN	72	57		
YORDY_RECIPROCAL_REGULATION_BY_ETS1_AND_SP100_UP	22	21		
YOSHIMURA_MAPK8_TARGETS_DN	385	342		
YOSHIMURA_MAPK8_TARGETS_UP	1268		Rejected!	
YUAN_ZNF143_PARTNERS	22	18		
YU_BAP1_TARGETS	29	27		
YU_MYC_TARGETS_DN	61	47		
YU_MYC_TARGETS_UP	43	39		
ZAIDI_OSTEOBLAST_TRANSCRIPTION_FACTORS	14		Rejected!	
ZAMORA_NOS2_TARGETS_DN	81	71		
ZAMORA_NOS2_TARGETS_UP	56	49		
ZEILSTRA_CD44_TARGETS_DN	9		Rejected!	
ZEILSTRA_CD44_TARGETS_UP	8		Rejected!	
ZERBINI_RESPONSE_TO_SULINDAC_DN	6		Rejected!	
ZERBINI_RESPONSE_TO_SULINDAC_UP	9		Rejected!	
ZHANG_ADIPOGENESIS_BY_BMP7	14		Rejected!	
ZHANG_ANTIVIRAL_RESPONSE_TO_RIBAVIRIN_DN	45	37		
ZHANG_ANTIVIRAL_RESPONSE_TO_RIBAVIRIN_UP	28	24		
ZHANG_BREAST_CANCER_PROGENITORS_DN	138	126		
ZHANG_BREAST_CANCER_PROGENITORS_UP	433	393		
ZHANG_FH_DEFICIENT_RCC_C1_VS_OTHERS_UP	234	177		
ZHANG_FH_DEFICIENT_RCC_C2_VS_OTHERS_UP	167	79		
ZHANG_FH_DEFICIENT_RCC_C3_VS_OTHERS_UP	13		Rejected!	
ZHANG_FH_DEFICIENT_RCC_TUMOR_VS_NORMAL_DN	150	103		
ZHANG_FH_DEFICIENT_RCC_TUMOR_VS_NORMAL_UP	63	46		
ZHANG_GATA6_TARGETS_DN	63	58		
ZHANG_GATA6_TARGETS_UP	16		Rejected!	
ZHANG_INTERFERON_RESPONSE	24	22		
ZHANG_PROLIFERATING_VS_QUIESCENT	49	43		
ZHANG_RESPONSE_TO_CANTHARIDIN_DN	67	62		
ZHANG_RESPONSE_TO_CANTHARIDIN_UP	15		Rejected!	
ZHANG_RESPONSE_TO_IKK_INHIBITOR_AND_TNF_DN	106	94		
ZHANG_RESPONSE_TO_IKK_INHIBITOR_AND_TNF_UP	223	188		
ZHANG_TARGETS_OF_EWSR1_FLI1_FUSION	90	76		
ZHAN_EARLY_DIFFERENTIATION_GENES_DN	42	35		
ZHAN_EARLY_DIFFERENTIATION_GENES_UP	7		Rejected!	
ZHAN_LATE_DIFFERENTIATION_GENES_DN	17	15		
ZHAN_LATE_DIFFERENTIATION_GENES_UP	33	27		
ZHAN_MULTIPLE_MYELOMA_CD1_AND_CD2_DN	55	49		
ZHAN_MULTIPLE_MYELOMA_CD1_AND_CD2_UP	93	83		
ZHAN_MULTIPLE_MYELOMA_CD1_DN	47	42		
ZHAN_MULTIPLE_MYELOMA_CD1_UP	46	41		
ZHAN_MULTIPLE_MYELOMA_CD1_VS_CD2_DN	53	48		
ZHAN_MULTIPLE_MYELOMA_CD1_VS_CD2_UP	69	57		
ZHAN_MULTIPLE_MYELOMA_CD2_DN	47	42		
ZHAN_MULTIPLE_MYELOMA_CD2_UP	48	41		
ZHAN_MULTIPLE_MYELOMA_DN	42	33		
ZHAN_MULTIPLE_MYELOMA_HP_DN	47	42		
ZHAN_MULTIPLE_MYELOMA_HP_UP	49	38		
ZHAN_MULTIPLE_MYELOMA_LB_DN	40	31		
ZHAN_MULTIPLE_MYELOMA_LB_UP	47	45		
ZHAN_MULTIPLE_MYELOMA_MF_DN	45	37		
ZHAN_MULTIPLE_MYELOMA_MF_UP	48	38		
ZHAN_MULTIPLE_MYELOMA_MS_DN	45	39		
ZHAN_MULTIPLE_MYELOMA_MS_UP	50	45		
ZHAN_MULTIPLE_MYELOMA_PR_DN	49	44		
ZHAN_MULTIPLE_MYELOMA_PR_UP	46	43		
ZHAN_MULTIPLE_MYELOMA_SPIKED	24	19		
ZHAN_MULTIPLE_MYELOMA_SUBGROUPS	30	28		
ZHAN_MULTIPLE_MYELOMA_UP	64	53		
ZHAN_V1_LATE_DIFFERENTIATION_GENES_DN	16		Rejected!	
ZHAN_V1_LATE_DIFFERENTIATION_GENES_UP	33	23		
ZHAN_V2_LATE_DIFFERENTIATION_GENES	45	42		
ZHAN_VARIABLE_EARLY_DIFFERENTIATION_GENES_DN	31	29		
ZHAN_VARIABLE_EARLY_DIFFERENTIATION_GENES_UP	17		Rejected!	
ZHENG_BOUND_BY_FOXP3	494	409		
ZHENG_FOXP3_TARGETS_DN	6		Rejected!	
ZHENG_FOXP3_TARGETS_IN_THYMUS_DN	12		Rejected!	
ZHENG_FOXP3_TARGETS_IN_THYMUS_UP	198	168		
ZHENG_FOXP3_TARGETS_IN_T_LYMPHOCYTE_DN	38	31		
ZHENG_FOXP3_TARGETS_IN_T_LYMPHOCYTE_UP	12		Rejected!	
ZHENG_FOXP3_TARGETS_UP	26	23		
ZHENG_GLIOBLASTOMA_PLASTICITY_DN	60	49		
ZHENG_GLIOBLASTOMA_PLASTICITY_UP	249	229		
ZHENG_IL22_SIGNALING_DN	40	33		
ZHENG_IL22_SIGNALING_UP	58	41		
ZHENG_RESPONSE_TO_ARSENITE_DN	12		Rejected!	
ZHENG_RESPONSE_TO_ARSENITE_UP	15		Rejected!	
ZHONG_RESPONSE_TO_AZACITIDINE_AND_TSA_DN	71	63		
ZHONG_RESPONSE_TO_AZACITIDINE_AND_TSA_UP	188	150		
ZHONG_SECRETOME_OF_LUNG_CANCER_AND_ENDOTHELIUM	67	61		
ZHONG_SECRETOME_OF_LUNG_CANCER_AND_FIBROBLAST	131	115		
ZHONG_SECRETOME_OF_LUNG_CANCER_AND_MACROPHAGE	76	70		
ZHOU_CELL_CYCLE_GENES_IN_IR_RESPONSE_24HR	127	121		
ZHOU_CELL_CYCLE_GENES_IN_IR_RESPONSE_2HR	8		Rejected!	
ZHOU_CELL_CYCLE_GENES_IN_IR_RESPONSE_6HR	84	79		
ZHOU_INFLAMMATORY_RESPONSE_FIMA_DN	277	240		
ZHOU_INFLAMMATORY_RESPONSE_FIMA_UP	516	388		
ZHOU_INFLAMMATORY_RESPONSE_LIVE_DN	376	326		
ZHOU_INFLAMMATORY_RESPONSE_LIVE_UP	453	346		
ZHOU_INFLAMMATORY_RESPONSE_LPS_UP	407	292		
ZHOU_PANCREATIC_BETA_CELL	11		Rejected!	
ZHOU_PANCREATIC_ENDOCRINE_PROGENITOR	14		Rejected!	
ZHOU_PANCREATIC_EXOCRINE_PROGENITOR	11		Rejected!	
ZHOU_TNF_SIGNALING_30MIN	51	43		
ZHOU_TNF_SIGNALING_4HR	50	46		
ZHU_CMV_24_HR_DN	84	71		
ZHU_CMV_24_HR_UP	82	76		
ZHU_CMV_8_HR_DN	50	43		
ZHU_CMV_8_HR_UP	41	36		
ZHU_CMV_ALL_DN	119	101		
ZHU_CMV_ALL_UP	107	95		
ZHU_SKIL_TARGETS_DN	9		Rejected!	
ZHU_SKIL_TARGETS_UP	20	19		
ZIRN_TRETINOIN_RESPONSE_DN	6		Rejected!	
ZIRN_TRETINOIN_RESPONSE_UP	20	17		
ZIRN_TRETINOIN_RESPONSE_WT1_DN	6		Rejected!	
ZIRN_TRETINOIN_RESPONSE_WT1_UP	23	20		
ZWANG_CLASS_1_TRANSIENTLY_INDUCED_BY_EGF	550	423		
ZWANG_CLASS_2_TRANSIENTLY_INDUCED_BY_EGF	54	41		
ZWANG_CLASS_3_TRANSIENTLY_INDUCED_BY_EGF	232	194		
ZWANG_DOWN_BY_2ND_EGF_PULSE	323	217		
ZWANG_EGF_INTERVAL_DN	238	184		
ZWANG_EGF_INTERVAL_UP	114	69		
ZWANG_EGF_PERSISTENTLY_DN	62	54		
ZWANG_EGF_PERSISTENTLY_UP	34	32		
ZWANG_TRANSIENTLY_UP_BY_2ND_EGF_PULSE_ONLY	1964		Rejected!	
SA_B_CELL_RECEPTOR_COMPLEXES	24	19		
SA_CASPASE_CASCADE	19	15		
SA_FAS_SIGNALING	9		Rejected!	
SA_G1_AND_S_PHASES	15		Rejected!	
SA_G2_AND_M_PHASES	8		Rejected!	
SA_MMP_CYTOKINE_CONNECTION	15		Rejected!	
SA_PROGRAMMED_CELL_DEATH	12		Rejected!	
SA_PTEN_PATHWAY	17		Rejected!	
SA_REG_CASCADE_OF_CYCLIN_EXPR	13		Rejected!	
SA_TRKA_RECEPTOR	17		Rejected!	
SIG_BCR_SIGNALING_PATHWAY	46	37		
SIG_CD40PATHWAYMAP	34	31		
SIG_CHEMOTAXIS	45	37		
SIG_IL4RECEPTOR_IN_B_LYPHOCYTES	27	24		
SIG_INSULIN_RECEPTOR_PATHWAY_IN_CARDIAC_MYOCYTES	51	45		
SIG_PIP3_SIGNALING_IN_B_LYMPHOCYTES	36	25		
SIG_PIP3_SIGNALING_IN_CARDIAC_MYOCTES	67	59		
SIG_REGULATION_OF_THE_ACTIN_CYTOSKELETON_BY_RHO_GTPASES	35	29		
WNT_SIGNALING	89	77		
BIOCARTA_41BB_PATHWAY	18		Rejected!	
BIOCARTA_ACE2_PATHWAY	13		Rejected!	
BIOCARTA_ACETAMINOPHEN_PATHWAY	5		Rejected!	
BIOCARTA_ACH_PATHWAY	14		Rejected!	
BIOCARTA_ACTINY_PATHWAY	12		Rejected!	
BIOCARTA_AGPCR_PATHWAY	11		Rejected!	
BIOCARTA_AGR_PATHWAY	33	30		
BIOCARTA_AHSP_PATHWAY	13		Rejected!	
BIOCARTA_AKAP13_PATHWAY	11		Rejected!	
BIOCARTA_AKAP95_PATHWAY	11		Rejected!	
BIOCARTA_AKAPCENTROSOME_PATHWAY	14		Rejected!	
BIOCARTA_AKT_PATHWAY	22	16		
BIOCARTA_ALK_PATHWAY	37	30		
BIOCARTA_ALTERNATIVE_PATHWAY	9		Rejected!	
BIOCARTA_AMAN_PATHWAY	15		Rejected!	
BIOCARTA_AMI_PATHWAY	20		Rejected!	
BIOCARTA_ARAP_PATHWAY	17		Rejected!	
BIOCARTA_ARENRF2_PATHWAY	20		Rejected!	
BIOCARTA_ARF_PATHWAY	17	15		
BIOCARTA_ASBCELL_PATHWAY	15		Rejected!	
BIOCARTA_AT1R_PATHWAY	27	25		
BIOCARTA_ATM_PATHWAY	20		Rejected!	
BIOCARTA_ATRBRCA_PATHWAY	22		Rejected!	
BIOCARTA_BAD_PATHWAY	25	18		
BIOCARTA_BARD1_PATHWAY	8		Rejected!	
BIOCARTA_BARRESTIN_PATHWAY	12		Rejected!	
BIOCARTA_BARRESTIN_SRC_PATHWAY	17	16		
BIOCARTA_BARR_MAPK_PATHWAY	14		Rejected!	
BIOCARTA_BBCELL_PATHWAY	11		Rejected!	
BIOCARTA_BCELLSURVIVAL_PATHWAY	15		Rejected!	
BIOCARTA_BCR_PATHWAY	33	27		
BIOCARTA_BIOPEPTIDES_PATHWAY	29	24		
BIOCARTA_BLYMPHOCYTE_PATHWAY	14		Rejected!	
BIOCARTA_BOTULIN_PATHWAY	5		Rejected!	
BIOCARTA_BTG2_PATHWAY	11		Rejected!	
BIOCARTA_CACAM_PATHWAY	9		Rejected!	
BIOCARTA_CALCINEURIN_PATHWAY	18	17		
BIOCARTA_CARDIACEGF_PATHWAY	18	15		
BIOCARTA_CARM1_PATHWAY	12		Rejected!	
BIOCARTA_CARM_ER_PATHWAY	26	18		
BIOCARTA_CASPASE_PATHWAY	22	19		
BIOCARTA_CB1R_PATHWAY	7		Rejected!	
BIOCARTA_CBL_PATHWAY	12		Rejected!	
BIOCARTA_CCR3_PATHWAY	19		Rejected!	
BIOCARTA_CCR5_PATHWAY	17		Rejected!	
BIOCARTA_CD40_PATHWAY	15		Rejected!	
BIOCARTA_CDC25_PATHWAY	9		Rejected!	
BIOCARTA_CDC42RAC_PATHWAY	8		Rejected!	
BIOCARTA_CDK5_PATHWAY	13		Rejected!	
BIOCARTA_CDMAC_PATHWAY	16		Rejected!	
BIOCARTA_CELL2CELL_PATHWAY	12		Rejected!	
BIOCARTA_CELLCYCLE_PATHWAY	23	20		
BIOCARTA_CERAMIDE_PATHWAY	21	19		
BIOCARTA_CFTR_PATHWAY	11		Rejected!	
BIOCARTA_CHEMICAL_PATHWAY	18		Rejected!	
BIOCARTA_CHREBP_PATHWAY	19		Rejected!	
BIOCARTA_CIRCADIAN_PATHWAY	6		Rejected!	
BIOCARTA_CK1_PATHWAY	16		Rejected!	
BIOCARTA_CLASSIC_PATHWAY	15		Rejected!	
BIOCARTA_COMP_PATHWAY	20		Rejected!	
BIOCARTA_CPSF_PATHWAY	10		Rejected!	
BIOCARTA_CREB_PATHWAY	22	17		
BIOCARTA_CREM_PATHWAY	6		Rejected!	
BIOCARTA_CSK_PATHWAY	22		Rejected!	
BIOCARTA_CTBP1_PATHWAY	8		Rejected!	
BIOCARTA_CTCF_PATHWAY	24	17		
BIOCARTA_CTLA4_PATHWAY	22		Rejected!	
BIOCARTA_CTL_PATHWAY	13		Rejected!	
BIOCARTA_CXCR4_PATHWAY	19	17		
BIOCARTA_CYTOKINE_PATHWAY	19		Rejected!	
BIOCARTA_D4GDI_PATHWAY	12		Rejected!	
BIOCARTA_DC_PATHWAY	17		Rejected!	
BIOCARTA_DEATH_PATHWAY	29	25		
BIOCARTA_DICER_PATHWAY	5		Rejected!	
BIOCARTA_DNAFRAGMENT_PATHWAY	10		Rejected!	
BIOCARTA_DREAM_PATHWAY	13		Rejected!	
BIOCARTA_DSP_PATHWAY	9		Rejected!	
BIOCARTA_ECM_PATHWAY	19	17		
BIOCARTA_EDG1_PATHWAY	22	20		
BIOCARTA_EEA1_PATHWAY	7		Rejected!	
BIOCARTA_EFP_PATHWAY	16	15		
BIOCARTA_EGFR_SMRTE_PATHWAY	11		Rejected!	
BIOCARTA_EGF_PATHWAY	27	23		
BIOCARTA_EICOSANOID_PATHWAY	22	17		
BIOCARTA_EIF2_PATHWAY	10		Rejected!	
BIOCARTA_EIF4_PATHWAY	24	20		
BIOCARTA_EIF_PATHWAY	16	15		
BIOCARTA_EOSINOPHILS_PATHWAY	11		Rejected!	
BIOCARTA_EPHA4_PATHWAY	8		Rejected!	
BIOCARTA_EPONFKB_PATHWAY	11		Rejected!	
BIOCARTA_EPO_PATHWAY	19	16		
BIOCARTA_ERAD_PATHWAY	19	15		
BIOCARTA_ERBB3_PATHWAY	5		Rejected!	
BIOCARTA_ERBB4_PATHWAY	7		Rejected!	
BIOCARTA_ERK5_PATHWAY	14		Rejected!	
BIOCARTA_ERK_PATHWAY	27	23		
BIOCARTA_ERYTH_PATHWAY	15		Rejected!	
BIOCARTA_ETC_PATHWAY	10		Rejected!	
BIOCARTA_ETS_PATHWAY	17		Rejected!	
BIOCARTA_EXTRINSIC_PATHWAY	13		Rejected!	
BIOCARTA_FAS_PATHWAY	30	26		
BIOCARTA_FBW7_PATHWAY	9		Rejected!	
BIOCARTA_FCER1_PATHWAY	39	33		
BIOCARTA_FEEDER_PATHWAY	9		Rejected!	
BIOCARTA_FIBRINOLYSIS_PATHWAY	12		Rejected!	
BIOCARTA_FLUMAZENIL_PATHWAY	9		Rejected!	
BIOCARTA_FMLP_PATHWAY	34	27		
BIOCARTA_FOSB_PATHWAY	5		Rejected!	
BIOCARTA_FREE_PATHWAY	10		Rejected!	
BIOCARTA_FXR_PATHWAY	7		Rejected!	
BIOCARTA_G1_PATHWAY	28	21		
BIOCARTA_G2_PATHWAY	24	17		
BIOCARTA_GABA_PATHWAY	10		Rejected!	
BIOCARTA_GATA3_PATHWAY	14		Rejected!	
BIOCARTA_GCR_PATHWAY	17	15		
BIOCARTA_GHRELIN_PATHWAY	13		Rejected!	
BIOCARTA_GH_PATHWAY	27	26		
BIOCARTA_GLEEVEC_PATHWAY	23	20		
BIOCARTA_GPCR_PATHWAY	30	24		
BIOCARTA_GRANULOCYTES_PATHWAY	15		Rejected!	
BIOCARTA_GSK3_PATHWAY	20		Rejected!	
BIOCARTA_HBX_PATHWAY	7		Rejected!	
BIOCARTA_HCMV_PATHWAY	17		Rejected!	
BIOCARTA_HDAC_PATHWAY	25	19		
BIOCARTA_HER2_PATHWAY	23	19		
BIOCARTA_HES_PATHWAY	12		Rejected!	
BIOCARTA_HIF_PATHWAY	15		Rejected!	
BIOCARTA_HIVNEF_PATHWAY	56	49		
BIOCARTA_HSP27_PATHWAY	14		Rejected!	
BIOCARTA_HSWI_SNF_PATHWAY	12		Rejected!	
BIOCARTA_IFNA_PATHWAY	9		Rejected!	
BIOCARTA_IFNG_PATHWAY	6		Rejected!	
BIOCARTA_IGF1MTOR_PATHWAY	19	15		
BIOCARTA_IGF1R_PATHWAY	23	19		
BIOCARTA_IGF1_PATHWAY	21	18		
BIOCARTA_IL10_PATHWAY	13		Rejected!	
BIOCARTA_IL12_PATHWAY	19		Rejected!	
BIOCARTA_IL17_PATHWAY	15		Rejected!	
BIOCARTA_IL1R_PATHWAY	31	23		
BIOCARTA_IL22BP_PATHWAY	9		Rejected!	
BIOCARTA_IL2RB_PATHWAY	37	31		
BIOCARTA_IL2_PATHWAY	22	16		
BIOCARTA_IL3_PATHWAY	15		Rejected!	
BIOCARTA_IL4_PATHWAY	11		Rejected!	
BIOCARTA_IL5_PATHWAY	13		Rejected!	
BIOCARTA_IL6_PATHWAY	21	16		
BIOCARTA_IL7_PATHWAY	16		Rejected!	
BIOCARTA_INFLAM_PATHWAY	29	15		
BIOCARTA_INSULIN_PATHWAY	21	18		
BIOCARTA_INTEGRIN_PATHWAY	34	30		
BIOCARTA_INTRINSIC_PATHWAY	23		Rejected!	
BIOCARTA_ION_PATHWAY	5		Rejected!	
BIOCARTA_IRES_PATHWAY	7		Rejected!	
BIOCARTA_KERATINOCYTE_PATHWAY	46	36		
BIOCARTA_KREB_PATHWAY	8		Rejected!	
BIOCARTA_LAIR_PATHWAY	17		Rejected!	
BIOCARTA_LDL_PATHWAY	6		Rejected!	
BIOCARTA_LECTIN_PATHWAY	13		Rejected!	
BIOCARTA_LEPTIN_PATHWAY	11		Rejected!	
BIOCARTA_LIS1_PATHWAY	19	18		
BIOCARTA_LONGEVITY_PATHWAY	15		Rejected!	
BIOCARTA_LYMPHOCYTE_PATHWAY	9		Rejected!	
BIOCARTA_LYM_PATHWAY	14		Rejected!	
BIOCARTA_MALATEX_PATHWAY	8		Rejected!	
BIOCARTA_MAL_PATHWAY	19	18		
BIOCARTA_MAPK_PATHWAY	81	69		
BIOCARTA_MCALPAIN_PATHWAY	19		Rejected!	
BIOCARTA_MCM_PATHWAY	18	15		
BIOCARTA_MEF2D_PATHWAY	18	15		
BIOCARTA_MELANOCYTE_PATHWAY	7		Rejected!	
BIOCARTA_MET_PATHWAY	33	28		
BIOCARTA_MHC_PATHWAY	14		Rejected!	
BIOCARTA_MITOCHONDRIA_PATHWAY	19	16		
BIOCARTA_MITR_PATHWAY	5		Rejected!	
BIOCARTA_MONOCYTE_PATHWAY	11		Rejected!	
BIOCARTA_MPR_PATHWAY	21	17		
BIOCARTA_MRP_PATHWAY	6		Rejected!	
BIOCARTA_MSP_PATHWAY	6		Rejected!	
BIOCARTA_MTA3_PATHWAY	18		Rejected!	
BIOCARTA_MTOR_PATHWAY	22		Rejected!	
BIOCARTA_MYOSIN_PATHWAY	11		Rejected!	
BIOCARTA_NDKDYNAMIN_PATHWAY	17	16		
BIOCARTA_NEUTROPHIL_PATHWAY	8		Rejected!	
BIOCARTA_NFAT_PATHWAY	51	43		
BIOCARTA_NFKB_PATHWAY	21	18		
BIOCARTA_NGF_PATHWAY	20	16		
BIOCARTA_NKCELLS_PATHWAY	20	15		
BIOCARTA_NKT_PATHWAY	26	15		
BIOCARTA_NO1_PATHWAY	28	20		
BIOCARTA_NO2IL12_PATHWAY	15		Rejected!	
BIOCARTA_NOS1_PATHWAY	21	16		
BIOCARTA_NOTCH_PATHWAY	6		Rejected!	
BIOCARTA_NPC_PATHWAY	11		Rejected!	
BIOCARTA_NPP1_PATHWAY	10		Rejected!	
BIOCARTA_NTHI_PATHWAY	23		Rejected!	
BIOCARTA_NUCLEARRS_PATHWAY	34	22		
BIOCARTA_P27_PATHWAY	13		Rejected!	
BIOCARTA_P35ALZHEIMERS_PATHWAY	8		Rejected!	
BIOCARTA_P38MAPK_PATHWAY	36	27		
BIOCARTA_P53HYPOXIA_PATHWAY	21		Rejected!	
BIOCARTA_P53_PATHWAY	16		Rejected!	
BIOCARTA_PAR1_PATHWAY	19	15		
BIOCARTA_PARKIN_PATHWAY	8		Rejected!	
BIOCARTA_PCAF_PATHWAY	13		Rejected!	
BIOCARTA_PDGF_PATHWAY	28	24		
BIOCARTA_PDZS_PATHWAY	18		Rejected!	
BIOCARTA_PELP1_PATHWAY	6		Rejected!	
BIOCARTA_PEPI_PATHWAY	8		Rejected!	
BIOCARTA_PGC1A_PATHWAY	15		Rejected!	
BIOCARTA_PITX2_PATHWAY	16		Rejected!	
BIOCARTA_PKC_PATHWAY	7		Rejected!	
BIOCARTA_PLATELETAPP_PATHWAY	14		Rejected!	
BIOCARTA_PLCD_PATHWAY	5		Rejected!	
BIOCARTA_PLCE_PATHWAY	11		Rejected!	
BIOCARTA_PLC_PATHWAY	9		Rejected!	
BIOCARTA_PLK3_PATHWAY	8		Rejected!	
BIOCARTA_PML_PATHWAY	17		Rejected!	
BIOCARTA_PPARA_PATHWAY	52	38		
BIOCARTA_PPARG_PATHWAY	8		Rejected!	
BIOCARTA_PRC2_PATHWAY	14		Rejected!	
BIOCARTA_PRION_PATHWAY	12		Rejected!	
BIOCARTA_PROTEASOME_PATHWAY	19	18		
BIOCARTA_PS1_PATHWAY	14		Rejected!	
BIOCARTA_PTC1_PATHWAY	11		Rejected!	
BIOCARTA_PTDINS_PATHWAY	23	21		
BIOCARTA_PTEN_PATHWAY	18		Rejected!	
BIOCARTA_PYK2_PATHWAY	27	24		
BIOCARTA_RAB_PATHWAY	13		Rejected!	
BIOCARTA_RAC1_PATHWAY	21	19		
BIOCARTA_RACCYCD_PATHWAY	26	23		
BIOCARTA_RACC_PATHWAY	15		Rejected!	
BIOCARTA_RANBP2_PATHWAY	11		Rejected!	
BIOCARTA_RANKL_PATHWAY	14		Rejected!	
BIOCARTA_RANMS_PATHWAY	10		Rejected!	
BIOCARTA_RAN_PATHWAY	5		Rejected!	
BIOCARTA_RARRXR_PATHWAY	7		Rejected!	
BIOCARTA_RAS_PATHWAY	22	19		
BIOCARTA_RB_PATHWAY	13		Rejected!	
BIOCARTA_RECK_PATHWAY	9		Rejected!	
BIOCARTA_REELIN_PATHWAY	7		Rejected!	
BIOCARTA_RELA_PATHWAY	15		Rejected!	
BIOCARTA_RHODOPSIN_PATHWAY	11		Rejected!	
BIOCARTA_RHO_PATHWAY	21	18		
BIOCARTA_RNAPOL3_PATHWAY	7		Rejected!	
BIOCARTA_RNA_PATHWAY	10		Rejected!	
BIOCARTA_S1P_PATHWAY	8		Rejected!	
BIOCARTA_SALMONELLA_PATHWAY	5		Rejected!	
BIOCARTA_SAM68_PATHWAY	6		Rejected!	
BIOCARTA_SARS_PATHWAY	7		Rejected!	
BIOCARTA_SET_PATHWAY	10		Rejected!	
BIOCARTA_SHH_PATHWAY	16		Rejected!	
BIOCARTA_SKP2E2F_PATHWAY	10		Rejected!	
BIOCARTA_SLRP_PATHWAY	6		Rejected!	
BIOCARTA_SM_PATHWAY	14		Rejected!	
BIOCARTA_SODD_PATHWAY	10		Rejected!	
BIOCARTA_SPPA_PATHWAY	16		Rejected!	
BIOCARTA_SPRY_PATHWAY	17	17		
BIOCARTA_SRCRPTP_PATHWAY	11		Rejected!	
BIOCARTA_STAT3_PATHWAY	8		Rejected!	
BIOCARTA_STATHMIN_PATHWAY	20		Rejected!	
BIOCARTA_STEM_PATHWAY	15		Rejected!	
BIOCARTA_STRESS_PATHWAY	24	18		
BIOCARTA_SUMO_PATHWAY	6		Rejected!	
BIOCARTA_TALL1_PATHWAY	15		Rejected!	
BIOCARTA_TCAPOPTOSIS_PATHWAY	9		Rejected!	
BIOCARTA_TCRA_PATHWAY	14		Rejected!	
BIOCARTA_TCR_PATHWAY	44	35		
BIOCARTA_TCYTOTOXIC_PATHWAY	12		Rejected!	
BIOCARTA_TEL_PATHWAY	17		Rejected!	
BIOCARTA_TERC_PATHWAY	6		Rejected!	
BIOCARTA_TERT_PATHWAY	8		Rejected!	
BIOCARTA_TFF_PATHWAY	24	18		
BIOCARTA_TGFB_PATHWAY	19		Rejected!	
BIOCARTA_TH1TH2_PATHWAY	23		Rejected!	
BIOCARTA_THELPER_PATHWAY	12		Rejected!	
BIOCARTA_TID_PATHWAY	19		Rejected!	
BIOCARTA_TNFR1_PATHWAY	29	24		
BIOCARTA_TNFR2_PATHWAY	17	15		
BIOCARTA_TOB1_PATHWAY	19		Rejected!	
BIOCARTA_TOLL_PATHWAY	25	17		
BIOCARTA_TPO_PATHWAY	24	21		
BIOCARTA_TRKA_PATHWAY	14		Rejected!	
BIOCARTA_TSP1_PATHWAY	7		Rejected!	
BIOCARTA_TUBBY_PATHWAY	5		Rejected!	
BIOCARTA_UCALPAIN_PATHWAY	14		Rejected!	
BIOCARTA_VDR_PATHWAY	24	18		
BIOCARTA_VEGF_PATHWAY	27	26		
BIOCARTA_VIP_PATHWAY	26	23		
BIOCARTA_VITCB_PATHWAY	11		Rejected!	
BIOCARTA_VOBESITY_PATHWAY	8		Rejected!	
BIOCARTA_WNT_LRP6_PATHWAY	6		Rejected!	
BIOCARTA_WNT_PATHWAY	24	18		
KEGG_ABC_TRANSPORTERS	44	39		
KEGG_ACUTE_MYELOID_LEUKEMIA	57	49		
KEGG_ADHERENS_JUNCTION	73	64		
KEGG_ADIPOCYTOKINE_SIGNALING_PATHWAY	67	53		
KEGG_ALANINE_ASPARTATE_AND_GLUTAMATE_METABOLISM	32	29		
KEGG_ALDOSTERONE_REGULATED_SODIUM_REABSORPTION	42	36		
KEGG_ALLOGRAFT_REJECTION	37	21		
KEGG_ALPHA_LINOLENIC_ACID_METABOLISM	19	15		
KEGG_ALZHEIMERS_DISEASE	167	143		
KEGG_AMINOACYL_TRNA_BIOSYNTHESIS	41	40		
KEGG_AMINO_SUGAR_AND_NUCLEOTIDE_SUGAR_METABOLISM	44	43		
KEGG_AMYOTROPHIC_LATERAL_SCLEROSIS_ALS	53	45		
KEGG_ANTIGEN_PROCESSING_AND_PRESENTATION	88	53		
KEGG_APOPTOSIS	87	69		
KEGG_ARACHIDONIC_ACID_METABOLISM	58	40		
KEGG_ARGININE_AND_PROLINE_METABOLISM	54	45		
KEGG_ARRHYTHMOGENIC_RIGHT_VENTRICULAR_CARDIOMYOPATHY_ARVC	74	61		
KEGG_ASCORBATE_AND_ALDARATE_METABOLISM	25		Rejected!	
KEGG_ASTHMA	30		Rejected!	
KEGG_AUTOIMMUNE_THYROID_DISEASE	52	24		
KEGG_AXON_GUIDANCE	129	115		
KEGG_BASAL_CELL_CARCINOMA	55	47		
KEGG_BASAL_TRANSCRIPTION_FACTORS	35	31		
KEGG_BASE_EXCISION_REPAIR	35	33		
KEGG_BETA_ALANINE_METABOLISM	22	22		
KEGG_BIOSYNTHESIS_OF_UNSATURATED_FATTY_ACIDS	22	21		
KEGG_BLADDER_CANCER	42	38		
KEGG_BUTANOATE_METABOLISM	34	27		
KEGG_B_CELL_RECEPTOR_SIGNALING_PATHWAY	75	61		
KEGG_CALCIUM_SIGNALING_PATHWAY	178	148		
KEGG_CARDIAC_MUSCLE_CONTRACTION	79	59		
KEGG_CELL_ADHESION_MOLECULES_CAMS	133	106		
KEGG_CELL_CYCLE	125	106		
KEGG_CHEMOKINE_SIGNALING_PATHWAY	188	141		
KEGG_CHRONIC_MYELOID_LEUKEMIA	73	60		
KEGG_CIRCADIAN_RHYTHM_MAMMAL	13		Rejected!	
KEGG_CITRATE_CYCLE_TCA_CYCLE	32	24		
KEGG_COLORECTAL_CANCER	62	47		
KEGG_COMPLEMENT_AND_COAGULATION_CASCADES	69	51		
KEGG_CYSTEINE_AND_METHIONINE_METABOLISM	34	28		
KEGG_CYTOKINE_CYTOKINE_RECEPTOR_INTERACTION	264	164		
KEGG_CYTOSOLIC_DNA_SENSING_PATHWAY	55	33		
KEGG_DILATED_CARDIOMYOPATHY	90	69		
KEGG_DNA_REPLICATION	36	32		
KEGG_DORSO_VENTRAL_AXIS_FORMATION	24	22		
KEGG_DRUG_METABOLISM_CYTOCHROME_P450	72	33		
KEGG_DRUG_METABOLISM_OTHER_ENZYMES	51	24		
KEGG_ECM_RECEPTOR_INTERACTION	84	74		
KEGG_ENDOCYTOSIS	181	161		
KEGG_ENDOMETRIAL_CANCER	52	42		
KEGG_EPITHELIAL_CELL_SIGNALING_IN_HELICOBACTER_PYLORI_INFECTION	68	58		
KEGG_ERBB_SIGNALING_PATHWAY	87	78		
KEGG_ETHER_LIPID_METABOLISM	33	27		
KEGG_FATTY_ACID_METABOLISM	42	33		
KEGG_FC_EPSILON_RI_SIGNALING_PATHWAY	79	60		
KEGG_FC_GAMMA_R_MEDIATED_PHAGOCYTOSIS	96	86		
KEGG_FOCAL_ADHESION	199	175		
KEGG_FOLATE_BIOSYNTHESIS	11		Rejected!	
KEGG_FRUCTOSE_AND_MANNOSE_METABOLISM	34	32		
KEGG_GALACTOSE_METABOLISM	26	19		
KEGG_GAP_JUNCTION	90	77		
KEGG_GLIOMA	65	55		
KEGG_GLUTATHIONE_METABOLISM	50	42		
KEGG_GLYCEROLIPID_METABOLISM	49	41		
KEGG_GLYCEROPHOSPHOLIPID_METABOLISM	77	69		
KEGG_GLYCINE_SERINE_AND_THREONINE_METABOLISM	31	25		
KEGG_GLYCOLYSIS_GLUCONEOGENESIS	62	47		
KEGG_GLYCOSAMINOGLYCAN_BIOSYNTHESIS_CHONDROITIN_SULFATE	22	22		
KEGG_GLYCOSAMINOGLYCAN_BIOSYNTHESIS_HEPARAN_SULFATE	26	25		
KEGG_GLYCOSAMINOGLYCAN_BIOSYNTHESIS_KERATAN_SULFATE	15		Rejected!	
KEGG_GLYCOSAMINOGLYCAN_DEGRADATION	21	19		
KEGG_GLYCOSPHINGOLIPID_BIOSYNTHESIS_GANGLIO_SERIES	15		Rejected!	
KEGG_GLYCOSPHINGOLIPID_BIOSYNTHESIS_GLOBO_SERIES	14		Rejected!	
KEGG_GLYCOSPHINGOLIPID_BIOSYNTHESIS_LACTO_AND_NEOLACTO_SERIES	26	19		
KEGG_GLYCOSYLPHOSPHATIDYLINOSITOL_GPI_ANCHOR_BIOSYNTHESIS	25	23		
KEGG_GLYOXYLATE_AND_DICARBOXYLATE_METABOLISM	16		Rejected!	
KEGG_GNRH_SIGNALING_PATHWAY	101	81		
KEGG_GRAFT_VERSUS_HOST_DISEASE	41	23		
KEGG_HEDGEHOG_SIGNALING_PATHWAY	56	48		
KEGG_HEMATOPOIETIC_CELL_LINEAGE	87	52		
KEGG_HISTIDINE_METABOLISM	29	25		
KEGG_HOMOLOGOUS_RECOMBINATION	28	26		
KEGG_HUNTINGTONS_DISEASE	183	153		
KEGG_HYPERTROPHIC_CARDIOMYOPATHY_HCM	83	63		
KEGG_INOSITOL_PHOSPHATE_METABOLISM	54	44		
KEGG_INSULIN_SIGNALING_PATHWAY	137	112		
KEGG_INTESTINAL_IMMUNE_NETWORK_FOR_IGA_PRODUCTION	48	30		
KEGG_JAK_STAT_SIGNALING_PATHWAY	155	98		
KEGG_LEISHMANIA_INFECTION	72	52		
KEGG_LEUKOCYTE_TRANSENDOTHELIAL_MIGRATION	116	93		
KEGG_LIMONENE_AND_PINENE_DEGRADATION	10		Rejected!	
KEGG_LINOLEIC_ACID_METABOLISM	29	18		
KEGG_LONG_TERM_DEPRESSION	70	58		
KEGG_LONG_TERM_POTENTIATION	70	60		
KEGG_LYSINE_DEGRADATION	44	40		
KEGG_LYSOSOME	121	104		
KEGG_MAPK_SIGNALING_PATHWAY	267	221		
KEGG_MATURITY_ONSET_DIABETES_OF_THE_YOUNG	25	18		
KEGG_MELANOGENESIS	101	87		
KEGG_MELANOMA	71	59		
KEGG_METABOLISM_OF_XENOBIOTICS_BY_CYTOCHROME_P450	70	32		
KEGG_MISMATCH_REPAIR	23	21		
KEGG_MTOR_SIGNALING_PATHWAY	52	41		
KEGG_NATURAL_KILLER_CELL_MEDIATED_CYTOTOXICITY	137	91		
KEGG_NEUROACTIVE_LIGAND_RECEPTOR_INTERACTION	272	198		
KEGG_NEUROTROPHIN_SIGNALING_PATHWAY	126	111		
KEGG_NICOTINATE_AND_NICOTINAMIDE_METABOLISM	24	20		
KEGG_NITROGEN_METABOLISM	23	18		
KEGG_NOD_LIKE_RECEPTOR_SIGNALING_PATHWAY	62	49		
KEGG_NON_HOMOLOGOUS_END_JOINING	13		Rejected!	
KEGG_NON_SMALL_CELL_LUNG_CANCER	54	45		
KEGG_NOTCH_SIGNALING_PATHWAY	47	39		
KEGG_NUCLEOTIDE_EXCISION_REPAIR	44	41		
KEGG_N_GLYCAN_BIOSYNTHESIS	46	41		
KEGG_OLFACTORY_TRANSDUCTION	389	30		
KEGG_ONE_CARBON_POOL_BY_FOLATE	17	15		
KEGG_OOCYTE_MEIOSIS	113	96		
KEGG_OTHER_GLYCAN_DEGRADATION	16		Rejected!	
KEGG_OXIDATIVE_PHOSPHORYLATION	133	114		
KEGG_O_GLYCAN_BIOSYNTHESIS	30	22		
KEGG_P53_SIGNALING_PATHWAY	68	53		
KEGG_PANCREATIC_CANCER	70	59		
KEGG_PANTOTHENATE_AND_COA_BIOSYNTHESIS	16	15		
KEGG_PARKINSONS_DISEASE	131	111		
KEGG_PATHOGENIC_ESCHERICHIA_COLI_INFECTION	56	46		
KEGG_PATHWAYS_IN_CANCER	325	274		
KEGG_PENTOSE_AND_GLUCURONATE_INTERCONVERSIONS	28		Rejected!	
KEGG_PENTOSE_PHOSPHATE_PATHWAY	27	21		
KEGG_PEROXISOME	78	73		
KEGG_PHENYLALANINE_METABOLISM	18	16		
KEGG_PHOSPHATIDYLINOSITOL_SIGNALING_SYSTEM	76	63		
KEGG_PORPHYRIN_AND_CHLOROPHYLL_METABOLISM	41	21		
KEGG_PPAR_SIGNALING_PATHWAY	69	53		
KEGG_PRIMARY_BILE_ACID_BIOSYNTHESIS	16		Rejected!	
KEGG_PRIMARY_IMMUNODEFICIENCY	35	21		
KEGG_PRION_DISEASES	35	25		
KEGG_PROGESTERONE_MEDIATED_OOCYTE_MATURATION	85	71		
KEGG_PROPANOATE_METABOLISM	33	29		
KEGG_PROSTATE_CANCER	89	75		
KEGG_PROTEASOME	46	39		
KEGG_PROTEIN_EXPORT	24	22		
KEGG_PROXIMAL_TUBULE_BICARBONATE_RECLAMATION	23	22		
KEGG_PURINE_METABOLISM	159	139		
KEGG_PYRIMIDINE_METABOLISM	98	92		
KEGG_PYRUVATE_METABOLISM	40	34		
KEGG_REGULATION_OF_ACTIN_CYTOSKELETON	213	190		
KEGG_REGULATION_OF_AUTOPHAGY	35	19		
KEGG_RENAL_CELL_CARCINOMA	70	64		
KEGG_RENIN_ANGIOTENSIN_SYSTEM	17		Rejected!	
KEGG_RETINOL_METABOLISM	64	25		
KEGG_RIBOFLAVIN_METABOLISM	16		Rejected!	
KEGG_RIBOSOME	88	81		
KEGG_RIG_I_LIKE_RECEPTOR_SIGNALING_PATHWAY	71	47		
KEGG_RNA_DEGRADATION	59	54		
KEGG_RNA_POLYMERASE	29	29		
KEGG_SELENOAMINO_ACID_METABOLISM	26	25		
KEGG_SMALL_CELL_LUNG_CANCER	84	70		
KEGG_SNARE_INTERACTIONS_IN_VESICULAR_TRANSPORT	38	34		
KEGG_SPHINGOLIPID_METABOLISM	39	31		
KEGG_SPLICEOSOME	127	115		
KEGG_STARCH_AND_SUCROSE_METABOLISM	52	25		
KEGG_STEROID_BIOSYNTHESIS	17	15		
KEGG_STEROID_HORMONE_BIOSYNTHESIS	55	25		
KEGG_SULFUR_METABOLISM	13		Rejected!	
KEGG_SYSTEMIC_LUPUS_ERYTHEMATOSUS	139	83		
KEGG_TASTE_TRANSDUCTION	52	28		
KEGG_TAURINE_AND_HYPOTAURINE_METABOLISM	10		Rejected!	
KEGG_TERPENOID_BACKBONE_BIOSYNTHESIS	15		Rejected!	
KEGG_TGF_BETA_SIGNALING_PATHWAY	86	70		
KEGG_THYROID_CANCER	29	26		
KEGG_TIGHT_JUNCTION	132	106		
KEGG_TOLL_LIKE_RECEPTOR_SIGNALING_PATHWAY	102	68		
KEGG_TRYPTOPHAN_METABOLISM	40	30		
KEGG_TYPE_II_DIABETES_MELLITUS	47	39		
KEGG_TYPE_I_DIABETES_MELLITUS	43	29		
KEGG_TYROSINE_METABOLISM	42	34		
KEGG_T_CELL_RECEPTOR_SIGNALING_PATHWAY	108	83		
KEGG_UBIQUITIN_MEDIATED_PROTEOLYSIS	135	119		
KEGG_VALINE_LEUCINE_AND_ISOLEUCINE_BIOSYNTHESIS	11		Rejected!	
KEGG_VALINE_LEUCINE_AND_ISOLEUCINE_DEGRADATION	44	41		
KEGG_VASCULAR_SMOOTH_MUSCLE_CONTRACTION	115	93		
KEGG_VASOPRESSIN_REGULATED_WATER_REABSORPTION	44	35		
KEGG_VEGF_SIGNALING_PATHWAY	76	64		
KEGG_VIBRIO_CHOLERAE_INFECTION	54	48		
KEGG_VIRAL_MYOCARDITIS	70	52		
KEGG_WNT_SIGNALING_PATHWAY	151	129		
KEGG_MEDICUS_ENV_FACTOR_ARSENIC_TO_ELECTRON_TRANSFER_IN_COMPLEX_IV	21	18		
KEGG_MEDICUS_ENV_FACTOR_BENZO_A_PYRENRE_TO_CYP_MEDIATED_METABOLISM	11		Rejected!	
KEGG_MEDICUS_ENV_FACTOR_DCE_TO_DNA_ADDUCTS	19	15		
KEGG_MEDICUS_ENV_FACTOR_E2_TO_NUCLEAR_INITIATED_ESTROGEN_SIGNALING_PATHWAY	7		Rejected!	
KEGG_MEDICUS_ENV_FACTOR_E2_TO_RAS_ERK_SIGNALING_PATHWAY	16		Rejected!	
KEGG_MEDICUS_ENV_FACTOR_IRON_TO_ANTEROGRADE_AXONAL_TRANSPORT	19		Rejected!	
KEGG_MEDICUS_ENV_FACTOR_METALS_TO_JNK_SIGNALING_PATHWAY	8		Rejected!	
KEGG_MEDICUS_ENV_FACTOR_METALS_TO_KEAP1_NRF2_SIGNALIG_PATHWAY	9		Rejected!	
KEGG_MEDICUS_ENV_FACTOR_METALS_TO_NFKB_SIGNALING_PATHWAY	15	15		
KEGG_MEDICUS_ENV_FACTOR_METALS_TO_RAS_ERK_SIGNALING_PATHWAY	12		Rejected!	
KEGG_MEDICUS_ENV_FACTOR_NICOTINE_NNK_TO_PI3K_SIGNALING_PATHWAY	11		Rejected!	
KEGG_MEDICUS_ENV_FACTOR_NICOTINE_TO_JAK_STAT_SIGNALING_PATHWAY	5		Rejected!	
KEGG_MEDICUS_ENV_FACTOR_NNK_NNN_TO_CHRNA7_E2F_SIGNALING_PATHWAY	10		Rejected!	
KEGG_MEDICUS_ENV_FACTOR_NNK_NNN_TO_PI3K_SIGNALING_PATHWAY_N01339	11		Rejected!	
KEGG_MEDICUS_ENV_FACTOR_NNK_NNN_TO_PI3K_SIGNALING_PATHWAY_N01350	12		Rejected!	
KEGG_MEDICUS_ENV_FACTOR_NNK_NNN_TO_RAS_ERK_SIGNALING_PATHWAY	19	17		
KEGG_MEDICUS_ENV_FACTOR_NNK_TO_DNA_ADDUCTS	5		Rejected!	
KEGG_MEDICUS_ENV_FACTOR_PARAQUAT_TO_FAS_JNK_SIGNALING_PATHWAY	5		Rejected!	
KEGG_MEDICUS_ENV_FACTOR_PHIP_TO_DNA_ADDUCTS	5		Rejected!	
KEGG_MEDICUS_ENV_FACTOR_TCDD_TO_AHR_SIGNALING_PATHWAY	23	18		
KEGG_MEDICUS_ENV_FACTOR_ZN_TO_ANTEROGRADE_AXONAL_TRANSPORT	19		Rejected!	
KEGG_MEDICUS_PATHOGEN_ARSENIC_TO_ELECTRON_TRANSFER_IN_COMPLEX_II	6		Rejected!	
KEGG_MEDICUS_PATHOGEN_EBV_BARF1_TO_INTRINSIC_APOPTOTIC_PATHWAY	7		Rejected!	
KEGG_MEDICUS_PATHOGEN_EBV_EBNA1_TO_P53_MEDIATED_TRANSCRIPTION	10		Rejected!	
KEGG_MEDICUS_PATHOGEN_EBV_EBNA2_TO_RBP_JK_MEDIATED_TRANSCRIPTION	7		Rejected!	
KEGG_MEDICUS_PATHOGEN_EBV_EBNA3C_TO_CELL_CYCLE_G1_S_N00483	9		Rejected!	
KEGG_MEDICUS_PATHOGEN_EBV_EBNA3C_TO_CELL_CYCLE_G1_S_N00484	5		Rejected!	
KEGG_MEDICUS_PATHOGEN_EBV_EBNA3C_TO_P27_CELL_CYCLE_G1_S_N00264	11		Rejected!	
KEGG_MEDICUS_PATHOGEN_EBV_EBNA3C_TO_P27_CELL_CYCLE_G1_S_N00482	9		Rejected!	
KEGG_MEDICUS_PATHOGEN_EBV_EBNA3C_TO_P53_MEDIATED_TRANSCRIPTION	10		Rejected!	
KEGG_MEDICUS_PATHOGEN_EBV_LMP1_TO_NFKB_SIGNALING_PATHWAY	11		Rejected!	
KEGG_MEDICUS_PATHOGEN_EBV_LMP1_TO_PI3K_SIGNALING_PATHWAY	5		Rejected!	
KEGG_MEDICUS_PATHOGEN_EBV_LMP2A_TO_PI3K_SIGNALING_PATHWAY	5		Rejected!	
KEGG_MEDICUS_PATHOGEN_ESCHERICHIA_EAE_TIR_TCCP_TO_ACTIN_SIGNALING_PATHWAY	14		Rejected!	
KEGG_MEDICUS_PATHOGEN_ESCHERICHIA_EAE_TIR_TO_ACTIN_SIGNALING_PATHWAY	17	17		
KEGG_MEDICUS_PATHOGEN_ESCHERICHIA_ESPG_TO_MICROTUBULE_RHOA_SIGNALING_PATHWAY	17		Rejected!	
KEGG_MEDICUS_PATHOGEN_ESCHERICHIA_ESPJ_TO_IGG_FCGR_RAC_SIGNALING_PATHWAY	5		Rejected!	
KEGG_MEDICUS_PATHOGEN_ESCHERICHIA_ESPT_TO_RAC_SIGNALING_PATHWAY	14		Rejected!	
KEGG_MEDICUS_PATHOGEN_ESCHERICHIA_MAP_TO_CDC42_SIGNALING_PATHWAY	13		Rejected!	
KEGG_MEDICUS_PATHOGEN_ESCHERICHIA_MAP_TO_LPA_GNA12_13_RHOA_SIGNALING_PATHWAY	5		Rejected!	
KEGG_MEDICUS_PATHOGEN_ESCHERICHIA_TIR_TO_TLR2_4_MAPK_SIGNALING_PATHWAY	5		Rejected!	
KEGG_MEDICUS_PATHOGEN_HBV_HBX_TO_CREB_MEDIATED_TRANSCRIPTION	13		Rejected!	
KEGG_MEDICUS_PATHOGEN_HBV_HBX_TO_ERK_SIGNALING_PATHWAY	5		Rejected!	
KEGG_MEDICUS_PATHOGEN_HBV_HBX_TO_RAS_ERK_SIGNALING_PATHWAY	15		Rejected!	
KEGG_MEDICUS_PATHOGEN_HBV_LHBS_TO_PKC_ERK_SIGNALING_PATHWAY	12		Rejected!	
KEGG_MEDICUS_PATHOGEN_HCMV_GB_TO_PDGFR_RAS_ERK_SIGNALING_PATHWAY	15	15		
KEGG_MEDICUS_PATHOGEN_HCMV_GH_TO_ITGA_B_RHOA_SIGNALING_PATHWAY	7		Rejected!	
KEGG_MEDICUS_PATHOGEN_HCMV_UL33_TO_GNAI_AC_PKA_SIGNALING_PATHWAY	26	20		
KEGG_MEDICUS_PATHOGEN_HCMV_UL33_TO_GNAQ_PLCB_G_CALCINEURIN_SIGNALING_PATHWAY	6		Rejected!	
KEGG_MEDICUS_PATHOGEN_HCMV_UL33_TO_GNB_G_RHO_SIGNALING_PATHWAY	33	27		
KEGG_MEDICUS_PATHOGEN_HCMV_US27_TO_CXCR4_GNB_G_PLCB_PKC_SIGNALING_PATHWAY	8		Rejected!	
KEGG_MEDICUS_PATHOGEN_HCMV_US28_TO_GNA12_13_RHO_SIGNALING_PATHWAY	13		Rejected!	
KEGG_MEDICUS_PATHOGEN_HCMV_US28_TO_GNAQ_PLCB_G_CALCINEURIN_SIGNALING_PATHWAY	19	16		
KEGG_MEDICUS_PATHOGEN_HCMV_US28_TO_GNB_G_PI3K_NFKB_SIGNALING_PATHWAY	31	26		
KEGG_MEDICUS_PATHOGEN_HCV_CORE_TO_ERK_SIGNALING_PATHWAY	13		Rejected!	
KEGG_MEDICUS_PATHOGEN_HCV_CORE_TO_RXRA_LXRA_MEDIATED_TRANSCRIPTION	6		Rejected!	
KEGG_MEDICUS_PATHOGEN_HCV_CORE_TO_RXRA_PPARA_MEDIATED_TRANSCRIPTION	5		Rejected!	
KEGG_MEDICUS_PATHOGEN_HIV_GP120_TO_CXCR4_GNAI_PI3K_BAD_SIGNALING_PATHWAY	12		Rejected!	
KEGG_MEDICUS_PATHOGEN_HIV_GP120_TO_CXCR4_GNAQ_PLCB_G_CALCINEURIN	17		Rejected!	
KEGG_MEDICUS_PATHOGEN_HIV_GP120_TO_CXCR4_GNB_G_RAC_SIGNALING_PATHWAY	26	23		
KEGG_MEDICUS_PATHOGEN_HIV_GP120_TO_TNF_NFKB_SIGNALING_PATHWAY	15		Rejected!	
KEGG_MEDICUS_PATHOGEN_HIV_NEF_TO_TNF_NFKB_SIGNALING_PATHWAY	14		Rejected!	
KEGG_MEDICUS_PATHOGEN_HIV_TAT_NEF_TO_CROSSTALK_BETWEEN_EXTRINSIC_AND_INTRINSIC_APOPTOTIC_PATHWAYS	8		Rejected!	
KEGG_MEDICUS_PATHOGEN_HIV_TAT_TO_TLR2_4_NFKB_SIGNALING_PATHWAY	17		Rejected!	
KEGG_MEDICUS_PATHOGEN_HIV_VPR_TAT_TO_TNF_JNK_SIGNALING_PATHWAY	5		Rejected!	
KEGG_MEDICUS_PATHOGEN_HIV_VPR_TO_CDC25_CELL_CYCLE_G2M	11		Rejected!	
KEGG_MEDICUS_PATHOGEN_HIV_VPR_TO_WEE1_CELL_CYCLE_G2M	5		Rejected!	
KEGG_MEDICUS_PATHOGEN_HPV_E5_TO_ANTIGEN_PROCESSING_AND_PRESENTATION_BY_MHC_CLASS_I_MOLECULES	7		Rejected!	
KEGG_MEDICUS_PATHOGEN_HPV_E5_TO_EGFR_RAS_ERK_SIGNALING_PATHWAY	15	15		
KEGG_MEDICUS_PATHOGEN_HPV_E6_TO_NOTCH_SIGNALING_PATHWAY_N00380	12		Rejected!	
KEGG_MEDICUS_PATHOGEN_HPV_E6_TO_NOTCH_SIGNALING_PATHWAY_N00381	12		Rejected!	
KEGG_MEDICUS_PATHOGEN_HPV_E6_TO_NOTCH_SIGNALING_PATHWAY_N00382	13		Rejected!	
KEGG_MEDICUS_PATHOGEN_HPV_E7_TO_CELL_CYCLE_G1_S	6		Rejected!	
KEGG_MEDICUS_PATHOGEN_HPV_E7_TO_P27_CELL_CYCLE_G1_S	7		Rejected!	
KEGG_MEDICUS_PATHOGEN_HSV_GD_TO_HVEM_NFKB_SIGNALING_PATHWAY	12		Rejected!	
KEGG_MEDICUS_PATHOGEN_HTLV_1_P12_TO_ANTIGEN_PROCESSING_AND_PRESENTATION_BY_MHC_CLASS_I_MOLECULES	7		Rejected!	
KEGG_MEDICUS_PATHOGEN_HTLV_1_P12_TO_JAK_STAT_SIGNALING_PATHWAY	7		Rejected!	
KEGG_MEDICUS_PATHOGEN_HTLV_1_TAX_TO_E47_MEDIATED_TRANSCRIPTION	5		Rejected!	
KEGG_MEDICUS_PATHOGEN_HTLV_1_TAX_TO_NFY_MEDIATED_TRANSCRIPTION	15		Rejected!	
KEGG_MEDICUS_PATHOGEN_HTLV_1_TAX_TO_P21_CELL_CYCLE_G1_S_N00497	9		Rejected!	
KEGG_MEDICUS_PATHOGEN_HTLV_1_TAX_TO_P21_CELL_CYCLE_G1_S_N00498	8		Rejected!	
KEGG_MEDICUS_PATHOGEN_HTLV_1_TAX_TO_SPINDLE_ASSEMBLY_CHECKPOINT_SIGNALING	16	15		
KEGG_MEDICUS_PATHOGEN_HTLV_1_TAX_TO_SRF_MEDIATED_TRANSCRIPTION	5		Rejected!	
KEGG_MEDICUS_PATHOGEN_HTLV_1_TAX_TO_TNF_JNK_SIGNALING_PATHWAY	5		Rejected!	
KEGG_MEDICUS_PATHOGEN_KSHV_K15_TO_TNF_NFKB_SIGNALING_PATHWAY	8		Rejected!	
KEGG_MEDICUS_PATHOGEN_KSHV_LANA_TO_WNT_SIGNALING_PATHWAY	7		Rejected!	
KEGG_MEDICUS_PATHOGEN_KSHV_MIR1_2_TO_ANTIGEN_PROCESSING_AND_PRESENTATION_BY_MHC_CLASS_I_MOLECULES	6		Rejected!	
KEGG_MEDICUS_PATHOGEN_KSHV_MIR2_TO_CELL_SURFACE_MOLECULE_ENDOCYTOSIS	6		Rejected!	
KEGG_MEDICUS_PATHOGEN_KSHV_VCYCLIN_TO_CELL_CYCLE_G1_S	6		Rejected!	
KEGG_MEDICUS_PATHOGEN_KSHV_VFLIP_TO_NFKB_SIGNALING_PATHWAY	6		Rejected!	
KEGG_MEDICUS_PATHOGEN_KSHV_VFLIP_TO_TNF_NFKB_SIGNALING_PATHWAY	7		Rejected!	
KEGG_MEDICUS_PATHOGEN_KSHV_VGPCR_TO_GNB_G_ERK_SIGNALING_PATHWAY	31	27		
KEGG_MEDICUS_PATHOGEN_KSHV_VGPCR_TO_GNB_G_PI3K_AKT_SIGNALING_PATHWAY	24	21		
KEGG_MEDICUS_PATHOGEN_KSHV_VGPCR_TO_GNB_G_PI3K_JNK_SIGNALING_PATHWAY	29	26		
KEGG_MEDICUS_PATHOGEN_SALMONELLA_AVRA_TO_BETA_CATENIN_SIGNALING_PATHWAY	6		Rejected!	
KEGG_MEDICUS_PATHOGEN_SALMONELLA_SIFA_TO_MICROTUBULE_PLUS_END_DIRECTED_TRANSPORT	25	19		
KEGG_MEDICUS_PATHOGEN_SALMONELLA_SIFA_TO_TETHERING_OF_LATE_ENDOSOMES_AND_LYSOSOMES	9		Rejected!	
KEGG_MEDICUS_PATHOGEN_SALMONELLA_SOPB_TO_ARNO_ARF_ACTB_G_SIGNALING_PATHWAY	30	27		
KEGG_MEDICUS_PATHOGEN_SALMONELLA_SOPB_TO_RHOA_SIGNALING_PATHWAY	10		Rejected!	
KEGG_MEDICUS_PATHOGEN_SALMONELLA_SOPB_TO_RHOG_SIGNALING_PATHWAY	5		Rejected!	
KEGG_MEDICUS_PATHOGEN_SALMONELLA_SOPE_E2_TO_NOD_NFKB_SIGNALING_PATHWAY	9		Rejected!	
KEGG_MEDICUS_PATHOGEN_SALMONELLA_SOPE_TO_RAC_SIGNALING_PATHWAY	20	20		
KEGG_MEDICUS_PATHOGEN_SALMONELLA_SPVD_TO_TNF_NFKB_SIGNALING_PATHWAY	5		Rejected!	
KEGG_MEDICUS_PATHOGEN_SARS_COV_2_S_N_TO_LECTIN_PATHWAY_OF_COAGULATION_CASCADE	6		Rejected!	
KEGG_MEDICUS_PATHOGEN_SARS_COV_2_S_TO_ANGII_AT1R_NOX2_SIGNALING_PATHWAY	14		Rejected!	
KEGG_MEDICUS_PATHOGEN_SARS_COV_2_S_TO_CLASSICAL_PATHWAY_OF_COMPLEMENT_CASCADE	6		Rejected!	
KEGG_MEDICUS_PATHOGEN_SHIGELLA_FIMA_TO_CROSSTALK_BETWEEN_EXTRINSIC_AND_INTRINSIC_APOPTOTIC_PATHWAYS	6		Rejected!	
KEGG_MEDICUS_PATHOGEN_SHIGELLA_IPAA_TO_ITGA_B_RHOGEF_RHOA_SIGNALING_PATHWAY	11		Rejected!	
KEGG_MEDICUS_PATHOGEN_SHIGELLA_IPAB_C_D_TO_ITGA_B_TALIN_VINCULIN_SIGNALING_PATHWAY	9		Rejected!	
KEGG_MEDICUS_PATHOGEN_SHIGELLA_IPAC_TO_ACTIN_SIGNALING_PATHWAY	13		Rejected!	
KEGG_MEDICUS_PATHOGEN_SHIGELLA_IPAH7.8_TO_NLRP3_INFLAMMASOME_SIGNALING_PATHWAY	5		Rejected!	
KEGG_MEDICUS_PATHOGEN_SHIGELLA_IPGB1_TO_ITGA_B_RHOG_RAC_SIGNALING_PATHWAY	5		Rejected!	
KEGG_MEDICUS_PATHOGEN_SHIGELLA_IPGD_TO_ARNO_ARF_ACTB_G_SIGNALING_PATHWAY	29	26		
KEGG_MEDICUS_PATHOGEN_SHIGELLA_OSPF_TO_TLR2_4_MAPK_SIGNALING_PATHWAY	6		Rejected!	
KEGG_MEDICUS_PATHOGEN_SHIGELLA_OSPG_TO_TNF_NFKB_SIGNALING_PATHWAY	7		Rejected!	
KEGG_MEDICUS_PATHOGEN_YERSINIA_YOPH_TO_TCR_NFAT_SIGNALING_PATHWAY	5		Rejected!	
KEGG_MEDICUS_PATHOGEN_YERSINIA_YOPP_J_TO_TLR2_4_MAPK_SIGNALING_PATHWAY	6		Rejected!	
KEGG_MEDICUS_REFERENCE_26S_PROTEASOME_MEDIATED_PROTEIN_DEGRADATION	39	37		
KEGG_MEDICUS_REFERENCE_ACH_CHRN_PI3K_SIGNALING_PATHWAY	7		Rejected!	
KEGG_MEDICUS_REFERENCE_ACH_CHRN_RAS_ERK_SIGNALING_PATHWAY	21	19		
KEGG_MEDICUS_REFERENCE_ACTH_CORTISOL_SIGNALING_PATHWAY	32	25		
KEGG_MEDICUS_REFERENCE_ACTIVATION_OF_PRC2.2_BY_UBIQUITINATION_OF_H2AK119	22	16		
KEGG_MEDICUS_REFERENCE_ACTIVATION_OF_PRC2.2_BY_UBIQUITINATION_OF_H2AK119_IN_GERMLINE_GENES	27	20		
KEGG_MEDICUS_REFERENCE_ACTIVIN_SIGNALING_PATHWAY	8		Rejected!	
KEGG_MEDICUS_REFERENCE_ADRB3_UCP1_SIGNALING_PATHWAY	35	27		
KEGG_MEDICUS_REFERENCE_AGE_RAGE_SIGNALING_PATHWAY	16	15		
KEGG_MEDICUS_REFERENCE_AHR_SIGNALING_PATHWAY	8		Rejected!	
KEGG_MEDICUS_REFERENCE_ALTERNATIVE_PATHWAY_OF_COMPLEMENT_CASCADE_C3B_BREAKDOWN	5		Rejected!	
KEGG_MEDICUS_REFERENCE_AMH_SIGNALING_PATHWAY	9		Rejected!	
KEGG_MEDICUS_REFERENCE_ANGII_AT1R_NOX2_SIGNALING_PATHWAY	8		Rejected!	
KEGG_MEDICUS_REFERENCE_ANGIOTENSIN_ALDOSTERONE_SIGNALING_PATHWAY	28	24		
KEGG_MEDICUS_REFERENCE_ANTEROGRADE_AXONAL_TRANSPORT	24	19		
KEGG_MEDICUS_REFERENCE_ANTIGEN_PROCESSING_AND_PRESENTATION_BY_MHC_CLASS_II_MOLECULES	15		Rejected!	
KEGG_MEDICUS_REFERENCE_ANTIGEN_PROCESSING_AND_PRESENTATION_BY_MHC_CLASS_I_MOLECULES	12		Rejected!	
KEGG_MEDICUS_REFERENCE_ANXA2_S100A10_REGULATED_ACTIN_CYTOSKELETON	5		Rejected!	
KEGG_MEDICUS_REFERENCE_AREG_EGFR_PI3K_SIGNALING_PATHWAY	11		Rejected!	
KEGG_MEDICUS_REFERENCE_AREG_EGFR_RAS_ERK_SIGNALING_PATHWAY	15	15		
KEGG_MEDICUS_REFERENCE_ARL8_REGULATED_MICROTUBULE_PLUS_END_DIRECTED_TRANSPORT	35	29		
KEGG_MEDICUS_REFERENCE_ARNO_ARF_ACTB_G_SIGNALING_PATHWAY	25	23		
KEGG_MEDICUS_REFERENCE_ASSEMBLY_AND_TRAFFICKING_OF_TELOMERASE	19	17		
KEGG_MEDICUS_REFERENCE_ATR_P21_CELL_CYCLE_G2_M	9		Rejected!	
KEGG_MEDICUS_REFERENCE_ATR_SIGNALING	12		Rejected!	
KEGG_MEDICUS_REFERENCE_AUTOPHAGOSOME_AND_LYSOSOME_FUSION_TETHERING_FACTOR	16	15		
KEGG_MEDICUS_REFERENCE_AUTOPHAGOSOME_AND_LYSOSOME_FUSION_TETHERING_FACTOR_GRASP55	6		Rejected!	
KEGG_MEDICUS_REFERENCE_AUTOPHAGOSOME_AND_LYSOSOME_FUSION_TRANS_SNARE	5		Rejected!	
KEGG_MEDICUS_REFERENCE_AUTOPHAGY_VESICLE_NUCLEATION_ELONGATION_MATURATION_E3_UBIQUITIN_LIGASE_MALIN	7		Rejected!	
KEGG_MEDICUS_REFERENCE_AUTOPHAGY_VESICLE_NUCLEATION_ELONGATION_MATURATION_LC3_II_FORMATION	13		Rejected!	
KEGG_MEDICUS_REFERENCE_AUTOPHAGY_VESICLE_NUCLEATION_ELONGATION_MATURATION_MTORC1_PI3KC3_C1	16	16		
KEGG_MEDICUS_REFERENCE_AUTOPHAGY_VESICLE_NUCLEATION_ELONGATION_MATURATION_PACER_RUBCN_PI3KC3_C2	7		Rejected!	
KEGG_MEDICUS_REFERENCE_AUTOPHAGY_VESICLE_NUCLEATION_ELONGATION_MATURATION_PI3P_SYNTHESIS_BY_PI3KC3_C1	10		Rejected!	
KEGG_MEDICUS_REFERENCE_AUTOPHAGY_VESICLE_NUCLEATION_ELONGATION_MATURATION_SEQUESTOSOME_1_LIKE_RECEPTOR	14		Rejected!	
KEGG_MEDICUS_REFERENCE_AVP_V2R_PKA_SIGNALING_PATHWAY	10		Rejected!	
KEGG_MEDICUS_REFERENCE_BASE_EXCISION_AND_STRAND_CLEAVAGE_BY_BIFUNCTIONAL_GLYCOSYLASE	9		Rejected!	
KEGG_MEDICUS_REFERENCE_BASE_EXCISION_AND_STRAND_CLEAVAGE_BY_MONOFUNCTIONAL_GLYCOSYLASE	8		Rejected!	
KEGG_MEDICUS_REFERENCE_BASE_EXCISION_AND_STRAND_CLEAVAGE_BY_NEIL_GLYCOSYLASE	9		Rejected!	
KEGG_MEDICUS_REFERENCE_BCR_BCAP_CD19_PI3K_SIGNALING_PATHWAY	15		Rejected!	
KEGG_MEDICUS_REFERENCE_BCR_PLCG_CALCINEURIN_SIGNALING_PATHWAY	18		Rejected!	
KEGG_MEDICUS_REFERENCE_BCR_PLCG_ITPR_SIGNALING_PATHWAY	9		Rejected!	
KEGG_MEDICUS_REFERENCE_BETA_OXIDATION	11		Rejected!	
KEGG_MEDICUS_REFERENCE_BETA_OXIDATION_ACYL_COA_SYNTHESIS	11		Rejected!	
KEGG_MEDICUS_REFERENCE_BETA_OXIDATION_PEROXISOME_VLCFA	5		Rejected!	
KEGG_MEDICUS_REFERENCE_BILE_ACID_BIOSYNTHESIS	14		Rejected!	
KEGG_MEDICUS_REFERENCE_BLOCKING_UBIQUITINATION_OF_H2AK119_BY_CK2	12		Rejected!	
KEGG_MEDICUS_REFERENCE_BLOOD_GROUP_H_O_ANTIGEN_TYPE_1_BIOSYNTHESIS	6		Rejected!	
KEGG_MEDICUS_REFERENCE_BLOOD_GROUP_H_O_ANTIGEN_TYPE_2_BIOSYNTHESIS	7		Rejected!	
KEGG_MEDICUS_REFERENCE_BMP15_SIGNALING_PATHWAY	7		Rejected!	
KEGG_MEDICUS_REFERENCE_BMP9_10_SIGNALING_PATHWAY	9		Rejected!	
KEGG_MEDICUS_REFERENCE_BMP_HAMP_SIGNALING_PATHWAY	11		Rejected!	
KEGG_MEDICUS_REFERENCE_BMP_HAMP_SIGNALING_PATHWAY_AUXILIARY_FACTOR	7		Rejected!	
KEGG_MEDICUS_REFERENCE_BMP_SIGNALING_PATHWAY	20	17		
KEGG_MEDICUS_REFERENCE_BMP_SIGNALING_PATHWAY_BMP_ANTAGONIST	15	15		
KEGG_MEDICUS_REFERENCE_BRANCHING_MICROTUBULE_NUCLEATION	33	27		
KEGG_MEDICUS_REFERENCE_BREAK_INDUCED_REPLICATION	8		Rejected!	
KEGG_MEDICUS_REFERENCE_C9ORF72_MEDIATED_AUTOPHAGY_INITIATION	8		Rejected!	
KEGG_MEDICUS_REFERENCE_CA2_CAM_CAMK_SIGNALING_PATHWAY	19	19		
KEGG_MEDICUS_REFERENCE_CA2_CAM_CN_SIGNALING_PATHWAY	12		Rejected!	
KEGG_MEDICUS_REFERENCE_CA2_CAM_VGCC_RYR_SIGNALING_PATHWAY	11		Rejected!	
KEGG_MEDICUS_REFERENCE_CA2_ENTRY_LIGAND_GATED_CA2_CHANNEL	12		Rejected!	
KEGG_MEDICUS_REFERENCE_CA2_ENTRY_STORE_OPERATED_CA2_CHANNEL	5		Rejected!	
KEGG_MEDICUS_REFERENCE_CA2_ENTRY_VOLTAGE_GATED_CA2_CHANNEL	25	20		
KEGG_MEDICUS_REFERENCE_CA2_PLCD_ITPR_SIGNALING_PATHWAY	6		Rejected!	
KEGG_MEDICUS_REFERENCE_CA2_PYK2_RAS_ERK_SIGNALING_PATHWAY	15	15		
KEGG_MEDICUS_REFERENCE_CARDIAC_TYPE_VGCC_RYR_SIGNALING	21	17		
KEGG_MEDICUS_REFERENCE_CASR_PTH_SIGNALING_PATHWAY	7		Rejected!	
KEGG_MEDICUS_REFERENCE_CCR2_GNB_G_PI3K_NFKB_SIGNALING_PATHWAY	31	26		
KEGG_MEDICUS_REFERENCE_CCR5_GNB_G_PLCB_G_PKC_SIGNALING_PATHWAY	26	21		
KEGG_MEDICUS_REFERENCE_CCR_CXCR_GNB_G_PI3K_RAC_SIGNALING_PATHWAY	31	23		
KEGG_MEDICUS_REFERENCE_CD40_NFKB_SIGNALING_PATHWAY	8		Rejected!	
KEGG_MEDICUS_REFERENCE_CD80_CD86_CD28_PI3K_SIGNALING_PATHWAY	10		Rejected!	
KEGG_MEDICUS_REFERENCE_CD80_CD86_CTLA4_PP2A_SIGNALING_PATHWAY	22	18		
KEGG_MEDICUS_REFERENCE_CDC25_CELL_CYCLE_G2_M	10		Rejected!	
KEGG_MEDICUS_REFERENCE_CENPE_INTERACTION_WITH_NDC80_COMPLEX	12		Rejected!	
KEGG_MEDICUS_REFERENCE_CGAS_STING_SIGNALING_PATHWAY	18		Rejected!	
KEGG_MEDICUS_REFERENCE_CHOLESTEROL_BIOSYNTHESIS	13		Rejected!	
KEGG_MEDICUS_REFERENCE_CHONDROITIN_SULFATE_BIOSYNTHESIS	8		Rejected!	
KEGG_MEDICUS_REFERENCE_CHRNA7_E2F_SIGNALING_PATHWAY	6		Rejected!	
KEGG_MEDICUS_REFERENCE_CITRATE_CYCLE_FIRST_CARBON_OXIDATION	9		Rejected!	
KEGG_MEDICUS_REFERENCE_CITRATE_CYCLE_SECOND_CARBON_OXIDATION_2	10		Rejected!	
KEGG_MEDICUS_REFERENCE_CLASSICAL_PATHWAY_OF_COMPLEMENT_CASCADE_C4_C2_TO_C3_CONVERTASE_FORMATION	8		Rejected!	
KEGG_MEDICUS_REFERENCE_COHESIN_ACETYLATION	5		Rejected!	
KEGG_MEDICUS_REFERENCE_COHESIN_DISSOCIATION_IN_ANAPHASE	16	16		
KEGG_MEDICUS_REFERENCE_COHESIN_DISSOCIATION_IN_PROPHASE	16	15		
KEGG_MEDICUS_REFERENCE_COHESIN_LOADING	9		Rejected!	
KEGG_MEDICUS_REFERENCE_COMMON_PATHWAY_OF_COMPLEMENT_CASCADE_MAC_FORMATION	7		Rejected!	
KEGG_MEDICUS_REFERENCE_CONDENSIN_LOADING	20	19		
KEGG_MEDICUS_REFERENCE_COPII_VESICLE_FORMATION	12		Rejected!	
KEGG_MEDICUS_REFERENCE_COPI_VESICLE_FORMATION	23	22		
KEGG_MEDICUS_REFERENCE_CORE_NER_REACTION	29	28		
KEGG_MEDICUS_REFERENCE_CREATINE_PATHWAY	7		Rejected!	
KEGG_MEDICUS_REFERENCE_CRHR_PKA_ACTH_SIGNALING_PATHWAY	27	20		
KEGG_MEDICUS_REFERENCE_CROSSTALK_BETWEEN_EXTRINSIC_AND_INTRINSIC_APOPTOTIC_PATHWAYS	15		Rejected!	
KEGG_MEDICUS_REFERENCE_CX3CR1_GNAI_AC_PKA_SIGNALING_PATHWAY	17		Rejected!	
KEGG_MEDICUS_REFERENCE_CXCL12_CXCR4_PKC_ERK_SIGNALING_PATHAWAY	19	16		
KEGG_MEDICUS_REFERENCE_CXCR4_GNA12_13_RHO_SIGNALING_PATHWAY	9		Rejected!	
KEGG_MEDICUS_REFERENCE_CXCR4_GNAI_PI3K_BAD_SIGNALING_PATHWAY	12		Rejected!	
KEGG_MEDICUS_REFERENCE_CXCR4_GNAQ_PLCB_G_CALCINEURIN_SIGNALING_PATHWAY	21	17		
KEGG_MEDICUS_REFERENCE_CXCR4_GNB_G_PLCB_PKC_SIGNALING_PATHWAY	31	27		
KEGG_MEDICUS_REFERENCE_CXCR4_GNB_G_RAC_SIGNALING_PATHWAY	26	23		
KEGG_MEDICUS_REFERENCE_CXCR_GNB_G_ERK_SIGNALING_PATHWAY	27	23		
KEGG_MEDICUS_REFERENCE_CXCR_GNB_G_PI3K_AKT_SIGNALING_PATHWAY	26	21		
KEGG_MEDICUS_REFERENCE_CYTOKINE_JAK_STAT_SIGNALING_PATHWAY	45	29		
KEGG_MEDICUS_REFERENCE_DEPHOSPHORYLATION_OF_KINETOCHORE	12		Rejected!	
KEGG_MEDICUS_REFERENCE_DERMATAN_SULFATE_DEGRADATION	8		Rejected!	
KEGG_MEDICUS_REFERENCE_DEUBIQUITINATION_OF_H2AK119	26	23		
KEGG_MEDICUS_REFERENCE_DISASSEMBLY_OF_MCC	17	17		
KEGG_MEDICUS_REFERENCE_DNA_DEGRADATION_BY_EXTRACELLULAR_ENDOLYSOSOMAL_DNASE	7		Rejected!	
KEGG_MEDICUS_REFERENCE_DNA_END_RESECTION_AND_RPA_LOADING	18	16		
KEGG_MEDICUS_REFERENCE_DNA_REPLICATION_LICENSING	24	21		
KEGG_MEDICUS_REFERENCE_DNA_REPLICATION_TERMINATION	21	19		
KEGG_MEDICUS_REFERENCE_DOUBLE_HOLLIDAY_JUNCTION_RESOLUTION	6		Rejected!	
KEGG_MEDICUS_REFERENCE_DOUBLE_STRAND_BREAK_SIGNALING	13		Rejected!	
KEGG_MEDICUS_REFERENCE_DRD1_GNAS_AC_PKA_SIGNALING_PATHWAY	16		Rejected!	
KEGG_MEDICUS_REFERENCE_DYNEIN_RECRUITMENT_TO_THE_KINETOCHORE	30	28		
KEGG_MEDICUS_REFERENCE_E2_ER_RAS_ERK_SIGNALING_PATHWAY	23	21		
KEGG_MEDICUS_REFERENCE_EARLY_ENDOSOMAL_FUSION	8		Rejected!	
KEGG_MEDICUS_REFERENCE_EGF_EGFR_ACTIN_SIGNALING_PATHWAY	21	21		
KEGG_MEDICUS_REFERENCE_EGF_EGFR_PI3K_NFKB_SIGNALING_PATHWAY	14		Rejected!	
KEGG_MEDICUS_REFERENCE_EGF_EGFR_PI3K_SIGNALING_PATHWAY	9		Rejected!	
KEGG_MEDICUS_REFERENCE_EGF_EGFR_PLCG_CALCINEURIN_SIGNALING_PATHWAY	16		Rejected!	
KEGG_MEDICUS_REFERENCE_EGF_EGFR_PLCG_CAMK_SIGNALING_PATHWAY	15		Rejected!	
KEGG_MEDICUS_REFERENCE_EGF_EGFR_PLCG_ERK_SIGNALING_PATHWAY	15		Rejected!	
KEGG_MEDICUS_REFERENCE_EGF_EGFR_RAS_ERK_SIGNALING_PATHWAY	16	16		
KEGG_MEDICUS_REFERENCE_EGF_EGFR_RAS_JNK_SIGNALING_PATHWAY	13		Rejected!	
KEGG_MEDICUS_REFERENCE_EGF_EGFR_RAS_PI3K_SIGNALING_PATHWAY	15		Rejected!	
KEGG_MEDICUS_REFERENCE_EGF_EGFR_RAS_RALGDS_SIGNALING_PATHWAY	11		Rejected!	
KEGG_MEDICUS_REFERENCE_EGF_EGFR_RAS_RASSF1_SIGNALING_PATHWAY	11		Rejected!	
KEGG_MEDICUS_REFERENCE_EGF_ERBB2_RAS_ERK_SIGNALING_PATHWAY	16	16		
KEGG_MEDICUS_REFERENCE_EGF_JAK_STAT_SIGNALING_PATHWAY	7		Rejected!	
KEGG_MEDICUS_REFERENCE_ELECTRON_TRANSFER_IN_COMPLEX_I	44	41		
KEGG_MEDICUS_REFERENCE_ELECTRON_TRANSFER_IN_COMPLEX_III	11		Rejected!	
KEGG_MEDICUS_REFERENCE_ELECTRON_TRANSFER_IN_COMPLEX_IV	19	16		
KEGG_MEDICUS_REFERENCE_EP_NE_ADRB_CAMP_SIGNALING_PATHWAY	15		Rejected!	
KEGG_MEDICUS_REFERENCE_EREG_EGFR_PI3K_SIGNALING_PATHWAY	11		Rejected!	
KEGG_MEDICUS_REFERENCE_EREG_EGFR_RAS_ERK_SIGNALING_PATHWAY	15	15		
KEGG_MEDICUS_REFERENCE_ERK_RSK_SIGNALING	6		Rejected!	
KEGG_MEDICUS_REFERENCE_ESTABLISHMENT_OF_COHESION	7		Rejected!	
KEGG_MEDICUS_REFERENCE_EXTRINSIC_APOPTOTIC_PATHWAY	10		Rejected!	
KEGG_MEDICUS_REFERENCE_FANCONI_ANEMIA_PATHWAY	19	19		
KEGG_MEDICUS_REFERENCE_FASLG_RIPK1_3_SIGNALING_PATHWAY	5		Rejected!	
KEGG_MEDICUS_REFERENCE_FAS_JNK_SIGNALING_PATHWAY	7		Rejected!	
KEGG_MEDICUS_REFERENCE_FE3_FERRITIN_TRANSPORT	5		Rejected!	
KEGG_MEDICUS_REFERENCE_FE_TF_TRANSPORT	7		Rejected!	
KEGG_MEDICUS_REFERENCE_FGF_FGFR_PI3K_SIGNALING_PATHWAY	31	24		
KEGG_MEDICUS_REFERENCE_FGF_FGFR_RAS_ERK_SIGNALING_PATHWAY	35	30		
KEGG_MEDICUS_REFERENCE_FLCN_MTORC1_SIGNALING_PATHWAY	14		Rejected!	
KEGG_MEDICUS_REFERENCE_FLT3LG_FLT3_RAS_ERK_SIGNALING_PATHWAY	15	15		
KEGG_MEDICUS_REFERENCE_FLT3LG_FLT3_RAS_PI3K_SIGNALING_PATHWAY	15		Rejected!	
KEGG_MEDICUS_REFERENCE_FSHR_GNAS_PKA_SIGNALING_PATHWAY	16		Rejected!	
KEGG_MEDICUS_REFERENCE_GATOR1_MTORC1_SIGNALING_PATHWAY	14		Rejected!	
KEGG_MEDICUS_REFERENCE_GENE_SILENCING_BY_METHYLATION_OF_H3K27_AND_UBIQUITINATION_OF_H2AK119	40	32		
KEGG_MEDICUS_REFERENCE_GF_RTK_PI3K_SIGNALING_PATHWAY	83	72		
KEGG_MEDICUS_REFERENCE_GF_RTK_RAS_ERK_SIGNALING_PATHWAY	92	83		
KEGG_MEDICUS_REFERENCE_GF_RTK_RAS_PI3K_SIGNALING_PATHWAY	89	78		
KEGG_MEDICUS_REFERENCE_GHRHR_PKA_GH_SIGNALING_PATHWAY	28	19		
KEGG_MEDICUS_REFERENCE_GH_JAK_STAT_SIGNALING_PATHWAY	7		Rejected!	
KEGG_MEDICUS_REFERENCE_GLOBAL_GENOME_NER	18	16		
KEGG_MEDICUS_REFERENCE_GLUCONEOGENESIS	5		Rejected!	
KEGG_MEDICUS_REFERENCE_GLUTATHIONE_BIOSYNTHESIS	11		Rejected!	
KEGG_MEDICUS_REFERENCE_GLYCOGEN_BIOSYNTHESIS	6		Rejected!	
KEGG_MEDICUS_REFERENCE_GLYCOGEN_DEGRADATION	9		Rejected!	
KEGG_MEDICUS_REFERENCE_GLYCOGEN_DEGRADATION_AMYLASE_	9		Rejected!	
KEGG_MEDICUS_REFERENCE_GLYCOLYSIS	25	20		
KEGG_MEDICUS_REFERENCE_GLYCOSAMINOGLYCAN_BIOSYNTHESIS_LINKAGE_TETRASACCHARIDE	5		Rejected!	
KEGG_MEDICUS_REFERENCE_GNRH_GNRHR_PLCB_PKC_SIGNALING_PATHWAY	21	16		
KEGG_MEDICUS_REFERENCE_GPCR_PI3K_SIGNALING_PATHWAY	32	29		
KEGG_MEDICUS_REFERENCE_GPCR_PLCB_ITPR_SIGNALING_PATHWAY	50	45		
KEGG_MEDICUS_REFERENCE_GPI_ANCHOR_BIOSYNTHESIS	24	22		
KEGG_MEDICUS_REFERENCE_HEDGEHOG_SIGNALING_PATHWAY	14		Rejected!	
KEGG_MEDICUS_REFERENCE_HEDGEHOG_SIGNALING_PATHWAY_HH_LIGAND_SECRETION	6		Rejected!	
KEGG_MEDICUS_REFERENCE_HEDGEHOG_SIGNALING_PATHWAY_PTCH_CORECEPTOR	9		Rejected!	
KEGG_MEDICUS_REFERENCE_HEME_BIOSYNTHESIS	9		Rejected!	
KEGG_MEDICUS_REFERENCE_HEPARAN_SULFATE_BIOSYNTHESIS	11		Rejected!	
KEGG_MEDICUS_REFERENCE_HEPARAN_SULFATE_DEGRADATION	7		Rejected!	
KEGG_MEDICUS_REFERENCE_HGF_MET_PI3K_SIGNALING_PATHWAY	10		Rejected!	
KEGG_MEDICUS_REFERENCE_HGF_MET_RAS_ERK_SIGNALING_PATHWAY	15	15		
KEGG_MEDICUS_REFERENCE_HIF_1_SIGNALING_PATHWAY	9		Rejected!	
KEGG_MEDICUS_REFERENCE_HOMOLOGOUS_RECOMBINATION	33	30		
KEGG_MEDICUS_REFERENCE_HOMOLOGOUS_RECOMBINATION_IN_ICLR	16		Rejected!	
KEGG_MEDICUS_REFERENCE_HORMONE_LIKE_CYTOKINE_TO_JAK_STAT_SIGNALING_PATHWAY	17		Rejected!	
KEGG_MEDICUS_REFERENCE_HYDROLYSIS_OF_SPHINGOMYELIN	8		Rejected!	
KEGG_MEDICUS_REFERENCE_ICOSLG_ICOS_PI3K_SIGNALING_PATHWAY	9		Rejected!	
KEGG_MEDICUS_REFERENCE_IFN_RIPK1_3_SIGNALING_PATHWAY	31		Rejected!	
KEGG_MEDICUS_REFERENCE_IGF2_IGF1R_PI3K_SIGNALING_PATHWAY	11		Rejected!	
KEGG_MEDICUS_REFERENCE_IGF_IGF1R_PI3K_SIGNALING_PATHWAY	13		Rejected!	
KEGG_MEDICUS_REFERENCE_IGF_IGF1R_RAS_ERK_SIGNALING_PATHWAY	16	16		
KEGG_MEDICUS_REFERENCE_IGF_IGFR_PI3K_NFKB_SIGNALING_PATHWAY	14		Rejected!	
KEGG_MEDICUS_REFERENCE_IGG_FCGR_RAC_SIGNALING_PATHWAY	10		Rejected!	
KEGG_MEDICUS_REFERENCE_II_BLOOD_GROUP_ANTIGEN_BIOSYNTHESIS	7		Rejected!	
KEGG_MEDICUS_REFERENCE_IL10_FAMILY_TO_JAK_STAT_SIGNALING_PATHWAY	13		Rejected!	
KEGG_MEDICUS_REFERENCE_IL12_23_TO_JAK_STAT_SIGNALING_PATHWAY	10		Rejected!	
KEGG_MEDICUS_REFERENCE_IL1_IL1R_JNK_SIGNALING_PATHWAY	19	16		
KEGG_MEDICUS_REFERENCE_IL1_IL1R_P38_SIGNALING_PATHWAY	17		Rejected!	
KEGG_MEDICUS_REFERENCE_IL2_FAMILY_TO_JAK_STAT_SIGNALING_PATHWAY	23		Rejected!	
KEGG_MEDICUS_REFERENCE_IL6_FAMILY_TO_JAK_STAT_SIGNALING_PATHWAY	27	20		
KEGG_MEDICUS_REFERENCE_INACTIVATION_OF_CONDENSIN_I	6		Rejected!	
KEGG_MEDICUS_REFERENCE_INTRINSIC_APOPTOTIC_PATHWAY	13		Rejected!	
KEGG_MEDICUS_REFERENCE_IRE1A_JNK_SIGNALING_PATHWAY	7		Rejected!	
KEGG_MEDICUS_REFERENCE_ISOLEUCINE_DEGRADATION	10		Rejected!	
KEGG_MEDICUS_REFERENCE_ITGA_B_FAK_CDC42_SIGNALING_PATHWAY	26	25		
KEGG_MEDICUS_REFERENCE_ITGA_B_FAK_RAC_SIGNALING_PATHWAY	30	29		
KEGG_MEDICUS_REFERENCE_ITGA_B_RHOGAP_RHOA_SIGNALING_PATHWAY	23	22		
KEGG_MEDICUS_REFERENCE_ITGA_B_RHOGEF_RHOA_SIGNALING_PATHWAY	23	22		
KEGG_MEDICUS_REFERENCE_ITGA_B_RHOG_RAC_SIGNALING_PATHWAY	28	27		
KEGG_MEDICUS_REFERENCE_ITGA_B_TALIN_VINCULIN_SIGNALING_PATHWAY	30	28		
KEGG_MEDICUS_REFERENCE_KEAP1_NRF2_SIGNALING_PATHWAY	24	20		
KEGG_MEDICUS_REFERENCE_KERATAN_SULFATE_DEGRADATION	5		Rejected!	
KEGG_MEDICUS_REFERENCE_KINETOCHORE_FIBER_ORGANIZATION	23	17		
KEGG_MEDICUS_REFERENCE_KINETOCHORE_MICROTUBULE_ATTACHMENT	20	15		
KEGG_MEDICUS_REFERENCE_KISS1_KISS1R_PLCB_PKC_SIGNALING_PATHWAY	11		Rejected!	
KEGG_MEDICUS_REFERENCE_KITLG_KIT_PI3K_SIGNALING_PATHWAY	11		Rejected!	
KEGG_MEDICUS_REFERENCE_KITLG_KIT_RAS_ERK_SIGNALING_PATHWAY	15	15		
KEGG_MEDICUS_REFERENCE_LECTIN_PATHWAY_OF_COAGULATION_CASCADE_FIBRINOGEN_TO_FIBRIN	10		Rejected!	
KEGG_MEDICUS_REFERENCE_LECTIN_PATHWAY_OF_COAGULATION_CASCADE_PROTHROMBIN_TO_THROMBIN	8		Rejected!	
KEGG_MEDICUS_REFERENCE_LECTIN_PATHWAY_OF_COMPLEMENT_CASCADE_C4_C2_TO_C3_CONVERTASE_FORMATION	11		Rejected!	
KEGG_MEDICUS_REFERENCE_LESION_BYPASS_BY_TLS_AND_DSB_FORMATION	15		Rejected!	
KEGG_MEDICUS_REFERENCE_LEUCINE_DEGRADATION	7		Rejected!	
KEGG_MEDICUS_REFERENCE_LEWIS_X_ANTIGEN_BIOSYNTHESIS	5		Rejected!	
KEGG_MEDICUS_REFERENCE_LHCGR_GNAS_PKA_SIGNALING_PATHWAY	16		Rejected!	
KEGG_MEDICUS_REFERENCE_LIGHT_HVEM_NFKB_SIGNALING_PATHWAY	10		Rejected!	
KEGG_MEDICUS_REFERENCE_LOADING_OF_THE_SMC5_SMC6_COMPLEX	11		Rejected!	
KEGG_MEDICUS_REFERENCE_LONG_PATCH_BER	17	17		
KEGG_MEDICUS_REFERENCE_LPAR_GNB_G_RHO_SIGNALING_PATHWAY	23	21		
KEGG_MEDICUS_REFERENCE_LPA_GNA12_13_RHOA_SIGNALING_PATHWAY	13		Rejected!	
KEGG_MEDICUS_REFERENCE_LPA_GNAQ_11_RHOA_SIGNALING_PATHWAY	9		Rejected!	
KEGG_MEDICUS_REFERENCE_LYSOSOMAL_CA2_RELEASE	10		Rejected!	
KEGG_MEDICUS_REFERENCE_MACHR_CA2_APOPTOTIC_PATHWAY	20	17		
KEGG_MEDICUS_REFERENCE_MAGI_PTEN_SIGNALING_PATHWAY	6		Rejected!	
KEGG_MEDICUS_REFERENCE_MANNOSE_TYPE_O_GLYCAN_BIOSYNTHESIS_FKTN_TO_LARGE	6		Rejected!	
KEGG_MEDICUS_REFERENCE_MANNOSE_TYPE_O_GLYCAN_BIOSYNTHESIS_POMT_TO_POMK	5		Rejected!	
KEGG_MEDICUS_REFERENCE_MDA5_IRF7_3_SIGNALING_PATHWAY	24		Rejected!	
KEGG_MEDICUS_REFERENCE_MDM2_P21_CELL_CYCLE_G1_S_N00066	13		Rejected!	
KEGG_MEDICUS_REFERENCE_MDM2_P21_CELL_CYCLE_G1_S_N00536	11		Rejected!	
KEGG_MEDICUS_REFERENCE_MEMBRANE_INITIATED_PROGESTERONE_SIGNALING_PATHWAY	9		Rejected!	
KEGG_MEDICUS_REFERENCE_METHIONINE_DEGRADATION	10		Rejected!	
KEGG_MEDICUS_REFERENCE_MEVALONATE_PATHWAY	12		Rejected!	
KEGG_MEDICUS_REFERENCE_MGLUR1_TRPC3_SIGNALING_PATHWAY	13		Rejected!	
KEGG_MEDICUS_REFERENCE_MGLUR5_CA2_APOPTOTIC_PATHWAY	22	18		
KEGG_MEDICUS_REFERENCE_MICROTUBULE_DEPOLYMERIZATION	23	18		
KEGG_MEDICUS_REFERENCE_MICROTUBULE_DEPOLYMERIZATION_AT_THE_MINUS_ENDS	20	15		
KEGG_MEDICUS_REFERENCE_MICROTUBULE_NUCLEATION	28	22		
KEGG_MEDICUS_REFERENCE_MICROTUBULE_RHOA_SIGNALING_PATHWAY	21	15		
KEGG_MEDICUS_REFERENCE_MISMATCH_REPAIR	26	24		
KEGG_MEDICUS_REFERENCE_MITOCHONDRIAL_COMPLEX_UCP1_IN_THERMOGENESIS	62	54		
KEGG_MEDICUS_REFERENCE_MLK_JNK_SIGNALING_PATHWAY	12		Rejected!	
KEGG_MEDICUS_REFERENCE_MODIFYING_OF_CONDENSIN_II_SUBUNITS	6		Rejected!	
KEGG_MEDICUS_REFERENCE_MODIFYING_OF_CONDENSIN_I_SUBUNITS	5		Rejected!	
KEGG_MEDICUS_REFERENCE_MYOSTATIN_SIGNALING_PATHWAY	8		Rejected!	
KEGG_MEDICUS_REFERENCE_NAD_BIOSYNTHESIS	12		Rejected!	
KEGG_MEDICUS_REFERENCE_NALP12_INFLAMMASOME_SIGNALING_PATHWAY	5		Rejected!	
KEGG_MEDICUS_REFERENCE_NLRC4_INFLAMMASOME_SIGNALING_PATHWAY	5		Rejected!	
KEGG_MEDICUS_REFERENCE_NLRP1_INFLAMMASOME_SIGNALING_PATHWAY	5		Rejected!	
KEGG_MEDICUS_REFERENCE_NLRP3_INFLAMMASOME_SIGNALING_PATHWAY	6		Rejected!	
KEGG_MEDICUS_REFERENCE_NODAL_SIGNALING_PATHWAY	8		Rejected!	
KEGG_MEDICUS_REFERENCE_NOD_NFKB_SIGNALING_PATHWAY	9		Rejected!	
KEGG_MEDICUS_REFERENCE_NON_CANONICAL_INFLAMMASOME_SIGNALING_PATHWAY	7		Rejected!	
KEGG_MEDICUS_REFERENCE_NON_HOMOLOGOUS_END_JOINING	13		Rejected!	
KEGG_MEDICUS_REFERENCE_NOTCH_LIGAND_UBIQUITYLATION	9		Rejected!	
KEGG_MEDICUS_REFERENCE_NOTCH_MESP2_SIGNALING	6		Rejected!	
KEGG_MEDICUS_REFERENCE_NOTCH_PROTEOLYTIC_ACTIVATION	11		Rejected!	
KEGG_MEDICUS_REFERENCE_NOTCH_SIGNALING_PATHWAY	13		Rejected!	
KEGG_MEDICUS_REFERENCE_NRG_ERBB4_PI3K_SIGNALING_PATHWAY	11		Rejected!	
KEGG_MEDICUS_REFERENCE_NUCLEAR_EXPORT_OF_MRNA	30	28		
KEGG_MEDICUS_REFERENCE_NUCLEAR_INITIATED_ESTROGEN_SIGNALING_PATHWAY	11		Rejected!	
KEGG_MEDICUS_REFERENCE_NUCLEAR_INITIATED_PROGESTERONE_SIGNALING_PATHWAY	5		Rejected!	
KEGG_MEDICUS_REFERENCE_N_GLYCAN_BIOSYNTHESIS	16		Rejected!	
KEGG_MEDICUS_REFERENCE_N_GLYCAN_PRECURSOR_BIOSYNTHESIS_ALG6_TO_OST	11		Rejected!	
KEGG_MEDICUS_REFERENCE_N_GLYCAN_PRECURSOR_BIOSYNTHESIS_ALG7_TO_ALG11	6		Rejected!	
KEGG_MEDICUS_REFERENCE_N_GLYCAN_PRECURSOR_BIOSYNTHESIS_GLC_6P_TO_MAN_P_DOL	9		Rejected!	
KEGG_MEDICUS_REFERENCE_OKAZAKI_FRAGMENT_MATURATION	11		Rejected!	
KEGG_MEDICUS_REFERENCE_ORGANIZATION_OF_THE_INNER_KINETOCHORE	17		Rejected!	
KEGG_MEDICUS_REFERENCE_ORGANIZATION_OF_THE_OUTER_KINETOCHORE	19	18		
KEGG_MEDICUS_REFERENCE_ORIGIN_UNWINDING_AND_ELONGATION	30	28		
KEGG_MEDICUS_REFERENCE_P15_CELL_CYCLE_G1_S	13		Rejected!	
KEGG_MEDICUS_REFERENCE_P16_CELL_CYCLE_G1_S	10		Rejected!	
KEGG_MEDICUS_REFERENCE_P27_CELL_CYCLE_G1_S	14		Rejected!	
KEGG_MEDICUS_REFERENCE_P300_P21_CELL_CYCLE_G1_S	15		Rejected!	
KEGG_MEDICUS_REFERENCE_P4_PR_PI3K_SIGNALING_PATHWAY	8		Rejected!	
KEGG_MEDICUS_REFERENCE_P4_PR_RAS_ERK_SIGNALING_PATHWAY	16	15		
KEGG_MEDICUS_REFERENCE_PDGF_PDGFR_PI3K_SIGNALING_PATHWAY	13		Rejected!	
KEGG_MEDICUS_REFERENCE_PDGF_PDGFR_PLCG_CAMK_SIGNALING_PATHWAY	17	16		
KEGG_MEDICUS_REFERENCE_PDGF_PDGFR_RAS_ERK_SIGNALING_PATHWAY	17	17		
KEGG_MEDICUS_REFERENCE_PDL_PD1_SHP_PI3K_SIGNALING_PATHWAY	9		Rejected!	
KEGG_MEDICUS_REFERENCE_PINK_PARKIN_MEDIATED_AUTOPHAGOSOME_FORMATION	17	15		
KEGG_MEDICUS_REFERENCE_PKA_HOLOENZYME	7		Rejected!	
KEGG_MEDICUS_REFERENCE_PKR_EIF2ALPHA_SIGNALING_PATHWAY	7		Rejected!	
KEGG_MEDICUS_REFERENCE_PLASMIN_MEDIATED_ACTIVATION_OF_LATENT_TGF_BETA	8		Rejected!	
KEGG_MEDICUS_REFERENCE_PP2A_AKT_SIGNALING_PATHWAY	19	16		
KEGG_MEDICUS_REFERENCE_PRE_IC_FORMATION	27	24		
KEGG_MEDICUS_REFERENCE_PRL_JAK_STAT_SIGNALING_PATHWAY	5		Rejected!	
KEGG_MEDICUS_REFERENCE_PRNP_PI3K_NOX2_SIGNALING_PATHWAY	29	24		
KEGG_MEDICUS_REFERENCE_PROK_PRKR_GI_ERK_SIGNALING_PATHWAY	9		Rejected!	
KEGG_MEDICUS_REFERENCE_PROMOTION_OF_MICROTUBULE_GROWTH	22	16		
KEGG_MEDICUS_REFERENCE_PTH_PTH1R_PKA_SIGNALING_PATHWAY	15		Rejected!	
KEGG_MEDICUS_REFERENCE_PURINE_SALVAGE_PATHWAY_ADENINE_TO_AMP	11		Rejected!	
KEGG_MEDICUS_REFERENCE_PURINE_SALVAGE_PATHWAY_HYPOXANTHINE_GUANINE_TO_IMP_GMP	11		Rejected!	
KEGG_MEDICUS_REFERENCE_PYRIN_INFLAMMASOME_SIGNALING_PATHWAY	5		Rejected!	
KEGG_MEDICUS_REFERENCE_RAB7_REGULATED_MICROTUBULE_MINUS_END_DIRECTED_TRANSPORT	43	37		
KEGG_MEDICUS_REFERENCE_RAC_CDC42_PAK_ERK_SIGNALING_PATHWAY	10		Rejected!	
KEGG_MEDICUS_REFERENCE_RAD51_DSDNA_DESTABILIZATION	11		Rejected!	
KEGG_MEDICUS_REFERENCE_RECRUITMENT_AND_FORMATION_OF_THE_MCC	10		Rejected!	
KEGG_MEDICUS_REFERENCE_REGULATION_OF_COMPLEMENT_CASCADE_CFHR	6		Rejected!	
KEGG_MEDICUS_REFERENCE_REGULATION_OF_COMPLEMENT_CASCADE_MAC_INHIBITION	9		Rejected!	
KEGG_MEDICUS_REFERENCE_REGULATION_OF_EXTRINSIC_APOPTOTIC_PATHWAY_XIAP	5		Rejected!	
KEGG_MEDICUS_REFERENCE_REGULATION_OF_FIBRINOLYTIC_SYSTEM_C1INH	6		Rejected!	
KEGG_MEDICUS_REFERENCE_REGULATION_OF_FIBRINOLYTIC_SYSTEM_PAI	6		Rejected!	
KEGG_MEDICUS_REFERENCE_REGULATION_OF_GF_RTK_RAS_ERK_SIGNALING_MRAS_SHOC2_PP1_HOLOPHOSPHATASE	8		Rejected!	
KEGG_MEDICUS_REFERENCE_REGULATION_OF_GF_RTK_RAS_ERK_SIGNALING_PATHWAY_ADAPTOR_PROTEINS	10		Rejected!	
KEGG_MEDICUS_REFERENCE_REGULATION_OF_GF_RTK_RAS_ERK_SIGNALING_PTP	20	17		
KEGG_MEDICUS_REFERENCE_REGULATION_OF_GF_RTK_RAS_ERK_SIGNALING_RASGAP	8		Rejected!	
KEGG_MEDICUS_REFERENCE_REGULATION_OF_GF_RTK_RAS_ERK_SIGNALING_RAS_UBIQUITINATION_BY_CUL3_COMPLEX	6		Rejected!	
KEGG_MEDICUS_REFERENCE_REGULATION_OF_GF_RTK_RAS_ERK_SIGNALING_SPRED_AND_NF1	6		Rejected!	
KEGG_MEDICUS_REFERENCE_REGULATION_OF_GF_RTK_RAS_ERK_SIGNALING_UBIQUITINATION_OF_RTK_BY_CBL	25	24		
KEGG_MEDICUS_REFERENCE_REGULATION_OF_NLRP3_INFLAMMASOME_SIGNALING_PATHWAY_NLRP3_INHIBITION	5		Rejected!	
KEGG_MEDICUS_REFERENCE_REGULATION_OF_SERCA	8		Rejected!	
KEGG_MEDICUS_REFERENCE_REGULATION_OF_TNF_NFKB_SIGNALING_PATHWAY_LUBAC_MEDIATED_LINEAR_UBIQUITINATION	6		Rejected!	
KEGG_MEDICUS_REFERENCE_RELN_VLDLR_PI3K_SIGNALING_PATHWAY	15		Rejected!	
KEGG_MEDICUS_REFERENCE_RETROGRADE_AXONAL_TRANSPORT	43	36		
KEGG_MEDICUS_REFERENCE_RIG_I_IRF7_3_SIGNALING_PATHWAY	24		Rejected!	
KEGG_MEDICUS_REFERENCE_RIG_I_NFKB_SIGNALING_PATHWAY	22		Rejected!	
KEGG_MEDICUS_REFERENCE_RORA_MEDIATED_TRANSCRIPTION	5		Rejected!	
KEGG_MEDICUS_REFERENCE_RTK_PLCG_ITPR_SIGNALING_PATHWAY	55	46		
KEGG_MEDICUS_REFERENCE_SEROTONIN_METABOLISM	5		Rejected!	
KEGG_MEDICUS_REFERENCE_SIALYL_LEWIS_X_ANTIGEN_BIOSYNTHESIS	6		Rejected!	
KEGG_MEDICUS_REFERENCE_SKELETAL_TYPE_VGCC_RYR_SIGNALING	21	16		
KEGG_MEDICUS_REFERENCE_SPINDLE_ASSEMBLY_CHECKPOINT_SIGNALING	21	19		
KEGG_MEDICUS_REFERENCE_STEROID_HORMONE_BIOSYNTHESIS_PROGESTERONE_TO_CORTISOL_CORTISONE	5		Rejected!	
KEGG_MEDICUS_REFERENCE_STRAD_STK11_TSC_SIGNALING_PATHWAY	8		Rejected!	
KEGG_MEDICUS_REFERENCE_TAC3_TACR3_PLC_PKC_SIGNALING_PATHWAY	10		Rejected!	
KEGG_MEDICUS_REFERENCE_TBK1_MEDIATED_AUTOPHAGOSOME_FORMATION	10		Rejected!	
KEGG_MEDICUS_REFERENCE_TCR_PLCG_ITPR_SIGNALING_PATHWAY	19		Rejected!	
KEGG_MEDICUS_REFERENCE_TELOMERASE_RNA_MATURATION	5		Rejected!	
KEGG_MEDICUS_REFERENCE_TELOMERE_ELONGATION	19	16		
KEGG_MEDICUS_REFERENCE_TESTOSTERONE_BIOSYNTHESIS	11		Rejected!	
KEGG_MEDICUS_REFERENCE_TETHERING_OF_LATE_ENDOSOMES_AND_LYSOSOMES	10		Rejected!	
KEGG_MEDICUS_REFERENCE_TGFA_EGFR_PI3K_SIGNALING_PATHWAY	9		Rejected!	
KEGG_MEDICUS_REFERENCE_TGFA_EGFR_PLCG_PKC_SIGNALING_PATHWAY	8		Rejected!	
KEGG_MEDICUS_REFERENCE_TGFA_EGFR_RAS_ERK_SIGNALING_PATHWAY	15	15		
KEGG_MEDICUS_REFERENCE_TGF_BETA_SIGNALING_PATHWAY	8		Rejected!	
KEGG_MEDICUS_REFERENCE_THYROID_HORMONE_SIGNALING_PATHWAY	9		Rejected!	
KEGG_MEDICUS_REFERENCE_TIGHT_JUNCTION_ACTIN_SIGNALING_PATHWAY	37	30		
KEGG_MEDICUS_REFERENCE_TLR1_2_4_NFKB_SIGNALING_PATHWAY	20	15		
KEGG_MEDICUS_REFERENCE_TLR2_4_MAPK_SIGNALING_PATHWAY	26	19		
KEGG_MEDICUS_REFERENCE_TLR3_IRF3_SIGNALING_PATHWAY	9		Rejected!	
KEGG_MEDICUS_REFERENCE_TLR3_IRF7_SIGNALING_PATHWAY	19		Rejected!	
KEGG_MEDICUS_REFERENCE_TLR3_NFKB_SIGNALING_PATHWAY	10		Rejected!	
KEGG_MEDICUS_REFERENCE_TLR4_IRF3_7_SIGNALING_PATHWAY	9		Rejected!	
KEGG_MEDICUS_REFERENCE_TLR5_NFKB_SIGNALING_PATHWAY	17		Rejected!	
KEGG_MEDICUS_REFERENCE_TLR7_8_9_IRF5_SIGNALING_PATHWAY	22		Rejected!	
KEGG_MEDICUS_REFERENCE_TLR7_9_IRF7_SIGNALING_PATHWAY	20		Rejected!	
KEGG_MEDICUS_REFERENCE_TNFSF10_RIPK1_3_SIGNALING_PATHWAY	5		Rejected!	
KEGG_MEDICUS_REFERENCE_TNF_JNK_SIGNALING_PATHWAY	16		Rejected!	
KEGG_MEDICUS_REFERENCE_TNF_NFKB_SIGNALING_PATHWAY	16		Rejected!	
KEGG_MEDICUS_REFERENCE_TNF_P38_SIGNALING_PATHWAY	24	17		
KEGG_MEDICUS_REFERENCE_TNF_RIPK1_3_SIGNALING_PATHWAY	7		Rejected!	
KEGG_MEDICUS_REFERENCE_TRAIP_DEPENDENT_REPLISOME_DISASSEMBLY	16		Rejected!	
KEGG_MEDICUS_REFERENCE_TRANSCRIPTIONAL_ACTIVATION_BY_ACETYLATION_OF_H3K27	15		Rejected!	
KEGG_MEDICUS_REFERENCE_TRANSCRIPTION_COUPLED_NER	31	30		
KEGG_MEDICUS_REFERENCE_TRANSLATION_INITIATION	81	75		
KEGG_MEDICUS_REFERENCE_TRANSPORT_OF_CALCIUM	5		Rejected!	
KEGG_MEDICUS_REFERENCE_TRAPPI_RAB1_SIGNALING_PATHWAY	9		Rejected!	
KEGG_MEDICUS_REFERENCE_TRH_TRHR_PLCB_PKC_SIGNALING_PATHWAY	12		Rejected!	
KEGG_MEDICUS_REFERENCE_TSC1_2_MTORC1_SIGNALING_PATHWAY	11		Rejected!	
KEGG_MEDICUS_REFERENCE_TSH_DUOX2_TG_SIGNALING_PATHWAY	12		Rejected!	
KEGG_MEDICUS_REFERENCE_TSH_TG_SIGNALING_PATHWAY	29	23		
KEGG_MEDICUS_REFERENCE_TYPE_II_INTERFERON_TO_JAK_STAT_SIGNALING_PATHWAY	21		Rejected!	
KEGG_MEDICUS_REFERENCE_TYPE_I_IFN_SIGNALING_PATHWAY	23		Rejected!	
KEGG_MEDICUS_REFERENCE_TYPE_I_INTERFERON_TO_JAK_STAT_SIGNALING_PATHWAY	24		Rejected!	
KEGG_MEDICUS_REFERENCE_TYROSINE_DEGRADATION	5		Rejected!	
KEGG_MEDICUS_REFERENCE_UCHL1_MEDIATED_HYDROLYSIS	5		Rejected!	
KEGG_MEDICUS_REFERENCE_UREA_CYCLE	6		Rejected!	
KEGG_MEDICUS_REFERENCE_VALINE_DEGRADATION	8		Rejected!	
KEGG_MEDICUS_REFERENCE_VGCC_CA2_APOPTOTIC_PATHWAY	23	16		
KEGG_MEDICUS_REFERENCE_V_D_J_RECOMBINATION	12		Rejected!	
KEGG_MEDICUS_REFERENCE_WEE1_CELL_CYCLE_G2_M	7		Rejected!	
KEGG_MEDICUS_REFERENCE_WNT5A_ROR_SIGNALING_PATHWAY	16	16		
KEGG_MEDICUS_REFERENCE_WNT_SIGNALING_MODULATION_LGR_RSPO	19	18		
KEGG_MEDICUS_REFERENCE_WNT_SIGNALING_MODULATION_SOST_LRP4	14		Rejected!	
KEGG_MEDICUS_REFERENCE_WNT_SIGNALING_MODULATION_WNT_ACYLATION	19	16		
KEGG_MEDICUS_REFERENCE_WNT_SIGNALING_MODULATION_WNT_INHIBITOR	28	25		
KEGG_MEDICUS_REFERENCE_WNT_SIGNALING_PATHWAY	46	41		
KEGG_MEDICUS_VARIANT_AML1_ETO_FUSION_TO_PU.1_MEDIATED_TRANSCRIPTION	5		Rejected!	
KEGG_MEDICUS_VARIANT_AMPLIFIED_CCND1_TO_CELL_CYCLE_G1_S	6		Rejected!	
KEGG_MEDICUS_VARIANT_AMPLIFIED_CCNE_TO_CELL_CYCLE_G1_S	6		Rejected!	
KEGG_MEDICUS_VARIANT_AMPLIFIED_CDK4_TO_CELL_CYCLE_G1_S	8		Rejected!	
KEGG_MEDICUS_VARIANT_AMPLIFIED_EGFR_TO_PI3K_SIGNALING_PATHWAY	8		Rejected!	
KEGG_MEDICUS_VARIANT_AMPLIFIED_EGFR_TO_PLCG_CAMK_SIGNALING_PATHWAY	14		Rejected!	
KEGG_MEDICUS_VARIANT_AMPLIFIED_FGFR_TO_PI3K_SIGNALING_PATHWAY	9		Rejected!	
KEGG_MEDICUS_VARIANT_AMPLIFIED_FGFR_TO_RAS_ERK_SIGNALING_PATHWAY	15	15		
KEGG_MEDICUS_VARIANT_AMPLIFIED_MDM2_TO_P21_CELL_CYCLE_G1_S	12		Rejected!	
KEGG_MEDICUS_VARIANT_AMPLIFIED_MET_TO_PI3K_SIGNALING_PATHWAY	9		Rejected!	
KEGG_MEDICUS_VARIANT_AMPLIFIED_MYCN_TO_TRANSCRIPTIONAL_ACTIVATION	6		Rejected!	
KEGG_MEDICUS_VARIANT_AMPLIFIED_MYCN_TO_TRANSCRIPTIONAL_REPRESSION	6		Rejected!	
KEGG_MEDICUS_VARIANT_AMPLIFIED_MYC_TO_CELL_CYCLE_G1_S	11		Rejected!	
KEGG_MEDICUS_VARIANT_AMPLIFIED_MYC_TO_P27_CELL_CYCLE_G1_S	15		Rejected!	
KEGG_MEDICUS_VARIANT_AMPLIFIED_PDGFR_TO_PI3K_SIGNALING_PATHWAY	8		Rejected!	
KEGG_MEDICUS_VARIANT_AMPLIFIED_PDGFR_TO_PLCG_CAMK_SIGNALING_PATHWAY	14		Rejected!	
KEGG_MEDICUS_VARIANT_AMPLIFIED_PDGFR_TO_RAS_ERK_SIGNALING_PATHWAY	14		Rejected!	
KEGG_MEDICUS_VARIANT_AMPLIFIED_REL_TO_TRANSCRIPTION	8		Rejected!	
KEGG_MEDICUS_VARIANT_BCL2_OVEREXPRESSION_TO_INTRINSIC_APOPTOTIC_PATHWAY	7		Rejected!	
KEGG_MEDICUS_VARIANT_BCR_ABL_FUSION_KINASE_TO_PI3K_SIGNALING_PATHWAY	11		Rejected!	
KEGG_MEDICUS_VARIANT_BCR_ABL_FUSION_KINASE_TO_RAS_ERK_SIGNALING_PATHWAY	14		Rejected!	
KEGG_MEDICUS_VARIANT_CDH1_REDUCED_EXPRESSION_TO_BETA_CATENIN_SIGNALING_PATHWAY	8		Rejected!	
KEGG_MEDICUS_VARIANT_CDX2_OVEREXPRESSION_TO_TRANSCRIPTIONAL_ACTIVATION	5		Rejected!	
KEGG_MEDICUS_VARIANT_CYP11B1_CYP11B2_FUSION_TO_ACTH_CORTISOL_SIGNALING_PATHWAY	31	24		
KEGG_MEDICUS_VARIANT_DELETED_DMD_TO_DYSTROPHIN_ASSOCIATED_PROTEIN_COMPLEX	10		Rejected!	
KEGG_MEDICUS_VARIANT_DUPLICATION_OR_MUTATION_ACTIVATED_FLT3_TO_JAK_STAT_SIGNALING_PATHWAY	5		Rejected!	
KEGG_MEDICUS_VARIANT_DUPLICATION_OR_MUTATION_ACTIVATED_FLT3_TO_RAS_ERK_SIGNALING_PATHWAY	14		Rejected!	
KEGG_MEDICUS_VARIANT_DUPLICATION_OR_MUTATION_ACTIVATED_FLT3_TO_RAS_PI3K_SIGNALING_PATHWAY	14		Rejected!	
KEGG_MEDICUS_VARIANT_EGFR_OVEREXPRESSION_TO_PI3K_SIGNALING_PATHWAY	10		Rejected!	
KEGG_MEDICUS_VARIANT_EGF_OVEREXPRESSION_TO_PI3K_SIGNALING_PATHWAY	8		Rejected!	
KEGG_MEDICUS_VARIANT_EGF_OVEREXPRESSION_TO_RAS_ERK_SIGNALING_PATHWAY	15	15		
KEGG_MEDICUS_VARIANT_EML4_ALK_FUSION_KINASE_TO_JAK_STAT_SIGNALING_PATHWAY	5		Rejected!	
KEGG_MEDICUS_VARIANT_EML4_ALK_FUSION_KINASE_TO_PI3K_SIGNALING_PATHWAY	8		Rejected!	
KEGG_MEDICUS_VARIANT_EML4_ALK_FUSION_KINASE_TO_PLCG_ERK_SIGNALING_PATHWAY	14		Rejected!	
KEGG_MEDICUS_VARIANT_EML4_ALK_FUSION_KINASE_TO_RAS_ERK_SIGNALING_PATHWAY	12		Rejected!	
KEGG_MEDICUS_VARIANT_ERBB2_OVEREXPRESSION_TO_EGF_JAK_STAT_SIGNALING_PATHWAY	7		Rejected!	
KEGG_MEDICUS_VARIANT_ERBB2_OVEREXPRESSION_TO_PI3K_SIGNALING_PATHWAY	12		Rejected!	
KEGG_MEDICUS_VARIANT_ESR1_POSITIVE_TO_NUCLEAR_INITIATED_ESTROGEN_SIGNALING_PATHWAY	5		Rejected!	
KEGG_MEDICUS_VARIANT_EWSR1_WT1_FUSION_TO_TRANSCRIPTIONAL_ACTIVATION	6		Rejected!	
KEGG_MEDICUS_VARIANT_FUS_DDIT3_FUSION_TO_NFKB_MEDIATED_TRANSCRIPTION	5		Rejected!	
KEGG_MEDICUS_VARIANT_FZD7_OVEREXPRESSION_TO_WNT_SIGNALING_PATHWAY	37	32		
KEGG_MEDICUS_VARIANT_HRAS_OVEREXPRESSION_TO_ERK_SIGNALING_PATHWAY	10		Rejected!	
KEGG_MEDICUS_VARIANT_IGF2_OVEREXPRESSION_TO_RAS_ERK_SIGNALING_PATHWAY	15	15		
KEGG_MEDICUS_VARIANT_IGH_MMSET_FUSION_TO_TRANSCRIPTIONAL_ACTIVATION	19		Rejected!	
KEGG_MEDICUS_VARIANT_LMO2_REARRANGEMENT_TO_TRANSCRIPTIONAL_ACTIVATION	5		Rejected!	
KEGG_MEDICUS_VARIANT_LMO2_REARRANGEMENT_TO_TRANSCRIPTIONAL_REPRESSION	5		Rejected!	
KEGG_MEDICUS_VARIANT_LOSS_OF_CDKN1B_TO_P27_CELL_CYCLE_G1_S	8		Rejected!	
KEGG_MEDICUS_VARIANT_LOSS_OF_NKX3_1_TO_PI3K_SIGNALING_PATHWAY	5		Rejected!	
KEGG_MEDICUS_VARIANT_LOSS_OF_RASSF1_TO_RAS_RASSF1_SIGNALING_PATHWAY	6		Rejected!	
KEGG_MEDICUS_VARIANT_LOSS_OF_VHL_TO_HIF_1_SIGNALING_PATHWAY	14		Rejected!	
KEGG_MEDICUS_VARIANT_LRP6_OVEREXPRESSION_TO_WNT_SIGNALING_PATHWAY	45	40		
KEGG_MEDICUS_VARIANT_MET_OVEREXPRESSION_TO_RAS_ERK_SIGNALING_PATHWAY	14		Rejected!	
KEGG_MEDICUS_VARIANT_MLL_AF4_FUSION_TO_TRANSCRIPTIONAL_ACTIVATION	26	22		
KEGG_MEDICUS_VARIANT_MLL_ENL_FUSION_TO_TRANSCRIPTIONAL_ACTIVATION	13		Rejected!	
KEGG_MEDICUS_VARIANT_MUTATION_ACTIVATED_BRAF_TO_ERK_SIGNALING_PATHWAY	5		Rejected!	
KEGG_MEDICUS_VARIANT_MUTATION_ACTIVATED_CACNA1D_H_TO_ANGIOTENSIN_ALDOSTERONE_SIGNALING_PATHWAY	24	20		
KEGG_MEDICUS_VARIANT_MUTATION_ACTIVATED_EGFR_TO_PI3K_SIGNALING_PATHWAY	8		Rejected!	
KEGG_MEDICUS_VARIANT_MUTATION_ACTIVATED_EGFR_TO_PLCG_ERK_SIGNALING_PATHWAY	14		Rejected!	
KEGG_MEDICUS_VARIANT_MUTATION_ACTIVATED_EGFR_TO_RAS_ERK_SIGNALING_PATHWAY	15	15		
KEGG_MEDICUS_VARIANT_MUTATION_ACTIVATED_FGFR3_TO_RAS_ERK_SIGNALING_PATHWAY	16	16		
KEGG_MEDICUS_VARIANT_MUTATION_ACTIVATED_GNAS_TO_ACTH_CORTISOL_SIGNALING_PATHWAY	29	23		
KEGG_MEDICUS_VARIANT_MUTATION_ACTIVATED_GNAS_TO_CRHR_PKA_ACTH_SIGNALING_PATHWAY	24	19		
KEGG_MEDICUS_VARIANT_MUTATION_ACTIVATED_KCNJ5_TO_ANGIOTENSIN_ALDOSTERONE_SIGNALING_PATHWAY	25	21		
KEGG_MEDICUS_VARIANT_MUTATION_ACTIVATED_KIT_TO_PI3K_SIGNALING_PATHWAY	8		Rejected!	
KEGG_MEDICUS_VARIANT_MUTATION_ACTIVATED_KIT_TO_RAS_ERK_SIGNALING_PATHWAY	14		Rejected!	
KEGG_MEDICUS_VARIANT_MUTATION_ACTIVATED_KRAS_NRAS_TO_ERK_SIGNALING_PATHWAY	10		Rejected!	
KEGG_MEDICUS_VARIANT_MUTATION_ACTIVATED_KRAS_NRAS_TO_PI3K_SIGNALING_PATHWAY	9		Rejected!	
KEGG_MEDICUS_VARIANT_MUTATION_ACTIVATED_LRRK2_TO_INTRINSIC_APOPTOTIC_PATHWAY	5		Rejected!	
KEGG_MEDICUS_VARIANT_MUTATION_ACTIVATED_MET_TO_PI3K_SIGNALING_PATHWAY	9		Rejected!	
KEGG_MEDICUS_VARIANT_MUTATION_ACTIVATED_MET_TO_RAS_ERK_SIGNALING_PATHWAY	15	15		
KEGG_MEDICUS_VARIANT_MUTATION_ACTIVATED_PI3K_TO_PI3K_SIGNALING_PATHWAY	7		Rejected!	
KEGG_MEDICUS_VARIANT_MUTATION_ACTIVATED_PRKACA_TO_ACTH_CORTISOL_SIGNALING_PATHWAY	17		Rejected!	
KEGG_MEDICUS_VARIANT_MUTATION_ACTIVATED_PRKCG_TO_MGLUR1_TRPC3_SIGNALING_PATHWAY	11		Rejected!	
KEGG_MEDICUS_VARIANT_MUTATION_ACTIVATED_RET_TO_PI3K_SIGNALING_PATHWAY	8		Rejected!	
KEGG_MEDICUS_VARIANT_MUTATION_ACTIVATED_SMO_TO_HEDGEHOG_SIGNALING_PATHWAY	29	24		
KEGG_MEDICUS_VARIANT_MUTATION_ACTIVATED_USP8_TO_EGFR_ERK_ACTH_SIGNALING_PATHWAY	5		Rejected!	
KEGG_MEDICUS_VARIANT_MUTATION_CAUSED_ABBERANT_ATXN2_3_TO_MGLUR5_CA2_APOPTOTIC_PATHWAY	18	15		
KEGG_MEDICUS_VARIANT_MUTATION_CAUSED_ABERRANT_ABETA_TO_26S_PROTEASOME_MEDIATED_PROTEIN_DEGRADATION	36	34		
KEGG_MEDICUS_VARIANT_MUTATION_CAUSED_ABERRANT_ABETA_TO_AGE_RAGE_SIGNALING_PATHWAY	17	16		
KEGG_MEDICUS_VARIANT_MUTATION_CAUSED_ABERRANT_ABETA_TO_ANTEROGRADE_AXONAL_TRANSPORT	24	19		
KEGG_MEDICUS_VARIANT_MUTATION_CAUSED_ABERRANT_ABETA_TO_CROSSTALK_BETWEEN_EXTRINSIC_AND_INTRINSIC_APOPTOTIC_PATHWAYS	11		Rejected!	
KEGG_MEDICUS_VARIANT_MUTATION_CAUSED_ABERRANT_ABETA_TO_ELECTRON_TRANSFER_IN_COMPLEX_I	51	48		
KEGG_MEDICUS_VARIANT_MUTATION_CAUSED_ABERRANT_ABETA_TO_ELECTRON_TRANSFER_IN_COMPLEX_IV	20	17		
KEGG_MEDICUS_VARIANT_MUTATION_CAUSED_ABERRANT_ABETA_TO_IRE1A_JNK_SIGNALING_PATHWAY	6		Rejected!	
KEGG_MEDICUS_VARIANT_MUTATION_CAUSED_ABERRANT_ABETA_TO_MACHR_CA2_APOPTOTIC_PATHWAY	21	18		
KEGG_MEDICUS_VARIANT_MUTATION_CAUSED_ABERRANT_ABETA_TO_MGLUR5_CA2_APOPTOTIC_PATHWAY	22	18		
KEGG_MEDICUS_VARIANT_MUTATION_CAUSED_ABERRANT_ABETA_TO_TRANSPORT_OF_CALCIUM	15		Rejected!	
KEGG_MEDICUS_VARIANT_MUTATION_CAUSED_ABERRANT_ABETA_TO_VGCC_CA2_APOPTOTIC_PATHWAY_N01004	14		Rejected!	
KEGG_MEDICUS_VARIANT_MUTATION_CAUSED_ABERRANT_ABETA_TO_VGCC_CA2_APOPTOTIC_PATHWAY_N01006	10		Rejected!	
KEGG_MEDICUS_VARIANT_MUTATION_CAUSED_ABERRANT_ATXN1_TO_RORA_MEDIATED_TRANSCRIPTION	6		Rejected!	
KEGG_MEDICUS_VARIANT_MUTATION_CAUSED_ABERRANT_DCTN1_TO_RETROGRADE_AXONAL_TRANSPORT	18		Rejected!	
KEGG_MEDICUS_VARIANT_MUTATION_CAUSED_ABERRANT_HTT_TO_26S_PROTEASOME_MEDIATED_PROTEIN_DEGRADATION	36	34		
KEGG_MEDICUS_VARIANT_MUTATION_CAUSED_ABERRANT_HTT_TO_ANTEROGRADE_AXONAL_TRANSPORT	26	21		
KEGG_MEDICUS_VARIANT_MUTATION_CAUSED_ABERRANT_HTT_TO_AUTOPHAGY_VESICLE_NUCLEATION	6		Rejected!	
KEGG_MEDICUS_VARIANT_MUTATION_CAUSED_ABERRANT_HTT_TO_CREB_MEDIATED_TRANSCRIPTION	13		Rejected!	
KEGG_MEDICUS_VARIANT_MUTATION_CAUSED_ABERRANT_HTT_TO_ELECTRON_TRANSFER_IN_COMPLEX_II	5		Rejected!	
KEGG_MEDICUS_VARIANT_MUTATION_CAUSED_ABERRANT_HTT_TO_ELECTRON_TRANSFER_IN_COMPLEX_III	12		Rejected!	
KEGG_MEDICUS_VARIANT_MUTATION_CAUSED_ABERRANT_HTT_TO_EXTRINSIC_APOPTOTIC_PATHWAY	5		Rejected!	
KEGG_MEDICUS_VARIANT_MUTATION_CAUSED_ABERRANT_HTT_TO_MGLUR5_CA2_APOPTOTIC_PATHWAY	23	19		
KEGG_MEDICUS_VARIANT_MUTATION_CAUSED_ABERRANT_HTT_TO_REST_MEDIATED_TRANSCRIPTIONAL_REPRESSION	7		Rejected!	
KEGG_MEDICUS_VARIANT_MUTATION_CAUSED_ABERRANT_HTT_TO_RETROGRADE_AXONAL_TRANSPORT	45	38		
KEGG_MEDICUS_VARIANT_MUTATION_CAUSED_ABERRANT_HTT_TO_TNF_JNK_SIGNALING_PATHWAY	6		Rejected!	
KEGG_MEDICUS_VARIANT_MUTATION_CAUSED_ABERRANT_HTT_TO_TRANSPORT_OF_CALCIUM	19		Rejected!	
KEGG_MEDICUS_VARIANT_MUTATION_CAUSED_ABERRANT_PDYN_TO_TRANSPORT_OF_CALCIUM	6		Rejected!	
KEGG_MEDICUS_VARIANT_MUTATION_CAUSED_ABERRANT_PSEN1_TO_ANTEROGRADE_AXONAL_TRANSPORT	9		Rejected!	
KEGG_MEDICUS_VARIANT_MUTATION_CAUSED_ABERRANT_PSEN1_TO_MGLUR5_CA2_APOPTOTIC_PATHWAY	13		Rejected!	
KEGG_MEDICUS_VARIANT_MUTATION_CAUSED_ABERRANT_PSEN1_TO_PERK_ATF4_SIGNALING_PATHWAY	5		Rejected!	
KEGG_MEDICUS_VARIANT_MUTATION_CAUSED_ABERRANT_PSEN_TO_MGLUR5_CA2_APOPTOTIC_PATHWAY	16		Rejected!	
KEGG_MEDICUS_VARIANT_MUTATION_CAUSED_ABERRANT_SNCA_TO_26S_PROTEASOME_MEDIATED_PROTEIN_DEGRADATION	36	34		
KEGG_MEDICUS_VARIANT_MUTATION_CAUSED_ABERRANT_SNCA_TO_ANTEROGRADE_AXONAL_TRANSPORT	25	20		
KEGG_MEDICUS_VARIANT_MUTATION_CAUSED_ABERRANT_SNCA_TO_ELECTRON_TRANSFER_IN_COMPLEX_I	45	42		
KEGG_MEDICUS_VARIANT_MUTATION_CAUSED_ABERRANT_SNCA_TO_PERK_ATF4_SIGNALING_PATHWAY	6		Rejected!	
KEGG_MEDICUS_VARIANT_MUTATION_CAUSED_ABERRANT_SNCA_TO_VGCC_CA2_APOPTOTIC_PATHWAY	13		Rejected!	
KEGG_MEDICUS_VARIANT_MUTATION_CAUSED_ABERRANT_SOD1_TO_26S_PROTEASOME_MEDIATED_PROTEIN_DEGRADATION	41	39		
KEGG_MEDICUS_VARIANT_MUTATION_CAUSED_ABERRANT_SOD1_TO_INTRINSIC_APOPTOTIC_PATHWAY	8		Rejected!	
KEGG_MEDICUS_VARIANT_MUTATION_CAUSED_ABERRANT_SOD1_TO_PERK_ATF4_SIGNALING_PATHWAY	6		Rejected!	
KEGG_MEDICUS_VARIANT_MUTATION_CAUSED_ABERRANT_SOD1_TO_RETROGRADE_AXONAL_TRANSPORT	27	25		
KEGG_MEDICUS_VARIANT_MUTATION_CAUSED_ABERRANT_SPTBN2_TO_MGLUR1_TRPC3_SIGNALING_PATHWAY	10		Rejected!	
KEGG_MEDICUS_VARIANT_MUTATION_CAUSED_ABERRANT_TDP43_TO_ELECTRON_TRANSFER_IN_COMPLEX_I	45	42		
KEGG_MEDICUS_VARIANT_MUTATION_INACTIVATED_APC_TO_WNT_SIGNALING_PATHWAY	12		Rejected!	
KEGG_MEDICUS_VARIANT_MUTATION_INACTIVATED_ATP1A1_TO_ANGIOTENSIN_ALDOSTERONE_SIGNALING_PATHWAY	25	21		
KEGG_MEDICUS_VARIANT_MUTATION_INACTIVATED_ATP2B3_TO_ANGIOTENSIN_ALDOSTERONE_SIGNALING_PATHWAY	23	20		
KEGG_MEDICUS_VARIANT_MUTATION_INACTIVATED_ATXN3_TO_AUTOPHAGY_VESICLE_NUCLEATION	6		Rejected!	
KEGG_MEDICUS_VARIANT_MUTATION_INACTIVATED_AXIN_TO_WNT_SIGNALING_PATHWAY	10		Rejected!	
KEGG_MEDICUS_VARIANT_MUTATION_INACTIVATED_DJ1_TO_FAS_JNK_SIGNALING_PATWHAY	6		Rejected!	
KEGG_MEDICUS_VARIANT_MUTATION_INACTIVATED_ERBB4_TO_NRG_ERBB4_PI3K_SIGNALING_PATHWAY	5		Rejected!	
KEGG_MEDICUS_VARIANT_MUTATION_INACTIVATED_FGF17_TO_RAS_ERK_SIGNALING_PATHWAY	15	15		
KEGG_MEDICUS_VARIANT_MUTATION_INACTIVATED_OPTN_TO_PINK_PARKIN_MEDIATED_AUTOPHAGOSOME_FORMATION	9		Rejected!	
KEGG_MEDICUS_VARIANT_MUTATION_INACTIVATED_P62_TO_PINK_PARKIN_MEDIATED_AUTOPHAGOSOME_FORMATION	13		Rejected!	
KEGG_MEDICUS_VARIANT_MUTATION_INACTIVATED_PDE11A_PDE8B_TO_ACTH_CORTISOL_SIGNALING_PATHWAY	20	16		
KEGG_MEDICUS_VARIANT_MUTATION_INACTIVATED_PINK1_TO_ELECTRON_TRANSFER_IN_COMPLEX_I	45	42		
KEGG_MEDICUS_VARIANT_MUTATION_INACTIVATED_PINK1_TO_INTRINSIC_APOPTOTIC_PATHWAY_N01048	7		Rejected!	
KEGG_MEDICUS_VARIANT_MUTATION_INACTIVATED_PINK1_TO_INTRINSIC_APOPTOTIC_PATHWAY_N01050	7		Rejected!	
KEGG_MEDICUS_VARIANT_MUTATION_INACTIVATED_PRKAR1A_TO_ACTH_CORTISOL_SIGNALING_PATHWAY	18		Rejected!	
KEGG_MEDICUS_VARIANT_MUTATION_INACTIVATED_PRKN_TO_INTRINSIC_APOPTOTIC_PATHWAY	6		Rejected!	
KEGG_MEDICUS_VARIANT_MUTATION_INACTIVATED_PRKN_TO_MGLUR1_SIGNALING_PATHWAY	5		Rejected!	
KEGG_MEDICUS_VARIANT_MUTATION_INACTIVATED_PROK2_TO_PROK_PRKR_GI_ERK_SIGNALING_PATHWAY	8		Rejected!	
KEGG_MEDICUS_VARIANT_MUTATION_INACTIVATED_PROKR2_TO_PROK_PRKR_GI_ERK_SIGNALING_PATHWAY	8		Rejected!	
KEGG_MEDICUS_VARIANT_MUTATION_INACTIVATED_PTCH1_TO_HEDGEHOG_SIGNALING_PATHWAY	29	24		
KEGG_MEDICUS_VARIANT_MUTATION_INACTIVATED_RASD1_TO_CRHR_PKA_ACTH_SIGNALING_PATHWAY	27	22		
KEGG_MEDICUS_VARIANT_MUTATION_INACTIVATED_RUNX1_TO_TRANSCRIPTION	5		Rejected!	
KEGG_MEDICUS_VARIANT_MUTATION_INACTIVATED_SIGMAR1_TO_CA2_APOPTOTIC_PATHWAY	13		Rejected!	
KEGG_MEDICUS_VARIANT_MUTATION_INACTIVATED_TP53_TO_TRANSCRIPTION	9		Rejected!	
KEGG_MEDICUS_VARIANT_MUTATION_INACTIVATED_UBQLN2_TO_26S_PROTEASOME_MEDIATED_PROTEIN_DEGRADATION	40	38		
KEGG_MEDICUS_VARIANT_MUTATION_INACTIVATED_VCP_TO_26S_PROTEASOME_MEDIATED_PROTEIN_DEGRADATION	40	38		
KEGG_MEDICUS_VARIANT_NOTCH_OVEREXPRESSION_TO_NOTCH_SIGNALING_PATHWAY	16	15		
KEGG_MEDICUS_VARIANT_OLIGOMERIC_CONFORMATION_PRPC_TO_ANTEROGRADE_AXONAL_TRANSPORT	13		Rejected!	
KEGG_MEDICUS_VARIANT_PAX8_PPARG_FUSION_TO_PPARG_MEDIATED_TRANSCRIPTION	5		Rejected!	
KEGG_MEDICUS_VARIANT_RET_FUSION_KINASE_TO_RAS_ERK_SIGNALING_PATHWAY	11		Rejected!	
KEGG_MEDICUS_VARIANT_SCRAPIE_CONFORMATION_PRPSC_TO_26S_PROTEASOME_MEDIATED_PROTEIN_DEGRADATION	36	34		
KEGG_MEDICUS_VARIANT_SCRAPIE_CONFORMATION_PRPSC_TO_MGLUR5_CA2_APOPTOTIC_PATHWAY	19		Rejected!	
KEGG_MEDICUS_VARIANT_SCRAPIE_CONFORMATION_PRPSC_TO_PERK_ATF4_SIGNALING_PATHWAY	6		Rejected!	
KEGG_MEDICUS_VARIANT_SCRAPIE_CONFORMATION_PRPSC_TO_TRANSPORT_OF_CALCIUM	18		Rejected!	
KEGG_MEDICUS_VARIANT_SCRAPIE_CONFORMATION_PRPSC_TO_VGCC_CA2_APOPTOTIC_PATHWAY	6		Rejected!	
KEGG_MEDICUS_VARIANT_TEL_AML1_FUSION_TO_TRANSCRIPTIONAL_REPRESSION	11		Rejected!	
KEGG_MEDICUS_VARIANT_TGFA_OVEREXPRESSION_TO_PI3K_SIGNALING_PATHWAY	8		Rejected!	
KEGG_MEDICUS_VARIANT_TMPRSS2_ERG_FUSION_TO_TRANSCRIPTIONAL_ACTIVATION	7		Rejected!	
KEGG_MEDICUS_VARIANT_TRK_FUSION_KINASE_TO_RAS_ERK_SIGNALING_PATHWAY	11		Rejected!	
PID_A6B1_A6B4_INTEGRIN_PATHWAY	46	43		
PID_AJDISS_2PATHWAY	48	44		
PID_ALK1_PATHWAY	26	18		
PID_ALK2_PATHWAY	11		Rejected!	
PID_ALPHA_SYNUCLEIN_PATHWAY	32	29		
PID_AMB2_NEUTROPHILS_PATHWAY	41	31		
PID_ANGIOPOIETIN_RECEPTOR_PATHWAY	49	40		
PID_ANTHRAX_PATHWAY	18		Rejected!	
PID_AP1_PATHWAY	70	52		
PID_ARF6_DOWNSTREAM_PATHWAY	15	15		
PID_ARF6_PATHWAY	35	33		
PID_ARF6_TRAFFICKING_PATHWAY	49	41		
PID_ARF_3PATHWAY	19	19		
PID_AR_NONGENOMIC_PATHWAY	31	26		
PID_AR_PATHWAY	61	51		
PID_AR_TF_PATHWAY	53	43		
PID_ATF2_PATHWAY	59	44		
PID_ATM_PATHWAY	34	29		
PID_ATR_PATHWAY	39	32		
PID_AURORA_A_PATHWAY	31	26		
PID_AURORA_B_PATHWAY	39	37		
PID_AVB3_INTEGRIN_PATHWAY	74	66		
PID_AVB3_OPN_PATHWAY	31	29		
PID_BARD1_PATHWAY	29	26		
PID_BCR_5PATHWAY	63	51		
PID_BETA_CATENIN_DEG_PATHWAY	18		Rejected!	
PID_BETA_CATENIN_NUC_PATHWAY	80	60		
PID_BMP_PATHWAY	42	37		
PID_CASPASE_PATHWAY	51	45		
PID_CD40_PATHWAY	31	22		
PID_CD8_TCR_DOWNSTREAM_PATHWAY	65	37		
PID_CD8_TCR_PATHWAY	53	40		
PID_CDC42_PATHWAY	70	61		
PID_CDC42_REG_PATHWAY	30	28		
PID_CERAMIDE_PATHWAY	44	39		
PID_CIRCADIAN_PATHWAY	16		Rejected!	
PID_CMYB_PATHWAY	84	68		
PID_CONE_PATHWAY	23		Rejected!	
PID_CXCR3_PATHWAY	43	31		
PID_CXCR4_PATHWAY	100	81		
PID_DELTA_NP63_PATHWAY	47	42		
PID_DNA_PK_PATHWAY	16	15		
PID_E2F_PATHWAY	73	61		
PID_ECADHERIN_KERATINOCYTE_PATHWAY	21	17		
PID_ECADHERIN_NASCENT_AJ_PATHWAY	39	37		
PID_ECADHERIN_STABILIZATION_PATHWAY	41	35		
PID_ENDOTHELIN_PATHWAY	63	53		
PID_EPHA2_FWD_PATHWAY	19	19		
PID_EPHA_FWDPATHWAY	34	30		
PID_EPHB_FWD_PATHWAY	40	39		
PID_EPHRINB_REV_PATHWAY	30	26		
PID_EPO_PATHWAY	33	31		
PID_ERA_GENOMIC_PATHWAY	64	51		
PID_ERBB1_DOWNSTREAM_PATHWAY	105	92		
PID_ERBB1_INTERNALIZATION_PATHWAY	41	38		
PID_ERBB1_RECEPTOR_PROXIMAL_PATHWAY	35	32		
PID_ERBB2_ERBB3_PATHWAY	44	35		
PID_ERBB4_PATHWAY	38	31		
PID_ERBB_NETWORK_PATHWAY	15		Rejected!	
PID_ERB_GENOMIC_PATHWAY	15		Rejected!	
PID_ER_NONGENOMIC_PATHWAY	40	36		
PID_FAK_PATHWAY	59	56		
PID_FANCONI_PATHWAY	47	39		
PID_FAS_PATHWAY	38	29		
PID_FCER1_PATHWAY	60	52		
PID_FGF_PATHWAY	55	46		
PID_FOXM1_PATHWAY	40	34		
PID_FOXO_PATHWAY	49	42		
PID_FRA_PATHWAY	37	32		
PID_GLYPICAN_1PATHWAY	27	23		
PID_GMCSF_PATHWAY	36	29		
PID_HDAC_CLASSIII_PATHWAY	26	19		
PID_HDAC_CLASSII_PATHWAY	34	30		
PID_HDAC_CLASSI_PATHWAY	66	54		
PID_HEDGEHOG_2PATHWAY	22	19		
PID_HEDGEHOG_GLI_PATHWAY	48	43		
PID_HES_HEY_PATHWAY	48	34		
PID_HIF1A_PATHWAY	19	17		
PID_HIF1_TFPATHWAY	66	55		
PID_HIF2PATHWAY	34	30		
PID_HIV_NEF_PATHWAY	35	30		
PID_HNF3A_PATHWAY	44	32		
PID_HNF3B_PATHWAY	45	32		
PID_IFNG_PATHWAY	40	34		
PID_IGF1_PATHWAY	29	27		
PID_IL12_2PATHWAY	62	38		
PID_IL12_STAT4_PATHWAY	32	19		
PID_IL1_PATHWAY	34	31		
PID_IL23_PATHWAY	37	23		
PID_IL27_PATHWAY	26	16		
PID_IL2_1PATHWAY	55	46		
PID_IL2_PI3K_PATHWAY	34	28		
PID_IL2_STAT5_PATHWAY	30	24		
PID_IL3_PATHWAY	26	17		
PID_IL4_2PATHWAY	64	44		
PID_IL5_PATHWAY	14		Rejected!	
PID_IL6_7_PATHWAY	47	36		
PID_IL8_CXCR1_PATHWAY	28	23		
PID_IL8_CXCR2_PATHWAY	34	28		
PID_ILK_PATHWAY	45	37		
PID_INSULIN_GLUCOSE_PATHWAY	26	22		
PID_INSULIN_PATHWAY	44	39		
PID_INTEGRIN1_PATHWAY	66	59		
PID_INTEGRIN2_PATHWAY	29	22		
PID_INTEGRIN3_PATHWAY	43	36		
PID_INTEGRIN4_PATHWAY	11		Rejected!	
PID_INTEGRIN5_PATHWAY	17		Rejected!	
PID_INTEGRIN_A4B1_PATHWAY	33	29		
PID_INTEGRIN_A9B1_PATHWAY	25	23		
PID_INTEGRIN_CS_PATHWAY	26	23		
PID_KIT_PATHWAY	52	46		
PID_LIS1_PATHWAY	28	27		
PID_LKB1_PATHWAY	47	40		
PID_LPA4_PATHWAY	15		Rejected!	
PID_LYMPH_ANGIOGENESIS_PATHWAY	25	23		
PID_LYSOPHOSPHOLIPID_PATHWAY	65	57		
PID_MAPK_TRK_PATHWAY	34	29		
PID_MET_PATHWAY	79	72		
PID_MTOR_4PATHWAY	69	61		
PID_MYC_ACTIV_PATHWAY	79	69		
PID_MYC_PATHWAY	25	21		
PID_MYC_REPRESS_PATHWAY	63	47		
PID_NCADHERIN_PATHWAY	33	30		
PID_NECTIN_PATHWAY	30	28		
PID_NEPHRIN_NEPH1_PATHWAY	31	26		
PID_NETRIN_PATHWAY	32	30		
PID_NFAT_3PATHWAY	53	50		
PID_NFAT_TFPATHWAY	45	32		
PID_NFKAPPAB_ATYPICAL_PATHWAY	17	15		
PID_NFKAPPAB_CANONICAL_PATHWAY	23	19		
PID_NOTCH_PATHWAY	59	48		
PID_P38_ALPHA_BETA_DOWNSTREAM_PATHWAY	38	31		
PID_P38_ALPHA_BETA_PATHWAY	30	26		
PID_P38_GAMMA_DELTA_PATHWAY	11		Rejected!	
PID_P38_MK2_PATHWAY	21	18		
PID_P38_MKK3_6PATHWAY	26	20		
PID_P53_DOWNSTREAM_PATHWAY	137	116		
PID_P53_REGULATION_PATHWAY	59	47		
PID_P73PATHWAY	79	65		
PID_P75_NTR_PATHWAY	68	58		
PID_PDGFRA_PATHWAY	22	17		
PID_PDGFRB_PATHWAY	129	115		
PID_PI3KCI_AKT_PATHWAY	35	30		
PID_PI3KCI_PATHWAY	48	38		
PID_PI3K_PLC_TRK_PATHWAY	36	34		
PID_PLK1_PATHWAY	46	43		
PID_PRL_SIGNALING_EVENTS_PATHWAY	23	20		
PID_PS1_PATHWAY	46	38		
PID_PTP1B_PATHWAY	52	44		
PID_RAC1_PATHWAY	54	45		
PID_RAC1_REG_PATHWAY	38	36		
PID_RANBP2_PATHWAY	11		Rejected!	
PID_RAS_PATHWAY	30	28		
PID_RB_1PATHWAY	65	47		
PID_REELIN_PATHWAY	28	24		
PID_REG_GR_PATHWAY	82	59		
PID_RETINOIC_ACID_PATHWAY	30	23		
PID_RET_PATHWAY	39	36		
PID_RHOA_PATHWAY	45	37		
PID_RHOA_REG_PATHWAY	46	41		
PID_RHODOPSIN_PATHWAY	23	17		
PID_RXR_VDR_PATHWAY	26	24		
PID_S1P_META_PATHWAY	21	17		
PID_S1P_S1P1_PATHWAY	21	20		
PID_S1P_S1P2_PATHWAY	24	17		
PID_S1P_S1P3_PATHWAY	29	26		
PID_S1P_S1P4_PATHWAY	14		Rejected!	
PID_SHP2_PATHWAY	57	53		
PID_SMAD2_3NUCLEAR_PATHWAY	82	62		
PID_SMAD2_3PATHWAY	16		Rejected!	
PID_SYNDECAN_1_PATHWAY	46	41		
PID_SYNDECAN_2_PATHWAY	33	30		
PID_SYNDECAN_3_PATHWAY	17	15		
PID_SYNDECAN_4_PATHWAY	32	25		
PID_TAP63_PATHWAY	54	49		
PID_TCPTP_PATHWAY	42	37		
PID_TCR_CALCIUM_PATHWAY	28	19		
PID_TCR_JNK_PATHWAY	14		Rejected!	
PID_TCR_PATHWAY	64	51		
PID_TCR_RAS_PATHWAY	14		Rejected!	
PID_TELOMERASE_PATHWAY	67	55		
PID_TGFBR_PATHWAY	54	46		
PID_THROMBIN_PAR1_PATHWAY	43	36		
PID_THROMBIN_PAR4_PATHWAY	15		Rejected!	
PID_TNF_PATHWAY	46	40		
PID_TOLL_ENDOGENOUS_PATHWAY	24	18		
PID_TRAIL_PATHWAY	28	25		
PID_TRKR_PATHWAY	61	60		
PID_TXA2PATHWAY	56	47		
PID_UPA_UPAR_PATHWAY	42	35		
PID_VEGFR1_2_PATHWAY	69	60		
PID_VEGFR1_PATHWAY	26	24		
PID_VEGF_VEGFR_PATHWAY	10		Rejected!	
PID_WNT_CANONICAL_PATHWAY	20	17		
PID_WNT_NONCANONICAL_PATHWAY	32	31		
PID_WNT_SIGNALING_PATHWAY	28	24		
REACTOME_2_LTR_CIRCLE_FORMATION	7		Rejected!	
REACTOME_ABACAVIR_ADME	9		Rejected!	
REACTOME_ABACAVIR_TRANSMEMBRANE_TRANSPORT	5		Rejected!	
REACTOME_ABC_FAMILY_PROTEINS_MEDIATED_TRANSPORT	90	85		
REACTOME_ABC_TRANSPORTERS_IN_LIPID_HOMEOSTASIS	18	15		
REACTOME_ABC_TRANSPORTER_DISORDERS	65	62		
REACTOME_ABERRANT_REGULATION_OF_MITOTIC_EXIT_IN_CANCER_DUE_TO_RB1_DEFECTS	20	19		
REACTOME_ABERRANT_REGULATION_OF_MITOTIC_G1_S_TRANSITION_IN_CANCER_DUE_TO_RB1_DEFECTS	17	15		
REACTOME_ABORTIVE_ELONGATION_OF_HIV_1_TRANSCRIPT_IN_THE_ABSENCE_OF_TAT	23	23		
REACTOME_ACETYLCHOLINE_BINDING_AND_DOWNSTREAM_EVENTS	14		Rejected!	
REACTOME_ACETYLCHOLINE_INHIBITS_CONTRACTION_OF_OUTER_HAIR_CELLS	5		Rejected!	
REACTOME_ACETYLCHOLINE_NEUROTRANSMITTER_RELEASE_CYCLE	17		Rejected!	
REACTOME_ACETYLCHOLINE_REGULATES_INSULIN_SECRETION	10		Rejected!	
REACTOME_ACROSOME_REACTION_AND_SPERM_OOCYTE_MEMBRANE_BINDING	6		Rejected!	
REACTOME_ACTIVATED_NOTCH1_TRANSMITS_SIGNAL_TO_THE_NUCLEUS	31	30		
REACTOME_ACTIVATED_NTRK2_SIGNALS_THROUGH_CDK5	6		Rejected!	
REACTOME_ACTIVATED_NTRK2_SIGNALS_THROUGH_FRS2_AND_FRS3	11		Rejected!	
REACTOME_ACTIVATED_NTRK2_SIGNALS_THROUGH_FYN	7		Rejected!	
REACTOME_ACTIVATED_NTRK2_SIGNALS_THROUGH_PI3K	7		Rejected!	
REACTOME_ACTIVATED_NTRK2_SIGNALS_THROUGH_RAS	9		Rejected!	
REACTOME_ACTIVATED_NTRK3_SIGNALS_THROUGH_PI3K	6		Rejected!	
REACTOME_ACTIVATED_NTRK3_SIGNALS_THROUGH_RAS	8		Rejected!	
REACTOME_ACTIVATED_PKN1_STIMULATES_TRANSCRIPTION_OF_AR_ANDROGEN_RECEPTOR_REGULATED_GENES_KLK2_AND_KLK3	66	39		
REACTOME_ACTIVATED_TAK1_MEDIATES_P38_MAPK_ACTIVATION	23	20		
REACTOME_ACTIVATION_OF_AMPK_DOWNSTREAM_OF_NMDARS	29	19		
REACTOME_ACTIVATION_OF_ANTERIOR_HOX_GENES_IN_HINDBRAIN_DEVELOPMENT_DURING_EARLY_EMBRYOGENESIS	122	88		
REACTOME_ACTIVATION_OF_APC_C_AND_APC_C_CDC20_MEDIATED_DEGRADATION_OF_MITOTIC_PROTEINS	64	63		
REACTOME_ACTIVATION_OF_ATR_IN_RESPONSE_TO_REPLICATION_STRESS	37	32		
REACTOME_ACTIVATION_OF_BAD_AND_TRANSLOCATION_TO_MITOCHONDRIA	15		Rejected!	
REACTOME_ACTIVATION_OF_BH3_ONLY_PROTEINS	30	26		
REACTOME_ACTIVATION_OF_C3_AND_C5	8		Rejected!	
REACTOME_ACTIVATION_OF_CASPASES_THROUGH_APOPTOSOME_MEDIATED_CLEAVAGE	6		Rejected!	
REACTOME_ACTIVATION_OF_GENE_EXPRESSION_BY_SREBF_SREBP	42	38		
REACTOME_ACTIVATION_OF_IRF3_IRF7_MEDIATED_BY_TBK1_IKK_IKBKE	18	18		
REACTOME_ACTIVATION_OF_KAINATE_RECEPTORS_UPON_GLUTAMATE_BINDING	30	26		
REACTOME_ACTIVATION_OF_MATRIX_METALLOPROTEINASES	33	22		
REACTOME_ACTIVATION_OF_NF_KAPPAB_IN_B_CELLS	54	53		
REACTOME_ACTIVATION_OF_NIMA_KINASES_NEK9_NEK6_NEK7	7		Rejected!	
REACTOME_ACTIVATION_OF_NMDA_RECEPTORS_AND_POSTSYNAPTIC_EVENTS	94	75		
REACTOME_ACTIVATION_OF_NOXA_AND_TRANSLOCATION_TO_MITOCHONDRIA	5		Rejected!	
REACTOME_ACTIVATION_OF_PPARGC1A_PGC_1ALPHA_BY_PHOSPHORYLATION	10		Rejected!	
REACTOME_ACTIVATION_OF_PUMA_AND_TRANSLOCATION_TO_MITOCHONDRIA	9		Rejected!	
REACTOME_ACTIVATION_OF_RAC1	13		Rejected!	
REACTOME_ACTIVATION_OF_RAC1_DOWNSTREAM_OF_NMDARS	7		Rejected!	
REACTOME_ACTIVATION_OF_RAS_IN_B_CELLS	5		Rejected!	
REACTOME_ACTIVATION_OF_SMO	18	16		
REACTOME_ACTIVATION_OF_THE_AP_1_FAMILY_OF_TRANSCRIPTION_FACTORS	10		Rejected!	
REACTOME_ACTIVATION_OF_THE_MRNA_UPON_BINDING_OF_THE_CAP_BINDING_COMPLEX_AND_EIFS_AND_SUBSEQUENT_BINDING_TO_43S	60	58		
REACTOME_ACTIVATION_OF_THE_PHOTOTRANSDUCTION_CASCADE	11		Rejected!	
REACTOME_ACTIVATION_OF_THE_PRE_REPLICATIVE_COMPLEX	33	30		
REACTOME_ACTIVATION_OF_THE_TFAP2_AP_2_FAMILY_OF_TRANSCRIPTION_FACTORS	12		Rejected!	
REACTOME_ACTIVATION_OF_TRKA_RECEPTORS	6		Rejected!	
REACTOME_ACYL_CHAIN_REMODELING_OF_CL	6		Rejected!	
REACTOME_ACYL_CHAIN_REMODELING_OF_DAG_AND_TAG	7		Rejected!	
REACTOME_ACYL_CHAIN_REMODELLING_OF_PC	27	21		
REACTOME_ACYL_CHAIN_REMODELLING_OF_PE	29	23		
REACTOME_ACYL_CHAIN_REMODELLING_OF_PG	18		Rejected!	
REACTOME_ACYL_CHAIN_REMODELLING_OF_PI	17		Rejected!	
REACTOME_ACYL_CHAIN_REMODELLING_OF_PS	22	17		
REACTOME_ADAPTIVE_IMMUNE_SYSTEM	824		Rejected!	
REACTOME_ADENYLATE_CYCLASE_ACTIVATING_PATHWAY	10		Rejected!	
REACTOME_ADENYLATE_CYCLASE_INHIBITORY_PATHWAY	14		Rejected!	
REACTOME_ADHERENS_JUNCTIONS_INTERACTIONS	58	52		
REACTOME_ADIPOGENESIS	110	93		
REACTOME_ADORA2B_MEDIATED_ANTI_INFLAMMATORY_CYTOKINES_PRODUCTION	43	36		
REACTOME_ADP_SIGNALLING_THROUGH_P2Y_PURINOCEPTOR_1	25	22		
REACTOME_ADP_SIGNALLING_THROUGH_P2Y_PURINOCEPTOR_12	22	19		
REACTOME_ADRENALINE_NORADRENALINE_INHIBITS_INSULIN_SECRETION	28	25		
REACTOME_ADRENOCEPTORS	9		Rejected!	
REACTOME_ADVANCED_GLYCOSYLATION_ENDPRODUCT_RECEPTOR_SIGNALING	13		Rejected!	
REACTOME_AEROBIC_RESPIRATION_AND_RESPIRATORY_ELECTRON_TRANSPORT	261	235		
REACTOME_AFLATOXIN_ACTIVATION_AND_DETOXIFICATION	18		Rejected!	
REACTOME_AGGREPHAGY	44	34		
REACTOME_AKT_PHOSPHORYLATES_TARGETS_IN_THE_CYTOSOL	14		Rejected!	
REACTOME_AKT_PHOSPHORYLATES_TARGETS_IN_THE_NUCLEUS	10		Rejected!	
REACTOME_ALK_MUTANTS_BIND_TKIS	12		Rejected!	
REACTOME_ALPHA_DEFENSINS	10		Rejected!	
REACTOME_ALPHA_LINOLENIC_OMEGA3_AND_LINOLEIC_OMEGA6_ACID_METABOLISM	13		Rejected!	
REACTOME_ALPHA_OXIDATION_OF_PHYTANATE	6		Rejected!	
REACTOME_ALPHA_PROTEIN_KINASE_1_SIGNALING_PATHWAY	11		Rejected!	
REACTOME_ALTERNATIVE_COMPLEMENT_ACTIVATION	5		Rejected!	
REACTOME_AMINE_LIGAND_BINDING_RECEPTORS	42	31		
REACTOME_AMINO_ACIDS_REGULATE_MTORC1	55	53		
REACTOME_AMINO_ACID_CONJUGATION	9		Rejected!	
REACTOME_AMINO_ACID_TRANSPORT_ACROSS_THE_PLASMA_MEMBRANE	33	27		
REACTOME_AMPK_INHIBITS_CHREBP_TRANSCRIPTIONAL_ACTIVATION_ACTIVITY	8		Rejected!	
REACTOME_AMYLOID_FIBER_FORMATION	110	72		
REACTOME_ANCHORING_FIBRIL_FORMATION	15		Rejected!	
REACTOME_ANCHORING_OF_THE_BASAL_BODY_TO_THE_PLASMA_MEMBRANE	97	94		
REACTOME_ANDROGEN_BIOSYNTHESIS	11		Rejected!	
REACTOME_ANTIGEN_ACTIVATES_B_CELL_RECEPTOR_BCR_LEADING_TO_GENERATION_OF_SECOND_MESSENGERS	86	23		
REACTOME_ANTIGEN_PRESENTATION_FOLDING_ASSEMBLY_AND_PEPTIDE_LOADING_OF_CLASS_I_MHC	29	27		
REACTOME_ANTIGEN_PROCESSING_CROSS_PRESENTATION	98	84		
REACTOME_ANTIGEN_PROCESSING_UBIQUITINATION_PROTEASOME_DEGRADATION	295	265		
REACTOME_ANTIGEN_PROCESSING_UB_ATP_INDEPENDENT_PROTEASOMAL_DEGRADATION	19	17		
REACTOME_ANTIMICROBIAL_PEPTIDES	98	23		
REACTOME_ANTIVIRAL_MECHANISM_BY_IFN_STIMULATED_GENES	151	131		
REACTOME_ANTI_INFLAMMATORY_RESPONSE_FAVOURING_LEISHMANIA_PARASITE_INFECTION	133	62		
REACTOME_APC_CDC20_MEDIATED_DEGRADATION_OF_NEK2A	26	26		
REACTOME_APC_C_CDC20_MEDIATED_DEGRADATION_OF_CYCLIN_B	24	24		
REACTOME_APC_C_CDH1_MEDIATED_DEGRADATION_OF_CDC20_AND_OTHER_APC_C_CDH1_TARGETED_PROTEINS_IN_LATE_MITOSIS_EARLY_G1	61	59		
REACTOME_APC_C_MEDIATED_DEGRADATION_OF_CELL_CYCLE_PROTEINS	75	72		
REACTOME_APEX1_INDEPENDENT_RESOLUTION_OF_AP_SITES_VIA_THE_SINGLE_NUCLEOTIDE_REPLACEMENT_PATHWAY	7		Rejected!	
REACTOME_APOBEC3G_MEDIATED_RESISTANCE_TO_HIV_1_INFECTION	5		Rejected!	
REACTOME_APOPTOSIS	166	145		
REACTOME_APOPTOSIS_INDUCED_DNA_FRAGMENTATION	13		Rejected!	
REACTOME_APOPTOTIC_CLEAVAGE_OF_CELLULAR_PROTEINS	38	30		
REACTOME_APOPTOTIC_CLEAVAGE_OF_CELL_ADHESION_PROTEINS	11		Rejected!	
REACTOME_APOPTOTIC_EXECUTION_PHASE	52	42		
REACTOME_APOPTOTIC_FACTOR_MEDIATED_RESPONSE	20	18		
REACTOME_AQUAPORIN_MEDIATED_TRANSPORT	52	37		
REACTOME_ARACHIDONATE_METABOLISM	59	40		
REACTOME_ARACHIDONATE_PRODUCTION_FROM_DAG	5		Rejected!	
REACTOME_ARMS_MEDIATED_ACTIVATION	7		Rejected!	
REACTOME_ARYL_HYDROCARBON_RECEPTOR_SIGNALLING	6		Rejected!	
REACTOME_ASPARAGINE_N_LINKED_GLYCOSYLATION	312	277		
REACTOME_ASPARTATE_AND_ASPARAGINE_METABOLISM	11		Rejected!	
REACTOME_ASPIRIN_ADME	44	18		
REACTOME_ASSEMBLY_AND_CELL_SURFACE_PRESENTATION_OF_NMDA_RECEPTORS	44	34		
REACTOME_ASSEMBLY_OF_ACTIVE_LPL_AND_LIPC_LIPASE_COMPLEXES	19		Rejected!	
REACTOME_ASSEMBLY_OF_COLLAGEN_FIBRILS_AND_OTHER_MULTIMERIC_STRUCTURES	61	54		
REACTOME_ASSEMBLY_OF_THE_HIV_VIRION	16	15		
REACTOME_ASSEMBLY_OF_THE_ORC_COMPLEX_AT_THE_ORIGIN_OF_REPLICATION	68	43		
REACTOME_ASSOCIATION_OF_TRIC_CCT_WITH_TARGET_PROTEINS_DURING_BIOSYNTHESIS	39	37		
REACTOME_ASYMMETRIC_LOCALIZATION_OF_PCP_PROTEINS	51	49		
REACTOME_ATF4_ACTIVATES_GENES_IN_RESPONSE_TO_ENDOPLASMIC_RETICULUM_STRESS	27	23		
REACTOME_ATF6_ATF6_ALPHA_ACTIVATES_CHAPERONES	12		Rejected!	
REACTOME_ATF6_ATF6_ALPHA_ACTIVATES_CHAPERONE_GENES	10		Rejected!	
REACTOME_ATORVASTATIN_ADME	9		Rejected!	
REACTOME_ATP_DEPENDENT_CHROMATIN_REMODELERS	31	27		
REACTOME_ATTACHMENT_AND_ENTRY	19	15		
REACTOME_ATTACHMENT_OF_GPI_ANCHOR_TO_UPAR	7		Rejected!	
REACTOME_ATTENUATION_PHASE	28	22		
REACTOME_AUF1_HNRNP_D0_BINDS_AND_DESTABILIZES_MRNA	42	39		
REACTOME_AURKA_ACTIVATION_BY_TPX2	72	69		
REACTOME_AUTOPHAGY	159	140		
REACTOME_AZATHIOPRINE_ADME	23	18		
REACTOME_A_TETRASACCHARIDE_LINKER_SEQUENCE_IS_REQUIRED_FOR_GAG_SYNTHESIS	27	24		
REACTOME_BACTERIAL_INFECTION_PATHWAYS	71	64		
REACTOME_BASE_EXCISION_REPAIR	90	69		
REACTOME_BASE_EXCISION_REPAIR_AP_SITE_FORMATION	62	41		
REACTOME_BASIGIN_INTERACTIONS	25	21		
REACTOME_BBSOME_MEDIATED_CARGO_TARGETING_TO_CILIUM	23	22		
REACTOME_BETA_CATENIN_INDEPENDENT_WNT_SIGNALING	133	122		
REACTOME_BETA_CATENIN_PHOSPHORYLATION_CASCADE	17		Rejected!	
REACTOME_BETA_DEFENSINS	43		Rejected!	
REACTOME_BETA_OXIDATION_OF_BUTANOYL_COA_TO_ACETYL_COA	5		Rejected!	
REACTOME_BETA_OXIDATION_OF_DECANOYL_COA_TO_OCTANOYL_COA_COA	6		Rejected!	
REACTOME_BETA_OXIDATION_OF_HEXANOYL_COA_TO_BUTANOYL_COA	5		Rejected!	
REACTOME_BETA_OXIDATION_OF_LAUROYL_COA_TO_DECANOYL_COA_COA	5		Rejected!	
REACTOME_BETA_OXIDATION_OF_OCTANOYL_COA_TO_HEXANOYL_COA	5		Rejected!	
REACTOME_BETA_OXIDATION_OF_PRISTANOYL_COA	9		Rejected!	
REACTOME_BETA_OXIDATION_OF_VERY_LONG_CHAIN_FATTY_ACIDS	11		Rejected!	
REACTOME_BH3_ONLY_PROTEINS_ASSOCIATE_WITH_AND_INACTIVATE_ANTI_APOPTOTIC_BCL_2_MEMBERS	9		Rejected!	
REACTOME_BICARBONATE_TRANSPORTERS	10		Rejected!	
REACTOME_BILE_ACID_AND_BILE_SALT_METABOLISM	44	35		
REACTOME_BINDING_AND_UPTAKE_OF_LIGANDS_BY_SCAVENGER_RECEPTORS	98	30		
REACTOME_BINDING_OF_TCF_LEF_CTNNB1_TO_TARGET_GENE_PROMOTERS	8		Rejected!	
REACTOME_BIOLOGICAL_OXIDATIONS	221	146		
REACTOME_BIOSYNTHESIS_OF_EPA_DERIVED_SPMS	6		Rejected!	
REACTOME_BIOSYNTHESIS_OF_LIPOXINS_LX	6		Rejected!	
REACTOME_BIOSYNTHESIS_OF_MARESINS	8		Rejected!	
REACTOME_BIOSYNTHESIS_OF_MARESIN_LIKE_SPMS	6		Rejected!	
REACTOME_BIOSYNTHESIS_OF_SPECIALIZED_PRORESOLVING_MEDIATORS_SPMS	19	16		
REACTOME_BIOSYNTHESIS_OF_THE_N_GLYCAN_PRECURSOR_DOLICHOL_LIPID_LINKED_OLIGOSACCHARIDE_LLO_AND_TRANSFER_TO_A_NASCENT_PROTEIN	80	72		
REACTOME_BIOTIN_TRANSPORT_AND_METABOLISM	11		Rejected!	
REACTOME_BLOOD_GROUP_SYSTEMS_BIOSYNTHESIS	19		Rejected!	
REACTOME_BMAL1_CLOCK_NPAS2_ACTIVATES_CIRCADIAN_EXPRESSION	26	24		
REACTOME_BRANCHED_CHAIN_AMINO_ACID_CATABOLISM	21	20		
REACTOME_BRANCHED_CHAIN_KETOACID_DEHYDROGENASE_KINASE_DEFICIENCY	5		Rejected!	
REACTOME_BUDDING_AND_MATURATION_OF_HIV_VIRION	28	26		
REACTOME_BUTYRATE_RESPONSE_FACTOR_1_BRF1_BINDS_AND_DESTABILIZES_MRNA	17	15		
REACTOME_BUTYROPHILIN_BTN_FAMILY_INTERACTIONS	12		Rejected!	
REACTOME_B_WICH_COMPLEX_POSITIVELY_REGULATES_RRNA_EXPRESSION	90	65		
REACTOME_CA2_ACTIVATED_K_CHANNELS	9		Rejected!	
REACTOME_CA2_PATHWAY	62	55		
REACTOME_CALCINEURIN_ACTIVATES_NFAT	9		Rejected!	
REACTOME_CALCITONIN_LIKE_LIGAND_RECEPTORS	10		Rejected!	
REACTOME_CALNEXIN_CALRETICULIN_CYCLE	26	23		
REACTOME_CAMK_IV_MEDIATED_PHOSPHORYLATION_OF_CREB	10		Rejected!	
REACTOME_CARBOXYTERMINAL_POST_TRANSLATIONAL_MODIFICATIONS_OF_TUBULIN	46	33		
REACTOME_CARDIAC_CONDUCTION	130	108		
REACTOME_CARDIOGENESIS	27	23		
REACTOME_CARGO_CONCENTRATION_IN_THE_ER	33	32		
REACTOME_CARGO_RECOGNITION_FOR_CLATHRIN_MEDIATED_ENDOCYTOSIS	105	94		
REACTOME_CARGO_TRAFFICKING_TO_THE_PERICILIARY_MEMBRANE	51	45		
REACTOME_CARNITINE_SHUTTLE	14		Rejected!	
REACTOME_CASPASE_ACTIVATION_VIA_DEATH_RECEPTORS_IN_THE_PRESENCE_OF_LIGAND	16		Rejected!	
REACTOME_CASPASE_ACTIVATION_VIA_DEPENDENCE_RECEPTORS_IN_THE_ABSENCE_OF_LIGAND	10		Rejected!	
REACTOME_CASPASE_ACTIVATION_VIA_EXTRINSIC_APOPTOTIC_SIGNALLING_PATHWAY	26	23		
REACTOME_CASPASE_MEDIATED_CLEAVAGE_OF_CYTOSKELETAL_PROTEINS	12		Rejected!	
REACTOME_CATION_COUPLED_CHLORIDE_COTRANSPORTERS	7		Rejected!	
REACTOME_CA_DEPENDENT_EVENTS	37	33		
REACTOME_CD163_MEDIATING_AN_ANTI_INFLAMMATORY_RESPONSE	9		Rejected!	
REACTOME_CD209_DC_SIGN_SIGNALING	21	17		
REACTOME_CD22_MEDIATED_BCR_REGULATION	61		Rejected!	
REACTOME_CD28_DEPENDENT_PI3K_AKT_SIGNALING	27	18		
REACTOME_CD28_DEPENDENT_VAV1_PATHWAY	12		Rejected!	
REACTOME_CDC42_GTPASE_CYCLE	155	145		
REACTOME_CDC6_ASSOCIATION_WITH_THE_ORC_ORIGIN_COMPLEX	8		Rejected!	
REACTOME_CDH11_HOMOTYPIC_AND_HETEROTYPIC_INTERACTIONS	7		Rejected!	
REACTOME_CDK_MEDIATED_PHOSPHORYLATION_AND_REMOVAL_OF_CDC6	60	59		
REACTOME_CELLULAR_HEXOSE_TRANSPORT	21	15		
REACTOME_CELLULAR_RESPONSES_TO_MECHANICAL_STIMULI	103	84		
REACTOME_CELLULAR_RESPONSES_TO_STIMULI	920		Rejected!	
REACTOME_CELLULAR_RESPONSE_TO_CHEMICAL_STRESS	197	168		
REACTOME_CELLULAR_RESPONSE_TO_HEAT_STRESS	101	92		
REACTOME_CELLULAR_RESPONSE_TO_HYPOXIA	62	57		
REACTOME_CELLULAR_RESPONSE_TO_MITOCHONDRIAL_STRESS	9		Rejected!	
REACTOME_CELLULAR_RESPONSE_TO_STARVATION	157	144		
REACTOME_CELLULAR_SENESCENCE	197	145		
REACTOME_CELL_CELL_COMMUNICATION	155	132		
REACTOME_CELL_CELL_JUNCTION_ORGANIZATION	90	79		
REACTOME_CELL_CYCLE	683		Rejected!	
REACTOME_CELL_CYCLE_CHECKPOINTS	278	242		
REACTOME_CELL_CYCLE_MITOTIC	552	484		
REACTOME_CELL_DEATH_SIGNALLING_VIA_NRAGE_NRIF_AND_NADE	76	69		
REACTOME_CELL_EXTRACELLULAR_MATRIX_INTERACTIONS	18	15		
REACTOME_CELL_JUNCTION_ORGANIZATION	117	102		
REACTOME_CELL_SURFACE_INTERACTIONS_AT_THE_VASCULAR_WALL	194	97		
REACTOME_CGMP_EFFECTS	16		Rejected!	
REACTOME_CHAPERONE_MEDIATED_AUTOPHAGY	22	19		
REACTOME_CHEMOKINE_RECEPTORS_BIND_CHEMOKINES	57	27		
REACTOME_CHK1_CHK2_CDS1_MEDIATED_INACTIVATION_OF_CYCLIN_B_CDK1_COMPLEX	15		Rejected!	
REACTOME_CHL1_INTERACTIONS	9		Rejected!	
REACTOME_CHOLESTEROL_BIOSYNTHESIS	27	24		
REACTOME_CHOLINE_CATABOLISM	6		Rejected!	
REACTOME_CHONDROITIN_SULFATE_BIOSYNTHESIS	20	20		
REACTOME_CHONDROITIN_SULFATE_DERMATAN_SULFATE_METABOLISM	51	48		
REACTOME_CHREBP_ACTIVATES_METABOLIC_GENE_EXPRESSION	8		Rejected!	
REACTOME_CHROMATIN_MODIFICATIONS_DURING_THE_MATERNAL_TO_ZYGOTIC_TRANSITION_MZT	70	42		
REACTOME_CHROMATIN_ORGANIZATION	287	230		
REACTOME_CHROMOSOME_MAINTENANCE	139	113		
REACTOME_CHYLOMICRON_ASSEMBLY	10		Rejected!	
REACTOME_CHYLOMICRON_CLEARANCE	5		Rejected!	
REACTOME_CHYLOMICRON_REMODELING	10		Rejected!	
REACTOME_CILIUM_ASSEMBLY	201	186		
REACTOME_CIPROFLOXACIN_ADME	5		Rejected!	
REACTOME_CIRCADIAN_CLOCK	112	105		
REACTOME_CITRIC_ACID_CYCLE_TCA_CYCLE	34	28		
REACTOME_CLASS_A_1_RHODOPSIN_LIKE_RECEPTORS	330	214		
REACTOME_CLASS_B_2_SECRETIN_FAMILY_RECEPTORS	94	73		
REACTOME_CLASS_C_3_METABOTROPIC_GLUTAMATE_PHEROMONE_RECEPTORS	39	18		
REACTOME_CLASS_I_MHC_MEDIATED_ANTIGEN_PROCESSING_PRESENTATION	373	329		
REACTOME_CLASS_I_PEROXISOMAL_MEMBRANE_PROTEIN_IMPORT	20	20		
REACTOME_CLATHRIN_MEDIATED_ENDOCYTOSIS	145	134		
REACTOME_CLEC7A_DECTIN_1_INDUCES_NFAT_ACTIVATION	11		Rejected!	
REACTOME_CLEC7A_DECTIN_1_SIGNALING	87	80		
REACTOME_CLEC7A_INFLAMMASOME_PATHWAY	6		Rejected!	
REACTOME_COBALAMIN_CBL_METABOLISM	7		Rejected!	
REACTOME_COBALAMIN_CBL_VITAMIN_B12_TRANSPORT_AND_METABOLISM	22	17		
REACTOME_COENZYME_A_BIOSYNTHESIS	7		Rejected!	
REACTOME_COHESIN_LOADING_ONTO_CHROMATIN	10		Rejected!	
REACTOME_COLLAGEN_BIOSYNTHESIS_AND_MODIFYING_ENZYMES	67	59		
REACTOME_COLLAGEN_CHAIN_TRIMERIZATION	44	38		
REACTOME_COLLAGEN_DEGRADATION	64	54		
REACTOME_COLLAGEN_FORMATION	90	79		
REACTOME_COMMON_PATHWAY_OF_FIBRIN_CLOT_FORMATION	22	15		
REACTOME_COMPLEMENT_CASCADE	115	38		
REACTOME_COMPLEX_III_ASSEMBLY	26	25		
REACTOME_COMPLEX_IV_ASSEMBLY	48	45		
REACTOME_COMPLEX_I_BIOGENESIS	68	64		
REACTOME_CONDENSATION_OF_PROMETAPHASE_CHROMOSOMES	11		Rejected!	
REACTOME_CONDENSATION_OF_PROPHASE_CHROMOSOMES	73	47		
REACTOME_CONJUGATION_OF_BENZOATE_WITH_GLYCINE	6		Rejected!	
REACTOME_CONSTITUTIVE_SIGNALING_BY_ABERRANT_PI3K_IN_CANCER	86	70		
REACTOME_CONSTITUTIVE_SIGNALING_BY_AKT1_E17K_IN_CANCER	26	19		
REACTOME_CONSTITUTIVE_SIGNALING_BY_EGFRVIII	15		Rejected!	
REACTOME_CONSTITUTIVE_SIGNALING_BY_LIGAND_RESPONSIVE_EGFR_CANCER_VARIANTS	19	18		
REACTOME_CONSTITUTIVE_SIGNALING_BY_OVEREXPRESSED_ERBB2	11		Rejected!	
REACTOME_CONVERSION_FROM_APC_C_CDC20_TO_APC_C_CDH1_IN_LATE_ANAPHASE	20	19		
REACTOME_COOPERATION_OF_PDCL_PHLP1_AND_TRIC_CCT_IN_G_PROTEIN_BETA_FOLDING	38	36		
REACTOME_COOPERATION_OF_PREFOLDIN_AND_TRIC_CCT_IN_ACTIN_AND_TUBULIN_FOLDING	33	26		
REACTOME_COPII_MEDIATED_VESICLE_TRANSPORT	69	67		
REACTOME_COPI_DEPENDENT_GOLGI_TO_ER_RETROGRADE_TRAFFIC	100	89		
REACTOME_COPI_INDEPENDENT_GOLGI_TO_ER_RETROGRADE_TRAFFIC	53	39		
REACTOME_COPI_MEDIATED_ANTEROGRADE_TRANSPORT	102	87		
REACTOME_CO_INHIBITION_BY_BTLA	5		Rejected!	
REACTOME_CO_INHIBITION_BY_CTLA4	21	18		
REACTOME_CO_INHIBITION_BY_PD_1	28	15		
REACTOME_CO_STIMULATION_BY_CD28	48	37		
REACTOME_CO_STIMULATION_BY_ICOS	11		Rejected!	
REACTOME_CREATINE_METABOLISM	11		Rejected!	
REACTOME_CREATION_OF_C4_AND_C2_ACTIVATORS	71		Rejected!	
REACTOME_CREB1_PHOSPHORYLATION_THROUGH_NMDA_RECEPTOR_MEDIATED_ACTIVATION_OF_RAS_SIGNALING	28	25		
REACTOME_CREB1_PHOSPHORYLATION_THROUGH_THE_ACTIVATION_OF_ADENYLATE_CYCLASE	12		Rejected!	
REACTOME_CREB1_PHOSPHORYLATION_THROUGH_THE_ACTIVATION_OF_CAMKII_CAMKK_CAMKIV_CASCASDE	8		Rejected!	
REACTOME_CREB3_FACTORS_ACTIVATE_GENES	9		Rejected!	
REACTOME_CREB_PHOSPHORYLATION	7		Rejected!	
REACTOME_CRISTAE_FORMATION	33	33		
REACTOME_CRMPS_IN_SEMA3A_SIGNALING	16	16		
REACTOME_CROSSLINKING_OF_COLLAGEN_FIBRILS	18	16		
REACTOME_CROSS_PRESENTATION_OF_PARTICULATE_EXOGENOUS_ANTIGENS_PHAGOSOMES	8		Rejected!	
REACTOME_CROSS_PRESENTATION_OF_SOLUBLE_EXOGENOUS_ANTIGENS_ENDOSOMES	42	38		
REACTOME_CS_DS_DEGRADATION	14		Rejected!	
REACTOME_CYCLIN_A_B1_B2_ASSOCIATED_EVENTS_DURING_G2_M_TRANSITION	32	29		
REACTOME_CYCLIN_A_CDK2_ASSOCIATED_EVENTS_AT_S_PHASE_ENTRY	75	69		
REACTOME_CYCLIN_D_ASSOCIATED_EVENTS_IN_G1	47	42		
REACTOME_CYP2E1_REACTIONS	11		Rejected!	
REACTOME_CYTOCHROME_C_MEDIATED_APOPTOTIC_RESPONSE	13		Rejected!	
REACTOME_CYTOCHROME_P450_ARRANGED_BY_SUBSTRATE_TYPE	64	37		
REACTOME_CYTOKINE_SIGNALING_IN_IMMUNE_SYSTEM	785		Rejected!	
REACTOME_CYTOPROTECTION_BY_HMOX1	60	46		
REACTOME_CYTOSOLIC_IRON_SULFUR_CLUSTER_ASSEMBLY	13		Rejected!	
REACTOME_CYTOSOLIC_SENSORS_OF_PATHOGEN_ASSOCIATED_DNA	64	56		
REACTOME_CYTOSOLIC_SULFONATION_OF_SMALL_MOLECULES	24	18		
REACTOME_CYTOSOLIC_TRNA_AMINOACYLATION	24	23		
REACTOME_C_TYPE_LECTIN_RECEPTORS_CLRS	127	105		
REACTOME_DAG_AND_IP3_SIGNALING	41	37		
REACTOME_DAP12_INTERACTIONS	45	27		
REACTOME_DAP12_SIGNALING	29	23		
REACTOME_DARPP_32_EVENTS	24	18		
REACTOME_DCC_MEDIATED_ATTRACTIVE_SIGNALING	14		Rejected!	
REACTOME_DDX58_IFIH1_MEDIATED_INDUCTION_OF_INTERFERON_ALPHA_BETA	82	61		
REACTOME_DEACTIVATION_OF_THE_BETA_CATENIN_TRANSACTIVATING_COMPLEX	42	35		
REACTOME_DEADENYLATION_DEPENDENT_MRNA_DECAY	56	54		
REACTOME_DEADENYLATION_OF_MRNA	25	24		
REACTOME_DEATH_RECEPTOR_SIGNALING	154	137		
REACTOME_DECTIN_1_MEDIATED_NONCANONICAL_NF_KB_SIGNALING	49	45		
REACTOME_DECTIN_2_FAMILY	26		Rejected!	
REACTOME_DEFECTIVE_B4GALT1_CAUSES_B4GALT1_CDG_CDG_2D	8		Rejected!	
REACTOME_DEFECTIVE_B4GALT7_CAUSES_EDS_PROGEROID_TYPE	20	17		
REACTOME_DEFECTIVE_C1GALT1C1_CAUSES_TNPS	17		Rejected!	
REACTOME_DEFECTIVE_CFTR_CAUSES_CYSTIC_FIBROSIS	48	47		
REACTOME_DEFECTIVE_CHST14_CAUSES_EDS_MUSCULOCONTRACTURAL_TYPE	8		Rejected!	
REACTOME_DEFECTIVE_CHST3_CAUSES_SEDCJD	8		Rejected!	
REACTOME_DEFECTIVE_CHST6_CAUSES_MCDC1	8		Rejected!	
REACTOME_DEFECTIVE_CHSY1_CAUSES_TPBS	8		Rejected!	
REACTOME_DEFECTIVE_CSF2RB_CAUSES_SMDP5	8		Rejected!	
REACTOME_DEFECTIVE_EXT2_CAUSES_EXOSTOSES_2	14		Rejected!	
REACTOME_DEFECTIVE_F9_ACTIVATION	6		Rejected!	
REACTOME_DEFECTIVE_FACTOR_IX_CAUSES_HEMOPHILIA_B	9		Rejected!	
REACTOME_DEFECTIVE_FACTOR_VIII_CAUSES_HEMOPHILIA_A	7		Rejected!	
REACTOME_DEFECTIVE_GALNT3_CAUSES_HFTC	16		Rejected!	
REACTOME_DEFECTIVE_INTRINSIC_PATHWAY_FOR_APOPTOSIS	25	18		
REACTOME_DEFECTIVE_LFNG_CAUSES_SCDO3	5		Rejected!	
REACTOME_DEFECTIVE_RIPK1_MEDIATED_REGULATED_NECROSIS	7		Rejected!	
REACTOME_DEFECTIVE_ST3GAL3_CAUSES_MCT12_AND_EIEE15	8		Rejected!	
REACTOME_DEFECTS_IN_BIOTIN_BTN_METABOLISM	8		Rejected!	
REACTOME_DEFECTS_IN_COBALAMIN_B12_METABOLISM	14		Rejected!	
REACTOME_DEFECTS_IN_VITAMIN_AND_COFACTOR_METABOLISM	22	20		
REACTOME_DEFECTS_OF_CONTACT_ACTIVATION_SYSTEM_CAS_AND_KALLIKREIN_KININ_SYSTEM_KKS	16		Rejected!	
REACTOME_DEFECTS_OF_PLATELET_ADHESION_TO_EXPOSED_COLLAGEN	8		Rejected!	
REACTOME_DEFENSINS	53		Rejected!	
REACTOME_DEGRADATION_OF_AXIN	42	39		
REACTOME_DEGRADATION_OF_BETA_CATENIN_BY_THE_DESTRUCTION_COMPLEX	72	65		
REACTOME_DEGRADATION_OF_CRY_AND_PER_PROTEINS	48	46		
REACTOME_DEGRADATION_OF_CYSTEINE_AND_HOMOCYSTEINE	15		Rejected!	
REACTOME_DEGRADATION_OF_DVL	44	43		
REACTOME_DEGRADATION_OF_GLI1_BY_THE_PROTEASOME	47	43		
REACTOME_DEGRADATION_OF_THE_EXTRACELLULAR_MATRIX	140	115		
REACTOME_DEPOLYMERIZATION_OF_THE_NUCLEAR_LAMINA	15		Rejected!	
REACTOME_DEPOSITION_OF_NEW_CENPA_CONTAINING_NUCLEOSOMES_AT_THE_CENTROMERE	72	50		
REACTOME_DERMATAN_SULFATE_BIOSYNTHESIS	11		Rejected!	
REACTOME_DETOXIFICATION_OF_REACTIVE_OXYGEN_SPECIES	37	31		
REACTOME_DEUBIQUITINATION	285	220		
REACTOME_DEVELOPMENTAL_CELL_LINEAGES	121	91		
REACTOME_DEVELOPMENTAL_CELL_LINEAGES_OF_THE_EXOCRINE_PANCREAS	84	67		
REACTOME_DEVELOPMENTAL_LINEAGE_OF_MULTIPOTENT_PANCREATIC_PROGENITOR_CELLS	18	16		
REACTOME_DEVELOPMENTAL_LINEAGE_OF_PANCREATIC_ACINAR_CELLS	32	18		
REACTOME_DEVELOPMENTAL_LINEAGE_OF_PANCREATIC_DUCTAL_CELLS	48	45		
REACTOME_DEX_H_BOX_HELICASES_ACTIVATE_TYPE_I_IFN_AND_INFLAMMATORY_CYTOKINES_PRODUCTION	7		Rejected!	
REACTOME_DIFFERENTIATION_OF_KERATINOCYTES_IN_INTERFOLLICULAR_EPIDERMIS_IN_MAMMALIAN_SKIN	40	27		
REACTOME_DIGESTION	23		Rejected!	
REACTOME_DIGESTION_AND_ABSORPTION	28		Rejected!	
REACTOME_DIGESTION_OF_DIETARY_CARBOHYDRATE	11		Rejected!	
REACTOME_DIGESTION_OF_DIETARY_LIPID	7		Rejected!	
REACTOME_DISASSEMBLY_OF_THE_DESTRUCTION_COMPLEX_AND_RECRUITMENT_OF_AXIN_TO_THE_MEMBRANE	31	25		
REACTOME_DISEASES_ASSOCIATED_WITH_GLYCOSAMINOGLYCAN_METABOLISM	41	36		
REACTOME_DISEASES_ASSOCIATED_WITH_GLYCOSYLATION_PRECURSOR_BIOSYNTHESIS	16	16		
REACTOME_DISEASES_ASSOCIATED_WITH_N_GLYCOSYLATION_OF_PROTEINS	20	17		
REACTOME_DISEASES_ASSOCIATED_WITH_O_GLYCOSYLATION_OF_PROTEINS	68	59		
REACTOME_DISEASES_ASSOCIATED_WITH_SURFACTANT_METABOLISM	10		Rejected!	
REACTOME_DISEASES_OF_BASE_EXCISION_REPAIR	5		Rejected!	
REACTOME_DISEASES_OF_BRANCHED_CHAIN_AMINO_ACID_CATABOLISM	13		Rejected!	
REACTOME_DISEASES_OF_CARBOHYDRATE_METABOLISM	34	27		
REACTOME_DISEASES_OF_DNA_REPAIR	51	41		
REACTOME_DISEASES_OF_GLYCOSYLATION	144	128		
REACTOME_DISEASES_OF_HEMOSTASIS	19		Rejected!	
REACTOME_DISEASES_OF_IMMUNE_SYSTEM	32	22		
REACTOME_DISEASES_OF_METABOLISM	262	221		
REACTOME_DISEASES_OF_MISMATCH_REPAIR_MMR	5		Rejected!	
REACTOME_DISEASES_OF_MITOTIC_CELL_CYCLE	38	36		
REACTOME_DISEASES_OF_PROGRAMMED_CELL_DEATH	104	70		
REACTOME_DISEASES_OF_SIGNAL_TRANSDUCTION_BY_GROWTH_FACTOR_RECEPTORS_AND_SECOND_MESSENGERS	454	380		
REACTOME_DISINHIBITION_OF_SNARE_FORMATION	5		Rejected!	
REACTOME_DISORDERS_OF_TRANSMEMBRANE_TRANSPORTERS	164	141		
REACTOME_DISPLACEMENT_OF_DNA_GLYCOSYLASE_BY_APEX1	9		Rejected!	
REACTOME_DISSOLUTION_OF_FIBRIN_CLOT	13		Rejected!	
REACTOME_DNA_DAMAGE_BYPASS	48	46		
REACTOME_DNA_DAMAGE_RECOGNITION_IN_GG_NER	38	37		
REACTOME_DNA_DAMAGE_REVERSAL	8		Rejected!	
REACTOME_DNA_DAMAGE_TELOMERE_STRESS_INDUCED_SENESCENCE	79	53		
REACTOME_DNA_DOUBLE_STRAND_BREAK_REPAIR	170	137		
REACTOME_DNA_DOUBLE_STRAND_BREAK_RESPONSE	78	57		
REACTOME_DNA_METHYLATION	64	39		
REACTOME_DNA_REPAIR	332	283		
REACTOME_DNA_REPLICATION	184	154		
REACTOME_DNA_REPLICATION_INITIATION	8		Rejected!	
REACTOME_DNA_REPLICATION_PRE_INITIATION	149	121		
REACTOME_DNA_STRAND_ELONGATION	32	29		
REACTOME_DOPAMINE_CLEARANCE_FROM_THE_SYNAPTIC_CLEFT	5		Rejected!	
REACTOME_DOPAMINE_NEUROTRANSMITTER_RELEASE_CYCLE	23	20		
REACTOME_DOPAMINE_RECEPTORS	5		Rejected!	
REACTOME_DOWNREGULATION_OF_ERBB2_ERBB3_SIGNALING	13		Rejected!	
REACTOME_DOWNREGULATION_OF_ERBB2_SIGNALING	29	24		
REACTOME_DOWNREGULATION_OF_ERBB4_SIGNALING	9		Rejected!	
REACTOME_DOWNREGULATION_OF_SMAD2_3_SMAD4_TRANSCRIPTIONAL_ACTIVITY	31	27		
REACTOME_DOWNREGULATION_OF_TGF_BETA_RECEPTOR_SIGNALING	26	23		
REACTOME_DOWNSTREAM_SIGNALING_EVENTS_OF_B_CELL_RECEPTOR_BCR	68	66		
REACTOME_DOWNSTREAM_SIGNALING_OF_ACTIVATED_FGFR1	31	26		
REACTOME_DOWNSTREAM_SIGNALING_OF_ACTIVATED_FGFR2	30	26		
REACTOME_DOWNSTREAM_SIGNALING_OF_ACTIVATED_FGFR3	25	23		
REACTOME_DOWNSTREAM_SIGNALING_OF_ACTIVATED_FGFR4	27	23		
REACTOME_DOWNSTREAM_SIGNAL_TRANSDUCTION	29	25		
REACTOME_DOWNSTREAM_TCR_SIGNALING	89	71		
REACTOME_DRUG_ADME	109	66		
REACTOME_DRUG_MEDIATED_INHIBITION_OF_CDK4_CDK6_ACTIVITY	5		Rejected!	
REACTOME_DUAL_INCISION_IN_GG_NER	41	40		
REACTOME_DUAL_INCISION_IN_TC_NER	63	60		
REACTOME_E2F_ENABLED_INHIBITION_OF_PRE_REPLICATION_COMPLEX_FORMATION	9		Rejected!	
REACTOME_E2F_MEDIATED_REGULATION_OF_DNA_REPLICATION	22	18		
REACTOME_E3_UBIQUITIN_LIGASES_UBIQUITINATE_TARGET_PROTEINS	59	49		
REACTOME_EARLY_PHASE_OF_HIV_LIFE_CYCLE	14		Rejected!	
REACTOME_EARLY_SARS_COV_2_INFECTION_EVENTS	37	31		
REACTOME_ECM_PROTEOGLYCANS	76	67		
REACTOME_EFFECTS_OF_PIP2_HYDROLYSIS	27	26		
REACTOME_EGFR_DOWNREGULATION	31	30		
REACTOME_EGFR_INTERACTS_WITH_PHOSPHOLIPASE_C_GAMMA	9		Rejected!	
REACTOME_EGFR_TRANSACTIVATION_BY_GASTRIN	9		Rejected!	
REACTOME_EGR2_AND_SOX10_MEDIATED_INITIATION_OF_SCHWANN_CELL_MYELINATION	29	26		
REACTOME_EICOSANOIDS	12		Rejected!	
REACTOME_EICOSANOID_LIGAND_BINDING_RECEPTORS	15		Rejected!	
REACTOME_ELASTIC_FIBRE_FORMATION	44	42		
REACTOME_ELECTRIC_TRANSMISSION_ACROSS_GAP_JUNCTIONS	5		Rejected!	
REACTOME_ELEVATION_OF_CYTOSOLIC_CA2_LEVELS	16		Rejected!	
REACTOME_ENDOGENOUS_STEROLS	25	20		
REACTOME_ENDOSOMAL_SORTING_COMPLEX_REQUIRED_FOR_TRANSPORT_ESCRT	31	29		
REACTOME_ENDOSOMAL_VACUOLAR_PATHWAY	11		Rejected!	
REACTOME_ENERGY_DEPENDENT_REGULATION_OF_MTOR_BY_LKB1_AMPK	29	24		
REACTOME_ENHANCED_BINDING_OF_GP1BA_VARIANT_TO_VWF_MULTIMER_COLLAGEN	7		Rejected!	
REACTOME_ENOS_ACTIVATION	13		Rejected!	
REACTOME_EPHA_MEDIATED_GROWTH_CONE_COLLAPSE	29	25		
REACTOME_EPHB_MEDIATED_FORWARD_SIGNALING	42	40		
REACTOME_EPHRIN_SIGNALING	19	18		
REACTOME_EPH_EPHRIN_MEDIATED_REPULSION_OF_CELLS	51	47		
REACTOME_EPH_EPHRIN_SIGNALING	92	86		
REACTOME_EPIGENETIC_REGULATION_BY_WDR5_CONTAINING_HISTONE_MODIFYING_COMPLEXES	166	128		
REACTOME_EPIGENETIC_REGULATION_OF_GENE_EXPRESSION	317	266		
REACTOME_EPIGENETIC_REGULATION_OF_GENE_EXPRESSION_BY_MLL3_AND_MLL4_COMPLEXES	134	99		
REACTOME_EPITHELIAL_MESENCHYMAL_TRANSITION_EMT_DURING_GASTRULATION	7		Rejected!	
REACTOME_ERBB2_ACTIVATES_PTK6_SIGNALING	13		Rejected!	
REACTOME_ERBB2_REGULATES_CELL_MOTILITY	15		Rejected!	
REACTOME_ERCC6_CSB_AND_EHMT2_G9A_POSITIVELY_REGULATE_RRNA_EXPRESSION	75	50		
REACTOME_ERKS_ARE_INACTIVATED	13		Rejected!	
REACTOME_ERK_MAPK_TARGETS	22	18		
REACTOME_ERYTHROCYTES_TAKE_UP_CARBON_DIOXIDE_AND_RELEASE_OXYGEN	13		Rejected!	
REACTOME_ERYTHROCYTES_TAKE_UP_OXYGEN_AND_RELEASE_CARBON_DIOXIDE	9		Rejected!	
REACTOME_ERYTHROPOIETIN_ACTIVATES_PHOSPHOINOSITIDE_3_KINASE_PI3K	12		Rejected!	
REACTOME_ERYTHROPOIETIN_ACTIVATES_PHOSPHOLIPASE_C_GAMMA_PLCG	7		Rejected!	
REACTOME_ERYTHROPOIETIN_ACTIVATES_RAS	14		Rejected!	
REACTOME_ERYTHROPOIETIN_ACTIVATES_STAT5	7		Rejected!	
REACTOME_ER_QUALITY_CONTROL_COMPARTMENT_ERQC	21	18		
REACTOME_ER_TO_GOLGI_ANTEROGRADE_TRANSPORT	156	139		
REACTOME_ESR_MEDIATED_SIGNALING	220	171		
REACTOME_ESTABLISHMENT_OF_SISTER_CHROMATID_COHESION	11		Rejected!	
REACTOME_ESTROGEN_BIOSYNTHESIS	6		Rejected!	
REACTOME_ESTROGEN_DEPENDENT_GENE_EXPRESSION	149	110		
REACTOME_ESTROGEN_DEPENDENT_NUCLEAR_EVENTS_DOWNSTREAM_OF_ESR_MEMBRANE_SIGNALING	24	21		
REACTOME_ESTROGEN_STIMULATED_SIGNALING_THROUGH_PRKCZ	6		Rejected!	
REACTOME_ETHANOL_OXIDATION	12		Rejected!	
REACTOME_EUKARYOTIC_TRANSLATION_ELONGATION	94	83		
REACTOME_EUKARYOTIC_TRANSLATION_INITIATION	120	111		
REACTOME_EVASION_BY_RSV_OF_HOST_INTERFERON_RESPONSES	35	18		
REACTOME_EXPORT_OF_VIRAL_RIBONUCLEOPROTEINS_FROM_NUCLEUS	33	31		
REACTOME_EXPRESSION_OF_BMAL_ARNTL_CLOCK_AND_NPAS2	36	33		
REACTOME_EXPRESSION_OF_NOTCH2NL_GENES	5		Rejected!	
REACTOME_EXTENSION_OF_TELOMERES	51	48		
REACTOME_EXTRACELLULAR_MATRIX_ORGANIZATION	321	273		
REACTOME_EXTRA_NUCLEAR_ESTROGEN_SIGNALING	75	64		
REACTOME_EXTRINSIC_PATHWAY_OF_FIBRIN_CLOT_FORMATION	5		Rejected!	
REACTOME_FACTORS_INVOLVED_IN_MEGAKARYOCYTE_DEVELOPMENT_AND_PLATELET_PRODUCTION	170	126		
REACTOME_FANCONI_ANEMIA_PATHWAY	39	36		
REACTOME_FASL_CD95L_SIGNALING	5		Rejected!	
REACTOME_FASTK_FAMILY_PROTEINS_REGULATE_PROCESSING_AND_STABILITY_OF_MITOCHONDRIAL_RNAS	6		Rejected!	
REACTOME_FATTY_ACIDS	15		Rejected!	
REACTOME_FATTY_ACIDS_BOUND_TO_GPR40_FFAR1_REGULATE_INSULIN_SECRETION	8		Rejected!	
REACTOME_FATTY_ACID_METABOLISM	175	146		
REACTOME_FATTY_ACYL_COA_BIOSYNTHESIS	37	34		
REACTOME_FBXL7_DOWN_REGULATES_AURKA_DURING_MITOTIC_ENTRY_AND_IN_EARLY_MITOSIS	42	40		
REACTOME_FBXW7_MUTANTS_AND_NOTCH1_IN_CANCER	5		Rejected!	
REACTOME_FCERI_MEDIATED_CA_2_MOBILIZATION	86	26		
REACTOME_FCERI_MEDIATED_MAPK_ACTIVATION	87	26		
REACTOME_FCERI_MEDIATED_NF_KB_ACTIVATION	123	63		
REACTOME_FCGAMMA_RECEPTOR_FCGR_DEPENDENT_PHAGOCYTOSIS	143	77		
REACTOME_FCGR3A_MEDIATED_IL10_SYNTHESIS	95	29		
REACTOME_FCGR_ACTIVATION	69		Rejected!	
REACTOME_FC_EPSILON_RECEPTOR_FCERI_SIGNALING	173	106		
REACTOME_FERTILIZATION	26		Rejected!	
REACTOME_FGFR1B_LIGAND_BINDING_AND_ACTIVATION	8		Rejected!	
REACTOME_FGFR1C_LIGAND_BINDING_AND_ACTIVATION	14		Rejected!	
REACTOME_FGFR1_LIGAND_BINDING_AND_ACTIVATION	18		Rejected!	
REACTOME_FGFR1_MUTANT_RECEPTOR_ACTIVATION	31	27		
REACTOME_FGFR2B_LIGAND_BINDING_AND_ACTIVATION	10		Rejected!	
REACTOME_FGFR2C_LIGAND_BINDING_AND_ACTIVATION	13		Rejected!	
REACTOME_FGFR2_ALTERNATIVE_SPLICING	27	25		
REACTOME_FGFR2_LIGAND_BINDING_AND_ACTIVATION	20	15		
REACTOME_FGFR2_MUTANT_RECEPTOR_ACTIVATION	33	29		
REACTOME_FGFR3B_LIGAND_BINDING_AND_ACTIVATION	7		Rejected!	
REACTOME_FGFR3_LIGAND_BINDING_AND_ACTIVATION	13		Rejected!	
REACTOME_FGFRL1_MODULATION_OF_FGFR1_SIGNALING	13		Rejected!	
REACTOME_FIBRONECTIN_MATRIX_FORMATION	6		Rejected!	
REACTOME_FICOLINS_BIND_TO_REPETITIVE_CARBOHYDRATE_STRUCTURES_ON_THE_TARGET_CELL_SURFACE	5		Rejected!	
REACTOME_FLT3_SIGNALING	38	36		
REACTOME_FLT3_SIGNALING_BY_CBL_MUTANTS	7		Rejected!	
REACTOME_FLT3_SIGNALING_IN_DISEASE	28	26		
REACTOME_FLT3_SIGNALING_THROUGH_SRC_FAMILY_KINASES	6		Rejected!	
REACTOME_FOLDING_OF_ACTIN_BY_CCT_TRIC	10		Rejected!	
REACTOME_FORMATION_OF_APOPTOSOME	11		Rejected!	
REACTOME_FORMATION_OF_ATP_BY_CHEMIOSMOTIC_COUPLING	20	20		
REACTOME_FORMATION_OF_AXIAL_MESODERM	14		Rejected!	
REACTOME_FORMATION_OF_DEFINITIVE_ENDODERM	17		Rejected!	
REACTOME_FORMATION_OF_FIBRIN_CLOT_CLOTTING_CASCADE	39	26		
REACTOME_FORMATION_OF_INCISION_COMPLEX_IN_GG_NER	43	39		
REACTOME_FORMATION_OF_INTERMEDIATE_MESODERM	8		Rejected!	
REACTOME_FORMATION_OF_LATERAL_PLATE_MESODERM	5		Rejected!	
REACTOME_FORMATION_OF_NEURONAL_PROGENITOR_AND_NEURONAL_BAF_NPBAF_AND_NBAF	25	23		
REACTOME_FORMATION_OF_PARAXIAL_MESODERM	59	53		
REACTOME_FORMATION_OF_RNA_POL_II_ELONGATION_COMPLEX	58	52		
REACTOME_FORMATION_OF_SENESCENCE_ASSOCIATED_HETEROCHROMATIN_FOCI_SAHF	17		Rejected!	
REACTOME_FORMATION_OF_TC_NER_PRE_INCISION_COMPLEX	51	49		
REACTOME_FORMATION_OF_THE_ACTIVE_COFACTOR_UDP_GLUCURONATE	5		Rejected!	
REACTOME_FORMATION_OF_THE_ANTERIOR_NEURAL_PLATE	11		Rejected!	
REACTOME_FORMATION_OF_THE_BETA_CATENIN_TCF_TRANSACTIVATING_COMPLEX	91	59		
REACTOME_FORMATION_OF_THE_CANONICAL_BAF_CBAF_COMPLEX	18	16		
REACTOME_FORMATION_OF_THE_CORNIFIED_ENVELOPE	129	54		
REACTOME_FORMATION_OF_THE_DYSTROPHIN_GLYCOPROTEIN_COMPLEX_DGC	36	31		
REACTOME_FORMATION_OF_THE_EARLY_ELONGATION_COMPLEX	33	32		
REACTOME_FORMATION_OF_THE_EMBRYONIC_STEM_CELL_BAF_ESBAF_COMPLEX	19	17		
REACTOME_FORMATION_OF_THE_NEPHRIC_DUCT	18	15		
REACTOME_FORMATION_OF_THE_NON_CANONICAL_BAF_NCBAF_COMPLEX	17	15		
REACTOME_FORMATION_OF_THE_POLYBROMO_BAF_PBAF_COMPLEX	18	16		
REACTOME_FORMATION_OF_THE_POSTERIOR_NEURAL_PLATE	10		Rejected!	
REACTOME_FORMATION_OF_THE_URETERIC_BUD	21	20		
REACTOME_FORMATION_OF_TUBULIN_FOLDING_INTERMEDIATES_BY_CCT_TRIC	26	20		
REACTOME_FORMATION_OF_WDR5_CONTAINING_HISTONE_MODIFYING_COMPLEXES	42	37		
REACTOME_FORMATION_OF_XYLULOSE_5_PHOSPHATE	5		Rejected!	
REACTOME_FORMYL_PEPTIDE_RECEPTORS_BIND_FORMYL_PEPTIDES_AND_MANY_OTHER_LIGANDS	8		Rejected!	
REACTOME_FOXO_MEDIATED_TRANSCRIPTION	66	49		
REACTOME_FOXO_MEDIATED_TRANSCRIPTION_OF_CELL_CYCLE_GENES	17		Rejected!	
REACTOME_FOXO_MEDIATED_TRANSCRIPTION_OF_CELL_DEATH_GENES	16		Rejected!	
REACTOME_FOXO_MEDIATED_TRANSCRIPTION_OF_OXIDATIVE_STRESS_METABOLIC_AND_NEURONAL_GENES	30	21		
REACTOME_FREE_FATTY_ACIDS_REGULATE_INSULIN_SECRETION	11		Rejected!	
REACTOME_FREE_FATTY_ACID_RECEPTORS	5		Rejected!	
REACTOME_FRS_MEDIATED_FGFR1_SIGNALING	23	19		
REACTOME_FRS_MEDIATED_FGFR2_SIGNALING	25	21		
REACTOME_FRS_MEDIATED_FGFR3_SIGNALING	20	18		
REACTOME_FRS_MEDIATED_FGFR4_SIGNALING	22	18		
REACTOME_FRUCTOSE_CATABOLISM	5		Rejected!	
REACTOME_FRUCTOSE_METABOLISM	7		Rejected!	
REACTOME_G0_AND_EARLY_G1	27	25		
REACTOME_G1_S_DNA_DAMAGE_CHECKPOINTS	55	48		
REACTOME_G1_S_SPECIFIC_TRANSCRIPTION	29	27		
REACTOME_G2_M_CHECKPOINTS	156	130		
REACTOME_G2_M_DNA_DAMAGE_CHECKPOINT	96	74		
REACTOME_G2_M_DNA_REPLICATION_CHECKPOINT	7		Rejected!	
REACTOME_G2_PHASE	5		Rejected!	
REACTOME_GAB1_SIGNALOSOME	17	17		
REACTOME_GABA_B_RECEPTOR_ACTIVATION	43	38		
REACTOME_GABA_RECEPTOR_ACTIVATION	60	51		
REACTOME_GABA_SYNTHESIS_RELEASE_REUPTAKE_AND_DEGRADATION	19	17		
REACTOME_GALACTOSE_CATABOLISM	6		Rejected!	
REACTOME_GAMMA_CARBOXYLATION_HYPUSINYLATION_HYDROXYLATION_AND_ARYLSULFATASE_ACTIVATION	61	54		
REACTOME_GAMMA_CARBOXYLATION_TRANSPORT_AND_AMINO_TERMINAL_CLEAVAGE_OF_PROTEINS	11		Rejected!	
REACTOME_GAP_FILLING_DNA_REPAIR_SYNTHESIS_AND_LIGATION_IN_GG_NER	25	25		
REACTOME_GAP_JUNCTION_ASSEMBLY	38	23		
REACTOME_GAP_JUNCTION_DEGRADATION	12		Rejected!	
REACTOME_GAP_JUNCTION_TRAFFICKING_AND_REGULATION	51	35		
REACTOME_GASTRIN_CREB_SIGNALLING_PATHWAY_VIA_PKC_AND_MAPK	18	16		
REACTOME_GASTRULATION	119	103		
REACTOME_GDP_FUCOSE_BIOSYNTHESIS	6		Rejected!	
REACTOME_GENERATION_OF_SECOND_MESSENGER_MOLECULES	39	25		
REACTOME_GENE_AND_PROTEIN_EXPRESSION_BY_JAK_STAT_SIGNALING_AFTER_INTERLEUKIN_12_STIMULATION	38	30		
REACTOME_GENE_SILENCING_BY_RNA	139	105		
REACTOME_GERM_LAYER_FORMATION_AT_GASTRULATION	17		Rejected!	
REACTOME_GLI_PROTEINS_BIND_PROMOTERS_OF_HH_RESPONSIVE_GENES_TO_PROMOTE_TRANSCRIPTION	7		Rejected!	
REACTOME_GLOBAL_GENOME_NUCLEOTIDE_EXCISION_REPAIR_GG_NER	84	80		
REACTOME_GLUCAGON_LIKE_PEPTIDE_1_GLP1_REGULATES_INSULIN_SECRETION	42	36		
REACTOME_GLUCAGON_SIGNALING_IN_METABOLIC_REGULATION	33	28		
REACTOME_GLUCAGON_TYPE_LIGAND_RECEPTORS	33	27		
REACTOME_GLUCOCORTICOID_BIOSYNTHESIS	10		Rejected!	
REACTOME_GLUCONEOGENESIS	26	20		
REACTOME_GLUCOSE_METABOLISM	84	74		
REACTOME_GLUCURONIDATION	27		Rejected!	
REACTOME_GLUTAMATE_AND_GLUTAMINE_METABOLISM	14		Rejected!	
REACTOME_GLUTAMATE_NEUROTRANSMITTER_RELEASE_CYCLE	24	21		
REACTOME_GLUTATHIONE_CONJUGATION	36	30		
REACTOME_GLUTATHIONE_SYNTHESIS_AND_RECYCLING	12		Rejected!	
REACTOME_GLYCEROPHOSPHOLIPID_BIOSYNTHESIS	129	113		
REACTOME_GLYCEROPHOSPHOLIPID_CATABOLISM	7		Rejected!	
REACTOME_GLYCINE_DEGRADATION	7		Rejected!	
REACTOME_GLYCOGEN_BREAKDOWN_GLYCOGENOLYSIS	15		Rejected!	
REACTOME_GLYCOGEN_METABOLISM	26	23		
REACTOME_GLYCOGEN_STORAGE_DISEASES	16		Rejected!	
REACTOME_GLYCOGEN_SYNTHESIS	14		Rejected!	
REACTOME_GLYCOSAMINOGLYCAN_METABOLISM	127	111		
REACTOME_GLYCOSPHINGOLIPID_BIOSYNTHESIS	19	17		
REACTOME_GLYCOSPHINGOLIPID_CATABOLISM	39	33		
REACTOME_GLYCOSPHINGOLIPID_METABOLISM	58	50		
REACTOME_GLYCOSPHINGOLIPID_TRANSPORT	8		Rejected!	
REACTOME_GLYOXYLATE_METABOLISM_AND_GLYCINE_DEGRADATION	19		Rejected!	
REACTOME_GOLGI_ASSOCIATED_VESICLE_BIOGENESIS	56	48		
REACTOME_GOLGI_CISTERNAE_PERICENTRIOLAR_STACK_REORGANIZATION	14		Rejected!	
REACTOME_GOLGI_TO_ER_RETROGRADE_TRANSPORT	134	117		
REACTOME_GP1B_IX_V_ACTIVATION_SIGNALLING	12		Rejected!	
REACTOME_GPCR_LIGAND_BINDING	463	305		
REACTOME_GPER1_SIGNALING	45	38		
REACTOME_GPVI_MEDIATED_ACTIVATION_CASCADE	35	28		
REACTOME_GRB2_EVENTS_IN_ERBB2_SIGNALING	16		Rejected!	
REACTOME_GRB2_SOS_PROVIDES_LINKAGE_TO_MAPK_SIGNALING_FOR_INTEGRINS	15		Rejected!	
REACTOME_GRB7_EVENTS_IN_ERBB2_SIGNALING	5		Rejected!	
REACTOME_GROWTH_HORMONE_RECEPTOR_SIGNALING	24	19		
REACTOME_G_ALPHA_12_13_SIGNALLING_EVENTS	80	71		
REACTOME_G_ALPHA_I_SIGNALLING_EVENTS	314	223		
REACTOME_G_ALPHA_Q_SIGNALLING_EVENTS	217	166		
REACTOME_G_ALPHA_S_SIGNALLING_EVENTS	157	105		
REACTOME_G_ALPHA_Z_SIGNALLING_EVENTS	48	42		
REACTOME_G_BETA_GAMMA_SIGNALLING_THROUGH_CDC42	20	18		
REACTOME_G_BETA_GAMMA_SIGNALLING_THROUGH_PI3KGAMMA	25	21		
REACTOME_G_PROTEIN_ACTIVATION	24	22		
REACTOME_G_PROTEIN_BETA_GAMMA_SIGNALLING	32	27		
REACTOME_G_PROTEIN_MEDIATED_EVENTS	54	48		
REACTOME_HATS_ACETYLATE_HISTONES	142	108		
REACTOME_HCMV_EARLY_EVENTS	138	98		
REACTOME_HCMV_INFECTION	162	119		
REACTOME_HCMV_LATE_EVENTS	116	85		
REACTOME_HDACS_DEACETYLATE_HISTONES	94	65		
REACTOME_HDL_ASSEMBLY	8		Rejected!	
REACTOME_HDL_CLEARANCE	5		Rejected!	
REACTOME_HDL_REMODELING	10		Rejected!	
REACTOME_HDMS_DEMETHYLATE_HISTONES	50	31		
REACTOME_HDR_THROUGH_HOMOLOGOUS_RECOMBINATION_HRR	70	59		
REACTOME_HDR_THROUGH_MMEJ_ALT_NHEJ	12		Rejected!	
REACTOME_HDR_THROUGH_SINGLE_STRAND_ANNEALING_SSA	37	31		
REACTOME_HEDGEHOG_LIGAND_BIOGENESIS	52	50		
REACTOME_HEDGEHOG_OFF_STATE	100	90		
REACTOME_HEDGEHOG_ON_STATE	73	66		
REACTOME_HEME_BIOSYNTHESIS	14		Rejected!	
REACTOME_HEME_DEGRADATION	15		Rejected!	
REACTOME_HEME_SIGNALING	49	41		
REACTOME_HEMOSTASIS	679	495		
REACTOME_HEPARAN_SULFATE_HEPARIN_HS_GAG_METABOLISM	58	51		
REACTOME_HH_MUTANTS_ABROGATE_LIGAND_SECRETION	46	45		
REACTOME_HIGHLY_CALCIUM_PERMEABLE_NICOTINIC_ACETYLCHOLINE_RECEPTORS	9		Rejected!	
REACTOME_HIGHLY_CALCIUM_PERMEABLE_POSTSYNAPTIC_NICOTINIC_ACETYLCHOLINE_RECEPTORS	11		Rejected!	
REACTOME_HIGHLY_SODIUM_PERMEABLE_POSTSYNAPTIC_ACETYLCHOLINE_NICOTINIC_RECEPTORS	7		Rejected!	
REACTOME_HIGH_LAMINAR_FLOW_SHEAR_STRESS_ACTIVATES_SIGNALING_BY_PIEZO1_AND_PECAM1_CDH5_KDR_IN_ENDOTHELIAL_CELLS	69	54		
REACTOME_HISTIDINE_CATABOLISM	8		Rejected!	
REACTOME_HIV_ELONGATION_ARREST_AND_RECOVERY	33	30		
REACTOME_HIV_INFECTION	218	202		
REACTOME_HIV_LIFE_CYCLE	149	139		
REACTOME_HIV_TRANSCRIPTION_ELONGATION	43	39		
REACTOME_HIV_TRANSCRIPTION_INITIATION	47	45		
REACTOME_HOMOLOGOUS_DNA_PAIRING_AND_STRAND_EXCHANGE	43	35		
REACTOME_HOMOLOGY_DIRECTED_REPAIR	140	112		
REACTOME_HORMONE_LIGAND_BINDING_RECEPTORS	12		Rejected!	
REACTOME_HOST_INTERACTIONS_OF_HIV_FACTORS	118	109		
REACTOME_HSF1_ACTIVATION	31	25		
REACTOME_HSF1_DEPENDENT_TRANSACTIVATION	38	32		
REACTOME_HSP90_CHAPERONE_CYCLE_FOR_STEROID_HORMONE_RECEPTORS_SHR_IN_THE_PRESENCE_OF_LIGAND	57	43		
REACTOME_HS_GAG_BIOSYNTHESIS	31	26		
REACTOME_HS_GAG_DEGRADATION	24	19		
REACTOME_HUR_ELAVL1_BINDS_AND_STABILIZES_MRNA	8		Rejected!	
REACTOME_HYALURONAN_BIOSYNTHESIS_AND_EXPORT	5		Rejected!	
REACTOME_HYALURONAN_METABOLISM	17	15		
REACTOME_HYALURONAN_UPTAKE_AND_DEGRADATION	12		Rejected!	
REACTOME_HYDROLYSIS_OF_LPC	9		Rejected!	
REACTOME_IFNG_SIGNALING_ACTIVATES_MAPKS	8		Rejected!	
REACTOME_IKBA_VARIANT_LEADS_TO_EDA_ID	7		Rejected!	
REACTOME_IKK_COMPLEX_RECRUITMENT_MEDIATED_BY_RIP1	23	22		
REACTOME_IL_6_TYPE_CYTOKINE_RECEPTOR_LIGAND_INTERACTIONS	17		Rejected!	
REACTOME_IMMUNOREGULATORY_INTERACTIONS_BETWEEN_A_LYMPHOID_AND_A_NON_LYMPHOID_CELL	191	63		
REACTOME_INACTIVATION_OF_CDC42_AND_RAC1	8		Rejected!	
REACTOME_INACTIVATION_OF_CSF3_G_CSF_SIGNALING	25	22		
REACTOME_INCRETIN_SYNTHESIS_SECRETION_AND_INACTIVATION	24	16		
REACTOME_INDUCTION_OF_CELL_CELL_FUSION	13		Rejected!	
REACTOME_INFECTION_WITH_MYCOBACTERIUM_TUBERCULOSIS	27	26		
REACTOME_INFECTIOUS_DISEASE	1071		Rejected!	
REACTOME_INFLAMMASOMES	21	18		
REACTOME_INFLUENZA_INFECTION	157	146		
REACTOME_INHIBITION_OF_DNA_RECOMBINATION_AT_TELOMERE	67	47		
REACTOME_INHIBITION_OF_REPLICATION_INITIATION_OF_DAMAGED_DNA_BY_RB1_E2F1	13		Rejected!	
REACTOME_INHIBITION_OF_THE_PROTEOLYTIC_ACTIVITY_OF_APC_C_REQUIRED_FOR_THE_ONSET_OF_ANAPHASE_BY_MITOTIC_SPINDLE_CHECKPOINT_COMPONENTS	21	21		
REACTOME_INITIAL_TRIGGERING_OF_COMPLEMENT	80	16		
REACTOME_INITIATION_OF_NUCLEAR_ENVELOPE_NE_REFORMATION	19	15		
REACTOME_INLA_MEDIATED_ENTRY_OF_LISTERIA_MONOCYTOGENES_INTO_HOST_CELLS	9		Rejected!	
REACTOME_INLB_MEDIATED_ENTRY_OF_LISTERIA_MONOCYTOGENES_INTO_HOST_CELL	15	15		
REACTOME_INNATE_IMMUNE_SYSTEM	1114		Rejected!	
REACTOME_INOSITOL_PHOSPHATE_METABOLISM	48	40		
REACTOME_INSERTION_OF_TAIL_ANCHORED_PROTEINS_INTO_THE_ENDOPLASMIC_RETICULUM_MEMBRANE	22	21		
REACTOME_INSULIN_PROCESSING	25	20		
REACTOME_INSULIN_RECEPTOR_RECYCLING	30	26		
REACTOME_INSULIN_RECEPTOR_SIGNALLING_CASCADE	54	42		
REACTOME_INTEGRATION_OF_ENERGY_METABOLISM	108	91		
REACTOME_INTEGRATION_OF_PROVIRUS	9		Rejected!	
REACTOME_INTEGRIN_CELL_SURFACE_INTERACTIONS	85	73		
REACTOME_INTEGRIN_SIGNALING	27	21		
REACTOME_INTERACTIONS_OF_REV_WITH_HOST_CELLULAR_PROTEINS	37	35		
REACTOME_INTERACTIONS_OF_VPR_WITH_HOST_CELLULAR_PROTEINS	37	35		
REACTOME_INTERACTION_BETWEEN_L1_AND_ANKYRINS	31	25		
REACTOME_INTERACTION_WITH_CUMULUS_CELLS_AND_THE_ZONA_PELLUCIDA	11		Rejected!	
REACTOME_INTERCONVERSION_OF_NUCLEOTIDE_DI_AND_TRIPHOSPHATES	29	29		
REACTOME_INTERFERON_ALPHA_BETA_SIGNALING	78	59		
REACTOME_INTERFERON_GAMMA_SIGNALING	98	81		
REACTOME_INTERFERON_SIGNALING	280	228		
REACTOME_INTERLEUKIN_10_SIGNALING	45	29		
REACTOME_INTERLEUKIN_12_FAMILY_SIGNALING	57	43		
REACTOME_INTERLEUKIN_12_SIGNALING	47	36		
REACTOME_INTERLEUKIN_15_SIGNALING	14		Rejected!	
REACTOME_INTERLEUKIN_17_SIGNALING	71	59		
REACTOME_INTERLEUKIN_18_SIGNALING	8		Rejected!	
REACTOME_INTERLEUKIN_1_FAMILY_SIGNALING	139	120		
REACTOME_INTERLEUKIN_1_PROCESSING	9		Rejected!	
REACTOME_INTERLEUKIN_1_SIGNALING	101	93		
REACTOME_INTERLEUKIN_20_FAMILY_SIGNALING	26	15		
REACTOME_INTERLEUKIN_21_SIGNALING	10		Rejected!	
REACTOME_INTERLEUKIN_23_SIGNALING	9		Rejected!	
REACTOME_INTERLEUKIN_27_SIGNALING	11		Rejected!	
REACTOME_INTERLEUKIN_2_FAMILY_SIGNALING	44	29		
REACTOME_INTERLEUKIN_2_SIGNALING	12		Rejected!	
REACTOME_INTERLEUKIN_35_SIGNALLING	12		Rejected!	
REACTOME_INTERLEUKIN_36_PATHWAY	7		Rejected!	
REACTOME_INTERLEUKIN_37_SIGNALING	21	17		
REACTOME_INTERLEUKIN_3_INTERLEUKIN_5_AND_GM_CSF_SIGNALING	48	36		
REACTOME_INTERLEUKIN_4_AND_INTERLEUKIN_13_SIGNALING	111	82		
REACTOME_INTERLEUKIN_6_FAMILY_SIGNALING	24	19		
REACTOME_INTERLEUKIN_6_SIGNALING	11		Rejected!	
REACTOME_INTERLEUKIN_7_SIGNALING	36	24		
REACTOME_INTERLEUKIN_9_SIGNALING	9		Rejected!	
REACTOME_INTERLEUKIN_RECEPTOR_SHC_SIGNALING	27	17		
REACTOME_INTESTINAL_ABSORPTION	5		Rejected!	
REACTOME_INTRACELLULAR_SIGNALING_BY_SECOND_MESSENGERS	303	258		
REACTOME_INTRAFLAGELLAR_TRANSPORT	54	51		
REACTOME_INTRA_GOLGI_AND_RETROGRADE_GOLGI_TO_ER_TRAFFIC	203	177		
REACTOME_INTRA_GOLGI_TRAFFIC	44	36		
REACTOME_INTRINSIC_PATHWAY_FOR_APOPTOSIS	55	48		
REACTOME_INTRINSIC_PATHWAY_OF_FIBRIN_CLOT_FORMATION	23	16		
REACTOME_INWARDLY_RECTIFYING_K_CHANNELS	35	32		
REACTOME_IONOTROPIC_ACTIVITY_OF_KAINATE_RECEPTORS	10		Rejected!	
REACTOME_ION_CHANNEL_TRANSPORT	183	156		
REACTOME_ION_HOMEOSTASIS	54	44		
REACTOME_ION_TRANSPORT_BY_P_TYPE_ATPASES	55	47		
REACTOME_IRAK1_RECRUITS_IKK_COMPLEX	14		Rejected!	
REACTOME_IRAK2_MEDIATED_ACTIVATION_OF_TAK1_COMPLEX	10		Rejected!	
REACTOME_IRAK4_DEFICIENCY_TLR2_4	18		Rejected!	
REACTOME_IRE1ALPHA_ACTIVATES_CHAPERONES	50	48		
REACTOME_IRF3_MEDIATED_ACTIVATION_OF_TYPE_1_IFN	5		Rejected!	
REACTOME_IRF3_MEDIATED_INDUCTION_OF_TYPE_I_IFN	13		Rejected!	
REACTOME_IRON_UPTAKE_AND_TRANSPORT	58	53		
REACTOME_IRS_ACTIVATION	5		Rejected!	
REACTOME_IRS_MEDIATED_SIGNALLING	48	37		
REACTOME_ISG15_ANTIVIRAL_MECHANISM	74	71		
REACTOME_JNK_C_JUN_KINASES_PHOSPHORYLATION_AND_ACTIVATION_MEDIATED_BY_ACTIVATED_HUMAN_TAK1	22	22		
REACTOME_JOSEPHIN_DOMAIN_DUBS	12		Rejected!	
REACTOME_KEAP1_NFE2L2_PATHWAY	112	103		
REACTOME_KERATAN_SULFATE_BIOSYNTHESIS	28	23		
REACTOME_KERATAN_SULFATE_DEGRADATION	15		Rejected!	
REACTOME_KERATAN_SULFATE_KERATIN_METABOLISM	36	30		
REACTOME_KERATINIZATION	217	58		
REACTOME_KETONE_BODY_METABOLISM	10		Rejected!	
REACTOME_KIDNEY_DEVELOPMENT	46	40		
REACTOME_KILLING_MECHANISMS	12		Rejected!	
REACTOME_KINESINS	61	51		
REACTOME_KSRP_KHSRP_BINDS_AND_DESTABILIZES_MRNA	17	15		
REACTOME_L1CAM_INTERACTIONS	121	101		
REACTOME_LAGGING_STRAND_SYNTHESIS	20	19		
REACTOME_LAMININ_INTERACTIONS	30	27		
REACTOME_LATE_ENDOSOMAL_MICROAUTOPHAGY	34	31		
REACTOME_LATE_SARS_COV_2_INFECTION_EVENTS	74	66		
REACTOME_LDL_CLEARANCE	19		Rejected!	
REACTOME_LDL_REMODELING	6		Rejected!	
REACTOME_LECTIN_PATHWAY_OF_COMPLEMENT_ACTIVATION	8		Rejected!	
REACTOME_LEISHMANIA_INFECTION	218	141		
REACTOME_LEUKOTRIENE_RECEPTORS	5		Rejected!	
REACTOME_LGI_ADAM_INTERACTIONS	14		Rejected!	
REACTOME_LIGAND_RECEPTOR_INTERACTIONS	8		Rejected!	
REACTOME_LINOLEIC_ACID_LA_METABOLISM	8		Rejected!	
REACTOME_LIPID_PARTICLE_ORGANIZATION	6		Rejected!	
REACTOME_LIPOPHAGY	9		Rejected!	
REACTOME_LISTERIA_MONOCYTOGENES_ENTRY_INTO_HOST_CELLS	20	19		
REACTOME_LONG_TERM_POTENTIATION	23	19		
REACTOME_LOSS_OF_FUNCTION_OF_MECP2_IN_RETT_SYNDROME	13		Rejected!	
REACTOME_LOSS_OF_FUNCTION_OF_SMAD2_3_IN_CANCER	7		Rejected!	
REACTOME_LOSS_OF_MECP2_BINDING_ABILITY_TO_THE_NCOR_SMRT_COMPLEX	7		Rejected!	
REACTOME_LRR_FLII_INTERACTING_PROTEIN_1_LRRFIP1_ACTIVATES_TYPE_I_IFN_PRODUCTION	5		Rejected!	
REACTOME_LTC4_CYSLTR_MEDIATED_IL4_PRODUCTION	6		Rejected!	
REACTOME_LYSINE_CATABOLISM	12		Rejected!	
REACTOME_LYSOSOME_VESICLE_BIOGENESIS	35	28		
REACTOME_LYSOSPHINGOLIPID_AND_LPA_RECEPTORS	14		Rejected!	
REACTOME_MALATE_ASPARTATE_SHUTTLE	9		Rejected!	
REACTOME_MAP2K_AND_MAPK_ACTIVATION	40	34		
REACTOME_MAP3K8_TPL2_DEPENDENT_MAPK1_3_ACTIVATION	16	16		
REACTOME_MAPK1_ERK2_ACTIVATION	9		Rejected!	
REACTOME_MAPK1_MAPK3_SIGNALING	271	231		
REACTOME_MAPK3_ERK1_ACTIVATION	10		Rejected!	
REACTOME_MAPK6_MAPK4_SIGNALING	80	68		
REACTOME_MAPK_FAMILY_SIGNALING_CASCADES	314	263		
REACTOME_MAPK_TARGETS_NUCLEAR_EVENTS_MEDIATED_BY_MAP_KINASES	31	25		
REACTOME_MAPLE_SYRUP_URINE_DISEASE	5		Rejected!	
REACTOME_MASTL_FACILITATES_MITOTIC_PROGRESSION	10		Rejected!	
REACTOME_MATERNAL_TO_ZYGOTIC_TRANSITION_MZT	128	80		
REACTOME_MATURATION_OF_PROTEIN_3A	9		Rejected!	
REACTOME_MATURATION_OF_SARS_COV_1_NUCLEOPROTEIN	11		Rejected!	
REACTOME_MATURATION_OF_SARS_COV_1_SPIKE_PROTEIN	5		Rejected!	
REACTOME_MATURATION_OF_SARS_COV_2_NUCLEOPROTEIN	15		Rejected!	
REACTOME_MATURATION_OF_SARS_COV_2_SPIKE_PROTEIN	41	37		
REACTOME_MATURATION_OF_TCA_ENZYMES_AND_REGULATION_OF_TCA_CYCLE	20	15		
REACTOME_MECHANICAL_LOAD_ACTIVATES_SIGNALING_BY_PIEZO1_AND_INTEGRINS_IN_OSTEOCYTES	17	15		
REACTOME_MECP2_REGULATES_NEURONAL_RECEPTORS_AND_CHANNELS	18		Rejected!	
REACTOME_MECP2_REGULATES_TRANSCRIPTION_FACTORS	5		Rejected!	
REACTOME_MECP2_REGULATES_TRANSCRIPTION_OF_NEURONAL_LIGANDS	8		Rejected!	
REACTOME_MEIOSIS	120	80		
REACTOME_MEIOTIC_RECOMBINATION	88	55		
REACTOME_MEIOTIC_SYNAPSIS	78	50		
REACTOME_MELANIN_BIOSYNTHESIS	5		Rejected!	
REACTOME_MEMBRANE_TRAFFICKING	630		Rejected!	
REACTOME_METABOLIC_DISORDERS_OF_BIOLOGICAL_OXIDATION_ENZYMES	34	25		
REACTOME_METABOLISM_OF_AMINE_DERIVED_HORMONES	18		Rejected!	
REACTOME_METABOLISM_OF_AMINO_ACIDS_AND_DERIVATIVES	352	305		
REACTOME_METABOLISM_OF_ANGIOTENSINOGEN_TO_ANGIOTENSINS	17		Rejected!	
REACTOME_METABOLISM_OF_CARBOHYDRATES_AND_CARBOHYDRATE_DERIVATIVES	288	250		
REACTOME_METABOLISM_OF_COFACTORS	25	22		
REACTOME_METABOLISM_OF_FAT_SOLUBLE_VITAMINS	48	34		
REACTOME_METABOLISM_OF_FOLATE_AND_PTERINES	17		Rejected!	
REACTOME_METABOLISM_OF_INGESTED_SEMET_SEC_MESEC_INTO_H2SE	8		Rejected!	
REACTOME_METABOLISM_OF_LIPIDS	756		Rejected!	
REACTOME_METABOLISM_OF_NITRIC_OXIDE_NOS3_ACTIVATION_AND_REGULATION	17		Rejected!	
REACTOME_METABOLISM_OF_NUCLEOTIDES	97	87		
REACTOME_METABOLISM_OF_POLYAMINES	46	42		
REACTOME_METABOLISM_OF_PORPHYRINS	27	19		
REACTOME_METABOLISM_OF_RNA	727		Rejected!	
REACTOME_METABOLISM_OF_STEROIDS	154	128		
REACTOME_METABOLISM_OF_STEROID_HORMONES	36	27		
REACTOME_METABOLISM_OF_VITAMINS_AND_COFACTORS	196	159		
REACTOME_METABOLISM_OF_WATER_SOLUBLE_VITAMINS_AND_COFACTORS	125	105		
REACTOME_METALLOPROTEASE_DUBS	37	24		
REACTOME_METALLOTHIONEINS_BIND_METALS	11		Rejected!	
REACTOME_METAL_ION_SLC_TRANSPORTERS	24	20		
REACTOME_METAL_SEQUESTRATION_BY_ANTIMICROBIAL_PROTEINS	6		Rejected!	
REACTOME_METHIONINE_SALVAGE_PATHWAY	6		Rejected!	
REACTOME_METHYLATION	14		Rejected!	
REACTOME_MET_ACTIVATES_PI3K_AKT_SIGNALING	6		Rejected!	
REACTOME_MET_ACTIVATES_PTK2_SIGNALING	30	29		
REACTOME_MET_ACTIVATES_PTPN11	5		Rejected!	
REACTOME_MET_ACTIVATES_RAP1_AND_RAC1	11		Rejected!	
REACTOME_MET_ACTIVATES_RAS_SIGNALING	11		Rejected!	
REACTOME_MET_INTERACTS_WITH_TNS_PROTEINS	5		Rejected!	
REACTOME_MET_PROMOTES_CELL_MOTILITY	41	39		
REACTOME_MET_RECEPTOR_ACTIVATION	6		Rejected!	
REACTOME_MET_RECEPTOR_RECYCLING	10		Rejected!	
REACTOME_MHC_CLASS_II_ANTIGEN_PRESENTATION	126	105		
REACTOME_MICRORNA_MIRNA_BIOGENESIS	25	23		
REACTOME_MINERALOCORTICOID_BIOSYNTHESIS	6		Rejected!	
REACTOME_MIRO_GTPASE_CYCLE	8		Rejected!	
REACTOME_MISCELLANEOUS_SUBSTRATES	12		Rejected!	
REACTOME_MISCELLANEOUS_TRANSPORT_AND_BINDING_EVENTS	26	23		
REACTOME_MISMATCH_REPAIR	15		Rejected!	
REACTOME_MITF_M_DEPENDENT_GENE_EXPRESSION	110	94		
REACTOME_MITF_M_REGULATED_MELANOCYTE_DEVELOPMENT	161	139		
REACTOME_MITOCHONDRIAL_BIOGENESIS	96	90		
REACTOME_MITOCHONDRIAL_CALCIUM_ION_TRANSPORT	23	21		
REACTOME_MITOCHONDRIAL_FATTY_ACID_BETA_OXIDATION	37	35		
REACTOME_MITOCHONDRIAL_FATTY_ACID_BETA_OXIDATION_OF_SATURATED_FATTY_ACIDS	11		Rejected!	
REACTOME_MITOCHONDRIAL_FATTY_ACID_BETA_OXIDATION_OF_UNSATURATED_FATTY_ACIDS	6		Rejected!	
REACTOME_MITOCHONDRIAL_IRON_SULFUR_CLUSTER_BIOGENESIS	13		Rejected!	
REACTOME_MITOCHONDRIAL_PROTEIN_DEGRADATION	98	90		
REACTOME_MITOCHONDRIAL_PROTEIN_IMPORT	65	58		
REACTOME_MITOCHONDRIAL_RNA_DEGRADATION	12		Rejected!	
REACTOME_MITOCHONDRIAL_TRANSLATION	96	91		
REACTOME_MITOCHONDRIAL_TRNA_AMINOACYLATION	21	21		
REACTOME_MITOCHONDRIAL_UNCOUPLING	7		Rejected!	
REACTOME_MITOCHONDRIAL_UNFOLDED_PROTEIN_RESPONSE_UPRMT	18	15		
REACTOME_MITOPHAGY	39	37		
REACTOME_MITOTIC_G1_PHASE_AND_G1_S_TRANSITION	139	126		
REACTOME_MITOTIC_G2_G2_M_PHASES	193	174		
REACTOME_MITOTIC_METAPHASE_AND_ANAPHASE	223	199		
REACTOME_MITOTIC_PROMETAPHASE	204	187		
REACTOME_MITOTIC_PROPHASE	142	111		
REACTOME_MITOTIC_SPINDLE_CHECKPOINT	111	103		
REACTOME_MITOTIC_TELOPHASE_CYTOKINESIS	13		Rejected!	
REACTOME_MODULATION_BY_MTB_OF_HOST_IMMUNE_SYSTEM	7		Rejected!	
REACTOME_MODULATION_OF_HOST_RESPONSES_BY_IFN_STIMULATED_GENES	19	18		
REACTOME_MOLECULES_ASSOCIATED_WITH_ELASTIC_FIBRES	37	35		
REACTOME_MOLYBDENUM_COFACTOR_BIOSYNTHESIS	6		Rejected!	
REACTOME_MRNA_CAPPING	29	28		
REACTOME_MRNA_DECAY_BY_3_TO_5_EXORIBONUCLEASE	16	16		
REACTOME_MRNA_DECAY_BY_5_TO_3_EXORIBONUCLEASE	15		Rejected!	
REACTOME_MRNA_EDITING	10		Rejected!	
REACTOME_MRNA_EDITING_C_TO_U_CONVERSION	8		Rejected!	
REACTOME_MRNA_SPLICING	212	196		
REACTOME_MRNA_SPLICING_MINOR_PATHWAY	50	50		
REACTOME_MTORC1_MEDIATED_SIGNALLING	24	24		
REACTOME_MTOR_SIGNALLING	41	35		
REACTOME_MUCOPOLYSACCHARIDOSES	11		Rejected!	
REACTOME_MULTIFUNCTIONAL_ANION_EXCHANGERS	9		Rejected!	
REACTOME_MUSCARINIC_ACETYLCHOLINE_RECEPTORS	5		Rejected!	
REACTOME_MUSCLE_CONTRACTION	203	161		
REACTOME_MYD88_INDEPENDENT_TLR4_CASCADE	109	95		
REACTOME_MYOCLONIC_EPILEPSY_OF_LAFORA	9		Rejected!	
REACTOME_MYOGENESIS	29	23		
REACTOME_M_DECAY_DEGRADATION_OF_MATERNAL_MRNAS_BY_MATERNALLY_STORED_FACTORS	33	27		
REACTOME_M_PHASE	404	353		
REACTOME_NADE_MODULATES_DEATH_SIGNALLING	6		Rejected!	
REACTOME_NA_CL_DEPENDENT_NEUROTRANSMITTER_TRANSPORTERS	19		Rejected!	
REACTOME_NCAM1_INTERACTIONS	42	34		
REACTOME_NCAM_SIGNALING_FOR_NEURITE_OUT_GROWTH	63	53		
REACTOME_NECTIN_NECL_TRANS_HETERODIMERIZATION	7		Rejected!	
REACTOME_NEDDYLATION	232	206		
REACTOME_NEF_AND_SIGNAL_TRANSDUCTION	8		Rejected!	
REACTOME_NEF_MEDIATED_CD4_DOWN_REGULATION	9		Rejected!	
REACTOME_NEF_MEDIATED_CD8_DOWN_REGULATION	7		Rejected!	
REACTOME_NEF_MEDIATED_DOWNREGULATION_OF_MHC_CLASS_I_COMPLEX_CELL_SURFACE_EXPRESSION	10		Rejected!	
REACTOME_NEF_MEDIATES_DOWN_MODULATION_OF_CELL_SURFACE_RECEPTORS_BY_RECRUITING_THEM_TO_CLATHRIN_ADAPTERS	21	17		
REACTOME_NEGATIVE_EPIGENETIC_REGULATION_OF_RRNA_EXPRESSION	108	82		
REACTOME_NEGATIVE_FEEDBACK_REGULATION_OF_MAPK_PATHWAY	6		Rejected!	
REACTOME_NEGATIVE_REGULATION_OF_ACTIVITY_OF_TFAP2_AP_2_FAMILY_TRANSCRIPTION_FACTORS	10		Rejected!	
REACTOME_NEGATIVE_REGULATION_OF_FGFR1_SIGNALING	33	28		
REACTOME_NEGATIVE_REGULATION_OF_FGFR2_SIGNALING	34	29		
REACTOME_NEGATIVE_REGULATION_OF_FGFR3_SIGNALING	29	26		
REACTOME_NEGATIVE_REGULATION_OF_FGFR4_SIGNALING	31	26		
REACTOME_NEGATIVE_REGULATION_OF_FLT3	15	15		
REACTOME_NEGATIVE_REGULATION_OF_MAPK_PATHWAY	43	39		
REACTOME_NEGATIVE_REGULATION_OF_MET_ACTIVITY	21	20		
REACTOME_NEGATIVE_REGULATION_OF_NMDA_RECEPTOR_MEDIATED_NEURONAL_TRANSMISSION	21	19		
REACTOME_NEGATIVE_REGULATION_OF_NOTCH4_SIGNALING	44	42		
REACTOME_NEGATIVE_REGULATION_OF_TCF_DEPENDENT_SIGNALING_BY_DVL_INTERACTING_PROTEINS	5		Rejected!	
REACTOME_NEGATIVE_REGULATION_OF_TCF_DEPENDENT_SIGNALING_BY_WNT_LIGAND_ANTAGONISTS	15		Rejected!	
REACTOME_NEGATIVE_REGULATION_OF_THE_PI3K_AKT_NETWORK	121	99		
REACTOME_NEGATIVE_REGULATORS_OF_DDX58_IFIH1_SIGNALING	35	32		
REACTOME_NEPHRIN_FAMILY_INTERACTIONS	23	17		
REACTOME_NEPHRON_DEVELOPMENT	13		Rejected!	
REACTOME_NERVOUS_SYSTEM_DEVELOPMENT	562	498		
REACTOME_NETRIN_1_SIGNALING	44	37		
REACTOME_NETRIN_MEDIATED_REPULSION_SIGNALS	8		Rejected!	
REACTOME_NEUREXINS_AND_NEUROLIGINS	56	51		
REACTOME_NEUROFASCIN_INTERACTIONS	7		Rejected!	
REACTOME_NEURONAL_SYSTEM	411	340		
REACTOME_NEUROTOXICITY_OF_CLOSTRIDIUM_TOXINS	10		Rejected!	
REACTOME_NEUROTRANSMITTER_CLEARANCE	11		Rejected!	
REACTOME_NEUROTRANSMITTER_RECEPTORS_AND_POSTSYNAPTIC_SIGNAL_TRANSMISSION	205	168		
REACTOME_NEUROTRANSMITTER_RELEASE_CYCLE	51	44		
REACTOME_NEUTROPHIL_DEGRANULATION	478	377		
REACTOME_NFE2L2_REGULATES_PENTOSE_PHOSPHATE_PATHWAY_GENES	8		Rejected!	
REACTOME_NFE2L2_REGULATING_ANTI_OXIDANT_DETOXIFICATION_ENZYMES	19	16		
REACTOME_NFE2L2_REGULATING_ER_STRESS_ASSOCIATED_GENES	5		Rejected!	
REACTOME_NFE2L2_REGULATING_INFLAMMATION_ASSOCIATED_GENES	5		Rejected!	
REACTOME_NFE2L2_REGULATING_MDR_ASSOCIATED_ENZYMES	8		Rejected!	
REACTOME_NFE2L2_REGULATING_TUMORIGENIC_GENES	11		Rejected!	
REACTOME_NF_KB_ACTIVATION_THROUGH_FADD_RIP_1_PATHWAY_MEDIATED_BY_CASPASE_8_AND_10	13		Rejected!	
REACTOME_NF_KB_IS_ACTIVATED_AND_SIGNALS_SURVIVAL	13		Rejected!	
REACTOME_NGF_INDEPENDANT_TRKA_ACTIVATION	5		Rejected!	
REACTOME_NGF_STIMULATED_TRANSCRIPTION	39	32		
REACTOME_NICOTINAMIDE_SALVAGE	16		Rejected!	
REACTOME_NICOTINATE_METABOLISM	29	22		
REACTOME_NITRIC_OXIDE_STIMULATES_GUANYLATE_CYCLASE	22	20		
REACTOME_NOD1_2_SIGNALING_PATHWAY	36	32		
REACTOME_NONCANONICAL_ACTIVATION_OF_NOTCH3	8		Rejected!	
REACTOME_NONHOMOLOGOUS_END_JOINING_NHEJ	68	51		
REACTOME_NONSENSE_MEDIATED_DECAY_NMD	116	106		
REACTOME_NON_INTEGRIN_MEMBRANE_ECM_INTERACTIONS	80	70		
REACTOME_NOREPINEPHRINE_NEUROTRANSMITTER_RELEASE_CYCLE	18	15		
REACTOME_NOSTRIN_MEDIATED_ENOS_TRAFFICKING	5		Rejected!	
REACTOME_NOTCH1_INTRACELLULAR_DOMAIN_REGULATES_TRANSCRIPTION	48	42		
REACTOME_NOTCH2_ACTIVATION_AND_TRANSMISSION_OF_SIGNAL_TO_THE_NUCLEUS	25	24		
REACTOME_NOTCH2_INTRACELLULAR_DOMAIN_REGULATES_TRANSCRIPTION	12		Rejected!	
REACTOME_NOTCH3_ACTIVATION_AND_TRANSMISSION_OF_SIGNAL_TO_THE_NUCLEUS	25	25		
REACTOME_NOTCH3_INTRACELLULAR_DOMAIN_REGULATES_TRANSCRIPTION	25	22		
REACTOME_NOTCH4_ACTIVATION_AND_TRANSMISSION_OF_SIGNAL_TO_THE_NUCLEUS	11		Rejected!	
REACTOME_NOTCH4_INTRACELLULAR_DOMAIN_REGULATES_TRANSCRIPTION	20	16		
REACTOME_NOTCH_HLH_TRANSCRIPTION_PATHWAY	28	24		
REACTOME_NPAS4_REGULATES_EXPRESSION_OF_TARGET_GENES	22	17		
REACTOME_NR1H2_AND_NR1H3_MEDIATED_SIGNALING	47	35		
REACTOME_NR1H2_NR1H3_REGULATE_GENE_EXPRESSION_LINKED_TO_GLUCONEOGENESIS	5		Rejected!	
REACTOME_NR1H2_NR1H3_REGULATE_GENE_EXPRESSION_LINKED_TO_LIPOGENESIS	9		Rejected!	
REACTOME_NR1H2_NR1H3_REGULATE_GENE_EXPRESSION_LINKED_TO_TRIGLYCERIDE_LIPOLYSIS_IN_ADIPOSE	5		Rejected!	
REACTOME_NR1H2_NR1H3_REGULATE_GENE_EXPRESSION_TO_CONTROL_BILE_ACID_HOMEOSTASIS	9		Rejected!	
REACTOME_NR1H2_NR1H3_REGULATE_GENE_EXPRESSION_TO_LIMIT_CHOLESTEROL_UPTAKE	5		Rejected!	
REACTOME_NR1H3_NR1H2_REGULATE_GENE_EXPRESSION_LINKED_TO_CHOLESTEROL_TRANSPORT_AND_EFFLUX	37	28		
REACTOME_NRAGE_SIGNALS_DEATH_THROUGH_JNK	59	53		
REACTOME_NRCAM_INTERACTIONS	7		Rejected!	
REACTOME_NRIF_SIGNALS_CELL_DEATH_FROM_THE_NUCLEUS	16	15		
REACTOME_NS1_MEDIATED_EFFECTS_ON_HOST_PATHWAYS	41	40		
REACTOME_NTRK2_ACTIVATES_RAC1	5		Rejected!	
REACTOME_NUCLEAR_ENVELOPE_BREAKDOWN	53	49		
REACTOME_NUCLEAR_ENVELOPE_NE_REASSEMBLY	76	60		
REACTOME_NUCLEAR_EVENTS_KINASE_AND_TRANSCRIPTION_FACTOR_ACTIVATION	61	51		
REACTOME_NUCLEAR_EVENTS_MEDIATED_BY_NFE2L2	86	82		
REACTOME_NUCLEAR_EVENTS_STIMULATED_BY_ALK_SIGNALING_IN_CANCER	35	26		
REACTOME_NUCLEAR_IMPORT_OF_REV_PROTEIN	34	33		
REACTOME_NUCLEAR_PORE_COMPLEX_NPC_DISASSEMBLY	36	35		
REACTOME_NUCLEAR_RECEPTOR_TRANSCRIPTION_PATHWAY	53	47		
REACTOME_NUCLEAR_RNA_DECAY	35	34		
REACTOME_NUCLEAR_SIGNALING_BY_ERBB4	32	26		
REACTOME_NUCLEOTIDE_BINDING_DOMAIN_LEUCINE_RICH_REPEAT_CONTAINING_RECEPTOR_NLR_SIGNALING_PATHWAYS	56	49		
REACTOME_NUCLEOTIDE_BIOSYNTHESIS	14		Rejected!	
REACTOME_NUCLEOTIDE_CATABOLISM	35	29		
REACTOME_NUCLEOTIDE_EXCISION_REPAIR	108	103		
REACTOME_NUCLEOTIDE_LIKE_PURINERGIC_RECEPTORS	16		Rejected!	
REACTOME_NUCLEOTIDE_SALVAGE	23	20		
REACTOME_N_GLYCAN_ANTENNAE_ELONGATION	15		Rejected!	
REACTOME_N_GLYCAN_ANTENNAE_ELONGATION_IN_THE_MEDIAL_TRANS_GOLGI	26	23		
REACTOME_N_GLYCAN_TRIMMING_AND_ELONGATION_IN_THE_CIS_GOLGI	5		Rejected!	
REACTOME_N_GLYCAN_TRIMMING_IN_THE_ER_AND_CALNEXIN_CALRETICULIN_CYCLE	35	31		
REACTOME_OAS_ANTIVIRAL_RESPONSE	9		Rejected!	
REACTOME_OLFACTORY_SIGNALING_PATHWAY	417	18		
REACTOME_ONCOGENE_INDUCED_SENESCENCE	35	27		
REACTOME_ONCOGENIC_MAPK_SIGNALING	82	71		
REACTOME_OPIOID_SIGNALLING	90	79		
REACTOME_OPSINS	9		Rejected!	
REACTOME_ORC1_REMOVAL_FROM_CHROMATIN	58	54		
REACTOME_OREXIN_AND_NEUROPEPTIDES_FF_AND_QRFP_BIND_TO_THEIR_RESPECTIVE_RECEPTORS	8		Rejected!	
REACTOME_ORGANELLE_BIOGENESIS_AND_MAINTENANCE	297	276		
REACTOME_ORGANIC_ANION_TRANSPORT	5		Rejected!	
REACTOME_ORGANIC_ANION_TRANSPORTERS	12		Rejected!	
REACTOME_ORGANIC_CATION_ANION_ZWITTERION_TRANSPORT	15		Rejected!	
REACTOME_ORGANIC_CATION_TRANSPORT	10		Rejected!	
REACTOME_OTHER_INTERLEUKIN_SIGNALING	24	20		
REACTOME_OTHER_SEMAPHORIN_INTERACTIONS	19	16		
REACTOME_OVARIAN_TUMOR_DOMAIN_PROTEASES	39	33		
REACTOME_OXIDATIVE_STRESS_INDUCED_SENESCENCE	125	85		
REACTOME_O_GLYCOSYLATION_OF_TSR_DOMAIN_CONTAINING_PROTEINS	39	37		
REACTOME_O_LINKED_GLYCOSYLATION	116	96		
REACTOME_O_LINKED_GLYCOSYLATION_OF_MUCINS	62	44		
REACTOME_P130CAS_LINKAGE_TO_MAPK_SIGNALING_FOR_INTEGRINS	15		Rejected!	
REACTOME_P2Y_RECEPTORS	12		Rejected!	
REACTOME_P38MAPK_EVENTS	13		Rejected!	
REACTOME_P75NTR_NEGATIVELY_REGULATES_CELL_CYCLE_VIA_SC1	6		Rejected!	
REACTOME_P75NTR_RECRUITS_SIGNALLING_COMPLEXES	13		Rejected!	
REACTOME_P75NTR_REGULATES_AXONOGENESIS	10		Rejected!	
REACTOME_P75NTR_SIGNALS_VIA_NF_KB	16	15		
REACTOME_P75_NTR_RECEPTOR_MEDIATED_SIGNALLING	97	87		
REACTOME_PARACETAMOL_ADME	29	19		
REACTOME_PARASITE_INFECTION	116	55		
REACTOME_PASSIVE_TRANSPORT_BY_AQUAPORINS	13		Rejected!	
REACTOME_PCNA_DEPENDENT_LONG_PATCH_BASE_EXCISION_REPAIR	21	21		
REACTOME_PCP_CE_PATHWAY	79	75		
REACTOME_PDH_COMPLEX_SYNTHESIZES_ACETYL_COA_FROM_PYR	6		Rejected!	
REACTOME_PECAM1_INTERACTIONS	12		Rejected!	
REACTOME_PENTOSE_PHOSPHATE_PATHWAY	15		Rejected!	
REACTOME_PEPTIDE_HORMONE_BIOSYNTHESIS	14		Rejected!	
REACTOME_PEPTIDE_HORMONE_METABOLISM	88	61		
REACTOME_PEPTIDE_LIGAND_BINDING_RECEPTORS	197	122		
REACTOME_PERK_REGULATES_GENE_EXPRESSION	32	28		
REACTOME_PEROXISOMAL_LIPID_METABOLISM	28	26		
REACTOME_PEROXISOMAL_PROTEIN_IMPORT	63	57		
REACTOME_PEXOPHAGY	11		Rejected!	
REACTOME_PHASE_0_RAPID_DEPOLARISATION	32	29		
REACTOME_PHASE_1_INACTIVATION_OF_FAST_NA_CHANNELS	7		Rejected!	
REACTOME_PHASE_2_PLATEAU_PHASE	15		Rejected!	
REACTOME_PHASE_3_RAPID_REPOLARISATION	9		Rejected!	
REACTOME_PHASE_4_RESTING_MEMBRANE_POTENTIAL	19	16		
REACTOME_PHASE_II_CONJUGATION_OF_COMPOUNDS	111	71		
REACTOME_PHASE_I_FUNCTIONALIZATION_OF_COMPOUNDS	104	70		
REACTOME_PHENYLALANINE_AND_TYROSINE_METABOLISM	11		Rejected!	
REACTOME_PHENYLALANINE_METABOLISM	6		Rejected!	
REACTOME_PHOSPHATE_BOND_HYDROLYSIS_BY_NTPDASE_PROTEINS	8		Rejected!	
REACTOME_PHOSPHATE_BOND_HYDROLYSIS_BY_NUDT_PROTEINS	7		Rejected!	
REACTOME_PHOSPHOLIPASE_C_MEDIATED_CASCADE_FGFR1	16		Rejected!	
REACTOME_PHOSPHOLIPASE_C_MEDIATED_CASCADE_FGFR2	18		Rejected!	
REACTOME_PHOSPHOLIPASE_C_MEDIATED_CASCADE_FGFR4	15		Rejected!	
REACTOME_PHOSPHOLIPID_METABOLISM	212	185		
REACTOME_PHOSPHORYLATED_BMAL1_CLOCK_ARNTL_CLOCK_ACTIVATES_EXPRESSION_OF_CORE_CLOCK_GENES	22	20		
REACTOME_PHOSPHORYLATION_AND_NUCLEAR_TRANSLOCATION_OF_BMAL1_ARNTL_AND_CLOCK	5		Rejected!	
REACTOME_PHOSPHORYLATION_AND_NUCLEAR_TRANSLOCATION_OF_THE_CRY_PER_KINASE_COMPLEX	14		Rejected!	
REACTOME_PHOSPHORYLATION_OF_CLOCK_ACETYLATION_OF_BMAL1_ARNTL_AT_TARGET_GENE_PROMOTERS	11		Rejected!	
REACTOME_PHOSPHORYLATION_OF_EMI1	6		Rejected!	
REACTOME_PHOSPHORYLATION_OF_THE_APC_C	20	20		
REACTOME_PHYSIOLOGICAL_FACTORS	14		Rejected!	
REACTOME_PI3K_AKT_ACTIVATION	9		Rejected!	
REACTOME_PI3K_AKT_SIGNALING_IN_CANCER	113	89		
REACTOME_PI3K_EVENTS_IN_ERBB2_SIGNALING	16		Rejected!	
REACTOME_PI3K_EVENTS_IN_ERBB4_SIGNALING	10		Rejected!	
REACTOME_PI5P_REGULATES_TP53_ACETYLATION	9		Rejected!	
REACTOME_PINK1_PRKN_MEDIATED_MITOPHAGY	32	30		
REACTOME_PIWI_INTERACTING_RNA_PIRNA_BIOGENESIS	29	23		
REACTOME_PI_3K_CASCADE_FGFR1	21	17		
REACTOME_PI_3K_CASCADE_FGFR2	23	19		
REACTOME_PI_3K_CASCADE_FGFR3	18	16		
REACTOME_PI_3K_CASCADE_FGFR4	20	16		
REACTOME_PI_METABOLISM	84	73		
REACTOME_PKA_ACTIVATION_IN_GLUCAGON_SIGNALLING	17		Rejected!	
REACTOME_PKA_MEDIATED_PHOSPHORYLATION_OF_CREB	20	16		
REACTOME_PKA_MEDIATED_PHOSPHORYLATION_OF_KEY_METABOLIC_FACTORS	5		Rejected!	
REACTOME_PKMTS_METHYLATE_HISTONE_LYSINES	70	52		
REACTOME_PKR_MEDIATED_SIGNALING	76	60		
REACTOME_PLASMA_LIPOPROTEIN_ASSEMBLY	19		Rejected!	
REACTOME_PLASMA_LIPOPROTEIN_ASSEMBLY_REMODELING_AND_CLEARANCE	75	53		
REACTOME_PLASMA_LIPOPROTEIN_CLEARANCE	37	30		
REACTOME_PLASMA_LIPOPROTEIN_REMODELING	34	20		
REACTOME_PLATELET_ACTIVATION_SIGNALING_AND_AGGREGATION	261	225		
REACTOME_PLATELET_ADHESION_TO_EXPOSED_COLLAGEN	16		Rejected!	
REACTOME_PLATELET_AGGREGATION_PLUG_FORMATION	39	30		
REACTOME_PLATELET_CALCIUM_HOMEOSTASIS	28	25		
REACTOME_PLATELET_HOMEOSTASIS	86	75		
REACTOME_PLATELET_SENSITIZATION_BY_LDL	17		Rejected!	
REACTOME_POLB_DEPENDENT_LONG_PATCH_BASE_EXCISION_REPAIR	8		Rejected!	
REACTOME_POLO_LIKE_KINASE_MEDIATED_EVENTS	16	15		
REACTOME_POLYMERASE_SWITCHING	14		Rejected!	
REACTOME_POLYMERASE_SWITCHING_ON_THE_C_STRAND_OF_THE_TELOMERE	26	25		
REACTOME_POSITIVE_EPIGENETIC_REGULATION_OF_RRNA_EXPRESSION	105	79		
REACTOME_POSTMITOTIC_NUCLEAR_PORE_COMPLEX_NPC_REFORMATION	27	25		
REACTOME_POST_CHAPERONIN_TUBULIN_FOLDING_PATHWAY	23	17		
REACTOME_POST_TRANSCRIPTIONAL_SILENCING_BY_SMALL_RNAS	7		Rejected!	
REACTOME_POST_TRANSLATIONAL_MODIFICATION_SYNTHESIS_OF_GPI_ANCHORED_PROTEINS	93	69		
REACTOME_POST_TRANSLATIONAL_PROTEIN_MODIFICATION	1491		Rejected!	
REACTOME_POTASSIUM_CHANNELS	103	87		
REACTOME_POTENTIAL_THERAPEUTICS_FOR_SARS	154	86		
REACTOME_POU5F1_OCT4_SOX2_NANOG_ACTIVATE_GENES_RELATED_TO_PROLIFERATION	13		Rejected!	
REACTOME_POU5F1_OCT4_SOX2_NANOG_REPRESS_GENES_RELATED_TO_DIFFERENTIATION	10		Rejected!	
REACTOME_PP2A_MEDIATED_DEPHOSPHORYLATION_OF_KEY_METABOLIC_FACTORS	7		Rejected!	
REACTOME_PRC2_METHYLATES_HISTONES_AND_DNA	72	46		
REACTOME_PREDNISONE_ADME	10		Rejected!	
REACTOME_PREGNENOLONE_BIOSYNTHESIS	12		Rejected!	
REACTOME_PRESYNAPTIC_DEPOLARIZATION_AND_CALCIUM_CHANNEL_OPENING	11		Rejected!	
REACTOME_PRESYNAPTIC_FUNCTION_OF_KAINATE_RECEPTORS	21	18		
REACTOME_PRESYNAPTIC_NICOTINIC_ACETYLCHOLINE_RECEPTORS	12		Rejected!	
REACTOME_PREVENTION_OF_PHAGOSOMAL_LYSOSOMAL_FUSION	9		Rejected!	
REACTOME_PRE_NOTCH_EXPRESSION_AND_PROCESSING	124	79		
REACTOME_PRE_NOTCH_PROCESSING_IN_GOLGI	18	16		
REACTOME_PRE_NOTCH_PROCESSING_IN_THE_ENDOPLASMIC_RETICULUM	6		Rejected!	
REACTOME_PROCESSING_AND_ACTIVATION_OF_SUMO	10		Rejected!	
REACTOME_PROCESSING_OF_CAPPED_INTRONLESS_PRE_MRNA	29	28		
REACTOME_PROCESSING_OF_CAPPED_INTRON_CONTAINING_PRE_MRNA	283	261		
REACTOME_PROCESSING_OF_DNA_DOUBLE_STRAND_BREAK_ENDS	97	75		
REACTOME_PROCESSING_OF_INTRONLESS_PRE_MRNAS	20	19		
REACTOME_PROCESSING_OF_SMDT1	16		Rejected!	
REACTOME_PROCESSIVE_SYNTHESIS_ON_THE_C_STRAND_OF_THE_TELOMERE	19	18		
REACTOME_PROCESSIVE_SYNTHESIS_ON_THE_LAGGING_STRAND	15		Rejected!	
REACTOME_PROGRAMMED_CELL_DEATH	198	172		
REACTOME_PROLACTIN_RECEPTOR_SIGNALING	15		Rejected!	
REACTOME_PROLONGED_ERK_ACTIVATION_EVENTS	14		Rejected!	
REACTOME_PROPIONYL_COA_CATABOLISM	5		Rejected!	
REACTOME_PROSTACYCLIN_SIGNALLING_THROUGH_PROSTACYCLIN_RECEPTOR	19	16		
REACTOME_PROSTANOID_LIGAND_RECEPTORS	9		Rejected!	
REACTOME_PROTEASOME_ASSEMBLY	52	48		
REACTOME_PROTEIN_FOLDING	98	87		
REACTOME_PROTEIN_HYDROXYLATION	20	16		
REACTOME_PROTEIN_LIPOYLATION	10		Rejected!	
REACTOME_PROTEIN_LOCALIZATION	164	150		
REACTOME_PROTEIN_METHYLATION	17	15		
REACTOME_PROTEIN_PROTEIN_INTERACTIONS_AT_SYNAPSES	87	77		
REACTOME_PROTEIN_REPAIR	6		Rejected!	
REACTOME_PROTEIN_UBIQUITINATION	79	67		
REACTOME_PROTON_COUPLED_MONOCARBOXYLATE_TRANSPORT	6		Rejected!	
REACTOME_PTEN_REGULATION	126	111		
REACTOME_PTK6_EXPRESSION	5		Rejected!	
REACTOME_PTK6_PROMOTES_HIF1A_STABILIZATION	6		Rejected!	
REACTOME_PTK6_REGULATES_CELL_CYCLE	6		Rejected!	
REACTOME_PTK6_REGULATES_PROTEINS_INVOLVED_IN_RNA_PROCESSING	5		Rejected!	
REACTOME_PTK6_REGULATES_RHO_GTPASES_RAS_GTPASE_AND_MAP_KINASES	14		Rejected!	
REACTOME_PTK6_REGULATES_RTKS_AND_THEIR_EFFECTORS_AKT1_AND_DOK1	9		Rejected!	
REACTOME_PURINERGIC_SIGNALING_IN_LEISHMANIASIS_INFECTION	26	24		
REACTOME_PURINE_CATABOLISM	17		Rejected!	
REACTOME_PURINE_RIBONUCLEOSIDE_MONOPHOSPHATE_BIOSYNTHESIS	11		Rejected!	
REACTOME_PURINE_SALVAGE	13		Rejected!	
REACTOME_PYRIMIDINE_CATABOLISM	12		Rejected!	
REACTOME_PYRIMIDINE_SALVAGE	11		Rejected!	
REACTOME_PYROPTOSIS	27	24		
REACTOME_PYRUVATE_METABOLISM	49	41		
REACTOME_RAB_GEFS_EXCHANGE_GTP_FOR_GDP_ON_RABS	90	84		
REACTOME_RAB_GERANYLGERANYLATION	65	61		
REACTOME_RAB_REGULATION_OF_TRAFFICKING	122	110		
REACTOME_RAC1_GTPASE_CYCLE	184	171		
REACTOME_RAC2_GTPASE_CYCLE	88	82		
REACTOME_RAC3_GTPASE_CYCLE	94	87		
REACTOME_RAF_ACTIVATION	34	31		
REACTOME_RAF_INDEPENDENT_MAPK1_3_ACTIVATION	23	21		
REACTOME_RAP1_SIGNALLING	16		Rejected!	
REACTOME_RAS_ACTIVATION_UPON_CA2_INFLUX_THROUGH_NMDA_RECEPTOR	20	19		
REACTOME_RAS_PROCESSING	24	22		
REACTOME_RAS_SIGNALING_DOWNSTREAM_OF_NF1_LOSS_OF_FUNCTION_VARIANTS	7		Rejected!	
REACTOME_RA_BIOSYNTHESIS_PATHWAY	22	17		
REACTOME_REACTIONS_SPECIFIC_TO_THE_COMPLEX_N_GLYCAN_SYNTHESIS_PATHWAY	10		Rejected!	
REACTOME_RECEPTOR_MEDIATED_MITOPHAGY	11		Rejected!	
REACTOME_RECEPTOR_TYPE_TYROSINE_PROTEIN_PHOSPHATASES	20	15		
REACTOME_RECOGNITION_AND_ASSOCIATION_OF_DNA_GLYCOSYLASE_WITH_SITE_CONTAINING_AN_AFFECTED_PURINE	55	34		
REACTOME_RECOGNITION_OF_DNA_DAMAGE_BY_PCNA_CONTAINING_REPLICATION_COMPLEX	30	30		
REACTOME_RECRUITMENT_OF_MITOTIC_CENTROSOME_PROTEINS_AND_COMPLEXES	81	78		
REACTOME_RECRUITMENT_OF_NUMA_TO_MITOTIC_CENTROSOMES	95	85		
REACTOME_RECYCLING_OF_BILE_ACIDS_AND_SALTS	18		Rejected!	
REACTOME_RECYCLING_OF_EIF2_GDP	8		Rejected!	
REACTOME_RECYCLING_PATHWAY_OF_L1	49	38		
REACTOME_REDUCTION_OF_CYTOSOLIC_CA_LEVELS	12		Rejected!	
REACTOME_REELIN_SIGNALLING_PATHWAY	5		Rejected!	
REACTOME_REGULATED_NECROSIS	59	51		
REACTOME_REGULATED_PROTEOLYSIS_OF_P75NTR	11		Rejected!	
REACTOME_REGULATION_BY_C_FLIP	11		Rejected!	
REACTOME_REGULATION_OF_APOPTOSIS	40	39		
REACTOME_REGULATION_OF_BACH1_ACTIVITY	11		Rejected!	
REACTOME_REGULATION_OF_BETA_CELL_DEVELOPMENT	42	29		
REACTOME_REGULATION_OF_CDH11_FUNCTION	11		Rejected!	
REACTOME_REGULATION_OF_CDH11_GENE_TRANSCRIPTION	10		Rejected!	
REACTOME_REGULATION_OF_CDH11_MRNA_TRANSLATION_BY_MICRORNAS	10		Rejected!	
REACTOME_REGULATION_OF_CDH19_EXPRESSION_AND_FUNCTION	7		Rejected!	
REACTOME_REGULATION_OF_CHOLESTEROL_BIOSYNTHESIS_BY_SREBP_SREBF	55	51		
REACTOME_REGULATION_OF_COMMISSURAL_AXON_PATHFINDING_BY_SLIT_AND_ROBO	10		Rejected!	
REACTOME_REGULATION_OF_CYTOSKELETAL_REMODELING_AND_CELL_SPREADING_BY_IPP_COMPLEX_COMPONENTS	8		Rejected!	
REACTOME_REGULATION_OF_ENDOGENOUS_RETROELEMENTS	142	109		
REACTOME_REGULATION_OF_ENDOGENOUS_RETROELEMENTS_BY_KRAB_ZFP_PROTEINS	107	78		
REACTOME_REGULATION_OF_ENDOGENOUS_RETROELEMENTS_BY_PIWI_INTERACTING_RNAS_PIRNAS	97	69		
REACTOME_REGULATION_OF_ENDOGENOUS_RETROELEMENTS_BY_THE_HUMAN_SILENCING_HUB_HUSH_COMPLEX	70	45		
REACTOME_REGULATION_OF_EXPRESSION_OF_SLITS_AND_ROBOS	159	149		
REACTOME_REGULATION_OF_FOXO_TRANSCRIPTIONAL_ACTIVITY_BY_ACETYLATION	10		Rejected!	
REACTOME_REGULATION_OF_FZD_BY_UBIQUITINATION	21	18		
REACTOME_REGULATION_OF_GENE_EXPRESSION_BY_HYPOXIA_INDUCIBLE_FACTOR	11		Rejected!	
REACTOME_REGULATION_OF_GENE_EXPRESSION_IN_BETA_CELLS	21	15		
REACTOME_REGULATION_OF_GENE_EXPRESSION_IN_EARLY_PANCREATIC_PRECURSOR_CELLS	8		Rejected!	
REACTOME_REGULATION_OF_GENE_EXPRESSION_IN_ENDOCRINE_COMMITTED_NEUROG3_PROGENITOR_CELLS	5		Rejected!	
REACTOME_REGULATION_OF_GENE_EXPRESSION_IN_LATE_STAGE_BRANCHING_MORPHOGENESIS_PANCREATIC_BUD_PRECURSOR_CELLS	16		Rejected!	
REACTOME_REGULATION_OF_GLUCOKINASE_BY_GLUCOKINASE_REGULATORY_PROTEIN	32	31		
REACTOME_REGULATION_OF_GLYCOLYSIS_BY_FRUCTOSE_2_6_BISPHOSPHATE_METABOLISM	12		Rejected!	
REACTOME_REGULATION_OF_HMOX1_EXPRESSION_AND_ACTIVITY	5		Rejected!	
REACTOME_REGULATION_OF_HOMOTYPIC_CELL_CELL_ADHESION	32	29		
REACTOME_REGULATION_OF_HSF1_MEDIATED_HEAT_SHOCK_RESPONSE	82	75		
REACTOME_REGULATION_OF_IFNA_IFNB_SIGNALING	26		Rejected!	
REACTOME_REGULATION_OF_IFNG_SIGNALING	14		Rejected!	
REACTOME_REGULATION_OF_INNATE_IMMUNE_RESPONSES_TO_CYTOSOLIC_DNA	15		Rejected!	
REACTOME_REGULATION_OF_INSULIN_LIKE_GROWTH_FACTOR_IGF_TRANSPORT_AND_UPTAKE_BY_INSULIN_LIKE_GROWTH_FACTOR_BINDING_PROTEINS_IGFBPS	124	99		
REACTOME_REGULATION_OF_INSULIN_SECRETION	78	65		
REACTOME_REGULATION_OF_KIT_SIGNALING	16	16		
REACTOME_REGULATION_OF_LIPID_METABOLISM_BY_PPARALPHA	118	102		
REACTOME_REGULATION_OF_LOCALIZATION_OF_FOXO_TRANSCRIPTION_FACTORS	12		Rejected!	
REACTOME_REGULATION_OF_MECP2_EXPRESSION_AND_ACTIVITY	32	27		
REACTOME_REGULATION_OF_MITF_M_DEPENDENT_GENES_INVOLVED_IN_APOPTOSIS	19	15		
REACTOME_REGULATION_OF_MITF_M_DEPENDENT_GENES_INVOLVED_IN_CELL_CYCLE_AND_PROLIFERATION	18	15		
REACTOME_REGULATION_OF_MITF_M_DEPENDENT_GENES_INVOLVED_IN_DNA_REPLICATION_DAMAGE_REPAIR_AND_SENESCENCE	6		Rejected!	
REACTOME_REGULATION_OF_MITF_M_DEPENDENT_GENES_INVOLVED_IN_EXTRACELLULAR_MATRIX_FOCAL_ADHESION_AND_EPITHELIAL_TO_MESENCHYMAL_TRANSITION	12		Rejected!	
REACTOME_REGULATION_OF_MITF_M_DEPENDENT_GENES_INVOLVED_IN_LYSOSOME_BIOGENESIS_AND_AUTOPHAGY	17	16		
REACTOME_REGULATION_OF_MITF_M_DEPENDENT_GENES_INVOLVED_IN_PIGMENTATION	42	36		
REACTOME_REGULATION_OF_MRNA_STABILITY_BY_PROTEINS_THAT_BIND_AU_RICH_ELEMENTS	74	67		
REACTOME_REGULATION_OF_NFE2L2_GENE_EXPRESSION	8		Rejected!	
REACTOME_REGULATION_OF_NF_KAPPA_B_SIGNALING	18	15		
REACTOME_REGULATION_OF_NPAS4_GENE_EXPRESSION	13		Rejected!	
REACTOME_REGULATION_OF_NPAS4_GENE_TRANSCRIPTION	5		Rejected!	
REACTOME_REGULATION_OF_NPAS4_MRNA_TRANSLATION	9		Rejected!	
REACTOME_REGULATION_OF_ORNITHINE_DECARBOXYLASE_ODC	38	36		
REACTOME_REGULATION_OF_PLK1_ACTIVITY_AT_G2_M_TRANSITION	87	83		
REACTOME_REGULATION_OF_PTEN_GENE_TRANSCRIPTION	61	51		
REACTOME_REGULATION_OF_PTEN_LOCALIZATION	9		Rejected!	
REACTOME_REGULATION_OF_PTEN_MRNA_TRANSLATION	9		Rejected!	
REACTOME_REGULATION_OF_PTEN_STABILITY_AND_ACTIVITY	56	51		
REACTOME_REGULATION_OF_PYRUVATE_DEHYDROGENASE_PDH_COMPLEX	15		Rejected!	
REACTOME_REGULATION_OF_PYRUVATE_METABOLISM	33	30		
REACTOME_REGULATION_OF_RAS_BY_GAPS	55	54		
REACTOME_REGULATION_OF_RUNX1_EXPRESSION_AND_ACTIVITY	17	15		
REACTOME_REGULATION_OF_RUNX2_EXPRESSION_AND_ACTIVITY	59	57		
REACTOME_REGULATION_OF_RUNX3_EXPRESSION_AND_ACTIVITY	45	43		
REACTOME_REGULATION_OF_SIGNALING_BY_CBL	22	18		
REACTOME_REGULATION_OF_SIGNALING_BY_NODAL	12		Rejected!	
REACTOME_REGULATION_OF_TBK1_IKK_IKBKE_MEDIATED_ACTIVATION_OF_IRF3_IRF7	14		Rejected!	
REACTOME_REGULATION_OF_TBK1_IKK_MEDIATED_ACTIVATION_OF_IRF3_IRF7_UPON_TLR3_LIGATION	11		Rejected!	
REACTOME_REGULATION_OF_TLR_BY_ENDOGENOUS_LIGAND	22		Rejected!	
REACTOME_REGULATION_OF_TP53_ACTIVITY	160	131		
REACTOME_REGULATION_OF_TP53_ACTIVITY_THROUGH_ACETYLATION	30	23		
REACTOME_REGULATION_OF_TP53_ACTIVITY_THROUGH_ASSOCIATION_WITH_CO_FACTORS	14		Rejected!	
REACTOME_REGULATION_OF_TP53_ACTIVITY_THROUGH_METHYLATION	19		Rejected!	
REACTOME_REGULATION_OF_TP53_ACTIVITY_THROUGH_PHOSPHORYLATION	92	76		
REACTOME_REGULATION_OF_TP53_EXPRESSION_AND_DEGRADATION	37	27		
REACTOME_REGULATION_OF_T_CELL_ACTIVATION_BY_CD28_FAMILY	79	53		
REACTOME_RELAXIN_RECEPTORS	8		Rejected!	
REACTOME_RELEASE_OF_APOPTOTIC_FACTORS_FROM_THE_MITOCHONDRIA	7		Rejected!	
REACTOME_RELEASE_OF_HH_NP_FROM_THE_SECRETING_CELL	8		Rejected!	
REACTOME_REMOVAL_OF_AMINOTERMINAL_PROPEPTIDES_FROM_GAMMA_CARBOXYLATED_PROTEINS	10		Rejected!	
REACTOME_REPLACEMENT_OF_PROTAMINES_BY_NUCLEOSOMES_IN_THE_MALE_PRONUCLEUS	42	26		
REACTOME_REPRESSION_OF_WNT_TARGET_GENES	14		Rejected!	
REACTOME_REPRODUCTION	158	105		
REACTOME_RESOLUTION_OF_ABASIC_SITES_AP_SITES	38	37		
REACTOME_RESOLUTION_OF_AP_SITES_VIA_THE_MULTIPLE_NUCLEOTIDE_PATCH_REPLACEMENT_PATHWAY	25	25		
REACTOME_RESOLUTION_OF_D_LOOP_STRUCTURES	37	28		
REACTOME_RESOLUTION_OF_D_LOOP_STRUCTURES_THROUGH_SYNTHESIS_DEPENDENT_STRAND_ANNEALING_SDSA	27	21		
REACTOME_RESOLUTION_OF_SISTER_CHROMATID_COHESION	127	111		
REACTOME_RESPIRATORY_ELECTRON_TRANSPORT	159	147		
REACTOME_RESPIRATORY_SYNCYTIAL_VIRUS_INFECTION_PATHWAY	121	97		
REACTOME_RESPIRATORY_SYNCYTIAL_VIRUS_RSV_ATTACHMENT_AND_ENTRY	23	20		
REACTOME_RESPIRATORY_SYNCYTIAL_VIRUS_RSV_GENOME_REPLICATION_TRANSCRIPTION_AND_TRANSLATION	17	16		
REACTOME_RESPONSE_OF_EIF2AK1_HRI_TO_HEME_DEFICIENCY	15		Rejected!	
REACTOME_RESPONSE_OF_EIF2AK4_GCN2_TO_AMINO_ACID_DEFICIENCY	102	91		
REACTOME_RESPONSE_OF_MTB_TO_PHAGOCYTOSIS	23	23		
REACTOME_RESPONSE_TO_ELEVATED_PLATELET_CYTOSOLIC_CA2	132	114		
REACTOME_RESPONSE_TO_METAL_IONS	14		Rejected!	
REACTOME_RETINOID_CYCLE_DISEASE_EVENTS	13		Rejected!	
REACTOME_RETROGRADE_NEUROTROPHIN_SIGNALLING	14		Rejected!	
REACTOME_RETROGRADE_TRANSPORT_AT_THE_TRANS_GOLGI_NETWORK	49	46		
REACTOME_RET_SIGNALING	40	33		
REACTOME_REVERSIBLE_HYDRATION_OF_CARBON_DIOXIDE	12		Rejected!	
REACTOME_RHOA_GTPASE_CYCLE	149	135		
REACTOME_RHOBTB1_GTPASE_CYCLE	23	21		
REACTOME_RHOBTB2_GTPASE_CYCLE	23	20		
REACTOME_RHOBTB3_ATPASE_CYCLE	10		Rejected!	
REACTOME_RHOBTB_GTPASE_CYCLE	35	31		
REACTOME_RHOB_GTPASE_CYCLE	70	64		
REACTOME_RHOC_GTPASE_CYCLE	74	68		
REACTOME_RHOD_GTPASE_CYCLE	53	49		
REACTOME_RHOF_GTPASE_CYCLE	42	37		
REACTOME_RHOG_GTPASE_CYCLE	74	69		
REACTOME_RHOH_GTPASE_CYCLE	37	32		
REACTOME_RHOJ_GTPASE_CYCLE	55	51		
REACTOME_RHOQ_GTPASE_CYCLE	59	57		
REACTOME_RHOT1_GTPASE_CYCLE	5		Rejected!	
REACTOME_RHOU_GTPASE_CYCLE	40	37		
REACTOME_RHOV_GTPASE_CYCLE	37	32		
REACTOME_RHO_GTPASES_ACTIVATE_CIT	19	16		
REACTOME_RHO_GTPASES_ACTIVATE_FORMINS	140	123		
REACTOME_RHO_GTPASES_ACTIVATE_IQGAPS	32	22		
REACTOME_RHO_GTPASES_ACTIVATE_KTN1	11		Rejected!	
REACTOME_RHO_GTPASES_ACTIVATE_NADPH_OXIDASES	24	18		
REACTOME_RHO_GTPASES_ACTIVATE_PAKS	21	19		
REACTOME_RHO_GTPASES_ACTIVATE_PKNS	93	64		
REACTOME_RHO_GTPASES_ACTIVATE_RHOTEKIN_AND_RHOPHILINS	9		Rejected!	
REACTOME_RHO_GTPASES_ACTIVATE_ROCKS	19	17		
REACTOME_RHO_GTPASES_ACTIVATE_WASPS_AND_WAVES	36	36		
REACTOME_RHO_GTPASE_CYCLE	450	411		
REACTOME_RHO_GTPASE_EFFECTORS	323	264		
REACTOME_RIBAVIRIN_ADME	11		Rejected!	
REACTOME_RIPK1_MEDIATED_REGULATED_NECROSIS	32	27		
REACTOME_RIP_MEDIATED_NFKB_ACTIVATION_VIA_ZBP1	17	16		
REACTOME_RMTS_METHYLATE_HISTONE_ARGININES	78	52		
REACTOME_RNA_POLYMERASE_III_CHAIN_ELONGATION	18	17		
REACTOME_RNA_POLYMERASE_III_TRANSCRIPTION	41	39		
REACTOME_RNA_POLYMERASE_III_TRANSCRIPTION_INITIATION_FROM_TYPE_1_PROMOTER	28	27		
REACTOME_RNA_POLYMERASE_III_TRANSCRIPTION_INITIATION_FROM_TYPE_3_PROMOTER	28	26		
REACTOME_RNA_POLYMERASE_III_TRANSCRIPTION_TERMINATION	23	22		
REACTOME_RNA_POLYMERASE_II_PRE_TRANSCRIPTION_EVENTS	81	74		
REACTOME_RNA_POLYMERASE_II_TRANSCRIBES_SNRNA_GENES	81	71		
REACTOME_RNA_POLYMERASE_II_TRANSCRIPTION	1374		Rejected!	
REACTOME_RNA_POLYMERASE_II_TRANSCRIPTION_TERMINATION	67	61		
REACTOME_RNA_POLYMERASE_I_PROMOTER_ESCAPE	90	65		
REACTOME_RNA_POLYMERASE_I_TRANSCRIPTION	110	84		
REACTOME_RNA_POLYMERASE_I_TRANSCRIPTION_INITIATION	47	45		
REACTOME_RNA_POLYMERASE_I_TRANSCRIPTION_TERMINATION	31	30		
REACTOME_RND1_GTPASE_CYCLE	42	38		
REACTOME_RND2_GTPASE_CYCLE	43	37		
REACTOME_RND3_GTPASE_CYCLE	42	34		
REACTOME_ROBO_RECEPTORS_BIND_AKAP5	9		Rejected!	
REACTOME_ROLE_OF_ABL_IN_ROBO_SLIT_SIGNALING	8		Rejected!	
REACTOME_ROLE_OF_LAT2_NTAL_LAB_ON_CALCIUM_MOBILIZATION	71		Rejected!	
REACTOME_ROLE_OF_PHOSPHOLIPIDS_IN_PHAGOCYTOSIS	82	19		
REACTOME_ROLE_OF_SECOND_MESSENGERS_IN_NETRIN_1_SIGNALING	10		Rejected!	
REACTOME_RORA_B_C_AND_NR1D1_REV_ERBA_REGULATE_GENE_EXPRESSION	26	23		
REACTOME_ROS_AND_RNS_PRODUCTION_IN_PHAGOCYTES	36	30		
REACTOME_RRNA_MODIFICATION_IN_THE_MITOCHONDRION	8		Rejected!	
REACTOME_RRNA_MODIFICATION_IN_THE_NUCLEUS_AND_CYTOSOL	60	55		
REACTOME_RRNA_PROCESSING	205	187		
REACTOME_RRNA_PROCESSING_IN_THE_MITOCHONDRION	12		Rejected!	
REACTOME_RSK_ACTIVATION	7		Rejected!	
REACTOME_RSV_HOST_INTERACTIONS	98	75		
REACTOME_RUNX1_AND_FOXP3_CONTROL_THE_DEVELOPMENT_OF_REGULATORY_T_LYMPHOCYTES_TREGS	10		Rejected!	
REACTOME_RUNX1_INTERACTS_WITH_CO_FACTORS_WHOSE_PRECISE_EFFECT_ON_RUNX1_TARGETS_IS_NOT_KNOWN	37	31		
REACTOME_RUNX1_REGULATES_ESTROGEN_RECEPTOR_MEDIATED_TRANSCRIPTION	6		Rejected!	
REACTOME_RUNX1_REGULATES_EXPRESSION_OF_COMPONENTS_OF_TIGHT_JUNCTIONS	5		Rejected!	
REACTOME_RUNX1_REGULATES_GENES_INVOLVED_IN_MEGAKARYOCYTE_DIFFERENTIATION_AND_PLATELET_FUNCTION	96	63		
REACTOME_RUNX1_REGULATES_TRANSCRIPTION_OF_GENES_INVOLVED_IN_BCR_SIGNALING	6		Rejected!	
REACTOME_RUNX1_REGULATES_TRANSCRIPTION_OF_GENES_INVOLVED_IN_DIFFERENTIATION_OF_HSCS	116	83		
REACTOME_RUNX1_REGULATES_TRANSCRIPTION_OF_GENES_INVOLVED_IN_DIFFERENTIATION_OF_KERATINOCYTES	8		Rejected!	
REACTOME_RUNX1_REGULATES_TRANSCRIPTION_OF_GENES_INVOLVED_IN_DIFFERENTIATION_OF_MYELOID_CELLS	7		Rejected!	
REACTOME_RUNX1_REGULATES_TRANSCRIPTION_OF_GENES_INVOLVED_IN_INTERLEUKIN_SIGNALING	5		Rejected!	
REACTOME_RUNX1_REGULATES_TRANSCRIPTION_OF_GENES_INVOLVED_IN_WNT_SIGNALING	6		Rejected!	
REACTOME_RUNX2_REGULATES_BONE_DEVELOPMENT	31	28		
REACTOME_RUNX2_REGULATES_CHONDROCYTE_MATURATION	5		Rejected!	
REACTOME_RUNX2_REGULATES_GENES_INVOLVED_IN_CELL_MIGRATION	8		Rejected!	
REACTOME_RUNX2_REGULATES_OSTEOBLAST_DIFFERENTIATION	24	22		
REACTOME_RUNX3_REGULATES_BCL2L11_BIM_TRANSCRIPTION	5		Rejected!	
REACTOME_RUNX3_REGULATES_CDKN1A_TRANSCRIPTION	7		Rejected!	
REACTOME_RUNX3_REGULATES_IMMUNE_RESPONSE_AND_CELL_MIGRATION	6		Rejected!	
REACTOME_RUNX3_REGULATES_NOTCH_SIGNALING	14		Rejected!	
REACTOME_RUNX3_REGULATES_P14_ARF	10		Rejected!	
REACTOME_RUNX3_REGULATES_WNT_SIGNALING	8		Rejected!	
REACTOME_RUNX3_REGULATES_YAP1_MEDIATED_TRANSCRIPTION	8		Rejected!	
REACTOME_SARS_COV_1_ACTIVATES_MODULATES_INNATE_IMMUNE_RESPONSES	41	37		
REACTOME_SARS_COV_1_HOST_INTERACTIONS	98	87		
REACTOME_SARS_COV_1_INFECTION	143	126		
REACTOME_SARS_COV_1_MODULATES_HOST_TRANSLATION_MACHINERY	37	35		
REACTOME_SARS_COV_1_TARGETS_HOST_INTRACELLULAR_SIGNALLING_AND_REGULATORY_PATHWAYS	16		Rejected!	
REACTOME_SARS_COV_2_ACTIVATES_MODULATES_INNATE_AND_ADAPTIVE_IMMUNE_RESPONSES	126	100		
REACTOME_SARS_COV_2_HOST_INTERACTIONS	204	172		
REACTOME_SARS_COV_2_INFECTION	303	257		
REACTOME_SARS_COV_2_MODULATES_AUTOPHAGY	11		Rejected!	
REACTOME_SARS_COV_2_MODULATES_HOST_TRANSLATION_MACHINERY	51	48		
REACTOME_SARS_COV_2_TARGETS_HOST_INTRACELLULAR_SIGNALLING_AND_REGULATORY_PATHWAYS	12		Rejected!	
REACTOME_SARS_COV_2_TARGETS_PDZ_PROTEINS_IN_CELL_CELL_JUNCTION	5		Rejected!	
REACTOME_SARS_COV_INFECTIONS	475	356		
REACTOME_SCAVENGING_BY_CLASS_A_RECEPTORS	19		Rejected!	
REACTOME_SCAVENGING_BY_CLASS_B_RECEPTORS	6		Rejected!	
REACTOME_SCAVENGING_BY_CLASS_F_RECEPTORS	6		Rejected!	
REACTOME_SCAVENGING_OF_HEME_FROM_PLASMA	69		Rejected!	
REACTOME_SCF_BETA_TRCP_MEDIATED_DEGRADATION_OF_EMI1	42	41		
REACTOME_SCF_SKP2_MEDIATED_DEGRADATION_OF_P27_P21	50	48		
REACTOME_SEALING_OF_THE_NUCLEAR_ENVELOPE_NE_BY_ESCRT_III	32	21		
REACTOME_SELECTIVE_AUTOPHAGY	90	76		
REACTOME_SELENOAMINO_ACID_METABOLISM	118	109		
REACTOME_SEMA3A_PAK_DEPENDENT_AXON_REPULSION	16	16		
REACTOME_SEMA3A_PLEXIN_REPULSION_SIGNALING_BY_INHIBITING_INTEGRIN_ADHESION	14		Rejected!	
REACTOME_SEMA4D_INDUCED_CELL_MIGRATION_AND_GROWTH_CONE_COLLAPSE	20	17		
REACTOME_SEMA4D_IN_SEMAPHORIN_SIGNALING	24	21		
REACTOME_SEMA4D_MEDIATED_INHIBITION_OF_CELL_ATTACHMENT_AND_MIGRATION	8		Rejected!	
REACTOME_SEMAPHORIN_INTERACTIONS	64	58		
REACTOME_SENESCENCE_ASSOCIATED_SECRETORY_PHENOTYPE_SASP	111	80		
REACTOME_SENSING_OF_DNA_DOUBLE_STRAND_BREAKS	6		Rejected!	
REACTOME_SENSORY_PERCEPTION	635	177		
REACTOME_SENSORY_PERCEPTION_OF_SALTY_TASTE	6		Rejected!	
REACTOME_SENSORY_PERCEPTION_OF_TASTE	47	28		
REACTOME_SENSORY_PROCESSING_OF_SOUND	77	65		
REACTOME_SENSORY_PROCESSING_OF_SOUND_BY_OUTER_HAIR_CELLS_OF_THE_COCHLEA	55	47		
REACTOME_SEPARATION_OF_SISTER_CHROMATIDS	178	161		
REACTOME_SERINE_METABOLISM	11		Rejected!	
REACTOME_SEROTONIN_AND_MELATONIN_BIOSYNTHESIS	5		Rejected!	
REACTOME_SEROTONIN_NEUROTRANSMITTER_RELEASE_CYCLE	18	15		
REACTOME_SEROTONIN_RECEPTORS	12		Rejected!	
REACTOME_SHC1_EVENTS_IN_EGFR_SIGNALING	14		Rejected!	
REACTOME_SHC1_EVENTS_IN_ERBB2_SIGNALING	22	20		
REACTOME_SHC1_EVENTS_IN_ERBB4_SIGNALING	14		Rejected!	
REACTOME_SHC_MEDIATED_CASCADE_FGFR1	21	17		
REACTOME_SHC_MEDIATED_CASCADE_FGFR3	18	16		
REACTOME_SHC_MEDIATED_CASCADE_FGFR4	20	16		
REACTOME_SHC_RELATED_EVENTS_TRIGGERED_BY_IGF1R	9		Rejected!	
REACTOME_SIALIC_ACID_METABOLISM	33	28		
REACTOME_SIGNALING_BY_ACTIVATED_POINT_MUTANTS_OF_FGFR1	11		Rejected!	
REACTOME_SIGNALING_BY_ACTIVIN	17	15		
REACTOME_SIGNALING_BY_ALK	30	22		
REACTOME_SIGNALING_BY_ALK_IN_CANCER	93	70		
REACTOME_SIGNALING_BY_BMP	31	24		
REACTOME_SIGNALING_BY_BRAF_AND_RAF1_FUSIONS	65	55		
REACTOME_SIGNALING_BY_CSF1_M_CSF_IN_MYELOID_CELLS	31	28		
REACTOME_SIGNALING_BY_CSF3_G_CSF	30	27		
REACTOME_SIGNALING_BY_CTNNB1_PHOSPHO_SITE_MUTANTS	15		Rejected!	
REACTOME_SIGNALING_BY_CYTOSOLIC_FGFR1_FUSION_MUTANTS	18	17		
REACTOME_SIGNALING_BY_EGFR	53	50		
REACTOME_SIGNALING_BY_EGFR_IN_CANCER	25	24		
REACTOME_SIGNALING_BY_ERBB2	50	45		
REACTOME_SIGNALING_BY_ERBB2_ECD_MUTANTS	16	15		
REACTOME_SIGNALING_BY_ERBB2_IN_CANCER	26	23		
REACTOME_SIGNALING_BY_ERBB4	58	50		
REACTOME_SIGNALING_BY_ERYTHROPOIETIN	25	22		
REACTOME_SIGNALING_BY_FGFR	89	78		
REACTOME_SIGNALING_BY_FGFR1	52	46		
REACTOME_SIGNALING_BY_FGFR1_IN_DISEASE	38	34		
REACTOME_SIGNALING_BY_FGFR2	73	65		
REACTOME_SIGNALING_BY_FGFR2_IIIA_TM	19	19		
REACTOME_SIGNALING_BY_FGFR2_IN_DISEASE	43	39		
REACTOME_SIGNALING_BY_FGFR3	40	36		
REACTOME_SIGNALING_BY_FGFR4	41	36		
REACTOME_SIGNALING_BY_FGFR4_IN_DISEASE	11		Rejected!	
REACTOME_SIGNALING_BY_FGFR_IN_DISEASE	63	58		
REACTOME_SIGNALING_BY_FLT3_FUSION_PROTEINS	19	17		
REACTOME_SIGNALING_BY_FLT3_ITD_AND_TKD_MUTANTS	16	15		
REACTOME_SIGNALING_BY_GPCR	702		Rejected!	
REACTOME_SIGNALING_BY_HEDGEHOG	137	122		
REACTOME_SIGNALING_BY_HIPPO	20	19		
REACTOME_SIGNALING_BY_INSULIN_RECEPTOR	82	67		
REACTOME_SIGNALING_BY_INTERLEUKINS	461	359		
REACTOME_SIGNALING_BY_KIT_IN_DISEASE	20	18		
REACTOME_SIGNALING_BY_LEPTIN	11		Rejected!	
REACTOME_SIGNALING_BY_LRP5_MUTANTS	6		Rejected!	
REACTOME_SIGNALING_BY_LTK	12		Rejected!	
REACTOME_SIGNALING_BY_LTK_IN_CANCER	7		Rejected!	
REACTOME_SIGNALING_BY_MAPK_MUTANTS	7		Rejected!	
REACTOME_SIGNALING_BY_MEMBRANE_TETHERED_FUSIONS_OF_PDGFRA_OR_PDGFRB	5		Rejected!	
REACTOME_SIGNALING_BY_MET	79	75		
REACTOME_SIGNALING_BY_MODERATE_KINASE_ACTIVITY_BRAF_MUTANTS	45	38		
REACTOME_SIGNALING_BY_MRAS_COMPLEX_MUTANTS	8		Rejected!	
REACTOME_SIGNALING_BY_MST1	5		Rejected!	
REACTOME_SIGNALING_BY_NODAL	23	18		
REACTOME_SIGNALING_BY_NOTCH	241	185		
REACTOME_SIGNALING_BY_NOTCH1	74	67		
REACTOME_SIGNALING_BY_NOTCH1_HD_DOMAIN_MUTANTS_IN_CANCER	15	15		
REACTOME_SIGNALING_BY_NOTCH1_PEST_DOMAIN_MUTANTS_IN_CANCER	58	53		
REACTOME_SIGNALING_BY_NOTCH1_T_7_9_NOTCH1_M1580_K2555_TRANSLOCATION_MUTANT	7		Rejected!	
REACTOME_SIGNALING_BY_NOTCH2	36	32		
REACTOME_SIGNALING_BY_NOTCH3	49	46		
REACTOME_SIGNALING_BY_NOTCH4	72	66		
REACTOME_SIGNALING_BY_NTRK2_TRKB	25	25		
REACTOME_SIGNALING_BY_NTRK3_TRKC	17	16		
REACTOME_SIGNALING_BY_NTRKS	134	119		
REACTOME_SIGNALING_BY_NUCLEAR_RECEPTORS	294	228		
REACTOME_SIGNALING_BY_PDGF	58	50		
REACTOME_SIGNALING_BY_PDGFRA_TRANSMEMBRANE_JUXTAMEMBRANE_AND_KINASE_DOMAIN_MUTANTS	12		Rejected!	
REACTOME_SIGNALING_BY_PDGFR_IN_DISEASE	20	15		
REACTOME_SIGNALING_BY_PTK6	54	47		
REACTOME_SIGNALING_BY_RECEPTOR_TYROSINE_KINASES	532	461		
REACTOME_SIGNALING_BY_RETINOIC_ACID	41	34		
REACTOME_SIGNALING_BY_RHO_GTPASES_MIRO_GTPASES_AND_RHOBTB3	720		Rejected!	
REACTOME_SIGNALING_BY_RNF43_MUTANTS	8		Rejected!	
REACTOME_SIGNALING_BY_ROBO_RECEPTORS	205	189		
REACTOME_SIGNALING_BY_SCF_KIT	43	38		
REACTOME_SIGNALING_BY_TGFBR3	49	37		
REACTOME_SIGNALING_BY_TGFB_FAMILY_MEMBERS	161	136		
REACTOME_SIGNALING_BY_TGF_BETA_RECEPTOR_COMPLEX	94	82		
REACTOME_SIGNALING_BY_TGF_BETA_RECEPTOR_COMPLEX_IN_CANCER	8		Rejected!	
REACTOME_SIGNALING_BY_THE_B_CELL_RECEPTOR_BCR	153	88		
REACTOME_SIGNALING_BY_TYPE_1_INSULIN_LIKE_GROWTH_FACTOR_1_RECEPTOR_IGF1R	54	43		
REACTOME_SIGNALING_BY_VEGF	106	89		
REACTOME_SIGNALING_BY_WNT	317	261		
REACTOME_SIGNALING_BY_WNT_IN_CANCER	34	25		
REACTOME_SIGNALLING_TO_ERKS	34	33		
REACTOME_SIGNALLING_TO_P38_VIA_RIT_AND_RIN	5		Rejected!	
REACTOME_SIGNALLING_TO_RAS	20	19		
REACTOME_SIGNAL_AMPLIFICATION	33	29		
REACTOME_SIGNAL_ATTENUATION	10		Rejected!	
REACTOME_SIGNAL_REGULATORY_PROTEIN_FAMILY_INTERACTIONS	16		Rejected!	
REACTOME_SIGNAL_TRANSDUCTION_BY_L1	21	20		
REACTOME_SIRT1_NEGATIVELY_REGULATES_RRNA_EXPRESSION	67	43		
REACTOME_SLBP_DEPENDENT_PROCESSING_OF_REPLICATION_DEPENDENT_HISTONE_PRE_MRNAS	11		Rejected!	
REACTOME_SLC15A4_TASL_DEPENDENT_IRF5_ACTIVATION	6		Rejected!	
REACTOME_SLC_MEDIATED_TRANSMEMBRANE_TRANSPORT	248	195		
REACTOME_SLC_TRANSPORTER_DISORDERS	99	79		
REACTOME_SMAC_XIAP_REGULATED_APOPTOTIC_RESPONSE	8		Rejected!	
REACTOME_SMAD2_SMAD3_SMAD4_HETEROTRIMER_REGULATES_TRANSCRIPTION	36	30		
REACTOME_SMALL_INTERFERING_RNA_SIRNA_BIOGENESIS	9		Rejected!	
REACTOME_SMOOTH_MUSCLE_CONTRACTION	43	33		
REACTOME_SNRNP_ASSEMBLY	54	51		
REACTOME_SODIUM_CALCIUM_EXCHANGERS	11		Rejected!	
REACTOME_SODIUM_COUPLED_PHOSPHATE_COTRANSPORTERS	5		Rejected!	
REACTOME_SODIUM_COUPLED_SULPHATE_DI_AND_TRI_CARBOXYLATE_TRANSPORTERS	5		Rejected!	
REACTOME_SODIUM_PROTON_EXCHANGERS	9		Rejected!	
REACTOME_SOMITOGENESIS	45	42		
REACTOME_SOS_MEDIATED_SIGNALLING	7		Rejected!	
REACTOME_SPECIFICATION_OF_PRIMORDIAL_GERM_CELLS	12		Rejected!	
REACTOME_SPECIFICATION_OF_THE_NEURAL_PLATE_BORDER	17		Rejected!	
REACTOME_SPERM_MOTILITY_AND_TAXES	9		Rejected!	
REACTOME_SPHINGOLIPID_CATABOLISM	12		Rejected!	
REACTOME_SPHINGOLIPID_DE_NOVO_BIOSYNTHESIS	37	33		
REACTOME_SPHINGOLIPID_METABOLISM	107	92		
REACTOME_SPRY_REGULATION_OF_FGF_SIGNALING	16	15		
REACTOME_SRP_DEPENDENT_COTRANSLATIONAL_PROTEIN_TARGETING_TO_MEMBRANE	113	105		
REACTOME_STABILIZATION_OF_P53	44	39		
REACTOME_STAT3_NUCLEAR_EVENTS_DOWNSTREAM_OF_ALK_SIGNALING	11		Rejected!	
REACTOME_STAT5_ACTIVATION	7		Rejected!	
REACTOME_STAT5_ACTIVATION_DOWNSTREAM_OF_FLT3_ITD_MUTANTS	10		Rejected!	
REACTOME_STIMULI_SENSING_CHANNELS	106	89		
REACTOME_STING_MEDIATED_INDUCTION_OF_HOST_IMMUNE_RESPONSES	16		Rejected!	
REACTOME_STRAND_ASYNCHRONOUS_MITOCHONDRIAL_DNA_REPLICATION	10		Rejected!	
REACTOME_STRIATED_MUSCLE_CONTRACTION	36	23		
REACTOME_SULFIDE_OXIDATION_TO_SULFATE	6		Rejected!	
REACTOME_SULFUR_AMINO_ACID_METABOLISM	28	24		
REACTOME_SUMOYLATION	189	161		
REACTOME_SUMOYLATION_OF_CHROMATIN_ORGANIZATION_PROTEINS	71	57		
REACTOME_SUMOYLATION_OF_DNA_DAMAGE_RESPONSE_AND_REPAIR_PROTEINS	77	70		
REACTOME_SUMOYLATION_OF_DNA_METHYLATION_PROTEINS	16		Rejected!	
REACTOME_SUMOYLATION_OF_DNA_REPLICATION_PROTEINS	46	43		
REACTOME_SUMOYLATION_OF_IMMUNE_RESPONSE_PROTEINS	12		Rejected!	
REACTOME_SUMOYLATION_OF_INTRACELLULAR_RECEPTORS	30	28		
REACTOME_SUMOYLATION_OF_RNA_BINDING_PROTEINS	47	42		
REACTOME_SUMOYLATION_OF_SUMOYLATION_PROTEINS	35	33		
REACTOME_SUMOYLATION_OF_TRANSCRIPTION_COFACTORS	44	36		
REACTOME_SUMOYLATION_OF_TRANSCRIPTION_FACTORS	20	18		
REACTOME_SUMOYLATION_OF_UBIQUITINYLATION_PROTEINS	39	36		
REACTOME_SUMO_IS_CONJUGATED_TO_E1_UBA2_SAE1	5		Rejected!	
REACTOME_SUMO_IS_PROTEOLYTICALLY_PROCESSED	6		Rejected!	
REACTOME_SUMO_IS_TRANSFERRED_FROM_E1_TO_E2_UBE2I_UBC9	7		Rejected!	
REACTOME_SUPPRESSION_OF_APOPTOSIS	7		Rejected!	
REACTOME_SUPPRESSION_OF_PHAGOSOMAL_MATURATION	13		Rejected!	
REACTOME_SURFACTANT_METABOLISM	30	21		
REACTOME_SWITCHING_OF_ORIGINS_TO_A_POST_REPLICATIVE_STATE	79	75		
REACTOME_SYNAPTIC_ADHESION_LIKE_MOLECULES	21	16		
REACTOME_SYNDECAN_INTERACTIONS	27	24		
REACTOME_SYNTHESIS_OF_12_EICOSATETRAENOIC_ACID_DERIVATIVES	7		Rejected!	
REACTOME_SYNTHESIS_OF_15_EICOSATETRAENOIC_ACID_DERIVATIVES	6		Rejected!	
REACTOME_SYNTHESIS_OF_16_20_HYDROXYEICOSATETRAENOIC_ACIDS_HETE	9		Rejected!	
REACTOME_SYNTHESIS_OF_5_EICOSATETRAENOIC_ACIDS	9		Rejected!	
REACTOME_SYNTHESIS_OF_ACTIVE_UBIQUITIN_ROLES_OF_E1_AND_E2_ENZYMES	30	28		
REACTOME_SYNTHESIS_OF_BILE_ACIDS_AND_BILE_SALTS	33	29		
REACTOME_SYNTHESIS_OF_BILE_ACIDS_AND_BILE_SALTS_VIA_24_HYDROXYCHOLESTEROL	13		Rejected!	
REACTOME_SYNTHESIS_OF_BILE_ACIDS_AND_BILE_SALTS_VIA_27_HYDROXYCHOLESTEROL	14		Rejected!	
REACTOME_SYNTHESIS_OF_BILE_ACIDS_AND_BILE_SALTS_VIA_7ALPHA_HYDROXYCHOLESTEROL	23	20		
REACTOME_SYNTHESIS_OF_DIPHTHAMIDE_EEF2	8		Rejected!	
REACTOME_SYNTHESIS_OF_DNA	108	103		
REACTOME_SYNTHESIS_OF_DOLICHYL_PHOSPHATE	7		Rejected!	
REACTOME_SYNTHESIS_OF_EPOXY_EET_AND_DIHYDROXYEICOSATRIENOIC_ACIDS_DHET	8		Rejected!	
REACTOME_SYNTHESIS_OF_GDP_MANNOSE	6		Rejected!	
REACTOME_SYNTHESIS_OF_GLYCOSYLPHOSPHATIDYLINOSITOL_GPI	18	16		
REACTOME_SYNTHESIS_OF_IP2_IP_AND_INS_IN_THE_CYTOSOL	14		Rejected!	
REACTOME_SYNTHESIS_OF_IP3_AND_IP4_IN_THE_CYTOSOL	26	20		
REACTOME_SYNTHESIS_OF_KETONE_BODIES	8		Rejected!	
REACTOME_SYNTHESIS_OF_LEUKOTRIENES_LT_AND_EOXINS_EX	20		Rejected!	
REACTOME_SYNTHESIS_OF_PA	39	29		
REACTOME_SYNTHESIS_OF_PC	28	27		
REACTOME_SYNTHESIS_OF_PE	13		Rejected!	
REACTOME_SYNTHESIS_OF_PG	8		Rejected!	
REACTOME_SYNTHESIS_OF_PI	5		Rejected!	
REACTOME_SYNTHESIS_OF_PIPS_AT_THE_EARLY_ENDOSOME_MEMBRANE	16		Rejected!	
REACTOME_SYNTHESIS_OF_PIPS_AT_THE_ER_MEMBRANE	5		Rejected!	
REACTOME_SYNTHESIS_OF_PIPS_AT_THE_GOLGI_MEMBRANE	18	16		
REACTOME_SYNTHESIS_OF_PIPS_AT_THE_LATE_ENDOSOME_MEMBRANE	11		Rejected!	
REACTOME_SYNTHESIS_OF_PIPS_AT_THE_PLASMA_MEMBRANE	53	44		
REACTOME_SYNTHESIS_OF_PROSTAGLANDINS_PG_AND_THROMBOXANES_TX	15		Rejected!	
REACTOME_SYNTHESIS_OF_PYROPHOSPHATES_IN_THE_CYTOSOL	10		Rejected!	
REACTOME_SYNTHESIS_OF_SUBSTRATES_IN_N_GLYCAN_BIOSYTHESIS	65	58		
REACTOME_SYNTHESIS_OF_UDP_N_ACETYL_GLUCOSAMINE	8		Rejected!	
REACTOME_SYNTHESIS_OF_VERY_LONG_CHAIN_FATTY_ACYL_COAS	24	22		
REACTOME_SYNTHESIS_OF_WYBUTOSINE_AT_G37_OF_TRNA_PHE	6		Rejected!	
REACTOME_SYNTHESIS_SECRETION_AND_DEACYLATION_OF_GHRELIN	19		Rejected!	
REACTOME_SYNTHESIS_SECRETION_AND_INACTIVATION_OF_GLUCAGON_LIKE_PEPTIDE_1_GLP_1	21		Rejected!	
REACTOME_SYNTHESIS_SECRETION_AND_INACTIVATION_OF_GLUCOSE_DEPENDENT_INSULINOTROPIC_POLYPEPTIDE_GIP	13		Rejected!	
REACTOME_S_PHASE	150	139		
REACTOME_TACHYKININ_RECEPTORS_BIND_TACHYKININS	5		Rejected!	
REACTOME_TAK1_DEPENDENT_IKK_AND_NF_KAPPA_B_ACTIVATION	44	39		
REACTOME_TANDEM_PORE_DOMAIN_POTASSIUM_CHANNELS	12		Rejected!	
REACTOME_TBC_RABGAPS	44	38		
REACTOME_TCF_DEPENDENT_SIGNALING_IN_RESPONSE_TO_WNT	220	173		
REACTOME_TCR_SIGNALING	111	90		
REACTOME_TELOMERE_C_STRAND_LAGGING_STRAND_SYNTHESIS	34	32		
REACTOME_TELOMERE_C_STRAND_SYNTHESIS_INITIATION	13		Rejected!	
REACTOME_TELOMERE_EXTENSION_BY_TELOMERASE	23	22		
REACTOME_TELOMERE_MAINTENANCE	112	89		
REACTOME_TERMINAL_PATHWAY_OF_COMPLEMENT	8		Rejected!	
REACTOME_TERMINATION_OF_O_GLYCAN_BIOSYNTHESIS	23	15		
REACTOME_TERMINATION_OF_TRANSLESION_DNA_SYNTHESIS	32	32		
REACTOME_TETRAHYDROBIOPTERIN_BH4_SYNTHESIS_RECYCLING_SALVAGE_AND_REGULATION	10		Rejected!	
REACTOME_TFAP2A_ACTS_AS_A_TRANSCRIPTIONAL_REPRESSOR_DURING_RETINOIC_ACID_INDUCED_CELL_DIFFERENTIATION	5		Rejected!	
REACTOME_TFAP2_AP_2_FAMILY_REGULATES_TRANSCRIPTION_OF_CELL_CYCLE_FACTORS	5		Rejected!	
REACTOME_TFAP2_AP_2_FAMILY_REGULATES_TRANSCRIPTION_OF_GROWTH_FACTORS_AND_THEIR_RECEPTORS	15		Rejected!	
REACTOME_TGFBR3_EXPRESSION	28	18		
REACTOME_TGFBR3_PTM_REGULATION	11		Rejected!	
REACTOME_TGFBR3_REGULATES_TGF_BETA_SIGNALING	8		Rejected!	
REACTOME_TGF_BETA_RECEPTOR_SIGNALING_ACTIVATES_SMADS	47	41		
REACTOME_TGF_BETA_RECEPTOR_SIGNALING_IN_EMT_EPITHELIAL_TO_MESENCHYMAL_TRANSITION	16		Rejected!	
REACTOME_THE_ACTIVATION_OF_ARYLSULFATASES	13		Rejected!	
REACTOME_THE_CANONICAL_RETINOID_CYCLE_IN_RODS_TWILIGHT_VISION	22	16		
REACTOME_THE_CRY_PER_KINASE_COMPLEX_REPRESSES_TRANSACTIVATION_BY_THE_BMAL_CLOCK_ARNTL_CLOCK_COMPLEX	14		Rejected!	
REACTOME_THE_FATTY_ACID_CYCLING_MODEL	5		Rejected!	
REACTOME_THE_NLRP3_INFLAMMASOME	16	15		
REACTOME_THE_PHOTOTRANSDUCTION_CASCADE	34	28		
REACTOME_THE_RETINOID_CYCLE_IN_CONES_DAYLIGHT_VISION	7		Rejected!	
REACTOME_THE_ROLE_OF_GTSE1_IN_G2_M_PROGRESSION_AFTER_G2_CHECKPOINT	66	55		
REACTOME_THE_ROLE_OF_NEF_IN_HIV_1_REPLICATION_AND_DISEASE_PATHOGENESIS	28	24		
REACTOME_THROMBIN_SIGNALLING_THROUGH_PROTEINASE_ACTIVATED_RECEPTORS_PARS	32	28		
REACTOME_THROMBOXANE_SIGNALLING_THROUGH_TP_RECEPTOR	24	22		
REACTOME_THYROXINE_BIOSYNTHESIS	10		Rejected!	
REACTOME_TICAM1_DEPENDENT_ACTIVATION_OF_IRF3_IRF7	13		Rejected!	
REACTOME_TICAM1_RIP1_MEDIATED_IKK_COMPLEX_RECRUITMENT	19	18		
REACTOME_TICAM1_TRAF6_DEPENDENT_INDUCTION_OF_TAK1_COMPLEX	11		Rejected!	
REACTOME_TIE2_SIGNALING	18	15		
REACTOME_TIGHT_JUNCTION_INTERACTIONS	30	25		
REACTOME_TLR3_MEDIATED_TICAM1_DEPENDENT_PROGRAMMED_CELL_DEATH	6		Rejected!	
REACTOME_TNFR1_INDUCED_NF_KAPPA_B_SIGNALING_PATHWAY	33	29		
REACTOME_TNFR1_INDUCED_PROAPOPTOTIC_SIGNALING	25	21		
REACTOME_TNFR1_MEDIATED_CERAMIDE_PRODUCTION	6		Rejected!	
REACTOME_TNFR2_NON_CANONICAL_NF_KB_PATHWAY	88	75		
REACTOME_TNFS_BIND_THEIR_PHYSIOLOGICAL_RECEPTORS	29	22		
REACTOME_TNF_RECEPTOR_SUPERFAMILY_TNFSF_MEMBERS_MEDIATING_NON_CANONICAL_NF_KB_PATHWAY	17		Rejected!	
REACTOME_TNF_SIGNALING	57	51		
REACTOME_TOLL_LIKE_RECEPTOR_9_TLR9_CASCADE	109	92		
REACTOME_TOLL_LIKE_RECEPTOR_CASCADES	170	135		
REACTOME_TOLL_LIKE_RECEPTOR_TLR1_TLR2_CASCADE	115	92		
REACTOME_TOXICITY_OF_BOTULINUM_TOXIN_TYPE_D_BOTD	5		Rejected!	
REACTOME_TP53_REGULATES_METABOLIC_GENES	84	72		
REACTOME_TP53_REGULATES_TRANSCRIPTION_OF_ADDITIONAL_CELL_CYCLE_GENES_WHOSE_EXACT_ROLE_IN_THE_P53_PATHWAY_REMAIN_UNCERTAIN	21	18		
REACTOME_TP53_REGULATES_TRANSCRIPTION_OF_CASPASE_ACTIVATORS_AND_CASPASES	12		Rejected!	
REACTOME_TP53_REGULATES_TRANSCRIPTION_OF_CELL_CYCLE_GENES	49	43		
REACTOME_TP53_REGULATES_TRANSCRIPTION_OF_CELL_DEATH_GENES	44	39		
REACTOME_TP53_REGULATES_TRANSCRIPTION_OF_DEATH_RECEPTORS_AND_LIGANDS	12		Rejected!	
REACTOME_TP53_REGULATES_TRANSCRIPTION_OF_DNA_REPAIR_GENES	62	49		
REACTOME_TP53_REGULATES_TRANSCRIPTION_OF_GENES_INVOLVED_IN_CYTOCHROME_C_RELEASE	20	17		
REACTOME_TP53_REGULATES_TRANSCRIPTION_OF_GENES_INVOLVED_IN_G1_CELL_CYCLE_ARREST	14		Rejected!	
REACTOME_TP53_REGULATES_TRANSCRIPTION_OF_GENES_INVOLVED_IN_G2_CELL_CYCLE_ARREST	18	15		
REACTOME_TP53_REGULATES_TRANSCRIPTION_OF_SEVERAL_ADDITIONAL_CELL_DEATH_GENES_WHOSE_SPECIFIC_ROLES_IN_P53_DEPENDENT_APOPTOSIS_REMAIN_UNCERTAIN	14		Rejected!	
REACTOME_TRAF3_DEPENDENT_IRF_ACTIVATION_PATHWAY	15		Rejected!	
REACTOME_TRAF6_MEDIATED_INDUCTION_OF_TAK1_COMPLEX_WITHIN_TLR4_COMPLEX	16	16		
REACTOME_TRAF6_MEDIATED_IRF7_ACTIVATION	30		Rejected!	
REACTOME_TRAF6_MEDIATED_IRF7_ACTIVATION_IN_TLR7_8_OR_9_SIGNALING	13		Rejected!	
REACTOME_TRAF6_MEDIATED_NF_KB_ACTIVATION	25	21		
REACTOME_TRAFFICKING_AND_PROCESSING_OF_ENDOSOMAL_TLR	13		Rejected!	
REACTOME_TRAFFICKING_OF_AMPA_RECEPTORS	31	30		
REACTOME_TRAFFICKING_OF_GLUR2_CONTAINING_AMPA_RECEPTORS	17	17		
REACTOME_TRAFFICKING_OF_MYRISTOYLATED_PROTEINS_TO_THE_CILIUM	5		Rejected!	
REACTOME_TRAIL_SIGNALING	8		Rejected!	
REACTOME_TRANSCRIPTIONAL_ACTIVATION_OF_MITOCHONDRIAL_BIOGENESIS	55	52		
REACTOME_TRANSCRIPTIONAL_ACTIVITY_OF_SMAD2_SMAD3_SMAD4_HETEROTRIMER	51	44		
REACTOME_TRANSCRIPTIONAL_AND_POST_TRANSLATIONAL_REGULATION_OF_MITF_M_EXPRESSION_AND_ACTIVITY	62	54		
REACTOME_TRANSCRIPTIONAL_REGULATION_BY_E2F6	34	27		
REACTOME_TRANSCRIPTIONAL_REGULATION_BY_MECP2	63	53		
REACTOME_TRANSCRIPTIONAL_REGULATION_BY_NPAS4	34	28		
REACTOME_TRANSCRIPTIONAL_REGULATION_BY_RUNX1	224	173		
REACTOME_TRANSCRIPTIONAL_REGULATION_BY_RUNX2	106	97		
REACTOME_TRANSCRIPTIONAL_REGULATION_BY_RUNX3	86	75		
REACTOME_TRANSCRIPTIONAL_REGULATION_BY_SMALL_RNAS	106	81		
REACTOME_TRANSCRIPTIONAL_REGULATION_BY_THE_AP_2_TFAP2_FAMILY_OF_TRANSCRIPTION_FACTORS	38	27		
REACTOME_TRANSCRIPTIONAL_REGULATION_BY_TP53	360	309		
REACTOME_TRANSCRIPTIONAL_REGULATION_BY_VENTX	41	35		
REACTOME_TRANSCRIPTIONAL_REGULATION_OF_BROWN_AND_BEIGE_ADIPOCYTE_DIFFERENTIATION	31	26		
REACTOME_TRANSCRIPTIONAL_REGULATION_OF_GRANULOPOIESIS	89	54		
REACTOME_TRANSCRIPTIONAL_REGULATION_OF_PLURIPOTENT_STEM_CELLS	31	22		
REACTOME_TRANSCRIPTIONAL_REGULATION_OF_TESTIS_DIFFERENTIATION	13		Rejected!	
REACTOME_TRANSCRIPTIONAL_REGULATION_OF_WHITE_ADIPOCYTE_DIFFERENTIATION	84	71		
REACTOME_TRANSCRIPTION_COUPLED_NUCLEOTIDE_EXCISION_REPAIR_TC_NER	76	73		
REACTOME_TRANSCRIPTION_OF_E2F_TARGETS_UNDER_NEGATIVE_CONTROL_BY_DREAM_COMPLEX	19	17		
REACTOME_TRANSCRIPTION_OF_E2F_TARGETS_UNDER_NEGATIVE_CONTROL_BY_P107_RBL1_AND_P130_RBL2_IN_COMPLEX_WITH_HDAC1	16	15		
REACTOME_TRANSCRIPTION_OF_THE_HIV_GENOME	70	65		
REACTOME_TRANSFERRIN_ENDOCYTOSIS_AND_RECYCLING	31	28		
REACTOME_TRANSLATION	295	274		
REACTOME_TRANSLATION_OF_REPLICASE_AND_ASSEMBLY_OF_THE_REPLICATION_TRANSCRIPTION_COMPLEX	14		Rejected!	
REACTOME_TRANSLATION_OF_SARS_COV_1_STRUCTURAL_PROTEINS	29	24		
REACTOME_TRANSLATION_OF_SARS_COV_2_STRUCTURAL_PROTEINS	61	54		
REACTOME_TRANSLESION_SYNTHESIS_BY_POLH	19	19		
REACTOME_TRANSLESION_SYNTHESIS_BY_POLK	17	15		
REACTOME_TRANSLESION_SYNTHESIS_BY_Y_FAMILY_DNA_POLYMERASES_BYPASSES_LESIONS_ON_DNA_TEMPLATE	39	37		
REACTOME_TRANSLOCATION_OF_SLC2A4_GLUT4_TO_THE_PLASMA_MEMBRANE	72	58		
REACTOME_TRANSMISSION_ACROSS_CHEMICAL_SYNAPSES	270	220		
REACTOME_TRANSPORT_AND_SYNTHESIS_OF_PAPS	6		Rejected!	
REACTOME_TRANSPORT_OF_BILE_SALTS_AND_ORGANIC_ACIDS_METAL_IONS_AND_AMINE_COMPOUNDS	84	62		
REACTOME_TRANSPORT_OF_CONNEXONS_TO_THE_PLASMA_MEMBRANE	21		Rejected!	
REACTOME_TRANSPORT_OF_FATTY_ACIDS	8		Rejected!	
REACTOME_TRANSPORT_OF_INORGANIC_CATIONS_ANIONS_AND_AMINO_ACIDS_OLIGOPEPTIDES	107	90		
REACTOME_TRANSPORT_OF_MATURE_MRNAS_DERIVED_FROM_INTRONLESS_TRANSCRIPTS	43	41		
REACTOME_TRANSPORT_OF_MATURE_TRANSCRIPT_TO_CYTOPLASM	84	75		
REACTOME_TRANSPORT_OF_NUCLEOSIDES_AND_FREE_PURINE_AND_PYRIMIDINE_BASES_ACROSS_THE_PLASMA_MEMBRANE	12		Rejected!	
REACTOME_TRANSPORT_OF_NUCLEOTIDE_SUGARS	9		Rejected!	
REACTOME_TRANSPORT_OF_ORGANIC_ANIONS	11		Rejected!	
REACTOME_TRANSPORT_OF_RCBL_WITHIN_THE_BODY	8		Rejected!	
REACTOME_TRANSPORT_OF_SMALL_MOLECULES	722		Rejected!	
REACTOME_TRANSPORT_OF_THE_SLBP_DEPENDANT_MATURE_MRNA	36	35		
REACTOME_TRANSPORT_OF_VITAMINS_NUCLEOSIDES_AND_RELATED_MOLECULES	43	33		
REACTOME_TRANSPORT_TO_THE_GOLGI_AND_SUBSEQUENT_MODIFICATION	187	166		
REACTOME_TRANS_GOLGI_NETWORK_VESICLE_BUDDING	72	62		
REACTOME_TRIF_MEDIATED_PROGRAMMED_CELL_DEATH	9		Rejected!	
REACTOME_TRIGLYCERIDE_BIOSYNTHESIS	14		Rejected!	
REACTOME_TRIGLYCERIDE_CATABOLISM	24	16		
REACTOME_TRIGLYCERIDE_METABOLISM	38	26		
REACTOME_TRISTETRAPROLIN_TTP_ZFP36_BINDS_AND_DESTABILIZES_MRNA	17	16		
REACTOME_TRNA_AMINOACYLATION	42	41		
REACTOME_TRNA_MODIFICATION_IN_THE_MITOCHONDRION	9		Rejected!	
REACTOME_TRNA_MODIFICATION_IN_THE_NUCLEUS_AND_CYTOSOL	44	43		
REACTOME_TRNA_PROCESSING	112	106		
REACTOME_TRNA_PROCESSING_IN_THE_MITOCHONDRION	7		Rejected!	
REACTOME_TRNA_PROCESSING_IN_THE_NUCLEUS	59	56		
REACTOME_TRP_CHANNELS	28	24		
REACTOME_TRYPTOPHAN_CATABOLISM	14		Rejected!	
REACTOME_TURBULENT_OSCILLATORY_DISTURBED_FLOW_SHEAR_STRESS_ACTIVATES_SIGNALING_BY_PIEZO1_AND_INTEGRINS_IN_ENDOTHELIAL_CELLS	31	27		
REACTOME_TYPE_I_HEMIDESMOSOME_ASSEMBLY	11		Rejected!	
REACTOME_TYROSINE_CATABOLISM	5		Rejected!	
REACTOME_TYSND1_CLEAVES_PEROXISOMAL_PROTEINS	7		Rejected!	
REACTOME_UBIQUINOL_BIOSYNTHESIS	13		Rejected!	
REACTOME_UBIQUITIN_DEPENDENT_DEGRADATION_OF_CYCLIN_D	39	38		
REACTOME_UB_SPECIFIC_PROCESSING_PROTEASES	207	153		
REACTOME_UCH_PROTEINASES	88	73		
REACTOME_UNBLOCKING_OF_NMDA_RECEPTORS_GLUTAMATE_BINDING_AND_ACTIVATION	21	19		
REACTOME_UNFOLDED_PROTEIN_RESPONSE_UPR	93	86		
REACTOME_UNWINDING_OF_DNA	12		Rejected!	
REACTOME_UPTAKE_AND_ACTIONS_OF_BACTERIAL_TOXINS	29	24		
REACTOME_UPTAKE_AND_FUNCTION_OF_ANTHRAX_TOXINS	11		Rejected!	
REACTOME_UPTAKE_AND_FUNCTION_OF_DIPHTHERIA_TOXIN	6		Rejected!	
REACTOME_UPTAKE_OF_DIETARY_COBALAMINS_INTO_ENTEROCYTES	10		Rejected!	
REACTOME_UREA_CYCLE	10		Rejected!	
REACTOME_VASOPRESSIN_LIKE_RECEPTORS	6		Rejected!	
REACTOME_VASOPRESSIN_REGULATES_RENAL_WATER_HOMEOSTASIS_VIA_AQUAPORINS	43	34		
REACTOME_VEGFR2_MEDIATED_CELL_PROLIFERATION	19	18		
REACTOME_VEGFR2_MEDIATED_VASCULAR_PERMEABILITY	27	19		
REACTOME_VEGF_LIGAND_RECEPTOR_INTERACTIONS	8		Rejected!	
REACTOME_VESICLE_MEDIATED_TRANSPORT	725		Rejected!	
REACTOME_VIF_MEDIATED_DEGRADATION_OF_APOBEC3G	41	40		
REACTOME_VIRAL_INFECTION_PATHWAYS	879		Rejected!	
REACTOME_VIRAL_MESSENGER_RNA_SYNTHESIS	44	43		
REACTOME_VISUAL_PHOTOTRANSDUCTION	99	71		
REACTOME_VITAMINS	6		Rejected!	
REACTOME_VITAMIN_B1_THIAMIN_METABOLISM	5		Rejected!	
REACTOME_VITAMIN_B2_RIBOFLAVIN_METABOLISM	7		Rejected!	
REACTOME_VITAMIN_B5_PANTOTHENATE_METABOLISM	20	19		
REACTOME_VITAMIN_C_ASCORBATE_METABOLISM	8		Rejected!	
REACTOME_VITAMIN_D_CALCIFEROL_METABOLISM	12		Rejected!	
REACTOME_VLDLR_INTERNALISATION_AND_DEGRADATION	16		Rejected!	
REACTOME_VLDL_ASSEMBLY	5		Rejected!	
REACTOME_VLDL_CLEARANCE	6		Rejected!	
REACTOME_VOLTAGE_GATED_POTASSIUM_CHANNELS	43	33		
REACTOME_VXPX_CARGO_TARGETING_TO_CILIUM	21	17		
REACTOME_WAX_AND_PLASMALOGEN_BIOSYNTHESIS	7		Rejected!	
REACTOME_WNT5A_DEPENDENT_INTERNALIZATION_OF_FZD2_FZD5_AND_ROR2	13		Rejected!	
REACTOME_WNT5A_DEPENDENT_INTERNALIZATION_OF_FZD4	15		Rejected!	
REACTOME_WNT_LIGAND_BIOGENESIS_AND_TRAFFICKING	26	22		
REACTOME_WNT_MEDIATED_ACTIVATION_OF_DVL	8		Rejected!	
REACTOME_XENOBIOTICS	23		Rejected!	
REACTOME_YAP1_AND_WWTR1_TAZ_STIMULATED_GENE_EXPRESSION	15	15		
REACTOME_ZBP1_DAI_MEDIATED_INDUCTION_OF_TYPE_I_IFNS	21	19		
REACTOME_ZINC_EFFLUX_AND_COMPARTMENTALIZATION_BY_THE_SLC30_FAMILY	5		Rejected!	
REACTOME_ZINC_INFLUX_INTO_CELLS_BY_THE_SLC39_GENE_FAMILY	10		Rejected!	
REACTOME_ZINC_TRANSPORTERS	15		Rejected!	
REACTOME_ZYGOTIC_GENOME_ACTIVATION_ZGA	17		Rejected!	
REACTOME_Z_DECAY_DEGRADATION_OF_MATERNAL_MRNAS_BY_ZYGOTICALLY_EXPRESSED_FACTORS	12		Rejected!	
WP_10Q1121Q1123_COPY_NUMBER_VARIATION_SYNDROME	61	50		
WP_10Q22Q23_COPY_NUMBER_VARIATION	64	46		
WP_11P112_COPY_NUMBER_VARIATION_SYNDROME	56	48		
WP_13Q1212_COPY_NUMBER_VARIATION	34	27		
WP_15Q112_COPY_NUMBER_VARIATION_SYNDROME	9		Rejected!	
WP_15Q11Q13_COPY_NUMBER_VARIATION	59	49		
WP_15Q133_COPY_NUMBER_VARIATION_SYNDROME	23	17		
WP_15Q25_COPY_NUMBER_VARIATION	46	41		
WP_16P112_DISTAL_DELETION_SYNDROME	33	26		
WP_16P112_PROXIMAL_DELETION_SYNDROME	76	62		
WP_16P122_COPY_NUMBER_VARIATION_SYNDROME_520KB	54	49		
WP_16P1311_COPY_NUMBER_VARIATION_SYNDROME	29	23		
WP_17P133_YWHAE_COPY_NUMBER_VARIATION	21	17		
WP_17Q12_COPY_NUMBER_VARIATION_SYNDROME	99	67		
WP_1P36_COPY_NUMBER_VARIATION_SYNDROME	112	89		
WP_1Q211_COPY_NUMBER_VARIATION_SYNDROME	29	21		
WP_22Q112_COPY_NUMBER_VARIATION_SYNDROME	130	105		
WP_2Q112_COPY_NUMBER_VARIATION_SYNDROME	35	27		
WP_2Q13_COPY_NUMBER_VARIATION_SYNDROME	63	50		
WP_2Q211_COPY_NUMBER_VARIATION_SYNDROME	18		Rejected!	
WP_2Q37_COPY_NUMBER_VARIATION_SYNDROME	145	104		
WP_3Q29_COPY_NUMBER_VARIATION_SYNDROME	71	56		
WP_4HYDROXYTAMOXIFEN_DEXAMETHASONE_AND_RETINOIC_ACIDS_REGULATION_OF_P27_EXPRESSION	25	17		
WP_4P163_COPY_NUMBER_VARIATION	32	29		
WP_5Q35_COPY_NUMBER_VARIATION	111	94		
WP_6Q16_COPY_NUMBER_VARIATION	14		Rejected!	
WP_7OXOC_AND_7BETAHC_PATHWAYS	27	23		
WP_7Q1123_COPY_NUMBER_VARIATION_SYNDROME	106	92		
WP_7Q1123_DISTAL_COPY_NUMBER_VARIATION	22	18		
WP_8P231_COPY_NUMBER_VARIATION_SYNDROME	54	42		
WP_8Q1123_RB1CC1_COPY_NUMBER_VARIATION	16		Rejected!	
WP_ACETAMINOPHEN_IN_ANALGESIA_AND_ANTIPYRESIS	9		Rejected!	
WP_ACETYLCHOLINE_SYNTHESIS	7		Rejected!	
WP_ACE_INHIBITOR_PATHWAY	17		Rejected!	
WP_ACQUIRED_PARTIAL_LIPODYSTROPHY_BARRAQUERSIMONS_SYNDROME	10		Rejected!	
WP_ACTIVATION_OF_NLRP3_INFLAMMASOME_BY_SARSCOV2	7		Rejected!	
WP_ACUTE_MYELOID_LEUKEMIA	68	56		
WP_ACUTE_VIRAL_MYOCARDITIS	85	70		
WP_ADHD_AND_AUTISM_ASD_PATHWAYS	367	305		
WP_ADIPOGENESIS	131	106		
WP_AEROBIC_GLYCOLYSIS_AUGMENTED	13		Rejected!	
WP_AFFECTED_PATHWAYS_IN_DUCHENNE_MUSCULAR_DYSTROPHY	75	55		
WP_AFLATOXIN_B1_METABOLISM	7		Rejected!	
WP_AGERAGE_PATHWAY	66	57		
WP_AGERELATED_MACULAR_DEGENERATION	17		Rejected!	
WP_AIRWAY_SMOOTH_MUSCLE_CELL_CONTRACTION	16		Rejected!	
WP_AKT_SIGNALING_AND_ARTD_FAMILY_MEMBERS	34	25		
WP_ALANINE_AND_ASPARTATE_METABOLISM	12		Rejected!	
WP_ALBUTEROL_AND_BUDESONIDE_THERAPY_FOR_ASTHMA	26	19		
WP_ALLOGRAFT_REJECTION	89	63		
WP_ALPHA_6_BETA_4_SIGNALING	33	29		
WP_ALSTROM_SYNDROME	34	32		
WP_ALTERED_GLYCOSYLATION_OF_MUC1_IN_TUMOR_MICROENVIRONMENT	9		Rejected!	
WP_ALTERNATIVE_PATHWAY_OF_FETAL_ANDROGEN_SYNTHESIS	11		Rejected!	
WP_ALZHEIMERS_DISEASE	261	227		
WP_ALZHEIMERS_DISEASE_AND_MIRNA_EFFECTS	326	227		
WP_AMINO_ACID_METABOLISM	91	81		
WP_AMINO_ACID_METABOLISM_IN_TRIPLENEGATIVE_BREAST_CANCER_CELLS	7		Rejected!	
WP_AMINO_ACID_METABOLISM_PATHWAY_EXCERPT_HISTIDINE_CATABOLISM_EXTENSION	6		Rejected!	
WP_AMINO_ACID_TRANSPORT_DEFECTS_IEMS	9		Rejected!	
WP_AMPACTIVATED_PROTEIN_KINASE_SIGNALING	67	47		
WP_AMPK_REGULATION_OF_MAMMARY_MILK_PROTEIN_SYNTHESIS	20	15		
WP_AMPLIFICATION_AND_EXPANSION_OF_ONCOGENIC_PATHWAYS_AS_METASTATIC_TRAITS	17	15		
WP_AMYOTROPHIC_LATERAL_SCLEROSIS_ALS	38	32		
WP_ANDROGEN_RECEPTOR_NETWORK_IN_PROSTATE_CANCER	114	83		
WP_ANDROGEN_RECEPTOR_SIGNALING	91	69		
WP_ANGIOGENESIS	24	22		
WP_ANGIOPOIETINLIKE_PROTEIN_8_REGULATORY_PATHWAY	132	109		
WP_ANGIOTENSIN_II_RECEPTOR_TYPE_1_PATHWAY	28	21		
WP_ANTIVIRAL_AND_ANTIINFLAMMATORY_EFFECTS_OF_NRF2_ON_SARSCOV2_PATHWAY	32	26		
WP_APOE_AND_MIR146_IN_INFLAMMATION_AND_ATHEROSCLEROSIS	9		Rejected!	
WP_APOPTOSIS	88	73		
WP_APOPTOSISRELATED_NETWORK_DUE_TO_ALTERED_NOTCH3_IN_OVARIAN_CANCER	53	47		
WP_APOPTOSIS_MODULATION_AND_SIGNALING	92	76		
WP_APOPTOSIS_MODULATION_BY_HSP70	19	16		
WP_APOPTOSIS_REGULATION_BY_PARATHYROID_HORMONERELATED_PROTEIN	25	21		
WP_ARACHIDONATE_EPOXYGENASE_EPOXIDE_HYDROLASE	7		Rejected!	
WP_ARRHYTHMOGENIC_RIGHT_VENTRICULAR_CARDIOMYOPATHY	74	61		
WP_ARSENIC_METABOLISM_AND_REACTIVE_OXYGEN_SPECIES_GENERATION	11		Rejected!	
WP_ARYLAMINE_METABOLISM	6		Rejected!	
WP_ARYL_HYDROCARBON_RECEPTOR_PATHWAY_WP2586	46	34		
WP_ARYL_HYDROCARBON_RECEPTOR_PATHWAY_WP2873	45	29		
WP_ASPIRIN_AND_MIRNAS	19		Rejected!	
WP_ASPIRIN_PREVENTION_OF_CANCER_METASTASIS	7		Rejected!	
WP_ATM_SIGNALING	37	28		
WP_ATM_SIGNALING_IN_DEVELOPMENT_AND_DISEASE	47	38		
WP_ATOPIC_DERMATITIS_MECHANISM_AND_THERAPIES	21		Rejected!	
WP_ATR_SIGNALING	11		Rejected!	
WP_AUTOPHAGY	30	28		
WP_AUTOPHAGY_IN_PANCREATIC_DUCTAL_ADENOCARCINOMA	20	17		
WP_AUTOSOMAL_RECESSIVE_OSTEOPETROSIS_PATHWAYS	11		Rejected!	
WP_AXON_GUIDANCE	72	64		
WP_BARDETBIEDL_SYNDROME	88	84		
WP_BASE_EXCISION_REPAIR	31	30		
WP_BDNFTRKB_SIGNALING	33	29		
WP_BEMPEDOIC_ACID_THERAPY_IN_ATHEROSCLEROSIS_AND_METABOLIC_SYNDROME	26	20		
WP_BENZENE_METABOLISM	6		Rejected!	
WP_BENZOAPYRENE_METABOLISM	9		Rejected!	
WP_BILE_ACID_SYNTHESIS_AND_ENTEROHEPATIC_CIRCULATION	12		Rejected!	
WP_BIOGENIC_AMINE_SYNTHESIS	15		Rejected!	
WP_BIOMARKERS_FOR_PYRIMIDINE_METABOLISM_DISORDERS	15		Rejected!	
WP_BIOMARKERS_FOR_UREA_CYCLE_DISORDERS	12		Rejected!	
WP_BIOSYNTHESIS_AND_REGENERATION_OF_TETRAHYDROBIOPTERIN_AND_CATABOLISM_OF_PHENYLALANINE	15		Rejected!	
WP_BIOSYNTHESIS_AND_TURNOVER_OF_1DEOXYSPHINGOID_BASES	8		Rejected!	
WP_BIOTIN_METABOLISM_INCLUDING_IMDS	9		Rejected!	
WP_BLADDER_CANCER	40	34		
WP_BLOOD_CLOTTING_CASCADE	22		Rejected!	
WP_BMP2WNT4FOXO1_PATHWAY_IN_PRIMARY_ENDOMETRIAL_STROMAL_CELL_DIFFERENTIATION	13		Rejected!	
WP_BMP_SIGNALING_IN_EYELID_DEVELOPMENT	20	18		
WP_BONE_MORPHOGENIC_PROTEIN_SIGNALING_AND_REGULATION	12		Rejected!	
WP_BRAINDERIVED_NEUROTROPHIC_FACTOR_BDNF_SIGNALING	144	128		
WP_BREAST_CANCER_PATHWAY	154	132		
WP_BURN_WOUND_HEALING	113	77		
WP_B_CELL_RECEPTOR_SIGNALING	97	78		
WP_CALCIUM_MEDIATED_TCELL_APOPTOSIS_INVOLVED_IN_INCLUSION_BODY_MYOSITIS	20	16		
WP_CALCIUM_REGULATION_IN_CARDIAC_CELLS	151	129		
WP_CALORIC_RESTRICTION_AND_AGING	8		Rejected!	
WP_CAMKK2_PATHWAY	110	93		
WP_CANCER_IMMUNOTHERAPY_BY_CTLA4_BLOCKADE	14		Rejected!	
WP_CANCER_IMMUNOTHERAPY_BY_PD1_BLOCKADE	23		Rejected!	
WP_CANCER_PATHWAYS	507	411		
WP_CANNABINOID_RECEPTOR_SIGNALING	29	22		
WP_CANONICAL_AND_NONCANONICAL_NOTCH_SIGNALING	27	26		
WP_CANONICAL_AND_NONCANONICAL_TGFB_SIGNALING	17		Rejected!	
WP_CANONICAL_NFKB_PATHWAY	8		Rejected!	
WP_CARDIAC_HYPERTROPHIC_RESPONSE	55	44		
WP_CARDIAC_PROGENITOR_DIFFERENTIATION	53	37		
WP_CARDIOMYOCYTE_SIGNALING_CONVERGING_ON_TITIN	33	28		
WP_CATABOLISM_OF_SKELETAL_MUSCLE_IN_CACHEXIA	40	33		
WP_CATALYTIC_CYCLE_OF_MAMMALIAN_FLAVINCONTAINING_MONOOXYGENASES_FMOS	5		Rejected!	
WP_CCL18_SIGNALING	52	29		
WP_CELLS_AND_MOLECULES_INVOLVED_IN_LOCAL_ACUTE_INFLAMMATORY_RESPONSE	17		Rejected!	
WP_CELLTYPE_DEPENDENT_SELECTIVITY_OF_CCK2R_SIGNALING	13		Rejected!	
WP_CELLULAR_PROTEOSTASIS	6		Rejected!	
WP_CELL_CYCLE	120	102		
WP_CELL_DIFFERENTIATION_EXPANDED_INDEX	59		Rejected!	
WP_CELL_DIFFERENTIATION_INDEX	50		Rejected!	
WP_CELL_INTERACTIONS_IN_PANCREATIC_CANCER_MICROENVIRONMENT	27	18		
WP_CELL_LINEAGE_MAP_FOR_NEURONAL_DIFFERENTIATION	132	110		
WP_CEREBRAL_ORGANIC_ACIDURIAS_INCLUDING_DISEASES	8		Rejected!	
WP_CHEMOKINE_SIGNALING	165	129		
WP_CHOLESTASIS	19		Rejected!	
WP_CHOLESTEROL_BIOSYNTHESIS_PATHWAY	15		Rejected!	
WP_CHOLESTEROL_BIOSYNTHESIS_PATHWAY_IN_HEPATOCYTES	111	89		
WP_CHOLESTEROL_BIOSYNTHESIS_WITH_SKELETAL_DYSPLASIAS	7		Rejected!	
WP_CHOLESTEROL_METABOLISM	72	54		
WP_CHOLESTEROL_METABOLISM_WITH_BLOCH_AND_KANDUTSCHRUSSELL_PATHWAYS	47	41		
WP_CHOLESTEROL_SYNTHESIS_DISORDERS	18	15		
WP_CHROMOSOMAL_AND_MICROSATELLITE_INSTABILITY_IN_COLORECTAL_CANCER	73	56		
WP_CHRONIC_HYPERGLYCEMIA_IMPAIRMENT_OF_NEURON_FUNCTION	46	39		
WP_CILIARY_LANDSCAPE	215	189		
WP_CILIOPATHIES	184	176		
WP_CIRCADIAN_RHYTHM_GENES	201	162		
WP_CLASSICAL_PATHWAY_OF_STEROIDOGENESIS_WITH_GLUCOCORTICOID_AND_MINERALOCORTICOID_METABOLISM	16		Rejected!	
WP_CLEAR_CELL_RENAL_CELL_CARCINOMA_PATHWAYS	86	71		
WP_CLOCKCONTROLLED_AUTOPHAGY_IN_BONE_METABOLISM	80	71		
WP_CODEINE_AND_MORPHINE_METABOLISM	14		Rejected!	
WP_COHESIN_COMPLEX_CORNELIA_DE_LANGE_SYNDROME	34	30		
WP_COMMON_PATHWAYS_UNDERLYING_DRUG_ADDICTION	41	38		
WP_COMPLEMENTMEDIATED_INFLAMMATION_OF_PULMONARY_ALVEOLUS_IN_COVID19_HYPOTHETICAL_PATHWAY	12		Rejected!	
WP_COMPLEMENT_ACTIVATION	22	18		
WP_COMPLEMENT_AND_COAGULATION_CASCADES	58	43		
WP_COMPLEMENT_SYSTEM	96	67		
WP_COMPLEMENT_SYSTEM_IN_NEURONAL_DEVELOPMENT_AND_PLASTICITY	106	91		
WP_CONGENITAL_GENERALIZED_LIPODYSTROPHY	18	16		
WP_CONSTITUTIVE_ANDROSTANE_RECEPTOR_PATHWAY	31	16		
WP_CONTROL_OF_IMMUNE_TOLERANCE_BY_VASOACTIVE_INTESTINAL_PEPTIDE	13		Rejected!	
WP_CONVERSION_OF_ANGIOTENSINOGEN_TO_ANGIOTENSIN_II	5		Rejected!	
WP_COPPER_HOMEOSTASIS	53	43		
WP_CORI_CYCLE	17		Rejected!	
WP_CORTICOTROPINRELEASING_HORMONE_SIGNALING	92	71		
WP_COVID19_ADVERSE_OUTCOME_PATHWAY	15		Rejected!	
WP_COVID19_AND_ENDOTHELIAL_CELL_SENESCENCE	5		Rejected!	
WP_COVID19_STRUCTURAL_COVERAGE_MAP	26	24		
WP_COVID19_THROMBOSIS_AND_ANTICOAGULATION	7		Rejected!	
WP_CREATINE_PATHWAY	5		Rejected!	
WP_CYCLINDEPENDENT_KINASE_46_INHIBITORS_IN_BREAST_CANCER	38	32		
WP_CYSTEINE_AND_METHIONINE_CATABOLISM	15		Rejected!	
WP_CYTOKINECYTOKINE_RECEPTOR_INTERACTION	254	164		
WP_CYTOKINES_AND_INFLAMMATORY_RESPONSE	26	16		
WP_CYTOPLASMIC_RIBOSOMAL_PROTEINS	88	82		
WP_CYTOSINE_METHYLATION	8		Rejected!	
WP_CYTOSOLIC_DNASENSING_PATHWAY	73	50		
WP_DDX1_AS_A_REGULATORY_COMPONENT_OF_THE_DROSHA_MICROPROCESSOR	7		Rejected!	
WP_DEGRADATION_PATHWAY_OF_SPHINGOLIPIDS_INCLUDING_DISEASES	17		Rejected!	
WP_DENGUE2_INTERACTIONS_WITH_COMPLEMENT_AND_COAGULATION_CASCADES	59	43		
WP_DEREGULATION_OF_RAB_AND_RAB_EFFECTOR_GENES_IN_BLADDER_CANCER	16	16		
WP_DEVELOPMENT_AND_HETEROGENEITY_OF_THE_ILC_FAMILY	33	21		
WP_DEVELOPMENT_OF_PULMONARY_DENDRITIC_CELLS_AND_MACROPHAGE_SUBSETS	13		Rejected!	
WP_DEVELOPMENT_OF_URETERIC_DERIVED_COLLECTING_SYSTEM	48	45		
WP_DIFFERENTIATION_OF_WHITE_AND_BROWN_ADIPOCYTE	25	18		
WP_DISORDERS_IN_KETOLYSIS	5		Rejected!	
WP_DISORDERS_IN_KETONE_BODY_SYNTHESIS	5		Rejected!	
WP_DISORDERS_OF_BILE_ACID_SYNTHESIS_AND_BILIARY_TRANSPORT	29	22		
WP_DISORDERS_OF_FOLATE_METABOLISM_AND_TRANSPORT	19	18		
WP_DISORDERS_OF_FRUCTOSE_METABOLISM	14		Rejected!	
WP_DISORDERS_OF_GALACTOSE_METABOLISM	13		Rejected!	
WP_DISORDERS_OF_MITOCHONDRIAL_HOMEOSTATIS_DYNAMICS_PROTEIN_IMPORT_AND_QUALITY_CONTROL	62	57		
WP_DISORDERS_OF_NAD_METABOLISM	5		Rejected!	
WP_DISRUPTION_OF_POSTSYNAPTIC_SIGNALING_BY_CNV	33	30		
WP_DNAJB1PRKACA_FUSION_IN_FIBROLAMELLAR_LIVER_CANCER	11		Rejected!	
WP_DNA_DAMAGE_RESPONSE	69	59		
WP_DNA_DAMAGE_RESPONSE_ONLY_ATM_DEPENDENT	110	91		
WP_DNA_IRDAMAGE_AND_CELLULAR_RESPONSE_VIA_ATR	81	68		
WP_DNA_IRDOUBLE_STRAND_BREAKS_AND_CELLULAR_RESPONSE_VIA_ATM	55	47		
WP_DNA_MISMATCH_REPAIR	23	21		
WP_DNA_REPAIR_PATHWAYS_FULL_NETWORK	120	108		
WP_DNA_REPLICATION	42	39		
WP_DOPAMINERGIC_NEUROGENESIS	30	25		
WP_DOPAMINE_METABOLISM	13		Rejected!	
WP_DRAVET_SYNDROME	29	23		
WP_DRUG_INDUCTION_OF_BILE_ACID_PATHWAY	17		Rejected!	
WP_DUAL_HIJACK_MODEL_OF_VIF_IN_HIV_INFECTION	8		Rejected!	
WP_DYRK1A_INVOLVEMENT_REGARDING_CELL_PROLIFERATION_IN_BRAIN_DEVELOPMENT	62	58		
WP_EBOLA_VIRUS_INFECTION_IN_HOST	129	103		
WP_EBSTEINBARR_VIRUS_LMP1_SIGNALING	23	19		
WP_ECTODERM_DIFFERENTIATION	142	121		
WP_EDA_SIGNALING_IN_HAIR_FOLLICLE_DEVELOPMENT	13		Rejected!	
WP_EFFECTS_OF_MFN2_MUTATION	24	22		
WP_EFFECTS_OF_NITRIC_OXIDE	8		Rejected!	
WP_EFFECT_OF_DASATINIB_ON_THE_BCRABL_SIGNALING_PATHWAY	45	40		
WP_EFFECT_OF_INTESTINAL_MICROBIOME_ON_ANTICOAGULANT_RESPONSE_OF_VITAMIN_K_ANTAGONISTS	8		Rejected!	
WP_EFFECT_OF_OMEGA3_PUFA_ON_HUNTINGTONS_DISEASE_PATHWAYS	120	98		
WP_EFFECT_OF_PROGERIN_ON_GENES_INVOLVED_IN_PROGERIA	37	29		
WP_EGFEGFR_SIGNALING	162	143		
WP_EGFR_TYROSINE_KINASE_INHIBITOR_RESISTANCE	84	75		
WP_EICOSANOID_METABOLISM_VIA_CYCLOOXYGENASES_COX	31	26		
WP_EICOSANOID_METABOLISM_VIA_CYTOCHROME_P450_MONOOXYGENASES_PATHWAY	9		Rejected!	
WP_EICOSANOID_METABOLISM_VIA_LIPOOXYGENASES_LOX	29	24		
WP_EICOSANOID_SYNTHESIS	23	22		
WP_ELECTRON_TRANSPORT_CHAIN_OXPHOS_SYSTEM_IN_MITOCHONDRIA	105	94		
WP_EMBRYONIC_STEM_CELL_PLURIPOTENCY_PATHWAYS	117	97		
WP_ENDOCHONDRAL_OSSIFICATION	63	56		
WP_ENDOCHONDRAL_OSSIFICATION_WITH_SKELETAL_DYSPLASIAS	63	56		
WP_ENDODERM_DIFFERENTIATION	143	121		
WP_ENDOMETRIAL_CANCER	63	51		
WP_ENDOPLASMIC_RETICULUM_STRESS_RESPONSE_IN_CORONAVIRUS_INFECTION	46	43		
WP_ENDOTHELIN_PATHWAYS	33	28		
WP_ENERGY_METABOLISM	48	39		
WP_ENTEROCYTE_CHOLESTEROL_METABOLISM	36	28		
WP_ENTEROHEPATIC_CIRCULATION_OF_BILE_ACIDS	12		Rejected!	
WP_ENVELOPE_PROTEINS_AND_THEIR_POTENTIAL_ROLES_IN_EDMD_PHYSIOPATHOLOGY	46	40		
WP_EPAC1_AND_PKA_REDUCTION_OF_RETINAL_INFLAMMATION	8		Rejected!	
WP_EPITHELIAL_TO_MESENCHYMAL_TRANSITION_IN_COLORECTAL_CANCER	161	128		
WP_EPO_RECEPTOR_SIGNALING	26	23		
WP_ERBB_SIGNALING	92	78		
WP_ERK_PATHWAY_IN_HUNTINGTONS_DISEASE	17	16		
WP_ESTRADIOL_REGULATION_IN_PORTOSINUSOIDAL_VASCULAR_DISEASE	5		Rejected!	
WP_ESTROGEN_METABOLISM_WP5276	24		Rejected!	
WP_ESTROGEN_METABOLISM_WP697	18		Rejected!	
WP_ESTROGEN_RECEPTOR_PATHWAY	13		Rejected!	
WP_ESTROGEN_SIGNALING	23	18		
WP_ETHANOL_EFFECTS_ON_HISTONE_MODIFICATIONS	31	26		
WP_ETHANOL_METABOLISM_PRODUCTION_OF_ROS_BY_CYP2E1	9		Rejected!	
WP_ETHER_LIPID_BIOSYNTHESIS	20	17		
WP_EUKARYOTIC_TRANSCRIPTION_INITIATION	42	41		
WP_EV_RELEASE_FROM_CARDIAC_CELLS_AND_THEIR_FUNCTIONAL_EFFECTS	11		Rejected!	
WP_EXERCISEINDUCED_CIRCADIAN_REGULATION	48	44		
WP_EXERCISE_AND_HYPERTROPHY_IN_SKELETAL_MUSCLE	20	17		
WP_EXRNA_MECHANISM_OF_ACTION_AND_BIOGENESIS	6		Rejected!	
WP_EXTRACELLULAR_VESICLEMEDIATED_SIGNALING_IN_RECIPIENT_CELLS	29	20		
WP_EXTRACELLULAR_VESICLES_IN_THE_CROSSTALK_OF_CARDIAC_CELLS	21	16		
WP_EXTRAFOLLICULAR_AND_FOLLICULAR_B_CELL_ACTIVATION_BY_SARSCOV2	74	45		
WP_FACTORS_AND_PATHWAYS_AFFECTING_INSULINLIKE_GROWTH_FACTOR_IGF1AKT_SIGNALING	36	31		
WP_FAMILIAL_HYPERLIPIDEMIA_TYPE_1	18		Rejected!	
WP_FAMILIAL_HYPERLIPIDEMIA_TYPE_2	16		Rejected!	
WP_FAMILIAL_HYPERLIPIDEMIA_TYPE_3	13		Rejected!	
WP_FAMILIAL_HYPERLIPIDEMIA_TYPE_4	22	17		
WP_FAMILIAL_HYPERLIPIDEMIA_TYPE_5	15		Rejected!	
WP_FAMILIAL_PARTIAL_LIPODYSTROPHY	30	26		
WP_FANCONI_ANEMIA	47	36		
WP_FARNESOID_X_RECEPTOR_PATHWAY	19		Rejected!	
WP_FAS_LIGAND_PATHWAY_AND_STRESS_INDUCTION_OF_HEAT_SHOCK_PROTEINS	44	35		
WP_FATTY_ACID_AND_LIPOPROTEIN_TRANSPORT_IN_HEPATOCYTES	381	335		
WP_FATTY_ACID_BETAOXIDATION	34	27		
WP_FATTY_ACID_BIOSYNTHESIS	22	22		
WP_FATTY_ACID_OMEGAOXIDATION	15		Rejected!	
WP_FATTY_ACID_TRANSPORTERS	18		Rejected!	
WP_FBXL10_ENHANCEMENT_OF_MAPERK_SIGNALING_IN_DIFFUSE_LARGE_BCELL_LYMPHOMA	33	21		
WP_FEMALE_STEROID_HORMONES_IN_CARDIOMYOCYTE_ENERGY_METABOLISM	14		Rejected!	
WP_FERROPTOSIS	64	57		
WP_FGF23_SIGNALING_IN_HYPOPHOSPHATEMIC_RICKETS_AND_RELATED_DISORDERS	23	15		
WP_FGFR3_SIGNALING_IN_CHONDROCYTE_PROLIFERATION_AND_TERMINAL_DIFFERENTIATION	27	24		
WP_FIBRIN_COMPLEMENT_RECEPTOR_3_SIGNALING	44	34		
WP_FIBROTIC_RESPONSE_OF_HUMAN_TRABECULAR_MESHWORK_CELLS_TO_TRANSFORMING_GROWTH_FACTORBETA_3_TGFB3_AND_AUTOTAXIN_ENPP2_OR_ATX_IN_AQUEOUS_HUMOR	15		Rejected!	
WP_FLUOROACETIC_ACID_TOXICITY	6		Rejected!	
WP_FLUOROPYRIMIDINE_ACTIVITY	34	28		
WP_FOCAL_ADHESION	199	172		
WP_FOCAL_ADHESION_PI3KAKTMTORSIGNALING	303	255		
WP_FOLATEALCOHOL_AND_CANCER_PATHWAY_HYPOTHESES	9		Rejected!	
WP_FOLATE_METABOLISM	69	43		
WP_FOLLICLE_STIMULATING_HORMONE_FSH_SIGNALING	27	20		
WP_FOXA2_PATHWAY	21	17		
WP_FOXP3_IN_COVID19	15		Rejected!	
WP_FRAGILE_X_SYNDROME	121	107		
WP_FTO_OBESITY_VARIANT_MECHANISM	8		Rejected!	
WP_G13_SIGNALING	38	33		
WP_G1_TO_S_CELL_CYCLE_CONTROL	64	55		
WP_GABA_METABOLISM_AKA_GHB	11		Rejected!	
WP_GABA_RECEPTOR_SIGNALING	31	29		
WP_GALANIN_RECEPTOR_PATHWAY	21		Rejected!	
WP_GAMMAGLUTAMYL_CYCLE_FOR_THE_BIOSYNTHESIS_AND_DEGRADATION_OF_GLUTATHIONE_INCLUDING_DISEASES	6		Rejected!	
WP_GANGLIO_SERIES_SPHINGOLIPID_METABOLISM	13		Rejected!	
WP_GANGLIO_SPHINGOLIPID_METABOLISM	13		Rejected!	
WP_GASTRIC_ACID_PRODUCTION	11		Rejected!	
WP_GASTRIC_CANCER_NETWORK_1	28	26		
WP_GASTRIC_CANCER_NETWORK_2	32	27		
WP_GASTRIN_SIGNALING	115	96		
WP_GDNFRET_SIGNALING_AXIS	31	26		
WP_GENES_ASSOCIATED_WITH_THE_DEVELOPMENT_OF_RHEUMATOID_ARTHRITIS	18		Rejected!	
WP_GENES_CONTROLLING_NEPHROGENESIS	46	39		
WP_GENES_RELATED_TO_PRIMARY_CILIUM_DEVELOPMENT_BASED_ON_CRISPR	103	99		
WP_GENES_TARGETED_BY_MIRNAS_IN_ADIPOCYTES	18		Rejected!	
WP_GENETIC_CAUSES_OF_PORTOSINUSOIDAL_VASCULAR_DISEASE	37	30		
WP_GENE_REGULATORY_NETWORK_MODELING_SOMITOGENESIS	11		Rejected!	
WP_GLIAL_CELL_DIFFERENTIATION	8		Rejected!	
WP_GLIOBLASTOMA_SIGNALING	83	61		
WP_GLP1_FROM_INTESTINE_AND_PANCREAS_AND_ROLE_IN_GLUCOSE_HOMEOSTASIS	6		Rejected!	
WP_GLP1_IN_PANCREATIC_ISLET_CELLS	7		Rejected!	
WP_GLP1_SECRETION_FROM_INTESTINE_TO_PORTAL_VEIN	5		Rejected!	
WP_GLUCOCORTICOID_BIOSYNTHESIS	14		Rejected!	
WP_GLUCOCORTICOID_RECEPTOR_PATHWAY	70	59		
WP_GLUCOSE_METABOLISM_IN_TRIPLENEGATIVE_BREAST_CANCER_CELLS	8		Rejected!	
WP_GLUCURONIDATION	26		Rejected!	
WP_GLUTATHIONE_METABOLISM	19	18		
WP_GLYCEROLIPIDS_AND_GLYCEROPHOSPHOLIPIDS	22	21		
WP_GLYCEROPHOSPHOLIPID_BIOSYNTHETIC_PATHWAY	30	28		
WP_GLYCINE_METABOLISM_INCLUDING_IMDS	15		Rejected!	
WP_GLYCOGEN_SYNTHESIS_AND_DEGRADATION	40	36		
WP_GLYCOLYSIS_AND_GLUCONEOGENESIS	45	36		
WP_GLYCOLYSIS_IN_SENESCENCE	11		Rejected!	
WP_GLYCOSAMINOGLYCAN_DEGRADATION	17	16		
WP_GLYCOSAMINOGLYCAN_SYNTHESIS_IN_FIBROBLASTS	41	40		
WP_GLYCOSPHINGOLIPID_METABOLISM	21	19		
WP_GLYCOSYLATION_AND_RELATED_CONGENITAL_DEFECTS	25	24		
WP_GLYCOSYLPHOSPHATIDYL_INOSITOL_ANCHOR_PATHWAY	26	24		
WP_GLYOXYLATE_METABOLISM	11		Rejected!	
WP_GNAQ_PATHWAYS_IN_PORTWINE_STAIN	21	18		
WP_GNAQ_PR183Q_DRIVES_CAPILLARY_MALFORMATION	25	23		
WP_GPCRS_CLASS_A_RHODOPSINLIKE	260	140		
WP_GPCRS_CLASS_B_SECRETINLIKE	24	18		
WP_GPCRS_CLASS_C_METABOTROPIC_GLUTAMATE_PHEROMONE	15		Rejected!	
WP_GPCRS_OTHER	93	56		
WP_GPR143_IN_MELANOCYTES_AND_RETINAL_PIGMENT_EPITHELIUM_CELLS	30	25		
WP_GPR40_ROLE_IN_INSULIN_SECRETION	15		Rejected!	
WP_GROWTH_FACTORS_AND_HORMONES_IN_BETA_CELL_PROLIFERATION	26	23		
WP_G_PROTEIN_SIGNALING	91	79		
WP_H19_RBE2F1_AND_CDKBETACATENIN_IN_COLORECTAL_CANCER	16		Rejected!	
WP_HAIR_FOLLICLE_DEVELOPMENT_CYTODIFFERENTIATION_STAGE_3_OF_3	87	60		
WP_HAIR_FOLLICLE_DEVELOPMENT_ORGANOGENESIS_STAGE_2_OF_3	32	28		
WP_HALLMARK_OF_CANCER_METASTASIS_AND_EPITHELIALTOMESENCHYMAL_TRANSITION	23	18		
WP_HALLMARK_OF_CANCER_NONMUTATIONAL_EPIGENETIC_REPROGRAMMING	17		Rejected!	
WP_HALLMARK_OF_CANCER_SUSTAINING_PROLIFERATIVE_SIGNALING	98	82		
WP_HDAC6_INTERACTIONS_IN_THE_CENTRAL_NERVOUS_SYSTEM	113	100		
WP_HEAD_AND_NECK_SQUAMOUS_CELL_CARCINOMA	74	56		
WP_HEART_DEVELOPMENT	47	39		
WP_HEDGEHOG_SIGNALING_WP4249	43	37		
WP_HEDGEHOG_SIGNALING_WP47	16		Rejected!	
WP_HEMATOPOIETIC_STEM_CELL_DIFFERENTIATION	63	40		
WP_HEMATOPOIETIC_STEM_CELL_GENE_REGULATION_BY_GABP_ALPHABETA_COMPLEX	21	15		
WP_HEMESYNTHESIS_DEFECTS_AND_PORPHYRIAS	9		Rejected!	
WP_HEME_BIOSYNTHESIS	9		Rejected!	
WP_HEPATITIS_B_INFECTION	151	108		
WP_HEPATITIS_C_AND_HEPATOCELLULAR_CARCINOMA	56	34		
WP_HEPATOCYTE_GROWTH_FACTOR_RECEPTOR_SIGNALING	34	29		
WP_HEREDITARY_LEIOMYOMATOSIS_AND_RENAL_CELL_CARCINOMA_PATHWAY	20	18		
WP_HFE_EFFECT_ON_HEPCIDIN_PRODUCTION	7		Rejected!	
WP_HIF1A_AND_PPARG_IN_HYPERTROPHIC_CARDIOMYOPATHY	9		Rejected!	
WP_HIJACK_OF_UBIQUITINATION_BY_SARSCOV2	8		Rejected!	
WP_HIPPOCAMPAL_SYNAPTOGENESIS_AND_NEUROGENESIS	27	23		
WP_HIPPOMERLIN_SIGNALING_DYSREGULATION	121	106		
WP_HIPPOYAP_SIGNALING	22	21		
WP_HIPPO_SIGNALING_REGULATION	98	85		
WP_HISTONE_MODIFICATIONS	65	49		
WP_HOMOLOGOUS_RECOMBINATION	13		Rejected!	
WP_HORMONAL_CONTROL_OF_PUBERTAL_GROWTH_SPURT	5		Rejected!	
WP_HOSTPATHOGEN_INTERACTION_OF_HUMAN_CORONAVIRUSES_APOPTOSIS	22	15		
WP_HOSTPATHOGEN_INTERACTION_OF_HUMAN_CORONAVIRUSES_AUTOPHAGY	19	19		
WP_HOSTPATHOGEN_INTERACTION_OF_HUMAN_CORONAVIRUSES_INTERFERON_INDUCTION	33	27		
WP_HOSTPATHOGEN_INTERACTION_OF_HUMAN_CORONAVIRUSES_MAPK_SIGNALING	36	29		
WP_HSPB3	17		Rejected!	
WP_HUNGER_AND_SATIETY	8		Rejected!	
WP_HYPOTHESIZED_PATHWAYS_IN_PATHOGENESIS_OF_CARDIOVASCULAR_DISEASE	25	18		
WP_HYPOTHETICAL_CRANIOFACIAL_DEVELOPMENT_PATHWAY	7		Rejected!	
WP_IDO_METABOLIC_PATHWAY	11		Rejected!	
WP_ID_SIGNALING	16		Rejected!	
WP_IL10_ANTIINFLAMMATORY_SIGNALING	12		Rejected!	
WP_IL11_SIGNALING	44	39		
WP_IL17_SIGNALING	32	25		
WP_IL18_SIGNALING	273	221		
WP_IL19_SIGNALING	28	20		
WP_IL1_AND_MEGAKARYOCYTES_IN_OBESITY	24	15		
WP_IL1_SIGNALING	55	47		
WP_IL23_INHIBITORS_IN_INFLAMMATORY_BOWEL_DISEASE	18		Rejected!	
WP_IL26_SIGNALING	47	33		
WP_IL2_SIGNALING	42	35		
WP_IL3_SIGNALING	49	39		
WP_IL4_SIGNALING	54	41		
WP_IL5_SIGNALING	40	32		
WP_IL6_SIGNALING	43	36		
WP_IL7_SIGNALING	25	19		
WP_IL9_SIGNALING	17		Rejected!	
WP_IMATINIB_AND_CHRONIC_MYELOID_LEUKEMIA	20	18		
WP_IMMUNE_INFILTRATION_IN_PANCREATIC_CANCER	39	24		
WP_IMMUNE_RESPONSE_TO_TUBERCULOSIS	23	22		
WP_INCLUSION_BODY_MYOSITIS	11		Rejected!	
WP_INDUCTION_OF_AUTOPHAGY_AND_TOLLLIKE_RECEPTOR_SIGNALING_BY_GRAPHENE_OXIDE	11		Rejected!	
WP_INFLAMMATORY_BOWEL_DISEASE_SIGNALING	43	25		
WP_INFLAMMATORY_RESPONSE_PATHWAY	30	19		
WP_INFLUENCE_OF_LAMINOPATHIES_ON_WNT_SIGNALING	37	28		
WP_INHIBITION_OF_EXOSOME_BIOGENESIS_AND_SECRETION_BY_MANUMYCIN_A_IN_CRPC_CELLS	18	17		
WP_INHIBITION_OF_GNAQREGULATED_SIGNALING_IN_UVEAL_MELANOMA	33	26		
WP_INITIATION_OF_TRANSCRIPTION_AND_TRANSLATION_ELONGATION_AT_THE_HIV1_LTR	32	27		
WP_INSULIN_SIGNALING	160	133		
WP_INSULIN_SIGNALING_IN_ADIPOCYTES_DIABETIC_CONDITION	8		Rejected!	
WP_INSULIN_SIGNALING_IN_ADIPOCYTES_NORMAL_CONDITION	8		Rejected!	
WP_INTEGRATED_BREAST_CANCER_PATHWAY	156	120		
WP_INTEGRATED_CANCER_PATHWAY	48	33		
WP_INTEGRINMEDIATED_CELL_ADHESION	102	88		
WP_INTERACTIONS_BETWEEN_IMMUNE_CELLS_AND_MICRORNAS_IN_TUMOR_MICROENVIRONMENT	48	18		
WP_INTERACTIONS_BETWEEN_LOXL4_AND_OXIDATIVE_STRESS_PATHWAY	18	17		
WP_INTERACTIONS_OF_NATURAL_KILLER_CELLS_IN_PANCREATIC_CANCER	28	17		
WP_INTERACTOME_OF_POLYCOMB_REPRESSIVE_COMPLEX_2_PRC2	16		Rejected!	
WP_INTERFERONMEDIATED_SIGNALING	37	15		
WP_INTERFERON_TYPE_I_SIGNALING	54	44		
WP_INTERLEUKIN1_IL1_STRUCTURAL_PATHWAY	49	43		
WP_INTERLEUKIN1_INDUCED_ACTIVATION_OF_NFKB	10		Rejected!	
WP_INTRACELLULAR_TRAFFICKING_PROTEINS_INVOLVED_IN_CMT_NEUROPATHY	27	23		
WP_INTRAFLAGELLAR_TRANSPORT_PROTEINS_BINDING_TO_DYNEIN	27	27		
WP_INVOLVEMENT_OF_SECRETASE_IN_NEURODEGENERATIVE_DISEASES	17	15		
WP_IRINOTECAN_PATHWAY	12		Rejected!	
WP_IRONSULFUR_CLUSTER_BIOGENESIS	15	15		
WP_IRON_METABOLISM_DISORDERS	17		Rejected!	
WP_IRON_METABOLISM_IN_PLACENTA	12		Rejected!	
WP_JAKSTAT_SIGNALING_AND_ARTD_FAMILY_MEMBERS	14		Rejected!	
WP_JAKSTAT_SIGNALING_IN_THE_REGULATION_OF_BETA_CELLS	34	29		
WP_JOUBERT_SYNDROME	76	71		
WP_KALLMANN_SYNDROME	24	20		
WP_KCNQ2RELATED_EPILEPSIES	19	17		
WP_KENNEDY_PATHWAY_FROM_SPHINGOLIPIDS	14		Rejected!	
WP_KETOGENESIS_AND_KETOLYSIS	8		Rejected!	
WP_KININKALLIKREIN_PATHWAY	7		Rejected!	
WP_KISSPEPTINKISSPEPTIN_RECEPTOR_SYSTEM_IN_THE_OVARY	39	31		
WP_KIT_RECEPTOR_SIGNALING	59	52		
WP_KLEEFSTRA_SYNDROME	29	23		
WP_KREBS_CYCLE_DISORDERS	13		Rejected!	
WP_KYNURENINE_PATHWAY_AND_LINKS_TO_CELL_SENESCENCE	24	17		
WP_LACTATE_SHUTTLE_IN_GLIAL_CELLS	13		Rejected!	
WP_LACTO_SERIES_SPHINGOLIPID_METABOLISM	6		Rejected!	
WP_LDLRAD4_AND_WHAT_WE_KNOW_ABOUT_IT	8		Rejected!	
WP_LDL_INFLUENCE_ON_CD14_AND_TLR4	23	19		
WP_LEPTININSULIN_SIGNALING_OVERLAP	17		Rejected!	
WP_LEPTIN_AND_ADIPONECTIN	10		Rejected!	
WP_LEPTIN_SIGNALING	76	66		
WP_LET7_INHIBITION_OF_ES_CELL_REPROGRAMMING	15		Rejected!	
WP_LEUCINE_ISOLEUCINE_AND_VALINE_METABOLISM	24	23		
WP_LEUKOCYTEINTRINSIC_HIPPO_PATHWAY_FUNCTIONS	35	30		
WP_LEUKOTRIENE_METABOLIC_PATHWAY	13		Rejected!	
WP_LINOLEIC_ACID_METABOLISM_AFFECTED_BY_SARSCOV2	6		Rejected!	
WP_LIPID_METABOLISM_IN_SENESCENT_CELLS	20		Rejected!	
WP_LIPID_METABOLISM_PATHWAY	29	22		
WP_LIPID_PARTICLES_COMPOSITION	10		Rejected!	
WP_LIVER_X_RECEPTOR_PATHWAY	10		Rejected!	
WP_LNCRNALIKE_NMRK2_IN_TRANSLOCATION_RENAL_CELL_CARCINOMA	9		Rejected!	
WP_LNCRNAMEDIATED_MECHANISMS_OF_THERAPEUTIC_RESISTANCE	11		Rejected!	
WP_LNCRNA_IN_CANONICAL_WNT_SIGNALING_AND_COLORECTAL_CANCER	98	83		
WP_LTF_DANGER_SIGNAL_RESPONSE_PATHWAY	19		Rejected!	
WP_LUNG_FIBROSIS	63	47		
WP_LUNG_PATHOLOGY_OF_COVID19	20	16		
WP_MACROPHAGESTIMULATING_PROTEIN_MSP_SIGNALING	108	86		
WP_MACROPHAGE_MARKERS	9		Rejected!	
WP_MAJOR_RECEPTORS_TARGETED_BY_EPINEPHRINE_AND_NOREPINEPHRINE	16	15		
WP_MALE_INFERTILITY	145	99		
WP_MALE_STEROID_HORMONES_IN_CARDIOMYOCYTE_ENERGY_METABOLISM	13		Rejected!	
WP_MAMMALIAN_DISORDER_OF_SEXUAL_DEVELOPMENT	25	18		
WP_MAMMARY_GLAND_DEVELOPMENT_EMBRYONIC_DEVELOPMENT_STAGE_1_OF_4	18		Rejected!	
WP_MAMMARY_GLAND_DEVELOPMENT_INVOLUTION_STAGE_4_OF_4	10		Rejected!	
WP_MAMMARY_GLAND_DEVELOPMENT_PREGNANCY_AND_LACTATION_STAGE_3_OF_4	46	37		
WP_MAMMARY_GLAND_DEVELOPMENT_PUBERTY_STAGE_2_OF_4	13		Rejected!	
WP_MAP3K1_ROLE_IN_PROMOTING_AND_BLOCKING_GONADAL_DETERMINATION	17	15		
WP_MAPK_AND_NFKB_SIGNALING_INHIBITED_BY_YERSINIA_YOPJ	12		Rejected!	
WP_MAPK_CASCADE	33	27		
WP_MAPK_PATHWAY_IN_CONGENITAL_THYROID_CANCER	16		Rejected!	
WP_MAPK_SIGNALING	246	205		
WP_MAPK_SIGNALING_AND_ARTD_FAMILY_MEMBERS	32	26		
WP_MARKERS_OF_KIDNEY_CELL_LINEAGE	58	51		
WP_MATRIX_METALLOPROTEINASES	30	25		
WP_MBDNF_AND_PROBDNF_REGULATION_OF_GABA_NEUROTRANSMISSION	38	31		
WP_MEASLES_VIRUS_INFECTION	136	94		
WP_MECHANOREGULATION_AND_PATHOLOGY_OF_YAPTAZ_VIA_HIPPO_AND_NONHIPPO_MECHANISMS	47	41		
WP_MECP2_AND_ASSOCIATED_RETT_SYNDROME	73	62		
WP_MELANOMA	68	54		
WP_MELATONIN_METABOLISM_AND_EFFECTS	37	28		
WP_MESODERMAL_COMMITMENT_PATHWAY	153	127		
WP_METABOLIC_EPILEPTIC_DISORDERS	91	73		
WP_METABOLIC_PATHWAYS_OF_FIBROBLASTS	32	31		
WP_METABOLIC_PATHWAY_OF_LDL_HDL_AND_TG_INCLUDING_DISEASES	17		Rejected!	
WP_METABOLIC_REPROGRAMMING_IN_COLON_CANCER	42	39		
WP_METABOLIC_REPROGRAMMING_IN_PANCREATIC_CANCER	42	35		
WP_METABOLISM_OF_ALPHALINOLENIC_ACID	6		Rejected!	
WP_METABOLISM_OF_SPHINGOLIPIDS_IN_ER_AND_GOLGI_APPARATUS	21	16		
WP_METAPATHWAY_BIOTRANSFORMATION_PHASE_I_AND_II	183	120		
WP_METASTATIC_BRAIN_TUMOR	25		Rejected!	
WP_METHIONINE_DE_NOVO_AND_SALVAGE_PATHWAY	22	20		
WP_METHIONINE_METABOLISM_LEADING_TO_SULFUR_AMINO_ACIDS_AND_RELATED_DISORDERS	11		Rejected!	
WP_METHYLATION_PATHWAYS	9		Rejected!	
WP_MET_IN_TYPE_1_PAPILLARY_RENAL_CELL_CARCINOMA	59	50		
WP_MEVALONATE_ARM_OF_CHOLESTEROL_BIOSYNTHESIS_PATHWAY	13		Rejected!	
WP_MEVALONATE_PATHWAY	7		Rejected!	
WP_MFAP5MEDIATED_OVARIAN_CANCER_CELL_MOTILITY_AND_INVASIVENESS	13		Rejected!	
WP_MFAP5_EFFECT_ON_PERMEABILITY_AND_MOTILITY_OF_ENDOTHELIAL_CELLS_VIA_CYTOSKELETON_REARRANGEMENT	18		Rejected!	
WP_MICROGLIA_PATHOGEN_PHAGOCYTOSIS_PATHWAY	40	27		
WP_MICRORNAS_IN_CARDIOMYOCYTE_HYPERTROPHY	104	68		
WP_MICRORNA_FOR_TARGETING_CANCER_GROWTH_AND_VASCULARIZATION_IN_GLIOBLASTOMA	9		Rejected!	
WP_MICRORNA_NETWORK_ASSOCIATED_WITH_CHRONIC_LYMPHOCYTIC_LEUKEMIA	10		Rejected!	
WP_MICROTUBULE_CYTOSKELETON_REGULATION	48	40		
WP_MINERALOCORTICOID_BIOSYNTHESIS	14		Rejected!	
WP_MIR124_PREDICTED_INTERACTIONS_WITH_CELL_CYCLE_AND_DIFFERENTIATION	6		Rejected!	
WP_MIR222_IN_EXERCISEINDUCED_CARDIAC_GROWTH	5		Rejected!	
WP_MIR5093P_ALTERATION_OF_YAP1ECM_AXIS	18	15		
WP_MIR517_RELATIONSHIP_WITH_ARCN1_AND_USP1	5		Rejected!	
WP_MIRNAS_INVOLVED_IN_DNA_DAMAGE_RESPONSE	68		Rejected!	
WP_MIRNA_BIOGENESIS	6		Rejected!	
WP_MIRNA_REGULATION_OF_DNA_DAMAGE_RESPONSE	98	60		
WP_MIRNA_REGULATION_OF_P53_PATHWAY_IN_PROSTATE_CANCER	31	19		
WP_MIRNA_REGULATION_OF_PROSTATE_CANCER_SIGNALING	49	27		
WP_MIRNA_ROLE_IN_IMMUNE_RESPONSE_IN_SEPSIS	65	29		
WP_MIRNA_TARGETS_IN_ECM_AND_MEMBRANE_RECEPTORS	43	17		
WP_MIRTARGETED_GENES_IN_ADIPOCYTES	33		Rejected!	
WP_MIRTARGETED_GENES_IN_LEUKOCYTES	156	112		
WP_MIRTARGETED_GENES_IN_LYMPHOCYTES	484	367		
WP_MIRTARGETED_GENES_IN_MUSCLE_CELL	397	290		
WP_MIRTARGETED_GENES_IN_SQUAMOUS_CELL	157	110		
WP_MITOCHONDRIAL_BETAOXIDATION	9		Rejected!	
WP_MITOCHONDRIAL_CARRIER_DEFICIENCY_ASSOCIATED_WITH_SHUTTLE_DISTURBANCES	5		Rejected!	
WP_MITOCHONDRIAL_COMPLEX_III_ASSEMBLY	16	15		
WP_MITOCHONDRIAL_COMPLEX_II_ASSEMBLY	8		Rejected!	
WP_MITOCHONDRIAL_COMPLEX_IV_ASSEMBLY	34	34		
WP_MITOCHONDRIAL_COMPLEX_I_ASSEMBLY_MODEL_OXPHOS_SYSTEM	56	54		
WP_MITOCHONDRIAL_FATTY_ACID_OXIDATION_DISORDERS	19	19		
WP_MITOCHONDRIAL_FATTY_ACID_SYNTHESIS_PATHWAY	6		Rejected!	
WP_MITOCHONDRIAL_FISSION_AND_FUSION	13		Rejected!	
WP_MITOCHONDRIAL_GENE_EXPRESSION	19	17		
WP_MITOCHONDRIAL_IMMUNE_RESPONSE_TO_SARSCOV2	33	29		
WP_MITOCHONDRIAL_LONG_CHAIN_FATTY_ACID_BETAOXIDATION	17	17		
WP_MODULATION_OF_PI3KAKTMTOR_SIGNALING_BY_BIOACTIVE_SPHINGOLIPIDS	14		Rejected!	
WP_MODULATORS_OF_TCR_SIGNALING_AND_T_CELL_ACTIVATION	61	49		
WP_MOLECULAR_PATHWAY_FOR_OXIDATIVE_STRESS	48	35		
WP_MOLYBDENUM_COFACTOR_MOCO_BIOSYNTHESIS	7		Rejected!	
WP_MONOAMINE_GPCRS	33	28		
WP_MONOAMINE_TRANSPORT	32	24		
WP_MRNA_PROCESSING	126	116		
WP_MRNA_PROTEIN_AND_METABOLITE_INDUCATION_PATHWAY_BY_CYCLOSPORIN_A	7		Rejected!	
WP_MRNA_VACCINE_ACTIVATION_OF_DENDRITIC_CELL_AND_INDUCTION_OF_IFN1	10		Rejected!	
WP_MTHFR_DEFICIENCY	24	21		
WP_MULTIPLE_EPIPHYSEAL_DYSPLASIA_AND_PSEUDOACHONDROPLASIA_GENES	6		Rejected!	
WP_MYD88_DISTINCT_INPUTOUTPUT_PATHWAY	18		Rejected!	
WP_MYOMETRIAL_RELAXATION_AND_CONTRACTION_PATHWAYS	156	127		
WP_NAD_BIOSYNTHESIS_II_FROM_TRYPTOPHAN	8		Rejected!	
WP_NAD_BIOSYNTHETIC_PATHWAYS	22	17		
WP_NAD_METABOLISM	16	15		
WP_NAD_METABOLISM_IN_ONCOGENEINDUCED_SENESCENCE_AND_MITOCHONDRIAL_DYSFUNCTIONASSOCIATED_SENESCENCE	23	20		
WP_NAD_METABOLISM_SIRTUINS_AND_AGING	11		Rejected!	
WP_NANOMATERIALINDUCED_INFLAMMASOME_ACTIVATION	7		Rejected!	
WP_NANOMATERIAL_INDUCED_APOPTOSIS	20	17		
WP_NANOPARTICLEMEDIATED_ACTIVATION_OF_RECEPTOR_SIGNALING	28	27		
WP_NANOPARTICLE_TRIGGERED_AUTOPHAGIC_CELL_DEATH	23	20		
WP_NANOPARTICLE_TRIGGERED_REGULATED_NECROSIS	12		Rejected!	
WP_NCRNAS_INVOLVED_IN_STAT3_SIGNALING_IN_HEPATOCELLULAR_CARCINOMA	17		Rejected!	
WP_NCRNAS_IN_WNT_SIGNALING_IN_HEPATOCELLULAR_CARCINOMA	89	76		
WP_NEOLACTO_SERIES_SPHINGOLIPID_METABOLISM	11		Rejected!	
WP_NEOVASCULARIZATION_PROCESSES	37	31		
WP_NEPHROGENESIS	18	16		
WP_NEPHROTIC_SYNDROME	45	39		
WP_NETRINUNC5B_SIGNALING	52	44		
WP_NETWORK_MAP_OF_SARSCOV2_SIGNALING	254	188		
WP_NEURAL_CREST_CELL_MIGRATION_DURING_DEVELOPMENT	40	33		
WP_NEURAL_CREST_CELL_MIGRATION_IN_CANCER	43	36		
WP_NEURAL_CREST_DIFFERENTIATION	101	85		
WP_NEURODEGENERATION_WITH_BRAIN_IRON_ACCUMULATION_NBIA_SUBTYPES_PATHWAY	44	38		
WP_NEUROGENESIS_REGULATION_IN_THE_OLFACTORY_EPITHELIUM	57	43		
WP_NEUROINFLAMMATION	13		Rejected!	
WP_NEUROINFLAMMATION_AND_GLUTAMATERGIC_SIGNALING	140	118		
WP_NEUROTRANSMITTER_DISORDERS	10		Rejected!	
WP_NF1_COPY_NUMBER_VARIATION_SYNDROME	109	83		
WP_NFKB_SIGNALING_AND_ARTD_FAMILY_MEMBERS	28	26		
WP_NGLYCAN_BIOSYNTHESIS	57	51		
WP_NICOTINE_EFFECT_ON_DOPAMINERGIC_NEURONS	21	21		
WP_NICOTINE_METABOLISM_IN_LIVER_CELLS	6		Rejected!	
WP_NIPBL_ROLE_IN_DNA_DAMAGE_CORNELIA_DE_LANGE_SYNDROME	8		Rejected!	
WP_NITRIC_OXIDE_METABOLISM_IN_CYSTIC_FIBROSIS	13		Rejected!	
WP_NOCGMPPKG_MEDIATED_NEUROPROTECTION	47	39		
WP_NODLIKE_RECEPTOR_NLR_SIGNALING	9		Rejected!	
WP_NONALCOHOLIC_FATTY_LIVER_DISEASE	155	125		
WP_NONCLASSICAL_ROLE_OF_VITAMIN_D	8		Rejected!	
WP_NONGENOMIC_ACTIONS_OF_125DIHYDROXYVITAMIN_D3	75	59		
WP_NONHOMOLOGOUS_END_JOINING	10		Rejected!	
WP_NONSMALL_CELL_LUNG_CANCER	72	61		
WP_NOTCH1_REGULATION_OF_ENDOTHELIAL_CELL_CALCIFICATION	17	17		
WP_NOTCH_SIGNALING_WP268	45	39		
WP_NOTCH_SIGNALING_WP61	61	50		
WP_NOVEL_INTRACELLULAR_COMPONENTS_OF_RIGILIKE_RECEPTOR_PATHWAY	60	48		
WP_NPHP1_DELETION_SYNDROME	11		Rejected!	
WP_NRF2ARE_REGULATION	23	21		
WP_NRF2_PATHWAY	141	108		
WP_NRP1TRIGGERED_SIGNALING_IN_PANCREATIC_CANCER	54	47		
WP_NRXN1_DELETION_SYNDROME	18	15		
WP_NSP1_FROM_SARSCOV2_INHIBITS_TRANSLATION_INITIATION_IN_THE_HOST_CELL	16	15		
WP_NUCLEAR_RECEPTORS	38	34		
WP_NUCLEAR_RECEPTORS_IN_LIPID_METABOLISM_AND_TOXICITY	35	22		
WP_NUCLEAR_RECEPTORS_METAPATHWAY	314	239		
WP_NUCLEOTIDEBINDING_OLIGOMERIZATION_DOMAIN_NOD_PATHWAY	41	33		
WP_NUCLEOTIDE_EXCISION_REPAIR	44	41		
WP_NUCLEOTIDE_EXCISION_REPAIR_IN_XERODERMA_PIGMENTOSUM	75	64		
WP_NUCLEOTIDE_GPCRS	11		Rejected!	
WP_OCTADECANOID_FORMATION_FROM_LINOLEIC_ACID	13		Rejected!	
WP_OLIGODENDROCYTE_SPECIFICATION_AND_DIFFERENTIATION_LEADING_TO_MYELIN_COMPONENTS_FOR_CNS	30	27		
WP_OMEGA3FATTY_ACIDS_IN_SENESCENCE	32	26		
WP_OMEGA3_OMEGA6_FATTY_ACID_SYNTHESIS	15	15		
WP_OMEGA6FATTY_ACIDS_IN_SENESCENCE	57	45		
WP_OMEGA9_FATTY_ACID_SYNTHESIS	14		Rejected!	
WP_ONCOSTATIN_M_SIGNALING	65	54		
WP_ONECARBON_METABOLISM	29	26		
WP_OPIOID_RECEPTOR_PATHWAYS	41	35		
WP_OREXIN_RECEPTOR_PATHWAY	200	157		
WP_OSTEOARTHRITIC_CHONDROCYTE_HYPERTROPHY	50	41		
WP_OSTEOBLAST_DIFFERENTIATION_AND_RELATED_DISEASES	118	101		
WP_OSTEOBLAST_SIGNALING	14		Rejected!	
WP_OSTEOCLAST_SIGNALING	16		Rejected!	
WP_OSTEOPONTIN_SIGNALING	13		Rejected!	
WP_OSX_AND_MIRNAS_IN_TOOTH_DEVELOPMENT	34		Rejected!	
WP_OVARIAN_INFERTILITY	39	26		
WP_OVERLAP_BETWEEN_SIGNAL_TRANSDUCTION_PATHWAYS_CONTRIBUTING_TO_LMNA_LAMINOPATHIES	57	43		
WP_OVERVIEW_OF_NANOPARTICLE_EFFECTS	19		Rejected!	
WP_OVERVIEW_OF_PROINFLAMMATORY_AND_PROFIBROTIC_MEDIATORS	127	58		
WP_OXIDATION_BY_CYTOCHROME_P450	62	32		
WP_OXIDATIVE_DAMAGE_RESPONSE	40	32		
WP_OXIDATIVE_PHOSPHORYLATION	60	57		
WP_OXIDATIVE_STRESS_RESPONSE	33	27		
WP_OXYSTEROLS_DERIVED_FROM_CHOLESTEROL	51	39		
WP_P38_MAPK_SIGNALING	35	26		
WP_P53_TRANSCRIPTIONAL_GENE_NETWORK	96	75		
WP_PAFAH1B1_COPY_NUMBER_VARIATION	11		Rejected!	
WP_PANCREATIC_ADENOCARCINOMA_PATHWAY	89	75		
WP_PANCREATIC_CANCER_SUBTYPES	48	22		
WP_PARKINSONS_DISEASE_PATHWAY	71	34		
WP_PARKINUBIQUITIN_PROTEASOMAL_SYSTEM_PATHWAY	71	62		
WP_PATHOGENESIS_OF_SARSCOV2_MEDIATED_BY_NSP9NSP10_COMPLEX	21		Rejected!	
WP_PATHOGENIC_ESCHERICHIA_COLI_INFECTION	55	46		
WP_PATHOPHYSIOLOGICAL_ROLES_OF_DUX4_IN_FSHD1	18		Rejected!	
WP_PATHWAYS_AFFECTED_IN_ADENOID_CYSTIC_CARCINOMA	65	49		
WP_PATHWAYS_INTO_METHIONINE_AND_FOLATE_CYCLES	43	38		
WP_PATHWAYS_OF_NUCLEIC_ACID_METABOLISM_AND_INNATE_IMMUNE_SENSING	16		Rejected!	
WP_PDGFRBETA_PATHWAY	29	24		
WP_PDGF_PATHWAY	40	35		
WP_PENTOSE_PHOSPHATE_METABOLISM	7		Rejected!	
WP_PENTOSE_PHOSPHATE_PATHWAY_IN_SENESCENT_CELLS	8		Rejected!	
WP_PEPTIDE_GPCRS	75	44		
WP_PEROXIREDOXIN_2_INDUCED_OVARIAN_FAILURE	8		Rejected!	
WP_PERTURBATIONS_TO_HOSTCELL_AUTOPHAGY_INDUCED_BY_SARSCOV2_PROTEINS	44	40		
WP_PERTURBED_THYROID_HORMONE_HOMEOSTASIS_LEADING_TO_DEVELOPMENTAL_NEUROTOXICITY	8		Rejected!	
WP_PGK1_PKM2_KHKCKHKA_ACTING_AS_PROTEIN_KINASES	15		Rejected!	
WP_PHASE_I_BIOTRANSFORMATIONS_NONP450	8		Rejected!	
WP_PHOSPHATIDYL_INOSITOL_PHOSPHATE_PATHWAY	46	39		
WP_PHOSPHODIESTERASES_IN_NEURONAL_FUNCTION	55	46		
WP_PHOSPHOINOSITIDES_METABOLISM	49	43		
WP_PHOSPHOINOSITIDE_3KINASE_PI3K_FAMILY	13		Rejected!	
WP_PHOTODYNAMIC_THERAPYINDUCED_AP1_SURVIVAL_SIGNALING	51	35		
WP_PHOTODYNAMIC_THERAPYINDUCED_HIF1_SURVIVAL_SIGNALING	38	35		
WP_PHOTODYNAMIC_THERAPYINDUCED_NFE2L2_NRF2_SURVIVAL_SIGNALING	23	20		
WP_PHOTODYNAMIC_THERAPYINDUCED_NFKB_SURVIVAL_SIGNALING	35	30		
WP_PHOTODYNAMIC_THERAPYINDUCED_UNFOLDED_PROTEIN_RESPONSE	27	23		
WP_PHYSICOCHEMICAL_FEATURES_AND_TOXICITYASSOCIATED_PATHWAYS	66	56		
WP_PHYSIOLOGICAL_AND_PATHOLOGICAL_HYPERTROPHY_OF_THE_HEART	24	18		
WP_PI3KAKTMTOR_SIGNALING_AND_THERAPEUTIC_OPPORTUNITIES_IN_PROSTATE_CANCER	32	25		
WP_PI3KAKTMTOR_VITAMIN_D3_SIGNALING	22	16		
WP_PI3KAKT_SIGNALING	339	268		
WP_PILOCYTIC_ASTROCYTOMA	9		Rejected!	
WP_PKCGAMMA_CALCIUM_SIGNALING_IN_ATAXIA	22	19		
WP_PLATELETMEDIATED_INTERACTIONS_WITH_VASCULAR_AND_CIRCULATING_CELLS	17		Rejected!	
WP_PLEURAL_MESOTHELIOMA	439	377		
WP_PLURIPOTENT_STEM_CELL_DIFFERENTIATION_PATHWAY	48	42		
WP_POLYCYSTIC_KIDNEY_DISEASE_PATHWAY	85	70		
WP_POSTCOVID_NEUROINFLAMMATION	23		Rejected!	
WP_PPARALPHA_PATHWAY	26	17		
WP_PPAR_SIGNALING	50	38		
WP_PRADERWILLI_AND_ANGELMAN_SYNDROME	109	85		
WP_PREGNANE_X_RECEPTOR_PATHWAY	32	18		
WP_PREIMPLANTATION_EMBRYO	59	37		
WP_PRIMARY_FOCAL_SEGMENTAL_GLOMERULOSCLEROSIS_FSGS	72	64		
WP_PRIMARY_OVARIAN_INSUFFICIENCY	136	111		
WP_PRION_DISEASE_PATHWAY	32	25		
WP_PROGERIAASSOCIATED_LIPODYSTROPHY	22	15		
WP_PROLACTIN_SIGNALING	76	62		
WP_PROLINE_AND_HYDROXYPROLINE_PATHWAYS	5		Rejected!	
WP_PROSTAGLANDIN_AND_LEUKOTRIENE_METABOLISM_IN_SENESCENCE	34	28		
WP_PROSTAGLANDIN_SIGNALING	33	23		
WP_PROSTAGLANDIN_SYNTHESIS_AND_REGULATION	46	38		
WP_PROSURVIVAL_SIGNALING_OF_NEUROPROTECTIN_D1	15		Rejected!	
WP_PROTEASOME_DEGRADATION	62	56		
WP_PROTEOGLYCAN_BIOSYNTHESIS	18	16		
WP_PROXIMAL_TUBULE_TRANSPORT	57	46		
WP_PSORIASIS_MECHANISMS_AND_THERAPIES	18		Rejected!	
WP_PTDINS45P2_IN_CYTOKINESIS_PATHWAY	12		Rejected!	
WP_PTF1A_RELATED_REGULATORY_PATHWAY	11		Rejected!	
WP_PURINERGIC_SIGNALING	34	26		
WP_PURINE_METABOLISM	13		Rejected!	
WP_PURINE_METABOLISM_AND_RELATED_DISORDERS	23	21		
WP_PYRIMIDINE_METABOLISM	84	82		
WP_PYRIMIDINE_METABOLISM_AND_RELATED_DISEASES	20	17		
WP_QUERCETIN_AND_NFKB_AP1_INDUCED_APOPTOSIS	16		Rejected!	
WP_RAC1PAK1P38MMP2_PATHWAY	68	58		
WP_RALA_DOWNSTREAM_REGULATED_GENES	12		Rejected!	
WP_RANKLRANK_SIGNALING	55	46		
WP_RAS_AND_BRADYKININ_PATHWAYS_IN_COVID19	29	22		
WP_RAS_SIGNALING	184	156		
WP_REGUCALCIN_IN_PROXIMAL_TUBULE_EPITHELIAL_KIDNEY_CELLS	32	21		
WP_REGULATION_OF_ACTIN_CYTOSKELETON	150	131		
WP_REGULATION_OF_CYTOTOXIC_T_CELL_RESPONSES_BY_MALAT1_MIR1516_CIRCUIT	16		Rejected!	
WP_REGULATION_OF_SISTER_CHROMATID_SEPARATION_AT_THE_METAPHASEANAPHASE_TRANSITION	14		Rejected!	
WP_REGULATION_OF_WNT_BCATENIN_SIGNALING_BY_SMALL_MOLECULE_COMPOUNDS	17		Rejected!	
WP_REGULATORY_CIRCUITS_OF_STAT3_SIGNALING	78	61		
WP_RELATIONSHIP_BETWEEN_INFLAMMATION_COX2_AND_EGFR	25	22		
WP_RENINANGIOTENSINALDOSTERONE_SYSTEM_RAAS	44	34		
WP_RESISTIN_AS_A_REGULATOR_OF_INFLAMMATION	33	24		
WP_RESOLVIN_E1_AND_RESOLVIN_D1_SIGNALING_DECREASE_INFLAMMATION	12		Rejected!	
WP_RETINOBLASTOMA_GENE_IN_CANCER	90	78		
WP_RETINOL_METABOLISM	17		Rejected!	
WP_RETT_SYNDROME	48	37		
WP_RIBOFLAVIN_AND_COQ_DISORDERS	14		Rejected!	
WP_RIOK1_AND_RIOK2_IN_EGFR_AND_PI3KMEDIATED_TUMORIGENESIS	15		Rejected!	
WP_ROBO4_AND_VEGF_SIGNALING_CROSSTALK	6		Rejected!	
WP_ROLES_OF_CERAMIDES_IN_DEVELOPMENT_OF_INSULIN_RESISTANCE	23	17		
WP_ROS_IN_COVID19_ENDOTHELIAL_DYSFUNCTION	8		Rejected!	
WP_RUBINSTEINTAYBI_SYNDROME_1	15		Rejected!	
WP_S1P_RECEPTOR_SIGNAL_TRANSDUCTION	25	23		
WP_SARSCOV2_ALTERING_ANGIOGENESIS_VIA_NRP1	5		Rejected!	
WP_SARSCOV2_AND_ACE2_RECEPTOR_MOLECULAR_MECHANISMS	7		Rejected!	
WP_SARSCOV2_AND_COVID19_PATHWAY	10		Rejected!	
WP_SARSCOV2_B117_VARIANT_ANTAGONISES_INNATE_IMMUNE_ACTIVATION	9		Rejected!	
WP_SARSCOV2_INNATE_IMMUNITY_EVASION_AND_CELLSPECIFIC_IMMUNE_RESPONSE	66	50		
WP_SARSCOV2_MITOCHONDRIAL_CHRONIC_OXIDATIVE_STRESS_AND_ENDOTHELIAL_DYSFUNCTION	27	22		
WP_SARSCOV2_REPLICATION_ORGANELLE_FORMATION	6		Rejected!	
WP_SARS_CORONAVIRUS_AND_INNATE_IMMUNITY	31	15		
WP_SCFA_AND_SKELETAL_MUSCLE_SUBSTRATE_METABOLISM	6		Rejected!	
WP_SEBALEIC_ACID_FORMATION_AND_METABOLISM	5		Rejected!	
WP_SECRETION_OF_HYDROCHLORIC_ACID_IN_PARIETAL_CELLS	5		Rejected!	
WP_SELECTIVE_EXPRESSION_OF_CHEMOKINE_RECEPTORS_DURING_TCELL_POLARIZATION	29	16		
WP_SELENIUM_METABOLISM_AND_SELENOPROTEINS	47	40		
WP_SELENIUM_MICRONUTRIENT_NETWORK	86	62		
WP_SENESCENCEASSOCIATED_SECRETORY_PHENOTYPE_SASP	112	81		
WP_SENESCENCE_AND_AUTOPHAGY_IN_CANCER	105	85		
WP_SERINE_METABOLISM	8		Rejected!	
WP_SEROTONIN_AND_ANXIETY	18	15		
WP_SEROTONIN_AND_ANXIETYRELATED_EVENTS	14		Rejected!	
WP_SEROTONIN_HTR1_GROUP_AND_FOS_PATHWAY	37	28		
WP_SEROTONIN_RECEPTOR_2_AND_ELKSRFGATA4_SIGNALING	20	18		
WP_SEROTONIN_RECEPTOR_467_AND_NR3C_SIGNALING	19	18		
WP_SEROTONIN_TRANSPORTER_ACTIVITY	11		Rejected!	
WP_SIGNAL_TRANSDUCTION_THROUGH_IL1R	33	25		
WP_SILDENAFIL_TREATMENT	23	17		
WP_SLC25A46_PATHWAY	21	21		
WP_SLEEP_REGULATION	38	24		
WP_SMALL_CELL_LUNG_CANCER	96	79		
WP_SMALL_LIGAND_GPCRS	19		Rejected!	
WP_SMC1SMC3_ROLE_IN_DNA_DAMAGE_CORNELIA_DE_LANGE_SYNDROME	11		Rejected!	
WP_SMITHMAGENIS_AND_POTOCKILUPSKI_SYNDROME_COPY_NUMBER_VARIATION	159	131		
WP_SOMATIC_SEX_DETERMINATION	16		Rejected!	
WP_SOMATROPH_AXIS_GH_AND_ITS_RELATIONSHIP_TO_DIETARY_RESTRICTION_AND_AGING	6		Rejected!	
WP_SOMITOGENESIS_IN_THE_CONTEXT_OF_SPONDYLOCOSTAL_DYSOSTOSIS	9		Rejected!	
WP_SPHINGOLIPID_METABOLISM_INTEGRATED_PATHWAY	26	21		
WP_SPHINGOLIPID_METABOLISM_IN_SENESCENCE	28	23		
WP_SPHINGOLIPID_METABOLISM_OVERVIEW	27	22		
WP_SPHINGOLIPID_PATHWAY	30	24		
WP_SPINAL_CORD_INJURY	117	96		
WP_SPINA_BIFIDA	12		Rejected!	
WP_SPLICING_FACTOR_NOVA_REGULATED_SYNAPTIC_PROTEINS	42	39		
WP_SREBF_AND_MIR33_IN_CHOLESTEROL_AND_LIPID_HOMEOSTASIS	18		Rejected!	
WP_SRF_AND_MIRS_IN_SMOOTH_MUSCLE_DIFFERENTIATION_AND_PROLIFERATION	18		Rejected!	
WP_STATIN_INHIBITION_OF_CHOLESTEROL_PRODUCTION	31	18		
WP_STEROIDOGENIC_PATHWAY	6		Rejected!	
WP_STEROID_BIOSYNTHESIS	10		Rejected!	
WP_STEROID_HORMONE_PRECURSOR_BIOSYNTHESIS	9		Rejected!	
WP_STEROL_REGULATORY_ELEMENTBINDING_PROTEINS_SREBP_SIGNALING	71	58		
WP_STING_PATHWAY_IN_KAWASAKILIKE_DISEASE_AND_COVID19	21	19		
WP_STRIATED_MUSCLE_CONTRACTION_PATHWAY	38	24		
WP_SUDDEN_INFANT_DEATH_SYNDROME_SIDS_SUSCEPTIBILITY_PATHWAYS	159	121		
WP_SULFATASE_AND_AROMATASE_PATHWAY	14		Rejected!	
WP_SULFATION_BIOTRANSFORMATION_REACTION	17		Rejected!	
WP_SULINDAC_METABOLIC_PATHWAY	5		Rejected!	
WP_SUPPRESSION_OF_HMGB1MEDIATED_INFLAMMATION_BY_THBD	9		Rejected!	
WP_SYNAPTIC_SIGNALING_ASSOCIATED_WITH_AUTISM_SPECTRUM_DISORDER	50	39		
WP_SYNAPTIC_VESICLE_PATHWAY	51	43		
WP_SYNTHESIS_OF_CERAMIDES_AND_1DEOXYCERAMIDES	22	18		
WP_TAMOXIFEN_METABOLISM	21		Rejected!	
WP_TARGETED_AGENTS_IN_TRIPLE_NEGATIVE_BREAST_CANCER	38	32		
WP_TARGETED_THERAPY_IN_BREAST_CANCER	26	21		
WP_TARGETING_YAP_IN_PANCREATIC_DUCTAL_ADENOCARCINOMA_PDAC	26	22		
WP_TARGET_OF_RAPAMYCIN_SIGNALING	36	29		
WP_TAR_SYNDROME	63	51		
WP_TCA_CYCLE_AKA_KREBS_OR_CITRIC_ACID_CYCLE	18		Rejected!	
WP_TCA_CYCLE_AND_DEFICIENCY_OF_PYRUVATE_DEHYDROGENASE_COMPLEX_PDHC	16	15		
WP_TCA_CYCLE_IN_SENESCENCE	10		Rejected!	
WP_TCA_CYCLE_NUTRIENT_USE_AND_INVASIVENESS_OF_OVARIAN_CANCER	5		Rejected!	
WP_TCELL_ACTIVATION_SARSCOV2	88	58		
WP_TCELL_ANTIGEN_RECEPTOR_TCR_PATHWAY_DURING_STAPHYLOCOCCUS_AUREUS_INFECTION	62	46		
WP_TCELL_RECEPTOR_SIGNALING	90	72		
WP_TGFBETA_RECEPTOR_SIGNALING	55	40		
WP_TGFBETA_RECEPTOR_SIGNALING_IN_SKELETAL_DYSPLASIAS	59	43		
WP_TGFBETA_SIGNALING_IN_THYROID_CELLS_FOR_EPITHELIALMESENCHYMAL_TRANSITION	19		Rejected!	
WP_TGFB_SMAD_SIGNALING	12		Rejected!	
WP_TGIF_DISRUPTION_OF_SHH_SIGNALING	9		Rejected!	
WP_TH17_CELL_DIFFERENTIATION_PATHWAY	69	45		
WP_THERMOGENESIS	108	86		
WP_THIAMINE_METABOLIC_PATHWAYS	9		Rejected!	
WP_THYMIC_STROMAL_LYMPHOPOIETIN_TSLP_SIGNALING	45	35		
WP_THYROID_HORMONES_PRODUCTION_AND_PERIPHERAL_DOWNSTREAM_SIGNALING_EFFECTS	93	73		
WP_THYROID_STIMULATING_HORMONE_TSH_SIGNALING	66	50		
WP_THYROXINE_THYROID_HORMONE_PRODUCTION	25	23		
WP_TLR4_SIGNALING_AND_TOLERANCE	28	24		
WP_TNFALPHA_SIGNALING	92	74		
WP_TNFRELATED_WEAK_INDUCER_OF_APOPTOSIS_TWEAK_SIGNALING	42	33		
WP_TOLLLIKE_RECEPTOR_SIGNALING	95	63		
WP_TOLLLIKE_RECEPTOR_SIGNALING_RELATED_TO_MYD88	31	25		
WP_TP53_NETWORK	19	15		
WP_TRANSCRIPTIONAL_ACTIVATION_BY_NRF2_IN_RESPONSE_TO_PHYTOCHEMICALS	15		Rejected!	
WP_TRANSCRIPTIONAL_CASCADE_REGULATING_ADIPOGENESIS	13		Rejected!	
WP_TRANSCRIPTIONAL_REGULATION_OF_MEMORY_B_CELL_DIFFERENTIATION	47	34		
WP_TRANSCRIPTION_COFACTORS_SKI_AND_SKIL_PROTEIN_PARTNERS	18	15		
WP_TRANSCRIPTION_FACTORS_REGULATE_MIRNAS_RELATED_TO_CARDIAC_HYPERTROPHY	15		Rejected!	
WP_TRANSCRIPTION_FACTOR_REGULATION_IN_ADIPOGENESIS	22	17		
WP_TRANSLATION_FACTORS	50	44		
WP_TRANSLATION_INHIBITORS_IN_CHRONICALLY_ACTIVATED_PDGFRA_CELLS	46	38		
WP_TRANSSULFURATION_ONECARBON_METABOLISM_AND_RELATED_PATHWAYS	69	61		
WP_TRANSSULFURATION_PATHWAY	10		Rejected!	
WP_TRIACYLGLYCERIDE_SYNTHESIS	24	18		
WP_TROP2_REGULATORY_SIGNALING	49	42		
WP_TRYPTOPHAN_CATABOLISM_LEADING_TO_NAD_PRODUCTION	16	15		
WP_TRYPTOPHAN_METABOLISM	33	25		
WP_TUMOR_SUPPRESSOR_ACTIVITY_OF_SMARCB1	31	25		
WP_TYPE_2_PAPILLARY_RENAL_CELL_CARCINOMA	34	30		
WP_TYPE_III_INTERFERON_SIGNALING	10		Rejected!	
WP_TYPE_II_DIABETES_MELLITUS	22	17		
WP_TYPE_II_INTERFERON_SIGNALING	37	32		
WP_TYPE_I_COLLAGEN_SYNTHESIS_IN_THE_CONTEXT_OF_OSTEOGENESIS_IMPERFECTA	33	31		
WP_TYPE_I_INTERFERON_INDUCTION_AND_SIGNALING_DURING_SARSCOV2_INFECTION	31	25		
WP_TYROBP_CAUSAL_NETWORK_IN_MICROGLIA	60	48		
WP_TYROSINE_KINASE_INHIBITORS_IN_GLIOBLASTOMA	26	20		
WP_TYROSINE_METABOLISM_AND_RELATED_DISORDERS	5		Rejected!	
WP_T_CELL_MODULATION_AND_DESMOPLASIA_IN_PANCREATIC_CANCER	55	41		
WP_T_CELL_RECEPTOR_AND_COSTIMULATORY_SIGNALING	28	21		
WP_UDPDERIVED_SUGARS_SYNTHESIS_IN_FIBROBLASTS	11		Rejected!	
WP_ULCERATIVE_COLITIS_SIGNALING	18		Rejected!	
WP_ULTRACONSERVED_REGION_339_MODULATION_OF_TUMOR_SUPPRESSOR_MICRORNAS_IN_CANCER	5		Rejected!	
WP_UNFOLDED_PROTEIN_RESPONSE	24	21		
WP_UREA_CYCLE_AND_ASSOCIATED_PATHWAYS	24	22		
WP_UREA_CYCLE_AND_METABOLISM_OF_AMINO_GROUPS	21	18		
WP_UREA_CYCLE_AND_RELATED_DISEASES	9		Rejected!	
WP_UROTENSINIIMEDIATED_SIGNALING	69	55		
WP_VALPROIC_ACID_PATHWAY	12		Rejected!	
WP_VASOPRESSINREGULATED_WATER_REABSORPTION	44	35		
WP_VEDOLIZUMAB_THERAPY_FOR_INFLAMMATORY_BOWEL_DISEASE	10		Rejected!	
WP_VEGFAVEGFR2_SIGNALING	431	386		
WP_VISUAL_CYCLE	15		Rejected!	
WP_VITAMIN_A1_AND_A5X_PATHWAYS	6		Rejected!	
WP_VITAMIN_A_AND_CAROTENOID_METABOLISM	43	31		
WP_VITAMIN_B12_DISORDERS	13		Rejected!	
WP_VITAMIN_B12_METABOLISM	54	33		
WP_VITAMIN_B6DEPENDENT_AND_RESPONSIVE_DISORDERS	7		Rejected!	
WP_VITAMIN_DSENSITIVE_CALCIUM_SIGNALING_IN_DEPRESSION	36	30		
WP_VITAMIN_D_IN_INFLAMMATORY_DISEASES	22	16		
WP_VITAMIN_D_METABOLISM	10		Rejected!	
WP_VITAMIN_D_RECEPTOR_PATHWAY	185	135		
WP_VITAMIN_K_METABOLISM_AND_ACTIVATION_OF_DEPENDENT_PROTEINS	13		Rejected!	
WP_WARBURG_EFFECT_MODULATED_BY_DEUBIQUITINATING_ENZYMES_AND_THEIR_SUBSTRATES	26	23		
WP_WHITE_FAT_CELL_DIFFERENTIATION	32	28		
WP_WNTBETACATENIN_SIGNALING_AND_ARTD_FAMILY_MEMBERS	15		Rejected!	
WP_WNTBETACATENIN_SIGNALING_INHIBITORS_IN_CURRENT_AND_PAST_CLINICAL_TRIALS	5		Rejected!	
WP_WNTBETACATENIN_SIGNALING_IN_LEUKEMIA	26	22		
WP_WNT_SIGNALING	113	103		
WP_WNT_SIGNALING_AND_PLURIPOTENCY	101	88		
WP_WNT_SIGNALING_IN_ADULT_HIPPOCAMPAL_NEUROGENESIS	11		Rejected!	
WP_WNT_SIGNALING_IN_KIDNEY_DISEASE	36	34		
WP_WNT_SIGNALING_NETPATH	51	44		
WP_ZINC_HOMEOSTASIS	37	30		
