NAME	GS<br> follow link to MSigDB	GS DETAILS	SIZE	ES	NES	NOM p-val	FDR q-val	FWER p-val	RANK AT MAX	LEADING EDGE	
BLANCO_MELO_HUMAN_PARAINFLUENZA_VIRUS_3_INFECTION_A594_CELLS_UP	BLANCO_MELO_HUMAN_PARAINFLUENZA_VIRUS_3_INFECTION_A594_CELLS_UP	Details ...	174	0.5484339	2.636782	0.0	0.0	0.0	2978	tags=51%, list=20%, signal=63%	
SANA_RESPONSE_TO_IFNG_UP	SANA_RESPONSE_TO_IFNG_UP	Details ...	65	0.61667305	2.5719628	0.0	0.0	0.0	2978	tags=60%, list=20%, signal=74%	
SENGUPTA_NASOPHARYNGEAL_CARCINOMA_DN	SENGUPTA_NASOPHARYNGEAL_CARCINOMA_DN	Details ...	296	0.4912712	2.520757	0.0	0.0	0.0	3704	tags=52%, list=25%, signal=68%	
HECKER_IFNB1_TARGETS	HECKER_IFNB1_TARGETS	Details ...	74	0.5905868	2.483229	0.0	0.0	0.0	3115	tags=55%, list=21%, signal=69%	
TAKEDA_TARGETS_OF_NUP98_HOXA9_FUSION_3D_UP	TAKEDA_TARGETS_OF_NUP98_HOXA9_FUSION_3D_UP	Details ...	158	0.5145554	2.459682	0.0	0.0	0.0	3966	tags=53%, list=26%, signal=70%	
BOSCO_INTERFERON_INDUCED_ANTIVIRAL_MODULE	BOSCO_INTERFERON_INDUCED_ANTIVIRAL_MODULE	Details ...	69	0.5961373	2.4530423	0.0	0.0	0.0	2956	tags=49%, list=20%, signal=61%	
BROWNE_INTERFERON_RESPONSIVE_GENES	BROWNE_INTERFERON_RESPONSIVE_GENES	Details ...	62	0.6038259	2.4378526	0.0	0.0	0.0	3451	tags=63%, list=23%, signal=81%	
WUNDER_INFLAMMATORY_RESPONSE_AND_CHOLESTEROL_UP	WUNDER_INFLAMMATORY_RESPONSE_AND_CHOLESTEROL_UP	Details ...	49	0.6191879	2.4178174	0.0	0.0	0.0	3451	tags=61%, list=23%, signal=79%	
MOSERLE_IFNA_RESPONSE	MOSERLE_IFNA_RESPONSE	Details ...	29	0.7073884	2.4055707	0.0	1.0254107E-4	0.001	2956	tags=69%, list=20%, signal=86%	
XIE_ST_HSC_S1PR3_OE_UP	XIE_ST_HSC_S1PR3_OE_UP	Details ...	163	0.49531108	2.4033673	0.0	9.2286966E-5	0.001	3743	tags=50%, list=25%, signal=66%	
BLANCO_MELO_COVID19_SARS_COV_2_INFECTION_CALU3_CELLS_UP	BLANCO_MELO_COVID19_SARS_COV_2_INFECTION_CALU3_CELLS_UP	Details ...	275	0.45630074	2.3130977	0.0	3.3732702E-4	0.004	2956	tags=42%, list=20%, signal=51%	
KIM_RESPONSE_TO_TSA_AND_DECITABINE_UP	KIM_RESPONSE_TO_TSA_AND_DECITABINE_UP	Details ...	103	0.50983167	2.288679	0.0	5.4153224E-4	0.007	3497	tags=49%, list=23%, signal=63%	
REACTOME_FORMATION_OF_THE_CORNIFIED_ENVELOPE	REACTOME_FORMATION_OF_THE_CORNIFIED_ENVELOPE	Details ...	54	0.5702923	2.2801368	0.0	4.998759E-4	0.007	3303	tags=59%, list=22%, signal=76%	
NOUSHMEHR_GBM_SILENCED_BY_METHYLATION	NOUSHMEHR_GBM_SILENCED_BY_METHYLATION	Details ...	45	0.59381855	2.2740939	0.0	5.3055934E-4	0.008	4123	tags=60%, list=27%, signal=82%	
SANA_TNF_SIGNALING_UP	SANA_TNF_SIGNALING_UP	Details ...	73	0.53621405	2.2467673	0.0	5.5704673E-4	0.009	3619	tags=55%, list=24%, signal=72%	
KEGG_MISMATCH_REPAIR	KEGG_MISMATCH_REPAIR	Details ...	21	0.6983009	2.2047434	0.0	0.0011017632	0.019	2798	tags=71%, list=19%, signal=88%	
REACTOME_INTERFERON_GAMMA_SIGNALING	REACTOME_INTERFERON_GAMMA_SIGNALING	Details ...	81	0.5103878	2.2001069	0.0	0.0010369535	0.019	3198	tags=46%, list=21%, signal=58%	
FLECHNER_BIOPSY_KIDNEY_TRANSPLANT_REJECTED_VS_OK_UP	FLECHNER_BIOPSY_KIDNEY_TRANSPLANT_REJECTED_VS_OK_UP	Details ...	67	0.52486515	2.195803	0.0	9.793451E-4	0.019	3561	tags=52%, list=24%, signal=68%	
BLANCO_MELO_COVID19_SARS_COV_2_POS_PATIENT_LUNG_TISSUE_UP	BLANCO_MELO_COVID19_SARS_COV_2_POS_PATIENT_LUNG_TISSUE_UP	Details ...	92	0.5002803	2.17109	0.0	0.0015647528	0.031	3786	tags=58%, list=25%, signal=76%	
REACTOME_KERATINIZATION	REACTOME_KERATINIZATION	Details ...	58	0.5354364	2.1710699	0.0	0.0014865152	0.031	3303	tags=57%, list=22%, signal=73%	
CREIGHTON_ENDOCRINE_THERAPY_RESISTANCE_2	CREIGHTON_ENDOCRINE_THERAPY_RESISTANCE_2		414	0.40753877	2.1591067	0.0	0.0015934301	0.035	4027	tags=46%, list=27%, signal=61%	
DER_IFN_ALPHA_RESPONSE_UP	DER_IFN_ALPHA_RESPONSE_UP		70	0.51167864	2.1561728	0.0	0.001734226	0.04	2978	tags=47%, list=20%, signal=58%	
FARMER_BREAST_CANCER_CLUSTER_1	FARMER_BREAST_CANCER_CLUSTER_1		30	0.62814385	2.1518555	0.0	0.00173908	0.042	4076	tags=73%, list=27%, signal=100%	
BLANCO_MELO_BETA_INTERFERON_TREATED_BRONCHIAL_EPITHELIAL_CELLS_UP	BLANCO_MELO_BETA_INTERFERON_TREATED_BRONCHIAL_EPITHELIAL_CELLS_UP		327	0.41108856	2.146432	0.0	0.0018601699	0.047	2978	tags=33%, list=20%, signal=40%	
WP_PANCREATIC_CANCER_SUBTYPES	WP_PANCREATIC_CANCER_SUBTYPES		22	0.66404366	2.1429765	0.0	0.0019334058	0.051	3626	tags=77%, list=24%, signal=102%	
KEGG_MEDICUS_REFERENCE_MISMATCH_REPAIR	KEGG_MEDICUS_REFERENCE_MISMATCH_REPAIR		24	0.64810157	2.1263206	0.0	0.002254521	0.062	2798	tags=58%, list=19%, signal=71%	
COLDREN_GEFITINIB_RESISTANCE_DN	COLDREN_GEFITINIB_RESISTANCE_DN		191	0.43599826	2.119032	0.0	0.0025143307	0.072	4200	tags=50%, list=28%, signal=68%	
VANHARANTA_UTERINE_FIBROID_DN	VANHARANTA_UTERINE_FIBROID_DN		50	0.5466508	2.1188927	0.0	0.0024245332	0.072	4626	tags=64%, list=31%, signal=92%	
RICKMAN_HEAD_AND_NECK_CANCER_C	RICKMAN_HEAD_AND_NECK_CANCER_C		69	0.50455475	2.1144354	0.0	0.002791153	0.085	3962	tags=57%, list=26%, signal=76%	
CHARAFE_BREAST_CANCER_BASAL_VS_MESENCHYMAL_UP	CHARAFE_BREAST_CANCER_BASAL_VS_MESENCHYMAL_UP		103	0.46979257	2.113667	0.0	0.0027294147	0.086	3221	tags=45%, list=21%, signal=56%	
MIKKELSEN_MEF_ICP_WITH_H3K27ME3	MIKKELSEN_MEF_ICP_WITH_H3K27ME3		147	0.44421944	2.1065822	0.0	0.002940247	0.095	3540	tags=47%, list=23%, signal=61%	
TAKEDA_TARGETS_OF_NUP98_HOXA9_FUSION_10D_UP	TAKEDA_TARGETS_OF_NUP98_HOXA9_FUSION_10D_UP		155	0.4408507	2.1014557	0.0	0.003022515	0.1	3451	tags=47%, list=23%, signal=60%	
SALVADOR_MARTIN_PEDIATRIC_TBD_ANTI_TNF_THERAPY_NONRESPONDER_POST_TREATMENT_UP	SALVADOR_MARTIN_PEDIATRIC_TBD_ANTI_TNF_THERAPY_NONRESPONDER_POST_TREATMENT_UP		19	0.67533576	2.0916424	0.0	0.0033836095	0.116	2016	tags=63%, list=13%, signal=73%	
NIKOLSKY_BREAST_CANCER_7Q21_Q22_AMPLICON	NIKOLSKY_BREAST_CANCER_7Q21_Q22_AMPLICON		67	0.50604415	2.0837553	0.0	0.0038026515	0.134	3662	tags=48%, list=24%, signal=63%	
REACTOME_INTERFERON_ALPHA_BETA_SIGNALING	REACTOME_INTERFERON_ALPHA_BETA_SIGNALING		59	0.5204068	2.0828013	0.0	0.0036940046	0.134	3529	tags=47%, list=23%, signal=62%	
REACTOME_NICOTINATE_METABOLISM	REACTOME_NICOTINATE_METABOLISM		22	0.6447048	2.0727348	0.0	0.0044656545	0.165	2436	tags=55%, list=16%, signal=65%	
WP_GLYCOLYSIS_AND_GLUCONEOGENESIS	WP_GLYCOLYSIS_AND_GLUCONEOGENESIS		36	0.56988966	2.066682	0.0	0.004923463	0.184	5095	tags=78%, list=34%, signal=117%	
ANDERSEN_CHOLANGIOCARCINOMA_CLASS2	ANDERSEN_CHOLANGIOCARCINOMA_CLASS2		144	0.4377775	2.0602286	0.0	0.005432935	0.199	5264	tags=56%, list=35%, signal=86%	
BENNETT_SYSTEMIC_LUPUS_ERYTHEMATOSUS	BENNETT_SYSTEMIC_LUPUS_ERYTHEMATOSUS		23	0.6452388	2.048974	0.0	0.006104395	0.225	3743	tags=70%, list=25%, signal=92%	
BLANCO_MELO_RESPIRATORY_SYNCYTIAL_VIRUS_INFECTION_A594_CELLS_UP	BLANCO_MELO_RESPIRATORY_SYNCYTIAL_VIRUS_INFECTION_A594_CELLS_UP		245	0.40727276	2.0387077	0.0	0.006790791	0.252	2978	tags=38%, list=20%, signal=47%	
FLORIO_NEOCORTEX_BASAL_RADIAL_GLIA_UP	FLORIO_NEOCORTEX_BASAL_RADIAL_GLIA_UP		274	0.39762336	2.0347722	0.0	0.007032848	0.263	3725	tags=42%, list=25%, signal=54%	
MEISSNER_NPC_HCP_WITH_H3_UNMETHYLATED	MEISSNER_NPC_HCP_WITH_H3_UNMETHYLATED		447	0.37828127	2.0285335	0.0	0.007595142	0.291	4086	tags=43%, list=27%, signal=57%	
BOSCO_EPITHELIAL_DIFFERENTIATION_MODULE	BOSCO_EPITHELIAL_DIFFERENTIATION_MODULE		39	0.5463894	2.0245357	0.0	0.007872045	0.306	5146	tags=74%, list=34%, signal=112%	
WP_DNA_MISMATCH_REPAIR	WP_DNA_MISMATCH_REPAIR		21	0.627164	2.023584	0.0	0.0077562775	0.307	2798	tags=57%, list=19%, signal=70%	
ICHIBA_GRAFT_VERSUS_HOST_DISEASE_D7_UP	ICHIBA_GRAFT_VERSUS_HOST_DISEASE_D7_UP		92	0.46461755	2.0207148	0.0	0.007832476	0.315	3951	tags=53%, list=26%, signal=72%	
LIM_MAMMARY_STEM_CELL_DN	LIM_MAMMARY_STEM_CELL_DN		374	0.38475195	2.0101614	0.0	0.008935473	0.358	4064	tags=40%, list=27%, signal=53%	
DER_IFN_BETA_RESPONSE_UP	DER_IFN_BETA_RESPONSE_UP		94	0.4560628	2.000524	0.0	0.009832806	0.388	2978	tags=41%, list=20%, signal=51%	
GENTLES_LEUKEMIC_STEM_CELL_UP	GENTLES_LEUKEMIC_STEM_CELL_UP		26	0.5935691	1.998519	0.0	0.009897917	0.396	2191	tags=46%, list=15%, signal=54%	
WP_MITOCHONDRIAL_LONG_CHAIN_FATTY_ACID_BETAOXIDATION	WP_MITOCHONDRIAL_LONG_CHAIN_FATTY_ACID_BETAOXIDATION		17	0.659259	1.9952074	0.0	0.01022908	0.415	1819	tags=35%, list=12%, signal=40%	
HOLLERN_EMT_BREAST_TUMOR_DN	HOLLERN_EMT_BREAST_TUMOR_DN		108	0.4449593	1.9909582	0.0	0.010691699	0.441	2302	tags=34%, list=15%, signal=40%	
TAKEDA_TARGETS_OF_NUP98_HOXA9_FUSION_16D_UP	TAKEDA_TARGETS_OF_NUP98_HOXA9_FUSION_16D_UP		132	0.4293916	1.9856637	0.0	0.011209816	0.463	2956	tags=38%, list=20%, signal=47%	
MIKKELSEN_IPS_LCP_WITH_H3K4ME3	MIKKELSEN_IPS_LCP_WITH_H3K4ME3		140	0.42096466	1.984303	0.0	0.011173655	0.467	2979	tags=41%, list=20%, signal=50%	
KEGG_MEDICUS_REFERENCE_HOMOLOGOUS_RECOMBINATION	KEGG_MEDICUS_REFERENCE_HOMOLOGOUS_RECOMBINATION		30	0.57958585	1.9829524	0.0	0.011173035	0.473	3548	tags=53%, list=23%, signal=70%	
WP_MITOCHONDRIAL_FATTY_ACID_OXIDATION_DISORDERS	WP_MITOCHONDRIAL_FATTY_ACID_OXIDATION_DISORDERS		19	0.6401246	1.9822463	0.0	0.011052529	0.476	1819	tags=37%, list=12%, signal=42%	
LIEN_BREAST_CARCINOMA_METAPLASTIC_VS_DUCTAL_DN	LIEN_BREAST_CARCINOMA_METAPLASTIC_VS_DUCTAL_DN		86	0.45658135	1.978625	0.0	0.011629427	0.496	3429	tags=50%, list=23%, signal=64%	
VERHAAK_GLIOBLASTOMA_MESENCHYMAL	VERHAAK_GLIOBLASTOMA_MESENCHYMAL		185	0.4073473	1.975606	0.0	0.011755328	0.505	5467	tags=50%, list=36%, signal=78%	
JAEGER_METASTASIS_DN	JAEGER_METASTASIS_DN		207	0.3957568	1.9750171	0.0	0.0116957035	0.512	4164	tags=48%, list=28%, signal=65%	
MARKEY_RB1_ACUTE_LOF_DN	MARKEY_RB1_ACUTE_LOF_DN		185	0.40664503	1.9746087	0.0	0.011510482	0.512	4260	tags=44%, list=28%, signal=61%	
REACTOME_DISEASES_OF_DNA_REPAIR	REACTOME_DISEASES_OF_DNA_REPAIR		41	0.53121716	1.965043	0.0	0.012812177	0.557	2798	tags=46%, list=19%, signal=57%	
KRASNOSELSKAYA_ILF3_TARGETS_UP	KRASNOSELSKAYA_ILF3_TARGETS_UP		34	0.5498957	1.9614453	0.0017730496	0.013234816	0.573	3743	tags=50%, list=25%, signal=66%	
AIGNER_ZEB1_TARGETS	AIGNER_ZEB1_TARGETS		32	0.555976	1.9613147	0.0	0.013078923	0.575	3365	tags=53%, list=22%, signal=68%	
BOWIE_RESPONSE_TO_EXTRACELLULAR_MATRIX	BOWIE_RESPONSE_TO_EXTRACELLULAR_MATRIX		16	0.6639372	1.9608945	0.0018450185	0.012912974	0.576	3743	tags=63%, list=25%, signal=83%	
REACTOME_IMMUNOREGULATORY_INTERACTIONS_BETWEEN_A_LYMPHOID_AND_A_NON_LYMPHOID_CELL	REACTOME_IMMUNOREGULATORY_INTERACTIONS_BETWEEN_A_LYMPHOID_AND_A_NON_LYMPHOID_CELL		63	0.48190397	1.9571828	0.0	0.013283458	0.589	1982	tags=32%, list=13%, signal=36%	
SCHUETZ_BREAST_CANCER_DUCTAL_INVASIVE_DN	SCHUETZ_BREAST_CANCER_DUCTAL_INVASIVE_DN		73	0.4603269	1.9525499	0.0	0.01385873	0.61	4078	tags=58%, list=27%, signal=78%	
KEGG_MEDICUS_REFERENCE_ORIGIN_UNWINDING_AND_ELONGATION	KEGG_MEDICUS_REFERENCE_ORIGIN_UNWINDING_AND_ELONGATION		28	0.5676342	1.9502821	0.0	0.013976132	0.618	3730	tags=46%, list=25%, signal=62%	
MEISSNER_BRAIN_HCP_WITH_H3K27ME3	MEISSNER_BRAIN_HCP_WITH_H3K27ME3		215	0.39339584	1.9478879	0.0	0.014286186	0.632	3832	tags=47%, list=25%, signal=61%	
SLEBOS_HEAD_AND_NECK_CANCER_WITH_HPV_UP	SLEBOS_HEAD_AND_NECK_CANCER_WITH_HPV_UP		67	0.4808354	1.9477264	0.0	0.014100696	0.632	4225	tags=52%, list=28%, signal=72%	
WALLACE_PROSTATE_CANCER_RACE_UP	WALLACE_PROSTATE_CANCER_RACE_UP		220	0.39420918	1.9452729	0.0	0.014398662	0.649	3743	tags=46%, list=25%, signal=61%	
MIKKELSEN_MEF_LCP_WITH_H3K27ME3	MIKKELSEN_MEF_LCP_WITH_H3K27ME3		46	0.511724	1.9403291	0.0	0.015213474	0.673	3712	tags=59%, list=25%, signal=78%	
LUCAS_HNF4A_TARGETS_UP	LUCAS_HNF4A_TARGETS_UP		51	0.4989469	1.937377	0.0	0.015407936	0.679	2722	tags=41%, list=18%, signal=50%	
MUELLER_METHYLATED_IN_GLIOBLASTOMA	MUELLER_METHYLATED_IN_GLIOBLASTOMA		29	0.5652085	1.9368672	0.0016835016	0.01533528	0.68	3749	tags=62%, list=25%, signal=82%	
SENGUPTA_NASOPHARYNGEAL_CARCINOMA_WITH_LMP1_DN	SENGUPTA_NASOPHARYNGEAL_CARCINOMA_WITH_LMP1_DN		122	0.41574886	1.9364867	0.0	0.015148389	0.681	3561	tags=43%, list=24%, signal=56%	
WIELAND_UP_BY_HBV_INFECTION	WIELAND_UP_BY_HBV_INFECTION		77	0.45245394	1.9320059	0.0	0.01561607	0.696	3502	tags=47%, list=23%, signal=61%	
ZHU_CMV_8_HR_UP	ZHU_CMV_8_HR_UP		36	0.5374199	1.930017	0.0	0.015733114	0.705	2945	tags=44%, list=19%, signal=55%	
KEGG_DNA_REPLICATION	KEGG_DNA_REPLICATION		32	0.5475646	1.9295981	0.0017211704	0.015597803	0.706	3205	tags=47%, list=21%, signal=59%	
RICKMAN_HEAD_AND_NECK_CANCER_E	RICKMAN_HEAD_AND_NECK_CANCER_E		54	0.47694734	1.9295001	0.0	0.015404704	0.707	4831	tags=65%, list=32%, signal=95%	
REACTOME_COMPLEMENT_CASCADE	REACTOME_COMPLEMENT_CASCADE		38	0.5195944	1.9272189	0.0016528926	0.015746033	0.719	3369	tags=50%, list=22%, signal=64%	
SMID_BREAST_CANCER_RELAPSE_IN_LUNG_DN	SMID_BREAST_CANCER_RELAPSE_IN_LUNG_DN		27	0.57259226	1.9263052	0.0	0.015733983	0.723	1911	tags=37%, list=13%, signal=42%	
REACTOME_PEPTIDE_LIGAND_BINDING_RECEPTORS	REACTOME_PEPTIDE_LIGAND_BINDING_RECEPTORS		122	0.42159778	1.9240834	0.0	0.016063984	0.734	4083	tags=55%, list=27%, signal=75%	
KEGG_NITROGEN_METABOLISM	KEGG_NITROGEN_METABOLISM		18	0.6230507	1.9240831	0.0034542314	0.015863186	0.734	1830	tags=44%, list=12%, signal=51%	
ZHANG_INTERFERON_RESPONSE	ZHANG_INTERFERON_RESPONSE		22	0.59311295	1.9180461	0.0	0.017137496	0.769	3743	tags=64%, list=25%, signal=84%	
REACTOME_DIFFERENTIATION_OF_KERATINOCYTES_IN_INTERFOLLICULAR_EPIDERMIS_IN_MAMMALIAN_SKIN	REACTOME_DIFFERENTIATION_OF_KERATINOCYTES_IN_INTERFOLLICULAR_EPIDERMIS_IN_MAMMALIAN_SKIN		27	0.56291896	1.9112843	0.0	0.018517	0.799	2937	tags=52%, list=19%, signal=64%	
YAN_ESCAPE_FROM_ANOIKIS	YAN_ESCAPE_FROM_ANOIKIS		21	0.6051705	1.906804	0.0018214936	0.019277263	0.817	3505	tags=71%, list=23%, signal=93%	
CASTELLANO_NRAS_TARGETS_UP	CASTELLANO_NRAS_TARGETS_UP		63	0.46550113	1.9019815	0.0	0.020087972	0.832	2782	tags=40%, list=18%, signal=48%	
TAKEDA_TARGETS_OF_NUP98_HOXA9_FUSION_8D_UP	TAKEDA_TARGETS_OF_NUP98_HOXA9_FUSION_8D_UP		130	0.41612214	1.9000717	0.0	0.020234207	0.838	3743	tags=45%, list=25%, signal=60%	
WP_CILIOPATHIES	WP_CILIOPATHIES		176	0.38841897	1.8976817	0.0	0.02051741	0.845	3844	tags=43%, list=25%, signal=56%	
KEGG_GLYCOLYSIS_GLUCONEOGENESIS	KEGG_GLYCOLYSIS_GLUCONEOGENESIS		47	0.48829633	1.8976716	0.0016778524	0.020281576	0.845	4177	tags=53%, list=28%, signal=73%	
WP_TRYPTOPHAN_CATABOLISM_LEADING_TO_NAD_PRODUCTION	WP_TRYPTOPHAN_CATABOLISM_LEADING_TO_NAD_PRODUCTION		15	0.6567444	1.8973026	0.0	0.02009324	0.845	4809	tags=87%, list=32%, signal=127%	
BOWIE_RESPONSE_TO_TAMOXIFEN	BOWIE_RESPONSE_TO_TAMOXIFEN		17	0.63736504	1.8934561	0.003539823	0.020682788	0.857	3743	tags=59%, list=25%, signal=78%	
WP_DEREGULATION_OF_RAB_AND_RAB_EFFECTOR_GENES_IN_BLADDER_CANCER	WP_DEREGULATION_OF_RAB_AND_RAB_EFFECTOR_GENES_IN_BLADDER_CANCER		16	0.64865595	1.8920383	0.0017331023	0.020906905	0.862	2503	tags=63%, list=17%, signal=75%	
GRAESSMANN_RESPONSE_TO_MC_AND_SERUM_DEPRIVATION_UP	GRAESSMANN_RESPONSE_TO_MC_AND_SERUM_DEPRIVATION_UP		186	0.38828874	1.8914067	0.0	0.020901911	0.863	3745	tags=42%, list=25%, signal=56%	
ONDER_CDH1_TARGETS_2_DN	ONDER_CDH1_TARGETS_2_DN		395	0.35819227	1.8901279	0.0	0.021069355	0.868	4286	tags=43%, list=28%, signal=59%	
REACTOME_DNA_STRAND_ELONGATION	REACTOME_DNA_STRAND_ELONGATION		29	0.5409629	1.8870251	0.0017271157	0.021573761	0.882	3322	tags=45%, list=22%, signal=57%	
ZHANG_FH_DEFICIENT_RCC_C1_VS_OTHERS_UP	ZHANG_FH_DEFICIENT_RCC_C1_VS_OTHERS_UP		177	0.3885607	1.886929	0.0	0.021413643	0.883	3514	tags=41%, list=23%, signal=52%	
FOSTER_KDM1A_TARGETS_UP	FOSTER_KDM1A_TARGETS_UP		186	0.3847974	1.8853157	0.0	0.021542268	0.884	3612	tags=39%, list=24%, signal=51%	
DAUER_STAT3_TARGETS_DN	DAUER_STAT3_TARGETS_DN		43	0.50391275	1.8839538	0.0017452007	0.021627221	0.886	3743	tags=56%, list=25%, signal=74%	
HOFMANN_MYELODYSPLASTIC_SYNDROM_RISK_DN	HOFMANN_MYELODYSPLASTIC_SYNDROM_RISK_DN		16	0.6398014	1.8791605	0.0	0.022936894	0.905	4157	tags=63%, list=28%, signal=86%	
ABBUD_LIF_SIGNALING_1_UP	ABBUD_LIF_SIGNALING_1_UP		31	0.5422471	1.8781626	0.005050505	0.022948628	0.909	2823	tags=45%, list=19%, signal=55%	
RADAEVA_RESPONSE_TO_IFNA1_UP	RADAEVA_RESPONSE_TO_IFNA1_UP		43	0.49976847	1.8780295	0.0	0.022744907	0.91	3451	tags=51%, list=23%, signal=66%	
SEITZ_NEOPLASTIC_TRANSFORMATION_BY_8P_DELETION_UP	SEITZ_NEOPLASTIC_TRANSFORMATION_BY_8P_DELETION_UP		63	0.45574117	1.8746566	0.0	0.023549754	0.917	3743	tags=46%, list=25%, signal=61%	
REACTOME_CLASS_A_1_RHODOPSIN_LIKE_RECEPTORS	REACTOME_CLASS_A_1_RHODOPSIN_LIKE_RECEPTORS		214	0.37782156	1.8723606	0.0	0.02406167	0.925	4083	tags=51%, list=27%, signal=69%	
CROMER_TUMORIGENESIS_DN	CROMER_TUMORIGENESIS_DN		36	0.51877195	1.8687799	0.0034129692	0.024728965	0.938	3653	tags=50%, list=24%, signal=66%	
KEGG_HOMOLOGOUS_RECOMBINATION	KEGG_HOMOLOGOUS_RECOMBINATION		26	0.5597826	1.8673167	0.0	0.024786921	0.939	2798	tags=42%, list=19%, signal=52%	
BIOCARTA_NKT_PATHWAY	BIOCARTA_NKT_PATHWAY		15	0.64425886	1.8661122	0.0035906644	0.024870481	0.942	3096	tags=60%, list=20%, signal=75%	
VALK_AML_WITH_11Q23_REARRANGED	VALK_AML_WITH_11Q23_REARRANGED		16	0.6392135	1.8637654	0.0035778175	0.0253606	0.947	2782	tags=50%, list=18%, signal=61%	
KEGG_MEDICUS_VARIANT_MUTATION_CAUSED_ABERRANT_SOD1_TO_RETROGRADE_AXONAL_TRANSPORT	KEGG_MEDICUS_VARIANT_MUTATION_CAUSED_ABERRANT_SOD1_TO_RETROGRADE_AXONAL_TRANSPORT		25	0.55671644	1.8617784	0.0017574693	0.025664777	0.948	2716	tags=52%, list=18%, signal=63%	
KOHN_EMT_EPITHELIAL	KOHN_EMT_EPITHELIAL		18	0.6083367	1.8603605	0.0053667263	0.025832469	0.951	2283	tags=56%, list=15%, signal=65%	
KEGG_DRUG_METABOLISM_CYTOCHROME_P450	KEGG_DRUG_METABOLISM_CYTOCHROME_P450		33	0.52354735	1.8521507	0.0	0.02822466	0.965	4219	tags=58%, list=28%, signal=80%	
ZHANG_ANTIVIRAL_RESPONSE_TO_RIBAVIRIN_UP	ZHANG_ANTIVIRAL_RESPONSE_TO_RIBAVIRIN_UP		24	0.5658488	1.851223	0.0053859963	0.028239094	0.965	3706	tags=54%, list=25%, signal=72%	
SEKI_INFLAMMATORY_RESPONSE_LPS_UP	SEKI_INFLAMMATORY_RESPONSE_LPS_UP		67	0.4551571	1.8506653	0.0015243902	0.028177662	0.965	3131	tags=37%, list=21%, signal=47%	
KONDO_COLON_CANCER_HCP_WITH_H3K27ME1	KONDO_COLON_CANCER_HCP_WITH_H3K27ME1		22	0.58130956	1.8504012	0.0017953322	0.027990904	0.966	1334	tags=32%, list=9%, signal=35%	
WP_OXYSTEROLS_DERIVED_FROM_CHOLESTEROL	WP_OXYSTEROLS_DERIVED_FROM_CHOLESTEROL		39	0.50447077	1.8500477	0.0	0.027823828	0.967	4344	tags=67%, list=29%, signal=93%	
YAO_TEMPORAL_RESPONSE_TO_PROGESTERONE_CLUSTER_6	YAO_TEMPORAL_RESPONSE_TO_PROGESTERONE_CLUSTER_6		68	0.4441696	1.840723	0.0	0.030603874	0.974	1509	tags=28%, list=10%, signal=31%	
PELLICCIOTTA_HDAC_IN_ANTIGEN_PRESENTATION_DN	PELLICCIOTTA_HDAC_IN_ANTIGEN_PRESENTATION_DN		42	0.49192166	1.8392401	0.0033333334	0.030947847	0.976	1844	tags=31%, list=12%, signal=35%	
CHIANG_LIVER_CANCER_SUBCLASS_CTNNB1_DN	CHIANG_LIVER_CANCER_SUBCLASS_CTNNB1_DN		149	0.39148635	1.8387015	0.0	0.03084806	0.977	3859	tags=43%, list=26%, signal=57%	
WP_KYNURENINE_PATHWAY_AND_LINKS_TO_CELL_SENESCENCE	WP_KYNURENINE_PATHWAY_AND_LINKS_TO_CELL_SENESCENCE		17	0.6121203	1.8355134	0.0017006802	0.031602267	0.98	4809	tags=71%, list=32%, signal=103%	
OHGUCHI_LIVER_HNF4A_TARGETS_UP	OHGUCHI_LIVER_HNF4A_TARGETS_UP		39	0.4941625	1.8344727	0.0016556291	0.031562872	0.981	2706	tags=44%, list=18%, signal=53%	
CHIANG_LIVER_CANCER_SUBCLASS_PROLIFERATION_DN	CHIANG_LIVER_CANCER_SUBCLASS_PROLIFERATION_DN		132	0.39424855	1.8337502	0.0	0.031547938	0.981	3069	tags=37%, list=20%, signal=46%	
REACTOME_TNFS_BIND_THEIR_PHYSIOLOGICAL_RECEPTORS	REACTOME_TNFS_BIND_THEIR_PHYSIOLOGICAL_RECEPTORS		22	0.57816285	1.8331798	0.0052539404	0.031477597	0.981	3159	tags=50%, list=21%, signal=63%	
CHIANG_LIVER_CANCER_SUBCLASS_INTERFERON_UP	CHIANG_LIVER_CANCER_SUBCLASS_INTERFERON_UP		20	0.5979501	1.832439	0.003502627	0.031416867	0.981	3743	tags=65%, list=25%, signal=86%	
WP_MONOAMINE_GPCRS	WP_MONOAMINE_GPCRS		28	0.536789	1.8305417	0.0	0.03176448	0.984	4893	tags=75%, list=32%, signal=111%	
TAVOR_CEBPA_TARGETS_UP	TAVOR_CEBPA_TARGETS_UP		40	0.49129	1.8254462	0.0	0.033102553	0.986	2392	tags=35%, list=16%, signal=41%	
REACTOME_GPCR_LIGAND_BINDING	REACTOME_GPCR_LIGAND_BINDING		305	0.3525832	1.8252978	0.0	0.032886125	0.986	4175	tags=48%, list=28%, signal=64%	
ALTEMEIER_RESPONSE_TO_LPS_WITH_MECHANICAL_VENTILATION	ALTEMEIER_RESPONSE_TO_LPS_WITH_MECHANICAL_VENTILATION		94	0.41326064	1.8244846	0.0	0.032807846	0.987	4100	tags=50%, list=27%, signal=68%	
ODONNELL_TARGETS_OF_MYC_AND_TFRC_UP	ODONNELL_TARGETS_OF_MYC_AND_TFRC_UP		66	0.44127682	1.8222724	0.0	0.03333415	0.987	2262	tags=33%, list=15%, signal=39%	
WANG_ESOPHAGUS_CANCER_VS_NORMAL_UP	WANG_ESOPHAGUS_CANCER_VS_NORMAL_UP		89	0.42139578	1.8207331	0.0015243902	0.033513553	0.987	3509	tags=37%, list=23%, signal=48%	
BOYLAN_MULTIPLE_MYELOMA_PCA1_UP	BOYLAN_MULTIPLE_MYELOMA_PCA1_UP		83	0.42412215	1.816819	0.0015923567	0.034552343	0.989	3660	tags=47%, list=24%, signal=62%	
REACTOME_GLUTATHIONE_CONJUGATION	REACTOME_GLUTATHIONE_CONJUGATION		30	0.52345055	1.8150749	0.0	0.034907617	0.991	4321	tags=57%, list=29%, signal=79%	
REACTOME_LAGGING_STRAND_SYNTHESIS	REACTOME_LAGGING_STRAND_SYNTHESIS		19	0.60268617	1.8130193	0.0017574693	0.035396215	0.991	2798	tags=53%, list=19%, signal=65%	
REACTOME_ACTIVATION_OF_THE_PRE_REPLICATIVE_COMPLEX	REACTOME_ACTIVATION_OF_THE_PRE_REPLICATIVE_COMPLEX		30	0.51583385	1.8112441	0.0	0.0358183	0.991	4347	tags=50%, list=29%, signal=70%	
WP_SELECTIVE_EXPRESSION_OF_CHEMOKINE_RECEPTORS_DURING_TCELL_POLARIZATION	WP_SELECTIVE_EXPRESSION_OF_CHEMOKINE_RECEPTORS_DURING_TCELL_POLARIZATION		16	0.6222848	1.810429	0.00528169	0.03587882	0.991	3096	tags=56%, list=20%, signal=71%	
MIKKELSEN_MEF_LCP_WITH_H3K4ME3	MIKKELSEN_MEF_LCP_WITH_H3K4ME3		110	0.40018037	1.8103033	0.0015384615	0.03567728	0.992	3687	tags=45%, list=24%, signal=60%	
WP_CYTOKINECYTOKINE_RECEPTOR_INTERACTION	WP_CYTOKINECYTOKINE_RECEPTOR_INTERACTION		164	0.37827292	1.8093531	0.0	0.035738066	0.992	3558	tags=39%, list=24%, signal=50%	
HOLLERN_SQUAMOUS_BREAST_TUMOR	HOLLERN_SQUAMOUS_BREAST_TUMOR		105	0.4056563	1.8072835	0.0	0.036302533	0.992	3269	tags=43%, list=22%, signal=54%	
KEGG_PRIMARY_IMMUNODEFICIENCY	KEGG_PRIMARY_IMMUNODEFICIENCY		21	0.55670416	1.8017247	0.001908397	0.03823825	0.994	2981	tags=48%, list=20%, signal=59%	
CHEMNITZ_RESPONSE_TO_PROSTAGLANDIN_E2_DN	CHEMNITZ_RESPONSE_TO_PROSTAGLANDIN_E2_DN		322	0.34692997	1.7982674	0.0	0.039426517	0.996	2847	tags=29%, list=19%, signal=35%	
KEGG_CYTOKINE_CYTOKINE_RECEPTOR_INTERACTION	KEGG_CYTOKINE_CYTOKINE_RECEPTOR_INTERACTION		164	0.37689266	1.7959508	0.0	0.03996301	0.996	3558	tags=38%, list=24%, signal=50%	
WENG_POR_DOSAGE	WENG_POR_DOSAGE		17	0.605871	1.7937812	0.0070422534	0.04056066	0.997	2276	tags=29%, list=15%, signal=35%	
HSIAO_LIVER_SPECIFIC_GENES	HSIAO_LIVER_SPECIFIC_GENES		182	0.36918104	1.7927663	0.0	0.04072362	0.998	4256	tags=43%, list=28%, signal=60%	
MIKKELSEN_ES_LCP_WITH_H3K4ME3	MIKKELSEN_ES_LCP_WITH_H3K4ME3		113	0.39733562	1.7899902	0.0	0.04170307	0.999	2979	tags=40%, list=20%, signal=49%	
REACTOME_HOMOLOGOUS_DNA_PAIRING_AND_STRAND_EXCHANGE	REACTOME_HOMOLOGOUS_DNA_PAIRING_AND_STRAND_EXCHANGE		35	0.49183065	1.789768	0.0051107327	0.04153307	0.999	3806	tags=49%, list=25%, signal=65%	
MISHRA_CARCINOMA_ASSOCIATED_FIBROBLAST_DN	MISHRA_CARCINOMA_ASSOCIATED_FIBROBLAST_DN		21	0.57407	1.7859524	0.005226481	0.042996246	1.0	3638	tags=57%, list=24%, signal=75%	
WP_METABOLIC_EPILEPTIC_DISORDERS	WP_METABOLIC_EPILEPTIC_DISORDERS		73	0.42605177	1.7855544	0.0	0.04290389	1.0	4262	tags=47%, list=28%, signal=65%	
CHEN_ETV5_TARGETS_TESTIS	CHEN_ETV5_TARGETS_TESTIS		19	0.5837747	1.7850612	0.00528169	0.042812377	1.0	5609	tags=68%, list=37%, signal=109%	
WP_DNA_REPLICATION	WP_DNA_REPLICATION		39	0.48815456	1.7847375	0.0016778524	0.04267726	1.0	4239	tags=51%, list=28%, signal=71%	
KEGG_GLUTATHIONE_METABOLISM	KEGG_GLUTATHIONE_METABOLISM		42	0.4733467	1.7847072	0.0051635113	0.04239135	1.0	3740	tags=48%, list=25%, signal=63%	
QI_PLASMACYTOMA_UP	QI_PLASMACYTOMA_UP		198	0.36147246	1.7819675	0.0	0.043292556	1.0	3406	tags=39%, list=23%, signal=50%	
WOO_LIVER_CANCER_RECURRENCE_DN	WOO_LIVER_CANCER_RECURRENCE_DN		60	0.43826804	1.7803447	0.0	0.04364096	1.0	3661	tags=40%, list=24%, signal=53%	
WP_TYPE_II_INTERFERON_SIGNALING	WP_TYPE_II_INTERFERON_SIGNALING		32	0.50821626	1.7781186	0.0052083335	0.044553645	1.0	3743	tags=47%, list=25%, signal=62%	
SMID_BREAST_CANCER_NORMAL_LIKE_UP	SMID_BREAST_CANCER_NORMAL_LIKE_UP		369	0.33815396	1.774466	0.0	0.045778	1.0	3666	tags=40%, list=24%, signal=51%	
EINAV_INTERFERON_SIGNATURE_IN_CANCER	EINAV_INTERFERON_SIGNATURE_IN_CANCER		26	0.5203731	1.7709643	0.006932409	0.04710837	1.0	3743	tags=58%, list=25%, signal=77%	
REACTOME_FATTY_ACID_METABOLISM	REACTOME_FATTY_ACID_METABOLISM		146	0.37807536	1.7688625	0.0	0.047765426	1.0	3885	tags=39%, list=26%, signal=52%	
NOJIMA_SFRP2_TARGETS_DN	NOJIMA_SFRP2_TARGETS_DN		21	0.5462679	1.7664922	0.008944544	0.048479933	1.0	3451	tags=52%, list=23%, signal=68%	
VANLOO_SP3_TARGETS_DN	VANLOO_SP3_TARGETS_DN		75	0.42111838	1.7650391	0.0	0.048890054	1.0	3835	tags=47%, list=25%, signal=62%	
REACTOME_ANTIGEN_PRESENTATION_FOLDING_ASSEMBLY_AND_PEPTIDE_LOADING_OF_CLASS_I_MHC	REACTOME_ANTIGEN_PRESENTATION_FOLDING_ASSEMBLY_AND_PEPTIDE_LOADING_OF_CLASS_I_MHC		27	0.5152848	1.7642697	0.0072072074	0.04891704	1.0	1982	tags=33%, list=13%, signal=38%	
MEISSNER_NPC_HCP_WITH_H3K27ME3	MEISSNER_NPC_HCP_WITH_H3K27ME3		63	0.43842208	1.7641737	0.001618123	0.048657496	1.0	3779	tags=51%, list=25%, signal=67%	
KEGG_ALLOGRAFT_REJECTION	KEGG_ALLOGRAFT_REJECTION		21	0.56644756	1.7637333	0.00528169	0.048537385	1.0	638	tags=29%, list=4%, signal=30%	
ZHAN_V1_LATE_DIFFERENTIATION_GENES_UP	ZHAN_V1_LATE_DIFFERENTIATION_GENES_UP		23	0.545646	1.7631533	0.010204081	0.048482966	1.0	1545	tags=35%, list=10%, signal=39%	
PARK_TRETINOIN_RESPONSE_AND_PML_RARA_FUSION	PARK_TRETINOIN_RESPONSE_AND_PML_RARA_FUSION		27	0.5195211	1.7627498	0.0057034222	0.048371173	1.0	3177	tags=52%, list=21%, signal=66%	
KEGG_COMPLEMENT_AND_COAGULATION_CASCADES	KEGG_COMPLEMENT_AND_COAGULATION_CASCADES		51	0.45449406	1.7597162	0.0035211267	0.049528442	1.0	5006	tags=59%, list=33%, signal=88%	
LEE_LIVER_CANCER_DENA_UP	LEE_LIVER_CANCER_DENA_UP		48	0.46086589	1.758782	0.0016207455	0.049699638	1.0	1887	tags=31%, list=12%, signal=36%	
GAVIN_PDE3B_TARGETS	GAVIN_PDE3B_TARGETS		18	0.5901538	1.7585682	0.009124087	0.04949639	1.0	1307	tags=39%, list=9%, signal=43%	
HOOI_ST7_TARGETS_DN	HOOI_ST7_TARGETS_DN		107	0.39151636	1.7567096	0.0	0.050206788	1.0	2514	tags=28%, list=17%, signal=33%	
ARMIGNACCO_SEVERE_COVID19_RISK_EN_POS	ARMIGNACCO_SEVERE_COVID19_RISK_EN_POS		15	0.60979587	1.7558029	0.005263158	0.05041105	1.0	1281	tags=33%, list=8%, signal=36%	
WONG_ENDMETRIUM_CANCER_UP	WONG_ENDMETRIUM_CANCER_UP		21	0.5519895	1.7557764	0.010695187	0.05012263	1.0	3561	tags=52%, list=24%, signal=68%	
CHEOK_RESPONSE_TO_MERCAPTOPURINE_DN	CHEOK_RESPONSE_TO_MERCAPTOPURINE_DN		18	0.5792623	1.7545813	0.0056603774	0.05041512	1.0	4308	tags=78%, list=29%, signal=109%	
REACTOME_GLUCONEOGENESIS	REACTOME_GLUCONEOGENESIS		20	0.5691946	1.7538186	0.0050083473	0.050468512	1.0	5095	tags=80%, list=34%, signal=121%	
WP_CHOLESTEROL_BIOSYNTHESIS_PATHWAY_IN_HEPATOCYTES	WP_CHOLESTEROL_BIOSYNTHESIS_PATHWAY_IN_HEPATOCYTES		89	0.40192086	1.7526535	0.0	0.05091498	1.0	4233	tags=44%, list=28%, signal=61%	
LEIN_CHOROID_PLEXUS_MARKERS	LEIN_CHOROID_PLEXUS_MARKERS		96	0.4004669	1.7519454	0.0	0.051038045	1.0	3399	tags=34%, list=22%, signal=44%	
MATZUK_CENTRAL_FOR_FEMALE_FERTILITY	MATZUK_CENTRAL_FOR_FEMALE_FERTILITY		19	0.5672405	1.7515064	0.005226481	0.050978728	1.0	1494	tags=42%, list=10%, signal=47%	
MISIAK_ANAPLASTIC_THYROID_CARCINOMA_DN	MISIAK_ANAPLASTIC_THYROID_CARCINOMA_DN		18	0.57409924	1.7507119	0.006956522	0.051045295	1.0	1880	tags=33%, list=12%, signal=38%	
VANDESLUIS_COMMD1_TARGETS_GROUP_3_UP	VANDESLUIS_COMMD1_TARGETS_GROUP_3_UP		65	0.42435592	1.7486587	0.0033057851	0.05173166	1.0	3333	tags=42%, list=22%, signal=53%	
CHIARETTI_T_ALL_REFRACTORY_TO_THERAPY	CHIARETTI_T_ALL_REFRACTORY_TO_THERAPY		22	0.54915106	1.748531	0.0036101083	0.051475476	1.0	3455	tags=59%, list=23%, signal=76%	
KIM_ALL_DISORDERS_CALB1_CORR_DN	KIM_ALL_DISORDERS_CALB1_CORR_DN		26	0.5169299	1.7480953	0.0049668876	0.051376976	1.0	3686	tags=54%, list=24%, signal=71%	
BLANCO_MELO_COVID19_BRONCHIAL_EPITHELIAL_CELLS_SARS_COV_2_INFECTION_UP	BLANCO_MELO_COVID19_BRONCHIAL_EPITHELIAL_CELLS_SARS_COV_2_INFECTION_UP		116	0.38335156	1.7460978	0.0	0.052103758	1.0	3558	tags=39%, list=24%, signal=50%	
KEGG_TRYPTOPHAN_METABOLISM	KEGG_TRYPTOPHAN_METABOLISM		30	0.5078732	1.7440029	0.0	0.052885182	1.0	5188	tags=57%, list=34%, signal=86%	
WP_COMPLEMENT_AND_COAGULATION_CASCADES	WP_COMPLEMENT_AND_COAGULATION_CASCADES		43	0.457618	1.7430786	0.0017211704	0.052996855	1.0	4248	tags=51%, list=28%, signal=71%	
KIM_BIPOLAR_DISORDER_OLIGODENDROCYTE_DENSITY_CORR_DN	KIM_BIPOLAR_DISORDER_OLIGODENDROCYTE_DENSITY_CORR_DN		56	0.4383676	1.7405608	0.0017391305	0.05400001	1.0	3548	tags=50%, list=23%, signal=65%	
KEGG_CELL_ADHESION_MOLECULES_CAMS	KEGG_CELL_ADHESION_MOLECULES_CAMS		106	0.39099085	1.7391378	0.001607717	0.05448827	1.0	1588	tags=26%, list=11%, signal=29%	
REACTOME_AMINE_LIGAND_BINDING_RECEPTORS	REACTOME_AMINE_LIGAND_BINDING_RECEPTORS		31	0.50232905	1.7356412	0.006968641	0.056003775	1.0	4382	tags=68%, list=29%, signal=95%	
REACTOME_ANTIGEN_PROCESSING_UB_ATP_INDEPENDENT_PROTEASOMAL_DEGRADATION	REACTOME_ANTIGEN_PROCESSING_UB_ATP_INDEPENDENT_PROTEASOMAL_DEGRADATION		17	0.57395446	1.7349957	0.008818342	0.055997185	1.0	2439	tags=41%, list=16%, signal=49%	
HELLEBREKERS_SILENCED_DURING_TUMOR_ANGIOGENESIS	HELLEBREKERS_SILENCED_DURING_TUMOR_ANGIOGENESIS		65	0.42224914	1.7322278	0.0017035775	0.05712017	1.0	2602	tags=35%, list=17%, signal=43%	
WENG_POR_TARGETS_GLOBAL_DN	WENG_POR_TARGETS_GLOBAL_DN		20	0.54742116	1.727352	0.007017544	0.05946853	1.0	3113	tags=40%, list=21%, signal=50%	
KIM_LRRC3B_TARGETS	KIM_LRRC3B_TARGETS		26	0.5145615	1.7263886	0.010016695	0.059701238	1.0	3743	tags=62%, list=25%, signal=82%	
WP_GPCRS_CLASS_A_RHODOPSINLIKE	WP_GPCRS_CLASS_A_RHODOPSINLIKE		140	0.36593825	1.7263497	0.0	0.059408605	1.0	4003	tags=48%, list=26%, signal=65%	
WP_7Q1123_DISTAL_COPY_NUMBER_VARIATION	WP_7Q1123_DISTAL_COPY_NUMBER_VARIATION		18	0.5787035	1.7223649	0.012027492	0.061442617	1.0	2540	tags=56%, list=17%, signal=67%	
WP_DENGUE2_INTERACTIONS_WITH_COMPLEMENT_AND_COAGULATION_CASCADES	WP_DENGUE2_INTERACTIONS_WITH_COMPLEMENT_AND_COAGULATION_CASCADES		43	0.457618	1.7190453	0.0	0.06313653	1.0	4248	tags=51%, list=28%, signal=71%	
SEMENZA_HIF1_TARGETS	SEMENZA_HIF1_TARGETS		33	0.4824562	1.7176998	0.0067911716	0.06349291	1.0	5155	tags=61%, list=34%, signal=92%	
BOYLAN_MULTIPLE_MYELOMA_C_D_DN	BOYLAN_MULTIPLE_MYELOMA_C_D_DN		210	0.34789088	1.7156299	0.0	0.06442198	1.0	4300	tags=44%, list=28%, signal=60%	
KEGG_METABOLISM_OF_XENOBIOTICS_BY_CYTOCHROME_P450	KEGG_METABOLISM_OF_XENOBIOTICS_BY_CYTOCHROME_P450		32	0.48959547	1.7149824	0.008833922	0.06446396	1.0	4219	tags=56%, list=28%, signal=78%	
ZHU_CMV_ALL_UP	ZHU_CMV_ALL_UP		95	0.38870594	1.7145264	0.0	0.06439968	1.0	3811	tags=38%, list=25%, signal=50%	
WP_AMINO_ACID_METABOLISM	WP_AMINO_ACID_METABOLISM		81	0.39660698	1.7133398	0.0016611295	0.0648192	1.0	3586	tags=38%, list=24%, signal=50%	
EGUCHI_CELL_CYCLE_RB1_TARGETS	EGUCHI_CELL_CYCLE_RB1_TARGETS		20	0.55084556	1.7116388	0.017301038	0.06559261	1.0	5963	tags=75%, list=39%, signal=124%	
WP_PPARALPHA_PATHWAY	WP_PPARALPHA_PATHWAY		17	0.570311	1.7106254	0.01604278	0.06597421	1.0	1185	tags=29%, list=8%, signal=32%	
JINESH_BLEBBISHIELD_TO_IMMUNE_CELL_FUSION_PBSHMS_DN	JINESH_BLEBBISHIELD_TO_IMMUNE_CELL_FUSION_PBSHMS_DN		329	0.32898495	1.7105906	0.0	0.06565014	1.0	2956	tags=29%, list=20%, signal=36%	
KEGG_ANTIGEN_PROCESSING_AND_PRESENTATION	KEGG_ANTIGEN_PROCESSING_AND_PRESENTATION		53	0.43235028	1.709735	0.0016474464	0.06579941	1.0	2002	tags=32%, list=13%, signal=37%	
REACTOME_PEROXISOMAL_LIPID_METABOLISM	REACTOME_PEROXISOMAL_LIPID_METABOLISM		26	0.5124969	1.7076031	0.0018050541	0.06684003	1.0	2379	tags=38%, list=16%, signal=46%	
WP_PROTEASOME_DEGRADATION	WP_PROTEASOME_DEGRADATION		56	0.42923322	1.7025932	0.0067340066	0.069562845	1.0	1844	tags=23%, list=12%, signal=26%	
DER_IFN_GAMMA_RESPONSE_UP	DER_IFN_GAMMA_RESPONSE_UP		68	0.40991744	1.7003071	0.0	0.07055763	1.0	1384	tags=26%, list=9%, signal=29%	
CHARAFE_BREAST_CANCER_LUMINAL_VS_MESENCHYMAL_UP	CHARAFE_BREAST_CANCER_LUMINAL_VS_MESENCHYMAL_UP		395	0.3183863	1.6995764	0.0	0.07062317	1.0	3535	tags=34%, list=23%, signal=43%	
ZHENG_FOXP3_TARGETS_UP	ZHENG_FOXP3_TARGETS_UP		23	0.5188122	1.6976049	0.0088495575	0.07151149	1.0	2675	tags=43%, list=18%, signal=53%	
LIN_SILENCED_BY_TUMOR_MICROENVIRONMENT	LIN_SILENCED_BY_TUMOR_MICROENVIRONMENT		85	0.39013734	1.6971301	0.00311042	0.071526326	1.0	3561	tags=41%, list=24%, signal=54%	
KEGG_FATTY_ACID_METABOLISM	KEGG_FATTY_ACID_METABOLISM		33	0.47949457	1.6950655	0.0017730496	0.07247096	1.0	3617	tags=39%, list=24%, signal=52%	
KEGG_MEDICUS_REFERENCE_RETROGRADE_AXONAL_TRANSPORT	KEGG_MEDICUS_REFERENCE_RETROGRADE_AXONAL_TRANSPORT		36	0.47192472	1.6948055	0.0067911716	0.072234385	1.0	2716	tags=44%, list=18%, signal=54%	
FOROUTAN_TGFB_EMT_DN	FOROUTAN_TGFB_EMT_DN		95	0.3878076	1.6915349	0.0015576323	0.07410696	1.0	4125	tags=46%, list=27%, signal=63%	
PID_RHODOPSIN_PATHWAY	PID_RHODOPSIN_PATHWAY		17	0.56549084	1.6906751	0.019031141	0.074415006	1.0	2015	tags=41%, list=13%, signal=47%	
WP_TYROBP_CAUSAL_NETWORK_IN_MICROGLIA	WP_TYROBP_CAUSAL_NETWORK_IN_MICROGLIA		48	0.44245866	1.6893477	0.0034129692	0.074972525	1.0	3375	tags=46%, list=22%, signal=59%	
SANSOM_APC_TARGETS_DN	SANSOM_APC_TARGETS_DN		293	0.32720348	1.6878155	0.0	0.075712085	1.0	2948	tags=31%, list=20%, signal=37%	
JAATINEN_HEMATOPOIETIC_STEM_CELL_DN	JAATINEN_HEMATOPOIETIC_STEM_CELL_DN		161	0.35462555	1.6869504	0.0	0.075945154	1.0	4412	tags=48%, list=29%, signal=67%	
UNTERMAN_IPF_VS_CTRL_TREG_CELL_DN	UNTERMAN_IPF_VS_CTRL_TREG_CELL_DN		15	0.588927	1.6865636	0.01119403	0.07577851	1.0	3708	tags=60%, list=25%, signal=79%	
SMID_BREAST_CANCER_LUMINAL_B_DN	SMID_BREAST_CANCER_LUMINAL_B_DN		450	0.31321117	1.6844974	0.0	0.076948024	1.0	3597	tags=36%, list=24%, signal=46%	
REACTOME_PEROXISOMAL_PROTEIN_IMPORT	REACTOME_PEROXISOMAL_PROTEIN_IMPORT		57	0.42096817	1.6841935	0.006779661	0.076787196	1.0	3952	tags=44%, list=26%, signal=59%	
KESHELAVA_MULTIPLE_DRUG_RESISTANCE	KESHELAVA_MULTIPLE_DRUG_RESISTANCE		64	0.40846255	1.6837441	0.0048076925	0.0767671	1.0	1274	tags=22%, list=8%, signal=24%	
WP_METAPATHWAY_BIOTRANSFORMATION_PHASE_I_AND_II	WP_METAPATHWAY_BIOTRANSFORMATION_PHASE_I_AND_II		120	0.36791024	1.6835173	0.0014771048	0.076573886	1.0	4219	tags=43%, list=28%, signal=60%	
LEE_LIVER_CANCER_SURVIVAL_UP	LEE_LIVER_CANCER_SURVIVAL_UP		140	0.36019784	1.6832072	0.0015432099	0.07643007	1.0	2890	tags=31%, list=19%, signal=39%	
FINAK_BREAST_CANCER_SDPP_SIGNATURE	FINAK_BREAST_CANCER_SDPP_SIGNATURE		21	0.5288958	1.6827861	0.010452962	0.076346725	1.0	3355	tags=62%, list=22%, signal=79%	
KEGG_MEDICUS_VARIANT_MUTATION_CAUSED_ABERRANT_HTT_TO_RETROGRADE_AXONAL_TRANSPORT	KEGG_MEDICUS_VARIANT_MUTATION_CAUSED_ABERRANT_HTT_TO_RETROGRADE_AXONAL_TRANSPORT		38	0.4608286	1.6799394	0.0103270225	0.077910416	1.0	2716	tags=45%, list=18%, signal=54%	
SABATES_COLORECTAL_ADENOMA_UP	SABATES_COLORECTAL_ADENOMA_UP		110	0.37376842	1.678329	0.00155521	0.078637056	1.0	3878	tags=43%, list=26%, signal=57%	
BLANCO_MELO_MERS_COV_INFECTION_MCR5_CELLS_DN	BLANCO_MELO_MERS_COV_INFECTION_MCR5_CELLS_DN		26	0.5145191	1.6773796	0.008756568	0.078974225	1.0	3778	tags=54%, list=25%, signal=72%	
NEWMAN_ERCC6_TARGETS_UP	NEWMAN_ERCC6_TARGETS_UP		22	0.5275219	1.6761148	0.008880994	0.07957899	1.0	3698	tags=59%, list=24%, signal=78%	
KIM_MYCN_AMPLIFICATION_TARGETS_DN	KIM_MYCN_AMPLIFICATION_TARGETS_DN		96	0.37882203	1.6753048	0.0	0.07976597	1.0	2361	tags=27%, list=16%, signal=32%	
WP_EICOSANOID_METABOLISM_VIA_LIPOOXYGENASES_LOX	WP_EICOSANOID_METABOLISM_VIA_LIPOOXYGENASES_LOX		24	0.51583004	1.6747179	0.012867647	0.07978419	1.0	4574	tags=67%, list=30%, signal=95%	
REACTOME_GAP_JUNCTION_ASSEMBLY	REACTOME_GAP_JUNCTION_ASSEMBLY		23	0.5039643	1.6716975	0.014159292	0.08161569	1.0	1475	tags=35%, list=10%, signal=38%	
ZHOU_INFLAMMATORY_RESPONSE_LPS_UP	ZHOU_INFLAMMATORY_RESPONSE_LPS_UP		292	0.32636735	1.6715686	0.0	0.08135081	1.0	3965	tags=39%, list=26%, signal=52%	
MANNE_COVID19_NONICU_VS_HEALTHY_DONOR_PLATELETS_DN	MANNE_COVID19_NONICU_VS_HEALTHY_DONOR_PLATELETS_DN		170	0.3498694	1.6714224	0.0015360983	0.08105939	1.0	4082	tags=41%, list=27%, signal=55%	
WP_FATTY_ACID_BETAOXIDATION	WP_FATTY_ACID_BETAOXIDATION		27	0.49736938	1.6696168	0.017482517	0.08215647	1.0	3408	tags=37%, list=23%, signal=48%	
TSAI_RESPONSE_TO_RADIATION_THERAPY	TSAI_RESPONSE_TO_RADIATION_THERAPY		27	0.49065724	1.6681298	0.0103270225	0.08287879	1.0	4261	tags=41%, list=28%, signal=57%	
MEBARKI_HCC_PROGENITOR_FZD8CRD_DN	MEBARKI_HCC_PROGENITOR_FZD8CRD_DN		324	0.3226386	1.6674695	0.0	0.082976036	1.0	2941	tags=32%, list=19%, signal=39%	
REACTOME_ANTIGEN_PROCESSING_CROSS_PRESENTATION	REACTOME_ANTIGEN_PROCESSING_CROSS_PRESENTATION		84	0.39379	1.6652061	0.0016155089	0.08419471	1.0	2475	tags=27%, list=16%, signal=33%	
REACTOME_RECOGNITION_OF_DNA_DAMAGE_BY_PCNA_CONTAINING_REPLICATION_COMPLEX	REACTOME_RECOGNITION_OF_DNA_DAMAGE_BY_PCNA_CONTAINING_REPLICATION_COMPLEX		30	0.47494566	1.6649162	0.008992806	0.08403849	1.0	2798	tags=40%, list=19%, signal=49%	
WU_CELL_MIGRATION	WU_CELL_MIGRATION		164	0.34628454	1.6648382	0.0	0.083731	1.0	4022	tags=38%, list=27%, signal=51%	
WP_INFLAMMATORY_RESPONSE_PATHWAY	WP_INFLAMMATORY_RESPONSE_PATHWAY		19	0.535333	1.6638647	0.012612613	0.084084034	1.0	3336	tags=42%, list=22%, signal=54%	
SOGA_COLORECTAL_CANCER_MYC_DN	SOGA_COLORECTAL_CANCER_MYC_DN		60	0.41541883	1.6636454	0.005076142	0.08387503	1.0	2039	tags=25%, list=13%, signal=29%	
TURASHVILI_BREAST_LOBULAR_CARCINOMA_VS_DUCTAL_NORMAL_DN	TURASHVILI_BREAST_LOBULAR_CARCINOMA_VS_DUCTAL_NORMAL_DN		81	0.38871405	1.6627045	0.0049423394	0.08422823	1.0	3269	tags=37%, list=22%, signal=47%	
UROSEVIC_RESPONSE_TO_IMIQUIMOD	UROSEVIC_RESPONSE_TO_IMIQUIMOD		17	0.5498379	1.6618433	0.021818181	0.084589764	1.0	3743	tags=53%, list=25%, signal=70%	
LIM_MAMMARY_LUMINAL_MATURE_UP	LIM_MAMMARY_LUMINAL_MATURE_UP		98	0.37947425	1.6607875	0.0	0.08492953	1.0	2276	tags=28%, list=15%, signal=32%	
MIKKELSEN_MCV6_LCP_WITH_H3K4ME3	MIKKELSEN_MCV6_LCP_WITH_H3K4ME3		133	0.35863197	1.6602794	0.0	0.084896706	1.0	2972	tags=37%, list=20%, signal=45%	
TING_SILENCED_BY_DICER	TING_SILENCED_BY_DICER		26	0.4948367	1.6598743	0.008741259	0.084860675	1.0	2507	tags=42%, list=17%, signal=51%	
WP_INTERACTIONS_BETWEEN_IMMUNE_CELLS_AND_MICRORNAS_IN_TUMOR_MICROENVIRONMENT	WP_INTERACTIONS_BETWEEN_IMMUNE_CELLS_AND_MICRORNAS_IN_TUMOR_MICROENVIRONMENT		18	0.5463647	1.6592423	0.01754386	0.08502997	1.0	3336	tags=44%, list=22%, signal=57%	
KEGG_ABC_TRANSPORTERS	KEGG_ABC_TRANSPORTERS		39	0.44801193	1.6584388	0.011627907	0.08532335	1.0	2272	tags=31%, list=15%, signal=36%	
DELYS_THYROID_CANCER_UP	DELYS_THYROID_CANCER_UP		384	0.31587827	1.6583556	0.0	0.08504253	1.0	3848	tags=35%, list=25%, signal=45%	
CORRE_MULTIPLE_MYELOMA_DN	CORRE_MULTIPLE_MYELOMA_DN		52	0.42998683	1.6581997	0.0033057851	0.08482949	1.0	3128	tags=40%, list=21%, signal=51%	
HOSHIDA_LIVER_CANCER_SUBCLASS_S3	HOSHIDA_LIVER_CANCER_SUBCLASS_S3		225	0.33227473	1.655737	0.0	0.086357005	1.0	4256	tags=39%, list=28%, signal=53%	
BOSCO_TH1_CYTOTOXIC_MODULE	BOSCO_TH1_CYTOTOXIC_MODULE		77	0.38884336	1.6535952	0.0	0.08759038	1.0	4060	tags=48%, list=27%, signal=65%	
REACTOME_METABOLIC_DISORDERS_OF_BIOLOGICAL_OXIDATION_ENZYMES	REACTOME_METABOLIC_DISORDERS_OF_BIOLOGICAL_OXIDATION_ENZYMES		25	0.49566343	1.6533557	0.026548672	0.087407626	1.0	4169	tags=56%, list=28%, signal=77%	
CAMPS_COLON_CANCER_COPY_NUMBER_DN	CAMPS_COLON_CANCER_COPY_NUMBER_DN		36	0.45394608	1.6519392	0.001754386	0.088137485	1.0	2430	tags=36%, list=16%, signal=43%	
FLORIO_HUMAN_NEOCORTEX	FLORIO_HUMAN_NEOCORTEX		15	0.5843228	1.648733	0.02226345	0.090316325	1.0	3496	tags=67%, list=23%, signal=87%	
WP_TAR_SYNDROME	WP_TAR_SYNDROME		51	0.42077664	1.647497	0.0049916804	0.09096821	1.0	1171	tags=20%, list=8%, signal=21%	
REACTOME_HDR_THROUGH_HOMOLOGOUS_RECOMBINATION_HRR	REACTOME_HDR_THROUGH_HOMOLOGOUS_RECOMBINATION_HRR		59	0.40738374	1.6462595	0.009756098	0.091584705	1.0	3548	tags=39%, list=23%, signal=51%	
KEGG_ALANINE_ASPARTATE_AND_GLUTAMATE_METABOLISM	KEGG_ALANINE_ASPARTATE_AND_GLUTAMATE_METABOLISM		29	0.4772423	1.6462152	0.010016695	0.09125553	1.0	4068	tags=52%, list=27%, signal=71%	
KEGG_HISTIDINE_METABOLISM	KEGG_HISTIDINE_METABOLISM		25	0.4984142	1.6446856	0.018248174	0.09205066	1.0	4660	tags=56%, list=31%, signal=81%	
PLASARI_NFIC_TARGETS_BASAL_UP	PLASARI_NFIC_TARGETS_BASAL_UP		26	0.48783836	1.6442316	0.008710802	0.09203112	1.0	2243	tags=42%, list=15%, signal=50%	
VILLANUEVA_LIVER_CANCER_KRT19_DN	VILLANUEVA_LIVER_CANCER_KRT19_DN		53	0.41577017	1.6418703	0.0016556291	0.09368009	1.0	3276	tags=38%, list=22%, signal=48%	
SCHAEFFER_PROSTATE_DEVELOPMENT_48HR_UP	SCHAEFFER_PROSTATE_DEVELOPMENT_48HR_UP		392	0.3100123	1.6356633	0.0	0.09832073	1.0	3423	tags=32%, list=23%, signal=40%	
CAIRO_HEPATOBLASTOMA_DN	CAIRO_HEPATOBLASTOMA_DN		215	0.3260502	1.6338264	0.0014347202	0.09961067	1.0	3472	tags=34%, list=23%, signal=44%	
GAVIN_FOXP3_TARGETS_CLUSTER_P4	GAVIN_FOXP3_TARGETS_CLUSTER_P4		86	0.37652838	1.6338197	0.0049261083	0.09923245	1.0	2812	tags=35%, list=19%, signal=43%	
REACTOME_TERMINATION_OF_TRANSLESION_DNA_SYNTHESIS	REACTOME_TERMINATION_OF_TRANSLESION_DNA_SYNTHESIS		32	0.46617725	1.6314961	0.010695187	0.10072011	1.0	3917	tags=47%, list=26%, signal=63%	
KAUFFMANN_MELANOMA_RELAPSE_UP	KAUFFMANN_MELANOMA_RELAPSE_UP		52	0.4189496	1.6303107	0.003407155	0.10125716	1.0	6104	tags=58%, list=40%, signal=96%	
REACTOME_INTERFERON_SIGNALING	REACTOME_INTERFERON_SIGNALING		228	0.3254147	1.6295645	0.0	0.10141583	1.0	2976	tags=28%, list=20%, signal=34%	
WP_IMMUNE_RESPONSE_TO_TUBERCULOSIS	WP_IMMUNE_RESPONSE_TO_TUBERCULOSIS		22	0.5026299	1.6293509	0.023423424	0.10124416	1.0	3451	tags=36%, list=23%, signal=47%	
WP_FIBRIN_COMPLEMENT_RECEPTOR_3_SIGNALING	WP_FIBRIN_COMPLEMENT_RECEPTOR_3_SIGNALING		34	0.45270124	1.6262572	0.013722127	0.10337425	1.0	3396	tags=41%, list=22%, signal=53%	
LEE_LIVER_CANCER_DENA_DN	LEE_LIVER_CANCER_DENA_DN		52	0.41154853	1.6262237	0.01141925	0.10300093	1.0	3405	tags=33%, list=23%, signal=42%	
ANDERSEN_LIVER_CANCER_KRT19_DN	ANDERSEN_LIVER_CANCER_KRT19_DN		60	0.4036445	1.62618	0.0049668876	0.102651864	1.0	2890	tags=35%, list=19%, signal=43%	
XU_HGF_SIGNALING_NOT_VIA_AKT1_48HR_UP	XU_HGF_SIGNALING_NOT_VIA_AKT1_48HR_UP		33	0.45390385	1.6238216	0.0125	0.10432315	1.0	3848	tags=42%, list=25%, signal=57%	
SERVITJA_ISLET_HNF1A_TARGETS_DN	SERVITJA_ISLET_HNF1A_TARGETS_DN		82	0.37263745	1.6236999	0.0031595577	0.10403527	1.0	3416	tags=35%, list=23%, signal=45%	
GALINDO_IMMUNE_RESPONSE_TO_ENTEROTOXIN	GALINDO_IMMUNE_RESPONSE_TO_ENTEROTOXIN		62	0.3978207	1.6232567	0.005154639	0.10405754	1.0	3772	tags=39%, list=25%, signal=51%	
WP_NRF2_PATHWAY	WP_NRF2_PATHWAY		108	0.3597804	1.6230348	0.0	0.103855394	1.0	3112	tags=32%, list=21%, signal=41%	
BOYAULT_LIVER_CANCER_SUBCLASS_G1_DN	BOYAULT_LIVER_CANCER_SUBCLASS_G1_DN		38	0.4392317	1.6230226	0.008695652	0.10347833	1.0	2748	tags=42%, list=18%, signal=51%	
WP_OMEGA3FATTY_ACIDS_IN_SENESCENCE	WP_OMEGA3FATTY_ACIDS_IN_SENESCENCE		26	0.48415723	1.6221337	0.019933555	0.10386343	1.0	4254	tags=58%, list=28%, signal=80%	
WP_NUCLEOTIDEBINDING_OLIGOMERIZATION_DOMAIN_NOD_PATHWAY	WP_NUCLEOTIDEBINDING_OLIGOMERIZATION_DOMAIN_NOD_PATHWAY		33	0.45064187	1.6214134	0.013355592	0.10412294	1.0	2441	tags=33%, list=16%, signal=40%	
SATO_SILENCED_EPIGENETICALLY_IN_PANCREATIC_CANCER	SATO_SILENCED_EPIGENETICALLY_IN_PANCREATIC_CANCER		33	0.4529989	1.6199058	0.02364865	0.10506644	1.0	3734	tags=52%, list=25%, signal=68%	
MCCABE_HOXC6_TARGETS_CANCER_UP	MCCABE_HOXC6_TARGETS_CANCER_UP		24	0.4864228	1.6198293	0.014705882	0.10472469	1.0	2712	tags=38%, list=18%, signal=46%	
STAMBOLSKY_TARGETS_OF_MUTATED_TP53_DN	STAMBOLSKY_TARGETS_OF_MUTATED_TP53_DN		45	0.41826642	1.6189711	0.008833922	0.10514814	1.0	2746	tags=38%, list=18%, signal=46%	
NIKOLSKY_BREAST_CANCER_1Q21_AMPLICON	NIKOLSKY_BREAST_CANCER_1Q21_AMPLICON		32	0.46007416	1.6188899	0.0102739725	0.10484261	1.0	3813	tags=44%, list=25%, signal=58%	
ZHAN_MULTIPLE_MYELOMA_HP_DN	ZHAN_MULTIPLE_MYELOMA_HP_DN		42	0.42818928	1.6185964	0.013513514	0.104739025	1.0	3449	tags=43%, list=23%, signal=55%	
VILIMAS_NOTCH1_TARGETS_UP	VILIMAS_NOTCH1_TARGETS_UP		35	0.44168484	1.6156566	0.008710802	0.10694985	1.0	3181	tags=40%, list=21%, signal=51%	
GEISS_RESPONSE_TO_DSRNA_UP	GEISS_RESPONSE_TO_DSRNA_UP		32	0.4603215	1.6145737	0.012567325	0.10743976	1.0	3914	tags=41%, list=26%, signal=55%	
PID_IL8_CXCR1_PATHWAY	PID_IL8_CXCR1_PATHWAY		23	0.49679273	1.6121471	0.025089607	0.10926129	1.0	4121	tags=57%, list=27%, signal=78%	
GNATENKO_PLATELET_SIGNATURE	GNATENKO_PLATELET_SIGNATURE		36	0.4436559	1.6100926	0.018932875	0.11078623	1.0	3570	tags=36%, list=24%, signal=47%	
WENG_POR_TARGETS_LIVER_UP	WENG_POR_TARGETS_LIVER_UP		34	0.4471741	1.6099322	0.015544041	0.11051043	1.0	3228	tags=29%, list=21%, signal=37%	
WP_HEMATOPOIETIC_STEM_CELL_DIFFERENTIATION	WP_HEMATOPOIETIC_STEM_CELL_DIFFERENTIATION		40	0.43770128	1.6097205	0.019366197	0.11028665	1.0	1319	tags=30%, list=9%, signal=33%	
REACTOME_SURFACTANT_METABOLISM	REACTOME_SURFACTANT_METABOLISM		21	0.51294106	1.6094042	0.0125	0.11020534	1.0	2406	tags=33%, list=16%, signal=40%	
REACTOME_BIOSYNTHESIS_OF_SPECIALIZED_PRORESOLVING_MEDIATORS_SPMS	REACTOME_BIOSYNTHESIS_OF_SPECIALIZED_PRORESOLVING_MEDIATORS_SPMS		16	0.54985356	1.6091074	0.018181818	0.110063225	1.0	4254	tags=63%, list=28%, signal=87%	
GRAHAM_CML_DIVIDING_VS_NORMAL_QUIESCENT_DN	GRAHAM_CML_DIVIDING_VS_NORMAL_QUIESCENT_DN		79	0.37127316	1.6029632	0.009852217	0.11524183	1.0	4411	tags=48%, list=29%, signal=68%	
PARK_TRETINOIN_RESPONSE_AND_RARA_PLZF_FUSION	PARK_TRETINOIN_RESPONSE_AND_RARA_PLZF_FUSION		19	0.5316874	1.6021022	0.0317757	0.11562075	1.0	1027	tags=32%, list=7%, signal=34%	
RHEIN_ALL_GLUCOCORTICOID_THERAPY_UP	RHEIN_ALL_GLUCOCORTICOID_THERAPY_UP		55	0.40389264	1.6020199	0.007849294	0.115294605	1.0	3626	tags=44%, list=24%, signal=57%	
KHETCHOUMIAN_TRIM24_TARGETS_UP	KHETCHOUMIAN_TRIM24_TARGETS_UP		38	0.43857202	1.6006824	0.010204081	0.116185665	1.0	4300	tags=50%, list=28%, signal=70%	
BERENJENO_ROCK_SIGNALING_NOT_VIA_RHOA_UP	BERENJENO_ROCK_SIGNALING_NOT_VIA_RHOA_UP		21	0.5054193	1.6005231	0.009041592	0.1159855	1.0	2814	tags=43%, list=19%, signal=53%	
ELLWOOD_MYC_TARGETS_DN	ELLWOOD_MYC_TARGETS_DN		39	0.43949097	1.600472	0.013675214	0.115638904	1.0	2118	tags=26%, list=14%, signal=30%	
LEE_LIVER_CANCER_E2F1_UP	LEE_LIVER_CANCER_E2F1_UP		56	0.40137818	1.5998245	0.011864407	0.11588134	1.0	2805	tags=34%, list=19%, signal=42%	
KEGG_LINOLEIC_ACID_METABOLISM	KEGG_LINOLEIC_ACID_METABOLISM		18	0.5228387	1.5997367	0.025225226	0.11557907	1.0	4131	tags=50%, list=27%, signal=69%	
HUPER_BREAST_BASAL_VS_LUMINAL_DN	HUPER_BREAST_BASAL_VS_LUMINAL_DN		53	0.40740833	1.5975851	0.0033557047	0.1172407	1.0	3177	tags=38%, list=21%, signal=48%	
JIANG_MELANOMA_TRM10_LAMINA_PROPRIA	JIANG_MELANOMA_TRM10_LAMINA_PROPRIA		60	0.3926479	1.5962336	0.0050083473	0.11812792	1.0	3363	tags=40%, list=22%, signal=51%	
REACTOME_INTERLEUKIN_20_FAMILY_SIGNALING	REACTOME_INTERLEUKIN_20_FAMILY_SIGNALING		15	0.5585011	1.5960344	0.028089888	0.117932245	1.0	3451	tags=53%, list=23%, signal=69%	
BLANCO_MELO_BETA_INTERFERON_TREATED_BRONCHIAL_EPITHELIAL_CELLS_DN	BLANCO_MELO_BETA_INTERFERON_TREATED_BRONCHIAL_EPITHELIAL_CELLS_DN		155	0.33839053	1.5954702	0.0	0.11812739	1.0	4049	tags=42%, list=27%, signal=57%	
FURUKAWA_DUSP6_TARGETS_PCI35_UP	FURUKAWA_DUSP6_TARGETS_PCI35_UP		61	0.3899696	1.5947938	0.0066115703	0.118381985	1.0	2978	tags=33%, list=20%, signal=41%	
FOROUTAN_INTEGRATED_TGFB_EMT_DN	FOROUTAN_INTEGRATED_TGFB_EMT_DN		66	0.39242938	1.5940427	0.003322259	0.11875045	1.0	4125	tags=45%, list=27%, signal=62%	
LI_LUNG_CANCER	LI_LUNG_CANCER		38	0.43381354	1.5937821	0.022260275	0.118635364	1.0	3269	tags=39%, list=22%, signal=50%	
WANG_BARRETTS_ESOPHAGUS_AND_ESOPHAGUS_CANCER_DN	WANG_BARRETTS_ESOPHAGUS_AND_ESOPHAGUS_CANCER_DN		30	0.46436173	1.5925448	0.019400353	0.11936378	1.0	2930	tags=43%, list=19%, signal=54%	
MCBRYAN_PUBERTAL_BREAST_5_6WK_UP	MCBRYAN_PUBERTAL_BREAST_5_6WK_UP		107	0.3571932	1.592131	0.0	0.11937823	1.0	2782	tags=33%, list=18%, signal=40%	
MEISSNER_NPC_HCP_WITH_H3K4ME2	MEISSNER_NPC_HCP_WITH_H3K4ME2		454	0.29750428	1.5889076	0.0	0.12235396	1.0	3212	tags=32%, list=21%, signal=40%	
KEGG_MEDICUS_REFERENCE_WNT_SIGNALING_MODULATION_WNT_INHIBITOR	KEGG_MEDICUS_REFERENCE_WNT_SIGNALING_MODULATION_WNT_INHIBITOR		25	0.47019306	1.588606	0.01814882	0.12224446	1.0	3434	tags=44%, list=23%, signal=57%	
KEGG_MEDICUS_REFERENCE_WNT_SIGNALING_MODULATION_WNT_ACYLATION	KEGG_MEDICUS_REFERENCE_WNT_SIGNALING_MODULATION_WNT_ACYLATION		16	0.5431935	1.5876629	0.025688073	0.12272209	1.0	1951	tags=38%, list=13%, signal=43%	
FOURNIER_ACINAR_DEVELOPMENT_EARLY_UP	FOURNIER_ACINAR_DEVELOPMENT_EARLY_UP		18	0.51352155	1.5872182	0.02329749	0.12275604	1.0	216	tags=17%, list=1%, signal=17%	
KEGG_PEROXISOME	KEGG_PEROXISOME		73	0.37923735	1.5869131	0.016129032	0.12262855	1.0	3952	tags=38%, list=26%, signal=52%	
PID_INTEGRIN_CS_PATHWAY	PID_INTEGRIN_CS_PATHWAY		23	0.49575663	1.5835499	0.012750455	0.12553613	1.0	1588	tags=30%, list=11%, signal=34%	
REACTOME_THE_PHOTOTRANSDUCTION_CASCADE	REACTOME_THE_PHOTOTRANSDUCTION_CASCADE		28	0.4532617	1.5830302	0.028911564	0.12559946	1.0	2015	tags=29%, list=13%, signal=33%	
BOHN_PRIMARY_IMMUNODEFICIENCY_SYNDROM_DN	BOHN_PRIMARY_IMMUNODEFICIENCY_SYNDROM_DN		37	0.44140217	1.5829368	0.010544815	0.12531579	1.0	4294	tags=54%, list=28%, signal=75%	
KEGG_GRAFT_VERSUS_HOST_DISEASE	KEGG_GRAFT_VERSUS_HOST_DISEASE		23	0.48840412	1.5828189	0.022140222	0.1250066	1.0	811	tags=26%, list=5%, signal=28%	
VERHAAK_AML_WITH_NPM1_MUTATED_UP	VERHAAK_AML_WITH_NPM1_MUTATED_UP		142	0.33560455	1.5816076	0.0015772871	0.12580658	1.0	3745	tags=38%, list=25%, signal=50%	
WP_COMPLEMENT_SYSTEM	WP_COMPLEMENT_SYSTEM		67	0.3841749	1.5797787	0.004918033	0.12718946	1.0	3625	tags=39%, list=24%, signal=51%	
WP_OXIDATION_BY_CYTOCHROME_P450	WP_OXIDATION_BY_CYTOCHROME_P450		32	0.44517687	1.5779439	0.021630615	0.12867734	1.0	4169	tags=50%, list=28%, signal=69%	
BROWN_MYELOID_CELL_DEVELOPMENT_UP	BROWN_MYELOID_CELL_DEVELOPMENT_UP		118	0.3496513	1.5776929	0.004658385	0.12853369	1.0	4243	tags=44%, list=28%, signal=61%	
FOROUTAN_PRODRANK_TGFB_EMT_DN	FOROUTAN_PRODRANK_TGFB_EMT_DN		74	0.37967074	1.5752503	0.0064	0.13062882	1.0	4237	tags=49%, list=28%, signal=67%	
KEGG_MEDICUS_REFERENCE_PRE_IC_FORMATION	KEGG_MEDICUS_REFERENCE_PRE_IC_FORMATION		24	0.47423747	1.5751033	0.030508475	0.13038504	1.0	5116	tags=50%, list=34%, signal=75%	
LIANG_SILENCED_BY_METHYLATION_2	LIANG_SILENCED_BY_METHYLATION_2		46	0.40774438	1.5745735	0.013468013	0.13050796	1.0	3626	tags=43%, list=24%, signal=57%	
DE_YY1_TARGETS_DN	DE_YY1_TARGETS_DN		79	0.37018713	1.5736898	0.004909984	0.13101086	1.0	5159	tags=42%, list=34%, signal=63%	
HOELZEL_NF1_TARGETS_UP	HOELZEL_NF1_TARGETS_UP		121	0.34299603	1.5728812	0.0032310179	0.13143297	1.0	3966	tags=37%, list=26%, signal=50%	
DURAND_STROMA_NS_UP	DURAND_STROMA_NS_UP		146	0.33773863	1.5727727	0.003012048	0.13115199	1.0	2876	tags=27%, list=19%, signal=34%	
LEE_EARLY_T_LYMPHOCYTE_DN	LEE_EARLY_T_LYMPHOCYTE_DN		42	0.42203027	1.5724295	0.021428572	0.1310764	1.0	2675	tags=43%, list=18%, signal=52%	
MCLACHLAN_DENTAL_CARIES_UP	MCLACHLAN_DENTAL_CARIES_UP		188	0.32501277	1.5724236	0.0014430014	0.13067374	1.0	3768	tags=37%, list=25%, signal=49%	
REACTOME_GROWTH_HORMONE_RECEPTOR_SIGNALING	REACTOME_GROWTH_HORMONE_RECEPTOR_SIGNALING		19	0.50822747	1.5716038	0.032608695	0.13118118	1.0	5072	tags=58%, list=34%, signal=87%	
REACTOME_ARACHIDONATE_METABOLISM	REACTOME_ARACHIDONATE_METABOLISM		40	0.42375317	1.5714713	0.014035088	0.13091332	1.0	3866	tags=45%, list=26%, signal=60%	
MCBRYAN_PUBERTAL_BREAST_4_5WK_UP	MCBRYAN_PUBERTAL_BREAST_4_5WK_UP		240	0.311694	1.5673385	0.0013908206	0.13477999	1.0	3311	tags=33%, list=22%, signal=41%	
MIKKELSEN_MEF_ICP_WITH_H3K4ME3_AND_H3K27ME3	MIKKELSEN_MEF_ICP_WITH_H3K4ME3_AND_H3K27ME3		36	0.43270743	1.5670036	0.028764805	0.13476932	1.0	2809	tags=42%, list=19%, signal=51%	
KEGG_AUTOIMMUNE_THYROID_DISEASE	KEGG_AUTOIMMUNE_THYROID_DISEASE		24	0.48218766	1.5667624	0.029310346	0.13462964	1.0	1319	tags=29%, list=9%, signal=32%	
POOLA_INVASIVE_BREAST_CANCER_UP	POOLA_INVASIVE_BREAST_CANCER_UP		218	0.31313923	1.5660416	0.0	0.1349372	1.0	3597	tags=34%, list=24%, signal=45%	
KEGG_MEDICUS_ENV_FACTOR_TCDD_TO_AHR_SIGNALING_PATHWAY	KEGG_MEDICUS_ENV_FACTOR_TCDD_TO_AHR_SIGNALING_PATHWAY		18	0.51992613	1.5658104	0.018484289	0.13476114	1.0	4219	tags=56%, list=28%, signal=77%	
KEGG_PENTOSE_PHOSPHATE_PATHWAY	KEGG_PENTOSE_PHOSPHATE_PATHWAY		21	0.49851042	1.5657591	0.027210884	0.13439977	1.0	4065	tags=57%, list=27%, signal=78%	
KUROZUMI_RESPONSE_TO_ONCOCYTIC_VIRUS	KUROZUMI_RESPONSE_TO_ONCOCYTIC_VIRUS		26	0.4610354	1.5640216	0.03024911	0.13585766	1.0	3558	tags=58%, list=24%, signal=75%	
MARTIN_VIRAL_GPCR_SIGNALING_UP	MARTIN_VIRAL_GPCR_SIGNALING_UP		68	0.38611203	1.5636399	0.0047244094	0.13585138	1.0	2978	tags=35%, list=20%, signal=44%	
REACTOME_TRANSLESION_SYNTHESIS_BY_Y_FAMILY_DNA_POLYMERASES_BYPASSES_LESIONS_ON_DNA_TEMPLATE	REACTOME_TRANSLESION_SYNTHESIS_BY_Y_FAMILY_DNA_POLYMERASES_BYPASSES_LESIONS_ON_DNA_TEMPLATE		37	0.42724207	1.5631378	0.016666668	0.1359464	1.0	3917	tags=43%, list=26%, signal=58%	
KIM_MYC_AMPLIFICATION_TARGETS_DN	KIM_MYC_AMPLIFICATION_TARGETS_DN		88	0.36110958	1.5628711	0.0067911716	0.13584502	1.0	2354	tags=30%, list=16%, signal=35%	
LIU_CDX2_TARGETS_UP	LIU_CDX2_TARGETS_UP		29	0.45790666	1.5627882	0.020373514	0.13551347	1.0	3448	tags=45%, list=23%, signal=58%	
WP_LEUKOCYTEINTRINSIC_HIPPO_PATHWAY_FUNCTIONS	WP_LEUKOCYTEINTRINSIC_HIPPO_PATHWAY_FUNCTIONS		30	0.45051682	1.561576	0.018900344	0.13645747	1.0	4088	tags=53%, list=27%, signal=73%	
DESERT_EXTRACELLULAR_MATRIX_HEPATOCELLULAR_CARCINOMA_SUBCLASS_UP	DESERT_EXTRACELLULAR_MATRIX_HEPATOCELLULAR_CARCINOMA_SUBCLASS_UP		19	0.50271416	1.5602596	0.030195381	0.1374402	1.0	3018	tags=37%, list=20%, signal=46%	
ZHANG_FH_DEFICIENT_RCC_C2_VS_OTHERS_UP	ZHANG_FH_DEFICIENT_RCC_C2_VS_OTHERS_UP		79	0.36234865	1.5579575	0.019480519	0.13956268	1.0	3309	tags=48%, list=22%, signal=61%	
SALVADOR_MARTIN_PEDIATRIC_TBD_ANTI_TNF_THERAPY_NONRESPONDER_PRE_TREATMENT_UP	SALVADOR_MARTIN_PEDIATRIC_TBD_ANTI_TNF_THERAPY_NONRESPONDER_PRE_TREATMENT_UP		19	0.5104983	1.5561659	0.027829314	0.14102618	1.0	811	tags=16%, list=5%, signal=17%	
ZHU_CMV_24_HR_UP	ZHU_CMV_24_HR_UP		76	0.3664193	1.5559865	0.015025042	0.14081588	1.0	3811	tags=37%, list=25%, signal=49%	
WP_GLUTATHIONE_METABOLISM	WP_GLUTATHIONE_METABOLISM		18	0.5142866	1.5549238	0.03417266	0.14160962	1.0	4219	tags=61%, list=28%, signal=85%	
LINDSTEDT_DENDRITIC_CELL_MATURATION_B	LINDSTEDT_DENDRITIC_CELL_MATURATION_B		37	0.42498133	1.5536138	0.013722127	0.1426505	1.0	1372	tags=24%, list=9%, signal=27%	
FULCHER_INFLAMMATORY_RESPONSE_LECTIN_VS_LPS_DN	FULCHER_INFLAMMATORY_RESPONSE_LECTIN_VS_LPS_DN		383	0.29311675	1.5510277	0.0	0.14506935	1.0	3800	tags=34%, list=25%, signal=44%	
COLINA_TARGETS_OF_4EBP1_AND_4EBP2	COLINA_TARGETS_OF_4EBP1_AND_4EBP2		338	0.2969118	1.5502882	0.0	0.14546496	1.0	4269	tags=33%, list=28%, signal=46%	
FRIDMAN_IMMORTALIZATION_DN	FRIDMAN_IMMORTALIZATION_DN		26	0.46282944	1.5488365	0.025996534	0.14670217	1.0	4261	tags=46%, list=28%, signal=64%	
REACTOME_INTERLEUKIN_37_SIGNALING	REACTOME_INTERLEUKIN_37_SIGNALING		17	0.5007752	1.5482014	0.035587188	0.14695145	1.0	4152	tags=53%, list=27%, signal=73%	
WINTER_HYPOXIA_METAGENE	WINTER_HYPOXIA_METAGENE		212	0.31349212	1.5470823	0.0014513788	0.14786503	1.0	4202	tags=35%, list=28%, signal=48%	
BANDRES_RESPONSE_TO_CARMUSTIN_WITHOUT_MGMT_48HR_DN	BANDRES_RESPONSE_TO_CARMUSTIN_WITHOUT_MGMT_48HR_DN		24	0.46267617	1.5468711	0.038062282	0.14762603	1.0	4140	tags=54%, list=27%, signal=74%	
PID_ALPHA_SYNUCLEIN_PATHWAY	PID_ALPHA_SYNUCLEIN_PATHWAY		29	0.45492965	1.5468094	0.022452503	0.14728737	1.0	3127	tags=41%, list=21%, signal=52%	
PID_INTEGRIN1_PATHWAY	PID_INTEGRIN1_PATHWAY		59	0.3834416	1.5450176	0.011111111	0.14903015	1.0	1946	tags=22%, list=13%, signal=25%	
GAURNIER_PSMD4_TARGETS	GAURNIER_PSMD4_TARGETS		52	0.39941663	1.5447915	0.022222223	0.14885426	1.0	3558	tags=44%, list=24%, signal=58%	
GERHOLD_ADIPOGENESIS_UP	GERHOLD_ADIPOGENESIS_UP		43	0.40642527	1.5441177	0.020761246	0.14923272	1.0	4226	tags=42%, list=28%, signal=58%	
JISON_SICKLE_CELL_DISEASE_UP	JISON_SICKLE_CELL_DISEASE_UP		155	0.3293787	1.5416212	0.0015037594	0.15175198	1.0	3552	tags=34%, list=24%, signal=44%	
REACTOME_CHEMOKINE_RECEPTORS_BIND_CHEMOKINES	REACTOME_CHEMOKINE_RECEPTORS_BIND_CHEMOKINES		27	0.4583355	1.5413544	0.022058824	0.15163307	1.0	3558	tags=52%, list=24%, signal=68%	
WP_TRYPTOPHAN_METABOLISM	WP_TRYPTOPHAN_METABOLISM		25	0.46343365	1.5412922	0.02300885	0.15128097	1.0	3451	tags=40%, list=23%, signal=52%	
MANNE_COVID19_COMBINED_COHORT_VS_HEALTHY_DONOR_PLATELETS_DN	MANNE_COVID19_COMBINED_COHORT_VS_HEALTHY_DONOR_PLATELETS_DN		178	0.32172757	1.541001	0.0	0.1512583	1.0	3184	tags=33%, list=21%, signal=42%	
GAUSSMANN_MLL_AF4_FUSION_TARGETS_B_UP	GAUSSMANN_MLL_AF4_FUSION_TARGETS_B_UP		23	0.47898212	1.5409826	0.027972028	0.15085433	1.0	1306	tags=26%, list=9%, signal=29%	
LEE_LIVER_CANCER_MYC_TGFA_DN	LEE_LIVER_CANCER_MYC_TGFA_DN		49	0.39803192	1.5409085	0.015332198	0.15053095	1.0	3249	tags=39%, list=22%, signal=49%	
KEGG_VALINE_LEUCINE_AND_ISOLEUCINE_DEGRADATION	KEGG_VALINE_LEUCINE_AND_ISOLEUCINE_DEGRADATION		41	0.40987152	1.5401665	0.020618556	0.15101805	1.0	1185	tags=20%, list=8%, signal=21%	
BROWNE_HCMV_INFECTION_2HR_UP	BROWNE_HCMV_INFECTION_2HR_UP		29	0.4461139	1.5399579	0.014760148	0.1508331	1.0	3653	tags=45%, list=24%, signal=59%	
PID_HNF3B_PATHWAY	PID_HNF3B_PATHWAY		32	0.44059503	1.5382333	0.03716814	0.1523832	1.0	5288	tags=63%, list=35%, signal=96%	
REACTOME_DNA_DAMAGE_BYPASS	REACTOME_DNA_DAMAGE_BYPASS		46	0.40451956	1.5378082	0.020338982	0.15244702	1.0	3979	tags=41%, list=26%, signal=56%	
KAMIKUBO_MYELOID_CEBPA_NETWORK	KAMIKUBO_MYELOID_CEBPA_NETWORK		22	0.49128953	1.5373757	0.03722504	0.15253755	1.0	3561	tags=45%, list=24%, signal=59%	
KEGG_PPAR_SIGNALING_PATHWAY	KEGG_PPAR_SIGNALING_PATHWAY		53	0.38609365	1.535427	0.01923077	0.1543812	1.0	1819	tags=25%, list=12%, signal=28%	
REACTOME_MITOCHONDRIAL_FATTY_ACID_BETA_OXIDATION	REACTOME_MITOCHONDRIAL_FATTY_ACID_BETA_OXIDATION		35	0.4252896	1.5347003	0.03068592	0.15488271	1.0	3661	tags=40%, list=24%, signal=53%	
WP_UREA_CYCLE_AND_ASSOCIATED_PATHWAYS	WP_UREA_CYCLE_AND_ASSOCIATED_PATHWAYS		22	0.47773916	1.5340508	0.040852576	0.15520716	1.0	5292	tags=68%, list=35%, signal=105%	
HINATA_NFKB_TARGETS_KERATINOCYTE_DN	HINATA_NFKB_TARGETS_KERATINOCYTE_DN		16	0.52394783	1.5340109	0.05272727	0.15484925	1.0	3117	tags=38%, list=21%, signal=47%	
KEGG_MEDICUS_REFERENCE_KEAP1_NRF2_SIGNALING_PATHWAY	KEGG_MEDICUS_REFERENCE_KEAP1_NRF2_SIGNALING_PATHWAY		20	0.48855895	1.5328391	0.028037382	0.15581462	1.0	4219	tags=50%, list=28%, signal=69%	
HAHTOLA_SEZARY_SYNDROM_UP	HAHTOLA_SEZARY_SYNDROM_UP		78	0.36279324	1.5320411	0.006430868	0.1563231	1.0	2940	tags=29%, list=19%, signal=36%	
PEDERSEN_METASTASIS_BY_ERBB2_ISOFORM_1	PEDERSEN_METASTASIS_BY_ERBB2_ISOFORM_1		44	0.4020669	1.5317097	0.024054984	0.1562997	1.0	4669	tags=50%, list=31%, signal=72%	
HELLER_SILENCED_BY_METHYLATION_UP	HELLER_SILENCED_BY_METHYLATION_UP		223	0.30561727	1.5317092	0.0029112082	0.15587984	1.0	3552	tags=34%, list=24%, signal=43%	
LEE_LIVER_CANCER_MYC_E2F1_DN	LEE_LIVER_CANCER_MYC_E2F1_DN		50	0.39994267	1.5313753	0.019933555	0.15584333	1.0	3249	tags=36%, list=22%, signal=46%	
REACTOME_PCNA_DEPENDENT_LONG_PATCH_BASE_EXCISION_REPAIR	REACTOME_PCNA_DEPENDENT_LONG_PATCH_BASE_EXCISION_REPAIR		21	0.4841219	1.5311681	0.044444446	0.15568872	1.0	2798	tags=48%, list=19%, signal=58%	
WENG_POR_TARGETS_LIVER_DN	WENG_POR_TARGETS_LIVER_DN		19	0.49191532	1.5285884	0.040998217	0.15842688	1.0	2184	tags=26%, list=14%, signal=31%	
OHGUCHI_LIVER_HNF4A_TARGETS_DN	OHGUCHI_LIVER_HNF4A_TARGETS_DN		117	0.33999375	1.5278594	0.007949126	0.15887502	1.0	3839	tags=37%, list=25%, signal=49%	
BLANCO_MELO_COVID19_SARS_COV_2_INFECTION_A594_ACE2_EXPRESSING_CELLS_RUXOLITINIB_DN	BLANCO_MELO_COVID19_SARS_COV_2_INFECTION_A594_ACE2_EXPRESSING_CELLS_RUXOLITINIB_DN		69	0.3689619	1.5269912	0.016051365	0.15952726	1.0	2753	tags=30%, list=18%, signal=37%	
KUNINGER_IGF1_VS_PDGFB_TARGETS_DN	KUNINGER_IGF1_VS_PDGFB_TARGETS_DN		39	0.4082354	1.5261207	0.020066889	0.16007511	1.0	4956	tags=49%, list=33%, signal=72%	
NAKAJIMA_EOSINOPHIL	NAKAJIMA_EOSINOPHIL		20	0.489162	1.525702	0.036906853	0.16016114	1.0	3866	tags=65%, list=26%, signal=87%	
MARTIN_NFKB_TARGETS_UP	MARTIN_NFKB_TARGETS_UP		38	0.4107322	1.5250312	0.03583618	0.1606283	1.0	2978	tags=42%, list=20%, signal=52%	
SCIBETTA_KDM5B_TARGETS_DN	SCIBETTA_KDM5B_TARGETS_DN		71	0.36557662	1.5244783	0.011705685	0.16085953	1.0	5159	tags=54%, list=34%, signal=81%	
REACTOME_TIGHT_JUNCTION_INTERACTIONS	REACTOME_TIGHT_JUNCTION_INTERACTIONS		25	0.46603566	1.5243896	0.021466905	0.16054359	1.0	915	tags=28%, list=6%, signal=30%	
RIGGINS_TAMOXIFEN_RESISTANCE_DN	RIGGINS_TAMOXIFEN_RESISTANCE_DN		192	0.31078422	1.5230851	0.0014492754	0.16166548	1.0	3563	tags=33%, list=24%, signal=43%	
FIGAROL_EGFR_TKI_DRUG_TOLERANT_CELL_DN	FIGAROL_EGFR_TKI_DRUG_TOLERANT_CELL_DN		461	0.28206497	1.5228612	0.0	0.16151471	1.0	5381	tags=43%, list=36%, signal=64%	
CERVERA_SDHB_TARGETS_1_UP	CERVERA_SDHB_TARGETS_1_UP		107	0.34189034	1.5225663	0.008012821	0.16148405	1.0	3269	tags=32%, list=22%, signal=40%	
HUANG_FOXA2_TARGETS_DN	HUANG_FOXA2_TARGETS_DN		34	0.42291364	1.52192	0.023569023	0.16191831	1.0	3885	tags=44%, list=26%, signal=59%	
REACTOME_PHASE_I_FUNCTIONALIZATION_OF_COMPOUNDS	REACTOME_PHASE_I_FUNCTIONALIZATION_OF_COMPOUNDS		70	0.36465195	1.5214952	0.016474465	0.16196893	1.0	4169	tags=37%, list=28%, signal=51%	
BASSO_CD40_SIGNALING_UP	BASSO_CD40_SIGNALING_UP		84	0.35305965	1.5212966	0.01898734	0.16176344	1.0	1395	tags=21%, list=9%, signal=23%	
MIKKELSEN_IPS_ICP_WITH_H3K4ME3_AND_H327ME3	MIKKELSEN_IPS_ICP_WITH_H3K4ME3_AND_H327ME3		103	0.33966768	1.5191529	0.007987221	0.16394255	1.0	3911	tags=41%, list=26%, signal=55%	
ZWANG_CLASS_2_TRANSIENTLY_INDUCED_BY_EGF	ZWANG_CLASS_2_TRANSIENTLY_INDUCED_BY_EGF		41	0.40983117	1.5189481	0.021630615	0.16377382	1.0	2275	tags=29%, list=15%, signal=34%	
REACTOME_TELOMERE_C_STRAND_LAGGING_STRAND_SYNTHESIS	REACTOME_TELOMERE_C_STRAND_LAGGING_STRAND_SYNTHESIS		32	0.42739692	1.5186919	0.03259005	0.16368212	1.0	2798	tags=34%, list=19%, signal=42%	
REACTOME_DEVELOPMENTAL_CELL_LINEAGES	REACTOME_DEVELOPMENTAL_CELL_LINEAGES		91	0.34537995	1.5183641	0.013761468	0.16373414	1.0	3269	tags=34%, list=22%, signal=43%	
VALK_AML_CLUSTER_16	VALK_AML_CLUSTER_16		20	0.4915927	1.5174412	0.04379562	0.16435716	1.0	993	tags=25%, list=7%, signal=27%	
BOQUEST_STEM_CELL_CULTURED_VS_FRESH_DN	BOQUEST_STEM_CELL_CULTURED_VS_FRESH_DN		27	0.45188186	1.5171566	0.030303031	0.16427505	1.0	3708	tags=52%, list=25%, signal=69%	
REACTOME_SYNTHESIS_OF_DNA	REACTOME_SYNTHESIS_OF_DNA		103	0.3401024	1.517087	0.013953488	0.16393971	1.0	4522	tags=38%, list=30%, signal=54%	
KEGG_MEDICUS_ENV_FACTOR_DCE_TO_DNA_ADDUCTS	KEGG_MEDICUS_ENV_FACTOR_DCE_TO_DNA_ADDUCTS		15	0.53345156	1.5169955	0.041594453	0.1636394	1.0	4219	tags=60%, list=28%, signal=83%	
SAKAI_CHRONIC_HEPATITIS_VS_LIVER_CANCER_DN	SAKAI_CHRONIC_HEPATITIS_VS_LIVER_CANCER_DN		28	0.4444139	1.5151799	0.036777582	0.16542795	1.0	3451	tags=39%, list=23%, signal=51%	
REACTOME_BILE_ACID_AND_BILE_SALT_METABOLISM	REACTOME_BILE_ACID_AND_BILE_SALT_METABOLISM		35	0.4197918	1.5145277	0.024822695	0.1657429	1.0	4315	tags=54%, list=29%, signal=76%	
REACTOME_ACTIVATION_OF_ATR_IN_RESPONSE_TO_REPLICATION_STRESS	REACTOME_ACTIVATION_OF_ATR_IN_RESPONSE_TO_REPLICATION_STRESS		32	0.43105438	1.5144792	0.025510205	0.16537672	1.0	5497	tags=59%, list=36%, signal=93%	
BASSO_CD40_SIGNALING_DN	BASSO_CD40_SIGNALING_DN		60	0.36742872	1.5139701	0.025723472	0.16556922	1.0	3218	tags=40%, list=21%, signal=51%	
FLORIO_NEOCORTEX_BASAL_RADIAL_GLIA_DN	FLORIO_NEOCORTEX_BASAL_RADIAL_GLIA_DN		175	0.31637585	1.5129569	0.0014513788	0.1664198	1.0	5979	tags=51%, list=40%, signal=84%	
CADWELL_ATG16L1_TARGETS_UP	CADWELL_ATG16L1_TARGETS_UP		74	0.3609791	1.5126295	0.012861736	0.16638273	1.0	3937	tags=39%, list=26%, signal=53%	
MCBRYAN_PUBERTAL_TGFB1_TARGETS_DN	MCBRYAN_PUBERTAL_TGFB1_TARGETS_DN		56	0.3806623	1.5117723	0.018003274	0.16699384	1.0	3768	tags=39%, list=25%, signal=52%	
BUFFA_HYPOXIA_METAGENE	BUFFA_HYPOXIA_METAGENE		46	0.40023178	1.5108986	0.025423728	0.16772082	1.0	5148	tags=52%, list=34%, signal=79%	
REACTOME_RESOLUTION_OF_AP_SITES_VIA_THE_MULTIPLE_NUCLEOTIDE_PATCH_REPLACEMENT_PATHWAY	REACTOME_RESOLUTION_OF_AP_SITES_VIA_THE_MULTIPLE_NUCLEOTIDE_PATCH_REPLACEMENT_PATHWAY		25	0.45690778	1.5105515	0.02300885	0.16779809	1.0	2798	tags=44%, list=19%, signal=54%	
GROSS_ELK3_TARGETS_DN	GROSS_ELK3_TARGETS_DN		30	0.4345584	1.5092524	0.041666668	0.16902116	1.0	4811	tags=57%, list=32%, signal=83%	
MIKKELSEN_NPC_HCP_WITH_H3K27ME3	MIKKELSEN_NPC_HCP_WITH_H3K27ME3		288	0.29398695	1.5081489	0.0013986015	0.16999714	1.0	3783	tags=39%, list=25%, signal=50%	
KONDO_PROSTATE_CANCER_WITH_H3K27ME3	KONDO_PROSTATE_CANCER_WITH_H3K27ME3		94	0.3461711	1.5081419	0.0082236845	0.16959219	1.0	4030	tags=46%, list=27%, signal=62%	
ELVIDGE_HIF1A_TARGETS_DN	ELVIDGE_HIF1A_TARGETS_DN		86	0.3546575	1.5081413	0.014150944	0.16917549	1.0	2823	tags=30%, list=19%, signal=37%	
WP_VITAMIN_D_RECEPTOR_PATHWAY	WP_VITAMIN_D_RECEPTOR_PATHWAY		135	0.3209477	1.5068127	0.0094191525	0.17045197	1.0	3258	tags=30%, list=22%, signal=38%	
KEGG_PHENYLALANINE_METABOLISM	KEGG_PHENYLALANINE_METABOLISM		16	0.52193534	1.5066719	0.04681648	0.17019404	1.0	3236	tags=38%, list=21%, signal=48%	
RODWELL_AGING_KIDNEY_UP	RODWELL_AGING_KIDNEY_UP		410	0.28418377	1.5060221	0.0	0.17059188	1.0	3714	tags=32%, list=25%, signal=41%	
HUMMERICH_SKIN_CANCER_PROGRESSION_UP	HUMMERICH_SKIN_CANCER_PROGRESSION_UP		77	0.3534616	1.5052891	0.01655629	0.17113897	1.0	3768	tags=34%, list=25%, signal=45%	
MOOTHA_GLUCONEOGENESIS	MOOTHA_GLUCONEOGENESIS		27	0.44830903	1.5049804	0.04411765	0.1711096	1.0	5095	tags=74%, list=34%, signal=112%	
ONDER_CDH1_TARGETS_3_DN	ONDER_CDH1_TARGETS_3_DN		46	0.39804015	1.5045714	0.029876977	0.17126688	1.0	4281	tags=48%, list=28%, signal=67%	
SENESE_HDAC2_TARGETS_DN	SENESE_HDAC2_TARGETS_DN		109	0.33380798	1.5044143	0.0063091484	0.17104663	1.0	3117	tags=32%, list=21%, signal=40%	
TSUNODA_CISPLATIN_RESISTANCE_DN	TSUNODA_CISPLATIN_RESISTANCE_DN		39	0.41465107	1.5040876	0.03559322	0.17107534	1.0	2978	tags=41%, list=20%, signal=51%	
ODONNELL_TFRC_TARGETS_UP	ODONNELL_TFRC_TARGETS_UP		291	0.29323876	1.503935	0.0028490028	0.17085177	1.0	2262	tags=25%, list=15%, signal=29%	
BOYLAN_MULTIPLE_MYELOMA_D_DN	BOYLAN_MULTIPLE_MYELOMA_D_DN		72	0.35994256	1.5033098	0.01300813	0.1712255	1.0	2895	tags=28%, list=19%, signal=34%	
MCBRYAN_PUBERTAL_BREAST_3_4WK_UP	MCBRYAN_PUBERTAL_BREAST_3_4WK_UP		187	0.30729553	1.5029753	0.006116208	0.17123659	1.0	2474	tags=25%, list=16%, signal=30%	
WP_COMPLEMENT_SYSTEM_IN_NEURONAL_DEVELOPMENT_AND_PLASTICITY	WP_COMPLEMENT_SYSTEM_IN_NEURONAL_DEVELOPMENT_AND_PLASTICITY		91	0.34333217	1.5015999	0.006441224	0.1725785	1.0	3369	tags=37%, list=22%, signal=48%	
YAMASHITA_LIVER_CANCER_STEM_CELL_DN	YAMASHITA_LIVER_CANCER_STEM_CELL_DN		53	0.381406	1.5009831	0.022260275	0.17296302	1.0	2421	tags=28%, list=16%, signal=34%	
SMID_BREAST_CANCER_RELAPSE_IN_BONE_UP	SMID_BREAST_CANCER_RELAPSE_IN_BONE_UP		80	0.35496396	1.5008845	0.012480499	0.17270035	1.0	3531	tags=38%, list=23%, signal=49%	
MENSE_HYPOXIA_UP	MENSE_HYPOXIA_UP		86	0.34192804	1.4996943	0.017268445	0.17381337	1.0	4036	tags=36%, list=27%, signal=49%	
DOANE_BREAST_CANCER_ESR1_UP	DOANE_BREAST_CANCER_ESR1_UP		93	0.3450854	1.4995846	0.017133957	0.1735388	1.0	3686	tags=41%, list=24%, signal=54%	
IWANAGA_CARCINOGENESIS_BY_KRAS_UP	IWANAGA_CARCINOGENESIS_BY_KRAS_UP		151	0.31497914	1.4972947	0.004511278	0.17617436	1.0	2528	tags=23%, list=17%, signal=28%	
WP_OMEGA6FATTY_ACIDS_IN_SENESCENCE	WP_OMEGA6FATTY_ACIDS_IN_SENESCENCE		45	0.39134267	1.4968138	0.023890786	0.17636846	1.0	3866	tags=44%, list=26%, signal=60%	
KORKOLA_TERATOMA	KORKOLA_TERATOMA		37	0.40851203	1.4956169	0.03780069	0.17759058	1.0	5377	tags=54%, list=36%, signal=84%	
WANG_BARRETTS_ESOPHAGUS_UP	WANG_BARRETTS_ESOPHAGUS_UP		42	0.40071154	1.4953368	0.027972028	0.17756394	1.0	3774	tags=40%, list=25%, signal=54%	
WP_LEUCINE_ISOLEUCINE_AND_VALINE_METABOLISM	WP_LEUCINE_ISOLEUCINE_AND_VALINE_METABOLISM		23	0.46257314	1.4951773	0.041594453	0.17735529	1.0	1162	tags=22%, list=8%, signal=24%	
KEGG_MEDICUS_REFERENCE_GPCR_PLCB_ITPR_SIGNALING_PATHWAY	KEGG_MEDICUS_REFERENCE_GPCR_PLCB_ITPR_SIGNALING_PATHWAY		45	0.39672092	1.494979	0.030874785	0.17718501	1.0	4033	tags=49%, list=27%, signal=66%	
REACTOME_INTEGRIN_CELL_SURFACE_INTERACTIONS	REACTOME_INTEGRIN_CELL_SURFACE_INTERACTIONS		73	0.3556686	1.4949414	0.024590164	0.1768011	1.0	3504	tags=34%, list=23%, signal=44%	
SCHMIDT_POR_TARGETS_IN_LIMB_BUD_UP	SCHMIDT_POR_TARGETS_IN_LIMB_BUD_UP		23	0.4692539	1.4949305	0.033274956	0.17641254	1.0	3510	tags=43%, list=23%, signal=57%	
TURASHVILI_BREAST_LOBULAR_CARCINOMA_VS_LOBULAR_NORMAL_UP	TURASHVILI_BREAST_LOBULAR_CARCINOMA_VS_LOBULAR_NORMAL_UP		88	0.34193525	1.4941789	0.014173228	0.17684132	1.0	4322	tags=45%, list=29%, signal=63%	
DAVICIONI_RHABDOMYOSARCOMA_PAX_FOXO1_FUSION_UP	DAVICIONI_RHABDOMYOSARCOMA_PAX_FOXO1_FUSION_UP		57	0.376714	1.4938493	0.021702837	0.17682602	1.0	2929	tags=35%, list=19%, signal=43%	
FERRANDO_T_ALL_WITH_MLL_ENL_FUSION_UP	FERRANDO_T_ALL_WITH_MLL_ENL_FUSION_UP		73	0.35535818	1.493601	0.014754098	0.1767272	1.0	3826	tags=37%, list=25%, signal=49%	
PID_HIF1_TFPATHWAY	PID_HIF1_TFPATHWAY		55	0.37160027	1.4912649	0.023850085	0.17937022	1.0	4546	tags=42%, list=30%, signal=60%	
TAKADA_GASTRIC_CANCER_COPY_NUMBER_DN	TAKADA_GASTRIC_CANCER_COPY_NUMBER_DN		23	0.44702333	1.489727	0.05945946	0.18100333	1.0	3888	tags=52%, list=26%, signal=70%	
TURASHVILI_BREAST_DUCTAL_CARCINOMA_VS_DUCTAL_NORMAL_DN	TURASHVILI_BREAST_DUCTAL_CARCINOMA_VS_DUCTAL_NORMAL_DN		163	0.31173226	1.489668	0.003003003	0.1806744	1.0	3292	tags=34%, list=22%, signal=43%	
MATTHEWS_AP1_TARGETS	MATTHEWS_AP1_TARGETS		16	0.50850993	1.4892404	0.063079774	0.18074773	1.0	4825	tags=56%, list=32%, signal=83%	
WANG_LSD1_TARGETS_DN	WANG_LSD1_TARGETS_DN		31	0.42757714	1.4889467	0.035897437	0.1807702	1.0	634	tags=23%, list=4%, signal=24%	
FIGUEROA_AML_METHYLATION_CLUSTER_5_DN	FIGUEROA_AML_METHYLATION_CLUSTER_5_DN		34	0.4101297	1.4878821	0.03502627	0.18177915	1.0	1684	tags=26%, list=11%, signal=30%	
KATSANOU_ELAVL1_TARGETS_UP	KATSANOU_ELAVL1_TARGETS_UP		147	0.31855905	1.4876882	0.0061633284	0.18162192	1.0	3601	tags=35%, list=24%, signal=46%	
HOLLERN_MICROACINAR_BREAST_TUMOR_UP	HOLLERN_MICROACINAR_BREAST_TUMOR_UP		40	0.3906336	1.4866844	0.024475524	0.18258041	1.0	4404	tags=48%, list=29%, signal=67%	
WIERENGA_STAT5A_TARGETS_GROUP2	WIERENGA_STAT5A_TARGETS_GROUP2		43	0.387101	1.4866434	0.032478634	0.18223137	1.0	4412	tags=42%, list=29%, signal=59%	
MANNE_COVID19_ICU_VS_HEALTHY_DONOR_PLATELETS_DN	MANNE_COVID19_ICU_VS_HEALTHY_DONOR_PLATELETS_DN		128	0.32085204	1.4866008	0.002994012	0.1818796	1.0	3075	tags=33%, list=20%, signal=41%	
REACTOME_TRANSLESION_SYNTHESIS_BY_POLK	REACTOME_TRANSLESION_SYNTHESIS_BY_POLK		15	0.51803756	1.4865537	0.056057867	0.1815231	1.0	3506	tags=53%, list=23%, signal=69%	
KUMAR_TARGETS_OF_MLL_AF9_FUSION	KUMAR_TARGETS_OF_MLL_AF9_FUSION		318	0.28726107	1.4860017	0.0028288544	0.18180865	1.0	3405	tags=30%, list=23%, signal=38%	
REACTOME_RESOLUTION_OF_ABASIC_SITES_AP_SITES	REACTOME_RESOLUTION_OF_ABASIC_SITES_AP_SITES		37	0.40423107	1.4850732	0.041322313	0.18261643	1.0	2798	tags=41%, list=19%, signal=50%	
KONIGORSKI_INCREASED_SUBCUTANEOUS_ADIPOSE_TISSUE_MASS_DN	KONIGORSKI_INCREASED_SUBCUTANEOUS_ADIPOSE_TISSUE_MASS_DN		48	0.38185564	1.4850289	0.027914613	0.18226479	1.0	3607	tags=44%, list=24%, signal=57%	
SENESE_HDAC1_AND_HDAC2_TARGETS_DN	SENESE_HDAC1_AND_HDAC2_TARGETS_DN		201	0.3002173	1.4847265	0.0029895366	0.18226519	1.0	3269	tags=31%, list=22%, signal=39%	
CUI_TCF21_TARGETS_DN	CUI_TCF21_TARGETS_DN		26	0.443101	1.4846859	0.049910873	0.18190779	1.0	3708	tags=50%, list=25%, signal=66%	
GAUSSMANN_MLL_AF4_FUSION_TARGETS_C_DN	GAUSSMANN_MLL_AF4_FUSION_TARGETS_C_DN		19	0.4881135	1.4845266	0.066086955	0.1817001	1.0	3454	tags=42%, list=23%, signal=55%	
KEGG_MEDICUS_REFERENCE_GLYCOLYSIS	KEGG_MEDICUS_REFERENCE_GLYCOLYSIS		20	0.48351613	1.4843577	0.048109967	0.18149976	1.0	5095	tags=75%, list=34%, signal=113%	
REACTOME_CHOLESTEROL_BIOSYNTHESIS	REACTOME_CHOLESTEROL_BIOSYNTHESIS		24	0.4520189	1.483967	0.04859813	0.18161035	1.0	3953	tags=42%, list=26%, signal=56%	
THALER_BONE60	THALER_BONE60		55	0.37492672	1.4826524	0.025167786	0.1829628	1.0	3690	tags=35%, list=24%, signal=46%	
KORKOLA_EMBRYONIC_CARCINOMA_VS_SEMINOMA_UP	KORKOLA_EMBRYONIC_CARCINOMA_VS_SEMINOMA_UP		21	0.4700718	1.4820477	0.06304728	0.18346828	1.0	2453	tags=33%, list=16%, signal=40%	
FERRANDO_HOX11_NEIGHBORS	FERRANDO_HOX11_NEIGHBORS		15	0.513011	1.4819274	0.057291668	0.1831968	1.0	4860	tags=60%, list=32%, signal=88%	
ZHANG_FH_DEFICIENT_RCC_TUMOR_VS_NORMAL_UP	ZHANG_FH_DEFICIENT_RCC_TUMOR_VS_NORMAL_UP		46	0.38487047	1.4817904	0.032986112	0.18298483	1.0	2016	tags=28%, list=13%, signal=33%	
PODAR_RESPONSE_TO_ADAPHOSTIN_DN	PODAR_RESPONSE_TO_ADAPHOSTIN_DN		17	0.49248162	1.4813167	0.0625	0.18321654	1.0	1727	tags=35%, list=11%, signal=40%	
MEISSNER_BRAIN_HCP_WITH_H3K4ME2_AND_H3K27ME3	MEISSNER_BRAIN_HCP_WITH_H3K4ME2_AND_H3K27ME3		53	0.37059882	1.4809543	0.025337838	0.18331565	1.0	4181	tags=43%, list=28%, signal=60%	
MIKKELSEN_ES_ICP_WITH_H3K4ME3_AND_H3K27ME3	MIKKELSEN_ES_ICP_WITH_H3K4ME3_AND_H3K27ME3		109	0.3305921	1.480236	0.008064516	0.18388325	1.0	3543	tags=39%, list=23%, signal=50%	
KEGG_ARACHIDONIC_ACID_METABOLISM	KEGG_ARACHIDONIC_ACID_METABOLISM		40	0.40241227	1.4794316	0.039344262	0.18454337	1.0	3866	tags=40%, list=26%, signal=54%	
CHARAFE_BREAST_CANCER_LUMINAL_VS_BASAL_DN	CHARAFE_BREAST_CANCER_LUMINAL_VS_BASAL_DN		397	0.27846196	1.4792374	0.0	0.18440557	1.0	3644	tags=29%, list=24%, signal=37%	
WIERENGA_STAT5A_TARGETS_DN	WIERENGA_STAT5A_TARGETS_DN		161	0.31132105	1.4790101	0.0028776978	0.18429302	1.0	4358	tags=42%, list=29%, signal=59%	
KOKKINAKIS_METHIONINE_DEPRIVATION_48HR_DN	KOKKINAKIS_METHIONINE_DEPRIVATION_48HR_DN		56	0.37662527	1.4773101	0.02003339	0.18618205	1.0	2139	tags=23%, list=14%, signal=27%	
OKAWA_NEUROBLASTOMA_1P36_31_DELETION	OKAWA_NEUROBLASTOMA_1P36_31_DELETION		21	0.46111825	1.4764432	0.039711192	0.18695734	1.0	4286	tags=62%, list=28%, signal=86%	
KEGG_MEDICUS_REFERENCE_TIGHT_JUNCTION_ACTIN_SIGNALING_PATHWAY	KEGG_MEDICUS_REFERENCE_TIGHT_JUNCTION_ACTIN_SIGNALING_PATHWAY		30	0.42493057	1.4763831	0.03846154	0.18665218	1.0	3737	tags=40%, list=25%, signal=53%	
KEGG_NEUROACTIVE_LIGAND_RECEPTOR_INTERACTION	KEGG_NEUROACTIVE_LIGAND_RECEPTOR_INTERACTION		198	0.30004853	1.4756922	0.004115226	0.18717822	1.0	4748	tags=51%, list=31%, signal=73%	
YIH_RESPONSE_TO_ARSENITE_C3	YIH_RESPONSE_TO_ARSENITE_C3		27	0.4330998	1.4750509	0.05319149	0.18768208	1.0	3734	tags=41%, list=25%, signal=54%	
KEGG_STEROID_BIOSYNTHESIS	KEGG_STEROID_BIOSYNTHESIS		15	0.51769054	1.4749765	0.054577466	0.18737128	1.0	3780	tags=53%, list=25%, signal=71%	
JINESH_BLEBBISHIELD_TRANSFORMED_STEM_CELL_SPHERES_UP	JINESH_BLEBBISHIELD_TRANSFORMED_STEM_CELL_SPHERES_UP		140	0.3151036	1.4746648	0.0063795852	0.18737641	1.0	3878	tags=37%, list=26%, signal=50%	
REACTOME_BIOLOGICAL_OXIDATIONS	REACTOME_BIOLOGICAL_OXIDATIONS		146	0.3165368	1.4735599	0.01065449	0.18849513	1.0	3839	tags=33%, list=25%, signal=44%	
CHANG_IMMORTALIZED_BY_HPV31_UP	CHANG_IMMORTALIZED_BY_HPV31_UP		62	0.36055905	1.4733964	0.015923567	0.18831258	1.0	3289	tags=29%, list=22%, signal=37%	
LEE_LIVER_CANCER_MYC_E2F1_UP	LEE_LIVER_CANCER_MYC_E2F1_UP		50	0.37926576	1.47296	0.025125628	0.18850994	1.0	2062	tags=26%, list=14%, signal=30%	
SERVITJA_LIVER_HNF1A_TARGETS_DN	SERVITJA_LIVER_HNF1A_TARGETS_DN		123	0.32515296	1.4724815	0.013846153	0.18878928	1.0	2484	tags=27%, list=16%, signal=32%	
WANG_MLL_TARGETS	WANG_MLL_TARGETS		269	0.2875021	1.4709502	0.0042613638	0.19050114	1.0	4221	tags=38%, list=28%, signal=52%	
BROWNE_HCMV_INFECTION_4HR_UP	BROWNE_HCMV_INFECTION_4HR_UP		42	0.39175323	1.470766	0.036666665	0.19035277	1.0	3743	tags=38%, list=25%, signal=50%	
GRUETZMANN_PANCREATIC_CANCER_UP	GRUETZMANN_PANCREATIC_CANCER_UP		325	0.28229675	1.4686345	0.0	0.19280656	1.0	4303	tags=35%, list=28%, signal=48%	
REACTOME_POLYMERASE_SWITCHING_ON_THE_C_STRAND_OF_THE_TELOMERE	REACTOME_POLYMERASE_SWITCHING_ON_THE_C_STRAND_OF_THE_TELOMERE		25	0.44251388	1.467975	0.04753521	0.19338349	1.0	2572	tags=32%, list=17%, signal=39%	
LANDIS_ERBB2_BREAST_TUMORS_65_DN	LANDIS_ERBB2_BREAST_TUMORS_65_DN		31	0.41406405	1.4676794	0.046712805	0.19341639	1.0	3508	tags=42%, list=23%, signal=55%	
RIGGI_EWING_SARCOMA_PROGENITOR_UP	RIGGI_EWING_SARCOMA_PROGENITOR_UP		392	0.27844054	1.4674475	0.0	0.19333507	1.0	3277	tags=30%, list=22%, signal=37%	
CHYLA_CBFA2T3_TARGETS_UP	CHYLA_CBFA2T3_TARGETS_UP		313	0.283409	1.4652623	0.0	0.19608717	1.0	3346	tags=31%, list=22%, signal=39%	
TORCHIA_TARGETS_OF_EWSR1_FLI1_FUSION_TOP20_DN	TORCHIA_TARGETS_OF_EWSR1_FLI1_FUSION_TOP20_DN		17	0.49547175	1.4643987	0.07861061	0.19687057	1.0	3412	tags=53%, list=23%, signal=68%	
REACTOME_WNT_LIGAND_BIOGENESIS_AND_TRAFFICKING	REACTOME_WNT_LIGAND_BIOGENESIS_AND_TRAFFICKING		22	0.45179105	1.463022	0.071428575	0.19838402	1.0	2639	tags=36%, list=17%, signal=44%	
GOTZMANN_EPITHELIAL_TO_MESENCHYMAL_TRANSITION_DN	GOTZMANN_EPITHELIAL_TO_MESENCHYMAL_TRANSITION_DN		166	0.3062567	1.4627893	0.0075642965	0.19826396	1.0	1995	tags=19%, list=13%, signal=22%	
GARGALOVIC_RESPONSE_TO_OXIDIZED_PHOSPHOLIPIDS_PINK_DN	GARGALOVIC_RESPONSE_TO_OXIDIZED_PHOSPHOLIPIDS_PINK_DN		29	0.4230694	1.46264	0.044045676	0.19805843	1.0	2016	tags=38%, list=13%, signal=44%	
KOHOUTEK_CCNT1_TARGETS	KOHOUTEK_CCNT1_TARGETS		47	0.3861219	1.462435	0.033557046	0.19797398	1.0	3498	tags=34%, list=23%, signal=44%	
REACTOME_SARS_COV_1_ACTIVATES_MODULATES_INNATE_IMMUNE_RESPONSES	REACTOME_SARS_COV_1_ACTIVATES_MODULATES_INNATE_IMMUNE_RESPONSES		37	0.40303445	1.4622644	0.030150754	0.1978211	1.0	747	tags=16%, list=5%, signal=17%	
WILENSKY_RESPONSE_TO_DARAPLADIB	WILENSKY_RESPONSE_TO_DARAPLADIB		22	0.45717567	1.4617307	0.04761905	0.19812255	1.0	3256	tags=45%, list=22%, signal=58%	
MORI_LARGE_PRE_BII_LYMPHOCYTE_DN	MORI_LARGE_PRE_BII_LYMPHOCYTE_DN		47	0.38000295	1.4615569	0.033955857	0.1979742	1.0	3095	tags=34%, list=20%, signal=43%	
ZHENG_IL22_SIGNALING_UP	ZHENG_IL22_SIGNALING_UP		41	0.3915778	1.4614364	0.036789298	0.19775827	1.0	4090	tags=49%, list=27%, signal=67%	
KEGG_MEDICUS_REFERENCE_DNA_REPLICATION_LICENSING	KEGG_MEDICUS_REFERENCE_DNA_REPLICATION_LICENSING		21	0.46398932	1.4601877	0.06417112	0.19905744	1.0	4001	tags=43%, list=26%, signal=58%	
REACTOME_CELL_EXTRACELLULAR_MATRIX_INTERACTIONS	REACTOME_CELL_EXTRACELLULAR_MATRIX_INTERACTIONS		15	0.5095972	1.4601343	0.060708262	0.19873628	1.0	1325	tags=20%, list=9%, signal=22%	
REACTOME_CYTOCHROME_P450_ARRANGED_BY_SUBSTRATE_TYPE	REACTOME_CYTOCHROME_P450_ARRANGED_BY_SUBSTRATE_TYPE		37	0.40048409	1.4587739	0.04393673	0.20020579	1.0	4169	tags=43%, list=28%, signal=60%	
JIANG_MELANOMA_TRM_HIGH_SURVIVAL_22_GENE_SIGNATURE	JIANG_MELANOMA_TRM_HIGH_SURVIVAL_22_GENE_SIGNATURE		17	0.48992372	1.4587241	0.06205674	0.1998663	1.0	2673	tags=41%, list=18%, signal=50%	
PICCALUGA_ANGIOIMMUNOBLASTIC_LYMPHOMA_UP	PICCALUGA_ANGIOIMMUNOBLASTIC_LYMPHOMA_UP		179	0.29891637	1.457351	0.008784773	0.20141685	1.0	3552	tags=30%, list=24%, signal=38%	
KEGG_VIRAL_MYOCARDITIS	KEGG_VIRAL_MYOCARDITIS		52	0.37836587	1.4572182	0.034129694	0.20118709	1.0	1112	tags=19%, list=7%, signal=21%	
WP_EXTRACELLULAR_VESICLES_IN_THE_CROSSTALK_OF_CARDIAC_CELLS	WP_EXTRACELLULAR_VESICLES_IN_THE_CROSSTALK_OF_CARDIAC_CELLS		16	0.501107	1.4569927	0.06690778	0.20111182	1.0	2514	tags=38%, list=17%, signal=45%	
REACTOME_HDR_THROUGH_SINGLE_STRAND_ANNEALING_SSA	REACTOME_HDR_THROUGH_SINGLE_STRAND_ANNEALING_SSA		31	0.41487673	1.4567138	0.051666666	0.20110548	1.0	3806	tags=42%, list=25%, signal=56%	
DURCHDEWALD_SKIN_CARCINOGENESIS_UP	DURCHDEWALD_SKIN_CARCINOGENESIS_UP		73	0.34152928	1.4555289	0.016835017	0.20247103	1.0	3768	tags=36%, list=25%, signal=47%	
BURTON_ADIPOGENESIS_3	BURTON_ADIPOGENESIS_3		94	0.33030343	1.4554126	0.01244168	0.20222011	1.0	5963	tags=51%, list=39%, signal=84%	
AMIT_SERUM_RESPONSE_120_MCF10A	AMIT_SERUM_RESPONSE_120_MCF10A		57	0.36204243	1.4552168	0.033670034	0.20210633	1.0	1521	tags=23%, list=10%, signal=25%	
GAJATE_RESPONSE_TO_TRABECTEDIN_UP	GAJATE_RESPONSE_TO_TRABECTEDIN_UP		56	0.36145034	1.4545975	0.03210273	0.2026132	1.0	3108	tags=32%, list=21%, signal=40%	
WP_HIPPOYAP_SIGNALING	WP_HIPPOYAP_SIGNALING		21	0.4571819	1.454584	0.055456173	0.20223449	1.0	4601	tags=52%, list=30%, signal=75%	
WP_COMPLEMENT_ACTIVATION	WP_COMPLEMENT_ACTIVATION		18	0.48188728	1.4545783	0.06115108	0.20183876	1.0	5006	tags=72%, list=33%, signal=108%	
SEIDEN_ONCOGENESIS_BY_MET	SEIDEN_ONCOGENESIS_BY_MET		80	0.3433021	1.4545447	0.0190779	0.20148525	1.0	5259	tags=41%, list=35%, signal=63%	
SENGUPTA_NASOPHARYNGEAL_CARCINOMA_WITH_LMP1_UP	SENGUPTA_NASOPHARYNGEAL_CARCINOMA_WITH_LMP1_UP		354	0.27888352	1.4542818	0.0013927576	0.20143597	1.0	2968	tags=24%, list=20%, signal=29%	
WEBER_METHYLATED_HCP_IN_SPERM_DN	WEBER_METHYLATED_HCP_IN_SPERM_DN		15	0.4947836	1.4540353	0.072438166	0.20134522	1.0	2927	tags=47%, list=19%, signal=58%	
VALK_AML_CLUSTER_15	VALK_AML_CLUSTER_15		26	0.4389065	1.4537432	0.052910052	0.20134088	1.0	2411	tags=35%, list=16%, signal=41%	
SATO_SILENCED_BY_METHYLATION_IN_PANCREATIC_CANCER_2	SATO_SILENCED_BY_METHYLATION_IN_PANCREATIC_CANCER_2		41	0.395818	1.4529084	0.04778761	0.20216262	1.0	3923	tags=44%, list=26%, signal=59%	
HADDAD_T_LYMPHOCYTE_AND_NK_PROGENITOR_DN	HADDAD_T_LYMPHOCYTE_AND_NK_PROGENITOR_DN		46	0.37664732	1.4526473	0.049751244	0.20211047	1.0	3448	tags=41%, list=23%, signal=53%	
LANDIS_ERBB2_BREAST_PRENEOPLASTIC_DN	LANDIS_ERBB2_BREAST_PRENEOPLASTIC_DN		52	0.37421128	1.4525545	0.03927987	0.20185162	1.0	1231	tags=21%, list=8%, signal=23%	
PLASARI_NFIC_TARGETS_BASAL_DN	PLASARI_NFIC_TARGETS_BASAL_DN		19	0.46445173	1.4523205	0.06537102	0.20180269	1.0	3128	tags=42%, list=21%, signal=53%	
CHIBA_RESPONSE_TO_TSA_UP	CHIBA_RESPONSE_TO_TSA_UP		45	0.38277975	1.4522642	0.039451115	0.20148543	1.0	2937	tags=38%, list=19%, signal=47%	
SCHAEFFER_PROSTATE_DEVELOPMENT_12HR_UP	SCHAEFFER_PROSTATE_DEVELOPMENT_12HR_UP		96	0.33112377	1.4518049	0.017133957	0.20175563	1.0	4921	tags=46%, list=33%, signal=68%	
PID_SYNDECAN_4_PATHWAY	PID_SYNDECAN_4_PATHWAY		25	0.44017085	1.4510505	0.048824593	0.20241803	1.0	1666	tags=28%, list=11%, signal=31%	
BURTON_ADIPOGENESIS_9	BURTON_ADIPOGENESIS_9		73	0.34705782	1.4502394	0.033167496	0.20320798	1.0	2593	tags=27%, list=17%, signal=33%	
HOLLMANN_APOPTOSIS_VIA_CD40_DN	HOLLMANN_APOPTOSIS_VIA_CD40_DN		229	0.29212186	1.4501531	0.010309278	0.20296448	1.0	2602	tags=25%, list=17%, signal=30%	
REACTOME_BINDING_AND_UPTAKE_OF_LIGANDS_BY_SCAVENGER_RECEPTORS	REACTOME_BINDING_AND_UPTAKE_OF_LIGANDS_BY_SCAVENGER_RECEPTORS		30	0.4202288	1.4498999	0.05414013	0.20290081	1.0	2603	tags=30%, list=17%, signal=36%	
KEGG_TYROSINE_METABOLISM	KEGG_TYROSINE_METABOLISM		34	0.40550235	1.4498233	0.052892562	0.20259945	1.0	4307	tags=47%, list=29%, signal=66%	
PACHER_TARGETS_OF_IGF1_AND_IGF2_UP	PACHER_TARGETS_OF_IGF1_AND_IGF2_UP		34	0.40767393	1.4497693	0.041811846	0.2022867	1.0	3507	tags=44%, list=23%, signal=57%	
LIANG_HEMATOPOIESIS_STEM_CELL_NUMBER_SMALL_VS_HUGE_UP	LIANG_HEMATOPOIESIS_STEM_CELL_NUMBER_SMALL_VS_HUGE_UP		34	0.41019922	1.4493535	0.04901961	0.20251752	1.0	4919	tags=50%, list=33%, signal=74%	
ELVIDGE_HIF1A_AND_HIF2A_TARGETS_DN	ELVIDGE_HIF1A_AND_HIF2A_TARGETS_DN		97	0.3311789	1.4489999	0.02507837	0.20263517	1.0	2925	tags=30%, list=19%, signal=37%	
SATO_SILENCED_BY_METHYLATION_IN_PANCREATIC_CANCER_1	SATO_SILENCED_BY_METHYLATION_IN_PANCREATIC_CANCER_1		331	0.27992675	1.4485898	0.0014184397	0.20285189	1.0	3167	tags=31%, list=21%, signal=38%	
REACTOME_INTRAFLAGELLAR_TRANSPORT	REACTOME_INTRAFLAGELLAR_TRANSPORT		51	0.3688873	1.4477816	0.03505843	0.20359732	1.0	2267	tags=29%, list=15%, signal=34%	
MEISSNER_BRAIN_HCP_WITH_H3_UNMETHYLATED	MEISSNER_BRAIN_HCP_WITH_H3_UNMETHYLATED		22	0.4510996	1.4476198	0.063716814	0.20342202	1.0	3939	tags=45%, list=26%, signal=61%	
KEGG_INTESTINAL_IMMUNE_NETWORK_FOR_IGA_PRODUCTION	KEGG_INTESTINAL_IMMUNE_NETWORK_FOR_IGA_PRODUCTION		30	0.417761	1.4472343	0.048611112	0.20354319	1.0	1341	tags=27%, list=9%, signal=29%	
WP_PHOTODYNAMIC_THERAPYINDUCED_NFE2L2_NRF2_SURVIVAL_SIGNALING	WP_PHOTODYNAMIC_THERAPYINDUCED_NFE2L2_NRF2_SURVIVAL_SIGNALING		20	0.46731493	1.4467293	0.067567565	0.20389476	1.0	348	tags=15%, list=2%, signal=15%	
WEBER_METHYLATED_HCP_IN_FIBROBLAST_DN	WEBER_METHYLATED_HCP_IN_FIBROBLAST_DN		21	0.46366128	1.445499	0.062615104	0.20541596	1.0	2927	tags=38%, list=19%, signal=47%	
WP_METABOLIC_REPROGRAMMING_IN_PANCREATIC_CANCER	WP_METABOLIC_REPROGRAMMING_IN_PANCREATIC_CANCER		35	0.4023227	1.4438717	0.05308219	0.20744804	1.0	4535	tags=46%, list=30%, signal=65%	
OISHI_CHOLANGIOMA_STEM_CELL_LIKE_DN	OISHI_CHOLANGIOMA_STEM_CELL_LIKE_DN		233	0.28741893	1.4421283	0.0014265336	0.20955552	1.0	3020	tags=25%, list=20%, signal=31%	
REACTOME_SENSORY_PROCESSING_OF_SOUND_BY_OUTER_HAIR_CELLS_OF_THE_COCHLEA	REACTOME_SENSORY_PROCESSING_OF_SOUND_BY_OUTER_HAIR_CELLS_OF_THE_COCHLEA		47	0.3681083	1.4414498	0.05050505	0.21011852	1.0	2647	tags=30%, list=18%, signal=36%	
WP_CHOLESTEROL_METABOLISM_WITH_BLOCH_AND_KANDUTSCHRUSSELL_PATHWAYS	WP_CHOLESTEROL_METABOLISM_WITH_BLOCH_AND_KANDUTSCHRUSSELL_PATHWAYS		41	0.38649064	1.4402143	0.042071197	0.2115508	1.0	4138	tags=37%, list=27%, signal=50%	
VECCHI_GASTRIC_CANCER_ADVANCED_VS_EARLY_DN	VECCHI_GASTRIC_CANCER_ADVANCED_VS_EARLY_DN		117	0.3175135	1.4373807	0.01875	0.21527143	1.0	4237	tags=40%, list=28%, signal=55%	
BECKER_TAMOXIFEN_RESISTANCE_UP	BECKER_TAMOXIFEN_RESISTANCE_UP		49	0.36687115	1.4360901	0.024549918	0.21679254	1.0	3743	tags=35%, list=25%, signal=46%	
MCLACHLAN_DENTAL_CARIES_DN	MCLACHLAN_DENTAL_CARIES_DN		74	0.340305	1.4355307	0.026229508	0.2172331	1.0	3088	tags=32%, list=20%, signal=41%	
TURASHVILI_BREAST_DUCTAL_CARCINOMA_VS_LOBULAR_NORMAL_DN	TURASHVILI_BREAST_DUCTAL_CARCINOMA_VS_LOBULAR_NORMAL_DN		56	0.35678738	1.4354385	0.04895105	0.21696152	1.0	3269	tags=36%, list=22%, signal=45%	
BOQUEST_STEM_CELL_CULTURED_VS_FRESH_UP	BOQUEST_STEM_CELL_CULTURED_VS_FRESH_UP		379	0.2712431	1.4345516	0.0013477089	0.2178686	1.0	2706	tags=25%, list=18%, signal=30%	
JOHNSTONE_PARVB_TARGETS_3_UP	JOHNSTONE_PARVB_TARGETS_3_UP		381	0.27191037	1.4341809	0.0013793104	0.21801521	1.0	4512	tags=33%, list=30%, signal=46%	
WP_NUCLEAR_RECEPTORS_IN_LIPID_METABOLISM_AND_TOXICITY	WP_NUCLEAR_RECEPTORS_IN_LIPID_METABOLISM_AND_TOXICITY		22	0.44347173	1.4332757	0.06281833	0.21895722	1.0	837	tags=18%, list=6%, signal=19%	
ALCALAY_AML_BY_NPM1_LOCALIZATION_UP	ALCALAY_AML_BY_NPM1_LOCALIZATION_UP		120	0.31010556	1.4331287	0.021069692	0.21877016	1.0	2453	tags=27%, list=16%, signal=32%	
IGARASHI_ATF4_TARGETS_DN	IGARASHI_ATF4_TARGETS_DN		88	0.32758468	1.4316539	0.02672956	0.22058244	1.0	2087	tags=20%, list=14%, signal=24%	
MIKKELSEN_IPS_WITH_HCP_H3K27ME3	MIKKELSEN_IPS_WITH_HCP_H3K27ME3		85	0.33211458	1.4314675	0.03156146	0.22045366	1.0	3866	tags=41%, list=26%, signal=55%	
BAUS_TFF2_TARGETS_UP	BAUS_TFF2_TARGETS_UP		20	0.44924513	1.4310519	0.053691275	0.22063155	1.0	3527	tags=55%, list=23%, signal=72%	
NAKAYAMA_SOFT_TISSUE_TUMORS_PCA1_UP	NAKAYAMA_SOFT_TISSUE_TUMORS_PCA1_UP		61	0.3509023	1.4306349	0.045075126	0.22083235	1.0	3502	tags=39%, list=23%, signal=51%	
PETROVA_ENDOTHELIUM_LYMPHATIC_VS_BLOOD_UP	PETROVA_ENDOTHELIUM_LYMPHATIC_VS_BLOOD_UP		121	0.31488073	1.4306302	0.01433121	0.220434	1.0	3637	tags=31%, list=24%, signal=40%	
KYNG_DNA_DAMAGE_BY_GAMMA_AND_UV_RADIATION	KYNG_DNA_DAMAGE_BY_GAMMA_AND_UV_RADIATION		67	0.34881207	1.4300765	0.04326123	0.2208584	1.0	1480	tags=19%, list=10%, signal=21%	
ZHANG_FH_DEFICIENT_RCC_TUMOR_VS_NORMAL_DN	ZHANG_FH_DEFICIENT_RCC_TUMOR_VS_NORMAL_DN		103	0.3215849	1.4294071	0.0140625	0.22146785	1.0	3565	tags=40%, list=24%, signal=52%	
LIU_VAV3_PROSTATE_CARCINOGENESIS_UP	LIU_VAV3_PROSTATE_CARCINOGENESIS_UP		70	0.3407757	1.4293027	0.027027028	0.22122312	1.0	2247	tags=30%, list=15%, signal=35%	
SMID_BREAST_CANCER_LUMINAL_A_UP	SMID_BREAST_CANCER_LUMINAL_A_UP		67	0.34316593	1.4291924	0.02233677	0.22099642	1.0	4318	tags=43%, list=29%, signal=60%	
MEINHOLD_OVARIAN_CANCER_LOW_GRADE_DN	MEINHOLD_OVARIAN_CANCER_LOW_GRADE_DN		19	0.46117026	1.4290465	0.08377896	0.2208061	1.0	5273	tags=53%, list=35%, signal=81%	
WP_PEPTIDE_GPCRS	WP_PEPTIDE_GPCRS		44	0.37523368	1.4288427	0.045302015	0.22073582	1.0	2468	tags=36%, list=16%, signal=43%	
BAELDE_DIABETIC_NEPHROPATHY_DN	BAELDE_DIABETIC_NEPHROPATHY_DN		385	0.26961872	1.4287418	0.0026666666	0.22051422	1.0	4194	tags=33%, list=28%, signal=45%	
WANG_METHYLATED_IN_BREAST_CANCER	WANG_METHYLATED_IN_BREAST_CANCER		33	0.39853692	1.4269776	0.05226481	0.22272415	1.0	4101	tags=45%, list=27%, signal=62%	
MARKS_HDAC_TARGETS_UP	MARKS_HDAC_TARGETS_UP		17	0.48395157	1.4258723	0.07308378	0.22396033	1.0	5026	tags=71%, list=33%, signal=106%	
REACTOME_TRIGLYCERIDE_CATABOLISM	REACTOME_TRIGLYCERIDE_CATABOLISM		16	0.48974502	1.4251037	0.08424909	0.22475412	1.0	1172	tags=31%, list=8%, signal=34%	
FOSTER_TOLERANT_MACROPHAGE_UP	FOSTER_TOLERANT_MACROPHAGE_UP		141	0.3039548	1.4247913	0.013372957	0.22483332	1.0	2181	tags=25%, list=14%, signal=29%	
WP_REGULATORY_CIRCUITS_OF_STAT3_SIGNALING	WP_REGULATORY_CIRCUITS_OF_STAT3_SIGNALING		61	0.35063666	1.4244474	0.048172757	0.22494715	1.0	2311	tags=31%, list=15%, signal=37%	
REACTOME_TRANSLESION_SYNTHESIS_BY_POLH	REACTOME_TRANSLESION_SYNTHESIS_BY_POLH		19	0.45903668	1.4232798	0.07597173	0.22627038	1.0	3645	tags=47%, list=24%, signal=62%	
MISSIAGLIA_REGULATED_BY_METHYLATION_UP	MISSIAGLIA_REGULATED_BY_METHYLATION_UP		106	0.31620547	1.423244	0.02643857	0.22590724	1.0	3743	tags=36%, list=25%, signal=47%	
XU_HGF_TARGETS_INDUCED_BY_AKT1_6HR	XU_HGF_TARGETS_INDUCED_BY_AKT1_6HR		18	0.4581083	1.4224808	0.09584087	0.22671154	1.0	4716	tags=50%, list=31%, signal=73%	
KOKKINAKIS_METHIONINE_DEPRIVATION_96HR_DN	KOKKINAKIS_METHIONINE_DEPRIVATION_96HR_DN		67	0.34206766	1.4222107	0.04620462	0.22672395	1.0	1815	tags=21%, list=12%, signal=24%	
GAUSSMANN_MLL_AF4_FUSION_TARGETS_F_UP	GAUSSMANN_MLL_AF4_FUSION_TARGETS_F_UP		161	0.29727852	1.4219605	0.014814815	0.22669806	1.0	3133	tags=29%, list=21%, signal=36%	
BIOCARTA_MCM_PATHWAY	BIOCARTA_MCM_PATHWAY		15	0.4945792	1.4202497	0.08438061	0.22897588	1.0	4001	tags=53%, list=26%, signal=72%	
WHITE_NEUROBLASTOMA_WITH_1P36.3_DELETION	WHITE_NEUROBLASTOMA_WITH_1P36.3_DELETION		18	0.477109	1.4196873	0.09139785	0.22947405	1.0	2845	tags=50%, list=19%, signal=62%	
REACTOME_O_LINKED_GLYCOSYLATION_OF_MUCINS	REACTOME_O_LINKED_GLYCOSYLATION_OF_MUCINS		44	0.37124318	1.4195826	0.046232875	0.22922555	1.0	4081	tags=39%, list=27%, signal=53%	
WATANABE_COLON_CANCER_MSI_VS_MSS_DN	WATANABE_COLON_CANCER_MSI_VS_MSS_DN		53	0.3604542	1.4195393	0.049668875	0.22888435	1.0	3507	tags=40%, list=23%, signal=51%	
GOLUB_ALL_VS_AML_DN	GOLUB_ALL_VS_AML_DN		20	0.45795488	1.4182853	0.07986111	0.2304475	1.0	3835	tags=50%, list=25%, signal=67%	
UNTERMAN_IPF_VS_CTRL_B_CELL_DN	UNTERMAN_IPF_VS_CTRL_B_CELL_DN		27	0.42474374	1.4181354	0.060553633	0.23028079	1.0	1624	tags=26%, list=11%, signal=29%	
REACTOME_METAL_ION_SLC_TRANSPORTERS	REACTOME_METAL_ION_SLC_TRANSPORTERS		20	0.44292095	1.4179488	0.089605734	0.23020257	1.0	2585	tags=35%, list=17%, signal=42%	
PID_CD8_TCR_PATHWAY	PID_CD8_TCR_PATHWAY		40	0.38254365	1.4174017	0.056218058	0.23069896	1.0	4201	tags=43%, list=28%, signal=59%	
INGRAM_SHH_TARGETS_UP	INGRAM_SHH_TARGETS_UP		107	0.31391186	1.4172888	0.023622047	0.23048367	1.0	3263	tags=32%, list=22%, signal=40%	
WP_PPAR_SIGNALING	WP_PPAR_SIGNALING		38	0.38474554	1.4166192	0.05141844	0.23114885	1.0	1264	tags=21%, list=8%, signal=23%	
LEE_LIVER_CANCER_E2F1_DN	LEE_LIVER_CANCER_E2F1_DN		50	0.36646602	1.4164277	0.04411765	0.23103707	1.0	3249	tags=30%, list=22%, signal=38%	
KAN_RESPONSE_TO_ARSENIC_TRIOXIDE	KAN_RESPONSE_TO_ARSENIC_TRIOXIDE		110	0.31273058	1.4157836	0.0234375	0.23164532	1.0	3166	tags=27%, list=21%, signal=34%	
WP_DISORDERS_OF_BILE_ACID_SYNTHESIS_AND_BILIARY_TRANSPORT	WP_DISORDERS_OF_BILE_ACID_SYNTHESIS_AND_BILIARY_TRANSPORT		22	0.4408809	1.4156873	0.07118055	0.23136824	1.0	4492	tags=55%, list=30%, signal=78%	
BERTUCCI_MEDULLARY_VS_DUCTAL_BREAST_CANCER_UP	BERTUCCI_MEDULLARY_VS_DUCTAL_BREAST_CANCER_UP		176	0.29125267	1.4144771	0.014947684	0.23286483	1.0	2829	tags=24%, list=19%, signal=30%	
WP_CHOLESTEROL_SYNTHESIS_DISORDERS	WP_CHOLESTEROL_SYNTHESIS_DISORDERS		15	0.49153522	1.4141127	0.08170515	0.23299265	1.0	3379	tags=40%, list=22%, signal=51%	
SPIRA_SMOKERS_LUNG_CANCER_UP	SPIRA_SMOKERS_LUNG_CANCER_UP		33	0.3972719	1.413624	0.06491228	0.23336498	1.0	3656	tags=33%, list=24%, signal=44%	
GUO_HEX_TARGETS_DN	GUO_HEX_TARGETS_DN		55	0.35909986	1.4134642	0.049423393	0.23325557	1.0	2348	tags=25%, list=16%, signal=30%	
KANG_DOXORUBICIN_RESISTANCE_UP	KANG_DOXORUBICIN_RESISTANCE_UP		51	0.35761803	1.4123046	0.056027167	0.23477359	1.0	5936	tags=47%, list=39%, signal=77%	
ZHAN_MULTIPLE_MYELOMA_LB_DN	ZHAN_MULTIPLE_MYELOMA_LB_DN		31	0.40673622	1.4119203	0.068100356	0.23496218	1.0	4281	tags=48%, list=28%, signal=67%	
XIE_ST_HSC_S1PR3_OE_DN	XIE_ST_HSC_S1PR3_OE_DN		16	0.4846593	1.4113921	0.08050089	0.23535593	1.0	3468	tags=50%, list=23%, signal=65%	
YANG_BCL3_TARGETS_UP	YANG_BCL3_TARGETS_UP		298	0.2744716	1.4111576	0.0027816412	0.23533182	1.0	2969	tags=24%, list=20%, signal=30%	
REACTOME_METABOLISM_OF_WATER_SOLUBLE_VITAMINS_AND_COFACTORS	REACTOME_METABOLISM_OF_WATER_SOLUBLE_VITAMINS_AND_COFACTORS		105	0.31772715	1.4108765	0.024590164	0.23535737	1.0	2942	tags=30%, list=19%, signal=38%	
KEGG_RETINOL_METABOLISM	KEGG_RETINOL_METABOLISM		25	0.43133116	1.4106683	0.069565214	0.23526193	1.0	3161	tags=44%, list=21%, signal=56%	
REACTOME_EXTENSION_OF_TELOMERES	REACTOME_EXTENSION_OF_TELOMERES		48	0.36738107	1.4083388	0.039538715	0.2386245	1.0	2798	tags=27%, list=19%, signal=33%	
KORKOLA_YOLK_SAC_TUMOR	KORKOLA_YOLK_SAC_TUMOR		54	0.3608349	1.406062	0.050819673	0.24180771	1.0	3193	tags=39%, list=21%, signal=49%	
BROCKE_APOPTOSIS_REVERSED_BY_IL6	BROCKE_APOPTOSIS_REVERSED_BY_IL6		122	0.30661413	1.4060535	0.016417911	0.24140444	1.0	1263	tags=19%, list=8%, signal=20%	
VANTVEER_BREAST_CANCER_METASTASIS_UP	VANTVEER_BREAST_CANCER_METASTASIS_UP		42	0.37299913	1.405975	0.04895105	0.24115685	1.0	3179	tags=38%, list=21%, signal=48%	
PID_TXA2PATHWAY	PID_TXA2PATHWAY		47	0.36936927	1.4054036	0.05903399	0.2416746	1.0	4259	tags=49%, list=28%, signal=68%	
FUJII_YBX1_TARGETS_UP	FUJII_YBX1_TARGETS_UP		38	0.38025954	1.4042201	0.074394464	0.24316527	1.0	3419	tags=34%, list=23%, signal=44%	
LENAOUR_DENDRITIC_CELL_MATURATION_DN	LENAOUR_DENDRITIC_CELL_MATURATION_DN		106	0.30857617	1.4040627	0.026984127	0.24295726	1.0	4657	tags=42%, list=31%, signal=61%	
REACTOME_TRIGLYCERIDE_METABOLISM	REACTOME_TRIGLYCERIDE_METABOLISM		26	0.41954243	1.4037532	0.0625	0.24298958	1.0	1499	tags=27%, list=10%, signal=30%	
VANASSE_BCL2_TARGETS_DN	VANASSE_BCL2_TARGETS_DN		54	0.35024112	1.4032366	0.0549273	0.24344724	1.0	4164	tags=46%, list=28%, signal=64%	
LI_ESTROGENE_LATE_E2_RESPONSE_DN	LI_ESTROGENE_LATE_E2_RESPONSE_DN		64	0.3446595	1.4030539	0.04819277	0.24331908	1.0	3324	tags=39%, list=22%, signal=50%	
ZHAN_MULTIPLE_MYELOMA_DN	ZHAN_MULTIPLE_MYELOMA_DN		33	0.40752327	1.4022707	0.07586207	0.2441498	1.0	5335	tags=58%, list=35%, signal=89%	
KEGG_MEDICUS_REFERENCE_LONG_PATCH_BER	KEGG_MEDICUS_REFERENCE_LONG_PATCH_BER		17	0.4778799	1.401774	0.10642202	0.24451652	1.0	2572	tags=41%, list=17%, signal=50%	
REACTOME_VISUAL_PHOTOTRANSDUCTION	REACTOME_VISUAL_PHOTOTRANSDUCTION		71	0.3371409	1.4013656	0.05305466	0.2448177	1.0	2143	tags=25%, list=14%, signal=29%	
PEDRIOLI_MIR31_TARGETS_DN	PEDRIOLI_MIR31_TARGETS_DN		349	0.2704382	1.4009649	0.0	0.2450704	1.0	3182	tags=29%, list=21%, signal=35%	
NABA_BASEMENT_MEMBRANES	NABA_BASEMENT_MEMBRANES		36	0.3853722	1.4006867	0.059859157	0.24510814	1.0	3845	tags=39%, list=25%, signal=52%	
LEIN_PONS_MARKERS	LEIN_PONS_MARKERS		79	0.3299434	1.399945	0.032094594	0.2458809	1.0	3138	tags=33%, list=21%, signal=41%	
NABA_ECM_GLYCOPROTEINS	NABA_ECM_GLYCOPROTEINS		171	0.2897525	1.3995872	0.02111614	0.24602515	1.0	3614	tags=33%, list=24%, signal=43%	
BOYAULT_LIVER_CANCER_SUBCLASS_G5_DN	BOYAULT_LIVER_CANCER_SUBCLASS_G5_DN		25	0.41794348	1.3987597	0.073756434	0.24696217	1.0	3708	tags=44%, list=25%, signal=58%	
WESTON_VEGFA_TARGETS	WESTON_VEGFA_TARGETS		84	0.32960096	1.3987495	0.04636785	0.24657175	1.0	3504	tags=35%, list=23%, signal=45%	
BIOCARTA_NUCLEARRS_PATHWAY	BIOCARTA_NUCLEARRS_PATHWAY		22	0.44347173	1.3985164	0.09490334	0.2465348	1.0	837	tags=18%, list=6%, signal=19%	
WP_T_CELL_MODULATION_AND_DESMOPLASIA_IN_PANCREATIC_CANCER	WP_T_CELL_MODULATION_AND_DESMOPLASIA_IN_PANCREATIC_CANCER		41	0.37706092	1.39815	0.061082024	0.24678667	1.0	3149	tags=34%, list=21%, signal=43%	
DAZARD_UV_RESPONSE_CLUSTER_G2	DAZARD_UV_RESPONSE_CLUSTER_G2		23	0.43023285	1.3977249	0.09157509	0.24708062	1.0	1159	tags=30%, list=8%, signal=33%	
FARMER_BREAST_CANCER_APOCRINE_VS_BASAL	FARMER_BREAST_CANCER_APOCRINE_VS_BASAL		296	0.269651	1.3971992	0.007052186	0.24754636	1.0	3755	tags=30%, list=25%, signal=40%	
ROSS_AML_WITH_CBFB_MYH11_FUSION	ROSS_AML_WITH_CBFB_MYH11_FUSION		43	0.36985752	1.3971076	0.059900165	0.2472909	1.0	4281	tags=44%, list=28%, signal=61%	
MIKKELSEN_ES_HCP_WITH_H3K27ME3	MIKKELSEN_ES_HCP_WITH_H3K27ME3		30	0.40127367	1.3963171	0.08919383	0.24817908	1.0	3576	tags=43%, list=24%, signal=57%	
REACTOME_DAP12_INTERACTIONS	REACTOME_DAP12_INTERACTIONS		27	0.41425875	1.3962862	0.08108108	0.24782157	1.0	4201	tags=41%, list=28%, signal=56%	
PID_IL4_2PATHWAY	PID_IL4_2PATHWAY		44	0.3742667	1.395941	0.0605042	0.24802704	1.0	4242	tags=50%, list=28%, signal=69%	
KEGG_TYPE_I_DIABETES_MELLITUS	KEGG_TYPE_I_DIABETES_MELLITUS		29	0.40753272	1.395113	0.08732877	0.24897137	1.0	426	tags=17%, list=3%, signal=18%	
MIKKELSEN_ES_ICP_WITH_H3K27ME3	MIKKELSEN_ES_ICP_WITH_H3K27ME3		30	0.4007584	1.3950828	0.07063197	0.24862629	1.0	1891	tags=43%, list=13%, signal=49%	
PID_NFAT_TFPATHWAY	PID_NFAT_TFPATHWAY		32	0.39394534	1.3948193	0.07482993	0.2486499	1.0	2338	tags=28%, list=15%, signal=33%	
WP_7OXOC_AND_7BETAHC_PATHWAYS	WP_7OXOC_AND_7BETAHC_PATHWAYS		23	0.43481964	1.3945234	0.06859206	0.24873325	1.0	4344	tags=57%, list=29%, signal=79%	
MIKKELSEN_NPC_LCP_WITH_H3K4ME3	MIKKELSEN_NPC_LCP_WITH_H3K4ME3		54	0.35740006	1.394508	0.070957094	0.24834818	1.0	3906	tags=44%, list=26%, signal=60%	
WP_OVERVIEW_OF_PROINFLAMMATORY_AND_PROFIBROTIC_MEDIATORS	WP_OVERVIEW_OF_PROINFLAMMATORY_AND_PROFIBROTIC_MEDIATORS		58	0.35200277	1.394219	0.04006678	0.24840692	1.0	3626	tags=43%, list=24%, signal=56%	
GUTIERREZ_CHRONIC_LYMPHOCYTIC_LEUKEMIA_DN	GUTIERREZ_CHRONIC_LYMPHOCYTIC_LEUKEMIA_DN		49	0.35889062	1.3937304	0.068292685	0.24880245	1.0	2981	tags=33%, list=20%, signal=41%	
REACTOME_LAMININ_INTERACTIONS	REACTOME_LAMININ_INTERACTIONS		27	0.41697896	1.3930699	0.0713073	0.24945955	1.0	2636	tags=30%, list=17%, signal=36%	
MAEKAWA_ATF2_TARGETS	MAEKAWA_ATF2_TARGETS		18	0.45830145	1.392896	0.09848485	0.24936046	1.0	1678	tags=33%, list=11%, signal=37%	
APPEL_IMATINIB_RESPONSE	APPEL_IMATINIB_RESPONSE		28	0.40108564	1.3923407	0.08658744	0.24982733	1.0	3522	tags=36%, list=23%, signal=46%	
REACTOME_G_ALPHA_I_SIGNALLING_EVENTS	REACTOME_G_ALPHA_I_SIGNALLING_EVENTS		223	0.28061265	1.3899962	0.004405286	0.25334463	1.0	4264	tags=40%, list=28%, signal=55%	
BLANCO_MELO_COVID19_SARS_COV_2_INFECTION_A594_ACE2_EXPRESSING_CELLS_DN	BLANCO_MELO_COVID19_SARS_COV_2_INFECTION_A594_ACE2_EXPRESSING_CELLS_DN		85	0.31944948	1.3888705	0.035369776	0.25477695	1.0	3020	tags=31%, list=20%, signal=38%	
SESTO_RESPONSE_TO_UV_C1	SESTO_RESPONSE_TO_UV_C1		58	0.3487451	1.3887349	0.050819673	0.25459105	1.0	4585	tags=43%, list=30%, signal=62%	
YANG_BREAST_CANCER_ESR1_BULK_UP	YANG_BREAST_CANCER_ESR1_BULK_UP		23	0.42744642	1.3885607	0.08617594	0.25447404	1.0	2999	tags=39%, list=20%, signal=49%	
REACTOME_SLC_TRANSPORTER_DISORDERS	REACTOME_SLC_TRANSPORTER_DISORDERS		79	0.32245183	1.3881192	0.038523275	0.2547916	1.0	3166	tags=32%, list=21%, signal=40%	
REACTOME_GAP_JUNCTION_TRAFFICKING_AND_REGULATION	REACTOME_GAP_JUNCTION_TRAFFICKING_AND_REGULATION		35	0.3841331	1.3875148	0.06491228	0.25548524	1.0	1475	tags=23%, list=10%, signal=25%	
KEGG_MEDICUS_PATHOGEN_ESCHERICHIA_EAE_TIR_TO_ACTIN_SIGNALING_PATHWAY	KEGG_MEDICUS_PATHOGEN_ESCHERICHIA_EAE_TIR_TO_ACTIN_SIGNALING_PATHWAY		17	0.4634142	1.387351	0.08522727	0.25536883	1.0	3570	tags=41%, list=24%, signal=54%	
LINDSTEDT_DENDRITIC_CELL_MATURATION_C	LINDSTEDT_DENDRITIC_CELL_MATURATION_C		52	0.3473025	1.3857702	0.06849315	0.2575874	1.0	3375	tags=31%, list=22%, signal=39%	
MULLIGHAN_NPM1_MUTATED_SIGNATURE_1_UP	MULLIGHAN_NPM1_MUTATED_SIGNATURE_1_UP		225	0.27785814	1.3857306	0.013157895	0.25723666	1.0	4043	tags=33%, list=27%, signal=45%	
KEGG_MEDICUS_REFERENCE_CYTOKINE_JAK_STAT_SIGNALING_PATHWAY	KEGG_MEDICUS_REFERENCE_CYTOKINE_JAK_STAT_SIGNALING_PATHWAY		29	0.4060025	1.3855209	0.07020548	0.25716946	1.0	3451	tags=38%, list=23%, signal=49%	
THUM_SYSTOLIC_HEART_FAILURE_UP	THUM_SYSTOLIC_HEART_FAILURE_UP		354	0.26506343	1.3840231	0.0069156294	0.25930583	1.0	3570	tags=29%, list=24%, signal=37%	
CHANG_IMMORTALIZED_BY_HPV31_DN	CHANG_IMMORTALIZED_BY_HPV31_DN		46	0.3684915	1.3835474	0.0625	0.2597677	1.0	4253	tags=43%, list=28%, signal=60%	
WP_ZINC_HOMEOSTASIS	WP_ZINC_HOMEOSTASIS		30	0.3983634	1.3832537	0.06363636	0.25983766	1.0	4555	tags=47%, list=30%, signal=67%	
REACTOME_TNFR2_NON_CANONICAL_NF_KB_PATHWAY	REACTOME_TNFR2_NON_CANONICAL_NF_KB_PATHWAY		75	0.32350156	1.3831984	0.049284577	0.25955948	1.0	3890	tags=32%, list=26%, signal=43%	
VERNELL_RETINOBLASTOMA_PATHWAY_UP	VERNELL_RETINOBLASTOMA_PATHWAY_UP		63	0.34182552	1.3830259	0.05666667	0.25940627	1.0	5477	tags=54%, list=36%, signal=84%	
HESS_TARGETS_OF_HOXA9_AND_MEIS1_DN	HESS_TARGETS_OF_HOXA9_AND_MEIS1_DN		56	0.34855497	1.3825113	0.05815832	0.25986964	1.0	3561	tags=38%, list=24%, signal=49%	
LI_INDUCED_T_TO_NATURAL_KILLER_UP	LI_INDUCED_T_TO_NATURAL_KILLER_UP		259	0.2711552	1.3819478	0.008474576	0.2603925	1.0	4358	tags=41%, list=29%, signal=56%	
ACOSTA_PROLIFERATION_INDEPENDENT_MYC_TARGETS_DN	ACOSTA_PROLIFERATION_INDEPENDENT_MYC_TARGETS_DN		100	0.30929372	1.3816106	0.039334342	0.26053134	1.0	2860	tags=25%, list=19%, signal=31%	
CLASPER_LYMPHATIC_VESSELS_DURING_METASTASIS_UP	CLASPER_LYMPHATIC_VESSELS_DURING_METASTASIS_UP		16	0.47520682	1.3804071	0.1207483	0.26220042	1.0	3745	tags=50%, list=25%, signal=66%	
REACTOME_CROSS_PRESENTATION_OF_SOLUBLE_EXOGENOUS_ANTIGENS_ENDOSOMES	REACTOME_CROSS_PRESENTATION_OF_SOLUBLE_EXOGENOUS_ANTIGENS_ENDOSOMES		38	0.37294447	1.3801593	0.06810631	0.2622075	1.0	2439	tags=24%, list=16%, signal=28%	
DOANE_BREAST_CANCER_CLASSES_UP	DOANE_BREAST_CANCER_CLASSES_UP		57	0.3447143	1.3794823	0.04276316	0.26289645	1.0	5296	tags=54%, list=35%, signal=83%	
ROSS_LEUKEMIA_WITH_MLL_FUSIONS	ROSS_LEUKEMIA_WITH_MLL_FUSIONS		65	0.33570564	1.3793936	0.05650685	0.26262978	1.0	2454	tags=28%, list=16%, signal=33%	
NABA_ECM_AFFILIATED	NABA_ECM_AFFILIATED		113	0.3005614	1.3791901	0.030165913	0.26257005	1.0	4090	tags=42%, list=27%, signal=58%	
WP_ALLOGRAFT_REJECTION	WP_ALLOGRAFT_REJECTION		63	0.3377511	1.3790909	0.057142857	0.2623246	1.0	3502	tags=38%, list=23%, signal=49%	
HAHTOLA_CTCL_CUTANEOUS	HAHTOLA_CTCL_CUTANEOUS		20	0.44125792	1.378635	0.10278746	0.26272362	1.0	4255	tags=55%, list=28%, signal=76%	
LEE_LIVER_CANCER_ACOX1_DN	LEE_LIVER_CANCER_ACOX1_DN		52	0.35211384	1.3773893	0.055462185	0.26442343	1.0	3236	tags=33%, list=21%, signal=41%	
WINZEN_DEGRADED_VIA_KHSRP	WINZEN_DEGRADED_VIA_KHSRP		90	0.31566194	1.3763314	0.052227344	0.26589218	1.0	4748	tags=44%, list=31%, signal=64%	
GERY_CEBP_TARGETS	GERY_CEBP_TARGETS		101	0.30769256	1.376255	0.045161292	0.26560616	1.0	3812	tags=30%, list=25%, signal=39%	
LIN_ENDOMETRIAL_CANCER_MITOCHONDRIAL_SIGNATURE	LIN_ENDOMETRIAL_CANCER_MITOCHONDRIAL_SIGNATURE		239	0.2719337	1.37539	0.014306151	0.26671675	1.0	2717	tags=23%, list=18%, signal=27%	
GAL_LEUKEMIC_STEM_CELL_DN	GAL_LEUKEMIC_STEM_CELL_DN		181	0.28237656	1.374951	0.02413273	0.2670738	1.0	4198	tags=37%, list=28%, signal=51%	
KEGG_LEUKOCYTE_TRANSENDOTHELIAL_MIGRATION	KEGG_LEUKOCYTE_TRANSENDOTHELIAL_MIGRATION		93	0.31360096	1.3737645	0.049921997	0.26872173	1.0	3874	tags=35%, list=26%, signal=47%	
WP_CLEAR_CELL_RENAL_CELL_CARCINOMA_PATHWAYS	WP_CLEAR_CELL_RENAL_CELL_CARCINOMA_PATHWAYS		71	0.32954663	1.3733087	0.044481054	0.2691774	1.0	4262	tags=42%, list=28%, signal=59%	
STEGER_ADIPOGENESIS_UP	STEGER_ADIPOGENESIS_UP		16	0.47280732	1.3728842	0.11091549	0.26947433	1.0	3937	tags=50%, list=26%, signal=68%	
WP_NUCLEOTIDE_EXCISION_REPAIR	WP_NUCLEOTIDE_EXCISION_REPAIR		41	0.36512178	1.372602	0.07665505	0.2695547	1.0	2798	tags=29%, list=19%, signal=36%	
ICHIBA_GRAFT_VERSUS_HOST_DISEASE_35D_DN	ICHIBA_GRAFT_VERSUS_HOST_DISEASE_35D_DN		41	0.3634125	1.3725392	0.08680555	0.2692519	1.0	2328	tags=27%, list=15%, signal=32%	
ZHAN_MULTIPLE_MYELOMA_CD1_UP	ZHAN_MULTIPLE_MYELOMA_CD1_UP		41	0.37501442	1.3723761	0.057003256	0.26911658	1.0	3879	tags=44%, list=26%, signal=59%	
VECCHI_GASTRIC_CANCER_EARLY_DN	VECCHI_GASTRIC_CANCER_EARLY_DN		294	0.2670207	1.3717971	0.005586592	0.26970023	1.0	4322	tags=37%, list=29%, signal=51%	
GAUSSMANN_MLL_AF4_FUSION_TARGETS_E_UP	GAUSSMANN_MLL_AF4_FUSION_TARGETS_E_UP		88	0.31545743	1.3713309	0.048286606	0.2700905	1.0	2541	tags=25%, list=17%, signal=30%	
RORIE_TARGETS_OF_EWSR1_FLI1_FUSION_UP	RORIE_TARGETS_OF_EWSR1_FLI1_FUSION_UP		23	0.4243534	1.3710996	0.10035843	0.27005145	1.0	2606	tags=35%, list=17%, signal=42%	
WESTON_VEGFA_TARGETS_6HR	WESTON_VEGFA_TARGETS_6HR		44	0.36089107	1.370264	0.08506945	0.27110475	1.0	3504	tags=39%, list=23%, signal=50%	
WP_RETINOBLASTOMA_GENE_IN_CANCER	WP_RETINOBLASTOMA_GENE_IN_CANCER		78	0.3188467	1.3702041	0.045602605	0.27080923	1.0	3971	tags=33%, list=26%, signal=45%	
REACTOME_GAP_FILLING_DNA_REPAIR_SYNTHESIS_AND_LIGATION_IN_GG_NER	REACTOME_GAP_FILLING_DNA_REPAIR_SYNTHESIS_AND_LIGATION_IN_GG_NER		25	0.41916448	1.3698449	0.09222423	0.2710007	1.0	2798	tags=40%, list=19%, signal=49%	
REACTOME_E2F_MEDIATED_REGULATION_OF_DNA_REPLICATION	REACTOME_E2F_MEDIATED_REGULATION_OF_DNA_REPLICATION		18	0.45004097	1.368833	0.09122807	0.27237165	1.0	4058	tags=50%, list=27%, signal=68%	
BIOCARTA_DEATH_PATHWAY	BIOCARTA_DEATH_PATHWAY		25	0.41294092	1.3678913	0.11413044	0.27357692	1.0	2699	tags=40%, list=18%, signal=49%	
ZHAN_LATE_DIFFERENTIATION_GENES_DN	ZHAN_LATE_DIFFERENTIATION_GENES_DN		15	0.4786485	1.3675864	0.10412926	0.27370882	1.0	3177	tags=60%, list=21%, signal=76%	
FISCHER_G1_S_CELL_CYCLE	FISCHER_G1_S_CELL_CYCLE		178	0.2797642	1.3664407	0.02255639	0.2752715	1.0	5653	tags=48%, list=37%, signal=75%	
BERTUCCI_INVASIVE_CARCINOMA_DUCTAL_VS_LOBULAR_DN	BERTUCCI_INVASIVE_CARCINOMA_DUCTAL_VS_LOBULAR_DN		41	0.36545748	1.3655655	0.067708336	0.27637354	1.0	3601	tags=44%, list=24%, signal=57%	
AMIT_SERUM_RESPONSE_240_MCF10A	AMIT_SERUM_RESPONSE_240_MCF10A		43	0.36129528	1.3653802	0.081566066	0.27625108	1.0	1346	tags=19%, list=9%, signal=20%	
LEE_TARGETS_OF_PTCH1_AND_SUFU_DN	LEE_TARGETS_OF_PTCH1_AND_SUFU_DN		79	0.32300517	1.3650929	0.03789127	0.2763552	1.0	4093	tags=43%, list=27%, signal=59%	
LI_ESTROGENE_EARLY_E2_RESPONSE_DN	LI_ESTROGENE_EARLY_E2_RESPONSE_DN		72	0.3246208	1.3649046	0.053140096	0.27627605	1.0	3872	tags=33%, list=26%, signal=45%	
WESTON_VEGFA_TARGETS_12HR	WESTON_VEGFA_TARGETS_12HR		23	0.41599765	1.36477	0.08196721	0.2761046	1.0	2357	tags=30%, list=16%, signal=36%	
GAVIN_FOXP3_TARGETS_CLUSTER_P6	GAVIN_FOXP3_TARGETS_CLUSTER_P6		81	0.32531548	1.3647238	0.05057096	0.27577764	1.0	5708	tags=52%, list=38%, signal=83%	
LEE_INTRATHYMIC_T_PROGENITOR	LEE_INTRATHYMIC_T_PROGENITOR		17	0.44992706	1.3644953	0.09773124	0.27581036	1.0	5166	tags=65%, list=34%, signal=98%	
KEGG_GLYCINE_SERINE_AND_THREONINE_METABOLISM	KEGG_GLYCINE_SERINE_AND_THREONINE_METABOLISM		25	0.4131206	1.3644936	0.11652174	0.2754051	1.0	1726	tags=24%, list=11%, signal=27%	
HWANG_PROSTATE_CANCER_MARKERS	HWANG_PROSTATE_CANCER_MARKERS		25	0.41287062	1.3640591	0.093639575	0.27582029	1.0	1586	tags=24%, list=10%, signal=27%	
LI_WILMS_TUMOR_VS_FETAL_KIDNEY_1_UP	LI_WILMS_TUMOR_VS_FETAL_KIDNEY_1_UP		171	0.2858243	1.3638046	0.016691957	0.2758158	1.0	2516	tags=23%, list=17%, signal=28%	
REACTOME_INTERACTION_BETWEEN_L1_AND_ANKYRINS	REACTOME_INTERACTION_BETWEEN_L1_AND_ANKYRINS		25	0.41483942	1.3636538	0.08783784	0.27569583	1.0	3632	tags=52%, list=24%, signal=68%	
DE_YY1_TARGETS_UP	DE_YY1_TARGETS_UP		15	0.46997127	1.361839	0.1340388	0.27843142	1.0	2253	tags=47%, list=15%, signal=55%	
REACTOME_REGULATION_OF_MITF_M_DEPENDENT_GENES_INVOLVED_IN_CELL_CYCLE_AND_PROLIFERATION	REACTOME_REGULATION_OF_MITF_M_DEPENDENT_GENES_INVOLVED_IN_CELL_CYCLE_AND_PROLIFERATION		15	0.46950936	1.3601301	0.10034602	0.28120124	1.0	3905	tags=47%, list=26%, signal=63%	
JOHANSSON_GLIOMAGENESIS_BY_PDGFB_DN	JOHANSSON_GLIOMAGENESIS_BY_PDGFB_DN		21	0.42732385	1.3601072	0.092982456	0.28084487	1.0	4803	tags=52%, list=32%, signal=77%	
KEGG_ARGININE_AND_PROLINE_METABOLISM	KEGG_ARGININE_AND_PROLINE_METABOLISM		45	0.35576662	1.3595519	0.07118644	0.28136706	1.0	4068	tags=36%, list=27%, signal=49%	
SUMI_HNF4A_TARGETS	SUMI_HNF4A_TARGETS		17	0.46199512	1.3593255	0.113597244	0.28133374	1.0	2615	tags=47%, list=17%, signal=57%	
VARELA_ZMPSTE24_TARGETS_DN	VARELA_ZMPSTE24_TARGETS_DN		29	0.3939456	1.359186	0.08127209	0.28117722	1.0	1667	tags=24%, list=11%, signal=27%	
KEGG_MEDICUS_REFERENCE_EGF_EGFR_ACTIN_SIGNALING_PATHWAY	KEGG_MEDICUS_REFERENCE_EGF_EGFR_ACTIN_SIGNALING_PATHWAY		21	0.43286344	1.3585284	0.09947644	0.28196353	1.0	3570	tags=38%, list=24%, signal=50%	
REN_BOUND_BY_E2F	REN_BOUND_BY_E2F		52	0.34782964	1.3584669	0.075250834	0.28165987	1.0	5381	tags=42%, list=36%, signal=65%	
KEGG_CALCIUM_SIGNALING_PATHWAY	KEGG_CALCIUM_SIGNALING_PATHWAY		148	0.2911508	1.358442	0.031390134	0.28129247	1.0	4748	tags=45%, list=31%, signal=65%	
BOYAULT_LIVER_CANCER_SUBCLASS_G6_DN	BOYAULT_LIVER_CANCER_SUBCLASS_G6_DN		17	0.45110673	1.3578247	0.11599297	0.28193396	1.0	3749	tags=41%, list=25%, signal=55%	
GRAESSMANN_APOPTOSIS_BY_SERUM_DEPRIVATION_UP	GRAESSMANN_APOPTOSIS_BY_SERUM_DEPRIVATION_UP		484	0.2521937	1.3569686	0.0064850845	0.28310487	1.0	2778	tags=24%, list=18%, signal=28%	
REACTOME_ORC1_REMOVAL_FROM_CHROMATIN	REACTOME_ORC1_REMOVAL_FROM_CHROMATIN		54	0.34548435	1.3561912	0.07213115	0.28415537	1.0	4148	tags=33%, list=27%, signal=46%	
VALK_AML_CLUSTER_6	VALK_AML_CLUSTER_6		32	0.38585788	1.3549416	0.097039476	0.2861247	1.0	2934	tags=38%, list=19%, signal=46%	
VERHAAK_GLIOBLASTOMA_NEURAL	VERHAAK_GLIOBLASTOMA_NEURAL		113	0.3003189	1.3548175	0.053291537	0.28595334	1.0	3106	tags=29%, list=21%, signal=36%	
REACTOME_CASPASE_ACTIVATION_VIA_EXTRINSIC_APOPTOTIC_SIGNALLING_PATHWAY	REACTOME_CASPASE_ACTIVATION_VIA_EXTRINSIC_APOPTOTIC_SIGNALLING_PATHWAY		23	0.4254782	1.3544283	0.113274336	0.28622004	1.0	3040	tags=43%, list=20%, signal=54%	
DUTERTRE_ESTRADIOL_RESPONSE_24HR_DN	DUTERTRE_ESTRADIOL_RESPONSE_24HR_DN		464	0.2543031	1.3540745	0.0066225166	0.2864546	1.0	2743	tags=22%, list=18%, signal=27%	
TSENG_IRS1_TARGETS_UP	TSENG_IRS1_TARGETS_UP		104	0.30107436	1.3535475	0.04361874	0.2869747	1.0	2448	tags=25%, list=16%, signal=30%	
KRIEG_KDM3A_TARGETS_NOT_HYPOXIA	KRIEG_KDM3A_TARGETS_NOT_HYPOXIA		175	0.27895778	1.3530958	0.016793894	0.2874076	1.0	4550	tags=37%, list=30%, signal=52%	
BROWNE_HCMV_INFECTION_30MIN_UP	BROWNE_HCMV_INFECTION_30MIN_UP		44	0.3645995	1.3520677	0.07692308	0.28882557	1.0	4405	tags=48%, list=29%, signal=67%	
VALK_AML_CLUSTER_1	VALK_AML_CLUSTER_1		24	0.41466677	1.3513333	0.09314587	0.28969678	1.0	3130	tags=38%, list=21%, signal=47%	
BOYAULT_LIVER_CANCER_SUBCLASS_G123_DN	BOYAULT_LIVER_CANCER_SUBCLASS_G123_DN		43	0.36062092	1.351239	0.07325383	0.28945014	1.0	3848	tags=40%, list=25%, signal=53%	
MOOTHA_GLYCOLYSIS	MOOTHA_GLYCOLYSIS		19	0.43859765	1.3511332	0.10934744	0.28922838	1.0	3899	tags=53%, list=26%, signal=71%	
BIOCARTA_EICOSANOID_PATHWAY	BIOCARTA_EICOSANOID_PATHWAY		17	0.45332173	1.350877	0.13714285	0.2892699	1.0	3708	tags=47%, list=25%, signal=62%	
KEGG_PROTEASOME	KEGG_PROTEASOME		39	0.37061873	1.35085	0.09739131	0.2889115	1.0	1844	tags=21%, list=12%, signal=23%	
PID_IL8_CXCR2_PATHWAY	PID_IL8_CXCR2_PATHWAY		28	0.40277037	1.3505058	0.103690684	0.28911635	1.0	3649	tags=46%, list=24%, signal=61%	
KEGG_NUCLEOTIDE_EXCISION_REPAIR	KEGG_NUCLEOTIDE_EXCISION_REPAIR		41	0.36104196	1.3497659	0.09364548	0.29002342	1.0	2798	tags=29%, list=19%, signal=36%	
GROSS_HIF1A_TARGETS_DN	GROSS_HIF1A_TARGETS_DN		23	0.4178956	1.3495227	0.08614865	0.29002368	1.0	4921	tags=61%, list=33%, signal=90%	
SERVITJA_LIVER_HNF1A_TARGETS_UP	SERVITJA_LIVER_HNF1A_TARGETS_UP		117	0.29653257	1.3494465	0.038034864	0.2897634	1.0	5214	tags=44%, list=35%, signal=66%	
KEGG_PROPANOATE_METABOLISM	KEGG_PROPANOATE_METABOLISM		29	0.39304385	1.3491268	0.094017096	0.289931	1.0	5124	tags=52%, list=34%, signal=78%	
MIKKELSEN_IPS_ICP_WITH_H3K27ME3	MIKKELSEN_IPS_ICP_WITH_H3K27ME3		43	0.35243788	1.3486737	0.08103448	0.29027677	1.0	2538	tags=42%, list=17%, signal=50%	
PARK_HSC_MARKERS	PARK_HSC_MARKERS		40	0.3671696	1.3463782	0.074204944	0.29394296	1.0	1940	tags=20%, list=13%, signal=23%	
REACTOME_DETOXIFICATION_OF_REACTIVE_OXYGEN_SPECIES	REACTOME_DETOXIFICATION_OF_REACTIVE_OXYGEN_SPECIES		31	0.38118315	1.3460816	0.092307694	0.29406172	1.0	1774	tags=19%, list=12%, signal=22%	
ONDER_CDH1_TARGETS_1_UP	ONDER_CDH1_TARGETS_1_UP		122	0.29305065	1.3453482	0.043613706	0.29507393	1.0	2821	tags=25%, list=19%, signal=30%	
REACTOME_KERATAN_SULFATE_KERATIN_METABOLISM	REACTOME_KERATAN_SULFATE_KERATIN_METABOLISM		30	0.3855539	1.3441248	0.097345136	0.29686505	1.0	1740	tags=27%, list=12%, signal=30%	
LASTOWSKA_COAMPLIFIED_WITH_MYCN	LASTOWSKA_COAMPLIFIED_WITH_MYCN		37	0.36799145	1.3431069	0.10600707	0.29834753	1.0	4494	tags=41%, list=30%, signal=58%	
WANG_IMMORTALIZED_BY_HOXA9_AND_MEIS1_DN	WANG_IMMORTALIZED_BY_HOXA9_AND_MEIS1_DN		18	0.44735047	1.3425306	0.11028037	0.29900357	1.0	2697	tags=39%, list=18%, signal=47%	
ICHIBA_GRAFT_VERSUS_HOST_DISEASE_35D_UP	ICHIBA_GRAFT_VERSUS_HOST_DISEASE_35D_UP		102	0.29971227	1.3423016	0.04115854	0.29898193	1.0	4917	tags=44%, list=33%, signal=65%	
WINTER_HYPOXIA_DN	WINTER_HYPOXIA_DN		44	0.35322198	1.3422	0.0916955	0.29876226	1.0	2879	tags=34%, list=19%, signal=42%	
WP_GPCRS_CLASS_B_SECRETINLIKE	WP_GPCRS_CLASS_B_SECRETINLIKE		18	0.45020604	1.3418002	0.10726643	0.29913887	1.0	3315	tags=44%, list=22%, signal=57%	
YANG_BREAST_CANCER_ESR1_UP	YANG_BREAST_CANCER_ESR1_UP		29	0.39043653	1.3387877	0.11347517	0.30435103	1.0	3410	tags=45%, list=23%, signal=58%	
RUTELLA_RESPONSE_TO_HGF_VS_CSF2RB_AND_IL4_UP	RUTELLA_RESPONSE_TO_HGF_VS_CSF2RB_AND_IL4_UP		360	0.25583357	1.3377954	0.0054054055	0.3057934	1.0	3947	tags=31%, list=26%, signal=41%	
LU_TUMOR_ANGIOGENESIS_UP	LU_TUMOR_ANGIOGENESIS_UP		25	0.4033781	1.3376285	0.096885815	0.305688	1.0	3848	tags=44%, list=25%, signal=59%	
SMID_BREAST_CANCER_RELAPSE_IN_BONE_DN	SMID_BREAST_CANCER_RELAPSE_IN_BONE_DN		257	0.2666371	1.3372772	0.027142856	0.30592772	1.0	4287	tags=39%, list=28%, signal=53%	
BARRIER_CANCER_RELAPSE_NORMAL_SAMPLE_UP	BARRIER_CANCER_RELAPSE_NORMAL_SAMPLE_UP		26	0.40314516	1.336959	0.09947644	0.30610627	1.0	1051	tags=23%, list=7%, signal=25%	
BEGUM_TARGETS_OF_PAX3_FOXO1_FUSION_UP	BEGUM_TARGETS_OF_PAX3_FOXO1_FUSION_UP		56	0.33337176	1.3367511	0.06969206	0.306107	1.0	3199	tags=30%, list=21%, signal=38%	
KEGG_PROXIMAL_TUBULE_BICARBONATE_RECLAMATION	KEGG_PROXIMAL_TUBULE_BICARBONATE_RECLAMATION		22	0.40866205	1.3366976	0.121157326	0.30577216	1.0	1830	tags=27%, list=12%, signal=31%	
PLASARI_TGFB1_SIGNALING_VIA_NFIC_1HR_UP	PLASARI_TGFB1_SIGNALING_VIA_NFIC_1HR_UP		29	0.3917949	1.3364842	0.11815068	0.30577898	1.0	3460	tags=31%, list=23%, signal=40%	
WP_STRIATED_MUSCLE_CONTRACTION_PATHWAY	WP_STRIATED_MUSCLE_CONTRACTION_PATHWAY		24	0.40907976	1.3363055	0.100340135	0.30567837	1.0	3892	tags=46%, list=26%, signal=62%	
NAKAMURA_METASTASIS_MODEL_UP	NAKAMURA_METASTASIS_MODEL_UP		39	0.36312222	1.3355719	0.08967851	0.30665618	1.0	2278	tags=23%, list=15%, signal=27%	
REACTOME_MODULATION_OF_HOST_RESPONSES_BY_IFN_STIMULATED_GENES	REACTOME_MODULATION_OF_HOST_RESPONSES_BY_IFN_STIMULATED_GENES		18	0.440267	1.3345971	0.13035382	0.3081196	1.0	3743	tags=50%, list=25%, signal=66%	
CHICAS_RB1_TARGETS_CONFLUENT	CHICAS_RB1_TARGETS_CONFLUENT		494	0.24688631	1.333725	0.005376344	0.30938753	1.0	3032	tags=23%, list=20%, signal=27%	
BLANCO_MELO_MERS_COV_INFECTION_MCR5_CELLS_UP	BLANCO_MELO_MERS_COV_INFECTION_MCR5_CELLS_UP		240	0.26696432	1.3336725	0.02690583	0.30906484	1.0	3194	tags=29%, list=21%, signal=36%	
KEGG_HEMATOPOIETIC_CELL_LINEAGE	KEGG_HEMATOPOIETIC_CELL_LINEAGE		52	0.34038714	1.3326018	0.09045226	0.3107385	1.0	2908	tags=31%, list=19%, signal=38%	
LIU_SMARCA4_TARGETS	LIU_SMARCA4_TARGETS		40	0.36146995	1.3322052	0.088926174	0.31106535	1.0	2790	tags=30%, list=18%, signal=37%	
HU_ANGIOGENESIS_DN	HU_ANGIOGENESIS_DN		33	0.3738964	1.3321433	0.103270225	0.31075558	1.0	2802	tags=27%, list=19%, signal=33%	
REACTOME_RA_BIOSYNTHESIS_PATHWAY	REACTOME_RA_BIOSYNTHESIS_PATHWAY		17	0.45106792	1.3319459	0.11681416	0.31070876	1.0	2691	tags=35%, list=18%, signal=43%	
RICKMAN_HEAD_AND_NECK_CANCER_D	RICKMAN_HEAD_AND_NECK_CANCER_D		21	0.42855278	1.3319364	0.14612676	0.31030187	1.0	3429	tags=52%, list=23%, signal=68%	
BOQUEST_STEM_CELL_DN	BOQUEST_STEM_CELL_DN		190	0.27279037	1.3318621	0.031976745	0.3100281	1.0	2697	tags=26%, list=18%, signal=32%	
REACTOME_GLUCOSE_METABOLISM	REACTOME_GLUCOSE_METABOLISM		74	0.31485748	1.3301158	0.06603774	0.31300917	1.0	5095	tags=50%, list=34%, signal=75%	
PYEON_CANCER_HEAD_AND_NECK_VS_CERVICAL_UP	PYEON_CANCER_HEAD_AND_NECK_VS_CERVICAL_UP		174	0.27873847	1.3301011	0.029096479	0.31261322	1.0	4402	tags=34%, list=29%, signal=47%	
MONNIER_POSTRADIATION_TUMOR_ESCAPE_DN	MONNIER_POSTRADIATION_TUMOR_ESCAPE_DN		350	0.255137	1.3300136	0.009345794	0.3123856	1.0	4925	tags=38%, list=33%, signal=55%	
TARTE_PLASMA_CELL_VS_PLASMABLAST_UP	TARTE_PLASMA_CELL_VS_PLASMABLAST_UP		284	0.2599484	1.3298974	0.018571429	0.31219387	1.0	3671	tags=32%, list=24%, signal=41%	
JINESH_BLEBBISHIELD_VS_LIVE_CONTROL_DN	JINESH_BLEBBISHIELD_VS_LIVE_CONTROL_DN		246	0.26474664	1.3298666	0.01627219	0.31182316	1.0	3698	tags=31%, list=24%, signal=41%	
BLANCO_MELO_COVID19_SARS_COV_2_INFECTION_CALU3_CELLS_DN	BLANCO_MELO_COVID19_SARS_COV_2_INFECTION_CALU3_CELLS_DN		20	0.42066693	1.3295093	0.13944954	0.31209245	1.0	3837	tags=50%, list=25%, signal=67%	
SAUL_SEN_MAYO	SAUL_SEN_MAYO		103	0.29682043	1.3288203	0.06430868	0.31299937	1.0	3667	tags=32%, list=24%, signal=42%	
ROESSLER_LIVER_CANCER_METASTASIS_UP	ROESSLER_LIVER_CANCER_METASTASIS_UP		88	0.30884656	1.3285521	0.062801935	0.31308022	1.0	3336	tags=30%, list=22%, signal=38%	
TORCHIA_TARGETS_OF_EWSR1_FLI1_FUSION_DN	TORCHIA_TARGETS_OF_EWSR1_FLI1_FUSION_DN		278	0.26082355	1.3278158	0.017021276	0.31407037	1.0	3893	tags=34%, list=26%, signal=45%	
REACTOME_PYROPTOSIS	REACTOME_PYROPTOSIS		24	0.40427163	1.3276737	0.122180454	0.31392285	1.0	2244	tags=29%, list=15%, signal=34%	
ZHAN_MULTIPLE_MYELOMA_CD2_DN	ZHAN_MULTIPLE_MYELOMA_CD2_DN		42	0.35110193	1.3272094	0.09090909	0.31436816	1.0	4216	tags=36%, list=28%, signal=49%	
SHIPP_DLBCL_VS_FOLLICULAR_LYMPHOMA_DN	SHIPP_DLBCL_VS_FOLLICULAR_LYMPHOMA_DN		31	0.3824696	1.3269602	0.10918544	0.31442982	1.0	4290	tags=52%, list=28%, signal=72%	
REACTOME_SLC_MEDIATED_TRANSMEMBRANE_TRANSPORT	REACTOME_SLC_MEDIATED_TRANSMEMBRANE_TRANSPORT		195	0.2704803	1.3263258	0.036873158	0.31523132	1.0	3442	tags=30%, list=23%, signal=39%	
MCBRYAN_PUBERTAL_BREAST_6_7WK_DN	MCBRYAN_PUBERTAL_BREAST_6_7WK_DN		65	0.326339	1.3262514	0.073089704	0.31496376	1.0	4888	tags=43%, list=32%, signal=63%	
GARGALOVIC_RESPONSE_TO_OXIDIZED_PHOSPHOLIPIDS_BLACK_UP	GARGALOVIC_RESPONSE_TO_OXIDIZED_PHOSPHOLIPIDS_BLACK_UP		31	0.38149896	1.3258427	0.10472973	0.31534016	1.0	3351	tags=32%, list=22%, signal=41%	
LINDSTEDT_DENDRITIC_CELL_MATURATION_A	LINDSTEDT_DENDRITIC_CELL_MATURATION_A		50	0.34231502	1.3246684	0.07804878	0.3172369	1.0	3743	tags=42%, list=25%, signal=56%	
BURTON_ADIPOGENESIS_6	BURTON_ADIPOGENESIS_6		172	0.2740803	1.3232391	0.036443148	0.3195635	1.0	4799	tags=37%, list=32%, signal=53%	
WP_NUCLEAR_RECEPTORS_METAPATHWAY	WP_NUCLEAR_RECEPTORS_METAPATHWAY		239	0.26494005	1.3230463	0.026573427	0.3195013	1.0	3652	tags=30%, list=24%, signal=39%	
CROMER_TUMORIGENESIS_UP	CROMER_TUMORIGENESIS_UP		47	0.33937138	1.3210158	0.090443686	0.32299426	1.0	3359	tags=36%, list=22%, signal=46%	
GOLDRATH_ANTIGEN_RESPONSE	GOLDRATH_ANTIGEN_RESPONSE		296	0.2570439	1.3206121	0.022988506	0.32339337	1.0	5163	tags=41%, list=34%, signal=60%	
WP_METABOLIC_REPROGRAMMING_IN_COLON_CANCER	WP_METABOLIC_REPROGRAMMING_IN_COLON_CANCER		39	0.35862976	1.3199811	0.091362126	0.3241208	1.0	5292	tags=49%, list=35%, signal=75%	
MURAKAMI_UV_RESPONSE_6HR_DN	MURAKAMI_UV_RESPONSE_6HR_DN		20	0.41739437	1.3183038	0.12998267	0.32701415	1.0	3258	tags=40%, list=22%, signal=51%	
PID_GLYPICAN_1PATHWAY	PID_GLYPICAN_1PATHWAY		23	0.40834907	1.3166945	0.11962617	0.32982644	1.0	3848	tags=43%, list=25%, signal=58%	
POOLA_INVASIVE_BREAST_CANCER_DN	POOLA_INVASIVE_BREAST_CANCER_DN		115	0.29197347	1.3163254	0.055900622	0.3300719	1.0	4447	tags=45%, list=29%, signal=64%	
BERENJENO_ROCK_SIGNALING_NOT_VIA_RHOA_DN	BERENJENO_ROCK_SIGNALING_NOT_VIA_RHOA_DN		40	0.35871533	1.3162624	0.08303887	0.32977042	1.0	850	tags=13%, list=6%, signal=13%	
REACTOME_CLASS_B_2_SECRETIN_FAMILY_RECEPTORS	REACTOME_CLASS_B_2_SECRETIN_FAMILY_RECEPTORS		73	0.31350547	1.3151942	0.065318815	0.33154362	1.0	3333	tags=36%, list=22%, signal=45%	
HENDRICKS_SMARCA4_TARGETS_DN	HENDRICKS_SMARCA4_TARGETS_DN		37	0.36089945	1.3145738	0.11340206	0.3323265	1.0	3096	tags=35%, list=20%, signal=44%	
KEGG_PYRUVATE_METABOLISM	KEGG_PYRUVATE_METABOLISM		34	0.36840904	1.3131278	0.09152542	0.3349001	1.0	4262	tags=47%, list=28%, signal=65%	
REACTOME_INITIAL_TRIGGERING_OF_COMPLEMENT	REACTOME_INITIAL_TRIGGERING_OF_COMPLEMENT		16	0.44923446	1.3130692	0.12862319	0.33458036	1.0	4955	tags=69%, list=33%, signal=102%	
REACTOME_SENSORY_PERCEPTION	REACTOME_SENSORY_PERCEPTION		177	0.27240115	1.313017	0.033898305	0.33424243	1.0	2154	tags=22%, list=14%, signal=25%	
YANG_BREAST_CANCER_ESR1_LASER_DN	YANG_BREAST_CANCER_ESR1_LASER_DN		42	0.34702337	1.3129314	0.114922814	0.3339636	1.0	2796	tags=29%, list=19%, signal=35%	
FARDIN_HYPOXIA_11	FARDIN_HYPOXIA_11		30	0.38800454	1.3113067	0.12943262	0.33688933	1.0	4943	tags=53%, list=33%, signal=79%	
WESTON_VEGFA_TARGETS_3HR	WESTON_VEGFA_TARGETS_3HR		59	0.31953853	1.3104982	0.090614885	0.33805305	1.0	3339	tags=32%, list=22%, signal=41%	
SMIRNOV_RESPONSE_TO_IR_2HR_DN	SMIRNOV_RESPONSE_TO_IR_2HR_DN		51	0.33297107	1.3101299	0.09375	0.33838004	1.0	4562	tags=43%, list=30%, signal=62%	
RODWELL_AGING_KIDNEY_NO_BLOOD_UP	RODWELL_AGING_KIDNEY_NO_BLOOD_UP		193	0.26987717	1.3101066	0.04398827	0.3379864	1.0	2322	tags=21%, list=15%, signal=24%	
MANALO_HYPOXIA_UP	MANALO_HYPOXIA_UP		188	0.27080503	1.3093777	0.032496307	0.33895966	1.0	2783	tags=22%, list=18%, signal=26%	
VART_KSHV_INFECTION_ANGIOGENIC_MARKERS_UP	VART_KSHV_INFECTION_ANGIOGENIC_MARKERS_UP		132	0.2853852	1.3092511	0.05320814	0.3387548	1.0	3859	tags=33%, list=26%, signal=44%	
REACTOME_RESOLUTION_OF_D_LOOP_STRUCTURES_THROUGH_SYNTHESIS_DEPENDENT_STRAND_ANNEALING_SDSA	REACTOME_RESOLUTION_OF_D_LOOP_STRUCTURES_THROUGH_SYNTHESIS_DEPENDENT_STRAND_ANNEALING_SDSA		21	0.41484636	1.3079783	0.13275862	0.34088874	1.0	5252	tags=52%, list=35%, signal=80%	
PEREZ_TP63_TARGETS	PEREZ_TP63_TARGETS		302	0.25481743	1.3076816	0.021008404	0.341058	1.0	3507	tags=29%, list=23%, signal=38%	
KEGG_NICOTINATE_AND_NICOTINAMIDE_METABOLISM	KEGG_NICOTINATE_AND_NICOTINAMIDE_METABOLISM		20	0.4188691	1.3075984	0.11735537	0.34078535	1.0	2422	tags=30%, list=16%, signal=36%	
VALK_AML_CLUSTER_3	VALK_AML_CLUSTER_3		32	0.37148157	1.3064337	0.13057852	0.34271577	1.0	2748	tags=34%, list=18%, signal=42%	
MURAKAMI_UV_RESPONSE_24HR	MURAKAMI_UV_RESPONSE_24HR		17	0.43329525	1.3061761	0.13568774	0.34284055	1.0	2937	tags=35%, list=19%, signal=44%	
PROVENZANI_METASTASIS_DN	PROVENZANI_METASTASIS_DN		124	0.2837838	1.3054104	0.060747664	0.34398615	1.0	3258	tags=31%, list=22%, signal=39%	
REACTOME_NUCLEOTIDE_SALVAGE	REACTOME_NUCLEOTIDE_SALVAGE		20	0.4183733	1.3046497	0.1271777	0.3451113	1.0	4230	tags=45%, list=28%, signal=62%	
YU_BAP1_TARGETS	YU_BAP1_TARGETS		27	0.38647208	1.3045713	0.13227513	0.34481525	1.0	1933	tags=22%, list=13%, signal=25%	
LI_ESTROGENE_MCF7_E2_RESPONSE_UP	LI_ESTROGENE_MCF7_E2_RESPONSE_UP		44	0.34677556	1.3044031	0.09705373	0.34469935	1.0	3135	tags=39%, list=21%, signal=49%	
REACTOME_DISORDERS_OF_TRANSMEMBRANE_TRANSPORTERS	REACTOME_DISORDERS_OF_TRANSMEMBRANE_TRANSPORTERS		141	0.28104335	1.3041627	0.038580246	0.34475067	1.0	3166	tags=26%, list=21%, signal=32%	
WP_CELL_INTERACTIONS_IN_PANCREATIC_CANCER_MICROENVIRONMENT	WP_CELL_INTERACTIONS_IN_PANCREATIC_CANCER_MICROENVIRONMENT		18	0.4255474	1.3039839	0.15183246	0.34471262	1.0	3109	tags=39%, list=21%, signal=49%	
WP_ENDOTHELIN_PATHWAYS	WP_ENDOTHELIN_PATHWAYS		28	0.38014734	1.3035185	0.1344383	0.3452301	1.0	3964	tags=43%, list=26%, signal=58%	
REACTOME_METABOLISM_OF_VITAMINS_AND_COFACTORS	REACTOME_METABOLISM_OF_VITAMINS_AND_COFACTORS		159	0.27488956	1.3033036	0.0515625	0.34521857	1.0	3044	tags=27%, list=20%, signal=34%	
LINDVALL_IMMORTALIZED_BY_TERT_UP	LINDVALL_IMMORTALIZED_BY_TERT_UP		59	0.32309815	1.303249	0.08888889	0.3449045	1.0	3145	tags=31%, list=21%, signal=38%	
PEDERSEN_METASTASIS_BY_ERBB2_ISOFORM_4	PEDERSEN_METASTASIS_BY_ERBB2_ISOFORM_4		91	0.29672515	1.3027229	0.07765452	0.34554058	1.0	3449	tags=30%, list=23%, signal=38%	
TOMIDA_METASTASIS_DN	TOMIDA_METASTASIS_DN		18	0.43859485	1.3017904	0.14545454	0.34705552	1.0	5107	tags=61%, list=34%, signal=92%	
WP_GENES_RELATED_TO_PRIMARY_CILIUM_DEVELOPMENT_BASED_ON_CRISPR	WP_GENES_RELATED_TO_PRIMARY_CILIUM_DEVELOPMENT_BASED_ON_CRISPR		99	0.29296887	1.3014286	0.06885759	0.34735185	1.0	4987	tags=43%, list=33%, signal=64%	
FONTAINE_PAPILLARY_THYROID_CARCINOMA_DN	FONTAINE_PAPILLARY_THYROID_CARCINOMA_DN		61	0.31894022	1.3007674	0.10217755	0.34826636	1.0	2556	tags=26%, list=17%, signal=31%	
WP_NETWORK_MAP_OF_SARSCOV2_SIGNALING	WP_NETWORK_MAP_OF_SARSCOV2_SIGNALING		188	0.26427573	1.2999227	0.044444446	0.3496753	1.0	3671	tags=31%, list=24%, signal=41%	
MA_RAT_AGING_UP	MA_RAT_AGING_UP		89	0.29330194	1.299416	0.08646003	0.35022858	1.0	3878	tags=40%, list=26%, signal=54%	
REACTOME_SIGNALING_BY_ALK	REACTOME_SIGNALING_BY_ALK		22	0.41083255	1.2989217	0.13937283	0.35085312	1.0	1138	tags=23%, list=8%, signal=25%	
ZWANG_CLASS_1_TRANSIENTLY_INDUCED_BY_EGF	ZWANG_CLASS_1_TRANSIENTLY_INDUCED_BY_EGF		423	0.2436729	1.2982922	0.013550135	0.35176665	1.0	2836	tags=22%, list=19%, signal=27%	
KEGG_MEDICUS_REFERENCE_ITGA_B_RHOGEF_RHOA_SIGNALING_PATHWAY	KEGG_MEDICUS_REFERENCE_ITGA_B_RHOGEF_RHOA_SIGNALING_PATHWAY		22	0.405003	1.2982728	0.12972973	0.35136145	1.0	1588	tags=18%, list=11%, signal=20%	
LINDGREN_BLADDER_CANCER_CLUSTER_3_UP	LINDGREN_BLADDER_CANCER_CLUSTER_3_UP		299	0.25181523	1.2975928	0.019498607	0.35228458	1.0	4562	tags=34%, list=30%, signal=47%	
GAVIN_FOXP3_TARGETS_CLUSTER_P3	GAVIN_FOXP3_TARGETS_CLUSTER_P3		133	0.28216472	1.2975022	0.079147644	0.3520117	1.0	3220	tags=32%, list=21%, signal=40%	
WP_TH17_CELL_DIFFERENTIATION_PATHWAY	WP_TH17_CELL_DIFFERENTIATION_PATHWAY		45	0.3365609	1.2974819	0.1024735	0.35161826	1.0	3451	tags=31%, list=23%, signal=40%	
WP_TYPE_I_INTERFERON_INDUCTION_AND_SIGNALING_DURING_SARSCOV2_INFECTION	WP_TYPE_I_INTERFERON_INDUCTION_AND_SIGNALING_DURING_SARSCOV2_INFECTION		25	0.39901045	1.2974405	0.13309982	0.35127676	1.0	2486	tags=36%, list=16%, signal=43%	
MEBARKI_HCC_PROGENITOR_WNT_DN_CTNNB1_DEPENDENT	MEBARKI_HCC_PROGENITOR_WNT_DN_CTNNB1_DEPENDENT		25	0.38625866	1.2969141	0.14051095	0.3519044	1.0	4619	tags=60%, list=31%, signal=86%	
WANG_SMARCE1_TARGETS_UP	WANG_SMARCE1_TARGETS_UP		273	0.2572289	1.2968762	0.018597998	0.35154507	1.0	4389	tags=34%, list=29%, signal=48%	
REACTOME_SIGNALING_BY_RETINOIC_ACID	REACTOME_SIGNALING_BY_RETINOIC_ACID		34	0.36282822	1.2960583	0.14109348	0.3527471	1.0	1945	tags=24%, list=13%, signal=27%	
REACTOME_ACYL_CHAIN_REMODELLING_OF_PC	REACTOME_ACYL_CHAIN_REMODELLING_OF_PC		21	0.4089858	1.2959439	0.14333333	0.35253975	1.0	5876	tags=67%, list=39%, signal=109%	
DELYS_THYROID_CANCER_DN	DELYS_THYROID_CANCER_DN		200	0.2627393	1.2958717	0.0382263	0.3522433	1.0	4354	tags=38%, list=29%, signal=53%	
REACTOME_NEUTROPHIL_DEGRANULATION	REACTOME_NEUTROPHIL_DEGRANULATION		377	0.24639653	1.2958386	0.024	0.35188165	1.0	3940	tags=32%, list=26%, signal=42%	
REACTOME_ACYL_CHAIN_REMODELLING_OF_PE	REACTOME_ACYL_CHAIN_REMODELLING_OF_PE		23	0.40903658	1.295124	0.10865562	0.3530026	1.0	5239	tags=57%, list=35%, signal=86%	
SILIGAN_TARGETS_OF_EWS_FLI1_FUSION_DN	SILIGAN_TARGETS_OF_EWS_FLI1_FUSION_DN		16	0.4489656	1.2947248	0.16814159	0.3534188	1.0	2471	tags=38%, list=16%, signal=45%	
KIM_LIVER_CANCER_POOR_SURVIVAL_DN	KIM_LIVER_CANCER_POOR_SURVIVAL_DN		31	0.36846668	1.2945265	0.12020906	0.3533773	1.0	3369	tags=35%, list=22%, signal=46%	
NICK_RESPONSE_TO_PROC_TREATMENT_DN	NICK_RESPONSE_TO_PROC_TREATMENT_DN		22	0.39981046	1.293946	0.1498195	0.3541567	1.0	4520	tags=50%, list=30%, signal=71%	
MARKEY_RB1_CHRONIC_LOF_DN	MARKEY_RB1_CHRONIC_LOF_DN		94	0.2913506	1.2936318	0.08125	0.35437956	1.0	3203	tags=32%, list=21%, signal=40%	
KIM_GLIS2_TARGETS_UP	KIM_GLIS2_TARGETS_UP		69	0.31001955	1.2931939	0.08139535	0.35486746	1.0	3095	tags=28%, list=20%, signal=34%	
ZHAN_MULTIPLE_MYELOMA_CD1_VS_CD2_UP	ZHAN_MULTIPLE_MYELOMA_CD1_VS_CD2_UP		57	0.3245716	1.2919348	0.09326425	0.3571577	1.0	2057	tags=23%, list=14%, signal=26%	
PID_EPHA_FWDPATHWAY	PID_EPHA_FWDPATHWAY		30	0.3706372	1.2915912	0.12136752	0.35746405	1.0	4897	tags=53%, list=32%, signal=79%	
KOHOUTEK_CCNT2_TARGETS	KOHOUTEK_CCNT2_TARGETS		49	0.33770895	1.2905909	0.10750853	0.35921595	1.0	2393	tags=27%, list=16%, signal=31%	
SAMOLS_TARGETS_OF_KHSV_MIRNAS_DN	SAMOLS_TARGETS_OF_KHSV_MIRNAS_DN		52	0.32422173	1.2902566	0.10998308	0.3594819	1.0	3083	tags=31%, list=20%, signal=39%	
WANG_ADIPOGENIC_GENES_REPRESSED_BY_SIRT1	WANG_ADIPOGENIC_GENES_REPRESSED_BY_SIRT1		24	0.3909095	1.2901899	0.1294964	0.35919514	1.0	4372	tags=42%, list=29%, signal=59%	
SWEET_LUNG_CANCER_KRAS_DN	SWEET_LUNG_CANCER_KRAS_DN		346	0.24676998	1.2894315	0.023097826	0.36031872	1.0	3258	tags=26%, list=22%, signal=32%	
JI_RESPONSE_TO_FSH_UP	JI_RESPONSE_TO_FSH_UP		57	0.31880876	1.2893811	0.102819234	0.3599916	1.0	4008	tags=35%, list=27%, signal=48%	
WORSCHECH_TUMOR_EVASION_AND_TOLEROGENICITY_UP	WORSCHECH_TUMOR_EVASION_AND_TOLEROGENICITY_UP		19	0.4159231	1.2893561	0.17166667	0.35960406	1.0	3666	tags=47%, list=24%, signal=62%	
WP_NEOVASCULARIZATION_PROCESSES	WP_NEOVASCULARIZATION_PROCESSES		31	0.37012926	1.2893435	0.12587413	0.35919932	1.0	3671	tags=35%, list=24%, signal=47%	
KEGG_ETHER_LIPID_METABOLISM	KEGG_ETHER_LIPID_METABOLISM		27	0.38627404	1.2890794	0.14337568	0.35930464	1.0	3628	tags=41%, list=24%, signal=54%	
ACEVEDO_LIVER_CANCER_WITH_H3K9ME3_UP	ACEVEDO_LIVER_CANCER_WITH_H3K9ME3_UP		94	0.2957126	1.2889612	0.08360129	0.35910556	1.0	4146	tags=41%, list=27%, signal=57%	
NABA_SECRETED_FACTORS	NABA_SECRETED_FACTORS		225	0.25776458	1.28891	0.045845274	0.3587863	1.0	4127	tags=36%, list=27%, signal=49%	
REACTOME_PARACETAMOL_ADME	REACTOME_PARACETAMOL_ADME		19	0.41799268	1.2888293	0.13333334	0.3585378	1.0	1011	tags=21%, list=7%, signal=23%	
WP_HIPPOMERLIN_SIGNALING_DYSREGULATION	WP_HIPPOMERLIN_SIGNALING_DYSREGULATION		106	0.28400645	1.2880812	0.083333336	0.3597053	1.0	1621	tags=20%, list=11%, signal=22%	
MULLIGHAN_NPM1_MUTATED_SIGNATURE_2_UP	MULLIGHAN_NPM1_MUTATED_SIGNATURE_2_UP		116	0.28316188	1.287742	0.06612903	0.3599785	1.0	4105	tags=32%, list=27%, signal=43%	
STEARMAN_TUMOR_FIELD_EFFECT_UP	STEARMAN_TUMOR_FIELD_EFFECT_UP		28	0.3773874	1.287722	0.12227806	0.3595868	1.0	3658	tags=46%, list=24%, signal=61%	
JIANG_MELANOMA_TRM2_CD8	JIANG_MELANOMA_TRM2_CD8		102	0.28835583	1.2874576	0.06959153	0.35974154	1.0	3569	tags=33%, list=24%, signal=43%	
CUI_TCF21_TARGETS_UP	CUI_TCF21_TARGETS_UP		31	0.35537714	1.286491	0.14507772	0.3613485	1.0	4151	tags=52%, list=27%, signal=71%	
REACTOME_ABC_FAMILY_PROTEINS_MEDIATED_TRANSPORT	REACTOME_ABC_FAMILY_PROTEINS_MEDIATED_TRANSPORT		85	0.29859728	1.286297	0.06873977	0.36129874	1.0	2105	tags=18%, list=14%, signal=20%	
RUIZ_TNC_TARGETS_UP	RUIZ_TNC_TARGETS_UP		144	0.2735914	1.2860157	0.05666156	0.36148167	1.0	3146	tags=28%, list=21%, signal=35%	
GRAHAM_NORMAL_QUIESCENT_VS_NORMAL_DIVIDING_UP	GRAHAM_NORMAL_QUIESCENT_VS_NORMAL_DIVIDING_UP		53	0.32110164	1.2853799	0.108013935	0.3624934	1.0	4585	tags=40%, list=30%, signal=57%	
GUENTHER_GROWTH_SPHERICAL_VS_ADHERENT_DN	GUENTHER_GROWTH_SPHERICAL_VS_ADHERENT_DN		23	0.40006408	1.2853673	0.13333334	0.36208034	1.0	4825	tags=39%, list=32%, signal=57%	
KEGG_ALPHA_LINOLENIC_ACID_METABOLISM	KEGG_ALPHA_LINOLENIC_ACID_METABOLISM		15	0.44377244	1.2837384	0.18165137	0.36514428	1.0	4833	tags=47%, list=32%, signal=69%	
MOHANKUMAR_HOXA1_TARGETS_DN	MOHANKUMAR_HOXA1_TARGETS_DN		139	0.27386212	1.2833081	0.07205883	0.36563918	1.0	3626	tags=32%, list=24%, signal=41%	
WU_APOPTOSIS_BY_CDKN1A_VIA_TP53	WU_APOPTOSIS_BY_CDKN1A_VIA_TP53		48	0.33115447	1.283166	0.10897436	0.36549336	1.0	5647	tags=52%, list=37%, signal=83%	
KARLSSON_TGFB1_TARGETS_DN	KARLSSON_TGFB1_TARGETS_DN		173	0.26607525	1.2828695	0.059435364	0.36569354	1.0	2834	tags=26%, list=19%, signal=32%	
PLASARI_TGFB1_TARGETS_10HR_UP	PLASARI_TGFB1_TARGETS_10HR_UP		173	0.26547202	1.2811188	0.05755396	0.3690367	1.0	4426	tags=36%, list=29%, signal=51%	
BOYAULT_LIVER_CANCER_SUBCLASS_G23_UP	BOYAULT_LIVER_CANCER_SUBCLASS_G23_UP		49	0.33075887	1.2807071	0.119170986	0.3694935	1.0	5058	tags=47%, list=33%, signal=70%	
REACTOME_CYCLIN_A_B1_B2_ASSOCIATED_EVENTS_DURING_G2_M_TRANSITION	REACTOME_CYCLIN_A_B1_B2_ASSOCIATED_EVENTS_DURING_G2_M_TRANSITION		29	0.3683345	1.2806021	0.13454546	0.36929	1.0	4058	tags=41%, list=27%, signal=56%	
ZHAN_MULTIPLE_MYELOMA_CD1_DN	ZHAN_MULTIPLE_MYELOMA_CD1_DN		42	0.34024945	1.2805359	0.11744966	0.36898118	1.0	2391	tags=24%, list=16%, signal=28%	
REACTOME_RESPONSE_TO_ELEVATED_PLATELET_CYTOSOLIC_CA2	REACTOME_RESPONSE_TO_ELEVATED_PLATELET_CYTOSOLIC_CA2		114	0.28440344	1.2801659	0.07861635	0.36936045	1.0	2632	tags=20%, list=17%, signal=24%	
BENPORATH_PROLIFERATION	BENPORATH_PROLIFERATION		136	0.27438378	1.2793162	0.06927711	0.3707143	1.0	5637	tags=43%, list=37%, signal=67%	
REACTOME_TRANSCRIPTIONAL_REGULATION_OF_PLURIPOTENT_STEM_CELLS	REACTOME_TRANSCRIPTIONAL_REGULATION_OF_PLURIPOTENT_STEM_CELLS		22	0.39928663	1.2790949	0.14629948	0.37074083	1.0	4354	tags=45%, list=29%, signal=64%	
ZHANG_GATA6_TARGETS_DN	ZHANG_GATA6_TARGETS_DN		58	0.31441402	1.2788539	0.11320755	0.37086162	1.0	1666	tags=26%, list=11%, signal=29%	
TONKS_TARGETS_OF_RUNX1_RUNX1T1_FUSION_SUSTAINDED_IN_ERYTHROCYTE_UP	TONKS_TARGETS_OF_RUNX1_RUNX1T1_FUSION_SUSTAINDED_IN_ERYTHROCYTE_UP		40	0.34521613	1.2788477	0.13197969	0.37043744	1.0	3878	tags=43%, list=26%, signal=57%	
HOOI_ST7_TARGETS_UP	HOOI_ST7_TARGETS_UP		84	0.2971083	1.2787623	0.08943089	0.37017745	1.0	2927	tags=31%, list=19%, signal=38%	
LEE_LIVER_CANCER_MYC_DN	LEE_LIVER_CANCER_MYC_DN		47	0.3372097	1.2770468	0.13311148	0.37341136	1.0	3514	tags=30%, list=23%, signal=39%	
REACTOME_REGULATION_OF_KIT_SIGNALING	REACTOME_REGULATION_OF_KIT_SIGNALING		16	0.43067178	1.2766297	0.17095588	0.37388745	1.0	4474	tags=50%, list=30%, signal=71%	
CAIRO_LIVER_DEVELOPMENT_DN	CAIRO_LIVER_DEVELOPMENT_DN		178	0.26697856	1.2759607	0.04888889	0.37490273	1.0	2885	tags=25%, list=19%, signal=31%	
PID_CD8_TCR_DOWNSTREAM_PATHWAY	PID_CD8_TCR_DOWNSTREAM_PATHWAY		37	0.3500397	1.2750056	0.12871288	0.3765612	1.0	964	tags=19%, list=6%, signal=20%	
MORI_SMALL_PRE_BII_LYMPHOCYTE_DN	MORI_SMALL_PRE_BII_LYMPHOCYTE_DN		66	0.3103095	1.2744061	0.110032365	0.3774405	1.0	4035	tags=38%, list=27%, signal=51%	
GILDEA_METASTASIS	GILDEA_METASTASIS		26	0.38259247	1.2740543	0.1451049	0.3777906	1.0	3339	tags=31%, list=22%, signal=39%	
ZWANG_EGF_INTERVAL_DN	ZWANG_EGF_INTERVAL_DN		184	0.2618708	1.2737049	0.05523256	0.3780625	1.0	2476	tags=22%, list=16%, signal=26%	
XU_AKT1_TARGETS_6HR	XU_AKT1_TARGETS_6HR		22	0.39533654	1.2734044	0.15724382	0.37831488	1.0	3974	tags=45%, list=26%, signal=62%	
VARELA_ZMPSTE24_TARGETS_UP	VARELA_ZMPSTE24_TARGETS_UP		34	0.3560885	1.2732198	0.14260249	0.37827116	1.0	695	tags=18%, list=5%, signal=18%	
NAKAYAMA_SOFT_TISSUE_TUMORS_PCA2_DN	NAKAYAMA_SOFT_TISSUE_TUMORS_PCA2_DN		67	0.30743974	1.2722404	0.12091503	0.38006997	1.0	4312	tags=42%, list=29%, signal=58%	
HUMMERICH_SKIN_CANCER_PROGRESSION_DN	HUMMERICH_SKIN_CANCER_PROGRESSION_DN		88	0.29415706	1.2718395	0.09546926	0.380492	1.0	4666	tags=42%, list=31%, signal=60%	
WANG_NFKB_TARGETS	WANG_NFKB_TARGETS		17	0.42236567	1.2713366	0.16571428	0.3811641	1.0	5416	tags=76%, list=36%, signal=119%	
REACTOME_STRIATED_MUSCLE_CONTRACTION	REACTOME_STRIATED_MUSCLE_CONTRACTION		23	0.3988414	1.2713245	0.14874552	0.3807489	1.0	4338	tags=57%, list=29%, signal=79%	
BURTON_ADIPOGENESIS_10	BURTON_ADIPOGENESIS_10		26	0.38250723	1.2707837	0.14361702	0.38150492	1.0	2373	tags=31%, list=16%, signal=36%	
GRABARCZYK_BCL11B_TARGETS_UP	GRABARCZYK_BCL11B_TARGETS_UP		65	0.30540723	1.270664	0.118530884	0.3813152	1.0	1700	tags=18%, list=11%, signal=21%	
ODONNELL_METASTASIS_DN	ODONNELL_METASTASIS_DN		23	0.39168876	1.2704155	0.16906475	0.3814421	1.0	4361	tags=35%, list=29%, signal=49%	
MULLIGHAN_MLL_SIGNATURE_1_UP	MULLIGHAN_MLL_SIGNATURE_1_UP		337	0.24229188	1.2698718	0.03840878	0.3821928	1.0	2454	tags=20%, list=16%, signal=23%	
SEAVEY_EPITHELIOID_HEMANGIOENDOTHELIOMA	SEAVEY_EPITHELIOID_HEMANGIOENDOTHELIOMA		83	0.29428238	1.2693076	0.09819967	0.38294253	1.0	1470	tags=18%, list=10%, signal=20%	
WP_AMPLIFICATION_AND_EXPANSION_OF_ONCOGENIC_PATHWAYS_AS_METASTATIC_TRAITS	WP_AMPLIFICATION_AND_EXPANSION_OF_ONCOGENIC_PATHWAYS_AS_METASTATIC_TRAITS		15	0.43633413	1.268437	0.18198198	0.38446018	1.0	2284	tags=33%, list=15%, signal=39%	
PAL_PRMT5_TARGETS_DN	PAL_PRMT5_TARGETS_DN		24	0.39126632	1.2676259	0.14625229	0.38575467	1.0	3561	tags=38%, list=24%, signal=49%	
MCCABE_HOXC6_TARGETS_CANCER_DN	MCCABE_HOXC6_TARGETS_CANCER_DN		19	0.4006801	1.2672104	0.16176471	0.3862862	1.0	821	tags=16%, list=5%, signal=17%	
WP_PROSTAGLANDIN_SIGNALING	WP_PROSTAGLANDIN_SIGNALING		23	0.3891882	1.2671169	0.17793594	0.3860468	1.0	3708	tags=43%, list=25%, signal=58%	
ROY_WOUND_BLOOD_VESSEL_DN	ROY_WOUND_BLOOD_VESSEL_DN		20	0.40572524	1.2671146	0.16300367	0.38561153	1.0	4125	tags=50%, list=27%, signal=69%	
BREDEMEYER_RAG_SIGNALING_VIA_ATM_NOT_VIA_NFKB_DN	BREDEMEYER_RAG_SIGNALING_VIA_ATM_NOT_VIA_NFKB_DN		35	0.35304865	1.2666106	0.12991454	0.38626686	1.0	2023	tags=20%, list=13%, signal=23%	
MARTIN_VIRAL_GPCR_SIGNALING_DN	MARTIN_VIRAL_GPCR_SIGNALING_DN		41	0.3422391	1.2666006	0.13192183	0.3858471	1.0	2481	tags=29%, list=16%, signal=35%	
GHANDHI_DIRECT_IRRADIATION_DN	GHANDHI_DIRECT_IRRADIATION_DN		31	0.36668965	1.2656941	0.14991182	0.38740593	1.0	2859	tags=39%, list=19%, signal=48%	
WP_G1_TO_S_CELL_CYCLE_CONTROL	WP_G1_TO_S_CELL_CYCLE_CONTROL		55	0.31516638	1.265609	0.12457338	0.38716003	1.0	4001	tags=33%, list=26%, signal=44%	
DESERT_PERIPORTAL_HEPATOCELLULAR_CARCINOMA_SUBCLASS_UP	DESERT_PERIPORTAL_HEPATOCELLULAR_CARCINOMA_SUBCLASS_UP		119	0.27389243	1.2656024	0.08295626	0.38674095	1.0	5007	tags=45%, list=33%, signal=67%	
JIANG_MELANOMA_TRM3_CD8	JIANG_MELANOMA_TRM3_CD8		363	0.24028155	1.265516	0.040927693	0.38650402	1.0	4123	tags=31%, list=27%, signal=41%	
REACTOME_EPHB_MEDIATED_FORWARD_SIGNALING	REACTOME_EPHB_MEDIATED_FORWARD_SIGNALING		40	0.34336287	1.2647552	0.14190318	0.38781175	1.0	3848	tags=33%, list=25%, signal=43%	
DELLA_RESPONSE_TO_TSA_AND_BUTYRATE	DELLA_RESPONSE_TO_TSA_AND_BUTYRATE		17	0.41703933	1.2647021	0.1637931	0.3874957	1.0	893	tags=18%, list=6%, signal=19%	
HUANG_DASATINIB_SENSITIVITY_UP	HUANG_DASATINIB_SENSITIVITY_UP		71	0.30323157	1.2641596	0.12199037	0.38826683	1.0	3001	tags=25%, list=20%, signal=31%	
LEE_NEURAL_CREST_STEM_CELL_DN	LEE_NEURAL_CREST_STEM_CELL_DN		112	0.28139612	1.2639086	0.086124405	0.38840476	1.0	3140	tags=29%, list=21%, signal=37%	
COATES_MACROPHAGE_M1_VS_M2_DN	COATES_MACROPHAGE_M1_VS_M2_DN		64	0.31493127	1.2636144	0.13930348	0.38863114	1.0	4514	tags=44%, list=30%, signal=62%	
BLANCO_MELO_RESPIRATORY_SYNCYTIAL_VIRUS_INFECTION_A594_CELLS_DN	BLANCO_MELO_RESPIRATORY_SYNCYTIAL_VIRUS_INFECTION_A594_CELLS_DN		96	0.2894858	1.2632802	0.097087376	0.38892925	1.0	3491	tags=34%, list=23%, signal=44%	
REACTOME_REGULATION_OF_PYRUVATE_METABOLISM	REACTOME_REGULATION_OF_PYRUVATE_METABOLISM		30	0.3665718	1.263276	0.15198618	0.3884981	1.0	4263	tags=43%, list=28%, signal=60%	
PASINI_SUZ12_TARGETS_UP	PASINI_SUZ12_TARGETS_UP		89	0.29530346	1.2629155	0.100323625	0.38890365	1.0	3837	tags=34%, list=25%, signal=45%	
TAKEDA_TARGETS_OF_NUP98_HOXA9_FUSION_8D_DN	TAKEDA_TARGETS_OF_NUP98_HOXA9_FUSION_8D_DN		146	0.26796028	1.262736	0.08584338	0.38885766	1.0	4626	tags=41%, list=31%, signal=59%	
REACTOME_INTERLEUKIN_4_AND_INTERLEUKIN_13_SIGNALING	REACTOME_INTERLEUKIN_4_AND_INTERLEUKIN_13_SIGNALING		82	0.29594985	1.2625719	0.09950249	0.3887779	1.0	3561	tags=33%, list=24%, signal=43%	
TAKEDA_TARGETS_OF_NUP98_HOXA9_FUSION_6HR_UP	TAKEDA_TARGETS_OF_NUP98_HOXA9_FUSION_6HR_UP		71	0.30180562	1.2625386	0.09379968	0.38841683	1.0	5024	tags=49%, list=33%, signal=74%	
DARWICHE_PAPILLOMA_PROGRESSION_RISK	DARWICHE_PAPILLOMA_PROGRESSION_RISK		59	0.31284407	1.2620758	0.13517915	0.38902432	1.0	3088	tags=34%, list=20%, signal=42%	
VANASSE_BCL2_TARGETS_UP	VANASSE_BCL2_TARGETS_UP		22	0.39599258	1.2615554	0.15114236	0.38975543	1.0	4518	tags=45%, list=30%, signal=65%	
CHUANG_OXIDATIVE_STRESS_RESPONSE_UP	CHUANG_OXIDATIVE_STRESS_RESPONSE_UP		24	0.38914183	1.2610918	0.16788322	0.39034605	1.0	4144	tags=46%, list=27%, signal=63%	
LIU_PROSTATE_CANCER_DN	LIU_PROSTATE_CANCER_DN		432	0.23604825	1.2605027	0.023166023	0.39124936	1.0	3664	tags=30%, list=24%, signal=38%	
WANG_HCP_PROSTATE_CANCER	WANG_HCP_PROSTATE_CANCER		96	0.2853251	1.2599858	0.10216718	0.39200407	1.0	2417	tags=26%, list=16%, signal=31%	
TONKS_TARGETS_OF_RUNX1_RUNX1T1_FUSION_HSC_DN	TONKS_TARGETS_OF_RUNX1_RUNX1T1_FUSION_HSC_DN		144	0.2668633	1.2599716	0.072072074	0.39158785	1.0	3355	tags=28%, list=22%, signal=36%	
AMIT_EGF_RESPONSE_240_MCF10A	AMIT_EGF_RESPONSE_240_MCF10A		20	0.40918842	1.2596822	0.16425993	0.39181983	1.0	1816	tags=25%, list=12%, signal=28%	
GUILLAUMOND_KLF10_TARGETS_DN	GUILLAUMOND_KLF10_TARGETS_DN		24	0.3810567	1.257893	0.17446043	0.39542842	1.0	3849	tags=42%, list=25%, signal=56%	
VANTVEER_BREAST_CANCER_ESR1_DN	VANTVEER_BREAST_CANCER_ESR1_DN		202	0.25638956	1.2566192	0.052160952	0.397894	1.0	5202	tags=46%, list=34%, signal=69%	
SCHEIDEREIT_IKK_INTERACTING_PROTEINS	SCHEIDEREIT_IKK_INTERACTING_PROTEINS		44	0.3320489	1.2550104	0.14162348	0.4011067	1.0	2699	tags=30%, list=18%, signal=36%	
REACTOME_PYRUVATE_METABOLISM	REACTOME_PYRUVATE_METABOLISM		41	0.34004542	1.2549664	0.14840989	0.4007405	1.0	4486	tags=49%, list=30%, signal=69%	
WP_FOXA2_PATHWAY	WP_FOXA2_PATHWAY		17	0.4231569	1.2543567	0.18181819	0.40174595	1.0	5263	tags=65%, list=35%, signal=99%	
YU_MYC_TARGETS_UP	YU_MYC_TARGETS_UP		39	0.33852902	1.2538061	0.14629948	0.40260217	1.0	5154	tags=44%, list=34%, signal=66%	
REACTOME_NGF_STIMULATED_TRANSCRIPTION	REACTOME_NGF_STIMULATED_TRANSCRIPTION		32	0.35947067	1.2533294	0.1697479	0.40323478	1.0	961	tags=19%, list=6%, signal=20%	
SMID_BREAST_CANCER_RELAPSE_IN_BRAIN_DN	SMID_BREAST_CANCER_RELAPSE_IN_BRAIN_DN		71	0.29926914	1.2528211	0.12622951	0.40398747	1.0	3618	tags=37%, list=24%, signal=48%	
RUTELLA_RESPONSE_TO_CSF2RB_AND_IL4_DN	RUTELLA_RESPONSE_TO_CSF2RB_AND_IL4_DN		269	0.24430767	1.2524703	0.043165468	0.40430826	1.0	3879	tags=31%, list=26%, signal=41%	
KEGG_MEDICUS_REFERENCE_CA2_CAM_CAMK_SIGNALING_PATHWAY	KEGG_MEDICUS_REFERENCE_CA2_CAM_CAMK_SIGNALING_PATHWAY		19	0.40764096	1.2522079	0.19649123	0.40444183	1.0	3385	tags=42%, list=22%, signal=54%	
WP_BARDETBIEDL_SYNDROME	WP_BARDETBIEDL_SYNDROME		84	0.29434562	1.2517943	0.12361331	0.40497965	1.0	4967	tags=44%, list=33%, signal=65%	
HARRIS_HYPOXIA	HARRIS_HYPOXIA		73	0.2960384	1.2517833	0.11352254	0.40455514	1.0	4185	tags=38%, list=28%, signal=53%	
LEE_CALORIE_RESTRICTION_MUSCLE_UP	LEE_CALORIE_RESTRICTION_MUSCLE_UP		29	0.36901608	1.2514067	0.16323024	0.40503362	1.0	3849	tags=38%, list=25%, signal=51%	
BLANCO_MELO_COVID19_BRONCHIAL_EPITHELIAL_CELLS_SARS_COV_2_INFECTION_DN	BLANCO_MELO_COVID19_BRONCHIAL_EPITHELIAL_CELLS_SARS_COV_2_INFECTION_DN		50	0.32057205	1.250963	0.13095239	0.40555295	1.0	3109	tags=36%, list=21%, signal=45%	
NATSUME_RESPONSE_TO_INTERFERON_BETA_UP	NATSUME_RESPONSE_TO_INTERFERON_BETA_UP		60	0.30679014	1.2508795	0.14115646	0.40529668	1.0	3581	tags=33%, list=24%, signal=44%	
KEGG_BASE_EXCISION_REPAIR	KEGG_BASE_EXCISION_REPAIR		33	0.3508782	1.250762	0.13787375	0.405099	1.0	2165	tags=30%, list=14%, signal=35%	
KLEIN_PRIMARY_EFFUSION_LYMPHOMA_UP	KLEIN_PRIMARY_EFFUSION_LYMPHOMA_UP		43	0.33756688	1.2502269	0.13495935	0.40594718	1.0	3931	tags=37%, list=26%, signal=50%	
CHIANG_LIVER_CANCER_SUBCLASS_POLYSOMY7_UP	CHIANG_LIVER_CANCER_SUBCLASS_POLYSOMY7_UP		61	0.310131	1.2498008	0.14524207	0.40645093	1.0	3270	tags=38%, list=22%, signal=48%	
REACTOME_G_ALPHA_S_SIGNALLING_EVENTS	REACTOME_G_ALPHA_S_SIGNALLING_EVENTS		105	0.28068617	1.2495584	0.07810107	0.4065504	1.0	3708	tags=36%, list=25%, signal=48%	
NABA_CORE_MATRISOME	NABA_CORE_MATRISOME		234	0.24984705	1.2493149	0.06408346	0.40667105	1.0	3553	tags=30%, list=24%, signal=39%	
SCHRAETS_MLL_TARGETS_UP	SCHRAETS_MLL_TARGETS_UP		28	0.3678032	1.2490666	0.14136125	0.4067843	1.0	2155	tags=32%, list=14%, signal=37%	
RADMACHER_AML_PROGNOSIS	RADMACHER_AML_PROGNOSIS		70	0.30249253	1.248488	0.14108527	0.40767717	1.0	3902	tags=37%, list=26%, signal=50%	
DAVIES_MULTIPLE_MYELOMA_VS_MGUS_DN	DAVIES_MULTIPLE_MYELOMA_VS_MGUS_DN		16	0.4226727	1.2481409	0.17857143	0.40805513	1.0	3567	tags=50%, list=24%, signal=65%	
REACTOME_PROCESSIVE_SYNTHESIS_ON_THE_C_STRAND_OF_THE_TELOMERE	REACTOME_PROCESSIVE_SYNTHESIS_ON_THE_C_STRAND_OF_THE_TELOMERE		18	0.41051543	1.2478139	0.19064748	0.40835038	1.0	2798	tags=33%, list=19%, signal=41%	
ZHAN_MULTIPLE_MYELOMA_PR_UP	ZHAN_MULTIPLE_MYELOMA_PR_UP		43	0.3288841	1.2476008	0.15920398	0.4083974	1.0	5982	tags=51%, list=40%, signal=84%	
MASSARWEH_TAMOXIFEN_RESISTANCE_DN	MASSARWEH_TAMOXIFEN_RESISTANCE_DN		218	0.25306183	1.2475258	0.0708899	0.4081462	1.0	3020	tags=27%, list=20%, signal=33%	
KEGG_MEDICUS_VARIANT_MUTATION_ACTIVATED_SMO_TO_HEDGEHOG_SIGNALING_PATHWAY	KEGG_MEDICUS_VARIANT_MUTATION_ACTIVATED_SMO_TO_HEDGEHOG_SIGNALING_PATHWAY		24	0.37427482	1.2472042	0.18134715	0.40845278	1.0	1951	tags=25%, list=13%, signal=29%	
LEIN_CEREBELLUM_MARKERS	LEIN_CEREBELLUM_MARKERS		77	0.2953384	1.2471433	0.11725293	0.40815166	1.0	3235	tags=31%, list=21%, signal=39%	
WEIGEL_OXIDATIVE_STRESS_BY_TBH_AND_H2O2	WEIGEL_OXIDATIVE_STRESS_BY_TBH_AND_H2O2		29	0.35995662	1.2470075	0.17900172	0.40803927	1.0	3603	tags=38%, list=24%, signal=50%	
KEGG_STEROID_HORMONE_BIOSYNTHESIS	KEGG_STEROID_HORMONE_BIOSYNTHESIS		25	0.37547174	1.2467589	0.18421052	0.4081663	1.0	4169	tags=52%, list=28%, signal=72%	
HERNANDEZ_MITOTIC_ARREST_BY_DOCETAXEL_2_UP	HERNANDEZ_MITOTIC_ARREST_BY_DOCETAXEL_2_UP		54	0.31749198	1.2462986	0.15745394	0.4087848	1.0	1624	tags=19%, list=11%, signal=21%	
SHEDDEN_LUNG_CANCER_GOOD_SURVIVAL_A4	SHEDDEN_LUNG_CANCER_GOOD_SURVIVAL_A4		170	0.2595321	1.245674	0.06184012	0.40975356	1.0	3117	tags=25%, list=21%, signal=32%	
GAVIN_IL2_RESPONSIVE_FOXP3_TARGETS_UP	GAVIN_IL2_RESPONSIVE_FOXP3_TARGETS_UP		17	0.41253194	1.2451477	0.18133803	0.41047135	1.0	1933	tags=29%, list=13%, signal=34%	
MEISSNER_NPC_HCP_WITH_H3K4ME2_AND_H3K27ME3	MEISSNER_NPC_HCP_WITH_H3K4ME2_AND_H3K27ME3		305	0.24064533	1.2451223	0.03883495	0.41009495	1.0	3644	tags=33%, list=24%, signal=43%	
MIKKELSEN_MEF_HCP_WITH_H3_UNMETHYLATED	MIKKELSEN_MEF_HCP_WITH_H3_UNMETHYLATED		166	0.2587937	1.2448189	0.09388971	0.4104021	1.0	3705	tags=35%, list=25%, signal=46%	
SPIELMAN_LYMPHOBLAST_EUROPEAN_VS_ASIAN_2FC_DN	SPIELMAN_LYMPHOBLAST_EUROPEAN_VS_ASIAN_2FC_DN		18	0.4080629	1.2441745	0.18604651	0.4114865	1.0	729	tags=22%, list=5%, signal=23%	
SERVITJA_ISLET_HNF1A_TARGETS_UP	SERVITJA_ISLET_HNF1A_TARGETS_UP		146	0.2662317	1.242907	0.09969789	0.41388866	1.0	3504	tags=28%, list=23%, signal=36%	
MEBARKI_HCC_PROGENITOR_WNT_DN	MEBARKI_HCC_PROGENITOR_WNT_DN		69	0.30388924	1.2428796	0.12987013	0.41350827	1.0	4098	tags=43%, list=27%, signal=59%	
GU_PDEF_TARGETS_DN	GU_PDEF_TARGETS_DN		33	0.34460822	1.2427636	0.17043479	0.41333175	1.0	2596	tags=33%, list=17%, signal=40%	
DORSAM_HOXA9_TARGETS_UP	DORSAM_HOXA9_TARGETS_UP		31	0.36161676	1.242	0.18637992	0.41469043	1.0	2507	tags=26%, list=17%, signal=31%	
KEGG_JAK_STAT_SIGNALING_PATHWAY	KEGG_JAK_STAT_SIGNALING_PATHWAY		98	0.2818496	1.2418216	0.11755486	0.4146693	1.0	2311	tags=22%, list=15%, signal=26%	
SMITH_TERT_TARGETS_DN	SMITH_TERT_TARGETS_DN		78	0.29458338	1.2417005	0.13322091	0.41452157	1.0	2945	tags=22%, list=19%, signal=27%	
LIM_MAMMARY_LUMINAL_PROGENITOR_UP	LIM_MAMMARY_LUMINAL_PROGENITOR_UP		49	0.32148594	1.2415935	0.14932886	0.4143098	1.0	2746	tags=29%, list=18%, signal=35%	
REACTOME_ABC_TRANSPORTERS_IN_LIPID_HOMEOSTASIS	REACTOME_ABC_TRANSPORTERS_IN_LIPID_HOMEOSTASIS		15	0.42760038	1.2411972	0.21691176	0.4148105	1.0	744	tags=20%, list=5%, signal=21%	
KEGG_MEDICUS_REFERENCE_ITGA_B_TALIN_VINCULIN_SIGNALING_PATHWAY	KEGG_MEDICUS_REFERENCE_ITGA_B_TALIN_VINCULIN_SIGNALING_PATHWAY		28	0.36021513	1.2411443	0.17636986	0.41449538	1.0	4290	tags=32%, list=28%, signal=45%	
LIU_OVARIAN_CANCER_TUMORS_AND_XENOGRAFTS_XDGS_UP	LIU_OVARIAN_CANCER_TUMORS_AND_XENOGRAFTS_XDGS_UP		69	0.29953676	1.2403497	0.14169382	0.4159172	1.0	3818	tags=39%, list=25%, signal=52%	
PID_TCR_PATHWAY	PID_TCR_PATHWAY		51	0.31763288	1.2392424	0.151463	0.4180699	1.0	4201	tags=41%, list=28%, signal=57%	
RUTELLA_RESPONSE_TO_HGF_DN	RUTELLA_RESPONSE_TO_HGF_DN		198	0.25029796	1.2392224	0.07012195	0.41768414	1.0	3455	tags=29%, list=23%, signal=37%	
CERVERA_SDHB_TARGETS_2	CERVERA_SDHB_TARGETS_2		104	0.27826005	1.2380472	0.12202853	0.42003325	1.0	3454	tags=33%, list=23%, signal=42%	
FALVELLA_SMOKERS_WITH_LUNG_CANCER	FALVELLA_SMOKERS_WITH_LUNG_CANCER		68	0.2978107	1.2379116	0.11923689	0.4199301	1.0	2978	tags=26%, list=20%, signal=33%	
UEDA_PERIFERAL_CLOCK	UEDA_PERIFERAL_CLOCK		142	0.26410457	1.2374384	0.110032365	0.42061698	1.0	2999	tags=23%, list=20%, signal=28%	
REACTOME_SARS_COV_2_ACTIVATES_MODULATES_INNATE_AND_ADAPTIVE_IMMUNE_RESPONSES	REACTOME_SARS_COV_2_ACTIVATES_MODULATES_INNATE_AND_ADAPTIVE_IMMUNE_RESPONSES		100	0.27806512	1.236976	0.11746522	0.4212496	1.0	2976	tags=23%, list=20%, signal=28%	
WP_FATTY_ACID_BIOSYNTHESIS	WP_FATTY_ACID_BIOSYNTHESIS		22	0.38772982	1.236428	0.18956521	0.42209193	1.0	1178	tags=18%, list=8%, signal=20%	
JECHLINGER_EPITHELIAL_TO_MESENCHYMAL_TRANSITION_UP	JECHLINGER_EPITHELIAL_TO_MESENCHYMAL_TRANSITION_UP		59	0.30859655	1.2362162	0.14915255	0.42212522	1.0	3845	tags=37%, list=25%, signal=50%	
REACTOME_DAP12_SIGNALING	REACTOME_DAP12_SIGNALING		23	0.38309297	1.2341988	0.18825561	0.42647845	1.0	4201	tags=39%, list=28%, signal=54%	
REACTOME_TRANSPORT_OF_BILE_SALTS_AND_ORGANIC_ACIDS_METAL_IONS_AND_AMINE_COMPOUNDS	REACTOME_TRANSPORT_OF_BILE_SALTS_AND_ORGANIC_ACIDS_METAL_IONS_AND_AMINE_COMPOUNDS		62	0.30730247	1.2333207	0.13915858	0.42806035	1.0	3652	tags=35%, list=24%, signal=47%	
LIU_TARGETS_OF_VMYB_VS_CMYB_DN	LIU_TARGETS_OF_VMYB_VS_CMYB_DN		36	0.33631843	1.2329497	0.15016502	0.42853883	1.0	3943	tags=42%, list=26%, signal=56%	
BANDRES_RESPONSE_TO_CARMUSTIN_MGMT_24HR_DN	BANDRES_RESPONSE_TO_CARMUSTIN_MGMT_24HR_DN		30	0.35198405	1.2325397	0.17615658	0.42911437	1.0	493	tags=13%, list=3%, signal=14%	
MORI_PRE_BI_LYMPHOCYTE_UP	MORI_PRE_BI_LYMPHOCYTE_UP		69	0.29824007	1.2324762	0.13651878	0.4288201	1.0	4594	tags=38%, list=30%, signal=54%	
WILCOX_RESPONSE_TO_PROGESTERONE_UP	WILCOX_RESPONSE_TO_PROGESTERONE_UP		138	0.26346007	1.2321736	0.099710986	0.42912525	1.0	3730	tags=30%, list=25%, signal=39%	
SASSON_RESPONSE_TO_FORSKOLIN_UP	SASSON_RESPONSE_TO_FORSKOLIN_UP		79	0.2923203	1.2319323	0.13636364	0.42923284	1.0	1268	tags=18%, list=8%, signal=19%	
MANNE_COVID19_ICU_VS_HEALTHY_DONOR_PLATELETS_UP	MANNE_COVID19_ICU_VS_HEALTHY_DONOR_PLATELETS_UP		113	0.2751758	1.2317427	0.12852664	0.42921925	1.0	2895	tags=27%, list=19%, signal=34%	
HEIDENBLAD_AMPLIFIED_IN_PANCREATIC_CANCER	HEIDENBLAD_AMPLIFIED_IN_PANCREATIC_CANCER		55	0.30920345	1.2303752	0.14455782	0.43204293	1.0	1672	tags=18%, list=11%, signal=20%	
PHONG_TNF_TARGETS_UP	PHONG_TNF_TARGETS_UP		51	0.31283984	1.2295617	0.1638796	0.4335289	1.0	1364	tags=18%, list=9%, signal=19%	
REACTOME_DEVELOPMENTAL_LINEAGE_OF_PANCREATIC_DUCTAL_CELLS	REACTOME_DEVELOPMENTAL_LINEAGE_OF_PANCREATIC_DUCTAL_CELLS		45	0.3219302	1.228778	0.17868853	0.43499225	1.0	3269	tags=31%, list=22%, signal=40%	
ZWANG_EGF_PERSISTENTLY_DN	ZWANG_EGF_PERSISTENTLY_DN		54	0.3093865	1.2287648	0.14983714	0.43455926	1.0	1863	tags=20%, list=12%, signal=23%	
KEGG_MEDICUS_VARIANT_MUTATION_INACTIVATED_PTCH1_TO_HEDGEHOG_SIGNALING_PATHWAY	KEGG_MEDICUS_VARIANT_MUTATION_INACTIVATED_PTCH1_TO_HEDGEHOG_SIGNALING_PATHWAY		24	0.37427482	1.2277914	0.18909091	0.4364837	1.0	1951	tags=25%, list=13%, signal=29%	
MOREIRA_RESPONSE_TO_TSA_DN	MOREIRA_RESPONSE_TO_TSA_DN		15	0.42100453	1.2271111	0.21641791	0.4377709	1.0	2126	tags=33%, list=14%, signal=39%	
PLASARI_TGFB1_SIGNALING_VIA_NFIC_10HR_UP	PLASARI_TGFB1_SIGNALING_VIA_NFIC_10HR_UP		50	0.31828177	1.2270123	0.17898194	0.43755427	1.0	2978	tags=30%, list=20%, signal=37%	
LANDIS_ERBB2_BREAST_TUMORS_324_DN	LANDIS_ERBB2_BREAST_TUMORS_324_DN		131	0.26529473	1.2264055	0.11459968	0.43852177	1.0	3568	tags=27%, list=24%, signal=36%	
REACTOME_SYNTHESIS_OF_VERY_LONG_CHAIN_FATTY_ACYL_COAS	REACTOME_SYNTHESIS_OF_VERY_LONG_CHAIN_FATTY_ACYL_COAS		22	0.39242166	1.2262635	0.1879562	0.43839908	1.0	3353	tags=41%, list=22%, signal=52%	
KONIGORSKI_INCREASED_SUBCUTANEOUS_ADIPOSE_TISSUE_TOTAL_RATIO_DN	KONIGORSKI_INCREASED_SUBCUTANEOUS_ADIPOSE_TISSUE_TOTAL_RATIO_DN		88	0.2862234	1.2258776	0.14950167	0.43888235	1.0	2935	tags=26%, list=19%, signal=32%	
OSADA_ASCL1_TARGETS_DN	OSADA_ASCL1_TARGETS_DN		21	0.38946244	1.2256902	0.20833333	0.43889427	1.0	2675	tags=38%, list=18%, signal=46%	
TANAKA_METHYLATED_IN_ESOPHAGEAL_CARCINOMA	TANAKA_METHYLATED_IN_ESOPHAGEAL_CARCINOMA		79	0.2897943	1.2251915	0.1424	0.43965885	1.0	3428	tags=32%, list=23%, signal=41%	
COATES_MACROPHAGE_M1_VS_M2_UP	COATES_MACROPHAGE_M1_VS_M2_UP		76	0.29383025	1.2251625	0.14084508	0.43928468	1.0	2067	tags=22%, list=14%, signal=26%	
MATZUK_MALE_REPRODUCTION_SERTOLI	MATZUK_MALE_REPRODUCTION_SERTOLI		24	0.36868533	1.2251222	0.19349006	0.43892163	1.0	1370	tags=25%, list=9%, signal=27%	
REACTOME_CLASS_C_3_METABOTROPIC_GLUTAMATE_PHEROMONE_RECEPTORS	REACTOME_CLASS_C_3_METABOTROPIC_GLUTAMATE_PHEROMONE_RECEPTORS		18	0.3995437	1.2246403	0.20363636	0.43963432	1.0	5237	tags=50%, list=35%, signal=76%	
EPPERT_CE_HSC_LSC	EPPERT_CE_HSC_LSC		34	0.34530076	1.2239093	0.17217392	0.4410479	1.0	4702	tags=53%, list=31%, signal=77%	
PID_INTEGRIN_A4B1_PATHWAY	PID_INTEGRIN_A4B1_PATHWAY		29	0.36046773	1.2232212	0.19495799	0.44227523	1.0	1245	tags=17%, list=8%, signal=19%	
REACTOME_SYNTHESIS_OF_BILE_ACIDS_AND_BILE_SALTS	REACTOME_SYNTHESIS_OF_BILE_ACIDS_AND_BILE_SALTS		29	0.3557439	1.2230048	0.1897436	0.44234204	1.0	4233	tags=52%, list=28%, signal=72%	
BOYLAN_MULTIPLE_MYELOMA_D_CLUSTER_UP	BOYLAN_MULTIPLE_MYELOMA_D_CLUSTER_UP		26	0.3703172	1.221567	0.19965278	0.44549266	1.0	3923	tags=42%, list=26%, signal=57%	
HINATA_NFKB_TARGETS_KERATINOCYTE_UP	HINATA_NFKB_TARGETS_KERATINOCYTE_UP		67	0.2965212	1.2208953	0.15660685	0.44673812	1.0	3505	tags=31%, list=23%, signal=41%	
REACTOME_CELL_CELL_COMMUNICATION	REACTOME_CELL_CELL_COMMUNICATION		132	0.26228002	1.2201021	0.12307692	0.44819447	1.0	1695	tags=18%, list=11%, signal=20%	
WP_OVARIAN_INFERTILITY	WP_OVARIAN_INFERTILITY		26	0.3669126	1.2192074	0.18761063	0.44996497	1.0	1314	tags=19%, list=9%, signal=21%	
WAMUNYOKOLI_OVARIAN_CANCER_GRADES_1_2_UP	WAMUNYOKOLI_OVARIAN_CANCER_GRADES_1_2_UP		126	0.26288176	1.2176461	0.13076924	0.45337003	1.0	2271	tags=20%, list=15%, signal=23%	
REACTOME_FCERI_MEDIATED_CA_2_MOBILIZATION	REACTOME_FCERI_MEDIATED_CA_2_MOBILIZATION		26	0.36805424	1.2174321	0.2027972	0.45343864	1.0	1550	tags=19%, list=10%, signal=21%	
WP_TARGETING_YAP_IN_PANCREATIC_DUCTAL_ADENOCARCINOMA_PDAC	WP_TARGETING_YAP_IN_PANCREATIC_DUCTAL_ADENOCARCINOMA_PDAC		22	0.37731442	1.2173529	0.2030981	0.45319572	1.0	5333	tags=50%, list=35%, signal=77%	
HOLLERN_PAPILLARY_BREAST_TUMOR	HOLLERN_PAPILLARY_BREAST_TUMOR		16	0.41648427	1.21733	0.22027972	0.4527871	1.0	3815	tags=50%, list=25%, signal=67%	
ZHONG_SECRETOME_OF_LUNG_CANCER_AND_ENDOTHELIUM	ZHONG_SECRETOME_OF_LUNG_CANCER_AND_ENDOTHELIUM		61	0.30494404	1.2168094	0.16225165	0.45358652	1.0	4192	tags=43%, list=28%, signal=59%	
CARRILLOREIXACH_HEPATOBLASTOMA_VS_NORMAL_HYPERMETHYLATED_AND_DN	CARRILLOREIXACH_HEPATOBLASTOMA_VS_NORMAL_HYPERMETHYLATED_AND_DN		18	0.40759236	1.2166443	0.20300752	0.45352224	1.0	2743	tags=33%, list=18%, signal=41%	
MOOTHA_FFA_OXYDATION	MOOTHA_FFA_OXYDATION		21	0.38039887	1.2161881	0.19649123	0.4542856	1.0	3408	tags=33%, list=23%, signal=43%	
KONIGORSKI_INCREASED_SUBCUTANEOUS_ADIPOSE_TISSUE_TOTAL_RATIO_UP	KONIGORSKI_INCREASED_SUBCUTANEOUS_ADIPOSE_TISSUE_TOTAL_RATIO_UP		87	0.28212327	1.2160288	0.15210356	0.45424724	1.0	3727	tags=32%, list=25%, signal=42%	
LEE_DIFFERENTIATING_T_LYMPHOCYTE	LEE_DIFFERENTIATING_T_LYMPHOCYTE		154	0.25582585	1.2159793	0.113149844	0.45393622	1.0	4470	tags=40%, list=30%, signal=57%	
FONTAINE_PAPILLARY_THYROID_CARCINOMA_UP	FONTAINE_PAPILLARY_THYROID_CARCINOMA_UP		57	0.30472466	1.2151287	0.17218544	0.45563275	1.0	4145	tags=39%, list=27%, signal=53%	
HUANG_FOXA2_TARGETS_UP	HUANG_FOXA2_TARGETS_UP		41	0.327202	1.214659	0.18914185	0.45633495	1.0	3133	tags=29%, list=21%, signal=37%	
REACTOME_DEVELOPMENTAL_CELL_LINEAGES_OF_THE_EXOCRINE_PANCREAS	REACTOME_DEVELOPMENTAL_CELL_LINEAGES_OF_THE_EXOCRINE_PANCREAS		67	0.2923111	1.2143161	0.14886731	0.45672053	1.0	3269	tags=30%, list=22%, signal=38%	
TAKEDA_TARGETS_OF_NUP98_HOXA9_FUSION_16D_DN	TAKEDA_TARGETS_OF_NUP98_HOXA9_FUSION_16D_DN		104	0.26862592	1.2138798	0.13219285	0.4573586	1.0	1545	tags=18%, list=10%, signal=20%	
KEGG_GLYCOSAMINOGLYCAN_DEGRADATION	KEGG_GLYCOSAMINOGLYCAN_DEGRADATION		19	0.40388772	1.2137376	0.21518987	0.45728076	1.0	2848	tags=26%, list=19%, signal=32%	
ELVIDGE_HYPOXIA_BY_DMOG_UP	ELVIDGE_HYPOXIA_BY_DMOG_UP		120	0.26630753	1.213608	0.14220184	0.45713535	1.0	2446	tags=22%, list=16%, signal=26%	
HATADA_METHYLATED_IN_LUNG_CANCER_UP	HATADA_METHYLATED_IN_LUNG_CANCER_UP		319	0.23244295	1.213606	0.0726257	0.45668572	1.0	3673	tags=29%, list=24%, signal=38%	
CEBALLOS_TARGETS_OF_TP53_AND_MYC_DN	CEBALLOS_TARGETS_OF_TP53_AND_MYC_DN		29	0.35478267	1.2129986	0.19926874	0.45775813	1.0	2712	tags=31%, list=18%, signal=38%	
HAHTOLA_MYCOSIS_FUNGOIDES_CD4_UP	HAHTOLA_MYCOSIS_FUNGOIDES_CD4_UP		45	0.32388493	1.2129129	0.17017543	0.4575093	1.0	3686	tags=38%, list=24%, signal=50%	
REACTOME_G_ALPHA_Q_SIGNALLING_EVENTS	REACTOME_G_ALPHA_Q_SIGNALLING_EVENTS		166	0.254597	1.2127532	0.09553159	0.45743743	1.0	4121	tags=39%, list=27%, signal=52%	
GHANDHI_BYSTANDER_IRRADIATION_UP	GHANDHI_BYSTANDER_IRRADIATION_UP		74	0.29000822	1.2117281	0.15050167	0.4595502	1.0	3768	tags=34%, list=25%, signal=45%	
REACTOME_INLB_MEDIATED_ENTRY_OF_LISTERIA_MONOCYTOGENES_INTO_HOST_CELL	REACTOME_INLB_MEDIATED_ENTRY_OF_LISTERIA_MONOCYTOGENES_INTO_HOST_CELL		15	0.41689438	1.2101796	0.20404412	0.46288624	1.0	1530	tags=27%, list=10%, signal=30%	
HOFFMANN_SMALL_PRE_BII_TO_IMMATURE_B_LYMPHOCYTE_DN	HOFFMANN_SMALL_PRE_BII_TO_IMMATURE_B_LYMPHOCYTE_DN		31	0.34742665	1.2100168	0.20350876	0.4628143	1.0	3771	tags=42%, list=25%, signal=56%	
WP_HAIR_FOLLICLE_DEVELOPMENT_CYTODIFFERENTIATION_STAGE_3_OF_3	WP_HAIR_FOLLICLE_DEVELOPMENT_CYTODIFFERENTIATION_STAGE_3_OF_3		60	0.30262652	1.2093734	0.18290599	0.46393648	1.0	3671	tags=35%, list=24%, signal=46%	
LEE_LIVER_CANCER_CIPROFIBRATE_UP	LEE_LIVER_CANCER_CIPROFIBRATE_UP		47	0.31155512	1.2087691	0.17697595	0.46494603	1.0	2072	tags=23%, list=14%, signal=27%	
TONKS_TARGETS_OF_RUNX1_RUNX1T1_FUSION_MONOCYTE_DN	TONKS_TARGETS_OF_RUNX1_RUNX1T1_FUSION_MONOCYTE_DN		39	0.32996985	1.2078943	0.18941979	0.46669677	1.0	3964	tags=38%, list=26%, signal=52%	
LANDIS_BREAST_CANCER_PROGRESSION_DN	LANDIS_BREAST_CANCER_PROGRESSION_DN		63	0.2973316	1.2078782	0.16	0.4662736	1.0	3568	tags=29%, list=24%, signal=37%	
LIAN_NEUTROPHIL_GRANULE_CONSTITUENTS	LIAN_NEUTROPHIL_GRANULE_CONSTITUENTS		17	0.4041548	1.2058315	0.19636364	0.47113848	1.0	3561	tags=47%, list=24%, signal=61%	
YIH_RESPONSE_TO_ARSENITE_C1	YIH_RESPONSE_TO_ARSENITE_C1		18	0.39108375	1.2057705	0.2224299	0.4708444	1.0	6649	tags=61%, list=44%, signal=109%	
REACTOME_RESOLUTION_OF_D_LOOP_STRUCTURES	REACTOME_RESOLUTION_OF_D_LOOP_STRUCTURES		28	0.35995114	1.2056992	0.20149253	0.47055575	1.0	3806	tags=36%, list=25%, signal=48%	
REACTOME_METABOLISM_OF_STEROIDS	REACTOME_METABOLISM_OF_STEROIDS		128	0.2588223	1.2052927	0.136	0.47119707	1.0	4315	tags=37%, list=29%, signal=51%	
ELVIDGE_HYPOXIA_UP	ELVIDGE_HYPOXIA_UP		154	0.2548212	1.2052288	0.11432927	0.4708853	1.0	2446	tags=21%, list=16%, signal=25%	
JOHNSTONE_PARVB_TARGETS_2_DN	JOHNSTONE_PARVB_TARGETS_2_DN		305	0.23364197	1.2049633	0.079943895	0.47104642	1.0	3681	tags=26%, list=24%, signal=34%	
CAIRO_HEPATOBLASTOMA_CLASSES_DN	CAIRO_HEPATOBLASTOMA_CLASSES_DN		171	0.25235853	1.2042856	0.120743036	0.47232848	1.0	2068	tags=20%, list=14%, signal=23%	
PID_IL23_PATHWAY	PID_IL23_PATHWAY		23	0.37364197	1.2039274	0.2350937	0.4727528	1.0	3502	tags=52%, list=23%, signal=68%	
REACTOME_SIGNALING_BY_INTERLEUKINS	REACTOME_SIGNALING_BY_INTERLEUKINS		359	0.2282344	1.203767	0.066401064	0.47270668	1.0	4281	tags=33%, list=28%, signal=46%	
LA_MEN1_TARGETS	LA_MEN1_TARGETS		25	0.36836934	1.2035378	0.22996515	0.47282264	1.0	2184	tags=28%, list=14%, signal=33%	
ALONSO_METASTASIS_EMT_UP	ALONSO_METASTASIS_EMT_UP		29	0.35239336	1.203537	0.20178571	0.4723604	1.0	2868	tags=28%, list=19%, signal=34%	
KUMAR_PATHOGEN_LOAD_BY_MACROPHAGES	KUMAR_PATHOGEN_LOAD_BY_MACROPHAGES		215	0.2431585	1.2035288	0.089955024	0.4719155	1.0	3696	tags=27%, list=24%, signal=35%	
PID_ATR_PATHWAY	PID_ATR_PATHWAY		32	0.3406161	1.2032493	0.19112629	0.47212574	1.0	3905	tags=38%, list=26%, signal=50%	
COULOUARN_TEMPORAL_TGFB1_SIGNATURE_DN	COULOUARN_TEMPORAL_TGFB1_SIGNATURE_DN		119	0.26199076	1.203028	0.13091482	0.47220013	1.0	1586	tags=17%, list=10%, signal=19%	
REACTOME_KERATAN_SULFATE_BIOSYNTHESIS	REACTOME_KERATAN_SULFATE_BIOSYNTHESIS		23	0.36436313	1.2022638	0.20373832	0.4736728	1.0	1451	tags=26%, list=10%, signal=29%	
GOZGIT_ESR1_TARGETS_UP	GOZGIT_ESR1_TARGETS_UP		117	0.2643292	1.2018758	0.13636364	0.4741408	1.0	2980	tags=25%, list=20%, signal=31%	
LI_ESTROGENE_BIDIRECTIONAL_E2_RESPONSE	LI_ESTROGENE_BIDIRECTIONAL_E2_RESPONSE		90	0.27308396	1.2014008	0.15041323	0.47491243	1.0	3541	tags=28%, list=23%, signal=36%	
SU_TESTIS	SU_TESTIS		58	0.29745698	1.2011557	0.1768595	0.47506237	1.0	5159	tags=52%, list=34%, signal=78%	
REACTOME_HS_GAG_DEGRADATION	REACTOME_HS_GAG_DEGRADATION		19	0.385189	1.2010839	0.22545454	0.47477397	1.0	3965	tags=47%, list=26%, signal=64%	
VANTVEER_BREAST_CANCER_BRCA1_UP	VANTVEER_BREAST_CANCER_BRCA1_UP		30	0.34537685	1.2008519	0.20261438	0.4748814	1.0	1961	tags=27%, list=13%, signal=31%	
ROZANOV_MMP14_TARGETS_UP	ROZANOV_MMP14_TARGETS_UP		241	0.23736288	1.2005146	0.09710145	0.47529942	1.0	3531	tags=26%, list=23%, signal=33%	
RAY_TUMORIGENESIS_BY_ERBB2_CDC25A_DN	RAY_TUMORIGENESIS_BY_ERBB2_CDC25A_DN		235	0.23802735	1.2003629	0.10977443	0.47523576	1.0	2188	tags=19%, list=14%, signal=22%	
FARMER_BREAST_CANCER_BASAL_VS_LULMINAL	FARMER_BREAST_CANCER_BASAL_VS_LULMINAL		294	0.23414914	1.1995045	0.08044383	0.47695208	1.0	4966	tags=39%, list=33%, signal=58%	
REACTOME_TRANSPORT_OF_VITAMINS_NUCLEOSIDES_AND_RELATED_MOLECULES	REACTOME_TRANSPORT_OF_VITAMINS_NUCLEOSIDES_AND_RELATED_MOLECULES		33	0.337648	1.1977235	0.21367522	0.4811207	1.0	2083	tags=27%, list=14%, signal=32%	
WANG_TARGETS_OF_MLL_CBP_FUSION_UP	WANG_TARGETS_OF_MLL_CBP_FUSION_UP		39	0.32536027	1.1963824	0.2108014	0.48415998	1.0	2714	tags=28%, list=18%, signal=34%	
BROWNE_HCMV_INFECTION_48HR_UP	BROWNE_HCMV_INFECTION_48HR_UP		158	0.2512964	1.1963253	0.12386707	0.48383722	1.0	3503	tags=28%, list=23%, signal=36%	
CHIARADONNA_NEOPLASTIC_TRANSFORMATION_KRAS_CDC25_UP	CHIARADONNA_NEOPLASTIC_TRANSFORMATION_KRAS_CDC25_UP		55	0.30293074	1.1960591	0.18243243	0.48407578	1.0	3122	tags=27%, list=21%, signal=34%	
PID_IL12_2PATHWAY	PID_IL12_2PATHWAY		38	0.32571608	1.1959819	0.20128824	0.48381191	1.0	3580	tags=42%, list=24%, signal=55%	
TSENG_ADIPOGENIC_POTENTIAL_UP	TSENG_ADIPOGENIC_POTENTIAL_UP		28	0.3558715	1.195865	0.2112676	0.48365673	1.0	2988	tags=36%, list=20%, signal=44%	
JIANG_MELANOMA_TRM11_CD8	JIANG_MELANOMA_TRM11_CD8		29	0.35045794	1.1956173	0.2074199	0.48381555	1.0	4008	tags=48%, list=27%, signal=66%	
MEBARKI_HCC_PROGENITOR_WNT_UP_CTNNB1_DEPENDENT	MEBARKI_HCC_PROGENITOR_WNT_UP_CTNNB1_DEPENDENT		74	0.2822359	1.1953126	0.17418352	0.48407957	1.0	3041	tags=27%, list=20%, signal=34%	
KEGG_MEDICUS_VARIANT_FZD7_OVEREXPRESSION_TO_WNT_SIGNALING_PATHWAY	KEGG_MEDICUS_VARIANT_FZD7_OVEREXPRESSION_TO_WNT_SIGNALING_PATHWAY		32	0.3388708	1.1952916	0.19107144	0.4836544	1.0	1966	tags=28%, list=13%, signal=32%	
POS_HISTAMINE_RESPONSE_NETWORK	POS_HISTAMINE_RESPONSE_NETWORK		27	0.35102603	1.1951504	0.21960072	0.48354173	1.0	2546	tags=26%, list=17%, signal=31%	
BIDUS_METASTASIS_DN	BIDUS_METASTASIS_DN		130	0.26037118	1.1945565	0.14220877	0.4846232	1.0	1981	tags=19%, list=13%, signal=22%	
REACTOME_DRUG_ADME	REACTOME_DRUG_ADME		66	0.28715178	1.1943434	0.15993266	0.48473722	1.0	4865	tags=41%, list=32%, signal=60%	
WP_TRANSSULFURATION_ONECARBON_METABOLISM_AND_RELATED_PATHWAYS	WP_TRANSSULFURATION_ONECARBON_METABOLISM_AND_RELATED_PATHWAYS		61	0.29855236	1.194301	0.19897084	0.48440504	1.0	3112	tags=30%, list=21%, signal=37%	
LI_CISPLATIN_RESISTANCE_UP	LI_CISPLATIN_RESISTANCE_UP		25	0.3604973	1.1939665	0.21818182	0.48483816	1.0	1161	tags=20%, list=8%, signal=22%	
BOCHKIS_FOXA2_TARGETS	BOCHKIS_FOXA2_TARGETS		364	0.22560865	1.1938832	0.07956104	0.48458815	1.0	3365	tags=25%, list=22%, signal=32%	
RIZ_ERYTHROID_DIFFERENTIATION_HEMGN	RIZ_ERYTHROID_DIFFERENTIATION_HEMGN		20	0.3810043	1.1938802	0.2155477	0.48413506	1.0	1988	tags=35%, list=13%, signal=40%	
MEBARKI_HCC_PROGENITOR_WNT_DN_CTNNB1_DEPENDENT_BLOCKED_BY_FZD8CRD	MEBARKI_HCC_PROGENITOR_WNT_DN_CTNNB1_DEPENDENT_BLOCKED_BY_FZD8CRD		17	0.40189388	1.1937408	0.23130435	0.48403555	1.0	4415	tags=65%, list=29%, signal=91%	
WP_EBOLA_VIRUS_INFECTION_IN_HOST	WP_EBOLA_VIRUS_INFECTION_IN_HOST		103	0.26889938	1.1937385	0.14220184	0.48357773	1.0	5085	tags=40%, list=34%, signal=60%	
NAKAJIMA_MAST_CELL	NAKAJIMA_MAST_CELL		36	0.33216554	1.193498	0.19163764	0.48371312	1.0	4660	tags=47%, list=31%, signal=68%	
YAUCH_HEDGEHOG_SIGNALING_PARACRINE_DN	YAUCH_HEDGEHOG_SIGNALING_PARACRINE_DN		194	0.24234514	1.1928769	0.115497075	0.48483396	1.0	2988	tags=27%, list=20%, signal=33%	
BOYLAN_MULTIPLE_MYELOMA_PCA3_DN	BOYLAN_MULTIPLE_MYELOMA_PCA3_DN		62	0.29134658	1.1921659	0.18874173	0.48633987	1.0	4506	tags=35%, list=30%, signal=50%	
REACTOME_HSF1_ACTIVATION	REACTOME_HSF1_ACTIVATION		25	0.35910308	1.1919097	0.2155797	0.48654208	1.0	2798	tags=36%, list=19%, signal=44%	
REACTOME_TELOMERE_EXTENSION_BY_TELOMERASE	REACTOME_TELOMERE_EXTENSION_BY_TELOMERASE		22	0.374258	1.1904907	0.24168126	0.48977742	1.0	1053	tags=14%, list=7%, signal=15%	
MCCLUNG_CREB1_TARGETS_DN	MCCLUNG_CREB1_TARGETS_DN		49	0.30291557	1.1896399	0.18874173	0.4915248	1.0	3570	tags=33%, list=24%, signal=43%	
LIU_OVARIAN_CANCER_TUMORS_AND_XENOGRAFTS_KINASES_DN	LIU_OVARIAN_CANCER_TUMORS_AND_XENOGRAFTS_KINASES_DN		29	0.33899802	1.1890029	0.20336135	0.49272466	1.0	3592	tags=38%, list=24%, signal=50%	
WANG_CLASSIC_ADIPOGENIC_TARGETS_OF_PPARG	WANG_CLASSIC_ADIPOGENIC_TARGETS_OF_PPARG		23	0.36825752	1.1889377	0.22686026	0.49244723	1.0	2379	tags=30%, list=16%, signal=36%	
AMIT_EGF_RESPONSE_60_MCF10A	AMIT_EGF_RESPONSE_60_MCF10A		32	0.33824164	1.1885053	0.21366024	0.49310014	1.0	4261	tags=47%, list=28%, signal=65%	
KYNG_DNA_DAMAGE_UP	KYNG_DNA_DAMAGE_UP		184	0.23988827	1.187547	0.13303438	0.49515578	1.0	2925	tags=23%, list=19%, signal=28%	
PID_FANCONI_PATHWAY	PID_FANCONI_PATHWAY		39	0.32487118	1.1870819	0.22342342	0.49593395	1.0	3924	tags=36%, list=26%, signal=48%	
VALK_AML_CLUSTER_7	VALK_AML_CLUSTER_7		19	0.3875228	1.186824	0.2204301	0.49613735	1.0	3632	tags=47%, list=24%, signal=62%	
YAO_TEMPORAL_RESPONSE_TO_PROGESTERONE_CLUSTER_9	YAO_TEMPORAL_RESPONSE_TO_PROGESTERONE_CLUSTER_9		66	0.28760558	1.1866965	0.17096774	0.49600366	1.0	4610	tags=41%, list=31%, signal=59%	
MATZUK_SPERMATID_DIFFERENTIATION	MATZUK_SPERMATID_DIFFERENTIATION		24	0.35661215	1.1864262	0.23198594	0.49622712	1.0	4467	tags=46%, list=30%, signal=65%	
REACTOME_PLATELET_AGGREGATION_PLUG_FORMATION	REACTOME_PLATELET_AGGREGATION_PLUG_FORMATION		30	0.34948406	1.1862483	0.23809524	0.49623638	1.0	4227	tags=40%, list=28%, signal=55%	
BOYLAN_MULTIPLE_MYELOMA_D_CLUSTER_DN	BOYLAN_MULTIPLE_MYELOMA_D_CLUSTER_DN		35	0.32869795	1.1844679	0.22241993	0.5003814	1.0	2748	tags=26%, list=18%, signal=31%	
DAZARD_RESPONSE_TO_UV_SCC_UP	DAZARD_RESPONSE_TO_UV_SCC_UP		91	0.26912627	1.1843462	0.17637795	0.5002257	1.0	1982	tags=18%, list=13%, signal=20%	
WEI_MIR34A_TARGETS	WEI_MIR34A_TARGETS		133	0.25620848	1.1843201	0.1369863	0.49983627	1.0	2907	tags=26%, list=19%, signal=31%	
TONKS_TARGETS_OF_RUNX1_RUNX1T1_FUSION_HSC_UP	TONKS_TARGETS_OF_RUNX1_RUNX1T1_FUSION_HSC_UP		153	0.24841926	1.1842726	0.13914374	0.4994727	1.0	4008	tags=31%, list=27%, signal=41%	
BIOCARTA_CASPASE_PATHWAY	BIOCARTA_CASPASE_PATHWAY		19	0.3829707	1.1840763	0.23226951	0.4994954	1.0	2441	tags=37%, list=16%, signal=44%	
PID_EPHRINB_REV_PATHWAY	PID_EPHRINB_REV_PATHWAY		26	0.35194004	1.1840705	0.23033708	0.49904516	1.0	3127	tags=42%, list=21%, signal=53%	
WP_CALCIUM_REGULATION_IN_CARDIAC_CELLS	WP_CALCIUM_REGULATION_IN_CARDIAC_CELLS		129	0.256816	1.184054	0.13671274	0.49861833	1.0	2133	tags=18%, list=14%, signal=21%	
KERLEY_RESPONSE_TO_CISPLATIN_UP	KERLEY_RESPONSE_TO_CISPLATIN_UP		36	0.32181686	1.1834035	0.21896552	0.49982807	1.0	2262	tags=25%, list=15%, signal=29%	
REACTOME_SCF_SKP2_MEDIATED_DEGRADATION_OF_P27_P21	REACTOME_SCF_SKP2_MEDIATED_DEGRADATION_OF_P27_P21		48	0.3020733	1.183279	0.22483222	0.49967784	1.0	4148	tags=31%, list=27%, signal=43%	
NUTT_GBM_VS_AO_GLIOMA_UP	NUTT_GBM_VS_AO_GLIOMA_UP		43	0.3138094	1.1830295	0.207483	0.49986807	1.0	4123	tags=35%, list=27%, signal=48%	
HOWLIN_PUBERTAL_MAMMARY_GLAND	HOWLIN_PUBERTAL_MAMMARY_GLAND		49	0.30403662	1.1829761	0.20757826	0.4995466	1.0	3654	tags=39%, list=24%, signal=51%	
ZHOU_INFLAMMATORY_RESPONSE_FIMA_DN	ZHOU_INFLAMMATORY_RESPONSE_FIMA_DN		240	0.2353602	1.1825722	0.12844037	0.5001053	1.0	4093	tags=33%, list=27%, signal=44%	
REACTOME_REGULATED_NECROSIS	REACTOME_REGULATED_NECROSIS		51	0.30068067	1.1821276	0.21052632	0.50081545	1.0	2699	tags=24%, list=18%, signal=29%	
LEE_LIVER_CANCER_MYC_TGFA_UP	LEE_LIVER_CANCER_MYC_TGFA_UP		56	0.29764396	1.181041	0.18151815	0.50320965	1.0	2329	tags=21%, list=15%, signal=25%	
HEBERT_MATRISOME_TNBC_LUNG_METASTASIS	HEBERT_MATRISOME_TNBC_LUNG_METASTASIS		18	0.39194897	1.1803808	0.2465035	0.5045242	1.0	3032	tags=39%, list=20%, signal=49%	
SHEN_SMARCA2_TARGETS_DN	SHEN_SMARCA2_TARGETS_DN		191	0.2421039	1.1803138	0.13855422	0.5042314	1.0	4131	tags=36%, list=27%, signal=48%	
CHYLA_CBFA2T3_TARGETS_DN	CHYLA_CBFA2T3_TARGETS_DN		205	0.23958951	1.1794151	0.12743628	0.5062544	1.0	2893	tags=25%, list=19%, signal=30%	
BROWNE_HCMV_INFECTION_6HR_UP	BROWNE_HCMV_INFECTION_6HR_UP		52	0.29606625	1.1791917	0.22445561	0.5063544	1.0	4318	tags=46%, list=29%, signal=64%	
DAVICIONI_PAX_FOXO1_SIGNATURE_IN_ARMS_UP	DAVICIONI_PAX_FOXO1_SIGNATURE_IN_ARMS_UP		55	0.29303876	1.1781402	0.18657938	0.50868005	1.0	2087	tags=22%, list=14%, signal=25%	
CHEN_LUNG_CANCER_SURVIVAL	CHEN_LUNG_CANCER_SURVIVAL		25	0.36694363	1.1778873	0.23550725	0.5089079	1.0	3642	tags=44%, list=24%, signal=58%	
SEKI_INFLAMMATORY_RESPONSE_LPS_DN	SEKI_INFLAMMATORY_RESPONSE_LPS_DN		18	0.38747025	1.1777765	0.25223613	0.5087146	1.0	3535	tags=39%, list=23%, signal=51%	
REACTOME_INTRINSIC_PATHWAY_OF_FIBRIN_CLOT_FORMATION	REACTOME_INTRINSIC_PATHWAY_OF_FIBRIN_CLOT_FORMATION		16	0.40275738	1.1773063	0.26584506	0.50945276	1.0	3531	tags=44%, list=23%, signal=57%	
IZADPANAH_STEM_CELL_ADIPOSE_VS_BONE_UP	IZADPANAH_STEM_CELL_ADIPOSE_VS_BONE_UP		114	0.2621724	1.1763213	0.18083462	0.5116237	1.0	1397	tags=16%, list=9%, signal=17%	
SANA_TNF_SIGNALING_DN	SANA_TNF_SIGNALING_DN		78	0.2730039	1.1758001	0.18690096	0.51257557	1.0	1923	tags=17%, list=13%, signal=19%	
MULLIGHAN_MLL_SIGNATURE_2_UP	MULLIGHAN_MLL_SIGNATURE_2_UP		369	0.22305736	1.1756343	0.09695291	0.5125521	1.0	3413	tags=24%, list=23%, signal=31%	
WP_APOPTOSIS_MODULATION_BY_HSP70	WP_APOPTOSIS_MODULATION_BY_HSP70		16	0.40979955	1.1751261	0.26449275	0.5134421	1.0	2699	tags=44%, list=18%, signal=53%	
MIKKELSEN_NPC_ICP_WITH_H3K4ME3	MIKKELSEN_NPC_ICP_WITH_H3K4ME3		412	0.22205183	1.1749929	0.09511229	0.51332736	1.0	3040	tags=24%, list=20%, signal=29%	
WIERENGA_STAT5A_TARGETS_UP	WIERENGA_STAT5A_TARGETS_UP		168	0.24544625	1.1747133	0.1506647	0.5136053	1.0	3095	tags=26%, list=20%, signal=32%	
REACTOME_S_PHASE	REACTOME_S_PHASE		139	0.2507141	1.1738039	0.15360501	0.51556534	1.0	4522	tags=32%, list=30%, signal=46%	
KEGG_RIG_I_LIKE_RECEPTOR_SIGNALING_PATHWAY	KEGG_RIG_I_LIKE_RECEPTOR_SIGNALING_PATHWAY		47	0.30775583	1.1737263	0.23063973	0.51529163	1.0	2245	tags=23%, list=15%, signal=27%	
MCGARVEY_SILENCED_BY_METHYLATION_IN_COLON_CANCER	MCGARVEY_SILENCED_BY_METHYLATION_IN_COLON_CANCER		36	0.32755777	1.1736692	0.229097	0.514962	1.0	1911	tags=25%, list=13%, signal=29%	
KAMMINGA_EZH2_TARGETS	KAMMINGA_EZH2_TARGETS		38	0.3228283	1.1729507	0.2369338	0.5164013	1.0	5214	tags=50%, list=35%, signal=76%	
HAN_SATB1_TARGETS_DN	HAN_SATB1_TARGETS_DN		359	0.2244104	1.17281	0.10497238	0.5163099	1.0	2695	tags=19%, list=18%, signal=23%	
WP_11P112_COPY_NUMBER_VARIATION_SYNDROME	WP_11P112_COPY_NUMBER_VARIATION_SYNDROME		48	0.30075833	1.172543	0.23226951	0.51653695	1.0	1315	tags=17%, list=9%, signal=18%	
WINNEPENNINCKX_MELANOMA_METASTASIS_DN	WINNEPENNINCKX_MELANOMA_METASTASIS_DN		33	0.33082023	1.1711361	0.2216312	0.51982516	1.0	3963	tags=45%, list=26%, signal=61%	
PETROVA_PROX1_TARGETS_DN	PETROVA_PROX1_TARGETS_DN		52	0.29180673	1.1709836	0.20973155	0.5197703	1.0	2351	tags=23%, list=16%, signal=27%	
BRAUNE_GEIST_20_GENE_NOTCH_SIG_BREAST_CANCER	BRAUNE_GEIST_20_GENE_NOTCH_SIG_BREAST_CANCER		20	0.37111762	1.1704607	0.2443281	0.52070653	1.0	3768	tags=45%, list=25%, signal=60%	
SMID_BREAST_CANCER_LUMINAL_B_UP	SMID_BREAST_CANCER_LUMINAL_B_UP		144	0.24767344	1.1702503	0.17928903	0.52077687	1.0	3387	tags=32%, list=22%, signal=41%	
ZHANG_RESPONSE_TO_IKK_INHIBITOR_AND_TNF_UP	ZHANG_RESPONSE_TO_IKK_INHIBITOR_AND_TNF_UP		188	0.24026957	1.1698995	0.15474452	0.5212568	1.0	2895	tags=24%, list=19%, signal=29%	
MIKKELSEN_MEF_HCP_WITH_H3K27ME3	MIKKELSEN_MEF_HCP_WITH_H3K27ME3		466	0.21764314	1.1691154	0.072559364	0.5229392	1.0	3892	tags=36%, list=26%, signal=47%	
SARRIO_EPITHELIAL_MESENCHYMAL_TRANSITION_DN	SARRIO_EPITHELIAL_MESENCHYMAL_TRANSITION_DN		117	0.2572271	1.1690502	0.18277946	0.5226497	1.0	3262	tags=32%, list=22%, signal=40%	
REACTOME_CILIUM_ASSEMBLY	REACTOME_CILIUM_ASSEMBLY		186	0.2392308	1.168506	0.16	0.52365047	1.0	4607	tags=37%, list=30%, signal=53%	
KLEIN_TARGETS_OF_BCR_ABL1_FUSION	KLEIN_TARGETS_OF_BCR_ABL1_FUSION		30	0.3398667	1.1670277	0.23116438	0.52719295	1.0	4157	tags=40%, list=28%, signal=55%	
AFFAR_YY1_TARGETS_DN	AFFAR_YY1_TARGETS_DN		221	0.23340361	1.1668359	0.13929619	0.5272609	1.0	2415	tags=18%, list=16%, signal=21%	
MARSON_FOXP3_TARGETS_UP	MARSON_FOXP3_TARGETS_UP		57	0.29439312	1.1665299	0.20169492	0.52762836	1.0	5420	tags=53%, list=36%, signal=82%	
NABA_MATRISOME_HGSOC_OMENTAL_METASTASIS	NABA_MATRISOME_HGSOC_OMENTAL_METASTASIS		51	0.30090696	1.1653217	0.21815287	0.5304453	1.0	2262	tags=25%, list=15%, signal=30%	
IVANOVA_HEMATOPOIESIS_STEM_CELL_LONG_TERM	IVANOVA_HEMATOPOIESIS_STEM_CELL_LONG_TERM		184	0.23741767	1.1634763	0.17484662	0.5350561	1.0	3853	tags=33%, list=25%, signal=43%	
PEREZ_TP53_AND_TP63_TARGETS	PEREZ_TP53_AND_TP63_TARGETS		182	0.23829132	1.1633545	0.14064915	0.53492266	1.0	2824	tags=24%, list=19%, signal=29%	
IGLESIAS_E2F_TARGETS_UP	IGLESIAS_E2F_TARGETS_UP		117	0.25385916	1.1630409	0.17873652	0.535287	1.0	3205	tags=24%, list=21%, signal=30%	
DOUGLAS_BMI1_TARGETS_DN	DOUGLAS_BMI1_TARGETS_DN		277	0.22700119	1.162793	0.14814815	0.53550154	1.0	4159	tags=29%, list=28%, signal=40%	
REACTOME_TERMINATION_OF_O_GLYCAN_BIOSYNTHESIS	REACTOME_TERMINATION_OF_O_GLYCAN_BIOSYNTHESIS		15	0.4046005	1.1624488	0.2875226	0.53593975	1.0	3485	tags=53%, list=23%, signal=69%	
RUTELLA_RESPONSE_TO_HGF_UP	RUTELLA_RESPONSE_TO_HGF_UP		365	0.22155909	1.1620377	0.11511789	0.5366044	1.0	3947	tags=29%, list=26%, signal=38%	
SCHLINGEMANN_SKIN_CARCINOGENESIS_TPA_UP	SCHLINGEMANN_SKIN_CARCINOGENESIS_TPA_UP		28	0.33666614	1.1616805	0.26287743	0.5371109	1.0	361	tags=11%, list=2%, signal=11%	
REACTOME_INTERLEUKIN_2_FAMILY_SIGNALING	REACTOME_INTERLEUKIN_2_FAMILY_SIGNALING		29	0.34112832	1.1616753	0.24731183	0.53663874	1.0	3451	tags=41%, list=23%, signal=54%	
KYNG_WERNER_SYNDROM_AND_NORMAL_AGING_UP	KYNG_WERNER_SYNDROM_AND_NORMAL_AGING_UP		66	0.27757588	1.1613904	0.19204152	0.53696537	1.0	2466	tags=20%, list=16%, signal=23%	
MEBARKI_HCC_PROGENITOR_WNT_UP	MEBARKI_HCC_PROGENITOR_WNT_UP		165	0.24076489	1.1613278	0.17302053	0.5366524	1.0	3178	tags=26%, list=21%, signal=33%	
RUAN_RESPONSE_TO_TNF_DN	RUAN_RESPONSE_TO_TNF_DN		70	0.27940103	1.1608598	0.21656051	0.5374771	1.0	1741	tags=19%, list=12%, signal=21%	
RODWELL_AGING_KIDNEY_DN	RODWELL_AGING_KIDNEY_DN		126	0.25419426	1.1603149	0.17984496	0.5384985	1.0	1586	tags=17%, list=10%, signal=19%	
GENTILE_UV_LOW_DOSE_UP	GENTILE_UV_LOW_DOSE_UP		20	0.367351	1.1602255	0.25183824	0.53828585	1.0	1372	tags=20%, list=9%, signal=22%	
SIG_REGULATION_OF_THE_ACTIN_CYTOSKELETON_BY_RHO_GTPASES	SIG_REGULATION_OF_THE_ACTIN_CYTOSKELETON_BY_RHO_GTPASES		29	0.34244952	1.1598679	0.25553662	0.53878355	1.0	3385	tags=34%, list=22%, signal=44%	
REACTOME_G2_M_CHECKPOINTS	REACTOME_G2_M_CHECKPOINTS		130	0.25163832	1.1598012	0.18965517	0.5384877	1.0	4148	tags=32%, list=27%, signal=44%	
KONIGORSKI_INCREASED_SUBCUTANEOUS_ADIPOSE_TISSUE_MASS_UP	KONIGORSKI_INCREASED_SUBCUTANEOUS_ADIPOSE_TISSUE_MASS_UP		287	0.22674677	1.159577	0.13055953	0.5386155	1.0	3878	tags=30%, list=26%, signal=40%	
BLANCO_MELO_BRONCHIAL_EPITHELIAL_CELLS_INFLUENZA_A_INFECTION_DN	BLANCO_MELO_BRONCHIAL_EPITHELIAL_CELLS_INFLUENZA_A_INFECTION_DN		73	0.2791291	1.159297	0.21105528	0.53888744	1.0	2875	tags=30%, list=19%, signal=37%	
WP_SMITHMAGENIS_AND_POTOCKILUPSKI_SYNDROME_COPY_NUMBER_VARIATION	WP_SMITHMAGENIS_AND_POTOCKILUPSKI_SYNDROME_COPY_NUMBER_VARIATION		131	0.25056902	1.1589836	0.17357911	0.5392694	1.0	3437	tags=29%, list=23%, signal=37%	
LUND_SILENCED_BY_METHYLATION	LUND_SILENCED_BY_METHYLATION		15	0.3998537	1.1589826	0.2849365	0.5387925	1.0	3359	tags=40%, list=22%, signal=51%	
MUELLER_COMMON_TARGETS_OF_AML_FUSIONS_DN	MUELLER_COMMON_TARGETS_OF_AML_FUSIONS_DN		26	0.35004964	1.1575192	0.25762713	0.5423345	1.0	5073	tags=54%, list=34%, signal=81%	
DELACROIX_RAR_TARGETS_UP	DELACROIX_RAR_TARGETS_UP		41	0.30352244	1.1571229	0.23859648	0.5429101	1.0	493	tags=12%, list=3%, signal=13%	
WP_PATHOGENIC_ESCHERICHIA_COLI_INFECTION	WP_PATHOGENIC_ESCHERICHIA_COLI_INFECTION		46	0.3029654	1.1570926	0.22607261	0.54251707	1.0	4594	tags=41%, list=30%, signal=59%	
IWANAGA_CARCINOGENESIS_BY_KRAS_PTEN_UP	IWANAGA_CARCINOGENESIS_BY_KRAS_PTEN_UP		160	0.24259622	1.1569666	0.16292974	0.54241186	1.0	4522	tags=38%, list=30%, signal=53%	
SHEDDEN_LUNG_CANCER_GOOD_SURVIVAL_A12	SHEDDEN_LUNG_CANCER_GOOD_SURVIVAL_A12		213	0.23350668	1.1569525	0.15789473	0.54197055	1.0	1924	tags=18%, list=13%, signal=21%	
WP_METABOLIC_PATHWAYS_OF_FIBROBLASTS	WP_METABOLIC_PATHWAYS_OF_FIBROBLASTS		31	0.3278163	1.1566216	0.2551724	0.542446	1.0	2072	tags=26%, list=14%, signal=30%	
KEGG_BIOSYNTHESIS_OF_UNSATURATED_FATTY_ACIDS	KEGG_BIOSYNTHESIS_OF_UNSATURATED_FATTY_ACIDS		21	0.35924986	1.1563438	0.2658228	0.5427166	1.0	4737	tags=43%, list=31%, signal=62%	
HOUSTIS_ROS	HOUSTIS_ROS		33	0.33264008	1.1558744	0.27563027	0.5435539	1.0	3807	tags=36%, list=25%, signal=49%	
SCHUETZ_BREAST_CANCER_DUCTAL_INVASIVE_UP	SCHUETZ_BREAST_CANCER_DUCTAL_INVASIVE_UP		305	0.22356813	1.1552964	0.12988827	0.54465777	1.0	3199	tags=25%, list=21%, signal=31%	
HEIDENBLAD_AMPLICON_8Q24_DN	HEIDENBLAD_AMPLICON_8Q24_DN		37	0.31224617	1.15477	0.2578397	0.54563123	1.0	3014	tags=27%, list=20%, signal=34%	
PULVER_FOREY_CELLCYCLE_PEAKING_EG1	PULVER_FOREY_CELLCYCLE_PEAKING_EG1		420	0.21615809	1.1547477	0.09919571	0.54521394	1.0	2766	tags=21%, list=18%, signal=26%	
REACTOME_O_LINKED_GLYCOSYLATION	REACTOME_O_LINKED_GLYCOSYLATION		96	0.2596848	1.1544206	0.20508744	0.54564875	1.0	3800	tags=32%, list=25%, signal=43%	
FENG_SEPSIS_HIGH_RISK_ROS_UP	FENG_SEPSIS_HIGH_RISK_ROS_UP		21	0.36108753	1.1542412	0.2582897	0.54564106	1.0	2800	tags=33%, list=19%, signal=41%	
WP_OXIDATIVE_STRESS_RESPONSE	WP_OXIDATIVE_STRESS_RESPONSE		27	0.34906277	1.1539949	0.2513465	0.5458266	1.0	3878	tags=33%, list=26%, signal=45%	
MEISSNER_NPC_HCP_WITH_H3K4ME3_AND_H3K27ME3	MEISSNER_NPC_HCP_WITH_H3K4ME3_AND_H3K27ME3		132	0.24955773	1.1539323	0.18139535	0.54553103	1.0	2639	tags=26%, list=17%, signal=31%	
SCHLESINGER_METHYLATED_DE_NOVO_IN_CANCER	SCHLESINGER_METHYLATED_DE_NOVO_IN_CANCER		72	0.27568382	1.1534853	0.23228996	0.5463039	1.0	4571	tags=43%, list=30%, signal=61%	
WANG_RESPONSE_TO_GSK3_INHIBITOR_SB216763_UP	WANG_RESPONSE_TO_GSK3_INHIBITOR_SB216763_UP		299	0.2260025	1.1534038	0.12871288	0.54603297	1.0	2476	tags=20%, list=16%, signal=24%	
DAWSON_METHYLATED_IN_LYMPHOMA_TCL1	DAWSON_METHYLATED_IN_LYMPHOMA_TCL1		54	0.2922385	1.1530752	0.23400673	0.5464281	1.0	2090	tags=26%, list=14%, signal=30%	
MISHRA_CARCINOMA_ASSOCIATED_FIBROBLAST_UP	MISHRA_CARCINOMA_ASSOCIATED_FIBROBLAST_UP		21	0.3659378	1.1529931	0.27130434	0.54615444	1.0	941	tags=24%, list=6%, signal=25%	
MIKKELSEN_MCV6_ICP_WITH_H3K27ME3	MIKKELSEN_MCV6_ICP_WITH_H3K27ME3		45	0.30161437	1.1521066	0.21985815	0.54820406	1.0	3283	tags=36%, list=22%, signal=45%	
IVANOVA_HEMATOPOIESIS_STEM_CELL_SHORT_TERM	IVANOVA_HEMATOPOIESIS_STEM_CELL_SHORT_TERM		18	0.38082904	1.1518414	0.28176796	0.54849696	1.0	2958	tags=28%, list=20%, signal=34%	
WP_AFFECTED_PATHWAYS_IN_DUCHENNE_MUSCULAR_DYSTROPHY	WP_AFFECTED_PATHWAYS_IN_DUCHENNE_MUSCULAR_DYSTROPHY		55	0.2885998	1.1517689	0.23657718	0.5482049	1.0	3764	tags=29%, list=25%, signal=39%	
MEBARKI_HCC_PROGENITOR_WNT_DN_BLOCKED_BY_FZD8CRD	MEBARKI_HCC_PROGENITOR_WNT_DN_BLOCKED_BY_FZD8CRD		54	0.2933672	1.1517584	0.24761905	0.54776525	1.0	4415	tags=48%, list=29%, signal=68%	
REACTOME_PROTEASOME_ASSEMBLY	REACTOME_PROTEASOME_ASSEMBLY		48	0.29646105	1.1514142	0.22075783	0.5483023	1.0	1844	tags=17%, list=12%, signal=19%	
WP_APOPTOSIS	WP_APOPTOSIS		73	0.27346385	1.1512611	0.22093023	0.5482463	1.0	2441	tags=29%, list=16%, signal=34%	
PID_CMYB_PATHWAY	PID_CMYB_PATHWAY		68	0.2782193	1.1509963	0.22445561	0.5485237	1.0	2686	tags=25%, list=18%, signal=30%	
WHITFIELD_CELL_CYCLE_G1_S	WHITFIELD_CELL_CYCLE_G1_S		109	0.25779545	1.1509874	0.2164297	0.54806775	1.0	5282	tags=43%, list=35%, signal=66%	
KONG_E2F3_TARGETS	KONG_E2F3_TARGETS		87	0.2648091	1.1504346	0.22385621	0.54914176	1.0	5931	tags=53%, list=39%, signal=87%	
BHAT_ESR1_TARGETS_VIA_AKT1_DN	BHAT_ESR1_TARGETS_VIA_AKT1_DN		78	0.27231464	1.1501058	0.23731588	0.5495478	1.0	2737	tags=22%, list=18%, signal=26%	
PETROVA_ENDOTHELIUM_LYMPHATIC_VS_BLOOD_DN	PETROVA_ENDOTHELIUM_LYMPHATIC_VS_BLOOD_DN		146	0.24755923	1.1499405	0.19877675	0.5495493	1.0	3791	tags=27%, list=25%, signal=36%	
REACTOME_SWITCHING_OF_ORIGINS_TO_A_POST_REPLICATIVE_STATE	REACTOME_SWITCHING_OF_ORIGINS_TO_A_POST_REPLICATIVE_STATE		75	0.27258593	1.1498365	0.23376623	0.5493407	1.0	4522	tags=35%, list=30%, signal=49%	
PID_INTEGRIN2_PATHWAY	PID_INTEGRIN2_PATHWAY		22	0.36442733	1.1494336	0.3	0.5499993	1.0	3256	tags=32%, list=22%, signal=40%	
PID_P53_DOWNSTREAM_PATHWAY	PID_P53_DOWNSTREAM_PATHWAY		116	0.25441805	1.1493924	0.2037037	0.54965234	1.0	1995	tags=20%, list=13%, signal=23%	
GAUSSMANN_MLL_AF4_FUSION_TARGETS_G_UP	GAUSSMANN_MLL_AF4_FUSION_TARGETS_G_UP		206	0.23481098	1.1490597	0.16119403	0.55009145	1.0	3724	tags=30%, list=25%, signal=39%	
RODWELL_AGING_KIDNEY_NO_BLOOD_DN	RODWELL_AGING_KIDNEY_NO_BLOOD_DN		132	0.24987479	1.1484306	0.18408737	0.5514146	1.0	1322	tags=16%, list=9%, signal=17%	
FONTAINE_FOLLICULAR_THYROID_ADENOMA_UP	FONTAINE_FOLLICULAR_THYROID_ADENOMA_UP		67	0.27729863	1.1482521	0.23101266	0.55145466	1.0	1514	tags=15%, list=10%, signal=17%	
JIANG_HYPOXIA_NORMAL	JIANG_HYPOXIA_NORMAL		179	0.2381487	1.1475011	0.16187595	0.55312645	1.0	3851	tags=27%, list=25%, signal=36%	
HANN_RESISTANCE_TO_BCL2_INHIBITOR_DN	HANN_RESISTANCE_TO_BCL2_INHIBITOR_DN		39	0.31313345	1.1473553	0.24957265	0.5530414	1.0	4036	tags=44%, list=27%, signal=59%	
HOSHIDA_LIVER_CANCER_SUBCLASS_S1	HOSHIDA_LIVER_CANCER_SUBCLASS_S1		201	0.2332384	1.1473252	0.1736527	0.5526411	1.0	4261	tags=33%, list=28%, signal=45%	
HOFFMANN_LARGE_TO_SMALL_PRE_BII_LYMPHOCYTE_UP	HOFFMANN_LARGE_TO_SMALL_PRE_BII_LYMPHOCYTE_UP		137	0.24427937	1.1454742	0.21597633	0.55747473	1.0	5628	tags=46%, list=37%, signal=73%	
DELPUECH_FOXO3_TARGETS_DN	DELPUECH_FOXO3_TARGETS_DN		37	0.31339106	1.14539	0.2576792	0.5572323	1.0	2971	tags=22%, list=20%, signal=27%	
WP_PARKINUBIQUITIN_PROTEASOMAL_SYSTEM_PATHWAY	WP_PARKINUBIQUITIN_PROTEASOMAL_SYSTEM_PATHWAY		62	0.27992785	1.1449798	0.23548387	0.5579175	1.0	1475	tags=18%, list=10%, signal=20%	
BASAKI_YBX1_TARGETS_DN	BASAKI_YBX1_TARGETS_DN		347	0.21981762	1.1443235	0.1409396	0.55929446	1.0	2823	tags=22%, list=19%, signal=26%	
STEIN_ESRRA_TARGETS_RESPONSIVE_TO_ESTROGEN_UP	STEIN_ESRRA_TARGETS_RESPONSIVE_TO_ESTROGEN_UP		26	0.34445244	1.1440547	0.25971732	0.55956113	1.0	2595	tags=27%, list=17%, signal=32%	
LANDEMAINE_LUNG_METASTASIS	LANDEMAINE_LUNG_METASTASIS		17	0.3834597	1.1435288	0.26605505	0.56053907	1.0	5133	tags=53%, list=34%, signal=80%	
HU_GENOTOXIN_ACTION_DIRECT_VS_INDIRECT_24HR	HU_GENOTOXIN_ACTION_DIRECT_VS_INDIRECT_24HR		42	0.30412713	1.1434674	0.2455516	0.5602202	1.0	2465	tags=24%, list=16%, signal=28%	
HASLINGER_B_CLL_WITH_6Q21_DELETION	HASLINGER_B_CLL_WITH_6Q21_DELETION		19	0.3771284	1.1433221	0.26842105	0.56016153	1.0	1500	tags=26%, list=10%, signal=29%	
CHEBOTAEV_GR_TARGETS_DN	CHEBOTAEV_GR_TARGETS_DN		110	0.25305027	1.1431718	0.2245827	0.5601049	1.0	3041	tags=28%, list=20%, signal=35%	
NADLER_OBESITY_DN	NADLER_OBESITY_DN		40	0.30677518	1.1423712	0.25042883	0.5618778	1.0	2577	tags=20%, list=17%, signal=24%	
KEGG_PATHOGENIC_ESCHERICHIA_COLI_INFECTION	KEGG_PATHOGENIC_ESCHERICHIA_COLI_INFECTION		46	0.3029654	1.1420838	0.24784854	0.5622208	1.0	4594	tags=41%, list=30%, signal=59%	
REACTOME_METABOLISM_OF_CARBOHYDRATES_AND_CARBOHYDRATE_DERIVATIVES	REACTOME_METABOLISM_OF_CARBOHYDRATES_AND_CARBOHYDRATE_DERIVATIVES		250	0.22340953	1.1415476	0.15805022	0.5632141	1.0	4259	tags=33%, list=28%, signal=45%	
KOYAMA_SEMA3B_TARGETS_DN	KOYAMA_SEMA3B_TARGETS_DN		317	0.22278737	1.1401165	0.16338028	0.56679684	1.0	3966	tags=30%, list=26%, signal=40%	
MADAN_DPPA4_TARGETS	MADAN_DPPA4_TARGETS		41	0.30199495	1.139701	0.2665535	0.5674867	1.0	3962	tags=41%, list=26%, signal=56%	
KRIEG_HYPOXIA_VIA_KDM3A	KRIEG_HYPOXIA_VIA_KDM3A		48	0.29097745	1.1396965	0.25868055	0.5670157	1.0	3379	tags=33%, list=22%, signal=43%	
NEMETH_INFLAMMATORY_RESPONSE_LPS_UP	NEMETH_INFLAMMATORY_RESPONSE_LPS_UP		67	0.27562967	1.1395348	0.2464	0.5669856	1.0	4244	tags=37%, list=28%, signal=52%	
VALK_AML_CLUSTER_12	VALK_AML_CLUSTER_12		25	0.34973195	1.1394017	0.28956833	0.5668516	1.0	1936	tags=20%, list=13%, signal=23%	
CEBALLOS_TARGETS_OF_TP53_AND_MYC_UP	CEBALLOS_TARGETS_OF_TP53_AND_MYC_UP		17	0.38133144	1.1393278	0.2825688	0.5665645	1.0	2673	tags=24%, list=18%, signal=29%	
MULLIGHAN_NPM1_SIGNATURE_3_UP	MULLIGHAN_NPM1_SIGNATURE_3_UP		283	0.2205395	1.1388246	0.1659808	0.5675146	1.0	4180	tags=30%, list=28%, signal=40%	
DAVICIONI_TARGETS_OF_PAX_FOXO1_FUSIONS_DN	DAVICIONI_TARGETS_OF_PAX_FOXO1_FUSIONS_DN		59	0.2846494	1.1387511	0.23972602	0.5672333	1.0	2356	tags=24%, list=16%, signal=28%	
ZWANG_EGF_INTERVAL_UP	ZWANG_EGF_INTERVAL_UP		69	0.27565977	1.1386366	0.23760684	0.5670773	1.0	1894	tags=25%, list=13%, signal=28%	
DEURIG_T_CELL_PROLYMPHOCYTIC_LEUKEMIA_DN	DEURIG_T_CELL_PROLYMPHOCYTIC_LEUKEMIA_DN		263	0.22388051	1.1374779	0.17588653	0.5698862	1.0	4042	tags=30%, list=27%, signal=40%	
SU_LIVER	SU_LIVER		35	0.31821564	1.1368568	0.26241136	0.57118595	1.0	3369	tags=37%, list=22%, signal=48%	
SESTO_RESPONSE_TO_UV_C6	SESTO_RESPONSE_TO_UV_C6		32	0.3231754	1.1368406	0.27164686	0.5707457	1.0	2925	tags=28%, list=19%, signal=35%	
AKL_HTLV1_INFECTION_DN	AKL_HTLV1_INFECTION_DN		55	0.28968564	1.1361831	0.2579035	0.5721556	1.0	4423	tags=36%, list=29%, signal=51%	
KOYAMA_SEMA3B_TARGETS_UP	KOYAMA_SEMA3B_TARGETS_UP		227	0.22886749	1.1360065	0.16944444	0.5721494	1.0	2783	tags=23%, list=18%, signal=28%	
KEGG_PANTOTHENATE_AND_COA_BIOSYNTHESIS	KEGG_PANTOTHENATE_AND_COA_BIOSYNTHESIS		15	0.40115628	1.1354384	0.30520648	0.57332295	1.0	4102	tags=53%, list=27%, signal=73%	
MAHADEVAN_IMATINIB_RESISTANCE_DN	MAHADEVAN_IMATINIB_RESISTANCE_DN		15	0.39750242	1.1353868	0.30075186	0.572986	1.0	501	tags=20%, list=3%, signal=21%	
WP_INTRAFLAGELLAR_TRANSPORT_PROTEINS_BINDING_TO_DYNEIN	WP_INTRAFLAGELLAR_TRANSPORT_PROTEINS_BINDING_TO_DYNEIN		27	0.33425143	1.135351	0.28737542	0.57261634	1.0	4740	tags=52%, list=31%, signal=75%	
PODAR_RESPONSE_TO_ADAPHOSTIN_UP	PODAR_RESPONSE_TO_ADAPHOSTIN_UP		127	0.24750456	1.1350467	0.20879121	0.57301015	1.0	3172	tags=28%, list=21%, signal=35%	
SASAKI_ADULT_T_CELL_LEUKEMIA	SASAKI_ADULT_T_CELL_LEUKEMIA		148	0.24076355	1.1350335	0.21791045	0.5725665	1.0	5288	tags=40%, list=35%, signal=61%	
WP_NFKB_SIGNALING_AND_ARTD_FAMILY_MEMBERS	WP_NFKB_SIGNALING_AND_ARTD_FAMILY_MEMBERS		26	0.3432525	1.1347696	0.28474575	0.5728508	1.0	1070	tags=19%, list=7%, signal=21%	
STAMBOLSKY_TARGETS_OF_MUTATED_TP53_UP	STAMBOLSKY_TARGETS_OF_MUTATED_TP53_UP		40	0.30697387	1.1342998	0.25342464	0.5736349	1.0	1399	tags=20%, list=9%, signal=22%	
WP_FGF23_SIGNALING_IN_HYPOPHOSPHATEMIC_RICKETS_AND_RELATED_DISORDERS	WP_FGF23_SIGNALING_IN_HYPOPHOSPHATEMIC_RICKETS_AND_RELATED_DISORDERS		15	0.39241832	1.1337557	0.3071298	0.57472813	1.0	2126	tags=27%, list=14%, signal=31%	
ACEVEDO_LIVER_CANCER_WITH_H3K27ME3_UP	ACEVEDO_LIVER_CANCER_WITH_H3K27ME3_UP		199	0.2331915	1.1335752	0.20178041	0.5747857	1.0	2419	tags=21%, list=16%, signal=24%	
KEGG_VASCULAR_SMOOTH_MUSCLE_CONTRACTION	KEGG_VASCULAR_SMOOTH_MUSCLE_CONTRACTION		93	0.25584653	1.1332942	0.2475083	0.5750969	1.0	1878	tags=18%, list=12%, signal=21%	
WP_CLOCKCONTROLLED_AUTOPHAGY_IN_BONE_METABOLISM	WP_CLOCKCONTROLLED_AUTOPHAGY_IN_BONE_METABOLISM		71	0.2723486	1.132795	0.25465837	0.5759774	1.0	1978	tags=17%, list=13%, signal=19%	
SMIRNOV_RESPONSE_TO_IR_6HR_DN	SMIRNOV_RESPONSE_TO_IR_6HR_DN		91	0.25738767	1.13231	0.23197491	0.5768815	1.0	5176	tags=46%, list=34%, signal=70%	
KEGG_CYSTEINE_AND_METHIONINE_METABOLISM	KEGG_CYSTEINE_AND_METHIONINE_METABOLISM		28	0.32593417	1.1317579	0.28284672	0.57795155	1.0	4177	tags=39%, list=28%, signal=54%	
RASHI_RESPONSE_TO_IONIZING_RADIATION_4	RASHI_RESPONSE_TO_IONIZING_RADIATION_4		41	0.30809358	1.1316963	0.2857143	0.5776435	1.0	4076	tags=34%, list=27%, signal=47%	
REACTOME_NUCLEAR_RECEPTOR_TRANSCRIPTION_PATHWAY	REACTOME_NUCLEAR_RECEPTOR_TRANSCRIPTION_PATHWAY		47	0.2939725	1.1311053	0.25895765	0.5788139	1.0	1018	tags=13%, list=7%, signal=14%	
WP_PYRIMIDINE_METABOLISM	WP_PYRIMIDINE_METABOLISM		82	0.26686874	1.1309698	0.25682184	0.5787457	1.0	4040	tags=30%, list=27%, signal=41%	
BLANCO_MELO_BRONCHIAL_EPITHELIAL_CELLS_INFLUENZA_A_INFECTION_UP	BLANCO_MELO_BRONCHIAL_EPITHELIAL_CELLS_INFLUENZA_A_INFECTION_UP		117	0.24848859	1.1305282	0.23353294	0.5794986	1.0	3157	tags=22%, list=21%, signal=28%	
ONO_AML1_TARGETS_DN	ONO_AML1_TARGETS_DN		25	0.3450991	1.1299295	0.2862069	0.5807605	1.0	1502	tags=20%, list=10%, signal=22%	
IKEDA_MIR1_TARGETS_UP	IKEDA_MIR1_TARGETS_UP		48	0.29179966	1.1294146	0.26624405	0.5817305	1.0	6030	tags=52%, list=40%, signal=86%	
BROWNE_HCMV_INFECTION_24HR_DN	BROWNE_HCMV_INFECTION_24HR_DN		126	0.24319407	1.128497	0.22580644	0.583854	1.0	3854	tags=35%, list=26%, signal=46%	
LU_TUMOR_VASCULATURE_UP	LU_TUMOR_VASCULATURE_UP		27	0.33169582	1.1284415	0.27256945	0.58352363	1.0	3914	tags=48%, list=26%, signal=65%	
MANNE_COVID19_COMBINED_COHORT_VS_HEALTHY_DONOR_PLATELETS_UP	MANNE_COVID19_COMBINED_COHORT_VS_HEALTHY_DONOR_PLATELETS_UP		155	0.2399943	1.1284372	0.22857143	0.5830567	1.0	2546	tags=23%, list=17%, signal=27%	
REACTOME_CA2_PATHWAY	REACTOME_CA2_PATHWAY		55	0.2817951	1.1283255	0.26841244	0.58285993	1.0	2639	tags=24%, list=17%, signal=29%	
YAMASHITA_METHYLATED_IN_PROSTATE_CANCER	YAMASHITA_METHYLATED_IN_PROSTATE_CANCER		46	0.29617414	1.1273427	0.2968491	0.5851911	1.0	3254	tags=35%, list=22%, signal=44%	
REACTOME_SHC1_EVENTS_IN_ERBB2_SIGNALING	REACTOME_SHC1_EVENTS_IN_ERBB2_SIGNALING		20	0.36129123	1.1269568	0.30335096	0.5858369	1.0	1967	tags=25%, list=13%, signal=29%	
PID_TOLL_ENDOGENOUS_PATHWAY	PID_TOLL_ENDOGENOUS_PATHWAY		18	0.37359533	1.1264911	0.30341113	0.5866925	1.0	3040	tags=33%, list=20%, signal=42%	
BAE_BRCA1_TARGETS_DN	BAE_BRCA1_TARGETS_DN		28	0.32837996	1.1256614	0.2960413	0.588562	1.0	2379	tags=21%, list=16%, signal=25%	
BACOLOD_RESISTANCE_TO_ALKYLATING_AGENTS_UP	BACOLOD_RESISTANCE_TO_ALKYLATING_AGENTS_UP		23	0.3524875	1.1256081	0.29749104	0.5882151	1.0	4316	tags=43%, list=29%, signal=61%	
SONG_TARGETS_OF_IE86_CMV_PROTEIN	SONG_TARGETS_OF_IE86_CMV_PROTEIN		50	0.292699	1.1250964	0.27712855	0.5892343	1.0	3971	tags=30%, list=26%, signal=41%	
REACTOME_SYNTHESIS_OF_IP3_AND_IP4_IN_THE_CYTOSOL	REACTOME_SYNTHESIS_OF_IP3_AND_IP4_IN_THE_CYTOSOL		20	0.36226085	1.124785	0.28647688	0.5896283	1.0	2821	tags=35%, list=19%, signal=43%	
WP_IL26_SIGNALING	WP_IL26_SIGNALING		33	0.3192912	1.1241934	0.3071553	0.59081703	1.0	4976	tags=48%, list=33%, signal=72%	
SASSON_RESPONSE_TO_GONADOTROPHINS_UP	SASSON_RESPONSE_TO_GONADOTROPHINS_UP		76	0.2685858	1.1239629	0.25370675	0.590982	1.0	1268	tags=17%, list=8%, signal=19%	
LEI_HOXC8_TARGETS_DN	LEI_HOXC8_TARGETS_DN		15	0.3990708	1.1237218	0.30075186	0.59119594	1.0	1245	tags=27%, list=8%, signal=29%	
FARMER_BREAST_CANCER_APOCRINE_VS_LUMINAL	FARMER_BREAST_CANCER_APOCRINE_VS_LUMINAL		287	0.21935257	1.123127	0.18884121	0.5924595	1.0	3531	tags=27%, list=23%, signal=35%	
ZWANG_CLASS_3_TRANSIENTLY_INDUCED_BY_EGF	ZWANG_CLASS_3_TRANSIENTLY_INDUCED_BY_EGF		194	0.23141785	1.1219969	0.19407408	0.59517527	1.0	2694	tags=21%, list=18%, signal=25%	
WP_ADIPOGENESIS	WP_ADIPOGENESIS		106	0.24923049	1.1218196	0.23427673	0.595194	1.0	3521	tags=26%, list=23%, signal=34%	
SCHLESINGER_H3K27ME3_IN_NORMAL_AND_METHYLATED_IN_CANCER	SCHLESINGER_H3K27ME3_IN_NORMAL_AND_METHYLATED_IN_CANCER		23	0.3439634	1.1215097	0.29246935	0.59560335	1.0	3892	tags=39%, list=26%, signal=53%	
RICKMAN_HEAD_AND_NECK_CANCER_A	RICKMAN_HEAD_AND_NECK_CANCER_A		93	0.2547788	1.1210837	0.23374613	0.59634215	1.0	3563	tags=31%, list=24%, signal=41%	
BLANCO_MELO_HUMAN_PARAINFLUENZA_VIRUS_3_INFECTION_A594_CELLS_DN	BLANCO_MELO_HUMAN_PARAINFLUENZA_VIRUS_3_INFECTION_A594_CELLS_DN		94	0.25246483	1.1208769	0.23817034	0.5964464	1.0	3536	tags=32%, list=23%, signal=41%	
CHEN_LIVER_METABOLISM_QTL_CIS	CHEN_LIVER_METABOLISM_QTL_CIS		75	0.26275975	1.1200686	0.26433122	0.5983686	1.0	3021	tags=27%, list=20%, signal=33%	
PLASARI_TGFB1_TARGETS_10HR_DN	PLASARI_TGFB1_TARGETS_10HR_DN		225	0.2246288	1.1196171	0.2143906	0.59917	1.0	3713	tags=29%, list=25%, signal=38%	
KEGG_ECM_RECEPTOR_INTERACTION	KEGG_ECM_RECEPTOR_INTERACTION		74	0.266596	1.1194867	0.25566342	0.59907186	1.0	2975	tags=26%, list=20%, signal=32%	
DASU_IL6_SIGNALING_SCAR_UP	DASU_IL6_SIGNALING_SCAR_UP		28	0.33154127	1.1176248	0.30136988	0.60387	1.0	2474	tags=25%, list=16%, signal=30%	
NABA_MATRISOME_METASTATIC_COLORECTAL_LIVER_METASTASIS	NABA_MATRISOME_METASTATIC_COLORECTAL_LIVER_METASTASIS		23	0.35017338	1.1173422	0.3044248	0.60423195	1.0	3498	tags=39%, list=23%, signal=51%	
HEIDENBLAD_AMPLICON_12P11_12_DN	HEIDENBLAD_AMPLICON_12P11_12_DN		17	0.3744512	1.1171227	0.311973	0.6043533	1.0	361	tags=12%, list=2%, signal=12%	
HUI_MAPK14_TARGETS_UP	HUI_MAPK14_TARGETS_UP		15	0.3822186	1.1170583	0.2939068	0.6040487	1.0	383	tags=20%, list=3%, signal=20%	
BROWNE_HCMV_INFECTION_14HR_DN	BROWNE_HCMV_INFECTION_14HR_DN		252	0.21986075	1.1170213	0.21839081	0.603661	1.0	2812	tags=21%, list=19%, signal=25%	
REACTOME_PHASE_II_CONJUGATION_OF_COMPOUNDS	REACTOME_PHASE_II_CONJUGATION_OF_COMPOUNDS		71	0.2678176	1.1165106	0.2813008	0.60465324	1.0	3814	tags=32%, list=25%, signal=43%	
KEGG_MEDICUS_ENV_FACTOR_ARSENIC_TO_ELECTRON_TRANSFER_IN_COMPLEX_IV	KEGG_MEDICUS_ENV_FACTOR_ARSENIC_TO_ELECTRON_TRANSFER_IN_COMPLEX_IV		18	0.3675036	1.1158788	0.29867676	0.60598856	1.0	5119	tags=39%, list=34%, signal=59%	
NAGY_TFTC_COMPONENTS_HUMAN	NAGY_TFTC_COMPONENTS_HUMAN		17	0.37782443	1.1155492	0.32310468	0.60648394	1.0	1861	tags=29%, list=12%, signal=34%	
WP_PROSTAGLANDIN_AND_LEUKOTRIENE_METABOLISM_IN_SENESCENCE	WP_PROSTAGLANDIN_AND_LEUKOTRIENE_METABOLISM_IN_SENESCENCE		28	0.32942176	1.1154379	0.30483273	0.60631067	1.0	4254	tags=39%, list=28%, signal=55%	
JAEGER_METASTASIS_UP	JAEGER_METASTASIS_UP		37	0.3057459	1.115128	0.3003472	0.60674024	1.0	4562	tags=35%, list=30%, signal=50%	
WP_AMYOTROPHIC_LATERAL_SCLEROSIS_ALS	WP_AMYOTROPHIC_LATERAL_SCLEROSIS_ALS		32	0.31415054	1.114771	0.28938356	0.6073139	1.0	1159	tags=19%, list=8%, signal=20%	
EPPERT_HSC_R	EPPERT_HSC_R		104	0.2471558	1.1146584	0.24267101	0.60717237	1.0	4318	tags=34%, list=29%, signal=47%	
ROSTY_CERVICAL_CANCER_PROLIFERATION_CLUSTER	ROSTY_CERVICAL_CANCER_PROLIFERATION_CLUSTER		132	0.24007665	1.1138908	0.23896499	0.6088361	1.0	5535	tags=39%, list=37%, signal=60%	
NIKOLSKY_BREAST_CANCER_7P22_AMPLICON	NIKOLSKY_BREAST_CANCER_7P22_AMPLICON		31	0.31616685	1.1134992	0.29491526	0.6095042	1.0	466	tags=10%, list=3%, signal=10%	
BLANCO_MELO_BRONCHIAL_EPITHELIAL_CELLS_INFLUENZA_A_DEL_NS1_INFECTION_DN	BLANCO_MELO_BRONCHIAL_EPITHELIAL_CELLS_INFLUENZA_A_DEL_NS1_INFECTION_DN		166	0.2354168	1.1133088	0.22814815	0.6095751	1.0	5979	tags=46%, list=40%, signal=75%	
NAGASHIMA_NRG1_SIGNALING_UP	NAGASHIMA_NRG1_SIGNALING_UP		149	0.23752847	1.1122859	0.23981191	0.61202073	1.0	3626	tags=28%, list=24%, signal=36%	
KEGG_MEDICUS_REFERENCE_ITGA_B_FAK_CDC42_SIGNALING_PATHWAY	KEGG_MEDICUS_REFERENCE_ITGA_B_FAK_CDC42_SIGNALING_PATHWAY		25	0.3334323	1.1122613	0.29591838	0.6116026	1.0	1588	tags=16%, list=11%, signal=18%	
RUTELLA_RESPONSE_TO_CSF2RB_AND_IL4_UP	RUTELLA_RESPONSE_TO_CSF2RB_AND_IL4_UP		294	0.21617912	1.1119395	0.20538244	0.61208147	1.0	1960	tags=17%, list=13%, signal=19%	
KATSANOU_ELAVL1_TARGETS_DN	KATSANOU_ELAVL1_TARGETS_DN		129	0.24114056	1.1116506	0.2511556	0.61245227	1.0	2755	tags=22%, list=18%, signal=27%	
OLSSON_E2F3_TARGETS_UP	OLSSON_E2F3_TARGETS_UP		23	0.3459796	1.11118	0.3140351	0.6133082	1.0	4161	tags=39%, list=28%, signal=54%	
REACTOME_BASE_EXCISION_REPAIR	REACTOME_BASE_EXCISION_REPAIR		69	0.2684184	1.1111653	0.27316293	0.6128749	1.0	2798	tags=28%, list=19%, signal=34%	
MATZUK_IMPLANTATION_AND_UTERINE	MATZUK_IMPLANTATION_AND_UTERINE		20	0.3566319	1.1100249	0.31362006	0.6157698	1.0	5714	tags=60%, list=38%, signal=96%	
DIRMEIER_LMP1_RESPONSE_EARLY	DIRMEIER_LMP1_RESPONSE_EARLY		48	0.28896242	1.1097775	0.2885246	0.6160261	1.0	2584	tags=31%, list=17%, signal=38%	
CHIANG_LIVER_CANCER_SUBCLASS_CTNNB1_UP	CHIANG_LIVER_CANCER_SUBCLASS_CTNNB1_UP		152	0.234733	1.1097285	0.2263566	0.615665	1.0	4318	tags=35%, list=29%, signal=48%	
GYORFFY_MITOXANTRONE_RESISTANCE	GYORFFY_MITOXANTRONE_RESISTANCE		28	0.32075593	1.1096901	0.30535713	0.61528826	1.0	4275	tags=43%, list=28%, signal=60%	
REACTOME_ACYL_CHAIN_REMODELLING_OF_PS	REACTOME_ACYL_CHAIN_REMODELLING_OF_PS		17	0.37201744	1.1095349	0.3240418	0.6152896	1.0	5239	tags=53%, list=35%, signal=81%	
WP_EXTRAFOLLICULAR_AND_FOLLICULAR_B_CELL_ACTIVATION_BY_SARSCOV2	WP_EXTRAFOLLICULAR_AND_FOLLICULAR_B_CELL_ACTIVATION_BY_SARSCOV2		45	0.2927709	1.109453	0.29845625	0.6150226	1.0	3375	tags=38%, list=22%, signal=48%	
REACTOME_TRANSLATION_OF_SARS_COV_1_STRUCTURAL_PROTEINS	REACTOME_TRANSLATION_OF_SARS_COV_1_STRUCTURAL_PROTEINS		24	0.33748314	1.1090393	0.32363012	0.6157723	1.0	2049	tags=25%, list=14%, signal=29%	
NIKOLSKY_BREAST_CANCER_11Q12_Q14_AMPLICON	NIKOLSKY_BREAST_CANCER_11Q12_Q14_AMPLICON		125	0.24289842	1.1084086	0.25714287	0.6171257	1.0	3335	tags=26%, list=22%, signal=33%	
AFFAR_YY1_TARGETS_UP	AFFAR_YY1_TARGETS_UP		166	0.23020892	1.1082424	0.24092889	0.6170893	1.0	2596	tags=23%, list=17%, signal=27%	
GESERICK_TERT_TARGETS_DN	GESERICK_TERT_TARGETS_DN		16	0.3787233	1.1081192	0.31619048	0.6169782	1.0	634	tags=19%, list=4%, signal=20%	
REACTOME_HS_GAG_BIOSYNTHESIS	REACTOME_HS_GAG_BIOSYNTHESIS		26	0.32751486	1.1079633	0.29263914	0.616953	1.0	3965	tags=46%, list=26%, signal=62%	
REACTOME_SMOOTH_MUSCLE_CONTRACTION	REACTOME_SMOOTH_MUSCLE_CONTRACTION		33	0.31544712	1.1071972	0.31504425	0.61872	1.0	4143	tags=42%, list=27%, signal=58%	
WP_HOSTPATHOGEN_INTERACTION_OF_HUMAN_CORONAVIRUSES_INTERFERON_INDUCTION	WP_HOSTPATHOGEN_INTERACTION_OF_HUMAN_CORONAVIRUSES_INTERFERON_INDUCTION		27	0.321509	1.1071062	0.30594406	0.61849976	1.0	2699	tags=30%, list=18%, signal=36%	
JIANG_AGING_HYPOTHALAMUS_UP	JIANG_AGING_HYPOTHALAMUS_UP		45	0.29177967	1.1063637	0.26994908	0.62018144	1.0	1982	tags=18%, list=13%, signal=20%	
REACTOME_G2_M_DNA_DAMAGE_CHECKPOINT	REACTOME_G2_M_DNA_DAMAGE_CHECKPOINT		74	0.26409993	1.1063517	0.27704918	0.6197289	1.0	4056	tags=36%, list=27%, signal=50%	
WP_P38_MAPK_SIGNALING	WP_P38_MAPK_SIGNALING		26	0.33136165	1.1063461	0.31842577	0.6192604	1.0	3580	tags=42%, list=24%, signal=55%	
SOTIRIOU_BREAST_CANCER_GRADE_1_VS_3_DN	SOTIRIOU_BREAST_CANCER_GRADE_1_VS_3_DN		49	0.2832984	1.1058851	0.29180327	0.62010545	1.0	3003	tags=24%, list=20%, signal=30%	
BLANCO_MELO_COVID19_SARS_COV_2_INFECTION_A594_CELLS_UP	BLANCO_MELO_COVID19_SARS_COV_2_INFECTION_A594_CELLS_UP		64	0.26761582	1.1056054	0.29459903	0.62043965	1.0	3879	tags=36%, list=26%, signal=48%	
FLECHNER_BIOPSY_KIDNEY_TRANSPLANT_REJECTED_VS_OK_DN	FLECHNER_BIOPSY_KIDNEY_TRANSPLANT_REJECTED_VS_OK_DN		487	0.20509127	1.1052198	0.17763157	0.6210707	1.0	3848	tags=26%, list=25%, signal=34%	
KANG_IMMORTALIZED_BY_TERT_DN	KANG_IMMORTALIZED_BY_TERT_DN		80	0.25783786	1.1050277	0.2777778	0.62114656	1.0	3279	tags=28%, list=22%, signal=35%	
REACTOME_SENSORY_PROCESSING_OF_SOUND	REACTOME_SENSORY_PROCESSING_OF_SOUND		65	0.2684609	1.1050073	0.2998325	0.62072104	1.0	1730	tags=20%, list=11%, signal=22%	
YORDY_RECIPROCAL_REGULATION_BY_ETS1_AND_SP100_DN	YORDY_RECIPROCAL_REGULATION_BY_ETS1_AND_SP100_DN		57	0.27598813	1.1045977	0.2781457	0.6213687	1.0	760	tags=12%, list=5%, signal=13%	
WP_NOVEL_INTRACELLULAR_COMPONENTS_OF_RIGILIKE_RECEPTOR_PATHWAY	WP_NOVEL_INTRACELLULAR_COMPONENTS_OF_RIGILIKE_RECEPTOR_PATHWAY		48	0.29202428	1.1044225	0.30232558	0.6214151	1.0	2245	tags=23%, list=15%, signal=27%	
BRUINS_UVC_RESPONSE_VIA_TP53_GROUP_D	BRUINS_UVC_RESPONSE_VIA_TP53_GROUP_D		235	0.21968524	1.1044102	0.23837209	0.6209613	1.0	3900	tags=30%, list=26%, signal=40%	
YAO_TEMPORAL_RESPONSE_TO_PROGESTERONE_CLUSTER_5	YAO_TEMPORAL_RESPONSE_TO_PROGESTERONE_CLUSTER_5		22	0.34395534	1.1042846	0.3197158	0.6208519	1.0	3561	tags=32%, list=24%, signal=42%	
WP_IL4_SIGNALING	WP_IL4_SIGNALING		41	0.29473972	1.1026022	0.30150753	0.6251901	1.0	4242	tags=41%, list=28%, signal=57%	
GAUSSMANN_MLL_AF4_FUSION_TARGETS_A_DN	GAUSSMANN_MLL_AF4_FUSION_TARGETS_A_DN		80	0.26139286	1.1020749	0.27406198	0.62629503	1.0	2337	tags=23%, list=15%, signal=26%	
PID_HIV_NEF_PATHWAY	PID_HIV_NEF_PATHWAY		30	0.31771857	1.1015059	0.30169493	0.62754893	1.0	2699	tags=37%, list=18%, signal=45%	
REACTOME_ASSEMBLY_OF_COLLAGEN_FIBRILS_AND_OTHER_MULTIMERIC_STRUCTURES	REACTOME_ASSEMBLY_OF_COLLAGEN_FIBRILS_AND_OTHER_MULTIMERIC_STRUCTURES		54	0.27766532	1.1012369	0.2967213	0.6278415	1.0	3504	tags=30%, list=23%, signal=38%	
BOYLAN_MULTIPLE_MYELOMA_C_CLUSTER_DN	BOYLAN_MULTIPLE_MYELOMA_C_CLUSTER_DN		26	0.32904604	1.1010873	0.3302583	0.6277983	1.0	3678	tags=35%, list=24%, signal=46%	
VALK_AML_WITH_FLT3_ITD	VALK_AML_WITH_FLT3_ITD		36	0.30415395	1.1009368	0.31323284	0.6277479	1.0	3745	tags=44%, list=25%, signal=59%	
WP_NETRINUNC5B_SIGNALING	WP_NETRINUNC5B_SIGNALING		44	0.28578538	1.1009187	0.2749141	0.62730926	1.0	4903	tags=45%, list=32%, signal=67%	
LI_ESTROGENE_META_E2_RESPONSE_UP	LI_ESTROGENE_META_E2_RESPONSE_UP		56	0.27709886	1.1007149	0.28246754	0.62742025	1.0	1394	tags=16%, list=9%, signal=18%	
BROWNE_HCMV_INFECTION_8HR_DN	BROWNE_HCMV_INFECTION_8HR_DN		40	0.29540977	1.1007121	0.3127148	0.62693995	1.0	3363	tags=33%, list=22%, signal=42%	
REACTOME_FATTY_ACYL_COA_BIOSYNTHESIS	REACTOME_FATTY_ACYL_COA_BIOSYNTHESIS		34	0.30946976	1.1005403	0.32297063	0.62696403	1.0	1933	tags=24%, list=13%, signal=27%	
BENPORATH_ES_1	BENPORATH_ES_1		348	0.2109431	1.1001195	0.1904762	0.6277206	1.0	4257	tags=32%, list=28%, signal=43%	
PID_BETA_CATENIN_NUC_PATHWAY	PID_BETA_CATENIN_NUC_PATHWAY		60	0.2719375	1.099175	0.3088737	0.6300943	1.0	4223	tags=38%, list=28%, signal=53%	
PEDERSEN_TARGETS_OF_611CTF_ISOFORM_OF_ERBB2	PEDERSEN_TARGETS_OF_611CTF_ISOFORM_OF_ERBB2		66	0.267398	1.0987442	0.30016583	0.6308546	1.0	3103	tags=24%, list=21%, signal=30%	
SMID_BREAST_CANCER_LUMINAL_A_DN	SMID_BREAST_CANCER_LUMINAL_A_DN		16	0.36719233	1.0984429	0.33030853	0.6312742	1.0	6602	tags=75%, list=44%, signal=133%	
REACTOME_CHAPERONE_MEDIATED_AUTOPHAGY	REACTOME_CHAPERONE_MEDIATED_AUTOPHAGY		19	0.35282454	1.0980515	0.33565217	0.631951	1.0	4006	tags=37%, list=27%, signal=50%	
KANAI_YAP_TAZ_UP	KANAI_YAP_TAZ_UP		70	0.2661357	1.0976841	0.29363784	0.63255495	1.0	5469	tags=44%, list=36%, signal=69%	
ENGELMANN_CANCER_PROGENITORS_DN	ENGELMANN_CANCER_PROGENITORS_DN		60	0.27125442	1.0975915	0.2963576	0.63231605	1.0	4261	tags=40%, list=28%, signal=55%	
WP_15Q11Q13_COPY_NUMBER_VARIATION	WP_15Q11Q13_COPY_NUMBER_VARIATION		49	0.28152	1.0974573	0.27580646	0.6322247	1.0	3396	tags=33%, list=22%, signal=42%	
PID_INTEGRIN_A9B1_PATHWAY	PID_INTEGRIN_A9B1_PATHWAY		23	0.3361926	1.096221	0.33389544	0.6353618	1.0	1631	tags=17%, list=11%, signal=19%	
KEGG_AMYOTROPHIC_LATERAL_SCLEROSIS_ALS	KEGG_AMYOTROPHIC_LATERAL_SCLEROSIS_ALS		45	0.28434625	1.0958691	0.31345826	0.63594985	1.0	4918	tags=44%, list=33%, signal=66%	
REACTOME_FORMATION_OF_FIBRIN_CLOT_CLOTTING_CASCADE	REACTOME_FORMATION_OF_FIBRIN_CLOT_CLOTTING_CASCADE		26	0.33128104	1.0956403	0.32984293	0.6361078	1.0	4248	tags=42%, list=28%, signal=59%	
HIRSCH_CELLULAR_TRANSFORMATION_SIGNATURE_UP	HIRSCH_CELLULAR_TRANSFORMATION_SIGNATURE_UP		225	0.21954943	1.0955745	0.2496454	0.63581556	1.0	2578	tags=20%, list=17%, signal=24%	
REACTOME_RHOH_GTPASE_CYCLE	REACTOME_RHOH_GTPASE_CYCLE		32	0.31155136	1.0951674	0.31034482	0.6364694	1.0	3441	tags=31%, list=23%, signal=40%	
KANG_IMMORTALIZED_BY_TERT_UP	KANG_IMMORTALIZED_BY_TERT_UP		81	0.25743318	1.09497	0.30016053	0.6365657	1.0	1552	tags=19%, list=10%, signal=21%	
KASLER_HDAC7_TARGETS_1_DN	KASLER_HDAC7_TARGETS_1_DN		17	0.36438859	1.0946575	0.32608697	0.6370147	1.0	3601	tags=35%, list=24%, signal=46%	
REACTOME_REGULATION_OF_HSF1_MEDIATED_HEAT_SHOCK_RESPONSE	REACTOME_REGULATION_OF_HSF1_MEDIATED_HEAT_SHOCK_RESPONSE		75	0.26193735	1.0945705	0.30201343	0.6367725	1.0	2976	tags=27%, list=20%, signal=33%	
PYEON_HPV_POSITIVE_TUMORS_UP	PYEON_HPV_POSITIVE_TUMORS_UP		86	0.2516377	1.0938109	0.28896105	0.6385281	1.0	4105	tags=31%, list=27%, signal=43%	
STEIN_ESRRA_TARGETS_UP	STEIN_ESRRA_TARGETS_UP		360	0.2080457	1.0934362	0.22301136	0.6391496	1.0	3316	tags=23%, list=22%, signal=28%	
REACTOME_DUAL_INCISION_IN_GG_NER	REACTOME_DUAL_INCISION_IN_GG_NER		40	0.2936601	1.0932903	0.3118467	0.6391451	1.0	2798	tags=25%, list=19%, signal=31%	
RAHMAN_TP53_TARGETS_PHOSPHORYLATED	RAHMAN_TP53_TARGETS_PHOSPHORYLATED		17	0.3672206	1.0925657	0.3470483	0.6408435	1.0	3807	tags=35%, list=25%, signal=47%	
HOFFMANN_PRE_BI_TO_LARGE_PRE_BII_LYMPHOCYTE_DN	HOFFMANN_PRE_BI_TO_LARGE_PRE_BII_LYMPHOCYTE_DN		59	0.2699782	1.0922616	0.3090278	0.6412408	1.0	2386	tags=25%, list=16%, signal=30%	
LEE_LIVER_CANCER_CIPROFIBRATE_DN	LEE_LIVER_CANCER_CIPROFIBRATE_DN		47	0.28379548	1.0919155	0.3250444	0.64183056	1.0	3258	tags=28%, list=22%, signal=35%	
REACTOME_SYNTHESIS_OF_PA	REACTOME_SYNTHESIS_OF_PA		29	0.3210478	1.0912747	0.34083045	0.6431806	1.0	4155	tags=48%, list=27%, signal=66%	
XU_HGF_SIGNALING_NOT_VIA_AKT1_48HR_DN	XU_HGF_SIGNALING_NOT_VIA_AKT1_48HR_DN		18	0.35832816	1.090856	0.33395177	0.6439801	1.0	5798	tags=56%, list=38%, signal=90%	
HU_GENOTOXIC_DAMAGE_4HR	HU_GENOTOXIC_DAMAGE_4HR		34	0.30881068	1.0901828	0.3491228	0.6454701	1.0	5074	tags=47%, list=34%, signal=71%	
BLANCO_MELO_INFLUENZA_A_INFECTION_A594_CELLS_UP	BLANCO_MELO_INFLUENZA_A_INFECTION_A594_CELLS_UP		34	0.30003473	1.0898889	0.32593855	0.64588016	1.0	4428	tags=38%, list=29%, signal=54%	
JOSEPH_RESPONSE_TO_SODIUM_BUTYRATE_UP	JOSEPH_RESPONSE_TO_SODIUM_BUTYRATE_UP		28	0.32199538	1.089426	0.33451328	0.646748	1.0	3992	tags=36%, list=26%, signal=48%	
WP_PRIMARY_FOCAL_SEGMENTAL_GLOMERULOSCLEROSIS_FSGS	WP_PRIMARY_FOCAL_SEGMENTAL_GLOMERULOSCLEROSIS_FSGS		64	0.26752797	1.0893486	0.32669982	0.64651847	1.0	2507	tags=25%, list=17%, signal=30%	
MIYAGAWA_TARGETS_OF_EWSR1_ETS_FUSIONS_UP	MIYAGAWA_TARGETS_OF_EWSR1_ETS_FUSIONS_UP		240	0.21690136	1.0884184	0.24466571	0.6487582	1.0	2718	tags=21%, list=18%, signal=25%	
WOTTON_RUNX_TARGETS_DN	WOTTON_RUNX_TARGETS_DN		28	0.3210257	1.0882161	0.33952704	0.6488748	1.0	2777	tags=32%, list=18%, signal=39%	
REACTOME_CELLULAR_HEXOSE_TRANSPORT	REACTOME_CELLULAR_HEXOSE_TRANSPORT		15	0.3746277	1.0880901	0.34946236	0.6487687	1.0	1568	tags=27%, list=10%, signal=30%	
KAUFFMANN_DNA_REPAIR_GENES	KAUFFMANN_DNA_REPAIR_GENES		202	0.22309092	1.0880579	0.26696166	0.64837444	1.0	2798	tags=20%, list=19%, signal=25%	
ZHONG_SECRETOME_OF_LUNG_CANCER_AND_MACROPHAGE	ZHONG_SECRETOME_OF_LUNG_CANCER_AND_MACROPHAGE		70	0.25995916	1.0879389	0.2948718	0.64824283	1.0	2602	tags=23%, list=17%, signal=27%	
LU_IL4_SIGNALING	LU_IL4_SIGNALING		73	0.25948468	1.08631	0.30929488	0.65266246	1.0	2265	tags=23%, list=15%, signal=27%	
MIKKELSEN_NPC_HCP_WITH_H3K4ME3_AND_H3K27ME3	MIKKELSEN_NPC_HCP_WITH_H3K4ME3_AND_H3K27ME3		194	0.22239482	1.0862786	0.2846821	0.6522723	1.0	3482	tags=30%, list=23%, signal=38%	
KIM_MYCL1_AMPLIFICATION_TARGETS_DN	KIM_MYCL1_AMPLIFICATION_TARGETS_DN		16	0.36778533	1.086023	0.35390198	0.6525395	1.0	4956	tags=38%, list=33%, signal=56%	
TARTE_PLASMA_CELL_VS_B_LYMPHOCYTE_DN	TARTE_PLASMA_CELL_VS_B_LYMPHOCYTE_DN		34	0.30136687	1.0858784	0.3246528	0.6524576	1.0	3095	tags=32%, list=20%, signal=41%	
LEE_AGING_NEOCORTEX_UP	LEE_AGING_NEOCORTEX_UP		67	0.26206717	1.0857689	0.31832796	0.6523231	1.0	3506	tags=33%, list=23%, signal=43%	
RUIZ_TNC_TARGETS_DN	RUIZ_TNC_TARGETS_DN		131	0.23462212	1.0849282	0.28787878	0.6543604	1.0	3820	tags=22%, list=25%, signal=29%	
WP_MECHANOREGULATION_AND_PATHOLOGY_OF_YAPTAZ_VIA_HIPPO_AND_NONHIPPO_MECHANISMS	WP_MECHANOREGULATION_AND_PATHOLOGY_OF_YAPTAZ_VIA_HIPPO_AND_NONHIPPO_MECHANISMS		41	0.29552767	1.0844519	0.3227513	0.6552672	1.0	4194	tags=44%, list=28%, signal=61%	
WP_DNA_REPAIR_PATHWAYS_FULL_NETWORK	WP_DNA_REPAIR_PATHWAYS_FULL_NETWORK		108	0.24265482	1.0837929	0.30218068	0.65674293	1.0	2798	tags=21%, list=19%, signal=26%	
REACTOME_COMPLEX_IV_ASSEMBLY	REACTOME_COMPLEX_IV_ASSEMBLY		45	0.2868966	1.0833958	0.34542313	0.65747267	1.0	5436	tags=38%, list=36%, signal=59%	
REACTOME_EGFR_DOWNREGULATION	REACTOME_EGFR_DOWNREGULATION		30	0.31432787	1.0826516	0.330033	0.659201	1.0	2022	tags=23%, list=13%, signal=27%	
WANG_LSD1_TARGETS_UP	WANG_LSD1_TARGETS_UP		23	0.33624935	1.0822628	0.35044247	0.6598611	1.0	1667	tags=22%, list=11%, signal=24%	
WEBER_METHYLATED_IN_COLON_CANCER	WEBER_METHYLATED_IN_COLON_CANCER		18	0.3593773	1.0810199	0.37988827	0.66313785	1.0	3146	tags=39%, list=21%, signal=49%	
KEGG_BETA_ALANINE_METABOLISM	KEGG_BETA_ALANINE_METABOLISM		22	0.34169856	1.0807676	0.35901925	0.66338867	1.0	3828	tags=41%, list=25%, signal=55%	
AZARE_NEOPLASTIC_TRANSFORMATION_BY_STAT3_UP	AZARE_NEOPLASTIC_TRANSFORMATION_BY_STAT3_UP		103	0.24006273	1.0804478	0.30327868	0.6638732	1.0	3597	tags=25%, list=24%, signal=33%	
WP_PATHWAYS_INTO_METHIONINE_AND_FOLATE_CYCLES	WP_PATHWAYS_INTO_METHIONINE_AND_FOLATE_CYCLES		38	0.29390478	1.0803645	0.32113144	0.6636247	1.0	3057	tags=34%, list=20%, signal=43%	
PID_DELTA_NP63_PATHWAY	PID_DELTA_NP63_PATHWAY		42	0.2890249	1.0797904	0.3379791	0.6648143	1.0	3380	tags=36%, list=22%, signal=46%	
YU_MYC_TARGETS_DN	YU_MYC_TARGETS_DN		47	0.28267753	1.0795779	0.33277312	0.6649526	1.0	4841	tags=47%, list=32%, signal=69%	
GAUSSMANN_MLL_AF4_FUSION_TARGETS_G_DN	GAUSSMANN_MLL_AF4_FUSION_TARGETS_G_DN		32	0.30677173	1.0794938	0.35688406	0.6647183	1.0	3041	tags=34%, list=20%, signal=43%	
RUAN_RESPONSE_TO_TNF_TROGLITAZONE_DN	RUAN_RESPONSE_TO_TNF_TROGLITAZONE_DN		33	0.30688995	1.07853	0.3310811	0.667166	1.0	1741	tags=21%, list=12%, signal=24%	
GRAESSMANN_RESPONSE_TO_MC_AND_SERUM_DEPRIVATION_DN	GRAESSMANN_RESPONSE_TO_MC_AND_SERUM_DEPRIVATION_DN		76	0.25120413	1.0783426	0.3250825	0.6672132	1.0	5119	tags=45%, list=34%, signal=67%	
DELACROIX_RAR_BOUND_ES	DELACROIX_RAR_BOUND_ES		389	0.20396388	1.0782715	0.24763194	0.6669526	1.0	3435	tags=27%, list=23%, signal=34%	
MORI_IMMATURE_B_LYMPHOCYTE_DN	MORI_IMMATURE_B_LYMPHOCYTE_DN		79	0.2528341	1.076808	0.30456853	0.67082304	1.0	5159	tags=39%, list=34%, signal=59%	
SASAI_RESISTANCE_TO_NEOPLASTIC_TRANSFROMATION	SASAI_RESISTANCE_TO_NEOPLASTIC_TRANSFROMATION		47	0.2838865	1.076344	0.34042552	0.67170244	1.0	4378	tags=34%, list=29%, signal=48%	
NAGASHIMA_EGF_SIGNALING_UP	NAGASHIMA_EGF_SIGNALING_UP		46	0.28150153	1.07614	0.33448875	0.67182124	1.0	2391	tags=24%, list=16%, signal=28%	
REACTOME_ABC_TRANSPORTER_DISORDERS	REACTOME_ABC_TRANSPORTER_DISORDERS		62	0.26370966	1.0751823	0.3418124	0.67422295	1.0	2439	tags=18%, list=16%, signal=21%	
RYAN_MANTLE_CELL_LYMPHOMA_NOTCH_DIRECT_UP	RYAN_MANTLE_CELL_LYMPHOMA_NOTCH_DIRECT_UP		115	0.23765297	1.0751365	0.33495146	0.6738705	1.0	3355	tags=29%, list=22%, signal=37%	
KEGG_MEDICUS_REFERENCE_PRNP_PI3K_NOX2_SIGNALING_PATHWAY	KEGG_MEDICUS_REFERENCE_PRNP_PI3K_NOX2_SIGNALING_PATHWAY		24	0.32973164	1.0748001	0.34330985	0.6743906	1.0	4959	tags=42%, list=33%, signal=62%	
MASRI_RESISTANCE_TO_TAMOXIFEN_AND_AROMATASE_INHIBITORS_UP	MASRI_RESISTANCE_TO_TAMOXIFEN_AND_AROMATASE_INHIBITORS_UP		16	0.36908752	1.0739001	0.37179488	0.6766539	1.0	2691	tags=44%, list=18%, signal=53%	
KEGG_TASTE_TRANSDUCTION	KEGG_TASTE_TRANSDUCTION		28	0.31546932	1.073761	0.34476534	0.6765779	1.0	4694	tags=50%, list=31%, signal=72%	
SHIN_B_CELL_LYMPHOMA_CLUSTER_2	SHIN_B_CELL_LYMPHOMA_CLUSTER_2		28	0.31798726	1.0734423	0.36116153	0.6770484	1.0	2283	tags=29%, list=15%, signal=34%	
MIKKELSEN_MCV6_HCP_WITH_H3K27ME3	MIKKELSEN_MCV6_HCP_WITH_H3K27ME3		364	0.2041969	1.0732323	0.27688172	0.67714804	1.0	3932	tags=35%, list=26%, signal=46%	
VART_KSHV_INFECTION_ANGIOGENIC_MARKERS_DN	VART_KSHV_INFECTION_ANGIOGENIC_MARKERS_DN		105	0.24187809	1.0732223	0.3120125	0.67668265	1.0	1846	tags=19%, list=12%, signal=22%	
REACTOME_MITOTIC_G1_PHASE_AND_G1_S_TRANSITION	REACTOME_MITOTIC_G1_PHASE_AND_G1_S_TRANSITION		126	0.23237497	1.0713844	0.3140244	0.681783	1.0	4347	tags=31%, list=29%, signal=43%	
RHODES_UNDIFFERENTIATED_CANCER	RHODES_UNDIFFERENTIATED_CANCER		67	0.2615302	1.0710272	0.3523654	0.6823451	1.0	3637	tags=27%, list=24%, signal=35%	
APPIERTO_RESPONSE_TO_FENRETINIDE_UP	APPIERTO_RESPONSE_TO_FENRETINIDE_UP		31	0.30586854	1.0703452	0.3516874	0.6839306	1.0	2414	tags=23%, list=16%, signal=27%	
LEE_AGING_MUSCLE_DN	LEE_AGING_MUSCLE_DN		34	0.2973604	1.0700271	0.3510274	0.6844278	1.0	4183	tags=35%, list=28%, signal=49%	
AMIT_EGF_RESPONSE_60_HELA	AMIT_EGF_RESPONSE_60_HELA		38	0.29081616	1.0687732	0.36394557	0.68778723	1.0	4697	tags=34%, list=31%, signal=50%	
LEE_LIVER_CANCER_HEPATOBLAST	LEE_LIVER_CANCER_HEPATOBLAST		15	0.363857	1.068203	0.36956522	0.6890647	1.0	3859	tags=53%, list=26%, signal=72%	
NAKAMURA_TUMOR_ZONE_PERIPHERAL_VS_CENTRAL_UP	NAKAMURA_TUMOR_ZONE_PERIPHERAL_VS_CENTRAL_UP		250	0.21012768	1.0671903	0.2915493	0.691698	1.0	3680	tags=23%, list=24%, signal=30%	
XU_GH1_AUTOCRINE_TARGETS_UP	XU_GH1_AUTOCRINE_TARGETS_UP		150	0.22473606	1.0671377	0.30307692	0.6913446	1.0	3705	tags=29%, list=25%, signal=38%	
TSAI_RESPONSE_TO_IONIZING_RADIATION	TSAI_RESPONSE_TO_IONIZING_RADIATION		118	0.23408246	1.0665627	0.3146965	0.6925716	1.0	3505	tags=25%, list=23%, signal=32%	
WP_PYRIMIDINE_METABOLISM_AND_RELATED_DISEASES	WP_PYRIMIDINE_METABOLISM_AND_RELATED_DISEASES		17	0.35553697	1.0663103	0.36684304	0.6928259	1.0	5007	tags=47%, list=33%, signal=70%	
WP_IL1_AND_MEGAKARYOCYTES_IN_OBESITY	WP_IL1_AND_MEGAKARYOCYTES_IN_OBESITY		15	0.37182847	1.065756	0.37728938	0.69395137	1.0	3449	tags=40%, list=23%, signal=52%	
RICKMAN_TUMOR_DIFFERENTIATED_WELL_VS_MODERATELY_UP	RICKMAN_TUMOR_DIFFERENTIATED_WELL_VS_MODERATELY_UP		94	0.24220239	1.065558	0.34083602	0.6940307	1.0	2454	tags=21%, list=16%, signal=25%	
KEGG_MEDICUS_REFERENCE_DNA_END_RESECTION_AND_RPA_LOADING	KEGG_MEDICUS_REFERENCE_DNA_END_RESECTION_AND_RPA_LOADING		16	0.36406514	1.0654267	0.36166364	0.6939285	1.0	3919	tags=44%, list=26%, signal=59%	
BILD_HRAS_ONCOGENIC_SIGNATURE	BILD_HRAS_ONCOGENIC_SIGNATURE		216	0.21426375	1.0648261	0.29538906	0.6952693	1.0	3644	tags=25%, list=24%, signal=32%	
LEE_AGING_MUSCLE_UP	LEE_AGING_MUSCLE_UP		32	0.3048124	1.0647128	0.35845897	0.6951291	1.0	1195	tags=16%, list=8%, signal=17%	
WP_OPIOID_RECEPTOR_PATHWAYS	WP_OPIOID_RECEPTOR_PATHWAYS		35	0.29857826	1.0646814	0.369863	0.6947266	1.0	3617	tags=37%, list=24%, signal=49%	
ACEVEDO_LIVER_TUMOR_VS_NORMAL_ADJACENT_TISSUE_DN	ACEVEDO_LIVER_TUMOR_VS_NORMAL_ADJACENT_TISSUE_DN		232	0.21192506	1.0643731	0.29811868	0.69512737	1.0	4335	tags=34%, list=29%, signal=47%	
WANG_BARRETTS_ESOPHAGUS_AND_ESOPHAGUS_CANCER_UP	WANG_BARRETTS_ESOPHAGUS_AND_ESOPHAGUS_CANCER_UP		24	0.32646686	1.0636204	0.35726795	0.6968345	1.0	3456	tags=33%, list=23%, signal=43%	
WP_APOPTOSIS_MODULATION_AND_SIGNALING	WP_APOPTOSIS_MODULATION_AND_SIGNALING		76	0.24798778	1.0624456	0.33865815	0.6999542	1.0	3177	tags=29%, list=21%, signal=36%	
BLANCO_MELO_COVID19_SARS_COV_2_INFECTION_A594_ACE2_EXPRESSING_CELLS_UP	BLANCO_MELO_COVID19_SARS_COV_2_INFECTION_A594_ACE2_EXPRESSING_CELLS_UP		409	0.20094961	1.062343	0.29411766	0.69976556	1.0	2829	tags=20%, list=19%, signal=24%	
HUPER_BREAST_BASAL_VS_LUMINAL_UP	HUPER_BREAST_BASAL_VS_LUMINAL_UP		43	0.27966556	1.0617318	0.36409396	0.701144	1.0	3498	tags=37%, list=23%, signal=48%	
ZHOU_INFLAMMATORY_RESPONSE_LIVE_UP	ZHOU_INFLAMMATORY_RESPONSE_LIVE_UP		346	0.20254125	1.0613894	0.2985469	0.70171756	1.0	2948	tags=23%, list=20%, signal=28%	
WP_FERROPTOSIS	WP_FERROPTOSIS		57	0.26299885	1.0613418	0.3398374	0.7013489	1.0	3112	tags=26%, list=21%, signal=33%	
PLASARI_TGFB1_SIGNALING_VIA_NFIC_10HR_DN	PLASARI_TGFB1_SIGNALING_VIA_NFIC_10HR_DN		29	0.3060124	1.0610243	0.37842464	0.7018399	1.0	3491	tags=41%, list=23%, signal=54%	
WP_IL19_SIGNALING	WP_IL19_SIGNALING		20	0.346277	1.0608679	0.3827839	0.7018181	1.0	4857	tags=50%, list=32%, signal=74%	
BIOCARTA_SPRY_PATHWAY	BIOCARTA_SPRY_PATHWAY		17	0.35575235	1.0604078	0.38351256	0.7027643	1.0	2022	tags=24%, list=13%, signal=27%	
REACTOME_PLATELET_ACTIVATION_SIGNALING_AND_AGGREGATION	REACTOME_PLATELET_ACTIVATION_SIGNALING_AND_AGGREGATION		225	0.21120073	1.0590246	0.3168909	0.70653915	1.0	3666	tags=24%, list=24%, signal=32%	
PID_TCR_CALCIUM_PATHWAY	PID_TCR_CALCIUM_PATHWAY		19	0.3436643	1.0588883	0.37716264	0.70645916	1.0	847	tags=16%, list=6%, signal=17%	
REACTOME_ANTIMICROBIAL_PEPTIDES	REACTOME_ANTIMICROBIAL_PEPTIDES		23	0.3252184	1.0588689	0.35154828	0.7060066	1.0	3659	tags=39%, list=24%, signal=52%	
LEIN_MEDULLA_MARKERS	LEIN_MEDULLA_MARKERS		75	0.24841696	1.0585446	0.3434505	0.70654136	1.0	2988	tags=27%, list=20%, signal=33%	
VALK_AML_WITH_EVI1	VALK_AML_WITH_EVI1		19	0.3489856	1.0584968	0.39788732	0.7062004	1.0	760	tags=21%, list=5%, signal=22%	
REACTOME_INTERLEUKIN_10_SIGNALING	REACTOME_INTERLEUKIN_10_SIGNALING		29	0.30269617	1.0575665	0.3831283	0.708502	1.0	4378	tags=45%, list=29%, signal=63%	
KEGG_BASAL_CELL_CARCINOMA	KEGG_BASAL_CELL_CARCINOMA		47	0.2747892	1.0573895	0.35714287	0.70852333	1.0	1966	tags=21%, list=13%, signal=24%	
YAO_TEMPORAL_RESPONSE_TO_PROGESTERONE_CLUSTER_15	YAO_TEMPORAL_RESPONSE_TO_PROGESTERONE_CLUSTER_15		30	0.30682757	1.057209	0.37931034	0.70856106	1.0	1264	tags=20%, list=8%, signal=22%	
WP_NAD_METABOLISM	WP_NAD_METABOLISM		15	0.36061943	1.0571059	0.37842777	0.7083515	1.0	618	tags=20%, list=4%, signal=21%	
SASSON_RESPONSE_TO_GONADOTROPHINS_DN	SASSON_RESPONSE_TO_GONADOTROPHINS_DN		75	0.24977402	1.0569831	0.35238096	0.7082292	1.0	4253	tags=33%, list=28%, signal=46%	
ZHOU_INFLAMMATORY_RESPONSE_FIMA_UP	ZHOU_INFLAMMATORY_RESPONSE_FIMA_UP		388	0.2005827	1.0569655	0.28785813	0.70777124	1.0	2932	tags=23%, list=19%, signal=28%	
SESTO_RESPONSE_TO_UV_C5	SESTO_RESPONSE_TO_UV_C5		41	0.283965	1.0563626	0.37251654	0.70908314	1.0	4670	tags=41%, list=31%, signal=60%	
KEGG_MEDICUS_REFERENCE_ELECTRON_TRANSFER_IN_COMPLEX_IV	KEGG_MEDICUS_REFERENCE_ELECTRON_TRANSFER_IN_COMPLEX_IV		16	0.36250377	1.0561717	0.3768116	0.7091498	1.0	4925	tags=38%, list=33%, signal=56%	
WP_CONSTITUTIVE_ANDROSTANE_RECEPTOR_PATHWAY	WP_CONSTITUTIVE_ANDROSTANE_RECEPTOR_PATHWAY		16	0.36004603	1.0560197	0.38938054	0.70911324	1.0	563	tags=13%, list=4%, signal=13%	
PETROVA_PROX1_TARGETS_UP	PETROVA_PROX1_TARGETS_UP		23	0.3232441	1.0557079	0.37876105	0.70958	1.0	4205	tags=35%, list=28%, signal=48%	
HUANG_GATA2_TARGETS_UP	HUANG_GATA2_TARGETS_UP		126	0.22790089	1.0551152	0.351227	0.7109734	1.0	4357	tags=34%, list=29%, signal=48%	
FOURNIER_ACINAR_DEVELOPMENT_LATE_DN	FOURNIER_ACINAR_DEVELOPMENT_LATE_DN		19	0.34946483	1.0548567	0.389948	0.71128756	1.0	4941	tags=47%, list=33%, signal=70%	
TSENG_IRS1_TARGETS_DN	TSENG_IRS1_TARGETS_DN		117	0.23497777	1.0546184	0.32662538	0.7115257	1.0	3008	tags=22%, list=20%, signal=28%	
GAUSSMANN_MLL_AF4_FUSION_TARGETS_F_DN	GAUSSMANN_MLL_AF4_FUSION_TARGETS_F_DN		28	0.30907816	1.0535358	0.37609842	0.7143955	1.0	2105	tags=18%, list=14%, signal=21%	
BANDRES_RESPONSE_TO_CARMUSTIN_MGMT_48HR_DN	BANDRES_RESPONSE_TO_CARMUSTIN_MGMT_48HR_DN		123	0.22660217	1.0533614	0.36070853	0.71442497	1.0	4310	tags=36%, list=29%, signal=50%	
WP_BURN_WOUND_HEALING	WP_BURN_WOUND_HEALING		77	0.24627732	1.0532111	0.3536	0.7144202	1.0	3117	tags=27%, list=21%, signal=34%	
KOBAYASHI_EGFR_SIGNALING_24HR_DN	KOBAYASHI_EGFR_SIGNALING_24HR_DN		238	0.21023169	1.053189	0.32886904	0.7139727	1.0	5661	tags=40%, list=37%, signal=63%	
AMIT_EGF_RESPONSE_120_HELA	AMIT_EGF_RESPONSE_120_HELA		61	0.25989905	1.0528474	0.3729097	0.714547	1.0	2348	tags=25%, list=16%, signal=29%	
LINDSTEDT_DENDRITIC_CELL_MATURATION_D	LINDSTEDT_DENDRITIC_CELL_MATURATION_D		51	0.27116382	1.0523828	0.3601286	0.7154555	1.0	3522	tags=29%, list=23%, signal=38%	
REACTOME_DISEASES_ASSOCIATED_WITH_O_GLYCOSYLATION_OF_PROTEINS	REACTOME_DISEASES_ASSOCIATED_WITH_O_GLYCOSYLATION_OF_PROTEINS		59	0.2599005	1.0515218	0.37397036	0.7175984	1.0	3744	tags=34%, list=25%, signal=45%	
WHITFIELD_CELL_CYCLE_S	WHITFIELD_CELL_CYCLE_S		135	0.23089191	1.0509617	0.36030534	0.718858	1.0	4905	tags=36%, list=32%, signal=53%	
LEI_MYB_TARGETS	LEI_MYB_TARGETS		275	0.20587583	1.0507739	0.31117398	0.71894175	1.0	4185	tags=29%, list=28%, signal=40%	
GRAHAM_CML_QUIESCENT_VS_NORMAL_QUIESCENT_DN	GRAHAM_CML_QUIESCENT_VS_NORMAL_QUIESCENT_DN		38	0.283644	1.0503613	0.36379018	0.71971035	1.0	4411	tags=47%, list=29%, signal=67%	
BALDWIN_PRKCI_TARGETS_UP	BALDWIN_PRKCI_TARGETS_UP		33	0.2944967	1.0493101	0.3633157	0.7224573	1.0	2060	tags=24%, list=14%, signal=28%	
WP_MAJOR_RECEPTORS_TARGETED_BY_EPINEPHRINE_AND_NOREPINEPHRINE	WP_MAJOR_RECEPTORS_TARGETED_BY_EPINEPHRINE_AND_NOREPINEPHRINE		15	0.3626873	1.0490673	0.3950178	0.7226826	1.0	900	tags=20%, list=6%, signal=21%	
WAKABAYASHI_ADIPOGENESIS_PPARG_RXRA_BOUND_36HR	WAKABAYASHI_ADIPOGENESIS_PPARG_RXRA_BOUND_36HR		127	0.22641398	1.0483775	0.3580247	0.72425765	1.0	3347	tags=25%, list=22%, signal=32%	
HONRADO_BREAST_CANCER_BRCA1_VS_BRCA2	HONRADO_BREAST_CANCER_BRCA1_VS_BRCA2		16	0.34970653	1.0476058	0.3989071	0.7261647	1.0	4816	tags=44%, list=32%, signal=64%	
KEGG_NATURAL_KILLER_CELL_MEDIATED_CYTOTOXICITY	KEGG_NATURAL_KILLER_CELL_MEDIATED_CYTOTOXICITY		91	0.23915829	1.0469544	0.36129034	0.72766304	1.0	5026	tags=44%, list=33%, signal=65%	
WILSON_PROTEASES_AT_TUMOR_BONE_INTERFACE_UP	WILSON_PROTEASES_AT_TUMOR_BONE_INTERFACE_UP		20	0.33215153	1.0469127	0.4003466	0.72728944	1.0	1798	tags=25%, list=12%, signal=28%	
WP_NEPHROTIC_SYNDROME	WP_NEPHROTIC_SYNDROME		39	0.28085798	1.0466405	0.38305086	0.727621	1.0	3116	tags=26%, list=21%, signal=32%	
KEGG_MEDICUS_VARIANT_LRP6_OVEREXPRESSION_TO_WNT_SIGNALING_PATHWAY	KEGG_MEDICUS_VARIANT_LRP6_OVEREXPRESSION_TO_WNT_SIGNALING_PATHWAY		40	0.2808304	1.0458264	0.3579639	0.7296314	1.0	1966	tags=25%, list=13%, signal=29%	
DUNNE_TARGETS_OF_AML1_MTG8_FUSION_UP	DUNNE_TARGETS_OF_AML1_MTG8_FUSION_UP		37	0.2906683	1.0456308	0.38267148	0.7297524	1.0	4249	tags=38%, list=28%, signal=53%	
LIAN_LIPA_TARGETS_6M	LIAN_LIPA_TARGETS_6M		50	0.27326244	1.0444282	0.40938511	0.73296225	1.0	3558	tags=38%, list=24%, signal=50%	
MA_MYELOID_DIFFERENTIATION_DN	MA_MYELOID_DIFFERENTIATION_DN		37	0.28709254	1.0441265	0.3985765	0.73337746	1.0	2700	tags=30%, list=18%, signal=36%	
ABE_VEGFA_TARGETS_2HR	ABE_VEGFA_TARGETS_2HR		26	0.31533018	1.0440433	0.3963964	0.7331304	1.0	924	tags=15%, list=6%, signal=16%	
WP_NAD_BIOSYNTHETIC_PATHWAYS	WP_NAD_BIOSYNTHETIC_PATHWAYS		17	0.33834967	1.0434172	0.39070567	0.7345774	1.0	5479	tags=76%, list=36%, signal=120%	
REACTOME_SOMITOGENESIS	REACTOME_SOMITOGENESIS		42	0.27727947	1.0433059	0.38593483	0.7344048	1.0	1844	tags=19%, list=12%, signal=22%	
RAO_BOUND_BY_SALL4_ISOFORM_A	RAO_BOUND_BY_SALL4_ISOFORM_A		146	0.2225171	1.0428143	0.3765625	0.7354589	1.0	1778	tags=16%, list=12%, signal=18%	
JIANG_MELANOMA_TRM9_CD8	JIANG_MELANOMA_TRM9_CD8		419	0.19602561	1.0426147	0.35170603	0.73555285	1.0	4059	tags=29%, list=27%, signal=38%	
KORKOLA_YOLK_SAC_TUMOR_UP	KORKOLA_YOLK_SAC_TUMOR_UP		17	0.34809077	1.042458	0.39433962	0.7355375	1.0	5141	tags=59%, list=34%, signal=89%	
BROWNE_HCMV_INFECTION_10HR_DN	BROWNE_HCMV_INFECTION_10HR_DN		50	0.26576218	1.0420053	0.357022	0.7364089	1.0	2323	tags=18%, list=15%, signal=21%	
PAPASPYRIDONOS_UNSTABLE_ATEROSCLEROTIC_PLAQUE_UP	PAPASPYRIDONOS_UNSTABLE_ATEROSCLEROTIC_PLAQUE_UP		42	0.27959564	1.0417491	0.3931624	0.7367042	1.0	5659	tags=55%, list=37%, signal=87%	
CHICAS_RB1_TARGETS_GROWING	CHICAS_RB1_TARGETS_GROWING		226	0.20664155	1.0415126	0.35886526	0.73693454	1.0	4620	tags=32%, list=31%, signal=46%	
STEIN_ESRRA_TARGETS_RESPONSIVE_TO_ESTROGEN_DN	STEIN_ESRRA_TARGETS_RESPONSIVE_TO_ESTROGEN_DN		39	0.28381062	1.0410993	0.4112478	0.7377371	1.0	3730	tags=28%, list=25%, signal=37%	
ROSS_AML_WITH_AML1_ETO_FUSION	ROSS_AML_WITH_AML1_ETO_FUSION		66	0.25280216	1.0408306	0.40333334	0.7380819	1.0	1781	tags=18%, list=12%, signal=21%	
WP_PHOTODYNAMIC_THERAPYINDUCED_HIF1_SURVIVAL_SIGNALING	WP_PHOTODYNAMIC_THERAPYINDUCED_HIF1_SURVIVAL_SIGNALING		35	0.29127494	1.0402004	0.40602836	0.7395193	1.0	5385	tags=49%, list=36%, signal=75%	
WEST_ADRENOCORTICAL_TUMOR_DN	WEST_ADRENOCORTICAL_TUMOR_DN		481	0.19487906	1.0400364	0.33556148	0.73948574	1.0	1940	tags=15%, list=13%, signal=17%	
RHEIN_ALL_GLUCOCORTICOID_THERAPY_DN	RHEIN_ALL_GLUCOCORTICOID_THERAPY_DN		332	0.20028639	1.0394919	0.35451978	0.74072695	1.0	4486	tags=30%, list=30%, signal=41%	
HU_GENOTOXIN_ACTION_DIRECT_VS_INDIRECT_4HR	HU_GENOTOXIN_ACTION_DIRECT_VS_INDIRECT_4HR		35	0.28291696	1.0392392	0.37436762	0.7410152	1.0	3675	tags=31%, list=24%, signal=41%	
PID_AMB2_NEUTROPHILS_PATHWAY	PID_AMB2_NEUTROPHILS_PATHWAY		31	0.2952955	1.0389711	0.39711192	0.74133074	1.0	4334	tags=42%, list=29%, signal=59%	
PID_ARF6_PATHWAY	PID_ARF6_PATHWAY		33	0.2973816	1.0387896	0.3979933	0.7414224	1.0	1527	tags=18%, list=10%, signal=20%	
KIM_LIVER_CANCER_POOR_SURVIVAL_UP	KIM_LIVER_CANCER_POOR_SURVIVAL_UP		22	0.32866526	1.0387653	0.38070175	0.74097234	1.0	3055	tags=32%, list=20%, signal=40%	
VANTVEER_BREAST_CANCER_POOR_PROGNOSIS	VANTVEER_BREAST_CANCER_POOR_PROGNOSIS		46	0.27234915	1.038747	0.38372093	0.7405139	1.0	3827	tags=30%, list=25%, signal=41%	
TAKEDA_TARGETS_OF_NUP98_HOXA9_FUSION_10D_DN	TAKEDA_TARGETS_OF_NUP98_HOXA9_FUSION_10D_DN		112	0.2276765	1.0383029	0.36517718	0.7413582	1.0	3655	tags=30%, list=24%, signal=40%	
SARTIPY_BLUNTED_BY_INSULIN_RESISTANCE_DN	SARTIPY_BLUNTED_BY_INSULIN_RESISTANCE_DN		17	0.34591788	1.0382329	0.40630472	0.7410619	1.0	300	tags=12%, list=2%, signal=12%	
REACTOME_CELL_JUNCTION_ORGANIZATION	REACTOME_CELL_JUNCTION_ORGANIZATION		102	0.23190878	1.0379529	0.37850466	0.74140126	1.0	1432	tags=15%, list=9%, signal=16%	
ZHOU_CELL_CYCLE_GENES_IN_IR_RESPONSE_6HR	ZHOU_CELL_CYCLE_GENES_IN_IR_RESPONSE_6HR		79	0.24489717	1.037669	0.3935484	0.7417747	1.0	5214	tags=41%, list=35%, signal=62%	
WOOD_EBV_EBNA1_TARGETS_DN	WOOD_EBV_EBNA1_TARGETS_DN		41	0.2848922	1.0375528	0.38474295	0.74163437	1.0	3555	tags=29%, list=24%, signal=38%	
YAO_TEMPORAL_RESPONSE_TO_PROGESTERONE_CLUSTER_1	YAO_TEMPORAL_RESPONSE_TO_PROGESTERONE_CLUSTER_1		61	0.2596219	1.0374167	0.3946037	0.74153423	1.0	1564	tags=16%, list=10%, signal=18%	
JIANG_MELANOMA_TRM1_CD8	JIANG_MELANOMA_TRM1_CD8		134	0.22030464	1.0373814	0.36750787	0.7411297	1.0	2675	tags=19%, list=18%, signal=23%	
SMIRNOV_CIRCULATING_ENDOTHELIOCYTES_IN_CANCER_UP	SMIRNOV_CIRCULATING_ENDOTHELIOCYTES_IN_CANCER_UP		129	0.22494647	1.0369309	0.36199096	0.74205977	1.0	3914	tags=33%, list=26%, signal=45%	
BOSCO_ALLERGEN_INDUCED_TH2_ASSOCIATED_MODULE	BOSCO_ALLERGEN_INDUCED_TH2_ASSOCIATED_MODULE		122	0.22440985	1.0350358	0.38207546	0.74747354	1.0	3440	tags=25%, list=23%, signal=32%	
KAUFFMANN_DNA_REPLICATION_GENES	KAUFFMANN_DNA_REPLICATION_GENES		123	0.22645552	1.0346411	0.38497654	0.7481672	1.0	2835	tags=20%, list=19%, signal=25%	
YAO_HOXA10_TARGETS_VIA_PROGESTERONE_DN	YAO_HOXA10_TARGETS_VIA_PROGESTERONE_DN		16	0.35435906	1.0346379	0.41476274	0.7476577	1.0	2126	tags=31%, list=14%, signal=36%	
REACTOME_HOMOLOGY_DIRECTED_REPAIR	REACTOME_HOMOLOGY_DIRECTED_REPAIR		112	0.23205248	1.0346153	0.39502332	0.7472038	1.0	3919	tags=30%, list=26%, signal=41%	
DARWICHE_SKIN_TUMOR_PROMOTER_UP	DARWICHE_SKIN_TUMOR_PROMOTER_UP		107	0.22927359	1.0336272	0.38714498	0.7497457	1.0	1922	tags=19%, list=13%, signal=21%	
WP_PLURIPOTENT_STEM_CELL_DIFFERENTIATION_PATHWAY	WP_PLURIPOTENT_STEM_CELL_DIFFERENTIATION_PATHWAY		42	0.2803379	1.0335	0.39688042	0.74964476	1.0	1551	tags=21%, list=10%, signal=24%	
WP_INFLAMMATORY_BOWEL_DISEASE_SIGNALING	WP_INFLAMMATORY_BOWEL_DISEASE_SIGNALING		25	0.31261793	1.0331267	0.3699115	0.75026745	1.0	3451	tags=36%, list=23%, signal=47%	
KIM_WT1_TARGETS_12HR_UP	KIM_WT1_TARGETS_12HR_UP		154	0.2196214	1.0330545	0.37967116	0.74998707	1.0	984	tags=11%, list=7%, signal=12%	
KEGG_PURINE_METABOLISM	KEGG_PURINE_METABOLISM		139	0.22250974	1.0327699	0.4050633	0.7503825	1.0	4656	tags=37%, list=31%, signal=53%	
GUTIERREZ_MULTIPLE_MYELOMA_UP	GUTIERREZ_MULTIPLE_MYELOMA_UP		32	0.29503477	1.0327507	0.40314135	0.74993443	1.0	4496	tags=25%, list=30%, signal=36%	
WP_BASE_EXCISION_REPAIR	WP_BASE_EXCISION_REPAIR		30	0.29244953	1.0324022	0.4064171	0.7504948	1.0	2165	tags=27%, list=14%, signal=31%	
NGUYEN_NOTCH1_TARGETS_UP	NGUYEN_NOTCH1_TARGETS_UP		23	0.32142425	1.0320648	0.43661973	0.7510568	1.0	3833	tags=39%, list=25%, signal=52%	
JIANG_MELANOMA_TRM4	JIANG_MELANOMA_TRM4		163	0.21435212	1.0315748	0.387538	0.7520643	1.0	4628	tags=34%, list=31%, signal=49%	
LU_AGING_BRAIN_UP	LU_AGING_BRAIN_UP		245	0.20333618	1.0309541	0.3840878	0.75357825	1.0	3855	tags=30%, list=26%, signal=40%	
REACTOME_PHOSPHORYLATED_BMAL1_CLOCK_ARNTL_CLOCK_ACTIVATES_EXPRESSION_OF_CORE_CLOCK_GENES	REACTOME_PHOSPHORYLATED_BMAL1_CLOCK_ARNTL_CLOCK_ACTIVATES_EXPRESSION_OF_CORE_CLOCK_GENES		20	0.33113667	1.0308074	0.41278064	0.75352126	1.0	920	tags=15%, list=6%, signal=16%	
REACTOME_NUCLEOTIDE_CATABOLISM	REACTOME_NUCLEOTIDE_CATABOLISM		29	0.30060872	1.0301536	0.42301184	0.7550605	1.0	1886	tags=21%, list=12%, signal=24%	
AMIT_EGF_RESPONSE_40_HELA	AMIT_EGF_RESPONSE_40_HELA		32	0.28776073	1.0300593	0.40701753	0.75484717	1.0	481	tags=13%, list=3%, signal=13%	
REACTOME_MUSCLE_CONTRACTION	REACTOME_MUSCLE_CONTRACTION		161	0.21601431	1.0298791	0.3984375	0.75487214	1.0	4338	tags=36%, list=29%, signal=50%	
AMIT_SERUM_RESPONSE_40_MCF10A	AMIT_SERUM_RESPONSE_40_MCF10A		22	0.32907373	1.0292928	0.4280822	0.75621676	1.0	3974	tags=41%, list=26%, signal=55%	
SCHAEFFER_PROSTATE_DEVELOPMENT_6HR_UP	SCHAEFFER_PROSTATE_DEVELOPMENT_6HR_UP		136	0.22106372	1.0291936	0.39027983	0.756007	1.0	3718	tags=26%, list=25%, signal=35%	
PEDERSEN_METASTASIS_BY_ERBB2_ISOFORM_6	PEDERSEN_METASTASIS_BY_ERBB2_ISOFORM_6		25	0.30996594	1.0290143	0.42096218	0.7560397	1.0	5166	tags=52%, list=34%, signal=79%	
DIRMEIER_LMP1_RESPONSE_LATE_UP	DIRMEIER_LMP1_RESPONSE_LATE_UP		50	0.26445207	1.0287668	0.40070298	0.7562622	1.0	4223	tags=34%, list=28%, signal=47%	
GAUSSMANN_MLL_AF4_FUSION_TARGETS_D_UP	GAUSSMANN_MLL_AF4_FUSION_TARGETS_D_UP		34	0.28335622	1.0286006	0.42096218	0.75629145	1.0	4893	tags=44%, list=32%, signal=65%	
WP_FAMILIAL_PARTIAL_LIPODYSTROPHY	WP_FAMILIAL_PARTIAL_LIPODYSTROPHY		26	0.30127075	1.0277067	0.41319445	0.7585677	1.0	2265	tags=19%, list=15%, signal=23%	
BYSTROEM_CORRELATED_WITH_IL5_UP	BYSTROEM_CORRELATED_WITH_IL5_UP		36	0.28004092	1.0276389	0.3954306	0.7582638	1.0	4546	tags=31%, list=30%, signal=44%	
REACTOME_DISEASES_OF_METABOLISM	REACTOME_DISEASES_OF_METABOLISM		221	0.20655443	1.0274329	0.36656892	0.7584408	1.0	3970	tags=29%, list=26%, signal=38%	
VANDESLUIS_COMMD1_TARGETS_GROUP_4_UP	VANDESLUIS_COMMD1_TARGETS_GROUP_4_UP		15	0.3541832	1.0272698	0.41229656	0.75842655	1.0	2453	tags=27%, list=16%, signal=32%	
KEGG_MEDICUS_REFERENCE_WNT_SIGNALING_PATHWAY	KEGG_MEDICUS_REFERENCE_WNT_SIGNALING_PATHWAY		41	0.2799213	1.0269748	0.41467577	0.75885576	1.0	1966	tags=24%, list=13%, signal=28%	
PID_SYNDECAN_1_PATHWAY	PID_SYNDECAN_1_PATHWAY		41	0.27502975	1.0267485	0.40753424	0.7590367	1.0	1946	tags=20%, list=13%, signal=22%	
NAKAMURA_CANCER_MICROENVIRONMENT_DN	NAKAMURA_CANCER_MICROENVIRONMENT_DN		43	0.2719479	1.0265245	0.41543514	0.75924665	1.0	5154	tags=40%, list=34%, signal=60%	
KEGG_MATURITY_ONSET_DIABETES_OF_THE_YOUNG	KEGG_MATURITY_ONSET_DIABETES_OF_THE_YOUNG		18	0.33973092	1.0262557	0.431127	0.7595875	1.0	5055	tags=61%, list=33%, signal=92%	
WOOD_EBV_EBNA1_TARGETS_UP	WOOD_EBV_EBNA1_TARGETS_UP		101	0.2297285	1.0255537	0.3905775	0.76123	1.0	3112	tags=25%, list=21%, signal=31%	
GRAHAM_CML_QUIESCENT_VS_NORMAL_QUIESCENT_UP	GRAHAM_CML_QUIESCENT_VS_NORMAL_QUIESCENT_UP		73	0.24999428	1.0248601	0.40333334	0.7628958	1.0	4201	tags=33%, list=28%, signal=45%	
WP_ATM_SIGNALING	WP_ATM_SIGNALING		28	0.29568335	1.0248414	0.443686	0.76244146	1.0	3950	tags=36%, list=26%, signal=48%	
GOLDRATH_IMMUNE_MEMORY	GOLDRATH_IMMUNE_MEMORY		59	0.25416872	1.0247217	0.39831933	0.762309	1.0	2714	tags=24%, list=18%, signal=29%	
BOYLAN_MULTIPLE_MYELOMA_C_DN	BOYLAN_MULTIPLE_MYELOMA_C_DN		49	0.26235744	1.0241348	0.4141593	0.76359755	1.0	3947	tags=31%, list=26%, signal=41%	
REACTOME_THE_CANONICAL_RETINOID_CYCLE_IN_RODS_TWILIGHT_VISION	REACTOME_THE_CANONICAL_RETINOID_CYCLE_IN_RODS_TWILIGHT_VISION		16	0.35064888	1.0241009	0.4125874	0.7631843	1.0	1945	tags=31%, list=13%, signal=36%	
CONCANNON_APOPTOSIS_BY_EPOXOMICIN_UP	CONCANNON_APOPTOSIS_BY_EPOXOMICIN_UP		201	0.20996697	1.0240476	0.40969163	0.76282066	1.0	3140	tags=23%, list=21%, signal=29%	
GHO_ATF5_TARGETS_DN	GHO_ATF5_TARGETS_DN		15	0.36069277	1.0237502	0.43057996	0.76323396	1.0	1568	tags=13%, list=10%, signal=15%	
CHEOK_RESPONSE_TO_MERCAPTOPURINE_AND_LD_MTX_DN	CHEOK_RESPONSE_TO_MERCAPTOPURINE_AND_LD_MTX_DN		17	0.33878085	1.0230145	0.41340783	0.7650426	1.0	283	tags=12%, list=2%, signal=12%	
TONKS_TARGETS_OF_RUNX1_RUNX1T1_FUSION_ERYTHROCYTE_UP	TONKS_TARGETS_OF_RUNX1_RUNX1T1_FUSION_ERYTHROCYTE_UP		136	0.21942116	1.0229738	0.41368586	0.7646604	1.0	3878	tags=34%, list=26%, signal=45%	
BYSTRYKH_HEMATOPOIESIS_STEM_CELL_SCP2_QTL_TRANS	BYSTRYKH_HEMATOPOIESIS_STEM_CELL_SCP2_QTL_TRANS		20	0.3306241	1.0227343	0.4280443	0.7649294	1.0	6031	tags=65%, list=40%, signal=108%	
WP_MALE_INFERTILITY	WP_MALE_INFERTILITY		99	0.23165274	1.0226109	0.42410016	0.76482856	1.0	3895	tags=31%, list=26%, signal=42%	
KEGG_O_GLYCAN_BIOSYNTHESIS	KEGG_O_GLYCAN_BIOSYNTHESIS		22	0.32111534	1.0225068	0.43833333	0.7646524	1.0	2029	tags=18%, list=13%, signal=21%	
ABE_VEGFA_TARGETS_30MIN	ABE_VEGFA_TARGETS_30MIN		25	0.30589175	1.0222298	0.41086587	0.7649991	1.0	4253	tags=36%, list=28%, signal=50%	
ACEVEDO_LIVER_CANCER_WITH_H3K9ME3_DN	ACEVEDO_LIVER_CANCER_WITH_H3K9ME3_DN		89	0.23615505	1.0220618	0.4015625	0.7649727	1.0	2911	tags=25%, list=19%, signal=30%	
KEGG_GALACTOSE_METABOLISM	KEGG_GALACTOSE_METABOLISM		19	0.33229068	1.0214554	0.42778793	0.76636887	1.0	4535	tags=37%, list=30%, signal=53%	
HERNANDEZ_ABERRANT_MITOSIS_BY_DOCETACEL_2NM_DN	HERNANDEZ_ABERRANT_MITOSIS_BY_DOCETACEL_2NM_DN		22	0.31935012	1.020688	0.44047618	0.76827973	1.0	2868	tags=36%, list=19%, signal=45%	
REACTOME_ASPIRIN_ADME	REACTOME_ASPIRIN_ADME		18	0.33970562	1.0205576	0.43678162	0.76819146	1.0	2072	tags=22%, list=14%, signal=26%	
REACTOME_G_ALPHA_12_13_SIGNALLING_EVENTS	REACTOME_G_ALPHA_12_13_SIGNALLING_EVENTS		71	0.24470423	1.0205286	0.42043552	0.76777357	1.0	2074	tags=20%, list=14%, signal=23%	
XU_HGF_SIGNALING_NOT_VIA_AKT1_6HR	XU_HGF_SIGNALING_NOT_VIA_AKT1_6HR		22	0.32332742	1.0203421	0.43361345	0.7678691	1.0	222	tags=9%, list=1%, signal=9%	
WP_COVID19_STRUCTURAL_COVERAGE_MAP	WP_COVID19_STRUCTURAL_COVERAGE_MAP		24	0.3156303	1.0202922	0.43661973	0.76748115	1.0	1000	tags=17%, list=7%, signal=18%	
REACTOME_NEGATIVE_REGULATION_OF_MET_ACTIVITY	REACTOME_NEGATIVE_REGULATION_OF_MET_ACTIVITY		20	0.32488778	1.0201952	0.4409722	0.7672725	1.0	1530	tags=20%, list=10%, signal=22%	
KOKKINAKIS_METHIONINE_DEPRIVATION_48HR_UP	KOKKINAKIS_METHIONINE_DEPRIVATION_48HR_UP		113	0.22579373	1.0201447	0.39940387	0.76691854	1.0	3905	tags=31%, list=26%, signal=41%	
KEGG_DRUG_METABOLISM_OTHER_ENZYMES	KEGG_DRUG_METABOLISM_OTHER_ENZYMES		24	0.30833095	1.0201277	0.42168674	0.76646745	1.0	4131	tags=46%, list=27%, signal=63%	
PHONG_TNF_RESPONSE_VIA_P38_PARTIAL	PHONG_TNF_RESPONSE_VIA_P38_PARTIAL		143	0.21527293	1.0196984	0.39183056	0.7673091	1.0	2675	tags=21%, list=18%, signal=25%	
WP_EPO_RECEPTOR_SIGNALING	WP_EPO_RECEPTOR_SIGNALING		23	0.3124249	1.0194038	0.42857143	0.7677208	1.0	5410	tags=65%, list=36%, signal=101%	
BROWNE_HCMV_INFECTION_30MIN_DN	BROWNE_HCMV_INFECTION_30MIN_DN		110	0.22470509	1.0193629	0.416	0.76735693	1.0	1658	tags=15%, list=11%, signal=16%	
ADDYA_ERYTHROID_DIFFERENTIATION_BY_HEMIN	ADDYA_ERYTHROID_DIFFERENTIATION_BY_HEMIN		62	0.2501277	1.0189283	0.4264463	0.7682642	1.0	4466	tags=32%, list=30%, signal=46%	
SESTO_RESPONSE_TO_UV_C8	SESTO_RESPONSE_TO_UV_C8		66	0.24753442	1.0186796	0.40464345	0.768556	1.0	1797	tags=18%, list=12%, signal=21%	
RICKMAN_TUMOR_DIFFERENTIATED_WELL_VS_POORLY_DN	RICKMAN_TUMOR_DIFFERENTIATED_WELL_VS_POORLY_DN		333	0.19609563	1.0186187	0.40656206	0.7682545	1.0	3585	tags=25%, list=24%, signal=32%	
WP_10Q22Q23_COPY_NUMBER_VARIATION	WP_10Q22Q23_COPY_NUMBER_VARIATION		46	0.26824278	1.0183927	0.44039735	0.7684352	1.0	4376	tags=35%, list=29%, signal=49%	
WP_PROSTAGLANDIN_SYNTHESIS_AND_REGULATION	WP_PROSTAGLANDIN_SYNTHESIS_AND_REGULATION		38	0.28157377	1.0181845	0.4178082	0.76856893	1.0	5263	tags=47%, list=35%, signal=73%	
PEDERSEN_METASTASIS_BY_ERBB2_ISOFORM_7	PEDERSEN_METASTASIS_BY_ERBB2_ISOFORM_7		350	0.1952651	1.0180235	0.40463215	0.7685774	1.0	2714	tags=18%, list=18%, signal=21%	
JACKSON_DNMT1_TARGETS_DN	JACKSON_DNMT1_TARGETS_DN		20	0.32531336	1.0179281	0.41261262	0.7683782	1.0	3845	tags=40%, list=25%, signal=54%	
SMID_BREAST_CANCER_RELAPSE_IN_LUNG_UP	SMID_BREAST_CANCER_RELAPSE_IN_LUNG_UP		18	0.33701837	1.0176991	0.41155234	0.76859874	1.0	4548	tags=44%, list=30%, signal=64%	
ROSS_ACUTE_MYELOID_LEUKEMIA_CBF	ROSS_ACUTE_MYELOID_LEUKEMIA_CBF		67	0.2436383	1.0174766	0.41137123	0.7688014	1.0	1913	tags=18%, list=13%, signal=20%	
REACTOME_DEFECTS_IN_VITAMIN_AND_COFACTOR_METABOLISM	REACTOME_DEFECTS_IN_VITAMIN_AND_COFACTOR_METABOLISM		20	0.33022603	1.0168036	0.44007155	0.77032375	1.0	2942	tags=30%, list=19%, signal=37%	
KAAB_HEART_ATRIUM_VS_VENTRICLE_UP	KAAB_HEART_ATRIUM_VS_VENTRICLE_UP		229	0.20180276	1.016772	0.43543544	0.7699107	1.0	2576	tags=19%, list=17%, signal=22%	
REACTOME_ORGANELLE_BIOGENESIS_AND_MAINTENANCE	REACTOME_ORGANELLE_BIOGENESIS_AND_MAINTENANCE		276	0.19909385	1.0166606	0.4271978	0.7697732	1.0	4788	tags=35%, list=32%, signal=51%	
REACTOME_METABOLISM_OF_STEROID_HORMONES	REACTOME_METABOLISM_OF_STEROID_HORMONES		27	0.30326873	1.0163745	0.4247312	0.77016467	1.0	4169	tags=41%, list=28%, signal=56%	
WP_FATTY_ACID_AND_LIPOPROTEIN_TRANSPORT_IN_HEPATOCYTES	WP_FATTY_ACID_AND_LIPOPROTEIN_TRANSPORT_IN_HEPATOCYTES		335	0.19554289	1.0157976	0.4048913	0.7714726	1.0	2603	tags=20%, list=17%, signal=24%	
FEKIR_HEPARG_SIDE_POP_VS_HEPARG_DN	FEKIR_HEPARG_SIDE_POP_VS_HEPARG_DN		73	0.24254556	1.0155815	0.43225807	0.7716363	1.0	3709	tags=33%, list=25%, signal=43%	
WP_16P1311_COPY_NUMBER_VARIATION_SYNDROME	WP_16P1311_COPY_NUMBER_VARIATION_SYNDROME		23	0.31047788	1.0146251	0.433213	0.7740857	1.0	1980	tags=22%, list=13%, signal=25%	
PILON_KLF1_TARGETS_UP	PILON_KLF1_TARGETS_UP		424	0.1899802	1.0142816	0.40710384	0.77467805	1.0	3965	tags=25%, list=26%, signal=34%	
KIM_PTEN_TARGETS_UP	KIM_PTEN_TARGETS_UP		16	0.34445655	1.0141661	0.41300526	0.7745127	1.0	3857	tags=56%, list=26%, signal=75%	
DOANE_BREAST_CANCER_ESR1_DN	DOANE_BREAST_CANCER_ESR1_DN		37	0.27772048	1.013507	0.4408784	0.77600914	1.0	4585	tags=43%, list=30%, signal=62%	
BREDEMEYER_RAG_SIGNALING_NOT_VIA_ATM_UP	BREDEMEYER_RAG_SIGNALING_NOT_VIA_ATM_UP		57	0.2518325	1.0131913	0.44533762	0.77650136	1.0	2304	tags=25%, list=15%, signal=29%	
FEKIR_HEPARG_SPHERE_VS_HEPARG_DN	FEKIR_HEPARG_SPHERE_VS_HEPARG_DN		32	0.28468734	1.012778	0.44178084	0.7772332	1.0	2124	tags=25%, list=14%, signal=29%	
REACTOME_DDX58_IFIH1_MEDIATED_INDUCTION_OF_INTERFERON_ALPHA_BETA	REACTOME_DDX58_IFIH1_MEDIATED_INDUCTION_OF_INTERFERON_ALPHA_BETA		61	0.24978751	1.0126301	0.4189189	0.7771647	1.0	959	tags=13%, list=6%, signal=14%	
WP_PARKINSONS_DISEASE_PATHWAY	WP_PARKINSONS_DISEASE_PATHWAY		34	0.2840348	1.0125959	0.43728223	0.776754	1.0	3088	tags=32%, list=20%, signal=41%	
SOTIRIOU_BREAST_CANCER_GRADE_1_VS_3_UP	SOTIRIOU_BREAST_CANCER_GRADE_1_VS_3_UP		145	0.21392082	1.0125301	0.42982456	0.7764421	1.0	6021	tags=41%, list=40%, signal=68%	
KOBAYASHI_EGFR_SIGNALING_24HR_UP	KOBAYASHI_EGFR_SIGNALING_24HR_UP		87	0.23016301	1.0123963	0.43166667	0.77634966	1.0	4091	tags=32%, list=27%, signal=44%	
MULLIGHAN_MLL_SIGNATURE_2_DN	MULLIGHAN_MLL_SIGNATURE_2_DN		231	0.20190586	1.0115491	0.43874645	0.77851254	1.0	3696	tags=26%, list=24%, signal=34%	
RODRIGUES_NTN1_TARGETS_DN	RODRIGUES_NTN1_TARGETS_DN		136	0.21665902	1.0112464	0.44285715	0.7789738	1.0	3258	tags=24%, list=22%, signal=30%	
AMIT_EGF_RESPONSE_480_MCF10A	AMIT_EGF_RESPONSE_480_MCF10A		37	0.2795061	1.010698	0.44463372	0.7801398	1.0	3412	tags=30%, list=23%, signal=38%	
REACTOME_TRANSPORT_OF_INORGANIC_CATIONS_ANIONS_AND_AMINO_ACIDS_OLIGOPEPTIDES	REACTOME_TRANSPORT_OF_INORGANIC_CATIONS_ANIONS_AND_AMINO_ACIDS_OLIGOPEPTIDES		90	0.23340663	1.010629	0.4181818	0.77985793	1.0	4103	tags=32%, list=27%, signal=44%	
YAUCH_HEDGEHOG_SIGNALING_PARACRINE_UP	YAUCH_HEDGEHOG_SIGNALING_PARACRINE_UP		116	0.22499949	1.0100422	0.43164364	0.78114474	1.0	3337	tags=27%, list=22%, signal=34%	
REACTOME_NR1H2_AND_NR1H3_MEDIATED_SIGNALING	REACTOME_NR1H2_AND_NR1H3_MEDIATED_SIGNALING		35	0.27896014	1.0097599	0.4292683	0.78150785	1.0	109	tags=9%, list=1%, signal=9%	
REACTOME_MITOTIC_G2_G2_M_PHASES	REACTOME_MITOTIC_G2_G2_M_PHASES		174	0.21005347	1.0096784	0.4318182	0.7812435	1.0	4692	tags=34%, list=31%, signal=49%	
SENESE_HDAC3_TARGETS_DN	SENESE_HDAC3_TARGETS_DN		480	0.18692122	1.0094416	0.43896103	0.7814718	1.0	2968	tags=20%, list=20%, signal=25%	
DANG_REGULATED_BY_MYC_DN	DANG_REGULATED_BY_MYC_DN		212	0.20190296	1.0092571	0.4503597	0.78150064	1.0	3617	tags=25%, list=24%, signal=32%	
HENDRICKS_SMARCA4_TARGETS_UP	HENDRICKS_SMARCA4_TARGETS_UP		43	0.26635167	1.0090184	0.44153577	0.78173846	1.0	3129	tags=30%, list=21%, signal=38%	
BROWNE_HCMV_INFECTION_2HR_DN	BROWNE_HCMV_INFECTION_2HR_DN		43	0.26739925	1.0088092	0.44983277	0.78187287	1.0	929	tags=12%, list=6%, signal=12%	
REACTOME_LISTERIA_MONOCYTOGENES_ENTRY_INTO_HOST_CELLS	REACTOME_LISTERIA_MONOCYTOGENES_ENTRY_INTO_HOST_CELLS		19	0.3230526	1.0085319	0.42039356	0.7822273	1.0	1530	tags=21%, list=10%, signal=23%	
LINDGREN_BLADDER_CANCER_CLUSTER_2B	LINDGREN_BLADDER_CANCER_CLUSTER_2B		337	0.19415826	1.0083919	0.44536653	0.782155	1.0	2344	tags=17%, list=16%, signal=20%	
MIKKELSEN_MCV6_ICP_WITH_H3K4ME3_AND_H3K27ME3	MIKKELSEN_MCV6_ICP_WITH_H3K4ME3_AND_H3K27ME3		30	0.29399422	1.0083624	0.43598616	0.7817482	1.0	2784	tags=30%, list=18%, signal=37%	
STAMBOLSKY_RESPONSE_TO_VITAMIN_D3_UP	STAMBOLSKY_RESPONSE_TO_VITAMIN_D3_UP		66	0.24558066	1.0077494	0.44630873	0.7831635	1.0	3182	tags=29%, list=21%, signal=36%	
BORLAK_LIVER_CANCER_EGF_UP	BORLAK_LIVER_CANCER_EGF_UP		45	0.26541582	1.0076402	0.44082332	0.78299195	1.0	2462	tags=22%, list=16%, signal=26%	
BAE_BRCA1_TARGETS_UP	BAE_BRCA1_TARGETS_UP		60	0.24970599	1.0074998	0.44536424	0.7829398	1.0	4496	tags=37%, list=30%, signal=52%	
VALK_AML_CLUSTER_8	VALK_AML_CLUSTER_8		22	0.31564215	1.0070183	0.45762712	0.78389853	1.0	3071	tags=32%, list=20%, signal=40%	
REACTOME_ASYMMETRIC_LOCALIZATION_OF_PCP_PROTEINS	REACTOME_ASYMMETRIC_LOCALIZATION_OF_PCP_PROTEINS		49	0.25524905	1.006656	0.46507937	0.78452903	1.0	2439	tags=18%, list=16%, signal=22%	
IWANAGA_E2F1_TARGETS_INDUCED_BY_SERUM	IWANAGA_E2F1_TARGETS_INDUCED_BY_SERUM		23	0.3121855	1.0064622	0.44758734	0.7846297	1.0	4181	tags=43%, list=28%, signal=60%	
JAATINEN_HEMATOPOIETIC_STEM_CELL_UP	JAATINEN_HEMATOPOIETIC_STEM_CELL_UP		283	0.1967921	1.0063561	0.44050992	0.7844496	1.0	2754	tags=20%, list=18%, signal=24%	
NATSUME_RESPONSE_TO_INTERFERON_BETA_DN	NATSUME_RESPONSE_TO_INTERFERON_BETA_DN		48	0.26358262	1.0060596	0.4548611	0.78483355	1.0	2303	tags=21%, list=15%, signal=25%	
REACTOME_DUAL_INCISION_IN_TC_NER	REACTOME_DUAL_INCISION_IN_TC_NER		60	0.25166383	1.0058376	0.42736486	0.78501487	1.0	3571	tags=28%, list=24%, signal=37%	
REACTOME_REGULATION_OF_TP53_ACTIVITY_THROUGH_PHOSPHORYLATION	REACTOME_REGULATION_OF_TP53_ACTIVITY_THROUGH_PHOSPHORYLATION		76	0.23813857	1.0057869	0.4517685	0.7846667	1.0	3905	tags=30%, list=26%, signal=41%	
CASORELLI_ACUTE_PROMYELOCYTIC_LEUKEMIA_UP	CASORELLI_ACUTE_PROMYELOCYTIC_LEUKEMIA_UP		136	0.21605913	1.0053618	0.42433235	0.78550225	1.0	2226	tags=16%, list=15%, signal=19%	
ROZANOV_MMP14_TARGETS_DN	ROZANOV_MMP14_TARGETS_DN		31	0.28769583	1.0053463	0.4460177	0.785044	1.0	3584	tags=35%, list=24%, signal=46%	
KUMAR_AUTOPHAGY_NETWORK	KUMAR_AUTOPHAGY_NETWORK		58	0.24778934	1.0050825	0.47254574	0.78537333	1.0	2936	tags=21%, list=19%, signal=26%	
CADWELL_ATG16L1_TARGETS_DN	CADWELL_ATG16L1_TARGETS_DN		58	0.24772365	1.0046283	0.44576272	0.78624237	1.0	1850	tags=17%, list=12%, signal=20%	
ALONSO_METASTASIS_DN	ALONSO_METASTASIS_DN		23	0.30800387	1.0042745	0.4716312	0.78682745	1.0	1995	tags=22%, list=13%, signal=25%	
PUJANA_BRCA_CENTERED_NETWORK	PUJANA_BRCA_CENTERED_NETWORK		104	0.22474745	1.0036937	0.44530046	0.7880901	1.0	5273	tags=39%, list=35%, signal=60%	
NIKOLSKY_BREAST_CANCER_17Q21_Q25_AMPLICON	NIKOLSKY_BREAST_CANCER_17Q21_Q25_AMPLICON		278	0.19734965	1.0034345	0.45584047	0.78841096	1.0	2733	tags=19%, list=18%, signal=22%	
WEIGEL_OXIDATIVE_STRESS_BY_HNE_AND_H2O2	WEIGEL_OXIDATIVE_STRESS_BY_HNE_AND_H2O2		28	0.29397416	1.0034114	0.4594096	0.7879824	1.0	3096	tags=29%, list=20%, signal=36%	
GOLUB_ALL_VS_AML_UP	GOLUB_ALL_VS_AML_UP		21	0.32057992	1.0033287	0.46724138	0.7877078	1.0	1626	tags=19%, list=11%, signal=21%	
QI_HYPOXIA	QI_HYPOXIA		127	0.21614376	1.0031252	0.46190476	0.78781146	1.0	4535	tags=35%, list=30%, signal=49%	
TERAMOTO_OPN_TARGETS_CLUSTER_7	TERAMOTO_OPN_TARGETS_CLUSTER_7		16	0.34331104	1.0028235	0.45233646	0.78825957	1.0	1726	tags=19%, list=11%, signal=21%	
SNIJDERS_AMPLIFIED_IN_HEAD_AND_NECK_TUMORS	SNIJDERS_AMPLIFIED_IN_HEAD_AND_NECK_TUMORS		31	0.28916568	1.0026822	0.4509804	0.7882213	1.0	3294	tags=29%, list=22%, signal=37%	
REICHERT_MITOSIS_LIN9_TARGETS	REICHERT_MITOSIS_LIN9_TARGETS		27	0.29476893	1.0026753	0.43963963	0.7877364	1.0	5987	tags=44%, list=40%, signal=73%	
WP_WHITE_FAT_CELL_DIFFERENTIATION	WP_WHITE_FAT_CELL_DIFFERENTIATION		28	0.29506114	1.0021449	0.48128343	0.7888253	1.0	5484	tags=50%, list=36%, signal=78%	
MAHAJAN_RESPONSE_TO_IL1A_UP	MAHAJAN_RESPONSE_TO_IL1A_UP		65	0.24447972	1.0021164	0.4553846	0.7884167	1.0	3558	tags=31%, list=24%, signal=40%	
KYNG_DNA_DAMAGE_BY_GAMMA_RADIATION	KYNG_DNA_DAMAGE_BY_GAMMA_RADIATION		68	0.24129842	1.0019978	0.45585874	0.7882915	1.0	2239	tags=19%, list=15%, signal=22%	
CHESLER_BRAIN_QTL_CIS	CHESLER_BRAIN_QTL_CIS		62	0.2475299	1.0017561	0.46677214	0.7885164	1.0	3617	tags=27%, list=24%, signal=36%	
WEINMANN_ADAPTATION_TO_HYPOXIA_DN	WEINMANN_ADAPTATION_TO_HYPOXIA_DN		33	0.28103933	1.0014265	0.46853146	0.7890548	1.0	2284	tags=24%, list=15%, signal=28%	
WP_ETHER_LIPID_BIOSYNTHESIS	WP_ETHER_LIPID_BIOSYNTHESIS		17	0.33098027	1.0013233	0.45818815	0.7888609	1.0	3106	tags=35%, list=21%, signal=44%	
ZHENG_GLIOBLASTOMA_PLASTICITY_DN	ZHENG_GLIOBLASTOMA_PLASTICITY_DN		49	0.2576758	1.0012852	0.4556314	0.7884847	1.0	1728	tags=18%, list=11%, signal=21%	
ZHAN_MULTIPLE_MYELOMA_MS_DN	ZHAN_MULTIPLE_MYELOMA_MS_DN		39	0.27536932	1.0011369	0.47009966	0.7884406	1.0	1494	tags=18%, list=10%, signal=20%	
REACTOME_SIGNALING_BY_SCF_KIT	REACTOME_SIGNALING_BY_SCF_KIT		38	0.2697463	1.0007744	0.469352	0.7890484	1.0	4474	tags=42%, list=30%, signal=60%	
WALLACE_PROSTATE_CANCER_RACE_DN	WALLACE_PROSTATE_CANCER_RACE_DN		73	0.24071729	1.0005039	0.45605308	0.7894014	1.0	2793	tags=23%, list=18%, signal=28%	
LIU_CMYB_TARGETS_UP	LIU_CMYB_TARGETS_UP		146	0.21434647	1.0002524	0.45496893	0.7896794	1.0	2210	tags=18%, list=15%, signal=21%	
REACTOME_DNA_REPLICATION	REACTOME_DNA_REPLICATION		154	0.21189736	0.9996931	0.46259543	0.79090315	1.0	4522	tags=31%, list=30%, signal=44%	
TORCHIA_TARGETS_OF_EWSR1_FLI1_FUSION_UP	TORCHIA_TARGETS_OF_EWSR1_FLI1_FUSION_UP		230	0.20119582	0.99945354	0.4698276	0.79114866	1.0	3244	tags=22%, list=21%, signal=27%	
BROWNE_HCMV_INFECTION_18HR_DN	BROWNE_HCMV_INFECTION_18HR_DN		148	0.21232626	0.99945086	0.45852187	0.7906547	1.0	1982	tags=18%, list=13%, signal=21%	
DAVICIONI_PAX_FOXO1_SIGNATURE_IN_ARMS_DN	DAVICIONI_PAX_FOXO1_SIGNATURE_IN_ARMS_DN		20	0.31889945	0.9994368	0.44561404	0.79019713	1.0	1891	tags=20%, list=13%, signal=23%	
REACTOME_MITOCHONDRIAL_CALCIUM_ION_TRANSPORT	REACTOME_MITOCHONDRIAL_CALCIUM_ION_TRANSPORT		21	0.3222799	0.99934214	0.46268657	0.7899706	1.0	1274	tags=19%, list=8%, signal=21%	
CROONQUIST_IL6_DEPRIVATION_UP	CROONQUIST_IL6_DEPRIVATION_UP		15	0.35229594	0.9990349	0.43462247	0.7904219	1.0	2931	tags=40%, list=19%, signal=50%	
PURBEY_TARGETS_OF_CTBP1_NOT_SATB1_DN	PURBEY_TARGETS_OF_CTBP1_NOT_SATB1_DN		338	0.190937	0.99894404	0.4646739	0.7901877	1.0	4412	tags=32%, list=29%, signal=44%	
BASSO_B_LYMPHOCYTE_NETWORK	BASSO_B_LYMPHOCYTE_NETWORK		136	0.21804985	0.9989195	0.46522412	0.7897751	1.0	4739	tags=35%, list=31%, signal=51%	
RIGGI_EWING_SARCOMA_PROGENITOR_DN	RIGGI_EWING_SARCOMA_PROGENITOR_DN		172	0.20697792	0.9989087	0.4726989	0.789305	1.0	2404	tags=17%, list=16%, signal=20%	
OUELLET_CULTURED_OVARIAN_CANCER_INVASIVE_VS_LMP_UP	OUELLET_CULTURED_OVARIAN_CANCER_INVASIVE_VS_LMP_UP		63	0.24793121	0.99875844	0.46357617	0.7892893	1.0	2728	tags=22%, list=18%, signal=27%	
WHITEHURST_PACLITAXEL_SENSITIVITY	WHITEHURST_PACLITAXEL_SENSITIVITY		34	0.28152522	0.99815255	0.44620812	0.7906765	1.0	2575	tags=29%, list=17%, signal=35%	
TERAO_AOX4_TARGETS_SKIN_UP	TERAO_AOX4_TARGETS_SKIN_UP		29	0.29099247	0.9980849	0.44055945	0.7903938	1.0	1737	tags=21%, list=11%, signal=23%	
JAZAG_TGFB1_SIGNALING_UP	JAZAG_TGFB1_SIGNALING_UP		93	0.22754608	0.99780685	0.44822007	0.79075056	1.0	2154	tags=17%, list=14%, signal=20%	
NEMETH_INFLAMMATORY_RESPONSE_LPS_DN	NEMETH_INFLAMMATORY_RESPONSE_LPS_DN		23	0.30632496	0.9977886	0.44919786	0.7903124	1.0	1383	tags=17%, list=9%, signal=19%	
YAGI_AML_FAB_MARKERS	YAGI_AML_FAB_MARKERS		164	0.207896	0.99763536	0.46407187	0.7902788	1.0	4194	tags=31%, list=28%, signal=43%	
FLOTHO_PEDIATRIC_ALL_THERAPY_RESPONSE_DN	FLOTHO_PEDIATRIC_ALL_THERAPY_RESPONSE_DN		27	0.29897702	0.9975003	0.45062837	0.79018307	1.0	1673	tags=22%, list=11%, signal=25%	
FRASOR_RESPONSE_TO_ESTRADIOL_DN	FRASOR_RESPONSE_TO_ESTRADIOL_DN		65	0.24370235	0.9974432	0.4639866	0.789893	1.0	3316	tags=26%, list=22%, signal=33%	
REACTOME_TRANSCRIPTIONAL_REGULATION_BY_NPAS4	REACTOME_TRANSCRIPTIONAL_REGULATION_BY_NPAS4		28	0.29176936	0.9969751	0.4492255	0.7908691	1.0	2032	tags=21%, list=13%, signal=25%	
FOSTER_TOLERANT_MACROPHAGE_DN	FOSTER_TOLERANT_MACROPHAGE_DN		363	0.18919939	0.9968268	0.46314326	0.79084045	1.0	2438	tags=19%, list=16%, signal=22%	
WP_ACUTE_VIRAL_MYOCARDITIS	WP_ACUTE_VIRAL_MYOCARDITIS		70	0.240064	0.9966259	0.45718902	0.7909634	1.0	3848	tags=36%, list=25%, signal=48%	
REACTOME_ENDOGENOUS_STEROLS	REACTOME_ENDOGENOUS_STEROLS		20	0.32246393	0.9963323	0.44344702	0.79134625	1.0	4169	tags=35%, list=28%, signal=48%	
BOYAULT_LIVER_CANCER_SUBCLASS_G6_UP	BOYAULT_LIVER_CANCER_SUBCLASS_G6_UP		59	0.24890313	0.99619526	0.45304778	0.79123604	1.0	1946	tags=19%, list=13%, signal=21%	
BIOCARTA_P38MAPK_PATHWAY	BIOCARTA_P38MAPK_PATHWAY		27	0.29674715	0.99602556	0.4387755	0.7912891	1.0	3580	tags=41%, list=24%, signal=53%	
WP_3Q29_COPY_NUMBER_VARIATION_SYNDROME	WP_3Q29_COPY_NUMBER_VARIATION_SYNDROME		56	0.24338642	0.9950651	0.45945945	0.7936401	1.0	2267	tags=21%, list=15%, signal=25%	
SHETH_LIVER_CANCER_VS_TXNIP_LOSS_PAM1	SHETH_LIVER_CANCER_VS_TXNIP_LOSS_PAM1		227	0.20005059	0.994793	0.47652915	0.79398733	1.0	2617	tags=21%, list=17%, signal=25%	
WP_MIRNA_REGULATION_OF_P53_PATHWAY_IN_PROSTATE_CANCER	WP_MIRNA_REGULATION_OF_P53_PATHWAY_IN_PROSTATE_CANCER		19	0.32516408	0.99412864	0.4718045	0.7955495	1.0	996	tags=21%, list=7%, signal=23%	
WANG_METASTASIS_OF_BREAST_CANCER_ESR1_UP	WANG_METASTASIS_OF_BREAST_CANCER_ESR1_UP		18	0.3316813	0.9939878	0.45765767	0.79549706	1.0	2959	tags=22%, list=20%, signal=28%	
WP_SLEEP_REGULATION	WP_SLEEP_REGULATION		24	0.29883313	0.99374586	0.442029	0.79574174	1.0	4295	tags=50%, list=28%, signal=70%	
WANG_ESOPHAGUS_CANCER_VS_NORMAL_DN	WANG_ESOPHAGUS_CANCER_VS_NORMAL_DN		87	0.23117468	0.9936991	0.47411004	0.79538363	1.0	4857	tags=40%, list=32%, signal=59%	
EPPERT_LSC_R	EPPERT_LSC_R		38	0.27062932	0.99311066	0.48049647	0.79669315	1.0	2481	tags=24%, list=16%, signal=28%	
DUTERTRE_ESTRADIOL_RESPONSE_6HR_DN	DUTERTRE_ESTRADIOL_RESPONSE_6HR_DN		84	0.22998615	0.99306965	0.44715446	0.79630953	1.0	2748	tags=23%, list=18%, signal=27%	
ZHOU_CELL_CYCLE_GENES_IN_IR_RESPONSE_24HR	ZHOU_CELL_CYCLE_GENES_IN_IR_RESPONSE_24HR		121	0.21419512	0.99283755	0.47763577	0.79654664	1.0	5214	tags=36%, list=35%, signal=55%	
KANG_AR_TARGETS_DN	KANG_AR_TARGETS_DN		17	0.33262044	0.9927015	0.46938777	0.7964707	1.0	6748	tags=76%, list=45%, signal=138%	
CHIANG_LIVER_CANCER_SUBCLASS_PROLIFERATION_UP	CHIANG_LIVER_CANCER_SUBCLASS_PROLIFERATION_UP		169	0.20647281	0.99257165	0.46153846	0.7963753	1.0	5381	tags=40%, list=36%, signal=61%	
DAVICIONI_MOLECULAR_ARMS_VS_ERMS_DN	DAVICIONI_MOLECULAR_ARMS_VS_ERMS_DN		168	0.20523009	0.9920722	0.48108926	0.7974416	1.0	3158	tags=24%, list=21%, signal=31%	
CARRILLOREIXACH_MRS3_VS_LOWER_RISK_HEPATOBLASTOMA_DN	CARRILLOREIXACH_MRS3_VS_LOWER_RISK_HEPATOBLASTOMA_DN		153	0.21011852	0.9920006	0.49016643	0.79715705	1.0	2901	tags=23%, list=19%, signal=28%	
WP_CILIARY_LANDSCAPE	WP_CILIARY_LANDSCAPE		189	0.20312995	0.9918988	0.48219585	0.79699653	1.0	4653	tags=33%, list=31%, signal=48%	
MCCABE_HOXC6_TARGETS_DN	MCCABE_HOXC6_TARGETS_DN		20	0.32010448	0.99165463	0.49288255	0.79724836	1.0	1597	tags=20%, list=11%, signal=22%	
WP_UREA_CYCLE_AND_METABOLISM_OF_AMINO_GROUPS	WP_UREA_CYCLE_AND_METABOLISM_OF_AMINO_GROUPS		18	0.3301815	0.99164337	0.46234676	0.7967917	1.0	3359	tags=33%, list=22%, signal=43%	
BOYAULT_LIVER_CANCER_SUBCLASS_G3_DN	BOYAULT_LIVER_CANCER_SUBCLASS_G3_DN		41	0.26603228	0.99156535	0.4716981	0.7965476	1.0	1748	tags=17%, list=12%, signal=19%	
REACTOME_BETA_CATENIN_INDEPENDENT_WNT_SIGNALING	REACTOME_BETA_CATENIN_INDEPENDENT_WNT_SIGNALING		122	0.21624239	0.99088764	0.4673913	0.7980843	1.0	2639	tags=19%, list=17%, signal=23%	
REACTOME_PROGRAMMED_CELL_DEATH	REACTOME_PROGRAMMED_CELL_DEATH		172	0.20551294	0.9902641	0.48604992	0.79948086	1.0	2507	tags=18%, list=17%, signal=21%	
REACTOME_DEVELOPMENTAL_LINEAGE_OF_MULTIPOTENT_PANCREATIC_PROGENITOR_CELLS	REACTOME_DEVELOPMENTAL_LINEAGE_OF_MULTIPOTENT_PANCREATIC_PROGENITOR_CELLS		16	0.33790272	0.9900328	0.4651163	0.79968524	1.0	4632	tags=44%, list=31%, signal=63%	
WONG_PROTEASOME_GENE_MODULE	WONG_PROTEASOME_GENE_MODULE		44	0.2676217	0.98982745	0.45652175	0.79979265	1.0	2595	tags=23%, list=17%, signal=27%	
ISSAEVA_MLL2_TARGETS	ISSAEVA_MLL2_TARGETS		53	0.25459665	0.98973787	0.46192053	0.79956377	1.0	2636	tags=25%, list=17%, signal=30%	
GREENBAUM_E2A_TARGETS_UP	GREENBAUM_E2A_TARGETS_UP		32	0.2816886	0.9895146	0.4592346	0.7997648	1.0	5650	tags=56%, list=37%, signal=90%	
QUINTENS_EMBRYONIC_BRAIN_RESPONSE_TO_IR	QUINTENS_EMBRYONIC_BRAIN_RESPONSE_TO_IR		75	0.2354872	0.98916465	0.47974068	0.80036265	1.0	1405	tags=16%, list=9%, signal=18%	
KEGG_FRUCTOSE_AND_MANNOSE_METABOLISM	KEGG_FRUCTOSE_AND_MANNOSE_METABOLISM		32	0.28081217	0.9891324	0.49197862	0.7999668	1.0	5739	tags=47%, list=38%, signal=75%	
WP_MICROGLIA_PATHOGEN_PHAGOCYTOSIS_PATHWAY	WP_MICROGLIA_PATHOGEN_PHAGOCYTOSIS_PATHWAY		27	0.29164606	0.98897296	0.48369566	0.7999585	1.0	4413	tags=41%, list=29%, signal=57%	
KEGG_ADIPOCYTOKINE_SIGNALING_PATHWAY	KEGG_ADIPOCYTOKINE_SIGNALING_PATHWAY		53	0.25195447	0.9889679	0.4536741	0.799482	1.0	2253	tags=23%, list=15%, signal=27%	
HELLER_SILENCED_BY_METHYLATION_DN	HELLER_SILENCED_BY_METHYLATION_DN		86	0.2302027	0.98866016	0.4765751	0.7999085	1.0	2133	tags=19%, list=14%, signal=22%	
OSADA_ASCL1_TARGETS_UP	OSADA_ASCL1_TARGETS_UP		40	0.2683739	0.98863554	0.46560848	0.79949594	1.0	3547	tags=40%, list=23%, signal=52%	
CONCANNON_APOPTOSIS_BY_EPOXOMICIN_DN	CONCANNON_APOPTOSIS_BY_EPOXOMICIN_DN		159	0.2063433	0.9885473	0.48101267	0.79927427	1.0	3342	tags=23%, list=22%, signal=30%	
BLALOCK_ALZHEIMERS_DISEASE_INCIPIENT_UP	BLALOCK_ALZHEIMERS_DISEASE_INCIPIENT_UP		337	0.18917382	0.98848784	0.49297753	0.7989673	1.0	2765	tags=20%, list=18%, signal=25%	
GARGALOVIC_RESPONSE_TO_OXIDIZED_PHOSPHOLIPIDS_GREY_UP	GARGALOVIC_RESPONSE_TO_OXIDIZED_PHOSPHOLIPIDS_GREY_UP		17	0.33461285	0.98843527	0.4722222	0.79865724	1.0	5932	tags=71%, list=39%, signal=116%	
KEGG_STARCH_AND_SUCROSE_METABOLISM	KEGG_STARCH_AND_SUCROSE_METABOLISM		25	0.29949412	0.9882137	0.4770017	0.7988652	1.0	4106	tags=36%, list=27%, signal=49%	
REACTOME_HEMOSTASIS	REACTOME_HEMOSTASIS		495	0.18332143	0.98818004	0.4980341	0.79847866	1.0	4929	tags=34%, list=33%, signal=49%	
UZONYI_RESPONSE_TO_LEUKOTRIENE_AND_THROMBIN	UZONYI_RESPONSE_TO_LEUKOTRIENE_AND_THROMBIN		31	0.28581777	0.98790944	0.4686411	0.7988109	1.0	1855	tags=16%, list=12%, signal=18%	
VALK_AML_CLUSTER_2	VALK_AML_CLUSTER_2		22	0.31161958	0.9874132	0.47577855	0.79979616	1.0	1698	tags=23%, list=11%, signal=26%	
KRIGE_AMINO_ACID_DEPRIVATION	KRIGE_AMINO_ACID_DEPRIVATION		22	0.30399096	0.98695874	0.47627416	0.8007036	1.0	1218	tags=14%, list=8%, signal=15%	
HOFFMANN_PRE_BI_TO_LARGE_PRE_BII_LYMPHOCYTE_UP	HOFFMANN_PRE_BI_TO_LARGE_PRE_BII_LYMPHOCYTE_UP		23	0.30332774	0.98661494	0.48214287	0.80122364	1.0	5572	tags=57%, list=37%, signal=89%	
RIZ_ERYTHROID_DIFFERENTIATION_HBZ	RIZ_ERYTHROID_DIFFERENTIATION_HBZ		30	0.28573996	0.9865652	0.48122868	0.8008793	1.0	3471	tags=33%, list=23%, signal=43%	
PAPASPYRIDONOS_UNSTABLE_ATEROSCLEROTIC_PLAQUE_DN	PAPASPYRIDONOS_UNSTABLE_ATEROSCLEROTIC_PLAQUE_DN		38	0.27232933	0.9863958	0.5	0.80089855	1.0	1117	tags=16%, list=7%, signal=17%	
LI_WILMS_TUMOR_ANAPLASTIC_UP	LI_WILMS_TUMOR_ANAPLASTIC_UP		17	0.3266378	0.9863139	0.47678572	0.8006744	1.0	2132	tags=18%, list=14%, signal=21%	
WP_MYOMETRIAL_RELAXATION_AND_CONTRACTION_PATHWAYS	WP_MYOMETRIAL_RELAXATION_AND_CONTRACTION_PATHWAYS		127	0.21347788	0.9854525	0.49306625	0.80277574	1.0	4056	tags=31%, list=27%, signal=42%	
SENGUPTA_EBNA1_ANTICORRELATED	SENGUPTA_EBNA1_ANTICORRELATED		120	0.21776104	0.9854119	0.4638365	0.8024241	1.0	2756	tags=22%, list=18%, signal=26%	
TANG_SENESCENCE_TP53_TARGETS_DN	TANG_SENESCENCE_TP53_TARGETS_DN		51	0.25501874	0.9849802	0.512275	0.8032499	1.0	5358	tags=33%, list=35%, signal=51%	
KORKOLA_EMBRYONAL_CARCINOMA_UP	KORKOLA_EMBRYONAL_CARCINOMA_UP		34	0.27487415	0.9845385	0.48542023	0.8041263	1.0	5252	tags=47%, list=35%, signal=72%	
REACTOME_METABOLISM_OF_NUCLEOTIDES	REACTOME_METABOLISM_OF_NUCLEOTIDES		87	0.2260091	0.9844229	0.4935065	0.80396676	1.0	4230	tags=31%, list=28%, signal=43%	
RIEGE_DELTANP63_DIRECT_TARGETS_UP	RIEGE_DELTANP63_DIRECT_TARGETS_UP		124	0.21663687	0.9843545	0.50153375	0.8036876	1.0	3597	tags=27%, list=24%, signal=36%	
ZWANG_EGF_PERSISTENTLY_UP	ZWANG_EGF_PERSISTENTLY_UP		32	0.27920267	0.98388374	0.4822064	0.8046599	1.0	4393	tags=34%, list=29%, signal=48%	
SMID_BREAST_CANCER_ERBB2_UP	SMID_BREAST_CANCER_ERBB2_UP		111	0.21818168	0.9837464	0.52418095	0.80457973	1.0	3878	tags=31%, list=26%, signal=41%	
WEST_ADRENOCORTICAL_TUMOR_UP	WEST_ADRENOCORTICAL_TUMOR_UP		274	0.1921437	0.98317575	0.4986413	0.80580604	1.0	4609	tags=31%, list=31%, signal=43%	
DUTERTRE_ESTRADIOL_RESPONSE_24HR_UP	DUTERTRE_ESTRADIOL_RESPONSE_24HR_UP		299	0.1895817	0.9828257	0.48033708	0.8064023	1.0	5640	tags=40%, list=37%, signal=62%	
PANGAS_TUMOR_SUPPRESSION_BY_SMAD1_AND_SMAD5_UP	PANGAS_TUMOR_SUPPRESSION_BY_SMAD1_AND_SMAD5_UP		110	0.21544626	0.9826319	0.4941957	0.8064816	1.0	2969	tags=27%, list=20%, signal=34%	
WEST_ADRENOCORTICAL_CARCINOMA_VS_ADENOMA_DN	WEST_ADRENOCORTICAL_CARCINOMA_VS_ADENOMA_DN		16	0.33644176	0.9825456	0.4800693	0.80627203	1.0	1656	tags=25%, list=11%, signal=28%	
NOURUZI_NEPC_ASCL1_TARGETS	NOURUZI_NEPC_ASCL1_TARGETS		101	0.22179049	0.9825344	0.4939394	0.80581915	1.0	4846	tags=44%, list=32%, signal=64%	
TAVOR_CEBPA_TARGETS_DN	TAVOR_CEBPA_TARGETS_DN		29	0.28610173	0.9815146	0.4771481	0.8084197	1.0	4546	tags=41%, list=30%, signal=59%	
MOOTHA_GLYCOGEN_METABOLISM	MOOTHA_GLYCOGEN_METABOLISM		16	0.3316336	0.9814373	0.48776224	0.8081617	1.0	2527	tags=25%, list=17%, signal=30%	
PULVER_FOREY_PERTURB_ACCUMULATION_G1_S	PULVER_FOREY_PERTURB_ACCUMULATION_G1_S		481	0.18068244	0.9812424	0.51527226	0.80825955	1.0	4330	tags=31%, list=29%, signal=42%	
REACTOME_INTERLEUKIN_3_INTERLEUKIN_5_AND_GM_CSF_SIGNALING	REACTOME_INTERLEUKIN_3_INTERLEUKIN_5_AND_GM_CSF_SIGNALING		36	0.27513433	0.9810691	0.49914238	0.80828863	1.0	4259	tags=39%, list=28%, signal=54%	
KLEIN_PRIMARY_EFFUSION_LYMPHOMA_DN	KLEIN_PRIMARY_EFFUSION_LYMPHOMA_DN		50	0.2505162	0.98096865	0.4704861	0.80811346	1.0	3132	tags=28%, list=21%, signal=35%	
TCGA_GLIOBLASTOMA_COPY_NUMBER_DN	TCGA_GLIOBLASTOMA_COPY_NUMBER_DN		25	0.2954523	0.98082715	0.47368422	0.8080537	1.0	1204	tags=16%, list=8%, signal=17%	
REACTOME_REPRODUCTION	REACTOME_REPRODUCTION		105	0.21794784	0.9803769	0.5114379	0.80892915	1.0	3905	tags=28%, list=26%, signal=37%	
REACTOME_VIF_MEDIATED_DEGRADATION_OF_APOBEC3G	REACTOME_VIF_MEDIATED_DEGRADATION_OF_APOBEC3G		40	0.264801	0.98033124	0.48951048	0.80858165	1.0	4148	tags=28%, list=27%, signal=38%	
VERHAAK_AML_WITH_NPM1_MUTATED_DN	VERHAAK_AML_WITH_NPM1_MUTATED_DN		198	0.2003382	0.98025024	0.49704143	0.8083459	1.0	3055	tags=22%, list=20%, signal=27%	
RIZKI_TUMOR_INVASIVENESS_3D_UP	RIZKI_TUMOR_INVASIVENESS_3D_UP		167	0.20464754	0.9800463	0.51415795	0.8084972	1.0	1996	tags=17%, list=13%, signal=19%	
REACTOME_CARGO_CONCENTRATION_IN_THE_ER	REACTOME_CARGO_CONCENTRATION_IN_THE_ER		32	0.27897197	0.97983575	0.4851658	0.8086342	1.0	1946	tags=19%, list=13%, signal=21%	
BUCKANOVICH_T_LYMPHOCYTE_HOMING_ON_TUMOR_UP	BUCKANOVICH_T_LYMPHOCYTE_HOMING_ON_TUMOR_UP		18	0.32579055	0.97910684	0.4770318	0.81030256	1.0	3855	tags=39%, list=26%, signal=52%	
MCCABE_BOUND_BY_HOXC6	MCCABE_BOUND_BY_HOXC6		354	0.18549351	0.9790738	0.5121951	0.80992144	1.0	3884	tags=27%, list=26%, signal=35%	
REACTOME_ACTIVATION_OF_IRF3_IRF7_MEDIATED_BY_TBK1_IKK_IKBKE	REACTOME_ACTIVATION_OF_IRF3_IRF7_MEDIATED_BY_TBK1_IKK_IKBKE		18	0.32442057	0.9785359	0.48983365	0.81105196	1.0	4152	tags=39%, list=27%, signal=54%	
REACTOME_ANTIGEN_ACTIVATES_B_CELL_RECEPTOR_BCR_LEADING_TO_GENERATION_OF_SECOND_MESSENGERS	REACTOME_ANTIGEN_ACTIVATES_B_CELL_RECEPTOR_BCR_LEADING_TO_GENERATION_OF_SECOND_MESSENGERS		23	0.30647445	0.9780382	0.5017007	0.81210655	1.0	4200	tags=39%, list=28%, signal=54%	
LEIN_ASTROCYTE_MARKERS	LEIN_ASTROCYTE_MARKERS		38	0.2661952	0.9778218	0.5267703	0.8122467	1.0	2019	tags=18%, list=13%, signal=21%	
XU_HGF_TARGETS_REPRESSED_BY_AKT1_DN	XU_HGF_TARGETS_REPRESSED_BY_AKT1_DN		70	0.23346357	0.97780836	0.48247078	0.8118022	1.0	3997	tags=34%, list=26%, signal=46%	
WOO_LIVER_CANCER_RECURRENCE_UP	WOO_LIVER_CANCER_RECURRENCE_UP		99	0.22300714	0.97751164	0.5085537	0.81220853	1.0	3198	tags=23%, list=21%, signal=29%	
REACTOME_CELL_SURFACE_INTERACTIONS_AT_THE_VASCULAR_WALL	REACTOME_CELL_SURFACE_INTERACTIONS_AT_THE_VASCULAR_WALL		97	0.22388075	0.977142	0.50394946	0.8128461	1.0	3667	tags=31%, list=24%, signal=41%	
JAERVINEN_AMPLIFIED_IN_LARYNGEAL_CANCER	JAERVINEN_AMPLIFIED_IN_LARYNGEAL_CANCER		37	0.26469195	0.97689366	0.47118643	0.81310636	1.0	2399	tags=24%, list=16%, signal=29%	
LIAN_LIPA_TARGETS_3M	LIAN_LIPA_TARGETS_3M		38	0.264231	0.97665083	0.49915397	0.8133258	1.0	3558	tags=39%, list=24%, signal=52%	
MATTIOLI_MULTIPLE_MYELOMA_WITH_14Q32_TRANSLOCATIONS	MATTIOLI_MULTIPLE_MYELOMA_WITH_14Q32_TRANSLOCATIONS		31	0.2772498	0.9740498	0.4885246	0.8207812	1.0	2230	tags=23%, list=15%, signal=26%	
WAMUNYOKOLI_OVARIAN_CANCER_GRADES_1_2_DN	WAMUNYOKOLI_OVARIAN_CANCER_GRADES_1_2_DN		63	0.23802134	0.9739678	0.5177994	0.8205478	1.0	3208	tags=30%, list=21%, signal=38%	
REACTOME_C_TYPE_LECTIN_RECEPTORS_CLRS	REACTOME_C_TYPE_LECTIN_RECEPTORS_CLRS		105	0.2169202	0.9739675	0.5024155	0.8200597	1.0	3534	tags=25%, list=23%, signal=32%	
FOROUTAN_INTEGRATED_TGFB_EMT_UP	FOROUTAN_INTEGRATED_TGFB_EMT_UP		112	0.21517898	0.9738155	0.49438202	0.82004404	1.0	2431	tags=18%, list=16%, signal=21%	
WP_OSTEOARTHRITIC_CHONDROCYTE_HYPERTROPHY	WP_OSTEOARTHRITIC_CHONDROCYTE_HYPERTROPHY		41	0.26178414	0.9728712	0.5097345	0.8224368	1.0	2514	tags=22%, list=17%, signal=26%	
REACTOME_GLOBAL_GENOME_NUCLEOTIDE_EXCISION_REPAIR_GG_NER	REACTOME_GLOBAL_GENOME_NUCLEOTIDE_EXCISION_REPAIR_GG_NER		80	0.2286307	0.97277635	0.52380955	0.82221866	1.0	3570	tags=25%, list=24%, signal=33%	
BORCZUK_MALIGNANT_MESOTHELIOMA_DN	BORCZUK_MALIGNANT_MESOTHELIOMA_DN		69	0.2343401	0.9726117	0.5217391	0.82223505	1.0	3774	tags=33%, list=25%, signal=44%	
NABA_ECM_REGULATORS	NABA_ECM_REGULATORS		179	0.20018168	0.97257876	0.52071005	0.8218486	1.0	3531	tags=29%, list=23%, signal=37%	
REACTOME_TRP_CHANNELS	REACTOME_TRP_CHANNELS		24	0.30106583	0.9724936	0.49303135	0.82160956	1.0	2699	tags=33%, list=18%, signal=41%	
PID_WNT_SIGNALING_PATHWAY	PID_WNT_SIGNALING_PATHWAY		24	0.29752916	0.97242606	0.48180243	0.82133645	1.0	1737	tags=25%, list=11%, signal=28%	
SMID_BREAST_CANCER_RELAPSE_IN_BRAIN_UP	SMID_BREAST_CANCER_RELAPSE_IN_BRAIN_UP		38	0.26390448	0.9719727	0.4888124	0.82222223	1.0	4627	tags=39%, list=31%, signal=57%	
REACTOME_RAC1_GTPASE_CYCLE	REACTOME_RAC1_GTPASE_CYCLE		171	0.2026774	0.9717967	0.5400908	0.82226634	1.0	1806	tags=16%, list=12%, signal=18%	
HAHTOLA_SEZARY_SYNDROM_DN	HAHTOLA_SEZARY_SYNDROM_DN		24	0.29627556	0.9717285	0.5181347	0.82199705	1.0	3363	tags=33%, list=22%, signal=43%	
BERENJENO_TRANSFORMED_BY_RHOA_FOREVER_DN	BERENJENO_TRANSFORMED_BY_RHOA_FOREVER_DN		29	0.28282213	0.9716663	0.46896553	0.8216916	1.0	5424	tags=48%, list=36%, signal=75%	
KIM_GERMINAL_CENTER_T_HELPER_UP	KIM_GERMINAL_CENTER_T_HELPER_UP		56	0.24531426	0.971583	0.5024793	0.82147765	1.0	3669	tags=32%, list=24%, signal=42%	
MARSON_FOXP3_TARGETS_DN	MARSON_FOXP3_TARGETS_DN		42	0.25467208	0.97071105	0.49172187	0.82363	1.0	1878	tags=17%, list=12%, signal=19%	
CREIGHTON_ENDOCRINE_THERAPY_RESISTANCE_4	CREIGHTON_ENDOCRINE_THERAPY_RESISTANCE_4		265	0.19091916	0.97064656	0.5185185	0.8233434	1.0	3020	tags=22%, list=20%, signal=27%	
KEGG_MEDICUS_REFERENCE_ITGA_B_RHOGAP_RHOA_SIGNALING_PATHWAY	KEGG_MEDICUS_REFERENCE_ITGA_B_RHOGAP_RHOA_SIGNALING_PATHWAY		22	0.3024168	0.97034764	0.5017301	0.8237978	1.0	1588	tags=18%, list=11%, signal=20%	
RUTELLA_RESPONSE_TO_HGF_VS_CSF2RB_AND_IL4_DN	RUTELLA_RESPONSE_TO_HGF_VS_CSF2RB_AND_IL4_DN		203	0.19931251	0.96997213	0.5272162	0.82448643	1.0	2427	tags=19%, list=16%, signal=23%	
REACTOME_REGULATION_OF_RUNX2_EXPRESSION_AND_ACTIVITY	REACTOME_REGULATION_OF_RUNX2_EXPRESSION_AND_ACTIVITY		57	0.24010022	0.96991646	0.50885665	0.8241822	1.0	4608	tags=33%, list=30%, signal=48%	
HEDENFALK_BREAST_CANCER_BRACX_UP	HEDENFALK_BREAST_CANCER_BRACX_UP		18	0.31601593	0.9697153	0.48269895	0.82429516	1.0	379	tags=17%, list=3%, signal=17%	
REACTOME_TP53_REGULATES_TRANSCRIPTION_OF_CELL_DEATH_GENES	REACTOME_TP53_REGULATES_TRANSCRIPTION_OF_CELL_DEATH_GENES		39	0.26272213	0.9690425	0.4879725	0.82585645	1.0	1928	tags=21%, list=13%, signal=23%	
HUANG_AML_LSC47	HUANG_AML_LSC47		42	0.2576967	0.9685166	0.50598294	0.8269356	1.0	4864	tags=50%, list=32%, signal=74%	
BARIS_THYROID_CANCER_DN	BARIS_THYROID_CANCER_DN		51	0.2507393	0.96837896	0.50574714	0.8268458	1.0	4932	tags=47%, list=33%, signal=70%	
REACTOME_AZATHIOPRINE_ADME	REACTOME_AZATHIOPRINE_ADME		18	0.3246194	0.9680757	0.5050676	0.8272187	1.0	4857	tags=44%, list=32%, signal=65%	
KEGG_AMINO_SUGAR_AND_NUCLEOTIDE_SUGAR_METABOLISM	KEGG_AMINO_SUGAR_AND_NUCLEOTIDE_SUGAR_METABOLISM		43	0.2636587	0.96754974	0.5148342	0.8283115	1.0	1756	tags=16%, list=12%, signal=18%	
MOLENAAR_TARGETS_OF_CCND1_AND_CDK4_DN	MOLENAAR_TARGETS_OF_CCND1_AND_CDK4_DN		55	0.24194348	0.9671714	0.47652173	0.8289754	1.0	5748	tags=44%, list=38%, signal=70%	
WP_WNTBETACATENIN_SIGNALING_IN_LEUKEMIA	WP_WNTBETACATENIN_SIGNALING_IN_LEUKEMIA		22	0.29540795	0.9668049	0.5180103	0.82961303	1.0	477	tags=14%, list=3%, signal=14%	
GARGALOVIC_RESPONSE_TO_OXIDIZED_PHOSPHOLIPIDS_GREY_DN	GARGALOVIC_RESPONSE_TO_OXIDIZED_PHOSPHOLIPIDS_GREY_DN		73	0.22794116	0.96642625	0.5304054	0.8302531	1.0	2124	tags=18%, list=14%, signal=21%	
ZHANG_BREAST_CANCER_PROGENITORS_UP	ZHANG_BREAST_CANCER_PROGENITORS_UP		393	0.18253551	0.9663864	0.5699482	0.8298892	1.0	5663	tags=42%, list=37%, signal=65%	
BLUM_RESPONSE_TO_SALIRASIB_DN	BLUM_RESPONSE_TO_SALIRASIB_DN		306	0.18801883	0.96591574	0.53333336	0.83080703	1.0	4594	tags=29%, list=30%, signal=41%	
KANG_GLIS3_TARGETS	KANG_GLIS3_TARGETS		29	0.28336	0.9658759	0.50541514	0.8304253	1.0	3433	tags=31%, list=23%, signal=40%	
YAO_TEMPORAL_RESPONSE_TO_PROGESTERONE_CLUSTER_0	YAO_TEMPORAL_RESPONSE_TO_PROGESTERONE_CLUSTER_0		67	0.2342253	0.9656568	0.528754	0.830619	1.0	4244	tags=40%, list=28%, signal=56%	
STEIN_ESRRA_TARGETS	STEIN_ESRRA_TARGETS		491	0.17938197	0.965359	0.59149486	0.8310178	1.0	2913	tags=19%, list=19%, signal=23%	
VECCHI_GASTRIC_CANCER_ADVANCED_VS_EARLY_UP	VECCHI_GASTRIC_CANCER_ADVANCED_VS_EARLY_UP		156	0.20488735	0.9651067	0.53402364	0.83127433	1.0	3167	tags=23%, list=21%, signal=29%	
REACTOME_DNA_REPAIR	REACTOME_DNA_REPAIR		283	0.18899332	0.96490335	0.5607094	0.83140904	1.0	3924	tags=26%, list=26%, signal=35%	
REACTOME_SIGNALING_BY_HIPPO	REACTOME_SIGNALING_BY_HIPPO		19	0.3077102	0.9648019	0.5272727	0.83122134	1.0	5362	tags=53%, list=35%, signal=81%	
BRUECKNER_TARGETS_OF_MIRLET7A3_DN	BRUECKNER_TARGETS_OF_MIRLET7A3_DN		68	0.23089501	0.96472186	0.5094637	0.83096004	1.0	4784	tags=37%, list=32%, signal=54%	
MANNE_COVID19_NONICU_VS_HEALTHY_DONOR_PLATELETS_UP	MANNE_COVID19_NONICU_VS_HEALTHY_DONOR_PLATELETS_UP		130	0.20878169	0.9644023	0.50986344	0.8314375	1.0	4001	tags=32%, list=26%, signal=44%	
DEMAGALHAES_AGING_UP	DEMAGALHAES_AGING_UP		46	0.25185466	0.96434206	0.494863	0.83114785	1.0	4812	tags=41%, list=32%, signal=60%	
LIN_NPAS4_TARGETS_DN	LIN_NPAS4_TARGETS_DN		63	0.23602973	0.9638531	0.5271829	0.832124	1.0	2836	tags=24%, list=19%, signal=29%	
RAMALHO_STEMNESS_DN	RAMALHO_STEMNESS_DN		50	0.24615122	0.9636572	0.5164645	0.8321874	1.0	2894	tags=26%, list=19%, signal=32%	
HAMAI_APOPTOSIS_VIA_TRAIL_DN	HAMAI_APOPTOSIS_VIA_TRAIL_DN		167	0.19948821	0.9610019	0.544741	0.8397405	1.0	4007	tags=31%, list=27%, signal=42%	
WP_MIRNA_ROLE_IN_IMMUNE_RESPONSE_IN_SEPSIS	WP_MIRNA_ROLE_IN_IMMUNE_RESPONSE_IN_SEPSIS		29	0.28041908	0.9609413	0.5322581	0.83942777	1.0	3561	tags=31%, list=24%, signal=41%	
WP_PHYSIOLOGICAL_AND_PATHOLOGICAL_HYPERTROPHY_OF_THE_HEART	WP_PHYSIOLOGICAL_AND_PATHOLOGICAL_HYPERTROPHY_OF_THE_HEART		18	0.3161441	0.9607402	0.51792115	0.83954257	1.0	1705	tags=22%, list=11%, signal=25%	
ISHIDA_E2F_TARGETS	ISHIDA_E2F_TARGETS		48	0.24730246	0.96051675	0.5058824	0.8397061	1.0	5979	tags=46%, list=40%, signal=76%	
NAKAMURA_ADIPOGENESIS_LATE_UP	NAKAMURA_ADIPOGENESIS_LATE_UP		81	0.22185178	0.9604702	0.5316045	0.8393567	1.0	3619	tags=28%, list=24%, signal=37%	
CHIANG_LIVER_CANCER_SUBCLASS_INTERFERON_DN	CHIANG_LIVER_CANCER_SUBCLASS_INTERFERON_DN		47	0.25548077	0.9597166	0.5402685	0.84112334	1.0	3507	tags=36%, list=23%, signal=47%	
STEIN_ESR1_TARGETS	STEIN_ESR1_TARGETS		74	0.2262586	0.95964795	0.5107084	0.8408322	1.0	2496	tags=20%, list=17%, signal=24%	
BROWNE_HCMV_INFECTION_12HR_UP	BROWNE_HCMV_INFECTION_12HR_UP		94	0.21808875	0.95908505	0.53536975	0.84198964	1.0	3031	tags=26%, list=20%, signal=32%	
KEGG_NOD_LIKE_RECEPTOR_SIGNALING_PATHWAY	KEGG_NOD_LIKE_RECEPTOR_SIGNALING_PATHWAY		49	0.24504793	0.95908415	0.5520134	0.8415041	1.0	3592	tags=29%, list=24%, signal=37%	
HOSHIDA_LIVER_CANCER_SURVIVAL_DN	HOSHIDA_LIVER_CANCER_SURVIVAL_DN		101	0.21513285	0.95885366	0.5307087	0.8416997	1.0	4433	tags=34%, list=29%, signal=47%	
DELASERNA_MYOD_TARGETS_DN	DELASERNA_MYOD_TARGETS_DN		50	0.24789573	0.9580065	0.5459098	0.84371465	1.0	3812	tags=32%, list=25%, signal=43%	
BERENJENO_TRANSFORMED_BY_RHOA_REVERSIBLY_DN	BERENJENO_TRANSFORMED_BY_RHOA_REVERSIBLY_DN		30	0.27742198	0.9576697	0.5017123	0.8442513	1.0	4514	tags=43%, list=30%, signal=62%	
REACTOME_VITAMIN_B5_PANTOTHENATE_METABOLISM	REACTOME_VITAMIN_B5_PANTOTHENATE_METABOLISM		19	0.3104041	0.9570883	0.53283304	0.8455388	1.0	4102	tags=42%, list=27%, signal=58%	
CHANGOLKAR_H2AFY_TARGETS_DN	CHANGOLKAR_H2AFY_TARGETS_DN		37	0.26243028	0.9565496	0.51754385	0.84668124	1.0	3106	tags=24%, list=21%, signal=31%	
FRASOR_RESPONSE_TO_SERM_OR_FULVESTRANT_UP	FRASOR_RESPONSE_TO_SERM_OR_FULVESTRANT_UP		18	0.31036663	0.9564927	0.5160142	0.8463678	1.0	1644	tags=22%, list=11%, signal=25%	
HOLLERN_ADENOMYOEPITHELIAL_BREAST_TUMOR	HOLLERN_ADENOMYOEPITHELIAL_BREAST_TUMOR		16	0.32497594	0.95609933	0.52380955	0.84708375	1.0	5367	tags=50%, list=36%, signal=77%	
REACTOME_PURINERGIC_SIGNALING_IN_LEISHMANIASIS_INFECTION	REACTOME_PURINERGIC_SIGNALING_IN_LEISHMANIASIS_INFECTION		24	0.295823	0.95561117	0.51754385	0.8480327	1.0	3601	tags=33%, list=24%, signal=44%	
BIOCARTA_EFP_PATHWAY	BIOCARTA_EFP_PATHWAY		15	0.32711852	0.9553329	0.5175781	0.8483809	1.0	5485	tags=53%, list=36%, signal=84%	
NAKAMURA_METASTASIS	NAKAMURA_METASTASIS		40	0.25769535	0.95527303	0.538843	0.8480666	1.0	3350	tags=28%, list=22%, signal=35%	
RIZKI_TUMOR_INVASIVENESS_3D_DN	RIZKI_TUMOR_INVASIVENESS_3D_DN		222	0.19327934	0.95522934	0.57575756	0.8477153	1.0	3040	tags=22%, list=20%, signal=27%	
KEGG_MEDICUS_VARIANT_MUTATION_CAUSED_ABERRANT_SNCA_TO_26S_PROTEASOME_MEDIATED_PROTEIN_DEGRADATION	KEGG_MEDICUS_VARIANT_MUTATION_CAUSED_ABERRANT_SNCA_TO_26S_PROTEASOME_MEDIATED_PROTEIN_DEGRADATION		34	0.2673513	0.9545356	0.5093697	0.8492889	1.0	2439	tags=18%, list=16%, signal=21%	
REACTOME_GLYCEROPHOSPHOLIPID_BIOSYNTHESIS	REACTOME_GLYCEROPHOSPHOLIPID_BIOSYNTHESIS		113	0.20953387	0.95451534	0.58196723	0.8488501	1.0	4171	tags=34%, list=28%, signal=46%	
WANG_CLIM2_TARGETS_DN	WANG_CLIM2_TARGETS_DN		162	0.20162567	0.954443	0.5720789	0.84857315	1.0	5213	tags=34%, list=35%, signal=51%	
KEGG_MEDICUS_REFERENCE_CORE_NER_REACTION	KEGG_MEDICUS_REFERENCE_CORE_NER_REACTION		28	0.27978593	0.9540443	0.5332136	0.8492627	1.0	2798	tags=25%, list=19%, signal=31%	
BIOCARTA_IL2RB_PATHWAY	BIOCARTA_IL2RB_PATHWAY		31	0.27736005	0.9538409	0.535461	0.8494169	1.0	3436	tags=32%, list=23%, signal=42%	
VALK_AML_CLUSTER_4	VALK_AML_CLUSTER_4		23	0.30020422	0.9538162	0.5426087	0.84900814	1.0	4540	tags=39%, list=30%, signal=56%	
WP_CANCER_PATHWAYS	WP_CANCER_PATHWAYS		411	0.1794688	0.9537671	0.6094987	0.84867233	1.0	2959	tags=21%, list=20%, signal=25%	
NGUYEN_NOTCH1_TARGETS_DN	NGUYEN_NOTCH1_TARGETS_DN		68	0.22904664	0.9534132	0.5568562	0.84920216	1.0	3350	tags=24%, list=22%, signal=30%	
SASSON_RESPONSE_TO_FORSKOLIN_DN	SASSON_RESPONSE_TO_FORSKOLIN_DN		73	0.22435609	0.95333004	0.54186416	0.848968	1.0	4253	tags=34%, list=28%, signal=47%	
ONDER_CDH1_TARGETS_1_DN	ONDER_CDH1_TARGETS_1_DN		144	0.20249464	0.95279044	0.5632716	0.8500591	1.0	4769	tags=35%, list=32%, signal=50%	
PHONG_TNF_RESPONSE_NOT_VIA_P38	PHONG_TNF_RESPONSE_NOT_VIA_P38		308	0.18463661	0.9526557	0.6158192	0.84996915	1.0	2777	tags=18%, list=18%, signal=21%	
WP_TOLLLIKE_RECEPTOR_SIGNALING_RELATED_TO_MYD88	WP_TOLLLIKE_RECEPTOR_SIGNALING_RELATED_TO_MYD88		25	0.2863994	0.9523321	0.5026087	0.85042363	1.0	4294	tags=32%, list=28%, signal=45%	
OUELLET_OVARIAN_CANCER_INVASIVE_VS_LMP_UP	OUELLET_OVARIAN_CANCER_INVASIVE_VS_LMP_UP		108	0.20982708	0.9519321	0.5652842	0.8511157	1.0	2234	tags=16%, list=15%, signal=18%	
REACTOME_ANTI_INFLAMMATORY_RESPONSE_FAVOURING_LEISHMANIA_PARASITE_INFECTION	REACTOME_ANTI_INFLAMMATORY_RESPONSE_FAVOURING_LEISHMANIA_PARASITE_INFECTION		62	0.23217738	0.951867	0.56013745	0.8508284	1.0	3964	tags=32%, list=26%, signal=44%	
REACTOME_ANCHORING_OF_THE_BASAL_BODY_TO_THE_PLASMA_MEMBRANE	REACTOME_ANCHORING_OF_THE_BASAL_BODY_TO_THE_PLASMA_MEMBRANE		94	0.21732119	0.9506625	0.5636071	0.8539687	1.0	4672	tags=39%, list=31%, signal=57%	
CASORELLI_APL_SECONDARY_VS_DE_NOVO_UP	CASORELLI_APL_SECONDARY_VS_DE_NOVO_UP		29	0.27431747	0.9503117	0.5113043	0.8545304	1.0	3940	tags=31%, list=26%, signal=42%	
ZHOU_TNF_SIGNALING_30MIN	ZHOU_TNF_SIGNALING_30MIN		43	0.24925265	0.95029217	0.54003406	0.8541074	1.0	3339	tags=26%, list=22%, signal=33%	
REACTOME_TRANSCRIPTION_COUPLED_NUCLEOTIDE_EXCISION_REPAIR_TC_NER	REACTOME_TRANSCRIPTION_COUPLED_NUCLEOTIDE_EXCISION_REPAIR_TC_NER		73	0.22741622	0.9498967	0.54695225	0.8548025	1.0	3571	tags=27%, list=24%, signal=36%	
GALE_APL_WITH_FLT3_MUTATED_UP	GALE_APL_WITH_FLT3_MUTATED_UP		53	0.24402022	0.9497748	0.5388514	0.85468066	1.0	6095	tags=47%, list=40%, signal=79%	
WAMUNYOKOLI_OVARIAN_CANCER_LMP_UP	WAMUNYOKOLI_OVARIAN_CANCER_LMP_UP		242	0.18882428	0.94922113	0.5988287	0.855831	1.0	2694	tags=20%, list=18%, signal=24%	
XU_GH1_EXOGENOUS_TARGETS_UP	XU_GH1_EXOGENOUS_TARGETS_UP		30	0.27491558	0.94898885	0.54867256	0.8560293	1.0	1739	tags=23%, list=12%, signal=26%	
LINDGREN_BLADDER_CANCER_CLUSTER_1_UP	LINDGREN_BLADDER_CANCER_CLUSTER_1_UP		112	0.21105811	0.94894826	0.56461537	0.8556658	1.0	4052	tags=29%, list=27%, signal=40%	
MITSIADES_RESPONSE_TO_APLIDIN_UP	MITSIADES_RESPONSE_TO_APLIDIN_UP		373	0.18064396	0.94821805	0.6147651	0.8573531	1.0	3085	tags=20%, list=20%, signal=25%	
WP_AGERAGE_PATHWAY	WP_AGERAGE_PATHWAY		57	0.23727272	0.9479779	0.5318792	0.8575925	1.0	4903	tags=40%, list=32%, signal=60%	
BRUINS_UVC_RESPONSE_VIA_TP53_GROUP_C	BRUINS_UVC_RESPONSE_VIA_TP53_GROUP_C		77	0.22767916	0.94691896	0.54738563	0.8602718	1.0	3969	tags=32%, list=26%, signal=44%	
MEBARKI_HCC_PROGENITOR_WNT_UP_CTNNB1_INDEPENDENT	MEBARKI_HCC_PROGENITOR_WNT_UP_CTNNB1_INDEPENDENT		19	0.3125968	0.9468883	0.5302245	0.85987103	1.0	917	tags=16%, list=6%, signal=17%	
HOSHIDA_LIVER_CANCER_SURVIVAL_UP	HOSHIDA_LIVER_CANCER_SURVIVAL_UP		58	0.23800944	0.94683963	0.5525424	0.85951984	1.0	2666	tags=21%, list=18%, signal=25%	
SESTO_RESPONSE_TO_UV_C3	SESTO_RESPONSE_TO_UV_C3		16	0.3233597	0.9467467	0.5467626	0.85930836	1.0	723	tags=13%, list=5%, signal=13%	
RAO_BOUND_BY_SALL4_ISOFORM_B	RAO_BOUND_BY_SALL4_ISOFORM_B		450	0.17760487	0.9465834	0.6303192	0.8593034	1.0	2694	tags=18%, list=18%, signal=21%	
ONGUSAHA_TP53_TARGETS	ONGUSAHA_TP53_TARGETS		31	0.27200463	0.9457682	0.54578096	0.8612371	1.0	1372	tags=16%, list=9%, signal=18%	
REACTOME_TP53_REGULATES_TRANSCRIPTION_OF_GENES_INVOLVED_IN_G2_CELL_CYCLE_ARREST	REACTOME_TP53_REGULATES_TRANSCRIPTION_OF_GENES_INVOLVED_IN_G2_CELL_CYCLE_ARREST		15	0.3241954	0.9451058	0.5314183	0.8626782	1.0	1104	tags=20%, list=7%, signal=22%	
JI_METASTASIS_REPRESSED_BY_STK11	JI_METASTASIS_REPRESSED_BY_STK11		20	0.30380383	0.9449445	0.5415897	0.86265856	1.0	4143	tags=40%, list=27%, signal=55%	
WP_TOLLLIKE_RECEPTOR_SIGNALING	WP_TOLLLIKE_RECEPTOR_SIGNALING		63	0.23344043	0.9444795	0.56946826	0.86357206	1.0	3592	tags=35%, list=24%, signal=46%	
ONO_FOXP3_TARGETS_DN	ONO_FOXP3_TARGETS_DN		29	0.2796191	0.9443836	0.5438898	0.86336833	1.0	4244	tags=38%, list=28%, signal=53%	
GRAESSMANN_APOPTOSIS_BY_SERUM_DEPRIVATION_DN	GRAESSMANN_APOPTOSIS_BY_SERUM_DEPRIVATION_DN		216	0.19306692	0.9443317	0.6038012	0.8630339	1.0	4546	tags=35%, list=30%, signal=49%	
WP_PLEURAL_MESOTHELIOMA	WP_PLEURAL_MESOTHELIOMA		377	0.1799781	0.9442232	0.6144244	0.86285365	1.0	1985	tags=15%, list=13%, signal=17%	
WP_HIPPO_SIGNALING_REGULATION	WP_HIPPO_SIGNALING_REGULATION		85	0.2231756	0.944004	0.5936	0.8630057	1.0	3103	tags=25%, list=21%, signal=31%	
ZHAN_V2_LATE_DIFFERENTIATION_GENES	ZHAN_V2_LATE_DIFFERENTIATION_GENES		42	0.2535792	0.94347316	0.54113925	0.86403257	1.0	3590	tags=29%, list=24%, signal=37%	
RICKMAN_HEAD_AND_NECK_CANCER_B	RICKMAN_HEAD_AND_NECK_CANCER_B		34	0.2682603	0.94314975	0.53642386	0.86453056	1.0	4912	tags=47%, list=33%, signal=70%	
THEILGAARD_NEUTROPHIL_AT_SKIN_WOUND_DN	THEILGAARD_NEUTROPHIL_AT_SKIN_WOUND_DN		188	0.19335699	0.9428002	0.59665143	0.8650678	1.0	3421	tags=25%, list=23%, signal=32%	
REACTOME_GLUTAMATE_NEUROTRANSMITTER_RELEASE_CYCLE	REACTOME_GLUTAMATE_NEUROTRANSMITTER_RELEASE_CYCLE		21	0.30050144	0.9427161	0.5310219	0.86482155	1.0	2831	tags=29%, list=19%, signal=35%	
RODRIGUES_NTN1_TARGETS_UP	RODRIGUES_NTN1_TARGETS_UP		16	0.326397	0.94260246	0.537037	0.8646802	1.0	2457	tags=25%, list=16%, signal=30%	
ZHANG_RESPONSE_TO_IKK_INHIBITOR_AND_TNF_DN	ZHANG_RESPONSE_TO_IKK_INHIBITOR_AND_TNF_DN		94	0.21406433	0.94227934	0.5591572	0.8651476	1.0	3065	tags=26%, list=20%, signal=32%	
REACTOME_TRANSCRIPTIONAL_REGULATION_BY_RUNX3	REACTOME_TRANSCRIPTIONAL_REGULATION_BY_RUNX3		75	0.22051683	0.942061	0.5607321	0.8652801	1.0	4290	tags=31%, list=28%, signal=43%	
REACTOME_POST_TRANSLATIONAL_MODIFICATION_SYNTHESIS_OF_GPI_ANCHORED_PROTEINS	REACTOME_POST_TRANSLATIONAL_MODIFICATION_SYNTHESIS_OF_GPI_ANCHORED_PROTEINS		69	0.22713605	0.94197106	0.56882256	0.86507666	1.0	3027	tags=30%, list=20%, signal=38%	
TIAN_TNF_SIGNALING_NOT_VIA_NFKB	TIAN_TNF_SIGNALING_NOT_VIA_NFKB		17	0.31420842	0.9419052	0.5490566	0.86477745	1.0	2133	tags=24%, list=14%, signal=27%	
DAVICIONI_TARGETS_OF_PAX_FOXO1_FUSIONS_UP	DAVICIONI_TARGETS_OF_PAX_FOXO1_FUSIONS_UP		241	0.18684843	0.9416977	0.6164978	0.8648876	1.0	2931	tags=19%, list=19%, signal=23%	
BLANCO_MELO_COVID19_SARS_COV_2_LOW_MOI_INFECTION_A594_ACE2_EXPRESSING_CELLS_UP	BLANCO_MELO_COVID19_SARS_COV_2_LOW_MOI_INFECTION_A594_ACE2_EXPRESSING_CELLS_UP		119	0.20702642	0.9411656	0.5772871	0.8659745	1.0	3585	tags=28%, list=24%, signal=36%	
REACTOME_PROTEIN_LOCALIZATION	REACTOME_PROTEIN_LOCALIZATION		150	0.19778706	0.94096416	0.5855856	0.86607105	1.0	3559	tags=25%, list=24%, signal=32%	
HERNANDEZ_MITOTIC_ARREST_BY_DOCETAXEL_1_DN	HERNANDEZ_MITOTIC_ARREST_BY_DOCETAXEL_1_DN		35	0.26497942	0.94090366	0.5527638	0.86576235	1.0	2266	tags=20%, list=15%, signal=23%	
KANG_AR_TARGETS_UP	KANG_AR_TARGETS_UP		15	0.32442555	0.9404602	0.543554	0.8665988	1.0	3504	tags=33%, list=23%, signal=43%	
SIMBULAN_UV_RESPONSE_NORMAL_DN	SIMBULAN_UV_RESPONSE_NORMAL_DN		28	0.27672282	0.94039243	0.5690909	0.8663055	1.0	2337	tags=25%, list=15%, signal=30%	
WP_OXIDATIVE_DAMAGE_RESPONSE	WP_OXIDATIVE_DAMAGE_RESPONSE		32	0.26717615	0.9398744	0.56499135	0.86738807	1.0	2445	tags=28%, list=16%, signal=33%	
KEGG_BUTANOATE_METABOLISM	KEGG_BUTANOATE_METABOLISM		27	0.28102756	0.9395418	0.54210526	0.8678906	1.0	3821	tags=30%, list=25%, signal=40%	
ZHONG_SECRETOME_OF_LUNG_CANCER_AND_FIBROBLAST	ZHONG_SECRETOME_OF_LUNG_CANCER_AND_FIBROBLAST		115	0.20646931	0.9394432	0.57098764	0.8676811	1.0	2602	tags=22%, list=17%, signal=26%	
HALMOS_CEBPA_TARGETS_UP	HALMOS_CEBPA_TARGETS_UP		44	0.24705595	0.93887985	0.5532995	0.86884075	1.0	4404	tags=32%, list=29%, signal=45%	
FARMER_BREAST_CANCER_CLUSTER_7	FARMER_BREAST_CANCER_CLUSTER_7		19	0.30551636	0.93877566	0.5262172	0.8686654	1.0	5296	tags=53%, list=35%, signal=81%	
STEARMAN_LUNG_CANCER_EARLY_VS_LATE_DN	STEARMAN_LUNG_CANCER_EARLY_VS_LATE_DN		53	0.24071366	0.93816143	0.5504274	0.87003016	1.0	3658	tags=34%, list=24%, signal=45%	
AMIT_EGF_RESPONSE_240_HELA	AMIT_EGF_RESPONSE_240_HELA		55	0.23603204	0.93807894	0.54063016	0.8697733	1.0	1449	tags=13%, list=10%, signal=14%	
XU_GH1_EXOGENOUS_TARGETS_DN	XU_GH1_EXOGENOUS_TARGETS_DN		83	0.2189888	0.93781894	0.57051283	0.87005323	1.0	3410	tags=28%, list=23%, signal=36%	
REACTOME_ANTIVIRAL_MECHANISM_BY_IFN_STIMULATED_GENES	REACTOME_ANTIVIRAL_MECHANISM_BY_IFN_STIMULATED_GENES		131	0.20287907	0.9376623	0.6082474	0.870016	1.0	4827	tags=34%, list=32%, signal=49%	
CHUNG_BLISTER_CYTOTOXICITY_UP	CHUNG_BLISTER_CYTOTOXICITY_UP		115	0.20554334	0.9376305	0.59322035	0.86962914	1.0	4059	tags=27%, list=27%, signal=37%	
REACTOME_FORMATION_OF_THE_DYSTROPHIN_GLYCOPROTEIN_COMPLEX_DGC	REACTOME_FORMATION_OF_THE_DYSTROPHIN_GLYCOPROTEIN_COMPLEX_DGC		31	0.26593003	0.9376079	0.55972695	0.8692232	1.0	3570	tags=32%, list=24%, signal=42%	
KAAB_HEART_ATRIUM_VS_VENTRICLE_DN	KAAB_HEART_ATRIUM_VS_VENTRICLE_DN		234	0.18736729	0.93700624	0.6304348	0.87046385	1.0	3731	tags=26%, list=25%, signal=35%	
REACTOME_GASTRULATION	REACTOME_GASTRULATION		103	0.20846482	0.9370026	0.59833336	0.8699893	1.0	3197	tags=25%, list=21%, signal=32%	
LI_WILMS_TUMOR_VS_FETAL_KIDNEY_2_UP	LI_WILMS_TUMOR_VS_FETAL_KIDNEY_2_UP		24	0.28829166	0.9364014	0.53900707	0.8712623	1.0	1362	tags=13%, list=9%, signal=14%	
KEGG_MEDICUS_REFERENCE_REGULATION_OF_GF_RTK_RAS_ERK_SIGNALING_UBIQUITINATION_OF_RTK_BY_CBL	KEGG_MEDICUS_REFERENCE_REGULATION_OF_GF_RTK_RAS_ERK_SIGNALING_UBIQUITINATION_OF_RTK_BY_CBL		24	0.28683707	0.93638563	0.5368421	0.8708313	1.0	1511	tags=25%, list=10%, signal=28%	
ENK_UV_RESPONSE_KERATINOCYTE_UP	ENK_UV_RESPONSE_KERATINOCYTE_UP		456	0.17484505	0.9355485	0.69525063	0.8727919	1.0	2686	tags=19%, list=18%, signal=22%	
PID_INTEGRIN3_PATHWAY	PID_INTEGRIN3_PATHWAY		36	0.25870746	0.9351348	0.5602716	0.87349534	1.0	1529	tags=14%, list=10%, signal=15%	
JEON_SMAD6_TARGETS_UP	JEON_SMAD6_TARGETS_UP		18	0.30933452	0.93495905	0.562387	0.8735259	1.0	1098	tags=17%, list=7%, signal=18%	
ONDER_CDH1_SIGNALING_VIA_CTNNB1	ONDER_CDH1_SIGNALING_VIA_CTNNB1		71	0.22138815	0.93489957	0.59134614	0.8732211	1.0	2284	tags=15%, list=15%, signal=18%	
FRIDMAN_SENESCENCE_UP	FRIDMAN_SENESCENCE_UP		66	0.22911033	0.934839	0.56363636	0.8729115	1.0	4974	tags=39%, list=33%, signal=58%	
COULOUARN_TEMPORAL_TGFB1_SIGNATURE_UP	COULOUARN_TEMPORAL_TGFB1_SIGNATURE_UP		101	0.21283644	0.93468016	0.59294873	0.8729056	1.0	1512	tags=12%, list=10%, signal=13%	
BROWNE_HCMV_INFECTION_18HR_UP	BROWNE_HCMV_INFECTION_18HR_UP		160	0.19885865	0.9346587	0.6058282	0.8724968	1.0	2909	tags=20%, list=19%, signal=25%	
LOPES_METHYLATED_IN_COLON_CANCER_DN	LOPES_METHYLATED_IN_COLON_CANCER_DN		22	0.2924588	0.93396956	0.5625	0.8740636	1.0	3734	tags=41%, list=25%, signal=54%	
KEGG_MEDICUS_REFERENCE_NUCLEAR_EXPORT_OF_MRNA	KEGG_MEDICUS_REFERENCE_NUCLEAR_EXPORT_OF_MRNA		28	0.27329263	0.93391323	0.560219	0.873727	1.0	5810	tags=54%, list=38%, signal=87%	
YEGNASUBRAMANIAN_PROSTATE_CANCER	YEGNASUBRAMANIAN_PROSTATE_CANCER		101	0.2113169	0.93391085	0.60971785	0.8732566	1.0	2642	tags=22%, list=17%, signal=26%	
REACTOME_NRAGE_SIGNALS_DEATH_THROUGH_JNK	REACTOME_NRAGE_SIGNALS_DEATH_THROUGH_JNK		53	0.23662578	0.9338066	0.57679737	0.87308544	1.0	3099	tags=28%, list=21%, signal=35%	
MOOTHA_MITOCHONDRIA	MOOTHA_MITOCHONDRIA		407	0.17526305	0.93345743	0.67058825	0.87360996	1.0	2950	tags=18%, list=20%, signal=22%	
MEISSNER_NPC_ICP_WITH_H3_UNMETHYLATED	MEISSNER_NPC_ICP_WITH_H3_UNMETHYLATED		18	0.311303	0.93344223	0.5729167	0.87316823	1.0	4618	tags=50%, list=31%, signal=72%	
WP_ENTEROCYTE_CHOLESTEROL_METABOLISM	WP_ENTEROCYTE_CHOLESTEROL_METABOLISM		28	0.27525756	0.9330868	0.56798625	0.87369406	1.0	3780	tags=36%, list=25%, signal=48%	
REACTOME_TELOMERE_MAINTENANCE	REACTOME_TELOMERE_MAINTENANCE		89	0.214242	0.9330106	0.60513645	0.8734262	1.0	3262	tags=24%, list=22%, signal=30%	
WANG_TNF_TARGETS	WANG_TNF_TARGETS		20	0.30330998	0.9326212	0.5432526	0.8740917	1.0	2351	tags=25%, list=16%, signal=30%	
GRAHAM_CML_QUIESCENT_VS_CML_DIVIDING_UP	GRAHAM_CML_QUIESCENT_VS_CML_DIVIDING_UP		19	0.30358085	0.93231297	0.5491228	0.87451375	1.0	4779	tags=53%, list=32%, signal=77%	
KEGG_TOLL_LIKE_RECEPTOR_SIGNALING_PATHWAY	KEGG_TOLL_LIKE_RECEPTOR_SIGNALING_PATHWAY		68	0.22697775	0.93112135	0.56514657	0.8774448	1.0	3592	tags=34%, list=24%, signal=44%	
WANG_IMMORTALIZED_BY_HOXA9_AND_MEIS1_UP	WANG_IMMORTALIZED_BY_HOXA9_AND_MEIS1_UP		21	0.292849	0.93098783	0.5603448	0.87736607	1.0	3801	tags=38%, list=25%, signal=51%	
BIOCARTA_IL2_PATHWAY	BIOCARTA_IL2_PATHWAY		16	0.3127576	0.93058026	0.5264188	0.87800616	1.0	3375	tags=38%, list=22%, signal=48%	
KEGG_PYRIMIDINE_METABOLISM	KEGG_PYRIMIDINE_METABOLISM		92	0.21372233	0.930363	0.5967213	0.87813926	1.0	3934	tags=26%, list=26%, signal=35%	
PID_MYC_ACTIV_PATHWAY	PID_MYC_ACTIV_PATHWAY		69	0.2218852	0.93005216	0.58699185	0.8785625	1.0	4191	tags=30%, list=28%, signal=42%	
CHIARETTI_ACUTE_LYMPHOBLASTIC_LEUKEMIA_ZAP70	CHIARETTI_ACUTE_LYMPHOBLASTIC_LEUKEMIA_ZAP70		58	0.23229218	0.92983955	0.5759599	0.87869394	1.0	2981	tags=28%, list=20%, signal=34%	
MEISSNER_BRAIN_HCP_WITH_H3K4ME2	MEISSNER_BRAIN_HCP_WITH_H3K4ME2		15	0.3222057	0.92972565	0.54684514	0.87855136	1.0	4081	tags=53%, list=27%, signal=73%	
WANG_RESPONSE_TO_GSK3_INHIBITOR_SB216763_DN	WANG_RESPONSE_TO_GSK3_INHIBITOR_SB216763_DN		317	0.1806798	0.9290099	0.67597765	0.8801548	1.0	5377	tags=37%, list=36%, signal=56%	
REACTOME_PROCESSING_OF_DNA_DOUBLE_STRAND_BREAK_ENDS	REACTOME_PROCESSING_OF_DNA_DOUBLE_STRAND_BREAK_ENDS		75	0.22022016	0.9287899	0.5791139	0.8803132	1.0	3919	tags=32%, list=26%, signal=43%	
REACTOME_RHO_GTPASES_ACTIVATE_PAKS	REACTOME_RHO_GTPASES_ACTIVATE_PAKS		19	0.30900633	0.9287343	0.5451264	0.8800077	1.0	645	tags=11%, list=4%, signal=11%	
FURUKAWA_DUSP6_TARGETS_PCI35_DN	FURUKAWA_DUSP6_TARGETS_PCI35_DN		70	0.22089344	0.92869633	0.5765472	0.87964207	1.0	5154	tags=37%, list=34%, signal=56%	
REACTOME_CHROMOSOME_MAINTENANCE	REACTOME_CHROMOSOME_MAINTENANCE		113	0.20787905	0.9285198	0.6136725	0.87966245	1.0	3465	tags=24%, list=23%, signal=31%	
REACTOME_INOSITOL_PHOSPHATE_METABOLISM	REACTOME_INOSITOL_PHOSPHATE_METABOLISM		40	0.24683942	0.9282782	0.5721562	0.87990046	1.0	2913	tags=28%, list=19%, signal=34%	
HASLINGER_B_CLL_WITH_MUTATED_VH_GENES	HASLINGER_B_CLL_WITH_MUTATED_VH_GENES		15	0.32015052	0.9281786	0.5615942	0.87971544	1.0	4258	tags=47%, list=28%, signal=65%	
NAKAMURA_ADIPOGENESIS_EARLY_UP	NAKAMURA_ADIPOGENESIS_EARLY_UP		49	0.2422386	0.92790055	0.5711864	0.88001615	1.0	4585	tags=39%, list=30%, signal=55%	
REACTOME_CELLULAR_RESPONSE_TO_CHEMICAL_STRESS	REACTOME_CELLULAR_RESPONSE_TO_CHEMICAL_STRESS		168	0.1928138	0.9274746	0.5963303	0.8807411	1.0	4585	tags=29%, list=30%, signal=41%	
KYNG_DNA_DAMAGE_BY_UV	KYNG_DNA_DAMAGE_BY_UV		44	0.24188869	0.9273656	0.59415585	0.88058627	1.0	5266	tags=41%, list=35%, signal=63%	
WP_RAS_AND_BRADYKININ_PATHWAYS_IN_COVID19	WP_RAS_AND_BRADYKININ_PATHWAYS_IN_COVID19		22	0.28538138	0.9271253	0.54483926	0.88079906	1.0	1564	tags=18%, list=10%, signal=20%	
WONG_ENDMETRIUM_CANCER_DN	WONG_ENDMETRIUM_CANCER_DN		67	0.22685537	0.9266872	0.5676127	0.88155454	1.0	2968	tags=22%, list=20%, signal=28%	
JIANG_TIP30_TARGETS_UP	JIANG_TIP30_TARGETS_UP		43	0.24856023	0.92637295	0.5859247	0.8819824	1.0	2328	tags=19%, list=15%, signal=22%	
PEPPER_CHRONIC_LYMPHOCYTIC_LEUKEMIA_UP	PEPPER_CHRONIC_LYMPHOCYTIC_LEUKEMIA_UP		24	0.27681565	0.92564213	0.5507246	0.8835688	1.0	4060	tags=42%, list=27%, signal=57%	
REACTOME_VOLTAGE_GATED_POTASSIUM_CHANNELS	REACTOME_VOLTAGE_GATED_POTASSIUM_CHANNELS		33	0.26172295	0.92550725	0.5740741	0.8834915	1.0	1381	tags=24%, list=9%, signal=27%	
SENESE_HDAC1_TARGETS_UP	SENESE_HDAC1_TARGETS_UP		391	0.17500561	0.9254181	0.6935933	0.88326025	1.0	2675	tags=16%, list=18%, signal=19%	
KEGG_OLFACTORY_TRANSDUCTION	KEGG_OLFACTORY_TRANSDUCTION		30	0.26294383	0.92534727	0.58086956	0.88297606	1.0	5096	tags=50%, list=34%, signal=75%	
GENTILE_UV_HIGH_DOSE_UP	GENTILE_UV_HIGH_DOSE_UP		20	0.29578158	0.9245457	0.58802176	0.8847754	1.0	300	tags=10%, list=2%, signal=10%	
MARTIN_INTERACT_WITH_HDAC	MARTIN_INTERACT_WITH_HDAC		34	0.25981274	0.9237828	0.5711864	0.88649064	1.0	4794	tags=35%, list=32%, signal=52%	
REACTOME_FORMATION_OF_PARAXIAL_MESODERM	REACTOME_FORMATION_OF_PARAXIAL_MESODERM		53	0.23229736	0.9236114	0.58361775	0.8864997	1.0	1844	tags=17%, list=12%, signal=19%	
KIM_WT1_TARGETS_8HR_UP	KIM_WT1_TARGETS_8HR_UP		154	0.19500954	0.9234762	0.6351145	0.88639504	1.0	3843	tags=26%, list=25%, signal=34%	
TERAMOTO_OPN_TARGETS_CLUSTER_6	TERAMOTO_OPN_TARGETS_CLUSTER_6		25	0.27594075	0.922941	0.5595238	0.8874529	1.0	3263	tags=32%, list=22%, signal=41%	
PLASARI_TGFB1_TARGETS_1HR_UP	PLASARI_TGFB1_TARGETS_1HR_UP		31	0.2685855	0.9223432	0.57758623	0.88865954	1.0	2652	tags=23%, list=18%, signal=27%	
ROSS_AML_WITH_MLL_FUSIONS	ROSS_AML_WITH_MLL_FUSIONS		65	0.22520664	0.92230296	0.60032624	0.8883018	1.0	4206	tags=32%, list=28%, signal=45%	
REACTOME_NUCLEOTIDE_EXCISION_REPAIR	REACTOME_NUCLEOTIDE_EXCISION_REPAIR		103	0.20741206	0.92228746	0.6164818	0.88787496	1.0	3571	tags=25%, list=24%, signal=33%	
BIOCARTA_TPO_PATHWAY	BIOCARTA_TPO_PATHWAY		21	0.28935328	0.9222142	0.5816327	0.88761854	1.0	3451	tags=33%, list=23%, signal=43%	
SHAFFER_IRF4_MULTIPLE_MYELOMA_PROGRAM	SHAFFER_IRF4_MULTIPLE_MYELOMA_PROGRAM		28	0.2679496	0.9219011	0.57866186	0.8880573	1.0	1893	tags=14%, list=13%, signal=16%	
REACTOME_NEGATIVE_REGULATORS_OF_DDX58_IFIH1_SIGNALING	REACTOME_NEGATIVE_REGULATORS_OF_DDX58_IFIH1_SIGNALING		32	0.25754577	0.9202764	0.5704584	0.89221275	1.0	4465	tags=38%, list=30%, signal=53%	
IIZUKA_LIVER_CANCER_PROGRESSION_L1_G1_UP	IIZUKA_LIVER_CANCER_PROGRESSION_L1_G1_UP		18	0.30853915	0.9192112	0.5650624	0.8947697	1.0	3059	tags=28%, list=20%, signal=35%	
REACTOME_NPAS4_REGULATES_EXPRESSION_OF_TARGET_GENES	REACTOME_NPAS4_REGULATES_EXPRESSION_OF_TARGET_GENES		17	0.30601534	0.9184287	0.5474061	0.89648557	1.0	2032	tags=24%, list=13%, signal=27%	
KOKKINAKIS_METHIONINE_DEPRIVATION_96HR_UP	KOKKINAKIS_METHIONINE_DEPRIVATION_96HR_UP		101	0.20682333	0.91797566	0.64	0.89733505	1.0	3840	tags=29%, list=25%, signal=38%	
DURAND_STROMA_S_UP	DURAND_STROMA_S_UP		277	0.18007986	0.9178439	0.6781116	0.89723366	1.0	2436	tags=17%, list=16%, signal=20%	
REACTOME_RHO_GTPASES_ACTIVATE_WASPS_AND_WAVES	REACTOME_RHO_GTPASES_ACTIVATE_WASPS_AND_WAVES		36	0.25521818	0.91746294	0.5827338	0.8978468	1.0	4857	tags=39%, list=32%, signal=57%	
FINETTI_BREAST_CANCER_KINOME_RED	FINETTI_BREAST_CANCER_KINOME_RED		15	0.31396183	0.91718847	0.5703839	0.8981269	1.0	5159	tags=47%, list=34%, signal=71%	
GREENBAUM_E2A_TARGETS_DN	GREENBAUM_E2A_TARGETS_DN		17	0.3084683	0.91694057	0.55655295	0.8983212	1.0	2386	tags=35%, list=16%, signal=42%	
REACTOME_NOD1_2_SIGNALING_PATHWAY	REACTOME_NOD1_2_SIGNALING_PATHWAY		32	0.25649607	0.9169119	0.6006944	0.8979095	1.0	3592	tags=28%, list=24%, signal=37%	
MATZUK_SPERMATOCYTE	MATZUK_SPERMATOCYTE		62	0.22217658	0.9165072	0.61769617	0.8985955	1.0	4649	tags=35%, list=31%, signal=51%	
BLANCO_MELO_COVID19_SARS_COV_2_INFECTION_A594_CELLS_DN	BLANCO_MELO_COVID19_SARS_COV_2_INFECTION_A594_CELLS_DN		62	0.22644188	0.9163935	0.6197411	0.89841956	1.0	3210	tags=27%, list=21%, signal=35%	
ROZANOV_MMP14_TARGETS_SUBSET	ROZANOV_MMP14_TARGETS_SUBSET		31	0.26385725	0.9160676	0.5810811	0.8988738	1.0	493	tags=10%, list=3%, signal=10%	
WP_WARBURG_EFFECT_MODULATED_BY_DEUBIQUITINATING_ENZYMES_AND_THEIR_SUBSTRATES	WP_WARBURG_EFFECT_MODULATED_BY_DEUBIQUITINATING_ENZYMES_AND_THEIR_SUBSTRATES		23	0.28164965	0.91604125	0.59818184	0.898478	1.0	4123	tags=35%, list=27%, signal=48%	
PRAMOONJAGO_SOX4_TARGETS_UP	PRAMOONJAGO_SOX4_TARGETS_UP		42	0.24759011	0.91585994	0.59703946	0.89853317	1.0	4585	tags=33%, list=30%, signal=48%	
ACEVEDO_LIVER_CANCER_DN	ACEVEDO_LIVER_CANCER_DN		456	0.16983	0.9157124	0.74244416	0.8984309	1.0	3538	tags=24%, list=23%, signal=31%	
BHAT_ESR1_TARGETS_NOT_VIA_AKT1_DN	BHAT_ESR1_TARGETS_NOT_VIA_AKT1_DN		85	0.21583204	0.9155865	0.6136364	0.8983105	1.0	2799	tags=20%, list=19%, signal=24%	
ALCALAY_AML_BY_NPM1_LOCALIZATION_DN	ALCALAY_AML_BY_NPM1_LOCALIZATION_DN		161	0.1917765	0.9152835	0.65770864	0.89872324	1.0	4256	tags=31%, list=28%, signal=43%	
PID_TAP63_PATHWAY	PID_TAP63_PATHWAY		49	0.23982799	0.91520125	0.5983471	0.8984704	1.0	1876	tags=20%, list=12%, signal=23%	
MORI_PLASMA_CELL_UP	MORI_PLASMA_CELL_UP		47	0.2371758	0.9149863	0.6147404	0.8986043	1.0	865	tags=13%, list=6%, signal=13%	
KORKOLA_EMBRYONIC_CARCINOMA_VS_SEMINOMA_DN	KORKOLA_EMBRYONIC_CARCINOMA_VS_SEMINOMA_DN		18	0.3117111	0.914907	0.596745	0.8983459	1.0	3271	tags=39%, list=22%, signal=50%	
WEIGEL_OXIDATIVE_STRESS_BY_HNE_AND_TBH	WEIGEL_OXIDATIVE_STRESS_BY_HNE_AND_TBH		53	0.23123445	0.9145035	0.59861594	0.89897	1.0	935	tags=13%, list=6%, signal=14%	
SHETH_LIVER_CANCER_VS_TXNIP_LOSS_PAM4	SHETH_LIVER_CANCER_VS_TXNIP_LOSS_PAM4		238	0.18243867	0.91436356	0.68951046	0.8988628	1.0	1849	tags=14%, list=12%, signal=16%	
BURTON_ADIPOGENESIS_PEAK_AT_16HR	BURTON_ADIPOGENESIS_PEAK_AT_16HR		37	0.250433	0.9143076	0.57461405	0.8985523	1.0	2377	tags=16%, list=16%, signal=19%	
WP_SEROTONIN_RECEPTOR_467_AND_NR3C_SIGNALING	WP_SEROTONIN_RECEPTOR_467_AND_NR3C_SIGNALING		18	0.30739954	0.9142115	0.6	0.898335	1.0	211	tags=11%, list=1%, signal=11%	
WP_NUCLEOTIDE_EXCISION_REPAIR_IN_XERODERMA_PIGMENTOSUM	WP_NUCLEOTIDE_EXCISION_REPAIR_IN_XERODERMA_PIGMENTOSUM		64	0.22548431	0.9141763	0.6104101	0.897958	1.0	2165	tags=17%, list=14%, signal=20%	
HIRSCH_CELLULAR_TRANSFORMATION_SIGNATURE_DN	HIRSCH_CELLULAR_TRANSFORMATION_SIGNATURE_DN		93	0.20861079	0.914004	0.63452566	0.8979564	1.0	4021	tags=29%, list=27%, signal=39%	
REACTOME_CARGO_RECOGNITION_FOR_CLATHRIN_MEDIATED_ENDOCYTOSIS	REACTOME_CARGO_RECOGNITION_FOR_CLATHRIN_MEDIATED_ENDOCYTOSIS		94	0.20804697	0.9139199	0.60790277	0.89771307	1.0	3626	tags=27%, list=24%, signal=35%	
DAZARD_UV_RESPONSE_CLUSTER_G24	DAZARD_UV_RESPONSE_CLUSTER_G24		18	0.30099097	0.91391015	0.56060606	0.8972589	1.0	3339	tags=33%, list=22%, signal=43%	
JOHNSTONE_PARVB_TARGETS_2_UP	JOHNSTONE_PARVB_TARGETS_2_UP		126	0.19773468	0.91369677	0.6362229	0.8973731	1.0	2938	tags=18%, list=19%, signal=22%	
KEGG_MEDICUS_REFERENCE_PINK_PARKIN_MEDIATED_AUTOPHAGOSOME_FORMATION	KEGG_MEDICUS_REFERENCE_PINK_PARKIN_MEDIATED_AUTOPHAGOSOME_FORMATION		15	0.31785104	0.9134401	0.58778626	0.8976482	1.0	4465	tags=33%, list=30%, signal=47%	
REACTOME_G_ALPHA_Z_SIGNALLING_EVENTS	REACTOME_G_ALPHA_Z_SIGNALLING_EVENTS		42	0.24232717	0.9126148	0.60240966	0.89942104	1.0	2133	tags=19%, list=14%, signal=22%	
RICKMAN_TUMOR_DIFFERENTIATED_MODERATELY_VS_POORLY_UP	RICKMAN_TUMOR_DIFFERENTIATED_MODERATELY_VS_POORLY_UP		110	0.20365757	0.9122029	0.64943457	0.9001249	1.0	3277	tags=24%, list=22%, signal=30%	
WP_TLR4_SIGNALING_AND_TOLERANCE	WP_TLR4_SIGNALING_AND_TOLERANCE		24	0.2752088	0.9121106	0.5761821	0.8999154	1.0	2821	tags=29%, list=19%, signal=36%	
TIAN_TNF_SIGNALING_VIA_NFKB	TIAN_TNF_SIGNALING_VIA_NFKB		21	0.2881647	0.911853	0.559292	0.90013105	1.0	3558	tags=29%, list=24%, signal=37%	
SHARMA_PILOCYTIC_ASTROCYTOMA_LOCATION_UP	SHARMA_PILOCYTIC_ASTROCYTOMA_LOCATION_UP		26	0.2708593	0.9117749	0.5756522	0.8998783	1.0	3218	tags=31%, list=21%, signal=39%	
BOQUEST_STEM_CELL_UP	BOQUEST_STEM_CELL_UP		238	0.18145199	0.9115221	0.7098151	0.9001201	1.0	3687	tags=26%, list=24%, signal=34%	
MUNSHI_MULTIPLE_MYELOMA_UP	MUNSHI_MULTIPLE_MYELOMA_UP		70	0.21698813	0.91139704	0.63013697	0.89997846	1.0	2201	tags=16%, list=15%, signal=18%	
BOYLAN_MULTIPLE_MYELOMA_PCA3_UP	BOYLAN_MULTIPLE_MYELOMA_PCA3_UP		67	0.22018285	0.91137594	0.61451614	0.89955795	1.0	3935	tags=33%, list=26%, signal=44%	
BIOCARTA_TNFR2_PATHWAY	BIOCARTA_TNFR2_PATHWAY		15	0.3183343	0.91085684	0.57093424	0.9005395	1.0	1070	tags=20%, list=7%, signal=22%	
WP_DISORDERS_OF_FOLATE_METABOLISM_AND_TRANSPORT	WP_DISORDERS_OF_FOLATE_METABOLISM_AND_TRANSPORT		18	0.303424	0.910461	0.5608856	0.9011436	1.0	2586	tags=22%, list=17%, signal=27%	
REACTOME_OTHER_SEMAPHORIN_INTERACTIONS	REACTOME_OTHER_SEMAPHORIN_INTERACTIONS		16	0.3103292	0.9104529	0.62118495	0.9006964	1.0	4020	tags=44%, list=27%, signal=60%	
REACTOME_REGULATION_OF_RUNX3_EXPRESSION_AND_ACTIVITY	REACTOME_REGULATION_OF_RUNX3_EXPRESSION_AND_ACTIVITY		43	0.24014966	0.9103227	0.5969646	0.90059716	1.0	4148	tags=28%, list=27%, signal=38%	
DELPUECH_FOXO3_TARGETS_UP	DELPUECH_FOXO3_TARGETS_UP		56	0.23016669	0.9101466	0.6309904	0.9006052	1.0	3203	tags=27%, list=21%, signal=34%	
RIGGINS_TAMOXIFEN_RESISTANCE_UP	RIGGINS_TAMOXIFEN_RESISTANCE_UP		58	0.22724293	0.90953666	0.63559324	0.90181595	1.0	2566	tags=26%, list=17%, signal=31%	
LEE_METASTASIS_AND_ALTERNATIVE_SPLICING_DN	LEE_METASTASIS_AND_ALTERNATIVE_SPLICING_DN		44	0.23845617	0.90940475	0.6144781	0.9016892	1.0	1507	tags=14%, list=10%, signal=15%	
FERRANDO_LYL1_NEIGHBORS	FERRANDO_LYL1_NEIGHBORS		15	0.31504735	0.90896916	0.573975	0.902396	1.0	1940	tags=27%, list=13%, signal=31%	
GROSS_ELK3_TARGETS_UP	GROSS_ELK3_TARGETS_UP		23	0.28202304	0.9087217	0.6103896	0.9025797	1.0	3203	tags=30%, list=21%, signal=39%	
WILCOX_RESPONSE_TO_PROGESTERONE_DN	WILCOX_RESPONSE_TO_PROGESTERONE_DN		53	0.23080993	0.9086387	0.6139767	0.9023387	1.0	4932	tags=38%, list=33%, signal=56%	
BYSTRYKH_HEMATOPOIESIS_STEM_CELL_AND_BRAIN_QTL_TRANS	BYSTRYKH_HEMATOPOIESIS_STEM_CELL_AND_BRAIN_QTL_TRANS		138	0.19593927	0.9083407	0.66519177	0.9027072	1.0	2636	tags=21%, list=17%, signal=25%	
SU_PLACENTA	SU_PLACENTA		21	0.28630948	0.90814394	0.6066434	0.90275997	1.0	4764	tags=52%, list=32%, signal=76%	
GUO_TARGETS_OF_IRS1_AND_IRS2	GUO_TARGETS_OF_IRS1_AND_IRS2		82	0.21284752	0.90791327	0.6315789	0.9029206	1.0	3362	tags=26%, list=22%, signal=33%	
LIM_MAMMARY_STEM_CELL_UP	LIM_MAMMARY_STEM_CELL_UP		431	0.17043076	0.9074941	0.7619048	0.9035825	1.0	2968	tags=20%, list=20%, signal=25%	
REACTOME_CIRCADIAN_CLOCK	REACTOME_CIRCADIAN_CLOCK		105	0.20327017	0.907354	0.6435331	0.90348744	1.0	4317	tags=28%, list=29%, signal=38%	
FIGUEROA_AML_METHYLATION_CLUSTER_1_UP	FIGUEROA_AML_METHYLATION_CLUSTER_1_UP		103	0.20684077	0.9073522	0.6666667	0.903019	1.0	1930	tags=17%, list=13%, signal=20%	
REACTOME_LEISHMANIA_INFECTION	REACTOME_LEISHMANIA_INFECTION		141	0.19237334	0.9065243	0.6859259	0.90481234	1.0	3625	tags=27%, list=24%, signal=35%	
WP_CAMKK2_PATHWAY	WP_CAMKK2_PATHWAY		93	0.20501606	0.9057415	0.6525157	0.9064736	1.0	4021	tags=29%, list=27%, signal=39%	
DACOSTA_ERCC3_ALLELE_XPCS_VS_TTD_DN	DACOSTA_ERCC3_ALLELE_XPCS_VS_TTD_DN		34	0.25267938	0.9057012	0.6222597	0.9061034	1.0	1537	tags=15%, list=10%, signal=16%	
WP_LUNG_PATHOLOGY_OF_COVID19	WP_LUNG_PATHOLOGY_OF_COVID19		16	0.30354422	0.90561914	0.5992509	0.90584964	1.0	4294	tags=44%, list=28%, signal=61%	
WANG_BARRETTS_ESOPHAGUS_DN	WANG_BARRETTS_ESOPHAGUS_DN		19	0.29524392	0.9048992	0.6062718	0.90729034	1.0	4173	tags=47%, list=28%, signal=65%	
SHAFFER_IRF4_TARGETS_IN_ACTIVATED_DENDRITIC_CELL	SHAFFER_IRF4_TARGETS_IN_ACTIVATED_DENDRITIC_CELL		58	0.22645083	0.90479374	0.641357	0.9071171	1.0	2328	tags=19%, list=15%, signal=22%	
GARY_CD5_TARGETS_UP	GARY_CD5_TARGETS_UP		397	0.17009358	0.9046732	0.7453826	0.9069916	1.0	2133	tags=15%, list=14%, signal=17%	
KEGG_MEDICUS_REFERENCE_WNT5A_ROR_SIGNALING_PATHWAY	KEGG_MEDICUS_REFERENCE_WNT5A_ROR_SIGNALING_PATHWAY		16	0.30890316	0.9043561	0.5955882	0.9073356	1.0	1737	tags=25%, list=11%, signal=28%	
WP_TGFBETA_RECEPTOR_SIGNALING_IN_SKELETAL_DYSPLASIAS	WP_TGFBETA_RECEPTOR_SIGNALING_IN_SKELETAL_DYSPLASIAS		43	0.2401706	0.90402895	0.5826377	0.9077851	1.0	3671	tags=28%, list=24%, signal=37%	
YAO_TEMPORAL_RESPONSE_TO_PROGESTERONE_CLUSTER_12	YAO_TEMPORAL_RESPONSE_TO_PROGESTERONE_CLUSTER_12		68	0.22038838	0.9039011	0.6554622	0.90767133	1.0	3205	tags=26%, list=21%, signal=33%	
REACTOME_MEIOSIS	REACTOME_MEIOSIS		80	0.21078064	0.90386146	0.65210354	0.90732265	1.0	3905	tags=26%, list=26%, signal=35%	
HAHTOLA_MYCOSIS_FUNGOIDES_SKIN_DN	HAHTOLA_MYCOSIS_FUNGOIDES_SKIN_DN		21	0.2898234	0.90354633	0.6213235	0.9077382	1.0	2952	tags=24%, list=20%, signal=30%	
GALLUZZI_PERMEABILIZE_MITOCHONDRIA	GALLUZZI_PERMEABILIZE_MITOCHONDRIA		36	0.25269708	0.9030777	0.614601	0.9085229	1.0	1907	tags=19%, list=13%, signal=22%	
MCCLUNG_COCAIN_REWARD_4WK	MCCLUNG_COCAIN_REWARD_4WK		58	0.22798844	0.9028868	0.6589018	0.9085941	1.0	3153	tags=26%, list=21%, signal=33%	
HEIDENBLAD_AMPLICON_12P11_12_UP	HEIDENBLAD_AMPLICON_12P11_12_UP		34	0.25196025	0.9027942	0.5960912	0.9083827	1.0	1789	tags=18%, list=12%, signal=20%	
GAZDA_DIAMOND_BLACKFAN_ANEMIA_ERYTHROID_UP	GAZDA_DIAMOND_BLACKFAN_ANEMIA_ERYTHROID_UP		24	0.27527127	0.90274596	0.58131486	0.90803707	1.0	216	tags=8%, list=1%, signal=8%	
RICKMAN_TUMOR_DIFFERENTIATED_WELL_VS_MODERATELY_DN	RICKMAN_TUMOR_DIFFERENTIATED_WELL_VS_MODERATELY_DN		79	0.21134825	0.9027411	0.6480892	0.90757835	1.0	4936	tags=38%, list=33%, signal=56%	
WINNEPENNINCKX_MELANOMA_METASTASIS_UP	WINNEPENNINCKX_MELANOMA_METASTASIS_UP		153	0.19026893	0.902739	0.6927622	0.90711397	1.0	5661	tags=40%, list=37%, signal=63%	
REACTOME_OLFACTORY_SIGNALING_PATHWAY	REACTOME_OLFACTORY_SIGNALING_PATHWAY		18	0.29337454	0.90234154	0.5960854	0.9076977	1.0	5753	tags=61%, list=38%, signal=99%	
WP_PREGNANE_X_RECEPTOR_PATHWAY	WP_PREGNANE_X_RECEPTOR_PATHWAY		18	0.29562843	0.90124476	0.573741	0.91019136	1.0	563	tags=11%, list=4%, signal=12%	
ODONNELL_TARGETS_OF_MYC_AND_TFRC_DN	ODONNELL_TARGETS_OF_MYC_AND_TFRC_DN		41	0.24261796	0.9010724	0.6221837	0.9101834	1.0	6066	tags=39%, list=40%, signal=65%	
REACTOME_NUCLEAR_EVENTS_MEDIATED_BY_NFE2L2	REACTOME_NUCLEAR_EVENTS_MEDIATED_BY_NFE2L2		82	0.20946738	0.9010156	0.66416794	0.90987104	1.0	4202	tags=27%, list=28%, signal=37%	
TERAO_AOX4_TARGETS_SKIN_DN	TERAO_AOX4_TARGETS_SKIN_DN		21	0.28469157	0.9008442	0.6118881	0.9098365	1.0	2633	tags=24%, list=17%, signal=29%	
BIOCARTA_KERATINOCYTE_PATHWAY	BIOCARTA_KERATINOCYTE_PATHWAY		36	0.2472546	0.90041214	0.5945485	0.9105122	1.0	1070	tags=14%, list=7%, signal=15%	
RAGHAVACHARI_PLATELET_SPECIFIC_GENES	RAGHAVACHARI_PLATELET_SPECIFIC_GENES		58	0.22510138	0.90032524	0.6151261	0.91028655	1.0	4200	tags=34%, list=28%, signal=48%	
BURTON_ADIPOGENESIS_4	BURTON_ADIPOGENESIS_4		40	0.24237247	0.9000698	0.6129568	0.91050595	1.0	4123	tags=35%, list=27%, signal=48%	
MISIAK_ANAPLASTIC_THYROID_CARCINOMA_UP	MISIAK_ANAPLASTIC_THYROID_CARCINOMA_UP		42	0.23727393	0.89991426	0.62134254	0.91043717	1.0	1938	tags=17%, list=13%, signal=19%	
WP_GPCRS_OTHER	WP_GPCRS_OTHER		56	0.23007143	0.89937544	0.64027536	0.9114213	1.0	3928	tags=36%, list=26%, signal=48%	
FLECHNER_PBL_KIDNEY_TRANSPLANT_REJECTED_VS_OK_UP	FLECHNER_PBL_KIDNEY_TRANSPLANT_REJECTED_VS_OK_UP		59	0.22424053	0.8987267	0.6421053	0.91275394	1.0	2798	tags=25%, list=19%, signal=31%	
SCIBETTA_KDM5B_TARGETS_UP	SCIBETTA_KDM5B_TARGETS_UP		18	0.29889548	0.8984369	0.60655737	0.9130667	1.0	3085	tags=22%, list=20%, signal=28%	
PID_IL27_PATHWAY	PID_IL27_PATHWAY		16	0.31513524	0.89775676	0.6061151	0.91444266	1.0	4242	tags=44%, list=28%, signal=61%	
REACTOME_EXTRACELLULAR_MATRIX_ORGANIZATION	REACTOME_EXTRACELLULAR_MATRIX_ORGANIZATION		273	0.17646937	0.89713025	0.7662722	0.9156285	1.0	3504	tags=25%, list=23%, signal=32%	
REACTOME_REGULATION_OF_ORNITHINE_DECARBOXYLASE_ODC	REACTOME_REGULATION_OF_ORNITHINE_DECARBOXYLASE_ODC		36	0.24706995	0.89701545	0.6319444	0.91545933	1.0	4148	tags=28%, list=27%, signal=38%	
REACTOME_REGULATION_OF_GLUCOKINASE_BY_GLUCOKINASE_REGULATORY_PROTEIN	REACTOME_REGULATION_OF_GLUCOKINASE_BY_GLUCOKINASE_REGULATORY_PROTEIN		31	0.2538758	0.896338	0.6219512	0.91680014	1.0	2976	tags=23%, list=20%, signal=28%	
FISCHER_DIRECT_P53_TARGETS_META_ANALYSIS	FISCHER_DIRECT_P53_TARGETS_META_ANALYSIS		282	0.17343949	0.89611685	0.76462394	0.91693133	1.0	3263	tags=24%, list=22%, signal=30%	
LU_EZH2_TARGETS_UP	LU_EZH2_TARGETS_UP		247	0.17709345	0.89537245	0.76086956	0.9184645	1.0	2380	tags=16%, list=16%, signal=18%	
WP_NONGENOMIC_ACTIONS_OF_125DIHYDROXYVITAMIN_D3	WP_NONGENOMIC_ACTIONS_OF_125DIHYDROXYVITAMIN_D3		59	0.2237306	0.89508486	0.659322	0.9187538	1.0	2546	tags=22%, list=17%, signal=26%	
KRASNOSELSKAYA_ILF3_TARGETS_DN	KRASNOSELSKAYA_ILF3_TARGETS_DN		42	0.2407851	0.8950576	0.63361347	0.91836447	1.0	2513	tags=19%, list=17%, signal=23%	
WIERENGA_STAT5A_TARGETS_GROUP1	WIERENGA_STAT5A_TARGETS_GROUP1		106	0.19700426	0.8948459	0.69290125	0.91846097	1.0	3095	tags=23%, list=20%, signal=28%	
BURTON_ADIPOGENESIS_7	BURTON_ADIPOGENESIS_7		43	0.23911251	0.89479315	0.63304347	0.9181258	1.0	4009	tags=30%, list=27%, signal=41%	
KANG_CISPLATIN_RESISTANCE_UP	KANG_CISPLATIN_RESISTANCE_UP		17	0.29773235	0.8947499	0.59749556	0.9177589	1.0	2485	tags=24%, list=16%, signal=28%	
RIZ_ERYTHROID_DIFFERENTIATION_12HR	RIZ_ERYTHROID_DIFFERENTIATION_12HR		32	0.2506783	0.89437485	0.6466431	0.91828984	1.0	2725	tags=25%, list=18%, signal=30%	
REACTOME_ACTIVATION_OF_APC_C_AND_APC_C_CDC20_MEDIATED_DEGRADATION_OF_MITOTIC_PROTEINS	REACTOME_ACTIVATION_OF_APC_C_AND_APC_C_CDC20_MEDIATED_DEGRADATION_OF_MITOTIC_PROTEINS		63	0.2196855	0.8943534	0.66134185	0.9178784	1.0	4226	tags=27%, list=28%, signal=37%	
MARTORIATI_MDM4_TARGETS_FETAL_LIVER_UP	MARTORIATI_MDM4_TARGETS_FETAL_LIVER_UP		219	0.17964889	0.89403135	0.72206306	0.91826475	1.0	2414	tags=16%, list=16%, signal=18%	
NABA_MATRISOME_HIGHLY_METASTATIC_BREAST_CANCER	NABA_MATRISOME_HIGHLY_METASTATIC_BREAST_CANCER		34	0.24895875	0.8936805	0.6143106	0.91872865	1.0	4261	tags=35%, list=28%, signal=49%	
BIOCARTA_NKCELLS_PATHWAY	BIOCARTA_NKCELLS_PATHWAY		15	0.30989492	0.89266473	0.59042555	0.92096764	1.0	4857	tags=53%, list=32%, signal=79%	
REACTOME_BASE_EXCISION_REPAIR_AP_SITE_FORMATION	REACTOME_BASE_EXCISION_REPAIR_AP_SITE_FORMATION		41	0.23618375	0.8926194	0.6353135	0.9206223	1.0	1999	tags=20%, list=13%, signal=22%	
KIM_HYPOXIA	KIM_HYPOXIA		16	0.30084968	0.89209735	0.59574467	0.92151487	1.0	5566	tags=56%, list=37%, signal=89%	
SHETH_LIVER_CANCER_VS_TXNIP_LOSS_PAM2	SHETH_LIVER_CANCER_VS_TXNIP_LOSS_PAM2		149	0.18804482	0.89200306	0.70579267	0.9212835	1.0	1707	tags=15%, list=11%, signal=16%	
REACTOME_CELLULAR_RESPONSE_TO_HEAT_STRESS	REACTOME_CELLULAR_RESPONSE_TO_HEAT_STRESS		92	0.20356797	0.8917648	0.670347	0.9214537	1.0	2976	tags=24%, list=20%, signal=30%	
IBRAHIM_NRF1_DOWN	IBRAHIM_NRF1_DOWN		125	0.19268502	0.8914243	0.685446	0.92190635	1.0	2552	tags=19%, list=17%, signal=23%	
VECCHI_GASTRIC_CANCER_EARLY_UP	VECCHI_GASTRIC_CANCER_EARLY_UP		372	0.16719	0.890512	0.8005355	0.92385113	1.0	5652	tags=39%, list=37%, signal=61%	
SWEET_KRAS_TARGETS_UP	SWEET_KRAS_TARGETS_UP		73	0.21002287	0.8903365	0.6635071	0.9238549	1.0	3509	tags=30%, list=23%, signal=39%	
CHANDRAN_METASTASIS_DN	CHANDRAN_METASTASIS_DN		273	0.17413831	0.8898874	0.7654867	0.92458385	1.0	3308	tags=23%, list=22%, signal=29%	
WP_WNT_SIGNALING_IN_KIDNEY_DISEASE	WP_WNT_SIGNALING_IN_KIDNEY_DISEASE		34	0.24681512	0.88961357	0.642978	0.9248184	1.0	2639	tags=24%, list=17%, signal=28%	
REACTOME_FBXL7_DOWN_REGULATES_AURKA_DURING_MITOTIC_ENTRY_AND_IN_EARLY_MITOSIS	REACTOME_FBXL7_DOWN_REGULATES_AURKA_DURING_MITOTIC_ENTRY_AND_IN_EARLY_MITOSIS		40	0.24154842	0.8895744	0.6504348	0.9244612	1.0	4148	tags=28%, list=27%, signal=38%	
MARKEY_RB1_CHRONIC_LOF_UP	MARKEY_RB1_CHRONIC_LOF_UP		95	0.20057783	0.88908094	0.68719614	0.92528355	1.0	3965	tags=27%, list=26%, signal=37%	
TOOKER_GEMCITABINE_RESISTANCE_UP	TOOKER_GEMCITABINE_RESISTANCE_UP		72	0.21080624	0.88903886	0.69543976	0.924926	1.0	2343	tags=19%, list=16%, signal=23%	
HORTON_SREBF_TARGETS	HORTON_SREBF_TARGETS		20	0.28517768	0.8890189	0.64416057	0.9245072	1.0	3780	tags=35%, list=25%, signal=47%	
MULLIGHAN_MLL_SIGNATURE_1_DN	MULLIGHAN_MLL_SIGNATURE_1_DN		197	0.18049708	0.8882626	0.73880595	0.9260045	1.0	2060	tags=15%, list=14%, signal=17%	
COLIN_PILOCYTIC_ASTROCYTOMA_VS_GLIOBLASTOMA_DN	COLIN_PILOCYTIC_ASTROCYTOMA_VS_GLIOBLASTOMA_DN		26	0.264347	0.88749635	0.6055846	0.9275707	1.0	1245	tags=12%, list=8%, signal=13%	
BERENJENO_TRANSFORMED_BY_RHOA_DN	BERENJENO_TRANSFORMED_BY_RHOA_DN		370	0.16854694	0.8874491	0.80106103	0.9272304	1.0	3167	tags=20%, list=21%, signal=25%	
WP_POLYCYSTIC_KIDNEY_DISEASE_PATHWAY	WP_POLYCYSTIC_KIDNEY_DISEASE_PATHWAY		70	0.21195278	0.8874318	0.64891845	0.9268013	1.0	2639	tags=20%, list=17%, signal=24%	
NABA_MATRISOME_PRIMARY_METASTATIC_COLORECTAL_TUMOR	NABA_MATRISOME_PRIMARY_METASTATIC_COLORECTAL_TUMOR		52	0.22420062	0.8870937	0.66380787	0.92721146	1.0	3498	tags=29%, list=23%, signal=37%	
MURAKAMI_UV_RESPONSE_6HR_UP	MURAKAMI_UV_RESPONSE_6HR_UP		26	0.26239684	0.88666755	0.6586621	0.92781824	1.0	1191	tags=15%, list=8%, signal=17%	
KEGG_TIGHT_JUNCTION	KEGG_TIGHT_JUNCTION		106	0.1980012	0.886605	0.703125	0.927516	1.0	3570	tags=26%, list=24%, signal=34%	
REACTOME_GLYCOSAMINOGLYCAN_METABOLISM	REACTOME_GLYCOSAMINOGLYCAN_METABOLISM		111	0.19629753	0.8865051	0.70046085	0.9273211	1.0	2868	tags=23%, list=19%, signal=28%	
MALONEY_RESPONSE_TO_17AAG_UP	MALONEY_RESPONSE_TO_17AAG_UP		31	0.25674328	0.88641125	0.6301616	0.9270995	1.0	2169	tags=19%, list=14%, signal=23%	
REACTOME_CARDIOGENESIS	REACTOME_CARDIOGENESIS		23	0.2769926	0.88588536	0.6288288	0.92798436	1.0	3671	tags=35%, list=24%, signal=46%	
WHITFIELD_CELL_CYCLE_LITERATURE	WHITFIELD_CELL_CYCLE_LITERATURE		38	0.23994741	0.8847536	0.64705884	0.93047607	1.0	5953	tags=50%, list=39%, signal=82%	
REACTOME_SENSORY_PERCEPTION_OF_TASTE	REACTOME_SENSORY_PERCEPTION_OF_TASTE		28	0.2629261	0.8833422	0.623946	0.9336599	1.0	4694	tags=46%, list=31%, signal=67%	
YANG_BREAST_CANCER_ESR1_DN	YANG_BREAST_CANCER_ESR1_DN		24	0.26741523	0.8831309	0.6414763	0.93376964	1.0	4677	tags=42%, list=31%, signal=60%	
BILD_SRC_ONCOGENIC_SIGNATURE	BILD_SRC_ONCOGENIC_SIGNATURE		53	0.22004949	0.8828877	0.67	0.9339286	1.0	2058	tags=15%, list=14%, signal=17%	
PID_IL12_STAT4_PATHWAY	PID_IL12_STAT4_PATHWAY		19	0.28251228	0.8827732	0.63350785	0.9337536	1.0	3109	tags=32%, list=21%, signal=40%	
WANG_RESPONSE_TO_BEXAROTENE_UP	WANG_RESPONSE_TO_BEXAROTENE_UP		29	0.25733882	0.8824611	0.6555944	0.93408537	1.0	4977	tags=48%, list=33%, signal=72%	
REACTOME_RHO_GTPASES_ACTIVATE_ROCKS	REACTOME_RHO_GTPASES_ACTIVATE_ROCKS		17	0.29082057	0.8821945	0.6174377	0.93430835	1.0	5	tags=6%, list=0%, signal=6%	
HOSHIDA_LIVER_CANCER_LATE_RECURRENCE_DN	HOSHIDA_LIVER_CANCER_LATE_RECURRENCE_DN		60	0.21946579	0.8820935	0.66003317	0.9340971	1.0	4040	tags=37%, list=27%, signal=50%	
WEST_ADRENOCORTICAL_TUMOR_MARKERS_DN	WEST_ADRENOCORTICAL_TUMOR_MARKERS_DN		15	0.30699953	0.88144165	0.6355311	0.9352948	1.0	1940	tags=20%, list=13%, signal=23%	
WP_NANOMATERIAL_INDUCED_APOPTOSIS	WP_NANOMATERIAL_INDUCED_APOPTOSIS		17	0.29746953	0.88073534	0.6268382	0.9366411	1.0	2441	tags=29%, list=16%, signal=35%	
BAELDE_DIABETIC_NEPHROPATHY_UP	BAELDE_DIABETIC_NEPHROPATHY_UP		76	0.20809703	0.88066614	0.6921824	0.93635803	1.0	3836	tags=30%, list=25%, signal=40%	
BOHN_PRIMARY_IMMUNODEFICIENCY_SYNDROM_UP	BOHN_PRIMARY_IMMUNODEFICIENCY_SYNDROM_UP		42	0.23859213	0.8804472	0.64746946	0.93646246	1.0	1817	tags=14%, list=12%, signal=16%	
IVANOVA_HEMATOPOIESIS_MATURE_CELL	IVANOVA_HEMATOPOIESIS_MATURE_CELL		241	0.17373034	0.88018626	0.7794118	0.9366787	1.0	1563	tags=12%, list=10%, signal=13%	
DUTTA_APOPTOSIS_VIA_NFKB	DUTTA_APOPTOSIS_VIA_NFKB		26	0.26306358	0.8800822	0.6302817	0.93647224	1.0	578	tags=12%, list=4%, signal=12%	
SETLUR_PROSTATE_CANCER_TMPRSS2_ERG_FUSION_DN	SETLUR_PROSTATE_CANCER_TMPRSS2_ERG_FUSION_DN		15	0.3090416	0.8794274	0.64365673	0.93761605	1.0	3839	tags=47%, list=25%, signal=62%	
WP_LUNG_FIBROSIS	WP_LUNG_FIBROSIS		47	0.22625445	0.87937826	0.65746754	0.93728185	1.0	4261	tags=34%, list=28%, signal=47%	
BERENJENO_TRANSFORMED_BY_RHOA_FOREVER_UP	BERENJENO_TRANSFORMED_BY_RHOA_FOREVER_UP		18	0.28543723	0.8790932	0.63131315	0.93755543	1.0	3085	tags=28%, list=20%, signal=35%	
NAKAMURA_ADIPOGENESIS_EARLY_DN	NAKAMURA_ADIPOGENESIS_EARLY_DN		30	0.2561705	0.87901187	0.67068964	0.93728477	1.0	1346	tags=17%, list=9%, signal=18%	
WP_CORTICOTROPINRELEASING_HORMONE_SIGNALING	WP_CORTICOTROPINRELEASING_HORMONE_SIGNALING		71	0.20838635	0.87861323	0.7013201	0.937824	1.0	2938	tags=21%, list=19%, signal=26%	
KEGG_P53_SIGNALING_PATHWAY	KEGG_P53_SIGNALING_PATHWAY		53	0.22407949	0.87843573	0.6902801	0.9378151	1.0	996	tags=11%, list=7%, signal=12%	
GRAHAM_CML_QUIESCENT_VS_NORMAL_DIVIDING_UP	GRAHAM_CML_QUIESCENT_VS_NORMAL_DIVIDING_UP		40	0.23743816	0.87837934	0.67068964	0.937488	1.0	3558	tags=28%, list=24%, signal=36%	
PID_PTP1B_PATHWAY	PID_PTP1B_PATHWAY		44	0.23544347	0.87817645	0.6706081	0.93754846	1.0	4242	tags=36%, list=28%, signal=50%	
YAMAZAKI_TCEB3_TARGETS_UP	YAMAZAKI_TCEB3_TARGETS_UP		153	0.18673554	0.8781213	0.729927	0.9372069	1.0	2857	tags=19%, list=19%, signal=23%	
PUJANA_BREAST_CANCER_WITH_BRCA1_MUTATED_UP	PUJANA_BREAST_CANCER_WITH_BRCA1_MUTATED_UP		50	0.22830847	0.8780778	0.68707484	0.93685853	1.0	5381	tags=38%, list=36%, signal=59%	
MEBARKI_HCC_PROGENITOR_FZD8CRD_UP	MEBARKI_HCC_PROGENITOR_FZD8CRD_UP		488	0.16374445	0.87774163	0.8582474	0.93725336	1.0	5176	tags=34%, list=34%, signal=51%	
GRAHAM_CML_DIVIDING_VS_NORMAL_QUIESCENT_UP	GRAHAM_CML_DIVIDING_VS_NORMAL_QUIESCENT_UP		153	0.185248	0.8777333	0.7477341	0.93680805	1.0	5708	tags=42%, list=38%, signal=67%	
WP_DEVELOPMENT_AND_HETEROGENEITY_OF_THE_ILC_FAMILY	WP_DEVELOPMENT_AND_HETEROGENEITY_OF_THE_ILC_FAMILY		21	0.28221402	0.87732786	0.67178506	0.93740946	1.0	2227	tags=24%, list=15%, signal=28%	
GAVIN_FOXP3_TARGETS_CLUSTER_P2	GAVIN_FOXP3_TARGETS_CLUSTER_P2		69	0.21054292	0.8769837	0.6846543	0.93776333	1.0	4413	tags=39%, list=29%, signal=55%	
PID_TCPTP_PATHWAY	PID_TCPTP_PATHWAY		37	0.24281651	0.8766343	0.6682616	0.9382011	1.0	1138	tags=14%, list=8%, signal=15%	
MARTORIATI_MDM4_TARGETS_NEUROEPITHELIUM_UP	MARTORIATI_MDM4_TARGETS_NEUROEPITHELIUM_UP		158	0.1853782	0.8761222	0.77379096	0.93899775	1.0	2672	tags=19%, list=18%, signal=23%	
REACTOME_SHC_MEDIATED_CASCADE_FGFR1	REACTOME_SHC_MEDIATED_CASCADE_FGFR1		17	0.2966982	0.87562704	0.6442478	0.939827	1.0	1366	tags=18%, list=9%, signal=19%	
DAUER_STAT3_TARGETS_UP	DAUER_STAT3_TARGETS_UP		37	0.23874363	0.875311	0.6587436	0.9401811	1.0	4784	tags=35%, list=32%, signal=51%	
HORIUCHI_WTAP_TARGETS_UP	HORIUCHI_WTAP_TARGETS_UP		259	0.17273323	0.87504643	0.7808599	0.94038624	1.0	2394	tags=16%, list=16%, signal=18%	
REACTOME_PKR_MEDIATED_SIGNALING	REACTOME_PKR_MEDIATED_SIGNALING		60	0.21426865	0.8749079	0.704065	0.9403018	1.0	4058	tags=30%, list=27%, signal=41%	
REACTOME_APOPTOTIC_CLEAVAGE_OF_CELLULAR_PROTEINS	REACTOME_APOPTOTIC_CLEAVAGE_OF_CELLULAR_PROTEINS		30	0.25746295	0.8744563	0.680776	0.9409825	1.0	3046	tags=23%, list=20%, signal=29%	
PASQUALUCCI_LYMPHOMA_BY_GC_STAGE_UP	PASQUALUCCI_LYMPHOMA_BY_GC_STAGE_UP		267	0.17261596	0.87445277	0.7848101	0.9405261	1.0	2675	tags=18%, list=18%, signal=21%	
MYLLYKANGAS_AMPLIFICATION_HOT_SPOT_17	MYLLYKANGAS_AMPLIFICATION_HOT_SPOT_17		15	0.30257815	0.87395144	0.62323946	0.94132596	1.0	1074	tags=13%, list=7%, signal=14%	
KEGG_MEDICUS_VARIANT_MUTATION_CAUSED_ABERRANT_SNCA_TO_ELECTRON_TRANSFER_IN_COMPLEX_I	KEGG_MEDICUS_VARIANT_MUTATION_CAUSED_ABERRANT_SNCA_TO_ELECTRON_TRANSFER_IN_COMPLEX_I		42	0.23006426	0.873922	0.65180105	0.9409345	1.0	2081	tags=17%, list=14%, signal=19%	
GARGALOVIC_RESPONSE_TO_OXIDIZED_PHOSPHOLIPIDS_TURQUOISE_UP	GARGALOVIC_RESPONSE_TO_OXIDIZED_PHOSPHOLIPIDS_TURQUOISE_UP		69	0.20866099	0.87383795	0.68088466	0.94068784	1.0	2641	tags=20%, list=17%, signal=24%	
REACTOME_TRAF6_MEDIATED_INDUCTION_OF_TAK1_COMPLEX_WITHIN_TLR4_COMPLEX	REACTOME_TRAF6_MEDIATED_INDUCTION_OF_TAK1_COMPLEX_WITHIN_TLR4_COMPLEX		16	0.30626118	0.8736535	0.64	0.9406826	1.0	3506	tags=38%, list=23%, signal=49%	
FLECHNER_BIOPSY_KIDNEY_TRANSPLANT_OK_VS_DONOR_UP	FLECHNER_BIOPSY_KIDNEY_TRANSPLANT_OK_VS_DONOR_UP		499	0.16193657	0.8731791	0.88746804	0.94140995	1.0	3534	tags=22%, list=23%, signal=28%	
LI_ESTROGENE_MCF7_E2_RESPONSE_DN	LI_ESTROGENE_MCF7_E2_RESPONSE_DN		34	0.24533904	0.8730804	0.6660617	0.941189	1.0	2743	tags=24%, list=18%, signal=29%	
KEGG_REGULATION_OF_ACTIN_CYTOSKELETON	KEGG_REGULATION_OF_ACTIN_CYTOSKELETON		190	0.17979933	0.872561	0.79535556	0.9420159	1.0	4290	tags=31%, list=28%, signal=42%	
JACKSON_DNMT1_TARGETS_UP	JACKSON_DNMT1_TARGETS_UP		68	0.21196003	0.87251747	0.6878981	0.94167656	1.0	5058	tags=41%, list=33%, signal=62%	
BREDEMEYER_RAG_SIGNALING_VIA_ATM_NOT_VIA_NFKB_UP	BREDEMEYER_RAG_SIGNALING_VIA_ATM_NOT_VIA_NFKB_UP		49	0.21975297	0.87224394	0.687395	0.94189155	1.0	3553	tags=27%, list=24%, signal=35%	
BHATI_G2M_ARREST_BY_2METHOXYESTRADIOL_UP	BHATI_G2M_ARREST_BY_2METHOXYESTRADIOL_UP		97	0.19821137	0.8714094	0.7338583	0.9435821	1.0	3728	tags=27%, list=25%, signal=35%	
DAZARD_RESPONSE_TO_UV_NHEK_UP	DAZARD_RESPONSE_TO_UV_NHEK_UP		176	0.1814193	0.87082547	0.7863777	0.94458073	1.0	1264	tags=12%, list=8%, signal=13%	
REACTOME_G_PROTEIN_MEDIATED_EVENTS	REACTOME_G_PROTEIN_MEDIATED_EVENTS		48	0.23073222	0.8700699	0.6828479	0.9459756	1.0	2938	tags=23%, list=19%, signal=28%	
MEBARKI_HCC_PROGENITOR_WNT_UP_BLOCKED_BY_FZD8CRD	MEBARKI_HCC_PROGENITOR_WNT_UP_BLOCKED_BY_FZD8CRD		103	0.19484034	0.8699393	0.75191426	0.94582266	1.0	3178	tags=23%, list=21%, signal=29%	
MA_RAT_AGING_DN	MA_RAT_AGING_DN		126	0.18956608	0.86939967	0.7827427	0.94670314	1.0	3166	tags=21%, list=21%, signal=27%	
WP_TP53_NETWORK	WP_TP53_NETWORK		15	0.3088765	0.8689061	0.6379613	0.94745874	1.0	578	tags=20%, list=4%, signal=21%	
REACTOME_APC_C_MEDIATED_DEGRADATION_OF_CELL_CYCLE_PROTEINS	REACTOME_APC_C_MEDIATED_DEGRADATION_OF_CELL_CYCLE_PROTEINS		72	0.20801157	0.86889285	0.6970684	0.9470306	1.0	4690	tags=32%, list=31%, signal=46%	
WP_INTEGRINMEDIATED_CELL_ADHESION	WP_INTEGRINMEDIATED_CELL_ADHESION		88	0.19966577	0.86869055	0.7099841	0.94707966	1.0	1675	tags=15%, list=11%, signal=17%	
REACTOME_ISG15_ANTIVIRAL_MECHANISM	REACTOME_ISG15_ANTIVIRAL_MECHANISM		71	0.20900965	0.86859965	0.72425246	0.9468276	1.0	5548	tags=44%, list=37%, signal=69%	
WP_MITOCHONDRIAL_GENE_EXPRESSION	WP_MITOCHONDRIAL_GENE_EXPRESSION		17	0.2907099	0.8685492	0.6353591	0.9464925	1.0	847	tags=12%, list=6%, signal=12%	
SHEPARD_BMYB_MORPHOLINO_DN	SHEPARD_BMYB_MORPHOLINO_DN		179	0.17839113	0.8684585	0.77572966	0.9462401	1.0	3316	tags=20%, list=22%, signal=25%	
GAUSSMANN_MLL_AF4_FUSION_TARGETS_A_UP	GAUSSMANN_MLL_AF4_FUSION_TARGETS_A_UP		178	0.17882688	0.86787647	0.78328174	0.94719124	1.0	1886	tags=13%, list=12%, signal=15%	
DEBIASI_APOPTOSIS_BY_REOVIRUS_INFECTION_UP	DEBIASI_APOPTOSIS_BY_REOVIRUS_INFECTION_UP		268	0.16941717	0.8678525	0.8352113	0.94678646	1.0	3645	tags=24%, list=24%, signal=31%	
ROVERSI_GLIOMA_COPY_NUMBER_DN	ROVERSI_GLIOMA_COPY_NUMBER_DN		47	0.2267944	0.8675319	0.70358306	0.94709706	1.0	3734	tags=30%, list=25%, signal=39%	
MACLACHLAN_BRCA1_TARGETS_UP	MACLACHLAN_BRCA1_TARGETS_UP		18	0.28747037	0.8673465	0.67662567	0.9470972	1.0	300	tags=11%, list=2%, signal=11%	
RATTENBACHER_BOUND_BY_CELF1	RATTENBACHER_BOUND_BY_CELF1		341	0.16498637	0.86716306	0.84016395	0.9471069	1.0	2388	tags=16%, list=16%, signal=19%	
SCHAEFFER_PROSTATE_DEVELOPMENT_48HR_DN	SCHAEFFER_PROSTATE_DEVELOPMENT_48HR_DN		358	0.16435029	0.86692345	0.8601864	0.9472143	1.0	3711	tags=25%, list=25%, signal=33%	
WP_MITOCHONDRIAL_COMPLEX_IV_ASSEMBLY	WP_MITOCHONDRIAL_COMPLEX_IV_ASSEMBLY		34	0.24547574	0.8665082	0.6619469	0.9477332	1.0	6105	tags=44%, list=40%, signal=74%	
BASSO_HAIRY_CELL_LEUKEMIA_UP	BASSO_HAIRY_CELL_LEUKEMIA_UP		63	0.21192664	0.8665079	0.6945813	0.94727075	1.0	3570	tags=30%, list=24%, signal=39%	
WP_GASTRIC_CANCER_NETWORK_1	WP_GASTRIC_CANCER_NETWORK_1		26	0.25622016	0.86625946	0.64955753	0.9474279	1.0	3084	tags=19%, list=20%, signal=24%	
REACTOME_HEPARAN_SULFATE_HEPARIN_HS_GAG_METABOLISM	REACTOME_HEPARAN_SULFATE_HEPARIN_HS_GAG_METABOLISM		51	0.22321221	0.865341	0.70677966	0.9491486	1.0	2714	tags=25%, list=18%, signal=31%	
WP_SELENIUM_MICRONUTRIENT_NETWORK	WP_SELENIUM_MICRONUTRIENT_NETWORK		62	0.21171464	0.8650989	0.6905158	0.9492859	1.0	1769	tags=16%, list=12%, signal=18%	
BIOCARTA_STRESS_PATHWAY	BIOCARTA_STRESS_PATHWAY		18	0.2875767	0.8647062	0.6715867	0.94975555	1.0	1907	tags=28%, list=13%, signal=32%	
REACTOME_FORMATION_OF_THE_NEPHRIC_DUCT	REACTOME_FORMATION_OF_THE_NEPHRIC_DUCT		15	0.2998486	0.8646448	0.669627	0.9494441	1.0	5165	tags=53%, list=34%, signal=81%	
CREIGHTON_ENDOCRINE_THERAPY_RESISTANCE_5	CREIGHTON_ENDOCRINE_THERAPY_RESISTANCE_5		431	0.16288266	0.86452615	0.87239945	0.94926095	1.0	3493	tags=22%, list=23%, signal=28%	
BRACHAT_RESPONSE_TO_METHOTREXATE_DN	BRACHAT_RESPONSE_TO_METHOTREXATE_DN		24	0.2604244	0.8641079	0.67950964	0.9498367	1.0	5829	tags=54%, list=39%, signal=88%	
WP_PHYSICOCHEMICAL_FEATURES_AND_TOXICITYASSOCIATED_PATHWAYS	WP_PHYSICOCHEMICAL_FEATURES_AND_TOXICITYASSOCIATED_PATHWAYS		56	0.21868387	0.8639888	0.7042017	0.9496603	1.0	2100	tags=20%, list=14%, signal=23%	
REACTOME_APOPTOSIS	REACTOME_APOPTOSIS		145	0.18244614	0.86348516	0.80351907	0.95040554	1.0	2507	tags=17%, list=17%, signal=20%	
WP_VITAMIN_A_AND_CAROTENOID_METABOLISM	WP_VITAMIN_A_AND_CAROTENOID_METABOLISM		31	0.24686201	0.8633256	0.659612	0.9503	1.0	2739	tags=26%, list=18%, signal=31%	
WP_MIRTARGETED_GENES_IN_SQUAMOUS_CELL	WP_MIRTARGETED_GENES_IN_SQUAMOUS_CELL		110	0.18976037	0.8630527	0.7388633	0.95049167	1.0	4056	tags=25%, list=27%, signal=33%	
REACTOME_O_GLYCOSYLATION_OF_TSR_DOMAIN_CONTAINING_PROTEINS	REACTOME_O_GLYCOSYLATION_OF_TSR_DOMAIN_CONTAINING_PROTEINS		37	0.2332613	0.86262804	0.7091837	0.951083	1.0	3744	tags=32%, list=25%, signal=43%	
BIOCARTA_NFKB_PATHWAY	BIOCARTA_NFKB_PATHWAY		18	0.27704534	0.861334	0.64778763	0.9536774	1.0	3396	tags=33%, list=22%, signal=43%	
ACEVEDO_NORMAL_TISSUE_ADJACENT_TO_LIVER_TUMOR_UP	ACEVEDO_NORMAL_TISSUE_ADJACENT_TO_LIVER_TUMOR_UP		145	0.18730952	0.8610742	0.770291	0.95382744	1.0	3276	tags=23%, list=22%, signal=29%	
WIEDERSCHAIN_TARGETS_OF_BMI1_AND_PCGF2	WIEDERSCHAIN_TARGETS_OF_BMI1_AND_PCGF2		51	0.22236311	0.8608019	0.7195122	0.95402247	1.0	3333	tags=25%, list=22%, signal=33%	
BURTON_ADIPOGENESIS_8	BURTON_ADIPOGENESIS_8		71	0.20352285	0.86009383	0.73693085	0.95527935	1.0	3658	tags=24%, list=24%, signal=31%	
WP_REGUCALCIN_IN_PROXIMAL_TUBULE_EPITHELIAL_KIDNEY_CELLS	WP_REGUCALCIN_IN_PROXIMAL_TUBULE_EPITHELIAL_KIDNEY_CELLS		21	0.2711208	0.8594983	0.66140354	0.9562506	1.0	4903	tags=38%, list=32%, signal=56%	
HOFFMANN_IMMATURE_TO_MATURE_B_LYMPHOCYTE_UP	HOFFMANN_IMMATURE_TO_MATURE_B_LYMPHOCYTE_UP		33	0.24460116	0.8591196	0.656051	0.9566824	1.0	3771	tags=33%, list=25%, signal=44%	
MAGRANGEAS_MULTIPLE_MYELOMA_IGG_VS_IGA_DN	MAGRANGEAS_MULTIPLE_MYELOMA_IGG_VS_IGA_DN		20	0.27499405	0.85882765	0.65090907	0.95692927	1.0	3960	tags=35%, list=26%, signal=47%	
WANG_CLIM2_TARGETS_UP	WANG_CLIM2_TARGETS_UP		196	0.17526333	0.85849464	0.79882526	0.9572574	1.0	2422	tags=16%, list=16%, signal=19%	
LI_ESTROGENE_MID_E2_RESPONSE_DN	LI_ESTROGENE_MID_E2_RESPONSE_DN		38	0.23335202	0.8580788	0.7182609	0.95780975	1.0	5146	tags=47%, list=34%, signal=72%	
REACTOME_REGULATION_OF_TP53_EXPRESSION_AND_DEGRADATION	REACTOME_REGULATION_OF_TP53_EXPRESSION_AND_DEGRADATION		27	0.25404263	0.8577053	0.7055749	0.9582476	1.0	184	tags=11%, list=1%, signal=11%	
WP_CARDIAC_PROGENITOR_DIFFERENTIATION	WP_CARDIAC_PROGENITOR_DIFFERENTIATION		37	0.2346014	0.85737264	0.6900901	0.9585903	1.0	3507	tags=30%, list=23%, signal=39%	
PID_TNF_PATHWAY	PID_TNF_PATHWAY		40	0.23163284	0.8573119	0.6988543	0.95826983	1.0	2043	tags=20%, list=14%, signal=23%	
GRAHAM_NORMAL_QUIESCENT_VS_NORMAL_DIVIDING_DN	GRAHAM_NORMAL_QUIESCENT_VS_NORMAL_DIVIDING_DN		77	0.20604448	0.8572978	0.7152209	0.9578372	1.0	5632	tags=42%, list=37%, signal=66%	
MOOTHA_HUMAN_MITODB_6_2002	MOOTHA_HUMAN_MITODB_6_2002		383	0.16211723	0.8570689	0.8715847	0.95792776	1.0	2379	tags=15%, list=16%, signal=17%	
REACTOME_METABOLISM_OF_PORPHYRINS	REACTOME_METABOLISM_OF_PORPHYRINS		19	0.27700976	0.8559047	0.66431093	0.96021414	1.0	4812	tags=32%, list=32%, signal=46%	
YORDY_RECIPROCAL_REGULATION_BY_ETS1_AND_SP100_UP	YORDY_RECIPROCAL_REGULATION_BY_ETS1_AND_SP100_UP		21	0.27409932	0.8558656	0.6967071	0.9598453	1.0	4058	tags=33%, list=27%, signal=46%	
KEGG_MEDICUS_REFERENCE_PROMOTION_OF_MICROTUBULE_GROWTH	KEGG_MEDICUS_REFERENCE_PROMOTION_OF_MICROTUBULE_GROWTH		16	0.29325804	0.8553805	0.658363	0.96055615	1.0	2632	tags=25%, list=17%, signal=30%	
WP_CHOLESTEROL_METABOLISM	WP_CHOLESTEROL_METABOLISM		54	0.21571939	0.85477126	0.73504275	0.96153075	1.0	3780	tags=30%, list=25%, signal=39%	
REACTOME_METABOLISM_OF_POLYAMINES	REACTOME_METABOLISM_OF_POLYAMINES		42	0.2271394	0.8542647	0.69491524	0.9622572	1.0	4148	tags=26%, list=27%, signal=36%	
FOURNIER_ACINAR_DEVELOPMENT_LATE_2	FOURNIER_ACINAR_DEVELOPMENT_LATE_2		265	0.16718891	0.8539981	0.8268398	0.962444	1.0	5213	tags=33%, list=35%, signal=50%	
SHETH_LIVER_CANCER_VS_TXNIP_LOSS_PAM5	SHETH_LIVER_CANCER_VS_TXNIP_LOSS_PAM5		83	0.1999689	0.8537923	0.7475884	0.9624917	1.0	2761	tags=25%, list=18%, signal=31%	
PETRETTO_HEART_MASS_QTL_CIS_UP	PETRETTO_HEART_MASS_QTL_CIS_UP		32	0.2446848	0.85359764	0.67839193	0.9624601	1.0	2787	tags=22%, list=18%, signal=27%	
RODRIGUES_DCC_TARGETS_DN	RODRIGUES_DCC_TARGETS_DN		109	0.19093283	0.8529229	0.7712855	0.9635765	1.0	2174	tags=16%, list=14%, signal=18%	
BARIS_THYROID_CANCER_UP	BARIS_THYROID_CANCER_UP		22	0.27354136	0.852637	0.6876091	0.9637842	1.0	2488	tags=18%, list=16%, signal=22%	
REACTOME_TRANSCRIPTIONAL_AND_POST_TRANSLATIONAL_REGULATION_OF_MITF_M_EXPRESSION_AND_ACTIVITY	REACTOME_TRANSCRIPTIONAL_AND_POST_TRANSLATIONAL_REGULATION_OF_MITF_M_EXPRESSION_AND_ACTIVITY		54	0.21636297	0.8520262	0.7108239	0.9647521	1.0	3292	tags=26%, list=22%, signal=33%	
PID_ERBB1_INTERNALIZATION_PATHWAY	PID_ERBB1_INTERNALIZATION_PATHWAY		38	0.2330578	0.85188055	0.6970228	0.9646466	1.0	2474	tags=18%, list=16%, signal=22%	
ZHAN_MULTIPLE_MYELOMA_CD2_UP	ZHAN_MULTIPLE_MYELOMA_CD2_UP		41	0.22707331	0.85170984	0.72727275	0.964568	1.0	2080	tags=15%, list=14%, signal=17%	
MORI_LARGE_PRE_BII_LYMPHOCYTE_UP	MORI_LARGE_PRE_BII_LYMPHOCYTE_UP		78	0.20195246	0.8513767	0.7536467	0.96488434	1.0	5273	tags=41%, list=35%, signal=63%	
KEGG_MEDICUS_VARIANT_MUTATION_CAUSED_ABERRANT_ABETA_TO_ELECTRON_TRANSFER_IN_COMPLEX_IV	KEGG_MEDICUS_VARIANT_MUTATION_CAUSED_ABERRANT_ABETA_TO_ELECTRON_TRANSFER_IN_COMPLEX_IV		17	0.288259	0.85105985	0.676951	0.9651596	1.0	4925	tags=35%, list=33%, signal=52%	
ABRAHAM_ALPC_VS_MULTIPLE_MYELOMA_DN	ABRAHAM_ALPC_VS_MULTIPLE_MYELOMA_DN		17	0.28229824	0.85061634	0.6911519	0.9656888	1.0	3637	tags=29%, list=24%, signal=39%	
PID_CXCR4_PATHWAY	PID_CXCR4_PATHWAY		81	0.20099357	0.84990734	0.72757477	0.9668754	1.0	5063	tags=41%, list=34%, signal=61%	
WP_NAD_METABOLISM_IN_ONCOGENEINDUCED_SENESCENCE_AND_MITOCHONDRIAL_DYSFUNCTIONASSOCIATED_SENESCENCE	WP_NAD_METABOLISM_IN_ONCOGENEINDUCED_SENESCENCE_AND_MITOCHONDRIAL_DYSFUNCTIONASSOCIATED_SENESCENCE		20	0.27307156	0.8491986	0.65585583	0.9680236	1.0	3396	tags=35%, list=22%, signal=45%	
ENK_UV_RESPONSE_EPIDERMIS_UP	ENK_UV_RESPONSE_EPIDERMIS_UP		252	0.16810553	0.8484945	0.83848315	0.96920854	1.0	4363	tags=29%, list=29%, signal=40%	
REACTOME_CDK_MEDIATED_PHOSPHORYLATION_AND_REMOVAL_OF_CDC6	REACTOME_CDK_MEDIATED_PHOSPHORYLATION_AND_REMOVAL_OF_CDC6		59	0.21036291	0.8484488	0.7326733	0.9688484	1.0	4226	tags=27%, list=28%, signal=38%	
WP_GLYCOSAMINOGLYCAN_DEGRADATION	WP_GLYCOSAMINOGLYCAN_DEGRADATION		16	0.28757346	0.84839547	0.6770073	0.968497	1.0	2848	tags=19%, list=19%, signal=23%	
DELACROIX_RAR_TARGETS_DN	DELACROIX_RAR_TARGETS_DN		21	0.2700579	0.8483217	0.68551236	0.9681918	1.0	1940	tags=19%, list=13%, signal=22%	
WP_TCELL_ANTIGEN_RECEPTOR_TCR_PATHWAY_DURING_STAPHYLOCOCCUS_AUREUS_INFECTION	WP_TCELL_ANTIGEN_RECEPTOR_TCR_PATHWAY_DURING_STAPHYLOCOCCUS_AUREUS_INFECTION		46	0.22291057	0.8482011	0.7328767	0.96799445	1.0	3848	tags=30%, list=25%, signal=41%	
KEGG_SELENOAMINO_ACID_METABOLISM	KEGG_SELENOAMINO_ACID_METABOLISM		25	0.25669965	0.84806746	0.70053476	0.96785057	1.0	626	tags=12%, list=4%, signal=12%	
PUJANA_BREAST_CANCER_LIT_INT_NETWORK	PUJANA_BREAST_CANCER_LIT_INT_NETWORK		84	0.19494317	0.8479306	0.77688605	0.9677014	1.0	4242	tags=29%, list=28%, signal=40%	
MATZUK_MEIOTIC_AND_DNA_REPAIR	MATZUK_MEIOTIC_AND_DNA_REPAIR		33	0.23975958	0.8474615	0.6902357	0.9683105	1.0	4320	tags=36%, list=29%, signal=51%	
CAVARD_LIVER_CANCER_MALIGNANT_VS_BENIGN	CAVARD_LIVER_CANCER_MALIGNANT_VS_BENIGN		22	0.27013436	0.847408	0.69482756	0.96798325	1.0	4161	tags=36%, list=28%, signal=50%	
REACTOME_NUCLEAR_EVENTS_KINASE_AND_TRANSCRIPTION_FACTOR_ACTIVATION	REACTOME_NUCLEAR_EVENTS_KINASE_AND_TRANSCRIPTION_FACTOR_ACTIVATION		51	0.21811222	0.8473712	0.7217391	0.9676085	1.0	961	tags=12%, list=6%, signal=13%	
KORKOLA_CORRELATED_WITH_POU5F1	KORKOLA_CORRELATED_WITH_POU5F1		23	0.2613706	0.8473654	0.7035088	0.96715885	1.0	3584	tags=30%, list=24%, signal=40%	
REACTOME_SIGNALING_BY_ERBB2_IN_CANCER	REACTOME_SIGNALING_BY_ERBB2_IN_CANCER		23	0.2619258	0.8465821	0.6884058	0.96852344	1.0	1967	tags=22%, list=13%, signal=25%	
REACTOME_UCH_PROTEINASES	REACTOME_UCH_PROTEINASES		73	0.1995125	0.8456825	0.7541806	0.97009695	1.0	3890	tags=25%, list=26%, signal=33%	
WP_CCL18_SIGNALING	WP_CCL18_SIGNALING		29	0.24586898	0.8449411	0.6792144	0.9712858	1.0	3451	tags=28%, list=23%, signal=36%	
ZHAN_LATE_DIFFERENTIATION_GENES_UP	ZHAN_LATE_DIFFERENTIATION_GENES_UP		27	0.24916269	0.8439328	0.6797853	0.97315615	1.0	1893	tags=19%, list=13%, signal=21%	
MCDOWELL_ACUTE_LUNG_INJURY_DN	MCDOWELL_ACUTE_LUNG_INJURY_DN		39	0.23074746	0.8435848	0.7202073	0.9734765	1.0	2975	tags=28%, list=20%, signal=35%	
PID_E2F_PATHWAY	PID_E2F_PATHWAY		61	0.2043204	0.8435262	0.75702477	0.97315335	1.0	4179	tags=28%, list=28%, signal=38%	
KEGG_MEDICUS_REFERENCE_CXCR4_GNB_G_PLCB_PKC_SIGNALING_PATHWAY	KEGG_MEDICUS_REFERENCE_CXCR4_GNB_G_PLCB_PKC_SIGNALING_PATHWAY		27	0.24974176	0.8434755	0.675485	0.9728095	1.0	2364	tags=22%, list=16%, signal=26%	
REACTOME_NCAM1_INTERACTIONS	REACTOME_NCAM1_INTERACTIONS		34	0.23363268	0.84280187	0.7250438	0.9738998	1.0	2566	tags=21%, list=17%, signal=25%	
HADDAD_B_LYMPHOCYTE_PROGENITOR	HADDAD_B_LYMPHOCYTE_PROGENITOR		238	0.16985868	0.8426067	0.8705036	0.9738658	1.0	2271	tags=14%, list=15%, signal=17%	
WP_KISSPEPTINKISSPEPTIN_RECEPTOR_SYSTEM_IN_THE_OVARY	WP_KISSPEPTINKISSPEPTIN_RECEPTOR_SYSTEM_IN_THE_OVARY		31	0.23937576	0.8423954	0.73344946	0.97390455	1.0	2364	tags=19%, list=16%, signal=23%	
JIANG_MELANOMA_TRM5_CD8	JIANG_MELANOMA_TRM5_CD8		151	0.18058063	0.8420877	0.831761	0.9741258	1.0	3658	tags=25%, list=24%, signal=33%	
REACTOME_NUCLEAR_ENVELOPE_BREAKDOWN	REACTOME_NUCLEAR_ENVELOPE_BREAKDOWN		49	0.21596023	0.8418222	0.7432886	0.97427243	1.0	5446	tags=41%, list=36%, signal=64%	
BIOCARTA_LIS1_PATHWAY	BIOCARTA_LIS1_PATHWAY		18	0.2761866	0.8417566	0.6798623	0.97395337	1.0	1378	tags=17%, list=9%, signal=18%	
REACTOME_THE_ROLE_OF_GTSE1_IN_G2_M_PROGRESSION_AFTER_G2_CHECKPOINT	REACTOME_THE_ROLE_OF_GTSE1_IN_G2_M_PROGRESSION_AFTER_G2_CHECKPOINT		55	0.21614842	0.84151137	0.7384106	0.97402644	1.0	4594	tags=29%, list=30%, signal=42%	
CROONQUIST_NRAS_SIGNALING_DN	CROONQUIST_NRAS_SIGNALING_DN		65	0.20496765	0.8410118	0.76198345	0.9746875	1.0	5661	tags=34%, list=37%, signal=54%	
CROONQUIST_NRAS_VS_STROMAL_STIMULATION_UP	CROONQUIST_NRAS_VS_STROMAL_STIMULATION_UP		33	0.23406194	0.8410006	0.7037671	0.9742484	1.0	4405	tags=33%, list=29%, signal=47%	
WP_JOUBERT_SYNDROME	WP_JOUBERT_SYNDROME		71	0.20219989	0.84085387	0.77446103	0.97408134	1.0	4822	tags=37%, list=32%, signal=54%	
REACTOME_RESPIRATORY_SYNCYTIAL_VIRUS_RSV_GENOME_REPLICATION_TRANSCRIPTION_AND_TRANSLATION	REACTOME_RESPIRATORY_SYNCYTIAL_VIRUS_RSV_GENOME_REPLICATION_TRANSCRIPTION_AND_TRANSLATION		16	0.28761652	0.84068406	0.6835206	0.97402924	1.0	5	tags=6%, list=0%, signal=6%	
SAFFORD_T_LYMPHOCYTE_ANERGY	SAFFORD_T_LYMPHOCYTE_ANERGY		74	0.19712318	0.84063154	0.75757575	0.9736908	1.0	4385	tags=35%, list=29%, signal=49%	
MAGRANGEAS_MULTIPLE_MYELOMA_IGLL_VS_IGLK_UP	MAGRANGEAS_MULTIPLE_MYELOMA_IGLL_VS_IGLK_UP		34	0.23621398	0.84062785	0.7246892	0.97324026	1.0	3292	tags=29%, list=22%, signal=38%	
KANG_FLUOROURACIL_RESISTANCE_UP	KANG_FLUOROURACIL_RESISTANCE_UP		20	0.27197888	0.840416	0.6788831	0.9732549	1.0	935	tags=15%, list=6%, signal=16%	
KYNG_NORMAL_AGING_DN	KYNG_NORMAL_AGING_DN		15	0.28551626	0.8398819	0.69244605	0.9739896	1.0	5172	tags=53%, list=34%, signal=81%	
PICCALUGA_ANGIOIMMUNOBLASTIC_LYMPHOMA_DN	PICCALUGA_ANGIOIMMUNOBLASTIC_LYMPHOMA_DN		106	0.18853486	0.839843	0.7838258	0.9736117	1.0	3800	tags=26%, list=25%, signal=35%	
SETLUR_PROSTATE_CANCER_TMPRSS2_ERG_FUSION_UP	SETLUR_PROSTATE_CANCER_TMPRSS2_ERG_FUSION_UP		62	0.20682085	0.8396593	0.7504078	0.9735665	1.0	4386	tags=32%, list=29%, signal=45%	
ZHAN_MULTIPLE_MYELOMA_CD1_AND_CD2_UP	ZHAN_MULTIPLE_MYELOMA_CD1_AND_CD2_UP		83	0.19772443	0.83965373	0.7774141	0.97312	1.0	1592	tags=12%, list=11%, signal=13%	
RODRIGUES_THYROID_CARCINOMA_ANAPLASTIC_DN	RODRIGUES_THYROID_CARCINOMA_ANAPLASTIC_DN		469	0.15547155	0.83954334	0.9237968	0.97290903	1.0	1845	tags=12%, list=12%, signal=13%	
SENESE_HDAC3_TARGETS_UP	SENESE_HDAC3_TARGETS_UP		426	0.15608567	0.83942425	0.9375	0.97273415	1.0	2576	tags=15%, list=17%, signal=17%	
DURCHDEWALD_SKIN_CARCINOGENESIS_DN	DURCHDEWALD_SKIN_CARCINOGENESIS_DN		229	0.17055452	0.83875275	0.87445253	0.97375894	1.0	3654	tags=22%, list=24%, signal=29%	
ZHAN_MULTIPLE_MYELOMA_HP_UP	ZHAN_MULTIPLE_MYELOMA_HP_UP		38	0.23323718	0.8386846	0.6933798	0.9734519	1.0	3294	tags=32%, list=22%, signal=40%	
REACTOME_INACTIVATION_OF_CSF3_G_CSF_SIGNALING	REACTOME_INACTIVATION_OF_CSF3_G_CSF_SIGNALING		22	0.26412874	0.83865917	0.7033748	0.9730642	1.0	4242	tags=41%, list=28%, signal=57%	
REACTOME_DEGRADATION_OF_CRY_AND_PER_PROTEINS	REACTOME_DEGRADATION_OF_CRY_AND_PER_PROTEINS		46	0.22212835	0.83821607	0.7336683	0.9735758	1.0	4148	tags=26%, list=27%, signal=36%	
REACTOME_DNA_DAMAGE_RECOGNITION_IN_GG_NER	REACTOME_DNA_DAMAGE_RECOGNITION_IN_GG_NER		37	0.23151176	0.8380356	0.74358976	0.97350913	1.0	3979	tags=30%, list=26%, signal=40%	
NIKOLSKY_OVERCONNECTED_IN_BREAST_CANCER	NIKOLSKY_OVERCONNECTED_IN_BREAST_CANCER		16	0.28313717	0.8374393	0.6958955	0.9743786	1.0	3580	tags=44%, list=24%, signal=57%	
MATZUK_SPERMATOZOA	MATZUK_SPERMATOZOA		84	0.19434103	0.8374366	0.79769737	0.97392637	1.0	3712	tags=29%, list=25%, signal=38%	
KIM_WT1_TARGETS_UP	KIM_WT1_TARGETS_UP		192	0.17100729	0.8371882	0.8562874	0.9740097	1.0	4908	tags=33%, list=32%, signal=49%	
VANDESLUIS_COMMD1_TARGETS_GROUP_3_DN	VANDESLUIS_COMMD1_TARGETS_GROUP_3_DN		35	0.23442498	0.83574784	0.7154882	0.9766576	1.0	3032	tags=26%, list=20%, signal=32%	
COWLING_MYCN_TARGETS	COWLING_MYCN_TARGETS		39	0.22973949	0.83535844	0.7266314	0.9770456	1.0	2069	tags=21%, list=14%, signal=24%	
MAYBURD_RESPONSE_TO_L663536_DN	MAYBURD_RESPONSE_TO_L663536_DN		50	0.21224637	0.83527553	0.7606838	0.97678167	1.0	4916	tags=40%, list=33%, signal=59%	
MARTINEZ_RB1_TARGETS_DN	MARTINEZ_RB1_TARGETS_DN		463	0.15307161	0.83514315	0.94687915	0.97660667	1.0	3014	tags=20%, list=20%, signal=25%	
GRYDER_PAX3FOXO1_ENHANCERS_KO_DOWN	GRYDER_PAX3FOXO1_ENHANCERS_KO_DOWN		401	0.1572894	0.83510876	0.9224599	0.9762171	1.0	2949	tags=19%, list=20%, signal=24%	
REACTOME_MITOTIC_PROMETAPHASE	REACTOME_MITOTIC_PROMETAPHASE		187	0.16963007	0.8347065	0.880303	0.9766063	1.0	5381	tags=40%, list=36%, signal=62%	
PHONG_TNF_RESPONSE_VIA_P38_COMPLETE	PHONG_TNF_RESPONSE_VIA_P38_COMPLETE		207	0.16725673	0.8345094	0.85569984	0.9765538	1.0	2586	tags=18%, list=17%, signal=22%	
BRIDEAU_IMPRINTED_GENES	BRIDEAU_IMPRINTED_GENES		49	0.21362633	0.83433783	0.7521222	0.97645766	1.0	3563	tags=27%, list=24%, signal=35%	
REACTOME_SYNTHESIS_OF_BILE_ACIDS_AND_BILE_SALTS_VIA_7ALPHA_HYDROXYCHOLESTEROL	REACTOME_SYNTHESIS_OF_BILE_ACIDS_AND_BILE_SALTS_VIA_7ALPHA_HYDROXYCHOLESTEROL		20	0.26316538	0.8340638	0.7202925	0.97658104	1.0	4161	tags=40%, list=28%, signal=55%	
BURTON_ADIPOGENESIS_11	BURTON_ADIPOGENESIS_11		48	0.22168726	0.8336643	0.7402377	0.9770131	1.0	1076	tags=10%, list=7%, signal=11%	
WP_METHIONINE_DE_NOVO_AND_SALVAGE_PATHWAY	WP_METHIONINE_DE_NOVO_AND_SALVAGE_PATHWAY		20	0.26648194	0.8336635	0.7061856	0.97655785	1.0	3359	tags=30%, list=22%, signal=39%	
REACTOME_BRANCHED_CHAIN_AMINO_ACID_CATABOLISM	REACTOME_BRANCHED_CHAIN_AMINO_ACID_CATABOLISM		20	0.26792982	0.8330043	0.6774775	0.977515	1.0	748	tags=10%, list=5%, signal=11%	
KEGG_MEDICUS_REFERENCE_ITGA_B_RHOG_RAC_SIGNALING_PATHWAY	KEGG_MEDICUS_REFERENCE_ITGA_B_RHOG_RAC_SIGNALING_PATHWAY		27	0.25237906	0.83288395	0.7266055	0.9773253	1.0	1588	tags=15%, list=11%, signal=17%	
FERRARI_RESPONSE_TO_FENRETINIDE_UP	FERRARI_RESPONSE_TO_FENRETINIDE_UP		16	0.28602657	0.8327465	0.67286247	0.977172	1.0	4185	tags=44%, list=28%, signal=60%	
WP_COPPER_HOMEOSTASIS	WP_COPPER_HOMEOSTASIS		43	0.22263701	0.83261055	0.7584541	0.97700953	1.0	4591	tags=35%, list=30%, signal=50%	
SESTO_RESPONSE_TO_UV_C7	SESTO_RESPONSE_TO_UV_C7		59	0.2054756	0.8325415	0.75447154	0.9766852	1.0	4256	tags=25%, list=28%, signal=35%	
REACTOME_FACTORS_INVOLVED_IN_MEGAKARYOCYTE_DEVELOPMENT_AND_PLATELET_PRODUCTION	REACTOME_FACTORS_INVOLVED_IN_MEGAKARYOCYTE_DEVELOPMENT_AND_PLATELET_PRODUCTION		126	0.18196553	0.8324699	0.80062306	0.9763871	1.0	4649	tags=32%, list=31%, signal=45%	
WP_NCRNAS_IN_WNT_SIGNALING_IN_HEPATOCELLULAR_CARCINOMA	WP_NCRNAS_IN_WNT_SIGNALING_IN_HEPATOCELLULAR_CARCINOMA		76	0.1981402	0.83212155	0.76703644	0.97663987	1.0	1966	tags=18%, list=13%, signal=21%	
REACTOME_DEFECTIVE_CFTR_CAUSES_CYSTIC_FIBROSIS	REACTOME_DEFECTIVE_CFTR_CAUSES_CYSTIC_FIBROSIS		47	0.2173415	0.8319518	0.72982454	0.9765627	1.0	1844	tags=13%, list=12%, signal=14%	
HILLION_HMGA1_TARGETS	HILLION_HMGA1_TARGETS		65	0.2002774	0.83145845	0.7561779	0.9771428	1.0	3638	tags=28%, list=24%, signal=36%	
STANELLE_E2F1_TARGETS	STANELLE_E2F1_TARGETS		27	0.24504459	0.83120304	0.73241854	0.97724557	1.0	1070	tags=15%, list=7%, signal=16%	
HERNANDEZ_ABERRANT_MITOSIS_BY_DOCETACEL_4NM_UP	HERNANDEZ_ABERRANT_MITOSIS_BY_DOCETACEL_4NM_UP		17	0.2765055	0.8305367	0.7267552	0.97825545	1.0	845	tags=18%, list=6%, signal=19%	
RASHI_RESPONSE_TO_IONIZING_RADIATION_2	RASHI_RESPONSE_TO_IONIZING_RADIATION_2		100	0.1893511	0.8305117	0.79620856	0.9778441	1.0	3561	tags=26%, list=24%, signal=34%	
REACTOME_OTHER_INTERLEUKIN_SIGNALING	REACTOME_OTHER_INTERLEUKIN_SIGNALING		20	0.27233616	0.830147	0.7105263	0.97815204	1.0	5421	tags=50%, list=36%, signal=78%	
WP_OREXIN_RECEPTOR_PATHWAY	WP_OREXIN_RECEPTOR_PATHWAY		157	0.17442536	0.8300906	0.8720238	0.9778128	1.0	3671	tags=24%, list=24%, signal=32%	
PID_RAC1_REG_PATHWAY	PID_RAC1_REG_PATHWAY		36	0.22628051	0.82984215	0.75342464	0.97788626	1.0	1325	tags=17%, list=9%, signal=18%	
REACTOME_PEPTIDE_HORMONE_METABOLISM	REACTOME_PEPTIDE_HORMONE_METABOLISM		61	0.20007205	0.8297137	0.78175896	0.9776991	1.0	3862	tags=31%, list=26%, signal=42%	
BROWNE_HCMV_INFECTION_4HR_DN	BROWNE_HCMV_INFECTION_4HR_DN		215	0.16854489	0.82924694	0.8903904	0.9782506	1.0	3954	tags=30%, list=26%, signal=40%	
LEE_RECENT_THYMIC_EMIGRANT	LEE_RECENT_THYMIC_EMIGRANT		196	0.16865644	0.8292454	0.8611111	0.97780216	1.0	4625	tags=33%, list=31%, signal=47%	
AMIT_SERUM_RESPONSE_60_MCF10A	AMIT_SERUM_RESPONSE_60_MCF10A		54	0.2106902	0.82914925	0.778157	0.9775463	1.0	4261	tags=33%, list=28%, signal=46%	
CHIARADONNA_NEOPLASTIC_TRANSFORMATION_KRAS_UP	CHIARADONNA_NEOPLASTIC_TRANSFORMATION_KRAS_UP		118	0.18056555	0.8287752	0.8143526	0.97789305	1.0	3626	tags=25%, list=24%, signal=33%	
KEGG_OOCYTE_MEIOSIS	KEGG_OOCYTE_MEIOSIS		96	0.18777484	0.8284777	0.83800626	0.97804713	1.0	5296	tags=42%, list=35%, signal=64%	
BRUINS_UVC_RESPONSE_VIA_TP53_GROUP_B	BRUINS_UVC_RESPONSE_VIA_TP53_GROUP_B		481	0.15314552	0.82798326	0.94948184	0.9786607	1.0	3410	tags=21%, list=23%, signal=27%	
ENK_UV_RESPONSE_EPIDERMIS_DN	ENK_UV_RESPONSE_EPIDERMIS_DN		448	0.15369663	0.8261049	0.95079786	0.9821786	1.0	4179	tags=27%, list=28%, signal=36%	
REACTOME_CELL_CYCLE_CHECKPOINTS	REACTOME_CELL_CYCLE_CHECKPOINTS		242	0.16466716	0.82545024	0.8928047	0.98308736	1.0	4522	tags=29%, list=30%, signal=41%	
LIM_MAMMARY_LUMINAL_MATURE_DN	LIM_MAMMARY_LUMINAL_MATURE_DN		89	0.18765932	0.8253874	0.822884	0.9827616	1.0	3547	tags=26%, list=23%, signal=34%	
WENDT_COHESIN_TARGETS_UP	WENDT_COHESIN_TARGETS_UP		29	0.24309993	0.8250033	0.74398625	0.9831071	1.0	4104	tags=28%, list=27%, signal=38%	
PID_AURORA_B_PATHWAY	PID_AURORA_B_PATHWAY		37	0.22856654	0.8245758	0.73975044	0.9835178	1.0	5708	tags=54%, list=38%, signal=87%	
CHIBA_RESPONSE_TO_TSA	CHIBA_RESPONSE_TO_TSA		39	0.22279358	0.82457566	0.7651123	0.983065	1.0	4575	tags=31%, list=30%, signal=44%	
MARCINIAK_ER_STRESS_RESPONSE_VIA_CHOP	MARCINIAK_ER_STRESS_RESPONSE_VIA_CHOP		21	0.2601033	0.82452637	0.71875	0.98271745	1.0	3410	tags=38%, list=23%, signal=49%	
REACTOME_SEMA3A_PAK_DEPENDENT_AXON_REPULSION	REACTOME_SEMA3A_PAK_DEPENDENT_AXON_REPULSION		16	0.27592498	0.8244617	0.7003676	0.9824047	1.0	6018	tags=63%, list=40%, signal=104%	
WP_MELATONIN_METABOLISM_AND_EFFECTS	WP_MELATONIN_METABOLISM_AND_EFFECTS		28	0.23991509	0.824128	0.7417103	0.9826414	1.0	3509	tags=29%, list=23%, signal=37%	
BIOCARTA_ALK_PATHWAY	BIOCARTA_ALK_PATHWAY		30	0.23673368	0.82365537	0.73310226	0.98316884	1.0	3671	tags=33%, list=24%, signal=44%	
REACTOME_FCERI_MEDIATED_NF_KB_ACTIVATION	REACTOME_FCERI_MEDIATED_NF_KB_ACTIVATION		63	0.20354186	0.8235293	0.8062914	0.9829754	1.0	3534	tags=22%, list=23%, signal=29%	
WP_IL17_SIGNALING	WP_IL17_SIGNALING		25	0.24579078	0.8234644	0.7231834	0.98266	1.0	4242	tags=32%, list=28%, signal=44%	
VALK_AML_CLUSTER_11	VALK_AML_CLUSTER_11		34	0.23221502	0.8221507	0.7350993	0.98483706	1.0	1820	tags=18%, list=12%, signal=20%	
IWANAGA_CARCINOGENESIS_BY_KRAS_PTEN_DN	IWANAGA_CARCINOGENESIS_BY_KRAS_PTEN_DN		289	0.16005245	0.82203287	0.94244605	0.9846272	1.0	2030	tags=13%, list=13%, signal=15%	
REACTOME_REGULATION_OF_APOPTOSIS	REACTOME_REGULATION_OF_APOPTOSIS		39	0.22537395	0.8215647	0.7532228	0.9851182	1.0	4148	tags=26%, list=27%, signal=35%	
KEGG_TYPE_II_DIABETES_MELLITUS	KEGG_TYPE_II_DIABETES_MELLITUS		39	0.22501802	0.8215103	0.747927	0.9847768	1.0	3521	tags=31%, list=23%, signal=40%	
TURASHVILI_BREAST_LOBULAR_CARCINOMA_VS_DUCTAL_NORMAL_UP	TURASHVILI_BREAST_LOBULAR_CARCINOMA_VS_DUCTAL_NORMAL_UP		60	0.20643836	0.82142735	0.7861953	0.9844867	1.0	1785	tags=15%, list=12%, signal=17%	
KONDO_EZH2_TARGETS	KONDO_EZH2_TARGETS		192	0.16778128	0.8204151	0.8659058	0.98602974	1.0	3414	tags=23%, list=23%, signal=30%	
WP_TCELL_RECEPTOR_SIGNALING	WP_TCELL_RECEPTOR_SIGNALING		72	0.19564345	0.81897545	0.79738563	0.9884818	1.0	3848	tags=32%, list=25%, signal=43%	
ROSS_AML_OF_FAB_M7_TYPE	ROSS_AML_OF_FAB_M7_TYPE		61	0.2006674	0.81887144	0.78606963	0.98823476	1.0	1430	tags=13%, list=9%, signal=14%	
BEGUM_TARGETS_OF_PAX3_FOXO1_FUSION_DN	BEGUM_TARGETS_OF_PAX3_FOXO1_FUSION_DN		43	0.21809718	0.81832486	0.7909699	0.9889132	1.0	4897	tags=35%, list=32%, signal=51%	
MISSIAGLIA_REGULATED_BY_METHYLATION_DN	MISSIAGLIA_REGULATED_BY_METHYLATION_DN		109	0.18236113	0.8182765	0.83384615	0.988569	1.0	5176	tags=34%, list=34%, signal=51%	
REACTOME_SIGNALING_BY_EGFR	REACTOME_SIGNALING_BY_EGFR		50	0.21149963	0.8178199	0.7813505	0.9890246	1.0	2043	tags=18%, list=14%, signal=21%	
DARWICHE_SQUAMOUS_CELL_CARCINOMA_UP	DARWICHE_SQUAMOUS_CELL_CARCINOMA_UP		116	0.18208586	0.8177409	0.8396947	0.9887335	1.0	1444	tags=13%, list=10%, signal=14%	
WP_1Q211_COPY_NUMBER_VARIATION_SYNDROME	WP_1Q211_COPY_NUMBER_VARIATION_SYNDROME		21	0.26225087	0.8176563	0.73813707	0.98845685	1.0	3046	tags=24%, list=20%, signal=30%	
WP_EICOSANOID_SYNTHESIS	WP_EICOSANOID_SYNTHESIS		22	0.25881606	0.8176358	0.72545755	0.9880487	1.0	4833	tags=41%, list=32%, signal=60%	
WONG_MITOCHONDRIA_GENE_MODULE	WONG_MITOCHONDRIA_GENE_MODULE		208	0.1671417	0.81720847	0.900289	0.98844457	1.0	2117	tags=13%, list=14%, signal=14%	
CAFFAREL_RESPONSE_TO_THC_DN	CAFFAREL_RESPONSE_TO_THC_DN		27	0.23828451	0.8171477	0.7344538	0.988115	1.0	3379	tags=26%, list=22%, signal=33%	
WAKABAYASHI_ADIPOGENESIS_PPARG_RXRA_BOUND_WITH_H4K20ME1_MARK	WAKABAYASHI_ADIPOGENESIS_PPARG_RXRA_BOUND_WITH_H4K20ME1_MARK		131	0.1753131	0.8164281	0.86535555	0.9890859	1.0	1741	tags=14%, list=12%, signal=15%	
LANDIS_BREAST_CANCER_PROGRESSION_UP	LANDIS_BREAST_CANCER_PROGRESSION_UP		40	0.2210575	0.8157693	0.7550676	0.9899668	1.0	4629	tags=40%, list=31%, signal=58%	
WP_17Q12_COPY_NUMBER_VARIATION_SYNDROME	WP_17Q12_COPY_NUMBER_VARIATION_SYNDROME		67	0.19520216	0.8153653	0.8433735	0.99032074	1.0	2891	tags=25%, list=19%, signal=31%	
REACTOME_DNA_DOUBLE_STRAND_BREAK_REPAIR	REACTOME_DNA_DOUBLE_STRAND_BREAK_REPAIR		137	0.17491241	0.8152615	0.8713018	0.9900812	1.0	3919	tags=26%, list=26%, signal=35%	
WP_G13_SIGNALING	WP_G13_SIGNALING		33	0.22988622	0.8152615	0.74453783	0.989631	1.0	1210	tags=12%, list=8%, signal=13%	
TOOKER_GEMCITABINE_RESISTANCE_DN	TOOKER_GEMCITABINE_RESISTANCE_DN		110	0.18150781	0.81521606	0.8606557	0.98927164	1.0	1836	tags=13%, list=12%, signal=14%	
REACTOME_DISEASES_ASSOCIATED_WITH_GLYCOSYLATION_PRECURSOR_BIOSYNTHESIS	REACTOME_DISEASES_ASSOCIATED_WITH_GLYCOSYLATION_PRECURSOR_BIOSYNTHESIS		16	0.2786992	0.8150559	0.7172285	0.98915017	1.0	3970	tags=25%, list=26%, signal=34%	
APRELIKOVA_BRCA1_TARGETS	APRELIKOVA_BRCA1_TARGETS		41	0.21789953	0.81387764	0.7673611	0.99101746	1.0	2798	tags=17%, list=19%, signal=21%	
WORSCHECH_TUMOR_REJECTION_UP	WORSCHECH_TUMOR_REJECTION_UP		36	0.2276777	0.813784	0.76441514	0.99074656	1.0	3850	tags=33%, list=25%, signal=45%	
WATANABE_RECTAL_CANCER_RADIOTHERAPY_RESPONSIVE_UP	WATANABE_RECTAL_CANCER_RADIOTHERAPY_RESPONSIVE_UP		99	0.18196255	0.81327105	0.8397436	0.99130666	1.0	4235	tags=28%, list=28%, signal=39%	
ABBUD_LIF_SIGNALING_1_DN	ABBUD_LIF_SIGNALING_1_DN		25	0.24410766	0.8132014	0.7428088	0.9909873	1.0	2401	tags=24%, list=16%, signal=28%	
PID_EPO_PATHWAY	PID_EPO_PATHWAY		31	0.23011598	0.81241274	0.7858407	0.99203944	1.0	1511	tags=16%, list=10%, signal=18%	
DELACROIX_RARG_BOUND_MEF	DELACROIX_RARG_BOUND_MEF		325	0.15634905	0.8123488	0.9521127	0.9917092	1.0	2563	tags=16%, list=17%, signal=19%	
WP_CELL_CYCLE	WP_CELL_CYCLE		102	0.18360926	0.81225157	0.8375796	0.9914582	1.0	5273	tags=38%, list=35%, signal=58%	
KEGG_CELL_CYCLE	KEGG_CELL_CYCLE		106	0.18091536	0.8118861	0.8113208	0.991696	1.0	5273	tags=39%, list=35%, signal=59%	
RAMASWAMY_METASTASIS_DN	RAMASWAMY_METASTASIS_DN		46	0.21166846	0.8118061	0.77186966	0.9914007	1.0	3378	tags=26%, list=22%, signal=33%	
WP_CANNABINOID_RECEPTOR_SIGNALING	WP_CANNABINOID_RECEPTOR_SIGNALING		22	0.2576249	0.81171066	0.7327273	0.99111676	1.0	4259	tags=36%, list=28%, signal=51%	
KANNAN_TP53_TARGETS_UP	KANNAN_TP53_TARGETS_UP		50	0.20982225	0.81161565	0.7937807	0.99086016	1.0	1836	tags=14%, list=12%, signal=16%	
REACTOME_AURKA_ACTIVATION_BY_TPX2	REACTOME_AURKA_ACTIVATION_BY_TPX2		69	0.19526209	0.81144416	0.815	0.99073756	1.0	4672	tags=39%, list=31%, signal=56%	
YAO_HOXA10_TARGETS_VIA_PROGESTERONE_UP	YAO_HOXA10_TARGETS_VIA_PROGESTERONE_UP		66	0.19635865	0.811407	0.8151815	0.99035716	1.0	3605	tags=26%, list=24%, signal=34%	
SCHAEFFER_SOX9_TARGETS_IN_PROSTATE_DEVELOPMENT_UP	SCHAEFFER_SOX9_TARGETS_IN_PROSTATE_DEVELOPMENT_UP		21	0.2574514	0.8111509	0.7521515	0.9903879	1.0	4660	tags=48%, list=31%, signal=69%	
WP_15Q133_COPY_NUMBER_VARIATION_SYNDROME	WP_15Q133_COPY_NUMBER_VARIATION_SYNDROME		17	0.2716845	0.8109323	0.74538743	0.99033415	1.0	4461	tags=47%, list=30%, signal=67%	
REACTOME_RECRUITMENT_OF_NUMA_TO_MITOTIC_CENTROSOMES	REACTOME_RECRUITMENT_OF_NUMA_TO_MITOTIC_CENTROSOMES		85	0.18687154	0.8107617	0.838765	0.99021965	1.0	4692	tags=36%, list=31%, signal=53%	
REACTOME_CONSTITUTIVE_SIGNALING_BY_ABERRANT_PI3K_IN_CANCER	REACTOME_CONSTITUTIVE_SIGNALING_BY_ABERRANT_PI3K_IN_CANCER		70	0.19582859	0.81073695	0.8241206	0.9898139	1.0	3911	tags=33%, list=26%, signal=44%	
WP_TYROSINE_KINASE_INHIBITORS_IN_GLIOBLASTOMA	WP_TYROSINE_KINASE_INHIBITORS_IN_GLIOBLASTOMA		20	0.25829223	0.81041616	0.7298748	0.98995465	1.0	262	tags=10%, list=2%, signal=10%	
REACTOME_ECM_PROTEOGLYCANS	REACTOME_ECM_PROTEOGLYCANS		67	0.19829431	0.8103866	0.80537975	0.9895558	1.0	3010	tags=22%, list=20%, signal=28%	
PID_FGF_PATHWAY	PID_FGF_PATHWAY		46	0.2102754	0.81007624	0.77483445	0.9896786	1.0	2077	tags=20%, list=14%, signal=23%	
BOYLAN_MULTIPLE_MYELOMA_D_UP	BOYLAN_MULTIPLE_MYELOMA_D_UP		80	0.19058895	0.80986446	0.8250825	0.98962903	1.0	3333	tags=23%, list=22%, signal=29%	
PEART_HDAC_PROLIFERATION_CLUSTER_DN	PEART_HDAC_PROLIFERATION_CLUSTER_DN		61	0.19976562	0.80949926	0.8088235	0.98989046	1.0	3430	tags=23%, list=23%, signal=30%	
MCCLUNG_DELTA_FOSB_TARGETS_2WK	MCCLUNG_DELTA_FOSB_TARGETS_2WK		45	0.21263748	0.8092342	0.7979094	0.9899554	1.0	3923	tags=29%, list=26%, signal=39%	
SARTIPY_BLUNTED_BY_INSULIN_RESISTANCE_UP	SARTIPY_BLUNTED_BY_INSULIN_RESISTANCE_UP		16	0.27673882	0.80893236	0.72289157	0.990063	1.0	4514	tags=44%, list=30%, signal=62%	
ICHIBA_GRAFT_VERSUS_HOST_DISEASE_D7_DN	ICHIBA_GRAFT_VERSUS_HOST_DISEASE_D7_DN		32	0.22808859	0.80818546	0.7414383	0.9910469	1.0	2890	tags=25%, list=19%, signal=31%	
REACTOME_FORMATION_OF_TUBULIN_FOLDING_INTERMEDIATES_BY_CCT_TRIC	REACTOME_FORMATION_OF_TUBULIN_FOLDING_INTERMEDIATES_BY_CCT_TRIC		20	0.26151863	0.8078037	0.7368421	0.9913082	1.0	2632	tags=25%, list=17%, signal=30%	
LIN_TUMOR_ESCAPE_FROM_IMMUNE_ATTACK	LIN_TUMOR_ESCAPE_FROM_IMMUNE_ATTACK		15	0.28044006	0.8077371	0.71428573	0.9909879	1.0	4609	tags=53%, list=31%, signal=77%	
WP_NEURAL_CREST_CELL_MIGRATION_DURING_DEVELOPMENT	WP_NEURAL_CREST_CELL_MIGRATION_DURING_DEVELOPMENT		33	0.22587797	0.8073024	0.7686703	0.99136716	1.0	3649	tags=33%, list=24%, signal=44%	
LI_ESTROGENE_EARLY_E2_RESPONSE_UP	LI_ESTROGENE_EARLY_E2_RESPONSE_UP		79	0.18959089	0.80716944	0.8352	0.9911653	1.0	1394	tags=13%, list=9%, signal=14%	
KENNY_CTNNB1_TARGETS_UP	KENNY_CTNNB1_TARGETS_UP		45	0.21420655	0.8063084	0.77557755	0.9922772	1.0	2208	tags=18%, list=15%, signal=21%	
REACTOME_G1_S_DNA_DAMAGE_CHECKPOINTS	REACTOME_G1_S_DNA_DAMAGE_CHECKPOINTS		48	0.21018285	0.80599624	0.7986577	0.99240035	1.0	4148	tags=27%, list=27%, signal=37%	
REACTOME_RSV_HOST_INTERACTIONS	REACTOME_RSV_HOST_INTERACTIONS		75	0.18959081	0.80576754	0.864486	0.99239886	1.0	3981	tags=31%, list=26%, signal=41%	
REACTOME_METABOLISM_OF_FAT_SOLUBLE_VITAMINS	REACTOME_METABOLISM_OF_FAT_SOLUBLE_VITAMINS		34	0.22466147	0.8054378	0.7713787	0.992591	1.0	4161	tags=38%, list=28%, signal=53%	
JAZAG_TGFB1_SIGNALING_DN	JAZAG_TGFB1_SIGNALING_DN		29	0.23813872	0.8054099	0.7729636	0.9922044	1.0	4792	tags=38%, list=32%, signal=55%	
WP_ACUTE_MYELOID_LEUKEMIA	WP_ACUTE_MYELOID_LEUKEMIA		56	0.2031222	0.805309	0.7761194	0.99194264	1.0	953	tags=11%, list=6%, signal=11%	
PID_ARF6_DOWNSTREAM_PATHWAY	PID_ARF6_DOWNSTREAM_PATHWAY		15	0.27864984	0.8052992	0.73616236	0.99151653	1.0	2476	tags=27%, list=16%, signal=32%	
MORI_MATURE_B_LYMPHOCYTE_UP	MORI_MATURE_B_LYMPHOCYTE_UP		76	0.19082907	0.80504066	0.835	0.991552	1.0	1845	tags=16%, list=12%, signal=18%	
GROSS_HYPOXIA_VIA_ELK3_AND_HIF1A_UP	GROSS_HYPOXIA_VIA_ELK3_AND_HIF1A_UP		129	0.17518781	0.80480605	0.86234176	0.99155515	1.0	2675	tags=20%, list=18%, signal=24%	
GHANDHI_DIRECT_IRRADIATION_UP	GHANDHI_DIRECT_IRRADIATION_UP		94	0.18008986	0.8035681	0.8566929	0.99337023	1.0	1218	tags=12%, list=8%, signal=13%	
REACTOME_SIGNALING_BY_THE_B_CELL_RECEPTOR_BCR	REACTOME_SIGNALING_BY_THE_B_CELL_RECEPTOR_BCR		88	0.18702254	0.8034113	0.83413076	0.99323165	1.0	4200	tags=27%, list=28%, signal=38%	
WP_CYTOSOLIC_DNASENSING_PATHWAY	WP_CYTOSOLIC_DNASENSING_PATHWAY		50	0.20692436	0.8032381	0.79632723	0.9931131	1.0	2139	tags=16%, list=14%, signal=19%	
RODRIGUES_THYROID_CARCINOMA_DN	RODRIGUES_THYROID_CARCINOMA_DN		69	0.19530433	0.80318505	0.8155488	0.9927709	1.0	2259	tags=17%, list=15%, signal=20%	
WP_SARSCOV2_INNATE_IMMUNITY_EVASION_AND_CELLSPECIFIC_IMMUNE_RESPONSE	WP_SARSCOV2_INNATE_IMMUNITY_EVASION_AND_CELLSPECIFIC_IMMUNE_RESPONSE		50	0.20898788	0.80292594	0.79635763	0.99279666	1.0	3558	tags=28%, list=24%, signal=37%	
LENAOUR_DENDRITIC_CELL_MATURATION_UP	LENAOUR_DENDRITIC_CELL_MATURATION_UP		96	0.18159848	0.8028942	0.84984523	0.9924089	1.0	2925	tags=20%, list=19%, signal=24%	
PIONTEK_PKD1_TARGETS_UP	PIONTEK_PKD1_TARGETS_UP		32	0.22868158	0.80226934	0.7557522	0.9931146	1.0	4261	tags=31%, list=28%, signal=43%	
FERRANDO_T_ALL_WITH_MLL_ENL_FUSION_DN	FERRANDO_T_ALL_WITH_MLL_ENL_FUSION_DN		77	0.1878745	0.8015547	0.84006464	0.99401265	1.0	4303	tags=32%, list=28%, signal=45%	
REACTOME_NCAM_SIGNALING_FOR_NEURITE_OUT_GROWTH	REACTOME_NCAM_SIGNALING_FOR_NEURITE_OUT_GROWTH		53	0.20423162	0.8011794	0.8052174	0.9942536	1.0	4094	tags=28%, list=27%, signal=39%	
BIOCARTA_CELLCYCLE_PATHWAY	BIOCARTA_CELLCYCLE_PATHWAY		20	0.253503	0.800566	0.7540395	0.99486345	1.0	4829	tags=35%, list=32%, signal=51%	
YAGI_AML_WITH_T_9_11_TRANSLOCATION	YAGI_AML_WITH_T_9_11_TRANSLOCATION		114	0.17657512	0.80042565	0.8500797	0.9946885	1.0	2986	tags=20%, list=20%, signal=25%	
BIOCARTA_HIVNEF_PATHWAY	BIOCARTA_HIVNEF_PATHWAY		49	0.20836908	0.8002656	0.80936456	0.99453264	1.0	2699	tags=24%, list=18%, signal=30%	
GROSS_HYPOXIA_VIA_ELK3_ONLY_UP	GROSS_HYPOXIA_VIA_ELK3_ONLY_UP		30	0.2260566	0.800016	0.781362	0.99453485	1.0	2096	tags=20%, list=14%, signal=23%	
REACTOME_MET_ACTIVATES_PTK2_SIGNALING	REACTOME_MET_ACTIVATES_PTK2_SIGNALING		29	0.23542486	0.7992413	0.7789661	0.9954601	1.0	1666	tags=14%, list=11%, signal=15%	
WANG_SMARCE1_TARGETS_DN	WANG_SMARCE1_TARGETS_DN		339	0.15250707	0.79892397	0.9726027	0.9955806	1.0	3742	tags=23%, list=25%, signal=30%	
CHIARADONNA_NEOPLASTIC_TRANSFORMATION_CDC25_DN	CHIARADONNA_NEOPLASTIC_TRANSFORMATION_CDC25_DN		130	0.17301825	0.7989029	0.899361	0.99517924	1.0	2417	tags=17%, list=16%, signal=20%	
BIOCARTA_PPARA_PATHWAY	BIOCARTA_PPARA_PATHWAY		38	0.21545346	0.7988746	0.78522336	0.99478644	1.0	3436	tags=24%, list=23%, signal=31%	
REACTOME_INTERLEUKIN_1_FAMILY_SIGNALING	REACTOME_INTERLEUKIN_1_FAMILY_SIGNALING		120	0.17352794	0.79880697	0.88235295	0.9944706	1.0	4152	tags=28%, list=27%, signal=38%	
DARWICHE_PAPILLOMA_RISK_HIGH_UP	DARWICHE_PAPILLOMA_RISK_HIGH_UP		116	0.17452572	0.79876024	0.8853211	0.99411845	1.0	3118	tags=22%, list=21%, signal=28%	
YAO_TEMPORAL_RESPONSE_TO_PROGESTERONE_CLUSTER_13	YAO_TEMPORAL_RESPONSE_TO_PROGESTERONE_CLUSTER_13		171	0.162931	0.79847544	0.92145014	0.9942098	1.0	1862	tags=12%, list=12%, signal=14%	
LEE_AGING_CEREBELLUM_UP	LEE_AGING_CEREBELLUM_UP		65	0.19654584	0.7980724	0.8220758	0.99449563	1.0	2139	tags=15%, list=14%, signal=18%	
WP_GLYCEROPHOSPHOLIPID_BIOSYNTHETIC_PATHWAY	WP_GLYCEROPHOSPHOLIPID_BIOSYNTHETIC_PATHWAY		28	0.23319803	0.7980208	0.7731239	0.9941459	1.0	3849	tags=36%, list=25%, signal=48%	
GRADE_COLON_VS_RECTAL_CANCER_UP	GRADE_COLON_VS_RECTAL_CANCER_UP		32	0.22814012	0.7978582	0.7989691	0.9940064	1.0	1543	tags=16%, list=10%, signal=17%	
WP_TRANSCRIPTION_COFACTORS_SKI_AND_SKIL_PROTEIN_PARTNERS	WP_TRANSCRIPTION_COFACTORS_SKI_AND_SKIL_PROTEIN_PARTNERS		15	0.2744537	0.79760516	0.74285716	0.9940285	1.0	4317	tags=40%, list=29%, signal=56%	
REACTOME_EXPORT_OF_VIRAL_RIBONUCLEOPROTEINS_FROM_NUCLEUS	REACTOME_EXPORT_OF_VIRAL_RIBONUCLEOPROTEINS_FROM_NUCLEUS		31	0.2279234	0.79730886	0.76827097	0.9941191	1.0	2976	tags=23%, list=20%, signal=28%	
HALMOS_CEBPA_TARGETS_DN	HALMOS_CEBPA_TARGETS_DN		40	0.21253285	0.7971433	0.81383854	0.993956	1.0	1832	tags=15%, list=12%, signal=17%	
DOANE_RESPONSE_TO_ANDROGEN_DN	DOANE_RESPONSE_TO_ANDROGEN_DN		217	0.16031203	0.79607266	0.93078053	0.9953476	1.0	3024	tags=19%, list=20%, signal=24%	
OHM_METHYLATED_IN_ADULT_CANCERS	OHM_METHYLATED_IN_ADULT_CANCERS		22	0.24989349	0.79599404	0.7361854	0.99505514	1.0	4625	tags=41%, list=31%, signal=59%	
COLLER_MYC_TARGETS_UP	COLLER_MYC_TARGETS_UP		24	0.24875131	0.7958347	0.785461	0.99490315	1.0	3871	tags=29%, list=26%, signal=39%	
MIKKELSEN_IPS_HCP_WITH_H3_UNMETHYLATED	MIKKELSEN_IPS_HCP_WITH_H3_UNMETHYLATED		50	0.20627245	0.7957676	0.8159722	0.99457765	1.0	4418	tags=42%, list=29%, signal=59%	
TRAYNOR_RETT_SYNDROM_UP	TRAYNOR_RETT_SYNDROM_UP		38	0.21897198	0.7943376	0.8119508	0.9966462	1.0	3451	tags=32%, list=23%, signal=41%	
WAMUNYOKOLI_OVARIAN_CANCER_LMP_DN	WAMUNYOKOLI_OVARIAN_CANCER_LMP_DN		185	0.16340162	0.7943052	0.9328358	0.9962623	1.0	4258	tags=30%, list=28%, signal=41%	
SHIPP_DLBCL_CURED_VS_FATAL_UP	SHIPP_DLBCL_CURED_VS_FATAL_UP		33	0.22363465	0.79415756	0.78664196	0.99607414	1.0	3507	tags=30%, list=23%, signal=39%	
WP_IMMUNE_INFILTRATION_IN_PANCREATIC_CANCER	WP_IMMUNE_INFILTRATION_IN_PANCREATIC_CANCER		24	0.23926134	0.7940186	0.7686703	0.99586326	1.0	3835	tags=29%, list=25%, signal=39%	
RICKMAN_HEAD_AND_NECK_CANCER_F	RICKMAN_HEAD_AND_NECK_CANCER_F		43	0.21139333	0.7916616	0.79966885	0.9995126	1.0	3892	tags=35%, list=26%, signal=47%	
BRUNO_HEMATOPOIESIS	BRUNO_HEMATOPOIESIS		55	0.20320356	0.79163307	0.8373288	0.9991244	1.0	5202	tags=40%, list=34%, signal=61%	
JECHLINGER_EPITHELIAL_TO_MESENCHYMAL_TRANSITION_DN	JECHLINGER_EPITHELIAL_TO_MESENCHYMAL_TRANSITION_DN		52	0.20145282	0.7911852	0.8067797	0.9994405	1.0	2937	tags=23%, list=19%, signal=29%	
REACTOME_HEDGEHOG_LIGAND_BIOGENESIS	REACTOME_HEDGEHOG_LIGAND_BIOGENESIS		50	0.202457	0.79111487	0.8071066	0.99912554	1.0	4148	tags=26%, list=27%, signal=36%	
RASHI_RESPONSE_TO_IONIZING_RADIATION_6	RASHI_RESPONSE_TO_IONIZING_RADIATION_6		58	0.19602159	0.79060423	0.8432709	0.99954176	1.0	4518	tags=38%, list=30%, signal=54%	
PULVER_FOREY_CELLCYCLE_PEAKING_LG1	PULVER_FOREY_CELLCYCLE_PEAKING_LG1		349	0.15138347	0.7901397	0.9688347	0.9998683	1.0	4094	tags=27%, list=27%, signal=36%	
KEGG_MEDICUS_REFERENCE_WNT_SIGNALING_MODULATION_LGR_RSPO	KEGG_MEDICUS_REFERENCE_WNT_SIGNALING_MODULATION_LGR_RSPO		18	0.269901	0.78999573	0.7765958	0.99968725	1.0	2491	tags=28%, list=16%, signal=33%	
PROVENZANI_METASTASIS_UP	PROVENZANI_METASTASIS_UP		184	0.16159222	0.78998935	0.9178674	0.99925953	1.0	4272	tags=26%, list=28%, signal=36%	
ROVERSI_GLIOMA_LOH_REGIONS	ROVERSI_GLIOMA_LOH_REGIONS		34	0.22362205	0.78978807	0.8003472	0.99917495	1.0	4446	tags=35%, list=29%, signal=50%	
KEGG_MEDICUS_REFERENCE_CONDENSIN_LOADING	KEGG_MEDICUS_REFERENCE_CONDENSIN_LOADING		19	0.26133427	0.78934085	0.73320895	0.99949825	1.0	5324	tags=53%, list=35%, signal=81%	
LEE_DOUBLE_POLAR_THYMOCYTE	LEE_DOUBLE_POLAR_THYMOCYTE		22	0.24994546	0.78909224	0.7773913	0.99948436	1.0	1667	tags=23%, list=11%, signal=26%	
LAMB_CCND1_TARGETS	LAMB_CCND1_TARGETS		18	0.26041228	0.7889251	0.76448596	0.9993117	1.0	3551	tags=28%, list=24%, signal=36%	
MAHADEVAN_IMATINIB_RESISTANCE_UP	MAHADEVAN_IMATINIB_RESISTANCE_UP		16	0.2694438	0.78869313	0.74956524	0.9992604	1.0	1912	tags=25%, list=13%, signal=29%	
OKUMURA_INFLAMMATORY_RESPONSE_LPS	OKUMURA_INFLAMMATORY_RESPONSE_LPS		151	0.16714449	0.78829426	0.9130435	0.9994867	1.0	1472	tags=12%, list=10%, signal=13%	
REACTOME_NR1H3_NR1H2_REGULATE_GENE_EXPRESSION_LINKED_TO_CHOLESTEROL_TRANSPORT_AND_EFFLUX	REACTOME_NR1H3_NR1H2_REGULATE_GENE_EXPRESSION_LINKED_TO_CHOLESTEROL_TRANSPORT_AND_EFFLUX		28	0.23299623	0.78812623	0.78975266	0.99930817	1.0	41	tags=7%, list=0%, signal=7%	
TONKS_TARGETS_OF_RUNX1_RUNX1T1_FUSION_SUSTAINED_IN_MONOCYTE_UP	TONKS_TARGETS_OF_RUNX1_RUNX1T1_FUSION_SUSTAINED_IN_MONOCYTE_UP		19	0.25676015	0.78801596	0.7670251	0.99906385	1.0	4281	tags=47%, list=28%, signal=66%	
WHITFIELD_CELL_CYCLE_G2	WHITFIELD_CELL_CYCLE_G2		148	0.1673939	0.78770924	0.9224924	0.9991574	1.0	4037	tags=25%, list=27%, signal=34%	
REACTOME_CYTOPROTECTION_BY_HMOX1	REACTOME_CYTOPROTECTION_BY_HMOX1		46	0.20545481	0.787511	0.79541737	0.99906135	1.0	4544	tags=33%, list=30%, signal=46%	
KAYO_CALORIE_RESTRICTION_MUSCLE_UP	KAYO_CALORIE_RESTRICTION_MUSCLE_UP		76	0.18710116	0.7868661	0.8489666	0.999728	1.0	3241	tags=21%, list=21%, signal=27%	
SHEDDEN_LUNG_CANCER_POOR_SURVIVAL_A6	SHEDDEN_LUNG_CANCER_POOR_SURVIVAL_A6		419	0.14820725	0.78660524	0.98507464	0.9997177	1.0	5259	tags=33%, list=35%, signal=49%	
HARRIS_BRAIN_CANCER_PROGENITORS	HARRIS_BRAIN_CANCER_PROGENITORS		38	0.21430369	0.7864882	0.81867146	0.9994833	1.0	1508	tags=16%, list=10%, signal=17%	
REACTOME_MOLECULES_ASSOCIATED_WITH_ELASTIC_FIBRES	REACTOME_MOLECULES_ASSOCIATED_WITH_ELASTIC_FIBRES		35	0.22346817	0.7863332	0.7952623	0.9993042	1.0	3032	tags=23%, list=20%, signal=29%	
HATADA_METHYLATED_IN_LUNG_CANCER_DN	HATADA_METHYLATED_IN_LUNG_CANCER_DN		28	0.23206669	0.78632975	0.7763636	0.9988742	1.0	4127	tags=43%, list=27%, signal=59%	
CHO_NR4A1_TARGETS	CHO_NR4A1_TARGETS		22	0.24566725	0.78616583	0.7685665	0.9987041	1.0	1836	tags=18%, list=12%, signal=21%	
KEGG_MEDICUS_VARIANT_SCRAPIE_CONFORMATION_PRPSC_TO_26S_PROTEASOME_MEDIATED_PROTEIN_DEGRADATION	KEGG_MEDICUS_VARIANT_SCRAPIE_CONFORMATION_PRPSC_TO_26S_PROTEASOME_MEDIATED_PROTEIN_DEGRADATION		34	0.2212788	0.7856795	0.80375427	0.99907523	1.0	4148	tags=24%, list=27%, signal=32%	
MCMURRAY_TP53_HRAS_COOPERATION_RESPONSE_UP	MCMURRAY_TP53_HRAS_COOPERATION_RESPONSE_UP		22	0.24377154	0.7853627	0.7810219	0.9991563	1.0	3384	tags=27%, list=22%, signal=35%	
HAN_JNK_SINGALING_DN	HAN_JNK_SINGALING_DN		35	0.21818654	0.7850653	0.8010753	0.99923176	1.0	3845	tags=29%, list=25%, signal=38%	
ZIRN_TRETINOIN_RESPONSE_UP	ZIRN_TRETINOIN_RESPONSE_UP		17	0.26651567	0.7850223	0.7427101	0.99886644	1.0	1360	tags=18%, list=9%, signal=19%	
BIOCARTA_GH_PATHWAY	BIOCARTA_GH_PATHWAY		26	0.22994076	0.78446156	0.8032787	0.9993299	1.0	4242	tags=38%, list=28%, signal=53%	
PUJANA_XPRSS_INT_NETWORK	PUJANA_XPRSS_INT_NETWORK		148	0.16485117	0.7841464	0.92716235	0.99940956	1.0	5273	tags=34%, list=35%, signal=51%	
PID_UPA_UPAR_PATHWAY	PID_UPA_UPAR_PATHWAY		35	0.21919517	0.7838112	0.7880342	0.9995128	1.0	5063	tags=40%, list=34%, signal=60%	
REACTOME_DNA_REPLICATION_PRE_INITIATION	REACTOME_DNA_REPLICATION_PRE_INITIATION		121	0.17086436	0.7836512	0.89616615	0.99934036	1.0	4522	tags=29%, list=30%, signal=41%	
REACTOME_CDC42_GTPASE_CYCLE	REACTOME_CDC42_GTPASE_CYCLE		145	0.16666338	0.78353256	0.9304085	0.9990921	1.0	3464	tags=23%, list=23%, signal=30%	
REACTOME_COBALAMIN_CBL_VITAMIN_B12_TRANSPORT_AND_METABOLISM	REACTOME_COBALAMIN_CBL_VITAMIN_B12_TRANSPORT_AND_METABOLISM		17	0.2621492	0.7834174	0.7495396	0.9988597	1.0	2942	tags=29%, list=19%, signal=36%	
GARGALOVIC_RESPONSE_TO_OXIDIZED_PHOSPHOLIPIDS_GREEN_UP	GARGALOVIC_RESPONSE_TO_OXIDIZED_PHOSPHOLIPIDS_GREEN_UP		24	0.23520932	0.78337127	0.78842676	0.9984924	1.0	845	tags=13%, list=6%, signal=13%	
KEGG_MEDICUS_REFERENCE_ITGA_B_FAK_RAC_SIGNALING_PATHWAY	KEGG_MEDICUS_REFERENCE_ITGA_B_FAK_RAC_SIGNALING_PATHWAY		29	0.22713296	0.7830388	0.78086954	0.9985818	1.0	1588	tags=14%, list=11%, signal=15%	
REACTOME_TGF_BETA_RECEPTOR_SIGNALING_ACTIVATES_SMADS	REACTOME_TGF_BETA_RECEPTOR_SIGNALING_ACTIVATES_SMADS		41	0.20766146	0.7830107	0.8241379	0.99818933	1.0	2936	tags=20%, list=19%, signal=24%	
TONKS_TARGETS_OF_RUNX1_RUNX1T1_FUSION_GRANULOCYTE_UP	TONKS_TARGETS_OF_RUNX1_RUNX1T1_FUSION_GRANULOCYTE_UP		47	0.20174417	0.78237355	0.8330632	0.9987878	1.0	3923	tags=30%, list=26%, signal=40%	
LEE_TARGETS_OF_PTCH1_AND_SUFU_UP	LEE_TARGETS_OF_PTCH1_AND_SUFU_UP		47	0.20317489	0.7821824	0.8412969	0.9986633	1.0	4829	tags=43%, list=32%, signal=62%	
REACTOME_G1_S_SPECIFIC_TRANSCRIPTION	REACTOME_G1_S_SPECIFIC_TRANSCRIPTION		27	0.23178014	0.7821557	0.81454545	0.9982794	1.0	5953	tags=48%, list=39%, signal=79%	
TURASHVILI_BREAST_DUCTAL_CARCINOMA_VS_DUCTAL_NORMAL_UP	TURASHVILI_BREAST_DUCTAL_CARCINOMA_VS_DUCTAL_NORMAL_UP		41	0.21057114	0.78176177	0.82214767	0.9984698	1.0	4611	tags=32%, list=31%, signal=46%	
REACTOME_NEPHRIN_FAMILY_INTERACTIONS	REACTOME_NEPHRIN_FAMILY_INTERACTIONS		17	0.26472378	0.78151274	0.7839286	0.9984403	1.0	3848	tags=41%, list=25%, signal=55%	
PID_EPHB_FWD_PATHWAY	PID_EPHB_FWD_PATHWAY		39	0.21080816	0.7810328	0.81755596	0.9987788	1.0	2474	tags=18%, list=16%, signal=21%	
REACTOME_INTERCONVERSION_OF_NUCLEOTIDE_DI_AND_TRIPHOSPHATES	REACTOME_INTERCONVERSION_OF_NUCLEOTIDE_DI_AND_TRIPHOSPHATES		29	0.22742876	0.7796856	0.8017094	1.0	1.0	5745	tags=45%, list=38%, signal=72%	
WP_HAIR_FOLLICLE_DEVELOPMENT_ORGANOGENESIS_STAGE_2_OF_3	WP_HAIR_FOLLICLE_DEVELOPMENT_ORGANOGENESIS_STAGE_2_OF_3		28	0.22761253	0.7792477	0.816609	1.0	1.0	1876	tags=18%, list=12%, signal=20%	
YAMAZAKI_TCEB3_TARGETS_DN	YAMAZAKI_TCEB3_TARGETS_DN		177	0.16089089	0.77889746	0.92835367	1.0	1.0	4720	tags=31%, list=31%, signal=44%	
KEGG_ONE_CARBON_POOL_BY_FOLATE	KEGG_ONE_CARBON_POOL_BY_FOLATE		15	0.26945883	0.7786395	0.7627416	1.0	1.0	4256	tags=33%, list=28%, signal=46%	
REACTOME_NUCLEOTIDE_BINDING_DOMAIN_LEUCINE_RICH_REPEAT_CONTAINING_RECEPTOR_NLR_SIGNALING_PATHWAYS	REACTOME_NUCLEOTIDE_BINDING_DOMAIN_LEUCINE_RICH_REPEAT_CONTAINING_RECEPTOR_NLR_SIGNALING_PATHWAYS		49	0.19870454	0.77863115	0.8293919	1.0	1.0	3601	tags=27%, list=24%, signal=35%	
SWEET_KRAS_TARGETS_DN	SWEET_KRAS_TARGETS_DN		53	0.19705267	0.7785593	0.8597973	1.0	1.0	5675	tags=38%, list=38%, signal=60%	
STAMBOLSKY_RESPONSE_TO_VITAMIN_D3_DN	STAMBOLSKY_RESPONSE_TO_VITAMIN_D3_DN		21	0.24568789	0.77836084	0.80144405	0.9999484	1.0	1662	tags=19%, list=11%, signal=21%	
WP_OVERLAP_BETWEEN_SIGNAL_TRANSDUCTION_PATHWAYS_CONTRIBUTING_TO_LMNA_LAMINOPATHIES	WP_OVERLAP_BETWEEN_SIGNAL_TRANSDUCTION_PATHWAYS_CONTRIBUTING_TO_LMNA_LAMINOPATHIES		43	0.20484388	0.7783331	0.8202614	0.99956036	1.0	2596	tags=19%, list=17%, signal=22%	
PID_ERBB4_PATHWAY	PID_ERBB4_PATHWAY		31	0.22026259	0.7782422	0.78074867	0.9992687	1.0	4814	tags=42%, list=32%, signal=61%	
REACTOME_DAG_AND_IP3_SIGNALING	REACTOME_DAG_AND_IP3_SIGNALING		37	0.21198916	0.7780024	0.8245614	0.9992153	1.0	1470	tags=14%, list=10%, signal=15%	
REACTOME_FANCONI_ANEMIA_PATHWAY	REACTOME_FANCONI_ANEMIA_PATHWAY		36	0.2148799	0.7764017	0.81727576	1.0	1.0	2798	tags=19%, list=19%, signal=24%	
REACTOME_CO_INHIBITION_BY_PD_1	REACTOME_CO_INHIBITION_BY_PD_1		15	0.26850408	0.7760604	0.77378815	1.0	1.0	2981	tags=27%, list=20%, signal=33%	
KEGG_MEDICUS_REFERENCE_TELOMERE_ELONGATION	KEGG_MEDICUS_REFERENCE_TELOMERE_ELONGATION		16	0.2624894	0.7752012	0.76243097	1.0	1.0	1053	tags=13%, list=7%, signal=13%	
LIN_MELANOMA_COPY_NUMBER_UP	LIN_MELANOMA_COPY_NUMBER_UP		62	0.18914768	0.77519375	0.85328835	1.0	1.0	3887	tags=26%, list=26%, signal=35%	
LOPES_METHYLATED_IN_COLON_CANCER_UP	LOPES_METHYLATED_IN_COLON_CANCER_UP		25	0.23033585	0.77490205	0.8099631	1.0	1.0	4644	tags=52%, list=31%, signal=75%	
IVANOVA_HEMATOPOIESIS_LATE_PROGENITOR	IVANOVA_HEMATOPOIESIS_LATE_PROGENITOR		450	0.14493169	0.77487844	0.98791945	1.0	1.0	3960	tags=25%, list=26%, signal=33%	
WP_GENETIC_CAUSES_OF_PORTOSINUSOIDAL_VASCULAR_DISEASE	WP_GENETIC_CAUSES_OF_PORTOSINUSOIDAL_VASCULAR_DISEASE		30	0.22244821	0.77398854	0.82167834	1.0	1.0	4858	tags=37%, list=32%, signal=54%	
AZARE_NEOPLASTIC_TRANSFORMATION_BY_STAT3_DN	AZARE_NEOPLASTIC_TRANSFORMATION_BY_STAT3_DN		15	0.271217	0.7739758	0.7743682	1.0	1.0	3563	tags=33%, list=24%, signal=44%	
REACTOME_NETRIN_1_SIGNALING	REACTOME_NETRIN_1_SIGNALING		37	0.21217166	0.773401	0.82271945	1.0	1.0	2828	tags=24%, list=19%, signal=30%	
REACTOME_CLASS_I_MHC_MEDIATED_ANTIGEN_PROCESSING_PRESENTATION	REACTOME_CLASS_I_MHC_MEDIATED_ANTIGEN_PROCESSING_PRESENTATION		329	0.14777723	0.77327305	0.9734266	1.0	1.0	2533	tags=15%, list=17%, signal=18%	
MEBARKI_HCC_PROGENITOR_WNT_UP_CTNNB1_DEPENDENT_BLOCKED_BY_FZD8CRD	MEBARKI_HCC_PROGENITOR_WNT_UP_CTNNB1_DEPENDENT_BLOCKED_BY_FZD8CRD		40	0.20630385	0.7729808	0.84110534	1.0	1.0	1323	tags=13%, list=9%, signal=14%	
REACTOME_RHO_GTPASE_CYCLE	REACTOME_RHO_GTPASE_CYCLE		411	0.14643428	0.7723206	0.98644984	1.0	1.0	3625	tags=21%, list=24%, signal=27%	
SMIRNOV_RESPONSE_TO_IR_2HR_UP	SMIRNOV_RESPONSE_TO_IR_2HR_UP		46	0.20431525	0.7722034	0.8535774	1.0	1.0	1218	tags=13%, list=8%, signal=14%	
KANG_DOXORUBICIN_RESISTANCE_DN	KANG_DOXORUBICIN_RESISTANCE_DN		18	0.25742412	0.77204627	0.78853047	1.0	1.0	5830	tags=50%, list=39%, signal=81%	
CERVERA_SDHB_TARGETS_1_DN	CERVERA_SDHB_TARGETS_1_DN		26	0.23065937	0.7716178	0.8074205	1.0	1.0	3630	tags=35%, list=24%, signal=45%	
REACTOME_VIRAL_MESSENGER_RNA_SYNTHESIS	REACTOME_VIRAL_MESSENGER_RNA_SYNTHESIS		43	0.2049892	0.77155966	0.842576	1.0	1.0	3196	tags=23%, list=21%, signal=29%	
WP_EICOSANOID_METABOLISM_VIA_CYCLOOXYGENASES_COX	WP_EICOSANOID_METABOLISM_VIA_CYCLOOXYGENASES_COX		26	0.23053135	0.7713387	0.80508476	1.0	1.0	5235	tags=42%, list=35%, signal=65%	
WP_PREIMPLANTATION_EMBRYO	WP_PREIMPLANTATION_EMBRYO		37	0.21061249	0.7708791	0.82214767	1.0	1.0	1936	tags=16%, list=13%, signal=19%	
REACTOME_SIGNALING_BY_ACTIVIN	REACTOME_SIGNALING_BY_ACTIVIN		15	0.2703678	0.7705023	0.79464287	1.0	1.0	1076	tags=13%, list=7%, signal=14%	
BURTON_ADIPOGENESIS_12	BURTON_ADIPOGENESIS_12		26	0.22981714	0.77032495	0.8172414	1.0	1.0	5456	tags=42%, list=36%, signal=66%	
VANTVEER_BREAST_CANCER_METASTASIS_DN	VANTVEER_BREAST_CANCER_METASTASIS_DN		102	0.17357463	0.76990837	0.9153605	1.0	1.0	5663	tags=38%, list=37%, signal=61%	
ZHAN_MULTIPLE_MYELOMA_UP	ZHAN_MULTIPLE_MYELOMA_UP		53	0.19625193	0.7698889	0.85141903	1.0	1.0	1269	tags=9%, list=8%, signal=10%	
KEGG_MEDICUS_VARIANT_MUTATION_CAUSED_ABERRANT_SNCA_TO_ANTEROGRADE_AXONAL_TRANSPORT	KEGG_MEDICUS_VARIANT_MUTATION_CAUSED_ABERRANT_SNCA_TO_ANTEROGRADE_AXONAL_TRANSPORT		20	0.24381214	0.769699	0.7906137	1.0	1.0	4594	tags=40%, list=30%, signal=57%	
WINTER_HYPOXIA_UP	WINTER_HYPOXIA_UP		89	0.18036588	0.76967967	0.9014778	1.0	1.0	4991	tags=36%, list=33%, signal=53%	
CROONQUIST_IL6_DEPRIVATION_DN	CROONQUIST_IL6_DEPRIVATION_DN		87	0.17947526	0.7695135	0.88178915	1.0	1.0	5247	tags=31%, list=35%, signal=47%	
BILBAN_B_CLL_LPL_DN	BILBAN_B_CLL_LPL_DN		32	0.21943612	0.767697	0.82402706	1.0	1.0	2174	tags=19%, list=14%, signal=22%	
KEGG_GLYCEROLIPID_METABOLISM	KEGG_GLYCEROLIPID_METABOLISM		41	0.21049307	0.76747483	0.8405546	1.0	1.0	3695	tags=29%, list=24%, signal=39%	
LINDGREN_BLADDER_CANCER_CLUSTER_1_DN	LINDGREN_BLADDER_CANCER_CLUSTER_1_DN		337	0.14774443	0.7673981	0.98550725	1.0	1.0	3891	tags=23%, list=26%, signal=30%	
WP_PROXIMAL_TUBULE_TRANSPORT	WP_PROXIMAL_TUBULE_TRANSPORT		46	0.19788839	0.76703703	0.8471002	1.0	1.0	3005	tags=22%, list=20%, signal=27%	
CHIARADONNA_NEOPLASTIC_TRANSFORMATION_CDC25_UP	CHIARADONNA_NEOPLASTIC_TRANSFORMATION_CDC25_UP		107	0.1703994	0.7657194	0.940902	1.0	1.0	2988	tags=21%, list=20%, signal=25%	
WP_FAMILIAL_HYPERLIPIDEMIA_TYPE_4	WP_FAMILIAL_HYPERLIPIDEMIA_TYPE_4		17	0.2546105	0.76524097	0.7996324	1.0	1.0	744	tags=12%, list=5%, signal=12%	
YAO_TEMPORAL_RESPONSE_TO_PROGESTERONE_CLUSTER_8	YAO_TEMPORAL_RESPONSE_TO_PROGESTERONE_CLUSTER_8		41	0.2049108	0.76499414	0.8503401	1.0	1.0	5037	tags=32%, list=33%, signal=47%	
FORTSCHEGGER_PHF8_TARGETS_UP	FORTSCHEGGER_PHF8_TARGETS_UP		236	0.15243177	0.7649887	0.9679767	1.0	1.0	3755	tags=23%, list=25%, signal=30%	
NAKAMURA_CANCER_MICROENVIRONMENT_UP	NAKAMURA_CANCER_MICROENVIRONMENT_UP		16	0.25969055	0.76476	0.79195803	1.0	1.0	794	tags=13%, list=5%, signal=13%	
XU_HGF_TARGETS_INDUCED_BY_AKT1_48HR_DN	XU_HGF_TARGETS_INDUCED_BY_AKT1_48HR_DN		21	0.23949367	0.76474786	0.8062284	1.0	1.0	5931	tags=52%, list=39%, signal=86%	
REACTOME_POSTMITOTIC_NUCLEAR_PORE_COMPLEX_NPC_REFORMATION	REACTOME_POSTMITOTIC_NUCLEAR_PORE_COMPLEX_NPC_REFORMATION		25	0.23364684	0.7642519	0.7989865	1.0	1.0	2976	tags=20%, list=20%, signal=25%	
REACTOME_CYCLIN_A_CDK2_ASSOCIATED_EVENTS_AT_S_PHASE_ENTRY	REACTOME_CYCLIN_A_CDK2_ASSOCIATED_EVENTS_AT_S_PHASE_ENTRY		69	0.18598343	0.7641457	0.8737705	1.0	1.0	3905	tags=25%, list=26%, signal=33%	
KAMIKUBO_MYELOID_MN1_NETWORK	KAMIKUBO_MYELOID_MN1_NETWORK		17	0.25560442	0.7619633	0.80255944	1.0	1.0	1406	tags=18%, list=9%, signal=19%	
WP_SEROTONIN_AND_ANXIETY	WP_SEROTONIN_AND_ANXIETY		15	0.26405883	0.7619169	0.80260706	1.0	1.0	3916	tags=47%, list=26%, signal=63%	
KEGG_CYTOSOLIC_DNA_SENSING_PATHWAY	KEGG_CYTOSOLIC_DNA_SENSING_PATHWAY		33	0.21656159	0.7614594	0.82101804	1.0	1.0	859	tags=9%, list=6%, signal=10%	
BIOCARTA_CXCR4_PATHWAY	BIOCARTA_CXCR4_PATHWAY		17	0.25232586	0.76142806	0.798951	1.0	1.0	1705	tags=18%, list=11%, signal=20%	
REACTOME_CYTOSOLIC_TRNA_AMINOACYLATION	REACTOME_CYTOSOLIC_TRNA_AMINOACYLATION		23	0.23461655	0.7611547	0.8222621	1.0	1.0	22	tags=4%, list=0%, signal=4%	
REACTOME_YAP1_AND_WWTR1_TAZ_STIMULATED_GENE_EXPRESSION	REACTOME_YAP1_AND_WWTR1_TAZ_STIMULATED_GENE_EXPRESSION		15	0.2657534	0.7607589	0.78084713	1.0	1.0	4324	tags=40%, list=29%, signal=56%	
REACTOME_POTASSIUM_CHANNELS	REACTOME_POTASSIUM_CHANNELS		87	0.17483155	0.7593761	0.9309262	1.0	1.0	3246	tags=25%, list=21%, signal=32%	
WP_7Q1123_COPY_NUMBER_VARIATION_SYNDROME	WP_7Q1123_COPY_NUMBER_VARIATION_SYNDROME		92	0.17208289	0.75932914	0.8972713	1.0	1.0	1633	tags=13%, list=11%, signal=15%	
KAAB_FAILED_HEART_VENTRICLE_DN	KAAB_FAILED_HEART_VENTRICLE_DN		36	0.20683554	0.7588066	0.8215488	1.0	1.0	2039	tags=17%, list=13%, signal=19%	
REACTOME_COMMON_PATHWAY_OF_FIBRIN_CLOT_FORMATION	REACTOME_COMMON_PATHWAY_OF_FIBRIN_CLOT_FORMATION		15	0.26602465	0.758582	0.8037037	1.0	1.0	3531	tags=40%, list=23%, signal=52%	
VALK_AML_CLUSTER_9	VALK_AML_CLUSTER_9		30	0.21929641	0.7585469	0.82099825	1.0	1.0	3355	tags=27%, list=22%, signal=34%	
LANG_MYB_FAMILY_TARGETS	LANG_MYB_FAMILY_TARGETS		25	0.23208858	0.75844634	0.842576	1.0	1.0	2516	tags=20%, list=17%, signal=24%	
WAKASUGI_HAVE_ZNF143_BINDING_SITES	WAKASUGI_HAVE_ZNF143_BINDING_SITES		45	0.1996325	0.7577216	0.85714287	1.0	1.0	2793	tags=16%, list=18%, signal=19%	
GAZDA_DIAMOND_BLACKFAN_ANEMIA_MYELOID_UP	GAZDA_DIAMOND_BLACKFAN_ANEMIA_MYELOID_UP		29	0.21866249	0.7576305	0.827027	1.0	1.0	886	tags=10%, list=6%, signal=11%	
LIEN_BREAST_CARCINOMA_METAPLASTIC_VS_DUCTAL_UP	LIEN_BREAST_CARCINOMA_METAPLASTIC_VS_DUCTAL_UP		76	0.1779442	0.75736	0.9025157	1.0	1.0	2929	tags=18%, list=19%, signal=23%	
CONRAD_STEM_CELL	CONRAD_STEM_CELL		31	0.21751879	0.75687796	0.83639705	1.0	1.0	3425	tags=26%, list=23%, signal=33%	
REACTOME_ATTACHMENT_AND_ENTRY	REACTOME_ATTACHMENT_AND_ENTRY		15	0.25894812	0.75669885	0.8031359	1.0	1.0	4888	tags=60%, list=32%, signal=89%	
AIYAR_COBRA1_TARGETS_UP	AIYAR_COBRA1_TARGETS_UP		34	0.21127884	0.7564484	0.8433735	1.0	1.0	3885	tags=32%, list=26%, signal=43%	
HORIUCHI_WTAP_TARGETS_DN	HORIUCHI_WTAP_TARGETS_DN		297	0.14712489	0.7552649	0.9886364	1.0	1.0	5730	tags=38%, list=38%, signal=61%	
WP_ONECARBON_METABOLISM	WP_ONECARBON_METABOLISM		26	0.222868	0.75507545	0.84615386	1.0	1.0	5567	tags=46%, list=37%, signal=73%	
MIYAGAWA_TARGETS_OF_EWSR1_ETS_FUSIONS_DN	MIYAGAWA_TARGETS_OF_EWSR1_ETS_FUSIONS_DN		210	0.15342334	0.7550233	0.9762963	1.0	1.0	2309	tags=15%, list=15%, signal=17%	
REACTOME_DOWNREGULATION_OF_ERBB2_SIGNALING	REACTOME_DOWNREGULATION_OF_ERBB2_SIGNALING		24	0.2338693	0.75455755	0.8113879	1.0	1.0	3981	tags=38%, list=26%, signal=51%	
REACTOME_ACTIVATION_OF_NF_KAPPAB_IN_B_CELLS	REACTOME_ACTIVATION_OF_NF_KAPPAB_IN_B_CELLS		53	0.19092451	0.75453126	0.8927973	1.0	1.0	4148	tags=26%, list=27%, signal=36%	
WP_FLUOROPYRIMIDINE_ACTIVITY	WP_FLUOROPYRIMIDINE_ACTIVITY		28	0.21981412	0.7542049	0.83905965	1.0	1.0	3828	tags=32%, list=25%, signal=43%	
EBAUER_TARGETS_OF_PAX3_FOXO1_FUSION_DN	EBAUER_TARGETS_OF_PAX3_FOXO1_FUSION_DN		46	0.1983123	0.75376886	0.87561375	1.0	1.0	2531	tags=22%, list=17%, signal=26%	
SA_CASPASE_CASCADE	SA_CASPASE_CASCADE		15	0.2617522	0.75262016	0.79599273	1.0	1.0	2441	tags=27%, list=16%, signal=32%	
REACTOME_NS1_MEDIATED_EFFECTS_ON_HOST_PATHWAYS	REACTOME_NS1_MEDIATED_EFFECTS_ON_HOST_PATHWAYS		40	0.20212114	0.75247425	0.8537815	1.0	1.0	5548	tags=45%, list=37%, signal=71%	
WELCSH_BRCA1_TARGETS_UP	WELCSH_BRCA1_TARGETS_UP		176	0.15630813	0.7523366	0.9596413	1.0	1.0	3740	tags=22%, list=25%, signal=29%	
REACTOME_BBSOME_MEDIATED_CARGO_TARGETING_TO_CILIUM	REACTOME_BBSOME_MEDIATED_CARGO_TARGETING_TO_CILIUM		22	0.23240109	0.7523228	0.8401421	1.0	1.0	4788	tags=36%, list=32%, signal=53%	
KEGG_LEISHMANIA_INFECTION	KEGG_LEISHMANIA_INFECTION		52	0.19180772	0.7519498	0.887987	1.0	1.0	3592	tags=25%, list=24%, signal=33%	
REACTOME_AMINO_ACID_TRANSPORT_ACROSS_THE_PLASMA_MEMBRANE	REACTOME_AMINO_ACID_TRANSPORT_ACROSS_THE_PLASMA_MEMBRANE		27	0.22271878	0.7513152	0.8542024	1.0	1.0	3541	tags=33%, list=23%, signal=43%	
HUANG_GATA2_TARGETS_DN	HUANG_GATA2_TARGETS_DN		64	0.18288176	0.75120145	0.9016129	1.0	1.0	4562	tags=36%, list=30%, signal=51%	
REACTOME_EPHA_MEDIATED_GROWTH_CONE_COLLAPSE	REACTOME_EPHA_MEDIATED_GROWTH_CONE_COLLAPSE		25	0.22245583	0.7508064	0.8238532	1.0	1.0	4897	tags=44%, list=32%, signal=65%	
REACTOME_APOPTOTIC_FACTOR_MEDIATED_RESPONSE	REACTOME_APOPTOTIC_FACTOR_MEDIATED_RESPONSE		18	0.24343796	0.75058615	0.80406654	1.0	1.0	4903	tags=44%, list=32%, signal=66%	
REACTOME_COOPERATION_OF_PREFOLDIN_AND_TRIC_CCT_IN_ACTIN_AND_TUBULIN_FOLDING	REACTOME_COOPERATION_OF_PREFOLDIN_AND_TRIC_CCT_IN_ACTIN_AND_TUBULIN_FOLDING		26	0.2201027	0.750315	0.8639706	1.0	1.0	5370	tags=42%, list=36%, signal=66%	
WP_MIR5093P_ALTERATION_OF_YAP1ECM_AXIS	WP_MIR5093P_ALTERATION_OF_YAP1ECM_AXIS		15	0.25875401	0.7502719	0.806338	1.0	1.0	3167	tags=27%, list=21%, signal=34%	
KEGG_MEDICUS_REFERENCE_TLR1_2_4_NFKB_SIGNALING_PATHWAY	KEGG_MEDICUS_REFERENCE_TLR1_2_4_NFKB_SIGNALING_PATHWAY		15	0.25504375	0.75006896	0.82913667	1.0	1.0	3396	tags=27%, list=22%, signal=34%	
FRASOR_RESPONSE_TO_SERM_OR_FULVESTRANT_DN	FRASOR_RESPONSE_TO_SERM_OR_FULVESTRANT_DN		45	0.19775844	0.750034	0.8685524	1.0	1.0	3537	tags=24%, list=23%, signal=32%	
REACTOME_BMAL1_CLOCK_NPAS2_ACTIVATES_CIRCADIAN_EXPRESSION	REACTOME_BMAL1_CLOCK_NPAS2_ACTIVATES_CIRCADIAN_EXPRESSION		24	0.22791813	0.74961036	0.8496503	1.0	1.0	446	tags=8%, list=3%, signal=9%	
SARRIO_EPITHELIAL_MESENCHYMAL_TRANSITION_UP	SARRIO_EPITHELIAL_MESENCHYMAL_TRANSITION_UP		151	0.15865363	0.7495648	0.9561933	1.0	1.0	5726	tags=40%, list=38%, signal=64%	
WP_15Q25_COPY_NUMBER_VARIATION	WP_15Q25_COPY_NUMBER_VARIATION		41	0.1993443	0.7492629	0.87542665	1.0	1.0	4623	tags=41%, list=31%, signal=60%	
NOUZOVA_TRETINOIN_AND_H4_ACETYLATION	NOUZOVA_TRETINOIN_AND_H4_ACETYLATION		123	0.16392948	0.74917763	0.929771	1.0	1.0	3955	tags=25%, list=26%, signal=34%	
LAU_APOPTOSIS_CDKN2A_UP	LAU_APOPTOSIS_CDKN2A_UP		48	0.19610459	0.74893165	0.86206895	1.0	1.0	935	tags=10%, list=6%, signal=11%	
WP_INTERACTIONS_OF_NATURAL_KILLER_CELLS_IN_PANCREATIC_CANCER	WP_INTERACTIONS_OF_NATURAL_KILLER_CELLS_IN_PANCREATIC_CANCER		17	0.24775034	0.74826074	0.8055556	1.0	1.0	4546	tags=41%, list=30%, signal=59%	
VALK_AML_WITH_CEBPA	VALK_AML_WITH_CEBPA		28	0.22410986	0.74814224	0.82982457	1.0	1.0	4545	tags=39%, list=30%, signal=56%	
SENGUPTA_NASOPHARYNGEAL_CARCINOMA_UP	SENGUPTA_NASOPHARYNGEAL_CARCINOMA_UP		271	0.14806442	0.74753463	0.9843305	1.0	1.0	5310	tags=34%, list=35%, signal=51%	
KEGG_PROGESTERONE_MEDIATED_OOCYTE_MATURATION	KEGG_PROGESTERONE_MEDIATED_OOCYTE_MATURATION		71	0.17753744	0.74739295	0.90746754	1.0	1.0	5214	tags=41%, list=35%, signal=62%	
UEDA_CENTRAL_CLOCK	UEDA_CENTRAL_CLOCK		75	0.17774174	0.7465667	0.90879476	1.0	1.0	3067	tags=21%, list=20%, signal=27%	
WP_HIPPOCAMPAL_SYNAPTOGENESIS_AND_NEUROGENESIS	WP_HIPPOCAMPAL_SYNAPTOGENESIS_AND_NEUROGENESIS		23	0.2288659	0.74631804	0.84528303	1.0	1.0	2546	tags=22%, list=17%, signal=26%	
BRACHAT_RESPONSE_TO_CISPLATIN	BRACHAT_RESPONSE_TO_CISPLATIN		15	0.2569271	0.7459993	0.7890366	1.0	1.0	1521	tags=20%, list=10%, signal=22%	
WP_BEMPEDOIC_ACID_THERAPY_IN_ATHEROSCLEROSIS_AND_METABOLIC_SYNDROME	WP_BEMPEDOIC_ACID_THERAPY_IN_ATHEROSCLEROSIS_AND_METABOLIC_SYNDROME		20	0.23573732	0.7458742	0.83362216	1.0	1.0	4907	tags=40%, list=32%, signal=59%	
KONDO_PROSTATE_CANCER_HCP_WITH_H3K27ME3	KONDO_PROSTATE_CANCER_HCP_WITH_H3K27ME3		80	0.17361057	0.7449926	0.91437805	1.0	1.0	4324	tags=30%, list=29%, signal=42%	
SCHOEN_NFKB_SIGNALING	SCHOEN_NFKB_SIGNALING		30	0.21431561	0.74459046	0.846543	1.0	1.0	4609	tags=37%, list=31%, signal=53%	
REACTOME_INTERLEUKIN_6_FAMILY_SIGNALING	REACTOME_INTERLEUKIN_6_FAMILY_SIGNALING		19	0.24330519	0.7441722	0.81238616	1.0	1.0	1858	tags=21%, list=12%, signal=24%	
REACTOME_DECTIN_1_MEDIATED_NONCANONICAL_NF_KB_SIGNALING	REACTOME_DECTIN_1_MEDIATED_NONCANONICAL_NF_KB_SIGNALING		45	0.19355416	0.7433857	0.8801997	1.0	1.0	4148	tags=27%, list=27%, signal=37%	
REACTOME_EPH_EPHRIN_MEDIATED_REPULSION_OF_CELLS	REACTOME_EPH_EPHRIN_MEDIATED_REPULSION_OF_CELLS		47	0.19539438	0.7425065	0.8804714	1.0	1.0	3954	tags=30%, list=26%, signal=40%	
REACTOME_CREB1_PHOSPHORYLATION_THROUGH_NMDA_RECEPTOR_MEDIATED_ACTIVATION_OF_RAS_SIGNALING	REACTOME_CREB1_PHOSPHORYLATION_THROUGH_NMDA_RECEPTOR_MEDIATED_ACTIVATION_OF_RAS_SIGNALING		25	0.22282545	0.7424295	0.82161236	1.0	1.0	2546	tags=20%, list=17%, signal=24%	
HERNANDEZ_MITOTIC_ARREST_BY_DOCETAXEL_1_UP	HERNANDEZ_MITOTIC_ARREST_BY_DOCETAXEL_1_UP		25	0.22577871	0.74171406	0.8452174	1.0	1.0	3965	tags=36%, list=26%, signal=49%	
WP_P53_TRANSCRIPTIONAL_GENE_NETWORK	WP_P53_TRANSCRIPTIONAL_GENE_NETWORK		75	0.17682487	0.74104637	0.91396105	1.0	1.0	539	tags=8%, list=4%, signal=8%	
FEVR_CTNNB1_TARGETS_DN	FEVR_CTNNB1_TARGETS_DN		500	0.13701642	0.7403104	0.998713	1.0	1.0	2796	tags=16%, list=19%, signal=19%	
REACTOME_GLUCAGON_TYPE_LIGAND_RECEPTORS	REACTOME_GLUCAGON_TYPE_LIGAND_RECEPTORS		27	0.21941106	0.74001294	0.8509091	1.0	1.0	3315	tags=33%, list=22%, signal=43%	
KEGG_MEDICUS_VARIANT_MUTATION_CAUSED_ABERRANT_ABETA_TO_26S_PROTEASOME_MEDIATED_PROTEIN_DEGRADATION	KEGG_MEDICUS_VARIANT_MUTATION_CAUSED_ABERRANT_ABETA_TO_26S_PROTEASOME_MEDIATED_PROTEIN_DEGRADATION		34	0.20747156	0.73989546	0.8643478	1.0	1.0	2439	tags=15%, list=16%, signal=17%	
REACTOME_KIDNEY_DEVELOPMENT	REACTOME_KIDNEY_DEVELOPMENT		40	0.19853583	0.73989385	0.8739496	1.0	1.0	5165	tags=45%, list=34%, signal=68%	
LIANG_SILENCED_BY_METHYLATION_UP	LIANG_SILENCED_BY_METHYLATION_UP		26	0.21872094	0.7389255	0.8563734	1.0	1.0	3451	tags=31%, list=23%, signal=40%	
RAO_BOUND_BY_SALL4	RAO_BOUND_BY_SALL4		193	0.15136935	0.7383432	0.9665654	1.0	1.0	3378	tags=20%, list=22%, signal=25%	
VANTVEER_BREAST_CANCER_BRCA1_DN	VANTVEER_BREAST_CANCER_BRCA1_DN		38	0.20388894	0.73791873	0.8866328	1.0	1.0	3878	tags=29%, list=26%, signal=39%	
LEE_METASTASIS_AND_ALTERNATIVE_SPLICING_UP	LEE_METASTASIS_AND_ALTERNATIVE_SPLICING_UP		67	0.1781829	0.7377474	0.915873	1.0	1.0	1529	tags=13%, list=10%, signal=15%	
LIU_VMYB_TARGETS_UP	LIU_VMYB_TARGETS_UP		113	0.16381188	0.7376893	0.9578783	1.0	1.0	4008	tags=27%, list=27%, signal=36%	
REACTOME_MITOCHONDRIAL_PROTEIN_DEGRADATION	REACTOME_MITOCHONDRIAL_PROTEIN_DEGRADATION		90	0.1688411	0.7369625	0.94545454	1.0	1.0	2436	tags=16%, list=16%, signal=18%	
REACTOME_SUMOYLATION_OF_INTRACELLULAR_RECEPTORS	REACTOME_SUMOYLATION_OF_INTRACELLULAR_RECEPTORS		28	0.216423	0.7368448	0.8890877	1.0	1.0	746	tags=7%, list=5%, signal=7%	
REACTOME_NUCLEAR_PORE_COMPLEX_NPC_DISASSEMBLY	REACTOME_NUCLEAR_PORE_COMPLEX_NPC_DISASSEMBLY		35	0.20204577	0.7366548	0.86481804	1.0	1.0	5446	tags=43%, list=36%, signal=67%	
WP_PRADERWILLI_AND_ANGELMAN_SYNDROME	WP_PRADERWILLI_AND_ANGELMAN_SYNDROME		85	0.17022745	0.73600215	0.9254457	1.0	1.0	5258	tags=39%, list=35%, signal=59%	
REACTOME_STABILIZATION_OF_P53	REACTOME_STABILIZATION_OF_P53		39	0.19880146	0.73587865	0.88530463	1.0	1.0	4148	tags=26%, list=27%, signal=35%	
MUELLER_PLURINET	MUELLER_PLURINET		268	0.14473099	0.7350396	0.99712646	1.0	1.0	4256	tags=26%, list=28%, signal=36%	
HOFMANN_CELL_LYMPHOMA_DN	HOFMANN_CELL_LYMPHOMA_DN		34	0.20894116	0.73494583	0.85	1.0	1.0	177	tags=6%, list=1%, signal=6%	
BIOCARTA_G1_PATHWAY	BIOCARTA_G1_PATHWAY		21	0.2357566	0.7341146	0.8351064	1.0	1.0	4829	tags=43%, list=32%, signal=63%	
PETRETTO_CARDIAC_HYPERTROPHY	PETRETTO_CARDIAC_HYPERTROPHY		28	0.21637566	0.73384494	0.86481804	1.0	1.0	3570	tags=25%, list=24%, signal=33%	
TARTE_PLASMA_CELL_VS_PLASMABLAST_DN	TARTE_PLASMA_CELL_VS_PLASMABLAST_DN		285	0.1429139	0.7335741	0.99590725	1.0	1.0	4256	tags=24%, list=28%, signal=33%	
YANG_BREAST_CANCER_ESR1_BULK_DN	YANG_BREAST_CANCER_ESR1_BULK_DN		20	0.23634735	0.733279	0.8201835	1.0	1.0	5566	tags=50%, list=37%, signal=79%	
KARAKAS_TGFB1_SIGNALING	KARAKAS_TGFB1_SIGNALING		16	0.25127363	0.733093	0.8291815	1.0	1.0	2227	tags=19%, list=15%, signal=22%	
NABA_MATRISOME_HIGHLY_METASTATIC_BREAST_CANCER_TUMOR_CELL_DERIVED	NABA_MATRISOME_HIGHLY_METASTATIC_BREAST_CANCER_TUMOR_CELL_DERIVED		25	0.21988854	0.73308825	0.86164623	1.0	1.0	4261	tags=36%, list=28%, signal=50%	
REACTOME_THE_NLRP3_INFLAMMASOME	REACTOME_THE_NLRP3_INFLAMMASOME		15	0.25261122	0.7328381	0.8477876	1.0	1.0	3601	tags=33%, list=24%, signal=44%	
ZHANG_ANTIVIRAL_RESPONSE_TO_RIBAVIRIN_DN	ZHANG_ANTIVIRAL_RESPONSE_TO_RIBAVIRIN_DN		37	0.19983192	0.7321907	0.8871252	1.0	1.0	3839	tags=30%, list=25%, signal=40%	
REACTOME_TRANSCRIPTIONAL_ACTIVATION_OF_MITOCHONDRIAL_BIOGENESIS	REACTOME_TRANSCRIPTIONAL_ACTIVATION_OF_MITOCHONDRIAL_BIOGENESIS		52	0.1893825	0.7321492	0.90677965	1.0	1.0	2036	tags=15%, list=13%, signal=18%	
KEGG_MEDICUS_VARIANT_MUTATION_CAUSED_ABERRANT_SOD1_TO_26S_PROTEASOME_MEDIATED_PROTEIN_DEGRADATION	KEGG_MEDICUS_VARIANT_MUTATION_CAUSED_ABERRANT_SOD1_TO_26S_PROTEASOME_MEDIATED_PROTEIN_DEGRADATION		39	0.1961199	0.73164064	0.89032257	1.0	1.0	4148	tags=23%, list=27%, signal=32%	
LEIN_LOCALIZED_TO_PROXIMAL_DENDRITES	LEIN_LOCALIZED_TO_PROXIMAL_DENDRITES		36	0.20088522	0.73115104	0.8670034	1.0	1.0	340	tags=8%, list=2%, signal=9%	
WP_DNA_DAMAGE_RESPONSE	WP_DNA_DAMAGE_RESPONSE		59	0.18175639	0.7304348	0.9183006	1.0	1.0	3950	tags=25%, list=26%, signal=34%	
KYNG_DNA_DAMAGE_DN	KYNG_DNA_DAMAGE_DN		160	0.15399422	0.73038757	0.9741248	1.0	1.0	3836	tags=23%, list=25%, signal=31%	
PUIFFE_INVASION_INHIBITED_BY_ASCITES_DN	PUIFFE_INVASION_INHIBITED_BY_ASCITES_DN		139	0.154987	0.7294297	0.9657738	1.0	1.0	2675	tags=17%, list=18%, signal=20%	
REACTOME_NFE2L2_REGULATING_ANTI_OXIDANT_DETOXIFICATION_ENZYMES	REACTOME_NFE2L2_REGULATING_ANTI_OXIDANT_DETOXIFICATION_ENZYMES		16	0.24861506	0.7288445	0.83681214	1.0	1.0	5745	tags=44%, list=38%, signal=71%	
SAKAI_TUMOR_INFILTRATING_MONOCYTES_DN	SAKAI_TUMOR_INFILTRATING_MONOCYTES_DN		70	0.17504263	0.72883725	0.92520326	1.0	1.0	3958	tags=29%, list=26%, signal=39%	
PUJANA_BRCA2_PCC_NETWORK	PUJANA_BRCA2_PCC_NETWORK		373	0.1377177	0.72878546	0.9945355	1.0	1.0	3732	tags=22%, list=25%, signal=28%	
WP_PRIMARY_OVARIAN_INSUFFICIENCY	WP_PRIMARY_OVARIAN_INSUFFICIENCY		111	0.16151898	0.728394	0.94664633	1.0	1.0	4320	tags=28%, list=29%, signal=39%	
BURTON_ADIPOGENESIS_PEAK_AT_24HR	BURTON_ADIPOGENESIS_PEAK_AT_24HR		40	0.19249108	0.7277644	0.8936535	1.0	1.0	5017	tags=38%, list=33%, signal=56%	
HOLLERN_EMT_BREAST_TUMOR_UP	HOLLERN_EMT_BREAST_TUMOR_UP		120	0.15818904	0.72753775	0.9700599	1.0	1.0	2507	tags=16%, list=17%, signal=19%	
BIOCARTA_TFF_PATHWAY	BIOCARTA_TFF_PATHWAY		18	0.24262084	0.72740775	0.818018	1.0	1.0	5326	tags=50%, list=35%, signal=77%	
REACTOME_CELLULAR_RESPONSE_TO_HYPOXIA	REACTOME_CELLULAR_RESPONSE_TO_HYPOXIA		57	0.18065077	0.7273785	0.9239865	1.0	1.0	2439	tags=14%, list=16%, signal=17%	
WP_OMEGA3_OMEGA6_FATTY_ACID_SYNTHESIS	WP_OMEGA3_OMEGA6_FATTY_ACID_SYNTHESIS		15	0.2513685	0.7273606	0.83451957	1.0	1.0	4833	tags=40%, list=32%, signal=59%	
GENTILE_UV_RESPONSE_CLUSTER_D1	GENTILE_UV_RESPONSE_CLUSTER_D1		15	0.24835964	0.7273364	0.8400703	1.0	1.0	4943	tags=47%, list=33%, signal=69%	
VERNELL_RETINOBLASTOMA_PATHWAY_DN	VERNELL_RETINOBLASTOMA_PATHWAY_DN		17	0.24733299	0.7270922	0.836036	1.0	1.0	688	tags=12%, list=5%, signal=12%	
SENESE_HDAC2_TARGETS_UP	SENESE_HDAC2_TARGETS_UP		103	0.16130055	0.72577614	0.94285715	1.0	1.0	2072	tags=13%, list=14%, signal=15%	
PID_PLK1_PATHWAY	PID_PLK1_PATHWAY		43	0.19093731	0.7252371	0.89726025	1.0	1.0	5871	tags=49%, list=39%, signal=80%	
WAGNER_APO2_SENSITIVITY	WAGNER_APO2_SENSITIVITY		19	0.23316017	0.7251367	0.8464223	1.0	1.0	4951	tags=32%, list=33%, signal=47%	
KEGG_MEDICUS_REFERENCE_26S_PROTEASOME_MEDIATED_PROTEIN_DEGRADATION	KEGG_MEDICUS_REFERENCE_26S_PROTEASOME_MEDIATED_PROTEIN_DEGRADATION		37	0.20051073	0.7248878	0.89464885	1.0	1.0	4148	tags=24%, list=27%, signal=33%	
BYSTRYKH_HEMATOPOIESIS_STEM_CELL_QTL_CIS	BYSTRYKH_HEMATOPOIESIS_STEM_CELL_QTL_CIS		108	0.16240259	0.7235909	0.9676898	1.0	1.0	3034	tags=21%, list=20%, signal=26%	
IBRAHIM_NRF2_UP	IBRAHIM_NRF2_UP		492	0.1342506	0.72356164	0.99863577	1.0	1.0	4263	tags=22%, list=28%, signal=30%	
BRUECKNER_TARGETS_OF_MIRLET7A3_UP	BRUECKNER_TARGETS_OF_MIRLET7A3_UP		98	0.162253	0.7235538	0.9623568	1.0	1.0	3351	tags=21%, list=22%, signal=27%	
WILLIAMS_ESR2_TARGETS_UP	WILLIAMS_ESR2_TARGETS_UP		26	0.21694918	0.7234946	0.8680927	1.0	1.0	4372	tags=38%, list=29%, signal=54%	
WP_MIRNA_REGULATION_OF_DNA_DAMAGE_RESPONSE	WP_MIRNA_REGULATION_OF_DNA_DAMAGE_RESPONSE		60	0.1808782	0.7233091	0.90816325	1.0	1.0	3950	tags=25%, list=26%, signal=34%	
REACTOME_FCGR3A_MEDIATED_IL10_SYNTHESIS	REACTOME_FCGR3A_MEDIATED_IL10_SYNTHESIS		29	0.20966637	0.7232288	0.8888889	1.0	1.0	1470	tags=14%, list=10%, signal=15%	
NADLER_OBESITY_UP	NADLER_OBESITY_UP		49	0.18701111	0.722976	0.8905983	1.0	1.0	3835	tags=27%, list=25%, signal=35%	
BERGER_PLATELET_HYPERREACTIVITY_PRESS_DOWN	BERGER_PLATELET_HYPERREACTIVITY_PRESS_DOWN		226	0.14559156	0.72293097	0.9913169	1.0	1.0	5111	tags=31%, list=34%, signal=47%	
WP_NUCLEAR_RECEPTORS	WP_NUCLEAR_RECEPTORS		34	0.20138624	0.7228957	0.85211265	1.0	1.0	920	tags=9%, list=6%, signal=9%	
THEILGAARD_NEUTROPHIL_AT_SKIN_WOUND_UP	THEILGAARD_NEUTROPHIL_AT_SKIN_WOUND_UP		64	0.17741375	0.72217125	0.9301948	1.0	1.0	3873	tags=23%, list=26%, signal=31%	
NAKAYAMA_SOFT_TISSUE_TUMORS_PCA2_UP	NAKAYAMA_SOFT_TISSUE_TUMORS_PCA2_UP		80	0.16932409	0.72138846	0.9424342	1.0	1.0	5741	tags=43%, list=38%, signal=68%	
REACTOME_SIGNALING_BY_ERBB2_ECD_MUTANTS	REACTOME_SIGNALING_BY_ERBB2_ECD_MUTANTS		15	0.2542693	0.7202299	0.833638	1.0	1.0	1138	tags=13%, list=8%, signal=14%	
KEGG_MEDICUS_REFERENCE_ASSEMBLY_AND_TRAFFICKING_OF_TELOMERASE	KEGG_MEDICUS_REFERENCE_ASSEMBLY_AND_TRAFFICKING_OF_TELOMERASE		17	0.24216156	0.7199326	0.85233647	1.0	1.0	1847	tags=18%, list=12%, signal=20%	
KEGG_MEDICUS_VARIANT_MUTATION_INACTIVATED_VCP_TO_26S_PROTEASOME_MEDIATED_PROTEIN_DEGRADATION	KEGG_MEDICUS_VARIANT_MUTATION_INACTIVATED_VCP_TO_26S_PROTEASOME_MEDIATED_PROTEIN_DEGRADATION		38	0.19814162	0.7198488	0.89499193	1.0	1.0	4148	tags=24%, list=27%, signal=33%	
KOBAYASHI_EGFR_SIGNALING_6HR_DN	KOBAYASHI_EGFR_SIGNALING_6HR_DN		15	0.251474	0.7190131	0.8427184	1.0	1.0	11313	tags=100%, list=75%, signal=398%	
JOHANSSON_BRAIN_CANCER_EARLY_VS_LATE_DN	JOHANSSON_BRAIN_CANCER_EARLY_VS_LATE_DN		42	0.19298892	0.7188881	0.8888889	1.0	1.0	3914	tags=24%, list=26%, signal=32%	
LEE_EARLY_T_LYMPHOCYTE_UP	LEE_EARLY_T_LYMPHOCYTE_UP		98	0.1654387	0.71852124	0.95049506	1.0	1.0	5738	tags=39%, list=38%, signal=62%	
REACTOME_SCF_BETA_TRCP_MEDIATED_DEGRADATION_OF_EMI1	REACTOME_SCF_BETA_TRCP_MEDIATED_DEGRADATION_OF_EMI1		41	0.19190378	0.71835256	0.9197952	1.0	1.0	4198	tags=27%, list=28%, signal=37%	
ALCALA_APOPTOSIS	ALCALA_APOPTOSIS		74	0.1713293	0.71820194	0.9342949	1.0	1.0	2844	tags=20%, list=19%, signal=25%	
GRADE_COLON_AND_RECTAL_CANCER_UP	GRADE_COLON_AND_RECTAL_CANCER_UP		268	0.14028992	0.7171257	0.99299717	1.0	1.0	4256	tags=26%, list=28%, signal=36%	
PARENT_MTOR_SIGNALING_DN	PARENT_MTOR_SIGNALING_DN		37	0.19412193	0.71684605	0.8955479	1.0	1.0	3833	tags=30%, list=25%, signal=40%	
KEGG_MEDICUS_REFERENCE_ELECTRON_TRANSFER_IN_COMPLEX_I	KEGG_MEDICUS_REFERENCE_ELECTRON_TRANSFER_IN_COMPLEX_I		41	0.19315794	0.7167195	0.89391303	1.0	1.0	2081	tags=15%, list=14%, signal=17%	
LIANG_HEMATOPOIESIS_STEM_CELL_NUMBER_LARGE_VS_TINY_DN	LIANG_HEMATOPOIESIS_STEM_CELL_NUMBER_LARGE_VS_TINY_DN		38	0.191551	0.7162165	0.90619767	1.0	1.0	3583	tags=26%, list=24%, signal=34%	
CHNG_MULTIPLE_MYELOMA_HYPERPLOID_DN	CHNG_MULTIPLE_MYELOMA_HYPERPLOID_DN		27	0.21253166	0.7156098	0.885274	1.0	1.0	5190	tags=41%, list=34%, signal=62%	
PID_ENDOTHELIN_PATHWAY	PID_ENDOTHELIN_PATHWAY		53	0.18025114	0.71541154	0.92375886	1.0	1.0	3532	tags=28%, list=23%, signal=37%	
VALK_AML_CLUSTER_13	VALK_AML_CLUSTER_13		26	0.21102259	0.7150692	0.875	1.0	1.0	1323	tags=12%, list=9%, signal=13%	
REACTOME_UBIQUITIN_DEPENDENT_DEGRADATION_OF_CYCLIN_D	REACTOME_UBIQUITIN_DEPENDENT_DEGRADATION_OF_CYCLIN_D		38	0.1997743	0.7146913	0.9049236	1.0	1.0	4148	tags=24%, list=27%, signal=33%	
KEGG_PORPHYRIN_AND_CHLOROPHYLL_METABOLISM	KEGG_PORPHYRIN_AND_CHLOROPHYLL_METABOLISM		21	0.22586295	0.7136645	0.84683096	1.0	1.0	3568	tags=24%, list=24%, signal=31%	
HAHTOLA_MYCOSIS_FUNGOIDES_SKIN_UP	HAHTOLA_MYCOSIS_FUNGOIDES_SKIN_UP		159	0.14758891	0.7127042	0.983308	1.0	1.0	2230	tags=14%, list=15%, signal=16%	
WP_ENDODERM_DIFFERENTIATION	WP_ENDODERM_DIFFERENTIATION		121	0.15613343	0.71226364	0.9871175	1.0	1.0	1966	tags=13%, list=13%, signal=15%	
REACTOME_CELL_CYCLE_MITOTIC	REACTOME_CELL_CYCLE_MITOTIC		484	0.13303474	0.712213	1.0	1.0	1.0	4699	tags=29%, list=31%, signal=41%	
MARZEC_IL2_SIGNALING_DN	MARZEC_IL2_SIGNALING_DN		29	0.20688702	0.71180624	0.87658805	1.0	1.0	132	tags=7%, list=1%, signal=7%	
WP_HEPATITIS_C_AND_HEPATOCELLULAR_CARCINOMA	WP_HEPATITIS_C_AND_HEPATOCELLULAR_CARCINOMA		34	0.20211485	0.7114172	0.89708406	1.0	1.0	2675	tags=21%, list=18%, signal=25%	
VILLANUEVA_LIVER_CANCER_KRT19_UP	VILLANUEVA_LIVER_CANCER_KRT19_UP		161	0.15053384	0.7111944	0.9852071	1.0	1.0	5176	tags=35%, list=34%, signal=53%	
REACTOME_DEGRADATION_OF_GLI1_BY_THE_PROTEASOME	REACTOME_DEGRADATION_OF_GLI1_BY_THE_PROTEASOME		43	0.18692052	0.7095362	0.90316904	1.0	1.0	4259	tags=28%, list=28%, signal=39%	
REACTOME_NUCLEAR_EVENTS_STIMULATED_BY_ALK_SIGNALING_IN_CANCER	REACTOME_NUCLEAR_EVENTS_STIMULATED_BY_ALK_SIGNALING_IN_CANCER		26	0.21185435	0.7093338	0.8747795	1.0	1.0	361	tags=8%, list=2%, signal=8%	
BERNARD_PPAPDC1B_TARGETS_DN	BERNARD_PPAPDC1B_TARGETS_DN		51	0.18166527	0.7091214	0.91909385	1.0	1.0	2882	tags=20%, list=19%, signal=24%	
ODONNELL_TFRC_TARGETS_DN	ODONNELL_TFRC_TARGETS_DN		115	0.15647921	0.7090303	0.971564	1.0	1.0	5757	tags=37%, list=38%, signal=60%	
CAFFAREL_RESPONSE_TO_THC_24HR_5_UP	CAFFAREL_RESPONSE_TO_THC_24HR_5_UP		31	0.20070584	0.70783037	0.9010791	1.0	1.0	1385	tags=10%, list=9%, signal=11%	
REACTOME_KINESINS	REACTOME_KINESINS		51	0.18316495	0.7076958	0.92320263	1.0	1.0	4606	tags=33%, list=30%, signal=48%	
WP_16P112_PROXIMAL_DELETION_SYNDROME	WP_16P112_PROXIMAL_DELETION_SYNDROME		62	0.1775791	0.7073002	0.9298831	1.0	1.0	2969	tags=19%, list=20%, signal=24%	
MARSHALL_VIRAL_INFECTION_RESPONSE_DN	MARSHALL_VIRAL_INFECTION_RESPONSE_DN		24	0.2159772	0.7068159	0.8777372	1.0	1.0	3181	tags=25%, list=21%, signal=32%	
AMBROSINI_FLAVOPIRIDOL_TREATMENT_TP53	AMBROSINI_FLAVOPIRIDOL_TREATMENT_TP53		99	0.15971652	0.7066574	0.96899223	1.0	1.0	1791	tags=12%, list=12%, signal=14%	
WP_MITOCHONDRIAL_IMMUNE_RESPONSE_TO_SARSCOV2	WP_MITOCHONDRIAL_IMMUNE_RESPONSE_TO_SARSCOV2		29	0.20481794	0.70661974	0.8894831	1.0	1.0	2681	tags=24%, list=18%, signal=29%	
STAEGE_EWING_FAMILY_TUMOR	STAEGE_EWING_FAMILY_TUMOR		28	0.20785995	0.70653164	0.8952703	1.0	1.0	4238	tags=39%, list=28%, signal=54%	
REACTOME_APOPTOTIC_EXECUTION_PHASE	REACTOME_APOPTOTIC_EXECUTION_PHASE		42	0.18873975	0.7052832	0.9313894	1.0	1.0	2507	tags=17%, list=17%, signal=20%	
WP_TGFBETA_RECEPTOR_SIGNALING	WP_TGFBETA_RECEPTOR_SIGNALING		40	0.19089529	0.70516694	0.9242685	1.0	1.0	3671	tags=25%, list=24%, signal=33%	
REACTOME_SIGNALING_BY_HEDGEHOG	REACTOME_SIGNALING_BY_HEDGEHOG		122	0.15354584	0.70507854	0.984985	1.0	1.0	2043	tags=13%, list=14%, signal=15%	
REACTOME_INCRETIN_SYNTHESIS_SECRETION_AND_INACTIVATION	REACTOME_INCRETIN_SYNTHESIS_SECRETION_AND_INACTIVATION		16	0.24564527	0.7044065	0.86738354	1.0	1.0	4096	tags=38%, list=27%, signal=51%	
WILLIAMS_ESR1_TARGETS_UP	WILLIAMS_ESR1_TARGETS_UP		21	0.22516166	0.70411134	0.8739054	1.0	1.0	5268	tags=38%, list=35%, signal=58%	
REACTOME_METABOLISM_OF_COFACTORS	REACTOME_METABOLISM_OF_COFACTORS		22	0.21644656	0.70388	0.8593482	1.0	1.0	3044	tags=18%, list=20%, signal=23%	
GROSS_HYPOXIA_VIA_HIF1A_DN	GROSS_HYPOXIA_VIA_HIF1A_DN		95	0.16029724	0.70344466	0.9628483	1.0	1.0	5333	tags=39%, list=35%, signal=60%	
WP_GLYCOSAMINOGLYCAN_SYNTHESIS_IN_FIBROBLASTS	WP_GLYCOSAMINOGLYCAN_SYNTHESIS_IN_FIBROBLASTS		40	0.19005555	0.70335364	0.9183673	1.0	1.0	2424	tags=20%, list=16%, signal=24%	
WP_DNA_IRDAMAGE_AND_CELLULAR_RESPONSE_VIA_ATR	WP_DNA_IRDAMAGE_AND_CELLULAR_RESPONSE_VIA_ATR		68	0.17071456	0.7032414	0.93322474	1.0	1.0	5953	tags=46%, list=39%, signal=75%	
MAINA_VHL_TARGETS_DN	MAINA_VHL_TARGETS_DN		16	0.2419616	0.70271915	0.87323946	1.0	1.0	5212	tags=44%, list=34%, signal=67%	
BECKER_TAMOXIFEN_RESISTANCE_DN	BECKER_TAMOXIFEN_RESISTANCE_DN		46	0.1833295	0.70258445	0.92618626	1.0	1.0	2748	tags=20%, list=18%, signal=24%	
NUNODA_RESPONSE_TO_DASATINIB_IMATINIB_UP	NUNODA_RESPONSE_TO_DASATINIB_IMATINIB_UP		27	0.2109282	0.7023998	0.88148147	1.0	1.0	3603	tags=22%, list=24%, signal=29%	
REACTOME_PLATELET_CALCIUM_HOMEOSTASIS	REACTOME_PLATELET_CALCIUM_HOMEOSTASIS		25	0.21319279	0.7020959	0.87027025	1.0	1.0	6185	tags=64%, list=41%, signal=108%	
SMITH_TERT_TARGETS_UP	SMITH_TERT_TARGETS_UP		129	0.15095659	0.7016143	0.98015267	1.0	1.0	4485	tags=27%, list=30%, signal=38%	
WP_HOSTPATHOGEN_INTERACTION_OF_HUMAN_CORONAVIRUSES_APOPTOSIS	WP_HOSTPATHOGEN_INTERACTION_OF_HUMAN_CORONAVIRUSES_APOPTOSIS		15	0.24195902	0.7016121	0.865019	1.0	1.0	4918	tags=53%, list=33%, signal=79%	
PID_ILK_PATHWAY	PID_ILK_PATHWAY		37	0.19470046	0.70135546	0.89386404	1.0	1.0	2736	tags=19%, list=18%, signal=23%	
MOREIRA_RESPONSE_TO_TSA_UP	MOREIRA_RESPONSE_TO_TSA_UP		22	0.21948822	0.70097065	0.88495576	1.0	1.0	1337	tags=14%, list=9%, signal=15%	
WP_TRANSCRIPTIONAL_REGULATION_OF_MEMORY_B_CELL_DIFFERENTIATION	WP_TRANSCRIPTIONAL_REGULATION_OF_MEMORY_B_CELL_DIFFERENTIATION		34	0.19718796	0.7003485	0.9196581	1.0	1.0	2865	tags=24%, list=19%, signal=29%	
RASHI_RESPONSE_TO_IONIZING_RADIATION_1	RASHI_RESPONSE_TO_IONIZING_RADIATION_1		31	0.1993317	0.70029074	0.9168111	1.0	1.0	300	tags=6%, list=2%, signal=7%	
CROONQUIST_STROMAL_STIMULATION_UP	CROONQUIST_STROMAL_STIMULATION_UP		43	0.1836121	0.6990775	0.9307432	1.0	1.0	3791	tags=26%, list=25%, signal=34%	
KEGG_MEDICUS_VARIANT_MUTATION_CAUSED_ABERRANT_TDP43_TO_ELECTRON_TRANSFER_IN_COMPLEX_I	KEGG_MEDICUS_VARIANT_MUTATION_CAUSED_ABERRANT_TDP43_TO_ELECTRON_TRANSFER_IN_COMPLEX_I		42	0.18907277	0.6987871	0.90986395	1.0	1.0	2081	tags=14%, list=14%, signal=17%	
LIU_NASOPHARYNGEAL_CARCINOMA	LIU_NASOPHARYNGEAL_CARCINOMA		59	0.1729838	0.6979976	0.9420035	1.0	1.0	2913	tags=20%, list=19%, signal=25%	
WP_TCA_CYCLE_AND_DEFICIENCY_OF_PYRUVATE_DEHYDROGENASE_COMPLEX_PDHC	WP_TCA_CYCLE_AND_DEFICIENCY_OF_PYRUVATE_DEHYDROGENASE_COMPLEX_PDHC		15	0.23943806	0.6971924	0.8904348	1.0	1.0	1005	tags=13%, list=7%, signal=14%	
WP_AXON_GUIDANCE	WP_AXON_GUIDANCE		64	0.16915514	0.69696814	0.9434276	1.0	1.0	3056	tags=20%, list=20%, signal=25%	
PID_RB_1PATHWAY	PID_RB_1PATHWAY		47	0.18042652	0.6968318	0.9261168	1.0	1.0	227	tags=6%, list=2%, signal=6%	
REACTOME_RESOLUTION_OF_SISTER_CHROMATID_COHESION	REACTOME_RESOLUTION_OF_SISTER_CHROMATID_COHESION		111	0.15623741	0.69679344	0.96363634	1.0	1.0	5661	tags=41%, list=37%, signal=66%	
WELCH_GATA1_TARGETS	WELCH_GATA1_TARGETS		16	0.23759285	0.6967603	0.8543517	1.0	1.0	3960	tags=31%, list=26%, signal=42%	
FONTAINE_THYROID_TUMOR_UNCERTAIN_MALIGNANCY_DN	FONTAINE_THYROID_TUMOR_UNCERTAIN_MALIGNANCY_DN		20	0.22142862	0.6960442	0.8945519	1.0	1.0	4518	tags=45%, list=30%, signal=64%	
LEONARD_HYPOXIA	LEONARD_HYPOXIA		37	0.19235015	0.6960032	0.9166667	1.0	1.0	1850	tags=14%, list=12%, signal=15%	
KEGG_MEDICUS_VARIANT_MUTATION_CAUSED_ABERRANT_HTT_TO_26S_PROTEASOME_MEDIATED_PROTEIN_DEGRADATION	KEGG_MEDICUS_VARIANT_MUTATION_CAUSED_ABERRANT_HTT_TO_26S_PROTEASOME_MEDIATED_PROTEIN_DEGRADATION		34	0.19777115	0.6950168	0.9080068	1.0	1.0	2439	tags=15%, list=16%, signal=17%	
BURTON_ADIPOGENESIS_1	BURTON_ADIPOGENESIS_1		24	0.20765282	0.69449705	0.89889705	1.0	1.0	4559	tags=33%, list=30%, signal=48%	
CROMER_METASTASIS_UP	CROMER_METASTASIS_UP		63	0.17214443	0.69414526	0.9558101	1.0	1.0	3854	tags=24%, list=26%, signal=32%	
REACTOME_EARLY_SARS_COV_2_INFECTION_EVENTS	REACTOME_EARLY_SARS_COV_2_INFECTION_EVENTS		31	0.19783437	0.6940874	0.90893763	1.0	1.0	4888	tags=45%, list=32%, signal=67%	
KYNG_ENVIRONMENTAL_STRESS_RESPONSE_DN	KYNG_ENVIRONMENTAL_STRESS_RESPONSE_DN		16	0.2343977	0.6940103	0.8842676	1.0	1.0	11571	tags=100%, list=77%, signal=427%	
SESTO_RESPONSE_TO_UV_C2	SESTO_RESPONSE_TO_UV_C2		52	0.17654175	0.69381535	0.9362745	1.0	1.0	2032	tags=13%, list=13%, signal=15%	
REACTOME_ROS_AND_RNS_PRODUCTION_IN_PHAGOCYTES	REACTOME_ROS_AND_RNS_PRODUCTION_IN_PHAGOCYTES		30	0.20338792	0.6936804	0.91808873	1.0	1.0	927	tags=10%, list=6%, signal=11%	
MASRI_RESISTANCE_TO_TAMOXIFEN_AND_AROMATASE_INHIBITORS_DN	MASRI_RESISTANCE_TO_TAMOXIFEN_AND_AROMATASE_INHIBITORS_DN		18	0.22746164	0.69363636	0.8809947	1.0	1.0	3491	tags=39%, list=23%, signal=51%	
KEGG_CITRATE_CYCLE_TCA_CYCLE	KEGG_CITRATE_CYCLE_TCA_CYCLE		24	0.21382535	0.6929589	0.8950178	1.0	1.0	5292	tags=42%, list=35%, signal=64%	
REACTOME_RIPK1_MEDIATED_REGULATED_NECROSIS	REACTOME_RIPK1_MEDIATED_REGULATED_NECROSIS		27	0.20625217	0.69295007	0.9089317	1.0	1.0	2699	tags=19%, list=18%, signal=23%	
AIYAR_COBRA1_TARGETS_DN	AIYAR_COBRA1_TARGETS_DN		27	0.20532088	0.6923654	0.910473	1.0	1.0	4091	tags=37%, list=27%, signal=51%	
GAZDA_DIAMOND_BLACKFAN_ANEMIA_PROGENITOR_DN	GAZDA_DIAMOND_BLACKFAN_ANEMIA_PROGENITOR_DN		56	0.17346297	0.69173867	0.95345104	1.0	1.0	2526	tags=18%, list=17%, signal=21%	
BARRIER_CANCER_RELAPSE_TUMOR_SAMPLE_UP	BARRIER_CANCER_RELAPSE_TUMOR_SAMPLE_UP		15	0.23842955	0.6913322	0.8972973	1.0	1.0	2662	tags=20%, list=18%, signal=24%	
TAYLOR_METHYLATED_IN_ACUTE_LYMPHOBLASTIC_LEUKEMIA	TAYLOR_METHYLATED_IN_ACUTE_LYMPHOBLASTIC_LEUKEMIA		72	0.16705935	0.6912673	0.9605263	1.0	1.0	2744	tags=19%, list=18%, signal=24%	
REACTOME_RORA_B_C_AND_NR1D1_REV_ERBA_REGULATE_GENE_EXPRESSION	REACTOME_RORA_B_C_AND_NR1D1_REV_ERBA_REGULATE_GENE_EXPRESSION		23	0.2121353	0.6885149	0.90727276	1.0	1.0	2589	tags=22%, list=17%, signal=26%	
REACTOME_DISEASES_OF_IMMUNE_SYSTEM	REACTOME_DISEASES_OF_IMMUNE_SYSTEM		22	0.21756405	0.6865796	0.866426	1.0	1.0	3396	tags=27%, list=22%, signal=35%	
TOMLINS_PROSTATE_CANCER_DN	TOMLINS_PROSTATE_CANCER_DN		40	0.18801075	0.68644255	0.94682676	1.0	1.0	3835	tags=30%, list=25%, signal=40%	
BERTUCCI_MEDULLARY_VS_DUCTAL_BREAST_CANCER_DN	BERTUCCI_MEDULLARY_VS_DUCTAL_BREAST_CANCER_DN		153	0.1448311	0.6862082	0.9892966	1.0	1.0	4908	tags=33%, list=32%, signal=49%	
JAZAG_TGFB1_SIGNALING_VIA_SMAD4_DN	JAZAG_TGFB1_SIGNALING_VIA_SMAD4_DN		53	0.17301711	0.68476456	0.9424342	1.0	1.0	2925	tags=23%, list=19%, signal=28%	
KIM_ALL_DISORDERS_OLIGODENDROCYTE_NUMBER_CORR_DN	KIM_ALL_DISORDERS_OLIGODENDROCYTE_NUMBER_CORR_DN		23	0.21100041	0.6836105	0.91915643	1.0	1.0	5156	tags=43%, list=34%, signal=66%	
KEGG_MEDICUS_VARIANT_MUTATION_INACTIVATED_PINK1_TO_ELECTRON_TRANSFER_IN_COMPLEX_I	KEGG_MEDICUS_VARIANT_MUTATION_INACTIVATED_PINK1_TO_ELECTRON_TRANSFER_IN_COMPLEX_I		42	0.18298964	0.6834192	0.9369369	1.0	1.0	2081	tags=14%, list=14%, signal=17%	
REACTOME_APC_C_CDH1_MEDIATED_DEGRADATION_OF_CDC20_AND_OTHER_APC_C_CDH1_TARGETED_PROTEINS_IN_LATE_MITOSIS_EARLY_G1	REACTOME_APC_C_CDH1_MEDIATED_DEGRADATION_OF_CDC20_AND_OTHER_APC_C_CDH1_TARGETED_PROTEINS_IN_LATE_MITOSIS_EARLY_G1		59	0.16919732	0.683207	0.95309883	1.0	1.0	4562	tags=29%, list=30%, signal=41%	
FUJII_YBX1_TARGETS_DN	FUJII_YBX1_TARGETS_DN		183	0.14171559	0.68256813	0.9955157	1.0	1.0	4118	tags=25%, list=27%, signal=33%	
REACTOME_TRANSPORT_OF_THE_SLBP_DEPENDANT_MATURE_MRNA	REACTOME_TRANSPORT_OF_THE_SLBP_DEPENDANT_MATURE_MRNA		35	0.19205725	0.6815353	0.9455782	1.0	1.0	5446	tags=43%, list=36%, signal=67%	
REACTOME_KEAP1_NFE2L2_PATHWAY	REACTOME_KEAP1_NFE2L2_PATHWAY		103	0.15254408	0.6811936	0.97842836	1.0	1.0	4202	tags=24%, list=28%, signal=33%	
LI_ESTROGENE_T47D_E2_RESPONSE_UP	LI_ESTROGENE_T47D_E2_RESPONSE_UP		52	0.17404668	0.6795527	0.94097805	1.0	1.0	2675	tags=21%, list=18%, signal=26%	
DI_MARTINO_MATRISOME_HIGHLY_PROLIFERATIVE_HNSCC_TUMOR_CELL_DERIVED	DI_MARTINO_MATRISOME_HIGHLY_PROLIFERATIVE_HNSCC_TUMOR_CELL_DERIVED		16	0.2313661	0.67848915	0.89824563	1.0	1.0	1946	tags=19%, list=13%, signal=21%	
JIANG_AGING_HYPOTHALAMUS_DN	JIANG_AGING_HYPOTHALAMUS_DN		31	0.19511162	0.6758206	0.9253472	1.0	1.0	3799	tags=32%, list=25%, signal=43%	
REACTOME_INTERLEUKIN_12_FAMILY_SIGNALING	REACTOME_INTERLEUKIN_12_FAMILY_SIGNALING		43	0.18024199	0.6758078	0.9391304	1.0	1.0	4585	tags=35%, list=30%, signal=50%	
PID_PRL_SIGNALING_EVENTS_PATHWAY	PID_PRL_SIGNALING_EVENTS_PATHWAY		20	0.21757849	0.6756283	0.8879159	1.0	1.0	2222	tags=15%, list=15%, signal=18%	
MATZUK_EMBRYONIC_GERM_CELL	MATZUK_EMBRYONIC_GERM_CELL		17	0.22372445	0.67533386	0.89053804	1.0	1.0	1314	tags=12%, list=9%, signal=13%	
HEIDENBLAD_AMPLICON_8Q24_UP	HEIDENBLAD_AMPLICON_8Q24_UP		35	0.18857326	0.6751416	0.9525368	1.0	1.0	2072	tags=17%, list=14%, signal=20%	
RODRIGUES_NTN1_AND_DCC_TARGETS	RODRIGUES_NTN1_AND_DCC_TARGETS		28	0.19410716	0.67457217	0.9318182	1.0	1.0	4576	tags=32%, list=30%, signal=46%	
FONTAINE_THYROID_TUMOR_UNCERTAIN_MALIGNANCY_UP	FONTAINE_THYROID_TUMOR_UNCERTAIN_MALIGNANCY_UP		31	0.19368252	0.674447	0.926259	1.0	1.0	4008	tags=29%, list=27%, signal=39%	
DEN_INTERACT_WITH_LCA5	DEN_INTERACT_WITH_LCA5		25	0.20693383	0.6743445	0.89827585	1.0	1.0	791	tags=12%, list=5%, signal=13%	
YAO_TEMPORAL_RESPONSE_TO_PROGESTERONE_CLUSTER_2	YAO_TEMPORAL_RESPONSE_TO_PROGESTERONE_CLUSTER_2		42	0.17960055	0.6733088	0.9410775	1.0	1.0	4144	tags=29%, list=27%, signal=39%	
REACTOME_COLLAGEN_FORMATION	REACTOME_COLLAGEN_FORMATION		79	0.15734	0.6730058	0.97774243	1.0	1.0	3504	tags=23%, list=23%, signal=30%	
LEIN_MIDBRAIN_MARKERS	LEIN_MIDBRAIN_MARKERS		68	0.16260824	0.6726716	0.96511626	1.0	1.0	4540	tags=32%, list=30%, signal=46%	
URS_ADIPOCYTE_DIFFERENTIATION_DN	URS_ADIPOCYTE_DIFFERENTIATION_DN		26	0.20355198	0.6726448	0.9129693	1.0	1.0	3653	tags=23%, list=24%, signal=30%	
WP_TRIACYLGLYCERIDE_SYNTHESIS	WP_TRIACYLGLYCERIDE_SYNTHESIS		18	0.2202384	0.67258096	0.9144487	1.0	1.0	4155	tags=33%, list=27%, signal=46%	
REACTOME_G0_AND_EARLY_G1	REACTOME_G0_AND_EARLY_G1		25	0.20277527	0.6725142	0.92994744	1.0	1.0	1104	tags=8%, list=7%, signal=9%	
REACTOME_REGULATION_OF_T_CELL_ACTIVATION_BY_CD28_FAMILY	REACTOME_REGULATION_OF_T_CELL_ACTIVATION_BY_CD28_FAMILY		53	0.17287521	0.6708199	0.95477384	1.0	1.0	4222	tags=32%, list=28%, signal=44%	
REACTOME_CLEC7A_DECTIN_1_SIGNALING	REACTOME_CLEC7A_DECTIN_1_SIGNALING		80	0.15865903	0.6705516	0.9680672	1.0	1.0	3534	tags=20%, list=23%, signal=26%	
REACTOME_PCP_CE_PATHWAY	REACTOME_PCP_CE_PATHWAY		75	0.158771	0.67044395	0.97572815	1.0	1.0	2639	tags=16%, list=17%, signal=19%	
SHAFFER_IRF4_TARGETS_IN_ACTIVATED_B_LYMPHOCYTE	SHAFFER_IRF4_TARGETS_IN_ACTIVATED_B_LYMPHOCYTE		77	0.15565456	0.66919345	0.96	1.0	1.0	5283	tags=36%, list=35%, signal=56%	
OSMAN_BLADDER_CANCER_UP	OSMAN_BLADDER_CANCER_UP		354	0.12827528	0.66895497	1.0	1.0	1.0	3686	tags=21%, list=24%, signal=27%	
KEGG_MEDICUS_REFERENCE_VGCC_CA2_APOPTOTIC_PATHWAY	KEGG_MEDICUS_REFERENCE_VGCC_CA2_APOPTOTIC_PATHWAY		16	0.22684269	0.6688494	0.90017825	1.0	1.0	4903	tags=44%, list=32%, signal=65%	
REACTOME_RHO_GTPASES_ACTIVATE_IQGAPS	REACTOME_RHO_GTPASES_ACTIVATE_IQGAPS		22	0.21000418	0.66874313	0.8890785	1.0	1.0	4857	tags=41%, list=32%, signal=60%	
WP_MAMMALIAN_DISORDER_OF_SEXUAL_DEVELOPMENT	WP_MAMMALIAN_DISORDER_OF_SEXUAL_DEVELOPMENT		18	0.2189478	0.6686517	0.902439	1.0	1.0	1370	tags=11%, list=9%, signal=12%	
TURASHVILI_BREAST_LOBULAR_CARCINOMA_VS_LOBULAR_NORMAL_DN	TURASHVILI_BREAST_LOBULAR_CARCINOMA_VS_LOBULAR_NORMAL_DN		66	0.16305612	0.66859066	0.96825397	1.0	1.0	3666	tags=23%, list=24%, signal=30%	
REACTOME_HOST_INTERACTIONS_OF_HIV_FACTORS	REACTOME_HOST_INTERACTIONS_OF_HIV_FACTORS		109	0.14648944	0.66780967	0.990307	1.0	1.0	4228	tags=27%, list=28%, signal=37%	
WP_MODULATORS_OF_TCR_SIGNALING_AND_T_CELL_ACTIVATION	WP_MODULATORS_OF_TCR_SIGNALING_AND_T_CELL_ACTIVATION		49	0.17451492	0.6677811	0.96283185	1.0	1.0	1247	tags=10%, list=8%, signal=11%	
REACTOME_RETROGRADE_TRANSPORT_AT_THE_TRANS_GOLGI_NETWORK	REACTOME_RETROGRADE_TRANSPORT_AT_THE_TRANS_GOLGI_NETWORK		46	0.17294388	0.66745466	0.97959185	1.0	1.0	3995	tags=30%, list=26%, signal=41%	
REACTOME_RESPIRATORY_SYNCYTIAL_VIRUS_INFECTION_PATHWAY	REACTOME_RESPIRATORY_SYNCYTIAL_VIRUS_INFECTION_PATHWAY		97	0.15264693	0.66722685	0.98405105	1.0	1.0	4337	tags=29%, list=29%, signal=40%	
GOTZMANN_EPITHELIAL_TO_MESENCHYMAL_TRANSITION_UP	GOTZMANN_EPITHELIAL_TO_MESENCHYMAL_TRANSITION_UP		58	0.16665849	0.6667064	0.95932204	1.0	1.0	3671	tags=21%, list=24%, signal=27%	
BIOCARTA_EPO_PATHWAY	BIOCARTA_EPO_PATHWAY		16	0.22333732	0.66633385	0.90053284	1.0	1.0	1138	tags=13%, list=8%, signal=14%	
REACTOME_CITRIC_ACID_CYCLE_TCA_CYCLE	REACTOME_CITRIC_ACID_CYCLE_TCA_CYCLE		28	0.1938977	0.66623765	0.9419569	1.0	1.0	2285	tags=18%, list=15%, signal=21%	
REACTOME_CARGO_TRAFFICKING_TO_THE_PERICILIARY_MEMBRANE	REACTOME_CARGO_TRAFFICKING_TO_THE_PERICILIARY_MEMBRANE		45	0.1739302	0.6658453	0.94754654	1.0	1.0	4788	tags=31%, list=32%, signal=45%	
BARRIER_COLON_CANCER_RECURRENCE_UP	BARRIER_COLON_CANCER_RECURRENCE_UP		40	0.17802417	0.6655148	0.9462738	1.0	1.0	3730	tags=25%, list=25%, signal=33%	
GARGALOVIC_RESPONSE_TO_OXIDIZED_PHOSPHOLIPIDS_YELLOW_UP	GARGALOVIC_RESPONSE_TO_OXIDIZED_PHOSPHOLIPIDS_YELLOW_UP		29	0.19353798	0.6652806	0.9472789	1.0	1.0	2175	tags=14%, list=14%, signal=16%	
FARMER_BREAST_CANCER_CLUSTER_4	FARMER_BREAST_CANCER_CLUSTER_4		17	0.21917443	0.6647991	0.8987567	1.0	1.0	11801	tags=100%, list=78%, signal=456%	
WP_RENINANGIOTENSINALDOSTERONE_SYSTEM_RAAS	WP_RENINANGIOTENSINALDOSTERONE_SYSTEM_RAAS		34	0.18669887	0.6638645	0.93728817	1.0	1.0	3580	tags=21%, list=24%, signal=27%	
REACTOME_DOWNSTREAM_TCR_SIGNALING	REACTOME_DOWNSTREAM_TCR_SIGNALING		71	0.15966244	0.6634845	0.96345514	1.0	1.0	3534	tags=21%, list=23%, signal=27%	
REACTOME_CARDIAC_CONDUCTION	REACTOME_CARDIAC_CONDUCTION		108	0.1476681	0.66310513	0.9904	1.0	1.0	4738	tags=33%, list=31%, signal=48%	
DACOSTA_ERCC3_ALLELE_XPCS_VS_TTD_UP	DACOSTA_ERCC3_ALLELE_XPCS_VS_TTD_UP		22	0.20512095	0.6619646	0.9281768	1.0	1.0	1631	tags=14%, list=11%, signal=15%	
MOOTHA_VOXPHOS	MOOTHA_VOXPHOS		80	0.15418892	0.66152745	0.98045605	1.0	1.0	4496	tags=29%, list=30%, signal=41%	
CHUNG_BLISTER_CYTOTOXICITY_DN	CHUNG_BLISTER_CYTOTOXICITY_DN		40	0.176321	0.66018677	0.9513423	1.0	1.0	4434	tags=35%, list=29%, signal=49%	
KEGG_MEDICUS_VARIANT_MUTATION_INACTIVATED_UBQLN2_TO_26S_PROTEASOME_MEDIATED_PROTEIN_DEGRADATION	KEGG_MEDICUS_VARIANT_MUTATION_INACTIVATED_UBQLN2_TO_26S_PROTEASOME_MEDIATED_PROTEIN_DEGRADATION		38	0.18095687	0.6573662	0.94789916	1.0	1.0	4148	tags=24%, list=27%, signal=33%	
HASLINGER_B_CLL_WITH_11Q23_DELETION	HASLINGER_B_CLL_WITH_11Q23_DELETION		20	0.21032444	0.6557173	0.9337979	1.0	1.0	54	tags=5%, list=0%, signal=5%	
OLSSON_E2F3_TARGETS_DN	OLSSON_E2F3_TARGETS_DN		34	0.18277067	0.654957	0.95042735	1.0	1.0	5628	tags=41%, list=37%, signal=65%	
CARD_MIR302A_TARGETS	CARD_MIR302A_TARGETS		73	0.15764381	0.65423024	0.9848485	1.0	1.0	2465	tags=14%, list=16%, signal=16%	
MURATA_VIRULENCE_OF_H_PILORI	MURATA_VIRULENCE_OF_H_PILORI		16	0.22196385	0.65380204	0.8862069	1.0	1.0	3845	tags=31%, list=25%, signal=42%	
LINDVALL_IMMORTALIZED_BY_TERT_DN	LINDVALL_IMMORTALIZED_BY_TERT_DN		68	0.15942633	0.6536693	0.97021943	1.0	1.0	1331	tags=10%, list=9%, signal=11%	
REACTOME_FOXO_MEDIATED_TRANSCRIPTION_OF_OXIDATIVE_STRESS_METABOLIC_AND_NEURONAL_GENES	REACTOME_FOXO_MEDIATED_TRANSCRIPTION_OF_OXIDATIVE_STRESS_METABOLIC_AND_NEURONAL_GENES		21	0.20789376	0.6521766	0.92250925	1.0	1.0	2253	tags=19%, list=15%, signal=22%	
REACTOME_SIGNALING_BY_CSF3_G_CSF	REACTOME_SIGNALING_BY_CSF3_G_CSF		27	0.1916381	0.650981	0.92760944	1.0	1.0	4242	tags=37%, list=28%, signal=51%	
REACTOME_INTERACTIONS_OF_REV_WITH_HOST_CELLULAR_PROTEINS	REACTOME_INTERACTIONS_OF_REV_WITH_HOST_CELLULAR_PROTEINS		35	0.18220964	0.6504999	0.9501718	1.0	1.0	2976	tags=20%, list=20%, signal=25%	
NIKOLSKY_BREAST_CANCER_6P24_P22_AMPLICON	NIKOLSKY_BREAST_CANCER_6P24_P22_AMPLICON		20	0.20671768	0.6494555	0.93971634	1.0	1.0	6218	tags=60%, list=41%, signal=102%	
SHIN_B_CELL_LYMPHOMA_CLUSTER_3	SHIN_B_CELL_LYMPHOMA_CLUSTER_3		24	0.19819286	0.6493061	0.9334501	1.0	1.0	5037	tags=46%, list=33%, signal=69%	
WP_EBSTEINBARR_VIRUS_LMP1_SIGNALING	WP_EBSTEINBARR_VIRUS_LMP1_SIGNALING		19	0.20829774	0.64921916	0.9258621	1.0	1.0	3505	tags=26%, list=23%, signal=34%	
REACTOME_AUF1_HNRNP_D0_BINDS_AND_DESTABILIZES_MRNA	REACTOME_AUF1_HNRNP_D0_BINDS_AND_DESTABILIZES_MRNA		39	0.17776337	0.6485162	0.9628378	1.0	1.0	4148	tags=23%, list=27%, signal=32%	
REACTOME_MEIOTIC_RECOMBINATION	REACTOME_MEIOTIC_RECOMBINATION		55	0.16328113	0.6485154	0.9736842	1.0	1.0	3905	tags=25%, list=26%, signal=34%	
SHAFFER_IRF4_TARGETS_IN_PLASMA_CELL_VS_MATURE_B_LYMPHOCYTE	SHAFFER_IRF4_TARGETS_IN_PLASMA_CELL_VS_MATURE_B_LYMPHOCYTE		54	0.16244282	0.647534	0.9676871	1.0	1.0	5484	tags=37%, list=36%, signal=58%	
GEORGES_CELL_CYCLE_MIR192_TARGETS	GEORGES_CELL_CYCLE_MIR192_TARGETS		57	0.1610172	0.6467663	0.9738989	1.0	1.0	1798	tags=12%, list=12%, signal=14%	
WILLERT_WNT_SIGNALING	WILLERT_WNT_SIGNALING		18	0.21328431	0.6450536	0.92998207	1.0	1.0	1568	tags=17%, list=10%, signal=19%	
REACTOME_GLYCOSPHINGOLIPID_CATABOLISM	REACTOME_GLYCOSPHINGOLIPID_CATABOLISM		33	0.18156853	0.64346397	0.94561404	1.0	1.0	3009	tags=21%, list=20%, signal=26%	
DOANE_BREAST_CANCER_CLASSES_DN	DOANE_BREAST_CANCER_CLASSES_DN		32	0.18259756	0.6433645	0.9522184	1.0	1.0	4549	tags=28%, list=30%, signal=40%	
WP_MESODERMAL_COMMITMENT_PATHWAY	WP_MESODERMAL_COMMITMENT_PATHWAY		127	0.13791798	0.64310765	0.99237806	1.0	1.0	4549	tags=28%, list=30%, signal=40%	
CORRE_MULTIPLE_MYELOMA_UP	CORRE_MULTIPLE_MYELOMA_UP		64	0.15929134	0.6421182	0.977813	1.0	1.0	4142	tags=25%, list=27%, signal=34%	
REACTOME_SHC_MEDIATED_CASCADE_FGFR4	REACTOME_SHC_MEDIATED_CASCADE_FGFR4		16	0.21861526	0.64210856	0.92022264	1.0	1.0	3843	tags=31%, list=25%, signal=42%	
LINSLEY_MIR16_TARGETS	LINSLEY_MIR16_TARGETS		196	0.13210635	0.64176637	0.99852073	1.0	1.0	4101	tags=23%, list=27%, signal=31%	
REACTOME_MEIOTIC_SYNAPSIS	REACTOME_MEIOTIC_SYNAPSIS		50	0.16516538	0.640271	0.9633333	1.0	1.0	1531	tags=12%, list=10%, signal=13%	
VERRECCHIA_RESPONSE_TO_TGFB1_C1	VERRECCHIA_RESPONSE_TO_TGFB1_C1		19	0.20490834	0.63982576	0.937276	1.0	1.0	929	tags=11%, list=6%, signal=11%	
REACTOME_REGULATION_OF_RAS_BY_GAPS	REACTOME_REGULATION_OF_RAS_BY_GAPS		54	0.16152027	0.6394209	0.9756944	1.0	1.0	4173	tags=24%, list=28%, signal=33%	
KEGG_GLYCOSAMINOGLYCAN_BIOSYNTHESIS_HEPARAN_SULFATE	KEGG_GLYCOSAMINOGLYCAN_BIOSYNTHESIS_HEPARAN_SULFATE		25	0.19119696	0.6383671	0.94633275	1.0	1.0	2424	tags=20%, list=16%, signal=24%	
TURASHVILI_BREAST_DUCTAL_CARCINOMA_VS_LOBULAR_NORMAL_UP	TURASHVILI_BREAST_DUCTAL_CARCINOMA_VS_LOBULAR_NORMAL_UP		66	0.15525572	0.6381	0.9794304	1.0	1.0	3781	tags=24%, list=25%, signal=32%	
ENK_UV_RESPONSE_KERATINOCYTE_DN	ENK_UV_RESPONSE_KERATINOCYTE_DN		448	0.120252915	0.63693327	1.0	1.0	1.0	4522	tags=26%, list=30%, signal=36%	
BROWNE_HCMV_INFECTION_16HR_DN	BROWNE_HCMV_INFECTION_16HR_DN		67	0.15482908	0.63681763	0.9918033	1.0	1.0	4008	tags=24%, list=27%, signal=32%	
ABRAHAM_ALPC_VS_MULTIPLE_MYELOMA_UP	ABRAHAM_ALPC_VS_MULTIPLE_MYELOMA_UP		23	0.19453338	0.63643146	0.93613136	1.0	1.0	2907	tags=22%, list=19%, signal=27%	
RUAN_RESPONSE_TO_TROGLITAZONE_UP	RUAN_RESPONSE_TO_TROGLITAZONE_UP		22	0.1940781	0.6354686	0.94990367	1.0	1.0	3937	tags=32%, list=26%, signal=43%	
KEGG_MEDICUS_REFERENCE_SPINDLE_ASSEMBLY_CHECKPOINT_SIGNALING	KEGG_MEDICUS_REFERENCE_SPINDLE_ASSEMBLY_CHECKPOINT_SIGNALING		19	0.20279916	0.6341358	0.91992885	1.0	1.0	5214	tags=42%, list=35%, signal=64%	
REACTOME_SULFUR_AMINO_ACID_METABOLISM	REACTOME_SULFUR_AMINO_ACID_METABOLISM		24	0.192515	0.6339738	0.9501845	1.0	1.0	3236	tags=21%, list=21%, signal=26%	
NAKAYAMA_FRA2_TARGETS	NAKAYAMA_FRA2_TARGETS		38	0.17336652	0.6338947	0.9648506	1.0	1.0	4384	tags=29%, list=29%, signal=41%	
REACTOME_SEPARATION_OF_SISTER_CHROMATIDS	REACTOME_SEPARATION_OF_SISTER_CHROMATIDS		161	0.1316785	0.63165057	1.0	1.0	1.0	5661	tags=38%, list=37%, signal=60%	
REACTOME_DEGRADATION_OF_AXIN	REACTOME_DEGRADATION_OF_AXIN		39	0.17121914	0.6301802	0.9712352	1.0	1.0	4148	tags=23%, list=27%, signal=32%	
WP_ALSTROM_SYNDROME	WP_ALSTROM_SYNDROME		32	0.18238576	0.62848586	0.9570248	1.0	1.0	2669	tags=19%, list=18%, signal=23%	
KEGG_MEDICUS_REFERENCE_TNF_P38_SIGNALING_PATHWAY	KEGG_MEDICUS_REFERENCE_TNF_P38_SIGNALING_PATHWAY		17	0.20806736	0.6281656	0.9430147	1.0	1.0	4959	tags=47%, list=33%, signal=70%	
MAGRANGEAS_MULTIPLE_MYELOMA_IGG_VS_IGA_UP	MAGRANGEAS_MULTIPLE_MYELOMA_IGG_VS_IGA_UP		16	0.2150769	0.626952	0.94075406	1.0	1.0	22	tags=6%, list=0%, signal=6%	
KYNG_WERNER_SYNDROM_AND_NORMAL_AGING_DN	KYNG_WERNER_SYNDROM_AND_NORMAL_AGING_DN		163	0.13154316	0.62661403	1.0	1.0	1.0	3985	tags=23%, list=26%, signal=31%	
REACTOME_UB_SPECIFIC_PROCESSING_PROTEASES	REACTOME_UB_SPECIFIC_PROCESSING_PROTEASES		153	0.13250943	0.6260104	0.9983897	1.0	1.0	1861	tags=10%, list=12%, signal=12%	
KEGG_SNARE_INTERACTIONS_IN_VESICULAR_TRANSPORT	KEGG_SNARE_INTERACTIONS_IN_VESICULAR_TRANSPORT		34	0.17759717	0.6259885	0.9592199	1.0	1.0	5148	tags=38%, list=34%, signal=58%	
REACTOME_NITRIC_OXIDE_STIMULATES_GUANYLATE_CYCLASE	REACTOME_NITRIC_OXIDE_STIMULATES_GUANYLATE_CYCLASE		20	0.20293503	0.6259863	0.938704	1.0	1.0	3902	tags=35%, list=26%, signal=47%	
REACTOME_INFLAMMASOMES	REACTOME_INFLAMMASOMES		18	0.20603175	0.6250575	0.9314079	1.0	1.0	4202	tags=33%, list=28%, signal=46%	
DORSEY_GAB2_TARGETS	DORSEY_GAB2_TARGETS		26	0.18580659	0.6240099	0.96533793	1.0	1.0	4882	tags=35%, list=32%, signal=51%	
REACTOME_DEGRADATION_OF_DVL	REACTOME_DEGRADATION_OF_DVL		43	0.16601774	0.6237902	0.982699	1.0	1.0	4173	tags=23%, list=28%, signal=32%	
AMUNDSON_RESPONSE_TO_ARSENITE	AMUNDSON_RESPONSE_TO_ARSENITE		192	0.1263838	0.6229835	1.0	1.0	1.0	2043	tags=10%, list=14%, signal=11%	
HERNANDEZ_MITOTIC_ARREST_BY_DOCETAXEL_2_DN	HERNANDEZ_MITOTIC_ARREST_BY_DOCETAXEL_2_DN		15	0.21094154	0.62078595	0.9460432	1.0	1.0	4014	tags=33%, list=27%, signal=45%	
CHIBA_RESPONSE_TO_TSA_DN	CHIBA_RESPONSE_TO_TSA_DN		15	0.21286885	0.61791426	0.93284935	1.0	1.0	3412	tags=20%, list=23%, signal=26%	
TURASHVILI_BREAST_CARCINOMA_DUCTAL_VS_LOBULAR_UP	TURASHVILI_BREAST_CARCINOMA_DUCTAL_VS_LOBULAR_UP		22	0.19368087	0.61614776	0.9344538	1.0	1.0	4709	tags=36%, list=31%, signal=53%	
REACTOME_CA_DEPENDENT_EVENTS	REACTOME_CA_DEPENDENT_EVENTS		33	0.1745802	0.6159404	0.96666664	1.0	1.0	1470	tags=12%, list=10%, signal=13%	
REACTOME_TNFR1_INDUCED_PROAPOPTOTIC_SIGNALING	REACTOME_TNFR1_INDUCED_PROAPOPTOTIC_SIGNALING		21	0.1925671	0.61591846	0.9626486	1.0	1.0	2699	tags=19%, list=18%, signal=23%	
REACTOME_TRANSCRIPTIONAL_REGULATION_BY_RUNX2	REACTOME_TRANSCRIPTIONAL_REGULATION_BY_RUNX2		97	0.13647263	0.6115283	0.99349594	1.0	1.0	4608	tags=29%, list=30%, signal=41%	
PID_BARD1_PATHWAY	PID_BARD1_PATHWAY		26	0.18527676	0.611115	0.9540441	1.0	1.0	3924	tags=23%, list=26%, signal=31%	
BIOCARTA_G2_PATHWAY	BIOCARTA_G2_PATHWAY		17	0.20635241	0.61096156	0.93310463	1.0	1.0	4056	tags=29%, list=27%, signal=40%	
SCIAN_CELL_CYCLE_TARGETS_OF_TP53_AND_TP73_DN	SCIAN_CELL_CYCLE_TARGETS_OF_TP53_AND_TP73_DN		21	0.19480279	0.61051536	0.9423077	1.0	1.0	5647	tags=43%, list=37%, signal=68%	
WP_AUTOPHAGY_IN_PANCREATIC_DUCTAL_ADENOCARCINOMA	WP_AUTOPHAGY_IN_PANCREATIC_DUCTAL_ADENOCARCINOMA		17	0.20626533	0.61017287	0.9466192	1.0	1.0	1657	tags=12%, list=11%, signal=13%	
REACTOME_CROSSLINKING_OF_COLLAGEN_FIBRILS	REACTOME_CROSSLINKING_OF_COLLAGEN_FIBRILS		16	0.20559263	0.6098819	0.9444444	1.0	1.0	1529	tags=13%, list=10%, signal=14%	
REACTOME_TRANSCRIPTIONAL_REGULATION_OF_WHITE_ADIPOCYTE_DIFFERENTIATION	REACTOME_TRANSCRIPTIONAL_REGULATION_OF_WHITE_ADIPOCYTE_DIFFERENTIATION		71	0.1460267	0.6097127	0.9892966	1.0	1.0	3421	tags=21%, list=23%, signal=27%	
SHIPP_DLBCL_VS_FOLLICULAR_LYMPHOMA_UP	SHIPP_DLBCL_VS_FOLLICULAR_LYMPHOMA_UP		43	0.16497259	0.6096441	0.97203946	1.0	1.0	4123	tags=23%, list=27%, signal=32%	
REACTOME_IKK_COMPLEX_RECRUITMENT_MEDIATED_BY_RIP1	REACTOME_IKK_COMPLEX_RECRUITMENT_MEDIATED_BY_RIP1		22	0.18833521	0.6091255	0.9673913	1.0	1.0	3506	tags=23%, list=23%, signal=30%	
REACTOME_NUCLEAR_IMPORT_OF_REV_PROTEIN	REACTOME_NUCLEAR_IMPORT_OF_REV_PROTEIN		33	0.1736896	0.60710436	0.9568221	1.0	1.0	2976	tags=18%, list=20%, signal=23%	
REACTOME_MITOCHONDRIAL_UNFOLDED_PROTEIN_RESPONSE_UPRMT	REACTOME_MITOCHONDRIAL_UNFOLDED_PROTEIN_RESPONSE_UPRMT		15	0.21226081	0.6061036	0.94280446	1.0	1.0	5244	tags=40%, list=35%, signal=61%	
KEGG_MEDICUS_REFERENCE_FANCONI_ANEMIA_PATHWAY	KEGG_MEDICUS_REFERENCE_FANCONI_ANEMIA_PATHWAY		19	0.19536066	0.60523254	0.943662	1.0	1.0	5847	tags=42%, list=39%, signal=69%	
REACTOME_AEROBIC_RESPIRATION_AND_RESPIRATORY_ELECTRON_TRANSPORT	REACTOME_AEROBIC_RESPIRATION_AND_RESPIRATORY_ELECTRON_TRANSPORT		235	0.11889437	0.60031	1.0	1.0	1.0	5059	tags=31%, list=33%, signal=46%	
REACTOME_SPHINGOLIPID_METABOLISM	REACTOME_SPHINGOLIPID_METABOLISM		92	0.13819405	0.60000145	0.99526066	1.0	1.0	3009	tags=18%, list=20%, signal=23%	
KEGG_MEDICUS_REFERENCE_KINETOCHORE_MICROTUBULE_ATTACHMENT	KEGG_MEDICUS_REFERENCE_KINETOCHORE_MICROTUBULE_ATTACHMENT		15	0.20890453	0.59978616	0.94401544	1.0	1.0	2632	tags=20%, list=17%, signal=24%	
ZHENG_FOXP3_TARGETS_IN_T_LYMPHOCYTE_DN	ZHENG_FOXP3_TARGETS_IN_T_LYMPHOCYTE_DN		31	0.17312674	0.5980028	0.9659643	1.0	1.0	559	tags=6%, list=4%, signal=7%	
VIETOR_IFRD1_TARGETS	VIETOR_IFRD1_TARGETS		22	0.18413259	0.5978826	0.9782214	1.0	1.0	4548	tags=32%, list=30%, signal=45%	
REACTOME_ELASTIC_FIBRE_FORMATION	REACTOME_ELASTIC_FIBRE_FORMATION		42	0.15835185	0.5961217	0.9929947	1.0	1.0	3032	tags=19%, list=20%, signal=24%	
REACTOME_TICAM1_RIP1_MEDIATED_IKK_COMPLEX_RECRUITMENT	REACTOME_TICAM1_RIP1_MEDIATED_IKK_COMPLEX_RECRUITMENT		18	0.19664623	0.5959605	0.9527972	1.0	1.0	3506	tags=22%, list=23%, signal=29%	
KEGG_MEDICUS_PATHOGEN_SALMONELLA_SIFA_TO_MICROTUBULE_PLUS_END_DIRECTED_TRANSPORT	KEGG_MEDICUS_PATHOGEN_SALMONELLA_SIFA_TO_MICROTUBULE_PLUS_END_DIRECTED_TRANSPORT		19	0.1912483	0.5954634	0.9529617	1.0	1.0	4594	tags=37%, list=30%, signal=53%	
KEGG_MEDICUS_REFERENCE_ANTEROGRADE_AXONAL_TRANSPORT	KEGG_MEDICUS_REFERENCE_ANTEROGRADE_AXONAL_TRANSPORT		19	0.1912483	0.59433955	0.9661017	1.0	1.0	4594	tags=37%, list=30%, signal=53%	
BIOCARTA_PROTEASOME_PATHWAY	BIOCARTA_PROTEASOME_PATHWAY		18	0.19295038	0.5926669	0.9686924	1.0	1.0	5652	tags=44%, list=37%, signal=71%	
REACTOME_INTERACTIONS_OF_VPR_WITH_HOST_CELLULAR_PROTEINS	REACTOME_INTERACTIONS_OF_VPR_WITH_HOST_CELLULAR_PROTEINS		35	0.16605513	0.5923934	0.9865997	1.0	1.0	5446	tags=40%, list=36%, signal=62%	
KEGG_MEDICUS_REFERENCE_IL6_FAMILY_TO_JAK_STAT_SIGNALING_PATHWAY	KEGG_MEDICUS_REFERENCE_IL6_FAMILY_TO_JAK_STAT_SIGNALING_PATHWAY		20	0.19010487	0.59050435	0.9514019	1.0	1.0	3451	tags=25%, list=23%, signal=32%	
REACTOME_HH_MUTANTS_ABROGATE_LIGAND_SECRETION	REACTOME_HH_MUTANTS_ABROGATE_LIGAND_SECRETION		45	0.15503813	0.5887544	0.99172187	1.0	1.0	1844	tags=11%, list=12%, signal=13%	
RIZ_ERYTHROID_DIFFERENTIATION	RIZ_ERYTHROID_DIFFERENTIATION		71	0.14113374	0.5883543	0.9983687	1.0	1.0	3706	tags=20%, list=25%, signal=26%	
MILI_PSEUDOPODIA_HAPTOTAXIS_UP	MILI_PSEUDOPODIA_HAPTOTAXIS_UP		462	0.10939051	0.58760494	1.0	1.0	1.0	5013	tags=29%, list=33%, signal=42%	
WANG_RESPONSE_TO_BEXAROTENE_DN	WANG_RESPONSE_TO_BEXAROTENE_DN		24	0.17934164	0.58743316	0.9741824	1.0	1.0	3256	tags=17%, list=22%, signal=21%	
KEGG_MEDICUS_VARIANT_MUTATION_CAUSED_ABERRANT_HTT_TO_ANTEROGRADE_AXONAL_TRANSPORT	KEGG_MEDICUS_VARIANT_MUTATION_CAUSED_ABERRANT_HTT_TO_ANTEROGRADE_AXONAL_TRANSPORT		21	0.1855918	0.5857374	0.96422184	1.0	1.0	4594	tags=38%, list=30%, signal=55%	
BRACHAT_RESPONSE_TO_METHOTREXATE_UP	BRACHAT_RESPONSE_TO_METHOTREXATE_UP		16	0.19587202	0.58465886	0.95660037	1.0	1.0	5210	tags=50%, list=34%, signal=76%	
WP_RELATIONSHIP_BETWEEN_INFLAMMATION_COX2_AND_EGFR	WP_RELATIONSHIP_BETWEEN_INFLAMMATION_COX2_AND_EGFR		22	0.18483528	0.58335847	0.97887325	1.0	1.0	4794	tags=36%, list=32%, signal=53%	
LAIHO_COLORECTAL_CANCER_SERRATED_UP	LAIHO_COLORECTAL_CANCER_SERRATED_UP		105	0.13148688	0.5825573	1.0	1.0	1.0	4825	tags=29%, list=32%, signal=42%	
GUILLAUMOND_KLF10_TARGETS_UP	GUILLAUMOND_KLF10_TARGETS_UP		43	0.15485594	0.58069533	0.985	1.0	1.0	3768	tags=28%, list=25%, signal=37%	
ROY_WOUND_BLOOD_VESSEL_UP	ROY_WOUND_BLOOD_VESSEL_UP		45	0.15475485	0.58001107	0.9882155	1.0	1.0	4009	tags=27%, list=27%, signal=36%	
ZHAN_VARIABLE_EARLY_DIFFERENTIATION_GENES_DN	ZHAN_VARIABLE_EARLY_DIFFERENTIATION_GENES_DN		29	0.16831775	0.57872206	0.97315437	1.0	1.0	2950	tags=21%, list=20%, signal=26%	
KEGG_TGF_BETA_SIGNALING_PATHWAY	KEGG_TGF_BETA_SIGNALING_PATHWAY		70	0.13812679	0.5773479	0.9951456	1.0	1.0	3706	tags=24%, list=25%, signal=32%	
SHEN_SMARCA2_TARGETS_UP	SHEN_SMARCA2_TARGETS_UP		395	0.10791844	0.57653314	1.0	1.0	1.0	5003	tags=28%, list=33%, signal=40%	
PID_S1P_S1P1_PATHWAY	PID_S1P_S1P1_PATHWAY		20	0.18760064	0.57605714	0.9843478	1.0	1.0	5063	tags=45%, list=34%, signal=68%	
WP_MITOCHONDRIAL_COMPLEX_I_ASSEMBLY_MODEL_OXPHOS_SYSTEM	WP_MITOCHONDRIAL_COMPLEX_I_ASSEMBLY_MODEL_OXPHOS_SYSTEM		54	0.14378576	0.57573664	0.9950413	1.0	1.0	2112	tags=13%, list=14%, signal=15%	
PUIFFE_INVASION_INHIBITED_BY_ASCITES_UP	PUIFFE_INVASION_INHIBITED_BY_ASCITES_UP		70	0.13793807	0.5746828	0.9968652	1.0	1.0	4506	tags=34%, list=30%, signal=49%	
REACTOME_MITOTIC_METAPHASE_AND_ANAPHASE	REACTOME_MITOTIC_METAPHASE_AND_ANAPHASE		199	0.1162759	0.5724452	1.0	1.0	1.0	5661	tags=38%, list=37%, signal=59%	
WP_STING_PATHWAY_IN_KAWASAKILIKE_DISEASE_AND_COVID19	WP_STING_PATHWAY_IN_KAWASAKILIKE_DISEASE_AND_COVID19		19	0.18912053	0.57135403	0.9559083	1.0	1.0	4152	tags=26%, list=27%, signal=36%	
MARCHINI_TRABECTEDIN_RESISTANCE_DN	MARCHINI_TRABECTEDIN_RESISTANCE_DN		38	0.1579145	0.57110286	0.99335545	1.0	1.0	4185	tags=24%, list=28%, signal=33%	
KEGG_MEDICUS_REFERENCE_COHESIN_DISSOCIATION_IN_ANAPHASE	KEGG_MEDICUS_REFERENCE_COHESIN_DISSOCIATION_IN_ANAPHASE		16	0.1965504	0.5674701	0.96139705	1.0	1.0	5273	tags=44%, list=35%, signal=67%	
REN_ALVEOLAR_RHABDOMYOSARCOMA_DN	REN_ALVEOLAR_RHABDOMYOSARCOMA_DN		381	0.10742458	0.5649954	1.0	1.0	1.0	5408	tags=33%, list=36%, signal=50%	
KEGG_MEDICUS_REFERENCE_BRANCHING_MICROTUBULE_NUCLEATION	KEGG_MEDICUS_REFERENCE_BRANCHING_MICROTUBULE_NUCLEATION		27	0.16481665	0.5614732	0.9912434	1.0	1.0	5695	tags=44%, list=38%, signal=71%	
ARMIGNACCO_SEVERE_COVID19_RISK_EN_NEG	ARMIGNACCO_SEVERE_COVID19_RISK_EN_NEG		20	0.17961834	0.5612578	0.9808362	1.0	1.0	2806	tags=20%, list=19%, signal=25%	
PID_ALK1_PATHWAY	PID_ALK1_PATHWAY		18	0.18836349	0.5609841	0.9609236	1.0	1.0	6264	tags=56%, list=41%, signal=95%	
SCHAEFFER_PROSTATE_DEVELOPMENT_AND_CANCER_BOX4_DN	SCHAEFFER_PROSTATE_DEVELOPMENT_AND_CANCER_BOX4_DN		28	0.16440214	0.55944175	0.9775862	1.0	1.0	1266	tags=11%, list=8%, signal=12%	
PARK_APL_PATHOGENESIS_DN	PARK_APL_PATHOGENESIS_DN		40	0.14935315	0.55685705	0.9948097	1.0	1.0	5170	tags=40%, list=34%, signal=61%	
REACTOME_COMPLEX_I_BIOGENESIS	REACTOME_COMPLEX_I_BIOGENESIS		64	0.13703871	0.55658907	0.9966611	1.0	1.0	5059	tags=33%, list=33%, signal=49%	
WP_INFLUENCE_OF_LAMINOPATHIES_ON_WNT_SIGNALING	WP_INFLUENCE_OF_LAMINOPATHIES_ON_WNT_SIGNALING		28	0.16027427	0.5520492	0.9918567	1.0	1.0	2391	tags=14%, list=16%, signal=17%	
CHENG_RESPONSE_TO_NICKEL_ACETATE	CHENG_RESPONSE_TO_NICKEL_ACETATE		36	0.15095808	0.5477086	0.9899329	1.0	1.0	2038	tags=11%, list=13%, signal=13%	
KEGG_MEDICUS_VARIANT_MUTATION_CAUSED_ABERRANT_ABETA_TO_ELECTRON_TRANSFER_IN_COMPLEX_I	KEGG_MEDICUS_VARIANT_MUTATION_CAUSED_ABERRANT_ABETA_TO_ELECTRON_TRANSFER_IN_COMPLEX_I		48	0.14133449	0.5475804	0.9965338	1.0	1.0	2081	tags=13%, list=14%, signal=14%	
BIOCARTA_RHO_PATHWAY	BIOCARTA_RHO_PATHWAY		18	0.1828939	0.5428662	0.9815157	1.0	1.0	5678	tags=56%, list=38%, signal=89%	
FISCHER_G2_M_CELL_CYCLE	FISCHER_G2_M_CELL_CYCLE		216	0.10892432	0.53844476	1.0	1.0	1.0	5386	tags=32%, list=36%, signal=49%	
KEGG_MEDICUS_REFERENCE_KINETOCHORE_FIBER_ORGANIZATION	KEGG_MEDICUS_REFERENCE_KINETOCHORE_FIBER_ORGANIZATION		17	0.17847452	0.53751254	0.98165137	1.0	1.0	4594	tags=35%, list=30%, signal=51%	
KEGG_MEDICUS_REFERENCE_MICROTUBULE_RHOA_SIGNALING_PATHWAY	KEGG_MEDICUS_REFERENCE_MICROTUBULE_RHOA_SIGNALING_PATHWAY		15	0.188499	0.5362852	0.97307	1.0	1.0	2632	tags=20%, list=17%, signal=24%	
KEGG_MEDICUS_REFERENCE_MICROTUBULE_DEPOLYMERIZATION	KEGG_MEDICUS_REFERENCE_MICROTUBULE_DEPOLYMERIZATION		18	0.17695467	0.5334397	0.976234	1.0	1.0	5535	tags=44%, list=37%, signal=70%	
SHETH_LIVER_CANCER_VS_TXNIP_LOSS_PAM3	SHETH_LIVER_CANCER_VS_TXNIP_LOSS_PAM3		62	0.13227965	0.53312945	0.9966942	1.0	1.0	4592	tags=26%, list=30%, signal=37%	
KEGG_MEDICUS_REFERENCE_ACTIVATION_OF_PRC2.2_BY_UBIQUITINATION_OF_H2AK119	KEGG_MEDICUS_REFERENCE_ACTIVATION_OF_PRC2.2_BY_UBIQUITINATION_OF_H2AK119		16	0.18481122	0.52836466	0.9801085	1.0	1.0	3796	tags=19%, list=25%, signal=25%	
MOREAUX_MULTIPLE_MYELOMA_BY_TACI_DN	MOREAUX_MULTIPLE_MYELOMA_BY_TACI_DN		161	0.11030126	0.52346426	1.0	1.0	1.0	4876	tags=29%, list=32%, signal=42%	
REACTOME_PHASE_4_RESTING_MEMBRANE_POTENTIAL	REACTOME_PHASE_4_RESTING_MEMBRANE_POTENTIAL		16	0.17904817	0.523335	0.99072355	1.0	1.0	4022	tags=25%, list=27%, signal=34%	
KEGG_MEDICUS_REFERENCE_MICROTUBULE_DEPOLYMERIZATION_AT_THE_MINUS_ENDS	KEGG_MEDICUS_REFERENCE_MICROTUBULE_DEPOLYMERIZATION_AT_THE_MINUS_ENDS		15	0.18176681	0.5211938	0.98657715	1.0	1.0	2632	tags=20%, list=17%, signal=24%	
REACTOME_GLYCOSPHINGOLIPID_METABOLISM	REACTOME_GLYCOSPHINGOLIPID_METABOLISM		50	0.13482338	0.5171152	0.9915254	1.0	1.0	3009	tags=20%, list=20%, signal=25%	
REACTOME_INTEGRIN_SIGNALING	REACTOME_INTEGRIN_SIGNALING		21	0.15816994	0.5122776	0.98634815	1.0	1.0	4227	tags=29%, list=28%, signal=40%	
KEGG_MEDICUS_REFERENCE_DNA_REPLICATION_TERMINATION	KEGG_MEDICUS_REFERENCE_DNA_REPLICATION_TERMINATION		19	0.16042675	0.5038847	0.9945355	1.0	1.0	12688	tags=100%, list=84%, signal=623%	
LI_ESTROGENE_META_E2_RESPONSE_DN	LI_ESTROGENE_META_E2_RESPONSE_DN		20	0.16236563	0.50172144	0.9930556	1.0	1.0	1016	tags=10%, list=7%, signal=11%	
CHIARADONNA_NEOPLASTIC_TRANSFORMATION_KRAS_CDC25_DN	CHIARADONNA_NEOPLASTIC_TRANSFORMATION_KRAS_CDC25_DN		44	0.13455299	0.50014967	0.9983051	1.0	1.0	5839	tags=43%, list=39%, signal=70%	
PELLICCIOTTA_HDAC_IN_ANTIGEN_PRESENTATION_UP	PELLICCIOTTA_HDAC_IN_ANTIGEN_PRESENTATION_UP		60	0.12362573	0.4969781	0.9982639	1.0	1.0	4148	tags=22%, list=27%, signal=30%	
KYNG_ENVIRONMENTAL_STRESS_RESPONSE_NOT_BY_GAMMA_IN_OLD	KYNG_ENVIRONMENTAL_STRESS_RESPONSE_NOT_BY_GAMMA_IN_OLD		28	0.14408657	0.49591812	0.9929453	0.9999747	1.0	2981	tags=18%, list=20%, signal=22%	
FARMER_BREAST_CANCER_CLUSTER_5	FARMER_BREAST_CANCER_CLUSTER_5		18	0.16164227	0.49333143	0.99312717	0.99975777	1.0	2491	tags=17%, list=16%, signal=20%	
WATANABE_COLON_CANCER_MSI_VS_MSS_UP	WATANABE_COLON_CANCER_MSI_VS_MSS_UP		26	0.14588505	0.48802856	0.98618305	0.9997136	1.0	3485	tags=23%, list=23%, signal=30%	
NABA_MATRISOME_POORLY_METASTATIC_MELANOMA_TUMOR_CELL_DERIVED	NABA_MATRISOME_POORLY_METASTATIC_MELANOMA_TUMOR_CELL_DERIVED		24	0.15139863	0.48784402	0.9982639	0.9993593	1.0	12825	tags=100%, list=85%, signal=660%	
LE_SKI_TARGETS_UP	LE_SKI_TARGETS_UP		16	0.16208467	0.48282996	0.9856115	0.9992611	1.0	2675	tags=19%, list=18%, signal=23%	
TORCHIA_TARGETS_OF_EWSR1_FLI1_FUSION_TOP20_UP	TORCHIA_TARGETS_OF_EWSR1_FLI1_FUSION_TOP20_UP		16	0.16224456	0.47876656	0.989228	0.99908066	1.0	4312	tags=25%, list=29%, signal=35%	
REACTOME_MITOCHONDRIAL_TRANSLATION	REACTOME_MITOCHONDRIAL_TRANSLATION		91	0.106611244	0.47611737	1.0	0.9988357	1.0	5185	tags=31%, list=34%, signal=47%	
BRACHAT_RESPONSE_TO_CAMPTOTHECIN_DN	BRACHAT_RESPONSE_TO_CAMPTOTHECIN_DN		39	0.1290082	0.4751235	1.0	0.9985194	1.0	5735	tags=44%, list=38%, signal=70%	
WP_EXERCISEINDUCED_CIRCADIAN_REGULATION	WP_EXERCISEINDUCED_CIRCADIAN_REGULATION		44	0.111521974	0.42052823	1.0	0.9996138	1.0	3003	tags=14%, list=20%, signal=17%	
