NAME	GS<br> follow link to MSigDB	GS DETAILS	SIZE	ES	NES	NOM p-val	FDR q-val	FWER p-val	RANK AT MAX	LEADING EDGE	
KEGG_MEDICUS_REFERENCE_TRANSLATION_INITIATION	KEGG_MEDICUS_REFERENCE_TRANSLATION_INITIATION	Details ...	75	-0.7334517	-3.36778	0.0	0.0	0.0	2800	tags=75%, list=19%, signal=91%	
KEGG_RIBOSOME	KEGG_RIBOSOME	Details ...	81	-0.7099682	-3.2660217	0.0	0.0	0.0	2800	tags=70%, list=19%, signal=86%	
REACTOME_EUKARYOTIC_TRANSLATION_ELONGATION	REACTOME_EUKARYOTIC_TRANSLATION_ELONGATION	Details ...	83	-0.70462996	-3.2561057	0.0	0.0	0.0	3265	tags=76%, list=22%, signal=96%	
VERHAAK_GLIOBLASTOMA_PRONEURAL	VERHAAK_GLIOBLASTOMA_PRONEURAL	Details ...	165	-0.6172343	-3.180109	0.0	0.0	0.0	3448	tags=64%, list=23%, signal=82%	
REACTOME_SRP_DEPENDENT_COTRANSLATIONAL_PROTEIN_TARGETING_TO_MEMBRANE	REACTOME_SRP_DEPENDENT_COTRANSLATIONAL_PROTEIN_TARGETING_TO_MEMBRANE	Details ...	105	-0.6588153	-3.1729221	0.0	0.0	0.0	3265	tags=68%, list=22%, signal=86%	
WP_CYTOPLASMIC_RIBOSOMAL_PROTEINS	WP_CYTOPLASMIC_RIBOSOMAL_PROTEINS	Details ...	82	-0.6875025	-3.1478264	0.0	0.0	0.0	3265	tags=73%, list=22%, signal=93%	
REACTOME_NONSENSE_MEDIATED_DECAY_NMD	REACTOME_NONSENSE_MEDIATED_DECAY_NMD	Details ...	106	-0.65173495	-3.1288438	0.0	0.0	0.0	3265	tags=62%, list=22%, signal=79%	
REACTOME_EUKARYOTIC_TRANSLATION_INITIATION	REACTOME_EUKARYOTIC_TRANSLATION_INITIATION	Details ...	111	-0.6479848	-3.1220891	0.0	0.0	0.0	2800	tags=59%, list=19%, signal=72%	
REACTOME_RESPONSE_OF_EIF2AK4_GCN2_TO_AMINO_ACID_DEFICIENCY	REACTOME_RESPONSE_OF_EIF2AK4_GCN2_TO_AMINO_ACID_DEFICIENCY	Details ...	91	-0.664175	-3.0929158	0.0	0.0	0.0	3265	tags=67%, list=22%, signal=85%	
BILANGES_SERUM_AND_RAPAMYCIN_SENSITIVE_GENES	BILANGES_SERUM_AND_RAPAMYCIN_SENSITIVE_GENES	Details ...	61	-0.68865925	-2.9870722	0.0	0.0	0.0	2800	tags=67%, list=19%, signal=82%	
REACTOME_SELENOAMINO_ACID_METABOLISM	REACTOME_SELENOAMINO_ACID_METABOLISM	Details ...	109	-0.60228586	-2.9456177	0.0	0.0	0.0	3265	tags=61%, list=22%, signal=77%	
REACTOME_RRNA_PROCESSING	REACTOME_RRNA_PROCESSING	Details ...	187	-0.55475587	-2.8979368	0.0	0.0	0.0	3545	tags=53%, list=23%, signal=69%	
REACTOME_CELLULAR_RESPONSE_TO_STARVATION	REACTOME_CELLULAR_RESPONSE_TO_STARVATION	Details ...	144	-0.56759655	-2.8641849	0.0	0.0	0.0	4280	tags=63%, list=28%, signal=87%	
REACTOME_SARS_COV_1_MODULATES_HOST_TRANSLATION_MACHINERY	REACTOME_SARS_COV_1_MODULATES_HOST_TRANSLATION_MACHINERY	Details ...	35	-0.72596556	-2.7316582	0.0	0.0	0.0	3265	tags=74%, list=22%, signal=95%	
CHNG_MULTIPLE_MYELOMA_HYPERPLOID_UP	CHNG_MULTIPLE_MYELOMA_HYPERPLOID_UP	Details ...	48	-0.66522384	-2.7259128	0.0	0.0	0.0	2706	tags=63%, list=18%, signal=76%	
REACTOME_ACTIVATION_OF_THE_MRNA_UPON_BINDING_OF_THE_CAP_BINDING_COMPLEX_AND_EIFS_AND_SUBSEQUENT_BINDING_TO_43S	REACTOME_ACTIVATION_OF_THE_MRNA_UPON_BINDING_OF_THE_CAP_BINDING_COMPLEX_AND_EIFS_AND_SUBSEQUENT_BINDING_TO_43S	Details ...	58	-0.6320376	-2.6472595	0.0	0.0	0.0	2726	tags=52%, list=18%, signal=63%	
REACTOME_SARS_COV_2_MODULATES_HOST_TRANSLATION_MACHINERY	REACTOME_SARS_COV_2_MODULATES_HOST_TRANSLATION_MACHINERY	Details ...	48	-0.6436655	-2.641702	0.0	0.0	0.0	2726	tags=60%, list=18%, signal=73%	
WP_OLIGODENDROCYTE_SPECIFICATION_AND_DIFFERENTIATION_LEADING_TO_MYELIN_COMPONENTS_FOR_CNS	WP_OLIGODENDROCYTE_SPECIFICATION_AND_DIFFERENTIATION_LEADING_TO_MYELIN_COMPONENTS_FOR_CNS	Details ...	27	-0.7328821	-2.587733	0.0	5.995104E-5	0.001	2925	tags=78%, list=19%, signal=96%	
REACTOME_REGULATION_OF_EXPRESSION_OF_SLITS_AND_ROBOS	REACTOME_REGULATION_OF_EXPRESSION_OF_SLITS_AND_ROBOS	Details ...	149	-0.49957743	-2.5573387	0.0	5.679572E-5	0.001	3299	tags=47%, list=22%, signal=60%	
GUENTHER_GROWTH_SPHERICAL_VS_ADHERENT_UP	GUENTHER_GROWTH_SPHERICAL_VS_ADHERENT_UP	Details ...	20	-0.7764489	-2.5535042	0.0	5.3955937E-5	0.001	2165	tags=70%, list=14%, signal=82%	
REACTOME_INFLUENZA_INFECTION	REACTOME_INFLUENZA_INFECTION		146	-0.49725842	-2.523643	0.0	5.1386607E-5	0.001	2800	tags=45%, list=19%, signal=54%	
BILANGES_SERUM_RESPONSE_TRANSLATION	BILANGES_SERUM_RESPONSE_TRANSLATION		23	-0.74263114	-2.504707	0.0	4.905085E-5	0.001	2726	tags=78%, list=18%, signal=95%	
GINESTIER_BREAST_CANCER_ZNF217_AMPLIFIED_DN	GINESTIER_BREAST_CANCER_ZNF217_AMPLIFIED_DN		290	-0.45002884	-2.4909267	0.0	4.69182E-5	0.001	3181	tags=42%, list=21%, signal=53%	
PURWIN_MEWO_SOX10_TARGETS	PURWIN_MEWO_SOX10_TARGETS		74	-0.5533901	-2.472939	0.0	4.4963275E-5	0.001	3106	tags=50%, list=21%, signal=63%	
PURWIN_A375_MEWO_COMMON_SOX10_TARGETS	PURWIN_A375_MEWO_COMMON_SOX10_TARGETS		24	-0.69216055	-2.4278011	0.0	4.3164746E-5	0.001	1617	tags=42%, list=11%, signal=47%	
REACTOME_SIGNALING_BY_ROBO_RECEPTORS	REACTOME_SIGNALING_BY_ROBO_RECEPTORS		189	-0.45834178	-2.3945456	0.0	8.3513994E-5	0.002	3386	tags=45%, list=22%, signal=57%	
STARK_HYPPOCAMPUS_22Q11_DELETION_DN	STARK_HYPPOCAMPUS_22Q11_DELETION_DN		19	-0.72252303	-2.389981	0.0	8.042088E-5	0.002	2450	tags=63%, list=16%, signal=75%	
REACTOME_TRANSLATION	REACTOME_TRANSLATION		274	-0.4066427	-2.2405527	0.0	7.1228674E-4	0.018	4043	tags=43%, list=27%, signal=57%	
SCHLOSSER_MYC_AND_SERUM_RESPONSE_SYNERGY	SCHLOSSER_MYC_AND_SERUM_RESPONSE_SYNERGY		31	-0.5934669	-2.1966367	0.0	0.0016019383	0.042	2176	tags=39%, list=14%, signal=45%	
MODY_HIPPOCAMPUS_PRENATAL	MODY_HIPPOCAMPUS_PRENATAL		38	-0.56267595	-2.1713731	0.0	0.0023973426	0.064	4202	tags=66%, list=28%, signal=91%	
NUTT_GBM_VS_AO_GLIOMA_DN	NUTT_GBM_VS_AO_GLIOMA_DN		39	-0.55859447	-2.1688836	0.0	0.0023913838	0.066	3385	tags=56%, list=22%, signal=73%	
HOLLEMAN_ASPARAGINASE_RESISTANCE_B_ALL_UP	HOLLEMAN_ASPARAGINASE_RESISTANCE_B_ALL_UP		24	-0.6268958	-2.1651666	0.0	0.0023508726	0.067	2063	tags=63%, list=14%, signal=72%	
WP_MAPK_CASCADE	WP_MAPK_CASCADE		27	-0.5984757	-2.159884	0.0	0.0026839357	0.077	3799	tags=56%, list=25%, signal=74%	
WP_MRNA_PROCESSING	WP_MRNA_PROCESSING		116	-0.4426186	-2.1520379	0.0	0.0029311765	0.085	5036	tags=55%, list=33%, signal=82%	
JISON_SICKLE_CELL_DISEASE_DN	JISON_SICKLE_CELL_DISEASE_DN		154	-0.4158157	-2.1332467	0.0	0.0039565735	0.117	2829	tags=36%, list=19%, signal=44%	
REACTOME_TBC_RABGAPS	REACTOME_TBC_RABGAPS		38	-0.54185236	-2.1257129	0.0	0.0043366384	0.13	2191	tags=34%, list=15%, signal=40%	
CHEN_ETV5_TARGETS_SERTOLI	CHEN_ETV5_TARGETS_SERTOLI		19	-0.65056336	-2.1110168	0.0	0.0049377754	0.149	2522	tags=63%, list=17%, signal=76%	
TIEN_INTESTINE_PROBIOTICS_6HR_UP	TIEN_INTESTINE_PROBIOTICS_6HR_UP		43	-0.5211101	-2.0834541	0.0	0.00681375	0.202	2653	tags=42%, list=18%, signal=51%	
FLOTHO_PEDIATRIC_ALL_THERAPY_RESPONSE_UP	FLOTHO_PEDIATRIC_ALL_THERAPY_RESPONSE_UP		48	-0.50739497	-2.0600736	0.0	0.008871482	0.261	1920	tags=40%, list=13%, signal=45%	
WP_IL1_SIGNALING	WP_IL1_SIGNALING		47	-0.50141686	-2.0332875	0.0	0.011931922	0.349	3169	tags=40%, list=21%, signal=51%	
KUUSELO_PANCREATIC_CANCER_19Q13_AMPLIFICATION	KUUSELO_PANCREATIC_CANCER_19Q13_AMPLIFICATION		28	-0.56352794	-2.0204096	0.0	0.013574288	0.401	3280	tags=64%, list=22%, signal=82%	
HOSHIDA_LIVER_CANCER_SUBCLASS_S2	HOSHIDA_LIVER_CANCER_SUBCLASS_S2		103	-0.412148	-1.9769619	0.0	0.022419227	0.579	4260	tags=44%, list=28%, signal=60%	
PECE_MAMMARY_STEM_CELL_UP	PECE_MAMMARY_STEM_CELL_UP		126	-0.3924649	-1.9647381	0.0	0.025236607	0.627	3265	tags=38%, list=22%, signal=48%	
NIKOLSKY_BREAST_CANCER_19Q13.1_AMPLICON	NIKOLSKY_BREAST_CANCER_19Q13.1_AMPLICON		19	-0.62144625	-1.9588026	0.0043668123	0.026344988	0.659	4359	tags=74%, list=29%, signal=103%	
REACTOME_REGULATION_OF_ENDOGENOUS_RETROELEMENTS_BY_KRAB_ZFP_PROTEINS	REACTOME_REGULATION_OF_ENDOGENOUS_RETROELEMENTS_BY_KRAB_ZFP_PROTEINS		78	-0.43045673	-1.950124	0.0	0.028461054	0.69	4586	tags=54%, list=30%, signal=77%	
REACTOME_DISEASES_ASSOCIATED_WITH_N_GLYCOSYLATION_OF_PROTEINS	REACTOME_DISEASES_ASSOCIATED_WITH_N_GLYCOSYLATION_OF_PROTEINS		17	-0.6148176	-1.9458709	0.002173913	0.029064255	0.702	4496	tags=59%, list=30%, signal=84%	
BENITEZ_GBM_PROTEASOME_INHIBITION_RESPONSE	BENITEZ_GBM_PROTEASOME_INHIBITION_RESPONSE		44	-0.484209	-1.9370127	0.0	0.031177409	0.732	3550	tags=50%, list=23%, signal=65%	
FAELT_B_CLL_WITH_VH3_21_UP	FAELT_B_CLL_WITH_VH3_21_UP		37	-0.5023071	-1.9297776	0.0	0.033252265	0.762	1479	tags=30%, list=10%, signal=33%	
REACTOME_UPTAKE_AND_ACTIONS_OF_BACTERIAL_TOXINS	REACTOME_UPTAKE_AND_ACTIONS_OF_BACTERIAL_TOXINS		24	-0.5593535	-1.9270179	0.0	0.033428304	0.773	1641	tags=29%, list=11%, signal=33%	
REACTOME_PROTEIN_PROTEIN_INTERACTIONS_AT_SYNAPSES	REACTOME_PROTEIN_PROTEIN_INTERACTIONS_AT_SYNAPSES		77	-0.42561826	-1.9213165	0.0	0.03486219	0.795	2768	tags=42%, list=18%, signal=51%	
REACTOME_CONSTITUTIVE_SIGNALING_BY_AKT1_E17K_IN_CANCER	REACTOME_CONSTITUTIVE_SIGNALING_BY_AKT1_E17K_IN_CANCER		19	-0.60810894	-1.9176284	0.0	0.03558471	0.806	3119	tags=68%, list=21%, signal=86%	
PID_ERA_GENOMIC_PATHWAY	PID_ERA_GENOMIC_PATHWAY		51	-0.46386072	-1.9114394	0.0	0.037114788	0.821	4654	tags=57%, list=31%, signal=82%	
WP_SYNAPTIC_VESICLE_PATHWAY	WP_SYNAPTIC_VESICLE_PATHWAY		43	-0.4799381	-1.9042184	0.0	0.03945656	0.84	2913	tags=40%, list=19%, signal=49%	
WP_NRXN1_DELETION_SYNDROME	WP_NRXN1_DELETION_SYNDROME		15	-0.62634444	-1.903896	0.0022123894	0.038868364	0.84	1468	tags=40%, list=10%, signal=44%	
FLECHNER_PBL_KIDNEY_TRANSPLANT_OK_VS_DONOR_UP	FLECHNER_PBL_KIDNEY_TRANSPLANT_OK_VS_DONOR_UP		127	-0.3774399	-1.9016337	0.0	0.039188836	0.846	3896	tags=41%, list=26%, signal=55%	
ANDERSEN_LIVER_CANCER_KRT19_UP	ANDERSEN_LIVER_CANCER_KRT19_UP		34	-0.50829756	-1.8965561	0.0	0.040731326	0.86	3265	tags=47%, list=22%, signal=60%	
JOHANSSON_GLIOMAGENESIS_BY_PDGFB_UP	JOHANSSON_GLIOMAGENESIS_BY_PDGFB_UP		47	-0.45552853	-1.8884712	0.0	0.043006442	0.881	2534	tags=38%, list=17%, signal=46%	
LUI_THYROID_CANCER_CLUSTER_3	LUI_THYROID_CANCER_CLUSTER_3		25	-0.5446471	-1.8867655	0.0	0.0428921	0.886	2063	tags=44%, list=14%, signal=51%	
PURWIN_A375_SOX10_TARGETS	PURWIN_A375_SOX10_TARGETS		42	-0.47306055	-1.8801463	0.004819277	0.04491944	0.902	3503	tags=43%, list=23%, signal=56%	
REACTOME_DISASSEMBLY_OF_THE_DESTRUCTION_COMPLEX_AND_RECRUITMENT_OF_AXIN_TO_THE_MEMBRANE	REACTOME_DISASSEMBLY_OF_THE_DESTRUCTION_COMPLEX_AND_RECRUITMENT_OF_AXIN_TO_THE_MEMBRANE		25	-0.5448625	-1.8736643	0.0	0.0470823	0.919	3621	tags=52%, list=24%, signal=68%	
REACTOME_REGULATION_OF_ENDOGENOUS_RETROELEMENTS	REACTOME_REGULATION_OF_ENDOGENOUS_RETROELEMENTS		109	-0.38747874	-1.8732203	0.0	0.04654577	0.921	4377	tags=50%, list=29%, signal=69%	
GOBERT_CORE_OLIGODENDROCYTE_DIFFERENTIATION	GOBERT_CORE_OLIGODENDROCYTE_DIFFERENTIATION		37	-0.47717035	-1.8712629	0.0	0.046508633	0.923	3448	tags=51%, list=23%, signal=66%	
REACTOME_REGULATION_OF_MITF_M_DEPENDENT_GENES_INVOLVED_IN_LYSOSOME_BIOGENESIS_AND_AUTOPHAGY	REACTOME_REGULATION_OF_MITF_M_DEPENDENT_GENES_INVOLVED_IN_LYSOSOME_BIOGENESIS_AND_AUTOPHAGY		16	-0.5997626	-1.8692896	0.004494382	0.04650832	0.927	4280	tags=63%, list=28%, signal=87%	
CERIBELLI_PROMOTERS_INACTIVE_AND_BOUND_BY_NFY	CERIBELLI_PROMOTERS_INACTIVE_AND_BOUND_BY_NFY		25	-0.5327351	-1.8635148	0.0	0.048661333	0.934	2277	tags=44%, list=15%, signal=52%	
REACTOME_RRNA_MODIFICATION_IN_THE_NUCLEUS_AND_CYTOSOL	REACTOME_RRNA_MODIFICATION_IN_THE_NUCLEUS_AND_CYTOSOL		55	-0.4460135	-1.8601837	0.0024937657	0.04944504	0.938	3535	tags=42%, list=23%, signal=54%	
WP_VASOPRESSINREGULATED_WATER_REABSORPTION	WP_VASOPRESSINREGULATED_WATER_REABSORPTION		35	-0.48500556	-1.854693	0.0	0.051409338	0.947	3744	tags=49%, list=25%, signal=64%	
KIM_ALL_DISORDERS_DURATION_CORR_DN	KIM_ALL_DISORDERS_DURATION_CORR_DN		137	-0.37124375	-1.853324	0.0	0.05133409	0.948	3916	tags=38%, list=26%, signal=51%	
KEGG_MEDICUS_VARIANT_MUTATION_ACTIVATED_FGFR3_TO_RAS_ERK_SIGNALING_PATHWAY	KEGG_MEDICUS_VARIANT_MUTATION_ACTIVATED_FGFR3_TO_RAS_ERK_SIGNALING_PATHWAY		16	-0.5999349	-1.8464516	0.008350731	0.054523703	0.956	3799	tags=56%, list=25%, signal=75%	
PULVER_FOREY_CELLCYCLE_ENRICHED_TFS_S2	PULVER_FOREY_CELLCYCLE_ENRICHED_TFS_S2		321	-0.32754475	-1.8442131	0.0	0.055098914	0.958	4543	tags=44%, list=30%, signal=61%	
PID_TRKR_PATHWAY	PID_TRKR_PATHWAY		60	-0.42801437	-1.8346202	0.0	0.06010183	0.974	1767	tags=28%, list=12%, signal=32%	
PID_REELIN_PATHWAY	PID_REELIN_PATHWAY		24	-0.5229723	-1.8332106	0.0023809525	0.060145456	0.978	2623	tags=46%, list=17%, signal=55%	
YAMASHITA_LIVER_CANCER_WITH_EPCAM_UP	YAMASHITA_LIVER_CANCER_WITH_EPCAM_UP		50	-0.44051552	-1.8309243	0.0	0.060751535	0.981	3521	tags=56%, list=23%, signal=73%	
REACTOME_NERVOUS_SYSTEM_DEVELOPMENT	REACTOME_NERVOUS_SYSTEM_DEVELOPMENT		498	-0.31436116	-1.8302425	0.0	0.06029854	0.981	3235	tags=33%, list=21%, signal=40%	
WIKMAN_ASBESTOS_LUNG_CANCER_UP	WIKMAN_ASBESTOS_LUNG_CANCER_UP		17	-0.5790918	-1.8294321	0.0021881838	0.05996258	0.982	2853	tags=53%, list=19%, signal=65%	
KEGG_VASOPRESSIN_REGULATED_WATER_REABSORPTION	KEGG_VASOPRESSIN_REGULATED_WATER_REABSORPTION		35	-0.48042688	-1.828949	0.0	0.059428934	0.983	3744	tags=49%, list=25%, signal=64%	
HOLLEMAN_PREDNISOLONE_RESISTANCE_ALL_UP	HOLLEMAN_PREDNISOLONE_RESISTANCE_ALL_UP		18	-0.56598794	-1.827196	0.00456621	0.05950623	0.984	1030	tags=33%, list=7%, signal=36%	
BOYAULT_LIVER_CANCER_SUBCLASS_G12_UP	BOYAULT_LIVER_CANCER_SUBCLASS_G12_UP		36	-0.47746447	-1.8244636	0.002352941	0.060313303	0.985	3297	tags=47%, list=22%, signal=60%	
IRITANI_MAD1_TARGETS_DN	IRITANI_MAD1_TARGETS_DN		41	-0.46429652	-1.8211141	0.0073349634	0.06152679	0.987	2063	tags=34%, list=14%, signal=39%	
NIKOLSKY_BREAST_CANCER_16P13_AMPLICON	NIKOLSKY_BREAST_CANCER_16P13_AMPLICON		93	-0.38496858	-1.819214	0.0	0.061699335	0.989	4793	tags=54%, list=32%, signal=78%	
BARRIER_COLON_CANCER_RECURRENCE_DN	BARRIER_COLON_CANCER_RECURRENCE_DN		17	-0.5879851	-1.8127993	0.0023809525	0.06437291	0.993	3413	tags=59%, list=23%, signal=76%	
WP_EGFR_TYROSINE_KINASE_INHIBITOR_RESISTANCE	WP_EGFR_TYROSINE_KINASE_INHIBITOR_RESISTANCE		75	-0.40323746	-1.810925	0.0	0.0648757	0.993	3119	tags=37%, list=21%, signal=47%	
REACTOME_COMPLEX_III_ASSEMBLY	REACTOME_COMPLEX_III_ASSEMBLY		25	-0.5164937	-1.808824	0.0023364485	0.06545659	0.994	4771	tags=60%, list=32%, signal=88%	
BILANGES_RAPAMYCIN_SENSITIVE_VIA_TSC1_AND_TSC2	BILANGES_RAPAMYCIN_SENSITIVE_VIA_TSC1_AND_TSC2		66	-0.40777355	-1.808084	0.0	0.06518637	0.994	3418	tags=45%, list=23%, signal=58%	
MULLIGAN_NTF3_SIGNALING_VIA_INSR_AND_IGF1R_UP	MULLIGAN_NTF3_SIGNALING_VIA_INSR_AND_IGF1R_UP		22	-0.53602135	-1.8070416	0.0022883294	0.06490921	0.994	2829	tags=41%, list=19%, signal=50%	
LAIHO_COLORECTAL_CANCER_SERRATED_DN	LAIHO_COLORECTAL_CANCER_SERRATED_DN		70	-0.40772787	-1.8062171	0.0	0.06453926	0.994	4665	tags=54%, list=31%, signal=78%	
WP_MATRIX_METALLOPROTEINASES	WP_MATRIX_METALLOPROTEINASES		25	-0.5132511	-1.8004086	0.0023255814	0.06732866	0.996	2891	tags=60%, list=19%, signal=74%	
REACTOME_RAF_INDEPENDENT_MAPK1_3_ACTIVATION	REACTOME_RAF_INDEPENDENT_MAPK1_3_ACTIVATION		21	-0.5488281	-1.7931451	0.0	0.0711373	0.997	3068	tags=52%, list=20%, signal=66%	
REACTOME_MTOR_SIGNALLING	REACTOME_MTOR_SIGNALLING		35	-0.47860217	-1.7915845	0.0073891627	0.071234904	0.998	5266	tags=57%, list=35%, signal=88%	
VERHAAK_GLIOBLASTOMA_CLASSICAL	VERHAAK_GLIOBLASTOMA_CLASSICAL		157	-0.3540597	-1.7910571	0.0	0.07084411	0.998	3953	tags=42%, list=26%, signal=56%	
HSIAO_HOUSEKEEPING_GENES	HSIAO_HOUSEKEEPING_GENES		353	-0.31571367	-1.7905264	0.0	0.07029054	0.998	3427	tags=34%, list=23%, signal=43%	
SCHLOSSER_MYC_TARGETS_AND_SERUM_RESPONSE_UP	SCHLOSSER_MYC_TARGETS_AND_SERUM_RESPONSE_UP		41	-0.45224735	-1.7858433	0.002247191	0.072345026	0.999	4760	tags=59%, list=32%, signal=85%	
KIM_GASTRIC_CANCER_CHEMOSENSITIVITY	KIM_GASTRIC_CANCER_CHEMOSENSITIVITY		81	-0.3900273	-1.7763618	0.0	0.07793402	0.999	4255	tags=49%, list=28%, signal=68%	
PID_FAK_PATHWAY	PID_FAK_PATHWAY		56	-0.42049214	-1.7740725	0.0	0.07872197	0.999	1039	tags=20%, list=7%, signal=21%	
ODONNELL_METASTASIS_UP	ODONNELL_METASTASIS_UP		60	-0.4054668	-1.7737406	0.0024271845	0.07816732	1.0	1426	tags=25%, list=9%, signal=27%	
NIKOLSKY_BREAST_CANCER_20Q11_AMPLICON	NIKOLSKY_BREAST_CANCER_20Q11_AMPLICON		29	-0.48204088	-1.7708157	0.0091743115	0.07940421	1.0	3645	tags=55%, list=24%, signal=73%	
REACTOME_NUCLEAR_RNA_DECAY	REACTOME_NUCLEAR_RNA_DECAY		34	-0.47574228	-1.7690479	0.0023364485	0.07988717	1.0	3545	tags=41%, list=23%, signal=54%	
WP_PHOTODYNAMIC_THERAPYINDUCED_UNFOLDED_PROTEIN_RESPONSE	WP_PHOTODYNAMIC_THERAPYINDUCED_UNFOLDED_PROTEIN_RESPONSE		23	-0.5102422	-1.7584817	0.011160715	0.08691609	1.0	4250	tags=61%, list=28%, signal=85%	
CHAUHAN_RESPONSE_TO_METHOXYESTRADIOL_UP	CHAUHAN_RESPONSE_TO_METHOXYESTRADIOL_UP		45	-0.437408	-1.7581593	0.005050505	0.086345024	1.0	3546	tags=42%, list=23%, signal=55%	
REACTOME_EPIGENETIC_REGULATION_OF_GENE_EXPRESSION	REACTOME_EPIGENETIC_REGULATION_OF_GENE_EXPRESSION		266	-0.31618696	-1.7576735	0.0	0.08589815	1.0	4437	tags=39%, list=29%, signal=54%	
REACTOME_AMINO_ACIDS_REGULATE_MTORC1	REACTOME_AMINO_ACIDS_REGULATE_MTORC1		53	-0.42987242	-1.7559237	0.0024752475	0.0863223	1.0	4546	tags=53%, list=30%, signal=75%	
NIKOLSKY_BREAST_CANCER_16Q24_AMPLICON	NIKOLSKY_BREAST_CANCER_16Q24_AMPLICON		44	-0.43773612	-1.752658	0.0049261083	0.088031635	1.0	4066	tags=43%, list=27%, signal=59%	
KEGG_MEDICUS_PATHOGEN_HCMV_US28_TO_GNAQ_PLCB_G_CALCINEURIN_SIGNALING_PATHWAY	KEGG_MEDICUS_PATHOGEN_HCMV_US28_TO_GNAQ_PLCB_G_CALCINEURIN_SIGNALING_PATHWAY		16	-0.5638574	-1.7498626	0.013856813	0.08927306	1.0	1167	tags=31%, list=8%, signal=34%	
REACTOME_RNA_POLYMERASE_II_TRANSCRIPTION_TERMINATION	REACTOME_RNA_POLYMERASE_II_TRANSCRIPTION_TERMINATION		61	-0.403732	-1.7488421	0.0	0.08925347	1.0	4391	tags=44%, list=29%, signal=62%	
WP_TARGETED_THERAPY_IN_BREAST_CANCER	WP_TARGETED_THERAPY_IN_BREAST_CANCER		21	-0.5155219	-1.7391129	0.009411764	0.095837995	1.0	2687	tags=38%, list=18%, signal=46%	
WP_PKCGAMMA_CALCIUM_SIGNALING_IN_ATAXIA	WP_PKCGAMMA_CALCIUM_SIGNALING_IN_ATAXIA		19	-0.54528147	-1.7297181	0.013729977	0.10280686	1.0	978	tags=37%, list=6%, signal=39%	
REACTOME_CHROMATIN_ORGANIZATION	REACTOME_CHROMATIN_ORGANIZATION		230	-0.31964967	-1.7272077	0.0	0.10414158	1.0	4451	tags=42%, list=29%, signal=58%	
REACTOME_PROTEIN_HYDROXYLATION	REACTOME_PROTEIN_HYDROXYLATION		16	-0.5685737	-1.7248349	0.011627907	0.10532769	1.0	3464	tags=50%, list=23%, signal=65%	
REACTOME_MTORC1_MEDIATED_SIGNALLING	REACTOME_MTORC1_MEDIATED_SIGNALLING		24	-0.49702588	-1.7197514	0.006741573	0.10919124	1.0	4494	tags=54%, list=30%, signal=77%	
PID_PS1_PATHWAY	PID_PS1_PATHWAY		38	-0.44712558	-1.7148223	0.007194245	0.1124871	1.0	3300	tags=50%, list=22%, signal=64%	
REACTOME_ACTIVATION_OF_KAINATE_RECEPTORS_UPON_GLUTAMATE_BINDING	REACTOME_ACTIVATION_OF_KAINATE_RECEPTORS_UPON_GLUTAMATE_BINDING		26	-0.5000299	-1.7141058	0.00954654	0.11207054	1.0	1574	tags=31%, list=10%, signal=34%	
TERAO_AOX4_TARGETS_HG_UP	TERAO_AOX4_TARGETS_HG_UP		23	-0.50316936	-1.7080972	0.013761468	0.11693223	1.0	3856	tags=48%, list=26%, signal=64%	
MILI_PSEUDOPODIA_CHEMOTAXIS_DN	MILI_PSEUDOPODIA_CHEMOTAXIS_DN		388	-0.2993243	-1.7058245	0.0	0.11847406	1.0	4242	tags=37%, list=28%, signal=50%	
OSMAN_BLADDER_CANCER_DN	OSMAN_BLADDER_CANCER_DN		352	-0.3016939	-1.7047853	0.0	0.118528195	1.0	2894	tags=31%, list=19%, signal=37%	
REACTOME_ATP_DEPENDENT_CHROMATIN_REMODELERS	REACTOME_ATP_DEPENDENT_CHROMATIN_REMODELERS		27	-0.48632166	-1.699436	0.009433962	0.12275474	1.0	1731	tags=37%, list=11%, signal=42%	
REACTOME_RUNX1_INTERACTS_WITH_CO_FACTORS_WHOSE_PRECISE_EFFECT_ON_RUNX1_TARGETS_IS_NOT_KNOWN	REACTOME_RUNX1_INTERACTS_WITH_CO_FACTORS_WHOSE_PRECISE_EFFECT_ON_RUNX1_TARGETS_IS_NOT_KNOWN		31	-0.45736426	-1.6979433	0.011848342	0.12320887	1.0	2515	tags=35%, list=17%, signal=42%	
KEGG_MEDICUS_REFERENCE_PDGF_PDGFR_RAS_ERK_SIGNALING_PATHWAY	KEGG_MEDICUS_REFERENCE_PDGF_PDGFR_RAS_ERK_SIGNALING_PATHWAY		17	-0.53066397	-1.6977942	0.018223235	0.12229023	1.0	3799	tags=53%, list=25%, signal=71%	
WP_MELANOMA	WP_MELANOMA		54	-0.40298024	-1.6960763	0.0	0.12303272	1.0	3854	tags=39%, list=26%, signal=52%	
BEAUCHAMP_MISS_54_MYRISTOYLATION_INHIBITION_SENSITIVE_SIGNATURE	BEAUCHAMP_MISS_54_MYRISTOYLATION_INHIBITION_SENSITIVE_SIGNATURE		47	-0.41406843	-1.694052	0.004950495	0.12392119	1.0	2063	tags=36%, list=14%, signal=42%	
ASTON_MAJOR_DEPRESSIVE_DISORDER_DN	ASTON_MAJOR_DEPRESSIVE_DISORDER_DN		142	-0.3341201	-1.6934116	0.0	0.123511024	1.0	2917	tags=35%, list=19%, signal=43%	
WP_S1P_RECEPTOR_SIGNAL_TRANSDUCTION	WP_S1P_RECEPTOR_SIGNAL_TRANSDUCTION		23	-0.49887213	-1.6925414	0.011185682	0.123224124	1.0	2458	tags=39%, list=16%, signal=47%	
PULVER_FOREY_CELLCYCLE_ENRICHED_TFS_G2	PULVER_FOREY_CELLCYCLE_ENRICHED_TFS_G2		329	-0.30196187	-1.6904863	0.0	0.12406821	1.0	4543	tags=42%, list=30%, signal=58%	
PID_INSULIN_GLUCOSE_PATHWAY	PID_INSULIN_GLUCOSE_PATHWAY		22	-0.50797355	-1.6873503	0.015625	0.12644303	1.0	2982	tags=50%, list=20%, signal=62%	
AGUIRRE_PANCREATIC_CANCER_COPY_NUMBER_UP	AGUIRRE_PANCREATIC_CANCER_COPY_NUMBER_UP		275	-0.30532804	-1.6870998	0.0	0.12572989	1.0	2846	tags=28%, list=19%, signal=34%	
MILI_PSEUDOPODIA_CHEMOTAXIS_UP	MILI_PSEUDOPODIA_CHEMOTAXIS_UP		78	-0.36680767	-1.6815284	0.0	0.1302784	1.0	3142	tags=32%, list=21%, signal=40%	
SHEDDEN_LUNG_CANCER_GOOD_SURVIVAL_A5	SHEDDEN_LUNG_CANCER_GOOD_SURVIVAL_A5		59	-0.39127484	-1.677744	0.0075949365	0.1329446	1.0	4678	tags=53%, list=31%, signal=76%	
BIOCARTA_FCER1_PATHWAY	BIOCARTA_FCER1_PATHWAY		33	-0.44501567	-1.6762769	0.012658228	0.13346796	1.0	1167	tags=27%, list=8%, signal=29%	
MORI_SMALL_PRE_BII_LYMPHOCYTE_UP	MORI_SMALL_PRE_BII_LYMPHOCYTE_UP		65	-0.37255743	-1.6715567	0.004938272	0.13751955	1.0	2459	tags=28%, list=16%, signal=33%	
PULVER_FOREY_CELLCYCLE_ENRICHED_TFS_G2_M	PULVER_FOREY_CELLCYCLE_ENRICHED_TFS_G2_M		273	-0.3045806	-1.6707712	0.0	0.1372495	1.0	4543	tags=42%, list=30%, signal=60%	
SYED_ESTRADIOL_RESPONSE	SYED_ESTRADIOL_RESPONSE		16	-0.54130954	-1.6702162	0.015695067	0.13673219	1.0	3047	tags=44%, list=20%, signal=55%	
STREICHER_LSM1_TARGETS_DN	STREICHER_LSM1_TARGETS_DN		17	-0.5416437	-1.6699697	0.02202643	0.13599645	1.0	3146	tags=47%, list=21%, signal=59%	
KEGG_MEDICUS_ENV_FACTOR_METALS_TO_NFKB_SIGNALING_PATHWAY	KEGG_MEDICUS_ENV_FACTOR_METALS_TO_NFKB_SIGNALING_PATHWAY		15	-0.5592463	-1.6693155	0.02027027	0.13565978	1.0	4645	tags=60%, list=31%, signal=87%	
REACTOME_TRAFFICKING_OF_AMPA_RECEPTORS	REACTOME_TRAFFICKING_OF_AMPA_RECEPTORS		30	-0.45782402	-1.6654322	0.009433962	0.13866983	1.0	1909	tags=33%, list=13%, signal=38%	
SANSOM_APC_TARGETS_REQUIRE_MYC	SANSOM_APC_TARGETS_REQUIRE_MYC		206	-0.31250137	-1.6636739	0.0	0.13953914	1.0	3624	tags=37%, list=24%, signal=49%	
WP_EFFECT_OF_DASATINIB_ON_THE_BCRABL_SIGNALING_PATHWAY	WP_EFFECT_OF_DASATINIB_ON_THE_BCRABL_SIGNALING_PATHWAY		40	-0.42472818	-1.6621507	0.0024630541	0.14021453	1.0	4413	tags=50%, list=29%, signal=70%	
REACTOME_IRE1ALPHA_ACTIVATES_CHAPERONES	REACTOME_IRE1ALPHA_ACTIVATES_CHAPERONES		48	-0.39951837	-1.6598425	0.0072639226	0.14183894	1.0	4250	tags=52%, list=28%, signal=72%	
WP_MITOCHONDRIAL_COMPLEX_III_ASSEMBLY	WP_MITOCHONDRIAL_COMPLEX_III_ASSEMBLY		15	-0.5526438	-1.659704	0.030444965	0.1410566	1.0	5965	tags=73%, list=39%, signal=121%	
LI_INDUCED_T_TO_NATURAL_KILLER_DN	LI_INDUCED_T_TO_NATURAL_KILLER_DN		118	-0.34024423	-1.6596421	0.0	0.14011692	1.0	2466	tags=29%, list=16%, signal=34%	
WP_TRANSLATION_FACTORS	WP_TRANSLATION_FACTORS		44	-0.41308564	-1.6578755	0.005	0.14088872	1.0	2269	tags=25%, list=15%, signal=29%	
SANSOM_APC_MYC_TARGETS	SANSOM_APC_MYC_TARGETS		215	-0.30935156	-1.6570681	0.0	0.14073421	1.0	4268	tags=43%, list=28%, signal=59%	
WP_ERBB_SIGNALING	WP_ERBB_SIGNALING		78	-0.36465856	-1.654337	0.0	0.14272334	1.0	3799	tags=42%, list=25%, signal=56%	
REACTOME_RAB_REGULATION_OF_TRAFFICKING	REACTOME_RAB_REGULATION_OF_TRAFFICKING		110	-0.33536118	-1.6526736	0.0062695923	0.14350721	1.0	3700	tags=35%, list=24%, signal=45%	
REACTOME_UNFOLDED_PROTEIN_RESPONSE_UPR	REACTOME_UNFOLDED_PROTEIN_RESPONSE_UPR		86	-0.35752657	-1.651524	0.0	0.14374395	1.0	4250	tags=44%, list=28%, signal=61%	
LEE_LIVER_CANCER_MYC_UP	LEE_LIVER_CANCER_MYC_UP		43	-0.4169577	-1.6507281	0.0073710075	0.14357512	1.0	1719	tags=26%, list=11%, signal=29%	
MILI_PSEUDOPODIA	MILI_PSEUDOPODIA		45	-0.4146524	-1.6506501	0.007633588	0.14265457	1.0	3142	tags=36%, list=21%, signal=45%	
REACTOME_SYNAPTIC_ADHESION_LIKE_MOLECULES	REACTOME_SYNAPTIC_ADHESION_LIKE_MOLECULES		16	-0.5472937	-1.6471301	0.01590909	0.1457652	1.0	2768	tags=38%, list=18%, signal=46%	
REACTOME_SIGNALLING_TO_ERKS	REACTOME_SIGNALLING_TO_ERKS		33	-0.43863317	-1.6466216	0.016786572	0.1453192	1.0	3742	tags=42%, list=25%, signal=56%	
LI_DCP2_BOUND_MRNA	LI_DCP2_BOUND_MRNA		83	-0.3616136	-1.6453835	0.0	0.145792	1.0	3283	tags=36%, list=22%, signal=46%	
CHEOK_RESPONSE_TO_MERCAPTOPURINE_AND_HD_MTX_DN	CHEOK_RESPONSE_TO_MERCAPTOPURINE_AND_HD_MTX_DN		19	-0.50700635	-1.643143	0.017817372	0.14730299	1.0	5714	tags=68%, list=38%, signal=110%	
REACTOME_NEGATIVE_REGULATION_OF_MAPK_PATHWAY	REACTOME_NEGATIVE_REGULATION_OF_MAPK_PATHWAY		39	-0.42087096	-1.6431327	0.009367681	0.14632174	1.0	3799	tags=51%, list=25%, signal=68%	
PID_NCADHERIN_PATHWAY	PID_NCADHERIN_PATHWAY		30	-0.4524185	-1.6423838	0.009615385	0.14629897	1.0	2639	tags=33%, list=17%, signal=40%	
BERTUCCI_INVASIVE_CARCINOMA_DUCTAL_VS_LOBULAR_UP	BERTUCCI_INVASIVE_CARCINOMA_DUCTAL_VS_LOBULAR_UP		24	-0.4634716	-1.6418828	0.011792453	0.14591743	1.0	2988	tags=42%, list=20%, signal=52%	
BARRIER_CANCER_RELAPSE_NORMAL_SAMPLE_DN	BARRIER_CANCER_RELAPSE_NORMAL_SAMPLE_DN		25	-0.47299176	-1.6413934	0.029213483	0.14548242	1.0	3413	tags=40%, list=23%, signal=52%	
SIG_CD40PATHWAYMAP	SIG_CD40PATHWAYMAP		31	-0.45049658	-1.6391118	0.009803922	0.14696422	1.0	983	tags=23%, list=7%, signal=24%	
WP_PATHWAYS_AFFECTED_IN_ADENOID_CYSTIC_CARCINOMA	WP_PATHWAYS_AFFECTED_IN_ADENOID_CYSTIC_CARCINOMA		49	-0.4084677	-1.6383101	0.0074074073	0.14685759	1.0	3742	tags=39%, list=25%, signal=51%	
WP_ENDOMETRIAL_CANCER	WP_ENDOMETRIAL_CANCER		51	-0.38886166	-1.6367376	0.00486618	0.14778805	1.0	3854	tags=47%, list=26%, signal=63%	
SARTIPY_NORMAL_AT_INSULIN_RESISTANCE_DN	SARTIPY_NORMAL_AT_INSULIN_RESISTANCE_DN		17	-0.51523346	-1.6300973	0.019138755	0.15485531	1.0	3303	tags=47%, list=22%, signal=60%	
PID_IGF1_PATHWAY	PID_IGF1_PATHWAY		27	-0.45498502	-1.6293399	0.021327015	0.15465029	1.0	2612	tags=33%, list=17%, signal=40%	
REACTOME_MRNA_CAPPING	REACTOME_MRNA_CAPPING		28	-0.45747402	-1.6289828	0.011709602	0.154104	1.0	962	tags=18%, list=6%, signal=19%	
WP_BLADDER_CANCER	WP_BLADDER_CANCER		34	-0.42867532	-1.6285638	0.0067873304	0.15366286	1.0	3799	tags=50%, list=25%, signal=67%	
KEGG_CHRONIC_MYELOID_LEUKEMIA	KEGG_CHRONIC_MYELOID_LEUKEMIA		60	-0.38432977	-1.6277051	0.0076923077	0.15365082	1.0	1758	tags=22%, list=12%, signal=24%	
REACTOME_RNA_POLYMERASE_I_TRANSCRIPTION_TERMINATION	REACTOME_RNA_POLYMERASE_I_TRANSCRIPTION_TERMINATION		30	-0.44177377	-1.6275496	0.009259259	0.15290952	1.0	1168	tags=17%, list=8%, signal=18%	
OISHI_CHOLANGIOMA_STEM_CELL_LIKE_UP	OISHI_CHOLANGIOMA_STEM_CELL_LIKE_UP		311	-0.29254907	-1.6271368	0.0	0.15236737	1.0	4390	tags=39%, list=29%, signal=53%	
KEGG_MEDICUS_REFERENCE_P4_PR_RAS_ERK_SIGNALING_PATHWAY	KEGG_MEDICUS_REFERENCE_P4_PR_RAS_ERK_SIGNALING_PATHWAY		15	-0.5229109	-1.6264216	0.014957265	0.15219507	1.0	3799	tags=47%, list=25%, signal=62%	
FLECHNER_PBL_KIDNEY_TRANSPLANT_REJECTED_VS_OK_DN	FLECHNER_PBL_KIDNEY_TRANSPLANT_REJECTED_VS_OK_DN		39	-0.41524413	-1.6233655	0.0077319588	0.1546196	1.0	3579	tags=41%, list=24%, signal=54%	
REACTOME_PROCESSING_OF_CAPPED_INTRONLESS_PRE_MRNA	REACTOME_PROCESSING_OF_CAPPED_INTRONLESS_PRE_MRNA		28	-0.4415411	-1.6213714	0.0119904075	0.15607585	1.0	3013	tags=32%, list=20%, signal=40%	
KASLER_HDAC7_TARGETS_1_UP	KASLER_HDAC7_TARGETS_1_UP		167	-0.3111871	-1.6198211	0.0	0.15695235	1.0	2256	tags=28%, list=15%, signal=32%	
WARTERS_RESPONSE_TO_IR_SKIN	WARTERS_RESPONSE_TO_IR_SKIN		69	-0.36330366	-1.6194459	0.005050505	0.15643656	1.0	1967	tags=26%, list=13%, signal=30%	
WP_SYNAPTIC_SIGNALING_ASSOCIATED_WITH_AUTISM_SPECTRUM_DISORDER	WP_SYNAPTIC_SIGNALING_ASSOCIATED_WITH_AUTISM_SPECTRUM_DISORDER		39	-0.4166166	-1.6166542	0.014634146	0.15899815	1.0	3796	tags=33%, list=25%, signal=44%	
REACTOME_INSERTION_OF_TAIL_ANCHORED_PROTEINS_INTO_THE_ENDOPLASMIC_RETICULUM_MEMBRANE	REACTOME_INSERTION_OF_TAIL_ANCHORED_PROTEINS_INTO_THE_ENDOPLASMIC_RETICULUM_MEMBRANE		21	-0.49407694	-1.6162761	0.018306635	0.15849489	1.0	3287	tags=43%, list=22%, signal=55%	
REACTOME_UNBLOCKING_OF_NMDA_RECEPTORS_GLUTAMATE_BINDING_AND_ACTIVATION	REACTOME_UNBLOCKING_OF_NMDA_RECEPTORS_GLUTAMATE_BINDING_AND_ACTIVATION		19	-0.5091216	-1.6159972	0.02	0.15786235	1.0	1492	tags=32%, list=10%, signal=35%	
WP_TARGETED_AGENTS_IN_TRIPLE_NEGATIVE_BREAST_CANCER	WP_TARGETED_AGENTS_IN_TRIPLE_NEGATIVE_BREAST_CANCER		32	-0.43146732	-1.6148956	0.011848342	0.15816766	1.0	4273	tags=50%, list=28%, signal=70%	
CAIRO_LIVER_DEVELOPMENT_UP	CAIRO_LIVER_DEVELOPMENT_UP		153	-0.31624016	-1.6103117	0.0	0.16261867	1.0	2870	tags=31%, list=19%, signal=38%	
WP_BRAINDERIVED_NEUROTROPHIC_FACTOR_BDNF_SIGNALING	WP_BRAINDERIVED_NEUROTROPHIC_FACTOR_BDNF_SIGNALING		128	-0.32799026	-1.6091496	0.0	0.16294704	1.0	2854	tags=29%, list=19%, signal=35%	
PID_FCER1_PATHWAY	PID_FCER1_PATHWAY		52	-0.38370124	-1.6078305	0.0075	0.16358668	1.0	2612	tags=31%, list=17%, signal=37%	
WP_TRANSLATION_INHIBITORS_IN_CHRONICALLY_ACTIVATED_PDGFRA_CELLS	WP_TRANSLATION_INHIBITORS_IN_CHRONICALLY_ACTIVATED_PDGFRA_CELLS		38	-0.41514978	-1.6072034	0.014423077	0.16342737	1.0	4261	tags=45%, list=28%, signal=62%	
KEGG_MEDICUS_REFERENCE_IL1_IL1R_JNK_SIGNALING_PATHWAY	KEGG_MEDICUS_REFERENCE_IL1_IL1R_JNK_SIGNALING_PATHWAY		16	-0.53224915	-1.6058697	0.03456221	0.16415758	1.0	2792	tags=50%, list=18%, signal=61%	
KEGG_MEDICUS_REFERENCE_AUTOPHAGY_VESICLE_NUCLEATION_ELONGATION_MATURATION_MTORC1_PI3KC3_C1	KEGG_MEDICUS_REFERENCE_AUTOPHAGY_VESICLE_NUCLEATION_ELONGATION_MATURATION_MTORC1_PI3KC3_C1		16	-0.5285075	-1.6039511	0.020134227	0.16570923	1.0	3388	tags=56%, list=22%, signal=72%	
SCHAEFFER_PROSTATE_DEVELOPMENT_6HR_DN	SCHAEFFER_PROSTATE_DEVELOPMENT_6HR_DN		414	-0.2759843	-1.6039146	0.0	0.16482185	1.0	3550	tags=31%, list=23%, signal=40%	
CHARAFE_BREAST_CANCER_LUMINAL_VS_BASAL_UP	CHARAFE_BREAST_CANCER_LUMINAL_VS_BASAL_UP		341	-0.2819719	-1.5986334	0.0	0.17044544	1.0	2434	tags=27%, list=16%, signal=31%	
REACTOME_N_GLYCAN_ANTENNAE_ELONGATION_IN_THE_MEDIAL_TRANS_GOLGI	REACTOME_N_GLYCAN_ANTENNAE_ELONGATION_IN_THE_MEDIAL_TRANS_GOLGI		23	-0.46724606	-1.5983473	0.020833334	0.1698412	1.0	2268	tags=48%, list=15%, signal=56%	
REACTOME_SIGNALING_BY_CYTOSOLIC_FGFR1_FUSION_MUTANTS	REACTOME_SIGNALING_BY_CYTOSOLIC_FGFR1_FUSION_MUTANTS		17	-0.51274574	-1.5931715	0.02603037	0.17528227	1.0	1765	tags=29%, list=12%, signal=33%	
PID_NETRIN_PATHWAY	PID_NETRIN_PATHWAY		30	-0.42684624	-1.5923363	0.014492754	0.1754723	1.0	3561	tags=43%, list=24%, signal=57%	
KEGG_NEUROTROPHIN_SIGNALING_PATHWAY	KEGG_NEUROTROPHIN_SIGNALING_PATHWAY		111	-0.33024657	-1.5921187	0.00295858	0.17475492	1.0	2623	tags=27%, list=17%, signal=32%	
REACTOME_NEUREXINS_AND_NEUROLIGINS	REACTOME_NEUREXINS_AND_NEUROLIGINS		51	-0.37471762	-1.591338	0.010126582	0.17473403	1.0	2693	tags=35%, list=18%, signal=43%	
REACTOME_HDMS_DEMETHYLATE_HISTONES	REACTOME_HDMS_DEMETHYLATE_HISTONES		31	-0.42812866	-1.5900662	0.014218009	0.1756249	1.0	5654	tags=61%, list=37%, signal=98%	
SAGIV_CD24_TARGETS_UP	SAGIV_CD24_TARGETS_UP		19	-0.50031585	-1.5897719	0.031746034	0.17505564	1.0	1582	tags=26%, list=10%, signal=29%	
REACTOME_RET_SIGNALING	REACTOME_RET_SIGNALING		33	-0.4194608	-1.5897306	0.021428572	0.17416075	1.0	2552	tags=30%, list=17%, signal=36%	
REACTOME_SARS_COV_1_HOST_INTERACTIONS	REACTOME_SARS_COV_1_HOST_INTERACTIONS		87	-0.3410119	-1.5885656	0.0	0.17471507	1.0	3277	tags=38%, list=22%, signal=48%	
PID_INSULIN_PATHWAY	PID_INSULIN_PATHWAY		39	-0.4139975	-1.5885484	0.018306635	0.17381404	1.0	1510	tags=26%, list=10%, signal=28%	
WP_NOTCH_SIGNALING_WP61	WP_NOTCH_SIGNALING_WP61		50	-0.38327464	-1.5877479	0.004938272	0.17390072	1.0	4337	tags=50%, list=29%, signal=70%	
PID_MET_PATHWAY	PID_MET_PATHWAY		72	-0.36307618	-1.5850109	0.002754821	0.17672977	1.0	2612	tags=32%, list=17%, signal=38%	
RIZ_ERYTHROID_DIFFERENTIATION_APOBEC2	RIZ_ERYTHROID_DIFFERENTIATION_APOBEC2		20	-0.4931364	-1.5831482	0.029612755	0.17819671	1.0	1569	tags=30%, list=10%, signal=33%	
PID_P53_REGULATION_PATHWAY	PID_P53_REGULATION_PATHWAY		47	-0.37901938	-1.5825567	0.011876484	0.17811227	1.0	4700	tags=49%, list=31%, signal=71%	
LEIN_OLIGODENDROCYTE_MARKERS	LEIN_OLIGODENDROCYTE_MARKERS		68	-0.35765225	-1.5817499	0.0051282053	0.17824984	1.0	2427	tags=28%, list=16%, signal=33%	
KEGG_MEDICUS_REFERENCE_SKELETAL_TYPE_VGCC_RYR_SIGNALING	KEGG_MEDICUS_REFERENCE_SKELETAL_TYPE_VGCC_RYR_SIGNALING		16	-0.50864977	-1.5776093	0.046296295	0.18274638	1.0	1909	tags=38%, list=13%, signal=43%	
REACTOME_PRE_NOTCH_PROCESSING_IN_GOLGI	REACTOME_PRE_NOTCH_PROCESSING_IN_GOLGI		16	-0.51569617	-1.5758139	0.040358745	0.18425578	1.0	3689	tags=44%, list=24%, signal=58%	
PID_NECTIN_PATHWAY	PID_NECTIN_PATHWAY		28	-0.4402698	-1.5756072	0.020547945	0.18360728	1.0	2842	tags=39%, list=19%, signal=48%	
KEGG_N_GLYCAN_BIOSYNTHESIS	KEGG_N_GLYCAN_BIOSYNTHESIS		41	-0.40105283	-1.5733614	0.01891253	0.18548064	1.0	5203	tags=46%, list=34%, signal=70%	
REACTOME_REGULATION_OF_TP53_ACTIVITY_THROUGH_ACETYLATION	REACTOME_REGULATION_OF_TP53_ACTIVITY_THROUGH_ACETYLATION		23	-0.45891193	-1.5724611	0.030701755	0.18587638	1.0	4377	tags=57%, list=29%, signal=79%	
PID_PDGFRB_PATHWAY	PID_PDGFRB_PATHWAY		115	-0.31944147	-1.5694776	0.0054945056	0.18878293	1.0	2715	tags=29%, list=18%, signal=35%	
LIAO_HAVE_SOX4_BINDING_SITES	LIAO_HAVE_SOX4_BINDING_SITES		38	-0.40194675	-1.5684232	0.02078522	0.1892634	1.0	1295	tags=26%, list=9%, signal=29%	
BLANCO_MELO_COVID19_SARS_COV_2_POS_PATIENT_LUNG_TISSUE_DN	BLANCO_MELO_COVID19_SARS_COV_2_POS_PATIENT_LUNG_TISSUE_DN		154	-0.30688962	-1.5677006	0.0	0.18931149	1.0	3770	tags=42%, list=25%, signal=55%	
MOREAUX_B_LYMPHOCYTE_MATURATION_BY_TACI_UP	MOREAUX_B_LYMPHOCYTE_MATURATION_BY_TACI_UP		65	-0.36298046	-1.5670902	0.0024875621	0.1892312	1.0	3110	tags=42%, list=21%, signal=52%	
REACTOME_MRNA_SPLICING	REACTOME_MRNA_SPLICING		196	-0.29996538	-1.5648966	0.0	0.19144851	1.0	4319	tags=36%, list=29%, signal=50%	
WP_NEURAL_CREST_DIFFERENTIATION	WP_NEURAL_CREST_DIFFERENTIATION		85	-0.34177268	-1.5632	0.0027027028	0.19273989	1.0	3423	tags=39%, list=23%, signal=50%	
ABE_INNER_EAR	ABE_INNER_EAR		37	-0.40735412	-1.5625454	0.030379746	0.19278692	1.0	3739	tags=41%, list=25%, signal=54%	
PID_WNT_CANONICAL_PATHWAY	PID_WNT_CANONICAL_PATHWAY		17	-0.5070306	-1.5621415	0.03524229	0.19241044	1.0	1185	tags=35%, list=8%, signal=38%	
REACTOME_PROCESSING_OF_CAPPED_INTRON_CONTAINING_PRE_MRNA	REACTOME_PROCESSING_OF_CAPPED_INTRON_CONTAINING_PRE_MRNA		261	-0.28474602	-1.561688	0.0	0.19217287	1.0	4257	tags=35%, list=28%, signal=48%	
REACTOME_MITOPHAGY	REACTOME_MITOPHAGY		37	-0.40539187	-1.5616236	0.026634382	0.19132733	1.0	5086	tags=51%, list=34%, signal=77%	
STARK_PREFRONTAL_CORTEX_22Q11_DELETION_UP	STARK_PREFRONTAL_CORTEX_22Q11_DELETION_UP		170	-0.30269513	-1.5587928	0.003267974	0.19439815	1.0	3491	tags=32%, list=23%, signal=42%	
REACTOME_REGULATION_OF_MITF_M_DEPENDENT_GENES_INVOLVED_IN_PIGMENTATION	REACTOME_REGULATION_OF_MITF_M_DEPENDENT_GENES_INVOLVED_IN_PIGMENTATION		36	-0.4079867	-1.5571537	0.015151516	0.19570714	1.0	2843	tags=50%, list=19%, signal=61%	
VERRECCHIA_RESPONSE_TO_TGFB1_C2	VERRECCHIA_RESPONSE_TO_TGFB1_C2		19	-0.47826114	-1.5569373	0.034722224	0.19505422	1.0	1667	tags=32%, list=11%, signal=35%	
PID_ERBB2_ERBB3_PATHWAY	PID_ERBB2_ERBB3_PATHWAY		35	-0.40300557	-1.5559299	0.02027027	0.19573447	1.0	3119	tags=31%, list=21%, signal=40%	
DESERT_STEM_CELL_HEPATOCELLULAR_CARCINOMA_SUBCLASS_UP	DESERT_STEM_CELL_HEPATOCELLULAR_CARCINOMA_SUBCLASS_UP		221	-0.28850144	-1.5538324	0.0	0.19783421	1.0	3459	tags=29%, list=23%, signal=38%	
BIOCARTA_GLEEVEC_PATHWAY	BIOCARTA_GLEEVEC_PATHWAY		20	-0.47181877	-1.5526603	0.028235294	0.19864863	1.0	1294	tags=30%, list=9%, signal=33%	
REACTOME_FORMATION_OF_WDR5_CONTAINING_HISTONE_MODIFYING_COMPLEXES	REACTOME_FORMATION_OF_WDR5_CONTAINING_HISTONE_MODIFYING_COMPLEXES		37	-0.40316868	-1.5506072	0.025706941	0.20071942	1.0	2273	tags=24%, list=15%, signal=29%	
WP_KALLMANN_SYNDROME	WP_KALLMANN_SYNDROME		20	-0.47889104	-1.5505371	0.03348214	0.19990668	1.0	2752	tags=40%, list=18%, signal=49%	
KEGG_MEDICUS_PATHOGEN_HPV_E5_TO_EGFR_RAS_ERK_SIGNALING_PATHWAY	KEGG_MEDICUS_PATHOGEN_HPV_E5_TO_EGFR_RAS_ERK_SIGNALING_PATHWAY		15	-0.5160642	-1.5490611	0.024886878	0.20113288	1.0	3799	tags=47%, list=25%, signal=62%	
WP_22Q112_COPY_NUMBER_VARIATION_SYNDROME	WP_22Q112_COPY_NUMBER_VARIATION_SYNDROME		105	-0.32089886	-1.5482925	0.002688172	0.20144546	1.0	2942	tags=35%, list=19%, signal=43%	
REACTOME_SUMOYLATION_OF_TRANSCRIPTION_COFACTORS	REACTOME_SUMOYLATION_OF_TRANSCRIPTION_COFACTORS		36	-0.41068706	-1.5463145	0.009708738	0.20324709	1.0	3084	tags=39%, list=20%, signal=49%	
WP_INTERLEUKIN1_IL1_STRUCTURAL_PATHWAY	WP_INTERLEUKIN1_IL1_STRUCTURAL_PATHWAY		43	-0.38947582	-1.5455676	0.01724138	0.20337713	1.0	3068	tags=40%, list=20%, signal=49%	
TIEN_INTESTINE_PROBIOTICS_24HR_DN	TIEN_INTESTINE_PROBIOTICS_24HR_DN		190	-0.2940781	-1.5455339	0.0	0.20251092	1.0	3135	tags=28%, list=21%, signal=35%	
HOFMANN_MYELODYSPLASTIC_SYNDROM_RISK_UP	HOFMANN_MYELODYSPLASTIC_SYNDROM_RISK_UP		18	-0.48986694	-1.5455116	0.037199125	0.2016127	1.0	5068	tags=72%, list=34%, signal=109%	
KEGG_ERBB_SIGNALING_PATHWAY	KEGG_ERBB_SIGNALING_PATHWAY		78	-0.34596908	-1.5448837	0.005141388	0.2015558	1.0	3799	tags=41%, list=25%, signal=55%	
REACTOME_RMTS_METHYLATE_HISTONE_ARGININES	REACTOME_RMTS_METHYLATE_HISTONE_ARGININES		52	-0.37666512	-1.5448552	0.015584416	0.20071453	1.0	5054	tags=54%, list=33%, signal=81%	
REACTOME_NEGATIVE_EPIGENETIC_REGULATION_OF_RRNA_EXPRESSION	REACTOME_NEGATIVE_EPIGENETIC_REGULATION_OF_RRNA_EXPRESSION		82	-0.34005567	-1.5445278	0.0027472528	0.20030163	1.0	4437	tags=39%, list=29%, signal=55%	
WP_DYRK1A_INVOLVEMENT_REGARDING_CELL_PROLIFERATION_IN_BRAIN_DEVELOPMENT	WP_DYRK1A_INVOLVEMENT_REGARDING_CELL_PROLIFERATION_IN_BRAIN_DEVELOPMENT		58	-0.36094436	-1.5444366	0.014423077	0.1995747	1.0	3287	tags=38%, list=22%, signal=48%	
REACTOME_FORMATION_OF_THE_EARLY_ELONGATION_COMPLEX	REACTOME_FORMATION_OF_THE_EARLY_ELONGATION_COMPLEX		32	-0.42106614	-1.5427363	0.027431421	0.20094964	1.0	962	tags=16%, list=6%, signal=17%	
DAZARD_RESPONSE_TO_UV_SCC_DN	DAZARD_RESPONSE_TO_UV_SCC_DN		105	-0.32739672	-1.5403919	0.01344086	0.20337453	1.0	4525	tags=41%, list=30%, signal=58%	
RAMASWAMY_METASTASIS_UP	RAMASWAMY_METASTASIS_UP		63	-0.3520047	-1.5401874	0.012468828	0.2027986	1.0	5143	tags=48%, list=34%, signal=72%	
WP_IL5_SIGNALING	WP_IL5_SIGNALING		32	-0.40517148	-1.5398917	0.030075189	0.20230405	1.0	3068	tags=38%, list=20%, signal=47%	
REACTOME_MAP3K8_TPL2_DEPENDENT_MAPK1_3_ACTIVATION	REACTOME_MAP3K8_TPL2_DEPENDENT_MAPK1_3_ACTIVATION		16	-0.49995697	-1.5382524	0.04464286	0.20379338	1.0	4762	tags=63%, list=32%, signal=91%	
PID_LKB1_PATHWAY	PID_LKB1_PATHWAY		40	-0.3849661	-1.535388	0.010256411	0.20688005	1.0	3509	tags=43%, list=23%, signal=55%	
REACTOME_ADHERENS_JUNCTIONS_INTERACTIONS	REACTOME_ADHERENS_JUNCTIONS_INTERACTIONS		52	-0.36679557	-1.5351808	0.018087855	0.20627041	1.0	2645	tags=35%, list=18%, signal=42%	
COLDREN_GEFITINIB_RESISTANCE_UP	COLDREN_GEFITINIB_RESISTANCE_UP		82	-0.33986694	-1.5351279	0.010899182	0.20545459	1.0	4032	tags=39%, list=27%, signal=53%	
WP_16P122_COPY_NUMBER_VARIATION_SYNDROME_520KB	WP_16P122_COPY_NUMBER_VARIATION_SYNDROME_520KB		49	-0.373499	-1.5341158	0.024813896	0.20609446	1.0	1167	tags=14%, list=8%, signal=15%	
BIOCARTA_WNT_PATHWAY	BIOCARTA_WNT_PATHWAY		18	-0.4823788	-1.5313028	0.038636364	0.20938058	1.0	3300	tags=56%, list=22%, signal=71%	
REACTOME_MATERNAL_TO_ZYGOTIC_TRANSITION_MZT	REACTOME_MATERNAL_TO_ZYGOTIC_TRANSITION_MZT		80	-0.33377847	-1.5310725	0.012722646	0.2088714	1.0	4317	tags=45%, list=29%, signal=63%	
TOMLINS_PROSTATE_CANCER_UP	TOMLINS_PROSTATE_CANCER_UP		38	-0.39724705	-1.5296518	0.022624435	0.20999734	1.0	3195	tags=34%, list=21%, signal=43%	
KEGG_MEDICUS_REFERENCE_TGFA_EGFR_RAS_ERK_SIGNALING_PATHWAY	KEGG_MEDICUS_REFERENCE_TGFA_EGFR_RAS_ERK_SIGNALING_PATHWAY		15	-0.5120073	-1.5282893	0.05381166	0.21105295	1.0	3799	tags=47%, list=25%, signal=62%	
REACTOME_DOWNSTREAM_SIGNAL_TRANSDUCTION	REACTOME_DOWNSTREAM_SIGNAL_TRANSDUCTION		25	-0.43774012	-1.5264941	0.043269232	0.21297485	1.0	2813	tags=36%, list=19%, signal=44%	
REACTOME_RHOU_GTPASE_CYCLE	REACTOME_RHOU_GTPASE_CYCLE		37	-0.3949835	-1.5261388	0.033163264	0.21269661	1.0	2980	tags=32%, list=20%, signal=40%	
KEGG_ENDOMETRIAL_CANCER	KEGG_ENDOMETRIAL_CANCER		42	-0.38520965	-1.5247375	0.021686748	0.21371746	1.0	3799	tags=43%, list=25%, signal=57%	
REACTOME_TRAFFICKING_OF_GLUR2_CONTAINING_AMPA_RECEPTORS	REACTOME_TRAFFICKING_OF_GLUR2_CONTAINING_AMPA_RECEPTORS		17	-0.47896007	-1.5237652	0.046121594	0.21426709	1.0	1698	tags=35%, list=11%, signal=40%	
KEGG_RNA_DEGRADATION	KEGG_RNA_DEGRADATION		54	-0.36087063	-1.5234821	0.012787724	0.21375306	1.0	4459	tags=46%, list=30%, signal=65%	
WP_ANGIOTENSIN_II_RECEPTOR_TYPE_1_PATHWAY	WP_ANGIOTENSIN_II_RECEPTOR_TYPE_1_PATHWAY		21	-0.45735025	-1.5219918	0.041493777	0.21508162	1.0	4501	tags=43%, list=30%, signal=61%	
REACTOME_NEURONAL_SYSTEM	REACTOME_NEURONAL_SYSTEM		340	-0.2702451	-1.5203695	0.0	0.2164956	1.0	2785	tags=28%, list=18%, signal=34%	
WP_INTRACELLULAR_TRAFFICKING_PROTEINS_INVOLVED_IN_CMT_NEUROPATHY	WP_INTRACELLULAR_TRAFFICKING_PROTEINS_INVOLVED_IN_CMT_NEUROPATHY		23	-0.44239464	-1.5199414	0.03153153	0.21621627	1.0	4679	tags=48%, list=31%, signal=69%	
GENTILE_UV_RESPONSE_CLUSTER_D5	GENTILE_UV_RESPONSE_CLUSTER_D5		32	-0.40354982	-1.5171496	0.025404157	0.21964447	1.0	4823	tags=56%, list=32%, signal=82%	
BROWNE_HCMV_INFECTION_1HR_UP	BROWNE_HCMV_INFECTION_1HR_UP		42	-0.3820129	-1.5142131	0.023195876	0.22317761	1.0	2901	tags=36%, list=19%, signal=44%	
REACTOME_PI_METABOLISM	REACTOME_PI_METABOLISM		73	-0.33661562	-1.5103625	0.008152174	0.22801414	1.0	4727	tags=45%, list=31%, signal=65%	
KEGG_MEDICUS_REFERENCE_CXCR4_GNAQ_PLCB_G_CALCINEURIN_SIGNALING_PATHWAY	KEGG_MEDICUS_REFERENCE_CXCR4_GNAQ_PLCB_G_CALCINEURIN_SIGNALING_PATHWAY		17	-0.4660023	-1.5097054	0.054466233	0.22811817	1.0	1167	tags=29%, list=8%, signal=32%	
LI_AMPLIFIED_IN_LUNG_CANCER	LI_AMPLIFIED_IN_LUNG_CANCER		163	-0.2891753	-1.5074487	0.0	0.23068088	1.0	3195	tags=37%, list=21%, signal=46%	
CHOI_ATL_STAGE_PREDICTOR	CHOI_ATL_STAGE_PREDICTOR		41	-0.37925896	-1.504089	0.036945812	0.2352867	1.0	4646	tags=51%, list=31%, signal=74%	
KEGG_MEDICUS_REFERENCE_E2_ER_RAS_ERK_SIGNALING_PATHWAY	KEGG_MEDICUS_REFERENCE_E2_ER_RAS_ERK_SIGNALING_PATHWAY		21	-0.45790762	-1.5033977	0.05720339	0.2353914	1.0	3799	tags=48%, list=25%, signal=64%	
REACTOME_PROCESSING_OF_INTRONLESS_PRE_MRNAS	REACTOME_PROCESSING_OF_INTRONLESS_PRE_MRNAS		19	-0.4702641	-1.5030595	0.04950495	0.23495953	1.0	5540	tags=53%, list=37%, signal=83%	
IIZUKA_LIVER_CANCER_PROGRESSION_G1_G2_DN	IIZUKA_LIVER_CANCER_PROGRESSION_G1_G2_DN		24	-0.4382646	-1.5027468	0.03504673	0.23454471	1.0	3408	tags=46%, list=23%, signal=59%	
REACTOME_FLT3_SIGNALING	REACTOME_FLT3_SIGNALING		36	-0.3879818	-1.5026988	0.02948403	0.2336911	1.0	2371	tags=28%, list=16%, signal=33%	
REACTOME_HIV_TRANSCRIPTION_ELONGATION	REACTOME_HIV_TRANSCRIPTION_ELONGATION		39	-0.39516196	-1.502333	0.021276595	0.23335765	1.0	997	tags=15%, list=7%, signal=16%	
PID_IL1_PATHWAY	PID_IL1_PATHWAY		31	-0.40723515	-1.5020517	0.030303031	0.23290241	1.0	2307	tags=32%, list=15%, signal=38%	
KEGG_MEDICUS_REFERENCE_ACH_CHRN_RAS_ERK_SIGNALING_PATHWAY	KEGG_MEDICUS_REFERENCE_ACH_CHRN_RAS_ERK_SIGNALING_PATHWAY		19	-0.4651838	-1.502012	0.050239235	0.23206939	1.0	3799	tags=47%, list=25%, signal=63%	
WP_CELL_LINEAGE_MAP_FOR_NEURONAL_DIFFERENTIATION	WP_CELL_LINEAGE_MAP_FOR_NEURONAL_DIFFERENTIATION		110	-0.30719084	-1.5019073	0.0027247956	0.23131877	1.0	2112	tags=28%, list=14%, signal=33%	
PID_CERAMIDE_PATHWAY	PID_CERAMIDE_PATHWAY		39	-0.3849283	-1.5012902	0.037470724	0.23145138	1.0	3461	tags=44%, list=23%, signal=56%	
POMEROY_MEDULLOBLASTOMA_PROGNOSIS_DN	POMEROY_MEDULLOBLASTOMA_PROGNOSIS_DN		41	-0.3781766	-1.5005682	0.027027028	0.23175451	1.0	2736	tags=34%, list=18%, signal=42%	
MACLACHLAN_BRCA1_TARGETS_DN	MACLACHLAN_BRCA1_TARGETS_DN		15	-0.50009847	-1.4963095	0.059080962	0.2377887	1.0	3512	tags=60%, list=23%, signal=78%	
MONNIER_POSTRADIATION_TUMOR_ESCAPE_UP	MONNIER_POSTRADIATION_TUMOR_ESCAPE_UP		367	-0.2658941	-1.4950632	0.0	0.23871635	1.0	4172	tags=36%, list=28%, signal=48%	
KEGG_MEDICUS_REFERENCE_GPCR_PI3K_SIGNALING_PATHWAY	KEGG_MEDICUS_REFERENCE_GPCR_PI3K_SIGNALING_PATHWAY		29	-0.40668565	-1.4948595	0.029345373	0.2381711	1.0	1574	tags=31%, list=10%, signal=35%	
WP_FRAGILE_X_SYNDROME	WP_FRAGILE_X_SYNDROME		107	-0.313747	-1.4945058	0.0057803467	0.2378933	1.0	3845	tags=40%, list=25%, signal=54%	
WP_NEUROGENESIS_REGULATION_IN_THE_OLFACTORY_EPITHELIUM	WP_NEUROGENESIS_REGULATION_IN_THE_OLFACTORY_EPITHELIUM		43	-0.37237406	-1.493242	0.019559903	0.23901542	1.0	4463	tags=56%, list=30%, signal=79%	
REN_ALVEOLAR_RHABDOMYOSARCOMA_UP	REN_ALVEOLAR_RHABDOMYOSARCOMA_UP		85	-0.32610732	-1.4912338	0.0072639226	0.2415813	1.0	3195	tags=38%, list=21%, signal=47%	
WP_SPLICING_FACTOR_NOVA_REGULATED_SYNAPTIC_PROTEINS	WP_SPLICING_FACTOR_NOVA_REGULATED_SYNAPTIC_PROTEINS		39	-0.37929073	-1.4899956	0.035885166	0.24271157	1.0	3456	tags=38%, list=23%, signal=50%	
REACTOME_NOTCH1_INTRACELLULAR_DOMAIN_REGULATES_TRANSCRIPTION	REACTOME_NOTCH1_INTRACELLULAR_DOMAIN_REGULATES_TRANSCRIPTION		42	-0.37429026	-1.4883683	0.04028436	0.24450263	1.0	3754	tags=40%, list=25%, signal=54%	
MARIADASON_RESPONSE_TO_CURCUMIN_SULINDAC_5	MARIADASON_RESPONSE_TO_CURCUMIN_SULINDAC_5		20	-0.44852787	-1.4859455	0.04587156	0.24775596	1.0	3336	tags=45%, list=22%, signal=58%	
WP_INSULIN_SIGNALING	WP_INSULIN_SIGNALING		133	-0.30161825	-1.4855027	0.0085227275	0.2476094	1.0	3119	tags=31%, list=21%, signal=39%	
WP_CATABOLISM_OF_SKELETAL_MUSCLE_IN_CACHEXIA	WP_CATABOLISM_OF_SKELETAL_MUSCLE_IN_CACHEXIA		33	-0.39663202	-1.4852264	0.03309693	0.24711059	1.0	3119	tags=33%, list=21%, signal=42%	
JIANG_MELANOMA_TRM8_CD4	JIANG_MELANOMA_TRM8_CD4		343	-0.26181296	-1.4844592	0.0	0.24744165	1.0	2755	tags=27%, list=18%, signal=32%	
WP_KCNQ2RELATED_EPILEPSIES	WP_KCNQ2RELATED_EPILEPSIES		17	-0.48249167	-1.4844553	0.06094808	0.24654837	1.0	761	tags=24%, list=5%, signal=25%	
ULE_SPLICING_VIA_NOVA2	ULE_SPLICING_VIA_NOVA2		38	-0.38214493	-1.4842634	0.052757792	0.24598064	1.0	3663	tags=39%, list=24%, signal=52%	
WP_MIRNA_REGULATION_OF_PROSTATE_CANCER_SIGNALING	WP_MIRNA_REGULATION_OF_PROSTATE_CANCER_SIGNALING		27	-0.41365594	-1.4818046	0.03794643	0.24938929	1.0	4918	tags=52%, list=33%, signal=77%	
REACTOME_TRANSCRIPTIONAL_REGULATION_BY_THE_AP_2_TFAP2_FAMILY_OF_TRANSCRIPTION_FACTORS	REACTOME_TRANSCRIPTIONAL_REGULATION_BY_THE_AP_2_TFAP2_FAMILY_OF_TRANSCRIPTION_FACTORS		27	-0.422642	-1.4817779	0.04292929	0.24853842	1.0	4534	tags=44%, list=30%, signal=63%	
WP_ARYL_HYDROCARBON_RECEPTOR_PATHWAY_WP2586	WP_ARYL_HYDROCARBON_RECEPTOR_PATHWAY_WP2586		34	-0.38531956	-1.4811845	0.032407407	0.24855113	1.0	4534	tags=41%, list=30%, signal=59%	
CORONEL_RFX7_DIRECT_TARGETS_UP	CORONEL_RFX7_DIRECT_TARGETS_UP		37	-0.3826409	-1.4805099	0.032663316	0.24880323	1.0	5218	tags=59%, list=35%, signal=91%	
BIOCARTA_VDR_PATHWAY	BIOCARTA_VDR_PATHWAY		18	-0.47123963	-1.4801804	0.059957173	0.24848408	1.0	3540	tags=50%, list=23%, signal=65%	
KEGG_MEDICUS_REFERENCE_CARDIAC_TYPE_VGCC_RYR_SIGNALING	KEGG_MEDICUS_REFERENCE_CARDIAC_TYPE_VGCC_RYR_SIGNALING		17	-0.47613183	-1.4793994	0.049217	0.24887303	1.0	2746	tags=41%, list=18%, signal=50%	
PID_BMP_PATHWAY	PID_BMP_PATHWAY		37	-0.38603038	-1.4780915	0.040816326	0.25011602	1.0	3820	tags=46%, list=25%, signal=61%	
WP_INTERFERON_TYPE_I_SIGNALING	WP_INTERFERON_TYPE_I_SIGNALING		44	-0.36900723	-1.4772874	0.026829269	0.25062928	1.0	1513	tags=23%, list=10%, signal=25%	
WP_ANDROGEN_RECEPTOR_SIGNALING	WP_ANDROGEN_RECEPTOR_SIGNALING		69	-0.3394492	-1.4769164	0.016826924	0.25035295	1.0	5169	tags=51%, list=34%, signal=77%	
REACTOME_FORMATION_OF_THE_NON_CANONICAL_BAF_NCBAF_COMPLEX	REACTOME_FORMATION_OF_THE_NON_CANONICAL_BAF_NCBAF_COMPLEX		15	-0.49433556	-1.4750932	0.0625	0.25247142	1.0	1301	tags=33%, list=9%, signal=36%	
GOUYER_TATI_TARGETS_DN	GOUYER_TATI_TARGETS_DN		16	-0.47782147	-1.4744052	0.058441557	0.25270888	1.0	3603	tags=44%, list=24%, signal=57%	
REACTOME_RHOF_GTPASE_CYCLE	REACTOME_RHOF_GTPASE_CYCLE		37	-0.38561648	-1.4732268	0.054761905	0.25381202	1.0	697	tags=14%, list=5%, signal=14%	
LUI_THYROID_CANCER_PAX8_PPARG_DN	LUI_THYROID_CANCER_PAX8_PPARG_DN		41	-0.37443507	-1.4726888	0.024630541	0.2538387	1.0	2063	tags=27%, list=14%, signal=31%	
REACTOME_RNA_POLYMERASE_I_TRANSCRIPTION_INITIATION	REACTOME_RNA_POLYMERASE_I_TRANSCRIPTION_INITIATION		45	-0.36051872	-1.47095	0.027431421	0.25603962	1.0	1168	tags=16%, list=8%, signal=17%	
HOLLEMAN_PREDNISOLONE_RESISTANCE_B_ALL_UP	HOLLEMAN_PREDNISOLONE_RESISTANCE_B_ALL_UP		20	-0.44967347	-1.4706377	0.047191013	0.2557511	1.0	3459	tags=40%, list=23%, signal=52%	
WP_ROLES_OF_CERAMIDES_IN_DEVELOPMENT_OF_INSULIN_RESISTANCE	WP_ROLES_OF_CERAMIDES_IN_DEVELOPMENT_OF_INSULIN_RESISTANCE		17	-0.47415662	-1.4704657	0.047404062	0.2551667	1.0	1393	tags=29%, list=9%, signal=32%	
KEGG_MEDICUS_VARIANT_MUTATION_ACTIVATED_EGFR_TO_RAS_ERK_SIGNALING_PATHWAY	KEGG_MEDICUS_VARIANT_MUTATION_ACTIVATED_EGFR_TO_RAS_ERK_SIGNALING_PATHWAY		15	-0.48252133	-1.4691705	0.065022424	0.2564367	1.0	4918	tags=53%, list=33%, signal=79%	
WP_NSP1_FROM_SARSCOV2_INHIBITS_TRANSLATION_INITIATION_IN_THE_HOST_CELL	WP_NSP1_FROM_SARSCOV2_INHIBITS_TRANSLATION_INITIATION_IN_THE_HOST_CELL		15	-0.48147848	-1.4683217	0.06724512	0.25696367	1.0	5531	tags=60%, list=37%, signal=95%	
REACTOME_SIGNALING_BY_FLT3_FUSION_PROTEINS	REACTOME_SIGNALING_BY_FLT3_FUSION_PROTEINS		17	-0.453965	-1.4677213	0.07582939	0.2572311	1.0	41	tags=12%, list=0%, signal=12%	
KEGG_MEDICUS_REFERENCE_CXCR_GNB_G_ERK_SIGNALING_PATHWAY	KEGG_MEDICUS_REFERENCE_CXCR_GNB_G_ERK_SIGNALING_PATHWAY		23	-0.42969128	-1.4672772	0.055813953	0.2571238	1.0	4262	tags=52%, list=28%, signal=73%	
REACTOME_RECEPTOR_TYPE_TYROSINE_PROTEIN_PHOSPHATASES	REACTOME_RECEPTOR_TYPE_TYROSINE_PROTEIN_PHOSPHATASES		15	-0.49148875	-1.466907	0.06798246	0.25688496	1.0	2545	tags=60%, list=17%, signal=72%	
REACTOME_FORMATION_OF_RNA_POL_II_ELONGATION_COMPLEX	REACTOME_FORMATION_OF_RNA_POL_II_ELONGATION_COMPLEX		52	-0.35361996	-1.4654552	0.030905077	0.25853541	1.0	1127	tags=15%, list=7%, signal=17%	
REACTOME_SIGNALING_BY_PTK6	REACTOME_SIGNALING_BY_PTK6		47	-0.35301393	-1.462159	0.03309693	0.26332453	1.0	2157	tags=28%, list=14%, signal=32%	
KEGG_MEDICUS_REFERENCE_FLT3LG_FLT3_RAS_ERK_SIGNALING_PATHWAY	KEGG_MEDICUS_REFERENCE_FLT3LG_FLT3_RAS_ERK_SIGNALING_PATHWAY		15	-0.47921556	-1.4609625	0.05970149	0.26453948	1.0	3799	tags=40%, list=25%, signal=53%	
REACTOME_PRE_NOTCH_EXPRESSION_AND_PROCESSING	REACTOME_PRE_NOTCH_EXPRESSION_AND_PROCESSING		79	-0.3240807	-1.4591533	0.0024752475	0.26666823	1.0	4336	tags=42%, list=29%, signal=58%	
LIAO_METASTASIS	LIAO_METASTASIS		490	-0.2494818	-1.4590089	0.0	0.26606283	1.0	3658	tags=28%, list=24%, signal=36%	
REACTOME_RNA_POLYMERASE_I_TRANSCRIPTION	REACTOME_RNA_POLYMERASE_I_TRANSCRIPTION		84	-0.3154689	-1.4581753	0.0026041667	0.26663774	1.0	4542	tags=39%, list=30%, signal=56%	
KEGG_RENAL_CELL_CARCINOMA	KEGG_RENAL_CELL_CARCINOMA		64	-0.32714754	-1.4580705	0.023316063	0.26593238	1.0	3799	tags=36%, list=25%, signal=48%	
KEGG_MEDICUS_PATHOGEN_KSHV_VGPCR_TO_GNB_G_ERK_SIGNALING_PATHWAY	KEGG_MEDICUS_PATHOGEN_KSHV_VGPCR_TO_GNB_G_ERK_SIGNALING_PATHWAY		27	-0.4022634	-1.4572053	0.046255507	0.26654297	1.0	4262	tags=48%, list=28%, signal=67%	
MCGOWAN_RSP6_TARGETS_UP	MCGOWAN_RSP6_TARGETS_UP		18	-0.46637198	-1.456498	0.058035713	0.26691946	1.0	1874	tags=44%, list=12%, signal=51%	
REACTOME_HDACS_DEACETYLATE_HISTONES	REACTOME_HDACS_DEACETYLATE_HISTONES		65	-0.33527035	-1.4537613	0.023195876	0.27086562	1.0	4387	tags=45%, list=29%, signal=63%	
VANDESLUIS_COMMD1_TARGETS_GROUP_4_DN	VANDESLUIS_COMMD1_TARGETS_GROUP_4_DN		15	-0.46537864	-1.4524176	0.07268722	0.27218893	1.0	1760	tags=33%, list=12%, signal=38%	
WP_AKT_SIGNALING_AND_ARTD_FAMILY_MEMBERS	WP_AKT_SIGNALING_AND_ARTD_FAMILY_MEMBERS		25	-0.41131762	-1.4516165	0.04368932	0.27268466	1.0	2623	tags=36%, list=17%, signal=43%	
WP_GNAQ_PATHWAYS_IN_PORTWINE_STAIN	WP_GNAQ_PATHWAYS_IN_PORTWINE_STAIN		18	-0.454347	-1.4499075	0.05518764	0.27474684	1.0	3561	tags=44%, list=24%, signal=58%	
KEGG_MTOR_SIGNALING_PATHWAY	KEGG_MTOR_SIGNALING_PATHWAY		41	-0.36334136	-1.4498442	0.037470724	0.2740076	1.0	5266	tags=49%, list=35%, signal=75%	
KEGG_GLIOMA	KEGG_GLIOMA		55	-0.3412953	-1.4482574	0.023017902	0.2760269	1.0	3799	tags=35%, list=25%, signal=46%	
BOYLAN_MULTIPLE_MYELOMA_C_UP	BOYLAN_MULTIPLE_MYELOMA_C_UP		42	-0.36670464	-1.447814	0.025252525	0.27591464	1.0	3564	tags=43%, list=24%, signal=56%	
REACTOME_ENERGY_DEPENDENT_REGULATION_OF_MTOR_BY_LKB1_AMPK	REACTOME_ENERGY_DEPENDENT_REGULATION_OF_MTOR_BY_LKB1_AMPK		24	-0.41265097	-1.4478067	0.055690072	0.27505204	1.0	5266	tags=50%, list=35%, signal=77%	
GINESTIER_BREAST_CANCER_20Q13_AMPLIFICATION_DN	GINESTIER_BREAST_CANCER_20Q13_AMPLIFICATION_DN		158	-0.28422022	-1.4464791	0.0033898305	0.27654055	1.0	4549	tags=42%, list=30%, signal=60%	
PID_CDC42_PATHWAY	PID_CDC42_PATHWAY		61	-0.3362329	-1.4436939	0.03406326	0.28051507	1.0	3119	tags=33%, list=21%, signal=41%	
KEGG_BLADDER_CANCER	KEGG_BLADDER_CANCER		38	-0.37701762	-1.4427571	0.03448276	0.2813285	1.0	3799	tags=42%, list=25%, signal=56%	
CHANDRAN_METASTASIS_TOP50_UP	CHANDRAN_METASTASIS_TOP50_UP		35	-0.3870558	-1.4422473	0.06097561	0.28133744	1.0	3905	tags=43%, list=26%, signal=58%	
KEGG_B_CELL_RECEPTOR_SIGNALING_PATHWAY	KEGG_B_CELL_RECEPTOR_SIGNALING_PATHWAY		61	-0.3338183	-1.44169	0.02617801	0.28145564	1.0	3361	tags=30%, list=22%, signal=38%	
BIOCARTA_TCR_PATHWAY	BIOCARTA_TCR_PATHWAY		35	-0.3841703	-1.4405669	0.053240743	0.28270027	1.0	1167	tags=23%, list=8%, signal=25%	
PID_BCR_5PATHWAY	PID_BCR_5PATHWAY		51	-0.33898628	-1.4402587	0.033898305	0.28244522	1.0	1809	tags=25%, list=12%, signal=29%	
REACTOME_FORMATION_OF_THE_CANONICAL_BAF_CBAF_COMPLEX	REACTOME_FORMATION_OF_THE_CANONICAL_BAF_CBAF_COMPLEX		16	-0.466516	-1.4398427	0.06535948	0.2823119	1.0	2843	tags=50%, list=19%, signal=62%	
KEGG_MEDICUS_PATHOGEN_HCMV_US28_TO_GNB_G_PI3K_NFKB_SIGNALING_PATHWAY	KEGG_MEDICUS_PATHOGEN_HCMV_US28_TO_GNB_G_PI3K_NFKB_SIGNALING_PATHWAY		26	-0.41153824	-1.4395467	0.051454138	0.2820673	1.0	4885	tags=58%, list=32%, signal=85%	
MCCLUNG_DELTA_FOSB_TARGETS_8WK	MCCLUNG_DELTA_FOSB_TARGETS_8WK		47	-0.3570158	-1.4394765	0.0315534	0.28137472	1.0	4001	tags=47%, list=26%, signal=63%	
REACTOME_M_DECAY_DEGRADATION_OF_MATERNAL_MRNAS_BY_MATERNALLY_STORED_FACTORS	REACTOME_M_DECAY_DEGRADATION_OF_MATERNAL_MRNAS_BY_MATERNALLY_STORED_FACTORS		27	-0.39669698	-1.4372653	0.04491726	0.28474012	1.0	3367	tags=37%, list=22%, signal=48%	
BHAT_ESR1_TARGETS_VIA_AKT1_UP	BHAT_ESR1_TARGETS_VIA_AKT1_UP		250	-0.26195258	-1.4367204	0.0	0.28488612	1.0	2453	tags=25%, list=16%, signal=30%	
REACTOME_GOLGI_ASSOCIATED_VESICLE_BIOGENESIS	REACTOME_GOLGI_ASSOCIATED_VESICLE_BIOGENESIS		48	-0.34633544	-1.4364322	0.033163264	0.28454438	1.0	2818	tags=29%, list=19%, signal=36%	
LEE_METASTASIS_AND_RNA_PROCESSING_UP	LEE_METASTASIS_AND_RNA_PROCESSING_UP		15	-0.47981903	-1.436296	0.051569507	0.28392044	1.0	2421	tags=33%, list=16%, signal=40%	
BIOCARTA_HDAC_PATHWAY	BIOCARTA_HDAC_PATHWAY		19	-0.44152784	-1.4343833	0.06763285	0.28665948	1.0	1167	tags=26%, list=8%, signal=28%	
WEIGEL_OXIDATIVE_STRESS_RESPONSE	WEIGEL_OXIDATIVE_STRESS_RESPONSE		26	-0.4031141	-1.4339147	0.04895105	0.28660014	1.0	5484	tags=58%, list=36%, signal=90%	
WP_GLIOBLASTOMA_SIGNALING	WP_GLIOBLASTOMA_SIGNALING		61	-0.3331819	-1.4336287	0.034031413	0.28624701	1.0	2687	tags=31%, list=18%, signal=38%	
KEGG_MEDICUS_REFERENCE_PP2A_AKT_SIGNALING_PATHWAY	KEGG_MEDICUS_REFERENCE_PP2A_AKT_SIGNALING_PATHWAY		16	-0.47409832	-1.4334985	0.07317073	0.2856391	1.0	5235	tags=75%, list=35%, signal=115%	
REACTOME_BUTYRATE_RESPONSE_FACTOR_1_BRF1_BINDS_AND_DESTABILIZES_MRNA	REACTOME_BUTYRATE_RESPONSE_FACTOR_1_BRF1_BINDS_AND_DESTABILIZES_MRNA		15	-0.47348228	-1.4330184	0.06349207	0.28565156	1.0	4459	tags=47%, list=30%, signal=66%	
JIANG_MELANOMA_TRM6_CD8	JIANG_MELANOMA_TRM6_CD8		128	-0.2915468	-1.4323311	0.0	0.28602043	1.0	1091	tags=16%, list=7%, signal=18%	
KEGG_GLYCOSYLPHOSPHATIDYLINOSITOL_GPI_ANCHOR_BIOSYNTHESIS	KEGG_GLYCOSYLPHOSPHATIDYLINOSITOL_GPI_ANCHOR_BIOSYNTHESIS		23	-0.4245967	-1.4313985	0.07865169	0.2868848	1.0	1903	tags=30%, list=13%, signal=35%	
SCHLOSSER_SERUM_RESPONSE_AUGMENTED_BY_MYC	SCHLOSSER_SERUM_RESPONSE_AUGMENTED_BY_MYC		89	-0.3083851	-1.4305844	0.020151133	0.28754595	1.0	5218	tags=55%, list=35%, signal=84%	
KEGG_MEDICUS_PATHOGEN_HCMV_GB_TO_PDGFR_RAS_ERK_SIGNALING_PATHWAY	KEGG_MEDICUS_PATHOGEN_HCMV_GB_TO_PDGFR_RAS_ERK_SIGNALING_PATHWAY		15	-0.48936072	-1.4301124	0.07816092	0.28757817	1.0	3799	tags=47%, list=25%, signal=62%	
REACTOME_PI_3K_CASCADE_FGFR3	REACTOME_PI_3K_CASCADE_FGFR3		16	-0.45978487	-1.4299947	0.075723834	0.2869605	1.0	2925	tags=44%, list=19%, signal=54%	
STEIN_ESRRA_TARGETS_DN	STEIN_ESRRA_TARGETS_DN		95	-0.30389112	-1.4296749	0.020057306	0.2867121	1.0	3091	tags=37%, list=20%, signal=46%	
REACTOME_POTENTIAL_THERAPEUTICS_FOR_SARS	REACTOME_POTENTIAL_THERAPEUTICS_FOR_SARS		86	-0.3080728	-1.4289954	0.037433155	0.2871495	1.0	2458	tags=22%, list=16%, signal=26%	
AMIT_SERUM_RESPONSE_480_MCF10A	AMIT_SERUM_RESPONSE_480_MCF10A		32	-0.38504356	-1.4280221	0.050724637	0.28805503	1.0	1170	tags=19%, list=8%, signal=20%	
REACTOME_A_TETRASACCHARIDE_LINKER_SEQUENCE_IS_REQUIRED_FOR_GAG_SYNTHESIS	REACTOME_A_TETRASACCHARIDE_LINKER_SEQUENCE_IS_REQUIRED_FOR_GAG_SYNTHESIS		24	-0.42029703	-1.4276409	0.05790646	0.28793153	1.0	1164	tags=29%, list=8%, signal=32%	
GINESTIER_BREAST_CANCER_20Q13_AMPLIFICATION_UP	GINESTIER_BREAST_CANCER_20Q13_AMPLIFICATION_UP		94	-0.30929065	-1.4273123	0.0077120825	0.28776667	1.0	4344	tags=39%, list=29%, signal=55%	
KEGG_MEDICUS_REFERENCE_MACHR_CA2_APOPTOTIC_PATHWAY	KEGG_MEDICUS_REFERENCE_MACHR_CA2_APOPTOTIC_PATHWAY		17	-0.45075342	-1.4268723	0.07317073	0.28773904	1.0	1693	tags=24%, list=11%, signal=26%	
REACTOME_FORMATION_OF_THE_POLYBROMO_BAF_PBAF_COMPLEX	REACTOME_FORMATION_OF_THE_POLYBROMO_BAF_PBAF_COMPLEX		16	-0.46228486	-1.4246492	0.08064516	0.29070306	1.0	1477	tags=31%, list=10%, signal=35%	
WP_SARSCOV2_MITOCHONDRIAL_CHRONIC_OXIDATIVE_STRESS_AND_ENDOTHELIAL_DYSFUNCTION	WP_SARSCOV2_MITOCHONDRIAL_CHRONIC_OXIDATIVE_STRESS_AND_ENDOTHELIAL_DYSFUNCTION		22	-0.41603068	-1.4244963	0.06682578	0.2901378	1.0	3486	tags=41%, list=23%, signal=53%	
WP_ENERGY_METABOLISM	WP_ENERGY_METABOLISM		39	-0.36841947	-1.4243851	0.03263403	0.28951183	1.0	3472	tags=38%, list=23%, signal=50%	
BIOCARTA_HER2_PATHWAY	BIOCARTA_HER2_PATHWAY		19	-0.44187337	-1.4230301	0.08454106	0.29111767	1.0	4534	tags=53%, list=30%, signal=75%	
WP_VITAMIN_DSENSITIVE_CALCIUM_SIGNALING_IN_DEPRESSION	WP_VITAMIN_DSENSITIVE_CALCIUM_SIGNALING_IN_DEPRESSION		30	-0.38408402	-1.4221529	0.07239819	0.2919836	1.0	1093	tags=17%, list=7%, signal=18%	
COLIN_PILOCYTIC_ASTROCYTOMA_VS_GLIOBLASTOMA_UP	COLIN_PILOCYTIC_ASTROCYTOMA_VS_GLIOBLASTOMA_UP		29	-0.39554358	-1.4213917	0.078947365	0.29256007	1.0	3024	tags=41%, list=20%, signal=52%	
JI_RESPONSE_TO_FSH_DN	JI_RESPONSE_TO_FSH_DN		47	-0.34564894	-1.4188339	0.04009434	0.29652938	1.0	3898	tags=43%, list=26%, signal=57%	
BIOCARTA_NFAT_PATHWAY	BIOCARTA_NFAT_PATHWAY		43	-0.35537815	-1.4175498	0.05060241	0.2980379	1.0	3394	tags=37%, list=22%, signal=48%	
WP_NANOPARTICLEMEDIATED_ACTIVATION_OF_RECEPTOR_SIGNALING	WP_NANOPARTICLEMEDIATED_ACTIVATION_OF_RECEPTOR_SIGNALING		27	-0.3959131	-1.4165426	0.07511737	0.29905853	1.0	4673	tags=37%, list=31%, signal=54%	
REACTOME_SIGNALING_BY_NOTCH1_PEST_DOMAIN_MUTANTS_IN_CANCER	REACTOME_SIGNALING_BY_NOTCH1_PEST_DOMAIN_MUTANTS_IN_CANCER		53	-0.33823258	-1.4150919	0.04043127	0.30090773	1.0	4336	tags=45%, list=29%, signal=63%	
LE_EGR2_TARGETS_UP	LE_EGR2_TARGETS_UP		101	-0.297244	-1.4150373	0.018087855	0.30016458	1.0	2606	tags=23%, list=17%, signal=27%	
REACTOME_RHOB_GTPASE_CYCLE	REACTOME_RHOB_GTPASE_CYCLE		64	-0.32618922	-1.414947	0.030534351	0.29947764	1.0	1607	tags=19%, list=11%, signal=21%	
WANG_TUMOR_INVASIVENESS_UP	WANG_TUMOR_INVASIVENESS_UP		349	-0.25187582	-1.4149334	0.0	0.29867122	1.0	3948	tags=32%, list=26%, signal=42%	
WARTERS_IR_RESPONSE_5GY	WARTERS_IR_RESPONSE_5GY		39	-0.36467272	-1.4140404	0.061320756	0.29955184	1.0	1967	tags=26%, list=13%, signal=29%	
PID_SYNDECAN_3_PATHWAY	PID_SYNDECAN_3_PATHWAY		15	-0.4778061	-1.4137893	0.085339166	0.29914823	1.0	3163	tags=47%, list=21%, signal=59%	
GAZDA_DIAMOND_BLACKFAN_ANEMIA_MYELOID_DN	GAZDA_DIAMOND_BLACKFAN_ANEMIA_MYELOID_DN		33	-0.38801062	-1.4072634	0.062211983	0.31098548	1.0	2563	tags=27%, list=17%, signal=33%	
BIOCARTA_PYK2_PATHWAY	BIOCARTA_PYK2_PATHWAY		24	-0.40806156	-1.407062	0.083333336	0.31049064	1.0	1167	tags=25%, list=8%, signal=27%	
REACTOME_ACTIVATED_PKN1_STIMULATES_TRANSCRIPTION_OF_AR_ANDROGEN_RECEPTOR_REGULATED_GENES_KLK2_AND_KLK3	REACTOME_ACTIVATED_PKN1_STIMULATES_TRANSCRIPTION_OF_AR_ANDROGEN_RECEPTOR_REGULATED_GENES_KLK2_AND_KLK3		39	-0.36281553	-1.406932	0.049868766	0.30987784	1.0	4317	tags=46%, list=29%, signal=64%	
AMIT_EGF_RESPONSE_480_HELA	AMIT_EGF_RESPONSE_480_HELA		139	-0.27828157	-1.4066099	0.014705882	0.30966595	1.0	2254	tags=21%, list=15%, signal=24%	
REACTOME_RNA_POLYMERASE_III_CHAIN_ELONGATION	REACTOME_RNA_POLYMERASE_III_CHAIN_ELONGATION		17	-0.45045513	-1.4060879	0.08490566	0.30989128	1.0	2087	tags=29%, list=14%, signal=34%	
GENTILE_UV_LOW_DOSE_DN	GENTILE_UV_LOW_DOSE_DN		56	-0.3336952	-1.4039425	0.042713568	0.31321502	1.0	1880	tags=20%, list=12%, signal=22%	
WP_LEPTIN_SIGNALING	WP_LEPTIN_SIGNALING		66	-0.32271862	-1.4016889	0.045212764	0.31673768	1.0	3796	tags=36%, list=25%, signal=48%	
BIOCARTA_CTCF_PATHWAY	BIOCARTA_CTCF_PATHWAY		17	-0.45146713	-1.3999397	0.09704641	0.31916016	1.0	4261	tags=59%, list=28%, signal=82%	
WP_GASTRIC_CANCER_NETWORK_2	WP_GASTRIC_CANCER_NETWORK_2		27	-0.3946944	-1.3974227	0.07913669	0.32343462	1.0	1946	tags=19%, list=13%, signal=21%	
HU_GENOTOXIC_DAMAGE_24HR	HU_GENOTOXIC_DAMAGE_24HR		28	-0.38515967	-1.3920002	0.0921659	0.3334598	1.0	580	tags=18%, list=4%, signal=19%	
IKEDA_MIR30_TARGETS_DN	IKEDA_MIR30_TARGETS_DN		20	-0.41557783	-1.3917276	0.085057475	0.33315104	1.0	3926	tags=50%, list=26%, signal=67%	
HOLLERN_SOLID_NODULAR_BREAST_TUMOR_DN	HOLLERN_SOLID_NODULAR_BREAST_TUMOR_DN		28	-0.380745	-1.3913941	0.08411215	0.33293188	1.0	5113	tags=54%, list=34%, signal=81%	
REACTOME_SIGNALING_BY_NTRK3_TRKC	REACTOME_SIGNALING_BY_NTRK3_TRKC		16	-0.45056227	-1.3903852	0.095794395	0.334126	1.0	2536	tags=31%, list=17%, signal=38%	
PID_ARF_3PATHWAY	PID_ARF_3PATHWAY		19	-0.43335402	-1.3894136	0.0945946	0.33531108	1.0	4169	tags=58%, list=28%, signal=80%	
GAUSSMANN_MLL_AF4_FUSION_TARGETS_E_DN	GAUSSMANN_MLL_AF4_FUSION_TARGETS_E_DN		20	-0.42039278	-1.3885219	0.12072893	0.3362139	1.0	3307	tags=40%, list=22%, signal=51%	
REACTOME_FORMATION_OF_NEURONAL_PROGENITOR_AND_NEURONAL_BAF_NPBAF_AND_NBAF	REACTOME_FORMATION_OF_NEURONAL_PROGENITOR_AND_NEURONAL_BAF_NPBAF_AND_NBAF		23	-0.4160062	-1.3864204	0.07801419	0.33942124	1.0	2843	tags=39%, list=19%, signal=48%	
MORI_EMU_MYC_LYMPHOMA_BY_ONSET_TIME_UP	MORI_EMU_MYC_LYMPHOMA_BY_ONSET_TIME_UP		100	-0.29064745	-1.3859016	0.03448276	0.33963877	1.0	3365	tags=31%, list=22%, signal=40%	
REACTOME_MITF_M_DEPENDENT_GENE_EXPRESSION	REACTOME_MITF_M_DEPENDENT_GENE_EXPRESSION		94	-0.30128258	-1.3852135	0.018041236	0.34020853	1.0	2921	tags=34%, list=19%, signal=42%	
FLECHNER_BIOPSY_KIDNEY_TRANSPLANT_OK_VS_DONOR_DN	FLECHNER_BIOPSY_KIDNEY_TRANSPLANT_OK_VS_DONOR_DN		16	-0.4419933	-1.3848135	0.12528473	0.34016982	1.0	1294	tags=31%, list=9%, signal=34%	
KEGG_MEDICUS_REFERENCE_CCR2_GNB_G_PI3K_NFKB_SIGNALING_PATHWAY	KEGG_MEDICUS_REFERENCE_CCR2_GNB_G_PI3K_NFKB_SIGNALING_PATHWAY		26	-0.38685668	-1.3846813	0.059633028	0.33962226	1.0	4885	tags=54%, list=32%, signal=79%	
DARWICHE_SKIN_TUMOR_PROMOTER_DN	DARWICHE_SKIN_TUMOR_PROMOTER_DN		152	-0.27536803	-1.3840824	0.018018018	0.33994043	1.0	2709	tags=26%, list=18%, signal=32%	
REACTOME_BIOSYNTHESIS_OF_THE_N_GLYCAN_PRECURSOR_DOLICHOL_LIPID_LINKED_OLIGOSACCHARIDE_LLO_AND_TRANSFER_TO_A_NASCENT_PROTEIN	REACTOME_BIOSYNTHESIS_OF_THE_N_GLYCAN_PRECURSOR_DOLICHOL_LIPID_LINKED_OLIGOSACCHARIDE_LLO_AND_TRANSFER_TO_A_NASCENT_PROTEIN		72	-0.3099702	-1.3840771	0.037220843	0.3390645	1.0	3560	tags=32%, list=24%, signal=42%	
ROVERSI_GLIOMA_COPY_NUMBER_UP	ROVERSI_GLIOMA_COPY_NUMBER_UP		82	-0.30639875	-1.3838336	0.027431421	0.33872923	1.0	1632	tags=21%, list=11%, signal=23%	
WP_16P112_DISTAL_DELETION_SYNDROME	WP_16P112_DISTAL_DELETION_SYNDROME		26	-0.38220054	-1.382594	0.06666667	0.34044576	1.0	3049	tags=31%, list=20%, signal=38%	
XU_CREBBP_TARGETS_DN	XU_CREBBP_TARGETS_DN		30	-0.3768026	-1.382411	0.08	0.33987942	1.0	1036	tags=20%, list=7%, signal=21%	
WP_HALLMARK_OF_CANCER_METASTASIS_AND_EPITHELIALTOMESENCHYMAL_TRANSITION	WP_HALLMARK_OF_CANCER_METASTASIS_AND_EPITHELIALTOMESENCHYMAL_TRANSITION		18	-0.44525322	-1.3811454	0.10561798	0.34170988	1.0	2505	tags=33%, list=17%, signal=40%	
WP_INHIBITION_OF_GNAQREGULATED_SIGNALING_IN_UVEAL_MELANOMA	WP_INHIBITION_OF_GNAQREGULATED_SIGNALING_IN_UVEAL_MELANOMA		26	-0.39324299	-1.3808737	0.065882355	0.3414046	1.0	1607	tags=23%, list=11%, signal=26%	
REACTOME_TRISTETRAPROLIN_TTP_ZFP36_BINDS_AND_DESTABILIZES_MRNA	REACTOME_TRISTETRAPROLIN_TTP_ZFP36_BINDS_AND_DESTABILIZES_MRNA		16	-0.4405099	-1.3805561	0.10549451	0.34111893	1.0	4459	tags=44%, list=30%, signal=62%	
REACTOME_DEADENYLATION_DEPENDENT_MRNA_DECAY	REACTOME_DEADENYLATION_DEPENDENT_MRNA_DECAY		54	-0.33405557	-1.3801646	0.055555556	0.34098992	1.0	4459	tags=43%, list=30%, signal=60%	
KEGG_SPLICEOSOME	KEGG_SPLICEOSOME		115	-0.28495455	-1.3801311	0.020618556	0.3401656	1.0	4391	tags=37%, list=29%, signal=51%	
REACTOME_TRAF6_MEDIATED_NF_KB_ACTIVATION	REACTOME_TRAF6_MEDIATED_NF_KB_ACTIVATION		21	-0.40427005	-1.377788	0.078774616	0.34447923	1.0	1758	tags=29%, list=12%, signal=32%	
WP_MET_IN_TYPE_1_PAPILLARY_RENAL_CELL_CARCINOMA	WP_MET_IN_TYPE_1_PAPILLARY_RENAL_CELL_CARCINOMA		50	-0.33503744	-1.3770278	0.06526806	0.34518793	1.0	3068	tags=34%, list=20%, signal=43%	
WP_CARDIAC_HYPERTROPHIC_RESPONSE	WP_CARDIAC_HYPERTROPHIC_RESPONSE		44	-0.34066227	-1.3763566	0.05620609	0.34573418	1.0	3220	tags=39%, list=21%, signal=49%	
WP_SYNTHESIS_OF_CERAMIDES_AND_1DEOXYCERAMIDES	WP_SYNTHESIS_OF_CERAMIDES_AND_1DEOXYCERAMIDES		18	-0.43568078	-1.3752798	0.121348314	0.3470776	1.0	2346	tags=33%, list=16%, signal=39%	
LIN_NPAS4_TARGETS_UP	LIN_NPAS4_TARGETS_UP		159	-0.2718166	-1.3752681	0.012048192	0.34622598	1.0	3307	tags=31%, list=22%, signal=39%	
WP_WNT_SIGNALING_NETPATH	WP_WNT_SIGNALING_NETPATH		44	-0.34295315	-1.3752123	0.06864989	0.34547114	1.0	1522	tags=23%, list=10%, signal=25%	
REACTOME_ACTIVATION_OF_SMO	REACTOME_ACTIVATION_OF_SMO		16	-0.4488753	-1.3749697	0.11633109	0.34509054	1.0	2870	tags=38%, list=19%, signal=46%	
DING_LUNG_CANCER_EXPRESSION_BY_COPY_NUMBER	DING_LUNG_CANCER_EXPRESSION_BY_COPY_NUMBER		92	-0.291971	-1.3743839	0.016806724	0.345581	1.0	2868	tags=27%, list=19%, signal=33%	
MCCLUNG_COCAINE_REWARD_5D	MCCLUNG_COCAINE_REWARD_5D		65	-0.30708572	-1.3743453	0.04656863	0.3448	1.0	3091	tags=35%, list=20%, signal=44%	
DANG_MYC_TARGETS_UP	DANG_MYC_TARGETS_UP		119	-0.28092992	-1.3739889	0.022222223	0.3447323	1.0	3142	tags=28%, list=21%, signal=35%	
REACTOME_RHOC_GTPASE_CYCLE	REACTOME_RHOC_GTPASE_CYCLE		68	-0.31320098	-1.3736515	0.05820106	0.34452462	1.0	1607	tags=18%, list=11%, signal=20%	
KANNAN_TP53_TARGETS_DN	KANNAN_TP53_TARGETS_DN		20	-0.4180949	-1.3734612	0.09382151	0.3440628	1.0	3972	tags=35%, list=26%, signal=47%	
ELVIDGE_HYPOXIA_DN	ELVIDGE_HYPOXIA_DN		137	-0.27295044	-1.3733937	0.013774104	0.34338385	1.0	4464	tags=36%, list=30%, signal=50%	
DANG_REGULATED_BY_MYC_UP	DANG_REGULATED_BY_MYC_UP		62	-0.31619343	-1.3723963	0.05185185	0.3445589	1.0	4549	tags=45%, list=30%, signal=64%	
REACTOME_SIGNALING_BY_FLT3_ITD_AND_TKD_MUTANTS	REACTOME_SIGNALING_BY_FLT3_ITD_AND_TKD_MUTANTS		15	-0.44846985	-1.3712858	0.10067114	0.3460407	1.0	41	tags=13%, list=0%, signal=13%	
REACTOME_NEUROTRANSMITTER_RECEPTORS_AND_POSTSYNAPTIC_SIGNAL_TRANSMISSION	REACTOME_NEUROTRANSMITTER_RECEPTORS_AND_POSTSYNAPTIC_SIGNAL_TRANSMISSION		168	-0.26489097	-1.3703457	0.010928961	0.34721422	1.0	2042	tags=22%, list=14%, signal=25%	
LIU_PROSTATE_CANCER_UP	LIU_PROSTATE_CANCER_UP		85	-0.2914644	-1.370334	0.042105265	0.34639302	1.0	2680	tags=29%, list=18%, signal=36%	
REACTOME_ERCC6_CSB_AND_EHMT2_G9A_POSITIVELY_REGULATE_RRNA_EXPRESSION	REACTOME_ERCC6_CSB_AND_EHMT2_G9A_POSITIVELY_REGULATE_RRNA_EXPRESSION		50	-0.32949635	-1.3702488	0.066831686	0.34572974	1.0	4542	tags=48%, list=30%, signal=68%	
WP_CHRONIC_HYPERGLYCEMIA_IMPAIRMENT_OF_NEURON_FUNCTION	WP_CHRONIC_HYPERGLYCEMIA_IMPAIRMENT_OF_NEURON_FUNCTION		39	-0.3515208	-1.369696	0.05399061	0.34604594	1.0	3049	tags=41%, list=20%, signal=51%	
REACTOME_POSITIVE_EPIGENETIC_REGULATION_OF_RRNA_EXPRESSION	REACTOME_POSITIVE_EPIGENETIC_REGULATION_OF_RRNA_EXPRESSION		79	-0.30555242	-1.3695433	0.043256998	0.3455619	1.0	4542	tags=43%, list=30%, signal=61%	
GRATIAS_RETINOBLASTOMA_16Q24	GRATIAS_RETINOBLASTOMA_16Q24		16	-0.44100764	-1.3689736	0.10874704	0.34588477	1.0	5248	tags=63%, list=35%, signal=96%	
REACTOME_SARS_COV_2_HOST_INTERACTIONS	REACTOME_SARS_COV_2_HOST_INTERACTIONS		172	-0.26640737	-1.3682487	0.014619883	0.3465812	1.0	2792	tags=29%, list=18%, signal=35%	
XU_CREBBP_TARGETS_UP	XU_CREBBP_TARGETS_UP		20	-0.40926963	-1.3680649	0.075555556	0.34614784	1.0	2209	tags=40%, list=15%, signal=47%	
LEE_AGING_CEREBELLUM_DN	LEE_AGING_CEREBELLUM_DN		64	-0.31836596	-1.3676438	0.05276382	0.34620312	1.0	3119	tags=36%, list=21%, signal=45%	
PID_ECADHERIN_NASCENT_AJ_PATHWAY	PID_ECADHERIN_NASCENT_AJ_PATHWAY		37	-0.3567828	-1.3670901	0.07819905	0.34652945	1.0	2818	tags=32%, list=19%, signal=40%	
KEGG_MEDICUS_VARIANT_IGF2_OVEREXPRESSION_TO_RAS_ERK_SIGNALING_PATHWAY	KEGG_MEDICUS_VARIANT_IGF2_OVEREXPRESSION_TO_RAS_ERK_SIGNALING_PATHWAY		15	-0.43959805	-1.366733	0.10377359	0.346438	1.0	3799	tags=40%, list=25%, signal=53%	
BIOCARTA_ARF_PATHWAY	BIOCARTA_ARF_PATHWAY		15	-0.45631617	-1.3655981	0.10714286	0.3480665	1.0	4437	tags=60%, list=29%, signal=85%	
BIOCARTA_CALCINEURIN_PATHWAY	BIOCARTA_CALCINEURIN_PATHWAY		17	-0.43852746	-1.3655206	0.098173514	0.3474043	1.0	1411	tags=29%, list=9%, signal=32%	
MEISSNER_ES_ICP_WITH_H3K4ME3	MEISSNER_ES_ICP_WITH_H3K4ME3		28	-0.3735616	-1.3654722	0.06443914	0.3466853	1.0	864	tags=18%, list=6%, signal=19%	
REACTOME_DOWNREGULATION_OF_SMAD2_3_SMAD4_TRANSCRIPTIONAL_ACTIVITY	REACTOME_DOWNREGULATION_OF_SMAD2_3_SMAD4_TRANSCRIPTIONAL_ACTIVITY		27	-0.38734365	-1.3640889	0.09592326	0.34859467	1.0	4273	tags=44%, list=28%, signal=62%	
BIOCARTA_IL1R_PATHWAY	BIOCARTA_IL1R_PATHWAY		23	-0.40055743	-1.3636723	0.0979021	0.34864214	1.0	2307	tags=39%, list=15%, signal=46%	
KEGG_NON_SMALL_CELL_LUNG_CANCER	KEGG_NON_SMALL_CELL_LUNG_CANCER		45	-0.33480433	-1.3635225	0.0631068	0.34817082	1.0	3799	tags=36%, list=25%, signal=47%	
KEGG_MEDICUS_VARIANT_MUTATION_CAUSED_ABERRANT_ABETA_TO_AGE_RAGE_SIGNALING_PATHWAY	KEGG_MEDICUS_VARIANT_MUTATION_CAUSED_ABERRANT_ABETA_TO_AGE_RAGE_SIGNALING_PATHWAY		16	-0.43647656	-1.3630091	0.1118421	0.34845892	1.0	4254	tags=50%, list=28%, signal=70%	
LUI_THYROID_CANCER_PAX8_PPARG_UP	LUI_THYROID_CANCER_PAX8_PPARG_UP		43	-0.33600608	-1.3624994	0.084134616	0.34867778	1.0	3146	tags=37%, list=21%, signal=47%	
PID_WNT_NONCANONICAL_PATHWAY	PID_WNT_NONCANONICAL_PATHWAY		31	-0.36877862	-1.3624121	0.082125604	0.34803605	1.0	1636	tags=26%, list=11%, signal=29%	
LOPEZ_TRANSLATION_VIA_FN1_SIGNALING	LOPEZ_TRANSLATION_VIA_FN1_SIGNALING		31	-0.3738008	-1.3609436	0.08735632	0.35031492	1.0	3879	tags=45%, list=26%, signal=61%	
REACTOME_CHONDROITIN_SULFATE_DERMATAN_SULFATE_METABOLISM	REACTOME_CHONDROITIN_SULFATE_DERMATAN_SULFATE_METABOLISM		48	-0.33629155	-1.3607106	0.06845966	0.34998754	1.0	1442	tags=21%, list=10%, signal=23%	
KEGG_PHOSPHATIDYLINOSITOL_SIGNALING_SYSTEM	KEGG_PHOSPHATIDYLINOSITOL_SIGNALING_SYSTEM		63	-0.3108167	-1.3605255	0.036931816	0.34953225	1.0	3694	tags=35%, list=24%, signal=46%	
REACTOME_SIGNALING_BY_INSULIN_RECEPTOR	REACTOME_SIGNALING_BY_INSULIN_RECEPTOR		67	-0.31294578	-1.3605044	0.04812834	0.34877622	1.0	2925	tags=30%, list=19%, signal=37%	
LEE_NEURAL_CREST_STEM_CELL_UP	LEE_NEURAL_CREST_STEM_CELL_UP		130	-0.26971638	-1.35937	0.019607844	0.35029083	1.0	3024	tags=30%, list=20%, signal=37%	
CAIRO_PML_TARGETS_BOUND_BY_MYC_UP	CAIRO_PML_TARGETS_BOUND_BY_MYC_UP		20	-0.40788987	-1.3576127	0.085253455	0.35328937	1.0	4595	tags=45%, list=30%, signal=65%	
GRADE_COLON_VS_RECTAL_CANCER_DN	GRADE_COLON_VS_RECTAL_CANCER_DN		46	-0.33821538	-1.3575411	0.07594936	0.3526216	1.0	3155	tags=37%, list=21%, signal=47%	
REACTOME_PROTEIN_METHYLATION	REACTOME_PROTEIN_METHYLATION		15	-0.45424291	-1.3565563	0.10828026	0.3538458	1.0	2040	tags=20%, list=14%, signal=23%	
REACTOME_REGULATION_OF_HOMOTYPIC_CELL_CELL_ADHESION	REACTOME_REGULATION_OF_HOMOTYPIC_CELL_CELL_ADHESION		29	-0.37231696	-1.3563956	0.072115384	0.35336307	1.0	1823	tags=28%, list=12%, signal=31%	
PID_IL2_PI3K_PATHWAY	PID_IL2_PI3K_PATHWAY		28	-0.37586927	-1.355981	0.07373272	0.35340905	1.0	1294	tags=21%, list=9%, signal=23%	
BONOME_OVARIAN_CANCER_SURVIVAL_SUBOPTIMAL_DEBULKING	BONOME_OVARIAN_CANCER_SURVIVAL_SUBOPTIMAL_DEBULKING		450	-0.2323892	-1.3556689	0.0	0.35331187	1.0	3701	tags=29%, list=24%, signal=38%	
WP_IL11_SIGNALING	WP_IL11_SIGNALING		39	-0.34887984	-1.3556362	0.085642315	0.352576	1.0	4645	tags=44%, list=31%, signal=63%	
KEGG_UBIQUITIN_MEDIATED_PROTEOLYSIS	KEGG_UBIQUITIN_MEDIATED_PROTEOLYSIS		119	-0.27135694	-1.3554132	0.03617571	0.3522388	1.0	4076	tags=37%, list=27%, signal=50%	
WP_SIGNAL_TRANSDUCTION_THROUGH_IL1R	WP_SIGNAL_TRANSDUCTION_THROUGH_IL1R		25	-0.376774	-1.3552393	0.08675799	0.35177267	1.0	2307	tags=36%, list=15%, signal=42%	
REACTOME_SIGNALING_BY_NTRKS	REACTOME_SIGNALING_BY_NTRKS		119	-0.2780793	-1.3548174	0.035519127	0.35198554	1.0	4548	tags=45%, list=30%, signal=64%	
REACTOME_TRANSMISSION_ACROSS_CHEMICAL_SYNAPSES	REACTOME_TRANSMISSION_ACROSS_CHEMICAL_SYNAPSES		220	-0.25296298	-1.3538152	0.009202454	0.35321832	1.0	2697	tags=26%, list=18%, signal=31%	
REACTOME_INSULIN_RECEPTOR_SIGNALLING_CASCADE	REACTOME_INSULIN_RECEPTOR_SIGNALLING_CASCADE		42	-0.34656933	-1.3537198	0.0940367	0.35264343	1.0	1510	tags=21%, list=10%, signal=24%	
WP_KLEEFSTRA_SYNDROME	WP_KLEEFSTRA_SYNDROME		23	-0.40166104	-1.3535136	0.08372093	0.3523319	1.0	6771	tags=78%, list=45%, signal=142%	
WP_EFFECT_OF_OMEGA3_PUFA_ON_HUNTINGTONS_DISEASE_PATHWAYS	WP_EFFECT_OF_OMEGA3_PUFA_ON_HUNTINGTONS_DISEASE_PATHWAYS		98	-0.28413814	-1.3534052	0.042394016	0.35174626	1.0	1585	tags=19%, list=10%, signal=22%	
REACTOME_RNA_POLYMERASE_I_PROMOTER_ESCAPE	REACTOME_RNA_POLYMERASE_I_PROMOTER_ESCAPE		65	-0.30884454	-1.353278	0.057291668	0.3511955	1.0	4542	tags=37%, list=30%, signal=53%	
SIG_BCR_SIGNALING_PATHWAY	SIG_BCR_SIGNALING_PATHWAY		37	-0.35721326	-1.3530556	0.08495145	0.3508733	1.0	2632	tags=30%, list=17%, signal=36%	
KIM_WT1_TARGETS_12HR_DN	KIM_WT1_TARGETS_12HR_DN		185	-0.2588918	-1.3520945	0.015625	0.352145	1.0	4595	tags=42%, list=30%, signal=60%	
REACTOME_REGULATION_OF_ENDOGENOUS_RETROELEMENTS_BY_PIWI_INTERACTING_RNAS_PIRNAS	REACTOME_REGULATION_OF_ENDOGENOUS_RETROELEMENTS_BY_PIWI_INTERACTING_RNAS_PIRNAS		69	-0.30593807	-1.3507781	0.042895444	0.35409936	1.0	4377	tags=45%, list=29%, signal=63%	
WP_SILDENAFIL_TREATMENT	WP_SILDENAFIL_TREATMENT		17	-0.44270852	-1.349187	0.11460674	0.35657996	1.0	3508	tags=53%, list=23%, signal=69%	
KEGG_MEDICUS_REFERENCE_AREG_EGFR_RAS_ERK_SIGNALING_PATHWAY	KEGG_MEDICUS_REFERENCE_AREG_EGFR_RAS_ERK_SIGNALING_PATHWAY		15	-0.44115382	-1.34916	0.110416666	0.35584554	1.0	3799	tags=40%, list=25%, signal=53%	
REACTOME_SARS_COV_1_INFECTION	REACTOME_SARS_COV_1_INFECTION		126	-0.27330893	-1.3478882	0.033519555	0.3575875	1.0	2726	tags=29%, list=18%, signal=35%	
REACTOME_ESR_MEDIATED_SIGNALING	REACTOME_ESR_MEDIATED_SIGNALING		171	-0.2602846	-1.347847	0.023952097	0.35687858	1.0	2880	tags=26%, list=19%, signal=31%	
ZIRN_TRETINOIN_RESPONSE_WT1_UP	ZIRN_TRETINOIN_RESPONSE_WT1_UP		20	-0.4205172	-1.347751	0.09557109	0.35633406	1.0	4673	tags=60%, list=31%, signal=87%	
REACTOME_DNA_DOUBLE_STRAND_BREAK_RESPONSE	REACTOME_DNA_DOUBLE_STRAND_BREAK_RESPONSE		57	-0.3178414	-1.3471061	0.0725	0.3567443	1.0	4135	tags=39%, list=27%, signal=53%	
RICKMAN_TUMOR_DIFFERENTIATED_WELL_VS_POORLY_UP	RICKMAN_TUMOR_DIFFERENTIATED_WELL_VS_POORLY_UP		223	-0.25167167	-1.3470273	0.006369427	0.35611442	1.0	3696	tags=33%, list=24%, signal=43%	
REACTOME_IRS_MEDIATED_SIGNALLING	REACTOME_IRS_MEDIATED_SIGNALLING		37	-0.3512009	-1.3458059	0.082125604	0.35793692	1.0	1510	tags=22%, list=10%, signal=24%	
PID_P73PATHWAY	PID_P73PATHWAY		65	-0.30348322	-1.3457954	0.06887755	0.35717243	1.0	2584	tags=29%, list=17%, signal=35%	
REACTOME_CHROMATIN_MODIFICATIONS_DURING_THE_MATERNAL_TO_ZYGOTIC_TRANSITION_MZT	REACTOME_CHROMATIN_MODIFICATIONS_DURING_THE_MATERNAL_TO_ZYGOTIC_TRANSITION_MZT		42	-0.34210947	-1.34575	0.09137056	0.35649544	1.0	4317	tags=45%, list=29%, signal=63%	
PID_AR_NONGENOMIC_PATHWAY	PID_AR_NONGENOMIC_PATHWAY		26	-0.38299766	-1.3456099	0.09557109	0.3560445	1.0	3742	tags=38%, list=25%, signal=51%	
GROSS_HYPOXIA_VIA_HIF1A_UP	GROSS_HYPOXIA_VIA_HIF1A_UP		71	-0.30291796	-1.3454956	0.06153846	0.35553157	1.0	4987	tags=44%, list=33%, signal=65%	
BIOCARTA_MET_PATHWAY	BIOCARTA_MET_PATHWAY		28	-0.3812381	-1.3452791	0.08121827	0.35522196	1.0	1236	tags=25%, list=8%, signal=27%	
KEGG_MEDICUS_VARIANT_MUTATION_CAUSED_ABERRANT_ABETA_TO_MACHR_CA2_APOPTOTIC_PATHWAY	KEGG_MEDICUS_VARIANT_MUTATION_CAUSED_ABERRANT_ABETA_TO_MACHR_CA2_APOPTOTIC_PATHWAY		18	-0.41620317	-1.3446865	0.105726875	0.3557035	1.0	1693	tags=22%, list=11%, signal=25%	
KIM_MYCN_AMPLIFICATION_TARGETS_UP	KIM_MYCN_AMPLIFICATION_TARGETS_UP		82	-0.2937877	-1.3442036	0.05277778	0.35585836	1.0	2405	tags=27%, list=16%, signal=32%	
MAYBURD_RESPONSE_TO_L663536_UP	MAYBURD_RESPONSE_TO_L663536_UP		23	-0.3973681	-1.3436695	0.11261261	0.35614	1.0	2506	tags=30%, list=17%, signal=36%	
KEGG_MEDICUS_ENV_FACTOR_NNK_NNN_TO_RAS_ERK_SIGNALING_PATHWAY	KEGG_MEDICUS_ENV_FACTOR_NNK_NNN_TO_RAS_ERK_SIGNALING_PATHWAY		17	-0.42984518	-1.3431305	0.10381356	0.35647675	1.0	4255	tags=53%, list=28%, signal=74%	
MEISSNER_BRAIN_ICP_WITH_H3K4ME3	MEISSNER_BRAIN_ICP_WITH_H3K4ME3		29	-0.36966237	-1.3429793	0.09684685	0.35598138	1.0	1054	tags=21%, list=7%, signal=22%	
KEGG_MEDICUS_REFERENCE_CA2_PYK2_RAS_ERK_SIGNALING_PATHWAY	KEGG_MEDICUS_REFERENCE_CA2_PYK2_RAS_ERK_SIGNALING_PATHWAY		15	-0.43340862	-1.3423154	0.119266056	0.35658786	1.0	3799	tags=47%, list=25%, signal=62%	
BIOCARTA_IGF1MTOR_PATHWAY	BIOCARTA_IGF1MTOR_PATHWAY		15	-0.4427711	-1.3422837	0.13157895	0.3559099	1.0	4261	tags=40%, list=28%, signal=56%	
REACTOME_GAMMA_CARBOXYLATION_HYPUSINYLATION_HYDROXYLATION_AND_ARYLSULFATASE_ACTIVATION	REACTOME_GAMMA_CARBOXYLATION_HYPUSINYLATION_HYDROXYLATION_AND_ARYLSULFATASE_ACTIVATION		54	-0.3154389	-1.3421371	0.07070707	0.35548636	1.0	3464	tags=31%, list=23%, signal=41%	
REACTOME_TRANS_GOLGI_NETWORK_VESICLE_BUDDING	REACTOME_TRANS_GOLGI_NETWORK_VESICLE_BUDDING		62	-0.30976713	-1.3413848	0.07462686	0.3563397	1.0	4946	tags=45%, list=33%, signal=67%	
REACTOME_PI3K_AKT_SIGNALING_IN_CANCER	REACTOME_PI3K_AKT_SIGNALING_IN_CANCER		89	-0.2873232	-1.3412583	0.07008086	0.3558768	1.0	2925	tags=31%, list=19%, signal=39%	
REACTOME_SIGNALING_BY_NOTCH1	REACTOME_SIGNALING_BY_NOTCH1		67	-0.30278736	-1.3398683	0.072289154	0.3581514	1.0	3540	tags=34%, list=23%, signal=45%	
HERNANDEZ_ABERRANT_MITOSIS_BY_DOCETACEL_2NM_UP	HERNANDEZ_ABERRANT_MITOSIS_BY_DOCETACEL_2NM_UP		60	-0.30897895	-1.339046	0.059139784	0.35928914	1.0	2229	tags=28%, list=15%, signal=33%	
REACTOME_FGFR1_MUTANT_RECEPTOR_ACTIVATION	REACTOME_FGFR1_MUTANT_RECEPTOR_ACTIVATION		27	-0.37270117	-1.3388827	0.10745614	0.35889852	1.0	796	tags=19%, list=5%, signal=20%	
PID_GMCSF_PATHWAY	PID_GMCSF_PATHWAY		29	-0.36498562	-1.3369808	0.07638889	0.3620954	1.0	41	tags=10%, list=0%, signal=10%	
REACTOME_MICRORNA_MIRNA_BIOGENESIS	REACTOME_MICRORNA_MIRNA_BIOGENESIS		23	-0.3876328	-1.3368683	0.1247216	0.36155435	1.0	415	tags=17%, list=3%, signal=18%	
NABA_MATRISOME_POORLY_METASTATIC_BREAST_CANCER	NABA_MATRISOME_POORLY_METASTATIC_BREAST_CANCER		22	-0.39323446	-1.3358444	0.1007371	0.36304027	1.0	4664	tags=55%, list=31%, signal=79%	
REACTOME_B_WICH_COMPLEX_POSITIVELY_REGULATES_RRNA_EXPRESSION	REACTOME_B_WICH_COMPLEX_POSITIVELY_REGULATES_RRNA_EXPRESSION		65	-0.30010107	-1.3358251	0.04534005	0.36232415	1.0	4437	tags=40%, list=29%, signal=56%	
KIM_MYC_AMPLIFICATION_TARGETS_UP	KIM_MYC_AMPLIFICATION_TARGETS_UP		189	-0.2543345	-1.3356231	0.033536587	0.36202124	1.0	3381	tags=28%, list=22%, signal=36%	
PID_ECADHERIN_STABILIZATION_PATHWAY	PID_ECADHERIN_STABILIZATION_PATHWAY		35	-0.35747427	-1.3348231	0.0975	0.36292765	1.0	2982	tags=37%, list=20%, signal=46%	
REACTOME_SIGNALING_BY_FGFR1_IN_DISEASE	REACTOME_SIGNALING_BY_FGFR1_IN_DISEASE		34	-0.3482321	-1.3345288	0.09772728	0.3628842	1.0	2925	tags=29%, list=19%, signal=36%	
WP_PROGERIAASSOCIATED_LIPODYSTROPHY	WP_PROGERIAASSOCIATED_LIPODYSTROPHY		15	-0.44551963	-1.33404	0.13495575	0.36318555	1.0	1732	tags=20%, list=11%, signal=23%	
REACTOME_SIGNALING_BY_PDGFR_IN_DISEASE	REACTOME_SIGNALING_BY_PDGFR_IN_DISEASE		15	-0.43487966	-1.33393	0.11034483	0.3626888	1.0	3742	tags=40%, list=25%, signal=53%	
PID_PI3KCI_AKT_PATHWAY	PID_PI3KCI_AKT_PATHWAY		30	-0.35972828	-1.3327203	0.089655176	0.36443388	1.0	2623	tags=40%, list=17%, signal=48%	
REACTOME_RHOG_GTPASE_CYCLE	REACTOME_RHOG_GTPASE_CYCLE		69	-0.30065554	-1.3326634	0.08060453	0.36380222	1.0	1952	tags=20%, list=13%, signal=23%	
WP_MECP2_AND_ASSOCIATED_RETT_SYNDROME	WP_MECP2_AND_ASSOCIATED_RETT_SYNDROME		62	-0.308752	-1.3318152	0.080684595	0.3649382	1.0	4824	tags=50%, list=32%, signal=73%	
REACTOME_INSULIN_RECEPTOR_RECYCLING	REACTOME_INSULIN_RECEPTOR_RECYCLING		26	-0.3776629	-1.33125	0.096551724	0.365404	1.0	4546	tags=54%, list=30%, signal=77%	
REACTOME_PI_3K_CASCADE_FGFR4	REACTOME_PI_3K_CASCADE_FGFR4		16	-0.4321263	-1.3309534	0.15081206	0.36528513	1.0	2925	tags=44%, list=19%, signal=54%	
REACTOME_SYNTHESIS_OF_ACTIVE_UBIQUITIN_ROLES_OF_E1_AND_E2_ENZYMES	REACTOME_SYNTHESIS_OF_ACTIVE_UBIQUITIN_ROLES_OF_E1_AND_E2_ENZYMES		28	-0.36736304	-1.329856	0.09360731	0.36682773	1.0	3995	tags=50%, list=26%, signal=68%	
WP_CYCLINDEPENDENT_KINASE_46_INHIBITORS_IN_BREAST_CANCER	WP_CYCLINDEPENDENT_KINASE_46_INHIBITORS_IN_BREAST_CANCER		32	-0.36084092	-1.328505	0.10213777	0.36907896	1.0	3119	tags=28%, list=21%, signal=35%	
WP_PHOSPHOINOSITIDES_METABOLISM	WP_PHOSPHOINOSITIDES_METABOLISM		43	-0.32153398	-1.3275042	0.083526686	0.3704938	1.0	1527	tags=21%, list=10%, signal=23%	
YAO_TEMPORAL_RESPONSE_TO_PROGESTERONE_CLUSTER_17	YAO_TEMPORAL_RESPONSE_TO_PROGESTERONE_CLUSTER_17		173	-0.25310597	-1.3263285	0.025423728	0.37229535	1.0	4819	tags=39%, list=32%, signal=56%	
REACTOME_METABOLISM_OF_AMINO_ACIDS_AND_DERIVATIVES	REACTOME_METABOLISM_OF_AMINO_ACIDS_AND_DERIVATIVES		305	-0.23548298	-1.3257608	0.009584664	0.3728476	1.0	2726	tags=25%, list=18%, signal=30%	
REACTOME_REGULATION_OF_ENDOGENOUS_RETROELEMENTS_BY_THE_HUMAN_SILENCING_HUB_HUSH_COMPLEX	REACTOME_REGULATION_OF_ENDOGENOUS_RETROELEMENTS_BY_THE_HUMAN_SILENCING_HUB_HUSH_COMPLEX		45	-0.3294632	-1.325234	0.09546539	0.37317228	1.0	4317	tags=44%, list=29%, signal=62%	
REACTOME_DNA_METHYLATION	REACTOME_DNA_METHYLATION		39	-0.33420625	-1.3245488	0.08656036	0.37381366	1.0	4317	tags=44%, list=29%, signal=61%	
REACTOME_TRANSCRIPTION_OF_THE_HIV_GENOME	REACTOME_TRANSCRIPTION_OF_THE_HIV_GENOME		65	-0.3041073	-1.3245167	0.06169666	0.37314138	1.0	2423	tags=20%, list=16%, signal=24%	
BIOCARTA_AT1R_PATHWAY	BIOCARTA_AT1R_PATHWAY		25	-0.38178355	-1.3232954	0.11025641	0.3751706	1.0	1207	tags=24%, list=8%, signal=26%	
CHAUHAN_RESPONSE_TO_METHOXYESTRADIOL_DN	CHAUHAN_RESPONSE_TO_METHOXYESTRADIOL_DN		90	-0.28240246	-1.3232943	0.050847456	0.37442106	1.0	3258	tags=36%, list=22%, signal=45%	
REACTOME_MRNA_DECAY_BY_3_TO_5_EXORIBONUCLEASE	REACTOME_MRNA_DECAY_BY_3_TO_5_EXORIBONUCLEASE		16	-0.4330882	-1.3200674	0.13024282	0.38071033	1.0	3870	tags=44%, list=26%, signal=59%	
REACTOME_RNA_POLYMERASE_III_TRANSCRIPTION_TERMINATION	REACTOME_RNA_POLYMERASE_III_TRANSCRIPTION_TERMINATION		22	-0.39502016	-1.3189057	0.117913835	0.38256207	1.0	2087	tags=23%, list=14%, signal=26%	
REACTOME_SIGNALING_BY_WNT_IN_CANCER	REACTOME_SIGNALING_BY_WNT_IN_CANCER		25	-0.3827219	-1.3187789	0.12528473	0.3820992	1.0	2853	tags=40%, list=19%, signal=49%	
NIKOLSKY_BREAST_CANCER_8Q23_Q24_AMPLICON	NIKOLSKY_BREAST_CANCER_8Q23_Q24_AMPLICON		136	-0.260702	-1.3182608	0.03539823	0.38254684	1.0	3918	tags=36%, list=26%, signal=48%	
GAVIN_FOXP3_TARGETS_CLUSTER_T7	GAVIN_FOXP3_TARGETS_CLUSTER_T7		85	-0.2831849	-1.3166676	0.058047492	0.38530952	1.0	3460	tags=32%, list=23%, signal=41%	
REACTOME_BACTERIAL_INFECTION_PATHWAYS	REACTOME_BACTERIAL_INFECTION_PATHWAYS		64	-0.30387503	-1.316155	0.089709766	0.38560796	1.0	2536	tags=23%, list=17%, signal=28%	
DACOSTA_UV_RESPONSE_VIA_ERCC3_XPCS_DN	DACOSTA_UV_RESPONSE_VIA_ERCC3_XPCS_DN		78	-0.2868503	-1.3158191	0.058047492	0.38557816	1.0	2235	tags=22%, list=15%, signal=25%	
WIKMAN_ASBESTOS_LUNG_CANCER_DN	WIKMAN_ASBESTOS_LUNG_CANCER_DN		24	-0.38250697	-1.315694	0.12383178	0.3850878	1.0	423	tags=21%, list=3%, signal=21%	
PID_ERBB1_DOWNSTREAM_PATHWAY	PID_ERBB1_DOWNSTREAM_PATHWAY		92	-0.2803943	-1.3147328	0.054347824	0.38648966	1.0	3119	tags=28%, list=21%, signal=35%	
REACTOME_MRNA_SPLICING_MINOR_PATHWAY	REACTOME_MRNA_SPLICING_MINOR_PATHWAY		50	-0.3202914	-1.3143321	0.08188586	0.38666487	1.0	2889	tags=28%, list=19%, signal=35%	
QI_HYPOXIA_TARGETS_OF_HIF1A_AND_FOXA2	QI_HYPOXIA_TARGETS_OF_HIF1A_AND_FOXA2		31	-0.3589262	-1.3142251	0.09633028	0.38614953	1.0	3074	tags=32%, list=20%, signal=40%	
KYNG_RESPONSE_TO_H2O2_VIA_ERCC6_DN	KYNG_RESPONSE_TO_H2O2_VIA_ERCC6_DN		41	-0.3326645	-1.3135464	0.10123457	0.386888	1.0	3195	tags=39%, list=21%, signal=49%	
MIKKELSEN_ES_HCP_WITH_H3_UNMETHYLATED	MIKKELSEN_ES_HCP_WITH_H3_UNMETHYLATED		39	-0.3346261	-1.3118765	0.10526316	0.38997045	1.0	2233	tags=28%, list=15%, signal=33%	
REACTOME_JNK_C_JUN_KINASES_PHOSPHORYLATION_AND_ACTIVATION_MEDIATED_BY_ACTIVATED_HUMAN_TAK1	REACTOME_JNK_C_JUN_KINASES_PHOSPHORYLATION_AND_ACTIVATION_MEDIATED_BY_ACTIVATED_HUMAN_TAK1		22	-0.38736054	-1.3097147	0.13679245	0.39411718	1.0	1302	tags=27%, list=9%, signal=30%	
RIZKI_TUMOR_INVASIVENESS_2D_UP	RIZKI_TUMOR_INVASIVENESS_2D_UP		57	-0.3083874	-1.3094641	0.08235294	0.39388466	1.0	2732	tags=30%, list=18%, signal=36%	
KEGG_MEDICUS_REFERENCE_GLOBAL_GENOME_NER	KEGG_MEDICUS_REFERENCE_GLOBAL_GENOME_NER		16	-0.42290965	-1.3092246	0.13839285	0.393642	1.0	3	tags=6%, list=0%, signal=6%	
REACTOME_MYOGENESIS	REACTOME_MYOGENESIS		23	-0.3879491	-1.3090291	0.13636364	0.3933545	1.0	3888	tags=48%, list=26%, signal=64%	
REACTOME_NRIF_SIGNALS_CELL_DEATH_FROM_THE_NUCLEUS	REACTOME_NRIF_SIGNALS_CELL_DEATH_FROM_THE_NUCLEUS		15	-0.43262798	-1.3090148	0.15011038	0.39264077	1.0	1767	tags=27%, list=12%, signal=30%	
REACTOME_TP53_REGULATES_TRANSCRIPTION_OF_DNA_REPAIR_GENES	REACTOME_TP53_REGULATES_TRANSCRIPTION_OF_DNA_REPAIR_GENES		49	-0.31340566	-1.308417	0.099744245	0.3932985	1.0	997	tags=12%, list=7%, signal=13%	
HANSON_HRAS_SIGNALING_VIA_NFKB	HANSON_HRAS_SIGNALING_VIA_NFKB		20	-0.40024516	-1.3083324	0.13555555	0.39269394	1.0	1908	tags=35%, list=13%, signal=40%	
KEGG_MEDICUS_REFERENCE_ADRB3_UCP1_SIGNALING_PATHWAY	KEGG_MEDICUS_REFERENCE_ADRB3_UCP1_SIGNALING_PATHWAY		27	-0.36425447	-1.3081614	0.10539216	0.39231727	1.0	2396	tags=30%, list=16%, signal=35%	
REACTOME_ESTROGEN_DEPENDENT_GENE_EXPRESSION	REACTOME_ESTROGEN_DEPENDENT_GENE_EXPRESSION		110	-0.27256745	-1.3081353	0.057971016	0.39163244	1.0	4317	tags=38%, list=29%, signal=53%	
REACTOME_TOLL_LIKE_RECEPTOR_TLR1_TLR2_CASCADE	REACTOME_TOLL_LIKE_RECEPTOR_TLR1_TLR2_CASCADE		92	-0.2783548	-1.3080201	0.058666665	0.39114267	1.0	3474	tags=35%, list=23%, signal=45%	
DAZARD_UV_RESPONSE_CLUSTER_G1	DAZARD_UV_RESPONSE_CLUSTER_G1		48	-0.31637692	-1.3076465	0.08955224	0.39122802	1.0	2763	tags=35%, list=18%, signal=43%	
TAVAZOIE_METASTASIS	TAVAZOIE_METASTASIS		77	-0.28931174	-1.3071493	0.06111111	0.3916686	1.0	2552	tags=25%, list=17%, signal=30%	
WP_DNA_DAMAGE_RESPONSE_ONLY_ATM_DEPENDENT	WP_DNA_DAMAGE_RESPONSE_ONLY_ATM_DEPENDENT		91	-0.2793861	-1.3066386	0.05929919	0.39210775	1.0	1527	tags=20%, list=10%, signal=22%	
BIOCARTA_BCR_PATHWAY	BIOCARTA_BCR_PATHWAY		27	-0.36303234	-1.3058518	0.12676056	0.39316556	1.0	1167	tags=22%, list=8%, signal=24%	
REACTOME_SYNTHESIS_OF_PIPS_AT_THE_GOLGI_MEMBRANE	REACTOME_SYNTHESIS_OF_PIPS_AT_THE_GOLGI_MEMBRANE		16	-0.41285634	-1.3051746	0.1492205	0.39403263	1.0	4727	tags=69%, list=31%, signal=100%	
REACTOME_SIGNALING_BY_FGFR_IN_DISEASE	REACTOME_SIGNALING_BY_FGFR_IN_DISEASE		58	-0.3082653	-1.3051018	0.085158154	0.393414	1.0	1765	tags=19%, list=12%, signal=21%	
BIOCARTA_MAL_PATHWAY	BIOCARTA_MAL_PATHWAY		18	-0.4162376	-1.3048733	0.11709602	0.3932103	1.0	3742	tags=50%, list=25%, signal=66%	
DACOSTA_UV_RESPONSE_VIA_ERCC3_COMMON_DN	DACOSTA_UV_RESPONSE_VIA_ERCC3_COMMON_DN		426	-0.22308597	-1.3045317	0.0040650405	0.39322582	1.0	4626	tags=33%, list=31%, signal=46%	
FINETTI_BREAST_CANCERS_KINOME_GRAY	FINETTI_BREAST_CANCERS_KINOME_GRAY		15	-0.4255579	-1.304338	0.14320388	0.39290193	1.0	3843	tags=40%, list=25%, signal=54%	
WP_GROWTH_FACTORS_AND_HORMONES_IN_BETA_CELL_PROLIFERATION	WP_GROWTH_FACTORS_AND_HORMONES_IN_BETA_CELL_PROLIFERATION		23	-0.38190684	-1.3043275	0.12418301	0.3921986	1.0	3509	tags=35%, list=23%, signal=45%	
PID_FOXM1_PATHWAY	PID_FOXM1_PATHWAY		34	-0.33902815	-1.3031772	0.1216545	0.3941281	1.0	3068	tags=26%, list=20%, signal=33%	
REACTOME_SARS_COV_2_INFECTION	REACTOME_SARS_COV_2_INFECTION		257	-0.23945454	-1.3029763	0.012944984	0.39384562	1.0	2726	tags=26%, list=18%, signal=31%	
REACTOME_SIALIC_ACID_METABOLISM	REACTOME_SIALIC_ACID_METABOLISM		28	-0.35276386	-1.302005	0.11029412	0.39523017	1.0	2634	tags=39%, list=17%, signal=47%	
WP_NGLYCAN_BIOSYNTHESIS	WP_NGLYCAN_BIOSYNTHESIS		51	-0.31352302	-1.3017108	0.09736842	0.39518195	1.0	3907	tags=31%, list=26%, signal=42%	
DAZARD_RESPONSE_TO_UV_NHEK_DN	DAZARD_RESPONSE_TO_UV_NHEK_DN		272	-0.23576516	-1.3013644	0.013986014	0.3952384	1.0	3667	tags=29%, list=24%, signal=38%	
VALK_AML_CLUSTER_10	VALK_AML_CLUSTER_10		27	-0.37476906	-1.3011762	0.13023256	0.39492142	1.0	2150	tags=33%, list=14%, signal=39%	
VERRECCHIA_EARLY_RESPONSE_TO_TGFB1	VERRECCHIA_EARLY_RESPONSE_TO_TGFB1		51	-0.31140664	-1.3010887	0.093366094	0.39438555	1.0	2891	tags=27%, list=19%, signal=34%	
DEURIG_T_CELL_PROLYMPHOCYTIC_LEUKEMIA_UP	DEURIG_T_CELL_PROLYMPHOCYTIC_LEUKEMIA_UP		306	-0.23478103	-1.3010789	0.006968641	0.39367595	1.0	3034	tags=28%, list=20%, signal=34%	
REACTOME_DISEASES_OF_SIGNAL_TRANSDUCTION_BY_GROWTH_FACTOR_RECEPTORS_AND_SECOND_MESSENGERS	REACTOME_DISEASES_OF_SIGNAL_TRANSDUCTION_BY_GROWTH_FACTOR_RECEPTORS_AND_SECOND_MESSENGERS		380	-0.22598296	-1.3010175	0.0	0.393056	1.0	3367	tags=27%, list=22%, signal=34%	
TAKAO_RESPONSE_TO_UVB_RADIATION_UP	TAKAO_RESPONSE_TO_UVB_RADIATION_UP		75	-0.2874439	-1.3000375	0.091133006	0.39460087	1.0	3561	tags=28%, list=24%, signal=36%	
REACTOME_SARS_COV_INFECTIONS	REACTOME_SARS_COV_INFECTIONS		356	-0.23081954	-1.2998904	0.014652015	0.39420894	1.0	2726	tags=24%, list=18%, signal=28%	
NELSON_RESPONSE_TO_ANDROGEN_DN	NELSON_RESPONSE_TO_ANDROGEN_DN		16	-0.42258996	-1.2992797	0.1247216	0.39487207	1.0	2907	tags=38%, list=19%, signal=46%	
LUI_TARGETS_OF_PAX8_PPARG_FUSION	LUI_TARGETS_OF_PAX8_PPARG_FUSION		30	-0.36103627	-1.2989409	0.125	0.3948929	1.0	1252	tags=23%, list=8%, signal=25%	
PULVER_FOREY_PERTURB_ACCUMULATION_S	PULVER_FOREY_PERTURB_ACCUMULATION_S		477	-0.22335933	-1.2985398	0.012820513	0.39505357	1.0	3985	tags=30%, list=26%, signal=40%	
WP_HEPATITIS_B_INFECTION	WP_HEPATITIS_B_INFECTION		108	-0.26848155	-1.298021	0.039660055	0.39548367	1.0	3903	tags=35%, list=26%, signal=47%	
WP_PROTEOGLYCAN_BIOSYNTHESIS	WP_PROTEOGLYCAN_BIOSYNTHESIS		16	-0.42374876	-1.2978727	0.14884695	0.39508078	1.0	4626	tags=50%, list=31%, signal=72%	
WP_5Q35_COPY_NUMBER_VARIATION	WP_5Q35_COPY_NUMBER_VARIATION		94	-0.27706942	-1.2971454	0.055851065	0.39603245	1.0	3322	tags=30%, list=22%, signal=38%	
BIOCARTA_NGF_PATHWAY	BIOCARTA_NGF_PATHWAY		16	-0.420283	-1.2962962	0.16099773	0.39726892	1.0	4182	tags=50%, list=28%, signal=69%	
WP_MAPK_SIGNALING	WP_MAPK_SIGNALING		205	-0.24312584	-1.2959077	0.031055901	0.39736578	1.0	3068	tags=27%, list=20%, signal=33%	
BOYLAN_MULTIPLE_MYELOMA_C_CLUSTER_UP	BOYLAN_MULTIPLE_MYELOMA_C_CLUSTER_UP		35	-0.34001938	-1.2958027	0.13065326	0.39690048	1.0	3724	tags=37%, list=25%, signal=49%	
KEGG_CARDIAC_MUSCLE_CONTRACTION	KEGG_CARDIAC_MUSCLE_CONTRACTION		59	-0.3022214	-1.2954568	0.07633588	0.39698136	1.0	2913	tags=24%, list=19%, signal=29%	
WP_GLYCOSYLATION_AND_RELATED_CONGENITAL_DEFECTS	WP_GLYCOSYLATION_AND_RELATED_CONGENITAL_DEFECTS		24	-0.37952366	-1.2950964	0.13711584	0.39708492	1.0	5533	tags=54%, list=37%, signal=85%	
KEGG_MEDICUS_REFERENCE_TLR2_4_MAPK_SIGNALING_PATHWAY	KEGG_MEDICUS_REFERENCE_TLR2_4_MAPK_SIGNALING_PATHWAY		19	-0.40405735	-1.2950618	0.14976959	0.3964429	1.0	931	tags=21%, list=6%, signal=22%	
REACTOME_RNA_POLYMERASE_II_PRE_TRANSCRIPTION_EVENTS	REACTOME_RNA_POLYMERASE_II_PRE_TRANSCRIPTION_EVENTS		74	-0.28939658	-1.294115	0.07908163	0.3979733	1.0	2423	tags=20%, list=16%, signal=24%	
KEGG_MEDICUS_REFERENCE_EREG_EGFR_RAS_ERK_SIGNALING_PATHWAY	KEGG_MEDICUS_REFERENCE_EREG_EGFR_RAS_ERK_SIGNALING_PATHWAY		15	-0.4404448	-1.293472	0.15617716	0.39868698	1.0	3799	tags=40%, list=25%, signal=53%	
BENPORATH_MYC_TARGETS_WITH_EBOX	BENPORATH_MYC_TARGETS_WITH_EBOX		182	-0.24928555	-1.2934166	0.018348623	0.39810172	1.0	3498	tags=30%, list=23%, signal=38%	
REACTOME_MATURATION_OF_SARS_COV_2_SPIKE_PROTEIN	REACTOME_MATURATION_OF_SARS_COV_2_SPIKE_PROTEIN		37	-0.34017184	-1.2933236	0.11083744	0.3976167	1.0	2388	tags=22%, list=16%, signal=26%	
REACTOME_PINK1_PRKN_MEDIATED_MITOPHAGY	REACTOME_PINK1_PRKN_MEDIATED_MITOPHAGY		30	-0.35257533	-1.2926544	0.11447084	0.39843535	1.0	3638	tags=33%, list=24%, signal=44%	
DIRMEIER_LMP1_RESPONSE_LATE_DN	DIRMEIER_LMP1_RESPONSE_LATE_DN		28	-0.35588506	-1.2911781	0.12285012	0.40090036	1.0	559	tags=18%, list=4%, signal=19%	
CREIGHTON_AKT1_SIGNALING_VIA_MTOR_UP	CREIGHTON_AKT1_SIGNALING_VIA_MTOR_UP		31	-0.34858453	-1.2899524	0.14251782	0.40303564	1.0	3402	tags=48%, list=23%, signal=62%	
REACTOME_MECHANICAL_LOAD_ACTIVATES_SIGNALING_BY_PIEZO1_AND_INTEGRINS_IN_OSTEOCYTES	REACTOME_MECHANICAL_LOAD_ACTIVATES_SIGNALING_BY_PIEZO1_AND_INTEGRINS_IN_OSTEOCYTES		15	-0.43838027	-1.2892222	0.14945056	0.40394557	1.0	1164	tags=27%, list=8%, signal=29%	
WP_ALZHEIMERS_DISEASE	WP_ALZHEIMERS_DISEASE		227	-0.23936358	-1.2891605	0.03125	0.403359	1.0	3380	tags=27%, list=22%, signal=34%	
PID_P38_MKK3_6PATHWAY	PID_P38_MKK3_6PATHWAY		20	-0.3937599	-1.2890943	0.12814645	0.40279388	1.0	1900	tags=40%, list=13%, signal=46%	
REACTOME_ASSEMBLY_OF_THE_HIV_VIRION	REACTOME_ASSEMBLY_OF_THE_HIV_VIRION		15	-0.4265045	-1.2884995	0.15962441	0.40338612	1.0	1534	tags=27%, list=10%, signal=30%	
BHATI_G2M_ARREST_BY_2METHOXYESTRADIOL_DN	BHATI_G2M_ARREST_BY_2METHOXYESTRADIOL_DN		112	-0.26265845	-1.2881927	0.067226894	0.403435	1.0	3240	tags=31%, list=21%, signal=39%	
DAIRKEE_CANCER_PRONE_RESPONSE_BPA	DAIRKEE_CANCER_PRONE_RESPONSE_BPA		42	-0.32851738	-1.2879376	0.1294964	0.4033214	1.0	2186	tags=21%, list=14%, signal=25%	
JAZAERI_BREAST_CANCER_BRCA1_VS_BRCA2_UP	JAZAERI_BREAST_CANCER_BRCA1_VS_BRCA2_UP		41	-0.32683775	-1.2878623	0.1080402	0.40275037	1.0	3621	tags=44%, list=24%, signal=58%	
WP_HALLMARK_OF_CANCER_SUSTAINING_PROLIFERATIVE_SIGNALING	WP_HALLMARK_OF_CANCER_SUSTAINING_PROLIFERATIVE_SIGNALING		82	-0.28145543	-1.2868416	0.08128079	0.40434822	1.0	3769	tags=37%, list=25%, signal=48%	
OZEN_MIR125B1_TARGETS	OZEN_MIR125B1_TARGETS		18	-0.403054	-1.2865961	0.16063349	0.40414366	1.0	4328	tags=50%, list=29%, signal=70%	
WP_ALZHEIMERS_DISEASE_AND_MIRNA_EFFECTS	WP_ALZHEIMERS_DISEASE_AND_MIRNA_EFFECTS		227	-0.23936358	-1.2852703	0.03206997	0.40646788	1.0	3380	tags=27%, list=22%, signal=34%	
PID_RHOA_PATHWAY	PID_RHOA_PATHWAY		37	-0.33471468	-1.2839552	0.11086474	0.40877736	1.0	943	tags=19%, list=6%, signal=20%	
KUNINGER_IGF1_VS_PDGFB_TARGETS_UP	KUNINGER_IGF1_VS_PDGFB_TARGETS_UP		59	-0.29712555	-1.283785	0.087403595	0.40852624	1.0	2302	tags=27%, list=15%, signal=32%	
REACTOME_RHOV_GTPASE_CYCLE	REACTOME_RHOV_GTPASE_CYCLE		32	-0.34066182	-1.2836796	0.14527845	0.40805563	1.0	945	tags=19%, list=6%, signal=20%	
WP_THYMIC_STROMAL_LYMPHOPOIETIN_TSLP_SIGNALING	WP_THYMIC_STROMAL_LYMPHOPOIETIN_TSLP_SIGNALING		35	-0.3355276	-1.2836326	0.13084112	0.4074723	1.0	4254	tags=40%, list=28%, signal=56%	
WP_MACROPHAGESTIMULATING_PROTEIN_MSP_SIGNALING	WP_MACROPHAGESTIMULATING_PROTEIN_MSP_SIGNALING		86	-0.27748492	-1.2819501	0.075718015	0.41053244	1.0	3119	tags=29%, list=21%, signal=36%	
WEST_ADRENOCORTICAL_CARCINOMA_VS_ADENOMA_UP	WEST_ADRENOCORTICAL_CARCINOMA_VS_ADENOMA_UP		18	-0.40806288	-1.2818724	0.1412556	0.4099871	1.0	2524	tags=39%, list=17%, signal=47%	
PULVER_FOREY_CELLCYCLE_ENRICHED_TFS_S1	PULVER_FOREY_CELLCYCLE_ENRICHED_TFS_S1		86	-0.2742272	-1.2818297	0.079691514	0.4093802	1.0	4212	tags=38%, list=28%, signal=53%	
RASHI_RESPONSE_TO_IONIZING_RADIATION_3	RASHI_RESPONSE_TO_IONIZING_RADIATION_3		40	-0.3292673	-1.2810928	0.12440191	0.4103941	1.0	4108	tags=45%, list=27%, signal=62%	
REACTOME_ACTIVATION_OF_MATRIX_METALLOPROTEINASES	REACTOME_ACTIVATION_OF_MATRIX_METALLOPROTEINASES		22	-0.38676178	-1.2809117	0.13255814	0.41008702	1.0	1505	tags=32%, list=10%, signal=35%	
WP_METABOLISM_OF_SPHINGOLIPIDS_IN_ER_AND_GOLGI_APPARATUS	WP_METABOLISM_OF_SPHINGOLIPIDS_IN_ER_AND_GOLGI_APPARATUS		16	-0.41861898	-1.28057	0.15384616	0.4101542	1.0	3040	tags=44%, list=20%, signal=55%	
REACTOME_PKMTS_METHYLATE_HISTONE_LYSINES	REACTOME_PKMTS_METHYLATE_HISTONE_LYSINES		52	-0.3086253	-1.2805095	0.0948718	0.40960443	1.0	2611	tags=23%, list=17%, signal=28%	
PID_LYSOPHOSPHOLIPID_PATHWAY	PID_LYSOPHOSPHOLIPID_PATHWAY		57	-0.30017605	-1.280124	0.092307694	0.40985554	1.0	2623	tags=32%, list=17%, signal=38%	
BACOLOD_RESISTANCE_TO_ALKYLATING_AGENTS_DN	BACOLOD_RESISTANCE_TO_ALKYLATING_AGENTS_DN		46	-0.3206506	-1.2800031	0.10784314	0.4094272	1.0	4107	tags=41%, list=27%, signal=57%	
HUANG_DASATINIB_RESISTANCE_DN	HUANG_DASATINIB_RESISTANCE_DN		63	-0.29123384	-1.2793907	0.069711536	0.41011915	1.0	1396	tags=21%, list=9%, signal=23%	
LIU_BREAST_CANCER	LIU_BREAST_CANCER		23	-0.37594247	-1.2792387	0.13483146	0.4097919	1.0	1972	tags=13%, list=13%, signal=15%	
BLANCO_MELO_COVID19_SARS_COV_2_INFECTION_A594_ACE2_EXPRESSING_CELLS_RUXOLITINIB_UP	BLANCO_MELO_COVID19_SARS_COV_2_INFECTION_A594_ACE2_EXPRESSING_CELLS_RUXOLITINIB_UP		360	-0.22557607	-1.2785285	0.014184397	0.41079247	1.0	3655	tags=31%, list=24%, signal=39%	
GRYDER_PAX3FOXO1_TOP_ENHANCERS	GRYDER_PAX3FOXO1_TOP_ENHANCERS		396	-0.22410579	-1.2776548	0.008196721	0.412105	1.0	3444	tags=29%, list=23%, signal=37%	
WP_AUTOPHAGY	WP_AUTOPHAGY		28	-0.35756657	-1.2770926	0.12676056	0.4126912	1.0	3934	tags=39%, list=26%, signal=53%	
CARRILLOREIXACH_HEPATOBLASTOMA_VS_NORMAL_HYPOMETHYLATED_AND_UP	CARRILLOREIXACH_HEPATOBLASTOMA_VS_NORMAL_HYPOMETHYLATED_AND_UP		147	-0.25051442	-1.2765778	0.041420117	0.41318336	1.0	3687	tags=30%, list=24%, signal=39%	
BILD_MYC_ONCOGENIC_SIGNATURE	BILD_MYC_ONCOGENIC_SIGNATURE		185	-0.24388151	-1.2765218	0.046875	0.41259915	1.0	3515	tags=29%, list=23%, signal=38%	
NIKOLSKY_BREAST_CANCER_15Q26_AMPLICON	NIKOLSKY_BREAST_CANCER_15Q26_AMPLICON		16	-0.41616052	-1.2749879	0.15502183	0.4154814	1.0	5078	tags=63%, list=34%, signal=94%	
HOLLEMAN_ASPARAGINASE_RESISTANCE_ALL_UP	HOLLEMAN_ASPARAGINASE_RESISTANCE_ALL_UP		22	-0.3773303	-1.2745591	0.14285715	0.41579738	1.0	1974	tags=36%, list=13%, signal=42%	
MARIADASON_RESPONSE_TO_BUTYRATE_SULINDAC_6	MARIADASON_RESPONSE_TO_BUTYRATE_SULINDAC_6		41	-0.32335234	-1.273942	0.13368984	0.41647726	1.0	4523	tags=46%, list=30%, signal=66%	
WP_PI3KAKTMTOR_SIGNALING_AND_THERAPEUTIC_OPPORTUNITIES_IN_PROSTATE_CANCER	WP_PI3KAKTMTOR_SIGNALING_AND_THERAPEUTIC_OPPORTUNITIES_IN_PROSTATE_CANCER		25	-0.3703207	-1.2735461	0.17040358	0.41672263	1.0	3796	tags=40%, list=25%, signal=53%	
TAKEDA_TARGETS_OF_NUP98_HOXA9_FUSION_6HR_DN	TAKEDA_TARGETS_OF_NUP98_HOXA9_FUSION_6HR_DN		34	-0.34098893	-1.2733628	0.14705883	0.41646957	1.0	3209	tags=41%, list=21%, signal=52%	
REACTOME_CHONDROITIN_SULFATE_BIOSYNTHESIS	REACTOME_CHONDROITIN_SULFATE_BIOSYNTHESIS		20	-0.3861888	-1.2729704	0.15384616	0.41671878	1.0	3637	tags=45%, list=24%, signal=59%	
SHI_SPARC_TARGETS_UP	SHI_SPARC_TARGETS_UP		20	-0.38291764	-1.272886	0.13606912	0.4162393	1.0	4034	tags=55%, list=27%, signal=75%	
PID_AR_TF_PATHWAY	PID_AR_TF_PATHWAY		43	-0.31985465	-1.272422	0.1175	0.41661867	1.0	2880	tags=35%, list=19%, signal=43%	
WP_MAP3K1_ROLE_IN_PROMOTING_AND_BLOCKING_GONADAL_DETERMINATION	WP_MAP3K1_ROLE_IN_PROMOTING_AND_BLOCKING_GONADAL_DETERMINATION		15	-0.41702718	-1.270231	0.18162394	0.42089596	1.0	2623	tags=33%, list=17%, signal=40%	
UDAYAKUMAR_MED1_TARGETS_DN	UDAYAKUMAR_MED1_TARGETS_DN		216	-0.23871215	-1.2696786	0.01923077	0.42141944	1.0	3296	tags=28%, list=22%, signal=35%	
KEGG_MEDICUS_PATHOGEN_HCMV_UL33_TO_GNB_G_RHO_SIGNALING_PATHWAY	KEGG_MEDICUS_PATHOGEN_HCMV_UL33_TO_GNB_G_RHO_SIGNALING_PATHWAY		27	-0.34689537	-1.2695533	0.13288288	0.42101896	1.0	4262	tags=52%, list=28%, signal=72%	
BIOCARTA_INTEGRIN_PATHWAY	BIOCARTA_INTEGRIN_PATHWAY		30	-0.3480931	-1.2678626	0.13471502	0.42423505	1.0	3742	tags=37%, list=25%, signal=49%	
WP_1P36_COPY_NUMBER_VARIATION_SYNDROME	WP_1P36_COPY_NUMBER_VARIATION_SYNDROME		89	-0.26994509	-1.2676396	0.08461539	0.42402852	1.0	3665	tags=33%, list=24%, signal=43%	
BROWNE_HCMV_INFECTION_8HR_UP	BROWNE_HCMV_INFECTION_8HR_UP		77	-0.27470687	-1.2665528	0.09367089	0.42593032	1.0	5025	tags=49%, list=33%, signal=74%	
REACTOME_PRESYNAPTIC_FUNCTION_OF_KAINATE_RECEPTORS	REACTOME_PRESYNAPTIC_FUNCTION_OF_KAINATE_RECEPTORS		18	-0.39700145	-1.2662364	0.14847161	0.42596835	1.0	1574	tags=28%, list=10%, signal=31%	
KEGG_VEGF_SIGNALING_PATHWAY	KEGG_VEGF_SIGNALING_PATHWAY		64	-0.28848127	-1.2662349	0.11658031	0.42527142	1.0	1510	tags=16%, list=10%, signal=17%	
REACTOME_MAP2K_AND_MAPK_ACTIVATION	REACTOME_MAP2K_AND_MAPK_ACTIVATION		34	-0.33676755	-1.2659112	0.118072286	0.42535484	1.0	4792	tags=38%, list=32%, signal=56%	
BROWNE_HCMV_INFECTION_24HR_UP	BROWNE_HCMV_INFECTION_24HR_UP		127	-0.257832	-1.2651829	0.050139274	0.42632845	1.0	3256	tags=28%, list=22%, signal=36%	
WP_4HYDROXYTAMOXIFEN_DEXAMETHASONE_AND_RETINOIC_ACIDS_REGULATION_OF_P27_EXPRESSION	WP_4HYDROXYTAMOXIFEN_DEXAMETHASONE_AND_RETINOIC_ACIDS_REGULATION_OF_P27_EXPRESSION		17	-0.41023105	-1.2640421	0.14935064	0.4283126	1.0	41	tags=12%, list=0%, signal=12%	
REACTOME_GABA_SYNTHESIS_RELEASE_REUPTAKE_AND_DEGRADATION	REACTOME_GABA_SYNTHESIS_RELEASE_REUPTAKE_AND_DEGRADATION		17	-0.4136669	-1.2635074	0.19017094	0.4287879	1.0	2487	tags=35%, list=16%, signal=42%	
WP_REGULATION_OF_ACTIN_CYTOSKELETON	WP_REGULATION_OF_ACTIN_CYTOSKELETON		131	-0.25610852	-1.2621317	0.048850574	0.43138167	1.0	3068	tags=27%, list=20%, signal=34%	
REACTOME_OXIDATIVE_STRESS_INDUCED_SENESCENCE	REACTOME_OXIDATIVE_STRESS_INDUCED_SENESCENCE		85	-0.271911	-1.2619896	0.09090909	0.43104103	1.0	1060	tags=15%, list=7%, signal=16%	
KEGG_MEDICUS_VARIANT_MUTATION_INACTIVATED_FGF17_TO_RAS_ERK_SIGNALING_PATHWAY	KEGG_MEDICUS_VARIANT_MUTATION_INACTIVATED_FGF17_TO_RAS_ERK_SIGNALING_PATHWAY		15	-0.41640887	-1.2616694	0.19438446	0.43109477	1.0	4321	tags=47%, list=29%, signal=65%	
KEGG_MEDICUS_REFERENCE_IGF_IGF1R_RAS_ERK_SIGNALING_PATHWAY	KEGG_MEDICUS_REFERENCE_IGF_IGF1R_RAS_ERK_SIGNALING_PATHWAY		16	-0.42102686	-1.2613224	0.17191283	0.431284	1.0	3799	tags=38%, list=25%, signal=50%	
SCHAEFFER_SOX9_TARGETS_IN_PROSTATE_DEVELOPMENT_DN	SCHAEFFER_SOX9_TARGETS_IN_PROSTATE_DEVELOPMENT_DN		39	-0.32921654	-1.2613211	0.14691943	0.4305887	1.0	3266	tags=36%, list=22%, signal=46%	
JAIN_NFKB_SIGNALING	JAIN_NFKB_SIGNALING		70	-0.2829029	-1.2610601	0.117486335	0.43048087	1.0	3521	tags=33%, list=23%, signal=43%	
SANA_RESPONSE_TO_IFNG_DN	SANA_RESPONSE_TO_IFNG_DN		83	-0.2733786	-1.2609977	0.0656168	0.42992684	1.0	3858	tags=35%, list=26%, signal=47%	
MARCHINI_TRABECTEDIN_RESISTANCE_UP	MARCHINI_TRABECTEDIN_RESISTANCE_UP		17	-0.40131745	-1.2604613	0.17006803	0.4304214	1.0	5313	tags=53%, list=35%, signal=82%	
HOLLEMAN_VINCRISTINE_RESISTANCE_ALL_DN	HOLLEMAN_VINCRISTINE_RESISTANCE_ALL_DN		18	-0.3970727	-1.2602849	0.17248908	0.43016854	1.0	1719	tags=33%, list=11%, signal=38%	
PID_NEPHRIN_NEPH1_PATHWAY	PID_NEPHRIN_NEPH1_PATHWAY		26	-0.35632443	-1.2600421	0.147343	0.43007326	1.0	931	tags=19%, list=6%, signal=20%	
LUI_THYROID_CANCER_CLUSTER_2	LUI_THYROID_CANCER_CLUSTER_2		41	-0.3190303	-1.2599369	0.10538117	0.42960253	1.0	2241	tags=24%, list=15%, signal=29%	
STEARMAN_LUNG_CANCER_EARLY_VS_LATE_UP	STEARMAN_LUNG_CANCER_EARLY_VS_LATE_UP		111	-0.25903735	-1.2594849	0.07317073	0.43002877	1.0	5067	tags=44%, list=34%, signal=66%	
MARTINEZ_RESPONSE_TO_TRABECTEDIN_UP	MARTINEZ_RESPONSE_TO_TRABECTEDIN_UP		62	-0.287852	-1.2594242	0.09736842	0.42949635	1.0	2863	tags=24%, list=19%, signal=30%	
PID_HDAC_CLASSI_PATHWAY	PID_HDAC_CLASSI_PATHWAY		54	-0.29554525	-1.258279	0.10784314	0.43157578	1.0	4377	tags=39%, list=29%, signal=55%	
KEGG_MEDICUS_REFERENCE_GPI_ANCHOR_BIOSYNTHESIS	KEGG_MEDICUS_REFERENCE_GPI_ANCHOR_BIOSYNTHESIS		22	-0.37783766	-1.2567763	0.16780046	0.43445942	1.0	1903	tags=27%, list=13%, signal=31%	
BIOCARTA_NO1_PATHWAY	BIOCARTA_NO1_PATHWAY		20	-0.37707597	-1.2566969	0.2034632	0.43395406	1.0	1167	tags=20%, list=8%, signal=22%	
REACTOME_RNA_POLYMERASE_III_TRANSCRIPTION_INITIATION_FROM_TYPE_3_PROMOTER	REACTOME_RNA_POLYMERASE_III_TRANSCRIPTION_INITIATION_FROM_TYPE_3_PROMOTER		26	-0.35835636	-1.255814	0.18609865	0.43537188	1.0	4464	tags=46%, list=30%, signal=65%	
ROYLANCE_BREAST_CANCER_16Q_COPY_NUMBER_UP	ROYLANCE_BREAST_CANCER_16Q_COPY_NUMBER_UP		47	-0.3097649	-1.2556529	0.12177986	0.43507758	1.0	1187	tags=17%, list=8%, signal=18%	
JIANG_MELANOMA_TRM7_CD8	JIANG_MELANOMA_TRM7_CD8		74	-0.28090814	-1.2551041	0.10933334	0.43576866	1.0	2436	tags=27%, list=16%, signal=32%	
REACTOME_NOTCH_HLH_TRANSCRIPTION_PATHWAY	REACTOME_NOTCH_HLH_TRANSCRIPTION_PATHWAY		24	-0.3591654	-1.2549287	0.16107382	0.4354533	1.0	3754	tags=38%, list=25%, signal=50%	
FINETTI_BREAST_CANCERS_KINOME_BLUE	FINETTI_BREAST_CANCERS_KINOME_BLUE		19	-0.38799673	-1.2543919	0.18803419	0.43601814	1.0	2977	tags=37%, list=20%, signal=46%	
REACTOME_HSF1_DEPENDENT_TRANSACTIVATION	REACTOME_HSF1_DEPENDENT_TRANSACTIVATION		32	-0.33959037	-1.2518659	0.16666667	0.44144785	1.0	1069	tags=22%, list=7%, signal=23%	
BIOCARTA_RAC1_PATHWAY	BIOCARTA_RAC1_PATHWAY		19	-0.38997912	-1.2510754	0.17961165	0.44268426	1.0	2593	tags=37%, list=17%, signal=44%	
WP_ESTROGEN_SIGNALING	WP_ESTROGEN_SIGNALING		18	-0.39134836	-1.2508044	0.15925059	0.44268724	1.0	5484	tags=50%, list=36%, signal=78%	
WP_VEGFAVEGFR2_SIGNALING	WP_VEGFAVEGFR2_SIGNALING		386	-0.21672624	-1.2501769	0.01923077	0.4434182	1.0	3133	tags=24%, list=21%, signal=29%	
WP_4P163_COPY_NUMBER_VARIATION	WP_4P163_COPY_NUMBER_VARIATION		29	-0.34120995	-1.2491902	0.145	0.44511107	1.0	3383	tags=34%, list=22%, signal=44%	
RIZ_ERYTHROID_DIFFERENTIATION_6HR	RIZ_ERYTHROID_DIFFERENTIATION_6HR		28	-0.34479353	-1.2488117	0.15948276	0.4453817	1.0	2573	tags=32%, list=17%, signal=39%	
KIM_TIAL1_TARGETS	KIM_TIAL1_TARGETS		28	-0.34417838	-1.248526	0.14285715	0.44537443	1.0	1593	tags=25%, list=11%, signal=28%	
KEGG_FC_GAMMA_R_MEDIATED_PHAGOCYTOSIS	KEGG_FC_GAMMA_R_MEDIATED_PHAGOCYTOSIS		86	-0.27075446	-1.2480876	0.094527364	0.4456787	1.0	2702	tags=23%, list=18%, signal=28%	
REACTOME_RNA_POLYMERASE_III_TRANSCRIPTION_INITIATION_FROM_TYPE_1_PROMOTER	REACTOME_RNA_POLYMERASE_III_TRANSCRIPTION_INITIATION_FROM_TYPE_1_PROMOTER		27	-0.35039306	-1.2473857	0.1463964	0.4466354	1.0	5994	tags=67%, list=40%, signal=110%	
BOUDOUKHA_BOUND_BY_IGF2BP2	BOUDOUKHA_BOUND_BY_IGF2BP2		101	-0.26042762	-1.2470679	0.08913649	0.44673976	1.0	3666	tags=30%, list=24%, signal=39%	
LEIN_NEURON_MARKERS	LEIN_NEURON_MARKERS		63	-0.28576893	-1.2466499	0.11835749	0.44715148	1.0	1552	tags=21%, list=10%, signal=23%	
TIEN_INTESTINE_PROBIOTICS_2HR_DN	TIEN_INTESTINE_PROBIOTICS_2HR_DN		84	-0.26675847	-1.2464306	0.10653753	0.44695586	1.0	3632	tags=31%, list=24%, signal=41%	
SABATES_COLORECTAL_ADENOMA_SIZE_UP	SABATES_COLORECTAL_ADENOMA_SIZE_UP		15	-0.41903985	-1.2458073	0.1882353	0.44772723	1.0	2636	tags=33%, list=17%, signal=40%	
KEGG_MEDICUS_REFERENCE_AGE_RAGE_SIGNALING_PATHWAY	KEGG_MEDICUS_REFERENCE_AGE_RAGE_SIGNALING_PATHWAY		15	-0.41725668	-1.2453825	0.19057816	0.44806585	1.0	4254	tags=47%, list=28%, signal=65%	
BEIER_GLIOMA_STEM_CELL_DN	BEIER_GLIOMA_STEM_CELL_DN		62	-0.28477848	-1.2428813	0.116094984	0.4534944	1.0	4400	tags=44%, list=29%, signal=61%	
REACTOME_HIV_ELONGATION_ARREST_AND_RECOVERY	REACTOME_HIV_ELONGATION_ARREST_AND_RECOVERY		30	-0.3376429	-1.2428813	0.1496437	0.4527956	1.0	997	tags=17%, list=7%, signal=18%	
DAVICIONI_MOLECULAR_ARMS_VS_ERMS_UP	DAVICIONI_MOLECULAR_ARMS_VS_ERMS_UP		306	-0.22118041	-1.2425563	0.019417476	0.45289588	1.0	3156	tags=26%, list=21%, signal=32%	
KEGG_MEDICUS_VARIANT_AMPLIFIED_FGFR_TO_RAS_ERK_SIGNALING_PATHWAY	KEGG_MEDICUS_VARIANT_AMPLIFIED_FGFR_TO_RAS_ERK_SIGNALING_PATHWAY		15	-0.40926397	-1.2414627	0.172949	0.45493484	1.0	3799	tags=40%, list=25%, signal=53%	
REACTOME_ABORTIVE_ELONGATION_OF_HIV_1_TRANSCRIPT_IN_THE_ABSENCE_OF_TAT	REACTOME_ABORTIVE_ELONGATION_OF_HIV_1_TRANSCRIPT_IN_THE_ABSENCE_OF_TAT		23	-0.3603722	-1.2403811	0.1853547	0.4569746	1.0	962	tags=17%, list=6%, signal=19%	
GENTILE_UV_RESPONSE_CLUSTER_D9	GENTILE_UV_RESPONSE_CLUSTER_D9		22	-0.37719047	-1.2403516	0.19770116	0.45634925	1.0	4030	tags=45%, list=27%, signal=62%	
REACTOME_INITIATION_OF_NUCLEAR_ENVELOPE_NE_REFORMATION	REACTOME_INITIATION_OF_NUCLEAR_ENVELOPE_NE_REFORMATION		15	-0.4142436	-1.2392949	0.18354431	0.45823014	1.0	1921	tags=20%, list=13%, signal=23%	
DEBIASI_APOPTOSIS_BY_REOVIRUS_INFECTION_DN	DEBIASI_APOPTOSIS_BY_REOVIRUS_INFECTION_DN		238	-0.23026517	-1.2390941	0.032608695	0.45803168	1.0	3607	tags=30%, list=24%, signal=39%	
WP_WNT_SIGNALING_AND_PLURIPOTENCY	WP_WNT_SIGNALING_AND_PLURIPOTENCY		88	-0.26594326	-1.2387915	0.09973753	0.4580826	1.0	2880	tags=30%, list=19%, signal=36%	
WP_CYTOKINES_AND_INFLAMMATORY_RESPONSE	WP_CYTOKINES_AND_INFLAMMATORY_RESPONSE		16	-0.40013927	-1.2385284	0.20495495	0.45805502	1.0	3991	tags=56%, list=26%, signal=76%	
KEGG_MEDICUS_REFERENCE_LPAR_GNB_G_RHO_SIGNALING_PATHWAY	KEGG_MEDICUS_REFERENCE_LPAR_GNB_G_RHO_SIGNALING_PATHWAY		21	-0.37205002	-1.2378643	0.17532468	0.4590949	1.0	1574	tags=29%, list=10%, signal=32%	
KEGG_MAPK_SIGNALING_PATHWAY	KEGG_MAPK_SIGNALING_PATHWAY		221	-0.22768077	-1.2375618	0.034267914	0.45914876	1.0	2925	tags=25%, list=19%, signal=31%	
REACTOME_TOLL_LIKE_RECEPTOR_9_TLR9_CASCADE	REACTOME_TOLL_LIKE_RECEPTOR_9_TLR9_CASCADE		92	-0.26160184	-1.2375376	0.103151865	0.45850858	1.0	3474	tags=34%, list=23%, signal=43%	
PID_HDAC_CLASSIII_PATHWAY	PID_HDAC_CLASSIII_PATHWAY		19	-0.38011092	-1.2366644	0.18693693	0.4600283	1.0	4917	tags=58%, list=33%, signal=86%	
KEGG_MEDICUS_REFERENCE_GNRH_GNRHR_PLCB_PKC_SIGNALING_PATHWAY	KEGG_MEDICUS_REFERENCE_GNRH_GNRHR_PLCB_PKC_SIGNALING_PATHWAY		16	-0.40567452	-1.236189	0.17633928	0.46050563	1.0	3068	tags=38%, list=20%, signal=47%	
REACTOME_EXTRA_NUCLEAR_ESTROGEN_SIGNALING	REACTOME_EXTRA_NUCLEAR_ESTROGEN_SIGNALING		64	-0.28706342	-1.2359742	0.12776412	0.46034443	1.0	1574	tags=20%, list=10%, signal=23%	
KEGG_MEDICUS_REFERENCE_KITLG_KIT_RAS_ERK_SIGNALING_PATHWAY	KEGG_MEDICUS_REFERENCE_KITLG_KIT_RAS_ERK_SIGNALING_PATHWAY		15	-0.40424472	-1.2359146	0.20132743	0.45981923	1.0	4340	tags=47%, list=29%, signal=65%	
BIOCARTA_FMLP_PATHWAY	BIOCARTA_FMLP_PATHWAY		27	-0.35400403	-1.2353249	0.18588236	0.4605299	1.0	1167	tags=22%, list=8%, signal=24%	
LU_AGING_BRAIN_DN	LU_AGING_BRAIN_DN		145	-0.24565187	-1.2345212	0.07647059	0.4618178	1.0	4002	tags=32%, list=26%, signal=43%	
REACTOME_INTERLEUKIN_17_SIGNALING	REACTOME_INTERLEUKIN_17_SIGNALING		59	-0.29020482	-1.2344853	0.11190476	0.46119502	1.0	3068	tags=32%, list=20%, signal=40%	
REACTOME_REGULATION_OF_SIGNALING_BY_CBL	REACTOME_REGULATION_OF_SIGNALING_BY_CBL		18	-0.3825767	-1.2335204	0.19782609	0.46284765	1.0	1060	tags=17%, list=7%, signal=18%	
KEGG_MEDICUS_REFERENCE_CA2_ENTRY_VOLTAGE_GATED_CA2_CHANNEL	KEGG_MEDICUS_REFERENCE_CA2_ENTRY_VOLTAGE_GATED_CA2_CHANNEL		20	-0.3767462	-1.2331557	0.18303572	0.46304682	1.0	1909	tags=30%, list=13%, signal=34%	
WP_DISORDERS_OF_MITOCHONDRIAL_HOMEOSTATIS_DYNAMICS_PROTEIN_IMPORT_AND_QUALITY_CONTROL	WP_DISORDERS_OF_MITOCHONDRIAL_HOMEOSTATIS_DYNAMICS_PROTEIN_IMPORT_AND_QUALITY_CONTROL		57	-0.290705	-1.2324811	0.11671088	0.46398765	1.0	4275	tags=42%, list=28%, signal=58%	
LEE_CALORIE_RESTRICTION_NEOCORTEX_DN	LEE_CALORIE_RESTRICTION_NEOCORTEX_DN		57	-0.2883467	-1.2322409	0.14321607	0.463837	1.0	2320	tags=23%, list=15%, signal=27%	
REACTOME_SUMOYLATION_OF_CHROMATIN_ORGANIZATION_PROTEINS	REACTOME_SUMOYLATION_OF_CHROMATIN_ORGANIZATION_PROTEINS		57	-0.28795034	-1.2310199	0.10837439	0.46624202	1.0	4222	tags=37%, list=28%, signal=51%	
REACTOME_SIGNALING_BY_NOTCH3	REACTOME_SIGNALING_BY_NOTCH3		46	-0.30385393	-1.2306595	0.15311004	0.46646675	1.0	3225	tags=35%, list=21%, signal=44%	
FIGUEROA_AML_METHYLATION_CLUSTER_6_DN	FIGUEROA_AML_METHYLATION_CLUSTER_6_DN		24	-0.3531591	-1.2306038	0.19770116	0.46590278	1.0	396	tags=17%, list=3%, signal=17%	
GREGORY_SYNTHETIC_LETHAL_WITH_IMATINIB	GREGORY_SYNTHETIC_LETHAL_WITH_IMATINIB		120	-0.25223503	-1.2295588	0.08933718	0.46778	1.0	2819	tags=24%, list=19%, signal=29%	
ACEVEDO_NORMAL_TISSUE_ADJACENT_TO_LIVER_TUMOR_DN	ACEVEDO_NORMAL_TISSUE_ADJACENT_TO_LIVER_TUMOR_DN		300	-0.22119693	-1.22918	0.05154639	0.46805403	1.0	3247	tags=26%, list=21%, signal=33%	
BONOME_OVARIAN_CANCER_POOR_SURVIVAL_DN	BONOME_OVARIAN_CANCER_POOR_SURVIVAL_DN		20	-0.36518005	-1.2290502	0.18888889	0.4677107	1.0	4237	tags=35%, list=28%, signal=49%	
WP_HEAD_AND_NECK_SQUAMOUS_CELL_CARCINOMA	WP_HEAD_AND_NECK_SQUAMOUS_CELL_CARCINOMA		56	-0.28799245	-1.2289845	0.121212125	0.46715137	1.0	1510	tags=18%, list=10%, signal=20%	
WP_B_CELL_RECEPTOR_SIGNALING	WP_B_CELL_RECEPTOR_SIGNALING		78	-0.2753825	-1.2283334	0.13624679	0.46812972	1.0	3394	tags=29%, list=22%, signal=38%	
SWEET_KRAS_ONCOGENIC_SIGNATURE	SWEET_KRAS_ONCOGENIC_SIGNATURE		79	-0.27300277	-1.2268224	0.12285012	0.4712573	1.0	1856	tags=23%, list=12%, signal=26%	
WP_HOSTPATHOGEN_INTERACTION_OF_HUMAN_CORONAVIRUSES_MAPK_SIGNALING	WP_HOSTPATHOGEN_INTERACTION_OF_HUMAN_CORONAVIRUSES_MAPK_SIGNALING		29	-0.33810726	-1.2264215	0.17577197	0.47168344	1.0	931	tags=21%, list=6%, signal=22%	
LIU_LIVER_CANCER	LIU_LIVER_CANCER		30	-0.33387527	-1.2256489	0.18561485	0.47310686	1.0	1159	tags=20%, list=8%, signal=22%	
WP_ANGIOPOIETINLIKE_PROTEIN_8_REGULATORY_PATHWAY	WP_ANGIOPOIETINLIKE_PROTEIN_8_REGULATORY_PATHWAY		109	-0.25584814	-1.2252265	0.115068495	0.47351593	1.0	2004	tags=20%, list=13%, signal=23%	
WP_MOLECULAR_PATHWAY_FOR_OXIDATIVE_STRESS	WP_MOLECULAR_PATHWAY_FOR_OXIDATIVE_STRESS		35	-0.31915212	-1.224597	0.14720812	0.47450837	1.0	4959	tags=51%, list=33%, signal=76%	
WP_HEDGEHOG_SIGNALING_WP4249	WP_HEDGEHOG_SIGNALING_WP4249		37	-0.31810838	-1.2239997	0.17349398	0.47537267	1.0	2916	tags=32%, list=19%, signal=40%	
WP_MICRORNAS_IN_CARDIOMYOCYTE_HYPERTROPHY	WP_MICRORNAS_IN_CARDIOMYOCYTE_HYPERTROPHY		68	-0.28032273	-1.2238688	0.1175	0.47501668	1.0	3220	tags=31%, list=21%, signal=39%	
WP_APOPTOSIS_REGULATION_BY_PARATHYROID_HORMONERELATED_PROTEIN	WP_APOPTOSIS_REGULATION_BY_PARATHYROID_HORMONERELATED_PROTEIN		21	-0.37631926	-1.2234586	0.17605634	0.47533593	1.0	2654	tags=43%, list=18%, signal=52%	
IVANOVA_HEMATOPOIESIS_STEM_CELL	IVANOVA_HEMATOPOIESIS_STEM_CELL		164	-0.23868194	-1.2232119	0.055194806	0.47525233	1.0	1858	tags=18%, list=12%, signal=21%	
REACTOME_RNA_POLYMERASE_III_TRANSCRIPTION	REACTOME_RNA_POLYMERASE_III_TRANSCRIPTION		39	-0.31064194	-1.2230942	0.1635514	0.47490278	1.0	5994	tags=59%, list=40%, signal=97%	
TIEN_INTESTINE_PROBIOTICS_2HR_UP	TIEN_INTESTINE_PROBIOTICS_2HR_UP		26	-0.34208038	-1.2230576	0.17633411	0.4743027	1.0	1857	tags=23%, list=12%, signal=26%	
MASSARWEH_RESPONSE_TO_ESTRADIOL	MASSARWEH_RESPONSE_TO_ESTRADIOL		57	-0.283692	-1.2219222	0.16321243	0.47647473	1.0	1547	tags=21%, list=10%, signal=23%	
WP_SEROTONIN_RECEPTOR_2_AND_ELKSRFGATA4_SIGNALING	WP_SEROTONIN_RECEPTOR_2_AND_ELKSRFGATA4_SIGNALING		18	-0.37791654	-1.2214602	0.21030043	0.47703937	1.0	3742	tags=28%, list=25%, signal=37%	
BIOCARTA_EIF_PATHWAY	BIOCARTA_EIF_PATHWAY		15	-0.4035558	-1.2214444	0.19782609	0.47638926	1.0	18	tags=7%, list=0%, signal=7%	
PID_RET_PATHWAY	PID_RET_PATHWAY		36	-0.31649536	-1.2213788	0.172949	0.47587875	1.0	2785	tags=28%, list=18%, signal=34%	
CUI_TCF21_TARGETS_2_UP	CUI_TCF21_TARGETS_2_UP		405	-0.21267942	-1.2210209	0.015686275	0.47609	1.0	3818	tags=30%, list=25%, signal=40%	
ELVIDGE_HIF1A_AND_HIF2A_TARGETS_UP	ELVIDGE_HIF1A_AND_HIF2A_TARGETS_UP		38	-0.30895105	-1.2209132	0.18052256	0.47567022	1.0	2442	tags=26%, list=16%, signal=31%	
AGUIRRE_PANCREATIC_CANCER_COPY_NUMBER_DN	AGUIRRE_PANCREATIC_CANCER_COPY_NUMBER_DN		211	-0.22963923	-1.2192625	0.061349694	0.47926223	1.0	2977	tags=27%, list=20%, signal=33%	
REACTOME_TRANSCRIPTIONAL_REGULATION_BY_RUNX1	REACTOME_TRANSCRIPTIONAL_REGULATION_BY_RUNX1		173	-0.23357764	-1.2191974	0.06321839	0.47875133	1.0	2642	tags=23%, list=17%, signal=28%	
MULLIGHAN_NPM1_MUTATED_SIGNATURE_1_DN	MULLIGHAN_NPM1_MUTATED_SIGNATURE_1_DN		103	-0.25548124	-1.2191126	0.11634349	0.47828582	1.0	2194	tags=21%, list=15%, signal=25%	
REACTOME_RAB_GEFS_EXCHANGE_GTP_FOR_GDP_ON_RABS	REACTOME_RAB_GEFS_EXCHANGE_GTP_FOR_GDP_ON_RABS		84	-0.26869366	-1.2176442	0.14030612	0.48133972	1.0	5607	tags=52%, list=37%, signal=83%	
SPIELMAN_LYMPHOBLAST_EUROPEAN_VS_ASIAN_UP	SPIELMAN_LYMPHOBLAST_EUROPEAN_VS_ASIAN_UP		430	-0.2119774	-1.2175562	0.0234375	0.48092255	1.0	2971	tags=24%, list=20%, signal=29%	
GRESHOCK_CANCER_COPY_NUMBER_UP	GRESHOCK_CANCER_COPY_NUMBER_UP		262	-0.22331285	-1.2172481	0.0477707	0.48106527	1.0	2942	tags=24%, list=19%, signal=30%	
SHIPP_DLBCL_CURED_VS_FATAL_DN	SHIPP_DLBCL_CURED_VS_FATAL_DN		40	-0.31172687	-1.2169331	0.17730497	0.48126048	1.0	2655	tags=30%, list=18%, signal=36%	
MCCLUNG_CREB1_TARGETS_UP	MCCLUNG_CREB1_TARGETS_UP		90	-0.25651118	-1.216699	0.10606061	0.48122182	1.0	883	tags=13%, list=6%, signal=14%	
SANSOM_APC_TARGETS	SANSOM_APC_TARGETS		175	-0.23724796	-1.2159053	0.072886296	0.48248997	1.0	3624	tags=33%, list=24%, signal=43%	
WP_STATIN_INHIBITION_OF_CHOLESTEROL_PRODUCTION	WP_STATIN_INHIBITION_OF_CHOLESTEROL_PRODUCTION		18	-0.3800623	-1.2158144	0.19203748	0.48208368	1.0	3550	tags=44%, list=23%, signal=58%	
KEGG_MEDICUS_REFERENCE_REGULATION_OF_GF_RTK_RAS_ERK_SIGNALING_PTP	KEGG_MEDICUS_REFERENCE_REGULATION_OF_GF_RTK_RAS_ERK_SIGNALING_PTP		17	-0.38840738	-1.2151268	0.21132898	0.48322314	1.0	2140	tags=41%, list=14%, signal=48%	
BILANGES_RAPAMYCIN_SENSITIVE_GENES	BILANGES_RAPAMYCIN_SENSITIVE_GENES		32	-0.33105677	-1.2148311	0.18811882	0.48328814	1.0	3350	tags=41%, list=22%, signal=52%	
NIKOLSKY_BREAST_CANCER_17Q11_Q21_AMPLICON	NIKOLSKY_BREAST_CANCER_17Q11_Q21_AMPLICON		90	-0.26255554	-1.2146759	0.12082262	0.4830039	1.0	3520	tags=30%, list=23%, signal=39%	
KYNG_RESPONSE_TO_H2O2_VIA_ERCC6	KYNG_RESPONSE_TO_H2O2_VIA_ERCC6		15	-0.40013438	-1.2138442	0.19290465	0.48439303	1.0	3195	tags=47%, list=21%, signal=59%	
ROESSLER_LIVER_CANCER_METASTASIS_DN	ROESSLER_LIVER_CANCER_METASTASIS_DN		47	-0.29777786	-1.2137498	0.1521739	0.48392344	1.0	3933	tags=36%, list=26%, signal=49%	
REACTOME_ENDOSOMAL_SORTING_COMPLEX_REQUIRED_FOR_TRANSPORT_ESCRT	REACTOME_ENDOSOMAL_SORTING_COMPLEX_REQUIRED_FOR_TRANSPORT_ESCRT		29	-0.3433451	-1.2132634	0.17380953	0.48449418	1.0	3816	tags=41%, list=25%, signal=55%	
WP_RANKLRANK_SIGNALING	WP_RANKLRANK_SIGNALING		46	-0.30111802	-1.2125491	0.16541353	0.4856495	1.0	3255	tags=33%, list=22%, signal=41%	
WP_TUMOR_SUPPRESSOR_ACTIVITY_OF_SMARCB1	WP_TUMOR_SUPPRESSOR_ACTIVITY_OF_SMARCB1		25	-0.3447213	-1.2114081	0.19770116	0.4878695	1.0	2396	tags=24%, list=16%, signal=28%	
REACTOME_TNF_SIGNALING	REACTOME_TNF_SIGNALING		51	-0.28708225	-1.2112134	0.15566038	0.4877232	1.0	3281	tags=31%, list=22%, signal=40%	
BEIER_GLIOMA_STEM_CELL_UP	BEIER_GLIOMA_STEM_CELL_UP		36	-0.32323787	-1.2109469	0.17523365	0.4877436	1.0	2855	tags=39%, list=19%, signal=48%	
HASLINGER_B_CLL_WITH_13Q14_DELETION	HASLINGER_B_CLL_WITH_13Q14_DELETION		19	-0.3803334	-1.2108792	0.22727273	0.4872628	1.0	1223	tags=21%, list=8%, signal=23%	
FAELT_B_CLL_WITH_VH_REARRANGEMENTS_UP	FAELT_B_CLL_WITH_VH_REARRANGEMENTS_UP		36	-0.3153403	-1.2104068	0.17961165	0.48788282	1.0	4697	tags=42%, list=31%, signal=60%	
MORI_PRE_BI_LYMPHOCYTE_DN	MORI_PRE_BI_LYMPHOCYTE_DN		65	-0.2799822	-1.2095202	0.15311004	0.48951834	1.0	1887	tags=25%, list=12%, signal=28%	
NIKOLSKY_BREAST_CANCER_20Q12_Q13_AMPLICON	NIKOLSKY_BREAST_CANCER_20Q12_Q13_AMPLICON		125	-0.24691913	-1.2064669	0.10781671	0.49703023	1.0	4078	tags=39%, list=27%, signal=53%	
WANG_METASTASIS_OF_BREAST_CANCER_ESR1_DN	WANG_METASTASIS_OF_BREAST_CANCER_ESR1_DN		27	-0.33976343	-1.2055436	0.19148937	0.49883255	1.0	474	tags=15%, list=3%, signal=15%	
BROWNE_HCMV_INFECTION_1HR_DN	BROWNE_HCMV_INFECTION_1HR_DN		178	-0.23176925	-1.2048385	0.09375	0.50000685	1.0	4412	tags=39%, list=29%, signal=54%	
REACTOME_REGULATION_OF_BETA_CELL_DEVELOPMENT	REACTOME_REGULATION_OF_BETA_CELL_DEVELOPMENT		29	-0.32894945	-1.2042308	0.19603524	0.50082797	1.0	1859	tags=28%, list=12%, signal=31%	
REACTOME_SEMAPHORIN_INTERACTIONS	REACTOME_SEMAPHORIN_INTERACTIONS		58	-0.28981528	-1.2025629	0.15714286	0.504621	1.0	2687	tags=26%, list=18%, signal=31%	
REACTOME_RAF_ACTIVATION	REACTOME_RAF_ACTIVATION		31	-0.3270814	-1.2025515	0.21662469	0.50396764	1.0	3799	tags=45%, list=25%, signal=60%	
REACTOME_TIE2_SIGNALING	REACTOME_TIE2_SIGNALING		15	-0.39334968	-1.2018015	0.22340426	0.5052564	1.0	178	tags=13%, list=1%, signal=13%	
WP_RAS_SIGNALING	WP_RAS_SIGNALING		156	-0.23459089	-1.2016438	0.08806818	0.5049869	1.0	2612	tags=22%, list=17%, signal=27%	
MCBRYAN_PUBERTAL_BREAST_5_6WK_DN	MCBRYAN_PUBERTAL_BREAST_5_6WK_DN		111	-0.24838981	-1.1996905	0.125	0.5094424	1.0	4722	tags=40%, list=31%, signal=57%	
KEGG_GNRH_SIGNALING_PATHWAY	KEGG_GNRH_SIGNALING_PATHWAY		81	-0.25952613	-1.1991065	0.13421053	0.5102012	1.0	2746	tags=23%, list=18%, signal=29%	
REACTOME_LONG_TERM_POTENTIATION	REACTOME_LONG_TERM_POTENTIATION		19	-0.36577228	-1.1983234	0.22121896	0.5116163	1.0	3755	tags=37%, list=25%, signal=49%	
GENTILE_UV_RESPONSE_CLUSTER_D2	GENTILE_UV_RESPONSE_CLUSTER_D2		33	-0.32151598	-1.1979446	0.17985612	0.51191384	1.0	752	tags=15%, list=5%, signal=16%	
WNT_SIGNALING	WNT_SIGNALING		77	-0.26872218	-1.1977106	0.1458886	0.51180667	1.0	3107	tags=32%, list=21%, signal=41%	
PID_RETINOIC_ACID_PATHWAY	PID_RETINOIC_ACID_PATHWAY		23	-0.35844517	-1.196962	0.2139738	0.5130846	1.0	3434	tags=30%, list=23%, signal=39%	
WP_KIT_RECEPTOR_SIGNALING	WP_KIT_RECEPTOR_SIGNALING		52	-0.28856853	-1.1953491	0.18944845	0.51665473	1.0	1159	tags=17%, list=8%, signal=19%	
WP_SPHINGOLIPID_METABOLISM_OVERVIEW	WP_SPHINGOLIPID_METABOLISM_OVERVIEW		22	-0.35137767	-1.1951685	0.21875	0.5164154	1.0	2346	tags=27%, list=16%, signal=32%	
PURBEY_TARGETS_OF_CTBP1_AND_SATB1_UP	PURBEY_TARGETS_OF_CTBP1_AND_SATB1_UP		61	-0.28238454	-1.1951619	0.16834171	0.51573026	1.0	2742	tags=28%, list=18%, signal=34%	
REACTOME_PI_3K_CASCADE_FGFR2	REACTOME_PI_3K_CASCADE_FGFR2		19	-0.36186913	-1.1921674	0.20824295	0.52323705	1.0	2925	tags=32%, list=19%, signal=39%	
ZHAN_MULTIPLE_MYELOMA_LB_UP	ZHAN_MULTIPLE_MYELOMA_LB_UP		45	-0.29421562	-1.1919743	0.17539863	0.52303153	1.0	1908	tags=20%, list=13%, signal=23%	
LASTOWSKA_NEUROBLASTOMA_COPY_NUMBER_UP	LASTOWSKA_NEUROBLASTOMA_COPY_NUMBER_UP		164	-0.23052049	-1.1910783	0.092307694	0.5247692	1.0	4780	tags=38%, list=32%, signal=56%	
PID_SMAD2_3NUCLEAR_PATHWAY	PID_SMAD2_3NUCLEAR_PATHWAY		62	-0.27106732	-1.1909125	0.1627907	0.52450305	1.0	3540	tags=31%, list=23%, signal=40%	
GERHOLD_ADIPOGENESIS_DN	GERHOLD_ADIPOGENESIS_DN		58	-0.28279188	-1.1909084	0.17414248	0.52381015	1.0	3396	tags=26%, list=22%, signal=33%	
BROWNE_HCMV_INFECTION_10HR_UP	BROWNE_HCMV_INFECTION_10HR_UP		80	-0.2654718	-1.1902817	0.1548913	0.5248152	1.0	2668	tags=28%, list=18%, signal=33%	
ZHENG_GLIOBLASTOMA_PLASTICITY_UP	ZHENG_GLIOBLASTOMA_PLASTICITY_UP		229	-0.21916866	-1.190083	0.08805031	0.52464813	1.0	3386	tags=25%, list=22%, signal=32%	
REACTOME_GLUCAGON_SIGNALING_IN_METABOLIC_REGULATION	REACTOME_GLUCAGON_SIGNALING_IN_METABOLIC_REGULATION		28	-0.3267822	-1.1899806	0.21791768	0.524258	1.0	1574	tags=25%, list=10%, signal=28%	
REACTOME_SIRT1_NEGATIVELY_REGULATES_RRNA_EXPRESSION	REACTOME_SIRT1_NEGATIVELY_REGULATES_RRNA_EXPRESSION		43	-0.29620528	-1.1897811	0.17718446	0.5241531	1.0	4317	tags=40%, list=29%, signal=55%	
HOEGERKORP_CD44_TARGETS_TEMPORAL_DN	HOEGERKORP_CD44_TARGETS_TEMPORAL_DN		23	-0.34005365	-1.189338	0.2090909	0.52468294	1.0	5179	tags=52%, list=34%, signal=79%	
WP_SPHINGOLIPID_PATHWAY	WP_SPHINGOLIPID_PATHWAY		24	-0.34672844	-1.1891686	0.21917808	0.5244478	1.0	1520	tags=25%, list=10%, signal=28%	
REACTOME_PERK_REGULATES_GENE_EXPRESSION	REACTOME_PERK_REGULATES_GENE_EXPRESSION		28	-0.33695674	-1.1888915	0.21166307	0.52453285	1.0	4459	tags=36%, list=30%, signal=51%	
PULVER_FOREY_CELLCYCLE_ENRICHED_TFS_M	PULVER_FOREY_CELLCYCLE_ENRICHED_TFS_M		59	-0.2807413	-1.1875938	0.17518248	0.52748466	1.0	1477	tags=17%, list=10%, signal=19%	
KIM_ALL_DISORDERS_CALB1_CORR_UP	KIM_ALL_DISORDERS_CALB1_CORR_UP		498	-0.19939627	-1.1869485	0.015503876	0.5285941	1.0	3652	tags=26%, list=24%, signal=33%	
PID_VEGFR1_2_PATHWAY	PID_VEGFR1_2_PATHWAY		60	-0.27419052	-1.186831	0.18933333	0.52825457	1.0	2635	tags=23%, list=17%, signal=28%	
REACTOME_MITF_M_REGULATED_MELANOCYTE_DEVELOPMENT	REACTOME_MITF_M_REGULATED_MELANOCYTE_DEVELOPMENT		139	-0.23864412	-1.1868058	0.12112676	0.52763283	1.0	2921	tags=29%, list=19%, signal=36%	
KEGG_MEDICUS_REFERENCE_COPI_VESICLE_FORMATION	KEGG_MEDICUS_REFERENCE_COPI_VESICLE_FORMATION		22	-0.35178515	-1.1865687	0.2147651	0.527564	1.0	4834	tags=55%, list=32%, signal=80%	
ZHONG_RESPONSE_TO_AZACITIDINE_AND_TSA_DN	ZHONG_RESPONSE_TO_AZACITIDINE_AND_TSA_DN		63	-0.27808833	-1.1857517	0.15521629	0.52913064	1.0	2825	tags=24%, list=19%, signal=29%	
ELVIDGE_HYPOXIA_BY_DMOG_DN	ELVIDGE_HYPOXIA_BY_DMOG_DN		55	-0.28017604	-1.1840665	0.17721519	0.53304905	1.0	1246	tags=15%, list=8%, signal=16%	
WELCSH_BRCA1_TARGETS_DN	WELCSH_BRCA1_TARGETS_DN		127	-0.2401819	-1.1839736	0.13142857	0.5325948	1.0	4424	tags=36%, list=29%, signal=51%	
BOYAULT_LIVER_CANCER_SUBCLASS_G2	BOYAULT_LIVER_CANCER_SUBCLASS_G2		27	-0.336043	-1.1836671	0.2195122	0.5327404	1.0	3120	tags=33%, list=21%, signal=42%	
REACTOME_ONCOGENIC_MAPK_SIGNALING	REACTOME_ONCOGENIC_MAPK_SIGNALING		71	-0.26602733	-1.182979	0.1897019	0.53400713	1.0	2612	tags=24%, list=17%, signal=29%	
ONKEN_UVEAL_MELANOMA_DN	ONKEN_UVEAL_MELANOMA_DN		473	-0.20381474	-1.182951	0.052434456	0.5333852	1.0	2910	tags=23%, list=19%, signal=28%	
CHEMNITZ_RESPONSE_TO_PROSTAGLANDIN_E2_UP	CHEMNITZ_RESPONSE_TO_PROSTAGLANDIN_E2_UP		133	-0.23503731	-1.1820449	0.12362637	0.5351469	1.0	2756	tags=18%, list=18%, signal=22%	
WP_ANGIOGENESIS	WP_ANGIOGENESIS		22	-0.3474029	-1.1818951	0.21658987	0.5348423	1.0	2925	tags=32%, list=19%, signal=39%	
BIOCARTA_VIP_PATHWAY	BIOCARTA_VIP_PATHWAY		23	-0.34870368	-1.1817045	0.2370892	0.53464293	1.0	1758	tags=26%, list=12%, signal=29%	
ELVIDGE_HIF1A_TARGETS_UP	ELVIDGE_HIF1A_TARGETS_UP		62	-0.2738672	-1.1813397	0.18346253	0.5349577	1.0	3907	tags=31%, list=26%, signal=41%	
NIKOLSKY_BREAST_CANCER_8Q12_Q22_AMPLICON	NIKOLSKY_BREAST_CANCER_8Q12_Q22_AMPLICON		117	-0.24236591	-1.1812888	0.11396012	0.53439367	1.0	3610	tags=35%, list=24%, signal=46%	
DARWICHE_PAPILLOMA_RISK_HIGH_DN	DARWICHE_PAPILLOMA_RISK_HIGH_DN		143	-0.23678347	-1.1810238	0.09641873	0.5344267	1.0	2571	tags=24%, list=17%, signal=29%	
FEKIR_HEPARG_SIDE_POP_VS_HEPARG_UP	FEKIR_HEPARG_SIDE_POP_VS_HEPARG_UP		79	-0.25702536	-1.1808926	0.1377551	0.5341016	1.0	2762	tags=24%, list=18%, signal=29%	
PID_MTOR_4PATHWAY	PID_MTOR_4PATHWAY		61	-0.2758502	-1.1802815	0.15479116	0.5351017	1.0	3796	tags=31%, list=25%, signal=41%	
FEKIR_HEPARG_SPHERE_VS_HEPARG_UP	FEKIR_HEPARG_SPHERE_VS_HEPARG_UP		99	-0.24384475	-1.1798667	0.14467005	0.53562766	1.0	1701	tags=19%, list=11%, signal=21%	
KAYO_CALORIE_RESTRICTION_MUSCLE_DN	KAYO_CALORIE_RESTRICTION_MUSCLE_DN		73	-0.26565492	-1.1796495	0.15119363	0.5355036	1.0	3753	tags=34%, list=25%, signal=45%	
PID_ECADHERIN_KERATINOCYTE_PATHWAY	PID_ECADHERIN_KERATINOCYTE_PATHWAY		17	-0.38629702	-1.1795963	0.2527964	0.53495187	1.0	2536	tags=29%, list=17%, signal=35%	
PID_P38_ALPHA_BETA_PATHWAY	PID_P38_ALPHA_BETA_PATHWAY		26	-0.34103915	-1.1788267	0.20722891	0.5363832	1.0	2735	tags=38%, list=18%, signal=47%	
DARWICHE_SQUAMOUS_CELL_CARCINOMA_DN	DARWICHE_SQUAMOUS_CELL_CARCINOMA_DN		143	-0.23692185	-1.1785661	0.119760476	0.53639084	1.0	2571	tags=24%, list=17%, signal=28%	
REACTOME_G_BETA_GAMMA_SIGNALLING_THROUGH_PI3KGAMMA	REACTOME_G_BETA_GAMMA_SIGNALLING_THROUGH_PI3KGAMMA		21	-0.3493789	-1.1785111	0.23582767	0.5358687	1.0	1574	tags=29%, list=10%, signal=32%	
REACTOME_SIGNALING_BY_FGFR	REACTOME_SIGNALING_BY_FGFR		78	-0.26220536	-1.1784518	0.16393442	0.5353148	1.0	1459	tags=17%, list=10%, signal=18%	
KAAB_FAILED_HEART_ATRIUM_UP	KAAB_FAILED_HEART_ATRIUM_UP		25	-0.33670878	-1.1781137	0.23785166	0.53562313	1.0	2249	tags=32%, list=15%, signal=38%	
HOWLIN_CITED1_TARGETS_1_UP	HOWLIN_CITED1_TARGETS_1_UP		32	-0.31978554	-1.1775973	0.24078624	0.5364235	1.0	1330	tags=28%, list=9%, signal=31%	
PID_SHP2_PATHWAY	PID_SHP2_PATHWAY		53	-0.28016794	-1.1775686	0.18937644	0.5358143	1.0	2612	tags=26%, list=17%, signal=32%	
REACTOME_DOWNSTREAM_SIGNALING_OF_ACTIVATED_FGFR3	REACTOME_DOWNSTREAM_SIGNALING_OF_ACTIVATED_FGFR3		23	-0.3486107	-1.1775032	0.23809524	0.5353283	1.0	2925	tags=30%, list=19%, signal=38%	
JAZAG_TGFB1_SIGNALING_VIA_SMAD4_UP	JAZAG_TGFB1_SIGNALING_VIA_SMAD4_UP		95	-0.25418383	-1.1773607	0.15584415	0.53498936	1.0	4128	tags=39%, list=27%, signal=53%	
REACTOME_SIGNALING_BY_TYPE_1_INSULIN_LIKE_GROWTH_FACTOR_1_RECEPTOR_IGF1R	REACTOME_SIGNALING_BY_TYPE_1_INSULIN_LIKE_GROWTH_FACTOR_1_RECEPTOR_IGF1R		43	-0.2950072	-1.177095	0.19548872	0.5350384	1.0	1510	tags=19%, list=10%, signal=21%	
STARK_HYPPOCAMPUS_22Q11_DELETION_UP	STARK_HYPPOCAMPUS_22Q11_DELETION_UP		46	-0.2906718	-1.17666	0.19950739	0.5355967	1.0	3442	tags=35%, list=23%, signal=45%	
BURTON_ADIPOGENESIS_2	BURTON_ADIPOGENESIS_2		64	-0.26924884	-1.176565	0.2005277	0.5351681	1.0	2646	tags=22%, list=18%, signal=26%	
WU_ALZHEIMER_DISEASE_DN	WU_ALZHEIMER_DISEASE_DN		17	-0.37277478	-1.1757766	0.25287357	0.5366827	1.0	3767	tags=35%, list=25%, signal=47%	
BIOCARTA_EDG1_PATHWAY	BIOCARTA_EDG1_PATHWAY		20	-0.35833895	-1.1753484	0.23515981	0.5371178	1.0	2813	tags=30%, list=19%, signal=37%	
DORSAM_HOXA9_TARGETS_DN	DORSAM_HOXA9_TARGETS_DN		26	-0.3306664	-1.1752317	0.22843823	0.53673416	1.0	1611	tags=23%, list=11%, signal=26%	
REACTOME_DOPAMINE_NEUROTRANSMITTER_RELEASE_CYCLE	REACTOME_DOPAMINE_NEUROTRANSMITTER_RELEASE_CYCLE		20	-0.35923415	-1.1747099	0.22781774	0.53755856	1.0	2556	tags=40%, list=17%, signal=48%	
YAO_TEMPORAL_RESPONSE_TO_PROGESTERONE_CLUSTER_14	YAO_TEMPORAL_RESPONSE_TO_PROGESTERONE_CLUSTER_14		128	-0.23476447	-1.1746947	0.12012012	0.5369148	1.0	4383	tags=35%, list=29%, signal=49%	
HADDAD_T_LYMPHOCYTE_AND_NK_PROGENITOR_UP	HADDAD_T_LYMPHOCYTE_AND_NK_PROGENITOR_UP		70	-0.26131645	-1.1736364	0.18508998	0.53916764	1.0	1667	tags=19%, list=11%, signal=21%	
HOLLEMAN_ASPARAGINASE_RESISTANCE_ALL_DN	HOLLEMAN_ASPARAGINASE_RESISTANCE_ALL_DN		23	-0.3494397	-1.1730689	0.23310024	0.5401439	1.0	2862	tags=35%, list=19%, signal=43%	
REACTOME_AMYLOID_FIBER_FORMATION	REACTOME_AMYLOID_FIBER_FORMATION		72	-0.26036945	-1.1715527	0.18324608	0.54370147	1.0	3410	tags=31%, list=23%, signal=39%	
PRAMOONJAGO_SOX4_TARGETS_DN	PRAMOONJAGO_SOX4_TARGETS_DN		44	-0.29145178	-1.1706636	0.19059406	0.5454955	1.0	998	tags=16%, list=7%, signal=17%	
KYNG_WERNER_SYNDROM_DN	KYNG_WERNER_SYNDROM_DN		16	-0.3797255	-1.1704282	0.23093683	0.5455287	1.0	2346	tags=25%, list=16%, signal=30%	
IKEDA_MIR133_TARGETS_UP	IKEDA_MIR133_TARGETS_UP		40	-0.30222595	-1.170201	0.20714286	0.5454998	1.0	3786	tags=30%, list=25%, signal=40%	
KEGG_FC_EPSILON_RI_SIGNALING_PATHWAY	KEGG_FC_EPSILON_RI_SIGNALING_PATHWAY		60	-0.2728434	-1.1700628	0.20209974	0.54522836	1.0	931	tags=12%, list=6%, signal=12%	
AZARE_STAT3_TARGETS	AZARE_STAT3_TARGETS		20	-0.35895458	-1.1696029	0.24361949	0.545853	1.0	3843	tags=40%, list=25%, signal=54%	
REACTOME_AUTOPHAGY	REACTOME_AUTOPHAGY		140	-0.23230968	-1.1693197	0.13333334	0.54601	1.0	4494	tags=36%, list=30%, signal=50%	
WP_PDGF_PATHWAY	WP_PDGF_PATHWAY		35	-0.3107335	-1.1692897	0.23303168	0.5454178	1.0	3742	tags=37%, list=25%, signal=49%	
REACTOME_PI_3K_CASCADE_FGFR1	REACTOME_PI_3K_CASCADE_FGFR1		17	-0.37799647	-1.1688701	0.24235807	0.5459464	1.0	2925	tags=35%, list=19%, signal=44%	
WP_SPHINGOLIPID_METABOLISM_INTEGRATED_PATHWAY	WP_SPHINGOLIPID_METABOLISM_INTEGRATED_PATHWAY		21	-0.35521773	-1.168837	0.25586855	0.54535824	1.0	2346	tags=29%, list=16%, signal=34%	
WP_ERK_PATHWAY_IN_HUNTINGTONS_DISEASE	WP_ERK_PATHWAY_IN_HUNTINGTONS_DISEASE		16	-0.3788426	-1.1686617	0.23515981	0.54519355	1.0	3742	tags=50%, list=25%, signal=66%	
WP_MAPK_SIGNALING_AND_ARTD_FAMILY_MEMBERS	WP_MAPK_SIGNALING_AND_ARTD_FAMILY_MEMBERS		26	-0.33080858	-1.1681879	0.2370892	0.54587865	1.0	931	tags=23%, list=6%, signal=25%	
BIOCARTA_BARRESTIN_SRC_PATHWAY	BIOCARTA_BARRESTIN_SRC_PATHWAY		16	-0.3751841	-1.1678951	0.22850679	0.54600996	1.0	3742	tags=44%, list=25%, signal=58%	
MARTENS_BOUND_BY_PML_RARA_FUSION	MARTENS_BOUND_BY_PML_RARA_FUSION		390	-0.20285742	-1.1676642	0.06882591	0.5459843	1.0	2750	tags=22%, list=18%, signal=27%	
REACTOME_G_PROTEIN_ACTIVATION	REACTOME_G_PROTEIN_ACTIVATION		22	-0.34780872	-1.167095	0.22794117	0.54691184	1.0	1773	tags=32%, list=12%, signal=36%	
WU_HBX_TARGETS_1_DN	WU_HBX_TARGETS_1_DN		21	-0.345078	-1.16589	0.21700224	0.54950714	1.0	1288	tags=19%, list=9%, signal=21%	
ZHANG_RESPONSE_TO_CANTHARIDIN_DN	ZHANG_RESPONSE_TO_CANTHARIDIN_DN		62	-0.26655674	-1.1658635	0.18581907	0.548902	1.0	1294	tags=15%, list=9%, signal=16%	
REACTOME_TRNA_MODIFICATION_IN_THE_NUCLEUS_AND_CYTOSOL	REACTOME_TRNA_MODIFICATION_IN_THE_NUCLEUS_AND_CYTOSOL		43	-0.294107	-1.1657526	0.21609196	0.54854894	1.0	4868	tags=37%, list=32%, signal=55%	
REACTOME_GLUCAGON_LIKE_PEPTIDE_1_GLP1_REGULATES_INSULIN_SECRETION	REACTOME_GLUCAGON_LIKE_PEPTIDE_1_GLP1_REGULATES_INSULIN_SECRETION		36	-0.30405065	-1.1656051	0.21797752	0.54830426	1.0	1574	tags=22%, list=10%, signal=25%	
BIOCARTA_TNFR1_PATHWAY	BIOCARTA_TNFR1_PATHWAY		24	-0.34352887	-1.1655223	0.25688073	0.5478711	1.0	1205	tags=25%, list=8%, signal=27%	
WP_HDAC6_INTERACTIONS_IN_THE_CENTRAL_NERVOUS_SYSTEM	WP_HDAC6_INTERACTIONS_IN_THE_CENTRAL_NERVOUS_SYSTEM		100	-0.2478732	-1.1652088	0.17460318	0.5480261	1.0	2623	tags=22%, list=17%, signal=26%	
JEPSEN_SMRT_TARGETS	JEPSEN_SMRT_TARGETS		32	-0.31012803	-1.1650145	0.23529412	0.5478937	1.0	2855	tags=31%, list=19%, signal=38%	
REACTOME_N_GLYCAN_TRIMMING_IN_THE_ER_AND_CALNEXIN_CALRETICULIN_CYCLE	REACTOME_N_GLYCAN_TRIMMING_IN_THE_ER_AND_CALNEXIN_CALRETICULIN_CYCLE		31	-0.31393963	-1.1640685	0.22330096	0.5498323	1.0	3392	tags=29%, list=22%, signal=37%	
BIOCARTA_INSULIN_PATHWAY	BIOCARTA_INSULIN_PATHWAY		18	-0.36428654	-1.1625196	0.25641027	0.5535592	1.0	4155	tags=44%, list=27%, signal=61%	
WP_FOLLICLE_STIMULATING_HORMONE_FSH_SIGNALING	WP_FOLLICLE_STIMULATING_HORMONE_FSH_SIGNALING		20	-0.3561154	-1.1624036	0.2600473	0.553227	1.0	4713	tags=50%, list=31%, signal=73%	
PULVER_FOREY_CELLCYCLE_ENRICHED_TFS_G1_S	PULVER_FOREY_CELLCYCLE_ENRICHED_TFS_G1_S		43	-0.2895586	-1.1623538	0.21463415	0.55270684	1.0	4190	tags=44%, list=28%, signal=61%	
WP_IL2_SIGNALING	WP_IL2_SIGNALING		35	-0.30942062	-1.1622106	0.24263039	0.55240417	1.0	1294	tags=23%, list=9%, signal=25%	
REACTOME_GAB1_SIGNALOSOME	REACTOME_GAB1_SIGNALOSOME		17	-0.3699762	-1.1617037	0.27173913	0.5531889	1.0	2536	tags=29%, list=17%, signal=35%	
ALFANO_MYC_TARGETS	ALFANO_MYC_TARGETS		218	-0.21852578	-1.160814	0.122257054	0.55493385	1.0	2563	tags=22%, list=17%, signal=26%	
KEGG_MEDICUS_REFERENCE_EGF_ERBB2_RAS_ERK_SIGNALING_PATHWAY	KEGG_MEDICUS_REFERENCE_EGF_ERBB2_RAS_ERK_SIGNALING_PATHWAY		16	-0.37567613	-1.1604795	0.26157406	0.55523646	1.0	3799	tags=44%, list=25%, signal=58%	
SAKAI_TUMOR_INFILTRATING_MONOCYTES_UP	SAKAI_TUMOR_INFILTRATING_MONOCYTES_UP		25	-0.3375797	-1.1599083	0.24940617	0.5561377	1.0	1269	tags=28%, list=8%, signal=31%	
REACTOME_SYNTHESIS_OF_GLYCOSYLPHOSPHATIDYLINOSITOL_GPI	REACTOME_SYNTHESIS_OF_GLYCOSYLPHOSPHATIDYLINOSITOL_GPI		16	-0.38003394	-1.1598244	0.25	0.5556772	1.0	1903	tags=31%, list=13%, signal=36%	
REACTOME_EPIGENETIC_REGULATION_BY_WDR5_CONTAINING_HISTONE_MODIFYING_COMPLEXES	REACTOME_EPIGENETIC_REGULATION_BY_WDR5_CONTAINING_HISTONE_MODIFYING_COMPLEXES		128	-0.23531395	-1.159703	0.14942528	0.5553549	1.0	2986	tags=23%, list=20%, signal=29%	
BONOME_OVARIAN_CANCER_POOR_SURVIVAL_UP	BONOME_OVARIAN_CANCER_POOR_SURVIVAL_UP		27	-0.33234587	-1.1596841	0.2523148	0.55474484	1.0	4355	tags=48%, list=29%, signal=68%	
NIKOLSKY_BREAST_CANCER_5P15_AMPLICON	NIKOLSKY_BREAST_CANCER_5P15_AMPLICON		19	-0.3598116	-1.1596379	0.27209303	0.5542135	1.0	1301	tags=26%, list=9%, signal=29%	
REACTOME_TNFR1_INDUCED_NF_KAPPA_B_SIGNALING_PATHWAY	REACTOME_TNFR1_INDUCED_NF_KAPPA_B_SIGNALING_PATHWAY		29	-0.31916818	-1.1588789	0.22272727	0.5557458	1.0	2792	tags=31%, list=18%, signal=38%	
REACTOME_P75NTR_SIGNALS_VIA_NF_KB	REACTOME_P75NTR_SIGNALS_VIA_NF_KB		15	-0.37813497	-1.1583189	0.26419213	0.55660945	1.0	4762	tags=53%, list=32%, signal=78%	
ASTON_MAJOR_DEPRESSIVE_DISORDER_UP	ASTON_MAJOR_DEPRESSIVE_DISORDER_UP		39	-0.2965809	-1.1581051	0.21497585	0.5565593	1.0	1652	tags=21%, list=11%, signal=23%	
WP_HISTONE_MODIFICATIONS	WP_HISTONE_MODIFICATIONS		49	-0.27735084	-1.1575552	0.2253886	0.5573933	1.0	4850	tags=43%, list=32%, signal=63%	
PID_S1P_META_PATHWAY	PID_S1P_META_PATHWAY		17	-0.37343365	-1.1574602	0.27789935	0.55697036	1.0	1402	tags=24%, list=9%, signal=26%	
REACTOME_RAC2_GTPASE_CYCLE	REACTOME_RAC2_GTPASE_CYCLE		82	-0.24859074	-1.1566098	0.1875	0.5587223	1.0	1676	tags=16%, list=11%, signal=18%	
WP_THYROID_STIMULATING_HORMONE_TSH_SIGNALING	WP_THYROID_STIMULATING_HORMONE_TSH_SIGNALING		50	-0.28197512	-1.1561077	0.21596244	0.5594149	1.0	3119	tags=28%, list=21%, signal=35%	
CAIRO_HEPATOBLASTOMA_UP	CAIRO_HEPATOBLASTOMA_UP		192	-0.22264448	-1.1553081	0.13125	0.5609786	1.0	3658	tags=30%, list=24%, signal=39%	
FIRESTEIN_CTNNB1_PATHWAY	FIRESTEIN_CTNNB1_PATHWAY		29	-0.31785566	-1.1552647	0.24367817	0.56043655	1.0	3435	tags=34%, list=23%, signal=45%	
SHEPARD_CRASH_AND_BURN_MUTANT_UP	SHEPARD_CRASH_AND_BURN_MUTANT_UP		182	-0.22044916	-1.155238	0.12578617	0.5598362	1.0	3565	tags=32%, list=24%, signal=41%	
WP_TYPE_II_DIABETES_MELLITUS	WP_TYPE_II_DIABETES_MELLITUS		17	-0.37547702	-1.1540709	0.2764045	0.56258416	1.0	931	tags=18%, list=6%, signal=19%	
MOHANKUMAR_HOXA1_TARGETS_UP	MOHANKUMAR_HOXA1_TARGETS_UP		373	-0.20176573	-1.1539534	0.08856089	0.56224644	1.0	2496	tags=19%, list=17%, signal=22%	
DAZARD_UV_RESPONSE_CLUSTER_G4	DAZARD_UV_RESPONSE_CLUSTER_G4		16	-0.37845606	-1.1538045	0.27088037	0.5619834	1.0	3045	tags=31%, list=20%, signal=39%	
WP_SMALL_CELL_LUNG_CANCER	WP_SMALL_CELL_LUNG_CANCER		79	-0.25145948	-1.1536636	0.17766498	0.561699	1.0	1889	tags=19%, list=13%, signal=22%	
REACTOME_SIGNALING_BY_FGFR3	REACTOME_SIGNALING_BY_FGFR3		36	-0.29560706	-1.1521733	0.23474178	0.56534505	1.0	2925	tags=28%, list=19%, signal=34%	
SHEPARD_BMYB_TARGETS	SHEPARD_BMYB_TARGETS		70	-0.26162368	-1.1520878	0.1969697	0.56490254	1.0	3215	tags=24%, list=21%, signal=31%	
MOREAUX_MULTIPLE_MYELOMA_BY_TACI_UP	MOREAUX_MULTIPLE_MYELOMA_BY_TACI_UP		288	-0.20787296	-1.152065	0.09271523	0.5642929	1.0	2598	tags=24%, list=17%, signal=29%	
WP_13Q1212_COPY_NUMBER_VARIATION	WP_13Q1212_COPY_NUMBER_VARIATION		27	-0.33352724	-1.1514932	0.26931566	0.56523985	1.0	3106	tags=41%, list=21%, signal=51%	
REACTOME_TP53_REGULATES_TRANSCRIPTION_OF_ADDITIONAL_CELL_CYCLE_GENES_WHOSE_EXACT_ROLE_IN_THE_P53_PATHWAY_REMAIN_UNCERTAIN	REACTOME_TP53_REGULATES_TRANSCRIPTION_OF_ADDITIONAL_CELL_CYCLE_GENES_WHOSE_EXACT_ROLE_IN_THE_P53_PATHWAY_REMAIN_UNCERTAIN		18	-0.35945228	-1.1511109	0.22939867	0.5656462	1.0	491	tags=17%, list=3%, signal=17%	
WP_PERTURBATIONS_TO_HOSTCELL_AUTOPHAGY_INDUCED_BY_SARSCOV2_PROTEINS	WP_PERTURBATIONS_TO_HOSTCELL_AUTOPHAGY_INDUCED_BY_SARSCOV2_PROTEINS		40	-0.29756612	-1.1508056	0.22969837	0.56579536	1.0	4494	tags=40%, list=30%, signal=57%	
CHEN_NEUROBLASTOMA_COPY_NUMBER_GAINS	CHEN_NEUROBLASTOMA_COPY_NUMBER_GAINS		45	-0.28960443	-1.1505208	0.2133995	0.5659636	1.0	3553	tags=36%, list=24%, signal=46%	
MARTORIATI_MDM4_TARGETS_NEUROEPITHELIUM_DN	MARTORIATI_MDM4_TARGETS_NEUROEPITHELIUM_DN		143	-0.23030038	-1.1503963	0.17789757	0.5656227	1.0	3606	tags=34%, list=24%, signal=44%	
BRUINS_UVC_RESPONSE_EARLY_LATE	BRUINS_UVC_RESPONSE_EARLY_LATE		277	-0.20513368	-1.1496674	0.10273973	0.56705695	1.0	2231	tags=17%, list=15%, signal=20%	
ZHOU_INFLAMMATORY_RESPONSE_LIVE_DN	ZHOU_INFLAMMATORY_RESPONSE_LIVE_DN		326	-0.20705514	-1.1487284	0.10069445	0.5690978	1.0	2414	tags=21%, list=16%, signal=25%	
REACTOME_PARASITE_INFECTION	REACTOME_PARASITE_INFECTION		55	-0.27207035	-1.1486388	0.21052632	0.5687033	1.0	1041	tags=13%, list=7%, signal=14%	
FRASOR_RESPONSE_TO_ESTRADIOL_UP	FRASOR_RESPONSE_TO_ESTRADIOL_UP		29	-0.31506157	-1.1485026	0.24299066	0.5684096	1.0	3733	tags=38%, list=25%, signal=50%	
ZHU_SKIL_TARGETS_UP	ZHU_SKIL_TARGETS_UP		19	-0.3616098	-1.1484269	0.2706935	0.56795233	1.0	2713	tags=37%, list=18%, signal=45%	
WP_BREAST_CANCER_PATHWAY	WP_BREAST_CANCER_PATHWAY		132	-0.23212528	-1.1479814	0.19283746	0.56852865	1.0	4340	tags=36%, list=29%, signal=51%	
WP_NONSMALL_CELL_LUNG_CANCER	WP_NONSMALL_CELL_LUNG_CANCER		61	-0.26707557	-1.1471479	0.22580644	0.5703232	1.0	3854	tags=36%, list=26%, signal=48%	
REACTOME_FORMATION_OF_THE_EMBRYONIC_STEM_CELL_BAF_ESBAF_COMPLEX	REACTOME_FORMATION_OF_THE_EMBRYONIC_STEM_CELL_BAF_ESBAF_COMPLEX		17	-0.37130988	-1.1459544	0.26552463	0.57316226	1.0	1477	tags=24%, list=10%, signal=26%	
PANGAS_TUMOR_SUPPRESSION_BY_SMAD1_AND_SMAD5_DN	PANGAS_TUMOR_SUPPRESSION_BY_SMAD1_AND_SMAD5_DN		125	-0.23146231	-1.1452819	0.16034986	0.5744274	1.0	2802	tags=24%, list=19%, signal=29%	
MCBRYAN_PUBERTAL_BREAST_6_7WK_UP	MCBRYAN_PUBERTAL_BREAST_6_7WK_UP		163	-0.21924762	-1.1451203	0.16358025	0.5742503	1.0	2203	tags=20%, list=15%, signal=23%	
REACTOME_RUNX1_REGULATES_GENES_INVOLVED_IN_MEGAKARYOCYTE_DIFFERENTIATION_AND_PLATELET_FUNCTION	REACTOME_RUNX1_REGULATES_GENES_INVOLVED_IN_MEGAKARYOCYTE_DIFFERENTIATION_AND_PLATELET_FUNCTION		63	-0.26516226	-1.1450651	0.21558441	0.57373154	1.0	3510	tags=32%, list=23%, signal=41%	
KEGG_MEDICUS_REFERENCE_CXCR_GNB_G_PI3K_AKT_SIGNALING_PATHWAY	KEGG_MEDICUS_REFERENCE_CXCR_GNB_G_PI3K_AKT_SIGNALING_PATHWAY		21	-0.34707236	-1.1449238	0.2716895	0.5734926	1.0	1574	tags=29%, list=10%, signal=32%	
HOLLEMAN_VINCRISTINE_RESISTANCE_B_ALL_UP	HOLLEMAN_VINCRISTINE_RESISTANCE_B_ALL_UP		36	-0.30363554	-1.1446528	0.26303855	0.5735572	1.0	3925	tags=42%, list=26%, signal=56%	
FIGAROL_EGFR_TKI_DRUG_TOLERANT_CELL_UP	FIGAROL_EGFR_TKI_DRUG_TOLERANT_CELL_UP		191	-0.21795152	-1.1444865	0.14376996	0.57334864	1.0	2552	tags=24%, list=17%, signal=29%	
REACTOME_SYNTHESIS_OF_PIPS_AT_THE_PLASMA_MEMBRANE	REACTOME_SYNTHESIS_OF_PIPS_AT_THE_PLASMA_MEMBRANE		44	-0.29021996	-1.1442336	0.25245097	0.57337266	1.0	3592	tags=27%, list=24%, signal=36%	
KEGG_MEDICUS_PATHOGEN_KSHV_VGPCR_TO_GNB_G_PI3K_AKT_SIGNALING_PATHWAY	KEGG_MEDICUS_PATHOGEN_KSHV_VGPCR_TO_GNB_G_PI3K_AKT_SIGNALING_PATHWAY		21	-0.34707236	-1.1434159	0.27293578	0.5750814	1.0	1574	tags=29%, list=10%, signal=32%	
MORI_IMMATURE_B_LYMPHOCYTE_UP	MORI_IMMATURE_B_LYMPHOCYTE_UP		41	-0.2856149	-1.1427772	0.23459716	0.5763328	1.0	1936	tags=24%, list=13%, signal=28%	
REACTOME_NEGATIVE_REGULATION_OF_THE_PI3K_AKT_NETWORK	REACTOME_NEGATIVE_REGULATION_OF_THE_PI3K_AKT_NETWORK		99	-0.24080044	-1.1426882	0.18134715	0.5759198	1.0	2925	tags=24%, list=19%, signal=30%	
PULVER_FOREY_PERTURB_ACCUMULATION_G2_M	PULVER_FOREY_PERTURB_ACCUMULATION_G2_M		431	-0.19730397	-1.1424768	0.07633588	0.57581735	1.0	2423	tags=18%, list=16%, signal=21%	
REACTOME_BUDDING_AND_MATURATION_OF_HIV_VIRION	REACTOME_BUDDING_AND_MATURATION_OF_HIV_VIRION		26	-0.32480526	-1.141611	0.2799097	0.57767445	1.0	3816	tags=38%, list=25%, signal=51%	
JINESH_BLEBBISHIELD_TRANSFORMED_STEM_CELL_SPHERES_DN	JINESH_BLEBBISHIELD_TRANSFORMED_STEM_CELL_SPHERES_DN		224	-0.21032973	-1.1415179	0.14603175	0.57725316	1.0	4082	tags=35%, list=27%, signal=48%	
HELLER_HDAC_TARGETS_UP	HELLER_HDAC_TARGETS_UP		277	-0.20577565	-1.1414977	0.125	0.5766337	1.0	3664	tags=31%, list=24%, signal=40%	
BROWNE_HCMV_INFECTION_20HR_UP	BROWNE_HCMV_INFECTION_20HR_UP		211	-0.21437933	-1.1412706	0.15	0.5765771	1.0	3546	tags=27%, list=23%, signal=35%	
REACTOME_SYNTHESIS_OF_SUBSTRATES_IN_N_GLYCAN_BIOSYTHESIS	REACTOME_SYNTHESIS_OF_SUBSTRATES_IN_N_GLYCAN_BIOSYTHESIS		58	-0.2656291	-1.1409693	0.23308271	0.5767838	1.0	3190	tags=26%, list=21%, signal=33%	
REACTOME_ASPARAGINE_N_LINKED_GLYCOSYLATION	REACTOME_ASPARAGINE_N_LINKED_GLYCOSYLATION		277	-0.20809872	-1.1408572	0.12847222	0.57646567	1.0	3580	tags=26%, list=24%, signal=33%	
KEGG_MEDICUS_REFERENCE_TRANSCRIPTION_COUPLED_NER	KEGG_MEDICUS_REFERENCE_TRANSCRIPTION_COUPLED_NER		30	-0.31872714	-1.1405143	0.25345623	0.57683295	1.0	415	tags=10%, list=3%, signal=10%	
WP_EUKARYOTIC_TRANSCRIPTION_INITIATION	WP_EUKARYOTIC_TRANSCRIPTION_INITIATION		41	-0.29283357	-1.1400975	0.24257426	0.57736784	1.0	2087	tags=20%, list=14%, signal=23%	
PID_SYNDECAN_2_PATHWAY	PID_SYNDECAN_2_PATHWAY		30	-0.3153656	-1.1398678	0.24886878	0.5773738	1.0	2536	tags=27%, list=17%, signal=32%	
REACTOME_TRANSCRIPTIONAL_ACTIVITY_OF_SMAD2_SMAD3_SMAD4_HETEROTRIMER	REACTOME_TRANSCRIPTIONAL_ACTIVITY_OF_SMAD2_SMAD3_SMAD4_HETEROTRIMER		44	-0.2870415	-1.1397035	0.2642857	0.5772005	1.0	2026	tags=23%, list=13%, signal=26%	
REACTOME_RHOBTB1_GTPASE_CYCLE	REACTOME_RHOBTB1_GTPASE_CYCLE		21	-0.33888775	-1.1395723	0.2866242	0.57692045	1.0	4208	tags=38%, list=28%, signal=53%	
IVANOVA_HEMATOPOIESIS_INTERMEDIATE_PROGENITOR	IVANOVA_HEMATOPOIESIS_INTERMEDIATE_PROGENITOR		123	-0.23304224	-1.1394536	0.1898017	0.5766073	1.0	3506	tags=28%, list=23%, signal=37%	
KEGG_MEDICUS_REFERENCE_CD80_CD86_CTLA4_PP2A_SIGNALING_PATHWAY	KEGG_MEDICUS_REFERENCE_CD80_CD86_CTLA4_PP2A_SIGNALING_PATHWAY		18	-0.37055707	-1.1382829	0.29157177	0.5794106	1.0	4363	tags=56%, list=29%, signal=78%	
PID_RAC1_PATHWAY	PID_RAC1_PATHWAY		45	-0.28052276	-1.1380126	0.25641027	0.5795652	1.0	2715	tags=24%, list=18%, signal=30%	
REACTOME_LATE_SARS_COV_2_INFECTION_EVENTS	REACTOME_LATE_SARS_COV_2_INFECTION_EVENTS		66	-0.26220897	-1.1378722	0.24570024	0.57931703	1.0	2623	tags=24%, list=17%, signal=29%	
VANHARANTA_UTERINE_FIBROID_UP	VANHARANTA_UTERINE_FIBROID_UP		40	-0.2898315	-1.1377484	0.24	0.5790166	1.0	4949	tags=52%, list=33%, signal=78%	
KEGG_MEDICUS_VARIANT_MUTATION_CAUSED_ABERRANT_HTT_TO_MGLUR5_CA2_APOPTOTIC_PATHWAY	KEGG_MEDICUS_VARIANT_MUTATION_CAUSED_ABERRANT_HTT_TO_MGLUR5_CA2_APOPTOTIC_PATHWAY		19	-0.35543376	-1.13757	0.28636363	0.578841	1.0	1693	tags=21%, list=11%, signal=24%	
UDAYAKUMAR_MED1_TARGETS_UP	UDAYAKUMAR_MED1_TARGETS_UP		125	-0.23473051	-1.1373247	0.19407009	0.57888937	1.0	3193	tags=30%, list=21%, signal=37%	
KEGG_NOTCH_SIGNALING_PATHWAY	KEGG_NOTCH_SIGNALING_PATHWAY		39	-0.29344392	-1.1364338	0.2361111	0.58086044	1.0	3298	tags=33%, list=22%, signal=43%	
REACTOME_TCF_DEPENDENT_SIGNALING_IN_RESPONSE_TO_WNT	REACTOME_TCF_DEPENDENT_SIGNALING_IN_RESPONSE_TO_WNT		173	-0.21967411	-1.1362653	0.1687898	0.5806662	1.0	3864	tags=31%, list=26%, signal=41%	
REACTOME_FOXO_MEDIATED_TRANSCRIPTION	REACTOME_FOXO_MEDIATED_TRANSCRIPTION		49	-0.2773975	-1.1357956	0.25768322	0.581442	1.0	3348	tags=35%, list=22%, signal=44%	
REACTOME_FCGAMMA_RECEPTOR_FCGR_DEPENDENT_PHAGOCYTOSIS	REACTOME_FCGAMMA_RECEPTOR_FCGR_DEPENDENT_PHAGOCYTOSIS		77	-0.2527661	-1.1356672	0.2150259	0.5811537	1.0	1041	tags=12%, list=7%, signal=12%	
KEGG_ENDOCYTOSIS	KEGG_ENDOCYTOSIS		161	-0.22008882	-1.1354698	0.15492958	0.58109635	1.0	2702	tags=26%, list=18%, signal=31%	
WP_EMBRYONIC_STEM_CELL_PLURIPOTENCY_PATHWAYS	WP_EMBRYONIC_STEM_CELL_PLURIPOTENCY_PATHWAYS		97	-0.23861198	-1.134594	0.21052632	0.5829817	1.0	3799	tags=32%, list=25%, signal=42%	
FONTAINE_FOLLICULAR_THYROID_ADENOMA_DN	FONTAINE_FOLLICULAR_THYROID_ADENOMA_DN		62	-0.2661856	-1.1344581	0.22556391	0.5826944	1.0	2854	tags=27%, list=19%, signal=34%	
BIOCARTA_BIOPEPTIDES_PATHWAY	BIOCARTA_BIOPEPTIDES_PATHWAY		24	-0.3318535	-1.1331185	0.27437642	0.58575153	1.0	1207	tags=21%, list=8%, signal=23%	
REACTOME_RND2_GTPASE_CYCLE	REACTOME_RND2_GTPASE_CYCLE		37	-0.29455906	-1.1329262	0.24257426	0.5856276	1.0	4705	tags=35%, list=31%, signal=51%	
NIKOLSKY_BREAST_CANCER_8P12_P11_AMPLICON	NIKOLSKY_BREAST_CANCER_8P12_P11_AMPLICON		43	-0.2792518	-1.1327573	0.24938875	0.58550364	1.0	4761	tags=44%, list=32%, signal=64%	
KEGG_MEDICUS_REFERENCE_ACTH_CORTISOL_SIGNALING_PATHWAY	KEGG_MEDICUS_REFERENCE_ACTH_CORTISOL_SIGNALING_PATHWAY		25	-0.32609782	-1.132611	0.2917647	0.5852799	1.0	4344	tags=44%, list=29%, signal=62%	
PID_MYC_PATHWAY	PID_MYC_PATHWAY		21	-0.34179023	-1.1320764	0.2860412	0.58621186	1.0	2623	tags=33%, list=17%, signal=40%	
REACTOME_DEFECTIVE_B4GALT7_CAUSES_EDS_PROGEROID_TYPE	REACTOME_DEFECTIVE_B4GALT7_CAUSES_EDS_PROGEROID_TYPE		17	-0.3662503	-1.1315103	0.28764045	0.5871966	1.0	1164	tags=29%, list=8%, signal=32%	
LUI_THYROID_CANCER_CLUSTER_1	LUI_THYROID_CANCER_CLUSTER_1		47	-0.27829728	-1.1307434	0.235012	0.58882725	1.0	1706	tags=23%, list=11%, signal=26%	
WP_RETT_SYNDROME	WP_RETT_SYNDROME		37	-0.29461426	-1.129309	0.24355972	0.592343	1.0	4442	tags=38%, list=29%, signal=53%	
BOYAULT_LIVER_CANCER_SUBCLASS_G1_UP	BOYAULT_LIVER_CANCER_SUBCLASS_G1_UP		103	-0.236513	-1.1287576	0.19895288	0.59333456	1.0	1391	tags=16%, list=9%, signal=17%	
WP_AMPK_REGULATION_OF_MAMMARY_MILK_PROTEIN_SYNTHESIS	WP_AMPK_REGULATION_OF_MAMMARY_MILK_PROTEIN_SYNTHESIS		15	-0.37574163	-1.1284343	0.28348213	0.5936248	1.0	5266	tags=47%, list=35%, signal=72%	
BIOCARTA_PTDINS_PATHWAY	BIOCARTA_PTDINS_PATHWAY		21	-0.34585708	-1.128377	0.28663793	0.59310985	1.0	2623	tags=24%, list=17%, signal=29%	
REACTOME_ASSOCIATION_OF_TRIC_CCT_WITH_TARGET_PROTEINS_DURING_BIOSYNTHESIS	REACTOME_ASSOCIATION_OF_TRIC_CCT_WITH_TARGET_PROTEINS_DURING_BIOSYNTHESIS		37	-0.29418877	-1.127852	0.26229507	0.59400946	1.0	3739	tags=32%, list=25%, signal=43%	
YAGI_AML_SURVIVAL	YAGI_AML_SURVIVAL		101	-0.23654036	-1.1274325	0.19086021	0.5945991	1.0	3543	tags=30%, list=23%, signal=39%	
BIOCARTA_RACCYCD_PATHWAY	BIOCARTA_RACCYCD_PATHWAY		23	-0.32469392	-1.1262919	0.28965518	0.59734017	1.0	4918	tags=43%, list=33%, signal=64%	
REACTOME_MAPK_FAMILY_SIGNALING_CASCADES	REACTOME_MAPK_FAMILY_SIGNALING_CASCADES		263	-0.20445706	-1.1259935	0.15384616	0.5975303	1.0	2612	tags=20%, list=17%, signal=24%	
TONG_INTERACT_WITH_PTTG1	TONG_INTERACT_WITH_PTTG1		52	-0.27081794	-1.1254791	0.23227383	0.59841204	1.0	3205	tags=31%, list=21%, signal=39%	
MAGRANGEAS_MULTIPLE_MYELOMA_IGLL_VS_IGLK_DN	MAGRANGEAS_MULTIPLE_MYELOMA_IGLL_VS_IGLK_DN		22	-0.33732572	-1.1247504	0.2609756	0.5999835	1.0	1330	tags=18%, list=9%, signal=20%	
DACOSTA_UV_RESPONSE_VIA_ERCC3_UP	DACOSTA_UV_RESPONSE_VIA_ERCC3_UP		277	-0.20264791	-1.1245886	0.15625	0.5997629	1.0	3008	tags=24%, list=20%, signal=29%	
HELLER_HDAC_TARGETS_DN	HELLER_HDAC_TARGETS_DN		247	-0.20620766	-1.1243763	0.18411553	0.5997175	1.0	2427	tags=21%, list=16%, signal=25%	
REACTOME_MISCELLANEOUS_TRANSPORT_AND_BINDING_EVENTS	REACTOME_MISCELLANEOUS_TRANSPORT_AND_BINDING_EVENTS		23	-0.32501578	-1.1235781	0.28873238	0.60149384	1.0	4015	tags=43%, list=27%, signal=59%	
ZHANG_TARGETS_OF_EWSR1_FLI1_FUSION	ZHANG_TARGETS_OF_EWSR1_FLI1_FUSION		76	-0.24771905	-1.123379	0.21428572	0.601379	1.0	2346	tags=24%, list=16%, signal=28%	
REACTOME_INTRACELLULAR_SIGNALING_BY_SECOND_MESSENGERS	REACTOME_INTRACELLULAR_SIGNALING_BY_SECOND_MESSENGERS		258	-0.20738727	-1.1226704	0.13945578	0.6027522	1.0	2925	tags=21%, list=19%, signal=26%	
KEGG_INSULIN_SIGNALING_PATHWAY	KEGG_INSULIN_SIGNALING_PATHWAY		112	-0.23123492	-1.1226319	0.20980926	0.602207	1.0	1167	tags=13%, list=8%, signal=13%	
TARTE_PLASMA_CELL_VS_B_LYMPHOCYTE_UP	TARTE_PLASMA_CELL_VS_B_LYMPHOCYTE_UP		67	-0.25479493	-1.1223453	0.25062656	0.6024253	1.0	4272	tags=34%, list=28%, signal=48%	
REACTOME_NONHOMOLOGOUS_END_JOINING_NHEJ	REACTOME_NONHOMOLOGOUS_END_JOINING_NHEJ		51	-0.27262017	-1.1222345	0.27710843	0.60212106	1.0	5224	tags=45%, list=35%, signal=69%	
KEGG_SMALL_CELL_LUNG_CANCER	KEGG_SMALL_CELL_LUNG_CANCER		70	-0.2501576	-1.1221904	0.23759791	0.6016061	1.0	1889	tags=17%, list=13%, signal=20%	
VERRECCHIA_DELAYED_RESPONSE_TO_TGFB1	VERRECCHIA_DELAYED_RESPONSE_TO_TGFB1		34	-0.29490155	-1.1216185	0.29567307	0.6026463	1.0	2592	tags=24%, list=17%, signal=28%	
JOHNSTONE_PARVB_TARGETS_1_DN	JOHNSTONE_PARVB_TARGETS_1_DN		56	-0.2652517	-1.1209174	0.25061426	0.60410714	1.0	329	tags=9%, list=2%, signal=9%	
NIKOLSKY_MUTATED_AND_AMPLIFIED_IN_BREAST_CANCER	NIKOLSKY_MUTATED_AND_AMPLIFIED_IN_BREAST_CANCER		77	-0.2504126	-1.1206279	0.24396135	0.6043601	1.0	4359	tags=38%, list=29%, signal=53%	
MORI_MATURE_B_LYMPHOCYTE_DN	MORI_MATURE_B_LYMPHOCYTE_DN		68	-0.2528783	-1.1200801	0.24619289	0.6053253	1.0	2682	tags=22%, list=18%, signal=27%	
REACTOME_CELLULAR_RESPONSES_TO_MECHANICAL_STIMULI	REACTOME_CELLULAR_RESPONSES_TO_MECHANICAL_STIMULI		84	-0.24705125	-1.1200428	0.23906706	0.60478	1.0	1921	tags=19%, list=13%, signal=22%	
WOTTON_RUNX_TARGETS_UP	WOTTON_RUNX_TARGETS_UP		18	-0.3496582	-1.1200179	0.311804	0.60419524	1.0	2420	tags=33%, list=16%, signal=40%	
REACTOME_PROTEIN_FOLDING	REACTOME_PROTEIN_FOLDING		87	-0.24457435	-1.1198406	0.23641305	0.60407376	1.0	4709	tags=41%, list=31%, signal=60%	
WP_NEURODEGENERATION_WITH_BRAIN_IRON_ACCUMULATION_NBIA_SUBTYPES_PATHWAY	WP_NEURODEGENERATION_WITH_BRAIN_IRON_ACCUMULATION_NBIA_SUBTYPES_PATHWAY		38	-0.29327822	-1.1196922	0.25742576	0.6038728	1.0	1355	tags=21%, list=9%, signal=23%	
REACTOME_DEGRADATION_OF_THE_EXTRACELLULAR_MATRIX	REACTOME_DEGRADATION_OF_THE_EXTRACELLULAR_MATRIX		115	-0.23244666	-1.119597	0.21686748	0.60351896	1.0	1969	tags=22%, list=13%, signal=25%	
ANASTASSIOU_MULTICANCER_INVASIVENESS_SIGNATURE	ANASTASSIOU_MULTICANCER_INVASIVENESS_SIGNATURE		59	-0.26158705	-1.1189078	0.26550868	0.60494494	1.0	4565	tags=39%, list=30%, signal=56%	
WANG_LMO4_TARGETS_DN	WANG_LMO4_TARGETS_DN		310	-0.20080833	-1.1174408	0.14393939	0.6086235	1.0	3335	tags=24%, list=22%, signal=30%	
WP_APOPTOSISRELATED_NETWORK_DUE_TO_ALTERED_NOTCH3_IN_OVARIAN_CANCER	WP_APOPTOSISRELATED_NETWORK_DUE_TO_ALTERED_NOTCH3_IN_OVARIAN_CANCER		47	-0.27007014	-1.1166854	0.26277372	0.6101788	1.0	4684	tags=43%, list=31%, signal=61%	
SESTO_RESPONSE_TO_UV_C0	SESTO_RESPONSE_TO_UV_C0		92	-0.24010499	-1.1166152	0.2339833	0.6097462	1.0	2381	tags=18%, list=16%, signal=22%	
LIN_APC_TARGETS	LIN_APC_TARGETS		61	-0.2610901	-1.1163821	0.24146982	0.60982925	1.0	4108	tags=34%, list=27%, signal=47%	
WP_TARGET_OF_RAPAMYCIN_SIGNALING	WP_TARGET_OF_RAPAMYCIN_SIGNALING		29	-0.3097923	-1.1160636	0.29137528	0.6100781	1.0	4278	tags=38%, list=28%, signal=53%	
SIMBULAN_UV_RESPONSE_IMMORTALIZED_DN	SIMBULAN_UV_RESPONSE_IMMORTALIZED_DN		26	-0.30991605	-1.1152638	0.28978622	0.6117827	1.0	1484	tags=23%, list=10%, signal=26%	
WP_PANCREATIC_ADENOCARCINOMA_PATHWAY	WP_PANCREATIC_ADENOCARCINOMA_PATHWAY		75	-0.25326753	-1.1150783	0.25245097	0.6117249	1.0	4261	tags=40%, list=28%, signal=55%	
BIOCARTA_PDGF_PATHWAY	BIOCARTA_PDGF_PATHWAY		24	-0.3282087	-1.1148607	0.29268292	0.6116923	1.0	3068	tags=33%, list=20%, signal=42%	
PID_NOTCH_PATHWAY	PID_NOTCH_PATHWAY		48	-0.274692	-1.1148568	0.27684963	0.6110511	1.0	2109	tags=23%, list=14%, signal=27%	
KEGG_PRION_DISEASES	KEGG_PRION_DISEASES		25	-0.32619086	-1.1148057	0.28915662	0.6105304	1.0	2307	tags=28%, list=15%, signal=33%	
REACTOME_SNRNP_ASSEMBLY	REACTOME_SNRNP_ASSEMBLY		51	-0.26759636	-1.1140617	0.26903552	0.6121087	1.0	2271	tags=24%, list=15%, signal=28%	
REACTOME_ADORA2B_MEDIATED_ANTI_INFLAMMATORY_CYTOKINES_PRODUCTION	REACTOME_ADORA2B_MEDIATED_ANTI_INFLAMMATORY_CYTOKINES_PRODUCTION		36	-0.29231414	-1.1136607	0.28639618	0.612685	1.0	4344	tags=47%, list=29%, signal=66%	
PULVER_FOREY_CELLCYCLE_PEAKING_M	PULVER_FOREY_CELLCYCLE_PEAKING_M		491	-0.1901843	-1.1130469	0.08450704	0.61384773	1.0	3841	tags=31%, list=25%, signal=40%	
REACTOME_DOWNSTREAM_SIGNALING_OF_ACTIVATED_FGFR4	REACTOME_DOWNSTREAM_SIGNALING_OF_ACTIVATED_FGFR4		23	-0.32443255	-1.1128211	0.3196347	0.6138419	1.0	2925	tags=30%, list=19%, signal=38%	
REACTOME_SIGNALING_BY_TGFB_FAMILY_MEMBERS	REACTOME_SIGNALING_BY_TGFB_FAMILY_MEMBERS		136	-0.22286993	-1.1123993	0.2386059	0.6144457	1.0	3561	tags=29%, list=24%, signal=37%	
KEGG_VIBRIO_CHOLERAE_INFECTION	KEGG_VIBRIO_CHOLERAE_INFECTION		48	-0.27055565	-1.1123691	0.2877698	0.6138894	1.0	4280	tags=40%, list=28%, signal=55%	
BIOCARTA_RAS_PATHWAY	BIOCARTA_RAS_PATHWAY		19	-0.35228243	-1.1114196	0.3031785	0.61610514	1.0	4254	tags=53%, list=28%, signal=73%	
SUBTIL_PROGESTIN_TARGETS	SUBTIL_PROGESTIN_TARGETS		34	-0.2907647	-1.1114041	0.28764045	0.6155074	1.0	2446	tags=24%, list=16%, signal=28%	
BURTON_ADIPOGENESIS_PEAK_AT_8HR	BURTON_ADIPOGENESIS_PEAK_AT_8HR		34	-0.29746568	-1.111288	0.29426435	0.61520815	1.0	429	tags=12%, list=3%, signal=12%	
VANTVEER_BREAST_CANCER_ESR1_UP	VANTVEER_BREAST_CANCER_ESR1_UP		136	-0.2230438	-1.1105314	0.22647059	0.61687475	1.0	2454	tags=24%, list=16%, signal=28%	
GARGALOVIC_RESPONSE_TO_OXIDIZED_PHOSPHOLIPIDS_GREEN_DN	GARGALOVIC_RESPONSE_TO_OXIDIZED_PHOSPHOLIPIDS_GREEN_DN		19	-0.3378768	-1.1105052	0.2923077	0.616325	1.0	377	tags=16%, list=2%, signal=16%	
REACTOME_ATF4_ACTIVATES_GENES_IN_RESPONSE_TO_ENDOPLASMIC_RETICULUM_STRESS	REACTOME_ATF4_ACTIVATES_GENES_IN_RESPONSE_TO_ENDOPLASMIC_RETICULUM_STRESS		23	-0.32225734	-1.1102611	0.29009435	0.6163833	1.0	4459	tags=35%, list=30%, signal=49%	
WP_ENDOCHONDRAL_OSSIFICATION	WP_ENDOCHONDRAL_OSSIFICATION		56	-0.2590083	-1.1101552	0.25247526	0.6160404	1.0	1802	tags=21%, list=12%, signal=24%	
REACTOME_ER_QUALITY_CONTROL_COMPARTMENT_ERQC	REACTOME_ER_QUALITY_CONTROL_COMPARTMENT_ERQC		18	-0.35689208	-1.1099917	0.32949308	0.6159031	1.0	3321	tags=39%, list=22%, signal=50%	
KEGG_MEDICUS_REFERENCE_MITOCHONDRIAL_COMPLEX_UCP1_IN_THERMOGENESIS	KEGG_MEDICUS_REFERENCE_MITOCHONDRIAL_COMPLEX_UCP1_IN_THERMOGENESIS		54	-0.26670828	-1.1098745	0.26142132	0.615586	1.0	4771	tags=37%, list=32%, signal=54%	
HUNSBERGER_EXERCISE_REGULATED_GENES	HUNSBERGER_EXERCISE_REGULATED_GENES		28	-0.3049046	-1.1089036	0.29680365	0.61781913	1.0	2556	tags=32%, list=17%, signal=39%	
PAL_PRMT5_TARGETS_UP	PAL_PRMT5_TARGETS_UP		185	-0.215712	-1.1088194	0.21612903	0.61742276	1.0	4299	tags=32%, list=28%, signal=44%	
WP_CARDIOMYOCYTE_SIGNALING_CONVERGING_ON_TITIN	WP_CARDIOMYOCYTE_SIGNALING_CONVERGING_ON_TITIN		28	-0.30668217	-1.1085732	0.3257403	0.61751056	1.0	3068	tags=32%, list=20%, signal=40%	
KEGG_SPHINGOLIPID_METABOLISM	KEGG_SPHINGOLIPID_METABOLISM		31	-0.30537263	-1.1084406	0.31428573	0.6172595	1.0	2701	tags=26%, list=18%, signal=31%	
KEGG_COLORECTAL_CANCER	KEGG_COLORECTAL_CANCER		47	-0.2703969	-1.1078093	0.26341462	0.6184964	1.0	4255	tags=38%, list=28%, signal=53%	
GARGALOVIC_RESPONSE_TO_OXIDIZED_PHOSPHOLIPIDS_YELLOW_DN	GARGALOVIC_RESPONSE_TO_OXIDIZED_PHOSPHOLIPIDS_YELLOW_DN		20	-0.33572793	-1.1069376	0.33333334	0.6204401	1.0	1824	tags=25%, list=12%, signal=28%	
REACTOME_SIGNALING_BY_NTRK2_TRKB	REACTOME_SIGNALING_BY_NTRK2_TRKB		25	-0.32005164	-1.1060745	0.30684328	0.62241966	1.0	2552	tags=28%, list=17%, signal=34%	
WP_HEART_DEVELOPMENT	WP_HEART_DEVELOPMENT		39	-0.28391334	-1.106026	0.2725061	0.62193304	1.0	2462	tags=23%, list=16%, signal=27%	
PID_CXCR3_PATHWAY	PID_CXCR3_PATHWAY		31	-0.2985257	-1.1048894	0.28798187	0.6247589	1.0	3239	tags=32%, list=21%, signal=41%	
REACTOME_TRNA_PROCESSING	REACTOME_TRNA_PROCESSING		106	-0.23099776	-1.1048605	0.23650385	0.6241916	1.0	2125	tags=17%, list=14%, signal=20%	
REACTOME_RHOD_GTPASE_CYCLE	REACTOME_RHOD_GTPASE_CYCLE		49	-0.26639867	-1.1044042	0.27339903	0.6249907	1.0	1356	tags=14%, list=9%, signal=16%	
REACTOME_SIGNALING_BY_TGFBR3	REACTOME_SIGNALING_BY_TGFBR3		37	-0.28000495	-1.1039968	0.29876542	0.6255853	1.0	1522	tags=19%, list=10%, signal=21%	
KEGG_WNT_SIGNALING_PATHWAY	KEGG_WNT_SIGNALING_PATHWAY		129	-0.22544612	-1.1038305	0.24698795	0.62540704	1.0	2902	tags=26%, list=19%, signal=32%	
REACTOME_RND1_GTPASE_CYCLE	REACTOME_RND1_GTPASE_CYCLE		38	-0.28654644	-1.1033119	0.30855855	0.62639666	1.0	3898	tags=24%, list=26%, signal=32%	
MA_MYELOID_DIFFERENTIATION_UP	MA_MYELOID_DIFFERENTIATION_UP		30	-0.3018988	-1.1030407	0.29683697	0.626586	1.0	2558	tags=23%, list=17%, signal=28%	
REACTOME_HIV_LIFE_CYCLE	REACTOME_HIV_LIFE_CYCLE		139	-0.21973479	-1.1024253	0.22093023	0.6278618	1.0	2423	tags=18%, list=16%, signal=21%	
REACTOME_MYD88_INDEPENDENT_TLR4_CASCADE	REACTOME_MYD88_INDEPENDENT_TLR4_CASCADE		95	-0.23428793	-1.1019288	0.26912928	0.62868494	1.0	3474	tags=32%, list=23%, signal=41%	
BOYLAN_MULTIPLE_MYELOMA_C_D_UP	BOYLAN_MULTIPLE_MYELOMA_C_D_UP		124	-0.22445077	-1.1017773	0.24193548	0.6284739	1.0	2698	tags=23%, list=18%, signal=28%	
WP_HEPATOCYTE_GROWTH_FACTOR_RECEPTOR_SIGNALING	WP_HEPATOCYTE_GROWTH_FACTOR_RECEPTOR_SIGNALING		29	-0.3050655	-1.1016521	0.30769232	0.62824196	1.0	3068	tags=31%, list=20%, signal=39%	
WP_ENDOCHONDRAL_OSSIFICATION_WITH_SKELETAL_DYSPLASIAS	WP_ENDOCHONDRAL_OSSIFICATION_WITH_SKELETAL_DYSPLASIAS		56	-0.2590083	-1.1013643	0.29776675	0.62844396	1.0	1802	tags=21%, list=12%, signal=24%	
KEGG_MEDICUS_REFERENCE_FGF_FGFR_RAS_ERK_SIGNALING_PATHWAY	KEGG_MEDICUS_REFERENCE_FGF_FGFR_RAS_ERK_SIGNALING_PATHWAY		30	-0.3002806	-1.1005512	0.29245284	0.63040096	1.0	4694	tags=43%, list=31%, signal=63%	
JIANG_AGING_CEREBRAL_CORTEX_DN	JIANG_AGING_CEREBRAL_CORTEX_DN		46	-0.27658963	-1.1003112	0.2820513	0.63049	1.0	2908	tags=30%, list=19%, signal=38%	
REACTOME_INWARDLY_RECTIFYING_K_CHANNELS	REACTOME_INWARDLY_RECTIFYING_K_CHANNELS		32	-0.2971218	-1.1001282	0.33090025	0.6304313	1.0	4262	tags=41%, list=28%, signal=56%	
GARGALOVIC_RESPONSE_TO_OXIDIZED_PHOSPHOLIPIDS_BLUE_UP	GARGALOVIC_RESPONSE_TO_OXIDIZED_PHOSPHOLIPIDS_BLUE_UP		123	-0.22180976	-1.0996995	0.20977011	0.6310884	1.0	3647	tags=29%, list=24%, signal=38%	
CHIANG_LIVER_CANCER_SUBCLASS_UNANNOTATED_UP	CHIANG_LIVER_CANCER_SUBCLASS_UNANNOTATED_UP		66	-0.25085858	-1.0988147	0.2923077	0.6330715	1.0	2293	tags=23%, list=15%, signal=27%	
REACTOME_SIGNALING_BY_NOTCH	REACTOME_SIGNALING_BY_NOTCH		185	-0.20784587	-1.0986544	0.24012157	0.632954	1.0	4336	tags=33%, list=29%, signal=46%	
IBRAHIM_NRF1_UP	IBRAHIM_NRF1_UP		389	-0.19384047	-1.098391	0.1610487	0.6331013	1.0	4763	tags=34%, list=32%, signal=49%	
IVANOVA_HEMATOPOIESIS_EARLY_PROGENITOR	IVANOVA_HEMATOPOIESIS_EARLY_PROGENITOR		396	-0.1919693	-1.0982938	0.14126395	0.63275	1.0	3062	tags=23%, list=20%, signal=28%	
WP_IL7_SIGNALING	WP_IL7_SIGNALING		19	-0.33681542	-1.0980637	0.3213483	0.6328147	1.0	1294	tags=21%, list=9%, signal=23%	
REACTOME_KSRP_KHSRP_BINDS_AND_DESTABILIZES_MRNA	REACTOME_KSRP_KHSRP_BINDS_AND_DESTABILIZES_MRNA		15	-0.35382178	-1.097985	0.29054055	0.6324183	1.0	4459	tags=40%, list=30%, signal=57%	
REACTOME_GOLGI_TO_ER_RETROGRADE_TRANSPORT	REACTOME_GOLGI_TO_ER_RETROGRADE_TRANSPORT		117	-0.22529648	-1.0977292	0.24736843	0.6325806	1.0	3127	tags=22%, list=21%, signal=28%	
GLASS_IGF2BP1_CLIP_TARGETS_KNOCKDOWN_DN	GLASS_IGF2BP1_CLIP_TARGETS_KNOCKDOWN_DN		106	-0.22703536	-1.0971509	0.25135136	0.63372016	1.0	4302	tags=30%, list=28%, signal=42%	
WATANABE_ULCERATIVE_COLITIS_WITH_CANCER_UP	WATANABE_ULCERATIVE_COLITIS_WITH_CANCER_UP		18	-0.3387222	-1.0969274	0.2857143	0.63372445	1.0	1652	tags=33%, list=11%, signal=37%	
YAO_TEMPORAL_RESPONSE_TO_PROGESTERONE_CLUSTER_10	YAO_TEMPORAL_RESPONSE_TO_PROGESTERONE_CLUSTER_10		64	-0.25245705	-1.0955884	0.28010473	0.6371794	1.0	5541	tags=50%, list=37%, signal=79%	
REACTOME_FORMATION_OF_THE_BETA_CATENIN_TCF_TRANSACTIVATING_COMPLEX	REACTOME_FORMATION_OF_THE_BETA_CATENIN_TCF_TRANSACTIVATING_COMPLEX		59	-0.2551956	-1.0954788	0.2713568	0.636823	1.0	3510	tags=32%, list=23%, signal=42%	
BLANCO_MELO_INFLUENZA_A_INFECTION_A594_CELLS_DN	BLANCO_MELO_INFLUENZA_A_INFECTION_A594_CELLS_DN		106	-0.23140892	-1.0947475	0.24362606	0.6383456	1.0	1854	tags=19%, list=12%, signal=21%	
WP_THERMOGENESIS	WP_THERMOGENESIS		86	-0.23461206	-1.0938759	0.27272728	0.64024717	1.0	3744	tags=31%, list=25%, signal=41%	
BIOCARTA_ERK_PATHWAY	BIOCARTA_ERK_PATHWAY		23	-0.32259327	-1.0936148	0.3472222	0.64037925	1.0	4534	tags=48%, list=30%, signal=68%	
REACTOME_CELLULAR_SENESCENCE	REACTOME_CELLULAR_SENESCENCE		145	-0.21693563	-1.0935787	0.24	0.6398596	1.0	2642	tags=21%, list=17%, signal=25%	
WP_EFFECTS_OF_MFN2_MUTATION	WP_EFFECTS_OF_MFN2_MUTATION		22	-0.33118916	-1.0935415	0.33100232	0.6393444	1.0	3307	tags=41%, list=22%, signal=52%	
PID_EPHA2_FWD_PATHWAY	PID_EPHA2_FWD_PATHWAY		19	-0.34367305	-1.0928843	0.3176734	0.6407311	1.0	41	tags=11%, list=0%, signal=11%	
ASGHARZADEH_NEUROBLASTOMA_POOR_SURVIVAL_DN	ASGHARZADEH_NEUROBLASTOMA_POOR_SURVIVAL_DN		37	-0.2821236	-1.0926524	0.29339853	0.6408213	1.0	4344	tags=43%, list=29%, signal=61%	
PASQUALUCCI_LYMPHOMA_BY_GC_STAGE_DN	PASQUALUCCI_LYMPHOMA_BY_GC_STAGE_DN		151	-0.21302442	-1.0923585	0.2181303	0.6410204	1.0	1786	tags=18%, list=12%, signal=20%	
WP_NOTCH1_REGULATION_OF_ENDOTHELIAL_CELL_CALCIFICATION	WP_NOTCH1_REGULATION_OF_ENDOTHELIAL_CELL_CALCIFICATION		17	-0.35245225	-1.0921189	0.30973452	0.6410606	1.0	1816	tags=29%, list=12%, signal=33%	
BILBAN_B_CLL_LPL_UP	BILBAN_B_CLL_LPL_UP		56	-0.26028845	-1.0918354	0.29238328	0.64129597	1.0	1055	tags=16%, list=7%, signal=17%	
REACTOME_TRANSCRIPTIONAL_REGULATION_BY_MECP2	REACTOME_TRANSCRIPTIONAL_REGULATION_BY_MECP2		53	-0.26067027	-1.09174	0.2853598	0.640964	1.0	4398	tags=43%, list=29%, signal=61%	
BORCZUK_MALIGNANT_MESOTHELIOMA_UP	BORCZUK_MALIGNANT_MESOTHELIOMA_UP		288	-0.19606616	-1.0917343	0.1980198	0.6403328	1.0	3206	tags=22%, list=21%, signal=27%	
PID_HES_HEY_PATHWAY	PID_HES_HEY_PATHWAY		34	-0.29507667	-1.0907812	0.32524273	0.64263964	1.0	4337	tags=50%, list=29%, signal=70%	
DUTERTRE_ESTRADIOL_RESPONSE_6HR_UP	DUTERTRE_ESTRADIOL_RESPONSE_6HR_UP		205	-0.20686582	-1.0905228	0.23343849	0.6427507	1.0	2461	tags=19%, list=16%, signal=22%	
DAZARD_UV_RESPONSE_CLUSTER_G6	DAZARD_UV_RESPONSE_CLUSTER_G6		133	-0.21571347	-1.0904717	0.25418994	0.6422445	1.0	3297	tags=26%, list=22%, signal=32%	
REACTOME_FCERI_MEDIATED_MAPK_ACTIVATION	REACTOME_FCERI_MEDIATED_MAPK_ACTIVATION		26	-0.3125212	-1.090334	0.31294116	0.6420443	1.0	931	tags=15%, list=6%, signal=16%	
MARIADASON_REGULATED_BY_HISTONE_ACETYLATION_DN	MARIADASON_REGULATED_BY_HISTONE_ACETYLATION_DN		37	-0.28353682	-1.0902108	0.32352942	0.6418046	1.0	3015	tags=32%, list=20%, signal=40%	
GARY_CD5_TARGETS_DN	GARY_CD5_TARGETS_DN		399	-0.18796039	-1.0899563	0.17667845	0.64192146	1.0	4329	tags=31%, list=29%, signal=42%	
RIZ_ERYTHROID_DIFFERENTIATION_CCNE1	RIZ_ERYTHROID_DIFFERENTIATION_CCNE1		40	-0.27552274	-1.0893185	0.30821916	0.6433285	1.0	1270	tags=15%, list=8%, signal=16%	
BILANGES_SERUM_SENSITIVE_VIA_TSC2	BILANGES_SERUM_SENSITIVE_VIA_TSC2		27	-0.30214304	-1.0892774	0.33016628	0.6428043	1.0	3882	tags=26%, list=26%, signal=35%	
REACTOME_DOWNSTREAM_SIGNALING_OF_ACTIVATED_FGFR1	REACTOME_DOWNSTREAM_SIGNALING_OF_ACTIVATED_FGFR1		26	-0.3076139	-1.0886993	0.31904763	0.6439344	1.0	2925	tags=27%, list=19%, signal=33%	
PID_KIT_PATHWAY	PID_KIT_PATHWAY		46	-0.26903805	-1.0886778	0.3084577	0.64337575	1.0	3068	tags=33%, list=20%, signal=41%	
REACTOME_TRANSFERRIN_ENDOCYTOSIS_AND_RECYCLING	REACTOME_TRANSFERRIN_ENDOCYTOSIS_AND_RECYCLING		28	-0.3022579	-1.0883425	0.3097561	0.6437481	1.0	3815	tags=43%, list=25%, signal=57%	
ACOSTA_PROLIFERATION_INDEPENDENT_MYC_TARGETS_UP	ACOSTA_PROLIFERATION_INDEPENDENT_MYC_TARGETS_UP		80	-0.23740369	-1.0875754	0.3025641	0.645363	1.0	2609	tags=24%, list=17%, signal=29%	
REACTOME_ACTIVATION_OF_NMDA_RECEPTORS_AND_POSTSYNAPTIC_EVENTS	REACTOME_ACTIVATION_OF_NMDA_RECEPTORS_AND_POSTSYNAPTIC_EVENTS		75	-0.23982438	-1.0875285	0.30751175	0.64485574	1.0	2282	tags=21%, list=15%, signal=25%	
REACTOME_NEUROTRANSMITTER_RELEASE_CYCLE	REACTOME_NEUROTRANSMITTER_RELEASE_CYCLE		44	-0.2727643	-1.0874104	0.30548927	0.6446014	1.0	2556	tags=30%, list=17%, signal=35%	
HUMMEL_BURKITTS_LYMPHOMA_UP	HUMMEL_BURKITTS_LYMPHOMA_UP		31	-0.29416662	-1.0872257	0.31719127	0.64451635	1.0	3791	tags=45%, list=25%, signal=60%	
KEGG_LONG_TERM_DEPRESSION	KEGG_LONG_TERM_DEPRESSION		58	-0.2578942	-1.0872049	0.30673316	0.64394844	1.0	978	tags=12%, list=6%, signal=13%	
REACTOME_NOREPINEPHRINE_NEUROTRANSMITTER_RELEASE_CYCLE	REACTOME_NOREPINEPHRINE_NEUROTRANSMITTER_RELEASE_CYCLE		15	-0.36354333	-1.0872028	0.31639722	0.6433193	1.0	1132	tags=27%, list=7%, signal=29%	
REACTOME_GENE_SILENCING_BY_RNA	REACTOME_GENE_SILENCING_BY_RNA		105	-0.22612211	-1.0871258	0.2776204	0.6429212	1.0	3618	tags=28%, list=24%, signal=36%	
FOSTER_KDM1A_TARGETS_DN	FOSTER_KDM1A_TARGETS_DN		181	-0.20843425	-1.0865331	0.23708206	0.64409375	1.0	3626	tags=29%, list=24%, signal=37%	
REACTOME_REPLACEMENT_OF_PROTAMINES_BY_NUCLEOSOMES_IN_THE_MALE_PRONUCLEUS	REACTOME_REPLACEMENT_OF_PROTAMINES_BY_NUCLEOSOMES_IN_THE_MALE_PRONUCLEUS		26	-0.30594116	-1.0859499	0.32458234	0.6452239	1.0	4282	tags=38%, list=28%, signal=54%	
REACTOME_SIGNALING_BY_RECEPTOR_TYROSINE_KINASES	REACTOME_SIGNALING_BY_RECEPTOR_TYROSINE_KINASES		461	-0.18584923	-1.0849113	0.16956522	0.64775604	1.0	3166	tags=24%, list=21%, signal=29%	
REACTOME_VXPX_CARGO_TARGETING_TO_CILIUM	REACTOME_VXPX_CARGO_TARGETING_TO_CILIUM		17	-0.3432564	-1.0843191	0.3156733	0.6488823	1.0	504	tags=12%, list=3%, signal=12%	
LIEN_BREAST_CARCINOMA_METAPLASTIC	LIEN_BREAST_CARCINOMA_METAPLASTIC		31	-0.2905858	-1.0838758	0.3226601	0.649627	1.0	5414	tags=55%, list=36%, signal=85%	
MACAEVA_PBMC_RESPONSE_TO_IR	MACAEVA_PBMC_RESPONSE_TO_IR		83	-0.2316459	-1.0837996	0.28198433	0.6491936	1.0	4042	tags=35%, list=27%, signal=47%	
KEGG_MEDICUS_VARIANT_MUTATION_ACTIVATED_MET_TO_RAS_ERK_SIGNALING_PATHWAY	KEGG_MEDICUS_VARIANT_MUTATION_ACTIVATED_MET_TO_RAS_ERK_SIGNALING_PATHWAY		15	-0.36207017	-1.0837833	0.35064936	0.64861184	1.0	3799	tags=40%, list=25%, signal=53%	
WP_SPHINGOLIPID_METABOLISM_IN_SENESCENCE	WP_SPHINGOLIPID_METABOLISM_IN_SENESCENCE		23	-0.32031992	-1.0834627	0.33333334	0.6489917	1.0	3119	tags=26%, list=21%, signal=33%	
MATZUK_SPERMATOGONIA	MATZUK_SPERMATOGONIA		21	-0.32929772	-1.0830785	0.3028846	0.649541	1.0	586	tags=19%, list=4%, signal=20%	
KEGG_DORSO_VENTRAL_AXIS_FORMATION	KEGG_DORSO_VENTRAL_AXIS_FORMATION		22	-0.32105798	-1.0824864	0.30995476	0.65078276	1.0	3068	tags=27%, list=20%, signal=34%	
REACTOME_ION_CHANNEL_TRANSPORT	REACTOME_ION_CHANNEL_TRANSPORT		156	-0.21241324	-1.0824307	0.26898733	0.65029216	1.0	2252	tags=22%, list=15%, signal=25%	
REACTOME_INTERLEUKIN_RECEPTOR_SHC_SIGNALING	REACTOME_INTERLEUKIN_RECEPTOR_SHC_SIGNALING		17	-0.3454179	-1.0821989	0.3139535	0.6503548	1.0	41	tags=12%, list=0%, signal=12%	
REACTOME_SUMOYLATION	REACTOME_SUMOYLATION		161	-0.20937453	-1.0821967	0.25816023	0.64972705	1.0	3084	tags=22%, list=20%, signal=28%	
REACTOME_SIGNALING_BY_PDGF	REACTOME_SIGNALING_BY_PDGF		50	-0.26021513	-1.0815364	0.30050504	0.6512235	1.0	2813	tags=24%, list=19%, signal=29%	
KEGG_MEDICUS_REFERENCE_FGF_FGFR_PI3K_SIGNALING_PATHWAY	KEGG_MEDICUS_REFERENCE_FGF_FGFR_PI3K_SIGNALING_PATHWAY		24	-0.31202674	-1.0809252	0.34965035	0.6525217	1.0	4694	tags=50%, list=31%, signal=72%	
DANG_MYC_TARGETS_DN	DANG_MYC_TARGETS_DN		27	-0.30352816	-1.0808756	0.33414045	0.652048	1.0	3791	tags=33%, list=25%, signal=44%	
SIG_INSULIN_RECEPTOR_PATHWAY_IN_CARDIAC_MYOCYTES	SIG_INSULIN_RECEPTOR_PATHWAY_IN_CARDIAC_MYOCYTES		45	-0.27032766	-1.0803086	0.3241895	0.6531887	1.0	2861	tags=27%, list=19%, signal=33%	
BENPORATH_ES_2	BENPORATH_ES_2		32	-0.29485157	-1.0800493	0.2997658	0.65334696	1.0	3482	tags=31%, list=23%, signal=41%	
FAELT_B_CLL_WITH_VH3_21_DN	FAELT_B_CLL_WITH_VH3_21_DN		46	-0.2631488	-1.0790241	0.29057592	0.6559459	1.0	3197	tags=30%, list=21%, signal=38%	
REACTOME_ATTENUATION_PHASE	REACTOME_ATTENUATION_PHASE		22	-0.32261747	-1.0789026	0.34507042	0.65563804	1.0	756	tags=18%, list=5%, signal=19%	
BIOCARTA_CARM_ER_PATHWAY	BIOCARTA_CARM_ER_PATHWAY		18	-0.34095335	-1.0788127	0.33651552	0.6553211	1.0	5718	tags=61%, list=38%, signal=98%	
IKEDA_MIR30_TARGETS_UP	IKEDA_MIR30_TARGETS_UP		105	-0.22496592	-1.078666	0.30123457	0.6551579	1.0	3393	tags=25%, list=22%, signal=32%	
WP_FOCAL_ADHESION_PI3KAKTMTORSIGNALING	WP_FOCAL_ADHESION_PI3KAKTMTORSIGNALING		255	-0.19791347	-1.0783908	0.23630136	0.65537006	1.0	4363	tags=34%, list=29%, signal=47%	
HEDENFALK_BREAST_CANCER_BRACX_DN	HEDENFALK_BREAST_CANCER_BRACX_DN		17	-0.34252307	-1.0781218	0.36585367	0.6555694	1.0	3309	tags=35%, list=22%, signal=45%	
WP_GLYCOSYLPHOSPHATIDYL_INOSITOL_ANCHOR_PATHWAY	WP_GLYCOSYLPHOSPHATIDYL_INOSITOL_ANCHOR_PATHWAY		24	-0.3184249	-1.0780431	0.3488372	0.6551865	1.0	1903	tags=25%, list=13%, signal=29%	
GROSS_HYPOXIA_VIA_ELK3_UP	GROSS_HYPOXIA_VIA_ELK3_UP		192	-0.20418236	-1.077775	0.23986487	0.6553851	1.0	3204	tags=23%, list=21%, signal=29%	
REACTOME_SIGNALING_BY_VEGF	REACTOME_SIGNALING_BY_VEGF		89	-0.23123749	-1.077347	0.29503918	0.656065	1.0	2715	tags=19%, list=18%, signal=23%	
PID_CDC42_REG_PATHWAY	PID_CDC42_REG_PATHWAY		28	-0.29962638	-1.0771394	0.33408073	0.65609306	1.0	2195	tags=25%, list=15%, signal=29%	
REACTOME_COLLAGEN_CHAIN_TRIMERIZATION	REACTOME_COLLAGEN_CHAIN_TRIMERIZATION		38	-0.27433679	-1.0768455	0.3256351	0.65637654	1.0	2286	tags=24%, list=15%, signal=28%	
WALLACE_PROSTATE_CANCER_UP	WALLACE_PROSTATE_CANCER_UP		19	-0.33666244	-1.0764277	0.3498818	0.6570617	1.0	1547	tags=26%, list=10%, signal=29%	
SCHLOSSER_MYC_TARGETS_AND_SERUM_RESPONSE_DN	SCHLOSSER_MYC_TARGETS_AND_SERUM_RESPONSE_DN		43	-0.27099958	-1.0762479	0.31876606	0.65699625	1.0	4628	tags=44%, list=31%, signal=64%	
KEGG_CHEMOKINE_SIGNALING_PATHWAY	KEGG_CHEMOKINE_SIGNALING_PATHWAY		141	-0.21445213	-1.076096	0.25655976	0.6568291	1.0	2623	tags=23%, list=17%, signal=27%	
WP_IMATINIB_AND_CHRONIC_MYELOID_LEUKEMIA	WP_IMATINIB_AND_CHRONIC_MYELOID_LEUKEMIA		18	-0.33755895	-1.0760312	0.36551723	0.6564264	1.0	1294	tags=28%, list=9%, signal=30%	
KEGG_MEDICUS_VARIANT_CYP11B1_CYP11B2_FUSION_TO_ACTH_CORTISOL_SIGNALING_PATHWAY	KEGG_MEDICUS_VARIANT_CYP11B1_CYP11B2_FUSION_TO_ACTH_CORTISOL_SIGNALING_PATHWAY		24	-0.30760792	-1.0760039	0.34234235	0.65588814	1.0	4344	tags=42%, list=29%, signal=58%	
REACTOME_SUMOYLATION_OF_TRANSCRIPTION_FACTORS	REACTOME_SUMOYLATION_OF_TRANSCRIPTION_FACTORS		18	-0.33107927	-1.0753572	0.33863637	0.6572883	1.0	4461	tags=50%, list=30%, signal=71%	
KEGG_MEDICUS_REFERENCE_CXCL12_CXCR4_PKC_ERK_SIGNALING_PATHAWAY	KEGG_MEDICUS_REFERENCE_CXCL12_CXCR4_PKC_ERK_SIGNALING_PATHAWAY		16	-0.35173297	-1.0750172	0.3607306	0.6576779	1.0	203	tags=13%, list=1%, signal=13%	
PURBEY_TARGETS_OF_CTBP1_AND_SATB1_DN	PURBEY_TARGETS_OF_CTBP1_AND_SATB1_DN		138	-0.21574779	-1.0746571	0.26890758	0.65819424	1.0	4270	tags=34%, list=28%, signal=47%	
KEGG_LONG_TERM_POTENTIATION	KEGG_LONG_TERM_POTENTIATION		60	-0.24917608	-1.0746481	0.3129771	0.65759605	1.0	1167	tags=13%, list=8%, signal=14%	
SHIN_B_CELL_LYMPHOMA_CLUSTER_7	SHIN_B_CELL_LYMPHOMA_CLUSTER_7		19	-0.3308807	-1.0744956	0.34753364	0.65746003	1.0	2777	tags=26%, list=18%, signal=32%	
PID_TRAIL_PATHWAY	PID_TRAIL_PATHWAY		25	-0.3083589	-1.0740947	0.3484163	0.6580323	1.0	1758	tags=20%, list=12%, signal=23%	
WP_COMMON_PATHWAYS_UNDERLYING_DRUG_ADDICTION	WP_COMMON_PATHWAYS_UNDERLYING_DRUG_ADDICTION		38	-0.27301496	-1.073796	0.32762837	0.65836895	1.0	679	tags=13%, list=4%, signal=14%	
REACTOME_DEATH_RECEPTOR_SIGNALING	REACTOME_DEATH_RECEPTOR_SIGNALING		137	-0.2134512	-1.0736489	0.30167598	0.65817326	1.0	2345	tags=23%, list=16%, signal=27%	
REACTOME_SIGNALING_BY_FGFR1	REACTOME_SIGNALING_BY_FGFR1		46	-0.26586977	-1.0736009	0.32374102	0.6577111	1.0	1236	tags=15%, list=8%, signal=17%	
KEGG_MEDICUS_REFERENCE_HGF_MET_RAS_ERK_SIGNALING_PATHWAY	KEGG_MEDICUS_REFERENCE_HGF_MET_RAS_ERK_SIGNALING_PATHWAY		15	-0.3595293	-1.073549	0.3726852	0.657255	1.0	3799	tags=40%, list=25%, signal=53%	
GYORFFY_DOXORUBICIN_RESISTANCE	GYORFFY_DOXORUBICIN_RESISTANCE		35	-0.28311434	-1.0731628	0.33333334	0.6577837	1.0	2462	tags=29%, list=16%, signal=34%	
WP_INITIATION_OF_TRANSCRIPTION_AND_TRANSLATION_ELONGATION_AT_THE_HIV1_LTR	WP_INITIATION_OF_TRANSCRIPTION_AND_TRANSLATION_ELONGATION_AT_THE_HIV1_LTR		27	-0.30532208	-1.0725918	0.34085777	0.658895	1.0	3128	tags=30%, list=21%, signal=37%	
REACTOME_HIV_TRANSCRIPTION_INITIATION	REACTOME_HIV_TRANSCRIPTION_INITIATION		45	-0.26635712	-1.0724913	0.32678133	0.65856415	1.0	2261	tags=18%, list=15%, signal=21%	
MULLIGHAN_NPM1_SIGNATURE_3_DN	MULLIGHAN_NPM1_SIGNATURE_3_DN		131	-0.21707138	-1.072409	0.2748538	0.65819603	1.0	3486	tags=29%, list=23%, signal=37%	
KYNG_NORMAL_AGING_UP	KYNG_NORMAL_AGING_UP		15	-0.35571328	-1.0722979	0.35600907	0.65792894	1.0	1879	tags=27%, list=12%, signal=30%	
FIGUEROA_AML_METHYLATION_CLUSTER_3_UP	FIGUEROA_AML_METHYLATION_CLUSTER_3_UP		141	-0.21151695	-1.0719615	0.30088496	0.65834326	1.0	2702	tags=25%, list=18%, signal=30%	
WP_CHEMOKINE_SIGNALING	WP_CHEMOKINE_SIGNALING		129	-0.21414949	-1.0718151	0.305949	0.65821177	1.0	1758	tags=17%, list=12%, signal=19%	
KEGG_MEDICUS_VARIANT_MUTATION_ACTIVATED_GNAS_TO_ACTH_CORTISOL_SIGNALING_PATHWAY	KEGG_MEDICUS_VARIANT_MUTATION_ACTIVATED_GNAS_TO_ACTH_CORTISOL_SIGNALING_PATHWAY		23	-0.30933407	-1.0711268	0.3608018	0.65971714	1.0	4344	tags=43%, list=29%, signal=61%	
FIGUEROA_AML_METHYLATION_CLUSTER_7_UP	FIGUEROA_AML_METHYLATION_CLUSTER_7_UP		100	-0.22440873	-1.0708733	0.31491712	0.65991366	1.0	2820	tags=26%, list=19%, signal=32%	
GARGALOVIC_RESPONSE_TO_OXIDIZED_PHOSPHOLIPIDS_TURQUOISE_DN	GARGALOVIC_RESPONSE_TO_OXIDIZED_PHOSPHOLIPIDS_TURQUOISE_DN		50	-0.25457355	-1.0706924	0.32696897	0.65989	1.0	828	tags=14%, list=5%, signal=15%	
REACTOME_NOTCH3_INTRACELLULAR_DOMAIN_REGULATES_TRANSCRIPTION	REACTOME_NOTCH3_INTRACELLULAR_DOMAIN_REGULATES_TRANSCRIPTION		22	-0.31699345	-1.0705956	0.36086956	0.6595381	1.0	2880	tags=32%, list=19%, signal=39%	
REACTOME_NOTCH3_ACTIVATION_AND_TRANSMISSION_OF_SIGNAL_TO_THE_NUCLEUS	REACTOME_NOTCH3_ACTIVATION_AND_TRANSMISSION_OF_SIGNAL_TO_THE_NUCLEUS		25	-0.3066789	-1.0702649	0.34533897	0.6599573	1.0	3225	tags=36%, list=21%, signal=46%	
WP_SENESCENCEASSOCIATED_SECRETORY_PHENOTYPE_SASP	WP_SENESCENCEASSOCIATED_SECRETORY_PHENOTYPE_SASP		81	-0.23443888	-1.0698009	0.2746114	0.6607729	1.0	4360	tags=37%, list=29%, signal=52%	
REACTOME_SIGNALING_BY_NUCLEAR_RECEPTORS	REACTOME_SIGNALING_BY_NUCLEAR_RECEPTORS		228	-0.19740693	-1.0696818	0.25477707	0.66056186	1.0	2880	tags=22%, list=19%, signal=27%	
REACTOME_DEACTIVATION_OF_THE_BETA_CATENIN_TRANSACTIVATING_COMPLEX	REACTOME_DEACTIVATION_OF_THE_BETA_CATENIN_TRANSACTIVATING_COMPLEX		35	-0.28347862	-1.0693953	0.33333334	0.66088176	1.0	2023	tags=26%, list=13%, signal=30%	
KEGG_MEDICUS_VARIANT_MUTATION_CAUSED_ABBERANT_ATXN2_3_TO_MGLUR5_CA2_APOPTOTIC_PATHWAY	KEGG_MEDICUS_VARIANT_MUTATION_CAUSED_ABBERANT_ATXN2_3_TO_MGLUR5_CA2_APOPTOTIC_PATHWAY		15	-0.35964578	-1.0686718	0.3638344	0.6624849	1.0	1693	tags=20%, list=11%, signal=23%	
SEITZ_NEOPLASTIC_TRANSFORMATION_BY_8P_DELETION_DN	SEITZ_NEOPLASTIC_TRANSFORMATION_BY_8P_DELETION_DN		27	-0.29725415	-1.068243	0.32387707	0.6631222	1.0	2307	tags=33%, list=15%, signal=39%	
WP_NOTCH_SIGNALING_WP268	WP_NOTCH_SIGNALING_WP268		39	-0.2778223	-1.0680357	0.33412322	0.6631353	1.0	3225	tags=31%, list=21%, signal=39%	
SHEPARD_CRASH_AND_BURN_MUTANT_DN	SHEPARD_CRASH_AND_BURN_MUTANT_DN		168	-0.20773469	-1.06795	0.28787878	0.662787	1.0	2458	tags=19%, list=16%, signal=22%	
REACTOME_SIGNALING_BY_MODERATE_KINASE_ACTIVITY_BRAF_MUTANTS	REACTOME_SIGNALING_BY_MODERATE_KINASE_ACTIVITY_BRAF_MUTANTS		38	-0.2764228	-1.0676308	0.36855036	0.6632379	1.0	3799	tags=29%, list=25%, signal=39%	
REACTOME_ACTIVATION_OF_BH3_ONLY_PROTEINS	REACTOME_ACTIVATION_OF_BH3_ONLY_PROTEINS		26	-0.3025918	-1.0675981	0.3621868	0.6627267	1.0	2654	tags=35%, list=18%, signal=42%	
REACTOME_SIGNALLING_TO_RAS	REACTOME_SIGNALLING_TO_RAS		19	-0.3316342	-1.0674434	0.3544018	0.66260576	1.0	4182	tags=42%, list=28%, signal=58%	
YAO_TEMPORAL_RESPONSE_TO_PROGESTERONE_CLUSTER_11	YAO_TEMPORAL_RESPONSE_TO_PROGESTERONE_CLUSTER_11		95	-0.2281854	-1.0673053	0.308094	0.66241854	1.0	3135	tags=22%, list=21%, signal=28%	
GROSS_HYPOXIA_VIA_ELK3_ONLY_DN	GROSS_HYPOXIA_VIA_ELK3_ONLY_DN		38	-0.27733305	-1.0666636	0.3382353	0.66374856	1.0	4791	tags=42%, list=32%, signal=61%	
PID_FOXO_PATHWAY	PID_FOXO_PATHWAY		42	-0.26911712	-1.065707	0.3243243	0.66606486	1.0	2916	tags=33%, list=19%, signal=41%	
WP_GPR143_IN_MELANOCYTES_AND_RETINAL_PIGMENT_EPITHELIUM_CELLS	WP_GPR143_IN_MELANOCYTES_AND_RETINAL_PIGMENT_EPITHELIUM_CELLS		25	-0.3162529	-1.0656211	0.38317758	0.6657429	1.0	2785	tags=32%, list=18%, signal=39%	
MULLIGHAN_NPM1_MUTATED_SIGNATURE_2_DN	MULLIGHAN_NPM1_MUTATED_SIGNATURE_2_DN		64	-0.24043529	-1.0654557	0.34688348	0.66563195	1.0	3417	tags=33%, list=23%, signal=42%	
LIANG_HEMATOPOIESIS_STEM_CELL_NUMBER_SMALL_VS_HUGE_DN	LIANG_HEMATOPOIESIS_STEM_CELL_NUMBER_SMALL_VS_HUGE_DN		27	-0.2961478	-1.0649394	0.36995515	0.6666417	1.0	1228	tags=15%, list=8%, signal=16%	
SCHUHMACHER_MYC_TARGETS_UP	SCHUHMACHER_MYC_TARGETS_UP		77	-0.2349321	-1.0633519	0.34139785	0.6710145	1.0	2655	tags=23%, list=18%, signal=28%	
LIU_SOX4_TARGETS_DN	LIU_SOX4_TARGETS_DN		281	-0.19281816	-1.0629295	0.2825279	0.67177904	1.0	3965	tags=31%, list=26%, signal=41%	
WP_GLYCEROLIPIDS_AND_GLYCEROPHOSPHOLIPIDS	WP_GLYCEROLIPIDS_AND_GLYCEROPHOSPHOLIPIDS		21	-0.3212784	-1.0628667	0.37416482	0.6713705	1.0	1549	tags=24%, list=10%, signal=26%	
MARSON_FOXP3_TARGETS_STIMULATED_UP	MARSON_FOXP3_TARGETS_STIMULATED_UP		19	-0.32849672	-1.0625746	0.35421166	0.6716829	1.0	3106	tags=37%, list=21%, signal=46%	
CHANGOLKAR_H2AFY_TARGETS_UP	CHANGOLKAR_H2AFY_TARGETS_UP		46	-0.2620276	-1.0621284	0.33333334	0.67244494	1.0	2068	tags=20%, list=14%, signal=23%	
REACTOME_EPHRIN_SIGNALING	REACTOME_EPHRIN_SIGNALING		18	-0.3341658	-1.0619162	0.3838384	0.6724525	1.0	2592	tags=33%, list=17%, signal=40%	
NABA_COLLAGENS	NABA_COLLAGENS		38	-0.27433679	-1.061652	0.36211032	0.6726663	1.0	2286	tags=24%, list=15%, signal=28%	
REACTOME_PROTEIN_UBIQUITINATION	REACTOME_PROTEIN_UBIQUITINATION		67	-0.24115752	-1.0613788	0.33513513	0.67290515	1.0	3995	tags=37%, list=26%, signal=50%	
NEWMAN_ERCC6_TARGETS_DN	NEWMAN_ERCC6_TARGETS_DN		34	-0.28226036	-1.0612267	0.32592592	0.6727695	1.0	4621	tags=41%, list=31%, signal=59%	
KEGG_INOSITOL_PHOSPHATE_METABOLISM	KEGG_INOSITOL_PHOSPHATE_METABOLISM		44	-0.26304767	-1.061074	0.35380834	0.67264843	1.0	3592	tags=34%, list=24%, signal=45%	
WP_GNAQ_PR183Q_DRIVES_CAPILLARY_MALFORMATION	WP_GNAQ_PR183Q_DRIVES_CAPILLARY_MALFORMATION		23	-0.3055845	-1.0605143	0.3638393	0.6738293	1.0	1607	tags=22%, list=11%, signal=24%	
REACTOME_FLT3_SIGNALING_IN_DISEASE	REACTOME_FLT3_SIGNALING_IN_DISEASE		26	-0.3010034	-1.0600753	0.35011992	0.67458504	1.0	1060	tags=12%, list=7%, signal=12%	
CHESLER_BRAIN_HIGHEST_EXPRESSION	CHESLER_BRAIN_HIGHEST_EXPRESSION		35	-0.27779615	-1.0596678	0.34772182	0.6751454	1.0	783	tags=17%, list=5%, signal=18%	
REACTOME_SEMA4D_IN_SEMAPHORIN_SIGNALING	REACTOME_SEMA4D_IN_SEMAPHORIN_SIGNALING		21	-0.32447004	-1.0587394	0.3930131	0.6774424	1.0	669	tags=14%, list=4%, signal=15%	
ROYLANCE_BREAST_CANCER_16Q_COPY_NUMBER_DN	ROYLANCE_BREAST_CANCER_16Q_COPY_NUMBER_DN		18	-0.33663958	-1.0583613	0.3736018	0.6779192	1.0	4094	tags=39%, list=27%, signal=53%	
GENTILE_UV_RESPONSE_CLUSTER_D8	GENTILE_UV_RESPONSE_CLUSTER_D8		33	-0.28173545	-1.0583463	0.35555556	0.6773463	1.0	1717	tags=18%, list=11%, signal=20%	
KEGG_MEDICUS_VARIANT_MUTATION_ACTIVATED_GNAS_TO_CRHR_PKA_ACTH_SIGNALING_PATHWAY	KEGG_MEDICUS_VARIANT_MUTATION_ACTIVATED_GNAS_TO_CRHR_PKA_ACTH_SIGNALING_PATHWAY		19	-0.32787743	-1.0581205	0.3866995	0.6774077	1.0	4344	tags=47%, list=29%, signal=66%	
BIOCARTA_AGR_PATHWAY	BIOCARTA_AGR_PATHWAY		30	-0.2864165	-1.0578982	0.36342594	0.677488	1.0	3112	tags=30%, list=21%, signal=38%	
REACTOME_CELL_CELL_JUNCTION_ORGANIZATION	REACTOME_CELL_CELL_JUNCTION_ORGANIZATION		79	-0.23009662	-1.0575756	0.33707866	0.6778761	1.0	1823	tags=22%, list=12%, signal=24%	
LEE_LIVER_CANCER_SURVIVAL_DN	LEE_LIVER_CANCER_SURVIVAL_DN		165	-0.20658109	-1.0572628	0.3253012	0.67823625	1.0	3195	tags=24%, list=21%, signal=30%	
WP_GASTRIN_SIGNALING	WP_GASTRIN_SIGNALING		96	-0.22867231	-1.0566323	0.34625322	0.67961067	1.0	4918	tags=41%, list=33%, signal=60%	
REACTOME_P75_NTR_RECEPTOR_MEDIATED_SIGNALLING	REACTOME_P75_NTR_RECEPTOR_MEDIATED_SIGNALLING		87	-0.22702476	-1.0565417	0.33248731	0.67927116	1.0	2266	tags=24%, list=15%, signal=28%	
LINDGREN_BLADDER_CANCER_HIGH_RECURRENCE	LINDGREN_BLADDER_CANCER_HIGH_RECURRENCE		42	-0.26367313	-1.0564901	0.32946634	0.67882335	1.0	4119	tags=38%, list=27%, signal=52%	
BUCKANOVICH_T_LYMPHOCYTE_HOMING_ON_TUMOR_DN	BUCKANOVICH_T_LYMPHOCYTE_HOMING_ON_TUMOR_DN		20	-0.32059592	-1.0561397	0.39545456	0.679331	1.0	3014	tags=30%, list=20%, signal=37%	
WP_PDGFRBETA_PATHWAY	WP_PDGFRBETA_PATHWAY		24	-0.3027321	-1.0560752	0.34712642	0.6789113	1.0	931	tags=17%, list=6%, signal=18%	
HAHTOLA_MYCOSIS_FUNGOIDES_CD4_DN	HAHTOLA_MYCOSIS_FUNGOIDES_CD4_DN		107	-0.22017996	-1.0558487	0.3275862	0.6790115	1.0	3195	tags=25%, list=21%, signal=32%	
SABATES_COLORECTAL_ADENOMA_DN	SABATES_COLORECTAL_ADENOMA_DN		222	-0.1954186	-1.0558158	0.29900333	0.6785068	1.0	1519	tags=16%, list=10%, signal=18%	
REACTOME_ANTIGEN_PROCESSING_UBIQUITINATION_PROTEASOME_DEGRADATION	REACTOME_ANTIGEN_PROCESSING_UBIQUITINATION_PROTEASOME_DEGRADATION		265	-0.19194241	-1.0555894	0.29865772	0.6785955	1.0	2596	tags=19%, list=17%, signal=23%	
REACTOME_RAC3_GTPASE_CYCLE	REACTOME_RAC3_GTPASE_CYCLE		87	-0.22509946	-1.055499	0.359375	0.6782842	1.0	1676	tags=14%, list=11%, signal=15%	
HELLER_HDAC_TARGETS_SILENCED_BY_METHYLATION_DN	HELLER_HDAC_TARGETS_SILENCED_BY_METHYLATION_DN		235	-0.19265671	-1.0553074	0.29641694	0.6782979	1.0	2740	tags=21%, list=18%, signal=26%	
WP_IL18_SIGNALING	WP_IL18_SIGNALING		221	-0.19381984	-1.0552378	0.30716723	0.67789274	1.0	3098	tags=25%, list=21%, signal=31%	
BILD_E2F3_ONCOGENIC_SIGNATURE	BILD_E2F3_ONCOGENIC_SIGNATURE		226	-0.19656505	-1.0551586	0.2673611	0.67754453	1.0	4441	tags=33%, list=29%, signal=46%	
REACTOME_TRANSPORT_TO_THE_GOLGI_AND_SUBSEQUENT_MODIFICATION	REACTOME_TRANSPORT_TO_THE_GOLGI_AND_SUBSEQUENT_MODIFICATION		166	-0.20552273	-1.0539294	0.27878788	0.6808615	1.0	3127	tags=24%, list=21%, signal=30%	
CREIGHTON_ENDOCRINE_THERAPY_RESISTANCE_1	CREIGHTON_ENDOCRINE_THERAPY_RESISTANCE_1		471	-0.18037097	-1.0538787	0.24696356	0.6804146	1.0	2254	tags=17%, list=15%, signal=20%	
HOELZEL_NF1_TARGETS_DN	HOELZEL_NF1_TARGETS_DN		100	-0.21872573	-1.0537827	0.34604904	0.6801034	1.0	2553	tags=21%, list=17%, signal=25%	
KEGG_MEDICUS_VARIANT_EGF_OVEREXPRESSION_TO_RAS_ERK_SIGNALING_PATHWAY	KEGG_MEDICUS_VARIANT_EGF_OVEREXPRESSION_TO_RAS_ERK_SIGNALING_PATHWAY		15	-0.34859332	-1.0531363	0.37528604	0.68142	1.0	3799	tags=40%, list=25%, signal=53%	
REACTOME_RHOJ_GTPASE_CYCLE	REACTOME_RHOJ_GTPASE_CYCLE		51	-0.25034788	-1.0531116	0.36292428	0.68088424	1.0	1523	tags=14%, list=10%, signal=15%	
REACTOME_REGULATION_OF_FZD_BY_UBIQUITINATION	REACTOME_REGULATION_OF_FZD_BY_UBIQUITINATION		18	-0.33740762	-1.0529628	0.39722863	0.6807719	1.0	2744	tags=33%, list=18%, signal=41%	
LI_ESTROGENE_LATE_E2_RESPONSE_UP	LI_ESTROGENE_LATE_E2_RESPONSE_UP		49	-0.25152913	-1.0526788	0.36386767	0.6810853	1.0	881	tags=16%, list=6%, signal=17%	
JINESH_BLEBBISHIELD_VS_LIVE_CONTROL_UP	JINESH_BLEBBISHIELD_VS_LIVE_CONTROL_UP		292	-0.19089028	-1.052494	0.3164983	0.6810435	1.0	4082	tags=34%, list=27%, signal=46%	
SMIRNOV_RESPONSE_TO_IR_6HR_UP	SMIRNOV_RESPONSE_TO_IR_6HR_UP		152	-0.20548904	-1.052406	0.3343465	0.68074256	1.0	2925	tags=24%, list=19%, signal=30%	
REACTOME_ACTIVATION_OF_ANTERIOR_HOX_GENES_IN_HINDBRAIN_DEVELOPMENT_DURING_EARLY_EMBRYOGENESIS	REACTOME_ACTIVATION_OF_ANTERIOR_HOX_GENES_IN_HINDBRAIN_DEVELOPMENT_DURING_EARLY_EMBRYOGENESIS		88	-0.22571054	-1.0519453	0.35142118	0.68158764	1.0	3653	tags=30%, list=24%, signal=39%	
GABRIELY_MIR21_TARGETS	GABRIELY_MIR21_TARGETS		263	-0.19178025	-1.0513619	0.2857143	0.68283534	1.0	4590	tags=34%, list=30%, signal=48%	
WP_TNFRELATED_WEAK_INDUCER_OF_APOPTOSIS_TWEAK_SIGNALING	WP_TNFRELATED_WEAK_INDUCER_OF_APOPTOSIS_TWEAK_SIGNALING		33	-0.28072402	-1.0511848	0.37558687	0.68279666	1.0	2674	tags=30%, list=18%, signal=37%	
PID_IL3_PATHWAY	PID_IL3_PATHWAY		17	-0.33320066	-1.0510927	0.3940092	0.6824745	1.0	41	tags=12%, list=0%, signal=12%	
REACTOME_PHASE_0_RAPID_DEPOLARISATION	REACTOME_PHASE_0_RAPID_DEPOLARISATION		29	-0.2906033	-1.0508918	0.36714977	0.6824895	1.0	2981	tags=31%, list=20%, signal=39%	
REACTOME_SENESCENCE_ASSOCIATED_SECRETORY_PHENOTYPE_SASP	REACTOME_SENESCENCE_ASSOCIATED_SECRETORY_PHENOTYPE_SASP		80	-0.23447144	-1.0507239	0.34005037	0.68244106	1.0	4360	tags=38%, list=29%, signal=52%	
REACTOME_FRS_MEDIATED_FGFR3_SIGNALING	REACTOME_FRS_MEDIATED_FGFR3_SIGNALING		18	-0.33755025	-1.0502763	0.39344263	0.68321896	1.0	4694	tags=50%, list=31%, signal=72%	
KEGG_PROSTATE_CANCER	KEGG_PROSTATE_CANCER		75	-0.23453678	-1.0502222	0.35869566	0.68278456	1.0	4255	tags=36%, list=28%, signal=50%	
MOLENAAR_TARGETS_OF_CCND1_AND_CDK4_UP	MOLENAAR_TARGETS_OF_CCND1_AND_CDK4_UP		60	-0.24167654	-1.0498201	0.3387534	0.6834618	1.0	4566	tags=43%, list=30%, signal=62%	
WONG_EMBRYONIC_STEM_CELL_CORE	WONG_EMBRYONIC_STEM_CELL_CORE		315	-0.18701711	-1.0493604	0.3138686	0.68426377	1.0	3296	tags=21%, list=22%, signal=27%	
BIOCARTA_MEF2D_PATHWAY	BIOCARTA_MEF2D_PATHWAY		15	-0.35155696	-1.0490457	0.37585422	0.6846524	1.0	1167	tags=20%, list=8%, signal=22%	
REACTOME_DEGRADATION_OF_BETA_CATENIN_BY_THE_DESTRUCTION_COMPLEX	REACTOME_DEGRADATION_OF_BETA_CATENIN_BY_THE_DESTRUCTION_COMPLEX		65	-0.24043791	-1.0489384	0.3638814	0.6843559	1.0	3192	tags=26%, list=21%, signal=33%	
REACTOME_TRANSLOCATION_OF_SLC2A4_GLUT4_TO_THE_PLASMA_MEMBRANE	REACTOME_TRANSLOCATION_OF_SLC2A4_GLUT4_TO_THE_PLASMA_MEMBRANE		58	-0.24662119	-1.048443	0.37532133	0.6853705	1.0	3110	tags=22%, list=21%, signal=28%	
VANHARANTA_UTERINE_FIBROID_WITH_7Q_DELETION_UP	VANHARANTA_UTERINE_FIBROID_WITH_7Q_DELETION_UP		55	-0.24547544	-1.0482197	0.35167465	0.6854343	1.0	4968	tags=44%, list=33%, signal=65%	
SIG_IL4RECEPTOR_IN_B_LYPHOCYTES	SIG_IL4RECEPTOR_IN_B_LYPHOCYTES		24	-0.30414614	-1.0481423	0.36231884	0.6850783	1.0	2623	tags=29%, list=17%, signal=35%	
DIAZ_CHRONIC_MYELOGENOUS_LEUKEMIA_DN	DIAZ_CHRONIC_MYELOGENOUS_LEUKEMIA_DN		88	-0.2230622	-1.0479045	0.34065935	0.6851716	1.0	1959	tags=20%, list=13%, signal=23%	
REACTOME_RESPONSE_OF_MTB_TO_PHAGOCYTOSIS	REACTOME_RESPONSE_OF_MTB_TO_PHAGOCYTOSIS		23	-0.31293833	-1.0476618	0.38228437	0.68534005	1.0	2183	tags=22%, list=14%, signal=25%	
REACTOME_TURBULENT_OSCILLATORY_DISTURBED_FLOW_SHEAR_STRESS_ACTIVATES_SIGNALING_BY_PIEZO1_AND_INTEGRINS_IN_ENDOTHELIAL_CELLS	REACTOME_TURBULENT_OSCILLATORY_DISTURBED_FLOW_SHEAR_STRESS_ACTIVATES_SIGNALING_BY_PIEZO1_AND_INTEGRINS_IN_ENDOTHELIAL_CELLS		27	-0.29300827	-1.047409	0.38072288	0.68553627	1.0	1921	tags=19%, list=13%, signal=21%	
REACTOME_SIGNALING_BY_FGFR4	REACTOME_SIGNALING_BY_FGFR4		36	-0.27934292	-1.0473751	0.3785166	0.6850633	1.0	2925	tags=28%, list=19%, signal=34%	
DELASERNA_MYOD_TARGETS_UP	DELASERNA_MYOD_TARGETS_UP		73	-0.229235	-1.0471678	0.328125	0.68511826	1.0	3795	tags=32%, list=25%, signal=42%	
REACTOME_HCMV_INFECTION	REACTOME_HCMV_INFECTION		119	-0.21542095	-1.0470655	0.30857143	0.6848347	1.0	4387	tags=34%, list=29%, signal=48%	
KEGG_MEDICUS_REFERENCE_CCR5_GNB_G_PLCB_G_PKC_SIGNALING_PATHWAY	KEGG_MEDICUS_REFERENCE_CCR5_GNB_G_PLCB_G_PKC_SIGNALING_PATHWAY		21	-0.32138544	-1.0460829	0.3860911	0.68727046	1.0	1574	tags=24%, list=10%, signal=27%	
CHANDRAN_METASTASIS_UP	CHANDRAN_METASTASIS_UP		170	-0.20423181	-1.0459551	0.30701753	0.6870378	1.0	4900	tags=42%, list=32%, signal=61%	
PID_HEDGEHOG_GLI_PATHWAY	PID_HEDGEHOG_GLI_PATHWAY		43	-0.26416272	-1.0458621	0.352657	0.6867492	1.0	3311	tags=33%, list=22%, signal=42%	
BROWN_MYELOID_CELL_DEVELOPMENT_DN	BROWN_MYELOID_CELL_DEVELOPMENT_DN		110	-0.2173433	-1.0458556	0.37333333	0.68617016	1.0	2631	tags=20%, list=17%, signal=24%	
BIOCARTA_NDKDYNAMIN_PATHWAY	BIOCARTA_NDKDYNAMIN_PATHWAY		16	-0.34521395	-1.0448309	0.4091904	0.68878114	1.0	2195	tags=31%, list=15%, signal=37%	
FIGUEROA_AML_METHYLATION_CLUSTER_3_DN	FIGUEROA_AML_METHYLATION_CLUSTER_3_DN		29	-0.28921917	-1.0440252	0.37905237	0.69071174	1.0	3188	tags=38%, list=21%, signal=48%	
PID_P75_NTR_PATHWAY	PID_P75_NTR_PATHWAY		58	-0.24429354	-1.0430324	0.3562341	0.6932212	1.0	4684	tags=40%, list=31%, signal=57%	
SCHLOSSER_SERUM_RESPONSE_UP	SCHLOSSER_SERUM_RESPONSE_UP		91	-0.2209748	-1.0423932	0.3643617	0.69462246	1.0	2083	tags=19%, list=14%, signal=22%	
SCHAEFFER_PROSTATE_DEVELOPMENT_12HR_DN	SCHAEFFER_PROSTATE_DEVELOPMENT_12HR_DN		48	-0.25473833	-1.0417572	0.38734177	0.69598216	1.0	2489	tags=25%, list=16%, signal=30%	
FIGUEROA_AML_METHYLATION_CLUSTER_4_UP	FIGUEROA_AML_METHYLATION_CLUSTER_4_UP		96	-0.21966486	-1.040757	0.35376045	0.6986077	1.0	2702	tags=25%, list=18%, signal=30%	
KORKOLA_SEMINOMA_UP	KORKOLA_SEMINOMA_UP		38	-0.2655789	-1.0404528	0.37721518	0.6989665	1.0	2165	tags=24%, list=14%, signal=28%	
REACTOME_SYNDECAN_INTERACTIONS	REACTOME_SYNDECAN_INTERACTIONS		24	-0.2990233	-1.0378355	0.40444446	0.7066251	1.0	2925	tags=25%, list=19%, signal=31%	
REACTOME_OPIOID_SIGNALLING	REACTOME_OPIOID_SIGNALLING		79	-0.22911179	-1.0367124	0.35833332	0.7096301	1.0	1773	tags=19%, list=12%, signal=21%	
MINGUEZ_LIVER_CANCER_VASCULAR_INVASION_DN	MINGUEZ_LIVER_CANCER_VASCULAR_INVASION_DN		17	-0.32872322	-1.0366699	0.39491916	0.70916826	1.0	865	tags=18%, list=6%, signal=19%	
MEISSNER_NPC_ICP_WITH_H3K4ME3	MEISSNER_NPC_ICP_WITH_H3K4ME3		16	-0.33439803	-1.0365274	0.37931034	0.70903254	1.0	864	tags=19%, list=6%, signal=20%	
KEGG_MEDICUS_VARIANT_NOTCH_OVEREXPRESSION_TO_NOTCH_SIGNALING_PATHWAY	KEGG_MEDICUS_VARIANT_NOTCH_OVEREXPRESSION_TO_NOTCH_SIGNALING_PATHWAY		15	-0.33653694	-1.036418	0.4070981	0.7087453	1.0	3225	tags=47%, list=21%, signal=59%	
JINESH_BLEBBISHIELD_TO_IMMUNE_CELL_FUSION_PBSHMS_UP	JINESH_BLEBBISHIELD_TO_IMMUNE_CELL_FUSION_PBSHMS_UP		320	-0.18572822	-1.0360676	0.3321033	0.7092145	1.0	3223	tags=27%, list=21%, signal=33%	
WP_FAS_LIGAND_PATHWAY_AND_STRESS_INDUCTION_OF_HEAT_SHOCK_PROTEINS	WP_FAS_LIGAND_PATHWAY_AND_STRESS_INDUCTION_OF_HEAT_SHOCK_PROTEINS		35	-0.2741969	-1.0359383	0.40047392	0.7090114	1.0	972	tags=17%, list=6%, signal=18%	
PID_FAS_PATHWAY	PID_FAS_PATHWAY		29	-0.2859899	-1.0356518	0.39252338	0.709324	1.0	2654	tags=24%, list=18%, signal=29%	
WP_STEROL_REGULATORY_ELEMENTBINDING_PROTEINS_SREBP_SIGNALING	WP_STEROL_REGULATORY_ELEMENTBINDING_PROTEINS_SREBP_SIGNALING		58	-0.24380983	-1.0353931	0.37628865	0.70950186	1.0	4141	tags=33%, list=27%, signal=45%	
ZHANG_BREAST_CANCER_PROGENITORS_DN	ZHANG_BREAST_CANCER_PROGENITORS_DN		126	-0.21118748	-1.034733	0.3593315	0.7109668	1.0	3447	tags=31%, list=23%, signal=40%	
THILLAINADESAN_ZNF217_TARGETS_UP	THILLAINADESAN_ZNF217_TARGETS_UP		40	-0.26221216	-1.0340997	0.38802084	0.71237963	1.0	2902	tags=23%, list=19%, signal=28%	
WP_17P133_YWHAE_COPY_NUMBER_VARIATION	WP_17P133_YWHAE_COPY_NUMBER_VARIATION		17	-0.3301219	-1.03356	0.37697518	0.7135116	1.0	4463	tags=53%, list=30%, signal=75%	
REACTOME_COPI_INDEPENDENT_GOLGI_TO_ER_RETROGRADE_TRAFFIC	REACTOME_COPI_INDEPENDENT_GOLGI_TO_ER_RETROGRADE_TRAFFIC		39	-0.26625732	-1.033472	0.39408866	0.7131743	1.0	398	tags=10%, list=3%, signal=11%	
KEGG_PROTEIN_EXPORT	KEGG_PROTEIN_EXPORT		22	-0.30791256	-1.0332047	0.38915095	0.71344244	1.0	3699	tags=36%, list=24%, signal=48%	
REACTOME_VEGFR2_MEDIATED_VASCULAR_PERMEABILITY	REACTOME_VEGFR2_MEDIATED_VASCULAR_PERMEABILITY		19	-0.32477027	-1.0329474	0.38679245	0.7136311	1.0	3119	tags=32%, list=21%, signal=40%	
BIOCARTA_CERAMIDE_PATHWAY	BIOCARTA_CERAMIDE_PATHWAY		19	-0.3192635	-1.0327919	0.38116592	0.71353364	1.0	931	tags=21%, list=6%, signal=22%	
REACTOME_ERK_MAPK_TARGETS	REACTOME_ERK_MAPK_TARGETS		18	-0.32366064	-1.0324941	0.4054054	0.7138699	1.0	3394	tags=39%, list=22%, signal=50%	
KOBAYASHI_RESPONSE_TO_ROMIDEPSIN	KOBAYASHI_RESPONSE_TO_ROMIDEPSIN		16	-0.34311098	-1.0323331	0.41590908	0.71374536	1.0	5242	tags=63%, list=35%, signal=96%	
BILANGES_SERUM_SENSITIVE_GENES	BILANGES_SERUM_SENSITIVE_GENES		66	-0.23255248	-1.0318228	0.37244898	0.71478516	1.0	3208	tags=30%, list=21%, signal=38%	
REACTOME_SIGNALING_BY_MET	REACTOME_SIGNALING_BY_MET		75	-0.23119693	-1.0315553	0.37275064	0.71502954	1.0	2536	tags=21%, list=17%, signal=26%	
REACTOME_MAPK_TARGETS_NUCLEAR_EVENTS_MEDIATED_BY_MAP_KINASES	REACTOME_MAPK_TARGETS_NUCLEAR_EVENTS_MEDIATED_BY_MAP_KINASES		25	-0.29528108	-1.0314984	0.4170507	0.7146172	1.0	3394	tags=36%, list=22%, signal=46%	
DARWICHE_PAPILLOMA_RISK_LOW_UP	DARWICHE_PAPILLOMA_RISK_LOW_UP		126	-0.2086728	-1.0314543	0.35694823	0.7141606	1.0	2186	tags=20%, list=14%, signal=23%	
WP_MAMMARY_GLAND_DEVELOPMENT_PREGNANCY_AND_LACTATION_STAGE_3_OF_4	WP_MAMMARY_GLAND_DEVELOPMENT_PREGNANCY_AND_LACTATION_STAGE_3_OF_4		37	-0.27131003	-1.0304791	0.4	0.7166461	1.0	2001	tags=22%, list=13%, signal=25%	
PID_IL6_7_PATHWAY	PID_IL6_7_PATHWAY		36	-0.26803064	-1.0302248	0.40572792	0.71684164	1.0	2514	tags=25%, list=17%, signal=30%	
HOFMANN_CELL_LYMPHOMA_UP	HOFMANN_CELL_LYMPHOMA_UP		42	-0.25810626	-1.0301679	0.3926097	0.71641695	1.0	1589	tags=17%, list=11%, signal=19%	
OUYANG_PROSTATE_CANCER_PROGRESSION_DN	OUYANG_PROSTATE_CANCER_PROGRESSION_DN		17	-0.32369176	-1.0297513	0.39914164	0.7171636	1.0	781	tags=18%, list=5%, signal=19%	
REACTOME_SIGNALING_BY_FGFR2_IN_DISEASE	REACTOME_SIGNALING_BY_FGFR2_IN_DISEASE		39	-0.267261	-1.0296367	0.37864077	0.7169318	1.0	415	tags=10%, list=3%, signal=11%	
ZHAN_MULTIPLE_MYELOMA_MS_UP	ZHAN_MULTIPLE_MYELOMA_MS_UP		45	-0.25336495	-1.0295378	0.38356164	0.7166398	1.0	3312	tags=29%, list=22%, signal=37%	
MCMURRAY_TP53_HRAS_COOPERATION_RESPONSE_DN	MCMURRAY_TP53_HRAS_COOPERATION_RESPONSE_DN		62	-0.23816761	-1.0291412	0.4	0.7173263	1.0	1360	tags=18%, list=9%, signal=19%	
PID_NFKAPPAB_ATYPICAL_PATHWAY	PID_NFKAPPAB_ATYPICAL_PATHWAY		15	-0.33559275	-1.028395	0.4099526	0.7191981	1.0	5230	tags=53%, list=35%, signal=81%	
REACTOME_SEROTONIN_NEUROTRANSMITTER_RELEASE_CYCLE	REACTOME_SEROTONIN_NEUROTRANSMITTER_RELEASE_CYCLE		15	-0.34030864	-1.0282295	0.41870824	0.7191173	1.0	1132	tags=27%, list=7%, signal=29%	
GRADE_COLON_AND_RECTAL_CANCER_DN	GRADE_COLON_AND_RECTAL_CANCER_DN		86	-0.2225824	-1.0271802	0.39378238	0.7219279	1.0	4158	tags=37%, list=28%, signal=51%	
WP_PROLACTIN_SIGNALING	WP_PROLACTIN_SIGNALING		62	-0.24204348	-1.0267977	0.42307693	0.72255236	1.0	4261	tags=34%, list=28%, signal=47%	
GRABARCZYK_BCL11B_TARGETS_DN	GRABARCZYK_BCL11B_TARGETS_DN		55	-0.24253887	-1.0265654	0.39528796	0.7226651	1.0	3692	tags=31%, list=24%, signal=41%	
REACTOME_CO_INHIBITION_BY_CTLA4	REACTOME_CO_INHIBITION_BY_CTLA4		18	-0.32373676	-1.0262991	0.42954546	0.72292143	1.0	2536	tags=33%, list=17%, signal=40%	
KEGG_GLYCOSAMINOGLYCAN_BIOSYNTHESIS_CHONDROITIN_SULFATE	KEGG_GLYCOSAMINOGLYCAN_BIOSYNTHESIS_CHONDROITIN_SULFATE		22	-0.30147484	-1.025746	0.3991131	0.7240972	1.0	966	tags=14%, list=6%, signal=15%	
WP_10Q1121Q1123_COPY_NUMBER_VARIATION_SYNDROME	WP_10Q1121Q1123_COPY_NUMBER_VARIATION_SYNDROME		50	-0.2503384	-1.0256964	0.37150127	0.72366774	1.0	4681	tags=40%, list=31%, signal=58%	
REACTOME_NOTCH4_INTRACELLULAR_DOMAIN_REGULATES_TRANSCRIPTION	REACTOME_NOTCH4_INTRACELLULAR_DOMAIN_REGULATES_TRANSCRIPTION		16	-0.3436155	-1.0256846	0.41517857	0.7230955	1.0	2880	tags=38%, list=19%, signal=46%	
SHEPARD_BMYB_MORPHOLINO_UP	SHEPARD_BMYB_MORPHOLINO_UP		186	-0.198488	-1.0256361	0.3409836	0.7226278	1.0	2462	tags=19%, list=16%, signal=23%	
WP_UNFOLDED_PROTEIN_RESPONSE	WP_UNFOLDED_PROTEIN_RESPONSE		21	-0.31980067	-1.0253168	0.43867925	0.72299993	1.0	4255	tags=62%, list=28%, signal=86%	
REACTOME_RHO_GTPASES_ACTIVATE_PKNS	REACTOME_RHO_GTPASES_ACTIVATE_PKNS		64	-0.23352575	-1.0245737	0.41050118	0.7247153	1.0	2642	tags=25%, list=17%, signal=30%	
REACTOME_PROSTACYCLIN_SIGNALLING_THROUGH_PROSTACYCLIN_RECEPTOR	REACTOME_PROSTACYCLIN_SIGNALLING_THROUGH_PROSTACYCLIN_RECEPTOR		16	-0.33266392	-1.0245138	0.4434968	0.72430784	1.0	4262	tags=50%, list=28%, signal=70%	
WP_LNCRNA_IN_CANONICAL_WNT_SIGNALING_AND_COLORECTAL_CANCER	WP_LNCRNA_IN_CANONICAL_WNT_SIGNALING_AND_COLORECTAL_CANCER		83	-0.22076091	-1.0243622	0.41917807	0.7241695	1.0	3442	tags=33%, list=23%, signal=42%	
GENTILE_UV_HIGH_DOSE_DN	GENTILE_UV_HIGH_DOSE_DN		264	-0.18449827	-1.0243496	0.37992832	0.7236208	1.0	4883	tags=35%, list=32%, signal=51%	
CAMPS_COLON_CANCER_COPY_NUMBER_UP	CAMPS_COLON_CANCER_COPY_NUMBER_UP		63	-0.23707354	-1.0242232	0.4005168	0.7234192	1.0	1359	tags=17%, list=9%, signal=19%	
ZAMORA_NOS2_TARGETS_DN	ZAMORA_NOS2_TARGETS_DN		71	-0.23104198	-1.0240587	0.38625592	0.7233264	1.0	3287	tags=27%, list=22%, signal=34%	
PETRETTO_HEART_MASS_QTL_CIS_DN	PETRETTO_HEART_MASS_QTL_CIS_DN		25	-0.30116162	-1.0239187	0.40586796	0.72315085	1.0	3293	tags=44%, list=22%, signal=56%	
CUI_GLUCOSE_DEPRIVATION	CUI_GLUCOSE_DEPRIVATION		54	-0.24865043	-1.0238594	0.40966922	0.72276115	1.0	2027	tags=20%, list=13%, signal=23%	
GARCIA_TARGETS_OF_FLI1_AND_DAX1_UP	GARCIA_TARGETS_OF_FLI1_AND_DAX1_UP		47	-0.24656022	-1.023496	0.4136253	0.72336835	1.0	1718	tags=17%, list=11%, signal=19%	
WP_MARKERS_OF_KIDNEY_CELL_LINEAGE	WP_MARKERS_OF_KIDNEY_CELL_LINEAGE		51	-0.24688838	-1.019355	0.4050633	0.7360502	1.0	2452	tags=22%, list=16%, signal=26%	
TOYOTA_TARGETS_OF_MIR34B_AND_MIR34C	TOYOTA_TARGETS_OF_MIR34B_AND_MIR34C		406	-0.1781219	-1.0191472	0.38636363	0.73609924	1.0	4096	tags=28%, list=27%, signal=37%	
BIOCARTA_TOLL_PATHWAY	BIOCARTA_TOLL_PATHWAY		17	-0.32923853	-1.0186731	0.4255814	0.73702705	1.0	2573	tags=35%, list=17%, signal=42%	
MCDOWELL_ACUTE_LUNG_INJURY_UP	MCDOWELL_ACUTE_LUNG_INJURY_UP		34	-0.26672292	-1.0184646	0.42997542	0.7371166	1.0	2598	tags=26%, list=17%, signal=32%	
PLASARI_TGFB1_SIGNALING_VIA_NFIC_1HR_DN	PLASARI_TGFB1_SIGNALING_VIA_NFIC_1HR_DN		95	-0.21563788	-1.0184113	0.4005168	0.73667306	1.0	3597	tags=28%, list=24%, signal=37%	
REACTOME_MAPK1_MAPK3_SIGNALING	REACTOME_MAPK1_MAPK3_SIGNALING		231	-0.1897147	-1.0176816	0.3737705	0.7384246	1.0	2612	tags=19%, list=17%, signal=23%	
WP_OSTEOBLAST_DIFFERENTIATION_AND_RELATED_DISEASES	WP_OSTEOBLAST_DIFFERENTIATION_AND_RELATED_DISEASES		101	-0.21213889	-1.0175846	0.41095892	0.7381082	1.0	1559	tags=15%, list=10%, signal=16%	
OSWALD_HEMATOPOIETIC_STEM_CELL_IN_COLLAGEN_GEL_DN	OSWALD_HEMATOPOIETIC_STEM_CELL_IN_COLLAGEN_GEL_DN		240	-0.18995586	-1.016236	0.44089457	0.7417618	1.0	2785	tags=22%, list=18%, signal=26%	
WP_NEUROINFLAMMATION_AND_GLUTAMATERGIC_SIGNALING	WP_NEUROINFLAMMATION_AND_GLUTAMATERGIC_SIGNALING		118	-0.21021529	-1.0162348	0.39237058	0.7411623	1.0	1148	tags=13%, list=8%, signal=14%	
GAZDA_DIAMOND_BLACKFAN_ANEMIA_PROGENITOR_UP	GAZDA_DIAMOND_BLACKFAN_ANEMIA_PROGENITOR_UP		33	-0.27311328	-1.0161501	0.4318182	0.74080867	1.0	3933	tags=33%, list=26%, signal=45%	
REACTOME_DEFECTIVE_INTRINSIC_PATHWAY_FOR_APOPTOSIS	REACTOME_DEFECTIVE_INTRINSIC_PATHWAY_FOR_APOPTOSIS		18	-0.31462926	-1.0161175	0.4338747	0.74029976	1.0	4264	tags=39%, list=28%, signal=54%	
CHEOK_RESPONSE_TO_HD_MTX_DN	CHEOK_RESPONSE_TO_HD_MTX_DN		20	-0.30353096	-1.0155071	0.41387025	0.741674	1.0	5986	tags=60%, list=40%, signal=99%	
BONOME_OVARIAN_CANCER_SURVIVAL_OPTIMAL_DEBULKING	BONOME_OVARIAN_CANCER_SURVIVAL_OPTIMAL_DEBULKING		213	-0.19104469	-1.0154457	0.3878205	0.7412687	1.0	2593	tags=21%, list=17%, signal=25%	
KEGG_MEDICUS_REFERENCE_EGF_EGFR_RAS_ERK_SIGNALING_PATHWAY	KEGG_MEDICUS_REFERENCE_EGF_EGFR_RAS_ERK_SIGNALING_PATHWAY		16	-0.32852402	-1.0153832	0.42256638	0.7408682	1.0	4918	tags=50%, list=33%, signal=74%	
LU_EZH2_TARGETS_DN	LU_EZH2_TARGETS_DN		348	-0.17923185	-1.0149589	0.41004184	0.7416269	1.0	4186	tags=31%, list=28%, signal=42%	
SIG_PIP3_SIGNALING_IN_B_LYMPHOCYTES	SIG_PIP3_SIGNALING_IN_B_LYMPHOCYTES		25	-0.29419646	-1.014839	0.42548078	0.7414184	1.0	1510	tags=20%, list=10%, signal=22%	
MATTIOLI_MGUS_VS_PCL	MATTIOLI_MGUS_VS_PCL		85	-0.22031257	-1.0142164	0.431694	0.7428151	1.0	3696	tags=27%, list=24%, signal=36%	
YAO_TEMPORAL_RESPONSE_TO_PROGESTERONE_CLUSTER_7	YAO_TEMPORAL_RESPONSE_TO_PROGESTERONE_CLUSTER_7		68	-0.23298775	-1.0139253	0.40897757	0.74315464	1.0	4365	tags=37%, list=29%, signal=51%	
WP_PHOSPHATIDYL_INOSITOL_PHOSPHATE_PATHWAY	WP_PHOSPHATIDYL_INOSITOL_PHOSPHATE_PATHWAY		39	-0.2576445	-1.0138193	0.42857143	0.7428618	1.0	1527	tags=15%, list=10%, signal=17%	
ACEVEDO_LIVER_CANCER_WITH_H3K27ME3_DN	ACEVEDO_LIVER_CANCER_WITH_H3K27ME3_DN		151	-0.19804189	-1.0136769	0.42165244	0.74267906	1.0	2248	tags=21%, list=15%, signal=24%	
KEGG_MEDICUS_PATHOGEN_KSHV_VGPCR_TO_GNB_G_PI3K_JNK_SIGNALING_PATHWAY	KEGG_MEDICUS_PATHOGEN_KSHV_VGPCR_TO_GNB_G_PI3K_JNK_SIGNALING_PATHWAY		26	-0.2891381	-1.0134447	0.41474655	0.7428424	1.0	4262	tags=46%, list=28%, signal=64%	
REACTOME_CALNEXIN_CALRETICULIN_CYCLE	REACTOME_CALNEXIN_CALRETICULIN_CYCLE		23	-0.30184156	-1.012782	0.44495413	0.74436414	1.0	4762	tags=43%, list=32%, signal=63%	
REACTOME_INTERLEUKIN_1_SIGNALING	REACTOME_INTERLEUKIN_1_SIGNALING		93	-0.2187182	-1.0124878	0.44031832	0.7447513	1.0	3081	tags=25%, list=20%, signal=31%	
WP_ADHD_AND_AUTISM_ASD_PATHWAYS	WP_ADHD_AND_AUTISM_ASD_PATHWAYS		305	-0.18202935	-1.0124575	0.42281878	0.74423385	1.0	2193	tags=18%, list=15%, signal=21%	
REACTOME_HCMV_LATE_EVENTS	REACTOME_HCMV_LATE_EVENTS		85	-0.21996744	-1.0122863	0.41602066	0.7442205	1.0	4387	tags=35%, list=29%, signal=49%	
LEE_LIVER_CANCER_ACOX1_UP	LEE_LIVER_CANCER_ACOX1_UP		55	-0.23953083	-1.0120431	0.44619423	0.74439204	1.0	2413	tags=25%, list=16%, signal=30%	
BIOCARTA_EGF_PATHWAY	BIOCARTA_EGF_PATHWAY		23	-0.29402223	-1.0116264	0.43779904	0.74508446	1.0	931	tags=17%, list=6%, signal=19%	
PID_HEDGEHOG_2PATHWAY	PID_HEDGEHOG_2PATHWAY		19	-0.31006667	-1.0109935	0.42857143	0.74649745	1.0	2870	tags=37%, list=19%, signal=45%	
REACTOME_TP53_REGULATES_TRANSCRIPTION_OF_GENES_INVOLVED_IN_CYTOCHROME_C_RELEASE	REACTOME_TP53_REGULATES_TRANSCRIPTION_OF_GENES_INVOLVED_IN_CYTOCHROME_C_RELEASE		17	-0.32144037	-1.0106463	0.45553145	0.7470423	1.0	2880	tags=41%, list=19%, signal=51%	
REACTOME_HATS_ACETYLATE_HISTONES	REACTOME_HATS_ACETYLATE_HISTONES		108	-0.21121539	-1.0105103	0.42857143	0.7468769	1.0	4424	tags=35%, list=29%, signal=49%	
WP_MTHFR_DEFICIENCY	WP_MTHFR_DEFICIENCY		21	-0.30871096	-1.0104563	0.4240363	0.74642795	1.0	4237	tags=38%, list=28%, signal=53%	
PID_HIF1A_PATHWAY	PID_HIF1A_PATHWAY		17	-0.31789166	-1.0099962	0.42280284	0.74737346	1.0	6399	tags=71%, list=42%, signal=122%	
BIOCARTA_MAPK_PATHWAY	BIOCARTA_MAPK_PATHWAY		69	-0.23010816	-1.0087559	0.41951218	0.75075686	1.0	3068	tags=28%, list=20%, signal=34%	
SAGIV_CD24_TARGETS_DN	SAGIV_CD24_TARGETS_DN		38	-0.2621975	-1.0083967	0.40941176	0.7513631	1.0	1402	tags=18%, list=9%, signal=20%	
BIOCARTA_INFLAM_PATHWAY	BIOCARTA_INFLAM_PATHWAY		15	-0.34360674	-1.0082643	0.44494382	0.7511627	1.0	3991	tags=53%, list=26%, signal=72%	
CHIANG_LIVER_CANCER_SUBCLASS_POLYSOMY7_DN	CHIANG_LIVER_CANCER_SUBCLASS_POLYSOMY7_DN		24	-0.2943619	-1.0080837	0.4488778	0.7511554	1.0	4898	tags=46%, list=32%, signal=68%	
JIANG_TIP30_TARGETS_DN	JIANG_TIP30_TARGETS_DN		21	-0.30544266	-1.0078567	0.445977	0.75128245	1.0	3940	tags=48%, list=26%, signal=64%	
REACTOME_DISEASES_ASSOCIATED_WITH_GLYCOSAMINOGLYCAN_METABOLISM	REACTOME_DISEASES_ASSOCIATED_WITH_GLYCOSAMINOGLYCAN_METABOLISM		36	-0.2627204	-1.0078008	0.4329897	0.750869	1.0	3603	tags=36%, list=24%, signal=47%	
REACTOME_PIWI_INTERACTING_RNA_PIRNA_BIOGENESIS	REACTOME_PIWI_INTERACTING_RNA_PIRNA_BIOGENESIS		23	-0.29407507	-1.0075837	0.43269232	0.7509654	1.0	1194	tags=17%, list=8%, signal=19%	
WP_GLYCOSPHINGOLIPID_METABOLISM	WP_GLYCOSPHINGOLIPID_METABOLISM		19	-0.31072214	-1.0074693	0.4376417	0.75075144	1.0	3040	tags=32%, list=20%, signal=39%	
BIDUS_METASTASIS_UP	BIDUS_METASTASIS_UP		199	-0.19118764	-1.0069053	0.44444445	0.7519718	1.0	3142	tags=20%, list=21%, signal=25%	
PID_ARF6_TRAFFICKING_PATHWAY	PID_ARF6_TRAFFICKING_PATHWAY		41	-0.24964283	-1.0066161	0.46191648	0.7522889	1.0	2735	tags=27%, list=18%, signal=33%	
BIOCARTA_GPCR_PATHWAY	BIOCARTA_GPCR_PATHWAY		24	-0.29651475	-1.0061524	0.45990565	0.75317425	1.0	3068	tags=29%, list=20%, signal=37%	
WANG_CISPLATIN_RESPONSE_AND_XPC_DN	WANG_CISPLATIN_RESPONSE_AND_XPC_DN		195	-0.1935158	-1.0060276	0.41791046	0.75299984	1.0	3995	tags=30%, list=26%, signal=41%	
SIMBULAN_PARP1_TARGETS_UP	SIMBULAN_PARP1_TARGETS_UP		28	-0.28192022	-1.0057013	0.44772726	0.75345856	1.0	4248	tags=43%, list=28%, signal=60%	
SILIGAN_BOUND_BY_EWS_FLT1_FUSION	SILIGAN_BOUND_BY_EWS_FLT1_FUSION		35	-0.2677847	-1.0056968	0.44067797	0.7528746	1.0	3803	tags=37%, list=25%, signal=50%	
ZHOU_TNF_SIGNALING_4HR	ZHOU_TNF_SIGNALING_4HR		46	-0.2475049	-1.0055672	0.45560747	0.7526804	1.0	3357	tags=33%, list=22%, signal=42%	
IIZUKA_LIVER_CANCER_PROGRESSION_L0_L1_DN	IIZUKA_LIVER_CANCER_PROGRESSION_L0_L1_DN		15	-0.33491465	-1.0052009	0.45238096	0.7531751	1.0	4022	tags=47%, list=27%, signal=64%	
REACTOME_VASOPRESSIN_REGULATES_RENAL_WATER_HOMEOSTASIS_VIA_AQUAPORINS	REACTOME_VASOPRESSIN_REGULATES_RENAL_WATER_HOMEOSTASIS_VIA_AQUAPORINS		34	-0.26729053	-1.0051534	0.43640897	0.75273424	1.0	5004	tags=50%, list=33%, signal=75%	
GUO_HEX_TARGETS_UP	GUO_HEX_TARGETS_UP		72	-0.22307816	-1.0046135	0.4362245	0.75387174	1.0	3419	tags=22%, list=23%, signal=29%	
REACTOME_BASIGIN_INTERACTIONS	REACTOME_BASIGIN_INTERACTIONS		21	-0.2983932	-1.004392	0.43891403	0.75401986	1.0	2170	tags=24%, list=14%, signal=28%	
REACTOME_HIV_INFECTION	REACTOME_HIV_INFECTION		202	-0.18840566	-1.0042056	0.4375	0.753998	1.0	2423	tags=16%, list=16%, signal=19%	
YAGI_AML_WITH_11Q23_REARRANGED	YAGI_AML_WITH_11Q23_REARRANGED		302	-0.17778602	-1.003105	0.43816254	0.75694746	1.0	2232	tags=17%, list=15%, signal=20%	
FIGUEROA_AML_METHYLATION_CLUSTER_2_UP	FIGUEROA_AML_METHYLATION_CLUSTER_2_UP		47	-0.24777228	-1.0028127	0.45641026	0.75728047	1.0	2702	tags=28%, list=18%, signal=34%	
YAGI_AML_WITH_INV_16_TRANSLOCATION	YAGI_AML_WITH_INV_16_TRANSLOCATION		349	-0.17748344	-1.0024143	0.4128114	0.75788087	1.0	2755	tags=22%, list=18%, signal=27%	
WP_WNT_SIGNALING	WP_WNT_SIGNALING		103	-0.20738088	-1.0019926	0.4441341	0.7586324	1.0	1294	tags=16%, list=9%, signal=17%	
REACTOME_TRANSLATION_OF_SARS_COV_2_STRUCTURAL_PROTEINS	REACTOME_TRANSLATION_OF_SARS_COV_2_STRUCTURAL_PROTEINS		54	-0.24226822	-1.0018365	0.4372093	0.75852925	1.0	2623	tags=22%, list=17%, signal=27%	
GRUETZMANN_PANCREATIC_CANCER_DN	GRUETZMANN_PANCREATIC_CANCER_DN		171	-0.19146669	-1.0011675	0.47839507	0.76008767	1.0	3500	tags=28%, list=23%, signal=36%	
RICKMAN_METASTASIS_DN	RICKMAN_METASTASIS_DN		226	-0.18696342	-1.0005314	0.41691843	0.76154035	1.0	2891	tags=24%, list=19%, signal=30%	
PID_REG_GR_PATHWAY	PID_REG_GR_PATHWAY		59	-0.23088697	-1.0004553	0.4562334	0.76121014	1.0	2880	tags=31%, list=19%, signal=38%	
REACTOME_CONDENSATION_OF_PROPHASE_CHROMOSOMES	REACTOME_CONDENSATION_OF_PROPHASE_CHROMOSOMES		47	-0.2500854	-1.0004091	0.4352078	0.76076734	1.0	4317	tags=38%, list=29%, signal=53%	
KEGG_GAP_JUNCTION	KEGG_GAP_JUNCTION		77	-0.21997555	-0.9999408	0.44935066	0.7616601	1.0	3220	tags=26%, list=21%, signal=33%	
HAN_JNK_SINGALING_UP	HAN_JNK_SINGALING_UP		28	-0.2757602	-0.9996881	0.48752835	0.76182884	1.0	2983	tags=32%, list=20%, signal=40%	
NABA_MATRISOME_HIGHLY_METASTATIC_MELANOMA	NABA_MATRISOME_HIGHLY_METASTATIC_MELANOMA		18	-0.31121078	-0.999529	0.44591612	0.76171064	1.0	4664	tags=56%, list=31%, signal=80%	
JIANG_AGING_CEREBRAL_CORTEX_UP	JIANG_AGING_CEREBRAL_CORTEX_UP		29	-0.2776752	-0.9987191	0.43028846	0.7636461	1.0	1755	tags=24%, list=12%, signal=27%	
RODRIGUES_THYROID_CARCINOMA_UP	RODRIGUES_THYROID_CARCINOMA_UP		16	-0.31742814	-0.99871176	0.4527027	0.76306266	1.0	1899	tags=25%, list=13%, signal=29%	
STREICHER_LSM1_TARGETS_UP	STREICHER_LSM1_TARGETS_UP		41	-0.24865915	-0.9986376	0.46534654	0.76270205	1.0	1547	tags=17%, list=10%, signal=19%	
GENTILE_UV_RESPONSE_CLUSTER_D6	GENTILE_UV_RESPONSE_CLUSTER_D6		29	-0.27557018	-0.9985412	0.46363637	0.76242703	1.0	1156	tags=14%, list=8%, signal=15%	
REACTOME_PRC2_METHYLATES_HISTONES_AND_DNA	REACTOME_PRC2_METHYLATES_HISTONES_AND_DNA		46	-0.24379931	-0.9985359	0.4509346	0.7618448	1.0	4317	tags=35%, list=29%, signal=49%	
SUZUKI_RESPONSE_TO_TSA_AND_DECITABINE_1A	SUZUKI_RESPONSE_TO_TSA_AND_DECITABINE_1A		18	-0.32103282	-0.9984656	0.4221698	0.7614567	1.0	1667	tags=22%, list=11%, signal=25%	
WP_ALBUTEROL_AND_BUDESONIDE_THERAPY_FOR_ASTHMA	WP_ALBUTEROL_AND_BUDESONIDE_THERAPY_FOR_ASTHMA		19	-0.30616242	-0.9983444	0.45454547	0.7612674	1.0	1107	tags=16%, list=7%, signal=17%	
HOQUE_METHYLATED_IN_CANCER	HOQUE_METHYLATED_IN_CANCER		44	-0.25324038	-0.99823904	0.48218527	0.76101565	1.0	2462	tags=27%, list=16%, signal=32%	
HOEBEKE_LYMPHOID_STEM_CELL_UP	HOEBEKE_LYMPHOID_STEM_CELL_UP		85	-0.21738017	-0.99797404	0.45547074	0.7612788	1.0	4077	tags=38%, list=27%, signal=51%	
REACTOME_TRANSPORT_OF_MATURE_TRANSCRIPT_TO_CYTOPLASM	REACTOME_TRANSPORT_OF_MATURE_TRANSCRIPT_TO_CYTOPLASM		75	-0.22317293	-0.9979011	0.4574468	0.760927	1.0	4391	tags=36%, list=29%, signal=50%	
REACTOME_SIGNALING_BY_CSF1_M_CSF_IN_MYELOID_CELLS	REACTOME_SIGNALING_BY_CSF1_M_CSF_IN_MYELOID_CELLS		28	-0.27702904	-0.99788135	0.46330276	0.7604043	1.0	2536	tags=21%, list=17%, signal=26%	
REACTOME_GABA_B_RECEPTOR_ACTIVATION	REACTOME_GABA_B_RECEPTOR_ACTIVATION		38	-0.2537465	-0.99743015	0.46713614	0.76123714	1.0	1574	tags=18%, list=10%, signal=21%	
MORI_PLASMA_CELL_DN	MORI_PLASMA_CELL_DN		29	-0.28028318	-0.99742085	0.45454547	0.7606861	1.0	985	tags=17%, list=7%, signal=18%	
BROWNE_HCMV_INFECTION_48HR_DN	BROWNE_HCMV_INFECTION_48HR_DN		381	-0.17610618	-0.9969292	0.4474708	0.76167595	1.0	3166	tags=24%, list=21%, signal=29%	
REACTOME_TRANSCRIPTIONAL_REGULATION_BY_SMALL_RNAS	REACTOME_TRANSCRIPTIONAL_REGULATION_BY_SMALL_RNAS		81	-0.2180855	-0.99646914	0.43828714	0.76254535	1.0	4317	tags=36%, list=29%, signal=50%	
KEGG_EPITHELIAL_CELL_SIGNALING_IN_HELICOBACTER_PYLORI_INFECTION	KEGG_EPITHELIAL_CELL_SIGNALING_IN_HELICOBACTER_PYLORI_INFECTION		58	-0.23196477	-0.9957116	0.44951922	0.76440173	1.0	4792	tags=47%, list=32%, signal=68%	
KEGG_HEDGEHOG_SIGNALING_PATHWAY	KEGG_HEDGEHOG_SIGNALING_PATHWAY		48	-0.24034469	-0.9954196	0.46300715	0.7647832	1.0	2916	tags=31%, list=19%, signal=39%	
BIOCARTA_FAS_PATHWAY	BIOCARTA_FAS_PATHWAY		26	-0.2824598	-0.9949927	0.45754716	0.7655754	1.0	972	tags=19%, list=6%, signal=21%	
PID_HNF3A_PATHWAY	PID_HNF3A_PATHWAY		32	-0.26442593	-0.99470776	0.46875	0.7658951	1.0	2880	tags=28%, list=19%, signal=35%	
WP_RAC1PAK1P38MMP2_PATHWAY	WP_RAC1PAK1P38MMP2_PATHWAY		58	-0.23349208	-0.9940527	0.45789474	0.76742	1.0	2687	tags=19%, list=18%, signal=23%	
MANALO_HYPOXIA_DN	MANALO_HYPOXIA_DN		271	-0.18187045	-0.99403745	0.47857141	0.7668898	1.0	4273	tags=28%, list=28%, signal=38%	
REACTOME_CYTOSOLIC_SULFONATION_OF_SMALL_MOLECULES	REACTOME_CYTOSOLIC_SULFONATION_OF_SMALL_MOLECULES		18	-0.31284076	-0.99351054	0.4740566	0.76793575	1.0	4706	tags=50%, list=31%, signal=73%	
PID_AP1_PATHWAY	PID_AP1_PATHWAY		52	-0.23677577	-0.9933958	0.4772182	0.76772577	1.0	3634	tags=31%, list=24%, signal=40%	
WP_ENDOPLASMIC_RETICULUM_STRESS_RESPONSE_IN_CORONAVIRUS_INFECTION	WP_ENDOPLASMIC_RETICULUM_STRESS_RESPONSE_IN_CORONAVIRUS_INFECTION		43	-0.2506332	-0.9931643	0.46212122	0.76785034	1.0	3699	tags=37%, list=24%, signal=49%	
REACTOME_ADP_SIGNALLING_THROUGH_P2Y_PURINOCEPTOR_1	REACTOME_ADP_SIGNALLING_THROUGH_P2Y_PURINOCEPTOR_1		22	-0.29309136	-0.993113	0.45652175	0.7674279	1.0	4885	tags=55%, list=32%, signal=80%	
REACTOME_NEDDYLATION	REACTOME_NEDDYLATION		206	-0.18595277	-0.9929525	0.46325877	0.76736	1.0	3296	tags=22%, list=22%, signal=28%	
REACTOME_MATURATION_OF_TCA_ENZYMES_AND_REGULATION_OF_TCA_CYCLE	REACTOME_MATURATION_OF_TCA_ENZYMES_AND_REGULATION_OF_TCA_CYCLE		15	-0.32340577	-0.99288636	0.43362832	0.7670004	1.0	4760	tags=60%, list=32%, signal=88%	
SMID_BREAST_CANCER_RELAPSE_IN_PLEURA_DN	SMID_BREAST_CANCER_RELAPSE_IN_PLEURA_DN		20	-0.308635	-0.99255854	0.45833334	0.7674732	1.0	1023	tags=15%, list=7%, signal=16%	
WIERENGA_PML_INTERACTOME	WIERENGA_PML_INTERACTOME		36	-0.2591529	-0.9923371	0.4562334	0.7675992	1.0	3719	tags=28%, list=25%, signal=37%	
REACTOME_RHO_GTPASES_ACTIVATE_CIT	REACTOME_RHO_GTPASES_ACTIVATE_CIT		16	-0.3179317	-0.99209386	0.46067417	0.7678216	1.0	907	tags=19%, list=6%, signal=20%	
KEGG_MELANOMA	KEGG_MELANOMA		59	-0.22916616	-0.9919189	0.45363408	0.76778215	1.0	3068	tags=24%, list=20%, signal=30%	
HUTTMANN_B_CLL_POOR_SURVIVAL_DN	HUTTMANN_B_CLL_POOR_SURVIVAL_DN		49	-0.23840444	-0.99171007	0.45812806	0.76785225	1.0	2552	tags=27%, list=17%, signal=32%	
MALONEY_RESPONSE_TO_17AAG_DN	MALONEY_RESPONSE_TO_17AAG_DN		73	-0.21848133	-0.99121904	0.4593176	0.76891434	1.0	3864	tags=32%, list=26%, signal=42%	
WP_SUDDEN_INFANT_DEATH_SYNDROME_SIDS_SUSCEPTIBILITY_PATHWAYS	WP_SUDDEN_INFANT_DEATH_SYNDROME_SIDS_SUSCEPTIBILITY_PATHWAYS		121	-0.19962718	-0.99109703	0.45614034	0.7687223	1.0	3400	tags=28%, list=23%, signal=36%	
BIOCARTA_GCR_PATHWAY	BIOCARTA_GCR_PATHWAY		15	-0.32467818	-0.991012	0.4594017	0.7684039	1.0	1167	tags=13%, list=8%, signal=14%	
WP_DRAVET_SYNDROME	WP_DRAVET_SYNDROME		23	-0.28761625	-0.99076164	0.47629312	0.7686033	1.0	2440	tags=22%, list=16%, signal=26%	
WANG_RESPONSE_TO_FORSKOLIN_UP	WANG_RESPONSE_TO_FORSKOLIN_UP		19	-0.30344817	-0.9899328	0.47391304	0.77064145	1.0	694	tags=16%, list=5%, signal=17%	
MALTA_CURATED_STEMNESS_MARKERS	MALTA_CURATED_STEMNESS_MARKERS		16	-0.3191892	-0.98972774	0.46559632	0.7706939	1.0	2305	tags=25%, list=15%, signal=29%	
FIRESTEIN_PROLIFERATION	FIRESTEIN_PROLIFERATION		147	-0.1952843	-0.9896142	0.465625	0.7704581	1.0	2703	tags=20%, list=18%, signal=25%	
HEBERT_MATRISOME_TNBC_BRAIN_METASTASIS	HEBERT_MATRISOME_TNBC_BRAIN_METASTASIS		22	-0.29004672	-0.98942447	0.43691587	0.7704838	1.0	1614	tags=23%, list=11%, signal=25%	
REACTOME_SIGNALING_BY_NOTCH2	REACTOME_SIGNALING_BY_NOTCH2		32	-0.26403514	-0.9893595	0.4425428	0.77012026	1.0	3225	tags=34%, list=21%, signal=44%	
REACTOME_SIGNALING_BY_FGFR2	REACTOME_SIGNALING_BY_FGFR2		65	-0.2275538	-0.9891606	0.496	0.77016324	1.0	1236	tags=14%, list=8%, signal=15%	
MARIADASON_REGULATED_BY_HISTONE_ACETYLATION_UP	MARIADASON_REGULATED_BY_HISTONE_ACETYLATION_UP		54	-0.23628375	-0.9885024	0.47524753	0.77166396	1.0	4300	tags=39%, list=28%, signal=54%	
BENPORATH_OCT4_TARGETS	BENPORATH_OCT4_TARGETS		274	-0.1802981	-0.98753834	0.5143885	0.77410954	1.0	4519	tags=34%, list=30%, signal=48%	
WP_AMPACTIVATED_PROTEIN_KINASE_SIGNALING	WP_AMPACTIVATED_PROTEIN_KINASE_SIGNALING		47	-0.2468266	-0.98734117	0.48232323	0.7741184	1.0	3550	tags=34%, list=23%, signal=44%	
REACTOME_SIGNALING_BY_ERBB2	REACTOME_SIGNALING_BY_ERBB2		45	-0.24467763	-0.9871478	0.4613583	0.7741432	1.0	2687	tags=24%, list=18%, signal=30%	
WP_THYROXINE_THYROID_HORMONE_PRODUCTION	WP_THYROXINE_THYROID_HORMONE_PRODUCTION		23	-0.28548056	-0.98707956	0.4580499	0.77375937	1.0	3068	tags=30%, list=20%, signal=38%	
REACTOME_CD28_DEPENDENT_PI3K_AKT_SIGNALING	REACTOME_CD28_DEPENDENT_PI3K_AKT_SIGNALING		18	-0.31877926	-0.9869273	0.48441246	0.7736329	1.0	1510	tags=22%, list=10%, signal=25%	
KYNG_DNA_DAMAGE_BY_4NQO_OR_UV	KYNG_DNA_DAMAGE_BY_4NQO_OR_UV		57	-0.23391034	-0.98645633	0.47560975	0.77455753	1.0	1887	tags=19%, list=12%, signal=22%	
IIZUKA_LIVER_CANCER_PROGRESSION_G2_G3_UP	IIZUKA_LIVER_CANCER_PROGRESSION_G2_G3_UP		23	-0.2936699	-0.98623645	0.4554217	0.774626	1.0	3257	tags=39%, list=22%, signal=50%	
KEGG_MEDICUS_PATHOGEN_SALMONELLA_SOPB_TO_ARNO_ARF_ACTB_G_SIGNALING_PATHWAY	KEGG_MEDICUS_PATHOGEN_SALMONELLA_SOPB_TO_ARNO_ARF_ACTB_G_SIGNALING_PATHWAY		27	-0.27385852	-0.98605895	0.45363408	0.77459806	1.0	2715	tags=19%, list=18%, signal=23%	
REACTOME_RECYCLING_PATHWAY_OF_L1	REACTOME_RECYCLING_PATHWAY_OF_L1		38	-0.25405696	-0.9860457	0.45433256	0.7740573	1.0	3110	tags=34%, list=21%, signal=43%	
STEIN_ESTROGEN_RESPONSE_NOT_VIA_ESRRA	STEIN_ESTROGEN_RESPONSE_NOT_VIA_ESRRA		16	-0.3196807	-0.9855879	0.4766147	0.7749423	1.0	2068	tags=31%, list=14%, signal=36%	
WP_NONALCOHOLIC_FATTY_LIVER_DISEASE	WP_NONALCOHOLIC_FATTY_LIVER_DISEASE		125	-0.19871277	-0.98549163	0.47191012	0.774656	1.0	2654	tags=21%, list=18%, signal=25%	
REACTOME_REGULATION_OF_RUNX1_EXPRESSION_AND_ACTIVITY	REACTOME_REGULATION_OF_RUNX1_EXPRESSION_AND_ACTIVITY		15	-0.3262768	-0.98470557	0.46025103	0.7765655	1.0	3256	tags=40%, list=22%, signal=51%	
NOJIMA_SFRP2_TARGETS_UP	NOJIMA_SFRP2_TARGETS_UP		25	-0.28159958	-0.98453224	0.4817987	0.77651113	1.0	756	tags=16%, list=5%, signal=17%	
PID_PDGFRA_PATHWAY	PID_PDGFRA_PATHWAY		17	-0.3184849	-0.9842949	0.4627907	0.7766309	1.0	2534	tags=24%, list=17%, signal=28%	
KEGG_T_CELL_RECEPTOR_SIGNALING_PATHWAY	KEGG_T_CELL_RECEPTOR_SIGNALING_PATHWAY		83	-0.218319	-0.9835919	0.5	0.77815366	1.0	1758	tags=16%, list=12%, signal=18%	
REACTOME_COPI_MEDIATED_ANTEROGRADE_TRANSPORT	REACTOME_COPI_MEDIATED_ANTEROGRADE_TRANSPORT		87	-0.21581782	-0.9832358	0.46505377	0.77869713	1.0	3127	tags=25%, list=21%, signal=32%	
REACTOME_COLLAGEN_DEGRADATION	REACTOME_COLLAGEN_DEGRADATION		54	-0.23390925	-0.9831742	0.47311828	0.77832687	1.0	2821	tags=28%, list=19%, signal=34%	
REACTOME_INHIBITION_OF_DNA_RECOMBINATION_AT_TELOMERE	REACTOME_INHIBITION_OF_DNA_RECOMBINATION_AT_TELOMERE		47	-0.24145114	-0.98285943	0.4849246	0.77876925	1.0	3510	tags=32%, list=23%, signal=41%	
WP_CIRCADIAN_RHYTHM_GENES	WP_CIRCADIAN_RHYTHM_GENES		162	-0.18866576	-0.9825283	0.49101797	0.7792303	1.0	3664	tags=29%, list=24%, signal=38%	
REACTOME_L1CAM_INTERACTIONS	REACTOME_L1CAM_INTERACTIONS		101	-0.20713985	-0.982172	0.50276244	0.77976775	1.0	3110	tags=26%, list=21%, signal=32%	
LI_WILMS_TUMOR_VS_FETAL_KIDNEY_2_DN	LI_WILMS_TUMOR_VS_FETAL_KIDNEY_2_DN		43	-0.24883443	-0.98202586	0.48762375	0.779643	1.0	1769	tags=23%, list=12%, signal=26%	
KEGG_MEDICUS_REFERENCE_ARL8_REGULATED_MICROTUBULE_PLUS_END_DIRECTED_TRANSPORT	KEGG_MEDICUS_REFERENCE_ARL8_REGULATED_MICROTUBULE_PLUS_END_DIRECTED_TRANSPORT		29	-0.27345514	-0.98099566	0.47511312	0.7823215	1.0	3491	tags=31%, list=23%, signal=40%	
TANG_SENESCENCE_TP53_TARGETS_UP	TANG_SENESCENCE_TP53_TARGETS_UP		27	-0.27710566	-0.98064554	0.44819278	0.7828155	1.0	624	tags=15%, list=4%, signal=15%	
REACTOME_RAS_PROCESSING	REACTOME_RAS_PROCESSING		22	-0.2877192	-0.98059946	0.4730392	0.7823908	1.0	3742	tags=32%, list=25%, signal=42%	
NOUZOVA_METHYLATED_IN_APL	NOUZOVA_METHYLATED_IN_APL		53	-0.23445182	-0.9801339	0.4910486	0.7832821	1.0	3395	tags=34%, list=22%, signal=44%	
NABA_PROTEOGLYCANS	NABA_PROTEOGLYCANS		25	-0.27854922	-0.9797001	0.48181817	0.7840794	1.0	1842	tags=28%, list=12%, signal=32%	
PULVER_FOREY_PERTURB_ATTRITION_LG1	PULVER_FOREY_PERTURB_ATTRITION_LG1		407	-0.17042796	-0.9794142	0.5703704	0.78435606	1.0	4631	tags=36%, list=31%, signal=50%	
BIOCARTA_NOS1_PATHWAY	BIOCARTA_NOS1_PATHWAY		16	-0.3130718	-0.97923326	0.4916067	0.78435796	1.0	1167	tags=19%, list=8%, signal=20%	
KEGG_SYSTEMIC_LUPUS_ERYTHEMATOSUS	KEGG_SYSTEMIC_LUPUS_ERYTHEMATOSUS		83	-0.21534848	-0.97899884	0.48129675	0.78451246	1.0	3846	tags=34%, list=25%, signal=45%	
REACTOME_MITOCHONDRIAL_TRNA_AMINOACYLATION	REACTOME_MITOCHONDRIAL_TRNA_AMINOACYLATION		21	-0.2947451	-0.97844243	0.4520548	0.7857444	1.0	3960	tags=33%, list=26%, signal=45%	
KEGG_GLYCOSPHINGOLIPID_BIOSYNTHESIS_LACTO_AND_NEOLACTO_SERIES	KEGG_GLYCOSPHINGOLIPID_BIOSYNTHESIS_LACTO_AND_NEOLACTO_SERIES		19	-0.30250087	-0.9783866	0.46052632	0.78532666	1.0	3040	tags=37%, list=20%, signal=46%	
SWEET_LUNG_CANCER_KRAS_UP	SWEET_LUNG_CANCER_KRAS_UP		416	-0.17046155	-0.9783138	0.5411765	0.7849536	1.0	2921	tags=22%, list=19%, signal=26%	
GENTILE_UV_RESPONSE_CLUSTER_D4	GENTILE_UV_RESPONSE_CLUSTER_D4		50	-0.23553652	-0.9781707	0.49638554	0.78481674	1.0	2876	tags=24%, list=19%, signal=30%	
WP_IRONSULFUR_CLUSTER_BIOGENESIS	WP_IRONSULFUR_CLUSTER_BIOGENESIS		15	-0.3283897	-0.97750163	0.5023148	0.7863284	1.0	3817	tags=47%, list=25%, signal=62%	
ZHONG_RESPONSE_TO_AZACITIDINE_AND_TSA_UP	ZHONG_RESPONSE_TO_AZACITIDINE_AND_TSA_UP		150	-0.19220182	-0.9771479	0.5277778	0.78688025	1.0	1958	tags=17%, list=13%, signal=20%	
WU_HBX_TARGETS_2_UP	WU_HBX_TARGETS_2_UP		20	-0.29944494	-0.97673917	0.49686846	0.7876117	1.0	2916	tags=30%, list=19%, signal=37%	
REACTOME_CELL_DEATH_SIGNALLING_VIA_NRAGE_NRIF_AND_NADE	REACTOME_CELL_DEATH_SIGNALLING_VIA_NRAGE_NRIF_AND_NADE		69	-0.21971293	-0.9763967	0.5137157	0.78809494	1.0	2266	tags=25%, list=15%, signal=29%	
ALONSO_METASTASIS_NEURAL_UP	ALONSO_METASTASIS_NEURAL_UP		16	-0.3210728	-0.97585475	0.4585153	0.7892493	1.0	2534	tags=44%, list=17%, signal=53%	
PID_CASPASE_PATHWAY	PID_CASPASE_PATHWAY		45	-0.24052396	-0.9756418	0.48372093	0.7893616	1.0	1360	tags=18%, list=9%, signal=19%	
REACTOME_CYTOSOLIC_SENSORS_OF_PATHOGEN_ASSOCIATED_DNA	REACTOME_CYTOSOLIC_SENSORS_OF_PATHOGEN_ASSOCIATED_DNA		56	-0.2295569	-0.9754742	0.50359714	0.78931314	1.0	1060	tags=14%, list=7%, signal=15%	
WP_DISRUPTION_OF_POSTSYNAPTIC_SIGNALING_BY_CNV	WP_DISRUPTION_OF_POSTSYNAPTIC_SIGNALING_BY_CNV		30	-0.26908383	-0.97530615	0.49766356	0.78924364	1.0	1545	tags=17%, list=10%, signal=19%	
PID_S1P_S1P2_PATHWAY	PID_S1P_S1P2_PATHWAY		17	-0.3149785	-0.9745442	0.4801762	0.79104984	1.0	978	tags=18%, list=6%, signal=19%	
XU_GH1_AUTOCRINE_TARGETS_DN	XU_GH1_AUTOCRINE_TARGETS_DN		114	-0.20285656	-0.9742197	0.5327869	0.79142296	1.0	4538	tags=39%, list=30%, signal=56%	
CHEN_LVAD_SUPPORT_OF_FAILING_HEART_DN	CHEN_LVAD_SUPPORT_OF_FAILING_HEART_DN		33	-0.26072732	-0.9741968	0.46715328	0.79091173	1.0	4332	tags=42%, list=29%, signal=59%	
CARRILLOREIXACH_MRS3_VS_LOWER_RISK_HEPATOBLASTOMA_UP	CARRILLOREIXACH_MRS3_VS_LOWER_RISK_HEPATOBLASTOMA_UP		41	-0.24227563	-0.9741595	0.48076922	0.79044956	1.0	1489	tags=17%, list=10%, signal=19%	
ZHAN_MULTIPLE_MYELOMA_MF_DN	ZHAN_MULTIPLE_MYELOMA_MF_DN		37	-0.25370115	-0.97415304	0.5011876	0.789898	1.0	3447	tags=35%, list=23%, signal=45%	
REACTOME_NEGATIVE_REGULATION_OF_FGFR3_SIGNALING	REACTOME_NEGATIVE_REGULATION_OF_FGFR3_SIGNALING		26	-0.27839413	-0.97390735	0.4479419	0.7900783	1.0	2925	tags=31%, list=19%, signal=38%	
WP_PHOTODYNAMIC_THERAPYINDUCED_NFKB_SURVIVAL_SIGNALING	WP_PHOTODYNAMIC_THERAPYINDUCED_NFKB_SURVIVAL_SIGNALING		30	-0.25777972	-0.9734366	0.5011442	0.79089266	1.0	2821	tags=30%, list=19%, signal=37%	
THUM_SYSTOLIC_HEART_FAILURE_DN	THUM_SYSTOLIC_HEART_FAILURE_DN		179	-0.1843255	-0.9731621	0.55617976	0.79117286	1.0	4630	tags=37%, list=31%, signal=53%	
BREDEMEYER_RAG_SIGNALING_NOT_VIA_ATM_DN	BREDEMEYER_RAG_SIGNALING_NOT_VIA_ATM_DN		50	-0.22958079	-0.97304624	0.5110024	0.79096705	1.0	3467	tags=32%, list=23%, signal=41%	
WP_ANTIVIRAL_AND_ANTIINFLAMMATORY_EFFECTS_OF_NRF2_ON_SARSCOV2_PATHWAY	WP_ANTIVIRAL_AND_ANTIINFLAMMATORY_EFFECTS_OF_NRF2_ON_SARSCOV2_PATHWAY		26	-0.27344954	-0.9725637	0.47785547	0.79188776	1.0	2821	tags=27%, list=19%, signal=33%	
WAKABAYASHI_ADIPOGENESIS_PPARG_BOUND_36HR	WAKABAYASHI_ADIPOGENESIS_PPARG_BOUND_36HR		28	-0.27301762	-0.9721627	0.47577092	0.7925412	1.0	3769	tags=39%, list=25%, signal=52%	
ABRAMSON_INTERACT_WITH_AIRE	ABRAMSON_INTERACT_WITH_AIRE		39	-0.25045177	-0.9718943	0.5233161	0.7928181	1.0	4434	tags=38%, list=29%, signal=54%	
IBRAHIM_NRF2_DOWN	IBRAHIM_NRF2_DOWN		138	-0.19482014	-0.970949	0.49577466	0.7951035	1.0	4758	tags=39%, list=31%, signal=57%	
KEGG_MEDICUS_VARIANT_MUTATION_CAUSED_ABERRANT_ABETA_TO_MGLUR5_CA2_APOPTOTIC_PATHWAY	KEGG_MEDICUS_VARIANT_MUTATION_CAUSED_ABERRANT_ABETA_TO_MGLUR5_CA2_APOPTOTIC_PATHWAY		18	-0.30453452	-0.970858	0.48290598	0.79477894	1.0	1693	tags=17%, list=11%, signal=19%	
WP_DOPAMINERGIC_NEUROGENESIS	WP_DOPAMINERGIC_NEUROGENESIS		25	-0.27450585	-0.9707924	0.4889868	0.7943881	1.0	3966	tags=44%, list=26%, signal=60%	
REACTOME_SIGNALING_BY_WNT	REACTOME_SIGNALING_BY_WNT		261	-0.17827463	-0.9702867	0.5440252	0.79536617	1.0	4317	tags=34%, list=29%, signal=46%	
BILANGES_SERUM_SENSITIVE_VIA_TSC1	BILANGES_SERUM_SENSITIVE_VIA_TSC1		18	-0.30968398	-0.96967566	0.5245536	0.79670864	1.0	3170	tags=39%, list=21%, signal=49%	
PID_RHOA_REG_PATHWAY	PID_RHOA_REG_PATHWAY		41	-0.24848926	-0.9688769	0.53960395	0.7985932	1.0	1778	tags=22%, list=12%, signal=25%	
PEDRIOLI_MIR31_TARGETS_UP	PEDRIOLI_MIR31_TARGETS_UP		169	-0.18477054	-0.9668143	0.5430267	0.8045254	1.0	3096	tags=27%, list=20%, signal=33%	
CHANDRAN_METASTASIS_TOP50_DN	CHANDRAN_METASTASIS_TOP50_DN		40	-0.24488099	-0.96649486	0.5294118	0.80493855	1.0	3418	tags=30%, list=23%, signal=39%	
NADERI_BREAST_CANCER_PROGNOSIS_UP	NADERI_BREAST_CANCER_PROGNOSIS_UP		45	-0.23988344	-0.9652247	0.52224827	0.80829334	1.0	3365	tags=24%, list=22%, signal=31%	
DARWICHE_PAPILLOMA_RISK_LOW_DN	DARWICHE_PAPILLOMA_RISK_LOW_DN		133	-0.19228734	-0.9650754	0.539726	0.80818456	1.0	2709	tags=23%, list=18%, signal=28%	
REACTOME_SIGNAL_TRANSDUCTION_BY_L1	REACTOME_SIGNAL_TRANSDUCTION_BY_L1		20	-0.29665455	-0.9643375	0.49358973	0.8098909	1.0	4686	tags=40%, list=31%, signal=58%	
DING_LUNG_CANCER_MUTATED_SIGNIFICANTLY	DING_LUNG_CANCER_MUTATED_SIGNIFICANTLY		19	-0.30516362	-0.9642887	0.4976526	0.8094647	1.0	2534	tags=32%, list=17%, signal=38%	
WP_8P231_COPY_NUMBER_VARIATION_SYNDROME	WP_8P231_COPY_NUMBER_VARIATION_SYNDROME		42	-0.24142739	-0.9637187	0.5089286	0.8107087	1.0	2647	tags=26%, list=18%, signal=32%	
PID_ERBB1_RECEPTOR_PROXIMAL_PATHWAY	PID_ERBB1_RECEPTOR_PROXIMAL_PATHWAY		32	-0.2586625	-0.9636308	0.5249406	0.81038076	1.0	1236	tags=13%, list=8%, signal=14%	
BERNARD_PPAPDC1B_TARGETS_UP	BERNARD_PPAPDC1B_TARGETS_UP		36	-0.2538639	-0.9628685	0.5108959	0.81215614	1.0	3158	tags=25%, list=21%, signal=32%	
GOTTWEIN_TARGETS_OF_KSHV_MIR_K12_11	GOTTWEIN_TARGETS_OF_KSHV_MIR_K12_11		56	-0.2277884	-0.96264726	0.510101	0.81229204	1.0	4331	tags=34%, list=29%, signal=47%	
WP_ARYL_HYDROCARBON_RECEPTOR_PATHWAY_WP2873	WP_ARYL_HYDROCARBON_RECEPTOR_PATHWAY_WP2873		29	-0.26992884	-0.96246994	0.4827586	0.81227946	1.0	1585	tags=17%, list=10%, signal=19%	
BENPORATH_ES_CORE_NINE_CORRELATED	BENPORATH_ES_CORE_NINE_CORRELATED		91	-0.20574564	-0.9622364	0.5471698	0.81240565	1.0	1547	tags=14%, list=10%, signal=16%	
REACTOME_EGR2_AND_SOX10_MEDIATED_INITIATION_OF_SCHWANN_CELL_MYELINATION	REACTOME_EGR2_AND_SOX10_MEDIATED_INITIATION_OF_SCHWANN_CELL_MYELINATION		26	-0.2730797	-0.9619651	0.50593823	0.81270117	1.0	1703	tags=23%, list=11%, signal=26%	
REACTOME_PHOSPHOLIPID_METABOLISM	REACTOME_PHOSPHOLIPID_METABOLISM		185	-0.18572366	-0.96118593	0.5565217	0.81465125	1.0	2538	tags=20%, list=17%, signal=24%	
REACTOME_DOWNREGULATION_OF_TGF_BETA_RECEPTOR_SIGNALING	REACTOME_DOWNREGULATION_OF_TGF_BETA_RECEPTOR_SIGNALING		23	-0.2755058	-0.961084	0.5443925	0.81439614	1.0	1060	tags=17%, list=7%, signal=19%	
REACTOME_NON_INTEGRIN_MEMBRANE_ECM_INTERACTIONS	REACTOME_NON_INTEGRIN_MEMBRANE_ECM_INTERACTIONS		70	-0.22174633	-0.9610288	0.5197889	0.81397736	1.0	2925	tags=26%, list=19%, signal=32%	
PARK_HSC_VS_MULTIPOTENT_PROGENITORS_UP	PARK_HSC_VS_MULTIPOTENT_PROGENITORS_UP		17	-0.30898562	-0.9609462	0.5023474	0.8136664	1.0	434	tags=12%, list=3%, signal=12%	
SANSOM_WNT_PATHWAY_REQUIRE_MYC	SANSOM_WNT_PATHWAY_REQUIRE_MYC		57	-0.2236522	-0.96029115	0.5620438	0.81514496	1.0	1960	tags=21%, list=13%, signal=24%	
MELLMAN_TUT1_TARGETS_UP	MELLMAN_TUT1_TARGETS_UP		19	-0.29821214	-0.96024144	0.522831	0.814732	1.0	5350	tags=63%, list=35%, signal=98%	
HOFFMANN_IMMATURE_TO_MATURE_B_LYMPHOCYTE_DN	HOFFMANN_IMMATURE_TO_MATURE_B_LYMPHOCYTE_DN		43	-0.24225745	-0.96013224	0.49530515	0.8144991	1.0	2839	tags=28%, list=19%, signal=34%	
WP_SELENIUM_METABOLISM_AND_SELENOPROTEINS	WP_SELENIUM_METABOLISM_AND_SELENOPROTEINS		40	-0.24446917	-0.95967776	0.5479115	0.8153554	1.0	2828	tags=28%, list=19%, signal=34%	
REACTOME_ION_TRANSPORT_BY_P_TYPE_ATPASES	REACTOME_ION_TRANSPORT_BY_P_TYPE_ATPASES		47	-0.23665729	-0.95939523	0.495283	0.8156726	1.0	2102	tags=19%, list=14%, signal=22%	
PID_HIF2PATHWAY	PID_HIF2PATHWAY		30	-0.258135	-0.95835733	0.52790695	0.81834203	1.0	4426	tags=40%, list=29%, signal=56%	
SMITH_LIVER_CANCER	SMITH_LIVER_CANCER		43	-0.24357925	-0.95818305	0.50970876	0.81826204	1.0	1807	tags=21%, list=12%, signal=24%	
CHENG_IMPRINTED_BY_ESTRADIOL	CHENG_IMPRINTED_BY_ESTRADIOL		96	-0.2023865	-0.9578831	0.53185594	0.8186311	1.0	3746	tags=34%, list=25%, signal=45%	
REACTOME_RND3_GTPASE_CYCLE	REACTOME_RND3_GTPASE_CYCLE		34	-0.25148836	-0.9576295	0.53828305	0.81880146	1.0	41	tags=6%, list=0%, signal=6%	
REACTOME_RIP_MEDIATED_NFKB_ACTIVATION_VIA_ZBP1	REACTOME_RIP_MEDIATED_NFKB_ACTIVATION_VIA_ZBP1		16	-0.3069805	-0.95703954	0.50569475	0.820105	1.0	1758	tags=25%, list=12%, signal=28%	
SIG_PIP3_SIGNALING_IN_CARDIAC_MYOCTES	SIG_PIP3_SIGNALING_IN_CARDIAC_MYOCTES		59	-0.22265495	-0.95667267	0.5316456	0.82063	1.0	2785	tags=27%, list=18%, signal=33%	
FIGUEROA_AML_METHYLATION_CLUSTER_6_UP	FIGUEROA_AML_METHYLATION_CLUSTER_6_UP		127	-0.19425865	-0.95486385	0.5598886	0.82563835	1.0	2551	tags=20%, list=17%, signal=24%	
REACTOME_REGULATION_OF_INSULIN_SECRETION	REACTOME_REGULATION_OF_INSULIN_SECRETION		65	-0.2199089	-0.95466614	0.51741296	0.825642	1.0	1847	tags=18%, list=12%, signal=21%	
REACTOME_SIGNALING_BY_BRAF_AND_RAF1_FUSIONS	REACTOME_SIGNALING_BY_BRAF_AND_RAF1_FUSIONS		55	-0.22638813	-0.95442814	0.5273632	0.8257912	1.0	3799	tags=25%, list=25%, signal=34%	
SOGA_COLORECTAL_CANCER_MYC_UP	SOGA_COLORECTAL_CANCER_MYC_UP		77	-0.21147764	-0.954347	0.5652174	0.8254511	1.0	4603	tags=32%, list=30%, signal=46%	
KEGG_AXON_GUIDANCE	KEGG_AXON_GUIDANCE		115	-0.19737083	-0.9540422	0.57258064	0.8257605	1.0	1976	tags=18%, list=13%, signal=21%	
REACTOME_ADRENALINE_NORADRENALINE_INHIBITS_INSULIN_SECRETION	REACTOME_ADRENALINE_NORADRENALINE_INHIBITS_INSULIN_SECRETION		25	-0.27702844	-0.95391536	0.53170735	0.8255505	1.0	1847	tags=24%, list=12%, signal=27%	
REACTOME_EPH_EPHRIN_SIGNALING	REACTOME_EPH_EPHRIN_SIGNALING		86	-0.20570607	-0.95371085	0.5689223	0.8256049	1.0	1996	tags=17%, list=13%, signal=20%	
BIOCARTA_AKT_PATHWAY	BIOCARTA_AKT_PATHWAY		16	-0.31409445	-0.95357615	0.4832536	0.825472	1.0	2381	tags=25%, list=16%, signal=30%	
WP_GLYCOGEN_SYNTHESIS_AND_DEGRADATION	WP_GLYCOGEN_SYNTHESIS_AND_DEGRADATION		36	-0.24608997	-0.9533724	0.55369925	0.825524	1.0	4363	tags=36%, list=29%, signal=51%	
REACTOME_THE_ROLE_OF_NEF_IN_HIV_1_REPLICATION_AND_DISEASE_PATHOGENESIS	REACTOME_THE_ROLE_OF_NEF_IN_HIV_1_REPLICATION_AND_DISEASE_PATHOGENESIS		24	-0.27752134	-0.95324945	0.5193622	0.8253307	1.0	2818	tags=29%, list=19%, signal=36%	
GARCIA_TARGETS_OF_FLI1_AND_DAX1_DN	GARCIA_TARGETS_OF_FLI1_AND_DAX1_DN		154	-0.18674786	-0.9531758	0.5850144	0.8249639	1.0	2686	tags=18%, list=18%, signal=21%	
CHIN_BREAST_CANCER_COPY_NUMBER_UP	CHIN_BREAST_CANCER_COPY_NUMBER_UP		24	-0.27996302	-0.95268744	0.50961536	0.825934	1.0	6642	tags=67%, list=44%, signal=119%	
REACTOME_NEGATIVE_REGULATION_OF_NMDA_RECEPTOR_MEDIATED_NEURONAL_TRANSMISSION	REACTOME_NEGATIVE_REGULATION_OF_NMDA_RECEPTOR_MEDIATED_NEURONAL_TRANSMISSION		19	-0.2954932	-0.9524793	0.5271493	0.82599187	1.0	1654	tags=21%, list=11%, signal=24%	
GAZDA_DIAMOND_BLACKFAN_ANEMIA_ERYTHROID_DN	GAZDA_DIAMOND_BLACKFAN_ANEMIA_ERYTHROID_DN		384	-0.1655652	-0.9520467	0.6666667	0.82677996	1.0	3406	tags=23%, list=23%, signal=29%	
FERNANDEZ_BOUND_BY_MYC	FERNANDEZ_BOUND_BY_MYC		144	-0.18638563	-0.9517633	0.6051136	0.82709944	1.0	3791	tags=30%, list=25%, signal=39%	
BIOCARTA_BAD_PATHWAY	BIOCARTA_BAD_PATHWAY		18	-0.30219477	-0.95153064	0.5097614	0.8272229	1.0	397	tags=11%, list=3%, signal=11%	
REACTOME_TOLL_LIKE_RECEPTOR_CASCADES	REACTOME_TOLL_LIKE_RECEPTOR_CASCADES		135	-0.18938686	-0.9513177	0.5766871	0.82729477	1.0	3169	tags=27%, list=21%, signal=34%	
REACTOME_RHO_GTPASES_ACTIVATE_NADPH_OXIDASES	REACTOME_RHO_GTPASES_ACTIVATE_NADPH_OXIDASES		18	-0.29666844	-0.95117146	0.50980395	0.8271908	1.0	959	tags=17%, list=6%, signal=18%	
WHITFIELD_CELL_CYCLE_M_G1	WHITFIELD_CELL_CYCLE_M_G1		111	-0.19747008	-0.9510266	0.56703913	0.8270907	1.0	4550	tags=32%, list=30%, signal=46%	
OSWALD_HEMATOPOIETIC_STEM_CELL_IN_COLLAGEN_GEL_UP	OSWALD_HEMATOPOIETIC_STEM_CELL_IN_COLLAGEN_GEL_UP		179	-0.18311849	-0.95038855	0.59882003	0.8285235	1.0	2404	tags=20%, list=16%, signal=24%	
LANDIS_ERBB2_BREAST_TUMORS_65_UP	LANDIS_ERBB2_BREAST_TUMORS_65_UP		19	-0.29046208	-0.9502259	0.5256125	0.82844865	1.0	1907	tags=26%, list=13%, signal=30%	
BENPORATH_NOS_TARGETS	BENPORATH_NOS_TARGETS		168	-0.18116914	-0.9497711	0.5953757	0.8292367	1.0	3606	tags=27%, list=24%, signal=36%	
KEGG_MEDICUS_REFERENCE_CRHR_PKA_ACTH_SIGNALING_PATHWAY	KEGG_MEDICUS_REFERENCE_CRHR_PKA_ACTH_SIGNALING_PATHWAY		20	-0.28320208	-0.9494748	0.50831354	0.82952464	1.0	4344	tags=45%, list=29%, signal=63%	
WP_PI3KAKT_SIGNALING	WP_PI3KAKT_SIGNALING		268	-0.17263572	-0.9492247	0.6066667	0.82974565	1.0	4430	tags=33%, list=29%, signal=46%	
WP_PURINERGIC_SIGNALING	WP_PURINERGIC_SIGNALING		26	-0.26856774	-0.9484132	0.54862845	0.8316371	1.0	1086	tags=15%, list=7%, signal=17%	
NIKOLSKY_BREAST_CANCER_12Q13_Q21_AMPLICON	NIKOLSKY_BREAST_CANCER_12Q13_Q21_AMPLICON		39	-0.2450675	-0.9473108	0.5298165	0.8344732	1.0	4030	tags=36%, list=27%, signal=49%	
WP_CHROMOSOMAL_AND_MICROSATELLITE_INSTABILITY_IN_COLORECTAL_CANCER	WP_CHROMOSOMAL_AND_MICROSATELLITE_INSTABILITY_IN_COLORECTAL_CANCER		56	-0.22510621	-0.94724315	0.55525607	0.8341209	1.0	3854	tags=36%, list=26%, signal=48%	
ZHAN_MULTIPLE_MYELOMA_CD1_VS_CD2_DN	ZHAN_MULTIPLE_MYELOMA_CD1_VS_CD2_DN		48	-0.23140362	-0.9471274	0.56009614	0.8338903	1.0	3308	tags=29%, list=22%, signal=37%	
IWANAGA_CARCINOGENESIS_BY_KRAS_DN	IWANAGA_CARCINOGENESIS_BY_KRAS_DN		99	-0.20209382	-0.94705397	0.5977654	0.8335184	1.0	2626	tags=22%, list=17%, signal=27%	
QI_PLASMACYTOMA_DN	QI_PLASMACYTOMA_DN		88	-0.2040401	-0.9467921	0.5798969	0.83375394	1.0	3935	tags=32%, list=26%, signal=43%	
WP_TROP2_REGULATORY_SIGNALING	WP_TROP2_REGULATORY_SIGNALING		42	-0.24053599	-0.94646823	0.55505615	0.8342073	1.0	1910	tags=19%, list=13%, signal=22%	
RAMALHO_STEMNESS_UP	RAMALHO_STEMNESS_UP		185	-0.17895836	-0.9461062	0.6320225	0.83474195	1.0	4119	tags=28%, list=27%, signal=37%	
REACTOME_FC_EPSILON_RECEPTOR_FCERI_SIGNALING	REACTOME_FC_EPSILON_RECEPTOR_FCERI_SIGNALING		106	-0.1971718	-0.94590455	0.59424084	0.8348028	1.0	1302	tags=11%, list=9%, signal=12%	
DOANE_RESPONSE_TO_ANDROGEN_UP	DOANE_RESPONSE_TO_ANDROGEN_UP		154	-0.18455645	-0.9450102	0.6074498	0.8369775	1.0	2090	tags=18%, list=14%, signal=21%	
HESS_TARGETS_OF_HOXA9_AND_MEIS1_UP	HESS_TARGETS_OF_HOXA9_AND_MEIS1_UP		61	-0.21819234	-0.94498205	0.5714286	0.8364815	1.0	2654	tags=26%, list=18%, signal=32%	
LI_CISPLATIN_RESISTANCE_DN	LI_CISPLATIN_RESISTANCE_DN		28	-0.26613653	-0.9446244	0.5448113	0.83695996	1.0	3455	tags=32%, list=23%, signal=42%	
WP_THYROID_HORMONES_PRODUCTION_AND_PERIPHERAL_DOWNSTREAM_SIGNALING_EFFECTS	WP_THYROID_HORMONES_PRODUCTION_AND_PERIPHERAL_DOWNSTREAM_SIGNALING_EFFECTS		73	-0.21331094	-0.94370437	0.6005025	0.839215	1.0	2623	tags=26%, list=17%, signal=31%	
WANG_LMO4_TARGETS_UP	WANG_LMO4_TARGETS_UP		310	-0.16950326	-0.943192	0.6666667	0.8402051	1.0	1953	tags=15%, list=13%, signal=16%	
REACTOME_THROMBOXANE_SIGNALLING_THROUGH_TP_RECEPTOR	REACTOME_THROMBOXANE_SIGNALLING_THROUGH_TP_RECEPTOR		22	-0.27813646	-0.9431121	0.5623472	0.83985156	1.0	1574	tags=23%, list=10%, signal=25%	
KEGG_MEDICUS_REFERENCE_DYNEIN_RECRUITMENT_TO_THE_KINETOCHORE	KEGG_MEDICUS_REFERENCE_DYNEIN_RECRUITMENT_TO_THE_KINETOCHORE		28	-0.26454577	-0.9427936	0.5618812	0.8402531	1.0	398	tags=11%, list=3%, signal=11%	
LY_AGING_PREMATURE_DN	LY_AGING_PREMATURE_DN		26	-0.26570448	-0.94255346	0.55427253	0.8404249	1.0	4971	tags=46%, list=33%, signal=69%	
PID_AR_PATHWAY	PID_AR_PATHWAY		51	-0.22928856	-0.94240636	0.5700713	0.8402877	1.0	1865	tags=18%, list=12%, signal=20%	
WP_SPINAL_CORD_INJURY	WP_SPINAL_CORD_INJURY		96	-0.19787693	-0.9422627	0.57060516	0.84015167	1.0	2307	tags=22%, list=15%, signal=26%	
REACTOME_HEME_SIGNALING	REACTOME_HEME_SIGNALING		41	-0.24218881	-0.9422118	0.56594723	0.83973217	1.0	3540	tags=34%, list=23%, signal=44%	
XIE_LT_HSC_S1PR3_OE_UP	XIE_LT_HSC_S1PR3_OE_UP		25	-0.2611626	-0.9420056	0.5743243	0.839795	1.0	1662	tags=24%, list=11%, signal=27%	
BOYAULT_LIVER_CANCER_SUBCLASS_G123_UP	BOYAULT_LIVER_CANCER_SUBCLASS_G123_UP		40	-0.23942362	-0.9418043	0.52427185	0.8398356	1.0	2832	tags=23%, list=19%, signal=28%	
DAIRKEE_CANCER_PRONE_RESPONSE_E2	DAIRKEE_CANCER_PRONE_RESPONSE_E2		23	-0.27496308	-0.9417364	0.53629977	0.83945966	1.0	2719	tags=22%, list=18%, signal=26%	
CREIGHTON_AKT1_SIGNALING_VIA_MTOR_DN	CREIGHTON_AKT1_SIGNALING_VIA_MTOR_DN		23	-0.2751173	-0.9415953	0.5206422	0.83931077	1.0	3190	tags=35%, list=21%, signal=44%	
REACTOME_SIGNALING_BY_NOTCH1_HD_DOMAIN_MUTANTS_IN_CANCER	REACTOME_SIGNALING_BY_NOTCH1_HD_DOMAIN_MUTANTS_IN_CANCER		15	-0.30733734	-0.9415148	0.51972157	0.83895785	1.0	3225	tags=40%, list=21%, signal=51%	
REACTOME_G_PROTEIN_BETA_GAMMA_SIGNALLING	REACTOME_G_PROTEIN_BETA_GAMMA_SIGNALLING		27	-0.26633793	-0.94138634	0.54323727	0.83878917	1.0	1574	tags=22%, list=10%, signal=25%	
WP_EPITHELIAL_TO_MESENCHYMAL_TRANSITION_IN_COLORECTAL_CANCER	WP_EPITHELIAL_TO_MESENCHYMAL_TRANSITION_IN_COLORECTAL_CANCER		128	-0.19013742	-0.9413571	0.64044946	0.8383102	1.0	3888	tags=30%, list=26%, signal=41%	
WP_MEASLES_VIRUS_INFECTION	WP_MEASLES_VIRUS_INFECTION		94	-0.1999203	-0.9411436	0.5902579	0.838367	1.0	2654	tags=22%, list=18%, signal=27%	
PID_LIS1_PATHWAY	PID_LIS1_PATHWAY		27	-0.26729295	-0.9410899	0.57002455	0.8379376	1.0	5169	tags=52%, list=34%, signal=79%	
REACTOME_INTEGRATION_OF_ENERGY_METABOLISM	REACTOME_INTEGRATION_OF_ENERGY_METABOLISM		91	-0.20277216	-0.940397	0.59331477	0.83943754	1.0	1574	tags=16%, list=10%, signal=18%	
HELLER_HDAC_TARGETS_SILENCED_BY_METHYLATION_UP	HELLER_HDAC_TARGETS_SILENCED_BY_METHYLATION_UP		380	-0.16475885	-0.9402557	0.66938776	0.83929104	1.0	3491	tags=27%, list=23%, signal=34%	
REACTOME_PLASMA_LIPOPROTEIN_ASSEMBLY_REMODELING_AND_CLEARANCE	REACTOME_PLASMA_LIPOPROTEIN_ASSEMBLY_REMODELING_AND_CLEARANCE		53	-0.2199666	-0.9400667	0.5598886	0.83929384	1.0	4056	tags=36%, list=27%, signal=49%	
KEGG_MEDICUS_REFERENCE_MGLUR5_CA2_APOPTOTIC_PATHWAY	KEGG_MEDICUS_REFERENCE_MGLUR5_CA2_APOPTOTIC_PATHWAY		18	-0.29197872	-0.940038	0.55196303	0.8388033	1.0	1693	tags=17%, list=11%, signal=19%	
LI_WILMS_TUMOR	LI_WILMS_TUMOR		26	-0.2662203	-0.9390604	0.54137117	0.8411577	1.0	158	tags=12%, list=1%, signal=12%	
ONDER_CDH1_TARGETS_3_UP	ONDER_CDH1_TARGETS_3_UP		15	-0.30985874	-0.9384387	0.55088496	0.84242994	1.0	3155	tags=33%, list=21%, signal=42%	
REACTOME_RHOQ_GTPASE_CYCLE	REACTOME_RHOQ_GTPASE_CYCLE		57	-0.21885581	-0.93837774	0.57760817	0.8420184	1.0	1155	tags=12%, list=8%, signal=13%	
REACTOME_STIMULI_SENSING_CHANNELS	REACTOME_STIMULI_SENSING_CHANNELS		89	-0.20279893	-0.93830323	0.61757106	0.8416584	1.0	2252	tags=22%, list=15%, signal=26%	
KEGG_MEDICUS_REFERENCE_RAB7_REGULATED_MICROTUBULE_MINUS_END_DIRECTED_TRANSPORT	KEGG_MEDICUS_REFERENCE_RAB7_REGULATED_MICROTUBULE_MINUS_END_DIRECTED_TRANSPORT		37	-0.24307169	-0.93802786	0.54916066	0.8418773	1.0	820	tags=14%, list=5%, signal=14%	
BIOCARTA_IGF1_PATHWAY	BIOCARTA_IGF1_PATHWAY		18	-0.29182583	-0.9371835	0.57929516	0.84383655	1.0	4155	tags=39%, list=27%, signal=54%	
ENGELMANN_CANCER_PROGENITORS_UP	ENGELMANN_CANCER_PROGENITORS_UP		42	-0.2377653	-0.9367876	0.5588915	0.84439594	1.0	1012	tags=14%, list=7%, signal=15%	
RHODES_CANCER_META_SIGNATURE	RHODES_CANCER_META_SIGNATURE		61	-0.21342428	-0.93656904	0.56265986	0.84450567	1.0	3314	tags=25%, list=22%, signal=31%	
GAJATE_RESPONSE_TO_TRABECTEDIN_DN	GAJATE_RESPONSE_TO_TRABECTEDIN_DN		19	-0.29092732	-0.935633	0.54042554	0.8467319	1.0	3351	tags=21%, list=22%, signal=27%	
KEGG_MEDICUS_REFERENCE_GHRHR_PKA_GH_SIGNALING_PATHWAY	KEGG_MEDICUS_REFERENCE_GHRHR_PKA_GH_SIGNALING_PATHWAY		19	-0.2953058	-0.93517095	0.54587156	0.84756845	1.0	4848	tags=47%, list=32%, signal=70%	
PID_ANGIOPOIETIN_RECEPTOR_PATHWAY	PID_ANGIOPOIETIN_RECEPTOR_PATHWAY		40	-0.24292755	-0.9350859	0.56763285	0.847281	1.0	2371	tags=18%, list=16%, signal=21%	
REACTOME_SELECTIVE_AUTOPHAGY	REACTOME_SELECTIVE_AUTOPHAGY		76	-0.20580041	-0.9345719	0.60422164	0.8482579	1.0	3754	tags=26%, list=25%, signal=35%	
HANN_RESISTANCE_TO_BCL2_INHIBITOR_UP	HANN_RESISTANCE_TO_BCL2_INHIBITOR_UP		31	-0.25250325	-0.9335225	0.5540541	0.85085315	1.0	1165	tags=16%, list=8%, signal=17%	
RASHI_RESPONSE_TO_IONIZING_RADIATION_5	RASHI_RESPONSE_TO_IONIZING_RADIATION_5		115	-0.1902964	-0.9334126	0.6135693	0.85060644	1.0	4175	tags=31%, list=28%, signal=43%	
ZHAN_MULTIPLE_MYELOMA_PR_DN	ZHAN_MULTIPLE_MYELOMA_PR_DN		44	-0.23707053	-0.93309724	0.57308584	0.85096914	1.0	2376	tags=25%, list=16%, signal=30%	
MIDORIKAWA_AMPLIFIED_IN_LIVER_CANCER	MIDORIKAWA_AMPLIFIED_IN_LIVER_CANCER		45	-0.22931325	-0.9330553	0.5831202	0.8505235	1.0	3520	tags=29%, list=23%, signal=38%	
PID_IFNG_PATHWAY	PID_IFNG_PATHWAY		34	-0.24674736	-0.9325549	0.56064075	0.8514278	1.0	3119	tags=29%, list=21%, signal=37%	
LOPEZ_MESOTHELIOMA_SURVIVAL_OVERALL_DN	LOPEZ_MESOTHELIOMA_SURVIVAL_OVERALL_DN		15	-0.31624982	-0.9325101	0.53362256	0.85099465	1.0	2143	tags=20%, list=14%, signal=23%	
REACTOME_RUNX1_REGULATES_TRANSCRIPTION_OF_GENES_INVOLVED_IN_DIFFERENTIATION_OF_HSCS	REACTOME_RUNX1_REGULATES_TRANSCRIPTION_OF_GENES_INVOLVED_IN_DIFFERENTIATION_OF_HSCS		83	-0.20169766	-0.93239325	0.5959079	0.8507448	1.0	3081	tags=22%, list=20%, signal=27%	
STOSSI_RESPONSE_TO_ESTRADIOL	STOSSI_RESPONSE_TO_ESTRADIOL		36	-0.24194378	-0.93220174	0.5682382	0.8507252	1.0	1802	tags=22%, list=12%, signal=25%	
BROWNE_HCMV_INFECTION_6HR_DN	BROWNE_HCMV_INFECTION_6HR_DN		147	-0.18511002	-0.93204534	0.6406685	0.8506092	1.0	2943	tags=22%, list=19%, signal=28%	
WP_ATM_SIGNALING_IN_DEVELOPMENT_AND_DISEASE	WP_ATM_SIGNALING_IN_DEVELOPMENT_AND_DISEASE		38	-0.24045336	-0.93077844	0.58752996	0.8538397	1.0	1405	tags=13%, list=9%, signal=14%	
CHIARETTI_T_ALL_RELAPSE_PROGNOSIS	CHIARETTI_T_ALL_RELAPSE_PROGNOSIS		17	-0.29942223	-0.9299914	0.55710953	0.8556307	1.0	2986	tags=35%, list=20%, signal=44%	
PID_CD40_PATHWAY	PID_CD40_PATHWAY		22	-0.2842157	-0.9297983	0.5539906	0.855643	1.0	1294	tags=23%, list=9%, signal=25%	
HAN_SATB1_TARGETS_UP	HAN_SATB1_TARGETS_UP		373	-0.16267535	-0.92919636	0.75686276	0.856762	1.0	2694	tags=20%, list=18%, signal=23%	
URS_ADIPOCYTE_DIFFERENTIATION_UP	URS_ADIPOCYTE_DIFFERENTIATION_UP		57	-0.22061379	-0.9287708	0.5946602	0.8574695	1.0	4212	tags=39%, list=28%, signal=53%	
WHITEFORD_PEDIATRIC_CANCER_MARKERS	WHITEFORD_PEDIATRIC_CANCER_MARKERS		109	-0.19243	-0.9278784	0.6063218	0.859445	1.0	2195	tags=14%, list=15%, signal=16%	
KEGG_MEDICUS_REFERENCE_BMP_SIGNALING_PATHWAY_BMP_ANTAGONIST	KEGG_MEDICUS_REFERENCE_BMP_SIGNALING_PATHWAY_BMP_ANTAGONIST		15	-0.30384034	-0.92680764	0.5552995	0.8620408	1.0	2462	tags=27%, list=16%, signal=32%	
REACTOME_IRON_UPTAKE_AND_TRANSPORT	REACTOME_IRON_UPTAKE_AND_TRANSPORT		53	-0.22428238	-0.9261242	0.5792208	0.8635594	1.0	5062	tags=47%, list=34%, signal=71%	
REACTOME_DOWNSTREAM_SIGNALING_OF_ACTIVATED_FGFR2	REACTOME_DOWNSTREAM_SIGNALING_OF_ACTIVATED_FGFR2		26	-0.26597512	-0.9252524	0.59070796	0.8655655	1.0	4694	tags=38%, list=31%, signal=56%	
ZWANG_DOWN_BY_2ND_EGF_PULSE	ZWANG_DOWN_BY_2ND_EGF_PULSE		217	-0.17394477	-0.92499423	0.7263514	0.86575437	1.0	3562	tags=26%, list=24%, signal=34%	
KEGG_MEDICUS_REFERENCE_ANGIOTENSIN_ALDOSTERONE_SIGNALING_PATHWAY	KEGG_MEDICUS_REFERENCE_ANGIOTENSIN_ALDOSTERONE_SIGNALING_PATHWAY		24	-0.2682821	-0.9247824	0.57349396	0.86577433	1.0	3744	tags=33%, list=25%, signal=44%	
DORMOY_ELAVL1_TARGETS	DORMOY_ELAVL1_TARGETS		18	-0.29047734	-0.92403644	0.5683962	0.8673715	1.0	3832	tags=44%, list=25%, signal=59%	
KASLER_HDAC7_TARGETS_2_DN	KASLER_HDAC7_TARGETS_2_DN		30	-0.2537149	-0.92374945	0.59325844	0.8676256	1.0	3457	tags=27%, list=23%, signal=35%	
CHEN_HOXA5_TARGETS_9HR_UP	CHEN_HOXA5_TARGETS_9HR_UP		202	-0.17386004	-0.92328185	0.72865856	0.86844414	1.0	1793	tags=13%, list=12%, signal=15%	
PID_NFAT_3PATHWAY	PID_NFAT_3PATHWAY		50	-0.22418593	-0.9229182	0.6207792	0.86889553	1.0	2880	tags=26%, list=19%, signal=32%	
KEGG_MELANOGENESIS	KEGG_MELANOGENESIS		87	-0.20088999	-0.92246425	0.6475	0.86959493	1.0	3300	tags=26%, list=22%, signal=34%	
WP_2Q13_COPY_NUMBER_VARIATION_SYNDROME	WP_2Q13_COPY_NUMBER_VARIATION_SYNDROME		50	-0.22591595	-0.92241794	0.6125	0.86915296	1.0	2307	tags=22%, list=15%, signal=26%	
GU_PDEF_TARGETS_UP	GU_PDEF_TARGETS_UP		64	-0.21000151	-0.92185575	0.62982005	0.8702738	1.0	2902	tags=22%, list=19%, signal=27%	
REACTOME_REGULATION_OF_GENE_EXPRESSION_IN_BETA_CELLS	REACTOME_REGULATION_OF_GENE_EXPRESSION_IN_BETA_CELLS		15	-0.3094954	-0.9218163	0.5466102	0.86980677	1.0	1510	tags=27%, list=10%, signal=30%	
REACTOME_ONCOGENE_INDUCED_SENESCENCE	REACTOME_ONCOGENE_INDUCED_SENESCENCE		27	-0.2656094	-0.9218041	0.576555	0.86926097	1.0	1060	tags=15%, list=7%, signal=16%	
SENESE_HDAC1_TARGETS_DN	SENESE_HDAC1_TARGETS_DN		233	-0.17137346	-0.9216965	0.6707692	0.8690097	1.0	3449	tags=25%, list=23%, signal=32%	
REACTOME_NEF_MEDIATES_DOWN_MODULATION_OF_CELL_SURFACE_RECEPTORS_BY_RECRUITING_THEM_TO_CLATHRIN_ADAPTERS	REACTOME_NEF_MEDIATES_DOWN_MODULATION_OF_CELL_SURFACE_RECEPTORS_BY_RECRUITING_THEM_TO_CLATHRIN_ADAPTERS		17	-0.29625157	-0.92156976	0.55803573	0.86880976	1.0	1724	tags=24%, list=11%, signal=27%	
REACTOME_MET_PROMOTES_CELL_MOTILITY	REACTOME_MET_PROMOTES_CELL_MOTILITY		39	-0.2376349	-0.9212338	0.6111111	0.8692563	1.0	1889	tags=18%, list=13%, signal=20%	
GARGALOVIC_RESPONSE_TO_OXIDIZED_PHOSPHOLIPIDS_BLUE_DN	GARGALOVIC_RESPONSE_TO_OXIDIZED_PHOSPHOLIPIDS_BLUE_DN		56	-0.2174725	-0.92110354	0.6259542	0.8690597	1.0	1881	tags=20%, list=12%, signal=22%	
KEGG_HYPERTROPHIC_CARDIOMYOPATHY_HCM	KEGG_HYPERTROPHIC_CARDIOMYOPATHY_HCM		63	-0.2115395	-0.92102015	0.636612	0.8687087	1.0	2746	tags=22%, list=18%, signal=27%	
BAKKER_FOXO3_TARGETS_UP	BAKKER_FOXO3_TARGETS_UP		47	-0.2227075	-0.9209449	0.6089109	0.8683386	1.0	4399	tags=38%, list=29%, signal=54%	
WHITFIELD_CELL_CYCLE_G2_M	WHITFIELD_CELL_CYCLE_G2_M		178	-0.17803273	-0.92093784	0.7151515	0.8677876	1.0	1830	tags=13%, list=12%, signal=15%	
STEGER_ADIPOGENESIS_DN	STEGER_ADIPOGENESIS_DN		23	-0.26966703	-0.9201238	0.5964912	0.86963487	1.0	4615	tags=52%, list=31%, signal=75%	
PYEON_CANCER_HEAD_AND_NECK_VS_CERVICAL_DN	PYEON_CANCER_HEAD_AND_NECK_VS_CERVICAL_DN		20	-0.28123403	-0.9196019	0.5862069	0.8706259	1.0	2920	tags=25%, list=19%, signal=31%	
WP_GLUCOCORTICOID_RECEPTOR_PATHWAY	WP_GLUCOCORTICOID_RECEPTOR_PATHWAY		59	-0.21869749	-0.91896826	0.6218274	0.8718798	1.0	4013	tags=31%, list=27%, signal=41%	
NAKAMURA_ADIPOGENESIS_LATE_DN	NAKAMURA_ADIPOGENESIS_LATE_DN		27	-0.25859872	-0.91711915	0.5854801	0.8766479	1.0	2401	tags=26%, list=16%, signal=31%	
MARTINEZ_RESPONSE_TO_TRABECTEDIN	MARTINEZ_RESPONSE_TO_TRABECTEDIN		42	-0.2352242	-0.91686183	0.6135266	0.8768065	1.0	4152	tags=31%, list=27%, signal=43%	
REACTOME_TRANSCRIPTIONAL_REGULATION_BY_TP53	REACTOME_TRANSCRIPTIONAL_REGULATION_BY_TP53		309	-0.1627587	-0.91666186	0.728223	0.87681335	1.0	3587	tags=25%, list=24%, signal=32%	
REACTOME_SPHINGOLIPID_DE_NOVO_BIOSYNTHESIS	REACTOME_SPHINGOLIPID_DE_NOVO_BIOSYNTHESIS		33	-0.2442125	-0.9156172	0.5684931	0.87931216	1.0	2916	tags=27%, list=19%, signal=34%	
LANDIS_ERBB2_BREAST_TUMORS_324_UP	LANDIS_ERBB2_BREAST_TUMORS_324_UP		135	-0.18573119	-0.9153655	0.69627506	0.8794488	1.0	2879	tags=23%, list=19%, signal=28%	
REACTOME_ACTIVATED_NOTCH1_TRANSMITS_SIGNAL_TO_THE_NUCLEUS	REACTOME_ACTIVATED_NOTCH1_TRANSMITS_SIGNAL_TO_THE_NUCLEUS		30	-0.24947289	-0.914739	0.6004619	0.88067544	1.0	3225	tags=30%, list=21%, signal=38%	
HUTTMANN_B_CLL_POOR_SURVIVAL_UP	HUTTMANN_B_CLL_POOR_SURVIVAL_UP		228	-0.16829641	-0.9144224	0.72168285	0.88096386	1.0	2244	tags=19%, list=15%, signal=22%	
KEGG_MEDICUS_REFERENCE_AUTOPHAGOSOME_AND_LYSOSOME_FUSION_TETHERING_FACTOR	KEGG_MEDICUS_REFERENCE_AUTOPHAGOSOME_AND_LYSOSOME_FUSION_TETHERING_FACTOR		15	-0.3024529	-0.91442233	0.5688889	0.8803842	1.0	4283	tags=47%, list=28%, signal=65%	
REACTOME_TP53_REGULATES_TRANSCRIPTION_OF_CELL_CYCLE_GENES	REACTOME_TP53_REGULATES_TRANSCRIPTION_OF_CELL_CYCLE_GENES		43	-0.22869426	-0.914408	0.59173125	0.87984836	1.0	1240	tags=16%, list=8%, signal=18%	
WP_GABA_RECEPTOR_SIGNALING	WP_GABA_RECEPTOR_SIGNALING		29	-0.24992447	-0.91417426	0.5800464	0.87992465	1.0	2487	tags=28%, list=16%, signal=33%	
DACOSTA_UV_RESPONSE_VIA_ERCC3_TTD_UP	DACOSTA_UV_RESPONSE_VIA_ERCC3_TTD_UP		56	-0.2165875	-0.91337484	0.6213592	0.88162047	1.0	3512	tags=30%, list=23%, signal=39%	
WP_G_PROTEIN_SIGNALING	WP_G_PROTEIN_SIGNALING		79	-0.20054133	-0.9133714	0.6352041	0.8810483	1.0	1735	tags=16%, list=11%, signal=18%	
EPPERT_PROGENITOR	EPPERT_PROGENITOR		126	-0.18659541	-0.91336644	0.69942194	0.8804822	1.0	1572	tags=12%, list=10%, signal=13%	
JIANG_VHL_TARGETS	JIANG_VHL_TARGETS		81	-0.19737847	-0.9131913	0.63779527	0.8804426	1.0	4875	tags=43%, list=32%, signal=63%	
WP_TCELL_ACTIVATION_SARSCOV2	WP_TCELL_ACTIVATION_SARSCOV2		58	-0.21291557	-0.9128489	0.6225	0.88089657	1.0	3153	tags=24%, list=21%, signal=30%	
SUNG_METASTASIS_STROMA_UP	SUNG_METASTASIS_STROMA_UP		99	-0.1922091	-0.9114425	0.625974	0.88433325	1.0	3432	tags=24%, list=23%, signal=31%	
KEGG_MEDICUS_REFERENCE_ORGANIZATION_OF_THE_OUTER_KINETOCHORE	KEGG_MEDICUS_REFERENCE_ORGANIZATION_OF_THE_OUTER_KINETOCHORE		18	-0.28949112	-0.9113956	0.5670588	0.88389534	1.0	10742	tags=100%, list=71%, signal=346%	
REACTOME_RECOGNITION_AND_ASSOCIATION_OF_DNA_GLYCOSYLASE_WITH_SITE_CONTAINING_AN_AFFECTED_PURINE	REACTOME_RECOGNITION_AND_ASSOCIATION_OF_DNA_GLYCOSYLASE_WITH_SITE_CONTAINING_AN_AFFECTED_PURINE		34	-0.24278328	-0.91135055	0.589372	0.88345057	1.0	5066	tags=53%, list=34%, signal=79%	
WANG_TUMOR_INVASIVENESS_DN	WANG_TUMOR_INVASIVENESS_DN		183	-0.17471382	-0.91099584	0.7246835	0.8838912	1.0	4722	tags=34%, list=31%, signal=49%	
REACTOME_TAK1_DEPENDENT_IKK_AND_NF_KAPPA_B_ACTIVATION	REACTOME_TAK1_DEPENDENT_IKK_AND_NF_KAPPA_B_ACTIVATION		39	-0.23144272	-0.91083336	0.60336536	0.8837764	1.0	1758	tags=21%, list=12%, signal=23%	
SANSOM_APC_TARGETS_UP	SANSOM_APC_TARGETS_UP		109	-0.18807825	-0.9107492	0.6847826	0.88343346	1.0	4477	tags=36%, list=30%, signal=50%	
MORI_EMU_MYC_LYMPHOMA_BY_ONSET_TIME_DN	MORI_EMU_MYC_LYMPHOMA_BY_ONSET_TIME_DN		15	-0.29760215	-0.9107041	0.55458516	0.8829852	1.0	4501	tags=53%, list=30%, signal=76%	
REACTOME_DNA_DAMAGE_TELOMERE_STRESS_INDUCED_SENESCENCE	REACTOME_DNA_DAMAGE_TELOMERE_STRESS_INDUCED_SENESCENCE		53	-0.21642251	-0.91055447	0.62827224	0.8828337	1.0	5218	tags=45%, list=35%, signal=69%	
MCBRYAN_PUBERTAL_BREAST_3_4WK_DN	MCBRYAN_PUBERTAL_BREAST_3_4WK_DN		32	-0.24541563	-0.9103954	0.5954023	0.8827207	1.0	2397	tags=25%, list=16%, signal=30%	
ANDERSEN_CHOLANGIOCARCINOMA_CLASS1	ANDERSEN_CHOLANGIOCARCINOMA_CLASS1		53	-0.21240805	-0.9098717	0.59624416	0.88356954	1.0	2749	tags=28%, list=18%, signal=34%	
TURASHVILI_BREAST_NORMAL_DUCTAL_VS_LOBULAR_UP	TURASHVILI_BREAST_NORMAL_DUCTAL_VS_LOBULAR_UP		57	-0.2116122	-0.9097116	0.6484375	0.88341063	1.0	2947	tags=23%, list=20%, signal=28%	
YAGI_AML_WITH_T_8_21_TRANSLOCATION	YAGI_AML_WITH_T_8_21_TRANSLOCATION		313	-0.16290727	-0.90934646	0.8076923	0.8838552	1.0	3427	tags=26%, list=23%, signal=32%	
WP_EGFEGFR_SIGNALING	WP_EGFEGFR_SIGNALING		143	-0.18120125	-0.90932095	0.69279	0.8833523	1.0	3119	tags=24%, list=21%, signal=31%	
WP_RESISTIN_AS_A_REGULATOR_OF_INFLAMMATION	WP_RESISTIN_AS_A_REGULATOR_OF_INFLAMMATION		24	-0.2655625	-0.90918803	0.6148325	0.8831493	1.0	2235	tags=21%, list=15%, signal=24%	
OUYANG_PROSTATE_CANCER_MARKERS	OUYANG_PROSTATE_CANCER_MARKERS		19	-0.28106675	-0.90907025	0.60280377	0.8829086	1.0	990	tags=16%, list=7%, signal=17%	
REACTOME_NEGATIVE_REGULATION_OF_FGFR4_SIGNALING	REACTOME_NEGATIVE_REGULATION_OF_FGFR4_SIGNALING		26	-0.25655308	-0.9086295	0.5980861	0.88360614	1.0	2925	tags=31%, list=19%, signal=38%	
RICKMAN_METASTASIS_UP	RICKMAN_METASTASIS_UP		318	-0.16192159	-0.9068517	0.8134328	0.88809335	1.0	3632	tags=25%, list=24%, signal=32%	
PID_A6B1_A6B4_INTEGRIN_PATHWAY	PID_A6B1_A6B4_INTEGRIN_PATHWAY		43	-0.23088926	-0.90659815	0.6213592	0.88824177	1.0	2687	tags=26%, list=18%, signal=31%	
REACTOME_REGULATION_OF_MITF_M_DEPENDENT_GENES_INVOLVED_IN_APOPTOSIS	REACTOME_REGULATION_OF_MITF_M_DEPENDENT_GENES_INVOLVED_IN_APOPTOSIS		15	-0.3043472	-0.9065139	0.5987395	0.8879109	1.0	4255	tags=53%, list=28%, signal=74%	
ASTIER_INTEGRIN_SIGNALING	ASTIER_INTEGRIN_SIGNALING		48	-0.22310069	-0.90636003	0.63309354	0.88778317	1.0	1077	tags=15%, list=7%, signal=16%	
KEGG_PATHWAYS_IN_CANCER	KEGG_PATHWAYS_IN_CANCER		274	-0.1628096	-0.9057945	0.7871622	0.88877136	1.0	2925	tags=21%, list=19%, signal=26%	
PID_FRA_PATHWAY	PID_FRA_PATHWAY		32	-0.24599189	-0.9056717	0.63420427	0.8885641	1.0	2435	tags=22%, list=16%, signal=26%	
WP_BDNFTRKB_SIGNALING	WP_BDNFTRKB_SIGNALING		29	-0.2502001	-0.90487385	0.6169725	0.8902373	1.0	4344	tags=34%, list=29%, signal=48%	
REACTOME_CRMPS_IN_SEMA3A_SIGNALING	REACTOME_CRMPS_IN_SEMA3A_SIGNALING		16	-0.29207385	-0.9047234	0.59770113	0.8900651	1.0	4149	tags=56%, list=27%, signal=77%	
LIU_COMMON_CANCER_GENES	LIU_COMMON_CANCER_GENES		56	-0.21181403	-0.90469843	0.64819276	0.8895679	1.0	4049	tags=34%, list=27%, signal=46%	
WP_TNFALPHA_SIGNALING	WP_TNFALPHA_SIGNALING		74	-0.20015623	-0.90465546	0.64721483	0.8891269	1.0	2880	tags=24%, list=19%, signal=30%	
PULVER_FOREY_PERTURB_ACCUMULATION_M_EG1	PULVER_FOREY_PERTURB_ACCUMULATION_M_EG1		275	-0.16447476	-0.9043881	0.8178694	0.88930106	1.0	4766	tags=35%, list=32%, signal=50%	
REACTOME_DISEASES_OF_PROGRAMMED_CELL_DEATH	REACTOME_DISEASES_OF_PROGRAMMED_CELL_DEATH		70	-0.20484446	-0.90328825	0.63049096	0.8917449	1.0	4317	tags=33%, list=29%, signal=46%	
COLLIS_PRKDC_SUBSTRATES	COLLIS_PRKDC_SUBSTRATES		15	-0.30490437	-0.9032288	0.5704388	0.8913394	1.0	2986	tags=33%, list=20%, signal=42%	
REACTOME_RAB_GERANYLGERANYLATION	REACTOME_RAB_GERANYLGERANYLATION		61	-0.20785509	-0.90275156	0.67368424	0.8921161	1.0	4607	tags=41%, list=30%, signal=59%	
YAMASHITA_LIVER_CANCER_STEM_CELL_UP	YAMASHITA_LIVER_CANCER_STEM_CELL_UP		41	-0.22980142	-0.901927	0.646789	0.89386755	1.0	1273	tags=15%, list=8%, signal=16%	
WP_NF1_COPY_NUMBER_VARIATION_SYNDROME	WP_NF1_COPY_NUMBER_VARIATION_SYNDROME		83	-0.1988984	-0.9015661	0.6526316	0.89424974	1.0	2612	tags=20%, list=17%, signal=25%	
REACTOME_INTRA_GOLGI_AND_RETROGRADE_GOLGI_TO_ER_TRAFFIC	REACTOME_INTRA_GOLGI_AND_RETROGRADE_GOLGI_TO_ER_TRAFFIC		177	-0.17264292	-0.90056497	0.75820893	0.8963456	1.0	3127	tags=20%, list=21%, signal=25%	
NAKAYAMA_SOFT_TISSUE_TUMORS_PCA1_DN	NAKAYAMA_SOFT_TISSUE_TUMORS_PCA1_DN		69	-0.2053334	-0.9001434	0.65891474	0.89690727	1.0	2902	tags=23%, list=19%, signal=29%	
FERREIRA_EWINGS_SARCOMA_UNSTABLE_VS_STABLE_UP	FERREIRA_EWINGS_SARCOMA_UNSTABLE_VS_STABLE_UP		151	-0.17861469	-0.90000767	0.7493333	0.89670295	1.0	2461	tags=15%, list=16%, signal=18%	
WP_JAKSTAT_SIGNALING_IN_THE_REGULATION_OF_BETA_CELLS	WP_JAKSTAT_SIGNALING_IN_THE_REGULATION_OF_BETA_CELLS		29	-0.24687573	-0.89984256	0.59101653	0.8965523	1.0	2235	tags=24%, list=15%, signal=28%	
WP_MICROTUBULE_CYTOSKELETON_REGULATION	WP_MICROTUBULE_CYTOSKELETON_REGULATION		40	-0.23068373	-0.89913696	0.619403	0.8979023	1.0	2623	tags=23%, list=17%, signal=27%	
REACTOME_REGULATION_OF_PLK1_ACTIVITY_AT_G2_M_TRANSITION	REACTOME_REGULATION_OF_PLK1_ACTIVITY_AT_G2_M_TRANSITION		83	-0.19605906	-0.89876455	0.6569149	0.8983955	1.0	2963	tags=23%, list=20%, signal=28%	
REACTOME_HSP90_CHAPERONE_CYCLE_FOR_STEROID_HORMONE_RECEPTORS_SHR_IN_THE_PRESENCE_OF_LIGAND	REACTOME_HSP90_CHAPERONE_CYCLE_FOR_STEROID_HORMONE_RECEPTORS_SHR_IN_THE_PRESENCE_OF_LIGAND		43	-0.22649439	-0.8982877	0.6126582	0.8991365	1.0	398	tags=9%, list=3%, signal=10%	
WANG_PROSTATE_CANCER_ANDROGEN_INDEPENDENT	WANG_PROSTATE_CANCER_ANDROGEN_INDEPENDENT		55	-0.21015505	-0.897084	0.70418847	0.9019038	1.0	3687	tags=27%, list=24%, signal=36%	
WP_2Q37_COPY_NUMBER_VARIATION_SYNDROME	WP_2Q37_COPY_NUMBER_VARIATION_SYNDROME		104	-0.1870365	-0.8964628	0.6719577	0.90307134	1.0	3638	tags=31%, list=24%, signal=40%	
BRUINS_UVC_RESPONSE_MIDDLE	BRUINS_UVC_RESPONSE_MIDDLE		86	-0.19229321	-0.8962248	0.6945813	0.9031289	1.0	2688	tags=20%, list=18%, signal=24%	
REACTOME_SUMOYLATION_OF_DNA_DAMAGE_RESPONSE_AND_REPAIR_PROTEINS	REACTOME_SUMOYLATION_OF_DNA_DAMAGE_RESPONSE_AND_REPAIR_PROTEINS		70	-0.20422572	-0.8959268	0.66580313	0.9034104	1.0	3084	tags=23%, list=20%, signal=29%	
REACTOME_ZBP1_DAI_MEDIATED_INDUCTION_OF_TYPE_I_IFNS	REACTOME_ZBP1_DAI_MEDIATED_INDUCTION_OF_TYPE_I_IFNS		19	-0.276117	-0.8953686	0.59859157	0.9043282	1.0	1758	tags=21%, list=12%, signal=24%	
HILLION_HMGA1B_TARGETS	HILLION_HMGA1B_TARGETS		69	-0.20795575	-0.89523894	0.66047746	0.90411144	1.0	3054	tags=23%, list=20%, signal=29%	
WP_SEROTONIN_HTR1_GROUP_AND_FOS_PATHWAY	WP_SEROTONIN_HTR1_GROUP_AND_FOS_PATHWAY		28	-0.2505125	-0.89478296	0.6523702	0.9048075	1.0	246	tags=7%, list=2%, signal=7%	
REACTOME_MITOCHONDRIAL_PROTEIN_IMPORT	REACTOME_MITOCHONDRIAL_PROTEIN_IMPORT		58	-0.2117992	-0.8947106	0.65897435	0.90443134	1.0	4760	tags=41%, list=32%, signal=60%	
EBAUER_TARGETS_OF_PAX3_FOXO1_FUSION_UP	EBAUER_TARGETS_OF_PAX3_FOXO1_FUSION_UP		161	-0.17147742	-0.89439857	0.7804878	0.9046827	1.0	2018	tags=19%, list=13%, signal=21%	
ZHAN_MULTIPLE_MYELOMA_MF_UP	ZHAN_MULTIPLE_MYELOMA_MF_UP		38	-0.22833523	-0.8943849	0.6336405	0.904148	1.0	1964	tags=21%, list=13%, signal=24%	
REACTOME_INFECTION_WITH_MYCOBACTERIUM_TUBERCULOSIS	REACTOME_INFECTION_WITH_MYCOBACTERIUM_TUBERCULOSIS		26	-0.2588793	-0.8940963	0.62528735	0.90433246	1.0	2183	tags=19%, list=14%, signal=22%	
WP_NEURAL_CREST_CELL_MIGRATION_IN_CANCER	WP_NEURAL_CREST_CELL_MIGRATION_IN_CANCER		36	-0.22870573	-0.89360875	0.6271605	0.9050925	1.0	1767	tags=22%, list=12%, signal=25%	
KEGG_PANCREATIC_CANCER	KEGG_PANCREATIC_CANCER		59	-0.20499894	-0.89302504	0.7176781	0.90608203	1.0	4645	tags=36%, list=31%, signal=51%	
REACTOME_TRANSCRIPTION_OF_E2F_TARGETS_UNDER_NEGATIVE_CONTROL_BY_DREAM_COMPLEX	REACTOME_TRANSCRIPTION_OF_E2F_TARGETS_UNDER_NEGATIVE_CONTROL_BY_DREAM_COMPLEX		17	-0.2873076	-0.89187896	0.61147904	0.90856576	1.0	4594	tags=41%, list=30%, signal=59%	
KEGG_DILATED_CARDIOMYOPATHY	KEGG_DILATED_CARDIOMYOPATHY		69	-0.20085998	-0.89155287	0.70049506	0.9088523	1.0	2746	tags=23%, list=18%, signal=28%	
WP_INVOLVEMENT_OF_SECRETASE_IN_NEURODEGENERATIVE_DISEASES	WP_INVOLVEMENT_OF_SECRETASE_IN_NEURODEGENERATIVE_DISEASES		15	-0.29812446	-0.89139336	0.5826087	0.90871674	1.0	1510	tags=20%, list=10%, signal=22%	
REACTOME_ESTROGEN_DEPENDENT_NUCLEAR_EVENTS_DOWNSTREAM_OF_ESR_MEMBRANE_SIGNALING	REACTOME_ESTROGEN_DEPENDENT_NUCLEAR_EVENTS_DOWNSTREAM_OF_ESR_MEMBRANE_SIGNALING		21	-0.2671388	-0.8913468	0.6511628	0.90826434	1.0	1510	tags=19%, list=10%, signal=21%	
WP_ONCOSTATIN_M_SIGNALING	WP_ONCOSTATIN_M_SIGNALING		54	-0.21155237	-0.8913351	0.6666667	0.9077215	1.0	3119	tags=28%, list=21%, signal=35%	
TCGA_GLIOBLASTOMA_COPY_NUMBER_UP	TCGA_GLIOBLASTOMA_COPY_NUMBER_UP		62	-0.20754936	-0.89128715	0.6879607	0.9072721	1.0	3936	tags=32%, list=26%, signal=43%	
REACTOME_SMAD2_SMAD3_SMAD4_HETEROTRIMER_REGULATES_TRANSCRIPTION	REACTOME_SMAD2_SMAD3_SMAD4_HETEROTRIMER_REGULATES_TRANSCRIPTION		30	-0.24518451	-0.89116967	0.6357616	0.9069942	1.0	2026	tags=20%, list=13%, signal=23%	
REACTOME_TRNA_PROCESSING_IN_THE_NUCLEUS	REACTOME_TRNA_PROCESSING_IN_THE_NUCLEUS		56	-0.20735827	-0.89086556	0.6575	0.90720874	1.0	2125	tags=18%, list=14%, signal=21%	
LIU_SOX4_TARGETS_UP	LIU_SOX4_TARGETS_UP		126	-0.18075733	-0.89046866	0.7355623	0.9076611	1.0	3981	tags=33%, list=26%, signal=44%	
WU_SILENCED_BY_METHYLATION_IN_BLADDER_CANCER	WU_SILENCED_BY_METHYLATION_IN_BLADDER_CANCER		44	-0.2217477	-0.89013135	0.64285713	0.90796274	1.0	4487	tags=41%, list=30%, signal=58%	
GAL_LEUKEMIC_STEM_CELL_UP	GAL_LEUKEMIC_STEM_CELL_UP		104	-0.1873297	-0.8894511	0.7263158	0.9091648	1.0	1208	tags=13%, list=8%, signal=13%	
JIANG_HYPOXIA_CANCER	JIANG_HYPOXIA_CANCER		57	-0.21275416	-0.8890568	0.67005074	0.90964043	1.0	2775	tags=19%, list=18%, signal=24%	
BIOCARTA_ECM_PATHWAY	BIOCARTA_ECM_PATHWAY		17	-0.28013146	-0.88893414	0.6183908	0.9094114	1.0	3898	tags=35%, list=26%, signal=48%	
REACTOME_COLLAGEN_BIOSYNTHESIS_AND_MODIFYING_ENZYMES	REACTOME_COLLAGEN_BIOSYNTHESIS_AND_MODIFYING_ENZYMES		59	-0.20852236	-0.8884902	0.67718446	0.9100807	1.0	3810	tags=29%, list=25%, signal=38%	
CHOI_ATL_CHRONIC_VS_ACUTE_DN	CHOI_ATL_CHRONIC_VS_ACUTE_DN		17	-0.28761092	-0.88822824	0.61556065	0.91020066	1.0	705	tags=12%, list=5%, signal=12%	
RORIE_TARGETS_OF_EWSR1_FLI1_FUSION_DN	RORIE_TARGETS_OF_EWSR1_FLI1_FUSION_DN		27	-0.24523048	-0.88817936	0.6223278	0.90976715	1.0	3491	tags=41%, list=23%, signal=53%	
REACTOME_CARBOXYTERMINAL_POST_TRANSLATIONAL_MODIFICATIONS_OF_TUBULIN	REACTOME_CARBOXYTERMINAL_POST_TRANSLATIONAL_MODIFICATIONS_OF_TUBULIN		33	-0.23727514	-0.88772804	0.64646465	0.91034806	1.0	1361	tags=18%, list=9%, signal=20%	
REACTOME_CO_STIMULATION_BY_CD28	REACTOME_CO_STIMULATION_BY_CD28		37	-0.22946756	-0.8874061	0.6381909	0.9106722	1.0	2592	tags=22%, list=17%, signal=26%	
LEE_CALORIE_RESTRICTION_MUSCLE_DN	LEE_CALORIE_RESTRICTION_MUSCLE_DN		41	-0.22407667	-0.8873706	0.6658291	0.9101892	1.0	1135	tags=15%, list=8%, signal=16%	
GENTILE_UV_RESPONSE_CLUSTER_D7	GENTILE_UV_RESPONSE_CLUSTER_D7		37	-0.23254277	-0.88713926	0.6461187	0.9102452	1.0	2026	tags=16%, list=13%, signal=19%	
REACTOME_MHC_CLASS_II_ANTIGEN_PRESENTATION	REACTOME_MHC_CLASS_II_ANTIGEN_PRESENTATION		105	-0.18757662	-0.8867155	0.7613636	0.9107669	1.0	3873	tags=30%, list=26%, signal=39%	
REACTOME_DEADENYLATION_OF_MRNA	REACTOME_DEADENYLATION_OF_MRNA		24	-0.25643557	-0.886628	0.6413044	0.9104273	1.0	1856	tags=17%, list=12%, signal=19%	
REACTOME_SIGNALING_BY_NODAL	REACTOME_SIGNALING_BY_NODAL		18	-0.27795208	-0.8862246	0.6166667	0.91091394	1.0	1028	tags=17%, list=7%, signal=18%	
BHAT_ESR1_TARGETS_NOT_VIA_AKT1_UP	BHAT_ESR1_TARGETS_NOT_VIA_AKT1_UP		187	-0.17148848	-0.88587946	0.77884614	0.9112796	1.0	3511	tags=28%, list=23%, signal=36%	
GARGALOVIC_RESPONSE_TO_OXIDIZED_PHOSPHOLIPIDS_MAGENTA_UP	GARGALOVIC_RESPONSE_TO_OXIDIZED_PHOSPHOLIPIDS_MAGENTA_UP		24	-0.25547674	-0.8852399	0.6488372	0.91237307	1.0	3647	tags=25%, list=24%, signal=33%	
DUAN_PRDM5_TARGETS	DUAN_PRDM5_TARGETS		66	-0.2060118	-0.8851613	0.67733335	0.91199887	1.0	4098	tags=33%, list=27%, signal=46%	
WP_EXTRACELLULAR_VESICLEMEDIATED_SIGNALING_IN_RECIPIENT_CELLS	WP_EXTRACELLULAR_VESICLEMEDIATED_SIGNALING_IN_RECIPIENT_CELLS		20	-0.27208292	-0.88490355	0.61348313	0.9121172	1.0	4013	tags=50%, list=27%, signal=68%	
KEGG_LYSOSOME	KEGG_LYSOSOME		104	-0.18358333	-0.8846842	0.7633588	0.91212845	1.0	3382	tags=24%, list=22%, signal=31%	
ZHENG_FOXP3_TARGETS_IN_THYMUS_UP	ZHENG_FOXP3_TARGETS_IN_THYMUS_UP		168	-0.17080523	-0.884668	0.80351907	0.9116001	1.0	3027	tags=20%, list=20%, signal=24%	
KEGG_MEDICUS_REFERENCE_CCR_CXCR_GNB_G_PI3K_RAC_SIGNALING_PATHWAY	KEGG_MEDICUS_REFERENCE_CCR_CXCR_GNB_G_PI3K_RAC_SIGNALING_PATHWAY		23	-0.25584456	-0.8843174	0.61190474	0.9119153	1.0	1574	tags=22%, list=10%, signal=24%	
BROWNE_HCMV_INFECTION_14HR_UP	BROWNE_HCMV_INFECTION_14HR_UP		133	-0.17635824	-0.88415426	0.7574932	0.9117725	1.0	4663	tags=41%, list=31%, signal=58%	
REACTOME_ASSEMBLY_OF_THE_ORC_COMPLEX_AT_THE_ORIGIN_OF_REPLICATION	REACTOME_ASSEMBLY_OF_THE_ORC_COMPLEX_AT_THE_ORIGIN_OF_REPLICATION		43	-0.223918	-0.88413715	0.69948184	0.9112526	1.0	4317	tags=35%, list=29%, signal=49%	
KAYO_AGING_MUSCLE_UP	KAYO_AGING_MUSCLE_UP		178	-0.17001821	-0.8840656	0.8064516	0.9108736	1.0	2600	tags=20%, list=17%, signal=23%	
REACTOME_CONSTITUTIVE_SIGNALING_BY_LIGAND_RESPONSIVE_EGFR_CANCER_VARIANTS	REACTOME_CONSTITUTIVE_SIGNALING_BY_LIGAND_RESPONSIVE_EGFR_CANCER_VARIANTS		18	-0.28173938	-0.8826172	0.6405063	0.91412395	1.0	1236	tags=17%, list=8%, signal=18%	
KEGG_ACUTE_MYELOID_LEUKEMIA	KEGG_ACUTE_MYELOID_LEUKEMIA		49	-0.21641006	-0.8822064	0.676259	0.9145952	1.0	4340	tags=35%, list=29%, signal=49%	
HOEBEKE_LYMPHOID_STEM_CELL_DN	HOEBEKE_LYMPHOID_STEM_CELL_DN		77	-0.18986364	-0.88179135	0.7120419	0.91509247	1.0	3171	tags=27%, list=21%, signal=34%	
WP_TYPE_I_COLLAGEN_SYNTHESIS_IN_THE_CONTEXT_OF_OSTEOGENESIS_IMPERFECTA	WP_TYPE_I_COLLAGEN_SYNTHESIS_IN_THE_CONTEXT_OF_OSTEOGENESIS_IMPERFECTA		31	-0.23877816	-0.8817526	0.6556604	0.9146216	1.0	3810	tags=35%, list=25%, signal=47%	
WP_FGFR3_SIGNALING_IN_CHONDROCYTE_PROLIFERATION_AND_TERMINAL_DIFFERENTIATION	WP_FGFR3_SIGNALING_IN_CHONDROCYTE_PROLIFERATION_AND_TERMINAL_DIFFERENTIATION		24	-0.25429624	-0.8816159	0.6255605	0.91441613	1.0	964	tags=13%, list=6%, signal=13%	
CHARAFE_BREAST_CANCER_BASAL_VS_MESENCHYMAL_DN	CHARAFE_BREAST_CANCER_BASAL_VS_MESENCHYMAL_DN		47	-0.21854798	-0.8811505	0.67	0.91509867	1.0	2637	tags=19%, list=17%, signal=23%	
WP_IL6_SIGNALING	WP_IL6_SIGNALING		36	-0.22702876	-0.8808151	0.6851852	0.9154127	1.0	3068	tags=31%, list=20%, signal=38%	
REACTOME_HIGH_LAMINAR_FLOW_SHEAR_STRESS_ACTIVATES_SIGNALING_BY_PIEZO1_AND_PECAM1_CDH5_KDR_IN_ENDOTHELIAL_CELLS	REACTOME_HIGH_LAMINAR_FLOW_SHEAR_STRESS_ACTIVATES_SIGNALING_BY_PIEZO1_AND_PECAM1_CDH5_KDR_IN_ENDOTHELIAL_CELLS		54	-0.20945278	-0.8804741	0.7035176	0.9157583	1.0	1574	tags=17%, list=10%, signal=19%	
REACTOME_MAPK6_MAPK4_SIGNALING	REACTOME_MAPK6_MAPK4_SIGNALING		68	-0.1991541	-0.8802419	0.71391755	0.91577137	1.0	1505	tags=13%, list=10%, signal=15%	
REACTOME_SIGNALING_BY_TGF_BETA_RECEPTOR_COMPLEX	REACTOME_SIGNALING_BY_TGF_BETA_RECEPTOR_COMPLEX		82	-0.1919042	-0.8801043	0.71875	0.91557235	1.0	4013	tags=32%, list=27%, signal=43%	
PID_VEGFR1_PATHWAY	PID_VEGFR1_PATHWAY		24	-0.2532417	-0.8797123	0.61312217	0.9160192	1.0	352	tags=8%, list=2%, signal=9%	
KEGG_MEDICUS_VARIANT_MLL_AF4_FUSION_TO_TRANSCRIPTIONAL_ACTIVATION	KEGG_MEDICUS_VARIANT_MLL_AF4_FUSION_TO_TRANSCRIPTIONAL_ACTIVATION		22	-0.261028	-0.8786066	0.64878047	0.91827214	1.0	871	tags=14%, list=6%, signal=14%	
REACTOME_PTEN_REGULATION	REACTOME_PTEN_REGULATION		111	-0.18006074	-0.87824917	0.78571427	0.9186258	1.0	4377	tags=31%, list=29%, signal=43%	
PID_AVB3_OPN_PATHWAY	PID_AVB3_OPN_PATHWAY		29	-0.2416907	-0.87769884	0.6403712	0.91944456	1.0	2154	tags=21%, list=14%, signal=24%	
BROWNE_HCMV_INFECTION_16HR_UP	BROWNE_HCMV_INFECTION_16HR_UP		205	-0.16550316	-0.87725973	0.8244514	0.92003477	1.0	3513	tags=23%, list=23%, signal=29%	
REACTOME_REGULATION_OF_TP53_ACTIVITY	REACTOME_REGULATION_OF_TP53_ACTIVITY		131	-0.17730084	-0.8766152	0.7589041	0.9210023	1.0	2599	tags=21%, list=17%, signal=26%	
REACTOME_DISEASES_OF_CARBOHYDRATE_METABOLISM	REACTOME_DISEASES_OF_CARBOHYDRATE_METABOLISM		27	-0.2452966	-0.8763115	0.65837103	0.92123336	1.0	5220	tags=37%, list=35%, signal=56%	
REACTOME_SIGNALING_BY_ERBB4	REACTOME_SIGNALING_BY_ERBB4		50	-0.21129131	-0.8763029	0.70408165	0.9206926	1.0	1298	tags=14%, list=9%, signal=15%	
FIGUEROA_AML_METHYLATION_CLUSTER_1_DN	FIGUEROA_AML_METHYLATION_CLUSTER_1_DN		30	-0.2354318	-0.8761574	0.6674312	0.920504	1.0	537	tags=10%, list=4%, signal=10%	
TIEN_INTESTINE_PROBIOTICS_6HR_DN	TIEN_INTESTINE_PROBIOTICS_6HR_DN		158	-0.16881983	-0.8754454	0.8138138	0.92171615	1.0	3664	tags=24%, list=24%, signal=31%	
WP_LIPID_METABOLISM_PATHWAY	WP_LIPID_METABOLISM_PATHWAY		22	-0.264857	-0.8752021	0.6281179	0.92176515	1.0	2494	tags=23%, list=17%, signal=27%	
KEGG_REGULATION_OF_AUTOPHAGY	KEGG_REGULATION_OF_AUTOPHAGY		19	-0.2712023	-0.8748543	0.6340909	0.92199945	1.0	5317	tags=53%, list=35%, signal=81%	
TOMLINS_METASTASIS_DN	TOMLINS_METASTASIS_DN		19	-0.27214125	-0.87476003	0.63242006	0.92166764	1.0	494	tags=11%, list=3%, signal=11%	
PARK_HSC_AND_MULTIPOTENT_PROGENITORS	PARK_HSC_AND_MULTIPOTENT_PROGENITORS		38	-0.22442119	-0.8739504	0.67758185	0.9230673	1.0	2219	tags=18%, list=15%, signal=22%	
REACTOME_TRANSCRIPTIONAL_REGULATION_OF_GRANULOPOIESIS	REACTOME_TRANSCRIPTIONAL_REGULATION_OF_GRANULOPOIESIS		54	-0.20466109	-0.87360203	0.6964286	0.9234028	1.0	4499	tags=37%, list=30%, signal=53%	
PID_LYMPH_ANGIOGENESIS_PATHWAY	PID_LYMPH_ANGIOGENESIS_PATHWAY		23	-0.25393945	-0.873321	0.6666667	0.92353594	1.0	886	tags=9%, list=6%, signal=9%	
WP_INTERACTIONS_BETWEEN_LOXL4_AND_OXIDATIVE_STRESS_PATHWAY	WP_INTERACTIONS_BETWEEN_LOXL4_AND_OXIDATIVE_STRESS_PATHWAY		17	-0.28285435	-0.87298924	0.64102566	0.9237734	1.0	3472	tags=29%, list=23%, signal=38%	
KEGG_MEDICUS_REFERENCE_PDGF_PDGFR_PLCG_CAMK_SIGNALING_PATHWAY	KEGG_MEDICUS_REFERENCE_PDGF_PDGFR_PLCG_CAMK_SIGNALING_PATHWAY		16	-0.27934334	-0.8727391	0.6857798	0.9237984	1.0	2813	tags=31%, list=19%, signal=38%	
HOSHIDA_LIVER_CANCER_LATE_RECURRENCE_UP	HOSHIDA_LIVER_CANCER_LATE_RECURRENCE_UP		50	-0.20955148	-0.8723975	0.7107232	0.92405975	1.0	1841	tags=20%, list=12%, signal=23%	
MARTINEZ_RESPONSE_TO_TRABECTEDIN_DN	MARTINEZ_RESPONSE_TO_TRABECTEDIN_DN		250	-0.16025564	-0.8720347	0.8580858	0.92442775	1.0	2348	tags=16%, list=16%, signal=18%	
REACTOME_SIGNALING_BY_ERYTHROPOIETIN	REACTOME_SIGNALING_BY_ERYTHROPOIETIN		22	-0.2550896	-0.8716856	0.6393443	0.92474353	1.0	1236	tags=14%, list=8%, signal=15%	
GAVIN_FOXP3_TARGETS_CLUSTER_T4	GAVIN_FOXP3_TARGETS_CLUSTER_T4		85	-0.1884568	-0.8714848	0.7263158	0.92468154	1.0	1503	tags=13%, list=10%, signal=14%	
REACTOME_RHO_GTPASE_EFFECTORS	REACTOME_RHO_GTPASE_EFFECTORS		264	-0.15974833	-0.8714662	0.8680556	0.9241645	1.0	2642	tags=17%, list=17%, signal=21%	
KEGG_MEDICUS_REFERENCE_GF_RTK_RAS_PI3K_SIGNALING_PATHWAY	KEGG_MEDICUS_REFERENCE_GF_RTK_RAS_PI3K_SIGNALING_PATHWAY		78	-0.19365288	-0.87143224	0.7493606	0.9236848	1.0	1767	tags=15%, list=12%, signal=17%	
VANOEVELEN_MYOGENESIS_SIN3A_TARGETS	VANOEVELEN_MYOGENESIS_SIN3A_TARGETS		204	-0.16559188	-0.87118655	0.8485804	0.92370445	1.0	2792	tags=19%, list=18%, signal=23%	
BIOCARTA_ERAD_PATHWAY	BIOCARTA_ERAD_PATHWAY		15	-0.28775918	-0.87102866	0.6229885	0.92353666	1.0	94	tags=7%, list=1%, signal=7%	
REACTOME_ASSEMBLY_AND_CELL_SURFACE_PRESENTATION_OF_NMDA_RECEPTORS	REACTOME_ASSEMBLY_AND_CELL_SURFACE_PRESENTATION_OF_NMDA_RECEPTORS		34	-0.227115	-0.8703591	0.6588785	0.9246668	1.0	2042	tags=21%, list=14%, signal=24%	
REACTOME_FORMATION_OF_ATP_BY_CHEMIOSMOTIC_COUPLING	REACTOME_FORMATION_OF_ATP_BY_CHEMIOSMOTIC_COUPLING		20	-0.26724592	-0.8703467	0.6536697	0.9241472	1.0	5632	tags=50%, list=37%, signal=80%	
GAZIN_EPIGENETIC_SILENCING_BY_KRAS	GAZIN_EPIGENETIC_SILENCING_BY_KRAS		22	-0.26042345	-0.8693158	0.65429235	0.9261057	1.0	325	tags=9%, list=2%, signal=9%	
WP_UROTENSINIIMEDIATED_SIGNALING	WP_UROTENSINIIMEDIATED_SIGNALING		55	-0.20480359	-0.86857146	0.7284264	0.9274343	1.0	3098	tags=27%, list=21%, signal=34%	
PID_RAS_PATHWAY	PID_RAS_PATHWAY		28	-0.24378729	-0.8677714	0.67356324	0.92882806	1.0	2510	tags=21%, list=17%, signal=26%	
POMEROY_MEDULLOBLASTOMA_DESMOPLASIC_VS_CLASSIC_UP	POMEROY_MEDULLOBLASTOMA_DESMOPLASIC_VS_CLASSIC_UP		57	-0.20387389	-0.86764276	0.68421054	0.9286	1.0	4212	tags=35%, list=28%, signal=48%	
KIM_WT1_TARGETS_8HR_DN	KIM_WT1_TARGETS_8HR_DN		94	-0.18195789	-0.86707854	0.76942354	0.9294118	1.0	3363	tags=26%, list=22%, signal=33%	
REACTOME_ADP_SIGNALLING_THROUGH_P2Y_PURINOCEPTOR_12	REACTOME_ADP_SIGNALLING_THROUGH_P2Y_PURINOCEPTOR_12		19	-0.26527724	-0.8670302	0.6578366	0.928953	1.0	1574	tags=21%, list=10%, signal=23%	
REACTOME_RHOA_GTPASE_CYCLE	REACTOME_RHOA_GTPASE_CYCLE		135	-0.17518246	-0.8663131	0.7994186	0.9301412	1.0	2015	tags=16%, list=13%, signal=18%	
WANG_NEOPLASTIC_TRANSFORMATION_BY_CCND1_MYC	WANG_NEOPLASTIC_TRANSFORMATION_BY_CCND1_MYC		17	-0.28236923	-0.86567724	0.6490066	0.9311599	1.0	4505	tags=47%, list=30%, signal=67%	
FAELT_B_CLL_WITH_VH_REARRANGEMENTS_DN	FAELT_B_CLL_WITH_VH_REARRANGEMENTS_DN		47	-0.2157716	-0.86555827	0.7122302	0.93087715	1.0	3611	tags=34%, list=24%, signal=45%	
REACTOME_DISEASES_OF_GLYCOSYLATION	REACTOME_DISEASES_OF_GLYCOSYLATION		128	-0.17459027	-0.86524135	0.8236915	0.93107367	1.0	3913	tags=30%, list=26%, signal=41%	
PURBEY_TARGETS_OF_CTBP1_NOT_SATB1_UP	PURBEY_TARGETS_OF_CTBP1_NOT_SATB1_UP		248	-0.16041009	-0.8650405	0.88395905	0.9309638	1.0	3314	tags=24%, list=22%, signal=30%	
MCBRYAN_PUBERTAL_BREAST_4_5WK_DN	MCBRYAN_PUBERTAL_BREAST_4_5WK_DN		172	-0.16563672	-0.86457324	0.8541033	0.9315309	1.0	4259	tags=32%, list=28%, signal=44%	
REACTOME_FGFR2_MUTANT_RECEPTOR_ACTIVATION	REACTOME_FGFR2_MUTANT_RECEPTOR_ACTIVATION		29	-0.23747097	-0.86437356	0.6978417	0.9314464	1.0	415	tags=10%, list=3%, signal=11%	
WEST_ADRENOCORTICAL_TUMOR_MARKERS_UP	WEST_ADRENOCORTICAL_TUMOR_MARKERS_UP		22	-0.2533512	-0.86418295	0.6723301	0.9313661	1.0	1735	tags=18%, list=11%, signal=21%	
FOROUTAN_PRODRANK_TGFB_EMT_UP	FOROUTAN_PRODRANK_TGFB_EMT_UP		171	-0.16683641	-0.8624866	0.86646885	0.9347982	1.0	4228	tags=31%, list=28%, signal=43%	
DACOSTA_UV_RESPONSE_VIA_ERCC3_COMMON_UP	DACOSTA_UV_RESPONSE_VIA_ERCC3_COMMON_UP		64	-0.1977481	-0.8622686	0.73783785	0.93474096	1.0	3235	tags=27%, list=21%, signal=34%	
REACTOME_COPI_DEPENDENT_GOLGI_TO_ER_RETROGRADE_TRAFFIC	REACTOME_COPI_DEPENDENT_GOLGI_TO_ER_RETROGRADE_TRAFFIC		89	-0.18907294	-0.8620913	0.76103896	0.93459207	1.0	3127	tags=21%, list=21%, signal=27%	
ONDER_CDH1_TARGETS_2_UP	ONDER_CDH1_TARGETS_2_UP		233	-0.1585994	-0.8613813	0.88235295	0.93563735	1.0	4487	tags=34%, list=30%, signal=47%	
KEGG_ARRHYTHMOGENIC_RIGHT_VENTRICULAR_CARDIOMYOPATHY_ARVC	KEGG_ARRHYTHMOGENIC_RIGHT_VENTRICULAR_CARDIOMYOPATHY_ARVC		61	-0.19806673	-0.8613104	0.72634274	0.9352492	1.0	2102	tags=20%, list=14%, signal=23%	
WP_2Q112_COPY_NUMBER_VARIATION_SYNDROME	WP_2Q112_COPY_NUMBER_VARIATION_SYNDROME		27	-0.24182422	-0.86045206	0.6881443	0.93676364	1.0	3561	tags=30%, list=24%, signal=39%	
REACTOME_TGFBR3_EXPRESSION	REACTOME_TGFBR3_EXPRESSION		18	-0.27324528	-0.8604327	0.6536697	0.9362413	1.0	5200	tags=56%, list=34%, signal=85%	
CHEN_HOXA5_TARGETS_9HR_DN	CHEN_HOXA5_TARGETS_9HR_DN		40	-0.2172507	-0.8598716	0.7186046	0.937013	1.0	1541	tags=13%, list=10%, signal=14%	
JEON_SMAD6_TARGETS_DN	JEON_SMAD6_TARGETS_DN		18	-0.27171615	-0.8590672	0.6580796	0.9382784	1.0	1769	tags=17%, list=12%, signal=19%	
REACTOME_RNA_POLYMERASE_II_TRANSCRIBES_SNRNA_GENES	REACTOME_RNA_POLYMERASE_II_TRANSCRIBES_SNRNA_GENES		71	-0.19438706	-0.8588193	0.7419355	0.93830407	1.0	3665	tags=25%, list=24%, signal=33%	
PID_PI3K_PLC_TRK_PATHWAY	PID_PI3K_PLC_TRK_PATHWAY		34	-0.23082559	-0.8586559	0.6886792	0.93811715	1.0	2785	tags=26%, list=18%, signal=32%	
AKL_HTLV1_INFECTION_UP	AKL_HTLV1_INFECTION_UP		27	-0.24324998	-0.85768735	0.68333334	0.9398123	1.0	3314	tags=37%, list=22%, signal=47%	
KENNY_CTNNB1_TARGETS_DN	KENNY_CTNNB1_TARGETS_DN		49	-0.20959379	-0.85747343	0.7469586	0.9397439	1.0	2713	tags=24%, list=18%, signal=30%	
LE_EGR2_TARGETS_DN	LE_EGR2_TARGETS_DN		95	-0.18395588	-0.8573939	0.79473686	0.9393757	1.0	2480	tags=20%, list=16%, signal=24%	
GAVIN_FOXP3_TARGETS_CLUSTER_P7	GAVIN_FOXP3_TARGETS_CLUSTER_P7		82	-0.18834612	-0.8570318	0.7708333	0.93967074	1.0	1457	tags=15%, list=10%, signal=16%	
WP_ECTODERM_DIFFERENTIATION	WP_ECTODERM_DIFFERENTIATION		121	-0.17839405	-0.8568648	0.7927171	0.9394859	1.0	3825	tags=31%, list=25%, signal=41%	
CAFFAREL_RESPONSE_TO_THC_UP	CAFFAREL_RESPONSE_TO_THC_UP		28	-0.23503204	-0.8566413	0.67772514	0.93944156	1.0	1294	tags=14%, list=9%, signal=16%	
LEE_CALORIE_RESTRICTION_NEOCORTEX_UP	LEE_CALORIE_RESTRICTION_NEOCORTEX_UP		57	-0.19925466	-0.8561594	0.7364341	0.9399591	1.0	3027	tags=26%, list=20%, signal=33%	
WP_SENESCENCE_AND_AUTOPHAGY_IN_CANCER	WP_SENESCENCE_AND_AUTOPHAGY_IN_CANCER		85	-0.1876759	-0.85471404	0.78201634	0.94270927	1.0	2623	tags=22%, list=17%, signal=27%	
MATSUDA_NATURAL_KILLER_DIFFERENTIATION	MATSUDA_NATURAL_KILLER_DIFFERENTIATION		397	-0.14814082	-0.85461926	0.9527559	0.94236165	1.0	1833	tags=13%, list=12%, signal=14%	
PASINI_SUZ12_TARGETS_DN	PASINI_SUZ12_TARGETS_DN		282	-0.1530422	-0.85457087	0.94385964	0.94192874	1.0	2012	tags=14%, list=13%, signal=16%	
DORN_ADENOVIRUS_INFECTION_12HR_DN	DORN_ADENOVIRUS_INFECTION_12HR_DN		27	-0.2407149	-0.8540472	0.7146119	0.94258434	1.0	2235	tags=22%, list=15%, signal=26%	
WP_SLC25A46_PATHWAY	WP_SLC25A46_PATHWAY		21	-0.25695866	-0.85399604	0.7062635	0.94214326	1.0	4625	tags=38%, list=31%, signal=55%	
WP_ALPHA_6_BETA_4_SIGNALING	WP_ALPHA_6_BETA_4_SIGNALING		29	-0.23816986	-0.8534211	0.67954546	0.94291717	1.0	4117	tags=34%, list=27%, signal=47%	
GROSS_HYPOXIA_VIA_ELK3_DN	GROSS_HYPOXIA_VIA_ELK3_DN		136	-0.16926292	-0.8532966	0.8360215	0.9426206	1.0	3244	tags=24%, list=21%, signal=31%	
REACTOME_CYCLIN_D_ASSOCIATED_EVENTS_IN_G1	REACTOME_CYCLIN_D_ASSOCIATED_EVENTS_IN_G1		42	-0.21755724	-0.85288155	0.7025761	0.9430481	1.0	2536	tags=19%, list=17%, signal=23%	
PID_IL2_1PATHWAY	PID_IL2_1PATHWAY		46	-0.2125612	-0.85237	0.760274	0.9436975	1.0	41	tags=7%, list=0%, signal=7%	
RAY_TUMORIGENESIS_BY_ERBB2_CDC25A_UP	RAY_TUMORIGENESIS_BY_ERBB2_CDC25A_UP		155	-0.166368	-0.8523049	0.86647725	0.94328177	1.0	3176	tags=23%, list=21%, signal=29%	
WP_MIRTARGETED_GENES_IN_LEUKOCYTES	WP_MIRTARGETED_GENES_IN_LEUKOCYTES		112	-0.17275807	-0.852133	0.8186813	0.943113	1.0	4824	tags=34%, list=32%, signal=49%	
KYNG_RESPONSE_TO_H2O2	KYNG_RESPONSE_TO_H2O2		59	-0.19909249	-0.8520766	0.7606383	0.9426918	1.0	3449	tags=27%, list=23%, signal=35%	
REACTOME_REGULATION_OF_INSULIN_LIKE_GROWTH_FACTOR_IGF_TRANSPORT_AND_UPTAKE_BY_INSULIN_LIKE_GROWTH_FACTOR_BINDING_PROTEINS_IGFBPS	REACTOME_REGULATION_OF_INSULIN_LIKE_GROWTH_FACTOR_IGF_TRANSPORT_AND_UPTAKE_BY_INSULIN_LIKE_GROWTH_FACTOR_BINDING_PROTEINS_IGFBPS		99	-0.17726557	-0.8519065	0.8186813	0.94253325	1.0	4250	tags=34%, list=28%, signal=47%	
HOLLMANN_APOPTOSIS_VIA_CD40_UP	HOLLMANN_APOPTOSIS_VIA_CD40_UP		177	-0.16164018	-0.85161215	0.90909094	0.9426408	1.0	4273	tags=31%, list=28%, signal=42%	
MCBRYAN_PUBERTAL_TGFB1_TARGETS_UP	MCBRYAN_PUBERTAL_TGFB1_TARGETS_UP		153	-0.16668344	-0.85136247	0.84923077	0.9426491	1.0	2653	tags=20%, list=18%, signal=24%	
CHIARADONNA_NEOPLASTIC_TRANSFORMATION_KRAS_DN	CHIARADONNA_NEOPLASTIC_TRANSFORMATION_KRAS_DN		120	-0.17260683	-0.8513452	0.8319559	0.94212973	1.0	3821	tags=28%, list=25%, signal=38%	
WATANABE_RECTAL_CANCER_RADIOTHERAPY_RESPONSIVE_DN	WATANABE_RECTAL_CANCER_RADIOTHERAPY_RESPONSIVE_DN		80	-0.18815294	-0.85097504	0.74444443	0.94240457	1.0	1065	tags=10%, list=7%, signal=11%	
DACOSTA_UV_RESPONSE_VIA_ERCC3_TTD_DN	DACOSTA_UV_RESPONSE_VIA_ERCC3_TTD_DN		80	-0.19177836	-0.8509347	0.7910053	0.94194263	1.0	2193	tags=18%, list=15%, signal=20%	
REACTOME_REGULATION_OF_PTEN_GENE_TRANSCRIPTION	REACTOME_REGULATION_OF_PTEN_GENE_TRANSCRIPTION		51	-0.20603575	-0.8507738	0.75870645	0.9417273	1.0	4494	tags=33%, list=30%, signal=47%	
WP_CANONICAL_AND_NONCANONICAL_NOTCH_SIGNALING	WP_CANONICAL_AND_NONCANONICAL_NOTCH_SIGNALING		26	-0.24319562	-0.8504038	0.7035294	0.94197613	1.0	1910	tags=23%, list=13%, signal=26%	
REACTOME_MITOTIC_PROPHASE	REACTOME_MITOTIC_PROPHASE		111	-0.17318046	-0.85023576	0.83008355	0.9418174	1.0	4317	tags=30%, list=29%, signal=41%	
REACTOME_SEMA4D_INDUCED_CELL_MIGRATION_AND_GROWTH_CONE_COLLAPSE	REACTOME_SEMA4D_INDUCED_CELL_MIGRATION_AND_GROWTH_CONE_COLLAPSE		17	-0.27514473	-0.8501406	0.6666667	0.94147253	1.0	3617	tags=29%, list=24%, signal=39%	
JIANG_HYPOXIA_VIA_VHL	JIANG_HYPOXIA_VIA_VHL		17	-0.27338007	-0.84956473	0.65384614	0.94215757	1.0	2092	tags=29%, list=14%, signal=34%	
PID_MAPK_TRK_PATHWAY	PID_MAPK_TRK_PATHWAY		29	-0.2360942	-0.8495147	0.7125891	0.94172513	1.0	4548	tags=41%, list=30%, signal=59%	
REACTOME_OVARIAN_TUMOR_DOMAIN_PROTEASES	REACTOME_OVARIAN_TUMOR_DOMAIN_PROTEASES		33	-0.22959146	-0.84943056	0.7310513	0.9413589	1.0	3561	tags=30%, list=24%, signal=40%	
MARTORIATI_MDM4_TARGETS_FETAL_LIVER_DN	MARTORIATI_MDM4_TARGETS_FETAL_LIVER_DN		465	-0.14544076	-0.84901685	0.977169	0.9417618	1.0	3607	tags=24%, list=24%, signal=30%	
REACTOME_E3_UBIQUITIN_LIGASES_UBIQUITINATE_TARGET_PROTEINS	REACTOME_E3_UBIQUITIN_LIGASES_UBIQUITINATE_TARGET_PROTEINS		49	-0.20336203	-0.84898037	0.7446301	0.94127804	1.0	3995	tags=33%, list=26%, signal=44%	
PID_S1P_S1P3_PATHWAY	PID_S1P_S1P3_PATHWAY		26	-0.23943955	-0.8483568	0.6938776	0.9420806	1.0	3561	tags=31%, list=24%, signal=40%	
KEGG_MEDICUS_REFERENCE_GF_RTK_PI3K_SIGNALING_PATHWAY	KEGG_MEDICUS_REFERENCE_GF_RTK_PI3K_SIGNALING_PATHWAY		72	-0.18847972	-0.8482295	0.76349616	0.9418137	1.0	1767	tags=15%, list=12%, signal=17%	
WP_NEPHROGENESIS	WP_NEPHROGENESIS		16	-0.2748413	-0.84800035	0.69815665	0.94175714	1.0	3232	tags=31%, list=21%, signal=40%	
POMEROY_MEDULLOBLASTOMA_DESMOPLASIC_VS_CLASSIC_DN	POMEROY_MEDULLOBLASTOMA_DESMOPLASIC_VS_CLASSIC_DN		54	-0.20326899	-0.8478024	0.78085643	0.94164586	1.0	2339	tags=19%, list=15%, signal=22%	
TOMIDA_METASTASIS_UP	TOMIDA_METASTASIS_UP		23	-0.25060892	-0.8477272	0.6824324	0.9412771	1.0	2295	tags=22%, list=15%, signal=26%	
YANG_BREAST_CANCER_ESR1_LASER_UP	YANG_BREAST_CANCER_ESR1_LASER_UP		29	-0.23658536	-0.8473657	0.6752941	0.94153684	1.0	1276	tags=14%, list=8%, signal=15%	
DESERT_PERIVENOUS_HEPATOCELLULAR_CARCINOMA_SUBCLASS_UP	DESERT_PERIVENOUS_HEPATOCELLULAR_CARCINOMA_SUBCLASS_UP		134	-0.16996756	-0.84578687	0.84	0.94441277	1.0	2575	tags=20%, list=17%, signal=24%	
REACTOME_DISEASES_OF_MITOTIC_CELL_CYCLE	REACTOME_DISEASES_OF_MITOTIC_CELL_CYCLE		36	-0.22398084	-0.845685	0.7247475	0.94409144	1.0	2464	tags=22%, list=16%, signal=26%	
WP_ARRHYTHMOGENIC_RIGHT_VENTRICULAR_CARDIOMYOPATHY	WP_ARRHYTHMOGENIC_RIGHT_VENTRICULAR_CARDIOMYOPATHY		61	-0.19806673	-0.8452276	0.7712766	0.9444935	1.0	2102	tags=20%, list=14%, signal=23%	
KEGG_RNA_POLYMERASE	KEGG_RNA_POLYMERASE		29	-0.23120293	-0.8450877	0.7358491	0.9442464	1.0	1168	tags=14%, list=8%, signal=15%	
PID_THROMBIN_PAR1_PATHWAY	PID_THROMBIN_PAR1_PATHWAY		36	-0.22063047	-0.8444455	0.6966019	0.9450897	1.0	1829	tags=17%, list=12%, signal=19%	
REACTOME_EPIGENETIC_REGULATION_OF_GENE_EXPRESSION_BY_MLL3_AND_MLL4_COMPLEXES	REACTOME_EPIGENETIC_REGULATION_OF_GENE_EXPRESSION_BY_MLL3_AND_MLL4_COMPLEXES		99	-0.17625695	-0.8438476	0.8303797	0.9458234	1.0	2986	tags=21%, list=20%, signal=26%	
ZHANG_PROLIFERATING_VS_QUIESCENT	ZHANG_PROLIFERATING_VS_QUIESCENT		43	-0.21407728	-0.8436306	0.74545455	0.94571906	1.0	2863	tags=21%, list=19%, signal=26%	
BURTON_ADIPOGENESIS_PEAK_AT_0HR	BURTON_ADIPOGENESIS_PEAK_AT_0HR		53	-0.19945505	-0.84286207	0.7905237	0.94682723	1.0	3074	tags=28%, list=20%, signal=35%	
REACTOME_CLATHRIN_MEDIATED_ENDOCYTOSIS	REACTOME_CLATHRIN_MEDIATED_ENDOCYTOSIS		134	-0.16927326	-0.8426247	0.8489583	0.9468065	1.0	3102	tags=23%, list=21%, signal=29%	
REACTOME_GPVI_MEDIATED_ACTIVATION_CASCADE	REACTOME_GPVI_MEDIATED_ACTIVATION_CASCADE		28	-0.23346902	-0.84239084	0.7255814	0.9467685	1.0	227	tags=7%, list=2%, signal=7%	
CROONQUIST_NRAS_SIGNALING_UP	CROONQUIST_NRAS_SIGNALING_UP		26	-0.24223693	-0.84139884	0.7133333	0.9483601	1.0	1611	tags=19%, list=11%, signal=21%	
WP_HEMATOPOIETIC_STEM_CELL_GENE_REGULATION_BY_GABP_ALPHABETA_COMPLEX	WP_HEMATOPOIETIC_STEM_CELL_GENE_REGULATION_BY_GABP_ALPHABETA_COMPLEX		15	-0.27255595	-0.8394875	0.69069767	0.951916	1.0	4921	tags=53%, list=33%, signal=79%	
RAMPON_ENRICHED_LEARNING_ENVIRONMENT_LATE_UP	RAMPON_ENRICHED_LEARNING_ENVIRONMENT_LATE_UP		18	-0.26966813	-0.83879846	0.6826484	0.95282555	1.0	5205	tags=50%, list=34%, signal=76%	
DITTMER_PTHLH_TARGETS_UP	DITTMER_PTHLH_TARGETS_UP		101	-0.17557797	-0.8386482	0.8556701	0.95257497	1.0	3091	tags=21%, list=20%, signal=26%	
NELSON_RESPONSE_TO_ANDROGEN_UP	NELSON_RESPONSE_TO_ANDROGEN_UP		71	-0.1881707	-0.8382825	0.79949874	0.9528136	1.0	2229	tags=17%, list=15%, signal=20%	
REACTOME_FRS_MEDIATED_FGFR4_SIGNALING	REACTOME_FRS_MEDIATED_FGFR4_SIGNALING		18	-0.26687413	-0.83795476	0.69162995	0.9529596	1.0	4694	tags=44%, list=31%, signal=64%	
CHEN_LVAD_SUPPORT_OF_FAILING_HEART_UP	CHEN_LVAD_SUPPORT_OF_FAILING_HEART_UP		87	-0.18160404	-0.8373633	0.81865287	0.95366895	1.0	2114	tags=16%, list=14%, signal=19%	
SATO_SILENCED_BY_DEACETYLATION_IN_PANCREATIC_CANCER	SATO_SILENCED_BY_DEACETYLATION_IN_PANCREATIC_CANCER		34	-0.22073671	-0.8369687	0.72389793	0.953962	1.0	2437	tags=24%, list=16%, signal=28%	
PID_IL2_STAT5_PATHWAY	PID_IL2_STAT5_PATHWAY		24	-0.24412017	-0.83624774	0.7126437	0.95494294	1.0	41	tags=8%, list=0%, signal=8%	
MAHAJAN_RESPONSE_TO_IL1A_DN	MAHAJAN_RESPONSE_TO_IL1A_DN		59	-0.1970029	-0.8361725	0.7862797	0.9545557	1.0	1889	tags=15%, list=13%, signal=17%	
HINATA_NFKB_TARGETS_FIBROBLAST_UP	HINATA_NFKB_TARGETS_FIBROBLAST_UP		71	-0.19068232	-0.8357997	0.80160856	0.9548477	1.0	2419	tags=20%, list=16%, signal=23%	
WEINMANN_ADAPTATION_TO_HYPOXIA_UP	WEINMANN_ADAPTATION_TO_HYPOXIA_UP		20	-0.25441334	-0.83558744	0.72154963	0.9547396	1.0	1807	tags=25%, list=12%, signal=28%	
WP_FBXL10_ENHANCEMENT_OF_MAPERK_SIGNALING_IN_DIFFUSE_LARGE_BCELL_LYMPHOMA	WP_FBXL10_ENHANCEMENT_OF_MAPERK_SIGNALING_IN_DIFFUSE_LARGE_BCELL_LYMPHOMA		21	-0.25736618	-0.83490634	0.7262181	0.95558447	1.0	4697	tags=33%, list=31%, signal=48%	
REACTOME_HCMV_EARLY_EVENTS	REACTOME_HCMV_EARLY_EVENTS		98	-0.17607409	-0.83471715	0.8368984	0.9554186	1.0	4387	tags=32%, list=29%, signal=44%	
SU_PANCREAS	SU_PANCREAS		30	-0.22915535	-0.83462197	0.73953485	0.95505136	1.0	2641	tags=23%, list=17%, signal=28%	
KEGG_THYROID_CANCER	KEGG_THYROID_CANCER		26	-0.2370862	-0.83422166	0.7030162	0.9553581	1.0	1769	tags=15%, list=12%, signal=17%	
BIOCARTA_VEGF_PATHWAY	BIOCARTA_VEGF_PATHWAY		26	-0.2373267	-0.8336238	0.7096774	0.95608413	1.0	1057	tags=12%, list=7%, signal=12%	
KEGG_MEDICUS_REFERENCE_TSH_TG_SIGNALING_PATHWAY	KEGG_MEDICUS_REFERENCE_TSH_TG_SIGNALING_PATHWAY		23	-0.24331944	-0.83313763	0.7149877	0.95652336	1.0	4344	tags=39%, list=29%, signal=55%	
REACTOME_SIGNALING_BY_BMP	REACTOME_SIGNALING_BY_BMP		24	-0.24541603	-0.8329614	0.6914153	0.95634806	1.0	4013	tags=42%, list=27%, signal=57%	
KEGG_FOCAL_ADHESION	KEGG_FOCAL_ADHESION		175	-0.15967607	-0.8328209	0.89117646	0.9560968	1.0	2902	tags=19%, list=19%, signal=23%	
REACTOME_SYNTHESIS_OF_PC	REACTOME_SYNTHESIS_OF_PC		27	-0.23621836	-0.83219665	0.7565012	0.9568006	1.0	2515	tags=26%, list=17%, signal=31%	
SCHRAETS_MLL_TARGETS_DN	SCHRAETS_MLL_TARGETS_DN		26	-0.23621076	-0.8318647	0.74208146	0.9569561	1.0	3784	tags=35%, list=25%, signal=46%	
WANG_RECURRENT_LIVER_CANCER_UP	WANG_RECURRENT_LIVER_CANCER_UP		17	-0.2712364	-0.83050257	0.69266057	0.9591652	1.0	2371	tags=24%, list=16%, signal=28%	
LIU_VAV3_PROSTATE_CARCINOGENESIS_DN	LIU_VAV3_PROSTATE_CARCINOGENESIS_DN		15	-0.2845009	-0.8303637	0.69161	0.95888186	1.0	3699	tags=40%, list=24%, signal=53%	
LINDGREN_BLADDER_CANCER_CLUSTER_2A_DN	LINDGREN_BLADDER_CANCER_CLUSTER_2A_DN		131	-0.16832969	-0.82949305	0.85795456	0.96002686	1.0	2755	tags=20%, list=18%, signal=24%	
WP_LDL_INFLUENCE_ON_CD14_AND_TLR4	WP_LDL_INFLUENCE_ON_CD14_AND_TLR4		19	-0.25711954	-0.8274899	0.7318182	0.96351916	1.0	4254	tags=37%, list=28%, signal=51%	
REACTOME_COOPERATION_OF_PDCL_PHLP1_AND_TRIC_CCT_IN_G_PROTEIN_BETA_FOLDING	REACTOME_COOPERATION_OF_PDCL_PHLP1_AND_TRIC_CCT_IN_G_PROTEIN_BETA_FOLDING		36	-0.21422844	-0.82719153	0.72029704	0.96357054	1.0	5013	tags=50%, list=33%, signal=75%	
DITTMER_PTHLH_TARGETS_DN	DITTMER_PTHLH_TARGETS_DN		63	-0.19414301	-0.8271671	0.7886598	0.96306854	1.0	1086	tags=11%, list=7%, signal=12%	
REACTOME_HEDGEHOG_OFF_STATE	REACTOME_HEDGEHOG_OFF_STATE		90	-0.17589578	-0.82571095	0.86923075	0.96542406	1.0	1107	tags=11%, list=7%, signal=12%	
REACTOME_SPRY_REGULATION_OF_FGF_SIGNALING	REACTOME_SPRY_REGULATION_OF_FGF_SIGNALING		15	-0.26904488	-0.8254387	0.7113164	0.9653832	1.0	2536	tags=27%, list=17%, signal=32%	
KINSEY_TARGETS_OF_EWSR1_FLII_FUSION_DN	KINSEY_TARGETS_OF_EWSR1_FLII_FUSION_DN		294	-0.1478934	-0.8241337	0.96258503	0.967349	1.0	4427	tags=31%, list=29%, signal=43%	
REACTOME_SIGNALING_BY_NOTCH4	REACTOME_SIGNALING_BY_NOTCH4		66	-0.19027859	-0.8240952	0.81360203	0.9668758	1.0	1910	tags=14%, list=13%, signal=16%	
MODY_HIPPOCAMPUS_POSTNATAL	MODY_HIPPOCAMPUS_POSTNATAL		50	-0.19924971	-0.8240531	0.7591743	0.9664067	1.0	2600	tags=24%, list=17%, signal=29%	
REACTOME_ER_TO_GOLGI_ANTEROGRADE_TRANSPORT	REACTOME_ER_TO_GOLGI_ANTEROGRADE_TRANSPORT		139	-0.16615649	-0.8232285	0.9148936	0.9674688	1.0	4302	tags=30%, list=28%, signal=42%	
WP_MIRTARGETED_GENES_IN_LYMPHOCYTES	WP_MIRTARGETED_GENES_IN_LYMPHOCYTES		367	-0.1442425	-0.8223996	0.98039216	0.96851104	1.0	3399	tags=21%, list=22%, signal=26%	
REACTOME_EFFECTS_OF_PIP2_HYDROLYSIS	REACTOME_EFFECTS_OF_PIP2_HYDROLYSIS		26	-0.23794043	-0.8223761	0.74937344	0.9680077	1.0	2639	tags=31%, list=17%, signal=37%	
ROSS_AML_WITH_PML_RARA_FUSION	ROSS_AML_WITH_PML_RARA_FUSION		69	-0.18485692	-0.8213387	0.8215223	0.96945673	1.0	1505	tags=14%, list=10%, signal=16%	
WP_FOCAL_ADHESION	WP_FOCAL_ADHESION		172	-0.15809001	-0.821311	0.94285715	0.9689506	1.0	3068	tags=20%, list=20%, signal=25%	
KEGG_MEDICUS_REFERENCE_RTK_PLCG_ITPR_SIGNALING_PATHWAY	KEGG_MEDICUS_REFERENCE_RTK_PLCG_ITPR_SIGNALING_PATHWAY		46	-0.20703961	-0.82114077	0.7853403	0.9687305	1.0	1459	tags=15%, list=10%, signal=17%	
KAAB_FAILED_HEART_ATRIUM_DN	KAAB_FAILED_HEART_ATRIUM_DN		133	-0.16435826	-0.82079494	0.88920456	0.9688487	1.0	4265	tags=30%, list=28%, signal=42%	
REACTOME_COPII_MEDIATED_VESICLE_TRANSPORT	REACTOME_COPII_MEDIATED_VESICLE_TRANSPORT		67	-0.18400691	-0.82077634	0.8363171	0.9683309	1.0	5607	tags=49%, list=37%, signal=78%	
WU_HBX_TARGETS_3_UP	WU_HBX_TARGETS_3_UP		16	-0.27206132	-0.82004696	0.73960614	0.96919507	1.0	1513	tags=19%, list=10%, signal=21%	
ZHENG_BOUND_BY_FOXP3	ZHENG_BOUND_BY_FOXP3		409	-0.14274985	-0.8199017	0.9962825	0.96891093	1.0	2354	tags=16%, list=16%, signal=19%	
MEDINA_SMARCA4_TARGETS	MEDINA_SMARCA4_TARGETS		32	-0.21907003	-0.8191578	0.760095	0.96982807	1.0	4546	tags=44%, list=30%, signal=62%	
REACTOME_ROLE_OF_PHOSPHOLIPIDS_IN_PHAGOCYTOSIS	REACTOME_ROLE_OF_PHOSPHOLIPIDS_IN_PHAGOCYTOSIS		19	-0.25415495	-0.8190318	0.74413645	0.9695312	1.0	562	tags=11%, list=4%, signal=11%	
MOOTHA_PGC	MOOTHA_PGC		396	-0.14353251	-0.8188994	0.975	0.96922773	1.0	4003	tags=28%, list=26%, signal=36%	
BIOCARTA_PAR1_PATHWAY	BIOCARTA_PAR1_PATHWAY		15	-0.26786295	-0.8186806	0.7045952	0.969108	1.0	1479	tags=20%, list=10%, signal=22%	
KEGG_GLYCEROPHOSPHOLIPID_METABOLISM	KEGG_GLYCEROPHOSPHOLIPID_METABOLISM		69	-0.18524069	-0.8186502	0.82160807	0.9686124	1.0	2538	tags=22%, list=17%, signal=26%	
KEGG_ALDOSTERONE_REGULATED_SODIUM_REABSORPTION	KEGG_ALDOSTERONE_REGULATED_SODIUM_REABSORPTION		36	-0.21195653	-0.81835747	0.78855723	0.968605	1.0	2229	tags=17%, list=15%, signal=20%	
REACTOME_SHC_MEDIATED_CASCADE_FGFR3	REACTOME_SHC_MEDIATED_CASCADE_FGFR3		16	-0.2649173	-0.8181925	0.70425534	0.96837115	1.0	380	tags=13%, list=3%, signal=13%	
REACTOME_RHOBTB_GTPASE_CYCLE	REACTOME_RHOBTB_GTPASE_CYCLE		31	-0.22078623	-0.8181843	0.7878049	0.9678384	1.0	3508	tags=26%, list=23%, signal=34%	
YOSHIMURA_MAPK8_TARGETS_DN	YOSHIMURA_MAPK8_TARGETS_DN		342	-0.1449961	-0.8181111	0.9739777	0.96742165	1.0	3579	tags=25%, list=24%, signal=32%	
KEGG_MEDICUS_REFERENCE_GF_RTK_RAS_ERK_SIGNALING_PATHWAY	KEGG_MEDICUS_REFERENCE_GF_RTK_RAS_ERK_SIGNALING_PATHWAY		83	-0.17903247	-0.8177197	0.8729017	0.9676235	1.0	553	tags=8%, list=4%, signal=9%	
REACTOME_GPER1_SIGNALING	REACTOME_GPER1_SIGNALING		38	-0.21308117	-0.8176766	0.7605634	0.96715933	1.0	4344	tags=37%, list=29%, signal=52%	
HOFFMANN_LARGE_TO_SMALL_PRE_BII_LYMPHOCYTE_DN	HOFFMANN_LARGE_TO_SMALL_PRE_BII_LYMPHOCYTE_DN		54	-0.19182977	-0.8176372	0.8113208	0.96668255	1.0	2246	tags=20%, list=15%, signal=24%	
SENESE_HDAC1_AND_HDAC2_TARGETS_UP	SENESE_HDAC1_AND_HDAC2_TARGETS_UP		202	-0.15565544	-0.8164359	0.909396	0.96834075	1.0	4174	tags=30%, list=28%, signal=41%	
REACTOME_INSULIN_PROCESSING	REACTOME_INSULIN_PROCESSING		20	-0.24848156	-0.81640506	0.74343437	0.9678595	1.0	292	tags=10%, list=2%, signal=10%	
KEGG_MEDICUS_VARIANT_MUTATION_INACTIVATED_PDE11A_PDE8B_TO_ACTH_CORTISOL_SIGNALING_PATHWAY	KEGG_MEDICUS_VARIANT_MUTATION_INACTIVATED_PDE11A_PDE8B_TO_ACTH_CORTISOL_SIGNALING_PATHWAY		16	-0.2624515	-0.81640154	0.74883723	0.967321	1.0	3744	tags=38%, list=25%, signal=50%	
PID_ATF2_PATHWAY	PID_ATF2_PATHWAY		44	-0.20197256	-0.81607234	0.7985782	0.96739715	1.0	2785	tags=25%, list=18%, signal=31%	
WP_VITAMIN_D_IN_INFLAMMATORY_DISEASES	WP_VITAMIN_D_IN_INFLAMMATORY_DISEASES		16	-0.27215153	-0.8154663	0.71363634	0.9679707	1.0	2235	tags=19%, list=15%, signal=22%	
TONKS_TARGETS_OF_RUNX1_RUNX1T1_FUSION_MONOCYTE_UP	TONKS_TARGETS_OF_RUNX1_RUNX1T1_FUSION_MONOCYTE_UP		191	-0.1555394	-0.81476176	0.9307229	0.96873283	1.0	3389	tags=24%, list=22%, signal=30%	
REACTOME_G_BETA_GAMMA_SIGNALLING_THROUGH_CDC42	REACTOME_G_BETA_GAMMA_SIGNALLING_THROUGH_CDC42		18	-0.25456828	-0.81445646	0.75409836	0.9687392	1.0	1574	tags=22%, list=10%, signal=25%	
LU_TUMOR_ENDOTHELIAL_MARKERS_UP	LU_TUMOR_ENDOTHELIAL_MARKERS_UP		20	-0.25192022	-0.8144451	0.75946546	0.96821594	1.0	1046	tags=20%, list=7%, signal=21%	
REACTOME_FORMATION_OF_TC_NER_PRE_INCISION_COMPLEX	REACTOME_FORMATION_OF_TC_NER_PRE_INCISION_COMPLEX		49	-0.19954918	-0.81404716	0.78502417	0.96842563	1.0	415	tags=6%, list=3%, signal=6%	
GRANDVAUX_IRF3_TARGETS_DN	GRANDVAUX_IRF3_TARGETS_DN		16	-0.2600363	-0.81280136	0.7237443	0.9701798	1.0	2167	tags=31%, list=14%, signal=36%	
WP_MONOAMINE_TRANSPORT	WP_MONOAMINE_TRANSPORT		24	-0.23760213	-0.81230134	0.7764977	0.9705425	1.0	3400	tags=33%, list=23%, signal=43%	
WP_SARS_CORONAVIRUS_AND_INNATE_IMMUNITY	WP_SARS_CORONAVIRUS_AND_INNATE_IMMUNITY		15	-0.26975158	-0.81154644	0.73068434	0.9713653	1.0	1513	tags=20%, list=10%, signal=22%	
WP_FACTORS_AND_PATHWAYS_AFFECTING_INSULINLIKE_GROWTH_FACTOR_IGF1AKT_SIGNALING	WP_FACTORS_AND_PATHWAYS_AFFECTING_INSULINLIKE_GROWTH_FACTOR_IGF1AKT_SIGNALING		31	-0.22118065	-0.811499	0.7746479	0.9709168	1.0	1069	tags=13%, list=7%, signal=14%	
YUAN_ZNF143_PARTNERS	YUAN_ZNF143_PARTNERS		18	-0.25443885	-0.8105931	0.73838633	0.9719649	1.0	652	tags=11%, list=4%, signal=12%	
WP_EFFECT_OF_PROGERIN_ON_GENES_INVOLVED_IN_PROGERIA	WP_EFFECT_OF_PROGERIN_ON_GENES_INVOLVED_IN_PROGERIA		29	-0.22542997	-0.81038105	0.76744187	0.97180885	1.0	4680	tags=45%, list=31%, signal=65%	
REACTOME_RAS_ACTIVATION_UPON_CA2_INFLUX_THROUGH_NMDA_RECEPTOR	REACTOME_RAS_ACTIVATION_UPON_CA2_INFLUX_THROUGH_NMDA_RECEPTOR		19	-0.24968821	-0.8102715	0.72808987	0.97146356	1.0	3755	tags=32%, list=25%, signal=42%	
REACTOME_GENE_AND_PROTEIN_EXPRESSION_BY_JAK_STAT_SIGNALING_AFTER_INTERLEUKIN_12_STIMULATION	REACTOME_GENE_AND_PROTEIN_EXPRESSION_BY_JAK_STAT_SIGNALING_AFTER_INTERLEUKIN_12_STIMULATION		30	-0.2205821	-0.8100257	0.8028169	0.9713521	1.0	3131	tags=27%, list=21%, signal=34%	
CROMER_METASTASIS_DN	CROMER_METASTASIS_DN		68	-0.18265702	-0.8081847	0.8645833	0.97409534	1.0	3899	tags=35%, list=26%, signal=47%	
EBAUER_MYOGENIC_TARGETS_OF_PAX3_FOXO1_FUSION	EBAUER_MYOGENIC_TARGETS_OF_PAX3_FOXO1_FUSION		38	-0.20922987	-0.80806786	0.8080569	0.9737729	1.0	3394	tags=34%, list=22%, signal=44%	
WP_CALCIUM_MEDIATED_TCELL_APOPTOSIS_INVOLVED_IN_INCLUSION_BODY_MYOSITIS	WP_CALCIUM_MEDIATED_TCELL_APOPTOSIS_INVOLVED_IN_INCLUSION_BODY_MYOSITIS		16	-0.2620385	-0.80724585	0.735426	0.97469276	1.0	1426	tags=19%, list=9%, signal=21%	
FOROUTAN_TGFB_EMT_UP	FOROUTAN_TGFB_EMT_UP		177	-0.15446644	-0.8071673	0.9446064	0.97429955	1.0	4228	tags=30%, list=28%, signal=41%	
KEGG_MEDICUS_REFERENCE_BMP_SIGNALING_PATHWAY	KEGG_MEDICUS_REFERENCE_BMP_SIGNALING_PATHWAY		17	-0.25595888	-0.8071043	0.7241379	0.9738635	1.0	2462	tags=24%, list=16%, signal=28%	
VANHARANTA_UTERINE_FIBROID_WITH_7Q_DELETION_DN	VANHARANTA_UTERINE_FIBROID_WITH_7Q_DELETION_DN		28	-0.22928734	-0.8066282	0.7708333	0.9741472	1.0	4009	tags=36%, list=27%, signal=49%	
SIG_CHEMOTAXIS	SIG_CHEMOTAXIS		37	-0.20546989	-0.80627936	0.79856116	0.97424054	1.0	2726	tags=22%, list=18%, signal=26%	
BAKKER_FOXO3_TARGETS_DN	BAKKER_FOXO3_TARGETS_DN		159	-0.15612623	-0.8047987	0.93390805	0.9762668	1.0	3371	tags=23%, list=22%, signal=29%	
REACTOME_SUMOYLATION_OF_RNA_BINDING_PROTEINS	REACTOME_SUMOYLATION_OF_RNA_BINDING_PROTEINS		42	-0.20539992	-0.8047492	0.79562044	0.97581565	1.0	3084	tags=24%, list=20%, signal=30%	
LANDIS_ERBB2_BREAST_PRENEOPLASTIC_UP	LANDIS_ERBB2_BREAST_PRENEOPLASTIC_UP		15	-0.26075476	-0.8026325	0.75108224	0.9789676	1.0	1159	tags=13%, list=8%, signal=14%	
BHATTACHARYA_EMBRYONIC_STEM_CELL	BHATTACHARYA_EMBRYONIC_STEM_CELL		76	-0.17790306	-0.8023818	0.8663239	0.9788443	1.0	2427	tags=16%, list=16%, signal=19%	
REACTOME_DEVELOPMENTAL_LINEAGE_OF_PANCREATIC_ACINAR_CELLS	REACTOME_DEVELOPMENTAL_LINEAGE_OF_PANCREATIC_ACINAR_CELLS		18	-0.25624996	-0.8022698	0.76169264	0.9785057	1.0	1544	tags=17%, list=10%, signal=19%	
REACTOME_FORMATION_OF_THE_URETERIC_BUD	REACTOME_FORMATION_OF_THE_URETERIC_BUD		20	-0.23699905	-0.8017499	0.74157304	0.97884095	1.0	3299	tags=30%, list=22%, signal=38%	
DALESSIO_TSA_RESPONSE	DALESSIO_TSA_RESPONSE		15	-0.27025643	-0.80168766	0.753915	0.9784147	1.0	1727	tags=20%, list=11%, signal=23%	
PID_MYC_REPRESS_PATHWAY	PID_MYC_REPRESS_PATHWAY		47	-0.19762926	-0.80084324	0.82535887	0.9793306	1.0	1294	tags=13%, list=9%, signal=14%	
JAZAERI_BREAST_CANCER_BRCA1_VS_BRCA2_DN	JAZAERI_BREAST_CANCER_BRCA1_VS_BRCA2_DN		37	-0.20671283	-0.8007867	0.80904526	0.978894	1.0	1802	tags=19%, list=12%, signal=21%	
BLUM_RESPONSE_TO_SALIRASIB_UP	BLUM_RESPONSE_TO_SALIRASIB_UP		225	-0.14880009	-0.7996123	0.95962733	0.98034984	1.0	3146	tags=19%, list=21%, signal=24%	
BONCI_TARGETS_OF_MIR15A_AND_MIR16_1	BONCI_TARGETS_OF_MIR15A_AND_MIR16_1		83	-0.17474796	-0.7994331	0.88758785	0.9800967	1.0	4350	tags=36%, list=29%, signal=50%	
PID_RXR_VDR_PATHWAY	PID_RXR_VDR_PATHWAY		24	-0.23399442	-0.79939216	0.775463	0.97963005	1.0	4261	tags=42%, list=28%, signal=58%	
TSENG_ADIPOGENIC_POTENTIAL_DN	TSENG_ADIPOGENIC_POTENTIAL_DN		41	-0.20273653	-0.799185	0.8141809	0.97944194	1.0	1024	tags=12%, list=7%, signal=13%	
IZADPANAH_STEM_CELL_ADIPOSE_VS_BONE_DN	IZADPANAH_STEM_CELL_ADIPOSE_VS_BONE_DN		95	-0.16840506	-0.79911643	0.90633607	0.9790172	1.0	2002	tags=15%, list=13%, signal=17%	
REACTOME_INTRINSIC_PATHWAY_FOR_APOPTOSIS	REACTOME_INTRINSIC_PATHWAY_FOR_APOPTOSIS		48	-0.19238031	-0.7987815	0.8321343	0.9790338	1.0	1531	tags=17%, list=10%, signal=18%	
PECE_MAMMARY_STEM_CELL_DN	PECE_MAMMARY_STEM_CELL_DN		129	-0.15967847	-0.7985196	0.920904	0.978935	1.0	3327	tags=23%, list=22%, signal=30%	
NADLER_HYPERGLYCEMIA_AT_OBESITY	NADLER_HYPERGLYCEMIA_AT_OBESITY		52	-0.1904784	-0.79637015	0.8296296	0.98206735	1.0	2484	tags=21%, list=16%, signal=25%	
INGRAM_SHH_TARGETS_DN	INGRAM_SHH_TARGETS_DN		55	-0.18999185	-0.7962223	0.82474226	0.9817728	1.0	3572	tags=31%, list=24%, signal=40%	
REACTOME_METALLOPROTEASE_DUBS	REACTOME_METALLOPROTEASE_DUBS		24	-0.2275812	-0.79560304	0.78755367	0.9822688	1.0	3410	tags=38%, list=23%, signal=48%	
FUKUSHIMA_TNFSF11_TARGETS	FUKUSHIMA_TNFSF11_TARGETS		15	-0.26447627	-0.79556906	0.74940896	0.98178214	1.0	1816	tags=20%, list=12%, signal=23%	
WP_INTEGRATED_CANCER_PATHWAY	WP_INTEGRATED_CANCER_PATHWAY		33	-0.21101229	-0.79530877	0.8089623	0.9816589	1.0	1294	tags=15%, list=9%, signal=17%	
WP_MBDNF_AND_PROBDNF_REGULATION_OF_GABA_NEUROTRANSMISSION	WP_MBDNF_AND_PROBDNF_REGULATION_OF_GABA_NEUROTRANSMISSION		31	-0.21707739	-0.7952803	0.80733943	0.9811676	1.0	1767	tags=16%, list=12%, signal=18%	
WP_GENES_CONTROLLING_NEPHROGENESIS	WP_GENES_CONTROLLING_NEPHROGENESIS		39	-0.20303471	-0.7946581	0.82494	0.98168457	1.0	1393	tags=15%, list=9%, signal=17%	
PID_TELOMERASE_PATHWAY	PID_TELOMERASE_PATHWAY		55	-0.19517337	-0.7945691	0.82439023	0.98129797	1.0	4534	tags=36%, list=30%, signal=52%	
BROWNE_HCMV_INFECTION_12HR_DN	BROWNE_HCMV_INFECTION_12HR_DN		81	-0.17583247	-0.7939636	0.8845209	0.981766	1.0	1361	tags=14%, list=9%, signal=15%	
PID_AVB3_INTEGRIN_PATHWAY	PID_AVB3_INTEGRIN_PATHWAY		66	-0.18062846	-0.7930047	0.8306011	0.98282284	1.0	2608	tags=20%, list=17%, signal=24%	
DASU_IL6_SIGNALING_UP	DASU_IL6_SIGNALING_UP		53	-0.1881399	-0.79272884	0.86987954	0.982723	1.0	4503	tags=36%, list=30%, signal=51%	
LIN_MELANOMA_COPY_NUMBER_DN	LIN_MELANOMA_COPY_NUMBER_DN		35	-0.20912333	-0.79217494	0.8088578	0.9831219	1.0	681	tags=9%, list=5%, signal=9%	
WP_NANOPARTICLE_TRIGGERED_AUTOPHAGIC_CELL_DEATH	WP_NANOPARTICLE_TRIGGERED_AUTOPHAGIC_CELL_DEATH		20	-0.24123742	-0.7917277	0.75060534	0.9833673	1.0	751	tags=15%, list=5%, signal=16%	
REACTOME_PLASMA_LIPOPROTEIN_CLEARANCE	REACTOME_PLASMA_LIPOPROTEIN_CLEARANCE		30	-0.21238299	-0.79120696	0.8088235	0.98364383	1.0	1747	tags=20%, list=12%, signal=23%	
CHOW_RASSF1_TARGETS_DN	CHOW_RASSF1_TARGETS_DN		28	-0.22400025	-0.79050463	0.79445726	0.984252	1.0	3263	tags=25%, list=22%, signal=32%	
WANG_CISPLATIN_RESPONSE_AND_XPC_UP	WANG_CISPLATIN_RESPONSE_AND_XPC_UP		160	-0.15351993	-0.79039013	0.95548964	0.9839094	1.0	3193	tags=21%, list=21%, signal=26%	
WP_INTERFERONMEDIATED_SIGNALING	WP_INTERFERONMEDIATED_SIGNALING		15	-0.26309237	-0.79002213	0.75545853	0.98396164	1.0	1513	tags=13%, list=10%, signal=15%	
REACTOME_GLYCOSPHINGOLIPID_BIOSYNTHESIS	REACTOME_GLYCOSPHINGOLIPID_BIOSYNTHESIS		17	-0.25236094	-0.78992295	0.7681818	0.98358744	1.0	1706	tags=18%, list=11%, signal=20%	
PID_AJDISS_2PATHWAY	PID_AJDISS_2PATHWAY		44	-0.19768633	-0.7897063	0.8672986	0.9833876	1.0	3742	tags=34%, list=25%, signal=45%	
NAKAMURA_METASTASIS_MODEL_DN	NAKAMURA_METASTASIS_MODEL_DN		38	-0.19741392	-0.7896983	0.84236455	0.9828645	1.0	4270	tags=39%, list=28%, signal=55%	
HASLINGER_B_CLL_WITH_CHROMOSOME_12_TRISOMY	HASLINGER_B_CLL_WITH_CHROMOSOME_12_TRISOMY		20	-0.2395044	-0.78966004	0.78341013	0.9823898	1.0	4530	tags=40%, list=30%, signal=57%	
REACTOME_LATE_ENDOSOMAL_MICROAUTOPHAGY	REACTOME_LATE_ENDOSOMAL_MICROAUTOPHAGY		31	-0.21452792	-0.78957343	0.7924528	0.9819989	1.0	3816	tags=35%, list=25%, signal=47%	
KEGG_ALZHEIMERS_DISEASE	KEGG_ALZHEIMERS_DISEASE		143	-0.1568124	-0.7891812	0.9399399	0.9820961	1.0	2746	tags=17%, list=18%, signal=20%	
CLIMENT_BREAST_CANCER_COPY_NUMBER_UP	CLIMENT_BREAST_CANCER_COPY_NUMBER_UP		20	-0.24088177	-0.7888608	0.7918552	0.982088	1.0	3389	tags=30%, list=22%, signal=39%	
WANG_RESPONSE_TO_ANDROGEN_UP	WANG_RESPONSE_TO_ANDROGEN_UP		23	-0.23189934	-0.7884454	0.7888889	0.9822017	1.0	3550	tags=30%, list=23%, signal=40%	
WP_DNA_IRDOUBLE_STRAND_BREAKS_AND_CELLULAR_RESPONSE_VIA_ATM	WP_DNA_IRDOUBLE_STRAND_BREAKS_AND_CELLULAR_RESPONSE_VIA_ATM		47	-0.19336323	-0.78762126	0.8603491	0.9829954	1.0	4273	tags=32%, list=28%, signal=44%	
DORN_ADENOVIRUS_INFECTION_12HR_UP	DORN_ADENOVIRUS_INFECTION_12HR_UP		23	-0.23108485	-0.7874093	0.78995436	0.98280936	1.0	204	tags=9%, list=1%, signal=9%	
REACTOME_SIGNALING_BY_KIT_IN_DISEASE	REACTOME_SIGNALING_BY_KIT_IN_DISEASE		18	-0.24360962	-0.7859106	0.7877462	0.98461485	1.0	41	tags=6%, list=0%, signal=6%	
REACTOME_GABA_RECEPTOR_ACTIVATION	REACTOME_GABA_RECEPTOR_ACTIVATION		51	-0.18936649	-0.7857553	0.8538283	0.9843323	1.0	1574	tags=16%, list=10%, signal=17%	
LINDGREN_BLADDER_CANCER_CLUSTER_3_DN	LINDGREN_BLADDER_CANCER_CLUSTER_3_DN		204	-0.14796558	-0.7852599	0.966967	0.9845875	1.0	3624	tags=26%, list=24%, signal=34%	
REACTOME_INTRA_GOLGI_TRAFFIC	REACTOME_INTRA_GOLGI_TRAFFIC		36	-0.2130065	-0.7842388	0.82512313	0.98562765	1.0	2868	tags=19%, list=19%, signal=24%	
REACTOME_EXPRESSION_OF_BMAL_ARNTL_CLOCK_AND_NPAS2	REACTOME_EXPRESSION_OF_BMAL_ARNTL_CLOCK_AND_NPAS2		33	-0.20590043	-0.78352356	0.82758623	0.9861869	1.0	3888	tags=39%, list=26%, signal=53%	
YAO_TEMPORAL_RESPONSE_TO_PROGESTERONE_CLUSTER_16	YAO_TEMPORAL_RESPONSE_TO_PROGESTERONE_CLUSTER_16		70	-0.17707884	-0.7828969	0.8701923	0.98659986	1.0	3708	tags=29%, list=25%, signal=38%	
HASLINGER_B_CLL_WITH_17P13_DELETION	HASLINGER_B_CLL_WITH_17P13_DELETION		18	-0.25230443	-0.7824019	0.80465114	0.9868935	1.0	2666	tags=28%, list=18%, signal=34%	
REACTOME_SIGNALING_BY_FGFR2_IIIA_TM	REACTOME_SIGNALING_BY_FGFR2_IIIA_TM		19	-0.24033938	-0.7819399	0.760181	0.9870738	1.0	415	tags=11%, list=3%, signal=11%	
WP_ENVELOPE_PROTEINS_AND_THEIR_POTENTIAL_ROLES_IN_EDMD_PHYSIOPATHOLOGY	WP_ENVELOPE_PROTEINS_AND_THEIR_POTENTIAL_ROLES_IN_EDMD_PHYSIOPATHOLOGY		40	-0.20090619	-0.7816676	0.83902436	0.98695236	1.0	1755	tags=13%, list=12%, signal=14%	
KEGG_APOPTOSIS	KEGG_APOPTOSIS		69	-0.17863509	-0.7806922	0.8900524	0.9878646	1.0	2321	tags=17%, list=15%, signal=20%	
BIOCARTA_MPR_PATHWAY	BIOCARTA_MPR_PATHWAY		17	-0.25061864	-0.78066534	0.7986425	0.9873783	1.0	4344	tags=35%, list=29%, signal=49%	
REACTOME_AGGREPHAGY	REACTOME_AGGREPHAGY		34	-0.21066819	-0.7790042	0.82476634	0.9893297	1.0	1060	tags=12%, list=7%, signal=13%	
YOKOE_CANCER_TESTIS_ANTIGENS	YOKOE_CANCER_TESTIS_ANTIGENS		27	-0.22082691	-0.77884334	0.8240741	0.98905265	1.0	3589	tags=30%, list=24%, signal=39%	
LI_ESTROGENE_T47D_E2_RESPONSE_DN	LI_ESTROGENE_T47D_E2_RESPONSE_DN		33	-0.20247996	-0.7783538	0.8367347	0.98923826	1.0	3406	tags=30%, list=23%, signal=39%	
REACTOME_ABERRANT_REGULATION_OF_MITOTIC_G1_S_TRANSITION_IN_CANCER_DUE_TO_RB1_DEFECTS	REACTOME_ABERRANT_REGULATION_OF_MITOTIC_G1_S_TRANSITION_IN_CANCER_DUE_TO_RB1_DEFECTS		15	-0.25991184	-0.77825314	0.75687104	0.9888492	1.0	2165	tags=20%, list=14%, signal=23%	
KEGG_MEDICUS_VARIANT_MUTATION_INACTIVATED_RASD1_TO_CRHR_PKA_ACTH_SIGNALING_PATHWAY	KEGG_MEDICUS_VARIANT_MUTATION_INACTIVATED_RASD1_TO_CRHR_PKA_ACTH_SIGNALING_PATHWAY		22	-0.22981226	-0.7781794	0.7910112	0.9884219	1.0	4344	tags=41%, list=29%, signal=57%	
WP_NRP1TRIGGERED_SIGNALING_IN_PANCREATIC_CANCER	WP_NRP1TRIGGERED_SIGNALING_IN_PANCREATIC_CANCER		47	-0.18816218	-0.7775842	0.8636364	0.98877555	1.0	3108	tags=23%, list=21%, signal=29%	
WP_PHOTODYNAMIC_THERAPYINDUCED_AP1_SURVIVAL_SIGNALING	WP_PHOTODYNAMIC_THERAPYINDUCED_AP1_SURVIVAL_SIGNALING		35	-0.20358498	-0.77689373	0.84236455	0.98930365	1.0	2654	tags=23%, list=18%, signal=28%	
MARKEY_RB1_ACUTE_LOF_UP	MARKEY_RB1_ACUTE_LOF_UP		216	-0.14573652	-0.77682173	0.98493975	0.98887837	1.0	2098	tags=12%, list=14%, signal=14%	
CHEBOTAEV_GR_TARGETS_UP	CHEBOTAEV_GR_TARGETS_UP		70	-0.17544352	-0.77664125	0.90841585	0.98859537	1.0	3872	tags=29%, list=26%, signal=38%	
ZHAN_MULTIPLE_MYELOMA_SPIKED	ZHAN_MULTIPLE_MYELOMA_SPIKED		19	-0.23857674	-0.7752546	0.79334915	0.9901137	1.0	929	tags=16%, list=6%, signal=17%	
WP_FANCONI_ANEMIA	WP_FANCONI_ANEMIA		36	-0.20221221	-0.77496505	0.8340807	0.9899878	1.0	3365	tags=19%, list=22%, signal=25%	
WP_ANDROGEN_RECEPTOR_NETWORK_IN_PROSTATE_CANCER	WP_ANDROGEN_RECEPTOR_NETWORK_IN_PROSTATE_CANCER		83	-0.16708557	-0.77453995	0.92346936	0.99008065	1.0	3119	tags=20%, list=21%, signal=26%	
ROPERO_HDAC2_TARGETS	ROPERO_HDAC2_TARGETS		85	-0.16934313	-0.7740691	0.9117647	0.9902324	1.0	3838	tags=28%, list=25%, signal=38%	
REACTOME_AQUAPORIN_MEDIATED_TRANSPORT	REACTOME_AQUAPORIN_MEDIATED_TRANSPORT		37	-0.20327622	-0.7738943	0.86506027	0.9899473	1.0	1574	tags=16%, list=10%, signal=18%	
WP_GDNFRET_SIGNALING_AXIS	WP_GDNFRET_SIGNALING_AXIS		26	-0.21996357	-0.7736115	0.8	0.98981607	1.0	3658	tags=35%, list=24%, signal=46%	
REACTOME_LYSOSOME_VESICLE_BIOGENESIS	REACTOME_LYSOSOME_VESICLE_BIOGENESIS		28	-0.21385048	-0.7727702	0.83555555	0.9905338	1.0	4830	tags=43%, list=32%, signal=63%	
BYSTROEM_CORRELATED_WITH_IL5_DN	BYSTROEM_CORRELATED_WITH_IL5_DN		54	-0.18515049	-0.7727627	0.8684211	0.9900161	1.0	2118	tags=13%, list=14%, signal=15%	
WP_VITAMIN_B12_METABOLISM	WP_VITAMIN_B12_METABOLISM		33	-0.206557	-0.77105397	0.8317308	0.9918898	1.0	1585	tags=15%, list=10%, signal=17%	
REACTOME_REGULATION_OF_MECP2_EXPRESSION_AND_ACTIVITY	REACTOME_REGULATION_OF_MECP2_EXPRESSION_AND_ACTIVITY		27	-0.21696614	-0.77053237	0.8300493	0.9920501	1.0	4398	tags=41%, list=29%, signal=57%	
REACTOME_SIGNALING_BY_EGFR_IN_CANCER	REACTOME_SIGNALING_BY_EGFR_IN_CANCER		24	-0.22539058	-0.77037674	0.8088235	0.99171054	1.0	1236	tags=13%, list=8%, signal=14%	
WP_IL3_SIGNALING	WP_IL3_SIGNALING		39	-0.19515625	-0.7702026	0.84155846	0.9914303	1.0	2612	tags=21%, list=17%, signal=25%	
KEGG_AMINOACYL_TRNA_BIOSYNTHESIS	KEGG_AMINOACYL_TRNA_BIOSYNTHESIS		40	-0.19904637	-0.7698872	0.8741259	0.99137825	1.0	3813	tags=28%, list=25%, signal=37%	
SUNG_METASTASIS_STROMA_DN	SUNG_METASTASIS_STROMA_DN		51	-0.18629982	-0.7687454	0.8746803	0.9925	1.0	168	tags=6%, list=1%, signal=6%	
WP_PRION_DISEASE_PATHWAY	WP_PRION_DISEASE_PATHWAY		25	-0.2228442	-0.7687098	0.82093024	0.99202025	1.0	4255	tags=36%, list=28%, signal=50%	
PULVER_FOREY_PERTURB_ATTRITION_G2_M	PULVER_FOREY_PERTURB_ATTRITION_G2_M		499	-0.131912	-0.7683006	1.0	0.99204975	1.0	2655	tags=17%, list=18%, signal=20%	
KAYO_AGING_MUSCLE_DN	KAYO_AGING_MUSCLE_DN		105	-0.15973862	-0.76811075	0.96231884	0.99178433	1.0	4573	tags=33%, list=30%, signal=47%	
JI_CARCINOGENESIS_BY_KRAS_AND_STK11_DN	JI_CARCINOGENESIS_BY_KRAS_AND_STK11_DN		16	-0.24878679	-0.76800424	0.7909483	0.99139	1.0	1505	tags=19%, list=10%, signal=21%	
REACTOME_ACTIVATION_OF_AMPK_DOWNSTREAM_OF_NMDARS	REACTOME_ACTIVATION_OF_AMPK_DOWNSTREAM_OF_NMDARS		19	-0.24302572	-0.76794726	0.819222	0.99094296	1.0	1749	tags=16%, list=12%, signal=18%	
YANAGIHARA_ESX1_TARGETS	YANAGIHARA_ESX1_TARGETS		25	-0.22376934	-0.7674762	0.825054	0.9910834	1.0	2843	tags=20%, list=19%, signal=25%	
BOYAULT_LIVER_CANCER_SUBCLASS_G3_UP	BOYAULT_LIVER_CANCER_SUBCLASS_G3_UP		178	-0.14785182	-0.76686424	0.977492	0.9913847	1.0	3274	tags=21%, list=22%, signal=26%	
KYNG_DNA_DAMAGE_BY_4NQO	KYNG_DNA_DAMAGE_BY_4NQO		31	-0.20451635	-0.7654758	0.8252427	0.9927129	1.0	2191	tags=16%, list=15%, signal=19%	
POMEROY_MEDULLOBLASTOMA_PROGNOSIS_UP	POMEROY_MEDULLOBLASTOMA_PROGNOSIS_UP		44	-0.1886954	-0.76528645	0.84897023	0.9924588	1.0	1440	tags=14%, list=10%, signal=15%	
ZHAN_MULTIPLE_MYELOMA_CD1_AND_CD2_DN	ZHAN_MULTIPLE_MYELOMA_CD1_AND_CD2_DN		49	-0.18894471	-0.7645225	0.8630491	0.9929877	1.0	1910	tags=16%, list=13%, signal=19%	
REACTOME_REGULATION_OF_LIPID_METABOLISM_BY_PPARALPHA	REACTOME_REGULATION_OF_LIPID_METABOLISM_BY_PPARALPHA		102	-0.16170934	-0.76449	0.94836956	0.99250376	1.0	3550	tags=25%, list=23%, signal=33%	
ZHU_CMV_8_HR_DN	ZHU_CMV_8_HR_DN		43	-0.1874188	-0.76446	0.87080103	0.9920338	1.0	4218	tags=33%, list=28%, signal=45%	
REACTOME_SIGNAL_AMPLIFICATION	REACTOME_SIGNAL_AMPLIFICATION		29	-0.21056473	-0.7636272	0.85314685	0.9926613	1.0	1574	tags=17%, list=10%, signal=19%	
CHICAS_RB1_TARGETS_LOW_SERUM	CHICAS_RB1_TARGETS_LOW_SERUM		91	-0.1633253	-0.7626616	0.9281768	0.9934816	1.0	3193	tags=22%, list=21%, signal=28%	
MODY_HIPPOCAMPUS_NEONATAL	MODY_HIPPOCAMPUS_NEONATAL		28	-0.21493465	-0.7623242	0.8054187	0.99339515	1.0	3110	tags=21%, list=21%, signal=27%	
FERREIRA_EWINGS_SARCOMA_UNSTABLE_VS_STABLE_DN	FERREIRA_EWINGS_SARCOMA_UNSTABLE_VS_STABLE_DN		77	-0.16914603	-0.7618613	0.94025975	0.99349105	1.0	3051	tags=23%, list=20%, signal=29%	
REACTOME_RECRUITMENT_OF_MITOTIC_CENTROSOME_PROTEINS_AND_COMPLEXES	REACTOME_RECRUITMENT_OF_MITOTIC_CENTROSOME_PROTEINS_AND_COMPLEXES		78	-0.16927843	-0.761826	0.93193716	0.9930195	1.0	2963	tags=21%, list=20%, signal=25%	
MELLMAN_TUT1_TARGETS_DN	MELLMAN_TUT1_TARGETS_DN		42	-0.19289027	-0.7617132	0.85286784	0.9926438	1.0	3858	tags=36%, list=26%, signal=48%	
OUILLETTE_CLL_13Q14_DELETION_DN	OUILLETTE_CLL_13Q14_DELETION_DN		46	-0.19005267	-0.7609906	0.879717	0.99306524	1.0	4172	tags=33%, list=28%, signal=45%	
REACTOME_ABERRANT_REGULATION_OF_MITOTIC_EXIT_IN_CANCER_DUE_TO_RB1_DEFECTS	REACTOME_ABERRANT_REGULATION_OF_MITOTIC_EXIT_IN_CANCER_DUE_TO_RB1_DEFECTS		19	-0.2325459	-0.76041293	0.800905	0.9933098	1.0	4075	tags=37%, list=27%, signal=50%	
REACTOME_PKA_MEDIATED_PHOSPHORYLATION_OF_CREB	REACTOME_PKA_MEDIATED_PHOSPHORYLATION_OF_CREB		16	-0.24918841	-0.7603731	0.8035714	0.9928347	1.0	4848	tags=44%, list=32%, signal=64%	
SESTO_RESPONSE_TO_UV_C4	SESTO_RESPONSE_TO_UV_C4		17	-0.24098659	-0.7595998	0.81489843	0.99330115	1.0	4677	tags=41%, list=31%, signal=60%	
EHLERS_ANEUPLOIDY_UP	EHLERS_ANEUPLOIDY_UP		35	-0.1987467	-0.7595941	0.8511628	0.99278694	1.0	3999	tags=29%, list=26%, signal=39%	
GAUSSMANN_MLL_AF4_FUSION_TARGETS_C_UP	GAUSSMANN_MLL_AF4_FUSION_TARGETS_C_UP		155	-0.14899522	-0.757827	0.9883721	0.994497	1.0	4257	tags=28%, list=28%, signal=39%	
KAMMINGA_SENESCENCE	KAMMINGA_SENESCENCE		33	-0.20268732	-0.7571737	0.8606965	0.99481577	1.0	4901	tags=52%, list=32%, signal=76%	
BERGER_PLATELET_HYPERREACTIVITY_PRESS_UP	BERGER_PLATELET_HYPERREACTIVITY_PRESS_UP		130	-0.15201543	-0.7565576	0.973913	0.99505264	1.0	4043	tags=28%, list=27%, signal=37%	
PID_ER_NONGENOMIC_PATHWAY	PID_ER_NONGENOMIC_PATHWAY		36	-0.1967642	-0.7560827	0.86987954	0.9951272	1.0	3742	tags=31%, list=25%, signal=41%	
BIOCARTA_CREB_PATHWAY	BIOCARTA_CREB_PATHWAY		17	-0.24018279	-0.7559712	0.7973274	0.99474233	1.0	41	tags=6%, list=0%, signal=6%	
OUILLETTE_CLL_13Q14_DELETION_UP	OUILLETTE_CLL_13Q14_DELETION_UP		67	-0.1692689	-0.75538623	0.94262296	0.99494225	1.0	3635	tags=30%, list=24%, signal=39%	
BYSTRYKH_HEMATOPOIESIS_STEM_CELL_AND_BRAIN_QTL_CIS	BYSTRYKH_HEMATOPOIESIS_STEM_CELL_AND_BRAIN_QTL_CIS		61	-0.17646722	-0.75477785	0.9088889	0.99520594	1.0	3076	tags=25%, list=20%, signal=31%	
REACTOME_NEGATIVE_REGULATION_OF_FGFR1_SIGNALING	REACTOME_NEGATIVE_REGULATION_OF_FGFR1_SIGNALING		28	-0.21037917	-0.75472945	0.84418607	0.994749	1.0	2925	tags=25%, list=19%, signal=31%	
STONER_ESOPHAGEAL_CARCINOGENESIS_UP	STONER_ESOPHAGEAL_CARCINOGENESIS_UP		36	-0.19746971	-0.75440764	0.8811881	0.994629	1.0	3819	tags=31%, list=25%, signal=41%	
REACTOME_TRANSCRIPTIONAL_REGULATION_BY_E2F6	REACTOME_TRANSCRIPTIONAL_REGULATION_BY_E2F6		27	-0.21472983	-0.75276154	0.83511776	0.996155	1.0	4542	tags=37%, list=30%, signal=53%	
REACTOME_INTERLEUKIN_12_SIGNALING	REACTOME_INTERLEUKIN_12_SIGNALING		36	-0.19317849	-0.7520991	0.88135594	0.9964665	1.0	3133	tags=25%, list=21%, signal=31%	
AUNG_GASTRIC_CANCER	AUNG_GASTRIC_CANCER		41	-0.1916882	-0.7517136	0.8701923	0.99641067	1.0	2535	tags=24%, list=17%, signal=29%	
DORN_ADENOVIRUS_INFECTION_48HR_DN	DORN_ADENOVIRUS_INFECTION_48HR_DN		33	-0.20136009	-0.75163734	0.8827586	0.9959931	1.0	4918	tags=39%, list=33%, signal=58%	
ZHENG_IL22_SIGNALING_DN	ZHENG_IL22_SIGNALING_DN		33	-0.20017311	-0.7512538	0.8718593	0.99595845	1.0	2503	tags=24%, list=17%, signal=29%	
REACTOME_SIGNALING_BY_ALK_IN_CANCER	REACTOME_SIGNALING_BY_ALK_IN_CANCER		70	-0.16984157	-0.75060785	0.9232737	0.9962427	1.0	3256	tags=23%, list=22%, signal=29%	
TENEDINI_MEGAKARYOCYTE_MARKERS	TENEDINI_MEGAKARYOCYTE_MARKERS		50	-0.18063119	-0.7503142	0.8997429	0.99605894	1.0	2295	tags=20%, list=15%, signal=24%	
BLALOCK_ALZHEIMERS_DISEASE_INCIPIENT_DN	BLALOCK_ALZHEIMERS_DISEASE_INCIPIENT_DN		154	-0.14676712	-0.7491281	0.984985	0.99700576	1.0	4513	tags=33%, list=30%, signal=47%	
KEGG_MEDICUS_REFERENCE_ARNO_ARF_ACTB_G_SIGNALING_PATHWAY	KEGG_MEDICUS_REFERENCE_ARNO_ARF_ACTB_G_SIGNALING_PATHWAY		23	-0.21425636	-0.74805087	0.8463303	0.9977629	1.0	2715	tags=17%, list=18%, signal=21%	
LE_NEURONAL_DIFFERENTIATION_DN	LE_NEURONAL_DIFFERENTIATION_DN		18	-0.24473213	-0.74710697	0.8190255	0.99838054	1.0	5336	tags=39%, list=35%, signal=60%	
HOFFMANN_SMALL_PRE_BII_TO_IMMATURE_B_LYMPHOCYTE_UP	HOFFMANN_SMALL_PRE_BII_TO_IMMATURE_B_LYMPHOCYTE_UP		52	-0.1777519	-0.7465077	0.9137931	0.99851334	1.0	3394	tags=27%, list=22%, signal=35%	
BOGNI_TREATMENT_RELATED_MYELOID_LEUKEMIA_DN	BOGNI_TREATMENT_RELATED_MYELOID_LEUKEMIA_DN		29	-0.20979021	-0.74617285	0.86650485	0.99841046	1.0	3434	tags=31%, list=23%, signal=40%	
REACTOME_M_PHASE	REACTOME_M_PHASE		353	-0.1287958	-0.7453781	1.0	0.99882084	1.0	3128	tags=18%, list=21%, signal=22%	
BROWNE_HCMV_INFECTION_20HR_DN	BROWNE_HCMV_INFECTION_20HR_DN		87	-0.16218643	-0.7452444	0.9216216	0.9984641	1.0	1735	tags=13%, list=11%, signal=14%	
REACTOME_SUMOYLATION_OF_UBIQUITINYLATION_PROTEINS	REACTOME_SUMOYLATION_OF_UBIQUITINYLATION_PROTEINS		36	-0.19682744	-0.7447767	0.88349515	0.9984885	1.0	2183	tags=19%, list=14%, signal=23%	
BANG_VERTEPORFIN_ENDOMETRIAL_CANCER_CELLS_UP	BANG_VERTEPORFIN_ENDOMETRIAL_CANCER_CELLS_UP		18	-0.23096342	-0.7443946	0.8511628	0.99840593	1.0	3432	tags=33%, list=23%, signal=43%	
REACTOME_NEGATIVE_REGULATION_OF_FGFR2_SIGNALING	REACTOME_NEGATIVE_REGULATION_OF_FGFR2_SIGNALING		29	-0.2039743	-0.7433611	0.8638614	0.9990547	1.0	2925	tags=24%, list=19%, signal=30%	
BURTON_ADIPOGENESIS_5	BURTON_ADIPOGENESIS_5		109	-0.1534626	-0.7430483	0.9556213	0.9988879	1.0	4749	tags=36%, list=31%, signal=52%	
ZHU_CMV_ALL_DN	ZHU_CMV_ALL_DN		101	-0.15623872	-0.74160594	0.9533679	1.0	1.0	4656	tags=37%, list=31%, signal=53%	
REACTOME_SUMOYLATION_OF_DNA_REPLICATION_PROTEINS	REACTOME_SUMOYLATION_OF_DNA_REPLICATION_PROTEINS		43	-0.1866356	-0.7412689	0.8740741	0.99993926	1.0	2862	tags=21%, list=19%, signal=26%	
BIOCARTA_MITOCHONDRIA_PATHWAY	BIOCARTA_MITOCHONDRIA_PATHWAY		16	-0.24060921	-0.7400976	0.8377778	1.0	1.0	4255	tags=50%, list=28%, signal=70%	
PID_P38_ALPHA_BETA_DOWNSTREAM_PATHWAY	PID_P38_ALPHA_BETA_DOWNSTREAM_PATHWAY		31	-0.20256583	-0.73994976	0.875803	1.0	1.0	4919	tags=42%, list=33%, signal=62%	
REACTOME_THROMBIN_SIGNALLING_THROUGH_PROTEINASE_ACTIVATED_RECEPTORS_PARS	REACTOME_THROMBIN_SIGNALLING_THROUGH_PROTEINASE_ACTIVATED_RECEPTORS_PARS		28	-0.21123886	-0.7392072	0.88789237	1.0	1.0	1574	tags=18%, list=10%, signal=20%	
DAIRKEE_CANCER_PRONE_RESPONSE_BPA_E2	DAIRKEE_CANCER_PRONE_RESPONSE_BPA_E2		101	-0.15648153	-0.73907894	0.96045196	1.0	1.0	3096	tags=21%, list=20%, signal=26%	
BRACHAT_RESPONSE_TO_CAMPTOTHECIN_UP	BRACHAT_RESPONSE_TO_CAMPTOTHECIN_UP		21	-0.21919036	-0.73705846	0.84035474	1.0	1.0	3510	tags=33%, list=23%, signal=43%	
KEGG_LYSINE_DEGRADATION	KEGG_LYSINE_DEGRADATION		40	-0.18751179	-0.73455733	0.8992974	1.0	1.0	135	tags=5%, list=1%, signal=5%	
WP_NOCGMPPKG_MEDIATED_NEUROPROTECTION	WP_NOCGMPPKG_MEDIATED_NEUROPROTECTION		39	-0.18326129	-0.7341608	0.8700696	1.0	1.0	4255	tags=33%, list=28%, signal=46%	
HONMA_DOCETAXEL_RESISTANCE	HONMA_DOCETAXEL_RESISTANCE		32	-0.19753389	-0.73331934	0.89041096	1.0	1.0	4075	tags=34%, list=27%, signal=47%	
CAFFAREL_RESPONSE_TO_THC_24HR_5_DN	CAFFAREL_RESPONSE_TO_THC_24HR_5_DN		49	-0.17944612	-0.7329939	0.9282297	1.0	1.0	4079	tags=24%, list=27%, signal=33%	
WP_T_CELL_RECEPTOR_AND_COSTIMULATORY_SIGNALING	WP_T_CELL_RECEPTOR_AND_COSTIMULATORY_SIGNALING		21	-0.22291115	-0.73266625	0.8636364	1.0	1.0	369	tags=10%, list=2%, signal=10%	
KEGG_MEDICUS_PATHOGEN_HCMV_UL33_TO_GNAI_AC_PKA_SIGNALING_PATHWAY	KEGG_MEDICUS_PATHOGEN_HCMV_UL33_TO_GNAI_AC_PKA_SIGNALING_PATHWAY		20	-0.2279299	-0.7321726	0.8524946	1.0	1.0	4344	tags=40%, list=29%, signal=56%	
UNTERMAN_PROGRESSIVE_VS_STABLE_IPF_MONOCYTE_DN	UNTERMAN_PROGRESSIVE_VS_STABLE_IPF_MONOCYTE_DN		19	-0.22308317	-0.7320024	0.8708972	1.0	1.0	1946	tags=21%, list=13%, signal=24%	
BOGNI_TREATMENT_RELATED_MYELOID_LEUKEMIA_UP	BOGNI_TREATMENT_RELATED_MYELOID_LEUKEMIA_UP		23	-0.21529627	-0.7316749	0.8738532	1.0	1.0	1367	tags=17%, list=9%, signal=19%	
REACTOME_CONVERSION_FROM_APC_C_CDC20_TO_APC_C_CDH1_IN_LATE_ANAPHASE	REACTOME_CONVERSION_FROM_APC_C_CDC20_TO_APC_C_CDH1_IN_LATE_ANAPHASE		19	-0.229882	-0.7314569	0.86310905	1.0	1.0	4075	tags=37%, list=27%, signal=50%	
KYNG_ENVIRONMENTAL_STRESS_RESPONSE_NOT_BY_UV_IN_OLD	KYNG_ENVIRONMENTAL_STRESS_RESPONSE_NOT_BY_UV_IN_OLD		23	-0.2157188	-0.73129886	0.84782606	1.0	1.0	5975	tags=65%, list=40%, signal=108%	
LINDGREN_BLADDER_CANCER_WITH_LOH_IN_CHR9Q	LINDGREN_BLADDER_CANCER_WITH_LOH_IN_CHR9Q		109	-0.15044801	-0.7309881	0.98333335	1.0	1.0	3826	tags=27%, list=25%, signal=35%	
LOCKWOOD_AMPLIFIED_IN_LUNG_CANCER	LOCKWOOD_AMPLIFIED_IN_LUNG_CANCER		197	-0.13723968	-0.73065984	0.98657715	1.0	1.0	3925	tags=25%, list=26%, signal=33%	
REACTOME_HYALURONAN_METABOLISM	REACTOME_HYALURONAN_METABOLISM		15	-0.24426939	-0.73034114	0.844098	1.0	1.0	1394	tags=13%, list=9%, signal=15%	
REACTOME_INTERLEUKIN_7_SIGNALING	REACTOME_INTERLEUKIN_7_SIGNALING		24	-0.20959008	-0.7295911	0.8416076	1.0	1.0	1385	tags=13%, list=9%, signal=14%	
SHETH_LIVER_CANCER_VS_TXNIP_LOSS_PAM6	SHETH_LIVER_CANCER_VS_TXNIP_LOSS_PAM6		50	-0.17737432	-0.72901076	0.9411765	1.0	1.0	3455	tags=26%, list=23%, signal=34%	
APPIERTO_RESPONSE_TO_FENRETINIDE_DN	APPIERTO_RESPONSE_TO_FENRETINIDE_DN		48	-0.17782454	-0.7286364	0.896	1.0	1.0	1405	tags=13%, list=9%, signal=14%	
REACTOME_ION_HOMEOSTASIS	REACTOME_ION_HOMEOSTASIS		44	-0.18163966	-0.72833925	0.9273608	1.0	1.0	993	tags=9%, list=7%, signal=10%	
HOEGERKORP_CD44_TARGETS_DIRECT_UP	HOEGERKORP_CD44_TARGETS_DIRECT_UP		22	-0.21764039	-0.7281809	0.86160713	1.0	1.0	5465	tags=55%, list=36%, signal=85%	
NADERI_BREAST_CANCER_PROGNOSIS_DN	NADERI_BREAST_CANCER_PROGNOSIS_DN		17	-0.2348148	-0.72814035	0.8577778	1.0	1.0	913	tags=12%, list=6%, signal=13%	
REACTOME_PLATELET_HOMEOSTASIS	REACTOME_PLATELET_HOMEOSTASIS		75	-0.16046003	-0.7266719	0.9568528	1.0	1.0	4276	tags=31%, list=28%, signal=43%	
KEGG_MEDICUS_VARIANT_MUTATION_CAUSED_ABERRANT_ABETA_TO_ANTEROGRADE_AXONAL_TRANSPORT	KEGG_MEDICUS_VARIANT_MUTATION_CAUSED_ABERRANT_ABETA_TO_ANTEROGRADE_AXONAL_TRANSPORT		19	-0.22311099	-0.7263657	0.8422274	1.0	1.0	3287	tags=26%, list=22%, signal=34%	
REACTOME_FRS_MEDIATED_FGFR2_SIGNALING	REACTOME_FRS_MEDIATED_FGFR2_SIGNALING		21	-0.22069876	-0.72589517	0.8452915	1.0	1.0	4694	tags=38%, list=31%, signal=55%	
DACOSTA_UV_RESPONSE_VIA_ERCC3_XPCS_UP	DACOSTA_UV_RESPONSE_VIA_ERCC3_XPCS_UP		22	-0.22126824	-0.7243266	0.8785872	1.0	1.0	3486	tags=32%, list=23%, signal=41%	
REACTOME_POST_CHAPERONIN_TUBULIN_FOLDING_PATHWAY	REACTOME_POST_CHAPERONIN_TUBULIN_FOLDING_PATHWAY		17	-0.23332255	-0.7239842	0.8423423	1.0	1.0	3110	tags=29%, list=21%, signal=37%	
WP_PHOSPHODIESTERASES_IN_NEURONAL_FUNCTION	WP_PHOSPHODIESTERASES_IN_NEURONAL_FUNCTION		46	-0.1790941	-0.72357136	0.89800996	1.0	1.0	4001	tags=33%, list=26%, signal=44%	
NAGASHIMA_NRG1_SIGNALING_DN	NAGASHIMA_NRG1_SIGNALING_DN		45	-0.18131554	-0.72294104	0.9264706	1.0	1.0	3664	tags=27%, list=24%, signal=35%	
WP_TYPE_2_PAPILLARY_RENAL_CELL_CARCINOMA	WP_TYPE_2_PAPILLARY_RENAL_CELL_CARCINOMA		30	-0.20179139	-0.7228591	0.87822014	1.0	1.0	3873	tags=30%, list=26%, signal=40%	
LY_AGING_MIDDLE_DN	LY_AGING_MIDDLE_DN		15	-0.2409407	-0.722114	0.8321839	1.0	1.0	11474	tags=100%, list=76%, signal=415%	
PID_ATM_PATHWAY	PID_ATM_PATHWAY		29	-0.19665088	-0.72134143	0.89534885	1.0	1.0	4823	tags=38%, list=32%, signal=56%	
WP_INHIBITION_OF_EXOSOME_BIOGENESIS_AND_SECRETION_BY_MANUMYCIN_A_IN_CRPC_CELLS	WP_INHIBITION_OF_EXOSOME_BIOGENESIS_AND_SECRETION_BY_MANUMYCIN_A_IN_CRPC_CELLS		17	-0.23273212	-0.72063816	0.8568282	1.0	1.0	3799	tags=29%, list=25%, signal=39%	
ZHU_CMV_24_HR_DN	ZHU_CMV_24_HR_DN		71	-0.15928815	-0.7205995	0.9701897	1.0	1.0	4656	tags=39%, list=31%, signal=57%	
REACTOME_TRANSCRIPTIONAL_REGULATION_OF_BROWN_AND_BEIGE_ADIPOCYTE_DIFFERENTIATION	REACTOME_TRANSCRIPTIONAL_REGULATION_OF_BROWN_AND_BEIGE_ADIPOCYTE_DIFFERENTIATION		26	-0.20408377	-0.71993303	0.875	1.0	1.0	4377	tags=38%, list=29%, signal=54%	
BILD_CTNNB1_ONCOGENIC_SIGNATURE	BILD_CTNNB1_ONCOGENIC_SIGNATURE		73	-0.16077463	-0.71983194	0.95907927	1.0	1.0	4549	tags=34%, list=30%, signal=49%	
KYNG_ENVIRONMENTAL_STRESS_RESPONSE_NOT_BY_GAMMA_IN_WS	KYNG_ENVIRONMENTAL_STRESS_RESPONSE_NOT_BY_GAMMA_IN_WS		31	-0.19430305	-0.7185042	0.8997669	1.0	1.0	4653	tags=39%, list=31%, signal=56%	
BIOCARTA_EIF4_PATHWAY	BIOCARTA_EIF4_PATHWAY		20	-0.21798271	-0.717541	0.8701923	1.0	1.0	4261	tags=30%, list=28%, signal=42%	
PEART_HDAC_PROLIFERATION_CLUSTER_UP	PEART_HDAC_PROLIFERATION_CLUSTER_UP		47	-0.17776754	-0.7171776	0.9350348	1.0	1.0	4548	tags=32%, list=30%, signal=46%	
WP_MIRNA_TARGETS_IN_ECM_AND_MEMBRANE_RECEPTORS	WP_MIRNA_TARGETS_IN_ECM_AND_MEMBRANE_RECEPTORS		17	-0.23216061	-0.7171674	0.8612335	1.0	1.0	11607	tags=100%, list=77%, signal=431%	
REACTOME_GASTRIN_CREB_SIGNALLING_PATHWAY_VIA_PKC_AND_MAPK	REACTOME_GASTRIN_CREB_SIGNALLING_PATHWAY_VIA_PKC_AND_MAPK		16	-0.2351928	-0.71667343	0.8636364	1.0	1.0	11561	tags=100%, list=77%, signal=425%	
SIMBULAN_PARP1_TARGETS_DN	SIMBULAN_PARP1_TARGETS_DN		16	-0.23477107	-0.7166186	0.84151787	1.0	1.0	4368	tags=31%, list=29%, signal=44%	
KEGG_HUNTINGTONS_DISEASE	KEGG_HUNTINGTONS_DISEASE		153	-0.14119592	-0.7165461	0.99435025	1.0	1.0	3144	tags=19%, list=21%, signal=24%	
GENTILE_RESPONSE_CLUSTER_D3	GENTILE_RESPONSE_CLUSTER_D3		51	-0.17079599	-0.7162554	0.9511568	1.0	1.0	3530	tags=24%, list=23%, signal=31%	
CHIANG_LIVER_CANCER_SUBCLASS_UNANNOTATED_DN	CHIANG_LIVER_CANCER_SUBCLASS_UNANNOTATED_DN		177	-0.13822816	-0.71603364	0.9970588	1.0	1.0	3652	tags=23%, list=24%, signal=29%	
MARZEC_IL2_SIGNALING_UP	MARZEC_IL2_SIGNALING_UP		92	-0.15726708	-0.715546	0.9705882	1.0	1.0	3367	tags=24%, list=22%, signal=31%	
WP_INTEGRATED_BREAST_CANCER_PATHWAY	WP_INTEGRATED_BREAST_CANCER_PATHWAY		120	-0.14750507	-0.7152271	0.97865856	1.0	1.0	4713	tags=33%, list=31%, signal=48%	
JOSEPH_RESPONSE_TO_SODIUM_BUTYRATE_DN	JOSEPH_RESPONSE_TO_SODIUM_BUTYRATE_DN		47	-0.17067578	-0.71498966	0.93793106	1.0	1.0	2723	tags=19%, list=18%, signal=23%	
KEGG_MEDICUS_REFERENCE_GENE_SILENCING_BY_METHYLATION_OF_H3K27_AND_UBIQUITINATION_OF_H2AK119	KEGG_MEDICUS_REFERENCE_GENE_SILENCING_BY_METHYLATION_OF_H3K27_AND_UBIQUITINATION_OF_H2AK119		32	-0.19280301	-0.71489686	0.905	1.0	1.0	4753	tags=34%, list=31%, signal=50%	
REACTOME_CD209_DC_SIGN_SIGNALING	REACTOME_CD209_DC_SIGN_SIGNALING		17	-0.22820807	-0.71477276	0.87053573	1.0	1.0	4254	tags=35%, list=28%, signal=49%	
WP_NICOTINE_EFFECT_ON_DOPAMINERGIC_NEURONS	WP_NICOTINE_EFFECT_ON_DOPAMINERGIC_NEURONS		21	-0.2127674	-0.71426314	0.87788016	1.0	1.0	4201	tags=33%, list=28%, signal=46%	
REACTOME_CRISTAE_FORMATION	REACTOME_CRISTAE_FORMATION		33	-0.19132653	-0.7139397	0.89847714	0.9999838	1.0	5632	tags=52%, list=37%, signal=82%	
KEGG_OXIDATIVE_PHOSPHORYLATION	KEGG_OXIDATIVE_PHOSPHORYLATION		114	-0.14968042	-0.71288025	0.98165137	1.0	1.0	4771	tags=33%, list=32%, signal=48%	
REACTOME_TRANSCRIPTIONAL_REGULATION_BY_VENTX	REACTOME_TRANSCRIPTIONAL_REGULATION_BY_VENTX		35	-0.18669032	-0.7126218	0.9060241	1.0	1.0	4254	tags=40%, list=28%, signal=56%	
ALONSO_METASTASIS_UP	ALONSO_METASTASIS_UP		173	-0.13776095	-0.70904166	0.9911765	1.0	1.0	3773	tags=25%, list=25%, signal=33%	
WP_CONGENITAL_GENERALIZED_LIPODYSTROPHY	WP_CONGENITAL_GENERALIZED_LIPODYSTROPHY		16	-0.23080815	-0.7087689	0.86892176	1.0	1.0	1510	tags=13%, list=10%, signal=14%	
REACTOME_RHO_GTPASES_ACTIVATE_FORMINS	REACTOME_RHO_GTPASES_ACTIVATE_FORMINS		123	-0.14201663	-0.70717984	0.9761194	1.0	1.0	1416	tags=10%, list=9%, signal=11%	
REACTOME_ADIPOGENESIS	REACTOME_ADIPOGENESIS		93	-0.151157	-0.70705605	0.97402596	1.0	1.0	2129	tags=16%, list=14%, signal=19%	
GOLDRATH_HOMEOSTATIC_PROLIFERATION	GOLDRATH_HOMEOSTATIC_PROLIFERATION		130	-0.14021006	-0.7069371	0.989011	1.0	1.0	4656	tags=34%, list=31%, signal=48%	
TAKAO_RESPONSE_TO_UVB_RADIATION_DN	TAKAO_RESPONSE_TO_UVB_RADIATION_DN		88	-0.15154253	-0.7067275	0.9756757	1.0	1.0	3436	tags=22%, list=23%, signal=28%	
FRASOR_TAMOXIFEN_RESPONSE_UP	FRASOR_TAMOXIFEN_RESPONSE_UP		46	-0.17531435	-0.7065925	0.9277389	1.0	1.0	3436	tags=24%, list=23%, signal=31%	
GINESTIER_BREAST_CANCER_ZNF217_AMPLIFIED_UP	GINESTIER_BREAST_CANCER_ZNF217_AMPLIFIED_UP		63	-0.16262008	-0.7062474	0.9670886	1.0	1.0	5779	tags=44%, list=38%, signal=72%	
SARTIPY_NORMAL_AT_INSULIN_RESISTANCE_UP	SARTIPY_NORMAL_AT_INSULIN_RESISTANCE_UP		28	-0.19646274	-0.7056991	0.90293455	1.0	1.0	1305	tags=11%, list=9%, signal=12%	
REACTOME_NEGATIVE_REGULATION_OF_FLT3	REACTOME_NEGATIVE_REGULATION_OF_FLT3		15	-0.23584747	-0.7055512	0.8784404	1.0	1.0	2118	tags=20%, list=14%, signal=23%	
BIOCARTA_IGF1R_PATHWAY	BIOCARTA_IGF1R_PATHWAY		19	-0.21902068	-0.7053458	0.8876652	1.0	1.0	4344	tags=32%, list=29%, signal=44%	
REACTOME_DEUBIQUITINATION	REACTOME_DEUBIQUITINATION		220	-0.13358964	-0.7052035	0.9962963	1.0	1.0	4135	tags=28%, list=27%, signal=38%	
WP_TRANSCRIPTION_FACTOR_REGULATION_IN_ADIPOGENESIS	WP_TRANSCRIPTION_FACTOR_REGULATION_IN_ADIPOGENESIS		17	-0.22781412	-0.7048523	0.89366513	1.0	1.0	2785	tags=24%, list=18%, signal=29%	
KEGG_ADHERENS_JUNCTION	KEGG_ADHERENS_JUNCTION		64	-0.16143844	-0.7046747	0.97243106	1.0	1.0	2902	tags=23%, list=19%, signal=29%	
KEGG_MEDICUS_REFERENCE_DEUBIQUITINATION_OF_H2AK119	KEGG_MEDICUS_REFERENCE_DEUBIQUITINATION_OF_H2AK119		23	-0.20534207	-0.70449513	0.8685446	0.9996996	1.0	4861	tags=35%, list=32%, signal=51%	
KEGG_MEDICUS_REFERENCE_CXCR4_GNB_G_RAC_SIGNALING_PATHWAY	KEGG_MEDICUS_REFERENCE_CXCR4_GNB_G_RAC_SIGNALING_PATHWAY		23	-0.20196342	-0.7044353	0.8947368	0.9992465	1.0	4262	tags=43%, list=28%, signal=60%	
REACTOME_ACTIVATION_OF_GENE_EXPRESSION_BY_SREBF_SREBP	REACTOME_ACTIVATION_OF_GENE_EXPRESSION_BY_SREBF_SREBP		38	-0.18000829	-0.70438254	0.9222222	0.9987902	1.0	1635	tags=13%, list=11%, signal=15%	
BURTON_ADIPOGENESIS_PEAK_AT_2HR	BURTON_ADIPOGENESIS_PEAK_AT_2HR		39	-0.17863	-0.70431167	0.924812	0.9983438	1.0	4883	tags=44%, list=32%, signal=64%	
WP_NRF2ARE_REGULATION	WP_NRF2ARE_REGULATION		21	-0.21494131	-0.70379025	0.8912037	0.99825925	1.0	3393	tags=24%, list=22%, signal=31%	
WP_FOLATE_METABOLISM	WP_FOLATE_METABOLISM		43	-0.17469776	-0.7030323	0.92124104	0.99838704	1.0	194	tags=7%, list=1%, signal=7%	
KEGG_MEDICUS_PATHOGEN_HIV_GP120_TO_CXCR4_GNB_G_RAC_SIGNALING_PATHWAY	KEGG_MEDICUS_PATHOGEN_HIV_GP120_TO_CXCR4_GNB_G_RAC_SIGNALING_PATHWAY		23	-0.20196342	-0.7026427	0.9041769	0.9982149	1.0	4262	tags=43%, list=28%, signal=60%	
KIM_WT1_TARGETS_DN	KIM_WT1_TARGETS_DN		429	-0.120993346	-0.70206076	1.0	0.9982288	1.0	3936	tags=23%, list=26%, signal=30%	
RIZKI_TUMOR_INVASIVENESS_2D_DN	RIZKI_TUMOR_INVASIVENESS_2D_DN		58	-0.16424751	-0.7008438	0.9537275	0.99872166	1.0	2154	tags=17%, list=14%, signal=20%	
SHAFFER_IRF4_TARGETS_IN_MYELOMA_VS_MATURE_B_LYMPHOCYTE	SHAFFER_IRF4_TARGETS_IN_MYELOMA_VS_MATURE_B_LYMPHOCYTE		86	-0.15067823	-0.6955808	0.9812834	1.0	1.0	2222	tags=15%, list=15%, signal=18%	
WP_HOSTPATHOGEN_INTERACTION_OF_HUMAN_CORONAVIRUSES_AUTOPHAGY	WP_HOSTPATHOGEN_INTERACTION_OF_HUMAN_CORONAVIRUSES_AUTOPHAGY		19	-0.21662018	-0.6938365	0.89254385	1.0	1.0	5222	tags=53%, list=35%, signal=80%	
REACTOME_DOWNSTREAM_SIGNALING_EVENTS_OF_B_CELL_RECEPTOR_BCR	REACTOME_DOWNSTREAM_SIGNALING_EVENTS_OF_B_CELL_RECEPTOR_BCR		66	-0.15685564	-0.6910159	0.97738695	1.0	1.0	1060	tags=9%, list=7%, signal=10%	
PID_TGFBR_PATHWAY	PID_TGFBR_PATHWAY		46	-0.16792743	-0.69017524	0.9489051	1.0	1.0	4261	tags=33%, list=28%, signal=45%	
REACTOME_NEGATIVE_REGULATION_OF_NOTCH4_SIGNALING	REACTOME_NEGATIVE_REGULATION_OF_NOTCH4_SIGNALING		42	-0.17492825	-0.6896982	0.94520545	1.0	1.0	1060	tags=7%, list=7%, signal=8%	
KEGG_BASAL_TRANSCRIPTION_FACTORS	KEGG_BASAL_TRANSCRIPTION_FACTORS		31	-0.18506333	-0.68759173	0.94323146	1.0	1.0	2218	tags=16%, list=15%, signal=19%	
SCHLOSSER_MYC_TARGETS_REPRESSED_BY_SERUM	SCHLOSSER_MYC_TARGETS_REPRESSED_BY_SERUM		151	-0.1379402	-0.6874033	0.98176295	1.0	1.0	4232	tags=27%, list=28%, signal=37%	
REACTOME_HEDGEHOG_ON_STATE	REACTOME_HEDGEHOG_ON_STATE		66	-0.15540266	-0.6870674	0.97105265	1.0	1.0	4552	tags=29%, list=30%, signal=41%	
REACTOME_FGFR2_LIGAND_BINDING_AND_ACTIVATION	REACTOME_FGFR2_LIGAND_BINDING_AND_ACTIVATION		15	-0.22207768	-0.6858724	0.884434	1.0	1.0	941	tags=13%, list=6%, signal=14%	
HU_ANGIOGENESIS_UP	HU_ANGIOGENESIS_UP		18	-0.21543388	-0.68559086	0.8893805	1.0	1.0	2022	tags=17%, list=13%, signal=19%	
REACTOME_PLASMA_LIPOPROTEIN_REMODELING	REACTOME_PLASMA_LIPOPROTEIN_REMODELING		20	-0.21070415	-0.6855422	0.9025522	1.0	1.0	4011	tags=35%, list=27%, signal=48%	
LEIN_LOCALIZED_TO_DISTAL_AND_PROXIMAL_DENDRITES	LEIN_LOCALIZED_TO_DISTAL_AND_PROXIMAL_DENDRITES		17	-0.22202185	-0.68512183	0.8828829	1.0	1.0	2961	tags=24%, list=20%, signal=29%	
GROSS_HYPOXIA_VIA_ELK3_AND_HIF1A_DN	GROSS_HYPOXIA_VIA_ELK3_AND_HIF1A_DN		94	-0.14608122	-0.6844852	0.9892761	1.0	1.0	1788	tags=14%, list=12%, signal=16%	
MMS_MOUSE_LYMPH_HIGH_4HRS_UP	MMS_MOUSE_LYMPH_HIGH_4HRS_UP		30	-0.18582104	-0.68414736	0.9205298	1.0	1.0	3016	tags=20%, list=20%, signal=25%	
KEGG_MEDICUS_PATHOGEN_SHIGELLA_IPGD_TO_ARNO_ARF_ACTB_G_SIGNALING_PATHWAY	KEGG_MEDICUS_PATHOGEN_SHIGELLA_IPGD_TO_ARNO_ARF_ACTB_G_SIGNALING_PATHWAY		26	-0.19512051	-0.68394524	0.9137529	1.0	1.0	2715	tags=15%, list=18%, signal=19%	
WP_PI3KAKTMTOR_VITAMIN_D3_SIGNALING	WP_PI3KAKTMTOR_VITAMIN_D3_SIGNALING		16	-0.22451375	-0.6831156	0.8873874	1.0	1.0	5723	tags=50%, list=38%, signal=80%	
SAKAI_CHRONIC_HEPATITIS_VS_LIVER_CANCER_UP	SAKAI_CHRONIC_HEPATITIS_VS_LIVER_CANCER_UP		74	-0.15274334	-0.6824872	0.9617347	1.0	1.0	4141	tags=31%, list=27%, signal=43%	
PID_HDAC_CLASSII_PATHWAY	PID_HDAC_CLASSII_PATHWAY		30	-0.1867821	-0.68167114	0.93877554	1.0	1.0	4697	tags=37%, list=31%, signal=53%	
REACTOME_REGULATION_OF_MRNA_STABILITY_BY_PROTEINS_THAT_BIND_AU_RICH_ELEMENTS	REACTOME_REGULATION_OF_MRNA_STABILITY_BY_PROTEINS_THAT_BIND_AU_RICH_ELEMENTS		67	-0.1563125	-0.68112695	0.96183205	1.0	1.0	3081	tags=19%, list=20%, signal=24%	
WP_MIRTARGETED_GENES_IN_MUSCLE_CELL	WP_MIRTARGETED_GENES_IN_MUSCLE_CELL		290	-0.120957725	-0.68058985	1.0	1.0	1.0	3399	tags=18%, list=22%, signal=23%	
PID_NFKAPPAB_CANONICAL_PATHWAY	PID_NFKAPPAB_CANONICAL_PATHWAY		19	-0.21258976	-0.6801918	0.9086758	1.0	1.0	4684	tags=37%, list=31%, signal=53%	
REACTOME_REGULATION_OF_CHOLESTEROL_BIOSYNTHESIS_BY_SREBP_SREBF	REACTOME_REGULATION_OF_CHOLESTEROL_BIOSYNTHESIS_BY_SREBP_SREBF		51	-0.16551466	-0.6792179	0.96437657	1.0	1.0	3677	tags=25%, list=24%, signal=34%	
REACTOME_DARPP_32_EVENTS	REACTOME_DARPP_32_EVENTS		18	-0.21098894	-0.6777834	0.8987069	1.0	1.0	1735	tags=17%, list=11%, signal=19%	
REACTOME_EVASION_BY_RSV_OF_HOST_INTERFERON_RESPONSES	REACTOME_EVASION_BY_RSV_OF_HOST_INTERFERON_RESPONSES		18	-0.21834223	-0.6769571	0.90585774	1.0	1.0	3277	tags=28%, list=22%, signal=35%	
WP_DIFFERENTIATION_OF_WHITE_AND_BROWN_ADIPOCYTE	WP_DIFFERENTIATION_OF_WHITE_AND_BROWN_ADIPOCYTE		18	-0.21713977	-0.67591166	0.913242	1.0	1.0	2610	tags=22%, list=17%, signal=27%	
REACTOME_REGULATION_OF_NF_KAPPA_B_SIGNALING	REACTOME_REGULATION_OF_NF_KAPPA_B_SIGNALING		15	-0.22937475	-0.6755366	0.89069766	1.0	1.0	4762	tags=47%, list=32%, signal=68%	
CLASPER_LYMPHATIC_VESSELS_DURING_METASTASIS_DN	CLASPER_LYMPHATIC_VESSELS_DURING_METASTASIS_DN		32	-0.17999735	-0.6753131	0.93301433	1.0	1.0	12397	tags=100%, list=82%, signal=556%	
MOROSETTI_FACIOSCAPULOHUMERAL_MUSCULAR_DISTROPHY_UP	MOROSETTI_FACIOSCAPULOHUMERAL_MUSCULAR_DISTROPHY_UP		19	-0.20476204	-0.67107165	0.92788464	1.0	1.0	4615	tags=47%, list=31%, signal=68%	
DORN_ADENOVIRUS_INFECTION_32HR_DN	DORN_ADENOVIRUS_INFECTION_32HR_DN		32	-0.1812549	-0.6702327	0.93424034	1.0	1.0	4918	tags=38%, list=33%, signal=55%	
REACTOME_FRS_MEDIATED_FGFR1_SIGNALING	REACTOME_FRS_MEDIATED_FGFR1_SIGNALING		19	-0.20525469	-0.6695838	0.91810346	1.0	1.0	4621	tags=37%, list=31%, signal=53%	
BASAKI_YBX1_TARGETS_UP	BASAKI_YBX1_TARGETS_UP		262	-0.12246015	-0.66928977	1.0	1.0	1.0	3365	tags=16%, list=22%, signal=21%	
SHIN_B_CELL_LYMPHOMA_CLUSTER_8	SHIN_B_CELL_LYMPHOMA_CLUSTER_8		28	-0.1814904	-0.6660986	0.9609756	1.0	1.0	1547	tags=14%, list=10%, signal=16%	
ZHAN_EARLY_DIFFERENTIATION_GENES_DN	ZHAN_EARLY_DIFFERENTIATION_GENES_DN		35	-0.17677298	-0.66554856	0.95454544	1.0	1.0	3791	tags=29%, list=25%, signal=38%	
WANG_THOC1_TARGETS_DN	WANG_THOC1_TARGETS_DN		15	-0.22128345	-0.66493094	0.9161148	1.0	1.0	2959	tags=27%, list=20%, signal=33%	
REACTOME_TCR_SIGNALING	REACTOME_TCR_SIGNALING		90	-0.1430359	-0.66393673	0.9918699	1.0	1.0	3427	tags=22%, list=23%, signal=29%	
WP_ETHANOL_EFFECTS_ON_HISTONE_MODIFICATIONS	WP_ETHANOL_EFFECTS_ON_HISTONE_MODIFICATIONS		26	-0.1840332	-0.66171354	0.9262899	1.0	1.0	3754	tags=31%, list=25%, signal=41%	
WP_OXIDATIVE_PHOSPHORYLATION	WP_OXIDATIVE_PHOSPHORYLATION		57	-0.15480228	-0.66056925	0.9814815	1.0	1.0	4730	tags=37%, list=31%, signal=53%	
WP_HYPOTHESIZED_PATHWAYS_IN_PATHOGENESIS_OF_CARDIOVASCULAR_DISEASE	WP_HYPOTHESIZED_PATHWAYS_IN_PATHOGENESIS_OF_CARDIOVASCULAR_DISEASE		18	-0.20912184	-0.65978223	0.9168539	1.0	1.0	4228	tags=33%, list=28%, signal=46%	
REACTOME_FGFR2_ALTERNATIVE_SPLICING	REACTOME_FGFR2_ALTERNATIVE_SPLICING		25	-0.1916033	-0.6588523	0.9453303	1.0	1.0	1171	tags=12%, list=8%, signal=13%	
BANDRES_RESPONSE_TO_CARMUSTIN_MGMT_48HR_UP	BANDRES_RESPONSE_TO_CARMUSTIN_MGMT_48HR_UP		15	-0.22019881	-0.65757865	0.9144737	1.0	1.0	310	tags=7%, list=2%, signal=7%	
BIOCARTA_IL6_PATHWAY	BIOCARTA_IL6_PATHWAY		16	-0.21461472	-0.65725976	0.9256017	1.0	1.0	4501	tags=50%, list=30%, signal=71%	
HOFMANN_MYELODYSPLASTIC_SYNDROM_LOW_RISK_DN	HOFMANN_MYELODYSPLASTIC_SYNDROM_LOW_RISK_DN		24	-0.18717253	-0.6526656	0.9477612	1.0	1.0	4965	tags=42%, list=33%, signal=62%	
REACTOME_ACTIVATED_TAK1_MEDIATES_P38_MAPK_ACTIVATION	REACTOME_ACTIVATED_TAK1_MEDIATES_P38_MAPK_ACTIVATION		20	-0.19905941	-0.65252984	0.94871795	1.0	1.0	1302	tags=15%, list=9%, signal=16%	
PID_AURORA_A_PATHWAY	PID_AURORA_A_PATHWAY		26	-0.18504508	-0.651159	0.9518072	1.0	1.0	4463	tags=35%, list=30%, signal=49%	
TAKEDA_TARGETS_OF_NUP98_HOXA9_FUSION_3D_DN	TAKEDA_TARGETS_OF_NUP98_HOXA9_FUSION_3D_DN		21	-0.19336948	-0.6506889	0.93939394	1.0	1.0	4158	tags=33%, list=28%, signal=46%	
PID_DNA_PK_PATHWAY	PID_DNA_PK_PATHWAY		15	-0.21328087	-0.64896977	0.9082353	1.0	1.0	5168	tags=47%, list=34%, signal=71%	
WP_COHESIN_COMPLEX_CORNELIA_DE_LANGE_SYNDROME	WP_COHESIN_COMPLEX_CORNELIA_DE_LANGE_SYNDROME		30	-0.17847964	-0.6485377	0.9653465	1.0	1.0	2190	tags=13%, list=14%, signal=16%	
KEGG_MEDICUS_VARIANT_MUTATION_ACTIVATED_KCNJ5_TO_ANGIOTENSIN_ALDOSTERONE_SIGNALING_PATHWAY	KEGG_MEDICUS_VARIANT_MUTATION_ACTIVATED_KCNJ5_TO_ANGIOTENSIN_ALDOSTERONE_SIGNALING_PATHWAY		21	-0.19546951	-0.64790666	0.95022625	1.0	1.0	3744	tags=29%, list=25%, signal=38%	
LE_NEURONAL_DIFFERENTIATION_UP	LE_NEURONAL_DIFFERENTIATION_UP		16	-0.20587051	-0.6476725	0.9159091	1.0	1.0	5356	tags=44%, list=35%, signal=68%	
WP_HEREDITARY_LEIOMYOMATOSIS_AND_RENAL_CELL_CARCINOMA_PATHWAY	WP_HEREDITARY_LEIOMYOMATOSIS_AND_RENAL_CELL_CARCINOMA_PATHWAY		18	-0.20464055	-0.64756244	0.94	1.0	1.0	1061	tags=11%, list=7%, signal=12%	
IVANOVSKA_MIR106B_TARGETS	IVANOVSKA_MIR106B_TARGETS		85	-0.14136386	-0.6474511	0.99230766	1.0	1.0	6174	tags=53%, list=41%, signal=89%	
THEODOROU_MAMMARY_TUMORIGENESIS	THEODOROU_MAMMARY_TUMORIGENESIS		28	-0.1799171	-0.6473997	0.9567308	1.0	1.0	2340	tags=18%, list=15%, signal=21%	
ZAMORA_NOS2_TARGETS_UP	ZAMORA_NOS2_TARGETS_UP		49	-0.15850417	-0.6440989	0.9740566	1.0	1.0	4824	tags=35%, list=32%, signal=51%	
LEE_AGING_NEOCORTEX_DN	LEE_AGING_NEOCORTEX_DN		60	-0.15197355	-0.64227015	0.9905437	1.0	1.0	5211	tags=47%, list=34%, signal=71%	
VALK_AML_CLUSTER_5	VALK_AML_CLUSTER_5		24	-0.18651667	-0.6419803	0.9367946	1.0	1.0	3995	tags=38%, list=26%, signal=51%	
REACTOME_RESPIRATORY_SYNCYTIAL_VIRUS_RSV_ATTACHMENT_AND_ENTRY	REACTOME_RESPIRATORY_SYNCYTIAL_VIRUS_RSV_ATTACHMENT_AND_ENTRY		20	-0.19516192	-0.6402581	0.94382024	1.0	1.0	1164	tags=15%, list=8%, signal=16%	
REACTOME_NOTCH2_ACTIVATION_AND_TRANSMISSION_OF_SIGNAL_TO_THE_NUCLEUS	REACTOME_NOTCH2_ACTIVATION_AND_TRANSMISSION_OF_SIGNAL_TO_THE_NUCLEUS		24	-0.18877552	-0.6396214	0.9341177	1.0	1.0	3225	tags=29%, list=21%, signal=37%	
OUYANG_PROSTATE_CANCER_PROGRESSION_UP	OUYANG_PROSTATE_CANCER_PROGRESSION_UP		17	-0.20654623	-0.6393751	0.9223947	1.0	1.0	4003	tags=35%, list=26%, signal=48%	
REACTOME_TP53_REGULATES_METABOLIC_GENES	REACTOME_TP53_REGULATES_METABOLIC_GENES		72	-0.14246465	-0.6386059	0.9872449	1.0	1.0	4308	tags=26%, list=29%, signal=37%	
REACTOME_VEGFR2_MEDIATED_CELL_PROLIFERATION	REACTOME_VEGFR2_MEDIATED_CELL_PROLIFERATION		18	-0.20164268	-0.63784	0.95248866	1.0	1.0	2536	tags=17%, list=17%, signal=20%	
THUM_MIR21_TARGETS_HEART_DISEASE_UP	THUM_MIR21_TARGETS_HEART_DISEASE_UP		17	-0.20598075	-0.6360704	0.9295154	1.0	1.0	4685	tags=41%, list=31%, signal=60%	
KEGG_MEDICUS_VARIANT_MUTATION_ACTIVATED_CACNA1D_H_TO_ANGIOTENSIN_ALDOSTERONE_SIGNALING_PATHWAY	KEGG_MEDICUS_VARIANT_MUTATION_ACTIVATED_CACNA1D_H_TO_ANGIOTENSIN_ALDOSTERONE_SIGNALING_PATHWAY		20	-0.19714929	-0.63535506	0.93126386	1.0	1.0	3744	tags=30%, list=25%, signal=40%	
WANG_TARGETS_OF_MLL_CBP_FUSION_DN	WANG_TARGETS_OF_MLL_CBP_FUSION_DN		40	-0.15993723	-0.6352634	0.9799499	1.0	1.0	3341	tags=25%, list=22%, signal=32%	
KYNG_ENVIRONMENTAL_STRESS_RESPONSE_UP	KYNG_ENVIRONMENTAL_STRESS_RESPONSE_UP		49	-0.15333854	-0.6350178	0.97590363	1.0	1.0	4653	tags=35%, list=31%, signal=50%	
REACTOME_FORMATION_OF_INCISION_COMPLEX_IN_GG_NER	REACTOME_FORMATION_OF_INCISION_COMPLEX_IN_GG_NER		39	-0.16157176	-0.6349752	0.98039216	1.0	1.0	3	tags=3%, list=0%, signal=3%	
HOLLEMAN_VINCRISTINE_RESISTANCE_ALL_UP	HOLLEMAN_VINCRISTINE_RESISTANCE_ALL_UP		26	-0.18137823	-0.6345078	0.9534368	1.0	1.0	3778	tags=31%, list=25%, signal=41%	
KYNG_RESPONSE_TO_H2O2_VIA_ERCC6_UP	KYNG_RESPONSE_TO_H2O2_VIA_ERCC6_UP		34	-0.17201146	-0.6342292	0.9609756	1.0	1.0	2505	tags=21%, list=17%, signal=25%	
LIANG_HEMATOPOIESIS_STEM_CELL_NUMBER_LARGE_VS_TINY_UP	LIANG_HEMATOPOIESIS_STEM_CELL_NUMBER_LARGE_VS_TINY_UP		38	-0.16643669	-0.6337154	0.97512436	1.0	1.0	2708	tags=18%, list=18%, signal=22%	
KEGG_MEDICUS_VARIANT_MUTATION_INACTIVATED_ATP1A1_TO_ANGIOTENSIN_ALDOSTERONE_SIGNALING_PATHWAY	KEGG_MEDICUS_VARIANT_MUTATION_INACTIVATED_ATP1A1_TO_ANGIOTENSIN_ALDOSTERONE_SIGNALING_PATHWAY		21	-0.19096476	-0.6335259	0.92743766	1.0	1.0	3744	tags=29%, list=25%, signal=38%	
KEGG_MEDICUS_VARIANT_MUTATION_INACTIVATED_ATP2B3_TO_ANGIOTENSIN_ALDOSTERONE_SIGNALING_PATHWAY	KEGG_MEDICUS_VARIANT_MUTATION_INACTIVATED_ATP2B3_TO_ANGIOTENSIN_ALDOSTERONE_SIGNALING_PATHWAY		20	-0.1897614	-0.6292234	0.94186044	1.0	1.0	3744	tags=30%, list=25%, signal=40%	
KEGG_PARKINSONS_DISEASE	KEGG_PARKINSONS_DISEASE		111	-0.13055013	-0.6288695	0.99701494	1.0	1.0	4771	tags=32%, list=32%, signal=46%	
REACTOME_RUNX2_REGULATES_BONE_DEVELOPMENT	REACTOME_RUNX2_REGULATES_BONE_DEVELOPMENT		28	-0.17569883	-0.6286652	0.9595238	1.0	1.0	4552	tags=36%, list=30%, signal=51%	
KEGG_MEDICUS_REFERENCE_ACTIVATION_OF_PRC2.2_BY_UBIQUITINATION_OF_H2AK119_IN_GERMLINE_GENES	KEGG_MEDICUS_REFERENCE_ACTIVATION_OF_PRC2.2_BY_UBIQUITINATION_OF_H2AK119_IN_GERMLINE_GENES		20	-0.19528899	-0.62847686	0.94183445	1.0	1.0	1042	tags=10%, list=7%, signal=11%	
MANN_RESPONSE_TO_AMIFOSTINE_UP	MANN_RESPONSE_TO_AMIFOSTINE_UP		15	-0.21182272	-0.62834746	0.9280899	1.0	1.0	1484	tags=13%, list=10%, signal=15%	
NUMATA_CSF3_SIGNALING_VIA_STAT3	NUMATA_CSF3_SIGNALING_VIA_STAT3		16	-0.20181987	-0.62705266	0.95011336	1.0	1.0	4873	tags=38%, list=32%, signal=55%	
REACTOME_MITOTIC_SPINDLE_CHECKPOINT	REACTOME_MITOTIC_SPINDLE_CHECKPOINT		103	-0.13222793	-0.6268965	0.9888268	1.0	1.0	2400	tags=14%, list=16%, signal=16%	
WP_DEVELOPMENT_OF_URETERIC_DERIVED_COLLECTING_SYSTEM	WP_DEVELOPMENT_OF_URETERIC_DERIVED_COLLECTING_SYSTEM		45	-0.15553525	-0.6268159	0.99022007	1.0	1.0	3349	tags=22%, list=22%, signal=28%	
REACTOME_DEPOSITION_OF_NEW_CENPA_CONTAINING_NUCLEOSOMES_AT_THE_CENTROMERE	REACTOME_DEPOSITION_OF_NEW_CENPA_CONTAINING_NUCLEOSOMES_AT_THE_CENTROMERE		50	-0.15211898	-0.62565005	0.99520385	1.0	1.0	3510	tags=24%, list=23%, signal=31%	
REACTOME_REGULATION_OF_PTEN_STABILITY_AND_ACTIVITY	REACTOME_REGULATION_OF_PTEN_STABILITY_AND_ACTIVITY		51	-0.15218347	-0.62536377	0.9870801	1.0	1.0	2526	tags=16%, list=17%, signal=19%	
NAM_FXYD5_TARGETS_DN	NAM_FXYD5_TARGETS_DN		16	-0.20491587	-0.6244233	0.94078946	1.0	1.0	12018	tags=100%, list=80%, signal=488%	
CHARAFE_BREAST_CANCER_LUMINAL_VS_MESENCHYMAL_DN	CHARAFE_BREAST_CANCER_LUMINAL_VS_MESENCHYMAL_DN		422	-0.10806421	-0.62329507	1.0	1.0	1.0	2527	tags=14%, list=17%, signal=17%	
WALLACE_JAK2_TARGETS_UP	WALLACE_JAK2_TARGETS_UP		21	-0.19158556	-0.6226568	0.9325301	1.0	1.0	3858	tags=29%, list=26%, signal=38%	
REACTOME_RUNX2_REGULATES_OSTEOBLAST_DIFFERENTIATION	REACTOME_RUNX2_REGULATES_OSTEOBLAST_DIFFERENTIATION		22	-0.18805203	-0.6217978	0.94634145	1.0	1.0	4218	tags=36%, list=28%, signal=50%	
DORN_ADENOVIRUS_INFECTION_24HR_DN	DORN_ADENOVIRUS_INFECTION_24HR_DN		38	-0.1591175	-0.62032855	0.96907216	1.0	1.0	2235	tags=16%, list=15%, signal=18%	
PID_PI3KCI_PATHWAY	PID_PI3KCI_PATHWAY		38	-0.15987122	-0.6203104	0.97066015	1.0	1.0	2536	tags=16%, list=17%, signal=19%	
REACTOME_SUMOYLATION_OF_SUMOYLATION_PROTEINS	REACTOME_SUMOYLATION_OF_SUMOYLATION_PROTEINS		33	-0.16530669	-0.619402	0.98578197	1.0	1.0	2862	tags=21%, list=19%, signal=26%	
REACTOME_NUCLEAR_ENVELOPE_NE_REASSEMBLY	REACTOME_NUCLEAR_ENVELOPE_NE_REASSEMBLY		60	-0.14480424	-0.61645246	0.99266505	1.0	1.0	1089	tags=8%, list=7%, signal=9%	
WP_BMP_SIGNALING_IN_EYELID_DEVELOPMENT	WP_BMP_SIGNALING_IN_EYELID_DEVELOPMENT		18	-0.19558711	-0.61594605	0.963964	1.0	1.0	1111	tags=11%, list=7%, signal=12%	
REACTOME_MITOCHONDRIAL_BIOGENESIS	REACTOME_MITOCHONDRIAL_BIOGENESIS		90	-0.13187838	-0.6157167	0.98933333	1.0	1.0	3542	tags=26%, list=23%, signal=33%	
LY_AGING_OLD_DN	LY_AGING_OLD_DN		50	-0.14967191	-0.61440897	0.9908257	1.0	1.0	5336	tags=36%, list=35%, signal=55%	
AMIT_EGF_RESPONSE_120_MCF10A	AMIT_EGF_RESPONSE_120_MCF10A		37	-0.15833582	-0.6130934	0.97243106	1.0	1.0	3778	tags=27%, list=25%, signal=36%	
REACTOME_GENERATION_OF_SECOND_MESSENGER_MOLECULES	REACTOME_GENERATION_OF_SECOND_MESSENGER_MOLECULES		25	-0.17890666	-0.6124196	0.96728975	1.0	1.0	3766	tags=32%, list=25%, signal=43%	
DUNNE_TARGETS_OF_AML1_MTG8_FUSION_DN	DUNNE_TARGETS_OF_AML1_MTG8_FUSION_DN		16	-0.20058933	-0.61091906	0.95704055	1.0	1.0	1079	tags=13%, list=7%, signal=13%	
MITSIADES_RESPONSE_TO_APLIDIN_DN	MITSIADES_RESPONSE_TO_APLIDIN_DN		230	-0.11225115	-0.6097118	1.0	1.0	1.0	5246	tags=33%, list=35%, signal=51%	
FLECHNER_PBL_KIDNEY_TRANSPLANT_OK_VS_DONOR_DN	FLECHNER_PBL_KIDNEY_TRANSPLANT_OK_VS_DONOR_DN		33	-0.16461241	-0.60580015	0.9769053	1.0	1.0	4683	tags=33%, list=31%, signal=48%	
KEGG_MEDICUS_REFERENCE_DISASSEMBLY_OF_MCC	KEGG_MEDICUS_REFERENCE_DISASSEMBLY_OF_MCC		17	-0.19571987	-0.6056727	0.96912116	1.0	1.0	12157	tags=100%, list=80%, signal=511%	
YAGI_AML_RELAPSE_PROGNOSIS	YAGI_AML_RELAPSE_PROGNOSIS		33	-0.16234562	-0.60523903	0.9851485	1.0	1.0	3268	tags=21%, list=22%, signal=27%	
BIOCARTA_CARDIACEGF_PATHWAY	BIOCARTA_CARDIACEGF_PATHWAY		15	-0.20655923	-0.605057	0.9600887	1.0	1.0	4553	tags=53%, list=30%, signal=76%	
KEGG_MEDICUS_PATHOGEN_HTLV_1_TAX_TO_SPINDLE_ASSEMBLY_CHECKPOINT_SIGNALING	KEGG_MEDICUS_PATHOGEN_HTLV_1_TAX_TO_SPINDLE_ASSEMBLY_CHECKPOINT_SIGNALING		15	-0.19569393	-0.60280585	0.9562363	1.0	1.0	12157	tags=100%, list=80%, signal=511%	
KEGG_MEDICUS_PATHOGEN_SALMONELLA_SOPE_TO_RAC_SIGNALING_PATHWAY	KEGG_MEDICUS_PATHOGEN_SALMONELLA_SOPE_TO_RAC_SIGNALING_PATHWAY		20	-0.18038656	-0.5983316	0.9484305	1.0	1.0	158	tags=5%, list=1%, signal=5%	
LI_PROSTATE_CANCER_EPIGENETIC	LI_PROSTATE_CANCER_EPIGENETIC		28	-0.16996945	-0.59830683	0.96287704	1.0	1.0	2830	tags=21%, list=19%, signal=26%	
REACTOME_RHOBTB2_GTPASE_CYCLE	REACTOME_RHOBTB2_GTPASE_CYCLE		20	-0.17852437	-0.5977716	0.9671773	1.0	1.0	3318	tags=25%, list=22%, signal=32%	
CROONQUIST_NRAS_VS_STROMAL_STIMULATION_DN	CROONQUIST_NRAS_VS_STROMAL_STIMULATION_DN		81	-0.13035142	-0.5955547	0.99752474	1.0	1.0	3327	tags=19%, list=22%, signal=24%	
REACTOME_TRANSCRIPTION_OF_E2F_TARGETS_UNDER_NEGATIVE_CONTROL_BY_P107_RBL1_AND_P130_RBL2_IN_COMPLEX_WITH_HDAC1	REACTOME_TRANSCRIPTION_OF_E2F_TARGETS_UNDER_NEGATIVE_CONTROL_BY_P107_RBL1_AND_P130_RBL2_IN_COMPLEX_WITH_HDAC1		15	-0.19660442	-0.5951226	0.95154184	1.0	1.0	1756	tags=13%, list=12%, signal=15%	
PID_P38_MK2_PATHWAY	PID_P38_MK2_PATHWAY		18	-0.18601948	-0.5918569	0.95477384	1.0	1.0	3978	tags=39%, list=26%, signal=53%	
KARLSSON_TGFB1_TARGETS_UP	KARLSSON_TGFB1_TARGETS_UP		112	-0.1197484	-0.5864599	1.0	1.0	1.0	4538	tags=28%, list=30%, signal=39%	
LI_WILMS_TUMOR_VS_FETAL_KIDNEY_1_DN	LI_WILMS_TUMOR_VS_FETAL_KIDNEY_1_DN		155	-0.11402429	-0.58543956	1.0	1.0	1.0	4610	tags=26%, list=31%, signal=38%	
REACTOME_TRANSPORT_OF_MATURE_MRNAS_DERIVED_FROM_INTRONLESS_TRANSCRIPTS	REACTOME_TRANSPORT_OF_MATURE_MRNAS_DERIVED_FROM_INTRONLESS_TRANSCRIPTS		41	-0.15036762	-0.58404887	0.99007446	1.0	1.0	2686	tags=17%, list=18%, signal=21%	
ZHAN_MULTIPLE_MYELOMA_SUBGROUPS	ZHAN_MULTIPLE_MYELOMA_SUBGROUPS		28	-0.16540025	-0.58396816	0.9813084	1.0	1.0	5244	tags=43%, list=35%, signal=66%	
SCHLINGEMANN_SKIN_CARCINOGENESIS_TPA_DN	SCHLINGEMANN_SKIN_CARCINOGENESIS_TPA_DN		21	-0.17826283	-0.5794549	0.96948355	1.0	1.0	5194	tags=43%, list=34%, signal=65%	
REACTOME_APC_C_CDC20_MEDIATED_DEGRADATION_OF_CYCLIN_B	REACTOME_APC_C_CDC20_MEDIATED_DEGRADATION_OF_CYCLIN_B		24	-0.17025428	-0.57590747	0.9809976	1.0	1.0	4075	tags=29%, list=27%, signal=40%	
GARGALOVIC_RESPONSE_TO_OXIDIZED_PHOSPHOLIPIDS_RED_DN	GARGALOVIC_RESPONSE_TO_OXIDIZED_PHOSPHOLIPIDS_RED_DN		24	-0.16479436	-0.5747126	0.9809069	1.0	1.0	3944	tags=33%, list=26%, signal=45%	
KAPOSI_LIVER_CANCER_MET_UP	KAPOSI_LIVER_CANCER_MET_UP		18	-0.18223444	-0.574226	0.96651787	1.0	1.0	4033	tags=28%, list=27%, signal=38%	
REACTOME_NUCLEAR_SIGNALING_BY_ERBB4	REACTOME_NUCLEAR_SIGNALING_BY_ERBB4		26	-0.16233683	-0.57377076	0.9809069	1.0	1.0	3626	tags=27%, list=24%, signal=35%	
KYNG_ENVIRONMENTAL_STRESS_RESPONSE_NOT_BY_4NQO_IN_WS	KYNG_ENVIRONMENTAL_STRESS_RESPONSE_NOT_BY_4NQO_IN_WS		36	-0.14639491	-0.57372046	0.9877751	1.0	1.0	4883	tags=36%, list=32%, signal=53%	
REACTOME_PHOSPHORYLATION_OF_THE_APC_C	REACTOME_PHOSPHORYLATION_OF_THE_APC_C		20	-0.1767187	-0.573421	0.96902657	1.0	1.0	4075	tags=30%, list=27%, signal=41%	
REACTOME_CLASS_I_PEROXISOMAL_MEMBRANE_PROTEIN_IMPORT	REACTOME_CLASS_I_PEROXISOMAL_MEMBRANE_PROTEIN_IMPORT		20	-0.17640422	-0.5719127	0.9704546	1.0	1.0	4708	tags=45%, list=31%, signal=65%	
CHESLER_BRAIN_HIGHEST_GENETIC_VARIANCE	CHESLER_BRAIN_HIGHEST_GENETIC_VARIANCE		30	-0.15755968	-0.57026607	0.98762375	1.0	1.0	12735	tags=100%, list=84%, signal=635%	
REACTOME_GLYCOGEN_METABOLISM	REACTOME_GLYCOGEN_METABOLISM		23	-0.16637023	-0.56745666	0.9824176	1.0	1.0	1850	tags=13%, list=12%, signal=15%	
CHOW_RASSF1_TARGETS_UP	CHOW_RASSF1_TARGETS_UP		24	-0.1657594	-0.56677735	0.98806685	1.0	1.0	3193	tags=25%, list=21%, signal=32%	
LI_ESTROGENE_NON_MCF7_T47D_E2_RESPONSE_UP	LI_ESTROGENE_NON_MCF7_T47D_E2_RESPONSE_UP		15	-0.18725483	-0.5667062	0.97949886	0.99956656	1.0	2449	tags=20%, list=16%, signal=24%	
REACTOME_SEALING_OF_THE_NUCLEAR_ENVELOPE_NE_BY_ESCRT_III	REACTOME_SEALING_OF_THE_NUCLEAR_ENVELOPE_NE_BY_ESCRT_III		21	-0.16902709	-0.5660926	0.98868775	0.9992121	1.0	4024	tags=33%, list=27%, signal=45%	
CERIBELLI_GENES_INACTIVE_AND_BOUND_BY_NFY	CERIBELLI_GENES_INACTIVE_AND_BOUND_BY_NFY		23	-0.16616695	-0.56179553	0.9755501	0.99950755	1.0	4642	tags=39%, list=31%, signal=56%	
VERRECCHIA_RESPONSE_TO_TGFB1_C5	VERRECCHIA_RESPONSE_TO_TGFB1_C5		19	-0.17481928	-0.56051725	0.96583146	0.9992678	1.0	2176	tags=16%, list=14%, signal=18%	
REACTOME_TRNA_AMINOACYLATION	REACTOME_TRNA_AMINOACYLATION		41	-0.14165434	-0.55718184	0.9975309	0.99933857	1.0	4225	tags=27%, list=28%, signal=37%	
REACTOME_RESPIRATORY_ELECTRON_TRANSPORT	REACTOME_RESPIRATORY_ELECTRON_TRANSPORT		147	-0.110641286	-0.5567178	1.0	0.99894565	1.0	4771	tags=29%, list=32%, signal=42%	
WP_ELECTRON_TRANSPORT_CHAIN_OXPHOS_SYSTEM_IN_MITOCHONDRIA	WP_ELECTRON_TRANSPORT_CHAIN_OXPHOS_SYSTEM_IN_MITOCHONDRIA		94	-0.11612438	-0.5541345	1.0	0.99887896	1.0	4771	tags=29%, list=32%, signal=42%	
FARMER_BREAST_CANCER_CLUSTER_2	FARMER_BREAST_CANCER_CLUSTER_2		33	-0.14708172	-0.55187964	0.99242425	0.99876	1.0	2871	tags=15%, list=19%, signal=19%	
KEGG_MEDICUS_REFERENCE_COHESIN_DISSOCIATION_IN_PROPHASE	KEGG_MEDICUS_REFERENCE_COHESIN_DISSOCIATION_IN_PROPHASE		15	-0.18224578	-0.5500565	0.973747	0.9985582	1.0	12360	tags=100%, list=82%, signal=549%	
WP_PURINE_METABOLISM_AND_RELATED_DISORDERS	WP_PURINE_METABOLISM_AND_RELATED_DISORDERS		21	-0.16739294	-0.5440024	0.9886105	0.9989225	1.0	4253	tags=33%, list=28%, signal=46%	
HOWLIN_CITED1_TARGETS_1_DN	HOWLIN_CITED1_TARGETS_1_DN		36	-0.1430355	-0.53968453	0.99757284	0.9990222	1.0	2002	tags=14%, list=13%, signal=16%	
OUELLET_CULTURED_OVARIAN_CANCER_INVASIVE_VS_LMP_DN	OUELLET_CULTURED_OVARIAN_CANCER_INVASIVE_VS_LMP_DN		25	-0.15332577	-0.53871965	0.9954233	0.9986702	1.0	3400	tags=20%, list=23%, signal=26%	
SA_B_CELL_RECEPTOR_COMPLEXES	SA_B_CELL_RECEPTOR_COMPLEXES		19	-0.16568962	-0.5346267	0.9954128	0.99872994	1.0	246	tags=5%, list=2%, signal=5%	
SEIDEN_MET_SIGNALING	SEIDEN_MET_SIGNALING		19	-0.16187172	-0.5261725	0.98444444	0.99920774	1.0	5610	tags=53%, list=37%, signal=84%	
WP_EXERCISE_AND_HYPERTROPHY_IN_SKELETAL_MUSCLE	WP_EXERCISE_AND_HYPERTROPHY_IN_SKELETAL_MUSCLE		17	-0.1695453	-0.52366406	0.9822222	0.99899495	1.0	4479	tags=29%, list=30%, signal=42%	
SCIAN_INVERSED_TARGETS_OF_TP53_AND_TP73_DN	SCIAN_INVERSED_TARGETS_OF_TP53_AND_TP73_DN		25	-0.14797504	-0.5160276	0.99550563	0.9991997	1.0	3206	tags=20%, list=21%, signal=25%	
DI_MARTINO_MATRISOME_HIGHLY_PROLIFERATIVE_HNSCC	DI_MARTINO_MATRISOME_HIGHLY_PROLIFERATIVE_HNSCC		25	-0.1481588	-0.5097888	0.99759036	0.9992441	1.0	4248	tags=28%, list=28%, signal=39%	
REACTOME_INHIBITION_OF_THE_PROTEOLYTIC_ACTIVITY_OF_APC_C_REQUIRED_FOR_THE_ONSET_OF_ANAPHASE_BY_MITOTIC_SPINDLE_CHECKPOINT_COMPONENTS	REACTOME_INHIBITION_OF_THE_PROTEOLYTIC_ACTIVITY_OF_APC_C_REQUIRED_FOR_THE_ONSET_OF_ANAPHASE_BY_MITOTIC_SPINDLE_CHECKPOINT_COMPONENTS		21	-0.1515415	-0.49903238	0.9935622	0.9995083	1.0	4075	tags=29%, list=27%, signal=39%	
KEGG_MEDICUS_REFERENCE_MICROTUBULE_NUCLEATION	KEGG_MEDICUS_REFERENCE_MICROTUBULE_NUCLEATION		22	-0.14594068	-0.49890086	0.9956989	0.9990522	1.0	3110	tags=18%, list=21%, signal=23%	
REACTOME_POLO_LIKE_KINASE_MEDIATED_EVENTS	REACTOME_POLO_LIKE_KINASE_MEDIATED_EVENTS		15	-0.16639033	-0.49035126	0.9865471	0.9991174	1.0	1756	tags=13%, list=12%, signal=15%	
REACTOME_APC_CDC20_MEDIATED_DEGRADATION_OF_NEK2A	REACTOME_APC_CDC20_MEDIATED_DEGRADATION_OF_NEK2A		26	-0.14086173	-0.48862362	0.99531615	0.9987412	1.0	4075	tags=27%, list=27%, signal=37%	
MOREAUX_B_LYMPHOCYTE_MATURATION_BY_TACI_DN	MOREAUX_B_LYMPHOCYTE_MATURATION_BY_TACI_DN		71	-0.110201694	-0.48553088	1.0	0.9984264	1.0	4988	tags=31%, list=33%, signal=46%	
NABA_MATRISOME_POORLY_METASTATIC_MELANOMA	NABA_MATRISOME_POORLY_METASTATIC_MELANOMA		34	-0.12271159	-0.45833263	1.0	0.99899083	1.0	13261	tags=100%, list=88%, signal=815%	
