NAME	ORIGINAL SIZE	AFTER RESTRICTING TO DATASET	STATUS	
GOBP_10_FORMYLTETRAHYDROFOLATE_METABOLIC_PROCESS	6		Rejected!	
GOBP_2FE_2S_CLUSTER_ASSEMBLY	11		Rejected!	
GOBP_2_OXOGLUTARATE_METABOLIC_PROCESS	18	18		
GOBP_3_UTR_MEDIATED_MRNA_DESTABILIZATION	19	16		
GOBP_3_UTR_MEDIATED_MRNA_STABILIZATION	29	19		
GOBP_4FE_4S_CLUSTER_ASSEMBLY	5		Rejected!	
GOBP_4_HYDROXYPROLINE_METABOLIC_PROCESS	6		Rejected!	
GOBP_5S_CLASS_RRNA_TRANSCRIPTION_BY_RNA_POLYMERASE_III	6		Rejected!	
GOBP_5_PHOSPHORIBOSE_1_DIPHOSPHATE_METABOLIC_PROCESS	5		Rejected!	
GOBP_7_METHYLGUANOSINE_CAP_HYPERMETHYLATION	8		Rejected!	
GOBP_7_METHYLGUANOSINE_RNA_CAPPING	8		Rejected!	
GOBP_ACETATE_ESTER_METABOLIC_PROCESS	7		Rejected!	
GOBP_ACETATE_ESTER_TRANSPORT	9		Rejected!	
GOBP_ACETYLCHOLINE_SECRETION	5		Rejected!	
GOBP_ACETYL_COA_BIOSYNTHETIC_PROCESS	21	17		
GOBP_ACETYL_COA_METABOLIC_PROCESS	37	31		
GOBP_ACIDIC_AMINO_ACID_TRANSPORT	73	64		
GOBP_ACID_SECRETION	42	33		
GOBP_ACINAR_CELL_DIFFERENTIATION	5		Rejected!	
GOBP_ACROSOMAL_VESICLE_EXOCYTOSIS	9		Rejected!	
GOBP_ACROSOME_ASSEMBLY	38	25		
GOBP_ACROSOME_REACTION	43	25		
GOBP_ACTIN_CROSSLINK_FORMATION	14		Rejected!	
GOBP_ACTIN_FILAMENT_BASED_MOVEMENT	146	107		
GOBP_ACTIN_FILAMENT_BASED_PROCESS	842		Rejected!	
GOBP_ACTIN_FILAMENT_BASED_TRANSPORT	8		Rejected!	
GOBP_ACTIN_FILAMENT_BUNDLE_ORGANIZATION	174	146		
GOBP_ACTIN_FILAMENT_DEPOLYMERIZATION	60	53		
GOBP_ACTIN_FILAMENT_NETWORK_FORMATION	9		Rejected!	
GOBP_ACTIN_FILAMENT_ORGANIZATION	467	399		
GOBP_ACTIN_FILAMENT_POLYMERIZATION	157	140		
GOBP_ACTIN_FILAMENT_SEVERING	17	16		
GOBP_ACTIN_MEDIATED_CELL_CONTRACTION	123	86		
GOBP_ACTIN_MYOSIN_FILAMENT_SLIDING	19		Rejected!	
GOBP_ACTIN_NUCLEATION	58	52		
GOBP_ACTIN_POLYMERIZATION_DEPENDENT_CELL_MOTILITY	7		Rejected!	
GOBP_ACTIN_POLYMERIZATION_OR_DEPOLYMERIZATION	187	167		
GOBP_ACTION_POTENTIAL	179	145		
GOBP_ACTION_POTENTIAL_PROPAGATION	12		Rejected!	
GOBP_ACTIVATED_T_CELL_PROLIFERATION	51	36		
GOBP_ACTIVATION_INDUCED_CELL_DEATH_OF_T_CELLS	10		Rejected!	
GOBP_ACTIVATION_OF_ADENYLATE_CYCLASE_ACTIVITY	15		Rejected!	
GOBP_ACTIVATION_OF_GTPASE_ACTIVITY	24	23		
GOBP_ACTIVATION_OF_IMMUNE_RESPONSE	621	450		
GOBP_ACTIVATION_OF_INNATE_IMMUNE_RESPONSE	341	261		
GOBP_ACTIVATION_OF_MEIOSIS	6		Rejected!	
GOBP_ACTIVATION_OF_NF_KAPPAB_INDUCING_KINASE_ACTIVITY	10		Rejected!	
GOBP_ACTIVATION_OF_PROTEIN_KINASE_ACTIVITY	41	35		
GOBP_ACTIVATION_OF_PROTEIN_KINASE_B_ACTIVITY	8		Rejected!	
GOBP_ACTIVATION_OF_STORE_OPERATED_CALCIUM_CHANNEL_ACTIVITY	5		Rejected!	
GOBP_ACTIVIN_RECEPTOR_SIGNALING_PATHWAY	54	41		
GOBP_ACTOMYOSIN_CONTRACTILE_RING_ORGANIZATION	10		Rejected!	
GOBP_ACTOMYOSIN_STRUCTURE_ORGANIZATION	216	177		
GOBP_ACUTE_INFLAMMATORY_RESPONSE	112	68		
GOBP_ACUTE_INFLAMMATORY_RESPONSE_TO_ANTIGENIC_STIMULUS	32	17		
GOBP_ACUTE_PHASE_RESPONSE	47	30		
GOBP_ACYLGLYCEROL_HOMEOSTASIS	48	30		
GOBP_ACYLGLYCEROL_TRANSPORT	8		Rejected!	
GOBP_ACYL_COA_METABOLIC_PROCESS	100	82		
GOBP_ADAPTIVE_IMMUNE_MEMORY_RESPONSE	7		Rejected!	
GOBP_ADAPTIVE_IMMUNE_RESPONSE	765	327		
GOBP_ADAPTIVE_IMMUNE_RESPONSE_BASED_ON_SOMATIC_RECOMBINATION_OF_IMMUNE_RECEPTORS_BUILT_FROM_IMMUNOGLOBULIN_SUPERFAMILY_DOMAINS	390	236		
GOBP_ADAPTIVE_THERMOGENESIS	169	141		
GOBP_ADENINE_TRANSPORT	6		Rejected!	
GOBP_ADENOHYPOPHYSIS_DEVELOPMENT	16		Rejected!	
GOBP_ADENOSINE_METABOLIC_PROCESS	11		Rejected!	
GOBP_ADENOSINE_TO_INOSINE_EDITING	6		Rejected!	
GOBP_ADENOSINE_TRANSPORT	5		Rejected!	
GOBP_ADENYLATE_CYCLASE_ACTIVATING_ADRENERGIC_RECEPTOR_SIGNALING_PATHWAY	20	18		
GOBP_ADENYLATE_CYCLASE_ACTIVATING_DOPAMINE_RECEPTOR_SIGNALING_PATHWAY	11		Rejected!	
GOBP_ADENYLATE_CYCLASE_ACTIVATING_G_PROTEIN_COUPLED_RECEPTOR_SIGNALING_PATHWAY	190	140		
GOBP_ADENYLATE_CYCLASE_ACTIVATING_SEROTONIN_RECEPTOR_SIGNALING_PATHWAY	5		Rejected!	
GOBP_ADENYLATE_CYCLASE_INHIBITING_DOPAMINE_RECEPTOR_SIGNALING_PATHWAY	6		Rejected!	
GOBP_ADENYLATE_CYCLASE_INHIBITING_G_PROTEIN_COUPLED_ACETYLCHOLINE_RECEPTOR_SIGNALING_PATHWAY	8		Rejected!	
GOBP_ADENYLATE_CYCLASE_INHIBITING_G_PROTEIN_COUPLED_GLUTAMATE_RECEPTOR_SIGNALING_PATHWAY	9		Rejected!	
GOBP_ADENYLATE_CYCLASE_INHIBITING_G_PROTEIN_COUPLED_RECEPTOR_SIGNALING_PATHWAY	87	70		
GOBP_ADENYLATE_CYCLASE_INHIBITING_SEROTONIN_RECEPTOR_SIGNALING_PATHWAY	10		Rejected!	
GOBP_ADENYLATE_CYCLASE_MODULATING_G_PROTEIN_COUPLED_RECEPTOR_SIGNALING_PATHWAY	279	209		
GOBP_ADHERENS_JUNCTION_ASSEMBLY	15		Rejected!	
GOBP_ADHERENS_JUNCTION_MAINTENANCE	7		Rejected!	
GOBP_ADHERENS_JUNCTION_ORGANIZATION	59	53		
GOBP_ADHESION_OF_SYMBIONT_TO_HOST	15		Rejected!	
GOBP_ADHESION_OF_SYMBIONT_TO_HOST_CELL	11		Rejected!	
GOBP_ADIPONECTIN_ACTIVATED_SIGNALING_PATHWAY	8		Rejected!	
GOBP_ADIPOSE_TISSUE_DEVELOPMENT	70	55		
GOBP_ADP_BIOSYNTHETIC_PROCESS	5		Rejected!	
GOBP_ADP_TRANSPORT	12		Rejected!	
GOBP_ADRENAL_GLAND_DEVELOPMENT	27	22		
GOBP_ADRENERGIC_RECEPTOR_SIGNALING_PATHWAY	33	25		
GOBP_ADRENOMEDULLIN_RECEPTOR_SIGNALING_PATHWAY	5		Rejected!	
GOBP_ADULT_BEHAVIOR	154	127		
GOBP_ADULT_FEEDING_BEHAVIOR	10		Rejected!	
GOBP_ADULT_HEART_DEVELOPMENT	14		Rejected!	
GOBP_ADULT_LOCOMOTORY_BEHAVIOR	85	71		
GOBP_AEROBIC_RESPIRATION	198	171		
GOBP_AGGREPHAGY	18	18		
GOBP_AGGRESOME_ASSEMBLY	6		Rejected!	
GOBP_AGGRESSIVE_BEHAVIOR	9		Rejected!	
GOBP_AIM2_INFLAMMASOME_COMPLEX_ASSEMBLY	7		Rejected!	
GOBP_ALANINE_METABOLIC_PROCESS	5		Rejected!	
GOBP_ALANINE_TRANSPORT	18		Rejected!	
GOBP_ALCOHOL_BIOSYNTHETIC_PROCESS	150	120		
GOBP_ALCOHOL_CATABOLIC_PROCESS	38	29		
GOBP_ALCOHOL_METABOLIC_PROCESS	369	278		
GOBP_ALDEHYDE_BIOSYNTHETIC_PROCESS	18	15		
GOBP_ALDEHYDE_CATABOLIC_PROCESS	14		Rejected!	
GOBP_ALDEHYDE_METABOLIC_PROCESS	76	63		
GOBP_ALDITOL_BIOSYNTHETIC_PROCESS	5		Rejected!	
GOBP_ALDITOL_CATABOLIC_PROCESS	7		Rejected!	
GOBP_ALDITOL_METABOLIC_PROCESS	22	16		
GOBP_ALDITOL_PHOSPHATE_METABOLIC_PROCESS	10		Rejected!	
GOBP_ALDOSTERONE_SECRETION	8		Rejected!	
GOBP_ALKALOID_METABOLIC_PROCESS	6		Rejected!	
GOBP_ALKANESULFONATE_METABOLIC_PROCESS	10		Rejected!	
GOBP_ALKANESULFONATE_TRANSMEMBRANE_TRANSPORT	8		Rejected!	
GOBP_ALLANTOIN_METABOLIC_PROCESS	10		Rejected!	
GOBP_ALPHA_AMINO_ACID_BIOSYNTHETIC_PROCESS	55	45		
GOBP_ALPHA_AMINO_ACID_METABOLIC_PROCESS	201	162		
GOBP_ALPHA_BETA_T_CELL_ACTIVATION	204	132		
GOBP_ALPHA_BETA_T_CELL_DIFFERENTIATION	140	96		
GOBP_ALPHA_BETA_T_CELL_PROLIFERATION	47	29		
GOBP_ALPHA_KETOGLUTARATE_TRANSPORT	7		Rejected!	
GOBP_ALPHA_LINOLENIC_ACID_METABOLIC_PROCESS	16	16		
GOBP_ALTERNATIVE_MRNA_SPLICING_VIA_SPLICEOSOME	78	70		
GOBP_AMACRINE_CELL_DIFFERENTIATION	13		Rejected!	
GOBP_AMEBOIDAL_TYPE_CELL_MIGRATION	257	216		
GOBP_AMELOBLAST_DIFFERENTIATION	8		Rejected!	
GOBP_AMELOGENESIS	27	18		
GOBP_AMIDE_BIOSYNTHETIC_PROCESS	176	146		
GOBP_AMIDE_CATABOLIC_PROCESS	17		Rejected!	
GOBP_AMIDE_METABOLIC_PROCESS	493	388		
GOBP_AMIDE_TRANSPORT	338	273		
GOBP_AMINE_BIOSYNTHETIC_PROCESS	42	31		
GOBP_AMINE_CATABOLIC_PROCESS	22	17		
GOBP_AMINE_METABOLIC_PROCESS	114	90		
GOBP_AMINE_TRANSPORT	90	69		
GOBP_AMINOACYL_TRNA_METABOLISM_INVOLVED_IN_TRANSLATIONAL_FIDELITY	13		Rejected!	
GOBP_AMINOGLYCAN_BIOSYNTHETIC_PROCESS	54	48		
GOBP_AMINOGLYCAN_CATABOLIC_PROCESS	32	24		
GOBP_AMINOGLYCAN_METABOLIC_PROCESS	98	84		
GOBP_AMINOGLYCOSIDE_ANTIBIOTIC_METABOLIC_PROCESS	10		Rejected!	
GOBP_AMINOPHOSPHOLIPID_TRANSLOCATION	7		Rejected!	
GOBP_AMINOPHOSPHOLIPID_TRANSPORT	9		Rejected!	
GOBP_AMINO_ACID_ACTIVATION	45	44		
GOBP_AMINO_ACID_BETAINE_BIOSYNTHETIC_PROCESS	7		Rejected!	
GOBP_AMINO_ACID_BETAINE_METABOLIC_PROCESS	19	16		
GOBP_AMINO_ACID_BETAINE_TRANSPORT	14		Rejected!	
GOBP_AMINO_ACID_BIOSYNTHETIC_PROCESS	68	58		
GOBP_AMINO_ACID_CATABOLIC_PROCESS	112	98		
GOBP_AMINO_ACID_IMPORT_ACROSS_PLASMA_MEMBRANE	52	42		
GOBP_AMINO_ACID_METABOLIC_PROCESS	282	237		
GOBP_AMINO_ACID_NEUROTRANSMITTER_REUPTAKE	10		Rejected!	
GOBP_AMINO_ACID_SALVAGE	5		Rejected!	
GOBP_AMINO_ACID_TRANSMEMBRANE_TRANSPORT	112	88		
GOBP_AMINO_ACID_TRANSPORT	167	134		
GOBP_AMINO_SUGAR_BIOSYNTHETIC_PROCESS	13		Rejected!	
GOBP_AMINO_SUGAR_CATABOLIC_PROCESS	14		Rejected!	
GOBP_AMINO_SUGAR_METABOLIC_PROCESS	43	41		
GOBP_AMMONIUM_HOMEOSTASIS	7		Rejected!	
GOBP_AMMONIUM_ION_METABOLIC_PROCESS	25	18		
GOBP_AMMONIUM_TRANSMEMBRANE_TRANSPORT	11		Rejected!	
GOBP_AMPA_GLUTAMATE_RECEPTOR_CLUSTERING	11		Rejected!	
GOBP_AMPA_SELECTIVE_GLUTAMATE_RECEPTOR_SIGNALING_PATHWAY	5		Rejected!	
GOBP_AMP_BIOSYNTHETIC_PROCESS	13		Rejected!	
GOBP_AMP_CATABOLIC_PROCESS	5		Rejected!	
GOBP_AMP_METABOLIC_PROCESS	23	20		
GOBP_AMP_SALVAGE	6		Rejected!	
GOBP_AMYLIN_RECEPTOR_SIGNALING_PATHWAY	6		Rejected!	
GOBP_AMYLOID_BETA_CLEARANCE	42	31		
GOBP_AMYLOID_BETA_CLEARANCE_BY_CELLULAR_CATABOLIC_PROCESS	8		Rejected!	
GOBP_AMYLOID_BETA_CLEARANCE_BY_TRANSCYTOSIS	7		Rejected!	
GOBP_AMYLOID_BETA_FORMATION	60	41		
GOBP_AMYLOID_BETA_METABOLIC_PROCESS	74	51		
GOBP_AMYLOID_FIBRIL_FORMATION	45	33		
GOBP_AMYLOID_PRECURSOR_PROTEIN_BIOSYNTHETIC_PROCESS	27		Rejected!	
GOBP_AMYLOID_PRECURSOR_PROTEIN_CATABOLIC_PROCESS	74	54		
GOBP_AMYLOID_PRECURSOR_PROTEIN_METABOLIC_PROCESS	102	71		
GOBP_ANAGEN	5		Rejected!	
GOBP_ANAPHASE_PROMOTING_COMPLEX_DEPENDENT_CATABOLIC_PROCESS	24	24		
GOBP_ANATOMICAL_STRUCTURE_ARRANGEMENT	18	16		
GOBP_ANATOMICAL_STRUCTURE_FORMATION_INVOLVED_IN_MORPHOGENESIS	1303		Rejected!	
GOBP_ANATOMICAL_STRUCTURE_MATURATION	284	221		
GOBP_ANATOMICAL_STRUCTURE_REGRESSION	16		Rejected!	
GOBP_ANDROGEN_BIOSYNTHETIC_PROCESS	10		Rejected!	
GOBP_ANDROGEN_CATABOLIC_PROCESS	5		Rejected!	
GOBP_ANDROGEN_METABOLIC_PROCESS	30	23		
GOBP_ANDROGEN_RECEPTOR_SIGNALING_PATHWAY	52	40		
GOBP_ANGIOGENESIS_INVOLVED_IN_WOUND_HEALING	33	24		
GOBP_ANGIOTENSIN_ACTIVATED_SIGNALING_PATHWAY	23	18		
GOBP_ANIMAL_ORGAN_FORMATION	69	61		
GOBP_ANIMAL_ORGAN_MATURATION	32	27		
GOBP_ANIMAL_ORGAN_MORPHOGENESIS	1038		Rejected!	
GOBP_ANIMAL_ORGAN_REGENERATION	53	44		
GOBP_ANOIKIS	36	30		
GOBP_ANTERIOR_COMMISSURE_MORPHOGENESIS	7		Rejected!	
GOBP_ANTERIOR_HEAD_DEVELOPMENT	7		Rejected!	
GOBP_ANTERIOR_POSTERIOR_AXIS_SPECIFICATION	60	46		
GOBP_ANTERIOR_POSTERIOR_AXON_GUIDANCE	7		Rejected!	
GOBP_ANTERIOR_POSTERIOR_PATTERN_SPECIFICATION	224	188		
GOBP_ANTEROGRADE_AXONAL_TRANSPORT	47	43		
GOBP_ANTEROGRADE_DENDRITIC_TRANSPORT	11		Rejected!	
GOBP_ANTEROGRADE_DENDRITIC_TRANSPORT_OF_NEUROTRANSMITTER_RECEPTOR_COMPLEX	7		Rejected!	
GOBP_ANTEROGRADE_NEURONAL_DENSE_CORE_VESICLE_TRANSPORT	6		Rejected!	
GOBP_ANTIBACTERIAL_HUMORAL_RESPONSE	79	32		
GOBP_ANTIBACTERIAL_INNATE_IMMUNE_RESPONSE	12		Rejected!	
GOBP_ANTIBACTERIAL_PEPTIDE_PRODUCTION	9		Rejected!	
GOBP_ANTIBODY_DEPENDENT_CELLULAR_CYTOTOXICITY	10		Rejected!	
GOBP_ANTIFUNGAL_HUMORAL_RESPONSE	13		Rejected!	
GOBP_ANTIFUNGAL_INNATE_IMMUNE_RESPONSE	23		Rejected!	
GOBP_ANTIGEN_PROCESSING_AND_PRESENTATION	120	90		
GOBP_ANTIGEN_PROCESSING_AND_PRESENTATION_ENDOGENOUS_LIPID_ANTIGEN_VIA_MHC_CLASS_IB	5		Rejected!	
GOBP_ANTIGEN_PROCESSING_AND_PRESENTATION_OF_ENDOGENOUS_ANTIGEN	31	23		
GOBP_ANTIGEN_PROCESSING_AND_PRESENTATION_OF_ENDOGENOUS_PEPTIDE_ANTIGEN	24	20		
GOBP_ANTIGEN_PROCESSING_AND_PRESENTATION_OF_EXOGENOUS_ANTIGEN	50	36		
GOBP_ANTIGEN_PROCESSING_AND_PRESENTATION_OF_EXOGENOUS_PEPTIDE_ANTIGEN	41	32		
GOBP_ANTIGEN_PROCESSING_AND_PRESENTATION_OF_EXOGENOUS_PEPTIDE_ANTIGEN_VIA_MHC_CLASS_I	9		Rejected!	
GOBP_ANTIGEN_PROCESSING_AND_PRESENTATION_OF_EXOGENOUS_PEPTIDE_ANTIGEN_VIA_MHC_CLASS_II	31	26		
GOBP_ANTIGEN_PROCESSING_AND_PRESENTATION_OF_LIPID_ANTIGEN_VIA_MHC_CLASS_IB	7		Rejected!	
GOBP_ANTIGEN_PROCESSING_AND_PRESENTATION_OF_PEPTIDE_ANTIGEN	72	56		
GOBP_ANTIGEN_PROCESSING_AND_PRESENTATION_OF_PEPTIDE_ANTIGEN_VIA_MHC_CLASS_I	37	30		
GOBP_ANTIGEN_PROCESSING_AND_PRESENTATION_OF_PEPTIDE_ANTIGEN_VIA_MHC_CLASS_IB	16		Rejected!	
GOBP_ANTIGEN_PROCESSING_AND_PRESENTATION_OF_PEPTIDE_OR_POLYSACCHARIDE_ANTIGEN_VIA_MHC_CLASS_II	37	31		
GOBP_ANTIGEN_PROCESSING_AND_PRESENTATION_VIA_MHC_CLASS_IB	23	16		
GOBP_ANTIGEN_RECEPTOR_MEDIATED_SIGNALING_PATHWAY	214	146		
GOBP_ANTIMICROBIAL_HUMORAL_IMMUNE_RESPONSE_MEDIATED_BY_ANTIMICROBIAL_PEPTIDE	134	58		
GOBP_ANTIMICROBIAL_HUMORAL_RESPONSE	184	78		
GOBP_ANTIMICROBIAL_PEPTIDE_PRODUCTION	11		Rejected!	
GOBP_ANTIVIRAL_INNATE_IMMUNE_RESPONSE	66	58		
GOBP_ANTRAL_OVARIAN_FOLLICLE_GROWTH	12		Rejected!	
GOBP_AORTA_DEVELOPMENT	69	56		
GOBP_AORTA_MORPHOGENESIS	38	28		
GOBP_AORTA_SMOOTH_MUSCLE_TISSUE_MORPHOGENESIS	6		Rejected!	
GOBP_AORTIC_VALVE_MORPHOGENESIS	39	34		
GOBP_APICAL_CONSTRICTION	5		Rejected!	
GOBP_APICAL_JUNCTION_ASSEMBLY	83	62		
GOBP_APICAL_PROTEIN_LOCALIZATION	16	15		
GOBP_APOLIPOPROTEIN_A_I_MEDIATED_SIGNALING_PATHWAY	7		Rejected!	
GOBP_APOPTOTIC_CELL_CLEARANCE	44	33		
GOBP_APOPTOTIC_CHROMOSOME_CONDENSATION	5		Rejected!	
GOBP_APOPTOTIC_DNA_FRAGMENTATION	18	15		
GOBP_APOPTOTIC_MITOCHONDRIAL_CHANGES	112	94		
GOBP_APOPTOTIC_PROCESS	1986		Rejected!	
GOBP_APOPTOTIC_PROCESS_INVOLVED_IN_BLOOD_VESSEL_MORPHOGENESIS	5		Rejected!	
GOBP_APOPTOTIC_PROCESS_INVOLVED_IN_DEVELOPMENT	44	35		
GOBP_APOPTOTIC_PROCESS_INVOLVED_IN_HEART_MORPHOGENESIS	7		Rejected!	
GOBP_APOPTOTIC_PROCESS_INVOLVED_IN_MORPHOGENESIS	30	25		
GOBP_APOPTOTIC_PROCESS_IN_BONE_MARROW_CELL	6		Rejected!	
GOBP_APOPTOTIC_SIGNALING_PATHWAY	640		Rejected!	
GOBP_APPENDAGE_DEVELOPMENT	194	175		
GOBP_APPENDAGE_MORPHOGENESIS	156	144		
GOBP_ARACHIDONATE_METABOLIC_PROCESS	52	32		
GOBP_ARACHIDONATE_SECRETION	29	20		
GOBP_ARF_PROTEIN_SIGNAL_TRANSDUCTION	22	19		
GOBP_ARGININE_CATABOLIC_PROCESS	10		Rejected!	
GOBP_ARGININE_METABOLIC_PROCESS	23	18		
GOBP_AROMATIC_AMINO_ACID_FAMILY_CATABOLIC_PROCESS	24	21		
GOBP_AROMATIC_AMINO_ACID_METABOLIC_PROCESS	40	32		
GOBP_AROMATIC_AMINO_ACID_TRANSPORT	13		Rejected!	
GOBP_ARP2_3_COMPLEX_MEDIATED_ACTIN_NUCLEATION	46	42		
GOBP_ARTERIAL_ENDOTHELIAL_CELL_DIFFERENTIATION	6		Rejected!	
GOBP_ARTERY_DEVELOPMENT	119	95		
GOBP_ARTERY_MORPHOGENESIS	84	64		
GOBP_ARTERY_SMOOTH_MUSCLE_CONTRACTION	10		Rejected!	
GOBP_ARTICULAR_CARTILAGE_DEVELOPMENT	6		Rejected!	
GOBP_ASCENDING_AORTA_DEVELOPMENT	5		Rejected!	
GOBP_ASPARAGINE_METABOLIC_PROCESS	5		Rejected!	
GOBP_ASPARTATE_FAMILY_AMINO_ACID_BIOSYNTHETIC_PROCESS	15		Rejected!	
GOBP_ASPARTATE_FAMILY_AMINO_ACID_CATABOLIC_PROCESS	11		Rejected!	
GOBP_ASPARTATE_FAMILY_AMINO_ACID_METABOLIC_PROCESS	38	32		
GOBP_ASPARTATE_METABOLIC_PROCESS	9		Rejected!	
GOBP_ASPARTATE_TRANSMEMBRANE_TRANSPORT	20	16		
GOBP_ASSOCIATIVE_LEARNING	93	81		
GOBP_ASTRAL_MICROTUBULE_ORGANIZATION	11		Rejected!	
GOBP_ASTROCYTE_ACTIVATION	26	16		
GOBP_ASTROCYTE_CELL_MIGRATION	9		Rejected!	
GOBP_ASTROCYTE_DEVELOPMENT	43	31		
GOBP_ASTROCYTE_DIFFERENTIATION	90	74		
GOBP_ASYMMETRIC_CELL_DIVISION	19	19		
GOBP_ASYMMETRIC_NEUROBLAST_DIVISION	6		Rejected!	
GOBP_ATF6_MEDIATED_UNFOLDED_PROTEIN_RESPONSE	10		Rejected!	
GOBP_ATP_BIOSYNTHETIC_PROCESS	104	89		
GOBP_ATP_EXPORT	10		Rejected!	
GOBP_ATP_METABOLIC_PROCESS	236	201		
GOBP_ATP_SYNTHESIS_COUPLED_ELECTRON_TRANSPORT	101	83		
GOBP_ATP_TRANSPORT	24	17		
GOBP_ATRIAL_CARDIAC_MUSCLE_CELL_MEMBRANE_REPOLARIZATION	11		Rejected!	
GOBP_ATRIAL_CARDIAC_MUSCLE_CELL_TO_AV_NODE_CELL_COMMUNICATION	19		Rejected!	
GOBP_ATRIAL_CARDIAC_MUSCLE_TISSUE_DEVELOPMENT	23	19		
GOBP_ATRIAL_CARDIAC_MUSCLE_TISSUE_MORPHOGENESIS	7		Rejected!	
GOBP_ATRIAL_SEPTUM_DEVELOPMENT	23	22		
GOBP_ATRIAL_SEPTUM_MORPHOGENESIS	16	16		
GOBP_ATRIAL_SEPTUM_PRIMUM_MORPHOGENESIS	5		Rejected!	
GOBP_ATRIOVENTRICULAR_CANAL_DEVELOPMENT	13		Rejected!	
GOBP_ATRIOVENTRICULAR_NODE_DEVELOPMENT	9		Rejected!	
GOBP_ATRIOVENTRICULAR_VALVE_DEVELOPMENT	31	26		
GOBP_ATRIOVENTRICULAR_VALVE_FORMATION	8		Rejected!	
GOBP_ATTACHMENT_OF_GPI_ANCHOR_TO_PROTEIN	6		Rejected!	
GOBP_ATTACHMENT_OF_MITOTIC_SPINDLE_MICROTUBULES_TO_KINETOCHORE	26	25		
GOBP_ATTACHMENT_OF_SPINDLE_MICROTUBULES_TO_KINETOCHORE	55	52		
GOBP_AUDITORY_RECEPTOR_CELL_DEVELOPMENT	30	22		
GOBP_AUDITORY_RECEPTOR_CELL_MORPHOGENESIS	24	19		
GOBP_AUDITORY_RECEPTOR_CELL_STEREOCILIUM_ORGANIZATION	20	16		
GOBP_AUTOCRINE_SIGNALING	8		Rejected!	
GOBP_AUTONOMIC_NERVOUS_SYSTEM_DEVELOPMENT	46	37		
GOBP_AUTOPHAGIC_CELL_DEATH	9		Rejected!	
GOBP_AUTOPHAGOSOME_LYSOSOME_FUSION	16	16		
GOBP_AUTOPHAGOSOME_MATURATION	70	64		
GOBP_AUTOPHAGOSOME_MEMBRANE_DOCKING	7		Rejected!	
GOBP_AUTOPHAGOSOME_ORGANIZATION	133	123		
GOBP_AUTOPHAGY_OF_MITOCHONDRION	116	106		
GOBP_AUTOPHAGY_OF_PEROXISOME	16		Rejected!	
GOBP_AUTOSOME_GENOMIC_IMPRINTING	6		Rejected!	
GOBP_AV_NODE_CELL_TO_BUNDLE_OF_HIS_CELL_COMMUNICATION	14		Rejected!	
GOBP_AV_NODE_CELL_TO_BUNDLE_OF_HIS_CELL_SIGNALING	11		Rejected!	
GOBP_AXIAL_MESODERM_DEVELOPMENT	9		Rejected!	
GOBP_AXIS_ELONGATION	31	28		
GOBP_AXIS_ELONGATION_INVOLVED_IN_SOMITOGENESIS	5		Rejected!	
GOBP_AXIS_SPECIFICATION	100	81		
GOBP_AXONAL_FASCICULATION	21	21		
GOBP_AXONAL_TRANSPORT	69	62		
GOBP_AXONAL_TRANSPORT_OF_MITOCHONDRION	16		Rejected!	
GOBP_AXONEMAL_CENTRAL_APPARATUS_ASSEMBLY	6		Rejected!	
GOBP_AXONEMAL_DYNEIN_COMPLEX_ASSEMBLY	40	37		
GOBP_AXONEME_ASSEMBLY	105	97		
GOBP_AXONOGENESIS_INVOLVED_IN_INNERVATION	10		Rejected!	
GOBP_AXON_CHOICE_POINT_RECOGNITION	7		Rejected!	
GOBP_AXON_DEVELOPMENT	534	471		
GOBP_AXON_ENSHEATHMENT_IN_CENTRAL_NERVOUS_SYSTEM	25	22		
GOBP_AXON_EXTENSION	113	102		
GOBP_AXON_MIDLINE_CHOICE_POINT_RECOGNITION	5		Rejected!	
GOBP_AXO_DENDRITIC_PROTEIN_TRANSPORT	9		Rejected!	
GOBP_AXO_DENDRITIC_TRANSPORT	86	79		
GOBP_AZOLE_TRANSMEMBRANE_TRANSPORT	15		Rejected!	
GOBP_BARBED_END_ACTIN_FILAMENT_CAPPING	27	25		
GOBP_BASEMENT_MEMBRANE_ORGANIZATION	40	35		
GOBP_BASE_CONVERSION_OR_SUBSTITUTION_EDITING	18		Rejected!	
GOBP_BASE_EXCISION_REPAIR	48	46		
GOBP_BASE_EXCISION_REPAIR_AP_SITE_FORMATION	12		Rejected!	
GOBP_BASE_EXCISION_REPAIR_GAP_FILLING	14		Rejected!	
GOBP_BASIC_AMINO_ACID_TRANSPORT	23	18		
GOBP_BASOLATERAL_PROTEIN_SECRETION	5		Rejected!	
GOBP_BEHAVIOR	697		Rejected!	
GOBP_BEHAVIORAL_RESPONSE_TO_COCAINE	16		Rejected!	
GOBP_BEHAVIORAL_RESPONSE_TO_ETHANOL	10		Rejected!	
GOBP_BEHAVIORAL_RESPONSE_TO_NICOTINE	9		Rejected!	
GOBP_BEHAVIORAL_RESPONSE_TO_PAIN	20	18		
GOBP_BENZENE_CONTAINING_COMPOUND_METABOLIC_PROCESS	23	18		
GOBP_BERGMANN_GLIAL_CELL_DIFFERENTIATION	11		Rejected!	
GOBP_BICARBONATE_TRANSPORT	37	28		
GOBP_BILE_ACID_AND_BILE_SALT_TRANSPORT	30	21		
GOBP_BILE_ACID_BIOSYNTHETIC_PROCESS	38	32		
GOBP_BILE_ACID_METABOLIC_PROCESS	51	41		
GOBP_BILE_ACID_SECRETION	11		Rejected!	
GOBP_BINDING_OF_SPERM_TO_ZONA_PELLUCIDA	41	24		
GOBP_BIOLOGICAL_PHASE	9		Rejected!	
GOBP_BIOLOGICAL_PROCESS_INVOLVED_IN_INTERACTION_WITH_HOST	179	143		
GOBP_BIOLOGICAL_PROCESS_INVOLVED_IN_INTERACTION_WITH_SYMBIONT	42	21		
GOBP_BIOLOGICAL_PROCESS_INVOLVED_IN_INTERSPECIES_INTERACTION_BETWEEN_ORGANISMS	1864		Rejected!	
GOBP_BIOLOGICAL_PROCESS_INVOLVED_IN_INTRASPECIES_INTERACTION_BETWEEN_ORGANISMS	61	50		
GOBP_BIOLOGICAL_PROCESS_INVOLVED_IN_SYMBIOTIC_INTERACTION	224	166		
GOBP_BIOMINERAL_TISSUE_DEVELOPMENT	181	152		
GOBP_BLASTOCYST_DEVELOPMENT	127	104		
GOBP_BLASTOCYST_FORMATION	48	36		
GOBP_BLASTOCYST_GROWTH	24	18		
GOBP_BLASTODERM_SEGMENTATION	26	20		
GOBP_BLEB_ASSEMBLY	11		Rejected!	
GOBP_BLOOD_COAGULATION_FIBRIN_CLOT_FORMATION	16		Rejected!	
GOBP_BLOOD_COAGULATION_INTRINSIC_PATHWAY	8		Rejected!	
GOBP_BLOOD_VESSEL_ENDOTHELIAL_CELL_DIFFERENTIATION	14		Rejected!	
GOBP_BLOOD_VESSEL_ENDOTHELIAL_CELL_MIGRATION	187	103		
GOBP_BLOOD_VESSEL_ENDOTHELIAL_CELL_PROLIFERATION_INVOLVED_IN_SPROUTING_ANGIOGENESIS	56	22		
GOBP_BLOOD_VESSEL_MATURATION	7		Rejected!	
GOBP_BLOOD_VESSEL_MORPHOGENESIS	734		Rejected!	
GOBP_BLOOD_VESSEL_REMODELING	54	44		
GOBP_BODY_FLUID_SECRETION	95	74		
GOBP_BODY_MORPHOGENESIS	49	45		
GOBP_BONE_CELL_DEVELOPMENT	19		Rejected!	
GOBP_BONE_DEVELOPMENT	218	185		
GOBP_BONE_GROWTH	34	31		
GOBP_BONE_MARROW_DEVELOPMENT	9		Rejected!	
GOBP_BONE_MATURATION	28	24		
GOBP_BONE_MINERALIZATION	127	114		
GOBP_BONE_MINERALIZATION_INVOLVED_IN_BONE_MATURATION	13		Rejected!	
GOBP_BONE_MORPHOGENESIS	100	89		
GOBP_BONE_REMODELING	88	71		
GOBP_BONE_RESORPTION	63	50		
GOBP_BONE_TRABECULA_FORMATION	10		Rejected!	
GOBP_BONE_TRABECULA_MORPHOGENESIS	13		Rejected!	
GOBP_BOX_C_D_SNORNP_ASSEMBLY	10		Rejected!	
GOBP_BRADYKININ_CATABOLIC_PROCESS	7		Rejected!	
GOBP_BRAINSTEM_DEVELOPMENT	8		Rejected!	
GOBP_BRAIN_DERIVED_NEUROTROPHIC_FACTOR_RECEPTOR_SIGNALING_PATHWAY	7		Rejected!	
GOBP_BRAIN_MORPHOGENESIS	37	29		
GOBP_BRANCHED_CHAIN_AMINO_ACID_METABOLIC_PROCESS	26	24		
GOBP_BRANCHED_CHAIN_AMINO_ACID_TRANSPORT	14		Rejected!	
GOBP_BRANCHING_INVOLVED_IN_BLOOD_VESSEL_MORPHOGENESIS	39	31		
GOBP_BRANCHING_INVOLVED_IN_LABYRINTHINE_LAYER_MORPHOGENESIS	14		Rejected!	
GOBP_BRANCHING_INVOLVED_IN_MAMMARY_GLAND_DUCT_MORPHOGENESIS	25	22		
GOBP_BRANCHING_INVOLVED_IN_PROSTATE_GLAND_MORPHOGENESIS	13		Rejected!	
GOBP_BRANCHING_INVOLVED_IN_SALIVARY_GLAND_MORPHOGENESIS	22	21		
GOBP_BRANCHING_MORPHOGENESIS_OF_AN_EPITHELIAL_TUBE	166	145		
GOBP_BRANCHING_MORPHOGENESIS_OF_A_NERVE	11		Rejected!	
GOBP_BRANCHIOMOTOR_NEURON_AXON_GUIDANCE	7		Rejected!	
GOBP_BRANCH_ELONGATION_INVOLVED_IN_MAMMARY_GLAND_DUCT_BRANCHING	6		Rejected!	
GOBP_BRANCH_ELONGATION_OF_AN_EPITHELIUM	21	20		
GOBP_BRONCHIOLE_DEVELOPMENT	6		Rejected!	
GOBP_BRONCHUS_DEVELOPMENT	11		Rejected!	
GOBP_BROWN_FAT_CELL_DIFFERENTIATION	53	40		
GOBP_BRUSH_BORDER_ASSEMBLY	7		Rejected!	
GOBP_BUD_ELONGATION_INVOLVED_IN_LUNG_BRANCHING	7		Rejected!	
GOBP_BUNDLE_OF_HIS_CELL_TO_PURKINJE_MYOCYTE_COMMUNICATION	15		Rejected!	
GOBP_BUNDLE_OF_HIS_CELL_TO_PURKINJE_MYOCYTE_SIGNALING	7		Rejected!	
GOBP_B_1_B_CELL_DIFFERENTIATION	5		Rejected!	
GOBP_B_CELL_ACTIVATION	292	211		
GOBP_B_CELL_ACTIVATION_INVOLVED_IN_IMMUNE_RESPONSE	109	68		
GOBP_B_CELL_APOPTOTIC_PROCESS	28	23		
GOBP_B_CELL_CHEMOTAXIS	8		Rejected!	
GOBP_B_CELL_DIFFERENTIATION	149	111		
GOBP_B_CELL_HOMEOSTASIS	37	29		
GOBP_B_CELL_LINEAGE_COMMITMENT	6		Rejected!	
GOBP_B_CELL_MEDIATED_IMMUNITY	198	94		
GOBP_B_CELL_PROLIFERATION	93	64		
GOBP_B_CELL_PROLIFERATION_INVOLVED_IN_IMMUNE_RESPONSE	6		Rejected!	
GOBP_B_CELL_RECEPTOR_SIGNALING_PATHWAY	78	47		
GOBP_C21_STEROID_HORMONE_BIOSYNTHETIC_PROCESS	21	17		
GOBP_C21_STEROID_HORMONE_METABOLIC_PROCESS	38	29		
GOBP_C4_DICARBOXYLATE_TRANSPORT	28	24		
GOBP_CADMIUM_ION_TRANSMEMBRANE_TRANSPORT	6		Rejected!	
GOBP_CALCINEURIN_MEDIATED_SIGNALING	54	46		
GOBP_CALCITONIN_FAMILY_RECEPTOR_SIGNALING_PATHWAY	11		Rejected!	
GOBP_CALCITONIN_GENE_RELATED_PEPTIDE_RECEPTOR_SIGNALING_PATHWAY	6		Rejected!	
GOBP_CALCITRIOL_BIOSYNTHETIC_PROCESS_FROM_CALCIOL	5		Rejected!	
GOBP_CALCIUM_ACTIVATED_PHOSPHATIDYLCHOLINE_SCRAMBLING	5		Rejected!	
GOBP_CALCIUM_ACTIVATED_PHOSPHOLIPID_SCRAMBLING	6		Rejected!	
GOBP_CALCIUM_DEPENDENT_CELL_CELL_ADHESION_VIA_PLASMA_MEMBRANE_CELL_ADHESION_MOLECULES	48	42		
GOBP_CALCIUM_IMPORT_INTO_THE_MITOCHONDRION	16		Rejected!	
GOBP_CALCIUM_INDEPENDENT_CELL_CELL_ADHESION_VIA_PLASMA_MEMBRANE_CELL_ADHESION_MOLECULES	23	19		
GOBP_CALCIUM_ION_EXPORT_ACROSS_PLASMA_MEMBRANE	12		Rejected!	
GOBP_CALCIUM_ION_HOMEOSTASIS	330	258		
GOBP_CALCIUM_ION_IMPORT	89	66		
GOBP_CALCIUM_ION_IMPORT_ACROSS_PLASMA_MEMBRANE	44	32		
GOBP_CALCIUM_ION_IMPORT_INTO_SARCOPLASMIC_RETICULUM	7		Rejected!	
GOBP_CALCIUM_ION_REGULATED_EXOCYTOSIS	67	57		
GOBP_CALCIUM_ION_REGULATED_EXOCYTOSIS_OF_NEUROTRANSMITTER	15		Rejected!	
GOBP_CALCIUM_ION_TRANSMEMBRANE_IMPORT_INTO_CYTOSOL	193	144		
GOBP_CALCIUM_ION_TRANSMEMBRANE_TRANSPORT	348	274		
GOBP_CALCIUM_ION_TRANSMEMBRANE_TRANSPORT_VIA_HIGH_VOLTAGE_GATED_CALCIUM_CHANNEL	22	18		
GOBP_CALCIUM_ION_TRANSPORT	445	351		
GOBP_CALCIUM_ION_TRANSPORT_INTO_CYTOSOL	31	26		
GOBP_CALCIUM_MEDIATED_SIGNALING	240	190		
GOBP_CAMERA_TYPE_EYE_MORPHOGENESIS	141	122		
GOBP_CAMERA_TYPE_EYE_PHOTORECEPTOR_CELL_DIFFERENTIATION	33	26		
GOBP_CAMKK_AMPK_SIGNALING_CASCADE	11		Rejected!	
GOBP_CAMP_BIOSYNTHETIC_PROCESS	10		Rejected!	
GOBP_CAMP_CATABOLIC_PROCESS	9		Rejected!	
GOBP_CAMP_MEDIATED_SIGNALING	29	25		
GOBP_CAMP_METABOLIC_PROCESS	23	19		
GOBP_CAMP_PKA_SIGNAL_TRANSDUCTION	34	29		
GOBP_CANNABINOID_SIGNALING_PATHWAY	7		Rejected!	
GOBP_CANONICAL_NF_KAPPAB_SIGNAL_TRANSDUCTION	342	271		
GOBP_CANONICAL_WNT_SIGNALING_PATHWAY	330	277		
GOBP_CAP_DEPENDENT_TRANSLATIONAL_INITIATION	9		Rejected!	
GOBP_CARBOHYDRATE_BIOSYNTHETIC_PROCESS	198	157		
GOBP_CARBOHYDRATE_CATABOLIC_PROCESS	181	146		
GOBP_CARBOHYDRATE_DERIVATIVE_BIOSYNTHETIC_PROCESS	624		Rejected!	
GOBP_CARBOHYDRATE_DERIVATIVE_CATABOLIC_PROCESS	266	225		
GOBP_CARBOHYDRATE_DERIVATIVE_METABOLIC_PROCESS	1018		Rejected!	
GOBP_CARBOHYDRATE_DERIVATIVE_TRANSPORT	92	71		
GOBP_CARBOHYDRATE_HOMEOSTASIS	279	216		
GOBP_CARBOHYDRATE_IMPORT_ACROSS_PLASMA_MEMBRANE	6		Rejected!	
GOBP_CARBOHYDRATE_MEDIATED_SIGNALING	13		Rejected!	
GOBP_CARBOHYDRATE_METABOLIC_PROCESS	571	470		
GOBP_CARBOHYDRATE_PHOSPHORYLATION	24	24		
GOBP_CARBOHYDRATE_TRANSPORT	138	104		
GOBP_CARBON_CATABOLITE_REGULATION_OF_TRANSCRIPTION	7		Rejected!	
GOBP_CARBON_DIOXIDE_TRANSMEMBRANE_TRANSPORT	5		Rejected!	
GOBP_CARBON_DIOXIDE_TRANSPORT	15		Rejected!	
GOBP_CARDIAC_ATRIUM_DEVELOPMENT	37	33		
GOBP_CARDIAC_ATRIUM_MORPHOGENESIS	30	27		
GOBP_CARDIAC_CELL_DEVELOPMENT	98	78		
GOBP_CARDIAC_CELL_FATE_COMMITMENT	14		Rejected!	
GOBP_CARDIAC_CHAMBER_DEVELOPMENT	177	144		
GOBP_CARDIAC_CHAMBER_FORMATION	12		Rejected!	
GOBP_CARDIAC_CHAMBER_MORPHOGENESIS	135	105		
GOBP_CARDIAC_CONDUCTION	100	80		
GOBP_CARDIAC_CONDUCTION_SYSTEM_DEVELOPMENT	37	32		
GOBP_CARDIAC_EPITHELIAL_TO_MESENCHYMAL_TRANSITION	40	32		
GOBP_CARDIAC_FIBROBLAST_CELL_DIFFERENTIATION	5		Rejected!	
GOBP_CARDIAC_LEFT_VENTRICLE_MORPHOGENESIS	17		Rejected!	
GOBP_CARDIAC_MUSCLE_CELL_ACTION_POTENTIAL	88	69		
GOBP_CARDIAC_MUSCLE_CELL_ACTION_POTENTIAL_INVOLVED_IN_CONTRACTION	63	46		
GOBP_CARDIAC_MUSCLE_CELL_CARDIAC_MUSCLE_CELL_ADHESION	7		Rejected!	
GOBP_CARDIAC_MUSCLE_CELL_CONTRACTION	91	67		
GOBP_CARDIAC_MUSCLE_CELL_DIFFERENTIATION	137	107		
GOBP_CARDIAC_MUSCLE_CELL_FATE_COMMITMENT	8		Rejected!	
GOBP_CARDIAC_MUSCLE_CELL_MEMBRANE_REPOLARIZATION	42	33		
GOBP_CARDIAC_MUSCLE_CELL_MYOBLAST_DIFFERENTIATION	12		Rejected!	
GOBP_CARDIAC_MUSCLE_CELL_PROLIFERATION	64	44		
GOBP_CARDIAC_MUSCLE_CONTRACTION	154	114		
GOBP_CARDIAC_MUSCLE_MYOBLAST_PROLIFERATION	7		Rejected!	
GOBP_CARDIAC_MUSCLE_TISSUE_DEVELOPMENT	256	196		
GOBP_CARDIAC_MUSCLE_TISSUE_MORPHOGENESIS	62	41		
GOBP_CARDIAC_MUSCLE_TISSUE_REGENERATION	8		Rejected!	
GOBP_CARDIAC_MYOFIBRIL_ASSEMBLY	20	16		
GOBP_CARDIAC_NEURAL_CREST_CELL_DEVELOPMENT_INVOLVED_IN_OUTFLOW_TRACT_MORPHOGENESIS	13		Rejected!	
GOBP_CARDIAC_NEURAL_CREST_CELL_DIFFERENTIATION_INVOLVED_IN_HEART_DEVELOPMENT	16		Rejected!	
GOBP_CARDIAC_NEURAL_CREST_CELL_MIGRATION_INVOLVED_IN_OUTFLOW_TRACT_MORPHOGENESIS	11		Rejected!	
GOBP_CARDIAC_PACEMAKER_CELL_DEVELOPMENT	9		Rejected!	
GOBP_CARDIAC_PACEMAKER_CELL_DIFFERENTIATION	11		Rejected!	
GOBP_CARDIAC_RIGHT_VENTRICLE_MORPHOGENESIS	21	18		
GOBP_CARDIAC_SEPTUM_CELL_DIFFERENTIATION	5		Rejected!	
GOBP_CARDIAC_SEPTUM_DEVELOPMENT	115	99		
GOBP_CARDIAC_SEPTUM_MORPHOGENESIS	78	64		
GOBP_CARDIAC_VASCULAR_SMOOTH_MUSCLE_CELL_DIFFERENTIATION	10		Rejected!	
GOBP_CARDIAC_VENTRICLE_DEVELOPMENT	134	105		
GOBP_CARDIAC_VENTRICLE_FORMATION	8		Rejected!	
GOBP_CARDIAC_VENTRICLE_MORPHOGENESIS	74	52		
GOBP_CARDIOBLAST_DIFFERENTIATION	18	16		
GOBP_CARDIOBLAST_PROLIFERATION	11		Rejected!	
GOBP_CARDIOCYTE_DIFFERENTIATION	173	137		
GOBP_CARDIOLIPIN_ACYL_CHAIN_REMODELING	5		Rejected!	
GOBP_CARDIOLIPIN_METABOLIC_PROCESS	14		Rejected!	
GOBP_CARNITINE_BIOSYNTHETIC_PROCESS	5		Rejected!	
GOBP_CARNITINE_METABOLIC_PROCESS	14		Rejected!	
GOBP_CARNITINE_TRANSPORT	9		Rejected!	
GOBP_CARTILAGE_CONDENSATION	21	16		
GOBP_CARTILAGE_DEVELOPMENT	215	186		
GOBP_CARTILAGE_DEVELOPMENT_INVOLVED_IN_ENDOCHONDRAL_BONE_MORPHOGENESIS	35	33		
GOBP_CARTILAGE_HOMEOSTASIS	5		Rejected!	
GOBP_CARTILAGE_MORPHOGENESIS	10		Rejected!	
GOBP_CATECHOLAMINE_SECRETION	46	37		
GOBP_CATECHOLAMINE_TRANSPORT	62	50		
GOBP_CATECHOLAMINE_UPTAKE	19	15		
GOBP_CATECHOLAMINE_UPTAKE_INVOLVED_IN_SYNAPTIC_TRANSMISSION	12		Rejected!	
GOBP_CATECHOL_CONTAINING_COMPOUND_BIOSYNTHETIC_PROCESS	24	19		
GOBP_CATECHOL_CONTAINING_COMPOUND_CATABOLIC_PROCESS	11		Rejected!	
GOBP_CATECHOL_CONTAINING_COMPOUND_METABOLIC_PROCESS	58	47		
GOBP_CAVEOLA_ASSEMBLY	8		Rejected!	
GOBP_CAVEOLIN_MEDIATED_ENDOCYTOSIS	12		Rejected!	
GOBP_CD27_SIGNALING_PATHWAY	5		Rejected!	
GOBP_CD40_SIGNALING_PATHWAY	16		Rejected!	
GOBP_CD4_POSITIVE_ALPHA_BETA_T_CELL_ACTIVATION	135	88		
GOBP_CD4_POSITIVE_ALPHA_BETA_T_CELL_CYTOKINE_PRODUCTION	19		Rejected!	
GOBP_CD4_POSITIVE_ALPHA_BETA_T_CELL_DIFFERENTIATION	108	73		
GOBP_CD4_POSITIVE_ALPHA_BETA_T_CELL_PROLIFERATION	22		Rejected!	
GOBP_CD4_POSITIVE_CD25_POSITIVE_ALPHA_BETA_REGULATORY_T_CELL_DIFFERENTIATION	11		Rejected!	
GOBP_CD4_POSITIVE_OR_CD8_POSITIVE_ALPHA_BETA_T_CELL_LINEAGE_COMMITMENT	36	26		
GOBP_CD8_POSITIVE_ALPHA_BETA_T_CELL_ACTIVATION	28	18		
GOBP_CD8_POSITIVE_ALPHA_BETA_T_CELL_DIFFERENTIATION	15		Rejected!	
GOBP_CD8_POSITIVE_ALPHA_BETA_T_CELL_PROLIFERATION	8		Rejected!	
GOBP_CDC42_PROTEIN_SIGNAL_TRANSDUCTION	15		Rejected!	
GOBP_CDP_CHOLINE_PATHWAY	7		Rejected!	
GOBP_CDP_DIACYLGLYCEROL_METABOLIC_PROCESS	14		Rejected!	
GOBP_CELLULAR_COMPONENT_ASSEMBLY_INVOLVED_IN_MORPHOGENESIS	136	105		
GOBP_CELLULAR_COMPONENT_DISASSEMBLY	470	408		
GOBP_CELLULAR_COMPONENT_DISASSEMBLY_INVOLVED_IN_EXECUTION_PHASE_OF_APOPTOSIS	30	27		
GOBP_CELLULAR_COMPONENT_MAINTENANCE	83	72		
GOBP_CELLULAR_DEFENSE_RESPONSE	52	34		
GOBP_CELLULAR_DETOXIFICATION_OF_ALDEHYDE	9		Rejected!	
GOBP_CELLULAR_EXTRAVASATION	74	56		
GOBP_CELLULAR_HOMEOSTASIS	851		Rejected!	
GOBP_CELLULAR_HYPEROSMOTIC_RESPONSE	22	21		
GOBP_CELLULAR_HYPOTONIC_RESPONSE	11		Rejected!	
GOBP_CELLULAR_OXIDANT_DETOXIFICATION	98	76		
GOBP_CELLULAR_PIGMENTATION	64	61		
GOBP_CELLULAR_PROCESS_INVOLVED_IN_REPRODUCTION_IN_MULTICELLULAR_ORGANISM	443	316		
GOBP_CELLULAR_RESPIRATION	240	207		
GOBP_CELLULAR_RESPONSE_TO_ABIOTIC_STIMULUS	352	296		
GOBP_CELLULAR_RESPONSE_TO_ACIDIC_PH	19	17		
GOBP_CELLULAR_RESPONSE_TO_ACID_CHEMICAL	101	80		
GOBP_CELLULAR_RESPONSE_TO_ALCOHOL	112	86		
GOBP_CELLULAR_RESPONSE_TO_ALDEHYDE	17	17		
GOBP_CELLULAR_RESPONSE_TO_ALDOSTERONE	7		Rejected!	
GOBP_CELLULAR_RESPONSE_TO_ALKALOID	37	31		
GOBP_CELLULAR_RESPONSE_TO_AMMONIUM_ION	5		Rejected!	
GOBP_CELLULAR_RESPONSE_TO_AMYLOID_BETA	49	37		
GOBP_CELLULAR_RESPONSE_TO_ANGIOTENSIN	39	34		
GOBP_CELLULAR_RESPONSE_TO_ANTIBIOTIC	11		Rejected!	
GOBP_CELLULAR_RESPONSE_TO_ARSENIC_CONTAINING_SUBSTANCE	17	15		
GOBP_CELLULAR_RESPONSE_TO_ATP	19	17		
GOBP_CELLULAR_RESPONSE_TO_BIOTIC_STIMULUS	277	186		
GOBP_CELLULAR_RESPONSE_TO_BRAIN_DERIVED_NEUROTROPHIC_FACTOR_STIMULUS	9		Rejected!	
GOBP_CELLULAR_RESPONSE_TO_CADMIUM_ION	26	20		
GOBP_CELLULAR_RESPONSE_TO_CAFFEINE	11		Rejected!	
GOBP_CELLULAR_RESPONSE_TO_CALCIUM_ION	80	66		
GOBP_CELLULAR_RESPONSE_TO_CAMP	58	46		
GOBP_CELLULAR_RESPONSE_TO_CARBOHYDRATE_STIMULUS	166	128		
GOBP_CELLULAR_RESPONSE_TO_CGMP	7		Rejected!	
GOBP_CELLULAR_RESPONSE_TO_CHEMICAL_STRESS	330	280		
GOBP_CELLULAR_RESPONSE_TO_CHOLESTEROL	21	15		
GOBP_CELLULAR_RESPONSE_TO_COCAINE	10		Rejected!	
GOBP_CELLULAR_RESPONSE_TO_COLD	15		Rejected!	
GOBP_CELLULAR_RESPONSE_TO_COPPER_ION	26	21		
GOBP_CELLULAR_RESPONSE_TO_CORTICOSTEROID_STIMULUS	65	53		
GOBP_CELLULAR_RESPONSE_TO_DEXAMETHASONE_STIMULUS	29	26		
GOBP_CELLULAR_RESPONSE_TO_DSRNA	25	22		
GOBP_CELLULAR_RESPONSE_TO_ELECTRICAL_STIMULUS	12		Rejected!	
GOBP_CELLULAR_RESPONSE_TO_ENDOGENOUS_STIMULUS	1343		Rejected!	
GOBP_CELLULAR_RESPONSE_TO_EPINEPHRINE_STIMULUS	12		Rejected!	
GOBP_CELLULAR_RESPONSE_TO_ESTRADIOL_STIMULUS	36	32		
GOBP_CELLULAR_RESPONSE_TO_ESTROGEN_STIMULUS	19		Rejected!	
GOBP_CELLULAR_RESPONSE_TO_ETHANOL	15		Rejected!	
GOBP_CELLULAR_RESPONSE_TO_ETHER	10		Rejected!	
GOBP_CELLULAR_RESPONSE_TO_EXOGENOUS_DSRNA	19	17		
GOBP_CELLULAR_RESPONSE_TO_EXTERNAL_STIMULUS	78	71		
GOBP_CELLULAR_RESPONSE_TO_FATTY_ACID	41	29		
GOBP_CELLULAR_RESPONSE_TO_FLUID_SHEAR_STRESS	34	25		
GOBP_CELLULAR_RESPONSE_TO_FOLLICLE_STIMULATING_HORMONE_STIMULUS	12		Rejected!	
GOBP_CELLULAR_RESPONSE_TO_GAMMA_RADIATION	28	20		
GOBP_CELLULAR_RESPONSE_TO_GLUCAGON_STIMULUS	11		Rejected!	
GOBP_CELLULAR_RESPONSE_TO_GLUCOCORTICOID_STIMULUS	55	43		
GOBP_CELLULAR_RESPONSE_TO_GLUCOSE_STARVATION	50	45		
GOBP_CELLULAR_RESPONSE_TO_GONADOTROPIN_RELEASING_HORMONE	6		Rejected!	
GOBP_CELLULAR_RESPONSE_TO_GONADOTROPIN_STIMULUS	20	15		
GOBP_CELLULAR_RESPONSE_TO_GROWTH_HORMONE_STIMULUS	29	19		
GOBP_CELLULAR_RESPONSE_TO_HEAT	67	58		
GOBP_CELLULAR_RESPONSE_TO_HISTAMINE	6		Rejected!	
GOBP_CELLULAR_RESPONSE_TO_HORMONE_STIMULUS	681		Rejected!	
GOBP_CELLULAR_RESPONSE_TO_HYDROGEN_PEROXIDE	71	63		
GOBP_CELLULAR_RESPONSE_TO_HYDROPEROXIDE	9		Rejected!	
GOBP_CELLULAR_RESPONSE_TO_HYPEROXIA	5		Rejected!	
GOBP_CELLULAR_RESPONSE_TO_INCREASED_OXYGEN_LEVELS	13		Rejected!	
GOBP_CELLULAR_RESPONSE_TO_INSULIN_LIKE_GROWTH_FACTOR_STIMULUS	12		Rejected!	
GOBP_CELLULAR_RESPONSE_TO_INSULIN_STIMULUS	219	183		
GOBP_CELLULAR_RESPONSE_TO_INTERFERON_ALPHA	11		Rejected!	
GOBP_CELLULAR_RESPONSE_TO_INTERFERON_BETA	29	24		
GOBP_CELLULAR_RESPONSE_TO_INTERLEUKIN_1	90	73		
GOBP_CELLULAR_RESPONSE_TO_INTERLEUKIN_13	5		Rejected!	
GOBP_CELLULAR_RESPONSE_TO_IONIZING_RADIATION	75	58		
GOBP_CELLULAR_RESPONSE_TO_IRON_ION	8		Rejected!	
GOBP_CELLULAR_RESPONSE_TO_KETONE	115	95		
GOBP_CELLULAR_RESPONSE_TO_LAMINAR_FLUID_SHEAR_STRESS	18		Rejected!	
GOBP_CELLULAR_RESPONSE_TO_LEPTIN_STIMULUS	17		Rejected!	
GOBP_CELLULAR_RESPONSE_TO_LEUCINE_STARVATION	12		Rejected!	
GOBP_CELLULAR_RESPONSE_TO_LIGHT_INTENSITY	5		Rejected!	
GOBP_CELLULAR_RESPONSE_TO_LIGHT_STIMULUS	123	98		
GOBP_CELLULAR_RESPONSE_TO_LIPID	652	494		
GOBP_CELLULAR_RESPONSE_TO_LIPOPROTEIN_PARTICLE_STIMULUS	46	30		
GOBP_CELLULAR_RESPONSE_TO_LUTEINIZING_HORMONE_STIMULUS	5		Rejected!	
GOBP_CELLULAR_RESPONSE_TO_L_GLUTAMATE	9		Rejected!	
GOBP_CELLULAR_RESPONSE_TO_L_LEUCINE	12		Rejected!	
GOBP_CELLULAR_RESPONSE_TO_MACROPHAGE_COLONY_STIMULATING_FACTOR_STIMULUS	13		Rejected!	
GOBP_CELLULAR_RESPONSE_TO_MAGNESIUM_ION	7		Rejected!	
GOBP_CELLULAR_RESPONSE_TO_MANGANESE_ION	10		Rejected!	
GOBP_CELLULAR_RESPONSE_TO_METAL_ION	184	150		
GOBP_CELLULAR_RESPONSE_TO_METHIONINE	5		Rejected!	
GOBP_CELLULAR_RESPONSE_TO_MINERALOCORTICOID_STIMULUS	12		Rejected!	
GOBP_CELLULAR_RESPONSE_TO_MOLECULE_OF_BACTERIAL_ORIGIN	250	162		
GOBP_CELLULAR_RESPONSE_TO_MURAMYL_DIPEPTIDE	10		Rejected!	
GOBP_CELLULAR_RESPONSE_TO_NICOTINE	8		Rejected!	
GOBP_CELLULAR_RESPONSE_TO_NITROGEN_COMPOUND	681		Rejected!	
GOBP_CELLULAR_RESPONSE_TO_NITROGEN_LEVELS	12		Rejected!	
GOBP_CELLULAR_RESPONSE_TO_NITROSATIVE_STRESS	6		Rejected!	
GOBP_CELLULAR_RESPONSE_TO_NUTRIENT	50	43		
GOBP_CELLULAR_RESPONSE_TO_NUTRIENT_LEVELS	256	216		
GOBP_CELLULAR_RESPONSE_TO_OSMOTIC_STRESS	60	55		
GOBP_CELLULAR_RESPONSE_TO_OXIDATIVE_STRESS	259	215		
GOBP_CELLULAR_RESPONSE_TO_OXIDISED_LOW_DENSITY_LIPOPROTEIN_PARTICLE_STIMULUS	14		Rejected!	
GOBP_CELLULAR_RESPONSE_TO_OXYGEN_CONTAINING_COMPOUND	1257		Rejected!	
GOBP_CELLULAR_RESPONSE_TO_OXYGEN_LEVELS	183	144		
GOBP_CELLULAR_RESPONSE_TO_OXYGEN_RADICAL	23	20		
GOBP_CELLULAR_RESPONSE_TO_PARATHYROID_HORMONE_STIMULUS	11		Rejected!	
GOBP_CELLULAR_RESPONSE_TO_PEPTIDE	16		Rejected!	
GOBP_CELLULAR_RESPONSE_TO_PEPTIDE_HORMONE_STIMULUS	335	272		
GOBP_CELLULAR_RESPONSE_TO_PEPTIDOGLYCAN	7		Rejected!	
GOBP_CELLULAR_RESPONSE_TO_PH	27	24		
GOBP_CELLULAR_RESPONSE_TO_POTASSIUM_ION	14		Rejected!	
GOBP_CELLULAR_RESPONSE_TO_PROGESTERONE_STIMULUS	5		Rejected!	
GOBP_CELLULAR_RESPONSE_TO_PROSTAGLANDIN_E_STIMULUS	19		Rejected!	
GOBP_CELLULAR_RESPONSE_TO_PROSTAGLANDIN_STIMULUS	26	19		
GOBP_CELLULAR_RESPONSE_TO_PURINE_CONTAINING_COMPOUND	13		Rejected!	
GOBP_CELLULAR_RESPONSE_TO_RADIATION	187	149		
GOBP_CELLULAR_RESPONSE_TO_REACTIVE_NITROGEN_SPECIES	18	17		
GOBP_CELLULAR_RESPONSE_TO_REACTIVE_OXYGEN_SPECIES	152	125		
GOBP_CELLULAR_RESPONSE_TO_RETINOIC_ACID	69	58		
GOBP_CELLULAR_RESPONSE_TO_SALT	6		Rejected!	
GOBP_CELLULAR_RESPONSE_TO_SALT_STRESS	14		Rejected!	
GOBP_CELLULAR_RESPONSE_TO_SODIUM_ARSENITE	5		Rejected!	
GOBP_CELLULAR_RESPONSE_TO_STARVATION	188	159		
GOBP_CELLULAR_RESPONSE_TO_STEROID_HORMONE_STIMULUS	221	182		
GOBP_CELLULAR_RESPONSE_TO_STEROL	26	19		
GOBP_CELLULAR_RESPONSE_TO_STEROL_DEPLETION	17	15		
GOBP_CELLULAR_RESPONSE_TO_STRESS	1928		Rejected!	
GOBP_CELLULAR_RESPONSE_TO_TESTOSTERONE_STIMULUS	11		Rejected!	
GOBP_CELLULAR_RESPONSE_TO_THYROID_HORMONE_STIMULUS	12		Rejected!	
GOBP_CELLULAR_RESPONSE_TO_TOPOLOGICALLY_INCORRECT_PROTEIN	117	103		
GOBP_CELLULAR_RESPONSE_TO_TOXIC_SUBSTANCE	138	111		
GOBP_CELLULAR_RESPONSE_TO_TYPE_III_INTERFERON	11		Rejected!	
GOBP_CELLULAR_RESPONSE_TO_TYPE_II_INTERFERON	102	81		
GOBP_CELLULAR_RESPONSE_TO_UNFOLDED_PROTEIN	102	88		
GOBP_CELLULAR_RESPONSE_TO_UV	91	78		
GOBP_CELLULAR_RESPONSE_TO_UV_A	11		Rejected!	
GOBP_CELLULAR_RESPONSE_TO_UV_B	12		Rejected!	
GOBP_CELLULAR_RESPONSE_TO_UV_C	6		Rejected!	
GOBP_CELLULAR_RESPONSE_TO_VASCULAR_ENDOTHELIAL_GROWTH_FACTOR_STIMULUS	85	61		
GOBP_CELLULAR_RESPONSE_TO_VIRUS	89	53		
GOBP_CELLULAR_RESPONSE_TO_VITAMIN	31	24		
GOBP_CELLULAR_RESPONSE_TO_VITAMIN_D	24	19		
GOBP_CELLULAR_RESPONSE_TO_WATER_STIMULUS	6		Rejected!	
GOBP_CELLULAR_RESPONSE_TO_XENOBIOTIC_STIMULUS	204	138		
GOBP_CELLULAR_RESPONSE_TO_X_RAY	11		Rejected!	
GOBP_CELLULAR_RESPONSE_TO_ZINC_ION	25	20		
GOBP_CELLULAR_SENESCENCE	111	84		
GOBP_CELL_ACTIVATION	1177		Rejected!	
GOBP_CELL_ACTIVATION_INVOLVED_IN_IMMUNE_RESPONSE	327	219		
GOBP_CELL_ADHESION	1561		Rejected!	
GOBP_CELL_ADHESION_INVOLVED_IN_HEART_MORPHOGENESIS	9		Rejected!	
GOBP_CELL_ADHESION_MEDIATED_BY_INTEGRIN	89	75		
GOBP_CELL_ADHESION_MOLECULE_PRODUCTION	23		Rejected!	
GOBP_CELL_AGGREGATION	25	17		
GOBP_CELL_CELL_ADHESION	999		Rejected!	
GOBP_CELL_CELL_ADHESION_INVOLVED_IN_GASTRULATION	12		Rejected!	
GOBP_CELL_CELL_ADHESION_MEDIATED_BY_CADHERIN	53	47		
GOBP_CELL_CELL_ADHESION_MEDIATED_BY_INTEGRIN	18	15		
GOBP_CELL_CELL_ADHESION_VIA_PLASMA_MEMBRANE_ADHESION_MOLECULES	282	235		
GOBP_CELL_CELL_JUNCTION_ASSEMBLY	163	135		
GOBP_CELL_CELL_JUNCTION_DISASSEMBLY	7		Rejected!	
GOBP_CELL_CELL_JUNCTION_MAINTENANCE	21	18		
GOBP_CELL_CELL_JUNCTION_ORGANIZATION	225	186		
GOBP_CELL_CELL_RECOGNITION	78	50		
GOBP_CELL_CELL_SIGNALING	1375		Rejected!	
GOBP_CELL_CELL_SIGNALING_INVOLVED_IN_CARDIAC_CONDUCTION	33	25		
GOBP_CELL_CHEMOTAXIS	328	236		
GOBP_CELL_COMMUNICATION_BY_ELECTRICAL_COUPLING	34	29		
GOBP_CELL_COMMUNICATION_BY_ELECTRICAL_COUPLING_INVOLVED_IN_CARDIAC_CONDUCTION	26	22		
GOBP_CELL_COMMUNICATION_INVOLVED_IN_CARDIAC_CONDUCTION	60	45		
GOBP_CELL_CYCLE	1705		Rejected!	
GOBP_CELL_CYCLE_CHECKPOINT_SIGNALING	185	161		
GOBP_CELL_CYCLE_DNA_REPLICATION	47	42		
GOBP_CELL_CYCLE_DNA_REPLICATION_INITIATION	5		Rejected!	
GOBP_CELL_CYCLE_G1_S_PHASE_TRANSITION	272	206		
GOBP_CELL_CYCLE_G2_M_PHASE_TRANSITION	161	141		
GOBP_CELL_CYCLE_PHASE_TRANSITION	570	465		
GOBP_CELL_CYCLE_PROCESS	1348		Rejected!	
GOBP_CELL_DIFFERENTIATION_INVOLVED_IN_EMBRYONIC_PLACENTA_DEVELOPMENT	26	20		
GOBP_CELL_DIFFERENTIATION_INVOLVED_IN_KIDNEY_DEVELOPMENT	59	51		
GOBP_CELL_DIFFERENTIATION_INVOLVED_IN_METANEPHROS_DEVELOPMENT	22	19		
GOBP_CELL_DIFFERENTIATION_INVOLVED_IN_PHENOTYPIC_SWITCHING	5		Rejected!	
GOBP_CELL_DIFFERENTIATION_IN_HINDBRAIN	24	21		
GOBP_CELL_DIFFERENTIATION_IN_SPINAL_CORD	53	46		
GOBP_CELL_DIVISION	652		Rejected!	
GOBP_CELL_FATE_COMMITMENT	302	238		
GOBP_CELL_FATE_COMMITMENT_INVOLVED_IN_FORMATION_OF_PRIMARY_GERM_LAYER	34	22		
GOBP_CELL_FATE_COMMITMENT_INVOLVED_IN_PATTERN_SPECIFICATION	11		Rejected!	
GOBP_CELL_FATE_DETERMINATION	43	33		
GOBP_CELL_FATE_SPECIFICATION	111	90		
GOBP_CELL_FATE_SPECIFICATION_INVOLVED_IN_PATTERN_SPECIFICATION	7		Rejected!	
GOBP_CELL_GROWTH	500	420		
GOBP_CELL_JUNCTION_ASSEMBLY	525	455		
GOBP_CELL_JUNCTION_DISASSEMBLY	33	26		
GOBP_CELL_JUNCTION_MAINTENANCE	53	47		
GOBP_CELL_JUNCTION_ORGANIZATION	857		Rejected!	
GOBP_CELL_KILLING	268	151		
GOBP_CELL_MATRIX_ADHESION	242	200		
GOBP_CELL_MATURATION	219	163		
GOBP_CELL_MIGRATION_INVOLVED_IN_GASTRULATION	14		Rejected!	
GOBP_CELL_MIGRATION_INVOLVED_IN_HEART_DEVELOPMENT	21	19		
GOBP_CELL_MIGRATION_INVOLVED_IN_KIDNEY_DEVELOPMENT	6		Rejected!	
GOBP_CELL_MIGRATION_INVOLVED_IN_METANEPHROS_DEVELOPMENT	5		Rejected!	
GOBP_CELL_MIGRATION_INVOLVED_IN_SPROUTING_ANGIOGENESIS	102	54		
GOBP_CELL_MIGRATION_IN_HINDBRAIN	17	16		
GOBP_CELL_MORPHOGENESIS	1019		Rejected!	
GOBP_CELL_MORPHOGENESIS_INVOLVED_IN_NEURON_DIFFERENTIATION	603		Rejected!	
GOBP_CELL_MOTILITY	1936		Rejected!	
GOBP_CELL_MOTILITY_INVOLVED_IN_CEREBRAL_CORTEX_RADIAL_GLIA_GUIDED_MIGRATION	7		Rejected!	
GOBP_CELL_PROJECTION_ASSEMBLY	649		Rejected!	
GOBP_CELL_PROJECTION_MORPHOGENESIS	686		Rejected!	
GOBP_CELL_PROJECTION_ORGANIZATION	1693		Rejected!	
GOBP_CELL_PROLIFERATION_INVOLVED_IN_HEART_MORPHOGENESIS	21	16		
GOBP_CELL_PROLIFERATION_INVOLVED_IN_KIDNEY_DEVELOPMENT	23	19		
GOBP_CELL_PROLIFERATION_INVOLVED_IN_METANEPHROS_DEVELOPMENT	10		Rejected!	
GOBP_CELL_PROLIFERATION_IN_BONE_MARROW	10		Rejected!	
GOBP_CELL_PROLIFERATION_IN_FOREBRAIN	28	25		
GOBP_CELL_PROLIFERATION_IN_HINDBRAIN	13		Rejected!	
GOBP_CELL_PROLIFERATION_IN_MIDBRAIN	8		Rejected!	
GOBP_CELL_RECOGNITION	162	124		
GOBP_CELL_REDOX_HOMEOSTASIS	44	40		
GOBP_CELL_SUBSTRATE_ADHESION	364	311		
GOBP_CELL_SUBSTRATE_JUNCTION_DISASSEMBLY	8		Rejected!	
GOBP_CELL_SUBSTRATE_JUNCTION_ORGANIZATION	102	91		
GOBP_CELL_SURFACE_PATTERN_RECOGNITION_RECEPTOR_SIGNALING_PATHWAY	85	64		
GOBP_CELL_SURFACE_RECEPTOR_PROTEIN_SERINE_THREONINE_KINASE_SIGNALING_PATHWAY	442	326		
GOBP_CELL_SURFACE_RECEPTOR_PROTEIN_TYROSINE_KINASE_SIGNALING_PATHWAY	681		Rejected!	
GOBP_CELL_SURFACE_RECEPTOR_PROTEIN_TYROSINE_PHOSPHATASE_SIGNALING_PATHWAY	7		Rejected!	
GOBP_CELL_SURFACE_RECEPTOR_SIGNALING_PATHWAY_INVOLVED_IN_HEART_DEVELOPMENT	6		Rejected!	
GOBP_CELL_SURFACE_RECEPTOR_SIGNALING_PATHWAY_VIA_JAK_STAT	131	84		
GOBP_CELL_SURFACE_RECEPTOR_SIGNALING_PATHWAY_VIA_STAT	163	100		
GOBP_CELL_SURFACE_TOLL_LIKE_RECEPTOR_SIGNALING_PATHWAY	76	59		
GOBP_CELL_VOLUME_HOMEOSTASIS	37	32		
GOBP_CEMENTUM_MINERALIZATION	6		Rejected!	
GOBP_CENTRAL_NERVOUS_SYSTEM_DEVELOPMENT	1075		Rejected!	
GOBP_CENTRAL_NERVOUS_SYSTEM_MATURATION	7		Rejected!	
GOBP_CENTRAL_NERVOUS_SYSTEM_MYELIN_FORMATION	6		Rejected!	
GOBP_CENTRAL_NERVOUS_SYSTEM_MYELIN_MAINTENANCE	5		Rejected!	
GOBP_CENTRAL_NERVOUS_SYSTEM_NEURON_AXONOGENESIS	38	34		
GOBP_CENTRAL_NERVOUS_SYSTEM_NEURON_DEVELOPMENT	99	92		
GOBP_CENTRAL_NERVOUS_SYSTEM_NEURON_DIFFERENTIATION	242	216		
GOBP_CENTRAL_NERVOUS_SYSTEM_PROJECTION_NEURON_AXONOGENESIS	29	27		
GOBP_CENTRAL_NERVOUS_SYSTEM_VASCULOGENESIS	5		Rejected!	
GOBP_CENTRIOLE_ASSEMBLY	52	49		
GOBP_CENTRIOLE_CENTRIOLE_COHESION	15		Rejected!	
GOBP_CENTRIOLE_ELONGATION	11		Rejected!	
GOBP_CENTROMERE_COMPLEX_ASSEMBLY	30	26		
GOBP_CENTROMERIC_SISTER_CHROMATID_COHESION	12		Rejected!	
GOBP_CENTROSOME_DUPLICATION	81	77		
GOBP_CENTROSOME_SEPARATION	16		Rejected!	
GOBP_CERAMIDE_1_PHOSPHATE_TRANSPORT	7		Rejected!	
GOBP_CERAMIDE_BIOSYNTHETIC_PROCESS	71	59		
GOBP_CERAMIDE_CATABOLIC_PROCESS	26	18		
GOBP_CERAMIDE_METABOLIC_PROCESS	113	88		
GOBP_CERAMIDE_TRANSPORT	18	16		
GOBP_CEREBELLAR_CORTEX_DEVELOPMENT	56	49		
GOBP_CEREBELLAR_CORTEX_FORMATION	27	24		
GOBP_CEREBELLAR_CORTEX_MORPHOGENESIS	38	32		
GOBP_CEREBELLAR_GRANULAR_LAYER_DEVELOPMENT	13		Rejected!	
GOBP_CEREBELLAR_GRANULAR_LAYER_FORMATION	7		Rejected!	
GOBP_CEREBELLAR_GRANULAR_LAYER_MORPHOGENESIS	9		Rejected!	
GOBP_CEREBELLAR_PURKINJE_CELL_LAYER_DEVELOPMENT	30	27		
GOBP_CEREBELLAR_PURKINJE_CELL_LAYER_FORMATION	16	15		
GOBP_CEREBELLAR_PURKINJE_CELL_LAYER_MORPHOGENESIS	20	18		
GOBP_CEREBRAL_CORTEX_CELL_MIGRATION	50	46		
GOBP_CEREBRAL_CORTEX_DEVELOPMENT	131	119		
GOBP_CEREBRAL_CORTEX_GABAERGIC_INTERNEURON_DEVELOPMENT	8		Rejected!	
GOBP_CEREBRAL_CORTEX_GABAERGIC_INTERNEURON_DIFFERENTIATION	12		Rejected!	
GOBP_CEREBRAL_CORTEX_GABAERGIC_INTERNEURON_MIGRATION	6		Rejected!	
GOBP_CEREBRAL_CORTEX_NEURON_DIFFERENTIATION	28	27		
GOBP_CEREBRAL_CORTEX_RADIALLY_ORIENTED_CELL_MIGRATION	38	34		
GOBP_CEREBRAL_CORTEX_REGIONALIZATION	7		Rejected!	
GOBP_CEREBRAL_CORTEX_TANGENTIAL_MIGRATION	6		Rejected!	
GOBP_CEREBROSPINAL_FLUID_CIRCULATION	18	17		
GOBP_CGAS_STING_SIGNALING_PATHWAY	27	24		
GOBP_CGMP_BIOSYNTHETIC_PROCESS	11		Rejected!	
GOBP_CGMP_CATABOLIC_PROCESS	5		Rejected!	
GOBP_CGMP_MEDIATED_SIGNALING	37	27		
GOBP_CGMP_METABOLIC_PROCESS	17	15		
GOBP_CHAPERONE_MEDIATED_AUTOPHAGY	15		Rejected!	
GOBP_CHAPERONE_MEDIATED_PROTEIN_COMPLEX_ASSEMBLY	24	20		
GOBP_CHAPERONE_MEDIATED_PROTEIN_FOLDING	73	61		
GOBP_CHEMICAL_HOMEOSTASIS	1092		Rejected!	
GOBP_CHEMICAL_SYNAPTIC_TRANSMISSION_POSTSYNAPTIC	121	99		
GOBP_CHEMOKINE_C_C_MOTIF_LIGAND_5_PRODUCTION	12		Rejected!	
GOBP_CHEMOKINE_C_X_C_MOTIF_LIGAND_12_SIGNALING_PATHWAY	7		Rejected!	
GOBP_CHEMOKINE_C_X_C_MOTIF_LIGAND_1_PRODUCTION	6		Rejected!	
GOBP_CHEMOKINE_C_X_C_MOTIF_LIGAND_2_PRODUCTION	21	16		
GOBP_CHEMOKINE_PRODUCTION	104	69		
GOBP_CHEMOREPULSION_OF_AXON	6		Rejected!	
GOBP_CHEMOSENSORY_BEHAVIOR	19	15		
GOBP_CHIASMA_ASSEMBLY	8		Rejected!	
GOBP_CHITIN_METABOLIC_PROCESS	6		Rejected!	
GOBP_CHLORIDE_TRANSPORT	130	108		
GOBP_CHOLANGIOCYTE_PROLIFERATION	5		Rejected!	
GOBP_CHOLESTEROL_CATABOLIC_PROCESS	9		Rejected!	
GOBP_CHOLESTEROL_EFFLUX	78	42		
GOBP_CHOLESTEROL_IMPORT	11		Rejected!	
GOBP_CHOLESTEROL_STORAGE	25	19		
GOBP_CHOLINE_METABOLIC_PROCESS	6		Rejected!	
GOBP_CHOLINE_TRANSPORT	11		Rejected!	
GOBP_CHONDROBLAST_DIFFERENTIATION	5		Rejected!	
GOBP_CHONDROCYTE_DEVELOPMENT	34	32		
GOBP_CHONDROCYTE_DEVELOPMENT_INVOLVED_IN_ENDOCHONDRAL_BONE_MORPHOGENESIS	9		Rejected!	
GOBP_CHONDROCYTE_DIFFERENTIATION	119	103		
GOBP_CHONDROCYTE_DIFFERENTIATION_INVOLVED_IN_ENDOCHONDRAL_BONE_MORPHOGENESIS	15		Rejected!	
GOBP_CHONDROCYTE_HYPERTROPHY	6		Rejected!	
GOBP_CHONDROCYTE_PROLIFERATION	26	24		
GOBP_CHONDROITIN_SULFATE_PROTEOGLYCAN_BIOSYNTHETIC_PROCESS	22	21		
GOBP_CHONDROITIN_SULFATE_PROTEOGLYCAN_METABOLIC_PROCESS	28	27		
GOBP_CHORIONIC_TROPHOBLAST_CELL_DIFFERENTIATION	7		Rejected!	
GOBP_CHORIONIC_TROPHOBLAST_CELL_PROLIFERATION	5		Rejected!	
GOBP_CHORION_DEVELOPMENT	10		Rejected!	
GOBP_CHORIO_ALLANTOIC_FUSION	7		Rejected!	
GOBP_CHROMATIN_LOOPING	16		Rejected!	
GOBP_CHROMATIN_ORGANIZATION	881		Rejected!	
GOBP_CHROMATIN_REMODELING	695		Rejected!	
GOBP_CHROMATIN_REMODELING_AT_CENTROMERE	10		Rejected!	
GOBP_CHROMOSOMAL_5_METHYLCYTOSINE_DNA_DEMETHYLATION_PATHWAY	8		Rejected!	
GOBP_CHROMOSOME_ATTACHMENT_TO_THE_NUCLEAR_ENVELOPE	7		Rejected!	
GOBP_CHROMOSOME_CONDENSATION	47	37		
GOBP_CHROMOSOME_LOCALIZATION	127	114		
GOBP_CHROMOSOME_MOVEMENT_TOWARDS_SPINDLE_POLE	7		Rejected!	
GOBP_CHROMOSOME_ORGANIZATION	588	499		
GOBP_CHROMOSOME_ORGANIZATION_INVOLVED_IN_MEIOTIC_CELL_CYCLE	66	48		
GOBP_CHROMOSOME_SEGREGATION	438	386		
GOBP_CHROMOSOME_SEPARATION	83	74		
GOBP_CHRONIC_INFLAMMATORY_RESPONSE	21		Rejected!	
GOBP_CHYLOMICRON_REMODELING	7		Rejected!	
GOBP_CILIARY_BASAL_BODY_ORGANIZATION	5		Rejected!	
GOBP_CILIARY_NEUROTROPHIC_FACTOR_MEDIATED_SIGNALING_PATHWAY	5		Rejected!	
GOBP_CILIUM_DISASSEMBLY	6		Rejected!	
GOBP_CILIUM_MOVEMENT	267	213		
GOBP_CILIUM_ORGANIZATION	459	416		
GOBP_CILIUM_OR_FLAGELLUM_DEPENDENT_CELL_MOTILITY	224	174		
GOBP_CIRCADIAN_REGULATION_OF_GENE_EXPRESSION	67	57		
GOBP_CIRCADIAN_RHYTHM	211	175		
GOBP_CIRCADIAN_SLEEP_WAKE_CYCLE	26	21		
GOBP_CIRCADIAN_SLEEP_WAKE_CYCLE_NON_REM_SLEEP	8		Rejected!	
GOBP_CIRCADIAN_SLEEP_WAKE_CYCLE_REM_SLEEP	5		Rejected!	
GOBP_CIRCADIAN_SLEEP_WAKE_CYCLE_SLEEP	21	17		
GOBP_CIRCULATORY_SYSTEM_DEVELOPMENT	1268		Rejected!	
GOBP_CIRCULATORY_SYSTEM_PROCESS	645		Rejected!	
GOBP_CITRULLINE_BIOSYNTHETIC_PROCESS	5		Rejected!	
GOBP_CITRULLINE_METABOLIC_PROCESS	8		Rejected!	
GOBP_CLATHRIN_COATED_VESICLE_CARGO_LOADING	7		Rejected!	
GOBP_CLATHRIN_COAT_ASSEMBLY	21	20		
GOBP_CLATHRIN_COAT_DISASSEMBLY	5		Rejected!	
GOBP_CLATHRIN_DEPENDENT_ENDOCYTOSIS	50	46		
GOBP_CLEARANCE_OF_FOREIGN_INTRACELLULAR_NUCLEIC_ACIDS	6		Rejected!	
GOBP_CLEAVAGE_FURROW_FORMATION	7		Rejected!	
GOBP_CLUSTERING_OF_VOLTAGE_GATED_SODIUM_CHANNELS	6		Rejected!	
GOBP_CMP_CATABOLIC_PROCESS	5		Rejected!	
GOBP_CMP_METABOLIC_PROCESS	9		Rejected!	
GOBP_CMP_N_ACETYLNEURAMINATE_BIOSYNTHETIC_PROCESS	5		Rejected!	
GOBP_CMP_N_ACETYLNEURAMINATE_METABOLIC_PROCESS	6		Rejected!	
GOBP_COBALAMIN_METABOLIC_PROCESS	10		Rejected!	
GOBP_COBALAMIN_TRANSPORT	9		Rejected!	
GOBP_COBALT_ION_TRANSPORT	8		Rejected!	
GOBP_COCHLEA_DEVELOPMENT	57	48		
GOBP_COCHLEA_MORPHOGENESIS	28	24		
GOBP_COENZYME_A_BIOSYNTHETIC_PROCESS	10		Rejected!	
GOBP_COENZYME_A_METABOLIC_PROCESS	18	16		
GOBP_COGNITION	332	277		
GOBP_COLLAGEN_ACTIVATED_SIGNALING_PATHWAY	16		Rejected!	
GOBP_COLLAGEN_ACTIVATED_TYROSINE_KINASE_RECEPTOR_SIGNALING_PATHWAY	12		Rejected!	
GOBP_COLLAGEN_BIOSYNTHETIC_PROCESS	54	41		
GOBP_COLLAGEN_CATABOLIC_PROCESS	45	37		
GOBP_COLLAGEN_FIBRIL_ORGANIZATION	71	63		
GOBP_COLLAGEN_METABOLIC_PROCESS	115	92		
GOBP_COLLATERAL_SPROUTING	32	27		
GOBP_COLLATERAL_SPROUTING_IN_ABSENCE_OF_INJURY	5		Rejected!	
GOBP_COLLECTING_DUCT_DEVELOPMENT	15		Rejected!	
GOBP_COLUMNAR_CUBOIDAL_EPITHELIAL_CELL_DEVELOPMENT	27	23		
GOBP_COLUMNAR_CUBOIDAL_EPITHELIAL_CELL_DIFFERENTIATION	113	98		
GOBP_COLUMNAR_CUBOIDAL_EPITHELIAL_CELL_MATURATION	10		Rejected!	
GOBP_COMMA_SHAPED_BODY_MORPHOGENESIS	5		Rejected!	
GOBP_COMMISSURAL_NEURON_AXON_GUIDANCE	14		Rejected!	
GOBP_COMMITMENT_OF_NEURONAL_CELL_TO_SPECIFIC_NEURON_TYPE_IN_FOREBRAIN	6		Rejected!	
GOBP_COMMON_BILE_DUCT_DEVELOPMENT	5		Rejected!	
GOBP_COMMON_MYELOID_PROGENITOR_CELL_PROLIFERATION	9		Rejected!	
GOBP_COMPARTMENT_PATTERN_SPECIFICATION	5		Rejected!	
GOBP_COMPLEMENT_ACTIVATION	65	38		
GOBP_COMPLEMENT_ACTIVATION_ALTERNATIVE_PATHWAY	18		Rejected!	
GOBP_COMPLEMENT_ACTIVATION_CLASSICAL_PATHWAY	40	23		
GOBP_COMPLEMENT_ACTIVATION_LECTIN_PATHWAY	11		Rejected!	
GOBP_COMPLEMENT_DEPENDENT_CYTOTOXICITY	14		Rejected!	
GOBP_COMPLEMENT_RECEPTOR_MEDIATED_SIGNALING_PATHWAY	17		Rejected!	
GOBP_CONDITIONED_PLACE_PREFERENCE	5		Rejected!	
GOBP_CONNECTIVE_TISSUE_DEVELOPMENT	306	260		
GOBP_CONNECTIVE_TISSUE_REPLACEMENT	26		Rejected!	
GOBP_CONNECTIVE_TISSUE_REPLACEMENT_INVOLVED_IN_INFLAMMATORY_RESPONSE_WOUND_HEALING	8		Rejected!	
GOBP_CONSTITUTIVE_HETEROCHROMATIN_FORMATION	63	47		
GOBP_CONSTITUTIVE_SECRETORY_PATHWAY	7		Rejected!	
GOBP_CONVERGENT_EXTENSION	16	15		
GOBP_CONVERGENT_EXTENSION_INVOLVED_IN_AXIS_ELONGATION	6		Rejected!	
GOBP_CONVERGENT_EXTENSION_INVOLVED_IN_GASTRULATION	8		Rejected!	
GOBP_CONVERGENT_EXTENSION_INVOLVED_IN_ORGANOGENESIS	6		Rejected!	
GOBP_COP9_SIGNALOSOME_ASSEMBLY	5		Rejected!	
GOBP_COPII_COATED_VESICLE_BUDDING	43	42		
GOBP_COPII_COATED_VESICLE_CARGO_LOADING	18	17		
GOBP_COPI_COATED_VESICLE_BUDDING	6		Rejected!	
GOBP_COPPER_ION_HOMEOSTASIS	22	21		
GOBP_COPPER_ION_IMPORT	7		Rejected!	
GOBP_COPPER_ION_TRANSMEMBRANE_TRANSPORT	9		Rejected!	
GOBP_COPPER_ION_TRANSPORT	16		Rejected!	
GOBP_COPULATION	16		Rejected!	
GOBP_CORNEA_DEVELOPMENT_IN_CAMERA_TYPE_EYE	13		Rejected!	
GOBP_CORNIFICATION	9		Rejected!	
GOBP_CORNIFIED_ENVELOPE_ASSEMBLY	6		Rejected!	
GOBP_CORONARY_ARTERY_MORPHOGENESIS	9		Rejected!	
GOBP_CORONARY_VASCULATURE_DEVELOPMENT	49	46		
GOBP_CORONARY_VASCULATURE_MORPHOGENESIS	17	15		
GOBP_CORPUS_CALLOSUM_DEVELOPMENT	27	24		
GOBP_CORPUS_CALLOSUM_MORPHOGENESIS	7		Rejected!	
GOBP_CORTICAL_ACTIN_CYTOSKELETON_ORGANIZATION	41	37		
GOBP_CORTICAL_CYTOSKELETON_ORGANIZATION	57	52		
GOBP_CORTICAL_MICROTUBULE_ORGANIZATION	9		Rejected!	
GOBP_CORTICOSPINAL_TRACT_MORPHOGENESIS	9		Rejected!	
GOBP_CORTICOSTEROID_HORMONE_SECRETION	22	18		
GOBP_CORTICOSTERONE_SECRETION	8		Rejected!	
GOBP_CORTICOTROPIN_SECRETION	9		Rejected!	
GOBP_CORTISOL_BIOSYNTHETIC_PROCESS	10		Rejected!	
GOBP_CORTISOL_METABOLIC_PROCESS	12		Rejected!	
GOBP_CORTISOL_SECRETION	5		Rejected!	
GOBP_COTRANSLATIONAL_PROTEIN_TARGETING_TO_MEMBRANE	30	21		
GOBP_CO_TRANSCRIPTIONAL_MRNA_3_END_PROCESSING_CLEAVAGE_AND_POLYADENYLATION_PATHWAY	9		Rejected!	
GOBP_CO_TRANSCRIPTIONAL_RNA_3_END_PROCESSING_CLEAVAGE_AND_POLYADENYLATION_PATHWAY	11		Rejected!	
GOBP_CRANIAL_GANGLION_DEVELOPMENT	5		Rejected!	
GOBP_CRANIAL_NERVE_DEVELOPMENT	62	52		
GOBP_CRANIAL_NERVE_FORMATION	11		Rejected!	
GOBP_CRANIAL_NERVE_MORPHOGENESIS	31	25		
GOBP_CRANIAL_NERVE_STRUCTURAL_ORGANIZATION	11		Rejected!	
GOBP_CRANIAL_SKELETAL_SYSTEM_DEVELOPMENT	73	63		
GOBP_CRANIAL_SUTURE_MORPHOGENESIS	8		Rejected!	
GOBP_CRANIOFACIAL_SUTURE_MORPHOGENESIS	18		Rejected!	
GOBP_CRD_MEDIATED_MRNA_STABILIZATION	11		Rejected!	
GOBP_CRISTAE_FORMATION	20	20		
GOBP_CUT_METABOLIC_PROCESS	5		Rejected!	
GOBP_CXCL12_ACTIVATED_CXCR4_SIGNALING_PATHWAY	5		Rejected!	
GOBP_CYCLIC_GMP_AMP_TRANSMEMBRANE_IMPORT_ACROSS_PLASMA_MEMBRANE	8		Rejected!	
GOBP_CYCLIC_NUCLEOTIDE_BIOSYNTHETIC_PROCESS	21	18		
GOBP_CYCLIC_NUCLEOTIDE_CATABOLIC_PROCESS	14		Rejected!	
GOBP_CYCLIC_NUCLEOTIDE_METABOLIC_PROCESS	41	35		
GOBP_CYCLIC_NUCLEOTIDE_TRANSPORT	11		Rejected!	
GOBP_CYSTEINE_CATABOLIC_PROCESS	5		Rejected!	
GOBP_CYSTEINE_METABOLIC_PROCESS	12		Rejected!	
GOBP_CYTIDINE_METABOLIC_PROCESS	6		Rejected!	
GOBP_CYTIDINE_TO_URIDINE_EDITING	12		Rejected!	
GOBP_CYTOCHROME_COMPLEX_ASSEMBLY	43	42		
GOBP_CYTOCHROME_METABOLIC_PROCESS	6		Rejected!	
GOBP_CYTOKINESIS	194	163		
GOBP_CYTOKINETIC_PROCESS	52	48		
GOBP_CYTOKINE_MEDIATED_SIGNALING_PATHWAY	552	379		
GOBP_CYTOKINE_PRECURSOR_PROCESSING	5		Rejected!	
GOBP_CYTOKINE_PRODUCTION	909		Rejected!	
GOBP_CYTOKINE_PRODUCTION_INVOLVED_IN_IMMUNE_RESPONSE	130	89		
GOBP_CYTOKINE_PRODUCTION_INVOLVED_IN_INFLAMMATORY_RESPONSE	89	52		
GOBP_CYTOLYSIS	11		Rejected!	
GOBP_CYTOLYSIS_BY_HOST_OF_SYMBIONT_CELLS	11		Rejected!	
GOBP_CYTOLYSIS_IN_ANOTHER_ORGANISM	7		Rejected!	
GOBP_CYTOPLASMIC_MICROTUBULE_ORGANIZATION	65	59		
GOBP_CYTOPLASMIC_PATTERN_RECOGNITION_RECEPTOR_SIGNALING_PATHWAY	198	158		
GOBP_CYTOPLASMIC_TRANSLATION	171	158		
GOBP_CYTOPLASMIC_TRANSLATIONAL_ELONGATION	7		Rejected!	
GOBP_CYTOPLASMIC_TRANSLATIONAL_INITIATION	48	46		
GOBP_CYTOPLASM_ORGANIZATION	16		Rejected!	
GOBP_CYTOSKELETON_DEPENDENT_CYTOKINESIS	126	110		
GOBP_CYTOSKELETON_DEPENDENT_INTRACELLULAR_TRANSPORT	210	197		
GOBP_CYTOSKELETON_ORGANIZATION	1558		Rejected!	
GOBP_CYTOSOLIC_CILIOGENESIS	5		Rejected!	
GOBP_CYTOSOLIC_RIBOSOME_ASSEMBLY	9		Rejected!	
GOBP_CYTOSOLIC_TRANSPORT	146	133		
GOBP_CYTOSOL_TO_ENDOPLASMIC_RETICULUM_TRANSPORT	5		Rejected!	
GOBP_C_TERMINAL_PROTEIN_AMINO_ACID_MODIFICATION	10		Rejected!	
GOBP_C_TERMINAL_PROTEIN_DEGLUTAMYLATION	6		Rejected!	
GOBP_C_X_C_CHEMOKINE_RECEPTOR_CXCR4_SIGNALING_PATHWAY	6		Rejected!	
GOBP_DAMP_METABOLIC_PROCESS	7		Rejected!	
GOBP_DCMP_METABOLIC_PROCESS	6		Rejected!	
GOBP_DEADENYLATION_DEPENDENT_DECAPPING_OF_NUCLEAR_TRANSCRIBED_MRNA	12		Rejected!	
GOBP_DECIDUALIZATION	25	20		
GOBP_DEDIFFERENTIATION	12		Rejected!	
GOBP_DEFENSE_RESPONSE_TO_BACTERIUM	352	175		
GOBP_DEFENSE_RESPONSE_TO_GRAM_NEGATIVE_BACTERIUM	112	47		
GOBP_DEFENSE_RESPONSE_TO_GRAM_POSITIVE_BACTERIUM	135	65		
GOBP_DEFENSE_RESPONSE_TO_OTHER_ORGANISM	1347		Rejected!	
GOBP_DEFENSE_RESPONSE_TO_SYMBIONT	1168		Rejected!	
GOBP_DEFENSE_RESPONSE_TO_TUMOR_CELL	12		Rejected!	
GOBP_DEFENSE_RESPONSE_TO_VIRUS	327	259		
GOBP_DEFINITIVE_ERYTHROCYTE_DIFFERENTIATION	5		Rejected!	
GOBP_DEFINITIVE_HEMOPOIESIS	21	16		
GOBP_DEHYDROASCORBIC_ACID_TRANSPORT	13		Rejected!	
GOBP_DELAMINATION	8		Rejected!	
GOBP_DEMETHYLATION	14		Rejected!	
GOBP_DENDRITE_ARBORIZATION	12		Rejected!	
GOBP_DENDRITE_DEVELOPMENT	240	209		
GOBP_DENDRITE_EXTENSION	36	32		
GOBP_DENDRITE_MORPHOGENESIS	143	128		
GOBP_DENDRITE_SELF_AVOIDANCE	16	16		
GOBP_DENDRITIC_CELL_ANTIGEN_PROCESSING_AND_PRESENTATION	16		Rejected!	
GOBP_DENDRITIC_CELL_APOPTOTIC_PROCESS	13		Rejected!	
GOBP_DENDRITIC_CELL_CHEMOTAXIS	26	15		
GOBP_DENDRITIC_CELL_CYTOKINE_PRODUCTION	17		Rejected!	
GOBP_DENDRITIC_CELL_DIFFERENTIATION	52	36		
GOBP_DENDRITIC_CELL_MIGRATION	33	21		
GOBP_DENDRITIC_SPINE_DEVELOPMENT	95	82		
GOBP_DENDRITIC_SPINE_MAINTENANCE	24	20		
GOBP_DENDRITIC_SPINE_MORPHOGENESIS	57	49		
GOBP_DENDRITIC_TRANSPORT	17	17		
GOBP_DENSE_CORE_GRANULE_EXOCYTOSIS	12		Rejected!	
GOBP_DENSE_CORE_GRANULE_TRANSPORT	11		Rejected!	
GOBP_DENTATE_GYRUS_DEVELOPMENT	26	22		
GOBP_DENTINOGENESIS	6		Rejected!	
GOBP_DEOXYRIBONUCLEOSIDE_CATABOLIC_PROCESS	6		Rejected!	
GOBP_DEOXYRIBONUCLEOSIDE_DIPHOSPHATE_METABOLIC_PROCESS	5		Rejected!	
GOBP_DEOXYRIBONUCLEOSIDE_METABOLIC_PROCESS	11		Rejected!	
GOBP_DEOXYRIBONUCLEOSIDE_MONOPHOSPHATE_BIOSYNTHETIC_PROCESS	9		Rejected!	
GOBP_DEOXYRIBONUCLEOSIDE_MONOPHOSPHATE_CATABOLIC_PROCESS	15		Rejected!	
GOBP_DEOXYRIBONUCLEOSIDE_MONOPHOSPHATE_METABOLIC_PROCESS	25	22		
GOBP_DEOXYRIBONUCLEOSIDE_TRIPHOSPHATE_METABOLIC_PROCESS	9		Rejected!	
GOBP_DEOXYRIBONUCLEOTIDE_BIOSYNTHETIC_PROCESS	15		Rejected!	
GOBP_DEOXYRIBONUCLEOTIDE_CATABOLIC_PROCESS	30	28		
GOBP_DEOXYRIBONUCLEOTIDE_METABOLIC_PROCESS	44	41		
GOBP_DEPHOSPHORYLATION	156	129		
GOBP_DEPYRIMIDINATION	8		Rejected!	
GOBP_DERMATAN_SULFATE_PROTEOGLYCAN_BIOSYNTHETIC_PROCESS	8		Rejected!	
GOBP_DERMATAN_SULFATE_PROTEOGLYCAN_METABOLIC_PROCESS	13		Rejected!	
GOBP_DESMOSOME_ASSEMBLY	7		Rejected!	
GOBP_DESMOSOME_ORGANIZATION	15		Rejected!	
GOBP_DETECTION_OF_ABIOTIC_STIMULUS	155	113		
GOBP_DETECTION_OF_BACTERIUM	16		Rejected!	
GOBP_DETECTION_OF_BIOTIC_STIMULUS	37	24		
GOBP_DETECTION_OF_CALCIUM_ION	14		Rejected!	
GOBP_DETECTION_OF_CELL_DENSITY	9		Rejected!	
GOBP_DETECTION_OF_CHEMICAL_STIMULUS	521	62		
GOBP_DETECTION_OF_CHEMICAL_STIMULUS_INVOLVED_IN_SENSORY_PERCEPTION_OF_TASTE	47	22		
GOBP_DETECTION_OF_EXTERNAL_BIOTIC_STIMULUS	26		Rejected!	
GOBP_DETECTION_OF_LIGHT_STIMULUS	75	52		
GOBP_DETECTION_OF_LIGHT_STIMULUS_INVOLVED_IN_SENSORY_PERCEPTION	24	20		
GOBP_DETECTION_OF_LIPOPOLYSACCHARIDE	5		Rejected!	
GOBP_DETECTION_OF_MECHANICAL_STIMULUS	58	46		
GOBP_DETECTION_OF_MECHANICAL_STIMULUS_INVOLVED_IN_SENSORY_PERCEPTION	39	32		
GOBP_DETECTION_OF_MECHANICAL_STIMULUS_INVOLVED_IN_SENSORY_PERCEPTION_OF_PAIN	14		Rejected!	
GOBP_DETECTION_OF_MECHANICAL_STIMULUS_INVOLVED_IN_SENSORY_PERCEPTION_OF_SOUND	18	15		
GOBP_DETECTION_OF_MOLECULE_OF_BACTERIAL_ORIGIN	13		Rejected!	
GOBP_DETECTION_OF_MUSCLE_STRETCH	7		Rejected!	
GOBP_DETECTION_OF_OTHER_ORGANISM	19		Rejected!	
GOBP_DETECTION_OF_OXYGEN	5		Rejected!	
GOBP_DETECTION_OF_STIMULUS	693	184		
GOBP_DETECTION_OF_STIMULUS_INVOLVED_IN_SENSORY_PERCEPTION	560	96		
GOBP_DETECTION_OF_STIMULUS_INVOLVED_IN_SENSORY_PERCEPTION_OF_PAIN	29	23		
GOBP_DETECTION_OF_TEMPERATURE_STIMULUS	27	20		
GOBP_DETECTION_OF_TEMPERATURE_STIMULUS_INVOLVED_IN_SENSORY_PERCEPTION_OF_PAIN	20	16		
GOBP_DETECTION_OF_TEMPERATURE_STIMULUS_INVOLVED_IN_THERMOCEPTION	5		Rejected!	
GOBP_DETECTION_OF_VISIBLE_LIGHT	38	23		
GOBP_DETERMINATION_OF_ADULT_LIFESPAN	38	31		
GOBP_DETERMINATION_OF_DIGESTIVE_TRACT_LEFT_RIGHT_ASYMMETRY	7		Rejected!	
GOBP_DETERMINATION_OF_DORSAL_VENTRAL_ASYMMETRY	11		Rejected!	
GOBP_DETERMINATION_OF_LEFT_RIGHT_ASYMMETRY_IN_LATERAL_MESODERM	10		Rejected!	
GOBP_DETERMINATION_OF_LIVER_LEFT_RIGHT_ASYMMETRY	6		Rejected!	
GOBP_DETERMINATION_OF_PANCREATIC_LEFT_RIGHT_ASYMMETRY	5		Rejected!	
GOBP_DETOXIFICATION	170	122		
GOBP_DETOXIFICATION_OF_CADMIUM_ION	5		Rejected!	
GOBP_DETOXIFICATION_OF_COPPER_ION	16		Rejected!	
GOBP_DETOXIFICATION_OF_INORGANIC_COMPOUND	23	18		
GOBP_DETOXIFICATION_OF_NITROGEN_COMPOUND	5		Rejected!	
GOBP_DEVELOPMENTAL_CELL_GROWTH	235	201		
GOBP_DEVELOPMENTAL_GROWTH	708		Rejected!	
GOBP_DEVELOPMENTAL_GROWTH_INVOLVED_IN_MORPHOGENESIS	243	216		
GOBP_DEVELOPMENTAL_INDUCTION	35	33		
GOBP_DEVELOPMENTAL_MATURATION	361	289		
GOBP_DEVELOPMENTAL_PIGMENTATION	48	42		
GOBP_DEVELOPMENTAL_PROCESS_INVOLVED_IN_REPRODUCTION	1069		Rejected!	
GOBP_DEVELOPMENT_OF_PRIMARY_FEMALE_SEXUAL_CHARACTERISTICS	111	93		
GOBP_DEVELOPMENT_OF_PRIMARY_SEXUAL_CHARACTERISTICS	247	201		
GOBP_DEVELOPMENT_OF_SECONDARY_FEMALE_SEXUAL_CHARACTERISTICS	8		Rejected!	
GOBP_DEVELOPMENT_OF_SECONDARY_SEXUAL_CHARACTERISTICS	11		Rejected!	
GOBP_DE_NOVO_AMP_BIOSYNTHETIC_PROCESS	8		Rejected!	
GOBP_DE_NOVO_CENTRIOLE_ASSEMBLY	6		Rejected!	
GOBP_DE_NOVO_CENTRIOLE_ASSEMBLY_INVOLVED_IN_MULTI_CILIATED_EPITHELIAL_CELL_DIFFERENTIATION	5		Rejected!	
GOBP_DE_NOVO_IMP_BIOSYNTHETIC_PROCESS	6		Rejected!	
GOBP_DE_NOVO_NAD_BIOSYNTHETIC_PROCESS_FROM_L_TRYPTOPHAN	8		Rejected!	
GOBP_DE_NOVO_POST_TRANSLATIONAL_PROTEIN_FOLDING	33	30		
GOBP_DE_NOVO_PROTEIN_FOLDING	38	35		
GOBP_DE_NOVO_PYRIMIDINE_NUCLEOBASE_BIOSYNTHETIC_PROCESS	6		Rejected!	
GOBP_DGMP_METABOLIC_PROCESS	7		Rejected!	
GOBP_DIACYLGLYCEROL_BIOSYNTHETIC_PROCESS	8		Rejected!	
GOBP_DIACYLGLYCEROL_CATABOLIC_PROCESS	6		Rejected!	
GOBP_DIACYLGLYCEROL_METABOLIC_PROCESS	26	23		
GOBP_DIADENOSINE_POLYPHOSPHATE_CATABOLIC_PROCESS	6		Rejected!	
GOBP_DIADENOSINE_POLYPHOSPHATE_METABOLIC_PROCESS	8		Rejected!	
GOBP_DIAPEDESIS	7		Rejected!	
GOBP_DIAPHRAGM_DEVELOPMENT	9		Rejected!	
GOBP_DICARBOXYLIC_ACID_BIOSYNTHETIC_PROCESS	14		Rejected!	
GOBP_DICARBOXYLIC_ACID_CATABOLIC_PROCESS	18	16		
GOBP_DICARBOXYLIC_ACID_METABOLIC_PROCESS	103	88		
GOBP_DICARBOXYLIC_ACID_TRANSPORT	107	90		
GOBP_DICHOTOMOUS_SUBDIVISION_OF_AN_EPITHELIAL_TERMINAL_UNIT	10		Rejected!	
GOBP_DIENCEPHALON_DEVELOPMENT	83	73		
GOBP_DIET_INDUCED_THERMOGENESIS	12		Rejected!	
GOBP_DIGESTION	145	98		
GOBP_DIGESTIVE_SYSTEM_DEVELOPMENT	155	125		
GOBP_DIGESTIVE_SYSTEM_PROCESS	113	85		
GOBP_DIGESTIVE_TRACT_MORPHOGENESIS	53	45		
GOBP_DIOL_BIOSYNTHETIC_PROCESS	23	20		
GOBP_DIOL_METABOLIC_PROCESS	33	28		
GOBP_DIPEPTIDE_TRANSMEMBRANE_TRANSPORT	8		Rejected!	
GOBP_DIPHOSPHOINOSITOL_POLYPHOSPHATE_METABOLIC_PROCESS	5		Rejected!	
GOBP_DIRECT_OSSIFICATION	6		Rejected!	
GOBP_DISACCHARIDE_METABOLIC_PROCESS	8		Rejected!	
GOBP_DISRUPTION_OF_ANATOMICAL_STRUCTURE_IN_ANOTHER_ORGANISM	125	59		
GOBP_DISRUPTION_OF_CELLULAR_ANATOMICAL_STRUCTURE_IN_ANOTHER_ORGANISM	6		Rejected!	
GOBP_DISTAL_CONVOLUTED_TUBULE_DEVELOPMENT	5		Rejected!	
GOBP_DISTAL_TUBULE_DEVELOPMENT	12		Rejected!	
GOBP_DITERPENOID_BIOSYNTHETIC_PROCESS	10		Rejected!	
GOBP_DNA_ALKYLATION_REPAIR	11		Rejected!	
GOBP_DNA_BIOSYNTHETIC_PROCESS	163	145		
GOBP_DNA_CATABOLIC_PROCESS	29	25		
GOBP_DNA_CONFORMATION_CHANGE	18	15		
GOBP_DNA_CYTOSINE_DEAMINATION	9		Rejected!	
GOBP_DNA_DAMAGE_RESPONSE	938		Rejected!	
GOBP_DNA_DAMAGE_RESPONSE_SIGNAL_TRANSDUCTION_BY_P53_CLASS_MEDIATOR	78	66		
GOBP_DNA_DEAMINATION	13		Rejected!	
GOBP_DNA_DOUBLE_STRAND_BREAK_PROCESSING	22	17		
GOBP_DNA_ENDOREDUPLICATION	5		Rejected!	
GOBP_DNA_GEOMETRIC_CHANGE	8		Rejected!	
GOBP_DNA_INTEGRATION	8		Rejected!	
GOBP_DNA_INTEGRITY_CHECKPOINT_SIGNALING	124	108		
GOBP_DNA_METABOLIC_PROCESS	1004		Rejected!	
GOBP_DNA_METHYLATION_DEPENDENT_CONSTITUTIVE_HETEROCHROMATIN_FORMATION	43	29		
GOBP_DNA_MODIFICATION	29	23		
GOBP_DNA_PROTECTION	7		Rejected!	
GOBP_DNA_RECOMBINATION	346	280		
GOBP_DNA_REPAIR	630		Rejected!	
GOBP_DNA_REPAIR_COMPLEX_ASSEMBLY	5		Rejected!	
GOBP_DNA_REPAIR_DEPENDENT_CHROMATIN_REMODELING	23	23		
GOBP_DNA_REPLICATION	277	253		
GOBP_DNA_REPLICATION_CHECKPOINT_SIGNALING	20	18		
GOBP_DNA_REPLICATION_DEPENDENT_CHROMATIN_ASSEMBLY	7		Rejected!	
GOBP_DNA_REPLICATION_INITIATION	38	34		
GOBP_DNA_REPLICATION_SYNTHESIS_OF_PRIMER	6		Rejected!	
GOBP_DNA_STRAND_ELONGATION	37	34		
GOBP_DNA_STRAND_ELONGATION_INVOLVED_IN_DNA_REPLICATION	15		Rejected!	
GOBP_DNA_STRAND_INVASION	6		Rejected!	
GOBP_DNA_STRAND_RESECTION_INVOLVED_IN_REPLICATION_FORK_PROCESSING	10		Rejected!	
GOBP_DNA_SYNTHESIS_INVOLVED_IN_DNA_REPAIR	42	37		
GOBP_DNA_TEMPLATED_DNA_REPLICATION	161	148		
GOBP_DNA_TEMPLATED_DNA_REPLICATION_MAINTENANCE_OF_FIDELITY	59	53		
GOBP_DNA_TEMPLATED_TRANSCRIPTION_ELONGATION	137	123		
GOBP_DNA_TEMPLATED_TRANSCRIPTION_INITIATION	233	186		
GOBP_DNA_TEMPLATED_TRANSCRIPTION_TERMINATION	30	22		
GOBP_DNA_TOPOLOGICAL_CHANGE	10		Rejected!	
GOBP_DOLICHOL_LINKED_OLIGOSACCHARIDE_BIOSYNTHETIC_PROCESS	22	21		
GOBP_DOLICHOL_METABOLIC_PROCESS	8		Rejected!	
GOBP_DOLICHYL_DIPHOSPHATE_BIOSYNTHETIC_PROCESS	5		Rejected!	
GOBP_DOPAMINERGIC_NEURON_AXON_GUIDANCE	6		Rejected!	
GOBP_DOPAMINERGIC_NEURON_DIFFERENTIATION	44	36		
GOBP_DOPAMINE_BIOSYNTHETIC_PROCESS	13		Rejected!	
GOBP_DOPAMINE_METABOLIC_PROCESS	44	36		
GOBP_DOPAMINE_SECRETION	28	26		
GOBP_DOPAMINE_TRANSPORT	43	38		
GOBP_DORSAL_AORTA_DEVELOPMENT	10		Rejected!	
GOBP_DORSAL_AORTA_MORPHOGENESIS	8		Rejected!	
GOBP_DORSAL_ROOT_GANGLION_DEVELOPMENT	7		Rejected!	
GOBP_DORSAL_SPINAL_CORD_DEVELOPMENT	21	16		
GOBP_DORSAL_VENTRAL_AXIS_SPECIFICATION	14		Rejected!	
GOBP_DORSAL_VENTRAL_NEURAL_TUBE_PATTERNING	17		Rejected!	
GOBP_DORSAL_VENTRAL_PATTERN_FORMATION	92	79		
GOBP_DOUBLE_STRAND_BREAK_REPAIR	325	279		
GOBP_DOUBLE_STRAND_BREAK_REPAIR_INVOLVED_IN_MEIOTIC_RECOMBINATION	12		Rejected!	
GOBP_DOUBLE_STRAND_BREAK_REPAIR_VIA_ALTERNATIVE_NONHOMOLOGOUS_END_JOINING	9		Rejected!	
GOBP_DOUBLE_STRAND_BREAK_REPAIR_VIA_BREAK_INDUCED_REPLICATION	12		Rejected!	
GOBP_DOUBLE_STRAND_BREAK_REPAIR_VIA_CLASSICAL_NONHOMOLOGOUS_END_JOINING	10		Rejected!	
GOBP_DOUBLE_STRAND_BREAK_REPAIR_VIA_NONHOMOLOGOUS_END_JOINING	77	69		
GOBP_DOUBLE_STRAND_BREAK_REPAIR_VIA_SINGLE_STRAND_ANNEALING	8		Rejected!	
GOBP_DOUBLE_STRAND_BREAK_REPAIR_VIA_SYNTHESIS_DEPENDENT_STRAND_ANNEALING	9		Rejected!	
GOBP_DRINKING_BEHAVIOR	11		Rejected!	
GOBP_DTMP_METABOLIC_PROCESS	7		Rejected!	
GOBP_DTTP_METABOLIC_PROCESS	5		Rejected!	
GOBP_DUCTUS_ARTERIOSUS_CLOSURE	5		Rejected!	
GOBP_DUMP_CATABOLIC_PROCESS	6		Rejected!	
GOBP_DUMP_METABOLIC_PROCESS	8		Rejected!	
GOBP_D_AMINO_ACID_TRANSPORT	6		Rejected!	
GOBP_D_ASPARTATE_TRANSMEMBRANE_TRANSPORT	5		Rejected!	
GOBP_D_GLUCOSE_IMPORT	83	61		
GOBP_D_GLUCOSE_IMPORT_ACROSS_PLASMA_MEMBRANE	5		Rejected!	
GOBP_D_GLUCURONATE_CATABOLIC_PROCESS_TO_D_XYLULOSE_5_PHOSPHATE	5		Rejected!	
GOBP_EARLY_ENDOSOME_TO_GOLGI_TRANSPORT	17	16		
GOBP_EARLY_ENDOSOME_TO_RECYCLING_ENDOSOME_TRANSPORT	7		Rejected!	
GOBP_EAR_DEVELOPMENT	238	211		
GOBP_EAR_MORPHOGENESIS	136	121		
GOBP_EATING_BEHAVIOR	41	28		
GOBP_ECTODERMAL_CELL_DIFFERENTIATION	8		Rejected!	
GOBP_ECTODERMAL_PLACODE_DEVELOPMENT	15		Rejected!	
GOBP_ECTODERM_DEVELOPMENT	24	17		
GOBP_ECTOPIC_GERM_CELL_PROGRAMMED_CELL_DEATH	18	16		
GOBP_EGG_ACTIVATION	12		Rejected!	
GOBP_ELASTIC_FIBER_ASSEMBLY	11		Rejected!	
GOBP_ELASTIN_CATABOLIC_PROCESS	5		Rejected!	
GOBP_ELASTIN_METABOLIC_PROCESS	7		Rejected!	
GOBP_ELECTRON_TRANSPORT_CHAIN	127	107		
GOBP_EMBRYONIC_APPENDAGE_MORPHOGENESIS	129	119		
GOBP_EMBRYONIC_AXIS_SPECIFICATION	43	33		
GOBP_EMBRYONIC_BODY_MORPHOGENESIS	8		Rejected!	
GOBP_EMBRYONIC_BRAIN_DEVELOPMENT	20	19		
GOBP_EMBRYONIC_CAMERA_TYPE_EYE_DEVELOPMENT	40	35		
GOBP_EMBRYONIC_CAMERA_TYPE_EYE_FORMATION	11		Rejected!	
GOBP_EMBRYONIC_CAMERA_TYPE_EYE_MORPHOGENESIS	27	22		
GOBP_EMBRYONIC_CLEAVAGE	9		Rejected!	
GOBP_EMBRYONIC_CRANIAL_SKELETON_MORPHOGENESIS	43	38		
GOBP_EMBRYONIC_DIGESTIVE_TRACT_DEVELOPMENT	35	29		
GOBP_EMBRYONIC_DIGESTIVE_TRACT_MORPHOGENESIS	18	16		
GOBP_EMBRYONIC_DIGIT_MORPHOGENESIS	61	54		
GOBP_EMBRYONIC_EPITHELIAL_TUBE_FORMATION	126	106		
GOBP_EMBRYONIC_EYE_MORPHOGENESIS	36	30		
GOBP_EMBRYONIC_FORELIMB_MORPHOGENESIS	33	32		
GOBP_EMBRYONIC_HEART_TUBE_DEVELOPMENT	88	74		
GOBP_EMBRYONIC_HEART_TUBE_LEFT_RIGHT_PATTERN_FORMATION	6		Rejected!	
GOBP_EMBRYONIC_HEART_TUBE_MORPHOGENESIS	70	58		
GOBP_EMBRYONIC_HEMOPOIESIS	24	16		
GOBP_EMBRYONIC_HINDLIMB_MORPHOGENESIS	29	27		
GOBP_EMBRYONIC_MORPHOGENESIS	637		Rejected!	
GOBP_EMBRYONIC_NEUROCRANIUM_MORPHOGENESIS	8		Rejected!	
GOBP_EMBRYONIC_OLFACTORY_BULB_INTERNEURON_PRECURSOR_MIGRATION	5		Rejected!	
GOBP_EMBRYONIC_ORGAN_DEVELOPMENT	473	409		
GOBP_EMBRYONIC_ORGAN_MORPHOGENESIS	306	271		
GOBP_EMBRYONIC_PATTERN_SPECIFICATION	78	59		
GOBP_EMBRYONIC_PLACENTA_DEVELOPMENT	93	75		
GOBP_EMBRYONIC_PLACENTA_MORPHOGENESIS	27	23		
GOBP_EMBRYONIC_PROCESS_INVOLVED_IN_FEMALE_PREGNANCY	8		Rejected!	
GOBP_EMBRYONIC_RETINA_MORPHOGENESIS_IN_CAMERA_TYPE_EYE	6		Rejected!	
GOBP_EMBRYONIC_SKELETAL_JOINT_DEVELOPMENT	16	15		
GOBP_EMBRYONIC_SKELETAL_JOINT_MORPHOGENESIS	12		Rejected!	
GOBP_EMBRYONIC_SKELETAL_SYSTEM_DEVELOPMENT	136	125		
GOBP_EMBRYONIC_SKELETAL_SYSTEM_MORPHOGENESIS	94	85		
GOBP_EMBRYONIC_VISCEROCRANIUM_MORPHOGENESIS	10		Rejected!	
GOBP_EMBRYO_DEVELOPMENT	1165		Rejected!	
GOBP_EMBRYO_DEVELOPMENT_ENDING_IN_BIRTH_OR_EGG_HATCHING	722		Rejected!	
GOBP_EMBRYO_IMPLANTATION	71	56		
GOBP_ENAMEL_MINERALIZATION	22	15		
GOBP_ENDOCARDIAL_CELL_DIFFERENTIATION	6		Rejected!	
GOBP_ENDOCARDIAL_CUSHION_DEVELOPMENT	55	46		
GOBP_ENDOCARDIAL_CUSHION_FORMATION	31	26		
GOBP_ENDOCARDIAL_CUSHION_FUSION	5		Rejected!	
GOBP_ENDOCARDIAL_CUSHION_MORPHOGENESIS	44	36		
GOBP_ENDOCARDIAL_CUSHION_TO_MESENCHYMAL_TRANSITION	6		Rejected!	
GOBP_ENDOCARDIUM_DEVELOPMENT	12		Rejected!	
GOBP_ENDOCARDIUM_MORPHOGENESIS	6		Rejected!	
GOBP_ENDOCHONDRAL_BONE_MORPHOGENESIS	61	57		
GOBP_ENDOCRINE_HORMONE_SECRETION	60	49		
GOBP_ENDOCRINE_PANCREAS_DEVELOPMENT	47	39		
GOBP_ENDOCRINE_PROCESS	104	81		
GOBP_ENDOCRINE_SYSTEM_DEVELOPMENT	138	115		
GOBP_ENDOCYTIC_RECYCLING	92	86		
GOBP_ENDOCYTOSIS	720		Rejected!	
GOBP_ENDOCYTOSIS_INVOLVED_IN_VIRAL_ENTRY_INTO_HOST_CELL	14		Rejected!	
GOBP_ENDODERMAL_CELL_FATE_COMMITMENT	15		Rejected!	
GOBP_ENDODERMAL_CELL_FATE_SPECIFICATION	8		Rejected!	
GOBP_ENDODERM_DEVELOPMENT	89	72		
GOBP_ENDODERM_FORMATION	61	52		
GOBP_ENDOLYSOSOMAL_TOLL_LIKE_RECEPTOR_SIGNALING_PATHWAY	52	41		
GOBP_ENDOMEMBRANE_SYSTEM_ORGANIZATION	644		Rejected!	
GOBP_ENDONUCLEOLYTIC_CLEAVAGE_IN_5_ETS_OF_TRICISTRONIC_RRNA_TRANSCRIPT_SSU_RRNA_5_8S_RRNA_LSU_RRNA	8		Rejected!	
GOBP_ENDONUCLEOLYTIC_CLEAVAGE_IN_ITS1_TO_SEPARATE_SSU_RRNA_FROM_5_8S_RRNA_AND_LSU_RRNA_FROM_TRICISTRONIC_RRNA_TRANSCRIPT_SSU_RRNA_5_8S_RRNA_LSU_RRNA	10		Rejected!	
GOBP_ENDONUCLEOLYTIC_CLEAVAGE_OF_TRICISTRONIC_RRNA_TRANSCRIPT_SSU_RRNA_5_8S_RRNA_LSU_RRNA	17	17		
GOBP_ENDOPLASMIC_RETICULUM_CALCIUM_ION_HOMEOSTASIS	26	25		
GOBP_ENDOPLASMIC_RETICULUM_LOCALIZATION	9		Rejected!	
GOBP_ENDOPLASMIC_RETICULUM_MANNOSE_TRIMMING	14		Rejected!	
GOBP_ENDOPLASMIC_RETICULUM_MEMBRANE_FUSION	5		Rejected!	
GOBP_ENDOPLASMIC_RETICULUM_MEMBRANE_ORGANIZATION	14		Rejected!	
GOBP_ENDOPLASMIC_RETICULUM_ORGANIZATION	104	91		
GOBP_ENDOPLASMIC_RETICULUM_PLASMA_MEMBRANE_TETHERING	6		Rejected!	
GOBP_ENDOPLASMIC_RETICULUM_TO_CYTOSOL_TRANSPORT	29	26		
GOBP_ENDOPLASMIC_RETICULUM_TO_GOLGI_VESICLE_MEDIATED_TRANSPORT	140	123		
GOBP_ENDOPLASMIC_RETICULUM_TUBULAR_NETWORK_FORMATION	6		Rejected!	
GOBP_ENDOPLASMIC_RETICULUM_TUBULAR_NETWORK_MEMBRANE_ORGANIZATION	5		Rejected!	
GOBP_ENDOPLASMIC_RETICULUM_TUBULAR_NETWORK_ORGANIZATION	23	17		
GOBP_ENDOSOMAL_LUMEN_ACIDIFICATION	14		Rejected!	
GOBP_ENDOSOMAL_TRANSPORT	298	278		
GOBP_ENDOSOMAL_VESICLE_FUSION	15		Rejected!	
GOBP_ENDOSOME_ORGANIZATION	101	93		
GOBP_ENDOSOME_TO_LYSOSOME_TRANSPORT	68	60		
GOBP_ENDOSOME_TO_LYSOSOME_TRANSPORT_VIA_MULTIVESICULAR_BODY_SORTING_PATHWAY	18	16		
GOBP_ENDOSOME_TO_PLASMA_MEMBRANE_PROTEIN_TRANSPORT	19	18		
GOBP_ENDOTHELIAL_CELL_ACTIVATION	11		Rejected!	
GOBP_ENDOTHELIAL_CELL_APOPTOTIC_PROCESS	75	49		
GOBP_ENDOTHELIAL_CELL_CHEMOTAXIS	33	27		
GOBP_ENDOTHELIAL_CELL_DEVELOPMENT	72	61		
GOBP_ENDOTHELIAL_CELL_DIFFERENTIATION	129	97		
GOBP_ENDOTHELIAL_CELL_FATE_COMMITMENT	8		Rejected!	
GOBP_ENDOTHELIAL_CELL_MATRIX_ADHESION	11		Rejected!	
GOBP_ENDOTHELIAL_CELL_MATRIX_ADHESION_VIA_FIBRONECTIN	9		Rejected!	
GOBP_ENDOTHELIAL_CELL_MIGRATION	304	198		
GOBP_ENDOTHELIAL_CELL_MORPHOGENESIS	15		Rejected!	
GOBP_ENDOTHELIAL_CELL_PROLIFERATION	211	131		
GOBP_ENDOTHELIN_RECEPTOR_SIGNALING_PATHWAY	12		Rejected!	
GOBP_ENDOTHELIUM_DEVELOPMENT	152	120		
GOBP_ENERGY_DERIVATION_BY_OXIDATION_OF_ORGANIC_COMPOUNDS	348	293		
GOBP_ENERGY_HOMEOSTASIS	87	69		
GOBP_ENERGY_RESERVE_METABOLIC_PROCESS	102	82		
GOBP_ENGULFMENT_OF_APOPTOTIC_CELL	12		Rejected!	
GOBP_ENSHEATHMENT_OF_NEURONS	159	145		
GOBP_ENTERIC_NERVOUS_SYSTEM_DEVELOPMENT	12		Rejected!	
GOBP_ENTEROENDOCRINE_CELL_DIFFERENTIATION	38	30		
GOBP_ENTRAINMENT_OF_CIRCADIAN_CLOCK	29	25		
GOBP_ENTRAINMENT_OF_CIRCADIAN_CLOCK_BY_PHOTOPERIOD	24	20		
GOBP_ENUCLEATE_ERYTHROCYTE_DEVELOPMENT	8		Rejected!	
GOBP_ENUCLEATE_ERYTHROCYTE_DIFFERENTIATION	15		Rejected!	
GOBP_ENUCLEATE_ERYTHROCYTE_MATURATION	6		Rejected!	
GOBP_ENZYME_LINKED_RECEPTOR_PROTEIN_SIGNALING_PATHWAY	1087		Rejected!	
GOBP_EOSINOPHIL_ACTIVATION	10		Rejected!	
GOBP_EOSINOPHIL_CHEMOTAXIS	21		Rejected!	
GOBP_EOSINOPHIL_DIFFERENTIATION	7		Rejected!	
GOBP_EOSINOPHIL_MEDIATED_IMMUNITY	10		Rejected!	
GOBP_EOSINOPHIL_MIGRATION	25		Rejected!	
GOBP_EPHRIN_RECEPTOR_SIGNALING_PATHWAY	53	48		
GOBP_EPIBOLY	43	36		
GOBP_EPIDERMAL_CELL_DIFFERENTIATION	255	157		
GOBP_EPIDERMAL_CELL_FATE_SPECIFICATION	5		Rejected!	
GOBP_EPIDERMIS_DEVELOPMENT	402	280		
GOBP_EPIDERMIS_MORPHOGENESIS	38	29		
GOBP_EPIGENETIC_PROGRAMMING_IN_THE_ZYGOTIC_PRONUCLEI	16		Rejected!	
GOBP_EPIGENETIC_PROGRAMMING_OF_GENE_EXPRESSION	36	28		
GOBP_EPIGENETIC_REGULATION_OF_GENE_EXPRESSION	314	227		
GOBP_EPINEPHRINE_METABOLIC_PROCESS	5		Rejected!	
GOBP_EPINEPHRINE_SECRETION	7		Rejected!	
GOBP_EPINEPHRINE_TRANSPORT	11		Rejected!	
GOBP_EPITHELIAL_CELL_APOPTOTIC_PROCESS	83	63		
GOBP_EPITHELIAL_CELL_CELL_ADHESION	18	16		
GOBP_EPITHELIAL_CELL_DEVELOPMENT	229	189		
GOBP_EPITHELIAL_CELL_DIFFERENTIATION	781		Rejected!	
GOBP_EPITHELIAL_CELL_DIFFERENTIATION_INVOLVED_IN_KIDNEY_DEVELOPMENT	50	43		
GOBP_EPITHELIAL_CELL_DIFFERENTIATION_INVOLVED_IN_PROSTATE_GLAND_DEVELOPMENT	12		Rejected!	
GOBP_EPITHELIAL_CELL_FATE_COMMITMENT	15		Rejected!	
GOBP_EPITHELIAL_CELL_MATURATION	25	23		
GOBP_EPITHELIAL_CELL_MORPHOGENESIS	40	32		
GOBP_EPITHELIAL_CELL_PROLIFERATION	506	367		
GOBP_EPITHELIAL_CELL_PROLIFERATION_INVOLVED_IN_LUNG_MORPHOGENESIS	12		Rejected!	
GOBP_EPITHELIAL_CELL_PROLIFERATION_INVOLVED_IN_MAMMARY_GLAND_DUCT_ELONGATION	5		Rejected!	
GOBP_EPITHELIAL_CELL_PROLIFERATION_INVOLVED_IN_PROSTATE_GLAND_DEVELOPMENT	11		Rejected!	
GOBP_EPITHELIAL_CELL_PROLIFERATION_INVOLVED_IN_RENAL_TUBULE_MORPHOGENESIS	5		Rejected!	
GOBP_EPITHELIAL_CELL_PROLIFERATION_INVOLVED_IN_SALIVARY_GLAND_MORPHOGENESIS	5		Rejected!	
GOBP_EPITHELIAL_CILIUM_MOVEMENT_INVOLVED_IN_DETERMINATION_OF_LEFT_RIGHT_ASYMMETRY	13		Rejected!	
GOBP_EPITHELIAL_FLUID_TRANSPORT	13		Rejected!	
GOBP_EPITHELIAL_MESENCHYMAL_CELL_SIGNALING	5		Rejected!	
GOBP_EPITHELIAL_STRUCTURE_MAINTENANCE	39	32		
GOBP_EPITHELIAL_TO_MESENCHYMAL_TRANSITION	190	149		
GOBP_EPITHELIAL_TO_MESENCHYMAL_TRANSITION_INVOLVED_IN_ENDOCARDIAL_CUSHION_FORMATION	18		Rejected!	
GOBP_EPITHELIAL_TUBE_BRANCHING_INVOLVED_IN_LUNG_MORPHOGENESIS	32	29		
GOBP_EPITHELIAL_TUBE_MORPHOGENESIS	344	301		
GOBP_EPITHELIUM_DEVELOPMENT	1281		Rejected!	
GOBP_EPOXIDE_METABOLIC_PROCESS	5		Rejected!	
GOBP_EPOXYGENASE_P450_PATHWAY	17		Rejected!	
GOBP_EQUILIBRIOCEPTION	8		Rejected!	
GOBP_ERAD_PATHWAY	112	98		
GOBP_ERBB2_EGFR_SIGNALING_PATHWAY	8		Rejected!	
GOBP_ERBB2_ERBB4_SIGNALING_PATHWAY	5		Rejected!	
GOBP_ERBB2_SIGNALING_PATHWAY	23	20		
GOBP_ERBB3_SIGNALING_PATHWAY	10		Rejected!	
GOBP_ERBB4_ERBB4_SIGNALING_PATHWAY	6		Rejected!	
GOBP_ERBB4_SIGNALING_PATHWAY	10		Rejected!	
GOBP_ERBB_SIGNALING_PATHWAY	141	122		
GOBP_ERK1_AND_ERK2_CASCADE	330	260		
GOBP_ERK5_CASCADE	6		Rejected!	
GOBP_ERROR_FREE_TRANSLESION_SYNTHESIS	5		Rejected!	
GOBP_ERROR_PRONE_TRANSLESION_SYNTHESIS	12		Rejected!	
GOBP_ERYTHROCYTE_DEVELOPMENT	45	33		
GOBP_ERYTHROCYTE_HOMEOSTASIS	159	124		
GOBP_ERYTHROCYTE_MATURATION	24	17		
GOBP_ERYTHROPOIETIN_MEDIATED_SIGNALING_PATHWAY	6		Rejected!	
GOBP_ERYTHROSE_4_PHOSPHATE_PHOSPHOENOLPYRUVATE_FAMILY_AMINO_ACID_CATABOLIC_PROCESS	16		Rejected!	
GOBP_ERYTHROSE_4_PHOSPHATE_PHOSPHOENOLPYRUVATE_FAMILY_AMINO_ACID_METABOLIC_PROCESS	28	23		
GOBP_ER_NUCLEUS_SIGNALING_PATHWAY	54	46		
GOBP_ER_OVERLOAD_RESPONSE	11		Rejected!	
GOBP_ESCRT_COMPLEX_DISASSEMBLY	10		Rejected!	
GOBP_ESTABLISHMENT_OF_BLOOD_BRAIN_BARRIER	17	16		
GOBP_ESTABLISHMENT_OF_BLOOD_RETINAL_BARRIER	6		Rejected!	
GOBP_ESTABLISHMENT_OF_CELL_POLARITY	165	149		
GOBP_ESTABLISHMENT_OF_CENTROSOME_LOCALIZATION	10		Rejected!	
GOBP_ESTABLISHMENT_OF_ENDOTHELIAL_BARRIER	54	44		
GOBP_ESTABLISHMENT_OF_ENDOTHELIAL_INTESTINAL_BARRIER	15		Rejected!	
GOBP_ESTABLISHMENT_OF_EPITHELIAL_CELL_APICAL_BASAL_POLARITY	19	18		
GOBP_ESTABLISHMENT_OF_EPITHELIAL_CELL_POLARITY	33	30		
GOBP_ESTABLISHMENT_OF_GOLGI_LOCALIZATION	8		Rejected!	
GOBP_ESTABLISHMENT_OF_LEFT_RIGHT_ASYMMETRY	8		Rejected!	
GOBP_ESTABLISHMENT_OF_LYMPHOCYTE_POLARITY	16		Rejected!	
GOBP_ESTABLISHMENT_OF_MEIOTIC_SPINDLE_LOCALIZATION	8		Rejected!	
GOBP_ESTABLISHMENT_OF_MITOCHONDRION_LOCALIZATION	35	33		
GOBP_ESTABLISHMENT_OF_MITOCHONDRION_LOCALIZATION_MICROTUBULE_MEDIATED	28	26		
GOBP_ESTABLISHMENT_OF_MITOTIC_SISTER_CHROMATID_COHESION	7		Rejected!	
GOBP_ESTABLISHMENT_OF_MITOTIC_SPINDLE_LOCALIZATION	42	40		
GOBP_ESTABLISHMENT_OF_ORGANELLE_LOCALIZATION	493	436		
GOBP_ESTABLISHMENT_OF_PIGMENT_GRANULE_LOCALIZATION	24	23		
GOBP_ESTABLISHMENT_OF_PLANAR_POLARITY_OF_EMBRYONIC_EPITHELIUM	6		Rejected!	
GOBP_ESTABLISHMENT_OF_PROTEIN_LOCALIZATION	1747		Rejected!	
GOBP_ESTABLISHMENT_OF_PROTEIN_LOCALIZATION_TO_CHROMATIN	9		Rejected!	
GOBP_ESTABLISHMENT_OF_PROTEIN_LOCALIZATION_TO_CHROMOSOME	22	20		
GOBP_ESTABLISHMENT_OF_PROTEIN_LOCALIZATION_TO_ENDOPLASMIC_RETICULUM	49	38		
GOBP_ESTABLISHMENT_OF_PROTEIN_LOCALIZATION_TO_MEMBRANE	279	249		
GOBP_ESTABLISHMENT_OF_PROTEIN_LOCALIZATION_TO_MITOCHONDRIAL_MEMBRANE	33	31		
GOBP_ESTABLISHMENT_OF_PROTEIN_LOCALIZATION_TO_ORGANELLE	461	410		
GOBP_ESTABLISHMENT_OF_PROTEIN_LOCALIZATION_TO_PEROXISOME	20	19		
GOBP_ESTABLISHMENT_OF_PROTEIN_LOCALIZATION_TO_PLASMA_MEMBRANE	69	62		
GOBP_ESTABLISHMENT_OF_PROTEIN_LOCALIZATION_TO_TELOMERE	12		Rejected!	
GOBP_ESTABLISHMENT_OF_PROTEIN_LOCALIZATION_TO_VACUOLE	58	51		
GOBP_ESTABLISHMENT_OF_RNA_LOCALIZATION	165	142		
GOBP_ESTABLISHMENT_OF_SERTOLI_CELL_BARRIER	5		Rejected!	
GOBP_ESTABLISHMENT_OF_SISTER_CHROMATID_COHESION	11		Rejected!	
GOBP_ESTABLISHMENT_OF_SKIN_BARRIER	37	27		
GOBP_ESTABLISHMENT_OF_SPINDLE_ORIENTATION	47	44		
GOBP_ESTABLISHMENT_OF_TISSUE_POLARITY	32	28		
GOBP_ESTABLISHMENT_OR_MAINTENANCE_OF_BIPOLAR_CELL_POLARITY	56	48		
GOBP_ESTABLISHMENT_OR_MAINTENANCE_OF_CELL_POLARITY	234	207		
GOBP_ESTABLISHMENT_OR_MAINTENANCE_OF_CELL_POLARITY_REGULATING_CELL_SHAPE	5		Rejected!	
GOBP_ESTABLISHMENT_OR_MAINTENANCE_OF_CYTOSKELETON_POLARITY	8		Rejected!	
GOBP_ESTABLISHMENT_OR_MAINTENANCE_OF_MONOPOLAR_CELL_POLARITY	27	26		
GOBP_ESTABLISHMENT_OR_MAINTENANCE_OF_TRANSMEMBRANE_ELECTROCHEMICAL_GRADIENT	11		Rejected!	
GOBP_ESTROGEN_BIOSYNTHETIC_PROCESS	11		Rejected!	
GOBP_ESTROGEN_METABOLIC_PROCESS	39	20		
GOBP_ESTROGEN_RECEPTOR_SIGNALING_PATHWAY	58	47		
GOBP_ESTROUS_CYCLE	12		Rejected!	
GOBP_ETHANOLAMINE_CONTAINING_COMPOUND_METABOLIC_PROCESS	8		Rejected!	
GOBP_ETHANOL_METABOLIC_PROCESS	15		Rejected!	
GOBP_ETHER_BIOSYNTHETIC_PROCESS	13		Rejected!	
GOBP_ETHER_METABOLIC_PROCESS	27	21		
GOBP_EXCITATORY_CHEMICAL_SYNAPTIC_TRANSMISSION	13		Rejected!	
GOBP_EXCITATORY_SYNAPSE_ASSEMBLY	43	35		
GOBP_EXCRETION	31	28		
GOBP_EXECUTION_PHASE_OF_APOPTOSIS	80	69		
GOBP_EXIT_FROM_MITOSIS	32	27		
GOBP_EXOCRINE_PANCREAS_DEVELOPMENT	10		Rejected!	
GOBP_EXOCRINE_SYSTEM_DEVELOPMENT	51	47		
GOBP_EXOCYST_LOCALIZATION	6		Rejected!	
GOBP_EXOCYTIC_PROCESS	96	88		
GOBP_EXOCYTOSIS	367	314		
GOBP_EXONUCLEOLYTIC_TRIMMING_TO_GENERATE_MATURE_3_END_OF_5_8S_RRNA_FROM_TRICISTRONIC_RRNA_TRANSCRIPT_SSU_RRNA_5_8S_RRNA_LSU_RRNA	7		Rejected!	
GOBP_EXPLORATION_BEHAVIOR	40	31		
GOBP_EXPORT_ACROSS_PLASMA_MEMBRANE	99	68		
GOBP_EXPORT_FROM_CELL	974		Rejected!	
GOBP_EXTERNAL_ENCAPSULATING_STRUCTURE_ORGANIZATION	352	287		
GOBP_EXTRACELLULAR_EXOSOME_ASSEMBLY	7		Rejected!	
GOBP_EXTRACELLULAR_MATRIX_ASSEMBLY	50	33		
GOBP_EXTRACELLULAR_MATRIX_CELL_SIGNALING	5		Rejected!	
GOBP_EXTRACELLULAR_MATRIX_CONSTITUENT_SECRETION	11		Rejected!	
GOBP_EXTRACELLULAR_MATRIX_DISASSEMBLY	74	54		
GOBP_EXTRACELLULAR_REGULATION_OF_SIGNAL_TRANSDUCTION	13		Rejected!	
GOBP_EXTRACELLULAR_TRANSPORT	54	51		
GOBP_EXTRACELLULAR_VESICLE_BIOGENESIS	25	22		
GOBP_EXTRAEMBRYONIC_MEMBRANE_DEVELOPMENT	13		Rejected!	
GOBP_EXTRAOCULAR_SKELETAL_MUSCLE_DEVELOPMENT	6		Rejected!	
GOBP_EXTRINSIC_APOPTOTIC_SIGNALING_PATHWAY	239	198		
GOBP_EXTRINSIC_APOPTOTIC_SIGNALING_PATHWAY_VIA_DEATH_DOMAIN_RECEPTORS	86	73		
GOBP_EYELID_DEVELOPMENT_IN_CAMERA_TYPE_EYE	14		Rejected!	
GOBP_EYE_MORPHOGENESIS	174	152		
GOBP_EYE_PHOTORECEPTOR_CELL_DEVELOPMENT	39	33		
GOBP_EYE_PHOTORECEPTOR_CELL_DIFFERENTIATION	55	47		
GOBP_EYE_PIGMENTATION	6		Rejected!	
GOBP_FACE_DEVELOPMENT	54	47		
GOBP_FACE_MORPHOGENESIS	33	29		
GOBP_FACIAL_NERVE_MORPHOGENESIS	11		Rejected!	
GOBP_FACIAL_NERVE_STRUCTURAL_ORGANIZATION	9		Rejected!	
GOBP_FACULTATIVE_HETEROCHROMATIN_FORMATION	17		Rejected!	
GOBP_FARNESYL_DIPHOSPHATE_METABOLIC_PROCESS	6		Rejected!	
GOBP_FAS_SIGNALING_PATHWAY	9		Rejected!	
GOBP_FATTY_ACID_ALPHA_OXIDATION	7		Rejected!	
GOBP_FATTY_ACID_BETA_OXIDATION	72	66		
GOBP_FATTY_ACID_BETA_OXIDATION_USING_ACYL_COA_DEHYDROGENASE	12		Rejected!	
GOBP_FATTY_ACID_BETA_OXIDATION_USING_ACYL_COA_OXIDASE	14		Rejected!	
GOBP_FATTY_ACID_BIOSYNTHETIC_PROCESS	180	137		
GOBP_FATTY_ACID_CATABOLIC_PROCESS	104	93		
GOBP_FATTY_ACID_DERIVATIVE_BIOSYNTHETIC_PROCESS	62	48		
GOBP_FATTY_ACID_DERIVATIVE_CATABOLIC_PROCESS	18		Rejected!	
GOBP_FATTY_ACID_DERIVATIVE_METABOLIC_PROCESS	86	65		
GOBP_FATTY_ACID_ELONGATION	14		Rejected!	
GOBP_FATTY_ACID_ELONGATION_SATURATED_FATTY_ACID	8		Rejected!	
GOBP_FATTY_ACID_HOMEOSTASIS	18		Rejected!	
GOBP_FATTY_ACID_METABOLIC_PROCESS	415	321		
GOBP_FATTY_ACID_OMEGA_OXIDATION	6		Rejected!	
GOBP_FATTY_ACID_TRANSMEMBRANE_TRANSPORT	20	16		
GOBP_FATTY_ACID_TRANSPORT	118	89		
GOBP_FATTY_ACYL_COA_BIOSYNTHETIC_PROCESS	28	25		
GOBP_FATTY_ACYL_COA_CATABOLIC_PROCESS	6		Rejected!	
GOBP_FATTY_ACYL_COA_METABOLIC_PROCESS	41	35		
GOBP_FAT_CELL_DIFFERENTIATION	260	204		
GOBP_FAT_CELL_PROLIFERATION	15		Rejected!	
GOBP_FAT_PAD_DEVELOPMENT	10		Rejected!	
GOBP_FAT_SOLUBLE_VITAMIN_BIOSYNTHETIC_PROCESS	14		Rejected!	
GOBP_FAT_SOLUBLE_VITAMIN_CATABOLIC_PROCESS	14		Rejected!	
GOBP_FAT_SOLUBLE_VITAMIN_METABOLIC_PROCESS	49	34		
GOBP_FC_EPSILON_RECEPTOR_SIGNALING_PATHWAY	25	20		
GOBP_FC_GAMMA_RECEPTOR_SIGNALING_PATHWAY	38	28		
GOBP_FC_RECEPTOR_MEDIATED_INHIBITORY_SIGNALING_PATHWAY	5		Rejected!	
GOBP_FC_RECEPTOR_MEDIATED_STIMULATORY_SIGNALING_PATHWAY	35	31		
GOBP_FC_RECEPTOR_SIGNALING_PATHWAY	61	47		
GOBP_FEAR_RESPONSE	54	51		
GOBP_FEEDING_BEHAVIOR	108	76		
GOBP_FEMALE_GAMETE_GENERATION	174	134		
GOBP_FEMALE_GENITALIA_DEVELOPMENT	19	17		
GOBP_FEMALE_MATING_BEHAVIOR	9		Rejected!	
GOBP_FEMALE_MEIOSIS_CHROMOSOME_SEGREGATION	6		Rejected!	
GOBP_FEMALE_MEIOSIS_I	13		Rejected!	
GOBP_FEMALE_MEIOTIC_NUCLEAR_DIVISION	43	35		
GOBP_FEMALE_SEX_DIFFERENTIATION	126	106		
GOBP_FERMENTATION	7		Rejected!	
GOBP_FERROPTOSIS	18	17		
GOBP_FERTILIZATION	236	153		
GOBP_FEVER_GENERATION	10		Rejected!	
GOBP_FIBRINOLYSIS	27	17		
GOBP_FIBROBLAST_ACTIVATION	16		Rejected!	
GOBP_FIBROBLAST_APOPTOTIC_PROCESS	27	22		
GOBP_FIBROBLAST_GROWTH_FACTOR_PRODUCTION	10		Rejected!	
GOBP_FIBROBLAST_GROWTH_FACTOR_RECEPTOR_SIGNALING_PATHWAY	93	73		
GOBP_FIBROBLAST_MIGRATION	58	50		
GOBP_FIBROBLAST_PROLIFERATION	114	98		
GOBP_FILOPODIUM_ASSEMBLY	68	61		
GOBP_FLAVIN_CONTAINING_COMPOUND_METABOLIC_PROCESS	6		Rejected!	
GOBP_FLAVONE_METABOLIC_PROCESS	6		Rejected!	
GOBP_FLAVONOID_METABOLIC_PROCESS	14		Rejected!	
GOBP_FLOOR_PLATE_DEVELOPMENT	11		Rejected!	
GOBP_FLUID_TRANSPORT	39	27		
GOBP_FOAM_CELL_DIFFERENTIATION	41	29		
GOBP_FOCAL_ADHESION_ASSEMBLY	84	74		
GOBP_FOLIC_ACID_CONTAINING_COMPOUND_BIOSYNTHETIC_PROCESS	11		Rejected!	
GOBP_FOLIC_ACID_CONTAINING_COMPOUND_METABOLIC_PROCESS	28	25		
GOBP_FOLIC_ACID_METABOLIC_PROCESS	16		Rejected!	
GOBP_FOLIC_ACID_TRANSPORT	10		Rejected!	
GOBP_FOLLICLE_STIMULATING_HORMONE_SECRETION	8		Rejected!	
GOBP_FOREBRAIN_CELL_MIGRATION	67	60		
GOBP_FOREBRAIN_DEVELOPMENT	414	366		
GOBP_FOREBRAIN_DORSAL_VENTRAL_PATTERN_FORMATION	7		Rejected!	
GOBP_FOREBRAIN_GENERATION_OF_NEURONS	87	80		
GOBP_FOREBRAIN_MORPHOGENESIS	13		Rejected!	
GOBP_FOREBRAIN_NEUROBLAST_DIVISION	6		Rejected!	
GOBP_FOREBRAIN_NEURON_DEVELOPMENT	39	37		
GOBP_FOREBRAIN_NEURON_FATE_COMMITMENT	9		Rejected!	
GOBP_FOREBRAIN_RADIAL_GLIAL_CELL_DIFFERENTIATION	6		Rejected!	
GOBP_FOREBRAIN_REGIONALIZATION	24	24		
GOBP_FOREBRAIN_VENTRICULAR_ZONE_PROGENITOR_CELL_DIVISION	6		Rejected!	
GOBP_FOREGUT_MORPHOGENESIS	11		Rejected!	
GOBP_FORELIMB_MORPHOGENESIS	40	39		
GOBP_FORMATE_METABOLIC_PROCESS	8		Rejected!	
GOBP_FORMATION_OF_ANATOMICAL_BOUNDARY	7		Rejected!	
GOBP_FORMATION_OF_CYTOPLASMIC_TRANSLATION_INITIATION_COMPLEX	15		Rejected!	
GOBP_FORMATION_OF_EXTRACHROMOSOMAL_CIRCULAR_DNA	15		Rejected!	
GOBP_FORMATION_OF_PRIMARY_GERM_LAYER	134	106		
GOBP_FORMATION_OF_QUADRUPLE_SL_U4_U5_U6_SNRNP	10		Rejected!	
GOBP_FORMATION_OF_TRANSLATION_PREINITIATION_COMPLEX	11		Rejected!	
GOBP_FREE_UBIQUITIN_CHAIN_POLYMERIZATION	9		Rejected!	
GOBP_FRUCTOSE_1_6_BISPHOSPHATE_METABOLIC_PROCESS	9		Rejected!	
GOBP_FRUCTOSE_2_6_BISPHOSPHATE_METABOLIC_PROCESS	5		Rejected!	
GOBP_FRUCTOSE_6_PHOSPHATE_METABOLIC_PROCESS	14		Rejected!	
GOBP_FRUCTOSE_METABOLIC_PROCESS	14		Rejected!	
GOBP_FRUCTOSE_TRANSMEMBRANE_TRANSPORT	10		Rejected!	
GOBP_FUCOSE_CATABOLIC_PROCESS	10		Rejected!	
GOBP_FUCOSE_METABOLIC_PROCESS	17		Rejected!	
GOBP_FUCOSYLATION	16		Rejected!	
GOBP_FUNGIFORM_PAPILLA_DEVELOPMENT	6		Rejected!	
GOBP_FUNGIFORM_PAPILLA_MORPHOGENESIS	5		Rejected!	
GOBP_FUSED_ANTRUM_STAGE	6		Rejected!	
GOBP_G0_TO_G1_TRANSITION	42	34		
GOBP_G1_TO_G0_TRANSITION	20	15		
GOBP_G1_TO_G0_TRANSITION_INVOLVED_IN_CELL_DIFFERENTIATION	6		Rejected!	
GOBP_G2_MI_TRANSITION_OF_MEIOTIC_CELL_CYCLE	9		Rejected!	
GOBP_GABAERGIC_NEURON_DIFFERENTIATION	21	18		
GOBP_GALACTOLIPID_BIOSYNTHETIC_PROCESS	6		Rejected!	
GOBP_GALACTOLIPID_METABOLIC_PROCESS	9		Rejected!	
GOBP_GALACTOSE_CATABOLIC_PROCESS	9		Rejected!	
GOBP_GALACTOSE_CATABOLIC_PROCESS_VIA_UDP_GALACTOSE_LELOIR_PATHWAY	5		Rejected!	
GOBP_GALACTOSE_METABOLIC_PROCESS	13		Rejected!	
GOBP_GALACTOSE_TRANSMEMBRANE_TRANSPORT	5		Rejected!	
GOBP_GAMETE_GENERATION	872		Rejected!	
GOBP_GAMMA_AMINOBUTYRIC_ACID_BIOSYNTHETIC_PROCESS	6		Rejected!	
GOBP_GAMMA_AMINOBUTYRIC_ACID_IMPORT	6		Rejected!	
GOBP_GAMMA_AMINOBUTYRIC_ACID_METABOLIC_PROCESS	8		Rejected!	
GOBP_GAMMA_AMINOBUTYRIC_ACID_RECEPTOR_CLUSTERING	5		Rejected!	
GOBP_GAMMA_AMINOBUTYRIC_ACID_SECRETION	10		Rejected!	
GOBP_GAMMA_AMINOBUTYRIC_ACID_SIGNALING_PATHWAY	30	24		
GOBP_GAMMA_AMINOBUTYRIC_ACID_TRANSPORT	19	19		
GOBP_GAMMA_DELTA_T_CELL_ACTIVATION	28	19		
GOBP_GAMMA_DELTA_T_CELL_DIFFERENTIATION	15		Rejected!	
GOBP_GANGLION_DEVELOPMENT	16		Rejected!	
GOBP_GANGLIOSIDE_BIOSYNTHETIC_PROCESS	17		Rejected!	
GOBP_GANGLIOSIDE_BIOSYNTHETIC_PROCESS_VIA_LACTOSYLCERAMIDE	6		Rejected!	
GOBP_GANGLIOSIDE_CATABOLIC_PROCESS	8		Rejected!	
GOBP_GANGLIOSIDE_METABOLIC_PROCESS	29	24		
GOBP_GAP_JUNCTION_ASSEMBLY	18	17		
GOBP_GAP_JUNCTION_MEDIATED_INTERCELLULAR_TRANSPORT	6		Rejected!	
GOBP_GASTRIC_ACID_SECRETION	14		Rejected!	
GOBP_GASTRIC_MOTILITY	6		Rejected!	
GOBP_GASTRO_INTESTINAL_SYSTEM_SMOOTH_MUSCLE_CONTRACTION	12		Rejected!	
GOBP_GASTRULATION	200	157		
GOBP_GASTRULATION_WITH_MOUTH_FORMING_SECOND	28	22		
GOBP_GAS_TRANSPORT	22		Rejected!	
GOBP_GDP_L_FUCOSE_METABOLIC_PROCESS	7		Rejected!	
GOBP_GDP_MANNOSE_BIOSYNTHETIC_PROCESS	6		Rejected!	
GOBP_GDP_MANNOSE_METABOLIC_PROCESS	11		Rejected!	
GOBP_GDP_METABOLIC_PROCESS	11		Rejected!	
GOBP_GENERAL_ADAPTATION_SYNDROME	6		Rejected!	
GOBP_GENERAL_ADAPTATION_SYNDROME_BEHAVIORAL_PROCESS	5		Rejected!	
GOBP_GENERATION_OF_NEURONS	1560		Rejected!	
GOBP_GENERATION_OF_PRECURSOR_METABOLITES_AND_ENERGY	481	412		
GOBP_GENITALIA_DEVELOPMENT	47	37		
GOBP_GENITALIA_MORPHOGENESIS	12		Rejected!	
GOBP_GENOMIC_IMPRINTING	21	17		
GOBP_GEPHYRIN_CLUSTERING_INVOLVED_IN_POSTSYNAPTIC_DENSITY_ASSEMBLY	5		Rejected!	
GOBP_GERMINAL_CENTER_B_CELL_DIFFERENTIATION	9		Rejected!	
GOBP_GERMINAL_CENTER_FORMATION	14		Rejected!	
GOBP_GERM_CELL_MIGRATION	9		Rejected!	
GOBP_GERM_CELL_PROLIFERATION	10		Rejected!	
GOBP_GERM_LINE_STEM_CELL_POPULATION_MAINTENANCE	5		Rejected!	
GOBP_GLANDULAR_EPITHELIAL_CELL_DEVELOPMENT	12		Rejected!	
GOBP_GLANDULAR_EPITHELIAL_CELL_DIFFERENTIATION	36	31		
GOBP_GLANDULAR_EPITHELIAL_CELL_MATURATION	7		Rejected!	
GOBP_GLAND_DEVELOPMENT	451	373		
GOBP_GLAND_MORPHOGENESIS	130	116		
GOBP_GLIAL_CELL_ACTIVATION	57	38		
GOBP_GLIAL_CELL_APOPTOTIC_PROCESS	17		Rejected!	
GOBP_GLIAL_CELL_DERIVED_NEUROTROPHIC_FACTOR_RECEPTOR_SIGNALING_PATHWAY	15		Rejected!	
GOBP_GLIAL_CELL_DEVELOPMENT	136	118		
GOBP_GLIAL_CELL_DIFFERENTIATION	263	231		
GOBP_GLIAL_CELL_FATE_COMMITMENT	14		Rejected!	
GOBP_GLIAL_CELL_FATE_SPECIFICATION	7		Rejected!	
GOBP_GLIAL_CELL_MIGRATION	63	54		
GOBP_GLIAL_CELL_PROLIFERATION	62	47		
GOBP_GLIOGENESIS	353	301		
GOBP_GLOMERULAR_BASEMENT_MEMBRANE_DEVELOPMENT	11		Rejected!	
GOBP_GLOMERULAR_ENDOTHELIUM_DEVELOPMENT	5		Rejected!	
GOBP_GLOMERULAR_EPITHELIAL_CELL_DEVELOPMENT	13		Rejected!	
GOBP_GLOMERULAR_EPITHELIUM_DEVELOPMENT	28	23		
GOBP_GLOMERULAR_MESANGIAL_CELL_DEVELOPMENT	5		Rejected!	
GOBP_GLOMERULAR_MESANGIAL_CELL_PROLIFERATION	13		Rejected!	
GOBP_GLOMERULAR_MESANGIUM_DEVELOPMENT	18	15		
GOBP_GLOMERULUS_DEVELOPMENT	75	65		
GOBP_GLOMERULUS_MORPHOGENESIS	9		Rejected!	
GOBP_GLOMERULUS_VASCULATURE_MORPHOGENESIS	6		Rejected!	
GOBP_GLOSSOPHARYNGEAL_NERVE_DEVELOPMENT	5		Rejected!	
GOBP_GLUCAN_BIOSYNTHETIC_PROCESS	45	34		
GOBP_GLUCAN_METABOLIC_PROCESS	89	72		
GOBP_GLUCOCORTICOID_BIOSYNTHETIC_PROCESS	18		Rejected!	
GOBP_GLUCOCORTICOID_METABOLIC_PROCESS	26	21		
GOBP_GLUCOCORTICOID_SECRETION	14		Rejected!	
GOBP_GLUCOSAMINE_CONTAINING_COMPOUND_CATABOLIC_PROCESS	10		Rejected!	
GOBP_GLUCOSAMINE_CONTAINING_COMPOUND_METABOLIC_PROCESS	26	25		
GOBP_GLUCOSE_6_PHOSPHATE_METABOLIC_PROCESS	30	25		
GOBP_GLUCOSE_CATABOLIC_PROCESS	30	25		
GOBP_GLUCOSE_CATABOLIC_PROCESS_TO_LACTATE	5		Rejected!	
GOBP_GLUCOSE_IMPORT_IN_RESPONSE_TO_INSULIN_STIMULUS	6		Rejected!	
GOBP_GLUCOSE_METABOLIC_PROCESS	200	164		
GOBP_GLUCOSYLCERAMIDE_CATABOLIC_PROCESS	8		Rejected!	
GOBP_GLUCOSYLCERAMIDE_METABOLIC_PROCESS	11		Rejected!	
GOBP_GLUTAMATERGIC_NEURON_DIFFERENTIATION	19	16		
GOBP_GLUTAMATE_BIOSYNTHETIC_PROCESS	5		Rejected!	
GOBP_GLUTAMATE_CATABOLIC_PROCESS	8		Rejected!	
GOBP_GLUTAMATE_METABOLIC_PROCESS	34	30		
GOBP_GLUTAMATE_RECEPTOR_SIGNALING_PATHWAY	62	54		
GOBP_GLUTAMATE_REUPTAKE	6		Rejected!	
GOBP_GLUTAMATE_SECRETION	30	26		
GOBP_GLUTAMATE_SECRETION_NEUROTRANSMISSION	8		Rejected!	
GOBP_GLUTAMINE_FAMILY_AMINO_ACID_BIOSYNTHETIC_PROCESS	18	15		
GOBP_GLUTAMINE_FAMILY_AMINO_ACID_CATABOLIC_PROCESS	26	21		
GOBP_GLUTAMINE_FAMILY_AMINO_ACID_METABOLIC_PROCESS	71	56		
GOBP_GLUTAMINE_METABOLIC_PROCESS	20		Rejected!	
GOBP_GLUTAMINE_TRANSPORT	10		Rejected!	
GOBP_GLUTATHIONE_CATABOLIC_PROCESS	11		Rejected!	
GOBP_GLUTATHIONE_METABOLIC_PROCESS	58	45		
GOBP_GLUTATHIONE_TRANSMEMBRANE_TRANSPORT	8		Rejected!	
GOBP_GLUTATHIONE_TRANSPORT	10		Rejected!	
GOBP_GLYCERALDEHYDE_3_PHOSPHATE_METABOLIC_PROCESS	12		Rejected!	
GOBP_GLYCEROLIPID_BIOSYNTHETIC_PROCESS	241	212		
GOBP_GLYCEROLIPID_CATABOLIC_PROCESS	69	52		
GOBP_GLYCEROLIPID_METABOLIC_PROCESS	394	325		
GOBP_GLYCEROL_3_PHOSPHATE_METABOLIC_PROCESS	8		Rejected!	
GOBP_GLYCEROL_ETHER_METABOLIC_PROCESS	22	17		
GOBP_GLYCEROL_TRANSMEMBRANE_TRANSPORT	8		Rejected!	
GOBP_GLYCEROPHOSPHOLIPID_BIOSYNTHETIC_PROCESS	199	178		
GOBP_GLYCEROPHOSPHOLIPID_CATABOLIC_PROCESS	34	27		
GOBP_GLYCEROPHOSPHOLIPID_METABOLIC_PROCESS	300	257		
GOBP_GLYCINE_BIOSYNTHETIC_PROCESS	5		Rejected!	
GOBP_GLYCINE_IMPORT_ACROSS_PLASMA_MEMBRANE	7		Rejected!	
GOBP_GLYCINE_METABOLIC_PROCESS	13		Rejected!	
GOBP_GLYCINE_TRANSPORT	17		Rejected!	
GOBP_GLYCOLIPID_BIOSYNTHETIC_PROCESS	79	70		
GOBP_GLYCOLIPID_CATABOLIC_PROCESS	26	17		
GOBP_GLYCOLIPID_TRANSPORT	8		Rejected!	
GOBP_GLYCOLYTIC_PROCESS_THROUGH_FRUCTOSE_6_PHOSPHATE	26	22		
GOBP_GLYCOLYTIC_PROCESS_THROUGH_GLUCOSE_6_PHOSPHATE	22	20		
GOBP_GLYCOPHAGY	12		Rejected!	
GOBP_GLYCOPROTEIN_BIOSYNTHETIC_PROCESS	328	272		
GOBP_GLYCOPROTEIN_CATABOLIC_PROCESS	39	34		
GOBP_GLYCOPROTEIN_METABOLIC_PROCESS	402	336		
GOBP_GLYCOSAMINOGLYCAN_BIOSYNTHETIC_PROCESS	45	42		
GOBP_GLYCOSAMINOGLYCAN_CATABOLIC_PROCESS	26	19		
GOBP_GLYCOSAMINOGLYCAN_METABOLIC_PROCESS	82	72		
GOBP_GLYCOSIDE_CATABOLIC_PROCESS	7		Rejected!	
GOBP_GLYCOSIDE_METABOLIC_PROCESS	18		Rejected!	
GOBP_GLYCOSIDE_TRANSPORT	6		Rejected!	
GOBP_GLYCOSPHINGOLIPID_BIOSYNTHETIC_PROCESS	40	34		
GOBP_GLYCOSPHINGOLIPID_METABOLIC_PROCESS	70	56		
GOBP_GLYCOSYLATION	247	213		
GOBP_GLYCOSYLCERAMIDE_BIOSYNTHETIC_PROCESS	8		Rejected!	
GOBP_GLYCOSYLCERAMIDE_CATABOLIC_PROCESS	11		Rejected!	
GOBP_GLYCOSYLCERAMIDE_METABOLIC_PROCESS	21		Rejected!	
GOBP_GLYCOSYL_COMPOUND_BIOSYNTHETIC_PROCESS	25	24		
GOBP_GLYCOSYL_COMPOUND_CATABOLIC_PROCESS	27	24		
GOBP_GLYCOSYL_COMPOUND_METABOLIC_PROCESS	74	64		
GOBP_GLYOXYLATE_METABOLIC_PROCESS	8		Rejected!	
GOBP_GMP_BIOSYNTHETIC_PROCESS	14		Rejected!	
GOBP_GMP_CATABOLIC_PROCESS	5		Rejected!	
GOBP_GMP_METABOLIC_PROCESS	28	26		
GOBP_GMP_SALVAGE	5		Rejected!	
GOBP_GOLGI_DISASSEMBLY	6		Rejected!	
GOBP_GOLGI_LOCALIZATION	14		Rejected!	
GOBP_GOLGI_LUMEN_ACIDIFICATION	13		Rejected!	
GOBP_GOLGI_ORGANIZATION	156	137		
GOBP_GOLGI_REASSEMBLY	5		Rejected!	
GOBP_GOLGI_RIBBON_FORMATION	11		Rejected!	
GOBP_GOLGI_TO_ENDOSOME_TRANSPORT	17	15		
GOBP_GOLGI_TO_LYSOSOME_TRANSPORT	11		Rejected!	
GOBP_GOLGI_TO_PLASMA_MEMBRANE_PROTEIN_TRANSPORT	44	39		
GOBP_GOLGI_TO_PLASMA_MEMBRANE_TRANSPORT	68	60		
GOBP_GOLGI_TO_VACUOLE_TRANSPORT	19	17		
GOBP_GOLGI_VESICLE_BUDDING	10		Rejected!	
GOBP_GOLGI_VESICLE_TRANSPORT	314	280		
GOBP_GONADAL_MESODERM_DEVELOPMENT	9		Rejected!	
GOBP_GONADOTROPHIN_RELEASING_HORMONE_NEURONAL_MIGRATION_TO_THE_HYPOTHALAMUS	6		Rejected!	
GOBP_GONADOTROPIN_SECRETION	17		Rejected!	
GOBP_GPI_ANCHOR_METABOLIC_PROCESS	32	29		
GOBP_GRANULOCYTE_ACTIVATION	57	34		
GOBP_GRANULOCYTE_CHEMOTAXIS	121	86		
GOBP_GRANULOCYTE_COLONY_STIMULATING_FACTOR_PRODUCTION	5		Rejected!	
GOBP_GRANULOCYTE_COLONY_STIMULATING_FACTOR_SIGNALING_PATHWAY	5		Rejected!	
GOBP_GRANULOCYTE_DIFFERENTIATION	43	30		
GOBP_GRANULOCYTE_MACROPHAGE_COLONY_STIMULATING_FACTOR_PRODUCTION	16		Rejected!	
GOBP_GRANULOCYTE_MIGRATION	148	102		
GOBP_GRANZYME_MEDIATED_PROGRAMMED_CELL_DEATH_SIGNALING_PATHWAY	11		Rejected!	
GOBP_GROOMING_BEHAVIOR	18		Rejected!	
GOBP_GROWTH	975		Rejected!	
GOBP_GROWTH_HORMONE_RECEPTOR_SIGNALING_PATHWAY_VIA_JAK_STAT	11		Rejected!	
GOBP_GROWTH_HORMONE_SECRETION	15		Rejected!	
GOBP_GROWTH_INVOLVED_IN_HEART_MORPHOGENESIS	5		Rejected!	
GOBP_GROWTH_PLATE_CARTILAGE_CHONDROCYTE_DEVELOPMENT	6		Rejected!	
GOBP_GROWTH_PLATE_CARTILAGE_CHONDROCYTE_DIFFERENTIATION	10		Rejected!	
GOBP_GROWTH_PLATE_CARTILAGE_DEVELOPMENT	21	20		
GOBP_GTP_BIOSYNTHETIC_PROCESS	11		Rejected!	
GOBP_GTP_METABOLIC_PROCESS	25	22		
GOBP_GUANINE_METABOLIC_PROCESS	6		Rejected!	
GOBP_GUANINE_NUCLEOTIDE_TRANSPORT	11		Rejected!	
GOBP_G_PROTEIN_COUPLED_ACETYLCHOLINE_RECEPTOR_SIGNALING_PATHWAY	21	19		
GOBP_G_PROTEIN_COUPLED_DOPAMINE_RECEPTOR_SIGNALING_PATHWAY	35	31		
GOBP_G_PROTEIN_COUPLED_GLUTAMATE_RECEPTOR_SIGNALING_PATHWAY	15		Rejected!	
GOBP_G_PROTEIN_COUPLED_OPIOID_RECEPTOR_SIGNALING_PATHWAY	12		Rejected!	
GOBP_G_PROTEIN_COUPLED_OPSIN_SIGNALING_PATHWAY	13		Rejected!	
GOBP_G_PROTEIN_COUPLED_PURINERGIC_NUCLEOTIDE_RECEPTOR_SIGNALING_PATHWAY	14		Rejected!	
GOBP_G_PROTEIN_COUPLED_PURINERGIC_RECEPTOR_SIGNALING_PATHWAY	12		Rejected!	
GOBP_G_PROTEIN_COUPLED_RECEPTOR_INTERNALIZATION	16		Rejected!	
GOBP_G_PROTEIN_COUPLED_RECEPTOR_SIGNALING_PATHWAY	1349		Rejected!	
GOBP_G_PROTEIN_COUPLED_RECEPTOR_SIGNALING_PATHWAY_COUPLED_TO_CYCLIC_NUCLEOTIDE_SECOND_MESSENGER	56	39		
GOBP_G_PROTEIN_COUPLED_RECEPTOR_SIGNALING_PATHWAY_INVOLVED_IN_HEART_PROCESS	7		Rejected!	
GOBP_G_PROTEIN_COUPLED_SEROTONIN_RECEPTOR_SIGNALING_PATHWAY	19	15		
GOBP_HAIR_CELL_DIFFERENTIATION	59	48		
GOBP_HAIR_FOLLICLE_MATURATION	15		Rejected!	
GOBP_HAIR_FOLLICLE_PLACODE_FORMATION	6		Rejected!	
GOBP_HARD_PALATE_DEVELOPMENT	9		Rejected!	
GOBP_HEAD_DEVELOPMENT	808		Rejected!	
GOBP_HEAD_MORPHOGENESIS	40	36		
GOBP_HEART_DEVELOPMENT	633		Rejected!	
GOBP_HEART_FIELD_SPECIFICATION	18	18		
GOBP_HEART_FORMATION	34	29		
GOBP_HEART_GROWTH	104	74		
GOBP_HEART_MORPHOGENESIS	278	223		
GOBP_HEART_PROCESS	275	214		
GOBP_HEART_TRABECULA_FORMATION	15		Rejected!	
GOBP_HEART_TRABECULA_MORPHOGENESIS	34	28		
GOBP_HEART_VALVE_DEVELOPMENT	77	68		
GOBP_HEART_VALVE_FORMATION	16	15		
GOBP_HEART_VALVE_MORPHOGENESIS	63	55		
GOBP_HEAT_ACCLIMATION	6		Rejected!	
GOBP_HEAT_GENERATION	19	17		
GOBP_HEMATOPOIETIC_OR_LYMPHOID_ORGAN_DEVELOPMENT	106	88		
GOBP_HEMATOPOIETIC_PROGENITOR_CELL_DIFFERENTIATION	136	117		
GOBP_HEMATOPOIETIC_STEM_CELL_DIFFERENTIATION	37	31		
GOBP_HEMATOPOIETIC_STEM_CELL_HOMEOSTASIS	29	25		
GOBP_HEMATOPOIETIC_STEM_CELL_MIGRATION	10		Rejected!	
GOBP_HEMATOPOIETIC_STEM_CELL_MIGRATION_TO_BONE_MARROW	5		Rejected!	
GOBP_HEMATOPOIETIC_STEM_CELL_PROLIFERATION	37	31		
GOBP_HEME_A_METABOLIC_PROCESS	10		Rejected!	
GOBP_HEME_B_METABOLIC_PROCESS	10		Rejected!	
GOBP_HEME_TRANSPORT	9		Rejected!	
GOBP_HEMIDESMOSOME_ASSEMBLY	6		Rejected!	
GOBP_HEMOGLOBIN_BIOSYNTHETIC_PROCESS	14		Rejected!	
GOBP_HEMOGLOBIN_METABOLIC_PROCESS	19	15		
GOBP_HEMOPOIESIS	998		Rejected!	
GOBP_HEMOSTASIS	250	204		
GOBP_HEPARAN_SULFATE_PROTEOGLYCAN_BIOSYNTHETIC_PROCESS	34	30		
GOBP_HEPARAN_SULFATE_PROTEOGLYCAN_CATABOLIC_PROCESS	10		Rejected!	
GOBP_HEPARAN_SULFATE_PROTEOGLYCAN_METABOLIC_PROCESS	46	42		
GOBP_HEPARIN_PROTEOGLYCAN_BIOSYNTHETIC_PROCESS	11		Rejected!	
GOBP_HEPARIN_PROTEOGLYCAN_METABOLIC_PROCESS	17	17		
GOBP_HEPATICOBILIARY_SYSTEM_DEVELOPMENT	145	118		
GOBP_HEPATIC_STELLATE_CELL_ACTIVATION	9		Rejected!	
GOBP_HEPATOCYTE_APOPTOTIC_PROCESS	20	16		
GOBP_HEPATOCYTE_DIFFERENTIATION	14		Rejected!	
GOBP_HEPATOCYTE_GROWTH_FACTOR_RECEPTOR_SIGNALING_PATHWAY	12		Rejected!	
GOBP_HEPOXILIN_METABOLIC_PROCESS	8		Rejected!	
GOBP_HETEROCHROMATIN_FORMATION	161	113		
GOBP_HETEROCHROMATIN_ORGANIZATION	12		Rejected!	
GOBP_HETEROPHILIC_CELL_CELL_ADHESION_VIA_PLASMA_MEMBRANE_CELL_ADHESION_MOLECULES	47	34		
GOBP_HETEROTYPIC_CELL_CELL_ADHESION	63	41		
GOBP_HEXOSE_PHOSPHATE_TRANSPORT	7		Rejected!	
GOBP_HIGH_DENSITY_LIPOPROTEIN_PARTICLE_ASSEMBLY	13		Rejected!	
GOBP_HIGH_DENSITY_LIPOPROTEIN_PARTICLE_CLEARANCE	18		Rejected!	
GOBP_HIGH_DENSITY_LIPOPROTEIN_PARTICLE_REMODELING	21		Rejected!	
GOBP_HINDBRAIN_DEVELOPMENT	163	139		
GOBP_HINDBRAIN_MATURATION	5		Rejected!	
GOBP_HINDBRAIN_MORPHOGENESIS	48	41		
GOBP_HINDBRAIN_RADIAL_GLIA_GUIDED_CELL_MIGRATION	9		Rejected!	
GOBP_HINDBRAIN_TANGENTIAL_CELL_MIGRATION	5		Rejected!	
GOBP_HINDGUT_DEVELOPMENT	8		Rejected!	
GOBP_HINDLIMB_MORPHOGENESIS	36	32		
GOBP_HIPPOCAMPAL_NEURON_APOPTOTIC_PROCESS	8		Rejected!	
GOBP_HIPPOCAMPUS_DEVELOPMENT	94	78		
GOBP_HIPPO_SIGNALING	58	48		
GOBP_HISTAMINE_METABOLIC_PROCESS	6		Rejected!	
GOBP_HISTAMINE_SECRETION	14		Rejected!	
GOBP_HISTAMINE_TRANSPORT	17		Rejected!	
GOBP_HISTONE_MRNA_CATABOLIC_PROCESS	15		Rejected!	
GOBP_HISTONE_MRNA_METABOLIC_PROCESS	24	22		
GOBP_HIS_PURKINJE_SYSTEM_DEVELOPMENT	7		Rejected!	
GOBP_HOMEOSTASIS_OF_NUMBER_OF_CELLS	360	284		
GOBP_HOMEOSTASIS_OF_NUMBER_OF_CELLS_WITHIN_A_TISSUE	43	34		
GOBP_HOMEOSTATIC_PROCESS	1812		Rejected!	
GOBP_HOMOCYSTEINE_METABOLIC_PROCESS	15		Rejected!	
GOBP_HOMOLOGOUS_CHROMOSOME_PAIRING_AT_MEIOSIS	54	37		
GOBP_HOMOLOGOUS_CHROMOSOME_SEGREGATION	68	47		
GOBP_HOMOLOGOUS_RECOMBINATION	68	54		
GOBP_HOMOPHILIC_CELL_ADHESION_VIA_PLASMA_MEMBRANE_ADHESION_MOLECULES	171	152		
GOBP_HOMOTYPIC_CELL_CELL_ADHESION	105	82		
GOBP_HORMONE_BIOSYNTHETIC_PROCESS	65	48		
GOBP_HORMONE_CATABOLIC_PROCESS	14		Rejected!	
GOBP_HORMONE_MEDIATED_APOPTOTIC_SIGNALING_PATHWAY	5		Rejected!	
GOBP_HORMONE_MEDIATED_SIGNALING_PATHWAY	236	184		
GOBP_HORMONE_METABOLIC_PROCESS	246	180		
GOBP_HORMONE_TRANSPORT	344	273		
GOBP_HOST_MEDIATED_REGULATION_OF_INTESTINAL_MICROBIOTA_COMPOSITION	10		Rejected!	
GOBP_HOST_MEDIATED_SUPPRESSION_OF_SYMBIONT_INVASION	24	18		
GOBP_HRI_MEDIATED_SIGNALING	7		Rejected!	
GOBP_HUMORAL_IMMUNE_RESPONSE	307	152		
GOBP_HUMORAL_IMMUNE_RESPONSE_MEDIATED_BY_CIRCULATING_IMMUNOGLOBULIN	53	33		
GOBP_HYALOID_VASCULAR_PLEXUS_REGRESSION	7		Rejected!	
GOBP_HYALURONAN_BIOSYNTHETIC_PROCESS	13		Rejected!	
GOBP_HYALURONAN_CATABOLIC_PROCESS	16		Rejected!	
GOBP_HYALURONAN_METABOLIC_PROCESS	34	30		
GOBP_HYDROCARBON_METABOLIC_PROCESS	7		Rejected!	
GOBP_HYDROGEN_PEROXIDE_BIOSYNTHETIC_PROCESS	17		Rejected!	
GOBP_HYDROGEN_PEROXIDE_CATABOLIC_PROCESS	32	19		
GOBP_HYDROGEN_PEROXIDE_METABOLIC_PROCESS	56	39		
GOBP_HYDROGEN_SULFIDE_METABOLIC_PROCESS	7		Rejected!	
GOBP_HYPEROSMOTIC_RESPONSE	30	28		
GOBP_HYPEROSMOTIC_SALINITY_RESPONSE	10		Rejected!	
GOBP_HYPERSENSITIVITY	21		Rejected!	
GOBP_HYPOTHALAMUS_CELL_DIFFERENTIATION	13		Rejected!	
GOBP_HYPOTHALAMUS_CELL_MIGRATION	8		Rejected!	
GOBP_HYPOTHALAMUS_DEVELOPMENT	30	24		
GOBP_HYPOTHALAMUS_GONADOTROPHIN_RELEASING_HORMONE_NEURON_DIFFERENTIATION	8		Rejected!	
GOBP_HYPOTONIC_RESPONSE	13		Rejected!	
GOBP_HYPOXIA_INDUCIBLE_FACTOR_1ALPHA_SIGNALING_PATHWAY	8		Rejected!	
GOBP_ICOSANOID_BIOSYNTHETIC_PROCESS	62	43		
GOBP_ICOSANOID_CATABOLIC_PROCESS	9		Rejected!	
GOBP_ICOSANOID_METABOLIC_PROCESS	124	84		
GOBP_ICOSANOID_SECRETION	44	31		
GOBP_ICOSANOID_TRANSPORT	61	43		
GOBP_IMIDAZOLE_CONTAINING_COMPOUND_METABOLIC_PROCESS	12		Rejected!	
GOBP_IMMATURE_B_CELL_DIFFERENTIATION	16		Rejected!	
GOBP_IMMATURE_T_CELL_PROLIFERATION	15		Rejected!	
GOBP_IMMUNE_COMPLEX_CLEARANCE	5		Rejected!	
GOBP_IMMUNE_EFFECTOR_PROCESS	745	473		
GOBP_IMMUNE_RESPONSE_INHIBITING_CELL_SURFACE_RECEPTOR_SIGNALING_PATHWAY	9		Rejected!	
GOBP_IMMUNE_RESPONSE_INHIBITING_SIGNAL_TRANSDUCTION	11		Rejected!	
GOBP_IMMUNE_RESPONSE_REGULATING_CELL_SURFACE_RECEPTOR_SIGNALING_PATHWAY	380	255		
GOBP_IMMUNE_RESPONSE_REGULATING_CELL_SURFACE_RECEPTOR_SIGNALING_PATHWAY_INVOLVED_IN_PHAGOCYTOSIS	25	22		
GOBP_IMMUNE_RESPONSE_REGULATING_SIGNALING_PATHWAY	617	423		
GOBP_IMMUNE_RESPONSE_TO_TUMOR_CELL	34	27		
GOBP_IMMUNE_SYSTEM_DEVELOPMENT	210	161		
GOBP_IMMUNOGLOBULIN_PRODUCTION	112	82		
GOBP_IMMUNOGLOBULIN_PRODUCTION_INVOLVED_IN_IMMUNOGLOBULIN_MEDIATED_IMMUNE_RESPONSE	59	41		
GOBP_IMMUNOGLOBULIN_V_D_J_RECOMBINATION	8		Rejected!	
GOBP_IMMUNOLOGICAL_MEMORY_FORMATION_PROCESS	14		Rejected!	
GOBP_IMMUNOLOGICAL_MEMORY_PROCESS	21		Rejected!	
GOBP_IMMUNOLOGICAL_SYNAPSE_FORMATION	18	15		
GOBP_IMPORT_ACROSS_PLASMA_MEMBRANE	219	173		
GOBP_IMPORT_INTO_CELL	955		Rejected!	
GOBP_IMPORT_INTO_NUCLEUS	178	155		
GOBP_IMPORT_INTO_THE_MITOCHONDRION	54	50		
GOBP_IMP_BIOSYNTHETIC_PROCESS	11		Rejected!	
GOBP_IMP_CATABOLIC_PROCESS	5		Rejected!	
GOBP_IMP_METABOLIC_PROCESS	18	16		
GOBP_IMP_SALVAGE	5		Rejected!	
GOBP_INCLUSION_BODY_ASSEMBLY	32	24		
GOBP_INDOLALKYLAMINE_METABOLIC_PROCESS	14		Rejected!	
GOBP_INDOLE_CONTAINING_COMPOUND_BIOSYNTHETIC_PROCESS	6		Rejected!	
GOBP_INDOLE_CONTAINING_COMPOUND_CATABOLIC_PROCESS	9		Rejected!	
GOBP_INDOLE_CONTAINING_COMPOUND_METABOLIC_PROCESS	27	16		
GOBP_INDUCTION_OF_BACTERIAL_AGGLUTINATION	6		Rejected!	
GOBP_INDUCTION_OF_POSITIVE_CHEMOTAXIS	15		Rejected!	
GOBP_INFLAMMASOME_MEDIATED_SIGNALING_PATHWAY	60	47		
GOBP_INFLAMMATORY_CELL_APOPTOTIC_PROCESS	23		Rejected!	
GOBP_INFLAMMATORY_RESPONSE	961		Rejected!	
GOBP_INFLAMMATORY_RESPONSE_TO_ANTIGENIC_STIMULUS	79	50		
GOBP_INFLAMMATORY_RESPONSE_TO_WOUNDING	30	20		
GOBP_INHIBITION_OF_NEUROEPITHELIAL_CELL_DIFFERENTIATION	7		Rejected!	
GOBP_INHIBITORY_POSTSYNAPTIC_POTENTIAL	17		Rejected!	
GOBP_INHIBITORY_SYNAPSE_ASSEMBLY	29	24		
GOBP_INNATE_IMMUNE_RESPONSE_ACTIVATING_CELL_SURFACE_RECEPTOR_SIGNALING_PATHWAY	104	74		
GOBP_INNATE_IMMUNE_RESPONSE_IN_MUCOSA	27		Rejected!	
GOBP_INNERVATION	30	30		
GOBP_INNER_CELL_MASS_CELL_DIFFERENTIATION	10		Rejected!	
GOBP_INNER_CELL_MASS_CELL_PROLIFERATION	15		Rejected!	
GOBP_INNER_DYNEIN_ARM_ASSEMBLY	17	16		
GOBP_INNER_EAR_MORPHOGENESIS	114	99		
GOBP_INNER_EAR_RECEPTOR_CELL_DEVELOPMENT	54	44		
GOBP_INNER_EAR_RECEPTOR_CELL_FATE_COMMITMENT	5		Rejected!	
GOBP_INNER_EAR_RECEPTOR_CELL_STEREOCILIUM_ORGANIZATION	40	33		
GOBP_INNER_MITOCHONDRIAL_MEMBRANE_ORGANIZATION	45	44		
GOBP_INORGANIC_ANION_TRANSMEMBRANE_TRANSPORT	135	109		
GOBP_INORGANIC_ANION_TRANSPORT	177	138		
GOBP_INORGANIC_ION_HOMEOSTASIS	548	431		
GOBP_INORGANIC_ION_IMPORT_ACROSS_PLASMA_MEMBRANE	139	106		
GOBP_INOSINE_METABOLIC_PROCESS	5		Rejected!	
GOBP_INOSITOL_METABOLIC_PROCESS	9		Rejected!	
GOBP_INOSITOL_PHOSPHATE_BIOSYNTHETIC_PROCESS	26	21		
GOBP_INOSITOL_PHOSPHATE_METABOLIC_PROCESS	42	32		
GOBP_INOSITOL_TRISPHOSPHATE_BIOSYNTHETIC_PROCESS	7		Rejected!	
GOBP_INOSITOL_TRISPHOSPHATE_METABOLIC_PROCESS	11		Rejected!	
GOBP_INSEMINATION	11		Rejected!	
GOBP_INSULIN_LIKE_GROWTH_FACTOR_RECEPTOR_SIGNALING_PATHWAY	54	44		
GOBP_INSULIN_METABOLIC_PROCESS	18	16		
GOBP_INSULIN_PROCESSING	9		Rejected!	
GOBP_INSULIN_RECEPTOR_SIGNALING_PATHWAY	137	117		
GOBP_INSULIN_SECRETION	213	174		
GOBP_INSULIN_SECRETION_INVOLVED_IN_CELLULAR_RESPONSE_TO_GLUCOSE_STIMULUS	75	65		
GOBP_INTEGRATED_STRESS_RESPONSE_SIGNALING	51	42		
GOBP_INTEGRIN_ACTIVATION	27	24		
GOBP_INTEGRIN_BIOSYNTHETIC_PROCESS	5		Rejected!	
GOBP_INTEGRIN_MEDIATED_SIGNALING_PATHWAY	119	105		
GOBP_INTERCELLULAR_TRANSPORT	10		Rejected!	
GOBP_INTERFERON_ALPHA_PRODUCTION	32	26		
GOBP_INTERFERON_BETA_PRODUCTION	63	56		
GOBP_INTERFERON_MEDIATED_SIGNALING_PATHWAY	113	78		
GOBP_INTERLEUKIN_10_MEDIATED_SIGNALING_PATHWAY	12		Rejected!	
GOBP_INTERLEUKIN_10_PRODUCTION	67	41		
GOBP_INTERLEUKIN_11_MEDIATED_SIGNALING_PATHWAY	7		Rejected!	
GOBP_INTERLEUKIN_12_MEDIATED_SIGNALING_PATHWAY	9		Rejected!	
GOBP_INTERLEUKIN_12_PRODUCTION	64	42		
GOBP_INTERLEUKIN_13_PRODUCTION	22	15		
GOBP_INTERLEUKIN_17A_MEDIATED_SIGNALING_PATHWAY	6		Rejected!	
GOBP_INTERLEUKIN_17_MEDIATED_SIGNALING_PATHWAY	13		Rejected!	
GOBP_INTERLEUKIN_17_PRODUCTION	49	25		
GOBP_INTERLEUKIN_18_MEDIATED_SIGNALING_PATHWAY	10		Rejected!	
GOBP_INTERLEUKIN_18_PRODUCTION	14		Rejected!	
GOBP_INTERLEUKIN_1_ALPHA_PRODUCTION	12		Rejected!	
GOBP_INTERLEUKIN_1_BETA_PRODUCTION	113	64		
GOBP_INTERLEUKIN_1_MEDIATED_SIGNALING_PATHWAY	35	28		
GOBP_INTERLEUKIN_1_PRODUCTION	133	75		
GOBP_INTERLEUKIN_21_PRODUCTION	7		Rejected!	
GOBP_INTERLEUKIN_23_MEDIATED_SIGNALING_PATHWAY	6		Rejected!	
GOBP_INTERLEUKIN_23_PRODUCTION	10		Rejected!	
GOBP_INTERLEUKIN_27_MEDIATED_SIGNALING_PATHWAY	8		Rejected!	
GOBP_INTERLEUKIN_2_MEDIATED_SIGNALING_PATHWAY	9		Rejected!	
GOBP_INTERLEUKIN_2_PRODUCTION	67	44		
GOBP_INTERLEUKIN_33_MEDIATED_SIGNALING_PATHWAY	8		Rejected!	
GOBP_INTERLEUKIN_3_MEDIATED_SIGNALING_PATHWAY	7		Rejected!	
GOBP_INTERLEUKIN_4_MEDIATED_SIGNALING_PATHWAY	12		Rejected!	
GOBP_INTERLEUKIN_4_PRODUCTION	35	21		
GOBP_INTERLEUKIN_5_MEDIATED_SIGNALING_PATHWAY	6		Rejected!	
GOBP_INTERLEUKIN_5_PRODUCTION	22		Rejected!	
GOBP_INTERLEUKIN_6_MEDIATED_SIGNALING_PATHWAY	27		Rejected!	
GOBP_INTERLEUKIN_6_PRODUCTION	177	117		
GOBP_INTERLEUKIN_7_MEDIATED_SIGNALING_PATHWAY	8		Rejected!	
GOBP_INTERLEUKIN_8_PRODUCTION	105	52		
GOBP_INTERMEDIATE_FILAMENT_BASED_PROCESS	97	63		
GOBP_INTERMEDIATE_FILAMENT_BUNDLE_ASSEMBLY	8		Rejected!	
GOBP_INTERMEDIATE_FILAMENT_ORGANIZATION	75	42		
GOBP_INTERMEMBRANE_LIPID_TRANSFER	37	32		
GOBP_INTERNAL_PEPTIDYL_LYSINE_ACETYLATION	8		Rejected!	
GOBP_INTERNAL_PROTEIN_AMINO_ACID_ACETYLATION	10		Rejected!	
GOBP_INTERNEURON_MIGRATION	16		Rejected!	
GOBP_INTERNEURON_MIGRATION_FROM_THE_SUBPALLIUM_TO_THE_CORTEX	8		Rejected!	
GOBP_INTERSTRAND_CROSS_LINK_REPAIR	42	40		
GOBP_INTESTINAL_ABSORPTION	44	29		
GOBP_INTESTINAL_CHOLESTEROL_ABSORPTION	18		Rejected!	
GOBP_INTESTINAL_EPITHELIAL_CELL_DEVELOPMENT	16		Rejected!	
GOBP_INTESTINAL_EPITHELIAL_CELL_DIFFERENTIATION	26	22		
GOBP_INTESTINAL_EPITHELIAL_STRUCTURE_MAINTENANCE	9		Rejected!	
GOBP_INTESTINAL_HEXOSE_ABSORPTION	7		Rejected!	
GOBP_INTESTINAL_LIPID_ABSORPTION	24		Rejected!	
GOBP_INTESTINAL_STEM_CELL_HOMEOSTASIS	7		Rejected!	
GOBP_INTESTINE_SMOOTH_MUSCLE_CONTRACTION	8		Rejected!	
GOBP_INTRACELLULAR_AMINO_ACID_HOMEOSTASIS	9		Rejected!	
GOBP_INTRACELLULAR_COPPER_ION_HOMEOSTASIS	18	17		
GOBP_INTRACELLULAR_DISTRIBUTION_OF_MITOCHONDRIA	8		Rejected!	
GOBP_INTRACELLULAR_GLUCOSE_HOMEOSTASIS	174	138		
GOBP_INTRACELLULAR_GLUTAMATE_HOMEOSTASIS	6		Rejected!	
GOBP_INTRACELLULAR_IRON_ION_HOMEOSTASIS	77	59		
GOBP_INTRACELLULAR_LIPID_TRANSPORT	51	38		
GOBP_INTRACELLULAR_MAGNESIUM_ION_HOMEOSTASIS	6		Rejected!	
GOBP_INTRACELLULAR_MONOATOMIC_ANION_HOMEOSTASIS	10		Rejected!	
GOBP_INTRACELLULAR_MONOATOMIC_ION_HOMEOSTASIS	541	432		
GOBP_INTRACELLULAR_MRNA_LOCALIZATION	16		Rejected!	
GOBP_INTRACELLULAR_OXYGEN_HOMEOSTASIS	8		Rejected!	
GOBP_INTRACELLULAR_PHOSPHATE_ION_HOMEOSTASIS	10		Rejected!	
GOBP_INTRACELLULAR_PH_ELEVATION	7		Rejected!	
GOBP_INTRACELLULAR_PH_REDUCTION	57	51		
GOBP_INTRACELLULAR_POTASSIUM_ION_HOMEOSTASIS	17		Rejected!	
GOBP_INTRACELLULAR_PROTEIN_TRANSMEMBRANE_TRANSPORT	31	31		
GOBP_INTRACELLULAR_PROTEIN_TRANSPORT	681		Rejected!	
GOBP_INTRACELLULAR_RECEPTOR_SIGNALING_PATHWAY	426	341		
GOBP_INTRACELLULAR_SODIUM_ION_HOMEOSTASIS	22	18		
GOBP_INTRACELLULAR_SPHINGOLIPID_HOMEOSTASIS	5		Rejected!	
GOBP_INTRACELLULAR_STEROL_TRANSPORT	37	26		
GOBP_INTRACELLULAR_TRANSPORT	1386		Rejected!	
GOBP_INTRACELLULAR_TRIGLYCERIDE_HOMEOSTASIS	10		Rejected!	
GOBP_INTRACELLULAR_WATER_HOMEOSTASIS	7		Rejected!	
GOBP_INTRACELLULAR_ZINC_ION_HOMEOSTASIS	35	26		
GOBP_INTRACILIARY_ANTEROGRADE_TRANSPORT	19	19		
GOBP_INTRACILIARY_RETROGRADE_TRANSPORT	14		Rejected!	
GOBP_INTRACILIARY_TRANSPORT	50	50		
GOBP_INTRACILIARY_TRANSPORT_INVOLVED_IN_CILIUM_ASSEMBLY	7		Rejected!	
GOBP_INTRA_GOLGI_VESICLE_MEDIATED_TRANSPORT	35	33		
GOBP_INTRINSIC_APOPTOTIC_SIGNALING_PATHWAY	334	274		
GOBP_INTRINSIC_APOPTOTIC_SIGNALING_PATHWAY_BY_P53_CLASS_MEDIATOR	88	71		
GOBP_INTRINSIC_APOPTOTIC_SIGNALING_PATHWAY_IN_RESPONSE_TO_DNA_DAMAGE	111	96		
GOBP_INTRINSIC_APOPTOTIC_SIGNALING_PATHWAY_IN_RESPONSE_TO_DNA_DAMAGE_BY_P53_CLASS_MEDIATOR	48	39		
GOBP_INTRINSIC_APOPTOTIC_SIGNALING_PATHWAY_IN_RESPONSE_TO_ENDOPLASMIC_RETICULUM_STRESS	67	52		
GOBP_INTRINSIC_APOPTOTIC_SIGNALING_PATHWAY_IN_RESPONSE_TO_HYDROGEN_PEROXIDE	10		Rejected!	
GOBP_INTRINSIC_APOPTOTIC_SIGNALING_PATHWAY_IN_RESPONSE_TO_HYPOXIA	10		Rejected!	
GOBP_INTRINSIC_APOPTOTIC_SIGNALING_PATHWAY_IN_RESPONSE_TO_OSMOTIC_STRESS	10		Rejected!	
GOBP_INTRINSIC_APOPTOTIC_SIGNALING_PATHWAY_IN_RESPONSE_TO_OXIDATIVE_STRESS	66	50		
GOBP_INVOLUNTARY_SKELETAL_MUSCLE_CONTRACTION	5		Rejected!	
GOBP_IN_UTERO_EMBRYONIC_DEVELOPMENT	429	359		
GOBP_IODIDE_TRANSPORT	9		Rejected!	
GOBP_IONOTROPIC_GLUTAMATE_RECEPTOR_SIGNALING_PATHWAY	31	29		
GOBP_IP_10_PRODUCTION	5		Rejected!	
GOBP_IRE1_MEDIATED_UNFOLDED_PROTEIN_RESPONSE	22	20		
GOBP_IRES_DEPENDENT_VIRAL_TRANSLATIONAL_INITIATION	11		Rejected!	
GOBP_IRIS_MORPHOGENESIS	9		Rejected!	
GOBP_IRON_COORDINATION_ENTITY_TRANSPORT	12		Rejected!	
GOBP_IRON_IMPORT_INTO_CELL	11		Rejected!	
GOBP_IRON_ION_IMPORT_ACROSS_PLASMA_MEMBRANE	6		Rejected!	
GOBP_IRON_ION_TRANSMEMBRANE_TRANSPORT	23	19		
GOBP_IRON_ION_TRANSPORT	55	45		
GOBP_ISG15_PROTEIN_CONJUGATION	6		Rejected!	
GOBP_ISOCITRATE_METABOLIC_PROCESS	5		Rejected!	
GOBP_ISOLEUCINE_METABOLIC_PROCESS	5		Rejected!	
GOBP_ISOLEUCINE_TRANSPORT	5		Rejected!	
GOBP_ISOPENTENYL_DIPHOSPHATE_BIOSYNTHETIC_PROCESS	5		Rejected!	
GOBP_ISOPRENOID_BIOSYNTHETIC_PROCESS	30	24		
GOBP_ISOPRENOID_CATABOLIC_PROCESS	10		Rejected!	
GOBP_ISOPRENOID_METABOLIC_PROCESS	122	82		
GOBP_ISOTYPE_SWITCHING_TO_IGA_ISOTYPES	7		Rejected!	
GOBP_ISOTYPE_SWITCHING_TO_IGG_ISOTYPES	16		Rejected!	
GOBP_JNK_CASCADE	186	157		
GOBP_KERATAN_SULFATE_PROTEOGLYCAN_METABOLIC_PROCESS	18	15		
GOBP_KERATINIZATION	82	30		
GOBP_KERATINOCYTE_APOPTOTIC_PROCESS	8		Rejected!	
GOBP_KERATINOCYTE_DEVELOPMENT	14		Rejected!	
GOBP_KERATINOCYTE_DIFFERENTIATION	179	101		
GOBP_KERATINOCYTE_MIGRATION	20	18		
GOBP_KERATINOCYTE_PROLIFERATION	63	45		
GOBP_KETONE_BIOSYNTHETIC_PROCESS	53	47		
GOBP_KETONE_BODY_BIOSYNTHETIC_PROCESS	6		Rejected!	
GOBP_KETONE_BODY_METABOLIC_PROCESS	10		Rejected!	
GOBP_KETONE_CATABOLIC_PROCESS	17		Rejected!	
GOBP_KETONE_METABOLIC_PROCESS	231	178		
GOBP_KIDNEY_EPITHELIUM_DEVELOPMENT	151	136		
GOBP_KIDNEY_MESENCHYME_DEVELOPMENT	17	15		
GOBP_KIDNEY_MORPHOGENESIS	99	89		
GOBP_KINETOCHORE_ASSEMBLY	17	16		
GOBP_KINETOCHORE_ORGANIZATION	21	20		
GOBP_KYNURENINE_METABOLIC_PROCESS	10		Rejected!	
GOBP_LABYRINTHINE_LAYER_BLOOD_VESSEL_DEVELOPMENT	21	17		
GOBP_LABYRINTHINE_LAYER_DEVELOPMENT	49	39		
GOBP_LACRIMAL_GLAND_DEVELOPMENT	7		Rejected!	
GOBP_LACTATE_METABOLIC_PROCESS	20	16		
GOBP_LACTATE_TRANSPORT	8		Rejected!	
GOBP_LACTATION	41	33		
GOBP_LACTONE_METABOLIC_PROCESS	14		Rejected!	
GOBP_LAMELLIPODIUM_ASSEMBLY	72	64		
GOBP_LAMELLIPODIUM_MORPHOGENESIS	18	18		
GOBP_LAMELLIPODIUM_ORGANIZATION	91	83		
GOBP_LATERAL_MESODERM_DEVELOPMENT	18	15		
GOBP_LATERAL_MESODERM_MORPHOGENESIS	5		Rejected!	
GOBP_LATERAL_SPROUTING_FROM_AN_EPITHELIUM	12		Rejected!	
GOBP_LATERAL_VENTRICLE_DEVELOPMENT	13		Rejected!	
GOBP_LATE_ENDOSOME_TO_GOLGI_TRANSPORT	6		Rejected!	
GOBP_LATE_ENDOSOME_TO_LYSOSOME_TRANSPORT	22	19		
GOBP_LATE_ENDOSOME_TO_VACUOLE_TRANSPORT	38	34		
GOBP_LATE_ENDOSOME_TO_VACUOLE_TRANSPORT_VIA_MULTIVESICULAR_BODY_SORTING_PATHWAY	28	26		
GOBP_LAYER_FORMATION_IN_CEREBRAL_CORTEX	16		Rejected!	
GOBP_LEARNED_VOCALIZATION_BEHAVIOR_OR_VOCAL_LEARNING	11		Rejected!	
GOBP_LEARNING	162	142		
GOBP_LEFT_RIGHT_AXIS_SPECIFICATION	14		Rejected!	
GOBP_LENS_DEVELOPMENT_IN_CAMERA_TYPE_EYE	92	71		
GOBP_LENS_FIBER_CELL_DEVELOPMENT	15		Rejected!	
GOBP_LENS_FIBER_CELL_DIFFERENTIATION	40	30		
GOBP_LENS_FIBER_CELL_MORPHOGENESIS	7		Rejected!	
GOBP_LENS_MORPHOGENESIS_IN_CAMERA_TYPE_EYE	24	17		
GOBP_LEPTIN_MEDIATED_SIGNALING_PATHWAY	10		Rejected!	
GOBP_LEUKOCYTE_ACTIVATION_INVOLVED_IN_INFLAMMATORY_RESPONSE	52	33		
GOBP_LEUKOCYTE_ADHESION_TO_ARTERIAL_ENDOTHELIAL_CELL	6		Rejected!	
GOBP_LEUKOCYTE_ADHESION_TO_VASCULAR_ENDOTHELIAL_CELL	56	34		
GOBP_LEUKOCYTE_AGGREGATION	13		Rejected!	
GOBP_LEUKOCYTE_APOPTOTIC_PROCESS	126	92		
GOBP_LEUKOCYTE_CELL_CELL_ADHESION	436	318		
GOBP_LEUKOCYTE_CHEMOTAXIS	236	174		
GOBP_LEUKOCYTE_CHEMOTAXIS_INVOLVED_IN_INFLAMMATORY_RESPONSE	8		Rejected!	
GOBP_LEUKOCYTE_DEGRANULATION	83	62		
GOBP_LEUKOCYTE_DIFFERENTIATION	648	480		
GOBP_LEUKOCYTE_HOMEOSTASIS	118	92		
GOBP_LEUKOCYTE_MEDIATED_CYTOTOXICITY	155	100		
GOBP_LEUKOCYTE_MEDIATED_IMMUNITY	479	291		
GOBP_LEUKOCYTE_MIGRATION	396	297		
GOBP_LEUKOCYTE_MIGRATION_INVOLVED_IN_INFLAMMATORY_RESPONSE	21		Rejected!	
GOBP_LEUKOCYTE_PROLIFERATION	356	263		
GOBP_LEUKOCYTE_TETHERING_OR_ROLLING	32	22		
GOBP_LEUKOTRIENE_B4_METABOLIC_PROCESS	5		Rejected!	
GOBP_LEUKOTRIENE_BIOSYNTHETIC_PROCESS	21		Rejected!	
GOBP_LEUKOTRIENE_CATABOLIC_PROCESS	6		Rejected!	
GOBP_LEUKOTRIENE_D4_BIOSYNTHETIC_PROCESS	10		Rejected!	
GOBP_LEUKOTRIENE_D4_METABOLIC_PROCESS	12		Rejected!	
GOBP_LEUKOTRIENE_METABOLIC_PROCESS	34	20		
GOBP_LEUKOTRIENE_SIGNALING_PATHWAY	5		Rejected!	
GOBP_LEUKOTRIENE_TRANSPORT	7		Rejected!	
GOBP_LEYDIG_CELL_DIFFERENTIATION	11		Rejected!	
GOBP_LIGAND_GATED_ION_CHANNEL_SIGNALING_PATHWAY	46	35		
GOBP_LIMBIC_SYSTEM_DEVELOPMENT	126	104		
GOBP_LIMB_BUD_FORMATION	9		Rejected!	
GOBP_LIMB_JOINT_MORPHOGENESIS	7		Rejected!	
GOBP_LINOLEIC_ACID_METABOLIC_PROCESS	22	17		
GOBP_LIPID_BIOSYNTHETIC_PROCESS	749		Rejected!	
GOBP_LIPID_CATABOLIC_PROCESS	352	272		
GOBP_LIPID_DIGESTION	22		Rejected!	
GOBP_LIPID_DROPLET_DISASSEMBLY	7		Rejected!	
GOBP_LIPID_DROPLET_FORMATION	15		Rejected!	
GOBP_LIPID_DROPLET_FUSION	6		Rejected!	
GOBP_LIPID_DROPLET_ORGANIZATION	39	34		
GOBP_LIPID_EXPORT_FROM_CELL	52	43		
GOBP_LIPID_GLYCOSYLATION	12		Rejected!	
GOBP_LIPID_HOMEOSTASIS	193	137		
GOBP_LIPID_HYDROXYLATION	7		Rejected!	
GOBP_LIPID_IMPORT_INTO_CELL	22	21		
GOBP_LIPID_LOCALIZATION	486	368		
GOBP_LIPID_METABOLIC_PROCESS	1400		Rejected!	
GOBP_LIPID_MODIFICATION	194	166		
GOBP_LIPID_OXIDATION	114	95		
GOBP_LIPID_PHOSPHORYLATION	10		Rejected!	
GOBP_LIPID_TRANSPORT_ACROSS_BLOOD_BRAIN_BARRIER	6		Rejected!	
GOBP_LIPOPHAGY	8		Rejected!	
GOBP_LIPOPOLYSACCHARIDE_MEDIATED_SIGNALING_PATHWAY	63	46		
GOBP_LIPOPROTEIN_BIOSYNTHETIC_PROCESS	49	43		
GOBP_LIPOPROTEIN_CATABOLIC_PROCESS	15		Rejected!	
GOBP_LIPOPROTEIN_LOCALIZATION	27	19		
GOBP_LIPOPROTEIN_METABOLIC_PROCESS	89	69		
GOBP_LIPOPROTEIN_PARTICLE_MEDIATED_SIGNALING	5		Rejected!	
GOBP_LIPOSACCHARIDE_METABOLIC_PROCESS	114	95		
GOBP_LIPOXIN_A4_METABOLIC_PROCESS	5		Rejected!	
GOBP_LIPOXIN_METABOLIC_PROCESS	6		Rejected!	
GOBP_LIPOXYGENASE_PATHWAY	11		Rejected!	
GOBP_LIVER_MORPHOGENESIS	24	19		
GOBP_LIVER_REGENERATION	27	21		
GOBP_LNCRNA_MEDIATED_POST_TRANSCRIPTIONAL_GENE_SILENCING	11		Rejected!	
GOBP_LNCRNA_TRANSCRIPTION	6		Rejected!	
GOBP_LOBAR_BRONCHUS_DEVELOPMENT	6		Rejected!	
GOBP_LOBAR_BRONCHUS_EPITHELIUM_DEVELOPMENT	5		Rejected!	
GOBP_LOCALIZATION_OF_CELL	6		Rejected!	
GOBP_LOCALIZATION_WITHIN_MEMBRANE	724		Rejected!	
GOBP_LOCOMOTION	1374		Rejected!	
GOBP_LOCOMOTION_INVOLVED_IN_LOCOMOTORY_BEHAVIOR	13		Rejected!	
GOBP_LOCOMOTORY_BEHAVIOR	217	172		
GOBP_LOCOMOTORY_EXPLORATION_BEHAVIOR	16		Rejected!	
GOBP_LOCOMOTOR_RHYTHM	16		Rejected!	
GOBP_LONG_CHAIN_FATTY_ACID_BIOSYNTHETIC_PROCESS	40	35		
GOBP_LONG_CHAIN_FATTY_ACID_CATABOLIC_PROCESS	9		Rejected!	
GOBP_LONG_CHAIN_FATTY_ACID_IMPORT_ACROSS_PLASMA_MEMBRANE	10		Rejected!	
GOBP_LONG_CHAIN_FATTY_ACID_IMPORT_INTO_CELL	18	17		
GOBP_LONG_CHAIN_FATTY_ACID_METABOLIC_PROCESS	109	86		
GOBP_LONG_CHAIN_FATTY_ACID_TRANSPORT	65	51		
GOBP_LONG_CHAIN_FATTY_ACYL_COA_BIOSYNTHETIC_PROCESS	19	18		
GOBP_LONG_CHAIN_FATTY_ACYL_COA_METABOLIC_PROCESS	25	22		
GOBP_LONG_TERM_MEMORY	37	30		
GOBP_LONG_TERM_SYNAPTIC_DEPRESSION	33	26		
GOBP_LONG_TERM_SYNAPTIC_POTENTIATION	116	89		
GOBP_LOOP_OF_HENLE_DEVELOPMENT	12		Rejected!	
GOBP_LOW_DENSITY_LIPOPROTEIN_PARTICLE_CLEARANCE	37	20		
GOBP_LOW_DENSITY_LIPOPROTEIN_PARTICLE_REMODELING	16		Rejected!	
GOBP_LOW_DENSITY_LIPOPROTEIN_RECEPTOR_PARTICLE_METABOLIC_PROCESS	6		Rejected!	
GOBP_LUNG_ALVEOLUS_DEVELOPMENT	55	49		
GOBP_LUNG_ASSOCIATED_MESENCHYME_DEVELOPMENT	9		Rejected!	
GOBP_LUNG_CELL_DIFFERENTIATION	30	27		
GOBP_LUNG_EPITHELIUM_DEVELOPMENT	48	45		
GOBP_LUNG_GROWTH	6		Rejected!	
GOBP_LUNG_LOBE_DEVELOPMENT	8		Rejected!	
GOBP_LUNG_MORPHOGENESIS	61	53		
GOBP_LUNG_SACCULE_DEVELOPMENT	9		Rejected!	
GOBP_LUNG_SECRETORY_CELL_DIFFERENTIATION	12		Rejected!	
GOBP_LUNG_VASCULATURE_DEVELOPMENT	11		Rejected!	
GOBP_LUTEINIZATION	12		Rejected!	
GOBP_LUTEINIZING_HORMONE_SECRETION	10		Rejected!	
GOBP_LUTEOLYSIS	8		Rejected!	
GOBP_LYMPHANGIOGENESIS	20	16		
GOBP_LYMPHATIC_ENDOTHELIAL_CELL_DIFFERENTIATION	8		Rejected!	
GOBP_LYMPHOCYTE_ACTIVATION	846		Rejected!	
GOBP_LYMPHOCYTE_ACTIVATION_INVOLVED_IN_IMMUNE_RESPONSE	235	148		
GOBP_LYMPHOCYTE_AGGREGATION	5		Rejected!	
GOBP_LYMPHOCYTE_ANERGY	9		Rejected!	
GOBP_LYMPHOCYTE_APOPTOTIC_PROCESS	86	67		
GOBP_LYMPHOCYTE_CHEMOTAXIS	48	32		
GOBP_LYMPHOCYTE_COSTIMULATION	50	31		
GOBP_LYMPHOCYTE_DIFFERENTIATION	440	323		
GOBP_LYMPHOCYTE_HOMEOSTASIS	83	64		
GOBP_LYMPHOCYTE_MEDIATED_IMMUNITY	377	214		
GOBP_LYMPHOCYTE_MIGRATION	114	83		
GOBP_LYMPHOCYTE_MIGRATION_INTO_LYMPHOID_ORGANS	10		Rejected!	
GOBP_LYMPHOID_PROGENITOR_CELL_DIFFERENTIATION	24	21		
GOBP_LYMPH_NODE_DEVELOPMENT	21	20		
GOBP_LYMPH_VESSEL_DEVELOPMENT	32	28		
GOBP_LYMPH_VESSEL_MORPHOGENESIS	24	20		
GOBP_LYSINE_METABOLIC_PROCESS	7		Rejected!	
GOBP_LYSOSOMAL_LUMEN_ACIDIFICATION	24	23		
GOBP_LYSOSOMAL_MEMBRANE_ORGANIZATION	15	15		
GOBP_LYSOSOMAL_TRANSPORT	131	110		
GOBP_LYTIC_VACUOLE_ORGANIZATION	113	106		
GOBP_L_ALANINE_TRANSMEMBRANE_TRANSPORT	5		Rejected!	
GOBP_L_ALANINE_TRANSPORT	11		Rejected!	
GOBP_L_ALPHA_AMINO_ACID_TRANSMEMBRANE_TRANSPORT	75	60		
GOBP_L_AMINO_ACID_CATABOLIC_PROCESS	78	67		
GOBP_L_AMINO_ACID_TRANSPORT	95	74		
GOBP_L_ARGININE_BIOSYNTHETIC_PROCESS	5		Rejected!	
GOBP_L_ARGININE_IMPORT_ACROSS_PLASMA_MEMBRANE	5		Rejected!	
GOBP_L_ARGININE_TRANSMEMBRANE_TRANSPORT	15		Rejected!	
GOBP_L_ASCORBIC_ACID_METABOLIC_PROCESS	11		Rejected!	
GOBP_L_ASPARTATE_IMPORT_ACROSS_PLASMA_MEMBRANE	6		Rejected!	
GOBP_L_ASPARTATE_TRANSMEMBRANE_TRANSPORT	11		Rejected!	
GOBP_L_CYSTINE_TRANSPORT	6		Rejected!	
GOBP_L_GLUTAMATE_IMPORT	44	37		
GOBP_L_GLUTAMATE_IMPORT_ACROSS_PLASMA_MEMBRANE	18		Rejected!	
GOBP_L_GLUTAMATE_TRANSMEMBRANE_TRANSPORT	34	29		
GOBP_L_GLUTAMINE_IMPORT_ACROSS_PLASMA_MEMBRANE	5		Rejected!	
GOBP_L_HISTIDINE_METABOLIC_PROCESS	8		Rejected!	
GOBP_L_HISTIDINE_TRANSMEMBRANE_TRANSPORT	6		Rejected!	
GOBP_L_KYNURENINE_METABOLIC_PROCESS	5		Rejected!	
GOBP_L_LEUCINE_CATABOLIC_PROCESS	7		Rejected!	
GOBP_L_LEUCINE_IMPORT_ACROSS_PLASMA_MEMBRANE	5		Rejected!	
GOBP_L_LEUCINE_METABOLIC_PROCESS	9		Rejected!	
GOBP_L_LEUCINE_TRANSPORT	10		Rejected!	
GOBP_L_LYSINE_TRANSPORT	9		Rejected!	
GOBP_L_PHENYLALANINE_METABOLIC_PROCESS	8		Rejected!	
GOBP_L_PROLINE_TRANSMEMBRANE_TRANSPORT	5		Rejected!	
GOBP_L_SERINE_BIOSYNTHETIC_PROCESS	6		Rejected!	
GOBP_L_SERINE_CATABOLIC_PROCESS	5		Rejected!	
GOBP_L_SERINE_METABOLIC_PROCESS	13		Rejected!	
GOBP_L_TRYPTOPHAN_CATABOLIC_PROCESS_TO_KYNURENINE	5		Rejected!	
GOBP_MACROAUTOPHAGY	384	351		
GOBP_MACROMOLECULE_CATABOLIC_PROCESS	1594		Rejected!	
GOBP_MACROMOLECULE_DEACYLATION	41	35		
GOBP_MACROMOLECULE_DEPALMITOYLATION	14		Rejected!	
GOBP_MACROMOLECULE_METHYLATION	124	111		
GOBP_MACROPHAGE_ACTIVATION	116	79		
GOBP_MACROPHAGE_ACTIVATION_INVOLVED_IN_IMMUNE_RESPONSE	20		Rejected!	
GOBP_MACROPHAGE_APOPTOTIC_PROCESS	13		Rejected!	
GOBP_MACROPHAGE_CHEMOTAXIS	43	37		
GOBP_MACROPHAGE_COLONY_STIMULATING_FACTOR_PRODUCTION	7		Rejected!	
GOBP_MACROPHAGE_COLONY_STIMULATING_FACTOR_SIGNALING_PATHWAY	7		Rejected!	
GOBP_MACROPHAGE_CYTOKINE_PRODUCTION	38	32		
GOBP_MACROPHAGE_DIFFERENTIATION	74	58		
GOBP_MACROPHAGE_FUSION	6		Rejected!	
GOBP_MACROPHAGE_INFLAMMATORY_PROTEIN_1_ALPHA_PRODUCTION	6		Rejected!	
GOBP_MACROPHAGE_MIGRATION	62	50		
GOBP_MACROPHAGE_PROLIFERATION	13		Rejected!	
GOBP_MACROPINOCYTOSIS	11		Rejected!	
GOBP_MAGNESIUM_ION_HOMEOSTASIS	13		Rejected!	
GOBP_MAGNESIUM_ION_TRANSPORT	21	18		
GOBP_MAINTENANCE_OF_ANIMAL_ORGAN_IDENTITY	5		Rejected!	
GOBP_MAINTENANCE_OF_APICAL_BASAL_CELL_POLARITY	7		Rejected!	
GOBP_MAINTENANCE_OF_BLOOD_BRAIN_BARRIER	39	36		
GOBP_MAINTENANCE_OF_CELL_NUMBER	200	164		
GOBP_MAINTENANCE_OF_CELL_POLARITY	14		Rejected!	
GOBP_MAINTENANCE_OF_CENTROSOME_LOCATION	6		Rejected!	
GOBP_MAINTENANCE_OF_DNA_REPEAT_ELEMENTS	7		Rejected!	
GOBP_MAINTENANCE_OF_GASTROINTESTINAL_EPITHELIUM	25	21		
GOBP_MAINTENANCE_OF_LENS_TRANSPARENCY	8		Rejected!	
GOBP_MAINTENANCE_OF_LOCATION	221	177		
GOBP_MAINTENANCE_OF_ORGANELLE_LOCATION	11		Rejected!	
GOBP_MAINTENANCE_OF_POSTSYNAPTIC_DENSITY_STRUCTURE	6		Rejected!	
GOBP_MAINTENANCE_OF_POSTSYNAPTIC_SPECIALIZATION_STRUCTURE	11		Rejected!	
GOBP_MAINTENANCE_OF_PRESYNAPTIC_ACTIVE_ZONE_STRUCTURE	8		Rejected!	
GOBP_MAINTENANCE_OF_PROTEIN_LOCALIZATION_IN_ENDOPLASMIC_RETICULUM	13		Rejected!	
GOBP_MAINTENANCE_OF_PROTEIN_LOCALIZATION_IN_ORGANELLE	45	42		
GOBP_MAINTENANCE_OF_PROTEIN_LOCATION	67	60		
GOBP_MAINTENANCE_OF_PROTEIN_LOCATION_IN_EXTRACELLULAR_REGION	8		Rejected!	
GOBP_MAINTENANCE_OF_PROTEIN_LOCATION_IN_MITOCHONDRION	5		Rejected!	
GOBP_MAINTENANCE_OF_PROTEIN_LOCATION_IN_NUCLEUS	26	24		
GOBP_MAINTENANCE_OF_SISTER_CHROMATID_COHESION	13		Rejected!	
GOBP_MAINTENANCE_OF_SYNAPSE_STRUCTURE	31	28		
GOBP_MALATE_ASPARTATE_SHUTTLE	9		Rejected!	
GOBP_MALATE_METABOLIC_PROCESS	9		Rejected!	
GOBP_MALE_GAMETE_GENERATION	703	499		
GOBP_MALE_GENITALIA_DEVELOPMENT	23	18		
GOBP_MALE_MATING_BEHAVIOR	8		Rejected!	
GOBP_MALE_MEIOSIS_I	29	18		
GOBP_MALE_MEIOTIC_NUCLEAR_DIVISION	57	38		
GOBP_MALE_SEX_DETERMINATION	14		Rejected!	
GOBP_MALE_SEX_DIFFERENTIATION	177	144		
GOBP_MALONYL_COA_METABOLIC_PROCESS	6		Rejected!	
GOBP_MAMMALIAN_OOGENESIS_STAGE	11		Rejected!	
GOBP_MAMMARY_GLAND_ALVEOLUS_DEVELOPMENT	20	18		
GOBP_MAMMARY_GLAND_BRANCHING_INVOLVED_IN_PREGNANCY	7		Rejected!	
GOBP_MAMMARY_GLAND_DEVELOPMENT	140	115		
GOBP_MAMMARY_GLAND_DUCT_MORPHOGENESIS	34	30		
GOBP_MAMMARY_GLAND_EPITHELIAL_CELL_DIFFERENTIATION	18		Rejected!	
GOBP_MAMMARY_GLAND_EPITHELIAL_CELL_PROLIFERATION	28	25		
GOBP_MAMMARY_GLAND_EPITHELIUM_DEVELOPMENT	74	62		
GOBP_MAMMARY_GLAND_FORMATION	7		Rejected!	
GOBP_MAMMARY_GLAND_INVOLUTION	10		Rejected!	
GOBP_MAMMARY_GLAND_MORPHOGENESIS	49	42		
GOBP_MANCHETTE_ASSEMBLY	10		Rejected!	
GOBP_MANGANESE_ION_TRANSMEMBRANE_TRANSPORT	10		Rejected!	
GOBP_MANGANESE_ION_TRANSPORT	12		Rejected!	
GOBP_MANNOSE_METABOLIC_PROCESS	10		Rejected!	
GOBP_MANNOSYLATION	20	20		
GOBP_MAPK_CASCADE	795		Rejected!	
GOBP_MARGINAL_ZONE_B_CELL_DIFFERENTIATION	11		Rejected!	
GOBP_MAST_CELL_ACTIVATION	74	55		
GOBP_MAST_CELL_ACTIVATION_INVOLVED_IN_IMMUNE_RESPONSE	60	46		
GOBP_MAST_CELL_CHEMOTAXIS	12		Rejected!	
GOBP_MAST_CELL_CYTOKINE_PRODUCTION	7		Rejected!	
GOBP_MAST_CELL_DIFFERENTIATION	7		Rejected!	
GOBP_MAST_CELL_HOMEOSTASIS	6		Rejected!	
GOBP_MAST_CELL_MIGRATION	15		Rejected!	
GOBP_MAST_CELL_PROLIFERATION	8		Rejected!	
GOBP_MATERNAL_PLACENTA_DEVELOPMENT	36	29		
GOBP_MATERNAL_PROCESS_INVOLVED_IN_FEMALE_PREGNANCY	60	48		
GOBP_MATERNAL_PROCESS_INVOLVED_IN_PARTURITION	5		Rejected!	
GOBP_MATERNAL_TO_ZYGOTIC_TRANSITION_OF_GENE_EXPRESSION	6		Rejected!	
GOBP_MATING_BEHAVIOR	35	27		
GOBP_MATURATION_OF_5_8S_RRNA	34	34		
GOBP_MATURATION_OF_5_8S_RRNA_FROM_TRICISTRONIC_RRNA_TRANSCRIPT_SSU_RRNA_5_8S_RRNA_LSU_RRNA	23	23		
GOBP_MATURATION_OF_LSU_RRNA	26	24		
GOBP_MATURATION_OF_LSU_RRNA_FROM_TRICISTRONIC_RRNA_TRANSCRIPT_SSU_RRNA_5_8S_RRNA_LSU_RRNA	17	17		
GOBP_MATURATION_OF_SSU_RRNA	54	49		
GOBP_MATURATION_OF_SSU_RRNA_FROM_TRICISTRONIC_RRNA_TRANSCRIPT_SSU_RRNA_5_8S_RRNA_LSU_RRNA	35	32		
GOBP_MATURE_B_CELL_DIFFERENTIATION	42	30		
GOBP_MATURE_CONVENTIONAL_DENDRITIC_CELL_DIFFERENTIATION	6		Rejected!	
GOBP_MDA_5_SIGNALING_PATHWAY	11		Rejected!	
GOBP_MECHANORECEPTOR_DIFFERENTIATION	79	68		
GOBP_MECHANOSENSORY_BEHAVIOR	16		Rejected!	
GOBP_MEDIUM_CHAIN_FATTY_ACID_BIOSYNTHETIC_PROCESS	6		Rejected!	
GOBP_MEDIUM_CHAIN_FATTY_ACID_CATABOLIC_PROCESS	5		Rejected!	
GOBP_MEDIUM_CHAIN_FATTY_ACID_METABOLIC_PROCESS	15		Rejected!	
GOBP_MEDIUM_CHAIN_FATTY_ACYL_COA_METABOLIC_PROCESS	6		Rejected!	
GOBP_MEGAKARYOCYTE_DEVELOPMENT	23	18		
GOBP_MEGAKARYOCYTE_DIFFERENTIATION	67	50		
GOBP_MEIOSIS_I_CELL_CYCLE_PROCESS	142	106		
GOBP_MEIOTIC_ATTACHMENT_OF_TELOMERE_TO_NUCLEAR_ENVELOPE	5		Rejected!	
GOBP_MEIOTIC_CELL_CYCLE	298	228		
GOBP_MEIOTIC_CELL_CYCLE_CHECKPOINT_SIGNALING	10		Rejected!	
GOBP_MEIOTIC_CELL_CYCLE_PHASE_TRANSITION	17		Rejected!	
GOBP_MEIOTIC_CELL_CYCLE_PROCESS	226	173		
GOBP_MEIOTIC_CELL_CYCLE_PROCESS_INVOLVED_IN_OOCYTE_MATURATION	7		Rejected!	
GOBP_MEIOTIC_CHROMOSOME_CONDENSATION	6		Rejected!	
GOBP_MEIOTIC_CHROMOSOME_SEGREGATION	97	72		
GOBP_MEIOTIC_CHROMOSOME_SEPARATION	10		Rejected!	
GOBP_MEIOTIC_CYTOKINESIS	8		Rejected!	
GOBP_MEIOTIC_DNA_DOUBLE_STRAND_BREAK_FORMATION	8		Rejected!	
GOBP_MEIOTIC_METAPHASE_CHROMOSOME_ALIGNMENT	5		Rejected!	
GOBP_MEIOTIC_SISTER_CHROMATID_COHESION	17		Rejected!	
GOBP_MEIOTIC_SISTER_CHROMATID_COHESION_CENTROMERIC	5		Rejected!	
GOBP_MEIOTIC_SPINDLE_ASSEMBLY	15		Rejected!	
GOBP_MEIOTIC_SPINDLE_ORGANIZATION	22	18		
GOBP_MELANOCYTE_DIFFERENTIATION	24	21		
GOBP_MELANOCYTE_PROLIFERATION	5		Rejected!	
GOBP_MELANOSOME_ASSEMBLY	19	18		
GOBP_MEMBRANELESS_ORGANELLE_ASSEMBLY	437	389		
GOBP_MEMBRANE_BIOGENESIS	70	59		
GOBP_MEMBRANE_DEPOLARIZATION	100	82		
GOBP_MEMBRANE_DEPOLARIZATION_DURING_ACTION_POTENTIAL	31	25		
GOBP_MEMBRANE_DEPOLARIZATION_DURING_AV_NODE_CELL_ACTION_POTENTIAL	6		Rejected!	
GOBP_MEMBRANE_DEPOLARIZATION_DURING_CARDIAC_MUSCLE_CELL_ACTION_POTENTIAL	23	20		
GOBP_MEMBRANE_DEPOLARIZATION_DURING_SA_NODE_CELL_ACTION_POTENTIAL	5		Rejected!	
GOBP_MEMBRANE_DISASSEMBLY	13		Rejected!	
GOBP_MEMBRANE_DOCKING	89	83		
GOBP_MEMBRANE_FISSION	45	40		
GOBP_MEMBRANE_FUSION	203	167		
GOBP_MEMBRANE_HYPERPOLARIZATION	13		Rejected!	
GOBP_MEMBRANE_INVAGINATION	64	52		
GOBP_MEMBRANE_LIPID_BIOSYNTHETIC_PROCESS	153	135		
GOBP_MEMBRANE_LIPID_CATABOLIC_PROCESS	54	40		
GOBP_MEMBRANE_LIPID_METABOLIC_PROCESS	222	185		
GOBP_MEMBRANE_ORGANIZATION	848		Rejected!	
GOBP_MEMBRANE_PROTEIN_ECTODOMAIN_PROTEOLYSIS	52	44		
GOBP_MEMBRANE_PROTEIN_INTRACELLULAR_DOMAIN_PROTEOLYSIS	14		Rejected!	
GOBP_MEMBRANE_PROTEIN_PROTEOLYSIS	64	53		
GOBP_MEMBRANE_RAFT_ASSEMBLY	14		Rejected!	
GOBP_MEMBRANE_RAFT_LOCALIZATION	9		Rejected!	
GOBP_MEMBRANE_RAFT_ORGANIZATION	30	25		
GOBP_MEMBRANE_REPOLARIZATION	58	45		
GOBP_MEMBRANE_REPOLARIZATION_DURING_ACTION_POTENTIAL	34	26		
GOBP_MEMBRANE_REPOLARIZATION_DURING_ATRIAL_CARDIAC_MUSCLE_CELL_ACTION_POTENTIAL	7		Rejected!	
GOBP_MEMBRANE_REPOLARIZATION_DURING_VENTRICULAR_CARDIAC_MUSCLE_CELL_ACTION_POTENTIAL	19		Rejected!	
GOBP_MEMBRANE_TO_MEMBRANE_DOCKING	6		Rejected!	
GOBP_MEMBRANE_TUBULATION	6		Rejected!	
GOBP_MEMBRANOUS_SEPTUM_MORPHOGENESIS	10		Rejected!	
GOBP_MEMORY	131	111		
GOBP_MENAQUINONE_CATABOLIC_PROCESS	5		Rejected!	
GOBP_MESANGIAL_CELL_DEVELOPMENT	6		Rejected!	
GOBP_MESANGIAL_CELL_DIFFERENTIATION	7		Rejected!	
GOBP_MESENCHYMAL_CELL_APOPTOTIC_PROCESS	15		Rejected!	
GOBP_MESENCHYMAL_CELL_DEVELOPMENT	7		Rejected!	
GOBP_MESENCHYMAL_CELL_DIFFERENTIATION	273	221		
GOBP_MESENCHYMAL_CELL_DIFFERENTIATION_INVOLVED_IN_KIDNEY_DEVELOPMENT	7		Rejected!	
GOBP_MESENCHYMAL_CELL_MIGRATION	62	54		
GOBP_MESENCHYMAL_CELL_PROLIFERATION	47	42		
GOBP_MESENCHYMAL_CELL_PROLIFERATION_INVOLVED_IN_LUNG_DEVELOPMENT	6		Rejected!	
GOBP_MESENCHYMAL_EPITHELIAL_CELL_SIGNALING	9		Rejected!	
GOBP_MESENCHYMAL_STEM_CELL_DIFFERENTIATION	14		Rejected!	
GOBP_MESENCHYMAL_STEM_CELL_MAINTENANCE_INVOLVED_IN_NEPHRON_MORPHOGENESIS	6		Rejected!	
GOBP_MESENCHYMAL_STEM_CELL_PROLIFERATION	12		Rejected!	
GOBP_MESENCHYMAL_TO_EPITHELIAL_TRANSITION	20	17		
GOBP_MESENCHYMAL_TO_EPITHELIAL_TRANSITION_INVOLVED_IN_METANEPHROS_MORPHOGENESIS	11		Rejected!	
GOBP_MESENCHYME_DEVELOPMENT	341	271		
GOBP_MESENCHYME_MIGRATION	5		Rejected!	
GOBP_MESENCHYME_MORPHOGENESIS	62	49		
GOBP_MESENDODERM_DEVELOPMENT	9		Rejected!	
GOBP_MESODERMAL_CELL_DIFFERENTIATION	35	25		
GOBP_MESODERMAL_CELL_FATE_COMMITMENT	18		Rejected!	
GOBP_MESODERMAL_CELL_FATE_SPECIFICATION	13		Rejected!	
GOBP_MESODERMAL_CELL_MIGRATION	6		Rejected!	
GOBP_MESODERM_DEVELOPMENT	142	108		
GOBP_MESODERM_MORPHOGENESIS	79	62		
GOBP_MESONEPHRIC_DUCT_DEVELOPMENT	9		Rejected!	
GOBP_MESONEPHRIC_TUBULE_FORMATION	10		Rejected!	
GOBP_MESONEPHRIC_TUBULE_MORPHOGENESIS	68	61		
GOBP_MESONEPHROS_DEVELOPMENT	103	93		
GOBP_METABOLIC_COMPOUND_SALVAGE	35	30		
GOBP_METALLO_SULFUR_CLUSTER_ASSEMBLY	27	25		
GOBP_METAL_ION_TRANSPORT	895		Rejected!	
GOBP_METANEPHRIC_COLLECTING_DUCT_DEVELOPMENT	10		Rejected!	
GOBP_METANEPHRIC_DISTAL_TUBULE_DEVELOPMENT	7		Rejected!	
GOBP_METANEPHRIC_EPITHELIUM_DEVELOPMENT	28	22		
GOBP_METANEPHRIC_GLOMERULAR_MESANGIUM_DEVELOPMENT	5		Rejected!	
GOBP_METANEPHRIC_GLOMERULUS_DEVELOPMENT	17		Rejected!	
GOBP_METANEPHRIC_GLOMERULUS_VASCULATURE_DEVELOPMENT	9		Rejected!	
GOBP_METANEPHRIC_LOOP_OF_HENLE_DEVELOPMENT	6		Rejected!	
GOBP_METANEPHRIC_MESENCHYMAL_CELL_DIFFERENTIATION	5		Rejected!	
GOBP_METANEPHRIC_MESENCHYME_DEVELOPMENT	14		Rejected!	
GOBP_METANEPHRIC_NEPHRON_DEVELOPMENT	40	33		
GOBP_METANEPHRIC_NEPHRON_MORPHOGENESIS	23	20		
GOBP_METANEPHRIC_NEPHRON_TUBULE_EPITHELIAL_CELL_DIFFERENTIATION	6		Rejected!	
GOBP_METANEPHRIC_NEPHRON_TUBULE_MORPHOGENESIS	8		Rejected!	
GOBP_METANEPHRIC_PART_OF_URETERIC_BUD_DEVELOPMENT	6		Rejected!	
GOBP_METANEPHRIC_PROXIMAL_TUBULE_DEVELOPMENT	5		Rejected!	
GOBP_METANEPHRIC_RENAL_VESICLE_MORPHOGENESIS	13		Rejected!	
GOBP_METANEPHRIC_S_SHAPED_BODY_MORPHOGENESIS	5		Rejected!	
GOBP_METANEPHRIC_TUBULE_DEVELOPMENT	24	21		
GOBP_METANEPHRIC_TUBULE_FORMATION	6		Rejected!	
GOBP_METANEPHRIC_TUBULE_MORPHOGENESIS	10		Rejected!	
GOBP_METANEPHROS_DEVELOPMENT	92	78		
GOBP_METANEPHROS_MORPHOGENESIS	30	26		
GOBP_METAPHASE_ANAPHASE_TRANSITION_OF_MEIOTIC_CELL_CYCLE	7		Rejected!	
GOBP_METAPHASE_CHROMOSOME_ALIGNMENT	107	100		
GOBP_METENCEPHALON_DEVELOPMENT	119	101		
GOBP_METHIONINE_BIOSYNTHETIC_PROCESS	8		Rejected!	
GOBP_METHIONINE_METABOLIC_PROCESS	13		Rejected!	
GOBP_METHYLATION	225	196		
GOBP_METHYLGLYOXAL_METABOLIC_PROCESS	6		Rejected!	
GOBP_MHC_CLASS_II_BIOSYNTHETIC_PROCESS	20		Rejected!	
GOBP_MHC_CLASS_I_BIOSYNTHETIC_PROCESS	8		Rejected!	
GOBP_MICROAUTOPHAGY	22	20		
GOBP_MICROGLIAL_CELL_ACTIVATION_INVOLVED_IN_IMMUNE_RESPONSE	5		Rejected!	
GOBP_MICROGLIAL_CELL_MEDIATED_CYTOTOXICITY	5		Rejected!	
GOBP_MICROGLIAL_CELL_MIGRATION	8		Rejected!	
GOBP_MICROGLIAL_CELL_PROLIFERATION	9		Rejected!	
GOBP_MICROGLIA_DIFFERENTIATION	16		Rejected!	
GOBP_MICROTUBULE_ANCHORING	25	22		
GOBP_MICROTUBULE_ANCHORING_AT_MICROTUBULE_ORGANIZING_CENTER	14		Rejected!	
GOBP_MICROTUBULE_BASED_MOVEMENT	494	427		
GOBP_MICROTUBULE_BASED_PROCESS	1028		Rejected!	
GOBP_MICROTUBULE_BASED_PROTEIN_TRANSPORT	14		Rejected!	
GOBP_MICROTUBULE_BASED_TRANSPORT	233	218		
GOBP_MICROTUBULE_BUNDLE_FORMATION	137	125		
GOBP_MICROTUBULE_CYTOSKELETON_ORGANIZATION	688		Rejected!	
GOBP_MICROTUBULE_CYTOSKELETON_ORGANIZATION_INVOLVED_IN_MITOSIS	172	161		
GOBP_MICROTUBULE_DEPOLYMERIZATION	53	46		
GOBP_MICROTUBULE_NUCLEATION	48	44		
GOBP_MICROTUBULE_NUCLEATION_BY_MICROTUBULE_ORGANIZING_CENTER	5		Rejected!	
GOBP_MICROTUBULE_ORGANIZING_CENTER_LOCALIZATION	33	31		
GOBP_MICROTUBULE_ORGANIZING_CENTER_ORGANIZATION	162	149		
GOBP_MICROTUBULE_POLYMERIZATION	104	91		
GOBP_MICROTUBULE_POLYMERIZATION_OR_DEPOLYMERIZATION	148	131		
GOBP_MICROTUBULE_SEVERING	9		Rejected!	
GOBP_MICROVILLUS_ASSEMBLY	23	21		
GOBP_MICROVILLUS_ORGANIZATION	31	26		
GOBP_MICTURITION	9		Rejected!	
GOBP_MIDBODY_ABSCISSION	24	22		
GOBP_MIDBRAIN_DEVELOPMENT	93	81		
GOBP_MIDBRAIN_DOPAMINERGIC_NEURON_DIFFERENTIATION	17		Rejected!	
GOBP_MIDBRAIN_HINDBRAIN_BOUNDARY_DEVELOPMENT	7		Rejected!	
GOBP_MIDDLE_EAR_MORPHOGENESIS	22	22		
GOBP_MIDGUT_DEVELOPMENT	11		Rejected!	
GOBP_MIGRACYTOSIS	6		Rejected!	
GOBP_MINERALOCORTICOID_BIOSYNTHETIC_PROCESS	12		Rejected!	
GOBP_MINERALOCORTICOID_METABOLIC_PROCESS	14		Rejected!	
GOBP_MIRNA_CATABOLIC_PROCESS	20		Rejected!	
GOBP_MIRNA_MEDIATED_GENE_SILENCING_BY_INHIBITION_OF_TRANSLATION	99	15		
GOBP_MIRNA_MEDIATED_GENE_SILENCING_BY_MRNA_DESTABILIZATION	105		Rejected!	
GOBP_MIRNA_METABOLIC_PROCESS	110	82		
GOBP_MIRNA_PROCESSING	44	33		
GOBP_MIRNA_TRANSCRIPTION	76	57		
GOBP_MISMATCH_REPAIR	36	25		
GOBP_MITOCHONDRIAL_ADP_TRANSMEMBRANE_TRANSPORT	5		Rejected!	
GOBP_MITOCHONDRIAL_ATP_TRANSMEMBRANE_TRANSPORT	8		Rejected!	
GOBP_MITOCHONDRIAL_CALCIUM_ION_HOMEOSTASIS	25	22		
GOBP_MITOCHONDRIAL_CALCIUM_ION_TRANSMEMBRANE_TRANSPORT	24	22		
GOBP_MITOCHONDRIAL_DEPOLARIZATION	28	24		
GOBP_MITOCHONDRIAL_DNA_METABOLIC_PROCESS	23	20		
GOBP_MITOCHONDRIAL_DNA_REPAIR	7		Rejected!	
GOBP_MITOCHONDRIAL_DNA_REPLICATION	15		Rejected!	
GOBP_MITOCHONDRIAL_ELECTRON_TRANSPORT_CYTOCHROME_C_TO_OXYGEN	23	17		
GOBP_MITOCHONDRIAL_ELECTRON_TRANSPORT_NADH_TO_UBIQUINONE	52	47		
GOBP_MITOCHONDRIAL_ELECTRON_TRANSPORT_SUCCINATE_TO_UBIQUINONE	5		Rejected!	
GOBP_MITOCHONDRIAL_ELECTRON_TRANSPORT_UBIQUINOL_TO_CYTOCHROME_C	14		Rejected!	
GOBP_MITOCHONDRIAL_FISSION	43	37		
GOBP_MITOCHONDRIAL_FRAGMENTATION_INVOLVED_IN_APOPTOTIC_PROCESS	10		Rejected!	
GOBP_MITOCHONDRIAL_FUSION	36	33		
GOBP_MITOCHONDRIAL_GENE_EXPRESSION	170	165		
GOBP_MITOCHONDRIAL_GENOME_MAINTENANCE	31	28		
GOBP_MITOCHONDRIAL_LARGE_RIBOSOMAL_SUBUNIT_ASSEMBLY	8		Rejected!	
GOBP_MITOCHONDRIAL_MEMBRANE_ORGANIZATION	119	105		
GOBP_MITOCHONDRIAL_OUTER_MEMBRANE_PERMEABILIZATION	34	30		
GOBP_MITOCHONDRIAL_PROTEIN_CATABOLIC_PROCESS	10		Rejected!	
GOBP_MITOCHONDRIAL_PROTEIN_PROCESSING	13		Rejected!	
GOBP_MITOCHONDRIAL_PROTON_TRANSPORTING_ATP_SYNTHASE_COMPLEX_ASSEMBLY	8		Rejected!	
GOBP_MITOCHONDRIAL_RESPIRASOME_ASSEMBLY	11		Rejected!	
GOBP_MITOCHONDRIAL_RESPIRATORY_CHAIN_COMPLEX_ASSEMBLY	103	95		
GOBP_MITOCHONDRIAL_RIBOSOME_ASSEMBLY	17	16		
GOBP_MITOCHONDRIAL_RNA_3_END_PROCESSING	8		Rejected!	
GOBP_MITOCHONDRIAL_RNA_CATABOLIC_PROCESS	8		Rejected!	
GOBP_MITOCHONDRIAL_RNA_METABOLIC_PROCESS	55	52		
GOBP_MITOCHONDRIAL_RNA_MODIFICATION	11		Rejected!	
GOBP_MITOCHONDRIAL_RNA_PROCESSING	24	24		
GOBP_MITOCHONDRIAL_TRANSCRIPTION	21	20		
GOBP_MITOCHONDRIAL_TRANSLATION	132	128		
GOBP_MITOCHONDRIAL_TRANSLATIONAL_ELONGATION	5		Rejected!	
GOBP_MITOCHONDRIAL_TRANSMEMBRANE_TRANSPORT	104	93		
GOBP_MITOCHONDRIAL_TRANSPORT	183	160		
GOBP_MITOCHONDRIAL_TRNA_PROCESSING	14		Rejected!	
GOBP_MITOCHONDRION_DISTRIBUTION	21	20		
GOBP_MITOCHONDRION_ENDOPLASMIC_RETICULUM_MEMBRANE_TETHERING	8		Rejected!	
GOBP_MITOCHONDRION_LOCALIZATION	56	52		
GOBP_MITOCHONDRION_ORGANIZATION	432	386		
GOBP_MITOPHAGY	97	89		
GOBP_MITOTIC_CELL_CYCLE	931		Rejected!	
GOBP_MITOTIC_CELL_CYCLE_CHECKPOINT_SIGNALING	136	119		
GOBP_MITOTIC_CELL_CYCLE_PHASE_TRANSITION	458	377		
GOBP_MITOTIC_CELL_CYCLE_PROCESS	783		Rejected!	
GOBP_MITOTIC_CHROMOSOME_CONDENSATION	19	18		
GOBP_MITOTIC_CYTOKINESIS	98	86		
GOBP_MITOTIC_CYTOKINETIC_PROCESS	38	36		
GOBP_MITOTIC_DNA_INTEGRITY_CHECKPOINT_SIGNALING	75	64		
GOBP_MITOTIC_DNA_REPLICATION	17		Rejected!	
GOBP_MITOTIC_DNA_REPLICATION_CHECKPOINT_SIGNALING	11		Rejected!	
GOBP_MITOTIC_G1_S_TRANSITION_CHECKPOINT_SIGNALING	17		Rejected!	
GOBP_MITOTIC_G2_DNA_DAMAGE_CHECKPOINT_SIGNALING	36	31		
GOBP_MITOTIC_G2_M_TRANSITION_CHECKPOINT	54	48		
GOBP_MITOTIC_INTRA_S_DNA_DAMAGE_CHECKPOINT_SIGNALING	17		Rejected!	
GOBP_MITOTIC_METAPHASE_CHROMOSOME_ALIGNMENT	66	63		
GOBP_MITOTIC_NUCLEAR_DIVISION	286	261		
GOBP_MITOTIC_NUCLEAR_MEMBRANE_DISASSEMBLY	8		Rejected!	
GOBP_MITOTIC_NUCLEAR_MEMBRANE_ORGANIZATION	10		Rejected!	
GOBP_MITOTIC_RECOMBINATION	29	23		
GOBP_MITOTIC_SISTER_CHROMATID_COHESION	31	26		
GOBP_MITOTIC_SISTER_CHROMATID_COHESION_CENTROMERIC	5		Rejected!	
GOBP_MITOTIC_SISTER_CHROMATID_SEGREGATION	197	183		
GOBP_MITOTIC_SISTER_CHROMATID_SEPARATION	64	57		
GOBP_MITOTIC_SPINDLE_ASSEMBLY	78	72		
GOBP_MITOTIC_SPINDLE_ELONGATION	12		Rejected!	
GOBP_MITOTIC_SPINDLE_ORGANIZATION	139	129		
GOBP_MITRAL_VALVE_DEVELOPMENT	14		Rejected!	
GOBP_MODIFICATION_DEPENDENT_MACROMOLECULE_CATABOLIC_PROCESS	694		Rejected!	
GOBP_MODIFICATION_OF_POSTSYNAPTIC_ACTIN_CYTOSKELETON	19	19		
GOBP_MODIFICATION_OF_POSTSYNAPTIC_STRUCTURE	35	35		
GOBP_MODIFICATION_OF_SYNAPTIC_STRUCTURE	42	42		
GOBP_MODIFIED_AMINO_ACID_BIOSYNTHETIC_PROCESS	47	41		
GOBP_MODIFIED_AMINO_ACID_CATABOLIC_PROCESS	35	25		
GOBP_MODIFIED_AMINO_ACID_METABOLIC_PROCESS	190	158		
GOBP_MODIFIED_AMINO_ACID_TRANSPORT	42	39		
GOBP_MODULATION_BY_HOST_OF_VIRAL_GENOME_REPLICATION	27	19		
GOBP_MODULATION_BY_HOST_OF_VIRAL_PROCESS	50	40		
GOBP_MODULATION_BY_HOST_OF_VIRAL_RNA_GENOME_REPLICATION	6		Rejected!	
GOBP_MODULATION_BY_SYMBIONT_OF_ENTRY_INTO_HOST	28	25		
GOBP_MODULATION_OF_EXCITATORY_POSTSYNAPTIC_POTENTIAL	51	43		
GOBP_MODULATION_OF_INHIBITORY_POSTSYNAPTIC_POTENTIAL	7		Rejected!	
GOBP_MODULATION_OF_MICROTUBULE_CYTOSKELETON_INVOLVED_IN_CEREBRAL_CORTEX_RADIAL_GLIA_GUIDED_MIGRATION	5		Rejected!	
GOBP_MODULATION_OF_PROCESS_OF_ANOTHER_ORGANISM	122	92		
GOBP_MOLTING_CYCLE	122	96		
GOBP_MOLTING_CYCLE_PROCESS	102	85		
GOBP_MONOACYLGLYCEROL_BIOSYNTHETIC_PROCESS	9		Rejected!	
GOBP_MONOACYLGLYCEROL_CATABOLIC_PROCESS	7		Rejected!	
GOBP_MONOACYLGLYCEROL_METABOLIC_PROCESS	16		Rejected!	
GOBP_MONOAMINE_TRANSPORT	75	61		
GOBP_MONOATOMIC_ANION_HOMEOSTASIS	21	17		
GOBP_MONOATOMIC_ANION_TRANSPORT	177	148		
GOBP_MONOATOMIC_CATION_TRANSMEMBRANE_TRANSPORT	887		Rejected!	
GOBP_MONOATOMIC_CATION_TRANSPORT	1079		Rejected!	
GOBP_MONOATOMIC_ION_HOMEOSTASIS	627		Rejected!	
GOBP_MONOATOMIC_ION_TRANSMEMBRANE_TRANSPORT	1048		Rejected!	
GOBP_MONOATOMIC_ION_TRANSPORT	1282		Rejected!	
GOBP_MONOCARBOXYLIC_ACID_BIOSYNTHETIC_PROCESS	235	185		
GOBP_MONOCARBOXYLIC_ACID_CATABOLIC_PROCESS	125	109		
GOBP_MONOCARBOXYLIC_ACID_METABOLIC_PROCESS	633		Rejected!	
GOBP_MONOCARBOXYLIC_ACID_TRANSPORT	182	137		
GOBP_MONOCYTE_ACTIVATION	13		Rejected!	
GOBP_MONOCYTE_AGGREGATION	5		Rejected!	
GOBP_MONOCYTE_CHEMOTACTIC_PROTEIN_1_PRODUCTION	20	17		
GOBP_MONOCYTE_CHEMOTAXIS	55	37		
GOBP_MONOCYTE_DIFFERENTIATION	37	32		
GOBP_MONOCYTE_EXTRAVASATION	11		Rejected!	
GOBP_MONONUCLEAR_CELL_DIFFERENTIATION	541	398		
GOBP_MONONUCLEAR_CELL_MIGRATION	235	172		
GOBP_MONOSACCHARIDE_BIOSYNTHETIC_PROCESS	96	75		
GOBP_MONOSACCHARIDE_CATABOLIC_PROCESS	57	45		
GOBP_MONOSACCHARIDE_METABOLIC_PROCESS	268	219		
GOBP_MONOSACCHARIDE_TRANSMEMBRANE_TRANSPORT	122	92		
GOBP_MONOTERPENOID_METABOLIC_PROCESS	6		Rejected!	
GOBP_MONOUBIQUITINATED_PROTEIN_DEUBIQUITINATION	9		Rejected!	
GOBP_MORPHOGENESIS_OF_AN_ENDOTHELIUM	18	15		
GOBP_MORPHOGENESIS_OF_AN_EPITHELIAL_BUD	15		Rejected!	
GOBP_MORPHOGENESIS_OF_AN_EPITHELIAL_FOLD	25	21		
GOBP_MORPHOGENESIS_OF_AN_EPITHELIAL_SHEET	66	58		
GOBP_MORPHOGENESIS_OF_AN_EPITHELIUM	517	450		
GOBP_MORPHOGENESIS_OF_A_BRANCHING_STRUCTURE	214	190		
GOBP_MORPHOGENESIS_OF_A_POLARIZED_EPITHELIUM	58	53		
GOBP_MORPHOGENESIS_OF_EMBRYONIC_EPITHELIUM	155	133		
GOBP_MOTILE_CILIUM_ASSEMBLY	83	76		
GOBP_MOTOR_BEHAVIOR	34	31		
GOBP_MOTOR_LEARNING	7		Rejected!	
GOBP_MOTOR_NEURON_APOPTOTIC_PROCESS	21	20		
GOBP_MOTOR_NEURON_AXON_GUIDANCE	26	26		
GOBP_MOTOR_NEURON_MIGRATION	13		Rejected!	
GOBP_MRNA_3_END_PROCESSING	41	37		
GOBP_MRNA_3_END_PROCESSING_BY_STEM_LOOP_BINDING_AND_CLEAVAGE	6		Rejected!	
GOBP_MRNA_3_SPLICE_SITE_RECOGNITION	6		Rejected!	
GOBP_MRNA_5_SPLICE_SITE_RECOGNITION	23		Rejected!	
GOBP_MRNA_CATABOLIC_PROCESS	361	222		
GOBP_MRNA_CIS_SPLICING_VIA_SPLICEOSOME	47	27		
GOBP_MRNA_EXPORT_FROM_NUCLEUS	73	63		
GOBP_MRNA_METABOLIC_PROCESS	881		Rejected!	
GOBP_MRNA_MODIFICATION	20	16		
GOBP_MRNA_PROCESSING	531	432		
GOBP_MRNA_PSEUDOURIDINE_SYNTHESIS	10		Rejected!	
GOBP_MRNA_SPLICE_SITE_RECOGNITION	48	29		
GOBP_MRNA_TRANSCRIPTION	52	47		
GOBP_MRNA_TRANSPORT	133	117		
GOBP_MUCOCILIARY_CLEARANCE	12		Rejected!	
GOBP_MUCOSA_ASSOCIATED_LYMPHOID_TISSUE_DEVELOPMENT	11		Rejected!	
GOBP_MUCUS_SECRETION	18	15		
GOBP_MULTICELLULAR_ORGANISMAL_LEVEL_CHEMICAL_HOMEOSTASIS	79	58		
GOBP_MULTICELLULAR_ORGANISMAL_LEVEL_HOMEOSTASIS	859		Rejected!	
GOBP_MULTICELLULAR_ORGANISMAL_LEVEL_IRON_ION_HOMEOSTASIS	28	20		
GOBP_MULTICELLULAR_ORGANISMAL_LEVEL_WATER_HOMEOSTASIS	33	23		
GOBP_MULTICELLULAR_ORGANISMAL_MOVEMENT	65	52		
GOBP_MULTICELLULAR_ORGANISMAL_REPRODUCTIVE_PROCESS	1028		Rejected!	
GOBP_MULTICELLULAR_ORGANISMAL_RESPONSE_TO_STRESS	99	88		
GOBP_MULTICELLULAR_ORGANISM_GROWTH	178	147		
GOBP_MULTINUCLEAR_OSTEOCLAST_DIFFERENTIATION	9		Rejected!	
GOBP_MULTIVESICULAR_BODY_LYSOSOME_FUSION	12		Rejected!	
GOBP_MULTIVESICULAR_BODY_ORGANIZATION	33	31		
GOBP_MULTIVESICULAR_BODY_SORTING_PATHWAY	50	47		
GOBP_MULTI_CILIATED_EPITHELIAL_CELL_DIFFERENTIATION	14		Rejected!	
GOBP_MULTI_MULTICELLULAR_ORGANISM_PROCESS	226	175		
GOBP_MULTI_PASS_TRANSMEMBRANE_PROTEIN_INSERTION_INTO_ER_MEMBRANE	9		Rejected!	
GOBP_MUSCLE_ADAPTATION	126	93		
GOBP_MUSCLE_ATROPHY	11		Rejected!	
GOBP_MUSCLE_CELL_APOPTOTIC_PROCESS	101	67		
GOBP_MUSCLE_CELL_CELLULAR_HOMEOSTASIS	26	22		
GOBP_MUSCLE_CELL_DEVELOPMENT	206	166		
GOBP_MUSCLE_CELL_DIFFERENTIATION	441	349		
GOBP_MUSCLE_CELL_FATE_COMMITMENT	17		Rejected!	
GOBP_MUSCLE_CELL_MIGRATION	110	74		
GOBP_MUSCLE_CELL_PROLIFERATION	253	171		
GOBP_MUSCLE_CONTRACTION	368	284		
GOBP_MUSCLE_HYPERTROPHY	109	79		
GOBP_MUSCLE_HYPERTROPHY_IN_RESPONSE_TO_STRESS	34	21		
GOBP_MUSCLE_ORGAN_DEVELOPMENT	372	296		
GOBP_MUSCLE_ORGAN_MORPHOGENESIS	86	57		
GOBP_MUSCLE_STRUCTURE_DEVELOPMENT	731		Rejected!	
GOBP_MUSCLE_SYSTEM_PROCESS	479	367		
GOBP_MUSCLE_TISSUE_DEVELOPMENT	454	363		
GOBP_MUSCULAR_SEPTUM_MORPHOGENESIS	6		Rejected!	
GOBP_MYCOTOXIN_METABOLIC_PROCESS	9		Rejected!	
GOBP_MYD88_DEPENDENT_TOLL_LIKE_RECEPTOR_SIGNALING_PATHWAY	21	15		
GOBP_MYD88_INDEPENDENT_TOLL_LIKE_RECEPTOR_SIGNALING_PATHWAY	16	15		
GOBP_MYELIN_ASSEMBLY	22	21		
GOBP_MYELIN_MAINTENANCE	18		Rejected!	
GOBP_MYELOID_CELL_ACTIVATION_INVOLVED_IN_IMMUNE_RESPONSE	101	73		
GOBP_MYELOID_CELL_APOPTOTIC_PROCESS	41	29		
GOBP_MYELOID_CELL_DEVELOPMENT	91	67		
GOBP_MYELOID_CELL_DIFFERENTIATION	471	359		
GOBP_MYELOID_CELL_HOMEOSTASIS	193	150		
GOBP_MYELOID_DENDRITIC_CELL_ACTIVATION	32	22		
GOBP_MYELOID_DENDRITIC_CELL_CHEMOTAXIS	5		Rejected!	
GOBP_MYELOID_DENDRITIC_CELL_CYTOKINE_PRODUCTION	7		Rejected!	
GOBP_MYELOID_DENDRITIC_CELL_DIFFERENTIATION	21	15		
GOBP_MYELOID_LEUKOCYTE_ACTIVATION	258	179		
GOBP_MYELOID_LEUKOCYTE_CYTOKINE_PRODUCTION	52	45		
GOBP_MYELOID_LEUKOCYTE_DIFFERENTIATION	256	192		
GOBP_MYELOID_LEUKOCYTE_MEDIATED_IMMUNITY	121	85		
GOBP_MYELOID_LEUKOCYTE_MIGRATION	237	169		
GOBP_MYELOID_PROGENITOR_CELL_DIFFERENTIATION	10		Rejected!	
GOBP_MYOBLAST_DIFFERENTIATION	114	91		
GOBP_MYOBLAST_FATE_COMMITMENT	6		Rejected!	
GOBP_MYOBLAST_FUSION	48	35		
GOBP_MYOBLAST_FUSION_INVOLVED_IN_SKELETAL_MUSCLE_REGENERATION	5		Rejected!	
GOBP_MYOBLAST_MIGRATION	13		Rejected!	
GOBP_MYOBLAST_PROLIFERATION	34	19		
GOBP_MYOFIBRIL_ASSEMBLY	75	58		
GOBP_MYOFIBROBLAST_DIFFERENTIATION	15		Rejected!	
GOBP_MYOSIN_FILAMENT_ORGANIZATION	6		Rejected!	
GOBP_MYOTUBE_CELL_DEVELOPMENT	44	35		
GOBP_MYOTUBE_DIFFERENTIATION	138	106		
GOBP_MYOTUBE_DIFFERENTIATION_INVOLVED_IN_SKELETAL_MUSCLE_REGENERATION	9		Rejected!	
GOBP_NADH_DEHYDROGENASE_COMPLEX_ASSEMBLY	43	41		
GOBP_NADH_METABOLIC_PROCESS	40	37		
GOBP_NADPH_REGENERATION	25	22		
GOBP_NADP_METABOLIC_PROCESS	41	37		
GOBP_NAD_BIOSYNTHETIC_PROCESS	17		Rejected!	
GOBP_NAD_METABOLIC_PROCESS	37	33		
GOBP_NAD_TRANSMEMBRANE_TRANSPORT	5		Rejected!	
GOBP_NAD_TRANSPORT	6		Rejected!	
GOBP_NAIL_DEVELOPMENT	11		Rejected!	
GOBP_NATURAL_KILLER_CELL_ACTIVATION	108	56		
GOBP_NATURAL_KILLER_CELL_ACTIVATION_INVOLVED_IN_IMMUNE_RESPONSE	31		Rejected!	
GOBP_NATURAL_KILLER_CELL_CHEMOTAXIS	10		Rejected!	
GOBP_NATURAL_KILLER_CELL_CYTOKINE_PRODUCTION	11		Rejected!	
GOBP_NATURAL_KILLER_CELL_DEGRANULATION	13		Rejected!	
GOBP_NATURAL_KILLER_CELL_DIFFERENTIATION	27	17		
GOBP_NATURAL_KILLER_CELL_MEDIATED_IMMUNE_RESPONSE_TO_TUMOR_CELL	11		Rejected!	
GOBP_NATURAL_KILLER_CELL_MEDIATED_IMMUNITY	90	54		
GOBP_NATURAL_KILLER_CELL_PROLIFERATION	17		Rejected!	
GOBP_NECROPTOTIC_PROCESS	48	33		
GOBP_NECROPTOTIC_SIGNALING_PATHWAY	8		Rejected!	
GOBP_NEGATIVE_ADAPTATION_OF_SIGNALING_PATHWAY	21	18		
GOBP_NEGATIVE_CHEMOTAXIS	45	39		
GOBP_NEGATIVE_REGULATION_BY_HOST_OF_VIRAL_GENOME_REPLICATION	13		Rejected!	
GOBP_NEGATIVE_REGULATION_BY_HOST_OF_VIRAL_PROCESS	17		Rejected!	
GOBP_NEGATIVE_REGULATION_BY_HOST_OF_VIRAL_TRANSCRIPTION	14		Rejected!	
GOBP_NEGATIVE_REGULATION_OF_ACTIN_FILAMENT_BUNDLE_ASSEMBLY	38	26		
GOBP_NEGATIVE_REGULATION_OF_ACTIN_FILAMENT_DEPOLYMERIZATION	47	41		
GOBP_NEGATIVE_REGULATION_OF_ACTIN_FILAMENT_POLYMERIZATION	61	52		
GOBP_NEGATIVE_REGULATION_OF_ACTIN_NUCLEATION	9		Rejected!	
GOBP_NEGATIVE_REGULATION_OF_ACTION_POTENTIAL	5		Rejected!	
GOBP_NEGATIVE_REGULATION_OF_ACTIVATED_T_CELL_PROLIFERATION	16		Rejected!	
GOBP_NEGATIVE_REGULATION_OF_ACTIVIN_RECEPTOR_SIGNALING_PATHWAY	18	16		
GOBP_NEGATIVE_REGULATION_OF_ACUTE_INFLAMMATORY_RESPONSE	13		Rejected!	
GOBP_NEGATIVE_REGULATION_OF_ACUTE_INFLAMMATORY_RESPONSE_TO_ANTIGENIC_STIMULUS	7		Rejected!	
GOBP_NEGATIVE_REGULATION_OF_ADAPTIVE_IMMUNE_RESPONSE	69	47		
GOBP_NEGATIVE_REGULATION_OF_ADENYLATE_CYCLASE_ACTIVATING_ADRENERGIC_RECEPTOR_SIGNALING_PATHWAY	5		Rejected!	
GOBP_NEGATIVE_REGULATION_OF_ADENYLATE_CYCLASE_ACTIVATING_G_PROTEIN_COUPLED_RECEPTOR_SIGNALING_PATHWAY	13		Rejected!	
GOBP_NEGATIVE_REGULATION_OF_ADIPOSE_TISSUE_DEVELOPMENT	6		Rejected!	
GOBP_NEGATIVE_REGULATION_OF_ALCOHOL_BIOSYNTHETIC_PROCESS	17		Rejected!	
GOBP_NEGATIVE_REGULATION_OF_ALPHA_BETA_T_CELL_ACTIVATION	50	35		
GOBP_NEGATIVE_REGULATION_OF_ALPHA_BETA_T_CELL_DIFFERENTIATION	30	23		
GOBP_NEGATIVE_REGULATION_OF_ALPHA_BETA_T_CELL_PROLIFERATION	16		Rejected!	
GOBP_NEGATIVE_REGULATION_OF_AMIDE_METABOLIC_PROCESS	38	22		
GOBP_NEGATIVE_REGULATION_OF_AMINE_METABOLIC_PROCESS	7		Rejected!	
GOBP_NEGATIVE_REGULATION_OF_AMINE_TRANSPORT	25	21		
GOBP_NEGATIVE_REGULATION_OF_AMINO_ACID_TRANSPORT	14		Rejected!	
GOBP_NEGATIVE_REGULATION_OF_AMYLOID_BETA_CLEARANCE	12		Rejected!	
GOBP_NEGATIVE_REGULATION_OF_AMYLOID_FIBRIL_FORMATION	14		Rejected!	
GOBP_NEGATIVE_REGULATION_OF_AMYLOID_PRECURSOR_PROTEIN_BIOSYNTHETIC_PROCESS	20		Rejected!	
GOBP_NEGATIVE_REGULATION_OF_AMYLOID_PRECURSOR_PROTEIN_CATABOLIC_PROCESS	34	18		
GOBP_NEGATIVE_REGULATION_OF_ANDROGEN_RECEPTOR_SIGNALING_PATHWAY	17		Rejected!	
GOBP_NEGATIVE_REGULATION_OF_ANOIKIS	19	17		
GOBP_NEGATIVE_REGULATION_OF_ANTIGEN_PROCESSING_AND_PRESENTATION	9		Rejected!	
GOBP_NEGATIVE_REGULATION_OF_ANTIGEN_RECEPTOR_MEDIATED_SIGNALING_PATHWAY	39	30		
GOBP_NEGATIVE_REGULATION_OF_APOPTOTIC_PROCESS_INVOLVED_IN_DEVELOPMENT	6		Rejected!	
GOBP_NEGATIVE_REGULATION_OF_APOPTOTIC_SIGNALING_PATHWAY	244	193		
GOBP_NEGATIVE_REGULATION_OF_ARP2_3_COMPLEX_MEDIATED_ACTIN_NUCLEATION	7		Rejected!	
GOBP_NEGATIVE_REGULATION_OF_ASTROCYTE_ACTIVATION	5		Rejected!	
GOBP_NEGATIVE_REGULATION_OF_ASTROCYTE_DIFFERENTIATION	16		Rejected!	
GOBP_NEGATIVE_REGULATION_OF_ATP_DEPENDENT_ACTIVITY	14		Rejected!	
GOBP_NEGATIVE_REGULATION_OF_AUTOPHAGOSOME_ASSEMBLY	13		Rejected!	
GOBP_NEGATIVE_REGULATION_OF_AUTOPHAGOSOME_MATURATION	5		Rejected!	
GOBP_NEGATIVE_REGULATION_OF_AUTOPHAGY	100	85		
GOBP_NEGATIVE_REGULATION_OF_AUTOPHAGY_OF_MITOCHONDRION	12		Rejected!	
GOBP_NEGATIVE_REGULATION_OF_AXONOGENESIS	54	46		
GOBP_NEGATIVE_REGULATION_OF_AXON_EXTENSION	33	28		
GOBP_NEGATIVE_REGULATION_OF_AXON_EXTENSION_INVOLVED_IN_AXON_GUIDANCE	10		Rejected!	
GOBP_NEGATIVE_REGULATION_OF_BEHAVIOR	14		Rejected!	
GOBP_NEGATIVE_REGULATION_OF_BICELLULAR_TIGHT_JUNCTION_ASSEMBLY	7		Rejected!	
GOBP_NEGATIVE_REGULATION_OF_BINDING	71	56		
GOBP_NEGATIVE_REGULATION_OF_BIOMINERAL_TISSUE_DEVELOPMENT	29	22		
GOBP_NEGATIVE_REGULATION_OF_BLOOD_CIRCULATION	26	18		
GOBP_NEGATIVE_REGULATION_OF_BLOOD_PRESSURE	51	35		
GOBP_NEGATIVE_REGULATION_OF_BLOOD_VESSEL_ENDOTHELIAL_CELL_MIGRATION	83	28		
GOBP_NEGATIVE_REGULATION_OF_BLOOD_VESSEL_ENDOTHELIAL_CELL_PROLIFERATION_INVOLVED_IN_SPROUTING_ANGIOGENESIS	26		Rejected!	
GOBP_NEGATIVE_REGULATION_OF_BMP_SIGNALING_PATHWAY	75	56		
GOBP_NEGATIVE_REGULATION_OF_BONE_MINERALIZATION	20		Rejected!	
GOBP_NEGATIVE_REGULATION_OF_BONE_REMODELING	17		Rejected!	
GOBP_NEGATIVE_REGULATION_OF_BROWN_FAT_CELL_DIFFERENTIATION	5		Rejected!	
GOBP_NEGATIVE_REGULATION_OF_B_CELL_ACTIVATION	34	25		
GOBP_NEGATIVE_REGULATION_OF_B_CELL_APOPTOTIC_PROCESS	16		Rejected!	
GOBP_NEGATIVE_REGULATION_OF_B_CELL_DIFFERENTIATION	7		Rejected!	
GOBP_NEGATIVE_REGULATION_OF_B_CELL_MEDIATED_IMMUNITY	14		Rejected!	
GOBP_NEGATIVE_REGULATION_OF_B_CELL_PROLIFERATION	18		Rejected!	
GOBP_NEGATIVE_REGULATION_OF_B_CELL_RECEPTOR_SIGNALING_PATHWAY	10		Rejected!	
GOBP_NEGATIVE_REGULATION_OF_CALCINEURIN_MEDIATED_SIGNALING	15	15		
GOBP_NEGATIVE_REGULATION_OF_CALCIUM_ION_DEPENDENT_EXOCYTOSIS	9		Rejected!	
GOBP_NEGATIVE_REGULATION_OF_CALCIUM_ION_EXPORT_ACROSS_PLASMA_MEMBRANE	5		Rejected!	
GOBP_NEGATIVE_REGULATION_OF_CALCIUM_ION_IMPORT	17		Rejected!	
GOBP_NEGATIVE_REGULATION_OF_CALCIUM_ION_IMPORT_ACROSS_PLASMA_MEMBRANE	8		Rejected!	
GOBP_NEGATIVE_REGULATION_OF_CALCIUM_ION_TRANSMEMBRANE_TRANSPORT	42	31		
GOBP_NEGATIVE_REGULATION_OF_CALCIUM_ION_TRANSMEMBRANE_TRANSPORTER_ACTIVITY	13		Rejected!	
GOBP_NEGATIVE_REGULATION_OF_CALCIUM_ION_TRANSMEMBRANE_TRANSPORT_VIA_HIGH_VOLTAGE_GATED_CALCIUM_CHANNEL	5		Rejected!	
GOBP_NEGATIVE_REGULATION_OF_CALCIUM_ION_TRANSPORT	59	41		
GOBP_NEGATIVE_REGULATION_OF_CALCIUM_ION_TRANSPORT_INTO_CYTOSOL	5		Rejected!	
GOBP_NEGATIVE_REGULATION_OF_CALCIUM_MEDIATED_SIGNALING	22	22		
GOBP_NEGATIVE_REGULATION_OF_CAMP_PKA_SIGNAL_TRANSDUCTION	8		Rejected!	
GOBP_NEGATIVE_REGULATION_OF_CANONICAL_NF_KAPPAB_SIGNAL_TRANSDUCTION	92	63		
GOBP_NEGATIVE_REGULATION_OF_CANONICAL_WNT_SIGNALING_PATHWAY	149	122		
GOBP_NEGATIVE_REGULATION_OF_CARBOHYDRATE_METABOLIC_PROCESS	61	45		
GOBP_NEGATIVE_REGULATION_OF_CARDIAC_MUSCLE_ADAPTATION	10		Rejected!	
GOBP_NEGATIVE_REGULATION_OF_CARDIAC_MUSCLE_CELL_DIFFERENTIATION	11		Rejected!	
GOBP_NEGATIVE_REGULATION_OF_CARDIAC_MUSCLE_CELL_PROLIFERATION	15		Rejected!	
GOBP_NEGATIVE_REGULATION_OF_CARDIAC_MUSCLE_CONTRACTION	6		Rejected!	
GOBP_NEGATIVE_REGULATION_OF_CARDIAC_MUSCLE_TISSUE_GROWTH	28	19		
GOBP_NEGATIVE_REGULATION_OF_CARDIOCYTE_DIFFERENTIATION	14		Rejected!	
GOBP_NEGATIVE_REGULATION_OF_CARTILAGE_DEVELOPMENT	33	28		
GOBP_NEGATIVE_REGULATION_OF_CATABOLIC_PROCESS	376	306		
GOBP_NEGATIVE_REGULATION_OF_CATALYTIC_ACTIVITY	177	145		
GOBP_NEGATIVE_REGULATION_OF_CATECHOLAMINE_METABOLIC_PROCESS	5		Rejected!	
GOBP_NEGATIVE_REGULATION_OF_CATECHOLAMINE_SECRETION	12		Rejected!	
GOBP_NEGATIVE_REGULATION_OF_CATION_CHANNEL_ACTIVITY	20	16		
GOBP_NEGATIVE_REGULATION_OF_CD4_POSITIVE_ALPHA_BETA_T_CELL_ACTIVATION	37	27		
GOBP_NEGATIVE_REGULATION_OF_CD4_POSITIVE_ALPHA_BETA_T_CELL_DIFFERENTIATION	25	19		
GOBP_NEGATIVE_REGULATION_OF_CD4_POSITIVE_ALPHA_BETA_T_CELL_PROLIFERATION	12		Rejected!	
GOBP_NEGATIVE_REGULATION_OF_CD8_POSITIVE_ALPHA_BETA_T_CELL_ACTIVATION	8		Rejected!	
GOBP_NEGATIVE_REGULATION_OF_CELLULAR_COMPONENT_ORGANIZATION	752		Rejected!	
GOBP_NEGATIVE_REGULATION_OF_CELLULAR_EXTRAVASATION	9		Rejected!	
GOBP_NEGATIVE_REGULATION_OF_CELLULAR_RESPIRATION	11		Rejected!	
GOBP_NEGATIVE_REGULATION_OF_CELLULAR_RESPONSE_TO_GROWTH_FACTOR_STIMULUS	142	97		
GOBP_NEGATIVE_REGULATION_OF_CELLULAR_RESPONSE_TO_HYPOXIA	13		Rejected!	
GOBP_NEGATIVE_REGULATION_OF_CELLULAR_RESPONSE_TO_INSULIN_STIMULUS	52	42		
GOBP_NEGATIVE_REGULATION_OF_CELLULAR_RESPONSE_TO_OXIDATIVE_STRESS	5		Rejected!	
GOBP_NEGATIVE_REGULATION_OF_CELLULAR_RESPONSE_TO_TRANSFORMING_GROWTH_FACTOR_BETA_STIMULUS	14		Rejected!	
GOBP_NEGATIVE_REGULATION_OF_CELLULAR_RESPONSE_TO_VASCULAR_ENDOTHELIAL_GROWTH_FACTOR_STIMULUS	20		Rejected!	
GOBP_NEGATIVE_REGULATION_OF_CELLULAR_SENESCENCE	26	21		
GOBP_NEGATIVE_REGULATION_OF_CELL_ACTIVATION	229	163		
GOBP_NEGATIVE_REGULATION_OF_CELL_ADHESION	318	234		
GOBP_NEGATIVE_REGULATION_OF_CELL_ADHESION_MEDIATED_BY_INTEGRIN	12		Rejected!	
GOBP_NEGATIVE_REGULATION_OF_CELL_ADHESION_MOLECULE_PRODUCTION	14		Rejected!	
GOBP_NEGATIVE_REGULATION_OF_CELL_CELL_ADHESION	215	155		
GOBP_NEGATIVE_REGULATION_OF_CELL_CELL_ADHESION_MEDIATED_BY_CADHERIN	11		Rejected!	
GOBP_NEGATIVE_REGULATION_OF_CELL_CHEMOTAXIS_TO_FIBROBLAST_GROWTH_FACTOR	5		Rejected!	
GOBP_NEGATIVE_REGULATION_OF_CELL_CYCLE	398	322		
GOBP_NEGATIVE_REGULATION_OF_CELL_CYCLE_CHECKPOINT	8		Rejected!	
GOBP_NEGATIVE_REGULATION_OF_CELL_CYCLE_G1_S_PHASE_TRANSITION	82	49		
GOBP_NEGATIVE_REGULATION_OF_CELL_CYCLE_G2_M_PHASE_TRANSITION	75	65		
GOBP_NEGATIVE_REGULATION_OF_CELL_CYCLE_PROCESS	317	253		
GOBP_NEGATIVE_REGULATION_OF_CELL_DEVELOPMENT	286	217		
GOBP_NEGATIVE_REGULATION_OF_CELL_DIFFERENTIATION	751		Rejected!	
GOBP_NEGATIVE_REGULATION_OF_CELL_DIVISION	16		Rejected!	
GOBP_NEGATIVE_REGULATION_OF_CELL_FATE_COMMITMENT	15	15		
GOBP_NEGATIVE_REGULATION_OF_CELL_GROWTH	175	140		
GOBP_NEGATIVE_REGULATION_OF_CELL_GROWTH_INVOLVED_IN_CARDIAC_MUSCLE_CELL_DEVELOPMENT	14		Rejected!	
GOBP_NEGATIVE_REGULATION_OF_CELL_JUNCTION_ASSEMBLY	34	25		
GOBP_NEGATIVE_REGULATION_OF_CELL_KILLING	34	25		
GOBP_NEGATIVE_REGULATION_OF_CELL_MATRIX_ADHESION	40	30		
GOBP_NEGATIVE_REGULATION_OF_CELL_MATURATION	8		Rejected!	
GOBP_NEGATIVE_REGULATION_OF_CELL_MIGRATION_INVOLVED_IN_SPROUTING_ANGIOGENESIS	45		Rejected!	
GOBP_NEGATIVE_REGULATION_OF_CELL_POPULATION_PROLIFERATION	792		Rejected!	
GOBP_NEGATIVE_REGULATION_OF_CELL_PROJECTION_ORGANIZATION	190	162		
GOBP_NEGATIVE_REGULATION_OF_CELL_PROLIFERATION_INVOLVED_IN_KIDNEY_DEVELOPMENT	6		Rejected!	
GOBP_NEGATIVE_REGULATION_OF_CELL_SIZE	10		Rejected!	
GOBP_NEGATIVE_REGULATION_OF_CELL_SUBSTRATE_ADHESION	66	52		
GOBP_NEGATIVE_REGULATION_OF_CELL_SUBSTRATE_JUNCTION_ORGANIZATION	16		Rejected!	
GOBP_NEGATIVE_REGULATION_OF_CELL_VOLUME	5		Rejected!	
GOBP_NEGATIVE_REGULATION_OF_CENTRIOLE_REPLICATION	7		Rejected!	
GOBP_NEGATIVE_REGULATION_OF_CENTROSOME_DUPLICATION	12		Rejected!	
GOBP_NEGATIVE_REGULATION_OF_CERAMIDE_BIOSYNTHETIC_PROCESS	5		Rejected!	
GOBP_NEGATIVE_REGULATION_OF_CGAS_STING_SIGNALING_PATHWAY	16		Rejected!	
GOBP_NEGATIVE_REGULATION_OF_CGMP_MEDIATED_SIGNALING	6		Rejected!	
GOBP_NEGATIVE_REGULATION_OF_CHEMOKINE_C_C_MOTIF_LIGAND_5_PRODUCTION	6		Rejected!	
GOBP_NEGATIVE_REGULATION_OF_CHEMOKINE_C_X_C_MOTIF_LIGAND_2_PRODUCTION	6		Rejected!	
GOBP_NEGATIVE_REGULATION_OF_CHEMOKINE_MEDIATED_SIGNALING_PATHWAY	9		Rejected!	
GOBP_NEGATIVE_REGULATION_OF_CHEMOKINE_PRODUCTION	32	18		
GOBP_NEGATIVE_REGULATION_OF_CHEMOTAXIS	52	37		
GOBP_NEGATIVE_REGULATION_OF_CHOLESTEROL_BIOSYNTHETIC_PROCESS	11		Rejected!	
GOBP_NEGATIVE_REGULATION_OF_CHOLESTEROL_EFFLUX	26		Rejected!	
GOBP_NEGATIVE_REGULATION_OF_CHOLESTEROL_METABOLIC_PROCESS	14		Rejected!	
GOBP_NEGATIVE_REGULATION_OF_CHOLESTEROL_STORAGE	11		Rejected!	
GOBP_NEGATIVE_REGULATION_OF_CHONDROCYTE_DIFFERENTIATION	25	22		
GOBP_NEGATIVE_REGULATION_OF_CHONDROCYTE_PROLIFERATION	5		Rejected!	
GOBP_NEGATIVE_REGULATION_OF_CHROMATIN_ORGANIZATION	10		Rejected!	
GOBP_NEGATIVE_REGULATION_OF_CHROMOSOME_ORGANIZATION	97	85		
GOBP_NEGATIVE_REGULATION_OF_CHROMOSOME_SEGREGATION	53	47		
GOBP_NEGATIVE_REGULATION_OF_CILIUM_ASSEMBLY	23	19		
GOBP_NEGATIVE_REGULATION_OF_CIRCADIAN_RHYTHM	12		Rejected!	
GOBP_NEGATIVE_REGULATION_OF_COAGULATION	54	41		
GOBP_NEGATIVE_REGULATION_OF_COLD_INDUCED_THERMOGENESIS	48	40		
GOBP_NEGATIVE_REGULATION_OF_COLLAGEN_METABOLIC_PROCESS	17		Rejected!	
GOBP_NEGATIVE_REGULATION_OF_COLLATERAL_SPROUTING	12		Rejected!	
GOBP_NEGATIVE_REGULATION_OF_COMPLEMENT_ACTIVATION	13		Rejected!	
GOBP_NEGATIVE_REGULATION_OF_CYCLIN_DEPENDENT_PROTEIN_KINASE_ACTIVITY	11		Rejected!	
GOBP_NEGATIVE_REGULATION_OF_CYCLIN_DEPENDENT_PROTEIN_SERINE_THREONINE_KINASE_ACTIVITY	9		Rejected!	
GOBP_NEGATIVE_REGULATION_OF_CYTOKINESIS	7		Rejected!	
GOBP_NEGATIVE_REGULATION_OF_CYTOKINE_PRODUCTION	400	228		
GOBP_NEGATIVE_REGULATION_OF_CYTOKINE_PRODUCTION_INVOLVED_IN_IMMUNE_RESPONSE	35	20		
GOBP_NEGATIVE_REGULATION_OF_CYTOKINE_PRODUCTION_INVOLVED_IN_INFLAMMATORY_RESPONSE	51	27		
GOBP_NEGATIVE_REGULATION_OF_CYTOPLASMIC_PATTERN_RECOGNITION_RECEPTOR_SIGNALING_PATHWAY	65	49		
GOBP_NEGATIVE_REGULATION_OF_CYTOPLASMIC_TRANSLATION	10		Rejected!	
GOBP_NEGATIVE_REGULATION_OF_CYTOSKELETON_ORGANIZATION	167	135		
GOBP_NEGATIVE_REGULATION_OF_CYTOSOLIC_CALCIUM_ION_CONCENTRATION	16		Rejected!	
GOBP_NEGATIVE_REGULATION_OF_DEFENSE_RESPONSE	306	195		
GOBP_NEGATIVE_REGULATION_OF_DEFENSE_RESPONSE_TO_BACTERIUM	5		Rejected!	
GOBP_NEGATIVE_REGULATION_OF_DEFENSE_RESPONSE_TO_VIRUS	18	16		
GOBP_NEGATIVE_REGULATION_OF_DELAYED_RECTIFIER_POTASSIUM_CHANNEL_ACTIVITY	7		Rejected!	
GOBP_NEGATIVE_REGULATION_OF_DENDRITE_DEVELOPMENT	8		Rejected!	
GOBP_NEGATIVE_REGULATION_OF_DENDRITE_MORPHOGENESIS	9		Rejected!	
GOBP_NEGATIVE_REGULATION_OF_DENDRITIC_CELL_APOPTOTIC_PROCESS	9		Rejected!	
GOBP_NEGATIVE_REGULATION_OF_DENDRITIC_CELL_DIFFERENTIATION	7		Rejected!	
GOBP_NEGATIVE_REGULATION_OF_DENDRITIC_SPINE_DEVELOPMENT	10		Rejected!	
GOBP_NEGATIVE_REGULATION_OF_DENDRITIC_SPINE_MAINTENANCE	6		Rejected!	
GOBP_NEGATIVE_REGULATION_OF_DEPHOSPHORYLATION	6		Rejected!	
GOBP_NEGATIVE_REGULATION_OF_DEVELOPMENTAL_GROWTH	102	77		
GOBP_NEGATIVE_REGULATION_OF_DEVELOPMENTAL_PROCESS	1046		Rejected!	
GOBP_NEGATIVE_REGULATION_OF_DIGESTIVE_SYSTEM_PROCESS	16		Rejected!	
GOBP_NEGATIVE_REGULATION_OF_DNA_BINDING	22	19		
GOBP_NEGATIVE_REGULATION_OF_DNA_BINDING_TRANSCRIPTION_FACTOR_ACTIVITY	76	57		
GOBP_NEGATIVE_REGULATION_OF_DNA_BIOSYNTHETIC_PROCESS	31	27		
GOBP_NEGATIVE_REGULATION_OF_DNA_DAMAGE_RESPONSE_SIGNAL_TRANSDUCTION_BY_P53_CLASS_MEDIATOR	15	15		
GOBP_NEGATIVE_REGULATION_OF_DNA_METABOLIC_PROCESS	136	111		
GOBP_NEGATIVE_REGULATION_OF_DNA_RECOMBINATION	51	40		
GOBP_NEGATIVE_REGULATION_OF_DNA_REPAIR	41	38		
GOBP_NEGATIVE_REGULATION_OF_DNA_REPLICATION	24	21		
GOBP_NEGATIVE_REGULATION_OF_DNA_TEMPLATED_DNA_REPLICATION	10		Rejected!	
GOBP_NEGATIVE_REGULATION_OF_DNA_TEMPLATED_TRANSCRIPTION_ELONGATION	25	22		
GOBP_NEGATIVE_REGULATION_OF_DNA_TEMPLATED_TRANSCRIPTION_INITIATION	7		Rejected!	
GOBP_NEGATIVE_REGULATION_OF_DOUBLE_STRAND_BREAK_REPAIR_VIA_HOMOLOGOUS_RECOMBINATION	26	24		
GOBP_NEGATIVE_REGULATION_OF_DOUBLE_STRAND_BREAK_REPAIR_VIA_NONHOMOLOGOUS_END_JOINING	8		Rejected!	
GOBP_NEGATIVE_REGULATION_OF_D_GLUCOSE_IMPORT	16		Rejected!	
GOBP_NEGATIVE_REGULATION_OF_D_GLUCOSE_TRANSMEMBRANE_TRANSPORT	22		Rejected!	
GOBP_NEGATIVE_REGULATION_OF_ENDOCYTOSIS	74	58		
GOBP_NEGATIVE_REGULATION_OF_ENDOPEPTIDASE_ACTIVITY	13		Rejected!	
GOBP_NEGATIVE_REGULATION_OF_ENDOPLASMIC_RETICULUM_CALCIUM_ION_CONCENTRATION	6		Rejected!	
GOBP_NEGATIVE_REGULATION_OF_ENDOPLASMIC_RETICULUM_STRESS_INDUCED_INTRINSIC_APOPTOTIC_SIGNALING_PATHWAY	21	16		
GOBP_NEGATIVE_REGULATION_OF_ENDOPLASMIC_RETICULUM_UNFOLDED_PROTEIN_RESPONSE	22	20		
GOBP_NEGATIVE_REGULATION_OF_ENDOTHELIAL_CELL_APOPTOTIC_PROCESS	39	25		
GOBP_NEGATIVE_REGULATION_OF_ENDOTHELIAL_CELL_CHEMOTAXIS	7		Rejected!	
GOBP_NEGATIVE_REGULATION_OF_ENDOTHELIAL_CELL_DIFFERENTIATION	11		Rejected!	
GOBP_NEGATIVE_REGULATION_OF_ENDOTHELIAL_CELL_MIGRATION	102	45		
GOBP_NEGATIVE_REGULATION_OF_ENDOTHELIAL_CELL_PROLIFERATION	79	33		
GOBP_NEGATIVE_REGULATION_OF_EPIDERMIS_DEVELOPMENT	14		Rejected!	
GOBP_NEGATIVE_REGULATION_OF_EPINEPHRINE_SECRETION	5		Rejected!	
GOBP_NEGATIVE_REGULATION_OF_EPITHELIAL_CELL_APOPTOTIC_PROCESS	28	21		
GOBP_NEGATIVE_REGULATION_OF_EPITHELIAL_CELL_DIFFERENTIATION	55	39		
GOBP_NEGATIVE_REGULATION_OF_EPITHELIAL_CELL_MIGRATION	19	15		
GOBP_NEGATIVE_REGULATION_OF_EPITHELIAL_CELL_PROLIFERATION	177	113		
GOBP_NEGATIVE_REGULATION_OF_EPITHELIAL_CELL_PROLIFERATION_INVOLVED_IN_PROSTATE_GLAND_DEVELOPMENT	6		Rejected!	
GOBP_NEGATIVE_REGULATION_OF_EPITHELIAL_TO_MESENCHYMAL_TRANSITION	57	34		
GOBP_NEGATIVE_REGULATION_OF_ERAD_PATHWAY	7		Rejected!	
GOBP_NEGATIVE_REGULATION_OF_ERBB_SIGNALING_PATHWAY	33	30		
GOBP_NEGATIVE_REGULATION_OF_ERK1_AND_ERK2_CASCADE	84	62		
GOBP_NEGATIVE_REGULATION_OF_ERYTHROCYTE_DIFFERENTIATION	10		Rejected!	
GOBP_NEGATIVE_REGULATION_OF_ESTABLISHMENT_OF_PROTEIN_LOCALIZATION	144	120		
GOBP_NEGATIVE_REGULATION_OF_ESTABLISHMENT_OF_PROTEIN_LOCALIZATION_TO_MITOCHONDRION	8		Rejected!	
GOBP_NEGATIVE_REGULATION_OF_EXCITATORY_POSTSYNAPTIC_POTENTIAL	12		Rejected!	
GOBP_NEGATIVE_REGULATION_OF_EXECUTION_PHASE_OF_APOPTOSIS	9		Rejected!	
GOBP_NEGATIVE_REGULATION_OF_EXOCYTOSIS	38	31		
GOBP_NEGATIVE_REGULATION_OF_EXTRACELLULAR_MATRIX_ASSEMBLY	12		Rejected!	
GOBP_NEGATIVE_REGULATION_OF_EXTRACELLULAR_MATRIX_DISASSEMBLY	11		Rejected!	
GOBP_NEGATIVE_REGULATION_OF_EXTRACELLULAR_MATRIX_ORGANIZATION	27	15		
GOBP_NEGATIVE_REGULATION_OF_EXTRINSIC_APOPTOTIC_SIGNALING_PATHWAY	103	80		
GOBP_NEGATIVE_REGULATION_OF_EXTRINSIC_APOPTOTIC_SIGNALING_PATHWAY_VIA_DEATH_DOMAIN_RECEPTORS	32	25		
GOBP_NEGATIVE_REGULATION_OF_FATTY_ACID_BETA_OXIDATION	5		Rejected!	
GOBP_NEGATIVE_REGULATION_OF_FATTY_ACID_BIOSYNTHETIC_PROCESS	27	15		
GOBP_NEGATIVE_REGULATION_OF_FATTY_ACID_METABOLIC_PROCESS	50	26		
GOBP_NEGATIVE_REGULATION_OF_FATTY_ACID_OXIDATION	14		Rejected!	
GOBP_NEGATIVE_REGULATION_OF_FATTY_ACID_TRANSPORT	8		Rejected!	
GOBP_NEGATIVE_REGULATION_OF_FAT_CELL_DIFFERENTIATION	62	45		
GOBP_NEGATIVE_REGULATION_OF_FAT_CELL_PROLIFERATION	5		Rejected!	
GOBP_NEGATIVE_REGULATION_OF_FEEDING_BEHAVIOR	8		Rejected!	
GOBP_NEGATIVE_REGULATION_OF_FERROPTOSIS	13		Rejected!	
GOBP_NEGATIVE_REGULATION_OF_FERTILIZATION	8		Rejected!	
GOBP_NEGATIVE_REGULATION_OF_FIBRINOLYSIS	12		Rejected!	
GOBP_NEGATIVE_REGULATION_OF_FIBROBLAST_APOPTOTIC_PROCESS	8		Rejected!	
GOBP_NEGATIVE_REGULATION_OF_FIBROBLAST_GROWTH_FACTOR_PRODUCTION	6		Rejected!	
GOBP_NEGATIVE_REGULATION_OF_FIBROBLAST_GROWTH_FACTOR_RECEPTOR_SIGNALING_PATHWAY	25	18		
GOBP_NEGATIVE_REGULATION_OF_FIBROBLAST_MIGRATION	13		Rejected!	
GOBP_NEGATIVE_REGULATION_OF_FIBROBLAST_PROLIFERATION	35	29		
GOBP_NEGATIVE_REGULATION_OF_FILOPODIUM_ASSEMBLY	5		Rejected!	
GOBP_NEGATIVE_REGULATION_OF_G0_TO_G1_TRANSITION	9		Rejected!	
GOBP_NEGATIVE_REGULATION_OF_GENE_EXPRESSION	1721		Rejected!	
GOBP_NEGATIVE_REGULATION_OF_GENE_EXPRESSION_EPIGENETIC	209	147		
GOBP_NEGATIVE_REGULATION_OF_GENE_EXPRESSION_VIA_CHROMOSOMAL_CPG_ISLAND_METHYLATION	16		Rejected!	
GOBP_NEGATIVE_REGULATION_OF_GLIAL_CELL_APOPTOTIC_PROCESS	10		Rejected!	
GOBP_NEGATIVE_REGULATION_OF_GLIAL_CELL_DIFFERENTIATION	29	22		
GOBP_NEGATIVE_REGULATION_OF_GLIAL_CELL_MIGRATION	7		Rejected!	
GOBP_NEGATIVE_REGULATION_OF_GLIAL_CELL_PROLIFERATION	17		Rejected!	
GOBP_NEGATIVE_REGULATION_OF_GLIOGENESIS	46	33		
GOBP_NEGATIVE_REGULATION_OF_GLOMERULAR_FILTRATION	5		Rejected!	
GOBP_NEGATIVE_REGULATION_OF_GLUCOCORTICOID_METABOLIC_PROCESS	5		Rejected!	
GOBP_NEGATIVE_REGULATION_OF_GLUCONEOGENESIS	20	15		
GOBP_NEGATIVE_REGULATION_OF_GLUTAMATE_SECRETION	5		Rejected!	
GOBP_NEGATIVE_REGULATION_OF_GLYCOGEN_BIOSYNTHETIC_PROCESS	11		Rejected!	
GOBP_NEGATIVE_REGULATION_OF_GLYCOGEN_METABOLIC_PROCESS	13		Rejected!	
GOBP_NEGATIVE_REGULATION_OF_GLYCOPROTEIN_METABOLIC_PROCESS	27		Rejected!	
GOBP_NEGATIVE_REGULATION_OF_GOLGI_TO_PLASMA_MEMBRANE_PROTEIN_TRANSPORT	6		Rejected!	
GOBP_NEGATIVE_REGULATION_OF_GONADOTROPIN_SECRETION	8		Rejected!	
GOBP_NEGATIVE_REGULATION_OF_GRANULOCYTE_CHEMOTAXIS	5		Rejected!	
GOBP_NEGATIVE_REGULATION_OF_GRANULOCYTE_DIFFERENTIATION	10		Rejected!	
GOBP_NEGATIVE_REGULATION_OF_GROWTH	231	180		
GOBP_NEGATIVE_REGULATION_OF_GTPASE_ACTIVITY	17		Rejected!	
GOBP_NEGATIVE_REGULATION_OF_GUANYL_NUCLEOTIDE_EXCHANGE_FACTOR_ACTIVITY	5		Rejected!	
GOBP_NEGATIVE_REGULATION_OF_G_PROTEIN_COUPLED_RECEPTOR_SIGNALING_PATHWAY	66	52		
GOBP_NEGATIVE_REGULATION_OF_HAIR_FOLLICLE_DEVELOPMENT	5		Rejected!	
GOBP_NEGATIVE_REGULATION_OF_HEART_RATE	13		Rejected!	
GOBP_NEGATIVE_REGULATION_OF_HEMATOPOIETIC_PROGENITOR_CELL_DIFFERENTIATION	14		Rejected!	
GOBP_NEGATIVE_REGULATION_OF_HEMATOPOIETIC_STEM_CELL_DIFFERENTIATION	5		Rejected!	
GOBP_NEGATIVE_REGULATION_OF_HEMATOPOIETIC_STEM_CELL_PROLIFERATION	5		Rejected!	
GOBP_NEGATIVE_REGULATION_OF_HEMOPOIESIS	128	87		
GOBP_NEGATIVE_REGULATION_OF_HEPATOCYTE_APOPTOTIC_PROCESS	6		Rejected!	
GOBP_NEGATIVE_REGULATION_OF_HETEROCHROMATIN_FORMATION	6		Rejected!	
GOBP_NEGATIVE_REGULATION_OF_HIPPOCAMPAL_NEURON_APOPTOTIC_PROCESS	5		Rejected!	
GOBP_NEGATIVE_REGULATION_OF_HIPPO_SIGNALING	24	19		
GOBP_NEGATIVE_REGULATION_OF_HOMOTYPIC_CELL_CELL_ADHESION	14		Rejected!	
GOBP_NEGATIVE_REGULATION_OF_HORMONE_BIOSYNTHETIC_PROCESS	7		Rejected!	
GOBP_NEGATIVE_REGULATION_OF_HORMONE_METABOLIC_PROCESS	9		Rejected!	
GOBP_NEGATIVE_REGULATION_OF_HORMONE_SECRETION	70	55		
GOBP_NEGATIVE_REGULATION_OF_HUMORAL_IMMUNE_RESPONSE	17		Rejected!	
GOBP_NEGATIVE_REGULATION_OF_HUMORAL_IMMUNE_RESPONSE_MEDIATED_BY_CIRCULATING_IMMUNOGLOBULIN	10		Rejected!	
GOBP_NEGATIVE_REGULATION_OF_HYDROGEN_PEROXIDE_MEDIATED_PROGRAMMED_CELL_DEATH	13		Rejected!	
GOBP_NEGATIVE_REGULATION_OF_HYDROGEN_PEROXIDE_METABOLIC_PROCESS	6		Rejected!	
GOBP_NEGATIVE_REGULATION_OF_HYDROLASE_ACTIVITY	48	40		
GOBP_NEGATIVE_REGULATION_OF_HYPOXIA_INDUCED_INTRINSIC_APOPTOTIC_SIGNALING_PATHWAY	7		Rejected!	
GOBP_NEGATIVE_REGULATION_OF_IMMATURE_T_CELL_PROLIFERATION	7		Rejected!	
GOBP_NEGATIVE_REGULATION_OF_IMMUNE_EFFECTOR_PROCESS	135	90		
GOBP_NEGATIVE_REGULATION_OF_IMMUNE_RESPONSE	215	150		
GOBP_NEGATIVE_REGULATION_OF_IMMUNE_SYSTEM_PROCESS	577	412		
GOBP_NEGATIVE_REGULATION_OF_IMMUNOGLOBULIN_PRODUCTION	12		Rejected!	
GOBP_NEGATIVE_REGULATION_OF_INCLUSION_BODY_ASSEMBLY	13		Rejected!	
GOBP_NEGATIVE_REGULATION_OF_INFLAMMASOME_MEDIATED_SIGNALING_PATHWAY	23	17		
GOBP_NEGATIVE_REGULATION_OF_INFLAMMATORY_RESPONSE	208	119		
GOBP_NEGATIVE_REGULATION_OF_INFLAMMATORY_RESPONSE_TO_ANTIGENIC_STIMULUS	34	21		
GOBP_NEGATIVE_REGULATION_OF_INFLAMMATORY_RESPONSE_TO_WOUNDING	10		Rejected!	
GOBP_NEGATIVE_REGULATION_OF_INNATE_IMMUNE_RESPONSE	98	74		
GOBP_NEGATIVE_REGULATION_OF_INSULIN_LIKE_GROWTH_FACTOR_RECEPTOR_SIGNALING_PATHWAY	10		Rejected!	
GOBP_NEGATIVE_REGULATION_OF_INSULIN_SECRETION_INVOLVED_IN_CELLULAR_RESPONSE_TO_GLUCOSE_STIMULUS	9		Rejected!	
GOBP_NEGATIVE_REGULATION_OF_INTEGRIN_MEDIATED_SIGNALING_PATHWAY	5		Rejected!	
GOBP_NEGATIVE_REGULATION_OF_INTERFERON_ALPHA_PRODUCTION	6		Rejected!	
GOBP_NEGATIVE_REGULATION_OF_INTERFERON_BETA_PRODUCTION	17		Rejected!	
GOBP_NEGATIVE_REGULATION_OF_INTERLEUKIN_10_PRODUCTION	25		Rejected!	
GOBP_NEGATIVE_REGULATION_OF_INTERLEUKIN_12_PRODUCTION	18		Rejected!	
GOBP_NEGATIVE_REGULATION_OF_INTERLEUKIN_13_PRODUCTION	7		Rejected!	
GOBP_NEGATIVE_REGULATION_OF_INTERLEUKIN_17_PRODUCTION	23		Rejected!	
GOBP_NEGATIVE_REGULATION_OF_INTERLEUKIN_1_ALPHA_PRODUCTION	5		Rejected!	
GOBP_NEGATIVE_REGULATION_OF_INTERLEUKIN_1_BETA_PRODUCTION	46	19		
GOBP_NEGATIVE_REGULATION_OF_INTERLEUKIN_1_MEDIATED_SIGNALING_PATHWAY	10		Rejected!	
GOBP_NEGATIVE_REGULATION_OF_INTERLEUKIN_1_PRODUCTION	55	24		
GOBP_NEGATIVE_REGULATION_OF_INTERLEUKIN_21_PRODUCTION	5		Rejected!	
GOBP_NEGATIVE_REGULATION_OF_INTERLEUKIN_2_PRODUCTION	29	21		
GOBP_NEGATIVE_REGULATION_OF_INTERLEUKIN_4_PRODUCTION	8		Rejected!	
GOBP_NEGATIVE_REGULATION_OF_INTERLEUKIN_5_PRODUCTION	8		Rejected!	
GOBP_NEGATIVE_REGULATION_OF_INTERLEUKIN_6_MEDIATED_SIGNALING_PATHWAY	11		Rejected!	
GOBP_NEGATIVE_REGULATION_OF_INTERLEUKIN_6_PRODUCTION	67	35		
GOBP_NEGATIVE_REGULATION_OF_INTERLEUKIN_8_PRODUCTION	37		Rejected!	
GOBP_NEGATIVE_REGULATION_OF_INTRACELLULAR_ESTROGEN_RECEPTOR_SIGNALING_PATHWAY	15		Rejected!	
GOBP_NEGATIVE_REGULATION_OF_INTRACELLULAR_LIPID_TRANSPORT	5		Rejected!	
GOBP_NEGATIVE_REGULATION_OF_INTRACELLULAR_PROTEIN_TRANSPORT	37	36		
GOBP_NEGATIVE_REGULATION_OF_INTRACELLULAR_SIGNAL_TRANSDUCTION	781		Rejected!	
GOBP_NEGATIVE_REGULATION_OF_INTRACELLULAR_STEROID_HORMONE_RECEPTOR_SIGNALING_PATHWAY	42	33		
GOBP_NEGATIVE_REGULATION_OF_INTRACELLULAR_TRANSPORT	60	51		
GOBP_NEGATIVE_REGULATION_OF_INTRINSIC_APOPTOTIC_SIGNALING_PATHWAY	114	90		
GOBP_NEGATIVE_REGULATION_OF_INTRINSIC_APOPTOTIC_SIGNALING_PATHWAY_BY_P53_CLASS_MEDIATOR	24	22		
GOBP_NEGATIVE_REGULATION_OF_INTRINSIC_APOPTOTIC_SIGNALING_PATHWAY_IN_RESPONSE_TO_DNA_DAMAGE	31	30		
GOBP_NEGATIVE_REGULATION_OF_INTRINSIC_APOPTOTIC_SIGNALING_PATHWAY_IN_RESPONSE_TO_DNA_DAMAGE_BY_P53_CLASS_MEDIATOR	16	16		
GOBP_NEGATIVE_REGULATION_OF_INTRINSIC_APOPTOTIC_SIGNALING_PATHWAY_IN_RESPONSE_TO_OSMOTIC_STRESS	5		Rejected!	
GOBP_NEGATIVE_REGULATION_OF_ION_TRANSMEMBRANE_TRANSPORTER_ACTIVITY	27	22		
GOBP_NEGATIVE_REGULATION_OF_IRE1_MEDIATED_UNFOLDED_PROTEIN_RESPONSE	6		Rejected!	
GOBP_NEGATIVE_REGULATION_OF_JNK_CASCADE	38	33		
GOBP_NEGATIVE_REGULATION_OF_JUN_KINASE_ACTIVITY	8		Rejected!	
GOBP_NEGATIVE_REGULATION_OF_KERATINOCYTE_DIFFERENTIATION	9		Rejected!	
GOBP_NEGATIVE_REGULATION_OF_KERATINOCYTE_PROLIFERATION	24	19		
GOBP_NEGATIVE_REGULATION_OF_KIDNEY_DEVELOPMENT	5		Rejected!	
GOBP_NEGATIVE_REGULATION_OF_KINASE_ACTIVITY	87	71		
GOBP_NEGATIVE_REGULATION_OF_LAMELLIPODIUM_ASSEMBLY	7		Rejected!	
GOBP_NEGATIVE_REGULATION_OF_LAMELLIPODIUM_ORGANIZATION	9		Rejected!	
GOBP_NEGATIVE_REGULATION_OF_LENS_FIBER_CELL_DIFFERENTIATION	6		Rejected!	
GOBP_NEGATIVE_REGULATION_OF_LEUKOCYTE_ADHESION_TO_VASCULAR_ENDOTHELIAL_CELL	13		Rejected!	
GOBP_NEGATIVE_REGULATION_OF_LEUKOCYTE_APOPTOTIC_PROCESS	59	40		
GOBP_NEGATIVE_REGULATION_OF_LEUKOCYTE_CELL_CELL_ADHESION	159	108		
GOBP_NEGATIVE_REGULATION_OF_LEUKOCYTE_CHEMOTAXIS	23	18		
GOBP_NEGATIVE_REGULATION_OF_LEUKOCYTE_DEGRANULATION	13		Rejected!	
GOBP_NEGATIVE_REGULATION_OF_LEUKOCYTE_MEDIATED_IMMUNITY	76	51		
GOBP_NEGATIVE_REGULATION_OF_LEUKOCYTE_MIGRATION	57	41		
GOBP_NEGATIVE_REGULATION_OF_LEUKOCYTE_PROLIFERATION	105	76		
GOBP_NEGATIVE_REGULATION_OF_LIPID_BIOSYNTHETIC_PROCESS	70	50		
GOBP_NEGATIVE_REGULATION_OF_LIPID_CATABOLIC_PROCESS	27	18		
GOBP_NEGATIVE_REGULATION_OF_LIPID_LOCALIZATION	69	33		
GOBP_NEGATIVE_REGULATION_OF_LIPID_METABOLIC_PROCESS	119	76		
GOBP_NEGATIVE_REGULATION_OF_LIPID_STORAGE	22	16		
GOBP_NEGATIVE_REGULATION_OF_LIPID_TRANSPORT	52	22		
GOBP_NEGATIVE_REGULATION_OF_LIPOPOLYSACCHARIDE_MEDIATED_SIGNALING_PATHWAY	16		Rejected!	
GOBP_NEGATIVE_REGULATION_OF_LIPOPROTEIN_METABOLIC_PROCESS	5		Rejected!	
GOBP_NEGATIVE_REGULATION_OF_LIPOPROTEIN_PARTICLE_CLEARANCE	23		Rejected!	
GOBP_NEGATIVE_REGULATION_OF_LOCOMOTION	421	277		
GOBP_NEGATIVE_REGULATION_OF_LONG_TERM_SYNAPTIC_POTENTIATION	13		Rejected!	
GOBP_NEGATIVE_REGULATION_OF_LOW_DENSITY_LIPOPROTEIN_PARTICLE_CLEARANCE	17		Rejected!	
GOBP_NEGATIVE_REGULATION_OF_LYASE_ACTIVITY	12		Rejected!	
GOBP_NEGATIVE_REGULATION_OF_LYMPHOCYTE_ACTIVATION	177	127		
GOBP_NEGATIVE_REGULATION_OF_LYMPHOCYTE_APOPTOTIC_PROCESS	39	30		
GOBP_NEGATIVE_REGULATION_OF_LYMPHOCYTE_DIFFERENTIATION	64	45		
GOBP_NEGATIVE_REGULATION_OF_LYMPHOCYTE_MIGRATION	16		Rejected!	
GOBP_NEGATIVE_REGULATION_OF_MACROAUTOPHAGY	40	35		
GOBP_NEGATIVE_REGULATION_OF_MACROPHAGE_ACTIVATION	19		Rejected!	
GOBP_NEGATIVE_REGULATION_OF_MACROPHAGE_APOPTOTIC_PROCESS	7		Rejected!	
GOBP_NEGATIVE_REGULATION_OF_MACROPHAGE_CHEMOTAXIS	7		Rejected!	
GOBP_NEGATIVE_REGULATION_OF_MACROPHAGE_CYTOKINE_PRODUCTION	12		Rejected!	
GOBP_NEGATIVE_REGULATION_OF_MACROPHAGE_DERIVED_FOAM_CELL_DIFFERENTIATION	14		Rejected!	
GOBP_NEGATIVE_REGULATION_OF_MACROPHAGE_DIFFERENTIATION	10		Rejected!	
GOBP_NEGATIVE_REGULATION_OF_MACROPHAGE_MIGRATION	14		Rejected!	
GOBP_NEGATIVE_REGULATION_OF_MAMMARY_GLAND_EPITHELIAL_CELL_PROLIFERATION	5		Rejected!	
GOBP_NEGATIVE_REGULATION_OF_MAPK_CASCADE	182	134		
GOBP_NEGATIVE_REGULATION_OF_MAP_KINASE_ACTIVITY	22	18		
GOBP_NEGATIVE_REGULATION_OF_MAST_CELL_ACTIVATION	9		Rejected!	
GOBP_NEGATIVE_REGULATION_OF_MAST_CELL_DEGRANULATION	6		Rejected!	
GOBP_NEGATIVE_REGULATION_OF_MATRIX_METALLOPEPTIDASE_SECRETION	8		Rejected!	
GOBP_NEGATIVE_REGULATION_OF_MEGAKARYOCYTE_DIFFERENTIATION	20		Rejected!	
GOBP_NEGATIVE_REGULATION_OF_MEIOTIC_CELL_CYCLE	21	17		
GOBP_NEGATIVE_REGULATION_OF_MEIOTIC_CELL_CYCLE_PHASE_TRANSITION	9		Rejected!	
GOBP_NEGATIVE_REGULATION_OF_MEIOTIC_CHROMOSOME_SEPARATION	5		Rejected!	
GOBP_NEGATIVE_REGULATION_OF_MEIOTIC_NUCLEAR_DIVISION	11		Rejected!	
GOBP_NEGATIVE_REGULATION_OF_MEMBRANE_DEPOLARIZATION	9		Rejected!	
GOBP_NEGATIVE_REGULATION_OF_MEMBRANE_PERMEABILITY	23	18		
GOBP_NEGATIVE_REGULATION_OF_MEMBRANE_POTENTIAL	14		Rejected!	
GOBP_NEGATIVE_REGULATION_OF_MEMBRANE_PROTEIN_ECTODOMAIN_PROTEOLYSIS	8		Rejected!	
GOBP_NEGATIVE_REGULATION_OF_MESENCHYMAL_CELL_APOPTOTIC_PROCESS	10		Rejected!	
GOBP_NEGATIVE_REGULATION_OF_MESENCHYMAL_CELL_PROLIFERATION	8		Rejected!	
GOBP_NEGATIVE_REGULATION_OF_MHC_CLASS_II_BIOSYNTHETIC_PROCESS	5		Rejected!	
GOBP_NEGATIVE_REGULATION_OF_MICROGLIAL_CELL_ACTIVATION	8		Rejected!	
GOBP_NEGATIVE_REGULATION_OF_MICROTUBULE_DEPOLYMERIZATION	32	27		
GOBP_NEGATIVE_REGULATION_OF_MICROTUBULE_POLYMERIZATION	14		Rejected!	
GOBP_NEGATIVE_REGULATION_OF_MICROTUBULE_POLYMERIZATION_OR_DEPOLYMERIZATION	45	38		
GOBP_NEGATIVE_REGULATION_OF_MIRNA_METABOLIC_PROCESS	29	24		
GOBP_NEGATIVE_REGULATION_OF_MIRNA_PROCESSING	9		Rejected!	
GOBP_NEGATIVE_REGULATION_OF_MITOCHONDRIAL_FISSION	5		Rejected!	
GOBP_NEGATIVE_REGULATION_OF_MITOCHONDRIAL_FUSION	8		Rejected!	
GOBP_NEGATIVE_REGULATION_OF_MITOCHONDRIAL_OUTER_MEMBRANE_PERMEABILIZATION_INVOLVED_IN_APOPTOTIC_SIGNALING_PATHWAY	15		Rejected!	
GOBP_NEGATIVE_REGULATION_OF_MITOTIC_CELL_CYCLE	245	193		
GOBP_NEGATIVE_REGULATION_OF_MITOTIC_CELL_CYCLE_PHASE_TRANSITION	193	151		
GOBP_NEGATIVE_REGULATION_OF_MITOTIC_SPINDLE_ASSEMBLY_CHECKPOINT_SIGNALING	5		Rejected!	
GOBP_NEGATIVE_REGULATION_OF_MOLECULAR_FUNCTION	359	286		
GOBP_NEGATIVE_REGULATION_OF_MONOATOMIC_ION_TRANSMEMBRANE_TRANSPORT	87	60		
GOBP_NEGATIVE_REGULATION_OF_MONOATOMIC_ION_TRANSPORT	118	82		
GOBP_NEGATIVE_REGULATION_OF_MONOCYTE_CHEMOTACTIC_PROTEIN_1_PRODUCTION	6		Rejected!	
GOBP_NEGATIVE_REGULATION_OF_MONOCYTE_CHEMOTAXIS	7		Rejected!	
GOBP_NEGATIVE_REGULATION_OF_MONOCYTE_DIFFERENTIATION	8		Rejected!	
GOBP_NEGATIVE_REGULATION_OF_MONONUCLEAR_CELL_MIGRATION	37	26		
GOBP_NEGATIVE_REGULATION_OF_MORPHOGENESIS_OF_AN_EPITHELIUM	9		Rejected!	
GOBP_NEGATIVE_REGULATION_OF_MOTOR_NEURON_APOPTOTIC_PROCESS	11		Rejected!	
GOBP_NEGATIVE_REGULATION_OF_MRNA_CATABOLIC_PROCESS	83	65		
GOBP_NEGATIVE_REGULATION_OF_MRNA_METABOLIC_PROCESS	106	85		
GOBP_NEGATIVE_REGULATION_OF_MRNA_PROCESSING	23	20		
GOBP_NEGATIVE_REGULATION_OF_MULTICELLULAR_ORGANISMAL_PROCESS	1284		Rejected!	
GOBP_NEGATIVE_REGULATION_OF_MULTICELLULAR_ORGANISM_GROWTH	13		Rejected!	
GOBP_NEGATIVE_REGULATION_OF_MUSCLE_ADAPTATION	14		Rejected!	
GOBP_NEGATIVE_REGULATION_OF_MUSCLE_CELL_APOPTOTIC_PROCESS	58	40		
GOBP_NEGATIVE_REGULATION_OF_MUSCLE_CELL_DIFFERENTIATION	75	56		
GOBP_NEGATIVE_REGULATION_OF_MUSCLE_CONTRACTION	24	20		
GOBP_NEGATIVE_REGULATION_OF_MUSCLE_HYPERTROPHY	41	29		
GOBP_NEGATIVE_REGULATION_OF_MUSCLE_ORGAN_DEVELOPMENT	12		Rejected!	
GOBP_NEGATIVE_REGULATION_OF_MUSCLE_TISSUE_DEVELOPMENT	12		Rejected!	
GOBP_NEGATIVE_REGULATION_OF_MYELINATION	9		Rejected!	
GOBP_NEGATIVE_REGULATION_OF_MYELOID_CELL_APOPTOTIC_PROCESS	21		Rejected!	
GOBP_NEGATIVE_REGULATION_OF_MYELOID_CELL_DIFFERENTIATION	103	70		
GOBP_NEGATIVE_REGULATION_OF_MYELOID_LEUKOCYTE_DIFFERENTIATION	58	39		
GOBP_NEGATIVE_REGULATION_OF_MYELOID_LEUKOCYTE_MEDIATED_IMMUNITY	11		Rejected!	
GOBP_NEGATIVE_REGULATION_OF_MYOBLAST_DIFFERENTIATION	27	22		
GOBP_NEGATIVE_REGULATION_OF_MYOBLAST_PROLIFERATION	9		Rejected!	
GOBP_NEGATIVE_REGULATION_OF_MYOFIBROBLAST_DIFFERENTIATION	7		Rejected!	
GOBP_NEGATIVE_REGULATION_OF_MYOTUBE_DIFFERENTIATION	18		Rejected!	
GOBP_NEGATIVE_REGULATION_OF_NATURAL_KILLER_CELL_ACTIVATION	11		Rejected!	
GOBP_NEGATIVE_REGULATION_OF_NATURAL_KILLER_CELL_MEDIATED_IMMUNITY	26	19		
GOBP_NEGATIVE_REGULATION_OF_NERVOUS_SYSTEM_DEVELOPMENT	149	120		
GOBP_NEGATIVE_REGULATION_OF_NERVOUS_SYSTEM_PROCESS	18		Rejected!	
GOBP_NEGATIVE_REGULATION_OF_NEURAL_PRECURSOR_CELL_PROLIFERATION	28	23		
GOBP_NEGATIVE_REGULATION_OF_NEUROBLAST_PROLIFERATION	14		Rejected!	
GOBP_NEGATIVE_REGULATION_OF_NEUROINFLAMMATORY_RESPONSE	19		Rejected!	
GOBP_NEGATIVE_REGULATION_OF_NEURON_APOPTOTIC_PROCESS	181	154		
GOBP_NEGATIVE_REGULATION_OF_NEURON_DIFFERENTIATION	76	66		
GOBP_NEGATIVE_REGULATION_OF_NEURON_MIGRATION	12		Rejected!	
GOBP_NEGATIVE_REGULATION_OF_NEURON_PROJECTION_DEVELOPMENT	132	114		
GOBP_NEGATIVE_REGULATION_OF_NEURON_PROJECTION_REGENERATION	16		Rejected!	
GOBP_NEGATIVE_REGULATION_OF_NEUROTRANSMITTER_SECRETION	7		Rejected!	
GOBP_NEGATIVE_REGULATION_OF_NEUROTRANSMITTER_TRANSPORT	10		Rejected!	
GOBP_NEGATIVE_REGULATION_OF_NEUTROPHIL_ACTIVATION	8		Rejected!	
GOBP_NEGATIVE_REGULATION_OF_NEUTROPHIL_MIGRATION	6		Rejected!	
GOBP_NEGATIVE_REGULATION_OF_NF_KAPPAB_TRANSCRIPTION_FACTOR_ACTIVITY	49	37		
GOBP_NEGATIVE_REGULATION_OF_NITRIC_OXIDE_METABOLIC_PROCESS	15		Rejected!	
GOBP_NEGATIVE_REGULATION_OF_NLRP3_INFLAMMASOME_COMPLEX_ASSEMBLY	19		Rejected!	
GOBP_NEGATIVE_REGULATION_OF_NODAL_SIGNALING_PATHWAY	5		Rejected!	
GOBP_NEGATIVE_REGULATION_OF_NON_CANONICAL_NF_KAPPAB_SIGNAL_TRANSDUCTION	42	22		
GOBP_NEGATIVE_REGULATION_OF_NON_CANONICAL_WNT_SIGNALING_PATHWAY	5		Rejected!	
GOBP_NEGATIVE_REGULATION_OF_NOREPINEPHRINE_SECRETION	6		Rejected!	
GOBP_NEGATIVE_REGULATION_OF_NOTCH_SIGNALING_PATHWAY	43	37		
GOBP_NEGATIVE_REGULATION_OF_NUCLEAR_DIVISION	65	56		
GOBP_NEGATIVE_REGULATION_OF_NUCLEAR_RECEPTOR_MEDIATED_GLUCOCORTICOID_SIGNALING_PATHWAY	7		Rejected!	
GOBP_NEGATIVE_REGULATION_OF_NUCLEAR_TRANSCRIBED_MRNA_CATABOLIC_PROCESS_DEADENYLATION_DEPENDENT_DECAY	12		Rejected!	
GOBP_NEGATIVE_REGULATION_OF_NUCLEAR_TRANSCRIBED_MRNA_CATABOLIC_PROCESS_NONSENSE_MEDIATED_DECAY	9		Rejected!	
GOBP_NEGATIVE_REGULATION_OF_NUCLEOBASE_CONTAINING_COMPOUND_METABOLIC_PROCESS	1557		Rejected!	
GOBP_NEGATIVE_REGULATION_OF_NUCLEOCYTOPLASMIC_TRANSPORT	30	30		
GOBP_NEGATIVE_REGULATION_OF_NUCLEOTIDE_BIOSYNTHETIC_PROCESS	5		Rejected!	
GOBP_NEGATIVE_REGULATION_OF_NUCLEOTIDE_CATABOLIC_PROCESS	20	17		
GOBP_NEGATIVE_REGULATION_OF_NUCLEOTIDE_METABOLIC_PROCESS	30	23		
GOBP_NEGATIVE_REGULATION_OF_OLIGODENDROCYTE_DIFFERENTIATION	15		Rejected!	
GOBP_NEGATIVE_REGULATION_OF_ORGANELLE_ASSEMBLY	49	42		
GOBP_NEGATIVE_REGULATION_OF_ORGANELLE_ORGANIZATION	366	310		
GOBP_NEGATIVE_REGULATION_OF_ORGANIC_ACID_TRANSPORT	23	17		
GOBP_NEGATIVE_REGULATION_OF_ORGAN_GROWTH	37	24		
GOBP_NEGATIVE_REGULATION_OF_OSSIFICATION	44	34		
GOBP_NEGATIVE_REGULATION_OF_OSTEOBLAST_DIFFERENTIATION	69	41		
GOBP_NEGATIVE_REGULATION_OF_OSTEOBLAST_PROLIFERATION	14		Rejected!	
GOBP_NEGATIVE_REGULATION_OF_OSTEOCLAST_DEVELOPMENT	5		Rejected!	
GOBP_NEGATIVE_REGULATION_OF_OSTEOCLAST_DIFFERENTIATION	34	21		
GOBP_NEGATIVE_REGULATION_OF_OXIDATIVE_STRESS_INDUCED_INTRINSIC_APOPTOTIC_SIGNALING_PATHWAY	35	23		
GOBP_NEGATIVE_REGULATION_OF_OXIDATIVE_STRESS_INDUCED_NEURON_INTRINSIC_APOPTOTIC_SIGNALING_PATHWAY	15		Rejected!	
GOBP_NEGATIVE_REGULATION_OF_OXIDOREDUCTASE_ACTIVITY	9		Rejected!	
GOBP_NEGATIVE_REGULATION_OF_P38MAPK_CASCADE	9		Rejected!	
GOBP_NEGATIVE_REGULATION_OF_PANCREATIC_JUICE_SECRETION	5		Rejected!	
GOBP_NEGATIVE_REGULATION_OF_PEPTIDASE_ACTIVITY	18		Rejected!	
GOBP_NEGATIVE_REGULATION_OF_PEPTIDE_SECRETION	48	38		
GOBP_NEGATIVE_REGULATION_OF_PEPTIDYL_SERINE_PHOSPHORYLATION	8		Rejected!	
GOBP_NEGATIVE_REGULATION_OF_PEPTIDYL_TYROSINE_PHOSPHORYLATION	22	21		
GOBP_NEGATIVE_REGULATION_OF_PERK_MEDIATED_UNFOLDED_PROTEIN_RESPONSE	12		Rejected!	
GOBP_NEGATIVE_REGULATION_OF_PEROXISOME_PROLIFERATOR_ACTIVATED_RECEPTOR_SIGNALING_PATHWAY	8		Rejected!	
GOBP_NEGATIVE_REGULATION_OF_PHAGOCYTOSIS	22	17		
GOBP_NEGATIVE_REGULATION_OF_PHOSPHATIDYLINOSITOL_3_KINASE_PROTEIN_KINASE_B_SIGNAL_TRANSDUCTION	75	51		
GOBP_NEGATIVE_REGULATION_OF_PHOSPHOLIPID_METABOLIC_PROCESS	7		Rejected!	
GOBP_NEGATIVE_REGULATION_OF_PHOSPHORUS_METABOLIC_PROCESS	179	152		
GOBP_NEGATIVE_REGULATION_OF_PHOSPHORYLATION	131	113		
GOBP_NEGATIVE_REGULATION_OF_PINOCYTOSIS	5		Rejected!	
GOBP_NEGATIVE_REGULATION_OF_PLASMA_MEMBRANE_BOUNDED_CELL_PROJECTION_ASSEMBLY	43	34		
GOBP_NEGATIVE_REGULATION_OF_PLASMINOGEN_ACTIVATION	7		Rejected!	
GOBP_NEGATIVE_REGULATION_OF_PLATELET_ACTIVATION	18	17		
GOBP_NEGATIVE_REGULATION_OF_PLATELET_AGGREGATION	11		Rejected!	
GOBP_NEGATIVE_REGULATION_OF_PLATELET_DERIVED_GROWTH_FACTOR_RECEPTOR_SIGNALING_PATHWAY	13		Rejected!	
GOBP_NEGATIVE_REGULATION_OF_POST_TRANSCRIPTIONAL_GENE_SILENCING	19		Rejected!	
GOBP_NEGATIVE_REGULATION_OF_POST_TRANSLATIONAL_PROTEIN_MODIFICATION	95	76		
GOBP_NEGATIVE_REGULATION_OF_POTASSIUM_ION_EXPORT_ACROSS_PLASMA_MEMBRANE	6		Rejected!	
GOBP_NEGATIVE_REGULATION_OF_POTASSIUM_ION_TRANSMEMBRANE_TRANSPORT	27	17		
GOBP_NEGATIVE_REGULATION_OF_POTASSIUM_ION_TRANSMEMBRANE_TRANSPORTER_ACTIVITY	9		Rejected!	
GOBP_NEGATIVE_REGULATION_OF_POTASSIUM_ION_TRANSPORT	35	23		
GOBP_NEGATIVE_REGULATION_OF_PRODUCTION_OF_MOLECULAR_MEDIATOR_OF_IMMUNE_RESPONSE	46	28		
GOBP_NEGATIVE_REGULATION_OF_PROGRAMMED_CELL_DEATH	954		Rejected!	
GOBP_NEGATIVE_REGULATION_OF_PROGRAMMED_NECROTIC_CELL_DEATH	24	16		
GOBP_NEGATIVE_REGULATION_OF_PROSTAGLANDIN_BIOSYNTHETIC_PROCESS	5		Rejected!	
GOBP_NEGATIVE_REGULATION_OF_PROTEASOMAL_PROTEIN_CATABOLIC_PROCESS	61	51		
GOBP_NEGATIVE_REGULATION_OF_PROTEASOMAL_UBIQUITIN_DEPENDENT_PROTEIN_CATABOLIC_PROCESS	43	36		
GOBP_NEGATIVE_REGULATION_OF_PROTEIN_BINDING	44	32		
GOBP_NEGATIVE_REGULATION_OF_PROTEIN_CATABOLIC_PROCESS	121	97		
GOBP_NEGATIVE_REGULATION_OF_PROTEIN_CATABOLIC_PROCESS_IN_THE_VACUOLE	5		Rejected!	
GOBP_NEGATIVE_REGULATION_OF_PROTEIN_CONTAINING_COMPLEX_ASSEMBLY	150	127		
GOBP_NEGATIVE_REGULATION_OF_PROTEIN_CONTAINING_COMPLEX_DISASSEMBLY	88	76		
GOBP_NEGATIVE_REGULATION_OF_PROTEIN_EXIT_FROM_ENDOPLASMIC_RETICULUM	10		Rejected!	
GOBP_NEGATIVE_REGULATION_OF_PROTEIN_EXPORT_FROM_NUCLEUS	8		Rejected!	
GOBP_NEGATIVE_REGULATION_OF_PROTEIN_FOLDING	5		Rejected!	
GOBP_NEGATIVE_REGULATION_OF_PROTEIN_IMPORT_INTO_NUCLEUS	18	18		
GOBP_NEGATIVE_REGULATION_OF_PROTEIN_K63_LINKED_UBIQUITINATION	5		Rejected!	
GOBP_NEGATIVE_REGULATION_OF_PROTEIN_KINASE_ACTIVITY_BY_REGULATION_OF_PROTEIN_PHOSPHORYLATION	5		Rejected!	
GOBP_NEGATIVE_REGULATION_OF_PROTEIN_LOCALIZATION	229	193		
GOBP_NEGATIVE_REGULATION_OF_PROTEIN_LOCALIZATION_TO_CELL_PERIPHERY	32	28		
GOBP_NEGATIVE_REGULATION_OF_PROTEIN_LOCALIZATION_TO_CELL_SURFACE	12		Rejected!	
GOBP_NEGATIVE_REGULATION_OF_PROTEIN_LOCALIZATION_TO_CHROMATIN	7		Rejected!	
GOBP_NEGATIVE_REGULATION_OF_PROTEIN_LOCALIZATION_TO_MEMBRANE	39	34		
GOBP_NEGATIVE_REGULATION_OF_PROTEIN_LOCALIZATION_TO_MICROTUBULE	5		Rejected!	
GOBP_NEGATIVE_REGULATION_OF_PROTEIN_LOCALIZATION_TO_NUCLEUS	40	37		
GOBP_NEGATIVE_REGULATION_OF_PROTEIN_MATURATION	25	17		
GOBP_NEGATIVE_REGULATION_OF_PROTEIN_METABOLIC_PROCESS	647	466		
GOBP_NEGATIVE_REGULATION_OF_PROTEIN_MODIFICATION_PROCESS	222	186		
GOBP_NEGATIVE_REGULATION_OF_PROTEIN_NEDDYLATION	5		Rejected!	
GOBP_NEGATIVE_REGULATION_OF_PROTEIN_POLYMERIZATION	75	64		
GOBP_NEGATIVE_REGULATION_OF_PROTEIN_POLYUBIQUITINATION	8		Rejected!	
GOBP_NEGATIVE_REGULATION_OF_PROTEIN_SECRETION	77	58		
GOBP_NEGATIVE_REGULATION_OF_PROTEIN_SERINE_THREONINE_KINASE_ACTIVITY	38	31		
GOBP_NEGATIVE_REGULATION_OF_PROTEIN_SUMOYLATION	11		Rejected!	
GOBP_NEGATIVE_REGULATION_OF_PROTEIN_TARGETING_TO_MEMBRANE	6		Rejected!	
GOBP_NEGATIVE_REGULATION_OF_PROTEIN_TARGETING_TO_MITOCHONDRION	6		Rejected!	
GOBP_NEGATIVE_REGULATION_OF_PROTEIN_TYROSINE_KINASE_ACTIVITY	13		Rejected!	
GOBP_NEGATIVE_REGULATION_OF_PROTEIN_UBIQUITINATION	78	64		
GOBP_NEGATIVE_REGULATION_OF_PROTEOLYSIS	143	110		
GOBP_NEGATIVE_REGULATION_OF_PROTEOLYSIS_INVOLVED_IN_PROTEIN_CATABOLIC_PROCESS	77	64		
GOBP_NEGATIVE_REGULATION_OF_RAC_PROTEIN_SIGNAL_TRANSDUCTION	6		Rejected!	
GOBP_NEGATIVE_REGULATION_OF_RAS_PROTEIN_SIGNAL_TRANSDUCTION	24	24		
GOBP_NEGATIVE_REGULATION_OF_REACTIVE_OXYGEN_SPECIES_BIOSYNTHETIC_PROCESS	20		Rejected!	
GOBP_NEGATIVE_REGULATION_OF_REACTIVE_OXYGEN_SPECIES_METABOLIC_PROCESS	43	33		
GOBP_NEGATIVE_REGULATION_OF_RECEPTOR_BINDING	6		Rejected!	
GOBP_NEGATIVE_REGULATION_OF_RECEPTOR_INTERNALIZATION	17		Rejected!	
GOBP_NEGATIVE_REGULATION_OF_RECEPTOR_MEDIATED_ENDOCYTOSIS	35	24		
GOBP_NEGATIVE_REGULATION_OF_RECEPTOR_RECYCLING	5		Rejected!	
GOBP_NEGATIVE_REGULATION_OF_RECEPTOR_SIGNALING_PATHWAY_VIA_JAK_STAT	24	17		
GOBP_NEGATIVE_REGULATION_OF_RECEPTOR_SIGNALING_PATHWAY_VIA_STAT	37	19		
GOBP_NEGATIVE_REGULATION_OF_REGULATED_SECRETORY_PATHWAY	26	22		
GOBP_NEGATIVE_REGULATION_OF_REGULATORY_T_CELL_DIFFERENTIATION	7		Rejected!	
GOBP_NEGATIVE_REGULATION_OF_RELAXATION_OF_MUSCLE	7		Rejected!	
GOBP_NEGATIVE_REGULATION_OF_RELEASE_OF_CYTOCHROME_C_FROM_MITOCHONDRIA	20	17		
GOBP_NEGATIVE_REGULATION_OF_RELEASE_OF_SEQUESTERED_CALCIUM_ION_INTO_CYTOSOL	6		Rejected!	
GOBP_NEGATIVE_REGULATION_OF_REPRODUCTIVE_PROCESS	78	62		
GOBP_NEGATIVE_REGULATION_OF_RESPIRATORY_BURST	6		Rejected!	
GOBP_NEGATIVE_REGULATION_OF_RESPIRATORY_BURST_INVOLVED_IN_INFLAMMATORY_RESPONSE	5		Rejected!	
GOBP_NEGATIVE_REGULATION_OF_RESPONSE_TO_BIOTIC_STIMULUS	135	102		
GOBP_NEGATIVE_REGULATION_OF_RESPONSE_TO_CYTOKINE_STIMULUS	110	68		
GOBP_NEGATIVE_REGULATION_OF_RESPONSE_TO_DRUG	14		Rejected!	
GOBP_NEGATIVE_REGULATION_OF_RESPONSE_TO_ENDOPLASMIC_RETICULUM_STRESS	51	44		
GOBP_NEGATIVE_REGULATION_OF_RESPONSE_TO_EXTERNAL_STIMULUS	442	298		
GOBP_NEGATIVE_REGULATION_OF_RESPONSE_TO_NUTRIENT_LEVELS	13		Rejected!	
GOBP_NEGATIVE_REGULATION_OF_RESPONSE_TO_OXIDATIVE_STRESS	12		Rejected!	
GOBP_NEGATIVE_REGULATION_OF_RESPONSE_TO_STIMULUS	1867		Rejected!	
GOBP_NEGATIVE_REGULATION_OF_RESPONSE_TO_TUMOR_CELL	10		Rejected!	
GOBP_NEGATIVE_REGULATION_OF_RESPONSE_TO_TYPE_II_INTERFERON	8		Rejected!	
GOBP_NEGATIVE_REGULATION_OF_RESPONSE_TO_WOUNDING	99	71		
GOBP_NEGATIVE_REGULATION_OF_RETINOIC_ACID_RECEPTOR_SIGNALING_PATHWAY	10		Rejected!	
GOBP_NEGATIVE_REGULATION_OF_RHO_PROTEIN_SIGNAL_TRANSDUCTION	25	22		
GOBP_NEGATIVE_REGULATION_OF_RIG_I_SIGNALING_PATHWAY	8		Rejected!	
GOBP_NEGATIVE_REGULATION_OF_RNA_CATABOLIC_PROCESS	96	77		
GOBP_NEGATIVE_REGULATION_OF_RNA_METABOLIC_PROCESS	1427		Rejected!	
GOBP_NEGATIVE_REGULATION_OF_RNA_SPLICING	27	23		
GOBP_NEGATIVE_REGULATION_OF_RUFFLE_ASSEMBLY	7		Rejected!	
GOBP_NEGATIVE_REGULATION_OF_SATELLITE_CELL_DIFFERENTIATION	5		Rejected!	
GOBP_NEGATIVE_REGULATION_OF_SCHWANN_CELL_PROLIFERATION	8		Rejected!	
GOBP_NEGATIVE_REGULATION_OF_SECONDARY_METABOLITE_BIOSYNTHETIC_PROCESS	5		Rejected!	
GOBP_NEGATIVE_REGULATION_OF_SECRETION	179	135		
GOBP_NEGATIVE_REGULATION_OF_SIGNALING	1605		Rejected!	
GOBP_NEGATIVE_REGULATION_OF_SIGNALING_RECEPTOR_ACTIVITY	14		Rejected!	
GOBP_NEGATIVE_REGULATION_OF_SIGNAL_TRANSDUCTION_BY_P53_CLASS_MEDIATOR	41	38		
GOBP_NEGATIVE_REGULATION_OF_SIGNAL_TRANSDUCTION_IN_ABSENCE_OF_LIGAND	37	26		
GOBP_NEGATIVE_REGULATION_OF_SINGLE_STRANDED_VIRAL_RNA_REPLICATION_VIA_DOUBLE_STRANDED_DNA_INTERMEDIATE	11		Rejected!	
GOBP_NEGATIVE_REGULATION_OF_SISTER_CHROMATID_COHESION	5		Rejected!	
GOBP_NEGATIVE_REGULATION_OF_SKELETAL_MUSCLE_CELL_DIFFERENTIATION	7		Rejected!	
GOBP_NEGATIVE_REGULATION_OF_SKELETAL_MUSCLE_CELL_PROLIFERATION	5		Rejected!	
GOBP_NEGATIVE_REGULATION_OF_SMAD_PROTEIN_SIGNAL_TRANSDUCTION	42	22		
GOBP_NEGATIVE_REGULATION_OF_SMALL_GTPASE_MEDIATED_SIGNAL_TRANSDUCTION	67	63		
GOBP_NEGATIVE_REGULATION_OF_SMALL_MOLECULE_METABOLIC_PROCESS	131	90		
GOBP_NEGATIVE_REGULATION_OF_SMOOTHENED_SIGNALING_PATHWAY	37	32		
GOBP_NEGATIVE_REGULATION_OF_SMOOTH_MUSCLE_CELL_APOPTOTIC_PROCESS	19		Rejected!	
GOBP_NEGATIVE_REGULATION_OF_SMOOTH_MUSCLE_CELL_CHEMOTAXIS	5		Rejected!	
GOBP_NEGATIVE_REGULATION_OF_SMOOTH_MUSCLE_CELL_DIFFERENTIATION	23	15		
GOBP_NEGATIVE_REGULATION_OF_SMOOTH_MUSCLE_CELL_MIGRATION	40	19		
GOBP_NEGATIVE_REGULATION_OF_SMOOTH_MUSCLE_CELL_PROLIFERATION	71	37		
GOBP_NEGATIVE_REGULATION_OF_SMOOTH_MUSCLE_CONTRACTION	14		Rejected!	
GOBP_NEGATIVE_REGULATION_OF_SODIUM_ION_TRANSMEMBRANE_TRANSPORT	12		Rejected!	
GOBP_NEGATIVE_REGULATION_OF_SODIUM_ION_TRANSPORT	17		Rejected!	
GOBP_NEGATIVE_REGULATION_OF_SOMATIC_STEM_CELL_POPULATION_MAINTENANCE	5		Rejected!	
GOBP_NEGATIVE_REGULATION_OF_SPHINGOLIPID_BIOSYNTHETIC_PROCESS	6		Rejected!	
GOBP_NEGATIVE_REGULATION_OF_SPROUTING_ANGIOGENESIS	30		Rejected!	
GOBP_NEGATIVE_REGULATION_OF_STEM_CELL_DIFFERENTIATION	26	24		
GOBP_NEGATIVE_REGULATION_OF_STEM_CELL_POPULATION_MAINTENANCE	26	22		
GOBP_NEGATIVE_REGULATION_OF_STEM_CELL_PROLIFERATION	28	17		
GOBP_NEGATIVE_REGULATION_OF_STEROID_BIOSYNTHETIC_PROCESS	30	23		
GOBP_NEGATIVE_REGULATION_OF_STEROID_HORMONE_SECRETION	5		Rejected!	
GOBP_NEGATIVE_REGULATION_OF_STEROID_METABOLIC_PROCESS	36	25		
GOBP_NEGATIVE_REGULATION_OF_STEROL_TRANSPORT	34		Rejected!	
GOBP_NEGATIVE_REGULATION_OF_STRESS_ACTIVATED_PROTEIN_KINASE_SIGNALING_CASCADE	10		Rejected!	
GOBP_NEGATIVE_REGULATION_OF_STRIATED_MUSCLE_CELL_APOPTOTIC_PROCESS	38	25		
GOBP_NEGATIVE_REGULATION_OF_STRIATED_MUSCLE_CELL_DIFFERENTIATION	44	33		
GOBP_NEGATIVE_REGULATION_OF_STRIATED_MUSCLE_CONTRACTION	9		Rejected!	
GOBP_NEGATIVE_REGULATION_OF_SUBSTRATE_ADHESION_DEPENDENT_CELL_SPREADING	14		Rejected!	
GOBP_NEGATIVE_REGULATION_OF_SUPRAMOLECULAR_FIBER_ORGANIZATION	172	136		
GOBP_NEGATIVE_REGULATION_OF_SYNAPSE_ASSEMBLY	9		Rejected!	
GOBP_NEGATIVE_REGULATION_OF_SYNAPSE_ORGANIZATION	14		Rejected!	
GOBP_NEGATIVE_REGULATION_OF_SYNAPTIC_TRANSMISSION	57	44		
GOBP_NEGATIVE_REGULATION_OF_SYNAPTIC_TRANSMISSION_GLUTAMATERGIC	10		Rejected!	
GOBP_NEGATIVE_REGULATION_OF_SYNAPTIC_VESICLE_EXOCYTOSIS	7		Rejected!	
GOBP_NEGATIVE_REGULATION_OF_SYNCYTIUM_FORMATION_BY_PLASMA_MEMBRANE_FUSION	5		Rejected!	
GOBP_NEGATIVE_REGULATION_OF_SYSTEMIC_ARTERIAL_BLOOD_PRESSURE	26	17		
GOBP_NEGATIVE_REGULATION_OF_TELOMERE_CAPPING	8		Rejected!	
GOBP_NEGATIVE_REGULATION_OF_TELOMERE_MAINTENANCE	39	31		
GOBP_NEGATIVE_REGULATION_OF_TELOMERE_MAINTENANCE_VIA_TELOMERASE	22	20		
GOBP_NEGATIVE_REGULATION_OF_TELOMERE_MAINTENANCE_VIA_TELOMERE_LENGTHENING	30	24		
GOBP_NEGATIVE_REGULATION_OF_THYMOCYTE_APOPTOTIC_PROCESS	10		Rejected!	
GOBP_NEGATIVE_REGULATION_OF_TISSUE_REMODELING	22	15		
GOBP_NEGATIVE_REGULATION_OF_TOLL_LIKE_RECEPTOR_2_SIGNALING_PATHWAY	6		Rejected!	
GOBP_NEGATIVE_REGULATION_OF_TOLL_LIKE_RECEPTOR_4_SIGNALING_PATHWAY	21		Rejected!	
GOBP_NEGATIVE_REGULATION_OF_TOLL_LIKE_RECEPTOR_9_SIGNALING_PATHWAY	5		Rejected!	
GOBP_NEGATIVE_REGULATION_OF_TOLL_LIKE_RECEPTOR_SIGNALING_PATHWAY	22	15		
GOBP_NEGATIVE_REGULATION_OF_TORC1_SIGNALING	51	42		
GOBP_NEGATIVE_REGULATION_OF_TOR_SIGNALING	76	64		
GOBP_NEGATIVE_REGULATION_OF_TRANSCRIPTION_BY_COMPETITIVE_PROMOTER_BINDING	13		Rejected!	
GOBP_NEGATIVE_REGULATION_OF_TRANSCRIPTION_BY_RNA_POLYMERASE_I	11		Rejected!	
GOBP_NEGATIVE_REGULATION_OF_TRANSCRIPTION_BY_RNA_POLYMERASE_II	969		Rejected!	
GOBP_NEGATIVE_REGULATION_OF_TRANSCRIPTION_REGULATORY_REGION_DNA_BINDING	5		Rejected!	
GOBP_NEGATIVE_REGULATION_OF_TRANSFERASE_ACTIVITY	103	84		
GOBP_NEGATIVE_REGULATION_OF_TRANSFORMING_GROWTH_FACTOR_BETA1_PRODUCTION	6		Rejected!	
GOBP_NEGATIVE_REGULATION_OF_TRANSFORMING_GROWTH_FACTOR_BETA_PRODUCTION	11		Rejected!	
GOBP_NEGATIVE_REGULATION_OF_TRANSFORMING_GROWTH_FACTOR_BETA_RECEPTOR_SIGNALING_PATHWAY	134	87		
GOBP_NEGATIVE_REGULATION_OF_TRANSLATION	216	119		
GOBP_NEGATIVE_REGULATION_OF_TRANSLATIONAL_ELONGATION	6		Rejected!	
GOBP_NEGATIVE_REGULATION_OF_TRANSLATIONAL_INITIATION	25	24		
GOBP_NEGATIVE_REGULATION_OF_TRANSLATIONAL_INITIATION_IN_RESPONSE_TO_STRESS	5		Rejected!	
GOBP_NEGATIVE_REGULATION_OF_TRANSLATION_IN_RESPONSE_TO_STRESS	7		Rejected!	
GOBP_NEGATIVE_REGULATION_OF_TRANSMEMBRANE_RECEPTOR_PROTEIN_SERINE_THREONINE_KINASE_SIGNALING_PATHWAY	208	139		
GOBP_NEGATIVE_REGULATION_OF_TRANSMEMBRANE_TRANSPORT	134	85		
GOBP_NEGATIVE_REGULATION_OF_TRANSMISSION_OF_NERVE_IMPULSE	5		Rejected!	
GOBP_NEGATIVE_REGULATION_OF_TRANSPORT	468	342		
GOBP_NEGATIVE_REGULATION_OF_TRANSPORTER_ACTIVITY	32	27		
GOBP_NEGATIVE_REGULATION_OF_TRIGLYCERIDE_BIOSYNTHETIC_PROCESS	6		Rejected!	
GOBP_NEGATIVE_REGULATION_OF_TRIGLYCERIDE_CATABOLIC_PROCESS	6		Rejected!	
GOBP_NEGATIVE_REGULATION_OF_TRIGLYCERIDE_METABOLIC_PROCESS	17		Rejected!	
GOBP_NEGATIVE_REGULATION_OF_TROPHOBLAST_CELL_MIGRATION	8		Rejected!	
GOBP_NEGATIVE_REGULATION_OF_TUMOR_NECROSIS_FACTOR_MEDIATED_SIGNALING_PATHWAY	37	24		
GOBP_NEGATIVE_REGULATION_OF_TUMOR_NECROSIS_FACTOR_SUPERFAMILY_CYTOKINE_PRODUCTION	84	51		
GOBP_NEGATIVE_REGULATION_OF_TYPE_2_IMMUNE_RESPONSE	15		Rejected!	
GOBP_NEGATIVE_REGULATION_OF_TYPE_B_PANCREATIC_CELL_APOPTOTIC_PROCESS	6		Rejected!	
GOBP_NEGATIVE_REGULATION_OF_TYPE_II_INTERFERON_PRODUCTION	44	25		
GOBP_NEGATIVE_REGULATION_OF_TYPE_I_INTERFERON_MEDIATED_SIGNALING_PATHWAY	23	18		
GOBP_NEGATIVE_REGULATION_OF_TYPE_I_INTERFERON_PRODUCTION	48	38		
GOBP_NEGATIVE_REGULATION_OF_T_CELL_APOPTOTIC_PROCESS	25	20		
GOBP_NEGATIVE_REGULATION_OF_T_CELL_CYTOKINE_PRODUCTION	11		Rejected!	
GOBP_NEGATIVE_REGULATION_OF_T_CELL_DIFFERENTIATION	54	39		
GOBP_NEGATIVE_REGULATION_OF_T_CELL_DIFFERENTIATION_IN_THYMUS	11		Rejected!	
GOBP_NEGATIVE_REGULATION_OF_T_CELL_MEDIATED_CYTOTOXICITY	10		Rejected!	
GOBP_NEGATIVE_REGULATION_OF_T_CELL_MEDIATED_IMMUNE_RESPONSE_TO_TUMOR_CELL	7		Rejected!	
GOBP_NEGATIVE_REGULATION_OF_T_CELL_MEDIATED_IMMUNITY	33	19		
GOBP_NEGATIVE_REGULATION_OF_T_CELL_MIGRATION	7		Rejected!	
GOBP_NEGATIVE_REGULATION_OF_T_CELL_PROLIFERATION	79	58		
GOBP_NEGATIVE_REGULATION_OF_T_CELL_RECEPTOR_SIGNALING_PATHWAY	30	24		
GOBP_NEGATIVE_REGULATION_OF_T_HELPER_17_CELL_LINEAGE_COMMITMENT	7		Rejected!	
GOBP_NEGATIVE_REGULATION_OF_T_HELPER_17_TYPE_IMMUNE_RESPONSE	16		Rejected!	
GOBP_NEGATIVE_REGULATION_OF_T_HELPER_1_TYPE_IMMUNE_RESPONSE	9		Rejected!	
GOBP_NEGATIVE_REGULATION_OF_T_HELPER_2_CELL_DIFFERENTIATION	5		Rejected!	
GOBP_NEGATIVE_REGULATION_OF_T_HELPER_CELL_DIFFERENTIATION	21	16		
GOBP_NEGATIVE_REGULATION_OF_UBIQUITIN_DEPENDENT_PROTEIN_CATABOLIC_PROCESS	58	48		
GOBP_NEGATIVE_REGULATION_OF_UBIQUITIN_PROTEIN_LIGASE_ACTIVITY	9		Rejected!	
GOBP_NEGATIVE_REGULATION_OF_UBIQUITIN_PROTEIN_TRANSFERASE_ACTIVITY	11		Rejected!	
GOBP_NEGATIVE_REGULATION_OF_URINE_VOLUME	5		Rejected!	
GOBP_NEGATIVE_REGULATION_OF_VASCULAR_ASSOCIATED_SMOOTH_MUSCLE_CELL_APOPTOTIC_PROCESS	7		Rejected!	
GOBP_NEGATIVE_REGULATION_OF_VASCULAR_ASSOCIATED_SMOOTH_MUSCLE_CELL_DIFFERENTIATION	13		Rejected!	
GOBP_NEGATIVE_REGULATION_OF_VASCULAR_ASSOCIATED_SMOOTH_MUSCLE_CELL_MIGRATION	26		Rejected!	
GOBP_NEGATIVE_REGULATION_OF_VASCULAR_ASSOCIATED_SMOOTH_MUSCLE_CELL_PROLIFERATION	43	18		
GOBP_NEGATIVE_REGULATION_OF_VASCULAR_ENDOTHELIAL_CELL_PROLIFERATION	25		Rejected!	
GOBP_NEGATIVE_REGULATION_OF_VASCULAR_ENDOTHELIAL_GROWTH_FACTOR_PRODUCTION	28		Rejected!	
GOBP_NEGATIVE_REGULATION_OF_VASCULAR_ENDOTHELIAL_GROWTH_FACTOR_RECEPTOR_SIGNALING_PATHWAY	12		Rejected!	
GOBP_NEGATIVE_REGULATION_OF_VASCULAR_PERMEABILITY	20	19		
GOBP_NEGATIVE_REGULATION_OF_VASCULAR_WOUND_HEALING	8		Rejected!	
GOBP_NEGATIVE_REGULATION_OF_VASCULATURE_DEVELOPMENT	167	87		
GOBP_NEGATIVE_REGULATION_OF_VASOCONSTRICTION	14		Rejected!	
GOBP_NEGATIVE_REGULATION_OF_VERY_LOW_DENSITY_LIPOPROTEIN_PARTICLE_REMODELING	6		Rejected!	
GOBP_NEGATIVE_REGULATION_OF_VIRAL_GENOME_REPLICATION	50	41		
GOBP_NEGATIVE_REGULATION_OF_VIRAL_LIFE_CYCLE	6		Rejected!	
GOBP_NEGATIVE_REGULATION_OF_VIRAL_PROCESS	76	61		
GOBP_NEGATIVE_REGULATION_OF_VIRAL_TRANSCRIPTION	16		Rejected!	
GOBP_NEGATIVE_REGULATION_OF_VITAMIN_METABOLIC_PROCESS	6		Rejected!	
GOBP_NEGATIVE_REGULATION_OF_VOLTAGE_GATED_CALCIUM_CHANNEL_ACTIVITY	8		Rejected!	
GOBP_NEGATIVE_REGULATION_OF_WNT_SIGNALING_PATHWAY	184	155		
GOBP_NEGATIVE_REGULATION_OF_WOUND_HEALING	75	54		
GOBP_NEGATIVE_REGULATION_OF_WOUND_HEALING_SPREADING_OF_EPIDERMAL_CELLS	5		Rejected!	
GOBP_NEGATIVE_T_CELL_SELECTION	13		Rejected!	
GOBP_NEPHRIC_DUCT_DEVELOPMENT	15		Rejected!	
GOBP_NEPHRIC_DUCT_FORMATION	5		Rejected!	
GOBP_NEPHRIC_DUCT_MORPHOGENESIS	11		Rejected!	
GOBP_NEPHRON_DEVELOPMENT	161	143		
GOBP_NEPHRON_EPITHELIUM_DEVELOPMENT	122	109		
GOBP_NEPHRON_TUBULE_EPITHELIAL_CELL_DIFFERENTIATION	14		Rejected!	
GOBP_NEPHRON_TUBULE_FORMATION	20	17		
GOBP_NERVE_DEVELOPMENT	97	85		
GOBP_NERVE_GROWTH_FACTOR_SIGNALING_PATHWAY	14		Rejected!	
GOBP_NERVOUS_SYSTEM_PROCESS	1577		Rejected!	
GOBP_NERVOUS_SYSTEM_PROCESS_INVOLVED_IN_REGULATION_OF_SYSTEMIC_ARTERIAL_BLOOD_PRESSURE	15		Rejected!	
GOBP_NETRIN_ACTIVATED_SIGNALING_PATHWAY	9		Rejected!	
GOBP_NEURAL_CREST_CELL_DIFFERENTIATION	96	82		
GOBP_NEURAL_CREST_CELL_FATE_COMMITMENT	6		Rejected!	
GOBP_NEURAL_CREST_CELL_MIGRATION_INVOLVED_IN_AUTONOMIC_NERVOUS_SYSTEM_DEVELOPMENT	6		Rejected!	
GOBP_NEURAL_CREST_FORMATION	15		Rejected!	
GOBP_NEURAL_FOLD_FORMATION	8		Rejected!	
GOBP_NEURAL_NUCLEUS_DEVELOPMENT	69	64		
GOBP_NEURAL_PLATE_DEVELOPMENT	10		Rejected!	
GOBP_NEURAL_PLATE_MORPHOGENESIS	6		Rejected!	
GOBP_NEURAL_PLATE_PATTERN_SPECIFICATION	9		Rejected!	
GOBP_NEURAL_PLATE_REGIONALIZATION	7		Rejected!	
GOBP_NEURAL_PRECURSOR_CELL_PROLIFERATION	169	153		
GOBP_NEURAL_RETINA_DEVELOPMENT	90	76		
GOBP_NEURAL_TUBE_DEVELOPMENT	165	144		
GOBP_NEURAL_TUBE_FORMATION	105	90		
GOBP_NEURAL_TUBE_PATTERNING	34	29		
GOBP_NEUROBLAST_DIFFERENTIATION	8		Rejected!	
GOBP_NEUROBLAST_DIVISION	15		Rejected!	
GOBP_NEUROBLAST_MIGRATION	6		Rejected!	
GOBP_NEUROBLAST_PROLIFERATION	76	68		
GOBP_NEUROENDOCRINE_CELL_DIFFERENTIATION	19	17		
GOBP_NEUROEPITHELIAL_CELL_DIFFERENTIATION	47	42		
GOBP_NEUROFIBRILLARY_TANGLE_ASSEMBLY	9		Rejected!	
GOBP_NEUROFILAMENT_CYTOSKELETON_ORGANIZATION	10		Rejected!	
GOBP_NEUROGENESIS	1821		Rejected!	
GOBP_NEUROINFLAMMATORY_RESPONSE	87	60		
GOBP_NEUROMUSCULAR_JUNCTION_DEVELOPMENT	56	52		
GOBP_NEUROMUSCULAR_PROCESS	185	151		
GOBP_NEUROMUSCULAR_PROCESS_CONTROLLING_BALANCE	59	46		
GOBP_NEUROMUSCULAR_PROCESS_CONTROLLING_POSTURE	19		Rejected!	
GOBP_NEUROMUSCULAR_SYNAPTIC_TRANSMISSION	37	32		
GOBP_NEURONAL_ACTION_POTENTIAL	39	32		
GOBP_NEURONAL_DENSE_CORE_VESICLE_EXOCYTOSIS	8		Rejected!	
GOBP_NEURONAL_ION_CHANNEL_CLUSTERING	12		Rejected!	
GOBP_NEURONAL_SIGNAL_TRANSDUCTION	8		Rejected!	
GOBP_NEURONAL_STEM_CELL_POPULATION_MAINTENANCE	24	22		
GOBP_NEURON_APOPTOTIC_PROCESS	318	268		
GOBP_NEURON_CELLULAR_HOMEOSTASIS	64	55		
GOBP_NEURON_CELL_CELL_ADHESION	16		Rejected!	
GOBP_NEURON_DEVELOPMENT	1196		Rejected!	
GOBP_NEURON_FATE_COMMITMENT	77	67		
GOBP_NEURON_FATE_DETERMINATION	10		Rejected!	
GOBP_NEURON_FATE_SPECIFICATION	37	32		
GOBP_NEURON_GLIAL_CELL_SIGNALING	5		Rejected!	
GOBP_NEURON_INTRINSIC_APOPTOTIC_SIGNALING_PATHWAY_IN_RESPONSE_TO_ENDOPLASMIC_RETICULUM_STRESS	5		Rejected!	
GOBP_NEURON_INTRINSIC_APOPTOTIC_SIGNALING_PATHWAY_IN_RESPONSE_TO_OXIDATIVE_STRESS	24	17		
GOBP_NEURON_MATURATION	55	43		
GOBP_NEURON_MIGRATION	196	171		
GOBP_NEURON_NEURON_SYNAPTIC_TRANSMISSION	9		Rejected!	
GOBP_NEURON_PROJECTION_ARBORIZATION	36	32		
GOBP_NEURON_PROJECTION_EXTENSION	171	152		
GOBP_NEURON_PROJECTION_EXTENSION_INVOLVED_IN_NEURON_PROJECTION_GUIDANCE	21	17		
GOBP_NEURON_PROJECTION_GUIDANCE	244	219		
GOBP_NEURON_PROJECTION_MAINTENANCE	16	15		
GOBP_NEURON_PROJECTION_ORGANIZATION	95	83		
GOBP_NEURON_PROJECTION_REGENERATION	60	49		
GOBP_NEURON_RECOGNITION	47	47		
GOBP_NEURON_REMODELING	15		Rejected!	
GOBP_NEUROPEPTIDE_SIGNALING_PATHWAY	112	80		
GOBP_NEUROTRANSMITTER_GATED_ION_CHANNEL_CLUSTERING	18	16		
GOBP_NEUROTRANSMITTER_LOADING_INTO_SYNAPTIC_VESICLE	7		Rejected!	
GOBP_NEUROTRANSMITTER_RECEPTOR_INTERNALIZATION	34	31		
GOBP_NEUROTRANSMITTER_RECEPTOR_LOCALIZATION_TO_POSTSYNAPTIC_SPECIALIZATION_MEMBRANE	38	32		
GOBP_NEUROTRANSMITTER_RECEPTOR_TRANSPORT	20	19		
GOBP_NEUROTRANSMITTER_RECEPTOR_TRANSPORT_ENDOSOME_TO_POSTSYNAPTIC_MEMBRANE	11		Rejected!	
GOBP_NEUROTRANSMITTER_RECEPTOR_TRANSPORT_TO_PLASMA_MEMBRANE	16	15		
GOBP_NEUROTRANSMITTER_REUPTAKE	35	29		
GOBP_NEUROTRANSMITTER_SECRETION	155	142		
GOBP_NEUROTRANSMITTER_TRANSPORT	217	194		
GOBP_NEUROTRANSMITTER_UPTAKE	47	40		
GOBP_NEUROTROPHIN_PRODUCTION	5		Rejected!	
GOBP_NEUROTROPHIN_SIGNALING_PATHWAY	39	37		
GOBP_NEUROTROPHIN_TRK_RECEPTOR_SIGNALING_PATHWAY	26	25		
GOBP_NEUTRAL_AMINO_ACID_TRANSPORT	59	46		
GOBP_NEUTRAL_LIPID_BIOSYNTHETIC_PROCESS	51	42		
GOBP_NEUTRAL_LIPID_CATABOLIC_PROCESS	43	31		
GOBP_NEUTRAL_LIPID_METABOLIC_PROCESS	139	106		
GOBP_NEUTROPHIL_ACTIVATION_INVOLVED_IN_IMMUNE_RESPONSE	21		Rejected!	
GOBP_NEUTROPHIL_APOPTOTIC_PROCESS	8		Rejected!	
GOBP_NEUTROPHIL_CHEMOTAXIS	83	60		
GOBP_NEUTROPHIL_CLEARANCE	6		Rejected!	
GOBP_NEUTROPHIL_DEGRANULATION	13		Rejected!	
GOBP_NEUTROPHIL_DIFFERENTIATION	11		Rejected!	
GOBP_NEUTROPHIL_EXTRAVASATION	14		Rejected!	
GOBP_NEUTROPHIL_HOMEOSTASIS	23	16		
GOBP_NEUTROPHIL_MEDIATED_CYTOTOXICITY	18		Rejected!	
GOBP_NEUTROPHIL_MEDIATED_IMMUNITY	42	28		
GOBP_NEUTROPHIL_MEDIATED_KILLING_OF_BACTERIUM	14		Rejected!	
GOBP_NEUTROPHIL_MEDIATED_KILLING_OF_GRAM_NEGATIVE_BACTERIUM	7		Rejected!	
GOBP_NEUTROPHIL_MIGRATION	106	75		
GOBP_NITRIC_OXIDE_CGMP_MEDIATED_SIGNALING	11		Rejected!	
GOBP_NITRIC_OXIDE_MEDIATED_SIGNAL_TRANSDUCTION	26	22		
GOBP_NITRIC_OXIDE_TRANSPORT	5		Rejected!	
GOBP_NITROGEN_COMPOUND_TRANSPORT	1930		Rejected!	
GOBP_NITROGEN_CYCLE_METABOLIC_PROCESS	16		Rejected!	
GOBP_NITROGEN_UTILIZATION	5		Rejected!	
GOBP_NK_T_CELL_ACTIVATION	20		Rejected!	
GOBP_NK_T_CELL_DIFFERENTIATION	11		Rejected!	
GOBP_NK_T_CELL_PROLIFERATION	10		Rejected!	
GOBP_NLS_BEARING_PROTEIN_IMPORT_INTO_NUCLEUS	20	20		
GOBP_NMDA_GLUTAMATE_RECEPTOR_CLUSTERING	5		Rejected!	
GOBP_NMDA_SELECTIVE_GLUTAMATE_RECEPTOR_SIGNALING_PATHWAY	7		Rejected!	
GOBP_NODAL_SIGNALING_PATHWAY	22	17		
GOBP_NONASSOCIATIVE_LEARNING	7		Rejected!	
GOBP_NONRIBOSOMAL_PEPTIDE_BIOSYNTHETIC_PROCESS	18	16		
GOBP_NON_CANONICAL_NF_KAPPAB_SIGNAL_TRANSDUCTION	140	109		
GOBP_NON_CANONICAL_WNT_SIGNALING_PATHWAY	69	63		
GOBP_NON_LYTIC_VIRAL_RELEASE	15		Rejected!	
GOBP_NON_MOTILE_CILIUM_ASSEMBLY	67	57		
GOBP_NON_PROTEINOGENIC_AMINO_ACID_BIOSYNTHETIC_PROCESS	17	16		
GOBP_NON_PROTEINOGENIC_AMINO_ACID_CATABOLIC_PROCESS	19	15		
GOBP_NON_PROTEINOGENIC_AMINO_ACID_METABOLIC_PROCESS	66	53		
GOBP_NORADRENERGIC_NEURON_DEVELOPMENT	5		Rejected!	
GOBP_NORADRENERGIC_NEURON_DIFFERENTIATION	11		Rejected!	
GOBP_NOREPINEPHRINE_BIOSYNTHETIC_PROCESS	9		Rejected!	
GOBP_NOREPINEPHRINE_METABOLIC_PROCESS	18		Rejected!	
GOBP_NOREPINEPHRINE_SECRETION	13		Rejected!	
GOBP_NOREPINEPHRINE_TRANSPORT	23	16		
GOBP_NOREPINEPHRINE_UPTAKE	9		Rejected!	
GOBP_NOSE_DEVELOPMENT	16		Rejected!	
GOBP_NOTCH_RECEPTOR_PROCESSING	9		Rejected!	
GOBP_NOTCH_SIGNALING_PATHWAY	191	165		
GOBP_NOTOCHORD_DEVELOPMENT	18	16		
GOBP_NOTOCHORD_MORPHOGENESIS	9		Rejected!	
GOBP_NUCLEAR_BODY_ORGANIZATION	18	16		
GOBP_NUCLEAR_CHROMOSOME_SEGREGATION	328	286		
GOBP_NUCLEAR_ENVELOPE_ORGANIZATION	58	49		
GOBP_NUCLEAR_EXPORT	172	157		
GOBP_NUCLEAR_MEMBRANE_ORGANIZATION	47	40		
GOBP_NUCLEAR_MEMBRANE_REASSEMBLY	26	22		
GOBP_NUCLEAR_MIGRATION	28	26		
GOBP_NUCLEAR_MIGRATION_ALONG_MICROTUBULE	5		Rejected!	
GOBP_NUCLEAR_MRNA_SURVEILLANCE	11		Rejected!	
GOBP_NUCLEAR_PORE_COMPLEX_ASSEMBLY	11		Rejected!	
GOBP_NUCLEAR_PORE_LOCALIZATION	5		Rejected!	
GOBP_NUCLEAR_PORE_ORGANIZATION	15	15		
GOBP_NUCLEAR_RECEPTOR_MEDIATED_CORTICOSTEROID_SIGNALING_PATHWAY	14		Rejected!	
GOBP_NUCLEAR_RECEPTOR_MEDIATED_SIGNALING_PATHWAY	211	170		
GOBP_NUCLEAR_TRANSCRIBED_MRNA_CATABOLIC_PROCESS	129	112		
GOBP_NUCLEAR_TRANSCRIBED_MRNA_CATABOLIC_PROCESS_DEADENYLATION_DEPENDENT_DECAY	58	49		
GOBP_NUCLEAR_TRANSCRIBED_MRNA_CATABOLIC_PROCESS_DEADENYLATION_INDEPENDENT_DECAY	7		Rejected!	
GOBP_NUCLEAR_TRANSCRIBED_MRNA_CATABOLIC_PROCESS_NONSENSE_MEDIATED_DECAY	45	38		
GOBP_NUCLEAR_TRANSCRIBED_MRNA_CATABOLIC_PROCESS_NO_GO_DECAY	6		Rejected!	
GOBP_NUCLEAR_TRANSCRIBED_MRNA_POLY_A_TAIL_SHORTENING	32	28		
GOBP_NUCLEAR_TRANSPORT	342	307		
GOBP_NUCLEIC_ACID_CATABOLIC_PROCESS	464	302		
GOBP_NUCLEOBASE_BIOSYNTHETIC_PROCESS	18	17		
GOBP_NUCLEOBASE_CATABOLIC_PROCESS	10		Rejected!	
GOBP_NUCLEOBASE_CONTAINING_COMPOUND_CATABOLIC_PROCESS	657	474		
GOBP_NUCLEOBASE_CONTAINING_COMPOUND_TRANSPORT	237	200		
GOBP_NUCLEOBASE_CONTAINING_SMALL_MOLECULE_BIOSYNTHETIC_PROCESS	19	18		
GOBP_NUCLEOBASE_CONTAINING_SMALL_MOLECULE_CATABOLIC_PROCESS	24	22		
GOBP_NUCLEOBASE_CONTAINING_SMALL_MOLECULE_INTERCONVERSION	8		Rejected!	
GOBP_NUCLEOBASE_CONTAINING_SMALL_MOLECULE_METABOLIC_PROCESS	686		Rejected!	
GOBP_NUCLEOBASE_METABOLIC_PROCESS	40	38		
GOBP_NUCLEOBASE_TRANSPORT	13		Rejected!	
GOBP_NUCLEOLAR_CHROMATIN_ORGANIZATION	11		Rejected!	
GOBP_NUCLEOLAR_LARGE_RRNA_TRANSCRIPTION_BY_RNA_POLYMERASE_I	24	22		
GOBP_NUCLEOLUS_ORGANIZATION	18	17		
GOBP_NUCLEOPHAGY	23	22		
GOBP_NUCLEOSIDE_CATABOLIC_PROCESS	20	18		
GOBP_NUCLEOSIDE_DIPHOSPHATE_BIOSYNTHETIC_PROCESS	14		Rejected!	
GOBP_NUCLEOSIDE_DIPHOSPHATE_CATABOLIC_PROCESS	109	93		
GOBP_NUCLEOSIDE_DIPHOSPHATE_METABOLIC_PROCESS	135	119		
GOBP_NUCLEOSIDE_METABOLIC_PROCESS	50	44		
GOBP_NUCLEOSIDE_MONOPHOSPHATE_BIOSYNTHETIC_PROCESS	43	35		
GOBP_NUCLEOSIDE_MONOPHOSPHATE_CATABOLIC_PROCESS	19	18		
GOBP_NUCLEOSIDE_MONOPHOSPHATE_METABOLIC_PROCESS	77	69		
GOBP_NUCLEOSIDE_MONOPHOSPHATE_PHOSPHORYLATION	10		Rejected!	
GOBP_NUCLEOSIDE_PHOSPHATE_BIOSYNTHETIC_PROCESS	318	277		
GOBP_NUCLEOSIDE_PHOSPHATE_CATABOLIC_PROCESS	186	164		
GOBP_NUCLEOSIDE_SALVAGE	12		Rejected!	
GOBP_NUCLEOSIDE_TRANSMEMBRANE_TRANSPORT	8		Rejected!	
GOBP_NUCLEOSIDE_TRANSPORT	10		Rejected!	
GOBP_NUCLEOSIDE_TRIPHOSPHATE_BIOSYNTHETIC_PROCESS	129	112		
GOBP_NUCLEOSIDE_TRIPHOSPHATE_CATABOLIC_PROCESS	12		Rejected!	
GOBP_NUCLEOSIDE_TRIPHOSPHATE_METABOLIC_PROCESS	283	245		
GOBP_NUCLEOSOME_ORGANIZATION	139	97		
GOBP_NUCLEOTIDE_BINDING_DOMAIN_LEUCINE_RICH_REPEAT_CONTAINING_RECEPTOR_SIGNALING_PATHWAY	30	23		
GOBP_NUCLEOTIDE_BINDING_OLIGOMERIZATION_DOMAIN_CONTAINING_1_SIGNALING_PATHWAY	8		Rejected!	
GOBP_NUCLEOTIDE_BINDING_OLIGOMERIZATION_DOMAIN_CONTAINING_2_SIGNALING_PATHWAY	20	16		
GOBP_NUCLEOTIDE_BIOSYNTHETIC_PROCESS	227	195		
GOBP_NUCLEOTIDE_EXCISION_REPAIR	88	78		
GOBP_NUCLEOTIDE_EXCISION_REPAIR_DNA_GAP_FILLING	6		Rejected!	
GOBP_NUCLEOTIDE_METABOLIC_PROCESS	500	429		
GOBP_NUCLEOTIDE_SALVAGE	18	15		
GOBP_NUCLEOTIDE_SUGAR_BIOSYNTHETIC_PROCESS	30	29		
GOBP_NUCLEOTIDE_SUGAR_METABOLIC_PROCESS	46	43		
GOBP_NUCLEOTIDE_SUGAR_TRANSMEMBRANE_TRANSPORT	13		Rejected!	
GOBP_NUCLEOTIDE_TRANSMEMBRANE_TRANSPORT	28	23		
GOBP_NUCLEOTIDE_TRANSPORT	48	38		
GOBP_NUCLEUS_LOCALIZATION	33	30		
GOBP_NUCLEUS_ORGANIZATION	159	133		
GOBP_NUTRIENT_STORAGE	100	78		
GOBP_N_ACETYLGLUCOSAMINE_METABOLIC_PROCESS	19	19		
GOBP_N_ACETYLNEURAMINATE_CATABOLIC_PROCESS	6		Rejected!	
GOBP_N_ACETYLNEURAMINATE_METABOLIC_PROCESS	13		Rejected!	
GOBP_N_ACYLETHANOLAMINE_METABOLIC_PROCESS	5		Rejected!	
GOBP_N_ACYLPHOSPHATIDYLETHANOLAMINE_METABOLIC_PROCESS	9		Rejected!	
GOBP_N_GLYCAN_FUCOSYLATION	5		Rejected!	
GOBP_N_GLYCAN_PROCESSING	22	20		
GOBP_N_TERMINAL_PROTEIN_AMINO_ACID_ACETYLATION	12		Rejected!	
GOBP_N_TERMINAL_PROTEIN_AMINO_ACID_MODIFICATION	20	18		
GOBP_N_TERMINAL_PROTEIN_LIPIDATION	6		Rejected!	
GOBP_OBSERVATIONAL_LEARNING	9		Rejected!	
GOBP_ODONTOBLAST_DIFFERENTIATION	18	16		
GOBP_ODONTOGENESIS	131	106		
GOBP_ODONTOGENESIS_OF_DENTIN_CONTAINING_TOOTH	89	66		
GOBP_OLEFINIC_COMPOUND_BIOSYNTHETIC_PROCESS	31	25		
GOBP_OLEFINIC_COMPOUND_METABOLIC_PROCESS	166	119		
GOBP_OLFACTORY_BEHAVIOR	11		Rejected!	
GOBP_OLFACTORY_BULB_INTERNEURON_DEVELOPMENT	9		Rejected!	
GOBP_OLFACTORY_BULB_INTERNEURON_DIFFERENTIATION	14		Rejected!	
GOBP_OLFACTORY_LOBE_DEVELOPMENT	39	37		
GOBP_OLFACTORY_NERVE_DEVELOPMENT	7		Rejected!	
GOBP_OLIGODENDROCYTE_APOPTOTIC_PROCESS	5		Rejected!	
GOBP_OLIGODENDROCYTE_DEVELOPMENT	49	46		
GOBP_OLIGODENDROCYTE_DIFFERENTIATION	109	99		
GOBP_OLIGODENDROCYTE_PROGENITOR_PROLIFERATION	7		Rejected!	
GOBP_OLIGOPEPTIDE_IMPORT_ACROSS_PLASMA_MEMBRANE	5		Rejected!	
GOBP_OLIGOPEPTIDE_TRANSPORT	19	17		
GOBP_OLIGOSACCHARIDE_BIOSYNTHETIC_PROCESS	27	20		
GOBP_OLIGOSACCHARIDE_CATABOLIC_PROCESS	16		Rejected!	
GOBP_OLIGOSACCHARIDE_METABOLIC_PROCESS	64	46		
GOBP_OMEGA_HYDROXYLASE_P450_PATHWAY	12		Rejected!	
GOBP_ONCOGENE_INDUCED_CELL_SENESCENCE	7		Rejected!	
GOBP_ONE_CARBON_COMPOUND_TRANSPORT	25		Rejected!	
GOBP_ONE_CARBON_METABOLIC_PROCESS	24	21		
GOBP_OOCYTE_ANTERIOR_POSTERIOR_AXIS_SPECIFICATION	6		Rejected!	
GOBP_OOCYTE_CONSTRUCTION	8		Rejected!	
GOBP_OOCYTE_DIFFERENTIATION	69	55		
GOBP_OOCYTE_MATURATION	37	30		
GOBP_OOGENESIS	116	88		
GOBP_OPSONIZATION	17		Rejected!	
GOBP_OPTIC_CUP_MORPHOGENESIS_INVOLVED_IN_CAMERA_TYPE_EYE_DEVELOPMENT	7		Rejected!	
GOBP_OPTIC_NERVE_DEVELOPMENT	19	18		
GOBP_OPTIC_NERVE_MORPHOGENESIS	6		Rejected!	
GOBP_ORGANELLE_ASSEMBLY	1083		Rejected!	
GOBP_ORGANELLE_DISASSEMBLY	73	69		
GOBP_ORGANELLE_FISSION	510	430		
GOBP_ORGANELLE_FUSION	184	166		
GOBP_ORGANELLE_INHERITANCE	16	15		
GOBP_ORGANELLE_LOCALIZATION	619		Rejected!	
GOBP_ORGANELLE_MEMBRANE_FUSION	138	125		
GOBP_ORGANELLE_TRANSPORT_ALONG_MICROTUBULE	93	83		
GOBP_ORGANIC_ACID_BIOSYNTHETIC_PROCESS	334	262		
GOBP_ORGANIC_ACID_CATABOLIC_PROCESS	246	213		
GOBP_ORGANIC_ACID_METABOLIC_PROCESS	929		Rejected!	
GOBP_ORGANIC_ACID_TRANSMEMBRANE_TRANSPORT	159	130		
GOBP_ORGANIC_ACID_TRANSPORT	358	282		
GOBP_ORGANIC_ANION_TRANSPORT	467	360		
GOBP_ORGANIC_CATION_TRANSPORT	121	97		
GOBP_ORGANIC_HYDROXY_COMPOUND_TRANSPORT	297	217		
GOBP_ORGANISM_EMERGENCE_FROM_PROTECTIVE_STRUCTURE	30	27		
GOBP_ORGANOPHOSPHATE_BIOSYNTHETIC_PROCESS	611		Rejected!	
GOBP_ORGANOPHOSPHATE_CATABOLIC_PROCESS	248	213		
GOBP_ORGANOPHOSPHATE_ESTER_TRANSPORT	179	146		
GOBP_ORGANOPHOSPHATE_METABOLIC_PROCESS	1076		Rejected!	
GOBP_ORGAN_GROWTH	188	143		
GOBP_ORGAN_INDUCTION	23	22		
GOBP_ORGAN_OR_TISSUE_SPECIFIC_IMMUNE_RESPONSE	43	19		
GOBP_ORNITHINE_METABOLIC_PROCESS	8		Rejected!	
GOBP_ORNITHINE_TRANSPORT	7		Rejected!	
GOBP_OSMOSENSORY_SIGNALING_PATHWAY	9		Rejected!	
GOBP_OSSIFICATION	456	369		
GOBP_OSTEOBLAST_DEVELOPMENT	18	15		
GOBP_OSTEOBLAST_DIFFERENTIATION	267	204		
GOBP_OSTEOBLAST_PROLIFERATION	36	28		
GOBP_OSTEOCLAST_DIFFERENTIATION	116	83		
GOBP_OSTEOCLAST_FUSION	6		Rejected!	
GOBP_OSTEOCLAST_PROLIFERATION	12		Rejected!	
GOBP_OTIC_VESICLE_DEVELOPMENT	16	15		
GOBP_OTIC_VESICLE_FORMATION	8		Rejected!	
GOBP_OTIC_VESICLE_MORPHOGENESIS	10		Rejected!	
GOBP_OTOLITH_DEVELOPMENT	10		Rejected!	
GOBP_OTOLITH_MORPHOGENESIS	5		Rejected!	
GOBP_OUTER_DYNEIN_ARM_ASSEMBLY	23	20		
GOBP_OUTER_EAR_MORPHOGENESIS	9		Rejected!	
GOBP_OUTFLOW_TRACT_MORPHOGENESIS	86	74		
GOBP_OUTFLOW_TRACT_SEPTUM_MORPHOGENESIS	28	24		
GOBP_OVARIAN_FOLLICLE_DEVELOPMENT	62	54		
GOBP_OVIDUCT_DEVELOPMENT	6		Rejected!	
GOBP_OVULATION	17	15		
GOBP_OVULATION_CYCLE	68	58		
GOBP_OVULATION_CYCLE_PROCESS	50	41		
GOBP_OVULATION_FROM_OVARIAN_FOLLICLE	10		Rejected!	
GOBP_OXALATE_TRANSPORT	12		Rejected!	
GOBP_OXALOACETATE_METABOLIC_PROCESS	11		Rejected!	
GOBP_OXIDATIVE_DEMETHYLATION	10		Rejected!	
GOBP_OXIDATIVE_PHOSPHORYLATION	151	128		
GOBP_OXYGEN_METABOLIC_PROCESS	8		Rejected!	
GOBP_OXYGEN_TRANSPORT	15		Rejected!	
GOBP_O_GLYCAN_PROCESSING	39	32		
GOBP_P38MAPK_CASCADE	60	42		
GOBP_PALLIUM_DEVELOPMENT	197	175		
GOBP_PANCREAS_DEVELOPMENT	81	69		
GOBP_PANCREATIC_A_CELL_DIFFERENTIATION	10		Rejected!	
GOBP_PANCREATIC_JUICE_SECRETION	11		Rejected!	
GOBP_PANTOTHENATE_METABOLIC_PROCESS	7		Rejected!	
GOBP_PARACELLULAR_TRANSPORT	7		Rejected!	
GOBP_PARACRINE_SIGNALING	7		Rejected!	
GOBP_PARALLEL_ACTIN_FILAMENT_BUNDLE_ASSEMBLY	7		Rejected!	
GOBP_PARANODAL_JUNCTION_ASSEMBLY	6		Rejected!	
GOBP_PARASYMPATHETIC_NERVOUS_SYSTEM_DEVELOPMENT	19	16		
GOBP_PARATHYROID_GLAND_DEVELOPMENT	7		Rejected!	
GOBP_PARAXIAL_MESODERM_DEVELOPMENT	20	16		
GOBP_PARAXIAL_MESODERM_FORMATION	7		Rejected!	
GOBP_PARAXIAL_MESODERM_MORPHOGENESIS	11		Rejected!	
GOBP_PARENTAL_BEHAVIOR	16		Rejected!	
GOBP_PARTURITION	14		Rejected!	
GOBP_PATTERN_SPECIFICATION_INVOLVED_IN_KIDNEY_DEVELOPMENT	8		Rejected!	
GOBP_PATTERN_SPECIFICATION_PROCESS	484	420		
GOBP_PENETRATION_OF_ZONA_PELLUCIDA	11		Rejected!	
GOBP_PENILE_ERECTION	5		Rejected!	
GOBP_PENTOSE_METABOLIC_PROCESS	13		Rejected!	
GOBP_PENTOSE_PHOSPHATE_SHUNT	20	17		
GOBP_PENTOSE_PHOSPHATE_SHUNT_NON_OXIDATIVE_BRANCH	6		Rejected!	
GOBP_PEPTIDE_ANTIGEN_ASSEMBLY_WITH_MHC_CLASS_II_PROTEIN_COMPLEX	16		Rejected!	
GOBP_PEPTIDE_ANTIGEN_ASSEMBLY_WITH_MHC_CLASS_I_PROTEIN_COMPLEX	6		Rejected!	
GOBP_PEPTIDE_ANTIGEN_ASSEMBLY_WITH_MHC_PROTEIN_COMPLEX	21	16		
GOBP_PEPTIDE_BIOSYNTHETIC_PROCESS	26	23		
GOBP_PEPTIDE_CATABOLIC_PROCESS	20	18		
GOBP_PEPTIDE_CROSS_LINKING	21		Rejected!	
GOBP_PEPTIDE_METABOLIC_PROCESS	65	55		
GOBP_PEPTIDE_MODIFICATION	8		Rejected!	
GOBP_PEPTIDE_TRANSPORT	291	233		
GOBP_PEPTIDOGLYCAN_METABOLIC_PROCESS	6		Rejected!	
GOBP_PEPTIDYL_AMINO_ACID_MODIFICATION	440	371		
GOBP_PEPTIDYL_ARGININE_METHYLATION	5		Rejected!	
GOBP_PEPTIDYL_CYSTEINE_MODIFICATION	22	19		
GOBP_PEPTIDYL_GLUTAMIC_ACID_MODIFICATION	21	18		
GOBP_PEPTIDYL_HISTIDINE_MODIFICATION	9		Rejected!	
GOBP_PEPTIDYL_LYSINE_ACETYLATION	16		Rejected!	
GOBP_PEPTIDYL_LYSINE_DEACETYLATION	5		Rejected!	
GOBP_PEPTIDYL_LYSINE_DIMETHYLATION	5		Rejected!	
GOBP_PEPTIDYL_LYSINE_HYDROXYLATION	8		Rejected!	
GOBP_PEPTIDYL_LYSINE_METHYLATION	18	16		
GOBP_PEPTIDYL_LYSINE_MODIFICATION	130	107		
GOBP_PEPTIDYL_LYSINE_MONOMETHYLATION	7		Rejected!	
GOBP_PEPTIDYL_LYSINE_TRIMETHYLATION	7		Rejected!	
GOBP_PEPTIDYL_L_CYSTEINE_S_PALMITOYLATION	15		Rejected!	
GOBP_PEPTIDYL_PROLINE_MODIFICATION	8		Rejected!	
GOBP_PEPTIDYL_SERINE_AUTOPHOSPHORYLATION	6		Rejected!	
GOBP_PEPTIDYL_SERINE_MODIFICATION	93	78		
GOBP_PEPTIDYL_THREONINE_DEPHOSPHORYLATION	10		Rejected!	
GOBP_PEPTIDYL_THREONINE_MODIFICATION	50	42		
GOBP_PEPTIDYL_THREONINE_PHOSPHORYLATION	40	35		
GOBP_PEPTIDYL_TYROSINE_AUTOPHOSPHORYLATION	11		Rejected!	
GOBP_PEPTIDYL_TYROSINE_DEPHOSPHORYLATION	22	17		
GOBP_PEPTIDYL_TYROSINE_MODIFICATION	131	111		
GOBP_PERICARDIUM_DEVELOPMENT	18	15		
GOBP_PERICARDIUM_MORPHOGENESIS	8		Rejected!	
GOBP_PERICENTRIC_HETEROCHROMATIN_FORMATION	5		Rejected!	
GOBP_PERICYTE_CELL_DIFFERENTIATION	12		Rejected!	
GOBP_PERIPHERAL_NERVOUS_SYSTEM_AXON_ENSHEATHMENT	30	28		
GOBP_PERIPHERAL_NERVOUS_SYSTEM_AXON_REGENERATION	10		Rejected!	
GOBP_PERIPHERAL_NERVOUS_SYSTEM_DEVELOPMENT	89	79		
GOBP_PERIPHERAL_NERVOUS_SYSTEM_MYELIN_MAINTENANCE	9		Rejected!	
GOBP_PERIPHERAL_NERVOUS_SYSTEM_NEURON_DIFFERENTIATION	16	15		
GOBP_PERISTALSIS	11		Rejected!	
GOBP_PERK_MEDIATED_UNFOLDED_PROTEIN_RESPONSE	24	21		
GOBP_PEROXISOMAL_TRANSPORT	22	22		
GOBP_PEROXISOME_FISSION	12		Rejected!	
GOBP_PEROXISOME_ORGANIZATION	39	35		
GOBP_PEROXISOME_PROLIFERATOR_ACTIVATED_RECEPTOR_SIGNALING_PATHWAY	30	23		
GOBP_PHAGOCYTOSIS	244	190		
GOBP_PHAGOCYTOSIS_ENGULFMENT	48	36		
GOBP_PHAGOCYTOSIS_RECOGNITION	29	21		
GOBP_PHAGOLYSOSOME_ASSEMBLY	19	19		
GOBP_PHAGOSOME_ACIDIFICATION	7		Rejected!	
GOBP_PHAGOSOME_LYSOSOME_FUSION	14		Rejected!	
GOBP_PHAGOSOME_MATURATION	31	29		
GOBP_PHARYNGEAL_ARCH_ARTERY_MORPHOGENESIS	11		Rejected!	
GOBP_PHARYNGEAL_SYSTEM_DEVELOPMENT	32	27		
GOBP_PHASIC_SMOOTH_MUSCLE_CONTRACTION	23	18		
GOBP_PHENOL_CONTAINING_COMPOUND_BIOSYNTHETIC_PROCESS	49	40		
GOBP_PHENOL_CONTAINING_COMPOUND_CATABOLIC_PROCESS	15		Rejected!	
GOBP_PHENOL_CONTAINING_COMPOUND_METABOLIC_PROCESS	116	92		
GOBP_PHENOTYPIC_SWITCHING	17		Rejected!	
GOBP_PHENYLPROPANOID_METABOLIC_PROCESS	7		Rejected!	
GOBP_PHOSPHAGEN_METABOLIC_PROCESS	5		Rejected!	
GOBP_PHOSPHATE_ION_HOMEOSTASIS	20		Rejected!	
GOBP_PHOSPHATE_ION_TRANSMEMBRANE_TRANSPORT	15		Rejected!	
GOBP_PHOSPHATE_ION_TRANSPORT	27	19		
GOBP_PHOSPHATIDIC_ACID_METABOLIC_PROCESS	39	35		
GOBP_PHOSPHATIDYLCHOLINE_ACYL_CHAIN_REMODELING	15		Rejected!	
GOBP_PHOSPHATIDYLCHOLINE_BIOSYNTHETIC_PROCESS	27	25		
GOBP_PHOSPHATIDYLCHOLINE_CATABOLIC_PROCESS	16		Rejected!	
GOBP_PHOSPHATIDYLCHOLINE_METABOLIC_PROCESS	75	62		
GOBP_PHOSPHATIDYLETHANOLAMINE_ACYL_CHAIN_REMODELING	12		Rejected!	
GOBP_PHOSPHATIDYLETHANOLAMINE_BIOSYNTHETIC_PROCESS	9		Rejected!	
GOBP_PHOSPHATIDYLETHANOLAMINE_METABOLIC_PROCESS	28	24		
GOBP_PHOSPHATIDYLGLYCEROL_ACYL_CHAIN_REMODELING	9		Rejected!	
GOBP_PHOSPHATIDYLGLYCEROL_BIOSYNTHETIC_PROCESS	6		Rejected!	
GOBP_PHOSPHATIDYLGLYCEROL_METABOLIC_PROCESS	37	29		
GOBP_PHOSPHATIDYLINOSITOL_3_KINASE_PROTEIN_KINASE_B_SIGNAL_TRANSDUCTION	341	265		
GOBP_PHOSPHATIDYLINOSITOL_3_PHOSPHATE_BIOSYNTHETIC_PROCESS	23	18		
GOBP_PHOSPHATIDYLINOSITOL_ACYL_CHAIN_REMODELING	6		Rejected!	
GOBP_PHOSPHATIDYLINOSITOL_BIOSYNTHETIC_PROCESS	120	105		
GOBP_PHOSPHATIDYLINOSITOL_DEPHOSPHORYLATION	29	26		
GOBP_PHOSPHATIDYLINOSITOL_MEDIATED_SIGNALING	24	19		
GOBP_PHOSPHATIDYLINOSITOL_METABOLIC_PROCESS	152	133		
GOBP_PHOSPHATIDYLINOSITOL_PHOSPHATE_BIOSYNTHETIC_PROCESS	56	49		
GOBP_PHOSPHATIDYLSERINE_ACYL_CHAIN_REMODELING	9		Rejected!	
GOBP_PHOSPHATIDYLSERINE_EXPOSURE_ON_APOPTOTIC_CELL_SURFACE	9		Rejected!	
GOBP_PHOSPHATIDYLSERINE_METABOLIC_PROCESS	23	20		
GOBP_PHOSPHOLIPASE_C_ACTIVATING_DOPAMINE_RECEPTOR_SIGNALING_PATHWAY	8		Rejected!	
GOBP_PHOSPHOLIPASE_C_ACTIVATING_G_PROTEIN_COUPLED_ACETYLCHOLINE_RECEPTOR_SIGNALING_PATHWAY	8		Rejected!	
GOBP_PHOSPHOLIPASE_C_ACTIVATING_G_PROTEIN_COUPLED_RECEPTOR_SIGNALING_PATHWAY	147	122		
GOBP_PHOSPHOLIPASE_C_ACTIVATING_SEROTONIN_RECEPTOR_SIGNALING_PATHWAY	6		Rejected!	
GOBP_PHOSPHOLIPASE_C_PROTEIN_KINASE_C_SIGNAL_TRANSDUCTION	13		Rejected!	
GOBP_PHOSPHOLIPID_BIOSYNTHETIC_PROCESS	247	220		
GOBP_PHOSPHOLIPID_CATABOLIC_PROCESS	56	44		
GOBP_PHOSPHOLIPID_DEPHOSPHORYLATION	43	39		
GOBP_PHOSPHOLIPID_EFFLUX	14		Rejected!	
GOBP_PHOSPHOLIPID_HOMEOSTASIS	17		Rejected!	
GOBP_PHOSPHOLIPID_METABOLIC_PROCESS	383	326		
GOBP_PHOSPHOLIPID_TRANSLOCATION	56	49		
GOBP_PHOSPHOLIPID_TRANSPORT	108	88		
GOBP_PHOSPHORUS_METABOLIC_PROCESS	1900		Rejected!	
GOBP_PHOSPHORYLATION	797		Rejected!	
GOBP_PHOTOPERIODISM	29	24		
GOBP_PHOTORECEPTOR_CELL_DEVELOPMENT	54	47		
GOBP_PHOTORECEPTOR_CELL_DIFFERENTIATION	73	64		
GOBP_PHOTORECEPTOR_CELL_MAINTENANCE	45	40		
GOBP_PHOTORECEPTOR_CELL_MORPHOGENESIS	5		Rejected!	
GOBP_PHOTORECEPTOR_CELL_OUTER_SEGMENT_ORGANIZATION	13		Rejected!	
GOBP_PHOTOTRANSDUCTION	55	35		
GOBP_PHOTOTRANSDUCTION_VISIBLE_LIGHT	23	16		
GOBP_PHYLLOQUINONE_METABOLIC_PROCESS	7		Rejected!	
GOBP_PHYSIOLOGICAL_CARDIAC_MUSCLE_HYPERTROPHY	32	23		
GOBP_PH_REDUCTION	7		Rejected!	
GOBP_PIECEMEAL_MICROAUTOPHAGY_OF_THE_NUCLEUS	18	17		
GOBP_PIGMENTATION	115	106		
GOBP_PIGMENT_ACCUMULATION	12		Rejected!	
GOBP_PIGMENT_BIOSYNTHETIC_PROCESS	58	51		
GOBP_PIGMENT_CATABOLIC_PROCESS	11		Rejected!	
GOBP_PIGMENT_CELL_DIFFERENTIATION	35	32		
GOBP_PIGMENT_GRANULE_LOCALIZATION	26	24		
GOBP_PIGMENT_GRANULE_MATURATION	10		Rejected!	
GOBP_PIGMENT_GRANULE_ORGANIZATION	40	39		
GOBP_PIGMENT_METABOLIC_PROCESS	81	65		
GOBP_PINOCYTOSIS	23	23		
GOBP_PIRNA_MEDIATED_HETEROCHROMATIN_FORMATION	16		Rejected!	
GOBP_PIRNA_PROCESSING	22		Rejected!	
GOBP_PITUITARY_GLAND_DEVELOPMENT	43	37		
GOBP_PLACENTA_BLOOD_VESSEL_DEVELOPMENT	34	29		
GOBP_PLACENTA_DEVELOPMENT	161	134		
GOBP_PLASMA_CELL_DIFFERENTIATION	11		Rejected!	
GOBP_PLASMA_LIPOPROTEIN_PARTICLE_CLEARANCE	61	33		
GOBP_PLASMA_MEMBRANE_FUSION	35		Rejected!	
GOBP_PLASMA_MEMBRANE_LACTATE_TRANSPORT	5		Rejected!	
GOBP_PLASMA_MEMBRANE_ORGANIZATION	180	137		
GOBP_PLASMA_MEMBRANE_PHOSPHOLIPID_SCRAMBLING	30	24		
GOBP_PLASMA_MEMBRANE_RAFT_ASSEMBLY	10		Rejected!	
GOBP_PLASMA_MEMBRANE_RAFT_ORGANIZATION	14		Rejected!	
GOBP_PLASMA_MEMBRANE_REPAIR	30	26		
GOBP_PLASMA_MEMBRANE_TO_ENDOSOME_TRANSPORT	9		Rejected!	
GOBP_PLASMA_MEMBRANE_TUBULATION	19	18		
GOBP_PLASMINOGEN_ACTIVATION	26	19		
GOBP_PLATELET_ACTIVATING_FACTOR_METABOLIC_PROCESS	8		Rejected!	
GOBP_PLATELET_ACTIVATION	142	116		
GOBP_PLATELET_AGGREGATION	78	65		
GOBP_PLATELET_DEGRANULATION	8		Rejected!	
GOBP_PLATELET_DENSE_GRANULE_ORGANIZATION	25	24		
GOBP_PLATELET_DERIVED_GROWTH_FACTOR_RECEPTOR_ALPHA_SIGNALING_PATHWAY	7		Rejected!	
GOBP_PLATELET_DERIVED_GROWTH_FACTOR_RECEPTOR_BETA_SIGNALING_PATHWAY	15		Rejected!	
GOBP_PLATELET_DERIVED_GROWTH_FACTOR_RECEPTOR_SIGNALING_PATHWAY	62	54		
GOBP_PLATELET_MORPHOGENESIS	27	19		
GOBP_PLUS_END_DIRECTED_ORGANELLE_TRANSPORT_ALONG_MICROTUBULE	7		Rejected!	
GOBP_PML_BODY_ORGANIZATION	7		Rejected!	
GOBP_PODOCYTE_CELL_MIGRATION	7		Rejected!	
GOBP_PODOSOME_ASSEMBLY	22	18		
GOBP_POINTED_END_ACTIN_FILAMENT_CAPPING	7		Rejected!	
GOBP_POLARIZED_EPITHELIAL_CELL_DIFFERENTIATION	27	26		
GOBP_POLAR_BODY_EXTRUSION_AFTER_MEIOTIC_DIVISIONS	5		Rejected!	
GOBP_POLYAMINE_BIOSYNTHETIC_PROCESS	14		Rejected!	
GOBP_POLYAMINE_METABOLIC_PROCESS	19	15		
GOBP_POLYAMINE_TRANSPORT	16		Rejected!	
GOBP_POLYKETIDE_METABOLIC_PROCESS	10		Rejected!	
GOBP_POLYOL_BIOSYNTHETIC_PROCESS	62	52		
GOBP_POLYOL_CATABOLIC_PROCESS	10		Rejected!	
GOBP_POLYOL_METABOLIC_PROCESS	109	85		
GOBP_POLYOL_TRANSMEMBRANE_TRANSPORT	11		Rejected!	
GOBP_POLYPRENOL_METABOLIC_PROCESS	10		Rejected!	
GOBP_POLYSACCHARIDE_BIOSYNTHETIC_PROCESS	59	46		
GOBP_POLYSACCHARIDE_CATABOLIC_PROCESS	30	25		
GOBP_POLYSACCHARIDE_METABOLIC_PROCESS	108	87		
GOBP_POLY_A_DEPENDENT_SNORNA_3_END_PROCESSING	8		Rejected!	
GOBP_POLY_A_PLUS_MRNA_EXPORT_FROM_NUCLEUS	25	22		
GOBP_POLY_N_ACETYLLACTOSAMINE_METABOLIC_PROCESS	10		Rejected!	
GOBP_PONS_DEVELOPMENT	11		Rejected!	
GOBP_PORE_COMPLEX_ASSEMBLY	20	20		
GOBP_PORPHYRIN_CONTAINING_COMPOUND_METABOLIC_PROCESS	54	45		
GOBP_POSITIVE_CHEMOTAXIS	72	52		
GOBP_POSITIVE_REGULATION_BY_HOST_OF_VIRAL_GENOME_REPLICATION	10		Rejected!	
GOBP_POSITIVE_REGULATION_BY_HOST_OF_VIRAL_PROCESS	21	19		
GOBP_POSITIVE_REGULATION_BY_HOST_OF_VIRAL_TRANSCRIPTION	18		Rejected!	
GOBP_POSITIVE_REGULATION_BY_SYMBIONT_OF_ENTRY_INTO_HOST	15		Rejected!	
GOBP_POSITIVE_REGULATION_OF_3_UTR_MEDIATED_MRNA_STABILIZATION	6		Rejected!	
GOBP_POSITIVE_REGULATION_OF_ACROSOME_REACTION	11		Rejected!	
GOBP_POSITIVE_REGULATION_OF_ACTIN_FILAMENT_BUNDLE_ASSEMBLY	62	54		
GOBP_POSITIVE_REGULATION_OF_ACTIN_FILAMENT_DEPOLYMERIZATION	14		Rejected!	
GOBP_POSITIVE_REGULATION_OF_ACTIN_FILAMENT_POLYMERIZATION	52	47		
GOBP_POSITIVE_REGULATION_OF_ACTIN_NUCLEATION	13		Rejected!	
GOBP_POSITIVE_REGULATION_OF_ACTION_POTENTIAL	9		Rejected!	
GOBP_POSITIVE_REGULATION_OF_ACTIVATED_T_CELL_PROLIFERATION	28	20		
GOBP_POSITIVE_REGULATION_OF_ACTIVIN_RECEPTOR_SIGNALING_PATHWAY	6		Rejected!	
GOBP_POSITIVE_REGULATION_OF_ACUTE_INFLAMMATORY_RESPONSE	28	19		
GOBP_POSITIVE_REGULATION_OF_ACUTE_INFLAMMATORY_RESPONSE_TO_ANTIGENIC_STIMULUS	8		Rejected!	
GOBP_POSITIVE_REGULATION_OF_ADAPTIVE_IMMUNE_RESPONSE	136	94		
GOBP_POSITIVE_REGULATION_OF_ADENYLATE_CYCLASE_ACTIVATING_G_PROTEIN_COUPLED_RECEPTOR_SIGNALING_PATHWAY	6		Rejected!	
GOBP_POSITIVE_REGULATION_OF_ADIPOSE_TISSUE_DEVELOPMENT	11		Rejected!	
GOBP_POSITIVE_REGULATION_OF_AGGREPHAGY	6		Rejected!	
GOBP_POSITIVE_REGULATION_OF_ALCOHOL_BIOSYNTHETIC_PROCESS	31	22		
GOBP_POSITIVE_REGULATION_OF_ALPHA_BETA_T_CELL_ACTIVATION	76	46		
GOBP_POSITIVE_REGULATION_OF_ALPHA_BETA_T_CELL_DIFFERENTIATION	57	36		
GOBP_POSITIVE_REGULATION_OF_ALPHA_BETA_T_CELL_PROLIFERATION	24		Rejected!	
GOBP_POSITIVE_REGULATION_OF_AMIDE_METABOLIC_PROCESS	31	24		
GOBP_POSITIVE_REGULATION_OF_AMINE_METABOLIC_PROCESS	7		Rejected!	
GOBP_POSITIVE_REGULATION_OF_AMINE_TRANSPORT	39	31		
GOBP_POSITIVE_REGULATION_OF_AMINO_ACID_TRANSPORT	22	17		
GOBP_POSITIVE_REGULATION_OF_AMYLOID_BETA_CLEARANCE	8		Rejected!	
GOBP_POSITIVE_REGULATION_OF_AMYLOID_BETA_FORMATION	21	17		
GOBP_POSITIVE_REGULATION_OF_AMYLOID_FIBRIL_FORMATION	5		Rejected!	
GOBP_POSITIVE_REGULATION_OF_AMYLOID_PRECURSOR_PROTEIN_CATABOLIC_PROCESS	27	23		
GOBP_POSITIVE_REGULATION_OF_ANIMAL_ORGAN_MORPHOGENESIS	35	33		
GOBP_POSITIVE_REGULATION_OF_ANOIKIS	7		Rejected!	
GOBP_POSITIVE_REGULATION_OF_ANTIGEN_PROCESSING_AND_PRESENTATION	10		Rejected!	
GOBP_POSITIVE_REGULATION_OF_ANTIGEN_RECEPTOR_MEDIATED_SIGNALING_PATHWAY	28	21		
GOBP_POSITIVE_REGULATION_OF_ANTIMICROBIAL_HUMORAL_RESPONSE	7		Rejected!	
GOBP_POSITIVE_REGULATION_OF_APOPTOTIC_CELL_CLEARANCE	8		Rejected!	
GOBP_POSITIVE_REGULATION_OF_APOPTOTIC_PROCESS_INVOLVED_IN_DEVELOPMENT	8		Rejected!	
GOBP_POSITIVE_REGULATION_OF_APOPTOTIC_SIGNALING_PATHWAY	154	127		
GOBP_POSITIVE_REGULATION_OF_ARACHIDONATE_SECRETION	5		Rejected!	
GOBP_POSITIVE_REGULATION_OF_ARP2_3_COMPLEX_MEDIATED_ACTIN_NUCLEATION	8		Rejected!	
GOBP_POSITIVE_REGULATION_OF_ARTERY_MORPHOGENESIS	7		Rejected!	
GOBP_POSITIVE_REGULATION_OF_ASTROCYTE_DIFFERENTIATION	13		Rejected!	
GOBP_POSITIVE_REGULATION_OF_ATP_DEPENDENT_ACTIVITY	23	19		
GOBP_POSITIVE_REGULATION_OF_ATTACHMENT_OF_MITOTIC_SPINDLE_MICROTUBULES_TO_KINETOCHORE	8		Rejected!	
GOBP_POSITIVE_REGULATION_OF_ATTACHMENT_OF_SPINDLE_MICROTUBULES_TO_KINETOCHORE	11		Rejected!	
GOBP_POSITIVE_REGULATION_OF_AUTOPHAGOSOME_ASSEMBLY	20	18		
GOBP_POSITIVE_REGULATION_OF_AUTOPHAGOSOME_MATURATION	7		Rejected!	
GOBP_POSITIVE_REGULATION_OF_AUTOPHAGY	162	144		
GOBP_POSITIVE_REGULATION_OF_AUTOPHAGY_OF_MITOCHONDRION	27	25		
GOBP_POSITIVE_REGULATION_OF_AXONOGENESIS	77	70		
GOBP_POSITIVE_REGULATION_OF_AXON_EXTENSION	39	36		
GOBP_POSITIVE_REGULATION_OF_AXON_EXTENSION_INVOLVED_IN_AXON_GUIDANCE	7		Rejected!	
GOBP_POSITIVE_REGULATION_OF_BEHAVIOR	29	22		
GOBP_POSITIVE_REGULATION_OF_BICELLULAR_TIGHT_JUNCTION_ASSEMBLY	10		Rejected!	
GOBP_POSITIVE_REGULATION_OF_BINDING	72	69		
GOBP_POSITIVE_REGULATION_OF_BIOMINERAL_TISSUE_DEVELOPMENT	54	44		
GOBP_POSITIVE_REGULATION_OF_BLOOD_BRAIN_BARRIER_PERMEABILITY	5		Rejected!	
GOBP_POSITIVE_REGULATION_OF_BLOOD_CIRCULATION	40	35		
GOBP_POSITIVE_REGULATION_OF_BLOOD_PRESSURE	37	25		
GOBP_POSITIVE_REGULATION_OF_BLOOD_VESSEL_BRANCHING	6		Rejected!	
GOBP_POSITIVE_REGULATION_OF_BLOOD_VESSEL_ENDOTHELIAL_CELL_MIGRATION	80	48		
GOBP_POSITIVE_REGULATION_OF_BLOOD_VESSEL_ENDOTHELIAL_CELL_PROLIFERATION_INVOLVED_IN_SPROUTING_ANGIOGENESIS	23		Rejected!	
GOBP_POSITIVE_REGULATION_OF_BLOOD_VESSEL_REMODELING	6		Rejected!	
GOBP_POSITIVE_REGULATION_OF_BMP_SIGNALING_PATHWAY	40	33		
GOBP_POSITIVE_REGULATION_OF_BONE_MINERALIZATION	44	40		
GOBP_POSITIVE_REGULATION_OF_BONE_RESORPTION	15		Rejected!	
GOBP_POSITIVE_REGULATION_OF_BROWN_FAT_CELL_DIFFERENTIATION	16		Rejected!	
GOBP_POSITIVE_REGULATION_OF_B_CELL_ACTIVATION	87	65		
GOBP_POSITIVE_REGULATION_OF_B_CELL_DIFFERENTIATION	18		Rejected!	
GOBP_POSITIVE_REGULATION_OF_B_CELL_MEDIATED_IMMUNITY	43	27		
GOBP_POSITIVE_REGULATION_OF_B_CELL_PROLIFERATION	47	35		
GOBP_POSITIVE_REGULATION_OF_B_CELL_RECEPTOR_SIGNALING_PATHWAY	9		Rejected!	
GOBP_POSITIVE_REGULATION_OF_CALCINEURIN_MEDIATED_SIGNALING	21	15		
GOBP_POSITIVE_REGULATION_OF_CALCIUM_ION_DEPENDENT_EXOCYTOSIS	18	15		
GOBP_POSITIVE_REGULATION_OF_CALCIUM_ION_IMPORT	27	20		
GOBP_POSITIVE_REGULATION_OF_CALCIUM_ION_IMPORT_ACROSS_PLASMA_MEMBRANE	10		Rejected!	
GOBP_POSITIVE_REGULATION_OF_CALCIUM_ION_TRANSMEMBRANE_TRANSPORT	72	58		
GOBP_POSITIVE_REGULATION_OF_CALCIUM_ION_TRANSMEMBRANE_TRANSPORTER_ACTIVITY	16	16		
GOBP_POSITIVE_REGULATION_OF_CALCIUM_ION_TRANSPORT	110	86		
GOBP_POSITIVE_REGULATION_OF_CALCIUM_ION_TRANSPORT_INTO_CYTOSOL	14		Rejected!	
GOBP_POSITIVE_REGULATION_OF_CALCIUM_MEDIATED_SIGNALING	59	42		
GOBP_POSITIVE_REGULATION_OF_CAMP_PKA_SIGNAL_TRANSDUCTION	13		Rejected!	
GOBP_POSITIVE_REGULATION_OF_CANONICAL_NF_KAPPAB_SIGNAL_TRANSDUCTION	227	189		
GOBP_POSITIVE_REGULATION_OF_CANONICAL_WNT_SIGNALING_PATHWAY	116	98		
GOBP_POSITIVE_REGULATION_OF_CARBOHYDRATE_METABOLIC_PROCESS	83	69		
GOBP_POSITIVE_REGULATION_OF_CARDIAC_EPITHELIAL_TO_MESENCHYMAL_TRANSITION	9		Rejected!	
GOBP_POSITIVE_REGULATION_OF_CARDIAC_MUSCLE_ADAPTATION	10		Rejected!	
GOBP_POSITIVE_REGULATION_OF_CARDIAC_MUSCLE_CELL_DIFFERENTIATION	11		Rejected!	
GOBP_POSITIVE_REGULATION_OF_CARDIAC_MUSCLE_CELL_PROLIFERATION	33	21		
GOBP_POSITIVE_REGULATION_OF_CARDIAC_MUSCLE_CONTRACTION	9		Rejected!	
GOBP_POSITIVE_REGULATION_OF_CARDIOCYTE_DIFFERENTIATION	18		Rejected!	
GOBP_POSITIVE_REGULATION_OF_CARTILAGE_DEVELOPMENT	33	28		
GOBP_POSITIVE_REGULATION_OF_CATABOLIC_PROCESS	647	474		
GOBP_POSITIVE_REGULATION_OF_CATALYTIC_ACTIVITY	343	287		
GOBP_POSITIVE_REGULATION_OF_CATECHOLAMINE_SECRETION	12		Rejected!	
GOBP_POSITIVE_REGULATION_OF_CATION_CHANNEL_ACTIVITY	28	25		
GOBP_POSITIVE_REGULATION_OF_CD4_POSITIVE_ALPHA_BETA_T_CELL_ACTIVATION	49	27		
GOBP_POSITIVE_REGULATION_OF_CD4_POSITIVE_ALPHA_BETA_T_CELL_DIFFERENTIATION	39	23		
GOBP_POSITIVE_REGULATION_OF_CD4_POSITIVE_ALPHA_BETA_T_CELL_PROLIFERATION	10		Rejected!	
GOBP_POSITIVE_REGULATION_OF_CD8_POSITIVE_ALPHA_BETA_T_CELL_ACTIVATION	8		Rejected!	
GOBP_POSITIVE_REGULATION_OF_CD8_POSITIVE_ALPHA_BETA_T_CELL_DIFFERENTIATION	5		Rejected!	
GOBP_POSITIVE_REGULATION_OF_CELLULAR_COMPONENT_BIOGENESIS	506	440		
GOBP_POSITIVE_REGULATION_OF_CELLULAR_COMPONENT_ORGANIZATION	1130		Rejected!	
GOBP_POSITIVE_REGULATION_OF_CELLULAR_EXTRAVASATION	18	15		
GOBP_POSITIVE_REGULATION_OF_CELLULAR_PH_REDUCTION	5		Rejected!	
GOBP_POSITIVE_REGULATION_OF_CELLULAR_RESPIRATION	15		Rejected!	
GOBP_POSITIVE_REGULATION_OF_CELLULAR_RESPONSE_TO_INSULIN_STIMULUS	25	22		
GOBP_POSITIVE_REGULATION_OF_CELLULAR_RESPONSE_TO_TRANSFORMING_GROWTH_FACTOR_BETA_STIMULUS	34	26		
GOBP_POSITIVE_REGULATION_OF_CELLULAR_SENESCENCE	19		Rejected!	
GOBP_POSITIVE_REGULATION_OF_CELL_ACTIVATION	400	297		
GOBP_POSITIVE_REGULATION_OF_CELL_ADHESION	506	400		
GOBP_POSITIVE_REGULATION_OF_CELL_ADHESION_MEDIATED_BY_INTEGRIN	22	17		
GOBP_POSITIVE_REGULATION_OF_CELL_ADHESION_MOLECULE_PRODUCTION	5		Rejected!	
GOBP_POSITIVE_REGULATION_OF_CELL_CELL_ADHESION	341	259		
GOBP_POSITIVE_REGULATION_OF_CELL_CELL_ADHESION_MEDIATED_BY_CADHERIN	12		Rejected!	
GOBP_POSITIVE_REGULATION_OF_CELL_CELL_ADHESION_MEDIATED_BY_INTEGRIN	6		Rejected!	
GOBP_POSITIVE_REGULATION_OF_CELL_CYCLE	346	282		
GOBP_POSITIVE_REGULATION_OF_CELL_CYCLE_CHECKPOINT	18	16		
GOBP_POSITIVE_REGULATION_OF_CELL_CYCLE_G1_S_PHASE_TRANSITION	70	48		
GOBP_POSITIVE_REGULATION_OF_CELL_CYCLE_G2_M_PHASE_TRANSITION	30	29		
GOBP_POSITIVE_REGULATION_OF_CELL_CYCLE_PHASE_TRANSITION	124	96		
GOBP_POSITIVE_REGULATION_OF_CELL_CYCLE_PROCESS	275	224		
GOBP_POSITIVE_REGULATION_OF_CELL_DEVELOPMENT	450	361		
GOBP_POSITIVE_REGULATION_OF_CELL_DIFFERENTIATION	915		Rejected!	
GOBP_POSITIVE_REGULATION_OF_CELL_DIVISION	98	76		
GOBP_POSITIVE_REGULATION_OF_CELL_FATE_COMMITMENT	16		Rejected!	
GOBP_POSITIVE_REGULATION_OF_CELL_GROWTH	167	141		
GOBP_POSITIVE_REGULATION_OF_CELL_GROWTH_INVOLVED_IN_CARDIAC_MUSCLE_CELL_DEVELOPMENT	8		Rejected!	
GOBP_POSITIVE_REGULATION_OF_CELL_JUNCTION_ASSEMBLY	112	93		
GOBP_POSITIVE_REGULATION_OF_CELL_KILLING	72	47		
GOBP_POSITIVE_REGULATION_OF_CELL_MATRIX_ADHESION	57	46		
GOBP_POSITIVE_REGULATION_OF_CELL_MATURATION	9		Rejected!	
GOBP_POSITIVE_REGULATION_OF_CELL_MIGRATION_INVOLVED_IN_SPROUTING_ANGIOGENESIS	37	21		
GOBP_POSITIVE_REGULATION_OF_CELL_MORPHOGENESIS	37	30		
GOBP_POSITIVE_REGULATION_OF_CELL_POPULATION_PROLIFERATION	988		Rejected!	
GOBP_POSITIVE_REGULATION_OF_CELL_PROJECTION_ORGANIZATION	358	315		
GOBP_POSITIVE_REGULATION_OF_CELL_PROLIFERATION_INVOLVED_IN_HEART_MORPHOGENESIS	6		Rejected!	
GOBP_POSITIVE_REGULATION_OF_CELL_PROLIFERATION_INVOLVED_IN_KIDNEY_DEVELOPMENT	9		Rejected!	
GOBP_POSITIVE_REGULATION_OF_CELL_PROLIFERATION_IN_BONE_MARROW	6		Rejected!	
GOBP_POSITIVE_REGULATION_OF_CELL_SIZE	12		Rejected!	
GOBP_POSITIVE_REGULATION_OF_CELL_SUBSTRATE_ADHESION	128	109		
GOBP_POSITIVE_REGULATION_OF_CELL_SUBSTRATE_JUNCTION_ORGANIZATION	31	26		
GOBP_POSITIVE_REGULATION_OF_CENTRIOLE_ELONGATION	7		Rejected!	
GOBP_POSITIVE_REGULATION_OF_CENTRIOLE_REPLICATION	11		Rejected!	
GOBP_POSITIVE_REGULATION_OF_CENTROSOME_DUPLICATION	5		Rejected!	
GOBP_POSITIVE_REGULATION_OF_CEREBELLAR_GRANULE_CELL_PRECURSOR_PROLIFERATION	5		Rejected!	
GOBP_POSITIVE_REGULATION_OF_CGAS_STING_SIGNALING_PATHWAY	7		Rejected!	
GOBP_POSITIVE_REGULATION_OF_CGMP_MEDIATED_SIGNALING	8		Rejected!	
GOBP_POSITIVE_REGULATION_OF_CHEMOKINE_C_C_MOTIF_LIGAND_5_PRODUCTION	7		Rejected!	
GOBP_POSITIVE_REGULATION_OF_CHEMOKINE_C_X_C_MOTIF_LIGAND_1_PRODUCTION	5		Rejected!	
GOBP_POSITIVE_REGULATION_OF_CHEMOKINE_C_X_C_MOTIF_LIGAND_2_PRODUCTION	12		Rejected!	
GOBP_POSITIVE_REGULATION_OF_CHEMOKINE_PRODUCTION	72	53		
GOBP_POSITIVE_REGULATION_OF_CHEMOTAXIS	145	121		
GOBP_POSITIVE_REGULATION_OF_CHOLESTEROL_BIOSYNTHETIC_PROCESS	17		Rejected!	
GOBP_POSITIVE_REGULATION_OF_CHOLESTEROL_EFFLUX	27	20		
GOBP_POSITIVE_REGULATION_OF_CHOLESTEROL_METABOLIC_PROCESS	24	18		
GOBP_POSITIVE_REGULATION_OF_CHOLESTEROL_STORAGE	8		Rejected!	
GOBP_POSITIVE_REGULATION_OF_CHONDROCYTE_DIFFERENTIATION	21	17		
GOBP_POSITIVE_REGULATION_OF_CHONDROCYTE_PROLIFERATION	8		Rejected!	
GOBP_POSITIVE_REGULATION_OF_CHROMATIN_BINDING	7		Rejected!	
GOBP_POSITIVE_REGULATION_OF_CHROMOSOME_CONDENSATION	8		Rejected!	
GOBP_POSITIVE_REGULATION_OF_CHROMOSOME_ORGANIZATION	105	90		
GOBP_POSITIVE_REGULATION_OF_CHROMOSOME_SEGREGATION	30	28		
GOBP_POSITIVE_REGULATION_OF_CHROMOSOME_SEPARATION	32	28		
GOBP_POSITIVE_REGULATION_OF_CILIUM_ASSEMBLY	30	29		
GOBP_POSITIVE_REGULATION_OF_CILIUM_MOVEMENT	16		Rejected!	
GOBP_POSITIVE_REGULATION_OF_CIRCADIAN_RHYTHM	20	18		
GOBP_POSITIVE_REGULATION_OF_CIRCADIAN_SLEEP_WAKE_CYCLE_SLEEP	6		Rejected!	
GOBP_POSITIVE_REGULATION_OF_COAGULATION	30	27		
GOBP_POSITIVE_REGULATION_OF_COLD_INDUCED_THERMOGENESIS	101	83		
GOBP_POSITIVE_REGULATION_OF_COLLAGEN_METABOLIC_PROCESS	26	20		
GOBP_POSITIVE_REGULATION_OF_COLLATERAL_SPROUTING	11		Rejected!	
GOBP_POSITIVE_REGULATION_OF_COMPLEMENT_ACTIVATION	7		Rejected!	
GOBP_POSITIVE_REGULATION_OF_CONNECTIVE_TISSUE_REPLACEMENT	12		Rejected!	
GOBP_POSITIVE_REGULATION_OF_CORTICOSTEROID_HORMONE_SECRETION	9		Rejected!	
GOBP_POSITIVE_REGULATION_OF_CREB_TRANSCRIPTION_FACTOR_ACTIVITY	10		Rejected!	
GOBP_POSITIVE_REGULATION_OF_CYCLASE_ACTIVITY	25	15		
GOBP_POSITIVE_REGULATION_OF_CYTOKINESIS	50	36		
GOBP_POSITIVE_REGULATION_OF_CYTOKINE_PRODUCTION	519	365		
GOBP_POSITIVE_REGULATION_OF_CYTOKINE_PRODUCTION_INVOLVED_IN_IMMUNE_RESPONSE	88	63		
GOBP_POSITIVE_REGULATION_OF_CYTOKINE_PRODUCTION_INVOLVED_IN_INFLAMMATORY_RESPONSE	30	20		
GOBP_POSITIVE_REGULATION_OF_CYTOPLASMIC_MRNA_PROCESSING_BODY_ASSEMBLY	6		Rejected!	
GOBP_POSITIVE_REGULATION_OF_CYTOPLASMIC_TRANSLATION	17		Rejected!	
GOBP_POSITIVE_REGULATION_OF_CYTOPLASMIC_TRANSLATIONAL_INITIATION	7		Rejected!	
GOBP_POSITIVE_REGULATION_OF_CYTOSKELETON_ORGANIZATION	189	169		
GOBP_POSITIVE_REGULATION_OF_CYTOSOLIC_CALCIUM_ION_CONCENTRATION	167	120		
GOBP_POSITIVE_REGULATION_OF_DEFENSE_RESPONSE	556	415		
GOBP_POSITIVE_REGULATION_OF_DEFENSE_RESPONSE_TO_BACTERIUM	13		Rejected!	
GOBP_POSITIVE_REGULATION_OF_DEFENSE_RESPONSE_TO_VIRUS_BY_HOST	33	27		
GOBP_POSITIVE_REGULATION_OF_DENDRITE_DEVELOPMENT	16		Rejected!	
GOBP_POSITIVE_REGULATION_OF_DENDRITE_EXTENSION	22	20		
GOBP_POSITIVE_REGULATION_OF_DENDRITIC_CELL_ANTIGEN_PROCESSING_AND_PRESENTATION	7		Rejected!	
GOBP_POSITIVE_REGULATION_OF_DENDRITIC_CELL_CHEMOTAXIS	10		Rejected!	
GOBP_POSITIVE_REGULATION_OF_DENDRITIC_CELL_CYTOKINE_PRODUCTION	12		Rejected!	
GOBP_POSITIVE_REGULATION_OF_DENDRITIC_CELL_DIFFERENTIATION	6		Rejected!	
GOBP_POSITIVE_REGULATION_OF_DENDRITIC_SPINE_DEVELOPMENT	41	34		
GOBP_POSITIVE_REGULATION_OF_DENDRITIC_SPINE_MAINTENANCE	5		Rejected!	
GOBP_POSITIVE_REGULATION_OF_DENDRITIC_SPINE_MORPHOGENESIS	19	15		
GOBP_POSITIVE_REGULATION_OF_DEPHOSPHORYLATION	6		Rejected!	
GOBP_POSITIVE_REGULATION_OF_DEVELOPMENTAL_GROWTH	174	133		
GOBP_POSITIVE_REGULATION_OF_DEVELOPMENTAL_PIGMENTATION	9		Rejected!	
GOBP_POSITIVE_REGULATION_OF_DEVELOPMENTAL_PROCESS	1399		Rejected!	
GOBP_POSITIVE_REGULATION_OF_DIGESTIVE_SYSTEM_PROCESS	14		Rejected!	
GOBP_POSITIVE_REGULATION_OF_DNA_BINDING	29	26		
GOBP_POSITIVE_REGULATION_OF_DNA_BINDING_TRANSCRIPTION_FACTOR_ACTIVITY	133	109		
GOBP_POSITIVE_REGULATION_OF_DNA_BIOSYNTHETIC_PROCESS	46	41		
GOBP_POSITIVE_REGULATION_OF_DNA_CATABOLIC_PROCESS	5		Rejected!	
GOBP_POSITIVE_REGULATION_OF_DNA_DAMAGE_CHECKPOINT	5		Rejected!	
GOBP_POSITIVE_REGULATION_OF_DNA_DAMAGE_RESPONSE_SIGNAL_TRANSDUCTION_BY_P53_CLASS_MEDIATOR	17	15		
GOBP_POSITIVE_REGULATION_OF_DNA_DIRECTED_DNA_POLYMERASE_ACTIVITY	9		Rejected!	
GOBP_POSITIVE_REGULATION_OF_DNA_METABOLIC_PROCESS	283	245		
GOBP_POSITIVE_REGULATION_OF_DNA_RECOMBINATION	76	59		
GOBP_POSITIVE_REGULATION_OF_DNA_REPAIR	142	128		
GOBP_POSITIVE_REGULATION_OF_DNA_REPLICATION	42	39		
GOBP_POSITIVE_REGULATION_OF_DNA_TEMPLATED_DNA_REPLICATION	15	15		
GOBP_POSITIVE_REGULATION_OF_DNA_TEMPLATED_TRANSCRIPTION_ELONGATION	62	55		
GOBP_POSITIVE_REGULATION_OF_DNA_TEMPLATED_TRANSCRIPTION_INITIATION	72	65		
GOBP_POSITIVE_REGULATION_OF_DOPAMINE_RECEPTOR_SIGNALING_PATHWAY	5		Rejected!	
GOBP_POSITIVE_REGULATION_OF_DOPAMINE_SECRETION	7		Rejected!	
GOBP_POSITIVE_REGULATION_OF_DOUBLE_STRAND_BREAK_REPAIR	98	87		
GOBP_POSITIVE_REGULATION_OF_DOUBLE_STRAND_BREAK_REPAIR_VIA_HOMOLOGOUS_RECOMBINATION	43	37		
GOBP_POSITIVE_REGULATION_OF_DOUBLE_STRAND_BREAK_REPAIR_VIA_NONHOMOLOGOUS_END_JOINING	17	16		
GOBP_POSITIVE_REGULATION_OF_D_GLUCOSE_IMPORT	38	30		
GOBP_POSITIVE_REGULATION_OF_D_GLUCOSE_TRANSMEMBRANE_TRANSPORT	46	37		
GOBP_POSITIVE_REGULATION_OF_EARLY_ENDOSOME_TO_LATE_ENDOSOME_TRANSPORT	9		Rejected!	
GOBP_POSITIVE_REGULATION_OF_EMBRYONIC_DEVELOPMENT	22	17		
GOBP_POSITIVE_REGULATION_OF_ENAMEL_MINERALIZATION	5		Rejected!	
GOBP_POSITIVE_REGULATION_OF_ENDOCYTIC_RECYCLING	9		Rejected!	
GOBP_POSITIVE_REGULATION_OF_ENDOCYTOSIS	165	127		
GOBP_POSITIVE_REGULATION_OF_ENDOPEPTIDASE_ACTIVITY	8		Rejected!	
GOBP_POSITIVE_REGULATION_OF_ENDOPLASMIC_RETICULUM_STRESS_INDUCED_INTRINSIC_APOPTOTIC_SIGNALING_PATHWAY	11		Rejected!	
GOBP_POSITIVE_REGULATION_OF_ENDOPLASMIC_RETICULUM_UNFOLDED_PROTEIN_RESPONSE	13		Rejected!	
GOBP_POSITIVE_REGULATION_OF_ENDOTHELIAL_CELL_APOPTOTIC_PROCESS	29	19		
GOBP_POSITIVE_REGULATION_OF_ENDOTHELIAL_CELL_CHEMOTAXIS	15		Rejected!	
GOBP_POSITIVE_REGULATION_OF_ENDOTHELIAL_CELL_DEVELOPMENT	6		Rejected!	
GOBP_POSITIVE_REGULATION_OF_ENDOTHELIAL_CELL_DIFFERENTIATION	19		Rejected!	
GOBP_POSITIVE_REGULATION_OF_ENDOTHELIAL_CELL_MATRIX_ADHESION_VIA_FIBRONECTIN	7		Rejected!	
GOBP_POSITIVE_REGULATION_OF_ENDOTHELIAL_CELL_MIGRATION	137	96		
GOBP_POSITIVE_REGULATION_OF_ENDOTHELIAL_CELL_PROLIFERATION	110	76		
GOBP_POSITIVE_REGULATION_OF_EPIDERMIS_DEVELOPMENT	35	22		
GOBP_POSITIVE_REGULATION_OF_EPITHELIAL_CELL_APOPTOTIC_PROCESS	21	15		
GOBP_POSITIVE_REGULATION_OF_EPITHELIAL_CELL_DIFFERENTIATION	75	48		
GOBP_POSITIVE_REGULATION_OF_EPITHELIAL_CELL_DIFFERENTIATION_INVOLVED_IN_KIDNEY_DEVELOPMENT	7		Rejected!	
GOBP_POSITIVE_REGULATION_OF_EPITHELIAL_CELL_MIGRATION	50	40		
GOBP_POSITIVE_REGULATION_OF_EPITHELIAL_CELL_PROLIFERATION	221	168		
GOBP_POSITIVE_REGULATION_OF_EPITHELIAL_CELL_PROLIFERATION_INVOLVED_IN_LUNG_MORPHOGENESIS	7		Rejected!	
GOBP_POSITIVE_REGULATION_OF_EPITHELIAL_CELL_PROLIFERATION_INVOLVED_IN_WOUND_HEALING	10		Rejected!	
GOBP_POSITIVE_REGULATION_OF_EPITHELIAL_TO_MESENCHYMAL_TRANSITION	60	49		
GOBP_POSITIVE_REGULATION_OF_EPITHELIAL_TUBE_FORMATION	9		Rejected!	
GOBP_POSITIVE_REGULATION_OF_ERAD_PATHWAY	19	18		
GOBP_POSITIVE_REGULATION_OF_ERBB_SIGNALING_PATHWAY	32	27		
GOBP_POSITIVE_REGULATION_OF_ERK1_AND_ERK2_CASCADE	201	156		
GOBP_POSITIVE_REGULATION_OF_ERYTHROCYTE_DIFFERENTIATION	37	25		
GOBP_POSITIVE_REGULATION_OF_ESTABLISHMENT_OF_PROTEIN_LOCALIZATION	331	287		
GOBP_POSITIVE_REGULATION_OF_ESTABLISHMENT_OF_PROTEIN_LOCALIZATION_TO_MITOCHONDRION	37	35		
GOBP_POSITIVE_REGULATION_OF_EXCITATORY_POSTSYNAPTIC_POTENTIAL	33	28		
GOBP_POSITIVE_REGULATION_OF_EXECUTION_PHASE_OF_APOPTOSIS	20	17		
GOBP_POSITIVE_REGULATION_OF_EXIT_FROM_MITOSIS	5		Rejected!	
GOBP_POSITIVE_REGULATION_OF_EXOCYTOSIS	85	72		
GOBP_POSITIVE_REGULATION_OF_EXOSOMAL_SECRETION	15		Rejected!	
GOBP_POSITIVE_REGULATION_OF_EXTRACELLULAR_MATRIX_ASSEMBLY	9		Rejected!	
GOBP_POSITIVE_REGULATION_OF_EXTRACELLULAR_MATRIX_DISASSEMBLY	11		Rejected!	
GOBP_POSITIVE_REGULATION_OF_EXTRACELLULAR_MATRIX_ORGANIZATION	29	19		
GOBP_POSITIVE_REGULATION_OF_EXTRINSIC_APOPTOTIC_SIGNALING_PATHWAY	59	48		
GOBP_POSITIVE_REGULATION_OF_EXTRINSIC_APOPTOTIC_SIGNALING_PATHWAY_IN_ABSENCE_OF_LIGAND	11		Rejected!	
GOBP_POSITIVE_REGULATION_OF_EXTRINSIC_APOPTOTIC_SIGNALING_PATHWAY_VIA_DEATH_DOMAIN_RECEPTORS	12		Rejected!	
GOBP_POSITIVE_REGULATION_OF_FATTY_ACID_BETA_OXIDATION	10		Rejected!	
GOBP_POSITIVE_REGULATION_OF_FATTY_ACID_BIOSYNTHETIC_PROCESS	24	18		
GOBP_POSITIVE_REGULATION_OF_FATTY_ACID_METABOLIC_PROCESS	40	31		
GOBP_POSITIVE_REGULATION_OF_FATTY_ACID_OXIDATION	15		Rejected!	
GOBP_POSITIVE_REGULATION_OF_FATTY_ACID_TRANSPORT	21	16		
GOBP_POSITIVE_REGULATION_OF_FAT_CELL_DIFFERENTIATION	72	54		
GOBP_POSITIVE_REGULATION_OF_FC_RECEPTOR_MEDIATED_STIMULATORY_SIGNALING_PATHWAY	6		Rejected!	
GOBP_POSITIVE_REGULATION_OF_FEAR_RESPONSE	8		Rejected!	
GOBP_POSITIVE_REGULATION_OF_FEEDING_BEHAVIOR	11		Rejected!	
GOBP_POSITIVE_REGULATION_OF_FERTILIZATION	5		Rejected!	
GOBP_POSITIVE_REGULATION_OF_FEVER_GENERATION	6		Rejected!	
GOBP_POSITIVE_REGULATION_OF_FIBROBLAST_APOPTOTIC_PROCESS	11		Rejected!	
GOBP_POSITIVE_REGULATION_OF_FIBROBLAST_GROWTH_FACTOR_RECEPTOR_SIGNALING_PATHWAY	10		Rejected!	
GOBP_POSITIVE_REGULATION_OF_FIBROBLAST_MIGRATION	16		Rejected!	
GOBP_POSITIVE_REGULATION_OF_FIBROBLAST_PROLIFERATION	57	50		
GOBP_POSITIVE_REGULATION_OF_FILOPODIUM_ASSEMBLY	30	25		
GOBP_POSITIVE_REGULATION_OF_FOCAL_ADHESION_ASSEMBLY	26	21		
GOBP_POSITIVE_REGULATION_OF_G0_TO_G1_TRANSITION	5		Rejected!	
GOBP_POSITIVE_REGULATION_OF_G1_S_TRANSITION_OF_MITOTIC_CELL_CYCLE	56	38		
GOBP_POSITIVE_REGULATION_OF_GAMMA_DELTA_T_CELL_ACTIVATION	11		Rejected!	
GOBP_POSITIVE_REGULATION_OF_GAMMA_DELTA_T_CELL_DIFFERENTIATION	9		Rejected!	
GOBP_POSITIVE_REGULATION_OF_GAP_JUNCTION_ASSEMBLY	7		Rejected!	
GOBP_POSITIVE_REGULATION_OF_GASTRO_INTESTINAL_SYSTEM_SMOOTH_MUSCLE_CONTRACTION	5		Rejected!	
GOBP_POSITIVE_REGULATION_OF_GASTRULATION	7		Rejected!	
GOBP_POSITIVE_REGULATION_OF_GENE_EXPRESSION	1251		Rejected!	
GOBP_POSITIVE_REGULATION_OF_GENE_EXPRESSION_EPIGENETIC	61	45		
GOBP_POSITIVE_REGULATION_OF_GENE_EXPRESSION_VIA_CHROMOSOMAL_CPG_ISLAND_DEMETHYLATION	13		Rejected!	
GOBP_POSITIVE_REGULATION_OF_GLIAL_CELL_DIFFERENTIATION	43	40		
GOBP_POSITIVE_REGULATION_OF_GLIAL_CELL_MIGRATION	11		Rejected!	
GOBP_POSITIVE_REGULATION_OF_GLIAL_CELL_PROLIFERATION	24	16		
GOBP_POSITIVE_REGULATION_OF_GLIOGENESIS	70	58		
GOBP_POSITIVE_REGULATION_OF_GLOMERULAR_MESANGIAL_CELL_PROLIFERATION	7		Rejected!	
GOBP_POSITIVE_REGULATION_OF_GLOMERULUS_DEVELOPMENT	5		Rejected!	
GOBP_POSITIVE_REGULATION_OF_GLUCOCORTICOID_SECRETION	6		Rejected!	
GOBP_POSITIVE_REGULATION_OF_GLUCONEOGENESIS	23	17		
GOBP_POSITIVE_REGULATION_OF_GLUCOSE_METABOLIC_PROCESS	49	39		
GOBP_POSITIVE_REGULATION_OF_GLUTAMATE_RECEPTOR_SIGNALING_PATHWAY	9		Rejected!	
GOBP_POSITIVE_REGULATION_OF_GLUTAMATE_SECRETION	11		Rejected!	
GOBP_POSITIVE_REGULATION_OF_GLYCOGEN_BIOSYNTHETIC_PROCESS	17		Rejected!	
GOBP_POSITIVE_REGULATION_OF_GLYCOGEN_METABOLIC_PROCESS	21	18		
GOBP_POSITIVE_REGULATION_OF_GLYCOPROTEIN_METABOLIC_PROCESS	22	15		
GOBP_POSITIVE_REGULATION_OF_GOLGI_TO_PLASMA_MEMBRANE_PROTEIN_TRANSPORT	6		Rejected!	
GOBP_POSITIVE_REGULATION_OF_GONADOTROPIN_SECRETION	6		Rejected!	
GOBP_POSITIVE_REGULATION_OF_GONAD_DEVELOPMENT	9		Rejected!	
GOBP_POSITIVE_REGULATION_OF_GRANULOCYTE_CHEMOTAXIS	27	21		
GOBP_POSITIVE_REGULATION_OF_GRANULOCYTE_DIFFERENTIATION	9		Rejected!	
GOBP_POSITIVE_REGULATION_OF_GROWTH	263	209		
GOBP_POSITIVE_REGULATION_OF_GROWTH_HORMONE_SECRETION	9		Rejected!	
GOBP_POSITIVE_REGULATION_OF_GTPASE_ACTIVITY	93	83		
GOBP_POSITIVE_REGULATION_OF_G_PROTEIN_COUPLED_RECEPTOR_SIGNALING_PATHWAY	42	35		
GOBP_POSITIVE_REGULATION_OF_HAIR_FOLLICLE_DEVELOPMENT	12		Rejected!	
GOBP_POSITIVE_REGULATION_OF_HAIR_FOLLICLE_MATURATION	5		Rejected!	
GOBP_POSITIVE_REGULATION_OF_HEART_GROWTH	43	27		
GOBP_POSITIVE_REGULATION_OF_HEART_RATE	28	23		
GOBP_POSITIVE_REGULATION_OF_HEAT_GENERATION	11		Rejected!	
GOBP_POSITIVE_REGULATION_OF_HEMATOPOIETIC_PROGENITOR_CELL_DIFFERENTIATION	7		Rejected!	
GOBP_POSITIVE_REGULATION_OF_HEMATOPOIETIC_STEM_CELL_PROLIFERATION	9		Rejected!	
GOBP_POSITIVE_REGULATION_OF_HEMOGLOBIN_BIOSYNTHETIC_PROCESS	6		Rejected!	
GOBP_POSITIVE_REGULATION_OF_HEMOPOIESIS	200	150		
GOBP_POSITIVE_REGULATION_OF_HEPATIC_STELLATE_CELL_ACTIVATION	5		Rejected!	
GOBP_POSITIVE_REGULATION_OF_HEPATOCYTE_PROLIFERATION	10		Rejected!	
GOBP_POSITIVE_REGULATION_OF_HETEROTYPIC_CELL_CELL_ADHESION	14		Rejected!	
GOBP_POSITIVE_REGULATION_OF_HIGH_DENSITY_LIPOPROTEIN_PARTICLE_CLEARANCE	7		Rejected!	
GOBP_POSITIVE_REGULATION_OF_HIPPO_SIGNALING	15		Rejected!	
GOBP_POSITIVE_REGULATION_OF_HOMOTYPIC_CELL_CELL_ADHESION	20	17		
GOBP_POSITIVE_REGULATION_OF_HORMONE_BIOSYNTHETIC_PROCESS	9		Rejected!	
GOBP_POSITIVE_REGULATION_OF_HORMONE_METABOLIC_PROCESS	14		Rejected!	
GOBP_POSITIVE_REGULATION_OF_HORMONE_SECRETION	154	123		
GOBP_POSITIVE_REGULATION_OF_HUMORAL_IMMUNE_RESPONSE	23		Rejected!	
GOBP_POSITIVE_REGULATION_OF_HUMORAL_IMMUNE_RESPONSE_MEDIATED_BY_CIRCULATING_IMMUNOGLOBULIN	6		Rejected!	
GOBP_POSITIVE_REGULATION_OF_HYDROGEN_PEROXIDE_MEDIATED_PROGRAMMED_CELL_DEATH	5		Rejected!	
GOBP_POSITIVE_REGULATION_OF_HYDROGEN_PEROXIDE_METABOLIC_PROCESS	6		Rejected!	
GOBP_POSITIVE_REGULATION_OF_HYDROLASE_ACTIVITY	126	111		
GOBP_POSITIVE_REGULATION_OF_IMMATURE_T_CELL_PROLIFERATION	6		Rejected!	
GOBP_POSITIVE_REGULATION_OF_IMMUNE_EFFECTOR_PROCESS	276	186		
GOBP_POSITIVE_REGULATION_OF_IMMUNE_RESPONSE	822		Rejected!	
GOBP_POSITIVE_REGULATION_OF_IMMUNE_SYSTEM_PROCESS	1171		Rejected!	
GOBP_POSITIVE_REGULATION_OF_IMMUNOGLOBULIN_PRODUCTION	59	41		
GOBP_POSITIVE_REGULATION_OF_INCLUSION_BODY_ASSEMBLY	5		Rejected!	
GOBP_POSITIVE_REGULATION_OF_INFLAMMASOME_MEDIATED_SIGNALING_PATHWAY	28	24		
GOBP_POSITIVE_REGULATION_OF_INFLAMMATORY_RESPONSE	166	116		
GOBP_POSITIVE_REGULATION_OF_INFLAMMATORY_RESPONSE_TO_ANTIGENIC_STIMULUS	13		Rejected!	
GOBP_POSITIVE_REGULATION_OF_INOSITOL_PHOSPHATE_BIOSYNTHETIC_PROCESS	11		Rejected!	
GOBP_POSITIVE_REGULATION_OF_INSULIN_LIKE_GROWTH_FACTOR_RECEPTOR_SIGNALING_PATHWAY	13		Rejected!	
GOBP_POSITIVE_REGULATION_OF_INSULIN_SECRETION	94	77		
GOBP_POSITIVE_REGULATION_OF_INSULIN_SECRETION_INVOLVED_IN_CELLULAR_RESPONSE_TO_GLUCOSE_STIMULUS	40	35		
GOBP_POSITIVE_REGULATION_OF_INTEGRIN_ACTIVATION	11		Rejected!	
GOBP_POSITIVE_REGULATION_OF_INTEGRIN_MEDIATED_SIGNALING_PATHWAY	13		Rejected!	
GOBP_POSITIVE_REGULATION_OF_INTERFERON_ALPHA_PRODUCTION	26	23		
GOBP_POSITIVE_REGULATION_OF_INTERFERON_BETA_PRODUCTION	42	38		
GOBP_POSITIVE_REGULATION_OF_INTERLEUKIN_10_PRODUCTION	43	27		
GOBP_POSITIVE_REGULATION_OF_INTERLEUKIN_12_PRODUCTION	43	27		
GOBP_POSITIVE_REGULATION_OF_INTERLEUKIN_13_PRODUCTION	15		Rejected!	
GOBP_POSITIVE_REGULATION_OF_INTERLEUKIN_17_PRODUCTION	28	15		
GOBP_POSITIVE_REGULATION_OF_INTERLEUKIN_18_PRODUCTION	9		Rejected!	
GOBP_POSITIVE_REGULATION_OF_INTERLEUKIN_1_ALPHA_PRODUCTION	7		Rejected!	
GOBP_POSITIVE_REGULATION_OF_INTERLEUKIN_1_PRODUCTION	74	47		
GOBP_POSITIVE_REGULATION_OF_INTERLEUKIN_23_PRODUCTION	7		Rejected!	
GOBP_POSITIVE_REGULATION_OF_INTERLEUKIN_2_PRODUCTION	37	22		
GOBP_POSITIVE_REGULATION_OF_INTERLEUKIN_4_PRODUCTION	27	16		
GOBP_POSITIVE_REGULATION_OF_INTERLEUKIN_5_PRODUCTION	12		Rejected!	
GOBP_POSITIVE_REGULATION_OF_INTERLEUKIN_6_PRODUCTION	103	77		
GOBP_POSITIVE_REGULATION_OF_INTERLEUKIN_8_PRODUCTION	65	41		
GOBP_POSITIVE_REGULATION_OF_INTRACELLULAR_ESTROGEN_RECEPTOR_SIGNALING_PATHWAY	14		Rejected!	
GOBP_POSITIVE_REGULATION_OF_INTRACELLULAR_LIPID_TRANSPORT	5		Rejected!	
GOBP_POSITIVE_REGULATION_OF_INTRACELLULAR_PROTEIN_TRANSPORT	93	82		
GOBP_POSITIVE_REGULATION_OF_INTRACELLULAR_SIGNAL_TRANSDUCTION	1159		Rejected!	
GOBP_POSITIVE_REGULATION_OF_INTRACELLULAR_STEROID_HORMONE_RECEPTOR_SIGNALING_PATHWAY	17		Rejected!	
GOBP_POSITIVE_REGULATION_OF_INTRACELLULAR_TRANSPORT	137	120		
GOBP_POSITIVE_REGULATION_OF_INTRINSIC_APOPTOTIC_SIGNALING_PATHWAY	68	58		
GOBP_POSITIVE_REGULATION_OF_INTRINSIC_APOPTOTIC_SIGNALING_PATHWAY_BY_P53_CLASS_MEDIATOR	9		Rejected!	
GOBP_POSITIVE_REGULATION_OF_INTRINSIC_APOPTOTIC_SIGNALING_PATHWAY_IN_RESPONSE_TO_DNA_DAMAGE	9		Rejected!	
GOBP_POSITIVE_REGULATION_OF_IRE1_MEDIATED_UNFOLDED_PROTEIN_RESPONSE	8		Rejected!	
GOBP_POSITIVE_REGULATION_OF_ISOTYPE_SWITCHING	29	19		
GOBP_POSITIVE_REGULATION_OF_ISOTYPE_SWITCHING_TO_IGG_ISOTYPES	11		Rejected!	
GOBP_POSITIVE_REGULATION_OF_JNK_CASCADE	99	81		
GOBP_POSITIVE_REGULATION_OF_JUN_KINASE_ACTIVITY	15		Rejected!	
GOBP_POSITIVE_REGULATION_OF_KERATINOCYTE_APOPTOTIC_PROCESS	5		Rejected!	
GOBP_POSITIVE_REGULATION_OF_KERATINOCYTE_DIFFERENTIATION	21		Rejected!	
GOBP_POSITIVE_REGULATION_OF_KERATINOCYTE_PROLIFERATION	16		Rejected!	
GOBP_POSITIVE_REGULATION_OF_KIDNEY_DEVELOPMENT	10		Rejected!	
GOBP_POSITIVE_REGULATION_OF_KINASE_ACTIVITY	149	126		
GOBP_POSITIVE_REGULATION_OF_LAMELLIPODIUM_ASSEMBLY	28	28		
GOBP_POSITIVE_REGULATION_OF_LAMELLIPODIUM_MORPHOGENESIS	7		Rejected!	
GOBP_POSITIVE_REGULATION_OF_LAMELLIPODIUM_ORGANIZATION	36	36		
GOBP_POSITIVE_REGULATION_OF_LEUKOCYTE_ADHESION_TO_VASCULAR_ENDOTHELIAL_CELL	24	18		
GOBP_POSITIVE_REGULATION_OF_LEUKOCYTE_APOPTOTIC_PROCESS	33	22		
GOBP_POSITIVE_REGULATION_OF_LEUKOCYTE_CELL_CELL_ADHESION	287	217		
GOBP_POSITIVE_REGULATION_OF_LEUKOCYTE_CHEMOTAXIS	97	78		
GOBP_POSITIVE_REGULATION_OF_LEUKOCYTE_DEGRANULATION	25	20		
GOBP_POSITIVE_REGULATION_OF_LEUKOCYTE_MEDIATED_IMMUNITY	157	103		
GOBP_POSITIVE_REGULATION_OF_LEUKOCYTE_MIGRATION	152	126		
GOBP_POSITIVE_REGULATION_OF_LEUKOCYTE_PROLIFERATION	173	124		
GOBP_POSITIVE_REGULATION_OF_LEUKOCYTE_TETHERING_OR_ROLLING	11		Rejected!	
GOBP_POSITIVE_REGULATION_OF_LIGASE_ACTIVITY	5		Rejected!	
GOBP_POSITIVE_REGULATION_OF_LIPASE_ACTIVITY	8		Rejected!	
GOBP_POSITIVE_REGULATION_OF_LIPID_BIOSYNTHETIC_PROCESS	99	78		
GOBP_POSITIVE_REGULATION_OF_LIPID_CATABOLIC_PROCESS	27	19		
GOBP_POSITIVE_REGULATION_OF_LIPID_LOCALIZATION	107	82		
GOBP_POSITIVE_REGULATION_OF_LIPID_METABOLIC_PROCESS	137	106		
GOBP_POSITIVE_REGULATION_OF_LIPID_STORAGE	23	16		
GOBP_POSITIVE_REGULATION_OF_LIPID_TRANSPORT	87	68		
GOBP_POSITIVE_REGULATION_OF_LIPOPOLYSACCHARIDE_MEDIATED_SIGNALING_PATHWAY	11		Rejected!	
GOBP_POSITIVE_REGULATION_OF_LIPOPROTEIN_PARTICLE_CLEARANCE	12		Rejected!	
GOBP_POSITIVE_REGULATION_OF_LOCOMOTION	645	493		
GOBP_POSITIVE_REGULATION_OF_LONG_TERM_NEURONAL_SYNAPTIC_PLASTICITY	9		Rejected!	
GOBP_POSITIVE_REGULATION_OF_LONG_TERM_SYNAPTIC_DEPRESSION	7		Rejected!	
GOBP_POSITIVE_REGULATION_OF_LONG_TERM_SYNAPTIC_POTENTIATION	24	22		
GOBP_POSITIVE_REGULATION_OF_LYASE_ACTIVITY	23		Rejected!	
GOBP_POSITIVE_REGULATION_OF_LYMPHOCYTE_ANERGY	6		Rejected!	
GOBP_POSITIVE_REGULATION_OF_LYMPHOCYTE_APOPTOTIC_PROCESS	20		Rejected!	
GOBP_POSITIVE_REGULATION_OF_LYMPHOCYTE_CHEMOTAXIS	19		Rejected!	
GOBP_POSITIVE_REGULATION_OF_LYMPHOCYTE_DIFFERENTIATION	141	106		
GOBP_POSITIVE_REGULATION_OF_LYMPHOCYTE_MIGRATION	44	32		
GOBP_POSITIVE_REGULATION_OF_LYSOSOMAL_PROTEIN_CATABOLIC_PROCESS	5		Rejected!	
GOBP_POSITIVE_REGULATION_OF_MACROAUTOPHAGY	96	87		
GOBP_POSITIVE_REGULATION_OF_MACROPHAGE_ACTIVATION	31	23		
GOBP_POSITIVE_REGULATION_OF_MACROPHAGE_CHEMOTAXIS	21	18		
GOBP_POSITIVE_REGULATION_OF_MACROPHAGE_CYTOKINE_PRODUCTION	24	21		
GOBP_POSITIVE_REGULATION_OF_MACROPHAGE_DERIVED_FOAM_CELL_DIFFERENTIATION	21		Rejected!	
GOBP_POSITIVE_REGULATION_OF_MACROPHAGE_DIFFERENTIATION	16		Rejected!	
GOBP_POSITIVE_REGULATION_OF_MACROPHAGE_MIGRATION	28	24		
GOBP_POSITIVE_REGULATION_OF_MAINTENANCE_OF_SISTER_CHROMATID_COHESION	6		Rejected!	
GOBP_POSITIVE_REGULATION_OF_MAMMARY_GLAND_EPITHELIAL_CELL_PROLIFERATION	6		Rejected!	
GOBP_POSITIVE_REGULATION_OF_MAPKKK_CASCADE_BY_FIBROBLAST_GROWTH_FACTOR_RECEPTOR_SIGNALING_PATHWAY	5		Rejected!	
GOBP_POSITIVE_REGULATION_OF_MAPK_CASCADE	470	372		
GOBP_POSITIVE_REGULATION_OF_MAP_KINASE_ACTIVITY	40	33		
GOBP_POSITIVE_REGULATION_OF_MAST_CELL_ACTIVATION	7		Rejected!	
GOBP_POSITIVE_REGULATION_OF_MAST_CELL_CHEMOTAXIS	6		Rejected!	
GOBP_POSITIVE_REGULATION_OF_MAST_CELL_CYTOKINE_PRODUCTION	5		Rejected!	
GOBP_POSITIVE_REGULATION_OF_MAST_CELL_DEGRANULATION	15		Rejected!	
GOBP_POSITIVE_REGULATION_OF_MAST_CELL_PROLIFERATION	5		Rejected!	
GOBP_POSITIVE_REGULATION_OF_MEGAKARYOCYTE_DIFFERENTIATION	11		Rejected!	
GOBP_POSITIVE_REGULATION_OF_MEIOTIC_CELL_CYCLE	27	21		
GOBP_POSITIVE_REGULATION_OF_MEIOTIC_NUCLEAR_DIVISION	17		Rejected!	
GOBP_POSITIVE_REGULATION_OF_MELANOCYTE_DIFFERENTIATION	5		Rejected!	
GOBP_POSITIVE_REGULATION_OF_MEMBRANE_DEPOLARIZATION	13		Rejected!	
GOBP_POSITIVE_REGULATION_OF_MEMBRANE_PERMEABILITY	50	39		
GOBP_POSITIVE_REGULATION_OF_MEMBRANE_POTENTIAL	13		Rejected!	
GOBP_POSITIVE_REGULATION_OF_MEMBRANE_PROTEIN_ECTODOMAIN_PROTEOLYSIS	17		Rejected!	
GOBP_POSITIVE_REGULATION_OF_MEMORY_T_CELL_DIFFERENTIATION	9		Rejected!	
GOBP_POSITIVE_REGULATION_OF_MESENCHYMAL_CELL_PROLIFERATION	27	24		
GOBP_POSITIVE_REGULATION_OF_MESENCHYMAL_STEM_CELL_DIFFERENTIATION	5		Rejected!	
GOBP_POSITIVE_REGULATION_OF_MESENCHYMAL_STEM_CELL_PROLIFERATION	7		Rejected!	
GOBP_POSITIVE_REGULATION_OF_METAPHASE_ANAPHASE_TRANSITION_OF_CELL_CYCLE	18	15		
GOBP_POSITIVE_REGULATION_OF_MHC_CLASS_II_BIOSYNTHETIC_PROCESS	15		Rejected!	
GOBP_POSITIVE_REGULATION_OF_MHC_CLASS_I_BIOSYNTHETIC_PROCESS	6		Rejected!	
GOBP_POSITIVE_REGULATION_OF_MICROGLIAL_CELL_ACTIVATION	10		Rejected!	
GOBP_POSITIVE_REGULATION_OF_MICROGLIAL_CELL_MIGRATION	6		Rejected!	
GOBP_POSITIVE_REGULATION_OF_MICROTUBULE_DEPOLYMERIZATION	5		Rejected!	
GOBP_POSITIVE_REGULATION_OF_MICROTUBULE_NUCLEATION	8		Rejected!	
GOBP_POSITIVE_REGULATION_OF_MICROTUBULE_POLYMERIZATION_OR_DEPOLYMERIZATION	38	33		
GOBP_POSITIVE_REGULATION_OF_MIRNA_CATABOLIC_PROCESS	9		Rejected!	
GOBP_POSITIVE_REGULATION_OF_MIRNA_METABOLIC_PROCESS	67	45		
GOBP_POSITIVE_REGULATION_OF_MIRNA_PROCESSING	5		Rejected!	
GOBP_POSITIVE_REGULATION_OF_MIRNA_TRANSCRIPTION	56	39		
GOBP_POSITIVE_REGULATION_OF_MITOCHONDRIAL_CALCIUM_ION_CONCENTRATION	9		Rejected!	
GOBP_POSITIVE_REGULATION_OF_MITOCHONDRIAL_DEPOLARIZATION	9		Rejected!	
GOBP_POSITIVE_REGULATION_OF_MITOCHONDRIAL_FISSION	22	19		
GOBP_POSITIVE_REGULATION_OF_MITOCHONDRIAL_FUSION	6		Rejected!	
GOBP_POSITIVE_REGULATION_OF_MITOCHONDRIAL_MEMBRANE_PERMEABILITY	45	36		
GOBP_POSITIVE_REGULATION_OF_MITOCHONDRIAL_MEMBRANE_POTENTIAL	8		Rejected!	
GOBP_POSITIVE_REGULATION_OF_MITOCHONDRIAL_OUTER_MEMBRANE_PERMEABILIZATION_INVOLVED_IN_APOPTOTIC_SIGNALING_PATHWAY	10		Rejected!	
GOBP_POSITIVE_REGULATION_OF_MITOCHONDRIAL_TRANSLATION	17	16		
GOBP_POSITIVE_REGULATION_OF_MITOTIC_CELL_CYCLE	136	110		
GOBP_POSITIVE_REGULATION_OF_MITOTIC_CELL_CYCLE_PHASE_TRANSITION	103	80		
GOBP_POSITIVE_REGULATION_OF_MITOTIC_CYTOKINESIS	13		Rejected!	
GOBP_POSITIVE_REGULATION_OF_MITOTIC_NUCLEAR_DIVISION	46	40		
GOBP_POSITIVE_REGULATION_OF_MITOTIC_SISTER_CHROMATID_SEGREGATION	9		Rejected!	
GOBP_POSITIVE_REGULATION_OF_MITOTIC_SISTER_CHROMATID_SEPARATION	21	17		
GOBP_POSITIVE_REGULATION_OF_MOLECULAR_FUNCTION	582	493		
GOBP_POSITIVE_REGULATION_OF_MONOATOMIC_ION_TRANSMEMBRANE_TRANSPORT	132	106		
GOBP_POSITIVE_REGULATION_OF_MONOATOMIC_ION_TRANSPORT	195	153		
GOBP_POSITIVE_REGULATION_OF_MONOCYTE_CHEMOTACTIC_PROTEIN_1_PRODUCTION	14		Rejected!	
GOBP_POSITIVE_REGULATION_OF_MONOCYTE_CHEMOTAXIS	23		Rejected!	
GOBP_POSITIVE_REGULATION_OF_MONOCYTE_DIFFERENTIATION	10		Rejected!	
GOBP_POSITIVE_REGULATION_OF_MONOCYTE_EXTRAVASATION	5		Rejected!	
GOBP_POSITIVE_REGULATION_OF_MONONUCLEAR_CELL_MIGRATION	98	76		
GOBP_POSITIVE_REGULATION_OF_MONOOXYGENASE_ACTIVITY	6		Rejected!	
GOBP_POSITIVE_REGULATION_OF_MORPHOGENESIS_OF_AN_EPITHELIUM	38	35		
GOBP_POSITIVE_REGULATION_OF_MRNA_3_END_PROCESSING	5		Rejected!	
GOBP_POSITIVE_REGULATION_OF_MRNA_CATABOLIC_PROCESS	202	92		
GOBP_POSITIVE_REGULATION_OF_MRNA_METABOLIC_PROCESS	237	119		
GOBP_POSITIVE_REGULATION_OF_MRNA_PROCESSING	37	29		
GOBP_POSITIVE_REGULATION_OF_MUCUS_SECRETION	5		Rejected!	
GOBP_POSITIVE_REGULATION_OF_MULTICELLULAR_ORGANISMAL_PROCESS	1728		Rejected!	
GOBP_POSITIVE_REGULATION_OF_MULTICELLULAR_ORGANISM_GROWTH	34	26		
GOBP_POSITIVE_REGULATION_OF_MUSCLE_ADAPTATION	14		Rejected!	
GOBP_POSITIVE_REGULATION_OF_MUSCLE_CELL_APOPTOTIC_PROCESS	35	21		
GOBP_POSITIVE_REGULATION_OF_MUSCLE_CELL_DIFFERENTIATION	85	54		
GOBP_POSITIVE_REGULATION_OF_MUSCLE_CONTRACTION	50	43		
GOBP_POSITIVE_REGULATION_OF_MUSCLE_HYPERTROPHY	38	26		
GOBP_POSITIVE_REGULATION_OF_MUSCLE_ORGAN_DEVELOPMENT	22	16		
GOBP_POSITIVE_REGULATION_OF_MYELINATION	21	20		
GOBP_POSITIVE_REGULATION_OF_MYELOID_CELL_APOPTOTIC_PROCESS	10		Rejected!	
GOBP_POSITIVE_REGULATION_OF_MYELOID_CELL_DIFFERENTIATION	111	80		
GOBP_POSITIVE_REGULATION_OF_MYELOID_LEUKOCYTE_CYTOKINE_PRODUCTION_INVOLVED_IN_IMMUNE_RESPONSE	36	32		
GOBP_POSITIVE_REGULATION_OF_MYELOID_LEUKOCYTE_DIFFERENTIATION	64	45		
GOBP_POSITIVE_REGULATION_OF_MYELOID_LEUKOCYTE_MEDIATED_IMMUNITY	22	15		
GOBP_POSITIVE_REGULATION_OF_MYOBLAST_DIFFERENTIATION	47	36		
GOBP_POSITIVE_REGULATION_OF_MYOBLAST_FUSION	16		Rejected!	
GOBP_POSITIVE_REGULATION_OF_MYOBLAST_PROLIFERATION	16		Rejected!	
GOBP_POSITIVE_REGULATION_OF_MYOTUBE_DIFFERENTIATION	17		Rejected!	
GOBP_POSITIVE_REGULATION_OF_NATURAL_KILLER_CELL_ACTIVATION	26	18		
GOBP_POSITIVE_REGULATION_OF_NATURAL_KILLER_CELL_CHEMOTAXIS	5		Rejected!	
GOBP_POSITIVE_REGULATION_OF_NATURAL_KILLER_CELL_CYTOKINE_PRODUCTION	9		Rejected!	
GOBP_POSITIVE_REGULATION_OF_NATURAL_KILLER_CELL_DIFFERENTIATION	10		Rejected!	
GOBP_POSITIVE_REGULATION_OF_NATURAL_KILLER_CELL_MEDIATED_CYTOTOXICITY	30	19		
GOBP_POSITIVE_REGULATION_OF_NATURAL_KILLER_CELL_MEDIATED_IMMUNE_RESPONSE_TO_TUMOR_CELL	7		Rejected!	
GOBP_POSITIVE_REGULATION_OF_NATURAL_KILLER_CELL_MEDIATED_IMMUNITY	36	22		
GOBP_POSITIVE_REGULATION_OF_NECROPTOTIC_PROCESS	8		Rejected!	
GOBP_POSITIVE_REGULATION_OF_NERVOUS_SYSTEM_DEVELOPMENT	285	249		
GOBP_POSITIVE_REGULATION_OF_NERVOUS_SYSTEM_PROCESS	38	33		
GOBP_POSITIVE_REGULATION_OF_NEURAL_PRECURSOR_CELL_PROLIFERATION	54	48		
GOBP_POSITIVE_REGULATION_OF_NEUROBLAST_PROLIFERATION	29	27		
GOBP_POSITIVE_REGULATION_OF_NEUROEPITHELIAL_CELL_DIFFERENTIATION	8		Rejected!	
GOBP_POSITIVE_REGULATION_OF_NEUROGENESIS	233	203		
GOBP_POSITIVE_REGULATION_OF_NEUROINFLAMMATORY_RESPONSE	18		Rejected!	
GOBP_POSITIVE_REGULATION_OF_NEURON_APOPTOTIC_PROCESS	69	54		
GOBP_POSITIVE_REGULATION_OF_NEURON_DIFFERENTIATION	97	86		
GOBP_POSITIVE_REGULATION_OF_NEURON_MIGRATION	17	16		
GOBP_POSITIVE_REGULATION_OF_NEURON_PROJECTION_ARBORIZATION	8		Rejected!	
GOBP_POSITIVE_REGULATION_OF_NEURON_PROJECTION_DEVELOPMENT	159	135		
GOBP_POSITIVE_REGULATION_OF_NEURON_PROJECTION_REGENERATION	10		Rejected!	
GOBP_POSITIVE_REGULATION_OF_NEUROTRANSMITTER_SECRETION	20	15		
GOBP_POSITIVE_REGULATION_OF_NEUROTRANSMITTER_TRANSPORT	26	20		
GOBP_POSITIVE_REGULATION_OF_NEUROTRANSMITTER_UPTAKE	6		Rejected!	
GOBP_POSITIVE_REGULATION_OF_NEUROTROPHIN_TRK_RECEPTOR_SIGNALING_PATHWAY	5		Rejected!	
GOBP_POSITIVE_REGULATION_OF_NEUTROPHIL_APOPTOTIC_PROCESS	5		Rejected!	
GOBP_POSITIVE_REGULATION_OF_NEUTROPHIL_MIGRATION	34	26		
GOBP_POSITIVE_REGULATION_OF_NF_KAPPAB_TRANSCRIPTION_FACTOR_ACTIVITY	94	76		
GOBP_POSITIVE_REGULATION_OF_NITRIC_OXIDE_MEDIATED_SIGNAL_TRANSDUCTION	5		Rejected!	
GOBP_POSITIVE_REGULATION_OF_NITRIC_OXIDE_METABOLIC_PROCESS	45	30		
GOBP_POSITIVE_REGULATION_OF_NK_T_CELL_ACTIVATION	9		Rejected!	
GOBP_POSITIVE_REGULATION_OF_NON_CANONICAL_NF_KAPPAB_SIGNAL_TRANSDUCTION	65	55		
GOBP_POSITIVE_REGULATION_OF_NON_CANONICAL_WNT_SIGNALING_PATHWAY	15		Rejected!	
GOBP_POSITIVE_REGULATION_OF_NON_MOTILE_CILIUM_ASSEMBLY	9		Rejected!	
GOBP_POSITIVE_REGULATION_OF_NOTCH_SIGNALING_PATHWAY	50	43		
GOBP_POSITIVE_REGULATION_OF_NUCLEAR_CELL_CYCLE_DNA_REPLICATION	7		Rejected!	
GOBP_POSITIVE_REGULATION_OF_NUCLEAR_DIVISION	62	51		
GOBP_POSITIVE_REGULATION_OF_NUCLEAR_TRANSCRIBED_MRNA_CATABOLIC_PROCESS_DEADENYLATION_DEPENDENT_DECAY	12		Rejected!	
GOBP_POSITIVE_REGULATION_OF_NUCLEASE_ACTIVITY	5		Rejected!	
GOBP_POSITIVE_REGULATION_OF_NUCLEOBASE_CONTAINING_COMPOUND_TRANSPORT	6		Rejected!	
GOBP_POSITIVE_REGULATION_OF_NUCLEOCYTOPLASMIC_TRANSPORT	63	57		
GOBP_POSITIVE_REGULATION_OF_NUCLEOTIDE_BINDING_DOMAIN_LEUCINE_RICH_REPEAT_CONTAINING_RECEPTOR_SIGNALING_PATHWAY	7		Rejected!	
GOBP_POSITIVE_REGULATION_OF_NUCLEOTIDE_BIOSYNTHETIC_PROCESS	16		Rejected!	
GOBP_POSITIVE_REGULATION_OF_NUCLEOTIDE_CATABOLIC_PROCESS	24	22		
GOBP_POSITIVE_REGULATION_OF_NUCLEOTIDE_METABOLIC_PROCESS	42	34		
GOBP_POSITIVE_REGULATION_OF_ODONTOGENESIS	7		Rejected!	
GOBP_POSITIVE_REGULATION_OF_OLIGODENDROCYTE_DIFFERENTIATION	25	23		
GOBP_POSITIVE_REGULATION_OF_OPSONIZATION	9		Rejected!	
GOBP_POSITIVE_REGULATION_OF_ORGANELLE_ASSEMBLY	89	83		
GOBP_POSITIVE_REGULATION_OF_ORGANELLE_ORGANIZATION	504	446		
GOBP_POSITIVE_REGULATION_OF_ORGANIC_ACID_TRANSPORT	42	32		
GOBP_POSITIVE_REGULATION_OF_ORGAN_GROWTH	55	35		
GOBP_POSITIVE_REGULATION_OF_OSSIFICATION	56	49		
GOBP_POSITIVE_REGULATION_OF_OSTEOBLAST_DIFFERENTIATION	80	67		
GOBP_POSITIVE_REGULATION_OF_OSTEOBLAST_PROLIFERATION	13		Rejected!	
GOBP_POSITIVE_REGULATION_OF_OSTEOCLAST_DIFFERENTIATION	30	19		
GOBP_POSITIVE_REGULATION_OF_OXIDATIVE_STRESS_INDUCED_INTRINSIC_APOPTOTIC_SIGNALING_PATHWAY	9		Rejected!	
GOBP_POSITIVE_REGULATION_OF_OXIDOREDUCTASE_ACTIVITY	12		Rejected!	
GOBP_POSITIVE_REGULATION_OF_P38MAPK_CASCADE	29	21		
GOBP_POSITIVE_REGULATION_OF_PATTERN_RECOGNITION_RECEPTOR_SIGNALING_PATHWAY	81	67		
GOBP_POSITIVE_REGULATION_OF_PEPTIDASE_ACTIVITY	13		Rejected!	
GOBP_POSITIVE_REGULATION_OF_PEPTIDE_SECRETION	123	97		
GOBP_POSITIVE_REGULATION_OF_PEPTIDYL_SERINE_PHOSPHORYLATION	22	16		
GOBP_POSITIVE_REGULATION_OF_PEPTIDYL_THREONINE_PHOSPHORYLATION	11		Rejected!	
GOBP_POSITIVE_REGULATION_OF_PEPTIDYL_TYROSINE_PHOSPHORYLATION	57	44		
GOBP_POSITIVE_REGULATION_OF_PEROXISOME_PROLIFERATOR_ACTIVATED_RECEPTOR_SIGNALING_PATHWAY	10		Rejected!	
GOBP_POSITIVE_REGULATION_OF_PHAGOCYTOSIS	77	54		
GOBP_POSITIVE_REGULATION_OF_PHOSPHATIDYLINOSITOL_3_KINASE_PROTEIN_KINASE_B_SIGNAL_TRANSDUCTION	208	167		
GOBP_POSITIVE_REGULATION_OF_PHOSPHOLIPASE_C_ACTIVATING_G_PROTEIN_COUPLED_RECEPTOR_SIGNALING_PATHWAY	7		Rejected!	
GOBP_POSITIVE_REGULATION_OF_PHOSPHOLIPID_BIOSYNTHETIC_PROCESS	11		Rejected!	
GOBP_POSITIVE_REGULATION_OF_PHOSPHOLIPID_METABOLIC_PROCESS	16		Rejected!	
GOBP_POSITIVE_REGULATION_OF_PHOSPHOLIPID_TRANSPORT	15		Rejected!	
GOBP_POSITIVE_REGULATION_OF_PHOSPHORUS_METABOLIC_PROCESS	336	279		
GOBP_POSITIVE_REGULATION_OF_PHOSPHORYLATION	273	231		
GOBP_POSITIVE_REGULATION_OF_PINOCYTOSIS	7		Rejected!	
GOBP_POSITIVE_REGULATION_OF_PLASMA_MEMBRANE_BOUNDED_CELL_PROJECTION_ASSEMBLY	111	102		
GOBP_POSITIVE_REGULATION_OF_PLASMINOGEN_ACTIVATION	8		Rejected!	
GOBP_POSITIVE_REGULATION_OF_PLATELET_ACTIVATION	13		Rejected!	
GOBP_POSITIVE_REGULATION_OF_PLATELET_AGGREGATION	13		Rejected!	
GOBP_POSITIVE_REGULATION_OF_PLATELET_DERIVED_GROWTH_FACTOR_RECEPTOR_SIGNALING_PATHWAY	8		Rejected!	
GOBP_POSITIVE_REGULATION_OF_PODOSOME_ASSEMBLY	11		Rejected!	
GOBP_POSITIVE_REGULATION_OF_POST_TRANSCRIPTIONAL_GENE_SILENCING	12		Rejected!	
GOBP_POSITIVE_REGULATION_OF_POST_TRANSLATIONAL_PROTEIN_MODIFICATION	134	123		
GOBP_POSITIVE_REGULATION_OF_POTASSIUM_ION_IMPORT_ACROSS_PLASMA_MEMBRANE	5		Rejected!	
GOBP_POSITIVE_REGULATION_OF_POTASSIUM_ION_TRANSMEMBRANE_TRANSPORT	31	25		
GOBP_POSITIVE_REGULATION_OF_POTASSIUM_ION_TRANSMEMBRANE_TRANSPORTER_ACTIVITY	6		Rejected!	
GOBP_POSITIVE_REGULATION_OF_POTASSIUM_ION_TRANSPORT	39	31		
GOBP_POSITIVE_REGULATION_OF_PRODUCTION_OF_MOLECULAR_MEDIATOR_OF_IMMUNE_RESPONSE	146	101		
GOBP_POSITIVE_REGULATION_OF_PROGRAMMED_CELL_DEATH	582	458		
GOBP_POSITIVE_REGULATION_OF_PROGRAMMED_NECROTIC_CELL_DEATH	11		Rejected!	
GOBP_POSITIVE_REGULATION_OF_PROSTAGLANDIN_BIOSYNTHETIC_PROCESS	7		Rejected!	
GOBP_POSITIVE_REGULATION_OF_PROTEASOMAL_PROTEIN_CATABOLIC_PROCESS	116	100		
GOBP_POSITIVE_REGULATION_OF_PROTEASOMAL_UBIQUITIN_DEPENDENT_PROTEIN_CATABOLIC_PROCESS	82	71		
GOBP_POSITIVE_REGULATION_OF_PROTEIN_ACETYLATION	7		Rejected!	
GOBP_POSITIVE_REGULATION_OF_PROTEIN_AUTOPHOSPHORYLATION	8		Rejected!	
GOBP_POSITIVE_REGULATION_OF_PROTEIN_BINDING	25	25		
GOBP_POSITIVE_REGULATION_OF_PROTEIN_CATABOLIC_PROCESS	216	185		
GOBP_POSITIVE_REGULATION_OF_PROTEIN_CATABOLIC_PROCESS_IN_THE_VACUOLE	7		Rejected!	
GOBP_POSITIVE_REGULATION_OF_PROTEIN_CONTAINING_COMPLEX_ASSEMBLY	206	179		
GOBP_POSITIVE_REGULATION_OF_PROTEIN_CONTAINING_COMPLEX_DISASSEMBLY	40	37		
GOBP_POSITIVE_REGULATION_OF_PROTEIN_DEPOLYMERIZATION	21	20		
GOBP_POSITIVE_REGULATION_OF_PROTEIN_DEUBIQUITINATION	5		Rejected!	
GOBP_POSITIVE_REGULATION_OF_PROTEIN_EXIT_FROM_ENDOPLASMIC_RETICULUM	12		Rejected!	
GOBP_POSITIVE_REGULATION_OF_PROTEIN_EXPORT_FROM_NUCLEUS	20	20		
GOBP_POSITIVE_REGULATION_OF_PROTEIN_IMPORT_INTO_NUCLEUS	40	34		
GOBP_POSITIVE_REGULATION_OF_PROTEIN_K63_LINKED_UBIQUITINATION	8		Rejected!	
GOBP_POSITIVE_REGULATION_OF_PROTEIN_KINASE_A_SIGNALING	5		Rejected!	
GOBP_POSITIVE_REGULATION_OF_PROTEIN_LOCALIZATION	510	442		
GOBP_POSITIVE_REGULATION_OF_PROTEIN_LOCALIZATION_TO_CAJAL_BODY	10		Rejected!	
GOBP_POSITIVE_REGULATION_OF_PROTEIN_LOCALIZATION_TO_CELL_CORTEX	6		Rejected!	
GOBP_POSITIVE_REGULATION_OF_PROTEIN_LOCALIZATION_TO_CELL_PERIPHERY	78	66		
GOBP_POSITIVE_REGULATION_OF_PROTEIN_LOCALIZATION_TO_CELL_SURFACE	23	17		
GOBP_POSITIVE_REGULATION_OF_PROTEIN_LOCALIZATION_TO_CENTROSOME	7		Rejected!	
GOBP_POSITIVE_REGULATION_OF_PROTEIN_LOCALIZATION_TO_CHROMOSOME_TELOMERIC_REGION	6		Rejected!	
GOBP_POSITIVE_REGULATION_OF_PROTEIN_LOCALIZATION_TO_CILIUM	7		Rejected!	
GOBP_POSITIVE_REGULATION_OF_PROTEIN_LOCALIZATION_TO_EARLY_ENDOSOME	10		Rejected!	
GOBP_POSITIVE_REGULATION_OF_PROTEIN_LOCALIZATION_TO_MEMBRANE	111	98		
GOBP_POSITIVE_REGULATION_OF_PROTEIN_LOCALIZATION_TO_NUCLEOLUS	6		Rejected!	
GOBP_POSITIVE_REGULATION_OF_PROTEIN_LOCALIZATION_TO_NUCLEUS	95	79		
GOBP_POSITIVE_REGULATION_OF_PROTEIN_LOCALIZATION_TO_PLASMA_MEMBRANE	66	55		
GOBP_POSITIVE_REGULATION_OF_PROTEIN_LOCALIZATION_TO_SYNAPSE	6		Rejected!	
GOBP_POSITIVE_REGULATION_OF_PROTEIN_MATURATION	26	20		
GOBP_POSITIVE_REGULATION_OF_PROTEIN_METABOLIC_PROCESS	823		Rejected!	
GOBP_POSITIVE_REGULATION_OF_PROTEIN_MODIFICATION_PROCESS	397	344		
GOBP_POSITIVE_REGULATION_OF_PROTEIN_MONOUBIQUITINATION	5		Rejected!	
GOBP_POSITIVE_REGULATION_OF_PROTEIN_NEDDYLATION	5		Rejected!	
GOBP_POSITIVE_REGULATION_OF_PROTEIN_POLYMERIZATION	91	81		
GOBP_POSITIVE_REGULATION_OF_PROTEIN_POLYUBIQUITINATION	18	16		
GOBP_POSITIVE_REGULATION_OF_PROTEIN_SECRETION	157	127		
GOBP_POSITIVE_REGULATION_OF_PROTEIN_SERINE_THREONINE_KINASE_ACTIVITY	65	55		
GOBP_POSITIVE_REGULATION_OF_PROTEIN_SUMOYLATION	13		Rejected!	
GOBP_POSITIVE_REGULATION_OF_PROTEIN_TARGETING_TO_MEMBRANE	27	27		
GOBP_POSITIVE_REGULATION_OF_PROTEIN_TRANSPORT	260	218		
GOBP_POSITIVE_REGULATION_OF_PROTEIN_TYROSINE_KINASE_ACTIVITY	11		Rejected!	
GOBP_POSITIVE_REGULATION_OF_PROTEIN_UBIQUITINATION	110	100		
GOBP_POSITIVE_REGULATION_OF_PROTEOGLYCAN_BIOSYNTHETIC_PROCESS	5		Rejected!	
GOBP_POSITIVE_REGULATION_OF_PROTEOLYSIS	209	176		
GOBP_POSITIVE_REGULATION_OF_PROTEOLYSIS_INVOLVED_IN_PROTEIN_CATABOLIC_PROCESS	139	118		
GOBP_POSITIVE_REGULATION_OF_PSEUDOPODIUM_ASSEMBLY	13		Rejected!	
GOBP_POSITIVE_REGULATION_OF_PYROPTOTIC_INFLAMMATORY_RESPONSE	7		Rejected!	
GOBP_POSITIVE_REGULATION_OF_RAC_PROTEIN_SIGNAL_TRANSDUCTION	17		Rejected!	
GOBP_POSITIVE_REGULATION_OF_RAS_PROTEIN_SIGNAL_TRANSDUCTION	18	17		
GOBP_POSITIVE_REGULATION_OF_REACTIVE_OXYGEN_SPECIES_BIOSYNTHETIC_PROCESS	21	16		
GOBP_POSITIVE_REGULATION_OF_REACTIVE_OXYGEN_SPECIES_METABOLIC_PROCESS	71	53		
GOBP_POSITIVE_REGULATION_OF_RECEPTOR_CATABOLIC_PROCESS	9		Rejected!	
GOBP_POSITIVE_REGULATION_OF_RECEPTOR_CLUSTERING	12		Rejected!	
GOBP_POSITIVE_REGULATION_OF_RECEPTOR_INTERNALIZATION	30	24		
GOBP_POSITIVE_REGULATION_OF_RECEPTOR_MEDIATED_ENDOCYTOSIS	56	41		
GOBP_POSITIVE_REGULATION_OF_RECEPTOR_RECYCLING	14		Rejected!	
GOBP_POSITIVE_REGULATION_OF_RECEPTOR_SIGNALING_PATHWAY_VIA_STAT	49	29		
GOBP_POSITIVE_REGULATION_OF_REGULATED_SECRETORY_PATHWAY	49	42		
GOBP_POSITIVE_REGULATION_OF_REGULATORY_T_CELL_DIFFERENTIATION	24	18		
GOBP_POSITIVE_REGULATION_OF_RELEASE_OF_CYTOCHROME_C_FROM_MITOCHONDRIA	21	19		
GOBP_POSITIVE_REGULATION_OF_RELEASE_OF_SEQUESTERED_CALCIUM_ION_INTO_CYTOSOL	35	27		
GOBP_POSITIVE_REGULATION_OF_REPRODUCTIVE_PROCESS	88	62		
GOBP_POSITIVE_REGULATION_OF_RESPIRATORY_BURST	9		Rejected!	
GOBP_POSITIVE_REGULATION_OF_RESPONSE_TO_BIOTIC_STIMULUS	442	331		
GOBP_POSITIVE_REGULATION_OF_RESPONSE_TO_CYTOKINE_STIMULUS	72	57		
GOBP_POSITIVE_REGULATION_OF_RESPONSE_TO_ENDOPLASMIC_RETICULUM_STRESS	41	38		
GOBP_POSITIVE_REGULATION_OF_RESPONSE_TO_EXTERNAL_STIMULUS	686		Rejected!	
GOBP_POSITIVE_REGULATION_OF_RESPONSE_TO_NUTRIENT_LEVELS	5		Rejected!	
GOBP_POSITIVE_REGULATION_OF_RESPONSE_TO_TUMOR_CELL	18		Rejected!	
GOBP_POSITIVE_REGULATION_OF_RESPONSE_TO_TYPE_II_INTERFERON	6		Rejected!	
GOBP_POSITIVE_REGULATION_OF_RESPONSE_TO_WOUNDING	76	60		
GOBP_POSITIVE_REGULATION_OF_RETINOIC_ACID_RECEPTOR_SIGNALING_PATHWAY	5		Rejected!	
GOBP_POSITIVE_REGULATION_OF_RHO_PROTEIN_SIGNAL_TRANSDUCTION	29	25		
GOBP_POSITIVE_REGULATION_OF_RIG_I_SIGNALING_PATHWAY	12		Rejected!	
GOBP_POSITIVE_REGULATION_OF_RNA_EXPORT_FROM_NUCLEUS	5		Rejected!	
GOBP_POSITIVE_REGULATION_OF_RNA_METABOLIC_PROCESS	1912		Rejected!	
GOBP_POSITIVE_REGULATION_OF_RNA_POLYMERASE_II_TRANSCRIPTION_PREINITIATION_COMPLEX_ASSEMBLY	5		Rejected!	
GOBP_POSITIVE_REGULATION_OF_RNA_SPLICING	48	39		
GOBP_POSITIVE_REGULATION_OF_RRNA_PROCESSING	10		Rejected!	
GOBP_POSITIVE_REGULATION_OF_RUFFLE_ASSEMBLY	15		Rejected!	
GOBP_POSITIVE_REGULATION_OF_SARCOMERE_ORGANIZATION	6		Rejected!	
GOBP_POSITIVE_REGULATION_OF_SECONDARY_METABOLITE_BIOSYNTHETIC_PROCESS	10		Rejected!	
GOBP_POSITIVE_REGULATION_OF_SECRETION	328	265		
GOBP_POSITIVE_REGULATION_OF_SEQUESTERING_OF_CALCIUM_ION	8		Rejected!	
GOBP_POSITIVE_REGULATION_OF_SIGNALING	1871		Rejected!	
GOBP_POSITIVE_REGULATION_OF_SIGNALING_RECEPTOR_ACTIVITY	7		Rejected!	
GOBP_POSITIVE_REGULATION_OF_SIGNAL_TRANSDUCTION_BY_P53_CLASS_MEDIATOR	36	30		
GOBP_POSITIVE_REGULATION_OF_SISTER_CHROMATID_COHESION	10		Rejected!	
GOBP_POSITIVE_REGULATION_OF_SKELETAL_MUSCLE_CELL_DIFFERENTIATION	9		Rejected!	
GOBP_POSITIVE_REGULATION_OF_SKELETAL_MUSCLE_FIBER_DEVELOPMENT	8		Rejected!	
GOBP_POSITIVE_REGULATION_OF_SKELETAL_MUSCLE_TISSUE_GROWTH	5		Rejected!	
GOBP_POSITIVE_REGULATION_OF_SKELETAL_MUSCLE_TISSUE_REGENERATION	5		Rejected!	
GOBP_POSITIVE_REGULATION_OF_SMAD_PROTEIN_SIGNAL_TRANSDUCTION	42	30		
GOBP_POSITIVE_REGULATION_OF_SMALL_GTPASE_MEDIATED_SIGNAL_TRANSDUCTION	73	65		
GOBP_POSITIVE_REGULATION_OF_SMALL_MOLECULE_METABOLIC_PROCESS	159	126		
GOBP_POSITIVE_REGULATION_OF_SMOOTHENED_SIGNALING_PATHWAY	39	37		
GOBP_POSITIVE_REGULATION_OF_SMOOTH_MUSCLE_CELL_APOPTOTIC_PROCESS	19		Rejected!	
GOBP_POSITIVE_REGULATION_OF_SMOOTH_MUSCLE_CELL_DIFFERENTIATION	25	15		
GOBP_POSITIVE_REGULATION_OF_SMOOTH_MUSCLE_CELL_MIGRATION	47	33		
GOBP_POSITIVE_REGULATION_OF_SMOOTH_MUSCLE_CELL_PROLIFERATION	98	68		
GOBP_POSITIVE_REGULATION_OF_SMOOTH_MUSCLE_CONTRACTION	30	26		
GOBP_POSITIVE_REGULATION_OF_SODIUM_ION_TRANSMEMBRANE_TRANSPORT	20	16		
GOBP_POSITIVE_REGULATION_OF_SODIUM_ION_TRANSMEMBRANE_TRANSPORTER_ACTIVITY	7		Rejected!	
GOBP_POSITIVE_REGULATION_OF_SODIUM_ION_TRANSPORT	35	28		
GOBP_POSITIVE_REGULATION_OF_SPHINGOLIPID_BIOSYNTHETIC_PROCESS	7		Rejected!	
GOBP_POSITIVE_REGULATION_OF_SPINDLE_ASSEMBLY	8		Rejected!	
GOBP_POSITIVE_REGULATION_OF_SPINDLE_CHECKPOINT	12		Rejected!	
GOBP_POSITIVE_REGULATION_OF_SPROUTING_ANGIOGENESIS	31	19		
GOBP_POSITIVE_REGULATION_OF_STEM_CELL_DIFFERENTIATION	23	23		
GOBP_POSITIVE_REGULATION_OF_STEM_CELL_POPULATION_MAINTENANCE	50	41		
GOBP_POSITIVE_REGULATION_OF_STEM_CELL_PROLIFERATION	55	40		
GOBP_POSITIVE_REGULATION_OF_STEROID_BIOSYNTHETIC_PROCESS	30	21		
GOBP_POSITIVE_REGULATION_OF_STEROID_HORMONE_BIOSYNTHETIC_PROCESS	5		Rejected!	
GOBP_POSITIVE_REGULATION_OF_STEROID_HORMONE_SECRETION	13		Rejected!	
GOBP_POSITIVE_REGULATION_OF_STEROID_METABOLIC_PROCESS	37	27		
GOBP_POSITIVE_REGULATION_OF_STEROL_TRANSPORT	37	28		
GOBP_POSITIVE_REGULATION_OF_STRESS_ACTIVATED_PROTEIN_KINASE_SIGNALING_CASCADE	21	18		
GOBP_POSITIVE_REGULATION_OF_STRESS_FIBER_ASSEMBLY	52	45		
GOBP_POSITIVE_REGULATION_OF_STRESS_GRANULE_ASSEMBLY	5		Rejected!	
GOBP_POSITIVE_REGULATION_OF_STRIATED_MUSCLE_CELL_APOPTOTIC_PROCESS	17		Rejected!	
GOBP_POSITIVE_REGULATION_OF_STRIATED_MUSCLE_CELL_DIFFERENTIATION	51	30		
GOBP_POSITIVE_REGULATION_OF_STRIATED_MUSCLE_CONTRACTION	14		Rejected!	
GOBP_POSITIVE_REGULATION_OF_SUBSTRATE_ADHESION_DEPENDENT_CELL_SPREADING	43	36		
GOBP_POSITIVE_REGULATION_OF_SULFUR_METABOLIC_PROCESS	5		Rejected!	
GOBP_POSITIVE_REGULATION_OF_SUPRAMOLECULAR_FIBER_ORGANIZATION	178	155		
GOBP_POSITIVE_REGULATION_OF_SYNAPSE_ASSEMBLY	68	59		
GOBP_POSITIVE_REGULATION_OF_SYNAPSE_MATURATION	8		Rejected!	
GOBP_POSITIVE_REGULATION_OF_SYNAPTIC_PLASTICITY	10		Rejected!	
GOBP_POSITIVE_REGULATION_OF_SYNAPTIC_TRANSMISSION	179	141		
GOBP_POSITIVE_REGULATION_OF_SYNAPTIC_TRANSMISSION_CHOLINERGIC	7		Rejected!	
GOBP_POSITIVE_REGULATION_OF_SYNAPTIC_TRANSMISSION_GABAERGIC	16	15		
GOBP_POSITIVE_REGULATION_OF_SYNAPTIC_TRANSMISSION_GLUTAMATERGIC	32	26		
GOBP_POSITIVE_REGULATION_OF_SYNAPTIC_VESICLE_EXOCYTOSIS	5		Rejected!	
GOBP_POSITIVE_REGULATION_OF_SYNAPTIC_VESICLE_FUSION_TO_PRESYNAPTIC_ACTIVE_ZONE_MEMBRANE	15	15		
GOBP_POSITIVE_REGULATION_OF_SYNAPTIC_VESICLE_RECYCLING	7		Rejected!	
GOBP_POSITIVE_REGULATION_OF_SYNCYTIUM_FORMATION_BY_PLASMA_MEMBRANE_FUSION	24	15		
GOBP_POSITIVE_REGULATION_OF_SYSTEMIC_ARTERIAL_BLOOD_PRESSURE	17		Rejected!	
GOBP_POSITIVE_REGULATION_OF_TELOMERASE_RNA_LOCALIZATION_TO_CAJAL_BODY	9		Rejected!	
GOBP_POSITIVE_REGULATION_OF_TELOMERE_CAPPING	5		Rejected!	
GOBP_POSITIVE_REGULATION_OF_TELOMERE_MAINTENANCE	74	63		
GOBP_POSITIVE_REGULATION_OF_TELOMERE_MAINTENANCE_VIA_TELOMERE_LENGTHENING	26	21		
GOBP_POSITIVE_REGULATION_OF_THE_FORCE_OF_HEART_CONTRACTION	5		Rejected!	
GOBP_POSITIVE_REGULATION_OF_THYMOCYTE_APOPTOTIC_PROCESS	5		Rejected!	
GOBP_POSITIVE_REGULATION_OF_TISSUE_REMODELING	23		Rejected!	
GOBP_POSITIVE_REGULATION_OF_TOLERANCE_INDUCTION	12		Rejected!	
GOBP_POSITIVE_REGULATION_OF_TOLL_LIKE_RECEPTOR_2_SIGNALING_PATHWAY	7		Rejected!	
GOBP_POSITIVE_REGULATION_OF_TOLL_LIKE_RECEPTOR_3_SIGNALING_PATHWAY	8		Rejected!	
GOBP_POSITIVE_REGULATION_OF_TOLL_LIKE_RECEPTOR_4_SIGNALING_PATHWAY	14		Rejected!	
GOBP_POSITIVE_REGULATION_OF_TOLL_LIKE_RECEPTOR_7_SIGNALING_PATHWAY	5		Rejected!	
GOBP_POSITIVE_REGULATION_OF_TOLL_LIKE_RECEPTOR_9_SIGNALING_PATHWAY	6		Rejected!	
GOBP_POSITIVE_REGULATION_OF_TOOTH_MINERALIZATION	8		Rejected!	
GOBP_POSITIVE_REGULATION_OF_TORC1_SIGNALING	55	49		
GOBP_POSITIVE_REGULATION_OF_TORC2_SIGNALING	8		Rejected!	
GOBP_POSITIVE_REGULATION_OF_TOR_SIGNALING	78	66		
GOBP_POSITIVE_REGULATION_OF_TRANSCRIPTION_BY_GLUCOSE	6		Rejected!	
GOBP_POSITIVE_REGULATION_OF_TRANSCRIPTION_BY_RNA_POLYMERASE_I	36	30		
GOBP_POSITIVE_REGULATION_OF_TRANSCRIPTION_BY_RNA_POLYMERASE_II	1248		Rejected!	
GOBP_POSITIVE_REGULATION_OF_TRANSCRIPTION_BY_RNA_POLYMERASE_III	18	18		
GOBP_POSITIVE_REGULATION_OF_TRANSCRIPTION_OF_NOTCH_RECEPTOR_TARGET	7		Rejected!	
GOBP_POSITIVE_REGULATION_OF_TRANSCRIPTION_OF_NUCLEOLAR_LARGE_RRNA_BY_RNA_POLYMERASE_I	10		Rejected!	
GOBP_POSITIVE_REGULATION_OF_TRANSCRIPTION_REGULATORY_REGION_DNA_BINDING	15		Rejected!	
GOBP_POSITIVE_REGULATION_OF_TRANSFERASE_ACTIVITY	176	149		
GOBP_POSITIVE_REGULATION_OF_TRANSFORMING_GROWTH_FACTOR_BETA1_PRODUCTION	6		Rejected!	
GOBP_POSITIVE_REGULATION_OF_TRANSFORMING_GROWTH_FACTOR_BETA_PRODUCTION	20		Rejected!	
GOBP_POSITIVE_REGULATION_OF_TRANSLATION	137	118		
GOBP_POSITIVE_REGULATION_OF_TRANSLATIONAL_ELONGATION	5		Rejected!	
GOBP_POSITIVE_REGULATION_OF_TRANSLATIONAL_INITIATION	30	23		
GOBP_POSITIVE_REGULATION_OF_TRANSLATION_IN_RESPONSE_TO_ENDOPLASMIC_RETICULUM_STRESS	5		Rejected!	
GOBP_POSITIVE_REGULATION_OF_TRANSLATION_IN_RESPONSE_TO_STRESS	8		Rejected!	
GOBP_POSITIVE_REGULATION_OF_TRANSMEMBRANE_RECEPTOR_PROTEIN_SERINE_THREONINE_KINASE_SIGNALING_PATHWAY	111	88		
GOBP_POSITIVE_REGULATION_OF_TRANSMEMBRANE_TRANSPORT	192	153		
GOBP_POSITIVE_REGULATION_OF_TRANSMISSION_OF_NERVE_IMPULSE	7		Rejected!	
GOBP_POSITIVE_REGULATION_OF_TRANSPORT	854		Rejected!	
GOBP_POSITIVE_REGULATION_OF_TRANSPORTER_ACTIVITY	43	39		
GOBP_POSITIVE_REGULATION_OF_TRIGLYCERIDE_BIOSYNTHETIC_PROCESS	14		Rejected!	
GOBP_POSITIVE_REGULATION_OF_TRIGLYCERIDE_CATABOLIC_PROCESS	8		Rejected!	
GOBP_POSITIVE_REGULATION_OF_TRIGLYCERIDE_METABOLIC_PROCESS	23	18		
GOBP_POSITIVE_REGULATION_OF_TROPHOBLAST_CELL_MIGRATION	7		Rejected!	
GOBP_POSITIVE_REGULATION_OF_TUMOR_NECROSIS_FACTOR_MEDIATED_SIGNALING_PATHWAY	17		Rejected!	
GOBP_POSITIVE_REGULATION_OF_TUMOR_NECROSIS_FACTOR_SUPERFAMILY_CYTOKINE_PRODUCTION	116	83		
GOBP_POSITIVE_REGULATION_OF_TYPE_2_IMMUNE_RESPONSE	18		Rejected!	
GOBP_POSITIVE_REGULATION_OF_TYPE_2_MITOPHAGY	11		Rejected!	
GOBP_POSITIVE_REGULATION_OF_TYPE_B_PANCREATIC_CELL_APOPTOTIC_PROCESS	5		Rejected!	
GOBP_POSITIVE_REGULATION_OF_TYPE_II_INTERFERON_PRODUCTION	78	45		
GOBP_POSITIVE_REGULATION_OF_TYPE_I_INTERFERON_MEDIATED_SIGNALING_PATHWAY	20	19		
GOBP_POSITIVE_REGULATION_OF_TYPE_I_INTERFERON_PRODUCTION	77	68		
GOBP_POSITIVE_REGULATION_OF_T_CELL_APOPTOTIC_PROCESS	16		Rejected!	
GOBP_POSITIVE_REGULATION_OF_T_CELL_CYTOKINE_PRODUCTION	28	17		
GOBP_POSITIVE_REGULATION_OF_T_CELL_DIFFERENTIATION_IN_THYMUS	11		Rejected!	
GOBP_POSITIVE_REGULATION_OF_T_CELL_MEDIATED_CYTOTOXICITY	38	28		
GOBP_POSITIVE_REGULATION_OF_T_CELL_MEDIATED_IMMUNE_RESPONSE_TO_TUMOR_CELL	9		Rejected!	
GOBP_POSITIVE_REGULATION_OF_T_CELL_MEDIATED_IMMUNITY	72	52		
GOBP_POSITIVE_REGULATION_OF_T_CELL_MIGRATION	37	26		
GOBP_POSITIVE_REGULATION_OF_T_CELL_PROLIFERATION	108	74		
GOBP_POSITIVE_REGULATION_OF_T_CELL_RECEPTOR_SIGNALING_PATHWAY	19	17		
GOBP_POSITIVE_REGULATION_OF_T_CELL_TOLERANCE_INDUCTION	10		Rejected!	
GOBP_POSITIVE_REGULATION_OF_T_HELPER_17_CELL_DIFFERENTIATION	12		Rejected!	
GOBP_POSITIVE_REGULATION_OF_T_HELPER_17_CELL_LINEAGE_COMMITMENT	8		Rejected!	
GOBP_POSITIVE_REGULATION_OF_T_HELPER_17_TYPE_IMMUNE_RESPONSE	20		Rejected!	
GOBP_POSITIVE_REGULATION_OF_T_HELPER_1_CELL_DIFFERENTIATION	6		Rejected!	
GOBP_POSITIVE_REGULATION_OF_T_HELPER_1_TYPE_IMMUNE_RESPONSE	18		Rejected!	
GOBP_POSITIVE_REGULATION_OF_T_HELPER_2_CELL_CYTOKINE_PRODUCTION	9		Rejected!	
GOBP_POSITIVE_REGULATION_OF_T_HELPER_2_CELL_DIFFERENTIATION	7		Rejected!	
GOBP_POSITIVE_REGULATION_OF_T_HELPER_CELL_DIFFERENTIATION	27	15		
GOBP_POSITIVE_REGULATION_OF_UBIQUITIN_DEPENDENT_PROTEIN_CATABOLIC_PROCESS	108	92		
GOBP_POSITIVE_REGULATION_OF_UBIQUITIN_PROTEIN_LIGASE_ACTIVITY	8		Rejected!	
GOBP_POSITIVE_REGULATION_OF_UBIQUITIN_PROTEIN_TRANSFERASE_ACTIVITY	15		Rejected!	
GOBP_POSITIVE_REGULATION_OF_UNSATURATED_FATTY_ACID_BIOSYNTHETIC_PROCESS	9		Rejected!	
GOBP_POSITIVE_REGULATION_OF_URINE_VOLUME	12		Rejected!	
GOBP_POSITIVE_REGULATION_OF_UTERINE_SMOOTH_MUSCLE_CONTRACTION	7		Rejected!	
GOBP_POSITIVE_REGULATION_OF_VACUOLE_ORGANIZATION	25	22		
GOBP_POSITIVE_REGULATION_OF_VASCULAR_ASSOCIATED_SMOOTH_MUSCLE_CELL_APOPTOTIC_PROCESS	11		Rejected!	
GOBP_POSITIVE_REGULATION_OF_VASCULAR_ASSOCIATED_SMOOTH_MUSCLE_CELL_DIFFERENTIATION	13		Rejected!	
GOBP_POSITIVE_REGULATION_OF_VASCULAR_ASSOCIATED_SMOOTH_MUSCLE_CELL_MIGRATION	27	16		
GOBP_POSITIVE_REGULATION_OF_VASCULAR_ASSOCIATED_SMOOTH_MUSCLE_CELL_PROLIFERATION	53	32		
GOBP_POSITIVE_REGULATION_OF_VASCULAR_ENDOTHELIAL_CELL_PROLIFERATION	27		Rejected!	
GOBP_POSITIVE_REGULATION_OF_VASCULAR_ENDOTHELIAL_GROWTH_FACTOR_PRODUCTION	32	24		
GOBP_POSITIVE_REGULATION_OF_VASCULAR_ENDOTHELIAL_GROWTH_FACTOR_RECEPTOR_SIGNALING_PATHWAY	19	15		
GOBP_POSITIVE_REGULATION_OF_VASCULAR_ENDOTHELIAL_GROWTH_FACTOR_SIGNALING_PATHWAY	15		Rejected!	
GOBP_POSITIVE_REGULATION_OF_VASCULAR_PERMEABILITY	18	18		
GOBP_POSITIVE_REGULATION_OF_VASCULAR_WOUND_HEALING	6		Rejected!	
GOBP_POSITIVE_REGULATION_OF_VASCULATURE_DEVELOPMENT	193	138		
GOBP_POSITIVE_REGULATION_OF_VASCULOGENESIS	12		Rejected!	
GOBP_POSITIVE_REGULATION_OF_VASOCONSTRICTION	29	20		
GOBP_POSITIVE_REGULATION_OF_VESICLE_FUSION	22	21		
GOBP_POSITIVE_REGULATION_OF_VIRAL_GENOME_REPLICATION	31	24		
GOBP_POSITIVE_REGULATION_OF_VIRAL_LIFE_CYCLE	25	21		
GOBP_POSITIVE_REGULATION_OF_VIRAL_PROCESS	64	53		
GOBP_POSITIVE_REGULATION_OF_VITAMIN_D_RECEPTOR_SIGNALING_PATHWAY	6		Rejected!	
GOBP_POSITIVE_REGULATION_OF_VOLTAGE_GATED_CALCIUM_CHANNEL_ACTIVITY	5		Rejected!	
GOBP_POSITIVE_REGULATION_OF_WNT_SIGNALING_PATHWAY	155	130		
GOBP_POSITIVE_REGULATION_OF_WNT_SIGNALING_PATHWAY_PLANAR_CELL_POLARITY_PATHWAY	9		Rejected!	
GOBP_POSITIVE_REGULATION_OF_WOUND_HEALING_SPREADING_OF_EPIDERMAL_CELLS	6		Rejected!	
GOBP_POSITIVE_THYMIC_T_CELL_SELECTION	15		Rejected!	
GOBP_POSITIVE_T_CELL_SELECTION	51	33		
GOBP_POSTREPLICATION_REPAIR	38	32		
GOBP_POSTSYNAPSE_ASSEMBLY	86	74		
GOBP_POSTSYNAPSE_ORGANIZATION	243	213		
GOBP_POSTSYNAPSE_TO_NUCLEUS_SIGNALING_PATHWAY	7		Rejected!	
GOBP_POSTSYNAPTIC_ACTIN_CYTOSKELETON_ORGANIZATION	20	16		
GOBP_POSTSYNAPTIC_CYTOSKELETON_ORGANIZATION	25	21		
GOBP_POSTSYNAPTIC_DENSITY_ASSEMBLY	29	21		
GOBP_POSTSYNAPTIC_DENSITY_ORGANIZATION	47	38		
GOBP_POSTSYNAPTIC_DENSITY_PROTEIN_95_CLUSTERING	10		Rejected!	
GOBP_POSTSYNAPTIC_MEMBRANE_ASSEMBLY	8		Rejected!	
GOBP_POSTSYNAPTIC_MEMBRANE_ORGANIZATION	43	40		
GOBP_POSTSYNAPTIC_MODULATION_OF_CHEMICAL_SYNAPTIC_TRANSMISSION	32	26		
GOBP_POSTSYNAPTIC_SIGNAL_TRANSDUCTION	54	44		
GOBP_POSTSYNAPTIC_SPECIALIZATION_ASSEMBLY	36	27		
GOBP_POSTSYNAPTIC_SPECIALIZATION_ORGANIZATION	56	46		
GOBP_POST_ANAL_TAIL_MORPHOGENESIS	21	18		
GOBP_POST_CHAPERONIN_TUBULIN_FOLDING_PATHWAY	7		Rejected!	
GOBP_POST_EMBRYONIC_ANIMAL_MORPHOGENESIS	6		Rejected!	
GOBP_POST_EMBRYONIC_CAMERA_TYPE_EYE_DEVELOPMENT	8		Rejected!	
GOBP_POST_EMBRYONIC_DEVELOPMENT	97	82		
GOBP_POST_EMBRYONIC_EYE_MORPHOGENESIS	7		Rejected!	
GOBP_POST_EMBRYONIC_HEMOPOIESIS	5		Rejected!	
GOBP_POST_GOLGI_VESICLE_MEDIATED_TRANSPORT	112	99		
GOBP_POST_TRANSCRIPTIONAL_REGULATION_OF_GENE_EXPRESSION	1101	453		
GOBP_POST_TRANSLATIONAL_PROTEIN_MODIFICATION	989		Rejected!	
GOBP_POST_TRANSLATIONAL_PROTEIN_TARGETING_TO_ENDOPLASMIC_RETICULUM_MEMBRANE	16	16		
GOBP_POST_TRANSLATIONAL_PROTEIN_TARGETING_TO_MEMBRANE_TRANSLOCATION	8		Rejected!	
GOBP_POTASSIUM_ION_EXPORT_ACROSS_PLASMA_MEMBRANE	24	18		
GOBP_POTASSIUM_ION_HOMEOSTASIS	36	27		
GOBP_POTASSIUM_ION_IMPORT_ACROSS_PLASMA_MEMBRANE	52	41		
GOBP_POTASSIUM_ION_TRANSPORT	241	198		
GOBP_PRENYLATION	11		Rejected!	
GOBP_PREPULSE_INHIBITION	13		Rejected!	
GOBP_PRESYNAPSE_ASSEMBLY	46	38		
GOBP_PRESYNAPSE_ORGANIZATION	57	47		
GOBP_PRESYNAPTIC_ACTIVE_ZONE_ORGANIZATION	11		Rejected!	
GOBP_PRESYNAPTIC_CYTOSKELETON_ORGANIZATION	7		Rejected!	
GOBP_PRESYNAPTIC_DENSE_CORE_VESICLE_EXOCYTOSIS	5		Rejected!	
GOBP_PRESYNAPTIC_ENDOCYTOSIS	80	72		
GOBP_PRESYNAPTIC_MEMBRANE_ASSEMBLY	9		Rejected!	
GOBP_PRESYNAPTIC_MEMBRANE_ORGANIZATION	11		Rejected!	
GOBP_PRESYNAPTIC_MODULATION_OF_CHEMICAL_SYNAPTIC_TRANSMISSION	38	37		
GOBP_PRE_B_CELL_DIFFERENTIATION	6		Rejected!	
GOBP_PRE_MIRNA_PROCESSING	17		Rejected!	
GOBP_PRIMARY_ALCOHOL_BIOSYNTHETIC_PROCESS	14		Rejected!	
GOBP_PRIMARY_ALCOHOL_CATABOLIC_PROCESS	17		Rejected!	
GOBP_PRIMARY_ALCOHOL_METABOLIC_PROCESS	103	71		
GOBP_PRIMARY_AMINO_COMPOUND_BIOSYNTHETIC_PROCESS	6		Rejected!	
GOBP_PRIMARY_AMINO_COMPOUND_METABOLIC_PROCESS	16		Rejected!	
GOBP_PRIMARY_MIRNA_PROCESSING	18		Rejected!	
GOBP_PRIMITIVE_ERYTHROCYTE_DIFFERENTIATION	5		Rejected!	
GOBP_PRIMITIVE_HEMOPOIESIS	9		Rejected!	
GOBP_PRIMITIVE_STREAK_FORMATION	11		Rejected!	
GOBP_PROCESS_UTILIZING_AUTOPHAGIC_MECHANISM	609		Rejected!	
GOBP_PRODUCTION_OF_MOLECULAR_MEDIATOR_INVOLVED_IN_INFLAMMATORY_RESPONSE	121	78		
GOBP_PRODUCTION_OF_MOLECULAR_MEDIATOR_OF_IMMUNE_RESPONSE	237	167		
GOBP_PROGESTERONE_BIOSYNTHETIC_PROCESS	7		Rejected!	
GOBP_PROGESTERONE_METABOLIC_PROCESS	17		Rejected!	
GOBP_PROGESTERONE_RECEPTOR_SIGNALING_PATHWAY	12		Rejected!	
GOBP_PROGRAMMED_CELL_DEATH_INVOLVED_IN_CELL_DEVELOPMENT	25	21		
GOBP_PROGRAMMED_CELL_DEATH_IN_RESPONSE_TO_REACTIVE_OXYGEN_SPECIES	22	15		
GOBP_PROGRAMMED_NECROTIC_CELL_DEATH	61	44		
GOBP_PROLACTIN_SECRETION	5		Rejected!	
GOBP_PROLACTIN_SIGNALING_PATHWAY	5		Rejected!	
GOBP_PROLINE_BIOSYNTHETIC_PROCESS	6		Rejected!	
GOBP_PROLINE_METABOLIC_PROCESS	10		Rejected!	
GOBP_PROLINE_TRANSMEMBRANE_TRANSPORT	11		Rejected!	
GOBP_PROLINE_TRANSPORT	13		Rejected!	
GOBP_PROMOTER_CLEARANCE_DURING_DNA_TEMPLATED_TRANSCRIPTION	7		Rejected!	
GOBP_PRONEPHROS_DEVELOPMENT	10		Rejected!	
GOBP_PROPIONATE_METABOLIC_PROCESS	5		Rejected!	
GOBP_PROPRIOCEPTION	5		Rejected!	
GOBP_PROSTAGLANDIN_SECRETION	17		Rejected!	
GOBP_PROSTAGLANDIN_TRANSPORT	28	21		
GOBP_PROSTANOID_BIOSYNTHETIC_PROCESS	33	26		
GOBP_PROSTANOID_METABOLIC_PROCESS	51	42		
GOBP_PROSTATE_GLANDULAR_ACINUS_DEVELOPMENT	11		Rejected!	
GOBP_PROSTATE_GLANDULAR_ACINUS_MORPHOGENESIS	7		Rejected!	
GOBP_PROSTATE_GLAND_DEVELOPMENT	51	45		
GOBP_PROSTATE_GLAND_GROWTH	12		Rejected!	
GOBP_PROSTATE_GLAND_MORPHOGENESIS	30	29		
GOBP_PROSTATIC_BUD_FORMATION	9		Rejected!	
GOBP_PROSTHETIC_GROUP_METABOLIC_PROCESS	6		Rejected!	
GOBP_PROTEASOMAL_PROTEIN_CATABOLIC_PROCESS	606		Rejected!	
GOBP_PROTEASOME_ASSEMBLY	15	15		
GOBP_PROTEASOME_MEDIATED_UBIQUITIN_DEPENDENT_PROTEIN_CATABOLIC_PROCESS	473	403		
GOBP_PROTECTION_FROM_NATURAL_KILLER_CELL_MEDIATED_CYTOTOXICITY	6		Rejected!	
GOBP_PROTECTION_FROM_NON_HOMOLOGOUS_END_JOINING_AT_TELOMERE	9		Rejected!	
GOBP_PROTEINOGENIC_AMINO_ACID_BIOSYNTHETIC_PROCESS	44	35		
GOBP_PROTEINOGENIC_AMINO_ACID_METABOLIC_PROCESS	163	131		
GOBP_PROTEIN_ACETYLATION	42	33		
GOBP_PROTEIN_ACTIVATION_CASCADE	20		Rejected!	
GOBP_PROTEIN_ACYLATION	75	63		
GOBP_PROTEIN_AUTOPHOSPHORYLATION	140	120		
GOBP_PROTEIN_AUTOPROCESSING	25	23		
GOBP_PROTEIN_AUTOUBIQUITINATION	75	68		
GOBP_PROTEIN_AUTO_ADP_RIBOSYLATION	11		Rejected!	
GOBP_PROTEIN_BRANCHED_POLYUBIQUITINATION	19	19		
GOBP_PROTEIN_CATABOLIC_PROCESS	1089		Rejected!	
GOBP_PROTEIN_CATABOLIC_PROCESS_IN_THE_VACUOLE	29	23		
GOBP_PROTEIN_COMPLEX_OLIGOMERIZATION	277	236		
GOBP_PROTEIN_CONTAINING_COMPLEX_DISASSEMBLY	267	239		
GOBP_PROTEIN_CONTAINING_COMPLEX_LOCALIZATION	221	206		
GOBP_PROTEIN_CONTAINING_COMPLEX_ORGANIZATION	1898		Rejected!	
GOBP_PROTEIN_CONTAINING_COMPLEX_REMODELING	44	29		
GOBP_PROTEIN_DEACETYLATION	25	20		
GOBP_PROTEIN_DEACYLATION	33	27		
GOBP_PROTEIN_DEGLUTAMYLATION	8		Rejected!	
GOBP_PROTEIN_DEGLYCOSYLATION	20	15		
GOBP_PROTEIN_DELIPIDATION	5		Rejected!	
GOBP_PROTEIN_DENEDDYLATION	11		Rejected!	
GOBP_PROTEIN_DEPALMITOYLATION	7		Rejected!	
GOBP_PROTEIN_DEPHOSPHORYLATION	87	67		
GOBP_PROTEIN_DEPOLYMERIZATION	122	106		
GOBP_PROTEIN_DESTABILIZATION	56	44		
GOBP_PROTEIN_DESUMOYLATION	9		Rejected!	
GOBP_PROTEIN_DEUBIQUITINATION_INVOLVED_IN_UBIQUITIN_DEPENDENT_PROTEIN_CATABOLIC_PROCESS	8		Rejected!	
GOBP_PROTEIN_DE_ADP_RIBOSYLATION	6		Rejected!	
GOBP_PROTEIN_DNA_COMPLEX_DISASSEMBLY	23	18		
GOBP_PROTEIN_DNA_COMPLEX_ORGANIZATION	263	199		
GOBP_PROTEIN_DNA_COVALENT_CROSS_LINKING_REPAIR	9		Rejected!	
GOBP_PROTEIN_EXIT_FROM_ENDOPLASMIC_RETICULUM	50	45		
GOBP_PROTEIN_EXPORT_FROM_NUCLEUS	63	62		
GOBP_PROTEIN_FOLDING	233	189		
GOBP_PROTEIN_FOLDING_IN_ENDOPLASMIC_RETICULUM	12		Rejected!	
GOBP_PROTEIN_GERANYLGERANYLATION	7		Rejected!	
GOBP_PROTEIN_HETEROOLIGOMERIZATION	31	28		
GOBP_PROTEIN_HETEROTETRAMERIZATION	16	15		
GOBP_PROTEIN_HEXAMERIZATION	9		Rejected!	
GOBP_PROTEIN_HOMOOLIGOMERIZATION	209	178		
GOBP_PROTEIN_HOMOTETRAMERIZATION	66	55		
GOBP_PROTEIN_HOMOTRIMERIZATION	15		Rejected!	
GOBP_PROTEIN_HYDROXYLATION	16	16		
GOBP_PROTEIN_IMPORT	11		Rejected!	
GOBP_PROTEIN_IMPORT_INTO_MITOCHONDRIAL_MATRIX	24	23		
GOBP_PROTEIN_IMPORT_INTO_PEROXISOME_MATRIX	15	15		
GOBP_PROTEIN_IMPORT_INTO_PEROXISOME_MATRIX_RECEPTOR_RECYCLING	7		Rejected!	
GOBP_PROTEIN_IMPORT_INTO_PEROXISOME_MATRIX_SUBSTRATE_RELEASE	5		Rejected!	
GOBP_PROTEIN_IMPORT_INTO_PEROXISOME_MEMBRANE	6		Rejected!	
GOBP_PROTEIN_INSERTION_INTO_ER_MEMBRANE	31	29		
GOBP_PROTEIN_INSERTION_INTO_ER_MEMBRANE_BY_STOP_TRANSFER_MEMBRANE_ANCHOR_SEQUENCE	11		Rejected!	
GOBP_PROTEIN_INSERTION_INTO_MEMBRANE	47	43		
GOBP_PROTEIN_INSERTION_INTO_MEMBRANE_FROM_INNER_SIDE	5		Rejected!	
GOBP_PROTEIN_INSERTION_INTO_MITOCHONDRIAL_INNER_MEMBRANE	13		Rejected!	
GOBP_PROTEIN_INSERTION_INTO_MITOCHONDRIAL_MEMBRANE	7		Rejected!	
GOBP_PROTEIN_INSERTION_INTO_MITOCHONDRIAL_OUTER_MEMBRANE	12		Rejected!	
GOBP_PROTEIN_K11_LINKED_DEUBIQUITINATION	11		Rejected!	
GOBP_PROTEIN_K11_LINKED_UBIQUITINATION	39	37		
GOBP_PROTEIN_K27_LINKED_UBIQUITINATION	13		Rejected!	
GOBP_PROTEIN_K29_LINKED_UBIQUITINATION	11		Rejected!	
GOBP_PROTEIN_K48_LINKED_DEUBIQUITINATION	27	23		
GOBP_PROTEIN_K48_LINKED_UBIQUITINATION	101	95		
GOBP_PROTEIN_K63_LINKED_DEUBIQUITINATION	28	25		
GOBP_PROTEIN_K63_LINKED_UBIQUITINATION	70	62		
GOBP_PROTEIN_K6_LINKED_UBIQUITINATION	16		Rejected!	
GOBP_PROTEIN_KINASE_A_SIGNALING	21	15		
GOBP_PROTEIN_KINASE_C_SIGNALING	9		Rejected!	
GOBP_PROTEIN_LINEAR_POLYUBIQUITINATION	5		Rejected!	
GOBP_PROTEIN_LIPID_COMPLEX_ASSEMBLY	30	23		
GOBP_PROTEIN_LIPID_COMPLEX_ORGANIZATION	62	44		
GOBP_PROTEIN_LOCALIZATION_TO_ACTIN_CYTOSKELETON	5		Rejected!	
GOBP_PROTEIN_LOCALIZATION_TO_ADHERENS_JUNCTION	7		Rejected!	
GOBP_PROTEIN_LOCALIZATION_TO_AXON	10		Rejected!	
GOBP_PROTEIN_LOCALIZATION_TO_BICELLULAR_TIGHT_JUNCTION	6		Rejected!	
GOBP_PROTEIN_LOCALIZATION_TO_CELL_CELL_JUNCTION	27	22		
GOBP_PROTEIN_LOCALIZATION_TO_CELL_CORTEX	12		Rejected!	
GOBP_PROTEIN_LOCALIZATION_TO_CELL_JUNCTION	125	111		
GOBP_PROTEIN_LOCALIZATION_TO_CELL_LEADING_EDGE	7		Rejected!	
GOBP_PROTEIN_LOCALIZATION_TO_CELL_PERIPHERY	369	318		
GOBP_PROTEIN_LOCALIZATION_TO_CELL_SURFACE	68	54		
GOBP_PROTEIN_LOCALIZATION_TO_CENP_A_CONTAINING_CHROMATIN	18		Rejected!	
GOBP_PROTEIN_LOCALIZATION_TO_CHROMATIN	63	47		
GOBP_PROTEIN_LOCALIZATION_TO_CHROMOSOME	128	107		
GOBP_PROTEIN_LOCALIZATION_TO_CHROMOSOME_CENTROMERIC_REGION	41	30		
GOBP_PROTEIN_LOCALIZATION_TO_CHROMOSOME_TELOMERIC_REGION	26	23		
GOBP_PROTEIN_LOCALIZATION_TO_CILIARY_MEMBRANE	12		Rejected!	
GOBP_PROTEIN_LOCALIZATION_TO_CILIARY_TRANSITION_ZONE	8		Rejected!	
GOBP_PROTEIN_LOCALIZATION_TO_CILIUM	76	69		
GOBP_PROTEIN_LOCALIZATION_TO_CONDENSED_CHROMOSOME	15	15		
GOBP_PROTEIN_LOCALIZATION_TO_CYTOPLASMIC_STRESS_GRANULE	8		Rejected!	
GOBP_PROTEIN_LOCALIZATION_TO_CYTOSKELETON	66	58		
GOBP_PROTEIN_LOCALIZATION_TO_EARLY_ENDOSOME	12		Rejected!	
GOBP_PROTEIN_LOCALIZATION_TO_ENDOPLASMIC_RETICULUM	82	68		
GOBP_PROTEIN_LOCALIZATION_TO_ENDOPLASMIC_RETICULUM_EXIT_SITE	9		Rejected!	
GOBP_PROTEIN_LOCALIZATION_TO_ENDOSOME	27	25		
GOBP_PROTEIN_LOCALIZATION_TO_EXTRACELLULAR_REGION	393	315		
GOBP_PROTEIN_LOCALIZATION_TO_GOLGI_APPARATUS	35	32		
GOBP_PROTEIN_LOCALIZATION_TO_GOLGI_MEMBRANE	8		Rejected!	
GOBP_PROTEIN_LOCALIZATION_TO_LYSOSOME	52	47		
GOBP_PROTEIN_LOCALIZATION_TO_MEMBRANE_RAFT	10		Rejected!	
GOBP_PROTEIN_LOCALIZATION_TO_MICROTUBULE	19	17		
GOBP_PROTEIN_LOCALIZATION_TO_MICROTUBULE_ORGANIZING_CENTER	38	33		
GOBP_PROTEIN_LOCALIZATION_TO_MITOCHONDRION	137	128		
GOBP_PROTEIN_LOCALIZATION_TO_MOTILE_CILIUM	5		Rejected!	
GOBP_PROTEIN_LOCALIZATION_TO_NON_MOTILE_CILIUM	15		Rejected!	
GOBP_PROTEIN_LOCALIZATION_TO_NUCLEAR_ENVELOPE	14		Rejected!	
GOBP_PROTEIN_LOCALIZATION_TO_NUCLEOLUS	20	17		
GOBP_PROTEIN_LOCALIZATION_TO_NUCLEOPLASM	14		Rejected!	
GOBP_PROTEIN_LOCALIZATION_TO_NUCLEUS	328	287		
GOBP_PROTEIN_LOCALIZATION_TO_ORGANELLE	1024		Rejected!	
GOBP_PROTEIN_LOCALIZATION_TO_PERINUCLEAR_REGION_OF_CYTOPLASM	9		Rejected!	
GOBP_PROTEIN_LOCALIZATION_TO_PHAGOPHORE_ASSEMBLY_SITE	17	17		
GOBP_PROTEIN_LOCALIZATION_TO_PHOTORECEPTOR_OUTER_SEGMENT	7		Rejected!	
GOBP_PROTEIN_LOCALIZATION_TO_PLASMA_MEMBRANE	298	258		
GOBP_PROTEIN_LOCALIZATION_TO_PLASMA_MEMBRANE_RAFT	5		Rejected!	
GOBP_PROTEIN_LOCALIZATION_TO_POSTSYNAPSE	57	49		
GOBP_PROTEIN_LOCALIZATION_TO_PRESYNAPSE	11		Rejected!	
GOBP_PROTEIN_LOCALIZATION_TO_SITE_OF_DOUBLE_STRAND_BREAK	16	16		
GOBP_PROTEIN_LOCALIZATION_TO_SYNAPSE	90	81		
GOBP_PROTEIN_LOCALIZATION_TO_VACUOLE	81	72		
GOBP_PROTEIN_MATURATION	598	475		
GOBP_PROTEIN_METHYLATION	42	37		
GOBP_PROTEIN_MODIFICATION_BY_SMALL_PROTEIN_CONJUGATION	819		Rejected!	
GOBP_PROTEIN_MODIFICATION_BY_SMALL_PROTEIN_REMOVAL	141	106		
GOBP_PROTEIN_MONOUBIQUITINATION	54	50		
GOBP_PROTEIN_NEDDYLATION	28	26		
GOBP_PROTEIN_NITROSYLATION	5		Rejected!	
GOBP_PROTEIN_N_LINKED_GLYCOSYLATION	74	64		
GOBP_PROTEIN_N_LINKED_GLYCOSYLATION_VIA_ASPARAGINE	43	40		
GOBP_PROTEIN_OXIDATION	6		Rejected!	
GOBP_PROTEIN_O_LINKED_FUCOSYLATION	6		Rejected!	
GOBP_PROTEIN_O_LINKED_GLYCOSYLATION	102	89		
GOBP_PROTEIN_O_LINKED_GLYCOSYLATION_VIA_SERINE	10		Rejected!	
GOBP_PROTEIN_O_LINKED_GLYCOSYLATION_VIA_THREONINE	10		Rejected!	
GOBP_PROTEIN_PALMITOYLATION	26	23		
GOBP_PROTEIN_POLYGLUTAMYLATION	6		Rejected!	
GOBP_PROTEIN_POLYMERIZATION	285	250		
GOBP_PROTEIN_POLYUBIQUITINATION	265	243		
GOBP_PROTEIN_POLYUFMYLATION	5		Rejected!	
GOBP_PROTEIN_POLY_ADP_RIBOSYLATION	10		Rejected!	
GOBP_PROTEIN_PROCESSING	239	187		
GOBP_PROTEIN_PROCESSING_INVOLVED_IN_PROTEIN_TARGETING_TO_MITOCHONDRION	7		Rejected!	
GOBP_PROTEIN_QUALITY_CONTROL_FOR_MISFOLDED_OR_INCOMPLETELY_SYNTHESIZED_PROTEINS	31	28		
GOBP_PROTEIN_REFOLDING	29	24		
GOBP_PROTEIN_REPAIR	7		Rejected!	
GOBP_PROTEIN_RETENTION_IN_ER_LUMEN	8		Rejected!	
GOBP_PROTEIN_RETENTION_IN_GOLGI_APPARATUS	5		Rejected!	
GOBP_PROTEIN_RNA_COMPLEX_DISASSEMBLY	9		Rejected!	
GOBP_PROTEIN_RNA_COMPLEX_ORGANIZATION	238	194		
GOBP_PROTEIN_SIDE_CHAIN_DEGLUTAMYLATION	6		Rejected!	
GOBP_PROTEIN_STABILIZATION	243	196		
GOBP_PROTEIN_STORAGE	5		Rejected!	
GOBP_PROTEIN_SUMOYLATION	68	56		
GOBP_PROTEIN_TARGETING	340	302		
GOBP_PROTEIN_TARGETING_TO_LYSOSOME	31	27		
GOBP_PROTEIN_TARGETING_TO_MEMBRANE	128	111		
GOBP_PROTEIN_TARGETING_TO_MITOCHONDRION	109	103		
GOBP_PROTEIN_TARGETING_TO_PEROXISOME	10		Rejected!	
GOBP_PROTEIN_TARGETING_TO_VACUOLE	46	41		
GOBP_PROTEIN_TARGETING_TO_VACUOLE_INVOLVED_IN_AUTOPHAGY	6		Rejected!	
GOBP_PROTEIN_TETRAMERIZATION	100	82		
GOBP_PROTEIN_TO_MEMBRANE_DOCKING	5		Rejected!	
GOBP_PROTEIN_TRANSMEMBRANE_IMPORT_INTO_INTRACELLULAR_ORGANELLE	43	42		
GOBP_PROTEIN_TRANSMEMBRANE_TRANSPORT	77	74		
GOBP_PROTEIN_TRANSPORT	1450		Rejected!	
GOBP_PROTEIN_TRANSPORT_INTO_MEMBRANE_RAFT	5		Rejected!	
GOBP_PROTEIN_TRANSPORT_TO_VACUOLE_INVOLVED_IN_UBIQUITIN_DEPENDENT_PROTEIN_CATABOLIC_PROCESS_VIA_THE_MULTIVESICULAR_BODY_SORTING_PATHWAY	16	15		
GOBP_PROTEIN_TRANSPORT_WITHIN_LIPID_BILAYER	8		Rejected!	
GOBP_PROTEIN_TRIMERIZATION	18	16		
GOBP_PROTEIN_UFMYLATION	7		Rejected!	
GOBP_PROTEIN_UNFOLDING	5		Rejected!	
GOBP_PROTEOGLYCAN_BIOSYNTHETIC_PROCESS	81	72		
GOBP_PROTEOGLYCAN_CATABOLIC_PROCESS	17	17		
GOBP_PROTEOGLYCAN_METABOLIC_PROCESS	110	101		
GOBP_PROTEOLYSIS	1531		Rejected!	
GOBP_PROTEOLYSIS_INVOLVED_IN_PROTEIN_CATABOLIC_PROCESS	842		Rejected!	
GOBP_PROTON_MOTIVE_FORCE_DRIVEN_ATP_SYNTHESIS	76	68		
GOBP_PROTON_TRANSMEMBRANE_TRANSPORT	187	161		
GOBP_PROTON_TRANSPORTING_TWO_SECTOR_ATPASE_COMPLEX_ASSEMBLY	16	15		
GOBP_PROTON_TRANSPORTING_V_TYPE_ATPASE_COMPLEX_ASSEMBLY	8		Rejected!	
GOBP_PROTOPORPHYRINOGEN_IX_BIOSYNTHETIC_PROCESS	9		Rejected!	
GOBP_PROTOPORPHYRINOGEN_IX_METABOLIC_PROCESS	11		Rejected!	
GOBP_PROXIMAL_DISTAL_PATTERN_FORMATION	34	32		
GOBP_PROXIMAL_DISTAL_PATTERN_FORMATION_INVOLVED_IN_NEPHRON_DEVELOPMENT	5		Rejected!	
GOBP_PROXIMAL_TUBULE_DEVELOPMENT	9		Rejected!	
GOBP_PRO_B_CELL_DIFFERENTIATION	12		Rejected!	
GOBP_PSEUDOPODIUM_ORGANIZATION	16		Rejected!	
GOBP_PSEUDOURIDINE_SYNTHESIS	18	17		
GOBP_PSYCHOMOTOR_BEHAVIOR	5		Rejected!	
GOBP_PTERIDINE_CONTAINING_COMPOUND_BIOSYNTHETIC_PROCESS	16		Rejected!	
GOBP_PTERIDINE_CONTAINING_COMPOUND_CATABOLIC_PROCESS	5		Rejected!	
GOBP_PTERIDINE_CONTAINING_COMPOUND_METABOLIC_PROCESS	35	30		
GOBP_PULMONARY_ARTERY_MORPHOGENESIS	6		Rejected!	
GOBP_PULMONARY_VALVE_DEVELOPMENT	24	24		
GOBP_PULMONARY_VALVE_MORPHOGENESIS	20	20		
GOBP_PURINERGIC_NUCLEOTIDE_RECEPTOR_SIGNALING_PATHWAY	32	23		
GOBP_PURINE_CONTAINING_COMPOUND_BIOSYNTHETIC_PROCESS	259	221		
GOBP_PURINE_CONTAINING_COMPOUND_CATABOLIC_PROCESS	160	140		
GOBP_PURINE_CONTAINING_COMPOUND_METABOLIC_PROCESS	576	483		
GOBP_PURINE_CONTAINING_COMPOUND_SALVAGE	16		Rejected!	
GOBP_PURINE_CONTAINING_COMPOUND_TRANSMEMBRANE_TRANSPORT	40	31		
GOBP_PURINE_DEOXYRIBONUCLEOSIDE_METABOLIC_PROCESS	5		Rejected!	
GOBP_PURINE_DEOXYRIBONUCLEOSIDE_MONOPHOSPHATE_CATABOLIC_PROCESS	8		Rejected!	
GOBP_PURINE_DEOXYRIBONUCLEOSIDE_MONOPHOSPHATE_METABOLIC_PROCESS	12		Rejected!	
GOBP_PURINE_DEOXYRIBONUCLEOSIDE_TRIPHOSPHATE_METABOLIC_PROCESS	7		Rejected!	
GOBP_PURINE_DEOXYRIBONUCLEOTIDE_BIOSYNTHETIC_PROCESS	5		Rejected!	
GOBP_PURINE_DEOXYRIBONUCLEOTIDE_CATABOLIC_PROCESS	12		Rejected!	
GOBP_PURINE_DEOXYRIBONUCLEOTIDE_METABOLIC_PROCESS	17	16		
GOBP_PURINE_NUCLEOBASE_BIOSYNTHETIC_PROCESS	10		Rejected!	
GOBP_PURINE_NUCLEOBASE_METABOLIC_PROCESS	21	19		
GOBP_PURINE_NUCLEOBASE_TRANSMEMBRANE_TRANSPORT	8		Rejected!	
GOBP_PURINE_NUCLEOSIDE_BIOSYNTHETIC_PROCESS	11		Rejected!	
GOBP_PURINE_NUCLEOSIDE_BISPHOSPHATE_METABOLIC_PROCESS	17		Rejected!	
GOBP_PURINE_NUCLEOSIDE_CATABOLIC_PROCESS	8		Rejected!	
GOBP_PURINE_NUCLEOSIDE_DIPHOSPHATE_BIOSYNTHETIC_PROCESS	6		Rejected!	
GOBP_PURINE_NUCLEOSIDE_METABOLIC_PROCESS	27	25		
GOBP_PURINE_NUCLEOSIDE_MONOPHOSPHATE_BIOSYNTHETIC_PROCESS	21	17		
GOBP_PURINE_NUCLEOSIDE_MONOPHOSPHATE_CATABOLIC_PROCESS	12		Rejected!	
GOBP_PURINE_NUCLEOSIDE_MONOPHOSPHATE_METABOLIC_PROCESS	44	40		
GOBP_PURINE_NUCLEOSIDE_TRANSMEMBRANE_TRANSPORT	5		Rejected!	
GOBP_PURINE_NUCLEOSIDE_TRIPHOSPHATE_CATABOLIC_PROCESS	5		Rejected!	
GOBP_PURINE_NUCLEOTIDE_BIOSYNTHETIC_PROCESS	192	162		
GOBP_PURINE_NUCLEOTIDE_CATABOLIC_PROCESS	142	124		
GOBP_PURINE_NUCLEOTIDE_SALVAGE	12		Rejected!	
GOBP_PURINE_NUCLEOTIDE_TRANSPORT	42	32		
GOBP_PURINE_RIBONUCLEOSIDE_CATABOLIC_PROCESS	6		Rejected!	
GOBP_PURINE_RIBONUCLEOSIDE_METABOLIC_PROCESS	22	20		
GOBP_PURINE_RIBONUCLEOSIDE_SALVAGE	7		Rejected!	
GOBP_PURINE_RIBONUCLEOTIDE_SALVAGE	9		Rejected!	
GOBP_PURKINJE_MYOCYTE_TO_VENTRICULAR_CARDIAC_MUSCLE_CELL_COMMUNICATION	6		Rejected!	
GOBP_PUTRESCINE_BIOSYNTHETIC_PROCESS	5		Rejected!	
GOBP_PUTRESCINE_METABOLIC_PROCESS	8		Rejected!	
GOBP_PYRAMIDAL_NEURON_DEVELOPMENT	11		Rejected!	
GOBP_PYRAMIDAL_NEURON_DIFFERENTIATION	15		Rejected!	
GOBP_PYRIDINE_CONTAINING_COMPOUND_BIOSYNTHETIC_PROCESS	23	20		
GOBP_PYRIDINE_CONTAINING_COMPOUND_CATABOLIC_PROCESS	106	92		
GOBP_PYRIDINE_CONTAINING_COMPOUND_METABOLIC_PROCESS	177	155		
GOBP_PYRIMIDINE_CONTAINING_COMPOUND_BIOSYNTHETIC_PROCESS	44	39		
GOBP_PYRIMIDINE_CONTAINING_COMPOUND_CATABOLIC_PROCESS	34	32		
GOBP_PYRIMIDINE_CONTAINING_COMPOUND_METABOLIC_PROCESS	81	73		
GOBP_PYRIMIDINE_CONTAINING_COMPOUND_SALVAGE	7		Rejected!	
GOBP_PYRIMIDINE_CONTAINING_COMPOUND_TRANSMEMBRANE_TRANSPORT	16		Rejected!	
GOBP_PYRIMIDINE_DEOXYRIBONUCLEOSIDE_METABOLIC_PROCESS	5		Rejected!	
GOBP_PYRIMIDINE_DEOXYRIBONUCLEOSIDE_MONOPHOSPHATE_METABOLIC_PROCESS	12		Rejected!	
GOBP_PYRIMIDINE_DEOXYRIBONUCLEOSIDE_TRIPHOSPHATE_METABOLIC_PROCESS	6		Rejected!	
GOBP_PYRIMIDINE_DEOXYRIBONUCLEOTIDE_BIOSYNTHETIC_PROCESS	7		Rejected!	
GOBP_PYRIMIDINE_DEOXYRIBONUCLEOTIDE_METABOLIC_PROCESS	24	22		
GOBP_PYRIMIDINE_DIMER_REPAIR	9		Rejected!	
GOBP_PYRIMIDINE_NUCLEOBASE_BIOSYNTHETIC_PROCESS	8		Rejected!	
GOBP_PYRIMIDINE_NUCLEOBASE_CATABOLIC_PROCESS	8		Rejected!	
GOBP_PYRIMIDINE_NUCLEOBASE_METABOLIC_PROCESS	20	20		
GOBP_PYRIMIDINE_NUCLEOSIDE_BIOSYNTHETIC_PROCESS	5		Rejected!	
GOBP_PYRIMIDINE_NUCLEOSIDE_CATABOLIC_PROCESS	10		Rejected!	
GOBP_PYRIMIDINE_NUCLEOSIDE_DIPHOSPHATE_BIOSYNTHETIC_PROCESS	7		Rejected!	
GOBP_PYRIMIDINE_NUCLEOSIDE_DIPHOSPHATE_METABOLIC_PROCESS	10		Rejected!	
GOBP_PYRIMIDINE_NUCLEOSIDE_METABOLIC_PROCESS	18		Rejected!	
GOBP_PYRIMIDINE_NUCLEOSIDE_MONOPHOSPHATE_BIOSYNTHETIC_PROCESS	16		Rejected!	
GOBP_PYRIMIDINE_NUCLEOSIDE_MONOPHOSPHATE_CATABOLIC_PROCESS	8		Rejected!	
GOBP_PYRIMIDINE_NUCLEOSIDE_MONOPHOSPHATE_METABOLIC_PROCESS	22	20		
GOBP_PYRIMIDINE_NUCLEOSIDE_TRIPHOSPHATE_BIOSYNTHETIC_PROCESS	19	18		
GOBP_PYRIMIDINE_NUCLEOSIDE_TRIPHOSPHATE_METABOLIC_PROCESS	24	23		
GOBP_PYRIMIDINE_NUCLEOTIDE_BIOSYNTHETIC_PROCESS	34	30		
GOBP_PYRIMIDINE_NUCLEOTIDE_CATABOLIC_PROCESS	21	20		
GOBP_PYRIMIDINE_NUCLEOTIDE_METABOLIC_PROCESS	54	50		
GOBP_PYRIMIDINE_RIBONUCLEOSIDE_METABOLIC_PROCESS	8		Rejected!	
GOBP_PYRIMIDINE_RIBONUCLEOSIDE_MONOPHOSPHATE_BIOSYNTHETIC_PROCESS	12		Rejected!	
GOBP_PYRIMIDINE_RIBONUCLEOSIDE_MONOPHOSPHATE_METABOLIC_PROCESS	16	15		
GOBP_PYRIMIDINE_RIBONUCLEOSIDE_TRIPHOSPHATE_BIOSYNTHETIC_PROCESS	15		Rejected!	
GOBP_PYRIMIDINE_RIBONUCLEOSIDE_TRIPHOSPHATE_METABOLIC_PROCESS	18	17		
GOBP_PYRIMIDINE_RIBONUCLEOTIDE_BIOSYNTHETIC_PROCESS	25	23		
GOBP_PYRIMIDINE_RIBONUCLEOTIDE_CATABOLIC_PROCESS	9		Rejected!	
GOBP_PYRIMIDINE_RIBONUCLEOTIDE_METABOLIC_PROCESS	33	31		
GOBP_PYROPTOTIC_CELL_DEATH	5		Rejected!	
GOBP_PYROPTOTIC_INFLAMMATORY_RESPONSE	40	28		
GOBP_PYRUVATE_CATABOLIC_PROCESS	5		Rejected!	
GOBP_PYRUVATE_DECARBOXYLATION_TO_ACETYL_COA	14		Rejected!	
GOBP_PYRUVATE_FAMILY_AMINO_ACID_CATABOLIC_PROCESS	11		Rejected!	
GOBP_PYRUVATE_FAMILY_AMINO_ACID_METABOLIC_PROCESS	13		Rejected!	
GOBP_PYRUVATE_METABOLIC_PROCESS	128	109		
GOBP_PYRUVATE_TRANSPORT	8		Rejected!	
GOBP_P_BODY_ASSEMBLY	23	22		
GOBP_QUATERNARY_AMMONIUM_GROUP_TRANSPORT	18	16		
GOBP_QUINOLINATE_BIOSYNTHETIC_PROCESS	5		Rejected!	
GOBP_QUINOLINATE_METABOLIC_PROCESS	6		Rejected!	
GOBP_QUINONE_METABOLIC_PROCESS	24	24		
GOBP_RAB_PROTEIN_SIGNAL_TRANSDUCTION	23	23		
GOBP_RAC_PROTEIN_SIGNAL_TRANSDUCTION	56	50		
GOBP_RADIAL_GLIAL_CELL_DIFFERENTIATION	14		Rejected!	
GOBP_RADIAL_GLIA_GUIDED_PYRAMIDAL_NEURON_MIGRATION	6		Rejected!	
GOBP_RAL_PROTEIN_SIGNAL_TRANSDUCTION	6		Rejected!	
GOBP_RANDOM_INACTIVATION_OF_X_CHROMOSOME	14		Rejected!	
GOBP_RAP_PROTEIN_SIGNAL_TRANSDUCTION	15		Rejected!	
GOBP_RAS_PROTEIN_SIGNAL_TRANSDUCTION	116	105		
GOBP_REACTIVE_GLIOSIS	6		Rejected!	
GOBP_REACTIVE_NITROGEN_SPECIES_METABOLIC_PROCESS	91	68		
GOBP_REACTIVE_OXYGEN_SPECIES_BIOSYNTHETIC_PROCESS	64	48		
GOBP_REACTIVE_OXYGEN_SPECIES_METABOLIC_PROCESS	244	186		
GOBP_RECEPTOR_CATABOLIC_PROCESS	31	25		
GOBP_RECEPTOR_CLUSTERING	65	60		
GOBP_RECEPTOR_DIFFUSION_TRAPPING	12		Rejected!	
GOBP_RECEPTOR_GUANYLYL_CYCLASE_SIGNALING_PATHWAY	11		Rejected!	
GOBP_RECEPTOR_INTERNALIZATION	142	118		
GOBP_RECEPTOR_LOCALIZATION_TO_NON_MOTILE_CILIUM	5		Rejected!	
GOBP_RECEPTOR_LOCALIZATION_TO_SYNAPSE	81	73		
GOBP_RECEPTOR_MEDIATED_ENDOCYTOSIS	283	232		
GOBP_RECEPTOR_MEDIATED_ENDOCYTOSIS_INVOLVED_IN_CHOLESTEROL_TRANSPORT	9		Rejected!	
GOBP_RECEPTOR_MEDIATED_VIRION_ATTACHMENT_TO_HOST_CELL	7		Rejected!	
GOBP_RECEPTOR_METABOLIC_PROCESS	76	67		
GOBP_RECEPTOR_RECYCLING	48	43		
GOBP_RECOGNITION_OF_APOPTOTIC_CELL	7		Rejected!	
GOBP_RECOMBINATIONAL_REPAIR	193	164		
GOBP_REDUCTION_OF_FOOD_INTAKE_IN_RESPONSE_TO_DIETARY_EXCESS	9		Rejected!	
GOBP_REELIN_MEDIATED_SIGNALING_PATHWAY	12		Rejected!	
GOBP_REFLEX	23	19		
GOBP_REGENERATION	192	151		
GOBP_REGULATED_EXOCYTOSIS	231	199		
GOBP_REGULATION_BY_VIRUS_OF_VIRAL_PROTEIN_LEVELS_IN_HOST_CELL	8		Rejected!	
GOBP_REGULATION_OF_3_UTR_MEDIATED_MRNA_STABILIZATION	9		Rejected!	
GOBP_REGULATION_OF_ACROSOME_REACTION	19		Rejected!	
GOBP_REGULATION_OF_ACTIN_FILAMENT_BASED_MOVEMENT	43	29		
GOBP_REGULATION_OF_ACTIN_FILAMENT_BASED_PROCESS	401	333		
GOBP_REGULATION_OF_ACTIN_FILAMENT_BUNDLE_ASSEMBLY	110	86		
GOBP_REGULATION_OF_ACTIN_FILAMENT_LENGTH	153	137		
GOBP_REGULATION_OF_ACTIN_FILAMENT_ORGANIZATION	272	232		
GOBP_REGULATION_OF_ACTIN_FILAMENT_POLYMERIZATION	130	115		
GOBP_REGULATION_OF_ACTIN_NUCLEATION	39	36		
GOBP_REGULATION_OF_ACTION_POTENTIAL	65	46		
GOBP_REGULATION_OF_ACTIVATION_INDUCED_CELL_DEATH_OF_T_CELLS	5		Rejected!	
GOBP_REGULATION_OF_ACTIVIN_RECEPTOR_SIGNALING_PATHWAY	28	26		
GOBP_REGULATION_OF_ACTOMYOSIN_STRUCTURE_ORGANIZATION	108	83		
GOBP_REGULATION_OF_ACUTE_INFLAMMATORY_RESPONSE	49	30		
GOBP_REGULATION_OF_ACUTE_INFLAMMATORY_RESPONSE_TO_ANTIGENIC_STIMULUS	17		Rejected!	
GOBP_REGULATION_OF_ACYL_COA_BIOSYNTHETIC_PROCESS	8		Rejected!	
GOBP_REGULATION_OF_ADAPTIVE_IMMUNE_RESPONSE	222	156		
GOBP_REGULATION_OF_ADENYLATE_CYCLASE_ACTIVATING_G_PROTEIN_COUPLED_RECEPTOR_SIGNALING_PATHWAY	20	17		
GOBP_REGULATION_OF_ADENYLATE_CYCLASE_ACTIVITY	31	23		
GOBP_REGULATION_OF_ADHERENS_JUNCTION_ORGANIZATION	5		Rejected!	
GOBP_REGULATION_OF_ADIPONECTIN_SECRETION	7		Rejected!	
GOBP_REGULATION_OF_ADIPOSE_TISSUE_DEVELOPMENT	18		Rejected!	
GOBP_REGULATION_OF_AEROBIC_RESPIRATION	31	28		
GOBP_REGULATION_OF_AGGREPHAGY	8		Rejected!	
GOBP_REGULATION_OF_AIM2_INFLAMMASOME_COMPLEX_ASSEMBLY	5		Rejected!	
GOBP_REGULATION_OF_ALCOHOL_BIOSYNTHETIC_PROCESS	57	41		
GOBP_REGULATION_OF_ALDOSTERONE_METABOLIC_PROCESS	8		Rejected!	
GOBP_REGULATION_OF_ALPHA_BETA_T_CELL_ACTIVATION	124	78		
GOBP_REGULATION_OF_ALPHA_BETA_T_CELL_DIFFERENTIATION	82	53		
GOBP_REGULATION_OF_ALTERNATIVE_MRNA_SPLICING_VIA_SPLICEOSOME	59	52		
GOBP_REGULATION_OF_AMACRINE_CELL_DIFFERENTIATION	7		Rejected!	
GOBP_REGULATION_OF_AMIDE_METABOLIC_PROCESS	88	61		
GOBP_REGULATION_OF_AMINE_METABOLIC_PROCESS	26	20		
GOBP_REGULATION_OF_AMINO_ACID_METABOLIC_PROCESS	13		Rejected!	
GOBP_REGULATION_OF_AMINO_ACID_TRANSMEMBRANE_TRANSPORT	16		Rejected!	
GOBP_REGULATION_OF_AMINO_ACID_TRANSPORT	39	31		
GOBP_REGULATION_OF_AMPA_RECEPTOR_ACTIVITY	11		Rejected!	
GOBP_REGULATION_OF_AMYLOID_BETA_CLEARANCE	21		Rejected!	
GOBP_REGULATION_OF_AMYLOID_FIBRIL_FORMATION	18		Rejected!	
GOBP_REGULATION_OF_AMYLOID_PRECURSOR_PROTEIN_CATABOLIC_PROCESS	60	40		
GOBP_REGULATION_OF_ANAPHASE_PROMOTING_COMPLEX_DEPENDENT_CATABOLIC_PROCESS	5		Rejected!	
GOBP_REGULATION_OF_ANATOMICAL_STRUCTURE_MORPHOGENESIS	913		Rejected!	
GOBP_REGULATION_OF_ANATOMICAL_STRUCTURE_SIZE	516	435		
GOBP_REGULATION_OF_ANDROGEN_RECEPTOR_SIGNALING_PATHWAY	34	25		
GOBP_REGULATION_OF_ANGIOTENSIN_LEVELS_IN_BLOOD	14		Rejected!	
GOBP_REGULATION_OF_ANIMAL_ORGAN_FORMATION	29	26		
GOBP_REGULATION_OF_ANIMAL_ORGAN_MORPHOGENESIS	84	74		
GOBP_REGULATION_OF_ANOIKIS	26	23		
GOBP_REGULATION_OF_ANTIBACTERIAL_PEPTIDE_PRODUCTION	6		Rejected!	
GOBP_REGULATION_OF_ANTIFUNGAL_INNATE_IMMUNE_RESPONSE	5		Rejected!	
GOBP_REGULATION_OF_ANTIGEN_PROCESSING_AND_PRESENTATION	23		Rejected!	
GOBP_REGULATION_OF_ANTIGEN_PROCESSING_AND_PRESENTATION_OF_PEPTIDE_ANTIGEN	6		Rejected!	
GOBP_REGULATION_OF_ANTIGEN_PROCESSING_AND_PRESENTATION_OF_PEPTIDE_OR_POLYSACCHARIDE_ANTIGEN_VIA_MHC_CLASS_II	5		Rejected!	
GOBP_REGULATION_OF_ANTIGEN_RECEPTOR_MEDIATED_SIGNALING_PATHWAY	74	54		
GOBP_REGULATION_OF_ANTIMICROBIAL_HUMORAL_RESPONSE	11		Rejected!	
GOBP_REGULATION_OF_ANTIMICROBIAL_PEPTIDE_PRODUCTION	8		Rejected!	
GOBP_REGULATION_OF_APOPTOTIC_CELL_CLEARANCE	10		Rejected!	
GOBP_REGULATION_OF_APOPTOTIC_PROCESS_INVOLVED_IN_DEVELOPMENT	15		Rejected!	
GOBP_REGULATION_OF_APOPTOTIC_PROCESS_IN_BONE_MARROW_CELL	5		Rejected!	
GOBP_REGULATION_OF_APOPTOTIC_SIGNALING_PATHWAY	405	327		
GOBP_REGULATION_OF_APPETITE	25	15		
GOBP_REGULATION_OF_ARACHIDONATE_SECRETION	6		Rejected!	
GOBP_REGULATION_OF_ARGININE_METABOLIC_PROCESS	5		Rejected!	
GOBP_REGULATION_OF_ARP2_3_COMPLEX_MEDIATED_ACTIN_NUCLEATION	31	28		
GOBP_REGULATION_OF_ARTERY_MORPHOGENESIS	14		Rejected!	
GOBP_REGULATION_OF_ASTROCYTE_ACTIVATION	8		Rejected!	
GOBP_REGULATION_OF_ASTROCYTE_DIFFERENTIATION	33	27		
GOBP_REGULATION_OF_ASYMMETRIC_CELL_DIVISION	5		Rejected!	
GOBP_REGULATION_OF_ATPASE_COUPLED_CALCIUM_TRANSMEMBRANE_TRANSPORTER_ACTIVITY	6		Rejected!	
GOBP_REGULATION_OF_ATP_BIOSYNTHETIC_PROCESS	21	16		
GOBP_REGULATION_OF_ATP_DEPENDENT_ACTIVITY	41	32		
GOBP_REGULATION_OF_ATRIAL_CARDIAC_MUSCLE_CELL_MEMBRANE_DEPOLARIZATION	10		Rejected!	
GOBP_REGULATION_OF_ATRIAL_CARDIAC_MUSCLE_CELL_MEMBRANE_REPOLARIZATION	8		Rejected!	
GOBP_REGULATION_OF_ATTACHMENT_OF_MITOTIC_SPINDLE_MICROTUBULES_TO_KINETOCHORE	10		Rejected!	
GOBP_REGULATION_OF_ATTACHMENT_OF_SPINDLE_MICROTUBULES_TO_KINETOCHORE	23	21		
GOBP_REGULATION_OF_AUTOPHAGOSOME_ASSEMBLY	49	44		
GOBP_REGULATION_OF_AUTOPHAGOSOME_MATURATION	17	16		
GOBP_REGULATION_OF_AUTOPHAGY	371	323		
GOBP_REGULATION_OF_AUTOPHAGY_OF_MITOCHONDRION	53	48		
GOBP_REGULATION_OF_AXONOGENESIS	144	128		
GOBP_REGULATION_OF_AXON_DIAMETER	5		Rejected!	
GOBP_REGULATION_OF_AXON_EXTENSION	84	74		
GOBP_REGULATION_OF_AXON_EXTENSION_INVOLVED_IN_AXON_GUIDANCE	17		Rejected!	
GOBP_REGULATION_OF_AXON_GUIDANCE	12		Rejected!	
GOBP_REGULATION_OF_BARBED_END_ACTIN_FILAMENT_CAPPING	7		Rejected!	
GOBP_REGULATION_OF_BASEMENT_MEMBRANE_ORGANIZATION	6		Rejected!	
GOBP_REGULATION_OF_BEHAVIOR	77	58		
GOBP_REGULATION_OF_BICELLULAR_TIGHT_JUNCTION_ASSEMBLY	26	16		
GOBP_REGULATION_OF_BILE_ACID_BIOSYNTHETIC_PROCESS	12		Rejected!	
GOBP_REGULATION_OF_BILE_ACID_METABOLIC_PROCESS	15		Rejected!	
GOBP_REGULATION_OF_BILE_ACID_SECRETION	5		Rejected!	
GOBP_REGULATION_OF_BINDING	151	131		
GOBP_REGULATION_OF_BINDING_OF_SPERM_TO_ZONA_PELLUCIDA	5		Rejected!	
GOBP_REGULATION_OF_BIOLOGICAL_PROCESS_INVOLVED_IN_SYMBIOTIC_INTERACTION	42	33		
GOBP_REGULATION_OF_BIOMINERAL_TISSUE_DEVELOPMENT	103	84		
GOBP_REGULATION_OF_BLOOD_BRAIN_BARRIER_PERMEABILITY	9		Rejected!	
GOBP_REGULATION_OF_BLOOD_CIRCULATION	279	216		
GOBP_REGULATION_OF_BLOOD_PRESSURE	202	147		
GOBP_REGULATION_OF_BLOOD_VESSEL_BRANCHING	8		Rejected!	
GOBP_REGULATION_OF_BLOOD_VESSEL_REMODELING	12		Rejected!	
GOBP_REGULATION_OF_BLOOD_VOLUME_BY_RENIN_ANGIOTENSIN	9		Rejected!	
GOBP_REGULATION_OF_BMP_SIGNALING_PATHWAY	124	97		
GOBP_REGULATION_OF_BODY_FLUID_LEVELS	389	311		
GOBP_REGULATION_OF_BONE_DEVELOPMENT	10		Rejected!	
GOBP_REGULATION_OF_BONE_MINERALIZATION	82	71		
GOBP_REGULATION_OF_BONE_MINERALIZATION_INVOLVED_IN_BONE_MATURATION	7		Rejected!	
GOBP_REGULATION_OF_BONE_REMODELING	47	35		
GOBP_REGULATION_OF_BRANCHING_INVOLVED_IN_LUNG_MORPHOGENESIS	6		Rejected!	
GOBP_REGULATION_OF_BRANCHING_INVOLVED_IN_MAMMARY_GLAND_DUCT_MORPHOGENESIS	5		Rejected!	
GOBP_REGULATION_OF_BRANCHING_INVOLVED_IN_PROSTATE_GLAND_MORPHOGENESIS	5		Rejected!	
GOBP_REGULATION_OF_BRANCHING_INVOLVED_IN_SALIVARY_GLAND_MORPHOGENESIS	9		Rejected!	
GOBP_REGULATION_OF_BRANCHING_INVOLVED_IN_URETERIC_BUD_MORPHOGENESIS	21	19		
GOBP_REGULATION_OF_BRANCHING_MORPHOGENESIS_OF_A_NERVE	5		Rejected!	
GOBP_REGULATION_OF_BROWN_FAT_CELL_DIFFERENTIATION	25	19		
GOBP_REGULATION_OF_B_CELL_ACTIVATION	135	101		
GOBP_REGULATION_OF_B_CELL_APOPTOTIC_PROCESS	22	17		
GOBP_REGULATION_OF_B_CELL_DIFFERENTIATION	37	26		
GOBP_REGULATION_OF_B_CELL_MEDIATED_IMMUNITY	62	42		
GOBP_REGULATION_OF_B_CELL_PROLIFERATION	68	48		
GOBP_REGULATION_OF_B_CELL_RECEPTOR_SIGNALING_PATHWAY	25	15		
GOBP_REGULATION_OF_CALCINEURIN_MEDIATED_SIGNALING	40	33		
GOBP_REGULATION_OF_CALCIUM_IMPORT_INTO_THE_MITOCHONDRION	6		Rejected!	
GOBP_REGULATION_OF_CALCIUM_ION_DEPENDENT_EXOCYTOSIS	41	35		
GOBP_REGULATION_OF_CALCIUM_ION_DEPENDENT_EXOCYTOSIS_OF_NEUROTRANSMITTER	7		Rejected!	
GOBP_REGULATION_OF_CALCIUM_ION_EXPORT_ACROSS_PLASMA_MEMBRANE	6		Rejected!	
GOBP_REGULATION_OF_CALCIUM_ION_IMPORT	50	34		
GOBP_REGULATION_OF_CALCIUM_ION_IMPORT_ACROSS_PLASMA_MEMBRANE	16		Rejected!	
GOBP_REGULATION_OF_CALCIUM_ION_IMPORT_INTO_SARCOPLASMIC_RETICULUM	5		Rejected!	
GOBP_REGULATION_OF_CALCIUM_ION_TRANSMEMBRANE_TRANSPORT	172	137		
GOBP_REGULATION_OF_CALCIUM_ION_TRANSMEMBRANE_TRANSPORTER_ACTIVITY	35	32		
GOBP_REGULATION_OF_CALCIUM_ION_TRANSPORT	250	197		
GOBP_REGULATION_OF_CALCIUM_ION_TRANSPORT_INTO_CYTOSOL	20	17		
GOBP_REGULATION_OF_CALCIUM_MEDIATED_SIGNALING	99	80		
GOBP_REGULATION_OF_CAMKK_AMPK_SIGNALING_CASCADE	5		Rejected!	
GOBP_REGULATION_OF_CAMP_DEPENDENT_PROTEIN_KINASE_ACTIVITY	5		Rejected!	
GOBP_REGULATION_OF_CAMP_PKA_SIGNAL_TRANSDUCTION	26	21		
GOBP_REGULATION_OF_CANONICAL_WNT_SIGNALING_PATHWAY	276	228		
GOBP_REGULATION_OF_CARBOHYDRATE_BIOSYNTHETIC_PROCESS	104	81		
GOBP_REGULATION_OF_CARBOHYDRATE_CATABOLIC_PROCESS	68	56		
GOBP_REGULATION_OF_CARBOHYDRATE_METABOLIC_PROCESS	186	153		
GOBP_REGULATION_OF_CARDIAC_CONDUCTION	28	22		
GOBP_REGULATION_OF_CARDIAC_EPITHELIAL_TO_MESENCHYMAL_TRANSITION	14		Rejected!	
GOBP_REGULATION_OF_CARDIAC_MUSCLE_ADAPTATION	20		Rejected!	
GOBP_REGULATION_OF_CARDIAC_MUSCLE_CELL_ACTION_POTENTIAL	31	23		
GOBP_REGULATION_OF_CARDIAC_MUSCLE_CELL_ACTION_POTENTIAL_INVOLVED_IN_REGULATION_OF_CONTRACTION	8		Rejected!	
GOBP_REGULATION_OF_CARDIAC_MUSCLE_CELL_DIFFERENTIATION	22		Rejected!	
GOBP_REGULATION_OF_CARDIAC_MUSCLE_CELL_MEMBRANE_POTENTIAL	7		Rejected!	
GOBP_REGULATION_OF_CARDIAC_MUSCLE_CELL_MEMBRANE_REPOLARIZATION	30	21		
GOBP_REGULATION_OF_CARDIAC_MUSCLE_CELL_PROLIFERATION	49	30		
GOBP_REGULATION_OF_CARDIAC_MUSCLE_CONTRACTION	86	63		
GOBP_REGULATION_OF_CARDIAC_MUSCLE_CONTRACTION_BY_CALCIUM_ION_SIGNALING	34	28		
GOBP_REGULATION_OF_CARDIAC_MUSCLE_CONTRACTION_BY_REGULATION_OF_THE_RELEASE_OF_SEQUESTERED_CALCIUM_ION	25	20		
GOBP_REGULATION_OF_CARDIAC_MUSCLE_TISSUE_DEVELOPMENT	5		Rejected!	
GOBP_REGULATION_OF_CARDIOBLAST_DIFFERENTIATION	5		Rejected!	
GOBP_REGULATION_OF_CARDIOCYTE_DIFFERENTIATION	33	23		
GOBP_REGULATION_OF_CARTILAGE_DEVELOPMENT	75	65		
GOBP_REGULATION_OF_CATABOLIC_PROCESS	1147		Rejected!	
GOBP_REGULATION_OF_CATALYTIC_ACTIVITY	608		Rejected!	
GOBP_REGULATION_OF_CATECHOLAMINE_METABOLIC_PROCESS	21	18		
GOBP_REGULATION_OF_CATECHOLAMINE_SECRETION	39	31		
GOBP_REGULATION_OF_CATECHOLAMINE_UPTAKE_INVOLVED_IN_SYNAPTIC_TRANSMISSION	8		Rejected!	
GOBP_REGULATION_OF_CATION_CHANNEL_ACTIVITY	55	47		
GOBP_REGULATION_OF_CAVEOLIN_MEDIATED_ENDOCYTOSIS	7		Rejected!	
GOBP_REGULATION_OF_CD40_SIGNALING_PATHWAY	6		Rejected!	
GOBP_REGULATION_OF_CD4_POSITIVE_ALPHA_BETA_T_CELL_ACTIVATION	86	53		
GOBP_REGULATION_OF_CD4_POSITIVE_ALPHA_BETA_T_CELL_DIFFERENTIATION	64	41		
GOBP_REGULATION_OF_CD4_POSITIVE_CD25_POSITIVE_ALPHA_BETA_REGULATORY_T_CELL_DIFFERENTIATION	8		Rejected!	
GOBP_REGULATION_OF_CD8_POSITIVE_ALPHA_BETA_T_CELL_ACTIVATION	20		Rejected!	
GOBP_REGULATION_OF_CD8_POSITIVE_ALPHA_BETA_T_CELL_DIFFERENTIATION	8		Rejected!	
GOBP_REGULATION_OF_CDC42_PROTEIN_SIGNAL_TRANSDUCTION	12		Rejected!	
GOBP_REGULATION_OF_CELLULAR_COMPONENT_BIOGENESIS	1075		Rejected!	
GOBP_REGULATION_OF_CELLULAR_COMPONENT_SIZE	361	316		
GOBP_REGULATION_OF_CELLULAR_EXTRAVASATION	40	30		
GOBP_REGULATION_OF_CELLULAR_LOCALIZATION	1040		Rejected!	
GOBP_REGULATION_OF_CELLULAR_PH_REDUCTION	8		Rejected!	
GOBP_REGULATION_OF_CELLULAR_RESPIRATION	47	40		
GOBP_REGULATION_OF_CELLULAR_RESPONSE_TO_GROWTH_FACTOR_STIMULUS	388	284		
GOBP_REGULATION_OF_CELLULAR_RESPONSE_TO_HEAT	16		Rejected!	
GOBP_REGULATION_OF_CELLULAR_RESPONSE_TO_HYPOXIA	24	16		
GOBP_REGULATION_OF_CELLULAR_RESPONSE_TO_INSULIN_STIMULUS	82	69		
GOBP_REGULATION_OF_CELLULAR_RESPONSE_TO_OXIDATIVE_STRESS	24	20		
GOBP_REGULATION_OF_CELLULAR_RESPONSE_TO_STRESS	549	481		
GOBP_REGULATION_OF_CELLULAR_RESPONSE_TO_TRANSFORMING_GROWTH_FACTOR_BETA_STIMULUS	187	127		
GOBP_REGULATION_OF_CELLULAR_RESPONSE_TO_VASCULAR_ENDOTHELIAL_GROWTH_FACTOR_STIMULUS	39	27		
GOBP_REGULATION_OF_CELLULAR_SENESCENCE	56	42		
GOBP_REGULATION_OF_CELL_ACTIVATION	663	492		
GOBP_REGULATION_OF_CELL_ADHESION	828		Rejected!	
GOBP_REGULATION_OF_CELL_ADHESION_MEDIATED_BY_INTEGRIN	49	40		
GOBP_REGULATION_OF_CELL_CELL_ADHESION	523	395		
GOBP_REGULATION_OF_CELL_CELL_ADHESION_MEDIATED_BY_CADHERIN	23	20		
GOBP_REGULATION_OF_CELL_CELL_ADHESION_MEDIATED_BY_INTEGRIN	11		Rejected!	
GOBP_REGULATION_OF_CELL_CHEMOTAXIS_TO_FIBROBLAST_GROWTH_FACTOR	10		Rejected!	
GOBP_REGULATION_OF_CELL_COMMUNICATION_BY_ELECTRICAL_COUPLING	17		Rejected!	
GOBP_REGULATION_OF_CELL_COMMUNICATION_BY_ELECTRICAL_COUPLING_INVOLVED_IN_CARDIAC_CONDUCTION	12		Rejected!	
GOBP_REGULATION_OF_CELL_CYCLE	1114		Rejected!	
GOBP_REGULATION_OF_CELL_CYCLE_CHECKPOINT	48	41		
GOBP_REGULATION_OF_CELL_CYCLE_G1_S_PHASE_TRANSITION	206	147		
GOBP_REGULATION_OF_CELL_CYCLE_G2_M_PHASE_TRANSITION	122	106		
GOBP_REGULATION_OF_CELL_CYCLE_PHASE_TRANSITION	467	373		
GOBP_REGULATION_OF_CELL_CYCLE_PROCESS	774		Rejected!	
GOBP_REGULATION_OF_CELL_DEVELOPMENT	856		Rejected!	
GOBP_REGULATION_OF_CELL_DIFFERENTIATION	1660		Rejected!	
GOBP_REGULATION_OF_CELL_DIFFERENTIATION_INVOLVED_IN_EMBRYONIC_PLACENTA_DEVELOPMENT	5		Rejected!	
GOBP_REGULATION_OF_CELL_DIVISION	189	154		
GOBP_REGULATION_OF_CELL_FATE_COMMITMENT	49	36		
GOBP_REGULATION_OF_CELL_FATE_SPECIFICATION	23	20		
GOBP_REGULATION_OF_CELL_GROWTH	417	347		
GOBP_REGULATION_OF_CELL_GROWTH_INVOLVED_IN_CARDIAC_MUSCLE_CELL_DEVELOPMENT	22	16		
GOBP_REGULATION_OF_CELL_JUNCTION_ASSEMBLY	273	236		
GOBP_REGULATION_OF_CELL_KILLING	113	76		
GOBP_REGULATION_OF_CELL_MATRIX_ADHESION	127	104		
GOBP_REGULATION_OF_CELL_MATURATION	25	20		
GOBP_REGULATION_OF_CELL_MIGRATION_INVOLVED_IN_SPROUTING_ANGIOGENESIS	82	36		
GOBP_REGULATION_OF_CELL_MORPHOGENESIS	246	216		
GOBP_REGULATION_OF_CELL_POPULATION_PROLIFERATION	1790		Rejected!	
GOBP_REGULATION_OF_CELL_PROJECTION_ASSEMBLY	233	211		
GOBP_REGULATION_OF_CELL_PROJECTION_ORGANIZATION	692		Rejected!	
GOBP_REGULATION_OF_CELL_PROJECTION_SIZE	13		Rejected!	
GOBP_REGULATION_OF_CELL_PROLIFERATION_INVOLVED_IN_KIDNEY_DEVELOPMENT	16		Rejected!	
GOBP_REGULATION_OF_CELL_PROLIFERATION_IN_BONE_MARROW	8		Rejected!	
GOBP_REGULATION_OF_CELL_SHAPE	140	123		
GOBP_REGULATION_OF_CELL_SIZE	185	158		
GOBP_REGULATION_OF_CELL_SUBSTRATE_ADHESION	225	189		
GOBP_REGULATION_OF_CELL_SUBSTRATE_JUNCTION_ORGANIZATION	69	61		
GOBP_REGULATION_OF_CENTRIOLE_ELONGATION	9		Rejected!	
GOBP_REGULATION_OF_CENTRIOLE_REPLICATION	25	24		
GOBP_REGULATION_OF_CENTROMERE_COMPLEX_ASSEMBLY	6		Rejected!	
GOBP_REGULATION_OF_CENTROMERIC_SISTER_CHROMATID_COHESION	5		Rejected!	
GOBP_REGULATION_OF_CENTROSOME_CYCLE	59	58		
GOBP_REGULATION_OF_CENTROSOME_DUPLICATION	50	49		
GOBP_REGULATION_OF_CEREBELLAR_GRANULE_CELL_PRECURSOR_PROLIFERATION	8		Rejected!	
GOBP_REGULATION_OF_CGMP_MEDIATED_SIGNALING	14		Rejected!	
GOBP_REGULATION_OF_CHAPERONE_MEDIATED_AUTOPHAGY	8		Rejected!	
GOBP_REGULATION_OF_CHAPERONE_MEDIATED_PROTEIN_FOLDING	5		Rejected!	
GOBP_REGULATION_OF_CHEMOKINE_MEDIATED_SIGNALING_PATHWAY	12		Rejected!	
GOBP_REGULATION_OF_CHEMOTAXIS	215	175		
GOBP_REGULATION_OF_CHLORIDE_TRANSPORT	6		Rejected!	
GOBP_REGULATION_OF_CHOLESTEROL_BIOSYNTHETIC_PROCESS	34	22		
GOBP_REGULATION_OF_CHOLESTEROL_EFFLUX	57	30		
GOBP_REGULATION_OF_CHOLESTEROL_IMPORT	5		Rejected!	
GOBP_REGULATION_OF_CHOLESTEROL_METABOLIC_PROCESS	56	38		
GOBP_REGULATION_OF_CHOLESTEROL_STORAGE	19		Rejected!	
GOBP_REGULATION_OF_CHONDROCYTE_DEVELOPMENT	6		Rejected!	
GOBP_REGULATION_OF_CHONDROCYTE_DIFFERENTIATION	54	47		
GOBP_REGULATION_OF_CHROMATIN_ORGANIZATION	26	18		
GOBP_REGULATION_OF_CHROMOSOME_CONDENSATION	14		Rejected!	
GOBP_REGULATION_OF_CHROMOSOME_ORGANIZATION	244	217		
GOBP_REGULATION_OF_CHROMOSOME_SEGREGATION	134	119		
GOBP_REGULATION_OF_CHRONIC_INFLAMMATORY_RESPONSE	9		Rejected!	
GOBP_REGULATION_OF_CILIUM_ASSEMBLY	100	91		
GOBP_REGULATION_OF_CILIUM_BEAT_FREQUENCY	17	16		
GOBP_REGULATION_OF_CILIUM_BEAT_FREQUENCY_INVOLVED_IN_CILIARY_MOTILITY	9		Rejected!	
GOBP_REGULATION_OF_CILIUM_DEPENDENT_CELL_MOTILITY	32	20		
GOBP_REGULATION_OF_CILIUM_MOVEMENT	43	31		
GOBP_REGULATION_OF_CIRCADIAN_RHYTHM	115	101		
GOBP_REGULATION_OF_CIRCADIAN_SLEEP_WAKE_CYCLE	22	18		
GOBP_REGULATION_OF_CIRCULATING_FIBRINOGEN_LEVELS	5		Rejected!	
GOBP_REGULATION_OF_CLATHRIN_DEPENDENT_ENDOCYTOSIS	18	17		
GOBP_REGULATION_OF_COAGULATION	76	63		
GOBP_REGULATION_OF_COLLAGEN_FIBRIL_ORGANIZATION	9		Rejected!	
GOBP_REGULATION_OF_COLLAGEN_METABOLIC_PROCESS	47	35		
GOBP_REGULATION_OF_COLLATERAL_SPROUTING	22	17		
GOBP_REGULATION_OF_COMPLEMENT_ACTIVATION	23	15		
GOBP_REGULATION_OF_COMPLEMENT_ACTIVATION_ALTERNATIVE_PATHWAY	6		Rejected!	
GOBP_REGULATION_OF_COMPLEMENT_ACTIVATION_CLASSICAL_PATHWAY	8		Rejected!	
GOBP_REGULATION_OF_COMPLEMENT_DEPENDENT_CYTOTOXICITY	11		Rejected!	
GOBP_REGULATION_OF_CONNECTIVE_TISSUE_REPLACEMENT	16		Rejected!	
GOBP_REGULATION_OF_COPII_VESICLE_COATING	5		Rejected!	
GOBP_REGULATION_OF_CORTICOSTERONE_SECRETION	6		Rejected!	
GOBP_REGULATION_OF_CORTICOTROPIN_SECRETION	7		Rejected!	
GOBP_REGULATION_OF_CORTISOL_BIOSYNTHETIC_PROCESS	7		Rejected!	
GOBP_REGULATION_OF_CRISTAE_FORMATION	5		Rejected!	
GOBP_REGULATION_OF_CYCLIN_DEPENDENT_PROTEIN_SERINE_THREONINE_KINASE_ACTIVITY	33	28		
GOBP_REGULATION_OF_CYTOKINESIS	95	75		
GOBP_REGULATION_OF_CYTOKINETIC_PROCESS	7		Rejected!	
GOBP_REGULATION_OF_CYTOPLASMIC_MRNA_PROCESSING_BODY_ASSEMBLY	8		Rejected!	
GOBP_REGULATION_OF_CYTOPLASMIC_PATTERN_RECOGNITION_RECEPTOR_SIGNALING_PATHWAY	137	107		
GOBP_REGULATION_OF_CYTOPLASMIC_TRANSLATION	38	35		
GOBP_REGULATION_OF_CYTOPLASMIC_TRANSLATIONAL_INITIATION	10		Rejected!	
GOBP_REGULATION_OF_CYTOSKELETON_ORGANIZATION	548	473		
GOBP_REGULATION_OF_CYTOSOLIC_CALCIUM_ION_CONCENTRATION	58	48		
GOBP_REGULATION_OF_DEFENSE_RESPONSE	907		Rejected!	
GOBP_REGULATION_OF_DEFENSE_RESPONSE_TO_BACTERIUM	19		Rejected!	
GOBP_REGULATION_OF_DEFENSE_RESPONSE_TO_FUNGUS	7		Rejected!	
GOBP_REGULATION_OF_DEFENSE_RESPONSE_TO_VIRUS	67	56		
GOBP_REGULATION_OF_DEFENSE_RESPONSE_TO_VIRUS_BY_HOST	45	36		
GOBP_REGULATION_OF_DELAYED_RECTIFIER_POTASSIUM_CHANNEL_ACTIVITY	9		Rejected!	
GOBP_REGULATION_OF_DENDRITE_DEVELOPMENT	101	86		
GOBP_REGULATION_OF_DENDRITE_EXTENSION	26	23		
GOBP_REGULATION_OF_DENDRITE_MORPHOGENESIS	65	55		
GOBP_REGULATION_OF_DENDRITIC_CELL_ANTIGEN_PROCESSING_AND_PRESENTATION	11		Rejected!	
GOBP_REGULATION_OF_DENDRITIC_CELL_CHEMOTAXIS	12		Rejected!	
GOBP_REGULATION_OF_DENDRITIC_CELL_DIFFERENTIATION	16		Rejected!	
GOBP_REGULATION_OF_DENDRITIC_SPINE_DEVELOPMENT	56	46		
GOBP_REGULATION_OF_DENDRITIC_SPINE_MAINTENANCE	15		Rejected!	
GOBP_REGULATION_OF_DENDRITIC_SPINE_MORPHOGENESIS	42	37		
GOBP_REGULATION_OF_DEPHOSPHORYLATION	24	22		
GOBP_REGULATION_OF_DEVELOPMENTAL_GROWTH	332	255		
GOBP_REGULATION_OF_DEVELOPMENT_HETEROCHRONIC	14		Rejected!	
GOBP_REGULATION_OF_DIGESTIVE_SYSTEM_PROCESS	44	25		
GOBP_REGULATION_OF_DNA_BINDING	58	51		
GOBP_REGULATION_OF_DNA_BINDING_TRANSCRIPTION_FACTOR_ACTIVITY	212	168		
GOBP_REGULATION_OF_DNA_BIOSYNTHETIC_PROCESS	88	78		
GOBP_REGULATION_OF_DNA_CATABOLIC_PROCESS	10		Rejected!	
GOBP_REGULATION_OF_DNA_DAMAGE_CHECKPOINT	23	19		
GOBP_REGULATION_OF_DNA_DAMAGE_RESPONSE_SIGNAL_TRANSDUCTION_BY_P53_CLASS_MEDIATOR	39	36		
GOBP_REGULATION_OF_DNA_METABOLIC_PROCESS	498	428		
GOBP_REGULATION_OF_DNA_RECOMBINATION	141	112		
GOBP_REGULATION_OF_DNA_REPAIR	234	211		
GOBP_REGULATION_OF_DNA_REPLICATION	119	106		
GOBP_REGULATION_OF_DNA_STRAND_ELONGATION	17	16		
GOBP_REGULATION_OF_DNA_TEMPLATED_DNA_REPLICATION	42	38		
GOBP_REGULATION_OF_DNA_TEMPLATED_DNA_REPLICATION_INITIATION	16		Rejected!	
GOBP_REGULATION_OF_DNA_TEMPLATED_TRANSCRIPTION_ELONGATION	103	91		
GOBP_REGULATION_OF_DNA_TEMPLATED_TRANSCRIPTION_INITIATION	83	76		
GOBP_REGULATION_OF_DOPAMINERGIC_NEURON_DIFFERENTIATION	11		Rejected!	
GOBP_REGULATION_OF_DOPAMINE_RECEPTOR_SIGNALING_PATHWAY	11		Rejected!	
GOBP_REGULATION_OF_DOPAMINE_SECRETION	23	21		
GOBP_REGULATION_OF_DOUBLE_STRAND_BREAK_REPAIR	148	131		
GOBP_REGULATION_OF_DOUBLE_STRAND_BREAK_REPAIR_VIA_HOMOLOGOUS_RECOMBINATION	82	71		
GOBP_REGULATION_OF_DOUBLE_STRAND_BREAK_REPAIR_VIA_NONHOMOLOGOUS_END_JOINING	31	30		
GOBP_REGULATION_OF_D_GLUCOSE_IMPORT	60	43		
GOBP_REGULATION_OF_D_GLUCOSE_TRANSMEMBRANE_TRANSPORT	80	60		
GOBP_REGULATION_OF_EARLY_ENDOSOME_TO_LATE_ENDOSOME_TRANSPORT	19	18		
GOBP_REGULATION_OF_EATING_BEHAVIOR	10		Rejected!	
GOBP_REGULATION_OF_EMBRYONIC_DEVELOPMENT	88	77		
GOBP_REGULATION_OF_ENAMEL_MINERALIZATION	8		Rejected!	
GOBP_REGULATION_OF_ENDOCRINE_PROCESS	44	36		
GOBP_REGULATION_OF_ENDOCYTIC_RECYCLING	22	21		
GOBP_REGULATION_OF_ENDOCYTOSIS	318	257		
GOBP_REGULATION_OF_ENDODEOXYRIBONUCLEASE_ACTIVITY	7		Rejected!	
GOBP_REGULATION_OF_ENDODERMAL_CELL_DIFFERENTIATION	7		Rejected!	
GOBP_REGULATION_OF_ENDOPEPTIDASE_ACTIVITY	20	17		
GOBP_REGULATION_OF_ENDOPLASMIC_RETICULUM_STRESS_INDUCED_INTRINSIC_APOPTOTIC_SIGNALING_PATHWAY	36	30		
GOBP_REGULATION_OF_ENDOPLASMIC_RETICULUM_TUBULAR_NETWORK_ORGANIZATION	5		Rejected!	
GOBP_REGULATION_OF_ENDOPLASMIC_RETICULUM_UNFOLDED_PROTEIN_RESPONSE	37	33		
GOBP_REGULATION_OF_ENDOSOME_ORGANIZATION	5		Rejected!	
GOBP_REGULATION_OF_ENDOSOME_SIZE	11		Rejected!	
GOBP_REGULATION_OF_ENDOSOME_TO_PLASMA_MEMBRANE_PROTEIN_TRANSPORT	5		Rejected!	
GOBP_REGULATION_OF_ENDOTHELIAL_CELL_CHEMOTAXIS	24	18		
GOBP_REGULATION_OF_ENDOTHELIAL_CELL_DEVELOPMENT	18		Rejected!	
GOBP_REGULATION_OF_ENDOTHELIAL_CELL_DIFFERENTIATION	47	25		
GOBP_REGULATION_OF_ENDOTHELIAL_CELL_MIGRATION	240	148		
GOBP_REGULATION_OF_ENDOTHELIAL_TUBE_MORPHOGENESIS	7		Rejected!	
GOBP_REGULATION_OF_ENTRY_OF_BACTERIUM_INTO_HOST_CELL	7		Rejected!	
GOBP_REGULATION_OF_EOSINOPHIL_MIGRATION	5		Rejected!	
GOBP_REGULATION_OF_EPIDERMAL_GROWTH_FACTOR_ACTIVATED_RECEPTOR_ACTIVITY	11		Rejected!	
GOBP_REGULATION_OF_EPIDERMIS_DEVELOPMENT	70	48		
GOBP_REGULATION_OF_EPITHELIAL_CELL_APOPTOTIC_PROCESS	55	39		
GOBP_REGULATION_OF_EPITHELIAL_CELL_DIFFERENTIATION	177	123		
GOBP_REGULATION_OF_EPITHELIAL_CELL_DIFFERENTIATION_INVOLVED_IN_KIDNEY_DEVELOPMENT	16	15		
GOBP_REGULATION_OF_EPITHELIAL_CELL_MIGRATION	72	58		
GOBP_REGULATION_OF_EPITHELIAL_CELL_PROLIFERATION	423	306		
GOBP_REGULATION_OF_EPITHELIAL_CELL_PROLIFERATION_INVOLVED_IN_LUNG_MORPHOGENESIS	9		Rejected!	
GOBP_REGULATION_OF_EPITHELIAL_TO_MESENCHYMAL_TRANSITION	123	89		
GOBP_REGULATION_OF_EPITHELIAL_TO_MESENCHYMAL_TRANSITION_INVOLVED_IN_ENDOCARDIAL_CUSHION_FORMATION	6		Rejected!	
GOBP_REGULATION_OF_ERAD_PATHWAY	26	25		
GOBP_REGULATION_OF_ERBB_SIGNALING_PATHWAY	75	64		
GOBP_REGULATION_OF_ERYTHROCYTE_DIFFERENTIATION	53	37		
GOBP_REGULATION_OF_ER_TO_GOLGI_VESICLE_MEDIATED_TRANSPORT	11		Rejected!	
GOBP_REGULATION_OF_ESTABLISHMENT_OF_PLANAR_POLARITY	7		Rejected!	
GOBP_REGULATION_OF_ESTABLISHMENT_OF_PROTEIN_LOCALIZATION	551	473		
GOBP_REGULATION_OF_ESTABLISHMENT_OF_PROTEIN_LOCALIZATION_TO_CHROMOSOME	7		Rejected!	
GOBP_REGULATION_OF_ESTABLISHMENT_OF_PROTEIN_LOCALIZATION_TO_MITOCHONDRION	52	49		
GOBP_REGULATION_OF_ESTABLISHMENT_OF_T_CELL_POLARITY	6		Rejected!	
GOBP_REGULATION_OF_ESTABLISHMENT_OR_MAINTENANCE_OF_CELL_POLARITY	28	24		
GOBP_REGULATION_OF_EXCITATORY_SYNAPSE_ASSEMBLY	21	17		
GOBP_REGULATION_OF_EXCRETION	11		Rejected!	
GOBP_REGULATION_OF_EXECUTION_PHASE_OF_APOPTOSIS	27	21		
GOBP_REGULATION_OF_EXIT_FROM_MITOSIS	19	16		
GOBP_REGULATION_OF_EXOCYTOSIS	191	166		
GOBP_REGULATION_OF_EXOSOMAL_SECRETION	19	16		
GOBP_REGULATION_OF_EXTENT_OF_CELL_GROWTH	101	88		
GOBP_REGULATION_OF_EXTRACELLULAR_MATRIX_ASSEMBLY	23		Rejected!	
GOBP_REGULATION_OF_EXTRACELLULAR_MATRIX_CONSTITUENT_SECRETION	8		Rejected!	
GOBP_REGULATION_OF_EXTRACELLULAR_MATRIX_DISASSEMBLY	26	17		
GOBP_REGULATION_OF_EXTRACELLULAR_MATRIX_ORGANIZATION	76	52		
GOBP_REGULATION_OF_EXTRINSIC_APOPTOTIC_SIGNALING_PATHWAY	167	134		
GOBP_REGULATION_OF_EXTRINSIC_APOPTOTIC_SIGNALING_PATHWAY_IN_ABSENCE_OF_LIGAND	48	35		
GOBP_REGULATION_OF_EXTRINSIC_APOPTOTIC_SIGNALING_PATHWAY_VIA_DEATH_DOMAIN_RECEPTORS	49	40		
GOBP_REGULATION_OF_FAS_SIGNALING_PATHWAY	6		Rejected!	
GOBP_REGULATION_OF_FATTY_ACID_BETA_OXIDATION	18	17		
GOBP_REGULATION_OF_FATTY_ACID_BIOSYNTHETIC_PROCESS	56	37		
GOBP_REGULATION_OF_FATTY_ACID_METABOLIC_PROCESS	111	75		
GOBP_REGULATION_OF_FATTY_ACID_OXIDATION	34	29		
GOBP_REGULATION_OF_FATTY_ACID_TRANSPORT	31	25		
GOBP_REGULATION_OF_FAT_CELL_DIFFERENTIATION	148	110		
GOBP_REGULATION_OF_FAT_CELL_PROLIFERATION	10		Rejected!	
GOBP_REGULATION_OF_FC_RECEPTOR_MEDIATED_STIMULATORY_SIGNALING_PATHWAY	11		Rejected!	
GOBP_REGULATION_OF_FEAR_RESPONSE	11		Rejected!	
GOBP_REGULATION_OF_FEEDING_BEHAVIOR	29	18		
GOBP_REGULATION_OF_FEMALE_GONAD_DEVELOPMENT	7		Rejected!	
GOBP_REGULATION_OF_FERMENTATION	5		Rejected!	
GOBP_REGULATION_OF_FERTILIZATION	18		Rejected!	
GOBP_REGULATION_OF_FEVER_GENERATION	8		Rejected!	
GOBP_REGULATION_OF_FIBRINOLYSIS	17		Rejected!	
GOBP_REGULATION_OF_FIBROBLAST_APOPTOTIC_PROCESS	21	16		
GOBP_REGULATION_OF_FIBROBLAST_GROWTH_FACTOR_RECEPTOR_SIGNALING_PATHWAY	41	30		
GOBP_REGULATION_OF_FIBROBLAST_MIGRATION	42	35		
GOBP_REGULATION_OF_FIBROBLAST_PROLIFERATION	94	80		
GOBP_REGULATION_OF_FILOPODIUM_ASSEMBLY	48	43		
GOBP_REGULATION_OF_FLAGELLATED_SPERM_MOTILITY	23		Rejected!	
GOBP_REGULATION_OF_FOCAL_ADHESION_DISASSEMBLY	6		Rejected!	
GOBP_REGULATION_OF_G1_TO_G0_TRANSITION	5		Rejected!	
GOBP_REGULATION_OF_G2_MI_TRANSITION_OF_MEIOTIC_CELL_CYCLE	7		Rejected!	
GOBP_REGULATION_OF_GAMMA_AMINOBUTYRIC_ACID_SECRETION	5		Rejected!	
GOBP_REGULATION_OF_GAMMA_DELTA_T_CELL_ACTIVATION	13		Rejected!	
GOBP_REGULATION_OF_GAMMA_DELTA_T_CELL_DIFFERENTIATION	11		Rejected!	
GOBP_REGULATION_OF_GAP_JUNCTION_ASSEMBLY	10		Rejected!	
GOBP_REGULATION_OF_GASTRIC_ACID_SECRETION	7		Rejected!	
GOBP_REGULATION_OF_GASTRULATION	13		Rejected!	
GOBP_REGULATION_OF_GENERATION_OF_PRECURSOR_METABOLITES_AND_ENERGY	141	116		
GOBP_REGULATION_OF_GENE_SILENCING_BY_REGULATORY_NCRNA	33	23		
GOBP_REGULATION_OF_GERMINAL_CENTER_FORMATION	8		Rejected!	
GOBP_REGULATION_OF_GERM_CELL_PROLIFERATION	7		Rejected!	
GOBP_REGULATION_OF_GLIAL_CELL_APOPTOTIC_PROCESS	12		Rejected!	
GOBP_REGULATION_OF_GLIAL_CELL_DIFFERENTIATION	77	66		
GOBP_REGULATION_OF_GLIAL_CELL_MIGRATION	21	16		
GOBP_REGULATION_OF_GLIAL_CELL_PROLIFERATION	43	30		
GOBP_REGULATION_OF_GLIOGENESIS	109	84		
GOBP_REGULATION_OF_GLOMERULAR_FILTRATION	11		Rejected!	
GOBP_REGULATION_OF_GLOMERULUS_DEVELOPMENT	6		Rejected!	
GOBP_REGULATION_OF_GLUCAGON_SECRETION	8		Rejected!	
GOBP_REGULATION_OF_GLUCOCORTICOID_BIOSYNTHETIC_PROCESS	10		Rejected!	
GOBP_REGULATION_OF_GLUCOCORTICOID_METABOLIC_PROCESS	12		Rejected!	
GOBP_REGULATION_OF_GLUCONEOGENESIS	56	43		
GOBP_REGULATION_OF_GLUCOSE_METABOLIC_PROCESS	105	87		
GOBP_REGULATION_OF_GLUCOSYLCERAMIDE_CATABOLIC_PROCESS	5		Rejected!	
GOBP_REGULATION_OF_GLUTAMATE_RECEPTOR_CLUSTERING	6		Rejected!	
GOBP_REGULATION_OF_GLUTAMATE_RECEPTOR_SIGNALING_PATHWAY	12		Rejected!	
GOBP_REGULATION_OF_GLUTAMATE_SECRETION	19	15		
GOBP_REGULATION_OF_GLUTAMATE_SECRETION_NEUROTRANSMISSION	5		Rejected!	
GOBP_REGULATION_OF_GLUTAMINE_FAMILY_AMINO_ACID_METABOLIC_PROCESS	7		Rejected!	
GOBP_REGULATION_OF_GLYCOGEN_BIOSYNTHETIC_PROCESS	32	23		
GOBP_REGULATION_OF_GLYCOGEN_CATABOLIC_PROCESS	8		Rejected!	
GOBP_REGULATION_OF_GLYCOGEN_METABOLIC_PROCESS	41	31		
GOBP_REGULATION_OF_GLYCOLYTIC_PROCESS	56	47		
GOBP_REGULATION_OF_GLYCOPROTEIN_METABOLIC_PROCESS	57	33		
GOBP_REGULATION_OF_GOLGI_ORGANIZATION	16		Rejected!	
GOBP_REGULATION_OF_GOLGI_TO_PLASMA_MEMBRANE_PROTEIN_TRANSPORT	12		Rejected!	
GOBP_REGULATION_OF_GONADOTROPIN_SECRETION	11		Rejected!	
GOBP_REGULATION_OF_GONAD_DEVELOPMENT	13		Rejected!	
GOBP_REGULATION_OF_GRANULOCYTE_CHEMOTAXIS	53	42		
GOBP_REGULATION_OF_GRANULOCYTE_DIFFERENTIATION	17		Rejected!	
GOBP_REGULATION_OF_GROWTH	625	500		
GOBP_REGULATION_OF_GROWTH_HORMONE_RECEPTOR_SIGNALING_PATHWAY	8		Rejected!	
GOBP_REGULATION_OF_GROWTH_RATE	6		Rejected!	
GOBP_REGULATION_OF_GTPASE_ACTIVITY	147	133		
GOBP_REGULATION_OF_GUANYL_NUCLEOTIDE_EXCHANGE_FACTOR_ACTIVITY	7		Rejected!	
GOBP_REGULATION_OF_G_PROTEIN_COUPLED_RECEPTOR_INTERNALIZATION	6		Rejected!	
GOBP_REGULATION_OF_G_PROTEIN_COUPLED_RECEPTOR_SIGNALING_PATHWAY	164	135		
GOBP_REGULATION_OF_HAIR_CYCLE	29	23		
GOBP_REGULATION_OF_HAIR_FOLLICLE_DEVELOPMENT	20	16		
GOBP_REGULATION_OF_HEART_CONTRACTION	225	174		
GOBP_REGULATION_OF_HEART_GROWTH	75	49		
GOBP_REGULATION_OF_HEART_MORPHOGENESIS	9		Rejected!	
GOBP_REGULATION_OF_HEART_RATE	112	84		
GOBP_REGULATION_OF_HEART_RATE_BY_CARDIAC_CONDUCTION	43	35		
GOBP_REGULATION_OF_HEART_RATE_BY_CHEMICAL_SIGNAL	6		Rejected!	
GOBP_REGULATION_OF_HEAT_GENERATION	14		Rejected!	
GOBP_REGULATION_OF_HEMATOPOIETIC_PROGENITOR_CELL_DIFFERENTIATION	42	38		
GOBP_REGULATION_OF_HEMATOPOIETIC_STEM_CELL_DIFFERENTIATION	17	15		
GOBP_REGULATION_OF_HEMATOPOIETIC_STEM_CELL_PROLIFERATION	17		Rejected!	
GOBP_REGULATION_OF_HEMOGLOBIN_BIOSYNTHETIC_PROCESS	8		Rejected!	
GOBP_REGULATION_OF_HEMOPOIESIS	446	323		
GOBP_REGULATION_OF_HEPATIC_STELLATE_CELL_ACTIVATION	7		Rejected!	
GOBP_REGULATION_OF_HEPATOCYTE_APOPTOTIC_PROCESS	8		Rejected!	
GOBP_REGULATION_OF_HEPATOCYTE_PROLIFERATION	15		Rejected!	
GOBP_REGULATION_OF_HETEROCHROMATIN_FORMATION	10		Rejected!	
GOBP_REGULATION_OF_HETEROTYPIC_CELL_CELL_ADHESION	25		Rejected!	
GOBP_REGULATION_OF_HIGH_DENSITY_LIPOPROTEIN_PARTICLE_CLEARANCE	11		Rejected!	
GOBP_REGULATION_OF_HIPPOCAMPAL_NEURON_APOPTOTIC_PROCESS	6		Rejected!	
GOBP_REGULATION_OF_HIPPO_SIGNALING	42	32		
GOBP_REGULATION_OF_HISTAMINE_SECRETION_BY_MAST_CELL	7		Rejected!	
GOBP_REGULATION_OF_HOMOPHILIC_CELL_ADHESION	5		Rejected!	
GOBP_REGULATION_OF_HOMOTYPIC_CELL_CELL_ADHESION	41	37		
GOBP_REGULATION_OF_HORMONE_BIOSYNTHETIC_PROCESS	22	20		
GOBP_REGULATION_OF_HORMONE_LEVELS	565	433		
GOBP_REGULATION_OF_HORMONE_METABOLIC_PROCESS	37	33		
GOBP_REGULATION_OF_HORMONE_SECRETION	273	214		
GOBP_REGULATION_OF_HUMORAL_IMMUNE_RESPONSE	48	29		
GOBP_REGULATION_OF_HUMORAL_IMMUNE_RESPONSE_MEDIATED_BY_CIRCULATING_IMMUNOGLOBULIN	16		Rejected!	
GOBP_REGULATION_OF_HYALURONAN_BIOSYNTHETIC_PROCESS	8		Rejected!	
GOBP_REGULATION_OF_HYDROGEN_PEROXIDE_BIOSYNTHETIC_PROCESS	7		Rejected!	
GOBP_REGULATION_OF_HYDROGEN_PEROXIDE_MEDIATED_PROGRAMMED_CELL_DEATH	17		Rejected!	
GOBP_REGULATION_OF_HYDROGEN_PEROXIDE_METABOLIC_PROCESS	18	16		
GOBP_REGULATION_OF_HYDROLASE_ACTIVITY	219	196		
GOBP_REGULATION_OF_HYPERSENSITIVITY	11		Rejected!	
GOBP_REGULATION_OF_ICOSANOID_SECRETION	19		Rejected!	
GOBP_REGULATION_OF_IMMUNE_EFFECTOR_PROCESS	421	289		
GOBP_REGULATION_OF_IMMUNE_RESPONSE	1043		Rejected!	
GOBP_REGULATION_OF_IMMUNE_SYSTEM_PROCESS	1699		Rejected!	
GOBP_REGULATION_OF_IMMUNOGLOBULIN_PRODUCTION	81	56		
GOBP_REGULATION_OF_INCLUSION_BODY_ASSEMBLY	22	16		
GOBP_REGULATION_OF_INFLAMMASOME_MEDIATED_SIGNALING_PATHWAY	53	43		
GOBP_REGULATION_OF_INFLAMMATORY_RESPONSE	451	291		
GOBP_REGULATION_OF_INFLAMMATORY_RESPONSE_TO_ANTIGENIC_STIMULUS	49	31		
GOBP_REGULATION_OF_INFLAMMATORY_RESPONSE_TO_WOUNDING	13		Rejected!	
GOBP_REGULATION_OF_INHIBITORY_SYNAPSE_ASSEMBLY	5		Rejected!	
GOBP_REGULATION_OF_INNATE_IMMUNE_RESPONSE	497	372		
GOBP_REGULATION_OF_INNER_EAR_AUDITORY_RECEPTOR_CELL_DIFFERENTIATION	10		Rejected!	
GOBP_REGULATION_OF_INOSITOL_PHOSPHATE_BIOSYNTHETIC_PROCESS	13		Rejected!	
GOBP_REGULATION_OF_INSULIN_LIKE_GROWTH_FACTOR_RECEPTOR_SIGNALING_PATHWAY	26	20		
GOBP_REGULATION_OF_INSULIN_RECEPTOR_SIGNALING_PATHWAY	78	63		
GOBP_REGULATION_OF_INSULIN_SECRETION	179	144		
GOBP_REGULATION_OF_INTEGRIN_ACTIVATION	17	15		
GOBP_REGULATION_OF_INTEGRIN_MEDIATED_SIGNALING_PATHWAY	24	21		
GOBP_REGULATION_OF_INTERLEUKIN_1_MEDIATED_SIGNALING_PATHWAY	13		Rejected!	
GOBP_REGULATION_OF_INTERLEUKIN_4_MEDIATED_SIGNALING_PATHWAY	5		Rejected!	
GOBP_REGULATION_OF_INTERLEUKIN_6_MEDIATED_SIGNALING_PATHWAY	14		Rejected!	
GOBP_REGULATION_OF_INTESTINAL_ABSORPTION	15		Rejected!	
GOBP_REGULATION_OF_INTESTINAL_CHOLESTEROL_ABSORPTION	9		Rejected!	
GOBP_REGULATION_OF_INTESTINAL_LIPID_ABSORPTION	12		Rejected!	
GOBP_REGULATION_OF_INTRACELLULAR_ESTROGEN_RECEPTOR_SIGNALING_PATHWAY	38	30		
GOBP_REGULATION_OF_INTRACELLULAR_LIPID_TRANSPORT	13		Rejected!	
GOBP_REGULATION_OF_INTRACELLULAR_MRNA_LOCALIZATION	5		Rejected!	
GOBP_REGULATION_OF_INTRACELLULAR_PROTEIN_TRANSPORT	151	138		
GOBP_REGULATION_OF_INTRACELLULAR_STEROID_HORMONE_RECEPTOR_SIGNALING_PATHWAY	83	66		
GOBP_REGULATION_OF_INTRACELLULAR_TRANSPORT	274	243		
GOBP_REGULATION_OF_INTRINSIC_APOPTOTIC_SIGNALING_PATHWAY	194	157		
GOBP_REGULATION_OF_INTRINSIC_APOPTOTIC_SIGNALING_PATHWAY_BY_P53_CLASS_MEDIATOR	37	30		
GOBP_REGULATION_OF_INTRINSIC_APOPTOTIC_SIGNALING_PATHWAY_IN_RESPONSE_TO_DNA_DAMAGE	41	38		
GOBP_REGULATION_OF_INTRINSIC_APOPTOTIC_SIGNALING_PATHWAY_IN_RESPONSE_TO_DNA_DAMAGE_BY_P53_CLASS_MEDIATOR	19	17		
GOBP_REGULATION_OF_INTRINSIC_APOPTOTIC_SIGNALING_PATHWAY_IN_RESPONSE_TO_HYDROGEN_PEROXIDE	7		Rejected!	
GOBP_REGULATION_OF_INTRINSIC_APOPTOTIC_SIGNALING_PATHWAY_IN_RESPONSE_TO_OSMOTIC_STRESS	8		Rejected!	
GOBP_REGULATION_OF_IRE1_MEDIATED_UNFOLDED_PROTEIN_RESPONSE	16		Rejected!	
GOBP_REGULATION_OF_IRON_ION_TRANSMEMBRANE_TRANSPORT	6		Rejected!	
GOBP_REGULATION_OF_IRON_ION_TRANSPORT	8		Rejected!	
GOBP_REGULATION_OF_ISOTYPE_SWITCHING	38	27		
GOBP_REGULATION_OF_ISOTYPE_SWITCHING_TO_IGE_ISOTYPES	7		Rejected!	
GOBP_REGULATION_OF_JNK_CASCADE	148	122		
GOBP_REGULATION_OF_JUN_KINASE_ACTIVITY	23	20		
GOBP_REGULATION_OF_KERATINOCYTE_DIFFERENTIATION	41	26		
GOBP_REGULATION_OF_KERATINOCYTE_MIGRATION	14		Rejected!	
GOBP_REGULATION_OF_KERATINOCYTE_PROLIFERATION	49	37		
GOBP_REGULATION_OF_KETONE_BIOSYNTHETIC_PROCESS	22	21		
GOBP_REGULATION_OF_KETONE_METABOLIC_PROCESS	145	106		
GOBP_REGULATION_OF_KIDNEY_DEVELOPMENT	37	31		
GOBP_REGULATION_OF_KIDNEY_SIZE	6		Rejected!	
GOBP_REGULATION_OF_KILLING_OF_CELLS_OF_ANOTHER_ORGANISM	5		Rejected!	
GOBP_REGULATION_OF_KINASE_ACTIVITY	273	231		
GOBP_REGULATION_OF_LAMELLIPODIUM_ASSEMBLY	40	37		
GOBP_REGULATION_OF_LAMELLIPODIUM_MORPHOGENESIS	11		Rejected!	
GOBP_REGULATION_OF_LAMELLIPODIUM_ORGANIZATION	52	49		
GOBP_REGULATION_OF_LENS_FIBER_CELL_DIFFERENTIATION	10		Rejected!	
GOBP_REGULATION_OF_LEUKOCYTE_ADHESION_TO_ARTERIAL_ENDOTHELIAL_CELL	5		Rejected!	
GOBP_REGULATION_OF_LEUKOCYTE_ADHESION_TO_VASCULAR_ENDOTHELIAL_CELL	39	21		
GOBP_REGULATION_OF_LEUKOCYTE_APOPTOTIC_PROCESS	98	68		
GOBP_REGULATION_OF_LEUKOCYTE_CHEMOTAXIS	126	101		
GOBP_REGULATION_OF_LEUKOCYTE_DEGRANULATION	46	37		
GOBP_REGULATION_OF_LEUKOCYTE_DIFFERENTIATION	345	248		
GOBP_REGULATION_OF_LEUKOCYTE_MEDIATED_IMMUNITY	263	180		
GOBP_REGULATION_OF_LEUKOCYTE_MIGRATION	233	186		
GOBP_REGULATION_OF_LEUKOCYTE_PROLIFERATION	284	207		
GOBP_REGULATION_OF_LEUKOCYTE_TETHERING_OR_ROLLING	16		Rejected!	
GOBP_REGULATION_OF_LIPID_BIOSYNTHETIC_PROCESS	201	153		
GOBP_REGULATION_OF_LIPID_CATABOLIC_PROCESS	65	46		
GOBP_REGULATION_OF_LIPID_LOCALIZATION	185	128		
GOBP_REGULATION_OF_LIPID_METABOLIC_PROCESS	352	265		
GOBP_REGULATION_OF_LIPID_STORAGE	51	37		
GOBP_REGULATION_OF_LIPID_TRANSPORT	157	108		
GOBP_REGULATION_OF_LIPOPHAGY	5		Rejected!	
GOBP_REGULATION_OF_LIPOPOLYSACCHARIDE_MEDIATED_SIGNALING_PATHWAY	31	22		
GOBP_REGULATION_OF_LIPOPROTEIN_METABOLIC_PROCESS	14		Rejected!	
GOBP_REGULATION_OF_LIPOPROTEIN_PARTICLE_CLEARANCE	38		Rejected!	
GOBP_REGULATION_OF_LIPOPROTEIN_TRANSPORT	5		Rejected!	
GOBP_REGULATION_OF_LOCOMOTION	1185		Rejected!	
GOBP_REGULATION_OF_LOCOMOTION_INVOLVED_IN_LOCOMOTORY_BEHAVIOR	6		Rejected!	
GOBP_REGULATION_OF_LONG_CHAIN_FATTY_ACID_IMPORT_ACROSS_PLASMA_MEMBRANE	6		Rejected!	
GOBP_REGULATION_OF_LONG_CHAIN_FATTY_ACID_IMPORT_INTO_CELL	8		Rejected!	
GOBP_REGULATION_OF_LONG_TERM_NEURONAL_SYNAPTIC_PLASTICITY	26	23		
GOBP_REGULATION_OF_LONG_TERM_SYNAPTIC_DEPRESSION	15		Rejected!	
GOBP_REGULATION_OF_LONG_TERM_SYNAPTIC_POTENTIATION	45	39		
GOBP_REGULATION_OF_LOW_DENSITY_LIPOPROTEIN_PARTICLE_CLEARANCE	24		Rejected!	
GOBP_REGULATION_OF_LUNG_BLOOD_PRESSURE	5		Rejected!	
GOBP_REGULATION_OF_LUTEINIZING_HORMONE_SECRETION	6		Rejected!	
GOBP_REGULATION_OF_LYMPHANGIOGENESIS	7		Rejected!	
GOBP_REGULATION_OF_LYMPHOCYTE_ACTIVATION	530	395		
GOBP_REGULATION_OF_LYMPHOCYTE_APOPTOTIC_PROCESS	64	49		
GOBP_REGULATION_OF_LYMPHOCYTE_CHEMOTAXIS	25	16		
GOBP_REGULATION_OF_LYMPHOCYTE_DIFFERENTIATION	228	166		
GOBP_REGULATION_OF_LYMPHOCYTE_MEDIATED_IMMUNITY	202	134		
GOBP_REGULATION_OF_LYMPHOCYTE_MIGRATION	72	52		
GOBP_REGULATION_OF_LYMPHOID_PROGENITOR_CELL_DIFFERENTIATION	12		Rejected!	
GOBP_REGULATION_OF_LYSOSOMAL_LUMEN_PH	32	29		
GOBP_REGULATION_OF_LYSOSOME_ORGANIZATION	13		Rejected!	
GOBP_REGULATION_OF_LYSOSOME_SIZE	9		Rejected!	
GOBP_REGULATION_OF_L_GLUTAMATE_IMPORT_ACROSS_PLASMA_MEMBRANE	9		Rejected!	
GOBP_REGULATION_OF_MACROAUTOPHAGY	195	177		
GOBP_REGULATION_OF_MACROPHAGE_ACTIVATION	62	44		
GOBP_REGULATION_OF_MACROPHAGE_APOPTOTIC_PROCESS	10		Rejected!	
GOBP_REGULATION_OF_MACROPHAGE_CHEMOTAXIS	30	26		
GOBP_REGULATION_OF_MACROPHAGE_DIFFERENTIATION	27	19		
GOBP_REGULATION_OF_MACROPHAGE_FUSION	5		Rejected!	
GOBP_REGULATION_OF_MACROPHAGE_MIGRATION	48	39		
GOBP_REGULATION_OF_MACROPHAGE_PROLIFERATION	7		Rejected!	
GOBP_REGULATION_OF_MAINTENANCE_OF_SISTER_CHROMATID_COHESION	9		Rejected!	
GOBP_REGULATION_OF_MALE_GONAD_DEVELOPMENT	9		Rejected!	
GOBP_REGULATION_OF_MAMMARY_GLAND_EPITHELIAL_CELL_PROLIFERATION	16	15		
GOBP_REGULATION_OF_MAP_KINASE_ACTIVITY	70	56		
GOBP_REGULATION_OF_MAST_CELL_ACTIVATION	19		Rejected!	
GOBP_REGULATION_OF_MAST_CELL_ACTIVATION_INVOLVED_IN_IMMUNE_RESPONSE	5		Rejected!	
GOBP_REGULATION_OF_MAST_CELL_APOPTOTIC_PROCESS	5		Rejected!	
GOBP_REGULATION_OF_MAST_CELL_CHEMOTAXIS	8		Rejected!	
GOBP_REGULATION_OF_MAST_CELL_DEGRANULATION	29	24		
GOBP_REGULATION_OF_MATRIX_METALLOPEPTIDASE_SECRETION	13		Rejected!	
GOBP_REGULATION_OF_MDA_5_SIGNALING_PATHWAY	7		Rejected!	
GOBP_REGULATION_OF_MEGAKARYOCYTE_DIFFERENTIATION	38	27		
GOBP_REGULATION_OF_MEIOSIS_I	6		Rejected!	
GOBP_REGULATION_OF_MEIOTIC_CELL_CYCLE	70	60		
GOBP_REGULATION_OF_MEIOTIC_CELL_CYCLE_PHASE_TRANSITION	14		Rejected!	
GOBP_REGULATION_OF_MEIOTIC_NUCLEAR_DIVISION	35	26		
GOBP_REGULATION_OF_MELANOCYTE_DIFFERENTIATION	6		Rejected!	
GOBP_REGULATION_OF_MEMBRANE_DEPOLARIZATION	53	44		
GOBP_REGULATION_OF_MEMBRANE_DEPOLARIZATION_DURING_ACTION_POTENTIAL	8		Rejected!	
GOBP_REGULATION_OF_MEMBRANE_DEPOLARIZATION_DURING_CARDIAC_MUSCLE_CELL_ACTION_POTENTIAL	6		Rejected!	
GOBP_REGULATION_OF_MEMBRANE_HYPERPOLARIZATION	5		Rejected!	
GOBP_REGULATION_OF_MEMBRANE_INVAGINATION	15		Rejected!	
GOBP_REGULATION_OF_MEMBRANE_LIPID_DISTRIBUTION	66	57		
GOBP_REGULATION_OF_MEMBRANE_LIPID_METABOLIC_PROCESS	22		Rejected!	
GOBP_REGULATION_OF_MEMBRANE_PERMEABILITY	75	59		
GOBP_REGULATION_OF_MEMBRANE_POTENTIAL	474	389		
GOBP_REGULATION_OF_MEMBRANE_PROTEIN_ECTODOMAIN_PROTEOLYSIS	28	23		
GOBP_REGULATION_OF_MEMBRANE_REPOLARIZATION	41	30		
GOBP_REGULATION_OF_MEMBRANE_REPOLARIZATION_DURING_ACTION_POTENTIAL	12		Rejected!	
GOBP_REGULATION_OF_MEMBRANE_REPOLARIZATION_DURING_CARDIAC_MUSCLE_CELL_ACTION_POTENTIAL	9		Rejected!	
GOBP_REGULATION_OF_MEMBRANE_REPOLARIZATION_DURING_VENTRICULAR_CARDIAC_MUSCLE_CELL_ACTION_POTENTIAL	7		Rejected!	
GOBP_REGULATION_OF_MEMBRANE_TUBULATION	5		Rejected!	
GOBP_REGULATION_OF_MESENCHYMAL_CELL_PROLIFERATION	35	31		
GOBP_REGULATION_OF_MESENCHYMAL_STEM_CELL_DIFFERENTIATION	11		Rejected!	
GOBP_REGULATION_OF_MESENCHYMAL_STEM_CELL_PROLIFERATION	10		Rejected!	
GOBP_REGULATION_OF_MESENCHYMAL_TO_EPITHELIAL_TRANSITION_INVOLVED_IN_METANEPHROS_MORPHOGENESIS	7		Rejected!	
GOBP_REGULATION_OF_MESODERMAL_CELL_DIFFERENTIATION	10		Rejected!	
GOBP_REGULATION_OF_MESODERMAL_CELL_FATE_SPECIFICATION	6		Rejected!	
GOBP_REGULATION_OF_MESODERM_DEVELOPMENT	7		Rejected!	
GOBP_REGULATION_OF_MESONEPHROS_DEVELOPMENT	5		Rejected!	
GOBP_REGULATION_OF_METALLOPEPTIDASE_ACTIVITY	5		Rejected!	
GOBP_REGULATION_OF_METANEPHROS_DEVELOPMENT	6		Rejected!	
GOBP_REGULATION_OF_METAPHASE_PLATE_CONGRESSION	15		Rejected!	
GOBP_REGULATION_OF_MICROGLIAL_CELL_ACTIVATION	20		Rejected!	
GOBP_REGULATION_OF_MICROTUBULE_BASED_MOVEMENT	61	47		
GOBP_REGULATION_OF_MICROTUBULE_BASED_PROCESS	278	245		
GOBP_REGULATION_OF_MICROTUBULE_CYTOSKELETON_ORGANIZATION	171	152		
GOBP_REGULATION_OF_MICROTUBULE_DEPOLYMERIZATION	38	32		
GOBP_REGULATION_OF_MICROTUBULE_NUCLEATION	19	17		
GOBP_REGULATION_OF_MICROTUBULE_POLYMERIZATION	67	58		
GOBP_REGULATION_OF_MICROTUBULE_POLYMERIZATION_OR_DEPOLYMERIZATION	104	91		
GOBP_REGULATION_OF_MICROVILLUS_ASSEMBLY	6		Rejected!	
GOBP_REGULATION_OF_MICROVILLUS_LENGTH	7		Rejected!	
GOBP_REGULATION_OF_MICROVILLUS_ORGANIZATION	13		Rejected!	
GOBP_REGULATION_OF_MIRNA_CATABOLIC_PROCESS	11		Rejected!	
GOBP_REGULATION_OF_MIRNA_METABOLIC_PROCESS	92	66		
GOBP_REGULATION_OF_MITOCHONDRIAL_ATP_SYNTHESIS_COUPLED_ELECTRON_TRANSPORT	7		Rejected!	
GOBP_REGULATION_OF_MITOCHONDRIAL_DEPOLARIZATION	22	19		
GOBP_REGULATION_OF_MITOCHONDRIAL_DNA_METABOLIC_PROCESS	6		Rejected!	
GOBP_REGULATION_OF_MITOCHONDRIAL_ELECTRON_TRANSPORT_NADH_TO_UBIQUINONE	6		Rejected!	
GOBP_REGULATION_OF_MITOCHONDRIAL_FISSION	31	28		
GOBP_REGULATION_OF_MITOCHONDRIAL_FUSION	15		Rejected!	
GOBP_REGULATION_OF_MITOCHONDRIAL_GENE_EXPRESSION	35	34		
GOBP_REGULATION_OF_MITOCHONDRIAL_MEMBRANE_PERMEABILITY	59	48		
GOBP_REGULATION_OF_MITOCHONDRIAL_MEMBRANE_PERMEABILITY_INVOLVED_IN_APOPTOTIC_PROCESS	49	39		
GOBP_REGULATION_OF_MITOCHONDRIAL_MEMBRANE_POTENTIAL	78	69		
GOBP_REGULATION_OF_MITOCHONDRIAL_MRNA_STABILITY	7		Rejected!	
GOBP_REGULATION_OF_MITOCHONDRIAL_OUTER_MEMBRANE_PERMEABILIZATION_INVOLVED_IN_APOPTOTIC_SIGNALING_PATHWAY	25	22		
GOBP_REGULATION_OF_MITOCHONDRIAL_RNA_CATABOLIC_PROCESS	5		Rejected!	
GOBP_REGULATION_OF_MITOCHONDRIAL_TRANSCRIPTION	9		Rejected!	
GOBP_REGULATION_OF_MITOCHONDRIAL_TRANSLATION	26	25		
GOBP_REGULATION_OF_MITOCHONDRION_ORGANIZATION	118	106		
GOBP_REGULATION_OF_MITOTIC_CELL_CYCLE	528	439		
GOBP_REGULATION_OF_MITOTIC_CELL_CYCLE_PHASE_TRANSITION	358	286		
GOBP_REGULATION_OF_MITOTIC_CENTROSOME_SEPARATION	9		Rejected!	
GOBP_REGULATION_OF_MITOTIC_CYTOKINESIS	16	15		
GOBP_REGULATION_OF_MITOTIC_NUCLEAR_DIVISION	120	108		
GOBP_REGULATION_OF_MITOTIC_RECOMBINATION	7		Rejected!	
GOBP_REGULATION_OF_MITOTIC_SISTER_CHROMATID_SEGREGATION	57	52		
GOBP_REGULATION_OF_MITOTIC_SPINDLE_ASSEMBLY	25	22		
GOBP_REGULATION_OF_MODIFICATION_OF_POSTSYNAPTIC_ACTIN_CYTOSKELETON	7		Rejected!	
GOBP_REGULATION_OF_MODIFICATION_OF_POSTSYNAPTIC_STRUCTURE	15	15		
GOBP_REGULATION_OF_MODIFICATION_OF_SYNAPTIC_STRUCTURE	20	20		
GOBP_REGULATION_OF_MOLECULAR_FUNCTION	1023		Rejected!	
GOBP_REGULATION_OF_MONOATOMIC_ANION_TRANSPORT	15		Rejected!	
GOBP_REGULATION_OF_MONOATOMIC_ION_TRANSMEMBRANE_TRANSPORT	321	250		
GOBP_REGULATION_OF_MONOATOMIC_ION_TRANSPORT	452	354		
GOBP_REGULATION_OF_MONOCYTE_CHEMOTAXIS	32	22		
GOBP_REGULATION_OF_MONOCYTE_DIFFERENTIATION	20	17		
GOBP_REGULATION_OF_MONOCYTE_EXTRAVASATION	7		Rejected!	
GOBP_REGULATION_OF_MONONUCLEAR_CELL_MIGRATION	150	115		
GOBP_REGULATION_OF_MORPHOGENESIS_OF_AN_EPITHELIUM	69	63		
GOBP_REGULATION_OF_MORPHOGENESIS_OF_A_BRANCHING_STRUCTURE	55	50		
GOBP_REGULATION_OF_MOTOR_NEURON_APOPTOTIC_PROCESS	15		Rejected!	
GOBP_REGULATION_OF_MRNA_3_END_PROCESSING	10		Rejected!	
GOBP_REGULATION_OF_MRNA_CATABOLIC_PROCESS	293	160		
GOBP_REGULATION_OF_MRNA_EXPORT_FROM_NUCLEUS	10		Rejected!	
GOBP_REGULATION_OF_MRNA_METABOLIC_PROCESS	407	257		
GOBP_REGULATION_OF_MRNA_PROCESSING	134	115		
GOBP_REGULATION_OF_MRNA_SPLICING_VIA_SPLICEOSOME	112	97		
GOBP_REGULATION_OF_MUCUS_SECRETION	8		Rejected!	
GOBP_REGULATION_OF_MULTICELLULAR_ORGANISMAL_DEVELOPMENT	1513		Rejected!	
GOBP_REGULATION_OF_MULTICELLULAR_ORGANISM_GROWTH	68	53		
GOBP_REGULATION_OF_MUSCLE_ADAPTATION	99	70		
GOBP_REGULATION_OF_MUSCLE_CELL_DIFFERENTIATION	170	122		
GOBP_REGULATION_OF_MUSCLE_CONTRACTION	179	137		
GOBP_REGULATION_OF_MUSCLE_HYPERTROPHY	76	55		
GOBP_REGULATION_OF_MUSCLE_ORGAN_DEVELOPMENT	45	34		
GOBP_REGULATION_OF_MUSCLE_SYSTEM_PROCESS	262	196		
GOBP_REGULATION_OF_MYD88_DEPENDENT_TOLL_LIKE_RECEPTOR_SIGNALING_PATHWAY	5		Rejected!	
GOBP_REGULATION_OF_MYELINATION	48	44		
GOBP_REGULATION_OF_MYELOID_CELL_APOPTOTIC_PROCESS	34	22		
GOBP_REGULATION_OF_MYELOID_CELL_DIFFERENTIATION	228	162		
GOBP_REGULATION_OF_MYELOID_DENDRITIC_CELL_ACTIVATION	6		Rejected!	
GOBP_REGULATION_OF_MYELOID_LEUKOCYTE_DIFFERENTIATION	132	92		
GOBP_REGULATION_OF_MYELOID_LEUKOCYTE_MEDIATED_IMMUNITY	58	44		
GOBP_REGULATION_OF_MYOBLAST_DIFFERENTIATION	77	59		
GOBP_REGULATION_OF_MYOBLAST_FUSION	21	15		
GOBP_REGULATION_OF_MYOBLAST_PROLIFERATION	27		Rejected!	
GOBP_REGULATION_OF_MYOFIBROBLAST_DIFFERENTIATION	10		Rejected!	
GOBP_REGULATION_OF_MYOTUBE_DIFFERENTIATION	49	33		
GOBP_REGULATION_OF_NADP_METABOLIC_PROCESS	8		Rejected!	
GOBP_REGULATION_OF_NATURAL_KILLER_CELL_ACTIVATION	45	29		
GOBP_REGULATION_OF_NATURAL_KILLER_CELL_CHEMOTAXIS	8		Rejected!	
GOBP_REGULATION_OF_NATURAL_KILLER_CELL_DEGRANULATION	5		Rejected!	
GOBP_REGULATION_OF_NATURAL_KILLER_CELL_DIFFERENTIATION	15		Rejected!	
GOBP_REGULATION_OF_NATURAL_KILLER_CELL_MEDIATED_IMMUNE_RESPONSE_TO_TUMOR_CELL	10		Rejected!	
GOBP_REGULATION_OF_NATURAL_KILLER_CELL_MEDIATED_IMMUNITY	59	36		
GOBP_REGULATION_OF_NATURAL_KILLER_CELL_PROLIFERATION	14		Rejected!	
GOBP_REGULATION_OF_NERVOUS_SYSTEM_DEVELOPMENT	458	393		
GOBP_REGULATION_OF_NERVOUS_SYSTEM_PROCESS	124	99		
GOBP_REGULATION_OF_NEURAL_PRECURSOR_CELL_PROLIFERATION	96	85		
GOBP_REGULATION_OF_NEUROBLAST_PROLIFERATION	47	42		
GOBP_REGULATION_OF_NEUROFIBRILLARY_TANGLE_ASSEMBLY	7		Rejected!	
GOBP_REGULATION_OF_NEUROGENESIS	374	318		
GOBP_REGULATION_OF_NEUROINFLAMMATORY_RESPONSE	42	23		
GOBP_REGULATION_OF_NEUROMUSCULAR_JUNCTION_DEVELOPMENT	12		Rejected!	
GOBP_REGULATION_OF_NEURONAL_ACTION_POTENTIAL	5		Rejected!	
GOBP_REGULATION_OF_NEURONAL_SYNAPTIC_PLASTICITY	61	53		
GOBP_REGULATION_OF_NEURON_APOPTOTIC_PROCESS	264	224		
GOBP_REGULATION_OF_NEURON_DIFFERENTIATION	199	176		
GOBP_REGULATION_OF_NEURON_MATURATION	9		Rejected!	
GOBP_REGULATION_OF_NEURON_MIGRATION	53	48		
GOBP_REGULATION_OF_NEURON_PROJECTION_ARBORIZATION	15		Rejected!	
GOBP_REGULATION_OF_NEURON_PROJECTION_DEVELOPMENT	447	393		
GOBP_REGULATION_OF_NEURON_PROJECTION_REGENERATION	33	25		
GOBP_REGULATION_OF_NEUROTRANSMITTER_RECEPTOR_ACTIVITY	19	17		
GOBP_REGULATION_OF_NEUROTRANSMITTER_RECEPTOR_LOCALIZATION_TO_POSTSYNAPTIC_SPECIALIZATION_MEMBRANE	19	17		
GOBP_REGULATION_OF_NEUROTRANSMITTER_SECRETION	90	81		
GOBP_REGULATION_OF_NEUROTRANSMITTER_TRANSPORT	108	99		
GOBP_REGULATION_OF_NEUROTRANSMITTER_UPTAKE	20	19		
GOBP_REGULATION_OF_NEUROTROPHIN_TRK_RECEPTOR_SIGNALING_PATHWAY	11		Rejected!	
GOBP_REGULATION_OF_NEUTROPHIL_ACTIVATION	12		Rejected!	
GOBP_REGULATION_OF_NEUTROPHIL_CHEMOTAXIS	33	26		
GOBP_REGULATION_OF_NEUTROPHIL_DEGRANULATION	7		Rejected!	
GOBP_REGULATION_OF_NEUTROPHIL_EXTRAVASATION	8		Rejected!	
GOBP_REGULATION_OF_NEUTROPHIL_MEDIATED_CYTOTOXICITY	6		Rejected!	
GOBP_REGULATION_OF_NEUTROPHIL_MIGRATION	45	34		
GOBP_REGULATION_OF_NITRIC_OXIDE_MEDIATED_SIGNAL_TRANSDUCTION	10		Rejected!	
GOBP_REGULATION_OF_NITRIC_OXIDE_METABOLIC_PROCESS	69	49		
GOBP_REGULATION_OF_NITRIC_OXIDE_SYNTHASE_ACTIVITY	8		Rejected!	
GOBP_REGULATION_OF_NK_T_CELL_ACTIVATION	12		Rejected!	
GOBP_REGULATION_OF_NK_T_CELL_DIFFERENTIATION	6		Rejected!	
GOBP_REGULATION_OF_NK_T_CELL_PROLIFERATION	7		Rejected!	
GOBP_REGULATION_OF_NODAL_SIGNALING_PATHWAY	8		Rejected!	
GOBP_REGULATION_OF_NON_CANONICAL_NF_KAPPAB_SIGNAL_TRANSDUCTION	111	83		
GOBP_REGULATION_OF_NON_CANONICAL_WNT_SIGNALING_PATHWAY	26	25		
GOBP_REGULATION_OF_NON_MOTILE_CILIUM_ASSEMBLY	12		Rejected!	
GOBP_REGULATION_OF_NOTCH_SIGNALING_PATHWAY	105	88		
GOBP_REGULATION_OF_NUCLEAR_CELL_CYCLE_DNA_REPLICATION	14		Rejected!	
GOBP_REGULATION_OF_NUCLEAR_DIVISION	148	127		
GOBP_REGULATION_OF_NUCLEAR_RECEPTOR_MEDIATED_GLUCOCORTICOID_SIGNALING_PATHWAY	9		Rejected!	
GOBP_REGULATION_OF_NUCLEAR_TRANSCRIBED_MRNA_CATABOLIC_PROCESS_DEADENYLATION_DEPENDENT_DECAY	23	18		
GOBP_REGULATION_OF_NUCLEAR_TRANSCRIBED_MRNA_CATABOLIC_PROCESS_NONSENSE_MEDIATED_DECAY	14		Rejected!	
GOBP_REGULATION_OF_NUCLEAR_TRANSCRIBED_MRNA_POLY_A_TAIL_SHORTENING	15		Rejected!	
GOBP_REGULATION_OF_NUCLEOBASE_CONTAINING_COMPOUND_TRANSPORT	19	16		
GOBP_REGULATION_OF_NUCLEOCYTOPLASMIC_TRANSPORT	120	112		
GOBP_REGULATION_OF_NUCLEOTIDE_BINDING_DOMAIN_LEUCINE_RICH_REPEAT_CONTAINING_RECEPTOR_SIGNALING_PATHWAY	15		Rejected!	
GOBP_REGULATION_OF_NUCLEOTIDE_BINDING_OLIGOMERIZATION_DOMAIN_CONTAINING_2_SIGNALING_PATHWAY	10		Rejected!	
GOBP_REGULATION_OF_NUCLEOTIDE_BIOSYNTHETIC_PROCESS	25	16		
GOBP_REGULATION_OF_NUCLEOTIDE_EXCISION_REPAIR	29	25		
GOBP_REGULATION_OF_NUCLEOTIDE_METABOLIC_PROCESS	90	71		
GOBP_REGULATION_OF_ODONTOBLAST_DIFFERENTIATION	11		Rejected!	
GOBP_REGULATION_OF_ODONTOGENESIS	18	18		
GOBP_REGULATION_OF_ODONTOGENESIS_OF_DENTIN_CONTAINING_TOOTH	11		Rejected!	
GOBP_REGULATION_OF_OLIGODENDROCYTE_DIFFERENTIATION	44	40		
GOBP_REGULATION_OF_OOCYTE_MATURATION	7		Rejected!	
GOBP_REGULATION_OF_OPSIN_MEDIATED_SIGNALING_PATHWAY	10		Rejected!	
GOBP_REGULATION_OF_OPSONIZATION	11		Rejected!	
GOBP_REGULATION_OF_ORGANELLE_ASSEMBLY	258	229		
GOBP_REGULATION_OF_ORGANELLE_ORGANIZATION	1208		Rejected!	
GOBP_REGULATION_OF_ORGANELLE_TRANSPORT_ALONG_MICROTUBULE	9		Rejected!	
GOBP_REGULATION_OF_ORGANIC_ACID_TRANSPORT	72	57		
GOBP_REGULATION_OF_ORGAN_GROWTH	104	69		
GOBP_REGULATION_OF_OSSIFICATION	127	107		
GOBP_REGULATION_OF_OSTEOBLAST_DIFFERENTIATION	160	117		
GOBP_REGULATION_OF_OSTEOBLAST_PROLIFERATION	30	23		
GOBP_REGULATION_OF_OSTEOCLAST_DEVELOPMENT	11		Rejected!	
GOBP_REGULATION_OF_OSTEOCLAST_DIFFERENTIATION	74	47		
GOBP_REGULATION_OF_OSTEOCLAST_PROLIFERATION	7		Rejected!	
GOBP_REGULATION_OF_OVARIAN_FOLLICLE_DEVELOPMENT	6		Rejected!	
GOBP_REGULATION_OF_OXIDATIVE_PHOSPHORYLATION	24	21		
GOBP_REGULATION_OF_OXIDATIVE_STRESS_INDUCED_INTRINSIC_APOPTOTIC_SIGNALING_PATHWAY	48	34		
GOBP_REGULATION_OF_OXIDOREDUCTASE_ACTIVITY	28	21		
GOBP_REGULATION_OF_P38MAPK_CASCADE	45	32		
GOBP_REGULATION_OF_PANCREATIC_JUICE_SECRETION	7		Rejected!	
GOBP_REGULATION_OF_PATTERN_RECOGNITION_RECEPTOR_SIGNALING_PATHWAY	200	151		
GOBP_REGULATION_OF_PENTOSE_PHOSPHATE_SHUNT	6		Rejected!	
GOBP_REGULATION_OF_PEPTIDASE_ACTIVITY	32	27		
GOBP_REGULATION_OF_PEPTIDE_TRANSPORT	217	171		
GOBP_REGULATION_OF_PEPTIDYL_SERINE_PHOSPHORYLATION	31	23		
GOBP_REGULATION_OF_PEPTIDYL_THREONINE_PHOSPHORYLATION	15		Rejected!	
GOBP_REGULATION_OF_PEPTIDYL_TYROSINE_PHOSPHORYLATION	84	68		
GOBP_REGULATION_OF_PERK_MEDIATED_UNFOLDED_PROTEIN_RESPONSE	16		Rejected!	
GOBP_REGULATION_OF_PEROXISOME_PROLIFERATOR_ACTIVATED_RECEPTOR_SIGNALING_PATHWAY	20		Rejected!	
GOBP_REGULATION_OF_PH	105	90		
GOBP_REGULATION_OF_PHAGOCYTOSIS	106	79		
GOBP_REGULATION_OF_PHENOTYPIC_SWITCHING	6		Rejected!	
GOBP_REGULATION_OF_PHOSPHATASE_ACTIVITY	9		Rejected!	
GOBP_REGULATION_OF_PHOSPHATE_TRANSPORT	8		Rejected!	
GOBP_REGULATION_OF_PHOSPHATIDYLCHOLINE_BIOSYNTHETIC_PROCESS	5		Rejected!	
GOBP_REGULATION_OF_PHOSPHATIDYLCHOLINE_METABOLIC_PROCESS	10		Rejected!	
GOBP_REGULATION_OF_PHOSPHATIDYLINOSITOL_BIOSYNTHETIC_PROCESS	5		Rejected!	
GOBP_REGULATION_OF_PHOSPHATIDYLINOSITOL_DEPHOSPHORYLATION	5		Rejected!	
GOBP_REGULATION_OF_PHOSPHOLIPASE_C_ACTIVATING_G_PROTEIN_COUPLED_RECEPTOR_SIGNALING_PATHWAY	9		Rejected!	
GOBP_REGULATION_OF_PHOSPHOLIPID_BIOSYNTHETIC_PROCESS	19	16		
GOBP_REGULATION_OF_PHOSPHOLIPID_CATABOLIC_PROCESS	7		Rejected!	
GOBP_REGULATION_OF_PHOSPHOLIPID_METABOLIC_PROCESS	37	31		
GOBP_REGULATION_OF_PHOSPHOLIPID_TRANSLOCATION	6		Rejected!	
GOBP_REGULATION_OF_PHOSPHORUS_METABOLIC_PROCESS	611		Rejected!	
GOBP_REGULATION_OF_PHOSPHORYLATION	461	392		
GOBP_REGULATION_OF_PHOTORECEPTOR_CELL_DIFFERENTIATION	7		Rejected!	
GOBP_REGULATION_OF_PIGMENTATION	17	15		
GOBP_REGULATION_OF_PIGMENT_CELL_DIFFERENTIATION	8		Rejected!	
GOBP_REGULATION_OF_PINOCYTOSIS	12		Rejected!	
GOBP_REGULATION_OF_PLASMA_CELL_DIFFERENTIATION	6		Rejected!	
GOBP_REGULATION_OF_PLASMA_LIPOPROTEIN_PARTICLE_LEVELS	103	62		
GOBP_REGULATION_OF_PLASMA_MEMBRANE_ORGANIZATION	17	15		
GOBP_REGULATION_OF_PLASMA_MEMBRANE_REPAIR	7		Rejected!	
GOBP_REGULATION_OF_PLASMINOGEN_ACTIVATION	17	16		
GOBP_REGULATION_OF_PLATELET_ACTIVATION	55	49		
GOBP_REGULATION_OF_PLATELET_AGGREGATION	31	29		
GOBP_REGULATION_OF_PLATELET_DERIVED_GROWTH_FACTOR_RECEPTOR_ALPHA_SIGNALING_PATHWAY	5		Rejected!	
GOBP_REGULATION_OF_PLATELET_DERIVED_GROWTH_FACTOR_RECEPTOR_BETA_SIGNALING_PATHWAY	8		Rejected!	
GOBP_REGULATION_OF_PLATELET_DERIVED_GROWTH_FACTOR_RECEPTOR_SIGNALING_PATHWAY	27	23		
GOBP_REGULATION_OF_PODOSOME_ASSEMBLY	14		Rejected!	
GOBP_REGULATION_OF_POLYAMINE_TRANSMEMBRANE_TRANSPORT	5		Rejected!	
GOBP_REGULATION_OF_POLYSACCHARIDE_BIOSYNTHETIC_PROCESS	40	30		
GOBP_REGULATION_OF_POLYSACCHARIDE_METABOLIC_PROCESS	49	38		
GOBP_REGULATION_OF_POSITIVE_CHEMOTAXIS	26	22		
GOBP_REGULATION_OF_POSTSYNAPSE_ASSEMBLY	45	42		
GOBP_REGULATION_OF_POSTSYNAPSE_ORGANIZATION	144	127		
GOBP_REGULATION_OF_POSTSYNAPTIC_CYTOSOLIC_CALCIUM_ION_CONCENTRATION	9		Rejected!	
GOBP_REGULATION_OF_POSTSYNAPTIC_DENSITY_ASSEMBLY	16		Rejected!	
GOBP_REGULATION_OF_POSTSYNAPTIC_DENSITY_ORGANIZATION	21	16		
GOBP_REGULATION_OF_POSTSYNAPTIC_MEMBRANE_NEUROTRANSMITTER_RECEPTOR_LEVELS	121	108		
GOBP_REGULATION_OF_POSTSYNAPTIC_MEMBRANE_POTENTIAL	152	128		
GOBP_REGULATION_OF_POSTSYNAPTIC_NEUROTRANSMITTER_RECEPTOR_INTERNALIZATION	26	23		
GOBP_REGULATION_OF_POSTSYNAPTIC_SPECIALIZATION_ASSEMBLY	20	15		
GOBP_REGULATION_OF_POST_TRANSLATIONAL_PROTEIN_MODIFICATION	248	219		
GOBP_REGULATION_OF_POTASSIUM_ION_EXPORT_ACROSS_PLASMA_MEMBRANE	12		Rejected!	
GOBP_REGULATION_OF_POTASSIUM_ION_IMPORT	9		Rejected!	
GOBP_REGULATION_OF_POTASSIUM_ION_TRANSMEMBRANE_TRANSPORT	76	59		
GOBP_REGULATION_OF_POTASSIUM_ION_TRANSMEMBRANE_TRANSPORTER_ACTIVITY	16		Rejected!	
GOBP_REGULATION_OF_POTASSIUM_ION_TRANSPORT	95	74		
GOBP_REGULATION_OF_PRESYNAPSE_ORGANIZATION	33	26		
GOBP_REGULATION_OF_PRESYNAPTIC_CYTOSOLIC_CALCIUM_ION_CONCENTRATION	14		Rejected!	
GOBP_REGULATION_OF_PRESYNAPTIC_MEMBRANE_POTENTIAL	31	25		
GOBP_REGULATION_OF_PRE_MIRNA_PROCESSING	6		Rejected!	
GOBP_REGULATION_OF_PRIMARY_MIRNA_PROCESSING	5		Rejected!	
GOBP_REGULATION_OF_PROGRAMMED_CELL_DEATH	1573		Rejected!	
GOBP_REGULATION_OF_PROGRAMMED_NECROTIC_CELL_DEATH	41	28		
GOBP_REGULATION_OF_PROSTAGLANDIN_SECRETION	13		Rejected!	
GOBP_REGULATION_OF_PROSTATIC_BUD_FORMATION	6		Rejected!	
GOBP_REGULATION_OF_PROTEASOMAL_PROTEIN_CATABOLIC_PROCESS	205	178		
GOBP_REGULATION_OF_PROTEASOMAL_UBIQUITIN_DEPENDENT_PROTEIN_CATABOLIC_PROCESS	135	117		
GOBP_REGULATION_OF_PROTEIN_ACETYLATION	11		Rejected!	
GOBP_REGULATION_OF_PROTEIN_ADP_RIBOSYLATION	6		Rejected!	
GOBP_REGULATION_OF_PROTEIN_AUTOPHOSPHORYLATION	14		Rejected!	
GOBP_REGULATION_OF_PROTEIN_AUTOUBIQUITINATION	6		Rejected!	
GOBP_REGULATION_OF_PROTEIN_BINDING	70	57		
GOBP_REGULATION_OF_PROTEIN_CATABOLIC_PROCESS	379	321		
GOBP_REGULATION_OF_PROTEIN_CATABOLIC_PROCESS_IN_THE_VACUOLE	14		Rejected!	
GOBP_REGULATION_OF_PROTEIN_COMPLEX_STABILITY	16		Rejected!	
GOBP_REGULATION_OF_PROTEIN_CONTAINING_COMPLEX_ASSEMBLY	437	377		
GOBP_REGULATION_OF_PROTEIN_CONTAINING_COMPLEX_DISASSEMBLY	134	120		
GOBP_REGULATION_OF_PROTEIN_DEACETYLATION	11		Rejected!	
GOBP_REGULATION_OF_PROTEIN_DEPOLYMERIZATION	96	84		
GOBP_REGULATION_OF_PROTEIN_DEUBIQUITINATION	11		Rejected!	
GOBP_REGULATION_OF_PROTEIN_EXIT_FROM_ENDOPLASMIC_RETICULUM	24	22		
GOBP_REGULATION_OF_PROTEIN_EXPORT_FROM_NUCLEUS	37	37		
GOBP_REGULATION_OF_PROTEIN_FOLDING	10		Rejected!	
GOBP_REGULATION_OF_PROTEIN_GLYCOSYLATION	9		Rejected!	
GOBP_REGULATION_OF_PROTEIN_IMPORT_INTO_NUCLEUS	62	55		
GOBP_REGULATION_OF_PROTEIN_K48_LINKED_UBIQUITINATION	6		Rejected!	
GOBP_REGULATION_OF_PROTEIN_K63_LINKED_UBIQUITINATION	14		Rejected!	
GOBP_REGULATION_OF_PROTEIN_KINASE_A_SIGNALING	8		Rejected!	
GOBP_REGULATION_OF_PROTEIN_KINASE_C_SIGNALING	5		Rejected!	
GOBP_REGULATION_OF_PROTEIN_LIPIDATION	7		Rejected!	
GOBP_REGULATION_OF_PROTEIN_LOCALIZATION_TO_CELL_CELL_JUNCTION	6		Rejected!	
GOBP_REGULATION_OF_PROTEIN_LOCALIZATION_TO_CELL_CORTEX	9		Rejected!	
GOBP_REGULATION_OF_PROTEIN_LOCALIZATION_TO_CELL_PERIPHERY	156	135		
GOBP_REGULATION_OF_PROTEIN_LOCALIZATION_TO_CELL_SURFACE	43	34		
GOBP_REGULATION_OF_PROTEIN_LOCALIZATION_TO_CENTROSOME	12		Rejected!	
GOBP_REGULATION_OF_PROTEIN_LOCALIZATION_TO_CHROMATIN	10		Rejected!	
GOBP_REGULATION_OF_PROTEIN_LOCALIZATION_TO_CHROMOSOME_TELOMERIC_REGION	10		Rejected!	
GOBP_REGULATION_OF_PROTEIN_LOCALIZATION_TO_CILIUM	11		Rejected!	
GOBP_REGULATION_OF_PROTEIN_LOCALIZATION_TO_ENDOPLASMIC_RETICULUM	5		Rejected!	
GOBP_REGULATION_OF_PROTEIN_LOCALIZATION_TO_ENDOSOME	14		Rejected!	
GOBP_REGULATION_OF_PROTEIN_LOCALIZATION_TO_LYSOSOME	5		Rejected!	
GOBP_REGULATION_OF_PROTEIN_LOCALIZATION_TO_MEMBRANE	203	178		
GOBP_REGULATION_OF_PROTEIN_LOCALIZATION_TO_NUCLEOLUS	10		Rejected!	
GOBP_REGULATION_OF_PROTEIN_LOCALIZATION_TO_NUCLEUS	148	124		
GOBP_REGULATION_OF_PROTEIN_LOCALIZATION_TO_PLASMA_MEMBRANE	119	101		
GOBP_REGULATION_OF_PROTEIN_LOCALIZATION_TO_SYNAPSE	29	27		
GOBP_REGULATION_OF_PROTEIN_MATURATION	66	45		
GOBP_REGULATION_OF_PROTEIN_METABOLIC_PROCESS	1613		Rejected!	
GOBP_REGULATION_OF_PROTEIN_MODIFICATION_PROCESS	675		Rejected!	
GOBP_REGULATION_OF_PROTEIN_MONOUBIQUITINATION	6		Rejected!	
GOBP_REGULATION_OF_PROTEIN_NEDDYLATION	20	20		
GOBP_REGULATION_OF_PROTEIN_OLIGOMERIZATION	8		Rejected!	
GOBP_REGULATION_OF_PROTEIN_POLYMERIZATION	202	177		
GOBP_REGULATION_OF_PROTEIN_POLYUBIQUITINATION	29	26		
GOBP_REGULATION_OF_PROTEIN_SECRETION	281	222		
GOBP_REGULATION_OF_PROTEIN_SERINE_THREONINE_KINASE_ACTIVITY	133	111		
GOBP_REGULATION_OF_PROTEIN_STABILITY	396	312		
GOBP_REGULATION_OF_PROTEIN_SUMOYLATION	24	19		
GOBP_REGULATION_OF_PROTEIN_TARGETING	79	75		
GOBP_REGULATION_OF_PROTEIN_TARGETING_TO_MEMBRANE	33	32		
GOBP_REGULATION_OF_PROTEIN_TRANSPORT	456	382		
GOBP_REGULATION_OF_PROTEIN_TYROSINE_KINASE_ACTIVITY	25	23		
GOBP_REGULATION_OF_PROTEIN_UBIQUITINATION	200	175		
GOBP_REGULATION_OF_PROTEOLYSIS	396	325		
GOBP_REGULATION_OF_PROTEOLYSIS_INVOLVED_IN_PROTEIN_CATABOLIC_PROCESS	244	210		
GOBP_REGULATION_OF_PROTON_TRANSPORT	7		Rejected!	
GOBP_REGULATION_OF_PRO_B_CELL_DIFFERENTIATION	8		Rejected!	
GOBP_REGULATION_OF_RAB_PROTEIN_SIGNAL_TRANSDUCTION	7		Rejected!	
GOBP_REGULATION_OF_RAC_PROTEIN_SIGNAL_TRANSDUCTION	32	27		
GOBP_REGULATION_OF_RAS_PROTEIN_SIGNAL_TRANSDUCTION	48	47		
GOBP_REGULATION_OF_REACTIVE_OXYGEN_SPECIES_BIOSYNTHETIC_PROCESS	48	34		
GOBP_REGULATION_OF_REACTIVE_OXYGEN_SPECIES_METABOLIC_PROCESS	149	116		
GOBP_REGULATION_OF_RECEPTOR_BINDING	9		Rejected!	
GOBP_REGULATION_OF_RECEPTOR_CATABOLIC_PROCESS	13		Rejected!	
GOBP_REGULATION_OF_RECEPTOR_CLUSTERING	19	19		
GOBP_REGULATION_OF_RECEPTOR_INTERNALIZATION	78	65		
GOBP_REGULATION_OF_RECEPTOR_LOCALIZATION_TO_SYNAPSE	30	27		
GOBP_REGULATION_OF_RECEPTOR_MEDIATED_ENDOCYTOSIS	130	99		
GOBP_REGULATION_OF_RECEPTOR_RECYCLING	25	20		
GOBP_REGULATION_OF_RECEPTOR_SIGNALING_PATHWAY_VIA_JAK_STAT	79	51		
GOBP_REGULATION_OF_RECEPTOR_SIGNALING_PATHWAY_VIA_STAT	99	58		
GOBP_REGULATION_OF_REGULATED_SECRETORY_PATHWAY	128	113		
GOBP_REGULATION_OF_REGULATORY_NCRNA_PROCESSING	16		Rejected!	
GOBP_REGULATION_OF_RELAXATION_OF_CARDIAC_MUSCLE	6		Rejected!	
GOBP_REGULATION_OF_RELAXATION_OF_MUSCLE	14		Rejected!	
GOBP_REGULATION_OF_RELEASE_OF_CYTOCHROME_C_FROM_MITOCHONDRIA	41	36		
GOBP_REGULATION_OF_RELEASE_OF_SEQUESTERED_CALCIUM_ION_INTO_CYTOSOL	83	65		
GOBP_REGULATION_OF_RELEASE_OF_SEQUESTERED_CALCIUM_ION_INTO_CYTOSOL_BY_SARCOPLASMIC_RETICULUM	37	28		
GOBP_REGULATION_OF_REMOVAL_OF_SUPEROXIDE_RADICALS	7		Rejected!	
GOBP_REGULATION_OF_RENAL_SODIUM_EXCRETION	8		Rejected!	
GOBP_REGULATION_OF_RENAL_SYSTEM_PROCESS	24	21		
GOBP_REGULATION_OF_REPRODUCTIVE_PROCESS	206	154		
GOBP_REGULATION_OF_RESPIRATORY_BURST	19		Rejected!	
GOBP_REGULATION_OF_RESPIRATORY_BURST_INVOLVED_IN_INFLAMMATORY_RESPONSE	8		Rejected!	
GOBP_REGULATION_OF_RESPIRATORY_GASEOUS_EXCHANGE	24	17		
GOBP_REGULATION_OF_RESPIRATORY_GASEOUS_EXCHANGE_BY_NERVOUS_SYSTEM_PROCESS	13		Rejected!	
GOBP_REGULATION_OF_RESPIRATORY_SYSTEM_PROCESS	16		Rejected!	
GOBP_REGULATION_OF_RESPONSE_TO_BIOTIC_STIMULUS	593	447		
GOBP_REGULATION_OF_RESPONSE_TO_CYTOKINE_STIMULUS	207	148		
GOBP_REGULATION_OF_RESPONSE_TO_DRUG	19		Rejected!	
GOBP_REGULATION_OF_RESPONSE_TO_ENDOPLASMIC_RETICULUM_STRESS	95	85		
GOBP_REGULATION_OF_RESPONSE_TO_EXTERNAL_STIMULUS	1175		Rejected!	
GOBP_REGULATION_OF_RESPONSE_TO_FOOD	18		Rejected!	
GOBP_REGULATION_OF_RESPONSE_TO_MACROPHAGE_COLONY_STIMULATING_FACTOR	6		Rejected!	
GOBP_REGULATION_OF_RESPONSE_TO_NUTRIENT_LEVELS	35	26		
GOBP_REGULATION_OF_RESPONSE_TO_OSMOTIC_STRESS	15		Rejected!	
GOBP_REGULATION_OF_RESPONSE_TO_OXIDATIVE_STRESS	36	32		
GOBP_REGULATION_OF_RESPONSE_TO_REACTIVE_OXYGEN_SPECIES	11		Rejected!	
GOBP_REGULATION_OF_RESPONSE_TO_STRESS	1510		Rejected!	
GOBP_REGULATION_OF_RESPONSE_TO_TUMOR_CELL	30	25		
GOBP_REGULATION_OF_RESPONSE_TO_TYPE_II_INTERFERON	15		Rejected!	
GOBP_REGULATION_OF_RESPONSE_TO_WOUNDING	177	133		
GOBP_REGULATION_OF_RESTING_MEMBRANE_POTENTIAL	13		Rejected!	
GOBP_REGULATION_OF_RETINOIC_ACID_RECEPTOR_SIGNALING_PATHWAY	17		Rejected!	
GOBP_REGULATION_OF_RETROGRADE_PROTEIN_TRANSPORT_ER_TO_CYTOSOL	13		Rejected!	
GOBP_REGULATION_OF_RETROGRADE_TRANSPORT_ENDOSOME_TO_GOLGI	7		Rejected!	
GOBP_REGULATION_OF_REVERSE_CHOLESTEROL_TRANSPORT	5		Rejected!	
GOBP_REGULATION_OF_RHO_PROTEIN_SIGNAL_TRANSDUCTION	94	81		
GOBP_REGULATION_OF_RIBONUCLEASE_ACTIVITY	6		Rejected!	
GOBP_REGULATION_OF_RIBOSOME_BIOGENESIS	6		Rejected!	
GOBP_REGULATION_OF_RIG_I_SIGNALING_PATHWAY	22	18		
GOBP_REGULATION_OF_RNA_POLYMERASE_II_TRANSCRIPTION_PREINITIATION_COMPLEX_ASSEMBLY	7		Rejected!	
GOBP_REGULATION_OF_RNA_SPLICING	189	164		
GOBP_REGULATION_OF_RRNA_PROCESSING	15		Rejected!	
GOBP_REGULATION_OF_RUFFLE_ASSEMBLY	32	29		
GOBP_REGULATION_OF_RYANODINE_SENSITIVE_CALCIUM_RELEASE_CHANNEL_ACTIVITY	5		Rejected!	
GOBP_REGULATION_OF_SALIVA_SECRETION	8		Rejected!	
GOBP_REGULATION_OF_SARCOMERE_ORGANIZATION	9		Rejected!	
GOBP_REGULATION_OF_SA_NODE_CELL_ACTION_POTENTIAL	6		Rejected!	
GOBP_REGULATION_OF_SECONDARY_HEART_FIELD_CARDIOBLAST_PROLIFERATION	9		Rejected!	
GOBP_REGULATION_OF_SECONDARY_METABOLIC_PROCESS	16	15		
GOBP_REGULATION_OF_SECRETION	640		Rejected!	
GOBP_REGULATION_OF_SENSORY_PERCEPTION	22	15		
GOBP_REGULATION_OF_SEROTONIN_SECRETION	5		Rejected!	
GOBP_REGULATION_OF_SHORT_TERM_NEURONAL_SYNAPTIC_PLASTICITY	16		Rejected!	
GOBP_REGULATION_OF_SIGNALING_RECEPTOR_ACTIVITY	45	33		
GOBP_REGULATION_OF_SIGNAL_TRANSDUCTION_BY_P53_CLASS_MEDIATOR	120	99		
GOBP_REGULATION_OF_SISTER_CHROMATID_COHESION	18	15		
GOBP_REGULATION_OF_SISTER_CHROMATID_SEGREGATION	107	96		
GOBP_REGULATION_OF_SKELETAL_MUSCLE_ACETYLCHOLINE_GATED_CHANNEL_CLUSTERING	9		Rejected!	
GOBP_REGULATION_OF_SKELETAL_MUSCLE_ADAPTATION	14		Rejected!	
GOBP_REGULATION_OF_SKELETAL_MUSCLE_CELL_DIFFERENTIATION	23	21		
GOBP_REGULATION_OF_SKELETAL_MUSCLE_CELL_PROLIFERATION	17	15		
GOBP_REGULATION_OF_SKELETAL_MUSCLE_CONTRACTION	19	15		
GOBP_REGULATION_OF_SKELETAL_MUSCLE_CONTRACTION_BY_CALCIUM_ION_SIGNALING	8		Rejected!	
GOBP_REGULATION_OF_SKELETAL_MUSCLE_CONTRACTION_BY_REGULATION_OF_RELEASE_OF_SEQUESTERED_CALCIUM_ION	5		Rejected!	
GOBP_REGULATION_OF_SKELETAL_MUSCLE_FIBER_DEVELOPMENT	11		Rejected!	
GOBP_REGULATION_OF_SKELETAL_MUSCLE_SATELLITE_CELL_PROLIFERATION	13		Rejected!	
GOBP_REGULATION_OF_SKELETAL_MUSCLE_TISSUE_DEVELOPMENT	25	19		
GOBP_REGULATION_OF_SKELETAL_MUSCLE_TISSUE_GROWTH	7		Rejected!	
GOBP_REGULATION_OF_SKELETAL_MUSCLE_TISSUE_REGENERATION	9		Rejected!	
GOBP_REGULATION_OF_SMAD_PROTEIN_SIGNAL_TRANSDUCTION	84	52		
GOBP_REGULATION_OF_SMALL_GTPASE_MEDIATED_SIGNAL_TRANSDUCTION	312	283		
GOBP_REGULATION_OF_SMALL_MOLECULE_METABOLIC_PROCESS	357	277		
GOBP_REGULATION_OF_SMOOTHENED_SIGNALING_PATHWAY	94	86		
GOBP_REGULATION_OF_SMOOTH_MUSCLE_CELL_CHEMOTAXIS	8		Rejected!	
GOBP_REGULATION_OF_SMOOTH_MUSCLE_CELL_DIFFERENTIATION	50	33		
GOBP_REGULATION_OF_SMOOTH_MUSCLE_CONTRACTION	63	52		
GOBP_REGULATION_OF_SNARE_COMPLEX_ASSEMBLY	15		Rejected!	
GOBP_REGULATION_OF_SNRNA_TRANSCRIPTION_BY_RNA_POLYMERASE_II	5		Rejected!	
GOBP_REGULATION_OF_SODIUM_DEPENDENT_PHOSPHATE_TRANSPORT	5		Rejected!	
GOBP_REGULATION_OF_SODIUM_ION_EXPORT_ACROSS_PLASMA_MEMBRANE	11		Rejected!	
GOBP_REGULATION_OF_SODIUM_ION_IMPORT_ACROSS_PLASMA_MEMBRANE	5		Rejected!	
GOBP_REGULATION_OF_SODIUM_ION_TRANSMEMBRANE_TRANSPORT	44	33		
GOBP_REGULATION_OF_SODIUM_ION_TRANSMEMBRANE_TRANSPORTER_ACTIVITY	11		Rejected!	
GOBP_REGULATION_OF_SODIUM_ION_TRANSPORT	77	62		
GOBP_REGULATION_OF_SOMATIC_STEM_CELL_POPULATION_MAINTENANCE	12		Rejected!	
GOBP_REGULATION_OF_SOMITOGENESIS	6		Rejected!	
GOBP_REGULATION_OF_SPERM_CAPACITATION	6		Rejected!	
GOBP_REGULATION_OF_SPHINGOLIPID_BIOSYNTHETIC_PROCESS	15		Rejected!	
GOBP_REGULATION_OF_SPINDLE_ASSEMBLY	35	32		
GOBP_REGULATION_OF_SPINDLE_CHECKPOINT	24	22		
GOBP_REGULATION_OF_SPINDLE_ORGANIZATION	49	45		
GOBP_REGULATION_OF_SPONTANEOUS_SYNAPTIC_TRANSMISSION	6		Rejected!	
GOBP_REGULATION_OF_SPROUTING_ANGIOGENESIS	70	39		
GOBP_REGULATION_OF_SREBP_SIGNALING_PATHWAY	9		Rejected!	
GOBP_REGULATION_OF_STEM_CELL_DIFFERENTIATION	86	75		
GOBP_REGULATION_OF_STEM_CELL_DIVISION	13		Rejected!	
GOBP_REGULATION_OF_STEM_CELL_POPULATION_MAINTENANCE	75	62		
GOBP_REGULATION_OF_STEM_CELL_PROLIFERATION	95	66		
GOBP_REGULATION_OF_STEROID_BIOSYNTHETIC_PROCESS	88	67		
GOBP_REGULATION_OF_STEROID_HORMONE_BIOSYNTHETIC_PROCESS	16	15		
GOBP_REGULATION_OF_STEROID_HORMONE_SECRETION	25	21		
GOBP_REGULATION_OF_STEROID_METABOLIC_PROCESS	118	89		
GOBP_REGULATION_OF_STEROL_TRANSPORT	80	45		
GOBP_REGULATION_OF_STORE_OPERATED_CALCIUM_CHANNEL_ACTIVITY	7		Rejected!	
GOBP_REGULATION_OF_STORE_OPERATED_CALCIUM_ENTRY	15		Rejected!	
GOBP_REGULATION_OF_STRESS_ACTIVATED_PROTEIN_KINASE_SIGNALING_CASCADE	41	37		
GOBP_REGULATION_OF_STRESS_GRANULE_ASSEMBLY	9		Rejected!	
GOBP_REGULATION_OF_STRIATED_MUSCLE_CELL_DIFFERENTIATION	99	69		
GOBP_REGULATION_OF_STRIATED_MUSCLE_CONTRACTION	105	76		
GOBP_REGULATION_OF_SUBSTRATE_ADHESION_DEPENDENT_CELL_SPREADING	61	53		
GOBP_REGULATION_OF_SULFUR_METABOLIC_PROCESS	17		Rejected!	
GOBP_REGULATION_OF_SUPEROXIDE_ANION_GENERATION	22	17		
GOBP_REGULATION_OF_SUPEROXIDE_METABOLIC_PROCESS	32	24		
GOBP_REGULATION_OF_SUPRAMOLECULAR_FIBER_ORGANIZATION	402	338		
GOBP_REGULATION_OF_SYNAPSE_ASSEMBLY	173	153		
GOBP_REGULATION_OF_SYNAPSE_MATURATION	28	24		
GOBP_REGULATION_OF_SYNAPSE_PRUNING	10		Rejected!	
GOBP_REGULATION_OF_SYNAPSE_STRUCTURAL_PLASTICITY	7		Rejected!	
GOBP_REGULATION_OF_SYNAPSE_STRUCTURE_OR_ACTIVITY	319	280		
GOBP_REGULATION_OF_SYNAPTIC_ASSEMBLY_AT_NEUROMUSCULAR_JUNCTION	10		Rejected!	
GOBP_REGULATION_OF_SYNAPTIC_PLASTICITY	229	185		
GOBP_REGULATION_OF_SYNAPTIC_TRANSMISSION_CHOLINERGIC	9		Rejected!	
GOBP_REGULATION_OF_SYNAPTIC_TRANSMISSION_DOPAMINERGIC	9		Rejected!	
GOBP_REGULATION_OF_SYNAPTIC_TRANSMISSION_GABAERGIC	34	26		
GOBP_REGULATION_OF_SYNAPTIC_TRANSMISSION_GLUTAMATERGIC	74	62		
GOBP_REGULATION_OF_SYNAPTIC_VESICLE_CLUSTERING	6		Rejected!	
GOBP_REGULATION_OF_SYNAPTIC_VESICLE_CYCLE	15		Rejected!	
GOBP_REGULATION_OF_SYNAPTIC_VESICLE_ENDOCYTOSIS	24	21		
GOBP_REGULATION_OF_SYNAPTIC_VESICLE_EXOCYTOSIS	51	48		
GOBP_REGULATION_OF_SYNAPTIC_VESICLE_MEMBRANE_ORGANIZATION	22	19		
GOBP_REGULATION_OF_SYNAPTIC_VESICLE_PRIMING	11		Rejected!	
GOBP_REGULATION_OF_SYNAPTIC_VESICLE_RECYCLING	29	26		
GOBP_REGULATION_OF_SYNAPTIC_VESICLE_TRANSPORT	5		Rejected!	
GOBP_REGULATION_OF_SYNCYTIUM_FORMATION_BY_PLASMA_MEMBRANE_FUSION	30	20		
GOBP_REGULATION_OF_SYSTEMIC_ARTERIAL_BLOOD_PRESSURE	112	81		
GOBP_REGULATION_OF_SYSTEMIC_ARTERIAL_BLOOD_PRESSURE_BY_CIRCULATORY_RENIN_ANGIOTENSIN	23	18		
GOBP_REGULATION_OF_SYSTEMIC_ARTERIAL_BLOOD_PRESSURE_BY_ENDOTHELIN	6		Rejected!	
GOBP_REGULATION_OF_SYSTEMIC_ARTERIAL_BLOOD_PRESSURE_BY_NOREPINEPHRINE_EPINEPHRINE	6		Rejected!	
GOBP_REGULATION_OF_SYSTEMIC_ARTERIAL_BLOOD_PRESSURE_BY_RENIN_ANGIOTENSIN	33	24		
GOBP_REGULATION_OF_SYSTEMIC_ARTERIAL_BLOOD_PRESSURE_BY_VASOPRESSIN	5		Rejected!	
GOBP_REGULATION_OF_SYSTEMIC_ARTERIAL_BLOOD_PRESSURE_MEDIATED_BY_A_CHEMICAL_SIGNAL	54	39		
GOBP_REGULATION_OF_SYSTEM_PROCESS	594	457		
GOBP_REGULATION_OF_TELOMERASE_RNA_LOCALIZATION_TO_CAJAL_BODY	12		Rejected!	
GOBP_REGULATION_OF_TELOMERE_CAPPING	14		Rejected!	
GOBP_REGULATION_OF_TELOMERE_MAINTENANCE	111	96		
GOBP_REGULATION_OF_TELOMERE_MAINTENANCE_IN_RESPONSE_TO_DNA_DAMAGE	19	17		
GOBP_REGULATION_OF_TELOMERE_MAINTENANCE_VIA_TELOMERASE	45	39		
GOBP_REGULATION_OF_TELOMERE_MAINTENANCE_VIA_TELOMERE_LENGTHENING	54	45		
GOBP_REGULATION_OF_TERMINATION_OF_DNA_TEMPLATED_TRANSCRIPTION	7		Rejected!	
GOBP_REGULATION_OF_TERMINATION_OF_RNA_POLYMERASE_II_TRANSCRIPTION_POLY_A_COUPLED	5		Rejected!	
GOBP_REGULATION_OF_TESTOSTERONE_BIOSYNTHETIC_PROCESS	8		Rejected!	
GOBP_REGULATION_OF_TETRAPYRROLE_METABOLIC_PROCESS	10		Rejected!	
GOBP_REGULATION_OF_THE_FORCE_OF_HEART_CONTRACTION	26	20		
GOBP_REGULATION_OF_THE_FORCE_OF_HEART_CONTRACTION_BY_CHEMICAL_SIGNAL	6		Rejected!	
GOBP_REGULATION_OF_THYMOCYTE_APOPTOTIC_PROCESS	15		Rejected!	
GOBP_REGULATION_OF_THYROID_HORMONE_GENERATION	6		Rejected!	
GOBP_REGULATION_OF_TIGHT_JUNCTION_DISASSEMBLY	5		Rejected!	
GOBP_REGULATION_OF_TISSUE_REMODELING	86	52		
GOBP_REGULATION_OF_TOLERANCE_INDUCTION	20		Rejected!	
GOBP_REGULATION_OF_TOLL_LIKE_RECEPTOR_2_SIGNALING_PATHWAY	12		Rejected!	
GOBP_REGULATION_OF_TOLL_LIKE_RECEPTOR_3_SIGNALING_PATHWAY	13		Rejected!	
GOBP_REGULATION_OF_TOLL_LIKE_RECEPTOR_4_SIGNALING_PATHWAY	38	28		
GOBP_REGULATION_OF_TOLL_LIKE_RECEPTOR_7_SIGNALING_PATHWAY	6		Rejected!	
GOBP_REGULATION_OF_TOLL_LIKE_RECEPTOR_9_SIGNALING_PATHWAY	12		Rejected!	
GOBP_REGULATION_OF_TOLL_LIKE_RECEPTOR_SIGNALING_PATHWAY	40	27		
GOBP_REGULATION_OF_TOLL_SIGNALING_PATHWAY	6		Rejected!	
GOBP_REGULATION_OF_TOOTH_MINERALIZATION	13		Rejected!	
GOBP_REGULATION_OF_TORC2_SIGNALING	13		Rejected!	
GOBP_REGULATION_OF_TRANSCRIPTION_BY_GLUCOSE	9		Rejected!	
GOBP_REGULATION_OF_TRANSCRIPTION_BY_RNA_POLYMERASE_I	48	41		
GOBP_REGULATION_OF_TRANSCRIPTION_BY_RNA_POLYMERASE_III	30	28		
GOBP_REGULATION_OF_TRANSCRIPTION_FROM_RNA_POLYMERASE_II_PROMOTER_BY_GLUCOSE	5		Rejected!	
GOBP_REGULATION_OF_TRANSCRIPTION_OF_NUCLEOLAR_LARGE_RRNA_BY_RNA_POLYMERASE_I	15		Rejected!	
GOBP_REGULATION_OF_TRANSCRIPTION_REGULATORY_REGION_DNA_BINDING	25	21		
GOBP_REGULATION_OF_TRANSFERASE_ACTIVITY	324	274		
GOBP_REGULATION_OF_TRANSLATION	450	326		
GOBP_REGULATION_OF_TRANSLATIONAL_ELONGATION	14		Rejected!	
GOBP_REGULATION_OF_TRANSLATIONAL_FIDELITY	18	15		
GOBP_REGULATION_OF_TRANSLATIONAL_INITIATION	86	76		
GOBP_REGULATION_OF_TRANSLATIONAL_INITIATION_IN_RESPONSE_TO_STRESS	11		Rejected!	
GOBP_REGULATION_OF_TRANSLATIONAL_TERMINATION	9		Rejected!	
GOBP_REGULATION_OF_TRANSLATION_AT_SYNAPSE	7		Rejected!	
GOBP_REGULATION_OF_TRANSLATION_IN_RESPONSE_TO_ENDOPLASMIC_RETICULUM_STRESS	10		Rejected!	
GOBP_REGULATION_OF_TRANSLATION_IN_RESPONSE_TO_STRESS	22	20		
GOBP_REGULATION_OF_TRANSMEMBRANE_RECEPTOR_PROTEIN_SERINE_THREONINE_KINASE_SIGNALING_PATHWAY	334	240		
GOBP_REGULATION_OF_TRANSMEMBRANE_TRANSPORT	452	346		
GOBP_REGULATION_OF_TRANSMISSION_OF_NERVE_IMPULSE	16		Rejected!	
GOBP_REGULATION_OF_TRANSPORT	1663		Rejected!	
GOBP_REGULATION_OF_TRANSPORTER_ACTIVITY	102	91		
GOBP_REGULATION_OF_TRANS_SYNAPTIC_SIGNALING	523	437		
GOBP_REGULATION_OF_TRIGLYCERIDE_BIOSYNTHETIC_PROCESS	22	17		
GOBP_REGULATION_OF_TRIGLYCERIDE_CATABOLIC_PROCESS	14		Rejected!	
GOBP_REGULATION_OF_TRIGLYCERIDE_METABOLIC_PROCESS	47	35		
GOBP_REGULATION_OF_TRNA_METABOLIC_PROCESS	5		Rejected!	
GOBP_REGULATION_OF_TROPHOBLAST_CELL_MIGRATION	18	15		
GOBP_REGULATION_OF_TUBE_SIZE	162	128		
GOBP_REGULATION_OF_TUBULIN_DEACETYLATION	7		Rejected!	
GOBP_REGULATION_OF_TUMOR_NECROSIS_FACTOR_MEDIATED_SIGNALING_PATHWAY	76	57		
GOBP_REGULATION_OF_TYPE_2_IMMUNE_RESPONSE	34	21		
GOBP_REGULATION_OF_TYPE_2_MITOPHAGY	13		Rejected!	
GOBP_REGULATION_OF_TYPE_B_PANCREATIC_CELL_DEVELOPMENT	9		Rejected!	
GOBP_REGULATION_OF_TYPE_B_PANCREATIC_CELL_PROLIFERATION	14		Rejected!	
GOBP_REGULATION_OF_TYPE_II_HYPERSENSITIVITY	5		Rejected!	
GOBP_REGULATION_OF_TYPE_I_INTERFERON_MEDIATED_SIGNALING_PATHWAY	45	38		
GOBP_REGULATION_OF_TYROSINE_PHOSPHORYLATION_OF_STAT_PROTEIN	26	18		
GOBP_REGULATION_OF_T_CELL_ACTIVATION	401	299		
GOBP_REGULATION_OF_T_CELL_ACTIVATION_VIA_T_CELL_RECEPTOR_CONTACT_WITH_ANTIGEN_BOUND_TO_MHC_MOLECULE_ON_ANTIGEN_PRESENTING_CELL	6		Rejected!	
GOBP_REGULATION_OF_T_CELL_APOPTOTIC_PROCESS	43	33		
GOBP_REGULATION_OF_T_CELL_CHEMOTAXIS	15		Rejected!	
GOBP_REGULATION_OF_T_CELL_COSTIMULATION	5		Rejected!	
GOBP_REGULATION_OF_T_CELL_DIFFERENTIATION_IN_THYMUS	28	24		
GOBP_REGULATION_OF_T_CELL_EXTRAVASATION	6		Rejected!	
GOBP_REGULATION_OF_T_CELL_MEDIATED_CYTOTOXICITY	48	36		
GOBP_REGULATION_OF_T_CELL_MEDIATED_IMMUNITY	107	74		
GOBP_REGULATION_OF_T_CELL_MIGRATION	52	38		
GOBP_REGULATION_OF_T_CELL_RECEPTOR_SIGNALING_PATHWAY	53	42		
GOBP_REGULATION_OF_T_CIRCLE_FORMATION	7		Rejected!	
GOBP_REGULATION_OF_T_HELPER_17_CELL_DIFFERENTIATION	29	19		
GOBP_REGULATION_OF_T_HELPER_17_CELL_LINEAGE_COMMITMENT	15		Rejected!	
GOBP_REGULATION_OF_T_HELPER_17_TYPE_IMMUNE_RESPONSE	39	25		
GOBP_REGULATION_OF_T_HELPER_1_CELL_DIFFERENTIATION	11		Rejected!	
GOBP_REGULATION_OF_T_HELPER_1_TYPE_IMMUNE_RESPONSE	32	18		
GOBP_REGULATION_OF_T_HELPER_2_CELL_DIFFERENTIATION	12		Rejected!	
GOBP_REGULATION_OF_T_HELPER_CELL_DIFFERENTIATION	50	33		
GOBP_REGULATION_OF_UBIQUITIN_DEPENDENT_PROTEIN_CATABOLIC_PROCESS	176	151		
GOBP_REGULATION_OF_UBIQUITIN_PROTEIN_LIGASE_ACTIVITY	17	15		
GOBP_REGULATION_OF_UBIQUITIN_PROTEIN_TRANSFERASE_ACTIVITY	29	24		
GOBP_REGULATION_OF_UNSATURATED_FATTY_ACID_BIOSYNTHETIC_PROCESS	15		Rejected!	
GOBP_REGULATION_OF_URINE_VOLUME	21	16		
GOBP_REGULATION_OF_VACUOLE_ORGANIZATION	61	54		
GOBP_REGULATION_OF_VASCULAR_ASSOCIATED_SMOOTH_MUSCLE_CELL_DEDIFFERENTIATION	6		Rejected!	
GOBP_REGULATION_OF_VASCULAR_ASSOCIATED_SMOOTH_MUSCLE_CELL_DIFFERENTIATION	25		Rejected!	
GOBP_REGULATION_OF_VASCULAR_ASSOCIATED_SMOOTH_MUSCLE_CONTRACTION	11		Rejected!	
GOBP_REGULATION_OF_VASCULAR_ENDOTHELIAL_GROWTH_FACTOR_RECEPTOR_SIGNALING_PATHWAY	37	32		
GOBP_REGULATION_OF_VASCULAR_PERMEABILITY	50	48		
GOBP_REGULATION_OF_VASCULAR_WOUND_HEALING	15		Rejected!	
GOBP_REGULATION_OF_VASCULATURE_DEVELOPMENT	377	247		
GOBP_REGULATION_OF_VASCULOGENESIS	16	16		
GOBP_REGULATION_OF_VASOCONSTRICTION	67	55		
GOBP_REGULATION_OF_VENTRICULAR_CARDIAC_MUSCLE_CELL_ACTION_POTENTIAL	12		Rejected!	
GOBP_REGULATION_OF_VENTRICULAR_CARDIAC_MUSCLE_CELL_MEMBRANE_DEPOLARIZATION	7		Rejected!	
GOBP_REGULATION_OF_VENTRICULAR_CARDIAC_MUSCLE_CELL_MEMBRANE_REPOLARIZATION	25	17		
GOBP_REGULATION_OF_VERY_LOW_DENSITY_LIPOPROTEIN_PARTICLE_CLEARANCE	5		Rejected!	
GOBP_REGULATION_OF_VERY_LOW_DENSITY_LIPOPROTEIN_PARTICLE_REMODELING	8		Rejected!	
GOBP_REGULATION_OF_VESICLE_FUSION	35	30		
GOBP_REGULATION_OF_VESICLE_MEDIATED_TRANSPORT	559	466		
GOBP_REGULATION_OF_VESICLE_SIZE	18	18		
GOBP_REGULATION_OF_VIRAL_ENTRY_INTO_HOST_CELL	21	20		
GOBP_REGULATION_OF_VIRAL_GENOME_REPLICATION	80	64		
GOBP_REGULATION_OF_VIRAL_LIFE_CYCLE	115	94		
GOBP_REGULATION_OF_VIRAL_PROCESS	141	115		
GOBP_REGULATION_OF_VIRAL_TRANSCRIPTION	20	16		
GOBP_REGULATION_OF_VITAMIN_D_BIOSYNTHETIC_PROCESS	6		Rejected!	
GOBP_REGULATION_OF_VITAMIN_D_RECEPTOR_SIGNALING_PATHWAY	10		Rejected!	
GOBP_REGULATION_OF_VITAMIN_METABOLIC_PROCESS	11		Rejected!	
GOBP_REGULATION_OF_VOLTAGE_GATED_CALCIUM_CHANNEL_ACTIVITY	16	15		
GOBP_REGULATION_OF_WNT_PROTEIN_SECRETION	5		Rejected!	
GOBP_REGULATION_OF_WNT_SIGNALING_PATHWAY	355	295		
GOBP_REGULATION_OF_WNT_SIGNALING_PATHWAY_PLANAR_CELL_POLARITY_PATHWAY	14		Rejected!	
GOBP_REGULATION_OF_WOUND_HEALING	137	106		
GOBP_REGULATION_OF_WOUND_HEALING_SPREADING_OF_EPIDERMAL_CELLS	11		Rejected!	
GOBP_REGULATION_OF_XENOPHAGY	8		Rejected!	
GOBP_REGULATION_PROTEIN_CATABOLIC_PROCESS_AT_SYNAPSE	6		Rejected!	
GOBP_REGULATORY_NCRNA_MEDIATED_GENE_SILENCING	711	103		
GOBP_REGULATORY_NCRNA_MEDIATED_HETEROCHROMATIN_FORMATION	27	15		
GOBP_REGULATORY_NCRNA_PROCESSING	70	51		
GOBP_REGULATORY_T_CELL_DIFFERENTIATION	43	30		
GOBP_RELAXATION_OF_CARDIAC_MUSCLE	17	16		
GOBP_RELAXATION_OF_MUSCLE	34	27		
GOBP_RELAXATION_OF_SMOOTH_MUSCLE	10		Rejected!	
GOBP_RELAXATION_OF_VASCULAR_ASSOCIATED_SMOOTH_MUSCLE	7		Rejected!	
GOBP_RELEASE_OF_CYTOCHROME_C_FROM_MITOCHONDRIA	55	48		
GOBP_RELEASE_OF_SEQUESTERED_CALCIUM_ION_INTO_CYTOSOL_BY_ENDOPLASMIC_RETICULUM	44	31		
GOBP_RENAL_ABSORPTION	40	32		
GOBP_RENAL_ALBUMIN_ABSORPTION	6		Rejected!	
GOBP_RENAL_CONTROL_OF_PERIPHERAL_VASCULAR_RESISTANCE_INVOLVED_IN_REGULATION_OF_SYSTEMIC_ARTERIAL_BLOOD_PRESSURE	7		Rejected!	
GOBP_RENAL_FILTRATION	34	27		
GOBP_RENAL_PROTEIN_ABSORPTION	9		Rejected!	
GOBP_RENAL_RESPONSE_TO_BLOOD_FLOW_INVOLVED_IN_CIRCULATORY_RENIN_ANGIOTENSIN_REGULATION_OF_SYSTEMIC_ARTERIAL_BLOOD_PRESSURE	8		Rejected!	
GOBP_RENAL_SODIUM_EXCRETION	12		Rejected!	
GOBP_RENAL_SODIUM_ION_ABSORPTION	16		Rejected!	
GOBP_RENAL_SODIUM_ION_TRANSPORT	19	15		
GOBP_RENAL_SYSTEM_DEVELOPMENT	335	295		
GOBP_RENAL_SYSTEM_PROCESS	138	106		
GOBP_RENAL_SYSTEM_PROCESS_INVOLVED_IN_REGULATION_OF_BLOOD_VOLUME	16		Rejected!	
GOBP_RENAL_SYSTEM_PROCESS_INVOLVED_IN_REGULATION_OF_SYSTEMIC_ARTERIAL_BLOOD_PRESSURE	29	20		
GOBP_RENAL_SYSTEM_VASCULATURE_DEVELOPMENT	33	30		
GOBP_RENAL_SYSTEM_VASCULATURE_MORPHOGENESIS	8		Rejected!	
GOBP_RENAL_TUBULAR_SECRETION	20	18		
GOBP_RENAL_TUBULE_DEVELOPMENT	104	94		
GOBP_RENAL_TUBULE_MORPHOGENESIS	81	73		
GOBP_RENAL_VESICLE_DEVELOPMENT	17	15		
GOBP_RENAL_VESICLE_FORMATION	7		Rejected!	
GOBP_RENAL_WATER_ABSORPTION	5		Rejected!	
GOBP_RENAL_WATER_HOMEOSTASIS	24	16		
GOBP_RENAL_WATER_TRANSPORT	8		Rejected!	
GOBP_REPLACEMENT_OSSIFICATION	31	29		
GOBP_REPLICATION_BORN_DOUBLE_STRAND_BREAK_REPAIR_VIA_SISTER_CHROMATID_EXCHANGE	6		Rejected!	
GOBP_REPLICATIVE_SENESCENCE	17		Rejected!	
GOBP_REPRODUCTIVE_BEHAVIOR	48	38		
GOBP_REPRODUCTIVE_PROCESS	1645		Rejected!	
GOBP_REPRODUCTIVE_SYSTEM_DEVELOPMENT	322	263		
GOBP_RESCUE_OF_STALLED_RIBOSOME	35	35		
GOBP_RESOLUTION_OF_DNA_RECOMBINATION_INTERMEDIATES	9		Rejected!	
GOBP_RESOLUTION_OF_MEIOTIC_RECOMBINATION_INTERMEDIATES	17		Rejected!	
GOBP_RESOLUTION_OF_MITOTIC_RECOMBINATION_INTERMEDIATES	5		Rejected!	
GOBP_RESPIRATORY_BURST	40	26		
GOBP_RESPIRATORY_BURST_INVOLVED_IN_DEFENSE_RESPONSE	17		Rejected!	
GOBP_RESPIRATORY_BURST_INVOLVED_IN_INFLAMMATORY_RESPONSE	10		Rejected!	
GOBP_RESPIRATORY_CHAIN_COMPLEX_III_ASSEMBLY	13		Rejected!	
GOBP_RESPIRATORY_CHAIN_COMPLEX_IV_ASSEMBLY	31	30		
GOBP_RESPIRATORY_GASEOUS_EXCHANGE_BY_RESPIRATORY_SYSTEM	82	68		
GOBP_RESPIRATORY_SYSTEM_DEVELOPMENT	232	205		
GOBP_RESPIRATORY_SYSTEM_PROCESS	50	41		
GOBP_RESPONSE_TO_2_3_7_8_TETRACHLORODIBENZODIOXINE	7		Rejected!	
GOBP_RESPONSE_TO_ABIOTIC_STIMULUS	1185		Rejected!	
GOBP_RESPONSE_TO_ACETYLCHOLINE	52	43		
GOBP_RESPONSE_TO_ACIDIC_PH	27	24		
GOBP_RESPONSE_TO_ACID_CHEMICAL	142	116		
GOBP_RESPONSE_TO_ACTIVITY	84	61		
GOBP_RESPONSE_TO_ALCOHOL	272	213		
GOBP_RESPONSE_TO_ALDOSTERONE	17	16		
GOBP_RESPONSE_TO_ALKALOID	93	77		
GOBP_RESPONSE_TO_AMINE	47	39		
GOBP_RESPONSE_TO_AMINO_ACID_STARVATION	56	49		
GOBP_RESPONSE_TO_AMMONIUM_ION	6		Rejected!	
GOBP_RESPONSE_TO_AMPHETAMINE	31	26		
GOBP_RESPONSE_TO_AMYLOID_BETA	60	45		
GOBP_RESPONSE_TO_ANESTHETIC	6		Rejected!	
GOBP_RESPONSE_TO_ANGIOTENSIN	46	38		
GOBP_RESPONSE_TO_ANTIBIOTIC	37	31		
GOBP_RESPONSE_TO_ARSENIC_CONTAINING_SUBSTANCE	30	27		
GOBP_RESPONSE_TO_ATP	33	29		
GOBP_RESPONSE_TO_AUDITORY_STIMULUS	36	29		
GOBP_RESPONSE_TO_AXON_INJURY	84	69		
GOBP_RESPONSE_TO_BACTERIAL_LIPOPROTEIN	11		Rejected!	
GOBP_RESPONSE_TO_BACTERIUM	762	462		
GOBP_RESPONSE_TO_BILE_ACID	7		Rejected!	
GOBP_RESPONSE_TO_BLEOMYCIN	5		Rejected!	
GOBP_RESPONSE_TO_BLUE_LIGHT	7		Rejected!	
GOBP_RESPONSE_TO_BMP	187	148		
GOBP_RESPONSE_TO_CADMIUM_ION	48	39		
GOBP_RESPONSE_TO_CAFFEINE	16		Rejected!	
GOBP_RESPONSE_TO_CALCIUM_ION	141	117		
GOBP_RESPONSE_TO_CAMP	90	69		
GOBP_RESPONSE_TO_CARBOHYDRATE	247	186		
GOBP_RESPONSE_TO_CELL_CYCLE_CHECKPOINT_SIGNALING	9		Rejected!	
GOBP_RESPONSE_TO_CGMP	9		Rejected!	
GOBP_RESPONSE_TO_CHEMOKINE	93	57		
GOBP_RESPONSE_TO_CISPLATIN	6		Rejected!	
GOBP_RESPONSE_TO_COBALT_ION	10		Rejected!	
GOBP_RESPONSE_TO_COCAINE	48	40		
GOBP_RESPONSE_TO_COLD	44	39		
GOBP_RESPONSE_TO_COPPER_ION	40	34		
GOBP_RESPONSE_TO_CORTICOSTEROID	153	124		
GOBP_RESPONSE_TO_CORTICOSTERONE	16		Rejected!	
GOBP_RESPONSE_TO_CORTICOTROPIN_RELEASING_HORMONE	5		Rejected!	
GOBP_RESPONSE_TO_CORTISOL	7		Rejected!	
GOBP_RESPONSE_TO_CYCLOHEXIMIDE	7		Rejected!	
GOBP_RESPONSE_TO_DEXAMETHASONE	44	39		
GOBP_RESPONSE_TO_DIACYL_BACTERIAL_LIPOPEPTIDE	5		Rejected!	
GOBP_RESPONSE_TO_DIETARY_EXCESS	36	25		
GOBP_RESPONSE_TO_DISACCHARIDE	7		Rejected!	
GOBP_RESPONSE_TO_DSRNA	57	40		
GOBP_RESPONSE_TO_ELECTRICAL_STIMULUS	37	32		
GOBP_RESPONSE_TO_ENDOGENOUS_STIMULUS	1596		Rejected!	
GOBP_RESPONSE_TO_ENDOPLASMIC_RETICULUM_STRESS	283	243		
GOBP_RESPONSE_TO_EPIDERMAL_GROWTH_FACTOR	52	44		
GOBP_RESPONSE_TO_EPINEPHRINE	15		Rejected!	
GOBP_RESPONSE_TO_ERYTHROPOIETIN	10		Rejected!	
GOBP_RESPONSE_TO_ESTRADIOL	113	96		
GOBP_RESPONSE_TO_ESTROGEN	65	52		
GOBP_RESPONSE_TO_ETHANOL	124	98		
GOBP_RESPONSE_TO_ETHER	22	15		
GOBP_RESPONSE_TO_FATTY_ACID	62	47		
GOBP_RESPONSE_TO_FIBROBLAST_GROWTH_FACTOR	130	99		
GOBP_RESPONSE_TO_FLUID_SHEAR_STRESS	44	34		
GOBP_RESPONSE_TO_FLUORIDE	5		Rejected!	
GOBP_RESPONSE_TO_FOLIC_ACID	10		Rejected!	
GOBP_RESPONSE_TO_FOLLICLE_STIMULATING_HORMONE	16		Rejected!	
GOBP_RESPONSE_TO_FOOD	47	31		
GOBP_RESPONSE_TO_FORSKOLIN	15		Rejected!	
GOBP_RESPONSE_TO_FRUCTOSE	9		Rejected!	
GOBP_RESPONSE_TO_FUNGICIDE	6		Rejected!	
GOBP_RESPONSE_TO_FUNGUS	80	39		
GOBP_RESPONSE_TO_GAMMA_RADIATION	53	41		
GOBP_RESPONSE_TO_GLUCAGON	20	18		
GOBP_RESPONSE_TO_GLYCOPROTEIN	8		Rejected!	
GOBP_RESPONSE_TO_GLYCOSIDE	7		Rejected!	
GOBP_RESPONSE_TO_GONADOTROPIN	28	21		
GOBP_RESPONSE_TO_GONADOTROPIN_RELEASING_HORMONE	8		Rejected!	
GOBP_RESPONSE_TO_GRAM_POSITIVE_BACTERIUM	6		Rejected!	
GOBP_RESPONSE_TO_GRANULOCYTE_MACROPHAGE_COLONY_STIMULATING_FACTOR	12		Rejected!	
GOBP_RESPONSE_TO_GRAVITY	8		Rejected!	
GOBP_RESPONSE_TO_GROWTH_FACTOR	804		Rejected!	
GOBP_RESPONSE_TO_GROWTH_HORMONE	42	27		
GOBP_RESPONSE_TO_HEAT	104	90		
GOBP_RESPONSE_TO_HEPARIN	6		Rejected!	
GOBP_RESPONSE_TO_HEPATOCYTE_GROWTH_FACTOR	17	15		
GOBP_RESPONSE_TO_HERBICIDE	5		Rejected!	
GOBP_RESPONSE_TO_HIGH_LIGHT_INTENSITY	5		Rejected!	
GOBP_RESPONSE_TO_HISTAMINE	11		Rejected!	
GOBP_RESPONSE_TO_HORMONE	927		Rejected!	
GOBP_RESPONSE_TO_HYDROGEN_PEROXIDE	103	91		
GOBP_RESPONSE_TO_HYDROPEROXIDE	20	18		
GOBP_RESPONSE_TO_HYDROSTATIC_PRESSURE	6		Rejected!	
GOBP_RESPONSE_TO_HYDROXYUREA	12		Rejected!	
GOBP_RESPONSE_TO_HYPEROXIA	19	17		
GOBP_RESPONSE_TO_IMMOBILIZATION_STRESS	25	17		
GOBP_RESPONSE_TO_INACTIVITY	11		Rejected!	
GOBP_RESPONSE_TO_INCREASED_OXYGEN_LEVELS	27	25		
GOBP_RESPONSE_TO_INDOLE_3_METHANOL	5		Rejected!	
GOBP_RESPONSE_TO_INSECTICIDE	8		Rejected!	
GOBP_RESPONSE_TO_INSULIN	280	231		
GOBP_RESPONSE_TO_INTERFERON_ALPHA	21	17		
GOBP_RESPONSE_TO_INTERFERON_BETA	37	32		
GOBP_RESPONSE_TO_INTERLEUKIN_1	118	97		
GOBP_RESPONSE_TO_INTERLEUKIN_12	12		Rejected!	
GOBP_RESPONSE_TO_INTERLEUKIN_13	7		Rejected!	
GOBP_RESPONSE_TO_INTERLEUKIN_15	11		Rejected!	
GOBP_RESPONSE_TO_INTERLEUKIN_17	19		Rejected!	
GOBP_RESPONSE_TO_INTERLEUKIN_18	12		Rejected!	
GOBP_RESPONSE_TO_INTERLEUKIN_2	11		Rejected!	
GOBP_RESPONSE_TO_INTERLEUKIN_3	7		Rejected!	
GOBP_RESPONSE_TO_INTERLEUKIN_4	39	29		
GOBP_RESPONSE_TO_INTERLEUKIN_6	48	28		
GOBP_RESPONSE_TO_INTERLEUKIN_7	22	20		
GOBP_RESPONSE_TO_INTERLEUKIN_9	9		Rejected!	
GOBP_RESPONSE_TO_IONIZING_RADIATION	146	119		
GOBP_RESPONSE_TO_IONOMYCIN	6		Rejected!	
GOBP_RESPONSE_TO_IRON_II_ION	7		Rejected!	
GOBP_RESPONSE_TO_IRON_ION	32	28		
GOBP_RESPONSE_TO_ISCHEMIA	63	50		
GOBP_RESPONSE_TO_ISOQUINOLINE_ALKALOID	17	15		
GOBP_RESPONSE_TO_KETONE	226	192		
GOBP_RESPONSE_TO_LAMINAR_FLUID_SHEAR_STRESS	22	15		
GOBP_RESPONSE_TO_LEAD_ION	19	15		
GOBP_RESPONSE_TO_LECTIN	23		Rejected!	
GOBP_RESPONSE_TO_LEPTIN	21	16		
GOBP_RESPONSE_TO_LEUKEMIA_INHIBITORY_FACTOR	112	97		
GOBP_RESPONSE_TO_LIGHT_INTENSITY	19	18		
GOBP_RESPONSE_TO_LIGHT_STIMULUS	340	281		
GOBP_RESPONSE_TO_LIPID	955		Rejected!	
GOBP_RESPONSE_TO_LIPOPROTEIN_PARTICLE	39	26		
GOBP_RESPONSE_TO_LIPOTEICHOIC_ACID	11		Rejected!	
GOBP_RESPONSE_TO_LITHIUM_ION	17	17		
GOBP_RESPONSE_TO_LUTEINIZING_HORMONE	7		Rejected!	
GOBP_RESPONSE_TO_L_ASCORBIC_ACID	5		Rejected!	
GOBP_RESPONSE_TO_L_GLUTAMATE	19	15		
GOBP_RESPONSE_TO_L_LEUCINE	15		Rejected!	
GOBP_RESPONSE_TO_L_PHENYLALANINE_DERIVATIVE	6		Rejected!	
GOBP_RESPONSE_TO_MACROPHAGE_COLONY_STIMULATING_FACTOR	17		Rejected!	
GOBP_RESPONSE_TO_MAGNESIUM_ION	19	15		
GOBP_RESPONSE_TO_MANGANESE_ION	15		Rejected!	
GOBP_RESPONSE_TO_MECHANICAL_STIMULUS	228	193		
GOBP_RESPONSE_TO_MERCURY_ION	11		Rejected!	
GOBP_RESPONSE_TO_METAL_ION	348	288		
GOBP_RESPONSE_TO_METHIONINE	6		Rejected!	
GOBP_RESPONSE_TO_METHYLMERCURY	6		Rejected!	
GOBP_RESPONSE_TO_MINERALOCORTICOID	37	31		
GOBP_RESPONSE_TO_MISFOLDED_PROTEIN	20	20		
GOBP_RESPONSE_TO_MITOCHONDRIAL_DEPOLARISATION	6		Rejected!	
GOBP_RESPONSE_TO_MOLECULE_OF_BACTERIAL_ORIGIN	376	263		
GOBP_RESPONSE_TO_MOLECULE_OF_FUNGAL_ORIGIN	5		Rejected!	
GOBP_RESPONSE_TO_MONOAMINE	63	49		
GOBP_RESPONSE_TO_MURAMYL_DIPEPTIDE	21	19		
GOBP_RESPONSE_TO_MUSCLE_ACTIVITY	33	21		
GOBP_RESPONSE_TO_MUSCLE_INACTIVITY	8		Rejected!	
GOBP_RESPONSE_TO_MUSCLE_STRETCH	26	20		
GOBP_RESPONSE_TO_MYCOTOXIN	5		Rejected!	
GOBP_RESPONSE_TO_NEMATODE	9		Rejected!	
GOBP_RESPONSE_TO_NERVE_GROWTH_FACTOR	52	47		
GOBP_RESPONSE_TO_NICOTINE	49	43		
GOBP_RESPONSE_TO_NITRIC_OXIDE	22	19		
GOBP_RESPONSE_TO_NITROGEN_COMPOUND	1104		Rejected!	
GOBP_RESPONSE_TO_NITROSATIVE_STRESS	10		Rejected!	
GOBP_RESPONSE_TO_NUTRIENT	162	141		
GOBP_RESPONSE_TO_NUTRIENT_LEVELS	513	415		
GOBP_RESPONSE_TO_ODORANT	5		Rejected!	
GOBP_RESPONSE_TO_ORGANOPHOSPHORUS	129	103		
GOBP_RESPONSE_TO_OSCILLATORY_FLUID_SHEAR_STRESS	5		Rejected!	
GOBP_RESPONSE_TO_OSMOTIC_STRESS	87	77		
GOBP_RESPONSE_TO_OXIDATIVE_STRESS	412	351		
GOBP_RESPONSE_TO_OXYGEN_CONTAINING_COMPOUND	1726		Rejected!	
GOBP_RESPONSE_TO_OXYGEN_GLUCOSE_DEPRIVATION	11		Rejected!	
GOBP_RESPONSE_TO_OXYGEN_LEVELS	357	291		
GOBP_RESPONSE_TO_OXYGEN_RADICAL	27	23		
GOBP_RESPONSE_TO_PAIN	34	29		
GOBP_RESPONSE_TO_PARATHYROID_HORMONE	15		Rejected!	
GOBP_RESPONSE_TO_PEPTIDE	1010		Rejected!	
GOBP_RESPONSE_TO_PEPTIDE_HORMONE	452	367		
GOBP_RESPONSE_TO_PEPTIDOGLYCAN	13		Rejected!	
GOBP_RESPONSE_TO_PH	40	35		
GOBP_RESPONSE_TO_PHENYLPROPANOID	6		Rejected!	
GOBP_RESPONSE_TO_PHEROMONE	9		Rejected!	
GOBP_RESPONSE_TO_PHORBOL_13_ACETATE_12_MYRISTATE	11		Rejected!	
GOBP_RESPONSE_TO_PLATELET_DERIVED_GROWTH_FACTOR	27	23		
GOBP_RESPONSE_TO_POTASSIUM_ION	21		Rejected!	
GOBP_RESPONSE_TO_PROGESTERONE	36	29		
GOBP_RESPONSE_TO_PROSTAGLANDIN	38	29		
GOBP_RESPONSE_TO_PROSTAGLANDIN_D	7		Rejected!	
GOBP_RESPONSE_TO_PROSTAGLANDIN_E	28	21		
GOBP_RESPONSE_TO_PROTOZOAN	33	18		
GOBP_RESPONSE_TO_PSYCHOSOCIAL_STRESS	5		Rejected!	
GOBP_RESPONSE_TO_PURINE_CONTAINING_COMPOUND	149	118		
GOBP_RESPONSE_TO_RADIATION	461	383		
GOBP_RESPONSE_TO_RAPAMYCIN	7		Rejected!	
GOBP_RESPONSE_TO_REACTIVE_OXYGEN_SPECIES	204	169		
GOBP_RESPONSE_TO_REDOX_STATE	14		Rejected!	
GOBP_RESPONSE_TO_RETINOIC_ACID	108	91		
GOBP_RESPONSE_TO_SALT	24	21		
GOBP_RESPONSE_TO_SALT_STRESS	22	18		
GOBP_RESPONSE_TO_SELENIUM_ION	11		Rejected!	
GOBP_RESPONSE_TO_SODIUM_ARSENITE	6		Rejected!	
GOBP_RESPONSE_TO_SODIUM_PHOSPHATE	9		Rejected!	
GOBP_RESPONSE_TO_STARVATION	223	183		
GOBP_RESPONSE_TO_STEROID_HORMONE	342	281		
GOBP_RESPONSE_TO_STEROL	36	25		
GOBP_RESPONSE_TO_STEROL_DEPLETION	19	17		
GOBP_RESPONSE_TO_STILBENOID	10		Rejected!	
GOBP_RESPONSE_TO_STIMULUS_INVOLVED_IN_REGULATION_OF_MUSCLE_ADAPTATION	12		Rejected!	
GOBP_RESPONSE_TO_SYMBIONT	7		Rejected!	
GOBP_RESPONSE_TO_SYMBIOTIC_BACTERIUM	5		Rejected!	
GOBP_RESPONSE_TO_TEMPERATURE_STIMULUS	175	147		
GOBP_RESPONSE_TO_TESTOSTERONE	45	41		
GOBP_RESPONSE_TO_THYROGLOBULIN_TRIIODOTHYRONINE	5		Rejected!	
GOBP_RESPONSE_TO_THYROID_HORMONE	22	18		
GOBP_RESPONSE_TO_THYROXINE	5		Rejected!	
GOBP_RESPONSE_TO_TOPOLOGICALLY_INCORRECT_PROTEIN	165	145		
GOBP_RESPONSE_TO_TOXIC_SUBSTANCE	274	205		
GOBP_RESPONSE_TO_TRANSFORMING_GROWTH_FACTOR_BETA	322	229		
GOBP_RESPONSE_TO_TUMOR_CELL	49	40		
GOBP_RESPONSE_TO_TUMOR_NECROSIS_FACTOR	243	192		
GOBP_RESPONSE_TO_TYPE_III_INTERFERON	13		Rejected!	
GOBP_RESPONSE_TO_TYPE_II_INTERFERON	128	100		
GOBP_RESPONSE_TO_TYPE_I_INTERFERON	92	66		
GOBP_RESPONSE_TO_UV	158	134		
GOBP_RESPONSE_TO_UV_A	15		Rejected!	
GOBP_RESPONSE_TO_UV_B	21		Rejected!	
GOBP_RESPONSE_TO_UV_C	15		Rejected!	
GOBP_RESPONSE_TO_VASOPRESSIN	8		Rejected!	
GOBP_RESPONSE_TO_VIRUS	437	338		
GOBP_RESPONSE_TO_VITAMIN	89	77		
GOBP_RESPONSE_TO_VITAMIN_A	15		Rejected!	
GOBP_RESPONSE_TO_VITAMIN_D	40	33		
GOBP_RESPONSE_TO_VITAMIN_E	7		Rejected!	
GOBP_RESPONSE_TO_VITAMIN_K	5		Rejected!	
GOBP_RESPONSE_TO_WATER	12		Rejected!	
GOBP_RESPONSE_TO_WATER_DEPRIVATION	5		Rejected!	
GOBP_RESPONSE_TO_WOUNDING	593	477		
GOBP_RESPONSE_TO_XENOBIOTIC_STIMULUS	447	329		
GOBP_RESPONSE_TO_X_RAY	30	23		
GOBP_RESPONSE_TO_YEAST	16		Rejected!	
GOBP_RESPONSE_TO_ZINC_ION	53	44		
GOBP_RESPONSE_TO_ZINC_ION_STARVATION	7		Rejected!	
GOBP_RETICULOPHAGY	23	21		
GOBP_RETINAL_BIPOLAR_NEURON_DIFFERENTIATION	11		Rejected!	
GOBP_RETINAL_BLOOD_VESSEL_MORPHOGENESIS	6		Rejected!	
GOBP_RETINAL_CELL_APOPTOTIC_PROCESS	7		Rejected!	
GOBP_RETINAL_CELL_PROGRAMMED_CELL_DEATH	6		Rejected!	
GOBP_RETINAL_CONE_CELL_DEVELOPMENT	11		Rejected!	
GOBP_RETINAL_CONE_CELL_DIFFERENTIATION	14		Rejected!	
GOBP_RETINAL_GANGLION_CELL_AXON_GUIDANCE	23	22		
GOBP_RETINAL_METABOLIC_PROCESS	19		Rejected!	
GOBP_RETINAL_PIGMENT_EPITHELIUM_DEVELOPMENT	10		Rejected!	
GOBP_RETINAL_ROD_CELL_DEVELOPMENT	10		Rejected!	
GOBP_RETINAL_ROD_CELL_DIFFERENTIATION	18		Rejected!	
GOBP_RETINA_DEVELOPMENT_IN_CAMERA_TYPE_EYE	180	152		
GOBP_RETINA_HOMEOSTASIS	59	49		
GOBP_RETINA_LAYER_FORMATION	26	24		
GOBP_RETINA_MORPHOGENESIS_IN_CAMERA_TYPE_EYE	70	59		
GOBP_RETINA_VASCULATURE_DEVELOPMENT_IN_CAMERA_TYPE_EYE	20	17		
GOBP_RETINA_VASCULATURE_MORPHOGENESIS_IN_CAMERA_TYPE_EYE	10		Rejected!	
GOBP_RETINOIC_ACID_METABOLIC_PROCESS	33	17		
GOBP_RETINOIC_ACID_RECEPTOR_SIGNALING_PATHWAY	38	34		
GOBP_RETINOL_METABOLIC_PROCESS	52	33		
GOBP_RETROGRADE_AXONAL_TRANSPORT	23	22		
GOBP_RETROGRADE_NEURONAL_DENSE_CORE_VESICLE_TRANSPORT	5		Rejected!	
GOBP_RETROGRADE_TRANSPORT_ENDOSOME_TO_GOLGI	108	97		
GOBP_RETROGRADE_TRANSPORT_VESICLE_RECYCLING_WITHIN_GOLGI	9		Rejected!	
GOBP_RETROGRADE_TRANS_SYNAPTIC_SIGNALING	10		Rejected!	
GOBP_RETROGRADE_TRANS_SYNAPTIC_SIGNALING_BY_LIPID	5		Rejected!	
GOBP_RETROGRADE_VESICLE_MEDIATED_TRANSPORT_GOLGI_TO_ENDOPLASMIC_RETICULUM	52	50		
GOBP_REVERSE_CHOLESTEROL_TRANSPORT	21		Rejected!	
GOBP_REVERSIBLE_DIFFERENTIATION	12		Rejected!	
GOBP_RHOMBOMERE_DEVELOPMENT	7		Rejected!	
GOBP_RHO_ACTIVATING_G_PROTEIN_COUPLED_RECEPTOR_SIGNALING_PATHWAY	7		Rejected!	
GOBP_RHO_PROTEIN_SIGNAL_TRANSDUCTION	147	128		
GOBP_RHYTHMIC_BEHAVIOR	50	39		
GOBP_RHYTHMIC_PROCESS	301	254		
GOBP_RIBOFLAVIN_METABOLIC_PROCESS	5		Rejected!	
GOBP_RIBOFLAVIN_TRANSPORT	6		Rejected!	
GOBP_RIBONUCLEOPROTEIN_COMPLEX_BIOGENESIS	494	436		
GOBP_RIBONUCLEOPROTEIN_COMPLEX_LOCALIZATION	13		Rejected!	
GOBP_RIBONUCLEOSIDE_CATABOLIC_PROCESS	14		Rejected!	
GOBP_RIBONUCLEOSIDE_DIPHOSPHATE_BIOSYNTHETIC_PROCESS	11		Rejected!	
GOBP_RIBONUCLEOSIDE_METABOLIC_PROCESS	30	26		
GOBP_RIBONUCLEOSIDE_MONOPHOSPHATE_BIOSYNTHETIC_PROCESS	35	29		
GOBP_RIBONUCLEOSIDE_MONOPHOSPHATE_CATABOLIC_PROCESS	16	15		
GOBP_RIBONUCLEOSIDE_MONOPHOSPHATE_METABOLIC_PROCESS	60	54		
GOBP_RIBOSE_PHOSPHATE_BIOSYNTHETIC_PROCESS	182	158		
GOBP_RIBOSE_PHOSPHATE_METABOLIC_PROCESS	385	330		
GOBP_RIBOSOMAL_LARGE_SUBUNIT_ASSEMBLY	21	18		
GOBP_RIBOSOMAL_LARGE_SUBUNIT_BIOGENESIS	68	64		
GOBP_RIBOSOMAL_LARGE_SUBUNIT_EXPORT_FROM_NUCLEUS	8		Rejected!	
GOBP_RIBOSOMAL_SMALL_SUBUNIT_ASSEMBLY	22	20		
GOBP_RIBOSOMAL_SMALL_SUBUNIT_BIOGENESIS	108	101		
GOBP_RIBOSOMAL_SMALL_SUBUNIT_EXPORT_FROM_NUCLEUS	8		Rejected!	
GOBP_RIBOSOMAL_SUBUNIT_EXPORT_FROM_NUCLEUS	14		Rejected!	
GOBP_RIBOSOME_ASSEMBLY	63	57		
GOBP_RIBOSOME_ASSOCIATED_UBIQUITIN_DEPENDENT_PROTEIN_CATABOLIC_PROCESS	7		Rejected!	
GOBP_RIBOSOME_BIOGENESIS	320	300		
GOBP_RIBOSOME_DISASSEMBLY	42	42		
GOBP_RIGHTING_REFLEX	9		Rejected!	
GOBP_RIG_I_SIGNALING_PATHWAY	30	25		
GOBP_RISC_COMPLEX_ASSEMBLY	10		Rejected!	
GOBP_RNA_3_END_PROCESSING	94	83		
GOBP_RNA_5_END_PROCESSING	38	38		
GOBP_RNA_CAPPING	16	16		
GOBP_RNA_DECAPPING	20	19		
GOBP_RNA_EXPORT_FROM_NUCLEUS	94	81		
GOBP_RNA_GUANINE_N7_METHYLATION	7		Rejected!	
GOBP_RNA_IMPORT_INTO_MITOCHONDRION	5		Rejected!	
GOBP_RNA_LOCALIZATION	204	178		
GOBP_RNA_METHYLATION	84	75		
GOBP_RNA_MODIFICATION	173	152		
GOBP_RNA_POLYMERASE_II_PREINITIATION_COMPLEX_ASSEMBLY	68	54		
GOBP_RNA_POLYMERASE_II_TRANSCRIPTION_INITIATION_SURVEILLANCE	19	16		
GOBP_RNA_POLYMERASE_I_PREINITIATION_COMPLEX_ASSEMBLY	11		Rejected!	
GOBP_RNA_PROCESSING	1436		Rejected!	
GOBP_RNA_SPLICING	487	402		
GOBP_RNA_SPLICING_VIA_ENDONUCLEOLYTIC_CLEAVAGE_AND_LIGATION	14		Rejected!	
GOBP_RNA_SPLICING_VIA_TRANSESTERIFICATION_REACTIONS	344	278		
GOBP_RNA_SURVEILLANCE	37	34		
GOBP_RNA_TEMPLATED_DNA_BIOSYNTHETIC_PROCESS	61	54		
GOBP_ROOF_OF_MOUTH_DEVELOPMENT	92	82		
GOBP_ROSTROCAUDAL_NEURAL_TUBE_PATTERNING	11		Rejected!	
GOBP_ROUNDABOUT_SIGNALING_PATHWAY	5		Rejected!	
GOBP_RRNA_3_END_PROCESSING	11		Rejected!	
GOBP_RRNA_5_END_PROCESSING	5		Rejected!	
GOBP_RRNA_BASE_METHYLATION	10		Rejected!	
GOBP_RRNA_CATABOLIC_PROCESS	17	15		
GOBP_RRNA_METABOLIC_PROCESS	266	248		
GOBP_RRNA_METHYLATION	26	22		
GOBP_RRNA_MODIFICATION	36	32		
GOBP_RRNA_PROCESSING	222	208		
GOBP_RRNA_PSEUDOURIDINE_SYNTHESIS	9		Rejected!	
GOBP_RRNA_TRANSCRIPTION	42	39		
GOBP_RUFFLE_ASSEMBLY	44	40		
GOBP_RUFFLE_ORGANIZATION	57	50		
GOBP_R_LOOP_PROCESSING	9		Rejected!	
GOBP_SALIVARY_GLAND_DEVELOPMENT	37	35		
GOBP_SALIVA_SECRETION	15		Rejected!	
GOBP_SARCOMERE_ORGANIZATION	50	39		
GOBP_SARCOPLASMIC_RETICULUM_CALCIUM_ION_TRANSPORT	49	35		
GOBP_SATELLITE_CELL_ACTIVATION_INVOLVED_IN_SKELETAL_MUSCLE_REGENERATION	6		Rejected!	
GOBP_SA_NODE_CELL_TO_ATRIAL_CARDIAC_MUSCLE_CELL_COMMUNICATION	13		Rejected!	
GOBP_SCARNA_LOCALIZATION_TO_CAJAL_BODY	5		Rejected!	
GOBP_SCF_DEPENDENT_PROTEASOMAL_UBIQUITIN_DEPENDENT_PROTEIN_CATABOLIC_PROCESS	45	40		
GOBP_SCHWANN_CELL_DIFFERENTIATION	50	48		
GOBP_SCHWANN_CELL_MIGRATION	6		Rejected!	
GOBP_SCHWANN_CELL_PROLIFERATION	11		Rejected!	
GOBP_SEBACEOUS_GLAND_DEVELOPMENT	11		Rejected!	
GOBP_SECONDARY_ALCOHOL_METABOLIC_PROCESS	167	125		
GOBP_SECONDARY_HEART_FIELD_SPECIFICATION	11		Rejected!	
GOBP_SECONDARY_METABOLIC_PROCESS	60	44		
GOBP_SECONDARY_METABOLITE_BIOSYNTHETIC_PROCESS	26	23		
GOBP_SECONDARY_PALATE_DEVELOPMENT	27	21		
GOBP_SECRETION	1016		Rejected!	
GOBP_SECRETION_BY_TISSUE	47	36		
GOBP_SECRETION_OF_LYSOSOMAL_ENZYMES	7		Rejected!	
GOBP_SECRETORY_GRANULE_LOCALIZATION	25	23		
GOBP_SECRETORY_GRANULE_ORGANIZATION	76	60		
GOBP_SEGMENTATION	104	84		
GOBP_SEGMENT_SPECIFICATION	17	15		
GOBP_SELF_PROTEOLYSIS	11		Rejected!	
GOBP_SEMAPHORIN_PLEXIN_SIGNALING_PATHWAY	49	43		
GOBP_SEMICIRCULAR_CANAL_DEVELOPMENT	11		Rejected!	
GOBP_SEMICIRCULAR_CANAL_MORPHOGENESIS	9		Rejected!	
GOBP_SEMINIFEROUS_TUBULE_DEVELOPMENT	21	19		
GOBP_SEMI_LUNAR_VALVE_DEVELOPMENT	49	44		
GOBP_SENSORY_ORGAN_DEVELOPMENT	638		Rejected!	
GOBP_SENSORY_ORGAN_MORPHOGENESIS	297	262		
GOBP_SENSORY_PERCEPTION	1014	450		
GOBP_SENSORY_PERCEPTION_OF_BITTER_TASTE	46	20		
GOBP_SENSORY_PERCEPTION_OF_CHEMICAL_STIMULUS	542	73		
GOBP_SENSORY_PERCEPTION_OF_LIGHT_STIMULUS	227	171		
GOBP_SENSORY_PERCEPTION_OF_MECHANICAL_STIMULUS	197	170		
GOBP_SENSORY_PERCEPTION_OF_PAIN	84	64		
GOBP_SENSORY_PERCEPTION_OF_SMELL	465	31		
GOBP_SENSORY_PERCEPTION_OF_SOUR_TASTE	9		Rejected!	
GOBP_SENSORY_PERCEPTION_OF_SWEET_TASTE	7		Rejected!	
GOBP_SENSORY_PERCEPTION_OF_TASTE	69	39		
GOBP_SENSORY_PERCEPTION_OF_TEMPERATURE_STIMULUS	30	22		
GOBP_SENSORY_PERCEPTION_OF_TOUCH	6		Rejected!	
GOBP_SENSORY_PERCEPTION_OF_UMAMI_TASTE	7		Rejected!	
GOBP_SENSORY_SYSTEM_DEVELOPMENT	439	368		
GOBP_SEPTIN_CYTOSKELETON_ORGANIZATION	6		Rejected!	
GOBP_SEPTUM_PRIMUM_DEVELOPMENT	6		Rejected!	
GOBP_SEQUESTERING_OF_BMP_IN_EXTRACELLULAR_MATRIX	5		Rejected!	
GOBP_SEQUESTERING_OF_CALCIUM_ION	138	103		
GOBP_SEQUESTERING_OF_EXTRACELLULAR_LIGAND_FROM_RECEPTOR	11		Rejected!	
GOBP_SERINE_FAMILY_AMINO_ACID_BIOSYNTHETIC_PROCESS	16		Rejected!	
GOBP_SERINE_FAMILY_AMINO_ACID_CATABOLIC_PROCESS	13		Rejected!	
GOBP_SERINE_FAMILY_AMINO_ACID_METABOLIC_PROCESS	32	24		
GOBP_SERINE_TRANSPORT	10		Rejected!	
GOBP_SEROTONERGIC_NEURON_AXON_GUIDANCE	5		Rejected!	
GOBP_SEROTONIN_GATED_CATION_SELECTIVE_SIGNALING_PATHWAY	5		Rejected!	
GOBP_SEROTONIN_METABOLIC_PROCESS	13		Rejected!	
GOBP_SEROTONIN_RECEPTOR_SIGNALING_PATHWAY	16		Rejected!	
GOBP_SEROTONIN_SECRETION	9		Rejected!	
GOBP_SEROTONIN_TRANSPORT	21	18		
GOBP_SEROTONIN_UPTAKE	13		Rejected!	
GOBP_SERTOLI_CELL_DEVELOPMENT	18	15		
GOBP_SERTOLI_CELL_DIFFERENTIATION	25	21		
GOBP_SERTOLI_CELL_PROLIFERATION	6		Rejected!	
GOBP_SEXUAL_REPRODUCTION	1159		Rejected!	
GOBP_SEX_CHROMOSOME_DOSAGE_COMPENSATION	23	19		
GOBP_SEX_DETERMINATION	22	18		
GOBP_SEX_DIFFERENTIATION	296	236		
GOBP_SHORT_CHAIN_FATTY_ACID_CATABOLIC_PROCESS	7		Rejected!	
GOBP_SHORT_CHAIN_FATTY_ACID_METABOLIC_PROCESS	17	15		
GOBP_SHORT_TERM_MEMORY	13		Rejected!	
GOBP_SIALYLATION	10		Rejected!	
GOBP_SIGNALING_RECEPTOR_LIGAND_PRECURSOR_PROCESSING	45	39		
GOBP_SIGNAL_COMPLEX_ASSEMBLY	8		Rejected!	
GOBP_SIGNAL_PEPTIDE_PROCESSING	14		Rejected!	
GOBP_SIGNAL_RELEASE	514	431		
GOBP_SIGNAL_TRANSDUCTION_BY_P53_CLASS_MEDIATOR	194	159		
GOBP_SIGNAL_TRANSDUCTION_INVOLVED_IN_REGULATION_OF_GENE_EXPRESSION	29	25		
GOBP_SIGNAL_TRANSDUCTION_IN_ABSENCE_OF_LIGAND	73	58		
GOBP_SIGNAL_TRANSDUCTION_IN_RESPONSE_TO_DNA_DAMAGE	195	171		
GOBP_SINGLE_FERTILIZATION	195	121		
GOBP_SINGLE_STRANDED_VIRAL_RNA_REPLICATION_VIA_DOUBLE_STRANDED_DNA_INTERMEDIATE	15		Rejected!	
GOBP_SINGLE_STRAND_BREAK_REPAIR	15		Rejected!	
GOBP_SINOATRIAL_NODE_CELL_DEVELOPMENT	5		Rejected!	
GOBP_SINOATRIAL_NODE_CELL_DIFFERENTIATION	6		Rejected!	
GOBP_SINOATRIAL_NODE_DEVELOPMENT	12		Rejected!	
GOBP_SIRNA_PROCESSING	8		Rejected!	
GOBP_SISTER_CHROMATID_COHESION	63	52		
GOBP_SISTER_CHROMATID_SEGREGATION	238	220		
GOBP_SKELETAL_MUSCLE_ACETYLCHOLINE_GATED_CHANNEL_CLUSTERING	16	16		
GOBP_SKELETAL_MUSCLE_ADAPTATION	23	15		
GOBP_SKELETAL_MUSCLE_ATROPHY	5		Rejected!	
GOBP_SKELETAL_MUSCLE_CELL_DIFFERENTIATION	83	66		
GOBP_SKELETAL_MUSCLE_CELL_PROLIFERATION	25	21		
GOBP_SKELETAL_MUSCLE_CONTRACTION	51	39		
GOBP_SKELETAL_MUSCLE_FIBER_DIFFERENTIATION	13		Rejected!	
GOBP_SKELETAL_MUSCLE_ORGAN_DEVELOPMENT	196	165		
GOBP_SKELETAL_MUSCLE_SATELLITE_CELL_ACTIVATION	9		Rejected!	
GOBP_SKELETAL_MUSCLE_SATELLITE_CELL_DIFFERENTIATION	13		Rejected!	
GOBP_SKELETAL_MUSCLE_SATELLITE_CELL_MAINTENANCE_INVOLVED_IN_SKELETAL_MUSCLE_REGENERATION	5		Rejected!	
GOBP_SKELETAL_MUSCLE_SATELLITE_CELL_PROLIFERATION	18	17		
GOBP_SKELETAL_MUSCLE_THIN_FILAMENT_ASSEMBLY	6		Rejected!	
GOBP_SKELETAL_MUSCLE_TISSUE_GROWTH	11		Rejected!	
GOBP_SKELETAL_MUSCLE_TISSUE_REGENERATION	45	35		
GOBP_SKELETAL_MYOFIBRIL_ASSEMBLY	9		Rejected!	
GOBP_SKELETAL_SYSTEM_DEVELOPMENT	545	477		
GOBP_SKELETAL_SYSTEM_MORPHOGENESIS	231	205		
GOBP_SKIN_DEVELOPMENT	328	221		
GOBP_SKIN_EPIDERMIS_DEVELOPMENT	137	109		
GOBP_SKIN_MORPHOGENESIS	13		Rejected!	
GOBP_SLEEP	27	19		
GOBP_SMAD_PROTEIN_SIGNAL_TRANSDUCTION	102	66		
GOBP_SMALL_GTPASE_MEDIATED_SIGNAL_TRANSDUCTION	502	452		
GOBP_SMALL_MOLECULE_BIOSYNTHETIC_PROCESS	618	498		
GOBP_SMALL_MOLECULE_CATABOLIC_PROCESS	377	319		
GOBP_SMALL_MOLECULE_METABOLIC_PROCESS	1795		Rejected!	
GOBP_SMALL_NUCLEOLAR_RIBONUCLEOPROTEIN_COMPLEX_ASSEMBLY	12		Rejected!	
GOBP_SMOOTHENED_SIGNALING_PATHWAY	157	147		
GOBP_SMOOTHENED_SIGNALING_PATHWAY_INVOLVED_IN_DORSAL_VENTRAL_NEURAL_TUBE_PATTERNING	5		Rejected!	
GOBP_SMOOTH_MUSCLE_ADAPTATION	8		Rejected!	
GOBP_SMOOTH_MUSCLE_CELL_APOPTOTIC_PROCESS	40	27		
GOBP_SMOOTH_MUSCLE_CELL_CHEMOTAXIS	10		Rejected!	
GOBP_SMOOTH_MUSCLE_CELL_DIFFERENTIATION	80	62		
GOBP_SMOOTH_MUSCLE_CELL_MATRIX_ADHESION	6		Rejected!	
GOBP_SMOOTH_MUSCLE_CELL_MIGRATION	96	63		
GOBP_SMOOTH_MUSCLE_CELL_PROLIFERATION	176	114		
GOBP_SMOOTH_MUSCLE_CONTRACTION	110	91		
GOBP_SMOOTH_MUSCLE_TISSUE_DEVELOPMENT	28	22		
GOBP_SNARE_COMPLEX_ASSEMBLY	24	19		
GOBP_SNORNA_LOCALIZATION	6		Rejected!	
GOBP_SNO_S_RNA_METABOLIC_PROCESS	17	16		
GOBP_SNO_S_RNA_PROCESSING	14		Rejected!	
GOBP_SNRNA_3_END_PROCESSING	24	20		
GOBP_SNRNA_CATABOLIC_PROCESS	5		Rejected!	
GOBP_SNRNA_METABOLIC_PROCESS	59	51		
GOBP_SNRNA_MODIFICATION	7		Rejected!	
GOBP_SNRNA_PROCESSING	36	30		
GOBP_SNRNA_TRANSCRIPTION	20	18		
GOBP_SNRNA_TRANSCRIPTION_BY_RNA_POLYMERASE_II	16		Rejected!	
GOBP_SNRNA_TRANSCRIPTION_BY_RNA_POLYMERASE_III	9		Rejected!	
GOBP_SNRNA_TRANSPORT	6		Rejected!	
GOBP_SODIUM_DEPENDENT_PHOSPHATE_TRANSPORT	12		Rejected!	
GOBP_SODIUM_INDEPENDENT_ORGANIC_ANION_TRANSPORT	16		Rejected!	
GOBP_SODIUM_ION_EXPORT_ACROSS_PLASMA_MEMBRANE	22	16		
GOBP_SODIUM_ION_HOMEOSTASIS	47	38		
GOBP_SODIUM_ION_IMPORT_ACROSS_PLASMA_MEMBRANE	32	26		
GOBP_SODIUM_ION_TRANSMEMBRANE_TRANSPORT	186	147		
GOBP_SODIUM_ION_TRANSPORT	252	200		
GOBP_SOFT_PALATE_DEVELOPMENT	5		Rejected!	
GOBP_SOMATIC_DIVERSIFICATION_OF_IMMUNE_RECEPTORS	81	60		
GOBP_SOMATIC_DIVERSIFICATION_OF_IMMUNE_RECEPTORS_VIA_SOMATIC_MUTATION	15		Rejected!	
GOBP_SOMATIC_DIVERSIFICATION_OF_IMMUNOGLOBULINS	69	52		
GOBP_SOMATIC_MOTOR_NEURON_DIFFERENTIATION	5		Rejected!	
GOBP_SOMATIC_STEM_CELL_DIVISION	14		Rejected!	
GOBP_SOMATIC_STEM_CELL_POPULATION_MAINTENANCE	78	64		
GOBP_SOMATOSTATIN_RECEPTOR_SIGNALING_PATHWAY	6		Rejected!	
GOBP_SOMATOTROPIN_SECRETING_CELL_DIFFERENTIATION	5		Rejected!	
GOBP_SOMITE_DEVELOPMENT	85	70		
GOBP_SOMITE_ROSTRAL_CAUDAL_AXIS_SPECIFICATION	11		Rejected!	
GOBP_SOMITE_SPECIFICATION	5		Rejected!	
GOBP_SOMITOGENESIS	67	53		
GOBP_SPECIFICATION_OF_ANIMAL_ORGAN_IDENTITY	38	37		
GOBP_SPECIFICATION_OF_SYMMETRY	147	127		
GOBP_SPERMATID_DIFFERENTIATION	256	188		
GOBP_SPERMATID_NUCLEUS_DIFFERENTIATION	30	19		
GOBP_SPERMIDINE_METABOLIC_PROCESS	9		Rejected!	
GOBP_SPERMIDINE_TRANSPORT	5		Rejected!	
GOBP_SPERMINE_METABOLIC_PROCESS	5		Rejected!	
GOBP_SPERM_AXONEME_ASSEMBLY	34	32		
GOBP_SPERM_CAPACITATION	34	21		
GOBP_SPERM_DNA_CONDENSATION	19		Rejected!	
GOBP_SPERM_EGG_RECOGNITION	54	31		
GOBP_SPERM_FLAGELLUM_ASSEMBLY	58	52		
GOBP_SPERM_MITOCHONDRIAL_SHEATH_ASSEMBLY	7		Rejected!	
GOBP_SPHINGOID_BIOSYNTHETIC_PROCESS	15		Rejected!	
GOBP_SPHINGOID_METABOLIC_PROCESS	23	21		
GOBP_SPHINGOLIPID_BIOSYNTHETIC_PROCESS	114	99		
GOBP_SPHINGOLIPID_MEDIATED_SIGNALING_PATHWAY	20	16		
GOBP_SPHINGOLIPID_METABOLIC_PROCESS	174	143		
GOBP_SPHINGOLIPID_TRANSLOCATION	5		Rejected!	
GOBP_SPHINGOMYELIN_BIOSYNTHETIC_PROCESS	11		Rejected!	
GOBP_SPHINGOMYELIN_CATABOLIC_PROCESS	8		Rejected!	
GOBP_SPHINGOMYELIN_METABOLIC_PROCESS	20	18		
GOBP_SPHINGOSINE_1_PHOSPHATE_RECEPTOR_SIGNALING_PATHWAY	16		Rejected!	
GOBP_SPINAL_CORD_ASSOCIATION_NEURON_DIFFERENTIATION	13		Rejected!	
GOBP_SPINAL_CORD_DEVELOPMENT	104	89		
GOBP_SPINAL_CORD_MOTOR_NEURON_CELL_FATE_SPECIFICATION	10		Rejected!	
GOBP_SPINAL_CORD_MOTOR_NEURON_DIFFERENTIATION	31	27		
GOBP_SPINAL_CORD_OLIGODENDROCYTE_CELL_DIFFERENTIATION	5		Rejected!	
GOBP_SPINAL_CORD_PATTERNING	18	18		
GOBP_SPINDLE_ASSEMBLY	139	127		
GOBP_SPINDLE_ASSEMBLY_INVOLVED_IN_FEMALE_MEIOSIS	12		Rejected!	
GOBP_SPINDLE_ELONGATION	14		Rejected!	
GOBP_SPINDLE_LOCALIZATION	66	59		
GOBP_SPINDLE_MIDZONE_ASSEMBLY	14		Rejected!	
GOBP_SPINDLE_ORGANIZATION	210	194		
GOBP_SPLEEN_DEVELOPMENT	42	35		
GOBP_SPLICEOSOMAL_COMPLEX_ASSEMBLY	94	73		
GOBP_SPLICEOSOMAL_CONFORMATIONAL_CHANGES_TO_GENERATE_CATALYTIC_CONFORMATION	5		Rejected!	
GOBP_SPLICEOSOMAL_SNRNP_ASSEMBLY	52	37		
GOBP_SPLICEOSOMAL_TRI_SNRNP_COMPLEX_ASSEMBLY	27		Rejected!	
GOBP_SPONTANEOUS_NEUROTRANSMITTER_SECRETION	7		Rejected!	
GOBP_SPONTANEOUS_SYNAPTIC_TRANSMISSION	13		Rejected!	
GOBP_SPROUTING_ANGIOGENESIS	206	126		
GOBP_SPROUTING_OF_INJURED_AXON	5		Rejected!	
GOBP_SRP_DEPENDENT_COTRANSLATIONAL_PROTEIN_TARGETING_TO_MEMBRANE	25	17		
GOBP_SRP_DEPENDENT_COTRANSLATIONAL_PROTEIN_TARGETING_TO_MEMBRANE_SIGNAL_SEQUENCE_RECOGNITION	12		Rejected!	
GOBP_SRP_DEPENDENT_COTRANSLATIONAL_PROTEIN_TARGETING_TO_MEMBRANE_TRANSLOCATION	8		Rejected!	
GOBP_STARTLE_RESPONSE	28	21		
GOBP_STEM_CELL_DEVELOPMENT	89	76		
GOBP_STEM_CELL_DIFFERENTIATION	265	226		
GOBP_STEM_CELL_DIVISION	37	31		
GOBP_STEM_CELL_FATE_COMMITMENT	10		Rejected!	
GOBP_STEM_CELL_FATE_SPECIFICATION	6		Rejected!	
GOBP_STEM_CELL_PROLIFERATION	131	98		
GOBP_STEROID_BIOSYNTHETIC_PROCESS	175	137		
GOBP_STEROID_CATABOLIC_PROCESS	25	20		
GOBP_STEROID_HORMONE_BIOSYNTHETIC_PROCESS	47	36		
GOBP_STEROID_HORMONE_RECEPTOR_SIGNALING_PATHWAY	147	122		
GOBP_STEROID_HORMONE_SECRETION	30	25		
GOBP_STEROID_METABOLIC_PROCESS	340	251		
GOBP_STEROL_BIOSYNTHETIC_PROCESS	75	59		
GOBP_STEROL_HOMEOSTASIS	113	71		
GOBP_STEROL_TRANSPORT	136	90		
GOBP_STOMACH_DEVELOPMENT	6		Rejected!	
GOBP_STORE_OPERATED_CALCIUM_ENTRY	24	21		
GOBP_STRESS_ACTIVATED_PROTEIN_KINASE_SIGNALING_CASCADE	57	48		
GOBP_STRESS_FIBER_ASSEMBLY	117	95		
GOBP_STRESS_GRANULE_ASSEMBLY	35	34		
GOBP_STRESS_GRANULE_DISASSEMBLY	7		Rejected!	
GOBP_STRESS_INDUCED_PREMATURE_SENESCENCE	8		Rejected!	
GOBP_STRIATED_MUSCLE_ADAPTATION	56	36		
GOBP_STRIATED_MUSCLE_ATROPHY	7		Rejected!	
GOBP_STRIATED_MUSCLE_CELL_APOPTOTIC_PROCESS	61	37		
GOBP_STRIATED_MUSCLE_CELL_DIFFERENTIATION	321	251		
GOBP_STRIATED_MUSCLE_CELL_PROLIFERATION	88	64		
GOBP_STRIATED_MUSCLE_CONTRACTION	202	150		
GOBP_STRIATUM_DEVELOPMENT	21	18		
GOBP_SUBPALLIUM_DEVELOPMENT	27	24		
GOBP_SUBSTANTIA_NIGRA_DEVELOPMENT	46	45		
GOBP_SUBSTRATE_ADHESION_DEPENDENT_CELL_SPREADING	100	90		
GOBP_SUBSTRATE_DEPENDENT_CELL_MIGRATION	29	26		
GOBP_SUBSTRATE_DEPENDENT_CELL_MIGRATION_CELL_ATTACHMENT_TO_SUBSTRATE	5		Rejected!	
GOBP_SUBSTRATE_DEPENDENT_CELL_MIGRATION_CELL_EXTENSION	10		Rejected!	
GOBP_SUBSTRATE_INDEPENDENT_TELENCEPHALIC_TANGENTIAL_MIGRATION	12		Rejected!	
GOBP_SUBSTRATE_LOCALIZATION_TO_AUTOPHAGOSOME	8		Rejected!	
GOBP_SUBTELOMERIC_HETEROCHROMATIN_FORMATION	10		Rejected!	
GOBP_SUCCINATE_METABOLIC_PROCESS	8		Rejected!	
GOBP_SUCCINATE_TRANSMEMBRANE_TRANSPORT	5		Rejected!	
GOBP_SUCCINYL_COA_CATABOLIC_PROCESS	6		Rejected!	
GOBP_SUCCINYL_COA_METABOLIC_PROCESS	10		Rejected!	
GOBP_SUCKLING_BEHAVIOR	10		Rejected!	
GOBP_SUGAR_MEDIATED_SIGNALING_PATHWAY	11		Rejected!	
GOBP_SULFATE_TRANSMEMBRANE_TRANSPORT	16		Rejected!	
GOBP_SULFATION	20	15		
GOBP_SULFUR_AMINO_ACID_BIOSYNTHETIC_PROCESS	13		Rejected!	
GOBP_SULFUR_AMINO_ACID_CATABOLIC_PROCESS	11		Rejected!	
GOBP_SULFUR_AMINO_ACID_METABOLIC_PROCESS	32	27		
GOBP_SULFUR_AMINO_ACID_TRANSPORT	13		Rejected!	
GOBP_SULFUR_COMPOUND_BIOSYNTHETIC_PROCESS	162	139		
GOBP_SULFUR_COMPOUND_CATABOLIC_PROCESS	48	38		
GOBP_SULFUR_COMPOUND_METABOLIC_PROCESS	326	273		
GOBP_SULFUR_COMPOUND_TRANSPORT	66	51		
GOBP_SUPEROXIDE_ANION_GENERATION	45	32		
GOBP_SUPEROXIDE_METABOLIC_PROCESS	77	58		
GOBP_SUPPRESSION_OF_VIRAL_RELEASE_BY_HOST	17	15		
GOBP_SUPRAMOLECULAR_FIBER_ORGANIZATION	878		Rejected!	
GOBP_SURFACTANT_HOMEOSTASIS	20	16		
GOBP_SYMBIONT_ENTRY_INTO_HOST	138	112		
GOBP_SYMBIONT_MEDIATED_PERTURBATION_OF_HOST_PROCESS	5		Rejected!	
GOBP_SYMPATHETIC_GANGLION_DEVELOPMENT	9		Rejected!	
GOBP_SYMPATHETIC_NERVOUS_SYSTEM_DEVELOPMENT	22	18		
GOBP_SYMPATHETIC_NEURON_PROJECTION_EXTENSION	6		Rejected!	
GOBP_SYNAPSE_ASSEMBLY	276	242		
GOBP_SYNAPSE_MATURATION	43	38		
GOBP_SYNAPSE_ORGANIZATION	583		Rejected!	
GOBP_SYNAPSE_PRUNING	18		Rejected!	
GOBP_SYNAPTIC_ASSEMBLY_AT_NEUROMUSCULAR_JUNCTION	13		Rejected!	
GOBP_SYNAPTIC_MEMBRANE_ADHESION	32	27		
GOBP_SYNAPTIC_SIGNALING	834		Rejected!	
GOBP_SYNAPTIC_SIGNALING_VIA_NEUROPEPTIDE	9		Rejected!	
GOBP_SYNAPTIC_TRANSMISSION_CHOLINERGIC	33	28		
GOBP_SYNAPTIC_TRANSMISSION_DOPAMINERGIC	29	23		
GOBP_SYNAPTIC_TRANSMISSION_GABAERGIC	60	49		
GOBP_SYNAPTIC_TRANSMISSION_GLUTAMATERGIC	108	96		
GOBP_SYNAPTIC_TRANSMISSION_GLYCINERGIC	5		Rejected!	
GOBP_SYNAPTIC_VESICLE_BUDDING	13		Rejected!	
GOBP_SYNAPTIC_VESICLE_BUDDING_FROM_PRESYNAPTIC_ENDOCYTIC_ZONE_MEMBRANE	11		Rejected!	
GOBP_SYNAPTIC_VESICLE_CLUSTERING	17		Rejected!	
GOBP_SYNAPTIC_VESICLE_COATING	5		Rejected!	
GOBP_SYNAPTIC_VESICLE_CYTOSKELETAL_TRANSPORT	19	17		
GOBP_SYNAPTIC_VESICLE_DOCKING	13		Rejected!	
GOBP_SYNAPTIC_VESICLE_ENDOSOMAL_PROCESSING	11		Rejected!	
GOBP_SYNAPTIC_VESICLE_EXOCYTOSIS	106	98		
GOBP_SYNAPTIC_VESICLE_LOCALIZATION	62	54		
GOBP_SYNAPTIC_VESICLE_LUMEN_ACIDIFICATION	18	16		
GOBP_SYNAPTIC_VESICLE_MATURATION	27	23		
GOBP_SYNAPTIC_VESICLE_MEMBRANE_ORGANIZATION	36	33		
GOBP_SYNAPTIC_VESICLE_PRIMING	27	26		
GOBP_SYNAPTIC_VESICLE_RECYCLING	87	78		
GOBP_SYNAPTIC_VESICLE_RECYCLING_VIA_ENDOSOME	7		Rejected!	
GOBP_SYNAPTIC_VESICLE_TRANSPORT	47	42		
GOBP_SYNAPTONEMAL_COMPLEX_ORGANIZATION	28	19		
GOBP_SYNCYTIUM_FORMATION	67	47		
GOBP_SYNOVIOCYTE_PROLIFERATION	5		Rejected!	
GOBP_S_ADENOSYLMETHIONINE_METABOLIC_PROCESS	12		Rejected!	
GOBP_S_SHAPED_BODY_MORPHOGENESIS	7		Rejected!	
GOBP_TACHYKININ_RECEPTOR_SIGNALING_PATHWAY	8		Rejected!	
GOBP_TAIL_ANCHORED_MEMBRANE_PROTEIN_INSERTION_INTO_ER_MEMBRANE	17	17		
GOBP_TANGENTIAL_MIGRATION_FROM_THE_SUBVENTRICULAR_ZONE_TO_THE_OLFACTORY_BULB	9		Rejected!	
GOBP_TARGET_DIRECTED_MIRNA_DEGRADATION	5		Rejected!	
GOBP_TAXIS	473	354		
GOBP_TELENCEPHALON_DEVELOPMENT	287	254		
GOBP_TELENCEPHALON_GLIAL_CELL_MIGRATION	28	24		
GOBP_TELENCEPHALON_REGIONALIZATION	13		Rejected!	
GOBP_TELOMERASE_HOLOENZYME_COMPLEX_ASSEMBLY	8		Rejected!	
GOBP_TELOMERASE_RNA_LOCALIZATION	19	18		
GOBP_TELOMERE_CAPPING	27	22		
GOBP_TELOMERE_LOCALIZATION	12		Rejected!	
GOBP_TELOMERE_MAINTENANCE_IN_RESPONSE_TO_DNA_DAMAGE	33	30		
GOBP_TELOMERE_MAINTENANCE_VIA_RECOMBINATION	15		Rejected!	
GOBP_TELOMERE_MAINTENANCE_VIA_SEMI_CONSERVATIVE_REPLICATION	9		Rejected!	
GOBP_TELOMERE_MAINTENANCE_VIA_TELOMERE_LENGTHENING	72	61		
GOBP_TELOMERE_ORGANIZATION	191	160		
GOBP_TELOMERE_TETHERING_AT_NUCLEAR_PERIPHERY	6		Rejected!	
GOBP_TELOMERIC_D_LOOP_DISASSEMBLY	9		Rejected!	
GOBP_TELOMERIC_LOOP_DISASSEMBLY	11		Rejected!	
GOBP_TEMPERATURE_HOMEOSTASIS	184	153		
GOBP_TENDON_DEVELOPMENT	7		Rejected!	
GOBP_TERMINAL_BUTTON_ORGANIZATION	6		Rejected!	
GOBP_TERMINATION_OF_RNA_POLYMERASE_II_TRANSCRIPTION	17		Rejected!	
GOBP_TERPENOID_BIOSYNTHETIC_PROCESS	16		Rejected!	
GOBP_TERPENOID_CATABOLIC_PROCESS	8		Rejected!	
GOBP_TERPENOID_METABOLIC_PROCESS	102	63		
GOBP_TERTIARY_ALCOHOL_METABOLIC_PROCESS	22	17		
GOBP_TESTOSTERONE_BIOSYNTHETIC_PROCESS	13		Rejected!	
GOBP_TETRAHYDROBIOPTERIN_BIOSYNTHETIC_PROCESS	8		Rejected!	
GOBP_TETRAHYDROBIOPTERIN_METABOLIC_PROCESS	10		Rejected!	
GOBP_TETRAHYDROFOLATE_BIOSYNTHETIC_PROCESS	9		Rejected!	
GOBP_TETRAHYDROFOLATE_INTERCONVERSION	10		Rejected!	
GOBP_TETRAHYDROFOLATE_METABOLIC_PROCESS	20	18		
GOBP_TETRAPYRROLE_BIOSYNTHETIC_PROCESS	35	31		
GOBP_TETRAPYRROLE_CATABOLIC_PROCESS	13		Rejected!	
GOBP_TETRAPYRROLE_METABOLIC_PROCESS	64	55		
GOBP_THALAMUS_DEVELOPMENT	13		Rejected!	
GOBP_THELARCHE	5		Rejected!	
GOBP_THERMOCEPTION	8		Rejected!	
GOBP_THIAMINE_CONTAINING_COMPOUND_METABOLIC_PROCESS	7		Rejected!	
GOBP_THIAMINE_DIPHOSPHATE_BIOSYNTHETIC_PROCESS	5		Rejected!	
GOBP_THIAMINE_TRANSPORT	8		Rejected!	
GOBP_THIOESTER_BIOSYNTHETIC_PROCESS	51	45		
GOBP_THIRD_VENTRICLE_DEVELOPMENT	5		Rejected!	
GOBP_THORAX_AND_ANTERIOR_ABDOMEN_DETERMINATION	5		Rejected!	
GOBP_THROMBIN_ACTIVATED_RECEPTOR_SIGNALING_PATHWAY	14		Rejected!	
GOBP_THROMBOPOIETIN_MEDIATED_SIGNALING_PATHWAY	7		Rejected!	
GOBP_THYMIC_T_CELL_SELECTION	24		Rejected!	
GOBP_THYMOCYTE_APOPTOTIC_PROCESS	21	17		
GOBP_THYMOCYTE_MIGRATION	7		Rejected!	
GOBP_THYMUS_DEVELOPMENT	51	40		
GOBP_THYROID_GLAND_DEVELOPMENT	31	29		
GOBP_THYROID_HORMONE_GENERATION	22	18		
GOBP_THYROID_HORMONE_METABOLIC_PROCESS	31	22		
GOBP_THYROID_HORMONE_RECEPTOR_SIGNALING_PATHWAY	8		Rejected!	
GOBP_THYROID_HORMONE_TRANSPORT	12		Rejected!	
GOBP_THYROID_STIMULATING_HORMONE_SECRETING_CELL_DIFFERENTIATION	6		Rejected!	
GOBP_TIGHT_JUNCTION_ASSEMBLY	81	60		
GOBP_TIGHT_JUNCTION_ORGANIZATION	89	67		
GOBP_TISSUE_HOMEOSTASIS	273	227		
GOBP_TISSUE_MIGRATION	110	88		
GOBP_TISSUE_MORPHOGENESIS	638		Rejected!	
GOBP_TISSUE_REGENERATION	84	63		
GOBP_TISSUE_REMODELING	198	150		
GOBP_TOLERANCE_INDUCTION	31	20		
GOBP_TOLERANCE_INDUCTION_DEPENDENT_UPON_IMMUNE_RESPONSE	5		Rejected!	
GOBP_TOLERANCE_INDUCTION_TO_SELF_ANTIGEN	6		Rejected!	
GOBP_TOLL_LIKE_RECEPTOR_2_SIGNALING_PATHWAY	18		Rejected!	
GOBP_TOLL_LIKE_RECEPTOR_3_SIGNALING_PATHWAY	28	25		
GOBP_TOLL_LIKE_RECEPTOR_7_SIGNALING_PATHWAY	11		Rejected!	
GOBP_TOLL_LIKE_RECEPTOR_8_SIGNALING_PATHWAY	6		Rejected!	
GOBP_TOLL_LIKE_RECEPTOR_9_SIGNALING_PATHWAY	20	16		
GOBP_TOLL_LIKE_RECEPTOR_SIGNALING_PATHWAY	84	59		
GOBP_TOLL_SIGNALING_PATHWAY	13		Rejected!	
GOBP_TONGUE_DEVELOPMENT	19	16		
GOBP_TONGUE_MORPHOGENESIS	10		Rejected!	
GOBP_TONIC_SMOOTH_MUSCLE_CONTRACTION	12		Rejected!	
GOBP_TOOTH_ERUPTION	5		Rejected!	
GOBP_TOOTH_MINERALIZATION	34	27		
GOBP_TORC1_SIGNALING	114	97		
GOBP_TORC2_SIGNALING	22	17		
GOBP_TOR_SIGNALING	183	154		
GOBP_TOXIN_CATABOLIC_PROCESS	5		Rejected!	
GOBP_TOXIN_METABOLIC_PROCESS	19		Rejected!	
GOBP_TRABECULA_FORMATION	26	24		
GOBP_TRABECULA_MORPHOGENESIS	48	42		
GOBP_TRACHEA_CARTILAGE_DEVELOPMENT	7		Rejected!	
GOBP_TRACHEA_DEVELOPMENT	19	17		
GOBP_TRACHEA_FORMATION	7		Rejected!	
GOBP_TRACHEA_MORPHOGENESIS	11		Rejected!	
GOBP_TRAIL_ACTIVATED_APOPTOTIC_SIGNALING_PATHWAY	13		Rejected!	
GOBP_TRANSCRIPTION_BY_RNA_POLYMERASE_I	73	63		
GOBP_TRANSCRIPTION_BY_RNA_POLYMERASE_III	59	55		
GOBP_TRANSCRIPTION_COUPLED_NUCLEOTIDE_EXCISION_REPAIR	12		Rejected!	
GOBP_TRANSCRIPTION_DEPENDENT_TETHERING_OF_RNA_POLYMERASE_II_GENE_DNA_AT_NUCLEAR_PERIPHERY	7		Rejected!	
GOBP_TRANSCRIPTION_ELONGATION_BY_RNA_POLYMERASE_I	7		Rejected!	
GOBP_TRANSCRIPTION_ELONGATION_COUPLED_CHROMATIN_REMODELING	9		Rejected!	
GOBP_TRANSCRIPTION_INITIATION_AT_RNA_POLYMERASE_III_PROMOTER	8		Rejected!	
GOBP_TRANSCRIPTION_INITIATION_AT_RNA_POLYMERASE_II_PROMOTER	190	151		
GOBP_TRANSCRIPTION_INITIATION_AT_RNA_POLYMERASE_I_PROMOTER	17		Rejected!	
GOBP_TRANSCRIPTION_PREINITIATION_COMPLEX_ASSEMBLY	82	64		
GOBP_TRANSCYTOSIS	21	17		
GOBP_TRANSDIFFERENTIATION	9		Rejected!	
GOBP_TRANSEPITHELIAL_CHLORIDE_TRANSPORT	9		Rejected!	
GOBP_TRANSEPITHELIAL_TRANSPORT	37	35		
GOBP_TRANSEPITHELIAL_WATER_TRANSPORT	5		Rejected!	
GOBP_TRANSFERRIN_TRANSPORT	11		Rejected!	
GOBP_TRANSFORMING_GROWTH_FACTOR_BETA1_PRODUCTION	13		Rejected!	
GOBP_TRANSFORMING_GROWTH_FACTOR_BETA2_PRODUCTION	8		Rejected!	
GOBP_TRANSFORMING_GROWTH_FACTOR_BETA_PRODUCTION	37	26		
GOBP_TRANSFORMING_GROWTH_FACTOR_BETA_RECEPTOR_SIGNALING_PATHWAY	262	181		
GOBP_TRANSITION_BETWEEN_FAST_AND_SLOW_FIBER	9		Rejected!	
GOBP_TRANSITION_METAL_ION_TRANSPORT	102	83		
GOBP_TRANSLATION	753		Rejected!	
GOBP_TRANSLATIONAL_ELONGATION	73	67		
GOBP_TRANSLATIONAL_INITIATION	127	114		
GOBP_TRANSLATIONAL_READTHROUGH	8		Rejected!	
GOBP_TRANSLATIONAL_TERMINATION	18	18		
GOBP_TRANSLESION_SYNTHESIS	26	24		
GOBP_TRANSMEMBRANE_TRANSPORT	1592		Rejected!	
GOBP_TRANSMISSION_OF_NERVE_IMPULSE	81	67		
GOBP_TRANSPORT_OF_VIRUS	11		Rejected!	
GOBP_TRANSPOSABLE_ELEMENT_SILENCING_BY_HETEROCHROMATIN_FORMATION	23	16		
GOBP_TRANSPOSABLE_ELEMENT_SILENCING_BY_PIRNA_MEDIATED_HETEROCHROMATIN_FORMATION	5		Rejected!	
GOBP_TRANSPOSITION	46	32		
GOBP_TRANSSULFURATION	5		Rejected!	
GOBP_TRANS_SYNAPTIC_SIGNALING_BY_BDNF	6		Rejected!	
GOBP_TRANS_SYNAPTIC_SIGNALING_BY_BDNF_MODULATING_SYNAPTIC_TRANSMISSION	5		Rejected!	
GOBP_TRANS_SYNAPTIC_SIGNALING_BY_LIPID	9		Rejected!	
GOBP_TRANS_SYNAPTIC_SIGNALING_BY_TRANS_SYNAPTIC_COMPLEX	7		Rejected!	
GOBP_TRANS_SYNAPTIC_SIGNALING_MODULATING_SYNAPTIC_TRANSMISSION	16		Rejected!	
GOBP_TRICARBOXYLIC_ACID_CYCLE	33	26		
GOBP_TRICARBOXYLIC_ACID_METABOLIC_PROCESS	15		Rejected!	
GOBP_TRICARBOXYLIC_ACID_TRANSPORT	5		Rejected!	
GOBP_TRICUSPID_VALVE_DEVELOPMENT	7		Rejected!	
GOBP_TRIF_DEPENDENT_TOLL_LIKE_RECEPTOR_SIGNALING_PATHWAY	11		Rejected!	
GOBP_TRIGEMINAL_NERVE_DEVELOPMENT	13		Rejected!	
GOBP_TRIGLYCERIDE_BIOSYNTHETIC_PROCESS	42	34		
GOBP_TRIGLYCERIDE_CATABOLIC_PROCESS	32	23		
GOBP_TRIGLYCERIDE_METABOLIC_PROCESS	111	81		
GOBP_TRIGLYCERIDE_RICH_LIPOPROTEIN_PARTICLE_CLEARANCE	8		Rejected!	
GOBP_TRIGLYCERIDE_RICH_LIPOPROTEIN_PARTICLE_REMODELING	16		Rejected!	
GOBP_TRIGLYCERIDE_STORAGE	8		Rejected!	
GOBP_TRIPARTITE_REGIONAL_SUBDIVISION	21	15		
GOBP_TRIPEPTIDE_TRANSMEMBRANE_TRANSPORT	10		Rejected!	
GOBP_TRIPEPTIDE_TRANSPORT	12		Rejected!	
GOBP_TRNA_3_END_PROCESSING	7		Rejected!	
GOBP_TRNA_5_END_PROCESSING	16	16		
GOBP_TRNA_5_LEADER_REMOVAL	13		Rejected!	
GOBP_TRNA_AMINOACYLATION_FOR_MITOCHONDRIAL_PROTEIN_TRANSLATION	8		Rejected!	
GOBP_TRNA_DECAY	17	17		
GOBP_TRNA_METABOLIC_PROCESS	203	189		
GOBP_TRNA_METHYLATION	40	37		
GOBP_TRNA_MODIFICATION	93	88		
GOBP_TRNA_PROCESSING	135	127		
GOBP_TRNA_PSEUDOURIDINE_SYNTHESIS	6		Rejected!	
GOBP_TRNA_SURVEILLANCE	8		Rejected!	
GOBP_TRNA_THIO_MODIFICATION	5		Rejected!	
GOBP_TRNA_THREONYLCARBAMOYLADENOSINE_METABOLIC_PROCESS	20	17		
GOBP_TRNA_THREONYLCARBAMOYLADENOSINE_MODIFICATION	5		Rejected!	
GOBP_TRNA_TRANSCRIPTION	12		Rejected!	
GOBP_TRNA_TRANSPORT	6		Rejected!	
GOBP_TRNA_WOBBLE_BASE_MODIFICATION	21	20		
GOBP_TRNA_WOBBLE_URIDINE_MODIFICATION	17	16		
GOBP_TROPHECTODERMAL_CELL_DIFFERENTIATION	20		Rejected!	
GOBP_TROPHECTODERMAL_CELL_PROLIFERATION	5		Rejected!	
GOBP_TROPHOBLAST_CELL_MIGRATION	25	20		
GOBP_TROPHOBLAST_GIANT_CELL_DIFFERENTIATION	14		Rejected!	
GOBP_TRUNK_SEGMENTATION	5		Rejected!	
GOBP_TRYPTOPHAN_TRANSPORT	6		Rejected!	
GOBP_TUBE_CLOSURE	91	80		
GOBP_TUBE_DEVELOPMENT	1215		Rejected!	
GOBP_TUBE_FORMATION	153	129		
GOBP_TUBE_LUMEN_CAVITATION	5		Rejected!	
GOBP_TUBE_MORPHOGENESIS	989		Rejected!	
GOBP_TUBULIN_COMPLEX_ASSEMBLY	10		Rejected!	
GOBP_TUBULIN_DEACETYLATION	10		Rejected!	
GOBP_TUMOR_NECROSIS_FACTOR_MEDIATED_SIGNALING_PATHWAY	130	102		
GOBP_TUMOR_NECROSIS_FACTOR_SUPERFAMILY_CYTOKINE_PRODUCTION	202	134		
GOBP_TYPE_2_IMMUNE_RESPONSE	45	25		
GOBP_TYPE_2_MITOPHAGY	16		Rejected!	
GOBP_TYPE_B_PANCREATIC_CELL_APOPTOTIC_PROCESS	12		Rejected!	
GOBP_TYPE_B_PANCREATIC_CELL_DEVELOPMENT	24	20		
GOBP_TYPE_B_PANCREATIC_CELL_DIFFERENTIATION	31	25		
GOBP_TYPE_B_PANCREATIC_CELL_PROLIFERATION	29	26		
GOBP_TYPE_III_INTERFERON_PRODUCTION	6		Rejected!	
GOBP_TYPE_II_HYPERSENSITIVITY	12		Rejected!	
GOBP_TYPE_II_INTERFERON_MEDIATED_SIGNALING_PATHWAY	28	21		
GOBP_TYPE_II_INTERFERON_PRODUCTION	123	73		
GOBP_TYPE_II_PNEUMOCYTE_DIFFERENTIATION	7		Rejected!	
GOBP_TYPE_IV_HYPERSENSITIVITY	5		Rejected!	
GOBP_TYPE_I_HYPERSENSITIVITY	5		Rejected!	
GOBP_TYPE_I_INTERFERON_PRODUCTION	131	111		
GOBP_TYPE_I_PNEUMOCYTE_DIFFERENTIATION	9		Rejected!	
GOBP_TYROSINE_CATABOLIC_PROCESS	6		Rejected!	
GOBP_TYROSINE_METABOLIC_PROCESS	17	15		
GOBP_TYROSINE_PHOSPHORYLATION_OF_STAT_PROTEIN	31	22		
GOBP_T_CELL_ACTIVATION	604	434		
GOBP_T_CELL_ACTIVATION_INVOLVED_IN_IMMUNE_RESPONSE	139	84		
GOBP_T_CELL_ACTIVATION_VIA_T_CELL_RECEPTOR_CONTACT_WITH_ANTIGEN_BOUND_TO_MHC_MOLECULE_ON_ANTIGEN_PRESENTING_CELL	14		Rejected!	
GOBP_T_CELL_ANTIGEN_PROCESSING_AND_PRESENTATION	6		Rejected!	
GOBP_T_CELL_APOPTOTIC_PROCESS	61	47		
GOBP_T_CELL_CHEMOTAXIS	29	18		
GOBP_T_CELL_CYTOKINE_PRODUCTION	40	23		
GOBP_T_CELL_DIFFERENTIATION	327	240		
GOBP_T_CELL_DIFFERENTIATION_INVOLVED_IN_IMMUNE_RESPONSE	98	65		
GOBP_T_CELL_DIFFERENTIATION_IN_THYMUS	89	71		
GOBP_T_CELL_EXTRAVASATION	14		Rejected!	
GOBP_T_CELL_HOMEOSTASIS	50	38		
GOBP_T_CELL_LINEAGE_COMMITMENT	42	28		
GOBP_T_CELL_MEDIATED_CYTOTOXICITY	60	47		
GOBP_T_CELL_MEDIATED_IMMUNE_RESPONSE_TO_TUMOR_CELL	18	15		
GOBP_T_CELL_MEDIATED_IMMUNITY	139	101		
GOBP_T_CELL_MIGRATION	79	57		
GOBP_T_CELL_PROLIFERATION	225	166		
GOBP_T_CELL_RECEPTOR_SIGNALING_PATHWAY	152	113		
GOBP_T_CELL_SELECTION	64	44		
GOBP_T_CELL_TOLERANCE_INDUCTION	16		Rejected!	
GOBP_T_FOLLICULAR_HELPER_CELL_DIFFERENTIATION	11		Rejected!	
GOBP_T_HELPER_17_CELL_DIFFERENTIATION	41	28		
GOBP_T_HELPER_17_TYPE_IMMUNE_RESPONSE	55	38		
GOBP_T_HELPER_1_CELL_CYTOKINE_PRODUCTION	8		Rejected!	
GOBP_T_HELPER_1_CELL_DIFFERENTIATION	24	15		
GOBP_T_HELPER_1_TYPE_IMMUNE_RESPONSE	50	33		
GOBP_T_HELPER_2_CELL_CYTOKINE_PRODUCTION	13		Rejected!	
GOBP_T_HELPER_2_CELL_DIFFERENTIATION	18		Rejected!	
GOBP_T_HELPER_CELL_LINEAGE_COMMITMENT	29	19		
GOBP_T_TUBULE_ORGANIZATION	6		Rejected!	
GOBP_U2_TYPE_PRESPLICEOSOME_ASSEMBLY	25	25		
GOBP_U4_SNRNA_3_END_PROCESSING	8		Rejected!	
GOBP_UBIQUINONE_METABOLIC_PROCESS	21	21		
GOBP_UBIQUITIN_DEPENDENT_ENDOCYTOSIS	9		Rejected!	
GOBP_UBIQUITIN_DEPENDENT_PROTEIN_CATABOLIC_PROCESS_VIA_THE_C_END_DEGRON_RULE_PATHWAY	12		Rejected!	
GOBP_UBIQUITIN_DEPENDENT_PROTEIN_CATABOLIC_PROCESS_VIA_THE_MULTIVESICULAR_BODY_SORTING_PATHWAY	37	34		
GOBP_UBIQUITIN_INDEPENDENT_PROTEIN_CATABOLIC_PROCESS_VIA_THE_MULTIVESICULAR_BODY_SORTING_PATHWAY	5		Rejected!	
GOBP_UBIQUITIN_RECYCLING	14		Rejected!	
GOBP_UDP_ALPHA_D_GLUCOSE_METABOLIC_PROCESS	6		Rejected!	
GOBP_UDP_BIOSYNTHETIC_PROCESS	5		Rejected!	
GOBP_UDP_METABOLIC_PROCESS	8		Rejected!	
GOBP_UDP_N_ACETYLGLUCOSAMINE_BIOSYNTHETIC_PROCESS	10		Rejected!	
GOBP_UDP_N_ACETYLGLUCOSAMINE_METABOLIC_PROCESS	14		Rejected!	
GOBP_UDP_N_ACETYLGLUCOSAMINE_TRANSMEMBRANE_TRANSPORT	5		Rejected!	
GOBP_UNSATURATED_FATTY_ACID_BIOSYNTHETIC_PROCESS	60	50		
GOBP_UNSATURATED_FATTY_ACID_METABOLIC_PROCESS	119	90		
GOBP_URATE_METABOLIC_PROCESS	13		Rejected!	
GOBP_URATE_TRANSPORT	11		Rejected!	
GOBP_UREA_CYCLE	12		Rejected!	
GOBP_UREA_TRANSMEMBRANE_TRANSPORT	7		Rejected!	
GOBP_UREA_TRANSPORT	10		Rejected!	
GOBP_URETERIC_BUD_ELONGATION	7		Rejected!	
GOBP_URETERIC_BUD_FORMATION	7		Rejected!	
GOBP_URETER_DEVELOPMENT	18	16		
GOBP_URETER_MORPHOGENESIS	7		Rejected!	
GOBP_URIDINE_TRANSMEMBRANE_TRANSPORT	6		Rejected!	
GOBP_URINARY_BLADDER_SMOOTH_MUSCLE_CONTRACTION	8		Rejected!	
GOBP_URINARY_TRACT_SMOOTH_MUSCLE_CONTRACTION	10		Rejected!	
GOBP_UROGENITAL_SYSTEM_DEVELOPMENT	68	61		
GOBP_UTERINE_SMOOTH_MUSCLE_CONTRACTION	9		Rejected!	
GOBP_UTERUS_DEVELOPMENT	28	24		
GOBP_UTERUS_MORPHOGENESIS	6		Rejected!	
GOBP_UTP_BIOSYNTHETIC_PROCESS	10		Rejected!	
GOBP_UTP_METABOLIC_PROCESS	12		Rejected!	
GOBP_UV_DAMAGE_EXCISION_REPAIR	14		Rejected!	
GOBP_UV_PROTECTION	12		Rejected!	
GOBP_VACUOLAR_ACIDIFICATION	36	33		
GOBP_VACUOLAR_LOCALIZATION	90	74		
GOBP_VACUOLAR_PROTON_TRANSPORTING_V_TYPE_ATPASE_COMPLEX_ASSEMBLY	6		Rejected!	
GOBP_VACUOLAR_TRANSMEMBRANE_TRANSPORT	9		Rejected!	
GOBP_VACUOLAR_TRANSPORT	168	146		
GOBP_VACUOLE_FUSION	13		Rejected!	
GOBP_VACUOLE_ORGANIZATION	247	229		
GOBP_VAGINA_DEVELOPMENT	10		Rejected!	
GOBP_VALINE_CATABOLIC_PROCESS	5		Rejected!	
GOBP_VALINE_METABOLIC_PROCESS	6		Rejected!	
GOBP_VASCULAR_ASSOCIATED_SMOOTH_MUSCLE_CELL_APOPTOTIC_PROCESS	18		Rejected!	
GOBP_VASCULAR_ASSOCIATED_SMOOTH_MUSCLE_CELL_DEVELOPMENT	12		Rejected!	
GOBP_VASCULAR_ASSOCIATED_SMOOTH_MUSCLE_CELL_DIFFERENTIATION	41	29		
GOBP_VASCULAR_ASSOCIATED_SMOOTH_MUSCLE_CELL_MIGRATION	54	25		
GOBP_VASCULAR_ASSOCIATED_SMOOTH_MUSCLE_CELL_PROLIFERATION	97	53		
GOBP_VASCULAR_ASSOCIATED_SMOOTH_MUSCLE_CONTRACTION	27	24		
GOBP_VASCULAR_ENDOTHELIAL_CELL_PROLIFERATION	55	22		
GOBP_VASCULAR_ENDOTHELIAL_CELL_RESPONSE_TO_FLUID_SHEAR_STRESS	15		Rejected!	
GOBP_VASCULAR_ENDOTHELIAL_CELL_RESPONSE_TO_LAMINAR_FLUID_SHEAR_STRESS	9		Rejected!	
GOBP_VASCULAR_ENDOTHELIAL_GROWTH_FACTOR_PRODUCTION	65	27		
GOBP_VASCULAR_ENDOTHELIAL_GROWTH_FACTOR_RECEPTOR_2_SIGNALING_PATHWAY	6		Rejected!	
GOBP_VASCULAR_ENDOTHELIAL_GROWTH_FACTOR_RECEPTOR_SIGNALING_PATHWAY	63	55		
GOBP_VASCULAR_ENDOTHELIAL_GROWTH_FACTOR_SIGNALING_PATHWAY	58	44		
GOBP_VASCULAR_PROCESS_IN_CIRCULATORY_SYSTEM	282	238		
GOBP_VASCULAR_TRANSPORT	88	79		
GOBP_VASCULAR_WOUND_HEALING	24	17		
GOBP_VASCULATURE_DEVELOPMENT	865		Rejected!	
GOBP_VASCULOGENESIS	82	70		
GOBP_VASCULOGENESIS_INVOLVED_IN_CORONARY_VASCULAR_MORPHOGENESIS	5		Rejected!	
GOBP_VASOCONSTRICTION	87	71		
GOBP_VASODILATION	59	46		
GOBP_VENOUS_BLOOD_VESSEL_DEVELOPMENT	17		Rejected!	
GOBP_VENOUS_BLOOD_VESSEL_MORPHOGENESIS	10		Rejected!	
GOBP_VENTRAL_MIDLINE_DEVELOPMENT	6		Rejected!	
GOBP_VENTRAL_SPINAL_CORD_DEVELOPMENT	47	43		
GOBP_VENTRAL_SPINAL_CORD_INTERNEURON_DIFFERENTIATION	13		Rejected!	
GOBP_VENTRICULAR_CARDIAC_MUSCLE_CELL_ACTION_POTENTIAL	38	25		
GOBP_VENTRICULAR_CARDIAC_MUSCLE_CELL_DEVELOPMENT	13		Rejected!	
GOBP_VENTRICULAR_CARDIAC_MUSCLE_CELL_DIFFERENTIATION	19	15		
GOBP_VENTRICULAR_CARDIAC_MUSCLE_CELL_MEMBRANE_REPOLARIZATION	31	23		
GOBP_VENTRICULAR_CARDIAC_MUSCLE_TISSUE_DEVELOPMENT	62	41		
GOBP_VENTRICULAR_CARDIAC_MUSCLE_TISSUE_MORPHOGENESIS	48	29		
GOBP_VENTRICULAR_COMPACT_MYOCARDIUM_MORPHOGENESIS	8		Rejected!	
GOBP_VENTRICULAR_SEPTUM_DEVELOPMENT	78	66		
GOBP_VENTRICULAR_SEPTUM_MORPHOGENESIS	47	37		
GOBP_VENTRICULAR_SYSTEM_DEVELOPMENT	34	29		
GOBP_VENTRICULAR_TRABECULA_MYOCARDIUM_MORPHOGENESIS	15		Rejected!	
GOBP_VERY_LONG_CHAIN_FATTY_ACID_BIOSYNTHETIC_PROCESS	13		Rejected!	
GOBP_VERY_LONG_CHAIN_FATTY_ACID_CATABOLIC_PROCESS	7		Rejected!	
GOBP_VERY_LONG_CHAIN_FATTY_ACID_METABOLIC_PROCESS	35	33		
GOBP_VERY_LOW_DENSITY_LIPOPROTEIN_PARTICLE_ASSEMBLY	12		Rejected!	
GOBP_VERY_LOW_DENSITY_LIPOPROTEIN_PARTICLE_CLEARANCE	9		Rejected!	
GOBP_VESICLE_BUDDING_FROM_MEMBRANE	88	82		
GOBP_VESICLE_CARGO_LOADING	36	27		
GOBP_VESICLE_COATING	38	35		
GOBP_VESICLE_CYTOSKELETAL_TRAFFICKING	61	53		
GOBP_VESICLE_DOCKING	60	55		
GOBP_VESICLE_DOCKING_INVOLVED_IN_EXOCYTOSIS	39	35		
GOBP_VESICLE_FUSION_TO_PLASMA_MEMBRANE	32	29		
GOBP_VESICLE_FUSION_WITH_GOLGI_APPARATUS	7		Rejected!	
GOBP_VESICLE_LOCALIZATION	223	194		
GOBP_VESICLE_MEDIATED_CHOLESTEROL_TRANSPORT	9		Rejected!	
GOBP_VESICLE_MEDIATED_TRANSPORT	1597		Rejected!	
GOBP_VESICLE_MEDIATED_TRANSPORT_BETWEEN_ENDOSOMAL_COMPARTMENTS	48	45		
GOBP_VESICLE_MEDIATED_TRANSPORT_IN_SYNAPSE	260	234		
GOBP_VESICLE_MEDIATED_TRANSPORT_TO_THE_PLASMA_MEMBRANE	158	144		
GOBP_VESICLE_ORGANIZATION	400	358		
GOBP_VESICLE_TARGETING	65	58		
GOBP_VESICLE_TARGETING_ROUGH_ER_TO_CIS_GOLGI	25	24		
GOBP_VESICLE_TARGETING_TO_FROM_OR_WITHIN_GOLGI	32	31		
GOBP_VESICLE_TETHERING	32	28		
GOBP_VESICLE_TETHERING_INVOLVED_IN_EXOCYTOSIS	9		Rejected!	
GOBP_VESICLE_TETHERING_TO_GOLGI	5		Rejected!	
GOBP_VESICLE_TRANSPORT_ALONG_ACTIN_FILAMENT	5		Rejected!	
GOBP_VESICLE_TRANSPORT_ALONG_MICROTUBULE	49	42		
GOBP_VESICLE_UNCOATING	6		Rejected!	
GOBP_VESTIBULAR_REFLEX	5		Rejected!	
GOBP_VESTIBULOCOCHLEAR_NERVE_DEVELOPMENT	11		Rejected!	
GOBP_VESTIBULOCOCHLEAR_NERVE_FORMATION	5		Rejected!	
GOBP_VESTIBULOCOCHLEAR_NERVE_MORPHOGENESIS	7		Rejected!	
GOBP_VIRAL_BUDDING	26	23		
GOBP_VIRAL_GENE_EXPRESSION	109	93		
GOBP_VIRAL_GENOME_REPLICATION	125	97		
GOBP_VIRAL_LATENCY	5		Rejected!	
GOBP_VIRAL_LIFE_CYCLE	298	242		
GOBP_VIRAL_PROCESS	410	336		
GOBP_VIRAL_PROTEIN_PROCESSING	31	29		
GOBP_VIRAL_RELEASE_FROM_HOST_CELL	29	26		
GOBP_VIRAL_RNA_GENOME_REPLICATION	26	21		
GOBP_VIRAL_TRANSCRIPTION	53	42		
GOBP_VIRAL_TRANSLATION	26	23		
GOBP_VIRAL_TRANSLATIONAL_FRAMESHIFTING	6		Rejected!	
GOBP_VIRAL_TRANSLATIONAL_TERMINATION_REINITIATION	5		Rejected!	
GOBP_VIRION_ASSEMBLY	35	32		
GOBP_VISUAL_BEHAVIOR	62	55		
GOBP_VITAMIN_A_METABOLIC_PROCESS	8		Rejected!	
GOBP_VITAMIN_B6_METABOLIC_PROCESS	6		Rejected!	
GOBP_VITAMIN_BIOSYNTHETIC_PROCESS	23	20		
GOBP_VITAMIN_CATABOLIC_PROCESS	17		Rejected!	
GOBP_VITAMIN_D3_METABOLIC_PROCESS	8		Rejected!	
GOBP_VITAMIN_D_BIOSYNTHETIC_PROCESS	11		Rejected!	
GOBP_VITAMIN_D_METABOLIC_PROCESS	21		Rejected!	
GOBP_VITAMIN_D_RECEPTOR_SIGNALING_PATHWAY	14		Rejected!	
GOBP_VITAMIN_E_METABOLIC_PROCESS	6		Rejected!	
GOBP_VITAMIN_K_CATABOLIC_PROCESS	6		Rejected!	
GOBP_VITAMIN_K_METABOLIC_PROCESS	13		Rejected!	
GOBP_VITAMIN_METABOLIC_PROCESS	119	96		
GOBP_VITAMIN_TRANSMEMBRANE_TRANSPORT	21	17		
GOBP_VITAMIN_TRANSPORT	58	48		
GOBP_VOCALIZATION_BEHAVIOR	21	16		
GOBP_VOLUNTARY_MUSCULOSKELETAL_MOVEMENT	6		Rejected!	
GOBP_VOLUNTARY_SKELETAL_MUSCLE_CONTRACTION	6		Rejected!	
GOBP_V_D_J_RECOMBINATION	19	16		
GOBP_WALKING_BEHAVIOR	40	34		
GOBP_WATER_SOLUBLE_VITAMIN_BIOSYNTHETIC_PROCESS	9		Rejected!	
GOBP_WATER_SOLUBLE_VITAMIN_METABOLIC_PROCESS	66	58		
GOBP_WATER_TRANSPORT	29	18		
GOBP_WHITE_FAT_CELL_DIFFERENTIATION	19	16		
GOBP_WNT_PROTEIN_SECRETION	6		Rejected!	
GOBP_WNT_SIGNALING_PATHWAY	484	408		
GOBP_WNT_SIGNALING_PATHWAY_CALCIUM_MODULATING_PATHWAY	5		Rejected!	
GOBP_WNT_SIGNALING_PATHWAY_PLANAR_CELL_POLARITY_PATHWAY	47	43		
GOBP_WOUND_HEALING	450	360		
GOBP_WOUND_HEALING_INVOLVED_IN_INFLAMMATORY_RESPONSE	10		Rejected!	
GOBP_WOUND_HEALING_SPREADING_OF_EPIDERMAL_CELLS	27	20		
GOBP_WYBUTOSINE_METABOLIC_PROCESS	6		Rejected!	
GOBP_XENOBIOTIC_CATABOLIC_PROCESS	26	18		
GOBP_XENOBIOTIC_EXPORT_FROM_CELL	29		Rejected!	
GOBP_XENOBIOTIC_METABOLIC_PROCESS	135	84		
GOBP_XENOBIOTIC_TRANSMEMBRANE_TRANSPORT	17	15		
GOBP_XENOBIOTIC_TRANSPORT	62	40		
GOBP_XENOBIOTIC_TRANSPORT_ACROSS_BLOOD_BRAIN_BARRIER	6		Rejected!	
GOBP_XENOPHAGY	12		Rejected!	
GOBP_XMP_METABOLIC_PROCESS	8		Rejected!	
GOBP_XYLULOSE_5_PHOSPHATE_METABOLIC_PROCESS	6		Rejected!	
GOBP_ZINC_ION_IMPORT_ACROSS_PLASMA_MEMBRANE	11		Rejected!	
GOBP_ZINC_ION_IMPORT_INTO_ORGANELLE	11		Rejected!	
GOBP_ZINC_ION_TRANSPORT	32	27		
GOBP_ZYGOTIC_DETERMINATION_OF_ANTERIOR_POSTERIOR_AXIS_EMBRYO	7		Rejected!	
GOBP_ZYMOGEN_ACTIVATION	47	35		
GOCC_3M_COMPLEX	5		Rejected!	
GOCC_90S_PRERIBOSOME	26	23		
GOCC_9PLUS0_MOTILE_CILIUM	5		Rejected!	
GOCC_9PLUS0_NON_MOTILE_CILIUM	134	105		
GOCC_9PLUS2_MOTILE_CILIUM	249	193		
GOCC_ACETYLCHOLINE_GATED_CHANNEL_COMPLEX	17		Rejected!	
GOCC_ACETYLTRANSFERASE_COMPLEX	106	91		
GOCC_ACROSOMAL_MEMBRANE	36	20		
GOCC_ACROSOMAL_VESICLE	156	103		
GOCC_ACTIN_BASED_CELL_PROJECTION	231	191		
GOCC_ACTIN_CYTOSKELETON	540	459		
GOCC_ACTIN_FILAMENT	116	97		
GOCC_ACTIN_FILAMENT_BUNDLE	96	80		
GOCC_ACTIVIN_RECEPTOR_COMPLEX	7		Rejected!	
GOCC_ACTOMYOSIN	94	78		
GOCC_ADHERENS_JUNCTION	191	172		
GOCC_AGGRESOME	35	31		
GOCC_ALPHA_BETA_T_CELL_RECEPTOR_COMPLEX	10		Rejected!	
GOCC_ALPHA_DNA_POLYMERASE_PRIMASE_COMPLEX	5		Rejected!	
GOCC_ALPHA_KETOACID_DEHYDROGENASE_COMPLEX	19	17		
GOCC_ALVEOLAR_LAMELLAR_BODY	8		Rejected!	
GOCC_AMINOACYL_TRNA_SYNTHETASE_MULTIENZYME_COMPLEX	11		Rejected!	
GOCC_AMPA_GLUTAMATE_RECEPTOR_COMPLEX	30	28		
GOCC_AMPHISOME	14		Rejected!	
GOCC_ANAPHASE_PROMOTING_COMPLEX	22	21		
GOCC_ANCHORING_JUNCTION	913		Rejected!	
GOCC_ANKYRIN_1_COMPLEX	8		Rejected!	
GOCC_ANNULATE_LAMELLAE	5		Rejected!	
GOCC_APICAL_CORTEX	7		Rejected!	
GOCC_APICAL_DENDRITE	18	18		
GOCC_APICAL_JUNCTION_COMPLEX	155	128		
GOCC_APICAL_PART_OF_CELL	476	369		
GOCC_APICOLATERAL_PLASMA_MEMBRANE	23	19		
GOCC_APOLIPOPROTEIN_B_MRNA_EDITING_ENZYME_COMPLEX	5		Rejected!	
GOCC_AP_1_ADAPTOR_COMPLEX	12		Rejected!	
GOCC_AP_2_ADAPTOR_COMPLEX	12		Rejected!	
GOCC_AP_3_ADAPTOR_COMPLEX	11		Rejected!	
GOCC_AP_TYPE_MEMBRANE_COAT_ADAPTOR_COMPLEX	42	34		
GOCC_ARP2_3_PROTEIN_COMPLEX	9		Rejected!	
GOCC_ARYL_HYDROCARBON_RECEPTOR_COMPLEX	8		Rejected!	
GOCC_ASTER	11		Rejected!	
GOCC_ASTROCYTE_END_FOOT	12		Rejected!	
GOCC_ASTROCYTE_PROJECTION	22	21		
GOCC_ASYMMETRIC_GLUTAMATERGIC_EXCITATORY_SYNAPSE	18		Rejected!	
GOCC_ATAC_COMPLEX	14		Rejected!	
GOCC_ATG12_ATG5_ATG16_COMPLEX	6		Rejected!	
GOCC_ATG1_ULK1_KINASE_COMPLEX	8		Rejected!	
GOCC_ATPASE_COMPLEX	127	113		
GOCC_ATPASE_DEPENDENT_TRANSMEMBRANE_TRANSPORT_COMPLEX	54	46		
GOCC_ATP_BINDING_CASSETTE_ABC_TRANSPORTER_COMPLEX	6		Rejected!	
GOCC_AUTOLYSOSOME	18	15		
GOCC_AUTOLYSOSOME_MEMBRANE	7		Rejected!	
GOCC_AUTOPHAGOSOME	121	111		
GOCC_AUTOPHAGOSOME_MEMBRANE	57	52		
GOCC_AXOLEMMA	14		Rejected!	
GOCC_AXON	664		Rejected!	
GOCC_AXONAL_GROWTH_CONE	26	22		
GOCC_AXONEMAL_A_TUBULE_INNER_SHEATH	31	27		
GOCC_AXONEMAL_B_TUBULE_INNER_SHEATH	13		Rejected!	
GOCC_AXONEMAL_DOUBLET_MICROTUBULE	49	42		
GOCC_AXONEMAL_DYNEIN_COMPLEX	22	20		
GOCC_AXONEMAL_MICROTUBULE	56	48		
GOCC_AXON_CYTOPLASM	62	56		
GOCC_AXON_HILLOCK	7		Rejected!	
GOCC_AXON_INITIAL_SEGMENT	23	19		
GOCC_AZUROPHIL_GRANULE	157	124		
GOCC_AZUROPHIL_GRANULE_LUMEN	91	68		
GOCC_AZUROPHIL_GRANULE_MEMBRANE	59	50		
GOCC_A_BAND	41	29		
GOCC_BARR_BODY	8		Rejected!	
GOCC_BASAL_CORTEX	5		Rejected!	
GOCC_BASAL_DENDRITE	6		Rejected!	
GOCC_BASAL_PART_OF_CELL	320	258		
GOCC_BASEMENT_MEMBRANE	99	85		
GOCC_BASEMENT_MEMBRANE_INTERSTITIAL_MATRIX_INTERFACE	6		Rejected!	
GOCC_BASOLATERAL_PLASMA_MEMBRANE	268	213		
GOCC_BBAF_COMPLEX	10		Rejected!	
GOCC_BBSOME	8		Rejected!	
GOCC_BCL_2_FAMILY_PROTEIN_COMPLEX	10		Rejected!	
GOCC_BETA_CATENIN_DESTRUCTION_COMPLEX	12		Rejected!	
GOCC_BETA_CATENIN_TCF_COMPLEX	13		Rejected!	
GOCC_BLEB	9		Rejected!	
GOCC_BLOC_1_COMPLEX	15	15		
GOCC_BLOC_COMPLEX	20	20		
GOCC_BLOOD_MICROPARTICLE	145	75		
GOCC_BORC_COMPLEX	8		Rejected!	
GOCC_BOX_C_D_RNP_COMPLEX	6		Rejected!	
GOCC_BOX_H_ACA_RNP_COMPLEX	9		Rejected!	
GOCC_BOX_H_ACA_TELOMERASE_RNP_COMPLEX	5		Rejected!	
GOCC_BRAHMA_COMPLEX	14		Rejected!	
GOCC_BRCA1_A_COMPLEX	8		Rejected!	
GOCC_BRCA1_C_COMPLEX	6		Rejected!	
GOCC_BRISC_COMPLEX	6		Rejected!	
GOCC_BRUSH_BORDER	109	82		
GOCC_BRUSH_BORDER_MEMBRANE	59	42		
GOCC_B_CELL_RECEPTOR_COMPLEX	6		Rejected!	
GOCC_B_WICH_COMPLEX	8		Rejected!	
GOCC_CAJAL_BODY	83	56		
GOCC_CALCINEURIN_COMPLEX	6		Rejected!	
GOCC_CALCITONIN_FAMILY_RECEPTOR_COMPLEX	5		Rejected!	
GOCC_CALCIUM_AND_CALMODULIN_DEPENDENT_PROTEIN_KINASE_COMPLEX	5		Rejected!	
GOCC_CALCIUM_CHANNEL_COMPLEX	72	55		
GOCC_CALYX_OF_HELD	20	19		
GOCC_CAMP_DEPENDENT_PROTEIN_KINASE_COMPLEX	11		Rejected!	
GOCC_CANONICAL_INFLAMMASOME_COMPLEX	17		Rejected!	
GOCC_CARBOXY_TERMINAL_DOMAIN_PROTEIN_KINASE_COMPLEX	21	16		
GOCC_CARDIAC_MYOFIBRIL	7		Rejected!	
GOCC_CASPASE_COMPLEX	10		Rejected!	
GOCC_CATALYTIC_COMPLEX	1811		Rejected!	
GOCC_CATALYTIC_STEP_1_SPLICEOSOME	12		Rejected!	
GOCC_CATALYTIC_STEP_2_SPLICEOSOME	90	77		
GOCC_CATENIN_COMPLEX	31	27		
GOCC_CATION_CHANNEL_COMPLEX	238	189		
GOCC_CATSPER_COMPLEX	14		Rejected!	
GOCC_CAVEOLA	82	73		
GOCC_CBM_COMPLEX	5		Rejected!	
GOCC_CCAAT_BINDING_FACTOR_COMPLEX	5		Rejected!	
GOCC_CCR4_NOT_COMPLEX	16		Rejected!	
GOCC_CCR4_NOT_CORE_COMPLEX	6		Rejected!	
GOCC_CD40_RECEPTOR_COMPLEX	11		Rejected!	
GOCC_CD95_DEATH_INDUCING_SIGNALING_COMPLEX	6		Rejected!	
GOCC_CDC73_PAF1_COMPLEX	7		Rejected!	
GOCC_CELL_BODY	550	477		
GOCC_CELL_BODY_FIBER	7		Rejected!	
GOCC_CELL_BODY_MEMBRANE	31	29		
GOCC_CELL_CELL_CONTACT_ZONE	75	64		
GOCC_CELL_CELL_JUNCTION	525	444		
GOCC_CELL_CORTEX	321	273		
GOCC_CELL_CORTEX_REGION	29	24		
GOCC_CELL_DIVISION_SITE	69	63		
GOCC_CELL_LEADING_EDGE	433	382		
GOCC_CELL_POLE	13		Rejected!	
GOCC_CELL_PROJECTION_MEMBRANE	361	304		
GOCC_CELL_SUBSTRATE_JUNCTION	436	385		
GOCC_CELL_SURFACE	916		Rejected!	
GOCC_CELL_TIP	10		Rejected!	
GOCC_CELL_TRAILING_EDGE	15		Rejected!	
GOCC_CENTRAL_ELEMENT	8		Rejected!	
GOCC_CENTRIOLAR_SATELLITE	146	137		
GOCC_CENTRIOLAR_SUBDISTAL_APPENDAGE	10		Rejected!	
GOCC_CENTRIOLE	168	152		
GOCC_CENTROSOME	766		Rejected!	
GOCC_CEREBELLAR_CLIMBING_FIBER_TO_PURKINJE_CELL_SYNAPSE	9		Rejected!	
GOCC_CEREBELLAR_MOSSY_FIBER	8		Rejected!	
GOCC_CHAPERONIN_CONTAINING_T_COMPLEX	11		Rejected!	
GOCC_CHECKPOINT_CLAMP_COMPLEX	5		Rejected!	
GOCC_CHITOSOME	23	19		
GOCC_CHLORIDE_CHANNEL_COMPLEX	55	47		
GOCC_CHOLINERGIC_SYNAPSE	13		Rejected!	
GOCC_CHROMAFFIN_GRANULE	14		Rejected!	
GOCC_CHROMAFFIN_GRANULE_MEMBRANE	9		Rejected!	
GOCC_CHROMATIN	1422		Rejected!	
GOCC_CHROMATIN_SILENCING_COMPLEX	14		Rejected!	
GOCC_CHROMATOID_BODY	14		Rejected!	
GOCC_CHROMOCENTER	14		Rejected!	
GOCC_CHROMOSOMAL_REGION	409	342		
GOCC_CHROMOSOME_CENTROMERIC_CORE_DOMAIN	19		Rejected!	
GOCC_CHROMOSOME_CENTROMERIC_REGION	266	229		
GOCC_CHROMOSOME_PASSENGER_COMPLEX	6		Rejected!	
GOCC_CHROMOSOME_TELOMERIC_REGION	174	137		
GOCC_CHROMOSOME_TELOMERIC_REPEAT_REGION	14		Rejected!	
GOCC_CHYLOMICRON	13		Rejected!	
GOCC_CILIARY_BASAL_BODY	337	305		
GOCC_CILIARY_BASE	49	40		
GOCC_CILIARY_MEMBRANE	80	66		
GOCC_CILIARY_PLASM	190	170		
GOCC_CILIARY_ROOTLET	11		Rejected!	
GOCC_CILIARY_TIP	48	48		
GOCC_CILIARY_TRANSITION_FIBER	8		Rejected!	
GOCC_CILIARY_TRANSITION_ZONE	77	71		
GOCC_CILIUM	997		Rejected!	
GOCC_CIS_GOLGI_NETWORK	77	63		
GOCC_CIS_GOLGI_NETWORK_MEMBRANE	12		Rejected!	
GOCC_CKM_COMPLEX	5		Rejected!	
GOCC_CLATHRIN_ADAPTOR_COMPLEX	28	23		
GOCC_CLATHRIN_COAT	51	42		
GOCC_CLATHRIN_COATED_ENDOCYTIC_VESICLE	94	75		
GOCC_CLATHRIN_COATED_ENDOCYTIC_VESICLE_MEMBRANE	76	60		
GOCC_CLATHRIN_COATED_PIT	78	73		
GOCC_CLATHRIN_COATED_VESICLE	224	195		
GOCC_CLATHRIN_COATED_VESICLE_MEMBRANE	140	120		
GOCC_CLATHRIN_COAT_OF_COATED_PIT	18	16		
GOCC_CLATHRIN_COMPLEX	8		Rejected!	
GOCC_CLATHRIN_SCULPTED_GAMMA_AMINOBUTYRIC_ACID_TRANSPORT_VESICLE	8		Rejected!	
GOCC_CLATHRIN_SCULPTED_MONOAMINE_TRANSPORT_VESICLE	5		Rejected!	
GOCC_CLATHRIN_SCULPTED_VESICLE	12		Rejected!	
GOCC_CLATHRIN_VESICLE_COAT	36	34		
GOCC_CLEAVAGE_FURROW	56	50		
GOCC_CLOCK_BMAL_TRANSCRIPTION_COMPLEX	5		Rejected!	
GOCC_CLUSTER_OF_ACTIN_BASED_CELL_PROJECTIONS	175	136		
GOCC_CMG_COMPLEX	11		Rejected!	
GOCC_COATED_VESICLE	324	282		
GOCC_COATED_VESICLE_MEMBRANE	207	181		
GOCC_COHESIN_COMPLEX	11		Rejected!	
GOCC_COLLAGEN_CONTAINING_EXTRACELLULAR_MATRIX	388	311		
GOCC_COLLAGEN_TRIMER	86	64		
GOCC_COLLAGEN_TYPE_IV_TRIMER	6		Rejected!	
GOCC_COLLAGEN_TYPE_IX_TRIMER	5		Rejected!	
GOCC_COLLAGEN_TYPE_VI_TRIMER	5		Rejected!	
GOCC_COLLAGEN_TYPE_XI_TRIMER	6		Rejected!	
GOCC_COMMITMENT_COMPLEX	5		Rejected!	
GOCC_COMPACT_MYELIN	15		Rejected!	
GOCC_COMPLEX_OF_COLLAGEN_TRIMERS	22	19		
GOCC_CONDENSED_CHROMOSOME	288	244		
GOCC_CONDENSED_CHROMOSOME_CENTROMERIC_REGION	186	167		
GOCC_CONDENSED_NUCLEAR_CHROMOSOME	83	59		
GOCC_CONDENSIN_COMPLEX	8		Rejected!	
GOCC_CONE_PHOTORECEPTOR_OUTER_SEGMENT	9		Rejected!	
GOCC_CONNEXIN_COMPLEX	21		Rejected!	
GOCC_CONTRACTILE_MUSCLE_FIBER	252	194		
GOCC_CONTRACTILE_RING	11		Rejected!	
GOCC_COP9_SIGNALOSOME	35	31		
GOCC_COPII_COATED_ER_TO_GOLGI_TRANSPORT_VESICLE	95	80		
GOCC_COPII_VESICLE_COAT	16	15		
GOCC_COPI_COATED_VESICLE	25	24		
GOCC_COPI_COATED_VESICLE_MEMBRANE	18	18		
GOCC_COPI_VESICLE_COAT	13		Rejected!	
GOCC_CORE_MEDIATOR_COMPLEX	26	26		
GOCC_CORNIFIED_ENVELOPE	60	32		
GOCC_CORTICAL_ACTIN_CYTOSKELETON	80	66		
GOCC_CORTICAL_CYTOSKELETON	109	88		
GOCC_CORTICAL_ENDOPLASMIC_RETICULUM	8		Rejected!	
GOCC_CORTICAL_GRANULE	6		Rejected!	
GOCC_CORTICAL_MICROTUBULE_CYTOSKELETON	5		Rejected!	
GOCC_CORVET_COMPLEX	7		Rejected!	
GOCC_COSTAMERE	16		Rejected!	
GOCC_CRD_MEDIATED_MRNA_STABILITY_COMPLEX	6		Rejected!	
GOCC_CTF18_RFC_LIKE_COMPLEX	7		Rejected!	
GOCC_CUL2_RING_UBIQUITIN_LIGASE_COMPLEX	47	23		
GOCC_CUL3_RING_UBIQUITIN_LIGASE_COMPLEX	60	52		
GOCC_CUL4A_RING_E3_UBIQUITIN_LIGASE_COMPLEX	14		Rejected!	
GOCC_CUL4B_RING_E3_UBIQUITIN_LIGASE_COMPLEX	6		Rejected!	
GOCC_CUL4_RING_E3_UBIQUITIN_LIGASE_COMPLEX	38	31		
GOCC_CUL5_RING_UBIQUITIN_LIGASE_COMPLEX	15	15		
GOCC_CULLIN_RING_UBIQUITIN_LIGASE_COMPLEX	232	185		
GOCC_CUTICULAR_PLATE	11		Rejected!	
GOCC_CYCLIN_CDK_POSITIVE_TRANSCRIPTION_ELONGATION_FACTOR_COMPLEX	8		Rejected!	
GOCC_CYCLIN_DEPENDENT_PROTEIN_KINASE_HOLOENZYME_COMPLEX	69	61		
GOCC_CYTOCHROME_COMPLEX	40	32		
GOCC_CYTOLYTIC_GRANULE	14		Rejected!	
GOCC_CYTOPLASMIC_DYNEIN_COMPLEX	23	22		
GOCC_CYTOPLASMIC_EXOSOME_RNASE_COMPLEX	14		Rejected!	
GOCC_CYTOPLASMIC_LATTICE	5		Rejected!	
GOCC_CYTOPLASMIC_MICROTUBULE	121	103		
GOCC_CYTOPLASMIC_REGION	307	274		
GOCC_CYTOPLASMIC_SIDE_OF_ENDOPLASMIC_RETICULUM_MEMBRANE	24	22		
GOCC_CYTOPLASMIC_SIDE_OF_ENDOSOME_MEMBRANE	7		Rejected!	
GOCC_CYTOPLASMIC_SIDE_OF_LYSOSOMAL_MEMBRANE	14		Rejected!	
GOCC_CYTOPLASMIC_SIDE_OF_MEMBRANE	211	174		
GOCC_CYTOPLASMIC_SIDE_OF_MITOCHONDRIAL_OUTER_MEMBRANE	5		Rejected!	
GOCC_CYTOPLASMIC_SIDE_OF_PLASMA_MEMBRANE	162	131		
GOCC_CYTOPLASMIC_SIDE_OF_ROUGH_ENDOPLASMIC_RETICULUM_MEMBRANE	7		Rejected!	
GOCC_CYTOPLASMIC_STRESS_GRANULE	96	85		
GOCC_CYTOPLASMIC_UBIQUITIN_LIGASE_COMPLEX	10		Rejected!	
GOCC_CYTOSOLIC_4FE_4S_ASSEMBLY_TARGETING_COMPLEX	5		Rejected!	
GOCC_CYTOSOLIC_LARGE_RIBOSOMAL_SUBUNIT	58	48		
GOCC_CYTOSOLIC_PROTEASOME_COMPLEX	5		Rejected!	
GOCC_CYTOSOLIC_REGION	41	36		
GOCC_CYTOSOLIC_RIBOSOME	119	106		
GOCC_CYTOSOLIC_SMALL_RIBOSOMAL_SUBUNIT	42	40		
GOCC_CYTOSOLIC_TRANSLATION_PREINITIATION_COMPLEX	19	18		
GOCC_DEATH_INDUCING_SIGNALING_COMPLEX	9		Rejected!	
GOCC_DENDRITE_CYTOPLASM	28	27		
GOCC_DENDRITE_MEMBRANE	45	41		
GOCC_DENDRITE_TERMINUS	15		Rejected!	
GOCC_DENDRITIC_GROWTH_CONE	8		Rejected!	
GOCC_DENDRITIC_SHAFT	41	39		
GOCC_DENDRITIC_SPINE_HEAD	6		Rejected!	
GOCC_DENDRITIC_SPINE_MEMBRANE	16	15		
GOCC_DENDRITIC_TREE	625		Rejected!	
GOCC_DENSE_BODY	5		Rejected!	
GOCC_DENSE_CORE_GRANULE	48	41		
GOCC_DENSE_CORE_GRANULE_LUMEN	6		Rejected!	
GOCC_DENSE_CORE_GRANULE_MEMBRANE	7		Rejected!	
GOCC_DERLIN_1_RETROTRANSLOCATION_COMPLEX	8		Rejected!	
GOCC_DESMOSOME	31	23		
GOCC_DEUTEROSOME	6		Rejected!	
GOCC_DISTAL_AXON	280	256		
GOCC_DNA_DEPENDENT_PROTEIN_KINASE_COMPLEX	5		Rejected!	
GOCC_DNA_DEPENDENT_PROTEIN_KINASE_DNA_LIGASE_4_COMPLEX	7		Rejected!	
GOCC_DNA_POLYMERASE_COMPLEX	20	16		
GOCC_DNA_RECOMBINASE_MEDIATOR_COMPLEX	7		Rejected!	
GOCC_DNA_REPAIR_COMPLEX	23	17		
GOCC_DNA_REPLICATION_FACTOR_A_COMPLEX	13		Rejected!	
GOCC_DNA_REPLICATION_FACTOR_C_COMPLEX	5		Rejected!	
GOCC_DNA_REPLICATION_PREINITIATION_COMPLEX	13		Rejected!	
GOCC_DOPAMINERGIC_SYNAPSE	15		Rejected!	
GOCC_DYNACTIN_COMPLEX	8		Rejected!	
GOCC_DYNEIN_AXONEMAL_PARTICLE	20	18		
GOCC_DYNEIN_COMPLEX	54	50		
GOCC_DYSTROGLYCAN_COMPLEX	7		Rejected!	
GOCC_DYSTROPHIN_ASSOCIATED_GLYCOPROTEIN_COMPLEX	18	15		
GOCC_EARLY_ENDOSOME	451	387		
GOCC_EARLY_ENDOSOME_LUMEN	5		Rejected!	
GOCC_EARLY_ENDOSOME_MEMBRANE	206	178		
GOCC_EARLY_PHAGOSOME	14		Rejected!	
GOCC_EARP_COMPLEX	5		Rejected!	
GOCC_EGG_COAT	5		Rejected!	
GOCC_EKC_KEOPS_COMPLEX	5		Rejected!	
GOCC_ELASTIC_FIBER	5		Rejected!	
GOCC_ELONGATOR_HOLOENZYME_COMPLEX	6		Rejected!	
GOCC_ELONGIN_COMPLEX	5		Rejected!	
GOCC_EMC_COMPLEX	10		Rejected!	
GOCC_ENDOCYTIC_VESICLE	361	314		
GOCC_ENDOCYTIC_VESICLE_LUMEN	23	16		
GOCC_ENDOCYTIC_VESICLE_MEMBRANE	208	179		
GOCC_ENDODEOXYRIBONUCLEASE_COMPLEX	5		Rejected!	
GOCC_ENDOLYSOSOME	30	23		
GOCC_ENDOLYSOSOME_LUMEN	5		Rejected!	
GOCC_ENDOLYSOSOME_MEMBRANE	19		Rejected!	
GOCC_ENDONUCLEASE_COMPLEX	39	37		
GOCC_ENDOPEPTIDASE_COMPLEX	99	87		
GOCC_ENDOPLASMIC_RETICULUM_CHAPERONE_COMPLEX	11		Rejected!	
GOCC_ENDOPLASMIC_RETICULUM_EXIT_SITE	35	24		
GOCC_ENDOPLASMIC_RETICULUM_GOLGI_INTERMEDIATE_COMPARTMENT	137	126		
GOCC_ENDOPLASMIC_RETICULUM_GOLGI_INTERMEDIATE_COMPARTMENT_MEMBRANE	81	75		
GOCC_ENDOPLASMIC_RETICULUM_LUMEN	318	269		
GOCC_ENDOPLASMIC_RETICULUM_PLASMA_MEMBRANE_CONTACT_SITE	12		Rejected!	
GOCC_ENDOPLASMIC_RETICULUM_PROTEIN_CONTAINING_COMPLEX	121	101		
GOCC_ENDOPLASMIC_RETICULUM_QUALITY_CONTROL_COMPARTMENT	24	21		
GOCC_ENDOPLASMIC_RETICULUM_TUBULAR_NETWORK	30	23		
GOCC_ENDOPLASMIC_RETICULUM_TUBULAR_NETWORK_MEMBRANE	5		Rejected!	
GOCC_ENDOSOME	1087		Rejected!	
GOCC_ENDOSOME_LUMEN	40	25		
GOCC_ENDOSOME_MEMBRANE	584		Rejected!	
GOCC_ENZYME_ACTIVATOR_COMPLEX	16	16		
GOCC_EPSILON_DNA_POLYMERASE_COMPLEX	5		Rejected!	
GOCC_ER_MEMBRANE_INSERTION_COMPLEX	14		Rejected!	
GOCC_ER_TO_GOLGI_TRANSPORT_VESICLE_MEMBRANE	64	54		
GOCC_ER_UBIQUITIN_LIGASE_COMPLEX	7		Rejected!	
GOCC_ESCRT_COMPLEX	30	28		
GOCC_ESCRT_I_COMPLEX	12		Rejected!	
GOCC_ESC_E_Z_COMPLEX	16		Rejected!	
GOCC_EUCHROMATIN	63	48		
GOCC_EUKARYOTIC_48S_PREINITIATION_COMPLEX	17	16		
GOCC_EUKARYOTIC_TRANSLATION_INITIATION_FACTOR_2B_COMPLEX	5		Rejected!	
GOCC_EUKARYOTIC_TRANSLATION_INITIATION_FACTOR_2_COMPLEX	5		Rejected!	
GOCC_EUKARYOTIC_TRANSLATION_INITIATION_FACTOR_3_COMPLEX	16	15		
GOCC_EUKARYOTIC_TRANSLATION_INITIATION_FACTOR_3_COMPLEX_EIF3M	7		Rejected!	
GOCC_EUKARYOTIC_TRANSLATION_INITIATION_FACTOR_4F_COMPLEX	13		Rejected!	
GOCC_EXCITATORY_SYNAPSE	68	59		
GOCC_EXOCYST	17	15		
GOCC_EXOCYTIC_VESICLE	251	231		
GOCC_EXON_EXON_JUNCTION_COMPLEX	21	19		
GOCC_EXORIBONUCLEASE_COMPLEX	27	26		
GOCC_EXOSOME_RNASE_COMPLEX	22	21		
GOCC_EXTERNAL_ENCAPSULATING_STRUCTURE	562	454		
GOCC_EXTERNAL_SIDE_OF_APICAL_PLASMA_MEMBRANE	6		Rejected!	
GOCC_EXTERNAL_SIDE_OF_PLASMA_MEMBRANE	403	256		
GOCC_EXTRINSIC_COMPONENT_OF_CYTOPLASMIC_SIDE_OF_PLASMA_MEMBRANE	49	39		
GOCC_EXTRINSIC_COMPONENT_OF_MEMBRANE	167	138		
GOCC_EXTRINSIC_COMPONENT_OF_MITOCHONDRIAL_INNER_MEMBRANE	7		Rejected!	
GOCC_EXTRINSIC_COMPONENT_OF_ORGANELLE_MEMBRANE	28	25		
GOCC_EXTRINSIC_COMPONENT_OF_PLASMA_MEMBRANE	106	87		
GOCC_EXTRINSIC_COMPONENT_OF_POSTSYNAPTIC_MEMBRANE	13		Rejected!	
GOCC_EXTRINSIC_COMPONENT_OF_POSTSYNAPTIC_SPECIALIZATION_MEMBRANE	5		Rejected!	
GOCC_EXTRINSIC_COMPONENT_OF_PRESYNAPTIC_ENDOCYTIC_ZONE_MEMBRANE	5		Rejected!	
GOCC_EXTRINSIC_COMPONENT_OF_PRESYNAPTIC_MEMBRANE	9		Rejected!	
GOCC_EXTRINSIC_COMPONENT_OF_SYNAPTIC_MEMBRANE	20	17		
GOCC_EXTRINSIC_COMPONENT_OF_SYNAPTIC_VESICLE_MEMBRANE	15		Rejected!	
GOCC_FACIT_COLLAGEN_TRIMER	7		Rejected!	
GOCC_FANCONI_ANAEMIA_NUCLEAR_COMPLEX	13		Rejected!	
GOCC_FAR_SIN_STRIPAK_COMPLEX	17	15		
GOCC_FASCIA_ADHERENS	8		Rejected!	
GOCC_FC_RECEPTOR_COMPLEX	5		Rejected!	
GOCC_FEMALE_GERM_CELL_NUCLEUS	16		Rejected!	
GOCC_FEMALE_PRONUCLEUS	10		Rejected!	
GOCC_FHF_COMPLEX	5		Rejected!	
GOCC_FIBRILLAR_CENTER	161	152		
GOCC_FIBRILLAR_COLLAGEN_TRIMER	12		Rejected!	
GOCC_FIBRINOGEN_COMPLEX	8		Rejected!	
GOCC_FICOLIN_1_RICH_GRANULE	185	150		
GOCC_FICOLIN_1_RICH_GRANULE_LUMEN	124	109		
GOCC_FICOLIN_1_RICH_GRANULE_MEMBRANE	61	41		
GOCC_FILAMENTOUS_ACTIN	29	27		
GOCC_FILOPODIUM	105	95		
GOCC_FILOPODIUM_MEMBRANE	18	17		
GOCC_FILOPODIUM_TIP	18	18		
GOCC_FILTRATION_DIAPHRAGM	8		Rejected!	
GOCC_FLEMMING_BODY	35	31		
GOCC_FLOTILLIN_COMPLEX	9		Rejected!	
GOCC_F_ACTIN_CAPPING_PROTEIN_COMPLEX	8		Rejected!	
GOCC_GABA_ERGIC_SYNAPSE	115	102		
GOCC_GABA_RECEPTOR_COMPLEX	21	17		
GOCC_GAMMA_DELTA_T_CELL_RECEPTOR_COMPLEX	6		Rejected!	
GOCC_GAMMA_SECRETASE_COMPLEX	7		Rejected!	
GOCC_GAMMA_TUBULIN_COMPLEX	18	17		
GOCC_GAMMA_TUBULIN_RING_COMPLEX	11		Rejected!	
GOCC_GAP_JUNCTION	30	21		
GOCC_GARP_COMPLEX	5		Rejected!	
GOCC_GATOR1_COMPLEX	5		Rejected!	
GOCC_GATOR2_COMPLEX	10		Rejected!	
GOCC_GBAF_COMPLEX	14		Rejected!	
GOCC_GEMINI_OF_CAJAL_BODIES	12		Rejected!	
GOCC_GERM_CELL_NUCLEUS	72	57		
GOCC_GID_COMPLEX	5		Rejected!	
GOCC_GINS_COMPLEX	5		Rejected!	
GOCC_GLIAL_CELL_PROJECTION	48	43		
GOCC_GLUTAMATERGIC_SYNAPSE	585		Rejected!	
GOCC_GLYCINERGIC_SYNAPSE	9		Rejected!	
GOCC_GLYCOGEN_GRANULE	6		Rejected!	
GOCC_GLYCOPROTEIN_COMPLEX	23	18		
GOCC_GLYCOPROTEIN_IB_IX_V_COMPLEX	5		Rejected!	
GOCC_GLYCOSYLPHOSPHATIDYLINOSITOL_N_ACETYLGLUCOSAMINYLTRANSFERASE_GPI_GNT_COMPLEX	7		Rejected!	
GOCC_GOLGI_APPARATUS	1686		Rejected!	
GOCC_GOLGI_APPARATUS_SUBCOMPARTMENT	393	334		
GOCC_GOLGI_ASSOCIATED_VESICLE	97	87		
GOCC_GOLGI_ASSOCIATED_VESICLE_MEMBRANE	58	52		
GOCC_GOLGI_CISTERNA	116	94		
GOCC_GOLGI_CISTERNA_MEMBRANE	93	74		
GOCC_GOLGI_CIS_CISTERNA	30	20		
GOCC_GOLGI_LUMEN	107	76		
GOCC_GOLGI_MEDIAL_CISTERNA	10		Rejected!	
GOCC_GOLGI_MEMBRANE	703		Rejected!	
GOCC_GOLGI_STACK	152	126		
GOCC_GOLGI_TRANSPORT_COMPLEX	10		Rejected!	
GOCC_GOLGI_TRANS_CISTERNA	9		Rejected!	
GOCC_GPI_ANCHOR_TRANSAMIDASE_COMPLEX	5		Rejected!	
GOCC_GRANULAR_COMPONENT	7		Rejected!	
GOCC_GROWTH_CONE_MEMBRANE	8		Rejected!	
GOCC_GROWTH_FACTOR_COMPLEX	8		Rejected!	
GOCC_GTPASE_ACTIVATOR_COMPLEX	11		Rejected!	
GOCC_GTPASE_COMPLEX	41	35		
GOCC_GUANYL_NUCLEOTIDE_EXCHANGE_FACTOR_COMPLEX	27	24		
GOCC_G_PROTEIN_COUPLED_RECEPTOR_COMPLEX	11		Rejected!	
GOCC_G_PROTEIN_COUPLED_RECEPTOR_DIMERIC_COMPLEX	7		Rejected!	
GOCC_H3_HISTONE_ACETYLTRANSFERASE_COMPLEX	8		Rejected!	
GOCC_H4_H2A_HISTONE_ACETYLTRANSFERASE_COMPLEX	32	24		
GOCC_H4_HISTONE_ACETYLTRANSFERASE_COMPLEX	45	37		
GOCC_HAPTOGLOBIN_HEMOGLOBIN_COMPLEX	11		Rejected!	
GOCC_HAUS_COMPLEX	8		Rejected!	
GOCC_HEMIDESMOSOME	8		Rejected!	
GOCC_HEMOGLOBIN_COMPLEX	12		Rejected!	
GOCC_HETEROCHROMATIN	85	75		
GOCC_HFE_TRANSFERRIN_RECEPTOR_COMPLEX	8		Rejected!	
GOCC_HIGH_DENSITY_LIPOPROTEIN_PARTICLE	27	16		
GOCC_HIPPOCAMPAL_MOSSY_FIBER	6		Rejected!	
GOCC_HIPPOCAMPAL_MOSSY_FIBER_TO_CA3_SYNAPSE	46	42		
GOCC_HISTONE_DEACETYLASE_COMPLEX	83	76		
GOCC_HISTONE_METHYLTRANSFERASE_COMPLEX	72	58		
GOCC_HISTONE_PRE_MRNA_3_END_PROCESSING_COMPLEX	6		Rejected!	
GOCC_HOPS_COMPLEX	14		Rejected!	
GOCC_HOST_CELLULAR_COMPONENT	9		Rejected!	
GOCC_HULC_COMPLEX	5		Rejected!	
GOCC_IGA_IMMUNOGLOBULIN_COMPLEX	10		Rejected!	
GOCC_IGA_IMMUNOGLOBULIN_COMPLEX_CIRCULATING	5		Rejected!	
GOCC_IGD_IMMUNOGLOBULIN_COMPLEX	6		Rejected!	
GOCC_IGE_IMMUNOGLOBULIN_COMPLEX	6		Rejected!	
GOCC_IGG_IMMUNOGLOBULIN_COMPLEX	13		Rejected!	
GOCC_IGM_IMMUNOGLOBULIN_COMPLEX	10		Rejected!	
GOCC_IKAPPAB_KINASE_COMPLEX	8		Rejected!	
GOCC_IMMUNOGLOBULIN_COMPLEX	162		Rejected!	
GOCC_IMMUNOGLOBULIN_COMPLEX_CIRCULATING	12		Rejected!	
GOCC_IMMUNOLOGICAL_SYNAPSE	48	38		
GOCC_INCLUSION_BODY	75	69		
GOCC_INHIBITORY_SYNAPSE	18	16		
GOCC_INNER_ACROSOMAL_MEMBRANE	6		Rejected!	
GOCC_INNER_DYNEIN_ARM	6		Rejected!	
GOCC_INNER_KINETOCHORE	19	16		
GOCC_INNER_MITOCHONDRIAL_MEMBRANE_PROTEIN_COMPLEX	51	47		
GOCC_INO80_COMPLEX	16		Rejected!	
GOCC_INO80_TYPE_COMPLEX	27	25		
GOCC_INSULIN_LIKE_GROWTH_FACTOR_BINDING_PROTEIN_COMPLEX	5		Rejected!	
GOCC_INSULIN_RESPONSIVE_COMPARTMENT	7		Rejected!	
GOCC_INTAC_COMPLEX	17		Rejected!	
GOCC_INTEGRATOR_COMPLEX	21	17		
GOCC_INTEGRIN_COMPLEX	30	27		
GOCC_INTERCALATED_DISC	50	40		
GOCC_INTERCELLULAR_BRIDGE	103	93		
GOCC_INTERCELLULAR_CANALICULUS	6		Rejected!	
GOCC_INTERMEDIATE_DENSITY_LIPOPROTEIN_PARTICLE	5		Rejected!	
GOCC_INTERMEDIATE_FILAMENT_CYTOSKELETON	249	106		
GOCC_INTERPHASE_MICROTUBULE_ORGANIZING_CENTER	5		Rejected!	
GOCC_INTERPHOTORECEPTOR_MATRIX	6		Rejected!	
GOCC_INTERSTITIAL_MATRIX	11		Rejected!	
GOCC_INTRACELLULAR_CYCLIC_NUCLEOTIDE_ACTIVATED_CATION_CHANNEL_COMPLEX	6		Rejected!	
GOCC_INTRACELLULAR_PROTEIN_CONTAINING_COMPLEX	972		Rejected!	
GOCC_INTRACILIARY_TRANSPORT_PARTICLE	26	26		
GOCC_INTRACILIARY_TRANSPORT_PARTICLE_A	8		Rejected!	
GOCC_INTRACILIARY_TRANSPORT_PARTICLE_B	19	19		
GOCC_INWARD_RECTIFIER_POTASSIUM_CHANNEL_COMPLEX	5		Rejected!	
GOCC_IONOTROPIC_GLUTAMATE_RECEPTOR_COMPLEX	44	41		
GOCC_IRON_SULFUR_CLUSTER_ASSEMBLY_COMPLEX	19	16		
GOCC_ISWI_TYPE_COMPLEX	15		Rejected!	
GOCC_I_BAND	150	120		
GOCC_JUNCTIONAL_MEMBRANE_COMPLEX	6		Rejected!	
GOCC_JUNCTIONAL_SARCOPLASMIC_RETICULUM_MEMBRANE	10		Rejected!	
GOCC_JUXTAPARANODE_REGION_OF_AXON	12		Rejected!	
GOCC_KAINATE_SELECTIVE_GLUTAMATE_RECEPTOR_COMPLEX	5		Rejected!	
GOCC_KATANIN_COMPLEX	5		Rejected!	
GOCC_KERATIN_FILAMENT	94	23		
GOCC_KINESIN_COMPLEX	48	43		
GOCC_KINETOCHORE_MICROTUBULE	21	19		
GOCC_KINOCILIUM	12		Rejected!	
GOCC_LAMELLAR_BODY	18		Rejected!	
GOCC_LAMELLIPODIUM	202	181		
GOCC_LAMELLIPODIUM_MEMBRANE	22	22		
GOCC_LAMININ_COMPLEX	9		Rejected!	
GOCC_LAMIN_FILAMENT	5		Rejected!	
GOCC_LARGE_RIBOSOMAL_SUBUNIT	115	103		
GOCC_LATERAL_ELEMENT	15		Rejected!	
GOCC_LATERAL_PART_OF_CELL	5		Rejected!	
GOCC_LATERAL_PLASMA_MEMBRANE	66	53		
GOCC_LATE_ENDOSOME	323	278		
GOCC_LATE_ENDOSOME_LUMEN	9		Rejected!	
GOCC_LATE_ENDOSOME_MEMBRANE	179	159		
GOCC_LEADING_EDGE_MEMBRANE	185	163		
GOCC_LEWY_BODY	9		Rejected!	
GOCC_LIPID_DROPLET	107	87		
GOCC_LIPOPOLYSACCHARIDE_RECEPTOR_COMPLEX	5		Rejected!	
GOCC_LOW_DENSITY_LIPOPROTEIN_PARTICLE	16		Rejected!	
GOCC_LSM1_7_PAT1_COMPLEX	5		Rejected!	
GOCC_LSM2_8_COMPLEX	7		Rejected!	
GOCC_LUMENAL_SIDE_OF_ENDOPLASMIC_RETICULUM_MEMBRANE	35	27		
GOCC_LUMENAL_SIDE_OF_MEMBRANE	46	36		
GOCC_LYSOSOMAL_LUMEN	98	81		
GOCC_L_TYPE_VOLTAGE_GATED_CALCIUM_CHANNEL_COMPLEX	12		Rejected!	
GOCC_MAIN_AXON	70	58		
GOCC_MALE_GERM_CELL_NUCLEUS	57	47		
GOCC_MALE_PRONUCLEUS	8		Rejected!	
GOCC_MANCHETTE	25	22		
GOCC_MANNOSYLTRANSFERASE_COMPLEX	6		Rejected!	
GOCC_MATRIX_SIDE_OF_MITOCHONDRIAL_INNER_MEMBRANE	7		Rejected!	
GOCC_MCM_COMPLEX	11		Rejected!	
GOCC_MCRD_MEDIATED_MRNA_STABILITY_COMPLEX	5		Rejected!	
GOCC_MEDIATOR_COMPLEX	38	38		
GOCC_MEIOTIC_COHESIN_COMPLEX	7		Rejected!	
GOCC_MEIOTIC_SPINDLE	17		Rejected!	
GOCC_MEMBRANE_ATTACK_COMPLEX	7		Rejected!	
GOCC_MEMBRANE_COAT	96	84		
GOCC_MEMBRANE_MICRODOMAIN	294	246		
GOCC_MEMBRANE_PROTEIN_COMPLEX	1399		Rejected!	
GOCC_METHYLOSOME	13		Rejected!	
GOCC_METHYLTRANSFERASE_COMPLEX	108	92		
GOCC_MHC_CLASS_II_PROTEIN_COMPLEX	17		Rejected!	
GOCC_MHC_CLASS_I_PEPTIDE_LOADING_COMPLEX	8		Rejected!	
GOCC_MHC_CLASS_I_PROTEIN_COMPLEX	10		Rejected!	
GOCC_MHC_PROTEIN_COMPLEX	26	19		
GOCC_MIB_COMPLEX	13		Rejected!	
GOCC_MICOS_COMPLEX	9		Rejected!	
GOCC_MICROBODY	151	136		
GOCC_MICROBODY_LUMEN	51	44		
GOCC_MICROBODY_MEMBRANE	65	62		
GOCC_MICROFIBRIL	13		Rejected!	
GOCC_MICROTUBULE	490	439		
GOCC_MICROTUBULE_ASSOCIATED_COMPLEX	157	147		
GOCC_MICROTUBULE_BUNDLE	6		Rejected!	
GOCC_MICROTUBULE_CYTOSKELETON	1525		Rejected!	
GOCC_MICROTUBULE_END	36	34		
GOCC_MICROTUBULE_MINUS_END	7		Rejected!	
GOCC_MICROTUBULE_ORGANIZING_CENTER	974		Rejected!	
GOCC_MICROTUBULE_ORGANIZING_CENTER_ATTACHMENT_SITE	11		Rejected!	
GOCC_MICROTUBULE_PLUS_END	26	25		
GOCC_MICROVESICLE	11		Rejected!	
GOCC_MICROVILLUS	97	76		
GOCC_MICROVILLUS_MEMBRANE	33	28		
GOCC_MIDBODY	209	191		
GOCC_MIGRASOME	6		Rejected!	
GOCC_MISMATCH_REPAIR_COMPLEX	11		Rejected!	
GOCC_MITOCHONDRIAL_2FE_2S_ASSEMBLY_COMPLEX	5		Rejected!	
GOCC_MITOCHONDRIAL_CRISTA	8		Rejected!	
GOCC_MITOCHONDRIAL_CRISTA_JUNCTION	8		Rejected!	
GOCC_MITOCHONDRIAL_ENVELOPE	836		Rejected!	
GOCC_MITOCHONDRIAL_INTERMEMBRANE_SPACE_PROTEIN_TRANSPORTER_COMPLEX	6		Rejected!	
GOCC_MITOCHONDRIAL_LARGE_RIBOSOMAL_SUBUNIT	55	53		
GOCC_MITOCHONDRIAL_MATRIX	525	478		
GOCC_MITOCHONDRIAL_PERMEABILITY_TRANSITION_PORE_COMPLEX	7		Rejected!	
GOCC_MITOCHONDRIAL_PROTEIN_CONTAINING_COMPLEX	177	165		
GOCC_MITOCHONDRIAL_SMALL_RIBOSOMAL_SUBUNIT	32	30		
GOCC_MITOCHONDRIA_ASSOCIATED_ENDOPLASMIC_RETICULUM_MEMBRANE_CONTACT_SITE	25	23		
GOCC_MITOCHONDRION	1852		Rejected!	
GOCC_MITOTIC_COHESIN_COMPLEX	7		Rejected!	
GOCC_MITOTIC_SPINDLE	194	177		
GOCC_MITOTIC_SPINDLE_ASTRAL_MICROTUBULE	8		Rejected!	
GOCC_MITOTIC_SPINDLE_MICROTUBULE	16	15		
GOCC_MITOTIC_SPINDLE_MIDZONE	14		Rejected!	
GOCC_MITOTIC_SPINDLE_POLE	39	35		
GOCC_MKS_COMPLEX	13		Rejected!	
GOCC_MLL1_2_COMPLEX	32	25		
GOCC_MLL3_4_COMPLEX	12		Rejected!	
GOCC_MMXD_COMPLEX	5		Rejected!	
GOCC_MON1_CCZ1_COMPLEX	5		Rejected!	
GOCC_MONOATOMIC_ION_CHANNEL_COMPLEX	368	301		
GOCC_MOTILE_CILIUM	336	265		
GOCC_MPP7_DLG1_LIN7_COMPLEX	5		Rejected!	
GOCC_MRE11_COMPLEX	5		Rejected!	
GOCC_MRNA_CLEAVAGE_AND_POLYADENYLATION_SPECIFICITY_FACTOR_COMPLEX	24	17		
GOCC_MRNA_CLEAVAGE_FACTOR_COMPLEX	29	22		
GOCC_MRNA_EDITING_COMPLEX	7		Rejected!	
GOCC_MSL_COMPLEX	5		Rejected!	
GOCC_MULTIMERIC_RIBONUCLEASE_P_COMPLEX	10		Rejected!	
GOCC_MULTIVESICULAR_BODY	68	55		
GOCC_MULTIVESICULAR_BODY_INTERNAL_VESICLE	6		Rejected!	
GOCC_MULTIVESICULAR_BODY_LUMEN	7		Rejected!	
GOCC_MULTIVESICULAR_BODY_MEMBRANE	29	26		
GOCC_MULTI_PASS_TRANSLOCON_COMPLEX	9		Rejected!	
GOCC_MUSCLE_MYOSIN_COMPLEX	15		Rejected!	
GOCC_MYELIN_SHEATH	47	42		
GOCC_MYELIN_SHEATH_ABAXONAL_REGION	5		Rejected!	
GOCC_MYELIN_SHEATH_ADAXONAL_REGION	5		Rejected!	
GOCC_MYOFILAMENT	26	16		
GOCC_MYOSIN_COMPLEX	57	39		
GOCC_MYOSIN_FILAMENT	24		Rejected!	
GOCC_MYOSIN_II_COMPLEX	27	16		
GOCC_M_BAND	29	23		
GOCC_NADH_DEHYDROGENASE_COMPLEX	48	44		
GOCC_NADPH_OXIDASE_COMPLEX	18		Rejected!	
GOCC_NASCENT_POLYPEPTIDE_ASSOCIATED_COMPLEX	5		Rejected!	
GOCC_NATA_COMPLEX	5		Rejected!	
GOCC_NBAF_COMPLEX	16		Rejected!	
GOCC_NETWORK_FORMING_COLLAGEN_TRIMER	9		Rejected!	
GOCC_NEUROFIBRILLARY_TANGLE	5		Rejected!	
GOCC_NEUROFILAMENT	11		Rejected!	
GOCC_NEUROMUSCULAR_JUNCTION	81	72		
GOCC_NEURONAL_DENSE_CORE_VESICLE	32	27		
GOCC_NEURONAL_DENSE_CORE_VESICLE_MEMBRANE	5		Rejected!	
GOCC_NEURONAL_RIBONUCLEOPROTEIN_GRANULE	6		Rejected!	
GOCC_NEURON_PROJECTION	1353		Rejected!	
GOCC_NEURON_PROJECTION_CYTOPLASM	90	82		
GOCC_NEURON_PROJECTION_MEMBRANE	65	58		
GOCC_NEURON_PROJECTION_TERMINUS	131	116		
GOCC_NEURON_SPINE	169	151		
GOCC_NEURON_TO_NEURON_SYNAPSE	401	352		
GOCC_NEUROTRANSMITTER_RECEPTOR_COMPLEX	58	50		
GOCC_NF_KAPPAB_COMPLEX	5		Rejected!	
GOCC_NLRP1_INFLAMMASOME_COMPLEX	6		Rejected!	
GOCC_NLRP3_INFLAMMASOME_COMPLEX	8		Rejected!	
GOCC_NLS_DEPENDENT_PROTEIN_NUCLEAR_IMPORT_COMPLEX	10		Rejected!	
GOCC_NMDA_SELECTIVE_GLUTAMATE_RECEPTOR_COMPLEX	9		Rejected!	
GOCC_NODE_OF_RANVIER	20	15		
GOCC_NONHOMOLOGOUS_END_JOINING_COMPLEX	9		Rejected!	
GOCC_NON_MOTILE_CILIUM	172	135		
GOCC_NPBAF_COMPLEX	14		Rejected!	
GOCC_NSL_COMPLEX	11		Rejected!	
GOCC_NUCLEAR_BODY	911		Rejected!	
GOCC_NUCLEAR_CHROMOSOME	238	197		
GOCC_NUCLEAR_CYCLIN_DEPENDENT_PROTEIN_KINASE_HOLOENZYME_COMPLEX	27	22		
GOCC_NUCLEAR_ENVELOPE	517	454		
GOCC_NUCLEAR_ENVELOPE_LUMEN	11		Rejected!	
GOCC_NUCLEAR_EXOSOME_RNASE_COMPLEX	16	16		
GOCC_NUCLEAR_INCLUSION_BODY	12		Rejected!	
GOCC_NUCLEAR_INNER_MEMBRANE	56	45		
GOCC_NUCLEAR_LAMINA	15		Rejected!	
GOCC_NUCLEAR_MATRIX	130	112		
GOCC_NUCLEAR_MEMBRANE	325	280		
GOCC_NUCLEAR_OUTER_MEMBRANE	33	29		
GOCC_NUCLEAR_OUTER_MEMBRANE_ENDOPLASMIC_RETICULUM_MEMBRANE_NETWORK	1275		Rejected!	
GOCC_NUCLEAR_PERIPHERY	31	27		
GOCC_NUCLEAR_PORE	96	86		
GOCC_NUCLEAR_PORE_CENTRAL_TRANSPORT_CHANNEL	6		Rejected!	
GOCC_NUCLEAR_PORE_NUCLEAR_BASKET	13		Rejected!	
GOCC_NUCLEAR_PORE_OUTER_RING	10		Rejected!	
GOCC_NUCLEAR_PROTEIN_CONTAINING_COMPLEX	1320		Rejected!	
GOCC_NUCLEAR_REPLICATION_FORK	41	39		
GOCC_NUCLEAR_RNA_EXPORT_FACTOR_COMPLEX	7		Rejected!	
GOCC_NUCLEAR_SPECK	431	384		
GOCC_NUCLEAR_STRESS_GRANULE	8		Rejected!	
GOCC_NUCLEAR_UBIQUITIN_LIGASE_COMPLEX	47	42		
GOCC_NUCLEOCYTOPLASMIC_TRANSPORT_COMPLEX	12		Rejected!	
GOCC_NUCLEOID	49	47		
GOCC_NUCLEOLAR_EXOSOME_RNASE_COMPLEX	10		Rejected!	
GOCC_NUCLEOLAR_RIBONUCLEASE_P_COMPLEX	7		Rejected!	
GOCC_NUCLEOLUS	1509		Rejected!	
GOCC_NUCLEOSOME	135	81		
GOCC_NUCLEOTIDE_ACTIVATED_PROTEIN_KINASE_COMPLEX	11		Rejected!	
GOCC_NUCLEOTIDE_EXCISION_REPAIR_COMPLEX	12		Rejected!	
GOCC_NURD_COMPLEX	16	15		
GOCC_NURF_COMPLEX	7		Rejected!	
GOCC_N_TERMINAL_PROTEIN_ACETYLTRANSFERASE_COMPLEX	10		Rejected!	
GOCC_OLIGOSACCHARYLTRANSFERASE_COMPLEX	14		Rejected!	
GOCC_OLIGOSACCHARYLTRANSFERASE_COMPLEX_A	8		Rejected!	
GOCC_OLIGOSACCHARYLTRANSFERASE_COMPLEX_B	8		Rejected!	
GOCC_OMEGASOME	5		Rejected!	
GOCC_OOPLASM	7		Rejected!	
GOCC_ORGANELLAR_RIBOSOME	87	83		
GOCC_ORGANELLE_ENVELOPE	1321		Rejected!	
GOCC_ORGANELLE_ENVELOPE_LUMEN	100	88		
GOCC_ORGANELLE_INNER_MEMBRANE	565		Rejected!	
GOCC_ORGANELLE_MEMBRANE_CONTACT_SITE	56	52		
GOCC_ORGANELLE_SUBCOMPARTMENT	1581		Rejected!	
GOCC_ORIGIN_RECOGNITION_COMPLEX	8		Rejected!	
GOCC_OTHER_ORGANISM_PART	5		Rejected!	
GOCC_OUTER_DENSE_FIBER	8		Rejected!	
GOCC_OUTER_DYNEIN_ARM	11		Rejected!	
GOCC_OUTER_KINETOCHORE	20	20		
GOCC_OUTER_MEMBRANE	262	239		
GOCC_OUTER_MITOCHONDRIAL_MEMBRANE_PROTEIN_COMPLEX	23	20		
GOCC_OXIDOREDUCTASE_COMPLEX	154	128		
GOCC_OXOGLUTARATE_DEHYDROGENASE_COMPLEX	9		Rejected!	
GOCC_PALMITOYLTRANSFERASE_COMPLEX	11		Rejected!	
GOCC_PAM_COMPLEX_TIM23_ASSOCIATED_IMPORT_MOTOR	5		Rejected!	
GOCC_PARALLEL_FIBER_TO_PURKINJE_CELL_SYNAPSE	24	19		
GOCC_PARANODAL_JUNCTION	9		Rejected!	
GOCC_PARANODE_REGION_OF_AXON	10		Rejected!	
GOCC_PARASPECKLES	10		Rejected!	
GOCC_PAR_POLARITY_COMPLEX	6		Rejected!	
GOCC_PCG_PROTEIN_COMPLEX	49	40		
GOCC_PEPTIDASE_COMPLEX	130	115		
GOCC_PEPTIDASE_INHIBITOR_COMPLEX	11		Rejected!	
GOCC_PERICENTRIC_HETEROCHROMATIN	30	27		
GOCC_PERICENTRIOLAR_MATERIAL	23	19		
GOCC_PERICHROMATIN_FIBRILS	5		Rejected!	
GOCC_PERICILIARY_MEMBRANE_COMPARTMENT	6		Rejected!	
GOCC_PERIKARYON	153	136		
GOCC_PERINEURONAL_NET	10		Rejected!	
GOCC_PERINUCLEAR_ENDOPLASMIC_RETICULUM	23	20		
GOCC_PERINUCLEAR_REGION_OF_CYTOPLASM	736		Rejected!	
GOCC_PERINUCLEAR_THECA	5		Rejected!	
GOCC_PERINUCLEOLAR_COMPARTMENT	5		Rejected!	
GOCC_PHAGOCYTIC_CUP	30	24		
GOCC_PHAGOCYTIC_VESICLE	148	129		
GOCC_PHAGOCYTIC_VESICLE_LUMEN	5		Rejected!	
GOCC_PHAGOCYTIC_VESICLE_MEMBRANE	82	73		
GOCC_PHAGOLYSOSOME	8		Rejected!	
GOCC_PHAGOPHORE_ASSEMBLY_SITE	39	36		
GOCC_PHAGOPHORE_ASSEMBLY_SITE_MEMBRANE	22	21		
GOCC_PHOSPHATASE_COMPLEX	56	50		
GOCC_PHOSPHATIDYLINOSITOL_3_KINASE_COMPLEX	16		Rejected!	
GOCC_PHOSPHATIDYLINOSITOL_3_KINASE_COMPLEX_CLASS_I	9		Rejected!	
GOCC_PHOSPHATIDYLINOSITOL_3_KINASE_COMPLEX_CLASS_III	7		Rejected!	
GOCC_PHOSPHOLIPID_TRANSLOCATING_ATPASE_COMPLEX	14		Rejected!	
GOCC_PHOSPHORYLASE_KINASE_COMPLEX	5		Rejected!	
GOCC_PHOTORECEPTOR_CONNECTING_CILIUM	44	41		
GOCC_PHOTORECEPTOR_DISC_MEMBRANE	25	15		
GOCC_PHOTORECEPTOR_INNER_SEGMENT	69	51		
GOCC_PHOTORECEPTOR_OUTER_SEGMENT	95	68		
GOCC_PHOTORECEPTOR_OUTER_SEGMENT_MEMBRANE	16		Rejected!	
GOCC_PHOTORECEPTOR_RIBBON_SYNAPSE	8		Rejected!	
GOCC_PICLN_SM_PROTEIN_COMPLEX	6		Rejected!	
GOCC_PIGMENT_GRANULE	112	100		
GOCC_PINOSOME	9		Rejected!	
GOCC_PIP_BODY	6		Rejected!	
GOCC_PI_BODY	10		Rejected!	
GOCC_PLASMA_MEMBRANE_PROTEIN_COMPLEX	731	481		
GOCC_PLASMA_MEMBRANE_RAFT	116	94		
GOCC_PLASMA_MEMBRANE_REGION	1334		Rejected!	
GOCC_PLASMA_MEMBRANE_SIGNALING_RECEPTOR_COMPLEX	319	148		
GOCC_PLATELET_ALPHA_GRANULE	91	73		
GOCC_PLATELET_ALPHA_GRANULE_LUMEN	67	53		
GOCC_PLATELET_ALPHA_GRANULE_MEMBRANE	17	16		
GOCC_PLATELET_DENSE_GRANULE	21	18		
GOCC_PLATELET_DENSE_GRANULE_LUMEN	14		Rejected!	
GOCC_PLATELET_DENSE_GRANULE_MEMBRANE	6		Rejected!	
GOCC_PLATELET_DENSE_TUBULAR_NETWORK	11		Rejected!	
GOCC_PLATELET_DENSE_TUBULAR_NETWORK_MEMBRANE	9		Rejected!	
GOCC_PML_BODY	110	95		
GOCC_PODOSOME	42	38		
GOCC_POLAR_MICROTUBULE	5		Rejected!	
GOCC_POLE_PLASM	28	18		
GOCC_POLYMERIC_CYTOSKELETAL_FIBER	815		Rejected!	
GOCC_PORE_COMPLEX	26	24		
GOCC_POSTSYNAPSE	776		Rejected!	
GOCC_POSTSYNAPTIC_ACTIN_CYTOSKELETON	10		Rejected!	
GOCC_POSTSYNAPTIC_CYTOSKELETON	15		Rejected!	
GOCC_POSTSYNAPTIC_CYTOSOL	29	25		
GOCC_POSTSYNAPTIC_DENSITY_INTRACELLULAR_COMPONENT	18	16		
GOCC_POSTSYNAPTIC_DENSITY_MEMBRANE	121	109		
GOCC_POSTSYNAPTIC_EARLY_ENDOSOME	5		Rejected!	
GOCC_POSTSYNAPTIC_ENDOCYTIC_ZONE	9		Rejected!	
GOCC_POSTSYNAPTIC_ENDOSOME	21	21		
GOCC_POSTSYNAPTIC_ENDOSOME_MEMBRANE	9		Rejected!	
GOCC_POSTSYNAPTIC_MEMBRANE	318	277		
GOCC_POSTSYNAPTIC_RECYCLING_ENDOSOME	11		Rejected!	
GOCC_POSTSYNAPTIC_RECYCLING_ENDOSOME_MEMBRANE	6		Rejected!	
GOCC_POSTSYNAPTIC_SPECIALIZATION	386	340		
GOCC_POSTSYNAPTIC_SPECIALIZATION_INTRACELLULAR_COMPONENT	23	20		
GOCC_POSTSYNAPTIC_SPECIALIZATION_MEMBRANE	150	134		
GOCC_POST_MRNA_RELEASE_SPLICEOSOMAL_COMPLEX	11		Rejected!	
GOCC_POTASSIUM_CHANNEL_COMPLEX	101	83		
GOCC_PRC1_COMPLEX	18	16		
GOCC_PRECATALYTIC_SPLICEOSOME	52	48		
GOCC_PREFOLDIN_COMPLEX	7		Rejected!	
GOCC_PRERIBOSOME	105	99		
GOCC_PRERIBOSOME_LARGE_SUBUNIT_PRECURSOR	17	17		
GOCC_PRERIBOSOME_SMALL_SUBUNIT_PRECURSOR	14		Rejected!	
GOCC_PRESPLICEOSOME	18	17		
GOCC_PRESYNAPSE	642		Rejected!	
GOCC_PRESYNAPTIC_ACTIVE_ZONE	81	73		
GOCC_PRESYNAPTIC_ACTIVE_ZONE_CYTOPLASMIC_COMPONENT	14		Rejected!	
GOCC_PRESYNAPTIC_ACTIVE_ZONE_MEMBRANE	32	29		
GOCC_PRESYNAPTIC_CYTOSOL	28	24		
GOCC_PRESYNAPTIC_ENDOCYTIC_ZONE	8		Rejected!	
GOCC_PRESYNAPTIC_ENDOSOME	10		Rejected!	
GOCC_PRESYNAPTIC_MEMBRANE	177	154		
GOCC_PRE_SNORNP_COMPLEX	7		Rejected!	
GOCC_PROCENTRIOLE_REPLICATION_COMPLEX	6		Rejected!	
GOCC_PRONUCLEUS	17		Rejected!	
GOCC_PROTEASE_INHIBITOR_COMPLEX	8		Rejected!	
GOCC_PROTEASOME_ACCESSORY_COMPLEX	25	25		
GOCC_PROTEASOME_COMPLEX	65	58		
GOCC_PROTEASOME_CORE_COMPLEX	20	16		
GOCC_PROTEASOME_CORE_COMPLEX_ALPHA_SUBUNIT_COMPLEX	8		Rejected!	
GOCC_PROTEASOME_CORE_COMPLEX_BETA_SUBUNIT_COMPLEX	11		Rejected!	
GOCC_PROTEASOME_REGULATORY_PARTICLE_BASE_SUBCOMPLEX	12		Rejected!	
GOCC_PROTEASOME_REGULATORY_PARTICLE_LID_SUBCOMPLEX	8		Rejected!	
GOCC_PROTEIN_COMPLEX_INVOLVED_IN_CELL_ADHESION	57	50		
GOCC_PROTEIN_COMPLEX_INVOLVED_IN_CELL_CELL_ADHESION	6		Rejected!	
GOCC_PROTEIN_COMPLEX_INVOLVED_IN_CELL_MATRIX_ADHESION	17	15		
GOCC_PROTEIN_DNA_COMPLEX	241	173		
GOCC_PROTEIN_FOLDING_CHAPERONE_COMPLEX	42	36		
GOCC_PROTEIN_KINASE_COMPLEX	159	135		
GOCC_PROTEIN_LIPID_COMPLEX	40	25		
GOCC_PROTEIN_PHOSPHATASE_4_COMPLEX	6		Rejected!	
GOCC_PROTEIN_PHOSPHATASE_TYPE_1_COMPLEX	20	19		
GOCC_PROTEIN_PHOSPHATASE_TYPE_2A_COMPLEX	18	16		
GOCC_PROTON_TRANSPORTING_ATP_SYNTHASE_COMPLEX	22	20		
GOCC_PROTON_TRANSPORTING_TWO_SECTOR_ATPASE_COMPLEX	51	47		
GOCC_PROTON_TRANSPORTING_TWO_SECTOR_ATPASE_COMPLEX_CATALYTIC_DOMAIN	13		Rejected!	
GOCC_PROTON_TRANSPORTING_TWO_SECTOR_ATPASE_COMPLEX_PROTON_TRANSPORTING_DOMAIN	15	15		
GOCC_PROTON_TRANSPORTING_V_TYPE_ATPASE_COMPLEX	28	26		
GOCC_PROTON_TRANSPORTING_V_TYPE_ATPASE_V0_DOMAIN	12		Rejected!	
GOCC_PROXIMAL_DENDRITE	8		Rejected!	
GOCC_PRP19_COMPLEX	14		Rejected!	
GOCC_PSEUDOPODIUM	17		Rejected!	
GOCC_PTW_PP1_PHOSPHATASE_COMPLEX	7		Rejected!	
GOCC_PWP2P_CONTAINING_SUBCOMPLEX_OF_90S_PRERIBOSOME	5		Rejected!	
GOCC_PYRUVATE_DEHYDROGENASE_COMPLEX	8		Rejected!	
GOCC_P_BODY	100	89		
GOCC_R2TP_COMPLEX	5		Rejected!	
GOCC_RADIAL_SPOKE	16		Rejected!	
GOCC_RADIAL_SPOKE_HEAD	5		Rejected!	
GOCC_RAGULATOR_COMPLEX	6		Rejected!	
GOCC_RB_E2F_COMPLEX	5		Rejected!	
GOCC_RDNA_HETEROCHROMATIN	5		Rejected!	
GOCC_RECEPTOR_COMPLEX	538	321		
GOCC_RECYCLING_ENDOSOME	212	189		
GOCC_RECYCLING_ENDOSOME_MEMBRANE	109	99		
GOCC_REPLICATION_FORK	74	70		
GOCC_REPLISOME	24	24		
GOCC_RESPIRATORY_CHAIN_COMPLEX	115	98		
GOCC_RESPIRATORY_CHAIN_COMPLEX_III	13		Rejected!	
GOCC_RESPIRATORY_CHAIN_COMPLEX_IV	25	19		
GOCC_RETROMER_COMPLEX	21	20		
GOCC_RIBBON_SYNAPSE	14		Rejected!	
GOCC_RIBONUCLEASE_MRP_COMPLEX	9		Rejected!	
GOCC_RIBONUCLEASE_P_COMPLEX	14		Rejected!	
GOCC_RIBONUCLEOPROTEIN_COMPLEX	1132		Rejected!	
GOCC_RIBONUCLEOPROTEIN_GRANULE	281	244		
GOCC_RIBOSOMAL_SUBUNIT	187	171		
GOCC_RIBOSOME	237	215		
GOCC_RIPOPTOSOME	6		Rejected!	
GOCC_RISC_LOADING_COMPLEX	8		Rejected!	
GOCC_RNAI_EFFECTOR_COMPLEX	413		Rejected!	
GOCC_RNA_CAP_BINDING_COMPLEX	17	15		
GOCC_RNA_N6_METHYLADENOSINE_METHYLTRANSFERASE_COMPLEX	9		Rejected!	
GOCC_RNA_POLYMERASE_COMPLEX	118	95		
GOCC_RNA_POLYMERASE_III_COMPLEX	18	17		
GOCC_RNA_POLYMERASE_III_TRANSCRIPTION_REGULATOR_COMPLEX	9		Rejected!	
GOCC_RNA_POLYMERASE_II_CORE_COMPLEX	17	16		
GOCC_RNA_POLYMERASE_II_HOLOENZYME	88	67		
GOCC_RNA_POLYMERASE_II_TRANSCRIPTION_REGULATOR_COMPLEX	255	206		
GOCC_RNA_POLYMERASE_II_TRANSCRIPTION_REPRESSOR_COMPLEX	15		Rejected!	
GOCC_RNA_POLYMERASE_I_COMPLEX	13		Rejected!	
GOCC_RNA_POLYMERASE_I_TRANSCRIPTION_REGULATOR_COMPLEX	6		Rejected!	
GOCC_RNA_POLYMERASE_TRANSCRIPTION_FACTOR_SL1_COMPLEX	5		Rejected!	
GOCC_ROD_PHOTORECEPTOR_OUTER_SEGMENT	9		Rejected!	
GOCC_ROUGH_ENDOPLASMIC_RETICULUM	60	55		
GOCC_ROUGH_ENDOPLASMIC_RETICULUM_MEMBRANE	27	25		
GOCC_RPAP3_R2TP_PREFOLDIN_LIKE_COMPLEX	12		Rejected!	
GOCC_RSC_TYPE_COMPLEX	15		Rejected!	
GOCC_RUFFLE	189	166		
GOCC_RUFFLE_MEMBRANE	101	87		
GOCC_SAGA_COMPLEX	27	24		
GOCC_SAGA_TYPE_COMPLEX	40	37		
GOCC_SARCOLEMMA	139	124		
GOCC_SARCOPLASM	99	81		
GOCC_SARCOPLASMIC_RETICULUM	78	63		
GOCC_SARCOPLASMIC_RETICULUM_LUMEN	10		Rejected!	
GOCC_SARCOPLASMIC_RETICULUM_MEMBRANE	44	31		
GOCC_SCAR_COMPLEX	11		Rejected!	
GOCC_SCF_UBIQUITIN_LIGASE_COMPLEX	65	58		
GOCC_SCHAFFER_COLLATERAL_CA1_SYNAPSE	99	86		
GOCC_SCHMIDT_LANTERMAN_INCISURE	12		Rejected!	
GOCC_SECONDARY_LYSOSOME	26	21		
GOCC_SECRETORY_GRANULE	917		Rejected!	
GOCC_SECRETORY_GRANULE_MEMBRANE	324	245		
GOCC_SECRETORY_VESICLE	1104		Rejected!	
GOCC_SEH1_ASSOCIATED_COMPLEX	14		Rejected!	
GOCC_SEMAPHORIN_RECEPTOR_COMPLEX	14		Rejected!	
GOCC_SEPTIN_CYTOSKELETON	15		Rejected!	
GOCC_SERINE_PALMITOYLTRANSFERASE_COMPLEX	8		Rejected!	
GOCC_SERINE_PROTEASE_INHIBITOR_COMPLEX	6		Rejected!	
GOCC_SERINE_TYPE_PEPTIDASE_COMPLEX	21	17		
GOCC_SEROTONIN_RECEPTOR_COMPLEX	5		Rejected!	
GOCC_SET1C_COMPASS_COMPLEX	15		Rejected!	
GOCC_SEX_CHROMATIN	7		Rejected!	
GOCC_SEX_CHROMOSOME	37	29		
GOCC_SHELTERIN_COMPLEX	7		Rejected!	
GOCC_SIDE_OF_MEMBRANE	746		Rejected!	
GOCC_SIGNAL_PEPTIDASE_COMPLEX	6		Rejected!	
GOCC_SIGNAL_RECOGNITION_PARTICLE	14		Rejected!	
GOCC_SIN3_TYPE_COMPLEX	22	19		
GOCC_SITE_OF_DNA_DAMAGE	133	121		
GOCC_SITE_OF_DOUBLE_STRAND_BREAK	99	90		
GOCC_SITE_OF_POLARIZED_GROWTH	176	163		
GOCC_SMAD_PROTEIN_COMPLEX	9		Rejected!	
GOCC_SMALL_NUCLEAR_RIBONUCLEOPROTEIN_COMPLEX	105	72		
GOCC_SMALL_RIBOSOMAL_SUBUNIT	75	71		
GOCC_SMALL_SUBUNIT_PROCESSOME	73	70		
GOCC_SMC5_SMC6_COMPLEX	9		Rejected!	
GOCC_SMN_COMPLEX	11		Rejected!	
GOCC_SMN_SM_PROTEIN_COMPLEX	19	16		
GOCC_SMOOTH_ENDOPLASMIC_RETICULUM	29	20		
GOCC_SMOOTH_ENDOPLASMIC_RETICULUM_MEMBRANE	10		Rejected!	
GOCC_SM_LIKE_PROTEIN_FAMILY_COMPLEX	117	82		
GOCC_SNARE_COMPLEX	49	43		
GOCC_SNO_S_RNA_CONTAINING_RIBONUCLEOPROTEIN_COMPLEX	28	22		
GOCC_SODIUM_CHANNEL_COMPLEX	24	21		
GOCC_SODIUM_POTASSIUM_EXCHANGING_ATPASE_COMPLEX	12		Rejected!	
GOCC_SOMATODENDRITIC_COMPARTMENT	850		Rejected!	
GOCC_SORTING_ENDOSOME	6		Rejected!	
GOCC_SPECIALIZED_EXTRACELLULAR_MATRIX	22	17		
GOCC_SPECIFIC_GRANULE	160	123		
GOCC_SPECIFIC_GRANULE_LUMEN	62	49		
GOCC_SPECIFIC_GRANULE_MEMBRANE	91	67		
GOCC_SPECTRIN	9		Rejected!	
GOCC_SPECTRIN_ASSOCIATED_CYTOSKELETON	9		Rejected!	
GOCC_SPERMATOPROTEASOME_COMPLEX	5		Rejected!	
GOCC_SPERM_ANNULUS	10		Rejected!	
GOCC_SPERM_FIBROUS_SHEATH	9		Rejected!	
GOCC_SPERM_HEAD	24		Rejected!	
GOCC_SPERM_HEAD_PLASMA_MEMBRANE	6		Rejected!	
GOCC_SPERM_HEAD_TAIL_COUPLING_APPARATUS	17		Rejected!	
GOCC_SPERM_MIDPIECE	59	41		
GOCC_SPERM_MITOCHONDRIAL_SHEATH	6		Rejected!	
GOCC_SPERM_PLASMA_MEMBRANE	15		Rejected!	
GOCC_SPERM_PRINCIPAL_PIECE	36	27		
GOCC_SPHERICAL_HIGH_DENSITY_LIPOPROTEIN_PARTICLE	8		Rejected!	
GOCC_SPINDLE	449	400		
GOCC_SPINDLE_MICROTUBULE	83	79		
GOCC_SPINDLE_MIDZONE	38	35		
GOCC_SPINDLE_POLE	182	163		
GOCC_SPINDLE_POLE_CENTROSOME	15	15		
GOCC_SPLICEOSOMAL_COMPLEX	206	175		
GOCC_SPLICEOSOMAL_TRI_SNRNP_COMPLEX	48	35		
GOCC_STEREOCILIA_ANKLE_LINK_COMPLEX	6		Rejected!	
GOCC_STEREOCILIA_COUPLING_LINK	8		Rejected!	
GOCC_STEREOCILIUM_BASE	7		Rejected!	
GOCC_STEREOCILIUM_BUNDLE	72	59		
GOCC_STEREOCILIUM_MEMBRANE	7		Rejected!	
GOCC_STEREOCILIUM_TIP	21	15		
GOCC_STRIATED_MUSCLE_THIN_FILAMENT	22		Rejected!	
GOCC_SULFURTRANSFERASE_COMPLEX	7		Rejected!	
GOCC_SUMO_LIGASE_COMPLEX	13		Rejected!	
GOCC_SUPER_ELONGATION_COMPLEX	6		Rejected!	
GOCC_SUPRAMOLECULAR_COMPLEX	1453		Rejected!	
GOCC_SUPRAMOLECULAR_POLYMER	1076		Rejected!	
GOCC_SWI_SNF_COMPLEX	30	25		
GOCC_SWI_SNF_SUPERFAMILY_TYPE_COMPLEX	95	84		
GOCC_SWR1_COMPLEX	13		Rejected!	
GOCC_SYMMETRIC_SYNAPSE	10		Rejected!	
GOCC_SYNAPSE	1680		Rejected!	
GOCC_SYNAPSE_ASSOCIATED_EXTRACELLULAR_MATRIX	12		Rejected!	
GOCC_SYNAPTIC_CLEFT	25	20		
GOCC_SYNAPTIC_MEMBRANE	448	395		
GOCC_SYNAPTIC_VESICLE_MEMBRANE	143	130		
GOCC_SYNAPTONEMAL_STRUCTURE	41	23		
GOCC_TELOMERASE_HOLOENZYME_COMPLEX	22	21		
GOCC_TERMINAL_BOUTON	45	38		
GOCC_TERTIARY_GRANULE	164	124		
GOCC_TERTIARY_GRANULE_LUMEN	55	46		
GOCC_TERTIARY_GRANULE_MEMBRANE	73	49		
GOCC_TETRASPANIN_ENRICHED_MICRODOMAIN	10		Rejected!	
GOCC_THO_COMPLEX	6		Rejected!	
GOCC_TIGHT_JUNCTION	136	110		
GOCC_TIM22_MITOCHONDRIAL_IMPORT_INNER_MEMBRANE_INSERTION_COMPLEX	7		Rejected!	
GOCC_TIM23_MITOCHONDRIAL_IMPORT_INNER_MEMBRANE_TRANSLOCASE_COMPLEX	16	15		
GOCC_TOM_COMPLEX	7		Rejected!	
GOCC_TORC1_COMPLEX	6		Rejected!	
GOCC_TORC2_COMPLEX	9		Rejected!	
GOCC_TOR_COMPLEX	12		Rejected!	
GOCC_TRAMP_COMPLEX	5		Rejected!	
GOCC_TRANSCRIPTION_ELONGATION_FACTOR_COMPLEX	52	46		
GOCC_TRANSCRIPTION_EXPORT_COMPLEX	12		Rejected!	
GOCC_TRANSCRIPTION_EXPORT_COMPLEX_2	5		Rejected!	
GOCC_TRANSCRIPTION_FACTOR_AP_1_COMPLEX	6		Rejected!	
GOCC_TRANSCRIPTION_FACTOR_TFIIA_COMPLEX	5		Rejected!	
GOCC_TRANSCRIPTION_FACTOR_TFIID_COMPLEX	46	32		
GOCC_TRANSCRIPTION_FACTOR_TFIIH_HOLO_COMPLEX	13		Rejected!	
GOCC_TRANSCRIPTION_FACTOR_TFIIIC_COMPLEX	6		Rejected!	
GOCC_TRANSCRIPTION_FACTOR_TFTC_COMPLEX	18	17		
GOCC_TRANSCRIPTION_PREINITIATION_COMPLEX	13		Rejected!	
GOCC_TRANSCRIPTION_REGULATOR_COMPLEX	523	434		
GOCC_TRANSCRIPTION_REPRESSOR_COMPLEX	81	67		
GOCC_TRANSFERASE_COMPLEX	941		Rejected!	
GOCC_TRANSFERASE_COMPLEX_TRANSFERRING_PHOSPHORUS_CONTAINING_GROUPS	310	256		
GOCC_TRANSLOCON_COMPLEX	6		Rejected!	
GOCC_TRANSPORTER_COMPLEX	533	444		
GOCC_TRANSPORT_VESICLE	449	399		
GOCC_TRANSPORT_VESICLE_MEMBRANE	256	224		
GOCC_TRANS_GOLGI_NETWORK	270	232		
GOCC_TRANS_GOLGI_NETWORK_MEMBRANE	111	92		
GOCC_TRANS_GOLGI_NETWORK_TRANSPORT_VESICLE	39	36		
GOCC_TRANS_GOLGI_NETWORK_TRANSPORT_VESICLE_MEMBRANE	21	18		
GOCC_TRANS_SYNAPTIC_PROTEIN_COMPLEX	6		Rejected!	
GOCC_TRAPPIII_PROTEIN_COMPLEX	12		Rejected!	
GOCC_TRAPPII_PROTEIN_COMPLEX	12		Rejected!	
GOCC_TRAPP_COMPLEX	17	16		
GOCC_TRICARBOXYLIC_ACID_CYCLE_HETEROMERIC_ENZYME_COMPLEX	15		Rejected!	
GOCC_TRIGLYCERIDE_RICH_PLASMA_LIPOPROTEIN_PARTICLE	21		Rejected!	
GOCC_TRNA_METHYLTRANSFERASE_COMPLEX	11		Rejected!	
GOCC_TRNA_SPLICING_LIGASE_COMPLEX	8		Rejected!	
GOCC_TROPONIN_COMPLEX	9		Rejected!	
GOCC_TUBULAR_ENDOSOME	5		Rejected!	
GOCC_T_CELL_RECEPTOR_COMPLEX	143		Rejected!	
GOCC_T_TUBULE	51	46		
GOCC_U12_TYPE_SPLICEOSOMAL_COMPLEX	27	25		
GOCC_U1_SNRNP	32	18		
GOCC_U2AF_COMPLEX	6		Rejected!	
GOCC_U2_SNRNP	28	26		
GOCC_U2_TYPE_CATALYTIC_STEP_2_SPLICEOSOME	30	29		
GOCC_U2_TYPE_SPLICEOSOMAL_COMPLEX	95	88		
GOCC_U4_SNRNP	13		Rejected!	
GOCC_U5_SNRNP	25	18		
GOCC_U6_SNRNP	11		Rejected!	
GOCC_U7_SNRNP	7		Rejected!	
GOCC_UBIQUINONE_BIOSYNTHESIS_COMPLEX	8		Rejected!	
GOCC_UBIQUITIN_CONJUGATING_ENZYME_COMPLEX	9		Rejected!	
GOCC_UBIQUITIN_LIGASE_COMPLEX	357	299		
GOCC_UDP_N_ACETYLGLUCOSAMINE_TRANSFERASE_COMPLEX	5		Rejected!	
GOCC_UNCONVENTIONAL_MYOSIN_COMPLEX	9		Rejected!	
GOCC_UNIPLEX_COMPLEX	6		Rejected!	
GOCC_VACUOLAR_LUMEN	178	140		
GOCC_VACUOLAR_MEMBRANE	507	438		
GOCC_VACUOLAR_PROTON_TRANSPORTING_V_TYPE_ATPASE_V0_DOMAIN	10		Rejected!	
GOCC_VACUOLE	889		Rejected!	
GOCC_VARICOSITY	8		Rejected!	
GOCC_VCP_NPL4_UFD1_AAA_ATPASE_COMPLEX	9		Rejected!	
GOCC_VESICLE_COAT	64	61		
GOCC_VESICLE_LUMEN	331	269		
GOCC_VESICLE_MEMBRANE	1282		Rejected!	
GOCC_VESICLE_TETHERING_COMPLEX	67	59		
GOCC_VOLTAGE_GATED_CALCIUM_CHANNEL_COMPLEX	45	34		
GOCC_VOLTAGE_GATED_SODIUM_CHANNEL_COMPLEX	14		Rejected!	
GOCC_WASH_COMPLEX	15		Rejected!	
GOCC_WEIBEL_PALADE_BODY	7		Rejected!	
GOCC_WNT_SIGNALOSOME	13		Rejected!	
GOCC_XY_BODY	16		Rejected!	
GOCC_X_CHROMOSOME	13		Rejected!	
GOCC_ZONA_PELLUCIDA_RECEPTOR_COMPLEX	8		Rejected!	
GOCC_ZONULA_ADHERENS	8		Rejected!	
GOCC_ZYMOGEN_GRANULE	20		Rejected!	
GOMF_11_CIS_RETINAL_BINDING	7		Rejected!	
GOMF_14_3_3_PROTEIN_BINDING	32	27		
GOMF_17_BETA_HYDROXYSTEROID_DEHYDROGENASE_NADPLUS_ACTIVITY	9		Rejected!	
GOMF_17_BETA_HYDROXYSTEROID_DEHYDROGENASE_NADPPLUS_ACTIVITY	9		Rejected!	
GOMF_1_4_ALPHA_OLIGOGLUCAN_PHOSPHORYLASE_ACTIVITY	5		Rejected!	
GOMF_1_ACYLGLYCEROPHOSPHOCHOLINE_O_ACYLTRANSFERASE_ACTIVITY	8		Rejected!	
GOMF_1_ALKYL_2_ACETYLGLYCEROPHOSPHOCHOLINE_ESTERASE_ACTIVITY	8		Rejected!	
GOMF_1_PHOSPHATIDYLINOSITOL_3_KINASE_ACTIVITY	15		Rejected!	
GOMF_1_PHOSPHATIDYLINOSITOL_3_KINASE_REGULATOR_ACTIVITY	6		Rejected!	
GOMF_1_PHOSPHATIDYLINOSITOL_4_5_BISPHOSPHATE_3_KINASE_ACTIVITY	7		Rejected!	
GOMF_1_PHOSPHATIDYLINOSITOL_4_PHOSPHATE_3_KINASE_ACTIVITY	7		Rejected!	
GOMF_1_PHOSPHATIDYLINOSITOL_4_PHOSPHATE_5_KINASE_ACTIVITY	9		Rejected!	
GOMF_1_PHOSPHATIDYLINOSITOL_BINDING	15	15		
GOMF_2_ACYLGLYCEROL_3_PHOSPHATE_O_ACYLTRANSFERASE_ACTIVITY	9		Rejected!	
GOMF_2_ACYLGLYCEROL_O_ACYLTRANSFERASE_ACTIVITY	7		Rejected!	
GOMF_2_IRON_2_SULFUR_CLUSTER_BINDING	28	23		
GOMF_2_OXOGLUTARATE_DEPENDENT_DIOXYGENASE_ACTIVITY	60	50		
GOMF_3_5_CYCLIC_AMP_PHOSPHODIESTERASE_ACTIVITY	22	18		
GOMF_3_5_DNA_EXONUCLEASE_ACTIVITY	16		Rejected!	
GOMF_3_5_DNA_HELICASE_ACTIVITY	15		Rejected!	
GOMF_3_5_EXONUCLEASE_ACTIVITY	60	54		
GOMF_3_5_RNA_HELICASE_ACTIVITY	7		Rejected!	
GOMF_3_BETA_HYDROXYSTEROID_3_DEHYDROGENASE_NADPPLUS_ACTIVITY	5		Rejected!	
GOMF_3_CHLOROALLYL_ALDEHYDE_DEHYDROGENASE_ACTIVITY	5		Rejected!	
GOMF_3_HYDROXYACYL_COA_DEHYDRATASE_ACTIVITY	9		Rejected!	
GOMF_3_HYDROXYACYL_COA_DEHYDROGENASE_ACTIVITY	6		Rejected!	
GOMF_3_PHOSPHOADENOSINE_5_PHOSPHOSULFATE_BINDING	10		Rejected!	
GOMF_4_GALACTOSYL_N_ACETYLGLUCOSAMINIDE_3_ALPHA_L_FUCOSYLTRANSFERASE_ACTIVITY	6		Rejected!	
GOMF_4_IRON_4_SULFUR_CLUSTER_BINDING	45	39		
GOMF_5S_RRNA_BINDING	10		Rejected!	
GOMF_5_3_DNA_EXONUCLEASE_ACTIVITY	9		Rejected!	
GOMF_5_3_DNA_HELICASE_ACTIVITY	9		Rejected!	
GOMF_5_3_EXONUCLEASE_ACTIVITY	18	18		
GOMF_5_ALPHA_ANDROSTANE_3_BETA_17_BETA_DIOL_DEHYDROGENASE_NADPPLUS_ACTIVITY	6		Rejected!	
GOMF_5_DEOXYRIBOSE_5_PHOSPHATE_LYASE_ACTIVITY	8		Rejected!	
GOMF_5_N_7_METHYLGUANOSINE_5_TRIPHOSPHO_MRNA_HYDROLASE_ACTIVITY	10		Rejected!	
GOMF_7SK_SNRNA_BINDING	9		Rejected!	
GOMF_7S_RNA_BINDING	7		Rejected!	
GOMF_ABC_TYPE_GLUTATHIONE_S_CONJUGATE_TRANSPORTER_ACTIVITY	8		Rejected!	
GOMF_ABC_TYPE_TRANSPORTER_ACTIVITY	49	43		
GOMF_ABC_TYPE_XENOBIOTIC_TRANSPORTER_ACTIVITY	14		Rejected!	
GOMF_ACETYLATION_DEPENDENT_PROTEIN_BINDING	14		Rejected!	
GOMF_ACETYLCHOLINE_BINDING	10		Rejected!	
GOMF_ACETYLCHOLINE_GATED_MONOATOMIC_CATION_SELECTIVE_CHANNEL_ACTIVITY	17		Rejected!	
GOMF_ACETYLCHOLINE_RECEPTOR_ACTIVITY	37	27		
GOMF_ACETYLCHOLINE_RECEPTOR_BINDING	15		Rejected!	
GOMF_ACETYLCHOLINE_RECEPTOR_INHIBITOR_ACTIVITY	8		Rejected!	
GOMF_ACETYLESTERASE_ACTIVITY	5		Rejected!	
GOMF_ACETYLGALACTOSAMINYLTRANSFERASE_ACTIVITY	34	29		
GOMF_ACETYLGLUCOSAMINYLTRANSFERASE_ACTIVITY	44	37		
GOMF_ACETYLTRANSFERASE_ACTIVATOR_ACTIVITY	11		Rejected!	
GOMF_ACETYLTRANSFERASE_ACTIVITY	108	89		
GOMF_ACETYL_COA_C_ACYLTRANSFERASE_ACTIVITY	7		Rejected!	
GOMF_ACIDIC_AMINO_ACID_TRANSMEMBRANE_TRANSPORTER_ACTIVITY	18	15		
GOMF_ACID_AMINO_ACID_LIGASE_ACTIVITY	23	17		
GOMF_ACID_PHOSPHATASE_ACTIVITY	9		Rejected!	
GOMF_ACID_THIOL_LIGASE_ACTIVITY	31	24		
GOMF_ACROSIN_BINDING	5		Rejected!	
GOMF_ACTININ_BINDING	38	35		
GOMF_ACTIN_BINDING	447	377		
GOMF_ACTIN_FILAMENT_BINDING	212	175		
GOMF_ACTIN_MONOMER_BINDING	29	26		
GOMF_ACTIVE_MONOATOMIC_ION_TRANSMEMBRANE_TRANSPORTER_ACTIVITY	116	103		
GOMF_ACTIVE_TRANSMEMBRANE_TRANSPORTER_ACTIVITY	459	375		
GOMF_ACTIVIN_BINDING	11		Rejected!	
GOMF_ACTIVIN_RECEPTOR_ACTIVITY	9		Rejected!	
GOMF_ACTIVIN_RECEPTOR_ACTIVITY_TYPE_I	7		Rejected!	
GOMF_ACTIVIN_RECEPTOR_BINDING	11		Rejected!	
GOMF_ACYLGLYCEROL_O_ACYLTRANSFERASE_ACTIVITY	31	26		
GOMF_ACYLTRANSFERASE_ACTIVITY	779		Rejected!	
GOMF_ACYLTRANSFERASE_ACTIVITY_ACYL_GROUPS_CONVERTED_INTO_ALKYL_ON_TRANSFER	5		Rejected!	
GOMF_ACYLTRANSFERASE_ACTIVITY_TRANSFERRING_GROUPS_OTHER_THAN_AMINO_ACYL_GROUPS	249	204		
GOMF_ACYL_COA_BINDING	18	15		
GOMF_ACYL_COA_HYDROLASE_ACTIVITY	28	24		
GOMF_ACYL_COA_OXIDASE_ACTIVITY	6		Rejected!	
GOMF_ADENINE_TRANSMEMBRANE_TRANSPORTER_ACTIVITY	5		Rejected!	
GOMF_ADENOSINE_DEAMINASE_ACTIVITY	12		Rejected!	
GOMF_ADENOSINE_RECEPTOR_BINDING	7		Rejected!	
GOMF_ADENYLATE_CYCLASE_ACTIVATOR_ACTIVITY	5		Rejected!	
GOMF_ADENYLATE_CYCLASE_ACTIVITY	23	21		
GOMF_ADENYLATE_CYCLASE_BINDING	12		Rejected!	
GOMF_ADENYLATE_CYCLASE_INHIBITOR_ACTIVITY	5		Rejected!	
GOMF_ADENYLATE_CYCLASE_REGULATOR_ACTIVITY	12		Rejected!	
GOMF_ADENYLATE_KINASE_ACTIVITY	9		Rejected!	
GOMF_ADENYLYLTRANSFERASE_ACTIVITY	31	27		
GOMF_ADENYL_NUCLEOTIDE_BINDING	1633		Rejected!	
GOMF_ADENYL_NUCLEOTIDE_EXCHANGE_FACTOR_ACTIVITY	15	15		
GOMF_ADP_BINDING	52	45		
GOMF_ADP_D_RIBOSE_MODIFICATION_DEPENDENT_PROTEIN_BINDING	7		Rejected!	
GOMF_ADP_PHOSPHATASE_ACTIVITY	6		Rejected!	
GOMF_ADP_RIBOSE_DIPHOSPHATASE_ACTIVITY	6		Rejected!	
GOMF_ADP_TRANSMEMBRANE_TRANSPORTER_ACTIVITY	11		Rejected!	
GOMF_ADRENERGIC_RECEPTOR_ACTIVITY	10		Rejected!	
GOMF_ADRENERGIC_RECEPTOR_BINDING	18		Rejected!	
GOMF_ALANINE_TRANSMEMBRANE_TRANSPORTER_ACTIVITY	16		Rejected!	
GOMF_ALCOHOL_BINDING	94	79		
GOMF_ALCOHOL_DEHYDROGENASE_NADPLUS_ACTIVITY	24	15		
GOMF_ALCOHOL_DEHYDROGENASE_NADPPLUS_ACTIVITY	30	23		
GOMF_ALCOHOL_DEHYDROGENASE_NAD_P_PLUS_ACTIVITY	52	37		
GOMF_ALCOHOL_TRANSMEMBRANE_TRANSPORTER_ACTIVITY	8		Rejected!	
GOMF_ALDEHYDE_DEHYDROGENASE_NAD_P_PLUS_ACTIVITY	18	16		
GOMF_ALDEHYDE_LYASE_ACTIVITY	9		Rejected!	
GOMF_ALDOSE_REDUCTASE_NADPH_ACTIVITY	12		Rejected!	
GOMF_ALDO_KETO_REDUCTASE_NADPH_ACTIVITY	36	28		
GOMF_ALKALINE_PHOSPHATASE_ACTIVITY	6		Rejected!	
GOMF_ALKALI_METAL_ION_BINDING	20		Rejected!	
GOMF_ALKANE_1_MONOOXYGENASE_ACTIVITY	5		Rejected!	
GOMF_ALL_TRANS_RETINAL_BINDING	5		Rejected!	
GOMF_ALL_TRANS_RETINOL_DEHYDROGENASE_NADPPLUS_ACTIVITY	13		Rejected!	
GOMF_ALPHA_1_3_FUCOSYLTRANSFERASE_ACTIVITY	8		Rejected!	
GOMF_ALPHA_1_4_GLUCOSIDASE_ACTIVITY	5		Rejected!	
GOMF_ALPHA_2A_ADRENERGIC_RECEPTOR_BINDING	5		Rejected!	
GOMF_ALPHA_ACTININ_BINDING	28	25		
GOMF_ALPHA_ADRENERGIC_RECEPTOR_ACTIVITY	6		Rejected!	
GOMF_ALPHA_AMYLASE_ACTIVITY	5		Rejected!	
GOMF_ALPHA_CATENIN_BINDING	11		Rejected!	
GOMF_ALPHA_GLUCOSIDASE_ACTIVITY	8		Rejected!	
GOMF_ALPHA_KETOGLUTARATE_TRANSMEMBRANE_TRANSPORTER_ACTIVITY	6		Rejected!	
GOMF_ALPHA_N_ACETYLGALACTOSAMINIDE_ALPHA_2_6_SIALYLTRANSFERASE_ACTIVITY	6		Rejected!	
GOMF_ALPHA_N_ACETYLNEURAMINATE_ALPHA_2_8_SIALYLTRANSFERASE_ACTIVITY	6		Rejected!	
GOMF_ALPHA_TUBULIN_BINDING	44	36		
GOMF_AMIDE_BINDING	249	190		
GOMF_AMIDE_TRANSMEMBRANE_TRANSPORTER_ACTIVITY	40	36		
GOMF_AMIDINE_LYASE_ACTIVITY	7		Rejected!	
GOMF_AMINE_BINDING	14		Rejected!	
GOMF_AMINE_TRANSMEMBRANE_TRANSPORTER_ACTIVITY	8		Rejected!	
GOMF_AMINOACYLASE_ACTIVITY	5		Rejected!	
GOMF_AMINOACYLTRANSFERASE_ACTIVITY	524	440		
GOMF_AMINOACYL_TRNA_DEACYLASE_ACTIVITY	13		Rejected!	
GOMF_AMINOPEPTIDASE_ACTIVITY	40	34		
GOMF_AMINOPHOSPHOLIPID_FLIPPASE_ACTIVITY	7		Rejected!	
GOMF_AMINO_ACID_BINDING	49	44		
GOMF_AMINO_ACID_MONOATOMIC_CATION_ANTIPORTER_ACTIVITY	5		Rejected!	
GOMF_AMINO_ACID_MONOATOMIC_CATION_SYMPORTER_ACTIVITY	29	23		
GOMF_AMINO_ACID_PROTON_SYMPORTER_ACTIVITY	6		Rejected!	
GOMF_AMINO_ACID_SODIUM_SYMPORTER_ACTIVITY	23	20		
GOMF_AMINO_ACID_TRANSMEMBRANE_TRANSPORTER_ACTIVITY	103	83		
GOMF_AMMONIA_LYASE_ACTIVITY	5		Rejected!	
GOMF_AMMONIUM_CHANNEL_ACTIVITY	10		Rejected!	
GOMF_AMPA_GLUTAMATE_RECEPTOR_ACTIVITY	6		Rejected!	
GOMF_AMP_ACTIVATED_PROTEIN_KINASE_ACTIVITY	6		Rejected!	
GOMF_AMP_BINDING	11		Rejected!	
GOMF_AMYLASE_ACTIVITY	6		Rejected!	
GOMF_AMYLOID_BETA_BINDING	88	69		
GOMF_ANAPHASE_PROMOTING_COMPLEX_BINDING	9		Rejected!	
GOMF_ANDROGEN_BINDING	5		Rejected!	
GOMF_ANDROSTAN_3_ALPHA_17_BETA_DIOL_DEHYDROGENASE_NADPLUS_ACTIVITY	9		Rejected!	
GOMF_ANGIOTENSIN_RECEPTOR_BINDING	8		Rejected!	
GOMF_ANKYRIN_BINDING	19		Rejected!	
GOMF_ANKYRIN_REPEAT_BINDING	7		Rejected!	
GOMF_ANNEALING_ACTIVITY	13		Rejected!	
GOMF_ANTIGEN_BINDING	169	42		
GOMF_ANTIOXIDANT_ACTIVITY	87	66		
GOMF_ANTIPORTER_ACTIVITY	138	112		
GOMF_APOLIPOPROTEIN_A_I_BINDING	5		Rejected!	
GOMF_APOLIPOPROTEIN_BINDING	18		Rejected!	
GOMF_APOLIPOPROTEIN_RECEPTOR_BINDING	7		Rejected!	
GOMF_AP_1_ADAPTOR_COMPLEX_BINDING	5		Rejected!	
GOMF_AP_2_ADAPTOR_COMPLEX_BINDING	10		Rejected!	
GOMF_ARACHIDONATE_COA_LIGASE_ACTIVITY	11		Rejected!	
GOMF_ARACHIDONATE_MONOOXYGENASE_ACTIVITY	17		Rejected!	
GOMF_ARACHIDONATE_OMEGA_HYDROXYLASE_ACTIVITY	6		Rejected!	
GOMF_ARGININE_BINDING	9		Rejected!	
GOMF_ARMADILLO_REPEAT_DOMAIN_BINDING	8		Rejected!	
GOMF_AROMATIC_AMINO_ACID_TRANSMEMBRANE_TRANSPORTER_ACTIVITY	11		Rejected!	
GOMF_ARP2_3_COMPLEX_BINDING	15		Rejected!	
GOMF_ARRESTIN_FAMILY_PROTEIN_BINDING	11		Rejected!	
GOMF_ARYLESTERASE_ACTIVITY	6		Rejected!	
GOMF_ARYLSULFATASE_ACTIVITY	14		Rejected!	
GOMF_ARYL_HYDROCARBON_RECEPTOR_BINDING	8		Rejected!	
GOMF_ARYL_SULFOTRANSFERASE_ACTIVITY	9		Rejected!	
GOMF_ASPARTIC_ENDOPEPTIDASE_ACTIVITY_INTRAMEMBRANE_CLEAVING	8		Rejected!	
GOMF_ASPARTIC_TYPE_ENDOPEPTIDASE_INHIBITOR_ACTIVITY	7		Rejected!	
GOMF_ASPARTIC_TYPE_PEPTIDASE_ACTIVITY	34	20		
GOMF_ATPASE_ACTIVATOR_ACTIVITY	27	23		
GOMF_ATPASE_BINDING	89	79		
GOMF_ATPASE_COUPLED_INORGANIC_ANION_TRANSMEMBRANE_TRANSPORTER_ACTIVITY	10		Rejected!	
GOMF_ATPASE_COUPLED_INTRAMEMBRANE_LIPID_TRANSPORTER_ACTIVITY	27	24		
GOMF_ATPASE_COUPLED_ION_TRANSMEMBRANE_TRANSPORTER_ACTIVITY	24	22		
GOMF_ATPASE_COUPLED_LIPID_TRANSMEMBRANE_TRANSPORTER_ACTIVITY	9		Rejected!	
GOMF_ATPASE_COUPLED_MONOATOMIC_CATION_TRANSMEMBRANE_TRANSPORTER_ACTIVITY	54	46		
GOMF_ATPASE_COUPLED_ORGANIC_ACID_TRANSMEMBRANE_TRANSPORTER_ACTIVITY	5		Rejected!	
GOMF_ATPASE_COUPLED_TRANSMEMBRANE_TRANSPORTER_ACTIVITY	99	85		
GOMF_ATPASE_INHIBITOR_ACTIVITY	6		Rejected!	
GOMF_ATPASE_REGULATOR_ACTIVITY	50	45		
GOMF_ATP_ACTIVATED_INWARD_RECTIFIER_POTASSIUM_CHANNEL_ACTIVITY	6		Rejected!	
GOMF_ATP_ADP_ANTIPORTER_ACTIVITY	5		Rejected!	
GOMF_ATP_DEPENDENT_ACTIVITY	632		Rejected!	
GOMF_ATP_DEPENDENT_ACTIVITY_ACTING_ON_DNA	117	100		
GOMF_ATP_DEPENDENT_ACTIVITY_ACTING_ON_RNA	79	71		
GOMF_ATP_DEPENDENT_CHROMATIN_REMODELER_ACTIVITY	20	18		
GOMF_ATP_DEPENDENT_DIACYLGLYCEROL_KINASE_ACTIVITY	11		Rejected!	
GOMF_ATP_DEPENDENT_DNA_DAMAGE_SENSOR_ACTIVITY	21	15		
GOMF_ATP_DEPENDENT_DNA_DNA_ANNEALING_ACTIVITY	5		Rejected!	
GOMF_ATP_DEPENDENT_PEPTIDASE_ACTIVITY	7		Rejected!	
GOMF_ATP_DEPENDENT_PROTEIN_BINDING	7		Rejected!	
GOMF_ATP_DEPENDENT_PROTEIN_DISAGGREGASE_ACTIVITY	6		Rejected!	
GOMF_ATP_DEPENDENT_PROTEIN_FOLDING_CHAPERONE	40	29		
GOMF_ATP_GATED_ION_CHANNEL_ACTIVITY	9		Rejected!	
GOMF_ATP_HYDROLYSIS_ACTIVITY	425	375		
GOMF_ATP_TRANSMEMBRANE_TRANSPORTER_ACTIVITY	14		Rejected!	
GOMF_AXON_GUIDANCE_RECEPTOR_ACTIVITY	11		Rejected!	
GOMF_AZOLE_TRANSMEMBRANE_TRANSPORTER_ACTIVITY	14		Rejected!	
GOMF_BASAL_TRANSCRIPTION_MACHINERY_BINDING	59	53		
GOMF_BASIC_AMINO_ACID_TRANSMEMBRANE_TRANSPORTER_ACTIVITY	21	17		
GOMF_BENZODIAZEPINE_RECEPTOR_ACTIVITY	11		Rejected!	
GOMF_BENZODIAZEPINE_RECEPTOR_BINDING	5		Rejected!	
GOMF_BETA_1_3_GALACTOSYLTRANSFERASE_ACTIVITY	15		Rejected!	
GOMF_BETA_2_ADRENERGIC_RECEPTOR_BINDING	6		Rejected!	
GOMF_BETA_2_MICROGLOBULIN_BINDING	9		Rejected!	
GOMF_BETA_CATENIN_BINDING	108	90		
GOMF_BETA_GALACTOSIDASE_ACTIVITY	5		Rejected!	
GOMF_BETA_GALACTOSIDE_CMP_ALPHA_2_3_SIALYLTRANSFERASE_ACTIVITY	7		Rejected!	
GOMF_BETA_GLUCOSIDASE_ACTIVITY	5		Rejected!	
GOMF_BETA_N_ACETYLHEXOSAMINIDASE_ACTIVITY	5		Rejected!	
GOMF_BETA_TUBULIN_BINDING	43	37		
GOMF_BH3_DOMAIN_BINDING	6		Rejected!	
GOMF_BHLH_TRANSCRIPTION_FACTOR_BINDING	32	27		
GOMF_BH_DOMAIN_BINDING	8		Rejected!	
GOMF_BICARBONATE_MONOATOMIC_ANION_ANTIPORTER_ACTIVITY	12		Rejected!	
GOMF_BICARBONATE_TRANSMEMBRANE_TRANSPORTER_ACTIVITY	32	23		
GOMF_BILE_ACID_BINDING	9		Rejected!	
GOMF_BILE_ACID_SODIUM_SYMPORTER_ACTIVITY	6		Rejected!	
GOMF_BILE_ACID_TRANSMEMBRANE_TRANSPORTER_ACTIVITY	21		Rejected!	
GOMF_BIOACTIVE_LIPID_RECEPTOR_ACTIVITY	17		Rejected!	
GOMF_BIOTIN_BINDING	5		Rejected!	
GOMF_BIS_5_ADENOSYL_PENTAPHOSPHATASE_ACTIVITY	6		Rejected!	
GOMF_BITTER_TASTE_RECEPTOR_ACTIVITY	25		Rejected!	
GOMF_BMP_BINDING	21	16		
GOMF_BMP_RECEPTOR_ACTIVITY	8		Rejected!	
GOMF_BMP_RECEPTOR_BINDING	13		Rejected!	
GOMF_BRANCHED_CHAIN_AMINO_ACID_TRANSMEMBRANE_TRANSPORTER_ACTIVITY	10		Rejected!	
GOMF_BUBBLE_DNA_BINDING	8		Rejected!	
GOMF_C2H2_ZINC_FINGER_DOMAIN_BINDING	14		Rejected!	
GOMF_C3HC4_TYPE_RING_FINGER_DOMAIN_BINDING	5		Rejected!	
GOMF_C4_DICARBOXYLATE_TRANSMEMBRANE_TRANSPORTER_ACTIVITY	15		Rejected!	
GOMF_CADHERIN_BINDING	335	301		
GOMF_CADHERIN_BINDING_INVOLVED_IN_CELL_CELL_ADHESION	18	17		
GOMF_CADMIUM_ION_BINDING	5		Rejected!	
GOMF_CALCITONIN_FAMILY_BINDING	5		Rejected!	
GOMF_CALCITONIN_FAMILY_RECEPTOR_ACTIVITY	6		Rejected!	
GOMF_CALCIUM_ACTIVATED_POTASSIUM_CHANNEL_ACTIVITY	13		Rejected!	
GOMF_CALCIUM_CALMODULIN_DEPENDENT_PROTEIN_KINASE_ACTIVITY	30	28		
GOMF_CALCIUM_CHANNEL_INHIBITOR_ACTIVITY	14		Rejected!	
GOMF_CALCIUM_CHANNEL_REGULATOR_ACTIVITY	58	49		
GOMF_CALCIUM_DEPENDENT_CYSTEINE_TYPE_ENDOPEPTIDASE_ACTIVITY	17		Rejected!	
GOMF_CALCIUM_DEPENDENT_PHOSPHOLIPASE_A2_ACTIVITY	17		Rejected!	
GOMF_CALCIUM_DEPENDENT_PHOSPHOLIPID_BINDING	56	50		
GOMF_CALCIUM_DEPENDENT_PROTEIN_BINDING	81	61		
GOMF_CALCIUM_DEPENDENT_PROTEIN_SERINE_THREONINE_KINASE_ACTIVITY	13		Rejected!	
GOMF_CALCIUM_DEPENDENT_PROTEIN_SERINE_THREONINE_PHOSPHATASE_ACTIVITY	11		Rejected!	
GOMF_CALCIUM_DEPENDENT_PROTEIN_SERINE_THREONINE_PHOSPHATASE_REGULATOR_ACTIVITY	5		Rejected!	
GOMF_CALCIUM_INDEPENDENT_PHOSPHOLIPASE_A2_ACTIVITY	9		Rejected!	
GOMF_CALCIUM_INDUCED_CALCIUM_RELEASE_ACTIVITY	5		Rejected!	
GOMF_CALCIUM_ION_BINDING	708		Rejected!	
GOMF_CALCIUM_ION_TRANSMEMBRANE_TRANSPORTER_ACTIVITY	193	160		
GOMF_CALCIUM_MONOATOMIC_CATION_ANTIPORTER_ACTIVITY	12		Rejected!	
GOMF_CALCIUM_POTASSIUM_SODIUM_ANTIPORTER_ACTIVITY	5		Rejected!	
GOMF_CALCIUM_SENSITIVE_GUANYLATE_CYCLASE_ACTIVATOR_ACTIVITY	6		Rejected!	
GOMF_CALCIUM_SODIUM_ANTIPORTER_ACTIVITY	9		Rejected!	
GOMF_CALMODULIN_BINDING	206	169		
GOMF_CALMODULIN_DEPENDENT_PROTEIN_PHOSPHATASE_ACTIVITY	5		Rejected!	
GOMF_CAMP_BINDING	24	21		
GOMF_CAMP_DEPENDENT_PROTEIN_KINASE_INHIBITOR_ACTIVITY	10		Rejected!	
GOMF_CAMP_DEPENDENT_PROTEIN_KINASE_REGULATOR_ACTIVITY	12		Rejected!	
GOMF_CAMP_RESPONSE_ELEMENT_BINDING	12		Rejected!	
GOMF_CAMP_RESPONSE_ELEMENT_BINDING_PROTEIN_BINDING	10		Rejected!	
GOMF_CARBOHYDRATE_BINDING	282	200		
GOMF_CARBOHYDRATE_DERIVATIVE_TRANSMEMBRANE_TRANSPORTER_ACTIVITY	54	45		
GOMF_CARBOHYDRATE_KINASE_ACTIVITY	21	21		
GOMF_CARBOHYDRATE_MONOATOMIC_CATION_SYMPORTER_ACTIVITY	16		Rejected!	
GOMF_CARBOHYDRATE_PHOSPHATASE_ACTIVITY	13		Rejected!	
GOMF_CARBOHYDRATE_PROTON_SYMPORTER_ACTIVITY	7		Rejected!	
GOMF_CARBOHYDRATE_TRANSMEMBRANE_TRANSPORTER_ACTIVITY	38	27		
GOMF_CARBONATE_DEHYDRATASE_ACTIVITY	16		Rejected!	
GOMF_CARBONYL_REDUCTASE_NADPH_ACTIVITY	10		Rejected!	
GOMF_CARBON_CARBON_LYASE_ACTIVITY	58	45		
GOMF_CARBON_DIOXIDE_TRANSMEMBRANE_TRANSPORTER_ACTIVITY	5		Rejected!	
GOMF_CARBON_NITROGEN_LIGASE_ACTIVITY_WITH_GLUTAMINE_AS_AMIDO_N_DONOR	10		Rejected!	
GOMF_CARBON_NITROGEN_LYASE_ACTIVITY	12		Rejected!	
GOMF_CARBON_OXYGEN_LYASE_ACTIVITY	80	69		
GOMF_CARBON_SULFUR_LYASE_ACTIVITY	16		Rejected!	
GOMF_CARBOXYLESTERASE_ACTIVITY	6		Rejected!	
GOMF_CARBOXYLIC_ESTER_HYDROLASE_ACTIVITY	160	121		
GOMF_CARBOXYPEPTIDASE_ACTIVITY	49	43		
GOMF_CARBOXY_LYASE_ACTIVITY	39	30		
GOMF_CARDIOLIPIN_BINDING	14		Rejected!	
GOMF_CARD_DOMAIN_BINDING	15		Rejected!	
GOMF_CARGO_ADAPTOR_ACTIVITY	21	19		
GOMF_CARGO_RECEPTOR_ACTIVITY	66	60		
GOMF_CARNITINE_O_ACYLTRANSFERASE_ACTIVITY	6		Rejected!	
GOMF_CARNITINE_TRANSMEMBRANE_TRANSPORTER_ACTIVITY	7		Rejected!	
GOMF_CASPASE_BINDING	13		Rejected!	
GOMF_CATALYTIC_ACTIVITY_ACTING_ON_A_GLYCOPROTEIN	23	20		
GOMF_CATALYTIC_ACTIVITY_ACTING_ON_A_NUCLEIC_ACID	650		Rejected!	
GOMF_CATALYTIC_ACTIVITY_ACTING_ON_A_RRNA	24	21		
GOMF_CATALYTIC_ACTIVITY_ACTING_ON_A_TRNA	141	133		
GOMF_CATALYTIC_ACTIVITY_ACTING_ON_DNA	254	223		
GOMF_CATALYTIC_ACTIVITY_ACTING_ON_RNA	419	380		
GOMF_CATECHOLAMINE_BINDING	12		Rejected!	
GOMF_CCR1_CHEMOKINE_RECEPTOR_BINDING	6		Rejected!	
GOMF_CCR2_CHEMOKINE_RECEPTOR_BINDING	6		Rejected!	
GOMF_CCR3_CHEMOKINE_RECEPTOR_BINDING	5		Rejected!	
GOMF_CCR5_CHEMOKINE_RECEPTOR_BINDING	8		Rejected!	
GOMF_CCR6_CHEMOKINE_RECEPTOR_BINDING	11		Rejected!	
GOMF_CCR_CHEMOKINE_RECEPTOR_BINDING	50	18		
GOMF_CD4_RECEPTOR_BINDING	9		Rejected!	
GOMF_CDP_ALCOHOL_PHOSPHATIDYLTRANSFERASE_ACTIVITY	8		Rejected!	
GOMF_CELL_ADHESION_MEDIATOR_ACTIVITY	79	69		
GOMF_CELL_ADHESION_MOLECULE_BINDING	568		Rejected!	
GOMF_CELL_ADHESIVE_PROTEIN_BINDING_INVOLVED_IN_BUNDLE_OF_HIS_CELL_PURKINJE_MYOCYTE_COMMUNICATION	5		Rejected!	
GOMF_CELL_CELL_ADHESION_MEDIATOR_ACTIVITY	58	49		
GOMF_CELL_MATRIX_ADHESION_MEDIATOR_ACTIVITY	9		Rejected!	
GOMF_CENTROMERIC_DNA_BINDING	6		Rejected!	
GOMF_CERAMIDE_1_PHOSPHATE_BINDING	7		Rejected!	
GOMF_CERAMIDE_BINDING	19	16		
GOMF_CERAMIDE_TRANSFER_ACTIVITY	8		Rejected!	
GOMF_CGMP_BINDING	16		Rejected!	
GOMF_CHANNEL_ACTIVATOR_ACTIVITY	15		Rejected!	
GOMF_CHEMOATTRACTANT_ACTIVITY	43	29		
GOMF_CHEMOKINE_ACTIVITY	48	25		
GOMF_CHEMOKINE_BINDING	33	18		
GOMF_CHEMOKINE_RECEPTOR_BINDING	75	36		
GOMF_CHEMOREPELLENT_ACTIVITY	28	25		
GOMF_CHITINASE_ACTIVITY	6		Rejected!	
GOMF_CHITIN_BINDING	8		Rejected!	
GOMF_CHLORIDE_CHANNEL_ACTIVITY	92	79		
GOMF_CHLORIDE_CHANNEL_INHIBITOR_ACTIVITY	7		Rejected!	
GOMF_CHLORIDE_CHANNEL_REGULATOR_ACTIVITY	14		Rejected!	
GOMF_CHLORIDE_ION_BINDING	14		Rejected!	
GOMF_CHLORIDE_TRANSMEMBRANE_TRANSPORTER_ACTIVITY	130	107		
GOMF_CHOLESTEROL_BINDING	55	46		
GOMF_CHOLESTEROL_TRANSFER_ACTIVITY	25	18		
GOMF_CHOLINE_TRANSMEMBRANE_TRANSPORTER_ACTIVITY	9		Rejected!	
GOMF_CHONDROITIN_SULFATE_BINDING	10		Rejected!	
GOMF_CHONDROITIN_SULFOTRANSFERASE_ACTIVITY	7		Rejected!	
GOMF_CHROMATIN_BINDING	620		Rejected!	
GOMF_CHROMATIN_DNA_BINDING	129	102		
GOMF_CHROMATIN_INSULATOR_SEQUENCE_BINDING	5		Rejected!	
GOMF_CHROMATIN_PROTEIN_ADAPTOR_ACTIVITY	113	86		
GOMF_CHROMO_SHADOW_DOMAIN_BINDING	6		Rejected!	
GOMF_CILIARY_NEUROTROPHIC_FACTOR_RECEPTOR_BINDING	6		Rejected!	
GOMF_CIS_REGULATORY_REGION_SEQUENCE_SPECIFIC_DNA_BINDING	1148		Rejected!	
GOMF_CIS_TRANS_ISOMERASE_ACTIVITY	47	34		
GOMF_CLASS_I_DNA_APURINIC_OR_APYRIMIDINIC_SITE_ENDONUCLEASE_ACTIVITY	8		Rejected!	
GOMF_CLATHRIN_BINDING	47	41		
GOMF_CLATHRIN_HEAVY_CHAIN_BINDING	11		Rejected!	
GOMF_CLATHRIN_LIGHT_CHAIN_BINDING	7		Rejected!	
GOMF_COA_LIGASE_ACTIVITY	27	20		
GOMF_COA_TRANSFERASE_ACTIVITY	5		Rejected!	
GOMF_COBALAMIN_BINDING	10		Rejected!	
GOMF_COENZYME_A_DIPHOSPHATASE_ACTIVITY	5		Rejected!	
GOMF_COLLAGEN_BINDING	72	65		
GOMF_COLLAGEN_BINDING_INVOLVED_IN_CELL_MATRIX_ADHESION	5		Rejected!	
GOMF_COLLAGEN_RECEPTOR_ACTIVITY	6		Rejected!	
GOMF_COMPLEMENT_BINDING	25	15		
GOMF_COMPLEMENT_COMPONENT_C1Q_COMPLEX_BINDING	8		Rejected!	
GOMF_COMPLEMENT_COMPONENT_C3B_BINDING	11		Rejected!	
GOMF_COMPLEMENT_RECEPTOR_ACTIVITY	12		Rejected!	
GOMF_CONNEXIN_BINDING	5		Rejected!	
GOMF_COPPER_CHAPERONE_ACTIVITY	7		Rejected!	
GOMF_COPPER_ION_BINDING	62	48		
GOMF_COPPER_ION_TRANSMEMBRANE_TRANSPORTER_ACTIVITY	7		Rejected!	
GOMF_CORECEPTOR_ACTIVITY	61	43		
GOMF_CORE_PROMOTER_SEQUENCE_SPECIFIC_DNA_BINDING	46	37		
GOMF_CORTICOTROPIN_RELEASING_HORMONE_RECEPTOR_BINDING	6		Rejected!	
GOMF_CO_RECEPTOR_BINDING	13		Rejected!	
GOMF_CO_SMAD_BINDING	12		Rejected!	
GOMF_CROSSOVER_JUNCTION_DNA_ENDONUCLEASE_ACTIVITY	9		Rejected!	
GOMF_CTPASE_ACTIVITY	6		Rejected!	
GOMF_CULLIN_FAMILY_PROTEIN_BINDING	26	22		
GOMF_CUPRIC_ION_BINDING	5		Rejected!	
GOMF_CUPROUS_ION_BINDING	9		Rejected!	
GOMF_CXCR3_CHEMOKINE_RECEPTOR_BINDING	5		Rejected!	
GOMF_CXCR_CHEMOKINE_RECEPTOR_BINDING	17		Rejected!	
GOMF_CYCLASE_ACTIVATOR_ACTIVITY	13		Rejected!	
GOMF_CYCLASE_INHIBITOR_ACTIVITY	6		Rejected!	
GOMF_CYCLASE_REGULATOR_ACTIVITY	21		Rejected!	
GOMF_CYCLIC_NUCLEOTIDE_ACTIVATED_MONOATOMIC_ION_CHANNEL_ACTIVITY	11		Rejected!	
GOMF_CYCLIC_NUCLEOTIDE_BINDING	36	29		
GOMF_CYCLIC_NUCLEOTIDE_DEPENDENT_PROTEIN_KINASE_ACTIVITY	20		Rejected!	
GOMF_CYCLIC_NUCLEOTIDE_PHOSPHODIESTERASE_ACTIVITY	26	21		
GOMF_CYCLIN_BINDING	34	30		
GOMF_CYCLIN_DEPENDENT_PROTEIN_KINASE_ACTIVITY	74	68		
GOMF_CYCLIN_DEPENDENT_PROTEIN_SERINE_THREONINE_KINASE_ACTIVATOR_ACTIVITY	12		Rejected!	
GOMF_CYCLIN_DEPENDENT_PROTEIN_SERINE_THREONINE_KINASE_INHIBITOR_ACTIVITY	13		Rejected!	
GOMF_CYCLIN_DEPENDENT_PROTEIN_SERINE_THREONINE_KINASE_REGULATOR_ACTIVITY	48	43		
GOMF_CYCLOHYDROLASE_ACTIVITY	6		Rejected!	
GOMF_CYCLOSPORIN_A_BINDING	16		Rejected!	
GOMF_CYSTEINE_TYPE_DEUBIQUITINASE_ACTIVITY	111	79		
GOMF_CYSTEINE_TYPE_ENDOPEPTIDASE_ACTIVATOR_ACTIVITY	11		Rejected!	
GOMF_CYSTEINE_TYPE_ENDOPEPTIDASE_ACTIVATOR_ACTIVITY_INVOLVED_IN_APOPTOTIC_PROCESS	13		Rejected!	
GOMF_CYSTEINE_TYPE_ENDOPEPTIDASE_ACTIVITY	134	101		
GOMF_CYSTEINE_TYPE_ENDOPEPTIDASE_INHIBITOR_ACTIVITY	37	18		
GOMF_CYSTEINE_TYPE_ENDOPEPTIDASE_INHIBITOR_ACTIVITY_INVOLVED_IN_APOPTOTIC_PROCESS	16		Rejected!	
GOMF_CYSTEINE_TYPE_ENDOPEPTIDASE_REGULATOR_ACTIVITY_INVOLVED_IN_APOPTOTIC_PROCESS	31	24		
GOMF_CYSTEINE_TYPE_EXOPEPTIDASE_ACTIVITY	9		Rejected!	
GOMF_CYSTEINE_TYPE_PEPTIDASE_ACTIVITY	236	172		
GOMF_CYTIDINE_DEAMINASE_ACTIVITY	12		Rejected!	
GOMF_CYTIDYLYLTRANSFERASE_ACTIVITY	9		Rejected!	
GOMF_CYTOCHROME_B5_REDUCTASE_ACTIVITY_ACTING_ON_NAD_P_H	7		Rejected!	
GOMF_CYTOKINE_ACTIVITY	236	143		
GOMF_CYTOKINE_BINDING	144	103		
GOMF_CYTOKINE_RECEPTOR_ACTIVITY	97	67		
GOMF_CYTOKINE_RECEPTOR_BINDING	276	170		
GOMF_CYTOSKELETAL_ANCHOR_ACTIVITY	24	24		
GOMF_CYTOSKELETAL_MOTOR_ACTIVITY	115	95		
GOMF_CYTOSKELETAL_PROTEIN_BINDING	1002		Rejected!	
GOMF_CYTOSKELETON_NUCLEAR_MEMBRANE_ANCHOR_ACTIVITY	5		Rejected!	
GOMF_C_ACETYLTRANSFERASE_ACTIVITY	7		Rejected!	
GOMF_C_ACYLTRANSFERASE_ACTIVITY	20		Rejected!	
GOMF_C_C_CHEMOKINE_BINDING	24		Rejected!	
GOMF_C_METHYLTRANSFERASE_ACTIVITY	6		Rejected!	
GOMF_C_PALMITOYLTRANSFERASE_ACTIVITY	5		Rejected!	
GOMF_C_X3_C_CHEMOKINE_BINDING	5		Rejected!	
GOMF_C_X_C_CHEMOKINE_BINDING	6		Rejected!	
GOMF_C_X_C_CHEMOKINE_RECEPTOR_ACTIVITY	8		Rejected!	
GOMF_D1_DOPAMINE_RECEPTOR_BINDING	7		Rejected!	
GOMF_DAMAGED_DNA_BINDING	75	69		
GOMF_DEACETYLASE_ACTIVITY	44	39		
GOMF_DEACYLASE_ACTIVITY	75	65		
GOMF_DEAD_H_BOX_RNA_HELICASE_BINDING	8		Rejected!	
GOMF_DEAMINASE_ACTIVITY	33	24		
GOMF_DEATH_DOMAIN_BINDING	9		Rejected!	
GOMF_DEATH_RECEPTOR_ACTIVITY	17	15		
GOMF_DEATH_RECEPTOR_BINDING	21	19		
GOMF_DEHYDROASCORBIC_ACID_TRANSMEMBRANE_TRANSPORTER_ACTIVITY	8		Rejected!	
GOMF_DELAYED_RECTIFIER_POTASSIUM_CHANNEL_ACTIVITY	25	20		
GOMF_DELTA_CATENIN_BINDING	11		Rejected!	
GOMF_DEMETHYLASE_ACTIVITY	41	30		
GOMF_DENEDDYLASE_ACTIVITY	6		Rejected!	
GOMF_DEOXYNUCLEOSIDE_KINASE_ACTIVITY	5		Rejected!	
GOMF_DEOXYNUCLEOSIDE_PHOSPHATE_KINASE_ACTIVITY_ATP_AS_PHOSPHATE_DONOR	6		Rejected!	
GOMF_DEOXYRIBONUCLEASE_I_ACTIVITY	5		Rejected!	
GOMF_DEOXYRIBONUCLEOTIDE_BINDING	5		Rejected!	
GOMF_DERMATAN_4_SULFOTRANSFERASE_ACTIVITY	5		Rejected!	
GOMF_DERMATAN_SULFOTRANSFERASE_ACTIVITY	6		Rejected!	
GOMF_DESUMOYLASE_ACTIVITY	7		Rejected!	
GOMF_DEUBIQUITINASE_ACTIVATOR_ACTIVITY	7		Rejected!	
GOMF_DIACYLGLYCEROL_BINDING	15		Rejected!	
GOMF_DIACYLGLYCEROL_DEPENDENT_SERINE_THREONINE_KINASE_ACTIVITY	20	18		
GOMF_DIACYLGLYCEROL_O_ACYLTRANSFERASE_ACTIVITY	7		Rejected!	
GOMF_DIAMINE_OXIDASE_ACTIVITY	6		Rejected!	
GOMF_DICARBOXYLIC_ACID_TRANSMEMBRANE_TRANSPORTER_ACTIVITY	31	24		
GOMF_DIHYDROPYRIMIDINASE_ACTIVITY	6		Rejected!	
GOMF_DINUCLEOTIDE_PHOSPHATASE_ACTIVITY	8		Rejected!	
GOMF_DIOXYGENASE_ACTIVITY	92	77		
GOMF_DIPEPTIDASE_ACTIVITY	18		Rejected!	
GOMF_DIPEPTIDE_TRANSMEMBRANE_TRANSPORTER_ACTIVITY	5		Rejected!	
GOMF_DIPEPTIDYL_PEPTIDASE_ACTIVITY	12		Rejected!	
GOMF_DISACCHARIDE_BINDING	5		Rejected!	
GOMF_DISORDERED_DOMAIN_SPECIFIC_BINDING	27	21		
GOMF_DISULFIDE_OXIDOREDUCTASE_ACTIVITY	42	38		
GOMF_DNA_APURINIC_OR_APYRIMIDINIC_SITE_ENDONUCLEASE_ACTIVITY	14		Rejected!	
GOMF_DNA_BINDING_BENDING	19	17		
GOMF_DNA_BINDING_TRANSCRIPTION_ACTIVATOR_ACTIVITY	448	364		
GOMF_DNA_BINDING_TRANSCRIPTION_FACTOR_ACTIVITY	1406		Rejected!	
GOMF_DNA_BINDING_TRANSCRIPTION_FACTOR_BINDING	497	416		
GOMF_DNA_BINDING_TRANSCRIPTION_REPRESSOR_ACTIVITY	284	247		
GOMF_DNA_CLAMP_LOADER_ACTIVITY	9		Rejected!	
GOMF_DNA_DAMAGE_SENSOR_ACTIVITY	25	18		
GOMF_DNA_DEMETHYLASE_ACTIVITY	5		Rejected!	
GOMF_DNA_DIRECTED_DNA_POLYMERASE_ACTIVITY	23	21		
GOMF_DNA_DNA_ANNEALING_ACTIVITY	8		Rejected!	
GOMF_DNA_DNA_TETHERING_ACTIVITY	6		Rejected!	
GOMF_DNA_ENDONUCLEASE_ACTIVITY	44	39		
GOMF_DNA_ENDONUCLEASE_ACTIVITY_PRODUCING_3_PHOSPHOMONOESTERS	11		Rejected!	
GOMF_DNA_ENDONUCLEASE_ACTIVITY_PRODUCING_5_PHOSPHOMONOESTERS	15		Rejected!	
GOMF_DNA_EXONUCLEASE_ACTIVITY	26	24		
GOMF_DNA_HELICASE_ACTIVITY	61	54		
GOMF_DNA_INSERTION_OR_DELETION_BINDING	6		Rejected!	
GOMF_DNA_METHYLTRANSFERASE_ACTIVITY	6		Rejected!	
GOMF_DNA_NUCLEASE_ACTIVITY	69	62		
GOMF_DNA_N_GLYCOSYLASE_ACTIVITY	14		Rejected!	
GOMF_DNA_POLYMERASE_ACTIVITY	39	35		
GOMF_DNA_POLYMERASE_BINDING	22	18		
GOMF_DNA_REPLICATION_ORIGIN_BINDING	16		Rejected!	
GOMF_DNA_RNA_HYBRID_BINDING	5		Rejected!	
GOMF_DNA_SECONDARY_STRUCTURE_BINDING	37	33		
GOMF_DNA_TOPOISOMERASE_ACTIVITY	7		Rejected!	
GOMF_DNA_TRANSLOCASE_ACTIVITY	5		Rejected!	
GOMF_DOLICHYL_PHOSPHATE_MANNOSE_PROTEIN_MANNOSYLTRANSFERASE_ACTIVITY	8		Rejected!	
GOMF_DOPAMINE_BINDING	6		Rejected!	
GOMF_DOPAMINE_NEUROTRANSMITTER_RECEPTOR_ACTIVITY	5		Rejected!	
GOMF_DOPAMINE_RECEPTOR_BINDING	15		Rejected!	
GOMF_DOUBLE_STRANDED_DNA_3_5_DNA_EXONUCLEASE_ACTIVITY	6		Rejected!	
GOMF_DOUBLE_STRANDED_DNA_EXODEOXYRIBONUCLEASE_ACTIVITY	8		Rejected!	
GOMF_DOUBLE_STRANDED_METHYLATED_DNA_BINDING	6		Rejected!	
GOMF_DOUBLE_STRANDED_RNA_ADENOSINE_DEAMINASE_ACTIVITY	6		Rejected!	
GOMF_DOUBLE_STRANDED_RNA_BINDING	78	64		
GOMF_DOUBLE_STRANDED_TELOMERIC_DNA_BINDING	9		Rejected!	
GOMF_DYNACTIN_BINDING	14		Rejected!	
GOMF_DYNEIN_COMPLEX_BINDING	24	21		
GOMF_DYNEIN_HEAVY_CHAIN_BINDING	15		Rejected!	
GOMF_DYNEIN_INTERMEDIATE_CHAIN_BINDING	38	36		
GOMF_DYNEIN_LIGHT_CHAIN_BINDING	9		Rejected!	
GOMF_DYNEIN_LIGHT_INTERMEDIATE_CHAIN_BINDING	28	27		
GOMF_DYSTROGLYCAN_BINDING	11		Rejected!	
GOMF_D_CMP_KINASE_ACTIVITY	6		Rejected!	
GOMF_D_GLUCOSE_BINDING	11		Rejected!	
GOMF_D_GLUCOSE_SODIUM_SYMPORTER_ACTIVITY	7		Rejected!	
GOMF_D_LOOP_DNA_BINDING	5		Rejected!	
GOMF_D_MANNOSE_BINDING	24		Rejected!	
GOMF_EFFLUX_TRANSMEMBRANE_TRANSPORTER_ACTIVITY	16		Rejected!	
GOMF_ELECTRON_TRANSFER_ACTIVITY	115	100		
GOMF_ENDONUCLEASE_ACTIVITY	130	115		
GOMF_ENDOPEPTIDASE_ACTIVATOR_ACTIVITY	29	23		
GOMF_ENDOPEPTIDASE_ACTIVITY	588	416		
GOMF_ENDOPEPTIDASE_REGULATOR_ACTIVITY	197	132		
GOMF_ENDOPOLYPHOSPHATASE_ACTIVITY	5		Rejected!	
GOMF_ENONE_REDUCTASE_ACTIVITY	5		Rejected!	
GOMF_ENOYL_COA_HYDRATASE_ACTIVITY	13		Rejected!	
GOMF_ENZYME_ACTIVATOR_ACTIVITY	660		Rejected!	
GOMF_ENZYME_INHIBITOR_ACTIVITY	447	343		
GOMF_ENZYME_REGULATOR_ACTIVITY	1405		Rejected!	
GOMF_ENZYME_SUBSTRATE_ADAPTOR_ACTIVITY	146	111		
GOMF_EPHRIN_RECEPTOR_ACTIVITY	19	16		
GOMF_EPHRIN_RECEPTOR_BINDING	28	27		
GOMF_EPIDERMAL_GROWTH_FACTOR_RECEPTOR_BINDING	35	31		
GOMF_EPINEPHRINE_BINDING	6		Rejected!	
GOMF_EPOXIDE_HYDROLASE_ACTIVITY	8		Rejected!	
GOMF_ERBB_3_CLASS_RECEPTOR_BINDING	5		Rejected!	
GOMF_ER_RETENTION_SEQUENCE_BINDING	5		Rejected!	
GOMF_ESTRADIOL_17_BETA_DEHYDROGENASE_NAD_P_PLUS_ACTIVITY	19	15		
GOMF_ESTROGEN_16_ALPHA_HYDROXYLASE_ACTIVITY	8		Rejected!	
GOMF_ESTROGEN_2_HYDROXYLASE_ACTIVITY	9		Rejected!	
GOMF_ESTROGEN_RESPONSE_ELEMENT_BINDING	11		Rejected!	
GOMF_EUKARYOTIC_INITIATION_FACTOR_4E_BINDING	10		Rejected!	
GOMF_EXCITATORY_EXTRACELLULAR_LIGAND_GATED_MONOATOMIC_ION_CHANNEL_ACTIVITY	37	28		
GOMF_EXOGENOUS_PROTEIN_BINDING	84	63		
GOMF_EXONUCLEASE_ACTIVITY	89	82		
GOMF_EXOPEPTIDASE_ACTIVITY	108	93		
GOMF_EXTRACELLULARLY_ATP_GATED_MONOATOMIC_CATION_CHANNEL_ACTIVITY	7		Rejected!	
GOMF_EXTRACELLULAR_LIGAND_GATED_MONOATOMIC_ION_CHANNEL_ACTIVITY	74	60		
GOMF_EXTRACELLULAR_MATRIX_BINDING	66	62		
GOMF_EXTRACELLULAR_MATRIX_CONSTITUENT_CONFERRING_ELASTICITY	9		Rejected!	
GOMF_EXTRACELLULAR_MATRIX_PROTEIN_BINDING	6		Rejected!	
GOMF_EXTRACELLULAR_MATRIX_STRUCTURAL_CONSTITUENT	168	140		
GOMF_EXTRACELLULAR_MATRIX_STRUCTURAL_CONSTITUENT_CONFERRING_COMPRESSION_RESISTANCE	22	15		
GOMF_EXTRACELLULAR_MATRIX_STRUCTURAL_CONSTITUENT_CONFERRING_TENSILE_STRENGTH	44	37		
GOMF_E_BOX_BINDING	59	43		
GOMF_FAD_BINDING	41	38		
GOMF_FATTY_ACID_BINDING	49	35		
GOMF_FATTY_ACID_DERIVATIVE_BINDING	15		Rejected!	
GOMF_FATTY_ACID_ELONGASE_ACTIVITY	7		Rejected!	
GOMF_FATTY_ACID_OMEGA_HYDROXYLASE_ACTIVITY	8		Rejected!	
GOMF_FATTY_ACID_TRANSMEMBRANE_TRANSPORTER_ACTIVITY	19	16		
GOMF_FATTY_ACYL_COA_SYNTHASE_ACTIVITY	7		Rejected!	
GOMF_FATZ_BINDING	5		Rejected!	
GOMF_FERRIC_IRON_BINDING	10		Rejected!	
GOMF_FERROUS_IRON_BINDING	25	20		
GOMF_FERROUS_IRON_TRANSMEMBRANE_TRANSPORTER_ACTIVITY	6		Rejected!	
GOMF_FIBRINOGEN_BINDING	7		Rejected!	
GOMF_FIBROBLAST_GROWTH_FACTOR_BINDING	23	19		
GOMF_FIBROBLAST_GROWTH_FACTOR_RECEPTOR_ACTIVITY	5		Rejected!	
GOMF_FIBROBLAST_GROWTH_FACTOR_RECEPTOR_BINDING	29	22		
GOMF_FIBRONECTIN_BINDING	30	27		
GOMF_FILAMIN_BINDING	13		Rejected!	
GOMF_FK506_BINDING	10		Rejected!	
GOMF_FLAP_ENDONUCLEASE_ACTIVITY	9		Rejected!	
GOMF_FLAVIN_ADENINE_DINUCLEOTIDE_BINDING	86	80		
GOMF_FLIPPASE_ACTIVITY	15	15		
GOMF_FLOPPASE_ACTIVITY	16		Rejected!	
GOMF_FMN_BINDING	15		Rejected!	
GOMF_FOLIC_ACID_BINDING	14		Rejected!	
GOMF_FOLIC_ACID_TRANSMEMBRANE_TRANSPORTER_ACTIVITY	5		Rejected!	
GOMF_FOUR_WAY_JUNCTION_DNA_BINDING	17	15		
GOMF_FOUR_WAY_JUNCTION_HELICASE_ACTIVITY	6		Rejected!	
GOMF_FRIZZLED_BINDING	39	34		
GOMF_FRUCTOSE_2_6_BISPHOSPHATE_2_PHOSPHATASE_ACTIVITY	5		Rejected!	
GOMF_FRUCTOSE_BINDING	7		Rejected!	
GOMF_FRUCTOSE_TRANSMEMBRANE_TRANSPORTER_ACTIVITY	9		Rejected!	
GOMF_FUCOSE_BINDING	8		Rejected!	
GOMF_FUCOSYLTRANSFERASE_ACTIVITY	13		Rejected!	
GOMF_GABA_A_RECEPTOR_ACTIVITY	19	15		
GOMF_GABA_RECEPTOR_ACTIVITY	23	19		
GOMF_GABA_RECEPTOR_BINDING	19		Rejected!	
GOMF_GALACTOSIDASE_ACTIVITY	7		Rejected!	
GOMF_GALACTOSIDE_BINDING	6		Rejected!	
GOMF_GALACTOSYLTRANSFERASE_ACTIVITY	33	26		
GOMF_GAMMA_AMINOBUTYRIC_ACID_SODIUM_CHLORIDE_SYMPORTER_ACTIVITY	6		Rejected!	
GOMF_GAMMA_AMINOBUTYRIC_ACID_TRANSMEMBRANE_TRANSPORTER_ACTIVITY	9		Rejected!	
GOMF_GAMMA_CATENIN_BINDING	12		Rejected!	
GOMF_GAMMA_TUBULIN_BINDING	35	30		
GOMF_GANGLIOSIDE_BINDING	5		Rejected!	
GOMF_GAP_JUNCTION_CHANNEL_ACTIVITY	24	15		
GOMF_GAP_JUNCTION_CHANNEL_ACTIVITY_INVOLVED_IN_CARDIAC_CONDUCTION_ELECTRICAL_COUPLING	5		Rejected!	
GOMF_GAP_JUNCTION_CHANNEL_ACTIVITY_INVOLVED_IN_CELL_COMMUNICATION_BY_ELECTRICAL_COUPLING	8		Rejected!	
GOMF_GAP_JUNCTION_HEMI_CHANNEL_ACTIVITY	6		Rejected!	
GOMF_GATED_CHANNEL_ACTIVITY	323	261		
GOMF_GDP_BINDING	321	295		
GOMF_GDP_DISSOCIATION_INHIBITOR_ACTIVITY	17		Rejected!	
GOMF_GDP_PHOSPHATASE_ACTIVITY	10		Rejected!	
GOMF_GENERAL_TRANSCRIPTION_INITIATION_FACTOR_ACTIVITY	68	48		
GOMF_GENERAL_TRANSCRIPTION_INITIATION_FACTOR_BINDING	54	47		
GOMF_GI_O_COUPLED_SEROTONIN_RECEPTOR_ACTIVITY	6		Rejected!	
GOMF_GLIAL_CELL_DERIVED_NEUROTROPHIC_FACTOR_RECEPTOR_ACTIVITY	5		Rejected!	
GOMF_GLUCOSIDASE_ACTIVITY	14		Rejected!	
GOMF_GLUCOSYLTRANSFERASE_ACTIVITY	21	18		
GOMF_GLUCURONOSYLTRANSFERASE_ACTIVITY	35	16		
GOMF_GLUCURONOSYL_N_ACETYLGALACTOSAMINYL_PROTEOGLYCAN_4_BETA_N_ACETYLGALACTOSAMINYLTRANSFERASE_ACTIVITY	6		Rejected!	
GOMF_GLUTAMATE_BINDING	7		Rejected!	
GOMF_GLUTAMATE_GATED_CALCIUM_ION_CHANNEL_ACTIVITY	9		Rejected!	
GOMF_GLUTAMATE_GATED_RECEPTOR_ACTIVITY	18	17		
GOMF_GLUTAMATE_RECEPTOR_ACTIVITY	26	24		
GOMF_GLUTAMATE_RECEPTOR_BINDING	47	45		
GOMF_GLUTAMATE_SODIUM_SYMPORTER_ACTIVITY	5		Rejected!	
GOMF_GLUTATHIONE_DISULFIDE_OXIDOREDUCTASE_ACTIVITY	5		Rejected!	
GOMF_GLUTATHIONE_HYDROLASE_ACTIVITY	9		Rejected!	
GOMF_GLUTATHIONE_PEROXIDASE_ACTIVITY	23	20		
GOMF_GLUTATHIONE_TRANSFERASE_ACTIVITY	29	23		
GOMF_GLUTATHIONE_TRANSMEMBRANE_TRANSPORTER_ACTIVITY	7		Rejected!	
GOMF_GLYCEROL_CHANNEL_ACTIVITY	6		Rejected!	
GOMF_GLYCEROL_TRANSMEMBRANE_TRANSPORTER_ACTIVITY	8		Rejected!	
GOMF_GLYCEROPHOSPHODIESTER_PHOSPHODIESTERASE_ACTIVITY	5		Rejected!	
GOMF_GLYCEROPHOSPHOLIPID_FLIPPASE_ACTIVITY	12		Rejected!	
GOMF_GLYCINE_BINDING	11		Rejected!	
GOMF_GLYCINE_N_ACYLTRANSFERASE_ACTIVITY	5		Rejected!	
GOMF_GLYCINE_TRANSMEMBRANE_TRANSPORTER_ACTIVITY	10		Rejected!	
GOMF_GLYCOGEN_BINDING	9		Rejected!	
GOMF_GLYCOLIPID_BINDING	31	24		
GOMF_GLYCOLIPID_MANNOSYLTRANSFERASE_ACTIVITY	5		Rejected!	
GOMF_GLYCOSAMINOGLYCAN_BINDING	244	181		
GOMF_GLYCOSPHINGOLIPID_BINDING	11		Rejected!	
GOMF_GLYCOSYLCERAMIDASE_ACTIVITY	5		Rejected!	
GOMF_GLYCOSYLTRANSFERASE_ACTIVITY	277	217		
GOMF_GPI_ANCHOR_BINDING	9		Rejected!	
GOMF_GPI_LINKED_EPHRIN_RECEPTOR_ACTIVITY	7		Rejected!	
GOMF_GROWTH_FACTOR_ACTIVITY	162	122		
GOMF_GROWTH_FACTOR_BINDING	137	116		
GOMF_GROWTH_FACTOR_RECEPTOR_BINDING	142	111		
GOMF_GROWTH_HORMONE_RECEPTOR_BINDING	10		Rejected!	
GOMF_GTPASE_ACTIVATING_PROTEIN_BINDING	11		Rejected!	
GOMF_GTPASE_ACTIVATOR_ACTIVITY	275	242		
GOMF_GTPASE_ACTIVITY	783		Rejected!	
GOMF_GTPASE_BINDING	322	302		
GOMF_GTPASE_INHIBITOR_ACTIVITY	12		Rejected!	
GOMF_GTP_DEPENDENT_PROTEIN_BINDING	21	19		
GOMF_GUANINE_NUCLEOTIDE_TRANSMEMBRANE_TRANSPORTER_ACTIVITY	5		Rejected!	
GOMF_GUANYLATE_CYCLASE_ACTIVITY	17		Rejected!	
GOMF_GUANYLATE_CYCLASE_REGULATOR_ACTIVITY	9		Rejected!	
GOMF_GUANYLATE_KINASE_ACTIVITY	9		Rejected!	
GOMF_GUANYLYLTRANSFERASE_ACTIVITY	8		Rejected!	
GOMF_GUANYL_NUCLEOTIDE_BINDING	639		Rejected!	
GOMF_GUANYL_NUCLEOTIDE_EXCHANGE_FACTOR_ACTIVITY	232	214		
GOMF_G_PROTEIN_ACTIVITY	67	61		
GOMF_G_PROTEIN_ALPHA_SUBUNIT_BINDING	30	30		
GOMF_G_PROTEIN_BETA_GAMMA_SUBUNIT_COMPLEX_BINDING	23	17		
GOMF_G_PROTEIN_BETA_SUBUNIT_BINDING	23	20		
GOMF_G_PROTEIN_COUPLED_ACETYLCHOLINE_RECEPTOR_ACTIVITY	5		Rejected!	
GOMF_G_PROTEIN_COUPLED_ADENOSINE_RECEPTOR_ACTIVITY	5		Rejected!	
GOMF_G_PROTEIN_COUPLED_AMINE_RECEPTOR_ACTIVITY	41	29		
GOMF_G_PROTEIN_COUPLED_CHEMOATTRACTANT_RECEPTOR_ACTIVITY	26		Rejected!	
GOMF_G_PROTEIN_COUPLED_GLUTAMATE_RECEPTOR_ACTIVITY	9		Rejected!	
GOMF_G_PROTEIN_COUPLED_GLUTAMATE_RECEPTOR_BINDING	10		Rejected!	
GOMF_G_PROTEIN_COUPLED_NEUROTRANSMITTER_RECEPTOR_ACTIVITY	11		Rejected!	
GOMF_G_PROTEIN_COUPLED_OPIOID_RECEPTOR_ACTIVITY	7		Rejected!	
GOMF_G_PROTEIN_COUPLED_PURINERGIC_NUCLEOTIDE_RECEPTOR_ACTIVITY	13		Rejected!	
GOMF_G_PROTEIN_COUPLED_RECEPTOR_ACTIVITY	874	296		
GOMF_G_PROTEIN_COUPLED_RECEPTOR_ACTIVITY_INVOLVED_IN_REGULATION_OF_POSTSYNAPTIC_MEMBRANE_POTENTIAL	6		Rejected!	
GOMF_G_PROTEIN_COUPLED_RECEPTOR_BINDING	299	204		
GOMF_G_PROTEIN_COUPLED_RECEPTOR_KINASE_ACTIVITY	7		Rejected!	
GOMF_G_PROTEIN_COUPLED_SEROTONIN_RECEPTOR_ACTIVITY	13		Rejected!	
GOMF_G_QUADRUPLEX_DNA_BINDING	11		Rejected!	
GOMF_G_QUADRUPLEX_RNA_BINDING	8		Rejected!	
GOMF_G_RICH_STRAND_TELOMERIC_DNA_BINDING	10		Rejected!	
GOMF_HAPTOGLOBIN_BINDING	10		Rejected!	
GOMF_HEAT_SHOCK_PROTEIN_BINDING	130	108		
GOMF_HEME_TRANSMEMBRANE_TRANSPORTER_ACTIVITY	9		Rejected!	
GOMF_HEMOGLOBIN_ALPHA_BINDING	5		Rejected!	
GOMF_HEMOGLOBIN_BINDING	9		Rejected!	
GOMF_HEPARAN_SULFATE_BINDING	8		Rejected!	
GOMF_HEPARAN_SULFATE_GLUCOSAMINE_3_SULFOTRANSFERASE_ACTIVITY	7		Rejected!	
GOMF_HEPARAN_SULFATE_PROTEOGLYCAN_BINDING	19		Rejected!	
GOMF_HEPARAN_SULFATE_SULFOTRANSFERASE_ACTIVITY	15		Rejected!	
GOMF_HEPARIN_BINDING	172	131		
GOMF_HETEROTRIMERIC_G_PROTEIN_BINDING	7		Rejected!	
GOMF_HEXOKINASE_ACTIVITY	5		Rejected!	
GOMF_HEXOSAMINIDASE_ACTIVITY	15		Rejected!	
GOMF_HEXOSYLTRANSFERASE_ACTIVITY	202	156		
GOMF_HIGH_DENSITY_LIPOPROTEIN_PARTICLE_BINDING	13		Rejected!	
GOMF_HIGH_VOLTAGE_GATED_CALCIUM_CHANNEL_ACTIVITY	14		Rejected!	
GOMF_HISTAMINE_RECEPTOR_ACTIVITY	6		Rejected!	
GOMF_HISTONE_ACETYLTRANSFERASE_ACTIVITY	46	37		
GOMF_HISTONE_ACETYLTRANSFERASE_BINDING	26	23		
GOMF_HISTONE_BINDING	222	194		
GOMF_HISTONE_CHAPERONE_ACTIVITY	14		Rejected!	
GOMF_HISTONE_DEACETYLASE_ACTIVITY_HYDROLYTIC_MECHANISM	12		Rejected!	
GOMF_HISTONE_DEACETYLASE_BINDING	132	108		
GOMF_HISTONE_DEACETYLASE_REGULATOR_ACTIVITY	7		Rejected!	
GOMF_HISTONE_DECROTONYLASE_ACTIVITY	5		Rejected!	
GOMF_HISTONE_DEUBIQUITINASE_ACTIVITY	8		Rejected!	
GOMF_HISTONE_H2AX_KINASE_ACTIVITY	5		Rejected!	
GOMF_HISTONE_H2A_DEUBIQUITINASE_ACTIVITY	6		Rejected!	
GOMF_HISTONE_H2A_UBIQUITIN_LIGASE_ACTIVITY	8		Rejected!	
GOMF_HISTONE_H3K14_ACETYLTRANSFERASE_ACTIVITY	10		Rejected!	
GOMF_HISTONE_H3K27ME2_H3K27ME3_DEMETHYLASE_ACTIVITY	5		Rejected!	
GOMF_HISTONE_H3K27ME3_READER_ACTIVITY	10		Rejected!	
GOMF_HISTONE_H3K27_METHYLTRANSFERASE_ACTIVITY	6		Rejected!	
GOMF_HISTONE_H3K36ME3_READER_ACTIVITY	7		Rejected!	
GOMF_HISTONE_H3K36_DEMETHYLASE_ACTIVITY	10		Rejected!	
GOMF_HISTONE_H3K36_METHYLTRANSFERASE_ACTIVITY	13		Rejected!	
GOMF_HISTONE_H3K36_TRIMETHYLTRANSFERASE_ACTIVITY	6		Rejected!	
GOMF_HISTONE_H3K4ME3_READER_ACTIVITY	26	22		
GOMF_HISTONE_H3K4ME_H3K4ME2_H3K4ME3_DEMETHYLASE_ACTIVITY	5		Rejected!	
GOMF_HISTONE_H3K4_DEMETHYLASE_ACTIVITY	8		Rejected!	
GOMF_HISTONE_H3K4_METHYLTRANSFERASE_ACTIVITY	19	15		
GOMF_HISTONE_H3K4_MONOMETHYLTRANSFERASE_ACTIVITY	8		Rejected!	
GOMF_HISTONE_H3K4_TRIMETHYLTRANSFERASE_ACTIVITY	10		Rejected!	
GOMF_HISTONE_H3K9ME2_3_READER_ACTIVITY	17		Rejected!	
GOMF_HISTONE_H3K9ME2_H3K9ME3_DEMETHYLASE_ACTIVITY	5		Rejected!	
GOMF_HISTONE_H3K9ME2_METHYLTRANSFERASE_ACTIVITY	8		Rejected!	
GOMF_HISTONE_H3K9ME_H3K9ME2_DEMETHYLASE_ACTIVITY	5		Rejected!	
GOMF_HISTONE_H3K9_DEMETHYLASE_ACTIVITY	14		Rejected!	
GOMF_HISTONE_H3K9_METHYLTRANSFERASE_ACTIVITY	13		Rejected!	
GOMF_HISTONE_H3K9_MONOMETHYLTRANSFERASE_ACTIVITY	6		Rejected!	
GOMF_HISTONE_H3K9_TRIMETHYLTRANSFERASE_ACTIVITY	5		Rejected!	
GOMF_HISTONE_H3_ACETYLTRANSFERASE_ACTIVITY	16		Rejected!	
GOMF_HISTONE_H3_KINASE_ACTIVITY	12		Rejected!	
GOMF_HISTONE_H3_METHYLTRANSFERASE_ACTIVITY	44	38		
GOMF_HISTONE_H3_READER_ACTIVITY	61	48		
GOMF_HISTONE_H4K12_ACETYLTRANSFERASE_ACTIVITY	12		Rejected!	
GOMF_HISTONE_H4K16_ACETYLTRANSFERASE_ACTIVITY	8		Rejected!	
GOMF_HISTONE_H4K20ME2_READER_ACTIVITY	6		Rejected!	
GOMF_HISTONE_H4K20_METHYLTRANSFERASE_ACTIVITY	10		Rejected!	
GOMF_HISTONE_H4K20_MONOMETHYLTRANSFERASE_ACTIVITY	6		Rejected!	
GOMF_HISTONE_H4K5_ACETYLTRANSFERASE_ACTIVITY	11		Rejected!	
GOMF_HISTONE_H4R3_METHYLTRANSFERASE_ACTIVITY	5		Rejected!	
GOMF_HISTONE_H4_ACETYLTRANSFERASE_ACTIVITY	21	17		
GOMF_HISTONE_H4_DEMETHYLASE_ACTIVITY	5		Rejected!	
GOMF_HISTONE_H4_METHYLTRANSFERASE_ACTIVITY	18	17		
GOMF_HISTONE_H4_READER_ACTIVITY	18	15		
GOMF_HISTONE_KINASE_ACTIVITY	24	21		
GOMF_HISTONE_METHYLTRANSFERASE_ACTIVITY	59	53		
GOMF_HISTONE_METHYLTRANSFERASE_BINDING	17	15		
GOMF_HISTONE_MODIFYING_ACTIVITY	190	158		
GOMF_HISTONE_OCTAMER_SLIDER_ACTIVITY	6		Rejected!	
GOMF_HISTONE_READER_ACTIVITY	92	73		
GOMF_HISTONE_UBIQUITIN_LIGASE_ACTIVITY	13		Rejected!	
GOMF_HMG_BOX_DOMAIN_BINDING	12		Rejected!	
GOMF_HORMONE_ACTIVITY	132	79		
GOMF_HORMONE_BINDING	95	76		
GOMF_HORMONE_RECEPTOR_BINDING	35	22		
GOMF_HSP70_PROTEIN_BINDING	51	41		
GOMF_HSP90_PROTEIN_BINDING	42	35		
GOMF_HYALURONIC_ACID_BINDING	26	21		
GOMF_HYALURONONGLUCOSAMINIDASE_ACTIVITY	8		Rejected!	
GOMF_HYDROLASE_ACTIVITY_ACTING_ON_ACID_ANHYDRIDES	1268		Rejected!	
GOMF_HYDROLASE_ACTIVITY_ACTING_ON_CARBON_NITROGEN_BUT_NOT_PEPTIDE_BONDS	132	104		
GOMF_HYDROLASE_ACTIVITY_ACTING_ON_CARBON_NITROGEN_BUT_NOT_PEPTIDE_BONDS_IN_CYCLIC_AMIDES	15	15		
GOMF_HYDROLASE_ACTIVITY_ACTING_ON_CARBON_NITROGEN_BUT_NOT_PEPTIDE_BONDS_IN_CYCLIC_AMIDINES	35	26		
GOMF_HYDROLASE_ACTIVITY_ACTING_ON_CARBON_NITROGEN_BUT_NOT_PEPTIDE_BONDS_IN_LINEAR_AMIDES	68	53		
GOMF_HYDROLASE_ACTIVITY_ACTING_ON_CARBON_NITROGEN_BUT_NOT_PEPTIDE_BONDS_IN_LINEAR_AMIDINES	11		Rejected!	
GOMF_HYDROLASE_ACTIVITY_ACTING_ON_ESTER_BONDS	931		Rejected!	
GOMF_HYDROLASE_ACTIVITY_ACTING_ON_ETHER_BONDS	12		Rejected!	
GOMF_HYDROLASE_ACTIVITY_ACTING_ON_GLYCOSYL_BONDS	134	98		
GOMF_HYDROLASE_ACTIVITY_HYDROLYZING_N_GLYCOSYL_COMPOUNDS	40	32		
GOMF_HYDROLASE_ACTIVITY_HYDROLYZING_O_GLYCOSYL_COMPOUNDS	94	65		
GOMF_HYDROPEROXY_ICOSATETRAENOATE_DEHYDRATASE_ACTIVITY	7		Rejected!	
GOMF_HYDROXYAPATITE_BINDING	5		Rejected!	
GOMF_HYDROXYMETHYL_FORMYL_AND_RELATED_TRANSFERASE_ACTIVITY	7		Rejected!	
GOMF_HYDRO_LYASE_ACTIVITY	61	50		
GOMF_ICOSANOID_BINDING	8		Rejected!	
GOMF_ICOSANOID_RECEPTOR_ACTIVITY	15		Rejected!	
GOMF_ICOSANOID_TRANSMEMBRANE_TRANSPORTER_ACTIVITY	13		Rejected!	
GOMF_ICOSATETRAENOIC_ACID_BINDING	8		Rejected!	
GOMF_IGE_BINDING	5		Rejected!	
GOMF_IGG_BINDING	11		Rejected!	
GOMF_IGG_RECEPTOR_ACTIVITY	7		Rejected!	
GOMF_IMMUNE_RECEPTOR_ACTIVITY	157	92		
GOMF_IMMUNOGLOBULIN_BINDING	27		Rejected!	
GOMF_IMMUNOGLOBULIN_RECEPTOR_ACTIVITY	14		Rejected!	
GOMF_IMMUNOGLOBULIN_RECEPTOR_BINDING	19		Rejected!	
GOMF_IMPORTIN_ALPHA_FAMILY_PROTEIN_BINDING	9		Rejected!	
GOMF_INHIBITORY_MHC_CLASS_I_RECEPTOR_ACTIVITY	13		Rejected!	
GOMF_INITIATOR_METHIONYL_AMINOPEPTIDASE_ACTIVITY	5		Rejected!	
GOMF_INORGANIC_ANION_TRANSMEMBRANE_TRANSPORTER_ACTIVITY	175	139		
GOMF_INORGANIC_DIPHOSPHATE_PHOSPHATASE_ACTIVITY	5		Rejected!	
GOMF_INOSITOL_1_3_4_5_6_PENTAKISPHOSPHATE_KINASE_ACTIVITY	5		Rejected!	
GOMF_INOSITOL_1_3_4_5_TETRAKISPHOSPHATE_5_PHOSPHATASE_ACTIVITY	6		Rejected!	
GOMF_INOSITOL_1_3_4_5_TETRAKISPHOSPHATE_BINDING	5		Rejected!	
GOMF_INOSITOL_1_4_5_TRISPHOSPHATE_5_PHOSPHATASE_ACTIVITY	7		Rejected!	
GOMF_INOSITOL_1_4_5_TRISPHOSPHATE_BINDING	12		Rejected!	
GOMF_INOSITOL_BISPHOSPHATE_PHOSPHATASE_ACTIVITY	7		Rejected!	
GOMF_INOSITOL_HEXAKISPHOSPHATE_KINASE_ACTIVITY	8		Rejected!	
GOMF_INOSITOL_PHOSPHATE_KINASE_ACTIVITY	11		Rejected!	
GOMF_INOSITOL_PHOSPHATE_PHOSPHATASE_ACTIVITY	20	15		
GOMF_INOSITOL_POLYPHOSPHATE_5_PHOSPHATASE_ACTIVITY	10		Rejected!	
GOMF_INOSITOL_TETRAKISPHOSPHATE_PHOSPHATASE_ACTIVITY	8		Rejected!	
GOMF_INOSITOL_TRISPHOSPHATE_KINASE_ACTIVITY	5		Rejected!	
GOMF_INOSITOL_TRISPHOSPHATE_PHOSPHATASE_ACTIVITY	14		Rejected!	
GOMF_INSULIN_BINDING	5		Rejected!	
GOMF_INSULIN_LIKE_GROWTH_FACTOR_BINDING	19	18		
GOMF_INSULIN_LIKE_GROWTH_FACTOR_II_BINDING	8		Rejected!	
GOMF_INSULIN_LIKE_GROWTH_FACTOR_I_BINDING	13		Rejected!	
GOMF_INSULIN_LIKE_GROWTH_FACTOR_RECEPTOR_BINDING	16		Rejected!	
GOMF_INSULIN_RECEPTOR_BINDING	22	20		
GOMF_INSULIN_RECEPTOR_SUBSTRATE_BINDING	13		Rejected!	
GOMF_INTEGRIN_BINDING	162	141		
GOMF_INTEGRIN_BINDING_INVOLVED_IN_CELL_MATRIX_ADHESION	5		Rejected!	
GOMF_INTERFERON_RECEPTOR_ACTIVITY	5		Rejected!	
GOMF_INTERLEUKIN_12_RECEPTOR_BINDING	5		Rejected!	
GOMF_INTERLEUKIN_17_RECEPTOR_ACTIVITY	8		Rejected!	
GOMF_INTERLEUKIN_1_BINDING	10		Rejected!	
GOMF_INTERLEUKIN_1_RECEPTOR_ACTIVITY	7		Rejected!	
GOMF_INTERLEUKIN_1_RECEPTOR_BINDING	16		Rejected!	
GOMF_INTERLEUKIN_2_RECEPTOR_BINDING	5		Rejected!	
GOMF_INTERLEUKIN_6_RECEPTOR_BINDING	7		Rejected!	
GOMF_INTERMEDIATE_FILAMENT_BINDING	11		Rejected!	
GOMF_INTRACELLULARLY_CALCIUM_GATED_CHLORIDE_CHANNEL_ACTIVITY	20	17		
GOMF_INTRACELLULARLY_CAMP_ACTIVATED_CATION_CHANNEL_ACTIVITY	9		Rejected!	
GOMF_INTRACELLULARLY_CGMP_ACTIVATED_CATION_CHANNEL_ACTIVITY	7		Rejected!	
GOMF_INTRACELLULARLY_GATED_CALCIUM_CHANNEL_ACTIVITY	16		Rejected!	
GOMF_INTRACELLULARLY_LIGAND_GATED_MONOATOMIC_ION_CHANNEL_ACTIVITY	29	23		
GOMF_INTRACILIARY_TRANSPORT_PARTICLE_B_BINDING	5		Rejected!	
GOMF_INTRAMEMBRANE_LIPID_TRANSPORTER_ACTIVITY	51	44		
GOMF_INTRAMOLECULAR_OXIDOREDUCTASE_ACTIVITY	54	48		
GOMF_INTRAMOLECULAR_OXIDOREDUCTASE_ACTIVITY_INTERCONVERTING_ALDOSES_AND_KETOSES	6		Rejected!	
GOMF_INTRAMOLECULAR_OXIDOREDUCTASE_ACTIVITY_INTERCONVERTING_KETO_AND_ENOL_GROUPS	6		Rejected!	
GOMF_INTRAMOLECULAR_OXIDOREDUCTASE_ACTIVITY_TRANSPOSING_C_C_BONDS	16		Rejected!	
GOMF_INTRAMOLECULAR_PHOSPHOTRANSFERASE_ACTIVITY	11		Rejected!	
GOMF_INTRAMOLECULAR_TRANSFERASE_ACTIVITY	29	27		
GOMF_INTRONIC_TRANSCRIPTION_REGULATORY_REGION_SEQUENCE_SPECIFIC_DNA_BINDING	11		Rejected!	
GOMF_INWARD_RECTIFIER_POTASSIUM_CHANNEL_ACTIVITY	29	24		
GOMF_IODIDE_TRANSMEMBRANE_TRANSPORTER_ACTIVITY	6		Rejected!	
GOMF_IONOTROPIC_GLUTAMATE_RECEPTOR_BINDING	30	28		
GOMF_IRON_ION_BINDING	153	107		
GOMF_IRON_ION_TRANSMEMBRANE_TRANSPORTER_ACTIVITY	11		Rejected!	
GOMF_ISOCITRATE_DEHYDROGENASE_NAD_P_PLUS_ACTIVITY	5		Rejected!	
GOMF_ISOMERASE_ACTIVITY	450	387		
GOMF_ISOPRENOID_BINDING	46	26		
GOMF_I_SMAD_BINDING	16		Rejected!	
GOMF_JUN_KINASE_BINDING	11		Rejected!	
GOMF_JUN_KINASE_KINASE_KINASE_ACTIVITY	9		Rejected!	
GOMF_K48_LINKED_DEUBIQUITINASE_ACTIVITY	19	17		
GOMF_K48_LINKED_POLYUBIQUITIN_MODIFICATION_DEPENDENT_PROTEIN_BINDING	10		Rejected!	
GOMF_K63_LINKED_DEUBIQUITINASE_ACTIVITY	17	15		
GOMF_K63_LINKED_POLYUBIQUITIN_MODIFICATION_DEPENDENT_PROTEIN_BINDING	26	25		
GOMF_KAINATE_SELECTIVE_GLUTAMATE_RECEPTOR_ACTIVITY	5		Rejected!	
GOMF_KERATIN_FILAMENT_BINDING	6		Rejected!	
GOMF_KETOSTEROID_MONOOXYGENASE_ACTIVITY	5		Rejected!	
GOMF_KINASE_ACTIVATOR_ACTIVITY	159	132		
GOMF_KINASE_ACTIVITY	992		Rejected!	
GOMF_KINASE_BINDING	778		Rejected!	
GOMF_KINASE_INHIBITOR_ACTIVITY	96	82		
GOMF_KINASE_REGULATOR_ACTIVITY	304	256		
GOMF_KINESIN_BINDING	44	42		
GOMF_KINETOCHORE_BINDING	6		Rejected!	
GOMF_LACTATE_DEHYDROGENASE_ACTIVITY	7		Rejected!	
GOMF_LACTATE_TRANSMEMBRANE_TRANSPORTER_ACTIVITY	6		Rejected!	
GOMF_LAMININ_1_BINDING	7		Rejected!	
GOMF_LAMININ_BINDING	28	26		
GOMF_LAMININ_RECEPTOR_ACTIVITY	5		Rejected!	
GOMF_LAMIN_BINDING	16		Rejected!	
GOMF_LARGE_RIBOSOMAL_SUBUNIT_RRNA_BINDING	6		Rejected!	
GOMF_LBD_DOMAIN_BINDING	7		Rejected!	
GOMF_LEUCINE_ZIPPER_DOMAIN_BINDING	11		Rejected!	
GOMF_LEUKOTRIENE_C4_GAMMA_GLUTAMYL_TRANSFERASE_ACTIVITY	5		Rejected!	
GOMF_LEUKOTRIENE_C4_SYNTHASE_ACTIVITY	5		Rejected!	
GOMF_LIGAND_GATED_CALCIUM_CHANNEL_ACTIVITY	28	24		
GOMF_LIGAND_GATED_CHANNEL_ACTIVITY	191	154		
GOMF_LIGAND_GATED_MONOATOMIC_ANION_CHANNEL_ACTIVITY	49	40		
GOMF_LIGAND_GATED_MONOATOMIC_CATION_CHANNEL_ACTIVITY	139	112		
GOMF_LIGAND_GATED_MONOATOMIC_ION_CHANNEL_ACTIVITY_INVOLVED_IN_REGULATION_OF_PRESYNAPTIC_MEMBRANE_POTENTIAL	16		Rejected!	
GOMF_LIGAND_GATED_SODIUM_CHANNEL_ACTIVITY	18	17		
GOMF_LIGAND_MODULATED_TRANSCRIPTION_FACTOR_ACTIVITY	60	54		
GOMF_LIGASE_ACTIVITY	171	150		
GOMF_LIGASE_ACTIVITY_FORMING_CARBON_CARBON_BONDS	7		Rejected!	
GOMF_LIGASE_ACTIVITY_FORMING_CARBON_NITROGEN_BONDS	50	41		
GOMF_LIGASE_ACTIVITY_FORMING_CARBON_OXYGEN_BONDS	41	40		
GOMF_LIGASE_ACTIVITY_FORMING_CARBON_SULFUR_BONDS	41	33		
GOMF_LIGASE_ACTIVITY_FORMING_PHOSPHORIC_ESTER_BONDS	8		Rejected!	
GOMF_LIM_DOMAIN_BINDING	7		Rejected!	
GOMF_LIPASE_ACTIVATOR_ACTIVITY	23	19		
GOMF_LIPASE_ACTIVITY	175	133		
GOMF_LIPASE_BINDING	10		Rejected!	
GOMF_LIPASE_INHIBITOR_ACTIVITY	20		Rejected!	
GOMF_LIPID_ANTIGEN_BINDING	5		Rejected!	
GOMF_LIPID_BINDING	877		Rejected!	
GOMF_LIPID_KINASE_ACTIVITY	44	39		
GOMF_LIPID_PHOSPHATASE_ACTIVITY	19	18		
GOMF_LIPID_TRANSFER_ACTIVITY	66	53		
GOMF_LIPID_TRANSMEMBRANE_TRANSPORTER_ACTIVITY	56	42		
GOMF_LIPID_TRANSPORTER_ACTIVITY	185	148		
GOMF_LIPOPEPTIDE_BINDING	10		Rejected!	
GOMF_LIPOPOLYSACCHARIDE_BINDING	42	23		
GOMF_LIPOPOLYSACCHARIDE_IMMUNE_RECEPTOR_ACTIVITY	6		Rejected!	
GOMF_LIPOPROTEIN_LIPASE_ACTIVITY	17		Rejected!	
GOMF_LIPOPROTEIN_PARTICLE_RECEPTOR_ACTIVITY	18	15		
GOMF_LIPOPROTEIN_PARTICLE_RECEPTOR_BINDING	31	23		
GOMF_LIPOTEICHOIC_ACID_BINDING	6		Rejected!	
GOMF_LNCRNA_BINDING	35	19		
GOMF_LONG_CHAIN_FATTY_ACID_BINDING	16		Rejected!	
GOMF_LONG_CHAIN_FATTY_ACID_COA_LIGASE_ACTIVITY	15		Rejected!	
GOMF_LONG_CHAIN_FATTY_ACID_TRANSMEMBRANE_TRANSPORTER_ACTIVITY	16	15		
GOMF_LONG_CHAIN_FATTY_ACYL_COA_HYDROLASE_ACTIVITY	15		Rejected!	
GOMF_LOW_DENSITY_LIPOPROTEIN_PARTICLE_BINDING	17		Rejected!	
GOMF_LOW_DENSITY_LIPOPROTEIN_PARTICLE_RECEPTOR_ACTIVITY	15		Rejected!	
GOMF_LOW_DENSITY_LIPOPROTEIN_PARTICLE_RECEPTOR_BINDING	26	20		
GOMF_LRR_DOMAIN_BINDING	17		Rejected!	
GOMF_LYASE_ACTIVITY	229	188		
GOMF_LYSINE_N_METHYLTRANSFERASE_ACTIVITY	63	57		
GOMF_LYSOPHOSPHATIDIC_ACID_BINDING	8		Rejected!	
GOMF_LYSOPHOSPHATIDIC_ACID_PHOSPHATASE_ACTIVITY	7		Rejected!	
GOMF_LYSOPHOSPHATIDIC_ACID_RECEPTOR_ACTIVITY	5		Rejected!	
GOMF_LYSOPHOSPHOLIPASE_ACTIVITY	26	21		
GOMF_LYSOPHOSPHOLIPID_ACYLTRANSFERASE_ACTIVITY	24	22		
GOMF_LYSOZYME_ACTIVITY	11		Rejected!	
GOMF_L_ALANINE_TRANSMEMBRANE_TRANSPORTER_ACTIVITY	9		Rejected!	
GOMF_L_AMINO_ACID_N_ACETYLTRANSFERASE_ACTIVITY	8		Rejected!	
GOMF_L_AMINO_ACID_TRANSMEMBRANE_TRANSPORTER_ACTIVITY	62	49		
GOMF_L_ARGININE_TRANSMEMBRANE_TRANSPORTER_ACTIVITY	13		Rejected!	
GOMF_L_ASCORBIC_ACID_BINDING	20	20		
GOMF_L_ASPARTATE_TRANSMEMBRANE_TRANSPORTER_ACTIVITY	9		Rejected!	
GOMF_L_GLUTAMATE_TRANSMEMBRANE_TRANSPORTER_ACTIVITY	14		Rejected!	
GOMF_L_GLUTAMINE_TRANSMEMBRANE_TRANSPORTER_ACTIVITY	9		Rejected!	
GOMF_L_HISTIDINE_TRANSMEMBRANE_TRANSPORTER_ACTIVITY	5		Rejected!	
GOMF_L_LEUCINE_BINDING	7		Rejected!	
GOMF_L_LEUCINE_TRANSMEMBRANE_TRANSPORTER_ACTIVITY	6		Rejected!	
GOMF_L_LYSINE_N_ACETYLTRANSFERASE_ACTIVITY_ACTING_ON_ACETYL_PHOSPHATE_AS_DONOR	6		Rejected!	
GOMF_L_LYSINE_TRANSMEMBRANE_TRANSPORTER_ACTIVITY	9		Rejected!	
GOMF_L_ORNITHINE_TRANSMEMBRANE_TRANSPORTER_ACTIVITY	5		Rejected!	
GOMF_L_PROLINE_TRANSMEMBRANE_TRANSPORTER_ACTIVITY	7		Rejected!	
GOMF_L_SERINE_TRANSMEMBRANE_TRANSPORTER_ACTIVITY	9		Rejected!	
GOMF_MACROLIDE_BINDING	12		Rejected!	
GOMF_MACROMOLECULAR_CONFORMATION_ISOMERASE_ACTIVITY	291	251		
GOMF_MACROMOLECULE_TRANSMEMBRANE_TRANSPORTER_ACTIVITY	32	28		
GOMF_MAGNESIUM_ION_BINDING	231	201		
GOMF_MAGNESIUM_ION_TRANSMEMBRANE_TRANSPORTER_ACTIVITY	20	17		
GOMF_MALATE_DEHYDROGENASE_ACTIVITY	8		Rejected!	
GOMF_MANGANESE_ION_BINDING	69	63		
GOMF_MANGANESE_ION_TRANSMEMBRANE_TRANSPORTER_ACTIVITY	9		Rejected!	
GOMF_MANNOSIDASE_ACTIVITY	15		Rejected!	
GOMF_MANNOSYLTRANSFERASE_ACTIVITY	25	23		
GOMF_MANNOSYL_OLIGOSACCHARIDE_1_2_ALPHA_MANNOSIDASE_ACTIVITY	7		Rejected!	
GOMF_MANNOSYL_OLIGOSACCHARIDE_MANNOSIDASE_ACTIVITY	9		Rejected!	
GOMF_MAP_KINASE_ACTIVITY	16	15		
GOMF_MAP_KINASE_KINASE_ACTIVITY	16		Rejected!	
GOMF_MAP_KINASE_KINASE_KINASE_ACTIVITY	27	25		
GOMF_MAP_KINASE_KINASE_KINASE_KINASE_ACTIVITY	6		Rejected!	
GOMF_MAP_KINASE_PHOSPHATASE_ACTIVITY	18		Rejected!	
GOMF_MAP_KINASE_SCAFFOLD_ACTIVITY	12		Rejected!	
GOMF_MAP_KINASE_TYROSINE_PHOSPHATASE_ACTIVITY	6		Rejected!	
GOMF_MAP_KINASE_TYROSINE_SERINE_THREONINE_PHOSPHATASE_ACTIVITY	13		Rejected!	
GOMF_MDM2_MDM4_FAMILY_PROTEIN_BINDING	12		Rejected!	
GOMF_MECHANOSENSITIVE_MONOATOMIC_CATION_CHANNEL_ACTIVITY	11		Rejected!	
GOMF_MECHANOSENSITIVE_MONOATOMIC_ION_CHANNEL_ACTIVITY	20	17		
GOMF_MEDIATOR_COMPLEX_BINDING	5		Rejected!	
GOMF_MEDIUM_CHAIN_FATTY_ACID_COA_LIGASE_ACTIVITY	10		Rejected!	
GOMF_MELANOCORTIN_RECEPTOR_ACTIVITY	6		Rejected!	
GOMF_MELANOCORTIN_RECEPTOR_BINDING	5		Rejected!	
GOMF_MEMBRANE_DESTABILIZING_ACTIVITY	5		Rejected!	
GOMF_MEMBRANE_INSERTASE_ACTIVITY	17	17		
GOMF_MEMBRANE_POTENTIAL_DRIVEN_UNIPORTER_ACTIVITY	5		Rejected!	
GOMF_METALLOAMINOPEPTIDASE_ACTIVITY	26	23		
GOMF_METALLOCARBOXYPEPTIDASE_ACTIVITY	35	30		
GOMF_METALLOCHAPERONE_ACTIVITY	15	15		
GOMF_METALLODIPEPTIDASE_ACTIVITY	9		Rejected!	
GOMF_METALLOENDOPEPTIDASE_ACTIVITY	124	102		
GOMF_METALLOENDOPEPTIDASE_INHIBITOR_ACTIVITY	14		Rejected!	
GOMF_METALLOEXOPEPTIDASE_ACTIVITY	72	62		
GOMF_METALLOPEPTIDASE_ACTIVITY	204	172		
GOMF_METAL_CATION_MONOATOMIC_CATION_ANTIPORTER_ACTIVITY	42	38		
GOMF_METAL_CATION_PROTON_ANTIPORTER_ACTIVITY	27	23		
GOMF_METAL_CLUSTER_BINDING	77	66		
GOMF_METAL_DEPENDENT_DEUBIQUITINASE_ACTIVITY	12		Rejected!	
GOMF_METAL_ION_SENSOR_ACTIVITY	22	18		
GOMF_METAL_ION_SEQUESTERING_ACTIVITY	7		Rejected!	
GOMF_METAL_ION_TRANSMEMBRANE_TRANSPORTER_ACTIVITY	550	445		
GOMF_METHYLATION_DEPENDENT_PROTEIN_BINDING	48	44		
GOMF_METHYL_CPG_BINDING	30	20		
GOMF_MHC_CLASS_IB_PROTEIN_BINDING	8		Rejected!	
GOMF_MHC_CLASS_IB_RECEPTOR_ACTIVITY	8		Rejected!	
GOMF_MHC_CLASS_II_PROTEIN_BINDING	6		Rejected!	
GOMF_MHC_CLASS_II_PROTEIN_COMPLEX_BINDING	27	22		
GOMF_MHC_CLASS_II_RECEPTOR_ACTIVITY	10		Rejected!	
GOMF_MHC_CLASS_I_PROTEIN_BINDING	20		Rejected!	
GOMF_MHC_CLASS_I_PROTEIN_COMPLEX_BINDING	7		Rejected!	
GOMF_MHC_CLASS_I_RECEPTOR_ACTIVITY	18		Rejected!	
GOMF_MHC_PROTEIN_BINDING	41	23		
GOMF_MHC_PROTEIN_COMPLEX_BINDING	37	28		
GOMF_MICROFIBRIL_BINDING	6		Rejected!	
GOMF_MICROFILAMENT_MOTOR_ACTIVITY	38	23		
GOMF_MICROTUBULE_BINDING	282	261		
GOMF_MICROTUBULE_MINUS_END_BINDING	14		Rejected!	
GOMF_MICROTUBULE_MOTOR_ACTIVITY	69	65		
GOMF_MICROTUBULE_PLUS_END_BINDING	21	18		
GOMF_MICROTUBULE_SEVERING_ATPASE_ACTIVITY	9		Rejected!	
GOMF_MINOR_GROOVE_OF_ADENINE_THYMINE_RICH_DNA_BINDING	9		Rejected!	
GOMF_MINUS_END_DIRECTED_MICROTUBULE_MOTOR_ACTIVITY	17	17		
GOMF_MIRNA_BINDING	44	31		
GOMF_MIRNA_INHIBITOR_ACTIVITY_VIA_BASE_PAIRING	9		Rejected!	
GOMF_MISFOLDED_PROTEIN_BINDING	18	17		
GOMF_MISMATCHED_DNA_BINDING	14		Rejected!	
GOMF_MISMATCH_REPAIR_COMPLEX_BINDING	11		Rejected!	
GOMF_MITOCHONDRIAL_RIBOSOME_BINDING	11		Rejected!	
GOMF_MITOCHONDRION_TARGETING_SEQUENCE_BINDING	5		Rejected!	
GOMF_MITOGEN_ACTIVATED_PROTEIN_KINASE_BINDING	28	22		
GOMF_MITOGEN_ACTIVATED_PROTEIN_KINASE_KINASE_BINDING	10		Rejected!	
GOMF_MITOGEN_ACTIVATED_PROTEIN_KINASE_KINASE_KINASE_BINDING	17		Rejected!	
GOMF_MITOGEN_ACTIVATED_PROTEIN_KINASE_P38_BINDING	7		Rejected!	
GOMF_MODIFICATION_DEPENDENT_PROTEIN_BINDING	140	125		
GOMF_MODIFIED_AMINO_ACID_BINDING	92	72		
GOMF_MODIFIED_AMINO_ACID_TRANSMEMBRANE_TRANSPORTER_ACTIVITY	33	32		
GOMF_MOLECULAR_ADAPTOR_ACTIVITY	1381		Rejected!	
GOMF_MOLECULAR_CARRIER_ACTIVITY	116	104		
GOMF_MOLECULAR_CONDENSATE_SCAFFOLD_ACTIVITY	49	38		
GOMF_MOLECULAR_FUNCTION_ACTIVATOR_ACTIVITY	1245		Rejected!	
GOMF_MOLECULAR_FUNCTION_INHIBITOR_ACTIVITY	593	453		
GOMF_MOLECULAR_SENSOR_ACTIVITY	74	61		
GOMF_MOLECULAR_SEQUESTERING_ACTIVITY	64	55		
GOMF_MOLECULAR_TAG_ACTIVITY	15		Rejected!	
GOMF_MOLYBDOPTERIN_COFACTOR_BINDING	6		Rejected!	
GOMF_MONOACYLGLYCEROL_LIPASE_ACTIVITY	15		Rejected!	
GOMF_MONOAMINE_TRANSMEMBRANE_TRANSPORTER_ACTIVITY	12		Rejected!	
GOMF_MONOATOMIC_ANION_CHANNEL_ACTIVITY	112	95		
GOMF_MONOATOMIC_ANION_MONOATOMIC_CATION_SYMPORTER_ACTIVITY	25	20		
GOMF_MONOATOMIC_ANION_SODIUM_SYMPORTER_ACTIVITY	18		Rejected!	
GOMF_MONOATOMIC_ANION_TRANSMEMBRANE_TRANSPORTER_ACTIVITY	158	129		
GOMF_MONOATOMIC_CATION_BICARBONATE_SYMPORTER_ACTIVITY	13		Rejected!	
GOMF_MONOATOMIC_CATION_CHANNEL_ACTIVITY	444	358		
GOMF_MONOATOMIC_CATION_TRANSMEMBRANE_TRANSPORTER_ACTIVITY	749		Rejected!	
GOMF_MONOATOMIC_ION_GATED_CHANNEL_ACTIVITY	31	25		
GOMF_MONOATOMIC_ION_TRANSMEMBRANE_TRANSPORTER_ACTIVITY	877		Rejected!	
GOMF_MONOCARBOXYLATE_SODIUM_SYMPORTER_ACTIVITY	15		Rejected!	
GOMF_MONOCARBOXYLIC_ACID_BINDING	88	60		
GOMF_MONOCARBOXYLIC_ACID_TRANSMEMBRANE_TRANSPORTER_ACTIVITY	71	57		
GOMF_MONOOXYGENASE_ACTIVITY	117	77		
GOMF_MONOSACCHARIDE_BINDING	73	59		
GOMF_MORPHOGEN_ACTIVITY	8		Rejected!	
GOMF_MRF_BINDING	5		Rejected!	
GOMF_MRNA_3_UTR_AU_RICH_REGION_BINDING	29	24		
GOMF_MRNA_3_UTR_BINDING	263	91		
GOMF_MRNA_5_UTR_BINDING	24	22		
GOMF_MRNA_BASE_PAIRING_TRANSLATIONAL_REPRESSOR_ACTIVITY	298		Rejected!	
GOMF_MRNA_BINDING	657	299		
GOMF_MRNA_CDS_BINDING	5		Rejected!	
GOMF_MRNA_METHYLTRANSFERASE_ACTIVITY	14		Rejected!	
GOMF_MRNA_REGULATORY_ELEMENT_BINDING_TRANSLATION_REPRESSOR_ACTIVITY	18	16		
GOMF_MUSCLE_ALPHA_ACTININ_BINDING	15		Rejected!	
GOMF_MUTLALPHA_COMPLEX_BINDING	7		Rejected!	
GOMF_MUTSALPHA_COMPLEX_BINDING	7		Rejected!	
GOMF_MYOSIN_BINDING	73	62		
GOMF_MYOSIN_HEAVY_CHAIN_BINDING	13		Rejected!	
GOMF_MYOSIN_II_BINDING	12		Rejected!	
GOMF_MYOSIN_LIGHT_CHAIN_BINDING	8		Rejected!	
GOMF_MYOSIN_PHOSPHATASE_ACTIVITY	10		Rejected!	
GOMF_MYOSIN_PHOSPHATASE_REGULATOR_ACTIVITY	6		Rejected!	
GOMF_MYOSIN_V_BINDING	17	16		
GOMF_MYRISTOYLTRANSFERASE_ACTIVITY	11		Rejected!	
GOMF_N6_METHYLADENOSINE_CONTAINING_RNA_READER_ACTIVITY	12		Rejected!	
GOMF_NAADP_SENSITIVE_CALCIUM_RELEASE_CHANNEL_ACTIVITY	5		Rejected!	
GOMF_NADH_DEHYDROGENASE_ACTIVITY	44	42		
GOMF_NADPH_BINDING	18	15		
GOMF_NADPH_DEHYDROGENASE_ACTIVITY	8		Rejected!	
GOMF_NADPH_OXIDASE_H202_FORMING_ACTIVITY	5		Rejected!	
GOMF_NADPLUS_BINDING	19	17		
GOMF_NADPLUS_NUCLEOSIDASE_ACTIVITY_CYCLIC_ADP_RIBOSE_GENERATING	16		Rejected!	
GOMF_NADPLUS_PROTEIN_ARGININE_ADP_RIBOSYLTRANSFERASE_ACTIVITY	6		Rejected!	
GOMF_NADPLUS_PROTEIN_ASPARTATE_ADP_RIBOSYLTRANSFERASE_ACTIVITY	13		Rejected!	
GOMF_NADPLUS_PROTEIN_CYSTEINE_ADP_RIBOSYLTRANSFERASE_ACTIVITY	6		Rejected!	
GOMF_NADPLUS_PROTEIN_GLUTAMATE_ADP_RIBOSYLTRANSFERASE_ACTIVITY	12		Rejected!	
GOMF_NADPLUS_PROTEIN_LYSINE_ADP_RIBOSYLTRANSFERASE_ACTIVITY	5		Rejected!	
GOMF_NADPLUS_PROTEIN_MONO_ADP_RIBOSYLTRANSFERASE_ACTIVITY	28	21		
GOMF_NADP_BINDING	56	48		
GOMF_NAD_BINDING	56	50		
GOMF_NAD_DEPENDENT_PROTEIN_LYSINE_DEACYLASE_ACTIVITY	7		Rejected!	
GOMF_NAD_P_H_DEHYDROGENASE_QUINONE_ACTIVITY	5		Rejected!	
GOMF_NAD_P_H_OXIDASE_H2O2_FORMING_ACTIVITY	10		Rejected!	
GOMF_NAD_TRANSMEMBRANE_TRANSPORTER_ACTIVITY	5		Rejected!	
GOMF_NARROW_PORE_CHANNEL_ACTIVITY	19	15		
GOMF_NATURAL_KILLER_CELL_LECTIN_LIKE_RECEPTOR_BINDING	8		Rejected!	
GOMF_NEDD8_TRANSFERASE_ACTIVITY	6		Rejected!	
GOMF_NERVE_GROWTH_FACTOR_BINDING	5		Rejected!	
GOMF_NERVE_GROWTH_FACTOR_RECEPTOR_BINDING	5		Rejected!	
GOMF_NETRIN_RECEPTOR_ACTIVITY	5		Rejected!	
GOMF_NEUREGULIN_BINDING	5		Rejected!	
GOMF_NEUREXIN_FAMILY_PROTEIN_BINDING	14		Rejected!	
GOMF_NEUROLIGIN_FAMILY_PROTEIN_BINDING	5		Rejected!	
GOMF_NEUROPEPTIDE_ACTIVITY	32	23		
GOMF_NEUROPEPTIDE_BINDING	33	24		
GOMF_NEUROPEPTIDE_RECEPTOR_ACTIVITY	48	32		
GOMF_NEUROPEPTIDE_RECEPTOR_BINDING	40	30		
GOMF_NEUROPEPTIDE_Y_RECEPTOR_ACTIVITY	11		Rejected!	
GOMF_NEUROPILIN_BINDING	18	17		
GOMF_NEUROTRANSMITTER_RECEPTOR_ACTIVITY	115	91		
GOMF_NEUROTRANSMITTER_RECEPTOR_ACTIVITY_INVOLVED_IN_REGULATION_OF_POSTSYNAPTIC_MEMBRANE_POTENTIAL	58	47		
GOMF_NEUROTRANSMITTER_RECEPTOR_REGULATOR_ACTIVITY	18		Rejected!	
GOMF_NEUROTRANSMITTER_TRANSMEMBRANE_TRANSPORTER_ACTIVITY	20		Rejected!	
GOMF_NEUROTROPHIN_BINDING	9		Rejected!	
GOMF_NEUROTROPHIN_RECEPTOR_ACTIVITY	5		Rejected!	
GOMF_NEUROTROPHIN_RECEPTOR_BINDING	12		Rejected!	
GOMF_NEUROTROPHIN_TRK_RECEPTOR_BINDING	6		Rejected!	
GOMF_NEUTRAL_L_AMINO_ACID_SODIUM_SYMPORTER_ACTIVITY	8		Rejected!	
GOMF_NEUTRAL_L_AMINO_ACID_TRANSMEMBRANE_TRANSPORTER_ACTIVITY	41	31		
GOMF_NFAT_PROTEIN_BINDING	6		Rejected!	
GOMF_NF_KAPPAB_BINDING	32	30		
GOMF_NICKEL_CATION_BINDING	5		Rejected!	
GOMF_NITRIC_OXIDE_BINDING	5		Rejected!	
GOMF_NITRIC_OXIDE_SYNTHASE_ACTIVITY	13		Rejected!	
GOMF_NITRIC_OXIDE_SYNTHASE_BINDING	11		Rejected!	
GOMF_NITRIC_OXIDE_SYNTHASE_REGULATOR_ACTIVITY	10		Rejected!	
GOMF_NITRITE_REDUCTASE_ACTIVITY	9		Rejected!	
GOMF_NMDA_GLUTAMATE_RECEPTOR_ACTIVITY	7		Rejected!	
GOMF_NODAL_BINDING	5		Rejected!	
GOMF_NON_MEMBRANE_SPANNING_PROTEIN_TYROSINE_KINASE_ACTIVITY	45	40		
GOMF_NON_MEMBRANE_SPANNING_PROTEIN_TYROSINE_PHOSPHATASE_ACTIVITY	12		Rejected!	
GOMF_NOTCH_BINDING	26	22		
GOMF_NUCLEAR_ANDROGEN_RECEPTOR_BINDING	26	21		
GOMF_NUCLEAR_ESTROGEN_RECEPTOR_BINDING	39	31		
GOMF_NUCLEAR_EXPORT_SIGNAL_RECEPTOR_ACTIVITY	12		Rejected!	
GOMF_NUCLEAR_GLUCOCORTICOID_RECEPTOR_BINDING	14		Rejected!	
GOMF_NUCLEAR_IMPORT_SIGNAL_RECEPTOR_ACTIVITY	20	20		
GOMF_NUCLEAR_LOCALIZATION_SEQUENCE_BINDING	25	22		
GOMF_NUCLEAR_RECEPTOR_BINDING	139	114		
GOMF_NUCLEAR_RETINOIC_ACID_RECEPTOR_BINDING	25	20		
GOMF_NUCLEAR_RETINOID_X_RECEPTOR_BINDING	17		Rejected!	
GOMF_NUCLEAR_STEROID_RECEPTOR_ACTIVITY	27	25		
GOMF_NUCLEAR_THYROID_HORMONE_RECEPTOR_BINDING	28	25		
GOMF_NUCLEAR_VITAMIN_D_RECEPTOR_BINDING	15		Rejected!	
GOMF_NUCLEASE_ACTIVITY	226	199		
GOMF_NUCLEASE_INHIBITOR_ACTIVITY	8		Rejected!	
GOMF_NUCLEIC_ACID_CONFORMATION_ISOMERASE_ACTIVITY	168	150		
GOMF_NUCLEOBASE_CONTAINING_COMPOUND_KINASE_ACTIVITY	45	42		
GOMF_NUCLEOBASE_CONTAINING_COMPOUND_TRANSMEMBRANE_TRANSPORTER_ACTIVITY	58	47		
GOMF_NUCLEOBASE_TRANSMEMBRANE_TRANSPORTER_ACTIVITY	11		Rejected!	
GOMF_NUCLEOCYTOPLASMIC_CARRIER_ACTIVITY	32	32		
GOMF_NUCLEOSIDE_BINDING	8		Rejected!	
GOMF_NUCLEOSIDE_DIPHOSPHATE_KINASE_ACTIVITY	18	17		
GOMF_NUCLEOSIDE_DIPHOSPHATE_PHOSPHATASE_ACTIVITY	17	15		
GOMF_NUCLEOSIDE_KINASE_ACTIVITY	11		Rejected!	
GOMF_NUCLEOSIDE_MONOPHOSPHATE_KINASE_ACTIVITY	20	20		
GOMF_NUCLEOSIDE_TRANSMEMBRANE_TRANSPORTER_ACTIVITY	10		Rejected!	
GOMF_NUCLEOSIDE_TRIPHOSPHATASE_REGULATOR_ACTIVITY	493	446		
GOMF_NUCLEOSIDE_TRIPHOSPHATE_DIPHOSPHATASE_ACTIVITY	10		Rejected!	
GOMF_NUCLEOSOMAL_DNA_BINDING	42	33		
GOMF_NUCLEOSOME_ARRAY_SPACER_ACTIVITY	5		Rejected!	
GOMF_NUCLEOSOME_BINDING	74	62		
GOMF_NUCLEOTIDASE_ACTIVITY	15		Rejected!	
GOMF_NUCLEOTIDE_RECEPTOR_ACTIVITY	20		Rejected!	
GOMF_NUCLEOTIDE_SUGAR_TRANSMEMBRANE_TRANSPORTER_ACTIVITY	13		Rejected!	
GOMF_NUCLEOTIDE_TRANSMEMBRANE_TRANSPORTER_ACTIVITY	30	25		
GOMF_NUCLEOTIDYLTRANSFERASE_ACTIVITY	154	137		
GOMF_N_ACETYLGLUCOSAMINE_6_O_SULFOTRANSFERASE_ACTIVITY	7		Rejected!	
GOMF_N_ACETYLLACTOSAMINE_SYNTHASE_ACTIVITY	5		Rejected!	
GOMF_N_ACETYLLACTOSAMINIDE_BETA_1_3_N_ACETYLGLUCOSAMINYLTRANSFERASE_ACTIVITY	5		Rejected!	
GOMF_N_ACETYLTRANSFERASE_ACTIVITY	73	60		
GOMF_N_ACETYL_BETA_D_GLUCOSAMINIDE_BETA_1_3_GALACTOSYLTRANSFERASE_ACTIVITY	12		Rejected!	
GOMF_N_ACYLSPHINGOSINE_AMIDOHYDROLASE_ACTIVITY	7		Rejected!	
GOMF_N_ACYLTRANSFERASE_ACTIVITY	98	77		
GOMF_N_FORMYL_PEPTIDE_RECEPTOR_ACTIVITY	5		Rejected!	
GOMF_N_METHYLTRANSFERASE_ACTIVITY	100	89		
GOMF_N_N_DIMETHYLANILINE_MONOOXYGENASE_ACTIVITY	5		Rejected!	
GOMF_ODORANT_BINDING	111		Rejected!	
GOMF_OLFACTORY_RECEPTOR_ACTIVITY	431		Rejected!	
GOMF_OLFACTORY_RECEPTOR_BINDING	6		Rejected!	
GOMF_OLIGOPEPTIDE_BINDING	11		Rejected!	
GOMF_OLIGOPEPTIDE_TRANSMEMBRANE_TRANSPORTER_ACTIVITY	13		Rejected!	
GOMF_OLIGOSACCHARIDE_BINDING	17		Rejected!	
GOMF_OLIGOSACCHARYL_TRANSFERASE_ACTIVITY	5		Rejected!	
GOMF_OMEGA_PEPTIDASE_ACTIVITY	16		Rejected!	
GOMF_OPIOID_RECEPTOR_BINDING	7		Rejected!	
GOMF_OPSIN_BINDING	5		Rejected!	
GOMF_OPSONIN_BINDING	21		Rejected!	
GOMF_OPSONIN_RECEPTOR_ACTIVITY	5		Rejected!	
GOMF_ORGANIC_ACID_BINDING	199	149		
GOMF_ORGANIC_ACID_SODIUM_SYMPORTER_ACTIVITY	35	29		
GOMF_ORGANIC_ACID_TRANSMEMBRANE_TRANSPORTER_ACTIVITY	191	156		
GOMF_ORGANIC_ANION_TRANSMEMBRANE_TRANSPORTER_ACTIVITY	272	221		
GOMF_ORGANIC_CATION_TRANSMEMBRANE_TRANSPORTER_ACTIVITY	82	64		
GOMF_ORGANOPHOSPHATE_ESTER_TRANSMEMBRANE_TRANSPORTER_ACTIVITY	52	46		
GOMF_ORGANOPHOSPHATE_PHOSPHATE_ANTIPORTER_ACTIVITY	7		Rejected!	
GOMF_ORNITHINE_DECARBOXYLASE_ACTIVITY	6		Rejected!	
GOMF_ORNITHINE_DECARBOXYLASE_REGULATOR_ACTIVITY	5		Rejected!	
GOMF_OSMOSENSOR_ACTIVITY	7		Rejected!	
GOMF_OUTWARD_RECTIFIER_POTASSIUM_CHANNEL_ACTIVITY	24	19		
GOMF_OXALATE_TRANSMEMBRANE_TRANSPORTER_ACTIVITY	10		Rejected!	
GOMF_OXIDATIVE_PHOSPHORYLATION_UNCOUPLER_ACTIVITY	5		Rejected!	
GOMF_OXIDATIVE_RNA_DEMETHYLASE_ACTIVITY	5		Rejected!	
GOMF_OXIDIZED_DNA_BINDING	11		Rejected!	
GOMF_OXIDOREDUCTASE_ACTIVITY	754		Rejected!	
GOMF_OXIDOREDUCTASE_ACTIVITY_ACTING_ON_A_HEME_GROUP_OF_DONORS	15		Rejected!	
GOMF_OXIDOREDUCTASE_ACTIVITY_ACTING_ON_A_SULFUR_GROUP_OF_DONORS	56	52		
GOMF_OXIDOREDUCTASE_ACTIVITY_ACTING_ON_A_SULFUR_GROUP_OF_DONORS_DISULFIDE_AS_ACCEPTOR	8		Rejected!	
GOMF_OXIDOREDUCTASE_ACTIVITY_ACTING_ON_A_SULFUR_GROUP_OF_DONORS_NAD_P_AS_ACCEPTOR	11		Rejected!	
GOMF_OXIDOREDUCTASE_ACTIVITY_ACTING_ON_A_SULFUR_GROUP_OF_DONORS_OXYGEN_AS_ACCEPTOR	11		Rejected!	
GOMF_OXIDOREDUCTASE_ACTIVITY_ACTING_ON_CH_OH_GROUP_OF_DONORS	133	101		
GOMF_OXIDOREDUCTASE_ACTIVITY_ACTING_ON_CH_OR_CH2_GROUPS	11		Rejected!	
GOMF_OXIDOREDUCTASE_ACTIVITY_ACTING_ON_CH_OR_CH2_GROUPS_DISULFIDE_AS_ACCEPTOR	5		Rejected!	
GOMF_OXIDOREDUCTASE_ACTIVITY_ACTING_ON_DIPHENOLS_AND_RELATED_SUBSTANCES_AS_DONORS	10		Rejected!	
GOMF_OXIDOREDUCTASE_ACTIVITY_ACTING_ON_METAL_IONS	17	15		
GOMF_OXIDOREDUCTASE_ACTIVITY_ACTING_ON_METAL_IONS_NAD_OR_NADP_AS_ACCEPTOR	6		Rejected!	
GOMF_OXIDOREDUCTASE_ACTIVITY_ACTING_ON_METAL_IONS_OXYGEN_AS_ACCEPTOR	6		Rejected!	
GOMF_OXIDOREDUCTASE_ACTIVITY_ACTING_ON_NAD_P_H	99	88		
GOMF_OXIDOREDUCTASE_ACTIVITY_ACTING_ON_NAD_P_H_HEME_PROTEIN_AS_ACCEPTOR	11		Rejected!	
GOMF_OXIDOREDUCTASE_ACTIVITY_ACTING_ON_NAD_P_H_OXYGEN_AS_ACCEPTOR	27	20		
GOMF_OXIDOREDUCTASE_ACTIVITY_ACTING_ON_NAD_P_H_QUINONE_OR_SIMILAR_COMPOUND_AS_ACCEPTOR	58	55		
GOMF_OXIDOREDUCTASE_ACTIVITY_ACTING_ON_OTHER_NITROGENOUS_COMPOUNDS_AS_DONORS	13		Rejected!	
GOMF_OXIDOREDUCTASE_ACTIVITY_ACTING_ON_OTHER_NITROGENOUS_COMPOUNDS_AS_DONORS_CYTOCHROME_AS_ACCEPTOR	5		Rejected!	
GOMF_OXIDOREDUCTASE_ACTIVITY_ACTING_ON_PAIRED_DONORS_WITH_INCORPORATION_OR_REDUCTION_OF_MOLECULAR_OXYGEN	191	138		
GOMF_OXIDOREDUCTASE_ACTIVITY_ACTING_ON_PAIRED_DONORS_WITH_INCORPORATION_OR_REDUCTION_OF_MOLECULAR_OXYGEN_ANOTHER_COMPOUND_AS_ONE_DONOR_AND_INCORPORATION_OF_ONE_ATOM_OF_OXYGEN	9		Rejected!	
GOMF_OXIDOREDUCTASE_ACTIVITY_ACTING_ON_PAIRED_DONORS_WITH_INCORPORATION_OR_REDUCTION_OF_MOLECULAR_OXYGEN_NAD_P_H_AS_ONE_DONOR_AND_INCORPORATION_OF_ONE_ATOM_OF_OXYGEN	45	37		
GOMF_OXIDOREDUCTASE_ACTIVITY_ACTING_ON_PAIRED_DONORS_WITH_INCORPORATION_OR_REDUCTION_OF_MOLECULAR_OXYGEN_REDUCED_ASCORBATE_AS_ONE_DONOR_AND_INCORPORATION_OF_ONE_ATOM_OF_OXYGEN	5		Rejected!	
GOMF_OXIDOREDUCTASE_ACTIVITY_ACTING_ON_PAIRED_DONORS_WITH_INCORPORATION_OR_REDUCTION_OF_MOLECULAR_OXYGEN_REDUCED_FLAVIN_OR_FLAVOPROTEIN_AS_ONE_DONOR_AND_INCORPORATION_OF_ONE_ATOM_OF_OXYGEN	45	20		
GOMF_OXIDOREDUCTASE_ACTIVITY_ACTING_ON_PAIRED_DONORS_WITH_INCORPORATION_OR_REDUCTION_OF_MOLECULAR_OXYGEN_REDUCED_IRON_SULFUR_PROTEIN_AS_ONE_DONOR_AND_INCORPORATION_OF_ONE_ATOM_OF_OXYGEN	10		Rejected!	
GOMF_OXIDOREDUCTASE_ACTIVITY_ACTING_ON_PAIRED_DONORS_WITH_INCORPORATION_OR_REDUCTION_OF_MOLECULAR_OXYGEN_REDUCED_PTERIDINE_AS_ONE_DONOR_AND_INCORPORATION_OF_ONE_ATOM_OF_OXYGEN	7		Rejected!	
GOMF_OXIDOREDUCTASE_ACTIVITY_ACTING_ON_PAIRED_DONORS_WITH_OXIDATION_OF_A_PAIR_OF_DONORS_RESULTING_IN_THE_REDUCTION_OF_MOLECULAR_OXYGEN_TO_TWO_MOLECULES_OF_WATER	11		Rejected!	
GOMF_OXIDOREDUCTASE_ACTIVITY_ACTING_ON_PEROXIDE_AS_ACCEPTOR	61	46		
GOMF_OXIDOREDUCTASE_ACTIVITY_ACTING_ON_SINGLE_DONORS_WITH_INCORPORATION_OF_MOLECULAR_OXYGEN	24	19		
GOMF_OXIDOREDUCTASE_ACTIVITY_ACTING_ON_THE_ALDEHYDE_OR_OXO_GROUP_OF_DONORS	45	37		
GOMF_OXIDOREDUCTASE_ACTIVITY_ACTING_ON_THE_ALDEHYDE_OR_OXO_GROUP_OF_DONORS_DISULFIDE_AS_ACCEPTOR	8		Rejected!	
GOMF_OXIDOREDUCTASE_ACTIVITY_ACTING_ON_THE_CH_CH_GROUP_OF_DONORS	60	55		
GOMF_OXIDOREDUCTASE_ACTIVITY_ACTING_ON_THE_CH_CH_GROUP_OF_DONORS_NAD_OR_NADP_AS_ACCEPTOR	33	31		
GOMF_OXIDOREDUCTASE_ACTIVITY_ACTING_ON_THE_CH_CH_GROUP_OF_DONORS_OXYGEN_AS_ACCEPTOR	9		Rejected!	
GOMF_OXIDOREDUCTASE_ACTIVITY_ACTING_ON_THE_CH_CH_GROUP_OF_DONORS_WITH_A_FLAVIN_AS_ACCEPTOR	12		Rejected!	
GOMF_OXIDOREDUCTASE_ACTIVITY_ACTING_ON_THE_CH_NH2_GROUP_OF_DONORS	20	17		
GOMF_OXIDOREDUCTASE_ACTIVITY_ACTING_ON_THE_CH_NH2_GROUP_OF_DONORS_OXYGEN_AS_ACCEPTOR	16		Rejected!	
GOMF_OXIDOREDUCTASE_ACTIVITY_ACTING_ON_THE_CH_NH_GROUP_OF_DONORS	27	25		
GOMF_OXIDOREDUCTASE_ACTIVITY_ACTING_ON_THE_CH_NH_GROUP_OF_DONORS_NAD_OR_NADP_AS_ACCEPTOR	18	17		
GOMF_OXIDOREDUCTION_DRIVEN_ACTIVE_TRANSMEMBRANE_TRANSPORTER_ACTIVITY	66	61		
GOMF_OXO_ACID_LYASE_ACTIVITY	7		Rejected!	
GOMF_OXYGEN_BINDING	33		Rejected!	
GOMF_OXYGEN_CARRIER_ACTIVITY	14		Rejected!	
GOMF_OXYGEN_SENSOR_ACTIVITY	5		Rejected!	
GOMF_OXYSTEROL_BINDING	16	15		
GOMF_O_ACETYLTRANSFERASE_ACTIVITY	9		Rejected!	
GOMF_O_ACYLTRANSFERASE_ACTIVITY	62	50		
GOMF_O_METHYLTRANSFERASE_ACTIVITY	24	21		
GOMF_O_PALMITOYLTRANSFERASE_ACTIVITY	5		Rejected!	
GOMF_P53_BINDING	71	57		
GOMF_PALMITOYLTRANSFERASE_ACTIVITY	37	33		
GOMF_PALMITOYL_PROTEIN_HYDROLASE_ACTIVITY	14		Rejected!	
GOMF_PARACELLULAR_TIGHT_JUNCTION_CHANNEL_ACTIVITY	6		Rejected!	
GOMF_PASSIVE_TRANSMEMBRANE_TRANSPORTER_ACTIVITY	631		Rejected!	
GOMF_PATCHED_BINDING	8		Rejected!	
GOMF_PATTERN_RECOGNITION_RECEPTOR_ACTIVITY	48	24		
GOMF_PDZ_DOMAIN_BINDING	84	70		
GOMF_PENTOSYLTRANSFERASE_ACTIVITY	54	46		
GOMF_PEPTIDASE_ACTIVATOR_ACTIVITY	61	52		
GOMF_PEPTIDASE_ACTIVATOR_ACTIVITY_INVOLVED_IN_APOPTOTIC_PROCESS	16		Rejected!	
GOMF_PEPTIDASE_ACTIVITY	835		Rejected!	
GOMF_PEPTIDASE_INHIBITOR_ACTIVITY	176	115		
GOMF_PEPTIDASE_REGULATOR_ACTIVITY	235	165		
GOMF_PEPTIDE_ANTIGEN_BINDING	47	25		
GOMF_PEPTIDE_BINDING	249	190		
GOMF_PEPTIDE_HORMONE_BINDING	52	39		
GOMF_PEPTIDE_HORMONE_RECEPTOR_BINDING	22	15		
GOMF_PEPTIDE_RECEPTOR_ACTIVITY	130	86		
GOMF_PEPTIDE_TRANSMEMBRANE_TRANSPORTER_ACTIVITY	7		Rejected!	
GOMF_PEPTIDOGLYCAN_BINDING	19		Rejected!	
GOMF_PEPTIDOGLYCAN_IMMUNE_RECEPTOR_ACTIVITY	5		Rejected!	
GOMF_PEPTIDOGLYCAN_MURALYTIC_ACTIVITY	15		Rejected!	
GOMF_PEPTIDYL_PROLINE_4_DIOXYGENASE_ACTIVITY	8		Rejected!	
GOMF_PEPTIDYL_PROLINE_DIOXYGENASE_ACTIVITY	12		Rejected!	
GOMF_PEPTIDYL_TRNA_HYDROLASE_ACTIVITY	5		Rejected!	
GOMF_PEROXIREDOXIN_ACTIVITY	8		Rejected!	
GOMF_PEROXISOME_PROLIFERATOR_ACTIVATED_RECEPTOR_BINDING	10		Rejected!	
GOMF_PEROXISOME_TARGETING_SEQUENCE_BINDING	5		Rejected!	
GOMF_PHEROMONE_RECEPTOR_ACTIVITY	6		Rejected!	
GOMF_PHOSPHATASE_ACTIVATOR_ACTIVITY	29	26		
GOMF_PHOSPHATASE_ACTIVITY	396	340		
GOMF_PHOSPHATASE_BINDING	197	161		
GOMF_PHOSPHATASE_INHIBITOR_ACTIVITY	59	54		
GOMF_PHOSPHATASE_REGULATOR_ACTIVITY	122	111		
GOMF_PHOSPHATE_ION_BINDING	13		Rejected!	
GOMF_PHOSPHATE_TRANSMEMBRANE_TRANSPORTER_ACTIVITY	24	17		
GOMF_PHOSPHATIDATE_PHOSPHATASE_ACTIVITY	14		Rejected!	
GOMF_PHOSPHATIDIC_ACID_BINDING	25	23		
GOMF_PHOSPHATIDIC_ACID_TRANSFER_ACTIVITY	7		Rejected!	
GOMF_PHOSPHATIDYLCHOLINE_BINDING	32	24		
GOMF_PHOSPHATIDYLCHOLINE_FLIPPASE_ACTIVITY	5		Rejected!	
GOMF_PHOSPHATIDYLCHOLINE_FLOPPASE_ACTIVITY	8		Rejected!	
GOMF_PHOSPHATIDYLCHOLINE_STEROL_O_ACYLTRANSFERASE_ACTIVITY	7		Rejected!	
GOMF_PHOSPHATIDYLCHOLINE_TRANSFER_ACTIVITY	7		Rejected!	
GOMF_PHOSPHATIDYLCHOLINE_TRANSPORTER_ACTIVITY	20	18		
GOMF_PHOSPHATIDYLETHANOLAMINE_BINDING	17		Rejected!	
GOMF_PHOSPHATIDYLETHANOLAMINE_FLIPPASE_ACTIVITY	5		Rejected!	
GOMF_PHOSPHATIDYLGLYCEROL_BINDING	18	16		
GOMF_PHOSPHATIDYLINOSITOL_3_4_5_TRISPHOSPHATE_3_PHOSPHATASE_ACTIVITY	6		Rejected!	
GOMF_PHOSPHATIDYLINOSITOL_3_4_5_TRISPHOSPHATE_5_PHOSPHATASE_ACTIVITY	8		Rejected!	
GOMF_PHOSPHATIDYLINOSITOL_3_4_5_TRISPHOSPHATE_BINDING	41	35		
GOMF_PHOSPHATIDYLINOSITOL_3_4_BISPHOSPHATE_BINDING	29	24		
GOMF_PHOSPHATIDYLINOSITOL_3_5_BISPHOSPHATE_3_PHOSPHATASE_ACTIVITY	12		Rejected!	
GOMF_PHOSPHATIDYLINOSITOL_3_5_BISPHOSPHATE_5_PHOSPHATASE_ACTIVITY	7		Rejected!	
GOMF_PHOSPHATIDYLINOSITOL_3_5_BISPHOSPHATE_BINDING	28	26		
GOMF_PHOSPHATIDYLINOSITOL_3_5_BISPHOSPHATE_PHOSPHATASE_ACTIVITY	16	16		
GOMF_PHOSPHATIDYLINOSITOL_3_KINASE_ACTIVATOR_ACTIVITY	7		Rejected!	
GOMF_PHOSPHATIDYLINOSITOL_3_KINASE_BINDING	27	22		
GOMF_PHOSPHATIDYLINOSITOL_3_KINASE_INHIBITOR_ACTIVITY	6		Rejected!	
GOMF_PHOSPHATIDYLINOSITOL_3_KINASE_REGULATORY_SUBUNIT_BINDING	11		Rejected!	
GOMF_PHOSPHATIDYLINOSITOL_3_KINASE_REGULATOR_ACTIVITY	14		Rejected!	
GOMF_PHOSPHATIDYLINOSITOL_3_PHOSPHATE_BINDING	48	42		
GOMF_PHOSPHATIDYLINOSITOL_4_5_BISPHOSPHATE_5_PHOSPHATASE_ACTIVITY	10		Rejected!	
GOMF_PHOSPHATIDYLINOSITOL_4_5_BISPHOSPHATE_BINDING	86	74		
GOMF_PHOSPHATIDYLINOSITOL_4_5_BISPHOSPHATE_PHOSPHATASE_ACTIVITY	12		Rejected!	
GOMF_PHOSPHATIDYLINOSITOL_4_5_BISPHOSPHATE_PHOSPHOLIPASE_C_ACTIVITY	26	19		
GOMF_PHOSPHATIDYLINOSITOL_4_PHOSPHATE_BINDING	31	27		
GOMF_PHOSPHATIDYLINOSITOL_5_PHOSPHATE_BINDING	21	20		
GOMF_PHOSPHATIDYLINOSITOL_BINDING	287	249		
GOMF_PHOSPHATIDYLINOSITOL_BISPHOSPHATE_BINDING	111	98		
GOMF_PHOSPHATIDYLINOSITOL_BISPHOSPHATE_PHOSPHATASE_ACTIVITY	27	22		
GOMF_PHOSPHATIDYLINOSITOL_KINASE_ACTIVITY	29	24		
GOMF_PHOSPHATIDYLINOSITOL_MONOPHOSPHATE_PHOSPHATASE_ACTIVITY	18	17		
GOMF_PHOSPHATIDYLINOSITOL_PHOSPHATE_4_PHOSPHATASE_ACTIVITY	10		Rejected!	
GOMF_PHOSPHATIDYLINOSITOL_PHOSPHATE_5_PHOSPHATASE_ACTIVITY	14		Rejected!	
GOMF_PHOSPHATIDYLINOSITOL_PHOSPHATE_BINDING	186	163		
GOMF_PHOSPHATIDYLINOSITOL_PHOSPHATE_PHOSPHATASE_ACTIVITY	34	28		
GOMF_PHOSPHATIDYLINOSITOL_TRANSFER_ACTIVITY	11		Rejected!	
GOMF_PHOSPHATIDYLINOSITOL_TRISPHOSPHATE_PHOSPHATASE_ACTIVITY	11		Rejected!	
GOMF_PHOSPHATIDYLSERINE_BINDING	59	44		
GOMF_PHOSPHATIDYLSERINE_FLIPPASE_ACTIVITY	5		Rejected!	
GOMF_PHOSPHATIDYLSERINE_FLOPPASE_ACTIVITY	9		Rejected!	
GOMF_PHOSPHODIESTERASE_I_ACTIVITY	5		Rejected!	
GOMF_PHOSPHOFRUCTOKINASE_ACTIVITY	7		Rejected!	
GOMF_PHOSPHOLIPASE_A1_ACTIVITY	22	15		
GOMF_PHOSPHOLIPASE_A2_ACTIVITY	44	33		
GOMF_PHOSPHOLIPASE_A2_INHIBITOR_ACTIVITY	6		Rejected!	
GOMF_PHOSPHOLIPASE_ACTIVATOR_ACTIVITY	19	16		
GOMF_PHOSPHOLIPASE_ACTIVITY	147	113		
GOMF_PHOSPHOLIPASE_BINDING	23	15		
GOMF_PHOSPHOLIPASE_C_ACTIVITY	32	25		
GOMF_PHOSPHOLIPASE_D_ACTIVITY	10		Rejected!	
GOMF_PHOSPHOLIPASE_INHIBITOR_ACTIVITY	15		Rejected!	
GOMF_PHOSPHOLIPID_BINDING	503	424		
GOMF_PHOSPHOLIPID_SCRAMBLASE_ACTIVITY	24	20		
GOMF_PHOSPHOLIPID_TRANSFER_ACTIVITY	27	24		
GOMF_PHOSPHOLIPID_TRANSPORTER_ACTIVITY	74	65		
GOMF_PHOSPHOPROTEIN_BINDING	95	81		
GOMF_PHOSPHOPROTEIN_PHOSPHATASE_ACTIVITY	281	238		
GOMF_PHOSPHORIC_DIESTER_HYDROLASE_ACTIVITY	96	78		
GOMF_PHOSPHORIC_ESTER_HYDROLASE_ACTIVITY	495	420		
GOMF_PHOSPHORUS_OXYGEN_LYASE_ACTIVITY	44	32		
GOMF_PHOSPHORYLASE_KINASE_ACTIVITY	7		Rejected!	
GOMF_PHOSPHORYLATION_DEPENDENT_PROTEIN_BINDING	10		Rejected!	
GOMF_PHOSPHOSERINE_RESIDUE_BINDING	10		Rejected!	
GOMF_PHOSPHOTRANSFERASE_ACTIVITY_FOR_OTHER_SUBSTITUTED_PHOSPHATE_GROUPS	21	20		
GOMF_PHOSPHOTRANSFERASE_ACTIVITY_NITROGENOUS_GROUP_AS_ACCEPTOR	7		Rejected!	
GOMF_PHOSPHOTRANSFERASE_ACTIVITY_PHOSPHATE_GROUP_AS_ACCEPTOR	40	39		
GOMF_PHOSPHOTYROSINE_RESIDUE_BINDING	47	40		
GOMF_PHOTORECEPTOR_ACTIVITY	17		Rejected!	
GOMF_PH_DOMAIN_BINDING	8		Rejected!	
GOMF_PH_GATED_MONOATOMIC_ION_CHANNEL_ACTIVITY	8		Rejected!	
GOMF_PIRNA_BINDING	7		Rejected!	
GOMF_PLATELET_DERIVED_GROWTH_FACTOR_BINDING	11		Rejected!	
GOMF_PLATELET_DERIVED_GROWTH_FACTOR_RECEPTOR_BINDING	14		Rejected!	
GOMF_PLUS_END_DIRECTED_MICROTUBULE_MOTOR_ACTIVITY	19	18		
GOMF_POLYAMINE_TRANSMEMBRANE_TRANSPORTER_ACTIVITY	10		Rejected!	
GOMF_POLYOL_TRANSMEMBRANE_TRANSPORTER_ACTIVITY	12		Rejected!	
GOMF_POLYPEPTIDE_CONFORMATION_OR_ASSEMBLY_ISOMERASE_ACTIVITY	123	101		
GOMF_POLYPEPTIDE_N_ACETYLGALACTOSAMINYLTRANSFERASE_ACTIVITY	19	15		
GOMF_POLYSACCHARIDE_BINDING	26	21		
GOMF_POLYUBIQUITIN_MODIFICATION_DEPENDENT_PROTEIN_BINDING	59	54		
GOMF_POLY_ADP_D_RIBOSE_BINDING	7		Rejected!	
GOMF_POLY_ADP_D_RIBOSE_MODIFICATION_DEPENDENT_PROTEIN_BINDING	5		Rejected!	
GOMF_POLY_A_BINDING	26	20		
GOMF_POLY_A_RNA_POLYMERASE_ACTIVITY	12		Rejected!	
GOMF_POLY_A_SPECIFIC_RIBONUCLEASE_ACTIVITY	13		Rejected!	
GOMF_POLY_G_BINDING	8		Rejected!	
GOMF_POLY_PURINE_TRACT_BINDING	32	26		
GOMF_POLY_PYRIMIDINE_TRACT_BINDING	30	23		
GOMF_PORIN_ACTIVITY	6		Rejected!	
GOMF_POSTSYNAPTIC_NEUROTRANSMITTER_RECEPTOR_ACTIVITY	88	69		
GOMF_POTASSIUM_CHANNEL_ACTIVATOR_ACTIVITY	9		Rejected!	
GOMF_POTASSIUM_CHANNEL_ACTIVITY	155	129		
GOMF_POTASSIUM_CHANNEL_INHIBITOR_ACTIVITY	11		Rejected!	
GOMF_POTASSIUM_CHANNEL_REGULATOR_ACTIVITY	64	52		
GOMF_POTASSIUM_CHLORIDE_SYMPORTER_ACTIVITY	9		Rejected!	
GOMF_POTASSIUM_ION_BINDING	13		Rejected!	
GOMF_POTASSIUM_ION_LEAK_CHANNEL_ACTIVITY	16		Rejected!	
GOMF_POTASSIUM_ION_TRANSMEMBRANE_TRANSPORTER_ACTIVITY	191	161		
GOMF_POTASSIUM_PROTON_ANTIPORTER_ACTIVITY	14		Rejected!	
GOMF_POU_DOMAIN_BINDING	5		Rejected!	
GOMF_PRENYLTRANSFERASE_ACTIVITY	17	16		
GOMF_PRENYL_DIPHOSPHATE_SYNTHASE_ACTIVITY	7		Rejected!	
GOMF_PRERIBOSOME_BINDING	8		Rejected!	
GOMF_PRE_MIRNA_BINDING	9		Rejected!	
GOMF_PRE_MRNA_3_SPLICE_SITE_BINDING	6		Rejected!	
GOMF_PRE_MRNA_5_SPLICE_SITE_BINDING	19		Rejected!	
GOMF_PRE_MRNA_BINDING	57	33		
GOMF_PRE_MRNA_INTRONIC_BINDING	13		Rejected!	
GOMF_PRIMARY_ACTIVE_TRANSMEMBRANE_TRANSPORTER_ACTIVITY	165	146		
GOMF_PRIMARY_METHYLAMINE_OXIDASE_ACTIVITY	9		Rejected!	
GOMF_PRIMARY_MIRNA_BINDING	9		Rejected!	
GOMF_PROCOLLAGEN_PROLINE_4_DIOXYGENASE_ACTIVITY	5		Rejected!	
GOMF_PROCOLLAGEN_PROLINE_DIOXYGENASE_ACTIVITY	8		Rejected!	
GOMF_PROFILIN_BINDING	10		Rejected!	
GOMF_PROLINE_RICH_REGION_BINDING	19	18		
GOMF_PROLINE_SODIUM_SYMPORTER_ACTIVITY	5		Rejected!	
GOMF_PROMOTER_SPECIFIC_CHROMATIN_BINDING	72	57		
GOMF_PROSTAGLANDIN_E_RECEPTOR_ACTIVITY	5		Rejected!	
GOMF_PROSTANOID_RECEPTOR_ACTIVITY	11		Rejected!	
GOMF_PROTEASE_BINDING	139	107		
GOMF_PROTEASOME_ACTIVATING_ACTIVITY	6		Rejected!	
GOMF_PROTEASOME_BINDING	18	17		
GOMF_PROTEINASE_ACTIVATED_RECEPTOR_ACTIVITY	5		Rejected!	
GOMF_PROTEIN_ANTIGEN_BINDING	9		Rejected!	
GOMF_PROTEIN_ARGININE_DEIMINASE_ACTIVITY	5		Rejected!	
GOMF_PROTEIN_ARGININE_N_METHYLTRANSFERASE_ACTIVITY	12		Rejected!	
GOMF_PROTEIN_ARGININE_OMEGA_N_ASYMMETRIC_METHYLTRANSFERASE_ACTIVITY	7		Rejected!	
GOMF_PROTEIN_ARGININE_OMEGA_N_MONOMETHYLTRANSFERASE_ACTIVITY	5		Rejected!	
GOMF_PROTEIN_BINDING_INVOLVED_IN_HETEROTYPIC_CELL_CELL_ADHESION	12		Rejected!	
GOMF_PROTEIN_CARBOXYL_O_METHYLTRANSFERASE_ACTIVITY	6		Rejected!	
GOMF_PROTEIN_CARRIER_CHAPERONE	42	41		
GOMF_PROTEIN_CONTAINING_COMPLEX_BINDING	1308		Rejected!	
GOMF_PROTEIN_CONTAINING_COMPLEX_DESTABILIZING_ACTIVITY	16		Rejected!	
GOMF_PROTEIN_CYSTEINE_S_STEAROYLTRANSFERASE_ACTIVITY	7		Rejected!	
GOMF_PROTEIN_DEMETHYLASE_ACTIVITY	32	23		
GOMF_PROTEIN_DIMERIZATION_ACTIVITY	1131		Rejected!	
GOMF_PROTEIN_DISULFIDE_ISOMERASE_ACTIVITY	20	19		
GOMF_PROTEIN_DISULFIDE_REDUCTASE_NAD_P_H_ACTIVITY	9		Rejected!	
GOMF_PROTEIN_DOMAIN_SPECIFIC_BINDING	651		Rejected!	
GOMF_PROTEIN_FOLDING_CHAPERONE	78	57		
GOMF_PROTEIN_FOLDING_CHAPERONE_BINDING	134	115		
GOMF_PROTEIN_GLUTAMIC_ACID_LIGASE_ACTIVITY	10		Rejected!	
GOMF_PROTEIN_GLUTAMIC_ACID_LIGASE_ACTIVITY_ELONGATING	7		Rejected!	
GOMF_PROTEIN_GLUTAMIC_ACID_LIGASE_ACTIVITY_INITIATING	5		Rejected!	
GOMF_PROTEIN_GLUTAMINE_GAMMA_GLUTAMYLTRANSFERASE_ACTIVITY	9		Rejected!	
GOMF_PROTEIN_HETERODIMERIZATION_ACTIVITY	371	268		
GOMF_PROTEIN_HOMODIMERIZATION_ACTIVITY	735		Rejected!	
GOMF_PROTEIN_HORMONE_RECEPTOR_ACTIVITY	21	15		
GOMF_PROTEIN_KINASE_ACTIVITY	806		Rejected!	
GOMF_PROTEIN_KINASE_A_BINDING	55	45		
GOMF_PROTEIN_KINASE_A_CATALYTIC_SUBUNIT_BINDING	14		Rejected!	
GOMF_PROTEIN_KINASE_A_REGULATORY_SUBUNIT_BINDING	26	20		
GOMF_PROTEIN_KINASE_B_BINDING	11		Rejected!	
GOMF_PROTEIN_KINASE_C_BINDING	50	43		
GOMF_PROTEIN_LIPID_COMPLEX_BINDING	32	23		
GOMF_PROTEIN_LYSINE_6_OXIDASE_ACTIVITY	5		Rejected!	
GOMF_PROTEIN_LYSINE_DEACETYLASE_ACTIVITY	29	24		
GOMF_PROTEIN_MEMBRANE_ADAPTOR_ACTIVITY	49	43		
GOMF_PROTEIN_METHYLTRANSFERASE_ACTIVITY	97	87		
GOMF_PROTEIN_N_ACETYLTRANSFERASE_ACTIVITY	59	46		
GOMF_PROTEIN_N_TERMINAL_AMINO_ACID_ACETYLTRANSFERASE_ACTIVITY	9		Rejected!	
GOMF_PROTEIN_PHOSPHATASE_1_BINDING	26	21		
GOMF_PROTEIN_PHOSPHATASE_2A_BINDING	30	25		
GOMF_PROTEIN_PHOSPHATASE_2B_BINDING	8		Rejected!	
GOMF_PROTEIN_PHOSPHATASE_ACTIVATOR_ACTIVITY	24	21		
GOMF_PROTEIN_PHOSPHATASE_BINDING	150	123		
GOMF_PROTEIN_PHOSPHORYLATED_AMINO_ACID_BINDING	59	52		
GOMF_PROTEIN_PRENYLTRANSFERASE_ACTIVITY	7		Rejected!	
GOMF_PROTEIN_RNA_ADAPTOR_ACTIVITY	23	19		
GOMF_PROTEIN_SEQUESTERING_ACTIVITY	38	33		
GOMF_PROTEIN_SERINE_KINASE_ACTIVITY	362	316		
GOMF_PROTEIN_SERINE_THREONINE_KINASE_ACTIVATOR_ACTIVITY	78	68		
GOMF_PROTEIN_SERINE_THREONINE_KINASE_ACTIVITY	575		Rejected!	
GOMF_PROTEIN_SERINE_THREONINE_KINASE_BINDING	25	21		
GOMF_PROTEIN_SERINE_THREONINE_KINASE_INHIBITOR_ACTIVITY	54	43		
GOMF_PROTEIN_SERINE_THREONINE_PHOSPHATASE_ACTIVITY	128	106		
GOMF_PROTEIN_SERINE_THREONINE_PHOSPHATASE_INHIBITOR_ACTIVITY	15		Rejected!	
GOMF_PROTEIN_SERINE_THREONINE_TYROSINE_KINASE_ACTIVITY	43	34		
GOMF_PROTEIN_TRANSMEMBRANE_TRANSPORTER_ACTIVITY	27	25		
GOMF_PROTEIN_TRANSPORTER_ACTIVITY	42	40		
GOMF_PROTEIN_TYROSINE_KINASE_ACTIVATOR_ACTIVITY	36	30		
GOMF_PROTEIN_TYROSINE_KINASE_ACTIVITY	185	158		
GOMF_PROTEIN_TYROSINE_KINASE_BINDING	118	93		
GOMF_PROTEIN_TYROSINE_KINASE_INHIBITOR_ACTIVITY	10		Rejected!	
GOMF_PROTEIN_TYROSINE_PHOSPHATASE_ACTIVATOR_ACTIVITY	5		Rejected!	
GOMF_PROTEIN_TYROSINE_PHOSPHATASE_ACTIVITY	106	84		
GOMF_PROTEIN_TYROSINE_SERINE_THREONINE_PHOSPHATASE_ACTIVITY	28	23		
GOMF_PROTEIN_TYROSINE_THREONINE_PHOSPHATASE_ACTIVITY	8		Rejected!	
GOMF_PROTEOGLYCAN_BINDING	37	30		
GOMF_PROTEOGLYCAN_SULFOTRANSFERASE_ACTIVITY	28	26		
GOMF_PROTON_CHANNEL_ACTIVITY	28	21		
GOMF_PROTON_TRANSMEMBRANE_TRANSPORTER_ACTIVITY	186	160		
GOMF_PROTON_TRANSPORTING_ATP_SYNTHASE_ACTIVITY_ROTATIONAL_MECHANISM	17	15		
GOMF_PSEUDOURIDINE_SYNTHASE_ACTIVITY	13		Rejected!	
GOMF_PURINE_NUCLEOTIDE_TRANSMEMBRANE_TRANSPORTER_ACTIVITY	26	21		
GOMF_PURINE_RIBONUCLEOTIDE_TRANSMEMBRANE_TRANSPORTER_ACTIVITY	19		Rejected!	
GOMF_PYRIMIDINE_NUCLEOBASE_TRANSMEMBRANE_TRANSPORTER_ACTIVITY	7		Rejected!	
GOMF_PYRIMIDINE_NUCLEOSIDE_TRANSMEMBRANE_TRANSPORTER_ACTIVITY	8		Rejected!	
GOMF_PYRIMIDINE_NUCLEOTIDE_BINDING	6		Rejected!	
GOMF_PYRIMIDINE_NUCLEOTIDE_SUGAR_TRANSMEMBRANE_TRANSPORTER_ACTIVITY	11		Rejected!	
GOMF_PYRUVATE_DEHYDROGENASE_ACETYL_TRANSFERRING_KINASE_ACTIVITY	5		Rejected!	
GOMF_PYRUVATE_DEHYDROGENASE_ACETYL_TRANSFERRING_PHOSPHATASE_ACTIVITY	5		Rejected!	
GOMF_PYRUVATE_DEHYDROGENASE_ACTIVITY	6		Rejected!	
GOMF_PYRUVATE_TRANSMEMBRANE_TRANSPORTER_ACTIVITY	6		Rejected!	
GOMF_P_TYPE_CALCIUM_TRANSPORTER_ACTIVITY	9		Rejected!	
GOMF_P_TYPE_POTASSIUM_TRANSMEMBRANE_TRANSPORTER_ACTIVITY	8		Rejected!	
GOMF_P_TYPE_TRANSMEMBRANE_TRANSPORTER_ACTIVITY	25	19		
GOMF_QUATERNARY_AMMONIUM_GROUP_BINDING	41	30		
GOMF_QUATERNARY_AMMONIUM_GROUP_TRANSMEMBRANE_TRANSPORTER_ACTIVITY	14		Rejected!	
GOMF_QUINONE_BINDING	17		Rejected!	
GOMF_RAB_GERANYLGERANYLTRANSFERASE_ACTIVITY	5		Rejected!	
GOMF_RACEMASE_AND_EPIMERASE_ACTIVITY	19	17		
GOMF_RACEMASE_AND_EPIMERASE_ACTIVITY_ACTING_ON_CARBOHYDRATES_AND_DERIVATIVES	11		Rejected!	
GOMF_RAGE_RECEPTOR_BINDING	12		Rejected!	
GOMF_RDNA_BINDING	10		Rejected!	
GOMF_RECEPTOR_ANTAGONIST_ACTIVITY	18		Rejected!	
GOMF_RECEPTOR_LIGAND_INHIBITOR_ACTIVITY	8		Rejected!	
GOMF_RECEPTOR_SERINE_THREONINE_KINASE_BINDING	30	25		
GOMF_RECEPTOR_SIGNALING_PROTEIN_TYROSINE_KINASE_ACTIVATOR_ACTIVITY	5		Rejected!	
GOMF_RECEPTOR_TYROSINE_KINASE_BINDING	81	63		
GOMF_REGULATORY_RNA_BINDING	60	42		
GOMF_RETINAL_BINDING	19		Rejected!	
GOMF_RETINAL_DEHYDROGENASE_ACTIVITY	8		Rejected!	
GOMF_RETINOIC_ACID_4_HYDROXYLASE_ACTIVITY	10		Rejected!	
GOMF_RETINOIC_ACID_BINDING	27		Rejected!	
GOMF_RETINOIC_ACID_RESPONSIVE_ELEMENT_BINDING	7		Rejected!	
GOMF_RETINOL_BINDING	16		Rejected!	
GOMF_RETINYL_PALMITATE_ESTERASE_ACTIVITY	7		Rejected!	
GOMF_RETROMER_COMPLEX_BINDING	10		Rejected!	
GOMF_RIBOFLAVIN_TRANSMEMBRANE_TRANSPORTER_ACTIVITY	6		Rejected!	
GOMF_RIBONUCLEASE_INHIBITOR_ACTIVITY	5		Rejected!	
GOMF_RIBONUCLEASE_P_ACTIVITY	12		Rejected!	
GOMF_RIBONUCLEASE_P_RNA_BINDING	10		Rejected!	
GOMF_RIBONUCLEOPROTEIN_COMPLEX_BINDING	178	170		
GOMF_RIBOSOMAL_LARGE_SUBUNIT_BINDING	17	16		
GOMF_RIBOSOMAL_PROTEIN_S6_KINASE_ACTIVITY	6		Rejected!	
GOMF_RIBOSOMAL_SMALL_SUBUNIT_BINDING	20	20		
GOMF_RIBOSOME_BINDING	112	106		
GOMF_RISC_COMPLEX_BINDING	5		Rejected!	
GOMF_RNA_2_O_METHYLTRANSFERASE_ACTIVITY	10		Rejected!	
GOMF_RNA_7_METHYLGUANOSINE_CAP_BINDING	13		Rejected!	
GOMF_RNA_CAP_BINDING	21	19		
GOMF_RNA_DIRECTED_DNA_POLYMERASE_ACTIVITY	15		Rejected!	
GOMF_RNA_DNA_HYBRID_RIBONUCLEASE_ACTIVITY	6		Rejected!	
GOMF_RNA_ENDONUCLEASE_ACTIVITY	75	69		
GOMF_RNA_ENDONUCLEASE_ACTIVITY_PRODUCING_3_PHOSPHOMONOESTERS	8		Rejected!	
GOMF_RNA_ENDONUCLEASE_ACTIVITY_PRODUCING_5_PHOSPHOMONOESTERS	32	31		
GOMF_RNA_EXONUCLEASE_ACTIVITY	44	42		
GOMF_RNA_EXONUCLEASE_ACTIVITY_PRODUCING_5_PHOSPHOMONOESTERS	39	37		
GOMF_RNA_METHYLTRANSFERASE_ACTIVITY	68	61		
GOMF_RNA_NUCLEASE_ACTIVITY	133	116		
GOMF_RNA_POLYMERASE_ACTIVITY	35	34		
GOMF_RNA_POLYMERASE_BINDING	58	49		
GOMF_RNA_POLYMERASE_CORE_ENZYME_BINDING	41	37		
GOMF_RNA_POLYMERASE_III_GENERAL_TRANSCRIPTION_INITIATION_FACTOR_ACTIVITY	12		Rejected!	
GOMF_RNA_POLYMERASE_III_TRANSCRIPTION_REGULATORY_REGION_SEQUENCE_SPECIFIC_DNA_BINDING	8		Rejected!	
GOMF_RNA_POLYMERASE_III_TYPE_3_PROMOTER_SEQUENCE_SPECIFIC_DNA_BINDING	6		Rejected!	
GOMF_RNA_POLYMERASE_II_CORE_PROMOTER_SEQUENCE_SPECIFIC_DNA_BINDING	21	16		
GOMF_RNA_POLYMERASE_II_CTD_HEPTAPEPTIDE_REPEAT_KINASE_ACTIVITY	10		Rejected!	
GOMF_RNA_POLYMERASE_II_CTD_HEPTAPEPTIDE_REPEAT_MODIFYING_ACTIVITY	25	16		
GOMF_RNA_POLYMERASE_II_CTD_HEPTAPEPTIDE_REPEAT_PHOSPHATASE_ACTIVITY	15		Rejected!	
GOMF_RNA_POLYMERASE_II_C_TERMINAL_DOMAIN_BINDING	10		Rejected!	
GOMF_RNA_POLYMERASE_II_GENERAL_TRANSCRIPTION_INITIATION_FACTOR_ACTIVITY	53	37		
GOMF_RNA_POLYMERASE_II_GENERAL_TRANSCRIPTION_INITIATION_FACTOR_BINDING	24	20		
GOMF_RNA_POLYMERASE_II_INTRONIC_TRANSCRIPTION_REGULATORY_REGION_SEQUENCE_SPECIFIC_DNA_BINDING	8		Rejected!	
GOMF_RNA_POLYMERASE_II_SPECIFIC_DNA_BINDING_TRANSCRIPTION_FACTOR_BINDING	355	295		
GOMF_RNA_POLYMERASE_II_TRANSCRIPTION_REGULATORY_REGION_SEQUENCE_SPECIFIC_DNA_BINDING	1331		Rejected!	
GOMF_RNA_POLYMERASE_I_CORE_PROMOTER_SEQUENCE_SPECIFIC_DNA_BINDING	10		Rejected!	
GOMF_RNA_POLYMERASE_I_GENERAL_TRANSCRIPTION_INITIATION_FACTOR_ACTIVITY	8		Rejected!	
GOMF_RNA_POLYMERASE_I_TRANSCRIPTION_REGULATORY_REGION_SEQUENCE_SPECIFIC_DNA_BINDING	12		Rejected!	
GOMF_RNA_STEM_LOOP_BINDING	16		Rejected!	
GOMF_RNA_STRAND_ANNEALING_ACTIVITY	5		Rejected!	
GOMF_ROUNDABOUT_BINDING	6		Rejected!	
GOMF_RRNA_ADENINE_METHYLTRANSFERASE_ACTIVITY	7		Rejected!	
GOMF_RRNA_BINDING	66	60		
GOMF_RRNA_CYTOSINE_METHYLTRANSFERASE_ACTIVITY	5		Rejected!	
GOMF_RRNA_URIDINE_METHYLTRANSFERASE_ACTIVITY	5		Rejected!	
GOMF_RS_DOMAIN_BINDING	6		Rejected!	
GOMF_R_SMAD_BINDING	27	22		
GOMF_S100_PROTEIN_BINDING	14		Rejected!	
GOMF_SALT_TRANSMEMBRANE_TRANSPORTER_ACTIVITY	9		Rejected!	
GOMF_SCAFFOLD_PROTEIN_BINDING	72	57		
GOMF_SCAVENGER_RECEPTOR_ACTIVITY	27	25		
GOMF_SECONDARY_ACTIVE_MONOCARBOXYLATE_TRANSMEMBRANE_TRANSPORTER_ACTIVITY	19	16		
GOMF_SECONDARY_ACTIVE_SULFATE_TRANSMEMBRANE_TRANSPORTER_ACTIVITY	11		Rejected!	
GOMF_SECONDARY_ACTIVE_TRANSMEMBRANE_TRANSPORTER_ACTIVITY	291	226		
GOMF_SELENIUM_BINDING	9		Rejected!	
GOMF_SEMAPHORIN_RECEPTOR_ACTIVITY	13		Rejected!	
GOMF_SEMAPHORIN_RECEPTOR_BINDING	24	21		
GOMF_SEQUENCE_SPECIFIC_DNA_BINDING	1623		Rejected!	
GOMF_SEQUENCE_SPECIFIC_MRNA_BINDING	15		Rejected!	
GOMF_SEQUENCE_SPECIFIC_SINGLE_STRANDED_DNA_BINDING	14		Rejected!	
GOMF_SERINE_HYDROLASE_ACTIVITY	306	203		
GOMF_SERINE_TYPE_CARBOXYPEPTIDASE_ACTIVITY	5		Rejected!	
GOMF_SERINE_TYPE_ENDOPEPTIDASE_INHIBITOR_ACTIVITY	101	65		
GOMF_SERINE_TYPE_EXOPEPTIDASE_ACTIVITY	12		Rejected!	
GOMF_SEROTONIN_BINDING	10		Rejected!	
GOMF_SEROTONIN_GATED_MONOATOMIC_CATION_CHANNEL_ACTIVITY	7		Rejected!	
GOMF_SEROTONIN_RECEPTOR_ACTIVITY	19		Rejected!	
GOMF_SH2_DOMAIN_BINDING	41	32		
GOMF_SH3_DOMAIN_BINDING	116	102		
GOMF_SHORT_CHAIN_CARBOXYLESTERASE_ACTIVITY	6		Rejected!	
GOMF_SIALIC_ACID_BINDING	22		Rejected!	
GOMF_SIALYLTRANSFERASE_ACTIVITY	21	17		
GOMF_SIGNALING_ADAPTOR_ACTIVITY	131	111		
GOMF_SIGNALING_RECEPTOR_BINDING	1540		Rejected!	
GOMF_SIGNALING_RECEPTOR_COMPLEX_ADAPTOR_ACTIVITY	52	42		
GOMF_SIGNALING_RECEPTOR_INHIBITOR_ACTIVITY	34	23		
GOMF_SIGNALING_RECEPTOR_REGULATOR_ACTIVITY	602	401		
GOMF_SIGNAL_RECOGNITION_PARTICLE_BINDING	8		Rejected!	
GOMF_SIGNAL_SEQUENCE_BINDING	47	43		
GOMF_SINGLE_STRANDED_DNA_3_5_DNA_EXONUCLEASE_ACTIVITY	6		Rejected!	
GOMF_SINGLE_STRANDED_DNA_5_3_DNA_EXONUCLEASE_ACTIVITY	5		Rejected!	
GOMF_SINGLE_STRANDED_DNA_BINDING	123	105		
GOMF_SINGLE_STRANDED_DNA_ENDODEOXYRIBONUCLEASE_ACTIVITY	11		Rejected!	
GOMF_SINGLE_STRANDED_DNA_EXODEOXYRIBONUCLEASE_ACTIVITY	10		Rejected!	
GOMF_SINGLE_STRANDED_DNA_HELICASE_ACTIVITY	23	20		
GOMF_SINGLE_STRANDED_RNA_BINDING	90	74		
GOMF_SIRNA_BINDING	12		Rejected!	
GOMF_SMAD_BINDING	80	65		
GOMF_SMALL_PROTEIN_ACTIVATING_ENZYME_BINDING	5		Rejected!	
GOMF_SMALL_RIBOSOMAL_SUBUNIT_RRNA_BINDING	8		Rejected!	
GOMF_SNAP_RECEPTOR_ACTIVITY	37	33		
GOMF_SNARE_BINDING	107	94		
GOMF_SNORNA_BINDING	32	30		
GOMF_SNRNA_BINDING	55	43		
GOMF_SNRNP_BINDING	10		Rejected!	
GOMF_SODIUM_BICARBONATE_SYMPORTER_ACTIVITY	6		Rejected!	
GOMF_SODIUM_CHANNEL_ACTIVITY	91	79		
GOMF_SODIUM_CHANNEL_INHIBITOR_ACTIVITY	8		Rejected!	
GOMF_SODIUM_CHANNEL_REGULATOR_ACTIVITY	42	34		
GOMF_SODIUM_INDEPENDENT_ORGANIC_ANION_TRANSMEMBRANE_TRANSPORTER_ACTIVITY	17		Rejected!	
GOMF_SODIUM_ION_BINDING	9		Rejected!	
GOMF_SODIUM_ION_TRANSMEMBRANE_TRANSPORTER_ACTIVITY	205	165		
GOMF_SODIUM_PHOSPHATE_SYMPORTER_ACTIVITY	12		Rejected!	
GOMF_SODIUM_PROTON_ANTIPORTER_ACTIVITY	16	15		
GOMF_SOLUTE_INORGANIC_ANION_ANTIPORTER_ACTIVITY	34	25		
GOMF_SOLUTE_MONOATOMIC_CATION_SYMPORTER_ACTIVITY	117	88		
GOMF_SOLUTE_POTASSIUM_ANTIPORTER_ACTIVITY	19	18		
GOMF_SOLUTE_PROTON_SYMPORTER_ACTIVITY	24	20		
GOMF_SOLUTE_SODIUM_SYMPORTER_ACTIVITY	80	55		
GOMF_SOMATOSTATIN_RECEPTOR_ACTIVITY	5		Rejected!	
GOMF_SPECTRIN_BINDING	27	22		
GOMF_SPHINGOLIPID_BINDING	29	24		
GOMF_SPHINGOLIPID_TRANSFER_ACTIVITY	10		Rejected!	
GOMF_SPHINGOLIPID_TRANSPORTER_ACTIVITY	21	19		
GOMF_SPHINGOMYELIN_PHOSPHODIESTERASE_ACTIVITY	8		Rejected!	
GOMF_SPHINGOSINE_1_PHOSPHATE_PHOSPHATASE_ACTIVITY	7		Rejected!	
GOMF_SPHINGOSINE_1_PHOSPHATE_RECEPTOR_ACTIVITY	9		Rejected!	
GOMF_SPHINGOSINE_N_ACYLTRANSFERASE_ACTIVITY	7		Rejected!	
GOMF_SPLICING_FACTOR_BINDING	6		Rejected!	
GOMF_STAT_FAMILY_PROTEIN_BINDING	12		Rejected!	
GOMF_STEROID_BINDING	110	95		
GOMF_STEROID_DEHYDROGENASE_ACTIVITY	38	31		
GOMF_STEROID_DEHYDROGENASE_ACTIVITY_ACTING_ON_THE_CH_OH_GROUP_OF_DONORS_NAD_OR_NADP_AS_ACCEPTOR	32	26		
GOMF_STEROID_HORMONE_BINDING	6		Rejected!	
GOMF_STEROID_HYDROXYLASE_ACTIVITY	27		Rejected!	
GOMF_STEROL_BINDING	69	59		
GOMF_STEROL_ESTER_ESTERASE_ACTIVITY	8		Rejected!	
GOMF_STEROL_TRANSFER_ACTIVITY	32	24		
GOMF_STORE_OPERATED_CALCIUM_CHANNEL_ACTIVITY	10		Rejected!	
GOMF_STRUCTURAL_CONSTITUENT_OF_CHROMATIN	98	54		
GOMF_STRUCTURAL_CONSTITUENT_OF_CYTOPLASMIC_LATTICE	5		Rejected!	
GOMF_STRUCTURAL_CONSTITUENT_OF_CYTOSKELETON	115	85		
GOMF_STRUCTURAL_CONSTITUENT_OF_EYE_LENS	23	15		
GOMF_STRUCTURAL_CONSTITUENT_OF_MUSCLE	43	34		
GOMF_STRUCTURAL_CONSTITUENT_OF_MYELIN_SHEATH	11		Rejected!	
GOMF_STRUCTURAL_CONSTITUENT_OF_NUCLEAR_PORE	25	21		
GOMF_STRUCTURAL_CONSTITUENT_OF_POSTSYNAPSE	21	15		
GOMF_STRUCTURAL_CONSTITUENT_OF_POSTSYNAPTIC_ACTIN_CYTOSKELETON	11		Rejected!	
GOMF_STRUCTURAL_CONSTITUENT_OF_POSTSYNAPTIC_SPECIALIZATION	5		Rejected!	
GOMF_STRUCTURAL_CONSTITUENT_OF_PRESYNAPTIC_ACTIVE_ZONE	7		Rejected!	
GOMF_STRUCTURAL_CONSTITUENT_OF_RIBOSOME	167	150		
GOMF_STRUCTURAL_CONSTITUENT_OF_SKIN_EPIDERMIS	37	16		
GOMF_STRUCTURAL_CONSTITUENT_OF_SYNAPSE	29	23		
GOMF_STRUCTURAL_CONSTITUENT_OF_TOOTH_ENAMEL	6		Rejected!	
GOMF_STRUCTURAL_MOLECULE_ACTIVITY	827		Rejected!	
GOMF_STRUCTURAL_MOLECULE_ACTIVITY_CONFERRING_ELASTICITY	11		Rejected!	
GOMF_SUCCINATE_TRANSMEMBRANE_TRANSPORTER_ACTIVITY	5		Rejected!	
GOMF_SUGAR_TRANSMEMBRANE_TRANSPORTER_ACTIVITY	27	19		
GOMF_SULFATE_BINDING	6		Rejected!	
GOMF_SULFATE_TRANSMEMBRANE_TRANSPORTER_ACTIVITY	15		Rejected!	
GOMF_SULFATIDE_BINDING	6		Rejected!	
GOMF_SULFOTRANSFERASE_ACTIVITY	53	45		
GOMF_SULFURIC_ESTER_HYDROLASE_ACTIVITY	17	16		
GOMF_SULFURTRANSFERASE_ACTIVITY	10		Rejected!	
GOMF_SULFUR_AMINO_ACID_TRANSMEMBRANE_TRANSPORTER_ACTIVITY	11		Rejected!	
GOMF_SULFUR_COMPOUND_BINDING	276	218		
GOMF_SULFUR_COMPOUND_TRANSMEMBRANE_TRANSPORTER_ACTIVITY	64	50		
GOMF_SUMO_BINDING	17	17		
GOMF_SUMO_LIGASE_ACTIVITY	14		Rejected!	
GOMF_SUMO_POLYMER_BINDING	6		Rejected!	
GOMF_SUMO_TRANSFERASE_ACTIVITY	28	21		
GOMF_SUPERCOILED_DNA_BINDING	6		Rejected!	
GOMF_SUPEROXIDE_GENERATING_NADPH_OXIDASE_ACTIVATOR_ACTIVITY	11		Rejected!	
GOMF_SUPEROXIDE_GENERATING_NADPH_OXIDASE_ACTIVITY	16		Rejected!	
GOMF_SUPEROXIDE_GENERATING_NAD_P_H_OXIDASE_ACTIVITY	20		Rejected!	
GOMF_SYMPORTER_ACTIVITY	147	112		
GOMF_SYNDECAN_BINDING	5		Rejected!	
GOMF_SYNTAXIN_1_BINDING	19	16		
GOMF_SYNTAXIN_BINDING	61	51		
GOMF_S_ACYLTRANSFERASE_ACTIVITY	30	26		
GOMF_S_ADENOSYLMETHIONINE_DEPENDENT_METHYLTRANSFERASE_ACTIVITY	167	149		
GOMF_S_ADENOSYL_L_METHIONINE_BINDING	23	21		
GOMF_S_METHYLTRANSFERASE_ACTIVITY	11		Rejected!	
GOMF_TAP_BINDING	7		Rejected!	
GOMF_TASTE_RECEPTOR_ACTIVITY	31		Rejected!	
GOMF_TAT_PROTEIN_BINDING	10		Rejected!	
GOMF_TAURINE_TRANSMEMBRANE_TRANSPORTER_ACTIVITY	5		Rejected!	
GOMF_TAU_PROTEIN_BINDING	44	40		
GOMF_TAU_PROTEIN_KINASE_ACTIVITY	10		Rejected!	
GOMF_TBP_CLASS_PROTEIN_BINDING	26	23		
GOMF_TELETHONIN_BINDING	7		Rejected!	
GOMF_TELOMERASE_ACTIVITY	14		Rejected!	
GOMF_TELOMERASE_INHIBITOR_ACTIVITY	7		Rejected!	
GOMF_TELOMERASE_RNA_BINDING	22	22		
GOMF_TELOMERIC_DNA_BINDING	39	36		
GOMF_TESTOSTERONE_6_BETA_HYDROXYLASE_ACTIVITY	6		Rejected!	
GOMF_TESTOSTERONE_DEHYDROGENASE_NAD_P_PLUS_ACTIVITY	13		Rejected!	
GOMF_TETRAPYRROLE_BINDING	151	98		
GOMF_TFIID_CLASS_TRANSCRIPTION_FACTOR_COMPLEX_BINDING	10		Rejected!	
GOMF_THIAMINE_PYROPHOSPHATE_BINDING	8		Rejected!	
GOMF_THIAMINE_TRANSMEMBRANE_TRANSPORTER_ACTIVITY	7		Rejected!	
GOMF_THIOESTERASE_BINDING	10		Rejected!	
GOMF_THIOLESTER_HYDROLASE_ACTIVITY	45	38		
GOMF_THIOL_OXIDASE_ACTIVITY	6		Rejected!	
GOMF_THIOREDOXIN_DEPENDENT_PEROXIREDOXIN_ACTIVITY	6		Rejected!	
GOMF_THIOREDOXIN_DISULFIDE_REDUCTASE_NADPH_ACTIVITY	7		Rejected!	
GOMF_THREONINE_TYPE_ENDOPEPTIDASE_ACTIVITY	9		Rejected!	
GOMF_THREONINE_TYPE_PEPTIDASE_ACTIVITY	20		Rejected!	
GOMF_THYROID_HORMONE_BINDING	5		Rejected!	
GOMF_THYROID_HORMONE_TRANSMEMBRANE_TRANSPORTER_ACTIVITY	8		Rejected!	
GOMF_TITIN_BINDING	13		Rejected!	
GOMF_TOLL_LIKE_RECEPTOR_4_BINDING	5		Rejected!	
GOMF_TOLL_LIKE_RECEPTOR_BINDING	14		Rejected!	
GOMF_TORC2_COMPLEX_BINDING	5		Rejected!	
GOMF_TOXIC_SUBSTANCE_BINDING	11		Rejected!	
GOMF_TOXIN_TRANSMEMBRANE_TRANSPORTER_ACTIVITY	9		Rejected!	
GOMF_TPR_DOMAIN_BINDING	8		Rejected!	
GOMF_TRACE_AMINE_RECEPTOR_ACTIVITY	8		Rejected!	
GOMF_TRAIL_BINDING	5		Rejected!	
GOMF_TRANSAMINASE_ACTIVITY	25	20		
GOMF_TRANSCRIPTION_COACTIVATOR_ACTIVITY	285	246		
GOMF_TRANSCRIPTION_COACTIVATOR_BINDING	51	41		
GOMF_TRANSCRIPTION_COREGULATOR_ACTIVITY	528	451		
GOMF_TRANSCRIPTION_COREGULATOR_BINDING	127	103		
GOMF_TRANSCRIPTION_COREPRESSOR_ACTIVITY	213	179		
GOMF_TRANSCRIPTION_COREPRESSOR_BINDING	51	40		
GOMF_TRANSCRIPTION_ELONGATION_FACTOR_ACTIVITY	8		Rejected!	
GOMF_TRANSCRIPTION_FACTOR_BINDING	604		Rejected!	
GOMF_TRANSCRIPTION_REGULATOR_ACTIVATOR_ACTIVITY	11		Rejected!	
GOMF_TRANSCRIPTION_REGULATOR_ACTIVITY	1943		Rejected!	
GOMF_TRANSCRIPTION_REGULATOR_INHIBITOR_ACTIVITY	41	33		
GOMF_TRANSFERASE_ACTIVITY_TRANSFERRING_ALKYL_OR_ARYL_OTHER_THAN_METHYL_GROUPS	64	57		
GOMF_TRANSFERASE_ACTIVITY_TRANSFERRING_NITROGENOUS_GROUPS	31	26		
GOMF_TRANSFERASE_ACTIVITY_TRANSFERRING_ONE_CARBON_GROUPS	218	189		
GOMF_TRANSFERASE_ACTIVITY_TRANSFERRING_PHOSPHORUS_CONTAINING_GROUPS	1162		Rejected!	
GOMF_TRANSFERASE_ACTIVITY_TRANSFERRING_SULPHUR_CONTAINING_GROUPS	70	61		
GOMF_TRANSFERRIN_RECEPTOR_BINDING	12		Rejected!	
GOMF_TRANSFORMING_GROWTH_FACTOR_BETA_BINDING	24	19		
GOMF_TRANSFORMING_GROWTH_FACTOR_BETA_RECEPTOR_ACTIVITY	12		Rejected!	
GOMF_TRANSFORMING_GROWTH_FACTOR_BETA_RECEPTOR_ACTIVITY_TYPE_I	5		Rejected!	
GOMF_TRANSFORMING_GROWTH_FACTOR_BETA_RECEPTOR_BINDING	26	20		
GOMF_TRANSITION_METAL_ION_TRANSMEMBRANE_TRANSPORTER_ACTIVITY	45	37		
GOMF_TRANSKETOLASE_OR_TRANSALDOLASE_ACTIVITY	5		Rejected!	
GOMF_TRANSLATION_ACTIVATOR_ACTIVITY	14		Rejected!	
GOMF_TRANSLATION_ELONGATION_FACTOR_ACTIVITY	20	15		
GOMF_TRANSLATION_FACTOR_ACTIVITY	85	77		
GOMF_TRANSLATION_FACTOR_ACTIVITY_RNA_BINDING	22	21		
GOMF_TRANSLATION_INITIATION_FACTOR_ACTIVITY	51	48		
GOMF_TRANSLATION_INITIATION_FACTOR_BINDING	33	31		
GOMF_TRANSLATION_REGULATOR_ACTIVITY	359	52		
GOMF_TRANSLATION_TERMINATION_FACTOR_ACTIVITY	7		Rejected!	
GOMF_TRANSMEMBRANE_EPHRIN_RECEPTOR_ACTIVITY	15		Rejected!	
GOMF_TRANSMEMBRANE_RECEPTOR_PROTEIN_KINASE_ACTIVITY	100	79		
GOMF_TRANSMEMBRANE_RECEPTOR_PROTEIN_PHOSPHATASE_ACTIVITY	17		Rejected!	
GOMF_TRANSMEMBRANE_RECEPTOR_PROTEIN_SERINE_THREONINE_KINASE_ACTIVITY	18		Rejected!	
GOMF_TRANSMEMBRANE_RECEPTOR_PROTEIN_SERINE_THREONINE_KINASE_BINDING	24	19		
GOMF_TRANSMEMBRANE_RECEPTOR_PROTEIN_TYROSINE_KINASE_ACTIVATOR_ACTIVITY	19	15		
GOMF_TRANSMEMBRANE_RECEPTOR_PROTEIN_TYROSINE_KINASE_ACTIVITY	82	68		
GOMF_TRANSMEMBRANE_RECEPTOR_PROTEIN_TYROSINE_KINASE_ADAPTOR_ACTIVITY	17		Rejected!	
GOMF_TRANSMEMBRANE_SIGNALING_RECEPTOR_ACTIVITY	1360		Rejected!	
GOMF_TRANSMEMBRANE_TRANSPORTER_BINDING	144	125		
GOMF_TRANSPORTER_ACTIVATOR_ACTIVITY	26	20		
GOMF_TRANSPORTER_ACTIVITY	1383		Rejected!	
GOMF_TRANSPORTER_INHIBITOR_ACTIVITY	52	45		
GOMF_TRANSPORTER_REGULATOR_ACTIVITY	192	163		
GOMF_TRIACYLGLYCEROL_LIPASE_ACTIVITY	29	19		
GOMF_TRIPEPTIDE_TRANSMEMBRANE_TRANSPORTER_ACTIVITY	9		Rejected!	
GOMF_TRIPLET_CODON_AMINO_ACID_ADAPTOR_ACTIVITY	7		Rejected!	
GOMF_TRNA_BINDING	81	76		
GOMF_TRNA_CYTIDINE_METHYLTRANSFERASE_ACTIVITY	9		Rejected!	
GOMF_TRNA_GUANINE_METHYLTRANSFERASE_ACTIVITY	12		Rejected!	
GOMF_TRNA_METHYLTRANSFERASE_ACTIVITY	33	32		
GOMF_TRNA_PSEUDOURIDINE_SYNTHASE_ACTIVITY	8		Rejected!	
GOMF_TRNA_SPECIFIC_ADENOSINE_DEAMINASE_ACTIVITY	8		Rejected!	
GOMF_TRNA_SPECIFIC_RIBONUCLEASE_ACTIVITY	17	16		
GOMF_TRNA_URIDINE_METHYLTRANSFERASE_ACTIVITY	5		Rejected!	
GOMF_TROPOMYOSIN_BINDING	15		Rejected!	
GOMF_TUBULIN_BINDING	392	353		
GOMF_TUMOR_NECROSIS_FACTOR_BINDING	7		Rejected!	
GOMF_TUMOR_NECROSIS_FACTOR_RECEPTOR_ACTIVITY	10		Rejected!	
GOMF_TUMOR_NECROSIS_FACTOR_RECEPTOR_BINDING	30	23		
GOMF_TUMOR_NECROSIS_FACTOR_RECEPTOR_SUPERFAMILY_BINDING	49	41		
GOMF_TYPE_1_ANGIOTENSIN_RECEPTOR_BINDING	5		Rejected!	
GOMF_TYPE_1_FIBROBLAST_GROWTH_FACTOR_RECEPTOR_BINDING	6		Rejected!	
GOMF_TYPE_2_FIBROBLAST_GROWTH_FACTOR_RECEPTOR_BINDING	5		Rejected!	
GOMF_TYPE_II_TRANSFORMING_GROWTH_FACTOR_BETA_RECEPTOR_BINDING	11		Rejected!	
GOMF_TYPE_I_INTERFERON_RECEPTOR_BINDING	16		Rejected!	
GOMF_TYPE_I_TRANSFORMING_GROWTH_FACTOR_BETA_RECEPTOR_BINDING	11		Rejected!	
GOMF_T_CELL_RECEPTOR_BINDING	12		Rejected!	
GOMF_U1_SNRNA_BINDING	8		Rejected!	
GOMF_U1_SNRNP_BINDING	7		Rejected!	
GOMF_U2_SNRNA_BINDING	6		Rejected!	
GOMF_U3_SNORNA_BINDING	11		Rejected!	
GOMF_U4_SNRNA_BINDING	9		Rejected!	
GOMF_U6_SNRNA_BINDING	16		Rejected!	
GOMF_UBIQUINOL_CYTOCHROME_C_REDUCTASE_ACTIVITY	7		Rejected!	
GOMF_UBIQUINONE_BINDING	6		Rejected!	
GOMF_UBIQUITIN_BINDING	105	94		
GOMF_UBIQUITIN_CONJUGATING_ENZYME_BINDING	32	28		
GOMF_UBIQUITIN_LIGASE_ACTIVATOR_ACTIVITY	11		Rejected!	
GOMF_UBIQUITIN_LIGASE_COMPLEX_SCAFFOLD_ACTIVITY	8		Rejected!	
GOMF_UBIQUITIN_LIGASE_INHIBITOR_ACTIVITY	13		Rejected!	
GOMF_UBIQUITIN_LIKE_MODIFIER_ACTIVATING_ENZYME_ACTIVITY	10		Rejected!	
GOMF_UBIQUITIN_LIKE_PROTEIN_BINDING	124	113		
GOMF_UBIQUITIN_LIKE_PROTEIN_CONJUGATING_ENZYME_ACTIVITY	42	36		
GOMF_UBIQUITIN_LIKE_PROTEIN_CONJUGATING_ENZYME_BINDING	38	33		
GOMF_UBIQUITIN_LIKE_PROTEIN_LIGASE_ACTIVITY	372	311		
GOMF_UBIQUITIN_LIKE_PROTEIN_LIGASE_BINDING	324	280		
GOMF_UBIQUITIN_LIKE_PROTEIN_PEPTIDASE_ACTIVITY	140	106		
GOMF_UBIQUITIN_LIKE_PROTEIN_READER_ACTIVITY	22	20		
GOMF_UBIQUITIN_LIKE_PROTEIN_SPECIFIC_ENDOPEPTIDASE_ACTIVITY	5		Rejected!	
GOMF_UBIQUITIN_MODIFIED_HISTONE_READER_ACTIVITY	9		Rejected!	
GOMF_UBIQUITIN_PROTEIN_TRANSFERASE_ACTIVATOR_ACTIVITY	17	15		
GOMF_UBIQUITIN_PROTEIN_TRANSFERASE_INHIBITOR_ACTIVITY	17	15		
GOMF_UBIQUITIN_PROTEIN_TRANSFERASE_REGULATOR_ACTIVITY	38	34		
GOMF_UBIQUITIN_SPECIFIC_PROTEASE_BINDING	19		Rejected!	
GOMF_UBIQUITIN_UBIQUITIN_LIGASE_ACTIVITY	16	16		
GOMF_UDP_GLUCOSYLTRANSFERASE_ACTIVITY	12		Rejected!	
GOMF_UDP_GLYCOSYLTRANSFERASE_ACTIVITY	147	109		
GOMF_UDP_N_ACETYLGLUCOSAMINE_TRANSMEMBRANE_TRANSPORTER_ACTIVITY	5		Rejected!	
GOMF_UDP_XYLOSYLTRANSFERASE_ACTIVITY	11		Rejected!	
GOMF_UNFOLDED_PROTEIN_BINDING	123	94		
GOMF_UNIPORTER_ACTIVITY	9		Rejected!	
GOMF_UNMETHYLATED_CPG_BINDING	9		Rejected!	
GOMF_UREA_TRANSMEMBRANE_TRANSPORTER_ACTIVITY	8		Rejected!	
GOMF_URIDYLYLTRANSFERASE_ACTIVITY	7		Rejected!	
GOMF_VASCULAR_ENDOTHELIAL_GROWTH_FACTOR_BINDING	5		Rejected!	
GOMF_VASCULAR_ENDOTHELIAL_GROWTH_FACTOR_RECEPTOR_2_BINDING	9		Rejected!	
GOMF_VASCULAR_ENDOTHELIAL_GROWTH_FACTOR_RECEPTOR_ACTIVITY	7		Rejected!	
GOMF_VASCULAR_ENDOTHELIAL_GROWTH_FACTOR_RECEPTOR_BINDING	13		Rejected!	
GOMF_VASOPRESSIN_RECEPTOR_ACTIVITY	7		Rejected!	
GOMF_VERY_LONG_CHAIN_FATTY_ACID_COA_LIGASE_ACTIVITY	10		Rejected!	
GOMF_VERY_LOW_DENSITY_LIPOPROTEIN_PARTICLE_BINDING	5		Rejected!	
GOMF_VINCULIN_BINDING	12		Rejected!	
GOMF_VIRION_BINDING	10		Rejected!	
GOMF_VITAMIN_B6_BINDING	57	46		
GOMF_VITAMIN_BINDING	151	122		
GOMF_VITAMIN_D_BINDING	7		Rejected!	
GOMF_VITAMIN_TRANSMEMBRANE_TRANSPORTER_ACTIVITY	35	29		
GOMF_VOLTAGE_GATED_CALCIUM_CHANNEL_ACTIVITY	43	34		
GOMF_VOLTAGE_GATED_CALCIUM_CHANNEL_ACTIVITY_INVOLVED_IN_CARDIAC_MUSCLE_CELL_ACTION_POTENTIAL	5		Rejected!	
GOMF_VOLTAGE_GATED_CHANNEL_ACTIVITY	178	143		
GOMF_VOLTAGE_GATED_CHLORIDE_CHANNEL_ACTIVITY	11		Rejected!	
GOMF_VOLTAGE_GATED_MONOATOMIC_ANION_CHANNEL_ACTIVITY	17	16		
GOMF_VOLTAGE_GATED_MONOATOMIC_CATION_CHANNEL_ACTIVITY	145	116		
GOMF_VOLTAGE_GATED_MONOATOMIC_ION_CHANNEL_ACTIVITY_INVOLVED_IN_REGULATION_OF_PRESYNAPTIC_MEMBRANE_POTENTIAL	11		Rejected!	
GOMF_VOLTAGE_GATED_POTASSIUM_CHANNEL_ACTIVITY	99	80		
GOMF_VOLTAGE_GATED_POTASSIUM_CHANNEL_ACTIVITY_INVOLVED_IN_CARDIAC_MUSCLE_CELL_ACTION_POTENTIAL_REPOLARIZATION	14		Rejected!	
GOMF_VOLTAGE_GATED_SODIUM_CHANNEL_ACTIVITY	22	19		
GOMF_VOLUME_SENSITIVE_ANION_CHANNEL_ACTIVITY	11		Rejected!	
GOMF_VOLUME_SENSITIVE_CHLORIDE_CHANNEL_ACTIVITY	5		Rejected!	
GOMF_WATER_CHANNEL_ACTIVITY	16		Rejected!	
GOMF_WATER_TRANSMEMBRANE_TRANSPORTER_ACTIVITY	19		Rejected!	
GOMF_WD40_REPEAT_DOMAIN_BINDING	6		Rejected!	
GOMF_WIDE_PORE_CHANNEL_ACTIVITY	37	25		
GOMF_WNT_PROTEIN_BINDING	31	30		
GOMF_WNT_RECEPTOR_ACTIVITY	16	15		
GOMF_WW_DOMAIN_BINDING	24	21		
GOMF_XENOBIOTIC_TRANSMEMBRANE_TRANSPORTER_ACTIVITY	32	28		
GOMF_ZINC_ION_TRANSMEMBRANE_TRANSPORTER_ACTIVITY	26	22		
GOMF_ZINC_PROTON_ANTIPORTER_ACTIVITY	5		Rejected!	
HP_11_PAIRS_OF_RIBS	49	43		
HP_2_3_FINGER_CUTANEOUS_SYNDACTYLY	11		Rejected!	
HP_2_3_TOE_CUTANEOUS_SYNDACTYLY	20	17		
HP_2_3_TOE_SYNDACTYLY	91	82		
HP_2_4_FINGER_CUTANEOUS_SYNDACTYLY	5		Rejected!	
HP_2_4_TOE_CUTANEOUS_SYNDACTYLY	5		Rejected!	
HP_2_HYDROXYGLUTARATE_ACIDURIA	6		Rejected!	
HP_3_4_FINGER_CUTANEOUS_SYNDACTYLY	17	16		
HP_3_4_FINGER_OSSEUS_SYNDACTYLY	5		Rejected!	
HP_3_4_TOE_SYNDACTYLY	7		Rejected!	
HP_3_METHYLGLUTACONIC_ACIDURIA	27	26		
HP_3_METHYLGLUTARIC_ACIDURIA	5		Rejected!	
HP_4_5_FINGER_CUTANEOUS_SYNDACTYLY	5		Rejected!	
HP_4_5_TOE_SYNDACTYLY	13		Rejected!	
HP_ABDOMINAL_AORTIC_ANEURYSM	24	16		
HP_ABDOMINAL_COLIC	5		Rejected!	
HP_ABDOMINAL_CRAMPS	8		Rejected!	
HP_ABDOMINAL_DISTENTION	170	144		
HP_ABDOMINAL_MASS	17		Rejected!	
HP_ABDOMINAL_OBESITY	32	23		
HP_ABDOMINAL_PAIN	341	258		
HP_ABDOMINAL_SITUS_AMBIGUUS	7		Rejected!	
HP_ABDOMINAL_SITUS_INVERSUS	19	16		
HP_ABDOMINAL_WALL_MUSCLE_WEAKNESS	17		Rejected!	
HP_ABDUCENS_PALSY	12		Rejected!	
HP_ABLEPHARON	5		Rejected!	
HP_ABNORMALITIES_OF_PLACENTA_OR_UMBILICAL_CORD	116	89		
HP_ABNORMALITY_IRIS_MORPHOLOGY	467	398		
HP_ABNORMALITY_OF_ABDOMINAL_SITUS	24	19		
HP_ABNORMALITY_OF_ACID_BASE_HOMEOSTASIS	451	391		
HP_ABNORMALITY_OF_ADRENAL_PHYSIOLOGY	114	90		
HP_ABNORMALITY_OF_ALKALINE_PHOSPHATASE_LEVEL	136	115		
HP_ABNORMALITY_OF_AMINO_ACID_METABOLISM	8		Rejected!	
HP_ABNORMALITY_OF_BINOCULAR_VISION	91	73		
HP_ABNORMALITY_OF_BLOOD_AND_BLOOD_FORMING_TISSUES	1522		Rejected!	
HP_ABNORMALITY_OF_BLOOD_CIRCULATION	367	281		
HP_ABNORMALITY_OF_BLOOD_VOLUME_HOMEOSTASIS	32	20		
HP_ABNORMALITY_OF_BODY_MASS_INDEX	31	24		
HP_ABNORMALITY_OF_BONE_MINERAL_DENSITY	656		Rejected!	
HP_ABNORMALITY_OF_CANINE	17	15		
HP_ABNORMALITY_OF_CARDIOVASCULAR_SYSTEM_ELECTROPHYSIOLOGY	586	465		
HP_ABNORMALITY_OF_CENTRAL_NERVOUS_SYSTEM_ELECTROPHYSIOLOGY	621		Rejected!	
HP_ABNORMALITY_OF_CHORIORETINAL_PIGMENTATION	15		Rejected!	
HP_ABNORMALITY_OF_CHROMOSOME_SEGREGATION	14		Rejected!	
HP_ABNORMALITY_OF_CHROMOSOME_STABILITY	55	46		
HP_ABNORMALITY_OF_CIRCULATING_BETA_2_MICROGLOBULIN_LEVEL	5		Rejected!	
HP_ABNORMALITY_OF_CIRCULATING_FIBRINOGEN	50	39		
HP_ABNORMALITY_OF_CIRCULATING_GLUCOCORTICOID_LEVEL	71	57		
HP_ABNORMALITY_OF_COAGULATION	233	196		
HP_ABNORMALITY_OF_COMPLEMENT_SYSTEM	61	42		
HP_ABNORMALITY_OF_CONNECTIVE_TISSUE	1574		Rejected!	
HP_ABNORMALITY_OF_COORDINATION	1176		Rejected!	
HP_ABNORMALITY_OF_CORNEAL_SIZE	184	165		
HP_ABNORMALITY_OF_CRANIAL_SUTURES	388	333		
HP_ABNORMALITY_OF_CYTOKINE_SECRETION	7		Rejected!	
HP_ABNORMALITY_OF_DENTAL_COLOR	34	27		
HP_ABNORMALITY_OF_DENTAL_ERUPTION	244	215		
HP_ABNORMALITY_OF_DENTAL_STRUCTURE	369	313		
HP_ABNORMALITY_OF_DERMAL_MELANOSOMES	7		Rejected!	
HP_ABNORMALITY_OF_DNA_REPAIR	19	18		
HP_ABNORMALITY_OF_ENDOCRINE_PANCREAS_PHYSIOLOGY	31	20		
HP_ABNORMALITY_OF_EXTRAPYRAMIDAL_MOTOR_FUNCTION	310	267		
HP_ABNORMALITY_OF_FACIAL_ADIPOSE_TISSUE	10		Rejected!	
HP_ABNORMALITY_OF_FACIAL_MUSCULATURE	335	274		
HP_ABNORMALITY_OF_FACIAL_SOFT_TISSUE	519	423		
HP_ABNORMALITY_OF_FIBRINOLYSIS	6		Rejected!	
HP_ABNORMALITY_OF_FLUID_REGULATION	772		Rejected!	
HP_ABNORMALITY_OF_FOLATE_METABOLISM	15		Rejected!	
HP_ABNORMALITY_OF_FOVEAL_PIGMENTATION	8		Rejected!	
HP_ABNORMALITY_OF_FRONTAL_SINUS	15	15		
HP_ABNORMALITY_OF_FUNDUS_PIGMENTATION	49	36		
HP_ABNORMALITY_OF_GLOBE_LOCATION	1133		Rejected!	
HP_ABNORMALITY_OF_GLYCOLIPID_METABOLISM	12		Rejected!	
HP_ABNORMALITY_OF_HAIR_GROWTH	31	25		
HP_ABNORMALITY_OF_HAIR_PIGMENTATION	121	106		
HP_ABNORMALITY_OF_HAIR_TEXTURE	196	171		
HP_ABNORMALITY_OF_HAND_JOINT_MOBILITY	51	43		
HP_ABNORMALITY_OF_HUMORAL_IMMUNITY	355	282		
HP_ABNORMALITY_OF_IRON_HOMEOSTASIS	30	23		
HP_ABNORMALITY_OF_JAW_MUSCLES	31	26		
HP_ABNORMALITY_OF_KREBS_CYCLE_METABOLISM	19	15		
HP_ABNORMALITY_OF_LENS_SHAPE	22	20		
HP_ABNORMALITY_OF_LIMB_BONE	1759		Rejected!	
HP_ABNORMALITY_OF_LIPOPROTEIN_CHOLESTEROL_CONCENTRATION	94	67		
HP_ABNORMALITY_OF_LOWER_EYELASHES	5		Rejected!	
HP_ABNORMALITY_OF_LOWER_LIMB_JOINT	755		Rejected!	
HP_ABNORMALITY_OF_LYSOSOMAL_METABOLISM	9		Rejected!	
HP_ABNORMALITY_OF_MACULAR_PIGMENTATION	47	35		
HP_ABNORMALITY_OF_MASSETER_MUSCLE	6		Rejected!	
HP_ABNORMALITY_OF_MOUTH_SHAPE	293	257		
HP_ABNORMALITY_OF_MOUTH_SIZE	431	384		
HP_ABNORMALITY_OF_MULTIPLE_CELL_LINEAGES_IN_THE_BONE_MARROW	184	157		
HP_ABNORMALITY_OF_MUSCLE_SIZE	260	205		
HP_ABNORMALITY_OF_NAIL_COLOR	19		Rejected!	
HP_ABNORMALITY_OF_NEURONAL_MIGRATION	481	426		
HP_ABNORMALITY_OF_NEUTROPHILS	271	233		
HP_ABNORMALITY_OF_OCULAR_ABDUCTION	13		Rejected!	
HP_ABNORMALITY_OF_OCULAR_SMOOTH_PURSUIT	74	64		
HP_ABNORMALITY_OF_PAIN_SENSATION	111	88		
HP_ABNORMALITY_OF_PANCREAS_PHYSIOLOGY	188	139		
HP_ABNORMALITY_OF_PATTERN_VISUAL_EVOKED_POTENTIALS	5		Rejected!	
HP_ABNORMALITY_OF_PERIPHERAL_NERVE_CONDUCTION	150	135		
HP_ABNORMALITY_OF_PINEAL_PHYSIOLOGY	9		Rejected!	
HP_ABNORMALITY_OF_PRENATAL_DEVELOPMENT_OR_BIRTH	1041		Rejected!	
HP_ABNORMALITY_OF_PRIMARY_TEETH	83	74		
HP_ABNORMALITY_OF_PROTHROMBIN	55	50		
HP_ABNORMALITY_OF_PULMONARY_CIRCULATION	210	166		
HP_ABNORMALITY_OF_RADIAL_EPIPHYSES	6		Rejected!	
HP_ABNORMALITY_OF_REFRACTION	722		Rejected!	
HP_ABNORMALITY_OF_RENAL_EXCRETION	75	60		
HP_ABNORMALITY_OF_REPRODUCTIVE_SYSTEM_PHYSIOLOGY	823		Rejected!	
HP_ABNORMALITY_OF_RETINAL_PIGMENTATION	332	284		
HP_ABNORMALITY_OF_SALIVATION	216	185		
HP_ABNORMALITY_OF_SECONDARY_SEXUAL_HAIR	77	63		
HP_ABNORMALITY_OF_SKELETAL_MATURATION	408	347		
HP_ABNORMALITY_OF_SKELETAL_MUSCLE_FIBER_SIZE	122	102		
HP_ABNORMALITY_OF_SKIN_ADNEXA_PHYSIOLOGY	237	190		
HP_ABNORMALITY_OF_SKIN_PHYSIOLOGY	587	463		
HP_ABNORMALITY_OF_SKIN_PIGMENTATION	519	424		
HP_ABNORMALITY_OF_SKULL_OSSIFICATION	47	45		
HP_ABNORMALITY_OF_SOMATOSENSORY_EVOKED_POTENTIALS	21	18		
HP_ABNORMALITY_OF_SPINAL_FACET_JOINT	6		Rejected!	
HP_ABNORMALITY_OF_SUBCUTANEOUS_FAT_TISSUE	66	51		
HP_ABNORMALITY_OF_SUPEROXIDE_METABOLISM	5		Rejected!	
HP_ABNORMALITY_OF_TASTE_SENSATION	7		Rejected!	
HP_ABNORMALITY_OF_TEMPERATURE_REGULATION	569	443		
HP_ABNORMALITY_OF_THE_ABDOMINAL_ORGANS	1382		Rejected!	
HP_ABNORMALITY_OF_THE_ABDOMINAL_WALL	555	488		
HP_ABNORMALITY_OF_THE_ACHILLES_TENDON	64	56		
HP_ABNORMALITY_OF_THE_ACOUSTIC_REFLEX	5		Rejected!	
HP_ABNORMALITY_OF_THE_ADRENAL_GLANDS	199	154		
HP_ABNORMALITY_OF_THE_AMNIOTIC_FLUID	493	426		
HP_ABNORMALITY_OF_THE_ANKLE	195	173		
HP_ABNORMALITY_OF_THE_ANTERIOR_COMMISSURE	8		Rejected!	
HP_ABNORMALITY_OF_THE_ANUS	244	211		
HP_ABNORMALITY_OF_THE_AUTONOMIC_NERVOUS_SYSTEM	301	265		
HP_ABNORMALITY_OF_THE_AXILLARY_HAIR	55	45		
HP_ABNORMALITY_OF_THE_BILIARY_SYSTEM	409	342		
HP_ABNORMALITY_OF_THE_BLADDER	529	467		
HP_ABNORMALITY_OF_THE_BREAST	454	387		
HP_ABNORMALITY_OF_THE_CALCANEUS	36	34		
HP_ABNORMALITY_OF_THE_CALF	317	281		
HP_ABNORMALITY_OF_THE_CERVICAL_SPINE	444	387		
HP_ABNORMALITY_OF_THE_CHIN	418	359		
HP_ABNORMALITY_OF_THE_COAGULATION_CASCADE	164	134		
HP_ABNORMALITY_OF_THE_COMMON_COAGULATION_PATHWAY	70	56		
HP_ABNORMALITY_OF_THE_COSTOCHONDRAL_JUNCTION	21	17		
HP_ABNORMALITY_OF_THE_CRUS_OF_THE_HELIX	12		Rejected!	
HP_ABNORMALITY_OF_THE_CURVATURE_OF_THE_CORNEA	339	296		
HP_ABNORMALITY_OF_THE_DENTITION	1018		Rejected!	
HP_ABNORMALITY_OF_THE_DIAPHRAGM	126	113		
HP_ABNORMALITY_OF_THE_DISTAL_PHALANGES_OF_THE_TOES	29	28		
HP_ABNORMALITY_OF_THE_DISTAL_PHALANX_OF_THE_2ND_FINGER	6		Rejected!	
HP_ABNORMALITY_OF_THE_DISTAL_PHALANX_OF_THE_3RD_FINGER	5		Rejected!	
HP_ABNORMALITY_OF_THE_DISTAL_PHALANX_OF_THE_5TH_FINGER	35	33		
HP_ABNORMALITY_OF_THE_DISTAL_PHALANX_OF_THE_HALLUX	12		Rejected!	
HP_ABNORMALITY_OF_THE_DISTAL_PHALANX_OF_THE_THUMB	34	31		
HP_ABNORMALITY_OF_THE_DORSAL_COLUMN_OF_THE_SPINAL_CORD	5		Rejected!	
HP_ABNORMALITY_OF_THE_ELBOW	283	253		
HP_ABNORMALITY_OF_THE_ENDOCRINE_SYSTEM	1459		Rejected!	
HP_ABNORMALITY_OF_THE_EPIPHYSES_OF_THE_DISTAL_PHALANX_OF_FINGER	6		Rejected!	
HP_ABNORMALITY_OF_THE_EPIPHYSES_OF_THE_FEET	7		Rejected!	
HP_ABNORMALITY_OF_THE_EPIPHYSES_OF_THE_PROXIMAL_PHALANGES_OF_THE_HAND	5		Rejected!	
HP_ABNORMALITY_OF_THE_EXTRAOCULAR_MUSCLES	11		Rejected!	
HP_ABNORMALITY_OF_THE_EXTRINSIC_PATHWAY	20	19		
HP_ABNORMALITY_OF_THE_FEMALE_GENITALIA	570	480		
HP_ABNORMALITY_OF_THE_FIFTH_METATARSAL_BONE	9		Rejected!	
HP_ABNORMALITY_OF_THE_FIRST_METATARSAL_BONE	13		Rejected!	
HP_ABNORMALITY_OF_THE_FOOT_MUSCULATURE	11		Rejected!	
HP_ABNORMALITY_OF_THE_FRONTAL_HAIRLINE	218	197		
HP_ABNORMALITY_OF_THE_GALLBLADDER	114	95		
HP_ABNORMALITY_OF_THE_GENITAL_SYSTEM	1716		Rejected!	
HP_ABNORMALITY_OF_THE_GINGIVA	236	195		
HP_ABNORMALITY_OF_THE_GLABELLA	29	24		
HP_ABNORMALITY_OF_THE_GLENOID_FOSSA	9		Rejected!	
HP_ABNORMALITY_OF_THE_HEPATIC_VASCULATURE	93	78		
HP_ABNORMALITY_OF_THE_HIP_GIRDLE_MUSCULATURE	5		Rejected!	
HP_ABNORMALITY_OF_THE_HUMERORADIAL_JOINT	56	46		
HP_ABNORMALITY_OF_THE_HYPOTHALAMUS_PITUITARY_AXIS	417	341		
HP_ABNORMALITY_OF_THE_HYPOTHENAR_EMINENCE	7		Rejected!	
HP_ABNORMALITY_OF_THE_INCISOR	109	99		
HP_ABNORMALITY_OF_THE_INNER_EAR	97	86		
HP_ABNORMALITY_OF_THE_INTERNAL_AUDITORY_CANAL	21	18		
HP_ABNORMALITY_OF_THE_INTRINSIC_PATHWAY	38	34		
HP_ABNORMALITY_OF_THE_KNEE	432	373		
HP_ABNORMALITY_OF_THE_LARYNX	227	197		
HP_ABNORMALITY_OF_THE_LEYDIG_CELLS	13		Rejected!	
HP_ABNORMALITY_OF_THE_LIVER	1129		Rejected!	
HP_ABNORMALITY_OF_THE_LOWER_URINARY_TRACT	874		Rejected!	
HP_ABNORMALITY_OF_THE_LYMPHATIC_SYSTEM	793		Rejected!	
HP_ABNORMALITY_OF_THE_MALE_GENITALIA	1160		Rejected!	
HP_ABNORMALITY_OF_THE_MENSTRUAL_CYCLE	332	271		
HP_ABNORMALITY_OF_THE_METOPIC_SUTURE	98	82		
HP_ABNORMALITY_OF_THE_MIDDLE_EAR	646		Rejected!	
HP_ABNORMALITY_OF_THE_MIDDLE_EAR_OSSICLES	26	25		
HP_ABNORMALITY_OF_THE_MIDDLE_PHALANGES_OF_THE_TOES	12		Rejected!	
HP_ABNORMALITY_OF_THE_MIDDLE_PHALANX_OF_THE_2ND_FINGER	14		Rejected!	
HP_ABNORMALITY_OF_THE_MIDDLE_PHALANX_OF_THE_5TH_FINGER	25	22		
HP_ABNORMALITY_OF_THE_MITOCHONDRION	240	218		
HP_ABNORMALITY_OF_THE_MUSCULATURE_OF_THE_HAND	129	118		
HP_ABNORMALITY_OF_THE_MUSCULATURE_OF_THE_LIMBS	657		Rejected!	
HP_ABNORMALITY_OF_THE_MUSCULATURE_OF_THE_LOWER_LIMBS	106	91		
HP_ABNORMALITY_OF_THE_MUSCULATURE_OF_THE_THORAX	8		Rejected!	
HP_ABNORMALITY_OF_THE_MUSCULATURE_OF_THE_UPPER_LIMBS	290	255		
HP_ABNORMALITY_OF_THE_NECK	718		Rejected!	
HP_ABNORMALITY_OF_THE_ORBITAL_REGION	1666		Rejected!	
HP_ABNORMALITY_OF_THE_OUTER_EAR	1326		Rejected!	
HP_ABNORMALITY_OF_THE_OVARY	238	187		
HP_ABNORMALITY_OF_THE_PALPEBRAL_FISSURES	887		Rejected!	
HP_ABNORMALITY_OF_THE_PANCREAS	331	262		
HP_ABNORMALITY_OF_THE_PARATHYROID_GLAND	97	69		
HP_ABNORMALITY_OF_THE_PERIORBITAL_REGION	274	245		
HP_ABNORMALITY_OF_THE_PERIPHERAL_NERVOUS_SYSTEM	465	411		
HP_ABNORMALITY_OF_THE_PHALANGES_OF_THE_2ND_FINGER	18	16		
HP_ABNORMALITY_OF_THE_PHALANGES_OF_THE_3RD_TOE	5		Rejected!	
HP_ABNORMALITY_OF_THE_PHALANGES_OF_THE_5TH_TOE	5		Rejected!	
HP_ABNORMALITY_OF_THE_PHARYNX	239	196		
HP_ABNORMALITY_OF_THE_PHILTRUM	735		Rejected!	
HP_ABNORMALITY_OF_THE_PINEAL_GLAND	22	21		
HP_ABNORMALITY_OF_THE_PLANTAR_SKIN_OF_FOOT	170	132		
HP_ABNORMALITY_OF_THE_POSTERIOR_HAIRLINE	119	103		
HP_ABNORMALITY_OF_THE_PREMAXILLA	12		Rejected!	
HP_ABNORMALITY_OF_THE_PROTEIN_C_ANTICOAGULANT_PATHWAY	14		Rejected!	
HP_ABNORMALITY_OF_THE_PROXIMAL_PHALANX_OF_THE_5TH_FINGER	5		Rejected!	
HP_ABNORMALITY_OF_THE_PROXIMAL_PHALANX_OF_THE_THUMB	10		Rejected!	
HP_ABNORMALITY_OF_THE_PUBIC_HAIR	57	46		
HP_ABNORMALITY_OF_THE_PULMONARY_ARTERY	146	127		
HP_ABNORMALITY_OF_THE_PULMONARY_VASCULATURE	232	199		
HP_ABNORMALITY_OF_THE_PULMONARY_VEINS	86	74		
HP_ABNORMALITY_OF_THE_PYLORUS	111	103		
HP_ABNORMALITY_OF_THE_RADIAL_HEAD	51	41		
HP_ABNORMALITY_OF_THE_RADIOULNAR_JOINTS	5		Rejected!	
HP_ABNORMALITY_OF_THE_SENSE_OF_SMELL	127	110		
HP_ABNORMALITY_OF_THE_SHOULDER_GIRDLE_MUSCULATURE	151	126		
HP_ABNORMALITY_OF_THE_SPINOCEREBELLAR_TRACTS	12		Rejected!	
HP_ABNORMALITY_OF_THE_SPLEEN	639		Rejected!	
HP_ABNORMALITY_OF_THE_SUPRAORBITAL_RIDGES	118	104		
HP_ABNORMALITY_OF_THE_TARSAL_BONES	132	124		
HP_ABNORMALITY_OF_THE_TEMPOROMANDIBULAR_JOINT	19	16		
HP_ABNORMALITY_OF_THE_TESTIS_SIZE	225	179		
HP_ABNORMALITY_OF_THE_THENAR_EMINENCE	35	34		
HP_ABNORMALITY_OF_THE_THORACIC_CAVITY	54	45		
HP_ABNORMALITY_OF_THE_THYROID_GLAND	533	440		
HP_ABNORMALITY_OF_THE_TONGUE	477	408		
HP_ABNORMALITY_OF_THE_TONGUE_MUSCLE	5		Rejected!	
HP_ABNORMALITY_OF_THE_TONSILS	39	30		
HP_ABNORMALITY_OF_THE_UMBILICAL_CORD	68	56		
HP_ABNORMALITY_OF_THE_UPPER_ARM	15		Rejected!	
HP_ABNORMALITY_OF_THE_UPPER_LIMB	1759		Rejected!	
HP_ABNORMALITY_OF_THE_UPPER_RESPIRATORY_TRACT	519	438		
HP_ABNORMALITY_OF_THE_UPPER_URINARY_TRACT	1488		Rejected!	
HP_ABNORMALITY_OF_THE_URETER	376	332		
HP_ABNORMALITY_OF_THE_URETHRA	468	417		
HP_ABNORMALITY_OF_THE_URINARY_SYSTEM_PHYSIOLOGY	1143		Rejected!	
HP_ABNORMALITY_OF_THE_UTERUS	256	209		
HP_ABNORMALITY_OF_THE_VASCULATURE_OF_THE_EYE	412	328		
HP_ABNORMALITY_OF_THE_VERTEBRAL_COLUMN	1571		Rejected!	
HP_ABNORMALITY_OF_THE_VERTEBRAL_ENDPLATES	39	36		
HP_ABNORMALITY_OF_THE_VOICE	496	420		
HP_ABNORMALITY_OF_THE_WRIST	169	150		
HP_ABNORMALITY_OF_THROMBOCYTES	493	418		
HP_ABNORMALITY_OF_THUMB_PHALANX	203	183		
HP_ABNORMALITY_OF_THYROID_PHYSIOLOGY	422	352		
HP_ABNORMALITY_OF_TIBIAL_EPIPHYSES	5		Rejected!	
HP_ABNORMALITY_OF_T_CELL_PHYSIOLOGY	85	67		
HP_ABNORMALITY_OF_UPPER_LIMB_JOINT	570		Rejected!	
HP_ABNORMALITY_OF_UPPER_LIP_VERMILLION	470	404		
HP_ABNORMALITY_OF_URINARY_URIC_ACID_LEVEL	14		Rejected!	
HP_ABNORMALITY_OF_URINE_BICARBONATE_LEVEL	6		Rejected!	
HP_ABNORMALITY_OF_URINE_CALCIUM_CONCENTRATION	75	58		
HP_ABNORMALITY_OF_URINE_CATECHOLAMINE_LEVEL	27	17		
HP_ABNORMALITY_OF_URINE_HOMEOSTASIS	772		Rejected!	
HP_ABNORMALITY_OF_VENOUS_PHYSIOLOGY	11		Rejected!	
HP_ABNORMALITY_OF_VISION	1370		Rejected!	
HP_ABNORMALITY_OF_VISUAL_EVOKED_POTENTIALS	71	66		
HP_ABNORMALITY_OF_VITAMIN_B12_METABOLISM	32	29		
HP_ABNORMALITY_OF_VITAMIN_B_METABOLISM	45	39		
HP_ABNORMALITY_OF_VITAMIN_D_METABOLISM	49	41		
HP_ABNORMALITY_OF_VITAMIN_K_METABOLISM	13		Rejected!	
HP_ABNORMALITY_OF_VITAMIN_METABOLISM	102	86		
HP_ABNORMALITY_OF_VON_WILLEBRAND_FACTOR	23	18		
HP_ABNORMALITY_ON_PULMONARY_FUNCTION_TESTING	225	176		
HP_ABNORMALITY_THIGH_MUSCULATURE_MORPHOLOGY	21	16		
HP_ABNORMALLY_FOLDED_HELIX	94	87		
HP_ABNORMALLY_HIGH_PITCHED_VOICE	47	45		
HP_ABNORMALLY_INCREASED_VOLITION	784		Rejected!	
HP_ABNORMALLY_LARGE_GLOBE	48	42		
HP_ABNORMALLY_LAX_OR_HYPEREXTENSIBLE_SKIN	178	166		
HP_ABNORMALLY_LOW_PITCHED_VOICE	14		Rejected!	
HP_ABNORMALLY_LOW_T_CELL_RECEPTOR_EXCISION_CIRCLE_LEVEL	11		Rejected!	
HP_ABNORMALLY_OSSIFIED_VERTEBRAE	27	25		
HP_ABNORMALLY_SHAPED_CARPAL_BONES	7		Rejected!	
HP_ABNORMALLY_SLOW_THOUGHT_PROCESS	7		Rejected!	
HP_ABNORMAL_1ST_METACARPAL_MORPHOLOGY	41	39		
HP_ABNORMAL_2ND_FINGER_MORPHOLOGY	44	40		
HP_ABNORMAL_2ND_METACARPAL_MORPHOLOGY	6		Rejected!	
HP_ABNORMAL_3RD_FINGER_MORPHOLOGY	27	26		
HP_ABNORMAL_3RD_FINGER_PHALANX_MORPHOLOGY	7		Rejected!	
HP_ABNORMAL_3RD_METACARPAL_MORPHOLOGY	5		Rejected!	
HP_ABNORMAL_4TH_FINGER_MORPHOLOGY	21	21		
HP_ABNORMAL_4TH_METACARPAL_MORPHOLOGY	23	20		
HP_ABNORMAL_5TH_FINGER_MORPHOLOGY	511	462		
HP_ABNORMAL_5TH_FINGER_PHALANX_MORPHOLOGY	59	54		
HP_ABNORMAL_5TH_METACARPAL_MORPHOLOGY	22	20		
HP_ABNORMAL_ABDOMEN_MORPHOLOGY	873		Rejected!	
HP_ABNORMAL_ACETABULUM_MORPHOLOGY	94	82		
HP_ABNORMAL_ACTIVITY_OF_MITOCHONDRIAL_RESPIRATORY_CHAIN	149	141		
HP_ABNORMAL_ADIPOSE_TISSUE_MORPHOLOGY	255	194		
HP_ABNORMAL_AFFECT	1355		Rejected!	
HP_ABNORMAL_ALPHA_GRANULES	5		Rejected!	
HP_ABNORMAL_ALVEOLAR_RIDGE_MORPHOLOGY	48	41		
HP_ABNORMAL_ANATOMIC_LOCATION_OF_THE_HEART	150	138		
HP_ABNORMAL_ANKLE_MORPHOLOGY	101	87		
HP_ABNORMAL_ANKLE_PHYSIOLOGY	74	68		
HP_ABNORMAL_ANTERIOR_CHAMBER_MORPHOLOGY	61	49		
HP_ABNORMAL_ANTERIOR_EYE_SEGMENT_MORPHOLOGY	1334		Rejected!	
HP_ABNORMAL_ANTERIOR_FONTANELLE_MORPHOLOGY	134	121		
HP_ABNORMAL_ANTIHELIX_MORPHOLOGY	45	43		
HP_ABNORMAL_ANTITRAGUS_MORPHOLOGY	10		Rejected!	
HP_ABNORMAL_AORTIC_ARCH_MORPHOLOGY	72	62		
HP_ABNORMAL_AORTIC_MORPHOLOGY	407	347		
HP_ABNORMAL_AORTIC_VALVE_CUSP_MORPHOLOGY	123	103		
HP_ABNORMAL_AORTIC_VALVE_MORPHOLOGY	182	152		
HP_ABNORMAL_AORTIC_VALVE_PHYSIOLOGY	182	150		
HP_ABNORMAL_ARACHNOID_MATER_MORPHOLOGY	62	58		
HP_ABNORMAL_ARM_SPAN	11		Rejected!	
HP_ABNORMAL_ARTERIAL_PHYSIOLOGY	181	134		
HP_ABNORMAL_ASCENDING_AORTA_MORPHOLOGY	27	19		
HP_ABNORMAL_ASTROCYTE_MORPHOLOGY	46	34		
HP_ABNORMAL_ATRIAL_ARRANGEMENT	51	43		
HP_ABNORMAL_ATRIOVENTRICULAR_CONDUCTION	98	75		
HP_ABNORMAL_ATRIOVENTRICULAR_CONNECTION	18		Rejected!	
HP_ABNORMAL_ATRIOVENTRICULAR_VALVE_MORPHOLOGY	187	167		
HP_ABNORMAL_ATRIOVENTRICULAR_VALVE_PHYSIOLOGY	213	176		
HP_ABNORMAL_AUDITORY_CANAL_MORPHOLOGY	95	89		
HP_ABNORMAL_AUDITORY_EVOKED_POTENTIALS	28	28		
HP_ABNORMAL_AUTONOMIC_NERVOUS_SYSTEM_PHYSIOLOGY	131	110		
HP_ABNORMAL_BASAL_GANGLIA_MORPHOLOGY	189	160		
HP_ABNORMAL_BASAL_GANGLIA_MRI_SIGNAL_INTENSITY	40	34		
HP_ABNORMAL_BASOPHIL_MORPHOLOGY	8		Rejected!	
HP_ABNORMAL_BLADDER_MORPHOLOGY	77	66		
HP_ABNORMAL_BLEEDING	544	431		
HP_ABNORMAL_BLISTERING_OF_THE_SKIN	116	92		
HP_ABNORMAL_BLOOD_CARBON_DIOXIDE_LEVEL	14		Rejected!	
HP_ABNORMAL_BLOOD_CHLORIDE_CONCENTRATION	12		Rejected!	
HP_ABNORMAL_BLOOD_FOLATE_CONCENTRATION	11		Rejected!	
HP_ABNORMAL_BLOOD_GAS_LEVEL	55	36		
HP_ABNORMAL_BLOOD_GLUCOSE_CONCENTRATION	331	282		
HP_ABNORMAL_BLOOD_INORGANIC_CATION_CONCENTRATION	196	151		
HP_ABNORMAL_BLOOD_ION_CONCENTRATION	387	303		
HP_ABNORMAL_BLOOD_MONOVALENT_INORGANIC_CATION_CONCENTRATION	153	118		
HP_ABNORMAL_BLOOD_PHOSPHATE_CONCENTRATION	75	52		
HP_ABNORMAL_BLOOD_SODIUM_CONCENTRATION	70	60		
HP_ABNORMAL_BLOOD_TRANSITION_ELEMENT_CATION_CONCENTRATION	49	40		
HP_ABNORMAL_BLOOD_UREA_NITROGEN_CONCENTRATION	25	21		
HP_ABNORMAL_BLOOD_VESSEL_MORPHOLOGY	992		Rejected!	
HP_ABNORMAL_BLOOD_ZINC_CONCENTRATION	8		Rejected!	
HP_ABNORMAL_BONE_MARROW_CELL_MORPHOLOGY	232	198		
HP_ABNORMAL_BONE_STRUCTURE	843		Rejected!	
HP_ABNORMAL_BOWEL_SOUNDS	10		Rejected!	
HP_ABNORMAL_BOWMAN_CAPSULE_MORPHOLOGY	11		Rejected!	
HP_ABNORMAL_BRAINSTEM_MORPHOLOGY	286	257		
HP_ABNORMAL_BRAINSTEM_MRI_SIGNAL_INTENSITY	42	39		
HP_ABNORMAL_BRAINSTEM_WHITE_MATTER_MORPHOLOGY	16	16		
HP_ABNORMAL_BRAIN_EVOKED_POTENTIALS	109	101		
HP_ABNORMAL_BRAIN_LACTATE_LEVEL_BY_MRS	47	40		
HP_ABNORMAL_BRAIN_N_ACETYL_ASPARTATE_LEVEL_BY_MRS	22	21		
HP_ABNORMAL_BRAIN_POSITRON_EMISSION_TOMOGRAPHY	24	19		
HP_ABNORMAL_BRANCHING_PATTERN_OF_THE_AORTIC_ARCH	34	27		
HP_ABNORMAL_BREATH_SOUND	130	111		
HP_ABNORMAL_BRONCHOALVEOLAR_LAVAGE_FLUID_MORPHOLOGY	18		Rejected!	
HP_ABNORMAL_BRONCHUS_MORPHOLOGY	221	180		
HP_ABNORMAL_BRONCHUS_PHYSIOLOGY	25	20		
HP_ABNORMAL_B_CELL_MORPHOLOGY	108	80		
HP_ABNORMAL_B_CELL_SUBSET_DISTRIBUTION	33	26		
HP_ABNORMAL_CALCIFICATION_OF_THE_CARPAL_BONES	6		Rejected!	
HP_ABNORMAL_CALF_MUSCULATURE_MORPHOLOGY	70	59		
HP_ABNORMAL_CALVARIA_MORPHOLOGY	993		Rejected!	
HP_ABNORMAL_CAPILLARY_PHYSIOLOGY	10		Rejected!	
HP_ABNORMAL_CARDIAC_ATRIUM_MORPHOLOGY	616		Rejected!	
HP_ABNORMAL_CARDIAC_BIOMARKER_TEST	7		Rejected!	
HP_ABNORMAL_CARDIAC_EXERCISE_STRESS_TEST	19		Rejected!	
HP_ABNORMAL_CARDIAC_SEPTUM_MORPHOLOGY	782		Rejected!	
HP_ABNORMAL_CARDIAC_TEST	25	16		
HP_ABNORMAL_CARDIAC_VENTRICLE_MORPHOLOGY	728		Rejected!	
HP_ABNORMAL_CARDIAC_VENTRICULAR_FUNCTION	174	128		
HP_ABNORMAL_CARDIOMYOCYTE_MORPHOLOGY	16		Rejected!	
HP_ABNORMAL_CARDIOVASCULAR_SYSTEM_PHYSIOLOGY	1474		Rejected!	
HP_ABNORMAL_CAROTID_ARTERY_MORPHOLOGY	91	67		
HP_ABNORMAL_CARPAL_MORPHOLOGY	91	84		
HP_ABNORMAL_CARTILAGE_MORPHOLOGY	47	46		
HP_ABNORMAL_CAUDATE_NUCLEUS_MORPHOLOGY	25	19		
HP_ABNORMAL_CD4_CD8_RATIO	23	19		
HP_ABNORMAL_CD4_T_CELL_SUBSET_PROPORTION	56	43		
HP_ABNORMAL_CD8_T_CELL_PROPORTION	20	15		
HP_ABNORMAL_CELLULAR_COMPOSITION_OF_BRONCHOALVEOLAR_FLUID	10		Rejected!	
HP_ABNORMAL_CELLULAR_PHENOTYPE	694		Rejected!	
HP_ABNORMAL_CELL_MORPHOLOGY	43	32		
HP_ABNORMAL_CELL_PROLIFERATION	45	38		
HP_ABNORMAL_CENTRAL_SENSORY_FUNCTION	13		Rejected!	
HP_ABNORMAL_CEREBELLAR_CORTEX_MORPHOLOGY	5		Rejected!	
HP_ABNORMAL_CEREBELLAR_VERMIS_MORPHOLOGY	378	335		
HP_ABNORMAL_CEREBRAL_ARTERY_MORPHOLOGY	83	58		
HP_ABNORMAL_CEREBRAL_CORTEX_MORPHOLOGY	711		Rejected!	
HP_ABNORMAL_CEREBRAL_SUBCORTEX_MORPHOLOGY	1221		Rejected!	
HP_ABNORMAL_CEREBRAL_VASCULAR_MORPHOLOGY	370	280		
HP_ABNORMAL_CEREBRAL_VEIN_MORPHOLOGY	9		Rejected!	
HP_ABNORMAL_CEREBRAL_VENTRICLE_MORPHOLOGY	980		Rejected!	
HP_ABNORMAL_CEREBROSPINAL_FLUID_MORPHOLOGY	651		Rejected!	
HP_ABNORMAL_CERVICAL_CURVATURE	12		Rejected!	
HP_ABNORMAL_CERVICAL_SPINE_MORPHOLOGY	22	18		
HP_ABNORMAL_CHANGE_IN_SEXUAL_DRIVE	5		Rejected!	
HP_ABNORMAL_CHANGE_IN_SOCIAL_BEHAVIOR	6		Rejected!	
HP_ABNORMAL_CHEEK_MORPHOLOGY	281	253		
HP_ABNORMAL_CHORIORETINAL_MORPHOLOGY	165	142		
HP_ABNORMAL_CHOROID_MORPHOLOGY	202	173		
HP_ABNORMAL_CHOROID_PLEXUS_MORPHOLOGY	19	17		
HP_ABNORMAL_CHROMOSOME_MORPHOLOGY	14		Rejected!	
HP_ABNORMAL_CILIARY_BODY_MORPHOLOGY	6		Rejected!	
HP_ABNORMAL_CIRCLE_OF_WILLIS_MORPHOLOGY	6		Rejected!	
HP_ABNORMAL_CIRCULATING_ACYLCARNITINE_CONCENTRATION	23	22		
HP_ABNORMAL_CIRCULATING_ADRENOCORTICOTROPIN_CONCENTRATION	48	38		
HP_ABNORMAL_CIRCULATING_ALDOLASE_CONCENTRATION	26	24		
HP_ABNORMAL_CIRCULATING_ALDOSTERONE_CONCENTRATION	53	39		
HP_ABNORMAL_CIRCULATING_ALPHA_FETOPROTEIN_CONCENTRATION	33	29		
HP_ABNORMAL_CIRCULATING_AMINO_ACID_CONCENTRATION	180	164		
HP_ABNORMAL_CIRCULATING_AMYLASE_CONCENTRATION	6		Rejected!	
HP_ABNORMAL_CIRCULATING_ANDROGEN_LEVEL	99	77		
HP_ABNORMAL_CIRCULATING_ANDROSTENEDIONE_CONCENTRATION	11		Rejected!	
HP_ABNORMAL_CIRCULATING_ANTIMULLERIAN_HORMONE_CONCENTRATION	14		Rejected!	
HP_ABNORMAL_CIRCULATING_APOLIPOPROTEIN_CONCENTRATION	9		Rejected!	
HP_ABNORMAL_CIRCULATING_ARGININE_CONCENTRATION	10		Rejected!	
HP_ABNORMAL_CIRCULATING_AROMATIC_AMINO_ACID_CONCENTRATION	19	18		
HP_ABNORMAL_CIRCULATING_ASPARTATE_FAMILY_AMINO_ACID_CONCENTRATION	24	23		
HP_ABNORMAL_CIRCULATING_ATRIAL_NATRIURETIC_PEPTIDE_PRO_HORMONE_CONCENTRATION	12		Rejected!	
HP_ABNORMAL_CIRCULATING_BETA_C_TERMINAL_TELOPEPTIDE_CONCENTRATION	5		Rejected!	
HP_ABNORMAL_CIRCULATING_BETA_GLOBULIN_LEVEL	8		Rejected!	
HP_ABNORMAL_CIRCULATING_BILIRUBIN_CONCENTRATION	138	115		
HP_ABNORMAL_CIRCULATING_BRANCHED_CHAIN_AMINO_ACID_CONCENTRATION	10		Rejected!	
HP_ABNORMAL_CIRCULATING_CALCITONIN_CONCENTRATION	22		Rejected!	
HP_ABNORMAL_CIRCULATING_CALCIUM_PHOSPHATE_REGULATING_HORMONE_CONCENTRATION	54	30		
HP_ABNORMAL_CIRCULATING_CARBOHYDRATE_CONCENTRATION	16	15		
HP_ABNORMAL_CIRCULATING_CARBOXYLIC_ACID_CONCENTRATION	398	346		
HP_ABNORMAL_CIRCULATING_CERULOPLASMIN_CONCENTRATION	11		Rejected!	
HP_ABNORMAL_CIRCULATING_CHOLESTEROL_CONCENTRATION	165	129		
HP_ABNORMAL_CIRCULATING_CITRULLINE_CONCENTRATION	25	19		
HP_ABNORMAL_CIRCULATING_COPPER_CONCENTRATION	14		Rejected!	
HP_ABNORMAL_CIRCULATING_CREATINE_CONCENTRATION	11		Rejected!	
HP_ABNORMAL_CIRCULATING_CREATININE_CONCENTRATION	60	49		
HP_ABNORMAL_CIRCULATING_C_PEPTIDE_CONCENTRATION	27	19		
HP_ABNORMAL_CIRCULATING_C_REACTIVE_PROTEIN_CONCENTRATION	87	65		
HP_ABNORMAL_CIRCULATING_DEHYDROEPIANDROSTERONE_CONCENTRATION	15		Rejected!	
HP_ABNORMAL_CIRCULATING_DICARBOXYLIC_ACID_CONCENTRATION	165	140		
HP_ABNORMAL_CIRCULATING_ESTROGEN_LEVEL	65	48		
HP_ABNORMAL_CIRCULATING_FATTY_ACID_ANION_CONCENTRATION	42	39		
HP_ABNORMAL_CIRCULATING_FATTY_ACID_CONCENTRATION	77	70		
HP_ABNORMAL_CIRCULATING_FERRITIN_CONCENTRATION	59	49		
HP_ABNORMAL_CIRCULATING_FOLLICLE_STIMULATING_HORMONE_CONCENTRATION	92	71		
HP_ABNORMAL_CIRCULATING_FREE_FATTY_ACID_CONCENTRATION	11		Rejected!	
HP_ABNORMAL_CIRCULATING_FREE_T3_CONCENTRATION	7		Rejected!	
HP_ABNORMAL_CIRCULATING_FREE_T4_CONCENTRATION	10		Rejected!	
HP_ABNORMAL_CIRCULATING_GABA_CONCENTRATION	6		Rejected!	
HP_ABNORMAL_CIRCULATING_GASTRIN_CONCENTRATION	6		Rejected!	
HP_ABNORMAL_CIRCULATING_GLOBULIN_CONCENTRATION	14		Rejected!	
HP_ABNORMAL_CIRCULATING_GLUTAMINE_CONCENTRATION	12		Rejected!	
HP_ABNORMAL_CIRCULATING_GLUTAMINE_FAMILY_AMINO_ACID_CONCENTRATION	32	25		
HP_ABNORMAL_CIRCULATING_GLYCINE_CONCENTRATION	30	26		
HP_ABNORMAL_CIRCULATING_GONADOTROPIN_CONCENTRATION	131	102		
HP_ABNORMAL_CIRCULATING_HAPTOGLOBIN_CONCENTRATION	16		Rejected!	
HP_ABNORMAL_CIRCULATING_HOMOCYSTEINE_CONCENTRATION	17	17		
HP_ABNORMAL_CIRCULATING_HORMONE_CONCENTRATION	510	397		
HP_ABNORMAL_CIRCULATING_IGA_CONCENTRATION	126	97		
HP_ABNORMAL_CIRCULATING_IGE_CONCENTRATION	54	43		
HP_ABNORMAL_CIRCULATING_IGG_CONCENTRATION	133	103		
HP_ABNORMAL_CIRCULATING_IGM_CONCENTRATION	116	89		
HP_ABNORMAL_CIRCULATING_INHIBIN_LEVEL	6		Rejected!	
HP_ABNORMAL_CIRCULATING_INSULIN_CONCENTRATION	159	129		
HP_ABNORMAL_CIRCULATING_INTERFERON_CONCENTRATION	25	18		
HP_ABNORMAL_CIRCULATING_INTERLEUKIN_10_CONCENTRATION	7		Rejected!	
HP_ABNORMAL_CIRCULATING_INTERLEUKIN_CONCENTRATION	37	32		
HP_ABNORMAL_CIRCULATING_IRON_CONCENTRATION	23	18		
HP_ABNORMAL_CIRCULATING_ISOLEUCINE_CONCENTRATION	6		Rejected!	
HP_ABNORMAL_CIRCULATING_LACTATE_DEHYDROGENASE_CONCENTRATION	100	82		
HP_ABNORMAL_CIRCULATING_LEPTIN_CONCENTRATION	13		Rejected!	
HP_ABNORMAL_CIRCULATING_LEUCINE_CONCENTRATION	7		Rejected!	
HP_ABNORMAL_CIRCULATING_LIPID_CONCENTRATION	337	282		
HP_ABNORMAL_CIRCULATING_LONG_CHAIN_FATTY_ACID_CONCENTRATION	19	19		
HP_ABNORMAL_CIRCULATING_LYSINE_CONCENTRATION	5		Rejected!	
HP_ABNORMAL_CIRCULATING_METABOLITE_CONCENTRATION	1461		Rejected!	
HP_ABNORMAL_CIRCULATING_METHIONINE_CONCENTRATION	17	17		
HP_ABNORMAL_CIRCULATING_MONOCARBOXYLIC_ACID_CONCENTRATION	130	114		
HP_ABNORMAL_CIRCULATING_NITROGEN_COMPOUND_CONCENTRATION	185	158		
HP_ABNORMAL_CIRCULATING_NON_PROTEINOGENIC_AMINO_ACID_CONCENTRATION	36	29		
HP_ABNORMAL_CIRCULATING_NUCLEOBASE_CONCENTRATION	49	34		
HP_ABNORMAL_CIRCULATING_ORGANIC_COMPOUND_CONCENTRATION	773		Rejected!	
HP_ABNORMAL_CIRCULATING_ORNITHINE_CONCENTRATION	5		Rejected!	
HP_ABNORMAL_CIRCULATING_OSTEOCALCIN_LEVEL	9		Rejected!	
HP_ABNORMAL_CIRCULATING_PHENYLALANINE_CONCENTRATION	9		Rejected!	
HP_ABNORMAL_CIRCULATING_PORPHYRIN_CONCENTRATION	11		Rejected!	
HP_ABNORMAL_CIRCULATING_POTASSIUM_CONCENTRATION	114	85		
HP_ABNORMAL_CIRCULATING_PROGESTERONE_LEVEL	6		Rejected!	
HP_ABNORMAL_CIRCULATING_PROLINE_CONCENTRATION	20	16		
HP_ABNORMAL_CIRCULATING_PROTEINOGENIC_AMINO_ACID_CONCENTRATION	111	100		
HP_ABNORMAL_CIRCULATING_PROTEINOGENIC_AMINO_ACID_DERIVATIVE_CONCENTRATION	77	72		
HP_ABNORMAL_CIRCULATING_PROTEIN_CONCENTRATION	707		Rejected!	
HP_ABNORMAL_CIRCULATING_RENIN_CONCENTRATION	33	24		
HP_ABNORMAL_CIRCULATING_SERINE_CONCENTRATION	5		Rejected!	
HP_ABNORMAL_CIRCULATING_SERINE_FAMILY_AMINO_ACID_CONCENTRATION	33	29		
HP_ABNORMAL_CIRCULATING_SEX_HORMONE_CONCENTRATION	121	95		
HP_ABNORMAL_CIRCULATING_SULFUR_AMINO_ACID_CONCENTRATION	26	26		
HP_ABNORMAL_CIRCULATING_T4_CONCENTRATION	26	19		
HP_ABNORMAL_CIRCULATING_THYROGLOBULIN_CONCENTRATION	24	17		
HP_ABNORMAL_CIRCULATING_THYROID_HORMONE_CONCENTRATION	36	27		
HP_ABNORMAL_CIRCULATING_VALINE_CONCENTRATION	5		Rejected!	
HP_ABNORMAL_CIRCULATING_VITAMIN_A_CONCENTRATION	17	15		
HP_ABNORMAL_CIRCULATING_VITAMIN_B12_CONCENTRATION	25	22		
HP_ABNORMAL_CIRCULATING_VITAMIN_E_CONCENTRATION	19	17		
HP_ABNORMAL_CLAVICLE_MORPHOLOGY	117	106		
HP_ABNORMAL_CLITORIS_MORPHOLOGY	97	81		
HP_ABNORMAL_CNS_MYELINATION	413	371		
HP_ABNORMAL_COAGULATION_FACTOR_V_ACTIVITY	5		Rejected!	
HP_ABNORMAL_COCCYX_MORPHOLOGY	9		Rejected!	
HP_ABNORMAL_COCHLEA_MORPHOLOGY	35	31		
HP_ABNORMAL_COLUMELLA_MORPHOLOGY	102	92		
HP_ABNORMAL_COMMON_CAROTID_ARTERY_MORPHOLOGY	5		Rejected!	
HP_ABNORMAL_CONJUGATE_EYE_MOVEMENT	1210		Rejected!	
HP_ABNORMAL_CONJUNCTIVA_MORPHOLOGY	185	137		
HP_ABNORMAL_CONNECTION_OF_THE_CARDIAC_SEGMENTS	283	251		
HP_ABNORMAL_CONSUMPTION_BEHAVIOR	287	214		
HP_ABNORMAL_CONUS_TERMINALIS_MORPHOLOGY	32	29		
HP_ABNORMAL_CORNEAL_ENDOTHELIUM_MORPHOLOGY	23	18		
HP_ABNORMAL_CORNEAL_EPITHELIUM_MORPHOLOGY	131	107		
HP_ABNORMAL_CORNEAL_REFLEX	12		Rejected!	
HP_ABNORMAL_CORNEAL_STROMA_MORPHOLOGY	105	88		
HP_ABNORMAL_CORNEAL_THICKNESS	126	109		
HP_ABNORMAL_CORNEA_MORPHOLOGY	746		Rejected!	
HP_ABNORMAL_CORONARY_ARTERY_MORPHOLOGY	73	52		
HP_ABNORMAL_CORONARY_ARTERY_ORIGIN	8		Rejected!	
HP_ABNORMAL_CORPUS_CALLOSUM_MORPHOLOGY	948		Rejected!	
HP_ABNORMAL_CORPUS_STRIATUM_MORPHOLOGY	43	34		
HP_ABNORMAL_CORTICAL_BONE_MORPHOLOGY	89	80		
HP_ABNORMAL_CORTICAL_GYRATION	392	350		
HP_ABNORMAL_CORTICOSPINAL_TRACT_MORPHOLOGY	50	44		
HP_ABNORMAL_CRANIAL_NERVE_MORPHOLOGY	78	58		
HP_ABNORMAL_CRANIAL_NERVE_PHYSIOLOGY	291	245		
HP_ABNORMAL_CRANIAL_SUTURE_FONTANELLE_MORPHOLOGY	473	412		
HP_ABNORMAL_CRY	62	54		
HP_ABNORMAL_CSF_CARBOXYLIC_ACID_CONCENTRATION	29	25		
HP_ABNORMAL_CSF_HOMOVANILLIC_ACID_CONCENTRATION	10		Rejected!	
HP_ABNORMAL_CSF_LACTATE_CONCENTRATION	115	102		
HP_ABNORMAL_CSF_METABOLITE_CONCENTRATION	168	145		
HP_ABNORMAL_CSF_PROTEIN_CONCENTRATION	63	51		
HP_ABNORMAL_CSF_PYRUVATE_FAMILY_AMINO_ACID_CONCENTRATION	7		Rejected!	
HP_ABNORMAL_CSF_SERINE_FAMILY_AMINO_ACID_CONCENTRATION	8		Rejected!	
HP_ABNORMAL_CURVATURE_OF_THE_VERTEBRAL_COLUMN	1227		Rejected!	
HP_ABNORMAL_DARK_ADAPTED_BRIGHT_FLASH_ELECTRORETINOGRAM	19		Rejected!	
HP_ABNORMAL_DELAYED_HYPERSENSITIVITY_SKIN_TEST	9		Rejected!	
HP_ABNORMAL_DELIVERY	103	78		
HP_ABNORMAL_DEMEANOR	44	41		
HP_ABNORMAL_DENSE_GRANULES	9		Rejected!	
HP_ABNORMAL_DENTAL_MORPHOLOGY	300	270		
HP_ABNORMAL_DENTAL_PULP_MORPHOLOGY	61	56		
HP_ABNORMAL_DENTAL_ROOT_MORPHOLOGY	59	54		
HP_ABNORMAL_DENTATE_NUCLEUS_MORPHOLOGY	15		Rejected!	
HP_ABNORMAL_DENTIN_MORPHOLOGY	27	21		
HP_ABNORMAL_DERMATOGLYPHICS	320	290		
HP_ABNORMAL_DERMOEPIDERMAL_JUNCTION_MORPHOLOGY	12		Rejected!	
HP_ABNORMAL_DESCEMET_MEMBRANE_MORPHOLOGY	17		Rejected!	
HP_ABNORMAL_DIAPHYSIS_MORPHOLOGY	341	306		
HP_ABNORMAL_DIENCEPHALON_MORPHOLOGY	130	117		
HP_ABNORMAL_DIGESTIVE_SYSTEM_MORPHOLOGY	1056		Rejected!	
HP_ABNORMAL_DIMINISHED_VOLITION	678		Rejected!	
HP_ABNORMAL_DISTAL_FEMORAL_METAPHYSIS_MORPHOLOGY	6		Rejected!	
HP_ABNORMAL_DISTAL_PHALANX_MORPHOLOGY_OF_FINGER	171	148		
HP_ABNORMAL_DLCO	26	21		
HP_ABNORMAL_DOUBLE_NEGATIVE_T_CELL_PROPORTION	5		Rejected!	
HP_ABNORMAL_DRINKING_BEHAVIOR	54	39		
HP_ABNORMAL_DUODENUM_MORPHOLOGY	88	73		
HP_ABNORMAL_DURA_MATER_MORPHOLOGY	27	24		
HP_ABNORMAL_EARLOBE_MORPHOLOGY	141	125		
HP_ABNORMAL_EAR_MORPHOLOGY	1683		Rejected!	
HP_ABNORMAL_EATING_BEHAVIOR	129	105		
HP_ABNORMAL_EKG	141	106		
HP_ABNORMAL_ELASTICITY_OF_SKIN	239	211		
HP_ABNORMAL_ELECTROPHYSIOLOGY_OF_SINOATRIAL_NODE_ORIGIN	81	53		
HP_ABNORMAL_ELECTRORETINOGRAM	229	195		
HP_ABNORMAL_EMBRYONIC_DEVELOPMENT	8		Rejected!	
HP_ABNORMAL_EMOTIONAL_STATE	704		Rejected!	
HP_ABNORMAL_ENCHONDRAL_OSSIFICATION	150	133		
HP_ABNORMAL_ENDOCARDIUM_MORPHOLOGY	63	49		
HP_ABNORMAL_ENDOCRINE_MORPHOLOGY	118	87		
HP_ABNORMAL_ENDOMETRIUM_MORPHOLOGY	28	19		
HP_ABNORMAL_ENERGY_EXPENDITURE	12		Rejected!	
HP_ABNORMAL_ENZYME_ACTIVITY_IN_CULTURED_FIBROBLASTS	29	27		
HP_ABNORMAL_ENZYME_ACTIVITY_IN_MUSCLE_TISSUE	9		Rejected!	
HP_ABNORMAL_ENZYME_CONCENTRATION_OR_ACTIVITY	736		Rejected!	
HP_ABNORMAL_EOSINOPHIL_MORPHOLOGY	73	54		
HP_ABNORMAL_EPIDERMAL_MORPHOLOGY	95	72		
HP_ABNORMAL_EPIDIDYMIS_MORPHOLOGY	30	20		
HP_ABNORMAL_EPIGLOTTIS_MORPHOLOGY	23	23		
HP_ABNORMAL_EPIPHYSEAL_OSSIFICATION	86	74		
HP_ABNORMAL_EPIPHYSIS_MORPHOLOGY	277	250		
HP_ABNORMAL_EPIPHYSIS_MORPHOLOGY_OF_THE_PHALANGES_OF_THE_HAND	42	39		
HP_ABNORMAL_ERYTHROCYTE_ADENOSINE_DEAMINASE_ACTIVITY	27	26		
HP_ABNORMAL_ERYTHROCYTE_ENZYME_CONCENTRATION_OR_ACTIVITY	49	46		
HP_ABNORMAL_ERYTHROCYTE_MORPHOLOGY	713		Rejected!	
HP_ABNORMAL_ERYTHROCYTE_PHYSIOLOGY	15		Rejected!	
HP_ABNORMAL_ERYTHROCYTE_SEDIMENTATION_RATE	78	61		
HP_ABNORMAL_ERYTHROID_LINEAGE_CELL_MORPHOLOGY	13		Rejected!	
HP_ABNORMAL_ESOPHAGUS_MORPHOLOGY	239	198		
HP_ABNORMAL_ESOPHAGUS_PHYSIOLOGY	928		Rejected!	
HP_ABNORMAL_EUSTACHIAN_TUBE_MORPHOLOGY	5		Rejected!	
HP_ABNORMAL_EXPERIENCE_OF_REALITY	617		Rejected!	
HP_ABNORMAL_EXTERNAL_NOSE_MORPHOLOGY	918		Rejected!	
HP_ABNORMAL_EXTEROCEPTIVE_SENSATION	257	208		
HP_ABNORMAL_EYEBROW_MORPHOLOGY	682		Rejected!	
HP_ABNORMAL_EYELASH_MORPHOLOGY	289	250		
HP_ABNORMAL_EYELID_MORPHOLOGY	1399		Rejected!	
HP_ABNORMAL_EYELID_PHYSIOLOGY	43	36		
HP_ABNORMAL_FACIAL_EXPRESSION	185	155		
HP_ABNORMAL_FACIAL_SHAPE	1111		Rejected!	
HP_ABNORMAL_FACIAL_SKELETON_MORPHOLOGY	1400		Rejected!	
HP_ABNORMAL_FACTOR_VIII_ACTIVITY	6		Rejected!	
HP_ABNORMAL_FALLOPIAN_TUBE_MORPHOLOGY	27	19		
HP_ABNORMAL_FEAR_INDUCED_BEHAVIOR	8		Rejected!	
HP_ABNORMAL_FEMALE_EXTERNAL_GENITALIA_MORPHOLOGY	159	133		
HP_ABNORMAL_FEMALE_REPRODUCTIVE_SYSTEM_PHYSIOLOGY	399	331		
HP_ABNORMAL_FEMORAL_HEAD_MORPHOLOGY	92	82		
HP_ABNORMAL_FEMORAL_NECK_HEAD_MORPHOLOGY	202	176		
HP_ABNORMAL_FEMORAL_NECK_MORPHOLOGY	160	142		
HP_ABNORMAL_FEMORAL_TORSION	10		Rejected!	
HP_ABNORMAL_FEMUR_MORPHOLOGY	306	265		
HP_ABNORMAL_FETAL_CARDIOVASCULAR_MORPHOLOGY	53	44		
HP_ABNORMAL_FETAL_CENTRAL_NERVOUS_SYSTEM_MORPHOLOGY	7		Rejected!	
HP_ABNORMAL_FETAL_GASTROINTESTINAL_SYSTEM_MORPHOLOGY	19	17		
HP_ABNORMAL_FETAL_GENITOURINARY_SYSTEM_MORPHOLOGY	13		Rejected!	
HP_ABNORMAL_FETAL_MORPHOLOGY	312	279		
HP_ABNORMAL_FETAL_PHYSIOLOGY	309	267		
HP_ABNORMAL_FETAL_PULMONARY_MORPHOLOGY	10		Rejected!	
HP_ABNORMAL_FETAL_SKIN_MORPHOLOGY	18		Rejected!	
HP_ABNORMAL_FIBULA_MORPHOLOGY	61	57		
HP_ABNORMAL_FIFTH_TOE_MORPHOLOGY	93	85		
HP_ABNORMAL_FINGERNAIL_MORPHOLOGY	194	169		
HP_ABNORMAL_FINGERTIP_MORPHOLOGY	93	80		
HP_ABNORMAL_FINGER_FLEXION_CREASE	20	20		
HP_ABNORMAL_FINGER_MORPHOLOGY	1234		Rejected!	
HP_ABNORMAL_FINGER_PHALANX_MORPHOLOGY	680		Rejected!	
HP_ABNORMAL_FLASH_VISUAL_EVOKED_POTENTIALS	5		Rejected!	
HP_ABNORMAL_FONTANELLE_MORPHOLOGY	208	181		
HP_ABNORMAL_FOOT_BONE_OSSIFICATION	13		Rejected!	
HP_ABNORMAL_FOOT_MORPHOLOGY	1549		Rejected!	
HP_ABNORMAL_FORAMEN_MAGNUM_MORPHOLOGY	18	16		
HP_ABNORMAL_FOREARM_MORPHOLOGY	238	213		
HP_ABNORMAL_FOREHEAD_MORPHOLOGY	1218		Rejected!	
HP_ABNORMAL_FORM_OF_THE_VERTEBRAL_BODIES	350	319		
HP_ABNORMAL_FOURTH_TOE_MORPHOLOGY	11		Rejected!	
HP_ABNORMAL_FOVEAL_MORPHOLOGY	64	50		
HP_ABNORMAL_FOVEAL_MORPHOLOGY_ON_MACULAR_OCT	11		Rejected!	
HP_ABNORMAL_FRONTAL_BONE_MORPHOLOGY	434	388		
HP_ABNORMAL_FULL_FIELD_ELECTRORETINOGRAM	150	124		
HP_ABNORMAL_FUNDUS_AUTOFLUORESCENCE_IMAGING	32	27		
HP_ABNORMAL_FUNDUS_MORPHOLOGY	1416		Rejected!	
HP_ABNORMAL_GALLBLADDER_MORPHOLOGY	95	81		
HP_ABNORMAL_GAMMA_GLUTAMYLTRANSFERASE_LEVEL	51	47		
HP_ABNORMAL_GASTRIC_MUCOSA_MORPHOLOGY	47	41		
HP_ABNORMAL_GASTROINTESTINAL_MOTILITY	118	86		
HP_ABNORMAL_GASTROINTESTINAL_VASCULAR_MORPHOLOGY	7		Rejected!	
HP_ABNORMAL_GERM_CELL_MORPHOLOGY	72	57		
HP_ABNORMAL_GLIAL_CELL_MORPHOLOGY	155	123		
HP_ABNORMAL_GLOBUS_PALLIDUS_MORPHOLOGY	27	23		
HP_ABNORMAL_GLOMERULAR_BASEMENT_MEMBRANE_MORPHOLOGY	13		Rejected!	
HP_ABNORMAL_GLOMERULAR_MESANGIAL_CELLULARITY	8		Rejected!	
HP_ABNORMAL_GLOMERULAR_MESANGIUM_MORPHOLOGY	49	43		
HP_ABNORMAL_GLUCOSE_HOMEOSTASIS	704		Rejected!	
HP_ABNORMAL_GLYCOSPHINGOLIPID_METABOLISM	7		Rejected!	
HP_ABNORMAL_GLYCOSYLATION	53	49		
HP_ABNORMAL_GONADOTROPIN_RELEASING_HORMONE_CONCENTRATION	21	18		
HP_ABNORMAL_GRANULOCYTE_COUNT	275	229		
HP_ABNORMAL_GRANULOCYTOPOIETIC_CELL_MORPHOLOGY	15		Rejected!	
HP_ABNORMAL_GROWTH_HORMONE_LEVEL	38	28		
HP_ABNORMAL_HAIRSHAFT_MORPHOLOGY	36	28		
HP_ABNORMAL_HAIR_PATTERN	378	327		
HP_ABNORMAL_HAIR_QUANTITY	892		Rejected!	
HP_ABNORMAL_HAIR_WHORL	40	31		
HP_ABNORMAL_HALLUX_MORPHOLOGY	212	192		
HP_ABNORMAL_HALLUX_PHALANX_MORPHOLOGY	44	41		
HP_ABNORMAL_HAMATE_BONE_MORPHOLOGY	12		Rejected!	
HP_ABNORMAL_HAND_BONE_OSSIFICATION	41	37		
HP_ABNORMAL_HAND_MORPHOLOGY	1075		Rejected!	
HP_ABNORMAL_HARD_PALATE_MORPHOLOGY	84	78		
HP_ABNORMAL_HEAD_BLOOD_VESSEL_MORPHOLOGY	83	68		
HP_ABNORMAL_HEAD_MOVEMENTS	42	35		
HP_ABNORMAL_HEART_MORPHOLOGY	1568		Rejected!	
HP_ABNORMAL_HEART_RATE_VARIABILITY	25	22		
HP_ABNORMAL_HEART_SOUND	44	28		
HP_ABNORMAL_HEART_VALVE_MORPHOLOGY	369	326		
HP_ABNORMAL_HEART_VALVE_PHYSIOLOGY	396	336		
HP_ABNORMAL_HELIX_MORPHOLOGY	188	166		
HP_ABNORMAL_HEMATOCRIT	13		Rejected!	
HP_ABNORMAL_HEMIDIAPHRAGM_MORPHOLOGY	7		Rejected!	
HP_ABNORMAL_HEMOGLOBIN	77	60		
HP_ABNORMAL_HEMOGLOBIN_CONCENTRATION	20	15		
HP_ABNORMAL_HEPATIC_GLYCOGEN_STORAGE	12		Rejected!	
HP_ABNORMAL_HEPATOBILIARY_SYSTEM_PHYSIOLOGY	234	207		
HP_ABNORMAL_HINDBRAIN_MORPHOLOGY	1043		Rejected!	
HP_ABNORMAL_HIP_JOINT_MORPHOLOGY	390	343		
HP_ABNORMAL_HUMERAL_METAPHYSIS_MORPHOLOGY	5		Rejected!	
HP_ABNORMAL_HUMERUS_MORPHOLOGY	67	62		
HP_ABNORMAL_HYPNAGOGIA	10		Rejected!	
HP_ABNORMAL_HYPOTHALAMUS_MORPHOLOGY	22	21		
HP_ABNORMAL_HYPOTHALAMUS_PHYSIOLOGY	53	46		
HP_ABNORMAL_ILEUM_MORPHOLOGY	44	37		
HP_ABNORMAL_ILIAC_WING_MORPHOLOGY	68	62		
HP_ABNORMAL_ILIUM_MORPHOLOGY	105	95		
HP_ABNORMAL_IMMUNE_SERUM_PROTEIN_PHYSIOLOGY	48	39		
HP_ABNORMAL_IMMUNE_SYSTEM_MORPHOLOGY	675		Rejected!	
HP_ABNORMAL_INCISOR_MORPHOLOGY	63	58		
HP_ABNORMAL_INFERIOR_VENA_CAVA_MORPHOLOGY	50	44		
HP_ABNORMAL_INNER_EAR_MORPHOLOGY	81	73		
HP_ABNORMAL_INTERNAL_CAROTID_ARTERY_MORPHOLOGY	11		Rejected!	
HP_ABNORMAL_INTERNAL_GENITALIA	553	462		
HP_ABNORMAL_INTERPRETATION_OF_EXTERNAL_STIMULI	37	25		
HP_ABNORMAL_INTERVERTEBRAL_DISK_MORPHOLOGY	46	42		
HP_ABNORMAL_INTESTINE_MORPHOLOGY	766		Rejected!	
HP_ABNORMAL_INTONATION	70	65		
HP_ABNORMAL_INTRAHEPATIC_BILE_DUCT_MORPHOLOGY	31	30		
HP_ABNORMAL_INTRAOCULAR_PRESSURE	39	31		
HP_ABNORMAL_IRIS_PIGMENTATION	147	131		
HP_ABNORMAL_ISCHIUM_MORPHOLOGY	26	25		
HP_ABNORMAL_ISOHEMAGGLUTININ_LEVEL	7		Rejected!	
HP_ABNORMAL_JAW_MORPHOLOGY	1188		Rejected!	
HP_ABNORMAL_JEJUNUM_MORPHOLOGY	11		Rejected!	
HP_ABNORMAL_JOINT_MORPHOLOGY	1262		Rejected!	
HP_ABNORMAL_JOINT_PHYSIOLOGY	1352		Rejected!	
HP_ABNORMAL_JUDGMENT	509	417		
HP_ABNORMAL_KNEE_MORPHOLOGY	367	319		
HP_ABNORMAL_KNEE_PHYSIOLOGY	89	77		
HP_ABNORMAL_LABIA_MAJORA_MORPHOLOGY	46	42		
HP_ABNORMAL_LABIA_MINORA_MORPHOLOGY	39	31		
HP_ABNORMAL_LABIA_MORPHOLOGY	87	69		
HP_ABNORMAL_LACRIMAL_DUCT_MORPHOLOGY	57	51		
HP_ABNORMAL_LACRIMAL_GLAND_MORPHOLOGY	10		Rejected!	
HP_ABNORMAL_LACRIMAL_PUNCTUM_MORPHOLOGY	8		Rejected!	
HP_ABNORMAL_LARGE_INTESTINE_MORPHOLOGY	444	379		
HP_ABNORMAL_LARGE_INTESTINE_PHYSIOLOGY	57	52		
HP_ABNORMAL_LARYNX_MORPHOLOGY	160	146		
HP_ABNORMAL_LARYNX_PHYSIOLOGY	49	39		
HP_ABNORMAL_LATERAL_VENTRICLE_MORPHOLOGY	129	112		
HP_ABNORMAL_LDL_CHOLESTEROL_CONCENTRATION	44	26		
HP_ABNORMAL_LEFT_ATRIUM_MORPHOLOGY	25	17		
HP_ABNORMAL_LEFT_VENTRICLE_MORPHOLOGY	139	113		
HP_ABNORMAL_LEFT_VENTRICULAR_EJECTION_FRACTION	61	50		
HP_ABNORMAL_LEFT_VENTRICULAR_END_DIASTOLIC_VOLUME	23	16		
HP_ABNORMAL_LEFT_VENTRICULAR_OUTFLOW_TRACT_MORPHOLOGY	27	23		
HP_ABNORMAL_LENGTH_OF_CORPUS_CALLOSUM	10		Rejected!	
HP_ABNORMAL_LENS_MORPHOLOGY	844		Rejected!	
HP_ABNORMAL_LEUKOCYTE_COUNT	515	420		
HP_ABNORMAL_LEUKOCYTE_ENZYME_CONCENTRATION_OR_ACTIVITY	5		Rejected!	
HP_ABNORMAL_LEUKOCYTE_PHYSIOLOGY	345	280		
HP_ABNORMAL_LIBIDO	43	31		
HP_ABNORMAL_LIGHT_ADAPTED_ELECTRORETINOGRAM	11		Rejected!	
HP_ABNORMAL_LIGHT_AND_DARK_ADAPTED_ELECTRORETINOGRAM	39	30		
HP_ABNORMAL_LIMB_EPIPHYSIS_MORPHOLOGY	137	120		
HP_ABNORMAL_LIP_MORPHOLOGY	1246		Rejected!	
HP_ABNORMAL_LIVER_ENZYME_ACTIVITY_OR_CONCENTRATION	14		Rejected!	
HP_ABNORMAL_LIVER_METABOLITE_CONCENTRATION	203	170		
HP_ABNORMAL_LIVER_MORPHOLOGY	909		Rejected!	
HP_ABNORMAL_LIVER_PARENCHYMA_MORPHOLOGY	13		Rejected!	
HP_ABNORMAL_LIVER_PHYSIOLOGY	27	25		
HP_ABNORMAL_LIVER_SONOGRAPHY	9		Rejected!	
HP_ABNORMAL_LOCALIZATION_OF_KIDNEY	242	216		
HP_ABNORMAL_LOCATION_OF_EARS	958		Rejected!	
HP_ABNORMAL_LONG_BONE_MORPHOLOGY	790		Rejected!	
HP_ABNORMAL_LOWER_LIMB_BONE_MORPHOLOGY	793		Rejected!	
HP_ABNORMAL_LOWER_LIMB_EPIPHYSIS_MORPHOLOGY	94	82		
HP_ABNORMAL_LOWER_LIMB_METAPHYSIS_MORPHOLOGY	25	22		
HP_ABNORMAL_LOWER_LIMB_MOTOR_EVOKED_POTENTIALS	6		Rejected!	
HP_ABNORMAL_LOWER_LIP_MORPHOLOGY	246	216		
HP_ABNORMAL_LOWER_MOTOR_NEURON_MORPHOLOGY	26	23		
HP_ABNORMAL_LUMBAR_SPINE_MORPHOLOGY	34	31		
HP_ABNORMAL_LUNG_DEVELOPMENT	242	214		
HP_ABNORMAL_LUNG_LOBATION	44	38		
HP_ABNORMAL_LYMPHATIC_VESSEL_MORPHOLOGY	17		Rejected!	
HP_ABNORMAL_LYMPHOCYTE_MORPHOLOGY	261	203		
HP_ABNORMAL_LYMPH_NODE_MORPHOLOGY	269	203		
HP_ABNORMAL_MACROPHAGE_MORPHOLOGY	47	43		
HP_ABNORMAL_MACROSCOPIC_URINE_APPEARANCE	59	49		
HP_ABNORMAL_MACULAR_MORPHOLOGY	259	218		
HP_ABNORMAL_MAGNESIUM_CONCENTRATION	34	26		
HP_ABNORMAL_MALE_INTERNAL_GENITALIA_MORPHOLOGY	94	68		
HP_ABNORMAL_MALE_REPRODUCTIVE_SYSTEM_PHYSIOLOGY	358	283		
HP_ABNORMAL_MASTOID_MORPHOLOGY	12		Rejected!	
HP_ABNORMAL_MAST_CELL_MORPHOLOGY	8		Rejected!	
HP_ABNORMAL_MATERNAL_SERUM_SCREENING	8		Rejected!	
HP_ABNORMAL_MAXILLA_MORPHOLOGY	154	139		
HP_ABNORMAL_MEAN_CORPUSCULAR_HEMOGLOBIN_CONCENTRATION	22	17		
HP_ABNORMAL_MEAN_CORPUSCULAR_VOLUME	63	54		
HP_ABNORMAL_MEGAKARYOCYTE_MORPHOLOGY	29	24		
HP_ABNORMAL_MEMORY_T_CELL_PROPORTION	9		Rejected!	
HP_ABNORMAL_MENINGEAL_MORPHOLOGY	188	162		
HP_ABNORMAL_MESENTERY_MORPHOLOGY	6		Rejected!	
HP_ABNORMAL_METABOLIC_BRAIN_IMAGING_BY_MRS	73	63		
HP_ABNORMAL_METABOLISM	164	142		
HP_ABNORMAL_METACARPAL_EPIPHYSIS_MORPHOLOGY	20	17		
HP_ABNORMAL_METACARPAL_MORPHOLOGY	229	204		
HP_ABNORMAL_METACARPOPHALANGEAL_JOINT_MORPHOLOGY	24	19		
HP_ABNORMAL_METAPHYSEAL_TRABECULATION	25	24		
HP_ABNORMAL_METAPHYSIS_MORPHOLOGY	236	208		
HP_ABNORMAL_METATARSAL_MORPHOLOGY	159	142		
HP_ABNORMAL_MIDBRAIN_MORPHOLOGY	82	75		
HP_ABNORMAL_MIDDLE_EAR_MORPHOLOGY	401	336		
HP_ABNORMAL_MIDDLE_EAR_REFLEXES	6		Rejected!	
HP_ABNORMAL_MIDDLE_PHALANX_MORPHOLOGY_OF_THE_HAND	71	62		
HP_ABNORMAL_MIDFACE_MORPHOLOGY	642		Rejected!	
HP_ABNORMAL_MITOCHONDRIAL_MORPHOLOGY	25	23		
HP_ABNORMAL_MITOCHONDRIAL_NUMBER	6		Rejected!	
HP_ABNORMAL_MITOCHONDRIAL_SHAPE	10		Rejected!	
HP_ABNORMAL_MITOCHONDRIA_IN_MUSCLE_TISSUE	47	36		
HP_ABNORMAL_MITRAL_VALVE_PHYSIOLOGY	178	144		
HP_ABNORMAL_MONOCYTE_MORPHOLOGY	21	20		
HP_ABNORMAL_MORPHOLOGY_OF_MUSCULATURE_OF_PHARYNX	6		Rejected!	
HP_ABNORMAL_MORPHOLOGY_OF_MYOCARDIAL_TRABECULAE	20		Rejected!	
HP_ABNORMAL_MORPHOLOGY_OF_THE_ABDOMINAL_MUSCULATURE	61	52		
HP_ABNORMAL_MORPHOLOGY_OF_THE_CHOROIDAL_VASCULATURE	28	25		
HP_ABNORMAL_MORPHOLOGY_OF_THE_CONJUNCTIVAL_VASCULATURE	27	20		
HP_ABNORMAL_MORPHOLOGY_OF_THE_GREAT_VESSELS	744		Rejected!	
HP_ABNORMAL_MORPHOLOGY_OF_THE_LIMBIC_SYSTEM	52	41		
HP_ABNORMAL_MORPHOLOGY_OF_THE_MUSCULATURE_OF_THE_NECK	87	77		
HP_ABNORMAL_MORPHOLOGY_OF_THE_NASAL_ALAE	577		Rejected!	
HP_ABNORMAL_MORPHOLOGY_OF_THE_OLFACTORY_BULB	36	30		
HP_ABNORMAL_MORPHOLOGY_OF_THE_PROXIMAL_PHALANX_OF_THE_HALLUX	7		Rejected!	
HP_ABNORMAL_MORPHOLOGY_OF_THE_VESTIBULE_OF_THE_INNER_EAR	33	31		
HP_ABNORMAL_MORPHOLOGY_OF_ULNA	160	145		
HP_ABNORMAL_MOTOR_EVOKED_POTENTIALS	12		Rejected!	
HP_ABNORMAL_MOTOR_NERVE_CONDUCTION_VELOCITY	68	61		
HP_ABNORMAL_MUSCLE_FIBER_ALPHA_DYSTROGLYCAN	12		Rejected!	
HP_ABNORMAL_MUSCLE_FIBER_MEROSIN_EXPRESSION	5		Rejected!	
HP_ABNORMAL_MUSCLE_FIBER_MORPHOLOGY	292	243		
HP_ABNORMAL_MUSCLE_FIBER_PROTEIN_EXPRESSION	33	29		
HP_ABNORMAL_MUSCLE_FIBER_TYPE_DISTRIBUTION	83	69		
HP_ABNORMAL_MUSCLE_GLYCOGEN_CONTENT	14		Rejected!	
HP_ABNORMAL_MUSCLE_TISSUE_METABOLITE_CONCENTRATION	55	47		
HP_ABNORMAL_MYELINATION	624		Rejected!	
HP_ABNORMAL_MYELOID_LEUKOCYTE_MORPHOLOGY	347	294		
HP_ABNORMAL_MYOCARDIUM_MORPHOLOGY	609		Rejected!	
HP_ABNORMAL_NAIL_ATTACHMENT	24	20		
HP_ABNORMAL_NAIL_MORPHOLOGY	522	441		
HP_ABNORMAL_NAIL_SURFACE	42	39		
HP_ABNORMAL_NAIVE_CD4_POSITIVE_T_CELL_PROPORTION	7		Rejected!	
HP_ABNORMAL_NAIVE_CD8_T_CELL_PROPORTION	5		Rejected!	
HP_ABNORMAL_NAIVE_T_CELL_PROPORTION	11		Rejected!	
HP_ABNORMAL_NASAL_BASE_NORPHOLOGY	30	26		
HP_ABNORMAL_NASAL_BONE_MORPHOLOGY	9		Rejected!	
HP_ABNORMAL_NASAL_BRIDGE_MORPHOLOGY	1038		Rejected!	
HP_ABNORMAL_NASAL_CAVITY_MORPHOLOGY	17	15		
HP_ABNORMAL_NASAL_DORSUM_MORPHOLOGY	261	223		
HP_ABNORMAL_NASAL_MORPHOLOGY	1512		Rejected!	
HP_ABNORMAL_NASAL_MUCOSA_MORPHOLOGY	80	62		
HP_ABNORMAL_NASAL_MUCUS_SECRETION	8		Rejected!	
HP_ABNORMAL_NASAL_SEPTUM_MORPHOLOGY	24	20		
HP_ABNORMAL_NASAL_SKELETON_MORPHOLOGY	12		Rejected!	
HP_ABNORMAL_NASAL_TIP_MORPHOLOGY	382	336		
HP_ABNORMAL_NASOLABIAL_REGION_MORPHOLOGY	20	20		
HP_ABNORMAL_NASOLACRIMAL_SYSTEM_MORPHOLOGY	82	74		
HP_ABNORMAL_NASOPHARYNX_MORPHOLOGY	198	161		
HP_ABNORMAL_NATURAL_KILLER_CELL_MORPHOLOGY	46	34		
HP_ABNORMAL_NATURAL_KILLER_CELL_PHYSIOLOGY	16		Rejected!	
HP_ABNORMAL_NEGATIVE_EMOTIONAL_STATE	5		Rejected!	
HP_ABNORMAL_NEPHRON_MORPHOLOGY	274	219		
HP_ABNORMAL_NERVE_CONDUCTION_VELOCITY	119	107		
HP_ABNORMAL_NERVOUS_SYSTEM_ELECTROPHYSIOLOGY	724		Rejected!	
HP_ABNORMAL_NEURAL_TUBE_MORPHOLOGY	312	279		
HP_ABNORMAL_NEURON_MORPHOLOGY	85	75		
HP_ABNORMAL_NEUTROPHIL_MORPHOLOGY	18	16		
HP_ABNORMAL_NEUTROPHIL_PHYSIOLOGY	17	16		
HP_ABNORMAL_NIPPLE_MORPHOLOGY	258	237		
HP_ABNORMAL_NONVERBAL_COMMUNICATIVE_BEHAVIOR	119	110		
HP_ABNORMAL_NOSTRIL_MORPHOLOGY	505	450		
HP_ABNORMAL_NUMBER_OF_DENSE_GRANULES	7		Rejected!	
HP_ABNORMAL_NUMBER_OF_ERYTHROID_PRECURSORS	52	47		
HP_ABNORMAL_NUMBER_OF_GRANULOCYTE_PRECURSORS	9		Rejected!	
HP_ABNORMAL_NUMBER_OF_INCISORS	61	57		
HP_ABNORMAL_NUMBER_OF_PERMANENT_TEETH	35	34		
HP_ABNORMAL_NUMBER_OF_TEETH	403	360		
HP_ABNORMAL_OCCIPITAL_BONE_MORPHOLOGY	121	106		
HP_ABNORMAL_ODONTOID_PROCESS_MORPHOLOGY	34	33		
HP_ABNORMAL_ODONTOID_TISSUE_MORPHOLOGY	239	201		
HP_ABNORMAL_OLFACTORY_LOBE_MORPHOLOGY	8		Rejected!	
HP_ABNORMAL_OOCYTE_MORPHOLOGY	6		Rejected!	
HP_ABNORMAL_OPTIC_CHIASM_MORPHOLOGY	7		Rejected!	
HP_ABNORMAL_OPTIC_NERVE_MORPHOLOGY	909		Rejected!	
HP_ABNORMAL_ORAL_FRENULUM_MORPHOLOGY	71	62		
HP_ABNORMAL_ORAL_GLUCOSE_TOLERANCE	15		Rejected!	
HP_ABNORMAL_ORAL_MUCOSA_MORPHOLOGY	381	299		
HP_ABNORMAL_ORAL_PHYSIOLOGY	348	303		
HP_ABNORMAL_OSSIFICATION_INVOLVING_THE_FEMORAL_HEAD_AND_NECK	25	19		
HP_ABNORMAL_OSSIFICATION_OF_THE_PUBIC_BONE	10		Rejected!	
HP_ABNORMAL_OVARIAN_MORPHOLOGY	180	145		
HP_ABNORMAL_OVARIAN_PHYSIOLOGY	94	77		
HP_ABNORMAL_PALATE_MORPHOLOGY	1170		Rejected!	
HP_ABNORMAL_PALMAR_DERMATOGLYPHICS	271	245		
HP_ABNORMAL_PALM_MORPHOLOGY	522	445		
HP_ABNORMAL_PANCREAS_MORPHOLOGY	107	90		
HP_ABNORMAL_PANCREAS_SIZE	34	24		
HP_ABNORMAL_PARANASAL_SINUS_MORPHOLOGY	194	156		
HP_ABNORMAL_PARATHYROID_MORPHOLOGY	24	15		
HP_ABNORMAL_PARIETAL_BONE_MORPHOLOGY	29	24		
HP_ABNORMAL_PAROTID_GLAND_MORPHOLOGY	10		Rejected!	
HP_ABNORMAL_PATELLA_MORPHOLOGY	110	97		
HP_ABNORMAL_PATTERN_OF_RESPIRATION	779		Rejected!	
HP_ABNORMAL_PEER_RELATIONSHIPS	10		Rejected!	
HP_ABNORMAL_PELVIC_GIRDLE_BONE_MORPHOLOGY	638		Rejected!	
HP_ABNORMAL_PELVIS_BONE_MORPHOLOGY	22	22		
HP_ABNORMAL_PELVIS_BONE_OSSIFICATION	17	17		
HP_ABNORMAL_PENIS_MORPHOLOGY	686		Rejected!	
HP_ABNORMAL_PERIAURICULAR_REGION_MORPHOLOGY	124	114		
HP_ABNORMAL_PERICARDIUM_MORPHOLOGY	83	65		
HP_ABNORMAL_PERIOSTEUM_MORPHOLOGY	8		Rejected!	
HP_ABNORMAL_PERIPHERAL_ACTION_POTENTIAL_AMPLITUDE	40	36		
HP_ABNORMAL_PERIPHERAL_MYELINATION	112	97		
HP_ABNORMAL_PERIPHERAL_NERVOUS_SYSTEM_MORPHOLOGY	411	343		
HP_ABNORMAL_PERIPHERAL_NERVOUS_SYSTEM_PHYSIOLOGY	181	162		
HP_ABNORMAL_PERISTALSIS	25	16		
HP_ABNORMAL_PERITONEUM_MORPHOLOGY	65	52		
HP_ABNORMAL_PERIUNGUAL_MORPHOLOGY	22	15		
HP_ABNORMAL_PERIVENTRICULAR_WHITE_MATTER_MORPHOLOGY	138	125		
HP_ABNORMAL_PHAGOCYTOSIS	5		Rejected!	
HP_ABNORMAL_PHALANGEAL_JOINT_MORPHOLOGY_OF_THE_HAND	230	207		
HP_ABNORMAL_PIGMENTATION_OF_THE_ORAL_MUCOSA	44	29		
HP_ABNORMAL_PINEAL_MORPHOLOGY	13		Rejected!	
HP_ABNORMAL_PITUITARY_GLAND_MORPHOLOGY	357	285		
HP_ABNORMAL_PLACENTAL_MEMBRANE_MORPHOLOGY	14		Rejected!	
HP_ABNORMAL_PLACENTAL_SIZE	16		Rejected!	
HP_ABNORMAL_PLACENTA_MORPHOLOGY	38	28		
HP_ABNORMAL_PLATELET_AGGREGATION	41	33		
HP_ABNORMAL_PLATELET_FUNCTION	61	53		
HP_ABNORMAL_PLATELET_GRANULES	13		Rejected!	
HP_ABNORMAL_PLATELET_MEMBRANE_PROTEIN_EXPRESSION	6		Rejected!	
HP_ABNORMAL_PLATELET_VOLUME	34	26		
HP_ABNORMAL_PLEURA_MORPHOLOGY	188	147		
HP_ABNORMAL_PONS_MORPHOLOGY	117	106		
HP_ABNORMAL_PORTAL_VENOUS_SYSTEM_MORPHOLOGY	11		Rejected!	
HP_ABNORMAL_POSTERIOR_PITUITARY_MORPHOGENESIS	36	29		
HP_ABNORMAL_POSTERIOR_SEGMENT_IMAGING	122	101		
HP_ABNORMAL_POSTURING	7		Rejected!	
HP_ABNORMAL_PREOCCUPATION	50	42		
HP_ABNORMAL_PREPUTIUM_MORPHOLOGY	36	31		
HP_ABNORMAL_PROLACTIN_LEVEL	30	25		
HP_ABNORMAL_PROSODY	83	74		
HP_ABNORMAL_PROSTATE_MORPHOLOGY	41	31		
HP_ABNORMAL_PROTEIN_O_LINKED_GLYCOSYLATION	8		Rejected!	
HP_ABNORMAL_PROXIMAL_FEMORAL_METAPHYSIS_MORPHOLOGY	9		Rejected!	
HP_ABNORMAL_PROXIMAL_PHALANX_MORPHOLOGY_OF_THE_HAND	29	27		
HP_ABNORMAL_PR_INTERVAL	20		Rejected!	
HP_ABNORMAL_PSYCHOTIC_PATTERN	159	129		
HP_ABNORMAL_PUBIC_BONE_MORPHOLOGY	45	40		
HP_ABNORMAL_PULMONARY_ALVEOLAR_SYSTEM_MORPHOLOGY	8		Rejected!	
HP_ABNORMAL_PULMONARY_INTERSTITIAL_MORPHOLOGY	159	133		
HP_ABNORMAL_PULMONARY_THORACIC_IMAGING_FINDING	155	120		
HP_ABNORMAL_PULMONARY_VALVE_MORPHOLOGY	58	54		
HP_ABNORMAL_PULMONARY_VALVE_PHYSIOLOGY	164	146		
HP_ABNORMAL_PULSE	8		Rejected!	
HP_ABNORMAL_PUPILLARY_FUNCTION	96	77		
HP_ABNORMAL_PUPILLARY_LIGHT_REFLEX	47	35		
HP_ABNORMAL_PUPIL_MORPHOLOGY	73	56		
HP_ABNORMAL_PUTAMEN_MORPHOLOGY	5		Rejected!	
HP_ABNORMAL_PYRAMIDAL_TRACT_MORPHOLOGY	70	58		
HP_ABNORMAL_P_WAVE	6		Rejected!	
HP_ABNORMAL_QRS_COMPLEX	11		Rejected!	
HP_ABNORMAL_QT_INTERVAL	69	48		
HP_ABNORMAL_RAPID_EYE_MOVEMENT_SLEEP	21	18		
HP_ABNORMAL_RECTUM_MORPHOLOGY	143	110		
HP_ABNORMAL_REFLEX	1191		Rejected!	
HP_ABNORMAL_RELATIONSHIP	16		Rejected!	
HP_ABNORMAL_RENAL_COLLECTING_SYSTEM_MORPHOLOGY	29	25		
HP_ABNORMAL_RENAL_CORPUSCLE_MORPHOLOGY	216	165		
HP_ABNORMAL_RENAL_CORTEX_MORPHOLOGY	254	197		
HP_ABNORMAL_RENAL_CORTICOMEDULLARY_DIFFERENTIATION	23	19		
HP_ABNORMAL_RENAL_ECHOGENICITY	40	33		
HP_ABNORMAL_RENAL_INSTERSTITIAL_MORPHOLOGY	62	57		
HP_ABNORMAL_RENAL_MEDULLA_MORPHOLOGY	62	57		
HP_ABNORMAL_RENAL_MORPHOLOGY	1157		Rejected!	
HP_ABNORMAL_RENAL_PELVIS_MORPHOLOGY	304	277		
HP_ABNORMAL_RENAL_PHYSIOLOGY	734		Rejected!	
HP_ABNORMAL_RENAL_TUBULAR_EPITHELIAL_MORPHOLOGY	19	16		
HP_ABNORMAL_RENAL_TUBULAR_RESORPTION	25	21		
HP_ABNORMAL_RENAL_TUBULE_MORPHOLOGY	96	84		
HP_ABNORMAL_RENAL_VASCULAR_MORPHOLOGY	28	16		
HP_ABNORMAL_REPRODUCTIVE_SYSTEM_MORPHOLOGY	1400		Rejected!	
HP_ABNORMAL_RESPIRATORY_EPITHELIUM_MORPHOLOGY	28	25		
HP_ABNORMAL_RESPIRATORY_MOTILE_CILIUM_PHYSIOLOGY	36	33		
HP_ABNORMAL_RESPIRATORY_SYSTEM_MORPHOLOGY	1479		Rejected!	
HP_ABNORMAL_RESPIRATORY_SYSTEM_PHYSIOLOGY	1504		Rejected!	
HP_ABNORMAL_RESPONSE_TO_ACTH_STIMULATION_TEST	6		Rejected!	
HP_ABNORMAL_RESPONSE_TO_CORTICOTROPIN_RELEASING_HORMONE_STIMULATION_TEST	7		Rejected!	
HP_ABNORMAL_RESPONSE_TO_ENDOCRINE_STIMULATION_TEST	153	131		
HP_ABNORMAL_RESPONSE_TO_GLUCAGON_STIMULATION_TEST	5		Rejected!	
HP_ABNORMAL_RESPONSE_TO_INSULIN_TOLERANCE_TEST	8		Rejected!	
HP_ABNORMAL_RETICULOCYTE_MORPHOLOGY	85	70		
HP_ABNORMAL_RETINAL_MORPHOLOGY	998		Rejected!	
HP_ABNORMAL_RETINAL_NERVE_FIBER_LAYER_MORPHOLOGY	18	18		
HP_ABNORMAL_RETINAL_VASCULAR_MORPHOLOGY	279	226		
HP_ABNORMAL_RIB_CAGE_MORPHOLOGY	400	357		
HP_ABNORMAL_RIB_MORPHOLOGY	337	300		
HP_ABNORMAL_RIB_OSSIFICATION	9		Rejected!	
HP_ABNORMAL_RIGHT_VENTRICLE_MORPHOLOGY	76	62		
HP_ABNORMAL_RIGHT_VENTRICULAR_FUNCTION	21	16		
HP_ABNORMAL_SACCADIC_EYE_MOVEMENTS	93	84		
HP_ABNORMAL_SACROILIAC_JOINT_MORPHOLOGY	8		Rejected!	
HP_ABNORMAL_SACRUM_MORPHOLOGY	163	143		
HP_ABNORMAL_SALIVARY_GLAND_MORPHOLOGY	27	23		
HP_ABNORMAL_SARCOMERE_MORPHOLOGY	16		Rejected!	
HP_ABNORMAL_SCALP_MORPHOLOGY	452	403		
HP_ABNORMAL_SCAPULA_MORPHOLOGY	183	161		
HP_ABNORMAL_SCLERA_MORPHOLOGY	146	122		
HP_ABNORMAL_SCROTAL_RUGATION	5		Rejected!	
HP_ABNORMAL_SCROTUM_MORPHOLOGY	143	118		
HP_ABNORMAL_SECOND_TOE_MORPHOLOGY	15		Rejected!	
HP_ABNORMAL_SELLA_TURCICA_MORPHOLOGY	43	34		
HP_ABNORMAL_SEMICIRCULAR_CANAL_MORPHOLOGY	26	25		
HP_ABNORMAL_SENSORY_NERVE_CONDUCTION_VELOCITY	29	27		
HP_ABNORMAL_SEPTUM_PELLUCIDUM_MORPHOLOGY	113	101		
HP_ABNORMAL_SERUM_ANION_GAP	6		Rejected!	
HP_ABNORMAL_SERUM_BICARBONATE_CONCENTRATION	5		Rejected!	
HP_ABNORMAL_SERUM_BILE_ACID_CONCENTRATION	27	25		
HP_ABNORMAL_SERUM_INSULIN_LIKE_GROWTH_FACTOR_1_LEVEL	31	26		
HP_ABNORMAL_SEVENTH_CRANIAL_PHYSIOLOGY	189	167		
HP_ABNORMAL_SEXUAL_BEHAVIOR	8		Rejected!	
HP_ABNORMAL_SEX_DETERMINATION	21	15		
HP_ABNORMAL_SHAPE_OF_THE_PALPEBRAL_FISSURE	66	54		
HP_ABNORMAL_SHARPEY_FIBER_MORPHOLOGY	33	26		
HP_ABNORMAL_SHOULDER_MORPHOLOGY	101	89		
HP_ABNORMAL_SHOULDER_PHYSIOLOGY	14		Rejected!	
HP_ABNORMAL_SIZE_OF_PITUITARY_GLAND	31	26		
HP_ABNORMAL_SIZE_OF_THE_DENTAL_ROOT	16	16		
HP_ABNORMAL_SIZE_OF_THE_PALPEBRAL_FISSURES	305	270		
HP_ABNORMAL_SKIN_ADNEXA_MORPHOLOGY	1524		Rejected!	
HP_ABNORMAL_SKIN_MORPHOLOGY_OF_THE_PALM	417	355		
HP_ABNORMAL_SKULL_BASE_MORPHOLOGY	249	220		
HP_ABNORMAL_SLEEP_ARCHITECTURE	5		Rejected!	
HP_ABNORMAL_SMALL_INTESTINE_MORPHOLOGY	221	190		
HP_ABNORMAL_SOCIAL_BEHAVIOR	176	149		
HP_ABNORMAL_SOFT_PALATE_MORPHOLOGY	272	242		
HP_ABNORMAL_SPACED_INCISORS	14		Rejected!	
HP_ABNORMAL_SPEECH_DISCRIMINATION	5		Rejected!	
HP_ABNORMAL_SPERMATOGENESIS	179	128		
HP_ABNORMAL_SPERM_AXONEME_MORPHOLOGY	8		Rejected!	
HP_ABNORMAL_SPERM_HEAD_MORPHOLOGY	33	23		
HP_ABNORMAL_SPERM_PHYSIOLOGY	117	98		
HP_ABNORMAL_SPERM_TAIL_MORPHOLOGY	48	43		
HP_ABNORMAL_SPINAL_CORD_MORPHOLOGY	315	274		
HP_ABNORMAL_SPINAL_CORD_PHYSIOLOGY	446	385		
HP_ABNORMAL_SPINAL_MENINGEAL_MORPHOLOGY	25	18		
HP_ABNORMAL_SPUTUM	133	96		
HP_ABNORMAL_STAPES_MORPHOLOGY	18	17		
HP_ABNORMAL_STERNAL_OSSIFICATION	12		Rejected!	
HP_ABNORMAL_STERNUM_MORPHOLOGY	481	421		
HP_ABNORMAL_STOMACH_MORPHOLOGY	277	234		
HP_ABNORMAL_STOOL_COMPOSITION	21		Rejected!	
HP_ABNORMAL_ST_SEGMENT	39	30		
HP_ABNORMAL_SUBARACHNOID_SPACE_MORPHOLOGY	97	75		
HP_ABNORMAL_SUBCLAVIAN_ARTERY_MORPHOLOGY	11		Rejected!	
HP_ABNORMAL_SUBCUTANEOUS_FAT_TISSUE_DISTRIBUTION	7		Rejected!	
HP_ABNORMAL_SUBPLEURAL_MORPHOLOGY	17		Rejected!	
HP_ABNORMAL_SUBSTANTIA_NIGRA_MORPHOLOGY	23	19		
HP_ABNORMAL_SUBUNGUAL_MORPHOLOGY	12		Rejected!	
HP_ABNORMAL_SUPERIOR_CEREBELLAR_PEDUNCLE_MORPHOLOGY	12		Rejected!	
HP_ABNORMAL_SWEAT_GLAND_MORPHOLOGY	20		Rejected!	
HP_ABNORMAL_SWEAT_HOMEOSTASIS	29	20		
HP_ABNORMAL_SYNAPTIC_TRANSMISSION_AT_THE_NEUROMUSCULAR_JUNCTION	123	102		
HP_ABNORMAL_SYNOVIAL_MEMBRANE_MORPHOLOGY	19	17		
HP_ABNORMAL_SYSTEMIC_ARTERIAL_MORPHOLOGY	549	467		
HP_ABNORMAL_SYSTEMIC_BLOOD_PRESSURE	565	449		
HP_ABNORMAL_TALUS_MORPHOLOGY	71	66		
HP_ABNORMAL_TARSAL_OSSIFICATION	9		Rejected!	
HP_ABNORMAL_TEMPER_TANTRUMS	38	37		
HP_ABNORMAL_TEMPORAL_BONE_MORPHOLOGY	5		Rejected!	
HP_ABNORMAL_TENDON_MORPHOLOGY	874		Rejected!	
HP_ABNORMAL_TESTIS_MORPHOLOGY	935		Rejected!	
HP_ABNORMAL_THALAMIC_MRI_SIGNAL_INTENSITY	25	21		
HP_ABNORMAL_THALAMIC_SIZE	10		Rejected!	
HP_ABNORMAL_THALAMUS_MORPHOLOGY	49	42		
HP_ABNORMAL_THIRD_TOE_MORPHOLOGY	10		Rejected!	
HP_ABNORMAL_THORACIC_SPINE_MORPHOLOGY	114	99		
HP_ABNORMAL_THORAX_MORPHOLOGY	927		Rejected!	
HP_ABNORMAL_THROMBOSIS	210	155		
HP_ABNORMAL_THUMB_MORPHOLOGY	397	356		
HP_ABNORMAL_THYMUS_MORPHOLOGY	60	48		
HP_ABNORMAL_THYROID_MORPHOLOGY	170	129		
HP_ABNORMAL_THYROID_STIMULATING_HORMONE_LEVEL	47	38		
HP_ABNORMAL_TIBIA_MORPHOLOGY	108	97		
HP_ABNORMAL_TISSUE_ENZYME_CONCENTRATION_OR_ACTIVITY	89	81		
HP_ABNORMAL_TISSUE_METABOLITE_CONCENTRATION	273	232		
HP_ABNORMAL_TOENAIL_MORPHOLOGY	166	143		
HP_ABNORMAL_TOE_MORPHOLOGY	731		Rejected!	
HP_ABNORMAL_TOE_PHALANX_MORPHOLOGY	128	111		
HP_ABNORMAL_TONGUE_MORPHOLOGY	390	330		
HP_ABNORMAL_TONGUE_PHYSIOLOGY	98	86		
HP_ABNORMAL_TOTAL_BASOPHIL_COUNT	5		Rejected!	
HP_ABNORMAL_TOTAL_B_CELL_COUNT	68	53		
HP_ABNORMAL_TOTAL_HEMOLYTIC_COMPLEMENT_ACTIVITY	5		Rejected!	
HP_ABNORMAL_TOTAL_NEUTROPHIL_COUNT	232	198		
HP_ABNORMAL_TRABECULAR_BONE_MORPHOLOGY	33	31		
HP_ABNORMAL_TRACHEAL_MORPHOLOGY	171	156		
HP_ABNORMAL_TRACHEOBRONCHIAL_MORPHOLOGY	386	328		
HP_ABNORMAL_TRAGUS_MORPHOLOGY	13		Rejected!	
HP_ABNORMAL_TRANSFERRIN_SATURATION	15		Rejected!	
HP_ABNORMAL_TRICUSPID_VALVE_MORPHOLOGY	48	44		
HP_ABNORMAL_TRICUSPID_VALVE_PHYSIOLOGY	80	66		
HP_ABNORMAL_TUBULAR_BASEMENT_MEMBRANE_MORPHOLOGY	6		Rejected!	
HP_ABNORMAL_T_CELL_ACTIVATION	9		Rejected!	
HP_ABNORMAL_T_CELL_APOPTOSIS	6		Rejected!	
HP_ABNORMAL_T_CELL_MORPHOLOGY	128	95		
HP_ABNORMAL_T_CELL_SUBSET_DISTRIBUTION	86	66		
HP_ABNORMAL_T_WAVE	37	24		
HP_ABNORMAL_ULNAR_METAPHYSIS_MORPHOLOGY	10		Rejected!	
HP_ABNORMAL_UMBILICAL_STUMP_BLEEDING	8		Rejected!	
HP_ABNORMAL_UMBILICUS_MORPHOLOGY	320	274		
HP_ABNORMAL_UPPER_LIMB_BONE_MORPHOLOGY	462	413		
HP_ABNORMAL_UPPER_LIMB_EPIPHYSIS_MORPHOLOGY	63	58		
HP_ABNORMAL_UPPER_LIMB_METAPHYSIS_MORPHOLOGY	18	16		
HP_ABNORMAL_UPPER_LIP_MORPHOLOGY	974		Rejected!	
HP_ABNORMAL_UPPER_MOTOR_NEURON_MORPHOLOGY	14		Rejected!	
HP_ABNORMAL_URETER_MORPHOLOGY	157	138		
HP_ABNORMAL_URETER_PHYSIOLOGY	244	216		
HP_ABNORMAL_URINARY_COLOR	28	22		
HP_ABNORMAL_URINARY_ELECTROLYTE_CONCENTRATION	125	98		
HP_ABNORMAL_URINARY_NUCLEOBASE_CONCENTRATION	12		Rejected!	
HP_ABNORMAL_URINARY_ORGANIC_COMPOUND_LEVEL	67	49		
HP_ABNORMAL_URINARY_PURINE_LEVEL	8		Rejected!	
HP_ABNORMAL_URINE_ALPHA_KETOGLUTARATE_CONCENTRATION	14		Rejected!	
HP_ABNORMAL_URINE_AMINO_ACID_LEVEL	135	114		
HP_ABNORMAL_URINE_CARBOHYDRATE_LEVEL	41	33		
HP_ABNORMAL_URINE_CARBOXYLIC_ACID_LEVEL	134	121		
HP_ABNORMAL_URINE_HORMONE_LEVEL	19		Rejected!	
HP_ABNORMAL_URINE_MAGNESIUM_CONCENTRATION	9		Rejected!	
HP_ABNORMAL_URINE_METABOLITE_LEVEL	615		Rejected!	
HP_ABNORMAL_URINE_PH	151	133		
HP_ABNORMAL_URINE_PHOSPHATE_CONCENTRATION	33	21		
HP_ABNORMAL_URINE_POTASSIUM_CONCENTRATION	18		Rejected!	
HP_ABNORMAL_URINE_PROTEIN_LEVEL	268	210		
HP_ABNORMAL_URINE_SODIUM_CONCENTRATION	18		Rejected!	
HP_ABNORMAL_UTERINE_CERVIX_MORPHOLOGY	13		Rejected!	
HP_ABNORMAL_UTERUS_MORPHOLOGY	155	121		
HP_ABNORMAL_UVEA_MORPHOLOGY	607		Rejected!	
HP_ABNORMAL_UVULA_MORPHOLOGY	201	175		
HP_ABNORMAL_U_WAVE	5		Rejected!	
HP_ABNORMAL_VAGINA_MORPHOLOGY	129	117		
HP_ABNORMAL_VASCULAR_MORPHOLOGY	1175		Rejected!	
HP_ABNORMAL_VASCULAR_PHYSIOLOGY	351	274		
HP_ABNORMAL_VAS_DEFERENS_MORPHOLOGY	22	15		
HP_ABNORMAL_VENA_CAVA_MORPHOLOGY	86	73		
HP_ABNORMAL_VENOUS_MORPHOLOGY	162	138		
HP_ABNORMAL_VENTRICULAR_AXIS	5		Rejected!	
HP_ABNORMAL_VENTRICULAR_SEPTUM_MORPHOLOGY	526	471		
HP_ABNORMAL_VERTEBRAL_MORPHOLOGY	487	436		
HP_ABNORMAL_VERTEBRAL_SEGMENTATION_AND_FUSION	11		Rejected!	
HP_ABNORMAL_VESTIBULAR_FUNCTION	216	168		
HP_ABNORMAL_VESTIBULOCOCHLEAR_NERVE_MORPHOLOGY	13		Rejected!	
HP_ABNORMAL_VESTIBULO_OCULAR_REFLEX	8		Rejected!	
HP_ABNORMAL_VISUAL_ELECTROPHYSIOLOGY	275	238		
HP_ABNORMAL_VISUAL_FIELD_TEST	21	16		
HP_ABNORMAL_VISUAL_FIXATION	32	26		
HP_ABNORMAL_VITREOUS_HUMOR_MORPHOLOGY	51	46		
HP_ABNORMAL_VOCAL_CORD_MORPHOLOGY	9		Rejected!	
HP_ABNORMAL_WAIST_TO_HIP_RATIO	35	22		
HP_ABNORMAL_WRIST_PHYSIOLOGY	17	15		
HP_ABNORMAL_ZYGOMATIC_BONE_MORPHOLOGY	251	222		
HP_ABNORMAL_Z_DISK_MORPHOLOGY	10		Rejected!	
HP_ABSCESS	79	59		
HP_ABSENCE_OF_LYMPH_NODE_GERMINAL_CENTER	6		Rejected!	
HP_ABSENCE_OF_PUBERTAL_DEVELOPMENT	31	25		
HP_ABSENCE_OF_RENAL_CORTICOMEDULLARY_DIFFERENTIATION	7		Rejected!	
HP_ABSENCE_OF_SECONDARY_SEX_CHARACTERISTICS	44	33		
HP_ABSENCE_OF_STOMACH_BUBBLE_ON_FETAL_SONOGRAPHY	7		Rejected!	
HP_ABSENCE_OF_SUBCUTANEOUS_FAT	18	16		
HP_ABSENCE_OF_THE_SACRUM	11		Rejected!	
HP_ABSENT_AXILLARY_HAIR	13		Rejected!	
HP_ABSENT_BRAINSTEM_AUDITORY_RESPONSES	12		Rejected!	
HP_ABSENT_CELLULAR_IMMUNITY	7		Rejected!	
HP_ABSENT_CIRCULATING_B_CELLS	7		Rejected!	
HP_ABSENT_DISTAL_INTERPHALANGEAL_CREASES	7		Rejected!	
HP_ABSENT_DISTAL_PHALANGES	7		Rejected!	
HP_ABSENT_EARLOBE	19	16		
HP_ABSENT_EPIPHYSES	22	21		
HP_ABSENT_EYEBROW	35	29		
HP_ABSENT_FACIAL_HAIR	38	32		
HP_ABSENT_FINGERNAIL	40	33		
HP_ABSENT_FOVEAL_REFLEX	20		Rejected!	
HP_ABSENT_FRONTAL_SINUSES	8		Rejected!	
HP_ABSENT_HAIR	61	52		
HP_ABSENT_HAND	19	17		
HP_ABSENT_HYPOPLASTIC_PARANASAL_SINUSES	6		Rejected!	
HP_ABSENT_INNER_AND_OUTER_DYNEIN_ARMS	5		Rejected!	
HP_ABSENT_INNER_DYNEIN_ARMS	9		Rejected!	
HP_ABSENT_LACRIMAL_PUNCTUM	6		Rejected!	
HP_ABSENT_NIPPLE	11		Rejected!	
HP_ABSENT_OR_MINIMALLY_OSSIFIED_VERTEBRAL_BODIES	14		Rejected!	
HP_ABSENT_OUTER_DYNEIN_ARMS	14		Rejected!	
HP_ABSENT_PALMAR_CREASE	14		Rejected!	
HP_ABSENT_PATELLAR_REFLEXES	13		Rejected!	
HP_ABSENT_PHALANGEAL_CREASE	16	16		
HP_ABSENT_PUBERTAL_GROWTH_SPURT	5		Rejected!	
HP_ABSENT_PUBIC_HAIR	9		Rejected!	
HP_ABSENT_SEPTUM_PELLUCIDUM	69	64		
HP_ABSENT_SKIN_PIGMENTATION	5		Rejected!	
HP_ABSENT_SPEECH	443	409		
HP_ABSENT_SPERM_FLAGELLA	31	31		
HP_ABSENT_STERNAL_OSSIFICATION	5		Rejected!	
HP_ABSENT_TESTIS	25	21		
HP_ABSENT_THUMB	58	56		
HP_ABSENT_THUMBNAIL	20	17		
HP_ABSENT_TIBIA	7		Rejected!	
HP_ABSENT_TOE	70	64		
HP_ABSENT_TOENAIL	19	15		
HP_ABULIA	10		Rejected!	
HP_ACANTHOCYTOSIS	12		Rejected!	
HP_ACANTHOLYSIS	10		Rejected!	
HP_ACANTHOSIS_NIGRICANS	63	52		
HP_ACCELERATED_ATHEROSCLEROSIS	8		Rejected!	
HP_ACCELERATED_SKELETAL_MATURATION	68	49		
HP_ACCESSORY_ORAL_FRENULUM	19	17		
HP_ACCESSORY_SPLEEN	36	33		
HP_ACEPHALIC_SPERMATOZOA	7		Rejected!	
HP_ACETABULAR_DYSPLASIA	24	18		
HP_ACETABULAR_SPURS	8		Rejected!	
HP_ACHILLES_TENDON_CONTRACTURE	54	49		
HP_ACHOLIC_STOOLS	9		Rejected!	
HP_ACHROMATOPSIA	5		Rejected!	
HP_ACIDEMIA	25	23		
HP_ACNE	68	57		
HP_ACNE_INVERSA	13		Rejected!	
HP_ACQUIRED_ABNORMAL_HAIR_PATTERN	46	35		
HP_ACRAL_BLISTERING	9		Rejected!	
HP_ACRAL_OVERGROWTH	7		Rejected!	
HP_ACRAL_ULCERATION	9		Rejected!	
HP_ACROMELIA	5		Rejected!	
HP_ACROMESOMELIA	5		Rejected!	
HP_ACROMICRIA	13		Rejected!	
HP_ACROPARESTHESIA	10		Rejected!	
HP_ACTION_TREMOR	211	188		
HP_ACUTE_ENCEPHALOPATHY	17	16		
HP_ACUTE_HEPATIC_FAILURE	35	31		
HP_ACUTE_INFECTIOUS_PNEUMONIA	6		Rejected!	
HP_ACUTE_KIDNEY_INJURY	44	37		
HP_ACUTE_LEUKEMIA	119	103		
HP_ACUTE_LYMPHOBLASTIC_LEUKEMIA	38	31		
HP_ACUTE_MYELOID_LEUKEMIA	76	66		
HP_ACUTE_OTITIS_MEDIA	5		Rejected!	
HP_ACUTE_PANCREATITIS	10		Rejected!	
HP_ACUTE_PHASE_RESPONSE	208	152		
HP_ACUTE_RHABDOMYOLYSIS	5		Rejected!	
HP_ADDUCTED_THUMB	102	88		
HP_ADENOCARCINOMA_OF_THE_COLON	35	31		
HP_ADENOCARCINOMA_OF_THE_INTESTINES	43	36		
HP_ADENOCARCINOMA_OF_THE_SMALL_INTESTINE	9		Rejected!	
HP_ADENOMATOUS_COLONIC_POLYPOSIS	17		Rejected!	
HP_ADENOMA_SEBACEUM	25		Rejected!	
HP_ADIPOSE_TISSUE_LOSS	34	29		
HP_ADRENAL_CALCIFICATION	8		Rejected!	
HP_ADRENAL_HYPERPLASIA	25	17		
HP_ADRENAL_HYPOPLASIA	36	32		
HP_ADRENAL_INSUFFICIENCY	81	64		
HP_ADRENOCORTICAL_ABNORMALITY	12		Rejected!	
HP_ADRENOCORTICAL_ADENOMA	9		Rejected!	
HP_ADRENOCORTICAL_CARCINOMA	18		Rejected!	
HP_ADRENOCORTICAL_CYTOMEGALY	5		Rejected!	
HP_ADRENOCORTICOTROPIC_HORMONE_DEFICIENCY	15		Rejected!	
HP_ADRENOCORTICOTROPIC_HORMONE_EXCESS	5		Rejected!	
HP_ADRENOCORTICOTROPIN_DEFICIENT_ADRENAL_INSUFFICIENCY	6		Rejected!	
HP_ADULT_ONSET	915		Rejected!	
HP_ADULT_ONSET_SENSORINEURAL_HEARING_IMPAIRMENT	5		Rejected!	
HP_ADVANCED_ERUPTION_OF_TEETH	46	38		
HP_ADVANCED_OSSIFICATION_OF_CARPAL_BONES	10		Rejected!	
HP_AGAMMAGLOBULINEMIA	20		Rejected!	
HP_AGENESIS_OF_CENTRAL_INCISOR	14		Rejected!	
HP_AGENESIS_OF_CEREBELLAR_VERMIS	18	16		
HP_AGENESIS_OF_CORPUS_CALLOSUM	368	333		
HP_AGENESIS_OF_INCISOR	36	36		
HP_AGENESIS_OF_LATERAL_INCISOR	28	28		
HP_AGENESIS_OF_MAXILLARY_INCISOR	19	19		
HP_AGENESIS_OF_PERMANENT_TEETH	23	22		
HP_AGENESIS_OF_PREMOLAR	13		Rejected!	
HP_AGE_OF_DEATH	454	398		
HP_AGGRESSIVE_BEHAVIOR	301	262		
HP_AGITATION	79	64		
HP_AGYRIA	18	16		
HP_AIRWAY_HYPERRESPONSIVENESS	8		Rejected!	
HP_AIRWAY_OBSTRUCTION	134	108		
HP_AKATHISIA	31	27		
HP_AKINESIA	41	35		
HP_ALACRIMA	18	18		
HP_ALBINISM	20	17		
HP_ALBUMINURIA	23	20		
HP_ALEXIA	7		Rejected!	
HP_ALKALOSIS	30	24		
HP_ALLERGIC_RHINITIS	13		Rejected!	
HP_ALLERGY	42	33		
HP_ALLODYNIA	5		Rejected!	
HP_ALOBAR_HOLOPROSENCEPHALY	9		Rejected!	
HP_ALOPECIA	262	208		
HP_ALOPECIA_OF_SCALP	45	40		
HP_ALOPECIA_TOTALIS	14		Rejected!	
HP_ALOPECIA_UNIVERSALIS	11		Rejected!	
HP_ALTERNATING_ESOTROPIA	10		Rejected!	
HP_ALVEOLAR_CELL_CARCINOMA	18		Rejected!	
HP_ALVEOLAR_RHABDOMYOSARCOMA	5		Rejected!	
HP_ALVEOLAR_RIDGE_OVERGROWTH	15		Rejected!	
HP_ALZHEIMER_DISEASE	9		Rejected!	
HP_AMAUROSIS_FUGAX	41	28		
HP_AMBIGUOUS_GENITALIA	124	107		
HP_AMBIGUOUS_GENITALIA_FEMALE	9		Rejected!	
HP_AMBIGUOUS_GENITALIA_MALE	12		Rejected!	
HP_AMBLYOPIA	119	102		
HP_AMEGAKARYOCYTIC_THROMBOCYTOPENIA	6		Rejected!	
HP_AMELIA	5		Rejected!	
HP_AMELOGENESIS_IMPERFECTA	34	25		
HP_AMENORRHEA	204	162		
HP_AMNIOTIC_CONSTRICTION_RING	11		Rejected!	
HP_AMYLOIDOSIS	50	39		
HP_AMYOTROPHIC_LATERAL_SCLEROSIS	49	42		
HP_AMYOTROPHY_INVOLVING_THE_SHOULDER_MUSCULATURE	5		Rejected!	
HP_ANAL_ATRESIA	145	125		
HP_ANAL_FISSURE	5		Rejected!	
HP_ANAL_FISTULA	9		Rejected!	
HP_ANAL_STENOSIS	34	31		
HP_ANAPHYLACTIC_SHOCK	8		Rejected!	
HP_ANARTHRIA	16		Rejected!	
HP_ANASARCA	10		Rejected!	
HP_ANDROGEN_INSUFFICIENCY	5		Rejected!	
HP_ANEMIA_DUE_TO_REDUCED_LIFE_SPAN_OF_RED_CELLS	171	120		
HP_ANEMIA_OF_INADEQUATE_PRODUCTION	202	172		
HP_ANEMIC_PALLOR	15		Rejected!	
HP_ANENCEPHALY	39	38		
HP_ANGINA_PECTORIS	36	24		
HP_ANGIOEDEMA	13		Rejected!	
HP_ANGIOFIBROMAS	30	17		
HP_ANGIOID_STREAKS_OF_THE_FUNDUS	10		Rejected!	
HP_ANGIOKERATOMA	6		Rejected!	
HP_ANGIOSARCOMA	5		Rejected!	
HP_ANGLE_CLOSURE_GLAUCOMA	7		Rejected!	
HP_ANGULAR_CHEILITIS	13		Rejected!	
HP_ANGULATED_MUSCLE_FIBERS	8		Rejected!	
HP_ANHIDROSIS	38	36		
HP_ANHYDRAMNIOS	6		Rejected!	
HP_ANIRIDIA	45	33		
HP_ANISOCORIA	15		Rejected!	
HP_ANISOCYTOSIS	23	17		
HP_ANISOMETROPIA	11		Rejected!	
HP_ANISOPOIKILOCYTOSIS	10		Rejected!	
HP_ANKLE_CLONUS	61	56		
HP_ANKLE_CONTRACTURE	61	53		
HP_ANKLE_PAIN	6		Rejected!	
HP_ANKLE_SWELLING	12		Rejected!	
HP_ANKLE_WEAKNESS	18	16		
HP_ANKYLOBLEPHARON	16		Rejected!	
HP_ANKYLOGLOSSIA	30	26		
HP_ANKYLOSIS	19	19		
HP_ANNULAR_PANCREAS	26	23		
HP_ANODONTIA	19	18		
HP_ANOMALOUS_TRICHROMACY	11		Rejected!	
HP_ANOMIC_APHASIA	9		Rejected!	
HP_ANONYCHIA	66	58		
HP_ANOPHTHALMIA	70	66		
HP_ANORECTAL_ANOMALY	173	137		
HP_ANOREXIA	123	82		
HP_ANOSMIA	50	45		
HP_ANOTIA	14		Rejected!	
HP_ANTALGIC_GAIT	6		Rejected!	
HP_ANTECUBITAL_PTERYGIUM	7		Rejected!	
HP_ANTENATAL_ONSET	258	215		
HP_ANTERIORLY_PLACED_ANUS	69	61		
HP_ANTERIOR_BEAKING_OF_LUMBAR_VERTEBRAE	5		Rejected!	
HP_ANTERIOR_CHAMBER_SYNECHIAE	32	25		
HP_ANTERIOR_CREASES_OF_EARLOBE	6		Rejected!	
HP_ANTERIOR_ENCEPHALOCELE	18	16		
HP_ANTERIOR_OPEN_BITE_MALOCCLUSION	14		Rejected!	
HP_ANTERIOR_PITUITARY_AGENESIS	10		Rejected!	
HP_ANTERIOR_PITUITARY_HYPOPLASIA	37	31		
HP_ANTERIOR_PLAGIOCEPHALY	5		Rejected!	
HP_ANTERIOR_POLAR_CATARACT	9		Rejected!	
HP_ANTERIOR_RIB_CUPPING	20	17		
HP_ANTERIOR_SUBCAPSULAR_CATARACT	6		Rejected!	
HP_ANTERIOR_SYNECHIAE_OF_THE_ANTERIOR_CHAMBER	13		Rejected!	
HP_ANTERIOR_UVEITIS	18	15		
HP_ANTEVERTED_EARS	16		Rejected!	
HP_ANTIMITOCHONDRIAL_ANTIBODY_POSITIVITY	11		Rejected!	
HP_ANTINEUTROPHIL_ANTIBODY_POSITIVITY	57	39		
HP_ANTINUCLEAR_ANTIBODY_POSITIVITY	75	56		
HP_ANTIPHOSPHOLIPID_ANTIBODY_POSITIVITY	18	15		
HP_ANTI_ACETYLCHOLINE_RECEPTOR_ANTIBODY_POSITIVITY	22	18		
HP_ANTI_GLUTAMIC_ACID_DECARBOXYLASE_ANTIBODY_POSITIVITY	7		Rejected!	
HP_ANTI_MYELOPEROXIDASE_ANTIBODY_POSITIVITY	6		Rejected!	
HP_ANTI_NEUTROPHIL_ELASTASE_ANTIBODY_POSITIVITY	5		Rejected!	
HP_ANTI_SMOOTH_MUSCLE_ANTIBODY_POSITIVITY	8		Rejected!	
HP_ANTI_THYROGLOBULIN_ANTIBODY_POSITIVITY	9		Rejected!	
HP_ANTI_THYROID_ANTIBODY_POSITIVITY	15	15		
HP_ANURIA	13		Rejected!	
HP_AORTIC_ANEURYSM	170	140		
HP_AORTIC_ARCH_ANEURYSM	42	37		
HP_AORTIC_ATHEROSCLEROTIC_LESION	9		Rejected!	
HP_AORTIC_DISSECTION	40	31		
HP_AORTIC_REGURGITATION	103	84		
HP_AORTIC_ROOT_ANEURYSM	71	59		
HP_AORTIC_TORTUOSITY	8		Rejected!	
HP_AORTIC_VALVE_CALCIFICATION	10		Rejected!	
HP_AORTIC_VALVE_STENOSIS	69	59		
HP_AORTOPULMONARY_COLLATERAL_ARTERIES	15		Rejected!	
HP_APATHY	92	75		
HP_APHASIA	103	86		
HP_APHTHOUS_ULCER	9		Rejected!	
HP_APLASIA_CUTIS_CONGENITA	43	38		
HP_APLASIA_CUTIS_CONGENITA_OF_SCALP	21	19		
HP_APLASIA_CUTIS_CONGENITA_ON_TRUNK_OR_LIMBS	6		Rejected!	
HP_APLASIA_CUTIS_CONGENITA_OVER_THE_SCALP_VERTEX	7		Rejected!	
HP_APLASIA_HYPOPLASIA_AFFECTING_BONES_OF_THE_AXIAL_SKELETON	962		Rejected!	
HP_APLASIA_HYPOPLASIA_AFFECTING_THE_ANTERIOR_SEGMENT_OF_THE_EYE	140	118		
HP_APLASIA_HYPOPLASIA_AFFECTING_THE_EYE	494	430		
HP_APLASIA_HYPOPLASIA_AFFECTING_THE_FUNDUS	174	149		
HP_APLASIA_HYPOPLASIA_INVOLVING_BONES_OF_THE_FEET	298	256		
HP_APLASIA_HYPOPLASIA_INVOLVING_BONES_OF_THE_LOWER_LIMBS	396	349		
HP_APLASIA_HYPOPLASIA_INVOLVING_BONES_OF_THE_THORAX	193	176		
HP_APLASIA_HYPOPLASIA_INVOLVING_BONES_OF_THE_UPPER_LIMBS	575		Rejected!	
HP_APLASIA_HYPOPLASIA_INVOLVING_FOREARM_BONES	100	89		
HP_APLASIA_HYPOPLASIA_INVOLVING_THE_CARPAL_BONES	17	17		
HP_APLASIA_HYPOPLASIA_INVOLVING_THE_FEMORAL_HEAD_AND_NECK	48	45		
HP_APLASIA_HYPOPLASIA_INVOLVING_THE_METACARPAL_BONES	145	129		
HP_APLASIA_HYPOPLASIA_INVOLVING_THE_MUSCULATURE_OF_THE_UPPER_LIMBS	6		Rejected!	
HP_APLASIA_HYPOPLASIA_INVOLVING_THE_NOSE	121	106		
HP_APLASIA_HYPOPLASIA_INVOLVING_THE_PELVIS	76	72		
HP_APLASIA_HYPOPLASIA_INVOLVING_THE_SHOULDER_MUSCULATURE	5		Rejected!	
HP_APLASIA_HYPOPLASIA_INVOLVING_THE_SINUSES	16	16		
HP_APLASIA_HYPOPLASIA_INVOLVING_THE_SKELETAL_MUSCULATURE	51	41		
HP_APLASIA_HYPOPLASIA_INVOLVING_THE_SKELETON	1236		Rejected!	
HP_APLASIA_HYPOPLASIA_INVOLVING_THE_VERTEBRAL_COLUMN	74	68		
HP_APLASIA_HYPOPLASIA_OF_FACIAL_BONES	57	51		
HP_APLASIA_HYPOPLASIA_OF_FINGERS	371	324		
HP_APLASIA_HYPOPLASIA_OF_METATARSAL_BONES	66	59		
HP_APLASIA_HYPOPLASIA_OF_THE_2ND_FINGER	19	18		
HP_APLASIA_HYPOPLASIA_OF_THE_2ND_METACARPAL	5		Rejected!	
HP_APLASIA_HYPOPLASIA_OF_THE_3RD_FINGER	7		Rejected!	
HP_APLASIA_HYPOPLASIA_OF_THE_4TH_FINGER	5		Rejected!	
HP_APLASIA_HYPOPLASIA_OF_THE_4TH_METACARPAL	19	16		
HP_APLASIA_HYPOPLASIA_OF_THE_5TH_FINGER	65	57		
HP_APLASIA_HYPOPLASIA_OF_THE_5TH_METACARPAL	16	15		
HP_APLASIA_HYPOPLASIA_OF_THE_ABDOMINAL_WALL_MUSCULATURE	36	31		
HP_APLASIA_HYPOPLASIA_OF_THE_BLADDER	16	15		
HP_APLASIA_HYPOPLASIA_OF_THE_BRAINSTEM	91	79		
HP_APLASIA_HYPOPLASIA_OF_THE_BREASTS	72	59		
HP_APLASIA_HYPOPLASIA_OF_THE_CAPITAL_FEMORAL_EPIPHYSIS	19	19		
HP_APLASIA_HYPOPLASIA_OF_THE_CEREBELLAR_VERMIS	320	285		
HP_APLASIA_HYPOPLASIA_OF_THE_CEREBELLUM	539	484		
HP_APLASIA_HYPOPLASIA_OF_THE_CEREBRAL_WHITE_MATTER	25	17		
HP_APLASIA_HYPOPLASIA_OF_THE_CERVICAL_SPINE	8		Rejected!	
HP_APLASIA_HYPOPLASIA_OF_THE_CLAVICLES	53	47		
HP_APLASIA_HYPOPLASIA_OF_THE_CORPUS_CALLOSUM	777		Rejected!	
HP_APLASIA_HYPOPLASIA_OF_THE_DIAPHRAGM	5		Rejected!	
HP_APLASIA_HYPOPLASIA_OF_THE_DISTAL_PHALANGES_OF_THE_TOES	17	17		
HP_APLASIA_HYPOPLASIA_OF_THE_DISTAL_PHALANX_OF_THE_HALLUX	5		Rejected!	
HP_APLASIA_HYPOPLASIA_OF_THE_EAR	216	198		
HP_APLASIA_HYPOPLASIA_OF_THE_EARLOBES	53	43		
HP_APLASIA_HYPOPLASIA_OF_THE_EPIGLOTTIS	13		Rejected!	
HP_APLASIA_HYPOPLASIA_OF_THE_EXTREMITIES	727		Rejected!	
HP_APLASIA_HYPOPLASIA_OF_THE_EYEBROW	219	182		
HP_APLASIA_HYPOPLASIA_OF_THE_EYELID	44	39		
HP_APLASIA_HYPOPLASIA_OF_THE_FALLOPIAN_TUBE	5		Rejected!	
HP_APLASIA_HYPOPLASIA_OF_THE_FEMUR	75	69		
HP_APLASIA_HYPOPLASIA_OF_THE_FIBULA	31	28		
HP_APLASIA_HYPOPLASIA_OF_THE_GALLBLADDER	7		Rejected!	
HP_APLASIA_HYPOPLASIA_OF_THE_HALLUX	39	36		
HP_APLASIA_HYPOPLASIA_OF_THE_HUMERUS	35	33		
HP_APLASIA_HYPOPLASIA_OF_THE_INNER_EAR	11		Rejected!	
HP_APLASIA_HYPOPLASIA_OF_THE_LENS	20	18		
HP_APLASIA_HYPOPLASIA_OF_THE_LUNGS	162	144		
HP_APLASIA_HYPOPLASIA_OF_THE_MIDDLE_PHALANGES_OF_THE_HAND	61	53		
HP_APLASIA_HYPOPLASIA_OF_THE_MIDDLE_PHALANGES_OF_THE_TOES	7		Rejected!	
HP_APLASIA_HYPOPLASIA_OF_THE_NAILS	261	232		
HP_APLASIA_HYPOPLASIA_OF_THE_NASAL_BONE	7		Rejected!	
HP_APLASIA_HYPOPLASIA_OF_THE_NASAL_SEPTUM	5		Rejected!	
HP_APLASIA_HYPOPLASIA_OF_THE_NIPPLES	58	52		
HP_APLASIA_HYPOPLASIA_OF_THE_OPTIC_NERVE	128	109		
HP_APLASIA_HYPOPLASIA_OF_THE_OVARY	96	80		
HP_APLASIA_HYPOPLASIA_OF_THE_PALMAR_CREASES	18	16		
HP_APLASIA_HYPOPLASIA_OF_THE_PATELLA	33	29		
HP_APLASIA_HYPOPLASIA_OF_THE_PHALANGES_OF_THE_5TH_FINGER	31	27		
HP_APLASIA_HYPOPLASIA_OF_THE_PHALANGES_OF_THE_HALLUX	8		Rejected!	
HP_APLASIA_HYPOPLASIA_OF_THE_PHALANGES_OF_THE_HAND	233	209		
HP_APLASIA_HYPOPLASIA_OF_THE_PHALANGES_OF_THE_THUMB	46	44		
HP_APLASIA_HYPOPLASIA_OF_THE_PHALANGES_OF_THE_TOES	31	26		
HP_APLASIA_HYPOPLASIA_OF_THE_PREMAXILLA	5		Rejected!	
HP_APLASIA_HYPOPLASIA_OF_THE_PROXIMAL_PHALANGES_OF_THE_HAND	15	15		
HP_APLASIA_HYPOPLASIA_OF_THE_PUBIC_BONE	21	20		
HP_APLASIA_HYPOPLASIA_OF_THE_RADIUS	83	73		
HP_APLASIA_HYPOPLASIA_OF_THE_RETINA	55	47		
HP_APLASIA_HYPOPLASIA_OF_THE_RIBS	138	126		
HP_APLASIA_HYPOPLASIA_OF_THE_SACRUM	19	17		
HP_APLASIA_HYPOPLASIA_OF_THE_SCAPULAE	31	30		
HP_APLASIA_HYPOPLASIA_OF_THE_SKIN	208	183		
HP_APLASIA_HYPOPLASIA_OF_THE_SPLEEN	95	83		
HP_APLASIA_HYPOPLASIA_OF_THE_STERNUM	20	19		
HP_APLASIA_HYPOPLASIA_OF_THE_SWEAT_GLANDS	8		Rejected!	
HP_APLASIA_HYPOPLASIA_OF_THE_THUMB	149	133		
HP_APLASIA_HYPOPLASIA_OF_THE_THYMUS	45	38		
HP_APLASIA_HYPOPLASIA_OF_THE_THYROID_GLAND	25	21		
HP_APLASIA_HYPOPLASIA_OF_THE_TIBIA	32	28		
HP_APLASIA_HYPOPLASIA_OF_THE_TONGUE	39	36		
HP_APLASIA_HYPOPLASIA_OF_THE_TRAGUS	8		Rejected!	
HP_APLASIA_HYPOPLASIA_OF_THE_ULNA	60	51		
HP_APLASIA_HYPOPLASIA_OF_THE_UTERUS	81	69		
HP_APLASIA_HYPOPLASIA_OF_THE_UVULA	30	25		
HP_APLASIA_HYPOPLASIA_OF_THE_VAGINA	47	41		
HP_APLASIA_HYPOPLASIA_OF_TOE	138	114		
HP_APLASIA_INVOLVING_BONES_OF_THE_EXTREMITIES	25	23		
HP_APLASIA_INVOLVING_BONES_OF_THE_LOWER_LIMBS	15		Rejected!	
HP_APLASIA_INVOLVING_FOREARM_BONES	28	28		
HP_APLASIA_OF_METACARPAL_BONES	12		Rejected!	
HP_APLASIA_OF_THE_2ND_FINGER	5		Rejected!	
HP_APLASIA_OF_THE_BLADDER	5		Rejected!	
HP_APLASIA_OF_THE_DISTAL_PHALANGES_OF_THE_TOES	5		Rejected!	
HP_APLASIA_OF_THE_LEFT_HEMIDIAPHRAGM	5		Rejected!	
HP_APLASIA_OF_THE_MIDDLE_PHALANX_OF_THE_HAND	8		Rejected!	
HP_APLASIA_OF_THE_MUSCULATURE	12		Rejected!	
HP_APLASIA_OF_THE_NASAL_BONE	5		Rejected!	
HP_APLASIA_OF_THE_OLFACTORY_BULB	14		Rejected!	
HP_APLASIA_OF_THE_OVARY	6		Rejected!	
HP_APLASIA_OF_THE_PECTORALIS_MAJOR_MUSCLE	7		Rejected!	
HP_APLASIA_OF_THE_PHALANGES_OF_THE_HAND	16		Rejected!	
HP_APLASIA_OF_THE_PHALANGES_OF_THE_TOES	8		Rejected!	
HP_APLASIA_OF_THE_PROXIMAL_PHALANGES_OF_THE_HAND	9		Rejected!	
HP_APLASIA_OF_THE_SEMICIRCULAR_CANAL	18	17		
HP_APLASIA_OF_THE_THYMUS	6		Rejected!	
HP_APLASIA_OF_THE_ULNA	5		Rejected!	
HP_APLASIA_OF_THE_UTERUS	23	21		
HP_APLASTIC_ANEMIA	28	24		
HP_APLASTIC_CLAVICLE	19	17		
HP_APLASTIC_HYPOPLASTIC_LACRIMAL_GLANDS	8		Rejected!	
HP_APLASTIC_HYPOPLASTIC_TOENAIL	116	101		
HP_APNEA	240	211		
HP_APNEIC_EPISODES_IN_INFANCY	10		Rejected!	
HP_APNEIC_EPISODES_PRECIPITATED_BY_ILLNESS_FATIGUE_STRESS	12		Rejected!	
HP_APPENDICULAR_HYPOTONIA	25	23		
HP_APPENDICULAR_SPASTICITY	438	385		
HP_APRAXIA	218	196		
HP_AQUEDUCTAL_STENOSIS	28	28		
HP_ARACHNODACTYLY	134	116		
HP_ARACHNOID_HEMANGIOMATOSIS	16		Rejected!	
HP_AREFLEXIA	317	287		
HP_AREFLEXIA_OF_LOWER_LIMBS	96	87		
HP_AREFLEXIA_OF_UPPER_LIMBS	8		Rejected!	
HP_ARM_DYSTONIA	14		Rejected!	
HP_ARRHINENCEPHALY	35	28		
HP_ARTERIAL_DISSECTION	12		Rejected!	
HP_ARTERIAL_RUPTURE	8		Rejected!	
HP_ARTERIAL_STENOSIS	105	78		
HP_ARTERIAL_THROMBOSIS	33	24		
HP_ARTERIA_LUSORIA	7		Rejected!	
HP_ARTERIOSCLEROSIS	89	64		
HP_ARTERIOVENOUS_FISTULA	12		Rejected!	
HP_ARTERIOVENOUS_MALFORMATION	55	43		
HP_ARTERITIS	5		Rejected!	
HP_ARTHRALGIA	204	151		
HP_ARTHRALGIA_OF_THE_HIP	9		Rejected!	
HP_ARTHRITIS	254	195		
HP_ARTHROGRYPOSIS_MULTIPLEX_CONGENITA	128	111		
HP_ARTHROPATHY	78	56		
HP_ASCENDING_TUBULAR_AORTA_ANEURYSM	31	20		
HP_ASCITES	137	117		
HP_ASPIRATION	34	28		
HP_ASPIRATION_PNEUMONIA	95	82		
HP_ASTERIXIS	5		Rejected!	
HP_ASTHENIA	16		Rejected!	
HP_ASTHMA	164	138		
HP_ASTIGMATISM	220	195		
HP_ASTROCYTOMA	25	16		
HP_ASTROCYTOSIS	22	17		
HP_ASYMMETRIC_GROWTH	78	68		
HP_ASYMMETRIC_SEPTAL_HYPERTROPHY	13		Rejected!	
HP_ASYMMETRY_OF_SPINAL_FACET_JOINTS	5		Rejected!	
HP_ASYMMETRY_OF_THE_EARS	7		Rejected!	
HP_ASYMMETRY_OF_THE_THORAX	11		Rejected!	
HP_ATELECTASIS	78	66		
HP_ATHETOSIS	167	148		
HP_ATLANTOAXIAL_ABNORMALITY	14		Rejected!	
HP_ATLANTOAXIAL_DISLOCATION	7		Rejected!	
HP_ATLANTOAXIAL_INSTABILITY	6		Rejected!	
HP_ATONIC_SEIZURE	96	87		
HP_ATOPIC_DERMATITIS	39	32		
HP_ATRESIA_OF_THE_EXTERNAL_AUDITORY_CANAL	58	55		
HP_ATRIAL_ARRHYTHMIA	93	70		
HP_ATRIAL_FLUTTER	21		Rejected!	
HP_ATRIAL_STANDSTILL	6		Rejected!	
HP_ATRIOVENTRICULAR_CANAL_DEFECT	66	59		
HP_ATROPHIC_GASTRITIS	7		Rejected!	
HP_ATROPHIC_SCARS	38	35		
HP_ATROPHY_DEGENERATION_AFFECTING_THE_BRAINSTEM	39	37		
HP_ATROPHY_DEGENERATION_AFFECTING_THE_CENTRAL_NERVOUS_SYSTEM	897		Rejected!	
HP_ATROPHY_DEGENERATION_AFFECTING_THE_CEREBRUM	708		Rejected!	
HP_ATROPHY_DEGENERATION_INVOLVING_THE_CAUDATE_NUCLEUS	19		Rejected!	
HP_ATROPHY_DEGENERATION_INVOLVING_THE_CORTICOSPINAL_TRACTS	42	37		
HP_ATROPHY_DEGENERATION_INVOLVING_THE_SPINAL_CORD	21	21		
HP_ATROPHY_OF_ALVEOLAR_RIDGES	5		Rejected!	
HP_ATTACHED_EARLOBE	7		Rejected!	
HP_ATTENTION_DEFICIT_HYPERACTIVITY_DISORDER	417	361		
HP_ATTENUATION_OF_RETINAL_BLOOD_VESSELS	141	121		
HP_ATYPICAL_ABSENCE_SEIZURE	36	30		
HP_ATYPICAL_BEHAVIOR	1637		Rejected!	
HP_ATYPICAL_NEVI_IN_NON_SUN_EXPOSED_AREAS	5		Rejected!	
HP_ATYPICAL_SCARRING_OF_SKIN	75	65		
HP_AUDITORY_HALLUCINATION	16	15		
HP_AUDITORY_HYPERSENSITIVITY	38	32		
HP_AUTISM	265	226		
HP_AUTOAMPUTATION	17		Rejected!	
HP_AUTOAMPUTATION_OF_DIGITS	14		Rejected!	
HP_AUTOIMMUNE_ANTIBODY_POSITIVITY	181	137		
HP_AUTOIMMUNE_HEMOLYTIC_ANEMIA	44	34		
HP_AUTOIMMUNE_NEUTROPENIA	21	16		
HP_AUTOIMMUNE_THROMBOCYTOPENIA	48	36		
HP_AUTOIMMUNITY	316	245		
HP_AUTOPHAGIC_VACUOLES	8		Rejected!	
HP_AVASCULAR_NECROSIS	92	78		
HP_AVASCULAR_NECROSIS_OF_THE_CAPITAL_FEMORAL_EPIPHYSIS	30	28		
HP_AV_NODAL_TACHYCARDIA	6		Rejected!	
HP_AXIAL_DYSTONIA	16	15		
HP_AXIAL_HYPOTONIA	338	298		
HP_AXIAL_MUSCLE_WEAKNESS	53	40		
HP_AXILLARY_FRECKLING	5		Rejected!	
HP_AXILLARY_PTERYGIUM	11		Rejected!	
HP_AXONAL_DEGENERATION	23	22		
HP_AXONAL_DEGENERATION_REGENERATION	9		Rejected!	
HP_AXONAL_LOSS	20	16		
HP_AXONAL_REGENERATION	7		Rejected!	
HP_AZOOSPERMIA	141	98		
HP_BABINSKI_SIGN	302	268		
HP_BACK_PAIN	76	58		
HP_BAND_KERATOPATHY	14		Rejected!	
HP_BARREL_SHAPED_CHEST	23	21		
HP_BARRETT_ESOPHAGUS	6		Rejected!	
HP_BASAL_CELL_CARCINOMA	58	42		
HP_BASAL_GANGLIA_CALCIFICATION	55	40		
HP_BASAL_GANGLIA_CYSTS	8		Rejected!	
HP_BASAL_GANGLIA_GLIOSIS	11		Rejected!	
HP_BASILAR_IMPRESSION	5		Rejected!	
HP_BCGITIS	14		Rejected!	
HP_BCGOSIS	11		Rejected!	
HP_BEAKING_OF_VERTEBRAL_BODIES	27	25		
HP_BEEVOR_S_SIGN	5		Rejected!	
HP_BELL_SHAPED_THORAX	33	32		
HP_BENIGN_NEOPLASM_OF_THE_CENTRAL_NERVOUS_SYSTEM	104	73		
HP_BICARBONATE_WASTING_RENAL_TUBULAR_ACIDOSIS	5		Rejected!	
HP_BICONCAVE_VERTEBRAL_BODIES	26	24		
HP_BICONVEX_VERTEBRAL_BODIES	5		Rejected!	
HP_BICORNUATE_UTERUS	52	44		
HP_BICORONAL_SYNOSTOSIS	11		Rejected!	
HP_BIFID_DISTAL_PHALANX_OF_THE_THUMB	5		Rejected!	
HP_BIFID_EPIGLOTTIS	7		Rejected!	
HP_BIFID_NASAL_TIP	19	16		
HP_BIFID_NOSE	12		Rejected!	
HP_BIFID_RIBS	17		Rejected!	
HP_BIFID_SCROTUM	35	31		
HP_BIFID_TONGUE	25	24		
HP_BIFID_URETER	5		Rejected!	
HP_BIFID_UVULA	169	148		
HP_BILATERAL_CAMPTODACTYLY	6		Rejected!	
HP_BILATERAL_CHOANAL_ATRESIA	9		Rejected!	
HP_BILATERAL_CLEFT_LIP	17	16		
HP_BILATERAL_CONDUCTIVE_HEARING_IMPAIRMENT	8		Rejected!	
HP_BILATERAL_COXA_VALGA	13		Rejected!	
HP_BILATERAL_CRYPTORCHIDISM	54	49		
HP_BILATERAL_MICROPHTHALMOS	26	23		
HP_BILATERAL_POLYMICROGYRIA	5		Rejected!	
HP_BILATERAL_PTOSIS	68	58		
HP_BILATERAL_RENAL_AGENESIS	10		Rejected!	
HP_BILATERAL_RENAL_HYPOPLASIA	6		Rejected!	
HP_BILATERAL_SENSORINEURAL_HEARING_IMPAIRMENT	87	70		
HP_BILATERAL_SINGLE_TRANSVERSE_PALMAR_CREASES	64	60		
HP_BILATERAL_SUPERIOR_VENA_CAVA	12		Rejected!	
HP_BILATERAL_TALIPES_EQUINOVARUS	50	45		
HP_BILATERAL_TONIC_CLONIC_SEIZURE	399	344		
HP_BILATERAL_TONIC_CLONIC_SEIZURE_WITH_FOCAL_ONSET	54	44		
HP_BILATERAL_TONIC_CLONIC_SEIZURE_WITH_GENERALIZED_ONSET	55	47		
HP_BILE_DUCT_PROLIFERATION	21	21		
HP_BILIARY_ATRESIA	12		Rejected!	
HP_BILIARY_CIRRHOSIS	20	20		
HP_BILIARY_TRACT_ABNORMALITY	112	99		
HP_BILIARY_TRACT_NEOPLASM	16		Rejected!	
HP_BIPARIETAL_NARROWING	64	61		
HP_BIPOLAR_AFFECTIVE_DISORDER	44	35		
HP_BIRD_LIKE_FACIES	18	17		
HP_BIRTH_LENGTH_GREATER_THAN_97TH_PERCENTILE	5		Rejected!	
HP_BIRTH_LENGTH_LESS_THAN_3RD_PERCENTILE	15		Rejected!	
HP_BIVENTRICULAR_HYPERTROPHY	13		Rejected!	
HP_BLADDER_DIVERTICULUM	36	33		
HP_BLADDER_NEOPLASM	34	25		
HP_BLEEDING_WITH_MINOR_OR_NO_TRAUMA	8		Rejected!	
HP_BLEPHARITIS	53	48		
HP_BLEPHAROCHALASIS	8		Rejected!	
HP_BLEPHAROPHIMOSIS	131	117		
HP_BLINDNESS	297	256		
HP_BLIND_VAGINA	5		Rejected!	
HP_BLISTERING_BY_ANATOMICAL_LOCATION	26	20		
HP_BLISTERING_BY_HISTOLOGICAL_LOCATION	12		Rejected!	
HP_BLOCK_VERTEBRAE	6		Rejected!	
HP_BLOODY_DIARRHEA	51	39		
HP_BLUE_IRIDES	55	50		
HP_BLUE_NEVUS	11		Rejected!	
HP_BLUE_SCLERAE	108	94		
HP_BLURRED_VISION	46	38		
HP_BODY_ODOR	5		Rejected!	
HP_BONE_CYST	30	19		
HP_BONE_FRACTURE	22	19		
HP_BONE_MARROW_FOAM_CELLS	5		Rejected!	
HP_BONE_MARROW_HYPERCELLULARITY	28	23		
HP_BONE_MARROW_HYPOCELLULARITY	70	57		
HP_BONE_MARROW_MATURATION_ARREST	9		Rejected!	
HP_BONE_PAIN	90	75		
HP_BONE_SPICULE_PIGMENTATION_OF_THE_RETINA	127	109		
HP_BOWED_FOREARM_BONES	38	35		
HP_BOWED_HUMERUS	10		Rejected!	
HP_BOWEL_DIVERTICULOSIS	37	29		
HP_BOWING_OF_THE_ARM	47	43		
HP_BOWING_OF_THE_LEGS	256	226		
HP_BOWING_OF_THE_VOCAL_CORDS	5		Rejected!	
HP_BRACHYCEPHALY	256	224		
HP_BRACHYDACTYLY	394	343		
HP_BRACHYTURRICEPHALY	9		Rejected!	
HP_BRADYCARDIA	100	74		
HP_BRADYKINESIA	117	97		
HP_BRAIN_IMAGING_ABNORMALITY	170	148		
HP_BRAIN_NEOPLASM	16		Rejected!	
HP_BRAIN_STEM_COMPRESSION	14		Rejected!	
HP_BRANCHIAL_ANOMALY	19	17		
HP_BRANCHIAL_CYST	6		Rejected!	
HP_BRANCHIAL_FISTULA	10		Rejected!	
HP_BRANCHIAL_SINUS	5		Rejected!	
HP_BREAST_APLASIA	17		Rejected!	
HP_BREAST_CARCINOMA	71	52		
HP_BREAST_HYPOPLASIA	46	39		
HP_BREATHING_DYSREGULATION	20	15		
HP_BREECH_PRESENTATION	57	42		
HP_BRISK_REFLEXES	108	96		
HP_BRITTLE_HAIR	56	50		
HP_BROAD_ALVEOLAR_RIDGES	15		Rejected!	
HP_BROAD_BASED_GAIT	120	107		
HP_BROAD_CHIN	11		Rejected!	
HP_BROAD_CLAVICLES	11		Rejected!	
HP_BROAD_COLUMELLA	14		Rejected!	
HP_BROAD_DISTAL_PHALANX_OF_FINGER	27	24		
HP_BROAD_DISTAL_PHALANX_OF_THE_TOES	5		Rejected!	
HP_BROAD_EYEBROW	30	27		
HP_BROAD_FACE	18	16		
HP_BROAD_FEMORAL_NECK	17	16		
HP_BROAD_FINGER	139	123		
HP_BROAD_FIRST_METATARSAL	6		Rejected!	
HP_BROAD_FOOT	37	33		
HP_BROAD_FOREHEAD	209	184		
HP_BROAD_HALLUX_PHALANX	21	20		
HP_BROAD_ISCHIA	5		Rejected!	
HP_BROAD_JAW	6		Rejected!	
HP_BROAD_LONG_BONES	155	137		
HP_BROAD_METACARPALS	19	17		
HP_BROAD_METATARSAL	13		Rejected!	
HP_BROAD_NAIL	10		Rejected!	
HP_BROAD_NASAL_TIP	164	143		
HP_BROAD_NECK	31	31		
HP_BROAD_PALM	39	35		
HP_BROAD_PHALANGES_OF_THE_HAND	115	102		
HP_BROAD_PHALANX_OF_THE_TOES	44	39		
HP_BROAD_PHILTRUM	46	40		
HP_BROAD_RIBS	27	25		
HP_BROAD_THUMB	90	80		
HP_BROAD_TOE	88	77		
HP_BRONCHIAL_WALL_THICKENING	7		Rejected!	
HP_BRONCHIECTASIS	179	142		
HP_BRONCHITIS	78	65		
HP_BRONCHOMALACIA	24	22		
HP_BRUISING_SUSCEPTIBILITY	180	150		
HP_BRUSHFIELD_SPOTS	14		Rejected!	
HP_BRUXISM	39	33		
HP_BUDD_CHIARI_SYNDROME	7		Rejected!	
HP_BULBAR_PALSY	43	38		
HP_BULBAR_SIGNS	44	36		
HP_BULBOUS_NOSE	204	178		
HP_BULIMIA	6		Rejected!	
HP_BULL_S_EYE_MACULOPATHY	13		Rejected!	
HP_BUNDLE_BRANCH_BLOCK	78	58		
HP_BUPHTHALMOS	28	25		
HP_BURKITT_LYMPHOMA	8		Rejected!	
HP_BUTTERFLY_VERTEBRAE	21	20		
HP_B_CELL_LYMPHOMA	22	16		
HP_C1_C2_SUBLUXATION	7		Rejected!	
HP_C1_C2_VERTEBRAL_ABNORMALITY	9		Rejected!	
HP_CACHEXIA	99	85		
HP_CAESAREAN_SECTION	18	15		
HP_CAFE_AU_LAIT_SPOT	131	100		
HP_CALCIFICATION_OF_CARTILAGE	12		Rejected!	
HP_CALCIFICATION_OF_FALX_CEREBRI	7		Rejected!	
HP_CALCIFICATION_OF_THE_AORTA	23		Rejected!	
HP_CALCIFIC_STIPPLING	5		Rejected!	
HP_CALCINOSIS	11		Rejected!	
HP_CALCIUM_NEPHROLITHIASIS	18	17		
HP_CALF_MUSCLE_HYPERTROPHY	51	42		
HP_CALF_MUSCLE_PSEUDOHYPERTROPHY	20	16		
HP_CALVARIAL_HYPEROSTOSIS	9		Rejected!	
HP_CALVARIAL_OSTEOSCLEROSIS	8		Rejected!	
HP_CALVARIAL_SKULL_DEFECT	28	27		
HP_CAMPTOCORMIA	10		Rejected!	
HP_CAMPTODACTYLY_OF_TOE	17	15		
HP_CANDIDA_ESOPHAGITIS	5		Rejected!	
HP_CAPILLARY_FRAGILITY	7		Rejected!	
HP_CAPILLARY_HEMANGIOMA	39	31		
HP_CAPILLARY_MALFORMATION	61	54		
HP_CARCINOID_TUMOR	12		Rejected!	
HP_CARDIAC_AMYLOIDOSIS	5		Rejected!	
HP_CARDIAC_ARREST	158	116		
HP_CARDIAC_CONDUCTION_ABNORMALITY	166	123		
HP_CARDIAC_DIVERTICULUM	18		Rejected!	
HP_CARDIAC_RHABDOMYOMA	5		Rejected!	
HP_CARDIAC_SHUNT	15		Rejected!	
HP_CARDIAC_VALVE_CALCIFICATION	13		Rejected!	
HP_CARDIOGENIC_SHOCK	8		Rejected!	
HP_CARDIOMEGALY	136	108		
HP_CARDIOMYOCYTE_HYPERTROPHY	9		Rejected!	
HP_CARDIORESPIRATORY_ARREST	13		Rejected!	
HP_CARDIOVASCULAR_CALCIFICATION	38	23		
HP_CARIOUS_TEETH	172	150		
HP_CAROTID_ARTERY_DILATATION	23	16		
HP_CAROTID_ARTERY_STENOSIS	7		Rejected!	
HP_CAROTID_ARTERY_TORTUOSITY	5		Rejected!	
HP_CARPAL_BONE_HYPOPLASIA	13		Rejected!	
HP_CARPAL_SYNOSTOSIS	39	36		
HP_CATAPLEXY	12		Rejected!	
HP_CAUDAL_APPENDAGE	6		Rejected!	
HP_CAUDATE_ATROPHY	15		Rejected!	
HP_CAVERNOUS_HEMANGIOMA	32	24		
HP_CAVUM_SEPTUM_PELLUCIDUM	34	29		
HP_CELIAC_DISEASE	59	54		
HP_CELLULAR_IMMUNODEFICIENCY	39	29		
HP_CELLULITIS	50	38		
HP_CENTRALLY_NUCLEATED_SKELETAL_MUSCLE_FIBERS	60	49		
HP_CENTRAL_ADRENAL_INSUFFICIENCY	18	16		
HP_CENTRAL_APNEA	43	40		
HP_CENTRAL_DIABETES_INSIPIDUS	22	18		
HP_CENTRAL_HETEROCHROMIA	5		Rejected!	
HP_CENTRAL_HYPOTHYROIDISM	75	64		
HP_CENTRAL_HYPOVENTILATION	12		Rejected!	
HP_CENTRAL_NERVOUS_SYSTEM_CYST	217	193		
HP_CENTRAL_OPACIFICATION_OF_THE_CORNEA	21	17		
HP_CENTRAL_PRIMITIVE_NEUROECTODERMAL_TUMOR	6		Rejected!	
HP_CENTRAL_SCOTOMA	72	57		
HP_CENTRAL_SLEEP_APNEA	31	26		
HP_CENTRAL_Y_SHAPED_METACARPAL	11		Rejected!	
HP_CENTROCECAL_SCOTOMA	13		Rejected!	
HP_CEPHALOHEMATOMA	10		Rejected!	
HP_CEREBELLAR_ATROPHY	460	419		
HP_CEREBELLAR_CALCIFICATIONS	12		Rejected!	
HP_CEREBELLAR_CORTICAL_ATROPHY	8		Rejected!	
HP_CEREBELLAR_CYST	167	149		
HP_CEREBELLAR_DENTATE_NUCLEUS_CALCIFICATION	7		Rejected!	
HP_CEREBELLAR_DYSPLASIA	23	22		
HP_CEREBELLAR_HEMISPHERE_HYPOPLASIA	8		Rejected!	
HP_CEREBELLAR_HEMORRHAGE	6		Rejected!	
HP_CEREBELLAR_MALFORMATION	267	234		
HP_CEREBELLAR_VERMIS_ATROPHY	61	52		
HP_CEREBRAL_AMYLOID_ANGIOPATHY	5		Rejected!	
HP_CEREBRAL_ARTERIOVENOUS_MALFORMATION	8		Rejected!	
HP_CEREBRAL_BERRY_ANEURYSM	6		Rejected!	
HP_CEREBRAL_CALCIFICATION	152	122		
HP_CEREBRAL_CAVERNOUS_MALFORMATION	5		Rejected!	
HP_CEREBRAL_CORTICAL_ATROPHY	347	310		
HP_CEREBRAL_CORTICAL_HEMIATROPHY	6		Rejected!	
HP_CEREBRAL_DYSMYELINATION	19	18		
HP_CEREBRAL_EDEMA	32	29		
HP_CEREBRAL_HAMARTOMA	21	17		
HP_CEREBRAL_HEMORRHAGE	72	50		
HP_CEREBRAL_HYPOMYELINATION	31	28		
HP_CEREBRAL_HYPOPLASIA	55	51		
HP_CEREBRAL_INCLUSION_BODIES	52	43		
HP_CEREBRAL_INFARCT	41	29		
HP_CEREBRAL_PALSY	180	157		
HP_CEREBRAL_VENOUS_THROMBOSIS	8		Rejected!	
HP_CEREBRAL_VISUAL_IMPAIRMENT	180	159		
HP_CEREBRAL_WHITE_MATTER_ATROPHY	53	51		
HP_CEREBRAL_WHITE_MATTER_HYPOPLASIA	11		Rejected!	
HP_CERVICAL_C2_C3_VERTEBRAL_FUSION	13		Rejected!	
HP_CERVICAL_CORD_COMPRESSION	9		Rejected!	
HP_CERVICAL_KYPHOSIS	9		Rejected!	
HP_CERVICAL_LYMPHADENOPATHY	10		Rejected!	
HP_CERVICAL_MYELOPATHY	8		Rejected!	
HP_CERVICAL_NEOPLASM	7		Rejected!	
HP_CERVICAL_RIBS	14		Rejected!	
HP_CERVICAL_SPINAL_CANAL_STENOSIS	11		Rejected!	
HP_CERVICAL_SPINAL_CORD_ATROPHY	5		Rejected!	
HP_CERVICAL_SPINE_INSTABILITY	10		Rejected!	
HP_CERVICAL_SUBLUXATION	11		Rejected!	
HP_CESSATION_OF_HEAD_GROWTH	6		Rejected!	
HP_CHEILITIS	59	40		
HP_CHERRY_RED_SPOT_OF_THE_MACULA	13		Rejected!	
HP_CHEST_PAIN	137	92		
HP_CHIARI_MALFORMATION	109	94		
HP_CHIARI_TYPE_I_MALFORMATION	50	43		
HP_CHILBLAINS	12		Rejected!	
HP_CHILDHOOD_ONSET	958		Rejected!	
HP_CHILDHOOD_ONSET_SENSORINEURAL_HEARING_IMPAIRMENT	20	20		
HP_CHILDHOOD_ONSET_TRUNCAL_OBESITY	31	30		
HP_CHILLS	21	17		
HP_CHIN_WITH_HORIZONTAL_CREASE	10		Rejected!	
HP_CHIN_WITH_H_SHAPED_CREASE	5		Rejected!	
HP_CHOANAL_ATRESIA	124	113		
HP_CHOANAL_STENOSIS	28	28		
HP_CHOKING_EPISODES	17		Rejected!	
HP_CHOLANGIOCARCINOMA	8		Rejected!	
HP_CHOLANGITIS	28	24		
HP_CHOLECYSTITIS	20	17		
HP_CHOLESTASIS	289	239		
HP_CHOLESTATIC_LIVER_DISEASE	18	16		
HP_CHONDROCALCINOSIS	22	17		
HP_CHONDROSARCOMA	7		Rejected!	
HP_CHORDEE	22	22		
HP_CHOREA	249	206		
HP_CHOREOATHETOSIS	124	107		
HP_CHORIOCAPILLARIS_ATROPHY	8		Rejected!	
HP_CHORIOCARCINOMA	8		Rejected!	
HP_CHORIORETINAL_ATROPHY	44	35		
HP_CHORIORETINAL_COLOBOMA	51	46		
HP_CHORIORETINAL_DEGENERATION	54	43		
HP_CHORIORETINAL_DYSPLASIA	21	20		
HP_CHORIORETINAL_HYPOPIGMENTATION	12		Rejected!	
HP_CHOROIDAL_HEMANGIOMA	5		Rejected!	
HP_CHOROIDAL_NEOVASCULARIZATION	23	20		
HP_CHOROIDEREMIA	8		Rejected!	
HP_CHOROID_PLEXUS_CARCINOMA	5		Rejected!	
HP_CHOROID_PLEXUS_CYST	11		Rejected!	
HP_CHROMOSOMAL_BREAKAGE_INDUCED_BY_CROSSLINKING_AGENTS	16		Rejected!	
HP_CHROMOSOMAL_BREAKAGE_INDUCED_BY_IONIZING_RADIATION	13		Rejected!	
HP_CHROMOSOME_BREAKAGE	38	32		
HP_CHRONIC_ACIDOSIS	5		Rejected!	
HP_CHRONIC_AXONAL_NEUROPATHY	7		Rejected!	
HP_CHRONIC_BRONCHITIS	29	28		
HP_CHRONIC_CONSTIPATION	120	103		
HP_CHRONIC_COUGH	5		Rejected!	
HP_CHRONIC_CSF_LYMPHOCYTOSIS	9		Rejected!	
HP_CHRONIC_DIARRHEA	113	91		
HP_CHRONIC_FATIGUE	25		Rejected!	
HP_CHRONIC_FURUNCULOSIS	5		Rejected!	
HP_CHRONIC_GASTRITIS	5		Rejected!	
HP_CHRONIC_HEMOLYTIC_ANEMIA	6		Rejected!	
HP_CHRONIC_HEPATIC_FAILURE	14		Rejected!	
HP_CHRONIC_HEPATITIS	12		Rejected!	
HP_CHRONIC_HEPATITIS_DUE_TO_CRYPTOSPORIDIUM_INFECTION	5		Rejected!	
HP_CHRONIC_INFECTION	24	20		
HP_CHRONIC_KIDNEY_DISEASE	197	171		
HP_CHRONIC_LEUKEMIA	23	18		
HP_CHRONIC_LUNG_DISEASE	43	39		
HP_CHRONIC_LYMPHATIC_LEUKEMIA	16		Rejected!	
HP_CHRONIC_MYELOGENOUS_LEUKEMIA	5		Rejected!	
HP_CHRONIC_NONINFECTIOUS_LYMPHADENOPATHY	9		Rejected!	
HP_CHRONIC_ORAL_CANDIDIASIS	34	22		
HP_CHRONIC_OTITIS_MEDIA	156	124		
HP_CHRONIC_PAIN	12		Rejected!	
HP_CHRONIC_PANCREATITIS	6		Rejected!	
HP_CHRONIC_PULMONARY_OBSTRUCTION	37	31		
HP_CHRONIC_RHINITIS	61	54		
HP_CHRONIC_SINUSITIS	71	60		
HP_CHYLOTHORAX	18		Rejected!	
HP_CIGARETTE_PAPER_SCARS	10		Rejected!	
HP_CIRRHOSIS	168	141		
HP_CLASS_III_OBESITY	9		Rejected!	
HP_CLAW_HAND_DEFORMITY	10		Rejected!	
HP_CLEFT_ALA_NASI	6		Rejected!	
HP_CLEFT_EARLOBE	5		Rejected!	
HP_CLEFT_LIP	222	209		
HP_CLEFT_PALATE	613		Rejected!	
HP_CLEFT_SOFT_PALATE	60	59		
HP_CLEFT_UPPER_LIP	160	149		
HP_CLINODACTYLY	577		Rejected!	
HP_CLINODACTYLY_OF_THE_2ND_FINGER	9		Rejected!	
HP_CLINODACTYLY_OF_THE_3RD_FINGER	7		Rejected!	
HP_CLINODACTYLY_OF_THE_4TH_TOE	5		Rejected!	
HP_CLINODACTYLY_OF_THE_5TH_TOE	13		Rejected!	
HP_CLITORAL_HYPERTROPHY	70	61		
HP_CLITORAL_HYPOPLASIA	32	25		
HP_CLONIC_SEIZURE	83	71		
HP_CLONUS	131	118		
HP_CLOSED_NEURAL_TUBE_DEFECT	61	55		
HP_CLOVERLEAF_SKULL	8		Rejected!	
HP_CLUBBING	150	122		
HP_CLUBBING_OF_FINGERS	39	29		
HP_CLUBBING_OF_TOES	30	25		
HP_CLUMSINESS	86	72		
HP_CNS_DEMYELINATION	42	38		
HP_CNS_HYPOMYELINATION	93	85		
HP_COARCTATION_OF_AORTA	154	138		
HP_COARSE_FACIAL_FEATURES	244	216		
HP_COARSE_HAIR	58	53		
HP_COBBLESTONE_LIKE_HYPERKERATOSIS	5		Rejected!	
HP_COCHLEAR_MALFORMATION	11		Rejected!	
HP_COGNITIVE_DISTORTION	34	29		
HP_COGNITIVE_IMPAIRMENT	1041		Rejected!	
HP_COGWHEEL_RIGIDITY	32	26		
HP_COILED_SPERM_FLAGELLA	36	32		
HP_COLDNESS	8		Rejected!	
HP_COLD_INDUCED_MUSCLE_CRAMPS	7		Rejected!	
HP_COLITIS	83	72		
HP_COLLECTIONISM	10		Rejected!	
HP_COLOBOMA	249	221		
HP_COLON_CANCER	40	28		
HP_COLON_PERFORATION	15		Rejected!	
HP_COLORECTAL_POLYPOSIS	24		Rejected!	
HP_COLOR_VISION_DEFECT	218	190		
HP_COLOR_VISION_TEST_ABNORMALITY	10		Rejected!	
HP_COLPOCEPHALY	36	32		
HP_COMA	99	83		
HP_COMBINED_IMMUNODEFICIENCY	41	30		
HP_COMMON_ATRIUM	13		Rejected!	
HP_COMMUNICATING_HYDROCEPHALUS	24	19		
HP_COMPENSATED_HYPOTHYROIDISM	9		Rejected!	
HP_COMPENSATORY_HEAD_POSTURE	24	17		
HP_COMPLETE_ATRIOVENTRICULAR_CANAL_DEFECT	18	15		
HP_COMPLETE_DUPLICATION_OF_PHALANX_OF_HAND	13		Rejected!	
HP_COMPLETE_OR_NEAR_COMPLETE_ABSENCE_OF_SPECIFIC_ANTIBODY_RESPONSE_TO_TETANUS_VACCINE	11		Rejected!	
HP_COMPLETE_OR_NEAR_COMPLETE_ABSENCE_OF_SPECIFIC_ANTIBODY_RESPONSE_TO_UNCONJUGATED_PNEUMOCOCCUS_VACCINE	6		Rejected!	
HP_COMPLETE_RIGHT_BUNDLE_BRANCH_BLOCK	57	41		
HP_COMPLEX_FEBRILE_SEIZURE	16		Rejected!	
HP_COMPULSIVE_BEHAVIORS	162	147		
HP_CONCAVE_NAIL	19	17		
HP_CONCAVE_NASAL_RIDGE	24	20		
HP_CONCENTRIC_HYPERTROPHIC_CARDIOMYOPATHY	20		Rejected!	
HP_CONE_CONE_ROD_DYSTROPHY	55	46		
HP_CONE_SHAPED_EPIPHYSES_OF_THE_PHALANGES_OF_THE_HAND	31	28		
HP_CONE_SHAPED_EPIPHYSIS	81	72		
HP_CONE_SHAPED_METACARPAL_EPIPHYSES	5		Rejected!	
HP_CONFETTI_LIKE_HYPOPIGMENTED_MACULES	9		Rejected!	
HP_CONFUSION	77	61		
HP_CONFUSIONAL_AROUSAL	9		Rejected!	
HP_CONGENITAL_ABNORMAL_HAIR_PATTERN	328	288		
HP_CONGENITAL_ADRENAL_HYPERPLASIA	5		Rejected!	
HP_CONGENITAL_BILATERAL_HIP_DISLOCATION	7		Rejected!	
HP_CONGENITAL_BLINDNESS	8		Rejected!	
HP_CONGENITAL_CONTRACTURE	165	142		
HP_CONGENITAL_DIAPHRAGMATIC_HERNIA	101	92		
HP_CONGENITAL_FIBROSIS_OF_EXTRAOCULAR_MUSCLES	6		Rejected!	
HP_CONGENITAL_FINGER_FLEXION_CONTRACTURES	11		Rejected!	
HP_CONGENITAL_GIANT_MELANOCYTIC_NEVUS	7		Rejected!	
HP_CONGENITAL_HEMOLYTIC_ANEMIA	8		Rejected!	
HP_CONGENITAL_HEPATIC_FIBROSIS	46	44		
HP_CONGENITAL_HIP_DISLOCATION	85	77		
HP_CONGENITAL_HYPOPLASTIC_ANEMIA	5		Rejected!	
HP_CONGENITAL_HYPOTHYROIDISM	32	24		
HP_CONGENITAL_ICHTHYOSIFORM_ERYTHRODERMA	33	26		
HP_CONGENITAL_LARYNGEAL_STRIDOR	8		Rejected!	
HP_CONGENITAL_LOCALIZED_ABSENCE_OF_SKIN	9		Rejected!	
HP_CONGENITAL_MALFORMATION_OF_THE_GREAT_ARTERIES	532	473		
HP_CONGENITAL_MALFORMATION_OF_THE_RIGHT_HEART	93	81		
HP_CONGENITAL_MUSCULAR_TORTICOLLIS	8		Rejected!	
HP_CONGENITAL_NONBULLOUS_ICHTHYOSIFORM_ERYTHRODERMA	24	20		
HP_CONGENITAL_NYSTAGMUS	23	19		
HP_CONGENITAL_ONSET	1112		Rejected!	
HP_CONGENITAL_POSTERIOR_URETHRAL_VALVE	8		Rejected!	
HP_CONGENITAL_PTOSIS	5		Rejected!	
HP_CONGENITAL_SENSORINEURAL_HEARING_IMPAIRMENT	58	48		
HP_CONGENITAL_STATIONARY_NIGHT_BLINDNESS	21	16		
HP_CONGENITAL_THROMBOCYTOPENIA	6		Rejected!	
HP_CONGESTIVE_HEART_FAILURE	270	200		
HP_CONICAL_INCISOR	40	38		
HP_CONICAL_TOOTH	56	53		
HP_CONJUGATED_HYPERBILIRUBINEMIA	40	37		
HP_CONJUNCTIVAL_HAMARTOMA	11		Rejected!	
HP_CONJUNCTIVAL_HYPEREMIA	7		Rejected!	
HP_CONJUNCTIVAL_ICTERUS	7		Rejected!	
HP_CONNECTIVE_TISSUE_NEVI	6		Rejected!	
HP_CONSPICUOUSLY_HAPPY_DISPOSITION	7		Rejected!	
HP_CONSTIPATION	476	393		
HP_CONSTITUTIONAL_SYMPTOM	1297		Rejected!	
HP_CONSTRICTION_OF_PERIPHERAL_VISUAL_FIELD	143	125		
HP_CONTINUOUS_SPIKE_AND_WAVES_DURING_SLOW_SLEEP	11		Rejected!	
HP_CONTRACTURE_OF_THE_DISTAL_INTERPHALANGEAL_JOINT_OF_THE_FINGERS	6		Rejected!	
HP_CONTRACTURE_OF_THE_PROXIMAL_INTERPHALANGEAL_JOINT_OF_THE_4TH_FINGER	5		Rejected!	
HP_CONTRACTURE_OF_THE_PROXIMAL_INTERPHALANGEAL_JOINT_OF_THE_5TH_FINGER	6		Rejected!	
HP_CONVEX_NASAL_RIDGE	93	78		
HP_CONVULSIVE_STATUS_EPILEPTICUS	9		Rejected!	
HP_COOMBS_POSITIVE_HEMOLYTIC_ANEMIA	10		Rejected!	
HP_COPPER_ACCUMULATION_IN_LIVER	5		Rejected!	
HP_CORNEAL_DYSTROPHY	37	30		
HP_CORNEAL_EROSION	46	39		
HP_CORNEAL_GUTTATA	6		Rejected!	
HP_CORNEAL_NEOVASCULARIZATION	27	23		
HP_CORNEAL_OPACITY	283	243		
HP_CORNEAL_SCARRING	20	18		
HP_CORNEAL_STROMAL_EDEMA	14		Rejected!	
HP_CORNEAL_ULCERATION	25	22		
HP_CORONAL_CLEFT_VERTEBRAE	18	18		
HP_CORONAL_CRANIOSYNOSTOSIS	33	29		
HP_CORONARY_ARTERY_ANEURYSM	7		Rejected!	
HP_CORONARY_ARTERY_ATHEROSCLEROSIS	53	35		
HP_CORONARY_ARTERY_STENOSIS	6		Rejected!	
HP_CORPUS_CALLOSUM_ATROPHY	29	28		
HP_CORTICAL_CATARACT	12		Rejected!	
HP_CORTICAL_DYSPLASIA	57	49		
HP_CORTICAL_MYOCLONUS	5		Rejected!	
HP_CORTICAL_SCLEROSIS	5		Rejected!	
HP_CORTICAL_THICKENING_OF_LONG_BONE_DIAPHYSES	5		Rejected!	
HP_COR_PULMONALE	15		Rejected!	
HP_COUGH	165	133		
HP_COXA_VALGA	92	78		
HP_COXA_VARA	68	64		
HP_CRACKLES	25	18		
HP_CRANIAL_ASYMMETRY	16		Rejected!	
HP_CRANIAL_HYPEROSTOSIS	43	36		
HP_CRANIAL_NERVE_COMPRESSION	51	35		
HP_CRANIOFACIAL_ASYMMETRY	6		Rejected!	
HP_CRANIOFACIAL_DISPROPORTION	6		Rejected!	
HP_CRANIOFACIAL_DYSOSTOSIS	9		Rejected!	
HP_CRANIOFACIAL_HYPEROSTOSIS	27	24		
HP_CRANIOFACIAL_OSTEOSCLEROSIS	15	15		
HP_CRANIOSYNOSTOSIS	187	166		
HP_CROHN_S_DISEASE	17	15		
HP_CROSSED_FUSED_RENAL_ECTOPIA	14		Rejected!	
HP_CRUMPLED_EAR	6		Rejected!	
HP_CRUMPLED_LONG_BONES	6		Rejected!	
HP_CRYPTOPHTHALMOS	6		Rejected!	
HP_CRYPTORCHIDISM	786		Rejected!	
HP_CRYPTOZOOSPERMIA	6		Rejected!	
HP_CSF_LYMPHOCYTIC_PLEIOCYTOSIS	19		Rejected!	
HP_CSF_PLEOCYTOSIS	28	22		
HP_CUBITUS_VALGUS	55	52		
HP_CUPPED_EAR	73	67		
HP_CUPPED_RIBS	30	27		
HP_CURLY_EYELASHES	16	16		
HP_CURLY_HAIR	36	33		
HP_CURVILINEAR_INTRACELLULAR_ACCUMULATION_OF_AUTOFLUORESCENT_LIPOPIGMENT_STORAGE_MATERIAL	7		Rejected!	
HP_CUTANEOUS_ABSCESS	33	27		
HP_CUTANEOUS_AMYLOIDOSIS	7		Rejected!	
HP_CUTANEOUS_CYST	25	19		
HP_CUTANEOUS_FINGER_SYNDACTYLY	55	52		
HP_CUTANEOUS_MELANOMA	22	20		
HP_CUTANEOUS_PHOTOSENSITIVITY	117	87		
HP_CUTANEOUS_SYNDACTYLY	103	91		
HP_CUTANEOUS_SYNDACTYLY_OF_TOES	36	31		
HP_CUTIS_GYRATA_OF_SCALP	6		Rejected!	
HP_CUTIS_LAXA	132	121		
HP_CUTIS_MARMORATA	74	59		
HP_CYANOSIS	119	91		
HP_CYANOTIC_EPISODE	8		Rejected!	
HP_CYCLOPIA	22	20		
HP_CYSTATHIONINEMIA	5		Rejected!	
HP_CYSTIC_HYGROMA	53	48		
HP_CYSTIC_LIVER_DISEASE	41	38		
HP_CYSTIC_RENAL_DYSPLASIA	8		Rejected!	
HP_CYSTINURIA	6		Rejected!	
HP_CYSTOID_MACULAR_EDEMA	91	79		
HP_CYTOCHROME_C_OXIDASE_NEGATIVE_MUSCLE_FIBERS	35	32		
HP_CYTOPLASMIC_ANTINEUTROPHIL_ANTIBODY_POSITIVITY	11		Rejected!	
HP_DACRYOCYSTITIS	8		Rejected!	
HP_DARK_URINE	16	15		
HP_DEATH_IN_ADOLESCENCE	23	19		
HP_DEATH_IN_ADULTHOOD	43	33		
HP_DEATH_IN_CHILDHOOD	130	115		
HP_DEATH_IN_INFANCY	248	220		
HP_DECEREBRATE_RIGIDITY	5		Rejected!	
HP_DECREASED_ABSENT_ANKLE_REFLEXES	56	52		
HP_DECREASED_ACHILLES_REFLEX	12		Rejected!	
HP_DECREASED_ACTIVITY_OF_MITOCHONDRIAL_ATP_SYNTHASE_COMPLEX	13		Rejected!	
HP_DECREASED_ACTIVITY_OF_MITOCHONDRIAL_COMPLEX_I	100	95		
HP_DECREASED_ACTIVITY_OF_MITOCHONDRIAL_COMPLEX_II	17	15		
HP_DECREASED_ACTIVITY_OF_MITOCHONDRIAL_COMPLEX_III	46	45		
HP_DECREASED_ACTIVITY_OF_MITOCHONDRIAL_COMPLEX_IV	69	68		
HP_DECREASED_ACTIVITY_OF_THE_PYRUVATE_DEHYDROGENASE_COMPLEX	11		Rejected!	
HP_DECREASED_ADIPONECTIN_LEVEL	5		Rejected!	
HP_DECREASED_ADIPOSE_TISSUE	53	43		
HP_DECREASED_AMPLITUDE_OF_SENSORY_ACTION_POTENTIALS	24	20		
HP_DECREASED_ANTI_CD3_28_INDUCED_T_CELL_PROLIFERATION	10		Rejected!	
HP_DECREASED_BODY_MASS_INDEX	25	18		
HP_DECREASED_BODY_WEIGHT	1605		Rejected!	
HP_DECREASED_CALVARIAL_OSSIFICATION	17	16		
HP_DECREASED_CD3_T_CELL_PROPORTION	10		Rejected!	
HP_DECREASED_CD8_T_CELL_PROPORTION	11		Rejected!	
HP_DECREASED_CERVICAL_SPINE_FLEXION_DUE_TO_CONTRACTURES_OF_POSTERIOR_CERVICAL_MUSCLES	7		Rejected!	
HP_DECREASED_CERVICAL_SPINE_MOBILITY	15		Rejected!	
HP_DECREASED_CIRCULATING_ACTH_CONCENTRATION	30	24		
HP_DECREASED_CIRCULATING_ADENOSYLCOBALAMIN_CONCENTRATION	7		Rejected!	
HP_DECREASED_CIRCULATING_ALDOSTERONE_CONCENTRATION	21	16		
HP_DECREASED_CIRCULATING_ALKALINE_PHOSPHATASE_ACTIVITY	10		Rejected!	
HP_DECREASED_CIRCULATING_ANDROGEN_CONCENTRATION	70	56		
HP_DECREASED_CIRCULATING_CARNITINE_CONCENTRATION	23	21		
HP_DECREASED_CIRCULATING_CERULOPLASMIN_CONCENTRATION	9		Rejected!	
HP_DECREASED_CIRCULATING_COMPLEMENT_C3_CONCENTRATION	43	29		
HP_DECREASED_CIRCULATING_COMPLEMENT_C4_CONCENTRATION	35	22		
HP_DECREASED_CIRCULATING_COMPLEMENT_FACTOR_B_CONCENTRATION	5		Rejected!	
HP_DECREASED_CIRCULATING_COMPLEMENT_FACTOR_I_CONCENTRATION	5		Rejected!	
HP_DECREASED_CIRCULATING_COPPER_CONCENTRATION	8		Rejected!	
HP_DECREASED_CIRCULATING_CORTISOL_LEVEL	37	31		
HP_DECREASED_CIRCULATING_DEHYDROEPIANDROSTERONE_CONCENTRATION	7		Rejected!	
HP_DECREASED_CIRCULATING_FOLLICLE_STIMULATING_HORMONE_CONCENTRATION	32	26		
HP_DECREASED_CIRCULATING_FREE_T3	5		Rejected!	
HP_DECREASED_CIRCULATING_FREE_T4_CONCENTRATION	6		Rejected!	
HP_DECREASED_CIRCULATING_GONADOTROPIN_CONCENTRATION	39	33		
HP_DECREASED_CIRCULATING_IGA_CONCENTRATION	98	72		
HP_DECREASED_CIRCULATING_IGE_CONCENTRATION	8		Rejected!	
HP_DECREASED_CIRCULATING_IGG2_CONCENTRATION	10		Rejected!	
HP_DECREASED_CIRCULATING_IGG_SUBCLASS_CONCENTRATION	13		Rejected!	
HP_DECREASED_CIRCULATING_IMMUNOGLOBULIN_CONCENTRATION	231	187		
HP_DECREASED_CIRCULATING_IRON_CONCENTRATION	8		Rejected!	
HP_DECREASED_CIRCULATING_METHYLCOBALAMIN_CONCENTRATION	8		Rejected!	
HP_DECREASED_CIRCULATING_PARATHYROID_HORMONE_LEVEL	10		Rejected!	
HP_DECREASED_CIRCULATING_PREALBUMIN_CONCENTRATION	5		Rejected!	
HP_DECREASED_CIRCULATING_RENIN_CONCENTRATION	12		Rejected!	
HP_DECREASED_CIRCULATING_TERMINAL_COMPLEMENT_COMPONENT_CONCENTRATION	6		Rejected!	
HP_DECREASED_CIRCULATING_TOTAL_IGA	8		Rejected!	
HP_DECREASED_CIRCULATING_TOTAL_IGG_CONCENTRATION	12		Rejected!	
HP_DECREASED_CIRCULATING_TOTAL_IGM	80	60		
HP_DECREASED_CIRCULATING_VITAMIN_B12_CONCENTRATION	10		Rejected!	
HP_DECREASED_CIRCULATING_VITAMIN_D_CONCENTRATION	33	29		
HP_DECREASED_CLASS_SWITCHED_MEMORY_B_CELL_PROPORTION	18		Rejected!	
HP_DECREASED_COMPOUND_MUSCLE_ACTION_POTENTIAL_AMPLITUDE	16	15		
HP_DECREASED_CORNEAL_REFLEX	10		Rejected!	
HP_DECREASED_CORNEAL_SENSATION	5		Rejected!	
HP_DECREASED_DISTAL_SENSORY_NERVE_ACTION_POTENTIAL	9		Rejected!	
HP_DECREASED_FACIAL_EXPRESSION	151	129		
HP_DECREASED_FERTILITY	381	283		
HP_DECREASED_FERTILITY_IN_FEMALES	103	77		
HP_DECREASED_FERTILITY_IN_MALES	237	173		
HP_DECREASED_GLOMERULAR_FILTRATION_RATE	29	24		
HP_DECREASED_HEAD_CIRCUMFERENCE	1365		Rejected!	
HP_DECREASED_HIP_ABDUCTION	7		Rejected!	
HP_DECREASED_LACRIMATION	27	27		
HP_DECREASED_LDL_CHOLESTEROL_CONCENTRATION	13		Rejected!	
HP_DECREASED_LEVEL_OF_COENZYME_Q10_IN_SKELETAL_MUSCLE	5		Rejected!	
HP_DECREASED_LIBIDO	13		Rejected!	
HP_DECREASED_LIGHT_AND_DARK_ADAPTED_ELECTRORETINOGRAM_AMPLITUDE	16		Rejected!	
HP_DECREASED_MEAN_CORPUSCULAR_HEMOGLOBIN_CONCENTRATION	6		Rejected!	
HP_DECREASED_MEAN_CORPUSCULAR_VOLUME	12		Rejected!	
HP_DECREASED_MEMORY_T_CELL_PROPORTION	7		Rejected!	
HP_DECREASED_METHYLMALONYL_COA_MUTASE_ACTIVITY	5		Rejected!	
HP_DECREASED_MINIATURE_ENDPLATE_POTENTIALS	13		Rejected!	
HP_DECREASED_MITOGEN_INDUCED_T_CELL_PROLIFERATION	31	24		
HP_DECREASED_MUSCLE_MASS	60	47		
HP_DECREASED_NASAL_NITRIC_OXIDE	29	25		
HP_DECREASED_NEUTROPHIL_OXIDATIVE_BURST	9		Rejected!	
HP_DECREASED_NUMBER_OF_LARGE_PERIPHERAL_MYELINATED_NERVE_FIBERS	20	19		
HP_DECREASED_NUMBER_OF_PERIPHERAL_MYELINATED_NERVE_FIBERS	50	46		
HP_DECREASED_PALMAR_CREASES	5		Rejected!	
HP_DECREASED_PATELLAR_REFLEX	10		Rejected!	
HP_DECREASED_PROPORTION_OF_CD4_POSITIVE_T_CELLS	41	33		
HP_DECREASED_PROPORTION_OF_NAIVE_T_CELLS	8		Rejected!	
HP_DECREASED_SERUM_CREATININE	5		Rejected!	
HP_DECREASED_SERUM_INSULIN_LIKE_GROWTH_FACTOR_1	24	21		
HP_DECREASED_SERUM_LEPTIN	11		Rejected!	
HP_DECREASED_SERUM_ZINC	5		Rejected!	
HP_DECREASED_SIZE_OF_NERVE_TERMINALS	15		Rejected!	
HP_DECREASED_SKULL_OSSIFICATION	39	37		
HP_DECREASED_SPECIFIC_ANTIBODY_RESPONSE_TO_POLYSACCHARIDE_VACCINE	15		Rejected!	
HP_DECREASED_SPECIFIC_ANTIBODY_RESPONSE_TO_PROTEIN_CONJUGATED_POLYSACCHARIDE_VACCINE	6		Rejected!	
HP_DECREASED_SPECIFIC_ANTIBODY_RESPONSE_TO_PROTEIN_VACCINE	17	16		
HP_DECREASED_SPECIFIC_ANTIBODY_RESPONSE_TO_VACCINATION	37	30		
HP_DECREASED_SPECIFIC_ANTI_POLYSACCHARIDE_ANTIBODY_LEVEL	7		Rejected!	
HP_DECREASED_SPECIFIC_PNEUMOCOCCAL_ANTIBODY_LEVEL	9		Rejected!	
HP_DECREASED_TESTICULAR_SIZE	187	150		
HP_DECREASED_THYROID_STIMULATING_HORMONE_LEVEL	13		Rejected!	
HP_DECREASED_TOTAL_B_CELL_COUNT	55	43		
HP_DECREASED_TOTAL_EOSINOPHIL_COUNT	9		Rejected!	
HP_DECREASED_TOTAL_GRANULOCYTE_COUNT	8		Rejected!	
HP_DECREASED_TOTAL_LEUKOCYTE_COUNT	161	135		
HP_DECREASED_TOTAL_LYMPHOCYTE_COUNT	129	99		
HP_DECREASED_TOTAL_MONOCYTE_COUNT	6		Rejected!	
HP_DECREASED_TOTAL_T_CELL_COUNT	48	38		
HP_DECREASED_TRANSFERRIN_SATURATION	5		Rejected!	
HP_DECREASED_URINARY_POTASSIUM	6		Rejected!	
HP_DECREASED_URINE_OUTPUT	30	24		
HP_DECREASED_VIGILANCE	10		Rejected!	
HP_DEEPLY_SET_EYE	270	240		
HP_DEEP_ANTERIOR_CHAMBER	5		Rejected!	
HP_DEEP_PALMAR_CREASE	33	28		
HP_DEEP_PHILTRUM	76	65		
HP_DEEP_PLANTAR_CREASES	21	17		
HP_DEEP_SET_NAILS	6		Rejected!	
HP_DEEP_VENOUS_THROMBOSIS	22	19		
HP_DEFECTIVE_DNA_REPAIR_AFTER_ULTRAVIOLET_RADIATION_DAMAGE	15		Rejected!	
HP_DEFICIENT_EXCISION_OF_UV_INDUCED_PYRIMIDINE_DIMERS_IN_DNA	5		Rejected!	
HP_DEFICIT_IN_GRAMMAR	9		Rejected!	
HP_DEFICIT_IN_PHONOLOGIC_SHORT_TERM_MEMORY	5		Rejected!	
HP_DEFORMED_RIB_CAGE	7		Rejected!	
HP_DEFORMED_SELLA_TURCICA	20	16		
HP_DEFORMED_TARSAL_BONES	14		Rejected!	
HP_DEGENERATION_OF_ANTERIOR_HORN_CELLS	21	20		
HP_DEGENERATION_OF_THE_LATERAL_CORTICOSPINAL_TRACTS	22	19		
HP_DEGENERATION_OF_THE_STRIATUM	13		Rejected!	
HP_DEGENERATIVE_VITREORETINOPATHY	5		Rejected!	
HP_DEHYDRATION	108	80		
HP_DELAYED_ABILITY_TO_CRAWL	9		Rejected!	
HP_DELAYED_ABILITY_TO_ROLL_OVER	16		Rejected!	
HP_DELAYED_ABILITY_TO_SIT	83	72		
HP_DELAYED_ABILITY_TO_STAND	18		Rejected!	
HP_DELAYED_ABILITY_TO_WALK	310	279		
HP_DELAYED_BRAINSTEM_AUDITORY_EVOKED_RESPONSE_CONDUCTION_TIME	5		Rejected!	
HP_DELAYED_CLOSURE_OF_THE_ANTERIOR_FONTANELLE	36	32		
HP_DELAYED_CNS_MYELINATION	204	183		
HP_DELAYED_CRANIAL_SUTURE_CLOSURE	96	82		
HP_DELAYED_EARLY_CHILDHOOD_SOCIAL_MILESTONE_DEVELOPMENT	21	18		
HP_DELAYED_EPIPHYSEAL_OSSIFICATION	42	34		
HP_DELAYED_ERUPTION_OF_PERMANENT_TEETH	33	31		
HP_DELAYED_ERUPTION_OF_PRIMARY_TEETH	17	15		
HP_DELAYED_ERUPTION_OF_TEETH	180	160		
HP_DELAYED_FINE_MOTOR_DEVELOPMENT	55	48		
HP_DELAYED_GROSS_MOTOR_DEVELOPMENT	491	433		
HP_DELAYED_MENARCHE	24	22		
HP_DELAYED_MYELINATION	285	258		
HP_DELAYED_OSSIFICATION_OF_CARPAL_BONES	17	16		
HP_DELAYED_PROXIMAL_FEMORAL_EPIPHYSEAL_OSSIFICATION	17		Rejected!	
HP_DELAYED_PUBERTY	212	179		
HP_DELAYED_PUBIC_BONE_OSSIFICATION	7		Rejected!	
HP_DELAYED_SOMATOSENSORY_CENTRAL_CONDUCTION_TIME	5		Rejected!	
HP_DELAYED_UMBILICAL_CORD_SEPARATION	5		Rejected!	
HP_DELIRIUM	10		Rejected!	
HP_DELUSION	30	26		
HP_DEMENTIA	223	185		
HP_DEMYELINATING_MOTOR_NEUROPATHY	6		Rejected!	
HP_DEMYELINATING_PERIPHERAL_NEUROPATHY	65	54		
HP_DENTAL_CROWDING	147	137		
HP_DENTAL_ENAMEL_PITS	10		Rejected!	
HP_DENTAL_MALOCCLUSION	158	140		
HP_DEPOSITS_IMMUNOREACTIVE_TO_BETA_AMYLOID_PROTEIN	9		Rejected!	
HP_DEPRESSED_NASAL_BRIDGE	622		Rejected!	
HP_DEPRESSED_NASAL_RIDGE	131	114		
HP_DEPRESSED_NASAL_TIP	28	21		
HP_DEPRESSION	443	351		
HP_DERMAL_ATROPHY	112	96		
HP_DERMAL_TRANSLUCENCY	28	22		
HP_DERMATAN_SULFATE_EXCRETION_IN_URINE	5		Rejected!	
HP_DERMATOCHALASIS	12		Rejected!	
HP_DERMATOLOGICAL_MANIFESTATIONS_OF_SYSTEMIC_DISORDERS	350	285		
HP_DERMOID_CYST	7		Rejected!	
HP_DESCENDING_AORTIC_DISSECTION	21		Rejected!	
HP_DESQUAMATION_OF_SKIN_SOON_AFTER_BIRTH	15		Rejected!	
HP_DEVELOPMENTAL_CATARACT	150	122		
HP_DEVELOPMENTAL_GLAUCOMA	75	67		
HP_DEVELOPMENTAL_REGRESSION	435	375		
HP_DEVELOPMENTAL_STAGNATION	20	19		
HP_DEVIATED_NASAL_SEPTUM	8		Rejected!	
HP_DEVIATION_OF_THE_2ND_FINGER	21	19		
HP_DEVIATION_OF_THE_2ND_TOE	5		Rejected!	
HP_DEVIATION_OF_THE_3RD_FINGER	11		Rejected!	
HP_DEVIATION_OF_THE_4TH_FINGER	8		Rejected!	
HP_DEVIATION_OF_THE_5TH_TOE	16		Rejected!	
HP_DEVIATION_OF_THE_HALLUX	90	83		
HP_DEVIATION_OF_THE_HAND_OR_OF_FINGERS_OF_THE_HAND	566		Rejected!	
HP_DEVIATION_OF_THE_THUMB	54	51		
HP_DEVIATION_OF_TOES	120	109		
HP_DEXAMETHASONE_SUPPRESSIBLE_PRIMARY_HYPERALDOSTERONISM	5		Rejected!	
HP_DEXTROTRANSPOSITION_OF_THE_GREAT_ARTERIES	7		Rejected!	
HP_DIABETES_INSIPIDUS	67	54		
HP_DIABETES_MELLITUS	377	298		
HP_DIABETIC_KETOACIDOSIS	20	15		
HP_DIAGNOSTIC_BEHAVIORAL_PHENOTYPE	698		Rejected!	
HP_DIALEPTIC_SEIZURE	251	216		
HP_DIAPHRAGMATIC_EVENTRATION	21	17		
HP_DIAPHRAGMATIC_PARALYSIS	7		Rejected!	
HP_DIAPHRAGMATIC_WEAKNESS	17	16		
HP_DIAPHYSEAL_DYSPLASIA	5		Rejected!	
HP_DIAPHYSEAL_SCLEROSIS	9		Rejected!	
HP_DIAPHYSEAL_UNDERTUBULATION	17		Rejected!	
HP_DIARRHEA	438	345		
HP_DIASTASIS_RECTI	28	24		
HP_DIASTEMA	27	24		
HP_DICARBOXYLIC_ACIDURIA	70	64		
HP_DIFFICULTY_CLIMBING_STAIRS	69	56		
HP_DIFFICULTY_RUNNING	56	47		
HP_DIFFICULTY_STANDING	23	20		
HP_DIFFUSE_ALVEOLAR_HEMORRHAGE	23	16		
HP_DIFFUSE_CEREBELLAR_ATROPHY	21	19		
HP_DIFFUSE_CEREBRAL_ATROPHY	54	48		
HP_DIFFUSE_MESANGIAL_SCLEROSIS	41	36		
HP_DIFFUSE_OPTIC_DISC_PALLOR	15		Rejected!	
HP_DIFFUSE_PALMOPLANTAR_HYPERKERATOSIS	11		Rejected!	
HP_DIFFUSE_SKIN_ATROPHY	5		Rejected!	
HP_DIFFUSE_WHITE_MATTER_ABNORMALITIES	36	34		
HP_DIGENIC_INHERITANCE	16		Rejected!	
HP_DIGESTIVE_SYSTEM_NEOPLASM	361	291		
HP_DIGITAL_FLEXOR_TENOSYNOVITIS	7		Rejected!	
HP_DILATATED_INTERNAL_AUDITORY_CANAL	5		Rejected!	
HP_DILATATION_OF_RENAL_CALICES	6		Rejected!	
HP_DILATATION_OF_THE_BLADDER	12		Rejected!	
HP_DILATATION_OF_THE_CEREBRAL_ARTERY	53	40		
HP_DILATATION_OF_THE_VENTRICULAR_CAVITY	11		Rejected!	
HP_DILATED_CARDIOMYOPATHY	184	145		
HP_DILATED_FOURTH_VENTRICLE	166	147		
HP_DILATED_THIRD_VENTRICLE	16	16		
HP_DILATION_OF_VIRCHOW_ROBIN_SPACES	20	15		
HP_DIMINISHED_ABILITY_TO_CONCENTRATE	12		Rejected!	
HP_DIMINISHED_MOVEMENT	83	67		
HP_DIMPLE_CHIN	19	16		
HP_DISCOID_LUPUS_RASH	39	25		
HP_DISORDERED_FORMAL_THOUGHT_PROCESS	37	29		
HP_DISORDER_OF_THOUGHT_CONTENT	75	64		
HP_DISPLACEMENT_OF_THE_URETHRAL_MEATUS	400	355		
HP_DISPROPORTIONATE_SHORT_LIMB_SHORT_STATURE	111	100		
HP_DISPROPORTIONATE_SHORT_STATURE	140	127		
HP_DISPROPORTIONATE_SHORT_TRUNK_SHORT_STATURE	28	27		
HP_DISPROPORTIONATE_TALL_STATURE	40	31		
HP_DISSEMINATED_INTRAVASCULAR_COAGULATION	29	23		
HP_DISTAL_AMYOTROPHY	233	203		
HP_DISTAL_ARTHROGRYPOSIS	27	23		
HP_DISTAL_JOINT_HYPERMOBILITY	9		Rejected!	
HP_DISTAL_LOWER_LIMB_AMYOTROPHY	63	53		
HP_DISTAL_LOWER_LIMB_MUSCLE_WEAKNESS	98	86		
HP_DISTAL_MUSCLE_WEAKNESS	239	211		
HP_DISTAL_PERIPHERAL_SENSORY_NEUROPATHY	19		Rejected!	
HP_DISTAL_RENAL_TUBULAR_ACIDOSIS	6		Rejected!	
HP_DISTAL_SENSORY_IMPAIRMENT	136	125		
HP_DISTAL_SENSORY_IMPAIRMENT_OF_ALL_MODALITIES	11		Rejected!	
HP_DISTAL_SYMPHALANGISM	8		Rejected!	
HP_DISTAL_UPPER_LIMB_AMYOTROPHY	71	63		
HP_DISTAL_UPPER_LIMB_MUSCLE_WEAKNESS	50	39		
HP_DISTICHIASIS	9		Rejected!	
HP_DISTURBANCE_DURING_TRANSITIONS_BETWEEN_SLEEP_AND_WAKE_STATES	19	16		
HP_DISTURBANCE_OF_FACIAL_EXPRESSION	36	28		
HP_DOLICHOCEPHALY	218	191		
HP_DORSOCERVICAL_FAT_PAD	17		Rejected!	
HP_DOUBLE_AORTIC_ARCH	9		Rejected!	
HP_DOWNBEAT_NYSTAGMUS	7		Rejected!	
HP_DOWNSLANTED_PALPEBRAL_FISSURES	503	454		
HP_DOWNTURNED_CORNERS_OF_MOUTH	181	155		
HP_DOWN_SLOPING_SHOULDERS	44	39		
HP_DROWSINESS	58	48		
HP_DRUSEN	117	100		
HP_DRY_HAIR	20	18		
HP_DRY_SKIN	198	167		
HP_DUANE_ANOMALY	27	25		
HP_DUMBBELL_SHAPED_LONG_BONE	8		Rejected!	
HP_DUODENAL_ADENOCARCINOMA	7		Rejected!	
HP_DUODENAL_ATRESIA	45	41		
HP_DUODENAL_POLYPOSIS	5		Rejected!	
HP_DUODENAL_ULCER	12		Rejected!	
HP_DUPLICATED_COLLECTING_SYSTEM	23	20		
HP_DUPLICATION_INVOLVING_BONES_OF_THE_FEET	138	129		
HP_DUPLICATION_OF_HAND_BONES	232	217		
HP_DUPLICATION_OF_PHALANX_OF_TOE	15		Rejected!	
HP_DUPLICATION_OF_RENAL_PELVIS	13		Rejected!	
HP_DUPLICATION_OF_THE_DISTAL_PHALANX_OF_HAND	12		Rejected!	
HP_DUPLICATION_OF_THE_DISTAL_PHALANX_OF_THE_THUMB	7		Rejected!	
HP_DUPLICATION_OF_THUMB_PHALANX	60	58		
HP_DYNEIN_ARM_DEFECT_OF_RESPIRATORY_MOTILE_CILIA	19	17		
HP_DYSARTHRIA	612		Rejected!	
HP_DYSCALCULIA	24	19		
HP_DYSCHROMATOPSIA	60	47		
HP_DYSDIADOCHOKINESIS	60	55		
HP_DYSESTHESIA	21	18		
HP_DYSGAMMAGLOBULINEMIA	5		Rejected!	
HP_DYSGENESIS_OF_THE_BASAL_GANGLIA	5		Rejected!	
HP_DYSGENESIS_OF_THE_CEREBELLAR_VERMIS	7		Rejected!	
HP_DYSGENESIS_OF_THE_HIPPOCAMPUS	16		Rejected!	
HP_DYSGERMINOMA	11		Rejected!	
HP_DYSGRAPHIA	53	40		
HP_DYSGYRIA	7		Rejected!	
HP_DYSKINESIA	199	166		
HP_DYSLEXIA	32	26		
HP_DYSMENORRHEA	14		Rejected!	
HP_DYSMETRIA	180	166		
HP_DYSMETRIC_SACCADES	18		Rejected!	
HP_DYSOSTOSIS_MULTIPLEX	23	20		
HP_DYSPAREUNIA	37	30		
HP_DYSPHAGIA	560	490		
HP_DYSPHONIA	158	133		
HP_DYSPLASIA_OF_THE_FEMORAL_HEAD	6		Rejected!	
HP_DYSPLASTIC_CORPUS_CALLOSUM	45	43		
HP_DYSPNEA	510	411		
HP_DYSTONIA	547	478		
HP_DYSTROPHIC_FINGERNAILS	32	29		
HP_DYSTROPHIC_TOENAIL	22	20		
HP_DYSURIA	18	18		
HP_EARLY_ONSET_OF_SEXUAL_MATURATION	183	144		
HP_EARLY_SATIETY	7		Rejected!	
HP_EARLY_YOUNG_ADULT_ONSET	64	53		
HP_EAR_PAIN	15		Rejected!	
HP_EASY_FATIGABILITY	90	77		
HP_EBSTEIN_ANOMALY_OF_THE_TRICUSPID_VALVE	6		Rejected!	
HP_ECCENTRIC_VISUAL_FIXATION	10		Rejected!	
HP_ECCHYMOSIS	58	45		
HP_ECHOGENIC_FETAL_BOWEL	5		Rejected!	
HP_ECLABION	176	149		
HP_ECLAMPSIA	8		Rejected!	
HP_ECTODERMAL_DYSPLASIA	26	24		
HP_ECTOPIA_LENTIS	46	40		
HP_ECTOPIA_PUPILLAE	23	17		
HP_ECTOPIC_ANTERIOR_PITUITARY_GLAND	9		Rejected!	
HP_ECTOPIC_ANUS	94	82		
HP_ECTOPIC_CALCIFICATION	255	200		
HP_ECTOPIC_KIDNEY	96	83		
HP_ECTRODACTYLY	71	66		
HP_ECTROPION	74	55		
HP_ECTROPION_OF_LOWER_EYELIDS	9		Rejected!	
HP_ECZEMATOID_DERMATITIS	183	159		
HP_EDEMA_OF_THE_DORSUM_OF_FEET	5		Rejected!	
HP_EDEMA_OF_THE_DORSUM_OF_HANDS	15		Rejected!	
HP_EEG_WITH_ABNORMALLY_SLOW_FREQUENCIES	88	75		
HP_EEG_WITH_BURST_SUPPRESSION	60	55		
HP_EEG_WITH_CENTROTEMPORAL_EPILEPTIFORM_DISCHARGES	5		Rejected!	
HP_EEG_WITH_CONTINUOUS_SLOW_ACTIVITY	8		Rejected!	
HP_EEG_WITH_FOCAL_EPILEPTIFORM_DISCHARGES	119	104		
HP_EEG_WITH_FOCAL_SHARP_SLOW_WAVES	13		Rejected!	
HP_EEG_WITH_FOCAL_SHARP_WAVES	12		Rejected!	
HP_EEG_WITH_FOCAL_SPIKES	26	24		
HP_EEG_WITH_FOCAL_SPIKE_WAVES	16		Rejected!	
HP_EEG_WITH_FRONTAL_EPILEPTIFORM_DISCHARGES	7		Rejected!	
HP_EEG_WITH_FRONTAL_FOCAL_SPIKES	5		Rejected!	
HP_EEG_WITH_GENERALIZED_EPILEPTIFORM_DISCHARGES	272	242		
HP_EEG_WITH_GENERALIZED_POLYSPIKES	7		Rejected!	
HP_EEG_WITH_GENERALIZED_SHARP_SLOW_WAVES	10		Rejected!	
HP_EEG_WITH_GENERALIZED_SLOW_ACTIVITY	29	25		
HP_EEG_WITH_IRREGULAR_GENERALIZED_SPIKE_AND_WAVE_COMPLEXES	13		Rejected!	
HP_EEG_WITH_MULTIFOCAL_SLOW_ACTIVITY	53	44		
HP_EEG_WITH_PARIETAL_EPILEPTIFORM_DISCHARGES	6		Rejected!	
HP_EEG_WITH_PHOTOPAROXYSMAL_RESPONSE	7		Rejected!	
HP_EEG_WITH_POLYSPIKE_WAVE_COMPLEXES	49	40		
HP_EEG_WITH_SPIKE_WAVE_COMPLEXES	89	74		
HP_EEG_WITH_SPIKE_WAVE_COMPLEXES_2_5_3_5_HZ	8		Rejected!	
HP_ELBOW_ANKYLOSIS	8		Rejected!	
HP_ELBOW_CONTRACTURE	112	97		
HP_ELEVATED_ALKALINE_PHOSPHATASE_OF_BONE_ORIGIN	13		Rejected!	
HP_ELEVATED_BRAIN_CHOLINE_LEVEL_BY_MRS	10		Rejected!	
HP_ELEVATED_BRONCHOALVEOLAR_LAVAGE_FLUID_NEUTROPHIL_PROPORTION	6		Rejected!	
HP_ELEVATED_CIRCULATING_ACYLCARNITINE_CONCENTRATION	19	18		
HP_ELEVATED_CIRCULATING_ALANINE_AMINOTRANSFERASE_CONCENTRATION	84	75		
HP_ELEVATED_CIRCULATING_ALDOLASE_CONCENTRATION	9		Rejected!	
HP_ELEVATED_CIRCULATING_ASPARTATE_AMINOTRANSFERASE_CONCENTRATION	85	75		
HP_ELEVATED_CIRCULATING_CATECHOLAMINE_LEVEL	11		Rejected!	
HP_ELEVATED_CIRCULATING_CREATINE_KINASE_CONCENTRATION	312	273		
HP_ELEVATED_CIRCULATING_FOLLICLE_STIMULATING_HORMONE_LEVEL	58	44		
HP_ELEVATED_CIRCULATING_GLUTARIC_ACID_CONCENTRATION	6		Rejected!	
HP_ELEVATED_CIRCULATING_GROWTH_HORMONE_CONCENTRATION	16		Rejected!	
HP_ELEVATED_CIRCULATING_HEPATIC_TRANSAMINASE_CONCENTRATION	375	318		
HP_ELEVATED_CIRCULATING_LONG_CHAIN_ACYLCARNITINE_CONCENTRATION	5		Rejected!	
HP_ELEVATED_CIRCULATING_LONG_CHAIN_FATTY_ACID_CONCENTRATION	5		Rejected!	
HP_ELEVATED_CIRCULATING_LUTEINIZING_HORMONE_LEVEL	43	33		
HP_ELEVATED_CIRCULATING_PARATHYROID_HORMONE_LEVEL	24		Rejected!	
HP_ELEVATED_CIRCULATING_PHYTANIC_ACID_CONCENTRATION	16	16		
HP_ELEVATED_CIRCULATING_PORPHYRIN_CONCENTRATION	8		Rejected!	
HP_ELEVATED_CIRCULATING_SHORT_CHAIN_ACYLCARNITINE_CONCENTRATION	6		Rejected!	
HP_ELEVATED_CIRCULATING_THYROID_STIMULATING_HORMONE_CONCENTRATION	31	27		
HP_ELEVATED_CREATINE_KINASE_AFTER_EXERCISE	12		Rejected!	
HP_ELEVATED_HEMOGLOBIN_A1C	28	20		
HP_ELEVATED_HEPATIC_IRON_CONCENTRATION	12		Rejected!	
HP_ELEVATED_LACTATE_PYRUVATE_RATIO	22	22		
HP_ELEVATED_MATERNAL_CIRCULATING_ALPHA_FETOPROTEIN_CONCENTRATION	5		Rejected!	
HP_ELEVATED_MEAN_ARTERIAL_PRESSURE	9		Rejected!	
HP_ELEVATED_PLASMA_CITRULLINE	5		Rejected!	
HP_ELEVATED_PULMONARY_ARTERY_PRESSURE	168	136		
HP_ELEVATED_SERUM_11_DEOXYCORTISOL	9		Rejected!	
HP_ELEVATED_SERUM_ACID_PHOSPHATASE	6		Rejected!	
HP_ELEVATED_SYSTOLIC_BLOOD_PRESSURE	13		Rejected!	
HP_ELEVATED_TISSUE_NON_SPECIFIC_ALKALINE_PHOSPHATASE	17	15		
HP_ELEVATED_TOTAL_SERUM_TRYPTASE	6		Rejected!	
HP_ELEVATED_TRANSFERRIN_SATURATION	11		Rejected!	
HP_ELEVATED_URINARY_3_HYDROXYBUTYRIC_ACID	6		Rejected!	
HP_ELEVATED_URINARY_CARBOXYLIC_ACID	101	91		
HP_ELEVATED_URINARY_COLLAGEN_DEGRADATION_PRODUCTS	5		Rejected!	
HP_ELEVATED_URINARY_DELTA_AMINOLEVULINIC_ACID	5		Rejected!	
HP_ELEVATED_URINARY_HOMOVANILLIC_ACID	8		Rejected!	
HP_ELEVATED_URINARY_MONOCARBOXYLIC_ACID_LEVEL	12		Rejected!	
HP_ELEVATED_URINARY_VANILLYLMANDELIC_ACID	8		Rejected!	
HP_ELFIN_FACIES	22	19		
HP_ELLIPTOCYTOSIS	12		Rejected!	
HP_ELONGATED_SUPERIOR_CEREBELLAR_PEDUNCLE	10		Rejected!	
HP_EMBRYONAL_NEOPLASM	83	63		
HP_EMBRYONAL_RENAL_NEOPLASM	48	36		
HP_EMBRYONAL_RHABDOMYOSARCOMA	5		Rejected!	
HP_EMG_ABNORMALITY	296	243		
HP_EMG_AXONAL_ABNORMALITY	15		Rejected!	
HP_EMG_CHRONIC_DENERVATION_SIGNS	28	25		
HP_EMG_DECREMENTAL_RESPONSE_OF_COMPOUND_MUSCLE_ACTION_POTENTIAL_TO_REPETITIVE_NERVE_STIMULATION	30	25		
HP_EMG_IMPAIRED_NEUROMUSCULAR_TRANSMISSION	36	30		
HP_EMG_MYOPATHIC_ABNORMALITIES	135	111		
HP_EMG_MYOTONIC_DISCHARGES	9		Rejected!	
HP_EMG_NEUROPATHIC_CHANGES	54	50		
HP_EMG_POSITIVE_SHARP_WAVES	9		Rejected!	
HP_EMG_SLOW_MOTOR_CONDUCTION	5		Rejected!	
HP_EMOTIONAL_LABILITY	164	140		
HP_EMPHYSEMA	63	46		
HP_ENAMEL_HYPOMINERALIZATION	10		Rejected!	
HP_ENAMEL_HYPOPLASIA	106	92		
HP_ENCEPHALOCELE	121	113		
HP_ENCEPHALOMALACIA	12		Rejected!	
HP_ENCEPHALOPATHY	347	307		
HP_ENCHONDROMA	23	18		
HP_ENDOCARDIAL_FIBROELASTOSIS	8		Rejected!	
HP_ENDOCARDIAL_FIBROSIS	6		Rejected!	
HP_ENDOCARDITIS	18		Rejected!	
HP_ENLARGED_CEREBELLUM	7		Rejected!	
HP_ENLARGED_CISTERNA_MAGNA	66	59		
HP_ENLARGED_EPIPHYSES	15		Rejected!	
HP_ENLARGED_INTERPHALANGEAL_JOINTS	6		Rejected!	
HP_ENLARGED_JOINTS	14		Rejected!	
HP_ENLARGED_KIDNEY	48	40		
HP_ENLARGED_METAPHYSES	7		Rejected!	
HP_ENLARGED_NARIS	7		Rejected!	
HP_ENLARGED_OVARIES	18		Rejected!	
HP_ENLARGED_POSTERIOR_FOSSA	200	178		
HP_ENLARGED_SYLVIAN_CISTERN	5		Rejected!	
HP_ENLARGED_THORAX	66	61		
HP_ENLARGED_TONSILS	7		Rejected!	
HP_ENLARGED_VESTIBULAR_AQUEDUCT	9		Rejected!	
HP_ENLARGEMENT_OF_THE_ANKLES	6		Rejected!	
HP_ENLARGEMENT_OF_THE_COSTOCHONDRAL_JUNCTION	10		Rejected!	
HP_ENLARGEMENT_OF_THE_WRISTS	8		Rejected!	
HP_ENTEROCOLITIS	32	26		
HP_ENTHESITIS	11		Rejected!	
HP_ENTRAPMENT_NEUROPATHY	16		Rejected!	
HP_ENTROPION	20	17		
HP_ENURESIS	34	29		
HP_ENURESIS_NOCTURNA	12		Rejected!	
HP_EOSINOPHILIC_INFILTRATION_OF_THE_ESOPHAGUS	10		Rejected!	
HP_EPENDYMOMA	19		Rejected!	
HP_EPIBLEPHARON	7		Rejected!	
HP_EPICANTHUS	623		Rejected!	
HP_EPICANTHUS_INVERSUS	15	15		
HP_EPIDERMAL_ACANTHOSIS	54	38		
HP_EPIDERMAL_NEVUS	12		Rejected!	
HP_EPIDERMOID_CYST	19		Rejected!	
HP_EPIDIDYMAL_CYST	5		Rejected!	
HP_EPIDIDYMITIS	21		Rejected!	
HP_EPIDURAL_HEMORRHAGE	6		Rejected!	
HP_EPIGASTRIC_PAIN	12		Rejected!	
HP_EPILEPSIA_PARTIALIS_CONTINUA	12		Rejected!	
HP_EPILEPTIC_AURA	22	19		
HP_EPILEPTIC_ENCEPHALOPATHY	128	113		
HP_EPILEPTIC_SPASM	212	184		
HP_EPIPHORA	33	28		
HP_EPIPHYSEAL_DYSPLASIA	29	28		
HP_EPIPHYSEAL_STIPPLING	40	36		
HP_EPIRETINAL_MEMBRANE	13		Rejected!	
HP_EPISCLERITIS	5		Rejected!	
HP_EPISODIC_ATAXIA	30	25		
HP_EPISODIC_FLACCID_WEAKNESS	7		Rejected!	
HP_EPISODIC_HYPERHIDROSIS	27	17		
HP_EPISODIC_HYPERTENSION	5		Rejected!	
HP_EPISODIC_HYPOKALEMIA	6		Rejected!	
HP_EPISODIC_METABOLIC_ACIDOSIS	5		Rejected!	
HP_EPISODIC_PAIN	39	29		
HP_EPISODIC_RESPIRATORY_DISTRESS	21		Rejected!	
HP_EPISODIC_TACHYPNEA	46	45		
HP_EPISODIC_VOMITING	65	48		
HP_EPISPADIAS	29	26		
HP_EPISTAXIS	107	76		
HP_EPITHELIAL_NEOPLASM	7		Rejected!	
HP_EQUINOVARUS_DEFORMITY	13		Rejected!	
HP_EQUINUS_CALCANEUS	8		Rejected!	
HP_ERECTILE_DYSFUNCTION	72	57		
HP_ERLENMEYER_FLASK_DEFORMITY_OF_THE_FEMURS	9		Rejected!	
HP_EROSION_OF_ORAL_MUCOSA	108	78		
HP_ERRATIC_MYOCLONUS	5		Rejected!	
HP_ERUPTION_FAILURE	17		Rejected!	
HP_ERUPTIVE_XANTHOMAS	5		Rejected!	
HP_ERYSIPELAS	11		Rejected!	
HP_ERYTHEMA	132	101		
HP_ERYTHEMATOUS_PAPULE	12		Rejected!	
HP_ERYTHEMATOUS_PLAQUE	15		Rejected!	
HP_ERYTHEMA_NODOSUM	27	19		
HP_ERYTHROCYTE_INCLUSION_BODIES	11		Rejected!	
HP_ERYTHRODERMA	68	51		
HP_ERYTHROID_DYSPLASIA	5		Rejected!	
HP_ERYTHROID_HYPERPLASIA	20	16		
HP_ERYTHROID_HYPOPLASIA	31	29		
HP_ERYTHROMELALGIA	10		Rejected!	
HP_ESODEVIATION	236	207		
HP_ESOPHAGEAL_ATRESIA	34	32		
HP_ESOPHAGEAL_CARCINOMA	12		Rejected!	
HP_ESOPHAGEAL_NEOPLASM	28	17		
HP_ESOPHAGEAL_STENOSIS	32	27		
HP_ESOPHAGEAL_STRICTURE	19	16		
HP_ESOPHAGEAL_ULCERATION	7		Rejected!	
HP_ESOPHAGEAL_VARIX	47	40		
HP_ESOPHAGITIS	38	27		
HP_ESOPHORIA	5		Rejected!	
HP_ETHYLMALONIC_ACIDURIA	9		Rejected!	
HP_EUNUCHOID_HABITUS	22	18		
HP_EURYBLEPHARON	9		Rejected!	
HP_EUTHYROID_GOITER	6		Rejected!	
HP_EVERSION_OF_LATERAL_THIRD_OF_LOWER_EYELIDS	7		Rejected!	
HP_EVERTED_LOWER_LIP_VERMILION	143	124		
HP_EVERTED_UPPER_LIP_VERMILION	25	17		
HP_EXAGGERATED_CUPID_S_BOW	39	34		
HP_EXAGGERATED_MEDIAN_TONGUE_FURROW	5		Rejected!	
HP_EXAGGERATED_STARTLE_RESPONSE	33	29		
HP_EXANTHEM	23	17		
HP_EXCESSIVE_BLEEDING_FROM_SUPERFICIAL_CUTS	5		Rejected!	
HP_EXCESSIVE_DAYTIME_SOMNOLENCE	78	64		
HP_EXCESSIVE_SALIVATION	171	151		
HP_EXCESSIVE_SHYNESS	12		Rejected!	
HP_EXCESSIVE_WRINKLED_SKIN	39	36		
HP_EXCESSIVE_WRINKLING_OF_PALMAR_SKIN	12		Rejected!	
HP_EXERCISE_INDUCED_MUSCLE_CRAMPS	17	15		
HP_EXERCISE_INDUCED_MUSCLE_FATIGUE	12		Rejected!	
HP_EXERCISE_INDUCED_MUSCLE_STIFFNESS	8		Rejected!	
HP_EXERCISE_INDUCED_MYALGIA	38	32		
HP_EXERCISE_INDUCED_MYOGLOBINURIA	12		Rejected!	
HP_EXERCISE_INDUCED_RHABDOMYOLYSIS	6		Rejected!	
HP_EXERCISE_INTOLERANCE	157	129		
HP_EXERTIONAL_DYSPNEA	146	112		
HP_EXOCRINE_PANCREATIC_INSUFFICIENCY	72	51		
HP_EXODEVIATION	130	111		
HP_EXOPHORIA	6		Rejected!	
HP_EXOSTOSES	21	17		
HP_EXPRESSIVE_APHASIA	12		Rejected!	
HP_EXPRESSIVE_LANGUAGE_DELAY	56	48		
HP_EXSTROPHY	7		Rejected!	
HP_EXTERNAL_GENITAL_HYPOPLASIA	538	457		
HP_EXTERNAL_OPHTHALMOPLEGIA	77	56		
HP_EXTRACTABLE_NUCLEAR_ANTIGEN_POSITIVITY	34	21		
HP_EXTRAHEPATIC_CHOLESTASIS	10		Rejected!	
HP_EXTRAMEDULLARY_HEMATOPOIESIS	20	17		
HP_EXTRAPYRAMIDAL_DYSKINESIA	6		Rejected!	
HP_EXTRAPYRAMIDAL_MUSCULAR_RIGIDITY	16		Rejected!	
HP_EXTRA_AXIAL_CEREBROSPINAL_FLUID_ACCUMULATION	15		Rejected!	
HP_EXUDATIVE_RETINAL_DETACHMENT	5		Rejected!	
HP_EXUDATIVE_RETINOPATHY	9		Rejected!	
HP_EXUDATIVE_VITREORETINOPATHY	8		Rejected!	
HP_EYELID_APRAXIA	5		Rejected!	
HP_EYELID_COLOBOMA	36	32		
HP_EYELID_MYOCLONIA_SEIZURE	7		Rejected!	
HP_EYELID_MYOCLONUS	9		Rejected!	
HP_EYE_MOVEMENT_INDUCED_PAIN	5		Rejected!	
HP_EYE_OF_THE_TIGER_ANOMALY_OF_GLOBUS_PALLIDUS	11		Rejected!	
HP_EYE_POKING	23	16		
HP_FACIAL_ASYMMETRY	152	133		
HP_FACIAL_CAPILLARY_HEMANGIOMA	12		Rejected!	
HP_FACIAL_DIPLEGIA	44	38		
HP_FACIAL_EDEMA	134	113		
HP_FACIAL_ERYTHEMA	12		Rejected!	
HP_FACIAL_GRIMACING	13		Rejected!	
HP_FACIAL_HEMANGIOMA	23	20		
HP_FACIAL_HYPEROSTOSIS	5		Rejected!	
HP_FACIAL_HYPERTRICHOSIS	211	188		
HP_FACIAL_HYPOTONIA	49	32		
HP_FACIAL_MYOKYMIA	8		Rejected!	
HP_FACIAL_PARALYSIS	11		Rejected!	
HP_FACIAL_SHAPE_DEFORMATION	17	15		
HP_FACIAL_TELANGIECTASIA	16		Rejected!	
HP_FACIAL_TICS	15		Rejected!	
HP_FAILURE_OF_ERUPTION_OF_PERMANENT_TEETH	5		Rejected!	
HP_FAILURE_TO_THRIVE	1134		Rejected!	
HP_FAILURE_TO_THRIVE_IN_INFANCY	132	108		
HP_FAILURE_TO_THRIVE_SECONDARY_TO_RECURRENT_INFECTIONS	6		Rejected!	
HP_FAIR_HAIR	20	17		
HP_FALCIFORM_RETINAL_FOLD	6		Rejected!	
HP_FALLS	42	33		
HP_FASCICULATIONS	137	118		
HP_FASTING_HYPERINSULINEMIA	9		Rejected!	
HP_FASTING_HYPOGLYCEMIA	22	17		
HP_FATIGABLE_WEAKNESS_OF_BULBAR_MUSCLES	62	53		
HP_FATIGABLE_WEAKNESS_OF_DISTAL_LIMB_MUSCLES	8		Rejected!	
HP_FATIGABLE_WEAKNESS_OF_RESPIRATORY_MUSCLES	58	48		
HP_FATIGABLE_WEAKNESS_OF_SKELETAL_MUSCLES	45	38		
HP_FATIGABLE_WEAKNESS_OF_SWALLOWING_MUSCLES	42	36		
HP_FATIGUABLE_WEAKNESS_OF_PROXIMAL_LIMB_MUSCLES	22	17		
HP_FATIGUE	497	372		
HP_FATTY_REPLACEMENT_OF_SKELETAL_MUSCLE	41	34		
HP_FAT_MALABSORPTION	70	54		
HP_FEBRILE_SEIZURE_WITHIN_THE_AGE_RANGE_OF_3_MONTHS_TO_6_YEARS	149	130		
HP_FEEDING_DIFFICULTIES	1200		Rejected!	
HP_FEEDING_DIFFICULTIES_IN_INFANCY	610		Rejected!	
HP_FEMALE_EXTERNAL_GENITALIA_IN_INDIVIDUAL_WITH_46_XY_KARYOTYPE	17		Rejected!	
HP_FEMALE_HYPOGONADISM	28	20		
HP_FEMALE_INFERTILITY	83	63		
HP_FEMALE_PSEUDOHERMAPHRODITISM	7		Rejected!	
HP_FEMALE_REPRODUCTIVE_SYSTEM_NEOPLASM	72	49		
HP_FEMALE_SEXUAL_DYSFUNCTION	67	55		
HP_FEMORAL_BOWING	51	45		
HP_FEMORAL_HERNIA	20	19		
HP_FEMUR_FRACTURE	5		Rejected!	
HP_FETAL_AKINESIA_SEQUENCE	33	26		
HP_FETAL_ANOMALY	579		Rejected!	
HP_FETAL_ASCITES	8		Rejected!	
HP_FETAL_DISTRESS	65	61		
HP_FETAL_NECK_ANOMALY	113	102		
HP_FETAL_ONSET	203	169		
HP_FETAL_PERICARDIAL_EFFUSION	6		Rejected!	
HP_FETAL_PLEURAL_EFFUSION	6		Rejected!	
HP_FETAL_POLYURIA	12		Rejected!	
HP_FETAL_PYELECTASIS	11		Rejected!	
HP_FETAL_ULTRASOUND_SOFT_MARKER	125	111		
HP_FEVER	435	334		
HP_FEW_CAFE_AU_LAIT_SPOTS	7		Rejected!	
HP_FIBER_TYPE_GROUPING	13		Rejected!	
HP_FIBROADENOMA_OF_THE_BREAST	9		Rejected!	
HP_FIBROSARCOMA	5		Rejected!	
HP_FIBROUS_TISSUE_NEOPLASM	74	51		
HP_FIBULAR_APLASIA	10		Rejected!	
HP_FIBULAR_BOWING	12		Rejected!	
HP_FIBULAR_HYPOPLASIA	25	22		
HP_FIFTH_FINGER_DISTAL_PHALANX_CLINODACTYLY	28	27		
HP_FINE_HAIR	83	70		
HP_FINGERNAIL_DYSPLASIA	16		Rejected!	
HP_FINGERPRINT_INTRACELLULAR_ACCUMULATION_OF_AUTOFLUORESCENT_LIPOPIGMENT_STORAGE_MATERIAL	6		Rejected!	
HP_FINGER_AGNOSIA	7		Rejected!	
HP_FINGER_APLASIA	92	84		
HP_FINGER_CLINODACTYLY	455	408		
HP_FINGER_SWELLING	5		Rejected!	
HP_FINGER_SYNDACTYLY	205	188		
HP_FIRST_DEGREE_ATRIOVENTRICULAR_BLOCK	44	36		
HP_FIRST_DORSAL_INTEROSSEI_MUSCLE_WEAKNESS	8		Rejected!	
HP_FLANK_PAIN	14		Rejected!	
HP_FLARED_FEMORAL_METAPHYSIS	5		Rejected!	
HP_FLARED_ILIAC_WING	22	20		
HP_FLARED_LOWER_LIMB_METAPHYSIS	6		Rejected!	
HP_FLARED_METAPHYSIS	53	48		
HP_FLARED_NOSTRILS	10		Rejected!	
HP_FLARING_OF_RIB_CAGE	9		Rejected!	
HP_FLATTENED_EPIPHYSIS	24	23		
HP_FLATTENED_FEMORAL_EPIPHYSIS	13		Rejected!	
HP_FLATTENED_FEMORAL_HEAD	7		Rejected!	
HP_FLAT_ACETABULAR_ROOF	30	30		
HP_FLAT_CORNEA	23	20		
HP_FLAT_FACE	108	95		
HP_FLAT_FOREHEAD	17	16		
HP_FLAT_NASAL_ALAE	8		Rejected!	
HP_FLAT_OCCIPUT	61	53		
HP_FLEXION_CONTRACTURE_OF_DIGIT	335	298		
HP_FLEXION_CONTRACTURE_OF_THE_2ND_FINGER	5		Rejected!	
HP_FLOPPY_INFANT	195	167		
HP_FLUCTUATIONS_IN_CONSCIOUSNESS	20		Rejected!	
HP_FLUSHING	47	32		
HP_FOAMY_URINE	31	27		
HP_FOAM_CELLS	15		Rejected!	
HP_FOCAL_AUTOMATISM_SEIZURE	12		Rejected!	
HP_FOCAL_AUTONOMIC_SEIZURE	11		Rejected!	
HP_FOCAL_AWARE_SEIZURE	28	25		
HP_FOCAL_CLONIC_SEIZURE	44	35		
HP_FOCAL_COGNITIVE_SEIZURE	7		Rejected!	
HP_FOCAL_CORTICAL_DYSPLASIA	15		Rejected!	
HP_FOCAL_CORTICAL_DYSPLASIA_TYPE_II	5		Rejected!	
HP_FOCAL_DYSTONIA	139	119		
HP_FOCAL_EMOTIONAL_SEIZURE	20	17		
HP_FOCAL_HEMICLONIC_SEIZURE	26	21		
HP_FOCAL_HYPERKINETIC_SEIZURE	7		Rejected!	
HP_FOCAL_IMPAIRED_AWARENESS_SEIZURE	129	109		
HP_FOCAL_MOTOR_SEIZURE	113	91		
HP_FOCAL_MOTOR_STATUS_EPILEPTICUS	17	15		
HP_FOCAL_MYOCLONIC_SEIZURE	19		Rejected!	
HP_FOCAL_NON_MOTOR_SEIZURE	42	36		
HP_FOCAL_ONSET_SEIZURE	351	301		
HP_FOCAL_SEGMENTAL_GLOMERULOSCLEROSIS	74	60		
HP_FOCAL_SENSORY_SEIZURE	17		Rejected!	
HP_FOCAL_SENSORY_SEIZURE_WITH_VISUAL_FEATURES	6		Rejected!	
HP_FOCAL_T2_HYPERINTENSE_BASAL_GANGLIA_LESION	26	21		
HP_FOCAL_T2_HYPERINTENSE_BRAINSTEM_LESION	34	31		
HP_FOCAL_TONIC_SEIZURE	38	33		
HP_FOCAL_WHITE_MATTER_LESIONS	15		Rejected!	
HP_FOLLICULAR_HYPERKERATOSIS	30	25		
HP_FOLLICULAR_HYPERPLASIA	15		Rejected!	
HP_FOLLICULAR_THYROID_CARCINOMA	17		Rejected!	
HP_FOLLICULITIS	9		Rejected!	
HP_FOOD_ALLERGY	20	15		
HP_FOOD_INTOLERANCE	9		Rejected!	
HP_FOOT_ACROOSTEOLYSIS	8		Rejected!	
HP_FOOT_DORSIFLEXOR_WEAKNESS	145	125		
HP_FOOT_JOINT_CONTRACTURE	151	133		
HP_FOOT_OLIGODACTYLY	11		Rejected!	
HP_FRAGILE_NAILS	32	27		
HP_FRAGILE_SKIN	37	31		
HP_FRAGMENTED_ELASTIC_FIBERS_IN_THE_DERMIS	9		Rejected!	
HP_FRAGMENTED_EPIPHYSES	5		Rejected!	
HP_FRECKLING	48	43		
HP_FREQUENT_FALLS	142	119		
HP_FREQUENT_TEMPER_TANTRUMS	10		Rejected!	
HP_FRONTALIS_MUSCLE_WEAKNESS	10		Rejected!	
HP_FRONTAL_BALDING	17		Rejected!	
HP_FRONTAL_CORTICAL_ATROPHY	13		Rejected!	
HP_FRONTAL_HIRSUTISM	10		Rejected!	
HP_FRONTAL_LOBE_DEMENTIA	19	15		
HP_FRONTAL_POLYMICROGYRIA	7		Rejected!	
HP_FRONTAL_UPSWEEP_OF_HAIR	31	23		
HP_FRONTOTEMPORAL_CEREBRAL_ATROPHY	16		Rejected!	
HP_FRONTOTEMPORAL_DEMENTIA	52	44		
HP_FULL_CHEEKS	155	138		
HP_FULMINANT_HEPATIC_FAILURE	7		Rejected!	
HP_FUNCTIONAL_ABNORMALITY_OF_MALE_INTERNAL_GENITALIA	293	228		
HP_FUNCTIONAL_ABNORMALITY_OF_THE_GASTROINTESTINAL_TRACT	1268		Rejected!	
HP_FUNCTIONAL_ABNORMALITY_OF_THE_INNER_EAR	1077		Rejected!	
HP_FUNCTIONAL_ABNORMALITY_OF_THE_MIDDLE_EAR	377	338		
HP_FUNCTIONAL_INTESTINAL_OBSTRUCTION	10		Rejected!	
HP_FUNCTIONAL_MOTOR_DEFICIT	325	274		
HP_FUNDUS_ATROPHY	5		Rejected!	
HP_FUNDUS_HEMORRHAGE	30	23		
HP_FURROWED_TONGUE	43	33		
HP_FUSED_CERVICAL_VERTEBRAE	35	31		
HP_FUSION_OF_THE_CEREBELLAR_HEMISPHERES	6		Rejected!	
HP_GAIT_ATAXIA	267	240		
HP_GAIT_DISTURBANCE	1262		Rejected!	
HP_GAIT_IMBALANCE	75	65		
HP_GALACTORRHEA	10		Rejected!	
HP_GALACTOSURIA	5		Rejected!	
HP_GANGLIONEUROBLASTOMA	7		Rejected!	
HP_GANGLIONEUROMA	10		Rejected!	
HP_GANGRENE	56	40		
HP_GASTRIC_ULCER	6		Rejected!	
HP_GASTRITIS	22	18		
HP_GASTROESOPHAGEAL_REFLUX	521	454		
HP_GASTROINTESTINAL_ARTERIOVENOUS_MALFORMATION	5		Rejected!	
HP_GASTROINTESTINAL_ATRESIA	93	83		
HP_GASTROINTESTINAL_DESMOID_TUMOR	7		Rejected!	
HP_GASTROINTESTINAL_EOSINOPHILIA	14		Rejected!	
HP_GASTROINTESTINAL_HEMORRHAGE	164	121		
HP_GASTROINTESTINAL_INFARCTIONS	14		Rejected!	
HP_GASTROINTESTINAL_INFLAMMATION	180	154		
HP_GASTROINTESTINAL_OBSTRUCTION	93	71		
HP_GASTROINTESTINAL_STROMA_TUMOR	18		Rejected!	
HP_GASTROINTESTINAL_ULCER	52	41		
HP_GASTROPARESIS	35	31		
HP_GASTROSTOMY_TUBE_FEEDING_IN_INFANCY	104	92		
HP_GAZE_EVOKED_HORIZONTAL_NYSTAGMUS	18		Rejected!	
HP_GAZE_EVOKED_NYSTAGMUS	55	48		
HP_GENERALIZED_ABNORMALITY_OF_SKIN	1099		Rejected!	
HP_GENERALIZED_AMINOACIDURIA	14		Rejected!	
HP_GENERALIZED_AMYOTROPHY	89	78		
HP_GENERALIZED_CEREBRAL_ATROPHY_HYPOPLASIA	13		Rejected!	
HP_GENERALIZED_CLONIC_SEIZURE	34	27		
HP_GENERALIZED_DYSTONIA	35	32		
HP_GENERALIZED_EDEMA	27	23		
HP_GENERALIZED_HIRSUTISM	89	79		
HP_GENERALIZED_HYPERKERATOSIS	14		Rejected!	
HP_GENERALIZED_HYPERPIGMENTATION	39	33		
HP_GENERALIZED_HYPERREFLEXIA	16	16		
HP_GENERALIZED_HYPERTRICHOSIS	7		Rejected!	
HP_GENERALIZED_HYPOPIGMENTATION	37	29		
HP_GENERALIZED_HYPOPIGMENTATION_OF_HAIR	50	43		
HP_GENERALIZED_HYPOTONIA	669		Rejected!	
HP_GENERALIZED_ICHTHYOSIS	5		Rejected!	
HP_GENERALIZED_JOINT_HYPERMOBILITY	48	41		
HP_GENERALIZED_LIMB_MUSCLE_ATROPHY	20	18		
HP_GENERALIZED_LIPODYSTROPHY	8		Rejected!	
HP_GENERALIZED_LYMPHADENOPATHY	10		Rejected!	
HP_GENERALIZED_MUSCLE_WEAKNESS	134	108		
HP_GENERALIZED_MYOCLONIC_ATONIC_SEIZURE	11		Rejected!	
HP_GENERALIZED_MYOCLONIC_SEIZURE	155	125		
HP_GENERALIZED_NEONATAL_HYPOTONIA	23	19		
HP_GENERALIZED_ONSET_MOTOR_SEIZURE	205	166		
HP_GENERALIZED_ONSET_SEIZURE	361	306		
HP_GENERALIZED_OSTEOPOROSIS	19		Rejected!	
HP_GENERALIZED_OSTEOSCLEROSIS	9		Rejected!	
HP_GENERALIZED_TONIC_SEIZURE	64	52		
HP_GENERALIZED_WEAKNESS_OF_LIMB_MUSCLES	5		Rejected!	
HP_GENETIC_ANTICIPATION	9		Rejected!	
HP_GENITAL_HERNIA	8		Rejected!	
HP_GENITAL_NEOPLASM	154	113		
HP_GENITAL_TRACT_ATRESIA	19	18		
HP_GENITAL_ULCERS	20		Rejected!	
HP_GENU_VALGUM	168	148		
HP_GENU_VARUM	63	54		
HP_GEOGRAPHIC_ATROPHY	7		Rejected!	
HP_GERMINOMA	15		Rejected!	
HP_GERM_CELL_NEOPLASIA	45	33		
HP_GIANT_CELL_HEPATITIS	5		Rejected!	
HP_GIANT_PLATELETS	12		Rejected!	
HP_GIANT_SOMATOSENSORY_EVOKED_POTENTIALS	6		Rejected!	
HP_GINGIVAL_BLEEDING	59	46		
HP_GINGIVAL_FIBROMATOSIS	21	15		
HP_GINGIVAL_OVERGROWTH	126	107		
HP_GINGIVAL_RECESSION	7		Rejected!	
HP_GINGIVITIS	34	26		
HP_GLANULAR_HYPOSPADIAS	8		Rejected!	
HP_GLAUCOMA	377	329		
HP_GLIOBLASTOMA_MULTIFORME	24		Rejected!	
HP_GLIOMA	48	31		
HP_GLIOSIS	100	86		
HP_GLOBAL_BRAIN_ATROPHY	73	68		
HP_GLOBOZOOSPERMIA	9		Rejected!	
HP_GLOMERULAR_DEPOSITS	10		Rejected!	
HP_GLOMERULAR_SCLEROSIS	105	79		
HP_GLOMERULONEPHRITIS	116	90		
HP_GLOMERULOPATHY	41	30		
HP_GLOMUS_JUGULAR_TUMOR	5		Rejected!	
HP_GLOSSITIS	12		Rejected!	
HP_GLOSSOPTOSIS	32	29		
HP_GLUCAGONOMA	6		Rejected!	
HP_GLUCOCORTOCOID_INSENSITIVE_PRIMARY_HYPERALDOSTERONISM	5		Rejected!	
HP_GLUTARIC_ACIDURIA	7		Rejected!	
HP_GLYCOSURIA	44	30		
HP_GOITER	62	45		
HP_GONADAL_DYSGENESIS	38	33		
HP_GONADAL_NEOPLASM	104	71		
HP_GONADOBLASTOMA	17		Rejected!	
HP_GONADOTROPIN_DEFICIENCY	8		Rejected!	
HP_GOUT	20	15		
HP_GOWERS_SIGN	83	74		
HP_GRANULAR_MACULAR_APPEARANCE	9		Rejected!	
HP_GRANULOCYTIC_HYPERPLASIA	6		Rejected!	
HP_GRANULOMA	8		Rejected!	
HP_GRANULOMATOSIS	10		Rejected!	
HP_GRAY_MATTER_HETEROTOPIA	128	113		
HP_GUSTATORY_LACRIMATION	6		Rejected!	
HP_GYNECOMASTIA	103	77		
HP_HAIR_FOLLICLE_NEOPLASM	5		Rejected!	
HP_HAIR_PULLING	6		Rejected!	
HP_HALITOSIS	6		Rejected!	
HP_HALLUCINATIONS	159	132		
HP_HALLUX_VARUS	5		Rejected!	
HP_HAMARTOMA	65	42		
HP_HAMARTOMATOUS_POLYPOSIS	15		Rejected!	
HP_HAMARTOMA_OF_THE_EYE	30	15		
HP_HAMARTOMA_OF_TONGUE	23	23		
HP_HAMMERTOE	58	54		
HP_HAMSTRING_CONTRACTURES	9		Rejected!	
HP_HANDGRIP_MYOTONIA	6		Rejected!	
HP_HAND_APRAXIA	6		Rejected!	
HP_HAND_CLENCHING	34	31		
HP_HAND_MONODACTYLY	11		Rejected!	
HP_HAND_MUSCLE_ATROPHY	56	49		
HP_HAND_MUSCLE_WEAKNESS	51	45		
HP_HAND_POLYDACTYLY	180	168		
HP_HAND_TREMOR	44	38		
HP_HAPPY_DEMEANOR	26	24		
HP_HASHIMOTO_THYROIDITIS	18	16		
HP_HEADACHE	357	271		
HP_HEAD_BANGING	11		Rejected!	
HP_HEAD_TITUBATION	25	22		
HP_HEAD_TREMOR	47	43		
HP_HEART_BLOCK	136	104		
HP_HEAT_INTOLERANCE	25	21		
HP_HEINZ_BODIES	6		Rejected!	
HP_HELICOBACTER_PYLORI_INFECTION	5		Rejected!	
HP_HEMANGIOBLASTOMA	18		Rejected!	
HP_HEMANGIOMATOSIS	21		Rejected!	
HP_HEMATEMESIS	21		Rejected!	
HP_HEMATOCHEZIA	22	16		
HP_HEMATOLOGICAL_NEOPLASM	298	242		
HP_HEMATURIA	188	141		
HP_HEMERALOPIA	10		Rejected!	
HP_HEMIANOPIA	57	42		
HP_HEMIATROPHY	6		Rejected!	
HP_HEMIFACIAL_SPASM	12		Rejected!	
HP_HEMIHYPERTROPHY	25	17		
HP_HEMIMEGALENCEPHALY	14		Rejected!	
HP_HEMIPARESIS	107	79		
HP_HEMIPLEGIA	39	30		
HP_HEMIPLEGIA_HEMIPARESIS	237	180		
HP_HEMIVERTEBRAE	62	56		
HP_HEMOGLOBINURIA	12		Rejected!	
HP_HEMOLYTIC_UREMIC_SYNDROME	17	16		
HP_HEMOPHAGOCYTOSIS	22	20		
HP_HEMOPTYSIS	88	56		
HP_HEMORRHAGE_OF_THE_EYE	53	42		
HP_HEMOTHORAX	6		Rejected!	
HP_HEPARAN_SULFATE_EXCRETION_IN_URINE	9		Rejected!	
HP_HEPATIC_AMYLOIDOSIS	5		Rejected!	
HP_HEPATIC_BRIDGING_FIBROSIS	10		Rejected!	
HP_HEPATIC_CALCIFICATION	5		Rejected!	
HP_HEPATIC_CYSTS	24	21		
HP_HEPATIC_ENCEPHALOPATHY	24	23		
HP_HEPATIC_FAILURE	170	149		
HP_HEPATIC_FIBROSIS	152	146		
HP_HEPATIC_NECROSIS	14		Rejected!	
HP_HEPATIC_VEIN_THROMBOSIS	10		Rejected!	
HP_HEPATITIS	92	71		
HP_HEPATOBLASTOMA	27	21		
HP_HEPATOCELLULAR_ADENOMA	19	15		
HP_HEPATOCELLULAR_CARCINOMA	74	55		
HP_HEPATOMEGALY	671		Rejected!	
HP_HEPATOSPLENOMEGALY	165	134		
HP_HEREDITARY_NONPOLYPOSIS_COLORECTAL_CARCINOMA	32	24		
HP_HERNIA	597		Rejected!	
HP_HERPES_SIMPLEX_ENCEPHALITIS	10		Rejected!	
HP_HETEROCHROMIA_IRIDIS	24	21		
HP_HETERONYMOUS_HEMIANOPIA	16		Rejected!	
HP_HETEROPHORIA	11		Rejected!	
HP_HETEROTAXY	30	23		
HP_HETEROTROPIA	283	244		
HP_HIATUS_HERNIA	38	33		
HP_HIGHLY_ARCHED_EYEBROW	212	193		
HP_HIGHLY_ELEVATED_CREATINE_KINASE	13		Rejected!	
HP_HIGH_ANTERIOR_HAIRLINE	77	74		
HP_HIGH_FOREHEAD	308	274		
HP_HIGH_FREQUENCY_HEARING_IMPAIRMENT	8		Rejected!	
HP_HIGH_FREQUENCY_SENSORINEURAL_HEARING_IMPAIRMENT	6		Rejected!	
HP_HIGH_HYPERMETROPIA	82	70		
HP_HIGH_MYOPIA	97	86		
HP_HIGH_NARROW_PALATE	155	137		
HP_HIGH_OUTPUT_CONGESTIVE_HEART_FAILURE	6		Rejected!	
HP_HIGH_PALATE	799		Rejected!	
HP_HIGH_PITCHED_CRY	7		Rejected!	
HP_HIGH_SERUM_CALCITRIOL	6		Rejected!	
HP_HIPPOCAMPAL_ATROPHY	10		Rejected!	
HP_HIP_CONTRACTURE	63	55		
HP_HIP_DISLOCATION	263	232		
HP_HIP_DYSPLASIA	246	216		
HP_HIP_FLEXOR_WEAKNESS	15		Rejected!	
HP_HIP_OSTEOARTHRITIS	18	15		
HP_HIP_PAIN	12		Rejected!	
HP_HIP_SUBLUXATION	25	25		
HP_HIRSUTISM	215	186		
HP_HISTIOCYTOSIS	6		Rejected!	
HP_HITCHHIKER_THUMB	8		Rejected!	
HP_HOARSE_CRY	20	18		
HP_HOARSE_VOICE	117	96		
HP_HODGKIN_LYMPHOMA	25	19		
HP_HOFFMANN_SIGN	46	40		
HP_HOLOPROSENCEPHALY	81	74		
HP_HOMOCYSTINURIA	11		Rejected!	
HP_HOODED_EYELID	8		Rejected!	
HP_HORIZONTAL_EYEBROW	36	33		
HP_HORIZONTAL_NYSTAGMUS	115	103		
HP_HORIZONTAL_PENDULAR_NYSTAGMUS	8		Rejected!	
HP_HORIZONTAL_RIBS	17	17		
HP_HORNER_SYNDROME	8		Rejected!	
HP_HORSESHOE_KIDNEY	151	137		
HP_HUMERORADIAL_SYNOSTOSIS	11		Rejected!	
HP_HYDRANENCEPHALY	9		Rejected!	
HP_HYDROCELE_TESTIS	36	31		
HP_HYDROCEPHALUS	425	373		
HP_HYDROMETROCOLPOS	29	27		
HP_HYDROPS_FETALIS	127	115		
HP_HYDROURETER	77	66		
HP_HYDROXYPROLINEMIA	5		Rejected!	
HP_HYDROXYPROLINURIA	9		Rejected!	
HP_HYPERACTIVE_DEEP_TENDON_REFLEXES	28	24		
HP_HYPERACTIVE_RENIN_ANGIOTENSIN_SYSTEM	8		Rejected!	
HP_HYPERACTIVITY	562	490		
HP_HYPERACUSIS	29	26		
HP_HYPERAMMONEMIA	82	75		
HP_HYPERAUTOFLUORESCENT_MACULAR_LESION	13		Rejected!	
HP_HYPERAUTOFLUORESCENT_RETINAL_LESION	17		Rejected!	
HP_HYPERCALCEMIA	81	60		
HP_HYPERCHLOREMIC_ACIDOSIS	13		Rejected!	
HP_HYPERCHLORIDURIA	5		Rejected!	
HP_HYPERCHOLESTEROLEMIA	84	61		
HP_HYPERCOAGULABILITY	17		Rejected!	
HP_HYPERCONVEX_FINGERNAILS	9		Rejected!	
HP_HYPERCONVEX_NAIL	22	20		
HP_HYPERECHOGENIC_PANCREAS	5		Rejected!	
HP_HYPERESTHESIA	9		Rejected!	
HP_HYPEREXTENSIBILITY_AT_ELBOW	6		Rejected!	
HP_HYPEREXTENSIBILITY_OF_THE_FINGER_JOINTS	26	24		
HP_HYPEREXTENSIBILITY_OF_THE_KNEE	41	36		
HP_HYPEREXTENSIBLE_SKIN	69	65		
HP_HYPERFIBRINOGENEMIA	6		Rejected!	
HP_HYPERGALACTOSEMIA	7		Rejected!	
HP_HYPERGLUTAMINEMIA	9		Rejected!	
HP_HYPERGLYCEMIA	86	69		
HP_HYPERGLYCINURIA	14		Rejected!	
HP_HYPERGONADOTROPIC_HYPOGONADISM	63	53		
HP_HYPERGRANULOSIS	22	16		
HP_HYPERHIDROSIS	155	119		
HP_HYPERINSULINEMIC_HYPOGLYCEMIA	27	20		
HP_HYPERINTENSITY_OF_CEREBRAL_WHITE_MATTER_ON_MRI	77	65		
HP_HYPERISOLEUCINEMIA	5		Rejected!	
HP_HYPERKALEMIA	41	34		
HP_HYPERKERATOSIS	232	187		
HP_HYPERKERATOTIC_PAPULE	14		Rejected!	
HP_HYPERKETONEMIA	5		Rejected!	
HP_HYPERKINETIC_MOVEMENTS	41	34		
HP_HYPERLEUCINEMIA	5		Rejected!	
HP_HYPERLIPIDEMIA	164	130		
HP_HYPERLIPOPROTEINEMIA	40	24		
HP_HYPERLORDOSIS	226	200		
HP_HYPERLYSINURIA	5		Rejected!	
HP_HYPERMAGNESEMIA	7		Rejected!	
HP_HYPERMELANOTIC_MACULE	201	161		
HP_HYPERMETHIONINEMIA	9		Rejected!	
HP_HYPERMETRIC_SACCADES	12		Rejected!	
HP_HYPERMETROPIA	307	254		
HP_HYPERMOBILITY_OF_INTERPHALANGEAL_JOINTS	5		Rejected!	
HP_HYPERNASAL_SPEECH	113	97		
HP_HYPERNATREMIA	10		Rejected!	
HP_HYPERNATREMIC_DEHYDRATION	5		Rejected!	
HP_HYPERNATRIURIA	10		Rejected!	
HP_HYPEROPIC_ASTIGMATISM	5		Rejected!	
HP_HYPERORALITY	16		Rejected!	
HP_HYPEROSTOSIS	53	44		
HP_HYPEROXALURIA	6		Rejected!	
HP_HYPERPARATHYROIDISM	33	23		
HP_HYPERPHENYLALANINEMIA	6		Rejected!	
HP_HYPERPHOSPHATEMIA	21		Rejected!	
HP_HYPERPIGMENTATION_IN_SUN_EXPOSED_AREAS	7		Rejected!	
HP_HYPERPIGMENTATION_OF_THE_FUNDUS	7		Rejected!	
HP_HYPERPIGMENTATION_OF_THE_SKIN	329	267		
HP_HYPERPIGMENTED_HYPOPIGMENTED_MACULES	5		Rejected!	
HP_HYPERPIGMENTED_PAPULE	9		Rejected!	
HP_HYPERPITUITARISM	131	98		
HP_HYPERPLASIA_OF_MIDFACE	5		Rejected!	
HP_HYPERPLASIA_OF_THE_MAXILLA	11		Rejected!	
HP_HYPERPLASTIC_CALLUS_FORMATION	5		Rejected!	
HP_HYPERPROSTAGLANDINURIA	6		Rejected!	
HP_HYPERREFLEXIA	760		Rejected!	
HP_HYPERSEGMENTATION_OF_NEUTROPHIL_NUCLEI	6		Rejected!	
HP_HYPERSOMNIA	18	17		
HP_HYPERSPLENISM	20	16		
HP_HYPERTELORISM	840		Rejected!	
HP_HYPERTENSION	422	333		
HP_HYPERTENSIVE_CRISIS	21	15		
HP_HYPERTHYROIDISM	38	32		
HP_HYPERTONIA	1153		Rejected!	
HP_HYPERTONIC_DEHYDRATION	6		Rejected!	
HP_HYPERTRICHOSIS	300	256		
HP_HYPERTRIGLYCERIDEMIA	132	108		
HP_HYPERTROPHIC_CARDIOMYOPATHY	290	241		
HP_HYPERTROPHIC_NERVE_CHANGES	6		Rejected!	
HP_HYPERTYROSINEMIA	7		Rejected!	
HP_HYPERURICEMIA	29	21		
HP_HYPERURICOSURIA	10		Rejected!	
HP_HYPERVENTILATION	41	32		
HP_HYPNOPOMPIC_HALLUCINATION	8		Rejected!	
HP_HYPOALBUMINEMIA	122	107		
HP_HYPOARGININEMIA	8		Rejected!	
HP_HYPOAUTOFLUORESCENT_RETINAL_LESION	8		Rejected!	
HP_HYPOCALCEMIA	87	67		
HP_HYPOCALCEMIC_SEIZURES	12		Rejected!	
HP_HYPOCALCEMIC_TETANY	9		Rejected!	
HP_HYPOCALCIURIA	11		Rejected!	
HP_HYPOCHLOREMIA	7		Rejected!	
HP_HYPOCHOLESTEROLEMIA	17		Rejected!	
HP_HYPOCHROMIA	13		Rejected!	
HP_HYPOCHROMIC_ANEMIA	62	48		
HP_HYPOCHROMIC_MICROCYTIC_ANEMIA	22	15		
HP_HYPODONTIA	230	202		
HP_HYPOESTHESIA	26	23		
HP_HYPOGLYCEMIA	267	227		
HP_HYPOGLYCEMIC_COMA	20	17		
HP_HYPOGLYCEMIC_SEIZURES	26	22		
HP_HYPOGLYCORRHACHIA	6		Rejected!	
HP_HYPOGLYCOSYLATION_OF_ALPHA_DYSTROGLYCAN	11		Rejected!	
HP_HYPOGONADISM	359	293		
HP_HYPOGONADOTROPIC_HYPOGONADISM	177	141		
HP_HYPOHIDROSIS	75	66		
HP_HYPOINSULINEMIA	22	15		
HP_HYPOINTENSITY_OF_CEREBRAL_WHITE_MATTER_ON_MRI	14		Rejected!	
HP_HYPOKALEMIA	79	54		
HP_HYPOKALEMIC_ALKALOSIS	12		Rejected!	
HP_HYPOKALEMIC_METABOLIC_ALKALOSIS	9		Rejected!	
HP_HYPOKETOTIC_HYPOGLYCEMIA	15		Rejected!	
HP_HYPOKINESIA	55	43		
HP_HYPOLIPIDEMIA	9		Rejected!	
HP_HYPOLIPOPROTEINEMIA	68	51		
HP_HYPOMELANOTIC_MACULE	8		Rejected!	
HP_HYPOMETHIONINEMIA	8		Rejected!	
HP_HYPOMETRIC_SACCADES	18	17		
HP_HYPOMIMIC_FACE	38	32		
HP_HYPOPARATHYROIDISM	50	37		
HP_HYPOPHOSPHATEMIA	53	39		
HP_HYPOPHOSPHATEMIC_RICKETS	25	21		
HP_HYPOPIGMENTATION_OF_HAIR	98	85		
HP_HYPOPIGMENTATION_OF_THE_FUNDUS	28	21		
HP_HYPOPIGMENTATION_OF_THE_SKIN	215	177		
HP_HYPOPIGMENTED_MACULE	26	21		
HP_HYPOPIGMENTED_SKIN_PATCHES	122	102		
HP_HYPOPITUITARISM	185	155		
HP_HYPOPLASIA_OF_OLFACTORY_TRACT	11		Rejected!	
HP_HYPOPLASIA_OF_PENIS	413	359		
HP_HYPOPLASIA_OF_TEETH	128	112		
HP_HYPOPLASIA_OF_THE_BLADDER	8		Rejected!	
HP_HYPOPLASIA_OF_THE_COCHLEA	9		Rejected!	
HP_HYPOPLASIA_OF_THE_CORPUS_CALLOSUM	483	427		
HP_HYPOPLASIA_OF_THE_EAR_CARTILAGE	12		Rejected!	
HP_HYPOPLASIA_OF_THE_EPIGLOTTIS	10		Rejected!	
HP_HYPOPLASIA_OF_THE_FEMORAL_HEAD	5		Rejected!	
HP_HYPOPLASIA_OF_THE_FOVEA	36	28		
HP_HYPOPLASIA_OF_THE_FRONTAL_LOBES	40	37		
HP_HYPOPLASIA_OF_THE_IRIS	35	30		
HP_HYPOPLASIA_OF_THE_MUSCULATURE	25	20		
HP_HYPOPLASIA_OF_THE_ODONTOID_PROCESS	27	26		
HP_HYPOPLASIA_OF_THE_OLFACTORY_BULB	7		Rejected!	
HP_HYPOPLASIA_OF_THE_PHALANGES_OF_THE_TOES	8		Rejected!	
HP_HYPOPLASIA_OF_THE_PONS	91	82		
HP_HYPOPLASIA_OF_THE_PRIMARY_TEETH	7		Rejected!	
HP_HYPOPLASIA_OF_THE_RADIUS	45	40		
HP_HYPOPLASIA_OF_THE_THYMUS	38	32		
HP_HYPOPLASIA_OF_THE_UTERUS	53	43		
HP_HYPOPLASIA_OF_THE_VAGINA	16		Rejected!	
HP_HYPOPLASIA_OF_THE_VENTRAL_PONS	6		Rejected!	
HP_HYPOPLASIA_OF_THE_ZYGOMATIC_BONE	42	39		
HP_HYPOPLASTIC_ACETABULAE	5		Rejected!	
HP_HYPOPLASTIC_ANEMIA	7		Rejected!	
HP_HYPOPLASTIC_ANTERIOR_COMMISSURE	5		Rejected!	
HP_HYPOPLASTIC_AORTIC_ARCH	14		Rejected!	
HP_HYPOPLASTIC_DERMOEPIDERMAL_HEMIDESMOSOMES	7		Rejected!	
HP_HYPOPLASTIC_FEMALE_EXTERNAL_GENITALIA	67	58		
HP_HYPOPLASTIC_FIFTH_FINGERNAIL	14		Rejected!	
HP_HYPOPLASTIC_FIFTH_TOENAIL	16		Rejected!	
HP_HYPOPLASTIC_FINGERNAIL	53	45		
HP_HYPOPLASTIC_FRONTAL_SINUSES	7		Rejected!	
HP_HYPOPLASTIC_HEART	54	48		
HP_HYPOPLASTIC_HELICES	10		Rejected!	
HP_HYPOPLASTIC_HIPPOCAMPUS	17		Rejected!	
HP_HYPOPLASTIC_ILIA	54	47		
HP_HYPOPLASTIC_ILIAC_WING	31	27		
HP_HYPOPLASTIC_IRIS_STROMA	8		Rejected!	
HP_HYPOPLASTIC_ISCHIA	16	16		
HP_HYPOPLASTIC_LABIA_MAJORA	38	37		
HP_HYPOPLASTIC_NASAL_BRIDGE	5		Rejected!	
HP_HYPOPLASTIC_NIPPLES	40	35		
HP_HYPOPLASTIC_PELVIS	16	16		
HP_HYPOPLASTIC_PHILTRUM	6		Rejected!	
HP_HYPOPLASTIC_PUBIC_RAMUS	7		Rejected!	
HP_HYPOPLASTIC_SACRUM	6		Rejected!	
HP_HYPOPLASTIC_SPLEEN	10		Rejected!	
HP_HYPOPLASTIC_TOENAILS	80	69		
HP_HYPOPLASTIC_VERTEBRAL_BODIES	17	16		
HP_HYPOPROTEINEMIA	18	15		
HP_HYPOREFLEXIA	411	360		
HP_HYPOREFLEXIA_OF_LOWER_LIMBS	39	33		
HP_HYPOREFLEXIA_OF_UPPER_LIMBS	10		Rejected!	
HP_HYPOSEGMENTATION_OF_NEUTROPHIL_NUCLEI	6		Rejected!	
HP_HYPOSMIA	52	46		
HP_HYPOSTHENURIA	9		Rejected!	
HP_HYPOTELORISM	147	139		
HP_HYPOTENSION	112	89		
HP_HYPOTHALAMIC_HAMARTOMA	17	17		
HP_HYPOTHALAMIC_HYPOTHYROIDISM	12		Rejected!	
HP_HYPOTHERMIA	60	47		
HP_HYPOURICEMIA	17		Rejected!	
HP_HYPOVENTILATION	53	40		
HP_HYPOVOLEMIC_SHOCK	5		Rejected!	
HP_HYPSARRHYTHMIA	185	169		
HP_ICHTHYOSIS	145	124		
HP_IGA_DEPOSITION_IN_THE_GLOMERULUS	5		Rejected!	
HP_ILEAL_ATRESIA	5		Rejected!	
HP_ILEUS	34	26		
HP_IMMOTILE_CILIA	13		Rejected!	
HP_IMMOTILE_SPERM	15		Rejected!	
HP_IMMUNE_DYSREGULATION	11		Rejected!	
HP_IMMUNODEFICIENCY	223	179		
HP_IMMUNOLOGIC_HYPERSENSITIVITY	234	193		
HP_IMPACTED_TOOTH	7		Rejected!	
HP_IMPAIRED_ADP_INDUCED_PLATELET_AGGREGATION	18		Rejected!	
HP_IMPAIRED_ANTIGEN_SPECIFIC_RESPONSE	60	45		
HP_IMPAIRED_ARACHIDONIC_ACID_INDUCED_PLATELET_AGGREGATION	7		Rejected!	
HP_IMPAIRED_COLLAGEN_INDUCED_PLATELET_AGGREGATION	16		Rejected!	
HP_IMPAIRED_CORTISOL_RESPONSE_TO_INSULIN_STIMULATION_TEST	5		Rejected!	
HP_IMPAIRED_DISTAL_PROPRIOCEPTION	18	18		
HP_IMPAIRED_DISTAL_TACTILE_SENSATION	22	20		
HP_IMPAIRED_DISTAL_VIBRATION_SENSATION	54	52		
HP_IMPAIRED_EPINEPHRINE_INDUCED_PLATELET_AGGREGATION	9		Rejected!	
HP_IMPAIRED_EXECUTIVE_FUNCTIONING	11		Rejected!	
HP_IMPAIRED_GLUCOSE_TOLERANCE	37	27		
HP_IMPAIRED_HORIZONTAL_SMOOTH_PURSUIT	7		Rejected!	
HP_IMPAIRED_LYMPHOCYTE_TRANSFORMATION_WITH_PHYTOHEMAGGLUTININ	15		Rejected!	
HP_IMPAIRED_MASTICATION	53	49		
HP_IMPAIRED_MYOCARDIAL_CONTRACTILITY	10		Rejected!	
HP_IMPAIRED_NEUTROPHIL_CHEMOTAXIS	7		Rejected!	
HP_IMPAIRED_OCULAR_ABDUCTION	6		Rejected!	
HP_IMPAIRED_OCULAR_ADDUCTION	9		Rejected!	
HP_IMPAIRED_OROPHARYNGEAL_SWALLOW_RESPONSE	14		Rejected!	
HP_IMPAIRED_PAIN_SENSATION	83	66		
HP_IMPAIRED_PROPRIOCEPTION	157	144		
HP_IMPAIRED_RENAL_CONCENTRATING_ABILITY	7		Rejected!	
HP_IMPAIRED_RISTOCETIN_INDUCED_PLATELET_AGGREGATION	8		Rejected!	
HP_IMPAIRED_SMOOTH_PURSUIT	42	33		
HP_IMPAIRED_TACTILE_SENSATION	37	33		
HP_IMPAIRED_TANDEM_GAIT	12		Rejected!	
HP_IMPAIRED_TEMPERATURE_SENSATION	34	28		
HP_IMPAIRED_VIBRATION_SENSATION_AT_ANKLES	13		Rejected!	
HP_IMPAIRED_VIBRATION_SENSATION_IN_THE_LOWER_LIMBS	53	49		
HP_IMPAIRED_VIBRATORY_SENSATION	129	119		
HP_IMPAIRED_VISUOSPATIAL_CONSTRUCTIVE_COGNITION	35	26		
HP_IMPAIRMENT_IN_PERSONALITY_FUNCTIONING	235	195		
HP_IMPAIRMENT_OF_ACTIVITIES_OF_DAILY_LIVING	191	166		
HP_IMPERFORATE_HYMEN	5		Rejected!	
HP_IMPOTENCE	55	42		
HP_IMPULSIVITY	150	129		
HP_INABILITY_TO_WALK	389	333		
HP_INAPPROPRIATE_ANTIDIURETIC_HORMONE_SECRETION	8		Rejected!	
HP_INAPPROPRIATE_BEHAVIOR	14		Rejected!	
HP_INAPPROPRIATE_CRYING	18	17		
HP_INAPPROPRIATE_LAUGHTER	33	32		
HP_INCISOR_MACRODONTIA	16		Rejected!	
HP_INCOMPLETE_PARTITION_OF_THE_COCHLEA	9		Rejected!	
HP_INCOMPREHENSIBLE_SPEECH	8		Rejected!	
HP_INCOORDINATION	173	146		
HP_INCREASED_ADIPOSE_TISSUE	11		Rejected!	
HP_INCREASED_ARM_SPAN	7		Rejected!	
HP_INCREASED_ASPARTATE_FAMILY_AMINO_ACID_LEVEL_IN_URINE	7		Rejected!	
HP_INCREASED_AXIAL_LENGTH_OF_THE_GLOBE	5		Rejected!	
HP_INCREASED_BODY_MASS_INDEX	5		Rejected!	
HP_INCREASED_BODY_WEIGHT	416	346		
HP_INCREASED_BONE_MINERAL_DENSITY	112	106		
HP_INCREASED_CD4_CD8_RATIO	6		Rejected!	
HP_INCREASED_CEREBRAL_LIPOFUSCIN	10		Rejected!	
HP_INCREASED_CIRCULATING_ACTH_LEVEL	19	15		
HP_INCREASED_CIRCULATING_ALDOSTERONE_CONCENTRATION	32	24		
HP_INCREASED_CIRCULATING_ANDROGEN_CONCENTRATION	18		Rejected!	
HP_INCREASED_CIRCULATING_CORTISOL_LEVEL	33	24		
HP_INCREASED_CIRCULATING_CREATINE_KINASE_MB_ISOFORM	5		Rejected!	
HP_INCREASED_CIRCULATING_FREE_FATTY_ACID_LEVEL	7		Rejected!	
HP_INCREASED_CIRCULATING_GLOBULIN_LEVEL	5		Rejected!	
HP_INCREASED_CIRCULATING_GONADOTROPIN_LEVEL	94	70		
HP_INCREASED_CIRCULATING_HEMOGLOBIN_CONCENTRATION	14		Rejected!	
HP_INCREASED_CIRCULATING_IGA_CONCENTRATION	32	28		
HP_INCREASED_CIRCULATING_IGE_CONCENTRATION	45	37		
HP_INCREASED_CIRCULATING_IGG_CONCENTRATION	27	24		
HP_INCREASED_CIRCULATING_IGM_LEVEL	38	31		
HP_INCREASED_CIRCULATING_IMMUNOGLOBULIN_CONCENTRATION	112	90		
HP_INCREASED_CIRCULATING_INSULIN_LIKE_GROWTH_FACTOR_1_CONCENTRATION	6		Rejected!	
HP_INCREASED_CIRCULATING_INTERLEUKIN_6_CONCENTRATION	19	17		
HP_INCREASED_CIRCULATING_IRON_CONCENTRATION	14		Rejected!	
HP_INCREASED_CIRCULATING_LACTATE_CONCENTRATION	225	201		
HP_INCREASED_CIRCULATING_LACTATE_DEHYDROGENASE_CONCENTRATION	82	66		
HP_INCREASED_CIRCULATING_NT_PROBNP_CONCENTRATION	7		Rejected!	
HP_INCREASED_CIRCULATING_OSTEOCALCIN_LEVEL	5		Rejected!	
HP_INCREASED_CIRCULATING_PROLACTIN_CONCENTRATION	27	20		
HP_INCREASED_CIRCULATING_PYRUVATE_CONCENTRATION	59	48		
HP_INCREASED_CIRCULATING_RENIN_CONCENTRATION	19		Rejected!	
HP_INCREASED_CIRCULATING_THYROGLOBULIN_CONCENTRATION	9		Rejected!	
HP_INCREASED_CIRCULATING_TROPONIN_T_CONCENTRATION	5		Rejected!	
HP_INCREASED_CIRCULATING_VERY_LONG_CHAIN_FATTY_ACID_CONCENTRATION	10		Rejected!	
HP_INCREASED_CONNECTIVE_TISSUE	28	19		
HP_INCREASED_CORNEAL_THICKNESS	5		Rejected!	
HP_INCREASED_CUP_TO_DISC_RATIO	8		Rejected!	
HP_INCREASED_C_PEPTIDE_LEVEL	14		Rejected!	
HP_INCREASED_DENSITY_OF_LONG_BONES	12		Rejected!	
HP_INCREASED_ENDOMYSIAL_CONNECTIVE_TISSUE	33	30		
HP_INCREASED_FECAL_PORPHYRIN	5		Rejected!	
HP_INCREASED_FEMALE_LIBIDO	18		Rejected!	
HP_INCREASED_FEMORAL_ANTEVERSION	5		Rejected!	
HP_INCREASED_GLUTAMINE_FAMILY_AMINO_ACID_LEVEL_IN_URINE	5		Rejected!	
HP_INCREASED_HEMATOCRIT	11		Rejected!	
HP_INCREASED_HEPATIC_ECHOGENICITY	6		Rejected!	
HP_INCREASED_INFLAMMATORY_RESPONSE	1309		Rejected!	
HP_INCREASED_INTERVERTEBRAL_SPACE	6		Rejected!	
HP_INCREASED_INTRACRANIAL_PRESSURE	92	65		
HP_INCREASED_INTRAMYOCELLULAR_LIPID_DROPLETS	22	18		
HP_INCREASED_LAXITY_OF_ANKLES	5		Rejected!	
HP_INCREASED_LAXITY_OF_FINGERS	5		Rejected!	
HP_INCREASED_LDL_CHOLESTEROL_CONCENTRATION	33	20		
HP_INCREASED_LEVEL_OF_HIPPURIC_ACID_IN_URINE	5		Rejected!	
HP_INCREASED_LEVEL_OF_L_FUCOSE_IN_URINE	16		Rejected!	
HP_INCREASED_MEAN_CORPUSCULAR_HEMOGLOBIN_CONCENTRATION	16		Rejected!	
HP_INCREASED_MEAN_CORPUSCULAR_VOLUME	53	45		
HP_INCREASED_MEAN_PLATELET_VOLUME	28	20		
HP_INCREASED_MEGAKARYOCYTE_COUNT	8		Rejected!	
HP_INCREASED_MUSCLE_FATIGUABILITY	19		Rejected!	
HP_INCREASED_MUSCLE_LIPID_CONTENT	39	32		
HP_INCREASED_NEURONAL_AUTOFLUORESCENT_LIPOPIGMENT	8		Rejected!	
HP_INCREASED_NUCHAL_TRANSLUCENCY	57	52		
HP_INCREASED_NUMBER_OF_SKIN_FOLDS	6		Rejected!	
HP_INCREASED_OVERBITE	13		Rejected!	
HP_INCREASED_PROPORTION_OF_CD25_MAST_CELLS	6		Rejected!	
HP_INCREASED_PROTEINOGENIC_AMINO_ACID_LEVEL_IN_URINE	45	39		
HP_INCREASED_PULMONARY_VASCULAR_RESISTANCE	13		Rejected!	
HP_INCREASED_RED_BLOOD_CELL_MASS	5		Rejected!	
HP_INCREASED_RED_CELL_SICKLING_TENDENCY	5		Rejected!	
HP_INCREASED_SENSITIVITY_TO_IONIZING_RADIATION	14		Rejected!	
HP_INCREASED_SERUM_ESTRADIOL	9		Rejected!	
HP_INCREASED_SERUM_SEROTONIN	13		Rejected!	
HP_INCREASED_SERUM_TESTOSTERONE_LEVEL	11		Rejected!	
HP_INCREASED_SKULL_OSSIFICATION	8		Rejected!	
HP_INCREASED_SULFUR_AMINO_ACID_LEVEL_IN_URINE	17	16		
HP_INCREASED_SUSCEPTIBILITY_TO_FRACTURES	230	193		
HP_INCREASED_THETA_FREQUENCY_ACTIVITY_IN_EEG	11		Rejected!	
HP_INCREASED_TOTAL_BILIRUBIN	14		Rejected!	
HP_INCREASED_TOTAL_B_CELL_COUNT	11		Rejected!	
HP_INCREASED_TOTAL_EOSINOPHIL_COUNT	59	43		
HP_INCREASED_TOTAL_LEUKOCYTE_COUNT	106	82		
HP_INCREASED_TOTAL_LYMPHOCYTE_COUNT	16		Rejected!	
HP_INCREASED_TOTAL_MONOCYTE_COUNT	15		Rejected!	
HP_INCREASED_TOTAL_NEUTROPHIL_COUNT	23	19		
HP_INCREASED_TOTAL_T_CELL_COUNT	6		Rejected!	
HP_INCREASED_URINARY_CORTISOL_LEVEL	16		Rejected!	
HP_INCREASED_URINARY_NON_PROTEINOGENIC_AMINO_ACID_LEVEL	33	27		
HP_INCREASED_URINARY_PORPHOBILINOGEN	6		Rejected!	
HP_INCREASED_URINARY_POTASSIUM	9		Rejected!	
HP_INCREASED_URINE_PROTEINOGENIC_AMINO_ACID_DERIVATIVE_LEVEL	11		Rejected!	
HP_INCREASED_VERTEBRAL_HEIGHT	10		Rejected!	
HP_INEFFECTIVE_ESOPHAGEAL_PERISTALSIS	18		Rejected!	
HP_INERTIA	5		Rejected!	
HP_INFANTILE_ENCEPHALOPATHY	8		Rejected!	
HP_INFANTILE_ONSET	1398		Rejected!	
HP_INFANTILE_SENSORINEURAL_HEARING_IMPAIRMENT	5		Rejected!	
HP_INFANTILE_SPASMS	158	137		
HP_INFECTION_FOLLOWING_LIVE_VACCINATION	25	21		
HP_INFECTIOUS_ENCEPHALITIS	45	37		
HP_INFERIOR_CEREBELLAR_VERMIS_HYPOPLASIA	16	16		
HP_INFERTILITY	315	231		
HP_INFLAMMATION_OF_THE_LARGE_INTESTINE	132	117		
HP_INFLAMMATORY_ABNORMALITY_OF_THE_EYE	227	181		
HP_INFRA_ORBITAL_CREASE	9		Rejected!	
HP_INGUINAL_FRECKLING	7		Rejected!	
HP_INGUINAL_HERNIA	316	283		
HP_INHERITANCE_QUALIFIER	334	269		
HP_INSIDIOUS_ONSET	20		Rejected!	
HP_INSISTENCE_ON_SAMENESS	6		Rejected!	
HP_INSOMNIA	73	65		
HP_INSPIRATORY_STRIDOR	16	15		
HP_INSULINOMA	6		Rejected!	
HP_INSULIN_RESISTANCE	110	87		
HP_INSULIN_RESISTANT_DIABETES_MELLITUS	39	26		
HP_INTELLECTUAL_DISABILITY_BORDERLINE	29	24		
HP_INTELLECTUAL_DISABILITY_MILD	372	337		
HP_INTELLECTUAL_DISABILITY_MODERATE	179	157		
HP_INTELLECTUAL_DISABILITY_PROFOUND	110	97		
HP_INTELLECTUAL_DISABILITY_PROGRESSIVE	39	35		
HP_INTELLECTUAL_DISABILITY_SEVERE	377	332		
HP_INTERCOSTAL_MUSCLE_WEAKNESS	11		Rejected!	
HP_INTERHEMISPHERIC_CYST	7		Rejected!	
HP_INTERICTAL_EEG_ABNORMALITY	327	292		
HP_INTERMEDIATE_YOUNG_ADULT_ONSET	21	16		
HP_INTERMITTENT_CLAUDICATION	11		Rejected!	
HP_INTERMITTENT_DIARRHEA	22	15		
HP_INTERMITTENT_EPISODES_OF_RESPIRATORY_INSUFFICIENCY_DUE_TO_MUSCLE_WEAKNESS	14		Rejected!	
HP_INTERMITTENT_HYPERVENTILATION	6		Rejected!	
HP_INTERMITTENT_JAUNDICE	9		Rejected!	
HP_INTERMITTENT_THROMBOCYTOPENIA	5		Rejected!	
HP_INTERNALLY_NUCLEATED_SKELETAL_MUSCLE_FIBERS	8		Rejected!	
HP_INTEROSSEUS_MUSCLE_ATROPHY	5		Rejected!	
HP_INTERPHALANGEAL_JOINT_EROSIONS	7		Rejected!	
HP_INTERRUPTED_AORTIC_ARCH	22	19		
HP_INTERRUPTED_INFERIOR_VENA_CAVA_WITH_AZYGOUS_CONTINUATION	5		Rejected!	
HP_INTERSTITIAL_CARDIAC_FIBROSIS	10		Rejected!	
HP_INTERSTITIAL_PNEUMONITIS	17		Rejected!	
HP_INTERVERTEBRAL_DISK_DEGENERATION	6		Rejected!	
HP_INTERVERTEBRAL_SPACE_NARROWING	10		Rejected!	
HP_INTESTINAL_ATRESIA	67	59		
HP_INTESTINAL_BLEEDING	6		Rejected!	
HP_INTESTINAL_CARCINOID	6		Rejected!	
HP_INTESTINAL_FISTULA	35	30		
HP_INTESTINAL_HYPOPLASIA	21		Rejected!	
HP_INTESTINAL_LYMPHANGIECTASIA	5		Rejected!	
HP_INTESTINAL_MALROTATION	154	137		
HP_INTESTINAL_PERFORATION	20	18		
HP_INTESTINAL_POLYP	53	33		
HP_INTESTINAL_PSEUDO_OBSTRUCTION	35	22		
HP_INTRAALVEOLAR_PHOSPHOLIPID_ACCUMULATION	10		Rejected!	
HP_INTRACEREBRAL_PERIVENTRICULAR_CALCIFICATIONS	9		Rejected!	
HP_INTRACRANIAL_HEMORRHAGE	159	120		
HP_INTRACRANIAL_MENINGIOMA	11		Rejected!	
HP_INTRACTABLE_DIARRHEA	8		Rejected!	
HP_INTRAHEPATIC_BILE_DUCT_DILATATION	5		Rejected!	
HP_INTRAHEPATIC_BILIARY_ATRESIA	7		Rejected!	
HP_INTRAMUSCULAR_HEMATOMA	8		Rejected!	
HP_INTRAUTERINE_GROWTH_RETARDATION	632		Rejected!	
HP_INTRAVENTRICULAR_HEMORRHAGE	10		Rejected!	
HP_INTRA_EPIDERMAL_BLISTERING	6		Rejected!	
HP_INTRA_ORAL_HYPERPIGMENTATION	9		Rejected!	
HP_INTRINSIC_HAND_MUSCLE_ATROPHY	29	24		
HP_INTUSSUSCEPTION	10		Rejected!	
HP_INVERTED_CD4_CD8_RATIO	11		Rejected!	
HP_INVERTED_NIPPLES	51	45		
HP_INVOLUNTARY_MOVEMENTS	1086		Rejected!	
HP_INVOLUNTARY_VOCALIZATION	51	47		
HP_IRIDOCYCLITIS	12		Rejected!	
HP_IRIDODONESIS	8		Rejected!	
HP_IRIS_ATROPHY	12		Rejected!	
HP_IRIS_COLOBOMA	181	164		
HP_IRIS_HYPOPIGMENTATION	63	56		
HP_IRIS_MELANOMA	5		Rejected!	
HP_IRIS_TRANSILLUMINATION_DEFECT	15		Rejected!	
HP_IRON_ACCUMULATION_IN_BRAIN	16		Rejected!	
HP_IRON_DEFICIENCY_ANEMIA	33	25		
HP_IRREGULARLY_SHAPED_SPERM_TAIL	17	17		
HP_IRREGULAR_ACETABULAR_ROOF	7		Rejected!	
HP_IRREGULAR_CAPITAL_FEMORAL_EPIPHYSIS	6		Rejected!	
HP_IRREGULAR_DENTITION	6		Rejected!	
HP_IRREGULAR_EPIPHYSES	25	23		
HP_IRREGULAR_FEMORAL_EPIPHYSIS	10		Rejected!	
HP_IRREGULAR_HYPERPIGMENTATION	239	192		
HP_IRREGULAR_ILIAC_CREST	6		Rejected!	
HP_IRREGULAR_MENSTRUATION	55	49		
HP_IRREGULAR_VERTEBRAL_ENDPLATES	31	28		
HP_IRRITABILITY	276	220		
HP_ISOMERISM	8		Rejected!	
HP_IVORY_EPIPHYSES	9		Rejected!	
HP_IVORY_EPIPHYSES_OF_THE_PHALANGES_OF_THE_HAND	6		Rejected!	
HP_JAUNDICE	230	189		
HP_JAW_CLAUDICATION	5		Rejected!	
HP_JAW_HYPERREFLEXIA	41	34		
HP_JEJUNAL_ATRESIA	9		Rejected!	
HP_JERKY_HEAD_MOVEMENTS	11		Rejected!	
HP_JERKY_OCULAR_PURSUIT_MOVEMENTS	9		Rejected!	
HP_JOINT_CONTRACTURE_OF_THE_3RD_FINGER	7		Rejected!	
HP_JOINT_CONTRACTURE_OF_THE_4TH_FINGER	7		Rejected!	
HP_JOINT_CONTRACTURE_OF_THE_5TH_FINGER	16	16		
HP_JOINT_CONTRACTURE_OF_THE_HAND	287	258		
HP_JOINT_DISLOCATION	390	337		
HP_JOINT_HEMORRHAGE	17		Rejected!	
HP_JOINT_HYPERMOBILITY	556	489		
HP_JOINT_STIFFNESS	202	173		
HP_JOINT_SUBLUXATION	31	27		
HP_JOINT_SWELLING	52	37		
HP_JUNCTIONAL_ECTOPIC_TACHYCARDIA	5		Rejected!	
HP_JUVENILE_ASEPTIC_NECROSIS	43	40		
HP_JUVENILE_CATARACT	11		Rejected!	
HP_JUVENILE_MYELOMONOCYTIC_LEUKEMIA	18	18		
HP_JUVENILE_ONSET	708		Rejected!	
HP_JUVENILE_RHEUMATOID_ARTHRITIS	6		Rejected!	
HP_J_SHAPED_SELLA_TURCICA	13		Rejected!	
HP_KELOIDS	13		Rejected!	
HP_KERATAN_SULFATE_EXCRETION_IN_URINE	5		Rejected!	
HP_KERATITIS	103	83		
HP_KERATOACANTHOMA	5		Rejected!	
HP_KERATOCONJUNCTIVITIS	62	52		
HP_KERATOSIS_PILARIS	35	30		
HP_KETOACIDOSIS	41	32		
HP_KETONURIA	37	26		
HP_KETOSIS	69	57		
HP_KETOTIC_HYPOGLYCEMIA	12		Rejected!	
HP_KINETIC_TREMOR	112	95		
HP_KINKED_BRAINSTEM	6		Rejected!	
HP_KNEE_CLONUS	9		Rejected!	
HP_KNEE_CONTRACTURE	112	98		
HP_KNEE_DISLOCATION	15		Rejected!	
HP_KNEE_JOINT_HYPERMOBILITY	5		Rejected!	
HP_KNEE_OSTEOARTHRITIS	15		Rejected!	
HP_KNEE_PAIN	17	17		
HP_KNUCKLE_PAD	9		Rejected!	
HP_KYPHOSCOLIOSIS	196	177		
HP_KYPHOSIS	472	416		
HP_LABIAL_HYPERTROPHY	8		Rejected!	
HP_LACK_OF_INSIGHT	10		Rejected!	
HP_LACK_OF_SKIN_ELASTICITY	62	46		
HP_LACRIMAL_DUCT_APLASIA	11		Rejected!	
HP_LACRIMAL_DUCT_ATRESIA	6		Rejected!	
HP_LACRIMAL_DUCT_STENOSIS	20	19		
HP_LACRIMATION_ABNORMALITY	93	84		
HP_LACTICACIDURIA	35	29		
HP_LACTIC_ACIDOSIS	195	171		
HP_LACTOSE_INTOLERANCE	5		Rejected!	
HP_LACUNAR_STROKE	6		Rejected!	
HP_LAGOPHTHALMOS	20		Rejected!	
HP_LAMBDOIDAL_CRANIOSYNOSTOSIS	19	16		
HP_LAMELLAR_CATARACT	6		Rejected!	
HP_LAMINA_LUCIDA_CLEAVAGE	10		Rejected!	
HP_LANGUAGE_IMPAIRMENT	1185		Rejected!	
HP_LARGE_CAFE_AU_LAIT_MACULES_WITH_IRREGULAR_MARGINS	6		Rejected!	
HP_LARGE_EARLOBE	39	37		
HP_LARGE_FACE	286	256		
HP_LARGE_FLESHY_EARS	13		Rejected!	
HP_LARGE_FONTANELLES	173	153		
HP_LARGE_FORAMEN_MAGNUM	6		Rejected!	
HP_LARGE_FOREHEAD	26	18		
HP_LARGE_FOR_GESTATIONAL_AGE	53	43		
HP_LARGE_HANDS	36	26		
HP_LARGE_ILIAC_WING	6		Rejected!	
HP_LARGE_INTESTINAL_POLYPOSIS	32	19		
HP_LARGE_JOINT_HYPERMOBILTY	8		Rejected!	
HP_LARGE_PLACENTA	8		Rejected!	
HP_LARGE_POSTERIOR_FONTANELLE	19		Rejected!	
HP_LARGE_SELLA_TURCICA	15		Rejected!	
HP_LARYNGEAL_CARCINOMA	10		Rejected!	
HP_LARYNGEAL_CLEFT	7		Rejected!	
HP_LARYNGEAL_DYSTONIA	15		Rejected!	
HP_LARYNGEAL_EDEMA	5		Rejected!	
HP_LARYNGEAL_HYPOPLASIA	9		Rejected!	
HP_LARYNGEAL_STENOSIS	16		Rejected!	
HP_LARYNGEAL_STRIDOR	7		Rejected!	
HP_LARYNGOMALACIA	84	78		
HP_LARYNGOTRACHEAL_STENOSIS	5		Rejected!	
HP_LARYNGOTRACHEOMALACIA	7		Rejected!	
HP_LATERALLY_EXTENDED_EYEBROW	5		Rejected!	
HP_LATERAL_CLAVICLE_HOOK	16	16		
HP_LATERAL_VENTRICLE_DILATATION	93	80		
HP_LATE_FIRST_TRIMESTER_ONSET	10		Rejected!	
HP_LATE_ONSET	138	105		
HP_LATE_ONSET_PROXIMAL_MUSCLE_WEAKNESS	8		Rejected!	
HP_LATE_YOUNG_ADULT_ONSET	43	34		
HP_LEBER_OPTIC_ATROPHY	10		Rejected!	
HP_LEFT_ANTERIOR_FASCICULAR_BLOCK	7		Rejected!	
HP_LEFT_BUNDLE_BRANCH_BLOCK	18		Rejected!	
HP_LEFT_SUPERIOR_VENA_CAVA_DRAINING_TO_CORONARY_SINUS	5		Rejected!	
HP_LEFT_TO_RIGHT_SHUNT	11		Rejected!	
HP_LEFT_VENTRICULAR_DIASTOLIC_DYSFUNCTION	7		Rejected!	
HP_LEFT_VENTRICULAR_HYPERTROPHY	114	90		
HP_LEFT_VENTRICULAR_NONCOMPACTION_CARDIOMYOPATHY	10		Rejected!	
HP_LEFT_VENTRICULAR_OUTFLOW_TRACT_OBSTRUCTION	8		Rejected!	
HP_LEFT_VENTRICULAR_SYSTOLIC_DYSFUNCTION	91	74		
HP_LEG_DYSTONIA	8		Rejected!	
HP_LEG_MUSCLE_STIFFNESS	16	15		
HP_LEIOMYOSARCOMA	28	21		
HP_LENS_COLOBOMA	6		Rejected!	
HP_LENS_LUXATION	8		Rejected!	
HP_LENS_SUBLUXATION	15	15		
HP_LENTICONUS	10		Rejected!	
HP_LETHAL_SKELETAL_DYSPLASIA	10		Rejected!	
HP_LETHARGY	248	218		
HP_LEUKEMIA	173	143		
HP_LEUKOCORIA	8		Rejected!	
HP_LEUKODYSTROPHY	101	90		
HP_LEUKOENCEPHALOPATHY	230	209		
HP_LEUKONYCHIA	14		Rejected!	
HP_LEWY_BODIES	30	24		
HP_LICHENIFICATION	15		Rejected!	
HP_LIMBAL_DERMOID	8		Rejected!	
HP_LIMBAL_STEM_CELL_DEFICIENCY	10		Rejected!	
HP_LIMB_ATAXIA	92	81		
HP_LIMB_DYSMETRIA	16	15		
HP_LIMB_DYSTONIA	86	73		
HP_LIMB_FASCICULATIONS	8		Rejected!	
HP_LIMB_GIRDLE_MUSCLE_ATROPHY	38	30		
HP_LIMB_GIRDLE_MUSCLE_WEAKNESS	102	85		
HP_LIMB_GIRDLE_MUSCULAR_DYSTROPHY	17		Rejected!	
HP_LIMB_HYPERTONIA	163	144		
HP_LIMB_JOINT_CONTRACTURE	471	415		
HP_LIMB_MUSCLE_WEAKNESS	362	315		
HP_LIMB_MYOCLONUS	29	24		
HP_LIMB_PAIN	57	49		
HP_LIMB_TREMOR	22	21		
HP_LIMB_UNDERGROWTH	247	227		
HP_LIMITATION_OF_JOINT_MOBILITY	422	367		
HP_LIMITATION_OF_KNEE_MOBILITY	36	32		
HP_LIMITATION_OF_MOVEMENT_AT_ANKLES	8		Rejected!	
HP_LIMITATION_OF_NECK_MOTION	37	30		
HP_LIMITED_ELBOW_EXTENSION	54	50		
HP_LIMITED_ELBOW_FLEXION	10		Rejected!	
HP_LIMITED_ELBOW_MOVEMENT	168	150		
HP_LIMITED_EXTRAOCULAR_MOVEMENTS	15		Rejected!	
HP_LIMITED_HIP_EXTENSION	6		Rejected!	
HP_LIMITED_HIP_MOVEMENT	25	23		
HP_LIMITED_KNEE_EXTENSION	21	18		
HP_LIMITED_KNEE_FLEXION	5		Rejected!	
HP_LIMITED_NECK_RANGE_OF_MOTION	11		Rejected!	
HP_LIMITED_PRONATION_SUPINATION_OF_FOREARM	11		Rejected!	
HP_LINEAR_ARRAYS_OF_MACULAR_HYPERKERATOSES_IN_FLEXURAL_AREAS	5		Rejected!	
HP_LINGUAL_DYSTONIA	5		Rejected!	
HP_LIPEMIA_RETINALIS	6		Rejected!	
HP_LIPOATROPHY	79	58		
HP_LIPODYSTROPHY	125	95		
HP_LIPOMA	29	19		
HP_LIP_PIT	13		Rejected!	
HP_LIP_TELANGIECTASIA	6		Rejected!	
HP_LISSENCEPHALY	189	172		
HP_LIVEDO	20	15		
HP_LIVER_ABSCESS	12		Rejected!	
HP_LOBAR_HOLOPROSENCEPHALY	26	24		
HP_LOBULATED_TONGUE	18	18		
HP_LOCALIZED_HIRSUTISM	21	19		
HP_LOCALIZED_OSTEOPOROSIS	22	18		
HP_LOCALIZED_SKIN_LESION	897		Rejected!	
HP_LONG_BONE_FRACTURE	12		Rejected!	
HP_LONG_CLAVICLES	15		Rejected!	
HP_LONG_EAR	6		Rejected!	
HP_LONG_EYELASHES	133	114		
HP_LONG_FINGERS	313	283		
HP_LONG_FOOT	29	23		
HP_LONG_HALLUX	22	20		
HP_LONG_NASAL_BRIDGE	5		Rejected!	
HP_LONG_NECK	8		Rejected!	
HP_LONG_NOSE	42	40		
HP_LONG_PALM	5		Rejected!	
HP_LONG_PALPEBRAL_FISSURE	74	63		
HP_LONG_PENIS	9		Rejected!	
HP_LONG_PHILTRUM	433	387		
HP_LONG_THORAX	8		Rejected!	
HP_LONG_THUMB	8		Rejected!	
HP_LONG_TOE	46	41		
HP_LONG_UPPER_LIP	8		Rejected!	
HP_LOP_EAR	9		Rejected!	
HP_LOSS_OF_AMBULATION	145	128		
HP_LOSS_OF_CONSCIOUSNESS	27	22		
HP_LOSS_OF_EYELASHES	6		Rejected!	
HP_LOSS_OF_PURKINJE_CELLS_IN_THE_CEREBELLAR_VERMIS	5		Rejected!	
HP_LOSS_OF_SPEECH	46	37		
HP_LOSS_OF_SUBCUTANEOUS_ADIPOSE_TISSUE_IN_LIMBS	10		Rejected!	
HP_LOSS_OF_VOICE	6		Rejected!	
HP_LOWER_EXTREMITY_JOINT_DISLOCATION	318	279		
HP_LOWER_EYELID_COLOBOMA	10		Rejected!	
HP_LOWER_LIMB_AMYOTROPHY	89	79		
HP_LOWER_LIMB_ASYMMETRY	50	46		
HP_LOWER_LIMB_HYPERREFLEXIA	91	77		
HP_LOWER_LIMB_HYPERTONIA	36	30		
HP_LOWER_LIMB_JOINT_CONTRACTURE	230	199		
HP_LOWER_LIMB_METAPHYSEAL_IRREGULARITY	11		Rejected!	
HP_LOWER_LIMB_MUSCLE_WEAKNESS	235	205		
HP_LOWER_LIMB_PAIN	41	36		
HP_LOWER_LIMB_SPASTICITY	269	230		
HP_LOWER_LIMB_UNDERGROWTH	16		Rejected!	
HP_LOW_1_MINUTE_APGAR_SCORE	13		Rejected!	
HP_LOW_ANTERIOR_HAIRLINE	150	131		
HP_LOW_APGAR_SCORE	18		Rejected!	
HP_LOW_BACK_PAIN	15		Rejected!	
HP_LOW_FRUSTRATION_TOLERANCE	20	16		
HP_LOW_GRADE_FEVER	11		Rejected!	
HP_LOW_HANGING_COLUMELLA	60	53		
HP_LOW_INSERTION_OF_COLUMELLA	7		Rejected!	
HP_LOW_MOLECULAR_WEIGHT_PROTEINURIA	7		Rejected!	
HP_LOW_PLASMA_CITRULLINE	19		Rejected!	
HP_LOW_SELF_ESTEEM	11		Rejected!	
HP_LOW_SERUM_CALCITRIOL	7		Rejected!	
HP_LOW_SET_EARS	773		Rejected!	
HP_LOW_SET_NIPPLES	12		Rejected!	
HP_LUMBAR_HYPERLORDOSIS	101	92		
HP_LUMBAR_KYPHOSIS	9		Rejected!	
HP_LUMBAR_SCOLIOSIS	16		Rejected!	
HP_LUPUS_ANTICOAGULANT	7		Rejected!	
HP_LUPUS_NEPHRITIS	32	19		
HP_LYMPHADENITIS	18	15		
HP_LYMPHANGIECTASIS	10		Rejected!	
HP_LYMPHANGIOMA	11		Rejected!	
HP_LYMPHEDEMA	75	65		
HP_LYMPHOMA	121	89		
HP_LYMPHOPROLIFERATIVE_DISORDER	17		Rejected!	
HP_LYMPH_NODE_HYPOPLASIA	5		Rejected!	
HP_MACROCEPHALY	453	406		
HP_MACROCEPHALY_AT_BIRTH	9		Rejected!	
HP_MACROCYTIC_ANEMIA	75	66		
HP_MACRODONTIA	31	26		
HP_MACRODONTIA_OF_PERMANENT_MAXILLARY_CENTRAL_INCISOR	13		Rejected!	
HP_MACROGLOSSIA	161	129		
HP_MACROORCHIDISM	20		Rejected!	
HP_MACROSCOPIC_HEMATURIA	20		Rejected!	
HP_MACROTHROMBOCYTOPENIA	16		Rejected!	
HP_MACROTIA	277	247		
HP_MACROVESICULAR_HEPATIC_STEATOSIS	17	15		
HP_MACULAR_ATROPHY	47	35		
HP_MACULAR_COLOBOMA	11		Rejected!	
HP_MACULAR_DEGENERATION	103	88		
HP_MACULAR_DRUSEN	8		Rejected!	
HP_MACULAR_DYSTROPHY	21	18		
HP_MACULAR_HYPERPIGMENTATION	7		Rejected!	
HP_MACULAR_HYPOPIGMENTATION	5		Rejected!	
HP_MACULAR_HYPOPLASIA	15	15		
HP_MACULAR_PURPURA	90	71		
HP_MACULAR_SCAR	5		Rejected!	
HP_MACULAR_THICKENING	106	87		
HP_MACULE	237	193		
HP_MADELUNG_DEFORMITY	9		Rejected!	
HP_MALABSORPTION	237	180		
HP_MALAISE	45	27		
HP_MALAR_FLATTENING	212	188		
HP_MALAR_PROMINENCE	7		Rejected!	
HP_MALAR_RASH	39	25		
HP_MALE_HYPOGONADISM	46	37		
HP_MALE_PSEUDOHERMAPHRODITISM	42	36		
HP_MALE_REPRODUCTIVE_SYSTEM_NEOPLASM	63	45		
HP_MALE_SEXUAL_DYSFUNCTION	93	76		
HP_MALFORMATION_OF_THE_HEPATIC_DUCTAL_PLATE	8		Rejected!	
HP_MALIGNANT_GASTROINTESTINAL_TRACT_TUMORS	75	60		
HP_MALIGNANT_GENITOURINARY_TRACT_TUMOR	36	32		
HP_MALIGNANT_HYPERTHERMIA	27	20		
HP_MALIGNANT_NEOPLASM_OF_THE_CENTRAL_NERVOUS_SYSTEM	98	69		
HP_MALNUTRITION	42	39		
HP_MALROTATION_OF_SMALL_BOWEL	9		Rejected!	
HP_MANDIBULAR_APLASIA	13		Rejected!	
HP_MANDIBULAR_PROGNATHIA	224	189		
HP_MANIA	5		Rejected!	
HP_MARCUS_GUNN_JAW_WINKING_SYNKINESIS	13		Rejected!	
HP_MASK_LIKE_FACIES	55	47		
HP_MASTOIDITIS	8		Rejected!	
HP_MATERNAL_AUTOIMMUNE_DISEASE	14		Rejected!	
HP_MATERNAL_DIABETES	45	39		
HP_MATERNAL_HYPERTENSION	9		Rejected!	
HP_MATURITY_ONSET_DIABETES_OF_THE_YOUNG	21		Rejected!	
HP_MECKEL_DIVERTICULUM	32	27		
HP_MECONIUM_ILEUS	22	15		
HP_MECONIUM_STAINED_AMNIOTIC_FLUID	9		Rejected!	
HP_MEDIAL_FLARING_OF_THE_EYEBROW	36	34		
HP_MEDIAN_CLEFT_PALATE	26	23		
HP_MEDIAN_CLEFT_UPPER_LIP	40	37		
HP_MEDIASTINAL_LYMPHADENOPATHY	30	25		
HP_MEDULLARY_NEPHROCALCINOSIS	14		Rejected!	
HP_MEDULLOBLASTOMA	19		Rejected!	
HP_MEGACOLON	150	136		
HP_MEGACYSTIS	10		Rejected!	
HP_MEGAKARYOCYTE_DYSPLASIA	6		Rejected!	
HP_MEGAKARYOCYTE_NUCLEUS_HYPERLOBULATION	6		Rejected!	
HP_MEGAKARYOCYTOPENIA	8		Rejected!	
HP_MEGALENCEPHALY	44	37		
HP_MEGALOBLASTIC_ANEMIA	19	18		
HP_MEGALOCORNEA	56	49		
HP_MELANOCYTIC_NEVUS	68	51		
HP_MELANOMA	80	66		
HP_MELENA	24	15		
HP_MEMBRANOPROLIFERATIVE_GLOMERULONEPHRITIS	9		Rejected!	
HP_MEMORY_IMPAIRMENT	158	121		
HP_MENINGIOMA	44	31		
HP_MENINGITIS	79	55		
HP_MENINGOCELE	44	42		
HP_MENINGOENCEPHALOCELE	5		Rejected!	
HP_MENOMETRORRHAGIA	5		Rejected!	
HP_MENORRHAGIA	38	30		
HP_MENTAL_DETERIORATION	388	329		
HP_MESOAXIAL_FOOT_POLYDACTYLY	6		Rejected!	
HP_MESOAXIAL_HAND_POLYDACTYLY	13		Rejected!	
HP_MESOAXIAL_POLYDACTYLY	23	22		
HP_MESOMELIA	35	31		
HP_MESOMELIC_ARM_SHORTENING	5		Rejected!	
HP_MESOMELIC_LEG_SHORTENING	6		Rejected!	
HP_METABOLIC_ACIDOSIS	169	146		
HP_METABOLIC_ALKALOSIS	18	16		
HP_METACARPAL_PSEUDOEPIPHYSIS	10		Rejected!	
HP_METACARPOPHALANGEAL_JOINT_CONTRACTURE	5		Rejected!	
HP_METAMORPHOPSIA	45	36		
HP_METAPHYSEAL_CHONDRODYSPLASIA	14		Rejected!	
HP_METAPHYSEAL_CUPPING	20	18		
HP_METAPHYSEAL_DYSPLASIA	35	34		
HP_METAPHYSEAL_IRREGULARITY	53	48		
HP_METAPHYSEAL_SCLEROSIS	12		Rejected!	
HP_METAPHYSEAL_SPURS	9		Rejected!	
HP_METAPHYSEAL_STRIATIONS	14		Rejected!	
HP_METAPHYSEAL_WIDENING	98	89		
HP_METATARSAL_SYNOSTOSIS	8		Rejected!	
HP_METATARSUS_ADDUCTUS	52	46		
HP_METATARSUS_VALGUS	21	19		
HP_METHEMOGLOBINEMIA	6		Rejected!	
HP_METHYLMALONIC_ACIDEMIA	15	15		
HP_METHYLMALONIC_ACIDURIA	21	21		
HP_METOPIC_SYNOSTOSIS	28	24		
HP_METRORRHAGIA	16		Rejected!	
HP_MICROANGIOPATHIC_HEMOLYTIC_ANEMIA	14		Rejected!	
HP_MICROCEPHALIC_SPERM_HEAD	5		Rejected!	
HP_MICROCOLON	10		Rejected!	
HP_MICROCORNEA	137	125		
HP_MICROCYTIC_ANEMIA	49	41		
HP_MICRODONTIA	177	163		
HP_MICROGLOSSIA	18	17		
HP_MICROGRAPHIA	16		Rejected!	
HP_MICROLISSENCEPHALY	6		Rejected!	
HP_MICROMELIA	96	86		
HP_MICRONODULAR_CIRRHOSIS	23	18		
HP_MICROPENIS	280	237		
HP_MICROPHALLUS	17	16		
HP_MICROPHTHALMIA	291	263		
HP_MICRORETROGNATHIA	85	75		
HP_MICROSCOPIC_HEMATURIA	33	27		
HP_MICROTIA_FIRST_DEGREE	5		Rejected!	
HP_MICROTIA_THIRD_DEGREE	11		Rejected!	
HP_MICROVESICULAR_HEPATIC_STEATOSIS	22	21		
HP_MIDDLE_AGE_ONSET	256	213		
HP_MIDFACE_RETRUSION	292	266		
HP_MIDLINE_DEFECT_OF_THE_NOSE	17	16		
HP_MIDLINE_HAND_MOVEMENTS	30	26		
HP_MIGRAINE	154	109		
HP_MIGRAINE_WITHOUT_AURA	7		Rejected!	
HP_MIGRAINE_WITH_AURA	12		Rejected!	
HP_MILDLY_ELEVATED_CREATINE_KINASE	66	52		
HP_MILD_FETAL_VENTRICULOMEGALY	5		Rejected!	
HP_MILD_GLOBAL_DEVELOPMENTAL_DELAY	85	74		
HP_MILD_HEARING_IMPAIRMENT	8		Rejected!	
HP_MILD_MICROCEPHALY	17		Rejected!	
HP_MILD_MYOPIA	6		Rejected!	
HP_MILD_POSTNATAL_GROWTH_RETARDATION	17		Rejected!	
HP_MILD_PROTEINURIA	7		Rejected!	
HP_MILD_SHORT_STATURE	21	20		
HP_MILIA	17	16		
HP_MINICORE_MYOPATHY	9		Rejected!	
HP_MINIMAL_CHANGE_GLOMERULONEPHRITIS	38	33		
HP_MINIMAL_SUBCUTANEOUS_FAT	5		Rejected!	
HP_MIOSIS	27	22		
HP_MISALIGNMENT_OF_INCISORS	16		Rejected!	
HP_MISCARRIAGE	34	20		
HP_MISSING_RIBS	69	61		
HP_MITOCHONDRIAL_DEPLETION	23	21		
HP_MITOCHONDRIAL_INHERITANCE	28	16		
HP_MITOCHONDRIAL_MYOPATHY	63	50		
HP_MITOCHONDRIAL_RESPIRATORY_CHAIN_DEFECTS	19	18		
HP_MITRAL_ATRESIA	14		Rejected!	
HP_MITRAL_STENOSIS	27	24		
HP_MITRAL_VALVE_CALCIFICATION	8		Rejected!	
HP_MITRAL_VALVE_PROLAPSE	124	111		
HP_MITTEN_DEFORMITY	9		Rejected!	
HP_MIXED_DEMYELINATING_AND_AXONAL_POLYNEUROPATHY	17		Rejected!	
HP_MIXED_HEARING_IMPAIRMENT	40	39		
HP_MIXED_HYPO_AND_HYPERPIGMENTATION_OF_THE_SKIN	13		Rejected!	
HP_MODERATELY_REDUCED_VISUAL_ACUITY	9		Rejected!	
HP_MODERATELY_SHORT_STATURE	5		Rejected!	
HP_MODERATE_ALBUMINURIA	10		Rejected!	
HP_MODERATE_GLOBAL_DEVELOPMENTAL_DELAY	29	25		
HP_MODERATE_MYOPIA	7		Rejected!	
HP_MOLAR_TOOTH_SIGN_ON_MRI	40	40		
HP_MOLLUSCOID_PSEUDOTUMORS	7		Rejected!	
HP_MONOCHROMACY	11		Rejected!	
HP_MONOTONIC_SPEECH	9		Rejected!	
HP_MOON_FACIES	15		Rejected!	
HP_MORNING_GLORY_ANOMALY	6		Rejected!	
HP_MORNING_MYOCLONIC_JERKS	11		Rejected!	
HP_MOTOR_AXONAL_NEUROPATHY	41	36		
HP_MOTOR_DELAY	1053		Rejected!	
HP_MOTOR_DETERIORATION	20	16		
HP_MOTOR_NEURON_ATROPHY	66	58		
HP_MOTOR_POLYNEUROPATHY	39	35		
HP_MOTOR_REGRESSION	17	17		
HP_MOTOR_SEIZURE	452	394		
HP_MOTOR_TICS	12		Rejected!	
HP_MOTTLED_PIGMENTATION	8		Rejected!	
HP_MOVEMENT_ABNORMALITY_OF_THE_TONGUE	16	15		
HP_MOYAMOYA_PHENOMENON	15		Rejected!	
HP_MUCOPOLYSACCHARIDURIA	22	20		
HP_MUCOSAL_TELANGIECTASIAE	41	28		
HP_MULTICYSTIC_KIDNEY_DYSPLASIA	100	95		
HP_MULTIFOCAL_CEREBRAL_WHITE_MATTER_ABNORMALITIES	16		Rejected!	
HP_MULTIFOCAL_EPILEPTIFORM_DISCHARGES	67	57		
HP_MULTIFOCAL_SEIZURES	22	22		
HP_MULTINODULAR_GOITER	7		Rejected!	
HP_MULTIPLE_BLADDER_DIVERTICULA	5		Rejected!	
HP_MULTIPLE_CAFE_AU_LAIT_SPOTS	64	47		
HP_MULTIPLE_ENCHONDROMATOSIS	10		Rejected!	
HP_MULTIPLE_EPIPHYSEAL_DYSPLASIA	9		Rejected!	
HP_MULTIPLE_EXOSTOSES	8		Rejected!	
HP_MULTIPLE_GASTRIC_POLYPS	7		Rejected!	
HP_MULTIPLE_GLOMERULAR_CYSTS	14		Rejected!	
HP_MULTIPLE_IMPACTED_TEETH	5		Rejected!	
HP_MULTIPLE_JOINT_CONTRACTURES	71	59		
HP_MULTIPLE_JOINT_DISLOCATION	9		Rejected!	
HP_MULTIPLE_LENTIGINES	15		Rejected!	
HP_MULTIPLE_LIPOMAS	41	26		
HP_MULTIPLE_MITOCHONDRIAL_DNA_DELETIONS	12		Rejected!	
HP_MULTIPLE_MYELOMA	8		Rejected!	
HP_MULTIPLE_PRENATAL_FRACTURES	18		Rejected!	
HP_MULTIPLE_PULMONARY_CYSTS	21	16		
HP_MULTIPLE_RENAL_CYSTS	74	65		
HP_MULTIPLE_RIB_FRACTURES	11		Rejected!	
HP_MULTIPLE_SUTURE_CRANIOSYNOSTOSIS	12		Rejected!	
HP_MUSCLE_ABNORMALITY_RELATED_TO_MITOCHONDRIAL_DYSFUNCTION	100	82		
HP_MUSCLE_FIBER_ATROPHY	67	55		
HP_MUSCLE_FIBER_CYTOPLASMATIC_INCLUSION_BODIES	33	23		
HP_MUSCLE_FIBER_INCLUSION_BODIES	41	29		
HP_MUSCLE_FIBER_NECROSIS	15		Rejected!	
HP_MUSCLE_FIBER_SPLITTING	23	19		
HP_MUSCLE_FIBER_TUBULAR_INCLUSIONS	8		Rejected!	
HP_MUSCLE_FIBRILLATION	98	82		
HP_MUSCLE_FLACCIDITY	16		Rejected!	
HP_MUSCLE_SPASM	179	155		
HP_MUSCLE_STIFFNESS	84	70		
HP_MUSCLE_WEAKNESS	1071		Rejected!	
HP_MUSCULAR_DYSTROPHY	80	69		
HP_MUSCULAR_VENTRICULAR_SEPTAL_DEFECT	26	21		
HP_MUTISM	55	45		
HP_MYALGIA	190	151		
HP_MYDRIASIS	16		Rejected!	
HP_MYELIN_OUTFOLDINGS	7		Rejected!	
HP_MYELODYSPLASIA	114	101		
HP_MYELOFIBROSIS	13		Rejected!	
HP_MYELOID_LEUKEMIA	31	28		
HP_MYELOMENINGOCELE	27	23		
HP_MYELOPATHY	15		Rejected!	
HP_MYELOPROLIFERATIVE_DISORDER	15		Rejected!	
HP_MYOCARDIAL_FIBROSIS	20		Rejected!	
HP_MYOCARDIAL_INFARCTION	112	85		
HP_MYOCARDITIS	22	16		
HP_MYOCLONIC_ABSENCE_SEIZURE	14		Rejected!	
HP_MYOCLONIC_SEIZURE	268	229		
HP_MYOCLONIC_SPASMS	20	16		
HP_MYOCLONIC_STATUS_EPILEPTICUS	5		Rejected!	
HP_MYOCLONUS	372	322		
HP_MYOFIBER_DISARRAY	12		Rejected!	
HP_MYOFIBRILLAR_MYOPATHY	10		Rejected!	
HP_MYOGLOBINURIA	32	30		
HP_MYOKYMIA	20	18		
HP_MYOPATHIC_FACIES	58	52		
HP_MYOPATHY	347	274		
HP_MYOPIA	450	391		
HP_MYOPIC_ASTIGMATISM	8		Rejected!	
HP_MYOSITIS	44	32		
HP_MYOTONIA	34	28		
HP_NAEVUS_FLAMMEUS_OF_THE_EYELID	7		Rejected!	
HP_NAIL_BITING	7		Rejected!	
HP_NAIL_DYSPLASIA	152	135		
HP_NAIL_DYSTROPHY	144	123		
HP_NAIL_PITS	12		Rejected!	
HP_NARROW_FACE	108	97		
HP_NARROW_FOOT	6		Rejected!	
HP_NARROW_FORAMEN_OBTURATORIUM	6		Rejected!	
HP_NARROW_FOREHEAD	191	166		
HP_NARROW_GREATER_SCIATIC_NOTCH	21	21		
HP_NARROW_ILIAC_WING	10		Rejected!	
HP_NARROW_INTERNAL_AUDITORY_CANAL	15		Rejected!	
HP_NARROW_JAW	13		Rejected!	
HP_NARROW_MOUTH	238	209		
HP_NARROW_NARIS	9		Rejected!	
HP_NARROW_NASAL_BRIDGE	51	39		
HP_NARROW_NASAL_RIDGE	19	15		
HP_NARROW_NOSE	29	25		
HP_NARROW_PALATE	203	176		
HP_NARROW_PALM	18		Rejected!	
HP_NARROW_PALPEBRAL_FISSURE	75	65		
HP_NARROW_PELVIS_BONE	8		Rejected!	
HP_NARROW_VERTEBRAL_INTERPEDICULAR_DISTANCE	14		Rejected!	
HP_NASAL_CONGESTION	57	52		
HP_NASAL_DYSARTHRIA	33	32		
HP_NASAL_REGURGITATION	14		Rejected!	
HP_NASOGASTRIC_TUBE_FEEDING	42	41		
HP_NASOGASTRIC_TUBE_FEEDING_IN_INFANCY	37	32		
HP_NASOLACRIMAL_DUCT_OBSTRUCTION	44	39		
HP_NATAL_TOOTH	38	30		
HP_NAUSEA	100	72		
HP_NAUSEA_AND_VOMITING	534	429		
HP_NECK_FLEXOR_WEAKNESS	46	37		
HP_NECK_MUSCLE_WEAKNESS	95	76		
HP_NECK_PAIN	8		Rejected!	
HP_NECROTIZING_ENTEROCOLITIS	6		Rejected!	
HP_NEGATIVISM	10		Rejected!	
HP_NEMALINE_BODIES	20		Rejected!	
HP_NEONATAL_ALLOIMMUNE_THROMBOCYTOPENIA	15		Rejected!	
HP_NEONATAL_ASPHYXIA	14		Rejected!	
HP_NEONATAL_BREATHING_DYSREGULATION	5		Rejected!	
HP_NEONATAL_DEATH	93	82		
HP_NEONATAL_HYPERBILIRUBINEMIA	24	18		
HP_NEONATAL_HYPOGLYCEMIA	49	37		
HP_NEONATAL_HYPOTONIA	199	175		
HP_NEONATAL_INSULIN_DEPENDENT_DIABETES_MELLITUS	21		Rejected!	
HP_NEONATAL_OMPHALITIS	10		Rejected!	
HP_NEONATAL_ONSET	515	445		
HP_NEONATAL_RESPIRATORY_DISTRESS	153	135		
HP_NEONATAL_SEIZURE	11		Rejected!	
HP_NEONATAL_SEIZURE_WITH_ELECTROGRAPHIC_CORRELATE	5		Rejected!	
HP_NEONATAL_SHORT_LIMB_SHORT_STATURE	14		Rejected!	
HP_NEOPLASIA_OF_THE_NASOPHARYNX	5		Rejected!	
HP_NEOPLASM	979		Rejected!	
HP_NEOPLASM_BY_HISTOLOGY	357	291		
HP_NEOPLASM_OF_FATTY_TISSUE	58	37		
HP_NEOPLASM_OF_HEAD_AND_NECK	36	22		
HP_NEOPLASM_OF_STRIATED_MUSCLE	25	17		
HP_NEOPLASM_OF_THE_ADRENAL_CORTEX	27		Rejected!	
HP_NEOPLASM_OF_THE_ADRENAL_GLAND	46	25		
HP_NEOPLASM_OF_THE_ANTERIOR_PITUITARY	65	45		
HP_NEOPLASM_OF_THE_BREAST	96	72		
HP_NEOPLASM_OF_THE_COLON	82	63		
HP_NEOPLASM_OF_THE_EAR	28	23		
HP_NEOPLASM_OF_THE_ENDOCRINE_SYSTEM	142	100		
HP_NEOPLASM_OF_THE_EYE	49	29		
HP_NEOPLASM_OF_THE_GALLBLADDER	6		Rejected!	
HP_NEOPLASM_OF_THE_GASTROINTESTINAL_TRACT	298	235		
HP_NEOPLASM_OF_THE_GENITOURINARY_TRACT	233	179		
HP_NEOPLASM_OF_THE_HEART	15		Rejected!	
HP_NEOPLASM_OF_THE_INNER_EAR	13		Rejected!	
HP_NEOPLASM_OF_THE_LARGE_INTESTINE	115	89		
HP_NEOPLASM_OF_THE_LARYNX	17		Rejected!	
HP_NEOPLASM_OF_THE_LIVER	140	104		
HP_NEOPLASM_OF_THE_LUNG	64	45		
HP_NEOPLASM_OF_THE_MALE_EXTERNAL_GENITALIA	35	24		
HP_NEOPLASM_OF_THE_MIDDLE_EAR	12		Rejected!	
HP_NEOPLASM_OF_THE_NERVOUS_SYSTEM	195	148		
HP_NEOPLASM_OF_THE_ORAL_CAVITY	62	49		
HP_NEOPLASM_OF_THE_PANCREAS	88	65		
HP_NEOPLASM_OF_THE_PARATHYROID_GLAND	20		Rejected!	
HP_NEOPLASM_OF_THE_PERIPHERAL_NERVOUS_SYSTEM	70	48		
HP_NEOPLASM_OF_THE_RECTUM	45	26		
HP_NEOPLASM_OF_THE_RESPIRATORY_SYSTEM	77	53		
HP_NEOPLASM_OF_THE_SKELETAL_SYSTEM	106	81		
HP_NEOPLASM_OF_THE_SKIN	221	166		
HP_NEOPLASM_OF_THE_SMALL_INTESTINE	18		Rejected!	
HP_NEOPLASM_OF_THE_STOMACH	84	61		
HP_NEOPLASM_OF_THE_THYMUS	6		Rejected!	
HP_NEOPLASM_OF_THE_THYROID_GLAND	75	50		
HP_NEOPLASM_OF_THE_TONGUE	42	38		
HP_NEOPLASM_OF_THE_TRACHEOBRONCHIAL_SYSTEM	22	18		
HP_NEPHRITIS	147	117		
HP_NEPHROCALCINOSIS	104	85		
HP_NEPHROGENIC_DIABETES_INSIPIDUS	8		Rejected!	
HP_NEPHROLITHIASIS	146	114		
HP_NEPHRONOPHTHISIS	37	36		
HP_NEPHROPATHY	101	82		
HP_NEPHROTIC_SYNDROME	137	118		
HP_NEURODEGENERATION	85	71		
HP_NEUROENDOCRINE_NEOPLASM	38	22		
HP_NEUROFIBRILLARY_TANGLES	23	20		
HP_NEUROFIBROMA	19		Rejected!	
HP_NEUROGENIC_BLADDER	67	66		
HP_NEUROINFLAMMATION	27	21		
HP_NEUROMA	6		Rejected!	
HP_NEUROMUSCULAR_DYSPHAGIA	11		Rejected!	
HP_NEURONAL_LOSS_IN_CENTRAL_NERVOUS_SYSTEM	40	36		
HP_NEURONAL_LOSS_IN_THE_CEREBRAL_CORTEX	8		Rejected!	
HP_NEUROPATHIC_ARTHROPATHY	6		Rejected!	
HP_NEUROPATHIC_SPINAL_ARTHROPATHY	23	20		
HP_NEUTROPHILIC_INFILTRATION_OF_THE_SKIN	6		Rejected!	
HP_NEVUS	165	136		
HP_NEVUS_FLAMMEUS_OF_THE_FOREHEAD	8		Rejected!	
HP_NEVUS_SEBACEOUS	5		Rejected!	
HP_NIGHT_SWEATS	20	16		
HP_NOCTURIA	17	16		
HP_NOCTURNAL_HYPOVENTILATION	16		Rejected!	
HP_NOCTURNAL_LAGOPHTHALMOS	7		Rejected!	
HP_NOCTURNAL_SEIZURES	18		Rejected!	
HP_NODULAR_CHANGES_AFFECTING_THE_EYELIDS	30	21		
HP_NODULAR_GOITER	13		Rejected!	
HP_NODULAR_REGENERATIVE_HYPERPLASIA_OF_LIVER	6		Rejected!	
HP_NONCOMMUNICATING_HYDROCEPHALUS	8		Rejected!	
HP_NONCOMPACTION_CARDIOMYOPATHY	18		Rejected!	
HP_NONIMMUNE_HYDROPS_FETALIS	66	62		
HP_NONKETOTIC_HYPOGLYCEMIA	13		Rejected!	
HP_NONPRODUCTIVE_COUGH	6		Rejected!	
HP_NONPROGRESSIVE	21	19		
HP_NONPROGRESSIVE_CEREBELLAR_ATAXIA	10		Rejected!	
HP_NONPROGRESSIVE_ENCEPHALOPATHY	5		Rejected!	
HP_NONSPHEROCYTIC_HEMOLYTIC_ANEMIA	9		Rejected!	
HP_NONTUBERCULOUS_MYCOBACTERIAL_PULMONARY_INFECTION	21		Rejected!	
HP_NON_CONVULSIVE_STATUS_EPILEPTICUS_WITHOUT_COMA	20	16		
HP_NON_HODGKIN_LYMPHOMA	41	31		
HP_NON_INFECTIOUS_MENINGITIS	19		Rejected!	
HP_NON_MEDULLARY_THYROID_CARCINOMA	6		Rejected!	
HP_NON_MENDELIAN_INHERITANCE	90	68		
HP_NON_MIDLINE_CLEFT_OF_THE_UPPER_LIP	42	38		
HP_NON_MIDLINE_CLEFT_PALATE	28	26		
HP_NON_MOTOR_SEIZURE	197	170		
HP_NON_OBSTRUCTIVE_AZOOSPERMIA	65	44		
HP_NON_SMALL_CELL_LUNG_CARCINOMA	23	17		
HP_NORMAL_INTERICTAL_EEG	6		Rejected!	
HP_NORMAL_PRESSURE_HYDROCEPHALUS	6		Rejected!	
HP_NORMOCHROMIC_ANEMIA	39	36		
HP_NORMOCYTIC_ANEMIA	17		Rejected!	
HP_NO_SOCIAL_INTERACTION	6		Rejected!	
HP_NREM_PARASOMNIA	18	16		
HP_NUCHAL_RIGIDITY	12		Rejected!	
HP_NUCLEAR_CATARACT	28	24		
HP_NUMEROUS_NEVI	11		Rejected!	
HP_NUMEROUS_PIGMENTED_FRECKLES	12		Rejected!	
HP_NYCTALOPIA	225	195		
HP_NYSTAGMUS	1105		Rejected!	
HP_NYSTAGMUS_INDUCED_HEAD_NODDING	19	17		
HP_OBESITY	349	293		
HP_OBSESSIVE_COMPULSIVE_TRAIT	33	31		
HP_OBSTRUCTIVE_AZOOSPERMIA	35	26		
HP_OBSTRUCTIVE_SLEEP_APNEA	86	76		
HP_OCCIPITAL_CORTICAL_ATROPHY	5		Rejected!	
HP_OCCIPITAL_ENCEPHALOCELE	38	38		
HP_OCCIPITAL_MENINGOCELE	8		Rejected!	
HP_OCULAR_ALBINISM	29	26		
HP_OCULAR_ANTERIOR_SEGMENT_DYSGENESIS	336	281		
HP_OCULAR_FLUTTER	6		Rejected!	
HP_OCULAR_PAIN	20	18		
HP_OCULOGYRIC_CRISIS	13		Rejected!	
HP_OCULOMOTOR_APRAXIA	117	108		
HP_OCULOMOTOR_NERVE_PALSY	29	22		
HP_ODONTOGENIC_NEOPLASM	8		Rejected!	
HP_OLIGOARTHRITIS	13		Rejected!	
HP_OLIGODACTYLY	31	29		
HP_OLIGODONTIA	65	60		
HP_OLIGOHYDRAMNIOS	192	164		
HP_OLIGOMENORRHEA	47	34		
HP_OLIGOSACCHARIDURIA	11		Rejected!	
HP_OLIGOZOOSPERMIA	64	46		
HP_OLIGURIA	17		Rejected!	
HP_OLIVOPONTOCEREBELLAR_ATROPHY	7		Rejected!	
HP_OLIVOPONTOCEREBELLAR_HYPOPLASIA	13		Rejected!	
HP_OMPHALOCELE	84	71		
HP_ONION_BULB_FORMATION	32	29		
HP_ONYCHOGRYPHOSIS	29	25		
HP_ONYCHOGRYPHOSIS_OF_FINGERNAIL	9		Rejected!	
HP_ONYCHOGRYPHOSIS_OF_TOENAILS	7		Rejected!	
HP_ONYCHOMYCOSIS	23	19		
HP_OOCYTE_ARREST_AT_METAPHASE_I	5		Rejected!	
HP_OOCYTE_MATURATION_ARREST	6		Rejected!	
HP_OPEN_ANGLE_GLAUCOMA	12		Rejected!	
HP_OPEN_BITE	62	50		
HP_OPEN_MOUTH	125	108		
HP_OPEN_NEURAL_TUBE_DEFECT	152	140		
HP_OPEN_OPERCULUM	6		Rejected!	
HP_OPHTHALMOPARESIS	305	250		
HP_OPISTHOTONUS	58	53		
HP_OPPORTUNISTIC_BACTERIAL_INFECTION	29	19		
HP_OPPORTUNISTIC_FUNGAL_INFECTION	20		Rejected!	
HP_OPPORTUNISTIC_INFECTION	56	36		
HP_OPSOCLONUS	14		Rejected!	
HP_OPTIC_ATROPHY	621		Rejected!	
HP_OPTIC_DISC_COLOBOMA	29	28		
HP_OPTIC_DISC_HYPOPLASIA	20	18		
HP_OPTIC_DISC_PALLOR	257	225		
HP_OPTIC_NERVE_COMPRESSION	15		Rejected!	
HP_OPTIC_NERVE_DYSPLASIA	7		Rejected!	
HP_OPTIC_NERVE_GLIOMA	5		Rejected!	
HP_OPTIC_NERVE_MISROUTING	5		Rejected!	
HP_OPTIC_NEUROPATHY	63	51		
HP_ORAL_AVERSION	17		Rejected!	
HP_ORAL_CAVITY_BLEEDING	21	16		
HP_ORAL_MUCOSAL_BLISTERS	14		Rejected!	
HP_ORAL_PHARYNGEAL_DYSPHAGIA	45	42		
HP_ORAL_ULCER	74	56		
HP_ORCHITIS	16		Rejected!	
HP_ORGANIC_ACIDURIA	121	109		
HP_OROFACIAL_DYSKINESIA	28	24		
HP_OROMANDIBULAR_DYSTONIA	21	18		
HP_OROMOTOR_APRAXIA	28	25		
HP_OROPHARYNGEAL_SQUAMOUS_CELL_CARCINOMA	6		Rejected!	
HP_OROTICACIDURIA	9		Rejected!	
HP_ORTHOKERATOSIS	20		Rejected!	
HP_ORTHOKERATOTIC_HYPERKERATOSIS	7		Rejected!	
HP_ORTHOPNEA	108	85		
HP_ORTHOSTATIC_HYPOTENSION	44	39		
HP_ORTHOSTATIC_HYPOTENSION_DUE_TO_AUTONOMIC_DYSFUNCTION	15		Rejected!	
HP_OSSEOUS_FINGER_SYNDACTYLY	6		Rejected!	
HP_OSTEOARTHRITIS	65	56		
HP_OSTEOARTHRITIS_OF_THE_SMALL_JOINTS_OF_THE_HAND	5		Rejected!	
HP_OSTEOCHONDRITIS_DISSECANS	7		Rejected!	
HP_OSTEOCHONDROMA	8		Rejected!	
HP_OSTEOCHONDROSIS	12		Rejected!	
HP_OSTEOLYSIS	87	70		
HP_OSTEOLYSIS_INVOLVING_BONES_OF_THE_FEET	12		Rejected!	
HP_OSTEOLYSIS_INVOLVING_BONES_OF_THE_UPPER_LIMBS	23	20		
HP_OSTEOLYTIC_DEFECTS_OF_THE_DISTAL_PHALANGES_OF_THE_HAND	5		Rejected!	
HP_OSTEOMALACIA	27	20		
HP_OSTEOMYELITIS	68	59		
HP_OSTEOPATHIA_STRIATA	5		Rejected!	
HP_OSTEOPENIA	323	269		
HP_OSTEOPETROSIS	19	18		
HP_OSTEOPOROSIS	325	267		
HP_OSTEOSARCOMA	37	32		
HP_OTOSCLEROSIS	8		Rejected!	
HP_OVAL_FACE	16	15		
HP_OVARIAN_CARCINOMA	14		Rejected!	
HP_OVARIAN_CYST	119	98		
HP_OVARIAN_GONADOBLASTOMA	11		Rejected!	
HP_OVARIAN_NEOPLASM	75	51		
HP_OVARIAN_PAPILLARY_ADENOCARCINOMA	7		Rejected!	
HP_OVERFOLDING_OF_THE_SUPERIOR_HELICES	5		Rejected!	
HP_OVERFRIENDLINESS	26	22		
HP_OVERGROWTH	46	37		
HP_OVERGROWTH_OF_EXTERNAL_GENITALIA	11		Rejected!	
HP_OVERHANGING_NASAL_TIP	8		Rejected!	
HP_OVERLAPPING_FINGERS	36	33		
HP_OVERLAPPING_TOE	75	66		
HP_OVERRIDING_AORTA	27	25		
HP_OVERTUBULATED_LONG_BONES	6		Rejected!	
HP_OVERWEIGHT	50	36		
HP_OVOID_VERTEBRAL_BODIES	34	33		
HP_OVOTESTIS	8		Rejected!	
HP_OXYCEPHALY	7		Rejected!	
HP_PACE_OF_PROGRESSION	449	393		
HP_PAIN	861		Rejected!	
HP_PAINLESS_FRACTURES_DUE_TO_INJURY	8		Rejected!	
HP_PAIN_INSENSITIVITY	30	25		
HP_PAIN_IN_HEAD_AND_NECK_REGION	43	35		
HP_PALATE_FISTULA	13		Rejected!	
HP_PALLOR	155	121		
HP_PALMAR_HYPERHIDROSIS	16		Rejected!	
HP_PALMAR_HYPERLINEARITY	7		Rejected!	
HP_PALMAR_PITS	9		Rejected!	
HP_PALMAR_PRURITUS	5		Rejected!	
HP_PALMAR_TELANGIECTASIA	7		Rejected!	
HP_PALMOPLANTAR_BLISTERING	11		Rejected!	
HP_PALMOPLANTAR_CUTIS_LAXA	9		Rejected!	
HP_PALMOPLANTAR_ERYTHEMA	5		Rejected!	
HP_PALMOPLANTAR_HYPERKERATOSIS	128	98		
HP_PALPEBRAL_EDEMA	39	36		
HP_PALPEBRAL_THICKENING	5		Rejected!	
HP_PALPITATIONS	109	72		
HP_PANCREATIC_ADENOCARCINOMA	33	19		
HP_PANCREATIC_APLASIA	6		Rejected!	
HP_PANCREATIC_CALCIFICATION	10		Rejected!	
HP_PANCREATIC_CYSTS	36	35		
HP_PANCREATIC_ENDOCRINE_TUMOR	13		Rejected!	
HP_PANCREATIC_FIBROSIS	22	22		
HP_PANCREATIC_HYPOPLASIA	24	16		
HP_PANCREATIC_ISLET_CELL_ADENOMA	9		Rejected!	
HP_PANCREATIC_ISLET_CELL_HYPERPLASIA	12		Rejected!	
HP_PANCREATIC_PSEUDOCYST	5		Rejected!	
HP_PANCREATITIS	102	78		
HP_PANCYTOPENIA	132	118		
HP_PANHYPOGAMMAGLOBULINEMIA	25	22		
HP_PANHYPOPITUITARISM	31	27		
HP_PANIC_ATTACK	55	40		
HP_PANNICULITIS	27	21		
HP_PAPILLARY_CYSTADENOMA_OF_THE_EPIDIDYMIS	5		Rejected!	
HP_PAPILLARY_RENAL_CELL_CARCINOMA	8		Rejected!	
HP_PAPILLARY_THYROID_CARCINOMA	24	20		
HP_PAPILLEDEMA	30	22		
HP_PAPILLOMA	57	39		
HP_PAPULE	101	83		
HP_PARACENTRAL_SCOTOMA	7		Rejected!	
HP_PARAGANGLIOMA	19		Rejected!	
HP_PARAKERATOSIS	33	27		
HP_PARALYSIS	159	133		
HP_PARANOIA	24	21		
HP_PARAPARESIS	114	98		
HP_PARAPLEGIA	151	130		
HP_PARAPLEGIA_PARAPARESIS	251	215		
HP_PARASOMNIA	45	39		
HP_PARATHYROID_CARCINOMA	7		Rejected!	
HP_PARATHYROID_HYPERPLASIA	10		Rejected!	
HP_PARESIS_OF_EXTENSOR_MUSCLES_OF_THE_BIG_TOE	6		Rejected!	
HP_PARESTHESIA	129	102		
HP_PARIETAL_BOSSING	8		Rejected!	
HP_PARIETAL_CORTICAL_ATROPHY	9		Rejected!	
HP_PARIETAL_FORAMINA	14		Rejected!	
HP_PARKINSONISM	141	119		
HP_PARKINSONISM_WITH_FAVORABLE_RESPONSE_TO_DOPAMINERGIC_MEDICATION	27	22		
HP_PARONYCHIA	16		Rejected!	
HP_PAROTITIS	6		Rejected!	
HP_PAROXYSMAL_ATRIAL_FIBRILLATION	23		Rejected!	
HP_PAROXYSMAL_BURSTS_OF_LAUGHTER	12		Rejected!	
HP_PAROXYSMAL_DYSKINESIA	16		Rejected!	
HP_PAROXYSMAL_DYSTONIA	20	17		
HP_PAROXYSMAL_INVOLUNTARY_EYE_MOVEMENTS	38	35		
HP_PAROXYSMAL_SUPRAVENTRICULAR_TACHYCARDIA	5		Rejected!	
HP_PAROXYSMAL_VENTRICULAR_TACHYCARDIA	27	24		
HP_PAROXYSMAL_VERTIGO	19		Rejected!	
HP_PARTIAL_ABSENCE_OF_CEREBELLAR_VERMIS	6		Rejected!	
HP_PARTIAL_ABSENCE_OF_SPECIFIC_ANTIBODY_RESPONSE_TO_TETANUS_VACCINE	7		Rejected!	
HP_PARTIAL_ABSENCE_OF_SPECIFIC_ANTIBODY_RESPONSE_TO_UNCONJUGATED_PNEUMOCOCCUS_VACCINE	7		Rejected!	
HP_PARTIAL_ABSENCE_OF_THUMB	9		Rejected!	
HP_PARTIAL_AGENESIS_OF_THE_CORPUS_CALLOSUM	61	57		
HP_PARTIAL_ALBINISM	10		Rejected!	
HP_PARTIAL_ANOMALOUS_PULMONARY_VENOUS_RETURN	11		Rejected!	
HP_PARTIAL_ATRIOVENTRICULAR_CANAL_DEFECT	6		Rejected!	
HP_PARTIAL_DUPLICATION_OF_THE_DISTAL_PHALANGES_OF_THE_HAND	7		Rejected!	
HP_PARTIAL_DUPLICATION_OF_THE_PHALANX_OF_HAND	44	42		
HP_PAST_MEDICAL_HISTORY	180	144		
HP_PATCHY_ALOPECIA	27	20		
HP_PATCHY_CHANGES_OF_BONE_MINERAL_DENSITY	5		Rejected!	
HP_PATCHY_HYPOPIGMENTATION_OF_HAIR	21	19		
HP_PATCHY_PALMOPLANTAR_HYPERKERATOSIS	6		Rejected!	
HP_PATELLAR_APLASIA	22	18		
HP_PATELLAR_DISLOCATION	72	63		
HP_PATELLAR_HYPOPLASIA	15		Rejected!	
HP_PATELLAR_SUBLUXATION	7		Rejected!	
HP_PATENT_DUCTUS_ARTERIOSUS	388	342		
HP_PATENT_DUCTUS_ARTERIOSUS_AFTER_BIRTH_AT_TERM	6		Rejected!	
HP_PATENT_FORAMEN_OVALE	137	123		
HP_PATHOLOGIC_FRACTURE	61	46		
HP_PECTORALIS_AMYOTROPHY	6		Rejected!	
HP_PECTORAL_MUSCLE_HYPOPLASIA_APLASIA	10		Rejected!	
HP_PECTUS_CARINATUM	180	161		
HP_PECTUS_EXCAVATUM	331	288		
HP_PECTUS_EXCAVATUM_OF_INFERIOR_STERNUM	6		Rejected!	
HP_PEDAL_EDEMA	58	45		
HP_PEG_SHAPED_MAXILLARY_LATERAL_INCISORS	27	26		
HP_PELVIC_GIRDLE_AMYOTROPHY	5		Rejected!	
HP_PELVIC_GIRDLE_MUSCLE_WEAKNESS	50	41		
HP_PELVIC_KIDNEY	38	34		
HP_PENDULAR_NYSTAGMUS	45	33		
HP_PENETRATING_FOOT_ULCERS	6		Rejected!	
HP_PENILE_FRECKLING	6		Rejected!	
HP_PENILE_HYPOSPADIAS	15		Rejected!	
HP_PENOSCROTAL_HYPOSPADIAS	11		Rejected!	
HP_PEPTIC_ULCER	38	31		
HP_PERCUSSION_MYOTONIA	10		Rejected!	
HP_PERIANAL_ABSCESS	13		Rejected!	
HP_PERIAURICULAR_SKIN_PITS	66	57		
HP_PERICARDIAL_EFFUSION	45	35		
HP_PERICARDITIS	41	31		
HP_PERIFOVEAL_RING_OF_HYPERAUTOFLUORESCENCE	16		Rejected!	
HP_PERIMEMBRANOUS_VENTRICULAR_SEPTAL_DEFECT	26	22		
HP_PERINEAL_FISTULA	14		Rejected!	
HP_PERINEAL_HYPOSPADIAS	6		Rejected!	
HP_PERINUCLEAR_ANTINEUTROPHIL_ANTIBODY_POSITIVITY	11		Rejected!	
HP_PERIODIC_HYPOKALEMIC_PARESIS	9		Rejected!	
HP_PERIODIC_PARALYSIS	11		Rejected!	
HP_PERIODONTITIS	37	31		
HP_PERIORBITAL_EDEMA	105	94		
HP_PERIORBITAL_FULLNESS	46	43		
HP_PERIORBITAL_WRINKLES	5		Rejected!	
HP_PERIPAPILLARY_CHORIORETINAL_ATROPHY	5		Rejected!	
HP_PERIPHERAL_ARTERIAL_STENOSIS	33	19		
HP_PERIPHERAL_ARTERIOVENOUS_FISTULA	9		Rejected!	
HP_PERIPHERAL_AXONAL_DEGENERATION	217	190		
HP_PERIPHERAL_CYANOSIS	39	30		
HP_PERIPHERAL_DEMYELINATION	53	43		
HP_PERIPHERAL_EDEMA	11		Rejected!	
HP_PERIPHERAL_HYPERMYELINATION	9		Rejected!	
HP_PERIPHERAL_HYPOMYELINATION	9		Rejected!	
HP_PERIPHERAL_NEUROPATHY	495	423		
HP_PERIPHERAL_OPACIFICATION_OF_THE_CORNEA	17		Rejected!	
HP_PERIPHERAL_PULMONARY_ARTERY_STENOSIS	40	37		
HP_PERIPHERAL_RETINAL_ATROPHY	5		Rejected!	
HP_PERIPHERAL_RETINAL_AVASCULARIZATION	9		Rejected!	
HP_PERIPHERAL_RETINAL_DEGENERATION	9		Rejected!	
HP_PERIPHERAL_VISUAL_FIELD_LOSS	102	87		
HP_PERIPORTAL_FIBROSIS	11		Rejected!	
HP_PERISYLVIAN_POLYMICROGYRIA	35	31		
HP_PERITONEAL_ABSCESS	12		Rejected!	
HP_PERITONITIS	44	37		
HP_PERIVENTRICULAR_CYSTS	16	15		
HP_PERIVENTRICULAR_HETEROTOPIA	43	38		
HP_PERIVENTRICULAR_LEUKOMALACIA	53	51		
HP_PERIVENTRICULAR_NODULAR_HETEROTOPIA	19	16		
HP_PERIVENTRICULAR_WHITE_MATTER_HYPERINTENSITIES	24	22		
HP_PERMANENT_ATRIAL_FIBRILLATION	9		Rejected!	
HP_PERONEAL_MUSCLE_ATROPHY	12		Rejected!	
HP_PERONEAL_MUSCLE_WEAKNESS	8		Rejected!	
HP_PERSEVERATIVE_THOUGHT	20	17		
HP_PERSISTENCE_OF_HEMOGLOBIN_F	37	31		
HP_PERSISTENCE_OF_PRIMARY_TEETH	28	25		
HP_PERSISTENTLY_DECREASED_TOTAL_NEUTROPHIL_COUNT	9		Rejected!	
HP_PERSISTENT_BLEEDING_AFTER_TRAUMA	15		Rejected!	
HP_PERSISTENT_CMV_VIREMIA	7		Rejected!	
HP_PERSISTENT_EBV_VIREMIA	15		Rejected!	
HP_PERSISTENT_HEAD_LAG	32	27		
HP_PERSISTENT_OPEN_ANTERIOR_FONTANELLE	8		Rejected!	
HP_PERSISTENT_PUPILLARY_MEMBRANE	10		Rejected!	
HP_PERSONALITY_CHANGES	50	37		
HP_PERSONALITY_DISORDER	18	16		
HP_PES_CAVUS	304	274		
HP_PES_PLANUS	371	329		
HP_PES_VALGUS	56	50		
HP_PETECHIAE	64	52		
HP_PETERS_ANOMALY	27	23		
HP_PHALANGEAL_DISLOCATION	7		Rejected!	
HP_PHARYNGITIS	17	15		
HP_PHENOTYPIC_VARIABILITY	80	64		
HP_PHEOCHROMOCYTOMA	28		Rejected!	
HP_PHIMOSIS	12		Rejected!	
HP_PHOCOMELIA	8		Rejected!	
HP_PHONIC_TICS	6		Rejected!	
HP_PHONOPHOBIA	26	21		
HP_PHOTOPHOBIA	292	243		
HP_PHOTOPSIA	96	83		
HP_PHOTORECEPTOR_LAYER_LOSS_ON_MACULAR_OCT	5		Rejected!	
HP_PHOTOSENSITIVE_MYOCLONIC_SEIZURE	8		Rejected!	
HP_PHOTOSENSITIVE_TONIC_CLONIC_SEIZURE	15		Rejected!	
HP_PHTHISIS_BULBI	18	18		
HP_PHYSICAL_URTICARIA	15		Rejected!	
HP_PICA	9		Rejected!	
HP_PIERRE_ROBIN_SEQUENCE	35	30		
HP_PIEZOGENIC_PEDAL_PAPULES	5		Rejected!	
HP_PIGMENTARY_RETINOPATHY	212	182		
HP_PILI_CANALICULI	5		Rejected!	
HP_PILI_TORTI	16		Rejected!	
HP_PILL_ROLLING_TREMOR	8		Rejected!	
HP_PILOMATRIXOMA	9		Rejected!	
HP_PINEAL_CYST	10		Rejected!	
HP_PITUITARY_ADENOMA	52	35		
HP_PITUITARY_CORTICOTROPIC_CELL_ADENOMA	13		Rejected!	
HP_PITUITARY_DWARFISM	10		Rejected!	
HP_PITUITARY_GROWTH_HORMONE_CELL_ADENOMA	18	15		
HP_PITUITARY_HYPOTHYROIDISM	38	29		
HP_PITUITARY_PROLACTIN_CELL_ADENOMA	8		Rejected!	
HP_PLACENTAL_ABRUPTION	5		Rejected!	
HP_PLAGIOCEPHALY	157	135		
HP_PLATYBASIA	17	16		
HP_PLATYSPONDYLY	127	116		
HP_PLETHORA	14		Rejected!	
HP_PLEURAL_EFFUSION	95	73		
HP_PLEURITIS	28	21		
HP_PNEUMOCYSTIS_JIROVECII_PNEUMONIA	11		Rejected!	
HP_PNEUMONIA	316	260		
HP_PNEUMOTHORAX	81	61		
HP_POIKILOCYTOSIS	64	49		
HP_POIKILODERMA	25	20		
HP_POINTED_CHIN	140	124		
HP_POLAR_CATARACT	18		Rejected!	
HP_POLLAKISURIA	7		Rejected!	
HP_POLYARTICULAR_ARTHROPATHY	52	34		
HP_POLYCLONAL_ELEVATION_OF_IGM	6		Rejected!	
HP_POLYCYSTIC_KIDNEY_DYSPLASIA	56	49		
HP_POLYCYSTIC_LIVER_DISEASE	11		Rejected!	
HP_POLYCYTHEMIA	32	22		
HP_POLYDACTYLY	269	244		
HP_POLYEMBOLOKOILAMANIA	5		Rejected!	
HP_POLYGENIC_INHERITANCE	33	25		
HP_POLYHYDRAMNIOS	322	275		
HP_POLYMICROGYRIA	204	182		
HP_POLYMORPHIC_VENTRICULAR_TACHYCARDIA	10		Rejected!	
HP_POLYNEUROPATHY	65	56		
HP_POLYPHAGIA	78	63		
HP_POLYSPLENIA	63	56		
HP_POLYURIA	40	32		
HP_PONTOCEREBELLAR_ATROPHY	9		Rejected!	
HP_POOR_APPETITE	51	39		
HP_POOR_COORDINATION	39	36		
HP_POOR_FINE_MOTOR_COORDINATION	67	55		
HP_POOR_GROSS_MOTOR_COORDINATION	19		Rejected!	
HP_POOR_HEAD_CONTROL	238	211		
HP_POOR_MOTOR_COORDINATION	83	68		
HP_POOR_SPEECH	196	176		
HP_POOR_SUCK	170	147		
HP_POOR_WOUND_HEALING	52	45		
HP_POPLITEAL_PTERYGIUM	8		Rejected!	
HP_PORENCEPHALIC_CYST	32	26		
HP_POROKERATOSIS	8		Rejected!	
HP_PORPHYRINURIA	8		Rejected!	
HP_PORTAL_FIBROSIS	16		Rejected!	
HP_PORTAL_INFLAMMATION	5		Rejected!	
HP_PORTAL_VEIN_THROMBOSIS	9		Rejected!	
HP_POSITIONAL_FOOT_DEFORMITY	476	423		
HP_POSITIVE_INFECTIOUS_AGENT_TEST	22	16		
HP_POSITIVE_ROMBERG_SIGN	32	30		
HP_POSTAXIAL_FOOT_POLYDACTYLY	71	67		
HP_POSTAXIAL_HAND_POLYDACTYLY	94	87		
HP_POSTAXIAL_POLYDACTYLY	148	136		
HP_POSTERIORLY_ROTATED_EARS	474	432		
HP_POSTERIOR_BLEPHARITIS	7		Rejected!	
HP_POSTERIOR_EMBRYOTOXON	58	53		
HP_POSTERIOR_FOSSA_CYST	18	17		
HP_POSTERIOR_HELIX_PIT	8		Rejected!	
HP_POSTERIOR_PHARYNGEAL_CLEFT	12		Rejected!	
HP_POSTERIOR_PITUITARY_DYSGENESIS	25	20		
HP_POSTERIOR_PLAGIOCEPHALY	7		Rejected!	
HP_POSTERIOR_POLAR_CATARACT	8		Rejected!	
HP_POSTERIOR_RIB_CUPPING	5		Rejected!	
HP_POSTERIOR_SCALLOPING_OF_VERTEBRAL_BODIES	5		Rejected!	
HP_POSTERIOR_STAPHYLOMA	8		Rejected!	
HP_POSTERIOR_SYNECHIAE_OF_THE_ANTERIOR_CHAMBER	14		Rejected!	
HP_POSTERIOR_UVEITIS	5		Rejected!	
HP_POSTEXERTIONAL_SYMPTOM_EXACERBATION	14		Rejected!	
HP_POSTNATAL_GROWTH_RETARDATION	261	228		
HP_POSTNATAL_MACROCEPHALY	6		Rejected!	
HP_POSTPRANDIAL_HYPERGLYCEMIA	9		Rejected!	
HP_POSTTERM_PREGNANCY	5		Rejected!	
HP_POSTURAL_INSTABILITY	95	80		
HP_POSTURAL_TREMOR	71	67		
HP_POST_PARTUM_HEMORRHAGE	14		Rejected!	
HP_POTTER_FACIES	13		Rejected!	
HP_PREAURICULAR_HAIR_DISPLACEMENT	6		Rejected!	
HP_PREAURICULAR_SKIN_TAG	79	75		
HP_PREAXIAL_FOOT_POLYDACTYLY	19	18		
HP_PREAXIAL_HAND_POLYDACTYLY	60	57		
HP_PREAXIAL_POLYDACTYLY	84	80		
HP_PRECOCIOUS_ATHEROSCLEROSIS	11		Rejected!	
HP_PRECOCIOUS_PUBERTY_IN_FEMALES	10		Rejected!	
HP_PREDOMINANTLY_LOWER_LIMB_LYMPHEDEMA	9		Rejected!	
HP_PREECLAMPSIA	23	17		
HP_PREGNANCY_EXPOSURE	6		Rejected!	
HP_PRELINGUAL_SENSORINEURAL_HEARING_IMPAIRMENT	13		Rejected!	
HP_PREMATURELY_AGED_APPEARANCE	174	159		
HP_PREMATURE_ADRENARCHE	10		Rejected!	
HP_PREMATURE_ARTERIOSCLEROSIS	8		Rejected!	
HP_PREMATURE_ATRIAL_CONTRACTIONS	8		Rejected!	
HP_PREMATURE_BIRTH	181	164		
HP_PREMATURE_CORONARY_ARTERY_ATHEROSCLEROSIS	19		Rejected!	
HP_PREMATURE_GRAYING_OF_HAIR	50	45		
HP_PREMATURE_LOSS_OF_PERMANENT_TEETH	7		Rejected!	
HP_PREMATURE_LOSS_OF_PRIMARY_TEETH	21	18		
HP_PREMATURE_LOSS_OF_TEETH	58	51		
HP_PREMATURE_OSTEOARTHRITIS	10		Rejected!	
HP_PREMATURE_OVARIAN_INSUFFICIENCY	66	58		
HP_PREMATURE_PUBARCHE	13		Rejected!	
HP_PREMATURE_RUPTURE_OF_MEMBRANES	17	15		
HP_PREMATURE_SAGGING_CHEEKS	5		Rejected!	
HP_PREMATURE_SKIN_WRINKLING	68	63		
HP_PREMATURE_THELARCHE	17		Rejected!	
HP_PREMATURE_VENTRICULAR_CONTRACTION	30	18		
HP_PRENATAL_DEATH	67	51		
HP_PRENATAL_MOVEMENT_ABNORMALITY	247	208		
HP_PRESYNCOPE	5		Rejected!	
HP_PRIMARY_ADRENAL_INSUFFICIENCY	23	22		
HP_PRIMARY_AMENORRHEA	130	107		
HP_PRIMARY_CONGENITAL_GLAUCOMA	6		Rejected!	
HP_PRIMARY_GONADAL_INSUFFICIENCY	17		Rejected!	
HP_PRIMARY_HYPERALDOSTERONISM	10		Rejected!	
HP_PRIMARY_HYPERCORTISOLISM	9		Rejected!	
HP_PRIMARY_HYPERPARATHYROIDISM	14		Rejected!	
HP_PRIMARY_HYPOTHYROIDISM	5		Rejected!	
HP_PRIMARY_MICROCEPHALY	76	69		
HP_PRIMARY_PERITONEAL_CARCINOMA	14		Rejected!	
HP_PRIMITIVE_NEUROECTODERMAL_TUMOR	67	50		
HP_PRIMITIVE_REFLEX	27	24		
HP_PROBLEMATIC_ALCOHOL_CONSUMPTION	26	20		
HP_PROBOSCIS	21	18		
HP_PRODUCTIVE_COUGH	65	57		
HP_PROFOUND_GLOBAL_DEVELOPMENTAL_DELAY	73	66		
HP_PROFOUND_HEARING_IMPAIRMENT	13		Rejected!	
HP_PROFOUND_SENSORINEURAL_HEARING_IMPAIRMENT	11		Rejected!	
HP_PROGEROID_FACIAL_APPEARANCE	30	27		
HP_PROGRESSIVE_CEREBELLAR_ATAXIA	64	54		
HP_PROGRESSIVE_DISTAL_MUSCLE_WEAKNESS	16		Rejected!	
HP_PROGRESSIVE_DISTAL_MUSCULAR_ATROPHY	38	32		
HP_PROGRESSIVE_ENCEPHALOPATHY	12		Rejected!	
HP_PROGRESSIVE_EXTERNAL_OPHTHALMOPLEGIA	41	29		
HP_PROGRESSIVE_EXTRAPYRAMIDAL_MOVEMENT_DISORDER	9		Rejected!	
HP_PROGRESSIVE_FLEXION_CONTRACTURES	7		Rejected!	
HP_PROGRESSIVE_GAIT_ATAXIA	30	26		
HP_PROGRESSIVE_HEARING_IMPAIRMENT	59	43		
HP_PROGRESSIVE_LEUKOENCEPHALOPATHY	5		Rejected!	
HP_PROGRESSIVE_MACROCEPHALY	7		Rejected!	
HP_PROGRESSIVE_MICROCEPHALY	92	84		
HP_PROGRESSIVE_MUSCLE_WEAKNESS	87	77		
HP_PROGRESSIVE_NEUROLOGIC_DETERIORATION	59	51		
HP_PROGRESSIVE_PERIPHERAL_NEUROPATHY	5		Rejected!	
HP_PROGRESSIVE_PROXIMAL_MUSCLE_WEAKNESS	27	23		
HP_PROGRESSIVE_PSYCHOMOTOR_DETERIORATION	13		Rejected!	
HP_PROGRESSIVE_PTOSIS	5		Rejected!	
HP_PROGRESSIVE_PULMONARY_FUNCTION_IMPAIRMENT	13		Rejected!	
HP_PROGRESSIVE_SPASTICITY	31	25		
HP_PROGRESSIVE_SPASTIC_PARAPARESIS	7		Rejected!	
HP_PROGRESSIVE_SPASTIC_PARAPLEGIA	33	28		
HP_PROGRESSIVE_SPASTIC_QUADRIPLEGIA	12		Rejected!	
HP_PROGRESSIVE_VISUAL_FIELD_DEFECTS	7		Rejected!	
HP_PROGRESSIVE_VISUAL_LOSS	131	113		
HP_PROLINURIA	7		Rejected!	
HP_PROLONGED_BLEEDING_AFTER_DENTAL_EXTRACTION	23		Rejected!	
HP_PROLONGED_BLEEDING_AFTER_SURGERY	17		Rejected!	
HP_PROLONGED_BLEEDING_FOLLOWING_CIRCUMCISION	13		Rejected!	
HP_PROLONGED_BLEEDING_FOLLOWING_PROCEDURE	32	23		
HP_PROLONGED_BLEEDING_TIME	51	44		
HP_PROLONGED_NEONATAL_JAUNDICE	79	64		
HP_PROLONGED_PARTIAL_THROMBOPLASTIN_TIME	36	29		
HP_PROLONGED_PR_INTERVAL	10		Rejected!	
HP_PROLONGED_QRS_COMPLEX	6		Rejected!	
HP_PROLONGED_QTC_INTERVAL	33	22		
HP_PROMINENCE_OF_THE_PREMAXILLA	7		Rejected!	
HP_PROMINENT_ANTIHELIX	16	16		
HP_PROMINENT_ANTITRAGUS	6		Rejected!	
HP_PROMINENT_CALCANEUS	11		Rejected!	
HP_PROMINENT_COCCYX	6		Rejected!	
HP_PROMINENT_CRUS_OF_HELIX	7		Rejected!	
HP_PROMINENT_DIGIT_PAD	50	45		
HP_PROMINENT_EAR_HELIX	7		Rejected!	
HP_PROMINENT_EYELASHES	18		Rejected!	
HP_PROMINENT_FOREHEAD	265	237		
HP_PROMINENT_INTERPHALANGEAL_JOINTS	6		Rejected!	
HP_PROMINENT_METOPIC_RIDGE	70	57		
HP_PROMINENT_NASAL_BRIDGE	241	223		
HP_PROMINENT_NASAL_TIP	28	26		
HP_PROMINENT_NOSE	112	102		
HP_PROMINENT_OCCIPUT	61	53		
HP_PROMINENT_STERNUM	15		Rejected!	
HP_PROMINENT_SUPERFICIAL_BLOOD_VESSELS	36	32		
HP_PROMINENT_SUPRAORBITAL_RIDGES	57	52		
HP_PROMINENT_UMBILICUS	7		Rejected!	
HP_PROMINENT_VEINS_ON_TRUNK	5		Rejected!	
HP_PROPORTIONATE_SHORT_STATURE	153	137		
HP_PROPORTIONATE_TALL_STATURE	15		Rejected!	
HP_PROPTOSIS	285	243		
HP_PROSTATE_CANCER	33	24		
HP_PROSTATITIS	7		Rejected!	
HP_PROTEIN_AVOIDANCE	6		Rejected!	
HP_PROTEIN_LOSING_ENTEROPATHY	20	16		
HP_PROTRACTED_DIARRHEA	13		Rejected!	
HP_PROTRUDING_EAR	223	197		
HP_PROTRUDING_TONGUE	48	44		
HP_PROTRUSIO_ACETABULI	13		Rejected!	
HP_PROTUBERANT_ABDOMEN	48	41		
HP_PROXIMAL_AMYOTROPHY	59	47		
HP_PROXIMAL_FEMORAL_EPIPHYSIOLYSIS	9		Rejected!	
HP_PROXIMAL_HYPERREFLEXIA	21	17		
HP_PROXIMAL_MUSCLE_WEAKNESS	270	226		
HP_PROXIMAL_MUSCLE_WEAKNESS_IN_LOWER_LIMBS	74	63		
HP_PROXIMAL_MUSCLE_WEAKNESS_IN_UPPER_LIMBS	64	55		
HP_PROXIMAL_PLACEMENT_OF_THUMB	45	42		
HP_PROXIMAL_RADIO_ULNAR_SYNOSTOSIS	6		Rejected!	
HP_PROXIMAL_RENAL_TUBULAR_ACIDOSIS	11		Rejected!	
HP_PROXIMAL_SYMPHALANGISM_OF_HANDS	8		Rejected!	
HP_PROXIMAL_TUBULOPATHY	57	45		
HP_PRURITUS	147	113		
HP_PSEUDOARTHROSIS	9		Rejected!	
HP_PSEUDOBULBAR_PARALYSIS	22	21		
HP_PSEUDOBULBAR_SIGNS	32	29		
HP_PSEUDOEPIPHYSES	19	18		
HP_PSEUDOEPIPHYSES_OF_HAND_BONES	16	15		
HP_PSEUDOEPIPHYSES_OF_THE_PHALANGES_OF_THE_HAND	5		Rejected!	
HP_PSEUDOHYPOALDOSTERONISM	6		Rejected!	
HP_PSORIASIFORM_DERMATITIS	33	27		
HP_PSORIASIFORM_LESION	5		Rejected!	
HP_PSYCHIC_EPILEPTIC_AURA	10		Rejected!	
HP_PSYCHOMOTOR_DETERIORATION	20	18		
HP_PSYCHOTIC_EPISODES	18	15		
HP_PSYCHOTIC_MENTATION	28	19		
HP_PTERYGIUM	50	42		
HP_PTOSIS	764		Rejected!	
HP_PUBERTY_AND_GONADAL_DISORDERS	583	482		
HP_PULMONARY_ARTERIOVENOUS_MALFORMATION	5		Rejected!	
HP_PULMONARY_ARTERY_ANEURYSM	8		Rejected!	
HP_PULMONARY_ARTERY_ATRESIA	34	28		
HP_PULMONARY_ARTERY_DILATATION	14		Rejected!	
HP_PULMONARY_ARTERY_HYPOPLASIA	10		Rejected!	
HP_PULMONARY_ARTERY_STENOSIS	84	78		
HP_PULMONARY_CARCINOID_TUMOR	8		Rejected!	
HP_PULMONARY_CYST	29	21		
HP_PULMONARY_EDEMA	29	20		
HP_PULMONARY_EMBOLISM	40	28		
HP_PULMONARY_FIBROSIS	78	64		
HP_PULMONARY_HEMORRHAGE	32	24		
HP_PULMONARY_HYPOPLASIA	137	121		
HP_PULMONARY_INFILTRATES	57	39		
HP_PULMONARY_INTERSTITIAL_HIGH_RESOLUTION_COMPUTED_TOMOGRAPHY_ABNORMALITY	25	16		
HP_PULMONARY_INTERSTITIAL_THICKENING	7		Rejected!	
HP_PULMONARY_LYMPHANGIECTASIA	5		Rejected!	
HP_PULMONARY_NODULE	7		Rejected!	
HP_PULMONARY_OPACITY	27	17		
HP_PULMONARY_VENOUS_HYPERTENSION	9		Rejected!	
HP_PULMONIC_REGURGITATION	27	22		
HP_PULMONIC_STENOSIS	139	126		
HP_PULP_CALCIFICATION	7		Rejected!	
HP_PULVERULENT_CATARACT	11		Rejected!	
HP_PUNCTATE_CATARACT	14		Rejected!	
HP_PUNCTATE_KERATITIS	7		Rejected!	
HP_PUNCTATE_OPACIFICATION_OF_THE_CORNEA	5		Rejected!	
HP_PUNCTATE_PALMOPLANTAR_HYPERKERATOSIS	6		Rejected!	
HP_PUNDING	6		Rejected!	
HP_PURE_RED_CELL_APLASIA	30	28		
HP_PURPURA	132	103		
HP_PURSED_LIPS	5		Rejected!	
HP_PUSTULE	41	33		
HP_PYELONEPHRITIS	21	20		
HP_PYODERMA	5		Rejected!	
HP_PYODERMA_GANGRENOSUM	11		Rejected!	
HP_PYRIDOXINE_RESPONSIVE_SIDEROBLASTIC_ANEMIA	23	19		
HP_QUADRICEPS_MUSCLE_ATROPHY	5		Rejected!	
HP_QUADRICEPS_MUSCLE_WEAKNESS	23	22		
HP_RACHITIC_ROSARY	7		Rejected!	
HP_RADIAL_BOWING	27	24		
HP_RADIAL_DEVIATION_OF_FINGER	59	50		
HP_RADIAL_DEVIATION_OF_THE_2ND_FINGER	7		Rejected!	
HP_RADIAL_DEVIATION_OF_THE_HAND	12		Rejected!	
HP_RADIAL_DEVIATION_OF_THE_HAND_OR_OF_FINGERS_OF_THE_HAND	71	62		
HP_RADIAL_HEAD_SUBLUXATION	8		Rejected!	
HP_RADIOULNAR_SYNOSTOSIS	79	74		
HP_RAGGED_RED_MUSCLE_FIBERS	74	58		
HP_RAPIDLY_PROGRESSIVE	37	34		
HP_RAYNAUD_PHENOMENON	55	37		
HP_REACTIVE_HYPOGLYCEMIA	7		Rejected!	
HP_RECEPTIVE_LANGUAGE_DELAY	15	15		
HP_RECTAL_ABSCESS	10		Rejected!	
HP_RECTAL_FISTULA	26	24		
HP_RECTAL_POLYPOSIS	5		Rejected!	
HP_RECTAL_PROLAPSE	60	45		
HP_RECTOVAGINAL_FISTULA	22	21		
HP_RECURRENT_ABSCESS_FORMATION	22	17		
HP_RECURRENT_ACUTE_RESPIRATORY_TRACT_INFECTION	12		Rejected!	
HP_RECURRENT_APHTHOUS_STOMATITIS	46	31		
HP_RECURRENT_ASPERGILLUS_INFECTIONS	24	18		
HP_RECURRENT_ASPIRATION_PNEUMONIA	29	27		
HP_RECURRENT_BACTERIAL_INFECTIONS	214	167		
HP_RECURRENT_BACTERIAL_SKIN_INFECTIONS	32	26		
HP_RECURRENT_BRONCHITIS	39	29		
HP_RECURRENT_BRONCHOPULMONARY_INFECTIONS	15		Rejected!	
HP_RECURRENT_CANDIDA_INFECTIONS	18		Rejected!	
HP_RECURRENT_CORNEAL_EROSIONS	14		Rejected!	
HP_RECURRENT_CUTANEOUS_ABSCESS_FORMATION	11		Rejected!	
HP_RECURRENT_CUTANEOUS_FUNGAL_INFECTIONS	62	45		
HP_RECURRENT_EAR_INFECTIONS	19	16		
HP_RECURRENT_ENTEROVIRAL_INFECTIONS	5		Rejected!	
HP_RECURRENT_FEVER	106	84		
HP_RECURRENT_FRACTURES	133	119		
HP_RECURRENT_GASTROENTERITIS	14		Rejected!	
HP_RECURRENT_GRAM_NEGATIVE_BACTERIAL_INFECTIONS	37	28		
HP_RECURRENT_HAEMOPHILUS_INFLUENZAE_INFECTIONS	25	18		
HP_RECURRENT_HAND_FLAPPING	30	30		
HP_RECURRENT_HYPOGLYCEMIA	21	17		
HP_RECURRENT_INFECTION_OF_THE_GASTROINTESTINAL_TRACT	42	33		
HP_RECURRENT_INTRAPULMONARY_HEMORRHAGE	8		Rejected!	
HP_RECURRENT_JOINT_DISLOCATION	15		Rejected!	
HP_RECURRENT_KLEBSIELLA_INFECTIONS	6		Rejected!	
HP_RECURRENT_LONG_BONE_FRACTURES	5		Rejected!	
HP_RECURRENT_LOWER_RESPIRATORY_TRACT_INFECTIONS	256	216		
HP_RECURRENT_MALADAPTIVE_BEHAVIOR	1087		Rejected!	
HP_RECURRENT_MENINGITIS	5		Rejected!	
HP_RECURRENT_MYCOBACTERIAL_INFECTIONS	59	52		
HP_RECURRENT_MYOGLOBINURIA	7		Rejected!	
HP_RECURRENT_NEISSERIAL_INFECTIONS	7		Rejected!	
HP_RECURRENT_OPPORTUNISTIC_INFECTIONS	10		Rejected!	
HP_RECURRENT_ORAL_HERPES	6		Rejected!	
HP_RECURRENT_OTITIS_MEDIA	236	199		
HP_RECURRENT_PANCREATITIS	26	15		
HP_RECURRENT_PAROXYSMAL_HEADACHE	31	17		
HP_RECURRENT_PATELLAR_DISLOCATION	8		Rejected!	
HP_RECURRENT_PHARYNGITIS	10		Rejected!	
HP_RECURRENT_PNEUMONIA	142	120		
HP_RECURRENT_PROTOZOAN_INFECTIONS	5		Rejected!	
HP_RECURRENT_RESPIRATORY_INFECTIONS	677		Rejected!	
HP_RECURRENT_SHINGLES	5		Rejected!	
HP_RECURRENT_SINOPULMONARY_INFECTIONS	65	55		
HP_RECURRENT_SINUSITIS	76	59		
HP_RECURRENT_SKIN_INFECTIONS	143	108		
HP_RECURRENT_SPONTANEOUS_ABORTION	12		Rejected!	
HP_RECURRENT_STAPHYLOCOCCAL_INFECTIONS	36	28		
HP_RECURRENT_STREPTOCOCCAL_INFECTIONS	6		Rejected!	
HP_RECURRENT_SYSTEMIC_PYOGENIC_INFECTIONS	5		Rejected!	
HP_RECURRENT_THROMBOPHLEBITIS	7		Rejected!	
HP_RECURRENT_TONSILLITIS	17		Rejected!	
HP_RECURRENT_UPPER_AND_LOWER_RESPIRATORY_TRACT_INFECTIONS	16		Rejected!	
HP_RECURRENT_URINARY_TRACT_INFECTIONS	160	140		
HP_RECURRENT_VIRAL_INFECTIONS	61	49		
HP_REDUCED_AMPLITUDE_OF_DARK_ADAPTED_BRIGHT_FLASH_ELECTRORETINOGRAM_A_WAVE	16		Rejected!	
HP_REDUCED_ANTIGEN_SPECIFIC_T_CELL_PROLIFERATION	10		Rejected!	
HP_REDUCED_ATTENTION_REGULATION	531	457		
HP_REDUCED_BLOOD_FOLATE_CONCENTRATION	5		Rejected!	
HP_REDUCED_BRAIN_N_ACETYL_ASPARTATE_LEVEL_BY_MRS	18	17		
HP_REDUCED_CEREBRAL_WHITE_MATTER_VOLUME	46	45		
HP_REDUCED_CIRCULATING_GROWTH_HORMONE_CONCENTRATION	22	15		
HP_REDUCED_CIRCULATING_PROLACTIN_CONCENTRATION	22	17		
HP_REDUCED_CONSCIOUSNESS	254	205		
HP_REDUCED_C_PEPTIDE_LEVEL	7		Rejected!	
HP_REDUCED_DELAYED_HYPERSENSITIVITY	5		Rejected!	
HP_REDUCED_FACTOR_IX_ACTIVITY	6		Rejected!	
HP_REDUCED_FACTOR_VIII_ACTIVITY	5		Rejected!	
HP_REDUCED_FACTOR_VII_ACTIVITY	5		Rejected!	
HP_REDUCED_FACTOR_XIII_ACTIVITY	6		Rejected!	
HP_REDUCED_FACTOR_XII_ACTIVITY	6		Rejected!	
HP_REDUCED_FACTOR_XI_ACTIVITY	13		Rejected!	
HP_REDUCED_FEV1_FVC_RATIO	8		Rejected!	
HP_REDUCED_FORCED_EXPIRATORY_VOLUME_IN_ONE_SECOND	30	22		
HP_REDUCED_FORCED_VITAL_CAPACITY	39	31		
HP_REDUCED_NUMBER_OF_CORNEAL_ENDOTHELIAL_CELLS	8		Rejected!	
HP_REDUCED_NUMBER_OF_INTRAHEPATIC_BILE_DUCTS	5		Rejected!	
HP_REDUCED_PANCREATIC_BETA_CELLS	7		Rejected!	
HP_REDUCED_PROGRESSIVE_SPERM_MOTILITY	23	20		
HP_REDUCED_PROTEIN_C_ACTIVITY	10		Rejected!	
HP_REDUCED_PROTEIN_S_ACTIVITY	9		Rejected!	
HP_REDUCED_RENAL_CORTICOMEDULLARY_DIFFERENTIATION	15		Rejected!	
HP_REDUCED_SOCIAL_RESPONSIVENESS	71	61		
HP_REDUCED_SPERM_MOTILITY	73	63		
HP_REDUCED_SUBCUTANEOUS_ADIPOSE_TISSUE	33	25		
HP_REDUCED_SYSTOLIC_FUNCTION	23	16		
HP_REDUCED_TENDON_REFLEXES	618		Rejected!	
HP_REDUCED_TOTAL_NATURAL_KILLER_CELL_COUNT	32	24		
HP_REDUCED_VISUAL_ACUITY	600		Rejected!	
HP_REDUCED_VITAL_CAPACITY	29	25		
HP_REDUCED_VON_WILLEBRAND_FACTOR_ACTIVITY	13		Rejected!	
HP_REDUNDANT_NECK_SKIN	34	32		
HP_REDUNDANT_SKIN	94	86		
HP_RED_EYE	128	96		
HP_RED_GREEN_DYSCHROMATOPSIA	14		Rejected!	
HP_RED_HAIR	8		Rejected!	
HP_REFLEX_SEIZURE	22	18		
HP_REFRACTORY_ANEMIA	6		Rejected!	
HP_REFRACTORY_ANEMIA_WITH_RINGED_SIDEROBLASTS	5		Rejected!	
HP_REGIONAL_ABNORMALITY_OF_SKIN	544	464		
HP_RELATIVE_MACROCEPHALY	67	63		
HP_REMNANTS_OF_THE_HYALOID_VASCULAR_SYSTEM	13		Rejected!	
HP_RENAL_AGENESIS	208	188		
HP_RENAL_AMYLOIDOSIS	11		Rejected!	
HP_RENAL_ANGIOMYOLIPOMA	5		Rejected!	
HP_RENAL_ATROPHY	7		Rejected!	
HP_RENAL_CELL_CARCINOMA	73	49		
HP_RENAL_CORTICAL_CYSTS	18	15		
HP_RENAL_CORTICAL_MICROCYSTS	5		Rejected!	
HP_RENAL_CORTICOMEDULLARY_CYSTS	9		Rejected!	
HP_RENAL_CYST	283	254		
HP_RENAL_DUPLICATION	49	40		
HP_RENAL_DYSPLASIA	74	69		
HP_RENAL_FANCONI_SYNDROME	15		Rejected!	
HP_RENAL_FIBROSIS	16	15		
HP_RENAL_HAMARTOMA	7		Rejected!	
HP_RENAL_HYPOPLASIA	147	135		
HP_RENAL_HYPOPLASIA_APLASIA	358	322		
HP_RENAL_INSUFFICIENCY	426	362		
HP_RENAL_INTERSTITIAL_FIBROSIS	7		Rejected!	
HP_RENAL_MAGNESIUM_WASTING	7		Rejected!	
HP_RENAL_MALROTATION	8		Rejected!	
HP_RENAL_NECROSIS	5		Rejected!	
HP_RENAL_PHOSPHATE_WASTING	15		Rejected!	
HP_RENAL_POTASSIUM_WASTING	6		Rejected!	
HP_RENAL_SALT_WASTING	22	17		
HP_RENAL_SODIUM_WASTING	8		Rejected!	
HP_RENAL_STEATOSIS	11		Rejected!	
HP_RENAL_TUBULAR_ACIDOSIS	48	39		
HP_RENAL_TUBULAR_DYSFUNCTION	122	100		
HP_RENOVASCULAR_HYPERTENSION	28	24		
HP_REPETITIVE_COMPULSIVE_BEHAVIOR	13		Rejected!	
HP_RESPIRATORY_ALKALOSIS	6		Rejected!	
HP_RESPIRATORY_ARREST	30	25		
HP_RESPIRATORY_DISTRESS	225	192		
HP_RESPIRATORY_FAILURE	260	227		
HP_RESPIRATORY_FAILURE_REQUIRING_ASSISTED_VENTILATION	38	32		
HP_RESPIRATORY_INSUFFICIENCY	658		Rejected!	
HP_RESPIRATORY_INSUFFICIENCY_DUE_TO_DEFECTIVE_CILIARY_CLEARANCE	10		Rejected!	
HP_RESPIRATORY_PARALYSIS	9		Rejected!	
HP_RESPIRATORY_TRACT_INFECTION	820		Rejected!	
HP_RESPONSE_TO_DRUGS_ACTING_ON_NEUROMUSCULAR_TRANSMISSION	7		Rejected!	
HP_RESTING_TREMOR	60	50		
HP_RESTLESSNESS	69	60		
HP_RESTRICTED_OR_REPETITIVE_BEHAVIORS_OR_INTERESTS	288	247		
HP_RESTRICTIVE_BEHAVIOR	17		Rejected!	
HP_RESTRICTIVE_CARDIOMYOPATHY	23	16		
HP_RESTRICTIVE_VENTILATORY_DEFECT	110	81		
HP_RETICULAR_HYPERPIGMENTATION	13		Rejected!	
HP_RETICULATED_SKIN_PIGMENTATION	7		Rejected!	
HP_RETICULOCYTOPENIA	38	35		
HP_RETICULOCYTOSIS	48	35		
HP_RETINAL_ARTERIAL_OCCLUSION	5		Rejected!	
HP_RETINAL_ARTERIAL_TORTUOSITY	13		Rejected!	
HP_RETINAL_ARTERIOLAR_TORTUOSITY	34	30		
HP_RETINAL_ATROPHY	170	141		
HP_RETINAL_COLOBOMA	43	37		
HP_RETINAL_DEGENERATION	296	254		
HP_RETINAL_DETACHMENT	114	98		
HP_RETINAL_DYSPLASIA	26	25		
HP_RETINAL_DYSTROPHY	366	326		
HP_RETINAL_EXUDATE	15		Rejected!	
HP_RETINAL_FLECKS	9		Rejected!	
HP_RETINAL_FOLD	11		Rejected!	
HP_RETINAL_HAMARTOMA	21		Rejected!	
HP_RETINAL_HOLE	7		Rejected!	
HP_RETINAL_NEOVASCULARIZATION	10		Rejected!	
HP_RETINAL_NERVE_FIBER_EDEMA	14		Rejected!	
HP_RETINAL_NONATTACHMENT	6		Rejected!	
HP_RETINAL_PEAU_D_ORANGE	5		Rejected!	
HP_RETINAL_PERFORATION	12		Rejected!	
HP_RETINAL_PIGMENT_EPITHELIAL_ATROPHY	42	33		
HP_RETINAL_PIGMENT_EPITHELIAL_MOTTLING	48	41		
HP_RETINAL_TELANGIECTASIA	27	21		
HP_RETINAL_THINNING	33	26		
HP_RETINAL_VASCULAR_TORTUOSITY	57	51		
HP_RETINAL_VEIN_OCCLUSION	7		Rejected!	
HP_RETINOPATHY	142	114		
HP_RETINOPATHY_OF_PREMATURITY	5		Rejected!	
HP_RETINOSCHISIS	8		Rejected!	
HP_RETROBULBAR_OPTIC_NEURITIS	18		Rejected!	
HP_RETROCEREBELLAR_CYST	9		Rejected!	
HP_RETROCOLLIS	9		Rejected!	
HP_RETROGNATHIA	384	337		
HP_RHABDOMYOLYSIS	45	41		
HP_RHABDOMYOSARCOMA	21	16		
HP_RHEGMATOGENOUS_RETINAL_DETACHMENT	12		Rejected!	
HP_RHEUMATOID_ARTHRITIS	23	17		
HP_RHEUMATOID_FACTOR_POSITIVE	20	15		
HP_RHINITIS	114	99		
HP_RHIZOMELIA	68	62		
HP_RHIZOMELIC_ARM_SHORTENING	10		Rejected!	
HP_RHOMBENCEPHALOSYNAPSIS	16		Rejected!	
HP_RIB_FUSION	47	41		
HP_RIB_SEGMENTATION_ABNORMALITIES	12		Rejected!	
HP_RICKETS	47	38		
HP_RIDGED_FINGERNAIL	9		Rejected!	
HP_RIDGED_NAIL	35	33		
HP_RIEGER_ANOMALY	12		Rejected!	
HP_RIGHT_AORTIC_ARCH	27	22		
HP_RIGHT_AORTIC_ARCH_WITH_MIRROR_IMAGE_BRANCHING	7		Rejected!	
HP_RIGHT_ATRIAL_ENLARGEMENT	25	17		
HP_RIGHT_VENTRICULAR_CARDIOMYOPATHY	7		Rejected!	
HP_RIGHT_VENTRICULAR_DILATATION	17		Rejected!	
HP_RIGHT_VENTRICULAR_HYPERTROPHY	36	32		
HP_RIGIDITY	214	178		
HP_RIMMED_VACUOLES	46	40		
HP_RING_SCOTOMA	7		Rejected!	
HP_ROD_CONE_DYSTROPHY	236	212		
HP_ROTARY_NYSTAGMUS	26	24		
HP_ROUND_EAR	7		Rejected!	
HP_ROUND_FACE	106	87		
HP_SACCADIC_OSCILLATION	21	17		
HP_SACCADIC_SMOOTH_PURSUIT	26	24		
HP_SAGITTAL_CRANIOSYNOSTOSIS	26	21		
HP_SALIVARY_GLAND_NEOPLASM	10		Rejected!	
HP_SANDAL_GAP	96	88		
HP_SANDWICH_APPEARANCE_OF_VERTEBRAL_BODIES	5		Rejected!	
HP_SARCOMA	168	134		
HP_SCALING_SKIN	47	36		
HP_SCALP_TENDERNESS	7		Rejected!	
HP_SCANNING_SPEECH	15		Rejected!	
HP_SCAPHOCEPHALY	40	37		
HP_SCAPULAR_WINGING	101	85		
HP_SCAPULOPERONEAL_AMYOTROPHY	5		Rejected!	
HP_SCARRING	103	88		
HP_SCARRING_ALOPECIA_OF_SCALP	16		Rejected!	
HP_SCHISTOCYTOSIS	13		Rejected!	
HP_SCHIZENCEPHALY	9		Rejected!	
HP_SCHIZOPHRENIA	76	64		
HP_SCHWANNOMA	16		Rejected!	
HP_SCLERAL_STAPHYLOMA	10		Rejected!	
HP_SCLERITIS	9		Rejected!	
HP_SCLEROCORNEA	49	45		
HP_SCLERODACTYLY	5		Rejected!	
HP_SCLERODERMA	13		Rejected!	
HP_SCLEROSING_CHOLANGITIS	14		Rejected!	
HP_SCLEROSIS_OF_FINGER_PHALANX	8		Rejected!	
HP_SCLEROSIS_OF_HAND_BONE	12		Rejected!	
HP_SCLEROSIS_OF_SKULL_BASE	16	15		
HP_SCLEROTIC_VERTEBRAL_ENDPLATES	6		Rejected!	
HP_SCOTOMA	107	83		
HP_SEA_BLUE_HISTIOCYTOSIS	5		Rejected!	
HP_SEBORRHEIC_DERMATITIS	28	24		
HP_SECONDARY_AMENORRHEA	72	56		
HP_SECONDARY_GROWTH_HORMONE_DEFICIENCY	15		Rejected!	
HP_SECONDARY_HYPERPARATHYROIDISM	6		Rejected!	
HP_SECONDARY_MICROCEPHALY	202	180		
HP_SECOND_DEGREE_ATRIOVENTRICULAR_BLOCK	15		Rejected!	
HP_SECOND_TRIMESTER_ONSET	52	44		
HP_SECRETORY_DIARRHEA	14		Rejected!	
HP_SECUNDUM_ATRIAL_SEPTAL_DEFECT	47	39		
HP_SEESAW_NYSTAGMUS	5		Rejected!	
HP_SEGMENTAL_PERIPHERAL_DEMYELINATION_REMYELINATION	22	16		
HP_SELECTIVE_TOOTH_AGENESIS	46	44		
HP_SELF_BITING	14		Rejected!	
HP_SELF_INJURIOUS_BEHAVIOR	230	199		
HP_SELF_MUTILATION	52	48		
HP_SEMILOBAR_HOLOPROSENCEPHALY	10		Rejected!	
HP_SENILE_PLAQUES	11		Rejected!	
HP_SENSORIMOTOR_NEUROPATHY	103	93		
HP_SENSORY_ATAXIA	16	15		
HP_SENSORY_AXONAL_NEUROPATHY	39	35		
HP_SENSORY_BEHAVIORAL_ABNORMALITY	350	293		
HP_SENSORY_NEUROPATHY	115	94		
HP_SENSORY_SEEKING	46	36		
HP_SEPSIS	130	97		
HP_SEPTATE_VAGINA	12		Rejected!	
HP_SEPTIC_ARTHRITIS	9		Rejected!	
HP_SEPTO_OPTIC_DYSPLASIA	21	18		
HP_SEROSITIS	104	78		
HP_SERTOLI_CELL_NEOPLASM	5		Rejected!	
HP_SEVERELY_INCREASED_TOTAL_EOSINOPHIL_COUNT	6		Rejected!	
HP_SEVERELY_REDUCED_LEFT_VENTRICULAR_EJECTION_FRACTION	16		Rejected!	
HP_SEVERELY_REDUCED_VISUAL_ACUITY	45	36		
HP_SEVERE_B_LYMPHOCYTOPENIA	6		Rejected!	
HP_SEVERE_COMBINED_IMMUNODEFICIENCY	22	18		
HP_SEVERE_CYTOMEGALOVIRUS_INFECTION	14		Rejected!	
HP_SEVERE_DEMYELINATION_OF_THE_WHITE_MATTER	7		Rejected!	
HP_SEVERE_EPSTEIN_BARR_VIRUS_INFECTION	6		Rejected!	
HP_SEVERE_EXPRESSIVE_LANGUAGE_DELAY	12		Rejected!	
HP_SEVERE_FAILURE_TO_THRIVE	17		Rejected!	
HP_SEVERE_GLOBAL_DEVELOPMENTAL_DELAY	234	212		
HP_SEVERE_HEARING_IMPAIRMENT	14		Rejected!	
HP_SEVERE_INFECTION	79	55		
HP_SEVERE_INTRAUTERINE_GROWTH_RETARDATION	15		Rejected!	
HP_SEVERE_LACTIC_ACIDOSIS	14		Rejected!	
HP_SEVERE_MUSCULAR_HYPOTONIA	66	59		
HP_SEVERE_PHOTOSENSITIVITY	6		Rejected!	
HP_SEVERE_PLATYSPONDYLY	8		Rejected!	
HP_SEVERE_POSTNATAL_GROWTH_RETARDATION	40	33		
HP_SEVERE_SHORT_LIMB_DWARFISM	5		Rejected!	
HP_SEVERE_SHORT_STATURE	109	97		
HP_SEVERE_TEMPER_TANTRUMS	6		Rejected!	
HP_SEVERE_VARICELLA_ZOSTER_INFECTION	16		Rejected!	
HP_SEVERE_VIRAL_INFECTION	40	32		
HP_SEX_REVERSAL	14		Rejected!	
HP_SHAGREEN_PATCH	5		Rejected!	
HP_SHALLOW_ACETABULAR_FOSSAE	11		Rejected!	
HP_SHALLOW_ANTERIOR_CHAMBER	18		Rejected!	
HP_SHALLOW_ORBITS	36	30		
HP_SHAWL_SCROTUM	25	20		
HP_SHIELD_CHEST	18	18		
HP_SHIVERING	6		Rejected!	
HP_SHOCK	14		Rejected!	
HP_SHORTENED_PR_INTERVAL	9		Rejected!	
HP_SHORTENED_QT_INTERVAL	13		Rejected!	
HP_SHORTENING_OF_ALL_DISTAL_PHALANGES_OF_THE_FINGERS	14		Rejected!	
HP_SHORTENING_OF_ALL_MIDDLE_PHALANGES_OF_THE_FINGERS	7		Rejected!	
HP_SHORTENING_OF_ALL_PHALANGES_OF_THE_TOES	8		Rejected!	
HP_SHORT_1ST_METACARPAL	28	27		
HP_SHORT_4TH_TOE	6		Rejected!	
HP_SHORT_5TH_TOE	5		Rejected!	
HP_SHORT_CHIN	72	61		
HP_SHORT_CLAVICLES	37	32		
HP_SHORT_COLUMELLA	32	28		
HP_SHORT_DIGIT	614		Rejected!	
HP_SHORT_DISTAL_PHALANX_OF_FINGER	119	107		
HP_SHORT_DISTAL_PHALANX_OF_THE_5TH_FINGER	6		Rejected!	
HP_SHORT_DISTAL_PHALANX_OF_THE_THUMB	8		Rejected!	
HP_SHORT_FACE	19	19		
HP_SHORT_FEMUR	31	28		
HP_SHORT_FIRST_METATARSAL	5		Rejected!	
HP_SHORT_FOOT	154	136		
HP_SHORT_FOURTH_METATARSAL	16	15		
HP_SHORT_GREATER_SCIATIC_NOTCH	6		Rejected!	
HP_SHORT_HARD_PALATE	5		Rejected!	
HP_SHORT_LINGUAL_FRENULUM	12		Rejected!	
HP_SHORT_LONG_BONE	281	252		
HP_SHORT_LOWER_LIMBS	13		Rejected!	
HP_SHORT_MANDIBULAR_RAMI	6		Rejected!	
HP_SHORT_MIDDLE_PHALANX_OF_THE_2ND_FINGER	8		Rejected!	
HP_SHORT_MIDDLE_PHALANX_OF_TOE	5		Rejected!	
HP_SHORT_NAIL	15		Rejected!	
HP_SHORT_NASAL_BRIDGE	6		Rejected!	
HP_SHORT_NOSE	328	294		
HP_SHORT_PALM	116	98		
HP_SHORT_PALPEBRAL_FISSURE	123	110		
HP_SHORT_PHALANX_OF_THE_THUMB	37	35		
HP_SHORT_PHILTRUM	257	220		
HP_SHORT_PROXIMAL_PHALANX_OF_FINGER	7		Rejected!	
HP_SHORT_RIBS	71	67		
HP_SHORT_SPERM_FLAGELLA	36	35		
HP_SHORT_STEPPED_SHUFFLING_GAIT	17	15		
HP_SHORT_STERNUM	14		Rejected!	
HP_SHORT_TERM_MEMORY_IMPAIRMENT	6		Rejected!	
HP_SHORT_THORAX	50	46		
HP_SHORT_THUMB	126	112		
HP_SHORT_TIBIA	26	23		
HP_SHORT_TOE	112	91		
HP_SHORT_UMBILICAL_CORD	6		Rejected!	
HP_SHORT_UPPER_LIP	12		Rejected!	
HP_SHOULDER_CONTRACTURE	12		Rejected!	
HP_SHOULDER_DISLOCATION	18	17		
HP_SHOULDER_FLEXION_CONTRACTURE	9		Rejected!	
HP_SHOULDER_GIRDLE_MUSCLE_ATROPHY	16		Rejected!	
HP_SHOULDER_GIRDLE_MUSCLE_WEAKNESS	57	48		
HP_SHOULDER_PAIN	7		Rejected!	
HP_SHUFFLING_GAIT	42	34		
HP_SICK_SINUS_SYNDROME	29	22		
HP_SIDEROBLASTIC_ANEMIA	35	30		
HP_SILVER_GRAY_HAIR	6		Rejected!	
HP_SIMPLE_EAR	26	23		
HP_SIMPLE_FEBRILE_SEIZURE	28	24		
HP_SIMPLIFIED_GYRAL_PATTERN	85	77		
HP_SINGLE_FIBER_EMG_ABNORMALITY	8		Rejected!	
HP_SINGLE_NARIS	22	20		
HP_SINGLE_TRANSVERSE_PALMAR_CREASE	219	199		
HP_SINGLE_VENTRICLE	13		Rejected!	
HP_SINUS_BRADYCARDIA	30	17		
HP_SINUS_TACHYCARDIA	28	17		
HP_SIRENOMELIA	10		Rejected!	
HP_SKELETAL_DYSPLASIA	186	171		
HP_SKELETAL_MUSCLE_ATROPHY	583		Rejected!	
HP_SKELETAL_MYOPATHY	11		Rejected!	
HP_SKEWFOOT	6		Rejected!	
HP_SKIN_APPENDAGE_NEOPLASM	18		Rejected!	
HP_SKIN_DIMPLE	126	110		
HP_SKIN_EROSION	28	23		
HP_SKIN_NODULE	130	100		
HP_SKIN_PICKING	12		Rejected!	
HP_SKIN_PIT	83	72		
HP_SKIN_PLAQUE	47	37		
HP_SKIN_RASH	173	123		
HP_SKIN_TAGS	96	86		
HP_SKIN_ULCER	135	113		
HP_SKIN_VESICLE	27	25		
HP_SKULL_ASYMMETRY	7		Rejected!	
HP_SLANTING_OF_THE_PALPEBRAL_FISSURE	745		Rejected!	
HP_SLEEP_ABNORMALITY	594		Rejected!	
HP_SLEEP_ONSET_INSOMNIA	7		Rejected!	
HP_SLEEP_RELATED_BREATHING_DISORDERS	176	152		
HP_SLEEP_WAKE_CYCLE_DISTURBANCE	47	44		
HP_SLENDER_BUILD	30	28		
HP_SLENDER_FINGER	160	141		
HP_SLENDER_LONG_BONE	49	44		
HP_SLENDER_LONG_BONES_WITH_NARROW_DIAPHYSES	5		Rejected!	
HP_SLENDER_TOE	6		Rejected!	
HP_SLOPING_FOREHEAD	188	176		
HP_SLOWED_SLURRED_SPEECH	6		Rejected!	
HP_SLOWLY_PROGRESSIVE	161	136		
HP_SLOW_DECREASE_IN_VISUAL_ACUITY	34	28		
HP_SLOW_PUPILLARY_LIGHT_RESPONSE	39	30		
HP_SLOW_SACCADIC_EYE_MOVEMENTS	42	37		
HP_SLURRED_SPEECH	54	46		
HP_SMALL_ANTERIOR_FONTANELLE	10		Rejected!	
HP_SMALL_BASAL_GANGLIA	14		Rejected!	
HP_SMALL_BOWEL_DIVERTICULA	5		Rejected!	
HP_SMALL_CEREBRAL_CORTEX	8		Rejected!	
HP_SMALL_EARLOBE	28	23		
HP_SMALL_EPIPHYSES	24	20		
HP_SMALL_FACE	142	131		
HP_SMALL_FORAMEN_MAGNUM	12		Rejected!	
HP_SMALL_FOREHEAD	16	15		
HP_SMALL_FOR_GESTATIONAL_AGE	270	245		
HP_SMALL_HAND	123	108		
HP_SMALL_INTESTINAL_DYSMOTILITY	6		Rejected!	
HP_SMALL_INTESTINAL_STENOSIS	29	24		
HP_SMALL_JOINT_HYPERMOBILTY	63	56		
HP_SMALL_NAIL	186	164		
HP_SMALL_PITUITARY_GLAND	16		Rejected!	
HP_SMALL_PLACENTA	9		Rejected!	
HP_SMALL_SCROTUM	67	57		
HP_SMALL_THENAR_EMINENCE	10		Rejected!	
HP_SMALL_VESSEL_VASCULITIS	5		Rejected!	
HP_SMOOTH_PHILTRUM	195	174		
HP_SNORING	9		Rejected!	
HP_SOCIAL_AND_OCCUPATIONAL_DETERIORATION	14		Rejected!	
HP_SOCIAL_DISINHIBITION	70	62		
HP_SOFT_DOUGHY_SKIN	14		Rejected!	
HP_SOFT_SKIN	45	39		
HP_SOFT_TISSUE_NEOPLASM	13		Rejected!	
HP_SOFT_TISSUE_SARCOMA	120	91		
HP_SOLITARY_MEDIAN_MAXILLARY_CENTRAL_INCISOR	27	23		
HP_SOMATIC_SENSORY_DYSFUNCTION	437	374		
HP_SPARSE_AXILLARY_HAIR	45	37		
HP_SPARSE_BODY_HAIR	62	47		
HP_SPARSE_BONE_TRABECULAE	5		Rejected!	
HP_SPARSE_EYEBROW	154	133		
HP_SPARSE_EYELASHES	76	64		
HP_SPARSE_HAIR	383	334		
HP_SPARSE_LATERAL_EYEBROW	36	27		
HP_SPARSE_MEDIAL_EYEBROW	5		Rejected!	
HP_SPARSE_OR_ABSENT_EYELASHES	95	81		
HP_SPARSE_SCALP_HAIR	142	126		
HP_SPASTICITY	921		Rejected!	
HP_SPASTIC_ATAXIA	20	20		
HP_SPASTIC_DIPLEGIA	42	34		
HP_SPASTIC_DYSARTHRIA	26	21		
HP_SPASTIC_GAIT	78	68		
HP_SPASTIC_HYPERACTIVE_BLADDER	11		Rejected!	
HP_SPASTIC_PARAPARETIC_GAIT	11		Rejected!	
HP_SPASTIC_PARAPLEGIA	118	100		
HP_SPASTIC_TETRAPARESIS	75	66		
HP_SPASTIC_TETRAPLEGIA	122	107		
HP_SPECIFIC_LEARNING_DISABILITY	336	296		
HP_SPEECH_APRAXIA	32	29		
HP_SPEECH_ARTICULATION_DIFFICULTIES	35	32		
HP_SPERMATOCYTE_MATURATION_ARREST	6		Rejected!	
HP_SPERMATOGENESIS_MATURATION_ARREST	17		Rejected!	
HP_SPHEROCYTOSIS	8		Rejected!	
HP_SPHEROPHAKIA	9		Rejected!	
HP_SPIDER_HEMANGIOMA	5		Rejected!	
HP_SPINAL_CANAL_STENOSIS	47	39		
HP_SPINAL_CORD_COMPRESSION	44	37		
HP_SPINAL_CORD_LESION	46	43		
HP_SPINAL_CORD_TUMOR	13		Rejected!	
HP_SPINAL_DYSRAPHISM	150	131		
HP_SPINAL_MUSCULAR_ATROPHY	24	22		
HP_SPINAL_RIGIDITY	61	50		
HP_SPINA_BIFIDA_OCCULTA	85	75		
HP_SPINOCEREBELLAR_TRACT_DEGENERATION	10		Rejected!	
HP_SPLANCHNIC_VEIN_THROMBOSIS	26	19		
HP_SPLENIC_INFARCTION	7		Rejected!	
HP_SPLENIC_RUPTURE	5		Rejected!	
HP_SPLENOMEGALY	499	403		
HP_SPLIT_FOOT	13		Rejected!	
HP_SPLIT_NAIL	11		Rejected!	
HP_SPOKEN_WORD_RECOGNITION_DEFICIT	9		Rejected!	
HP_SPONDYLOEPIMETAPHYSEAL_DYSPLASIA	17	17		
HP_SPONDYLOEPIPHYSEAL_DYSPLASIA	13		Rejected!	
HP_SPONDYLOLISTHESIS	21	16		
HP_SPONDYLOLYSIS	7		Rejected!	
HP_SPONDYLOMETAPHYSEAL_DYSPLASIA	9		Rejected!	
HP_SPONTANEOUS_HEMATOMAS	19	15		
HP_SPONTANEOUS_HEMOLYTIC_CRISES	7		Rejected!	
HP_SPONTANEOUS_PAIN_SENSATION	5		Rejected!	
HP_SPONTANEOUS_PNEUMOTHORAX	20		Rejected!	
HP_SPONTANEOUS_RECURRENT_EPISTAXIS	17		Rejected!	
HP_SPORADIC	99	73		
HP_SPOTTY_HYPERPIGMENTATION	9		Rejected!	
HP_SPOTTY_HYPOPIGMENTATION	9		Rejected!	
HP_SPRENGEL_ANOMALY	54	47		
HP_SQUAMOUS_CELL_CARCINOMA	70	59		
HP_SQUAMOUS_CELL_CARCINOMA_OF_THE_SKIN	23	16		
HP_SQUARED_ILIAC_BONES	14		Rejected!	
HP_SQUARE_FACE	16	15		
HP_STAGE_3_CHRONIC_KIDNEY_DISEASE	5		Rejected!	
HP_STAGE_5_CHRONIC_KIDNEY_DISEASE	138	122		
HP_STAPES_ANKYLOSIS	8		Rejected!	
HP_STARING_GAZE	22	18		
HP_STATUS_EPILEPTICUS	208	185		
HP_STATUS_EPILEPTICUS_WITHOUT_PROMINENT_MOTOR_SYMPTOMS	27	22		
HP_STATUS_EPILEPTICUS_WITH_PROMINENT_MOTOR_SYMPTOMS	30	26		
HP_STENOSIS_OF_THE_EXTERNAL_AUDITORY_CANAL	41	39		
HP_STEPPAGE_GAIT	95	78		
HP_STEREOTYPICAL_BODY_ROCKING	8		Rejected!	
HP_STEREOTYPIC_MOVEMENTS_OF_FACE_AND_HEAD	83	70		
HP_STEREOTYPIC_UPPER_EXTREMITY_MOVEMENTS	57	53		
HP_STEREOTYPIC_WHOLE_BODY_MOVEMENTS	10		Rejected!	
HP_STERILE_ABSCESS	5		Rejected!	
HP_STEROID_RESISTANT_NEPHROTIC_SYNDROME	17	15		
HP_STIFF_NECK	6		Rejected!	
HP_STIFF_SKIN	7		Rejected!	
HP_STILLBIRTH	32	30		
HP_STOMACH_CANCER	33	25		
HP_STOMATITIS	70	50		
HP_STOMATOCYTOSIS	15		Rejected!	
HP_STOOPED_POSTURE	10		Rejected!	
HP_STRAIGHT_CLAVICLES	8		Rejected!	
HP_STREAK_OVARY	39	29		
HP_STRIAE_DISTENSAE	39	29		
HP_STRIDOR	50	44		
HP_STROKE	190	138		
HP_STROKE_LIKE_EPISODE	31	21		
HP_STUTTERING	24	17		
HP_ST_SEGMENT_DEPRESSION	13		Rejected!	
HP_ST_SEGMENT_ELEVATION	25	21		
HP_SUBACUTE_PROGRESSIVE_VIRAL_HEPATITIS	9		Rejected!	
HP_SUBARACHNOID_HEMORRHAGE	40	27		
HP_SUBCAPSULAR_CATARACT	117	100		
HP_SUBCORTICAL_BAND_HETEROTOPIA	10		Rejected!	
HP_SUBCORTICAL_CEREBRAL_ATROPHY	27	21		
HP_SUBCORTICAL_HETEROTOPIA	12		Rejected!	
HP_SUBCORTICAL_WHITE_MATTER_CALCIFICATIONS	6		Rejected!	
HP_SUBCUTANEOUS_HEMORRHAGE	260	211		
HP_SUBCUTANEOUS_LIPOMA	7		Rejected!	
HP_SUBCUTANEOUS_NODULE	93	72		
HP_SUBDURAL_HEMORRHAGE	15		Rejected!	
HP_SUBEPENDYMAL_CYSTS	9		Rejected!	
HP_SUBGLOTTIC_STENOSIS	22	21		
HP_SUBMUCOUS_CLEFT_PALATE	85	79		
HP_SUBMUCOUS_CLEFT_SOFT_PALATE	11		Rejected!	
HP_SUBRETINAL_DEPOSITS	6		Rejected!	
HP_SUBRETINAL_FLUID	10		Rejected!	
HP_SUBSARCOLEMMAL_ACCUMULATIONS_OF_ABNORMALLY_SHAPED_MITOCHONDRIA	6		Rejected!	
HP_SUBSTANTIA_NIGRA_GLIOSIS	14		Rejected!	
HP_SUBUNGUAL_HYPERKERATOSIS	7		Rejected!	
HP_SUBVALVULAR_AORTIC_STENOSIS	22	19		
HP_SUDDEN_DEATH	130	89		
HP_SUDDEN_EPISODIC_APNEA	19	15		
HP_SUDDEN_LOSS_OF_VISUAL_ACUITY	5		Rejected!	
HP_SUDDEN_UNEXPECTED_DEATH_IN_EPILEPSY	10		Rejected!	
HP_SUICIDAL_IDEATION	23	18		
HP_SUNKEN_CHEEKS	5		Rejected!	
HP_SUPERFICIAL_THROMBOPHLEBITIS	18		Rejected!	
HP_SUPERNUMERARY_BONES_OF_THE_AXIAL_SKELETON	29	26		
HP_SUPERNUMERARY_CUSP	5		Rejected!	
HP_SUPERNUMERARY_MAXILLARY_INCISOR	5		Rejected!	
HP_SUPERNUMERARY_NIPPLE	52	46		
HP_SUPERNUMERARY_SPLEENS	97	87		
HP_SUPERNUMERARY_TOOTH	52	46		
HP_SUPERNUMERARY_VERTEBRAE	5		Rejected!	
HP_SUPRANUCLEAR_GAZE_PALSY	57	53		
HP_SUPRANUCLEAR_OPHTHALMOPLEGIA	5		Rejected!	
HP_SUPRAVALVULAR_AORTIC_STENOSIS	30	22		
HP_SUPRAVENTRICULAR_ARRHYTHMIA	135	103		
HP_SUPRAVENTRICULAR_TACHYCARDIA	58	43		
HP_SUTURAL_CATARACT	8		Rejected!	
HP_SWAN_NECK_LIKE_DEFORMITIES_OF_THE_FINGERS	9		Rejected!	
HP_SWOLLEN_LIP	7		Rejected!	
HP_SYMPHALANGISM_AFFECTING_THE_PHALANGES_OF_THE_HAND	20	16		
HP_SYMPHALANGISM_OF_MIDDLE_PHALANX_OF_FINGER	9		Rejected!	
HP_SYMPHALANGISM_OF_THE_5TH_FINGER	5		Rejected!	
HP_SYMPTOMATIC_SEIZURES	38	29		
HP_SYNCOPE	121	91		
HP_SYNDACTYLY	417	369		
HP_SYNKINESIS	34	29		
HP_SYNOSTOSIS_INVOLVING_BONES_OF_THE_FEET	32	29		
HP_SYNOSTOSIS_INVOLVING_BONES_OF_THE_HAND	53	49		
HP_SYNOSTOSIS_INVOLVING_BONES_OF_THE_UPPER_LIMBS	126	118		
HP_SYNOSTOSIS_INVOLVING_DIGITS	17	15		
HP_SYNOSTOSIS_OF_CARPALS_TARSALS	50	45		
HP_SYNOSTOSIS_OF_CARPAL_BONES	26	23		
HP_SYNOSTOSIS_OF_JOINTS	200	181		
HP_SYNOSTOSIS_OF_METACARPALS_METATARSALS	20	19		
HP_SYNOVIAL_LINING_HYPERPLASIA	8		Rejected!	
HP_SYRINGOMYELIA	33	30		
HP_SYSTEMIC_LUPUS_ERYTHEMATOSUS	35	27		
HP_SYSTOLIC_HEART_MURMUR	14		Rejected!	
HP_TACHYCARDIA	144	104		
HP_TACHYPNEA	94	80		
HP_TACTILE_HYPERSENSITIVITY	6		Rejected!	
HP_TALIPES_CALCANEOVALGUS	14		Rejected!	
HP_TALIPES_EQUINOVALGUS	14		Rejected!	
HP_TALIPES_EQUINOVARUS	404	359		
HP_TALIPES_VALGUS	21	18		
HP_TALL_CHIN	8		Rejected!	
HP_TALL_STATURE	178	144		
HP_TAPERED_DISTAL_PHALANGES_OF_FINGER	6		Rejected!	
HP_TAPERED_FINGER	148	138		
HP_TAPERED_SPERM_HEAD	8		Rejected!	
HP_TARSAL_SYNOSTOSIS	26	24		
HP_TELANGIECTASIA	161	133		
HP_TELANGIECTASIA_OF_THE_SKIN	79	65		
HP_TELECANTHUS	176	151		
HP_TEMPERATURE_INSTABILITY	41	31		
HP_TEMPORAL_CORTICAL_ATROPHY	26	21		
HP_TEMPORAL_OPTIC_DISC_PALLOR	8		Rejected!	
HP_TEMPORAL_PATTERN	24	17		
HP_TEMPOROMANDIBULAR_JOINT_ANKYLOSIS	5		Rejected!	
HP_TENDON_RUPTURE	6		Rejected!	
HP_TENDON_XANTHOMATOSIS	14		Rejected!	
HP_TENTED_UPPER_LIP_VERMILION	121	103		
HP_TERATOMA	11		Rejected!	
HP_TESSIER_CLEFT	19	19		
HP_TESTICULAR_ADRENAL_REST_TUMOR	8		Rejected!	
HP_TESTICULAR_ATROPHY	16		Rejected!	
HP_TESTICULAR_DYSGENESIS	13		Rejected!	
HP_TETANY	22	16		
HP_TETRALOGY_OF_FALLOT	187	166		
HP_TETRAPARESIS	119	107		
HP_TETRAPLEGIA	45	40		
HP_TETRAPLEGIA_TETRAPARESIS	153	137		
HP_THENAR_MUSCLE_ATROPHY	15		Rejected!	
HP_THENAR_MUSCLE_WEAKNESS	5		Rejected!	
HP_THICKENED_CALVARIA	41	38		
HP_THICKENED_CORTEX_OF_BONES	13		Rejected!	
HP_THICKENED_EARS	11		Rejected!	
HP_THICKENED_HELICES	48	43		
HP_THICKENED_NUCHAL_SKIN_FOLD	60	53		
HP_THICKENED_RIBS	8		Rejected!	
HP_THICKENED_SKIN	430	352		
HP_THICK_CEREBRAL_CORTEX	11		Rejected!	
HP_THICK_CORPUS_CALLOSUM	19	17		
HP_THICK_EYEBROW	156	139		
HP_THICK_HAIR	21	17		
HP_THICK_LOWER_LIP_VERMILION	137	122		
HP_THICK_NASAL_ALAE	38	34		
HP_THICK_UPPER_LIP_VERMILION	29	23		
HP_THICK_VERMILION_BORDER	283	249		
HP_THINNING_OF_DESCEMET_MEMBRANE	6		Rejected!	
HP_THIN_BONY_CORTEX	24	19		
HP_THIN_CLAVICLES	6		Rejected!	
HP_THIN_EYEBROW	25	21		
HP_THIN_LOWER_LIP_VERMILION	5		Rejected!	
HP_THIN_NAIL	16		Rejected!	
HP_THIN_RIBS	52	44		
HP_THIN_SKIN	90	77		
HP_THIN_UPPER_LIP_VERMILION	325	283		
HP_THIN_VERMILION_BORDER	421	364		
HP_THIRD_DEGREE_ATRIOVENTRICULAR_BLOCK	12		Rejected!	
HP_THIRD_TRIMESTER_ONSET	45	40		
HP_THORACIC_AORTA_CALCIFICATION	5		Rejected!	
HP_THORACIC_AORTIC_ANEURYSM	123	105		
HP_THORACIC_DYSPLASIA	6		Rejected!	
HP_THORACIC_HYPOPLASIA	154	142		
HP_THORACIC_KYPHOSCOLIOSIS	24	21		
HP_THORACIC_KYPHOSIS	59	51		
HP_THORACIC_PLATYSPONDYLY	6		Rejected!	
HP_THORACIC_SCOLIOSIS	61	52		
HP_THORACOLUMBAR_KYPHOSCOLIOSIS	8		Rejected!	
HP_THORACOLUMBAR_KYPHOSIS	22	20		
HP_THORACOLUMBAR_SCOLIOSIS	43	37		
HP_THROMBOCYTOSIS	67	58		
HP_THROMBOEMBOLIC_STROKE	75	58		
HP_THROMBOEMBOLISM	101	78		
HP_THROMBOPHLEBITIS	26	19		
HP_THUMB_CONTRACTURE	6		Rejected!	
HP_THYMOMA	5		Rejected!	
HP_THYMUS_HYPERPLASIA	6		Rejected!	
HP_THYROIDITIS	49	40		
HP_THYROID_ADENOMA	11		Rejected!	
HP_THYROID_AGENESIS	7		Rejected!	
HP_THYROID_CARCINOMA	58	40		
HP_THYROID_DEFECT_IN_OXIDATION_AND_ORGANIFICATION_OF_IODIDE	6		Rejected!	
HP_THYROID_DYSGENESIS	6		Rejected!	
HP_THYROTOXICOSIS_WITH_DIFFUSE_GOITER	7		Rejected!	
HP_TIBIALIS_ANTERIOR_MUSCLE_ATROPHY	5		Rejected!	
HP_TIBIALIS_MUSCLE_WEAKNESS	8		Rejected!	
HP_TIBIAL_BOWING	42	38		
HP_TIBIAL_TORSION	24	22		
HP_TICS	27	25		
HP_TIGER_TAIL_BANDING	10		Rejected!	
HP_TINNITUS	70	52		
HP_TIP_TOE_GAIT	92	77		
HP_TISSUE_ISCHEMIA	123	91		
HP_TITUBATION	37	34		
HP_TOENAIL_DYSPLASIA	16		Rejected!	
HP_TOE_CLINODACTYLY	26	22		
HP_TOE_DEFORMITY	134	120		
HP_TOE_JOINT_CONTRACTURE	34	29		
HP_TOE_SYNDACTYLY	241	217		
HP_TONGUE_ATROPHY	52	45		
HP_TONGUE_FASCICULATIONS	74	64		
HP_TONGUE_MUSCLE_WEAKNESS	13		Rejected!	
HP_TONGUE_NODULES	16	15		
HP_TONGUE_THRUSTING	17	15		
HP_TONIC_SEIZURE	143	125		
HP_TOOTH_ABSCESS	8		Rejected!	
HP_TOOTH_MALPOSITION	427	381		
HP_TORSADE_DE_POINTES	25	17		
HP_TORSION_DYSTONIA	8		Rejected!	
HP_TORTUOUS_CEREBRAL_ARTERIES	6		Rejected!	
HP_TOTAL_ANOMALOUS_PULMONARY_VENOUS_RETURN	16		Rejected!	
HP_TOTAL_OPHTHALMOPLEGIA	8		Rejected!	
HP_TOXEMIA_OF_PREGNANCY	28	20		
HP_TRACHEAL_CALCIFICATION	5		Rejected!	
HP_TRACHEAL_STENOSIS	30	27		
HP_TRACHEOBRONCHOMALACIA	8		Rejected!	
HP_TRACHEOESOPHAGEAL_FISTULA	95	84		
HP_TRACHEOMALACIA	49	47		
HP_TRACTIONAL_RETINAL_DETACHMENT	8		Rejected!	
HP_TRANSIENTLY_DECREASED_TOTAL_NEUTROPHIL_COUNT	7		Rejected!	
HP_TRANSIENT_GLOBAL_AMNESIA	22	17		
HP_TRANSIENT_HYPERPHENYLALANINEMIA	5		Rejected!	
HP_TRANSIENT_ISCHEMIC_ATTACK	61	42		
HP_TRANSIENT_NEONATAL_DIABETES_MELLITUS	16		Rejected!	
HP_TRANSPOSITION_OF_THE_GREAT_ARTERIES	82	69		
HP_TRANSVERSE_TERMINAL_LIMB_DEFECT	25	23		
HP_TREMOR	641		Rejected!	
HP_TREMOR_BY_ANATOMICAL_SITE	103	92		
HP_TRIANGULAR_FACE	168	152		
HP_TRIANGULAR_MOUTH	21	19		
HP_TRIANGULAR_SHAPED_PHALANGES_OF_THE_HAND	7		Rejected!	
HP_TRICEPS_WEAKNESS	18	15		
HP_TRICHORRHEXIS_NODOSA	13		Rejected!	
HP_TRICUSPID_ATRESIA	12		Rejected!	
HP_TRICUSPID_STENOSIS	6		Rejected!	
HP_TRICUSPID_VALVE_PROLAPSE	15		Rejected!	
HP_TRIGONOCEPHALY	45	41		
HP_TRIPHALANGEAL_THUMB	70	63		
HP_TRISMUS	15		Rejected!	
HP_TRITANOMALY	9		Rejected!	
HP_TROPHIC_CHANGES_RELATED_TO_PAIN	5		Rejected!	
HP_TRUE_HERMAPHRODITISM	21	20		
HP_TRUNCAL_ATAXIA	76	69		
HP_TRUNCAL_OBESITY	83	76		
HP_TRUNCAL_TITUBATION	8		Rejected!	
HP_TRUNCUS_ARTERIOSUS	27	24		
HP_TUBE_FEEDING	215	189		
HP_TUBULAR_LUMINAL_DILATATION	5		Rejected!	
HP_TUBULOINTERSTITIAL_NEPHRITIS	24	22		
HP_TURRICEPHALY	49	44		
HP_TYPE_1_MUSCLE_FIBER_ATROPHY	18		Rejected!	
HP_TYPE_1_MUSCLE_FIBER_PREDOMINANCE	66	53		
HP_TYPE_2_MUSCLE_FIBER_ATROPHY	18	17		
HP_TYPE_2_MUSCLE_FIBER_PREDOMINANCE	9		Rejected!	
HP_TYPE_A_BRACHYDACTYLY	24	23		
HP_TYPE_E_BRACHYDACTYLY	5		Rejected!	
HP_TYPE_II_DIABETES_MELLITUS	144	115		
HP_TYPE_II_LISSENCEPHALY	16	16		
HP_TYPE_II_TRANSFERRIN_ISOFORM_PROFILE	17	15		
HP_TYPE_I_DIABETES_MELLITUS	70	56		
HP_TYPE_I_TRANSFERRIN_ISOFORM_PROFILE	22	21		
HP_TYPICALLY_DE_NOVO	12		Rejected!	
HP_TYPICAL_ABSENCE_SEIZURE	32	25		
HP_TYPIFIED_BY_AGE_RELATED_DISEASE_ONSET	5		Rejected!	
HP_TYPIFIED_BY_INCOMPLETE_PENETRANCE	151	123		
HP_TYPIFIED_BY_SOMATIC_MOSAICISM	173	137		
HP_T_CELL_LYMPHOMA	12		Rejected!	
HP_T_WAVE_INVERSION	6		Rejected!	
HP_ULCERATIVE_COLITIS	17	16		
HP_ULNAR_BOWING	21	19		
HP_ULNAR_CLAW	9		Rejected!	
HP_ULNAR_DEVIATION_OF_FINGER	37	28		
HP_ULNAR_DEVIATION_OF_THE_2ND_FINGER	7		Rejected!	
HP_ULNAR_DEVIATION_OF_THE_HAND	33	32		
HP_ULNAR_DEVIATION_OF_THE_HAND_OR_OF_FINGERS_OF_THE_HAND	68	58		
HP_ULNAR_DEVIATION_OF_THE_WRIST	20	17		
HP_ULTRA_LOW_VISION	5		Rejected!	
HP_UNBALANCED_ATRIOVENTRICULAR_CANAL_DEFECT	6		Rejected!	
HP_UNCOMBABLE_HAIR	7		Rejected!	
HP_UNCONJUGATED_HYPERBILIRUBINEMIA	21	15		
HP_UNCONTROLLED_EYE_MOVEMENTS	8		Rejected!	
HP_UNDERDEVELOPED_SUPRAORBITAL_RIDGES	62	53		
HP_UNDERFOLDED_HELIX	7		Rejected!	
HP_UNDETECTABLE_ELECTRORETINOGRAM	29	26		
HP_UNDETECTABLE_LIGHT_ADAPTED_ELECTRORETINOGRAM	7		Rejected!	
HP_UNDETECTABLE_LIGHT_AND_DARK_ADAPTED_ELECTRORETINOGRAM	14		Rejected!	
HP_UNDETECTABLE_VISUAL_EVOKED_POTENTIALS	9		Rejected!	
HP_UNDULATE_RIBS	5		Rejected!	
HP_UNEXPLAINED_FEVERS	20		Rejected!	
HP_UNICORONAL_SYNOSTOSIS	7		Rejected!	
HP_UNILATERAL_CLEFT_LIP	10		Rejected!	
HP_UNILATERAL_CLEFT_PALATE	20	18		
HP_UNILATERAL_CRYPTORCHIDISM	15		Rejected!	
HP_UNILATERAL_PRIMARY_PULMONARY_DYSGENESIS	5		Rejected!	
HP_UNILATERAL_PTOSIS	12		Rejected!	
HP_UNILATERAL_RENAL_AGENESIS	100	89		
HP_UNILATERAL_RENAL_HYPOPLASIA	5		Rejected!	
HP_UNSTEADY_GAIT	197	172		
HP_UNUSUAL_FUNGAL_INFECTION	117	86		
HP_UNUSUAL_INFECTION	1099		Rejected!	
HP_UNUSUAL_INFECTION_BY_ANATOMICAL_SITE	115	82		
HP_UNUSUAL_SKIN_INFECTION	10		Rejected!	
HP_UNUSUAL_VIRAL_INFECTION	27	20		
HP_UPGAZE_PALSY	15		Rejected!	
HP_UPLIFTED_EARLOBE	26	23		
HP_UPPER_AIRWAY_OBSTRUCTION	18	15		
HP_UPPER_EXTREMITY_JOINT_DISLOCATION	91	76		
HP_UPPER_EYELID_COLOBOMA	9		Rejected!	
HP_UPPER_EYELID_EDEMA	6		Rejected!	
HP_UPPER_LIMB_AMYOTROPHY	86	76		
HP_UPPER_LIMB_ASYMMETRY	17		Rejected!	
HP_UPPER_LIMB_HYPERREFLEXIA	27	22		
HP_UPPER_LIMB_HYPERTONIA	10		Rejected!	
HP_UPPER_LIMB_JOINT_CONTRACTURE	358	317		
HP_UPPER_LIMB_MUSCLE_WEAKNESS	150	130		
HP_UPPER_LIMB_PAIN	9		Rejected!	
HP_UPPER_LIMB_POSTURAL_TREMOR	11		Rejected!	
HP_UPPER_LIMB_SPASTICITY	32	31		
HP_UPPER_LIMB_UNDERGROWTH	87	78		
HP_UPPER_MOTOR_NEURON_DYSFUNCTION	1227		Rejected!	
HP_UPSLANTED_PALPEBRAL_FISSURE	336	299		
HP_URETERAL_DUPLICATION	47	44		
HP_URETERAL_OBSTRUCTION	39	33		
HP_URETERAL_STENOSIS	33	27		
HP_URETEROCELE	29	25		
HP_URETEROPELVIC_JUNCTION_OBSTRUCTION	23	19		
HP_URETHRAL_ATRESIA	24	24		
HP_URETHRAL_DIVERTICULUM	6		Rejected!	
HP_URETHRAL_FISTULA	8		Rejected!	
HP_URETHRAL_OBSTRUCTION	68	60		
HP_URETHRAL_STENOSIS	57	52		
HP_URETHRAL_STRICTURE	17	16		
HP_URETHRAL_VALVE	11		Rejected!	
HP_URETHROVAGINAL_FISTULA	6		Rejected!	
HP_URETHROVESICAL_OCCLUSION	10		Rejected!	
HP_URIC_ACID_NEPHROLITHIASIS	13		Rejected!	
HP_URINARY_BLADDER_SPHINCTER_DYSFUNCTION	32	27		
HP_URINARY_INCONTINENCE	150	131		
HP_URINARY_RETENTION	27	23		
HP_URINARY_TRACT_NEOPLASM	143	100		
HP_URINARY_URGENCY	53	48		
HP_UROGENITAL_FISTULA	55	49		
HP_UROGENITAL_SINUS_ANOMALY	18	15		
HP_URTICARIA	54	43		
HP_USUAL_INTERSTITIAL_PNEUMONIA	15		Rejected!	
HP_UTERINE_LEIOMYOMA	8		Rejected!	
HP_UTERINE_RUPTURE	9		Rejected!	
HP_UTERUS_DIDELPHYS	12		Rejected!	
HP_UVEAL_ECTROPION	7		Rejected!	
HP_UVEAL_MELANOMA	8		Rejected!	
HP_UVEITIS	63	49		
HP_U_SHAPED_UPPER_LIP_VERMILION	9		Rejected!	
HP_VACUOLATED_LYMPHOCYTES	11		Rejected!	
HP_VAGINAL_FISTULA	30	29		
HP_VAGINAL_NEOPLASM	10		Rejected!	
HP_VARICOCELE	12		Rejected!	
HP_VARICOSE_VEINS	32	27		
HP_VASCULAR_CALCIFICATION	32	20		
HP_VASCULAR_DILATATION	215	180		
HP_VASCULAR_GRANULAR_OSMIOPHILIC_MATERIAL_DEPOSITION	7		Rejected!	
HP_VASCULAR_NEOPLASM	155	121		
HP_VASCULAR_SKIN_ABNORMALITY	597	484		
HP_VASCULAR_TORTUOSITY	33	29		
HP_VASCULITIS	73	51		
HP_VASCULITIS_BY_ANATOMICAL_SITE	17		Rejected!	
HP_VASCULITIS_IN_THE_SKIN	8		Rejected!	
HP_VEGETATIVE_STATE	13		Rejected!	
HP_VEIN_OF_GALEN_ANEURYSMAL_MALFORMATION	5		Rejected!	
HP_VELOPHARYNGEAL_INSUFFICIENCY	37	33		
HP_VENOUS_INSUFFICIENCY	41	35		
HP_VENOUS_MALFORMATION	10		Rejected!	
HP_VENOUS_THROMBOSIS	87	62		
HP_VENTILATOR_DEPENDENCE_WITH_INABILITY_TO_WEAN	5		Rejected!	
HP_VENTRAL_HERNIA	5		Rejected!	
HP_VENTRICULAR_ARRHYTHMIA	139	99		
HP_VENTRICULAR_ESCAPE_RHYTHM	11		Rejected!	
HP_VENTRICULAR_FIBRILLATION	56	39		
HP_VENTRICULAR_HYPERTROPHY	175	142		
HP_VENTRICULAR_SEPTAL_HYPERTROPHY	13		Rejected!	
HP_VENTRICULAR_TACHYCARDIA	70	51		
HP_VENTRICULOMEGALY	770		Rejected!	
HP_VERRUCAE	34	23		
HP_VERTEBRAL_ARCH_ANOMALY	18		Rejected!	
HP_VERTEBRAL_CLEFTING	41	39		
HP_VERTEBRAL_COMPRESSION_FRACTURE	41	36		
HP_VERTEBRAL_FUSION	73	63		
HP_VERTEBRAL_HYPOPLASIA	36	33		
HP_VERTEBRAL_SEGMENTATION_DEFECT	161	140		
HP_VERTEBRAL_WEDGING	19	15		
HP_VERTICAL_NYSTAGMUS	23	21		
HP_VERTICAL_SUPRANUCLEAR_GAZE_PALSY	32	30		
HP_VERTIGO	148	110		
HP_VERY_LONG_CHAIN_FATTY_ACID_ACCUMULATION	18	18		
HP_VERY_LOW_VISUAL_ACUITY	6		Rejected!	
HP_VESTIBULAR_HYPOREFLEXIA	19	15		
HP_VESTIBULAR_SCHWANNOMA	11		Rejected!	
HP_VILLOUS_ATROPHY	27	24		
HP_VIRAL_ENCEPHALITIS	13		Rejected!	
HP_VIRAL_HEPATITIS	13		Rejected!	
HP_VIRAL_INFECTION_INDUCED_RHABDOMYOLYSIS	11		Rejected!	
HP_VISCERAL_ANGIOMATOSIS	16		Rejected!	
HP_VISUALLY_INDUCED_SEIZURE	18	15		
HP_VISUAL_ACUITY_TEST_ABNORMALITY	23	17		
HP_VISUAL_AGNOSIA	8		Rejected!	
HP_VISUAL_FIELD_DEFECT	302	240		
HP_VISUAL_FIXATION_INSTABILITY	14		Rejected!	
HP_VISUAL_HALLUCINATION	26	24		
HP_VISUAL_IMPAIRMENT	1164		Rejected!	
HP_VISUAL_LOSS	269	228		
HP_VITILIGO	36	25		
HP_VITREORETINOPATHY	22	21		
HP_VITREOUS_FLOATERS	12		Rejected!	
HP_VITREOUS_HEMORRHAGE	18	15		
HP_VITRITIS	5		Rejected!	
HP_VOCAL_CORD_PARALYSIS	58	47		
HP_VOCAL_CORD_PARESIS	15		Rejected!	
HP_VOLVULUS	20	18		
HP_VOMITING	386	325		
HP_WADDLING_GAIT	130	110		
HP_WEAKNESS_DUE_TO_UPPER_MOTOR_NEURON_DYSFUNCTION	549	456		
HP_WEAKNESS_OF_FACIAL_MUSCULATURE	242	205		
HP_WEAKNESS_OF_LONG_FINGER_EXTENSOR_MUSCLES	21	18		
HP_WEAKNESS_OF_MUSCLES_OF_RESPIRATION	117	92		
HP_WEAKNESS_OF_THE_INTRINSIC_HAND_MUSCLES	25	21		
HP_WEAK_CRY	50	43		
HP_WEAK_VOICE	31	26		
HP_WEBBED_NECK	124	112		
HP_WEIGHT_LOSS	396	312		
HP_WHEEZING	61	55		
HP_WHITE_EYEBROW	11		Rejected!	
HP_WHITE_FORELOCK	14		Rejected!	
HP_WHITE_HAIR	23	20		
HP_WHITE_LESION_OF_THE_ORAL_MUCOSA	28	21		
HP_WIDELY_PATENT_FONTANELLES_AND_SUTURES	17		Rejected!	
HP_WIDELY_SPACED_MAXILLARY_CENTRAL_INCISORS	10		Rejected!	
HP_WIDELY_SPACED_PRIMARY_TEETH	6		Rejected!	
HP_WIDELY_SPACED_TEETH	129	113		
HP_WIDENED_CEREBELLAR_SUBARACHNOID_SPACE	6		Rejected!	
HP_WIDENED_CEREBRAL_SUBARACHNOID_SPACE	18		Rejected!	
HP_WIDENED_SUBARACHNOID_SPACE	48	41		
HP_WIDE_ANTERIOR_FONTANEL	97	90		
HP_WIDE_CRANIAL_SUTURES	29	26		
HP_WIDE_DISTAL_FEMORAL_METAPHYSIS	5		Rejected!	
HP_WIDE_FEMORAL_METAPHYSIS	7		Rejected!	
HP_WIDE_INTERMAMILLARY_DISTANCE	125	116		
HP_WIDE_MOUTH	225	203		
HP_WIDE_NASAL_BRIDGE	515	453		
HP_WIDE_NASAL_RIDGE	10		Rejected!	
HP_WIDE_NOSE	130	113		
HP_WIDE_PUBIC_SYMPHYSIS	7		Rejected!	
HP_WIDOW_S_PEAK	19	17		
HP_WOLFF_PARKINSON_WHITE_SYNDROME	33	18		
HP_WOOLLY_HAIR	28	20		
HP_WORMIAN_BONES	62	54		
HP_WRIST_DROP	7		Rejected!	
HP_WRIST_FLEXION_CONTRACTURE	40	34		
HP_WRIST_HYPERMOBILITY	7		Rejected!	
HP_WRITER_S_CRAMP	21	17		
HP_XANTHOMATOSIS	39	26		
HP_XEROSTOMIA	55	48		
HP_X_LINKED_DOMINANT_INHERITANCE	62	57		
HP_X_LINKED_INHERITANCE	261	228		
HP_X_LINKED_RECESSIVE_INHERITANCE	182	158		
HP_YELLOW_BROWN_DISCOLORATION_OF_THE_TEETH	15		Rejected!	
HP_YELLOW_WHITE_LESIONS_OF_THE_MACULA	19	16		
HP_YELLOW_WHITE_LESIONS_OF_THE_RETINA	142	117		
HP_YOUNG_ADULT_ONSET	620	484		
HP_Y_LINKED_INHERITANCE	16		Rejected!	
HP_Y_SHAPED_METACARPALS	15	15		
HP_ZOLLINGER_ELLISON_SYNDROME	9		Rejected!	
HP_ZONULAR_CATARACT	52	45		
HP_Z_BAND_STREAMING	8		Rejected!	
