NAME	GS<br> follow link to MSigDB	GS DETAILS	SIZE	ES	NES	NOM p-val	FDR q-val	FWER p-val	RANK AT MAX	LEADING EDGE	
GOCC_CYTOSOLIC_RIBOSOME	GOCC_CYTOSOLIC_RIBOSOME	Details ...	106	-0.65616065	-3.1641016	0.0	0.0	0.0	3265	tags=61%, list=22%, signal=78%	
GOBP_CYTOPLASMIC_TRANSLATION	GOBP_CYTOPLASMIC_TRANSLATION	Details ...	158	-0.5662921	-2.9309888	0.0	0.0	0.0	2820	tags=50%, list=19%, signal=61%	
GOCC_CYTOSOLIC_LARGE_RIBOSOMAL_SUBUNIT	GOCC_CYTOSOLIC_LARGE_RIBOSOMAL_SUBUNIT	Details ...	48	-0.6915445	-2.8302748	0.0	0.0	0.0	3195	tags=77%, list=21%, signal=97%	
GOCC_CYTOSOLIC_SMALL_RIBOSOMAL_SUBUNIT	GOCC_CYTOSOLIC_SMALL_RIBOSOMAL_SUBUNIT	Details ...	40	-0.7068209	-2.8293579	0.0	0.0	0.0	3265	tags=68%, list=22%, signal=86%	
GOCC_PRERIBOSOME	GOCC_PRERIBOSOME	Details ...	99	-0.5335217	-2.5362427	0.0	0.0	0.0	3535	tags=44%, list=23%, signal=58%	
GOCC_RIBOSOMAL_SUBUNIT	GOCC_RIBOSOMAL_SUBUNIT	Details ...	171	-0.4800104	-2.4974039	0.0	0.0	0.0	3265	tags=44%, list=22%, signal=55%	
GOMF_STRUCTURAL_CONSTITUENT_OF_RIBOSOME	GOMF_STRUCTURAL_CONSTITUENT_OF_RIBOSOME	Details ...	150	-0.48439237	-2.4785304	0.0	0.0	0.0	3265	tags=45%, list=22%, signal=57%	
HP_NORMOCHROMIC_ANEMIA	HP_NORMOCHROMIC_ANEMIA	Details ...	36	-0.6330386	-2.431631	0.0	1.5534207E-4	0.001	3205	tags=67%, list=21%, signal=84%	
GOCC_SMALL_SUBUNIT_PROCESSOME	GOCC_SMALL_SUBUNIT_PROCESSOME	Details ...	70	-0.52676934	-2.3837864	0.0	6.92045E-4	0.005	3535	tags=46%, list=23%, signal=59%	
GOCC_LARGE_RIBOSOMAL_SUBUNIT	GOCC_LARGE_RIBOSOMAL_SUBUNIT	Details ...	103	-0.48616543	-2.3473575	0.0	0.0012420348	0.01	2800	tags=41%, list=19%, signal=50%	
GOCC_RIBOSOME	GOCC_RIBOSOME	Details ...	215	-0.43393007	-2.336609	0.0	0.0011291226	0.01	2856	tags=35%, list=19%, signal=42%	
GOBP_RIBONUCLEOPROTEIN_COMPLEX_BIOGENESIS	GOBP_RIBONUCLEOPROTEIN_COMPLEX_BIOGENESIS	Details ...	436	-0.39982456	-2.330982	0.0	0.0010350291	0.01	3747	tags=38%, list=25%, signal=49%	
GOMF_GLUTAMATE_GATED_RECEPTOR_ACTIVITY	GOMF_GLUTAMATE_GATED_RECEPTOR_ACTIVITY	Details ...	17	-0.7531894	-2.324853	0.0	0.001142456	0.012	961	tags=47%, list=6%, signal=50%	
HP_PURE_RED_CELL_APLASIA	HP_PURE_RED_CELL_APLASIA	Details ...	28	-0.6398098	-2.3237407	0.0	0.0010608521	0.012	3205	tags=71%, list=21%, signal=90%	
HP_OSTEOSARCOMA	HP_OSTEOSARCOMA	Details ...	32	-0.6162619	-2.31607	0.0	0.001155217	0.014	3205	tags=66%, list=21%, signal=83%	
HP_MALIGNANT_GENITOURINARY_TRACT_TUMOR	HP_MALIGNANT_GENITOURINARY_TRACT_TUMOR	Details ...	32	-0.62139606	-2.3120556	0.0	0.0010830158	0.014	3205	tags=66%, list=21%, signal=83%	
HP_PERSISTENCE_OF_HEMOGLOBIN_F	HP_PERSISTENCE_OF_HEMOGLOBIN_F	Details ...	31	-0.6062361	-2.2905169	0.0	0.0014533796	0.02	3205	tags=65%, list=21%, signal=82%	
HP_ADENOCARCINOMA_OF_THE_COLON	HP_ADENOCARCINOMA_OF_THE_COLON	Details ...	31	-0.6159568	-2.2863462	0.0	0.0015805649	0.023	3205	tags=68%, list=21%, signal=86%	
GOBP_RIBOSOMAL_SMALL_SUBUNIT_BIOGENESIS	GOBP_RIBOSOMAL_SMALL_SUBUNIT_BIOGENESIS	Details ...	101	-0.47580513	-2.2740452	0.0	0.001758308	0.027	3274	tags=38%, list=22%, signal=48%	
GOBP_RRNA_METABOLIC_PROCESS	GOBP_RRNA_METABOLIC_PROCESS	Details ...	248	-0.41638908	-2.2707365	0.0	0.0017322779	0.028	3747	tags=40%, list=25%, signal=53%	
GOBP_PROTEIN_RNA_COMPLEX_ORGANIZATION	GOBP_PROTEIN_RNA_COMPLEX_ORGANIZATION		194	-0.42732778	-2.2642787	0.0	0.0017678619	0.03	3727	tags=39%, list=25%, signal=51%	
HP_ERYTHROID_HYPOPLASIA	HP_ERYTHROID_HYPOPLASIA		29	-0.6333943	-2.262236	0.0	0.001802407	0.032	3265	tags=76%, list=22%, signal=97%	
GOBP_RRNA_PROCESSING	GOBP_RRNA_PROCESSING		208	-0.42513132	-2.2449374	0.0	0.0021518879	0.04	3747	tags=41%, list=25%, signal=54%	
HP_ABNORMAL_ERYTHROCYTE_ADENOSINE_DEAMINASE_ACTIVITY	HP_ABNORMAL_ERYTHROCYTE_ADENOSINE_DEAMINASE_ACTIVITY		26	-0.6516136	-2.2269387	0.0	0.002583414	0.05	3205	tags=77%, list=21%, signal=97%	
HP_ADENOCARCINOMA_OF_THE_INTESTINES	HP_ADENOCARCINOMA_OF_THE_INTESTINES		36	-0.5683591	-2.206116	0.0	0.0033240863	0.065	3205	tags=61%, list=21%, signal=77%	
GOBP_RIBOSOME_BIOGENESIS	GOBP_RIBOSOME_BIOGENESIS		300	-0.39474937	-2.1871285	0.0	0.0043454627	0.088	4032	tags=42%, list=27%, signal=56%	
GOBP_RIBOSOME_ASSEMBLY	GOBP_RIBOSOME_ASSEMBLY		57	-0.50865406	-2.1732523	0.0	0.0051997583	0.109	3265	tags=44%, list=22%, signal=56%	
HP_ABNORMAL_ERYTHROCYTE_ENZYME_CONCENTRATION_OR_ACTIVITY	HP_ABNORMAL_ERYTHROCYTE_ENZYME_CONCENTRATION_OR_ACTIVITY		46	-0.533521	-2.1616805	0.0	0.005853893	0.127	3291	tags=54%, list=22%, signal=69%	
GOCC_SMALL_RIBOSOMAL_SUBUNIT	GOCC_SMALL_RIBOSOMAL_SUBUNIT		71	-0.47818732	-2.157614	0.0	0.0058668987	0.132	3265	tags=44%, list=22%, signal=55%	
GOMF_RNA_POLYMERASE_CORE_ENZYME_BINDING	GOMF_RNA_POLYMERASE_CORE_ENZYME_BINDING		37	-0.5543047	-2.1551392	0.0	0.0057949526	0.135	3607	tags=54%, list=24%, signal=71%	
GOMF_GLUTAMATE_RECEPTOR_ACTIVITY	GOMF_GLUTAMATE_RECEPTOR_ACTIVITY		24	-0.6237637	-2.1490586	0.0	0.0063683693	0.153	961	tags=33%, list=6%, signal=36%	
GOCC_AMPA_GLUTAMATE_RECEPTOR_COMPLEX	GOCC_AMPA_GLUTAMATE_RECEPTOR_COMPLEX		28	-0.5862378	-2.1231883	0.0	0.009314839	0.221	2336	tags=46%, list=15%, signal=55%	
GOBP_RIBOSOMAL_LARGE_SUBUNIT_BIOGENESIS	GOBP_RIBOSOMAL_LARGE_SUBUNIT_BIOGENESIS		64	-0.49257094	-2.1151497	0.0	0.009972073	0.239	3302	tags=47%, list=22%, signal=60%	
GOCC_IONOTROPIC_GLUTAMATE_RECEPTOR_COMPLEX	GOCC_IONOTROPIC_GLUTAMATE_RECEPTOR_COMPLEX		41	-0.5463155	-2.1046753	0.0	0.010731403	0.26	2336	tags=41%, list=15%, signal=49%	
GOBP_MATURATION_OF_SSU_RRNA	GOBP_MATURATION_OF_SSU_RRNA		49	-0.5090634	-2.1042144	0.0	0.010495917	0.262	3467	tags=37%, list=23%, signal=48%	
GOBP_OPTIC_NERVE_DEVELOPMENT	GOBP_OPTIC_NERVE_DEVELOPMENT		18	-0.6560431	-2.0947404	0.0	0.011407249	0.285	2452	tags=50%, list=16%, signal=60%	
HP_ABNORMALITY_OF_THE_THENAR_EMINENCE	HP_ABNORMALITY_OF_THE_THENAR_EMINENCE		34	-0.5710513	-2.0858757	0.0	0.012371713	0.313	3205	tags=65%, list=21%, signal=82%	
GOCC_90S_PRERIBOSOME	GOCC_90S_PRERIBOSOME		23	-0.6139565	-2.074073	0.0	0.014303831	0.357	3535	tags=57%, list=23%, signal=74%	
GOBP_MATURATION_OF_SSU_RRNA_FROM_TRICISTRONIC_RRNA_TRANSCRIPT_SSU_RRNA_5_8S_RRNA_LSU_RRNA	GOBP_MATURATION_OF_SSU_RRNA_FROM_TRICISTRONIC_RRNA_TRANSCRIPT_SSU_RRNA_5_8S_RRNA_LSU_RRNA		32	-0.5553274	-2.0674047	0.0	0.015024972	0.383	2667	tags=34%, list=18%, signal=42%	
GOCC_NEUROTRANSMITTER_RECEPTOR_COMPLEX	GOCC_NEUROTRANSMITTER_RECEPTOR_COMPLEX		50	-0.5018294	-2.0392265	0.0	0.020924306	0.498	2336	tags=42%, list=15%, signal=50%	
HP_MALIGNANT_GASTROINTESTINAL_TRACT_TUMORS	HP_MALIGNANT_GASTROINTESTINAL_TRACT_TUMORS		60	-0.47930807	-2.0373507	0.0	0.020746952	0.503	3223	tags=50%, list=21%, signal=63%	
HP_RETICULOCYTOPENIA	HP_RETICULOCYTOPENIA		35	-0.5405919	-2.0328543	0.0	0.021319006	0.522	3205	tags=60%, list=21%, signal=76%	
HP_ABNORMAL_NUMBER_OF_ERYTHROID_PRECURSORS	HP_ABNORMAL_NUMBER_OF_ERYTHROID_PRECURSORS		47	-0.49931526	-2.0252364	0.0	0.022761453	0.549	3265	tags=53%, list=22%, signal=68%	
HP_CHORIORETINAL_DYSPLASIA	HP_CHORIORETINAL_DYSPLASIA		20	-0.6096328	-2.0219893	0.0022172949	0.023065176	0.558	3629	tags=65%, list=24%, signal=85%	
GOBP_REGULATION_OF_PRESYNAPTIC_MEMBRANE_POTENTIAL	GOBP_REGULATION_OF_PRESYNAPTIC_MEMBRANE_POTENTIAL		25	-0.58723086	-2.005646	0.0	0.028135523	0.637	1281	tags=36%, list=8%, signal=39%	
HP_ABSENCE_OF_SUBCUTANEOUS_FAT	HP_ABSENCE_OF_SUBCUTANEOUS_FAT		16	-0.6394251	-1.9967998	0.0	0.030366711	0.672	41	tags=13%, list=0%, signal=13%	
HP_CEREBRAL_DYSMYELINATION	HP_CEREBRAL_DYSMYELINATION		18	-0.63952553	-1.9967117	0.0	0.029747179	0.672	678	tags=28%, list=4%, signal=29%	
GOBP_SEX_CHROMOSOME_DOSAGE_COMPENSATION	GOBP_SEX_CHROMOSOME_DOSAGE_COMPENSATION		19	-0.5988383	-1.9901259	0.0	0.031121196	0.7	3442	tags=53%, list=23%, signal=68%	
GOBP_RIBOSOMAL_SMALL_SUBUNIT_ASSEMBLY	GOBP_RIBOSOMAL_SMALL_SUBUNIT_ASSEMBLY		20	-0.61294806	-1.9897654	0.0	0.030613918	0.703	1139	tags=40%, list=8%, signal=43%	
HP_NEOPLASM_OF_THE_SKELETAL_SYSTEM	HP_NEOPLASM_OF_THE_SKELETAL_SYSTEM		81	-0.43782392	-1.9821154	0.0	0.033004053	0.738	3389	tags=42%, list=22%, signal=54%	
GOMF_MRNA_BINDING	GOMF_MRNA_BINDING		299	-0.35607284	-1.9768441	0.0	0.03391234	0.753	4399	tags=43%, list=29%, signal=60%	
GOBP_NEGATIVE_REGULATION_OF_HIPPO_SIGNALING	GOBP_NEGATIVE_REGULATION_OF_HIPPO_SIGNALING		19	-0.60806227	-1.9593581	0.0	0.04112136	0.812	2536	tags=37%, list=17%, signal=44%	
GOMF_PROTEIN_DEMETHYLASE_ACTIVITY	GOMF_PROTEIN_DEMETHYLASE_ACTIVITY		23	-0.55264425	-1.9380857	0.0	0.05108279	0.895	2173	tags=35%, list=14%, signal=41%	
GOBP_POSITIVE_REGULATION_OF_TRANSLATIONAL_INITIATION	GOBP_POSITIVE_REGULATION_OF_TRANSLATIONAL_INITIATION		23	-0.5576241	-1.9263346	0.0023584906	0.056188677	0.923	4261	tags=74%, list=28%, signal=103%	
GOMF_BASAL_TRANSCRIPTION_MACHINERY_BINDING	GOMF_BASAL_TRANSCRIPTION_MACHINERY_BINDING		53	-0.46072987	-1.9161607	0.0	0.061683897	0.948	3607	tags=43%, list=24%, signal=57%	
GOBP_MATURATION_OF_LSU_RRNA	GOBP_MATURATION_OF_LSU_RRNA		24	-0.5589271	-1.91124	0.0023696683	0.06393773	0.954	3747	tags=58%, list=25%, signal=77%	
GOBP_POSITIVE_REGULATION_OF_TRANSLATION	GOBP_POSITIVE_REGULATION_OF_TRANSLATION		118	-0.3900785	-1.9085704	0.0	0.06477963	0.955	3935	tags=43%, list=26%, signal=58%	
GOBP_VITAMIN_TRANSMEMBRANE_TRANSPORT	GOBP_VITAMIN_TRANSMEMBRANE_TRANSPORT		17	-0.61877024	-1.9074637	0.004576659	0.064546496	0.957	3345	tags=65%, list=22%, signal=83%	
GOMF_RNA_POLYMERASE_BINDING	GOMF_RNA_POLYMERASE_BINDING		49	-0.46085835	-1.9058694	0.0	0.064631365	0.957	3996	tags=53%, list=26%, signal=72%	
HP_CLEFT_SOFT_PALATE	HP_CLEFT_SOFT_PALATE		59	-0.4424474	-1.9015875	0.0	0.06661777	0.968	3205	tags=44%, list=21%, signal=56%	
HP_LOW_ANTERIOR_HAIRLINE	HP_LOW_ANTERIOR_HAIRLINE		131	-0.38418734	-1.8995268	0.0	0.06697481	0.97	3560	tags=42%, list=24%, signal=54%	
GOBP_NEGATIVE_REGULATION_OF_UBIQUITIN_DEPENDENT_PROTEIN_CATABOLIC_PROCESS	GOBP_NEGATIVE_REGULATION_OF_UBIQUITIN_DEPENDENT_PROTEIN_CATABOLIC_PROCESS		48	-0.46047878	-1.8975585	0.0	0.06731557	0.973	3440	tags=44%, list=23%, signal=56%	
GOBP_CYTOPLASMIC_TRANSLATIONAL_INITIATION	GOBP_CYTOPLASMIC_TRANSLATIONAL_INITIATION		46	-0.46514696	-1.8959023	0.0	0.06741045	0.974	2269	tags=30%, list=15%, signal=36%	
HP_MEGALENCEPHALY	HP_MEGALENCEPHALY		37	-0.48513046	-1.8958212	0.0	0.06643522	0.975	3225	tags=46%, list=21%, signal=58%	
GOBP_IONOTROPIC_GLUTAMATE_RECEPTOR_SIGNALING_PATHWAY	GOBP_IONOTROPIC_GLUTAMATE_RECEPTOR_SIGNALING_PATHWAY		29	-0.5180557	-1.8954322	0.006849315	0.0657	0.975	3394	tags=48%, list=22%, signal=62%	
GOMF_UBIQUITIN_PROTEIN_TRANSFERASE_ACTIVATOR_ACTIVITY	GOMF_UBIQUITIN_PROTEIN_TRANSFERASE_ACTIVATOR_ACTIVITY		15	-0.6374262	-1.8861501	0.0021141649	0.071393065	0.983	2464	tags=47%, list=16%, signal=56%	
GOBP_EARLY_ENDOSOME_TO_GOLGI_TRANSPORT	GOBP_EARLY_ENDOSOME_TO_GOLGI_TRANSPORT		16	-0.6073538	-1.8855562	0.0	0.07081236	0.984	5690	tags=88%, list=38%, signal=140%	
HP_SPRENGEL_ANOMALY	HP_SPRENGEL_ANOMALY		47	-0.4600232	-1.8803606	0.0	0.07369457	0.987	3205	tags=51%, list=21%, signal=65%	
GOBP_PSEUDOURIDINE_SYNTHESIS	GOBP_PSEUDOURIDINE_SYNTHESIS		17	-0.6073285	-1.8803134	0.0022883294	0.07268062	0.987	5079	tags=76%, list=34%, signal=115%	
GOBP_TRNA_WOBBLE_BASE_MODIFICATION	GOBP_TRNA_WOBBLE_BASE_MODIFICATION		20	-0.5662421	-1.8653382	0.0	0.082773805	0.995	2232	tags=40%, list=15%, signal=47%	
GOMF_RRNA_BINDING	GOMF_RRNA_BINDING		60	-0.42732948	-1.8613148	0.0	0.08477964	0.998	4384	tags=50%, list=29%, signal=70%	
HP_HIGH_MYOPIA	HP_HIGH_MYOPIA		86	-0.40494257	-1.8602241	0.0	0.08474498	0.999	2747	tags=38%, list=18%, signal=47%	
HP_PERSISTENT_HEAD_LAG	HP_PERSISTENT_HEAD_LAG		27	-0.5192036	-1.8559182	0.0023094688	0.087019965	0.999	3821	tags=48%, list=25%, signal=64%	
HP_RETINAL_DYSPLASIA	HP_RETINAL_DYSPLASIA		25	-0.54988754	-1.8526508	0.0	0.08888416	0.999	3629	tags=52%, list=24%, signal=68%	
GOMF_LIPID_KINASE_ACTIVITY	GOMF_LIPID_KINASE_ACTIVITY		39	-0.46859556	-1.8493427	0.004705882	0.09058738	0.999	2241	tags=33%, list=15%, signal=39%	
GOBP_TRNA_WOBBLE_URIDINE_MODIFICATION	GOBP_TRNA_WOBBLE_URIDINE_MODIFICATION		16	-0.6038529	-1.8428739	0.0022172949	0.09541665	0.999	2232	tags=44%, list=15%, signal=51%	
GOCC_ROUGH_ENDOPLASMIC_RETICULUM_MEMBRANE	GOCC_ROUGH_ENDOPLASMIC_RETICULUM_MEMBRANE		25	-0.5154147	-1.8392538	0.0022522523	0.097408436	1.0	3205	tags=52%, list=21%, signal=66%	
GOMF_MANNOSYLTRANSFERASE_ACTIVITY	GOMF_MANNOSYLTRANSFERASE_ACTIVITY		23	-0.5288104	-1.8379929	0.004962779	0.097403444	1.0	4496	tags=65%, list=30%, signal=93%	
GOBP_REGULATION_OF_AUTOPHAGY_OF_MITOCHONDRION	GOBP_REGULATION_OF_AUTOPHAGY_OF_MITOCHONDRION		48	-0.4419955	-1.8372048	0.0	0.09690927	1.0	2519	tags=33%, list=17%, signal=40%	
HP_PARTIAL_DUPLICATION_OF_THE_PHALANX_OF_HAND	HP_PARTIAL_DUPLICATION_OF_THE_PHALANX_OF_HAND		42	-0.46319047	-1.8370061	0.0	0.09583702	1.0	3205	tags=50%, list=21%, signal=63%	
GOCC_EUCHROMATIN	GOCC_EUCHROMATIN		48	-0.45208037	-1.8329911	0.0	0.09877467	1.0	3701	tags=46%, list=24%, signal=61%	
GOMF_RNA_POLYMERASE_II_CTD_HEPTAPEPTIDE_REPEAT_MODIFYING_ACTIVITY	GOMF_RNA_POLYMERASE_II_CTD_HEPTAPEPTIDE_REPEAT_MODIFYING_ACTIVITY		16	-0.62182856	-1.8319656	0.0022222223	0.09838795	1.0	2026	tags=31%, list=13%, signal=36%	
GOBP_MRNA_PROCESSING	GOBP_MRNA_PROCESSING		432	-0.31622463	-1.8287749	0.0	0.10042361	1.0	4282	tags=38%, list=28%, signal=52%	
GOBP_TELENCEPHALON_GLIAL_CELL_MIGRATION	GOBP_TELENCEPHALON_GLIAL_CELL_MIGRATION		24	-0.53291494	-1.8282055	0.0022988506	0.09970304	1.0	4394	tags=50%, list=29%, signal=70%	
GOBP_REGULATION_OF_EXIT_FROM_MITOSIS	GOBP_REGULATION_OF_EXIT_FROM_MITOSIS		16	-0.6019619	-1.8256037	0.0066225166	0.10112965	1.0	2311	tags=44%, list=15%, signal=52%	
GOBP_POSITIVE_REGULATION_OF_AMINO_ACID_TRANSPORT	GOBP_POSITIVE_REGULATION_OF_AMINO_ACID_TRANSPORT		17	-0.59086305	-1.823297	0.0021881838	0.102236636	1.0	1888	tags=47%, list=12%, signal=54%	
HP_CALVARIAL_SKULL_DEFECT	HP_CALVARIAL_SKULL_DEFECT		27	-0.5134006	-1.8200448	0.0	0.10400716	1.0	3383	tags=37%, list=22%, signal=48%	
GOBP_DNA_CONFORMATION_CHANGE	GOBP_DNA_CONFORMATION_CHANGE		15	-0.6045303	-1.8198923	0.0064935065	0.102995016	1.0	1484	tags=33%, list=10%, signal=37%	
GOCC_ROUGH_ENDOPLASMIC_RETICULUM	GOCC_ROUGH_ENDOPLASMIC_RETICULUM		55	-0.436489	-1.8158402	0.0025316456	0.10559194	1.0	3205	tags=47%, list=21%, signal=60%	
GOBP_TAIL_ANCHORED_MEMBRANE_PROTEIN_INSERTION_INTO_ER_MEMBRANE	GOBP_TAIL_ANCHORED_MEMBRANE_PROTEIN_INSERTION_INTO_ER_MEMBRANE		17	-0.58262694	-1.8123369	0.0	0.10785444	1.0	4625	tags=59%, list=31%, signal=85%	
GOCC_TERMINAL_BOUTON	GOCC_TERMINAL_BOUTON		38	-0.4680173	-1.8062663	0.002415459	0.11299669	1.0	2072	tags=34%, list=14%, signal=40%	
GOMF_MRNA_3_UTR_AU_RICH_REGION_BINDING	GOMF_MRNA_3_UTR_AU_RICH_REGION_BINDING		24	-0.5222401	-1.8037815	0.0067114094	0.114287466	1.0	3725	tags=50%, list=25%, signal=66%	
HP_METATARSUS_VALGUS	HP_METATARSUS_VALGUS		19	-0.5483472	-1.7970537	0.004282655	0.12023877	1.0	3629	tags=58%, list=24%, signal=76%	
GOBP_DNA_TEMPLATED_TRANSCRIPTION_ELONGATION	GOBP_DNA_TEMPLATED_TRANSCRIPTION_ELONGATION		123	-0.36475295	-1.797042	0.0	0.11897264	1.0	3667	tags=34%, list=24%, signal=45%	
GOCC_CALYX_OF_HELD	GOCC_CALYX_OF_HELD		19	-0.5584005	-1.7964108	0.0022624435	0.11853134	1.0	1167	tags=37%, list=8%, signal=40%	
HP_LOWER_LIMB_HYPERTONIA	HP_LOWER_LIMB_HYPERTONIA		30	-0.4960072	-1.7959219	0.0023255814	0.11781387	1.0	3982	tags=53%, list=26%, signal=72%	
GOBP_POSITIVE_REGULATION_OF_SODIUM_ION_TRANSMEMBRANE_TRANSPORT	GOBP_POSITIVE_REGULATION_OF_SODIUM_ION_TRANSMEMBRANE_TRANSPORT		16	-0.5836578	-1.7945889	0.018867925	0.1179172	1.0	2252	tags=38%, list=15%, signal=44%	
GOBP_ENDONUCLEOLYTIC_CLEAVAGE_OF_TRICISTRONIC_RRNA_TRANSCRIPT_SSU_RRNA_5_8S_RRNA_LSU_RRNA	GOBP_ENDONUCLEOLYTIC_CLEAVAGE_OF_TRICISTRONIC_RRNA_TRANSCRIPT_SSU_RRNA_5_8S_RRNA_LSU_RRNA		17	-0.57912856	-1.7942208	0.010964912	0.11705655	1.0	2667	tags=41%, list=18%, signal=50%	
HP_MENINGIOMA	HP_MENINGIOMA		31	-0.48694596	-1.7939758	0.0	0.11608799	1.0	2184	tags=39%, list=14%, signal=45%	
GOMF_UBIQUITIN_PROTEIN_TRANSFERASE_REGULATOR_ACTIVITY	GOMF_UBIQUITIN_PROTEIN_TRANSFERASE_REGULATOR_ACTIVITY		34	-0.480363	-1.7913657	0.0022988506	0.11744974	1.0	2596	tags=41%, list=17%, signal=50%	
HP_FACIAL_HYPOTONIA	HP_FACIAL_HYPOTONIA		32	-0.48500884	-1.7872945	0.0	0.12100115	1.0	4666	tags=56%, list=31%, signal=81%	
HP_OCULAR_ALBINISM	HP_OCULAR_ALBINISM		26	-0.5062698	-1.7861123	0.004608295	0.121073276	1.0	3309	tags=62%, list=22%, signal=79%	
GOBP_PROTEIN_INSERTION_INTO_ER_MEMBRANE	GOBP_PROTEIN_INSERTION_INTO_ER_MEMBRANE		29	-0.50212705	-1.7856523	0.0050890585	0.120393805	1.0	4625	tags=52%, list=31%, signal=74%	
GOBP_MATURATION_OF_LSU_RRNA_FROM_TRICISTRONIC_RRNA_TRANSCRIPT_SSU_RRNA_5_8S_RRNA_LSU_RRNA	GOBP_MATURATION_OF_LSU_RRNA_FROM_TRICISTRONIC_RRNA_TRANSCRIPT_SSU_RRNA_5_8S_RRNA_LSU_RRNA		17	-0.58648854	-1.7827088	0.006521739	0.12200899	1.0	3737	tags=65%, list=25%, signal=86%	
HP_DEVELOPMENTAL_CATARACT	HP_DEVELOPMENTAL_CATARACT		122	-0.35606834	-1.7793605	0.0	0.12432638	1.0	4074	tags=43%, list=27%, signal=59%	
GOBP_GLIAL_CELL_DEVELOPMENT	GOBP_GLIAL_CELL_DEVELOPMENT		118	-0.36284345	-1.7731723	0.0028248588	0.12968005	1.0	3839	tags=42%, list=25%, signal=56%	
HP_DEVELOPMENTAL_GLAUCOMA	HP_DEVELOPMENTAL_GLAUCOMA		67	-0.40556675	-1.7720435	0.004962779	0.12974344	1.0	3576	tags=48%, list=24%, signal=62%	
GOBP_MATURATION_OF_5_8S_RRNA_FROM_TRICISTRONIC_RRNA_TRANSCRIPT_SSU_RRNA_5_8S_RRNA_LSU_RRNA	GOBP_MATURATION_OF_5_8S_RRNA_FROM_TRICISTRONIC_RRNA_TRANSCRIPT_SSU_RRNA_5_8S_RRNA_LSU_RRNA		23	-0.51685596	-1.771669	0.0021929825	0.12904906	1.0	3066	tags=52%, list=20%, signal=65%	
GOBP_RNA_SPLICING	GOBP_RNA_SPLICING		402	-0.30798653	-1.7713712	0.0	0.1281723	1.0	4282	tags=38%, list=28%, signal=52%	
HP_PULMONARY_ARTERY_ATRESIA	HP_PULMONARY_ARTERY_ATRESIA		28	-0.49100083	-1.769943	0.0	0.1286453	1.0	1111	tags=29%, list=7%, signal=31%	
HP_DILATED_THIRD_VENTRICLE	HP_DILATED_THIRD_VENTRICLE		16	-0.57582766	-1.7653785	0.011848342	0.13284804	1.0	3440	tags=56%, list=23%, signal=73%	
GOBP_EXIT_FROM_MITOSIS	GOBP_EXIT_FROM_MITOSIS		27	-0.49874696	-1.760126	0.004484305	0.13784546	1.0	3546	tags=44%, list=23%, signal=58%	
GOBP_SYNAPSE_MATURATION	GOBP_SYNAPSE_MATURATION		38	-0.45589396	-1.7600163	0.002617801	0.13680185	1.0	1603	tags=26%, list=11%, signal=29%	
GOCC_CYTOSOLIC_TRANSLATION_PREINITIATION_COMPLEX	GOCC_CYTOSOLIC_TRANSLATION_PREINITIATION_COMPLEX		18	-0.5504776	-1.7585723	0.013953488	0.1372378	1.0	5531	tags=72%, list=37%, signal=114%	
GOBP_TRANSLATIONAL_INITIATION	GOBP_TRANSLATIONAL_INITIATION		114	-0.35956356	-1.7585514	0.0	0.1361204	1.0	4261	tags=39%, list=28%, signal=53%	
GOBP_SYNAPTIC_VESICLE_LUMEN_ACIDIFICATION	GOBP_SYNAPTIC_VESICLE_LUMEN_ACIDIFICATION		16	-0.5781439	-1.7525334	0.004464286	0.14219226	1.0	4546	tags=63%, list=30%, signal=89%	
GOMF_MRNA_5_UTR_BINDING	GOMF_MRNA_5_UTR_BINDING		22	-0.51161397	-1.7515174	0.0023094688	0.14243217	1.0	4538	tags=59%, list=30%, signal=84%	
GOBP_POSITIVE_REGULATION_OF_DNA_REPAIR	GOBP_POSITIVE_REGULATION_OF_DNA_REPAIR		128	-0.35352698	-1.7503687	0.0	0.14261521	1.0	3759	tags=41%, list=25%, signal=55%	
GOBP_PERIPHERAL_NERVOUS_SYSTEM_AXON_ENSHEATHMENT	GOBP_PERIPHERAL_NERVOUS_SYSTEM_AXON_ENSHEATHMENT		28	-0.49636197	-1.7503662	0.002352941	0.14141676	1.0	3057	tags=39%, list=20%, signal=49%	
HP_ABNORMALITY_OF_THE_FRONTAL_HAIRLINE	HP_ABNORMALITY_OF_THE_FRONTAL_HAIRLINE		197	-0.33551303	-1.7496059	0.0	0.14102495	1.0	3560	tags=38%, list=24%, signal=49%	
GOBP_SYNAPTIC_VESICLE_MATURATION	GOBP_SYNAPTIC_VESICLE_MATURATION		23	-0.5214561	-1.7491875	0.002202643	0.14040259	1.0	4546	tags=52%, list=30%, signal=75%	
HP_LIMB_TREMOR	HP_LIMB_TREMOR		21	-0.51550436	-1.7440825	0.009367681	0.14573216	1.0	4128	tags=48%, list=27%, signal=65%	
GOBP_RNA_SPLICING_VIA_TRANSESTERIFICATION_REACTIONS	GOBP_RNA_SPLICING_VIA_TRANSESTERIFICATION_REACTIONS		278	-0.3181473	-1.7437451	0.0	0.14489193	1.0	4319	tags=39%, list=29%, signal=53%	
HP_ABSENT_THUMB	HP_ABSENT_THUMB		56	-0.40641508	-1.7418656	0.0	0.1459691	1.0	3205	tags=41%, list=21%, signal=52%	
GOMF_MITOGEN_ACTIVATED_PROTEIN_KINASE_BINDING	GOMF_MITOGEN_ACTIVATED_PROTEIN_KINASE_BINDING		22	-0.51892596	-1.7395914	0.010075566	0.14782387	1.0	3220	tags=50%, list=21%, signal=63%	
GOCC_PRERIBOSOME_LARGE_SUBUNIT_PRECURSOR	GOCC_PRERIBOSOME_LARGE_SUBUNIT_PRECURSOR		17	-0.56340796	-1.7358998	0.0047281324	0.15100381	1.0	3964	tags=53%, list=26%, signal=72%	
GOBP_ENSHEATHMENT_OF_NEURONS	GOBP_ENSHEATHMENT_OF_NEURONS		145	-0.34239846	-1.7354037	0.0	0.15045936	1.0	3312	tags=37%, list=22%, signal=46%	
GOBP_KIDNEY_MESENCHYME_DEVELOPMENT	GOBP_KIDNEY_MESENCHYME_DEVELOPMENT		15	-0.5767631	-1.7342787	0.0065934067	0.15045789	1.0	3232	tags=53%, list=21%, signal=68%	
GOBP_POST_TRANSLATIONAL_PROTEIN_TARGETING_TO_ENDOPLASMIC_RETICULUM_MEMBRANE	GOBP_POST_TRANSLATIONAL_PROTEIN_TARGETING_TO_ENDOPLASMIC_RETICULUM_MEMBRANE		16	-0.56873757	-1.7329146	0.011037528	0.15093933	1.0	3699	tags=50%, list=24%, signal=66%	
GOBP_HETEROCHROMATIN_FORMATION	GOBP_HETEROCHROMATIN_FORMATION		113	-0.35776144	-1.7325863	0.0	0.15016933	1.0	3968	tags=41%, list=26%, signal=55%	
HP_FRONTAL_UPSWEEP_OF_HAIR	HP_FRONTAL_UPSWEEP_OF_HAIR		23	-0.50717413	-1.730001	0.0045454544	0.152561	1.0	4442	tags=48%, list=29%, signal=68%	
HP_MYOCLONIC_SPASMS	HP_MYOCLONIC_SPASMS		16	-0.5729561	-1.7297056	0.013574661	0.15176266	1.0	3968	tags=50%, list=26%, signal=68%	
HP_BRUXISM	HP_BRUXISM		33	-0.46106464	-1.7295666	0.0024038462	0.15083627	1.0	1297	tags=27%, list=9%, signal=30%	
GOBP_OLIGODENDROCYTE_DEVELOPMENT	GOBP_OLIGODENDROCYTE_DEVELOPMENT		46	-0.4195653	-1.7281718	0.009569378	0.1516035	1.0	3163	tags=41%, list=21%, signal=52%	
GOBP_REGULATION_OF_STEM_CELL_POPULATION_MAINTENANCE	GOBP_REGULATION_OF_STEM_CELL_POPULATION_MAINTENANCE		62	-0.4011276	-1.7273865	0.0	0.15142936	1.0	3027	tags=34%, list=20%, signal=42%	
HP_DUPLICATION_OF_THUMB_PHALANX	HP_DUPLICATION_OF_THUMB_PHALANX		58	-0.40783405	-1.7244372	0.0	0.15398528	1.0	3205	tags=41%, list=21%, signal=52%	
GOCC_U12_TYPE_SPLICEOSOMAL_COMPLEX	GOCC_U12_TYPE_SPLICEOSOMAL_COMPLEX		25	-0.4856329	-1.7207776	0.017897092	0.15700352	1.0	2889	tags=40%, list=19%, signal=49%	
GOBP_NEGATIVE_REGULATION_OF_GLIOGENESIS	GOBP_NEGATIVE_REGULATION_OF_GLIOGENESIS		33	-0.45612317	-1.7207593	0.004608295	0.15590206	1.0	2184	tags=36%, list=14%, signal=42%	
HP_PERISYLVIAN_POLYMICROGYRIA	HP_PERISYLVIAN_POLYMICROGYRIA		31	-0.46607557	-1.7200563	0.006651885	0.15570211	1.0	3225	tags=45%, list=21%, signal=57%	
HP_HETEROTROPIA	HP_HETEROTROPIA		244	-0.31217718	-1.7198061	0.0	0.15492687	1.0	4669	tags=42%, list=31%, signal=60%	
GOMF_HISTONE_METHYLTRANSFERASE_ACTIVITY	GOMF_HISTONE_METHYLTRANSFERASE_ACTIVITY		53	-0.40564945	-1.7184392	0.0023809525	0.15556504	1.0	2063	tags=30%, list=14%, signal=35%	
HP_CONGENITAL_ABNORMAL_HAIR_PATTERN	HP_CONGENITAL_ABNORMAL_HAIR_PATTERN		288	-0.30881083	-1.7170604	0.0	0.15615095	1.0	3560	tags=34%, list=24%, signal=43%	
HP_ACUTE_MYELOID_LEUKEMIA	HP_ACUTE_MYELOID_LEUKEMIA		66	-0.39587	-1.7158958	0.0	0.15650019	1.0	3265	tags=44%, list=22%, signal=56%	
HP_ABNORMAL_HEMOGLOBIN	HP_ABNORMAL_HEMOGLOBIN		60	-0.39574313	-1.7139904	0.0024509805	0.15787445	1.0	3205	tags=45%, list=21%, signal=57%	
HP_NEURONAL_LOSS_IN_CENTRAL_NERVOUS_SYSTEM	HP_NEURONAL_LOSS_IN_CENTRAL_NERVOUS_SYSTEM		36	-0.45125493	-1.7136406	0.0024630541	0.15717159	1.0	3328	tags=47%, list=22%, signal=60%	
GOCC_POSTSYNAPTIC_SPECIALIZATION	GOCC_POSTSYNAPTIC_SPECIALIZATION		340	-0.30337337	-1.7135217	0.0	0.15622236	1.0	2768	tags=31%, list=18%, signal=37%	
GOBP_ALTERNATIVE_MRNA_SPLICING_VIA_SPLICEOSOME	GOBP_ALTERNATIVE_MRNA_SPLICING_VIA_SPLICEOSOME		70	-0.38017982	-1.7128178	0.005194805	0.15598805	1.0	4260	tags=46%, list=28%, signal=63%	
GOCC_PRC1_COMPLEX	GOCC_PRC1_COMPLEX		16	-0.55208427	-1.7118114	0.0045871558	0.15610948	1.0	3084	tags=44%, list=20%, signal=55%	
HP_CEREBELLAR_ATROPHY	HP_CEREBELLAR_ATROPHY		419	-0.30138594	-1.7061312	0.0	0.16261555	1.0	4708	tags=41%, list=31%, signal=58%	
GOBP_REGULATION_OF_HIPPO_SIGNALING	GOBP_REGULATION_OF_HIPPO_SIGNALING		32	-0.46438134	-1.7054623	0.0022988506	0.16257563	1.0	2536	tags=31%, list=17%, signal=37%	
GOBP_PROTEIN_DNA_COMPLEX_DISASSEMBLY	GOBP_PROTEIN_DNA_COMPLEX_DISASSEMBLY		18	-0.5279185	-1.7007793	0.011904762	0.1677092	1.0	1477	tags=33%, list=10%, signal=37%	
HP_PARTIAL_AGENESIS_OF_THE_CORPUS_CALLOSUM	HP_PARTIAL_AGENESIS_OF_THE_CORPUS_CALLOSUM		57	-0.40198106	-1.6995428	0.0023640662	0.16818577	1.0	3110	tags=33%, list=21%, signal=42%	
GOCC_ENZYME_ACTIVATOR_COMPLEX	GOCC_ENZYME_ACTIVATOR_COMPLEX		16	-0.5520022	-1.6972669	0.0088691795	0.17014821	1.0	4494	tags=63%, list=30%, signal=89%	
GOCC_EUKARYOTIC_48S_PREINITIATION_COMPLEX	GOCC_EUKARYOTIC_48S_PREINITIATION_COMPLEX		16	-0.55233485	-1.6938127	0.01793722	0.17419924	1.0	5531	tags=75%, list=37%, signal=118%	
HP_INCREASED_MEAN_CORPUSCULAR_VOLUME	HP_INCREASED_MEAN_CORPUSCULAR_VOLUME		45	-0.41238192	-1.6929666	0.0	0.17422971	1.0	3205	tags=47%, list=21%, signal=59%	
GOCC_CYTOPLASMIC_SIDE_OF_ENDOPLASMIC_RETICULUM_MEMBRANE	GOCC_CYTOPLASMIC_SIDE_OF_ENDOPLASMIC_RETICULUM_MEMBRANE		22	-0.5107351	-1.6926837	0.013363029	0.17351183	1.0	3205	tags=41%, list=21%, signal=52%	
HP_ASPIRATION	HP_ASPIRATION		28	-0.47100636	-1.6905503	0.013544018	0.17506237	1.0	5056	tags=68%, list=33%, signal=102%	
GOBP_LIGAND_GATED_ION_CHANNEL_SIGNALING_PATHWAY	GOBP_LIGAND_GATED_ION_CHANNEL_SIGNALING_PATHWAY		35	-0.44704694	-1.6887453	0.006976744	0.1765887	1.0	2341	tags=34%, list=15%, signal=40%	
GOBP_OLIGODENDROCYTE_DIFFERENTIATION	GOBP_OLIGODENDROCYTE_DIFFERENTIATION		99	-0.35602513	-1.68838	0.0	0.17590888	1.0	3261	tags=37%, list=22%, signal=47%	
GOMF_MEMBRANE_INSERTASE_ACTIVITY	GOMF_MEMBRANE_INSERTASE_ACTIVITY		17	-0.5328577	-1.6880064	0.011210762	0.1752358	1.0	4750	tags=59%, list=31%, signal=86%	
HP_TRIPHALANGEAL_THUMB	HP_TRIPHALANGEAL_THUMB		63	-0.39005283	-1.6867146	0.0024271845	0.1759913	1.0	3205	tags=38%, list=21%, signal=48%	
HP_SKIN_TAGS	HP_SKIN_TAGS		86	-0.36234674	-1.6863579	0.0025974025	0.17548886	1.0	2689	tags=30%, list=18%, signal=37%	
HP_COARCTATION_OF_AORTA	HP_COARCTATION_OF_AORTA		138	-0.33522502	-1.6857439	0.0	0.17511389	1.0	4007	tags=44%, list=27%, signal=60%	
GOMF_LIGAND_GATED_CALCIUM_CHANNEL_ACTIVITY	GOMF_LIGAND_GATED_CALCIUM_CHANNEL_ACTIVITY		24	-0.49931425	-1.6857315	0.004524887	0.17406863	1.0	961	tags=29%, list=6%, signal=31%	
HP_THICK_CORPUS_CALLOSUM	HP_THICK_CORPUS_CALLOSUM		17	-0.541862	-1.6844043	0.022675738	0.1748141	1.0	4649	tags=76%, list=31%, signal=110%	
GOMF_PROTEIN_RNA_ADAPTOR_ACTIVITY	GOMF_PROTEIN_RNA_ADAPTOR_ACTIVITY		19	-0.5114218	-1.6835302	0.016908212	0.17498137	1.0	4191	tags=58%, list=28%, signal=80%	
GOBP_REGULATION_OF_UBIQUITIN_PROTEIN_LIGASE_ACTIVITY	GOBP_REGULATION_OF_UBIQUITIN_PROTEIN_LIGASE_ACTIVITY		15	-0.55238897	-1.6816444	0.015801355	0.17673153	1.0	2464	tags=47%, list=16%, signal=56%	
GOBP_SECONDARY_METABOLITE_BIOSYNTHETIC_PROCESS	GOBP_SECONDARY_METABOLITE_BIOSYNTHETIC_PROCESS		23	-0.4923	-1.681311	0.011337869	0.17621157	1.0	2167	tags=48%, list=14%, signal=56%	
HP_TAPERED_FINGER	HP_TAPERED_FINGER		138	-0.33714765	-1.6806703	0.0	0.17618343	1.0	5319	tags=51%, list=35%, signal=79%	
GOMF_PROTEIN_TYROSINE_SERINE_THREONINE_PHOSPHATASE_ACTIVITY	GOMF_PROTEIN_TYROSINE_SERINE_THREONINE_PHOSPHATASE_ACTIVITY		23	-0.4871692	-1.6799598	0.011160715	0.17622207	1.0	2376	tags=43%, list=16%, signal=52%	
GOBP_REGULATION_OF_D_GLUCOSE_TRANSMEMBRANE_TRANSPORT	GOBP_REGULATION_OF_D_GLUCOSE_TRANSMEMBRANE_TRANSPORT		60	-0.38509607	-1.6792331	0.004889976	0.17610732	1.0	3152	tags=38%, list=21%, signal=48%	
HP_RESTRICTED_OR_REPETITIVE_BEHAVIORS_OR_INTERESTS	HP_RESTRICTED_OR_REPETITIVE_BEHAVIORS_OR_INTERESTS		247	-0.30935228	-1.6772228	0.0	0.17784697	1.0	4155	tags=38%, list=27%, signal=52%	
GOBP_CELLULAR_RESPONSE_TO_PROSTAGLANDIN_STIMULUS	GOBP_CELLULAR_RESPONSE_TO_PROSTAGLANDIN_STIMULUS		19	-0.52832466	-1.674658	0.0043956046	0.18055113	1.0	2607	tags=47%, list=17%, signal=57%	
HP_MOTOR_SEIZURE	HP_MOTOR_SEIZURE		394	-0.28962266	-1.6745222	0.0	0.17971468	1.0	4242	tags=37%, list=28%, signal=50%	
GOMF_RIBONUCLEOPROTEIN_COMPLEX_BINDING	GOMF_RIBONUCLEOPROTEIN_COMPLEX_BINDING		170	-0.32369646	-1.6741555	0.0	0.17934091	1.0	3769	tags=36%, list=25%, signal=47%	
GOBP_NEGATIVE_REGULATION_OF_CELLULAR_SENESCENCE	GOBP_NEGATIVE_REGULATION_OF_CELLULAR_SENESCENCE		21	-0.5051708	-1.6735321	0.02027027	0.17914976	1.0	3551	tags=52%, list=24%, signal=68%	
GOMF_MIRNA_BINDING	GOMF_MIRNA_BINDING		31	-0.45085818	-1.672078	0.014150944	0.18015417	1.0	4335	tags=52%, list=29%, signal=72%	
GOBP_SYNAPTIC_TRANSMISSION_GLUTAMATERGIC	GOBP_SYNAPTIC_TRANSMISSION_GLUTAMATERGIC		96	-0.3559621	-1.6710619	0.0	0.18067113	1.0	1977	tags=27%, list=13%, signal=31%	
HP_DIMPLE_CHIN	HP_DIMPLE_CHIN		16	-0.54712677	-1.6703676	0.015873017	0.18070284	1.0	2023	tags=38%, list=13%, signal=43%	
HP_ABNORMAL_BRAIN_POSITRON_EMISSION_TOMOGRAPHY	HP_ABNORMAL_BRAIN_POSITRON_EMISSION_TOMOGRAPHY		19	-0.5052046	-1.6696638	0.016431924	0.18077499	1.0	1692	tags=32%, list=11%, signal=36%	
HP_MULTIPLE_JOINT_CONTRACTURES	HP_MULTIPLE_JOINT_CONTRACTURES		59	-0.39557505	-1.6693354	0.0	0.18024883	1.0	3432	tags=29%, list=23%, signal=37%	
GOBP_MATURATION_OF_5_8S_RRNA	GOBP_MATURATION_OF_5_8S_RRNA		34	-0.45026234	-1.6691542	0.011415525	0.1794701	1.0	3747	tags=47%, list=25%, signal=62%	
HP_EEG_WITH_BURST_SUPPRESSION	HP_EEG_WITH_BURST_SUPPRESSION		55	-0.3932105	-1.6682309	0.0024752475	0.17980422	1.0	4201	tags=40%, list=28%, signal=55%	
GOBP_GLUTAMATE_RECEPTOR_SIGNALING_PATHWAY	GOBP_GLUTAMATE_RECEPTOR_SIGNALING_PATHWAY		54	-0.39473185	-1.6650606	0.0121951215	0.18323703	1.0	3836	tags=41%, list=25%, signal=54%	
GOBP_G0_TO_G1_TRANSITION	GOBP_G0_TO_G1_TRANSITION		34	-0.44169474	-1.6647865	0.004830918	0.1826432	1.0	2396	tags=38%, list=16%, signal=45%	
GOBP_SPLICEOSOMAL_SNRNP_ASSEMBLY	GOBP_SPLICEOSOMAL_SNRNP_ASSEMBLY		37	-0.43200123	-1.6642233	0.007246377	0.18239674	1.0	3727	tags=43%, list=25%, signal=57%	
GOBP_NEGATIVE_REGULATION_OF_RNA_SPLICING	GOBP_NEGATIVE_REGULATION_OF_RNA_SPLICING		23	-0.48746327	-1.6642139	0.018867925	0.18142796	1.0	5699	tags=74%, list=38%, signal=118%	
GOMF_N_METHYLTRANSFERASE_ACTIVITY	GOMF_N_METHYLTRANSFERASE_ACTIVITY		89	-0.36027917	-1.6635598	0.0	0.18137597	1.0	2063	tags=26%, list=14%, signal=30%	
GOCC_EUKARYOTIC_TRANSLATION_INITIATION_FACTOR_3_COMPLEX	GOCC_EUKARYOTIC_TRANSLATION_INITIATION_FACTOR_3_COMPLEX		15	-0.54734904	-1.6632172	0.011415525	0.18084978	1.0	5520	tags=73%, list=37%, signal=115%	
GOBP_MIRNA_MEDIATED_GENE_SILENCING_BY_INHIBITION_OF_TRANSLATION	GOBP_MIRNA_MEDIATED_GENE_SILENCING_BY_INHIBITION_OF_TRANSLATION		15	-0.56128633	-1.6631583	0.018604651	0.17995028	1.0	6358	tags=93%, list=42%, signal=161%	
HP_ABNORMAL_MORPHOLOGY_OF_THE_CONJUNCTIVAL_VASCULATURE	HP_ABNORMAL_MORPHOLOGY_OF_THE_CONJUNCTIVAL_VASCULATURE		20	-0.5107612	-1.6625558	0.00913242	0.17993891	1.0	4114	tags=40%, list=27%, signal=55%	
GOBP_ESTABLISHMENT_OF_MITOCHONDRION_LOCALIZATION_MICROTUBULE_MEDIATED	GOBP_ESTABLISHMENT_OF_MITOCHONDRION_LOCALIZATION_MICROTUBULE_MEDIATED		26	-0.46265382	-1.6619143	0.020881671	0.18003634	1.0	2593	tags=35%, list=17%, signal=42%	
HP_ACUTE_LEUKEMIA	HP_ACUTE_LEUKEMIA		103	-0.34437206	-1.6610165	0.0	0.18059137	1.0	3265	tags=36%, list=22%, signal=46%	
GOBP_NEGATIVE_REGULATION_OF_PROTEASOMAL_UBIQUITIN_DEPENDENT_PROTEIN_CATABOLIC_PROCESS	GOBP_NEGATIVE_REGULATION_OF_PROTEASOMAL_UBIQUITIN_DEPENDENT_PROTEIN_CATABOLIC_PROCESS		36	-0.4311308	-1.6594156	0.006756757	0.1817879	1.0	3440	tags=39%, list=23%, signal=50%	
GOBP_TORC1_SIGNALING	GOBP_TORC1_SIGNALING		97	-0.35193044	-1.6576107	0.0	0.18334238	1.0	4300	tags=40%, list=28%, signal=56%	
GOMF_AMYLOID_BETA_BINDING	GOMF_AMYLOID_BETA_BINDING		69	-0.37544677	-1.6569337	0.0	0.18330166	1.0	2459	tags=36%, list=16%, signal=43%	
HP_PERIVENTRICULAR_LEUKOMALACIA	HP_PERIVENTRICULAR_LEUKOMALACIA		51	-0.39871538	-1.6547983	0.0053475937	0.18552664	1.0	3597	tags=31%, list=24%, signal=41%	
GOBP_CORPUS_CALLOSUM_DEVELOPMENT	GOBP_CORPUS_CALLOSUM_DEVELOPMENT		24	-0.4853833	-1.6541148	0.016509434	0.18557459	1.0	2121	tags=42%, list=14%, signal=48%	
HP_LISSENCEPHALY	HP_LISSENCEPHALY		172	-0.31757843	-1.6535004	0.0	0.18550368	1.0	4872	tags=47%, list=32%, signal=69%	
GOBP_MITOTIC_G2_DNA_DAMAGE_CHECKPOINT_SIGNALING	GOBP_MITOTIC_G2_DNA_DAMAGE_CHECKPOINT_SIGNALING		31	-0.44567695	-1.6523756	0.009592326	0.1861225	1.0	3756	tags=45%, list=25%, signal=60%	
GOBP_METENCEPHALON_DEVELOPMENT	GOBP_METENCEPHALON_DEVELOPMENT		101	-0.34564343	-1.6522638	0.0025575447	0.18533236	1.0	3300	tags=37%, list=22%, signal=47%	
HP_ABNORMAL_HARD_PALATE_MORPHOLOGY	HP_ABNORMAL_HARD_PALATE_MORPHOLOGY		78	-0.36175364	-1.651268	0.004889976	0.18586238	1.0	3068	tags=31%, list=20%, signal=38%	
GOMF_BETA_CATENIN_BINDING	GOMF_BETA_CATENIN_BINDING		90	-0.35331813	-1.6512384	0.0	0.18498982	1.0	3415	tags=38%, list=23%, signal=49%	
GOBP_GLIOGENESIS	GOBP_GLIOGENESIS		301	-0.2980751	-1.6502775	0.0	0.18544304	1.0	2785	tags=28%, list=18%, signal=34%	
GOCC_SM_LIKE_PROTEIN_FAMILY_COMPLEX	GOCC_SM_LIKE_PROTEIN_FAMILY_COMPLEX		82	-0.36555618	-1.649783	0.0	0.18521671	1.0	3726	tags=33%, list=25%, signal=43%	
HP_LEUKEMIA	HP_LEUKEMIA		143	-0.32651824	-1.6483626	0.0	0.18639837	1.0	3265	tags=34%, list=22%, signal=42%	
GOBP_BRAIN_MORPHOGENESIS	GOBP_BRAIN_MORPHOGENESIS		29	-0.4443051	-1.6474211	0.009280742	0.18703304	1.0	2452	tags=31%, list=16%, signal=37%	
HP_STATUS_EPILEPTICUS_WITH_PROMINENT_MOTOR_SYMPTOMS	HP_STATUS_EPILEPTICUS_WITH_PROMINENT_MOTOR_SYMPTOMS		26	-0.471916	-1.6451759	0.011013215	0.18943216	1.0	4649	tags=62%, list=31%, signal=89%	
GOMF_TAU_PROTEIN_BINDING	GOMF_TAU_PROTEIN_BINDING		40	-0.42240286	-1.6437163	0.014423077	0.19070964	1.0	2880	tags=38%, list=19%, signal=46%	
GOBP_CLATHRIN_COAT_ASSEMBLY	GOBP_CLATHRIN_COAT_ASSEMBLY		20	-0.50307155	-1.6418583	0.02494331	0.1927062	1.0	2171	tags=40%, list=14%, signal=47%	
GOMF_PHOSPHATIDYLINOSITOL_KINASE_ACTIVITY	GOMF_PHOSPHATIDYLINOSITOL_KINASE_ACTIVITY		24	-0.46894887	-1.6411457	0.023980815	0.19294195	1.0	2241	tags=29%, list=15%, signal=34%	
GOBP_REGULATION_OF_PROTEASOMAL_UBIQUITIN_DEPENDENT_PROTEIN_CATABOLIC_PROCESS	GOBP_REGULATION_OF_PROTEASOMAL_UBIQUITIN_DEPENDENT_PROTEIN_CATABOLIC_PROCESS		117	-0.34043735	-1.6410667	0.0028653296	0.1921546	1.0	2862	tags=31%, list=19%, signal=38%	
HP_NEOPLASM_OF_THE_ANTERIOR_PITUITARY	HP_NEOPLASM_OF_THE_ANTERIOR_PITUITARY		45	-0.4117829	-1.6403655	0.012254902	0.19223233	1.0	2586	tags=31%, list=17%, signal=37%	
GOBP_POSITIVE_REGULATION_OF_PROTEASOMAL_PROTEIN_CATABOLIC_PROCESS	GOBP_POSITIVE_REGULATION_OF_PROTEASOMAL_PROTEIN_CATABOLIC_PROCESS		100	-0.34647685	-1.6390208	0.0	0.19324042	1.0	2862	tags=30%, list=19%, signal=37%	
GOBP_NEGATIVE_REGULATION_OF_NOTCH_SIGNALING_PATHWAY	GOBP_NEGATIVE_REGULATION_OF_NOTCH_SIGNALING_PATHWAY		37	-0.42356306	-1.6387088	0.014051522	0.19282632	1.0	1966	tags=30%, list=13%, signal=34%	
GOCC_NEURON_TO_NEURON_SYNAPSE	GOCC_NEURON_TO_NEURON_SYNAPSE		352	-0.29080978	-1.6386377	0.0	0.19203137	1.0	2768	tags=29%, list=18%, signal=35%	
HP_FREQUENT_FALLS	HP_FREQUENT_FALLS		119	-0.33643	-1.6379508	0.0	0.19209051	1.0	3821	tags=36%, list=25%, signal=48%	
HP_MIDFACE_RETRUSION	HP_MIDFACE_RETRUSION		266	-0.30006137	-1.6372639	0.0	0.19216649	1.0	3797	tags=35%, list=25%, signal=46%	
GOCC_MYELIN_SHEATH	GOCC_MYELIN_SHEATH		42	-0.41736048	-1.6370028	0.01	0.19160087	1.0	3312	tags=38%, list=22%, signal=49%	
GOBP_SPLICEOSOMAL_COMPLEX_ASSEMBLY	GOBP_SPLICEOSOMAL_COMPLEX_ASSEMBLY		73	-0.35707304	-1.6367562	0.0078125	0.1910635	1.0	3358	tags=33%, list=22%, signal=42%	
HP_DIFFUSE_CEREBELLAR_ATROPHY	HP_DIFFUSE_CEREBELLAR_ATROPHY		19	-0.5097359	-1.6365873	0.017738359	0.1904626	1.0	1720	tags=21%, list=11%, signal=24%	
GOBP_REGULATION_OF_UBIQUITIN_PROTEIN_TRANSFERASE_ACTIVITY	GOBP_REGULATION_OF_UBIQUITIN_PROTEIN_TRANSFERASE_ACTIVITY		24	-0.46898487	-1.635523	0.014084507	0.19100362	1.0	3060	tags=46%, list=20%, signal=57%	
GOBP_PROTEIN_TRANSPORT_TO_VACUOLE_INVOLVED_IN_UBIQUITIN_DEPENDENT_PROTEIN_CATABOLIC_PROCESS_VIA_THE_MULTIVESICULAR_BODY_SORTING_PATHWAY	GOBP_PROTEIN_TRANSPORT_TO_VACUOLE_INVOLVED_IN_UBIQUITIN_DEPENDENT_PROTEIN_CATABOLIC_PROCESS_VIA_THE_MULTIVESICULAR_BODY_SORTING_PATHWAY		15	-0.54065037	-1.6349163	0.02783726	0.1910156	1.0	3816	tags=60%, list=25%, signal=80%	
GOBP_POSITIVE_REGULATION_OF_TORC1_SIGNALING	GOBP_POSITIVE_REGULATION_OF_TORC1_SIGNALING		49	-0.39992696	-1.6347097	0.0025510204	0.1904616	1.0	4494	tags=43%, list=30%, signal=61%	
GOBP_GLIAL_CELL_DIFFERENTIATION	GOBP_GLIAL_CELL_DIFFERENTIATION		231	-0.3026896	-1.6330477	0.0	0.19212262	1.0	2782	tags=29%, list=18%, signal=35%	
GOCC_CHITOSOME	GOCC_CHITOSOME		19	-0.518538	-1.6323644	0.027459955	0.19224672	1.0	4683	tags=79%, list=31%, signal=114%	
HP_MALIGNANT_NEOPLASM_OF_THE_CENTRAL_NERVOUS_SYSTEM	HP_MALIGNANT_NEOPLASM_OF_THE_CENTRAL_NERVOUS_SYSTEM		69	-0.36542863	-1.6322216	0.0072815535	0.19161971	1.0	2911	tags=38%, list=19%, signal=46%	
GOBP_NEGATIVE_REGULATION_OF_SMAD_PROTEIN_SIGNAL_TRANSDUCTION	GOBP_NEGATIVE_REGULATION_OF_SMAD_PROTEIN_SIGNAL_TRANSDUCTION		22	-0.48619595	-1.6309718	0.02078522	0.1925081	1.0	2399	tags=41%, list=16%, signal=49%	
GOBP_NEGATIVE_REGULATION_OF_MRNA_PROCESSING	GOBP_NEGATIVE_REGULATION_OF_MRNA_PROCESSING		20	-0.50255823	-1.6309327	0.023255814	0.19172695	1.0	5699	tags=70%, list=38%, signal=112%	
GOBP_LATE_ENDOSOME_TO_VACUOLE_TRANSPORT_VIA_MULTIVESICULAR_BODY_SORTING_PATHWAY	GOBP_LATE_ENDOSOME_TO_VACUOLE_TRANSPORT_VIA_MULTIVESICULAR_BODY_SORTING_PATHWAY		26	-0.45761418	-1.6308415	0.014084507	0.19100171	1.0	3816	tags=54%, list=25%, signal=72%	
HP_APLASIA_OF_THE_SEMICIRCULAR_CANAL	HP_APLASIA_OF_THE_SEMICIRCULAR_CANAL		17	-0.5395019	-1.6295986	0.010964912	0.19210061	1.0	2612	tags=41%, list=17%, signal=50%	
GOBP_CELLULAR_RESPONSE_TO_ALCOHOL	GOBP_CELLULAR_RESPONSE_TO_ALCOHOL		86	-0.3539226	-1.6293112	0.0027100272	0.19173361	1.0	2855	tags=35%, list=19%, signal=43%	
HP_TYPE_II_LISSENCEPHALY	HP_TYPE_II_LISSENCEPHALY		16	-0.53370607	-1.6290598	0.023148147	0.19126897	1.0	3629	tags=50%, list=24%, signal=66%	
GOBP_MRNA_MODIFICATION	GOBP_MRNA_MODIFICATION		16	-0.5435499	-1.6282713	0.028634362	0.19156726	1.0	4738	tags=63%, list=31%, signal=91%	
GOCC_NEURON_PROJECTION_CYTOPLASM	GOCC_NEURON_PROJECTION_CYTOPLASM		82	-0.3563733	-1.6269249	0.0024813896	0.19277188	1.0	3068	tags=32%, list=20%, signal=40%	
GOBP_PROTEIN_INSERTION_INTO_MEMBRANE	GOBP_PROTEIN_INSERTION_INTO_MEMBRANE		43	-0.40545085	-1.626543	0.015075377	0.19260895	1.0	4750	tags=51%, list=31%, signal=74%	
HP_ABSENT_SPEECH	HP_ABSENT_SPEECH		409	-0.2790626	-1.6262091	0.0	0.19228974	1.0	4665	tags=40%, list=31%, signal=56%	
HP_RECURRENT_ASPIRATION_PNEUMONIA	HP_RECURRENT_ASPIRATION_PNEUMONIA		27	-0.45369712	-1.6247792	0.009852217	0.19362012	1.0	3293	tags=44%, list=22%, signal=57%	
HP_CEREBRAL_INCLUSION_BODIES	HP_CEREBRAL_INCLUSION_BODIES		43	-0.40352586	-1.6238647	0.0073710075	0.19404799	1.0	1298	tags=21%, list=9%, signal=23%	
GOCC_PERIKARYON	GOCC_PERIKARYON		136	-0.32637662	-1.6221408	0.009063444	0.19596842	1.0	2364	tags=31%, list=16%, signal=36%	
HP_FINGER_APLASIA	HP_FINGER_APLASIA		84	-0.35164407	-1.6207666	0.0	0.19730283	1.0	3205	tags=36%, list=21%, signal=45%	
GOBP_REGULATION_OF_VACUOLE_ORGANIZATION	GOBP_REGULATION_OF_VACUOLE_ORGANIZATION		54	-0.38677466	-1.6200198	0.007444169	0.19756632	1.0	3580	tags=35%, list=24%, signal=46%	
GOBP_REGULATION_OF_MRNA_SPLICING_VIA_SPLICEOSOME	GOBP_REGULATION_OF_MRNA_SPLICING_VIA_SPLICEOSOME		97	-0.34689808	-1.6199867	0.0026041667	0.19680458	1.0	4391	tags=46%, list=29%, signal=65%	
GOBP_MOTOR_NEURON_APOPTOTIC_PROCESS	GOBP_MOTOR_NEURON_APOPTOTIC_PROCESS		20	-0.4910457	-1.6193979	0.020316027	0.19679846	1.0	3775	tags=55%, list=25%, signal=73%	
GOBP_REGULATION_OF_AXONOGENESIS	GOBP_REGULATION_OF_AXONOGENESIS		128	-0.32783696	-1.617337	0.0	0.19922961	1.0	2623	tags=29%, list=17%, signal=35%	
GOBP_NUCLEOLUS_ORGANIZATION	GOBP_NUCLEOLUS_ORGANIZATION		17	-0.52265996	-1.6167403	0.024390243	0.1991981	1.0	4032	tags=59%, list=27%, signal=80%	
GOBP_RNA_5_END_PROCESSING	GOBP_RNA_5_END_PROCESSING		38	-0.42291436	-1.616387	0.018087855	0.19882962	1.0	2655	tags=32%, list=18%, signal=38%	
HP_TONIC_SEIZURE	HP_TONIC_SEIZURE		125	-0.3275825	-1.616087	0.0	0.19841896	1.0	4698	tags=46%, list=31%, signal=66%	
GOBP_POSITIVE_REGULATION_OF_PROTEIN_CONTAINING_COMPLEX_DISASSEMBLY	GOBP_POSITIVE_REGULATION_OF_PROTEIN_CONTAINING_COMPLEX_DISASSEMBLY		37	-0.4256796	-1.6151692	0.004842615	0.19888455	1.0	3973	tags=38%, list=26%, signal=51%	
GOBP_CEREBRAL_CORTEX_RADIALLY_ORIENTED_CELL_MIGRATION	GOBP_CEREBRAL_CORTEX_RADIALLY_ORIENTED_CELL_MIGRATION		34	-0.42187786	-1.6151465	0.011441648	0.198114	1.0	4463	tags=44%, list=30%, signal=62%	
GOBP_PROTEIN_DEPHOSPHORYLATION	GOBP_PROTEIN_DEPHOSPHORYLATION		67	-0.37118083	-1.6143476	0.0026737968	0.19861038	1.0	2492	tags=36%, list=16%, signal=43%	
HP_ABNORMAL_SEPTUM_PELLUCIDUM_MORPHOLOGY	HP_ABNORMAL_SEPTUM_PELLUCIDUM_MORPHOLOGY		101	-0.33416855	-1.6141384	0.0	0.19816819	1.0	3832	tags=41%, list=25%, signal=54%	
HP_MYOPIA	HP_MYOPIA		391	-0.28012845	-1.6139266	0.0	0.197665	1.0	3561	tags=32%, list=24%, signal=41%	
HP_AGYRIA	HP_AGYRIA		16	-0.53623927	-1.613844	0.026004728	0.19703868	1.0	3253	tags=50%, list=22%, signal=64%	
GOBP_SCHWANN_CELL_DIFFERENTIATION	GOBP_SCHWANN_CELL_DIFFERENTIATION		48	-0.39131388	-1.6128731	0.0052083335	0.19774799	1.0	3821	tags=42%, list=25%, signal=56%	
GOBP_ADHERENS_JUNCTION_ORGANIZATION	GOBP_ADHERENS_JUNCTION_ORGANIZATION		53	-0.380529	-1.6113979	0.0025062656	0.19918191	1.0	3435	tags=43%, list=23%, signal=56%	
GOMF_METHYLATION_DEPENDENT_PROTEIN_BINDING	GOMF_METHYLATION_DEPENDENT_PROTEIN_BINDING		44	-0.39572504	-1.6107541	0.01173709	0.19936538	1.0	4009	tags=52%, list=27%, signal=71%	
GOCC_ATPASE_COMPLEX	GOCC_ATPASE_COMPLEX		113	-0.32514054	-1.6104288	0.0027247956	0.1990505	1.0	4710	tags=49%, list=31%, signal=70%	
GOCC_POSTSYNAPTIC_DENSITY_MEMBRANE	GOCC_POSTSYNAPTIC_DENSITY_MEMBRANE		109	-0.34028536	-1.6098529	0.002762431	0.19910131	1.0	2768	tags=31%, list=18%, signal=38%	
GOBP_NEGATIVE_REGULATION_OF_MACROAUTOPHAGY	GOBP_NEGATIVE_REGULATION_OF_MACROAUTOPHAGY		35	-0.42133307	-1.6096014	0.0099502485	0.1986941	1.0	4237	tags=46%, list=28%, signal=63%	
HP_DELAYED_CNS_MYELINATION	HP_DELAYED_CNS_MYELINATION		183	-0.30980265	-1.609585	0.0031152647	0.197952	1.0	3861	tags=35%, list=26%, signal=46%	
HP_LONG_FINGERS	HP_LONG_FINGERS		283	-0.29130384	-1.6073238	0.0	0.2006618	1.0	4258	tags=40%, list=28%, signal=54%	
GOBP_REGULATION_OF_SYNAPSE_STRUCTURE_OR_ACTIVITY	GOBP_REGULATION_OF_SYNAPSE_STRUCTURE_OR_ACTIVITY		280	-0.29054287	-1.6063535	0.0	0.20126042	1.0	3561	tags=35%, list=24%, signal=44%	
GOBP_REGULATION_OF_ENDOPLASMIC_RETICULUM_UNFOLDED_PROTEIN_RESPONSE	GOBP_REGULATION_OF_ENDOPLASMIC_RETICULUM_UNFOLDED_PROTEIN_RESPONSE		33	-0.43186748	-1.6048261	0.004796163	0.2029198	1.0	2227	tags=36%, list=15%, signal=43%	
GOMF_PROTEIN_SERINE_THREONINE_PHOSPHATASE_ACTIVITY	GOMF_PROTEIN_SERINE_THREONINE_PHOSPHATASE_ACTIVITY		106	-0.3378168	-1.604252	0.0	0.20301263	1.0	2483	tags=30%, list=16%, signal=36%	
GOBP_REGULATION_OF_TRANSLATION	GOBP_REGULATION_OF_TRANSLATION		326	-0.28344905	-1.6030083	0.0	0.20414615	1.0	4335	tags=37%, list=29%, signal=51%	
GOCC_DISTAL_AXON	GOCC_DISTAL_AXON		256	-0.2906087	-1.6028154	0.0	0.20360044	1.0	2457	tags=25%, list=16%, signal=29%	
GOMF_DEMETHYLASE_ACTIVITY	GOMF_DEMETHYLASE_ACTIVITY		30	-0.44592965	-1.6016175	0.016129032	0.20459335	1.0	2173	tags=33%, list=14%, signal=39%	
HP_FOCAL_TONIC_SEIZURE	HP_FOCAL_TONIC_SEIZURE		33	-0.4299435	-1.5987086	0.014319809	0.20817582	1.0	2236	tags=27%, list=15%, signal=32%	
GOMF_ENZYME_SUBSTRATE_ADAPTOR_ACTIVITY	GOMF_ENZYME_SUBSTRATE_ADAPTOR_ACTIVITY		111	-0.3281884	-1.5970181	0.0	0.21001168	1.0	4089	tags=44%, list=27%, signal=60%	
GOBP_MRNA_SPLICE_SITE_RECOGNITION	GOBP_MRNA_SPLICE_SITE_RECOGNITION		29	-0.43283215	-1.5960494	0.023041476	0.21062744	1.0	4265	tags=52%, list=28%, signal=72%	
GOBP_BIOLOGICAL_PROCESS_INVOLVED_IN_INTRASPECIES_INTERACTION_BETWEEN_ORGANISMS	GOBP_BIOLOGICAL_PROCESS_INVOLVED_IN_INTRASPECIES_INTERACTION_BETWEEN_ORGANISMS		50	-0.3900876	-1.5944678	0.005076142	0.2123776	1.0	3715	tags=40%, list=25%, signal=53%	
HP_THROMBOCYTOSIS	HP_THROMBOCYTOSIS		58	-0.376282	-1.5942633	0.0024390244	0.2119191	1.0	3293	tags=41%, list=22%, signal=53%	
GOBP_RIBOSOMAL_LARGE_SUBUNIT_ASSEMBLY	GOBP_RIBOSOMAL_LARGE_SUBUNIT_ASSEMBLY		18	-0.49884945	-1.5935152	0.021951219	0.21234739	1.0	1395	tags=39%, list=9%, signal=43%	
HP_APLASIA_HYPOPLASIA_OF_THE_EAR	HP_APLASIA_HYPOPLASIA_OF_THE_EAR		198	-0.30158976	-1.5934958	0.0	0.21159764	1.0	3393	tags=34%, list=22%, signal=43%	
GOBP_RESPONSE_TO_AMINO_ACID_STARVATION	GOBP_RESPONSE_TO_AMINO_ACID_STARVATION		49	-0.38684952	-1.5921402	0.011261261	0.21310297	1.0	5244	tags=51%, list=35%, signal=78%	
GOBP_NEUROMUSCULAR_JUNCTION_DEVELOPMENT	GOBP_NEUROMUSCULAR_JUNCTION_DEVELOPMENT		52	-0.38437203	-1.5898181	0.009501188	0.21589819	1.0	3112	tags=40%, list=21%, signal=51%	
HP_DIFFUSE_WHITE_MATTER_ABNORMALITIES	HP_DIFFUSE_WHITE_MATTER_ABNORMALITIES		34	-0.41306585	-1.5886947	0.017857144	0.21691304	1.0	3253	tags=35%, list=22%, signal=45%	
GOCC_INHIBITORY_SYNAPSE	GOCC_INHIBITORY_SYNAPSE		16	-0.528305	-1.5880373	0.0311804	0.21723977	1.0	2650	tags=50%, list=18%, signal=61%	
GOMF_METALLOAMINOPEPTIDASE_ACTIVITY	GOMF_METALLOAMINOPEPTIDASE_ACTIVITY		23	-0.46376288	-1.5877407	0.01438849	0.216938	1.0	552	tags=22%, list=4%, signal=23%	
HP_ABNORMAL_MEAN_CORPUSCULAR_VOLUME	HP_ABNORMAL_MEAN_CORPUSCULAR_VOLUME		54	-0.3810898	-1.5873898	0.007317073	0.21669155	1.0	3205	tags=43%, list=21%, signal=54%	
GOBP_REGULATION_OF_UBIQUITIN_DEPENDENT_PROTEIN_CATABOLIC_PROCESS	GOBP_REGULATION_OF_UBIQUITIN_DEPENDENT_PROTEIN_CATABOLIC_PROCESS		151	-0.31646955	-1.5857188	0.0	0.2185269	1.0	2862	tags=29%, list=19%, signal=36%	
HP_ALBINISM	HP_ALBINISM		17	-0.5114389	-1.5852885	0.03409091	0.21844931	1.0	3309	tags=65%, list=22%, signal=83%	
GOBP_RRNA_TRANSCRIPTION	GOBP_RRNA_TRANSCRIPTION		39	-0.4059663	-1.5850266	0.009638554	0.21815322	1.0	3896	tags=38%, list=26%, signal=52%	
GOBP_PIGMENTATION	GOBP_PIGMENTATION		106	-0.3278741	-1.5842822	0.0027322404	0.21857752	1.0	4599	tags=49%, list=30%, signal=70%	
HP_DELAYED_MYELINATION	HP_DELAYED_MYELINATION		258	-0.29104897	-1.5840653	0.0	0.21819581	1.0	3616	tags=33%, list=24%, signal=42%	
GOMF_PROTEIN_METHYLTRANSFERASE_ACTIVITY	GOMF_PROTEIN_METHYLTRANSFERASE_ACTIVITY		87	-0.3386711	-1.5836446	0.0	0.21814643	1.0	2063	tags=23%, list=14%, signal=26%	
GOCC_SMALL_NUCLEAR_RIBONUCLEOPROTEIN_COMPLEX	GOCC_SMALL_NUCLEAR_RIBONUCLEOPROTEIN_COMPLEX		72	-0.36094707	-1.5822552	0.0025641026	0.21961294	1.0	3726	tags=33%, list=25%, signal=44%	
HP_DISORDERED_FORMAL_THOUGHT_PROCESS	HP_DISORDERED_FORMAL_THOUGHT_PROCESS		29	-0.438578	-1.5810786	0.023640662	0.22072195	1.0	3543	tags=45%, list=23%, signal=58%	
GOBP_NEGATIVE_REGULATION_OF_TOR_SIGNALING	GOBP_NEGATIVE_REGULATION_OF_TOR_SIGNALING		64	-0.3645756	-1.5809886	0.0050251256	0.2201489	1.0	4261	tags=41%, list=28%, signal=56%	
GOBP_POSTSYNAPTIC_MEMBRANE_ORGANIZATION	GOBP_POSTSYNAPTIC_MEMBRANE_ORGANIZATION		40	-0.40681905	-1.5806413	0.014184397	0.21989603	1.0	3112	tags=35%, list=21%, signal=44%	
HP_BILATERAL_TONIC_CLONIC_SEIZURE	HP_BILATERAL_TONIC_CLONIC_SEIZURE		344	-0.27774963	-1.5802157	0.0	0.2198077	1.0	4201	tags=38%, list=28%, signal=51%	
HP_HYPOPLASIA_OF_THE_CORPUS_CALLOSUM	HP_HYPOPLASIA_OF_THE_CORPUS_CALLOSUM		427	-0.27596194	-1.5801536	0.0	0.21913387	1.0	3549	tags=30%, list=23%, signal=39%	
GOBP_POSITIVE_REGULATION_OF_PROTEIN_UBIQUITINATION	GOBP_POSITIVE_REGULATION_OF_PROTEIN_UBIQUITINATION		100	-0.33505043	-1.5795549	0.0026595744	0.21920003	1.0	3101	tags=29%, list=21%, signal=36%	
GOBP_ORGANISM_EMERGENCE_FROM_PROTECTIVE_STRUCTURE	GOBP_ORGANISM_EMERGENCE_FROM_PROTECTIVE_STRUCTURE		27	-0.44165936	-1.579521	0.027777778	0.21851607	1.0	1697	tags=37%, list=11%, signal=42%	
HP_PARAPARESIS	HP_PARAPARESIS		98	-0.33589765	-1.578664	0.0026525198	0.21916837	1.0	3853	tags=38%, list=25%, signal=50%	
GOBP_POSITIVE_REGULATION_OF_DOUBLE_STRAND_BREAK_REPAIR	GOBP_POSITIVE_REGULATION_OF_DOUBLE_STRAND_BREAK_REPAIR		87	-0.33911732	-1.578236	0.0027100272	0.21917632	1.0	3759	tags=40%, list=25%, signal=53%	
HP_BILATERAL_MICROPHTHALMOS	HP_BILATERAL_MICROPHTHALMOS		23	-0.47770587	-1.5775669	0.028436018	0.21950449	1.0	4796	tags=48%, list=32%, signal=70%	
HP_KYPHOSCOLIOSIS	HP_KYPHOSCOLIOSIS		177	-0.3014044	-1.5775212	0.0	0.21882446	1.0	4137	tags=40%, list=27%, signal=54%	
GOBP_POSITIVE_REGULATION_OF_NEUROBLAST_PROLIFERATION	GOBP_POSITIVE_REGULATION_OF_NEUROBLAST_PROLIFERATION		27	-0.44171846	-1.5771811	0.026634382	0.2186334	1.0	4909	tags=56%, list=32%, signal=82%	
GOBP_ORGANELLE_INHERITANCE	GOBP_ORGANELLE_INHERITANCE		15	-0.5219404	-1.5768334	0.02690583	0.21860133	1.0	3395	tags=47%, list=22%, signal=60%	
GOBP_POSITIVE_REGULATION_OF_TOR_SIGNALING	GOBP_POSITIVE_REGULATION_OF_TOR_SIGNALING		66	-0.36365026	-1.5765849	0.002415459	0.21824357	1.0	4278	tags=39%, list=28%, signal=55%	
GOMF_R_SMAD_BINDING	GOMF_R_SMAD_BINDING		22	-0.46340585	-1.5763075	0.030232558	0.2178876	1.0	1931	tags=32%, list=13%, signal=36%	
GOCC_GABA_ERGIC_SYNAPSE	GOCC_GABA_ERGIC_SYNAPSE		102	-0.32801804	-1.5745422	0.0028328612	0.22002019	1.0	2862	tags=36%, list=19%, signal=44%	
GOBP_POSTSYNAPSE_ASSEMBLY	GOBP_POSTSYNAPSE_ASSEMBLY		74	-0.3495717	-1.5730973	0.007978723	0.22156675	1.0	2902	tags=41%, list=19%, signal=50%	
HP_NEOPLASM_OF_THE_NERVOUS_SYSTEM	HP_NEOPLASM_OF_THE_NERVOUS_SYSTEM		148	-0.30608797	-1.571307	0.003021148	0.22373603	1.0	2911	tags=30%, list=19%, signal=36%	
GOMF_REGULATORY_RNA_BINDING	GOMF_REGULATORY_RNA_BINDING		42	-0.39491096	-1.5712727	0.025641026	0.2230556	1.0	4335	tags=45%, list=29%, signal=63%	
HP_VITREORETINOPATHY	HP_VITREORETINOPATHY		21	-0.4679157	-1.5685838	0.031390134	0.22658221	1.0	4662	tags=52%, list=31%, signal=76%	
GOBP_GAMMA_AMINOBUTYRIC_ACID_TRANSPORT	GOBP_GAMMA_AMINOBUTYRIC_ACID_TRANSPORT		19	-0.47884622	-1.5679265	0.025114154	0.2269711	1.0	2487	tags=37%, list=16%, signal=44%	
GOCC_MIDBODY	GOCC_MIDBODY		191	-0.29606962	-1.5663803	0.0	0.22861496	1.0	3725	tags=34%, list=25%, signal=44%	
GOCC_CELL_BODY	GOCC_CELL_BODY		477	-0.2649996	-1.5657214	0.0	0.22887394	1.0	2364	tags=24%, list=16%, signal=28%	
HP_MACROCYTIC_ANEMIA	HP_MACROCYTIC_ANEMIA		66	-0.35465103	-1.5655649	0.0054945056	0.22838773	1.0	3293	tags=39%, list=22%, signal=50%	
HP_MYELODYSPLASIA	HP_MYELODYSPLASIA		101	-0.3296638	-1.563065	0.0027472528	0.23184858	1.0	3265	tags=36%, list=22%, signal=45%	
HP_ABNORMAL_POSTERIOR_PITUITARY_MORPHOGENESIS	HP_ABNORMAL_POSTERIOR_PITUITARY_MORPHOGENESIS		29	-0.4389056	-1.5629085	0.027777778	0.23129214	1.0	3968	tags=52%, list=26%, signal=70%	
GOBP_MYELIN_ASSEMBLY	GOBP_MYELIN_ASSEMBLY		21	-0.46681818	-1.5614907	0.028037382	0.23299573	1.0	3445	tags=48%, list=23%, signal=62%	
GOMF_HISTONE_H4_READER_ACTIVITY	GOMF_HISTONE_H4_READER_ACTIVITY		15	-0.5211003	-1.5611535	0.031042129	0.23279476	1.0	3866	tags=60%, list=26%, signal=81%	
GOBP_POSITIVE_REGULATION_OF_AMINE_TRANSPORT	GOBP_POSITIVE_REGULATION_OF_AMINE_TRANSPORT		31	-0.41705	-1.56039	0.028915662	0.23342891	1.0	1888	tags=32%, list=12%, signal=37%	
HP_ATROPHY_DEGENERATION_INVOLVING_THE_SPINAL_CORD	HP_ATROPHY_DEGENERATION_INVOLVING_THE_SPINAL_CORD		21	-0.46536312	-1.5598235	0.030701755	0.23358363	1.0	4760	tags=62%, list=32%, signal=90%	
GOBP_NEGATIVE_REGULATION_OF_DNA_TEMPLATED_TRANSCRIPTION_ELONGATION	GOBP_NEGATIVE_REGULATION_OF_DNA_TEMPLATED_TRANSCRIPTION_ELONGATION		22	-0.46039185	-1.5586258	0.032098766	0.2347141	1.0	3442	tags=41%, list=23%, signal=53%	
GOBP_POSITIVE_REGULATION_OF_INFLAMMASOME_MEDIATED_SIGNALING_PATHWAY	GOBP_POSITIVE_REGULATION_OF_INFLAMMASOME_MEDIATED_SIGNALING_PATHWAY		24	-0.45482028	-1.5579623	0.039627038	0.23506844	1.0	3277	tags=50%, list=22%, signal=64%	
GOBP_REGULATION_OF_PRESYNAPSE_ORGANIZATION	GOBP_REGULATION_OF_PRESYNAPSE_ORGANIZATION		26	-0.44041964	-1.5576913	0.029816514	0.2347817	1.0	2545	tags=46%, list=17%, signal=55%	
GOBP_U2_TYPE_PRESPLICEOSOME_ASSEMBLY	GOBP_U2_TYPE_PRESPLICEOSOME_ASSEMBLY		25	-0.44942424	-1.5571291	0.03504673	0.23499662	1.0	2444	tags=32%, list=16%, signal=38%	
GOBP_REGULATION_OF_CELL_JUNCTION_ASSEMBLY	GOBP_REGULATION_OF_CELL_JUNCTION_ASSEMBLY		236	-0.28890544	-1.5569568	0.0033003301	0.23461516	1.0	3402	tags=35%, list=23%, signal=44%	
GOBP_REGULATION_OF_POSTSYNAPSE_ORGANIZATION	GOBP_REGULATION_OF_POSTSYNAPSE_ORGANIZATION		127	-0.31036815	-1.5549893	0.0	0.23728341	1.0	2902	tags=34%, list=19%, signal=42%	
GOBP_POSITIVE_REGULATION_OF_PROTEIN_DEPOLYMERIZATION	GOBP_POSITIVE_REGULATION_OF_PROTEIN_DEPOLYMERIZATION		20	-0.47707087	-1.5542427	0.037914693	0.23800646	1.0	3865	tags=40%, list=26%, signal=54%	
GOBP_REGULATION_OF_ALTERNATIVE_MRNA_SPLICING_VIA_SPLICEOSOME	GOBP_REGULATION_OF_ALTERNATIVE_MRNA_SPLICING_VIA_SPLICEOSOME		52	-0.37672877	-1.5542303	0.02116402	0.23728785	1.0	4260	tags=48%, list=28%, signal=67%	
HP_HYPSARRHYTHMIA	HP_HYPSARRHYTHMIA		169	-0.30067635	-1.5516833	0.0	0.24112192	1.0	4242	tags=39%, list=28%, signal=54%	
HP_MYOCLONUS	HP_MYOCLONUS		322	-0.2728847	-1.5487834	0.0	0.24529405	1.0	3442	tags=30%, list=23%, signal=39%	
GOBP_REGULATION_OF_D_GLUCOSE_IMPORT	GOBP_REGULATION_OF_D_GLUCOSE_IMPORT		43	-0.38934508	-1.5484927	0.024271844	0.24508484	1.0	2788	tags=35%, list=18%, signal=43%	
GOBP_LAMELLIPODIUM_MORPHOGENESIS	GOBP_LAMELLIPODIUM_MORPHOGENESIS		18	-0.47836912	-1.5483184	0.038812786	0.24454954	1.0	2876	tags=44%, list=19%, signal=55%	
GOBP_DETERMINATION_OF_ADULT_LIFESPAN	GOBP_DETERMINATION_OF_ADULT_LIFESPAN		31	-0.41114527	-1.5479032	0.018518519	0.24456865	1.0	803	tags=19%, list=5%, signal=20%	
GOBP_REGULATION_OF_PROTEASOMAL_PROTEIN_CATABOLIC_PROCESS	GOBP_REGULATION_OF_PROTEASOMAL_PROTEIN_CATABOLIC_PROCESS		178	-0.29839855	-1.5478867	0.0	0.24386549	1.0	2862	tags=28%, list=19%, signal=34%	
HP_HYPOPLASIA_OF_THE_FOVEA	HP_HYPOPLASIA_OF_THE_FOVEA		28	-0.425322	-1.547836	0.027918782	0.24320789	1.0	1628	tags=32%, list=11%, signal=36%	
GOBP_POSITIVE_REGULATION_OF_CANONICAL_WNT_SIGNALING_PATHWAY	GOBP_POSITIVE_REGULATION_OF_CANONICAL_WNT_SIGNALING_PATHWAY		98	-0.32590055	-1.547648	0.0050251256	0.24279913	1.0	3872	tags=41%, list=26%, signal=55%	
HP_RECURRENT_HAND_FLAPPING	HP_RECURRENT_HAND_FLAPPING		30	-0.41933325	-1.5459485	0.028423773	0.24491973	1.0	3415	tags=37%, list=23%, signal=47%	
HP_ARRHINENCEPHALY	HP_ARRHINENCEPHALY		28	-0.43463358	-1.5454373	0.032482598	0.24508296	1.0	2450	tags=32%, list=16%, signal=38%	
GOBP_NUCLEOLAR_LARGE_RRNA_TRANSCRIPTION_BY_RNA_POLYMERASE_I	GOBP_NUCLEOLAR_LARGE_RRNA_TRANSCRIPTION_BY_RNA_POLYMERASE_I		22	-0.45580634	-1.5449548	0.04367816	0.24514872	1.0	858	tags=23%, list=6%, signal=24%	
GOBP_POSITIVE_REGULATION_OF_POST_TRANSLATIONAL_PROTEIN_MODIFICATION	GOBP_POSITIVE_REGULATION_OF_POST_TRANSLATIONAL_PROTEIN_MODIFICATION		123	-0.3131274	-1.544725	0.0	0.24485372	1.0	3101	tags=27%, list=21%, signal=33%	
GOCC_NEURON_SPINE	GOCC_NEURON_SPINE		151	-0.30090508	-1.5441114	0.0	0.24518377	1.0	3017	tags=33%, list=20%, signal=41%	
GOBP_REGULATION_OF_RESPONSE_TO_ENDOPLASMIC_RETICULUM_STRESS	GOBP_REGULATION_OF_RESPONSE_TO_ENDOPLASMIC_RETICULUM_STRESS		85	-0.3344675	-1.5439191	0.005154639	0.24480568	1.0	4141	tags=44%, list=27%, signal=60%	
GOBP_POST_TRANSCRIPTIONAL_REGULATION_OF_GENE_EXPRESSION	GOBP_POST_TRANSCRIPTIONAL_REGULATION_OF_GENE_EXPRESSION		453	-0.26578072	-1.543163	0.0	0.24544063	1.0	4335	tags=37%, list=29%, signal=50%	
GOBP_POSTSYNAPSE_ORGANIZATION	GOBP_POSTSYNAPSE_ORGANIZATION		213	-0.2926372	-1.5430853	0.0	0.24482477	1.0	3112	tags=32%, list=21%, signal=40%	
HP_SUBMUCOUS_CLEFT_PALATE	HP_SUBMUCOUS_CLEFT_PALATE		79	-0.33777976	-1.5413481	0.010498688	0.24724784	1.0	3068	tags=29%, list=20%, signal=36%	
GOBP_LYMPHOID_PROGENITOR_CELL_DIFFERENTIATION	GOBP_LYMPHOID_PROGENITOR_CELL_DIFFERENTIATION		21	-0.4702948	-1.5411203	0.038961038	0.24690552	1.0	2330	tags=38%, list=15%, signal=45%	
HP_SLENDER_FINGER	HP_SLENDER_FINGER		141	-0.30506754	-1.5404799	0.0	0.24744597	1.0	4248	tags=42%, list=28%, signal=58%	
HP_EPILEPTIC_SPASM	HP_EPILEPTIC_SPASM		184	-0.29660308	-1.5401891	0.0028901733	0.24716873	1.0	4242	tags=38%, list=28%, signal=52%	
GOMF_SYNTAXIN_1_BINDING	GOMF_SYNTAXIN_1_BINDING		16	-0.4996993	-1.540109	0.04783599	0.24659213	1.0	1370	tags=31%, list=9%, signal=34%	
GOBP_ESTABLISHMENT_OF_PROTEIN_LOCALIZATION_TO_VACUOLE	GOBP_ESTABLISHMENT_OF_PROTEIN_LOCALIZATION_TO_VACUOLE		51	-0.3732882	-1.5398768	0.018181818	0.24630189	1.0	3251	tags=37%, list=22%, signal=47%	
GOMF_LIPOPROTEIN_PARTICLE_RECEPTOR_ACTIVITY	GOMF_LIPOPROTEIN_PARTICLE_RECEPTOR_ACTIVITY		15	-0.50998724	-1.5395277	0.049773756	0.24623781	1.0	1747	tags=40%, list=12%, signal=45%	
HP_PREMATURE_RUPTURE_OF_MEMBRANES	HP_PREMATURE_RUPTURE_OF_MEMBRANES		15	-0.50907296	-1.5375882	0.04222222	0.24876931	1.0	3619	tags=47%, list=24%, signal=61%	
GOCC_SWI_SNF_COMPLEX	GOCC_SWI_SNF_COMPLEX		25	-0.44687474	-1.5372319	0.03163017	0.24869716	1.0	2843	tags=40%, list=19%, signal=49%	
GOCC_METHYLTRANSFERASE_COMPLEX	GOCC_METHYLTRANSFERASE_COMPLEX		92	-0.3237945	-1.5366575	0.0	0.2488974	1.0	2273	tags=24%, list=15%, signal=28%	
GOBP_NEGATIVE_REGULATION_OF_CATABOLIC_PROCESS	GOBP_NEGATIVE_REGULATION_OF_CATABOLIC_PROCESS		306	-0.2738402	-1.5360186	0.0	0.24926387	1.0	3607	tags=32%, list=24%, signal=41%	
GOBP_PROTEIN_LOCALIZATION_TO_MITOCHONDRION	GOBP_PROTEIN_LOCALIZATION_TO_MITOCHONDRION		128	-0.3097568	-1.53564	0.0028409092	0.24918512	1.0	4665	tags=44%, list=31%, signal=63%	
GOBP_PROTEIN_LOCALIZATION_TO_ENDOPLASMIC_RETICULUM	GOBP_PROTEIN_LOCALIZATION_TO_ENDOPLASMIC_RETICULUM		68	-0.34713045	-1.5355968	0.012562814	0.24860547	1.0	3699	tags=35%, list=24%, signal=47%	
HP_GENERALIZED_HYPERREFLEXIA	HP_GENERALIZED_HYPERREFLEXIA		16	-0.49391037	-1.5355948	0.04454343	0.24791066	1.0	18	tags=13%, list=0%, signal=13%	
HP_PROGRESSIVE_NEUROLOGIC_DETERIORATION	HP_PROGRESSIVE_NEUROLOGIC_DETERIORATION		51	-0.36944783	-1.5353943	0.02077922	0.24752295	1.0	4649	tags=49%, list=31%, signal=71%	
GOMF_NEUROPILIN_BINDING	GOMF_NEUROPILIN_BINDING		17	-0.5008937	-1.5349342	0.029082773	0.24759968	1.0	2313	tags=41%, list=15%, signal=49%	
GOBP_REGULATION_OF_SYNAPSE_ASSEMBLY	GOBP_REGULATION_OF_SYNAPSE_ASSEMBLY		153	-0.2985092	-1.5342821	0.0028328612	0.2479411	1.0	3402	tags=37%, list=23%, signal=48%	
GOBP_REGULATION_OF_NUCLEOTIDE_METABOLIC_PROCESS	GOBP_REGULATION_OF_NUCLEOTIDE_METABOLIC_PROCESS		71	-0.3452416	-1.5341127	0.020151133	0.24756026	1.0	3753	tags=42%, list=25%, signal=56%	
GOBP_POSITIVE_REGULATION_OF_RESPONSE_TO_ENDOPLASMIC_RETICULUM_STRESS	GOBP_POSITIVE_REGULATION_OF_RESPONSE_TO_ENDOPLASMIC_RETICULUM_STRESS		38	-0.39423636	-1.5339068	0.024213076	0.24722959	1.0	3512	tags=42%, list=23%, signal=55%	
HP_ARACHNODACTYLY	HP_ARACHNODACTYLY		116	-0.31189805	-1.5320172	0.0029239766	0.24969046	1.0	4248	tags=44%, list=28%, signal=61%	
HP_SPINAL_CANAL_STENOSIS	HP_SPINAL_CANAL_STENOSIS		39	-0.3918839	-1.5315171	0.025462963	0.2499665	1.0	2579	tags=36%, list=17%, signal=43%	
HP_STATUS_EPILEPTICUS	HP_STATUS_EPILEPTICUS		185	-0.29528594	-1.5312587	0.0030487804	0.24972413	1.0	4560	tags=41%, list=30%, signal=57%	
HP_CHRONIC_CONSTIPATION	HP_CHRONIC_CONSTIPATION		103	-0.320906	-1.530961	0.01344086	0.24956773	1.0	3870	tags=38%, list=26%, signal=51%	
HP_DEMYELINATING_PERIPHERAL_NEUROPATHY	HP_DEMYELINATING_PERIPHERAL_NEUROPATHY		54	-0.3640759	-1.5308765	0.013921114	0.24902533	1.0	3616	tags=35%, list=24%, signal=46%	
GOBP_CONSTITUTIVE_HETEROCHROMATIN_FORMATION	GOBP_CONSTITUTIVE_HETEROCHROMATIN_FORMATION		47	-0.36924267	-1.5294785	0.017632242	0.25067115	1.0	3470	tags=40%, list=23%, signal=52%	
HP_ABNORMAL_MOTOR_NERVE_CONDUCTION_VELOCITY	HP_ABNORMAL_MOTOR_NERVE_CONDUCTION_VELOCITY		61	-0.35719723	-1.5294552	0.012919896	0.25003052	1.0	3168	tags=26%, list=21%, signal=33%	
HP_INTELLECTUAL_DISABILITY_BORDERLINE	HP_INTELLECTUAL_DISABILITY_BORDERLINE		24	-0.45257497	-1.5276444	0.037470724	0.25244126	1.0	4419	tags=50%, list=29%, signal=71%	
HP_PREMATURE_VENTRICULAR_CONTRACTION	HP_PREMATURE_VENTRICULAR_CONTRACTION		18	-0.48561883	-1.5275296	0.044491526	0.25194034	1.0	2900	tags=39%, list=19%, signal=48%	
GOBP_POSITIVE_REGULATION_OF_AXONOGENESIS	GOBP_POSITIVE_REGULATION_OF_AXONOGENESIS		70	-0.34644666	-1.5266696	0.009803922	0.2528044	1.0	2266	tags=26%, list=15%, signal=30%	
GOBP_POSITIVE_REGULATION_OF_PROTEASOMAL_UBIQUITIN_DEPENDENT_PROTEIN_CATABOLIC_PROCESS	GOBP_POSITIVE_REGULATION_OF_PROTEASOMAL_UBIQUITIN_DEPENDENT_PROTEIN_CATABOLIC_PROCESS		71	-0.34275708	-1.5264843	0.012468828	0.25243238	1.0	2862	tags=31%, list=19%, signal=38%	
GOBP_CELLULAR_RESPONSE_TO_ATP	GOBP_CELLULAR_RESPONSE_TO_ATP		17	-0.48200306	-1.5264308	0.04595186	0.2518193	1.0	2052	tags=35%, list=14%, signal=41%	
GOMF_TRANSLATION_REGULATOR_ACTIVITY	GOMF_TRANSLATION_REGULATOR_ACTIVITY		52	-0.3681448	-1.5259871	0.016129032	0.2518981	1.0	4186	tags=46%, list=28%, signal=64%	
GOMF_AMINOPEPTIDASE_ACTIVITY	GOMF_AMINOPEPTIDASE_ACTIVITY		34	-0.40538275	-1.525725	0.021226415	0.2517173	1.0	1412	tags=21%, list=9%, signal=23%	
HP_NEOPLASM_OF_FATTY_TISSUE	HP_NEOPLASM_OF_FATTY_TISSUE		37	-0.39562112	-1.5243384	0.017777778	0.2536173	1.0	1212	tags=22%, list=8%, signal=23%	
HP_STEREOTYPIC_UPPER_EXTREMITY_MOVEMENTS	HP_STEREOTYPIC_UPPER_EXTREMITY_MOVEMENTS		53	-0.36684716	-1.5241064	0.009975063	0.25345257	1.0	5132	tags=49%, list=34%, signal=74%	
HP_DEVELOPMENTAL_STAGNATION	HP_DEVELOPMENTAL_STAGNATION		19	-0.4794517	-1.5238357	0.060674157	0.25332463	1.0	1706	tags=37%, list=11%, signal=41%	
GOMF_SEMAPHORIN_RECEPTOR_BINDING	GOMF_SEMAPHORIN_RECEPTOR_BINDING		21	-0.4564563	-1.5236385	0.027777778	0.2529578	1.0	1509	tags=38%, list=10%, signal=42%	
GOBP_SKELETAL_MUSCLE_CELL_DIFFERENTIATION	GOBP_SKELETAL_MUSCLE_CELL_DIFFERENTIATION		66	-0.3486536	-1.5227178	0.014705882	0.25396514	1.0	2603	tags=35%, list=17%, signal=42%	
GOBP_VESICLE_MEDIATED_TRANSPORT_IN_SYNAPSE	GOBP_VESICLE_MEDIATED_TRANSPORT_IN_SYNAPSE		234	-0.27925065	-1.5226203	0.0	0.25344548	1.0	2958	tags=28%, list=20%, signal=35%	
GOBP_REGULATION_OF_TRANSLATIONAL_INITIATION	GOBP_REGULATION_OF_TRANSLATIONAL_INITIATION		76	-0.33916327	-1.5220116	0.005194805	0.25389487	1.0	4261	tags=39%, list=28%, signal=55%	
HP_ABNORMAL_CORTICAL_GYRATION	HP_ABNORMAL_CORTICAL_GYRATION		350	-0.26741847	-1.5209253	0.0	0.25520867	1.0	4611	tags=41%, list=31%, signal=57%	
GOCC_SITE_OF_POLARIZED_GROWTH	GOCC_SITE_OF_POLARIZED_GROWTH		163	-0.29552126	-1.5190911	0.002994012	0.25768843	1.0	3101	tags=32%, list=21%, signal=40%	
HP_AGENESIS_OF_CORPUS_CALLOSUM	HP_AGENESIS_OF_CORPUS_CALLOSUM		333	-0.27049938	-1.5183998	0.0	0.25816107	1.0	3658	tags=32%, list=24%, signal=41%	
GOMF_LYSINE_N_METHYLTRANSFERASE_ACTIVITY	GOMF_LYSINE_N_METHYLTRANSFERASE_ACTIVITY		57	-0.35376853	-1.5183027	0.024875622	0.25768545	1.0	4818	tags=42%, list=32%, signal=62%	
HP_LEWY_BODIES	HP_LEWY_BODIES		24	-0.4408661	-1.5176303	0.04025424	0.2583118	1.0	1298	tags=25%, list=9%, signal=27%	
HP_BRANCHIAL_ANOMALY	HP_BRANCHIAL_ANOMALY		17	-0.4839185	-1.5175263	0.054298643	0.25781894	1.0	2250	tags=35%, list=15%, signal=41%	
GOMF_RECEPTOR_TYROSINE_KINASE_BINDING	GOMF_RECEPTOR_TYROSINE_KINASE_BINDING		63	-0.35187814	-1.5171392	0.023498695	0.25783774	1.0	2687	tags=30%, list=18%, signal=37%	
HP_LATERAL_VENTRICLE_DILATATION	HP_LATERAL_VENTRICLE_DILATATION		80	-0.33484396	-1.5169592	0.007894737	0.25746986	1.0	3526	tags=31%, list=23%, signal=41%	
GOBP_REGULATION_OF_PROTEIN_CATABOLIC_PROCESS	GOBP_REGULATION_OF_PROTEIN_CATABOLIC_PROCESS		321	-0.26939926	-1.5166205	0.0	0.2573999	1.0	3440	tags=29%, list=23%, signal=37%	
HP_CEREBELLAR_DYSPLASIA	HP_CEREBELLAR_DYSPLASIA		22	-0.44107497	-1.5158225	0.033707865	0.25813016	1.0	3629	tags=50%, list=24%, signal=66%	
HP_RETINAL_DETACHMENT	HP_RETINAL_DETACHMENT		98	-0.32061583	-1.514924	0.0057471264	0.25915164	1.0	2772	tags=29%, list=18%, signal=35%	
GOBP_MACROAUTOPHAGY	GOBP_MACROAUTOPHAGY		351	-0.2640058	-1.514871	0.0	0.25859475	1.0	4155	tags=35%, list=27%, signal=48%	
GOBP_INTRINSIC_APOPTOTIC_SIGNALING_PATHWAY_IN_RESPONSE_TO_ENDOPLASMIC_RETICULUM_STRESS	GOBP_INTRINSIC_APOPTOTIC_SIGNALING_PATHWAY_IN_RESPONSE_TO_ENDOPLASMIC_RETICULUM_STRESS		52	-0.36446482	-1.5140778	0.016509434	0.25923693	1.0	3512	tags=40%, list=23%, signal=52%	
GOCC_DENDRITIC_SHAFT	GOCC_DENDRITIC_SHAFT		39	-0.38732073	-1.5131468	0.028103044	0.2602422	1.0	2192	tags=31%, list=15%, signal=36%	
HP_BILATERAL_TONIC_CLONIC_SEIZURE_WITH_FOCAL_ONSET	HP_BILATERAL_TONIC_CLONIC_SEIZURE_WITH_FOCAL_ONSET		44	-0.37303227	-1.5130304	0.027363185	0.25979385	1.0	4649	tags=55%, list=31%, signal=79%	
HP_DISPLACEMENT_OF_THE_URETHRAL_MEATUS	HP_DISPLACEMENT_OF_THE_URETHRAL_MEATUS		355	-0.2679642	-1.512974	0.0	0.2592661	1.0	3205	tags=30%, list=21%, signal=38%	
HP_LARYNGOMALACIA	HP_LARYNGOMALACIA		78	-0.3325896	-1.5128485	0.016949153	0.25884947	1.0	3926	tags=44%, list=26%, signal=59%	
GOCC_SMN_SM_PROTEIN_COMPLEX	GOCC_SMN_SM_PROTEIN_COMPLEX		16	-0.4936974	-1.5125397	0.057268724	0.25866592	1.0	1870	tags=38%, list=12%, signal=43%	
GOBP_TRANSCRIPTION_BY_RNA_POLYMERASE_I	GOBP_TRANSCRIPTION_BY_RNA_POLYMERASE_I		63	-0.34901282	-1.5120932	0.013227513	0.25885138	1.0	3224	tags=29%, list=21%, signal=36%	
GOBP_REGULATION_OF_CARBOHYDRATE_CATABOLIC_PROCESS	GOBP_REGULATION_OF_CARBOHYDRATE_CATABOLIC_PROCESS		56	-0.3516077	-1.5117729	0.015267176	0.25877634	1.0	3287	tags=34%, list=22%, signal=43%	
HP_EXOSTOSES	HP_EXOSTOSES		17	-0.48387745	-1.5115801	0.055201698	0.25844014	1.0	4147	tags=47%, list=27%, signal=65%	
HP_NEOPLASM_OF_THE_COLON	HP_NEOPLASM_OF_THE_COLON		63	-0.34291092	-1.5114267	0.023195876	0.2580377	1.0	2800	tags=38%, list=19%, signal=47%	
HP_ABNORMAL_HAIR_PATTERN	HP_ABNORMAL_HAIR_PATTERN		327	-0.2717844	-1.510307	0.0	0.25922182	1.0	3560	tags=32%, list=24%, signal=41%	
GOCC_HETEROCHROMATIN	GOCC_HETEROCHROMATIN		75	-0.33601823	-1.5092988	0.020833334	0.26027265	1.0	1631	tags=21%, list=11%, signal=24%	
HP_TRUNCAL_ATAXIA	HP_TRUNCAL_ATAXIA		69	-0.3421283	-1.5088366	0.02173913	0.26039678	1.0	1614	tags=23%, list=11%, signal=26%	
GOBP_DEVELOPMENTAL_PIGMENTATION	GOBP_DEVELOPMENTAL_PIGMENTATION		42	-0.38189447	-1.5075544	0.023640662	0.26205698	1.0	4599	tags=62%, list=30%, signal=89%	
GOBP_MAINTENANCE_OF_CELL_NUMBER	GOBP_MAINTENANCE_OF_CELL_NUMBER		164	-0.29451725	-1.5071259	0.0	0.26221108	1.0	4342	tags=37%, list=29%, signal=52%	
HP_DEEP_PALMAR_CREASE	HP_DEEP_PALMAR_CREASE		28	-0.4158687	-1.506933	0.034642033	0.26190832	1.0	1444	tags=25%, list=10%, signal=28%	
HP_FLOPPY_INFANT	HP_FLOPPY_INFANT		167	-0.28814182	-1.5063683	0.0029850747	0.26234657	1.0	3560	tags=32%, list=24%, signal=42%	
HP_INAPPROPRIATE_LAUGHTER	HP_INAPPROPRIATE_LAUGHTER		32	-0.41636902	-1.5060457	0.028708134	0.26223147	1.0	1553	tags=25%, list=10%, signal=28%	
GOBP_RHO_PROTEIN_SIGNAL_TRANSDUCTION	GOBP_RHO_PROTEIN_SIGNAL_TRANSDUCTION		128	-0.3020371	-1.5047938	0.0	0.26366186	1.0	3658	tags=35%, list=24%, signal=46%	
GOBP_REGULATION_OF_PROTEIN_CONTAINING_COMPLEX_ASSEMBLY	GOBP_REGULATION_OF_PROTEIN_CONTAINING_COMPLEX_ASSEMBLY		377	-0.26113757	-1.5047535	0.0	0.26311475	1.0	3512	tags=31%, list=23%, signal=40%	
HP_SHORT_THUMB	HP_SHORT_THUMB		112	-0.31255096	-1.50449	0.006116208	0.26295123	1.0	3205	tags=34%, list=21%, signal=43%	
GOBP_POSITIVE_REGULATION_OF_AUTOPHAGY_OF_MITOCHONDRION	GOBP_POSITIVE_REGULATION_OF_AUTOPHAGY_OF_MITOCHONDRION		25	-0.42659387	-1.5025578	0.03678161	0.2657376	1.0	4665	tags=56%, list=31%, signal=81%	
GOBP_NUCLEAR_MIGRATION	GOBP_NUCLEAR_MIGRATION		26	-0.42772764	-1.5023208	0.03117506	0.26553908	1.0	2908	tags=35%, list=19%, signal=43%	
GOBP_POSITIVE_REGULATION_OF_NUCLEOTIDE_METABOLIC_PROCESS	GOBP_POSITIVE_REGULATION_OF_NUCLEOTIDE_METABOLIC_PROCESS		34	-0.406019	-1.5022621	0.037406486	0.26501963	1.0	3287	tags=44%, list=22%, signal=56%	
GOMF_CERAMIDE_BINDING	GOMF_CERAMIDE_BINDING		16	-0.48153678	-1.5017073	0.052301254	0.26537883	1.0	3638	tags=56%, list=24%, signal=74%	
HP_ABNORMALLY_FOLDED_HELIX	HP_ABNORMALLY_FOLDED_HELIX		87	-0.32012114	-1.501383	0.0076726344	0.26541427	1.0	4201	tags=46%, list=28%, signal=63%	
GOMF_2_OXOGLUTARATE_DEPENDENT_DIOXYGENASE_ACTIVITY	GOMF_2_OXOGLUTARATE_DEPENDENT_DIOXYGENASE_ACTIVITY		50	-0.3697348	-1.501339	0.0325	0.2648723	1.0	3133	tags=32%, list=21%, signal=40%	
GOMF_FIBROBLAST_GROWTH_FACTOR_BINDING	GOMF_FIBROBLAST_GROWTH_FACTOR_BINDING		19	-0.46294922	-1.5010418	0.0523918	0.26477492	1.0	1459	tags=32%, list=10%, signal=35%	
GOBP_CLATHRIN_DEPENDENT_ENDOCYTOSIS	GOBP_CLATHRIN_DEPENDENT_ENDOCYTOSIS		46	-0.37517777	-1.5002874	0.014527845	0.2655706	1.0	3225	tags=37%, list=21%, signal=47%	
HP_GENERALIZED_HYPOPIGMENTATION	HP_GENERALIZED_HYPOPIGMENTATION		29	-0.40826258	-1.4995327	0.040189125	0.26626012	1.0	3829	tags=59%, list=25%, signal=78%	
GOCC_SYNAPTIC_MEMBRANE	GOCC_SYNAPTIC_MEMBRANE		395	-0.26297227	-1.4990343	0.0	0.2665501	1.0	2768	tags=28%, list=18%, signal=33%	
HP_ABNORMAL_SOFT_PALATE_MORPHOLOGY	HP_ABNORMAL_SOFT_PALATE_MORPHOLOGY		242	-0.27473006	-1.4987533	0.0	0.2663665	1.0	3310	tags=32%, list=22%, signal=40%	
GOCC_SPLICEOSOMAL_COMPLEX	GOCC_SPLICEOSOMAL_COMPLEX		175	-0.29307604	-1.4981806	0.0	0.2666979	1.0	4319	tags=35%, list=29%, signal=49%	
GOMF_HISTONE_MODIFYING_ACTIVITY	GOMF_HISTONE_MODIFYING_ACTIVITY		158	-0.29379553	-1.4977938	0.0030674846	0.26683006	1.0	3613	tags=32%, list=24%, signal=42%	
HP_TOE_JOINT_CONTRACTURE	HP_TOE_JOINT_CONTRACTURE		29	-0.40386292	-1.4969491	0.04185022	0.26769432	1.0	1958	tags=34%, list=13%, signal=40%	
GOCC_ENDONUCLEASE_COMPLEX	GOCC_ENDONUCLEASE_COMPLEX		37	-0.38991192	-1.4969262	0.035377357	0.26711217	1.0	3981	tags=38%, list=26%, signal=51%	
GOBP_LATE_ENDOSOME_TO_VACUOLE_TRANSPORT	GOBP_LATE_ENDOSOME_TO_VACUOLE_TRANSPORT		34	-0.3874916	-1.4966397	0.035128806	0.26695615	1.0	3816	tags=44%, list=25%, signal=59%	
HP_UNSTEADY_GAIT	HP_UNSTEADY_GAIT		172	-0.28576997	-1.4960346	0.0028653296	0.2673703	1.0	4283	tags=42%, list=28%, signal=58%	
HP_ABNORMAL_SCALP_MORPHOLOGY	HP_ABNORMAL_SCALP_MORPHOLOGY		403	-0.261443	-1.4955876	0.0	0.26752862	1.0	3571	tags=32%, list=24%, signal=40%	
HP_PROTEIN_LOSING_ENTEROPATHY	HP_PROTEIN_LOSING_ENTEROPATHY		16	-0.4967848	-1.4955631	0.051685393	0.26694942	1.0	1904	tags=38%, list=13%, signal=43%	
GOBP_RETROGRADE_TRANSPORT_ENDOSOME_TO_GOLGI	GOBP_RETROGRADE_TRANSPORT_ENDOSOME_TO_GOLGI		97	-0.31580883	-1.4951655	0.015957447	0.2670226	1.0	5180	tags=51%, list=34%, signal=76%	
GOCC_U2_SNRNP	GOCC_U2_SNRNP		26	-0.42877886	-1.4941577	0.047732696	0.26823243	1.0	2444	tags=31%, list=16%, signal=37%	
GOBP_ENDOPLASMIC_RETICULUM_ORGANIZATION	GOBP_ENDOPLASMIC_RETICULUM_ORGANIZATION		91	-0.32154235	-1.4940757	0.023809524	0.26772687	1.0	4388	tags=42%, list=29%, signal=58%	
GOBP_POSITIVE_REGULATION_OF_PROTEIN_CATABOLIC_PROCESS	GOBP_POSITIVE_REGULATION_OF_PROTEIN_CATABOLIC_PROCESS		185	-0.28399372	-1.492862	0.008902078	0.26928034	1.0	3431	tags=29%, list=23%, signal=37%	
GOCC_U5_SNRNP	GOCC_U5_SNRNP		18	-0.47074437	-1.4928098	0.05491991	0.26878023	1.0	2757	tags=39%, list=18%, signal=48%	
GOBP_REGULATION_OF_LYSOSOMAL_LUMEN_PH	GOBP_REGULATION_OF_LYSOSOMAL_LUMEN_PH		29	-0.41519535	-1.4911667	0.03448276	0.27110842	1.0	4425	tags=41%, list=29%, signal=58%	
HP_PROMINENT_DIGIT_PAD	HP_PROMINENT_DIGIT_PAD		45	-0.37105855	-1.4903864	0.024691358	0.2718732	1.0	3333	tags=36%, list=22%, signal=45%	
HP_INTERRUPTED_AORTIC_ARCH	HP_INTERRUPTED_AORTIC_ARCH		19	-0.46586862	-1.4900364	0.03926097	0.27191237	1.0	738	tags=26%, list=5%, signal=28%	
HP_EPILEPTIC_AURA	HP_EPILEPTIC_AURA		19	-0.4681865	-1.4884379	0.04009434	0.27424642	1.0	2913	tags=42%, list=19%, signal=52%	
GOBP_PROTEIN_ACETYLATION	GOBP_PROTEIN_ACETYLATION		33	-0.40379438	-1.4873843	0.047169812	0.27557617	1.0	3181	tags=42%, list=21%, signal=54%	
HP_HORSESHOE_KIDNEY	HP_HORSESHOE_KIDNEY		137	-0.29583406	-1.4871861	0.0028653296	0.27528378	1.0	3205	tags=34%, list=21%, signal=42%	
GOBP_RRNA_CATABOLIC_PROCESS	GOBP_RRNA_CATABOLIC_PROCESS		15	-0.49825612	-1.4869732	0.04895105	0.27502662	1.0	2893	tags=33%, list=19%, signal=41%	
HP_EXPRESSIVE_LANGUAGE_DELAY	HP_EXPRESSIVE_LANGUAGE_DELAY		48	-0.36520725	-1.4852164	0.026252983	0.27774954	1.0	3795	tags=44%, list=25%, signal=58%	
HP_NONIMMUNE_HYDROPS_FETALIS	HP_NONIMMUNE_HYDROPS_FETALIS		62	-0.34764954	-1.4851025	0.014457831	0.27733755	1.0	3205	tags=39%, list=21%, signal=49%	
GOMF_NUCLEOSOME_BINDING	GOMF_NUCLEOSOME_BINDING		62	-0.33667853	-1.484705	0.02278481	0.27739498	1.0	5218	tags=44%, list=35%, signal=66%	
HP_EEG_WITH_GENERALIZED_EPILEPTIFORM_DISCHARGES	HP_EEG_WITH_GENERALIZED_EPILEPTIFORM_DISCHARGES		242	-0.27361566	-1.4838623	0.0	0.27837104	1.0	4242	tags=37%, list=28%, signal=51%	
HP_BABINSKI_SIGN	HP_BABINSKI_SIGN		268	-0.27116415	-1.4836186	0.0	0.27825457	1.0	4010	tags=35%, list=27%, signal=47%	
GOBP_ENDOSOMAL_TRANSPORT	GOBP_ENDOSOMAL_TRANSPORT		278	-0.2683756	-1.4828846	0.0	0.2790264	1.0	3868	tags=32%, list=26%, signal=43%	
HP_MACRODONTIA	HP_MACRODONTIA		26	-0.42078447	-1.4822748	0.05032823	0.2794777	1.0	4163	tags=58%, list=28%, signal=79%	
HP_FOOT_JOINT_CONTRACTURE	HP_FOOT_JOINT_CONTRACTURE		133	-0.29912868	-1.4814091	0.010638298	0.28043967	1.0	2719	tags=29%, list=18%, signal=35%	
HP_PRIMITIVE_NEUROECTODERMAL_TUMOR	HP_PRIMITIVE_NEUROECTODERMAL_TUMOR		50	-0.36075604	-1.4813303	0.019704433	0.27993476	1.0	2911	tags=36%, list=19%, signal=44%	
GOCC_CELL_SUBSTRATE_JUNCTION	GOCC_CELL_SUBSTRATE_JUNCTION		385	-0.25847727	-1.4809722	0.0	0.28003317	1.0	3265	tags=28%, list=22%, signal=35%	
HP_FOCAL_ONSET_SEIZURE	HP_FOCAL_ONSET_SEIZURE		301	-0.2647048	-1.4807711	0.0	0.2797741	1.0	4301	tags=37%, list=28%, signal=51%	
HP_EXCESSIVE_SALIVATION	HP_EXCESSIVE_SALIVATION		151	-0.28925598	-1.4800324	0.0	0.28048372	1.0	3438	tags=30%, list=23%, signal=39%	
HP_SLENDER_BUILD	HP_SLENDER_BUILD		28	-0.41241944	-1.4798064	0.035545025	0.28029534	1.0	2796	tags=39%, list=19%, signal=48%	
GOBP_DEPHOSPHORYLATION	GOBP_DEPHOSPHORYLATION		129	-0.3015847	-1.4797051	0.0	0.27988294	1.0	2922	tags=31%, list=19%, signal=38%	
GOBP_GLUTAMATE_SECRETION	GOBP_GLUTAMATE_SECRETION		26	-0.41773036	-1.47948	0.05	0.27966967	1.0	4001	tags=46%, list=26%, signal=63%	
GOBP_POSITIVE_REGULATION_OF_WNT_SIGNALING_PATHWAY	GOBP_POSITIVE_REGULATION_OF_WNT_SIGNALING_PATHWAY		130	-0.29250866	-1.4794726	0.0	0.27907753	1.0	3872	tags=38%, list=26%, signal=50%	
GOBP_REGULATION_OF_SYNAPSE_MATURATION	GOBP_REGULATION_OF_SYNAPSE_MATURATION		24	-0.42213053	-1.4792008	0.047381546	0.27893874	1.0	4341	tags=42%, list=29%, signal=58%	
GOBP_REGULATION_OF_MRNA_METABOLIC_PROCESS	GOBP_REGULATION_OF_MRNA_METABOLIC_PROCESS		257	-0.2726843	-1.4786595	0.0033898305	0.2793335	1.0	4399	tags=42%, list=29%, signal=58%	
GOBP_DICARBOXYLIC_ACID_TRANSPORT	GOBP_DICARBOXYLIC_ACID_TRANSPORT		90	-0.31500912	-1.4782915	0.013020833	0.27939203	1.0	3220	tags=34%, list=21%, signal=44%	
GOBP_REGULATION_OF_RNA_SPLICING	GOBP_REGULATION_OF_RNA_SPLICING		164	-0.28828564	-1.4777646	0.011940299	0.279728	1.0	4920	tags=46%, list=33%, signal=68%	
HP_PREAURICULAR_SKIN_TAG	HP_PREAURICULAR_SKIN_TAG		75	-0.32810616	-1.4773365	0.018518519	0.27997333	1.0	3653	tags=33%, list=24%, signal=44%	
GOMF_AMINO_ACID_TRANSMEMBRANE_TRANSPORTER_ACTIVITY	GOMF_AMINO_ACID_TRANSMEMBRANE_TRANSPORTER_ACTIVITY		83	-0.32570678	-1.476539	0.013623978	0.28082407	1.0	2487	tags=24%, list=16%, signal=29%	
GOBP_CONVERGENT_EXTENSION	GOBP_CONVERGENT_EXTENSION		15	-0.48510724	-1.4765387	0.05321508	0.28022528	1.0	1405	tags=27%, list=9%, signal=29%	
GOMF_HISTONE_H3_READER_ACTIVITY	GOMF_HISTONE_H3_READER_ACTIVITY		48	-0.36658	-1.4762164	0.035714287	0.28022176	1.0	4009	tags=48%, list=27%, signal=65%	
GOBP_POSITIVE_REGULATION_OF_STEM_CELL_POPULATION_MAINTENANCE	GOBP_POSITIVE_REGULATION_OF_STEM_CELL_POPULATION_MAINTENANCE		41	-0.37613958	-1.4762162	0.047263682	0.27962682	1.0	2446	tags=29%, list=16%, signal=35%	
GOMF_RIBOSOME_BINDING	GOMF_RIBOSOME_BINDING		106	-0.30378366	-1.4761244	0.00867052	0.2792056	1.0	3935	tags=36%, list=26%, signal=48%	
GOBP_ORGANELLE_TRANSPORT_ALONG_MICROTUBULE	GOBP_ORGANELLE_TRANSPORT_ALONG_MICROTUBULE		83	-0.31982243	-1.4757785	0.012886598	0.27917752	1.0	2360	tags=25%, list=16%, signal=30%	
GOBP_TOR_SIGNALING	GOBP_TOR_SIGNALING		154	-0.28907558	-1.4755987	0.003003003	0.27888206	1.0	4300	tags=37%, list=28%, signal=51%	
GOMF_SODIUM_CHANNEL_REGULATOR_ACTIVITY	GOMF_SODIUM_CHANNEL_REGULATOR_ACTIVITY		34	-0.3838646	-1.4748847	0.03773585	0.2795457	1.0	2381	tags=29%, list=16%, signal=35%	
GOCC_NEURON_PROJECTION_TERMINUS	GOCC_NEURON_PROJECTION_TERMINUS		116	-0.3052297	-1.4745153	0.013888889	0.27964953	1.0	1485	tags=19%, list=10%, signal=21%	
HP_EXODEVIATION	HP_EXODEVIATION		111	-0.30543354	-1.4743717	0.00877193	0.27932048	1.0	4622	tags=43%, list=31%, signal=62%	
GOCC_PRESPLICEOSOME	GOCC_PRESPLICEOSOME		17	-0.4662832	-1.4742495	0.052009456	0.27901405	1.0	3358	tags=41%, list=22%, signal=53%	
GOBP_GLYCOLIPID_BIOSYNTHETIC_PROCESS	GOBP_GLYCOLIPID_BIOSYNTHETIC_PROCESS		70	-0.33110005	-1.4737647	0.013404826	0.279332	1.0	2172	tags=27%, list=14%, signal=32%	
GOBP_POSITIVE_REGULATION_OF_PROTEIN_CONTAINING_COMPLEX_ASSEMBLY	GOBP_POSITIVE_REGULATION_OF_PROTEIN_CONTAINING_COMPLEX_ASSEMBLY		179	-0.28311267	-1.4728703	0.0030959751	0.28041726	1.0	3561	tags=36%, list=24%, signal=46%	
GOMF_CYCLIN_BINDING	GOMF_CYCLIN_BINDING		30	-0.4064884	-1.472524	0.03521127	0.28049958	1.0	2302	tags=30%, list=15%, signal=35%	
GOBP_POSITIVE_REGULATION_OF_MRNA_METABOLIC_PROCESS	GOBP_POSITIVE_REGULATION_OF_MRNA_METABOLIC_PROCESS		119	-0.3017585	-1.472451	0.010989011	0.28004938	1.0	3442	tags=35%, list=23%, signal=45%	
GOMF_MODIFICATION_DEPENDENT_PROTEIN_BINDING	GOMF_MODIFICATION_DEPENDENT_PROTEIN_BINDING		125	-0.2972034	-1.4718009	0.0056818184	0.28061953	1.0	4097	tags=38%, list=27%, signal=52%	
GOBP_NEGATIVE_REGULATION_OF_NUCLEOTIDE_METABOLIC_PROCESS	GOBP_NEGATIVE_REGULATION_OF_NUCLEOTIDE_METABOLIC_PROCESS		23	-0.4238134	-1.4714863	0.05361305	0.28062758	1.0	4503	tags=61%, list=30%, signal=87%	
GOMF_PHOSPHOPROTEIN_PHOSPHATASE_ACTIVITY	GOMF_PHOSPHOPROTEIN_PHOSPHATASE_ACTIVITY		238	-0.2684914	-1.4713761	0.0	0.2802926	1.0	3500	tags=32%, list=23%, signal=40%	
GOBP_CRANIAL_NERVE_DEVELOPMENT	GOBP_CRANIAL_NERVE_DEVELOPMENT		52	-0.34825537	-1.4709841	0.017994858	0.28044772	1.0	2520	tags=35%, list=17%, signal=41%	
GOBP_ESTABLISHMENT_OF_MITOCHONDRION_LOCALIZATION	GOBP_ESTABLISHMENT_OF_MITOCHONDRION_LOCALIZATION		33	-0.39303473	-1.469912	0.042821158	0.28191072	1.0	2593	tags=30%, list=17%, signal=37%	
GOMF_SYNTAXIN_BINDING	GOMF_SYNTAXIN_BINDING		51	-0.35061127	-1.4694775	0.043037973	0.28213322	1.0	3827	tags=39%, list=25%, signal=52%	
HP_DISTAL_UPPER_LIMB_MUSCLE_WEAKNESS	HP_DISTAL_UPPER_LIMB_MUSCLE_WEAKNESS		39	-0.37404275	-1.4691567	0.035971224	0.2821996	1.0	2913	tags=31%, list=19%, signal=38%	
GOBP_REGULATION_OF_NUCLEOCYTOPLASMIC_TRANSPORT	GOBP_REGULATION_OF_NUCLEOCYTOPLASMIC_TRANSPORT		112	-0.30023783	-1.4689863	0.008356546	0.28191558	1.0	3769	tags=34%, list=25%, signal=45%	
HP_ESODEVIATION	HP_ESODEVIATION		207	-0.2754623	-1.467414	0.00952381	0.28412345	1.0	4669	tags=40%, list=31%, signal=57%	
GOBP_ESTABLISHMENT_OF_PROTEIN_LOCALIZATION_TO_MEMBRANE	GOBP_ESTABLISHMENT_OF_PROTEIN_LOCALIZATION_TO_MEMBRANE		249	-0.26762152	-1.4662602	0.003076923	0.28564164	1.0	3816	tags=35%, list=25%, signal=46%	
HP_POSTERIOR_FOSSA_CYST	HP_POSTERIOR_FOSSA_CYST		17	-0.47418946	-1.4656668	0.05856833	0.28614402	1.0	4478	tags=65%, list=30%, signal=92%	
GOBP_NEGATIVE_REGULATION_OF_ENDOPLASMIC_RETICULUM_UNFOLDED_PROTEIN_RESPONSE	GOBP_NEGATIVE_REGULATION_OF_ENDOPLASMIC_RETICULUM_UNFOLDED_PROTEIN_RESPONSE		20	-0.44054082	-1.4632331	0.06872038	0.29020047	1.0	3699	tags=55%, list=24%, signal=73%	
GOBP_POSITIVE_REGULATION_OF_ERAD_PATHWAY	GOBP_POSITIVE_REGULATION_OF_ERAD_PATHWAY		18	-0.45005274	-1.4621962	0.06635071	0.29153487	1.0	2739	tags=33%, list=18%, signal=41%	
GOBP_REGULATION_OF_SECONDARY_METABOLIC_PROCESS	GOBP_REGULATION_OF_SECONDARY_METABOLIC_PROCESS		15	-0.50308573	-1.4621528	0.07343412	0.29102966	1.0	2167	tags=47%, list=14%, signal=54%	
GOBP_PERIPHERAL_NERVOUS_SYSTEM_DEVELOPMENT	GOBP_PERIPHERAL_NERVOUS_SYSTEM_DEVELOPMENT		79	-0.3170198	-1.4604611	0.020887729	0.29364195	1.0	3068	tags=32%, list=20%, signal=40%	
GOBP_REGULATION_OF_SYNAPTIC_TRANSMISSION_GLUTAMATERGIC	GOBP_REGULATION_OF_SYNAPTIC_TRANSMISSION_GLUTAMATERGIC		62	-0.33555594	-1.4603878	0.02631579	0.29315767	1.0	1977	tags=27%, list=13%, signal=31%	
GOBP_REGULATION_OF_DNA_TEMPLATED_TRANSCRIPTION_ELONGATION	GOBP_REGULATION_OF_DNA_TEMPLATED_TRANSCRIPTION_ELONGATION		91	-0.31157476	-1.4601961	0.010666667	0.2929019	1.0	3665	tags=31%, list=24%, signal=40%	
GOBP_NEGATIVE_REGULATION_OF_PROTEIN_CATABOLIC_PROCESS	GOBP_NEGATIVE_REGULATION_OF_PROTEIN_CATABOLIC_PROCESS		97	-0.30583704	-1.4584603	0.019553073	0.29573768	1.0	2628	tags=27%, list=17%, signal=32%	
GOBP_REGULATION_OF_POSTSYNAPSE_ASSEMBLY	GOBP_REGULATION_OF_POSTSYNAPSE_ASSEMBLY		42	-0.36805335	-1.4583889	0.042857144	0.295294	1.0	3549	tags=48%, list=23%, signal=62%	
GOBP_NEGATIVE_REGULATION_OF_NERVOUS_SYSTEM_DEVELOPMENT	GOBP_NEGATIVE_REGULATION_OF_NERVOUS_SYSTEM_DEVELOPMENT		120	-0.29703283	-1.4583323	0.0	0.29482928	1.0	2381	tags=30%, list=16%, signal=35%	
GOBP_VACUOLE_ORGANIZATION	GOBP_VACUOLE_ORGANIZATION		229	-0.26817158	-1.4569539	0.0032051282	0.29683214	1.0	3671	tags=31%, list=24%, signal=41%	
GOBP_REGULATION_OF_POST_TRANSLATIONAL_PROTEIN_MODIFICATION	GOBP_REGULATION_OF_POST_TRANSLATIONAL_PROTEIN_MODIFICATION		219	-0.2667603	-1.455789	0.0032051282	0.29841444	1.0	3128	tags=27%, list=21%, signal=33%	
HP_DYSPLASTIC_CORPUS_CALLOSUM	HP_DYSPLASTIC_CORPUS_CALLOSUM		43	-0.3641044	-1.4557389	0.036231883	0.2979168	1.0	4734	tags=51%, list=31%, signal=74%	
GOBP_SYNAPTIC_VESICLE_EXOCYTOSIS	GOBP_SYNAPTIC_VESICLE_EXOCYTOSIS		98	-0.30755517	-1.4552786	0.005319149	0.2982479	1.0	2942	tags=33%, list=19%, signal=40%	
GOBP_MODULATION_OF_EXCITATORY_POSTSYNAPTIC_POTENTIAL	GOBP_MODULATION_OF_EXCITATORY_POSTSYNAPTIC_POTENTIAL		43	-0.36350444	-1.454616	0.052896727	0.29891008	1.0	1838	tags=23%, list=12%, signal=26%	
HP_ABNORMAL_LEFT_ATRIUM_MORPHOLOGY	HP_ABNORMAL_LEFT_ATRIUM_MORPHOLOGY		17	-0.45942247	-1.4532732	0.05869565	0.30111632	1.0	3098	tags=47%, list=21%, signal=59%	
HP_WEBBED_NECK	HP_WEBBED_NECK		112	-0.29670715	-1.4529448	0.015243903	0.30112165	1.0	3383	tags=35%, list=22%, signal=45%	
HP_CONVEX_NASAL_RIDGE	HP_CONVEX_NASAL_RIDGE		78	-0.31873584	-1.4524113	0.01038961	0.30164337	1.0	4496	tags=41%, list=30%, signal=58%	
GOBP_POSITIVE_REGULATION_OF_RNA_SPLICING	GOBP_POSITIVE_REGULATION_OF_RNA_SPLICING		39	-0.37868258	-1.4523382	0.055023924	0.3011892	1.0	2558	tags=33%, list=17%, signal=40%	
GOBP_POSITIVE_REGULATION_OF_CATABOLIC_PROCESS	GOBP_POSITIVE_REGULATION_OF_CATABOLIC_PROCESS		474	-0.24806252	-1.4518723	0.0	0.30156237	1.0	3457	tags=29%, list=23%, signal=36%	
HP_POLYMICROGYRIA	HP_POLYMICROGYRIA		182	-0.27426642	-1.4518484	0.006535948	0.30103263	1.0	3658	tags=34%, list=24%, signal=44%	
HP_ABNORMAL_HAIR_WHORL	HP_ABNORMAL_HAIR_WHORL		31	-0.3841695	-1.4516928	0.047393367	0.30078554	1.0	4031	tags=39%, list=27%, signal=53%	
HP_INTERICTAL_EEG_ABNORMALITY	HP_INTERICTAL_EEG_ABNORMALITY		292	-0.262134	-1.4514908	0.0035211267	0.30058777	1.0	4242	tags=36%, list=28%, signal=49%	
GOCC_TRAPP_COMPLEX	GOCC_TRAPP_COMPLEX		16	-0.46453443	-1.4514668	0.06966292	0.30004632	1.0	6240	tags=81%, list=41%, signal=138%	
GOBP_REGULATION_OF_ENDOTHELIAL_CELL_DIFFERENTIATION	GOBP_REGULATION_OF_ENDOTHELIAL_CELL_DIFFERENTIATION		25	-0.4076993	-1.4512932	0.054245282	0.29981655	1.0	2505	tags=28%, list=17%, signal=34%	
GOCC_POSTSYNAPTIC_MEMBRANE	GOCC_POSTSYNAPTIC_MEMBRANE		277	-0.26330245	-1.4510291	0.0	0.29975536	1.0	2650	tags=27%, list=18%, signal=33%	
GOCC_POSTSYNAPTIC_SPECIALIZATION_MEMBRANE	GOCC_POSTSYNAPTIC_SPECIALIZATION_MEMBRANE		134	-0.29249257	-1.4508802	0.0055710305	0.29949138	1.0	2768	tags=30%, list=18%, signal=36%	
GOBP_POSITIVE_REGULATION_OF_NEURAL_PRECURSOR_CELL_PROLIFERATION	GOBP_POSITIVE_REGULATION_OF_NEURAL_PRECURSOR_CELL_PROLIFERATION		48	-0.35436666	-1.4499986	0.040669855	0.30055532	1.0	3348	tags=40%, list=22%, signal=51%	
GOBP_LIPOSACCHARIDE_METABOLIC_PROCESS	GOBP_LIPOSACCHARIDE_METABOLIC_PROCESS		95	-0.30223894	-1.448701	0.019553073	0.3023522	1.0	2278	tags=23%, list=15%, signal=27%	
HP_INFANTILE_SPASMS	HP_INFANTILE_SPASMS		137	-0.28833675	-1.4484684	0.0056338026	0.30220324	1.0	4649	tags=41%, list=31%, signal=59%	
GOMF_MRNA_3_UTR_BINDING	GOMF_MRNA_3_UTR_BINDING		91	-0.3058382	-1.447935	0.013192612	0.30260134	1.0	4335	tags=42%, list=29%, signal=58%	
GOBP_DEVELOPMENTAL_GROWTH_INVOLVED_IN_MORPHOGENESIS	GOBP_DEVELOPMENTAL_GROWTH_INVOLVED_IN_MORPHOGENESIS		216	-0.27059808	-1.447775	0.0031055901	0.30226606	1.0	2715	tags=29%, list=18%, signal=34%	
GOBP_REGULATION_OF_NEURON_PROJECTION_DEVELOPMENT	GOBP_REGULATION_OF_NEURON_PROJECTION_DEVELOPMENT		393	-0.25235718	-1.4477566	0.0	0.30172113	1.0	3111	tags=30%, list=21%, signal=36%	
HP_SHORT_CHIN	HP_SHORT_CHIN		61	-0.33767602	-1.4474372	0.025445292	0.30176914	1.0	3616	tags=31%, list=24%, signal=41%	
HP_PROXIMAL_HYPERREFLEXIA	HP_PROXIMAL_HYPERREFLEXIA		17	-0.46112987	-1.4473248	0.058951966	0.30141377	1.0	5184	tags=59%, list=34%, signal=89%	
HP_HYPEREXTENSIBILITY_OF_THE_KNEE	HP_HYPEREXTENSIBILITY_OF_THE_KNEE		36	-0.37888625	-1.4471135	0.045783132	0.3012715	1.0	566	tags=17%, list=4%, signal=17%	
HP_DELAYED_ABILITY_TO_WALK	HP_DELAYED_ABILITY_TO_WALK		279	-0.26131508	-1.4467665	0.006688963	0.30143252	1.0	4342	tags=35%, list=29%, signal=49%	
HP_TYPE_I_TRANSFERRIN_ISOFORM_PROFILE	HP_TYPE_I_TRANSFERRIN_ISOFORM_PROFILE		21	-0.43535784	-1.4463443	0.05952381	0.3017204	1.0	5533	tags=62%, list=37%, signal=98%	
GOBP_NEURON_PROJECTION_EXTENSION	GOBP_NEURON_PROJECTION_EXTENSION		152	-0.28589806	-1.4460895	0.0125	0.30163392	1.0	2715	tags=30%, list=18%, signal=37%	
GOBP_CYTOSOLIC_TRANSPORT	GOBP_CYTOSOLIC_TRANSPORT		133	-0.29031315	-1.4460127	0.0054347827	0.30121413	1.0	1698	tags=20%, list=11%, signal=22%	
GOBP_DNA_TEMPLATED_TRANSCRIPTION_TERMINATION	GOBP_DNA_TEMPLATED_TRANSCRIPTION_TERMINATION		22	-0.4381	-1.4457006	0.052511416	0.30126238	1.0	3607	tags=36%, list=24%, signal=48%	
HP_CORTICAL_DYSPLASIA	HP_CORTICAL_DYSPLASIA		49	-0.35334337	-1.4456581	0.038071066	0.3007958	1.0	3491	tags=37%, list=23%, signal=48%	
GOBP_SYNAPTIC_MEMBRANE_ADHESION	GOBP_SYNAPTIC_MEMBRANE_ADHESION		27	-0.40083113	-1.4455318	0.06308411	0.30047247	1.0	3017	tags=44%, list=20%, signal=55%	
GOBP_POSITIVE_REGULATION_OF_ORGANIC_ACID_TRANSPORT	GOBP_POSITIVE_REGULATION_OF_ORGANIC_ACID_TRANSPORT		32	-0.3921587	-1.4448994	0.048498847	0.30114633	1.0	1963	tags=31%, list=13%, signal=36%	
GOBP_UBIQUITIN_DEPENDENT_PROTEIN_CATABOLIC_PROCESS_VIA_THE_MULTIVESICULAR_BODY_SORTING_PATHWAY	GOBP_UBIQUITIN_DEPENDENT_PROTEIN_CATABOLIC_PROCESS_VIA_THE_MULTIVESICULAR_BODY_SORTING_PATHWAY		34	-0.37708366	-1.4443457	0.06410257	0.30170116	1.0	3816	tags=47%, list=25%, signal=63%	
GOMF_SNRNA_BINDING	GOMF_SNRNA_BINDING		43	-0.3583803	-1.4436103	0.047858942	0.30255973	1.0	4236	tags=37%, list=28%, signal=52%	
HP_CHOANAL_ATRESIA	HP_CHOANAL_ATRESIA		113	-0.29528862	-1.4435817	0.01690141	0.30204898	1.0	3285	tags=34%, list=22%, signal=43%	
HP_AXIAL_HYPOTONIA	HP_AXIAL_HYPOTONIA		298	-0.2572908	-1.4432714	0.0	0.30205384	1.0	3616	tags=31%, list=24%, signal=39%	
GOBP_REGULATION_OF_PROTEOLYSIS_INVOLVED_IN_PROTEIN_CATABOLIC_PROCESS	GOBP_REGULATION_OF_PROTEOLYSIS_INVOLVED_IN_PROTEIN_CATABOLIC_PROCESS		210	-0.2729178	-1.4425803	0.005988024	0.30276355	1.0	2862	tags=27%, list=19%, signal=32%	
HP_TRANSIENT_GLOBAL_AMNESIA	HP_TRANSIENT_GLOBAL_AMNESIA		17	-0.47722092	-1.4425008	0.08240534	0.3023745	1.0	2204	tags=41%, list=15%, signal=48%	
GOBP_POSITIVE_REGULATION_OF_DNA_METABOLIC_PROCESS	GOBP_POSITIVE_REGULATION_OF_DNA_METABOLIC_PROCESS		245	-0.2617176	-1.4420886	0.0	0.30258754	1.0	3759	tags=35%, list=25%, signal=45%	
HP_KINETIC_TREMOR	HP_KINETIC_TREMOR		95	-0.30415064	-1.4420674	0.020348838	0.30208156	1.0	2796	tags=23%, list=19%, signal=28%	
HP_DECREASED_TOTAL_LEUKOCYTE_COUNT	HP_DECREASED_TOTAL_LEUKOCYTE_COUNT		135	-0.28442162	-1.4420447	0.005988024	0.3015522	1.0	3265	tags=33%, list=22%, signal=41%	
GOMF_HISTONE_READER_ACTIVITY	GOMF_HISTONE_READER_ACTIVITY		73	-0.32446262	-1.4419913	0.034031413	0.3011227	1.0	4110	tags=47%, list=27%, signal=64%	
GOBP_AUTOPHAGY_OF_MITOCHONDRION	GOBP_AUTOPHAGY_OF_MITOCHONDRION		106	-0.30129033	-1.441714	0.014326648	0.30116785	1.0	4032	tags=35%, list=27%, signal=47%	
HP_LOW_HANGING_COLUMELLA	HP_LOW_HANGING_COLUMELLA		53	-0.3435542	-1.4408458	0.03809524	0.30223647	1.0	3333	tags=32%, list=22%, signal=41%	
GOCC_SNO_S_RNA_CONTAINING_RIBONUCLEOPROTEIN_COMPLEX	GOCC_SNO_S_RNA_CONTAINING_RIBONUCLEOPROTEIN_COMPLEX		22	-0.42606318	-1.4406643	0.045238096	0.30200315	1.0	5754	tags=68%, list=38%, signal=110%	
GOMF_SPHINGOLIPID_BINDING	GOMF_SPHINGOLIPID_BINDING		24	-0.42012373	-1.4403429	0.066079296	0.30199206	1.0	3638	tags=50%, list=24%, signal=66%	
GOBP_PERK_MEDIATED_UNFOLDED_PROTEIN_RESPONSE	GOBP_PERK_MEDIATED_UNFOLDED_PROTEIN_RESPONSE		21	-0.4363285	-1.4403162	0.062211983	0.3015297	1.0	1583	tags=33%, list=10%, signal=37%	
GOBP_REGULATION_OF_TRANSCRIPTION_BY_RNA_POLYMERASE_I	GOBP_REGULATION_OF_TRANSCRIPTION_BY_RNA_POLYMERASE_I		41	-0.36411005	-1.439906	0.040358745	0.3017361	1.0	4236	tags=44%, list=28%, signal=61%	
GOBP_RNA_CAPPING	GOBP_RNA_CAPPING		16	-0.4603951	-1.4395528	0.06818182	0.30186266	1.0	2602	tags=44%, list=17%, signal=53%	
GOCC_FAR_SIN_STRIPAK_COMPLEX	GOCC_FAR_SIN_STRIPAK_COMPLEX		15	-0.47931406	-1.4373479	0.07189543	0.30554715	1.0	2432	tags=47%, list=16%, signal=56%	
GOCC_SWI_SNF_SUPERFAMILY_TYPE_COMPLEX	GOCC_SWI_SNF_SUPERFAMILY_TYPE_COMPLEX		84	-0.31406996	-1.4370797	0.02962963	0.3055168	1.0	4710	tags=48%, list=31%, signal=69%	
HP_NEUROPATHIC_SPINAL_ARTHROPATHY	HP_NEUROPATHIC_SPINAL_ARTHROPATHY		20	-0.4327775	-1.4369873	0.072072074	0.30513895	1.0	4147	tags=45%, list=27%, signal=62%	
GOBP_REGULATION_OF_RHO_PROTEIN_SIGNAL_TRANSDUCTION	GOBP_REGULATION_OF_RHO_PROTEIN_SIGNAL_TRANSDUCTION		81	-0.31033444	-1.4366515	0.012953368	0.30521098	1.0	3658	tags=37%, list=24%, signal=49%	
GOBP_MACROMOLECULE_DEACYLATION	GOBP_MACROMOLECULE_DEACYLATION		35	-0.38222	-1.4364425	0.05021834	0.30507383	1.0	2208	tags=26%, list=15%, signal=30%	
HP_PERIVENTRICULAR_NODULAR_HETEROTOPIA	HP_PERIVENTRICULAR_NODULAR_HETEROTOPIA		16	-0.48417374	-1.4363192	0.074152544	0.30475244	1.0	4142	tags=50%, list=27%, signal=69%	
GOBP_POSITIVE_REGULATION_OF_PROTEOLYSIS_INVOLVED_IN_PROTEIN_CATABOLIC_PROCESS	GOBP_POSITIVE_REGULATION_OF_PROTEOLYSIS_INVOLVED_IN_PROTEIN_CATABOLIC_PROCESS		118	-0.2926256	-1.435962	0.016438356	0.3048943	1.0	2862	tags=28%, list=19%, signal=34%	
GOBP_POSITIVE_REGULATION_OF_FIBROBLAST_PROLIFERATION	GOBP_POSITIVE_REGULATION_OF_FIBROBLAST_PROLIFERATION		50	-0.3402449	-1.435886	0.028503563	0.3045278	1.0	1841	tags=22%, list=12%, signal=25%	
GOBP_REGULATION_OF_PROTEIN_UBIQUITINATION	GOBP_REGULATION_OF_PROTEIN_UBIQUITINATION		175	-0.2755765	-1.4335812	0.006116208	0.30840495	1.0	3128	tags=28%, list=21%, signal=35%	
GOBP_NEGATIVE_REGULATION_OF_NEURON_DIFFERENTIATION	GOBP_NEGATIVE_REGULATION_OF_NEURON_DIFFERENTIATION		66	-0.33144292	-1.4335644	0.028571429	0.30788818	1.0	4406	tags=45%, list=29%, signal=64%	
GOBP_GLIAL_CELL_MIGRATION	GOBP_GLIAL_CELL_MIGRATION		54	-0.33739993	-1.4335026	0.045673076	0.3074633	1.0	2341	tags=24%, list=15%, signal=28%	
HP_SPORADIC	HP_SPORADIC		73	-0.31465018	-1.4332448	0.02356021	0.3074119	1.0	3394	tags=37%, list=22%, signal=47%	
GOMF_PROTEIN_LYSINE_DEACETYLASE_ACTIVITY	GOMF_PROTEIN_LYSINE_DEACETYLASE_ACTIVITY		24	-0.41836682	-1.4326267	0.07025761	0.3081135	1.0	4059	tags=50%, list=27%, signal=68%	
GOBP_ASTROCYTE_DIFFERENTIATION	GOBP_ASTROCYTE_DIFFERENTIATION		74	-0.31028953	-1.4320331	0.036553524	0.30884165	1.0	4124	tags=45%, list=27%, signal=61%	
HP_ABNORMALITY_OF_THE_MUSCULATURE_OF_THE_HAND	HP_ABNORMALITY_OF_THE_MUSCULATURE_OF_THE_HAND		118	-0.29181248	-1.4315361	0.010204081	0.30920574	1.0	3395	tags=34%, list=22%, signal=43%	
GOBP_PROTEIN_TARGETING_TO_MITOCHONDRION	GOBP_PROTEIN_TARGETING_TO_MITOCHONDRION		103	-0.30148292	-1.4310352	0.011204482	0.30961707	1.0	4665	tags=43%, list=31%, signal=61%	
HP_POOR_SPEECH	HP_POOR_SPEECH		176	-0.27748755	-1.4309938	0.0031055901	0.30914584	1.0	3403	tags=32%, list=23%, signal=41%	
GOBP_POSITIVE_REGULATION_OF_UBIQUITIN_DEPENDENT_PROTEIN_CATABOLIC_PROCESS	GOBP_POSITIVE_REGULATION_OF_UBIQUITIN_DEPENDENT_PROTEIN_CATABOLIC_PROCESS		92	-0.30655232	-1.42932	0.018276762	0.31204346	1.0	2862	tags=28%, list=19%, signal=35%	
HP_ABNORMAL_SPINAL_CORD_PHYSIOLOGY	HP_ABNORMAL_SPINAL_CORD_PHYSIOLOGY		385	-0.25120425	-1.4290311	0.0076045627	0.31204692	1.0	4283	tags=35%, list=28%, signal=47%	
HP_ABNORMAL_PERIVENTRICULAR_WHITE_MATTER_MORPHOLOGY	HP_ABNORMAL_PERIVENTRICULAR_WHITE_MATTER_MORPHOLOGY		125	-0.29205778	-1.4284887	0.0057471264	0.31257161	1.0	3597	tags=32%, list=24%, signal=42%	
HP_RESTING_TREMOR	HP_RESTING_TREMOR		50	-0.33951104	-1.4278516	0.025125628	0.31325108	1.0	3328	tags=36%, list=22%, signal=46%	
HP_LIMB_HYPERTONIA	HP_LIMB_HYPERTONIA		144	-0.28277832	-1.4272882	0.00887574	0.31378058	1.0	4258	tags=40%, list=28%, signal=56%	
GOMF_HISTONE_H4_METHYLTRANSFERASE_ACTIVITY	GOMF_HISTONE_H4_METHYLTRANSFERASE_ACTIVITY		17	-0.46530184	-1.4267409	0.07462686	0.3143335	1.0	1935	tags=29%, list=13%, signal=34%	
GOBP_LAMELLIPODIUM_ORGANIZATION	GOBP_LAMELLIPODIUM_ORGANIZATION		83	-0.3115269	-1.426737	0.025706941	0.31379953	1.0	3795	tags=33%, list=25%, signal=43%	
GOBP_REGULATION_OF_POSTSYNAPTIC_MEMBRANE_POTENTIAL	GOBP_REGULATION_OF_POSTSYNAPTIC_MEMBRANE_POTENTIAL		128	-0.28858984	-1.4261734	0.017595308	0.31439987	1.0	1888	tags=23%, list=12%, signal=26%	
HP_WIDOW_S_PEAK	HP_WIDOW_S_PEAK		17	-0.45121607	-1.426129	0.0979021	0.31393823	1.0	1444	tags=29%, list=10%, signal=32%	
GOCC_MAIN_AXON	GOCC_MAIN_AXON		58	-0.3351078	-1.4259264	0.042079207	0.31383243	1.0	3299	tags=34%, list=22%, signal=44%	
HP_ECTRODACTYLY	HP_ECTRODACTYLY		66	-0.3249155	-1.4255188	0.031168832	0.3141266	1.0	2506	tags=29%, list=17%, signal=34%	
GOBP_PIGMENT_BIOSYNTHETIC_PROCESS	GOBP_PIGMENT_BIOSYNTHETIC_PROCESS		51	-0.34848142	-1.4254049	0.033816423	0.31379882	1.0	2197	tags=29%, list=15%, signal=34%	
HP_THICK_EYEBROW	HP_THICK_EYEBROW		139	-0.28323978	-1.4251049	0.008450705	0.31380615	1.0	3747	tags=34%, list=25%, signal=45%	
HP_APLASIA_HYPOPLASIA_AFFECTING_THE_FUNDUS	HP_APLASIA_HYPOPLASIA_AFFECTING_THE_FUNDUS		149	-0.28088588	-1.4244202	0.0029498525	0.31457546	1.0	3823	tags=36%, list=25%, signal=48%	
GOBP_REGULATION_OF_PROTEIN_IMPORT_INTO_NUCLEUS	GOBP_REGULATION_OF_PROTEIN_IMPORT_INTO_NUCLEUS		55	-0.337458	-1.4242231	0.03960396	0.31446037	1.0	2475	tags=27%, list=16%, signal=32%	
HP_ATRESIA_OF_THE_EXTERNAL_AUDITORY_CANAL	HP_ATRESIA_OF_THE_EXTERNAL_AUDITORY_CANAL		55	-0.34151047	-1.4233112	0.046296295	0.31576964	1.0	3285	tags=33%, list=22%, signal=42%	
HP_PORENCEPHALIC_CYST	HP_PORENCEPHALIC_CYST		26	-0.41567963	-1.4232616	0.0744921	0.3153441	1.0	1330	tags=23%, list=9%, signal=25%	
HP_COLOBOMA	HP_COLOBOMA		221	-0.2689321	-1.4232337	0.00990099	0.3148585	1.0	3403	tags=33%, list=23%, signal=42%	
HP_SPONDYLOEPIMETAPHYSEAL_DYSPLASIA	HP_SPONDYLOEPIMETAPHYSEAL_DYSPLASIA		17	-0.45395866	-1.4226913	0.085365854	0.3154543	1.0	4216	tags=59%, list=28%, signal=81%	
GOBP_LENS_FIBER_CELL_DIFFERENTIATION	GOBP_LENS_FIBER_CELL_DIFFERENTIATION		30	-0.3859648	-1.4224064	0.06772009	0.31553778	1.0	2925	tags=37%, list=19%, signal=45%	
HP_THYROID_CARCINOMA	HP_THYROID_CARCINOMA		40	-0.36076355	-1.4222939	0.058139537	0.31526455	1.0	2777	tags=33%, list=18%, signal=40%	
HP_DIMINISHED_MOVEMENT	HP_DIMINISHED_MOVEMENT		67	-0.32811916	-1.42169	0.042105265	0.3158959	1.0	4128	tags=42%, list=27%, signal=57%	
GOBP_POSITIVE_REGULATION_OF_D_GLUCOSE_TRANSMEMBRANE_TRANSPORT	GOBP_POSITIVE_REGULATION_OF_D_GLUCOSE_TRANSMEMBRANE_TRANSPORT		37	-0.37285024	-1.4216204	0.055023924	0.31549305	1.0	3152	tags=32%, list=21%, signal=41%	
GOBP_PRESYNAPTIC_MODULATION_OF_CHEMICAL_SYNAPTIC_TRANSMISSION	GOBP_PRESYNAPTIC_MODULATION_OF_CHEMICAL_SYNAPTIC_TRANSMISSION		37	-0.35893077	-1.419146	0.055813953	0.31981215	1.0	2623	tags=35%, list=17%, signal=42%	
GOBP_PIGMENT_GRANULE_ORGANIZATION	GOBP_PIGMENT_GRANULE_ORGANIZATION		39	-0.35967726	-1.4186426	0.058139537	0.32028523	1.0	4599	tags=51%, list=30%, signal=74%	
GOCC_SCHAFFER_COLLATERAL_CA1_SYNAPSE	GOCC_SCHAFFER_COLLATERAL_CA1_SYNAPSE		86	-0.31195524	-1.4179838	0.016260162	0.32106006	1.0	3194	tags=35%, list=21%, signal=44%	
HP_ABNORMALITY_OF_DNA_REPAIR	HP_ABNORMALITY_OF_DNA_REPAIR		18	-0.44625756	-1.4174236	0.06428572	0.32163414	1.0	3	tags=6%, list=0%, signal=6%	
GOBP_TRNA_METABOLIC_PROCESS	GOBP_TRNA_METABOLIC_PROCESS		189	-0.27035424	-1.4168828	0.012158055	0.3222003	1.0	2893	tags=24%, list=19%, signal=29%	
GOBP_REGULATION_OF_POSTSYNAPTIC_MEMBRANE_NEUROTRANSMITTER_RECEPTOR_LEVELS	GOBP_REGULATION_OF_POSTSYNAPTIC_MEMBRANE_NEUROTRANSMITTER_RECEPTOR_LEVELS		108	-0.2989723	-1.4167583	0.01977401	0.32193634	1.0	3112	tags=31%, list=21%, signal=38%	
HP_ABNORMAL_TONGUE_PHYSIOLOGY	HP_ABNORMAL_TONGUE_PHYSIOLOGY		86	-0.30380744	-1.4166034	0.023376623	0.32166508	1.0	3007	tags=30%, list=20%, signal=38%	
GOMF_TRANSCRIPTION_COREGULATOR_ACTIVITY	GOMF_TRANSCRIPTION_COREGULATOR_ACTIVITY		451	-0.24578254	-1.4158926	0.0	0.32252872	1.0	3326	tags=29%, list=22%, signal=36%	
GOMF_ATP_DEPENDENT_CHROMATIN_REMODELER_ACTIVITY	GOMF_ATP_DEPENDENT_CHROMATIN_REMODELER_ACTIVITY		18	-0.44853398	-1.4157193	0.07239819	0.32235268	1.0	5183	tags=67%, list=34%, signal=101%	
HP_PETERS_ANOMALY	HP_PETERS_ANOMALY		23	-0.4127319	-1.4150383	0.07621247	0.32319126	1.0	3393	tags=39%, list=22%, signal=50%	
GOBP_NEURONAL_STEM_CELL_POPULATION_MAINTENANCE	GOBP_NEURONAL_STEM_CELL_POPULATION_MAINTENANCE		22	-0.43021455	-1.4146928	0.06388206	0.3233288	1.0	5234	tags=55%, list=35%, signal=83%	
HP_HYPOPLASTIC_FINGERNAIL	HP_HYPOPLASTIC_FINGERNAIL		45	-0.3540555	-1.414454	0.053333335	0.32326686	1.0	3349	tags=42%, list=22%, signal=54%	
GOBP_PEPTIDYL_LYSINE_MODIFICATION	GOBP_PEPTIDYL_LYSINE_MODIFICATION		107	-0.29458308	-1.4144251	0.019886363	0.3227989	1.0	3181	tags=29%, list=21%, signal=36%	
GOBP_ESTABLISHMENT_OF_PROTEIN_LOCALIZATION_TO_MITOCHONDRIAL_MEMBRANE	GOBP_ESTABLISHMENT_OF_PROTEIN_LOCALIZATION_TO_MITOCHONDRIAL_MEMBRANE		31	-0.39097553	-1.4135224	0.0691358	0.32408616	1.0	3598	tags=42%, list=24%, signal=55%	
HP_CAVUM_SEPTUM_PELLUCIDUM	HP_CAVUM_SEPTUM_PELLUCIDUM		29	-0.38469154	-1.413488	0.0623608	0.32363898	1.0	5335	tags=59%, list=35%, signal=90%	
HP_NEOPLASM_OF_THE_LARGE_INTESTINE	HP_NEOPLASM_OF_THE_LARGE_INTESTINE		89	-0.3029556	-1.413173	0.024324324	0.32373405	1.0	3223	tags=36%, list=21%, signal=45%	
HP_FUNCTIONAL_MOTOR_DEFICIT	HP_FUNCTIONAL_MOTOR_DEFICIT		274	-0.25218892	-1.4128178	0.0031347962	0.32395756	1.0	3821	tags=32%, list=25%, signal=43%	
GOBP_PROTEIN_TARGETING_TO_VACUOLE	GOBP_PROTEIN_TARGETING_TO_VACUOLE		41	-0.35488966	-1.4126294	0.046683047	0.32384598	1.0	1588	tags=24%, list=11%, signal=27%	
GOMF_VOLTAGE_GATED_CALCIUM_CHANNEL_ACTIVITY	GOMF_VOLTAGE_GATED_CALCIUM_CHANNEL_ACTIVITY		34	-0.3777364	-1.4124249	0.05412371	0.32371074	1.0	1909	tags=29%, list=13%, signal=34%	
GOCC_U1_SNRNP	GOCC_U1_SNRNP		18	-0.4435326	-1.4117614	0.094736844	0.32454592	1.0	3358	tags=44%, list=22%, signal=57%	
HP_NEOPLASM_OF_THE_GENITOURINARY_TRACT	HP_NEOPLASM_OF_THE_GENITOURINARY_TRACT		179	-0.27215976	-1.411554	0.0091743115	0.3244711	1.0	3223	tags=32%, list=21%, signal=41%	
GOCC_NUCLEAR_EXOSOME_RNASE_COMPLEX	GOCC_NUCLEAR_EXOSOME_RNASE_COMPLEX		16	-0.45866537	-1.4115437	0.110311754	0.32395968	1.0	3545	tags=38%, list=23%, signal=49%	
HP_ACUTE_LYMPHOBLASTIC_LEUKEMIA	HP_ACUTE_LYMPHOBLASTIC_LEUKEMIA		31	-0.374537	-1.411376	0.055309735	0.32375255	1.0	1522	tags=23%, list=10%, signal=25%	
GOBP_REGULATION_OF_GLIAL_CELL_PROLIFERATION	GOBP_REGULATION_OF_GLIAL_CELL_PROLIFERATION		30	-0.38336375	-1.4112298	0.054761905	0.3235404	1.0	2785	tags=40%, list=18%, signal=49%	
HP_INTELLECTUAL_DISABILITY_SEVERE	HP_INTELLECTUAL_DISABILITY_SEVERE		332	-0.25223884	-1.4110446	0.0074074073	0.32341683	1.0	4921	tags=43%, list=33%, signal=62%	
GOBP_SYNAPTIC_VESICLE_CYTOSKELETAL_TRANSPORT	GOBP_SYNAPTIC_VESICLE_CYTOSKELETAL_TRANSPORT		17	-0.4490636	-1.4105779	0.07359307	0.32381198	1.0	1685	tags=29%, list=11%, signal=33%	
GOCC_FIBRILLAR_CENTER	GOCC_FIBRILLAR_CENTER		152	-0.27961573	-1.4104158	0.0053333333	0.32363042	1.0	2449	tags=22%, list=16%, signal=26%	
HP_GONADAL_DYSGENESIS	HP_GONADAL_DYSGENESIS		33	-0.3691722	-1.4093729	0.052256532	0.32520303	1.0	4796	tags=45%, list=32%, signal=66%	
GOBP_CEREBELLAR_PURKINJE_CELL_LAYER_DEVELOPMENT	GOBP_CEREBELLAR_PURKINJE_CELL_LAYER_DEVELOPMENT		27	-0.396048	-1.406522	0.069711536	0.33049166	1.0	2051	tags=26%, list=14%, signal=30%	
HP_PROMINENT_OCCIPUT	HP_PROMINENT_OCCIPUT		53	-0.33260167	-1.4064747	0.03797468	0.33004922	1.0	4247	tags=43%, list=28%, signal=60%	
HP_ABNORMALITY_OF_THE_METOPIC_SUTURE	HP_ABNORMALITY_OF_THE_METOPIC_SUTURE		82	-0.3077151	-1.4064175	0.03125	0.32962188	1.0	2037	tags=22%, list=13%, signal=25%	
GOBP_RESPONSE_TO_NERVE_GROWTH_FACTOR	GOBP_RESPONSE_TO_NERVE_GROWTH_FACTOR		47	-0.34417817	-1.4063175	0.036764707	0.32930127	1.0	1090	tags=19%, list=7%, signal=21%	
GOCC_EXOSOME_RNASE_COMPLEX	GOCC_EXOSOME_RNASE_COMPLEX		21	-0.4207749	-1.4062799	0.08428246	0.32886028	1.0	3545	tags=38%, list=23%, signal=50%	
GOBP_B_CELL_APOPTOTIC_PROCESS	GOBP_B_CELL_APOPTOTIC_PROCESS		23	-0.4168707	-1.4062707	0.07038835	0.32835156	1.0	1841	tags=30%, list=12%, signal=35%	
GOMF_EXTRACELLULAR_LIGAND_GATED_MONOATOMIC_ION_CHANNEL_ACTIVITY	GOMF_EXTRACELLULAR_LIGAND_GATED_MONOATOMIC_ION_CHANNEL_ACTIVITY		60	-0.33280924	-1.4062312	0.035135135	0.32791376	1.0	1387	tags=23%, list=9%, signal=26%	
GOBP_CALCIUM_MEDIATED_SIGNALING	GOBP_CALCIUM_MEDIATED_SIGNALING		190	-0.26675105	-1.4058182	0.0031152647	0.3282167	1.0	3119	tags=31%, list=21%, signal=39%	
GOBP_INTERMEMBRANE_LIPID_TRANSFER	GOBP_INTERMEMBRANE_LIPID_TRANSFER		32	-0.37601215	-1.404838	0.07035176	0.32963943	1.0	4113	tags=47%, list=27%, signal=64%	
GOBP_NEGATIVE_REGULATION_OF_AXON_EXTENSION	GOBP_NEGATIVE_REGULATION_OF_AXON_EXTENSION		28	-0.39458728	-1.4037789	0.069196425	0.33133098	1.0	2143	tags=36%, list=14%, signal=42%	
GOBP_POSITIVE_REGULATION_OF_VASCULAR_ASSOCIATED_SMOOTH_MUSCLE_CELL_MIGRATION	GOBP_POSITIVE_REGULATION_OF_VASCULAR_ASSOCIATED_SMOOTH_MUSCLE_CELL_MIGRATION		16	-0.4463687	-1.4037198	0.08053691	0.33090526	1.0	2227	tags=31%, list=15%, signal=37%	
GOCC_TELOMERASE_HOLOENZYME_COMPLEX	GOCC_TELOMERASE_HOLOENZYME_COMPLEX		21	-0.41890985	-1.4033552	0.06623932	0.33113495	1.0	3974	tags=38%, list=26%, signal=52%	
GOBP_VIRION_ASSEMBLY	GOBP_VIRION_ASSEMBLY		32	-0.3768546	-1.4032208	0.057208236	0.33087307	1.0	3816	tags=41%, list=25%, signal=54%	
GOMF_LIGAND_GATED_SODIUM_CHANNEL_ACTIVITY	GOMF_LIGAND_GATED_SODIUM_CHANNEL_ACTIVITY		17	-0.44026753	-1.4031097	0.09421842	0.3305651	1.0	961	tags=24%, list=6%, signal=25%	
GOMF_CHROMATIN_PROTEIN_ADAPTOR_ACTIVITY	GOMF_CHROMATIN_PROTEIN_ADAPTOR_ACTIVITY		86	-0.30154935	-1.4029998	0.032828283	0.33027807	1.0	4110	tags=44%, list=27%, signal=60%	
GOBP_NEGATIVE_REGULATION_OF_NUCLEOTIDE_CATABOLIC_PROCESS	GOBP_NEGATIVE_REGULATION_OF_NUCLEOTIDE_CATABOLIC_PROCESS		17	-0.44760638	-1.4023644	0.08668076	0.33119866	1.0	945	tags=29%, list=6%, signal=31%	
GOBP_NEUROENDOCRINE_CELL_DIFFERENTIATION	GOBP_NEUROENDOCRINE_CELL_DIFFERENTIATION		17	-0.44416955	-1.4023021	0.09213483	0.33082354	1.0	2925	tags=47%, list=19%, signal=58%	
HP_ABNORMAL_NERVE_CONDUCTION_VELOCITY	HP_ABNORMAL_NERVE_CONDUCTION_VELOCITY		107	-0.29669544	-1.4018501	0.026239067	0.33128524	1.0	4796	tags=40%, list=32%, signal=58%	
HP_WIDE_NASAL_BRIDGE	HP_WIDE_NASAL_BRIDGE		453	-0.2430987	-1.4013176	0.0	0.33181357	1.0	3736	tags=33%, list=25%, signal=42%	
HP_ONION_BULB_FORMATION	HP_ONION_BULB_FORMATION		29	-0.3847652	-1.4012427	0.085253455	0.33146667	1.0	5223	tags=48%, list=35%, signal=74%	
GOBP_PROTEIN_LOCALIZATION_TO_MICROTUBULE	GOBP_PROTEIN_LOCALIZATION_TO_MICROTUBULE		17	-0.43997398	-1.4010521	0.08639309	0.3313495	1.0	1993	tags=29%, list=13%, signal=34%	
HP_TIBIAL_TORSION	HP_TIBIAL_TORSION		22	-0.4176267	-1.4010293	0.07029478	0.33087647	1.0	1944	tags=23%, list=13%, signal=26%	
GOCC_PIGMENT_GRANULE	GOCC_PIGMENT_GRANULE		100	-0.29379773	-1.3999269	0.023936171	0.33257368	1.0	3700	tags=35%, list=24%, signal=46%	
GOBP_PROTEIN_TARGETING	GOBP_PROTEIN_TARGETING		302	-0.25056514	-1.3998847	0.0065146578	0.33212742	1.0	3816	tags=33%, list=25%, signal=43%	
GOBP_REGULATION_OF_STRESS_ACTIVATED_PROTEIN_KINASE_SIGNALING_CASCADE	GOBP_REGULATION_OF_STRESS_ACTIVATED_PROTEIN_KINASE_SIGNALING_CASCADE		37	-0.35649943	-1.399736	0.06506024	0.3319691	1.0	3417	tags=38%, list=23%, signal=49%	
GOBP_REGULATION_OF_PROTEIN_SUMOYLATION	GOBP_REGULATION_OF_PROTEIN_SUMOYLATION		19	-0.43584827	-1.3994242	0.08791209	0.33210573	1.0	949	tags=21%, list=6%, signal=22%	
HP_ABNORMAL_PELVIS_BONE_MORPHOLOGY	HP_ABNORMAL_PELVIS_BONE_MORPHOLOGY		22	-0.42033356	-1.3982412	0.074235804	0.33402458	1.0	4705	tags=50%, list=31%, signal=73%	
HP_GENERALIZED_TONIC_SEIZURE	HP_GENERALIZED_TONIC_SEIZURE		52	-0.33673668	-1.3981602	0.036363635	0.33367068	1.0	3007	tags=33%, list=20%, signal=41%	
GOMF_TRANSCRIPTION_COACTIVATOR_ACTIVITY	GOMF_TRANSCRIPTION_COACTIVATOR_ACTIVITY		246	-0.25893652	-1.3980688	0.006557377	0.33333707	1.0	3175	tags=29%, list=21%, signal=36%	
HP_FEBRILE_SEIZURE_WITHIN_THE_AGE_RANGE_OF_3_MONTHS_TO_6_YEARS	HP_FEBRILE_SEIZURE_WITHIN_THE_AGE_RANGE_OF_3_MONTHS_TO_6_YEARS		130	-0.28163025	-1.3974082	0.019553073	0.33417645	1.0	4001	tags=35%, list=26%, signal=48%	
GOBP_NEURAL_CREST_CELL_DIFFERENTIATION	GOBP_NEURAL_CREST_CELL_DIFFERENTIATION		82	-0.30567628	-1.3970511	0.029925186	0.33436176	1.0	2806	tags=30%, list=19%, signal=37%	
HP_IRIS_HYPOPIGMENTATION	HP_IRIS_HYPOPIGMENTATION		56	-0.32563832	-1.3966688	0.029339854	0.33469385	1.0	3341	tags=39%, list=22%, signal=50%	
HP_ABNORMAL_MENINGEAL_MORPHOLOGY	HP_ABNORMAL_MENINGEAL_MORPHOLOGY		162	-0.2727944	-1.3959305	0.0116959065	0.335726	1.0	4611	tags=42%, list=31%, signal=60%	
GOBP_PROTEIN_HETEROTETRAMERIZATION	GOBP_PROTEIN_HETEROTETRAMERIZATION		15	-0.46791098	-1.3958238	0.09255079	0.3354358	1.0	663	tags=27%, list=4%, signal=28%	
HP_APLASIA_HYPOPLASIA_OF_THE_THUMB	HP_APLASIA_HYPOPLASIA_OF_THE_THUMB		133	-0.2814369	-1.395754	0.020833334	0.33508563	1.0	3205	tags=32%, list=21%, signal=40%	
GOCC_NEUROMUSCULAR_JUNCTION	GOCC_NEUROMUSCULAR_JUNCTION		72	-0.3119949	-1.3947985	0.045918368	0.33648688	1.0	2687	tags=29%, list=18%, signal=35%	
HP_2_3_TOE_SYNDACTYLY	HP_2_3_TOE_SYNDACTYLY		82	-0.30144647	-1.3944744	0.04032258	0.33661997	1.0	3394	tags=30%, list=22%, signal=39%	
GOBP_REGULATION_OF_CANONICAL_WNT_SIGNALING_PATHWAY	GOBP_REGULATION_OF_CANONICAL_WNT_SIGNALING_PATHWAY		228	-0.2549753	-1.3943729	0.0	0.33634138	1.0	3287	tags=31%, list=22%, signal=39%	
HP_ORAL_PHARYNGEAL_DYSPHAGIA	HP_ORAL_PHARYNGEAL_DYSPHAGIA		42	-0.348113	-1.3937471	0.05263158	0.33711755	1.0	3264	tags=36%, list=22%, signal=45%	
HP_ATONIC_SEIZURE	HP_ATONIC_SEIZURE		87	-0.30124456	-1.3937432	0.01897019	0.33661687	1.0	2921	tags=29%, list=19%, signal=35%	
HP_ABNORMAL_HEART_SOUND	HP_ABNORMAL_HEART_SOUND		28	-0.39097592	-1.3934727	0.07462686	0.33664516	1.0	1653	tags=25%, list=11%, signal=28%	
GOBP_REGULATION_OF_GLYCOLYTIC_PROCESS	GOBP_REGULATION_OF_GLYCOLYTIC_PROCESS		47	-0.3483369	-1.3933072	0.041666668	0.33649322	1.0	3540	tags=38%, list=23%, signal=50%	
HP_LOWER_LIMB_SPASTICITY	HP_LOWER_LIMB_SPASTICITY		230	-0.25740457	-1.3931773	0.0066006603	0.33626398	1.0	4872	tags=41%, list=32%, signal=60%	
GOBP_NUCLEUS_LOCALIZATION	GOBP_NUCLEUS_LOCALIZATION		30	-0.38529405	-1.3925679	0.08374384	0.33702502	1.0	2908	tags=33%, list=19%, signal=41%	
GOMF_SODIUM_CHANNEL_ACTIVITY	GOMF_SODIUM_CHANNEL_ACTIVITY		79	-0.31031007	-1.3924651	0.033419024	0.33672607	1.0	2381	tags=24%, list=16%, signal=28%	
HP_ABNORMAL_PERIPHERAL_MYELINATION	HP_ABNORMAL_PERIPHERAL_MYELINATION		97	-0.29428476	-1.3923457	0.023684211	0.33646506	1.0	3616	tags=32%, list=24%, signal=42%	
HP_TETRALOGY_OF_FALLOT	HP_TETRALOGY_OF_FALLOT		166	-0.27144662	-1.3920629	0.034285713	0.33651152	1.0	2571	tags=27%, list=17%, signal=32%	
HP_GENERALIZED_ONSET_SEIZURE	HP_GENERALIZED_ONSET_SEIZURE		306	-0.24971685	-1.3919847	0.0034013605	0.33619285	1.0	4201	tags=33%, list=28%, signal=45%	
GOBP_NEGATIVE_REGULATION_OF_CELL_DEVELOPMENT	GOBP_NEGATIVE_REGULATION_OF_CELL_DEVELOPMENT		217	-0.25889912	-1.3912336	0.0031347962	0.337193	1.0	2496	tags=26%, list=17%, signal=30%	
HP_SHIELD_CHEST	HP_SHIELD_CHEST		18	-0.4437134	-1.3912026	0.0861678	0.33674976	1.0	3068	tags=39%, list=20%, signal=49%	
GOBP_EPIGENETIC_REGULATION_OF_GENE_EXPRESSION	GOBP_EPIGENETIC_REGULATION_OF_GENE_EXPRESSION		227	-0.26251668	-1.3909847	0.00952381	0.33665553	1.0	3968	tags=36%, list=26%, signal=48%	
GOMF_TRANSLATION_FACTOR_ACTIVITY	GOMF_TRANSLATION_FACTOR_ACTIVITY		77	-0.30573237	-1.3904828	0.031088082	0.33717027	1.0	5531	tags=45%, list=37%, signal=71%	
GOBP_REGULATION_OF_ADENYLATE_CYCLASE_ACTIVATING_G_PROTEIN_COUPLED_RECEPTOR_SIGNALING_PATHWAY	GOBP_REGULATION_OF_ADENYLATE_CYCLASE_ACTIVATING_G_PROTEIN_COUPLED_RECEPTOR_SIGNALING_PATHWAY		17	-0.446406	-1.3894085	0.080091536	0.33888558	1.0	1906	tags=35%, list=13%, signal=40%	
GOBP_REGULATION_OF_CYTOPLASMIC_TRANSLATION	GOBP_REGULATION_OF_CYTOPLASMIC_TRANSLATION		35	-0.36908218	-1.3891218	0.060606062	0.33892298	1.0	3862	tags=49%, list=26%, signal=65%	
GOBP_REGULATION_OF_MRNA_PROCESSING	GOBP_REGULATION_OF_MRNA_PROCESSING		115	-0.288771	-1.3885845	0.027173912	0.3395693	1.0	4282	tags=42%, list=28%, signal=58%	
GOBP_POSITIVE_REGULATION_OF_CELL_DIVISION	GOBP_POSITIVE_REGULATION_OF_CELL_DIVISION		76	-0.30838886	-1.388382	0.035353534	0.33948833	1.0	3798	tags=30%, list=25%, signal=40%	
GOBP_NEGATIVE_REGULATION_OF_PHOSPHORUS_METABOLIC_PROCESS	GOBP_NEGATIVE_REGULATION_OF_PHOSPHORUS_METABOLIC_PROCESS		152	-0.2753638	-1.3877553	0.02346041	0.34023672	1.0	3220	tags=32%, list=21%, signal=41%	
GOBP_EMBRYONIC_CRANIAL_SKELETON_MORPHOGENESIS	GOBP_EMBRYONIC_CRANIAL_SKELETON_MORPHOGENESIS		38	-0.3618498	-1.3876796	0.060606062	0.3399076	1.0	2534	tags=26%, list=17%, signal=32%	
GOBP_PROTEIN_LOCALIZATION_TO_VACUOLE	GOBP_PROTEIN_LOCALIZATION_TO_VACUOLE		72	-0.31096062	-1.3873625	0.03960396	0.34005818	1.0	1722	tags=21%, list=11%, signal=23%	
GOMF_SMAD_BINDING	GOMF_SMAD_BINDING		65	-0.3118139	-1.3865929	0.025906736	0.34123793	1.0	4434	tags=37%, list=29%, signal=52%	
GOBP_PROTEIN_METHYLATION	GOBP_PROTEIN_METHYLATION		37	-0.36167905	-1.3862139	0.0450237	0.3414757	1.0	5236	tags=49%, list=35%, signal=74%	
GOBP_SEMAPHORIN_PLEXIN_SIGNALING_PATHWAY	GOBP_SEMAPHORIN_PLEXIN_SIGNALING_PATHWAY		43	-0.3482678	-1.3849045	0.053658538	0.34371188	1.0	2689	tags=37%, list=18%, signal=45%	
GOBP_NEUROTRANSMITTER_RECEPTOR_LOCALIZATION_TO_POSTSYNAPTIC_SPECIALIZATION_MEMBRANE	GOBP_NEUROTRANSMITTER_RECEPTOR_LOCALIZATION_TO_POSTSYNAPTIC_SPECIALIZATION_MEMBRANE		32	-0.3714422	-1.3848191	0.07339449	0.34337488	1.0	3112	tags=44%, list=21%, signal=55%	
GOBP_LYTIC_VACUOLE_ORGANIZATION	GOBP_LYTIC_VACUOLE_ORGANIZATION		106	-0.2890727	-1.3847631	0.029411765	0.34298596	1.0	3671	tags=31%, list=24%, signal=41%	
HP_PROTRUDING_TONGUE	HP_PROTRUDING_TONGUE		44	-0.34721342	-1.3839109	0.053268764	0.34424445	1.0	5460	tags=52%, list=36%, signal=82%	
HP_ABNORMAL_THALAMUS_MORPHOLOGY	HP_ABNORMAL_THALAMUS_MORPHOLOGY		42	-0.34509823	-1.3835149	0.06633907	0.3445648	1.0	3253	tags=38%, list=22%, signal=48%	
GOCC_RNA_POLYMERASE_III_COMPLEX	GOCC_RNA_POLYMERASE_III_COMPLEX		17	-0.45045513	-1.3834393	0.12085308	0.34420872	1.0	2087	tags=29%, list=14%, signal=34%	
GOBP_SYNAPSE_ASSEMBLY	GOBP_SYNAPSE_ASSEMBLY		242	-0.2559634	-1.3834184	0.003322259	0.3437578	1.0	3402	tags=33%, list=23%, signal=42%	
GOBP_NEGATIVE_REGULATION_OF_AUTOPHAGY	GOBP_NEGATIVE_REGULATION_OF_AUTOPHAGY		85	-0.30152768	-1.3832557	0.01994302	0.34358183	1.0	4278	tags=39%, list=28%, signal=54%	
HP_MOTOR_AXONAL_NEUROPATHY	HP_MOTOR_AXONAL_NEUROPATHY		36	-0.35573038	-1.3832371	0.06481481	0.34312752	1.0	3461	tags=36%, list=23%, signal=47%	
HP_INTELLECTUAL_DISABILITY_MILD	HP_INTELLECTUAL_DISABILITY_MILD		337	-0.24267174	-1.3831384	0.0	0.34284905	1.0	3754	tags=33%, list=25%, signal=43%	
GOCC_PROTON_TRANSPORTING_V_TYPE_ATPASE_COMPLEX	GOCC_PROTON_TRANSPORTING_V_TYPE_ATPASE_COMPLEX		26	-0.38994664	-1.3830836	0.070938215	0.3424798	1.0	4546	tags=58%, list=30%, signal=82%	
HP_ABNORMALITY_OF_THE_DIAPHRAGM	HP_ABNORMALITY_OF_THE_DIAPHRAGM		113	-0.28334823	-1.3830708	0.016528925	0.34201124	1.0	4205	tags=38%, list=28%, signal=52%	
HP_PARAPLEGIA_PARAPARESIS	HP_PARAPLEGIA_PARAPARESIS		215	-0.25926778	-1.3825321	0.015527951	0.34266782	1.0	2888	tags=25%, list=19%, signal=31%	
HP_IRIS_COLOBOMA	HP_IRIS_COLOBOMA		164	-0.2699196	-1.3820285	0.011331445	0.34327638	1.0	3403	tags=32%, list=23%, signal=41%	
GOBP_MYOBLAST_PROLIFERATION	GOBP_MYOBLAST_PROLIFERATION		19	-0.4378224	-1.381256	0.08685969	0.34444064	1.0	2631	tags=32%, list=17%, signal=38%	
GOBP_NUCLEOSOME_ORGANIZATION	GOBP_NUCLEOSOME_ORGANIZATION		97	-0.2938253	-1.3811393	0.02688172	0.34418425	1.0	5218	tags=45%, list=35%, signal=69%	
HP_ABNORMAL_VITREOUS_HUMOR_MORPHOLOGY	HP_ABNORMAL_VITREOUS_HUMOR_MORPHOLOGY		46	-0.33998308	-1.3803992	0.055944055	0.34527287	1.0	4662	tags=46%, list=31%, signal=66%	
HP_ABNORMAL_CIRCULATING_ALDOLASE_CONCENTRATION	HP_ABNORMAL_CIRCULATING_ALDOLASE_CONCENTRATION		24	-0.40414262	-1.3802744	0.097323604	0.34503588	1.0	3629	tags=46%, list=24%, signal=60%	
GOBP_MITOPHAGY	GOBP_MITOPHAGY		89	-0.29811436	-1.3802618	0.027918782	0.34456125	1.0	4032	tags=35%, list=27%, signal=47%	
GOBP_COGNITION	GOBP_COGNITION		277	-0.24664284	-1.3800521	0.0038461538	0.34450546	1.0	2463	tags=25%, list=16%, signal=29%	
GOBP_DOLICHOL_LINKED_OLIGOSACCHARIDE_BIOSYNTHETIC_PROCESS	GOBP_DOLICHOL_LINKED_OLIGOSACCHARIDE_BIOSYNTHETIC_PROCESS		21	-0.4251011	-1.3799486	0.07311321	0.34424374	1.0	4496	tags=48%, list=30%, signal=68%	
GOCC_PRECATALYTIC_SPLICEOSOME	GOCC_PRECATALYTIC_SPLICEOSOME		48	-0.3374433	-1.3798311	0.055421688	0.34398842	1.0	2864	tags=29%, list=19%, signal=36%	
HP_AGGRESSIVE_BEHAVIOR	HP_AGGRESSIVE_BEHAVIOR		262	-0.2517864	-1.3797942	0.0034364262	0.3435851	1.0	3440	tags=29%, list=23%, signal=37%	
HP_BRAIN_IMAGING_ABNORMALITY	HP_BRAIN_IMAGING_ABNORMALITY		148	-0.2750673	-1.3792735	0.02	0.3442431	1.0	4301	tags=37%, list=28%, signal=51%	
GOBP_NEGATIVE_REGULATION_OF_CARBOHYDRATE_METABOLIC_PROCESS	GOBP_NEGATIVE_REGULATION_OF_CARBOHYDRATE_METABOLIC_PROCESS		45	-0.34360445	-1.379167	0.042959426	0.34398317	1.0	3540	tags=38%, list=23%, signal=49%	
HP_ABSENT_SEPTUM_PELLUCIDUM	HP_ABSENT_SEPTUM_PELLUCIDUM		64	-0.31657863	-1.379143	0.036939315	0.34353787	1.0	4485	tags=45%, list=30%, signal=64%	
HP_SHUFFLING_GAIT	HP_SHUFFLING_GAIT		34	-0.35961393	-1.3782694	0.065727696	0.344854	1.0	2796	tags=35%, list=19%, signal=43%	
HP_CEREBRAL_VISUAL_IMPAIRMENT	HP_CEREBRAL_VISUAL_IMPAIRMENT		159	-0.26513082	-1.3781064	0.02173913	0.3447097	1.0	3998	tags=31%, list=26%, signal=42%	
HP_SPASTIC_TETRAPLEGIA	HP_SPASTIC_TETRAPLEGIA		107	-0.28487787	-1.3777698	0.028169014	0.34487224	1.0	2351	tags=22%, list=16%, signal=26%	
GOCC_NUCLEAR_MATRIX	GOCC_NUCLEAR_MATRIX		112	-0.28141347	-1.377724	0.024523161	0.34447527	1.0	1799	tags=20%, list=12%, signal=22%	
HP_DIAPHRAGMATIC_EVENTRATION	HP_DIAPHRAGMATIC_EVENTRATION		17	-0.43573967	-1.3760701	0.08313539	0.34729025	1.0	2058	tags=29%, list=14%, signal=34%	
GOBP_NUCLEAR_TRANSCRIBED_MRNA_CATABOLIC_PROCESS	GOBP_NUCLEAR_TRANSCRIBED_MRNA_CATABOLIC_PROCESS		112	-0.28614473	-1.3755747	0.027624309	0.34787226	1.0	3981	tags=35%, list=26%, signal=47%	
HP_INABILITY_TO_WALK	HP_INABILITY_TO_WALK		333	-0.24521446	-1.3753964	0.00754717	0.34779406	1.0	1653	tags=18%, list=11%, signal=20%	
HP_SLOWLY_PROGRESSIVE	HP_SLOWLY_PROGRESSIVE		136	-0.2748743	-1.3750674	0.025714286	0.3480058	1.0	3253	tags=29%, list=22%, signal=36%	
HP_PLAGIOCEPHALY	HP_PLAGIOCEPHALY		135	-0.2750802	-1.3750645	0.0154639175	0.3475257	1.0	3440	tags=31%, list=23%, signal=40%	
GOBP_GOLGI_TO_ENDOSOME_TRANSPORT	GOBP_GOLGI_TO_ENDOSOME_TRANSPORT		15	-0.459944	-1.3749254	0.09953704	0.3473166	1.0	5583	tags=67%, list=37%, signal=106%	
GOBP_MEMBRANE_FISSION	GOBP_MEMBRANE_FISSION		40	-0.35438085	-1.3749022	0.06712963	0.34686977	1.0	3816	tags=38%, list=25%, signal=50%	
GOBP_NEGATIVE_REGULATION_OF_PROTEIN_LOCALIZATION_TO_NUCLEUS	GOBP_NEGATIVE_REGULATION_OF_PROTEIN_LOCALIZATION_TO_NUCLEUS		37	-0.35797447	-1.3746254	0.08747045	0.34698507	1.0	3287	tags=41%, list=22%, signal=52%	
GOBP_PROTEASOME_MEDIATED_UBIQUITIN_DEPENDENT_PROTEIN_CATABOLIC_PROCESS	GOBP_PROTEASOME_MEDIATED_UBIQUITIN_DEPENDENT_PROTEIN_CATABOLIC_PROCESS		403	-0.23695011	-1.3741391	0.0	0.34751475	1.0	4097	tags=34%, list=27%, signal=45%	
GOBP_REGULATION_OF_NEURONAL_SYNAPTIC_PLASTICITY	GOBP_REGULATION_OF_NEURONAL_SYNAPTIC_PLASTICITY		53	-0.32969087	-1.3740121	0.05882353	0.34725693	1.0	1594	tags=21%, list=11%, signal=23%	
GOBP_PHOSPHATIDYLINOSITOL_3_PHOSPHATE_BIOSYNTHETIC_PROCESS	GOBP_PHOSPHATIDYLINOSITOL_3_PHOSPHATE_BIOSYNTHETIC_PROCESS		18	-0.43044528	-1.3728049	0.08986175	0.34922206	1.0	3592	tags=44%, list=24%, signal=58%	
HP_3_METHYLGLUTACONIC_ACIDURIA	HP_3_METHYLGLUTACONIC_ACIDURIA		26	-0.3914907	-1.3727986	0.090277776	0.3487604	1.0	4040	tags=42%, list=27%, signal=58%	
GOBP_NEUROTRANSMITTER_GATED_ION_CHANNEL_CLUSTERING	GOBP_NEUROTRANSMITTER_GATED_ION_CHANNEL_CLUSTERING		16	-0.4382858	-1.3725312	0.08577878	0.3487479	1.0	3733	tags=50%, list=25%, signal=66%	
GOBP_NUCLEAR_TRANSCRIBED_MRNA_CATABOLIC_PROCESS_DEADENYLATION_DEPENDENT_DECAY	GOBP_NUCLEAR_TRANSCRIBED_MRNA_CATABOLIC_PROCESS_DEADENYLATION_DEPENDENT_DECAY		49	-0.3316124	-1.3719211	0.053398058	0.34961867	1.0	3870	tags=41%, list=26%, signal=55%	
GOBP_POSITIVE_REGULATION_OF_LEUKOCYTE_APOPTOTIC_PROCESS	GOBP_POSITIVE_REGULATION_OF_LEUKOCYTE_APOPTOTIC_PROCESS		22	-0.40682563	-1.3716944	0.09633028	0.3496472	1.0	2208	tags=36%, list=15%, signal=43%	
GOCC_DENDRITE_CYTOPLASM	GOCC_DENDRITE_CYTOPLASM		27	-0.3868609	-1.3715515	0.08857809	0.34944695	1.0	3491	tags=37%, list=23%, signal=48%	
GOMF_SIALYLTRANSFERASE_ACTIVITY	GOMF_SIALYLTRANSFERASE_ACTIVITY		17	-0.43890646	-1.3713673	0.090322584	0.34935847	1.0	2388	tags=47%, list=16%, signal=56%	
HP_POLYPHAGIA	HP_POLYPHAGIA		63	-0.31828773	-1.3705845	0.029023746	0.3505175	1.0	3926	tags=40%, list=26%, signal=53%	
HP_BIRD_LIKE_FACIES	HP_BIRD_LIKE_FACIES		17	-0.4375138	-1.3705176	0.12200436	0.35018396	1.0	529	tags=12%, list=4%, signal=12%	
GOBP_CELLULAR_RESPONSE_TO_TOPOLOGICALLY_INCORRECT_PROTEIN	GOBP_CELLULAR_RESPONSE_TO_TOPOLOGICALLY_INCORRECT_PROTEIN		103	-0.28897768	-1.3702393	0.021220159	0.3502993	1.0	4200	tags=38%, list=28%, signal=52%	
HP_SECUNDUM_ATRIAL_SEPTAL_DEFECT	HP_SECUNDUM_ATRIAL_SEPTAL_DEFECT		39	-0.35545555	-1.3702369	0.05970149	0.34982646	1.0	2224	tags=33%, list=15%, signal=39%	
HP_SEVERE_POSTNATAL_GROWTH_RETARDATION	HP_SEVERE_POSTNATAL_GROWTH_RETARDATION		33	-0.36346352	-1.3700274	0.07481297	0.34979174	1.0	1688	tags=27%, list=11%, signal=31%	
GOBP_REGULATION_OF_ASTROCYTE_DIFFERENTIATION	GOBP_REGULATION_OF_ASTROCYTE_DIFFERENTIATION		27	-0.38607913	-1.3697388	0.07191011	0.349899	1.0	2462	tags=37%, list=16%, signal=44%	
GOBP_DEVELOPMENTAL_CELL_GROWTH	GOBP_DEVELOPMENTAL_CELL_GROWTH		201	-0.256506	-1.369476	0.012461059	0.3499676	1.0	2715	tags=26%, list=18%, signal=32%	
HP_CHROMOSOME_BREAKAGE	HP_CHROMOSOME_BREAKAGE		32	-0.36809504	-1.3693484	0.06879607	0.3497393	1.0	2387	tags=22%, list=16%, signal=26%	
HP_FOCAL_IMPAIRED_AWARENESS_SEIZURE	HP_FOCAL_IMPAIRED_AWARENESS_SEIZURE		109	-0.28330478	-1.369001	0.029940119	0.349966	1.0	4839	tags=40%, list=32%, signal=59%	
GOBP_SECONDARY_METABOLIC_PROCESS	GOBP_SECONDARY_METABOLIC_PROCESS		44	-0.34410822	-1.3685853	0.072115384	0.35035348	1.0	2510	tags=34%, list=17%, signal=41%	
HP_MYOCLONIC_SEIZURE	HP_MYOCLONIC_SEIZURE		229	-0.25461176	-1.3685181	0.003012048	0.35002157	1.0	3891	tags=31%, list=26%, signal=41%	
GOBP_AUTOPHAGOSOME_ORGANIZATION	GOBP_AUTOPHAGOSOME_ORGANIZATION		123	-0.2794218	-1.3676766	0.025210084	0.35127437	1.0	3661	tags=34%, list=24%, signal=45%	
HP_SARCOMA	HP_SARCOMA		134	-0.2769468	-1.3670626	0.019553073	0.3521136	1.0	3223	tags=32%, list=21%, signal=40%	
GOMF_PDZ_DOMAIN_BINDING	GOMF_PDZ_DOMAIN_BINDING		70	-0.30784628	-1.3666704	0.051630434	0.35247895	1.0	2192	tags=27%, list=15%, signal=32%	
HP_ABNORMAL_FACIAL_EXPRESSION	HP_ABNORMAL_FACIAL_EXPRESSION		155	-0.26559854	-1.3660572	0.011869436	0.35330084	1.0	4478	tags=41%, list=30%, signal=57%	
GOMF_SIGNALING_ADAPTOR_ACTIVITY	GOMF_SIGNALING_ADAPTOR_ACTIVITY		111	-0.28644848	-1.3658967	0.019662922	0.35319027	1.0	1545	tags=20%, list=10%, signal=22%	
HP_INTELLECTUAL_DISABILITY_PROFOUND	HP_INTELLECTUAL_DISABILITY_PROFOUND		97	-0.28646907	-1.3656397	0.052369077	0.35326782	1.0	4625	tags=41%, list=31%, signal=59%	
HP_APPENDICULAR_SPASTICITY	HP_APPENDICULAR_SPASTICITY		385	-0.23823397	-1.364637	0.0	0.35505658	1.0	4010	tags=30%, list=27%, signal=40%	
GOBP_NEUROMUSCULAR_PROCESS_CONTROLLING_BALANCE	GOBP_NEUROMUSCULAR_PROCESS_CONTROLLING_BALANCE		46	-0.33745515	-1.3641667	0.066974595	0.35555565	1.0	3534	tags=33%, list=23%, signal=42%	
GOBP_MELANOCYTE_DIFFERENTIATION	GOBP_MELANOCYTE_DIFFERENTIATION		21	-0.40694472	-1.3639083	0.09411765	0.3556623	1.0	4599	tags=62%, list=30%, signal=89%	
GOBP_PHOSPHATIDYLINOSITOL_PHOSPHATE_BIOSYNTHETIC_PROCESS	GOBP_PHOSPHATIDYLINOSITOL_PHOSPHATE_BIOSYNTHETIC_PROCESS		49	-0.33126467	-1.3635077	0.07124682	0.356	1.0	3592	tags=35%, list=24%, signal=45%	
HP_PSYCHOMOTOR_DETERIORATION	HP_PSYCHOMOTOR_DETERIORATION		18	-0.4309696	-1.3634998	0.11158799	0.3555392	1.0	3398	tags=39%, list=22%, signal=50%	
GOBP_ACIDIC_AMINO_ACID_TRANSPORT	GOBP_ACIDIC_AMINO_ACID_TRANSPORT		64	-0.31732845	-1.3634632	0.05966587	0.35511595	1.0	3750	tags=38%, list=25%, signal=50%	
GOCC_ENDOPLASMIC_RETICULUM_EXIT_SITE	GOCC_ENDOPLASMIC_RETICULUM_EXIT_SITE		24	-0.4083075	-1.3633384	0.08726415	0.3549213	1.0	5210	tags=63%, list=34%, signal=95%	
GOBP_REGULATION_OF_AUTOPHAGY	GOBP_REGULATION_OF_AUTOPHAGY		323	-0.2426513	-1.3628902	0.0	0.35544592	1.0	3457	tags=28%, list=23%, signal=35%	
GOBP_REGULATION_OF_FIBROBLAST_PROLIFERATION	GOBP_REGULATION_OF_FIBROBLAST_PROLIFERATION		80	-0.29929355	-1.362787	0.035897437	0.35520217	1.0	2813	tags=28%, list=19%, signal=34%	
GOBP_N_TERMINAL_PROTEIN_AMINO_ACID_MODIFICATION	GOBP_N_TERMINAL_PROTEIN_AMINO_ACID_MODIFICATION		18	-0.42814636	-1.3622912	0.104575165	0.35584223	1.0	2919	tags=44%, list=19%, signal=55%	
HP_SHORT_PHILTRUM	HP_SHORT_PHILTRUM		220	-0.25142705	-1.3621298	0.009677419	0.35570425	1.0	4773	tags=44%, list=32%, signal=64%	
HP_AGENESIS_OF_CEREBELLAR_VERMIS	HP_AGENESIS_OF_CEREBELLAR_VERMIS		16	-0.44658265	-1.3614485	0.1307054	0.35671502	1.0	1814	tags=31%, list=12%, signal=35%	
GOBP_REGULATION_OF_TRANSCRIPTION_REGULATORY_REGION_DNA_BINDING	GOBP_REGULATION_OF_TRANSCRIPTION_REGULATORY_REGION_DNA_BINDING		21	-0.4046504	-1.3606973	0.09862386	0.3579126	1.0	1687	tags=29%, list=11%, signal=32%	
GOCC_PRESYNAPTIC_MEMBRANE	GOCC_PRESYNAPTIC_MEMBRANE		154	-0.26735342	-1.3603438	0.018404908	0.35820317	1.0	2687	tags=27%, list=18%, signal=33%	
GOBP_BRANCHING_INVOLVED_IN_MAMMARY_GLAND_DUCT_MORPHOGENESIS	GOBP_BRANCHING_INVOLVED_IN_MAMMARY_GLAND_DUCT_MORPHOGENESIS		22	-0.40552363	-1.3602889	0.09803922	0.35785186	1.0	1635	tags=23%, list=11%, signal=25%	
HP_DISTAL_LOWER_LIMB_MUSCLE_WEAKNESS	HP_DISTAL_LOWER_LIMB_MUSCLE_WEAKNESS		86	-0.29637864	-1.3602405	0.032258064	0.35749954	1.0	5223	tags=44%, list=35%, signal=67%	
GOBP_PROTEIN_LOCALIZATION_TO_NUCLEOLUS	GOBP_PROTEIN_LOCALIZATION_TO_NUCLEOLUS		17	-0.45176083	-1.3596847	0.09977827	0.35819337	1.0	1168	tags=29%, list=8%, signal=32%	
GOCC_ATPASE_DEPENDENT_TRANSMEMBRANE_TRANSPORT_COMPLEX	GOCC_ATPASE_DEPENDENT_TRANSMEMBRANE_TRANSPORT_COMPLEX		46	-0.33273646	-1.3593411	0.05764411	0.35842884	1.0	4905	tags=52%, list=32%, signal=77%	
GOBP_CELLULAR_RESPONSE_TO_UV	GOBP_CELLULAR_RESPONSE_TO_UV		78	-0.29874617	-1.3589301	0.04557641	0.35886896	1.0	2880	tags=27%, list=19%, signal=33%	
GOBP_NEUROTRANSMITTER_RECEPTOR_INTERNALIZATION	GOBP_NEUROTRANSMITTER_RECEPTOR_INTERNALIZATION		31	-0.37100953	-1.3585043	0.085784316	0.3593122	1.0	2735	tags=32%, list=18%, signal=39%	
HP_EEG_WITH_ABNORMALLY_SLOW_FREQUENCIES	HP_EEG_WITH_ABNORMALLY_SLOW_FREQUENCIES		75	-0.30177164	-1.3584961	0.0397878	0.3588615	1.0	4201	tags=37%, list=28%, signal=51%	
HP_PROMINENT_ANTIHELIX	HP_PROMINENT_ANTIHELIX		16	-0.45069316	-1.3581197	0.11670481	0.35917258	1.0	3904	tags=44%, list=26%, signal=59%	
GOBP_PROTEIN_ACYLATION	GOBP_PROTEIN_ACYLATION		63	-0.31356746	-1.3576448	0.043715846	0.35971162	1.0	3524	tags=37%, list=23%, signal=47%	
HP_ADIPOSE_TISSUE_LOSS	HP_ADIPOSE_TISSUE_LOSS		29	-0.36897662	-1.3569152	0.08466819	0.36080524	1.0	972	tags=14%, list=6%, signal=15%	
GOBP_COLLAGEN_CATABOLIC_PROCESS	GOBP_COLLAGEN_CATABOLIC_PROCESS		37	-0.35140565	-1.3566703	0.07906977	0.36089653	1.0	2873	tags=35%, list=19%, signal=43%	
GOBP_REGULATION_OF_MACROAUTOPHAGY	GOBP_REGULATION_OF_MACROAUTOPHAGY		177	-0.2597393	-1.3562218	0.0097402595	0.36135513	1.0	4327	tags=34%, list=29%, signal=47%	
GOBP_POSITIVE_REGULATION_OF_SYNAPSE_ASSEMBLY	GOBP_POSITIVE_REGULATION_OF_SYNAPSE_ASSEMBLY		59	-0.3175722	-1.3559347	0.066176474	0.36149895	1.0	2803	tags=32%, list=19%, signal=39%	
GOBP_POSITIVE_REGULATION_OF_CILIUM_ASSEMBLY	GOBP_POSITIVE_REGULATION_OF_CILIUM_ASSEMBLY		29	-0.37660334	-1.3556964	0.09598214	0.36154094	1.0	2811	tags=31%, list=19%, signal=38%	
HP_EPILEPTIC_ENCEPHALOPATHY	HP_EPILEPTIC_ENCEPHALOPATHY		113	-0.27925214	-1.3553342	0.035714287	0.36185852	1.0	2877	tags=27%, list=19%, signal=33%	
HP_ABNORMAL_B_CELL_SUBSET_DISTRIBUTION	HP_ABNORMAL_B_CELL_SUBSET_DISTRIBUTION		26	-0.38395804	-1.3547838	0.087677725	0.362602	1.0	2448	tags=35%, list=16%, signal=41%	
GOBP_REGULATION_OF_NUCLEOTIDE_EXCISION_REPAIR	GOBP_REGULATION_OF_NUCLEOTIDE_EXCISION_REPAIR		25	-0.39497888	-1.3544979	0.11627907	0.3627469	1.0	2396	tags=32%, list=16%, signal=38%	
HP_ABNORMAL_SEVENTH_CRANIAL_PHYSIOLOGY	HP_ABNORMAL_SEVENTH_CRANIAL_PHYSIOLOGY		167	-0.26217127	-1.3541273	0.006042296	0.3631093	1.0	3253	tags=31%, list=22%, signal=38%	
HP_APLASIA_HYPOPLASIA_OF_THE_OPTIC_NERVE	HP_APLASIA_HYPOPLASIA_OF_THE_OPTIC_NERVE		109	-0.2794767	-1.3532721	0.039473683	0.36452046	1.0	4074	tags=38%, list=27%, signal=51%	
GOCC_AXON_CYTOPLASM	GOCC_AXON_CYTOPLASM		56	-0.31766436	-1.3529291	0.06084656	0.36475822	1.0	2908	tags=27%, list=19%, signal=33%	
GOBP_POSITIVE_REGULATION_OF_NUCLEOTIDE_CATABOLIC_PROCESS	GOBP_POSITIVE_REGULATION_OF_NUCLEOTIDE_CATABOLIC_PROCESS		22	-0.39638823	-1.3527707	0.0882353	0.36463645	1.0	3287	tags=36%, list=22%, signal=46%	
GOBP_PROTEIN_DESTABILIZATION	GOBP_PROTEIN_DESTABILIZATION		44	-0.34079817	-1.3524227	0.07055961	0.36492583	1.0	3119	tags=34%, list=21%, signal=43%	
GOBP_POSTSYNAPTIC_SPECIALIZATION_ASSEMBLY	GOBP_POSTSYNAPTIC_SPECIALIZATION_ASSEMBLY		27	-0.38037848	-1.3523238	0.086538464	0.36468515	1.0	2768	tags=48%, list=18%, signal=59%	
GOMF_HISTONE_BINDING	GOMF_HISTONE_BINDING		194	-0.25646114	-1.3522857	0.012539185	0.36430588	1.0	3917	tags=35%, list=26%, signal=47%	
GOBP_RNA_3_END_PROCESSING	GOBP_RNA_3_END_PROCESSING		83	-0.29314056	-1.3522009	0.046875	0.36402065	1.0	3683	tags=33%, list=24%, signal=43%	
GOCC_SMOOTH_ENDOPLASMIC_RETICULUM	GOCC_SMOOTH_ENDOPLASMIC_RETICULUM		20	-0.41490448	-1.3515681	0.121348314	0.3649131	1.0	3532	tags=55%, list=23%, signal=72%	
GOBP_FIBROBLAST_PROLIFERATION	GOBP_FIBROBLAST_PROLIFERATION		98	-0.2831373	-1.3515316	0.039274924	0.36452502	1.0	2907	tags=27%, list=19%, signal=33%	
GOBP_NEGATIVE_REGULATION_OF_GENE_EXPRESSION_EPIGENETIC	GOBP_NEGATIVE_REGULATION_OF_GENE_EXPRESSION_EPIGENETIC		147	-0.27020422	-1.351263	0.026086956	0.3646268	1.0	3968	tags=37%, list=26%, signal=49%	
GOBP_CEREBRAL_CORTEX_CELL_MIGRATION	GOBP_CEREBRAL_CORTEX_CELL_MIGRATION		46	-0.33410528	-1.3502697	0.060240965	0.36644667	1.0	4534	tags=43%, list=30%, signal=62%	
GOBP_POSITIVE_REGULATION_OF_MRNA_CATABOLIC_PROCESS	GOBP_POSITIVE_REGULATION_OF_MRNA_CATABOLIC_PROCESS		92	-0.29410353	-1.3500874	0.04347826	0.36634234	1.0	4459	tags=45%, list=30%, signal=63%	
HP_DEEP_PLANTAR_CREASES	HP_DEEP_PLANTAR_CREASES		17	-0.4282601	-1.349899	0.1072261	0.36632714	1.0	4167	tags=71%, list=28%, signal=97%	
HP_ABNORMAL_COLUMELLA_MORPHOLOGY	HP_ABNORMAL_COLUMELLA_MORPHOLOGY		92	-0.28618577	-1.3495569	0.03773585	0.36657414	1.0	3398	tags=29%, list=22%, signal=38%	
GOBP_PEPTIDYL_THREONINE_PHOSPHORYLATION	GOBP_PEPTIDYL_THREONINE_PHOSPHORYLATION		35	-0.35457632	-1.3484843	0.085510686	0.36856383	1.0	1402	tags=23%, list=9%, signal=25%	
HP_GAIT_ATAXIA	HP_GAIT_ATAXIA		240	-0.24672382	-1.3482747	0.007194245	0.36853027	1.0	4283	tags=34%, list=28%, signal=46%	
HP_ABNORMALITY_OF_NEURONAL_MIGRATION	HP_ABNORMALITY_OF_NEURONAL_MIGRATION		426	-0.23068413	-1.3481798	0.0	0.36824837	1.0	4654	tags=39%, list=31%, signal=54%	
GOBP_REGULATION_OF_MODIFICATION_OF_POSTSYNAPTIC_STRUCTURE	GOBP_REGULATION_OF_MODIFICATION_OF_POSTSYNAPTIC_STRUCTURE		15	-0.43751845	-1.347595	0.1368421	0.36911428	1.0	1935	tags=33%, list=13%, signal=38%	
HP_WEAK_VOICE	HP_WEAK_VOICE		26	-0.37468976	-1.3472623	0.088495575	0.36943445	1.0	2879	tags=38%, list=19%, signal=47%	
HP_DECREASED_FACIAL_EXPRESSION	HP_DECREASED_FACIAL_EXPRESSION		129	-0.27008104	-1.3471217	0.027607363	0.3692958	1.0	4478	tags=43%, list=30%, signal=60%	
HP_AMBLYOPIA	HP_AMBLYOPIA		102	-0.2838659	-1.3467497	0.048913043	0.3696171	1.0	3227	tags=30%, list=21%, signal=38%	
HP_ABNORMALITY_OF_THE_INTRINSIC_PATHWAY	HP_ABNORMALITY_OF_THE_INTRINSIC_PATHWAY		34	-0.35332772	-1.3467329	0.096296296	0.36919096	1.0	4565	tags=44%, list=30%, signal=63%	
GOBP_MICROTUBULE_POLYMERIZATION_OR_DEPOLYMERIZATION	GOBP_MICROTUBULE_POLYMERIZATION_OR_DEPOLYMERIZATION		131	-0.27042818	-1.3467249	0.034985423	0.36874387	1.0	2478	tags=25%, list=16%, signal=30%	
GOBP_VIRAL_TRANSLATION	GOBP_VIRAL_TRANSLATION		23	-0.38981438	-1.3465416	0.10619469	0.36868846	1.0	975	tags=17%, list=6%, signal=19%	
HP_THICK_UPPER_LIP_VERMILION	HP_THICK_UPPER_LIP_VERMILION		23	-0.3950408	-1.3462623	0.10491072	0.3688463	1.0	4889	tags=57%, list=32%, signal=83%	
HP_DIALEPTIC_SEIZURE	HP_DIALEPTIC_SEIZURE		216	-0.25120246	-1.3459357	0.012698413	0.36909902	1.0	4921	tags=42%, list=33%, signal=61%	
HP_ABNORMAL_PSYCHOTIC_PATTERN	HP_ABNORMAL_PSYCHOTIC_PATTERN		129	-0.27010098	-1.3456793	0.03601108	0.36922136	1.0	3529	tags=31%, list=23%, signal=40%	
GOBP_REGULATION_OF_AUTOPHAGOSOME_MATURATION	GOBP_REGULATION_OF_AUTOPHAGOSOME_MATURATION		16	-0.43897593	-1.345588	0.10688836	0.36896658	1.0	750	tags=19%, list=5%, signal=20%	
GOCC_CULLIN_RING_UBIQUITIN_LIGASE_COMPLEX	GOCC_CULLIN_RING_UBIQUITIN_LIGASE_COMPLEX		185	-0.25946683	-1.3455002	0.012698413	0.3686712	1.0	3698	tags=32%, list=24%, signal=42%	
GOCC_CUL3_RING_UBIQUITIN_LIGASE_COMPLEX	GOCC_CUL3_RING_UBIQUITIN_LIGASE_COMPLEX		52	-0.327435	-1.3454856	0.066508316	0.36824414	1.0	4580	tags=54%, list=30%, signal=77%	
HP_POSITIVE_INFECTIOUS_AGENT_TEST	HP_POSITIVE_INFECTIOUS_AGENT_TEST		16	-0.44093186	-1.3453001	0.10492505	0.3681778	1.0	750	tags=19%, list=5%, signal=20%	
GOBP_VIRAL_GENE_EXPRESSION	GOBP_VIRAL_GENE_EXPRESSION		93	-0.28920066	-1.3440962	0.041791044	0.37043017	1.0	3214	tags=29%, list=21%, signal=37%	
GOCC_SODIUM_CHANNEL_COMPLEX	GOCC_SODIUM_CHANNEL_COMPLEX		21	-0.39037946	-1.3440306	0.10989011	0.37011755	1.0	961	tags=19%, list=6%, signal=20%	
HP_HEMIANOPIA	HP_HEMIANOPIA		42	-0.34073657	-1.3438778	0.08955224	0.37001655	1.0	3529	tags=36%, list=23%, signal=46%	
GOBP_PROTEIN_DEACYLATION	GOBP_PROTEIN_DEACYLATION		27	-0.38114464	-1.3436962	0.10983982	0.36993864	1.0	600	tags=15%, list=4%, signal=15%	
GOBP_MAINTENANCE_OF_PROTEIN_LOCATION	GOBP_MAINTENANCE_OF_PROTEIN_LOCATION		60	-0.3137809	-1.3435378	0.05276382	0.36983874	1.0	4096	tags=37%, list=27%, signal=50%	
GOBP_SIGNAL_TRANSDUCTION_BY_P53_CLASS_MEDIATOR	GOBP_SIGNAL_TRANSDUCTION_BY_P53_CLASS_MEDIATOR		159	-0.2621411	-1.3435217	0.032448377	0.36942932	1.0	2609	tags=25%, list=17%, signal=29%	
HP_ANKLE_CONTRACTURE	HP_ANKLE_CONTRACTURE		53	-0.32734448	-1.3429017	0.07656612	0.37032345	1.0	2632	tags=28%, list=17%, signal=34%	
HP_INTELLECTUAL_DISABILITY_MODERATE	HP_INTELLECTUAL_DISABILITY_MODERATE		157	-0.2625866	-1.3427875	0.014577259	0.3701373	1.0	4442	tags=41%, list=29%, signal=57%	
HP_SLURRED_SPEECH	HP_SLURRED_SPEECH		46	-0.3301309	-1.3420596	0.07511737	0.3712544	1.0	2879	tags=35%, list=19%, signal=43%	
HP_TICS	HP_TICS		25	-0.38793254	-1.3420454	0.10352941	0.37083587	1.0	2545	tags=32%, list=17%, signal=38%	
HP_ABNORMAL_VENTRICULAR_SEPTUM_MORPHOLOGY	HP_ABNORMAL_VENTRICULAR_SEPTUM_MORPHOLOGY		471	-0.2315162	-1.3419691	0.0	0.37053812	1.0	4195	tags=35%, list=28%, signal=47%	
HP_FASCICULATIONS	HP_FASCICULATIONS		118	-0.27357164	-1.3417809	0.031007752	0.370463	1.0	3007	tags=26%, list=20%, signal=33%	
GOBP_POSITIVE_REGULATION_OF_ESTABLISHMENT_OF_PROTEIN_LOCALIZATION_TO_MITOCHONDRION	GOBP_POSITIVE_REGULATION_OF_ESTABLISHMENT_OF_PROTEIN_LOCALIZATION_TO_MITOCHONDRION		35	-0.35369623	-1.3416185	0.091533184	0.37039933	1.0	1173	tags=20%, list=8%, signal=22%	
GOBP_REGULATION_OF_PHOSPHOLIPID_METABOLIC_PROCESS	GOBP_REGULATION_OF_PHOSPHOLIPID_METABOLIC_PROCESS		31	-0.3603636	-1.3415475	0.08695652	0.37009555	1.0	3753	tags=45%, list=25%, signal=60%	
GOCC_MRNA_CLEAVAGE_FACTOR_COMPLEX	GOCC_MRNA_CLEAVAGE_FACTOR_COMPLEX		22	-0.3918843	-1.3414388	0.10599078	0.3698803	1.0	5315	tags=50%, list=35%, signal=77%	
GOCC_AXONAL_GROWTH_CONE	GOCC_AXONAL_GROWTH_CONE		22	-0.40828845	-1.3412858	0.110091746	0.3696982	1.0	4577	tags=55%, list=30%, signal=78%	
GOMF_P53_BINDING	GOMF_P53_BINDING		57	-0.31456414	-1.3410939	0.078947365	0.36965537	1.0	3020	tags=37%, list=20%, signal=46%	
HP_OPEN_MOUTH	HP_OPEN_MOUTH		108	-0.2781161	-1.3403035	0.033898305	0.37089488	1.0	4744	tags=44%, list=31%, signal=63%	
GOBP_REGULATION_OF_ENDOPLASMIC_RETICULUM_STRESS_INDUCED_INTRINSIC_APOPTOTIC_SIGNALING_PATHWAY	GOBP_REGULATION_OF_ENDOPLASMIC_RETICULUM_STRESS_INDUCED_INTRINSIC_APOPTOTIC_SIGNALING_PATHWAY		30	-0.36592376	-1.3402861	0.07798165	0.37049025	1.0	2448	tags=33%, list=16%, signal=40%	
HP_ABNORMAL_THALAMIC_MRI_SIGNAL_INTENSITY	HP_ABNORMAL_THALAMIC_MRI_SIGNAL_INTENSITY		21	-0.40426394	-1.3392832	0.11374407	0.3723409	1.0	2796	tags=38%, list=19%, signal=47%	
GOCC_CATENIN_COMPLEX	GOCC_CATENIN_COMPLEX		27	-0.38290736	-1.3387734	0.08430913	0.3729925	1.0	3182	tags=41%, list=21%, signal=52%	
GOBP_TRNA_DECAY	GOBP_TRNA_DECAY		17	-0.4224068	-1.3384262	0.12529002	0.37335375	1.0	2893	tags=35%, list=19%, signal=44%	
GOBP_MITOCHONDRION_LOCALIZATION	GOBP_MITOCHONDRION_LOCALIZATION		52	-0.3190356	-1.337679	0.058679707	0.37453702	1.0	2805	tags=27%, list=19%, signal=33%	
GOBP_REGULATION_OF_AXON_EXTENSION	GOBP_REGULATION_OF_AXON_EXTENSION		74	-0.29167044	-1.3376147	0.046875	0.3742395	1.0	2635	tags=30%, list=17%, signal=36%	
GOBP_PRESYNAPSE_ASSEMBLY	GOBP_PRESYNAPSE_ASSEMBLY		38	-0.35136953	-1.3376064	0.08293839	0.37380573	1.0	2545	tags=39%, list=17%, signal=47%	
HP_NEUROFIBRILLARY_TANGLES	HP_NEUROFIBRILLARY_TANGLES		20	-0.40945974	-1.3372796	0.09569378	0.3740615	1.0	1298	tags=20%, list=9%, signal=22%	
HP_DELAYED_GROSS_MOTOR_DEVELOPMENT	HP_DELAYED_GROSS_MOTOR_DEVELOPMENT		433	-0.23157436	-1.3361778	0.008130081	0.37600952	1.0	4155	tags=32%, list=27%, signal=42%	
GOMF_TRANSLATION_ELONGATION_FACTOR_ACTIVITY	GOMF_TRANSLATION_ELONGATION_FACTOR_ACTIVITY		15	-0.44341597	-1.335308	0.11818182	0.37754256	1.0	2633	tags=40%, list=17%, signal=48%	
HP_ABNORMAL_NONVERBAL_COMMUNICATIVE_BEHAVIOR	HP_ABNORMAL_NONVERBAL_COMMUNICATIVE_BEHAVIOR		110	-0.28026745	-1.3352528	0.025069637	0.37722424	1.0	4730	tags=39%, list=31%, signal=56%	
HP_FOCAL_MOTOR_STATUS_EPILEPTICUS	HP_FOCAL_MOTOR_STATUS_EPILEPTICUS		15	-0.45135614	-1.3351485	0.11590909	0.37697196	1.0	4521	tags=53%, list=30%, signal=76%	
HP_WIDENED_SUBARACHNOID_SPACE	HP_WIDENED_SUBARACHNOID_SPACE		41	-0.3432461	-1.3350793	0.094147585	0.37670377	1.0	3837	tags=41%, list=25%, signal=55%	
GOBP_NEURAL_NUCLEUS_DEVELOPMENT	GOBP_NEURAL_NUCLEUS_DEVELOPMENT		64	-0.30555162	-1.3348534	0.053435113	0.37671548	1.0	2925	tags=28%, list=19%, signal=35%	
GOBP_MITOCHONDRIAL_RIBOSOME_ASSEMBLY	GOBP_MITOCHONDRIAL_RIBOSOME_ASSEMBLY		16	-0.43162945	-1.3347329	0.11453745	0.37651172	1.0	3162	tags=50%, list=21%, signal=63%	
HP_SPEECH_APRAXIA	HP_SPEECH_APRAXIA		29	-0.372789	-1.3343763	0.090277776	0.37684485	1.0	4889	tags=55%, list=32%, signal=81%	
GOBP_NEGATIVE_REGULATION_OF_ENDOPLASMIC_RETICULUM_STRESS_INDUCED_INTRINSIC_APOPTOTIC_SIGNALING_PATHWAY	GOBP_NEGATIVE_REGULATION_OF_ENDOPLASMIC_RETICULUM_STRESS_INDUCED_INTRINSIC_APOPTOTIC_SIGNALING_PATHWAY		16	-0.42780477	-1.334026	0.14508928	0.3772335	1.0	2448	tags=31%, list=16%, signal=37%	
HP_FACIAL_HYPERTRICHOSIS	HP_FACIAL_HYPERTRICHOSIS		188	-0.25260162	-1.3333554	0.023255814	0.37827858	1.0	4744	tags=40%, list=31%, signal=57%	
GOBP_RESPONSE_TO_UV	GOBP_RESPONSE_TO_UV		134	-0.26650223	-1.3325517	0.04385965	0.37953138	1.0	3193	tags=26%, list=21%, signal=33%	
GOBP_NEUROBLAST_PROLIFERATION	GOBP_NEUROBLAST_PROLIFERATION		68	-0.3066707	-1.3323708	0.072829135	0.37951154	1.0	2925	tags=31%, list=19%, signal=38%	
GOBP_CANONICAL_WNT_SIGNALING_PATHWAY	GOBP_CANONICAL_WNT_SIGNALING_PATHWAY		277	-0.24378702	-1.3323392	0.0	0.37916213	1.0	3485	tags=31%, list=23%, signal=40%	
HP_NARROW_PALPEBRAL_FISSURE	HP_NARROW_PALPEBRAL_FISSURE		65	-0.30154112	-1.3310978	0.06970509	0.38149607	1.0	3333	tags=31%, list=22%, signal=39%	
GOBP_AXO_DENDRITIC_TRANSPORT	GOBP_AXO_DENDRITIC_TRANSPORT		79	-0.29079208	-1.3303778	0.046511628	0.38269904	1.0	3754	tags=35%, list=25%, signal=47%	
HP_SELF_MUTILATION	HP_SELF_MUTILATION		48	-0.3264908	-1.3295882	0.07951807	0.38402838	1.0	5060	tags=54%, list=33%, signal=81%	
HP_HYPOPLASIA_OF_THE_PONS	HP_HYPOPLASIA_OF_THE_PONS		82	-0.28847116	-1.3295572	0.061576355	0.3836488	1.0	3300	tags=35%, list=22%, signal=45%	
GOBP_REGULATION_OF_SODIUM_ION_TRANSPORT	GOBP_REGULATION_OF_SODIUM_ION_TRANSPORT		62	-0.30458665	-1.3293756	0.06842105	0.38363743	1.0	2981	tags=31%, list=20%, signal=38%	
GOMF_ATPASE_REGULATOR_ACTIVITY	GOMF_ATPASE_REGULATOR_ACTIVITY		45	-0.33166528	-1.3293422	0.08148148	0.38327724	1.0	3865	tags=33%, list=26%, signal=45%	
GOBP_DNA_CATABOLIC_PROCESS	GOBP_DNA_CATABOLIC_PROCESS		25	-0.37413332	-1.3292397	0.10823529	0.38304088	1.0	2882	tags=32%, list=19%, signal=39%	
GOMF_NEUROTRANSMITTER_RECEPTOR_ACTIVITY_INVOLVED_IN_REGULATION_OF_POSTSYNAPTIC_MEMBRANE_POTENTIAL	GOMF_NEUROTRANSMITTER_RECEPTOR_ACTIVITY_INVOLVED_IN_REGULATION_OF_POSTSYNAPTIC_MEMBRANE_POTENTIAL		47	-0.32136786	-1.3291264	0.093366094	0.3828503	1.0	1387	tags=26%, list=9%, signal=28%	
HP_PRIMARY_MICROCEPHALY	HP_PRIMARY_MICROCEPHALY		69	-0.2983074	-1.3290412	0.048469387	0.38257998	1.0	3865	tags=38%, list=26%, signal=50%	
GOBP_DEVELOPMENTAL_MATURATION	GOBP_DEVELOPMENTAL_MATURATION		289	-0.23860514	-1.3286812	0.009584664	0.38292974	1.0	3794	tags=31%, list=25%, signal=41%	
GOBP_POSITIVE_REGULATION_OF_DNA_TEMPLATED_TRANSCRIPTION_ELONGATION	GOBP_POSITIVE_REGULATION_OF_DNA_TEMPLATED_TRANSCRIPTION_ELONGATION		55	-0.31622553	-1.3281312	0.071428575	0.38370112	1.0	2129	tags=20%, list=14%, signal=23%	
HP_CUTANEOUS_MELANOMA	HP_CUTANEOUS_MELANOMA		20	-0.41363505	-1.32782	0.11414392	0.38394925	1.0	3968	tags=55%, list=26%, signal=74%	
GOCC_CAJAL_BODY	GOCC_CAJAL_BODY		56	-0.3109579	-1.3277856	0.098958336	0.38357845	1.0	4173	tags=39%, list=28%, signal=54%	
GOBP_POSITIVE_REGULATION_OF_CELL_PROJECTION_ORGANIZATION	GOBP_POSITIVE_REGULATION_OF_CELL_PROJECTION_ORGANIZATION		315	-0.23777096	-1.3276666	0.010638298	0.3834001	1.0	3159	tags=26%, list=21%, signal=33%	
GOBP_POSITIVE_REGULATION_OF_CYTOKINESIS	GOBP_POSITIVE_REGULATION_OF_CYTOKINESIS		36	-0.35176292	-1.3272257	0.09512195	0.38387543	1.0	3023	tags=22%, list=20%, signal=28%	
HP_ABNORMAL_BLOOD_UREA_NITROGEN_CONCENTRATION	HP_ABNORMAL_BLOOD_UREA_NITROGEN_CONCENTRATION		21	-0.39189053	-1.3266276	0.121348314	0.38476208	1.0	3784	tags=48%, list=25%, signal=63%	
GOBP_RESPONSE_TO_ATP	GOBP_RESPONSE_TO_ATP		29	-0.36269647	-1.3264289	0.098280095	0.38478032	1.0	2052	tags=28%, list=14%, signal=32%	
HP_ABNORMAL_NASAL_BASE_NORPHOLOGY	HP_ABNORMAL_NASAL_BASE_NORPHOLOGY		26	-0.3697844	-1.3263903	0.104878046	0.38440642	1.0	3398	tags=38%, list=22%, signal=50%	
HP_LOWER_LIMB_HYPERREFLEXIA	HP_LOWER_LIMB_HYPERREFLEXIA		77	-0.2957039	-1.3263774	0.04909561	0.3839918	1.0	4267	tags=43%, list=28%, signal=59%	
GOMF_PHOSPHATASE_ACTIVATOR_ACTIVITY	GOMF_PHOSPHATASE_ACTIVATOR_ACTIVITY		26	-0.37713426	-1.3259958	0.11290322	0.38443658	1.0	3621	tags=42%, list=24%, signal=56%	
GOBP_POSITIVE_REGULATION_OF_CELLULAR_COMPONENT_BIOGENESIS	GOBP_POSITIVE_REGULATION_OF_CELLULAR_COMPONENT_BIOGENESIS		440	-0.22852592	-1.3258749	0.004524887	0.3842977	1.0	3593	tags=30%, list=24%, signal=38%	
GOBP_POSITIVE_REGULATION_OF_NUCLEOCYTOPLASMIC_TRANSPORT	GOBP_POSITIVE_REGULATION_OF_NUCLEOCYTOPLASMIC_TRANSPORT		57	-0.31424206	-1.3257855	0.09774436	0.38404045	1.0	3769	tags=37%, list=25%, signal=49%	
HP_EEG_WITH_FOCAL_EPILEPTIFORM_DISCHARGES	HP_EEG_WITH_FOCAL_EPILEPTIFORM_DISCHARGES		104	-0.27358735	-1.3255174	0.04735376	0.38421118	1.0	2954	tags=29%, list=20%, signal=36%	
HP_NARROW_PALATE	HP_NARROW_PALATE		176	-0.25561565	-1.3251795	0.01857585	0.38456216	1.0	4331	tags=39%, list=29%, signal=54%	
GOCC_UBIQUITIN_LIGASE_COMPLEX	GOCC_UBIQUITIN_LIGASE_COMPLEX		299	-0.24087255	-1.3250872	0.0	0.384331	1.0	3519	tags=29%, list=23%, signal=38%	
GOBP_CELLULAR_RESPONSE_TO_CHOLESTEROL	GOBP_CELLULAR_RESPONSE_TO_CHOLESTEROL		15	-0.44340676	-1.3250558	0.13755459	0.38395807	1.0	2855	tags=40%, list=19%, signal=49%	
GOMF_CHROMATIN_DNA_BINDING	GOMF_CHROMATIN_DNA_BINDING		102	-0.27721083	-1.3250107	0.057142857	0.38362068	1.0	4424	tags=40%, list=29%, signal=56%	
GOBP_CEREBELLAR_PURKINJE_CELL_LAYER_FORMATION	GOBP_CEREBELLAR_PURKINJE_CELL_LAYER_FORMATION		15	-0.4270608	-1.3247647	0.11290322	0.38373104	1.0	1526	tags=33%, list=10%, signal=37%	
GOBP_LIVER_REGENERATION	GOBP_LIVER_REGENERATION		21	-0.39446297	-1.3246624	0.11581292	0.38349885	1.0	4918	tags=52%, list=33%, signal=78%	
GOBP_POSITIVE_REGULATION_OF_DENDRITE_EXTENSION	GOBP_POSITIVE_REGULATION_OF_DENDRITE_EXTENSION		20	-0.4032554	-1.3244991	0.123569794	0.38342422	1.0	2557	tags=40%, list=17%, signal=48%	
GOCC_EXORIBONUCLEASE_COMPLEX	GOCC_EXORIBONUCLEASE_COMPLEX		26	-0.3785494	-1.3242453	0.10550459	0.38359705	1.0	3747	tags=35%, list=25%, signal=46%	
GOBP_REGULATION_OF_MODIFICATION_OF_SYNAPTIC_STRUCTURE	GOBP_REGULATION_OF_MODIFICATION_OF_SYNAPTIC_STRUCTURE		20	-0.40156636	-1.3235669	0.10989011	0.38468906	1.0	4883	tags=60%, list=32%, signal=89%	
GOCC_HISTONE_METHYLTRANSFERASE_COMPLEX	GOCC_HISTONE_METHYLTRANSFERASE_COMPLEX		58	-0.3027961	-1.3232733	0.0778032	0.38488284	1.0	2273	tags=22%, list=15%, signal=26%	
GOBP_RESPONSE_TO_ENDOPLASMIC_RETICULUM_STRESS	GOBP_RESPONSE_TO_ENDOPLASMIC_RETICULUM_STRESS		243	-0.23984599	-1.3229396	0.0064102565	0.38516527	1.0	4334	tags=39%, list=29%, signal=54%	
GOBP_DETECTION_OF_TEMPERATURE_STIMULUS	GOBP_DETECTION_OF_TEMPERATURE_STIMULUS		20	-0.40777144	-1.3229296	0.113895215	0.38474593	1.0	2450	tags=35%, list=16%, signal=42%	
GOBP_RESPONSE_TO_PROSTAGLANDIN	GOBP_RESPONSE_TO_PROSTAGLANDIN		29	-0.36420715	-1.3228452	0.0877193	0.38451084	1.0	2607	tags=34%, list=17%, signal=42%	
GOMF_HISTONE_H3_METHYLTRANSFERASE_ACTIVITY	GOMF_HISTONE_H3_METHYLTRANSFERASE_ACTIVITY		38	-0.3397084	-1.322733	0.09492274	0.38432658	1.0	2431	tags=24%, list=16%, signal=28%	
GOMF_GTPASE_ACTIVATOR_ACTIVITY	GOMF_GTPASE_ACTIVATOR_ACTIVITY		242	-0.2403569	-1.3225389	0.0066225166	0.38431677	1.0	3633	tags=32%, list=24%, signal=41%	
GOBP_HINDBRAIN_MORPHOGENESIS	GOBP_HINDBRAIN_MORPHOGENESIS		41	-0.33397695	-1.3225228	0.08726415	0.38390163	1.0	3300	tags=39%, list=22%, signal=50%	
GOBP_NUCLEIC_ACID_CATABOLIC_PROCESS	GOBP_NUCLEIC_ACID_CATABOLIC_PROCESS		302	-0.23665665	-1.3217012	0.010526316	0.38531113	1.0	4335	tags=35%, list=29%, signal=49%	
GOBP_L_GLUTAMATE_TRANSMEMBRANE_TRANSPORT	GOBP_L_GLUTAMATE_TRANSMEMBRANE_TRANSPORT		29	-0.36013758	-1.3215762	0.10837439	0.38517827	1.0	3219	tags=41%, list=21%, signal=52%	
HP_PROGRESSIVE_MICROCEPHALY	HP_PROGRESSIVE_MICROCEPHALY		84	-0.28171417	-1.3215735	0.06199461	0.38474968	1.0	4675	tags=49%, list=31%, signal=70%	
GOCC_MRNA_CLEAVAGE_AND_POLYADENYLATION_SPECIFICITY_FACTOR_COMPLEX	GOCC_MRNA_CLEAVAGE_AND_POLYADENYLATION_SPECIFICITY_FACTOR_COMPLEX		17	-0.42929053	-1.3214394	0.13013698	0.38463092	1.0	2683	tags=29%, list=18%, signal=36%	
HP_METOPIC_SYNOSTOSIS	HP_METOPIC_SYNOSTOSIS		24	-0.38643873	-1.3214331	0.115384616	0.38421357	1.0	3232	tags=38%, list=21%, signal=48%	
GOCC_CLATHRIN_COATED_PIT	GOCC_CLATHRIN_COATED_PIT		73	-0.28931892	-1.3214161	0.05822785	0.38381803	1.0	3287	tags=30%, list=22%, signal=38%	
GOMF_PHOSPHATASE_ACTIVITY	GOMF_PHOSPHATASE_ACTIVITY		340	-0.23212421	-1.3213617	0.0078125	0.38349438	1.0	3537	tags=30%, list=23%, signal=38%	
GOBP_TRANSCRIPTION_BY_RNA_POLYMERASE_III	GOBP_TRANSCRIPTION_BY_RNA_POLYMERASE_III		55	-0.3152037	-1.3209248	0.08809524	0.38401532	1.0	4477	tags=42%, list=30%, signal=59%	
GOBP_NOTCH_SIGNALING_PATHWAY	GOBP_NOTCH_SIGNALING_PATHWAY		165	-0.25917062	-1.3199881	0.04255319	0.38568124	1.0	3300	tags=30%, list=22%, signal=38%	
GOBP_AXON_DEVELOPMENT	GOBP_AXON_DEVELOPMENT		471	-0.22734928	-1.3198178	0.0	0.3856605	1.0	3111	tags=28%, list=21%, signal=34%	
GOMF_RIBOSOMAL_LARGE_SUBUNIT_BINDING	GOMF_RIBOSOMAL_LARGE_SUBUNIT_BINDING		16	-0.42043927	-1.3196601	0.14482759	0.38558832	1.0	2259	tags=25%, list=15%, signal=29%	
GOBP_NEGATIVE_REGULATION_OF_PROTEOLYSIS_INVOLVED_IN_PROTEIN_CATABOLIC_PROCESS	GOBP_NEGATIVE_REGULATION_OF_PROTEOLYSIS_INVOLVED_IN_PROTEIN_CATABOLIC_PROCESS		64	-0.30340195	-1.3195846	0.07788945	0.38535696	1.0	2531	tags=27%, list=17%, signal=32%	
GOCC_CYTOPLASMIC_STRESS_GRANULE	GOCC_CYTOPLASMIC_STRESS_GRANULE		85	-0.28240258	-1.3194218	0.052109182	0.38531935	1.0	4398	tags=36%, list=29%, signal=51%	
GOBP_REGULATION_OF_SODIUM_ION_TRANSMEMBRANE_TRANSPORT	GOBP_REGULATION_OF_SODIUM_ION_TRANSMEMBRANE_TRANSPORT		33	-0.35690928	-1.3192714	0.105726875	0.38525042	1.0	2510	tags=27%, list=17%, signal=33%	
GOCC_GUANYL_NUCLEOTIDE_EXCHANGE_FACTOR_COMPLEX	GOCC_GUANYL_NUCLEOTIDE_EXCHANGE_FACTOR_COMPLEX		24	-0.3894883	-1.3192326	0.13513513	0.38492507	1.0	1057	tags=21%, list=7%, signal=22%	
HP_THORACIC_KYPHOSIS	HP_THORACIC_KYPHOSIS		51	-0.31105658	-1.3189336	0.077319585	0.38516682	1.0	4110	tags=39%, list=27%, signal=54%	
GOBP_POSITIVE_REGULATION_OF_CELLULAR_RESPONSE_TO_TRANSFORMING_GROWTH_FACTOR_BETA_STIMULUS	GOBP_POSITIVE_REGULATION_OF_CELLULAR_RESPONSE_TO_TRANSFORMING_GROWTH_FACTOR_BETA_STIMULUS		26	-0.36849672	-1.3186725	0.12933025	0.38537502	1.0	1960	tags=27%, list=13%, signal=31%	
HP_HIATUS_HERNIA	HP_HIATUS_HERNIA		33	-0.3548484	-1.318333	0.09002433	0.38571534	1.0	4535	tags=45%, list=30%, signal=65%	
GOMF_1_PHOSPHATIDYLINOSITOL_BINDING	GOMF_1_PHOSPHATIDYLINOSITOL_BINDING		15	-0.43676108	-1.3182372	0.12149533	0.38550794	1.0	4172	tags=53%, list=28%, signal=74%	
HP_ABNORMALITY_OF_THUMB_PHALANX	HP_ABNORMALITY_OF_THUMB_PHALANX		183	-0.25339025	-1.3179338	0.017094018	0.38580725	1.0	2506	tags=23%, list=17%, signal=28%	
HP_INCOORDINATION	HP_INCOORDINATION		146	-0.26186463	-1.3171583	0.027272727	0.3871896	1.0	4863	tags=40%, list=32%, signal=59%	
GOBP_COLLAGEN_METABOLIC_PROCESS	GOBP_COLLAGEN_METABOLIC_PROCESS		92	-0.28188503	-1.3170546	0.055851065	0.38701805	1.0	2955	tags=29%, list=20%, signal=36%	
HP_MANDIBULAR_PROGNATHIA	HP_MANDIBULAR_PROGNATHIA		189	-0.2511725	-1.3165036	0.021212121	0.38787606	1.0	4921	tags=42%, list=33%, signal=61%	
HP_HYPERNASAL_SPEECH	HP_HYPERNASAL_SPEECH		97	-0.2776016	-1.3162806	0.050970875	0.3879808	1.0	3075	tags=31%, list=20%, signal=39%	
GOBP_PHOSPHATIDYLINOSITOL_BIOSYNTHETIC_PROCESS	GOBP_PHOSPHATIDYLINOSITOL_BIOSYNTHETIC_PROCESS		105	-0.27528438	-1.3151382	0.04032258	0.390168	1.0	3828	tags=32%, list=25%, signal=43%	
GOBP_POSTSYNAPTIC_SPECIALIZATION_ORGANIZATION	GOBP_POSTSYNAPTIC_SPECIALIZATION_ORGANIZATION		46	-0.3257449	-1.3146682	0.10696518	0.39071634	1.0	3112	tags=39%, list=21%, signal=49%	
HP_APHASIA	HP_APHASIA		86	-0.28385913	-1.3137373	0.07008086	0.39243785	1.0	3287	tags=29%, list=22%, signal=37%	
GOBP_POSITIVE_REGULATION_OF_RHO_PROTEIN_SIGNAL_TRANSDUCTION	GOBP_POSITIVE_REGULATION_OF_RHO_PROTEIN_SIGNAL_TRANSDUCTION		25	-0.37372357	-1.3136334	0.12264151	0.3922248	1.0	1024	tags=24%, list=7%, signal=26%	
GOMF_LNCRNA_BINDING	GOMF_LNCRNA_BINDING		19	-0.3989101	-1.3135779	0.15815085	0.3919487	1.0	3442	tags=42%, list=23%, signal=54%	
GOBP_POSITIVE_REGULATION_OF_SYNAPTIC_TRANSMISSION_GLUTAMATERGIC	GOBP_POSITIVE_REGULATION_OF_SYNAPTIC_TRANSMISSION_GLUTAMATERGIC		26	-0.3788319	-1.3131238	0.11915888	0.39254096	1.0	1909	tags=35%, list=13%, signal=40%	
GOBP_REGULATION_OF_CALCIUM_MEDIATED_SIGNALING	GOBP_REGULATION_OF_CALCIUM_MEDIATED_SIGNALING		80	-0.2918483	-1.3130907	0.071240105	0.39220268	1.0	1804	tags=24%, list=12%, signal=27%	
GOBP_SENSORY_PERCEPTION_OF_PAIN	GOBP_SENSORY_PERCEPTION_OF_PAIN		64	-0.2998498	-1.3129162	0.08010336	0.39212662	1.0	2598	tags=31%, list=17%, signal=38%	
HP_ANOPHTHALMIA	HP_ANOPHTHALMIA		66	-0.30395505	-1.3128247	0.075630255	0.39188442	1.0	3629	tags=39%, list=24%, signal=52%	
GOCC_TRANSCRIPTION_REPRESSOR_COMPLEX	GOCC_TRANSCRIPTION_REPRESSOR_COMPLEX		67	-0.2995683	-1.3123206	0.057142857	0.39254716	1.0	2005	tags=22%, list=13%, signal=26%	
GOCC_CUL4_RING_E3_UBIQUITIN_LIGASE_COMPLEX	GOCC_CUL4_RING_E3_UBIQUITIN_LIGASE_COMPLEX		31	-0.35092098	-1.3119028	0.09601874	0.39307955	1.0	3380	tags=32%, list=22%, signal=41%	
GOBP_SYNAPTIC_VESICLE_MEMBRANE_ORGANIZATION	GOBP_SYNAPTIC_VESICLE_MEMBRANE_ORGANIZATION		33	-0.35112888	-1.3118316	0.07692308	0.3928332	1.0	1321	tags=21%, list=9%, signal=23%	
HP_SELF_INJURIOUS_BEHAVIOR	HP_SELF_INJURIOUS_BEHAVIOR		199	-0.24850747	-1.3118287	0.030927835	0.39241475	1.0	3491	tags=29%, list=23%, signal=37%	
GOMF_TRANSLATION_INITIATION_FACTOR_ACTIVITY	GOMF_TRANSLATION_INITIATION_FACTOR_ACTIVITY		48	-0.3202763	-1.3116844	0.08056872	0.39232394	1.0	5531	tags=44%, list=37%, signal=69%	
GOBP_REGULATION_OF_ESTABLISHMENT_OF_PROTEIN_LOCALIZATION_TO_MITOCHONDRION	GOBP_REGULATION_OF_ESTABLISHMENT_OF_PROTEIN_LOCALIZATION_TO_MITOCHONDRION		49	-0.3162054	-1.3113431	0.08	0.3926887	1.0	1173	tags=18%, list=8%, signal=20%	
HP_THIN_SKIN	HP_THIN_SKIN		77	-0.2904996	-1.3105795	0.073569484	0.3939759	1.0	1440	tags=17%, list=10%, signal=19%	
GOMF_ACETYLTRANSFERASE_ACTIVITY	GOMF_ACETYLTRANSFERASE_ACTIVITY		89	-0.27991575	-1.3105103	0.04935065	0.3937119	1.0	4281	tags=38%, list=28%, signal=53%	
HP_ABNORMALITY_OF_UPPER_LIP_VERMILLION	HP_ABNORMALITY_OF_UPPER_LIP_VERMILLION		404	-0.22941409	-1.3104304	0.0	0.39346096	1.0	4205	tags=35%, list=28%, signal=48%	
HP_ABNORMAL_EARLOBE_MORPHOLOGY	HP_ABNORMAL_EARLOBE_MORPHOLOGY		125	-0.26829204	-1.3103778	0.02710027	0.39318365	1.0	4535	tags=37%, list=30%, signal=52%	
HP_CHOREA	HP_CHOREA		206	-0.24707787	-1.3102452	0.021428572	0.39303437	1.0	2046	tags=18%, list=14%, signal=21%	
HP_MUSCLE_FIBRILLATION	HP_MUSCLE_FIBRILLATION		82	-0.28201836	-1.3100444	0.06666667	0.39307588	1.0	3007	tags=28%, list=20%, signal=35%	
GOBP_PROTEIN_LOCALIZATION_TO_NUCLEUS	GOBP_PROTEIN_LOCALIZATION_TO_NUCLEUS		287	-0.23819736	-1.3099655	0.020547945	0.3928347	1.0	3769	tags=30%, list=25%, signal=39%	
GOBP_REGULATION_OF_TRANS_SYNAPTIC_SIGNALING	GOBP_REGULATION_OF_TRANS_SYNAPTIC_SIGNALING		437	-0.22439489	-1.3099124	0.00390625	0.3925164	1.0	2102	tags=20%, list=14%, signal=22%	
GOCC_LAMELLIPODIUM	GOCC_LAMELLIPODIUM		181	-0.25077793	-1.3098117	0.024539877	0.39233834	1.0	3603	tags=33%, list=24%, signal=43%	
GOBP_REGULATION_OF_ANOIKIS	GOBP_REGULATION_OF_ANOIKIS		23	-0.37639552	-1.3090405	0.12064965	0.39366332	1.0	4255	tags=43%, list=28%, signal=60%	
GOBP_ENDOPLASMIC_RETICULUM_TO_CYTOSOL_TRANSPORT	GOBP_ENDOPLASMIC_RETICULUM_TO_CYTOSOL_TRANSPORT		26	-0.36768195	-1.309035	0.13318284	0.39325646	1.0	4150	tags=46%, list=27%, signal=64%	
HP_METAPHYSEAL_DYSPLASIA	HP_METAPHYSEAL_DYSPLASIA		34	-0.3406402	-1.3089026	0.09952607	0.3931328	1.0	3891	tags=41%, list=26%, signal=55%	
HP_NEOPLASM_BY_HISTOLOGY	HP_NEOPLASM_BY_HISTOLOGY		291	-0.2333294	-1.3083922	0.01459854	0.3938343	1.0	2800	tags=25%, list=19%, signal=30%	
GOBP_RNA_LOCALIZATION	GOBP_RNA_LOCALIZATION		178	-0.25021777	-1.3080671	0.015673982	0.39417794	1.0	4391	tags=36%, list=29%, signal=50%	
GOBP_RESPONSE_TO_ANTIBIOTIC	GOBP_RESPONSE_TO_ANTIBIOTIC		31	-0.35529917	-1.307566	0.13808464	0.39497018	1.0	1093	tags=19%, list=7%, signal=21%	
HP_MASK_LIKE_FACIES	HP_MASK_LIKE_FACIES		47	-0.3237242	-1.3075632	0.1010101	0.39455616	1.0	3400	tags=38%, list=23%, signal=49%	
HP_EYELID_COLOBOMA	HP_EYELID_COLOBOMA		32	-0.35461736	-1.3070834	0.09360731	0.39517415	1.0	4603	tags=47%, list=30%, signal=67%	
HP_HEMATOLOGICAL_NEOPLASM	HP_HEMATOLOGICAL_NEOPLASM		242	-0.2425709	-1.3069559	0.02310231	0.39507517	1.0	3293	tags=28%, list=22%, signal=35%	
HP_SPECIFIC_LEARNING_DISABILITY	HP_SPECIFIC_LEARNING_DISABILITY		296	-0.23326893	-1.3066492	0.006289308	0.3953728	1.0	3253	tags=26%, list=22%, signal=33%	
GOBP_NEGATIVE_REGULATION_OF_CALCIUM_MEDIATED_SIGNALING	GOBP_NEGATIVE_REGULATION_OF_CALCIUM_MEDIATED_SIGNALING		22	-0.38853776	-1.306638	0.14187643	0.39499038	1.0	3119	tags=36%, list=21%, signal=46%	
GOBP_NEGATIVE_REGULATION_OF_PLATELET_ACTIVATION	GOBP_NEGATIVE_REGULATION_OF_PLATELET_ACTIVATION		17	-0.40716112	-1.3065876	0.12747253	0.3947033	1.0	3784	tags=47%, list=25%, signal=63%	
HP_CEREBRAL_HYPOMYELINATION	HP_CEREBRAL_HYPOMYELINATION		28	-0.36918318	-1.3058113	0.12557077	0.39606047	1.0	1553	tags=25%, list=10%, signal=28%	
HP_DELAYED_ERUPTION_OF_PRIMARY_TEETH	HP_DELAYED_ERUPTION_OF_PRIMARY_TEETH		15	-0.4258634	-1.3057353	0.15283842	0.39579105	1.0	5194	tags=60%, list=34%, signal=91%	
GOBP_MESENCHYMAL_CELL_MIGRATION	GOBP_MESENCHYMAL_CELL_MIGRATION		54	-0.30745733	-1.3054423	0.08031088	0.39606547	1.0	2806	tags=31%, list=19%, signal=39%	
HP_DISTAL_MUSCLE_WEAKNESS	HP_DISTAL_MUSCLE_WEAKNESS		211	-0.24511038	-1.3053335	0.012084592	0.39590257	1.0	4077	tags=32%, list=27%, signal=44%	
GOMF_PROTEIN_PHOSPHATASE_BINDING	GOMF_PROTEIN_PHOSPHATASE_BINDING		123	-0.2649345	-1.3053252	0.041899443	0.3955039	1.0	2432	tags=24%, list=16%, signal=28%	
GOBP_MULTIVESICULAR_BODY_SORTING_PATHWAY	GOBP_MULTIVESICULAR_BODY_SORTING_PATHWAY		47	-0.3253886	-1.305045	0.09443099	0.39572063	1.0	3816	tags=40%, list=25%, signal=54%	
HP_ERYTHROID_HYPERPLASIA	HP_ERYTHROID_HYPERPLASIA		16	-0.41715857	-1.3047813	0.13211845	0.3959537	1.0	1430	tags=25%, list=9%, signal=28%	
GOMF_PHOSPHATASE_REGULATOR_ACTIVITY	GOMF_PHOSPHATASE_REGULATOR_ACTIVITY		111	-0.2683881	-1.3042196	0.05882353	0.39673787	1.0	3621	tags=32%, list=24%, signal=41%	
GOBP_PROTEIN_HYDROXYLATION	GOBP_PROTEIN_HYDROXYLATION		16	-0.434334	-1.3042146	0.14352942	0.39633343	1.0	4655	tags=63%, list=31%, signal=90%	
HP_WIDELY_SPACED_TEETH	HP_WIDELY_SPACED_TEETH		113	-0.26941544	-1.303739	0.041436464	0.39704344	1.0	3128	tags=31%, list=21%, signal=39%	
GOCC_LAMELLIPODIUM_MEMBRANE	GOCC_LAMELLIPODIUM_MEMBRANE		22	-0.38853	-1.3032802	0.12304251	0.39771962	1.0	1562	tags=23%, list=10%, signal=25%	
HP_HAPPY_DEMEANOR	HP_HAPPY_DEMEANOR		24	-0.37768272	-1.3028246	0.14111923	0.3983765	1.0	3128	tags=33%, list=21%, signal=42%	
GOBP_MITOCHONDRIAL_MEMBRANE_ORGANIZATION	GOBP_MITOCHONDRIAL_MEMBRANE_ORGANIZATION		105	-0.27085552	-1.3025008	0.065789476	0.39867663	1.0	4503	tags=46%, list=30%, signal=65%	
GOBP_ENDOCARDIAL_CUSHION_FORMATION	GOBP_ENDOCARDIAL_CUSHION_FORMATION		26	-0.36651218	-1.3022921	0.121140145	0.3987199	1.0	3743	tags=46%, list=25%, signal=61%	
GOMF_S_ADENOSYLMETHIONINE_DEPENDENT_METHYLTRANSFERASE_ACTIVITY	GOMF_S_ADENOSYLMETHIONINE_DEPENDENT_METHYLTRANSFERASE_ACTIVITY		149	-0.25686586	-1.3022441	0.036723163	0.3984061	1.0	4031	tags=30%, list=27%, signal=41%	
GOBP_REGULATION_OF_AMINO_ACID_TRANSPORT	GOBP_REGULATION_OF_AMINO_ACID_TRANSPORT		31	-0.34901792	-1.3021538	0.09873418	0.39819402	1.0	4001	tags=48%, list=26%, signal=66%	
HP_HYPOTELORISM	HP_HYPOTELORISM		139	-0.25711876	-1.3008676	0.04373178	0.40065116	1.0	4256	tags=32%, list=28%, signal=44%	
GOCC_GOLGI_ASSOCIATED_VESICLE_MEMBRANE	GOCC_GOLGI_ASSOCIATED_VESICLE_MEMBRANE		52	-0.3143535	-1.3001864	0.08707124	0.40182257	1.0	3524	tags=35%, list=23%, signal=45%	
HP_MULTIFOCAL_EPILEPTIFORM_DISCHARGES	HP_MULTIFOCAL_EPILEPTIFORM_DISCHARGES		57	-0.30593744	-1.2999917	0.08997429	0.4018637	1.0	2900	tags=28%, list=19%, signal=35%	
HP_GENERALIZED_HYPERPIGMENTATION	HP_GENERALIZED_HYPERPIGMENTATION		33	-0.34445557	-1.2994264	0.10462287	0.4027506	1.0	3145	tags=36%, list=21%, signal=46%	
GOBP_NUCLEAR_EXPORT	GOBP_NUCLEAR_EXPORT		157	-0.25305936	-1.298841	0.022160664	0.40367582	1.0	4235	tags=35%, list=28%, signal=48%	
GOBP_VESICLE_CYTOSKELETAL_TRAFFICKING	GOBP_VESICLE_CYTOSKELETAL_TRAFFICKING		53	-0.3092963	-1.2976898	0.0786802	0.40587205	1.0	1988	tags=25%, list=13%, signal=28%	
GOBP_POSITIVE_REGULATION_OF_AUTOPHAGY	GOBP_POSITIVE_REGULATION_OF_AUTOPHAGY		144	-0.2554137	-1.2975367	0.040650405	0.40577942	1.0	4155	tags=35%, list=27%, signal=47%	
HP_ABNORMAL_RETICULOCYTE_MORPHOLOGY	HP_ABNORMAL_RETICULOCYTE_MORPHOLOGY		70	-0.29118758	-1.2972057	0.071611255	0.40616482	1.0	3205	tags=34%, list=21%, signal=43%	
HP_ABNORMAL_CNS_MYELINATION	HP_ABNORMAL_CNS_MYELINATION		371	-0.22823192	-1.297046	0.0036363637	0.40610752	1.0	3873	tags=30%, list=26%, signal=39%	
GOBP_MAINTENANCE_OF_PROTEIN_LOCALIZATION_IN_ORGANELLE	GOBP_MAINTENANCE_OF_PROTEIN_LOCALIZATION_IN_ORGANELLE		42	-0.3256931	-1.2969794	0.10436893	0.40584335	1.0	4096	tags=38%, list=27%, signal=52%	
HP_CONCAVE_NASAL_RIDGE	HP_CONCAVE_NASAL_RIDGE		20	-0.39690408	-1.2962638	0.138322	0.4070732	1.0	2230	tags=25%, list=15%, signal=29%	
GOBP_REGULATION_OF_LIPOPOLYSACCHARIDE_MEDIATED_SIGNALING_PATHWAY	GOBP_REGULATION_OF_LIPOPOLYSACCHARIDE_MEDIATED_SIGNALING_PATHWAY		22	-0.38669205	-1.2960773	0.15130024	0.40709797	1.0	2863	tags=36%, list=19%, signal=45%	
HP_IMPULSIVITY	HP_IMPULSIVITY		129	-0.2596472	-1.2958701	0.06804734	0.40715584	1.0	4177	tags=36%, list=28%, signal=49%	
GOBP_REGULATION_OF_CELL_SHAPE	GOBP_REGULATION_OF_CELL_SHAPE		123	-0.26096207	-1.2957062	0.045698926	0.40712425	1.0	1831	tags=20%, list=12%, signal=22%	
GOBP_REGULATION_OF_MICROTUBULE_POLYMERIZATION	GOBP_REGULATION_OF_MICROTUBULE_POLYMERIZATION		58	-0.30428624	-1.295491	0.08142494	0.4072504	1.0	2478	tags=31%, list=16%, signal=37%	
HP_GASTROESOPHAGEAL_REFLUX	HP_GASTROESOPHAGEAL_REFLUX		454	-0.22417106	-1.2952477	0.0037593986	0.40741777	1.0	4177	tags=35%, list=28%, signal=47%	
HP_VISUAL_ACUITY_TEST_ABNORMALITY	HP_VISUAL_ACUITY_TEST_ABNORMALITY		17	-0.41496402	-1.2948731	0.13606912	0.4078675	1.0	3110	tags=35%, list=21%, signal=44%	
GOMF_SNORNA_BINDING	GOMF_SNORNA_BINDING		30	-0.35418704	-1.2943574	0.12469438	0.40867653	1.0	5168	tags=57%, list=34%, signal=86%	
HP_SIMPLIFIED_GYRAL_PATTERN	HP_SIMPLIFIED_GYRAL_PATTERN		77	-0.28648436	-1.2940485	0.07009346	0.40898067	1.0	4855	tags=43%, list=32%, signal=63%	
GOBP_REGULATION_OF_NEURAL_PRECURSOR_CELL_PROLIFERATION	GOBP_REGULATION_OF_NEURAL_PRECURSOR_CELL_PROLIFERATION		85	-0.2800348	-1.293465	0.08695652	0.40994954	1.0	3765	tags=38%, list=25%, signal=50%	
GOBP_L_GLUTAMATE_IMPORT	GOBP_L_GLUTAMATE_IMPORT		37	-0.33954087	-1.293453	0.13669065	0.40955448	1.0	3219	tags=38%, list=21%, signal=48%	
HP_SYNKINESIS	HP_SYNKINESIS		29	-0.35739225	-1.293119	0.14611872	0.40989295	1.0	785	tags=21%, list=5%, signal=22%	
HP_DECREASED_ABSENT_ANKLE_REFLEXES	HP_DECREASED_ABSENT_ANKLE_REFLEXES		52	-0.312043	-1.2928615	0.108641975	0.4100726	1.0	3000	tags=27%, list=20%, signal=33%	
GOBP_REGULATION_OF_P38MAPK_CASCADE	GOBP_REGULATION_OF_P38MAPK_CASCADE		32	-0.34261262	-1.2923098	0.13157895	0.41092187	1.0	2772	tags=38%, list=18%, signal=46%	
GOBP_POSITIVE_REGULATION_OF_MRNA_PROCESSING	GOBP_POSITIVE_REGULATION_OF_MRNA_PROCESSING		29	-0.3605115	-1.2920156	0.1313673	0.4112103	1.0	3318	tags=41%, list=22%, signal=53%	
GOBP_MANNOSYLATION	GOBP_MANNOSYLATION		20	-0.39081356	-1.2918637	0.14318706	0.41114232	1.0	5203	tags=65%, list=34%, signal=99%	
GOCC_ESCRT_COMPLEX	GOCC_ESCRT_COMPLEX		28	-0.36611262	-1.2915891	0.12037037	0.41136608	1.0	3816	tags=43%, list=25%, signal=57%	
GOBP_POSITIVE_REGULATION_OF_PROTEIN_IMPORT_INTO_NUCLEUS	GOBP_POSITIVE_REGULATION_OF_PROTEIN_IMPORT_INTO_NUCLEUS		34	-0.3398683	-1.2906325	0.1294964	0.41322717	1.0	2330	tags=24%, list=15%, signal=28%	
GOBP_REGULATION_OF_MRNA_CATABOLIC_PROCESS	GOBP_REGULATION_OF_MRNA_CATABOLIC_PROCESS		160	-0.25317872	-1.2906203	0.037249282	0.4128306	1.0	4335	tags=40%, list=29%, signal=55%	
GOBP_AXONAL_TRANSPORT	GOBP_AXONAL_TRANSPORT		62	-0.29641277	-1.2905345	0.09046455	0.4126239	1.0	3754	tags=34%, list=25%, signal=45%	
GOBP_HIPPO_SIGNALING	GOBP_HIPPO_SIGNALING		48	-0.31610706	-1.2904413	0.1092233	0.41241607	1.0	4191	tags=38%, list=28%, signal=52%	
HP_MOVEMENT_ABNORMALITY_OF_THE_TONGUE	HP_MOVEMENT_ABNORMALITY_OF_THE_TONGUE		15	-0.4280861	-1.2902987	0.14516129	0.41231394	1.0	2952	tags=47%, list=20%, signal=58%	
HP_SPASTIC_GAIT	HP_SPASTIC_GAIT		68	-0.29227078	-1.2902889	0.08753315	0.41192377	1.0	4211	tags=40%, list=28%, signal=55%	
GOMF_BASIC_AMINO_ACID_TRANSMEMBRANE_TRANSPORTER_ACTIVITY	GOMF_BASIC_AMINO_ACID_TRANSMEMBRANE_TRANSPORTER_ACTIVITY		17	-0.41561282	-1.2902881	0.14691943	0.4115118	1.0	4742	tags=47%, list=31%, signal=69%	
GOBP_CELLULAR_RESPONSE_TO_UNFOLDED_PROTEIN	GOBP_CELLULAR_RESPONSE_TO_UNFOLDED_PROTEIN		88	-0.27950808	-1.2899685	0.06434316	0.41187936	1.0	3699	tags=32%, list=24%, signal=42%	
GOBP_REGULATION_OF_PROTEIN_STABILITY	GOBP_REGULATION_OF_PROTEIN_STABILITY		312	-0.22711512	-1.2893876	0.013840831	0.41290593	1.0	3482	tags=26%, list=23%, signal=33%	
GOBP_MEMORY	GOBP_MEMORY		111	-0.26569763	-1.2893646	0.054404143	0.41254905	1.0	2803	tags=32%, list=19%, signal=38%	
HP_HYPOPIGMENTED_MACULE	HP_HYPOPIGMENTED_MACULE		21	-0.38791212	-1.2891121	0.16706444	0.4127622	1.0	2184	tags=29%, list=14%, signal=33%	
HP_GLIOSIS	HP_GLIOSIS		86	-0.27798906	-1.2888658	0.07046071	0.4128949	1.0	3264	tags=26%, list=22%, signal=32%	
GOBP_REGULATION_OF_MORPHOGENESIS_OF_A_BRANCHING_STRUCTURE	GOBP_REGULATION_OF_MORPHOGENESIS_OF_A_BRANCHING_STRUCTURE		50	-0.31247133	-1.288783	0.1056338	0.41265652	1.0	3490	tags=34%, list=23%, signal=44%	
GOBP_SODIUM_ION_EXPORT_ACROSS_PLASMA_MEMBRANE	GOBP_SODIUM_ION_EXPORT_ACROSS_PLASMA_MEMBRANE		16	-0.42649713	-1.2886626	0.147651	0.41249058	1.0	970	tags=19%, list=6%, signal=20%	
GOBP_INSULIN_RECEPTOR_SIGNALING_PATHWAY	GOBP_INSULIN_RECEPTOR_SIGNALING_PATHWAY		117	-0.2628469	-1.288184	0.05074627	0.41320968	1.0	3742	tags=34%, list=25%, signal=45%	
GOBP_NEGATIVE_REGULATION_OF_SMOOTHENED_SIGNALING_PATHWAY	GOBP_NEGATIVE_REGULATION_OF_SMOOTHENED_SIGNALING_PATHWAY		32	-0.34488413	-1.2871838	0.12224939	0.41516042	1.0	1692	tags=22%, list=11%, signal=25%	
HP_RIGIDITY	HP_RIGIDITY		178	-0.24885897	-1.2871764	0.027777778	0.41477036	1.0	2913	tags=26%, list=19%, signal=32%	
GOBP_THYMUS_DEVELOPMENT	GOBP_THYMUS_DEVELOPMENT		40	-0.330884	-1.286932	0.123188406	0.41495082	1.0	3068	tags=30%, list=20%, signal=38%	
GOBP_TRNA_THREONYLCARBAMOYLADENOSINE_METABOLIC_PROCESS	GOBP_TRNA_THREONYLCARBAMOYLADENOSINE_METABOLIC_PROCESS		17	-0.41474202	-1.2856231	0.14640199	0.41757563	1.0	4738	tags=47%, list=31%, signal=68%	
GOBP_NEGATIVE_REGULATION_OF_MUSCLE_CELL_DIFFERENTIATION	GOBP_NEGATIVE_REGULATION_OF_MUSCLE_CELL_DIFFERENTIATION		56	-0.30366376	-1.2846469	0.106024094	0.41952443	1.0	3225	tags=36%, list=21%, signal=45%	
HP_ABNORMAL_SCAPULA_MORPHOLOGY	HP_ABNORMAL_SCAPULA_MORPHOLOGY		161	-0.24861078	-1.2845975	0.025787966	0.41924578	1.0	2828	tags=27%, list=19%, signal=33%	
HP_TONGUE_ATROPHY	HP_TONGUE_ATROPHY		45	-0.31690386	-1.2844739	0.09547739	0.41915992	1.0	2561	tags=24%, list=17%, signal=29%	
HP_GLAUCOMA	HP_GLAUCOMA		329	-0.22924043	-1.2843301	0.010989011	0.41909975	1.0	4149	tags=38%, list=27%, signal=52%	
HP_REDUCED_SOCIAL_RESPONSIVENESS	HP_REDUCED_SOCIAL_RESPONSIVENESS		61	-0.29713532	-1.284264	0.08527132	0.41882268	1.0	4107	tags=38%, list=27%, signal=52%	
HP_SPARSE_HAIR	HP_SPARSE_HAIR		334	-0.22660005	-1.2838875	0.014234875	0.41930386	1.0	3794	tags=30%, list=25%, signal=39%	
GOMF_GTPASE_BINDING	GOMF_GTPASE_BINDING		302	-0.23060447	-1.2837942	0.01953125	0.41912127	1.0	3227	tags=27%, list=21%, signal=34%	
GOBP_MONOSACCHARIDE_TRANSMEMBRANE_TRANSPORT	GOBP_MONOSACCHARIDE_TRANSMEMBRANE_TRANSPORT		92	-0.2746728	-1.2837862	0.060526315	0.4187287	1.0	3152	tags=34%, list=21%, signal=42%	
GOBP_LIPID_EXPORT_FROM_CELL	GOBP_LIPID_EXPORT_FROM_CELL		43	-0.31915328	-1.2835895	0.11519608	0.41877612	1.0	2887	tags=30%, list=19%, signal=37%	
GOBP_REGULATION_OF_AUTOPHAGOSOME_ASSEMBLY	GOBP_REGULATION_OF_AUTOPHAGOSOME_ASSEMBLY		44	-0.31951377	-1.283347	0.118568234	0.41898236	1.0	5241	tags=48%, list=35%, signal=73%	
HP_ABNORMALITY_OF_SOMATOSENSORY_EVOKED_POTENTIALS	HP_ABNORMALITY_OF_SOMATOSENSORY_EVOKED_POTENTIALS		18	-0.40534952	-1.2829738	0.16747573	0.4194401	1.0	2750	tags=33%, list=18%, signal=41%	
HP_DELAYED_CRANIAL_SUTURE_CLOSURE	HP_DELAYED_CRANIAL_SUTURE_CLOSURE		82	-0.27807623	-1.28224	0.071611255	0.42077932	1.0	1836	tags=21%, list=12%, signal=23%	
GOBP_CELLULAR_SENESCENCE	GOBP_CELLULAR_SENESCENCE		84	-0.27324226	-1.2811432	0.085365854	0.42287382	1.0	3758	tags=35%, list=25%, signal=46%	
GOBP_STRESS_GRANULE_ASSEMBLY	GOBP_STRESS_GRANULE_ASSEMBLY		34	-0.34210247	-1.2810309	0.13667426	0.42273	1.0	4316	tags=38%, list=29%, signal=53%	
HP_CEREBRAL_CORTICAL_ATROPHY	HP_CEREBRAL_CORTICAL_ATROPHY		310	-0.22881895	-1.2799071	0.012658228	0.42505103	1.0	3287	tags=24%, list=22%, signal=30%	
GOBP_NEGATIVE_REGULATION_OF_PROTEIN_METABOLIC_PROCESS	GOBP_NEGATIVE_REGULATION_OF_PROTEIN_METABOLIC_PROCESS		466	-0.22037534	-1.2795596	0.017621145	0.42546993	1.0	3457	tags=27%, list=23%, signal=34%	
GOBP_POSITIVE_REGULATION_OF_MITOCHONDRIAL_MEMBRANE_PERMEABILITY	GOBP_POSITIVE_REGULATION_OF_MITOCHONDRIAL_MEMBRANE_PERMEABILITY		36	-0.33334637	-1.2789432	0.13043478	0.42659974	1.0	2750	tags=33%, list=18%, signal=41%	
HP_CEREBRAL_PALSY	HP_CEREBRAL_PALSY		157	-0.2514001	-1.2787235	0.04857143	0.42675793	1.0	2442	tags=22%, list=16%, signal=26%	
HP_HYDROPS_FETALIS	HP_HYDROPS_FETALIS		115	-0.26336285	-1.2784324	0.06267806	0.4270535	1.0	3205	tags=30%, list=21%, signal=37%	
GOBP_REGULATION_OF_CELL_SUBSTRATE_JUNCTION_ORGANIZATION	GOBP_REGULATION_OF_CELL_SUBSTRATE_JUNCTION_ORGANIZATION		61	-0.29185116	-1.2781451	0.09620253	0.427336	1.0	3257	tags=31%, list=22%, signal=40%	
GOBP_MICROTUBULE_POLYMERIZATION	GOBP_MICROTUBULE_POLYMERIZATION		91	-0.2690297	-1.2773414	0.083769634	0.42883646	1.0	3507	tags=33%, list=23%, signal=43%	
GOBP_PHENOL_CONTAINING_COMPOUND_BIOSYNTHETIC_PROCESS	GOBP_PHENOL_CONTAINING_COMPOUND_BIOSYNTHETIC_PROCESS		40	-0.32628793	-1.2772499	0.115763545	0.4286255	1.0	2466	tags=38%, list=16%, signal=45%	
GOBP_POSITIVE_REGULATION_OF_DOUBLE_STRAND_BREAK_REPAIR_VIA_HOMOLOGOUS_RECOMBINATION	GOBP_POSITIVE_REGULATION_OF_DOUBLE_STRAND_BREAK_REPAIR_VIA_HOMOLOGOUS_RECOMBINATION		37	-0.3292957	-1.2770368	0.11085451	0.42868128	1.0	3759	tags=41%, list=25%, signal=54%	
GOBP_PROTEIN_CONTAINING_COMPLEX_DISASSEMBLY	GOBP_PROTEIN_CONTAINING_COMPLEX_DISASSEMBLY		239	-0.23378824	-1.2769386	0.03780069	0.42849654	1.0	4118	tags=31%, list=27%, signal=41%	
GOBP_FOREBRAIN_DEVELOPMENT	GOBP_FOREBRAIN_DEVELOPMENT		366	-0.22290474	-1.2768979	0.0038314175	0.42819375	1.0	3389	tags=30%, list=22%, signal=37%	
GOBP_REGULATION_OF_HEMATOPOIETIC_PROGENITOR_CELL_DIFFERENTIATION	GOBP_REGULATION_OF_HEMATOPOIETIC_PROGENITOR_CELL_DIFFERENTIATION		38	-0.3329608	-1.2757294	0.12268519	0.43060845	1.0	2109	tags=26%, list=14%, signal=31%	
GOBP_ENDOSOME_ORGANIZATION	GOBP_ENDOSOME_ORGANIZATION		93	-0.27725166	-1.2757057	0.063360885	0.43025422	1.0	3957	tags=37%, list=26%, signal=49%	
GOBP_NEURAL_PRECURSOR_CELL_PROLIFERATION	GOBP_NEURAL_PRECURSOR_CELL_PROLIFERATION		153	-0.25018495	-1.275675	0.045180723	0.42992538	1.0	3664	tags=32%, list=24%, signal=42%	
HP_WOLFF_PARKINSON_WHITE_SYNDROME	HP_WOLFF_PARKINSON_WHITE_SYNDROME		18	-0.40418845	-1.2753637	0.1448598	0.4302525	1.0	4324	tags=39%, list=29%, signal=54%	
GOBP_AXON_ENSHEATHMENT_IN_CENTRAL_NERVOUS_SYSTEM	GOBP_AXON_ENSHEATHMENT_IN_CENTRAL_NERVOUS_SYSTEM		22	-0.3777445	-1.2751913	0.13895217	0.43027174	1.0	3445	tags=41%, list=23%, signal=53%	
HP_ABNORMALITY_OF_MOUTH_SHAPE	HP_ABNORMALITY_OF_MOUTH_SHAPE		257	-0.23245662	-1.2751033	0.019607844	0.43006855	1.0	4560	tags=38%, list=30%, signal=53%	
HP_ABNORMAL_LATERAL_VENTRICLE_MORPHOLOGY	HP_ABNORMAL_LATERAL_VENTRICLE_MORPHOLOGY		112	-0.26293576	-1.2744734	0.06508876	0.43120912	1.0	3526	tags=29%, list=23%, signal=37%	
HP_CLEFT_LIP	HP_CLEFT_LIP		209	-0.23839289	-1.2742426	0.04605263	0.4313627	1.0	3285	tags=30%, list=22%, signal=38%	
HP_SEVERE_GLOBAL_DEVELOPMENTAL_DELAY	HP_SEVERE_GLOBAL_DEVELOPMENTAL_DELAY		212	-0.23825127	-1.2741591	0.0375	0.43114698	1.0	4152	tags=34%, list=27%, signal=46%	
HP_AREFLEXIA	HP_AREFLEXIA		287	-0.22947331	-1.2740368	0.024054984	0.43103537	1.0	4177	tags=32%, list=28%, signal=43%	
GOBP_POST_EMBRYONIC_DEVELOPMENT	GOBP_POST_EMBRYONIC_DEVELOPMENT		82	-0.27699423	-1.2737036	0.08219178	0.4314064	1.0	2851	tags=26%, list=19%, signal=31%	
GOCC_CYTOPLASMIC_SIDE_OF_MEMBRANE	GOCC_CYTOPLASMIC_SIDE_OF_MEMBRANE		174	-0.24486643	-1.2736487	0.042944785	0.4311197	1.0	3561	tags=33%, list=24%, signal=42%	
HP_ABNORMALITY_OF_THE_CHIN	HP_ABNORMALITY_OF_THE_CHIN		359	-0.22303	-1.2732191	0.010309278	0.43174767	1.0	2396	tags=19%, list=16%, signal=22%	
GOBP_L_ALPHA_AMINO_ACID_TRANSMEMBRANE_TRANSPORT	GOBP_L_ALPHA_AMINO_ACID_TRANSMEMBRANE_TRANSPORT		60	-0.30069894	-1.2730615	0.110539846	0.4317174	1.0	4238	tags=42%, list=28%, signal=58%	
GOBP_MITOCHONDRIAL_DEPOLARIZATION	GOBP_MITOCHONDRIAL_DEPOLARIZATION		24	-0.36854833	-1.2729893	0.14285715	0.43149355	1.0	4273	tags=46%, list=28%, signal=64%	
GOBP_CORTICOSTEROID_HORMONE_SECRETION	GOBP_CORTICOSTEROID_HORMONE_SECRETION		18	-0.39686605	-1.272219	0.17713004	0.43297774	1.0	2887	tags=44%, list=19%, signal=55%	
GOMF_PHOSPHOLIPID_TRANSFER_ACTIVITY	GOMF_PHOSPHOLIPID_TRANSFER_ACTIVITY		24	-0.3719187	-1.2722157	0.15777262	0.43257415	1.0	3983	tags=46%, list=26%, signal=62%	
GOBP_REGULATION_OF_SYNAPTIC_VESICLE_MEMBRANE_ORGANIZATION	GOBP_REGULATION_OF_SYNAPTIC_VESICLE_MEMBRANE_ORGANIZATION		19	-0.3902561	-1.2721153	0.17381974	0.4324053	1.0	1160	tags=21%, list=8%, signal=23%	
GOBP_RESPONSE_TO_LIGHT_INTENSITY	GOBP_RESPONSE_TO_LIGHT_INTENSITY		18	-0.4020251	-1.2717675	0.16595745	0.43284097	1.0	1510	tags=28%, list=10%, signal=31%	
HP_DEEPLY_SET_EYE	HP_DEEPLY_SET_EYE		240	-0.23439896	-1.2713399	0.028481012	0.43351737	1.0	4205	tags=32%, list=28%, signal=44%	
HP_ABNORMAL_BRONCHUS_PHYSIOLOGY	HP_ABNORMAL_BRONCHUS_PHYSIOLOGY		20	-0.3778447	-1.2705494	0.14769976	0.4350966	1.0	5362	tags=50%, list=35%, signal=77%	
GOBP_NEGATIVE_REGULATION_OF_CATALYTIC_ACTIVITY	GOBP_NEGATIVE_REGULATION_OF_CATALYTIC_ACTIVITY		145	-0.25047168	-1.2704376	0.049079753	0.4349681	1.0	3143	tags=31%, list=21%, signal=39%	
GOBP_ESTABLISHMENT_OF_PROTEIN_LOCALIZATION_TO_ORGANELLE	GOBP_ESTABLISHMENT_OF_PROTEIN_LOCALIZATION_TO_ORGANELLE		410	-0.22023116	-1.2694236	0.016	0.43708423	1.0	3724	tags=29%, list=25%, signal=37%	
GOBP_CARDIAC_RIGHT_VENTRICLE_MORPHOGENESIS	GOBP_CARDIAC_RIGHT_VENTRICLE_MORPHOGENESIS		18	-0.39676386	-1.2683158	0.16595745	0.4394371	1.0	1547	tags=28%, list=10%, signal=31%	
HP_APLASIA_HYPOPLASIA_OF_THE_RETINA	HP_APLASIA_HYPOPLASIA_OF_THE_RETINA		47	-0.3087643	-1.268191	0.13348946	0.4393038	1.0	1939	tags=26%, list=13%, signal=29%	
GOBP_TRNA_PROCESSING	GOBP_TRNA_PROCESSING		127	-0.25749558	-1.2680427	0.035820894	0.43925023	1.0	2361	tags=19%, list=16%, signal=22%	
GOBP_LOCOMOTORY_BEHAVIOR	GOBP_LOCOMOTORY_BEHAVIOR		172	-0.24057157	-1.2676754	0.04761905	0.4397763	1.0	2590	tags=25%, list=17%, signal=30%	
GOBP_NEGATIVE_REGULATION_OF_SMOOTH_MUSCLE_CELL_DIFFERENTIATION	GOBP_NEGATIVE_REGULATION_OF_SMOOTH_MUSCLE_CELL_DIFFERENTIATION		15	-0.42216063	-1.2675263	0.14350797	0.43975618	1.0	3030	tags=40%, list=20%, signal=50%	
GOBP_AXON_EXTENSION	GOBP_AXON_EXTENSION		102	-0.263832	-1.267114	0.06104651	0.44037005	1.0	2689	tags=27%, list=18%, signal=33%	
GOBP_REGULATION_OF_GTPASE_ACTIVITY	GOBP_REGULATION_OF_GTPASE_ACTIVITY		133	-0.25414166	-1.2669902	0.06388889	0.44028595	1.0	2657	tags=24%, list=18%, signal=29%	
GOBP_NUCLEAR_TRANSCRIBED_MRNA_CATABOLIC_PROCESS_NONSENSE_MEDIATED_DECAY	GOBP_NUCLEAR_TRANSCRIBED_MRNA_CATABOLIC_PROCESS_NONSENSE_MEDIATED_DECAY		38	-0.32703006	-1.2669019	0.12709832	0.4400827	1.0	5756	tags=55%, list=38%, signal=89%	
GOBP_PROTEIN_K63_LINKED_UBIQUITINATION	GOBP_PROTEIN_K63_LINKED_UBIQUITINATION		62	-0.2866744	-1.2668359	0.12064343	0.43984407	1.0	3016	tags=29%, list=20%, signal=36%	
HP_COGWHEEL_RIGIDITY	HP_COGWHEEL_RIGIDITY		26	-0.35594362	-1.2667321	0.12227074	0.43968102	1.0	2879	tags=38%, list=19%, signal=47%	
HP_HYPOPIGMENTATION_OF_HAIR	HP_HYPOPIGMENTATION_OF_HAIR		85	-0.27477568	-1.2661849	0.09018568	0.44060794	1.0	3783	tags=40%, list=25%, signal=53%	
GOBP_NEGATIVE_REGULATION_OF_PROTEIN_MODIFICATION_PROCESS	GOBP_NEGATIVE_REGULATION_OF_PROTEIN_MODIFICATION_PROCESS		186	-0.24409977	-1.2661402	0.042071197	0.44030988	1.0	3143	tags=28%, list=21%, signal=36%	
GOBP_POSITIVE_REGULATION_OF_D_GLUCOSE_IMPORT	GOBP_POSITIVE_REGULATION_OF_D_GLUCOSE_IMPORT		30	-0.34866962	-1.2661084	0.13777778	0.43996227	1.0	3152	tags=30%, list=21%, signal=38%	
HP_MULTIPLE_LIPOMAS	HP_MULTIPLE_LIPOMAS		26	-0.36150005	-1.2660657	0.14222223	0.43965513	1.0	1212	tags=19%, list=8%, signal=21%	
HP_PES_PLANUS	HP_PES_PLANUS		329	-0.22542584	-1.2658739	0.01532567	0.43976268	1.0	4275	tags=34%, list=28%, signal=46%	
HP_LIMB_DYSMETRIA	HP_LIMB_DYSMETRIA		15	-0.40882435	-1.2648815	0.18973215	0.44184548	1.0	3194	tags=47%, list=21%, signal=59%	
GOBP_INTEGRIN_ACTIVATION	GOBP_INTEGRIN_ACTIVATION		24	-0.3577033	-1.2648443	0.12793177	0.4415398	1.0	3312	tags=42%, list=22%, signal=53%	
GOBP_NEURON_FATE_COMMITMENT	GOBP_NEURON_FATE_COMMITMENT		67	-0.28454602	-1.2647992	0.08737864	0.44122526	1.0	4654	tags=45%, list=31%, signal=64%	
HP_APLASIA_HYPOPLASIA_OF_THE_CEREBELLUM	HP_APLASIA_HYPOPLASIA_OF_THE_CEREBELLUM		484	-0.2165639	-1.2640461	0.011278195	0.44271618	1.0	3837	tags=30%, list=25%, signal=38%	
GOBP_NEGATIVE_REGULATION_OF_MYELOID_CELL_DIFFERENTIATION	GOBP_NEGATIVE_REGULATION_OF_MYELOID_CELL_DIFFERENTIATION		70	-0.28491625	-1.263976	0.10152284	0.4424691	1.0	1294	tags=17%, list=9%, signal=19%	
GOBP_ER_NUCLEUS_SIGNALING_PATHWAY	GOBP_ER_NUCLEUS_SIGNALING_PATHWAY		46	-0.30606502	-1.2633784	0.10714286	0.44361192	1.0	3699	tags=43%, list=24%, signal=57%	
GOMF_PROTEIN_TRANSPORTER_ACTIVITY	GOMF_PROTEIN_TRANSPORTER_ACTIVITY		40	-0.32307765	-1.2624866	0.13302752	0.4453859	1.0	3598	tags=38%, list=24%, signal=49%	
HP_PALLOR	HP_PALLOR		121	-0.25915137	-1.2621439	0.07837838	0.4458114	1.0	2913	tags=29%, list=19%, signal=36%	
GOBP_REGULATION_OF_NERVOUS_SYSTEM_DEVELOPMENT	GOBP_REGULATION_OF_NERVOUS_SYSTEM_DEVELOPMENT		393	-0.22005263	-1.2616653	0.004048583	0.44657204	1.0	2545	tags=24%, list=17%, signal=28%	
GOBP_POSITIVE_REGULATION_OF_EXCITATORY_POSTSYNAPTIC_POTENTIAL	GOBP_POSITIVE_REGULATION_OF_EXCITATORY_POSTSYNAPTIC_POTENTIAL		28	-0.3480922	-1.2615622	0.15172414	0.4464193	1.0	1545	tags=25%, list=10%, signal=28%	
GOBP_DENDRITE_DEVELOPMENT	GOBP_DENDRITE_DEVELOPMENT		209	-0.23799363	-1.2613528	0.04491018	0.44650418	1.0	3063	tags=28%, list=20%, signal=35%	
GOBP_POSITIVE_REGULATION_OF_HYDROLASE_ACTIVITY	GOBP_POSITIVE_REGULATION_OF_HYDROLASE_ACTIVITY		111	-0.2613965	-1.2612989	0.071428575	0.44622928	1.0	2835	tags=29%, list=19%, signal=35%	
GOBP_MODULATION_OF_PROCESS_OF_ANOTHER_ORGANISM	GOBP_MODULATION_OF_PROCESS_OF_ANOTHER_ORGANISM		92	-0.2703198	-1.2612494	0.08287293	0.44594276	1.0	2711	tags=22%, list=18%, signal=26%	
HP_KYPHOSIS	HP_KYPHOSIS		416	-0.2176054	-1.2608272	0.012096774	0.44656938	1.0	4171	tags=35%, list=28%, signal=47%	
HP_POOR_HEAD_CONTROL	HP_POOR_HEAD_CONTROL		211	-0.23555925	-1.260796	0.024242423	0.44623291	1.0	4242	tags=35%, list=28%, signal=47%	
HP_ABNORMAL_ARACHNOID_MATER_MORPHOLOGY	HP_ABNORMAL_ARACHNOID_MATER_MORPHOLOGY		58	-0.29437968	-1.2606928	0.09947644	0.4460594	1.0	4921	tags=45%, list=33%, signal=66%	
HP_SQUARE_FACE	HP_SQUARE_FACE		15	-0.4112415	-1.2606161	0.17482518	0.4458219	1.0	573	tags=20%, list=4%, signal=21%	
HP_VASCULAR_NEOPLASM	HP_VASCULAR_NEOPLASM		121	-0.25470442	-1.2599133	0.05820106	0.44711044	1.0	3904	tags=34%, list=26%, signal=45%	
HP_ABNORMAL_NASAL_CAVITY_MORPHOLOGY	HP_ABNORMAL_NASAL_CAVITY_MORPHOLOGY		15	-0.4093638	-1.2593617	0.17660551	0.4480502	1.0	3225	tags=53%, list=21%, signal=68%	
GOBP_ARF_PROTEIN_SIGNAL_TRANSDUCTION	GOBP_ARF_PROTEIN_SIGNAL_TRANSDUCTION		19	-0.39324355	-1.2584507	0.18544601	0.44989103	1.0	4196	tags=53%, list=28%, signal=73%	
GOBP_PROTEIN_IMPORT_INTO_MITOCHONDRIAL_MATRIX	GOBP_PROTEIN_IMPORT_INTO_MITOCHONDRIAL_MATRIX		23	-0.36871275	-1.2580217	0.15529412	0.4505025	1.0	3598	tags=30%, list=24%, signal=40%	
GOMF_N_ACETYLTRANSFERASE_ACTIVITY	GOMF_N_ACETYLTRANSFERASE_ACTIVITY		60	-0.29135558	-1.2576301	0.110497236	0.4510933	1.0	4841	tags=43%, list=32%, signal=64%	
HP_EMG_ABNORMALITY	HP_EMG_ABNORMALITY		243	-0.23075874	-1.2573844	0.05379747	0.45123097	1.0	3432	tags=30%, list=23%, signal=38%	
GOBP_REGULATION_OF_CILIUM_ASSEMBLY	GOBP_REGULATION_OF_CILIUM_ASSEMBLY		91	-0.2739862	-1.2566975	0.070866145	0.45250228	1.0	1617	tags=19%, list=11%, signal=21%	
HP_CHOREOATHETOSIS	HP_CHOREOATHETOSIS		107	-0.26145145	-1.2566582	0.07455013	0.4522039	1.0	4568	tags=36%, list=30%, signal=51%	
GOBP_L_AMINO_ACID_TRANSPORT	GOBP_L_AMINO_ACID_TRANSPORT		74	-0.28337032	-1.2554975	0.12219451	0.45471352	1.0	4238	tags=39%, list=28%, signal=54%	
GOBP_CENTRAL_NERVOUS_SYSTEM_NEURON_AXONOGENESIS	GOBP_CENTRAL_NERVOUS_SYSTEM_NEURON_AXONOGENESIS		34	-0.33213514	-1.2554642	0.14136125	0.45439047	1.0	4463	tags=41%, list=30%, signal=58%	
HP_AKINESIA	HP_AKINESIA		35	-0.33073878	-1.2551817	0.13300492	0.45468104	1.0	3112	tags=31%, list=21%, signal=39%	
GOBP_PROTEIN_CATABOLIC_PROCESS_IN_THE_VACUOLE	GOBP_PROTEIN_CATABOLIC_PROCESS_IN_THE_VACUOLE		23	-0.36956024	-1.254705	0.15529412	0.45545942	1.0	643	tags=17%, list=4%, signal=18%	
GOBP_REGULATION_OF_MITOCHONDRIAL_DEPOLARIZATION	GOBP_REGULATION_OF_MITOCHONDRIAL_DEPOLARIZATION		19	-0.3965141	-1.2545264	0.17564403	0.45551386	1.0	4708	tags=53%, list=31%, signal=76%	
GOMF_ADP_BINDING	GOMF_ADP_BINDING		45	-0.31492168	-1.2544303	0.13834952	0.45532402	1.0	998	tags=18%, list=7%, signal=19%	
GOBP_DENDRITIC_SPINE_DEVELOPMENT	GOBP_DENDRITIC_SPINE_DEVELOPMENT		82	-0.26995242	-1.2542586	0.101876676	0.45538014	1.0	2803	tags=28%, list=19%, signal=34%	
GOBP_HEMATOPOIETIC_PROGENITOR_CELL_DIFFERENTIATION	GOBP_HEMATOPOIETIC_PROGENITOR_CELL_DIFFERENTIATION		117	-0.25710708	-1.2541767	0.06896552	0.45517385	1.0	2717	tags=25%, list=18%, signal=30%	
HP_BENIGN_NEOPLASM_OF_THE_CENTRAL_NERVOUS_SYSTEM	HP_BENIGN_NEOPLASM_OF_THE_CENTRAL_NERVOUS_SYSTEM		73	-0.27781376	-1.2541753	0.09873418	0.45476788	1.0	2880	tags=26%, list=19%, signal=32%	
GOBP_POSITIVE_REGULATION_OF_STRESS_ACTIVATED_PROTEIN_KINASE_SIGNALING_CASCADE	GOBP_POSITIVE_REGULATION_OF_STRESS_ACTIVATED_PROTEIN_KINASE_SIGNALING_CASCADE		18	-0.3896065	-1.253849	0.1797235	0.4551761	1.0	1838	tags=39%, list=12%, signal=44%	
HP_PROMINENT_METOPIC_RIDGE	HP_PROMINENT_METOPIC_RIDGE		57	-0.29654905	-1.2536114	0.11363637	0.45532608	1.0	3616	tags=30%, list=24%, signal=39%	
GOMF_RNA_NUCLEASE_ACTIVITY	GOMF_RNA_NUCLEASE_ACTIVITY		116	-0.25952914	-1.253601	0.0795756	0.45494476	1.0	4459	tags=33%, list=30%, signal=46%	
GOBP_PALLIUM_DEVELOPMENT	GOBP_PALLIUM_DEVELOPMENT		175	-0.24290037	-1.2534068	0.050445102	0.4550555	1.0	3658	tags=31%, list=24%, signal=40%	
GOBP_NEGATIVE_REGULATION_OF_RESPONSE_TO_ENDOPLASMIC_RETICULUM_STRESS	GOBP_NEGATIVE_REGULATION_OF_RESPONSE_TO_ENDOPLASMIC_RETICULUM_STRESS		44	-0.31630296	-1.2518674	0.14669926	0.4585092	1.0	4056	tags=45%, list=27%, signal=62%	
GOBP_REGULATION_OF_PIGMENTATION	GOBP_REGULATION_OF_PIGMENTATION		15	-0.40811664	-1.2515681	0.18181819	0.4588289	1.0	1149	tags=27%, list=8%, signal=29%	
HP_LOSS_OF_AMBULATION	HP_LOSS_OF_AMBULATION		128	-0.25308353	-1.2514081	0.088948786	0.45877424	1.0	4169	tags=37%, list=28%, signal=50%	
GOBP_PEPTIDYL_THREONINE_MODIFICATION	GOBP_PEPTIDYL_THREONINE_MODIFICATION		42	-0.31226596	-1.2513307	0.1439206	0.45854747	1.0	1402	tags=19%, list=9%, signal=21%	
HP_APLASIA_HYPOPLASIA_OF_FINGERS	HP_APLASIA_HYPOPLASIA_OF_FINGERS		324	-0.2243154	-1.2510068	0.06390978	0.4590216	1.0	2506	tags=22%, list=17%, signal=26%	
HP_NEOPLASM_OF_THE_THYROID_GLAND	HP_NEOPLASM_OF_THE_THYROID_GLAND		50	-0.30234256	-1.2510023	0.115485564	0.4586191	1.0	2777	tags=30%, list=18%, signal=37%	
GOBP_NEGATIVE_REGULATION_OF_PHOSPHATIDYLINOSITOL_3_KINASE_PROTEIN_KINASE_B_SIGNAL_TRANSDUCTION	GOBP_NEGATIVE_REGULATION_OF_PHOSPHATIDYLINOSITOL_3_KINASE_PROTEIN_KINASE_B_SIGNAL_TRANSDUCTION		51	-0.2997508	-1.2508472	0.13930348	0.45859003	1.0	3466	tags=41%, list=23%, signal=53%	
HP_INVOLUNTARY_VOCALIZATION	HP_INVOLUNTARY_VOCALIZATION		47	-0.3081485	-1.2507049	0.1407767	0.45855963	1.0	3597	tags=32%, list=24%, signal=42%	
HP_HYPOPIGMENTATION_OF_THE_SKIN	HP_HYPOPIGMENTATION_OF_THE_SKIN		177	-0.24102233	-1.249859	0.055248618	0.46027875	1.0	3870	tags=33%, list=26%, signal=44%	
GOBP_CELLULAR_RESPONSE_TO_LIGHT_STIMULUS	GOBP_CELLULAR_RESPONSE_TO_LIGHT_STIMULUS		98	-0.2615357	-1.2497861	0.084033616	0.46005982	1.0	2880	tags=26%, list=19%, signal=31%	
GOMF_PROTEIN_CARRIER_CHAPERONE	GOMF_PROTEIN_CARRIER_CHAPERONE		41	-0.3139786	-1.2495648	0.13231552	0.46018443	1.0	4750	tags=46%, list=31%, signal=67%	
GOBP_REGULATION_OF_EXTRACELLULAR_MATRIX_ORGANIZATION	GOBP_REGULATION_OF_EXTRACELLULAR_MATRIX_ORGANIZATION		52	-0.30212036	-1.2494582	0.12619048	0.4600509	1.0	5010	tags=52%, list=33%, signal=77%	
GOBP_MITOCHONDRIAL_OUTER_MEMBRANE_PERMEABILIZATION	GOBP_MITOCHONDRIAL_OUTER_MEMBRANE_PERMEABILIZATION		30	-0.3423639	-1.2492447	0.14111923	0.46021158	1.0	2654	tags=33%, list=18%, signal=40%	
HP_DEMENTIA	HP_DEMENTIA		185	-0.23731045	-1.2489648	0.039513677	0.46048868	1.0	3722	tags=29%, list=25%, signal=38%	
GOBP_PROTEIN_LOCALIZATION_TO_MICROTUBULE_ORGANIZING_CENTER	GOBP_PROTEIN_LOCALIZATION_TO_MICROTUBULE_ORGANIZING_CENTER		33	-0.33355686	-1.2489115	0.15973742	0.46019217	1.0	3507	tags=30%, list=23%, signal=39%	
GOCC_PRESYNAPTIC_ACTIVE_ZONE	GOCC_PRESYNAPTIC_ACTIVE_ZONE		73	-0.27822948	-1.2486947	0.10723192	0.46031097	1.0	2077	tags=25%, list=14%, signal=28%	
HP_PERSEVERATIVE_THOUGHT	HP_PERSEVERATIVE_THOUGHT		17	-0.38909	-1.2485526	0.19298245	0.46029174	1.0	1431	tags=24%, list=9%, signal=26%	
HP_BRACHYCEPHALY	HP_BRACHYCEPHALY		224	-0.23396993	-1.2485342	0.045714285	0.459931	1.0	4149	tags=36%, list=27%, signal=49%	
HP_NON_MOTOR_SEIZURE	HP_NON_MOTOR_SEIZURE		170	-0.24208117	-1.2479084	0.078078076	0.46111435	1.0	4921	tags=42%, list=33%, signal=61%	
HP_ABNORMAL_PONS_MORPHOLOGY	HP_ABNORMAL_PONS_MORPHOLOGY		106	-0.2606156	-1.2475976	0.096534654	0.46154046	1.0	3658	tags=35%, list=24%, signal=46%	
HP_ABNORMAL_ANTIHELIX_MORPHOLOGY	HP_ABNORMAL_ANTIHELIX_MORPHOLOGY		43	-0.30952248	-1.2475535	0.13539192	0.46124655	1.0	4173	tags=35%, list=28%, signal=48%	
GOBP_STRESS_ACTIVATED_PROTEIN_KINASE_SIGNALING_CASCADE	GOBP_STRESS_ACTIVATED_PROTEIN_KINASE_SIGNALING_CASCADE		48	-0.3058366	-1.2471057	0.1460396	0.46201152	1.0	2399	tags=29%, list=16%, signal=35%	
GOBP_REGULATION_OF_BRANCHING_INVOLVED_IN_URETERIC_BUD_MORPHOGENESIS	GOBP_REGULATION_OF_BRANCHING_INVOLVED_IN_URETERIC_BUD_MORPHOGENESIS		19	-0.37584433	-1.2469065	0.17471264	0.46211725	1.0	3485	tags=42%, list=23%, signal=55%	
HP_TELECANTHUS	HP_TELECANTHUS		151	-0.24485575	-1.2466979	0.048991356	0.46227568	1.0	4553	tags=38%, list=30%, signal=54%	
HP_ABSENT_FINGERNAIL	HP_ABSENT_FINGERNAIL		33	-0.33649564	-1.2457722	0.1459854	0.4642052	1.0	2046	tags=24%, list=14%, signal=28%	
GOBP_MIRNA_PROCESSING	GOBP_MIRNA_PROCESSING		33	-0.33463407	-1.2450851	0.16129032	0.4656118	1.0	4335	tags=39%, list=29%, signal=55%	
HP_HYPOMIMIC_FACE	HP_HYPOMIMIC_FACE		32	-0.3347286	-1.2450753	0.16202532	0.46522084	1.0	4177	tags=50%, list=28%, signal=69%	
HP_THIRD_TRIMESTER_ONSET	HP_THIRD_TRIMESTER_ONSET		40	-0.3150026	-1.2448921	0.13073395	0.46525607	1.0	3720	tags=38%, list=25%, signal=50%	
HP_FOCAL_NON_MOTOR_SEIZURE	HP_FOCAL_NON_MOTOR_SEIZURE		36	-0.32349324	-1.2444315	0.13513513	0.46612906	1.0	2913	tags=31%, list=19%, signal=38%	
GOBP_REGULATION_OF_DOPAMINE_SECRETION	GOBP_REGULATION_OF_DOPAMINE_SECRETION		21	-0.36936682	-1.244411	0.16976744	0.46576166	1.0	2277	tags=33%, list=15%, signal=39%	
HP_IRREGULAR_EPIPHYSES	HP_IRREGULAR_EPIPHYSES		23	-0.368312	-1.244163	0.17040358	0.46597832	1.0	2895	tags=30%, list=19%, signal=38%	
HP_VOCAL_CORD_PARALYSIS	HP_VOCAL_CORD_PARALYSIS		47	-0.3025373	-1.2439903	0.14728682	0.46602997	1.0	3000	tags=32%, list=20%, signal=40%	
GOMF_PROTEIN_SERINE_KINASE_ACTIVITY	GOMF_PROTEIN_SERINE_KINASE_ACTIVITY		316	-0.22126877	-1.2439413	0.041825093	0.4657352	1.0	3263	tags=27%, list=22%, signal=33%	
GOBP_POSITIVE_REGULATION_OF_EPITHELIAL_CELL_DIFFERENTIATION	GOBP_POSITIVE_REGULATION_OF_EPITHELIAL_CELL_DIFFERENTIATION		48	-0.30579713	-1.243899	0.12468828	0.4654452	1.0	2462	tags=27%, list=16%, signal=32%	
GOBP_REGULATION_OF_CELL_MORPHOGENESIS	GOBP_REGULATION_OF_CELL_MORPHOGENESIS		216	-0.23448093	-1.2438936	0.06097561	0.46504858	1.0	2111	tags=21%, list=14%, signal=24%	
GOBP_REGULATION_OF_TRANSLATIONAL_FIDELITY	GOBP_REGULATION_OF_TRANSLATIONAL_FIDELITY		15	-0.4107527	-1.2437872	0.19257541	0.46491846	1.0	4416	tags=60%, list=29%, signal=85%	
HP_ABNORMALITY_OF_FACIAL_MUSCULATURE	HP_ABNORMALITY_OF_FACIAL_MUSCULATURE		274	-0.22618233	-1.243765	0.039568346	0.46456513	1.0	3253	tags=28%, list=22%, signal=35%	
GOBP_POSITIVE_REGULATION_OF_ERYTHROCYTE_DIFFERENTIATION	GOBP_POSITIVE_REGULATION_OF_ERYTHROCYTE_DIFFERENTIATION		25	-0.35967058	-1.2436666	0.15710723	0.4644227	1.0	2977	tags=40%, list=20%, signal=50%	
HP_THIN_VERMILION_BORDER	HP_THIN_VERMILION_BORDER		364	-0.21771854	-1.243663	0.014925373	0.4640261	1.0	4196	tags=33%, list=28%, signal=45%	
GOCC_SEX_CHROMOSOME	GOCC_SEX_CHROMOSOME		29	-0.34389615	-1.2436339	0.16421568	0.46370688	1.0	3442	tags=34%, list=23%, signal=45%	
HP_ABSENT_HAND	HP_ABSENT_HAND		17	-0.39735293	-1.2433586	0.20675105	0.46399596	1.0	1111	tags=24%, list=7%, signal=25%	
HP_INCREASED_CIRCULATING_PROLACTIN_CONCENTRATION	HP_INCREASED_CIRCULATING_PROLACTIN_CONCENTRATION		20	-0.37436303	-1.2432933	0.1775	0.46375623	1.0	1692	tags=25%, list=11%, signal=28%	
GOBP_REGULATION_OF_MICROTUBULE_POLYMERIZATION_OR_DEPOLYMERIZATION	GOBP_REGULATION_OF_MICROTUBULE_POLYMERIZATION_OR_DEPOLYMERIZATION		91	-0.26541218	-1.2432615	0.09703504	0.4634371	1.0	2478	tags=26%, list=16%, signal=31%	
GOBP_REGULATION_OF_MITOTIC_CELL_CYCLE_PHASE_TRANSITION	GOBP_REGULATION_OF_MITOTIC_CELL_CYCLE_PHASE_TRANSITION		286	-0.2236072	-1.2430892	0.033962265	0.46349564	1.0	3769	tags=27%, list=25%, signal=35%	
HP_ASTROCYTOSIS	HP_ASTROCYTOSIS		17	-0.39241463	-1.24269	0.19909503	0.46408102	1.0	4560	tags=53%, list=30%, signal=76%	
GOBP_NEGATIVE_REGULATION_OF_AXONOGENESIS	GOBP_NEGATIVE_REGULATION_OF_AXONOGENESIS		46	-0.30422875	-1.242418	0.14728682	0.4643713	1.0	2360	tags=30%, list=16%, signal=36%	
GOBP_PIGMENT_CELL_DIFFERENTIATION	GOBP_PIGMENT_CELL_DIFFERENTIATION		32	-0.33838025	-1.2423894	0.14754099	0.4640387	1.0	4599	tags=56%, list=30%, signal=81%	
GOBP_POSTSYNAPTIC_DENSITY_ORGANIZATION	GOBP_POSTSYNAPTIC_DENSITY_ORGANIZATION		38	-0.3230859	-1.2420487	0.14903846	0.4644598	1.0	3112	tags=39%, list=21%, signal=50%	
GOBP_PROTEIN_LOCALIZATION_TO_SYNAPSE	GOBP_PROTEIN_LOCALIZATION_TO_SYNAPSE		81	-0.2777991	-1.2418967	0.11444142	0.46443325	1.0	2693	tags=28%, list=18%, signal=34%	
GOBP_MEMBRANE_LIPID_BIOSYNTHETIC_PROCESS	GOBP_MEMBRANE_LIPID_BIOSYNTHETIC_PROCESS		135	-0.24976288	-1.2416708	0.071625344	0.4645869	1.0	2711	tags=25%, list=18%, signal=30%	
GOMF_PROTEIN_N_ACETYLTRANSFERASE_ACTIVITY	GOMF_PROTEIN_N_ACETYLTRANSFERASE_ACTIVITY		46	-0.30221155	-1.2413552	0.11678832	0.46502367	1.0	4281	tags=37%, list=28%, signal=51%	
GOBP_REGULATION_OF_CELLULAR_RESPONSE_TO_TRANSFORMING_GROWTH_FACTOR_BETA_STIMULUS	GOBP_REGULATION_OF_CELLULAR_RESPONSE_TO_TRANSFORMING_GROWTH_FACTOR_BETA_STIMULUS		127	-0.2515101	-1.2410233	0.10306407	0.4654617	1.0	3300	tags=27%, list=22%, signal=34%	
HP_ABNORMALITY_OF_THE_POSTERIOR_HAIRLINE	HP_ABNORMALITY_OF_THE_POSTERIOR_HAIRLINE		103	-0.2593756	-1.240594	0.08635098	0.46613944	1.0	3383	tags=28%, list=22%, signal=36%	
GOBP_TELENCEPHALON_DEVELOPMENT	GOBP_TELENCEPHALON_DEVELOPMENT		254	-0.2262625	-1.2402656	0.05090909	0.46652016	1.0	3664	tags=31%, list=24%, signal=40%	
HP_ABNORMAL_VISUAL_FIELD_TEST	HP_ABNORMAL_VISUAL_FIELD_TEST		16	-0.4032896	-1.240063	0.18568233	0.46664184	1.0	1692	tags=25%, list=11%, signal=28%	
HP_HYPEREXTENSIBLE_SKIN	HP_HYPEREXTENSIBLE_SKIN		65	-0.2854487	-1.23987	0.11827957	0.46671936	1.0	4209	tags=34%, list=28%, signal=47%	
GOBP_POSITIVE_REGULATION_OF_NERVOUS_SYSTEM_DEVELOPMENT	GOBP_POSITIVE_REGULATION_OF_NERVOUS_SYSTEM_DEVELOPMENT		249	-0.22890244	-1.2396568	0.041800644	0.46684968	1.0	2803	tags=25%, list=19%, signal=31%	
GOBP_AMINO_ACID_TRANSMEMBRANE_TRANSPORT	GOBP_AMINO_ACID_TRANSMEMBRANE_TRANSPORT		88	-0.26797467	-1.2394892	0.08423913	0.46684843	1.0	4238	tags=38%, list=28%, signal=52%	
GOMF_PHOSPHORIC_ESTER_HYDROLASE_ACTIVITY	GOMF_PHOSPHORIC_ESTER_HYDROLASE_ACTIVITY		420	-0.21512374	-1.2394236	0.01632653	0.46661153	1.0	3537	tags=29%, list=23%, signal=37%	
HP_ABNORMAL_CRANIAL_SUTURE_FONTANELLE_MORPHOLOGY	HP_ABNORMAL_CRANIAL_SUTURE_FONTANELLE_MORPHOLOGY		412	-0.21667546	-1.23937	0.015037594	0.46635705	1.0	4167	tags=33%, list=28%, signal=44%	
HP_POSTERIOR_PITUITARY_DYSGENESIS	HP_POSTERIOR_PITUITARY_DYSGENESIS		20	-0.37555975	-1.2391768	0.17370892	0.4664452	1.0	3823	tags=50%, list=25%, signal=67%	
GOBP_RENAL_WATER_HOMEOSTASIS	GOBP_RENAL_WATER_HOMEOSTASIS		16	-0.39905682	-1.2388194	0.18913044	0.466977	1.0	5484	tags=63%, list=36%, signal=98%	
HP_LOWER_LIMB_MUSCLE_WEAKNESS	HP_LOWER_LIMB_MUSCLE_WEAKNESS		205	-0.23329692	-1.2387685	0.056074765	0.46669647	1.0	3162	tags=24%, list=21%, signal=30%	
HP_PIERRE_ROBIN_SEQUENCE	HP_PIERRE_ROBIN_SEQUENCE		30	-0.34031668	-1.2387583	0.14182693	0.46632117	1.0	1810	tags=23%, list=12%, signal=26%	
GOBP_GLIAL_CELL_PROLIFERATION	GOBP_GLIAL_CELL_PROLIFERATION		47	-0.30849344	-1.2385118	0.13539192	0.46651202	1.0	2785	tags=34%, list=18%, signal=42%	
HP_ABNORMAL_SEMICIRCULAR_CANAL_MORPHOLOGY	HP_ABNORMAL_SEMICIRCULAR_CANAL_MORPHOLOGY		25	-0.3588223	-1.2385106	0.16587678	0.46611533	1.0	2612	tags=32%, list=17%, signal=39%	
HP_ABNORMALITY_OF_HAIR_PIGMENTATION	HP_ABNORMALITY_OF_HAIR_PIGMENTATION		106	-0.25594893	-1.2382879	0.09973046	0.46626908	1.0	3783	tags=42%, list=25%, signal=56%	
GOBP_REGULATION_OF_PROTEOLYSIS	GOBP_REGULATION_OF_PROTEOLYSIS		325	-0.21943422	-1.2380115	0.026515152	0.46659186	1.0	2870	tags=25%, list=19%, signal=30%	
GOCC_CATALYTIC_STEP_2_SPLICEOSOME	GOCC_CATALYTIC_STEP_2_SPLICEOSOME		77	-0.27687368	-1.237986	0.12113402	0.46626255	1.0	4204	tags=36%, list=28%, signal=50%	
HP_ACTION_TREMOR	HP_ACTION_TREMOR		188	-0.23707369	-1.2376999	0.06375839	0.46654844	1.0	2888	tags=21%, list=19%, signal=26%	
HP_ATHETOSIS	HP_ATHETOSIS		148	-0.23962435	-1.2370409	0.06077348	0.4678514	1.0	4568	tags=34%, list=30%, signal=48%	
GOBP_LENS_DEVELOPMENT_IN_CAMERA_TYPE_EYE	GOBP_LENS_DEVELOPMENT_IN_CAMERA_TYPE_EYE		71	-0.27283278	-1.2368404	0.13172042	0.4679784	1.0	2698	tags=30%, list=18%, signal=36%	
GOBP_CELL_CELL_JUNCTION_MAINTENANCE	GOBP_CELL_CELL_JUNCTION_MAINTENANCE		18	-0.37965	-1.236715	0.16775599	0.46794638	1.0	3257	tags=50%, list=22%, signal=64%	
GOBP_POSTSYNAPTIC_DENSITY_ASSEMBLY	GOBP_POSTSYNAPTIC_DENSITY_ASSEMBLY		21	-0.36923942	-1.2363204	0.19178082	0.4685866	1.0	2768	tags=48%, list=18%, signal=58%	
HP_APPENDICULAR_HYPOTONIA	HP_APPENDICULAR_HYPOTONIA		23	-0.36271814	-1.2361207	0.18461539	0.46867567	1.0	5927	tags=65%, list=39%, signal=107%	
GOBP_CELL_REDOX_HOMEOSTASIS	GOBP_CELL_REDOX_HOMEOSTASIS		40	-0.31184626	-1.236116	0.15	0.4682889	1.0	2971	tags=30%, list=20%, signal=37%	
HP_INCREASED_ENDOMYSIAL_CONNECTIVE_TISSUE	HP_INCREASED_ENDOMYSIAL_CONNECTIVE_TISSUE		30	-0.33661565	-1.2359523	0.16197184	0.46830258	1.0	2076	tags=27%, list=14%, signal=31%	
HP_MENTAL_DETERIORATION	HP_MENTAL_DETERIORATION		329	-0.21828793	-1.2359523	0.020134227	0.46790838	1.0	3813	tags=28%, list=25%, signal=37%	
HP_LIMB_MYOCLONUS	HP_LIMB_MYOCLONUS		24	-0.3620234	-1.2357919	0.1724138	0.4679211	1.0	652	tags=21%, list=4%, signal=22%	
HP_PROMINENT_SUPRAORBITAL_RIDGES	HP_PROMINENT_SUPRAORBITAL_RIDGES		52	-0.29579484	-1.2357589	0.14628297	0.46761143	1.0	3747	tags=29%, list=25%, signal=38%	
HP_PROMINENT_FOREHEAD	HP_PROMINENT_FOREHEAD		237	-0.22817054	-1.2352097	0.03323263	0.46865714	1.0	2917	tags=25%, list=19%, signal=30%	
HP_ABNORMALITY_OF_THE_GLABELLA	HP_ABNORMALITY_OF_THE_GLABELLA		24	-0.3515001	-1.2351092	0.17266187	0.46852222	1.0	2504	tags=25%, list=17%, signal=30%	
HP_SECONDARY_MICROCEPHALY	HP_SECONDARY_MICROCEPHALY		180	-0.23888382	-1.2345905	0.08550186	0.46944237	1.0	4675	tags=39%, list=31%, signal=56%	
GOBP_REGULATION_OF_FILOPODIUM_ASSEMBLY	GOBP_REGULATION_OF_FILOPODIUM_ASSEMBLY		43	-0.3112965	-1.2341998	0.16190477	0.47006407	1.0	1666	tags=23%, list=11%, signal=26%	
GOMF_DEACYLASE_ACTIVITY	GOMF_DEACYLASE_ACTIVITY		65	-0.28350487	-1.2338827	0.1311054	0.47049826	1.0	2208	tags=23%, list=15%, signal=27%	
GOBP_VESICLE_COATING	GOBP_VESICLE_COATING		35	-0.32316956	-1.2338651	0.17191283	0.47014204	1.0	5775	tags=66%, list=38%, signal=106%	
GOBP_VIRAL_TRANSCRIPTION	GOBP_VIRAL_TRANSCRIPTION		42	-0.3032654	-1.2338243	0.1439206	0.46984792	1.0	2221	tags=24%, list=15%, signal=28%	
GOBP_PROTEIN_N_LINKED_GLYCOSYLATION_VIA_ASPARAGINE	GOBP_PROTEIN_N_LINKED_GLYCOSYLATION_VIA_ASPARAGINE		40	-0.31281617	-1.2333779	0.14840183	0.4705129	1.0	5533	tags=48%, list=37%, signal=75%	
GOBP_AMINO_ACID_TRANSPORT	GOBP_AMINO_ACID_TRANSPORT		134	-0.24392088	-1.2330586	0.070028014	0.47091272	1.0	4238	tags=35%, list=28%, signal=48%	
GOMF_METALLOCHAPERONE_ACTIVITY	GOMF_METALLOCHAPERONE_ACTIVITY		15	-0.41921178	-1.2330176	0.19565217	0.4706177	1.0	3977	tags=47%, list=26%, signal=63%	
HP_ABNORMAL_CERVICAL_SPINE_MORPHOLOGY	HP_ABNORMAL_CERVICAL_SPINE_MORPHOLOGY		18	-0.38963583	-1.2330118	0.18297872	0.47024032	1.0	2579	tags=28%, list=17%, signal=33%	
HP_MIXED_HEARING_IMPAIRMENT	HP_MIXED_HEARING_IMPAIRMENT		39	-0.31157058	-1.2324984	0.14558473	0.47114542	1.0	1031	tags=18%, list=7%, signal=19%	
GOBP_STEM_CELL_DIFFERENTIATION	GOBP_STEM_CELL_DIFFERENTIATION		226	-0.22980207	-1.2323822	0.04109589	0.4710844	1.0	2689	tags=23%, list=18%, signal=28%	
GOBP_HINDBRAIN_DEVELOPMENT	GOBP_HINDBRAIN_DEVELOPMENT		139	-0.24739662	-1.2318542	0.08146068	0.47206825	1.0	3300	tags=31%, list=22%, signal=39%	
GOCC_U2_TYPE_SPLICEOSOMAL_COMPLEX	GOCC_U2_TYPE_SPLICEOSOMAL_COMPLEX		88	-0.26726437	-1.2318037	0.14784946	0.4718048	1.0	4319	tags=32%, list=29%, signal=44%	
GOBP_SECRETORY_GRANULE_LOCALIZATION	GOBP_SECRETORY_GRANULE_LOCALIZATION		23	-0.36549544	-1.231677	0.1843318	0.47174963	1.0	1498	tags=30%, list=10%, signal=34%	
HP_IMPAIRED_SMOOTH_PURSUIT	HP_IMPAIRED_SMOOTH_PURSUIT		33	-0.33133888	-1.2312055	0.16455697	0.47260374	1.0	1814	tags=18%, list=12%, signal=21%	
GOBP_NEURON_MIGRATION	GOBP_NEURON_MIGRATION		171	-0.23914695	-1.2311659	0.071875	0.47233275	1.0	2557	tags=26%, list=17%, signal=31%	
GOBP_GLYCEROPHOSPHOLIPID_BIOSYNTHETIC_PROCESS	GOBP_GLYCEROPHOSPHOLIPID_BIOSYNTHETIC_PROCESS		178	-0.23254597	-1.2309748	0.07038123	0.47242916	1.0	3736	tags=32%, list=25%, signal=42%	
HP_HYPERTRICHOSIS	HP_HYPERTRICHOSIS		256	-0.22688138	-1.2309703	0.03797468	0.47205186	1.0	3170	tags=24%, list=21%, signal=30%	
HP_TYPICAL_ABSENCE_SEIZURE	HP_TYPICAL_ABSENCE_SEIZURE		25	-0.3419516	-1.2306498	0.1635514	0.4724721	1.0	1520	tags=20%, list=10%, signal=22%	
HP_APLASIA_HYPOPLASIA_OF_THE_CEREBRAL_WHITE_MATTER	HP_APLASIA_HYPOPLASIA_OF_THE_CEREBRAL_WHITE_MATTER		17	-0.39687738	-1.2299474	0.20993228	0.473894	1.0	4606	tags=41%, list=30%, signal=59%	
GOBP_DENDRITIC_SPINE_MAINTENANCE	GOBP_DENDRITIC_SPINE_MAINTENANCE		20	-0.37948322	-1.2299298	0.1880734	0.4735578	1.0	1094	tags=20%, list=7%, signal=22%	
GOMF_RNA_ENDONUCLEASE_ACTIVITY_PRODUCING_5_PHOSPHOMONOESTERS	GOMF_RNA_ENDONUCLEASE_ACTIVITY_PRODUCING_5_PHOSPHOMONOESTERS		31	-0.34009615	-1.2298198	0.18367347	0.4734752	1.0	3338	tags=32%, list=22%, signal=41%	
HP_ABNORMAL_CHORIORETINAL_MORPHOLOGY	HP_ABNORMAL_CHORIORETINAL_MORPHOLOGY		142	-0.24339408	-1.2297977	0.069565214	0.4731407	1.0	3653	tags=36%, list=24%, signal=47%	
HP_APLASIA_HYPOPLASIA_OF_THE_UVULA	HP_APLASIA_HYPOPLASIA_OF_THE_UVULA		25	-0.35656762	-1.2295936	0.17281106	0.47325498	1.0	2241	tags=24%, list=15%, signal=28%	
GOBP_NEGATIVE_REGULATION_OF_GLIAL_CELL_DIFFERENTIATION	GOBP_NEGATIVE_REGULATION_OF_GLIAL_CELL_DIFFERENTIATION		22	-0.37510192	-1.2295711	0.21004567	0.47291216	1.0	2184	tags=32%, list=14%, signal=37%	
GOBP_CENTRAL_NERVOUS_SYSTEM_NEURON_DIFFERENTIATION	GOBP_CENTRAL_NERVOUS_SYSTEM_NEURON_DIFFERENTIATION		216	-0.22894058	-1.229453	0.062893085	0.47282007	1.0	2352	tags=21%, list=16%, signal=24%	
GOCC_PROTEIN_PHOSPHATASE_TYPE_2A_COMPLEX	GOCC_PROTEIN_PHOSPHATASE_TYPE_2A_COMPLEX		16	-0.4029721	-1.2292742	0.20374708	0.4728853	1.0	5235	tags=63%, list=35%, signal=96%	
GOMF_CYTOSKELETAL_ANCHOR_ACTIVITY	GOMF_CYTOSKELETAL_ANCHOR_ACTIVITY		24	-0.35544956	-1.2292248	0.19325842	0.47261065	1.0	2693	tags=38%, list=18%, signal=46%	
HP_PITUITARY_ADENOMA	HP_PITUITARY_ADENOMA		35	-0.3274581	-1.2286557	0.14355232	0.47371113	1.0	2586	tags=26%, list=17%, signal=31%	
HP_ABNORMAL_AORTIC_MORPHOLOGY	HP_ABNORMAL_AORTIC_MORPHOLOGY		347	-0.21656308	-1.2286124	0.035971224	0.473449	1.0	4205	tags=35%, list=28%, signal=47%	
HP_DIAPHRAGMATIC_WEAKNESS	HP_DIAPHRAGMATIC_WEAKNESS		16	-0.40492678	-1.2282118	0.18543047	0.47405863	1.0	2058	tags=25%, list=14%, signal=29%	
HP_ABNORMAL_EATING_BEHAVIOR	HP_ABNORMAL_EATING_BEHAVIOR		105	-0.25757122	-1.2279854	0.09975669	0.47428012	1.0	2772	tags=27%, list=18%, signal=32%	
HP_PAPILLARY_THYROID_CARCINOMA	HP_PAPILLARY_THYROID_CARCINOMA		20	-0.38427287	-1.2279439	0.16775599	0.47400874	1.0	5210	tags=65%, list=34%, signal=99%	
GOMF_SIGNALING_RECEPTOR_COMPLEX_ADAPTOR_ACTIVITY	GOMF_SIGNALING_RECEPTOR_COMPLEX_ADAPTOR_ACTIVITY		42	-0.3078571	-1.2278719	0.15023474	0.4738106	1.0	3795	tags=40%, list=25%, signal=54%	
HP_THIN_UPPER_LIP_VERMILION	HP_THIN_UPPER_LIP_VERMILION		283	-0.22420013	-1.22758	0.05050505	0.47418463	1.0	4196	tags=35%, list=28%, signal=47%	
HP_DISTAL_AMYOTROPHY	HP_DISTAL_AMYOTROPHY		203	-0.22921808	-1.2272666	0.04682274	0.47459048	1.0	3785	tags=28%, list=25%, signal=36%	
GOBP_CELL_DIFFERENTIATION_IN_HINDBRAIN	GOBP_CELL_DIFFERENTIATION_IN_HINDBRAIN		21	-0.36834764	-1.2271738	0.16867469	0.47446516	1.0	1526	tags=29%, list=10%, signal=32%	
GOBP_CELL_GROWTH	GOBP_CELL_GROWTH		420	-0.21301557	-1.2268802	0.014492754	0.4748759	1.0	2715	tags=24%, list=18%, signal=28%	
HP_ABNORMALITY_OF_THE_CERVICAL_SPINE	HP_ABNORMALITY_OF_THE_CERVICAL_SPINE		387	-0.2124925	-1.2261337	0.022140222	0.47641692	1.0	3999	tags=33%, list=26%, signal=44%	
HP_EXAGGERATED_STARTLE_RESPONSE	HP_EXAGGERATED_STARTLE_RESPONSE		29	-0.34020418	-1.2260097	0.1764706	0.4763614	1.0	4511	tags=41%, list=30%, signal=59%	
GOBP_DENDRITE_EXTENSION	GOBP_DENDRITE_EXTENSION		32	-0.3297999	-1.2259053	0.18095239	0.4762609	1.0	3651	tags=47%, list=24%, signal=62%	
HP_MODERATE_GLOBAL_DEVELOPMENTAL_DELAY	HP_MODERATE_GLOBAL_DEVELOPMENTAL_DELAY		25	-0.35588336	-1.225772	0.18581907	0.47622183	1.0	712	tags=20%, list=5%, signal=21%	
GOBP_LEARNING	GOBP_LEARNING		142	-0.24513115	-1.2256986	0.06845238	0.47604668	1.0	2463	tags=25%, list=16%, signal=29%	
GOBP_REGULATION_OF_CELL_CYCLE_PHASE_TRANSITION	GOBP_REGULATION_OF_CELL_CYCLE_PHASE_TRANSITION		373	-0.21742	-1.2256217	0.038314175	0.47588158	1.0	3769	tags=27%, list=25%, signal=36%	
HP_DYSPHAGIA	HP_DYSPHAGIA		490	-0.20814984	-1.225103	0.00913242	0.47683585	1.0	3296	tags=26%, list=22%, signal=32%	
GOBP_RNA_SURVEILLANCE	GOBP_RNA_SURVEILLANCE		34	-0.31769276	-1.2248111	0.17224881	0.47722334	1.0	5542	tags=44%, list=37%, signal=70%	
GOCC_SPLICEOSOMAL_TRI_SNRNP_COMPLEX	GOCC_SPLICEOSOMAL_TRI_SNRNP_COMPLEX		35	-0.32239512	-1.2247846	0.17980295	0.4769044	1.0	4173	tags=37%, list=28%, signal=51%	
HP_ASPIRATION_PNEUMONIA	HP_ASPIRATION_PNEUMONIA		82	-0.2676657	-1.2246635	0.1131579	0.47684783	1.0	3293	tags=34%, list=22%, signal=43%	
HP_DYSCALCULIA	HP_DYSCALCULIA		19	-0.3768143	-1.2244918	0.18636364	0.4768903	1.0	1340	tags=26%, list=9%, signal=29%	
GOBP_SPINAL_CORD_DEVELOPMENT	GOBP_SPINAL_CORD_DEVELOPMENT		89	-0.26092288	-1.2236644	0.12834224	0.4786675	1.0	2767	tags=27%, list=18%, signal=33%	
GOBP_RNA_EXPORT_FROM_NUCLEUS	GOBP_RNA_EXPORT_FROM_NUCLEUS		81	-0.26537636	-1.2232267	0.1312336	0.47946692	1.0	4235	tags=33%, list=28%, signal=46%	
GOMF_NUCLEOSIDE_TRIPHOSPHATASE_REGULATOR_ACTIVITY	GOMF_NUCLEOSIDE_TRIPHOSPHATASE_REGULATOR_ACTIVITY		446	-0.21092269	-1.2230625	0.025925925	0.47953343	1.0	3649	tags=29%, list=24%, signal=38%	
GOBP_CELL_CYCLE_PHASE_TRANSITION	GOBP_CELL_CYCLE_PHASE_TRANSITION		465	-0.20947368	-1.2230346	0.015873017	0.4792105	1.0	3796	tags=28%, list=25%, signal=36%	
GOBP_WNT_SIGNALING_PATHWAY	GOBP_WNT_SIGNALING_PATHWAY		408	-0.21351443	-1.2227433	0.04195804	0.47962984	1.0	3300	tags=27%, list=22%, signal=34%	
GOBP_NEGATIVE_REGULATION_OF_NEURON_PROJECTION_DEVELOPMENT	GOBP_NEGATIVE_REGULATION_OF_NEURON_PROJECTION_DEVELOPMENT		114	-0.24731597	-1.222659	0.109947644	0.4794482	1.0	2360	tags=26%, list=16%, signal=31%	
GOBP_GLYCEROLIPID_BIOSYNTHETIC_PROCESS	GOBP_GLYCEROLIPID_BIOSYNTHETIC_PROCESS		212	-0.22827098	-1.2226528	0.07094595	0.47907495	1.0	3736	tags=32%, list=25%, signal=41%	
GOBP_SMOOTH_MUSCLE_CELL_APOPTOTIC_PROCESS	GOBP_SMOOTH_MUSCLE_CELL_APOPTOTIC_PROCESS		27	-0.33947217	-1.2225691	0.18453865	0.47890618	1.0	991	tags=19%, list=7%, signal=20%	
GOBP_REGULATION_OF_LONG_TERM_NEURONAL_SYNAPTIC_PLASTICITY	GOBP_REGULATION_OF_LONG_TERM_NEURONAL_SYNAPTIC_PLASTICITY		23	-0.35630345	-1.2222408	0.18181819	0.47935155	1.0	2184	tags=26%, list=14%, signal=30%	
GOBP_NEGATIVE_REGULATION_OF_NON_CANONICAL_NF_KAPPAB_SIGNAL_TRANSDUCTION	GOBP_NEGATIVE_REGULATION_OF_NON_CANONICAL_NF_KAPPAB_SIGNAL_TRANSDUCTION		22	-0.36627266	-1.2219272	0.19313304	0.47976565	1.0	3347	tags=45%, list=22%, signal=58%	
HP_HIGH_NARROW_PALATE	HP_HIGH_NARROW_PALATE		137	-0.24507225	-1.2214438	0.07954545	0.4806362	1.0	4900	tags=45%, list=32%, signal=66%	
HP_MICROPHTHALMIA	HP_MICROPHTHALMIA		263	-0.22270274	-1.220149	0.0660066	0.48356333	1.0	3312	tags=26%, list=22%, signal=33%	
HP_CONGENITAL_CONTRACTURE	HP_CONGENITAL_CONTRACTURE		142	-0.24354844	-1.2199749	0.077151336	0.48362446	1.0	1374	tags=14%, list=9%, signal=15%	
GOMF_PHOSPHATASE_BINDING	GOMF_PHOSPHATASE_BINDING		161	-0.23706497	-1.2198899	0.06451613	0.4834502	1.0	1786	tags=18%, list=12%, signal=20%	
GOBP_REGULATION_OF_NOTCH_SIGNALING_PATHWAY	GOBP_REGULATION_OF_NOTCH_SIGNALING_PATHWAY		88	-0.26732907	-1.2198372	0.105405405	0.48320273	1.0	2090	tags=22%, list=14%, signal=25%	
HP_GASTROSTOMY_TUBE_FEEDING_IN_INFANCY	HP_GASTROSTOMY_TUBE_FEEDING_IN_INFANCY		92	-0.2596574	-1.21963	0.11375661	0.483382	1.0	3404	tags=34%, list=23%, signal=43%	
GOBP_REGULATION_OF_MYELINATION	GOBP_REGULATION_OF_MYELINATION		44	-0.30515602	-1.2192061	0.17471264	0.48416707	1.0	3261	tags=34%, list=22%, signal=43%	
HP_PERIPHERAL_DEMYELINATION	HP_PERIPHERAL_DEMYELINATION		43	-0.30392063	-1.2189963	0.17619048	0.48435545	1.0	4171	tags=37%, list=28%, signal=51%	
HP_INTRINSIC_HAND_MUSCLE_ATROPHY	HP_INTRINSIC_HAND_MUSCLE_ATROPHY		24	-0.34655243	-1.2188967	0.1936937	0.48422498	1.0	2391	tags=29%, list=16%, signal=35%	
GOBP_VESICLE_MEDIATED_TRANSPORT_BETWEEN_ENDOSOMAL_COMPARTMENTS	GOBP_VESICLE_MEDIATED_TRANSPORT_BETWEEN_ENDOSOMAL_COMPARTMENTS		45	-0.29781705	-1.218866	0.16169155	0.4839403	1.0	3351	tags=31%, list=22%, signal=40%	
GOBP_PROTEIN_TARGETING_TO_MEMBRANE	GOBP_PROTEIN_TARGETING_TO_MEMBRANE		111	-0.25502184	-1.218837	0.09090909	0.48363444	1.0	3816	tags=35%, list=25%, signal=47%	
HP_DYSLEXIA	HP_DYSLEXIA		26	-0.34928694	-1.2180792	0.2	0.48531288	1.0	1694	tags=27%, list=11%, signal=30%	
GOBP_VESICLE_TRANSPORT_ALONG_MICROTUBULE	GOBP_VESICLE_TRANSPORT_ALONG_MICROTUBULE		42	-0.30647114	-1.2179326	0.16312057	0.48534516	1.0	3433	tags=33%, list=23%, signal=43%	
GOMF_PROMOTER_SPECIFIC_CHROMATIN_BINDING	GOMF_PROMOTER_SPECIFIC_CHROMATIN_BINDING		57	-0.2869592	-1.2179068	0.14527845	0.48503315	1.0	1687	tags=19%, list=11%, signal=22%	
GOCC_PERICENTRIC_HETEROCHROMATIN	GOCC_PERICENTRIC_HETEROCHROMATIN		27	-0.3490102	-1.2178283	0.20232558	0.4848598	1.0	3604	tags=33%, list=24%, signal=44%	
HP_ABNORMAL_FORAMEN_MAGNUM_MORPHOLOGY	HP_ABNORMAL_FORAMEN_MAGNUM_MORPHOLOGY		16	-0.39741576	-1.2177453	0.19908467	0.48468587	1.0	4377	tags=50%, list=29%, signal=70%	
GOBP_POSITIVE_REGULATION_OF_P38MAPK_CASCADE	GOBP_POSITIVE_REGULATION_OF_P38MAPK_CASCADE		21	-0.3612608	-1.2171748	0.19724771	0.48583496	1.0	2462	tags=38%, list=16%, signal=45%	
HP_CONGENITAL_DIAPHRAGMATIC_HERNIA	HP_CONGENITAL_DIAPHRAGMATIC_HERNIA		92	-0.26078597	-1.2168157	0.116094984	0.4864177	1.0	4205	tags=38%, list=28%, signal=52%	
HP_PANHYPOGAMMAGLOBULINEMIA	HP_PANHYPOGAMMAGLOBULINEMIA		22	-0.3631723	-1.2166628	0.19268292	0.48642966	1.0	41	tags=9%, list=0%, signal=9%	
GOBP_REGULATION_OF_ANDROGEN_RECEPTOR_SIGNALING_PATHWAY	GOBP_REGULATION_OF_ANDROGEN_RECEPTOR_SIGNALING_PATHWAY		25	-0.3462817	-1.2163969	0.19419643	0.48674208	1.0	2208	tags=24%, list=15%, signal=28%	
HP_ARTERIOVENOUS_MALFORMATION	HP_ARTERIOVENOUS_MALFORMATION		43	-0.30096105	-1.2160473	0.18401937	0.48728707	1.0	2596	tags=21%, list=17%, signal=25%	
GOBP_NUCLEAR_TRANSCRIBED_MRNA_POLY_A_TAIL_SHORTENING	GOBP_NUCLEAR_TRANSCRIBED_MRNA_POLY_A_TAIL_SHORTENING		28	-0.34086022	-1.2157687	0.18333334	0.48762065	1.0	3725	tags=39%, list=25%, signal=52%	
GOBP_STEROID_HORMONE_SECRETION	GOBP_STEROID_HORMONE_SECRETION		25	-0.34334174	-1.2157577	0.18224299	0.48727405	1.0	2887	tags=40%, list=19%, signal=49%	
GOBP_REGULATION_OF_CELLULAR_RESPONSE_TO_STRESS	GOBP_REGULATION_OF_CELLULAR_RESPONSE_TO_STRESS		481	-0.20723209	-1.2151936	0.012396694	0.4883747	1.0	3781	tags=30%, list=25%, signal=39%	
GOBP_MRNA_CATABOLIC_PROCESS	GOBP_MRNA_CATABOLIC_PROCESS		222	-0.2262453	-1.2151613	0.0397351	0.4880816	1.0	3732	tags=31%, list=25%, signal=40%	
GOBP_FILOPODIUM_ASSEMBLY	GOBP_FILOPODIUM_ASSEMBLY		61	-0.27959666	-1.2151078	0.14021164	0.48786747	1.0	3382	tags=34%, list=22%, signal=44%	
GOBP_DNA_METHYLATION_DEPENDENT_CONSTITUTIVE_HETEROCHROMATIN_FORMATION	GOBP_DNA_METHYLATION_DEPENDENT_CONSTITUTIVE_HETEROCHROMATIN_FORMATION		29	-0.33292374	-1.2150232	0.15246637	0.48770437	1.0	3333	tags=38%, list=22%, signal=49%	
GOBP_POSITIVE_REGULATION_OF_CELL_JUNCTION_ASSEMBLY	GOBP_POSITIVE_REGULATION_OF_CELL_JUNCTION_ASSEMBLY		93	-0.26023567	-1.2147348	0.122015916	0.48811233	1.0	2842	tags=28%, list=19%, signal=34%	
GOBP_REGULATION_OF_ERYTHROCYTE_DIFFERENTIATION	GOBP_REGULATION_OF_ERYTHROCYTE_DIFFERENTIATION		37	-0.32120192	-1.214723	0.18119267	0.48775437	1.0	2016	tags=27%, list=13%, signal=31%	
GOBP_REGULATION_OF_POSTSYNAPTIC_NEUROTRANSMITTER_RECEPTOR_INTERNALIZATION	GOBP_REGULATION_OF_POSTSYNAPTIC_NEUROTRANSMITTER_RECEPTOR_INTERNALIZATION		23	-0.36158663	-1.214504	0.2027972	0.4879637	1.0	2735	tags=30%, list=18%, signal=37%	
HP_ABNORMALITY_OF_THE_MUSCULATURE_OF_THE_UPPER_LIMBS	HP_ABNORMALITY_OF_THE_MUSCULATURE_OF_THE_UPPER_LIMBS		255	-0.22306353	-1.2143743	0.045901638	0.48793304	1.0	3432	tags=29%, list=23%, signal=37%	
HP_NASOLACRIMAL_DUCT_OBSTRUCTION	HP_NASOLACRIMAL_DUCT_OBSTRUCTION		39	-0.30644697	-1.2142717	0.16873449	0.48782307	1.0	880	tags=18%, list=6%, signal=19%	
HP_CHOLANGITIS	HP_CHOLANGITIS		24	-0.35709518	-1.2140812	0.19854721	0.48798066	1.0	3782	tags=42%, list=25%, signal=55%	
GOBP_REGULATION_OF_NEUROGENESIS	GOBP_REGULATION_OF_NEUROGENESIS		318	-0.21619228	-1.2140185	0.053956833	0.4877631	1.0	2381	tags=23%, list=16%, signal=27%	
GOBP_MEIOTIC_SPINDLE_ORGANIZATION	GOBP_MEIOTIC_SPINDLE_ORGANIZATION		18	-0.383499	-1.2138532	0.21444695	0.48779362	1.0	3170	tags=39%, list=21%, signal=49%	
GOMF_SODIUM_ION_TRANSMEMBRANE_TRANSPORTER_ACTIVITY	GOMF_SODIUM_ION_TRANSMEMBRANE_TRANSPORTER_ACTIVITY		165	-0.2348839	-1.2131258	0.083333336	0.48932505	1.0	2487	tags=22%, list=16%, signal=26%	
GOBP_REGULATION_OF_INTRINSIC_APOPTOTIC_SIGNALING_PATHWAY_IN_RESPONSE_TO_DNA_DAMAGE	GOBP_REGULATION_OF_INTRINSIC_APOPTOTIC_SIGNALING_PATHWAY_IN_RESPONSE_TO_DNA_DAMAGE		38	-0.31968185	-1.2130473	0.17741935	0.48913807	1.0	3082	tags=34%, list=20%, signal=43%	
HP_ABNORMALITY_OF_BINOCULAR_VISION	HP_ABNORMALITY_OF_BINOCULAR_VISION		73	-0.27581182	-1.2120192	0.16067146	0.4915963	1.0	3112	tags=32%, list=21%, signal=39%	
HP_POOR_MOTOR_COORDINATION	HP_POOR_MOTOR_COORDINATION		68	-0.27496135	-1.2119963	0.14320388	0.49127433	1.0	1297	tags=16%, list=9%, signal=18%	
GOBP_REGULATION_OF_SIGNAL_TRANSDUCTION_BY_P53_CLASS_MEDIATOR	GOBP_REGULATION_OF_SIGNAL_TRANSDUCTION_BY_P53_CLASS_MEDIATOR		99	-0.25844735	-1.211854	0.13602015	0.4912881	1.0	2318	tags=24%, list=15%, signal=28%	
GOBP_REGULATION_OF_CHROMATIN_ORGANIZATION	GOBP_REGULATION_OF_CHROMATIN_ORGANIZATION		18	-0.39294276	-1.2114657	0.20704846	0.49198622	1.0	3442	tags=39%, list=23%, signal=50%	
HP_LUMBAR_HYPERLORDOSIS	HP_LUMBAR_HYPERLORDOSIS		92	-0.25397164	-1.2113897	0.12793733	0.4917901	1.0	4163	tags=37%, list=28%, signal=51%	
GOBP_REGULATION_OF_ORGANELLE_ASSEMBLY	GOBP_REGULATION_OF_ORGANELLE_ASSEMBLY		229	-0.22563171	-1.2112769	0.075987846	0.49172932	1.0	3593	tags=31%, list=24%, signal=39%	
GOBP_REGULATION_OF_TRANSMEMBRANE_RECEPTOR_PROTEIN_SERINE_THREONINE_KINASE_SIGNALING_PATHWAY	GOBP_REGULATION_OF_TRANSMEMBRANE_RECEPTOR_PROTEIN_SERINE_THREONINE_KINASE_SIGNALING_PATHWAY		240	-0.22266395	-1.2110748	0.050675675	0.49186188	1.0	3820	tags=30%, list=25%, signal=39%	
HP_MALE_SEXUAL_DYSFUNCTION	HP_MALE_SEXUAL_DYSFUNCTION		76	-0.27080882	-1.2110468	0.13296399	0.49154076	1.0	2204	tags=26%, list=15%, signal=31%	
HP_ABNORMAL_OCCIPITAL_BONE_MORPHOLOGY	HP_ABNORMAL_OCCIPITAL_BONE_MORPHOLOGY		106	-0.2507219	-1.2106241	0.09677419	0.4922056	1.0	4247	tags=37%, list=28%, signal=51%	
GOBP_AXONAL_FASCICULATION	GOBP_AXONAL_FASCICULATION		21	-0.3616236	-1.210294	0.18906605	0.49268645	1.0	2341	tags=24%, list=15%, signal=28%	
GOBP_BASIC_AMINO_ACID_TRANSPORT	GOBP_BASIC_AMINO_ACID_TRANSPORT		18	-0.3748786	-1.2098938	0.2147651	0.49330196	1.0	4742	tags=50%, list=31%, signal=73%	
HP_LIMB_GIRDLE_MUSCLE_ATROPHY	HP_LIMB_GIRDLE_MUSCLE_ATROPHY		30	-0.33296105	-1.2094665	0.19854721	0.49407527	1.0	2666	tags=27%, list=18%, signal=32%	
GOBP_PROTEIN_LOCALIZATION_TO_POSTSYNAPSE	GOBP_PROTEIN_LOCALIZATION_TO_POSTSYNAPSE		49	-0.29237333	-1.209329	0.17128463	0.49408552	1.0	3868	tags=39%, list=26%, signal=52%	
GOCC_CELL_BODY_MEMBRANE	GOCC_CELL_BODY_MEMBRANE		29	-0.333727	-1.2093118	0.19804402	0.49375463	1.0	1200	tags=24%, list=8%, signal=26%	
HP_LARGE_FOR_GESTATIONAL_AGE	HP_LARGE_FOR_GESTATIONAL_AGE		43	-0.29897422	-1.2092174	0.15727699	0.49361402	1.0	3119	tags=30%, list=21%, signal=38%	
GOMF_HYALURONIC_ACID_BINDING	GOMF_HYALURONIC_ACID_BINDING		21	-0.36537674	-1.2091212	0.19239905	0.49352255	1.0	3935	tags=52%, list=26%, signal=71%	
GOMF_CHEMOREPELLENT_ACTIVITY	GOMF_CHEMOREPELLENT_ACTIVITY		25	-0.3462257	-1.2090364	0.19339623	0.4933675	1.0	1509	tags=28%, list=10%, signal=31%	
GOBP_CRANIAL_SKELETAL_SYSTEM_DEVELOPMENT	GOBP_CRANIAL_SKELETAL_SYSTEM_DEVELOPMENT		63	-0.2788315	-1.2087494	0.14211886	0.4937442	1.0	978	tags=17%, list=6%, signal=19%	
HP_ABNORMAL_ADIPOSE_TISSUE_MORPHOLOGY	HP_ABNORMAL_ADIPOSE_TISSUE_MORPHOLOGY		194	-0.230127	-1.2087474	0.079872206	0.4933731	1.0	2231	tags=20%, list=15%, signal=23%	
GOMF_PROTEIN_KINASE_A_BINDING	GOMF_PROTEIN_KINASE_A_BINDING		45	-0.30239058	-1.2087127	0.1891253	0.49309793	1.0	3096	tags=27%, list=20%, signal=33%	
GOMF_PURINE_NUCLEOTIDE_TRANSMEMBRANE_TRANSPORTER_ACTIVITY	GOMF_PURINE_NUCLEOTIDE_TRANSMEMBRANE_TRANSPORTER_ACTIVITY		21	-0.3660004	-1.20852	0.19257541	0.49322647	1.0	5152	tags=67%, list=34%, signal=101%	
HP_ABNORMAL_CRANIAL_NERVE_PHYSIOLOGY	HP_ABNORMAL_CRANIAL_NERVE_PHYSIOLOGY		245	-0.2193217	-1.2080406	0.08227848	0.4941341	1.0	3255	tags=27%, list=22%, signal=34%	
GOBP_REGULATION_OF_PROTEIN_LOCALIZATION_TO_SYNAPSE	GOBP_REGULATION_OF_PROTEIN_LOCALIZATION_TO_SYNAPSE		27	-0.33940417	-1.2073636	0.1724138	0.49553457	1.0	3868	tags=41%, list=26%, signal=55%	
GOMF_PROTEIN_TYROSINE_KINASE_BINDING	GOMF_PROTEIN_TYROSINE_KINASE_BINDING		93	-0.2593914	-1.2073599	0.13498622	0.49516922	1.0	2687	tags=25%, list=18%, signal=30%	
GOMF_HISTONE_H3K4ME3_READER_ACTIVITY	GOMF_HISTONE_H3K4ME3_READER_ACTIVITY		22	-0.36529592	-1.2070714	0.21014492	0.49556956	1.0	4009	tags=50%, list=27%, signal=68%	
GOBP_AORTA_DEVELOPMENT	GOBP_AORTA_DEVELOPMENT		56	-0.28442577	-1.2069805	0.17380352	0.49544007	1.0	1770	tags=27%, list=12%, signal=30%	
GOBP_CELLULAR_COMPONENT_DISASSEMBLY_INVOLVED_IN_EXECUTION_PHASE_OF_APOPTOSIS	GOBP_CELLULAR_COMPONENT_DISASSEMBLY_INVOLVED_IN_EXECUTION_PHASE_OF_APOPTOSIS		27	-0.34060255	-1.2069621	0.20971303	0.495107	1.0	3530	tags=33%, list=23%, signal=43%	
GOBP_MRNA_3_END_PROCESSING	GOBP_MRNA_3_END_PROCESSING		37	-0.3097769	-1.20689	0.18138425	0.49493018	1.0	1931	tags=22%, list=13%, signal=25%	
HP_DISPROPORTIONATE_SHORT_TRUNK_SHORT_STATURE	HP_DISPROPORTIONATE_SHORT_TRUNK_SHORT_STATURE		27	-0.33516312	-1.2066923	0.20316027	0.49508026	1.0	2417	tags=30%, list=16%, signal=35%	
GOBP_NEGATIVE_REGULATION_OF_PROTEIN_LOCALIZATION	GOBP_NEGATIVE_REGULATION_OF_PROTEIN_LOCALIZATION		193	-0.22721821	-1.206681	0.07514451	0.494733	1.0	3675	tags=32%, list=24%, signal=41%	
GOBP_POSITIVE_REGULATION_OF_TRANSMEMBRANE_RECEPTOR_PROTEIN_SERINE_THREONINE_KINASE_SIGNALING_PATHWAY	GOBP_POSITIVE_REGULATION_OF_TRANSMEMBRANE_RECEPTOR_PROTEIN_SERINE_THREONINE_KINASE_SIGNALING_PATHWAY		88	-0.25930873	-1.20659	0.11466666	0.4945921	1.0	3795	tags=33%, list=25%, signal=44%	
HP_JUVENILE_MYELOMONOCYTIC_LEUKEMIA	HP_JUVENILE_MYELOMONOCYTIC_LEUKEMIA		18	-0.38296455	-1.2061974	0.203125	0.49527743	1.0	3068	tags=33%, list=20%, signal=42%	
GOMF_NUCLEOTIDE_TRANSMEMBRANE_TRANSPORTER_ACTIVITY	GOMF_NUCLEOTIDE_TRANSMEMBRANE_TRANSPORTER_ACTIVITY		25	-0.3452787	-1.2052679	0.18614718	0.49740478	1.0	5152	tags=64%, list=34%, signal=97%	
HP_MACROCEPHALY	HP_MACROCEPHALY		406	-0.20965496	-1.2050549	0.032520324	0.49761042	1.0	4669	tags=36%, list=31%, signal=51%	
HP_CLONUS	HP_CLONUS		118	-0.24533622	-1.2049005	0.103896104	0.49766275	1.0	4211	tags=36%, list=28%, signal=49%	
HP_HYPERACTIVITY	HP_HYPERACTIVITY		490	-0.20675443	-1.2047988	0.02586207	0.49757144	1.0	4201	tags=32%, list=28%, signal=42%	
HP_URINARY_INCONTINENCE	HP_URINARY_INCONTINENCE		131	-0.24264616	-1.2047178	0.072674416	0.49740243	1.0	3183	tags=29%, list=21%, signal=36%	
GOBP_NEGATIVE_REGULATION_OF_CELL_PROJECTION_ORGANIZATION	GOBP_NEGATIVE_REGULATION_OF_CELL_PROJECTION_ORGANIZATION		162	-0.23536886	-1.2045438	0.11746988	0.49749506	1.0	2381	tags=24%, list=16%, signal=28%	
HP_PACE_OF_PROGRESSION	HP_PACE_OF_PROGRESSION		393	-0.20953114	-1.203498	0.03515625	0.49990743	1.0	3255	tags=25%, list=22%, signal=32%	
GOMF_MACROMOLECULE_TRANSMEMBRANE_TRANSPORTER_ACTIVITY	GOMF_MACROMOLECULE_TRANSMEMBRANE_TRANSPORTER_ACTIVITY		28	-0.33836445	-1.2027998	0.19221967	0.50139093	1.0	3598	tags=39%, list=24%, signal=51%	
HP_APATHY	HP_APATHY		75	-0.2683732	-1.2027254	0.14214464	0.50123036	1.0	3225	tags=33%, list=21%, signal=42%	
GOBP_URETER_DEVELOPMENT	GOBP_URETER_DEVELOPMENT		16	-0.39361578	-1.2023777	0.22295806	0.501766	1.0	2452	tags=31%, list=16%, signal=37%	
HP_RENAL_AGENESIS	HP_RENAL_AGENESIS		188	-0.23115428	-1.2023515	0.08356546	0.5014611	1.0	3795	tags=34%, list=25%, signal=44%	
GOBP_POSITIVE_REGULATION_OF_FATTY_ACID_TRANSPORT	GOBP_POSITIVE_REGULATION_OF_FATTY_ACID_TRANSPORT		16	-0.39008155	-1.2021736	0.20229885	0.5015646	1.0	3255	tags=38%, list=22%, signal=48%	
GOBP_POSITIVE_REGULATION_OF_PLASMA_MEMBRANE_BOUNDED_CELL_PROJECTION_ASSEMBLY	GOBP_POSITIVE_REGULATION_OF_PLASMA_MEMBRANE_BOUNDED_CELL_PROJECTION_ASSEMBLY		102	-0.25228453	-1.2016724	0.102564104	0.5024967	1.0	1616	tags=15%, list=11%, signal=16%	
GOCC_POSTSYNAPTIC_ENDOSOME	GOCC_POSTSYNAPTIC_ENDOSOME		21	-0.36143956	-1.2015231	0.21495327	0.5025137	1.0	959	tags=19%, list=6%, signal=20%	
GOBP_VACUOLAR_TRANSPORT	GOBP_VACUOLAR_TRANSPORT		146	-0.23919466	-1.2015043	0.114035085	0.50219214	1.0	5222	tags=49%, list=35%, signal=75%	
GOBP_REGULATION_OF_SYNAPTIC_VESICLE_EXOCYTOSIS	GOBP_REGULATION_OF_SYNAPTIC_VESICLE_EXOCYTOSIS		48	-0.29433164	-1.20049	0.15482233	0.5045145	1.0	2556	tags=31%, list=17%, signal=37%	
GOBP_NEGATIVE_REGULATION_OF_TISSUE_REMODELING	GOBP_NEGATIVE_REGULATION_OF_TISSUE_REMODELING		15	-0.40319636	-1.2001747	0.21902655	0.5050203	1.0	2399	tags=27%, list=16%, signal=32%	
HP_WEAKNESS_OF_FACIAL_MUSCULATURE	HP_WEAKNESS_OF_FACIAL_MUSCULATURE		205	-0.22537492	-1.2001513	0.067073174	0.50471085	1.0	3253	tags=28%, list=22%, signal=36%	
GOBP_NEGATIVE_REGULATION_OF_TRANSLATION	GOBP_NEGATIVE_REGULATION_OF_TRANSLATION		119	-0.24588543	-1.2001392	0.09384164	0.5043728	1.0	4260	tags=36%, list=28%, signal=50%	
GOBP_GENOMIC_IMPRINTING	GOBP_GENOMIC_IMPRINTING		17	-0.3853718	-1.1998696	0.22384427	0.5047226	1.0	1405	tags=24%, list=9%, signal=26%	
HP_LIPOATROPHY	HP_LIPOATROPHY		58	-0.28099498	-1.1998371	0.16195373	0.5044453	1.0	2002	tags=26%, list=13%, signal=30%	
GOBP_B_CELL_HOMEOSTASIS	GOBP_B_CELL_HOMEOSTASIS		29	-0.33155206	-1.199711	0.1853547	0.5044131	1.0	4255	tags=45%, list=28%, signal=62%	
HP_RETINAL_COLOBOMA	HP_RETINAL_COLOBOMA		37	-0.31829432	-1.1995742	0.1826484	0.5044003	1.0	2782	tags=35%, list=18%, signal=43%	
HP_IMPAIRMENT_OF_ACTIVITIES_OF_DAILY_LIVING	HP_IMPAIRMENT_OF_ACTIVITIES_OF_DAILY_LIVING		166	-0.23313233	-1.1989139	0.09322034	0.5057211	1.0	3234	tags=28%, list=21%, signal=35%	
GOBP_REGULATION_OF_INTRACELLULAR_TRANSPORT	GOBP_REGULATION_OF_INTRACELLULAR_TRANSPORT		243	-0.22195539	-1.1989062	0.078175895	0.5053625	1.0	3769	tags=28%, list=25%, signal=37%	
GOBP_REGULATION_OF_AMIDE_METABOLIC_PROCESS	GOBP_REGULATION_OF_AMIDE_METABOLIC_PROCESS		61	-0.2779906	-1.1984891	0.15121952	0.5060753	1.0	1402	tags=16%, list=9%, signal=18%	
GOBP_NEGATIVE_REGULATION_OF_MRNA_METABOLIC_PROCESS	GOBP_NEGATIVE_REGULATION_OF_MRNA_METABOLIC_PROCESS		85	-0.25867078	-1.1981864	0.14698163	0.50655496	1.0	4391	tags=41%, list=29%, signal=58%	
HP_DOWNSLANTED_PALPEBRAL_FISSURES	HP_DOWNSLANTED_PALPEBRAL_FISSURES		454	-0.20730993	-1.1980019	0.02238806	0.50664014	1.0	4285	tags=33%, list=28%, signal=44%	
HP_MACULAR_HYPOPLASIA	HP_MACULAR_HYPOPLASIA		15	-0.39179334	-1.1978416	0.23006834	0.5066919	1.0	4406	tags=60%, list=29%, signal=85%	
HP_FOOT_DORSIFLEXOR_WEAKNESS	HP_FOOT_DORSIFLEXOR_WEAKNESS		125	-0.24265894	-1.1976476	0.1300578	0.50684404	1.0	3432	tags=27%, list=23%, signal=35%	
GOBP_RESPONSE_TO_ACTIVITY	GOBP_RESPONSE_TO_ACTIVITY		61	-0.27383792	-1.1971681	0.15816326	0.5077092	1.0	4228	tags=36%, list=28%, signal=50%	
GOBP_REGULATION_OF_DNA_REPAIR	GOBP_REGULATION_OF_DNA_REPAIR		211	-0.22777008	-1.1966869	0.07453416	0.5086343	1.0	3935	tags=33%, list=26%, signal=44%	
HP_URETEROPELVIC_JUNCTION_OBSTRUCTION	HP_URETEROPELVIC_JUNCTION_OBSTRUCTION		19	-0.37134987	-1.1962177	0.23644252	0.5095016	1.0	2403	tags=32%, list=16%, signal=38%	
HP_HYPERSPLENISM	HP_HYPERSPLENISM		16	-0.39258838	-1.1960733	0.2244898	0.50953466	1.0	3328	tags=44%, list=22%, signal=56%	
GOMF_LIPID_PHOSPHATASE_ACTIVITY	GOMF_LIPID_PHOSPHATASE_ACTIVITY		18	-0.3666751	-1.195343	0.24942264	0.5111245	1.0	976	tags=22%, list=6%, signal=24%	
HP_ABNORMAL_FOVEAL_MORPHOLOGY	HP_ABNORMAL_FOVEAL_MORPHOLOGY		50	-0.2916352	-1.1950485	0.18181819	0.5115404	1.0	1628	tags=24%, list=11%, signal=27%	
GOBP_AUTONOMIC_NERVOUS_SYSTEM_DEVELOPMENT	GOBP_AUTONOMIC_NERVOUS_SYSTEM_DEVELOPMENT		37	-0.30432016	-1.1949993	0.18202247	0.51129	1.0	2752	tags=41%, list=18%, signal=49%	
GOBP_REGULATION_OF_MAMMARY_GLAND_EPITHELIAL_CELL_PROLIFERATION	GOBP_REGULATION_OF_MAMMARY_GLAND_EPITHELIAL_CELL_PROLIFERATION		15	-0.40108705	-1.1947947	0.23178808	0.51149356	1.0	1287	tags=20%, list=9%, signal=22%	
HP_APLASIA_HYPOPLASIA_OF_THE_EARLOBES	HP_APLASIA_HYPOPLASIA_OF_THE_EARLOBES		43	-0.29507172	-1.194597	0.16541353	0.5116605	1.0	3173	tags=30%, list=21%, signal=38%	
HP_DISTURBANCE_OF_FACIAL_EXPRESSION	HP_DISTURBANCE_OF_FACIAL_EXPRESSION		28	-0.32920155	-1.1945381	0.200489	0.51144254	1.0	2913	tags=29%, list=19%, signal=35%	
GOBP_REGULATION_OF_SYNAPTIC_PLASTICITY	GOBP_REGULATION_OF_SYNAPTIC_PLASTICITY		185	-0.22676213	-1.1945205	0.08864266	0.5111189	1.0	1708	tags=17%, list=11%, signal=19%	
GOBP_PROTEIN_DEACETYLATION	GOBP_PROTEIN_DEACETYLATION		20	-0.3732237	-1.1945049	0.23146068	0.51078546	1.0	600	tags=15%, list=4%, signal=16%	
GOBP_STEM_CELL_DEVELOPMENT	GOBP_STEM_CELL_DEVELOPMENT		76	-0.26714936	-1.1944581	0.1543943	0.5105278	1.0	2925	tags=29%, list=19%, signal=36%	
GOBP_HIPPOCAMPUS_DEVELOPMENT	GOBP_HIPPOCAMPUS_DEVELOPMENT		78	-0.2579427	-1.1943334	0.14171124	0.5105053	1.0	3181	tags=28%, list=21%, signal=36%	
HP_WEAKNESS_DUE_TO_UPPER_MOTOR_NEURON_DYSFUNCTION	HP_WEAKNESS_DUE_TO_UPPER_MOTOR_NEURON_DYSFUNCTION		456	-0.20360225	-1.1936507	0.012765957	0.51207465	1.0	4325	tags=32%, list=29%, signal=44%	
GOMF_GAMMA_TUBULIN_BINDING	GOMF_GAMMA_TUBULIN_BINDING		30	-0.33001673	-1.1931987	0.19548872	0.5129186	1.0	2856	tags=33%, list=19%, signal=41%	
HP_ABNORMALLY_LARGE_GLOBE	HP_ABNORMALLY_LARGE_GLOBE		42	-0.29876402	-1.1931555	0.18509616	0.5126445	1.0	3576	tags=36%, list=24%, signal=47%	
GOBP_NUCLEAR_TRANSPORT	GOBP_NUCLEAR_TRANSPORT		307	-0.21548036	-1.1931138	0.07092199	0.51239353	1.0	3277	tags=26%, list=22%, signal=32%	
GOCC_AUTOLYSOSOME	GOCC_AUTOLYSOSOME		15	-0.3905771	-1.1928208	0.22	0.5128433	1.0	3704	tags=40%, list=25%, signal=53%	
GOBP_REGULATION_OF_NEURON_MIGRATION	GOBP_REGULATION_OF_NEURON_MIGRATION		48	-0.29040363	-1.1926979	0.1826923	0.5127828	1.0	2557	tags=29%, list=17%, signal=35%	
GOBP_CELL_JUNCTION_ASSEMBLY	GOBP_CELL_JUNCTION_ASSEMBLY		455	-0.20292336	-1.1926857	0.040983606	0.51243323	1.0	3312	tags=28%, list=22%, signal=35%	
GOBP_ANTEROGRADE_AXONAL_TRANSPORT	GOBP_ANTEROGRADE_AXONAL_TRANSPORT		43	-0.30452827	-1.1926079	0.19602978	0.5122744	1.0	1685	tags=21%, list=11%, signal=23%	
HP_WIDE_CRANIAL_SUTURES	HP_WIDE_CRANIAL_SUTURES		26	-0.3408297	-1.1917825	0.23004694	0.5140832	1.0	3666	tags=42%, list=24%, signal=56%	
GOBP_D_GLUCOSE_IMPORT	GOBP_D_GLUCOSE_IMPORT		61	-0.27680686	-1.1917735	0.1558753	0.51374143	1.0	2788	tags=30%, list=18%, signal=36%	
GOBP_CELLULAR_RESPONSE_TO_NUTRIENT_LEVELS	GOBP_CELLULAR_RESPONSE_TO_NUTRIENT_LEVELS		216	-0.22374684	-1.1914567	0.076696165	0.5142675	1.0	4283	tags=36%, list=28%, signal=49%	
GOBP_REGULATION_OF_CELL_SIZE	GOBP_REGULATION_OF_CELL_SIZE		158	-0.23268579	-1.1912143	0.10429448	0.5145411	1.0	2263	tags=21%, list=15%, signal=24%	
GOBP_POSITIVE_REGULATION_OF_TRANSCRIPTION_BY_RNA_POLYMERASE_I	GOBP_POSITIVE_REGULATION_OF_TRANSCRIPTION_BY_RNA_POLYMERASE_I		30	-0.32448623	-1.1911635	0.20179372	0.5142857	1.0	4236	tags=43%, list=28%, signal=60%	
GOBP_CEREBELLAR_PURKINJE_CELL_LAYER_MORPHOGENESIS	GOBP_CEREBELLAR_PURKINJE_CELL_LAYER_MORPHOGENESIS		18	-0.38268223	-1.1909792	0.22580644	0.5143798	1.0	1526	tags=28%, list=10%, signal=31%	
GOBP_REGULATION_OF_INFLAMMASOME_MEDIATED_SIGNALING_PATHWAY	GOBP_REGULATION_OF_INFLAMMASOME_MEDIATED_SIGNALING_PATHWAY		43	-0.2996645	-1.1909708	0.16173121	0.5140239	1.0	3277	tags=35%, list=22%, signal=44%	
HP_SPASTIC_ATAXIA	HP_SPASTIC_ATAXIA		20	-0.36067504	-1.1909407	0.21040724	0.5137242	1.0	2750	tags=35%, list=18%, signal=43%	
GOBP_CELLULAR_RESPONSE_TO_GLUCOSE_STARVATION	GOBP_CELLULAR_RESPONSE_TO_GLUCOSE_STARVATION		45	-0.295756	-1.1907016	0.22596154	0.51398337	1.0	2374	tags=29%, list=16%, signal=34%	
GOBP_POSITIVE_REGULATION_OF_GTPASE_ACTIVITY	GOBP_POSITIVE_REGULATION_OF_GTPASE_ACTIVITY		83	-0.25954345	-1.1906976	0.13774104	0.51361865	1.0	2657	tags=27%, list=18%, signal=32%	
GOBP_NERVE_DEVELOPMENT	GOBP_NERVE_DEVELOPMENT		85	-0.2598384	-1.1905912	0.15733333	0.51349443	1.0	2777	tags=31%, list=18%, signal=37%	
GOBP_PROTEIN_TRANSMEMBRANE_TRANSPORT	GOBP_PROTEIN_TRANSMEMBRANE_TRANSPORT		74	-0.26480073	-1.19015	0.15061729	0.5143354	1.0	4628	tags=39%, list=31%, signal=56%	
GOBP_IMPORT_INTO_NUCLEUS	GOBP_IMPORT_INTO_NUCLEUS		155	-0.23132412	-1.1900826	0.13725491	0.5141413	1.0	3622	tags=28%, list=24%, signal=36%	
GOBP_PROTEIN_DNA_COMPLEX_ORGANIZATION	GOBP_PROTEIN_DNA_COMPLEX_ORGANIZATION		199	-0.2230992	-1.1900337	0.07023411	0.51389945	1.0	4635	tags=34%, list=31%, signal=48%	
GOMF_GLUCOSYLTRANSFERASE_ACTIVITY	GOMF_GLUCOSYLTRANSFERASE_ACTIVITY		18	-0.37403178	-1.1900067	0.22596154	0.5135931	1.0	1850	tags=17%, list=12%, signal=19%	
HP_APLASIA_HYPOPLASIA_AFFECTING_THE_EYE	HP_APLASIA_HYPOPLASIA_AFFECTING_THE_EYE		430	-0.20439999	-1.1898519	0.043824703	0.51366967	1.0	3823	tags=30%, list=25%, signal=39%	
HP_MICROPENIS	HP_MICROPENIS		237	-0.22128442	-1.1895484	0.085365854	0.5141642	1.0	3440	tags=28%, list=23%, signal=35%	
HP_NARROW_FOREHEAD	HP_NARROW_FOREHEAD		166	-0.2286936	-1.1895455	0.0878187	0.5138006	1.0	4669	tags=39%, list=31%, signal=55%	
GOBP_REGULATION_OF_MITOTIC_CYTOKINESIS	GOBP_REGULATION_OF_MITOTIC_CYTOKINESIS		15	-0.38767406	-1.189366	0.2302483	0.5139113	1.0	504	tags=13%, list=3%, signal=14%	
GOBP_NEGATIVE_REGULATION_OF_TORC1_SIGNALING	GOBP_NEGATIVE_REGULATION_OF_TORC1_SIGNALING		42	-0.30414167	-1.1893559	0.21327014	0.5135653	1.0	4222	tags=36%, list=28%, signal=49%	
GOBP_GLANDULAR_EPITHELIAL_CELL_DIFFERENTIATION	GOBP_GLANDULAR_EPITHELIAL_CELL_DIFFERENTIATION		31	-0.32528472	-1.1891973	0.17493473	0.5136231	1.0	2925	tags=35%, list=19%, signal=44%	
HP_WIDE_MOUTH	HP_WIDE_MOUTH		203	-0.22501983	-1.1887674	0.070336394	0.51436293	1.0	4744	tags=42%, list=31%, signal=60%	
GOBP_REGULATION_OF_MITOCHONDRIAL_MEMBRANE_PERMEABILITY_INVOLVED_IN_APOPTOTIC_PROCESS	GOBP_REGULATION_OF_MITOCHONDRIAL_MEMBRANE_PERMEABILITY_INVOLVED_IN_APOPTOTIC_PROCESS		39	-0.29906726	-1.1886134	0.18610422	0.5143971	1.0	4503	tags=51%, list=30%, signal=73%	
HP_OPISTHOTONUS	HP_OPISTHOTONUS		53	-0.28422984	-1.1884388	0.20722891	0.5144931	1.0	4039	tags=34%, list=27%, signal=46%	
HP_ABNORMAL_NOSTRIL_MORPHOLOGY	HP_ABNORMAL_NOSTRIL_MORPHOLOGY		450	-0.20362455	-1.1881496	0.03773585	0.5148815	1.0	4173	tags=32%, list=28%, signal=43%	
HP_FOOD_ALLERGY	HP_FOOD_ALLERGY		15	-0.3902702	-1.1880981	0.23841059	0.51465297	1.0	4501	tags=60%, list=30%, signal=85%	
HP_POOR_COORDINATION	HP_POOR_COORDINATION		36	-0.31173453	-1.1878173	0.20408164	0.5150378	1.0	5180	tags=53%, list=34%, signal=80%	
GOBP_VIRAL_BUDDING	GOBP_VIRAL_BUDDING		23	-0.3487371	-1.1878071	0.23325635	0.51469296	1.0	3816	tags=39%, list=25%, signal=52%	
GOMF_TRANSCRIPTION_COREPRESSOR_ACTIVITY	GOMF_TRANSCRIPTION_COREPRESSOR_ACTIVITY		179	-0.22702292	-1.1876678	0.084415585	0.5147131	1.0	4073	tags=34%, list=27%, signal=45%	
GOBP_CEREBELLAR_CORTEX_FORMATION	GOBP_CEREBELLAR_CORTEX_FORMATION		24	-0.34388307	-1.187627	0.218894	0.514462	1.0	3225	tags=38%, list=21%, signal=48%	
GOBP_CHEMOSENSORY_BEHAVIOR	GOBP_CHEMOSENSORY_BEHAVIOR		15	-0.3931375	-1.1875737	0.24772727	0.51425046	1.0	1545	tags=27%, list=10%, signal=30%	
HP_APLASIA_HYPOPLASIA_INVOLVING_THE_FEMORAL_HEAD_AND_NECK	HP_APLASIA_HYPOPLASIA_INVOLVING_THE_FEMORAL_HEAD_AND_NECK		45	-0.29563397	-1.1874439	0.1959799	0.51423424	1.0	4552	tags=44%, list=30%, signal=63%	
GOBP_CALCINEURIN_MEDIATED_SIGNALING	GOBP_CALCINEURIN_MEDIATED_SIGNALING		46	-0.29246807	-1.1872367	0.1789976	0.5144155	1.0	1167	tags=17%, list=8%, signal=19%	
GOBP_MUSCLE_ORGAN_DEVELOPMENT	GOBP_MUSCLE_ORGAN_DEVELOPMENT		296	-0.21286719	-1.1871147	0.079245284	0.51437485	1.0	2799	tags=26%, list=19%, signal=31%	
HP_ALOPECIA_OF_SCALP	HP_ALOPECIA_OF_SCALP		40	-0.30389053	-1.1870745	0.17757009	0.51410705	1.0	2248	tags=23%, list=15%, signal=26%	
GOBP_VESICLE_ORGANIZATION	GOBP_VESICLE_ORGANIZATION		358	-0.21006863	-1.1869879	0.06037736	0.5139807	1.0	3827	tags=32%, list=25%, signal=41%	
GOBP_POSITIVE_REGULATION_OF_PROTEOLYSIS	GOBP_POSITIVE_REGULATION_OF_PROTEOLYSIS		176	-0.22911415	-1.1864963	0.093457945	0.5149511	1.0	2862	tags=25%, list=19%, signal=30%	
GOBP_SMALL_GTPASE_MEDIATED_SIGNAL_TRANSDUCTION	GOBP_SMALL_GTPASE_MEDIATED_SIGNAL_TRANSDUCTION		452	-0.20264985	-1.1862998	0.038022812	0.51509917	1.0	3658	tags=29%, list=24%, signal=37%	
HP_DOLICHOCEPHALY	HP_DOLICHOCEPHALY		191	-0.22624272	-1.1862198	0.096969694	0.51496756	1.0	3281	tags=26%, list=22%, signal=32%	
GOBP_NEUROMUSCULAR_SYNAPTIC_TRANSMISSION	GOBP_NEUROMUSCULAR_SYNAPTIC_TRANSMISSION		32	-0.31628227	-1.1857804	0.2200489	0.5158518	1.0	4604	tags=50%, list=30%, signal=72%	
GOMF_CLATHRIN_BINDING	GOMF_CLATHRIN_BINDING		41	-0.30157396	-1.1857742	0.19952494	0.5155168	1.0	2171	tags=29%, list=14%, signal=34%	
HP_MELANOCYTIC_NEVUS	HP_MELANOCYTIC_NEVUS		51	-0.28455523	-1.1856649	0.17585301	0.5154528	1.0	3255	tags=29%, list=22%, signal=37%	
HP_GLOBAL_BRAIN_ATROPHY	HP_GLOBAL_BRAIN_ATROPHY		68	-0.26692024	-1.1854254	0.15696202	0.515698	1.0	4708	tags=38%, list=31%, signal=55%	
HP_EEG_WITH_FOCAL_SPIKES	HP_EEG_WITH_FOCAL_SPIKES		24	-0.34274504	-1.1847938	0.21411765	0.51709545	1.0	3119	tags=38%, list=21%, signal=47%	
HP_GENERALIZED_DYSTONIA	HP_GENERALIZED_DYSTONIA		32	-0.32004505	-1.1847733	0.21158129	0.5167761	1.0	4283	tags=47%, list=28%, signal=65%	
GOCC_SCF_UBIQUITIN_LIGASE_COMPLEX	GOCC_SCF_UBIQUITIN_LIGASE_COMPLEX		58	-0.27513582	-1.1847508	0.17924528	0.5164727	1.0	2275	tags=24%, list=15%, signal=28%	
GOBP_NEURON_PROJECTION_REGENERATION	GOBP_NEURON_PROJECTION_REGENERATION		49	-0.28407755	-1.1847146	0.16707022	0.5162105	1.0	2763	tags=33%, list=18%, signal=40%	
GOBP_REGULATION_OF_NEUROTRANSMITTER_RECEPTOR_ACTIVITY	GOBP_REGULATION_OF_NEUROTRANSMITTER_RECEPTOR_ACTIVITY		17	-0.38144067	-1.184695	0.24400872	0.5158951	1.0	2336	tags=41%, list=15%, signal=49%	
HP_RADIAL_DEVIATION_OF_FINGER	HP_RADIAL_DEVIATION_OF_FINGER		50	-0.2925738	-1.1846862	0.19082126	0.5155522	1.0	4626	tags=42%, list=31%, signal=60%	
HP_GENERALIZED_ONSET_MOTOR_SEIZURE	HP_GENERALIZED_ONSET_MOTOR_SEIZURE		166	-0.22689444	-1.18442	0.10670732	0.51594615	1.0	3976	tags=32%, list=26%, signal=43%	
HP_DECREASED_MUSCLE_MASS	HP_DECREASED_MUSCLE_MASS		47	-0.29274386	-1.1842291	0.20544554	0.5160931	1.0	3829	tags=34%, list=25%, signal=45%	
HP_CUTIS_MARMORATA	HP_CUTIS_MARMORATA		59	-0.2734108	-1.1839734	0.1460396	0.51647353	1.0	1400	tags=19%, list=9%, signal=20%	
HP_PROGRESSIVE_GAIT_ATAXIA	HP_PROGRESSIVE_GAIT_ATAXIA		26	-0.33886442	-1.18386	0.21678321	0.51642656	1.0	3328	tags=31%, list=22%, signal=39%	
GOBP_SYNAPTIC_VESICLE_RECYCLING	GOBP_SYNAPTIC_VESICLE_RECYCLING		78	-0.2619616	-1.1835537	0.16949153	0.516923	1.0	2702	tags=24%, list=18%, signal=30%	
GOBP_REGULATION_OF_CELL_PROJECTION_ASSEMBLY	GOBP_REGULATION_OF_CELL_PROJECTION_ASSEMBLY		211	-0.22264765	-1.1832862	0.078947365	0.5172719	1.0	1825	tags=16%, list=12%, signal=18%	
HP_ABNORMALITY_OF_THE_URETHRA	HP_ABNORMALITY_OF_THE_URETHRA		417	-0.20524156	-1.1831515	0.036585364	0.5172567	1.0	3205	tags=27%, list=21%, signal=33%	
GOBP_VASCULAR_ASSOCIATED_SMOOTH_MUSCLE_CELL_MIGRATION	GOBP_VASCULAR_ASSOCIATED_SMOOTH_MUSCLE_CELL_MIGRATION		25	-0.3397088	-1.1830848	0.21573034	0.5170548	1.0	3769	tags=36%, list=25%, signal=48%	
HP_AREFLEXIA_OF_LOWER_LIMBS	HP_AREFLEXIA_OF_LOWER_LIMBS		87	-0.2586463	-1.1826534	0.14511873	0.51782626	1.0	3000	tags=24%, list=20%, signal=30%	
GOBP_PROTEIN_LOCALIZATION_TO_CYTOSKELETON	GOBP_PROTEIN_LOCALIZATION_TO_CYTOSKELETON		58	-0.27750114	-1.1824492	0.15926893	0.51800954	1.0	3507	tags=31%, list=23%, signal=40%	
GOMF_CATALYTIC_ACTIVITY_ACTING_ON_A_GLYCOPROTEIN	GOMF_CATALYTIC_ACTIVITY_ACTING_ON_A_GLYCOPROTEIN		20	-0.36349744	-1.1823473	0.25747126	0.51794213	1.0	2268	tags=25%, list=15%, signal=29%	
HP_ABNORMAL_LOWER_MOTOR_NEURON_MORPHOLOGY	HP_ABNORMAL_LOWER_MOTOR_NEURON_MORPHOLOGY		23	-0.34380028	-1.1822884	0.22350231	0.5177274	1.0	2750	tags=30%, list=18%, signal=37%	
GOBP_POSITIVE_REGULATION_OF_SODIUM_ION_TRANSPORT	GOBP_POSITIVE_REGULATION_OF_SODIUM_ION_TRANSPORT		28	-0.3356299	-1.1821527	0.23037975	0.5177128	1.0	2732	tags=29%, list=18%, signal=35%	
HP_JOINT_CONTRACTURE_OF_THE_HAND	HP_JOINT_CONTRACTURE_OF_THE_HAND		258	-0.21352465	-1.1821116	0.06451613	0.5174611	1.0	2579	tags=21%, list=17%, signal=25%	
GOBP_NEGATIVE_REGULATION_OF_TRANSMEMBRANE_RECEPTOR_PROTEIN_SERINE_THREONINE_KINASE_SIGNALING_PATHWAY	GOBP_NEGATIVE_REGULATION_OF_TRANSMEMBRANE_RECEPTOR_PROTEIN_SERINE_THREONINE_KINASE_SIGNALING_PATHWAY		139	-0.2361989	-1.1819115	0.11731844	0.51764536	1.0	2573	tags=21%, list=17%, signal=25%	
GOMF_PROTEIN_TRANSMEMBRANE_TRANSPORTER_ACTIVITY	GOMF_PROTEIN_TRANSMEMBRANE_TRANSPORTER_ACTIVITY		25	-0.33846077	-1.1815007	0.23188406	0.5184154	1.0	3598	tags=40%, list=24%, signal=52%	
GOBP_CARDIAC_VENTRICLE_MORPHOGENESIS	GOBP_CARDIAC_VENTRICLE_MORPHOGENESIS		52	-0.2845636	-1.1811781	0.20930232	0.51892763	1.0	1823	tags=21%, list=12%, signal=24%	
HP_SUPRAVENTRICULAR_TACHYCARDIA	HP_SUPRAVENTRICULAR_TACHYCARDIA		43	-0.29611525	-1.1806645	0.18863636	0.5199854	1.0	4163	tags=37%, list=28%, signal=51%	
HP_PROGRESSIVE_EXTERNAL_OPHTHALMOPLEGIA	HP_PROGRESSIVE_EXTERNAL_OPHTHALMOPLEGIA		29	-0.32167712	-1.180466	0.19711539	0.52016383	1.0	3935	tags=34%, list=26%, signal=47%	
GOBP_POSITIVE_REGULATION_OF_AXON_EXTENSION	GOBP_POSITIVE_REGULATION_OF_AXON_EXTENSION		36	-0.3100778	-1.179668	0.22528736	0.5219553	1.0	2263	tags=25%, list=15%, signal=29%	
HP_CAMPTODACTYLY_OF_TOE	HP_CAMPTODACTYLY_OF_TOE		15	-0.39051577	-1.1795015	0.24770643	0.52204406	1.0	2719	tags=40%, list=18%, signal=49%	
GOBP_NEPHRON_TUBULE_FORMATION	GOBP_NEPHRON_TUBULE_FORMATION		17	-0.37615174	-1.1794583	0.2326139	0.52178055	1.0	2662	tags=41%, list=18%, signal=50%	
HP_COXA_VARA	HP_COXA_VARA		64	-0.27698	-1.179273	0.1813602	0.52189165	1.0	4147	tags=36%, list=27%, signal=49%	
HP_LONG_NOSE	HP_LONG_NOSE		40	-0.3012394	-1.1791557	0.20243903	0.52187866	1.0	2904	tags=28%, list=19%, signal=34%	
GOCC_RIBONUCLEOPROTEIN_GRANULE	GOCC_RIBONUCLEOPROTEIN_GRANULE		244	-0.21738622	-1.1791548	0.080996886	0.52152026	1.0	4399	tags=34%, list=29%, signal=47%	
GOBP_REGULATION_OF_MEGAKARYOCYTE_DIFFERENTIATION	GOBP_REGULATION_OF_MEGAKARYOCYTE_DIFFERENTIATION		27	-0.33627674	-1.1789235	0.22037914	0.5217858	1.0	3394	tags=33%, list=22%, signal=43%	
HP_PARALYSIS	HP_PARALYSIS		133	-0.23738542	-1.1782001	0.1253482	0.5234018	1.0	3057	tags=26%, list=20%, signal=33%	
HP_BARREL_SHAPED_CHEST	HP_BARREL_SHAPED_CHEST		21	-0.35452625	-1.1780558	0.20531401	0.523412	1.0	4070	tags=38%, list=27%, signal=52%	
GOBP_MEMBRANELESS_ORGANELLE_ASSEMBLY	GOBP_MEMBRANELESS_ORGANELLE_ASSEMBLY		389	-0.20476185	-1.1779927	0.042307694	0.5232388	1.0	3758	tags=29%, list=25%, signal=38%	
GOBP_POSITIVE_REGULATION_OF_TRANSCRIPTION_BY_RNA_POLYMERASE_III	GOBP_POSITIVE_REGULATION_OF_TRANSCRIPTION_BY_RNA_POLYMERASE_III		18	-0.36972007	-1.1779768	0.218894	0.522921	1.0	4477	tags=50%, list=30%, signal=71%	
GOMF_UBIQUITIN_PROTEIN_TRANSFERASE_INHIBITOR_ACTIVITY	GOMF_UBIQUITIN_PROTEIN_TRANSFERASE_INHIBITOR_ACTIVITY		15	-0.39325556	-1.1769712	0.2457265	0.5253081	1.0	2596	tags=40%, list=17%, signal=48%	
GOBP_REGULATION_OF_WNT_SIGNALING_PATHWAY	GOBP_REGULATION_OF_WNT_SIGNALING_PATHWAY		295	-0.21069548	-1.1767012	0.08219178	0.52567184	1.0	3287	tags=27%, list=22%, signal=34%	
GOBP_CARBOHYDRATE_TRANSPORT	GOBP_CARBOHYDRATE_TRANSPORT		104	-0.24396433	-1.1765792	0.14044943	0.5256604	1.0	3152	tags=32%, list=21%, signal=40%	
GOMF_SINGLE_STRANDED_RNA_BINDING	GOMF_SINGLE_STRANDED_RNA_BINDING		74	-0.26284108	-1.1765368	0.16622691	0.5254111	1.0	4486	tags=46%, list=30%, signal=65%	
HP_ERECTILE_DYSFUNCTION	HP_ERECTILE_DYSFUNCTION		57	-0.27705818	-1.1761216	0.1879518	0.5261499	1.0	1802	tags=23%, list=12%, signal=26%	
GOMF_EXTRACELLULAR_MATRIX_STRUCTURAL_CONSTITUENT_CONFERRING_COMPRESSION_RESISTANCE	GOMF_EXTRACELLULAR_MATRIX_STRUCTURAL_CONSTITUENT_CONFERRING_COMPRESSION_RESISTANCE		15	-0.39215446	-1.1758604	0.24090908	0.5264922	1.0	1842	tags=33%, list=12%, signal=38%	
GOBP_EMBRYONIC_EYE_MORPHOGENESIS	GOBP_EMBRYONIC_EYE_MORPHOGENESIS		30	-0.3237218	-1.1757587	0.22666667	0.52639824	1.0	4552	tags=53%, list=30%, signal=76%	
GOBP_AMYLOID_BETA_METABOLIC_PROCESS	GOBP_AMYLOID_BETA_METABOLIC_PROCESS		51	-0.28302047	-1.1756138	0.20906802	0.52643806	1.0	1393	tags=18%, list=9%, signal=19%	
HP_HORIZONTAL_NYSTAGMUS	HP_HORIZONTAL_NYSTAGMUS		103	-0.24648252	-1.1755106	0.15555556	0.5263917	1.0	3558	tags=31%, list=24%, signal=40%	
GOMF_PRE_MRNA_BINDING	GOMF_PRE_MRNA_BINDING		33	-0.31780466	-1.1753471	0.21779859	0.52646744	1.0	4244	tags=42%, list=28%, signal=59%	
GOBP_POSITIVE_REGULATION_OF_LIPID_STORAGE	GOBP_POSITIVE_REGULATION_OF_LIPID_STORAGE		16	-0.377531	-1.1753173	0.2361111	0.5261986	1.0	4254	tags=44%, list=28%, signal=61%	
HP_ABNORMAL_PULMONARY_VALVE_MORPHOLOGY	HP_ABNORMAL_PULMONARY_VALVE_MORPHOLOGY		54	-0.28073302	-1.1749727	0.17821783	0.5268116	1.0	2856	tags=26%, list=19%, signal=32%	
GOCC_LATE_ENDOSOME	GOCC_LATE_ENDOSOME		278	-0.21020819	-1.1749055	0.0779661	0.52663565	1.0	4180	tags=34%, list=28%, signal=46%	
HP_THICK_NASAL_ALAE	HP_THICK_NASAL_ALAE		34	-0.31126335	-1.1747072	0.21671018	0.5268503	1.0	2506	tags=32%, list=17%, signal=39%	
GOCC_PROTON_TRANSPORTING_TWO_SECTOR_ATPASE_COMPLEX	GOCC_PROTON_TRANSPORTING_TWO_SECTOR_ATPASE_COMPLEX		47	-0.28520352	-1.1742027	0.19471154	0.52789205	1.0	4653	tags=47%, list=31%, signal=67%	
GOBP_REGULATION_OF_CELL_GROWTH_INVOLVED_IN_CARDIAC_MUSCLE_CELL_DEVELOPMENT	GOBP_REGULATION_OF_CELL_GROWTH_INVOLVED_IN_CARDIAC_MUSCLE_CELL_DEVELOPMENT		16	-0.38208276	-1.1738312	0.2522936	0.5285783	1.0	182	tags=13%, list=1%, signal=13%	
GOBP_NEUROTROPHIN_SIGNALING_PATHWAY	GOBP_NEUROTROPHIN_SIGNALING_PATHWAY		37	-0.30440295	-1.173463	0.22409639	0.5292377	1.0	2715	tags=32%, list=18%, signal=39%	
GOBP_MAMMARY_GLAND_EPITHELIAL_CELL_PROLIFERATION	GOBP_MAMMARY_GLAND_EPITHELIAL_CELL_PROLIFERATION		25	-0.33266488	-1.1731591	0.23841059	0.52974135	1.0	1635	tags=20%, list=11%, signal=22%	
GOBP_REGULATION_OF_OSTEOBLAST_PROLIFERATION	GOBP_REGULATION_OF_OSTEOBLAST_PROLIFERATION		23	-0.34274557	-1.1729953	0.24434389	0.5298339	1.0	2462	tags=26%, list=16%, signal=31%	
GOCC_SPECIALIZED_EXTRACELLULAR_MATRIX	GOCC_SPECIALIZED_EXTRACELLULAR_MATRIX		17	-0.3753232	-1.1726083	0.23111111	0.530562	1.0	3589	tags=59%, list=24%, signal=77%	
HP_VERTEBRAL_WEDGING	HP_VERTEBRAL_WEDGING		15	-0.38399243	-1.1725935	0.23917995	0.5302362	1.0	2622	tags=33%, list=17%, signal=40%	
GOBP_PHOSPHATIDYLINOSITOL_METABOLIC_PROCESS	GOBP_PHOSPHATIDYLINOSITOL_METABOLIC_PROCESS		133	-0.23296984	-1.1722068	0.13055556	0.53096384	1.0	3592	tags=29%, list=24%, signal=37%	
HP_BROAD_BASED_GAIT	HP_BROAD_BASED_GAIT		107	-0.23942977	-1.1722006	0.15041783	0.5306265	1.0	2922	tags=27%, list=19%, signal=33%	
GOBP_SUBSTANTIA_NIGRA_DEVELOPMENT	GOBP_SUBSTANTIA_NIGRA_DEVELOPMENT		45	-0.29632297	-1.1717293	0.1941032	0.5316383	1.0	4124	tags=38%, list=27%, signal=52%	
GOBP_POSITIVE_REGULATION_OF_MEMBRANE_PERMEABILITY	GOBP_POSITIVE_REGULATION_OF_MEMBRANE_PERMEABILITY		39	-0.30064884	-1.1716129	0.1923077	0.5316055	1.0	4503	tags=49%, list=30%, signal=69%	
HP_NEOPLASM_OF_THE_ENDOCRINE_SYSTEM	HP_NEOPLASM_OF_THE_ENDOCRINE_SYSTEM		100	-0.24556667	-1.1715066	0.14899713	0.531535	1.0	2399	tags=23%, list=16%, signal=27%	
GOMF_SUMO_BINDING	GOMF_SUMO_BINDING		17	-0.37257916	-1.1710355	0.26126125	0.5324276	1.0	1038	tags=24%, list=7%, signal=25%	
GOBP_REGULATION_OF_NEUROBLAST_PROLIFERATION	GOBP_REGULATION_OF_NEUROBLAST_PROLIFERATION		42	-0.29983503	-1.1710141	0.20608899	0.5321166	1.0	2925	tags=29%, list=19%, signal=35%	
GOMF_DEACETYLASE_ACTIVITY	GOMF_DEACETYLASE_ACTIVITY		39	-0.3054532	-1.1709425	0.20351759	0.5319516	1.0	2208	tags=26%, list=15%, signal=30%	
GOBP_AXIS_ELONGATION	GOBP_AXIS_ELONGATION		28	-0.32091457	-1.1703283	0.22942643	0.5333716	1.0	2520	tags=29%, list=17%, signal=34%	
HP_APLASIA_HYPOPLASIA_OF_THE_PROXIMAL_PHALANGES_OF_THE_HAND	HP_APLASIA_HYPOPLASIA_OF_THE_PROXIMAL_PHALANGES_OF_THE_HAND		15	-0.37328365	-1.1701258	0.25178146	0.5335793	1.0	3119	tags=33%, list=21%, signal=42%	
GOBP_POSITIVE_CHEMOTAXIS	GOBP_POSITIVE_CHEMOTAXIS		52	-0.28519687	-1.1697885	0.21465969	0.53410023	1.0	1812	tags=23%, list=12%, signal=26%	
HP_ABNORMALITY_OF_SALIVATION	HP_ABNORMALITY_OF_SALIVATION		185	-0.22293268	-1.1696187	0.10491803	0.5342267	1.0	3438	tags=28%, list=23%, signal=36%	
HP_DELAYED_ABILITY_TO_SIT	HP_DELAYED_ABILITY_TO_SIT		72	-0.26471645	-1.1695064	0.21388888	0.53417736	1.0	4149	tags=38%, list=27%, signal=51%	
HP_FACIAL_DIPLEGIA	HP_FACIAL_DIPLEGIA		38	-0.30043224	-1.1694527	0.2448037	0.53396654	1.0	3500	tags=39%, list=23%, signal=51%	
GOCC_SYNAPTIC_VESICLE_MEMBRANE	GOCC_SYNAPTIC_VESICLE_MEMBRANE		130	-0.23698115	-1.1694292	0.12600537	0.53366333	1.0	2958	tags=25%, list=20%, signal=30%	
GOCC_CUL2_RING_UBIQUITIN_LIGASE_COMPLEX	GOCC_CUL2_RING_UBIQUITIN_LIGASE_COMPLEX		23	-0.34748608	-1.1694217	0.24229075	0.53332555	1.0	4089	tags=39%, list=27%, signal=54%	
GOMF_SUMO_TRANSFERASE_ACTIVITY	GOMF_SUMO_TRANSFERASE_ACTIVITY		21	-0.3512404	-1.1692216	0.24036281	0.533542	1.0	2862	tags=33%, list=19%, signal=41%	
HP_EMG_NEUROPATHIC_CHANGES	HP_EMG_NEUROPATHIC_CHANGES		50	-0.28737763	-1.1691754	0.21052632	0.5333209	1.0	3395	tags=32%, list=22%, signal=41%	
HP_NEOPLASM_OF_THE_MALE_EXTERNAL_GENITALIA	HP_NEOPLASM_OF_THE_MALE_EXTERNAL_GENITALIA		24	-0.33231464	-1.1689938	0.21361503	0.5334503	1.0	4609	tags=54%, list=31%, signal=78%	
GOBP_REGULATION_OF_TELOMERE_MAINTENANCE	GOBP_REGULATION_OF_TELOMERE_MAINTENANCE		96	-0.24819729	-1.1675993	0.15445027	0.53700626	1.0	3590	tags=33%, list=24%, signal=43%	
HP_ABNORMAL_CAUDATE_NUCLEUS_MORPHOLOGY	HP_ABNORMAL_CAUDATE_NUCLEUS_MORPHOLOGY		19	-0.35711908	-1.1675102	0.24413146	0.53688	1.0	3536	tags=42%, list=23%, signal=55%	
HP_FOCAL_MOTOR_SEIZURE	HP_FOCAL_MOTOR_SEIZURE		91	-0.2513778	-1.1673805	0.18085106	0.5368661	1.0	4201	tags=37%, list=28%, signal=51%	
GOBP_REGULATION_OF_CELL_CYCLE_G1_S_PHASE_TRANSITION	GOBP_REGULATION_OF_CELL_CYCLE_G1_S_PHASE_TRANSITION		147	-0.22994602	-1.1667768	0.14754099	0.5381399	1.0	2858	tags=22%, list=19%, signal=27%	
GOBP_REGULATION_OF_CELLULAR_SENESCENCE	GOBP_REGULATION_OF_CELLULAR_SENESCENCE		42	-0.29958013	-1.1665049	0.21077283	0.538527	1.0	1041	tags=17%, list=7%, signal=18%	
HP_ABNORMAL_THORACIC_SPINE_MORPHOLOGY	HP_ABNORMAL_THORACIC_SPINE_MORPHOLOGY		99	-0.24309613	-1.1662793	0.15659341	0.5387919	1.0	4110	tags=34%, list=27%, signal=47%	
GOBP_MULTIVESICULAR_BODY_ORGANIZATION	GOBP_MULTIVESICULAR_BODY_ORGANIZATION		31	-0.31870255	-1.1661651	0.2255814	0.53875494	1.0	3957	tags=42%, list=26%, signal=57%	
GOBP_CHEMICAL_SYNAPTIC_TRANSMISSION_POSTSYNAPTIC	GOBP_CHEMICAL_SYNAPTIC_TRANSMISSION_POSTSYNAPTIC		99	-0.24521533	-1.1658472	0.15425532	0.53924847	1.0	1888	tags=20%, list=12%, signal=23%	
GOBP_NEGATIVE_REGULATION_OF_EXTRACELLULAR_MATRIX_ORGANIZATION	GOBP_NEGATIVE_REGULATION_OF_EXTRACELLULAR_MATRIX_ORGANIZATION		15	-0.3918666	-1.1656562	0.27586207	0.5393927	1.0	1667	tags=27%, list=11%, signal=30%	
GOBP_REGULATION_OF_CHROMOSOME_ORGANIZATION	GOBP_REGULATION_OF_CHROMOSOME_ORGANIZATION		217	-0.21914178	-1.1656266	0.11258278	0.5391129	1.0	3758	tags=29%, list=25%, signal=37%	
GOCC_LEADING_EDGE_MEMBRANE	GOCC_LEADING_EDGE_MEMBRANE		163	-0.22398336	-1.1652604	0.10793651	0.539835	1.0	3299	tags=27%, list=22%, signal=34%	
GOBP_PHOSPHATIDYLINOSITOL_MEDIATED_SIGNALING	GOBP_PHOSPHATIDYLINOSITOL_MEDIATED_SIGNALING		19	-0.35878795	-1.1651696	0.25821596	0.5397309	1.0	2241	tags=26%, list=15%, signal=31%	
HP_DEFORMED_SELLA_TURCICA	HP_DEFORMED_SELLA_TURCICA		16	-0.37220687	-1.1646783	0.24593967	0.5407396	1.0	1692	tags=25%, list=11%, signal=28%	
HP_ABNORMAL_ANKLE_MORPHOLOGY	HP_ABNORMAL_ANKLE_MORPHOLOGY		87	-0.25177774	-1.1644084	0.16452442	0.5410885	1.0	2920	tags=25%, list=19%, signal=31%	
HP_DENTAL_CROWDING	HP_DENTAL_CROWDING		137	-0.22970927	-1.1638823	0.13855422	0.54215515	1.0	1523	tags=17%, list=10%, signal=19%	
HP_OCULAR_ANTERIOR_SEGMENT_DYSGENESIS	HP_OCULAR_ANTERIOR_SEGMENT_DYSGENESIS		281	-0.20884481	-1.1638645	0.0990099	0.54183644	1.0	3821	tags=31%, list=25%, signal=41%	
HP_CLONIC_SEIZURE	HP_CLONIC_SEIZURE		71	-0.26248628	-1.1637046	0.1897436	0.541943	1.0	4201	tags=37%, list=28%, signal=50%	
HP_ABNORMAL_LOWER_LIP_MORPHOLOGY	HP_ABNORMAL_LOWER_LIP_MORPHOLOGY		216	-0.21957903	-1.1636537	0.11356467	0.54172665	1.0	2701	tags=25%, list=18%, signal=29%	
GOBP_MITOTIC_G2_M_TRANSITION_CHECKPOINT	GOBP_MITOTIC_G2_M_TRANSITION_CHECKPOINT		48	-0.2810512	-1.1636223	0.22084367	0.5414759	1.0	3756	tags=33%, list=25%, signal=44%	
GOMF_NUCLEOSOMAL_DNA_BINDING	GOMF_NUCLEOSOMAL_DNA_BINDING		33	-0.30527282	-1.1635373	0.22823529	0.54135257	1.0	2159	tags=18%, list=14%, signal=21%	
GOBP_REGULATION_OF_CELLULAR_RESPONSE_TO_GROWTH_FACTOR_STIMULUS	GOBP_REGULATION_OF_CELLULAR_RESPONSE_TO_GROWTH_FACTOR_STIMULUS		284	-0.21190928	-1.1634204	0.104377106	0.5412894	1.0	3895	tags=29%, list=26%, signal=38%	
GOBP_REGULATION_OF_SKELETAL_MUSCLE_CELL_DIFFERENTIATION	GOBP_REGULATION_OF_SKELETAL_MUSCLE_CELL_DIFFERENTIATION		21	-0.34417307	-1.1632508	0.22685185	0.54138684	1.0	1239	tags=24%, list=8%, signal=26%	
HP_ABNORMAL_HELIX_MORPHOLOGY	HP_ABNORMAL_HELIX_MORPHOLOGY		166	-0.22704044	-1.1626024	0.12463768	0.54286563	1.0	3743	tags=31%, list=25%, signal=40%	
HP_FATTY_REPLACEMENT_OF_SKELETAL_MUSCLE	HP_FATTY_REPLACEMENT_OF_SKELETAL_MUSCLE		34	-0.31139588	-1.1625695	0.23744293	0.5426041	1.0	3253	tags=35%, list=22%, signal=45%	
GOBP_PROTEIN_POLYUBIQUITINATION	GOBP_PROTEIN_POLYUBIQUITINATION		243	-0.21396634	-1.162513	0.090322584	0.5424034	1.0	3829	tags=31%, list=25%, signal=41%	
HP_LONG_HALLUX	HP_LONG_HALLUX		20	-0.3614718	-1.1623545	0.26914662	0.54248524	1.0	1407	tags=25%, list=9%, signal=28%	
GOBP_CELLULAR_PIGMENTATION	GOBP_CELLULAR_PIGMENTATION		61	-0.26445684	-1.1623137	0.16372795	0.5422564	1.0	4599	tags=46%, list=30%, signal=66%	
HP_SACCADIC_OSCILLATION	HP_SACCADIC_OSCILLATION		17	-0.37656918	-1.1620244	0.24367817	0.54270506	1.0	4242	tags=47%, list=28%, signal=65%	
GOBP_POSITIVE_REGULATION_OF_CALCINEURIN_MEDIATED_SIGNALING	GOBP_POSITIVE_REGULATION_OF_CALCINEURIN_MEDIATED_SIGNALING		15	-0.38339412	-1.1618229	0.2737307	0.54289323	1.0	761	tags=20%, list=5%, signal=21%	
GOBP_STARTLE_RESPONSE	GOBP_STARTLE_RESPONSE		21	-0.34426787	-1.1614789	0.22477064	0.54344213	1.0	4001	tags=48%, list=26%, signal=65%	
GOBP_ERYTHROCYTE_MATURATION	GOBP_ERYTHROCYTE_MATURATION		17	-0.36977264	-1.160895	0.2559653	0.5447685	1.0	4125	tags=47%, list=27%, signal=65%	
HP_LENS_SUBLUXATION	HP_LENS_SUBLUXATION		15	-0.38639984	-1.160787	0.26666668	0.54470867	1.0	978	tags=13%, list=6%, signal=14%	
GOBP_MODIFICATION_OF_SYNAPTIC_STRUCTURE	GOBP_MODIFICATION_OF_SYNAPTIC_STRUCTURE		42	-0.28910178	-1.1604886	0.20045045	0.5451992	1.0	1935	tags=24%, list=13%, signal=27%	
GOBP_REGULATION_OF_GLIOGENESIS	GOBP_REGULATION_OF_GLIOGENESIS		84	-0.25310668	-1.1604306	0.1724138	0.54498905	1.0	2777	tags=29%, list=18%, signal=35%	
HP_LARGE_FONTANELLES	HP_LARGE_FONTANELLES		153	-0.22705357	-1.1602294	0.12538226	0.54521036	1.0	3760	tags=32%, list=25%, signal=42%	
GOCC_TRANS_GOLGI_NETWORK_MEMBRANE	GOCC_TRANS_GOLGI_NETWORK_MEMBRANE		92	-0.2463164	-1.1592691	0.18584071	0.54759854	1.0	4157	tags=41%, list=28%, signal=57%	
HP_SHORT_NOSE	HP_SHORT_NOSE		294	-0.20980598	-1.1589369	0.0851735	0.5482226	1.0	3398	tags=27%, list=22%, signal=34%	
HP_CEREBRAL_WHITE_MATTER_ATROPHY	HP_CEREBRAL_WHITE_MATTER_ATROPHY		51	-0.28295523	-1.1585972	0.20603015	0.5488098	1.0	4625	tags=41%, list=31%, signal=59%	
GOBP_REGULATION_OF_NUCLEAR_TRANSCRIBED_MRNA_CATABOLIC_PROCESS_DEADENYLATION_DEPENDENT_DECAY	GOBP_REGULATION_OF_NUCLEAR_TRANSCRIBED_MRNA_CATABOLIC_PROCESS_DEADENYLATION_DEPENDENT_DECAY		18	-0.36493045	-1.1583911	0.24728851	0.5490524	1.0	4247	tags=50%, list=28%, signal=69%	
HP_LIMB_MUSCLE_WEAKNESS	HP_LIMB_MUSCLE_WEAKNESS		315	-0.20756678	-1.1582464	0.08695652	0.54908323	1.0	3498	tags=26%, list=23%, signal=34%	
HP_ABNORMALITY_OF_CRANIAL_SUTURES	HP_ABNORMALITY_OF_CRANIAL_SUTURES		333	-0.20651582	-1.1582431	0.10344828	0.5487346	1.0	4114	tags=31%, list=27%, signal=42%	
GOBP_EXPLORATION_BEHAVIOR	GOBP_EXPLORATION_BEHAVIOR		31	-0.31702918	-1.1582412	0.22727273	0.5483823	1.0	3448	tags=35%, list=23%, signal=46%	
GOMF_MICROFILAMENT_MOTOR_ACTIVITY	GOMF_MICROFILAMENT_MOTOR_ACTIVITY		23	-0.3370816	-1.158199	0.24228029	0.5481537	1.0	697	tags=17%, list=5%, signal=18%	
GOBP_EMBRYONIC_CAMERA_TYPE_EYE_MORPHOGENESIS	GOBP_EMBRYONIC_CAMERA_TYPE_EYE_MORPHOGENESIS		22	-0.34233359	-1.1579075	0.24757281	0.5486633	1.0	4552	tags=59%, list=30%, signal=84%	
HP_SMALL_HAND	HP_SMALL_HAND		108	-0.2406824	-1.157851	0.16574585	0.54845095	1.0	4665	tags=44%, list=31%, signal=63%	
GOCC_ASTROCYTE_PROJECTION	GOCC_ASTROCYTE_PROJECTION		21	-0.3403502	-1.1573286	0.26303318	0.5495727	1.0	1334	tags=19%, list=9%, signal=21%	
HP_VISUAL_HALLUCINATION	HP_VISUAL_HALLUCINATION		24	-0.34331056	-1.1570866	0.24824356	0.5498963	1.0	2900	tags=33%, list=19%, signal=41%	
GOBP_VACUOLAR_ACIDIFICATION	GOBP_VACUOLAR_ACIDIFICATION		33	-0.30779523	-1.1569283	0.23325062	0.55	1.0	4546	tags=39%, list=30%, signal=56%	
HP_BROAD_THUMB	HP_BROAD_THUMB		80	-0.25570986	-1.1559814	0.21994884	0.55231184	1.0	2506	tags=23%, list=17%, signal=27%	
GOBP_LAMELLIPODIUM_ASSEMBLY	GOBP_LAMELLIPODIUM_ASSEMBLY		64	-0.2670353	-1.1555825	0.17127071	0.55305135	1.0	958	tags=13%, list=6%, signal=13%	
GOBP_POSITIVE_REGULATION_OF_INTRINSIC_APOPTOTIC_SIGNALING_PATHWAY	GOBP_POSITIVE_REGULATION_OF_INTRINSIC_APOPTOTIC_SIGNALING_PATHWAY		58	-0.27477154	-1.1555339	0.20823245	0.55281854	1.0	3015	tags=33%, list=20%, signal=41%	
GOCC_EXCITATORY_SYNAPSE	GOCC_EXCITATORY_SYNAPSE		59	-0.26894516	-1.1552119	0.19647355	0.5533683	1.0	2381	tags=27%, list=16%, signal=32%	
GOBP_PROTEIN_N_LINKED_GLYCOSYLATION	GOBP_PROTEIN_N_LINKED_GLYCOSYLATION		64	-0.26483512	-1.1542645	0.21197008	0.5557287	1.0	5630	tags=47%, list=37%, signal=74%	
GOBP_POSITIVE_REGULATION_OF_NEUROGENESIS	GOBP_POSITIVE_REGULATION_OF_NEUROGENESIS		203	-0.21627583	-1.1542555	0.11620795	0.55539304	1.0	2803	tags=24%, list=19%, signal=29%	
GOBP_ACTIVATION_OF_GTPASE_ACTIVITY	GOBP_ACTIVATION_OF_GTPASE_ACTIVITY		23	-0.34381348	-1.1541567	0.2657005	0.5553151	1.0	2012	tags=26%, list=13%, signal=30%	
GOMF_E_BOX_BINDING	GOMF_E_BOX_BINDING		43	-0.28189787	-1.1539809	0.22772278	0.5554569	1.0	2752	tags=35%, list=18%, signal=43%	
GOBP_REGULATION_OF_HYDROLASE_ACTIVITY	GOBP_REGULATION_OF_HYDROLASE_ACTIVITY		196	-0.2170785	-1.1539152	0.13375796	0.5552957	1.0	3428	tags=29%, list=23%, signal=36%	
HP_SUPERNUMERARY_NIPPLE	HP_SUPERNUMERARY_NIPPLE		46	-0.2822236	-1.1536791	0.22962964	0.5556194	1.0	1763	tags=20%, list=12%, signal=22%	
GOCC_PROTON_TRANSPORTING_TWO_SECTOR_ATPASE_COMPLEX_PROTON_TRANSPORTING_DOMAIN	GOCC_PROTON_TRANSPORTING_TWO_SECTOR_ATPASE_COMPLEX_PROTON_TRANSPORTING_DOMAIN		15	-0.38102546	-1.1533282	0.25	0.5562701	1.0	3652	tags=47%, list=24%, signal=61%	
HP_IMPOTENCE	HP_IMPOTENCE		42	-0.2968705	-1.1532043	0.22303921	0.5562557	1.0	1692	tags=24%, list=11%, signal=27%	
GOMF_PROTEIN_FOLDING_CHAPERONE_BINDING	GOMF_PROTEIN_FOLDING_CHAPERONE_BINDING		115	-0.23844296	-1.1530718	0.18670076	0.556291	1.0	3707	tags=30%, list=25%, signal=40%	
GOMF_PROTEIN_SERINE_THREONINE_TYROSINE_KINASE_ACTIVITY	GOMF_PROTEIN_SERINE_THREONINE_TYROSINE_KINASE_ACTIVITY		34	-0.31332818	-1.1529505	0.2505747	0.5562705	1.0	1028	tags=15%, list=7%, signal=16%	
GOCC_MYOSIN_COMPLEX	GOCC_MYOSIN_COMPLEX		39	-0.29899958	-1.152848	0.25490198	0.55620295	1.0	697	tags=15%, list=5%, signal=16%	
GOBP_REGULATION_OF_DENDRITE_DEVELOPMENT	GOBP_REGULATION_OF_DENDRITE_DEVELOPMENT		86	-0.24655116	-1.1526726	0.19220056	0.55635005	1.0	3063	tags=30%, list=20%, signal=38%	
GOBP_METHYLATION	GOBP_METHYLATION		196	-0.21578394	-1.1525897	0.13473053	0.55622363	1.0	2063	tags=17%, list=14%, signal=19%	
GOMF_POLY_PURINE_TRACT_BINDING	GOMF_POLY_PURINE_TRACT_BINDING		26	-0.32506588	-1.1523521	0.25284737	0.5565499	1.0	3608	tags=42%, list=24%, signal=55%	
GOMF_POLY_A_BINDING	GOMF_POLY_A_BINDING		20	-0.35493472	-1.1522365	0.25882354	0.5565312	1.0	3608	tags=45%, list=24%, signal=59%	
HP_ABNORMAL_THUMB_MORPHOLOGY	HP_ABNORMAL_THUMB_MORPHOLOGY		356	-0.20240484	-1.1520003	0.076642334	0.55684346	1.0	3999	tags=31%, list=26%, signal=41%	
HP_ABNORMALITY_OF_PERIPHERAL_NERVE_CONDUCTION	HP_ABNORMALITY_OF_PERIPHERAL_NERVE_CONDUCTION		135	-0.22843248	-1.1519976	0.1643454	0.5564953	1.0	3616	tags=27%, list=24%, signal=35%	
GOBP_REGULATION_OF_SMOOTH_MUSCLE_CELL_DIFFERENTIATION	GOBP_REGULATION_OF_SMOOTH_MUSCLE_CELL_DIFFERENTIATION		33	-0.3052511	-1.1512893	0.2524272	0.5581574	1.0	3030	tags=27%, list=20%, signal=34%	
HP_ABNORMAL_GLYCOSYLATION	HP_ABNORMAL_GLYCOSYLATION		49	-0.2803115	-1.1511527	0.21568628	0.55816346	1.0	3907	tags=37%, list=26%, signal=49%	
GOBP_POSITIVE_REGULATION_OF_FILOPODIUM_ASSEMBLY	GOBP_POSITIVE_REGULATION_OF_FILOPODIUM_ASSEMBLY		25	-0.3315381	-1.1509633	0.2527964	0.5583513	1.0	2984	tags=36%, list=20%, signal=45%	
GOBP_REGULATION_OF_DNA_BINDING	GOBP_REGULATION_OF_DNA_BINDING		51	-0.2755929	-1.1508948	0.19471154	0.55819005	1.0	2429	tags=25%, list=16%, signal=30%	
GOCC_EXON_EXON_JUNCTION_COMPLEX	GOCC_EXON_EXON_JUNCTION_COMPLEX		19	-0.3631854	-1.1505392	0.2523148	0.558826	1.0	5756	tags=53%, list=38%, signal=85%	
GOMF_UBIQUITIN_LIKE_PROTEIN_BINDING	GOMF_UBIQUITIN_LIKE_PROTEIN_BINDING		113	-0.24111329	-1.1504287	0.18731989	0.5588117	1.0	1732	tags=17%, list=11%, signal=19%	
GOBP_NEGATIVE_REGULATION_OF_PROTEASOMAL_PROTEIN_CATABOLIC_PROCESS	GOBP_NEGATIVE_REGULATION_OF_PROTEASOMAL_PROTEIN_CATABOLIC_PROCESS		51	-0.27979526	-1.1503755	0.22361809	0.5586041	1.0	4155	tags=35%, list=27%, signal=49%	
GOMF_SNARE_BINDING	GOMF_SNARE_BINDING		94	-0.2435085	-1.1495999	0.16020672	0.5604748	1.0	3827	tags=33%, list=25%, signal=44%	
GOCC_MEDIATOR_COMPLEX	GOCC_MEDIATOR_COMPLEX		38	-0.29646263	-1.1495912	0.23095824	0.5601563	1.0	2823	tags=26%, list=19%, signal=32%	
GOMF_UBIQUITIN_UBIQUITIN_LIGASE_ACTIVITY	GOMF_UBIQUITIN_UBIQUITIN_LIGASE_ACTIVITY		16	-0.37570158	-1.1495613	0.2689655	0.5598762	1.0	6038	tags=56%, list=40%, signal=94%	
GOBP_NUCLEAR_MEMBRANE_REASSEMBLY	GOBP_NUCLEAR_MEMBRANE_REASSEMBLY		22	-0.3447278	-1.14926	0.2824074	0.56042325	1.0	4530	tags=41%, list=30%, signal=58%	
GOBP_RESPONSE_TO_LITHIUM_ION	GOBP_RESPONSE_TO_LITHIUM_ION		17	-0.36218357	-1.1491668	0.25665858	0.5603573	1.0	3969	tags=47%, list=26%, signal=64%	
GOBP_MEMBRANE_PROTEIN_PROTEOLYSIS	GOBP_MEMBRANE_PROTEIN_PROTEOLYSIS		53	-0.27191907	-1.148993	0.20437956	0.56048167	1.0	3538	tags=36%, list=23%, signal=47%	
HP_TONGUE_FASCICULATIONS	HP_TONGUE_FASCICULATIONS		64	-0.2620503	-1.1487895	0.21081081	0.56068593	1.0	3461	tags=28%, list=23%, signal=36%	
HP_TYPIFIED_BY_INCOMPLETE_PENETRANCE	HP_TYPIFIED_BY_INCOMPLETE_PENETRANCE		123	-0.232989	-1.1484742	0.1779661	0.56125224	1.0	2452	tags=22%, list=16%, signal=26%	
HP_BRITTLE_HAIR	HP_BRITTLE_HAIR		50	-0.27364892	-1.148225	0.20243903	0.5615908	1.0	1215	tags=14%, list=8%, signal=15%	
GOBP_POSITIVE_REGULATION_OF_GENE_EXPRESSION_EPIGENETIC	GOBP_POSITIVE_REGULATION_OF_GENE_EXPRESSION_EPIGENETIC		45	-0.28377885	-1.1479075	0.22705314	0.5621521	1.0	3859	tags=38%, list=26%, signal=51%	
HP_IMPAIRED_DISTAL_PROPRIOCEPTION	HP_IMPAIRED_DISTAL_PROPRIOCEPTION		18	-0.36694086	-1.1476148	0.259009	0.56268585	1.0	4643	tags=50%, list=31%, signal=72%	
GOBP_POSITIVE_REGULATION_OF_INTERLEUKIN_6_PRODUCTION	GOBP_POSITIVE_REGULATION_OF_INTERLEUKIN_6_PRODUCTION		77	-0.25528628	-1.147444	0.2037037	0.56282455	1.0	2307	tags=26%, list=15%, signal=30%	
GOBP_REGULATION_OF_CELL_GROWTH	GOBP_REGULATION_OF_CELL_GROWTH		347	-0.2034498	-1.1473749	0.096551724	0.5626499	1.0	2635	tags=22%, list=17%, signal=27%	
HP_LARGE_EARLOBE	HP_LARGE_EARLOBE		37	-0.3020254	-1.1472996	0.2589928	0.56251115	1.0	4921	tags=43%, list=33%, signal=64%	
HP_ABNORMAL_NEURON_MORPHOLOGY	HP_ABNORMAL_NEURON_MORPHOLOGY		75	-0.2550034	-1.1472776	0.19371727	0.5622355	1.0	2750	tags=23%, list=18%, signal=28%	
GOBP_REGULATION_OF_FATTY_ACID_TRANSPORT	GOBP_REGULATION_OF_FATTY_ACID_TRANSPORT		25	-0.33411956	-1.1464643	0.25245097	0.5642662	1.0	2598	tags=28%, list=17%, signal=34%	
GOBP_SNRNA_3_END_PROCESSING	GOBP_SNRNA_3_END_PROCESSING		20	-0.35147986	-1.1462283	0.27272728	0.5645741	1.0	5294	tags=45%, list=35%, signal=69%	
GOBP_INFLAMMASOME_MEDIATED_SIGNALING_PATHWAY	GOBP_INFLAMMASOME_MEDIATED_SIGNALING_PATHWAY		47	-0.28201777	-1.1462122	0.26184538	0.5642579	1.0	3277	tags=32%, list=22%, signal=41%	
HP_SANDAL_GAP	HP_SANDAL_GAP		88	-0.24821322	-1.1460899	0.20426829	0.56428546	1.0	3663	tags=31%, list=24%, signal=40%	
HP_RESTLESSNESS	HP_RESTLESSNESS		60	-0.2684902	-1.1458712	0.24303797	0.5645205	1.0	2337	tags=22%, list=15%, signal=26%	
GOMF_PROTEIN_KINASE_C_BINDING	GOMF_PROTEIN_KINASE_C_BINDING		43	-0.29138607	-1.1458176	0.24815725	0.56432354	1.0	1804	tags=21%, list=12%, signal=24%	
HP_ABNORMAL_LARGE_INTESTINE_PHYSIOLOGY	HP_ABNORMAL_LARGE_INTESTINE_PHYSIOLOGY		52	-0.27927464	-1.1455691	0.23471883	0.56467986	1.0	4442	tags=42%, list=29%, signal=60%	
GOBP_ENDOCRINE_PANCREAS_DEVELOPMENT	GOBP_ENDOCRINE_PANCREAS_DEVELOPMENT		39	-0.2888262	-1.1455284	0.21808511	0.5644348	1.0	3514	tags=36%, list=23%, signal=47%	
GOMF_S_ADENOSYL_L_METHIONINE_BINDING	GOMF_S_ADENOSYL_L_METHIONINE_BINDING		21	-0.33828777	-1.1454275	0.25415677	0.5643776	1.0	3930	tags=48%, list=26%, signal=64%	
HP_ABNORMALITY_OF_MOUTH_SIZE	HP_ABNORMALITY_OF_MOUTH_SIZE		384	-0.2006311	-1.1450318	0.09920635	0.56519574	1.0	4666	tags=38%, list=31%, signal=54%	
GOBP_PROTEIN_SUMOYLATION	GOBP_PROTEIN_SUMOYLATION		56	-0.27014428	-1.1449213	0.22900763	0.56515676	1.0	1405	tags=18%, list=9%, signal=20%	
GOBP_GPI_ANCHOR_METABOLIC_PROCESS	GOBP_GPI_ANCHOR_METABOLIC_PROCESS		29	-0.32059038	-1.1448758	0.27293578	0.56491834	1.0	1903	tags=24%, list=13%, signal=28%	
GOBP_HOST_MEDIATED_SUPPRESSION_OF_SYMBIONT_INVASION	GOBP_HOST_MEDIATED_SUPPRESSION_OF_SYMBIONT_INVASION		18	-0.35940224	-1.1443845	0.28540772	0.5660131	1.0	2620	tags=28%, list=17%, signal=34%	
GOBP_PROTON_TRANSPORTING_TWO_SECTOR_ATPASE_COMPLEX_ASSEMBLY	GOBP_PROTON_TRANSPORTING_TWO_SECTOR_ATPASE_COMPLEX_ASSEMBLY		15	-0.3676232	-1.144194	0.26490065	0.56621474	1.0	4750	tags=47%, list=31%, signal=68%	
HP_MOTOR_DETERIORATION	HP_MOTOR_DETERIORATION		16	-0.37150714	-1.1440426	0.26956522	0.56629825	1.0	5060	tags=50%, list=33%, signal=75%	
GOMF_TRNA_BINDING	GOMF_TRNA_BINDING		76	-0.2521148	-1.144013	0.1875	0.5660423	1.0	2355	tags=18%, list=16%, signal=22%	
GOBP_NEGATIVE_REGULATION_OF_DNA_BINDING	GOBP_NEGATIVE_REGULATION_OF_DNA_BINDING		19	-0.3508297	-1.1439564	0.25419664	0.5658454	1.0	4212	tags=53%, list=28%, signal=73%	
GOBP_CEREBRAL_CORTEX_DEVELOPMENT	GOBP_CEREBRAL_CORTEX_DEVELOPMENT		119	-0.23450682	-1.1438842	0.16216215	0.5656981	1.0	4534	tags=39%, list=30%, signal=55%	
GOBP_CELL_PROLIFERATION_INVOLVED_IN_HEART_MORPHOGENESIS	GOBP_CELL_PROLIFERATION_INVOLVED_IN_HEART_MORPHOGENESIS		16	-0.37843958	-1.1434584	0.28138527	0.5665261	1.0	1111	tags=25%, list=7%, signal=27%	
GOBP_NEGATIVE_REGULATION_OF_CELLULAR_RESPONSE_TO_INSULIN_STIMULUS	GOBP_NEGATIVE_REGULATION_OF_CELLULAR_RESPONSE_TO_INSULIN_STIMULUS		42	-0.2879468	-1.1430476	0.24349882	0.5674188	1.0	3571	tags=38%, list=24%, signal=50%	
GOBP_REGULATION_OF_DEPHOSPHORYLATION	GOBP_REGULATION_OF_DEPHOSPHORYLATION		22	-0.33943483	-1.1427684	0.27982646	0.56787986	1.0	3501	tags=36%, list=23%, signal=47%	
GOBP_MITOTIC_CELL_CYCLE_PHASE_TRANSITION	GOBP_MITOTIC_CELL_CYCLE_PHASE_TRANSITION		377	-0.20242718	-1.1426456	0.07835821	0.5678822	1.0	3796	tags=27%, list=25%, signal=35%	
GOCC_CARBOXY_TERMINAL_DOMAIN_PROTEIN_KINASE_COMPLEX	GOCC_CARBOXY_TERMINAL_DOMAIN_PROTEIN_KINASE_COMPLEX		16	-0.36763588	-1.142618	0.26914153	0.5676128	1.0	3	tags=6%, list=0%, signal=6%	
GOMF_ATPASE_BINDING	GOMF_ATPASE_BINDING		79	-0.25150332	-1.1424769	0.21703297	0.56764644	1.0	3398	tags=33%, list=22%, signal=42%	
HP_RAPIDLY_PROGRESSIVE	HP_RAPIDLY_PROGRESSIVE		34	-0.29364225	-1.1421918	0.23918575	0.56813276	1.0	2796	tags=35%, list=19%, signal=43%	
GOBP_NEGATIVE_REGULATION_OF_VASCULAR_PERMEABILITY	GOBP_NEGATIVE_REGULATION_OF_VASCULAR_PERMEABILITY		19	-0.35437092	-1.1418086	0.26174498	0.56889963	1.0	4133	tags=42%, list=27%, signal=58%	
GOBP_REGULATION_OF_DOUBLE_STRAND_BREAK_REPAIR	GOBP_REGULATION_OF_DOUBLE_STRAND_BREAK_REPAIR		131	-0.22939171	-1.1417994	0.18256131	0.56856704	1.0	3759	tags=31%, list=25%, signal=41%	
GOBP_SYNAPTIC_VESICLE_LOCALIZATION	GOBP_SYNAPTIC_VESICLE_LOCALIZATION		54	-0.2732821	-1.1413035	0.25707546	0.5696593	1.0	2702	tags=30%, list=18%, signal=36%	
HP_ABNORMAL_MUSCLE_FIBER_PROTEIN_EXPRESSION	HP_ABNORMAL_MUSCLE_FIBER_PROTEIN_EXPRESSION		29	-0.31708544	-1.1410164	0.27764127	0.5701597	1.0	4478	tags=52%, list=30%, signal=73%	
GOMF_TELOMERASE_RNA_BINDING	GOMF_TELOMERASE_RNA_BINDING		22	-0.34029534	-1.14074	0.2781457	0.5705822	1.0	4459	tags=41%, list=30%, signal=58%	
HP_ABNORMAL_FONTANELLE_MORPHOLOGY	HP_ABNORMAL_FONTANELLE_MORPHOLOGY		181	-0.21926385	-1.1406435	0.13354038	0.5705359	1.0	4331	tags=36%, list=29%, signal=50%	
GOMF_GROWTH_FACTOR_RECEPTOR_BINDING	GOMF_GROWTH_FACTOR_RECEPTOR_BINDING		111	-0.23868662	-1.1406379	0.19559228	0.5701954	1.0	3435	tags=30%, list=23%, signal=38%	
GOBP_REGULATION_OF_MICROTUBULE_CYTOSKELETON_ORGANIZATION	GOBP_REGULATION_OF_MICROTUBULE_CYTOSKELETON_ORGANIZATION		152	-0.22639215	-1.1406151	0.16224189	0.56991625	1.0	4106	tags=34%, list=27%, signal=46%	
HP_BROAD_NASAL_TIP	HP_BROAD_NASAL_TIP		143	-0.22768132	-1.140319	0.1779661	0.5704362	1.0	4921	tags=41%, list=33%, signal=61%	
GOBP_NEUROTRANSMITTER_SECRETION	GOBP_NEUROTRANSMITTER_SECRETION		142	-0.22532602	-1.1401279	0.17663817	0.5706432	1.0	2556	tags=23%, list=17%, signal=28%	
HP_FLAT_FACE	HP_FLAT_FACE		95	-0.24229667	-1.1396763	0.20052083	0.5716475	1.0	4196	tags=37%, list=28%, signal=51%	
GOMF_HEPARIN_BINDING	GOMF_HEPARIN_BINDING		131	-0.22667572	-1.1395357	0.1764706	0.57169247	1.0	2121	tags=23%, list=14%, signal=26%	
GOCC_APICAL_DENDRITE	GOCC_APICAL_DENDRITE		18	-0.3509296	-1.1394517	0.26973686	0.5715719	1.0	1781	tags=28%, list=12%, signal=31%	
GOBP_RETINA_LAYER_FORMATION	GOBP_RETINA_LAYER_FORMATION		24	-0.33435273	-1.1391534	0.2600473	0.5721029	1.0	1231	tags=25%, list=8%, signal=27%	
GOBP_MEMBRANE_PROTEIN_ECTODOMAIN_PROTEOLYSIS	GOBP_MEMBRANE_PROTEIN_ECTODOMAIN_PROTEOLYSIS		44	-0.2873973	-1.1388292	0.2539267	0.5727027	1.0	3318	tags=36%, list=22%, signal=46%	
GOBP_ENDOCRINE_SYSTEM_DEVELOPMENT	GOBP_ENDOCRINE_SYSTEM_DEVELOPMENT		115	-0.23505044	-1.1384996	0.18817204	0.5733229	1.0	2785	tags=28%, list=18%, signal=34%	
GOBP_GLYCOSPHINGOLIPID_METABOLIC_PROCESS	GOBP_GLYCOSPHINGOLIPID_METABOLIC_PROCESS		56	-0.26829726	-1.1378818	0.20580475	0.5747202	1.0	2551	tags=23%, list=17%, signal=28%	
HP_LIMB_GIRDLE_MUSCLE_WEAKNESS	HP_LIMB_GIRDLE_MUSCLE_WEAKNESS		85	-0.24154547	-1.1376928	0.20418848	0.5749174	1.0	3432	tags=29%, list=23%, signal=38%	
HP_MACULE	HP_MACULE		193	-0.21866596	-1.1375996	0.16766468	0.5748424	1.0	3142	tags=25%, list=21%, signal=32%	
GOBP_HEART_TRABECULA_MORPHOGENESIS	GOBP_HEART_TRABECULA_MORPHOGENESIS		28	-0.31573227	-1.1371074	0.2415459	0.57588774	1.0	2571	tags=32%, list=17%, signal=39%	
HP_ABNORMAL_SOCIAL_BEHAVIOR	HP_ABNORMAL_SOCIAL_BEHAVIOR		149	-0.22597638	-1.1370605	0.15669516	0.5756767	1.0	3816	tags=30%, list=25%, signal=40%	
HP_CROHN_S_DISEASE	HP_CROHN_S_DISEASE		15	-0.3714586	-1.1368196	0.28705883	0.5760147	1.0	2293	tags=40%, list=15%, signal=47%	
HP_WIDE_ANTERIOR_FONTANEL	HP_WIDE_ANTERIOR_FONTANEL		90	-0.2439456	-1.1367949	0.23796791	0.57573855	1.0	4496	tags=41%, list=30%, signal=58%	
HP_CHRONIC_LEUKEMIA	HP_CHRONIC_LEUKEMIA		18	-0.3566401	-1.1367286	0.27880183	0.57557756	1.0	1330	tags=28%, list=9%, signal=30%	
HP_BIPOLAR_AFFECTIVE_DISORDER	HP_BIPOLAR_AFFECTIVE_DISORDER		35	-0.29960933	-1.1363555	0.23002422	0.57625735	1.0	5943	tags=63%, list=39%, signal=103%	
GOBP_REGULATION_OF_MEMBRANE_DEPOLARIZATION	GOBP_REGULATION_OF_MEMBRANE_DEPOLARIZATION		44	-0.2802747	-1.1361378	0.25058004	0.57653403	1.0	2981	tags=30%, list=20%, signal=37%	
GOMF_HISTONE_ACETYLTRANSFERASE_ACTIVITY	GOMF_HISTONE_ACETYLTRANSFERASE_ACTIVITY		37	-0.29711404	-1.1359622	0.25454545	0.57672095	1.0	4281	tags=38%, list=28%, signal=53%	
GOCC_PCG_PROTEIN_COMPLEX	GOCC_PCG_PROTEIN_COMPLEX		40	-0.28669083	-1.1358694	0.24885845	0.57663774	1.0	3084	tags=25%, list=20%, signal=31%	
GOBP_AUTOPHAGOSOME_MATURATION	GOBP_AUTOPHAGOSOME_MATURATION		64	-0.2632301	-1.135622	0.22524753	0.5770186	1.0	4092	tags=36%, list=27%, signal=49%	
HP_MUSCULAR_DYSTROPHY	HP_MUSCULAR_DYSTROPHY		69	-0.25045145	-1.1355591	0.23232323	0.5768552	1.0	3629	tags=32%, list=24%, signal=42%	
GOBP_PROTEIN_DEPOLYMERIZATION	GOBP_PROTEIN_DEPOLYMERIZATION		106	-0.2343153	-1.1354355	0.18941504	0.576893	1.0	2311	tags=20%, list=15%, signal=23%	
GOBP_NEURON_PROJECTION_MAINTENANCE	GOBP_NEURON_PROJECTION_MAINTENANCE		15	-0.37747547	-1.1347325	0.2751678	0.57860684	1.0	4708	tags=60%, list=31%, signal=87%	
HP_GENU_VALGUM	HP_GENU_VALGUM		148	-0.22275256	-1.1339986	0.18181819	0.58037984	1.0	2417	tags=22%, list=16%, signal=25%	
HP_MUCOSAL_TELANGIECTASIAE	HP_MUCOSAL_TELANGIECTASIAE		28	-0.32529622	-1.1337694	0.28350514	0.58068925	1.0	4114	tags=29%, list=27%, signal=39%	
GOBP_POSITIVE_REGULATION_OF_CHONDROCYTE_DIFFERENTIATION	GOBP_POSITIVE_REGULATION_OF_CHONDROCYTE_DIFFERENTIATION		17	-0.36446393	-1.1334552	0.30787036	0.58121157	1.0	1802	tags=24%, list=12%, signal=27%	
GOBP_REGULATION_OF_CELL_DIVISION	GOBP_REGULATION_OF_CELL_DIVISION		154	-0.22470745	-1.133359	0.18562874	0.58111763	1.0	3885	tags=29%, list=26%, signal=39%	
GOBP_ENDOPLASMIC_RETICULUM_TO_GOLGI_VESICLE_MEDIATED_TRANSPORT	GOBP_ENDOPLASMIC_RETICULUM_TO_GOLGI_VESICLE_MEDIATED_TRANSPORT		123	-0.22796734	-1.1332921	0.21652421	0.58096206	1.0	5210	tags=46%, list=34%, signal=70%	
GOBP_CARTILAGE_CONDENSATION	GOBP_CARTILAGE_CONDENSATION		16	-0.36823064	-1.1331893	0.3156733	0.5809016	1.0	1810	tags=25%, list=12%, signal=28%	
HP_CONSTIPATION	HP_CONSTIPATION		393	-0.2000627	-1.1329618	0.109375	0.5812089	1.0	3870	tags=30%, list=26%, signal=40%	
GOBP_MIRNA_METABOLIC_PROCESS	GOBP_MIRNA_METABOLIC_PROCESS		82	-0.2530109	-1.1326559	0.23774509	0.5817439	1.0	4534	tags=38%, list=30%, signal=54%	
HP_ENLARGED_THORAX	HP_ENLARGED_THORAX		61	-0.26030308	-1.132566	0.23366834	0.5816825	1.0	4070	tags=34%, list=27%, signal=47%	
GOMF_PROTEIN_PHOSPHATASE_2A_BINDING	GOMF_PROTEIN_PHOSPHATASE_2A_BINDING		25	-0.32125047	-1.1325458	0.27570093	0.5813818	1.0	2432	tags=24%, list=16%, signal=29%	
GOBP_CELLULAR_COMPONENT_DISASSEMBLY	GOBP_CELLULAR_COMPONENT_DISASSEMBLY		408	-0.1972549	-1.132282	0.10465116	0.5817704	1.0	4210	tags=30%, list=28%, signal=41%	
HP_ABNORMALITY_OF_THE_ABDOMINAL_WALL	HP_ABNORMALITY_OF_THE_ABDOMINAL_WALL		488	-0.19517584	-1.13226	0.072649576	0.5814905	1.0	4205	tags=31%, list=28%, signal=42%	
GOBP_REGULATION_OF_PROTEIN_LOCALIZATION_TO_NUCLEUS	GOBP_REGULATION_OF_PROTEIN_LOCALIZATION_TO_NUCLEUS		124	-0.23197636	-1.132069	0.20648968	0.58165574	1.0	3287	tags=28%, list=22%, signal=36%	
HP_ABNORMAL_GRANULOCYTE_COUNT	HP_ABNORMAL_GRANULOCYTE_COUNT		229	-0.20782942	-1.131618	0.13580246	0.5826837	1.0	3205	tags=24%, list=21%, signal=31%	
GOCC_NUCLEAR_CYCLIN_DEPENDENT_PROTEIN_KINASE_HOLOENZYME_COMPLEX	GOCC_NUCLEAR_CYCLIN_DEPENDENT_PROTEIN_KINASE_HOLOENZYME_COMPLEX		22	-0.34004378	-1.131452	0.26415095	0.58284	1.0	3374	tags=23%, list=22%, signal=29%	
HP_DYSTONIA	HP_DYSTONIA		478	-0.19275042	-1.1313957	0.08219178	0.58264387	1.0	3609	tags=27%, list=24%, signal=35%	
GOBP_APOPTOTIC_DNA_FRAGMENTATION	GOBP_APOPTOTIC_DNA_FRAGMENTATION		15	-0.38755396	-1.1313565	0.29321662	0.5824027	1.0	2777	tags=33%, list=18%, signal=41%	
GOMF_PROTEIN_PHOSPHORYLATED_AMINO_ACID_BINDING	GOMF_PROTEIN_PHOSPHORYLATED_AMINO_ACID_BINDING		52	-0.27264062	-1.1311702	0.22636816	0.58262193	1.0	2486	tags=25%, list=16%, signal=30%	
GOBP_REGULATION_OF_MITOCHONDRIAL_OUTER_MEMBRANE_PERMEABILIZATION_INVOLVED_IN_APOPTOTIC_SIGNALING_PATHWAY	GOBP_REGULATION_OF_MITOCHONDRIAL_OUTER_MEMBRANE_PERMEABILIZATION_INVOLVED_IN_APOPTOTIC_SIGNALING_PATHWAY		22	-0.334569	-1.1310887	0.31506848	0.5824898	1.0	2623	tags=32%, list=17%, signal=38%	
GOBP_REGULATION_OF_EXTENT_OF_CELL_GROWTH	GOBP_REGULATION_OF_EXTENT_OF_CELL_GROWTH		88	-0.24543603	-1.1306748	0.22879177	0.5833148	1.0	2635	tags=26%, list=17%, signal=31%	
GOBP_CELLULAR_RESPONSE_TO_STARVATION	GOBP_CELLULAR_RESPONSE_TO_STARVATION		159	-0.2218592	-1.130556	0.15430267	0.5833167	1.0	4283	tags=35%, list=28%, signal=48%	
GOBP_HOMOPHILIC_CELL_ADHESION_VIA_PLASMA_MEMBRANE_ADHESION_MOLECULES	GOBP_HOMOPHILIC_CELL_ADHESION_VIA_PLASMA_MEMBRANE_ADHESION_MOLECULES		152	-0.22318782	-1.1304457	0.14848486	0.5833062	1.0	3402	tags=31%, list=23%, signal=40%	
GOCC_CALCIUM_CHANNEL_COMPLEX	GOCC_CALCIUM_CHANNEL_COMPLEX		55	-0.2672503	-1.130314	0.23096447	0.5833422	1.0	1909	tags=18%, list=13%, signal=21%	
HP_BILATERAL_PTOSIS	HP_BILATERAL_PTOSIS		58	-0.26949376	-1.1300833	0.22588833	0.583684	1.0	3821	tags=34%, list=25%, signal=46%	
GOCC_PHAGOPHORE_ASSEMBLY_SITE_MEMBRANE	GOCC_PHAGOPHORE_ASSEMBLY_SITE_MEMBRANE		21	-0.33860976	-1.1298472	0.2737819	0.5840684	1.0	5162	tags=62%, list=34%, signal=94%	
GOBP_AMINE_TRANSPORT	GOBP_AMINE_TRANSPORT		69	-0.25515047	-1.1295056	0.24074075	0.5847369	1.0	4001	tags=38%, list=26%, signal=51%	
HP_ABNORMAL_GLIAL_CELL_MORPHOLOGY	HP_ABNORMAL_GLIAL_CELL_MORPHOLOGY		123	-0.23218782	-1.1293792	0.18156424	0.58475584	1.0	3119	tags=24%, list=21%, signal=30%	
GOBP_CHONDROITIN_SULFATE_PROTEOGLYCAN_METABOLIC_PROCESS	GOBP_CHONDROITIN_SULFATE_PROTEOGLYCAN_METABOLIC_PROCESS		27	-0.32207775	-1.1293507	0.26950353	0.5844934	1.0	966	tags=15%, list=6%, signal=16%	
GOBP_REGULATION_OF_NUCLEOTIDE_BIOSYNTHETIC_PROCESS	GOBP_REGULATION_OF_NUCLEOTIDE_BIOSYNTHETIC_PROCESS		16	-0.36090982	-1.1293032	0.30172414	0.58427596	1.0	4273	tags=69%, list=28%, signal=96%	
GOBP_PROTEIN_STABILIZATION	GOBP_PROTEIN_STABILIZATION		196	-0.21228646	-1.1292952	0.1486068	0.583958	1.0	2802	tags=21%, list=19%, signal=26%	
GOBP_REGULATION_OF_SISTER_CHROMATID_SEGREGATION	GOBP_REGULATION_OF_SISTER_CHROMATID_SEGREGATION		96	-0.23657836	-1.1290898	0.19565217	0.5842033	1.0	2409	tags=19%, list=16%, signal=22%	
GOCC_VOLTAGE_GATED_CALCIUM_CHANNEL_COMPLEX	GOCC_VOLTAGE_GATED_CALCIUM_CHANNEL_COMPLEX		34	-0.3067723	-1.1289387	0.2764977	0.5843214	1.0	1909	tags=21%, list=13%, signal=24%	
GOBP_PURINE_NUCLEOTIDE_CATABOLIC_PROCESS	GOBP_PURINE_NUCLEOTIDE_CATABOLIC_PROCESS		124	-0.22739483	-1.1288507	0.19101124	0.58422625	1.0	3540	tags=31%, list=23%, signal=40%	
GOBP_NUCLEOTIDE_TRANSMEMBRANE_TRANSPORT	GOBP_NUCLEOTIDE_TRANSMEMBRANE_TRANSPORT		23	-0.32915077	-1.1287763	0.2751196	0.5840724	1.0	5152	tags=57%, list=34%, signal=86%	
HP_STEREOTYPIC_MOVEMENTS_OF_FACE_AND_HEAD	HP_STEREOTYPIC_MOVEMENTS_OF_FACE_AND_HEAD		70	-0.257199	-1.128559	0.22820513	0.58433527	1.0	2146	tags=19%, list=14%, signal=22%	
HP_HIRSUTISM	HP_HIRSUTISM		186	-0.21366018	-1.1282424	0.14150943	0.584899	1.0	3027	tags=24%, list=20%, signal=30%	
HP_PARAPLEGIA	HP_PARAPLEGIA		130	-0.22988676	-1.1281931	0.18597561	0.5847088	1.0	2888	tags=25%, list=19%, signal=30%	
GOBP_NEGATIVE_REGULATION_OF_TRANSFERASE_ACTIVITY	GOBP_NEGATIVE_REGULATION_OF_TRANSFERASE_ACTIVITY		84	-0.24494639	-1.1280955	0.21983914	0.5846568	1.0	3143	tags=31%, list=21%, signal=39%	
HP_ABNORMAL_CHEEK_MORPHOLOGY	HP_ABNORMAL_CHEEK_MORPHOLOGY		253	-0.20735589	-1.1274834	0.13245033	0.58613557	1.0	3442	tags=28%, list=23%, signal=36%	
HP_PUBERTY_AND_GONADAL_DISORDERS	HP_PUBERTY_AND_GONADAL_DISORDERS		482	-0.19356813	-1.1271769	0.10084034	0.58668464	1.0	3829	tags=29%, list=25%, signal=38%	
HP_ABNORMAL_LIBIDO	HP_ABNORMAL_LIBIDO		31	-0.31150526	-1.1264788	0.2890443	0.5884557	1.0	2678	tags=32%, list=18%, signal=39%	
HP_ABNORMAL_PARATHYROID_MORPHOLOGY	HP_ABNORMAL_PARATHYROID_MORPHOLOGY		15	-0.3742064	-1.1261601	0.30542988	0.5890494	1.0	2224	tags=40%, list=15%, signal=47%	
GOMF_PHOSPHOPROTEIN_BINDING	GOMF_PHOSPHOPROTEIN_BINDING		81	-0.24963805	-1.1261328	0.23308271	0.5887826	1.0	2583	tags=23%, list=17%, signal=28%	
GOBP_REGULATION_OF_DENDRITE_EXTENSION	GOBP_REGULATION_OF_DENDRITE_EXTENSION		23	-0.33045435	-1.1258847	0.2880562	0.58919406	1.0	3552	tags=43%, list=24%, signal=57%	
GOBP_REGULATION_OF_LAMELLIPODIUM_ORGANIZATION	GOBP_REGULATION_OF_LAMELLIPODIUM_ORGANIZATION		49	-0.2736295	-1.1258335	0.24189526	0.5890073	1.0	3493	tags=29%, list=23%, signal=37%	
GOBP_REGULATION_OF_GENERATION_OF_PRECURSOR_METABOLITES_AND_ENERGY	GOBP_REGULATION_OF_GENERATION_OF_PRECURSOR_METABOLITES_AND_ENERGY		116	-0.23085777	-1.1258326	0.2181303	0.58865917	1.0	4871	tags=39%, list=32%, signal=57%	
GOBP_NEURON_MATURATION	GOBP_NEURON_MATURATION		43	-0.2841532	-1.1257848	0.2535211	0.5884507	1.0	4649	tags=51%, list=31%, signal=74%	
GOBP_CGMP_MEDIATED_SIGNALING	GOBP_CGMP_MEDIATED_SIGNALING		27	-0.32006553	-1.1253425	0.28873238	0.58944356	1.0	3438	tags=41%, list=23%, signal=53%	
GOBP_CERAMIDE_BIOSYNTHETIC_PROCESS	GOBP_CERAMIDE_BIOSYNTHETIC_PROCESS		59	-0.26584634	-1.1252193	0.2512195	0.5894515	1.0	2172	tags=24%, list=14%, signal=28%	
GOBP_DETECTION_OF_STIMULUS_INVOLVED_IN_SENSORY_PERCEPTION_OF_PAIN	GOBP_DETECTION_OF_STIMULUS_INVOLVED_IN_SENSORY_PERCEPTION_OF_PAIN		23	-0.33377263	-1.124965	0.28018224	0.5898554	1.0	2450	tags=30%, list=16%, signal=36%	
GOBP_NEGATIVE_REGULATION_OF_PHOSPHORYLATION	GOBP_NEGATIVE_REGULATION_OF_PHOSPHORYLATION		113	-0.22962792	-1.1248566	0.20277777	0.5898175	1.0	3143	tags=28%, list=21%, signal=35%	
GOBP_TRABECULA_MORPHOGENESIS	GOBP_TRABECULA_MORPHOGENESIS		42	-0.27898207	-1.1240271	0.25411764	0.5918902	1.0	2571	tags=29%, list=17%, signal=34%	
HP_ABNORMALITY_OF_CHROMOSOME_STABILITY	HP_ABNORMALITY_OF_CHROMOSOME_STABILITY		46	-0.2806366	-1.1238041	0.26525822	0.59222656	1.0	2387	tags=17%, list=16%, signal=21%	
GOBP_NUCLEOBASE_CONTAINING_COMPOUND_CATABOLIC_PROCESS	GOBP_NUCLEOBASE_CONTAINING_COMPOUND_CATABOLIC_PROCESS		474	-0.19435817	-1.1234516	0.12345679	0.5929385	1.0	3732	tags=28%, list=25%, signal=37%	
GOMF_POSTSYNAPTIC_NEUROTRANSMITTER_RECEPTOR_ACTIVITY	GOMF_POSTSYNAPTIC_NEUROTRANSMITTER_RECEPTOR_ACTIVITY		69	-0.2547438	-1.1234488	0.25	0.59259367	1.0	1387	tags=20%, list=9%, signal=22%	
GOBP_NEGATIVE_REGULATION_OF_DEVELOPMENTAL_GROWTH	GOBP_NEGATIVE_REGULATION_OF_DEVELOPMENTAL_GROWTH		77	-0.24747644	-1.1233726	0.2265625	0.5924754	1.0	2143	tags=21%, list=14%, signal=24%	
GOBP_FOCAL_ADHESION_ASSEMBLY	GOBP_FOCAL_ADHESION_ASSEMBLY		74	-0.25010952	-1.123309	0.26592797	0.59232515	1.0	3687	tags=31%, list=24%, signal=41%	
GOCC_EXTRINSIC_COMPONENT_OF_PLASMA_MEMBRANE	GOCC_EXTRINSIC_COMPONENT_OF_PLASMA_MEMBRANE		87	-0.23963739	-1.1230814	0.224	0.59262455	1.0	4262	tags=37%, list=28%, signal=51%	
GOMF_CADHERIN_BINDING	GOMF_CADHERIN_BINDING		301	-0.20323317	-1.1227772	0.14726028	0.59313995	1.0	3205	tags=23%, list=21%, signal=29%	
GOBP_METANEPHRIC_NEPHRON_MORPHOGENESIS	GOBP_METANEPHRIC_NEPHRON_MORPHOGENESIS		20	-0.33997065	-1.1224984	0.27083334	0.59361863	1.0	3485	tags=35%, list=23%, signal=45%	
GOMF_TRNA_SPECIFIC_RIBONUCLEASE_ACTIVITY	GOMF_TRNA_SPECIFIC_RIBONUCLEASE_ACTIVITY		16	-0.36604404	-1.1218206	0.29213482	0.59529585	1.0	2225	tags=25%, list=15%, signal=29%	
GOCC_TRANSCRIPTION_FACTOR_TFIID_COMPLEX	GOCC_TRANSCRIPTION_FACTOR_TFIID_COMPLEX		32	-0.29973605	-1.1215824	0.2840909	0.59567165	1.0	2218	tags=19%, list=15%, signal=22%	
GOBP_SPINDLE_ASSEMBLY	GOBP_SPINDLE_ASSEMBLY		127	-0.22609039	-1.1214068	0.21703297	0.59586126	1.0	3758	tags=29%, list=25%, signal=38%	
GOCC_MICROTUBULE_PLUS_END	GOCC_MICROTUBULE_PLUS_END		25	-0.3240092	-1.1213608	0.2853717	0.59564984	1.0	3069	tags=24%, list=20%, signal=30%	
GOBP_DOPAMINE_SECRETION	GOBP_DOPAMINE_SECRETION		26	-0.32154208	-1.1208272	0.29496402	0.59687346	1.0	2450	tags=31%, list=16%, signal=37%	
GOBP_RESPONSE_TO_TOPOLOGICALLY_INCORRECT_PROTEIN	GOBP_RESPONSE_TO_TOPOLOGICALLY_INCORRECT_PROTEIN		145	-0.22243972	-1.1206344	0.22191012	0.59710175	1.0	4334	tags=35%, list=29%, signal=49%	
GOBP_PIGMENT_METABOLIC_PROCESS	GOBP_PIGMENT_METABOLIC_PROCESS		65	-0.26088428	-1.1201311	0.23214285	0.5982026	1.0	4322	tags=42%, list=29%, signal=58%	
HP_LIMB_JOINT_CONTRACTURE	HP_LIMB_JOINT_CONTRACTURE		415	-0.19387354	-1.120054	0.11290322	0.5981165	1.0	2635	tags=21%, list=17%, signal=24%	
GOBP_CEREBELLAR_CORTEX_DEVELOPMENT	GOBP_CEREBELLAR_CORTEX_DEVELOPMENT		49	-0.2725798	-1.1199397	0.25679013	0.5980744	1.0	2450	tags=24%, list=16%, signal=29%	
GOCC_AUTOPHAGOSOME	GOCC_AUTOPHAGOSOME		111	-0.23596486	-1.1198174	0.23076923	0.5980939	1.0	5317	tags=51%, list=35%, signal=79%	
GOBP_ASTROCYTE_ACTIVATION	GOBP_ASTROCYTE_ACTIVATION		16	-0.36412755	-1.1198102	0.31447965	0.5977674	1.0	4124	tags=56%, list=27%, signal=77%	
GOBP_POSITIVE_REGULATION_OF_EXTRACELLULAR_MATRIX_ORGANIZATION	GOBP_POSITIVE_REGULATION_OF_EXTRACELLULAR_MATRIX_ORGANIZATION		19	-0.34305534	-1.1196418	0.29698375	0.59790486	1.0	3965	tags=47%, list=26%, signal=64%	
HP_ABNORMAL_LARYNX_MORPHOLOGY	HP_ABNORMAL_LARYNX_MORPHOLOGY		146	-0.22031671	-1.1196355	0.20238096	0.5975724	1.0	3926	tags=36%, list=26%, signal=48%	
GOBP_EPIGENETIC_PROGRAMMING_OF_GENE_EXPRESSION	GOBP_EPIGENETIC_PROGRAMMING_OF_GENE_EXPRESSION		28	-0.319321	-1.1195835	0.28672987	0.59739065	1.0	1405	tags=21%, list=9%, signal=24%	
GOBP_SMAD_PROTEIN_SIGNAL_TRANSDUCTION	GOBP_SMAD_PROTEIN_SIGNAL_TRANSDUCTION		66	-0.24831203	-1.1195102	0.24010554	0.59724814	1.0	2489	tags=24%, list=16%, signal=29%	
GOBP_POSITIVE_REGULATION_OF_ENDOTHELIAL_CELL_PROLIFERATION	GOBP_POSITIVE_REGULATION_OF_ENDOTHELIAL_CELL_PROLIFERATION		76	-0.24619633	-1.1193538	0.24352331	0.5973409	1.0	2985	tags=28%, list=20%, signal=34%	
GOBP_SULFUR_COMPOUND_TRANSPORT	GOBP_SULFUR_COMPOUND_TRANSPORT		51	-0.26674485	-1.1189498	0.24090908	0.5982007	1.0	5037	tags=51%, list=33%, signal=76%	
HP_EEG_WITH_GENERALIZED_SLOW_ACTIVITY	HP_EEG_WITH_GENERALIZED_SLOW_ACTIVITY		25	-0.32615173	-1.1188257	0.28705883	0.5982474	1.0	2440	tags=24%, list=16%, signal=29%	
HP_ABNORMALITY_IRIS_MORPHOLOGY	HP_ABNORMALITY_IRIS_MORPHOLOGY		398	-0.19489373	-1.1187698	0.105882354	0.5980785	1.0	3839	tags=31%, list=25%, signal=41%	
GOBP_NEGATIVE_REGULATION_OF_FIBROBLAST_PROLIFERATION	GOBP_NEGATIVE_REGULATION_OF_FIBROBLAST_PROLIFERATION		29	-0.31209174	-1.1187526	0.28030303	0.5977805	1.0	2184	tags=31%, list=14%, signal=36%	
GOBP_PHYSIOLOGICAL_CARDIAC_MUSCLE_HYPERTROPHY	GOBP_PHYSIOLOGICAL_CARDIAC_MUSCLE_HYPERTROPHY		23	-0.3343721	-1.118676	0.30068338	0.59766275	1.0	689	tags=13%, list=5%, signal=14%	
HP_LEFT_VENTRICULAR_HYPERTROPHY	HP_LEFT_VENTRICULAR_HYPERTROPHY		90	-0.24013287	-1.1185298	0.21662469	0.59774315	1.0	3722	tags=33%, list=25%, signal=44%	
HP_HYPOPLASTIC_ILIA	HP_HYPOPLASTIC_ILIA		47	-0.27730122	-1.118502	0.27131784	0.5974666	1.0	4050	tags=36%, list=27%, signal=49%	
GOBP_POSITIVE_REGULATION_OF_ORGANELLE_ORGANIZATION	GOBP_POSITIVE_REGULATION_OF_ORGANELLE_ORGANIZATION		446	-0.19392334	-1.1183605	0.12653062	0.5975441	1.0	3593	tags=27%, list=24%, signal=35%	
GOBP_NEGATIVE_REGULATION_OF_CELL_MATRIX_ADHESION	GOBP_NEGATIVE_REGULATION_OF_CELL_MATRIX_ADHESION		30	-0.30794835	-1.1180819	0.30295566	0.598045	1.0	3223	tags=30%, list=21%, signal=38%	
GOBP_FC_EPSILON_RECEPTOR_SIGNALING_PATHWAY	GOBP_FC_EPSILON_RECEPTOR_SIGNALING_PATHWAY		20	-0.3415648	-1.1180494	0.29099306	0.5977934	1.0	931	tags=20%, list=6%, signal=21%	
GOBP_CELL_DIFFERENTIATION_IN_SPINAL_CORD	GOBP_CELL_DIFFERENTIATION_IN_SPINAL_CORD		46	-0.2723047	-1.1179588	0.28501227	0.59769624	1.0	1692	tags=17%, list=11%, signal=20%	
GOCC_MICROTUBULE_END	GOCC_MICROTUBULE_END		34	-0.2937986	-1.1178032	0.2765432	0.59782535	1.0	2478	tags=21%, list=16%, signal=25%	
GOMF_PROTEOGLYCAN_BINDING	GOMF_PROTEOGLYCAN_BINDING		30	-0.3044032	-1.1177104	0.3014354	0.59773517	1.0	2112	tags=27%, list=14%, signal=31%	
GOMF_PHOSPHATIDYLINOSITOL_BINDING	GOMF_PHOSPHATIDYLINOSITOL_BINDING		249	-0.20442131	-1.1176704	0.14754099	0.5975073	1.0	3790	tags=29%, list=25%, signal=38%	
HP_DYSTROPHIC_TOENAIL	HP_DYSTROPHIC_TOENAIL		20	-0.33601618	-1.117363	0.3068182	0.59806186	1.0	1661	tags=25%, list=11%, signal=28%	
HP_ABNORMALITY_OF_THE_VERTEBRAL_ENDPLATES	HP_ABNORMALITY_OF_THE_VERTEBRAL_ENDPLATES		36	-0.2899832	-1.1171099	0.27944574	0.5985125	1.0	4216	tags=39%, list=28%, signal=54%	
GOCC_SARCOPLASM	GOCC_SARCOPLASM		81	-0.2400363	-1.1170342	0.23703703	0.59838885	1.0	3678	tags=37%, list=24%, signal=49%	
HP_INTESTINAL_PERFORATION	HP_INTESTINAL_PERFORATION		18	-0.35636246	-1.1167914	0.2815534	0.5987812	1.0	2796	tags=33%, list=19%, signal=41%	
HP_SMALL_FOR_GESTATIONAL_AGE	HP_SMALL_FOR_GESTATIONAL_AGE		245	-0.20457311	-1.1164777	0.18241042	0.59934855	1.0	3616	tags=27%, list=24%, signal=35%	
HP_ABNORMALITY_OF_THE_VOICE	HP_ABNORMALITY_OF_THE_VOICE		420	-0.19251625	-1.1162708	0.12403101	0.59961915	1.0	2684	tags=22%, list=18%, signal=26%	
GOMF_RNA_CAP_BINDING	GOMF_RNA_CAP_BINDING		19	-0.3481684	-1.1161366	0.30373833	0.5996668	1.0	5983	tags=63%, list=40%, signal=104%	
GOBP_NEUROTROPHIN_TRK_RECEPTOR_SIGNALING_PATHWAY	GOBP_NEUROTROPHIN_TRK_RECEPTOR_SIGNALING_PATHWAY		25	-0.3198749	-1.1160994	0.28699553	0.599441	1.0	2715	tags=36%, list=18%, signal=44%	
GOBP_NEGATIVE_REGULATION_OF_CELL_CYCLE_G2_M_PHASE_TRANSITION	GOBP_NEGATIVE_REGULATION_OF_CELL_CYCLE_G2_M_PHASE_TRANSITION		65	-0.25288957	-1.1160042	0.22102426	0.5993872	1.0	3538	tags=29%, list=23%, signal=38%	
HP_HYPERMETROPIA	HP_HYPERMETROPIA		254	-0.20416285	-1.1159496	0.1971831	0.59922624	1.0	3829	tags=30%, list=25%, signal=39%	
GOBP_MITOCHONDRIAL_FISSION	GOBP_MITOCHONDRIAL_FISSION		37	-0.29244414	-1.1158657	0.26941746	0.5991639	1.0	3591	tags=35%, list=24%, signal=46%	
GOBP_POSITIVE_REGULATION_OF_GLUCONEOGENESIS	GOBP_POSITIVE_REGULATION_OF_GLUCONEOGENESIS		17	-0.3585477	-1.1158341	0.30316743	0.59891915	1.0	3170	tags=29%, list=21%, signal=37%	
HP_GENERALIZED_CLONIC_SEIZURE	HP_GENERALIZED_CLONIC_SEIZURE		27	-0.30782455	-1.1155736	0.28846154	0.59936434	1.0	2046	tags=22%, list=14%, signal=26%	
HP_ABNORMAL_SUBARACHNOID_SPACE_MORPHOLOGY	HP_ABNORMAL_SUBARACHNOID_SPACE_MORPHOLOGY		75	-0.24851619	-1.1153083	0.25634518	0.5997897	1.0	4519	tags=41%, list=30%, signal=59%	
GOCC_RETROMER_COMPLEX	GOCC_RETROMER_COMPLEX		20	-0.33725056	-1.1152198	0.31506848	0.59969515	1.0	5584	tags=60%, list=37%, signal=95%	
HP_ABNORMAL_UVULA_MORPHOLOGY	HP_ABNORMAL_UVULA_MORPHOLOGY		175	-0.21306102	-1.1150063	0.18670887	0.5999792	1.0	3794	tags=31%, list=25%, signal=41%	
GOMF_HEXOSYLTRANSFERASE_ACTIVITY	GOMF_HEXOSYLTRANSFERASE_ACTIVITY		156	-0.21948962	-1.1148392	0.18484849	0.60012645	1.0	4627	tags=35%, list=31%, signal=49%	
HP_ABNORMAL_ANTERIOR_FONTANELLE_MORPHOLOGY	HP_ABNORMAL_ANTERIOR_FONTANELLE_MORPHOLOGY		121	-0.22463052	-1.1148213	0.23753665	0.5998262	1.0	4276	tags=37%, list=28%, signal=51%	
GOBP_RENAL_TUBULE_MORPHOGENESIS	GOBP_RENAL_TUBULE_MORPHOGENESIS		73	-0.25393236	-1.1145974	0.26052633	0.600173	1.0	3485	tags=36%, list=23%, signal=46%	
GOMF_ATPASE_COUPLED_ION_TRANSMEMBRANE_TRANSPORTER_ACTIVITY	GOMF_ATPASE_COUPLED_ION_TRANSMEMBRANE_TRANSPORTER_ACTIVITY		22	-0.33364356	-1.1145746	0.29094827	0.59990007	1.0	4546	tags=55%, list=30%, signal=78%	
GOBP_REGULATION_OF_NERVOUS_SYSTEM_PROCESS	GOBP_REGULATION_OF_NERVOUS_SYSTEM_PROCESS		99	-0.23794506	-1.1140217	0.23119777	0.6012221	1.0	1888	tags=19%, list=12%, signal=22%	
HP_FLEXION_CONTRACTURE_OF_DIGIT	HP_FLEXION_CONTRACTURE_OF_DIGIT		298	-0.20197663	-1.1132344	0.1590106	0.60319704	1.0	3432	tags=27%, list=23%, signal=34%	
HP_REDUCED_CIRCULATING_PROLACTIN_CONCENTRATION	HP_REDUCED_CIRCULATING_PROLACTIN_CONCENTRATION		17	-0.36138198	-1.1130655	0.30574712	0.60333747	1.0	3968	tags=41%, list=26%, signal=56%	
GOBP_CELL_AGGREGATION	GOBP_CELL_AGGREGATION		17	-0.3601283	-1.112951	0.29801324	0.60333174	1.0	1810	tags=24%, list=12%, signal=27%	
HP_GRAY_MATTER_HETEROTOPIA	HP_GRAY_MATTER_HETEROTOPIA		113	-0.2271916	-1.112813	0.24260356	0.60340285	1.0	3560	tags=27%, list=24%, signal=36%	
HP_DEVELOPMENTAL_REGRESSION	HP_DEVELOPMENTAL_REGRESSION		375	-0.19469446	-1.1126329	0.15079366	0.60358083	1.0	4062	tags=29%, list=27%, signal=39%	
GOBP_NUCLEOPHAGY	GOBP_NUCLEOPHAGY		22	-0.33607846	-1.1125575	0.30454546	0.60346854	1.0	5087	tags=59%, list=34%, signal=89%	
GOBP_CENTRAL_NERVOUS_SYSTEM_NEURON_DEVELOPMENT	GOBP_CENTRAL_NERVOUS_SYSTEM_NEURON_DEVELOPMENT		92	-0.23746674	-1.112461	0.2419825	0.6034068	1.0	4053	tags=33%, list=27%, signal=44%	
HP_B_CELL_LYMPHOMA	HP_B_CELL_LYMPHOMA		16	-0.36109924	-1.1124485	0.2764045	0.60310084	1.0	369	tags=13%, list=2%, signal=13%	
HP_LIMB_DYSTONIA	HP_LIMB_DYSTONIA		73	-0.25058484	-1.1121478	0.25839794	0.60361934	1.0	4201	tags=37%, list=28%, signal=51%	
GOBP_REGULATION_OF_INTRINSIC_APOPTOTIC_SIGNALING_PATHWAY	GOBP_REGULATION_OF_INTRINSIC_APOPTOTIC_SIGNALING_PATHWAY		157	-0.21902466	-1.1120936	0.20855615	0.60344905	1.0	3300	tags=29%, list=22%, signal=36%	
GOBP_POSITIVE_REGULATION_OF_ORGANELLE_ASSEMBLY	GOBP_POSITIVE_REGULATION_OF_ORGANELLE_ASSEMBLY		83	-0.24307647	-1.1117804	0.24155845	0.6040432	1.0	3593	tags=29%, list=24%, signal=38%	
HP_OVAL_FACE	HP_OVAL_FACE		15	-0.3714536	-1.1115677	0.28761062	0.60434	1.0	2448	tags=40%, list=16%, signal=48%	
GOBP_NEGATIVE_REGULATION_OF_PROTEOLYSIS	GOBP_NEGATIVE_REGULATION_OF_PROTEOLYSIS		110	-0.23238005	-1.1112839	0.22038567	0.60485077	1.0	2608	tags=24%, list=17%, signal=28%	
HP_NARROW_NASAL_RIDGE	HP_NARROW_NASAL_RIDGE		15	-0.3654569	-1.1110203	0.300905	0.6052818	1.0	742	tags=13%, list=5%, signal=14%	
GOCC_SARCOPLASMIC_RETICULUM_MEMBRANE	GOCC_SARCOPLASMIC_RETICULUM_MEMBRANE		31	-0.30700332	-1.1108873	0.26618704	0.6053349	1.0	3678	tags=39%, list=24%, signal=51%	
HP_ABNORMAL_CORPUS_STRIATUM_MORPHOLOGY	HP_ABNORMAL_CORPUS_STRIATUM_MORPHOLOGY		34	-0.29754233	-1.110367	0.30528846	0.60654175	1.0	3536	tags=35%, list=23%, signal=46%	
GOMF_CATALYTIC_ACTIVITY_ACTING_ON_RNA	GOMF_CATALYTIC_ACTIVITY_ACTING_ON_RNA		380	-0.1928726	-1.1103384	0.14855072	0.6062737	1.0	3341	tags=23%, list=22%, signal=29%	
GOBP_VITAMIN_TRANSPORT	GOBP_VITAMIN_TRANSPORT		48	-0.27527285	-1.1102113	0.25665858	0.6063016	1.0	3543	tags=42%, list=23%, signal=54%	
GOBP_NEGATIVE_REGULATION_OF_AMIDE_METABOLIC_PROCESS	GOBP_NEGATIVE_REGULATION_OF_AMIDE_METABOLIC_PROCESS		22	-0.32697326	-1.1098775	0.29166666	0.6069602	1.0	1402	tags=18%, list=9%, signal=20%	
GOBP_MRNA_CIS_SPLICING_VIA_SPLICEOSOME	GOBP_MRNA_CIS_SPLICING_VIA_SPLICEOSOME		27	-0.31051248	-1.1097383	0.29951692	0.6070359	1.0	5756	tags=59%, list=38%, signal=96%	
GOBP_REGULATION_OF_CARBOHYDRATE_METABOLIC_PROCESS	GOBP_REGULATION_OF_CARBOHYDRATE_METABOLIC_PROCESS		153	-0.21859422	-1.1096855	0.21406728	0.6068565	1.0	3540	tags=29%, list=23%, signal=37%	
HP_SCAPHOCEPHALY	HP_SCAPHOCEPHALY		37	-0.28373533	-1.1096443	0.29009435	0.60663223	1.0	3256	tags=27%, list=22%, signal=34%	
GOBP_IN_UTERO_EMBRYONIC_DEVELOPMENT	GOBP_IN_UTERO_EMBRYONIC_DEVELOPMENT		359	-0.19395575	-1.1094068	0.1509434	0.6070181	1.0	3756	tags=29%, list=25%, signal=37%	
GOBP_POSITIVE_REGULATION_OF_NEURON_PROJECTION_DEVELOPMENT	GOBP_POSITIVE_REGULATION_OF_NEURON_PROJECTION_DEVELOPMENT		135	-0.22434132	-1.1093903	0.22028986	0.60672724	1.0	3159	tags=29%, list=21%, signal=36%	
HP_ARTHROGRYPOSIS_MULTIPLEX_CONGENITA	HP_ARTHROGRYPOSIS_MULTIPLEX_CONGENITA		111	-0.22940119	-1.1091902	0.25344354	0.60697913	1.0	1374	tags=13%, list=9%, signal=14%	
GOBP_NEGATIVE_REGULATION_OF_TELOMERE_MAINTENANCE_VIA_TELOMERE_LENGTHENING	GOBP_NEGATIVE_REGULATION_OF_TELOMERE_MAINTENANCE_VIA_TELOMERE_LENGTHENING		24	-0.3232674	-1.1090634	0.31519273	0.6070275	1.0	4459	tags=50%, list=30%, signal=71%	
GOBP_CELLULAR_RESPONSE_TO_HYDROGEN_PEROXIDE	GOBP_CELLULAR_RESPONSE_TO_HYDROGEN_PEROXIDE		63	-0.25953767	-1.1086321	0.24415584	0.6080426	1.0	3940	tags=33%, list=26%, signal=45%	
HP_REDUCED_CIRCULATING_GROWTH_HORMONE_CONCENTRATION	HP_REDUCED_CIRCULATING_GROWTH_HORMONE_CONCENTRATION		15	-0.3758698	-1.1082053	0.30935252	0.60904044	1.0	3823	tags=53%, list=25%, signal=71%	
HP_PROGRESSIVE_DISTAL_MUSCULAR_ATROPHY	HP_PROGRESSIVE_DISTAL_MUSCULAR_ATROPHY		32	-0.3013234	-1.1076008	0.2890995	0.6105478	1.0	2561	tags=25%, list=17%, signal=30%	
HP_ABNORMAL_PERIPHERAL_NERVOUS_SYSTEM_MORPHOLOGY	HP_ABNORMAL_PERIPHERAL_NERVOUS_SYSTEM_MORPHOLOGY		343	-0.19710466	-1.1068624	0.19259259	0.612421	1.0	4182	tags=32%, list=28%, signal=43%	
GOCC_EXTRINSIC_COMPONENT_OF_MEMBRANE	GOCC_EXTRINSIC_COMPONENT_OF_MEMBRANE		138	-0.22480069	-1.1065799	0.22346368	0.6129292	1.0	4418	tags=36%, list=29%, signal=51%	
GOBP_REGULATION_OF_DENDRITIC_SPINE_DEVELOPMENT	GOBP_REGULATION_OF_DENDRITIC_SPINE_DEVELOPMENT		46	-0.2728369	-1.1063762	0.28645834	0.61319804	1.0	1781	tags=24%, list=12%, signal=27%	
HP_DYSTROPHIC_FINGERNAILS	HP_DYSTROPHIC_FINGERNAILS		29	-0.308247	-1.1061931	0.28773585	0.6133972	1.0	2248	tags=21%, list=15%, signal=24%	
GOBP_REGULATION_OF_ATP_BIOSYNTHETIC_PROCESS	GOBP_REGULATION_OF_ATP_BIOSYNTHETIC_PROCESS		16	-0.36090982	-1.1059242	0.32214764	0.6138851	1.0	4273	tags=69%, list=28%, signal=96%	
GOBP_PRESYNAPTIC_ENDOCYTOSIS	GOBP_PRESYNAPTIC_ENDOCYTOSIS		72	-0.24856532	-1.1057274	0.27930173	0.6141171	1.0	2078	tags=19%, list=14%, signal=22%	
GOBP_NEURON_INTRINSIC_APOPTOTIC_SIGNALING_PATHWAY_IN_RESPONSE_TO_OXIDATIVE_STRESS	GOBP_NEURON_INTRINSIC_APOPTOTIC_SIGNALING_PATHWAY_IN_RESPONSE_TO_OXIDATIVE_STRESS		17	-0.35533372	-1.1056688	0.2948113	0.6139594	1.0	3300	tags=41%, list=22%, signal=53%	
GOBP_POSITIVE_REGULATION_OF_SIGNAL_TRANSDUCTION_BY_P53_CLASS_MEDIATOR	GOBP_POSITIVE_REGULATION_OF_SIGNAL_TRANSDUCTION_BY_P53_CLASS_MEDIATOR		30	-0.30130458	-1.1048368	0.2966507	0.61614656	1.0	2800	tags=30%, list=19%, signal=37%	
GOBP_REGULATION_OF_INTEGRIN_ACTIVATION	GOBP_REGULATION_OF_INTEGRIN_ACTIVATION		15	-0.3730377	-1.1045955	0.33256352	0.61648774	1.0	3887	tags=53%, list=26%, signal=72%	
GOBP_NEGATIVE_REGULATION_OF_MOLECULAR_FUNCTION	GOBP_NEGATIVE_REGULATION_OF_MOLECULAR_FUNCTION		286	-0.19965951	-1.1045117	0.18983051	0.6163897	1.0	3474	tags=28%, list=23%, signal=36%	
GOBP_COLUMNAR_CUBOIDAL_EPITHELIAL_CELL_DEVELOPMENT	GOBP_COLUMNAR_CUBOIDAL_EPITHELIAL_CELL_DEVELOPMENT		23	-0.32272178	-1.1043925	0.29792148	0.61637986	1.0	957	tags=22%, list=6%, signal=23%	
GOMF_METHYL_CPG_BINDING	GOMF_METHYL_CPG_BINDING		20	-0.34291363	-1.1041888	0.3236715	0.6166734	1.0	4647	tags=50%, list=31%, signal=72%	
GOBP_GLYCOSAMINOGLYCAN_METABOLIC_PROCESS	GOBP_GLYCOSAMINOGLYCAN_METABOLIC_PROCESS		72	-0.25008473	-1.1040255	0.24561404	0.6168443	1.0	2471	tags=21%, list=16%, signal=25%	
GOBP_NEGATIVE_REGULATION_OF_HYDROLASE_ACTIVITY	GOBP_NEGATIVE_REGULATION_OF_HYDROLASE_ACTIVITY		40	-0.27591106	-1.1038822	0.28400955	0.6169143	1.0	3392	tags=35%, list=22%, signal=45%	
HP_THICK_VERMILION_BORDER	HP_THICK_VERMILION_BORDER		249	-0.20310327	-1.1037533	0.1904762	0.6169981	1.0	2184	tags=19%, list=14%, signal=22%	
GOMF_PROTEIN_PHOSPHATASE_ACTIVATOR_ACTIVITY	GOMF_PROTEIN_PHOSPHATASE_ACTIVATOR_ACTIVITY		21	-0.3349871	-1.1036482	0.33189654	0.61698264	1.0	3621	tags=38%, list=24%, signal=50%	
GOBP_POSITIVE_REGULATION_BY_HOST_OF_VIRAL_PROCESS	GOBP_POSITIVE_REGULATION_BY_HOST_OF_VIRAL_PROCESS		19	-0.3438208	-1.1031332	0.29475984	0.6182066	1.0	959	tags=16%, list=6%, signal=17%	
GOBP_COPII_COATED_VESICLE_BUDDING	GOBP_COPII_COATED_VESICLE_BUDDING		42	-0.27821144	-1.1029975	0.30992737	0.61823547	1.0	5775	tags=62%, list=38%, signal=100%	
HP_ABNORMAL_NASAL_DORSUM_MORPHOLOGY	HP_ABNORMAL_NASAL_DORSUM_MORPHOLOGY		223	-0.20474572	-1.102988	0.20069204	0.6179276	1.0	2371	tags=19%, list=16%, signal=23%	
GOMF_TRANSFERASE_ACTIVITY_TRANSFERRING_ONE_CARBON_GROUPS	GOMF_TRANSFERASE_ACTIVITY_TRANSFERRING_ONE_CARBON_GROUPS		189	-0.20881456	-1.1029158	0.21142857	0.617804	1.0	3955	tags=29%, list=26%, signal=38%	
GOMF_INSULIN_LIKE_GROWTH_FACTOR_BINDING	GOMF_INSULIN_LIKE_GROWTH_FACTOR_BINDING		18	-0.35026342	-1.102726	0.31485587	0.61802816	1.0	379	tags=17%, list=3%, signal=17%	
GOBP_POSITIVE_REGULATION_OF_FATTY_ACID_BIOSYNTHETIC_PROCESS	GOBP_POSITIVE_REGULATION_OF_FATTY_ACID_BIOSYNTHETIC_PROCESS		18	-0.34409612	-1.1025472	0.3048499	0.61823535	1.0	2557	tags=39%, list=17%, signal=47%	
GOBP_REGULATION_OF_INSULIN_RECEPTOR_SIGNALING_PATHWAY	GOBP_REGULATION_OF_INSULIN_RECEPTOR_SIGNALING_PATHWAY		63	-0.25305015	-1.1024531	0.26098192	0.6181945	1.0	3571	tags=35%, list=24%, signal=46%	
GOBP_INSULIN_METABOLIC_PROCESS	GOBP_INSULIN_METABOLIC_PROCESS		16	-0.3558857	-1.1020293	0.32543105	0.61916894	1.0	5839	tags=75%, list=39%, signal=122%	
HP_ABNORMAL_TOTAL_NEUTROPHIL_COUNT	HP_ABNORMAL_TOTAL_NEUTROPHIL_COUNT		198	-0.20789336	-1.1019953	0.20125785	0.61892694	1.0	3205	tags=24%, list=21%, signal=30%	
GOBP_CELL_CYCLE_G2_M_PHASE_TRANSITION	GOBP_CELL_CYCLE_G2_M_PHASE_TRANSITION		141	-0.21835484	-1.1018755	0.24332345	0.6189503	1.0	3161	tags=25%, list=21%, signal=31%	
HP_APLASIA_HYPOPLASIA_OF_THE_SKIN	HP_APLASIA_HYPOPLASIA_OF_THE_SKIN		183	-0.20874761	-1.1017025	0.21828909	0.6191225	1.0	1440	tags=13%, list=10%, signal=14%	
HP_HYDROCELE_TESTIS	HP_HYDROCELE_TESTIS		31	-0.29930133	-1.101383	0.31513646	0.6197497	1.0	2023	tags=23%, list=13%, signal=26%	
HP_TUBE_FEEDING	HP_TUBE_FEEDING		189	-0.21175244	-1.10099	0.22112212	0.62060386	1.0	4031	tags=34%, list=27%, signal=46%	
GOBP_METALLO_SULFUR_CLUSTER_ASSEMBLY	GOBP_METALLO_SULFUR_CLUSTER_ASSEMBLY		25	-0.3184063	-1.1009456	0.30855855	0.62038934	1.0	5499	tags=64%, list=36%, signal=100%	
HP_HYPOREFLEXIA	HP_HYPOREFLEXIA		360	-0.19440894	-1.1008791	0.19217081	0.62023824	1.0	4177	tags=30%, list=28%, signal=40%	
HP_BLADDER_NEOPLASM	HP_BLADDER_NEOPLASM		25	-0.31408352	-1.1007617	0.3047404	0.62024826	1.0	1390	tags=20%, list=9%, signal=22%	
HP_RESPIRATORY_ARREST	HP_RESPIRATORY_ARREST		25	-0.31187332	-1.1004643	0.29767442	0.6207717	1.0	4458	tags=48%, list=30%, signal=68%	
HP_ABNORMAL_FRONTAL_BONE_MORPHOLOGY	HP_ABNORMAL_FRONTAL_BONE_MORPHOLOGY		388	-0.19164436	-1.1004245	0.14828898	0.62055147	1.0	1957	tags=16%, list=13%, signal=18%	
HP_HAND_CLENCHING	HP_HAND_CLENCHING		31	-0.29667884	-1.1003709	0.29977116	0.6203822	1.0	3398	tags=32%, list=22%, signal=42%	
HP_BIFID_UVULA	HP_BIFID_UVULA		148	-0.22012642	-1.1000183	0.23988439	0.6211086	1.0	4611	tags=41%, list=31%, signal=59%	
GOBP_POSITIVE_REGULATION_OF_DENDRITIC_SPINE_DEVELOPMENT	GOBP_POSITIVE_REGULATION_OF_DENDRITIC_SPINE_DEVELOPMENT		34	-0.2888574	-1.099914	0.30935252	0.6210754	1.0	3063	tags=32%, list=20%, signal=40%	
HP_MIDLINE_HAND_MOVEMENTS	HP_MIDLINE_HAND_MOVEMENTS		26	-0.30586144	-1.0998454	0.33333334	0.6209174	1.0	4850	tags=50%, list=32%, signal=74%	
HP_BROAD_PALM	HP_BROAD_PALM		35	-0.28794357	-1.0998276	0.3188406	0.6206306	1.0	5194	tags=49%, list=34%, signal=74%	
GOBP_REGULATION_OF_OXIDATIVE_STRESS_INDUCED_INTRINSIC_APOPTOTIC_SIGNALING_PATHWAY	GOBP_REGULATION_OF_OXIDATIVE_STRESS_INDUCED_INTRINSIC_APOPTOTIC_SIGNALING_PATHWAY		34	-0.2880058	-1.0995512	0.28767124	0.6210996	1.0	3300	tags=32%, list=22%, signal=41%	
HP_FOCAL_DYSTONIA	HP_FOCAL_DYSTONIA		119	-0.22517237	-1.099367	0.2311828	0.6212929	1.0	3515	tags=29%, list=23%, signal=38%	
GOBP_VESICLE_TETHERING	GOBP_VESICLE_TETHERING		28	-0.30642936	-1.0993295	0.32118452	0.6210548	1.0	5607	tags=54%, list=37%, signal=85%	
HP_11_PAIRS_OF_RIBS	HP_11_PAIRS_OF_RIBS		43	-0.27681732	-1.0989738	0.29177058	0.62178445	1.0	2828	tags=26%, list=19%, signal=31%	
HP_DYSKINESIA	HP_DYSKINESIA		166	-0.21521544	-1.0987501	0.20639534	0.62217	1.0	3993	tags=29%, list=26%, signal=39%	
GOBP_AMYLOID_BETA_FORMATION	GOBP_AMYLOID_BETA_FORMATION		41	-0.2773621	-1.0986328	0.2888889	0.62220925	1.0	1298	tags=17%, list=9%, signal=19%	
GOBP_NEGATIVE_REGULATION_OF_MUSCLE_HYPERTROPHY	GOBP_NEGATIVE_REGULATION_OF_MUSCLE_HYPERTROPHY		29	-0.30693433	-1.0985566	0.33041576	0.6221109	1.0	2573	tags=28%, list=17%, signal=33%	
HP_ABNORMAL_LOCALIZATION_OF_KIDNEY	HP_ABNORMAL_LOCALIZATION_OF_KIDNEY		216	-0.20428903	-1.0985389	0.20062695	0.62182665	1.0	3205	tags=26%, list=21%, signal=32%	
HP_TYPIFIED_BY_SOMATIC_MOSAICISM	HP_TYPIFIED_BY_SOMATIC_MOSAICISM		137	-0.21886516	-1.0982614	0.21130952	0.62230396	1.0	3265	tags=30%, list=22%, signal=38%	
GOMF_NUCLEAR_STEROID_RECEPTOR_ACTIVITY	GOMF_NUCLEAR_STEROID_RECEPTOR_ACTIVITY		25	-0.31706232	-1.0979289	0.31009614	0.62295353	1.0	2573	tags=24%, list=17%, signal=29%	
HP_PREMATURE_GRAYING_OF_HAIR	HP_PREMATURE_GRAYING_OF_HAIR		45	-0.27060857	-1.0976101	0.27918783	0.6235761	1.0	3783	tags=44%, list=25%, signal=59%	
GOBP_REGULATION_OF_RECEPTOR_LOCALIZATION_TO_SYNAPSE	GOBP_REGULATION_OF_RECEPTOR_LOCALIZATION_TO_SYNAPSE		27	-0.30773827	-1.0970495	0.32352942	0.6248985	1.0	3868	tags=37%, list=26%, signal=50%	
GOBP_NEGATIVE_REGULATION_OF_FAT_CELL_DIFFERENTIATION	GOBP_NEGATIVE_REGULATION_OF_FAT_CELL_DIFFERENTIATION		45	-0.26713312	-1.0968952	0.2972973	0.6250342	1.0	4713	tags=42%, list=31%, signal=61%	
HP_PROGRESSIVE_SPASTIC_PARAPLEGIA	HP_PROGRESSIVE_SPASTIC_PARAPLEGIA		28	-0.31270656	-1.0968438	0.33412322	0.62486666	1.0	3159	tags=32%, list=21%, signal=41%	
GOBP_REGULATION_OF_NEURON_DIFFERENTIATION	GOBP_REGULATION_OF_NEURON_DIFFERENTIATION		176	-0.21028456	-1.0967941	0.23323615	0.62468016	1.0	4442	tags=38%, list=29%, signal=53%	
GOBP_P_BODY_ASSEMBLY	GOBP_P_BODY_ASSEMBLY		22	-0.32493493	-1.0966277	0.3156682	0.62486076	1.0	3732	tags=45%, list=25%, signal=60%	
GOBP_RESPONSE_TO_STARVATION	GOBP_RESPONSE_TO_STARVATION		183	-0.21163148	-1.0963383	0.23765433	0.62542075	1.0	4283	tags=34%, list=28%, signal=47%	
GOMF_NUCLEIC_ACID_CONFORMATION_ISOMERASE_ACTIVITY	GOMF_NUCLEIC_ACID_CONFORMATION_ISOMERASE_ACTIVITY		150	-0.21468015	-1.0963193	0.22404371	0.62513465	1.0	2440	tags=19%, list=16%, signal=23%	
GOBP_REGULATION_OF_RESPIRATORY_GASEOUS_EXCHANGE	GOBP_REGULATION_OF_RESPIRATORY_GASEOUS_EXCHANGE		17	-0.3519464	-1.0960947	0.34085777	0.6254571	1.0	2913	tags=41%, list=19%, signal=51%	
GOBP_REGULATION_OF_KIDNEY_DEVELOPMENT	GOBP_REGULATION_OF_KIDNEY_DEVELOPMENT		31	-0.30325687	-1.0959725	0.31615925	0.6254848	1.0	2520	tags=29%, list=17%, signal=35%	
GOCC_CELL_LEADING_EDGE	GOCC_CELL_LEADING_EDGE		382	-0.19159317	-1.0955096	0.16796875	0.62658256	1.0	2984	tags=23%, list=20%, signal=28%	
GOBP_REGULATION_OF_POSTSYNAPTIC_DENSITY_ORGANIZATION	GOBP_REGULATION_OF_POSTSYNAPTIC_DENSITY_ORGANIZATION		16	-0.35599053	-1.0953996	0.31625834	0.62656784	1.0	2768	tags=44%, list=18%, signal=54%	
HP_LONG_EYELASHES	HP_LONG_EYELASHES		114	-0.22764179	-1.0953465	0.2630137	0.6263962	1.0	4698	tags=40%, list=31%, signal=58%	
GOBP_TRANSCRIPTION_INITIATION_AT_RNA_POLYMERASE_II_PROMOTER	GOBP_TRANSCRIPTION_INITIATION_AT_RNA_POLYMERASE_II_PROMOTER		151	-0.21629806	-1.0945662	0.25882354	0.62841034	1.0	2929	tags=21%, list=19%, signal=25%	
GOCC_P_BODY	GOCC_P_BODY		89	-0.23339869	-1.0942435	0.26530612	0.62907755	1.0	4459	tags=43%, list=30%, signal=60%	
HP_PULMONARY_CYST	HP_PULMONARY_CYST		21	-0.32408383	-1.0942127	0.3325527	0.62882966	1.0	2946	tags=29%, list=19%, signal=35%	
HP_EMG_MYOPATHIC_ABNORMALITIES	HP_EMG_MYOPATHIC_ABNORMALITIES		111	-0.22892939	-1.0936952	0.25852272	0.6300951	1.0	3253	tags=30%, list=22%, signal=38%	
HP_RETROGNATHIA	HP_RETROGNATHIA		337	-0.19467905	-1.0932941	0.1970803	0.6310157	1.0	3560	tags=24%, list=24%, signal=31%	
GOMF_ATPASE_COUPLED_MONOATOMIC_CATION_TRANSMEMBRANE_TRANSPORTER_ACTIVITY	GOMF_ATPASE_COUPLED_MONOATOMIC_CATION_TRANSMEMBRANE_TRANSPORTER_ACTIVITY		46	-0.27410978	-1.09276	0.33254156	0.6323052	1.0	4280	tags=43%, list=28%, signal=60%	
HP_PENDULAR_NYSTAGMUS	HP_PENDULAR_NYSTAGMUS		33	-0.2904008	-1.092413	0.34265736	0.6329972	1.0	508	tags=12%, list=3%, signal=13%	
GOMF_CARGO_ADAPTOR_ACTIVITY	GOMF_CARGO_ADAPTOR_ACTIVITY		19	-0.33282134	-1.0922922	0.3254717	0.63302195	1.0	3845	tags=42%, list=25%, signal=56%	
GOCC_GOLGI_ASSOCIATED_VESICLE	GOCC_GOLGI_ASSOCIATED_VESICLE		87	-0.23551281	-1.0922457	0.27297297	0.6328368	1.0	3337	tags=28%, list=22%, signal=35%	
GOBP_ESTABLISHMENT_OF_RNA_LOCALIZATION	GOBP_ESTABLISHMENT_OF_RNA_LOCALIZATION		142	-0.21810538	-1.0921506	0.22459893	0.6327834	1.0	4235	tags=32%, list=28%, signal=45%	
GOBP_NEGATIVE_REGULATION_OF_EPITHELIAL_CELL_APOPTOTIC_PROCESS	GOBP_NEGATIVE_REGULATION_OF_EPITHELIAL_CELL_APOPTOTIC_PROCESS		21	-0.3336096	-1.0920007	0.34162897	0.6329086	1.0	2573	tags=29%, list=17%, signal=34%	
GOBP_REGULATION_OF_MITOTIC_CELL_CYCLE	GOBP_REGULATION_OF_MITOTIC_CELL_CYCLE		439	-0.18978563	-1.0912156	0.16317992	0.63497007	1.0	3798	tags=27%, list=25%, signal=35%	
HP_DEPRESSED_NASAL_TIP	HP_DEPRESSED_NASAL_TIP		21	-0.33180356	-1.0910952	0.3340858	0.6349798	1.0	4147	tags=38%, list=27%, signal=52%	
HP_HIP_SUBLUXATION	HP_HIP_SUBLUXATION		25	-0.30939773	-1.0907811	0.30463576	0.6355563	1.0	3333	tags=32%, list=22%, signal=41%	
GOBP_ANIMAL_ORGAN_REGENERATION	GOBP_ANIMAL_ORGAN_REGENERATION		44	-0.27033675	-1.0902153	0.3060241	0.6369741	1.0	4972	tags=45%, list=33%, signal=68%	
GOBP_LIPOPROTEIN_LOCALIZATION	GOBP_LIPOPROTEIN_LOCALIZATION		19	-0.33278197	-1.0901473	0.32413793	0.636843	1.0	1538	tags=21%, list=10%, signal=23%	
HP_EVERTED_LOWER_LIP_VERMILION	HP_EVERTED_LOWER_LIP_VERMILION		124	-0.22380011	-1.089908	0.26628897	0.63723665	1.0	1958	tags=20%, list=13%, signal=23%	
GOBP_MESONEPHRIC_TUBULE_MORPHOGENESIS	GOBP_MESONEPHRIC_TUBULE_MORPHOGENESIS		61	-0.25110117	-1.0894858	0.30024815	0.63820297	1.0	3485	tags=34%, list=23%, signal=45%	
GOBP_NEGATIVE_REGULATION_OF_INTRACELLULAR_TRANSPORT	GOBP_NEGATIVE_REGULATION_OF_INTRACELLULAR_TRANSPORT		51	-0.25635785	-1.0890644	0.30179027	0.6391237	1.0	2475	tags=24%, list=16%, signal=28%	
GOBP_NEGATIVE_REGULATION_OF_ENDOTHELIAL_CELL_MIGRATION	GOBP_NEGATIVE_REGULATION_OF_ENDOTHELIAL_CELL_MIGRATION		45	-0.27089128	-1.0884511	0.3180778	0.64065015	1.0	1417	tags=18%, list=9%, signal=20%	
HP_ABNORMAL_PERIAURICULAR_REGION_MORPHOLOGY	HP_ABNORMAL_PERIAURICULAR_REGION_MORPHOLOGY		114	-0.22512148	-1.0884348	0.248	0.64035416	1.0	3653	tags=30%, list=24%, signal=39%	
HP_PATENT_FORAMEN_OVALE	HP_PATENT_FORAMEN_OVALE		123	-0.22181134	-1.0884227	0.26409495	0.64004856	1.0	3865	tags=31%, list=26%, signal=41%	
GOBP_NEGATIVE_REGULATION_OF_ANOIKIS	GOBP_NEGATIVE_REGULATION_OF_ANOIKIS		17	-0.3497569	-1.0883881	0.34615386	0.639818	1.0	3168	tags=29%, list=21%, signal=37%	
GOBP_NUCLEOTIDE_EXCISION_REPAIR	GOBP_NUCLEOTIDE_EXCISION_REPAIR		78	-0.23892125	-1.0882671	0.29577464	0.639848	1.0	1731	tags=15%, list=11%, signal=17%	
HP_ABDOMINAL_OBESITY	HP_ABDOMINAL_OBESITY		23	-0.31514493	-1.0877106	0.33482143	0.6412072	1.0	3829	tags=39%, list=25%, signal=52%	
HP_EPISODIC_ATAXIA	HP_EPISODIC_ATAXIA		25	-0.31022286	-1.0875164	0.2972973	0.6414677	1.0	5382	tags=48%, list=36%, signal=74%	
GOBP_GOLGI_ORGANIZATION	GOBP_GOLGI_ORGANIZATION		137	-0.21615313	-1.0873363	0.26760563	0.64170086	1.0	4836	tags=42%, list=32%, signal=62%	
GOBP_REGULATION_OF_AMYLOID_PRECURSOR_PROTEIN_CATABOLIC_PROCESS	GOBP_REGULATION_OF_AMYLOID_PRECURSOR_PROTEIN_CATABOLIC_PROCESS		40	-0.27509227	-1.087265	0.28773585	0.6415643	1.0	1183	tags=15%, list=8%, signal=16%	
HP_LIPOMA	HP_LIPOMA		19	-0.339728	-1.0872283	0.3549884	0.6413217	1.0	858	tags=16%, list=6%, signal=17%	
GOMF_3_5_EXONUCLEASE_ACTIVITY	GOMF_3_5_EXONUCLEASE_ACTIVITY		54	-0.26029602	-1.087115	0.29639176	0.641341	1.0	3126	tags=26%, list=21%, signal=33%	
GOMF_ASPARTIC_TYPE_PEPTIDASE_ACTIVITY	GOMF_ASPARTIC_TYPE_PEPTIDASE_ACTIVITY		20	-0.3332862	-1.0868646	0.3106576	0.6417558	1.0	3163	tags=35%, list=21%, signal=44%	
GOBP_ENDOTHELIAL_CELL_CHEMOTAXIS	GOBP_ENDOTHELIAL_CELL_CHEMOTAXIS		27	-0.30444205	-1.0866485	0.3317647	0.64207155	1.0	1790	tags=30%, list=12%, signal=34%	
GOBP_INTRINSIC_APOPTOTIC_SIGNALING_PATHWAY_IN_RESPONSE_TO_DNA_DAMAGE	GOBP_INTRINSIC_APOPTOTIC_SIGNALING_PATHWAY_IN_RESPONSE_TO_DNA_DAMAGE		96	-0.23048906	-1.0865672	0.26666668	0.6419973	1.0	3177	tags=28%, list=21%, signal=35%	
HP_SMALL_EARLOBE	HP_SMALL_EARLOBE		23	-0.32244924	-1.0865145	0.3378076	0.6418153	1.0	5525	tags=61%, list=37%, signal=96%	
GOBP_PROTEIN_MONOUBIQUITINATION	GOBP_PROTEIN_MONOUBIQUITINATION		50	-0.2677708	-1.0863827	0.32299742	0.6418722	1.0	2577	tags=26%, list=17%, signal=31%	
GOMF_METALLOEXOPEPTIDASE_ACTIVITY	GOMF_METALLOEXOPEPTIDASE_ACTIVITY		62	-0.24832742	-1.0859566	0.30585107	0.64285964	1.0	552	tags=13%, list=4%, signal=13%	
GOBP_MODIFIED_AMINO_ACID_TRANSPORT	GOBP_MODIFIED_AMINO_ACID_TRANSPORT		39	-0.2763171	-1.0857986	0.32134292	0.6430373	1.0	992	tags=18%, list=7%, signal=19%	
GOBP_POSITIVE_REGULATION_OF_EPITHELIAL_CELL_PROLIFERATION	GOBP_POSITIVE_REGULATION_OF_EPITHELIAL_CELL_PROLIFERATION		168	-0.21453965	-1.0849718	0.24929178	0.6452612	1.0	2985	tags=24%, list=20%, signal=29%	
HP_EARLY_ONSET_OF_SEXUAL_MATURATION	HP_EARLY_ONSET_OF_SEXUAL_MATURATION		144	-0.22145014	-1.0841604	0.24925816	0.64738274	1.0	3469	tags=30%, list=23%, signal=38%	
GOCC_NUCLEAR_UBIQUITIN_LIGASE_COMPLEX	GOCC_NUCLEAR_UBIQUITIN_LIGASE_COMPLEX		42	-0.2720271	-1.0839616	0.30123457	0.6476444	1.0	3495	tags=29%, list=23%, signal=37%	
HP_HIGH_ANTERIOR_HAIRLINE	HP_HIGH_ANTERIOR_HAIRLINE		74	-0.2435482	-1.0837477	0.31782946	0.6479965	1.0	2506	tags=24%, list=17%, signal=29%	
GOBP_REGULATION_OF_B_CELL_APOPTOTIC_PROCESS	GOBP_REGULATION_OF_B_CELL_APOPTOTIC_PROCESS		17	-0.34958166	-1.0832596	0.3644647	0.64915127	1.0	2599	tags=29%, list=17%, signal=35%	
GOBP_NEGATIVE_REGULATION_OF_NUCLEOCYTOPLASMIC_TRANSPORT	GOBP_NEGATIVE_REGULATION_OF_NUCLEOCYTOPLASMIC_TRANSPORT		30	-0.29633027	-1.082829	0.31910113	0.650135	1.0	2475	tags=27%, list=16%, signal=32%	
GOBP_MAMMARY_GLAND_DUCT_MORPHOGENESIS	GOBP_MAMMARY_GLAND_DUCT_MORPHOGENESIS		30	-0.29379746	-1.0825601	0.32332563	0.65063846	1.0	1635	tags=17%, list=11%, signal=19%	
GOBP_REGULATION_OF_CIRCADIAN_RHYTHM	GOBP_REGULATION_OF_CIRCADIAN_RHYTHM		101	-0.22688824	-1.082496	0.30163044	0.65049183	1.0	1988	tags=19%, list=13%, signal=22%	
HP_ABNORMAL_5TH_FINGER_MORPHOLOGY	HP_ABNORMAL_5TH_FINGER_MORPHOLOGY		462	-0.18407774	-1.082405	0.1570248	0.65041053	1.0	2571	tags=19%, list=17%, signal=23%	
HP_GASTROINTESTINAL_OBSTRUCTION	HP_GASTROINTESTINAL_OBSTRUCTION		71	-0.24325885	-1.0821799	0.2748691	0.65073836	1.0	2772	tags=27%, list=18%, signal=33%	
GOBP_PEPTIDYL_TYROSINE_DEPHOSPHORYLATION	GOBP_PEPTIDYL_TYROSINE_DEPHOSPHORYLATION		17	-0.34733966	-1.0818391	0.34725276	0.65146565	1.0	3261	tags=41%, list=22%, signal=52%	
GOBP_POSITIVE_REGULATION_OF_INTRACELLULAR_TRANSPORT	GOBP_POSITIVE_REGULATION_OF_INTRACELLULAR_TRANSPORT		120	-0.22089116	-1.0817668	0.259366	0.6513476	1.0	3769	tags=29%, list=25%, signal=39%	
HP_HYPERMELANOTIC_MACULE	HP_HYPERMELANOTIC_MACULE		161	-0.21342774	-1.0817345	0.2875	0.6511038	1.0	3142	tags=24%, list=21%, signal=29%	
GOBP_MEMBRANE_DEPOLARIZATION	GOBP_MEMBRANE_DEPOLARIZATION		82	-0.2380371	-1.0815817	0.30325815	0.65125287	1.0	2981	tags=30%, list=20%, signal=38%	
GOBP_REGULATION_OF_MITOCHONDRIAL_TRANSLATION	GOBP_REGULATION_OF_MITOCHONDRIAL_TRANSLATION		25	-0.30971614	-1.0814382	0.33412322	0.65137464	1.0	2856	tags=32%, list=19%, signal=39%	
HP_INHERITANCE_QUALIFIER	HP_INHERITANCE_QUALIFIER		269	-0.19522269	-1.081268	0.23875433	0.65154904	1.0	2977	tags=24%, list=20%, signal=30%	
GOBP_PHOSPHOLIPID_BIOSYNTHETIC_PROCESS	GOBP_PHOSPHOLIPID_BIOSYNTHETIC_PROCESS		220	-0.20166516	-1.081122	0.22848664	0.6516594	1.0	3736	tags=29%, list=25%, signal=37%	
GOBP_NEGATIVE_REGULATION_OF_MYELOID_LEUKOCYTE_DIFFERENTIATION	GOBP_NEGATIVE_REGULATION_OF_MYELOID_LEUKOCYTE_DIFFERENTIATION		39	-0.2731304	-1.0807838	0.33333334	0.6523686	1.0	1294	tags=15%, list=9%, signal=17%	
GOBP_CRANIAL_NERVE_MORPHOGENESIS	GOBP_CRANIAL_NERVE_MORPHOGENESIS		25	-0.30384272	-1.0807574	0.32739422	0.65209883	1.0	2452	tags=32%, list=16%, signal=38%	
HP_LEUKOENCEPHALOPATHY	HP_LEUKOENCEPHALOPATHY		209	-0.20239416	-1.0805706	0.24691358	0.65235376	1.0	3722	tags=28%, list=25%, signal=37%	
GOBP_REGULATION_OF_DOUBLE_STRAND_BREAK_REPAIR_VIA_HOMOLOGOUS_RECOMBINATION	GOBP_REGULATION_OF_DOUBLE_STRAND_BREAK_REPAIR_VIA_HOMOLOGOUS_RECOMBINATION		71	-0.24820656	-1.0804473	0.31388888	0.65237224	1.0	5102	tags=44%, list=34%, signal=66%	
HP_SQUAMOUS_CELL_CARCINOMA_OF_THE_SKIN	HP_SQUAMOUS_CELL_CARCINOMA_OF_THE_SKIN		16	-0.35281122	-1.0802026	0.34186047	0.65272874	1.0	4796	tags=44%, list=32%, signal=64%	
GOBP_CEREBELLAR_CORTEX_MORPHOGENESIS	GOBP_CEREBELLAR_CORTEX_MORPHOGENESIS		32	-0.29518384	-1.0801551	0.32882884	0.65252906	1.0	3225	tags=34%, list=21%, signal=44%	
GOBP_NEGATIVE_REGULATION_OF_TELOMERE_MAINTENANCE	GOBP_NEGATIVE_REGULATION_OF_TELOMERE_MAINTENANCE		31	-0.2919192	-1.07953	0.33809525	0.6540975	1.0	5066	tags=52%, list=34%, signal=77%	
GOMF_CAMP_BINDING	GOMF_CAMP_BINDING		21	-0.32923186	-1.0794111	0.3507109	0.6541123	1.0	2192	tags=29%, list=15%, signal=33%	
HP_DELAYED_FINE_MOTOR_DEVELOPMENT	HP_DELAYED_FINE_MOTOR_DEVELOPMENT		48	-0.25984344	-1.0789789	0.2932331	0.65511817	1.0	5132	tags=42%, list=34%, signal=63%	
HP_EEG_WITH_MULTIFOCAL_SLOW_ACTIVITY	HP_EEG_WITH_MULTIFOCAL_SLOW_ACTIVITY		44	-0.27015823	-1.0789356	0.3053613	0.65489763	1.0	4177	tags=39%, list=28%, signal=53%	
HP_PROXIMAL_MUSCLE_WEAKNESS_IN_LOWER_LIMBS	HP_PROXIMAL_MUSCLE_WEAKNESS_IN_LOWER_LIMBS		63	-0.2520376	-1.0784105	0.3	0.6561993	1.0	2908	tags=27%, list=19%, signal=33%	
HP_BASAL_CELL_CARCINOMA	HP_BASAL_CELL_CARCINOMA		42	-0.27100402	-1.0781113	0.33080807	0.6568126	1.0	3008	tags=24%, list=20%, signal=30%	
GOCC_PHAGOPHORE_ASSEMBLY_SITE	GOCC_PHAGOPHORE_ASSEMBLY_SITE		36	-0.28087294	-1.0779974	0.3014354	0.6568244	1.0	5222	tags=53%, list=35%, signal=80%	
GOBP_POSITIVE_REGULATION_OF_MITOTIC_NUCLEAR_DIVISION	GOBP_POSITIVE_REGULATION_OF_MITOTIC_NUCLEAR_DIVISION		40	-0.27360752	-1.0779667	0.3182898	0.6565863	1.0	2307	tags=25%, list=15%, signal=29%	
GOBP_RECEPTOR_MEDIATED_ENDOCYTOSIS	GOBP_RECEPTOR_MEDIATED_ENDOCYTOSIS		232	-0.1994488	-1.0778326	0.24770643	0.6566301	1.0	2735	tags=25%, list=18%, signal=30%	
GOBP_CERAMIDE_METABOLIC_PROCESS	GOBP_CERAMIDE_METABOLIC_PROCESS		88	-0.23291089	-1.077783	0.29781422	0.6564282	1.0	2278	tags=20%, list=15%, signal=24%	
GOMF_PROTEIN_PHOSPHATASE_1_BINDING	GOMF_PROTEIN_PHOSPHATASE_1_BINDING		21	-0.32580373	-1.0776528	0.35135135	0.6564835	1.0	3492	tags=38%, list=23%, signal=49%	
GOCC_BLOC_1_COMPLEX	GOCC_BLOC_1_COMPLEX		15	-0.355359	-1.0776263	0.3258427	0.6562347	1.0	2576	tags=33%, list=17%, signal=40%	
GOMF_PROTEIN_SERINE_THREONINE_KINASE_INHIBITOR_ACTIVITY	GOMF_PROTEIN_SERINE_THREONINE_KINASE_INHIBITOR_ACTIVITY		43	-0.27099264	-1.0776191	0.3034826	0.6559113	1.0	2221	tags=23%, list=15%, signal=27%	
GOBP_TRANSFORMING_GROWTH_FACTOR_BETA_RECEPTOR_SIGNALING_PATHWAY	GOBP_TRANSFORMING_GROWTH_FACTOR_BETA_RECEPTOR_SIGNALING_PATHWAY		181	-0.20430364	-1.0771508	0.26239067	0.65701205	1.0	3895	tags=28%, list=26%, signal=38%	
GOMF_MOLECULAR_CARRIER_ACTIVITY	GOMF_MOLECULAR_CARRIER_ACTIVITY		104	-0.22444937	-1.0770432	0.2857143	0.65700537	1.0	4760	tags=38%, list=32%, signal=56%	
GOBP_POTASSIUM_ION_EXPORT_ACROSS_PLASMA_MEMBRANE	GOBP_POTASSIUM_ION_EXPORT_ACROSS_PLASMA_MEMBRANE		18	-0.33721584	-1.0767705	0.35729846	0.6575541	1.0	4597	tags=56%, list=30%, signal=80%	
GOBP_REGULATION_OF_EARLY_ENDOSOME_TO_LATE_ENDOSOME_TRANSPORT	GOBP_REGULATION_OF_EARLY_ENDOSOME_TO_LATE_ENDOSOME_TRANSPORT		18	-0.33984166	-1.0767226	0.3537415	0.65735734	1.0	3251	tags=33%, list=22%, signal=42%	
HP_TALL_STATURE	HP_TALL_STATURE		144	-0.21521801	-1.0766134	0.27665707	0.65734535	1.0	4325	tags=35%, list=29%, signal=48%	
GOBP_SKELETAL_MUSCLE_ACETYLCHOLINE_GATED_CHANNEL_CLUSTERING	GOBP_SKELETAL_MUSCLE_ACETYLCHOLINE_GATED_CHANNEL_CLUSTERING		16	-0.35234034	-1.0765572	0.33041576	0.657186	1.0	1559	tags=19%, list=10%, signal=21%	
GOBP_MITOTIC_NUCLEAR_DIVISION	GOBP_MITOTIC_NUCLEAR_DIVISION		261	-0.19456139	-1.0765465	0.24834438	0.6568802	1.0	3798	tags=25%, list=25%, signal=33%	
GOBP_RESPONSE_TO_AXON_INJURY	GOBP_RESPONSE_TO_AXON_INJURY		69	-0.24150774	-1.0762007	0.29639176	0.65759116	1.0	4022	tags=38%, list=27%, signal=51%	
GOBP_NEGATIVE_REGULATION_OF_MAPK_CASCADE	GOBP_NEGATIVE_REGULATION_OF_MAPK_CASCADE		134	-0.21597548	-1.0759245	0.30091184	0.6581861	1.0	3101	tags=28%, list=21%, signal=35%	
GOMF_HSP70_PROTEIN_BINDING	GOMF_HSP70_PROTEIN_BINDING		41	-0.2732383	-1.0757891	0.32634032	0.658227	1.0	1974	tags=20%, list=13%, signal=22%	
GOBP_POSITIVE_REGULATION_OF_CELL_GROWTH	GOBP_POSITIVE_REGULATION_OF_CELL_GROWTH		141	-0.2158401	-1.0757372	0.30153847	0.65805775	1.0	2263	tags=19%, list=15%, signal=22%	
GOCC_PML_BODY	GOCC_PML_BODY		95	-0.22830567	-1.0757006	0.3031785	0.6578184	1.0	3718	tags=34%, list=25%, signal=44%	
GOCC_VACUOLAR_MEMBRANE	GOCC_VACUOLAR_MEMBRANE		438	-0.18591885	-1.075096	0.19758065	0.659387	1.0	4558	tags=36%, list=30%, signal=50%	
HP_ABNORMAL_DENTIN_MORPHOLOGY	HP_ABNORMAL_DENTIN_MORPHOLOGY		21	-0.32474694	-1.0749148	0.33640552	0.659602	1.0	3810	tags=48%, list=25%, signal=64%	
HP_ABNORMALITY_OF_THE_LARYNX	HP_ABNORMALITY_OF_THE_LARYNX		197	-0.2032727	-1.0746121	0.27218935	0.66020525	1.0	3926	tags=32%, list=26%, signal=43%	
HP_VERTEBRAL_COMPRESSION_FRACTURE	HP_VERTEBRAL_COMPRESSION_FRACTURE		36	-0.2801453	-1.0745592	0.33025405	0.66004485	1.0	3666	tags=36%, list=24%, signal=48%	
HP_PARKINSONISM_WITH_FAVORABLE_RESPONSE_TO_DOPAMINERGIC_MEDICATION	HP_PARKINSONISM_WITH_FAVORABLE_RESPONSE_TO_DOPAMINERGIC_MEDICATION		22	-0.32199308	-1.0741222	0.3531915	0.66109174	1.0	600	tags=18%, list=4%, signal=19%	
GOBP_PROTEIN_TETRAMERIZATION	GOBP_PROTEIN_TETRAMERIZATION		82	-0.2326711	-1.0738597	0.29594272	0.6615541	1.0	1467	tags=17%, list=10%, signal=19%	
GOBP_MITOCHONDRIAL_RNA_METABOLIC_PROCESS	GOBP_MITOCHONDRIAL_RNA_METABOLIC_PROCESS		52	-0.25811487	-1.0738188	0.33854166	0.6613546	1.0	2825	tags=21%, list=19%, signal=26%	
HP_LOWER_LIMB_JOINT_CONTRACTURE	HP_LOWER_LIMB_JOINT_CONTRACTURE		199	-0.20256492	-1.0736054	0.25632912	0.661674	1.0	2719	tags=23%, list=18%, signal=28%	
HP_ABNORMAL_PERIPHERAL_NERVOUS_SYSTEM_PHYSIOLOGY	HP_ABNORMAL_PERIPHERAL_NERVOUS_SYSTEM_PHYSIOLOGY		162	-0.21103548	-1.073424	0.30409357	0.66191506	1.0	3616	tags=25%, list=24%, signal=33%	
HP_CRANIOFACIAL_OSTEOSCLEROSIS	HP_CRANIOFACIAL_OSTEOSCLEROSIS		15	-0.36052603	-1.072064	0.36792454	0.6658365	1.0	1724	tags=33%, list=11%, signal=38%	
GOBP_SPINDLE_ORGANIZATION	GOBP_SPINDLE_ORGANIZATION		194	-0.20329611	-1.0720444	0.29900333	0.66554475	1.0	3765	tags=29%, list=25%, signal=39%	
HP_URETERAL_STENOSIS	HP_URETERAL_STENOSIS		27	-0.30349368	-1.071987	0.33702883	0.6653912	1.0	4818	tags=52%, list=32%, signal=76%	
HP_PES_CAVUS	HP_PES_CAVUS		274	-0.19620603	-1.0719444	0.2124183	0.66519153	1.0	4321	tags=33%, list=29%, signal=46%	
GOBP_NEGATIVE_REGULATION_OF_DNA_DAMAGE_RESPONSE_SIGNAL_TRANSDUCTION_BY_P53_CLASS_MEDIATOR	GOBP_NEGATIVE_REGULATION_OF_DNA_DAMAGE_RESPONSE_SIGNAL_TRANSDUCTION_BY_P53_CLASS_MEDIATOR		15	-0.3605965	-1.0718596	0.3744681	0.6651158	1.0	2208	tags=27%, list=15%, signal=31%	
HP_STREAK_OVARY	HP_STREAK_OVARY		29	-0.29636684	-1.0718243	0.33490565	0.664901	1.0	3383	tags=34%, list=22%, signal=44%	
GOBP_RECEPTOR_LOCALIZATION_TO_SYNAPSE	GOBP_RECEPTOR_LOCALIZATION_TO_SYNAPSE		73	-0.23971346	-1.0714374	0.29471034	0.66575795	1.0	3112	tags=29%, list=21%, signal=36%	
GOBP_CAMP_MEDIATED_SIGNALING	GOBP_CAMP_MEDIATED_SIGNALING		25	-0.3140719	-1.0712883	0.37473235	0.6659043	1.0	3508	tags=36%, list=23%, signal=47%	
HP_PERSONALITY_CHANGES	HP_PERSONALITY_CHANGES		37	-0.2778598	-1.0711786	0.34170854	0.6658938	1.0	2525	tags=22%, list=17%, signal=26%	
HP_CENTRAL_APNEA	HP_CENTRAL_APNEA		40	-0.2749007	-1.0707605	0.34299517	0.6669191	1.0	3403	tags=38%, list=23%, signal=48%	
HP_INGUINAL_HERNIA	HP_INGUINAL_HERNIA		283	-0.1920178	-1.0707594	0.24354243	0.66657776	1.0	4266	tags=35%, list=28%, signal=47%	
GOMF_TELOMERIC_DNA_BINDING	GOMF_TELOMERIC_DNA_BINDING		36	-0.27909714	-1.0706908	0.33563218	0.6664506	1.0	4083	tags=39%, list=27%, signal=53%	
GOMF_SODIUM_PROTON_ANTIPORTER_ACTIVITY	GOMF_SODIUM_PROTON_ANTIPORTER_ACTIVITY		15	-0.3628671	-1.0705941	0.3802817	0.6664309	1.0	1148	tags=33%, list=8%, signal=36%	
GOBP_RESPONSE_TO_INTERLEUKIN_6	GOBP_RESPONSE_TO_INTERLEUKIN_6		28	-0.29276568	-1.0704823	0.33409092	0.6664516	1.0	2536	tags=29%, list=17%, signal=34%	
GOBP_PROTEIN_HETEROOLIGOMERIZATION	GOBP_PROTEIN_HETEROOLIGOMERIZATION		28	-0.29752007	-1.0704334	0.33640552	0.66625714	1.0	994	tags=21%, list=7%, signal=23%	
HP_DECREASED_CIRCULATING_ACTH_CONCENTRATION	HP_DECREASED_CIRCULATING_ACTH_CONCENTRATION		24	-0.31482553	-1.0703659	0.36946902	0.66613376	1.0	1692	tags=25%, list=11%, signal=28%	
GOMF_UBIQUITIN_LIKE_PROTEIN_CONJUGATING_ENZYME_ACTIVITY	GOMF_UBIQUITIN_LIKE_PROTEIN_CONJUGATING_ENZYME_ACTIVITY		36	-0.28001222	-1.0703251	0.37694013	0.6659254	1.0	3636	tags=44%, list=24%, signal=58%	
GOBP_ADULT_LOCOMOTORY_BEHAVIOR	GOBP_ADULT_LOCOMOTORY_BEHAVIOR		71	-0.23972711	-1.070176	0.31392404	0.6660353	1.0	2913	tags=27%, list=19%, signal=33%	
HP_SLOW_DECREASE_IN_VISUAL_ACUITY	HP_SLOW_DECREASE_IN_VISUAL_ACUITY		28	-0.299083	-1.0701413	0.35698447	0.6658152	1.0	1692	tags=18%, list=11%, signal=20%	
HP_MACROVESICULAR_HEPATIC_STEATOSIS	HP_MACROVESICULAR_HEPATIC_STEATOSIS		15	-0.35196462	-1.0700728	0.354067	0.66568565	1.0	2796	tags=40%, list=19%, signal=49%	
HP_PREMATURE_BIRTH	HP_PREMATURE_BIRTH		164	-0.20732194	-1.070046	0.2826087	0.66541535	1.0	4611	tags=37%, list=31%, signal=52%	
GOBP_NEGATIVE_REGULATION_OF_APOPTOTIC_SIGNALING_PATHWAY	GOBP_NEGATIVE_REGULATION_OF_APOPTOTIC_SIGNALING_PATHWAY		193	-0.2016134	-1.0695814	0.2848837	0.66652226	1.0	3101	tags=26%, list=21%, signal=32%	
GOBP_CALCIUM_DEPENDENT_CELL_CELL_ADHESION_VIA_PLASMA_MEMBRANE_CELL_ADHESION_MOLECULES	GOBP_CALCIUM_DEPENDENT_CELL_CELL_ADHESION_VIA_PLASMA_MEMBRANE_CELL_ADHESION_MOLECULES		42	-0.26847908	-1.069538	0.32963988	0.66633755	1.0	3270	tags=36%, list=22%, signal=45%	
GOBP_DETECTION_OF_TEMPERATURE_STIMULUS_INVOLVED_IN_SENSORY_PERCEPTION_OF_PAIN	GOBP_DETECTION_OF_TEMPERATURE_STIMULUS_INVOLVED_IN_SENSORY_PERCEPTION_OF_PAIN		16	-0.35128325	-1.0692616	0.33789954	0.6668548	1.0	2450	tags=31%, list=16%, signal=37%	
GOBP_NEGATIVE_REGULATION_OF_TRANSLATIONAL_INITIATION	GOBP_NEGATIVE_REGULATION_OF_TRANSLATIONAL_INITIATION		24	-0.31483024	-1.0689913	0.3445946	0.6673703	1.0	1418	tags=17%, list=9%, signal=18%	
GOMF_G_PROTEIN_ALPHA_SUBUNIT_BINDING	GOMF_G_PROTEIN_ALPHA_SUBUNIT_BINDING		30	-0.2914462	-1.0689845	0.34360188	0.66704834	1.0	1773	tags=23%, list=12%, signal=26%	
HP_MICROCORNEA	HP_MICROCORNEA		125	-0.21611	-1.0689502	0.29461756	0.66679597	1.0	3653	tags=30%, list=24%, signal=39%	
HP_UPLIFTED_EARLOBE	HP_UPLIFTED_EARLOBE		23	-0.3192415	-1.0689205	0.35746607	0.66655207	1.0	1372	tags=22%, list=9%, signal=24%	
HP_ABNORMAL_MORPHOLOGY_OF_THE_LIMBIC_SYSTEM	HP_ABNORMAL_MORPHOLOGY_OF_THE_LIMBIC_SYSTEM		41	-0.27143452	-1.0688261	0.3112128	0.66650593	1.0	360	tags=10%, list=2%, signal=10%	
GOBP_CELL_SUBSTRATE_JUNCTION_ORGANIZATION	GOBP_CELL_SUBSTRATE_JUNCTION_ORGANIZATION		91	-0.22643718	-1.0684327	0.2929293	0.6673897	1.0	3687	tags=29%, list=24%, signal=38%	
GOMF_UBIQUITIN_BINDING	GOMF_UBIQUITIN_BINDING		94	-0.22393009	-1.0683932	0.3180593	0.6671543	1.0	1732	tags=16%, list=11%, signal=18%	
GOBP_NUCLEOBASE_CONTAINING_COMPOUND_TRANSPORT	GOBP_NUCLEOBASE_CONTAINING_COMPOUND_TRANSPORT		200	-0.20150027	-1.0683901	0.2570533	0.6668264	1.0	5037	tags=42%, list=33%, signal=61%	
GOBP_POSITIVE_REGULATION_OF_AMYLOID_BETA_FORMATION	GOBP_POSITIVE_REGULATION_OF_AMYLOID_BETA_FORMATION		17	-0.33847764	-1.0682731	0.35159817	0.6668365	1.0	222	tags=18%, list=1%, signal=18%	
HP_ABNORMAL_PALMAR_DERMATOGLYPHICS	HP_ABNORMAL_PALMAR_DERMATOGLYPHICS		245	-0.19666226	-1.0682173	0.23856209	0.6666543	1.0	3558	tags=29%, list=24%, signal=37%	
GOBP_POSITIVE_REGULATION_OF_AMIDE_METABOLIC_PROCESS	GOBP_POSITIVE_REGULATION_OF_AMIDE_METABOLIC_PROCESS		24	-0.31077403	-1.0675659	0.34042552	0.66835773	1.0	840	tags=17%, list=6%, signal=18%	
GOBP_SOMATIC_STEM_CELL_POPULATION_MAINTENANCE	GOBP_SOMATIC_STEM_CELL_POPULATION_MAINTENANCE		64	-0.23955797	-1.0672715	0.3368984	0.6689844	1.0	3426	tags=28%, list=23%, signal=36%	
GOBP_DNA_TEMPLATED_TRANSCRIPTION_INITIATION	GOBP_DNA_TEMPLATED_TRANSCRIPTION_INITIATION		186	-0.20292126	-1.0671734	0.26602563	0.6689528	1.0	2929	tags=20%, list=19%, signal=24%	
GOBP_EMBRYONIC_SKELETAL_SYSTEM_MORPHOGENESIS	GOBP_EMBRYONIC_SKELETAL_SYSTEM_MORPHOGENESIS		85	-0.22754309	-1.0667182	0.2853403	0.67004824	1.0	2534	tags=20%, list=17%, signal=24%	
GOBP_VESICLE_LOCALIZATION	GOBP_VESICLE_LOCALIZATION		194	-0.20194022	-1.0665259	0.2781457	0.67032415	1.0	3712	tags=31%, list=25%, signal=40%	
HP_PERIVENTRICULAR_HETEROTOPIA	HP_PERIVENTRICULAR_HETEROTOPIA		38	-0.28337702	-1.0664246	0.3654321	0.670306	1.0	1184	tags=16%, list=8%, signal=17%	
GOBP_NEGATIVE_REGULATION_OF_EPITHELIAL_CELL_PROLIFERATION	GOBP_NEGATIVE_REGULATION_OF_EPITHELIAL_CELL_PROLIFERATION		113	-0.22002135	-1.0663819	0.3054054	0.67008513	1.0	2613	tags=24%, list=17%, signal=29%	
GOBP_GLYCOSYLATION	GOBP_GLYCOSYLATION		213	-0.202714	-1.0662235	0.2933754	0.6702779	1.0	2665	tags=19%, list=18%, signal=23%	
GOCC_ENDOPLASMIC_RETICULUM_PROTEIN_CONTAINING_COMPLEX	GOCC_ENDOPLASMIC_RETICULUM_PROTEIN_CONTAINING_COMPLEX		101	-0.22615092	-1.066073	0.26902175	0.6703891	1.0	4232	tags=38%, list=28%, signal=52%	
HP_EASY_FATIGABILITY	HP_EASY_FATIGABILITY		77	-0.2352597	-1.0654227	0.34391534	0.672125	1.0	4082	tags=35%, list=27%, signal=48%	
GOBP_REGULATION_OF_MEMBRANE_PERMEABILITY	GOBP_REGULATION_OF_MEMBRANE_PERMEABILITY		59	-0.24980076	-1.0652498	0.34146342	0.6723436	1.0	4503	tags=49%, list=30%, signal=70%	
GOBP_PRESYNAPSE_ORGANIZATION	GOBP_PRESYNAPSE_ORGANIZATION		47	-0.26462352	-1.065219	0.35460994	0.6720896	1.0	2545	tags=32%, list=17%, signal=38%	
GOBP_GLYCOSPHINGOLIPID_BIOSYNTHETIC_PROCESS	GOBP_GLYCOSPHINGOLIPID_BIOSYNTHETIC_PROCESS		34	-0.28341556	-1.0648412	0.34158415	0.672915	1.0	2551	tags=29%, list=17%, signal=35%	
GOMF_K63_LINKED_POLYUBIQUITIN_MODIFICATION_DEPENDENT_PROTEIN_BINDING	GOMF_K63_LINKED_POLYUBIQUITIN_MODIFICATION_DEPENDENT_PROTEIN_BINDING		25	-0.3081662	-1.064819	0.35817307	0.67265195	1.0	2792	tags=28%, list=18%, signal=34%	
HP_ABNORMAL_GONADOTROPIN_RELEASING_HORMONE_CONCENTRATION	HP_ABNORMAL_GONADOTROPIN_RELEASING_HORMONE_CONCENTRATION		18	-0.32998973	-1.0638926	0.34120172	0.6752518	1.0	573	tags=22%, list=4%, signal=23%	
HP_ABNORMAL_SYSTEMIC_ARTERIAL_MORPHOLOGY	HP_ABNORMAL_SYSTEMIC_ARTERIAL_MORPHOLOGY		467	-0.18344237	-1.0635759	0.23348017	0.675935	1.0	4205	tags=32%, list=28%, signal=43%	
HP_WRITER_S_CRAMP	HP_WRITER_S_CRAMP		17	-0.34484613	-1.0635375	0.37327188	0.6757354	1.0	3415	tags=41%, list=23%, signal=53%	
GOBP_TRANSMISSION_OF_NERVE_IMPULSE	GOBP_TRANSMISSION_OF_NERVE_IMPULSE		67	-0.24040097	-1.0635372	0.34673366	0.67539537	1.0	2458	tags=22%, list=16%, signal=27%	
HP_LARGE_FACE	HP_LARGE_FACE		256	-0.19408162	-1.0634071	0.2795031	0.67543864	1.0	4560	tags=35%, list=30%, signal=49%	
GOBP_REGULATION_OF_CALCINEURIN_MEDIATED_SIGNALING	GOBP_REGULATION_OF_CALCINEURIN_MEDIATED_SIGNALING		33	-0.28385144	-1.0630981	0.3275	0.6760709	1.0	4030	tags=36%, list=27%, signal=49%	
GOBP_MUSCLE_ADAPTATION	GOBP_MUSCLE_ADAPTATION		93	-0.22434072	-1.0630106	0.30555555	0.67602247	1.0	2632	tags=23%, list=17%, signal=27%	
GOBP_MORPHOGENESIS_OF_EMBRYONIC_EPITHELIUM	GOBP_MORPHOGENESIS_OF_EMBRYONIC_EPITHELIUM		133	-0.21295571	-1.063002	0.32963988	0.67571366	1.0	2735	tags=23%, list=18%, signal=28%	
HP_POSTNATAL_GROWTH_RETARDATION	HP_POSTNATAL_GROWTH_RETARDATION		228	-0.196547	-1.0629253	0.3003096	0.6756107	1.0	3413	tags=27%, list=23%, signal=34%	
HP_DISTAL_ARTHROGRYPOSIS	HP_DISTAL_ARTHROGRYPOSIS		23	-0.31511062	-1.0628446	0.35915494	0.6755511	1.0	2241	tags=30%, list=15%, signal=36%	
GOBP_VESICLE_CARGO_LOADING	GOBP_VESICLE_CARGO_LOADING		27	-0.29650417	-1.0627483	0.35214448	0.6755178	1.0	5791	tags=59%, list=38%, signal=96%	
HP_NARROW_MOUTH	HP_NARROW_MOUTH		209	-0.19913632	-1.0621922	0.26923078	0.676992	1.0	4031	tags=33%, list=27%, signal=44%	
GOBP_MUSCLE_CELL_MIGRATION	GOBP_MUSCLE_CELL_MIGRATION		74	-0.23538163	-1.0617479	0.33169532	0.67806345	1.0	2813	tags=22%, list=19%, signal=26%	
GOBP_MIDBRAIN_DEVELOPMENT	GOBP_MIDBRAIN_DEVELOPMENT		81	-0.23165326	-1.06173	0.31955922	0.67776865	1.0	2601	tags=22%, list=17%, signal=27%	
HP_OCULOMOTOR_NERVE_PALSY	HP_OCULOMOTOR_NERVE_PALSY		22	-0.3184622	-1.0615911	0.37089202	0.67784417	1.0	1692	tags=27%, list=11%, signal=31%	
GOBP_REGULATION_OF_CAMP_PKA_SIGNAL_TRANSDUCTION	GOBP_REGULATION_OF_CAMP_PKA_SIGNAL_TRANSDUCTION		21	-0.32317916	-1.0615183	0.37354988	0.6777371	1.0	3457	tags=38%, list=23%, signal=49%	
HP_DIFFICULTY_STANDING	HP_DIFFICULTY_STANDING		20	-0.32149288	-1.06069	0.37086093	0.6801082	1.0	3194	tags=40%, list=21%, signal=51%	
GOBP_DENDRITE_MORPHOGENESIS	GOBP_DENDRITE_MORPHOGENESIS		128	-0.21099092	-1.0605024	0.30357143	0.68032795	1.0	3063	tags=27%, list=20%, signal=33%	
GOBP_MAINTENANCE_OF_LOCATION	GOBP_MAINTENANCE_OF_LOCATION		177	-0.20431516	-1.0604824	0.27745664	0.68004656	1.0	3699	tags=29%, list=24%, signal=38%	
HP_RHEUMATOID_ARTHRITIS	HP_RHEUMATOID_ARTHRITIS		17	-0.3400255	-1.0600961	0.37662336	0.6809097	1.0	2772	tags=35%, list=18%, signal=43%	
HP_ECTOPIA_LENTIS	HP_ECTOPIA_LENTIS		40	-0.26419315	-1.0598645	0.3409091	0.6812847	1.0	4610	tags=40%, list=31%, signal=57%	
GOBP_NEURON_PROJECTION_EXTENSION_INVOLVED_IN_NEURON_PROJECTION_GUIDANCE	GOBP_NEURON_PROJECTION_EXTENSION_INVOLVED_IN_NEURON_PROJECTION_GUIDANCE		17	-0.33624527	-1.0596039	0.36098656	0.68177485	1.0	2143	tags=29%, list=14%, signal=34%	
GOBP_POSITIVE_REGULATION_OF_MITOCHONDRIAL_FISSION	GOBP_POSITIVE_REGULATION_OF_MITOCHONDRIAL_FISSION		19	-0.33132514	-1.0595297	0.3590909	0.6816748	1.0	3579	tags=37%, list=24%, signal=48%	
GOBP_RNA_MODIFICATION	GOBP_RNA_MODIFICATION		152	-0.2043307	-1.059441	0.29245284	0.6816124	1.0	2390	tags=20%, list=16%, signal=23%	
HP_REDUNDANT_NECK_SKIN	HP_REDUNDANT_NECK_SKIN		32	-0.2842074	-1.0591445	0.35194173	0.6822505	1.0	3767	tags=34%, list=25%, signal=46%	
GOBP_REGULATION_OF_PROTEIN_POLYUBIQUITINATION	GOBP_REGULATION_OF_PROTEIN_POLYUBIQUITINATION		26	-0.30048272	-1.0590534	0.35665914	0.68222016	1.0	4063	tags=50%, list=27%, signal=68%	
GOBP_NEGATIVE_REGULATION_OF_PROTEIN_BINDING	GOBP_NEGATIVE_REGULATION_OF_PROTEIN_BINDING		32	-0.29109353	-1.0588259	0.34180138	0.68260974	1.0	3074	tags=31%, list=20%, signal=39%	
GOBP_WALKING_BEHAVIOR	GOBP_WALKING_BEHAVIOR		34	-0.28744036	-1.0586401	0.3686636	0.6828556	1.0	1899	tags=24%, list=13%, signal=27%	
HP_MUTISM	HP_MUTISM		45	-0.264809	-1.0585803	0.36556605	0.6827155	1.0	3139	tags=29%, list=21%, signal=36%	
HP_DILATION_OF_VIRCHOW_ROBIN_SPACES	HP_DILATION_OF_VIRCHOW_ROBIN_SPACES		15	-0.36111194	-1.0584058	0.3824176	0.68292606	1.0	1055	tags=20%, list=7%, signal=21%	
GOMF_PHOSPHATIDYLINOSITOL_3_PHOSPHATE_BINDING	GOMF_PHOSPHATIDYLINOSITOL_3_PHOSPHATE_BINDING		42	-0.26888773	-1.0581089	0.34698796	0.68351316	1.0	5191	tags=57%, list=34%, signal=87%	
GOBP_REGULATION_OF_POSTSYNAPTIC_SPECIALIZATION_ASSEMBLY	GOBP_REGULATION_OF_POSTSYNAPTIC_SPECIALIZATION_ASSEMBLY		15	-0.35389867	-1.0580658	0.410148	0.6833019	1.0	2768	tags=53%, list=18%, signal=65%	
GOBP_ENDOTHELIAL_CELL_PROLIFERATION	GOBP_ENDOTHELIAL_CELL_PROLIFERATION		131	-0.21243292	-1.057621	0.29705882	0.6844202	1.0	2985	tags=24%, list=20%, signal=30%	
HP_EEG_WITH_SPIKE_WAVE_COMPLEXES	HP_EEG_WITH_SPIKE_WAVE_COMPLEXES		74	-0.23614283	-1.057602	0.36243385	0.68413335	1.0	2600	tags=23%, list=17%, signal=28%	
GOBP_MODIFICATION_OF_POSTSYNAPTIC_STRUCTURE	GOBP_MODIFICATION_OF_POSTSYNAPTIC_STRUCTURE		35	-0.2799739	-1.0574164	0.35321102	0.6844039	1.0	1935	tags=23%, list=13%, signal=26%	
GOMF_GROWTH_FACTOR_BINDING	GOMF_GROWTH_FACTOR_BINDING		116	-0.21820435	-1.0572126	0.3238342	0.6847323	1.0	1459	tags=16%, list=10%, signal=18%	
GOBP_CENTRAL_NERVOUS_SYSTEM_PROJECTION_NEURON_AXONOGENESIS	GOBP_CENTRAL_NERVOUS_SYSTEM_PROJECTION_NEURON_AXONOGENESIS		27	-0.30697328	-1.0568335	0.36385542	0.6856205	1.0	4367	tags=44%, list=29%, signal=62%	
GOBP_ASTROCYTE_DEVELOPMENT	GOBP_ASTROCYTE_DEVELOPMENT		31	-0.2841013	-1.0567808	0.3481153	0.68545073	1.0	4124	tags=48%, list=27%, signal=66%	
GOBP_NEURAL_TUBE_DEVELOPMENT	GOBP_NEURAL_TUBE_DEVELOPMENT		144	-0.20799062	-1.0567154	0.3201133	0.68533	1.0	3380	tags=28%, list=22%, signal=36%	
HP_APLASIA_HYPOPLASIA_OF_THE_NIPPLES	HP_APLASIA_HYPOPLASIA_OF_THE_NIPPLES		52	-0.25809613	-1.0566852	0.3448276	0.685089	1.0	4149	tags=33%, list=27%, signal=45%	
HP_ABNORMAL_MORPHOLOGY_OF_THE_OLFACTORY_BULB	HP_ABNORMAL_MORPHOLOGY_OF_THE_OLFACTORY_BULB		30	-0.28802028	-1.0565026	0.38084114	0.6853297	1.0	3263	tags=37%, list=22%, signal=47%	
GOCC_CORE_MEDIATOR_COMPLEX	GOCC_CORE_MEDIATOR_COMPLEX		26	-0.30054903	-1.0561924	0.34912717	0.6859711	1.0	2129	tags=23%, list=14%, signal=27%	
GOBP_NEGATIVE_REGULATION_OF_STRIATED_MUSCLE_CELL_DIFFERENTIATION	GOBP_NEGATIVE_REGULATION_OF_STRIATED_MUSCLE_CELL_DIFFERENTIATION		33	-0.28869742	-1.0560474	0.36609337	0.68610394	1.0	3225	tags=36%, list=21%, signal=46%	
HP_ABNORMAL_SELLA_TURCICA_MORPHOLOGY	HP_ABNORMAL_SELLA_TURCICA_MORPHOLOGY		34	-0.28039154	-1.0560306	0.37674418	0.6858145	1.0	4163	tags=35%, list=28%, signal=49%	
HP_GENERALIZED_MYOCLONIC_SEIZURE	HP_GENERALIZED_MYOCLONIC_SEIZURE		125	-0.21221954	-1.0558108	0.30851063	0.68618214	1.0	3853	tags=30%, list=25%, signal=39%	
HP_ABNORMAL_ACTIVITY_OF_MITOCHONDRIAL_RESPIRATORY_CHAIN	HP_ABNORMAL_ACTIVITY_OF_MITOCHONDRIAL_RESPIRATORY_CHAIN		141	-0.21231821	-1.0558101	0.32285714	0.6858459	1.0	4743	tags=40%, list=31%, signal=57%	
GOBP_NUCLEOTIDE_TRANSPORT	GOBP_NUCLEOTIDE_TRANSPORT		38	-0.2750093	-1.0554293	0.36319613	0.6866721	1.0	5152	tags=61%, list=34%, signal=92%	
HP_TREMOR_BY_ANATOMICAL_SITE	HP_TREMOR_BY_ANATOMICAL_SITE		92	-0.22233729	-1.0552381	0.34195402	0.6869511	1.0	2359	tags=20%, list=16%, signal=23%	
HP_FRAGILE_NAILS	HP_FRAGILE_NAILS		27	-0.29344088	-1.0551528	0.36971048	0.6869165	1.0	1040	tags=11%, list=7%, signal=12%	
HP_CONE_SHAPED_EPIPHYSES_OF_THE_PHALANGES_OF_THE_HAND	HP_CONE_SHAPED_EPIPHYSES_OF_THE_PHALANGES_OF_THE_HAND		28	-0.29367304	-1.0550655	0.3627451	0.68685186	1.0	3469	tags=29%, list=23%, signal=37%	
GOBP_NEGATIVE_REGULATION_OF_CANONICAL_WNT_SIGNALING_PATHWAY	GOBP_NEGATIVE_REGULATION_OF_CANONICAL_WNT_SIGNALING_PATHWAY		122	-0.21776879	-1.0548629	0.3314121	0.68714887	1.0	3287	tags=29%, list=22%, signal=36%	
GOMF_SPECTRIN_BINDING	GOMF_SPECTRIN_BINDING		22	-0.31281218	-1.0548015	0.38584474	0.68702465	1.0	2328	tags=32%, list=15%, signal=38%	
GOCC_GLIAL_CELL_PROJECTION	GOCC_GLIAL_CELL_PROJECTION		43	-0.26578745	-1.0547812	0.34162897	0.68675184	1.0	1334	tags=16%, list=9%, signal=18%	
GOBP_N_GLYCAN_PROCESSING	GOBP_N_GLYCAN_PROCESSING		20	-0.31775546	-1.0546755	0.3985849	0.6867486	1.0	2784	tags=30%, list=18%, signal=37%	
GOBP_REGULATION_OF_EPITHELIAL_CELL_PROLIFERATION	GOBP_REGULATION_OF_EPITHELIAL_CELL_PROLIFERATION		306	-0.18980886	-1.0541794	0.29181495	0.68799496	1.0	2687	tags=22%, list=18%, signal=26%	
GOBP_PROTEIN_O_LINKED_GLYCOSYLATION	GOBP_PROTEIN_O_LINKED_GLYCOSYLATION		89	-0.22756271	-1.0541296	0.32987013	0.6878208	1.0	2665	tags=21%, list=18%, signal=26%	
HP_ABNORMAL_LACRIMAL_DUCT_MORPHOLOGY	HP_ABNORMAL_LACRIMAL_DUCT_MORPHOLOGY		51	-0.25431898	-1.0539286	0.35064936	0.6881526	1.0	3285	tags=31%, list=22%, signal=40%	
GOBP_REGULATION_OF_GLUTAMATE_SECRETION	GOBP_REGULATION_OF_GLUTAMATE_SECRETION		15	-0.35696533	-1.0537171	0.37915742	0.6884999	1.0	4507	tags=53%, list=30%, signal=76%	
GOBP_NEGATIVE_REGULATION_OF_CELL_GROWTH	GOBP_NEGATIVE_REGULATION_OF_CELL_GROWTH		140	-0.20893887	-1.0533239	0.3093093	0.6893997	1.0	3552	tags=29%, list=24%, signal=38%	
GOBP_PIECEMEAL_MICROAUTOPHAGY_OF_THE_NUCLEUS	GOBP_PIECEMEAL_MICROAUTOPHAGY_OF_THE_NUCLEUS		17	-0.3361939	-1.0525421	0.36818182	0.6915615	1.0	5087	tags=59%, list=34%, signal=89%	
GOBP_PROTEIN_PALMITOYLATION	GOBP_PROTEIN_PALMITOYLATION		23	-0.31594402	-1.0524848	0.36444443	0.6913997	1.0	3806	tags=39%, list=25%, signal=52%	
GOBP_REGULATION_OF_APOPTOTIC_SIGNALING_PATHWAY	GOBP_REGULATION_OF_APOPTOTIC_SIGNALING_PATHWAY		327	-0.18616356	-1.0524776	0.2851852	0.6910878	1.0	3133	tags=25%, list=21%, signal=31%	
GOBP_MACROMOLECULE_METHYLATION	GOBP_MACROMOLECULE_METHYLATION		111	-0.21542786	-1.0524478	0.32485875	0.69084036	1.0	2063	tags=16%, list=14%, signal=19%	
GOBP_SYMPATHETIC_NERVOUS_SYSTEM_DEVELOPMENT	GOBP_SYMPATHETIC_NERVOUS_SYSTEM_DEVELOPMENT		18	-0.3272391	-1.0524263	0.36739132	0.69057184	1.0	2752	tags=44%, list=18%, signal=54%	
HP_OMPHALOCELE	HP_OMPHALOCELE		71	-0.23774105	-1.0520797	0.36010364	0.69140816	1.0	2248	tags=23%, list=15%, signal=26%	
GOMF_RNA_ENDONUCLEASE_ACTIVITY	GOMF_RNA_ENDONUCLEASE_ACTIVITY		69	-0.2413706	-1.0518087	0.3523316	0.69188476	1.0	3340	tags=25%, list=22%, signal=31%	
HP_STEPPAGE_GAIT	HP_STEPPAGE_GAIT		78	-0.22860701	-1.0517489	0.3611111	0.6917299	1.0	3395	tags=27%, list=22%, signal=35%	
GOBP_GLYCOLIPID_CATABOLIC_PROCESS	GOBP_GLYCOLIPID_CATABOLIC_PROCESS		17	-0.34234414	-1.0516853	0.3986637	0.69159484	1.0	9944	tags=100%, list=66%, signal=292%	
GOBP_RESPONSE_TO_LIGHT_STIMULUS	GOBP_RESPONSE_TO_LIGHT_STIMULUS		281	-0.19040644	-1.0515927	0.2932331	0.6915611	1.0	2913	tags=23%, list=19%, signal=28%	
HP_TOOTH_MALPOSITION	HP_TOOTH_MALPOSITION		381	-0.18401319	-1.0512646	0.2972973	0.69227445	1.0	3971	tags=30%, list=26%, signal=40%	
HP_SPASTIC_DIPLEGIA	HP_SPASTIC_DIPLEGIA		34	-0.27789193	-1.0511309	0.4005102	0.6923694	1.0	1774	tags=21%, list=12%, signal=23%	
HP_ABNORMAL_CIRCULATING_ADRENOCORTICOTROPIN_CONCENTRATION	HP_ABNORMAL_CIRCULATING_ADRENOCORTICOTROPIN_CONCENTRATION		38	-0.2725591	-1.0510001	0.36778846	0.6924294	1.0	3968	tags=42%, list=26%, signal=57%	
HP_LEIOMYOSARCOMA	HP_LEIOMYOSARCOMA		21	-0.32103038	-1.0508999	0.37470725	0.6924233	1.0	1327	tags=19%, list=9%, signal=21%	
HP_PERIPHERAL_AXONAL_DEGENERATION	HP_PERIPHERAL_AXONAL_DEGENERATION		190	-0.19767796	-1.0504276	0.30473372	0.69359535	1.0	4177	tags=32%, list=28%, signal=43%	
GOBP_POSITIVE_REGULATION_OF_DNA_BINDING	GOBP_POSITIVE_REGULATION_OF_DNA_BINDING		26	-0.2969655	-1.0500741	0.35714287	0.69437265	1.0	2429	tags=31%, list=16%, signal=37%	
GOBP_CELL_CELL_ADHESION_MEDIATED_BY_CADHERIN	GOBP_CELL_CELL_ADHESION_MEDIATED_BY_CADHERIN		47	-0.25564286	-1.0498905	0.4117647	0.69461435	1.0	2766	tags=32%, list=18%, signal=39%	
GOBP_POSITIVE_REGULATION_OF_FATTY_ACID_METABOLIC_PROCESS	GOBP_POSITIVE_REGULATION_OF_FATTY_ACID_METABOLIC_PROCESS		31	-0.2791887	-1.0497563	0.35813954	0.69470817	1.0	2805	tags=32%, list=19%, signal=40%	
HP_REDUCED_ATTENTION_REGULATION	HP_REDUCED_ATTENTION_REGULATION		457	-0.17994033	-1.0497361	0.2674897	0.69443935	1.0	4201	tags=32%, list=28%, signal=42%	
GOMF_CATALYTIC_ACTIVITY_ACTING_ON_A_TRNA	GOMF_CATALYTIC_ACTIVITY_ACTING_ON_A_TRNA		133	-0.20894095	-1.0497026	0.3278237	0.6941985	1.0	3837	tags=27%, list=25%, signal=36%	
GOBP_INTRACELLULAR_GLUCOSE_HOMEOSTASIS	GOBP_INTRACELLULAR_GLUCOSE_HOMEOSTASIS		138	-0.20685868	-1.0496222	0.33540374	0.6941088	1.0	2612	tags=21%, list=17%, signal=25%	
HP_EXAGGERATED_CUPID_S_BOW	HP_EXAGGERATED_CUPID_S_BOW		34	-0.2787317	-1.0494951	0.37380952	0.69419897	1.0	4669	tags=41%, list=31%, signal=59%	
GOBP_POSITIVE_REGULATION_OF_MORPHOGENESIS_OF_AN_EPITHELIUM	GOBP_POSITIVE_REGULATION_OF_MORPHOGENESIS_OF_AN_EPITHELIUM		35	-0.27108184	-1.0494144	0.36404493	0.6941306	1.0	2925	tags=29%, list=19%, signal=35%	
HP_ABNORMAL_RESPONSE_TO_ENDOCRINE_STIMULATION_TEST	HP_ABNORMAL_RESPONSE_TO_ENDOCRINE_STIMULATION_TEST		131	-0.21299921	-1.0493124	0.3090379	0.69409496	1.0	3968	tags=32%, list=26%, signal=43%	
GOMF_CALCIUM_ION_TRANSMEMBRANE_TRANSPORTER_ACTIVITY	GOMF_CALCIUM_ION_TRANSMEMBRANE_TRANSPORTER_ACTIVITY		160	-0.20735069	-1.0489467	0.2821229	0.6949299	1.0	2502	tags=21%, list=17%, signal=25%	
GOCC_TRANSCRIPTION_ELONGATION_FACTOR_COMPLEX	GOCC_TRANSCRIPTION_ELONGATION_FACTOR_COMPLEX		46	-0.25567776	-1.0488122	0.3595238	0.695018	1.0	3616	tags=28%, list=24%, signal=37%	
GOBP_SCF_DEPENDENT_PROTEASOMAL_UBIQUITIN_DEPENDENT_PROTEIN_CATABOLIC_PROCESS	GOBP_SCF_DEPENDENT_PROTEASOMAL_UBIQUITIN_DEPENDENT_PROTEIN_CATABOLIC_PROCESS		40	-0.27405646	-1.0486928	0.35545024	0.6950511	1.0	2275	tags=23%, list=15%, signal=26%	
HP_RIB_FUSION	HP_RIB_FUSION		41	-0.26415217	-1.0485837	0.3941606	0.6950739	1.0	2579	tags=29%, list=17%, signal=35%	
GOBP_TELOMERE_ORGANIZATION	GOBP_TELOMERE_ORGANIZATION		160	-0.20737693	-1.0484828	0.35403726	0.6950892	1.0	3486	tags=29%, list=23%, signal=37%	
GOBP_VESICLE_TARGETING_ROUGH_ER_TO_CIS_GOLGI	GOBP_VESICLE_TARGETING_ROUGH_ER_TO_CIS_GOLGI		24	-0.30524775	-1.0484356	0.375	0.6948931	1.0	4079	tags=46%, list=27%, signal=63%	
GOBP_MESENCHYMAL_CELL_DIFFERENTIATION	GOBP_MESENCHYMAL_CELL_DIFFERENTIATION		221	-0.19744503	-1.047546	0.3021148	0.69739866	1.0	2462	tags=21%, list=16%, signal=25%	
GOMF_TRANSLATION_INITIATION_FACTOR_BINDING	GOMF_TRANSLATION_INITIATION_FACTOR_BINDING		31	-0.28678265	-1.0475448	0.37089202	0.69706595	1.0	4231	tags=39%, list=28%, signal=54%	
GOMF_DNA_BINDING_TRANSCRIPTION_REPRESSOR_ACTIVITY	GOMF_DNA_BINDING_TRANSCRIPTION_REPRESSOR_ACTIVITY		247	-0.19257756	-1.0474348	0.31501833	0.697072	1.0	3614	tags=30%, list=24%, signal=38%	
GOBP_GOLGI_VESICLE_TRANSPORT	GOBP_GOLGI_VESICLE_TRANSPORT		280	-0.19008583	-1.0474045	0.29577464	0.6968407	1.0	5393	tags=47%, list=36%, signal=71%	
GOCC_RUFFLE_MEMBRANE	GOCC_RUFFLE_MEMBRANE		87	-0.22900811	-1.047206	0.34908137	0.69716907	1.0	2876	tags=24%, list=19%, signal=30%	
HP_AQUEDUCTAL_STENOSIS	HP_AQUEDUCTAL_STENOSIS		28	-0.29625258	-1.0468659	0.3708134	0.6979068	1.0	2184	tags=25%, list=14%, signal=29%	
GOBP_NEGATIVE_REGULATION_OF_HEMOPOIESIS	GOBP_NEGATIVE_REGULATION_OF_HEMOPOIESIS		87	-0.2270334	-1.0468252	0.35142118	0.6977159	1.0	2863	tags=25%, list=19%, signal=31%	
GOBP_ARTERY_DEVELOPMENT	GOBP_ARTERY_DEVELOPMENT		95	-0.22154795	-1.0464586	0.36074272	0.69857734	1.0	2689	tags=27%, list=18%, signal=33%	
GOBP_POSITIVE_REGULATION_OF_CELL_SUBSTRATE_JUNCTION_ORGANIZATION	GOBP_POSITIVE_REGULATION_OF_CELL_SUBSTRATE_JUNCTION_ORGANIZATION		26	-0.30039284	-1.0461264	0.3800475	0.69930685	1.0	2140	tags=23%, list=14%, signal=27%	
HP_COARSE_FACIAL_FEATURES	HP_COARSE_FACIAL_FEATURES		216	-0.19757612	-1.046097	0.3180428	0.6990681	1.0	4921	tags=40%, list=33%, signal=58%	
HP_NEONATAL_HYPOTONIA	HP_NEONATAL_HYPOTONIA		175	-0.20101638	-1.0460887	0.33524355	0.6987499	1.0	4117	tags=36%, list=27%, signal=49%	
HP_URINARY_TRACT_NEOPLASM	HP_URINARY_TRACT_NEOPLASM		100	-0.22343326	-1.0460647	0.34757835	0.6984855	1.0	1612	tags=17%, list=11%, signal=19%	
GOBP_SPINAL_CORD_MOTOR_NEURON_DIFFERENTIATION	GOBP_SPINAL_CORD_MOTOR_NEURON_DIFFERENTIATION		27	-0.29356503	-1.0460037	0.35964912	0.6983314	1.0	2330	tags=19%, list=15%, signal=22%	
GOBP_REGULATION_OF_GLIAL_CELL_DIFFERENTIATION	GOBP_REGULATION_OF_GLIAL_CELL_DIFFERENTIATION		66	-0.23723358	-1.0459609	0.38359788	0.69814044	1.0	2777	tags=29%, list=18%, signal=35%	
GOBP_POSITIVE_REGULATION_OF_MYELINATION	GOBP_POSITIVE_REGULATION_OF_MYELINATION		20	-0.31643212	-1.0459023	0.37096775	0.6980106	1.0	2777	tags=35%, list=18%, signal=43%	
GOBP_EMBRYONIC_EPITHELIAL_TUBE_FORMATION	GOBP_EMBRYONIC_EPITHELIAL_TUBE_FORMATION		106	-0.21544579	-1.0457941	0.34848484	0.6980514	1.0	3235	tags=27%, list=21%, signal=35%	
GOMF_SH2_DOMAIN_BINDING	GOMF_SH2_DOMAIN_BINDING		32	-0.27607635	-1.0454456	0.38789237	0.69884545	1.0	2632	tags=25%, list=17%, signal=30%	
GOBP_PEPTIDYL_SERINE_MODIFICATION	GOBP_PEPTIDYL_SERINE_MODIFICATION		78	-0.22902459	-1.0453913	0.37068966	0.698677	1.0	2623	tags=24%, list=17%, signal=29%	
GOBP_VIRAL_PROTEIN_PROCESSING	GOBP_VIRAL_PROTEIN_PROCESSING		29	-0.28940517	-1.0451773	0.37938598	0.6990439	1.0	3114	tags=34%, list=21%, signal=43%	
GOMF_PRENYLTRANSFERASE_ACTIVITY	GOMF_PRENYLTRANSFERASE_ACTIVITY		16	-0.3342976	-1.0449888	0.40860215	0.699327	1.0	3822	tags=44%, list=25%, signal=59%	
HP_RADIAL_DEVIATION_OF_THE_HAND_OR_OF_FINGERS_OF_THE_HAND	HP_RADIAL_DEVIATION_OF_THE_HAND_OR_OF_FINGERS_OF_THE_HAND		62	-0.24075274	-1.0447536	0.37105262	0.699713	1.0	3263	tags=26%, list=22%, signal=33%	
HP_ABNORMAL_PHALANGEAL_JOINT_MORPHOLOGY_OF_THE_HAND	HP_ABNORMAL_PHALANGEAL_JOINT_MORPHOLOGY_OF_THE_HAND		207	-0.19632678	-1.0440686	0.31736526	0.70154834	1.0	3278	tags=25%, list=22%, signal=31%	
GOBP_ANDROGEN_RECEPTOR_SIGNALING_PATHWAY	GOBP_ANDROGEN_RECEPTOR_SIGNALING_PATHWAY		40	-0.26767033	-1.0440143	0.36511627	0.7013706	1.0	4531	tags=38%, list=30%, signal=53%	
GOBP_NEGATIVE_REGULATION_OF_RNA_CATABOLIC_PROCESS	GOBP_NEGATIVE_REGULATION_OF_RNA_CATABOLIC_PROCESS		77	-0.22774547	-1.0435487	0.37564766	0.702491	1.0	3696	tags=32%, list=24%, signal=43%	
HP_ABNORMALITY_OF_THE_EXTRINSIC_PATHWAY	HP_ABNORMALITY_OF_THE_EXTRINSIC_PATHWAY		19	-0.31995073	-1.0434401	0.39262474	0.70249045	1.0	4496	tags=37%, list=30%, signal=52%	
HP_GENERALIZED_LIMB_MUSCLE_ATROPHY	HP_GENERALIZED_LIMB_MUSCLE_ATROPHY		18	-0.32259184	-1.0432998	0.3842482	0.70258844	1.0	3000	tags=33%, list=20%, signal=42%	
HP_EEG_WITH_POLYSPIKE_WAVE_COMPLEXES	HP_EEG_WITH_POLYSPIKE_WAVE_COMPLEXES		40	-0.26619214	-1.0431366	0.34951457	0.7027677	1.0	2440	tags=28%, list=16%, signal=33%	
GOBP_MYOTUBE_CELL_DEVELOPMENT	GOBP_MYOTUBE_CELL_DEVELOPMENT		35	-0.2734964	-1.042887	0.38515082	0.7032214	1.0	1836	tags=23%, list=12%, signal=26%	
GOMF_METAL_CLUSTER_BINDING	GOMF_METAL_CLUSTER_BINDING		66	-0.23700054	-1.0428126	0.3707572	0.70312464	1.0	5012	tags=48%, list=33%, signal=72%	
HP_CHRONIC_INFECTION	HP_CHRONIC_INFECTION		20	-0.31907314	-1.0427846	0.39325842	0.7028858	1.0	5533	tags=50%, list=37%, signal=79%	
HP_CUPPED_EAR	HP_CUPPED_EAR		67	-0.23857534	-1.0427501	0.36828643	0.70266503	1.0	4773	tags=45%, list=32%, signal=65%	
GOBP_CELL_PROLIFERATION_INVOLVED_IN_KIDNEY_DEVELOPMENT	GOBP_CELL_PROLIFERATION_INVOLVED_IN_KIDNEY_DEVELOPMENT		19	-0.32093957	-1.0424187	0.40420562	0.70344085	1.0	2813	tags=42%, list=19%, signal=52%	
GOBP_MELANOSOME_ASSEMBLY	GOBP_MELANOSOME_ASSEMBLY		18	-0.33324304	-1.0420076	0.38789237	0.70444626	1.0	4948	tags=50%, list=33%, signal=74%	
HP_TEMPERATURE_INSTABILITY	HP_TEMPERATURE_INSTABILITY		31	-0.2854429	-1.0417963	0.36734694	0.704794	1.0	3966	tags=39%, list=26%, signal=52%	
GOBP_PERICARDIUM_DEVELOPMENT	GOBP_PERICARDIUM_DEVELOPMENT		15	-0.35259718	-1.0416226	0.39910313	0.70502365	1.0	2462	tags=33%, list=16%, signal=40%	
GOBP_NEGATIVE_REGULATION_OF_TRANSFORMING_GROWTH_FACTOR_BETA_RECEPTOR_SIGNALING_PATHWAY	GOBP_NEGATIVE_REGULATION_OF_TRANSFORMING_GROWTH_FACTOR_BETA_RECEPTOR_SIGNALING_PATHWAY		87	-0.22456996	-1.0416132	0.369863	0.70472205	1.0	4013	tags=29%, list=27%, signal=39%	
HP_FINGER_CLINODACTYLY	HP_FINGER_CLINODACTYLY		408	-0.180824	-1.0413351	0.31439394	0.7053074	1.0	2612	tags=20%, list=17%, signal=23%	
HP_SPARSE_SCALP_HAIR	HP_SPARSE_SCALP_HAIR		126	-0.21214262	-1.0412722	0.35410765	0.70517206	1.0	3436	tags=28%, list=23%, signal=36%	
HP_MUSCLE_FIBER_INCLUSION_BODIES	HP_MUSCLE_FIBER_INCLUSION_BODIES		29	-0.28192005	-1.0412197	0.3941606	0.7049932	1.0	2370	tags=28%, list=16%, signal=33%	
GOBP_REGULATION_OF_CELLULAR_RESPONSE_TO_INSULIN_STIMULUS	GOBP_REGULATION_OF_CELLULAR_RESPONSE_TO_INSULIN_STIMULUS		69	-0.23148915	-1.0411541	0.38613862	0.7048635	1.0	3571	tags=32%, list=24%, signal=42%	
GOBP_REGULATION_OF_GENE_SILENCING_BY_REGULATORY_NCRNA	GOBP_REGULATION_OF_GENE_SILENCING_BY_REGULATORY_NCRNA		23	-0.3070145	-1.041013	0.39514348	0.7049729	1.0	4335	tags=39%, list=29%, signal=55%	
HP_PROPTOSIS	HP_PROPTOSIS		243	-0.19019164	-1.0408622	0.33333334	0.70511043	1.0	4031	tags=29%, list=27%, signal=39%	
GOBP_PHOSPHOLIPID_METABOLIC_PROCESS	GOBP_PHOSPHOLIPID_METABOLIC_PROCESS		326	-0.18667509	-1.0408481	0.33703703	0.7048248	1.0	2836	tags=22%, list=19%, signal=27%	
GOMF_PHOSPHATIDYLCHOLINE_TRANSPORTER_ACTIVITY	GOMF_PHOSPHATIDYLCHOLINE_TRANSPORTER_ACTIVITY		18	-0.32375446	-1.0408399	0.37915742	0.7045177	1.0	3738	tags=50%, list=25%, signal=66%	
GOCC_OUTER_MEMBRANE	GOCC_OUTER_MEMBRANE		239	-0.1920327	-1.0404562	0.31578946	0.70541	1.0	4022	tags=32%, list=27%, signal=43%	
HP_HYPERINTENSITY_OF_CEREBRAL_WHITE_MATTER_ON_MRI	HP_HYPERINTENSITY_OF_CEREBRAL_WHITE_MATTER_ON_MRI		65	-0.24246748	-1.0400138	0.40609136	0.70648944	1.0	4560	tags=38%, list=30%, signal=55%	
GOBP_POSITIVE_REGULATION_OF_LIPID_METABOLIC_PROCESS	GOBP_POSITIVE_REGULATION_OF_LIPID_METABOLIC_PROCESS		106	-0.21396942	-1.040003	0.36312848	0.7061942	1.0	2806	tags=25%, list=19%, signal=31%	
HP_ANTERIOR_ENCEPHALOCELE	HP_ANTERIOR_ENCEPHALOCELE		16	-0.3375097	-1.0396203	0.4009009	0.70709765	1.0	3225	tags=38%, list=21%, signal=48%	
GOBP_ADULT_BEHAVIOR	GOBP_ADULT_BEHAVIOR		127	-0.21100189	-1.0392925	0.37007874	0.707827	1.0	2942	tags=25%, list=19%, signal=31%	
GOBP_INTRINSIC_APOPTOTIC_SIGNALING_PATHWAY_IN_RESPONSE_TO_DNA_DAMAGE_BY_P53_CLASS_MEDIATOR	GOBP_INTRINSIC_APOPTOTIC_SIGNALING_PATHWAY_IN_RESPONSE_TO_DNA_DAMAGE_BY_P53_CLASS_MEDIATOR		39	-0.26345134	-1.0392786	0.3906634	0.7075356	1.0	2800	tags=31%, list=19%, signal=38%	
GOBP_NEUROTRANSMITTER_TRANSPORT	GOBP_NEUROTRANSMITTER_TRANSPORT		194	-0.1991512	-1.0392237	0.35493827	0.70736873	1.0	2556	tags=21%, list=17%, signal=25%	
GOCC_MLL1_2_COMPLEX	GOCC_MLL1_2_COMPLEX		25	-0.3038962	-1.0390481	0.39816934	0.7075819	1.0	3747	tags=40%, list=25%, signal=53%	
HP_POOR_APPETITE	HP_POOR_APPETITE		39	-0.27052677	-1.0390338	0.40712467	0.7072965	1.0	1446	tags=21%, list=10%, signal=23%	
GOMF_THIOLESTER_HYDROLASE_ACTIVITY	GOMF_THIOLESTER_HYDROLASE_ACTIVITY		38	-0.27290753	-1.0388807	0.37804878	0.7074617	1.0	1993	tags=18%, list=13%, signal=21%	
HP_HIGHLY_ARCHED_EYEBROW	HP_HIGHLY_ARCHED_EYEBROW		193	-0.1952452	-1.0388494	0.32307693	0.7072267	1.0	3415	tags=26%, list=23%, signal=34%	
HP_DYSPHONIA	HP_DYSPHONIA		133	-0.20723517	-1.0386374	0.37463978	0.7075886	1.0	2796	tags=20%, list=19%, signal=25%	
HP_CENTRAL_NERVOUS_SYSTEM_CYST	HP_CENTRAL_NERVOUS_SYSTEM_CYST		193	-0.1983391	-1.0385897	0.33015874	0.70741135	1.0	3448	tags=29%, list=23%, signal=37%	
HP_MOTOR_REGRESSION	HP_MOTOR_REGRESSION		17	-0.32914683	-1.0385219	0.4022472	0.707293	1.0	5461	tags=59%, list=36%, signal=92%	
GOBP_RENAL_VESICLE_DEVELOPMENT	GOBP_RENAL_VESICLE_DEVELOPMENT		15	-0.34266973	-1.0380384	0.38181818	0.7084965	1.0	3232	tags=33%, list=21%, signal=42%	
HP_FETAL_ONSET	HP_FETAL_ONSET		169	-0.20065089	-1.0380197	0.34971097	0.70822436	1.0	3829	tags=29%, list=25%, signal=38%	
HP_PARKINSONISM	HP_PARKINSONISM		119	-0.2129656	-1.0379518	0.3488372	0.7081166	1.0	3438	tags=29%, list=23%, signal=38%	
HP_ASTIGMATISM	HP_ASTIGMATISM		195	-0.19713649	-1.0379322	0.35962147	0.70785046	1.0	2505	tags=16%, list=17%, signal=19%	
HP_ABNORMALITY_OF_NEUTROPHILS	HP_ABNORMALITY_OF_NEUTROPHILS		233	-0.1922297	-1.0373465	0.3611111	0.70946205	1.0	3365	tags=24%, list=22%, signal=31%	
HP_NEOPLASM_OF_THE_PERIPHERAL_NERVOUS_SYSTEM	HP_NEOPLASM_OF_THE_PERIPHERAL_NERVOUS_SYSTEM		48	-0.25490102	-1.037245	0.3868421	0.7094345	1.0	1692	tags=19%, list=11%, signal=21%	
GOMF_INOSITOL_PHOSPHATE_PHOSPHATASE_ACTIVITY	GOMF_INOSITOL_PHOSPHATE_PHOSPHATASE_ACTIVITY		15	-0.33745667	-1.0370183	0.39379475	0.7098208	1.0	4791	tags=53%, list=32%, signal=78%	
GOMF_HISTONE_DEACETYLASE_BINDING	GOMF_HISTONE_DEACETYLASE_BINDING		108	-0.21520646	-1.0368861	0.3713528	0.7099273	1.0	4606	tags=40%, list=30%, signal=57%	
GOBP_NEGATIVE_REGULATION_OF_PROTEIN_IMPORT_INTO_NUCLEUS	GOBP_NEGATIVE_REGULATION_OF_PROTEIN_IMPORT_INTO_NUCLEUS		18	-0.32793608	-1.0365425	0.38940093	0.7107085	1.0	3096	tags=39%, list=20%, signal=49%	
HP_LIPODYSTROPHY	HP_LIPODYSTROPHY		95	-0.22031716	-1.0363663	0.37393767	0.7109876	1.0	2002	tags=20%, list=13%, signal=23%	
HP_ECTROPION	HP_ECTROPION		55	-0.24275458	-1.0359011	0.36934674	0.71214426	1.0	5394	tags=42%, list=36%, signal=65%	
GOBP_POSITIVE_REGULATION_OF_LIPID_BIOSYNTHETIC_PROCESS	GOBP_POSITIVE_REGULATION_OF_LIPID_BIOSYNTHETIC_PROCESS		78	-0.22860181	-1.0358013	0.3794038	0.71211433	1.0	3145	tags=28%, list=21%, signal=35%	
HP_UPPER_LIMB_JOINT_CONTRACTURE	HP_UPPER_LIMB_JOINT_CONTRACTURE		317	-0.18565014	-1.0357099	0.33916083	0.7120713	1.0	2396	tags=19%, list=16%, signal=22%	
GOBP_MEMBRANE_LIPID_METABOLIC_PROCESS	GOBP_MEMBRANE_LIPID_METABOLIC_PROCESS		185	-0.19909488	-1.0351654	0.35798818	0.7135351	1.0	2713	tags=21%, list=18%, signal=25%	
HP_ABNORMALITY_OF_PAIN_SENSATION	HP_ABNORMALITY_OF_PAIN_SENSATION		88	-0.22235979	-1.0350704	0.38133332	0.7135271	1.0	4182	tags=33%, list=28%, signal=45%	
HP_ABNORMALITY_OF_CORNEAL_SIZE	HP_ABNORMALITY_OF_CORNEAL_SIZE		165	-0.1999581	-1.0350198	0.3353846	0.7133619	1.0	3823	tags=30%, list=25%, signal=40%	
GOBP_NEGATIVE_REGULATION_OF_AMYLOID_PRECURSOR_PROTEIN_CATABOLIC_PROCESS	GOBP_NEGATIVE_REGULATION_OF_AMYLOID_PRECURSOR_PROTEIN_CATABOLIC_PROCESS		18	-0.32239875	-1.0349077	0.3935185	0.71340895	1.0	1183	tags=17%, list=8%, signal=18%	
GOBP_NEGATIVE_REGULATION_OF_BINDING	GOBP_NEGATIVE_REGULATION_OF_BINDING		56	-0.24177788	-1.0344647	0.3919598	0.714507	1.0	4212	tags=38%, list=28%, signal=52%	
GOBP_POSITIVE_REGULATION_OF_NEURON_MIGRATION	GOBP_POSITIVE_REGULATION_OF_NEURON_MIGRATION		16	-0.3405252	-1.0344487	0.37580994	0.71422935	1.0	2557	tags=31%, list=17%, signal=38%	
GOBP_TELOMERE_MAINTENANCE_IN_RESPONSE_TO_DNA_DAMAGE	GOBP_TELOMERE_MAINTENANCE_IN_RESPONSE_TO_DNA_DAMAGE		30	-0.287344	-1.0344325	0.38914028	0.7139537	1.0	3590	tags=33%, list=24%, signal=44%	
GOBP_REGULATION_OF_NEURON_APOPTOTIC_PROCESS	GOBP_REGULATION_OF_NEURON_APOPTOTIC_PROCESS		224	-0.19255054	-1.0342671	0.35897437	0.7141638	1.0	2651	tags=22%, list=18%, signal=27%	
HP_PRIMITIVE_REFLEX	HP_PRIMITIVE_REFLEX		24	-0.30294	-1.0341762	0.39578456	0.7141238	1.0	3733	tags=42%, list=25%, signal=55%	
GOBP_REGULATION_OF_CELL_CYCLE_G2_M_PHASE_TRANSITION	GOBP_REGULATION_OF_CELL_CYCLE_G2_M_PHASE_TRANSITION		106	-0.21613422	-1.0337472	0.3633721	0.71518326	1.0	3538	tags=27%, list=23%, signal=35%	
HP_LONG_PALPEBRAL_FISSURE	HP_LONG_PALPEBRAL_FISSURE		63	-0.23763436	-1.0336822	0.38010204	0.71506363	1.0	4031	tags=32%, list=27%, signal=43%	
HP_VENTRICULAR_HYPERTROPHY	HP_VENTRICULAR_HYPERTROPHY		142	-0.20384336	-1.0336491	0.37572256	0.71484023	1.0	4163	tags=36%, list=28%, signal=49%	
GOMF_S_ACYLTRANSFERASE_ACTIVITY	GOMF_S_ACYLTRANSFERASE_ACTIVITY		26	-0.29549348	-1.0330012	0.356974	0.71661544	1.0	1312	tags=19%, list=9%, signal=21%	
GOBP_MUSCLE_SYSTEM_PROCESS	GOBP_MUSCLE_SYSTEM_PROCESS		367	-0.18139082	-1.0324062	0.33703703	0.7182323	1.0	2194	tags=18%, list=15%, signal=20%	
GOCC_COPII_VESICLE_COAT	GOCC_COPII_VESICLE_COAT		15	-0.3489326	-1.0323064	0.42417583	0.71823704	1.0	5775	tags=67%, list=38%, signal=108%	
GOBP_NEUTRAL_AMINO_ACID_TRANSPORT	GOBP_NEUTRAL_AMINO_ACID_TRANSPORT		46	-0.25325397	-1.0321547	0.4	0.71840996	1.0	1148	tags=13%, list=8%, signal=14%	
GOBP_REGULATION_OF_CLATHRIN_DEPENDENT_ENDOCYTOSIS	GOBP_REGULATION_OF_CLATHRIN_DEPENDENT_ENDOCYTOSIS		17	-0.33398598	-1.0318319	0.41284403	0.719131	1.0	2983	tags=35%, list=20%, signal=44%	
HP_BUTTERFLY_VERTEBRAE	HP_BUTTERFLY_VERTEBRAE		20	-0.3103932	-1.0317575	0.38548753	0.71905404	1.0	2579	tags=35%, list=17%, signal=42%	
GOMF_KINASE_REGULATOR_ACTIVITY	GOMF_KINASE_REGULATOR_ACTIVITY		256	-0.18688764	-1.0316772	0.3298969	0.7189892	1.0	3417	tags=26%, list=23%, signal=33%	
GOBP_EMBRYONIC_DIGESTIVE_TRACT_MORPHOGENESIS	GOBP_EMBRYONIC_DIGESTIVE_TRACT_MORPHOGENESIS		16	-0.33404422	-1.0316225	0.43176734	0.71881765	1.0	4552	tags=44%, list=30%, signal=63%	
HP_TOE_CLINODACTYLY	HP_TOE_CLINODACTYLY		22	-0.310402	-1.0313835	0.38084114	0.7193095	1.0	4499	tags=41%, list=30%, signal=58%	
HP_ECLABION	HP_ECLABION		149	-0.20324865	-1.0312983	0.3768116	0.7192678	1.0	1958	tags=19%, list=13%, signal=21%	
GOBP_ESTABLISHMENT_OF_PROTEIN_LOCALIZATION_TO_ENDOPLASMIC_RETICULUM	GOBP_ESTABLISHMENT_OF_PROTEIN_LOCALIZATION_TO_ENDOPLASMIC_RETICULUM		38	-0.2665764	-1.0310116	0.40758294	0.71985424	1.0	3699	tags=29%, list=24%, signal=38%	
GOMF_WNT_PROTEIN_BINDING	GOMF_WNT_PROTEIN_BINDING		30	-0.28075305	-1.0309651	0.36036035	0.7196745	1.0	2744	tags=30%, list=18%, signal=37%	
GOBP_ESTABLISHMENT_OF_ORGANELLE_LOCALIZATION	GOBP_ESTABLISHMENT_OF_ORGANELLE_LOCALIZATION		436	-0.1786953	-1.030205	0.33076924	0.721839	1.0	3754	tags=27%, list=25%, signal=34%	
GOBP_SNRNA_METABOLIC_PROCESS	GOBP_SNRNA_METABOLIC_PROCESS		51	-0.24877189	-1.030193	0.36842105	0.7215389	1.0	5079	tags=41%, list=34%, signal=62%	
GOBP_HYALURONAN_METABOLIC_PROCESS	GOBP_HYALURONAN_METABOLIC_PROCESS		30	-0.28359845	-1.030095	0.37560976	0.7215436	1.0	2925	tags=30%, list=19%, signal=37%	
GOBP_SPHINGOLIPID_BIOSYNTHETIC_PROCESS	GOBP_SPHINGOLIPID_BIOSYNTHETIC_PROCESS		99	-0.21644323	-1.0300648	0.36127168	0.72131103	1.0	2711	tags=24%, list=18%, signal=29%	
GOBP_NEGATIVE_REGULATION_OF_GLUCONEOGENESIS	GOBP_NEGATIVE_REGULATION_OF_GLUCONEOGENESIS		15	-0.33535314	-1.0300597	0.3995272	0.72099483	1.0	900	tags=20%, list=6%, signal=21%	
HP_TETRAPLEGIA	HP_TETRAPLEGIA		40	-0.25972053	-1.0298979	0.43137255	0.72120345	1.0	3461	tags=35%, list=23%, signal=45%	
GOBP_REGULATION_OF_LIPID_STORAGE	GOBP_REGULATION_OF_LIPID_STORAGE		37	-0.2662695	-1.0298256	0.38038278	0.7211143	1.0	3049	tags=30%, list=20%, signal=37%	
GOMF_HISTONE_H3K4_METHYLTRANSFERASE_ACTIVITY	GOMF_HISTONE_H3K4_METHYLTRANSFERASE_ACTIVITY		15	-0.34522858	-1.0297145	0.4295612	0.7211516	1.0	2023	tags=27%, list=13%, signal=31%	
HP_NEONATAL_DEATH	HP_NEONATAL_DEATH		82	-0.22545591	-1.0296034	0.41225627	0.7211734	1.0	3057	tags=27%, list=20%, signal=33%	
HP_FRONTAL_LOBE_DEMENTIA	HP_FRONTAL_LOBE_DEMENTIA		15	-0.3396508	-1.0295986	0.4124424	0.7208599	1.0	1540	tags=33%, list=10%, signal=37%	
GOBP_REGULATION_OF_PROTEIN_POLYMERIZATION	GOBP_REGULATION_OF_PROTEIN_POLYMERIZATION		177	-0.19703831	-1.0295799	0.36887607	0.7205922	1.0	3119	tags=25%, list=21%, signal=32%	
GOBP_MAMMARY_GLAND_MORPHOGENESIS	GOBP_MAMMARY_GLAND_MORPHOGENESIS		42	-0.25485843	-1.0294547	0.42465752	0.72066295	1.0	1635	tags=14%, list=11%, signal=16%	
GOBP_REGULATION_OF_SMAD_PROTEIN_SIGNAL_TRANSDUCTION	GOBP_REGULATION_OF_SMAD_PROTEIN_SIGNAL_TRANSDUCTION		52	-0.24524528	-1.029372	0.3782506	0.720598	1.0	2489	tags=25%, list=16%, signal=30%	
HP_THORACIC_KYPHOSCOLIOSIS	HP_THORACIC_KYPHOSCOLIOSIS		21	-0.30873165	-1.0291522	0.39864865	0.72099775	1.0	3112	tags=38%, list=21%, signal=48%	
GOBP_REGULATION_OF_STEROID_HORMONE_SECRETION	GOBP_REGULATION_OF_STEROID_HORMONE_SECRETION		21	-0.31782946	-1.0288702	0.4376417	0.72156316	1.0	2887	tags=38%, list=19%, signal=47%	
HP_GENITAL_NEOPLASM	HP_GENITAL_NEOPLASM		113	-0.2149496	-1.028703	0.4028169	0.7217804	1.0	3223	tags=28%, list=21%, signal=36%	
GOMF_CALCIUM_CHANNEL_REGULATOR_ACTIVITY	GOMF_CALCIUM_CHANNEL_REGULATOR_ACTIVITY		49	-0.25091368	-1.02862	0.41794872	0.7217165	1.0	3220	tags=31%, list=21%, signal=39%	
GOBP_PHOSPHOLIPID_DEPHOSPHORYLATION	GOBP_PHOSPHOLIPID_DEPHOSPHORYLATION		39	-0.26179466	-1.0278904	0.3884712	0.7238119	1.0	1310	tags=18%, list=9%, signal=20%	
GOBP_ANOIKIS	GOBP_ANOIKIS		30	-0.28403023	-1.0277429	0.3970588	0.72397494	1.0	4810	tags=47%, list=32%, signal=68%	
GOBP_LABYRINTHINE_LAYER_BLOOD_VESSEL_DEVELOPMENT	GOBP_LABYRINTHINE_LAYER_BLOOD_VESSEL_DEVELOPMENT		17	-0.33208084	-1.027526	0.42477876	0.72435373	1.0	371	tags=18%, list=2%, signal=18%	
GOMF_N_ACYLTRANSFERASE_ACTIVITY	GOMF_N_ACYLTRANSFERASE_ACTIVITY		77	-0.2292109	-1.0275246	0.4073107	0.724029	1.0	4281	tags=35%, list=28%, signal=49%	
HP_ABNORMAL_MYELOID_LEUKOCYTE_MORPHOLOGY	HP_ABNORMAL_MYELOID_LEUKOCYTE_MORPHOLOGY		294	-0.18562682	-1.027397	0.358804	0.72411233	1.0	3205	tags=23%, list=21%, signal=29%	
GOCC_EXOCYTIC_VESICLE	GOCC_EXOCYTIC_VESICLE		231	-0.1891121	-1.0271828	0.37704918	0.72449076	1.0	3689	tags=28%, list=24%, signal=37%	
GOCC_NUCLEAR_SPECK	GOCC_NUCLEAR_SPECK		384	-0.17868418	-1.0262649	0.36032388	0.7270998	1.0	4391	tags=32%, list=29%, signal=43%	
GOBP_POSITIVE_REGULATION_OF_SMALL_MOLECULE_METABOLIC_PROCESS	GOBP_POSITIVE_REGULATION_OF_SMALL_MOLECULE_METABOLIC_PROCESS		126	-0.20861004	-1.0257238	0.39411765	0.7285229	1.0	3170	tags=27%, list=21%, signal=34%	
HP_FACIAL_ASYMMETRY	HP_FACIAL_ASYMMETRY		133	-0.20632046	-1.0256326	0.375	0.7284938	1.0	3742	tags=24%, list=25%, signal=32%	
GOBP_CARBOHYDRATE_HOMEOSTASIS	GOBP_CARBOHYDRATE_HOMEOSTASIS		216	-0.19384623	-1.025584	0.38338658	0.728323	1.0	2524	tags=20%, list=17%, signal=24%	
GOBP_RHYTHMIC_PROCESS	GOBP_RHYTHMIC_PROCESS		254	-0.18454103	-1.0255299	0.37785017	0.7281738	1.0	2880	tags=21%, list=19%, signal=26%	
HP_THICK_LOWER_LIP_VERMILION	HP_THICK_LOWER_LIP_VERMILION		122	-0.21152739	-1.0246314	0.4119171	0.7307638	1.0	2701	tags=25%, list=18%, signal=30%	
GOBP_RESPONSE_TO_INCREASED_OXYGEN_LEVELS	GOBP_RESPONSE_TO_INCREASED_OXYGEN_LEVELS		25	-0.30263552	-1.024488	0.43087557	0.730908	1.0	4004	tags=36%, list=26%, signal=49%	
HP_X_LINKED_RECESSIVE_INHERITANCE	HP_X_LINKED_RECESSIVE_INHERITANCE		158	-0.1992351	-1.024476	0.35905045	0.73061943	1.0	3782	tags=32%, list=25%, signal=42%	
GOCC_PHAGOCYTIC_CUP	GOCC_PHAGOCYTIC_CUP		24	-0.29713365	-1.0237143	0.37697518	0.7327982	1.0	3197	tags=33%, list=21%, signal=42%	
HP_POSTURAL_TREMOR	HP_POSTURAL_TREMOR		67	-0.23530808	-1.0236728	0.4073107	0.7326121	1.0	2352	tags=18%, list=16%, signal=21%	
GOCC_CAVEOLA	GOCC_CAVEOLA		73	-0.23055667	-1.0232468	0.38274932	0.73362565	1.0	3466	tags=30%, list=23%, signal=39%	
GOBP_NEUROMUSCULAR_PROCESS	GOBP_NEUROMUSCULAR_PROCESS		151	-0.19998227	-1.0230007	0.39589444	0.7341376	1.0	3755	tags=28%, list=25%, signal=38%	
GOBP_NEGATIVE_REGULATION_OF_PROTEIN_MATURATION	GOBP_NEGATIVE_REGULATION_OF_PROTEIN_MATURATION		17	-0.33072963	-1.0228635	0.4362416	0.7342389	1.0	1439	tags=18%, list=10%, signal=19%	
GOMF_MONOATOMIC_CATION_CHANNEL_ACTIVITY	GOMF_MONOATOMIC_CATION_CHANNEL_ACTIVITY		358	-0.18056087	-1.0227575	0.36575875	0.73426175	1.0	2652	tags=20%, list=18%, signal=23%	
GOBP_ENDOPLASMIC_RETICULUM_CALCIUM_ION_HOMEOSTASIS	GOBP_ENDOPLASMIC_RETICULUM_CALCIUM_ION_HOMEOSTASIS		25	-0.30439168	-1.0226567	0.40503433	0.734261	1.0	2236	tags=28%, list=15%, signal=33%	
HP_MILD_GLOBAL_DEVELOPMENTAL_DELAY	HP_MILD_GLOBAL_DEVELOPMENTAL_DELAY		74	-0.22867247	-1.0226171	0.4	0.73404086	1.0	1602	tags=15%, list=11%, signal=17%	
GOMF_POTASSIUM_CHANNEL_ACTIVITY	GOMF_POTASSIUM_CHANNEL_ACTIVITY		129	-0.20306	-1.0224937	0.38857144	0.7341073	1.0	704	tags=10%, list=5%, signal=10%	
GOBP_POSITIVE_REGULATION_OF_T_CELL_CYTOKINE_PRODUCTION	GOBP_POSITIVE_REGULATION_OF_T_CELL_CYTOKINE_PRODUCTION		17	-0.32978174	-1.0223726	0.4047619	0.7341559	1.0	2496	tags=29%, list=17%, signal=35%	
HP_APLASIA_HYPOPLASIA_OF_THE_UTERUS	HP_APLASIA_HYPOPLASIA_OF_THE_UTERUS		69	-0.23129156	-1.0222913	0.41450778	0.73408526	1.0	3832	tags=32%, list=25%, signal=43%	
GOBP_REGULATION_OF_CYTOKINESIS	GOBP_REGULATION_OF_CYTOKINESIS		75	-0.22774668	-1.0221834	0.40469974	0.7341173	1.0	1167	tags=12%, list=8%, signal=13%	
HP_ABNORMAL_NIPPLE_MORPHOLOGY	HP_ABNORMAL_NIPPLE_MORPHOLOGY		237	-0.18903339	-1.0221775	0.4037855	0.73380566	1.0	3294	tags=23%, list=22%, signal=29%	
GOBP_NEGATIVE_REGULATION_OF_TYPE_I_INTERFERON_MEDIATED_SIGNALING_PATHWAY	GOBP_NEGATIVE_REGULATION_OF_TYPE_I_INTERFERON_MEDIATED_SIGNALING_PATHWAY		18	-0.32552826	-1.0220078	0.42014742	0.7340419	1.0	1966	tags=33%, list=13%, signal=38%	
GOBP_ESTABLISHMENT_OF_MITOTIC_SPINDLE_LOCALIZATION	GOBP_ESTABLISHMENT_OF_MITOTIC_SPINDLE_LOCALIZATION		40	-0.2595259	-1.0219988	0.4227848	0.733735	1.0	3355	tags=28%, list=22%, signal=35%	
GOCC_COPI_COATED_VESICLE_MEMBRANE	GOCC_COPI_COATED_VESICLE_MEMBRANE		18	-0.32411778	-1.0214614	0.4186551	0.7351548	1.0	3127	tags=33%, list=21%, signal=42%	
GOMF_PROTEIN_SERINE_THREONINE_KINASE_BINDING	GOMF_PROTEIN_SERINE_THREONINE_KINASE_BINDING		21	-0.30823106	-1.0212916	0.4078341	0.73536927	1.0	3782	tags=48%, list=25%, signal=63%	
HP_IRREGULAR_VERTEBRAL_ENDPLATES	HP_IRREGULAR_VERTEBRAL_ENDPLATES		28	-0.27936772	-1.0204602	0.42424244	0.73776203	1.0	4216	tags=39%, list=28%, signal=54%	
HP_ABNORMAL_KNEE_PHYSIOLOGY	HP_ABNORMAL_KNEE_PHYSIOLOGY		77	-0.226225	-1.0201657	0.4017094	0.7383794	1.0	566	tags=10%, list=4%, signal=11%	
HP_LOWER_LIMB_ASYMMETRY	HP_LOWER_LIMB_ASYMMETRY		46	-0.24643521	-1.0201608	0.427896	0.73805696	1.0	4196	tags=33%, list=28%, signal=45%	
GOBP_PARASYMPATHETIC_NERVOUS_SYSTEM_DEVELOPMENT	GOBP_PARASYMPATHETIC_NERVOUS_SYSTEM_DEVELOPMENT		16	-0.34026122	-1.0200396	0.42372882	0.7381089	1.0	2143	tags=38%, list=14%, signal=44%	
HP_SKELETAL_DYSPLASIA	HP_SKELETAL_DYSPLASIA		171	-0.19576141	-1.0198128	0.37730062	0.73854613	1.0	4552	tags=36%, list=30%, signal=51%	
GOBP_REGULATION_OF_DENDRITE_MORPHOGENESIS	GOBP_REGULATION_OF_DENDRITE_MORPHOGENESIS		55	-0.23955296	-1.0193311	0.4072165	0.7398307	1.0	3063	tags=31%, list=20%, signal=39%	
GOBP_REGULATION_OF_ORGANIC_ACID_TRANSPORT	GOBP_REGULATION_OF_ORGANIC_ACID_TRANSPORT		57	-0.24183379	-1.0192578	0.39460784	0.7397164	1.0	4001	tags=37%, list=26%, signal=50%	
GOBP_LYSOSOMAL_LUMEN_ACIDIFICATION	GOBP_LYSOSOMAL_LUMEN_ACIDIFICATION		23	-0.30347085	-1.0187634	0.4064665	0.7410218	1.0	4425	tags=35%, list=29%, signal=49%	
GOBP_POSITIVE_REGULATION_OF_LIPID_CATABOLIC_PROCESS	GOBP_POSITIVE_REGULATION_OF_LIPID_CATABOLIC_PROCESS		19	-0.3097901	-1.0186805	0.4153499	0.74096346	1.0	2805	tags=37%, list=19%, signal=45%	
GOBP_CELLULAR_RESPONSE_TO_REACTIVE_OXYGEN_SPECIES	GOBP_CELLULAR_RESPONSE_TO_REACTIVE_OXYGEN_SPECIES		125	-0.2047141	-1.0183523	0.401084	0.74174273	1.0	3977	tags=32%, list=26%, signal=43%	
GOBP_NEGATIVE_REGULATION_OF_MITOTIC_CELL_CYCLE_PHASE_TRANSITION	GOBP_NEGATIVE_REGULATION_OF_MITOTIC_CELL_CYCLE_PHASE_TRANSITION		151	-0.20044483	-1.018288	0.41590214	0.7416084	1.0	2615	tags=18%, list=17%, signal=21%	
GOBP_ORGANIC_ACID_TRANSMEMBRANE_TRANSPORT	GOBP_ORGANIC_ACID_TRANSMEMBRANE_TRANSPORT		130	-0.20626272	-1.0177103	0.4	0.74319315	1.0	3219	tags=25%, list=21%, signal=32%	
HP_DOWNTURNED_CORNERS_OF_MOUTH	HP_DOWNTURNED_CORNERS_OF_MOUTH		155	-0.19788402	-1.0176035	0.41455695	0.7431941	1.0	5699	tags=48%, list=38%, signal=77%	
HP_ABNORMALITY_OF_THE_SUPRAORBITAL_RIDGES	HP_ABNORMALITY_OF_THE_SUPRAORBITAL_RIDGES		104	-0.21255064	-1.0174506	0.40285715	0.74333286	1.0	1572	tags=13%, list=10%, signal=15%	
GOBP_RENAL_TUBULE_DEVELOPMENT	GOBP_RENAL_TUBULE_DEVELOPMENT		94	-0.21649146	-1.0173305	0.39118457	0.74338424	1.0	3485	tags=34%, list=23%, signal=44%	
HP_ABNORMAL_BRAINSTEM_MORPHOLOGY	HP_ABNORMAL_BRAINSTEM_MORPHOLOGY		257	-0.18646432	-1.0170722	0.38871473	0.7439163	1.0	4266	tags=32%, list=28%, signal=44%	
HP_JOINT_HYPERMOBILITY	HP_JOINT_HYPERMOBILITY		489	-0.17432694	-1.0169834	0.37777779	0.74386483	1.0	4342	tags=32%, list=29%, signal=43%	
GOBP_MUSCLE_HYPERTROPHY	GOBP_MUSCLE_HYPERTROPHY		79	-0.22688708	-1.0169027	0.42364532	0.74380237	1.0	3326	tags=25%, list=22%, signal=32%	
GOCC_AXON_INITIAL_SEGMENT	GOCC_AXON_INITIAL_SEGMENT		19	-0.31536108	-1.0162396	0.43822843	0.7456128	1.0	2046	tags=26%, list=14%, signal=30%	
HP_ABNORMAL_AUDITORY_CANAL_MORPHOLOGY	HP_ABNORMAL_AUDITORY_CANAL_MORPHOLOGY		89	-0.2169751	-1.0161793	0.4051282	0.74547833	1.0	3393	tags=28%, list=22%, signal=36%	
HP_MEGALOCORNEA	HP_MEGALOCORNEA		49	-0.24675862	-1.0161084	0.4226044	0.74537784	1.0	3816	tags=37%, list=25%, signal=49%	
GOBP_RESPONSE_TO_LEAD_ION	GOBP_RESPONSE_TO_LEAD_ION		15	-0.33655104	-1.0161072	0.4176334	0.7450468	1.0	600	tags=13%, list=4%, signal=14%	
GOBP_MICROTUBULE_DEPOLYMERIZATION	GOBP_MICROTUBULE_DEPOLYMERIZATION		46	-0.24975361	-1.0160248	0.430622	0.74498296	1.0	1601	tags=15%, list=11%, signal=17%	
GOBP_INTRINSIC_APOPTOTIC_SIGNALING_PATHWAY	GOBP_INTRINSIC_APOPTOTIC_SIGNALING_PATHWAY		274	-0.18343003	-1.0159842	0.40967742	0.744781	1.0	3302	tags=24%, list=22%, signal=31%	
HP_POSTURAL_INSTABILITY	HP_POSTURAL_INSTABILITY		80	-0.22150038	-1.0158715	0.41145834	0.7448177	1.0	3215	tags=33%, list=21%, signal=41%	
HP_ABNORMAL_NASOLACRIMAL_SYSTEM_MORPHOLOGY	HP_ABNORMAL_NASOLACRIMAL_SYSTEM_MORPHOLOGY		74	-0.22506417	-1.015199	0.41581634	0.7466991	1.0	3285	tags=30%, list=22%, signal=38%	
GOBP_OLIGOSACCHARIDE_BIOSYNTHETIC_PROCESS	GOBP_OLIGOSACCHARIDE_BIOSYNTHETIC_PROCESS		20	-0.3078256	-1.0151485	0.44341803	0.746535	1.0	3924	tags=45%, list=26%, signal=61%	
GOMF_DNA_EXONUCLEASE_ACTIVITY	GOMF_DNA_EXONUCLEASE_ACTIVITY		24	-0.29479322	-1.0150391	0.4321267	0.7465624	1.0	170	tags=8%, list=1%, signal=8%	
GOBP_RESPONSE_TO_ACETYLCHOLINE	GOBP_RESPONSE_TO_ACETYLCHOLINE		43	-0.25175655	-1.0149993	0.40942928	0.7463571	1.0	2689	tags=33%, list=18%, signal=39%	
HP_ABNORMAL_CEREBELLAR_VERMIS_MORPHOLOGY	HP_ABNORMAL_CEREBELLAR_VERMIS_MORPHOLOGY		335	-0.17943487	-1.0149238	0.40977442	0.74628156	1.0	3417	tags=26%, list=23%, signal=33%	
HP_BROAD_FINGER	HP_BROAD_FINGER		123	-0.20735043	-1.014707	0.40960452	0.7466522	1.0	2506	tags=20%, list=17%, signal=23%	
GOBP_SODIUM_ION_TRANSPORT	GOBP_SODIUM_ION_TRANSPORT		200	-0.19081259	-1.0145093	0.3967213	0.74700505	1.0	2981	tags=25%, list=20%, signal=30%	
HP_SPASTIC_DYSARTHRIA	HP_SPASTIC_DYSARTHRIA		21	-0.30623698	-1.0145085	0.42004773	0.746676	1.0	2750	tags=33%, list=18%, signal=41%	
GOBP_SPECIFICATION_OF_ANIMAL_ORGAN_IDENTITY	GOBP_SPECIFICATION_OF_ANIMAL_ORGAN_IDENTITY		37	-0.26717052	-1.0144961	0.43218392	0.7463794	1.0	379	tags=14%, list=3%, signal=14%	
HP_INTELLECTUAL_DISABILITY_PROGRESSIVE	HP_INTELLECTUAL_DISABILITY_PROGRESSIVE		35	-0.26955822	-1.0144958	0.42619047	0.7460476	1.0	3609	tags=29%, list=24%, signal=37%	
HP_MOTOR_POLYNEUROPATHY	HP_MOTOR_POLYNEUROPATHY		35	-0.2630082	-1.0144898	0.42553192	0.74573505	1.0	3461	tags=26%, list=23%, signal=33%	
GOBP_CELLULAR_COMPONENT_MAINTENANCE	GOBP_CELLULAR_COMPONENT_MAINTENANCE		72	-0.22551513	-1.0142993	0.41778976	0.74602085	1.0	1613	tags=18%, list=11%, signal=20%	
GOBP_NEGATIVE_REGULATION_OF_PROTEIN_CONTAINING_COMPLEX_ASSEMBLY	GOBP_NEGATIVE_REGULATION_OF_PROTEIN_CONTAINING_COMPLEX_ASSEMBLY		127	-0.20757398	-1.014276	0.4174174	0.7457639	1.0	3103	tags=24%, list=21%, signal=30%	
HP_ACHILLES_TENDON_CONTRACTURE	HP_ACHILLES_TENDON_CONTRACTURE		49	-0.25076947	-1.0142553	0.44215938	0.74551404	1.0	4163	tags=39%, list=28%, signal=53%	
HP_CLUMSINESS	HP_CLUMSINESS		72	-0.22998373	-1.0138924	0.38935575	0.74632454	1.0	2358	tags=19%, list=16%, signal=23%	
GOBP_RAS_PROTEIN_SIGNAL_TRANSDUCTION	GOBP_RAS_PROTEIN_SIGNAL_TRANSDUCTION		105	-0.21089263	-1.0138366	0.39528796	0.7461854	1.0	3350	tags=28%, list=22%, signal=35%	
GOBP_REGULATION_OF_SUPRAMOLECULAR_FIBER_ORGANIZATION	GOBP_REGULATION_OF_SUPRAMOLECULAR_FIBER_ORGANIZATION		338	-0.17964411	-1.0137321	0.42528737	0.746196	1.0	2593	tags=20%, list=17%, signal=24%	
HP_PROMINENT_NASAL_TIP	HP_PROMINENT_NASAL_TIP		26	-0.29512602	-1.0136184	0.44666666	0.74624735	1.0	1084	tags=19%, list=7%, signal=21%	
HP_HYPERSOMNIA	HP_HYPERSOMNIA		17	-0.3253248	-1.0135207	0.42918456	0.7462445	1.0	2131	tags=29%, list=14%, signal=34%	
GOCC_AUTOPHAGOSOME_MEMBRANE	GOCC_AUTOPHAGOSOME_MEMBRANE		52	-0.24346876	-1.0131508	0.4317618	0.7471755	1.0	5317	tags=52%, list=35%, signal=80%	
HP_SPARSE_EYEBROW	HP_SPARSE_EYEBROW		133	-0.2017564	-1.0130285	0.40336135	0.74722993	1.0	3007	tags=26%, list=20%, signal=32%	
HP_NEOPLASM_OF_THE_EAR	HP_NEOPLASM_OF_THE_EAR		23	-0.2960614	-1.0129024	0.44666666	0.7473152	1.0	1182	tags=17%, list=8%, signal=19%	
HP_TEMPORAL_CORTICAL_ATROPHY	HP_TEMPORAL_CORTICAL_ATROPHY		21	-0.30476302	-1.0128343	0.42857143	0.7472283	1.0	2142	tags=29%, list=14%, signal=33%	
GOBP_TRNA_MODIFICATION	GOBP_TRNA_MODIFICATION		88	-0.22018519	-1.0125974	0.40106952	0.74769056	1.0	3970	tags=25%, list=26%, signal=34%	
GOMF_LIPID_TRANSFER_ACTIVITY	GOMF_LIPID_TRANSFER_ACTIVITY		53	-0.24220677	-1.0122565	0.4400978	0.74848104	1.0	4113	tags=42%, list=27%, signal=57%	
GOBP_REGULATION_OF_CELLULAR_COMPONENT_SIZE	GOBP_REGULATION_OF_CELLULAR_COMPONENT_SIZE		316	-0.1791277	-1.0121764	0.41489363	0.74840105	1.0	2193	tags=17%, list=15%, signal=20%	
GOBP_OUTFLOW_TRACT_MORPHOGENESIS	GOBP_OUTFLOW_TRACT_MORPHOGENESIS		74	-0.22892977	-1.0120409	0.39257294	0.7485139	1.0	1860	tags=19%, list=12%, signal=21%	
GOBP_EXCITATORY_SYNAPSE_ASSEMBLY	GOBP_EXCITATORY_SYNAPSE_ASSEMBLY		35	-0.2644216	-1.0118887	0.41866028	0.74869955	1.0	3017	tags=37%, list=20%, signal=46%	
GOMF_DELAYED_RECTIFIER_POTASSIUM_CHANNEL_ACTIVITY	GOMF_DELAYED_RECTIFIER_POTASSIUM_CHANNEL_ACTIVITY		20	-0.31104517	-1.0117338	0.44052863	0.7488655	1.0	237	tags=15%, list=2%, signal=15%	
GOBP_BONE_MATURATION	GOBP_BONE_MATURATION		24	-0.2974865	-1.0115666	0.4479638	0.7490882	1.0	4555	tags=50%, list=30%, signal=71%	
HP_CHOANAL_STENOSIS	HP_CHOANAL_STENOSIS		28	-0.28302887	-1.0112251	0.42334095	0.7498823	1.0	3285	tags=36%, list=22%, signal=46%	
HP_OROMOTOR_APRAXIA	HP_OROMOTOR_APRAXIA		25	-0.28536472	-1.0110075	0.46062052	0.75027275	1.0	3225	tags=36%, list=21%, signal=46%	
GOBP_POSITIVE_REGULATION_OF_NEURON_APOPTOTIC_PROCESS	GOBP_POSITIVE_REGULATION_OF_NEURON_APOPTOTIC_PROCESS		54	-0.24170877	-1.0108241	0.45478037	0.75054365	1.0	2752	tags=26%, list=18%, signal=32%	
HP_ENTROPION	HP_ENTROPION		17	-0.32898006	-1.0107834	0.45011085	0.7503414	1.0	713	tags=12%, list=5%, signal=12%	
HP_INVERTED_NIPPLES	HP_INVERTED_NIPPLES		45	-0.24913079	-1.0107381	0.42553192	0.75017047	1.0	5460	tags=44%, list=36%, signal=69%	
HP_ABNORMAL_MORPHOLOGY_OF_THE_VESTIBULE_OF_THE_INNER_EAR	HP_ABNORMAL_MORPHOLOGY_OF_THE_VESTIBULE_OF_THE_INNER_EAR		31	-0.27033404	-1.0103757	0.43953487	0.751033	1.0	2612	tags=26%, list=17%, signal=31%	
HP_NARROW_NASAL_BRIDGE	HP_NARROW_NASAL_BRIDGE		39	-0.25695816	-1.0101483	0.43349755	0.75142735	1.0	3829	tags=38%, list=25%, signal=51%	
GOMF_PROTEIN_TYROSINE_PHOSPHATASE_ACTIVITY	GOMF_PROTEIN_TYROSINE_PHOSPHATASE_ACTIVITY		84	-0.22143742	-1.0100013	0.3919598	0.75157994	1.0	3327	tags=31%, list=22%, signal=39%	
GOBP_REGULATION_OF_ERAD_PATHWAY	GOBP_REGULATION_OF_ERAD_PATHWAY		25	-0.2843526	-1.0098969	0.4328018	0.751583	1.0	3962	tags=36%, list=26%, signal=49%	
HP_URINARY_BLADDER_SPHINCTER_DYSFUNCTION	HP_URINARY_BLADDER_SPHINCTER_DYSFUNCTION		27	-0.28525254	-1.0098022	0.4262295	0.7515554	1.0	3159	tags=30%, list=21%, signal=37%	
GOBP_PROTEIN_LOCALIZATION_TO_LYSOSOME	GOBP_PROTEIN_LOCALIZATION_TO_LYSOSOME		47	-0.24998404	-1.0097166	0.43283582	0.7515248	1.0	1588	tags=17%, list=11%, signal=19%	
GOBP_POSITIVE_REGULATION_OF_NERVOUS_SYSTEM_PROCESS	GOBP_POSITIVE_REGULATION_OF_NERVOUS_SYSTEM_PROCESS		33	-0.27098775	-1.0096792	0.4396985	0.7513219	1.0	2777	tags=30%, list=18%, signal=37%	
HP_CHRONIC_DIARRHEA	HP_CHRONIC_DIARRHEA		91	-0.22038557	-1.0096552	0.4200542	0.7510629	1.0	3493	tags=30%, list=23%, signal=38%	
HP_FALLS	HP_FALLS		33	-0.26568803	-1.009568	0.43155453	0.75099385	1.0	3112	tags=33%, list=21%, signal=42%	
HP_BROAD_LONG_BONES	HP_BROAD_LONG_BONES		137	-0.2020053	-1.0093529	0.41025642	0.7513665	1.0	2506	tags=20%, list=17%, signal=23%	
HP_SPASTIC_PARAPLEGIA	HP_SPASTIC_PARAPLEGIA		100	-0.21385948	-1.0092136	0.42663044	0.7514745	1.0	4267	tags=33%, list=28%, signal=46%	
GOBP_POSITIVE_REGULATION_OF_PROGRAMMED_CELL_DEATH	GOBP_POSITIVE_REGULATION_OF_PROGRAMMED_CELL_DEATH		458	-0.17279786	-1.0091004	0.43404254	0.751517	1.0	2856	tags=22%, list=19%, signal=26%	
GOBP_RECEPTOR_RECYCLING	GOBP_RECEPTOR_RECYCLING		43	-0.25423235	-1.0090395	0.43765903	0.7513919	1.0	3123	tags=26%, list=21%, signal=32%	
HP_JOINT_SUBLUXATION	HP_JOINT_SUBLUXATION		27	-0.28451553	-1.008839	0.42857143	0.7517154	1.0	3794	tags=30%, list=25%, signal=39%	
GOBP_ANTIGEN_PROCESSING_AND_PRESENTATION_OF_EXOGENOUS_PEPTIDE_ANTIGEN_VIA_MHC_CLASS_II	GOBP_ANTIGEN_PROCESSING_AND_PRESENTATION_OF_EXOGENOUS_PEPTIDE_ANTIGEN_VIA_MHC_CLASS_II		26	-0.28611702	-1.0083821	0.4339152	0.75290453	1.0	3766	tags=46%, list=25%, signal=61%	
GOBP_SIGNAL_TRANSDUCTION_IN_RESPONSE_TO_DNA_DAMAGE	GOBP_SIGNAL_TRANSDUCTION_IN_RESPONSE_TO_DNA_DAMAGE		171	-0.19376056	-1.0083122	0.4358209	0.75281405	1.0	3769	tags=29%, list=25%, signal=38%	
GOBP_CELLULAR_RESPONSE_TO_OXYGEN_LEVELS	GOBP_CELLULAR_RESPONSE_TO_OXYGEN_LEVELS		144	-0.19843966	-1.0083035	0.44827586	0.7525136	1.0	3133	tags=24%, list=21%, signal=30%	
GOBP_VESICLE_BUDDING_FROM_MEMBRANE	GOBP_VESICLE_BUDDING_FROM_MEMBRANE		82	-0.22139803	-1.0082773	0.43230402	0.7522774	1.0	4079	tags=37%, list=27%, signal=50%	
GOCC_BLOC_COMPLEX	GOCC_BLOC_COMPLEX		20	-0.30081815	-1.0078377	0.42424244	0.7533939	1.0	5058	tags=60%, list=33%, signal=90%	
GOBP_MAINTENANCE_OF_PROTEIN_LOCATION_IN_NUCLEUS	GOBP_MAINTENANCE_OF_PROTEIN_LOCATION_IN_NUCLEUS		24	-0.29026657	-1.0077391	0.42791763	0.753373	1.0	2247	tags=21%, list=15%, signal=24%	
GOBP_POSITIVE_REGULATION_OF_DOUBLE_STRAND_BREAK_REPAIR_VIA_NONHOMOLOGOUS_END_JOINING	GOBP_POSITIVE_REGULATION_OF_DOUBLE_STRAND_BREAK_REPAIR_VIA_NONHOMOLOGOUS_END_JOINING		16	-0.3278602	-1.0076873	0.43378997	0.75320953	1.0	5168	tags=63%, list=34%, signal=95%	
GOMF_CALMODULIN_BINDING	GOMF_CALMODULIN_BINDING		169	-0.19526276	-1.0076735	0.42987806	0.75293094	1.0	2779	tags=22%, list=18%, signal=27%	
HP_ENLARGED_POSTERIOR_FOSSA	HP_ENLARGED_POSTERIOR_FOSSA		178	-0.19230488	-1.0074282	0.42356688	0.7533734	1.0	3294	tags=28%, list=22%, signal=35%	
GOMF_UDP_GLYCOSYLTRANSFERASE_ACTIVITY	GOMF_UDP_GLYCOSYLTRANSFERASE_ACTIVITY		109	-0.21079077	-1.0072091	0.43093923	0.7537585	1.0	2300	tags=18%, list=15%, signal=21%	
GOMF_HSP90_PROTEIN_BINDING	GOMF_HSP90_PROTEIN_BINDING		35	-0.2658209	-1.006976	0.43571427	0.7541923	1.0	3754	tags=29%, list=25%, signal=38%	
GOBP_CELL_SURFACE_RECEPTOR_PROTEIN_SERINE_THREONINE_KINASE_SIGNALING_PATHWAY	GOBP_CELL_SURFACE_RECEPTOR_PROTEIN_SERINE_THREONINE_KINASE_SIGNALING_PATHWAY		326	-0.17791308	-1.00677	0.4375	0.75455856	1.0	3833	tags=28%, list=25%, signal=36%	
HP_ABNORMALITY_OF_THE_ACHILLES_TENDON	HP_ABNORMALITY_OF_THE_ACHILLES_TENDON		56	-0.23109941	-1.0065618	0.43137255	0.7549186	1.0	2635	tags=25%, list=17%, signal=30%	
HP_ANAL_ATRESIA	HP_ANAL_ATRESIA		125	-0.2029001	-1.0065508	0.41712707	0.754629	1.0	3320	tags=26%, list=22%, signal=34%	
GOBP_ANIMAL_ORGAN_FORMATION	GOBP_ANIMAL_ORGAN_FORMATION		61	-0.23148625	-1.0063369	0.42385787	0.7550032	1.0	3394	tags=33%, list=22%, signal=42%	
GOBP_GLYCEROPHOSPHOLIPID_METABOLIC_PROCESS	GOBP_GLYCEROPHOSPHOLIPID_METABOLIC_PROCESS		257	-0.18503943	-1.0062416	0.42524916	0.7549909	1.0	2836	tags=23%, list=19%, signal=28%	
HP_APLASIA_HYPOPLASIA_OF_THE_EYEBROW	HP_APLASIA_HYPOPLASIA_OF_THE_EYEBROW		182	-0.19290821	-1.0056788	0.4239766	0.75648963	1.0	3571	tags=28%, list=24%, signal=36%	
HP_HORIZONTAL_EYEBROW	HP_HORIZONTAL_EYEBROW		33	-0.26694766	-1.0053971	0.45305166	0.7570795	1.0	3404	tags=36%, list=23%, signal=47%	
GOBP_OVULATION	GOBP_OVULATION		15	-0.33055827	-1.0050192	0.42824602	0.7579743	1.0	2704	tags=33%, list=18%, signal=41%	
HP_POSTERIORLY_ROTATED_EARS	HP_POSTERIORLY_ROTATED_EARS		432	-0.17421941	-1.004924	0.42578125	0.75795853	1.0	3832	tags=28%, list=25%, signal=36%	
GOCC_EXTRINSIC_COMPONENT_OF_SYNAPTIC_MEMBRANE	GOCC_EXTRINSIC_COMPONENT_OF_SYNAPTIC_MEMBRANE		17	-0.32253394	-1.0046244	0.44009218	0.7586199	1.0	4385	tags=41%, list=29%, signal=58%	
GOBP_SPINDLE_LOCALIZATION	GOBP_SPINDLE_LOCALIZATION		59	-0.23619294	-1.0045682	0.4402985	0.75846255	1.0	3401	tags=27%, list=23%, signal=35%	
GOBP_HEMATOPOIETIC_STEM_CELL_DIFFERENTIATION	GOBP_HEMATOPOIETIC_STEM_CELL_DIFFERENTIATION		31	-0.2735524	-1.0043573	0.43552312	0.75882125	1.0	2440	tags=26%, list=16%, signal=31%	
GOBP_EPITHELIAL_CELL_PROLIFERATION	GOBP_EPITHELIAL_CELL_PROLIFERATION		367	-0.17525207	-1.0042505	0.46570396	0.7588428	1.0	2687	tags=21%, list=18%, signal=25%	
GOBP_APOPTOTIC_PROCESS_INVOLVED_IN_MORPHOGENESIS	GOBP_APOPTOTIC_PROCESS_INVOLVED_IN_MORPHOGENESIS		25	-0.2876277	-1.0042208	0.4582339	0.758614	1.0	2452	tags=28%, list=16%, signal=33%	
GOBP_REGULATION_OF_DEVELOPMENTAL_GROWTH	GOBP_REGULATION_OF_DEVELOPMENTAL_GROWTH		255	-0.18407232	-1.0041714	0.44408944	0.7584509	1.0	2635	tags=20%, list=17%, signal=24%	
HP_HIP_DYSPLASIA	HP_HIP_DYSPLASIA		216	-0.18636315	-1.0038233	0.47557002	0.7591892	1.0	4177	tags=31%, list=28%, signal=42%	
HP_TRACHEOMALACIA	HP_TRACHEOMALACIA		47	-0.24361718	-1.003582	0.43571427	0.7596687	1.0	3404	tags=26%, list=23%, signal=33%	
GOBP_NEGATIVE_REGULATION_OF_PLASMA_MEMBRANE_BOUNDED_CELL_PROJECTION_ASSEMBLY	GOBP_NEGATIVE_REGULATION_OF_PLASMA_MEMBRANE_BOUNDED_CELL_PROJECTION_ASSEMBLY		34	-0.26233515	-1.0033596	0.44372293	0.7600745	1.0	3413	tags=29%, list=23%, signal=38%	
HP_TRANSVERSE_TERMINAL_LIMB_DEFECT	HP_TRANSVERSE_TERMINAL_LIMB_DEFECT		23	-0.28621793	-1.0032915	0.4539007	0.7599796	1.0	1111	tags=17%, list=7%, signal=19%	
HP_ABSENT_THUMBNAIL	HP_ABSENT_THUMBNAIL		17	-0.32293037	-1.0024991	0.45076588	0.7623077	1.0	2046	tags=24%, list=14%, signal=27%	
GOBP_PROTEIN_LOCALIZATION_TO_CELL_JUNCTION	GOBP_PROTEIN_LOCALIZATION_TO_CELL_JUNCTION		111	-0.2086111	-1.0024161	0.4607046	0.76225567	1.0	3491	tags=30%, list=23%, signal=38%	
GOMF_DNA_HELICASE_ACTIVITY	GOMF_DNA_HELICASE_ACTIVITY		54	-0.23906587	-1.0021678	0.41439205	0.7627447	1.0	847	tags=9%, list=6%, signal=10%	
HP_CELLULAR_IMMUNODEFICIENCY	HP_CELLULAR_IMMUNODEFICIENCY		29	-0.27624	-1.0018098	0.43835616	0.76361847	1.0	3365	tags=34%, list=22%, signal=44%	
HP_SMOOTH_PHILTRUM	HP_SMOOTH_PHILTRUM		174	-0.1901122	-1.001645	0.42767295	0.7638188	1.0	4744	tags=37%, list=31%, signal=53%	
HP_ABNORMAL_LARYNX_PHYSIOLOGY	HP_ABNORMAL_LARYNX_PHYSIOLOGY		39	-0.2573295	-1.001428	0.44080603	0.76419485	1.0	2561	tags=23%, list=17%, signal=28%	
GOCC_CELL_CORTEX_REGION	GOCC_CELL_CORTEX_REGION		24	-0.28989682	-1.00086	0.43956044	0.7657306	1.0	1132	tags=21%, list=7%, signal=22%	
GOMF_GLYCOSYLTRANSFERASE_ACTIVITY	GOMF_GLYCOSYLTRANSFERASE_ACTIVITY		217	-0.18586333	-1.0008384	0.45033112	0.7654637	1.0	2388	tags=19%, list=16%, signal=22%	
GOBP_RESPONSE_TO_PROSTAGLANDIN_E	GOBP_RESPONSE_TO_PROSTAGLANDIN_E		21	-0.3046784	-1.0008128	0.43287036	0.7652134	1.0	2510	tags=29%, list=17%, signal=34%	
GOMF_ORGANIC_ACID_TRANSMEMBRANE_TRANSPORTER_ACTIVITY	GOMF_ORGANIC_ACID_TRANSMEMBRANE_TRANSPORTER_ACTIVITY		156	-0.19444121	-1.0007886	0.42651296	0.76496696	1.0	2487	tags=20%, list=16%, signal=24%	
GOCC_POSTSYNAPTIC_CYTOSOL	GOCC_POSTSYNAPTIC_CYTOSOL		25	-0.28329498	-1.000647	0.47884187	0.7650909	1.0	4027	tags=36%, list=27%, signal=49%	
GOCC_LATE_ENDOSOME_MEMBRANE	GOCC_LATE_ENDOSOME_MEMBRANE		159	-0.19810447	-1.0002133	0.41812867	0.7662365	1.0	4524	tags=39%, list=30%, signal=55%	
HP_FRONTOTEMPORAL_DEMENTIA	HP_FRONTOTEMPORAL_DEMENTIA		44	-0.24807324	-1.0001905	0.46064815	0.7659857	1.0	3296	tags=25%, list=22%, signal=32%	
GOBP_NEGATIVE_REGULATION_OF_ENDOTHELIAL_CELL_PROLIFERATION	GOBP_NEGATIVE_REGULATION_OF_ENDOTHELIAL_CELL_PROLIFERATION		33	-0.2668983	-0.99964327	0.48095238	0.7674806	1.0	2613	tags=24%, list=17%, signal=29%	
GOBP_PANCREAS_DEVELOPMENT	GOBP_PANCREAS_DEVELOPMENT		69	-0.22510254	-0.9995144	0.44278607	0.76755935	1.0	2330	tags=23%, list=15%, signal=27%	
GOBP_MITOCHONDRION_ORGANIZATION	GOBP_MITOCHONDRION_ORGANIZATION		386	-0.17392349	-0.9991793	0.46441948	0.7683471	1.0	4511	tags=34%, list=30%, signal=47%	
GOBP_PROTEIN_EXPORT_FROM_NUCLEUS	GOBP_PROTEIN_EXPORT_FROM_NUCLEUS		62	-0.23263828	-0.9989919	0.4728261	0.76864165	1.0	3769	tags=34%, list=25%, signal=45%	
HP_FEMALE_REPRODUCTIVE_SYSTEM_NEOPLASM	HP_FEMALE_REPRODUCTIVE_SYSTEM_NEOPLASM		49	-0.24578415	-0.9989817	0.44581282	0.76835084	1.0	2586	tags=24%, list=17%, signal=29%	
GOBP_PROTEIN_POLYMERIZATION	GOBP_PROTEIN_POLYMERIZATION		250	-0.18318278	-0.99886423	0.4574468	0.76839596	1.0	3532	tags=27%, list=23%, signal=35%	
GOBP_MITOTIC_DNA_INTEGRITY_CHECKPOINT_SIGNALING	GOBP_MITOTIC_DNA_INTEGRITY_CHECKPOINT_SIGNALING		64	-0.2265767	-0.99871624	0.45588234	0.7685544	1.0	3538	tags=28%, list=23%, signal=37%	
HP_HYPOKINESIA	HP_HYPOKINESIA		43	-0.25072706	-0.9986316	0.46585366	0.7685061	1.0	4128	tags=40%, list=27%, signal=54%	
HP_MYELOID_LEUKEMIA	HP_MYELOID_LEUKEMIA		28	-0.2797689	-0.99822164	0.44702843	0.7695592	1.0	3068	tags=32%, list=20%, signal=40%	
HP_PARANOIA	HP_PARANOIA		21	-0.30372506	-0.99802047	0.45124716	0.769884	1.0	2391	tags=24%, list=16%, signal=28%	
GOBP_REGULATION_OF_MITOCHONDRIAL_MEMBRANE_PERMEABILITY	GOBP_REGULATION_OF_MITOCHONDRIAL_MEMBRANE_PERMEABILITY		48	-0.24246687	-0.9979035	0.45024875	0.7699699	1.0	4503	tags=48%, list=30%, signal=68%	
GOBP_P38MAPK_CASCADE	GOBP_P38MAPK_CASCADE		42	-0.25155663	-0.99777424	0.45102507	0.77004135	1.0	2934	tags=31%, list=19%, signal=38%	
GOBP_NEGATIVE_REGULATION_OF_CARDIAC_MUSCLE_TISSUE_GROWTH	GOBP_NEGATIVE_REGULATION_OF_CARDIAC_MUSCLE_TISSUE_GROWTH		19	-0.31007862	-0.99739677	0.4090909	0.77097917	1.0	182	tags=11%, list=1%, signal=11%	
HP_ABNORMAL_METABOLIC_BRAIN_IMAGING_BY_MRS	HP_ABNORMAL_METABOLIC_BRAIN_IMAGING_BY_MRS		63	-0.22616403	-0.9972539	0.46594006	0.77110016	1.0	4301	tags=35%, list=28%, signal=49%	
GOCC_NODE_OF_RANVIER	GOCC_NODE_OF_RANVIER		15	-0.33128268	-0.99717623	0.4812362	0.7710139	1.0	556	tags=13%, list=4%, signal=14%	
GOBP_POSITIVE_REGULATION_OF_TELOMERE_MAINTENANCE	GOBP_POSITIVE_REGULATION_OF_TELOMERE_MAINTENANCE		63	-0.22897013	-0.9970726	0.44761905	0.7710005	1.0	3590	tags=33%, list=24%, signal=44%	
HP_OBESITY	HP_OBESITY		293	-0.1806624	-0.9968716	0.4848485	0.77133757	1.0	2204	tags=19%, list=15%, signal=22%	
GOCC_CHROMOSOME_TELOMERIC_REGION	GOCC_CHROMOSOME_TELOMERIC_REGION		137	-0.20002921	-0.99660456	0.47580644	0.7718985	1.0	1440	tags=13%, list=10%, signal=14%	
HP_MENINGOCELE	HP_MENINGOCELE		42	-0.25075936	-0.99658614	0.43990386	0.77161825	1.0	3677	tags=33%, list=24%, signal=44%	
HP_DECREASED_ADIPOSE_TISSUE	HP_DECREASED_ADIPOSE_TISSUE		43	-0.2525129	-0.9964889	0.43719807	0.7716102	1.0	1836	tags=14%, list=12%, signal=16%	
HP_SPEECH_ARTICULATION_DIFFICULTIES	HP_SPEECH_ARTICULATION_DIFFICULTIES		32	-0.26602972	-0.99610394	0.4750594	0.772511	1.0	2534	tags=25%, list=17%, signal=30%	
GOBP_VENTRICULAR_CARDIAC_MUSCLE_TISSUE_MORPHOGENESIS	GOBP_VENTRICULAR_CARDIAC_MUSCLE_TISSUE_MORPHOGENESIS		29	-0.2707331	-0.9957392	0.4340045	0.77335733	1.0	2689	tags=28%, list=18%, signal=33%	
HP_RENAL_HYPOPLASIA_APLASIA	HP_RENAL_HYPOPLASIA_APLASIA		322	-0.17635989	-0.99557376	0.452	0.7735625	1.0	3816	tags=29%, list=25%, signal=38%	
HP_RECEPTIVE_LANGUAGE_DELAY	HP_RECEPTIVE_LANGUAGE_DELAY		15	-0.329511	-0.9954943	0.4494382	0.773482	1.0	5180	tags=60%, list=34%, signal=91%	
GOBP_POSITIVE_REGULATION_OF_CYTOSKELETON_ORGANIZATION	GOBP_POSITIVE_REGULATION_OF_CYTOSKELETON_ORGANIZATION		169	-0.19293317	-0.99542254	0.47575757	0.7733981	1.0	2593	tags=22%, list=17%, signal=26%	
GOBP_POSITIVE_REGULATION_OF_VACUOLE_ORGANIZATION	GOBP_POSITIVE_REGULATION_OF_VACUOLE_ORGANIZATION		22	-0.2966472	-0.995385	0.4553377	0.77318776	1.0	6310	tags=64%, list=42%, signal=109%	
HP_ANNULAR_PANCREAS	HP_ANNULAR_PANCREAS		23	-0.29694462	-0.99527025	0.44893113	0.7732493	1.0	3388	tags=35%, list=22%, signal=45%	
GOBP_INTESTINAL_EPITHELIAL_CELL_DIFFERENTIATION	GOBP_INTESTINAL_EPITHELIAL_CELL_DIFFERENTIATION		22	-0.2963235	-0.99522483	0.44155845	0.77307254	1.0	957	tags=18%, list=6%, signal=19%	
HP_SIMPLE_EAR	HP_SIMPLE_EAR		23	-0.29347372	-0.9948546	0.46119735	0.7739727	1.0	3170	tags=30%, list=21%, signal=38%	
GOBP_NEGATIVE_REGULATION_OF_MRNA_CATABOLIC_PROCESS	GOBP_NEGATIVE_REGULATION_OF_MRNA_CATABOLIC_PROCESS		65	-0.22873855	-0.9946045	0.45384616	0.77446777	1.0	4304	tags=40%, list=28%, signal=56%	
GOMF_AMINOACYLTRANSFERASE_ACTIVITY	GOMF_AMINOACYLTRANSFERASE_ACTIVITY		440	-0.16991174	-0.9944801	0.47908744	0.7745464	1.0	2596	tags=20%, list=17%, signal=23%	
GOBP_RESPONSE_TO_ISOQUINOLINE_ALKALOID	GOBP_RESPONSE_TO_ISOQUINOLINE_ALKALOID		15	-0.3322492	-0.99444085	0.46813187	0.77434015	1.0	2785	tags=40%, list=18%, signal=49%	
GOBP_MESENCHYME_DEVELOPMENT	GOBP_MESENCHYME_DEVELOPMENT		271	-0.18231718	-0.99409115	0.48453608	0.7751879	1.0	2623	tags=21%, list=17%, signal=25%	
GOBP_NEURON_PROJECTION_GUIDANCE	GOBP_NEURON_PROJECTION_GUIDANCE		219	-0.18580379	-0.99400735	0.49535602	0.77512616	1.0	3389	tags=27%, list=22%, signal=35%	
GOBP_CORONARY_VASCULATURE_DEVELOPMENT	GOBP_CORONARY_VASCULATURE_DEVELOPMENT		46	-0.2445993	-0.99373746	0.455	0.7756876	1.0	1692	tags=20%, list=11%, signal=22%	
HP_DISTAL_LOWER_LIMB_AMYOTROPHY	HP_DISTAL_LOWER_LIMB_AMYOTROPHY		53	-0.24033731	-0.99332505	0.4848485	0.7766896	1.0	1521	tags=15%, list=10%, signal=17%	
HP_SHALLOW_ORBITS	HP_SHALLOW_ORBITS		30	-0.27026102	-0.9931273	0.45049506	0.7769975	1.0	3393	tags=30%, list=22%, signal=39%	
GOBP_CELLULAR_RESPONSE_TO_LIPID	GOBP_CELLULAR_RESPONSE_TO_LIPID		494	-0.17046739	-0.9928593	0.46902654	0.77758044	1.0	2863	tags=23%, list=19%, signal=27%	
GOBP_PROSTANOID_BIOSYNTHETIC_PROCESS	GOBP_PROSTANOID_BIOSYNTHETIC_PROCESS		26	-0.28081578	-0.9925487	0.47058824	0.7782693	1.0	2860	tags=35%, list=19%, signal=43%	
GOBP_SIGNAL_RELEASE	GOBP_SIGNAL_RELEASE		431	-0.17110997	-0.99248177	0.5055762	0.77815324	1.0	2612	tags=20%, list=17%, signal=24%	
GOBP_REGULATORY_NCRNA_MEDIATED_GENE_SILENCING	GOBP_REGULATORY_NCRNA_MEDIATED_GENE_SILENCING		103	-0.20856078	-0.99242866	0.45628417	0.77800846	1.0	4335	tags=35%, list=29%, signal=49%	
HP_JOINT_CONTRACTURE_OF_THE_5TH_FINGER	HP_JOINT_CONTRACTURE_OF_THE_5TH_FINGER		16	-0.31767535	-0.9924034	0.49115044	0.77775323	1.0	1988	tags=19%, list=13%, signal=22%	
GOBP_REGULATION_OF_OLIGODENDROCYTE_DIFFERENTIATION	GOBP_REGULATION_OF_OLIGODENDROCYTE_DIFFERENTIATION		40	-0.2566558	-0.9923492	0.4791155	0.77758723	1.0	3261	tags=35%, list=22%, signal=45%	
HP_ABNORMALITY_OF_THE_PARATHYROID_GLAND	HP_ABNORMALITY_OF_THE_PARATHYROID_GLAND		69	-0.22414717	-0.9919446	0.47848102	0.7785843	1.0	2450	tags=25%, list=16%, signal=29%	
GOBP_INSULIN_LIKE_GROWTH_FACTOR_RECEPTOR_SIGNALING_PATHWAY	GOBP_INSULIN_LIKE_GROWTH_FACTOR_RECEPTOR_SIGNALING_PATHWAY		44	-0.24818367	-0.991745	0.45801526	0.77891344	1.0	41	tags=7%, list=0%, signal=7%	
GOBP_POSITIVE_REGULATION_OF_DNA_RECOMBINATION	GOBP_POSITIVE_REGULATION_OF_DNA_RECOMBINATION		59	-0.23166904	-0.99157465	0.49289098	0.7791539	1.0	3759	tags=34%, list=25%, signal=45%	
HP_ANKLE_CLONUS	HP_ANKLE_CLONUS		56	-0.22860152	-0.99063265	0.4661017	0.7818946	1.0	4847	tags=41%, list=32%, signal=60%	
HP_SPINAL_CORD_LESION	HP_SPINAL_CORD_LESION		43	-0.24440636	-0.9902285	0.47727272	0.7828534	1.0	4147	tags=37%, list=27%, signal=51%	
HP_APLASIA_HYPOPLASIA_OF_THE_EYELID	HP_APLASIA_HYPOPLASIA_OF_THE_EYELID		39	-0.25366586	-0.9895145	0.45873785	0.7848612	1.0	3285	tags=28%, list=22%, signal=36%	
GOBP_POSITIVE_REGULATION_OF_VIRAL_GENOME_REPLICATION	GOBP_POSITIVE_REGULATION_OF_VIRAL_GENOME_REPLICATION		24	-0.29079446	-0.9892456	0.45539907	0.7854196	1.0	4282	tags=33%, list=28%, signal=46%	
GOBP_CHROMOSOME_ORGANIZATION	GOBP_CHROMOSOME_ORGANIZATION		499	-0.16805418	-0.9888783	0.5	0.78628284	1.0	3758	tags=24%, list=25%, signal=31%	
HP_CAVERNOUS_HEMANGIOMA	HP_CAVERNOUS_HEMANGIOMA		24	-0.29446802	-0.9888124	0.47126436	0.7861565	1.0	3742	tags=25%, list=25%, signal=33%	
GOBP_GLYCEROLIPID_METABOLIC_PROCESS	GOBP_GLYCEROLIPID_METABOLIC_PROCESS		325	-0.17580616	-0.9887906	0.47440273	0.7858985	1.0	2836	tags=22%, list=19%, signal=27%	
HP_IMPAIRED_DISTAL_VIBRATION_SENSATION	HP_IMPAIRED_DISTAL_VIBRATION_SENSATION		52	-0.23637025	-0.9886506	0.44949496	0.78602695	1.0	2796	tags=23%, list=19%, signal=28%	
GOMF_GENERAL_TRANSCRIPTION_INITIATION_FACTOR_BINDING	GOMF_GENERAL_TRANSCRIPTION_INITIATION_FACTOR_BINDING		47	-0.24166302	-0.98850626	0.46684352	0.7861723	1.0	3556	tags=28%, list=24%, signal=36%	
GOBP_MICROAUTOPHAGY	GOBP_MICROAUTOPHAGY		20	-0.30452293	-0.98849416	0.45879734	0.7858816	1.0	5087	tags=60%, list=34%, signal=90%	
HP_CHORIORETINAL_COLOBOMA	HP_CHORIORETINAL_COLOBOMA		46	-0.24478057	-0.98844	0.47407407	0.7857242	1.0	1814	tags=22%, list=12%, signal=25%	
HP_ANEMIA_OF_INADEQUATE_PRODUCTION	HP_ANEMIA_OF_INADEQUATE_PRODUCTION		172	-0.19247974	-0.988257	0.47021943	0.7859875	1.0	2274	tags=19%, list=15%, signal=22%	
GOBP_POSITIVE_REGULATION_OF_NUCLEAR_DIVISION	GOBP_POSITIVE_REGULATION_OF_NUCLEAR_DIVISION		51	-0.23542346	-0.98825324	0.49289098	0.7856714	1.0	2307	tags=22%, list=15%, signal=25%	
GOBP_MYELOID_CELL_DEVELOPMENT	GOBP_MYELOID_CELL_DEVELOPMENT		67	-0.22671343	-0.98813194	0.4595238	0.78573316	1.0	4884	tags=43%, list=32%, signal=64%	
GOBP_NEGATIVE_REGULATION_OF_WNT_SIGNALING_PATHWAY	GOBP_NEGATIVE_REGULATION_OF_WNT_SIGNALING_PATHWAY		155	-0.19188143	-0.9879114	0.5058824	0.7861423	1.0	3287	tags=26%, list=22%, signal=33%	
GOBP_RESPONSE_TO_INTERLEUKIN_7	GOBP_RESPONSE_TO_INTERLEUKIN_7		20	-0.3029559	-0.9874979	0.4422222	0.7871702	1.0	923	tags=15%, list=6%, signal=16%	
HP_ABNORMAL_FEMORAL_NECK_MORPHOLOGY	HP_ABNORMAL_FEMORAL_NECK_MORPHOLOGY		142	-0.19549984	-0.98717695	0.46041057	0.78787166	1.0	4552	tags=35%, list=30%, signal=49%	
GOBP_NEGATIVE_REGULATION_OF_CELL_ADHESION	GOBP_NEGATIVE_REGULATION_OF_CELL_ADHESION		234	-0.18231256	-0.9870782	0.48453608	0.7878699	1.0	3068	tags=27%, list=20%, signal=34%	
GOBP_POSITIVE_REGULATION_OF_OSSIFICATION	GOBP_POSITIVE_REGULATION_OF_OSSIFICATION		49	-0.23854704	-0.98701656	0.459799	0.7877371	1.0	3434	tags=27%, list=23%, signal=34%	
HP_ABNORMAL_ORAL_PHYSIOLOGY	HP_ABNORMAL_ORAL_PHYSIOLOGY		303	-0.17827412	-0.98676676	0.53207546	0.7881824	1.0	3110	tags=23%, list=21%, signal=29%	
HP_ENCEPHALOCELE	HP_ENCEPHALOCELE		113	-0.20717275	-0.9859874	0.4768786	0.79040146	1.0	3403	tags=27%, list=23%, signal=35%	
HP_BICONCAVE_VERTEBRAL_BODIES	HP_BICONCAVE_VERTEBRAL_BODIES		24	-0.28638986	-0.98590386	0.46604216	0.79035354	1.0	2622	tags=21%, list=17%, signal=25%	
GOCC_CATION_CHANNEL_COMPLEX	GOCC_CATION_CHANNEL_COMPLEX		189	-0.18626736	-0.98583746	0.4884393	0.7902451	1.0	2746	tags=20%, list=18%, signal=24%	
GOBP_DIENCEPHALON_DEVELOPMENT	GOBP_DIENCEPHALON_DEVELOPMENT		73	-0.22120123	-0.9853179	0.4950249	0.7916088	1.0	2925	tags=27%, list=19%, signal=34%	
HP_ABNORMAL_MORPHOLOGY_OF_THE_ABDOMINAL_MUSCULATURE	HP_ABNORMAL_MORPHOLOGY_OF_THE_ABDOMINAL_MUSCULATURE		52	-0.23263226	-0.984512	0.47142857	0.7939072	1.0	4205	tags=33%, list=28%, signal=45%	
GOBP_NEGATIVE_REGULATION_OF_CILIUM_ASSEMBLY	GOBP_NEGATIVE_REGULATION_OF_CILIUM_ASSEMBLY		19	-0.30803928	-0.9845035	0.47845805	0.7936031	1.0	1024	tags=16%, list=7%, signal=17%	
GOCC_HISTONE_DEACETYLASE_COMPLEX	GOCC_HISTONE_DEACETYLASE_COMPLEX		76	-0.21465635	-0.98447406	0.49868074	0.7933849	1.0	4155	tags=33%, list=27%, signal=45%	
GOBP_MRNA_EXPORT_FROM_NUCLEUS	GOBP_MRNA_EXPORT_FROM_NUCLEUS		63	-0.2285138	-0.9841363	0.47680414	0.79415476	1.0	4956	tags=38%, list=33%, signal=56%	
GOCC_CLATHRIN_COATED_VESICLE	GOCC_CLATHRIN_COATED_VESICLE		195	-0.18805675	-0.9841347	0.48447204	0.7938336	1.0	4534	tags=35%, list=30%, signal=50%	
HP_POOR_SUCK	HP_POOR_SUCK		147	-0.19244522	-0.9841244	0.49557522	0.79353905	1.0	3264	tags=28%, list=22%, signal=35%	
HP_ABNORMAL_CHOROID_MORPHOLOGY	HP_ABNORMAL_CHOROID_MORPHOLOGY		173	-0.18943843	-0.9840904	0.5100865	0.79331166	1.0	3853	tags=33%, list=25%, signal=44%	
GOBP_NEUROEPITHELIAL_CELL_DIFFERENTIATION	GOBP_NEUROEPITHELIAL_CELL_DIFFERENTIATION		42	-0.24546972	-0.9838301	0.46064815	0.7938167	1.0	3225	tags=29%, list=21%, signal=36%	
GOBP_CORONARY_VASCULATURE_MORPHOGENESIS	GOBP_CORONARY_VASCULATURE_MORPHOGENESIS		15	-0.33081064	-0.9835891	0.48072562	0.79426336	1.0	1665	tags=27%, list=11%, signal=30%	
GOMF_O_METHYLTRANSFERASE_ACTIVITY	GOMF_O_METHYLTRANSFERASE_ACTIVITY		21	-0.3044924	-0.98356164	0.47198275	0.7940165	1.0	4857	tags=43%, list=32%, signal=63%	
HP_LOCALIZED_HIRSUTISM	HP_LOCALIZED_HIRSUTISM		19	-0.30451325	-0.9833401	0.48072562	0.7943923	1.0	797	tags=16%, list=5%, signal=17%	
HP_ABNORMAL_4TH_FINGER_MORPHOLOGY	HP_ABNORMAL_4TH_FINGER_MORPHOLOGY		21	-0.30429974	-0.9832563	0.46357617	0.7943406	1.0	1988	tags=19%, list=13%, signal=22%	
GOMF_ADENYL_NUCLEOTIDE_EXCHANGE_FACTOR_ACTIVITY	GOMF_ADENYL_NUCLEOTIDE_EXCHANGE_FACTOR_ACTIVITY		15	-0.31480598	-0.98325354	0.4916318	0.7940286	1.0	777	tags=13%, list=5%, signal=14%	
GOCC_GOLGI_LUMEN	GOCC_GOLGI_LUMEN		76	-0.21750715	-0.9832443	0.47692308	0.79372585	1.0	3327	tags=34%, list=22%, signal=44%	
HP_ABNORMAL_CARDIAC_VENTRICULAR_FUNCTION	HP_ABNORMAL_CARDIAC_VENTRICULAR_FUNCTION		128	-0.19861364	-0.9830883	0.5083799	0.7939359	1.0	4324	tags=38%, list=29%, signal=52%	
GOBP_ACTIN_FILAMENT_DEPOLYMERIZATION	GOBP_ACTIN_FILAMENT_DEPOLYMERIZATION		53	-0.23674367	-0.98294014	0.47761193	0.7941057	1.0	2311	tags=23%, list=15%, signal=27%	
GOBP_SKELETAL_MUSCLE_ORGAN_DEVELOPMENT	GOBP_SKELETAL_MUSCLE_ORGAN_DEVELOPMENT		165	-0.18917617	-0.98283404	0.51428574	0.79413664	1.0	2799	tags=23%, list=19%, signal=28%	
GOCC_IRON_SULFUR_CLUSTER_ASSEMBLY_COMPLEX	GOCC_IRON_SULFUR_CLUSTER_ASSEMBLY_COMPLEX		16	-0.3161787	-0.98279953	0.46335697	0.7939288	1.0	5012	tags=56%, list=33%, signal=84%	
HP_CALF_MUSCLE_PSEUDOHYPERTROPHY	HP_CALF_MUSCLE_PSEUDOHYPERTROPHY		16	-0.31807324	-0.9826057	0.47772276	0.7942417	1.0	3253	tags=38%, list=22%, signal=48%	
HP_AORTIC_VALVE_STENOSIS	HP_AORTIC_VALVE_STENOSIS		59	-0.23092754	-0.9824429	0.46770027	0.7944349	1.0	2907	tags=27%, list=19%, signal=33%	
HP_MICROVESICULAR_HEPATIC_STEATOSIS	HP_MICROVESICULAR_HEPATIC_STEATOSIS		21	-0.29658434	-0.9823644	0.4868735	0.79436016	1.0	3011	tags=29%, list=20%, signal=36%	
HP_PROXIMAL_AMYOTROPHY	HP_PROXIMAL_AMYOTROPHY		47	-0.24426661	-0.98211133	0.4691358	0.7948701	1.0	3253	tags=28%, list=22%, signal=35%	
HP_GONADAL_NEOPLASM	HP_GONADAL_NEOPLASM		71	-0.22323456	-0.9818163	0.46542552	0.795499	1.0	3213	tags=31%, list=21%, signal=39%	
HP_THICK_HAIR	HP_THICK_HAIR		17	-0.3172188	-0.9817497	0.4766949	0.7954135	1.0	4256	tags=53%, list=28%, signal=74%	
GOMF_CYCLIN_DEPENDENT_PROTEIN_KINASE_ACTIVITY	GOMF_CYCLIN_DEPENDENT_PROTEIN_KINASE_ACTIVITY		68	-0.21831737	-0.9811686	0.4918919	0.79694676	1.0	3843	tags=32%, list=25%, signal=43%	
HP_FLUSHING	HP_FLUSHING		32	-0.26619625	-0.9811474	0.46244133	0.79669166	1.0	4340	tags=41%, list=29%, signal=57%	
HP_NARROW_FACE	HP_NARROW_FACE		97	-0.20367154	-0.9809639	0.5248042	0.79694015	1.0	1316	tags=14%, list=9%, signal=16%	
GOBP_AORTA_MORPHOGENESIS	GOBP_AORTA_MORPHOGENESIS		28	-0.2661049	-0.9808895	0.5146727	0.79685366	1.0	1770	tags=25%, list=12%, signal=28%	
GOBP_REGENERATION	GOBP_REGENERATION		151	-0.19219106	-0.9806778	0.52209944	0.79723024	1.0	2842	tags=25%, list=19%, signal=30%	
GOBP_TUBE_FORMATION	GOBP_TUBE_FORMATION		129	-0.19701332	-0.9806656	0.51304346	0.796937	1.0	3235	tags=26%, list=21%, signal=33%	
HP_ABNORMAL_SACCADIC_EYE_MOVEMENTS	HP_ABNORMAL_SACCADIC_EYE_MOVEMENTS		84	-0.2167288	-0.98059267	0.52970296	0.79686487	1.0	2359	tags=20%, list=16%, signal=24%	
GOMF_PROTEIN_KINASE_A_REGULATORY_SUBUNIT_BINDING	GOMF_PROTEIN_KINASE_A_REGULATORY_SUBUNIT_BINDING		20	-0.29452556	-0.9803702	0.46136364	0.7972642	1.0	3453	tags=35%, list=23%, signal=45%	
GOBP_POSITIVE_REGULATION_OF_TRANSMEMBRANE_TRANSPORT	GOBP_POSITIVE_REGULATION_OF_TRANSMEMBRANE_TRANSPORT		153	-0.18989563	-0.9802015	0.50287354	0.7975036	1.0	2468	tags=19%, list=16%, signal=22%	
HP_SIMPLE_FEBRILE_SEIZURE	HP_SIMPLE_FEBRILE_SEIZURE		24	-0.28185025	-0.9801772	0.48803827	0.7972477	1.0	3264	tags=33%, list=22%, signal=42%	
GOBP_CELLULAR_RESPONSE_TO_KETONE	GOBP_CELLULAR_RESPONSE_TO_KETONE		95	-0.20783858	-0.97996026	0.48548812	0.797621	1.0	2816	tags=25%, list=19%, signal=31%	
HP_BUPHTHALMOS	HP_BUPHTHALMOS		25	-0.2831154	-0.9798786	0.46666667	0.7975775	1.0	3576	tags=40%, list=24%, signal=52%	
HP_NEOPLASM_OF_THE_GASTROINTESTINAL_TRACT	HP_NEOPLASM_OF_THE_GASTROINTESTINAL_TRACT		235	-0.17965347	-0.979795	0.53745925	0.79749954	1.0	3223	tags=26%, list=21%, signal=32%	
GOCC_NURD_COMPLEX	GOCC_NURD_COMPLEX		15	-0.32414883	-0.97958136	0.49250534	0.79790646	1.0	4377	tags=53%, list=29%, signal=75%	
GOBP_REGULATION_OF_NUCLEOBASE_CONTAINING_COMPOUND_TRANSPORT	GOBP_REGULATION_OF_NUCLEOBASE_CONTAINING_COMPOUND_TRANSPORT		16	-0.3194507	-0.97955346	0.5	0.79767585	1.0	4235	tags=38%, list=28%, signal=52%	
GOBP_ANIMAL_ORGAN_MATURATION	GOBP_ANIMAL_ORGAN_MATURATION		27	-0.27299255	-0.97928786	0.46778044	0.79821473	1.0	3794	tags=41%, list=25%, signal=54%	
GOBP_RESPONSE_TO_MINERALOCORTICOID	GOBP_RESPONSE_TO_MINERALOCORTICOID		31	-0.26505655	-0.97924215	0.48448688	0.798031	1.0	3754	tags=35%, list=25%, signal=47%	
GOMF_FERROUS_IRON_BINDING	GOMF_FERROUS_IRON_BINDING		20	-0.3031922	-0.9791965	0.48060346	0.79784995	1.0	2147	tags=25%, list=14%, signal=29%	
GOBP_REGULATION_OF_DNA_METABOLIC_PROCESS	GOBP_REGULATION_OF_DNA_METABOLIC_PROCESS		428	-0.16903271	-0.97901124	0.54761904	0.7981628	1.0	3795	tags=27%, list=25%, signal=35%	
GOBP_POSITIVE_REGULATION_OF_AMYLOID_PRECURSOR_PROTEIN_CATABOLIC_PROCESS	GOBP_POSITIVE_REGULATION_OF_AMYLOID_PRECURSOR_PROTEIN_CATABOLIC_PROCESS		23	-0.28781605	-0.97893834	0.45969498	0.79807144	1.0	222	tags=13%, list=1%, signal=13%	
GOBP_MITOCHONDRION_DISTRIBUTION	GOBP_MITOCHONDRION_DISTRIBUTION		20	-0.30361098	-0.9786709	0.47732696	0.79864794	1.0	2360	tags=25%, list=16%, signal=30%	
HP_ABNORMAL_NASAL_TIP_MORPHOLOGY	HP_ABNORMAL_NASAL_TIP_MORPHOLOGY		336	-0.1731512	-0.9786124	0.50889677	0.79851276	1.0	4714	tags=35%, list=31%, signal=49%	
GOBP_REGULATION_OF_TELOMERE_MAINTENANCE_VIA_TELOMERE_LENGTHENING	GOBP_REGULATION_OF_TELOMERE_MAINTENANCE_VIA_TELOMERE_LENGTHENING		45	-0.24606758	-0.9785996	0.4859335	0.79822797	1.0	4459	tags=40%, list=30%, signal=57%	
GOBP_REGULATION_OF_EPITHELIAL_CELL_APOPTOTIC_PROCESS	GOBP_REGULATION_OF_EPITHELIAL_CELL_APOPTOTIC_PROCESS		39	-0.24966374	-0.9784618	0.5045872	0.7983417	1.0	2573	tags=23%, list=17%, signal=28%	
HP_BROAD_PHILTRUM	HP_BROAD_PHILTRUM		40	-0.24953248	-0.9783292	0.47867298	0.79842985	1.0	3736	tags=40%, list=25%, signal=53%	
GOBP_PROSTAGLANDIN_TRANSPORT	GOBP_PROSTAGLANDIN_TRANSPORT		21	-0.30038187	-0.97824985	0.47737557	0.79834425	1.0	3345	tags=33%, list=22%, signal=43%	
HP_SINGLE_TRANSVERSE_PALMAR_CREASE	HP_SINGLE_TRANSVERSE_PALMAR_CREASE		199	-0.18192951	-0.9781409	0.5492537	0.7983864	1.0	3558	tags=29%, list=24%, signal=38%	
HP_APLASIA_HYPOPLASIA_OF_THE_CEREBELLAR_VERMIS	HP_APLASIA_HYPOPLASIA_OF_THE_CEREBELLAR_VERMIS		285	-0.17651565	-0.9777171	0.5681063	0.7994569	1.0	3403	tags=26%, list=23%, signal=33%	
HP_NEOPLASM_OF_THE_SKIN	HP_NEOPLASM_OF_THE_SKIN		166	-0.1882249	-0.9776632	0.5208333	0.79930377	1.0	3227	tags=25%, list=21%, signal=31%	
HP_ABNORMAL_SIZE_OF_PITUITARY_GLAND	HP_ABNORMAL_SIZE_OF_PITUITARY_GLAND		26	-0.28051588	-0.9773306	0.49519232	0.80006796	1.0	1692	tags=19%, list=11%, signal=22%	
HP_X_LINKED_INHERITANCE	HP_X_LINKED_INHERITANCE		228	-0.18025602	-0.977289	0.52380955	0.7998683	1.0	3230	tags=27%, list=21%, signal=34%	
GOCC_MEMBRANE_MICRODOMAIN	GOCC_MEMBRANE_MICRODOMAIN		246	-0.18280566	-0.97664046	0.5151515	0.80164605	1.0	3382	tags=25%, list=22%, signal=31%	
GOMF_G_PROTEIN_BETA_SUBUNIT_BINDING	GOMF_G_PROTEIN_BETA_SUBUNIT_BINDING		20	-0.2906838	-0.9765988	0.48642534	0.80145586	1.0	1773	tags=20%, list=12%, signal=23%	
GOBP_REGULATION_OF_MITOCHONDRION_ORGANIZATION	GOBP_REGULATION_OF_MITOCHONDRION_ORGANIZATION		106	-0.20838627	-0.97649604	0.53387535	0.8014427	1.0	3790	tags=31%, list=25%, signal=41%	
HP_SUICIDAL_IDEATION	HP_SUICIDAL_IDEATION		18	-0.30023208	-0.9761894	0.46875	0.80212635	1.0	2900	tags=39%, list=19%, signal=48%	
HP_SPINAL_MUSCULAR_ATROPHY	HP_SPINAL_MUSCULAR_ATROPHY		22	-0.29434416	-0.97592586	0.4987593	0.80266446	1.0	1983	tags=23%, list=13%, signal=26%	
GOBP_REGULATION_OF_PROTEIN_EXPORT_FROM_NUCLEUS	GOBP_REGULATION_OF_PROTEIN_EXPORT_FROM_NUCLEUS		37	-0.2507798	-0.97589344	0.4635294	0.8024352	1.0	3769	tags=32%, list=25%, signal=43%	
GOBP_VACUOLAR_LOCALIZATION	GOBP_VACUOLAR_LOCALIZATION		74	-0.21510041	-0.97587097	0.51937985	0.8021911	1.0	4497	tags=36%, list=30%, signal=52%	
GOCC_COLLAGEN_TRIMER	GOCC_COLLAGEN_TRIMER		64	-0.22166188	-0.9758368	0.4605598	0.80197114	1.0	2286	tags=22%, list=15%, signal=26%	
GOBP_CELL_CYCLE_G1_S_PHASE_TRANSITION	GOBP_CELL_CYCLE_G1_S_PHASE_TRANSITION		206	-0.18353128	-0.9756537	0.5329341	0.80222684	1.0	3796	tags=27%, list=25%, signal=36%	
HP_ULNAR_DEVIATION_OF_THE_HAND	HP_ULNAR_DEVIATION_OF_THE_HAND		32	-0.2598844	-0.9756369	0.5012225	0.8019541	1.0	546	tags=13%, list=4%, signal=13%	
HP_PAPILLEDEMA	HP_PAPILLEDEMA		22	-0.29081714	-0.97545195	0.5033113	0.80222094	1.0	1692	tags=23%, list=11%, signal=26%	
HP_OROMANDIBULAR_DYSTONIA	HP_OROMANDIBULAR_DYSTONIA		18	-0.3126655	-0.9751862	0.49086758	0.80277455	1.0	2685	tags=28%, list=18%, signal=34%	
HP_BONE_FRACTURE	HP_BONE_FRACTURE		19	-0.3005661	-0.9750479	0.47272727	0.8028982	1.0	4147	tags=37%, list=27%, signal=51%	
GOBP_SENSORY_PERCEPTION_OF_TEMPERATURE_STIMULUS	GOBP_SENSORY_PERCEPTION_OF_TEMPERATURE_STIMULUS		22	-0.29231262	-0.9749711	0.4952153	0.8028204	1.0	2472	tags=27%, list=16%, signal=33%	
GOBP_REGULATION_OF_GROWTH	GOBP_REGULATION_OF_GROWTH		500	-0.16700296	-0.9749642	0.57894737	0.802524	1.0	2635	tags=20%, list=17%, signal=23%	
HP_HYPERLORDOSIS	HP_HYPERLORDOSIS		200	-0.18166997	-0.97468805	0.5129032	0.8031075	1.0	2665	tags=22%, list=18%, signal=26%	
GOBP_CHROMOSOME_SEGREGATION	GOBP_CHROMOSOME_SEGREGATION		386	-0.16939548	-0.97467226	0.56666666	0.8028249	1.0	3758	tags=25%, list=25%, signal=32%	
GOBP_NEURON_PROJECTION_ORGANIZATION	GOBP_NEURON_PROJECTION_ORGANIZATION		83	-0.21010064	-0.9744245	0.5081522	0.8032883	1.0	2803	tags=24%, list=19%, signal=29%	
GOBP_THYROID_GLAND_DEVELOPMENT	GOBP_THYROID_GLAND_DEVELOPMENT		29	-0.2691815	-0.97437644	0.48741418	0.80312777	1.0	3068	tags=31%, list=20%, signal=39%	
GOBP_REGULATION_OF_ENDOTHELIAL_CELL_MIGRATION	GOBP_REGULATION_OF_ENDOTHELIAL_CELL_MIGRATION		148	-0.190719	-0.9741177	0.5406163	0.80362654	1.0	1527	tags=15%, list=10%, signal=16%	
HP_BROAD_PHALANGES_OF_THE_HAND	HP_BROAD_PHALANGES_OF_THE_HAND		102	-0.20612808	-0.97352326	0.5311653	0.8052243	1.0	2506	tags=20%, list=17%, signal=23%	
GOMF_NUCLEASE_ACTIVITY	GOMF_NUCLEASE_ACTIVITY		199	-0.18488015	-0.9735066	0.516129	0.80495214	1.0	3340	tags=23%, list=22%, signal=29%	
HP_STROKE_LIKE_EPISODE	HP_STROKE_LIKE_EPISODE		21	-0.29209757	-0.97345227	0.47710842	0.8048138	1.0	1332	tags=14%, list=9%, signal=16%	
GOCC_POTASSIUM_CHANNEL_COMPLEX	GOCC_POTASSIUM_CHANNEL_COMPLEX		83	-0.21104376	-0.9733131	0.4921466	0.8049215	1.0	2652	tags=22%, list=18%, signal=26%	
GOMF_LIGASE_ACTIVITY_FORMING_CARBON_OXYGEN_BONDS	GOMF_LIGASE_ACTIVITY_FORMING_CARBON_OXYGEN_BONDS		40	-0.24808392	-0.97331166	0.5	0.8046047	1.0	3526	tags=30%, list=23%, signal=39%	
HP_ABNORMAL_CRY	HP_ABNORMAL_CRY		54	-0.22969423	-0.97326803	0.50980395	0.80442744	1.0	4478	tags=43%, list=30%, signal=60%	
HP_MALAR_FLATTENING	HP_MALAR_FLATTENING		188	-0.18743093	-0.9730009	0.48598132	0.80496484	1.0	3832	tags=29%, list=25%, signal=38%	
HP_UPPER_LIMB_MUSCLE_WEAKNESS	HP_UPPER_LIMB_MUSCLE_WEAKNESS		130	-0.19750634	-0.97274494	0.52910054	0.8054782	1.0	2888	tags=21%, list=19%, signal=25%	
HP_PECTUS_EXCAVATUM	HP_PECTUS_EXCAVATUM		288	-0.1751351	-0.9718274	0.5544218	0.80811983	1.0	3977	tags=30%, list=26%, signal=40%	
GOBP_POSITIVE_REGULATION_OF_ERBB_SIGNALING_PATHWAY	GOBP_POSITIVE_REGULATION_OF_ERBB_SIGNALING_PATHWAY		27	-0.2682192	-0.9717628	0.47165534	0.8080168	1.0	1787	tags=19%, list=12%, signal=21%	
HP_ABNORMAL_NASAL_SEPTUM_MORPHOLOGY	HP_ABNORMAL_NASAL_SEPTUM_MORPHOLOGY		20	-0.2993083	-0.97173166	0.48547718	0.807794	1.0	2880	tags=35%, list=19%, signal=43%	
HP_MEDIAN_CLEFT_UPPER_LIP	HP_MEDIAN_CLEFT_UPPER_LIP		37	-0.25192824	-0.97163737	0.48946136	0.8077663	1.0	3263	tags=35%, list=22%, signal=45%	
GOBP_SKELETAL_MUSCLE_ADAPTATION	GOBP_SKELETAL_MUSCLE_ADAPTATION		15	-0.31723243	-0.9712326	0.47619048	0.8087478	1.0	2102	tags=27%, list=14%, signal=31%	
GOBP_REGULATION_OF_BINDING	GOBP_REGULATION_OF_BINDING		131	-0.1962785	-0.97118354	0.5207756	0.8085938	1.0	3095	tags=24%, list=20%, signal=30%	
GOBP_PHOSPHATIDYLCHOLINE_BIOSYNTHETIC_PROCESS	GOBP_PHOSPHATIDYLCHOLINE_BIOSYNTHETIC_PROCESS		25	-0.28080937	-0.9710405	0.48349056	0.80875415	1.0	2427	tags=32%, list=16%, signal=38%	
HP_EPIPHYSEAL_DYSPLASIA	HP_EPIPHYSEAL_DYSPLASIA		28	-0.27356145	-0.9705615	0.4837963	0.81000423	1.0	1418	tags=18%, list=9%, signal=20%	
GOMF_PHOSPHOLIPID_BINDING	GOMF_PHOSPHOLIPID_BINDING		424	-0.16839616	-0.97010064	0.5970696	0.8111527	1.0	2216	tags=17%, list=15%, signal=19%	
GOCC_NUCLEOSOME	GOCC_NUCLEOSOME		81	-0.21393642	-0.9699478	0.51666665	0.811325	1.0	3846	tags=31%, list=25%, signal=41%	
GOMF_VOLTAGE_GATED_MONOATOMIC_CATION_CHANNEL_ACTIVITY	GOMF_VOLTAGE_GATED_MONOATOMIC_CATION_CHANNEL_ACTIVITY		116	-0.19866331	-0.9699273	0.5360231	0.8110792	1.0	2746	tags=22%, list=18%, signal=27%	
GOMF_KINASE_ACTIVATOR_ACTIVITY	GOMF_KINASE_ACTIVATOR_ACTIVITY		132	-0.19483455	-0.9697296	0.5185185	0.81139994	1.0	3407	tags=27%, list=23%, signal=34%	
HP_ABNORMAL_PARIETAL_BONE_MORPHOLOGY	HP_ABNORMAL_PARIETAL_BONE_MORPHOLOGY		24	-0.28088355	-0.96959627	0.5116279	0.8115258	1.0	2922	tags=29%, list=19%, signal=36%	
GOCC_FILOPODIUM_TIP	GOCC_FILOPODIUM_TIP		18	-0.30462044	-0.96923316	0.44083527	0.81234926	1.0	1698	tags=22%, list=11%, signal=25%	
GOBP_PYRIMIDINE_RIBONUCLEOSIDE_TRIPHOSPHATE_METABOLIC_PROCESS	GOBP_PYRIMIDINE_RIBONUCLEOSIDE_TRIPHOSPHATE_METABOLIC_PROCESS		17	-0.31098828	-0.968477	0.48156682	0.81446993	1.0	3157	tags=35%, list=21%, signal=45%	
GOMF_PHOSPHATIDYLINOSITOL_3_4_BISPHOSPHATE_BINDING	GOMF_PHOSPHATIDYLINOSITOL_3_4_BISPHOSPHATE_BINDING		24	-0.27806836	-0.9684285	0.51826483	0.81430227	1.0	2778	tags=38%, list=18%, signal=46%	
GOBP_REGULATION_OF_CELLULAR_RESPONSE_TO_VASCULAR_ENDOTHELIAL_GROWTH_FACTOR_STIMULUS	GOBP_REGULATION_OF_CELLULAR_RESPONSE_TO_VASCULAR_ENDOTHELIAL_GROWTH_FACTOR_STIMULUS		27	-0.27466926	-0.9682914	0.49056605	0.81440073	1.0	4748	tags=44%, list=31%, signal=65%	
GOBP_KIDNEY_MORPHOGENESIS	GOBP_KIDNEY_MORPHOGENESIS		89	-0.20760454	-0.9681124	0.5425532	0.8146681	1.0	3300	tags=30%, list=22%, signal=39%	
GOMF_SCAFFOLD_PROTEIN_BINDING	GOMF_SCAFFOLD_PROTEIN_BINDING		57	-0.22376183	-0.9676284	0.50728154	0.81591946	1.0	1758	tags=18%, list=12%, signal=20%	
GOBP_CYTOKINESIS	GOBP_CYTOKINESIS		163	-0.18748532	-0.96757394	0.5645646	0.8157733	1.0	3671	tags=24%, list=24%, signal=31%	
GOBP_N_ACETYLGLUCOSAMINE_METABOLIC_PROCESS	GOBP_N_ACETYLGLUCOSAMINE_METABOLIC_PROCESS		19	-0.3047812	-0.9672591	0.4893617	0.8165094	1.0	1626	tags=21%, list=11%, signal=24%	
HP_TOE_DEFORMITY	HP_TOE_DEFORMITY		120	-0.19725166	-0.9669946	0.51800555	0.81704587	1.0	3785	tags=26%, list=25%, signal=34%	
HP_ABNORMALITY_OF_THE_KNEE	HP_ABNORMALITY_OF_THE_KNEE		373	-0.16935603	-0.96679527	0.6035714	0.81737995	1.0	3832	tags=29%, list=25%, signal=37%	
HP_ABNORMAL_HEAD_MOVEMENTS	HP_ABNORMAL_HEAD_MOVEMENTS		35	-0.2557197	-0.9666434	0.50961536	0.8175635	1.0	2241	tags=23%, list=15%, signal=27%	
HP_LEFT_VENTRICULAR_SYSTOLIC_DYSFUNCTION	HP_LEFT_VENTRICULAR_SYSTOLIC_DYSFUNCTION		74	-0.21433969	-0.966642	0.5321337	0.81724066	1.0	4163	tags=39%, list=28%, signal=54%	
HP_RELATIVE_MACROCEPHALY	HP_RELATIVE_MACROCEPHALY		63	-0.22175616	-0.966629	0.56327546	0.81695384	1.0	4110	tags=37%, list=27%, signal=50%	
GOBP_MITOCHONDRIAL_RNA_PROCESSING	GOBP_MITOCHONDRIAL_RNA_PROCESSING		24	-0.27957663	-0.96638703	0.51152074	0.8173734	1.0	2975	tags=25%, list=20%, signal=31%	
GOBP_NEGATIVE_REGULATION_OF_MIRNA_METABOLIC_PROCESS	GOBP_NEGATIVE_REGULATION_OF_MIRNA_METABOLIC_PROCESS		24	-0.27824396	-0.9659056	0.49295774	0.81861943	1.0	3540	tags=25%, list=23%, signal=33%	
HP_AMENORRHEA	HP_AMENORRHEA		162	-0.18808371	-0.96585894	0.560241	0.8184385	1.0	3217	tags=25%, list=21%, signal=32%	
HP_ABNORMAL_ZYGOMATIC_BONE_MORPHOLOGY	HP_ABNORMAL_ZYGOMATIC_BONE_MORPHOLOGY		222	-0.18078835	-0.96566916	0.5583596	0.8186996	1.0	3832	tags=29%, list=25%, signal=38%	
HP_MISSING_RIBS	HP_MISSING_RIBS		61	-0.22518727	-0.965427	0.50497514	0.8191395	1.0	2828	tags=23%, list=19%, signal=28%	
GOCC_CYTOPLASMIC_SIDE_OF_PLASMA_MEMBRANE	GOCC_CYTOPLASMIC_SIDE_OF_PLASMA_MEMBRANE		131	-0.19506033	-0.96505404	0.55727553	0.82001656	1.0	4411	tags=39%, list=29%, signal=55%	
GOCC_RNA_POLYMERASE_COMPLEX	GOCC_RNA_POLYMERASE_COMPLEX		95	-0.2015289	-0.96482146	0.54846936	0.8204359	1.0	2332	tags=16%, list=15%, signal=19%	
GOBP_ERYTHROCYTE_DEVELOPMENT	GOBP_ERYTHROCYTE_DEVELOPMENT		33	-0.26019207	-0.96479076	0.5244755	0.82020587	1.0	2016	tags=21%, list=13%, signal=24%	
HP_VERTICAL_NYSTAGMUS	HP_VERTICAL_NYSTAGMUS		21	-0.28403044	-0.96372014	0.50328225	0.82336825	1.0	2913	tags=38%, list=19%, signal=47%	
GOBP_AMYLOID_FIBRIL_FORMATION	GOBP_AMYLOID_FIBRIL_FORMATION		33	-0.25586903	-0.9636937	0.5174014	0.8231336	1.0	2002	tags=21%, list=13%, signal=24%	
HP_PROLONGED_QTC_INTERVAL	HP_PROLONGED_QTC_INTERVAL		22	-0.28453413	-0.963424	0.5011601	0.8236593	1.0	4080	tags=36%, list=27%, signal=50%	
GOBP_NEGATIVE_REGULATION_OF_OSTEOCLAST_DIFFERENTIATION	GOBP_NEGATIVE_REGULATION_OF_OSTEOCLAST_DIFFERENTIATION		21	-0.29133266	-0.96325076	0.48970252	0.8238757	1.0	3818	tags=38%, list=25%, signal=51%	
GOBP_SISTER_CHROMATID_SEGREGATION	GOBP_SISTER_CHROMATID_SEGREGATION		220	-0.17723796	-0.9632239	0.5943396	0.8236315	1.0	3758	tags=24%, list=25%, signal=32%	
HP_RESPIRATORY_DISTRESS	HP_RESPIRATORY_DISTRESS		192	-0.18043473	-0.9628373	0.5906433	0.8245548	1.0	4177	tags=34%, list=28%, signal=46%	
HP_UNDERDEVELOPED_SUPRAORBITAL_RIDGES	HP_UNDERDEVELOPED_SUPRAORBITAL_RIDGES		53	-0.23049045	-0.9624875	0.525	0.82533616	1.0	922	tags=13%, list=6%, signal=14%	
HP_PSEUDOBULBAR_SIGNS	HP_PSEUDOBULBAR_SIGNS		29	-0.26551026	-0.96208876	0.52436197	0.8263223	1.0	3030	tags=28%, list=20%, signal=34%	
HP_ABNORMAL_MACULAR_MORPHOLOGY	HP_ABNORMAL_MACULAR_MORPHOLOGY		218	-0.18093973	-0.9618657	0.5479042	0.82670647	1.0	3393	tags=27%, list=22%, signal=34%	
GOMF_POLY_PYRIMIDINE_TRACT_BINDING	GOMF_POLY_PYRIMIDINE_TRACT_BINDING		23	-0.28386337	-0.9611034	0.50454545	0.8288413	1.0	4205	tags=48%, list=28%, signal=66%	
GOMF_ORGANIC_ACID_SODIUM_SYMPORTER_ACTIVITY	GOMF_ORGANIC_ACID_SODIUM_SYMPORTER_ACTIVITY		29	-0.26836365	-0.96104616	0.49758455	0.82869625	1.0	2487	tags=28%, list=16%, signal=33%	
GOBP_REGULATION_OF_INTRINSIC_APOPTOTIC_SIGNALING_PATHWAY_IN_RESPONSE_TO_DNA_DAMAGE_BY_P53_CLASS_MEDIATOR	GOBP_REGULATION_OF_INTRINSIC_APOPTOTIC_SIGNALING_PATHWAY_IN_RESPONSE_TO_DNA_DAMAGE_BY_P53_CLASS_MEDIATOR		17	-0.31306955	-0.9610381	0.48430493	0.8283927	1.0	2800	tags=41%, list=19%, signal=50%	
GOBP_DIACYLGLYCEROL_METABOLIC_PROCESS	GOBP_DIACYLGLYCEROL_METABOLIC_PROCESS		23	-0.28654072	-0.96102405	0.49668875	0.8281141	1.0	2639	tags=30%, list=17%, signal=37%	
GOBP_ENDOPLASMIC_RETICULUM_TUBULAR_NETWORK_ORGANIZATION	GOBP_ENDOPLASMIC_RETICULUM_TUBULAR_NETWORK_ORGANIZATION		17	-0.30656338	-0.9608988	0.5223214	0.82818633	1.0	1782	tags=18%, list=12%, signal=20%	
GOMF_IONOTROPIC_GLUTAMATE_RECEPTOR_BINDING	GOMF_IONOTROPIC_GLUTAMATE_RECEPTOR_BINDING		28	-0.26993257	-0.96078944	0.5274463	0.82821774	1.0	2536	tags=29%, list=17%, signal=34%	
GOBP_REGULATION_OF_TRANSMEMBRANE_TRANSPORT	GOBP_REGULATION_OF_TRANSMEMBRANE_TRANSPORT		346	-0.1710454	-0.9606744	0.57608694	0.82825696	1.0	2814	tags=21%, list=19%, signal=26%	
GOBP_PROTEIN_LOCALIZATION_TO_CELL_PERIPHERY	GOBP_PROTEIN_LOCALIZATION_TO_CELL_PERIPHERY		318	-0.17083845	-0.9606158	0.605948	0.82812595	1.0	3790	tags=29%, list=25%, signal=38%	
HP_EXCESSIVE_WRINKLED_SKIN	HP_EXCESSIVE_WRINKLED_SKIN		36	-0.25308993	-0.96057427	0.51336896	0.82793397	1.0	380	tags=11%, list=3%, signal=11%	
HP_INSULIN_RESISTANT_DIABETES_MELLITUS	HP_INSULIN_RESISTANT_DIABETES_MELLITUS		26	-0.2738625	-0.96012586	0.51843315	0.8290667	1.0	1510	tags=19%, list=10%, signal=21%	
HP_DUPLICATION_OF_HAND_BONES	HP_DUPLICATION_OF_HAND_BONES		217	-0.17780082	-0.9595274	0.5860927	0.8306904	1.0	3205	tags=25%, list=21%, signal=32%	
HP_DECREASED_NUMBER_OF_PERIPHERAL_MYELINATED_NERVE_FIBERS	HP_DECREASED_NUMBER_OF_PERIPHERAL_MYELINATED_NERVE_FIBERS		46	-0.23828165	-0.95930415	0.5488127	0.8310978	1.0	3030	tags=28%, list=20%, signal=35%	
GOBP_REGULATION_OF_TRANSLATION_IN_RESPONSE_TO_STRESS	GOBP_REGULATION_OF_TRANSLATION_IN_RESPONSE_TO_STRESS		20	-0.29789555	-0.95930314	0.5263158	0.83077466	1.0	5244	tags=45%, list=35%, signal=69%	
HP_PTERYGIUM	HP_PTERYGIUM		42	-0.2434348	-0.9591929	0.5188917	0.8308016	1.0	1973	tags=19%, list=13%, signal=22%	
HP_DECREASED_SERUM_INSULIN_LIKE_GROWTH_FACTOR_1	HP_DECREASED_SERUM_INSULIN_LIKE_GROWTH_FACTOR_1		21	-0.28390017	-0.95902354	0.5274463	0.8310017	1.0	3873	tags=38%, list=26%, signal=51%	
GOCC_TRANS_GOLGI_NETWORK	GOCC_TRANS_GOLGI_NETWORK		232	-0.17676333	-0.95901036	0.64012736	0.8307156	1.0	3847	tags=29%, list=25%, signal=39%	
GOBP_POSITIVE_REGULATION_OF_CALCIUM_MEDIATED_SIGNALING	GOBP_POSITIVE_REGULATION_OF_CALCIUM_MEDIATED_SIGNALING		42	-0.24111274	-0.9589944	0.5247059	0.830444	1.0	1627	tags=19%, list=11%, signal=21%	
HP_ABNORMAL_MEAN_CORPUSCULAR_HEMOGLOBIN_CONCENTRATION	HP_ABNORMAL_MEAN_CORPUSCULAR_HEMOGLOBIN_CONCENTRATION		17	-0.30819735	-0.95866174	0.50233644	0.8311697	1.0	3	tags=6%, list=0%, signal=6%	
GOBP_CIRCADIAN_RHYTHM	GOBP_CIRCADIAN_RHYTHM		175	-0.18282574	-0.9584885	0.585443	0.83138853	1.0	1988	tags=17%, list=13%, signal=19%	
HP_RAGGED_RED_MUSCLE_FIBERS	HP_RAGGED_RED_MUSCLE_FIBERS		58	-0.22754675	-0.95826006	0.5468354	0.8317683	1.0	3720	tags=31%, list=25%, signal=41%	
GOMF_ACETYLGLUCOSAMINYLTRANSFERASE_ACTIVITY	GOMF_ACETYLGLUCOSAMINYLTRANSFERASE_ACTIVITY		37	-0.24988861	-0.95824987	0.53051645	0.8314836	1.0	5042	tags=41%, list=33%, signal=61%	
GOBP_ANATOMICAL_STRUCTURE_MATURATION	GOBP_ANATOMICAL_STRUCTURE_MATURATION		221	-0.17844954	-0.95824057	0.5675676	0.83118576	1.0	4555	tags=35%, list=30%, signal=50%	
GOMF_CORE_PROMOTER_SEQUENCE_SPECIFIC_DNA_BINDING	GOMF_CORE_PROMOTER_SEQUENCE_SPECIFIC_DNA_BINDING		37	-0.25122172	-0.9580212	0.4975728	0.8315648	1.0	4406	tags=35%, list=29%, signal=49%	
HP_ABNORMALITY_OF_THE_PULMONARY_ARTERY	HP_ABNORMALITY_OF_THE_PULMONARY_ARTERY		127	-0.19601516	-0.9579896	0.5540541	0.8313537	1.0	1903	tags=17%, list=13%, signal=19%	
GOBP_NEGATIVE_REGULATION_OF_CELL_CYCLE_PROCESS	GOBP_NEGATIVE_REGULATION_OF_CELL_CYCLE_PROCESS		253	-0.17456615	-0.95797175	0.6116208	0.8310824	1.0	3756	tags=26%, list=25%, signal=34%	
GOMF_POTASSIUM_ION_TRANSMEMBRANE_TRANSPORTER_ACTIVITY	GOMF_POTASSIUM_ION_TRANSMEMBRANE_TRANSPORTER_ACTIVITY		161	-0.18529125	-0.95795697	0.59090906	0.8307978	1.0	1155	tags=12%, list=8%, signal=13%	
GOBP_RESPONSE_TO_TRANSFORMING_GROWTH_FACTOR_BETA	GOBP_RESPONSE_TO_TRANSFORMING_GROWTH_FACTOR_BETA		229	-0.17813525	-0.9578599	0.5885886	0.83080375	1.0	2880	tags=20%, list=19%, signal=24%	
GOBP_REGULATION_OF_HEMOPOIESIS	GOBP_REGULATION_OF_HEMOPOIESIS		323	-0.17268944	-0.95768327	0.6236934	0.83104205	1.0	3572	tags=28%, list=24%, signal=35%	
GOBP_MIRNA_TRANSCRIPTION	GOBP_MIRNA_TRANSCRIPTION		57	-0.22675826	-0.95715034	0.5352798	0.83239686	1.0	3540	tags=28%, list=23%, signal=37%	
GOBP_PHAGOCYTOSIS_RECOGNITION	GOBP_PHAGOCYTOSIS_RECOGNITION		21	-0.2908429	-0.95704216	0.5176991	0.8323992	1.0	3230	tags=43%, list=21%, signal=54%	
GOBP_REGULATION_OF_DENDRITIC_SPINE_MORPHOGENESIS	GOBP_REGULATION_OF_DENDRITIC_SPINE_MORPHOGENESIS		37	-0.2416958	-0.95702755	0.52771086	0.8321252	1.0	3063	tags=30%, list=20%, signal=37%	
HP_LOSS_OF_SPEECH	HP_LOSS_OF_SPEECH		37	-0.24939384	-0.9569276	0.5433673	0.8321048	1.0	1330	tags=16%, list=9%, signal=18%	
GOBP_LYMPHANGIOGENESIS	GOBP_LYMPHANGIOGENESIS		16	-0.31379944	-0.95667905	0.5068182	0.83257866	1.0	1710	tags=19%, list=11%, signal=21%	
GOBP_REGULATION_OF_VASCULAR_PERMEABILITY	GOBP_REGULATION_OF_VASCULAR_PERMEABILITY		48	-0.23435049	-0.9566619	0.5127551	0.8323065	1.0	1327	tags=15%, list=9%, signal=16%	
HP_ABNORMAL_HYPOTHALAMUS_PHYSIOLOGY	HP_ABNORMAL_HYPOTHALAMUS_PHYSIOLOGY		46	-0.23611636	-0.9562608	0.5232558	0.83327085	1.0	2870	tags=28%, list=19%, signal=35%	
GOMF_BHLH_TRANSCRIPTION_FACTOR_BINDING	GOMF_BHLH_TRANSCRIPTION_FACTOR_BINDING		27	-0.26347703	-0.95611775	0.53333336	0.8333944	1.0	2880	tags=37%, list=19%, signal=46%	
GOCC_TIM23_MITOCHONDRIAL_IMPORT_INNER_MEMBRANE_TRANSLOCASE_COMPLEX	GOCC_TIM23_MITOCHONDRIAL_IMPORT_INNER_MEMBRANE_TRANSLOCASE_COMPLEX		15	-0.31612986	-0.9560572	0.51077586	0.8332804	1.0	5454	tags=40%, list=36%, signal=63%	
GOBP_CELLULAR_RESPONSE_TO_GROWTH_HORMONE_STIMULUS	GOBP_CELLULAR_RESPONSE_TO_GROWTH_HORMONE_STIMULUS		19	-0.3030957	-0.9558494	0.49305555	0.833616	1.0	441	tags=11%, list=3%, signal=11%	
GOBP_POSITIVE_REGULATION_OF_MICROTUBULE_POLYMERIZATION_OR_DEPOLYMERIZATION	GOBP_POSITIVE_REGULATION_OF_MICROTUBULE_POLYMERIZATION_OR_DEPOLYMERIZATION		33	-0.25302142	-0.95578635	0.5221239	0.8334882	1.0	2478	tags=27%, list=16%, signal=33%	
GOCC_CELL_DIVISION_SITE	GOCC_CELL_DIVISION_SITE		63	-0.22000279	-0.9555231	0.48773843	0.8339767	1.0	2942	tags=24%, list=19%, signal=29%	
GOBP_PURINE_NUCLEOTIDE_TRANSPORT	GOBP_PURINE_NUCLEOTIDE_TRANSPORT		32	-0.26449677	-0.9554798	0.49638554	0.8337957	1.0	5152	tags=59%, list=34%, signal=90%	
HP_ABNORMALITY_OF_SUBCUTANEOUS_FAT_TISSUE	HP_ABNORMALITY_OF_SUBCUTANEOUS_FAT_TISSUE		51	-0.22625615	-0.9554672	0.5547074	0.83352137	1.0	2182	tags=20%, list=14%, signal=23%	
GOMF_GUANYL_NUCLEOTIDE_EXCHANGE_FACTOR_ACTIVITY	GOMF_GUANYL_NUCLEOTIDE_EXCHANGE_FACTOR_ACTIVITY		214	-0.18010443	-0.9554302	0.58309036	0.83332205	1.0	2266	tags=19%, list=15%, signal=22%	
GOBP_POSITIVE_REGULATION_OF_BIOMINERAL_TISSUE_DEVELOPMENT	GOBP_POSITIVE_REGULATION_OF_BIOMINERAL_TISSUE_DEVELOPMENT		44	-0.23946641	-0.9553236	0.50714284	0.8333397	1.0	3434	tags=27%, list=23%, signal=35%	
GOMF_GDP_BINDING	GOMF_GDP_BINDING		295	-0.1713449	-0.954958	0.6510067	0.83414674	1.0	2266	tags=18%, list=15%, signal=20%	
GOBP_PHOSPHATIDYLINOSITOL_3_KINASE_PROTEIN_KINASE_B_SIGNAL_TRANSDUCTION	GOBP_PHOSPHATIDYLINOSITOL_3_KINASE_PROTEIN_KINASE_B_SIGNAL_TRANSDUCTION		265	-0.17486672	-0.95439047	0.605178	0.8356512	1.0	3466	tags=26%, list=23%, signal=33%	
GOBP_POSITIVE_REGULATION_OF_CELL_MIGRATION_INVOLVED_IN_SPROUTING_ANGIOGENESIS	GOBP_POSITIVE_REGULATION_OF_CELL_MIGRATION_INVOLVED_IN_SPROUTING_ANGIOGENESIS		21	-0.28954422	-0.9542852	0.50966185	0.8356568	1.0	5349	tags=52%, list=35%, signal=81%	
HP_ABNORMAL_INTERPRETATION_OF_EXTERNAL_STIMULI	HP_ABNORMAL_INTERPRETATION_OF_EXTERNAL_STIMULI		25	-0.27657193	-0.9539195	0.5165094	0.8364967	1.0	3287	tags=28%, list=22%, signal=36%	
GOCC_SNARE_COMPLEX	GOCC_SNARE_COMPLEX		43	-0.2384574	-0.9536701	0.52115816	0.83693683	1.0	3777	tags=35%, list=25%, signal=46%	
GOBP_INOSITOL_PHOSPHATE_METABOLIC_PROCESS	GOBP_INOSITOL_PHOSPHATE_METABOLIC_PROCESS		32	-0.26374546	-0.95358175	0.53808355	0.83688664	1.0	3592	tags=38%, list=24%, signal=49%	
GOMF_PHOSPHATIDYLINOSITOL_PHOSPHATE_BINDING	GOMF_PHOSPHATIDYLINOSITOL_PHOSPHATE_BINDING		163	-0.18427046	-0.95353544	0.5764706	0.8367151	1.0	4002	tags=31%, list=26%, signal=42%	
GOBP_RESPONSE_TO_HYDROGEN_PEROXIDE	GOBP_RESPONSE_TO_HYDROGEN_PEROXIDE		91	-0.20447816	-0.9531876	0.5538462	0.83749723	1.0	3940	tags=29%, list=26%, signal=38%	
GOBP_POSITIVE_REGULATION_OF_MIRNA_TRANSCRIPTION	GOBP_POSITIVE_REGULATION_OF_MIRNA_TRANSCRIPTION		39	-0.24207236	-0.9530888	0.53103447	0.8374792	1.0	2925	tags=28%, list=19%, signal=35%	
GOBP_REGULATION_OF_MYELOID_CELL_DIFFERENTIATION	GOBP_REGULATION_OF_MYELOID_CELL_DIFFERENTIATION		162	-0.18506183	-0.9527497	0.60542166	0.8381826	1.0	3303	tags=26%, list=22%, signal=33%	
HP_BILATERAL_TONIC_CLONIC_SEIZURE_WITH_GENERALIZED_ONSET	HP_BILATERAL_TONIC_CLONIC_SEIZURE_WITH_GENERALIZED_ONSET		47	-0.23347493	-0.9522312	0.52590674	0.8395122	1.0	3333	tags=32%, list=22%, signal=41%	
GOMF_DNA_BINDING_TRANSCRIPTION_FACTOR_BINDING	GOMF_DNA_BINDING_TRANSCRIPTION_FACTOR_BINDING		416	-0.16652867	-0.9521495	0.64489794	0.8394479	1.0	2950	tags=22%, list=20%, signal=26%	
GOBP_RETICULOPHAGY	GOBP_RETICULOPHAGY		21	-0.28354982	-0.95205045	0.4976852	0.839413	1.0	3661	tags=38%, list=24%, signal=50%	
GOCC_CLATHRIN_COATED_VESICLE_MEMBRANE	GOCC_CLATHRIN_COATED_VESICLE_MEMBRANE		120	-0.19688292	-0.9518835	0.58516484	0.8396148	1.0	2998	tags=25%, list=20%, signal=31%	
HP_APLASIA_HYPOPLASIA_OF_THE_ABDOMINAL_WALL_MUSCULATURE	HP_APLASIA_HYPOPLASIA_OF_THE_ABDOMINAL_WALL_MUSCULATURE		31	-0.2557071	-0.9517618	0.5176991	0.8396597	1.0	2612	tags=23%, list=17%, signal=27%	
HP_CARIOUS_TEETH	HP_CARIOUS_TEETH		150	-0.18902695	-0.95151114	0.5652174	0.8401363	1.0	3873	tags=31%, list=26%, signal=41%	
GOBP_REGULATION_OF_MITOTIC_NUCLEAR_DIVISION	GOBP_REGULATION_OF_MITOTIC_NUCLEAR_DIVISION		108	-0.19690162	-0.9513285	0.5733333	0.840417	1.0	2409	tags=18%, list=16%, signal=21%	
GOBP_CELLULAR_RESPONSE_TO_PH	GOBP_CELLULAR_RESPONSE_TO_PH		24	-0.27779436	-0.9512893	0.53026634	0.8402155	1.0	978	tags=17%, list=6%, signal=18%	
HP_APLASIA_HYPOPLASIA_OF_THE_BRAINSTEM	HP_APLASIA_HYPOPLASIA_OF_THE_BRAINSTEM		79	-0.2076165	-0.9511217	0.5648855	0.8404273	1.0	3403	tags=25%, list=23%, signal=33%	
GOBP_REGULATION_OF_ESTABLISHMENT_OF_PROTEIN_LOCALIZATION	GOBP_REGULATION_OF_ESTABLISHMENT_OF_PROTEIN_LOCALIZATION		473	-0.16324933	-0.9510605	0.6639344	0.8403154	1.0	3790	tags=27%, list=25%, signal=35%	
GOBP_OUTFLOW_TRACT_SEPTUM_MORPHOGENESIS	GOBP_OUTFLOW_TRACT_SEPTUM_MORPHOGENESIS		24	-0.27135795	-0.9508601	0.4917647	0.8406	1.0	3658	tags=29%, list=24%, signal=38%	
GOBP_POSITIVE_REGULATION_OF_ENDOTHELIAL_CELL_APOPTOTIC_PROCESS	GOBP_POSITIVE_REGULATION_OF_ENDOTHELIAL_CELL_APOPTOTIC_PROCESS		19	-0.299499	-0.9505733	0.5322581	0.84117496	1.0	2227	tags=21%, list=15%, signal=25%	
GOBP_NEGATIVE_REGULATION_OF_ORGAN_GROWTH	GOBP_NEGATIVE_REGULATION_OF_ORGAN_GROWTH		24	-0.27392265	-0.95043325	0.5193622	0.84127533	1.0	182	tags=8%, list=1%, signal=8%	
HP_CENTRAL_ADRENAL_INSUFFICIENCY	HP_CENTRAL_ADRENAL_INSUFFICIENCY		16	-0.3101776	-0.9504267	0.50233644	0.8409767	1.0	1874	tags=25%, list=12%, signal=29%	
GOBP_AMINO_ACID_ACTIVATION	GOBP_AMINO_ACID_ACTIVATION		44	-0.23399207	-0.9502543	0.5352798	0.84117144	1.0	3526	tags=30%, list=23%, signal=38%	
GOBP_OTIC_VESICLE_DEVELOPMENT	GOBP_OTIC_VESICLE_DEVELOPMENT		15	-0.3116283	-0.95017624	0.5337838	0.84110844	1.0	266	tags=13%, list=2%, signal=14%	
HP_DECREASED_CIRCULATING_CORTISOL_LEVEL	HP_DECREASED_CIRCULATING_CORTISOL_LEVEL		31	-0.25650096	-0.9500438	0.54265404	0.84119177	1.0	3145	tags=35%, list=21%, signal=45%	
HP_ABNORMAL_FETAL_MORPHOLOGY	HP_ABNORMAL_FETAL_MORPHOLOGY		279	-0.1715496	-0.94957453	0.60805863	0.8423245	1.0	3213	tags=24%, list=21%, signal=29%	
HP_SLENDER_LONG_BONE	HP_SLENDER_LONG_BONE		44	-0.23841774	-0.9495636	0.5687204	0.84203315	1.0	4031	tags=34%, list=27%, signal=46%	
HP_ABNORMAL_BASAL_GANGLIA_MORPHOLOGY	HP_ABNORMAL_BASAL_GANGLIA_MORPHOLOGY		160	-0.18622394	-0.94954515	0.59938836	0.84177226	1.0	3151	tags=24%, list=21%, signal=30%	
HP_HEPATOBLASTOMA	HP_HEPATOBLASTOMA		21	-0.28959334	-0.94951844	0.53846157	0.8415383	1.0	1547	tags=24%, list=10%, signal=26%	
HP_DISTAL_SENSORY_IMPAIRMENT	HP_DISTAL_SENSORY_IMPAIRMENT		125	-0.19204855	-0.94946903	0.5626822	0.84137625	1.0	4765	tags=34%, list=32%, signal=49%	
GOBP_RECEPTOR_CLUSTERING	GOBP_RECEPTOR_CLUSTERING		60	-0.21873716	-0.9494477	0.5589623	0.841125	1.0	3900	tags=30%, list=26%, signal=40%	
GOBP_REGULATION_OF_CYTOSKELETON_ORGANIZATION	GOBP_REGULATION_OF_CYTOSKELETON_ORGANIZATION		473	-0.16071345	-0.94896764	0.6666667	0.8423052	1.0	3493	tags=26%, list=23%, signal=32%	
GOMF_PROTEIN_HETERODIMERIZATION_ACTIVITY	GOMF_PROTEIN_HETERODIMERIZATION_ACTIVITY		268	-0.17109744	-0.9489106	0.6590164	0.84216607	1.0	4442	tags=32%, list=29%, signal=45%	
HP_ABNORMAL_DELIVERY	HP_ABNORMAL_DELIVERY		78	-0.21050175	-0.9486499	0.57297295	0.8426987	1.0	1372	tags=14%, list=9%, signal=15%	
HP_ABNORMAL_CORNEAL_STROMA_MORPHOLOGY	HP_ABNORMAL_CORNEAL_STROMA_MORPHOLOGY		88	-0.20528409	-0.94855374	0.5521978	0.84267426	1.0	3213	tags=25%, list=21%, signal=32%	
HP_CONCAVE_NAIL	HP_CONCAVE_NAIL		17	-0.30046612	-0.9481729	0.5077951	0.8435789	1.0	3	tags=6%, list=0%, signal=6%	
GOBP_NEGATIVE_REGULATION_OF_SYNAPTIC_TRANSMISSION	GOBP_NEGATIVE_REGULATION_OF_SYNAPTIC_TRANSMISSION		44	-0.23821941	-0.9481579	0.546875	0.8433037	1.0	2761	tags=25%, list=18%, signal=31%	
HP_SYNOSTOSIS_OF_METACARPALS_METATARSALS	HP_SYNOSTOSIS_OF_METACARPALS_METATARSALS		19	-0.2879207	-0.94806486	0.51363635	0.8432884	1.0	1957	tags=21%, list=13%, signal=24%	
HP_APLASIA_HYPOPLASIA_INVOLVING_THE_NOSE	HP_APLASIA_HYPOPLASIA_INVOLVING_THE_NOSE		106	-0.19857164	-0.9479277	0.5507246	0.84337056	1.0	2115	tags=17%, list=14%, signal=20%	
GOBP_SIGNAL_TRANSDUCTION_IN_ABSENCE_OF_LIGAND	GOBP_SIGNAL_TRANSDUCTION_IN_ABSENCE_OF_LIGAND		58	-0.22244209	-0.9478128	0.57425743	0.8434233	1.0	2863	tags=26%, list=19%, signal=32%	
GOBP_REGULATION_OF_MITOCHONDRIAL_FISSION	GOBP_REGULATION_OF_MITOCHONDRIAL_FISSION		28	-0.263661	-0.94765276	0.55730337	0.8436071	1.0	1980	tags=21%, list=13%, signal=25%	
GOBP_LIMBIC_SYSTEM_DEVELOPMENT	GOBP_LIMBIC_SYSTEM_DEVELOPMENT		104	-0.19668771	-0.9476107	0.59791124	0.8434126	1.0	3181	tags=26%, list=21%, signal=33%	
GOBP_CELLULAR_RESPONSE_TO_NUTRIENT	GOBP_CELLULAR_RESPONSE_TO_NUTRIENT		43	-0.24038139	-0.94744456	0.5534442	0.8435996	1.0	4281	tags=44%, list=28%, signal=61%	
GOBP_CELL_JUNCTION_MAINTENANCE	GOBP_CELL_JUNCTION_MAINTENANCE		47	-0.22702906	-0.94742656	0.5842391	0.84332824	1.0	3257	tags=34%, list=22%, signal=43%	
GOBP_REGULATED_EXOCYTOSIS	GOBP_REGULATED_EXOCYTOSIS		199	-0.18071163	-0.9472586	0.61612904	0.84355444	1.0	2191	tags=18%, list=15%, signal=20%	
GOCC_PARALLEL_FIBER_TO_PURKINJE_CELL_SYNAPSE	GOCC_PARALLEL_FIBER_TO_PURKINJE_CELL_SYNAPSE		19	-0.29357454	-0.94710267	0.5609756	0.8437164	1.0	659	tags=16%, list=4%, signal=16%	
GOMF_PROTEIN_DISULFIDE_ISOMERASE_ACTIVITY	GOMF_PROTEIN_DISULFIDE_ISOMERASE_ACTIVITY		19	-0.29295757	-0.94696474	0.50812066	0.8438305	1.0	4941	tags=53%, list=33%, signal=78%	
HP_ATTENTION_DEFICIT_HYPERACTIVITY_DISORDER	HP_ATTENTION_DEFICIT_HYPERACTIVITY_DISORDER		361	-0.16739948	-0.94648534	0.6730038	0.8450447	1.0	4201	tags=31%, list=28%, signal=42%	
HP_CENTRAL_HYPOTHYROIDISM	HP_CENTRAL_HYPOTHYROIDISM		64	-0.2174305	-0.9464106	0.55979645	0.8449665	1.0	1757	tags=20%, list=12%, signal=23%	
GOBP_REGULATION_OF_INTRACELLULAR_PROTEIN_TRANSPORT	GOBP_REGULATION_OF_INTRACELLULAR_PROTEIN_TRANSPORT		138	-0.1922938	-0.94639766	0.5777778	0.8446855	1.0	3769	tags=28%, list=25%, signal=36%	
GOBP_REGULATION_OF_ENDOCYTOSIS	GOBP_REGULATION_OF_ENDOCYTOSIS		257	-0.17316686	-0.94639266	0.6323024	0.8443747	1.0	2608	tags=22%, list=17%, signal=26%	
HP_ABNORMAL_KNEE_MORPHOLOGY	HP_ABNORMAL_KNEE_MORPHOLOGY		319	-0.16667266	-0.94620097	0.67518246	0.8446672	1.0	3832	tags=29%, list=25%, signal=38%	
GOBP_LATE_ENDOSOME_TO_LYSOSOME_TRANSPORT	GOBP_LATE_ENDOSOME_TO_LYSOSOME_TRANSPORT		19	-0.29539013	-0.9461183	0.5150812	0.84461564	1.0	4283	tags=37%, list=28%, signal=51%	
GOCC_PHOSPHATASE_COMPLEX	GOCC_PHOSPHATASE_COMPLEX		50	-0.2259832	-0.94600695	0.5498721	0.8446505	1.0	2311	tags=20%, list=15%, signal=24%	
GOCC_PROTEIN_KINASE_COMPLEX	GOCC_PROTEIN_KINASE_COMPLEX		135	-0.19124827	-0.9459172	0.6099707	0.8446118	1.0	5283	tags=44%, list=35%, signal=67%	
HP_PROTRUDING_EAR	HP_PROTRUDING_EAR		197	-0.1814847	-0.94588184	0.59810126	0.8443975	1.0	3426	tags=25%, list=23%, signal=32%	
GOBP_COTRANSLATIONAL_PROTEIN_TARGETING_TO_MEMBRANE	GOBP_COTRANSLATIONAL_PROTEIN_TARGETING_TO_MEMBRANE		21	-0.2875935	-0.945877	0.5093897	0.84409463	1.0	2672	tags=24%, list=18%, signal=29%	
HP_TOE_SYNDACTYLY	HP_TOE_SYNDACTYLY		217	-0.1763021	-0.9456437	0.66172105	0.8445237	1.0	3128	tags=21%, list=21%, signal=26%	
GOBP_RNA_DECAPPING	GOBP_RNA_DECAPPING		19	-0.29613853	-0.94562787	0.52444446	0.8442545	1.0	1566	tags=26%, list=10%, signal=29%	
HP_DECREASED_NUMBER_OF_LARGE_PERIPHERAL_MYELINATED_NERVE_FIBERS	HP_DECREASED_NUMBER_OF_LARGE_PERIPHERAL_MYELINATED_NERVE_FIBERS		19	-0.29235485	-0.94556975	0.5518018	0.844115	1.0	2796	tags=26%, list=19%, signal=32%	
HP_ABNORMALITY_OF_THE_ANKLE	HP_ABNORMALITY_OF_THE_ANKLE		173	-0.18103465	-0.9447238	0.60471976	0.84636945	1.0	4225	tags=32%, list=28%, signal=44%	
HP_ABNORMAL_THYROID_MORPHOLOGY	HP_ABNORMAL_THYROID_MORPHOLOGY		129	-0.1920852	-0.94466776	0.5961003	0.8462094	1.0	3293	tags=28%, list=22%, signal=35%	
GOBP_POSITIVE_REGULATION_OF_G_PROTEIN_COUPLED_RECEPTOR_SIGNALING_PATHWAY	GOBP_POSITIVE_REGULATION_OF_G_PROTEIN_COUPLED_RECEPTOR_SIGNALING_PATHWAY		35	-0.2472329	-0.9445532	0.5315315	0.8462428	1.0	470	tags=11%, list=3%, signal=12%	
GOBP_NEGATIVE_CHEMOTAXIS	GOBP_NEGATIVE_CHEMOTAXIS		39	-0.24671455	-0.94453984	0.54875284	0.8459627	1.0	2313	tags=26%, list=15%, signal=30%	
HP_DIGESTIVE_SYSTEM_NEOPLASM	HP_DIGESTIVE_SYSTEM_NEOPLASM		291	-0.173888	-0.9445069	0.65505224	0.84574556	1.0	3227	tags=26%, list=21%, signal=32%	
HP_EMG_CHRONIC_DENERVATION_SIGNS	HP_EMG_CHRONIC_DENERVATION_SIGNS		25	-0.27042264	-0.94448334	0.55402297	0.84548646	1.0	3328	tags=28%, list=22%, signal=36%	
HP_ABNORMAL_B_CELL_MORPHOLOGY	HP_ABNORMAL_B_CELL_MORPHOLOGY		80	-0.2060066	-0.94436777	0.58356166	0.84551406	1.0	2448	tags=18%, list=16%, signal=21%	
GOMF_EXONUCLEASE_ACTIVITY	GOMF_EXONUCLEASE_ACTIVITY		82	-0.2065796	-0.9441009	0.5839793	0.8460588	1.0	3126	tags=21%, list=21%, signal=26%	
HP_ABNORMAL_METACARPOPHALANGEAL_JOINT_MORPHOLOGY	HP_ABNORMAL_METACARPOPHALANGEAL_JOINT_MORPHOLOGY		19	-0.2896752	-0.94403166	0.52235293	0.8459565	1.0	2772	tags=32%, list=18%, signal=39%	
GOBP_MICROTUBULE_CYTOSKELETON_ORGANIZATION_INVOLVED_IN_MITOSIS	GOBP_MICROTUBULE_CYTOSKELETON_ORGANIZATION_INVOLVED_IN_MITOSIS		161	-0.18522415	-0.9440234	0.6480447	0.8456637	1.0	3765	tags=27%, list=25%, signal=36%	
HP_SYNDACTYLY	HP_SYNDACTYLY		369	-0.1673596	-0.94394195	0.6891386	0.84560597	1.0	3200	tags=23%, list=21%, signal=28%	
HP_ABNORMALITY_OF_CIRCULATING_GLUCOCORTICOID_LEVEL	HP_ABNORMALITY_OF_CIRCULATING_GLUCOCORTICOID_LEVEL		57	-0.22370256	-0.94351643	0.5794872	0.84660745	1.0	3175	tags=30%, list=21%, signal=38%	
GOCC_COPI_COATED_VESICLE	GOCC_COPI_COATED_VESICLE		24	-0.2787475	-0.94330704	0.5286041	0.8469171	1.0	3127	tags=33%, list=21%, signal=42%	
GOMF_SOLUTE_PROTON_SYMPORTER_ACTIVITY	GOMF_SOLUTE_PROTON_SYMPORTER_ACTIVITY		20	-0.28559333	-0.9430526	0.55726874	0.8473771	1.0	2233	tags=25%, list=15%, signal=29%	
HP_MYOPATHIC_FACIES	HP_MYOPATHIC_FACIES		52	-0.2289444	-0.9424325	0.57719713	0.84904045	1.0	4420	tags=40%, list=29%, signal=57%	
HP_ABNORMALITY_OF_THE_ANUS	HP_ABNORMALITY_OF_THE_ANUS		211	-0.17729577	-0.94242793	0.6687697	0.8487332	1.0	3320	tags=26%, list=22%, signal=33%	
GOBP_RESPONSE_TO_ALCOHOL	GOBP_RESPONSE_TO_ALCOHOL		213	-0.17576653	-0.94209427	0.640625	0.84948224	1.0	2925	tags=23%, list=19%, signal=28%	
HP_ABNORMAL_SUBSTANTIA_NIGRA_MORPHOLOGY	HP_ABNORMAL_SUBSTANTIA_NIGRA_MORPHOLOGY		19	-0.28950116	-0.9419934	0.55684453	0.8494603	1.0	3036	tags=32%, list=20%, signal=39%	
GOBP_TRIGLYCERIDE_BIOSYNTHETIC_PROCESS	GOBP_TRIGLYCERIDE_BIOSYNTHETIC_PROCESS		34	-0.24463668	-0.9418295	0.5294118	0.8496643	1.0	1065	tags=15%, list=7%, signal=16%	
GOCC_ACETYLTRANSFERASE_COMPLEX	GOCC_ACETYLTRANSFERASE_COMPLEX		91	-0.20064703	-0.9415978	0.5753425	0.8500807	1.0	4009	tags=33%, list=27%, signal=45%	
HP_THIN_EYEBROW	HP_THIN_EYEBROW		21	-0.27649596	-0.94150627	0.51096493	0.85004413	1.0	4177	tags=38%, list=28%, signal=53%	
GOBP_GLYCOPROTEIN_METABOLIC_PROCESS	GOBP_GLYCOPROTEIN_METABOLIC_PROCESS		336	-0.1663655	-0.94148755	0.6551724	0.8497768	1.0	3924	tags=26%, list=26%, signal=34%	
HP_MACROTIA	HP_MACROTIA		247	-0.17274521	-0.9411247	0.6511628	0.85060036	1.0	2264	tags=17%, list=15%, signal=20%	
HP_ABNORMALITY_OF_SKIN_PIGMENTATION	HP_ABNORMALITY_OF_SKIN_PIGMENTATION		424	-0.16135539	-0.94064826	0.69721115	0.8517499	1.0	3328	tags=24%, list=22%, signal=30%	
GOBP_SISTER_CHROMATID_COHESION	GOBP_SISTER_CHROMATID_COHESION		52	-0.22823134	-0.94061697	0.5494792	0.8515237	1.0	2190	tags=17%, list=14%, signal=20%	
HP_DISTAL_UPPER_LIMB_AMYOTROPHY	HP_DISTAL_UPPER_LIMB_AMYOTROPHY		63	-0.21735138	-0.9405813	0.5794621	0.85131013	1.0	3395	tags=27%, list=22%, signal=35%	
HP_CLITORAL_HYPOPLASIA	HP_CLITORAL_HYPOPLASIA		25	-0.27237734	-0.9404856	0.5608108	0.8512927	1.0	1349	tags=16%, list=9%, signal=18%	
GOMF_LIGAND_GATED_MONOATOMIC_CATION_CHANNEL_ACTIVITY	GOMF_LIGAND_GATED_MONOATOMIC_CATION_CHANNEL_ACTIVITY		112	-0.195345	-0.94032264	0.60714287	0.8514543	1.0	973	tags=12%, list=6%, signal=12%	
GOCC_CYCLIN_DEPENDENT_PROTEIN_KINASE_HOLOENZYME_COMPLEX	GOCC_CYCLIN_DEPENDENT_PROTEIN_KINASE_HOLOENZYME_COMPLEX		61	-0.21813275	-0.94029444	0.5552699	0.8512196	1.0	3487	tags=26%, list=23%, signal=34%	
HP_ABNORMAL_EYELID_PHYSIOLOGY	HP_ABNORMAL_EYELID_PHYSIOLOGY		36	-0.2469522	-0.94028634	0.5684455	0.8509205	1.0	1164	tags=17%, list=8%, signal=18%	
GOBP_POSITIVE_REGULATION_OF_BONE_MINERALIZATION	GOBP_POSITIVE_REGULATION_OF_BONE_MINERALIZATION		40	-0.24393524	-0.94027615	0.5707196	0.8506297	1.0	3434	tags=25%, list=23%, signal=32%	
HP_PERIORBITAL_FULLNESS	HP_PERIORBITAL_FULLNESS		43	-0.23632203	-0.9402273	0.567696	0.8504714	1.0	5224	tags=44%, list=35%, signal=67%	
HP_BROAD_RIBS	HP_BROAD_RIBS		25	-0.2668928	-0.9398936	0.5463183	0.8511513	1.0	4331	tags=48%, list=29%, signal=67%	
GOBP_MITOCHONDRIAL_TRANSCRIPTION	GOBP_MITOCHONDRIAL_TRANSCRIPTION		20	-0.28852296	-0.9398775	0.5416667	0.8508769	1.0	2661	tags=25%, list=18%, signal=30%	
GOBP_NEGATIVE_REGULATION_OF_MITOTIC_CELL_CYCLE	GOBP_NEGATIVE_REGULATION_OF_MITOTIC_CELL_CYCLE		193	-0.17818008	-0.9397718	0.6402439	0.8508844	1.0	3756	tags=25%, list=25%, signal=33%	
GOBP_ERAD_PATHWAY	GOBP_ERAD_PATHWAY		98	-0.19780643	-0.93955946	0.60422164	0.8511998	1.0	4776	tags=42%, list=32%, signal=61%	
HP_POLYHYDRAMNIOS	HP_POLYHYDRAMNIOS		275	-0.16916473	-0.9393387	0.6900369	0.8515464	1.0	4205	tags=31%, list=28%, signal=42%	
GOBP_PROTEIN_TRIMERIZATION	GOBP_PROTEIN_TRIMERIZATION		16	-0.3131333	-0.93921566	0.5470852	0.8516042	1.0	5049	tags=44%, list=33%, signal=66%	
GOCC_T_TUBULE	GOCC_T_TUBULE		46	-0.23177864	-0.9390715	0.56341463	0.85175925	1.0	1183	tags=13%, list=8%, signal=14%	
GOBP_SNO_S_RNA_METABOLIC_PROCESS	GOBP_SNO_S_RNA_METABOLIC_PROCESS		16	-0.31121036	-0.93906844	0.54816514	0.85145277	1.0	3142	tags=38%, list=21%, signal=47%	
GOBP_NEGATIVE_REGULATION_OF_INTRINSIC_APOPTOTIC_SIGNALING_PATHWAY	GOBP_NEGATIVE_REGULATION_OF_INTRINSIC_APOPTOTIC_SIGNALING_PATHWAY		90	-0.19924274	-0.9389812	0.5843829	0.85140395	1.0	3101	tags=27%, list=21%, signal=33%	
HP_LIMITED_KNEE_EXTENSION	HP_LIMITED_KNEE_EXTENSION		18	-0.29259062	-0.9388148	0.5232816	0.8515807	1.0	1384	tags=17%, list=9%, signal=18%	
GOBP_TETRAPYRROLE_BIOSYNTHETIC_PROCESS	GOBP_TETRAPYRROLE_BIOSYNTHETIC_PROCESS		31	-0.2564812	-0.93875575	0.56690997	0.85144603	1.0	4821	tags=45%, list=32%, signal=66%	
GOBP_CELLULAR_RESPONSE_TO_VASCULAR_ENDOTHELIAL_GROWTH_FACTOR_STIMULUS	GOBP_CELLULAR_RESPONSE_TO_VASCULAR_ENDOTHELIAL_GROWTH_FACTOR_STIMULUS		61	-0.22060671	-0.93840605	0.5771144	0.8522008	1.0	2870	tags=23%, list=19%, signal=28%	
GOBP_NEGATIVE_REGULATION_OF_CELLULAR_RESPONSE_TO_GROWTH_FACTOR_STIMULUS	GOBP_NEGATIVE_REGULATION_OF_CELLULAR_RESPONSE_TO_GROWTH_FACTOR_STIMULUS		97	-0.20001327	-0.9383149	0.5828877	0.8521617	1.0	2925	tags=22%, list=19%, signal=27%	
HP_SUBCORTICAL_CEREBRAL_ATROPHY	HP_SUBCORTICAL_CEREBRAL_ATROPHY		21	-0.2804501	-0.9380406	0.57004833	0.8527003	1.0	3294	tags=33%, list=22%, signal=43%	
HP_ABNORMAL_SKULL_BASE_MORPHOLOGY	HP_ABNORMAL_SKULL_BASE_MORPHOLOGY		220	-0.17572162	-0.9379561	0.66071427	0.85264194	1.0	3294	tags=26%, list=22%, signal=33%	
GOBP_TRANSCRIPTION_PREINITIATION_COMPLEX_ASSEMBLY	GOBP_TRANSCRIPTION_PREINITIATION_COMPLEX_ASSEMBLY		64	-0.21349998	-0.9379201	0.5826772	0.85242236	1.0	2929	tags=22%, list=19%, signal=27%	
HP_ABNORMAL_EYELASH_MORPHOLOGY	HP_ABNORMAL_EYELASH_MORPHOLOGY		250	-0.17133291	-0.9377223	0.6552901	0.8527016	1.0	3436	tags=27%, list=23%, signal=34%	
GOBP_DEVELOPMENTAL_INDUCTION	GOBP_DEVELOPMENTAL_INDUCTION		33	-0.25082767	-0.9374176	0.5344828	0.8533109	1.0	373	tags=12%, list=2%, signal=12%	
HP_HYPOPLASIA_OF_PENIS	HP_HYPOPLASIA_OF_PENIS		359	-0.16552961	-0.93728894	0.6981132	0.85339326	1.0	3285	tags=24%, list=22%, signal=30%	
GOMF_LIGAND_GATED_CHANNEL_ACTIVITY	GOMF_LIGAND_GATED_CHANNEL_ACTIVITY		154	-0.18334818	-0.93727475	0.610951	0.8531115	1.0	1387	tags=14%, list=9%, signal=15%	
GOCC_CIS_GOLGI_NETWORK	GOCC_CIS_GOLGI_NETWORK		63	-0.21203336	-0.93722516	0.5822785	0.85294956	1.0	3422	tags=29%, list=23%, signal=37%	
GOBP_REGULATION_OF_PLASMA_LIPOPROTEIN_PARTICLE_LEVELS	GOBP_REGULATION_OF_PLASMA_LIPOPROTEIN_PARTICLE_LEVELS		62	-0.21798633	-0.9369941	0.58914727	0.85334194	1.0	2114	tags=18%, list=14%, signal=21%	
HP_ABNORMAL_BRAIN_EVOKED_POTENTIALS	HP_ABNORMAL_BRAIN_EVOKED_POTENTIALS		101	-0.19487472	-0.9366878	0.6267806	0.8539427	1.0	4760	tags=34%, list=32%, signal=49%	
GOBP_POSITIVE_REGULATION_OF_PROTEIN_LOCALIZATION	GOBP_POSITIVE_REGULATION_OF_PROTEIN_LOCALIZATION		442	-0.16048028	-0.9364338	0.7478261	0.8544007	1.0	3845	tags=27%, list=25%, signal=35%	
GOBP_POSITIVE_REGULATION_OF_CYCLASE_ACTIVITY	GOBP_POSITIVE_REGULATION_OF_CYCLASE_ACTIVITY		15	-0.31272924	-0.9360937	0.54408604	0.85513985	1.0	3877	tags=47%, list=26%, signal=63%	
HP_PROXIMAL_MUSCLE_WEAKNESS	HP_PROXIMAL_MUSCLE_WEAKNESS		226	-0.17334345	-0.9359085	0.6797583	0.85541064	1.0	3821	tags=28%, list=25%, signal=37%	
GOBP_MITOCHONDRIAL_GENOME_MAINTENANCE	GOBP_MITOCHONDRIAL_GENOME_MAINTENANCE		28	-0.26257688	-0.93579686	0.5687204	0.8554445	1.0	2954	tags=32%, list=20%, signal=40%	
HP_INCREASED_BODY_WEIGHT	HP_INCREASED_BODY_WEIGHT		346	-0.16496925	-0.93540215	0.72893775	0.8563296	1.0	4101	tags=30%, list=27%, signal=41%	
GOBP_MRNA_TRANSPORT	GOBP_MRNA_TRANSPORT		117	-0.19329439	-0.9350924	0.606469	0.85696375	1.0	4235	tags=32%, list=28%, signal=44%	
HP_ABNORMAL_PREPUTIUM_MORPHOLOGY	HP_ABNORMAL_PREPUTIUM_MORPHOLOGY		31	-0.25527176	-0.93500364	0.52771616	0.8569331	1.0	2023	tags=19%, list=13%, signal=22%	
GOBP_CHONDROITIN_SULFATE_PROTEOGLYCAN_BIOSYNTHETIC_PROCESS	GOBP_CHONDROITIN_SULFATE_PROTEOGLYCAN_BIOSYNTHETIC_PROCESS		21	-0.2805515	-0.93499506	0.5555556	0.8566461	1.0	966	tags=14%, list=6%, signal=15%	
GOMF_CYCLIC_NUCLEOTIDE_PHOSPHODIESTERASE_ACTIVITY	GOMF_CYCLIC_NUCLEOTIDE_PHOSPHODIESTERASE_ACTIVITY		21	-0.27741095	-0.934926	0.55921054	0.8565223	1.0	2309	tags=29%, list=15%, signal=34%	
HP_ABNORMAL_BRAIN_N_ACETYL_ASPARTATE_LEVEL_BY_MRS	HP_ABNORMAL_BRAIN_N_ACETYL_ASPARTATE_LEVEL_BY_MRS		21	-0.28696674	-0.9349052	0.55432373	0.8562695	1.0	4242	tags=38%, list=28%, signal=53%	
GOCC_PROTEIN_COMPLEX_INVOLVED_IN_CELL_MATRIX_ADHESION	GOCC_PROTEIN_COMPLEX_INVOLVED_IN_CELL_MATRIX_ADHESION		15	-0.30746666	-0.9342674	0.545055	0.85792834	1.0	4939	tags=47%, list=33%, signal=69%	
HP_PERIPHERAL_NEUROPATHY	HP_PERIPHERAL_NEUROPATHY		423	-0.16261764	-0.93424803	0.7234042	0.8576701	1.0	3202	tags=22%, list=21%, signal=27%	
HP_UPPER_LIMB_HYPERREFLEXIA	HP_UPPER_LIMB_HYPERREFLEXIA		22	-0.28048474	-0.9341301	0.55069125	0.8577379	1.0	4163	tags=50%, list=28%, signal=69%	
GOBP_CELLULAR_RESPONSE_TO_RADIATION	GOBP_CELLULAR_RESPONSE_TO_RADIATION		149	-0.1842067	-0.9340069	0.6360947	0.85781413	1.0	3170	tags=22%, list=21%, signal=28%	
HP_PRENATAL_MOVEMENT_ABNORMALITY	HP_PRENATAL_MOVEMENT_ABNORMALITY		208	-0.17552403	-0.9339205	0.6981707	0.85775876	1.0	4177	tags=30%, list=28%, signal=41%	
HP_ABNORMAL_IRIS_PIGMENTATION	HP_ABNORMAL_IRIS_PIGMENTATION		131	-0.18575107	-0.9338212	0.6456456	0.8577395	1.0	3816	tags=32%, list=25%, signal=43%	
GOBP_CELL_CELL_SIGNALING_INVOLVED_IN_CARDIAC_CONDUCTION	GOBP_CELL_CELL_SIGNALING_INVOLVED_IN_CARDIAC_CONDUCTION		25	-0.27099892	-0.9337345	0.54401803	0.8577043	1.0	609	tags=12%, list=4%, signal=12%	
HP_DELAYED_CLOSURE_OF_THE_ANTERIOR_FONTANELLE	HP_DELAYED_CLOSURE_OF_THE_ANTERIOR_FONTANELLE		32	-0.2570546	-0.93342	0.58371043	0.8583574	1.0	1618	tags=19%, list=11%, signal=21%	
HP_PERIVENTRICULAR_CYSTS	HP_PERIVENTRICULAR_CYSTS		15	-0.30857402	-0.9333252	0.5426696	0.8583333	1.0	3383	tags=40%, list=22%, signal=51%	
GOCC_MITOTIC_SPINDLE	GOCC_MITOTIC_SPINDLE		177	-0.17820117	-0.9332258	0.65868264	0.8583316	1.0	2605	tags=18%, list=17%, signal=21%	
GOBP_REGULATION_OF_TRANSCRIPTION_BY_RNA_POLYMERASE_III	GOBP_REGULATION_OF_TRANSCRIPTION_BY_RNA_POLYMERASE_III		28	-0.26389343	-0.9330608	0.57177615	0.85853386	1.0	4477	tags=43%, list=30%, signal=61%	
HP_EXTERNAL_OPHTHALMOPLEGIA	HP_EXTERNAL_OPHTHALMOPLEGIA		56	-0.21926713	-0.93292964	0.5971223	0.8586321	1.0	4420	tags=34%, list=29%, signal=48%	
HP_HALLUCINATIONS	HP_HALLUCINATIONS		132	-0.18818787	-0.9327336	0.672	0.8589137	1.0	3663	tags=27%, list=24%, signal=36%	
GOBP_TYPE_B_PANCREATIC_CELL_DEVELOPMENT	GOBP_TYPE_B_PANCREATIC_CELL_DEVELOPMENT		20	-0.28633767	-0.93267345	0.5230415	0.8587796	1.0	3225	tags=30%, list=21%, signal=38%	
HP_CURLY_HAIR	HP_CURLY_HAIR		33	-0.24587889	-0.9324074	0.58168316	0.85926765	1.0	1755	tags=18%, list=12%, signal=21%	
GOMF_EXTRACELLULAR_MATRIX_BINDING	GOMF_EXTRACELLULAR_MATRIX_BINDING		62	-0.21444546	-0.93218845	0.62051284	0.8596229	1.0	2764	tags=24%, list=18%, signal=29%	
GOMF_ACTIN_MONOMER_BINDING	GOMF_ACTIN_MONOMER_BINDING		26	-0.26271677	-0.9321366	0.5547786	0.8594809	1.0	1079	tags=19%, list=7%, signal=21%	
GOMF_PHOSPHATIDYLCHOLINE_BINDING	GOMF_PHOSPHATIDYLCHOLINE_BINDING		24	-0.27024463	-0.9319321	0.5515695	0.85980433	1.0	3738	tags=33%, list=25%, signal=44%	
HP_MYOPATHY	HP_MYOPATHY		274	-0.16720128	-0.93186474	0.7389937	0.8597069	1.0	4082	tags=31%, list=27%, signal=42%	
GOBP_REGULATION_OF_CATECHOLAMINE_SECRETION	GOBP_REGULATION_OF_CATECHOLAMINE_SECRETION		31	-0.24645264	-0.93126506	0.54977375	0.8612428	1.0	4001	tags=39%, list=26%, signal=53%	
GOCC_MITOTIC_SPINDLE_POLE	GOCC_MITOTIC_SPINDLE_POLE		35	-0.24231583	-0.9310071	0.58542717	0.8617513	1.0	1461	tags=11%, list=10%, signal=13%	
GOBP_ENDOCRINE_HORMONE_SECRETION	GOBP_ENDOCRINE_HORMONE_SECRETION		49	-0.22595361	-0.9308455	0.57393485	0.8619162	1.0	2887	tags=27%, list=19%, signal=33%	
GOBP_NEGATIVE_REGULATION_OF_ANTIGEN_RECEPTOR_MEDIATED_SIGNALING_PATHWAY	GOBP_NEGATIVE_REGULATION_OF_ANTIGEN_RECEPTOR_MEDIATED_SIGNALING_PATHWAY		30	-0.25519526	-0.9307897	0.5537757	0.86177003	1.0	2772	tags=33%, list=18%, signal=41%	
GOCC_ENDOPLASMIC_RETICULUM_LUMEN	GOCC_ENDOPLASMIC_RETICULUM_LUMEN		269	-0.16860938	-0.9306547	0.7155963	0.8618694	1.0	4277	tags=32%, list=28%, signal=44%	
GOBP_NEURON_FATE_SPECIFICATION	GOBP_NEURON_FATE_SPECIFICATION		32	-0.25051177	-0.9305474	0.5707434	0.86188364	1.0	1692	tags=19%, list=11%, signal=21%	
GOBP_NEGATIVE_REGULATION_OF_TRANSMEMBRANE_TRANSPORT	GOBP_NEGATIVE_REGULATION_OF_TRANSMEMBRANE_TRANSPORT		85	-0.20355186	-0.9303806	0.6121372	0.862083	1.0	2510	tags=21%, list=17%, signal=25%	
HP_SMALL_FACE	HP_SMALL_FACE		131	-0.1879573	-0.92993015	0.66172105	0.86315125	1.0	1316	tags=14%, list=9%, signal=15%	
GOCC_SPINDLE_POLE_CENTROSOME	GOCC_SPINDLE_POLE_CENTROSOME		15	-0.31228995	-0.9298543	0.5536105	0.86305755	1.0	3641	tags=27%, list=24%, signal=35%	
GOBP_NEGATIVE_REGULATION_OF_POST_TRANSLATIONAL_PROTEIN_MODIFICATION	GOBP_NEGATIVE_REGULATION_OF_POST_TRANSLATIONAL_PROTEIN_MODIFICATION		76	-0.20700788	-0.92973465	0.557971	0.8631326	1.0	3128	tags=26%, list=21%, signal=33%	
GOBP_RESPONSE_TO_REACTIVE_OXYGEN_SPECIES	GOBP_RESPONSE_TO_REACTIVE_OXYGEN_SPECIES		169	-0.17998767	-0.9294122	0.6743516	0.8637877	1.0	3977	tags=29%, list=26%, signal=39%	
HP_HOLOPROSENCEPHALY	HP_HOLOPROSENCEPHALY		74	-0.20826598	-0.92937654	0.6076923	0.86358035	1.0	3263	tags=30%, list=22%, signal=38%	
GOBP_VESICLE_TARGETING	GOBP_VESICLE_TARGETING		58	-0.21498558	-0.9292833	0.58290154	0.8635513	1.0	4216	tags=38%, list=28%, signal=52%	
GOBP_CELLULAR_RESPONSE_TO_STEROID_HORMONE_STIMULUS	GOBP_CELLULAR_RESPONSE_TO_STEROID_HORMONE_STIMULUS		182	-0.17920417	-0.92927355	0.6605505	0.86326337	1.0	2613	tags=20%, list=17%, signal=24%	
GOCC_MYOFILAMENT	GOCC_MYOFILAMENT		16	-0.30677602	-0.9291225	0.5424528	0.8634163	1.0	1425	tags=25%, list=9%, signal=28%	
GOBP_RNA_POLYMERASE_II_PREINITIATION_COMPLEX_ASSEMBLY	GOBP_RNA_POLYMERASE_II_PREINITIATION_COMPLEX_ASSEMBLY		54	-0.22385135	-0.9289942	0.58809525	0.86348456	1.0	2929	tags=22%, list=19%, signal=27%	
HP_DELAYED_PUBERTY	HP_DELAYED_PUBERTY		179	-0.17750344	-0.9285298	0.6463768	0.86457497	1.0	2226	tags=17%, list=15%, signal=20%	
GOBP_RESPONSE_TO_FLUID_SHEAR_STRESS	GOBP_RESPONSE_TO_FLUID_SHEAR_STRESS		34	-0.24797511	-0.92837685	0.57384986	0.86471355	1.0	3394	tags=26%, list=22%, signal=34%	
HP_MICRORETROGNATHIA	HP_MICRORETROGNATHIA		75	-0.20576124	-0.9283158	0.60053617	0.8645808	1.0	4962	tags=35%, list=33%, signal=51%	
HP_HEMIVERTEBRAE	HP_HEMIVERTEBRAE		56	-0.22173572	-0.9278033	0.5912409	0.86583835	1.0	4331	tags=36%, list=29%, signal=50%	
HP_ABNORMAL_STERNUM_MORPHOLOGY	HP_ABNORMAL_STERNUM_MORPHOLOGY		421	-0.16226165	-0.9277862	0.77868855	0.86557645	1.0	3904	tags=28%, list=26%, signal=37%	
GOBP_REGULATION_OF_CARBOHYDRATE_BIOSYNTHETIC_PROCESS	GOBP_REGULATION_OF_CARBOHYDRATE_BIOSYNTHETIC_PROCESS		81	-0.20314053	-0.92771286	0.5903308	0.86549103	1.0	3492	tags=28%, list=23%, signal=37%	
GOBP_POSITIVE_REGULATION_OF_CELL_DEVELOPMENT	GOBP_POSITIVE_REGULATION_OF_CELL_DEVELOPMENT		361	-0.1638821	-0.9276013	0.76153845	0.86550206	1.0	2803	tags=21%, list=19%, signal=25%	
HP_SMALL_SCROTUM	HP_SMALL_SCROTUM		57	-0.2202739	-0.9274285	0.6091954	0.86570823	1.0	3514	tags=26%, list=23%, signal=34%	
GOBP_CELLULAR_RESPONSE_TO_STEROL	GOBP_CELLULAR_RESPONSE_TO_STEROL		19	-0.2824286	-0.9274027	0.5639913	0.86546654	1.0	2855	tags=32%, list=19%, signal=39%	
HP_APLASIA_CUTIS_CONGENITA	HP_APLASIA_CUTIS_CONGENITA		38	-0.23534752	-0.92738676	0.5541872	0.86519665	1.0	2170	tags=18%, list=14%, signal=21%	
HP_DELAYED_ERUPTION_OF_TEETH	HP_DELAYED_ERUPTION_OF_TEETH		160	-0.1793751	-0.92736894	0.6938776	0.8649398	1.0	3873	tags=29%, list=26%, signal=38%	
GOBP_ENDODERM_DEVELOPMENT	GOBP_ENDODERM_DEVELOPMENT		72	-0.20956303	-0.92726624	0.6058201	0.86494964	1.0	2608	tags=21%, list=17%, signal=25%	
HP_ABNORMAL_GLOBUS_PALLIDUS_MORPHOLOGY	HP_ABNORMAL_GLOBUS_PALLIDUS_MORPHOLOGY		23	-0.2777204	-0.9270684	0.537931	0.86521524	1.0	3036	tags=35%, list=20%, signal=43%	
GOBP_DNA_INTEGRITY_CHECKPOINT_SIGNALING	GOBP_DNA_INTEGRITY_CHECKPOINT_SIGNALING		108	-0.1923103	-0.92699003	0.62096775	0.8651409	1.0	3616	tags=27%, list=24%, signal=35%	
HP_OVERLAPPING_TOE	HP_OVERLAPPING_TOE		66	-0.20939614	-0.92684144	0.62142855	0.8652721	1.0	3663	tags=27%, list=24%, signal=36%	
GOBP_AMEBOIDAL_TYPE_CELL_MIGRATION	GOBP_AMEBOIDAL_TYPE_CELL_MIGRATION		216	-0.1735365	-0.9266676	0.6765677	0.86547405	1.0	3435	tags=26%, list=23%, signal=33%	
HP_EPISODIC_PAIN	HP_EPISODIC_PAIN		29	-0.2540544	-0.92625403	0.5952381	0.8663923	1.0	4705	tags=41%, list=31%, signal=60%	
GOBP_POSITIVE_REGULATION_OF_PROTEIN_POLYMERIZATION	GOBP_POSITIVE_REGULATION_OF_PROTEIN_POLYMERIZATION		81	-0.20460875	-0.92585045	0.62068963	0.8672988	1.0	3493	tags=31%, list=23%, signal=40%	
GOBP_SPHINGOLIPID_MEDIATED_SIGNALING_PATHWAY	GOBP_SPHINGOLIPID_MEDIATED_SIGNALING_PATHWAY		16	-0.30652437	-0.9256131	0.53846157	0.86770016	1.0	1402	tags=25%, list=9%, signal=28%	
GOMF_NUCLEOBASE_CONTAINING_COMPOUND_TRANSMEMBRANE_TRANSPORTER_ACTIVITY	GOMF_NUCLEOBASE_CONTAINING_COMPOUND_TRANSMEMBRANE_TRANSPORTER_ACTIVITY		47	-0.22667578	-0.92507905	0.6131387	0.8689657	1.0	5152	tags=55%, list=34%, signal=84%	
GOBP_REGULATION_OF_STEM_CELL_DIFFERENTIATION	GOBP_REGULATION_OF_STEM_CELL_DIFFERENTIATION		75	-0.20777705	-0.92492765	0.5780822	0.86908233	1.0	2109	tags=20%, list=14%, signal=23%	
GOBP_FOREBRAIN_CELL_MIGRATION	GOBP_FOREBRAIN_CELL_MIGRATION		60	-0.21556894	-0.9248599	0.5894207	0.86897975	1.0	1298	tags=15%, list=9%, signal=16%	
HP_ABNORMALITY_OF_THE_PERIPHERAL_NERVOUS_SYSTEM	HP_ABNORMALITY_OF_THE_PERIPHERAL_NERVOUS_SYSTEM		411	-0.159898	-0.92478997	0.75090253	0.8688542	1.0	3101	tags=22%, list=21%, signal=27%	
GOBP_FOREBRAIN_NEURON_DEVELOPMENT	GOBP_FOREBRAIN_NEURON_DEVELOPMENT		37	-0.23788176	-0.9247097	0.59952605	0.86877084	1.0	3977	tags=35%, list=26%, signal=48%	
HP_ABNORMAL_SENSORY_NERVE_CONDUCTION_VELOCITY	HP_ABNORMAL_SENSORY_NERVE_CONDUCTION_VELOCITY		27	-0.26090032	-0.92470896	0.55813956	0.8684586	1.0	4760	tags=44%, list=32%, signal=65%	
GOBP_EXOCYTIC_PROCESS	GOBP_EXOCYTIC_PROCESS		88	-0.19938435	-0.9246202	0.6376405	0.86840624	1.0	3838	tags=30%, list=25%, signal=39%	
HP_WIDE_NOSE	HP_WIDE_NOSE		113	-0.1880544	-0.92427593	0.6434783	0.8691118	1.0	3161	tags=26%, list=21%, signal=32%	
GOBP_POSITIVE_REGULATION_OF_MACROAUTOPHAGY	GOBP_POSITIVE_REGULATION_OF_MACROAUTOPHAGY		87	-0.2024828	-0.9239573	0.6378378	0.8697452	1.0	5033	tags=39%, list=33%, signal=58%	
GOBP_LOW_DENSITY_LIPOPROTEIN_PARTICLE_CLEARANCE	GOBP_LOW_DENSITY_LIPOPROTEIN_PARTICLE_CLEARANCE		20	-0.28554228	-0.9237757	0.55860347	0.8699905	1.0	2064	tags=20%, list=14%, signal=23%	
GOMF_ORGANIC_CATION_TRANSMEMBRANE_TRANSPORTER_ACTIVITY	GOMF_ORGANIC_CATION_TRANSMEMBRANE_TRANSPORTER_ACTIVITY		64	-0.2135587	-0.92336404	0.5949367	0.870913	1.0	4238	tags=33%, list=28%, signal=45%	
GOCC_RECYCLING_ENDOSOME	GOCC_RECYCLING_ENDOSOME		189	-0.17642339	-0.9229561	0.6957747	0.87178344	1.0	4092	tags=32%, list=27%, signal=44%	
GOBP_REGULATION_OF_RECEPTOR_CLUSTERING	GOBP_REGULATION_OF_RECEPTOR_CLUSTERING		19	-0.28961694	-0.92277545	0.5707965	0.8719896	1.0	5392	tags=53%, list=36%, signal=82%	
GOBP_SYNAPTIC_VESICLE_TRANSPORT	GOBP_SYNAPTIC_VESICLE_TRANSPORT		42	-0.2331482	-0.9227213	0.5797753	0.8718466	1.0	3592	tags=33%, list=24%, signal=44%	
HP_HEMIHYPERTROPHY	HP_HEMIHYPERTROPHY		17	-0.2994941	-0.922647	0.57596374	0.87174475	1.0	1510	tags=18%, list=10%, signal=20%	
HP_ABNORMAL_CARDIAC_TEST	HP_ABNORMAL_CARDIAC_TEST		16	-0.2924859	-0.9226304	0.578022	0.87148046	1.0	3550	tags=31%, list=23%, signal=41%	
HP_LIMB_ATAXIA	HP_LIMB_ATAXIA		81	-0.20556341	-0.92262673	0.60555553	0.87117887	1.0	2359	tags=20%, list=16%, signal=23%	
GOMF_2_IRON_2_SULFUR_CLUSTER_BINDING	GOMF_2_IRON_2_SULFUR_CLUSTER_BINDING		23	-0.27201116	-0.9224119	0.56207675	0.8714855	1.0	4771	tags=52%, list=32%, signal=76%	
HP_EMOTIONAL_LABILITY	HP_EMOTIONAL_LABILITY		140	-0.18294975	-0.9223558	0.67528737	0.8713147	1.0	3328	tags=25%, list=22%, signal=32%	
HP_PSEUDOBULBAR_PARALYSIS	HP_PSEUDOBULBAR_PARALYSIS		21	-0.2735329	-0.9217276	0.5642202	0.87286246	1.0	2478	tags=24%, list=16%, signal=28%	
HP_ABNORMAL_MITOCHONDRIAL_MORPHOLOGY	HP_ABNORMAL_MITOCHONDRIAL_MORPHOLOGY		23	-0.27257663	-0.9215345	0.5902778	0.87312245	1.0	3753	tags=26%, list=25%, signal=35%	
GOBP_RESPONSE_TO_TEMPERATURE_STIMULUS	GOBP_RESPONSE_TO_TEMPERATURE_STIMULUS		147	-0.18211362	-0.92131346	0.6905444	0.87347525	1.0	3119	tags=24%, list=21%, signal=30%	
GOBP_INTRINSIC_APOPTOTIC_SIGNALING_PATHWAY_BY_P53_CLASS_MEDIATOR	GOBP_INTRINSIC_APOPTOTIC_SIGNALING_PATHWAY_BY_P53_CLASS_MEDIATOR		71	-0.20659326	-0.9211505	0.63010204	0.8736563	1.0	2800	tags=24%, list=19%, signal=29%	
HP_DEATH_IN_INFANCY	HP_DEATH_IN_INFANCY		220	-0.17097671	-0.9211159	0.7128378	0.8734518	1.0	3907	tags=30%, list=26%, signal=40%	
GOBP_REGULATION_OF_VESICLE_FUSION	GOBP_REGULATION_OF_VESICLE_FUSION		30	-0.2524957	-0.9209377	0.5511628	0.87365574	1.0	1402	tags=17%, list=9%, signal=18%	
GOBP_MESONEPHROS_DEVELOPMENT	GOBP_MESONEPHROS_DEVELOPMENT		93	-0.19368751	-0.92089903	0.66483516	0.87345195	1.0	3485	tags=29%, list=23%, signal=38%	
GOBP_ESTABLISHMENT_OF_SPINDLE_ORIENTATION	GOBP_ESTABLISHMENT_OF_SPINDLE_ORIENTATION		44	-0.2326015	-0.92086947	0.57816374	0.87321514	1.0	3401	tags=27%, list=23%, signal=35%	
GOBP_ADRENAL_GLAND_DEVELOPMENT	GOBP_ADRENAL_GLAND_DEVELOPMENT		22	-0.27622572	-0.9208622	0.56941175	0.872919	1.0	2752	tags=32%, list=18%, signal=39%	
HP_LONG_PHILTRUM	HP_LONG_PHILTRUM		387	-0.16266263	-0.92068297	0.7679325	0.8731355	1.0	4297	tags=31%, list=28%, signal=42%	
GOBP_REGULATION_OF_INTEGRIN_MEDIATED_SIGNALING_PATHWAY	GOBP_REGULATION_OF_INTEGRIN_MEDIATED_SIGNALING_PATHWAY		21	-0.27645463	-0.9202683	0.53882354	0.8740307	1.0	1581	tags=19%, list=10%, signal=21%	
HP_BREECH_PRESENTATION	HP_BREECH_PRESENTATION		42	-0.23417714	-0.92012125	0.58554214	0.87415236	1.0	1372	tags=14%, list=9%, signal=16%	
GOBP_NITRIC_OXIDE_MEDIATED_SIGNAL_TRANSDUCTION	GOBP_NITRIC_OXIDE_MEDIATED_SIGNAL_TRANSDUCTION		22	-0.27176914	-0.92008525	0.5619469	0.87394714	1.0	2888	tags=27%, list=19%, signal=34%	
HP_GLOSSOPTOSIS	HP_GLOSSOPTOSIS		29	-0.2545394	-0.92006403	0.5592417	0.8737008	1.0	3558	tags=28%, list=24%, signal=36%	
GOMF_METAL_CATION_PROTON_ANTIPORTER_ACTIVITY	GOMF_METAL_CATION_PROTON_ANTIPORTER_ACTIVITY		23	-0.27467048	-0.9200612	0.575179	0.8733949	1.0	1148	tags=22%, list=8%, signal=23%	
GOBP_RAC_PROTEIN_SIGNAL_TRANSDUCTION	GOBP_RAC_PROTEIN_SIGNAL_TRANSDUCTION		50	-0.223858	-0.9200517	0.5749386	0.873106	1.0	3517	tags=26%, list=23%, signal=34%	
HP_FLAT_ACETABULAR_ROOF	HP_FLAT_ACETABULAR_ROOF		30	-0.2522294	-0.9199853	0.57366073	0.87299263	1.0	1567	tags=17%, list=10%, signal=19%	
HP_PREMATURE_SKIN_WRINKLING	HP_PREMATURE_SKIN_WRINKLING		63	-0.20945625	-0.91971034	0.6122449	0.87347114	1.0	3162	tags=27%, list=21%, signal=34%	
GOBP_REGULATION_OF_FIBROBLAST_MIGRATION	GOBP_REGULATION_OF_FIBROBLAST_MIGRATION		35	-0.2405545	-0.91969496	0.6	0.87320477	1.0	3435	tags=29%, list=23%, signal=37%	
GOBP_PEPTIDYL_AMINO_ACID_MODIFICATION	GOBP_PEPTIDYL_AMINO_ACID_MODIFICATION		371	-0.16231246	-0.919552	0.81960785	0.8732935	1.0	3181	tags=23%, list=21%, signal=28%	
GOBP_NEGATIVE_REGULATION_OF_REACTIVE_OXYGEN_SPECIES_METABOLIC_PROCESS	GOBP_NEGATIVE_REGULATION_OF_REACTIVE_OXYGEN_SPECIES_METABOLIC_PROCESS		33	-0.25178102	-0.9194793	0.56294537	0.8732155	1.0	4866	tags=48%, list=32%, signal=71%	
HP_POOR_FINE_MOTOR_COORDINATION	HP_POOR_FINE_MOTOR_COORDINATION		55	-0.21665001	-0.9194476	0.63492066	0.87299615	1.0	1297	tags=13%, list=9%, signal=14%	
GOMF_GLUTAMATE_RECEPTOR_BINDING	GOMF_GLUTAMATE_RECEPTOR_BINDING		45	-0.22793931	-0.91944265	0.6277372	0.87269586	1.0	2536	tags=24%, list=17%, signal=29%	
HP_HIP_OSTEOARTHRITIS	HP_HIP_OSTEOARTHRITIS		15	-0.30219856	-0.91938686	0.5743707	0.872537	1.0	1688	tags=27%, list=11%, signal=30%	
GOBP_PURINE_CONTAINING_COMPOUND_TRANSMEMBRANE_TRANSPORT	GOBP_PURINE_CONTAINING_COMPOUND_TRANSMEMBRANE_TRANSPORT		31	-0.24690577	-0.9191149	0.60150373	0.8730215	1.0	5152	tags=52%, list=34%, signal=78%	
GOBP_FEMALE_GAMETE_GENERATION	GOBP_FEMALE_GAMETE_GENERATION		134	-0.18093976	-0.91882026	0.6486486	0.8735656	1.0	3170	tags=25%, list=21%, signal=31%	
GOBP_BLOOD_VESSEL_REMODELING	GOBP_BLOOD_VESSEL_REMODELING		44	-0.23121941	-0.91873175	0.6135266	0.873508	1.0	1273	tags=16%, list=8%, signal=17%	
GOBP_TRANSLATIONAL_ELONGATION	GOBP_TRANSLATIONAL_ELONGATION		67	-0.20941563	-0.91835845	0.58181816	0.87429047	1.0	2633	tags=19%, list=17%, signal=23%	
GOBP_POSITIVE_REGULATION_OF_STEM_CELL_DIFFERENTIATION	GOBP_POSITIVE_REGULATION_OF_STEM_CELL_DIFFERENTIATION		23	-0.26670685	-0.91826004	0.56880736	0.8742376	1.0	3224	tags=35%, list=21%, signal=44%	
GOBP_REGULATION_OF_SMOOTHENED_SIGNALING_PATHWAY	GOBP_REGULATION_OF_SMOOTHENED_SIGNALING_PATHWAY		86	-0.19768502	-0.9181904	0.65782493	0.87413186	1.0	1692	tags=15%, list=11%, signal=17%	
GOBP_TOLL_LIKE_RECEPTOR_9_SIGNALING_PATHWAY	GOBP_TOLL_LIKE_RECEPTOR_9_SIGNALING_PATHWAY		16	-0.30274582	-0.91778743	0.5539906	0.8750152	1.0	3124	tags=31%, list=21%, signal=39%	
HP_CLEFT_UPPER_LIP	HP_CLEFT_UPPER_LIP		149	-0.18323463	-0.91763985	0.6875	0.87513036	1.0	3285	tags=26%, list=22%, signal=33%	
GOBP_LYSOSOMAL_TRANSPORT	GOBP_LYSOSOMAL_TRANSPORT		110	-0.1891932	-0.917351	0.6569921	0.8756487	1.0	5075	tags=45%, list=34%, signal=68%	
HP_ABNORMAL_SHAPE_OF_THE_PALPEBRAL_FISSURE	HP_ABNORMAL_SHAPE_OF_THE_PALPEBRAL_FISSURE		54	-0.21947724	-0.9172848	0.63316584	0.8755144	1.0	4335	tags=30%, list=29%, signal=41%	
HP_CEREBELLAR_CYST	HP_CEREBELLAR_CYST		149	-0.18325154	-0.91723233	0.6695402	0.8753521	1.0	3294	tags=28%, list=22%, signal=35%	
GOBP_CELLULAR_RESPONSE_TO_ACID_CHEMICAL	GOBP_CELLULAR_RESPONSE_TO_ACID_CHEMICAL		80	-0.20113705	-0.9170751	0.63586956	0.8755138	1.0	3755	tags=28%, list=25%, signal=36%	
GOBP_REGULATION_OF_TRIGLYCERIDE_METABOLIC_PROCESS	GOBP_REGULATION_OF_TRIGLYCERIDE_METABOLIC_PROCESS		35	-0.2386504	-0.9168612	0.57462686	0.8757986	1.0	3049	tags=26%, list=20%, signal=32%	
GOBP_REGULATION_OF_MUSCLE_CELL_DIFFERENTIATION	GOBP_REGULATION_OF_MUSCLE_CELL_DIFFERENTIATION		122	-0.18668494	-0.9165287	0.6573034	0.87647426	1.0	4340	tags=36%, list=29%, signal=50%	
HP_BROAD_EYEBROW	HP_BROAD_EYEBROW		27	-0.25947052	-0.91649526	0.61728394	0.87625533	1.0	4031	tags=37%, list=27%, signal=50%	
HP_CUBITUS_VALGUS	HP_CUBITUS_VALGUS		52	-0.21679385	-0.91574174	0.5984849	0.87812364	1.0	3712	tags=29%, list=25%, signal=38%	
GOBP_DENTATE_GYRUS_DEVELOPMENT	GOBP_DENTATE_GYRUS_DEVELOPMENT		22	-0.2740522	-0.91573113	0.6057269	0.87783843	1.0	3181	tags=36%, list=21%, signal=46%	
GOBP_RESPONSE_TO_FIBROBLAST_GROWTH_FACTOR	GOBP_RESPONSE_TO_FIBROBLAST_GROWTH_FACTOR		99	-0.19411848	-0.91510767	0.6386555	0.87931263	1.0	1767	tags=15%, list=12%, signal=17%	
HP_HEREDITARY_NONPOLYPOSIS_COLORECTAL_CARCINOMA	HP_HEREDITARY_NONPOLYPOSIS_COLORECTAL_CARCINOMA		24	-0.2688919	-0.9142629	0.59232616	0.881459	1.0	2586	tags=25%, list=17%, signal=30%	
HP_INFERIOR_CEREBELLAR_VERMIS_HYPOPLASIA	HP_INFERIOR_CEREBELLAR_VERMIS_HYPOPLASIA		16	-0.304626	-0.91407466	0.5638051	0.88167614	1.0	4889	tags=44%, list=32%, signal=65%	
GOBP_NEGATIVE_REGULATION_OF_INTRINSIC_APOPTOTIC_SIGNALING_PATHWAY_IN_RESPONSE_TO_DNA_DAMAGE_BY_P53_CLASS_MEDIATOR	GOBP_NEGATIVE_REGULATION_OF_INTRINSIC_APOPTOTIC_SIGNALING_PATHWAY_IN_RESPONSE_TO_DNA_DAMAGE_BY_P53_CLASS_MEDIATOR		16	-0.29604998	-0.91360223	0.561086	0.8827436	1.0	2609	tags=38%, list=17%, signal=45%	
HP_DECREASED_LACRIMATION	HP_DECREASED_LACRIMATION		27	-0.25916025	-0.9134676	0.5899772	0.88283104	1.0	3616	tags=30%, list=24%, signal=39%	
GOCC_PLASMA_MEMBRANE_RAFT	GOCC_PLASMA_MEMBRANE_RAFT		94	-0.19362502	-0.913285	0.6311239	0.8830515	1.0	3466	tags=29%, list=23%, signal=37%	
HP_EUNUCHOID_HABITUS	HP_EUNUCHOID_HABITUS		18	-0.28953308	-0.9132538	0.5673913	0.88282436	1.0	573	tags=17%, list=4%, signal=17%	
HP_SEGMENTAL_PERIPHERAL_DEMYELINATION_REMYELINATION	HP_SEGMENTAL_PERIPHERAL_DEMYELINATION_REMYELINATION		16	-0.2930728	-0.9132504	0.578199	0.882522	1.0	3529	tags=31%, list=23%, signal=41%	
GOBP_CELL_MIGRATION_INVOLVED_IN_HEART_DEVELOPMENT	GOBP_CELL_MIGRATION_INVOLVED_IN_HEART_DEVELOPMENT		19	-0.28412345	-0.91323704	0.58426964	0.8822521	1.0	1746	tags=26%, list=12%, signal=30%	
GOBP_RENAL_SYSTEM_PROCESS_INVOLVED_IN_REGULATION_OF_SYSTEMIC_ARTERIAL_BLOOD_PRESSURE	GOBP_RENAL_SYSTEM_PROCESS_INVOLVED_IN_REGULATION_OF_SYSTEMIC_ARTERIAL_BLOOD_PRESSURE		20	-0.28444016	-0.9124715	0.5772947	0.88412	1.0	2450	tags=30%, list=16%, signal=36%	
GOBP_NEGATIVE_REGULATION_OF_ESTABLISHMENT_OF_PROTEIN_LOCALIZATION	GOBP_NEGATIVE_REGULATION_OF_ESTABLISHMENT_OF_PROTEIN_LOCALIZATION		120	-0.1841331	-0.9121653	0.65625	0.8847089	1.0	2475	tags=21%, list=16%, signal=25%	
GOCC_NEURON_PROJECTION_MEMBRANE	GOCC_NEURON_PROJECTION_MEMBRANE		58	-0.21225674	-0.9118689	0.6302521	0.8852086	1.0	3299	tags=29%, list=22%, signal=37%	
HP_PROLONGED_BLEEDING_TIME	HP_PROLONGED_BLEEDING_TIME		44	-0.22541098	-0.91186863	0.62593514	0.8848953	1.0	2184	tags=16%, list=14%, signal=19%	
GOBP_REGULATION_OF_MIRNA_METABOLIC_PROCESS	GOBP_REGULATION_OF_MIRNA_METABOLIC_PROCESS		66	-0.20912506	-0.91171837	0.6291209	0.8850205	1.0	4534	tags=35%, list=30%, signal=50%	
HP_DILATED_FOURTH_VENTRICLE	HP_DILATED_FOURTH_VENTRICLE		147	-0.18059635	-0.9115731	0.6920904	0.8851414	1.0	3398	tags=29%, list=22%, signal=37%	
GOBP_ENDOTHELIAL_CELL_MIGRATION	GOBP_ENDOTHELIAL_CELL_MIGRATION		198	-0.17289707	-0.9114317	0.75974023	0.8852552	1.0	2613	tags=19%, list=17%, signal=23%	
HP_NAUSEA	HP_NAUSEA		72	-0.20213881	-0.911118	0.65609753	0.8858951	1.0	3101	tags=24%, list=21%, signal=30%	
HP_GENERALIZED_HYPOPIGMENTATION_OF_HAIR	HP_GENERALIZED_HYPOPIGMENTATION_OF_HAIR		43	-0.23014618	-0.91063386	0.6263158	0.8869643	1.0	3142	tags=28%, list=21%, signal=35%	
GOBP_GLOMERULAR_MESANGIUM_DEVELOPMENT	GOBP_GLOMERULAR_MESANGIUM_DEVELOPMENT		15	-0.30181056	-0.9104003	0.6069869	0.8873382	1.0	1746	tags=33%, list=12%, signal=38%	
GOBP_PURINE_CONTAINING_COMPOUND_CATABOLIC_PROCESS	GOBP_PURINE_CONTAINING_COMPOUND_CATABOLIC_PROCESS		140	-0.17924452	-0.91034317	0.7264706	0.8871991	1.0	3540	tags=28%, list=23%, signal=36%	
GOMF_MAGNESIUM_ION_BINDING	GOMF_MAGNESIUM_ION_BINDING		201	-0.17177205	-0.9099858	0.68944097	0.88795996	1.0	3765	tags=28%, list=25%, signal=37%	
GOMF_PROTEIN_LIPID_COMPLEX_BINDING	GOMF_PROTEIN_LIPID_COMPLEX_BINDING		23	-0.26513067	-0.9098136	0.60183066	0.88813573	1.0	3499	tags=30%, list=23%, signal=40%	
HP_ABNORMAL_WAIST_TO_HIP_RATIO	HP_ABNORMAL_WAIST_TO_HIP_RATIO		22	-0.27070802	-0.90972793	0.59192824	0.88806206	1.0	2350	tags=27%, list=16%, signal=32%	
GOBP_CARDIAC_MUSCLE_TISSUE_MORPHOGENESIS	GOBP_CARDIAC_MUSCLE_TISSUE_MORPHOGENESIS		41	-0.23017892	-0.90953386	0.60655737	0.8883013	1.0	2689	tags=24%, list=18%, signal=30%	
HP_WEAK_CRY	HP_WEAK_CRY		43	-0.22705531	-0.90940195	0.64572865	0.88836753	1.0	2079	tags=23%, list=14%, signal=27%	
GOBP_MUSCLE_CONTRACTION	GOBP_MUSCLE_CONTRACTION		284	-0.16558978	-0.9088843	0.7657993	0.88956064	1.0	2148	tags=17%, list=14%, signal=19%	
GOBP_POSITIVE_REGULATION_OF_SUPRAMOLECULAR_FIBER_ORGANIZATION	GOBP_POSITIVE_REGULATION_OF_SUPRAMOLECULAR_FIBER_ORGANIZATION		155	-0.1794339	-0.9087379	0.69501466	0.88966966	1.0	2593	tags=22%, list=17%, signal=26%	
HP_ASYMMETRIC_GROWTH	HP_ASYMMETRIC_GROWTH		68	-0.21044073	-0.9087357	0.6601467	0.8893647	1.0	4205	tags=32%, list=28%, signal=45%	
HP_ANTENATAL_ONSET	HP_ANTENATAL_ONSET		215	-0.16892263	-0.90852165	0.74050635	0.88966984	1.0	3829	tags=27%, list=25%, signal=36%	
HP_VERTICAL_SUPRANUCLEAR_GAZE_PALSY	HP_VERTICAL_SUPRANUCLEAR_GAZE_PALSY		30	-0.25474694	-0.90841025	0.5903614	0.8896797	1.0	2796	tags=27%, list=19%, signal=33%	
GOCC_LYSOSOMAL_LUMEN	GOCC_LYSOSOMAL_LUMEN		81	-0.2001719	-0.9074211	0.6725	0.8922174	1.0	3328	tags=28%, list=22%, signal=36%	
GOBP_MONOCYTE_CHEMOTAXIS	GOBP_MONOCYTE_CHEMOTAXIS		37	-0.2360053	-0.90732265	0.6487119	0.8921736	1.0	3477	tags=32%, list=23%, signal=42%	
HP_LOWER_LIMB_AMYOTROPHY	HP_LOWER_LIMB_AMYOTROPHY		79	-0.19886534	-0.90722674	0.65393794	0.8921313	1.0	3807	tags=27%, list=25%, signal=35%	
HP_LARGE_HANDS	HP_LARGE_HANDS		26	-0.25564662	-0.9071251	0.5957944	0.8920852	1.0	1186	tags=15%, list=8%, signal=17%	
HP_LEUKODYSTROPHY	HP_LEUKODYSTROPHY		90	-0.19485708	-0.90707093	0.671916	0.89193135	1.0	4730	tags=34%, list=31%, signal=50%	
HP_DECREASED_CIRCULATING_IGA_CONCENTRATION	HP_DECREASED_CIRCULATING_IGA_CONCENTRATION		72	-0.19912614	-0.9068648	0.65897435	0.892233	1.0	3383	tags=26%, list=22%, signal=34%	
GOBP_POSITIVE_REGULATION_OF_ESTABLISHMENT_OF_PROTEIN_LOCALIZATION	GOBP_POSITIVE_REGULATION_OF_ESTABLISHMENT_OF_PROTEIN_LOCALIZATION		287	-0.16304691	-0.9068302	0.7953668	0.8920119	1.0	3790	tags=27%, list=25%, signal=35%	
HP_SHORT_STEPPED_SHUFFLING_GAIT	HP_SHORT_STEPPED_SHUFFLING_GAIT		15	-0.3009169	-0.9067698	0.58472556	0.8918805	1.0	2478	tags=27%, list=16%, signal=32%	
HP_CHORDEE	HP_CHORDEE		22	-0.26767844	-0.90612423	0.6150235	0.89337814	1.0	1093	tags=14%, list=7%, signal=15%	
GOBP_OLIGOSACCHARIDE_METABOLIC_PROCESS	GOBP_OLIGOSACCHARIDE_METABOLIC_PROCESS		46	-0.22731276	-0.9060198	0.6412777	0.8933795	1.0	2551	tags=22%, list=17%, signal=26%	
HP_DECREASED_ACTIVITY_OF_MITOCHONDRIAL_COMPLEX_I	HP_DECREASED_ACTIVITY_OF_MITOCHONDRIAL_COMPLEX_I		95	-0.1934598	-0.90593195	0.6692913	0.8933308	1.0	4743	tags=39%, list=31%, signal=56%	
HP_ABNORMAL_FETAL_PHYSIOLOGY	HP_ABNORMAL_FETAL_PHYSIOLOGY		267	-0.16350052	-0.9058979	0.7721519	0.8931128	1.0	4234	tags=29%, list=28%, signal=40%	
HP_OBSTRUCTIVE_SLEEP_APNEA	HP_OBSTRUCTIVE_SLEEP_APNEA		76	-0.20260523	-0.9055444	0.6684073	0.8937835	1.0	4077	tags=30%, list=27%, signal=41%	
GOBP_REGULATION_OF_ENDOTHELIAL_CELL_CHEMOTAXIS	GOBP_REGULATION_OF_ENDOTHELIAL_CELL_CHEMOTAXIS		18	-0.28647146	-0.9049086	0.58472556	0.89524597	1.0	1509	tags=28%, list=10%, signal=31%	
HP_CACHEXIA	HP_CACHEXIA		85	-0.19688828	-0.9044975	0.6666667	0.8961227	1.0	1370	tags=12%, list=9%, signal=13%	
GOBP_VENTRAL_SPINAL_CORD_DEVELOPMENT	GOBP_VENTRAL_SPINAL_CORD_DEVELOPMENT		43	-0.22186127	-0.9042886	0.61893207	0.8964021	1.0	2752	tags=21%, list=18%, signal=26%	
GOBP_REGULATION_OF_NEURON_PROJECTION_REGENERATION	GOBP_REGULATION_OF_NEURON_PROJECTION_REGENERATION		25	-0.26608765	-0.90424556	0.58271605	0.89620596	1.0	3068	tags=28%, list=20%, signal=35%	
HP_POIKILODERMA	HP_POIKILODERMA		20	-0.27763143	-0.9041351	0.58373207	0.89620554	1.0	3	tags=5%, list=0%, signal=5%	
GOBP_EXPORT_ACROSS_PLASMA_MEMBRANE	GOBP_EXPORT_ACROSS_PLASMA_MEMBRANE		68	-0.20443995	-0.9039238	0.65384614	0.89648825	1.0	1167	tags=13%, list=8%, signal=14%	
GOBP_RESPONSE_TO_PH	GOBP_RESPONSE_TO_PH		35	-0.23870032	-0.9034583	0.5995475	0.89747334	1.0	2543	tags=23%, list=17%, signal=27%	
GOBP_GLYCOSAMINOGLYCAN_BIOSYNTHETIC_PROCESS	GOBP_GLYCOSAMINOGLYCAN_BIOSYNTHETIC_PROCESS		42	-0.2294041	-0.90335613	0.62953997	0.8974579	1.0	1698	tags=17%, list=11%, signal=19%	
HP_MILD_SHORT_STATURE	HP_MILD_SHORT_STATURE		20	-0.27992857	-0.9032241	0.614486	0.897506	1.0	270	tags=10%, list=2%, signal=10%	
GOMF_MRNA_REGULATORY_ELEMENT_BINDING_TRANSLATION_REPRESSOR_ACTIVITY	GOMF_MRNA_REGULATORY_ELEMENT_BINDING_TRANSLATION_REPRESSOR_ACTIVITY		16	-0.29652807	-0.90310436	0.56880736	0.8975388	1.0	4568	tags=44%, list=30%, signal=63%	
GOBP_HISTONE_MRNA_METABOLIC_PROCESS	GOBP_HISTONE_MRNA_METABOLIC_PROCESS		22	-0.27264985	-0.90293837	0.614486	0.8976855	1.0	1792	tags=18%, list=12%, signal=21%	
GOBP_DENDRITIC_SPINE_MORPHOGENESIS	GOBP_DENDRITIC_SPINE_MORPHOGENESIS		49	-0.22038849	-0.9027537	0.6363636	0.8978958	1.0	3063	tags=29%, list=20%, signal=36%	
GOCC_EXTRINSIC_COMPONENT_OF_ORGANELLE_MEMBRANE	GOCC_EXTRINSIC_COMPONENT_OF_ORGANELLE_MEMBRANE		25	-0.25891277	-0.9027168	0.5963303	0.8976779	1.0	5612	tags=56%, list=37%, signal=89%	
GOBP_PROTEIN_LOCALIZATION_TO_CHROMOSOME_TELOMERIC_REGION	GOBP_PROTEIN_LOCALIZATION_TO_CHROMOSOME_TELOMERIC_REGION		23	-0.26112568	-0.9026248	0.5959368	0.89763767	1.0	3486	tags=39%, list=23%, signal=51%	
HP_THORACIC_HYPOPLASIA	HP_THORACIC_HYPOPLASIA		142	-0.18017976	-0.9022158	0.72206306	0.8984632	1.0	3873	tags=27%, list=26%, signal=37%	
GOBP_POSITIVE_REGULATION_OF_BLOOD_VESSEL_ENDOTHELIAL_CELL_MIGRATION	GOBP_POSITIVE_REGULATION_OF_BLOOD_VESSEL_ENDOTHELIAL_CELL_MIGRATION		48	-0.22206071	-0.90203065	0.6339713	0.8986371	1.0	3244	tags=27%, list=21%, signal=34%	
HP_NEURODEGENERATION	HP_NEURODEGENERATION		71	-0.20469636	-0.9019191	0.6819338	0.8986461	1.0	3616	tags=28%, list=24%, signal=37%	
GOBP_REGULATION_OF_SKELETAL_MUSCLE_CELL_PROLIFERATION	GOBP_REGULATION_OF_SKELETAL_MUSCLE_CELL_PROLIFERATION		15	-0.2985244	-0.9018843	0.59030837	0.89842623	1.0	2925	tags=27%, list=19%, signal=33%	
GOBP_POLYAMINE_METABOLIC_PROCESS	GOBP_POLYAMINE_METABOLIC_PROCESS		15	-0.3030409	-0.9017275	0.602537	0.89856064	1.0	4471	tags=40%, list=30%, signal=57%	
GOBP_POSITIVE_REGULATION_OF_FOCAL_ADHESION_ASSEMBLY	GOBP_POSITIVE_REGULATION_OF_FOCAL_ADHESION_ASSEMBLY		21	-0.27236617	-0.9016639	0.6102088	0.8984296	1.0	1654	tags=19%, list=11%, signal=21%	
HP_ADVANCED_ERUPTION_OF_TEETH	HP_ADVANCED_ERUPTION_OF_TEETH		38	-0.23171405	-0.90130955	0.6371882	0.8990784	1.0	3263	tags=26%, list=22%, signal=33%	
HP_ABNORMALITY_OF_THE_TONGUE	HP_ABNORMALITY_OF_THE_TONGUE		408	-0.15656926	-0.9010495	0.8521739	0.8994911	1.0	3404	tags=24%, list=23%, signal=30%	
GOCC_GOLGI_APPARATUS_SUBCOMPARTMENT	GOCC_GOLGI_APPARATUS_SUBCOMPARTMENT		334	-0.16177224	-0.900713	0.8169014	0.900108	1.0	3994	tags=29%, list=26%, signal=39%	
GOBP_REGULATION_OF_EPITHELIAL_CELL_DIFFERENTIATION	GOBP_REGULATION_OF_EPITHELIAL_CELL_DIFFERENTIATION		123	-0.18155463	-0.9005948	0.7256098	0.90013134	1.0	2505	tags=19%, list=17%, signal=22%	
GOBP_ACTIN_POLYMERIZATION_OR_DEPOLYMERIZATION	GOBP_ACTIN_POLYMERIZATION_OR_DEPOLYMERIZATION		167	-0.17479238	-0.90049016	0.74539876	0.9000948	1.0	3159	tags=23%, list=21%, signal=29%	
HP_SYRINGOMYELIA	HP_SYRINGOMYELIA		30	-0.24522334	-0.90028805	0.64444447	0.9003395	1.0	5315	tags=50%, list=35%, signal=77%	
GOBP_SYNAPTIC_VESICLE_PRIMING	GOBP_SYNAPTIC_VESICLE_PRIMING		26	-0.25344744	-0.900253	0.66067415	0.90011865	1.0	3592	tags=35%, list=24%, signal=45%	
HP_PITUITARY_GROWTH_HORMONE_CELL_ADENOMA	HP_PITUITARY_GROWTH_HORMONE_CELL_ADENOMA		15	-0.3060476	-0.90004385	0.5779221	0.90039307	1.0	2027	tags=20%, list=13%, signal=23%	
GOCC_TRANSCRIPTION_REGULATOR_COMPLEX	GOCC_TRANSCRIPTION_REGULATOR_COMPLEX		434	-0.15731712	-0.89987624	0.84615386	0.9005763	1.0	2880	tags=19%, list=19%, signal=23%	
GOBP_POSITIVE_REGULATION_OF_LAMELLIPODIUM_ORGANIZATION	GOBP_POSITIVE_REGULATION_OF_LAMELLIPODIUM_ORGANIZATION		36	-0.23726462	-0.8998468	0.6609337	0.90034956	1.0	3493	tags=25%, list=23%, signal=32%	
GOBP_REGULATION_OF_T_CELL_DIFFERENTIATION_IN_THYMUS	GOBP_REGULATION_OF_T_CELL_DIFFERENTIATION_IN_THYMUS		24	-0.2634111	-0.8997412	0.63170165	0.9003208	1.0	2687	tags=29%, list=18%, signal=35%	
GOBP_CELL_FATE_SPECIFICATION	GOBP_CELL_FATE_SPECIFICATION		90	-0.19403519	-0.89956087	0.70478725	0.90052676	1.0	3606	tags=31%, list=24%, signal=41%	
GOBP_REGULATION_OF_CELL_MATRIX_ADHESION	GOBP_REGULATION_OF_CELL_MATRIX_ADHESION		104	-0.18902525	-0.8992606	0.70914125	0.90108037	1.0	3257	tags=26%, list=22%, signal=33%	
GOBP_ESTABLISHMENT_OF_CELL_POLARITY	GOBP_ESTABLISHMENT_OF_CELL_POLARITY		149	-0.17528343	-0.89900523	0.70430106	0.90146923	1.0	3401	tags=27%, list=23%, signal=34%	
GOBP_VESICLE_DOCKING	GOBP_VESICLE_DOCKING		55	-0.21051352	-0.898758	0.6407035	0.9018383	1.0	4216	tags=38%, list=28%, signal=53%	
GOBP_NODAL_SIGNALING_PATHWAY	GOBP_NODAL_SIGNALING_PATHWAY		17	-0.29012433	-0.89873844	0.61504424	0.9015785	1.0	2977	tags=35%, list=20%, signal=44%	
GOBP_EXTRACELLULAR_MATRIX_ASSEMBLY	GOBP_EXTRACELLULAR_MATRIX_ASSEMBLY		33	-0.2418311	-0.8986505	0.6115108	0.90150034	1.0	4627	tags=42%, list=31%, signal=61%	
GOCC_SPINDLE	GOCC_SPINDLE		400	-0.15674937	-0.8983288	0.8671875	0.9020894	1.0	3181	tags=20%, list=21%, signal=25%	
HP_AKATHISIA	HP_AKATHISIA		27	-0.2531505	-0.8982482	0.63080686	0.9020029	1.0	2204	tags=26%, list=15%, signal=30%	
HP_TENTED_UPPER_LIP_VERMILION	HP_TENTED_UPPER_LIP_VERMILION		103	-0.1898965	-0.898248	0.7287234	0.9016914	1.0	4773	tags=42%, list=32%, signal=61%	
GOBP_PLATELET_DENSE_GRANULE_ORGANIZATION	GOBP_PLATELET_DENSE_GRANULE_ORGANIZATION		24	-0.261873	-0.8982397	0.6186253	0.90140206	1.0	3700	tags=38%, list=24%, signal=50%	
HP_AGITATION	HP_AGITATION		64	-0.2029393	-0.8978531	0.6683417	0.9021856	1.0	2131	tags=17%, list=14%, signal=20%	
HP_FULL_CHEEKS	HP_FULL_CHEEKS		138	-0.1825911	-0.89779514	0.69298244	0.90202504	1.0	3227	tags=25%, list=21%, signal=32%	
HP_ENLARGED_CISTERNA_MAGNA	HP_ENLARGED_CISTERNA_MAGNA		59	-0.20575681	-0.89756876	0.6878307	0.90234476	1.0	2442	tags=20%, list=16%, signal=24%	
HP_IMPAIRED_PAIN_SENSATION	HP_IMPAIRED_PAIN_SENSATION		66	-0.2020076	-0.8975267	0.68929505	0.90216184	1.0	4182	tags=32%, list=28%, signal=44%	
GOBP_REGULATION_OF_NEUROTRANSMITTER_RECEPTOR_LOCALIZATION_TO_POSTSYNAPTIC_SPECIALIZATION_MEMBRANE	GOBP_REGULATION_OF_NEUROTRANSMITTER_RECEPTOR_LOCALIZATION_TO_POSTSYNAPTIC_SPECIALIZATION_MEMBRANE		17	-0.2892789	-0.897317	0.60232556	0.9024347	1.0	5584	tags=59%, list=37%, signal=93%	
HP_FOCAL_HEMICLONIC_SEIZURE	HP_FOCAL_HEMICLONIC_SEIZURE		21	-0.27405673	-0.89725345	0.58715594	0.9023055	1.0	4201	tags=43%, list=28%, signal=59%	
GOBP_NEPHRON_EPITHELIUM_DEVELOPMENT	GOBP_NEPHRON_EPITHELIUM_DEVELOPMENT		109	-0.1848866	-0.8972122	0.7038961	0.90211177	1.0	3485	tags=32%, list=23%, signal=41%	
GOMF_TRANSMEMBRANE_TRANSPORTER_BINDING	GOMF_TRANSMEMBRANE_TRANSPORTER_BINDING		125	-0.18304324	-0.89677334	0.7201087	0.90303147	1.0	2536	tags=20%, list=17%, signal=24%	
GOCC_CUL5_RING_UBIQUITIN_LIGASE_COMPLEX	GOCC_CUL5_RING_UBIQUITIN_LIGASE_COMPLEX		15	-0.2987236	-0.8965744	0.59347826	0.9032901	1.0	391	tags=13%, list=3%, signal=14%	
HP_COMMUNICATING_HYDROCEPHALUS	HP_COMMUNICATING_HYDROCEPHALUS		19	-0.27689752	-0.8959219	0.61946905	0.90475774	1.0	4285	tags=37%, list=28%, signal=51%	
HP_RENAL_CELL_CARCINOMA	HP_RENAL_CELL_CARCINOMA		49	-0.21825755	-0.8958476	0.66976744	0.9046439	1.0	1327	tags=16%, list=9%, signal=18%	
HP_ENCEPHALOPATHY	HP_ENCEPHALOPATHY		307	-0.16067824	-0.89568865	0.840678	0.90476245	1.0	4242	tags=30%, list=28%, signal=41%	
GOBP_REGULATION_OF_RESPONSE_TO_WOUNDING	GOBP_REGULATION_OF_RESPONSE_TO_WOUNDING		133	-0.18184616	-0.895624	0.74931127	0.9046245	1.0	3343	tags=26%, list=22%, signal=33%	
HP_POSITIONAL_FOOT_DEFORMITY	HP_POSITIONAL_FOOT_DEFORMITY		423	-0.15466589	-0.89546424	0.89495796	0.9047673	1.0	3832	tags=27%, list=25%, signal=35%	
GOBP_VESICLE_DOCKING_INVOLVED_IN_EXOCYTOSIS	GOBP_VESICLE_DOCKING_INVOLVED_IN_EXOCYTOSIS		35	-0.24075018	-0.8952877	0.62376237	0.9049207	1.0	1804	tags=20%, list=12%, signal=23%	
GOBP_REGULATION_OF_ACTIN_FILAMENT_LENGTH	GOBP_REGULATION_OF_ACTIN_FILAMENT_LENGTH		137	-0.17809807	-0.89519775	0.73099416	0.9048609	1.0	2098	tags=17%, list=14%, signal=19%	
GOMF_TRANSCRIPTION_COREGULATOR_BINDING	GOMF_TRANSCRIPTION_COREGULATOR_BINDING		103	-0.1853892	-0.8951337	0.7248677	0.90472347	1.0	4710	tags=37%, list=31%, signal=53%	
HP_PROMINENT_SUPERFICIAL_BLOOD_VESSELS	HP_PROMINENT_SUPERFICIAL_BLOOD_VESSELS		32	-0.23982942	-0.8944365	0.6142857	0.90631026	1.0	1562	tags=16%, list=10%, signal=17%	
GOBP_MITOCHONDRIAL_FUSION	GOBP_MITOCHONDRIAL_FUSION		33	-0.23907451	-0.89436567	0.6443914	0.90620154	1.0	3512	tags=33%, list=23%, signal=43%	
HP_PROTUBERANT_ABDOMEN	HP_PROTUBERANT_ABDOMEN		41	-0.22497165	-0.8941213	0.64987403	0.9065694	1.0	3349	tags=29%, list=22%, signal=38%	
GOBP_POSITIVE_REGULATION_OF_INTERLEUKIN_2_PRODUCTION	GOBP_POSITIVE_REGULATION_OF_INTERLEUKIN_2_PRODUCTION		22	-0.26524174	-0.89394134	0.6363636	0.90672964	1.0	3153	tags=36%, list=21%, signal=46%	
GOBP_ANATOMICAL_STRUCTURE_ARRANGEMENT	GOBP_ANATOMICAL_STRUCTURE_ARRANGEMENT		16	-0.29036433	-0.89385444	0.58986175	0.9066456	1.0	3699	tags=44%, list=24%, signal=58%	
HP_ABNORMAL_FEMORAL_NECK_HEAD_MORPHOLOGY	HP_ABNORMAL_FEMORAL_NECK_HEAD_MORPHOLOGY		176	-0.17134209	-0.8935628	0.7993827	0.9071103	1.0	4484	tags=33%, list=30%, signal=46%	
GOBP_GLYCOPROTEIN_BIOSYNTHETIC_PROCESS	GOBP_GLYCOPROTEIN_BIOSYNTHETIC_PROCESS		272	-0.16155845	-0.89316803	0.81208056	0.90787905	1.0	3924	tags=25%, list=26%, signal=34%	
HP_EPIPHORA	HP_EPIPHORA		28	-0.25240213	-0.89307934	0.604119	0.9078237	1.0	3982	tags=36%, list=26%, signal=48%	
GOBP_GTP_METABOLIC_PROCESS	GOBP_GTP_METABOLIC_PROCESS		22	-0.2691342	-0.89296764	0.6168224	0.9078195	1.0	2355	tags=23%, list=16%, signal=27%	
HP_ABNORMAL_FINGERTIP_MORPHOLOGY	HP_ABNORMAL_FINGERTIP_MORPHOLOGY		80	-0.1956592	-0.89287907	0.65796345	0.9077643	1.0	2522	tags=23%, list=17%, signal=27%	
GOBP_RESPONSE_TO_MUSCLE_ACTIVITY	GOBP_RESPONSE_TO_MUSCLE_ACTIVITY		21	-0.27321398	-0.8925535	0.63386726	0.9083387	1.0	2632	tags=24%, list=17%, signal=29%	
GOBP_REGULATION_OF_PHOSPHOLIPID_BIOSYNTHETIC_PROCESS	GOBP_REGULATION_OF_PHOSPHOLIPID_BIOSYNTHETIC_PROCESS		16	-0.29352266	-0.89254785	0.6018735	0.90804267	1.0	2813	tags=38%, list=19%, signal=46%	
HP_HEAD_TREMOR	HP_HEAD_TREMOR		43	-0.22581944	-0.89253753	0.66132724	0.907763	1.0	3070	tags=26%, list=20%, signal=32%	
HP_APLASIA_HYPOPLASIA_OF_THE_NAILS	HP_APLASIA_HYPOPLASIA_OF_THE_NAILS		232	-0.16514233	-0.8916566	0.8273616	0.9098161	1.0	2396	tags=19%, list=16%, signal=22%	
GOBP_ENTEROENDOCRINE_CELL_DIFFERENTIATION	GOBP_ENTEROENDOCRINE_CELL_DIFFERENTIATION		30	-0.2446696	-0.8906464	0.61938536	0.9122346	1.0	3514	tags=30%, list=23%, signal=39%	
HP_DECREASED_ACTIVITY_OF_MITOCHONDRIAL_COMPLEX_III	HP_DECREASED_ACTIVITY_OF_MITOCHONDRIAL_COMPLEX_III		45	-0.21864535	-0.89037263	0.64705884	0.9126559	1.0	3986	tags=38%, list=26%, signal=51%	
GOBP_ATTACHMENT_OF_MITOTIC_SPINDLE_MICROTUBULES_TO_KINETOCHORE	GOBP_ATTACHMENT_OF_MITOTIC_SPINDLE_MICROTUBULES_TO_KINETOCHORE		25	-0.25362942	-0.8902531	0.66206896	0.91268855	1.0	11285	tags=100%, list=75%, signal=394%	
HP_IMPAIRMENT_IN_PERSONALITY_FUNCTIONING	HP_IMPAIRMENT_IN_PERSONALITY_FUNCTIONING		195	-0.16912208	-0.8902446	0.8011869	0.9124022	1.0	3328	tags=24%, list=22%, signal=30%	
GOBP_REGULATION_OF_PROTEIN_CONTAINING_COMPLEX_DISASSEMBLY	GOBP_REGULATION_OF_PROTEIN_CONTAINING_COMPLEX_DISASSEMBLY		120	-0.18310042	-0.8901809	0.7080925	0.91225696	1.0	4053	tags=27%, list=27%, signal=36%	
HP_SECOND_TRIMESTER_ONSET	HP_SECOND_TRIMESTER_ONSET		44	-0.22199321	-0.8901031	0.65632457	0.91215557	1.0	3658	tags=27%, list=24%, signal=36%	
GOBP_REGULATION_OF_REACTIVE_OXYGEN_SPECIES_METABOLIC_PROCESS	GOBP_REGULATION_OF_REACTIVE_OXYGEN_SPECIES_METABOLIC_PROCESS		116	-0.18267532	-0.8900408	0.7259887	0.9120091	1.0	3287	tags=25%, list=22%, signal=32%	
HP_AUTISM	HP_AUTISM		226	-0.1663482	-0.8898787	0.84641635	0.9121358	1.0	4201	tags=31%, list=28%, signal=43%	
GOBP_EXTRINSIC_APOPTOTIC_SIGNALING_PATHWAY_VIA_DEATH_DOMAIN_RECEPTORS	GOBP_EXTRINSIC_APOPTOTIC_SIGNALING_PATHWAY_VIA_DEATH_DOMAIN_RECEPTORS		73	-0.19645792	-0.88981843	0.7077748	0.9119908	1.0	4497	tags=38%, list=30%, signal=54%	
GOMF_ORGANOPHOSPHATE_ESTER_TRANSMEMBRANE_TRANSPORTER_ACTIVITY	GOMF_ORGANOPHOSPHATE_ESTER_TRANSMEMBRANE_TRANSPORTER_ACTIVITY		46	-0.21687593	-0.8895388	0.67758185	0.91242623	1.0	5152	tags=54%, list=34%, signal=82%	
GOBP_REGULATION_OF_CALCIUM_ION_TRANSPORT_INTO_CYTOSOL	GOBP_REGULATION_OF_CALCIUM_ION_TRANSPORT_INTO_CYTOSOL		17	-0.28244245	-0.88933575	0.605598	0.9126745	1.0	397	tags=12%, list=3%, signal=12%	
HP_IRREGULAR_HYPERPIGMENTATION	HP_IRREGULAR_HYPERPIGMENTATION		192	-0.16732165	-0.8893356	0.7777778	0.912364	1.0	3142	tags=21%, list=21%, signal=27%	
GOBP_VASCULAR_ENDOTHELIAL_GROWTH_FACTOR_RECEPTOR_SIGNALING_PATHWAY	GOBP_VASCULAR_ENDOTHELIAL_GROWTH_FACTOR_RECEPTOR_SIGNALING_PATHWAY		55	-0.21027249	-0.88905287	0.64775413	0.91275054	1.0	2608	tags=22%, list=17%, signal=26%	
HP_HOFFMANN_SIGN	HP_HOFFMANN_SIGN		40	-0.22489336	-0.88880104	0.66267943	0.91311604	1.0	2561	tags=20%, list=17%, signal=24%	
GOBP_POSITIVE_REGULATION_OF_ENDOTHELIAL_CELL_MIGRATION	GOBP_POSITIVE_REGULATION_OF_ENDOTHELIAL_CELL_MIGRATION		96	-0.18717523	-0.8879598	0.7126437	0.91511536	1.0	3054	tags=24%, list=20%, signal=30%	
GOBP_REGULATION_OF_LIPID_CATABOLIC_PROCESS	GOBP_REGULATION_OF_LIPID_CATABOLIC_PROCESS		46	-0.21823479	-0.8878436	0.66935486	0.915104	1.0	2911	tags=28%, list=19%, signal=35%	
GOBP_BONE_MINERALIZATION	GOBP_BONE_MINERALIZATION		114	-0.18359564	-0.88783854	0.7478992	0.9148043	1.0	2462	tags=18%, list=16%, signal=21%	
GOBP_CARDIAC_SEPTUM_DEVELOPMENT	GOBP_CARDIAC_SEPTUM_DEVELOPMENT		99	-0.18659094	-0.88768506	0.760989	0.9148916	1.0	1823	tags=16%, list=12%, signal=18%	
GOBP_TRIPARTITE_REGIONAL_SUBDIVISION	GOBP_TRIPARTITE_REGIONAL_SUBDIVISION		15	-0.3040522	-0.8873102	0.6068966	0.91558796	1.0	1194	tags=20%, list=8%, signal=22%	
HP_PLATYSPONDYLY	HP_PLATYSPONDYLY		116	-0.18169582	-0.8872714	0.7255435	0.91539973	1.0	4216	tags=33%, list=28%, signal=45%	
HP_THICKENED_CALVARIA	HP_THICKENED_CALVARIA		38	-0.231322	-0.88705987	0.6466165	0.91563755	1.0	1839	tags=24%, list=12%, signal=27%	
HP_LETHARGY	HP_LETHARGY		218	-0.164448	-0.886856	0.8057325	0.91587657	1.0	2452	tags=20%, list=16%, signal=23%	
GOBP_SNRNA_TRANSCRIPTION	GOBP_SNRNA_TRANSCRIPTION		18	-0.27887875	-0.886813	0.62655604	0.91567427	1.0	4835	tags=44%, list=32%, signal=65%	
HP_BLINDNESS	HP_BLINDNESS		256	-0.1638289	-0.88671577	0.81208056	0.91561174	1.0	4023	tags=29%, list=27%, signal=39%	
HP_HYPERPIGMENTATION_OF_THE_SKIN	HP_HYPERPIGMENTATION_OF_THE_SKIN		267	-0.16198803	-0.8867039	0.8333333	0.91533726	1.0	3145	tags=22%, list=21%, signal=27%	
HP_ABNORMAL_ANTERIOR_CHAMBER_MORPHOLOGY	HP_ABNORMAL_ANTERIOR_CHAMBER_MORPHOLOGY		49	-0.21064672	-0.88659084	0.6814815	0.9153203	1.0	2772	tags=24%, list=18%, signal=30%	
GOMF_WNT_RECEPTOR_ACTIVITY	GOMF_WNT_RECEPTOR_ACTIVITY		15	-0.29777223	-0.8863359	0.62	0.91566193	1.0	1559	tags=20%, list=10%, signal=22%	
HP_VENTRICULAR_TACHYCARDIA	HP_VENTRICULAR_TACHYCARDIA		51	-0.2139194	-0.8862976	0.66329116	0.9154546	1.0	3098	tags=25%, list=21%, signal=32%	
GOBP_NEGATIVE_REGULATION_OF_EPITHELIAL_CELL_MIGRATION	GOBP_NEGATIVE_REGULATION_OF_EPITHELIAL_CELL_MIGRATION		15	-0.29990512	-0.8862975	0.6146993	0.9151451	1.0	2137	tags=40%, list=14%, signal=47%	
GOMF_ADENYLATE_CYCLASE_ACTIVITY	GOMF_ADENYLATE_CYCLASE_ACTIVITY		21	-0.2624537	-0.885948	0.6112412	0.9157748	1.0	4344	tags=38%, list=29%, signal=53%	
GOBP_NEGATIVE_REGULATION_OF_INTRINSIC_APOPTOTIC_SIGNALING_PATHWAY_IN_RESPONSE_TO_DNA_DAMAGE	GOBP_NEGATIVE_REGULATION_OF_INTRINSIC_APOPTOTIC_SIGNALING_PATHWAY_IN_RESPONSE_TO_DNA_DAMAGE		30	-0.24129143	-0.88578576	0.6255708	0.9158947	1.0	3082	tags=30%, list=20%, signal=38%	
HP_MEMORY_IMPAIRMENT	HP_MEMORY_IMPAIRMENT		121	-0.1807845	-0.88569915	0.73783785	0.9158195	1.0	3543	tags=27%, list=23%, signal=35%	
GOBP_REGULATION_OF_BMP_SIGNALING_PATHWAY	GOBP_REGULATION_OF_BMP_SIGNALING_PATHWAY		97	-0.19073057	-0.8853659	0.70535713	0.9163797	1.0	1846	tags=15%, list=12%, signal=18%	
GOBP_PYRIMIDINE_NUCLEOSIDE_TRIPHOSPHATE_METABOLIC_PROCESS	GOBP_PYRIMIDINE_NUCLEOSIDE_TRIPHOSPHATE_METABOLIC_PROCESS		23	-0.25748104	-0.8848193	0.64845604	0.91748464	1.0	3157	tags=30%, list=21%, signal=38%	
GOBP_REGULATION_OF_CHROMOSOME_SEGREGATION	GOBP_REGULATION_OF_CHROMOSOME_SEGREGATION		119	-0.1809906	-0.88437164	0.7183908	0.91836333	1.0	2515	tags=18%, list=17%, signal=21%	
HP_RIMMED_VACUOLES	HP_RIMMED_VACUOLES		40	-0.22439222	-0.88436896	0.7075	0.9180631	1.0	2888	tags=23%, list=19%, signal=28%	
HP_ABNORMAL_NEUTROPHIL_MORPHOLOGY	HP_ABNORMAL_NEUTROPHIL_MORPHOLOGY		16	-0.28811976	-0.8842978	0.64220184	0.9179345	1.0	1457	tags=19%, list=10%, signal=21%	
GOBP_ERBB2_SIGNALING_PATHWAY	GOBP_ERBB2_SIGNALING_PATHWAY		20	-0.2705608	-0.8842593	0.61009175	0.9177291	1.0	113	tags=10%, list=1%, signal=10%	
HP_OVERGROWTH	HP_OVERGROWTH		37	-0.2312844	-0.8840476	0.645	0.9179714	1.0	1372	tags=16%, list=9%, signal=18%	
HP_GOITER	HP_GOITER		45	-0.21820253	-0.8837387	0.69902915	0.9184428	1.0	2796	tags=27%, list=19%, signal=33%	
HP_MOTOR_NEURON_ATROPHY	HP_MOTOR_NEURON_ATROPHY		58	-0.20662919	-0.8835592	0.6968974	0.91859627	1.0	2561	tags=19%, list=17%, signal=23%	
GOCC_INTERCALATED_DISC	GOCC_INTERCALATED_DISC		40	-0.2235698	-0.8830743	0.66835445	0.9195465	1.0	92	tags=8%, list=1%, signal=8%	
GOBP_REGULATION_OF_PROTEIN_TRANSPORT	GOBP_REGULATION_OF_PROTEIN_TRANSPORT		382	-0.15221034	-0.88305724	0.89855075	0.91927314	1.0	3790	tags=26%, list=25%, signal=34%	
GOCC_CLATHRIN_VESICLE_COAT	GOCC_CLATHRIN_VESICLE_COAT		34	-0.23028494	-0.8829883	0.6451613	0.9191356	1.0	2090	tags=24%, list=14%, signal=27%	
GOBP_DNA_DAMAGE_RESPONSE_SIGNAL_TRANSDUCTION_BY_P53_CLASS_MEDIATOR	GOBP_DNA_DAMAGE_RESPONSE_SIGNAL_TRANSDUCTION_BY_P53_CLASS_MEDIATOR		66	-0.2015293	-0.8829436	0.7135417	0.9189448	1.0	2922	tags=23%, list=19%, signal=28%	
GOCC_SPINDLE_MIDZONE	GOCC_SPINDLE_MIDZONE		35	-0.23049963	-0.88293576	0.6587112	0.9186538	1.0	3442	tags=20%, list=23%, signal=26%	
GOBP_VESICLE_TARGETING_TO_FROM_OR_WITHIN_GOLGI	GOBP_VESICLE_TARGETING_TO_FROM_OR_WITHIN_GOLGI		31	-0.24039772	-0.88281447	0.66183573	0.91866136	1.0	4079	tags=42%, list=27%, signal=57%	
GOCC_MEMBRANE_COAT	GOCC_MEMBRANE_COAT		84	-0.19427638	-0.8827881	0.7072539	0.9184195	1.0	3992	tags=31%, list=26%, signal=42%	
GOBP_REGULATION_OF_MICROTUBULE_NUCLEATION	GOBP_REGULATION_OF_MICROTUBULE_NUCLEATION		17	-0.28125712	-0.88269377	0.5631068	0.9183475	1.0	2478	tags=29%, list=16%, signal=35%	
GOCC_H4_HISTONE_ACETYLTRANSFERASE_COMPLEX	GOCC_H4_HISTONE_ACETYLTRANSFERASE_COMPLEX		37	-0.22949645	-0.8824166	0.6455399	0.91876256	1.0	3759	tags=30%, list=25%, signal=39%	
GOMF_AMIDE_TRANSMEMBRANE_TRANSPORTER_ACTIVITY	GOMF_AMIDE_TRANSMEMBRANE_TRANSPORTER_ACTIVITY		36	-0.23725572	-0.882228	0.65967363	0.9189514	1.0	5037	tags=53%, list=33%, signal=79%	
GOBP_BASE_EXCISION_REPAIR	GOBP_BASE_EXCISION_REPAIR		46	-0.21850103	-0.88204175	0.67466664	0.9191351	1.0	4665	tags=41%, list=31%, signal=60%	
HP_ABNORMALITY_OF_LENS_SHAPE	HP_ABNORMALITY_OF_LENS_SHAPE		20	-0.26680103	-0.8817757	0.6801802	0.91949016	1.0	3913	tags=55%, list=26%, signal=74%	
GOBP_SPHINGOLIPID_METABOLIC_PROCESS	GOBP_SPHINGOLIPID_METABOLIC_PROCESS		143	-0.17575485	-0.8817486	0.7781155	0.91924405	1.0	2713	tags=20%, list=18%, signal=24%	
GOBP_CAMP_PKA_SIGNAL_TRANSDUCTION	GOBP_CAMP_PKA_SIGNAL_TRANSDUCTION		29	-0.24245358	-0.8813085	0.63961816	0.92009294	1.0	3457	tags=34%, list=23%, signal=45%	
GOBP_NEGATIVE_REGULATION_OF_INTRACELLULAR_PROTEIN_TRANSPORT	GOBP_NEGATIVE_REGULATION_OF_INTRACELLULAR_PROTEIN_TRANSPORT		36	-0.2286013	-0.8812567	0.6625	0.9199228	1.0	3547	tags=31%, list=23%, signal=40%	
HP_ABNORMAL_MUSCLE_FIBER_MORPHOLOGY	HP_ABNORMAL_MUSCLE_FIBER_MORPHOLOGY		243	-0.16421151	-0.88113916	0.85209006	0.91991407	1.0	4325	tags=31%, list=29%, signal=43%	
GOBP_POSITIVE_REGULATION_OF_NEURON_DIFFERENTIATION	GOBP_POSITIVE_REGULATION_OF_NEURON_DIFFERENTIATION		86	-0.19136508	-0.8811232	0.71389645	0.91964364	1.0	3561	tags=31%, list=24%, signal=41%	
HP_DRY_SKIN	HP_DRY_SKIN		167	-0.17369552	-0.8811007	0.78729284	0.91938454	1.0	4093	tags=29%, list=27%, signal=40%	
GOCC_GAMMA_TUBULIN_COMPLEX	GOCC_GAMMA_TUBULIN_COMPLEX		17	-0.2767649	-0.8808631	0.6185102	0.9197115	1.0	2409	tags=24%, list=16%, signal=28%	
HP_ABNORMAL_ASTROCYTE_MORPHOLOGY	HP_ABNORMAL_ASTROCYTE_MORPHOLOGY		34	-0.23489216	-0.8802704	0.6705069	0.9209316	1.0	3769	tags=38%, list=25%, signal=51%	
HP_PLATYBASIA	HP_PLATYBASIA		16	-0.28731275	-0.8801934	0.5931818	0.92081857	1.0	5219	tags=50%, list=35%, signal=76%	
GOBP_REGULATION_OF_NUCLEAR_DIVISION	GOBP_REGULATION_OF_NUCLEAR_DIVISION		127	-0.17891517	-0.8801056	0.7771883	0.92073524	1.0	2464	tags=17%, list=16%, signal=21%	
GOBP_SPLEEN_DEVELOPMENT	GOBP_SPLEEN_DEVELOPMENT		35	-0.23817225	-0.8794297	0.67418545	0.9221547	1.0	1680	tags=17%, list=11%, signal=19%	
HP_APLASIA_HYPOPLASIA_OF_THE_LENS	HP_APLASIA_HYPOPLASIA_OF_THE_LENS		18	-0.28020236	-0.8791029	0.60640734	0.9226927	1.0	4406	tags=44%, list=29%, signal=63%	
GOMF_INTRAMOLECULAR_TRANSFERASE_ACTIVITY	GOMF_INTRAMOLECULAR_TRANSFERASE_ACTIVITY		27	-0.24677862	-0.87905174	0.6529563	0.9225221	1.0	4738	tags=48%, list=31%, signal=70%	
GOBP_MEGAKARYOCYTE_DIFFERENTIATION	GOBP_MEGAKARYOCYTE_DIFFERENTIATION		50	-0.2111891	-0.8787736	0.6873449	0.92296153	1.0	4499	tags=36%, list=30%, signal=51%	
GOBP_EXTRINSIC_APOPTOTIC_SIGNALING_PATHWAY	GOBP_EXTRINSIC_APOPTOTIC_SIGNALING_PATHWAY		198	-0.16736749	-0.8787299	0.81345564	0.922772	1.0	3287	tags=25%, list=22%, signal=31%	
HP_PATENT_DUCTUS_ARTERIOSUS	HP_PATENT_DUCTUS_ARTERIOSUS		342	-0.15491259	-0.8786203	0.905303	0.92274195	1.0	4178	tags=30%, list=28%, signal=41%	
HP_ABNORMAL_JUDGMENT	HP_ABNORMAL_JUDGMENT		417	-0.1528861	-0.87861425	0.9122807	0.92244625	1.0	3438	tags=25%, list=23%, signal=31%	
GOBP_POSITIVE_REGULATION_OF_MUSCLE_ORGAN_DEVELOPMENT	GOBP_POSITIVE_REGULATION_OF_MUSCLE_ORGAN_DEVELOPMENT		16	-0.28999072	-0.878524	0.60714287	0.922365	1.0	3394	tags=44%, list=22%, signal=56%	
GOBP_NUCLEAR_CHROMOSOME_SEGREGATION	GOBP_NUCLEAR_CHROMOSOME_SEGREGATION		286	-0.1587849	-0.8783398	0.8597786	0.92254525	1.0	3758	tags=23%, list=25%, signal=31%	
HP_URETERAL_OBSTRUCTION	HP_URETERAL_OBSTRUCTION		33	-0.2315074	-0.8782962	0.6519722	0.9223429	1.0	4242	tags=42%, list=28%, signal=59%	
HP_ABNORMAL_RENAL_PELVIS_MORPHOLOGY	HP_ABNORMAL_RENAL_PELVIS_MORPHOLOGY		277	-0.16050011	-0.8781661	0.8430034	0.9223631	1.0	3173	tags=22%, list=21%, signal=27%	
GOBP_REGULATION_OF_MITOCHONDRIAL_GENE_EXPRESSION	GOBP_REGULATION_OF_MITOCHONDRIAL_GENE_EXPRESSION		34	-0.23328818	-0.87807745	0.67146283	0.9222989	1.0	2856	tags=24%, list=19%, signal=29%	
GOBP_APICAL_PROTEIN_LOCALIZATION	GOBP_APICAL_PROTEIN_LOCALIZATION		15	-0.29763302	-0.87802225	0.6220807	0.92214024	1.0	3337	tags=33%, list=22%, signal=43%	
GOBP_VOCALIZATION_BEHAVIOR	GOBP_VOCALIZATION_BEHAVIOR		16	-0.28829777	-0.8771523	0.6310044	0.9240489	1.0	3389	tags=31%, list=22%, signal=40%	
HP_OPTIC_DISC_COLOBOMA	HP_OPTIC_DISC_COLOBOMA		28	-0.23969382	-0.87704533	0.682243	0.92400277	1.0	4610	tags=50%, list=31%, signal=72%	
GOBP_CARDIAC_SEPTUM_MORPHOGENESIS	GOBP_CARDIAC_SEPTUM_MORPHOGENESIS		64	-0.19947104	-0.877002	0.73551637	0.92381084	1.0	1823	tags=16%, list=12%, signal=18%	
GOBP_EXOCRINE_SYSTEM_DEVELOPMENT	GOBP_EXOCRINE_SYSTEM_DEVELOPMENT		47	-0.20833096	-0.8763316	0.6569343	0.9251977	1.0	2813	tags=23%, list=19%, signal=29%	
GOBP_VESICLE_FUSION_TO_PLASMA_MEMBRANE	GOBP_VESICLE_FUSION_TO_PLASMA_MEMBRANE		29	-0.24233714	-0.87626016	0.66267943	0.9250723	1.0	1160	tags=14%, list=8%, signal=15%	
GOBP_POLY_A_PLUS_MRNA_EXPORT_FROM_NUCLEUS	GOBP_POLY_A_PLUS_MRNA_EXPORT_FROM_NUCLEUS		22	-0.2578978	-0.8761303	0.6445916	0.92509073	1.0	5563	tags=55%, list=37%, signal=86%	
GOBP_ORGAN_INDUCTION	GOBP_ORGAN_INDUCTION		22	-0.2590305	-0.8753934	0.66815144	0.9266546	1.0	373	tags=14%, list=2%, signal=14%	
GOBP_HEART_FORMATION	GOBP_HEART_FORMATION		29	-0.23605748	-0.8753554	0.6824324	0.9264481	1.0	1111	tags=17%, list=7%, signal=19%	
GOBP_REGULATION_OF_G_PROTEIN_COUPLED_RECEPTOR_SIGNALING_PATHWAY	GOBP_REGULATION_OF_G_PROTEIN_COUPLED_RECEPTOR_SIGNALING_PATHWAY		135	-0.17399216	-0.8753145	0.7900553	0.9262476	1.0	4266	tags=35%, list=28%, signal=48%	
GOBP_POSITIVE_REGULATION_OF_NATURAL_KILLER_CELL_ACTIVATION	GOBP_POSITIVE_REGULATION_OF_NATURAL_KILLER_CELL_ACTIVATION		18	-0.2762149	-0.87525386	0.63073397	0.92610633	1.0	1149	tags=17%, list=8%, signal=18%	
HP_HIGH_FOREHEAD	HP_HIGH_FOREHEAD		274	-0.15781575	-0.87517595	0.8704819	0.9260031	1.0	4205	tags=30%, list=28%, signal=40%	
HP_BLUE_SCLERAE	HP_BLUE_SCLERAE		94	-0.18969226	-0.87415737	0.738342	0.9282864	1.0	4258	tags=34%, list=28%, signal=47%	
HP_ELEVATED_CIRCULATING_ASPARTATE_AMINOTRANSFERASE_CONCENTRATION	HP_ELEVATED_CIRCULATING_ASPARTATE_AMINOTRANSFERASE_CONCENTRATION		75	-0.19474228	-0.8737628	0.7410926	0.92898595	1.0	2033	tags=17%, list=13%, signal=20%	
GOBP_NEGATIVE_REGULATION_OF_STEM_CELL_POPULATION_MAINTENANCE	GOBP_NEGATIVE_REGULATION_OF_STEM_CELL_POPULATION_MAINTENANCE		22	-0.25986573	-0.8734746	0.65105385	0.9294042	1.0	3895	tags=32%, list=26%, signal=43%	
GOBP_MIDDLE_EAR_MORPHOGENESIS	GOBP_MIDDLE_EAR_MORPHOGENESIS		22	-0.25674772	-0.8734345	0.6732892	0.9291925	1.0	1294	tags=18%, list=9%, signal=20%	
GOBP_DOPAMINE_TRANSPORT	GOBP_DOPAMINE_TRANSPORT		38	-0.2247138	-0.8733496	0.66744184	0.92909354	1.0	3448	tags=32%, list=23%, signal=41%	
HP_CNS_HYPOMYELINATION	HP_CNS_HYPOMYELINATION		85	-0.18978605	-0.87324077	0.75989443	0.9290583	1.0	1837	tags=18%, list=12%, signal=20%	
HP_PROLONGED_PARTIAL_THROMBOPLASTIN_TIME	HP_PROLONGED_PARTIAL_THROMBOPLASTIN_TIME		29	-0.23697948	-0.87316567	0.6675127	0.9289333	1.0	6090	tags=55%, list=40%, signal=92%	
GOBP_PHOSPHATIDYLSERINE_METABOLIC_PROCESS	GOBP_PHOSPHATIDYLSERINE_METABOLIC_PROCESS		20	-0.2652692	-0.8731242	0.6282353	0.9287263	1.0	1668	tags=20%, list=11%, signal=22%	
GOBP_REGULATION_OF_MUSCLE_ADAPTATION	GOBP_REGULATION_OF_MUSCLE_ADAPTATION		70	-0.1961	-0.87284845	0.70478725	0.92912024	1.0	2816	tags=23%, list=19%, signal=28%	
GOBP_CELL_PROLIFERATION_IN_FOREBRAIN	GOBP_CELL_PROLIFERATION_IN_FOREBRAIN		25	-0.24794312	-0.87273645	0.6403941	0.92907757	1.0	768	tags=12%, list=5%, signal=13%	
GOBP_POSITIVE_REGULATION_OF_CARBOHYDRATE_METABOLIC_PROCESS	GOBP_POSITIVE_REGULATION_OF_CARBOHYDRATE_METABOLIC_PROCESS		69	-0.19794858	-0.87269396	0.75126904	0.9288766	1.0	3287	tags=26%, list=22%, signal=33%	
GOBP_NEGATIVE_REGULATION_OF_CHEMOTAXIS	GOBP_NEGATIVE_REGULATION_OF_CHEMOTAXIS		37	-0.22744961	-0.8726932	0.6959799	0.92857057	1.0	4064	tags=41%, list=27%, signal=55%	
HP_ANKYLOGLOSSIA	HP_ANKYLOGLOSSIA		26	-0.24625602	-0.87262774	0.6666667	0.92841804	1.0	2170	tags=23%, list=14%, signal=27%	
GOBP_NUCLEOTIDE_SUGAR_METABOLIC_PROCESS	GOBP_NUCLEOTIDE_SUGAR_METABOLIC_PROCESS		43	-0.21837057	-0.87223434	0.70415646	0.92908794	1.0	6174	tags=51%, list=41%, signal=86%	
GOMF_VOLTAGE_GATED_CHANNEL_ACTIVITY	GOMF_VOLTAGE_GATED_CHANNEL_ACTIVITY		143	-0.17321017	-0.8721912	0.80055404	0.9288898	1.0	2192	tags=18%, list=15%, signal=21%	
GOBP_ENDOCARDIAL_CUSHION_MORPHOGENESIS	GOBP_ENDOCARDIAL_CUSHION_MORPHOGENESIS		36	-0.22870909	-0.8721439	0.6689342	0.9286953	1.0	3769	tags=36%, list=25%, signal=48%	
GOBP_POSITIVE_REGULATION_OF_INTRACELLULAR_PROTEIN_TRANSPORT	GOBP_POSITIVE_REGULATION_OF_INTRACELLULAR_PROTEIN_TRANSPORT		82	-0.18876612	-0.8720467	0.75062346	0.9286252	1.0	3769	tags=27%, list=25%, signal=36%	
HP_UPPER_LIMB_AMYOTROPHY	HP_UPPER_LIMB_AMYOTROPHY		76	-0.19330426	-0.87199086	0.76349616	0.9284574	1.0	4765	tags=38%, list=32%, signal=55%	
HP_APLASIA_HYPOPLASIA_INVOLVING_THE_CARPAL_BONES	HP_APLASIA_HYPOPLASIA_INVOLVING_THE_CARPAL_BONES		17	-0.27899307	-0.87195665	0.63982105	0.9282337	1.0	1418	tags=24%, list=9%, signal=26%	
GOBP_MUSCLE_TISSUE_DEVELOPMENT	GOBP_MUSCLE_TISSUE_DEVELOPMENT		363	-0.15415631	-0.87175983	0.90657437	0.92841476	1.0	2830	tags=20%, list=19%, signal=24%	
GOBP_AMYLOID_PRECURSOR_PROTEIN_CATABOLIC_PROCESS	GOBP_AMYLOID_PRECURSOR_PROTEIN_CATABOLIC_PROCESS		54	-0.20841223	-0.8716963	0.69099754	0.9282657	1.0	1298	tags=13%, list=9%, signal=14%	
GOBP_POSITIVE_REGULATION_OF_VIRAL_PROCESS	GOBP_POSITIVE_REGULATION_OF_VIRAL_PROCESS		53	-0.21485236	-0.8716726	0.7178841	0.92802197	1.0	3170	tags=23%, list=21%, signal=29%	
HP_CRANIOFACIAL_HYPEROSTOSIS	HP_CRANIOFACIAL_HYPEROSTOSIS		24	-0.25468764	-0.87127	0.6443418	0.92874366	1.0	1226	tags=8%, list=8%, signal=9%	
GOMF_RNA_EXONUCLEASE_ACTIVITY	GOMF_RNA_EXONUCLEASE_ACTIVITY		42	-0.22046389	-0.87120605	0.7162791	0.9286088	1.0	4459	tags=31%, list=30%, signal=44%	
HP_ABNORMAL_LEFT_VENTRICULAR_EJECTION_FRACTION	HP_ABNORMAL_LEFT_VENTRICULAR_EJECTION_FRACTION		50	-0.21347214	-0.87110394	0.7036083	0.9285612	1.0	4117	tags=38%, list=27%, signal=52%	
GOBP_REGULATION_OF_TELOMERE_MAINTENANCE_VIA_TELOMERASE	GOBP_REGULATION_OF_TELOMERE_MAINTENANCE_VIA_TELOMERASE		39	-0.22527611	-0.87076944	0.6873508	0.929117	1.0	3486	tags=31%, list=23%, signal=40%	
GOBP_REGULATION_OF_LIPID_BIOSYNTHETIC_PROCESS	GOBP_REGULATION_OF_LIPID_BIOSYNTHETIC_PROCESS		153	-0.17212446	-0.8707491	0.78507465	0.92885846	1.0	3231	tags=25%, list=21%, signal=32%	
HP_APLASIA_HYPOPLASIA_INVOLVING_THE_PELVIS	HP_APLASIA_HYPOPLASIA_INVOLVING_THE_PELVIS		72	-0.19637482	-0.8706207	0.7395833	0.9288635	1.0	4552	tags=39%, list=30%, signal=55%	
HP_HYPOPIGMENTED_SKIN_PATCHES	HP_HYPOPIGMENTED_SKIN_PATCHES		102	-0.18315396	-0.8705612	0.75	0.9287073	1.0	3142	tags=23%, list=21%, signal=28%	
GOBP_TROPHOBLAST_CELL_MIGRATION	GOBP_TROPHOBLAST_CELL_MIGRATION		20	-0.2667147	-0.8702977	0.64285713	0.92904514	1.0	3935	tags=40%, list=26%, signal=54%	
HP_ABNORMAL_LABIA_MORPHOLOGY	HP_ABNORMAL_LABIA_MORPHOLOGY		69	-0.1951828	-0.8701396	0.73424655	0.929107	1.0	1772	tags=16%, list=12%, signal=18%	
GOBP_C4_DICARBOXYLATE_TRANSPORT	GOBP_C4_DICARBOXYLATE_TRANSPORT		24	-0.25215223	-0.8700817	0.6712963	0.92894304	1.0	1888	tags=21%, list=12%, signal=24%	
GOBP_NUCLEOTIDE_SUGAR_BIOSYNTHETIC_PROCESS	GOBP_NUCLEOTIDE_SUGAR_BIOSYNTHETIC_PROCESS		29	-0.24001384	-0.8700708	0.6486486	0.9286657	1.0	6174	tags=55%, list=41%, signal=93%	
GOBP_CELL_MATURATION	GOBP_CELL_MATURATION		163	-0.16996938	-0.8700394	0.8005865	0.9284289	1.0	1966	tags=15%, list=13%, signal=17%	
HP_AXONAL_DEGENERATION	HP_AXONAL_DEGENERATION		22	-0.2587634	-0.86982846	0.6597222	0.9286429	1.0	4708	tags=50%, list=31%, signal=73%	
GOBP_VENTRICULAR_CARDIAC_MUSCLE_TISSUE_DEVELOPMENT	GOBP_VENTRICULAR_CARDIAC_MUSCLE_TISSUE_DEVELOPMENT		41	-0.22057468	-0.8695161	0.7027027	0.92911047	1.0	1810	tags=17%, list=12%, signal=19%	
HP_PROBOSCIS	HP_PROBOSCIS		18	-0.2818907	-0.8694766	0.62616825	0.92889833	1.0	3225	tags=39%, list=21%, signal=49%	
HP_DEATH_IN_CHILDHOOD	HP_DEATH_IN_CHILDHOOD		115	-0.17911418	-0.8694352	0.7905028	0.9286958	1.0	4040	tags=35%, list=27%, signal=47%	
GOBP_APOPTOTIC_PROCESS_INVOLVED_IN_DEVELOPMENT	GOBP_APOPTOTIC_PROCESS_INVOLVED_IN_DEVELOPMENT		35	-0.22452486	-0.8693943	0.7013889	0.9284896	1.0	2647	tags=26%, list=18%, signal=31%	
HP_ABNORMAL_UMBILICUS_MORPHOLOGY	HP_ABNORMAL_UMBILICUS_MORPHOLOGY		274	-0.15820427	-0.8693107	0.87030715	0.92838776	1.0	4196	tags=28%, list=28%, signal=39%	
GOMF_DIOXYGENASE_ACTIVITY	GOMF_DIOXYGENASE_ACTIVITY		77	-0.19322488	-0.86923784	0.73854446	0.9282588	1.0	3133	tags=23%, list=21%, signal=29%	
GOBP_REGULATION_OF_GLUCOSE_METABOLIC_PROCESS	GOBP_REGULATION_OF_GLUCOSE_METABOLIC_PROCESS		87	-0.18660212	-0.86915696	0.7748691	0.9281508	1.0	1510	tags=14%, list=10%, signal=15%	
GOCC_TRANS_GOLGI_NETWORK_TRANSPORT_VESICLE_MEMBRANE	GOCC_TRANS_GOLGI_NETWORK_TRANSPORT_VESICLE_MEMBRANE		18	-0.27372882	-0.8691321	0.6522727	0.92790025	1.0	2958	tags=28%, list=20%, signal=34%	
GOBP_EXTERNAL_ENCAPSULATING_STRUCTURE_ORGANIZATION	GOBP_EXTERNAL_ENCAPSULATING_STRUCTURE_ORGANIZATION		287	-0.15606901	-0.86906254	0.904918	0.92776054	1.0	4175	tags=31%, list=28%, signal=43%	
HP_HYPOPLASIA_OF_THE_IRIS	HP_HYPOPLASIA_OF_THE_IRIS		30	-0.24626829	-0.86906165	0.6666667	0.92745984	1.0	379	tags=13%, list=3%, signal=14%	
GOBP_MORPHOGENESIS_OF_AN_EPITHELIAL_SHEET	GOBP_MORPHOGENESIS_OF_AN_EPITHELIAL_SHEET		58	-0.2075936	-0.8689291	0.72019464	0.9274865	1.0	1746	tags=16%, list=12%, signal=17%	
GOCC_PROTON_TRANSPORTING_ATP_SYNTHASE_COMPLEX	GOCC_PROTON_TRANSPORTING_ATP_SYNTHASE_COMPLEX		20	-0.26724592	-0.86892563	0.6810934	0.9271953	1.0	5632	tags=50%, list=37%, signal=80%	
GOBP_MULTICELLULAR_ORGANISM_GROWTH	GOBP_MULTICELLULAR_ORGANISM_GROWTH		147	-0.17103225	-0.86874294	0.8218391	0.9273425	1.0	2895	tags=21%, list=19%, signal=26%	
GOBP_MYELOID_CELL_DIFFERENTIATION	GOBP_MYELOID_CELL_DIFFERENTIATION		359	-0.15354767	-0.86843497	0.9236364	0.92782813	1.0	2536	tags=17%, list=17%, signal=20%	
GOBP_BRANCH_ELONGATION_OF_AN_EPITHELIUM	GOBP_BRANCH_ELONGATION_OF_AN_EPITHELIUM		20	-0.2593352	-0.86840546	0.66284406	0.92759365	1.0	2520	tags=25%, list=17%, signal=30%	
GOBP_NEGATIVE_REGULATION_OF_CELL_JUNCTION_ASSEMBLY	GOBP_NEGATIVE_REGULATION_OF_CELL_JUNCTION_ASSEMBLY		25	-0.24799241	-0.8682189	0.6574074	0.92775214	1.0	3299	tags=36%, list=22%, signal=46%	
HP_ECTOPIC_ANUS	HP_ECTOPIC_ANUS		82	-0.18925217	-0.8680807	0.781491	0.9277728	1.0	3736	tags=30%, list=25%, signal=40%	
HP_WHITE_HAIR	HP_WHITE_HAIR		20	-0.26421976	-0.8678408	0.6539326	0.928032	1.0	3142	tags=35%, list=21%, signal=44%	
HP_ABNORMALITY_OF_THROMBOCYTES	HP_ABNORMALITY_OF_THROMBOCYTES		418	-0.14884001	-0.86750424	0.95951414	0.9285668	1.0	3328	tags=23%, list=22%, signal=29%	
GOBP_REGULATION_OF_POSITIVE_CHEMOTAXIS	GOBP_REGULATION_OF_POSITIVE_CHEMOTAXIS		22	-0.2668601	-0.86738205	0.6458333	0.92856264	1.0	2458	tags=23%, list=16%, signal=27%	
GOBP_CALCIUM_ION_TRANSPORT_INTO_CYTOSOL	GOBP_CALCIUM_ION_TRANSPORT_INTO_CYTOSOL		26	-0.2503071	-0.8671734	0.6453089	0.9287677	1.0	4255	tags=38%, list=28%, signal=53%	
HP_ABNORMAL_DEMEANOR	HP_ABNORMAL_DEMEANOR		41	-0.2200711	-0.8669665	0.6843318	0.92896754	1.0	3348	tags=24%, list=22%, signal=31%	
HP_ABNORMALITY_OF_THE_UTERUS	HP_ABNORMALITY_OF_THE_UTERUS		209	-0.16195405	-0.86686254	0.86173636	0.9289013	1.0	3223	tags=23%, list=21%, signal=29%	
GOBP_NEURAL_TUBE_FORMATION	GOBP_NEURAL_TUBE_FORMATION		90	-0.18988167	-0.8668201	0.7486631	0.92869294	1.0	3235	tags=26%, list=21%, signal=32%	
GOMF_PROTEIN_SERINE_THREONINE_KINASE_ACTIVATOR_ACTIVITY	GOMF_PROTEIN_SERINE_THREONINE_KINASE_ACTIVATOR_ACTIVITY		68	-0.19766769	-0.8667825	0.6981132	0.92848444	1.0	3407	tags=28%, list=23%, signal=36%	
GOBP_SIGNAL_TRANSDUCTION_INVOLVED_IN_REGULATION_OF_GENE_EXPRESSION	GOBP_SIGNAL_TRANSDUCTION_INVOLVED_IN_REGULATION_OF_GENE_EXPRESSION		25	-0.2512864	-0.86670494	0.66190475	0.9283722	1.0	4913	tags=48%, list=33%, signal=71%	
HP_THORACOLUMBAR_SCOLIOSIS	HP_THORACOLUMBAR_SCOLIOSIS		37	-0.22524597	-0.86661744	0.68899524	0.9282885	1.0	3904	tags=35%, list=26%, signal=47%	
HP_ABNORMAL_METAPHYSEAL_TRABECULATION	HP_ABNORMAL_METAPHYSEAL_TRABECULATION		24	-0.2587701	-0.8664269	0.6605505	0.9284531	1.0	3255	tags=29%, list=22%, signal=37%	
HP_NREM_PARASOMNIA	HP_NREM_PARASOMNIA		16	-0.27920425	-0.8658302	0.6435185	0.9295995	1.0	2900	tags=38%, list=19%, signal=46%	
GOBP_TYPE_B_PANCREATIC_CELL_DIFFERENTIATION	GOBP_TYPE_B_PANCREATIC_CELL_DIFFERENTIATION		25	-0.24991217	-0.86575496	0.69124424	0.9294801	1.0	4972	tags=44%, list=33%, signal=65%	
GOBP_CELLULAR_RESPONSE_TO_PEPTIDE_HORMONE_STIMULUS	GOBP_CELLULAR_RESPONSE_TO_PEPTIDE_HORMONE_STIMULUS		272	-0.15780129	-0.8656327	0.8938907	0.9294654	1.0	3197	tags=22%, list=21%, signal=28%	
GOBP_CARDIOCYTE_DIFFERENTIATION	GOBP_CARDIOCYTE_DIFFERENTIATION		137	-0.17272419	-0.86556345	0.8041775	0.9293301	1.0	3717	tags=28%, list=25%, signal=37%	
GOBP_DNA_REPAIR_DEPENDENT_CHROMATIN_REMODELING	GOBP_DNA_REPAIR_DEPENDENT_CHROMATIN_REMODELING		23	-0.25523165	-0.8650828	0.67420816	0.9301922	1.0	2208	tags=26%, list=15%, signal=31%	
GOBP_REGULATION_OF_LIPID_LOCALIZATION	GOBP_REGULATION_OF_LIPID_LOCALIZATION		128	-0.17386578	-0.8645801	0.82288826	0.9311038	1.0	3049	tags=23%, list=20%, signal=29%	
HP_ABNORMAL_ILIUM_MORPHOLOGY	HP_ABNORMAL_ILIUM_MORPHOLOGY		95	-0.186983	-0.8644465	0.76842105	0.93112904	1.0	4050	tags=33%, list=27%, signal=44%	
HP_PROGRESSIVE_PROXIMAL_MUSCLE_WEAKNESS	HP_PROGRESSIVE_PROXIMAL_MUSCLE_WEAKNESS		23	-0.2567889	-0.86404306	0.68028843	0.9317862	1.0	2076	tags=26%, list=14%, signal=30%	
GOMF_BETA_TUBULIN_BINDING	GOMF_BETA_TUBULIN_BINDING		37	-0.22405267	-0.86402476	0.6970443	0.9315383	1.0	5461	tags=54%, list=36%, signal=84%	
GOCC_RUFFLE	GOCC_RUFFLE		166	-0.1686863	-0.863244	0.85493827	0.93307084	1.0	2311	tags=17%, list=15%, signal=20%	
GOMF_MODIFIED_AMINO_ACID_TRANSMEMBRANE_TRANSPORTER_ACTIVITY	GOMF_MODIFIED_AMINO_ACID_TRANSMEMBRANE_TRANSPORTER_ACTIVITY		32	-0.23493575	-0.86277616	0.68101263	0.93389106	1.0	3381	tags=31%, list=22%, signal=40%	
HP_ABNORMALITY_OF_EXTRAPYRAMIDAL_MOTOR_FUNCTION	HP_ABNORMALITY_OF_EXTRAPYRAMIDAL_MOTOR_FUNCTION		267	-0.15695766	-0.8625856	0.8910891	0.9340347	1.0	2557	tags=17%, list=17%, signal=20%	
GOBP_MITOTIC_SPINDLE_ORGANIZATION	GOBP_MITOTIC_SPINDLE_ORGANIZATION		129	-0.17426993	-0.8625826	0.8081081	0.93373966	1.0	3765	tags=28%, list=25%, signal=37%	
GOBP_SUBSTRATE_DEPENDENT_CELL_MIGRATION	GOBP_SUBSTRATE_DEPENDENT_CELL_MIGRATION		26	-0.240228	-0.8624284	0.6726058	0.9337955	1.0	3693	tags=27%, list=24%, signal=36%	
HP_DEVIATION_OF_TOES	HP_DEVIATION_OF_TOES		109	-0.17775036	-0.86238927	0.8079096	0.93358123	1.0	3926	tags=30%, list=26%, signal=41%	
GOBP_NUCLEAR_ENVELOPE_ORGANIZATION	GOBP_NUCLEAR_ENVELOPE_ORGANIZATION		49	-0.21086186	-0.862351	0.72029704	0.93337375	1.0	3962	tags=27%, list=26%, signal=36%	
GOBP_PYRIDINE_CONTAINING_COMPOUND_CATABOLIC_PROCESS	GOBP_PYRIDINE_CONTAINING_COMPOUND_CATABOLIC_PROCESS		92	-0.18618593	-0.8623171	0.7741935	0.93314457	1.0	2573	tags=20%, list=17%, signal=23%	
GOBP_EMBRYONIC_CAMERA_TYPE_EYE_DEVELOPMENT	GOBP_EMBRYONIC_CAMERA_TYPE_EYE_DEVELOPMENT		35	-0.22451061	-0.8618203	0.7268171	0.93398607	1.0	2552	tags=23%, list=17%, signal=27%	
HP_PRIMARY_AMENORRHEA	HP_PRIMARY_AMENORRHEA		107	-0.17874832	-0.86161864	0.79945797	0.9341399	1.0	3200	tags=24%, list=21%, signal=31%	
HP_HYPOREFLEXIA_OF_LOWER_LIMBS	HP_HYPOREFLEXIA_OF_LOWER_LIMBS		33	-0.22992297	-0.86132175	0.7235023	0.9345469	1.0	2908	tags=27%, list=19%, signal=34%	
GOCC_VACUOLAR_LUMEN	GOCC_VACUOLAR_LUMEN		140	-0.17091839	-0.86124927	0.8023952	0.9344147	1.0	3386	tags=26%, list=22%, signal=34%	
HP_BROAD_TOE	HP_BROAD_TOE		77	-0.18963644	-0.86106133	0.7771588	0.9345462	1.0	2506	tags=21%, list=17%, signal=25%	
HP_APLASIA_HYPOPLASIA_OF_THE_BLADDER	HP_APLASIA_HYPOPLASIA_OF_THE_BLADDER		15	-0.29096782	-0.8610481	0.63235295	0.9342758	1.0	4983	tags=53%, list=33%, signal=79%	
HP_IMPAIRED_TACTILE_SENSATION	HP_IMPAIRED_TACTILE_SENSATION		33	-0.22556794	-0.8610114	0.6882494	0.9340676	1.0	3341	tags=30%, list=22%, signal=39%	
HP_BROAD_FOREHEAD	HP_BROAD_FOREHEAD		184	-0.16478261	-0.8608258	0.85882354	0.93420684	1.0	4031	tags=31%, list=27%, signal=42%	
GOBP_FOREBRAIN_REGIONALIZATION	GOBP_FOREBRAIN_REGIONALIZATION		24	-0.25169754	-0.8606736	0.68	0.9342472	1.0	3606	tags=38%, list=24%, signal=49%	
HP_ABNORMAL_PUPIL_MORPHOLOGY	HP_ABNORMAL_PUPIL_MORPHOLOGY		56	-0.20589563	-0.86048335	0.7450495	0.9343851	1.0	4139	tags=39%, list=27%, signal=54%	
GOBP_AMINOGLYCAN_METABOLIC_PROCESS	GOBP_AMINOGLYCAN_METABOLIC_PROCESS		84	-0.18634684	-0.86044973	0.78932583	0.93416494	1.0	1698	tags=14%, list=11%, signal=16%	
HP_ABNORMAL_TEMPER_TANTRUMS	HP_ABNORMAL_TEMPER_TANTRUMS		37	-0.22193016	-0.86035645	0.6912114	0.93408304	1.0	4744	tags=41%, list=31%, signal=59%	
GOBP_MEMBRANE_BIOGENESIS	GOBP_MEMBRANE_BIOGENESIS		59	-0.2035846	-0.8601673	0.75641024	0.9342283	1.0	3962	tags=29%, list=26%, signal=39%	
GOBP_NEGATIVE_REGULATION_OF_OXIDATIVE_STRESS_INDUCED_INTRINSIC_APOPTOTIC_SIGNALING_PATHWAY	GOBP_NEGATIVE_REGULATION_OF_OXIDATIVE_STRESS_INDUCED_INTRINSIC_APOPTOTIC_SIGNALING_PATHWAY		23	-0.24853295	-0.8598152	0.6990741	0.9347576	1.0	3300	tags=30%, list=22%, signal=39%	
GOBP_RESPONSE_TO_STEROID_HORMONE	GOBP_RESPONSE_TO_STEROID_HORMONE		281	-0.15626068	-0.8597526	0.91752577	0.9346127	1.0	2613	tags=20%, list=17%, signal=23%	
GOBP_POSITIVE_REGULATION_OF_PROTEIN_POLYUBIQUITINATION	GOBP_POSITIVE_REGULATION_OF_PROTEIN_POLYUBIQUITINATION		16	-0.27845162	-0.85972077	0.66143495	0.93439054	1.0	4823	tags=56%, list=32%, signal=83%	
GOCC_CELL_CELL_CONTACT_ZONE	GOCC_CELL_CELL_CONTACT_ZONE		64	-0.19713287	-0.85968196	0.70604396	0.9341858	1.0	3312	tags=25%, list=22%, signal=32%	
GOBP_G_PROTEIN_COUPLED_DOPAMINE_RECEPTOR_SIGNALING_PATHWAY	GOBP_G_PROTEIN_COUPLED_DOPAMINE_RECEPTOR_SIGNALING_PATHWAY		31	-0.2367951	-0.8592828	0.6956522	0.9348401	1.0	3163	tags=32%, list=21%, signal=41%	
HP_FAIR_HAIR	HP_FAIR_HAIR		17	-0.2772746	-0.8589061	0.6553288	0.93540365	1.0	5883	tags=65%, list=39%, signal=106%	
HP_APLASIA_HYPOPLASIA_INVOLVING_BONES_OF_THE_FEET	HP_APLASIA_HYPOPLASIA_INVOLVING_BONES_OF_THE_FEET		256	-0.15770495	-0.85876507	0.9306931	0.9354138	1.0	3754	tags=26%, list=25%, signal=34%	
HP_DISTURBANCE_DURING_TRANSITIONS_BETWEEN_SLEEP_AND_WAKE_STATES	HP_DISTURBANCE_DURING_TRANSITIONS_BETWEEN_SLEEP_AND_WAKE_STATES		16	-0.2786018	-0.8586836	0.66019416	0.9352981	1.0	3030	tags=44%, list=20%, signal=55%	
HP_HEMIPLEGIA_HEMIPARESIS	HP_HEMIPLEGIA_HEMIPARESIS		180	-0.16398425	-0.85867673	0.88101983	0.9350112	1.0	2146	tags=16%, list=14%, signal=19%	
HP_ANTERIORLY_PLACED_ANUS	HP_ANTERIORLY_PLACED_ANUS		61	-0.20233211	-0.8585059	0.7325	0.93512726	1.0	3736	tags=33%, list=25%, signal=43%	
GOBP_OSTEOCLAST_DIFFERENTIATION	GOBP_OSTEOCLAST_DIFFERENTIATION		83	-0.18601897	-0.858136	0.7621483	0.9356842	1.0	3303	tags=25%, list=22%, signal=32%	
GOBP_NUCLEUS_ORGANIZATION	GOBP_NUCLEUS_ORGANIZATION		133	-0.17317796	-0.8581008	0.82848835	0.935459	1.0	4282	tags=26%, list=28%, signal=36%	
GOBP_CARDIAC_MUSCLE_TISSUE_DEVELOPMENT	GOBP_CARDIAC_MUSCLE_TISSUE_DEVELOPMENT		196	-0.16329154	-0.85766625	0.8634921	0.9361194	1.0	3442	tags=24%, list=23%, signal=31%	
GOBP_PROTEIN_TARGETING_TO_LYSOSOME	GOBP_PROTEIN_TARGETING_TO_LYSOSOME		27	-0.24102482	-0.85750806	0.6829837	0.93617934	1.0	2092	tags=22%, list=14%, signal=26%	
GOBP_CELLULAR_RESPONSE_TO_VITAMIN_D	GOBP_CELLULAR_RESPONSE_TO_VITAMIN_D		19	-0.26004797	-0.8574025	0.685654	0.9361139	1.0	4281	tags=47%, list=28%, signal=66%	
HP_APLASIA_HYPOPLASIA_INVOLVING_THE_SKELETAL_MUSCULATURE	HP_APLASIA_HYPOPLASIA_INVOLVING_THE_SKELETAL_MUSCULATURE		41	-0.2187284	-0.8573725	0.7355769	0.93588364	1.0	2665	tags=27%, list=18%, signal=32%	
GOBP_FIBROBLAST_GROWTH_FACTOR_RECEPTOR_SIGNALING_PATHWAY	GOBP_FIBROBLAST_GROWTH_FACTOR_RECEPTOR_SIGNALING_PATHWAY		73	-0.19113308	-0.8572147	0.7643979	0.9359551	1.0	1767	tags=15%, list=12%, signal=17%	
GOMF_HEAT_SHOCK_PROTEIN_BINDING	GOMF_HEAT_SHOCK_PROTEIN_BINDING		108	-0.17829455	-0.85691375	0.81369865	0.936337	1.0	2040	tags=16%, list=14%, signal=18%	
GOBP_NEGATIVE_REGULATION_OF_PROTEIN_POLYMERIZATION	GOBP_NEGATIVE_REGULATION_OF_PROTEIN_POLYMERIZATION		64	-0.19411545	-0.85657954	0.7468355	0.9367973	1.0	3103	tags=25%, list=21%, signal=31%	
HP_CENTRAL_SLEEP_APNEA	HP_CENTRAL_SLEEP_APNEA		26	-0.24316502	-0.85636294	0.670354	0.93700314	1.0	3440	tags=31%, list=23%, signal=40%	
GOMF_TUBULIN_BINDING	GOMF_TUBULIN_BINDING		353	-0.14872591	-0.85628486	0.9453125	0.93688667	1.0	2119	tags=15%, list=14%, signal=17%	
GOBP_ENDOCYTIC_RECYCLING	GOBP_ENDOCYTIC_RECYCLING		86	-0.18846905	-0.85627395	0.7890411	0.9366109	1.0	5491	tags=47%, list=36%, signal=73%	
HP_HYPOPITUITARISM	HP_HYPOPITUITARISM		155	-0.16654031	-0.85625833	0.8252149	0.93634945	1.0	2758	tags=19%, list=18%, signal=23%	
HP_ABNORMAL_METAPHYSIS_MORPHOLOGY	HP_ABNORMAL_METAPHYSIS_MORPHOLOGY		208	-0.16222589	-0.85571265	0.9050633	0.9372792	1.0	4216	tags=31%, list=28%, signal=42%	
GOMF_PHOSPHATIDYLGLYCEROL_BINDING	GOMF_PHOSPHATIDYLGLYCEROL_BINDING		16	-0.27792954	-0.8556832	0.65410197	0.9370471	1.0	2176	tags=25%, list=14%, signal=29%	
GOBP_NEUTRAL_LIPID_BIOSYNTHETIC_PROCESS	GOBP_NEUTRAL_LIPID_BIOSYNTHETIC_PROCESS		42	-0.21518485	-0.8555082	0.7312073	0.9371722	1.0	3049	tags=26%, list=20%, signal=33%	
GOBP_NEGATIVE_REGULATION_OF_JNK_CASCADE	GOBP_NEGATIVE_REGULATION_OF_JNK_CASCADE		33	-0.2281669	-0.8551341	0.69382715	0.9377651	1.0	4577	tags=45%, list=30%, signal=65%	
GOMF_PROTEIN_HORMONE_RECEPTOR_ACTIVITY	GOMF_PROTEIN_HORMONE_RECEPTOR_ACTIVITY		15	-0.28572613	-0.85512215	0.64468086	0.9374938	1.0	3891	tags=53%, list=26%, signal=72%	
GOBP_BLASTODERM_SEGMENTATION	GOBP_BLASTODERM_SEGMENTATION		20	-0.2615212	-0.8547837	0.6528384	0.93794805	1.0	2552	tags=25%, list=17%, signal=30%	
HP_PATCHY_HYPOPIGMENTATION_OF_HAIR	HP_PATCHY_HYPOPIGMENTATION_OF_HAIR		19	-0.26918137	-0.8547479	0.6604651	0.9377295	1.0	880	tags=21%, list=6%, signal=22%	
HP_HYPOPLASIA_OF_THE_RADIUS	HP_HYPOPLASIA_OF_THE_RADIUS		40	-0.2180944	-0.8547161	0.7160494	0.93750453	1.0	1890	tags=18%, list=13%, signal=20%	
HP_HAND_TREMOR	HP_HAND_TREMOR		38	-0.21691391	-0.8545159	0.7096774	0.93765724	1.0	2131	tags=18%, list=14%, signal=21%	
HP_OSTEOLYSIS	HP_OSTEOLYSIS		70	-0.19343963	-0.8542556	0.7414248	0.93794656	1.0	2248	tags=20%, list=15%, signal=23%	
GOBP_NEGATIVE_REGULATION_OF_BMP_SIGNALING_PATHWAY	GOBP_NEGATIVE_REGULATION_OF_BMP_SIGNALING_PATHWAY		56	-0.20285673	-0.8539329	0.75656325	0.93836266	1.0	3995	tags=30%, list=26%, signal=41%	
HP_HYPOPIGMENTATION_OF_THE_FUNDUS	HP_HYPOPIGMENTATION_OF_THE_FUNDUS		21	-0.2571626	-0.8538859	0.6933333	0.9381734	1.0	4553	tags=57%, list=30%, signal=82%	
GOBP_CARBOHYDRATE_BIOSYNTHETIC_PROCESS	GOBP_CARBOHYDRATE_BIOSYNTHETIC_PROCESS		157	-0.16749637	-0.85365844	0.87941176	0.93837637	1.0	3539	tags=27%, list=23%, signal=35%	
HP_IMPAIRED_GLUCOSE_TOLERANCE	HP_IMPAIRED_GLUCOSE_TOLERANCE		27	-0.23599932	-0.85345966	0.7162791	0.93850785	1.0	1440	tags=19%, list=10%, signal=20%	
HP_ABNORMALITY_OF_HAIR_TEXTURE	HP_ABNORMALITY_OF_HAIR_TEXTURE		171	-0.16597621	-0.85343236	0.8688047	0.93828046	1.0	2506	tags=17%, list=17%, signal=20%	
GOBP_REGULATION_OF_EMBRYONIC_DEVELOPMENT	GOBP_REGULATION_OF_EMBRYONIC_DEVELOPMENT		77	-0.18680605	-0.853427	0.7873832	0.937994	1.0	3859	tags=30%, list=26%, signal=40%	
GOMF_LIGASE_ACTIVITY	GOMF_LIGASE_ACTIVITY		150	-0.16719924	-0.85307115	0.85057473	0.93849003	1.0	3526	tags=26%, list=23%, signal=34%	
GOBP_ACTIN_FILAMENT_BASED_MOVEMENT	GOBP_ACTIN_FILAMENT_BASED_MOVEMENT		107	-0.17675242	-0.8530111	0.8238636	0.93834263	1.0	704	tags=8%, list=5%, signal=9%	
GOBP_NEGATIVE_REGULATION_OF_GROWTH	GOBP_NEGATIVE_REGULATION_OF_GROWTH		180	-0.16527794	-0.8527154	0.8682635	0.93872035	1.0	2143	tags=16%, list=14%, signal=19%	
HP_ABNORMAL_SERUM_INSULIN_LIKE_GROWTH_FACTOR_1_LEVEL	HP_ABNORMAL_SERUM_INSULIN_LIKE_GROWTH_FACTOR_1_LEVEL		26	-0.24464852	-0.85265875	0.6981132	0.938541	1.0	3873	tags=35%, list=26%, signal=46%	
HP_UPSLANTED_PALPEBRAL_FISSURE	HP_UPSLANTED_PALPEBRAL_FISSURE		299	-0.15429045	-0.8524489	0.9381818	0.9387083	1.0	3677	tags=26%, list=24%, signal=34%	
HP_ABNORMAL_ATRIOVENTRICULAR_CONDUCTION	HP_ABNORMAL_ATRIOVENTRICULAR_CONDUCTION		75	-0.18786046	-0.85241634	0.79285717	0.93848306	1.0	3722	tags=27%, list=25%, signal=35%	
GOMF_GLUCURONOSYLTRANSFERASE_ACTIVITY	GOMF_GLUCURONOSYLTRANSFERASE_ACTIVITY		16	-0.2760798	-0.8522996	0.67456895	0.93845487	1.0	4626	tags=50%, list=31%, signal=72%	
HP_ABNORMAL_HEART_RATE_VARIABILITY	HP_ABNORMAL_HEART_RATE_VARIABILITY		22	-0.2537227	-0.85215586	0.72115386	0.9384872	1.0	3328	tags=36%, list=22%, signal=47%	
GOBP_CELL_DIFFERENTIATION_INVOLVED_IN_KIDNEY_DEVELOPMENT	GOBP_CELL_DIFFERENTIATION_INVOLVED_IN_KIDNEY_DEVELOPMENT		51	-0.2044843	-0.8520265	0.7359413	0.9384701	1.0	3394	tags=33%, list=22%, signal=43%	
HP_COMPULSIVE_BEHAVIORS	HP_COMPULSIVE_BEHAVIORS		147	-0.16589661	-0.8518872	0.83522725	0.93849194	1.0	3500	tags=26%, list=23%, signal=33%	
GOMF_ACID_AMINO_ACID_LIGASE_ACTIVITY	GOMF_ACID_AMINO_ACID_LIGASE_ACTIVITY		17	-0.27985743	-0.8516107	0.6889401	0.9388063	1.0	1361	tags=24%, list=9%, signal=26%	
HP_CONGENITAL_HIP_DISLOCATION	HP_CONGENITAL_HIP_DISLOCATION		77	-0.1910585	-0.85151774	0.76790124	0.9387059	1.0	4276	tags=32%, list=28%, signal=45%	
GOBP_RESPONSE_TO_PEPTIDE_HORMONE	GOBP_RESPONSE_TO_PEPTIDE_HORMONE		367	-0.14892255	-0.85146624	0.9622642	0.93851596	1.0	2998	tags=20%, list=20%, signal=25%	
GOMF_L_AMINO_ACID_TRANSMEMBRANE_TRANSPORTER_ACTIVITY	GOMF_L_AMINO_ACID_TRANSMEMBRANE_TRANSPORTER_ACTIVITY		49	-0.20688176	-0.8513184	0.74345547	0.93855697	1.0	1334	tags=12%, list=9%, signal=13%	
HP_FACIAL_SHAPE_DEFORMATION	HP_FACIAL_SHAPE_DEFORMATION		15	-0.28618422	-0.85080767	0.67633927	0.9394433	1.0	2452	tags=33%, list=16%, signal=40%	
GOBP_STEROID_HORMONE_RECEPTOR_SIGNALING_PATHWAY	GOBP_STEROID_HORMONE_RECEPTOR_SIGNALING_PATHWAY		122	-0.17337224	-0.8505375	0.8011696	0.93974954	1.0	2573	tags=19%, list=17%, signal=23%	
GOBP_REGULATION_OF_MUSCLE_HYPERTROPHY	GOBP_REGULATION_OF_MUSCLE_HYPERTROPHY		55	-0.20223954	-0.8504023	0.7259953	0.93975544	1.0	2573	tags=20%, list=17%, signal=24%	
HP_LONG_FOOT	HP_LONG_FOOT		23	-0.25205195	-0.8504021	0.7060241	0.93945855	1.0	2184	tags=17%, list=14%, signal=20%	
GOBP_CAMP_METABOLIC_PROCESS	GOBP_CAMP_METABOLIC_PROCESS		19	-0.25656527	-0.84942776	0.6914661	0.9412966	1.0	2309	tags=26%, list=15%, signal=31%	
GOBP_ADRENERGIC_RECEPTOR_SIGNALING_PATHWAY	GOBP_ADRENERGIC_RECEPTOR_SIGNALING_PATHWAY		25	-0.24097408	-0.84940505	0.6703786	0.94105583	1.0	1906	tags=24%, list=13%, signal=27%	
GOBP_NEGATIVE_REGULATION_OF_RHO_PROTEIN_SIGNAL_TRANSDUCTION	GOBP_NEGATIVE_REGULATION_OF_RHO_PROTEIN_SIGNAL_TRANSDUCTION		22	-0.25318146	-0.84937334	0.6762115	0.9408259	1.0	4697	tags=50%, list=31%, signal=72%	
GOBP_REGULATION_OF_TYPE_2_IMMUNE_RESPONSE	GOBP_REGULATION_OF_TYPE_2_IMMUNE_RESPONSE		21	-0.25919676	-0.84843355	0.67153287	0.9425858	1.0	2496	tags=24%, list=17%, signal=28%	
GOBP_NEGATIVE_REGULATION_OF_INTRACELLULAR_STEROID_HORMONE_RECEPTOR_SIGNALING_PATHWAY	GOBP_NEGATIVE_REGULATION_OF_INTRACELLULAR_STEROID_HORMONE_RECEPTOR_SIGNALING_PATHWAY		33	-0.22663388	-0.84840363	0.70387244	0.94236183	1.0	5709	tags=48%, list=38%, signal=78%	
HP_APLASIA_HYPOPLASIA_OF_THE_5TH_FINGER	HP_APLASIA_HYPOPLASIA_OF_THE_5TH_FINGER		57	-0.19969279	-0.84832495	0.7550505	0.9422307	1.0	2462	tags=23%, list=16%, signal=27%	
HP_ABNORMALITY_OF_THE_INCISOR	HP_ABNORMALITY_OF_THE_INCISOR		99	-0.17855489	-0.8480493	0.82539684	0.94254816	1.0	4626	tags=36%, list=31%, signal=52%	
HP_ADRENAL_HYPOPLASIA	HP_ADRENAL_HYPOPLASIA		32	-0.22553697	-0.84799993	0.7200957	0.9423587	1.0	3760	tags=38%, list=25%, signal=50%	
GOBP_POSITIVE_REGULATION_OF_MUSCLE_CELL_APOPTOTIC_PROCESS	GOBP_POSITIVE_REGULATION_OF_MUSCLE_CELL_APOPTOTIC_PROCESS		21	-0.2533875	-0.84786236	0.6869159	0.9423629	1.0	922	tags=14%, list=6%, signal=15%	
GOCC_BASEMENT_MEMBRANE	GOCC_BASEMENT_MEMBRANE		85	-0.1861085	-0.84741294	0.805	0.94304264	1.0	2952	tags=21%, list=20%, signal=26%	
GOBP_REGULATION_OF_LAMELLIPODIUM_ASSEMBLY	GOBP_REGULATION_OF_LAMELLIPODIUM_ASSEMBLY		37	-0.22084968	-0.84722143	0.7192118	0.94314456	1.0	3493	tags=24%, list=23%, signal=32%	
GOCC_U2_TYPE_CATALYTIC_STEP_2_SPLICEOSOME	GOCC_U2_TYPE_CATALYTIC_STEP_2_SPLICEOSOME		29	-0.23626868	-0.8469183	0.7096019	0.9434782	1.0	1870	tags=17%, list=12%, signal=20%	
HP_GLIOMA	HP_GLIOMA		31	-0.2300005	-0.84668785	0.69873416	0.94369584	1.0	2687	tags=26%, list=18%, signal=31%	
GOMF_TRANSCRIPTION_COACTIVATOR_BINDING	GOMF_TRANSCRIPTION_COACTIVATOR_BINDING		41	-0.21934707	-0.8466732	0.71014494	0.94343185	1.0	3657	tags=29%, list=24%, signal=39%	
HP_SMALL_EPIPHYSES	HP_SMALL_EPIPHYSES		20	-0.2604736	-0.84642756	0.6563981	0.9436671	1.0	1810	tags=20%, list=12%, signal=23%	
HP_ENTEROCOLITIS	HP_ENTEROCOLITIS		26	-0.24369816	-0.8462603	0.6945813	0.94371957	1.0	1273	tags=15%, list=8%, signal=17%	
GOBP_REGULATION_OF_OSTEOCLAST_DIFFERENTIATION	GOBP_REGULATION_OF_OSTEOCLAST_DIFFERENTIATION		47	-0.20707987	-0.84569925	0.76658475	0.9446566	1.0	4189	tags=36%, list=28%, signal=50%	
GOMF_4_IRON_4_SULFUR_CLUSTER_BINDING	GOMF_4_IRON_4_SULFUR_CLUSTER_BINDING		39	-0.22130544	-0.8455643	0.7316456	0.9446678	1.0	1472	tags=15%, list=10%, signal=17%	
HP_CYCLOPIA	HP_CYCLOPIA		20	-0.25902468	-0.8452698	0.70654625	0.94500333	1.0	3225	tags=35%, list=21%, signal=44%	
GOBP_POSITIVE_REGULATION_OF_SMALL_GTPASE_MEDIATED_SIGNAL_TRANSDUCTION	GOBP_POSITIVE_REGULATION_OF_SMALL_GTPASE_MEDIATED_SIGNAL_TRANSDUCTION		65	-0.19330116	-0.8445184	0.7753623	0.9463285	1.0	3257	tags=25%, list=22%, signal=31%	
GOBP_ESTABLISHMENT_OR_MAINTENANCE_OF_CELL_POLARITY	GOBP_ESTABLISHMENT_OR_MAINTENANCE_OF_CELL_POLARITY		207	-0.15790288	-0.8444302	0.88622755	0.9462123	1.0	3596	tags=26%, list=24%, signal=33%	
GOBP_REGULATION_OF_EXTRACELLULAR_MATRIX_DISASSEMBLY	GOBP_REGULATION_OF_EXTRACELLULAR_MATRIX_DISASSEMBLY		17	-0.27621937	-0.8443336	0.68591225	0.94612306	1.0	4350	tags=41%, list=29%, signal=58%	
HP_DECREASED_TOTAL_B_CELL_COUNT	HP_DECREASED_TOTAL_B_CELL_COUNT		43	-0.21020076	-0.8443093	0.71638143	0.9458779	1.0	2369	tags=16%, list=16%, signal=19%	
GOBP_REGULATION_OF_CELL_MATURATION	GOBP_REGULATION_OF_CELL_MATURATION		20	-0.2516832	-0.84430456	0.68325794	0.94559103	1.0	146	tags=10%, list=1%, signal=10%	
GOBP_B_CELL_DIFFERENTIATION	GOBP_B_CELL_DIFFERENTIATION		111	-0.17646258	-0.84381425	0.82840234	0.9463996	1.0	2489	tags=19%, list=16%, signal=22%	
HP_FRECKLING	HP_FRECKLING		43	-0.20901762	-0.8437834	0.74489796	0.9461684	1.0	3173	tags=26%, list=21%, signal=32%	
GOMF_RNA_POLYMERASE_II_GENERAL_TRANSCRIPTION_INITIATION_FACTOR_BINDING	GOMF_RNA_POLYMERASE_II_GENERAL_TRANSCRIPTION_INITIATION_FACTOR_BINDING		20	-0.25881758	-0.84362453	0.6879607	0.94621474	1.0	3442	tags=25%, list=23%, signal=32%	
GOMF_KINASE_INHIBITOR_ACTIVITY	GOMF_KINASE_INHIBITOR_ACTIVITY		82	-0.18620963	-0.8425858	0.79733336	0.94815415	1.0	3699	tags=28%, list=24%, signal=37%	
GOBP_ORGANELLE_FUSION	GOBP_ORGANELLE_FUSION		166	-0.16335571	-0.8424892	0.88235295	0.9480444	1.0	3827	tags=29%, list=25%, signal=38%	
GOBP_SPROUTING_ANGIOGENESIS	GOBP_SPROUTING_ANGIOGENESIS		126	-0.16876556	-0.84200954	0.8578947	0.9488045	1.0	4939	tags=37%, list=33%, signal=55%	
HP_MIGRAINE	HP_MIGRAINE		109	-0.17432949	-0.8417623	0.8352601	0.9490517	1.0	2913	tags=24%, list=19%, signal=29%	
HP_ABNORMAL_CIRCULATING_METHIONINE_CONCENTRATION	HP_ABNORMAL_CIRCULATING_METHIONINE_CONCENTRATION		17	-0.26963502	-0.841531	0.67494357	0.9492458	1.0	526	tags=12%, list=3%, signal=12%	
HP_OPEN_NEURAL_TUBE_DEFECT	HP_OPEN_NEURAL_TUBE_DEFECT		140	-0.17140138	-0.84110504	0.838806	0.94985527	1.0	3403	tags=25%, list=23%, signal=32%	
HP_CLOSED_NEURAL_TUBE_DEFECT	HP_CLOSED_NEURAL_TUBE_DEFECT		55	-0.20296562	-0.8410152	0.77093595	0.9497629	1.0	5666	tags=51%, list=37%, signal=81%	
HP_CEREBELLAR_VERMIS_ATROPHY	HP_CEREBELLAR_VERMIS_ATROPHY		52	-0.19997832	-0.8407047	0.76942354	0.95010597	1.0	4692	tags=42%, list=31%, signal=61%	
HP_THORACIC_SCOLIOSIS	HP_THORACIC_SCOLIOSIS		52	-0.19946927	-0.84064394	0.7839806	0.9499417	1.0	3310	tags=29%, list=22%, signal=37%	
GOBP_NUCLEOSIDE_DIPHOSPHATE_CATABOLIC_PROCESS	GOBP_NUCLEOSIDE_DIPHOSPHATE_CATABOLIC_PROCESS		93	-0.17885008	-0.8405044	0.80857146	0.9499388	1.0	3399	tags=27%, list=22%, signal=34%	
GOBP_OOGENESIS	GOBP_OOGENESIS		88	-0.18104388	-0.8403985	0.8102981	0.9498648	1.0	3164	tags=26%, list=21%, signal=33%	
GOBP_CELLULAR_RESPONSE_TO_INSULIN_STIMULUS	GOBP_CELLULAR_RESPONSE_TO_INSULIN_STIMULUS		183	-0.16233137	-0.8402634	0.8862876	0.9498384	1.0	3197	tags=22%, list=21%, signal=28%	
GOBP_CRISTAE_FORMATION	GOBP_CRISTAE_FORMATION		20	-0.25350627	-0.8397566	0.68470585	0.950621	1.0	4422	tags=50%, list=29%, signal=71%	
GOMF_NADPH_BINDING	GOMF_NADPH_BINDING		15	-0.27783757	-0.8389877	0.699095	0.95193416	1.0	4502	tags=53%, list=30%, signal=76%	
HP_ROTARY_NYSTAGMUS	HP_ROTARY_NYSTAGMUS		24	-0.24506657	-0.8389171	0.7223476	0.95179003	1.0	4285	tags=42%, list=28%, signal=58%	
HP_UPPER_LIMB_UNDERGROWTH	HP_UPPER_LIMB_UNDERGROWTH		78	-0.18848968	-0.8388469	0.796875	0.9516341	1.0	1890	tags=14%, list=13%, signal=16%	
GOBP_LYMPHOCYTE_HOMEOSTASIS	GOBP_LYMPHOCYTE_HOMEOSTASIS		64	-0.1928706	-0.83845586	0.783715	0.95219195	1.0	2136	tags=19%, list=14%, signal=22%	
GOBP_CELLULAR_RESPONSE_TO_GAMMA_RADIATION	GOBP_CELLULAR_RESPONSE_TO_GAMMA_RADIATION		20	-0.25618023	-0.83826405	0.7124183	0.9523207	1.0	4083	tags=35%, list=27%, signal=48%	
GOBP_METANEPHROS_DEVELOPMENT	GOBP_METANEPHROS_DEVELOPMENT		78	-0.1846812	-0.838244	0.8406593	0.95206434	1.0	3821	tags=35%, list=25%, signal=46%	
HP_BOWING_OF_THE_LEGS	HP_BOWING_OF_THE_LEGS		226	-0.15652578	-0.83796084	0.9218241	0.9523838	1.0	4147	tags=29%, list=27%, signal=39%	
GOCC_PRESYNAPTIC_ACTIVE_ZONE_MEMBRANE	GOCC_PRESYNAPTIC_ACTIVE_ZONE_MEMBRANE		29	-0.23078324	-0.8377544	0.75223213	0.9525246	1.0	2077	tags=21%, list=14%, signal=24%	
HP_TIP_TOE_GAIT	HP_TIP_TOE_GAIT		77	-0.18582337	-0.8375064	0.7892157	0.9527381	1.0	3558	tags=29%, list=24%, signal=37%	
HP_HYPOPLASTIC_NIPPLES	HP_HYPOPLASTIC_NIPPLES		35	-0.2193317	-0.83746004	0.7390244	0.95253783	1.0	2378	tags=17%, list=16%, signal=20%	
GOBP_POSITIVE_REGULATION_OF_PROTEIN_EXPORT_FROM_NUCLEUS	GOBP_POSITIVE_REGULATION_OF_PROTEIN_EXPORT_FROM_NUCLEUS		20	-0.25347587	-0.8371563	0.7002237	0.95288867	1.0	3769	tags=40%, list=25%, signal=53%	
GOBP_RAB_PROTEIN_SIGNAL_TRANSDUCTION	GOBP_RAB_PROTEIN_SIGNAL_TRANSDUCTION		23	-0.24419056	-0.8369716	0.7158837	0.9529779	1.0	2550	tags=26%, list=17%, signal=31%	
GOCC_DENDRITE_MEMBRANE	GOCC_DENDRITE_MEMBRANE		41	-0.21449256	-0.83687335	0.72836536	0.9528896	1.0	684	tags=12%, list=5%, signal=13%	
GOBP_REGULATION_OF_PROTEIN_BINDING	GOBP_REGULATION_OF_PROTEIN_BINDING		57	-0.19662932	-0.83686763	0.7874396	0.95260286	1.0	3074	tags=26%, list=20%, signal=33%	
GOBP_ORGANELLE_FISSION	GOBP_ORGANELLE_FISSION		430	-0.14457797	-0.83626276	0.9800797	0.953553	1.0	3798	tags=23%, list=25%, signal=30%	
HP_ABNORMALITY_OF_DENTAL_ERUPTION	HP_ABNORMALITY_OF_DENTAL_ERUPTION		215	-0.15579417	-0.83619994	0.9150327	0.95338684	1.0	3263	tags=24%, list=22%, signal=30%	
GOMF_CYCLIC_NUCLEOTIDE_BINDING	GOMF_CYCLIC_NUCLEOTIDE_BINDING		29	-0.22886693	-0.83583236	0.73067915	0.95383406	1.0	3508	tags=34%, list=23%, signal=45%	
GOBP_NEGATIVE_REGULATION_OF_RECEPTOR_MEDIATED_ENDOCYTOSIS	GOBP_NEGATIVE_REGULATION_OF_RECEPTOR_MEDIATED_ENDOCYTOSIS		24	-0.23764661	-0.83578914	0.7033708	0.9536319	1.0	4863	tags=50%, list=32%, signal=74%	
HP_APRAXIA	HP_APRAXIA		196	-0.16002424	-0.83546305	0.8892617	0.9539974	1.0	3853	tags=27%, list=25%, signal=36%	
GOBP_RESPONSE_TO_NITRIC_OXIDE	GOBP_RESPONSE_TO_NITRIC_OXIDE		19	-0.2640728	-0.8354209	0.6891304	0.95378965	1.0	5430	tags=53%, list=36%, signal=82%	
HP_SLEEP_RELATED_BREATHING_DISORDERS	HP_SLEEP_RELATED_BREATHING_DISORDERS		152	-0.16394392	-0.8352694	0.8661202	0.9538173	1.0	4163	tags=29%, list=28%, signal=40%	
HP_OCCIPITAL_ENCEPHALOCELE	HP_OCCIPITAL_ENCEPHALOCELE		38	-0.21394548	-0.83496726	0.74004686	0.95416826	1.0	3403	tags=29%, list=23%, signal=37%	
HP_APLASIA_HYPOPLASIA_INVOLVING_THE_SINUSES	HP_APLASIA_HYPOPLASIA_INVOLVING_THE_SINUSES		16	-0.26469246	-0.83483577	0.6892779	0.9541428	1.0	3873	tags=38%, list=26%, signal=50%	
GOMF_DICARBOXYLIC_ACID_TRANSMEMBRANE_TRANSPORTER_ACTIVITY	GOMF_DICARBOXYLIC_ACID_TRANSMEMBRANE_TRANSPORTER_ACTIVITY		24	-0.24269168	-0.8348059	0.72383076	0.95390993	1.0	1660	tags=21%, list=11%, signal=23%	
HP_ABNORMAL_ANKLE_PHYSIOLOGY	HP_ABNORMAL_ANKLE_PHYSIOLOGY		68	-0.18889157	-0.83479035	0.8046875	0.9536409	1.0	4211	tags=32%, list=28%, signal=45%	
GOBP_RNA_POLYMERASE_II_TRANSCRIPTION_INITIATION_SURVEILLANCE	GOBP_RNA_POLYMERASE_II_TRANSCRIPTION_INITIATION_SURVEILLANCE		16	-0.27043077	-0.8347404	0.7076167	0.9534502	1.0	5527	tags=50%, list=37%, signal=79%	
HP_IMPAIRED_DISTAL_TACTILE_SENSATION	HP_IMPAIRED_DISTAL_TACTILE_SENSATION		20	-0.2519034	-0.83466125	0.7099567	0.9533254	1.0	3341	tags=30%, list=22%, signal=38%	
GOBP_RESPONSE_TO_ANGIOTENSIN	GOBP_RESPONSE_TO_ANGIOTENSIN		38	-0.21619129	-0.83451104	0.7482993	0.9533401	1.0	2536	tags=24%, list=17%, signal=28%	
GOBP_POSITIVE_REGULATION_OF_EPIDERMIS_DEVELOPMENT	GOBP_POSITIVE_REGULATION_OF_EPIDERMIS_DEVELOPMENT		22	-0.24984324	-0.83428144	0.7387173	0.9535013	1.0	1635	tags=23%, list=11%, signal=25%	
HP_OROFACIAL_DYSKINESIA	HP_OROFACIAL_DYSKINESIA		24	-0.24156569	-0.83367604	0.7242888	0.95442295	1.0	1614	tags=13%, list=11%, signal=14%	
GOBP_RESPONSE_TO_INSULIN	GOBP_RESPONSE_TO_INSULIN		231	-0.15245378	-0.8336551	0.9375	0.9541719	1.0	3772	tags=26%, list=25%, signal=35%	
GOCC_TRANSPORT_VESICLE_MEMBRANE	GOCC_TRANSPORT_VESICLE_MEMBRANE		224	-0.15584561	-0.833284	0.9309309	0.9546447	1.0	3798	tags=27%, list=25%, signal=35%	
GOBP_REGULATION_OF_MICROTUBULE_BASED_PROCESS	GOBP_REGULATION_OF_MICROTUBULE_BASED_PROCESS		245	-0.15304801	-0.83319765	0.94871795	0.9545193	1.0	3754	tags=28%, list=25%, signal=36%	
HP_ANTERIOR_UVEITIS	HP_ANTERIOR_UVEITIS		15	-0.27597544	-0.8329456	0.68878716	0.9547281	1.0	2772	tags=33%, list=18%, signal=41%	
HP_ARTERIOSCLEROSIS	HP_ARTERIOSCLEROSIS		64	-0.1963843	-0.8326734	0.7551546	0.9549764	1.0	4248	tags=34%, list=28%, signal=48%	
GOBP_RIBOSE_PHOSPHATE_METABOLIC_PROCESS	GOBP_RIBOSE_PHOSPHATE_METABOLIC_PROCESS		330	-0.1506959	-0.8324828	0.9512195	0.9550494	1.0	3540	tags=25%, list=23%, signal=32%	
HP_GERM_CELL_NEOPLASIA	HP_GERM_CELL_NEOPLASIA		33	-0.21651375	-0.8323692	0.7632184	0.9549864	1.0	4818	tags=48%, list=32%, signal=71%	
HP_CRANIOSYNOSTOSIS	HP_CRANIOSYNOSTOSIS		166	-0.16085806	-0.8322799	0.89719623	0.9548638	1.0	4114	tags=28%, list=27%, signal=38%	
HP_PANIC_ATTACK	HP_PANIC_ATTACK		40	-0.21132635	-0.8321482	0.7613636	0.9548373	1.0	2219	tags=23%, list=15%, signal=26%	
HP_ABNORMALITY_OF_THE_THYROID_GLAND	HP_ABNORMALITY_OF_THE_THYROID_GLAND		440	-0.1440477	-0.8321114	0.9672131	0.954619	1.0	3293	tags=23%, list=22%, signal=28%	
GOBP_LUNG_MORPHOGENESIS	GOBP_LUNG_MORPHOGENESIS		53	-0.19479313	-0.83179915	0.7867647	0.95496064	1.0	672	tags=8%, list=4%, signal=8%	
GOCC_SYNAPTIC_CLEFT	GOCC_SYNAPTIC_CLEFT		20	-0.25522932	-0.8310481	0.69266057	0.95616025	1.0	4414	tags=40%, list=29%, signal=56%	
HP_ABNORMAL_METACARPAL_EPIPHYSIS_MORPHOLOGY	HP_ABNORMAL_METACARPAL_EPIPHYSIS_MORPHOLOGY		17	-0.26474616	-0.8308179	0.7094017	0.95633596	1.0	360	tags=12%, list=2%, signal=12%	
HP_SOCIAL_DISINHIBITION	HP_SOCIAL_DISINHIBITION		62	-0.1902974	-0.8307936	0.8057743	0.9560955	1.0	1896	tags=16%, list=13%, signal=18%	
HP_CONFUSION	HP_CONFUSION		61	-0.19270574	-0.83061606	0.7818182	0.9561548	1.0	1332	tags=11%, list=9%, signal=13%	
HP_APLASIA_CUTIS_CONGENITA_OF_SCALP	HP_APLASIA_CUTIS_CONGENITA_OF_SCALP		19	-0.26008123	-0.8302584	0.7152318	0.9566114	1.0	3383	tags=26%, list=22%, signal=34%	
HP_SECONDARY_AMENORRHEA	HP_SECONDARY_AMENORRHEA		56	-0.1952484	-0.83004576	0.77403843	0.95676124	1.0	3712	tags=32%, list=25%, signal=42%	
GOBP_ENDOSOME_TO_LYSOSOME_TRANSPORT_VIA_MULTIVESICULAR_BODY_SORTING_PATHWAY	GOBP_ENDOSOME_TO_LYSOSOME_TRANSPORT_VIA_MULTIVESICULAR_BODY_SORTING_PATHWAY		16	-0.2705274	-0.82972884	0.69509596	0.95710623	1.0	3671	tags=38%, list=24%, signal=49%	
GOBP_ENDOSOME_TO_LYSOSOME_TRANSPORT	GOBP_ENDOSOME_TO_LYSOSOME_TRANSPORT		60	-0.19118401	-0.8294418	0.81707317	0.95738906	1.0	4457	tags=38%, list=29%, signal=54%	
HP_ABNORMAL_DUODENUM_MORPHOLOGY	HP_ABNORMAL_DUODENUM_MORPHOLOGY		73	-0.18476202	-0.82935834	0.8457584	0.95725733	1.0	2870	tags=21%, list=19%, signal=25%	
GOBP_NEGATIVE_REGULATION_OF_CELL_CYCLE	GOBP_NEGATIVE_REGULATION_OF_CELL_CYCLE		322	-0.14861533	-0.82928437	0.9589041	0.9571122	1.0	3627	tags=24%, list=24%, signal=31%	
GOBP_POSTSYNAPTIC_CYTOSKELETON_ORGANIZATION	GOBP_POSTSYNAPTIC_CYTOSKELETON_ORGANIZATION		21	-0.25365594	-0.8290586	0.7070218	0.9572826	1.0	2902	tags=29%, list=19%, signal=35%	
HP_NEONATAL_HYPOGLYCEMIA	HP_NEONATAL_HYPOGLYCEMIA		37	-0.21426705	-0.8287645	0.7630923	0.9575816	1.0	1510	tags=19%, list=10%, signal=21%	
HP_ABNORMAL_ILIAC_WING_MORPHOLOGY	HP_ABNORMAL_ILIAC_WING_MORPHOLOGY		62	-0.19307257	-0.8287312	0.80851066	0.95736146	1.0	5285	tags=47%, list=35%, signal=72%	
GOBP_NEGATIVE_REGULATION_OF_MICROTUBULE_POLYMERIZATION_OR_DEPOLYMERIZATION	GOBP_NEGATIVE_REGULATION_OF_MICROTUBULE_POLYMERIZATION_OR_DEPOLYMERIZATION		38	-0.21600133	-0.82861805	0.7722513	0.95729387	1.0	4053	tags=34%, list=27%, signal=47%	
GOMF_RNA_POLYMERASE_II_SPECIFIC_DNA_BINDING_TRANSCRIPTION_FACTOR_BINDING	GOMF_RNA_POLYMERASE_II_SPECIFIC_DNA_BINDING_TRANSCRIPTION_FACTOR_BINDING		295	-0.14933407	-0.82815313	0.95571953	0.9579265	1.0	2928	tags=21%, list=19%, signal=25%	
GOBP_NEGATIVE_REGULATION_OF_TELOMERE_MAINTENANCE_VIA_TELOMERASE	GOBP_NEGATIVE_REGULATION_OF_TELOMERE_MAINTENANCE_VIA_TELOMERASE		20	-0.2543155	-0.82802516	0.7270642	0.9578837	1.0	3486	tags=35%, list=23%, signal=45%	
GOBP_SKELETAL_MUSCLE_CELL_PROLIFERATION	GOBP_SKELETAL_MUSCLE_CELL_PROLIFERATION		21	-0.24747619	-0.828021	0.72639227	0.9575963	1.0	2925	tags=24%, list=19%, signal=29%	
GOBP_ENDODERM_FORMATION	GOBP_ENDODERM_FORMATION		52	-0.19878145	-0.8276965	0.797561	0.95793873	1.0	2608	tags=21%, list=17%, signal=25%	
GOMF_UBIQUITIN_LIKE_PROTEIN_PEPTIDASE_ACTIVITY	GOMF_UBIQUITIN_LIKE_PROTEIN_PEPTIDASE_ACTIVITY		106	-0.17194404	-0.8276829	0.8623595	0.95767456	1.0	4102	tags=30%, list=27%, signal=41%	
GOBP_TRNA_5_END_PROCESSING	GOBP_TRNA_5_END_PROCESSING		16	-0.27065715	-0.8269452	0.68421054	0.9588339	1.0	1487	tags=13%, list=10%, signal=14%	
HP_ABNORMAL_EOSINOPHIL_MORPHOLOGY	HP_ABNORMAL_EOSINOPHIL_MORPHOLOGY		54	-0.1952303	-0.82686913	0.7617801	0.9586902	1.0	4501	tags=37%, list=30%, signal=53%	
GOBP_NEGATIVE_REGULATION_OF_SMALL_MOLECULE_METABOLIC_PROCESS	GOBP_NEGATIVE_REGULATION_OF_SMALL_MOLECULE_METABOLIC_PROCESS		90	-0.17493357	-0.8268499	0.8552632	0.9584359	1.0	2573	tags=19%, list=17%, signal=23%	
GOBP_NUCLEAR_BODY_ORGANIZATION	GOBP_NUCLEAR_BODY_ORGANIZATION		16	-0.27316064	-0.8266333	0.70152503	0.95857525	1.0	2931	tags=25%, list=19%, signal=31%	
GOBP_CARDIAC_CHAMBER_MORPHOGENESIS	GOBP_CARDIAC_CHAMBER_MORPHOGENESIS		105	-0.1692679	-0.82648784	0.8891967	0.95856524	1.0	1823	tags=14%, list=12%, signal=16%	
HP_THORACOLUMBAR_KYPHOSIS	HP_THORACOLUMBAR_KYPHOSIS		20	-0.25618005	-0.8262855	0.70742357	0.9586891	1.0	3904	tags=35%, list=26%, signal=47%	
HP_MALIGNANT_HYPERTHERMIA	HP_MALIGNANT_HYPERTHERMIA		20	-0.24935016	-0.82604426	0.70953435	0.9588656	1.0	3399	tags=30%, list=22%, signal=39%	
HP_CYTOCHROME_C_OXIDASE_NEGATIVE_MUSCLE_FIBERS	HP_CYTOCHROME_C_OXIDASE_NEGATIVE_MUSCLE_FIBERS		32	-0.22117689	-0.8257925	0.74828374	0.9590265	1.0	3594	tags=31%, list=24%, signal=41%	
GOBP_REGULATION_OF_TRIGLYCERIDE_BIOSYNTHETIC_PROCESS	GOBP_REGULATION_OF_TRIGLYCERIDE_BIOSYNTHETIC_PROCESS		17	-0.25900662	-0.8250148	0.6995516	0.9602003	1.0	3049	tags=29%, list=20%, signal=37%	
HP_SINGLE_NARIS	HP_SINGLE_NARIS		20	-0.25640222	-0.82490677	0.7173913	0.96011156	1.0	3225	tags=35%, list=21%, signal=44%	
HP_NEVUS	HP_NEVUS		136	-0.16697058	-0.8247251	0.89617485	0.96016425	1.0	2622	tags=18%, list=17%, signal=21%	
GOBP_PEROXISOME_PROLIFERATOR_ACTIVATED_RECEPTOR_SIGNALING_PATHWAY	GOBP_PEROXISOME_PROLIFERATOR_ACTIVATED_RECEPTOR_SIGNALING_PATHWAY		23	-0.24875131	-0.8247204	0.7132353	0.9598805	1.0	4747	tags=52%, list=31%, signal=76%	
GOMF_AMINO_ACID_SODIUM_SYMPORTER_ACTIVITY	GOMF_AMINO_ACID_SODIUM_SYMPORTER_ACTIVITY		20	-0.24633375	-0.82466364	0.73039216	0.95969725	1.0	2487	tags=25%, list=16%, signal=30%	
GOMF_OUTWARD_RECTIFIER_POTASSIUM_CHANNEL_ACTIVITY	GOMF_OUTWARD_RECTIFIER_POTASSIUM_CHANNEL_ACTIVITY		19	-0.25579152	-0.82462037	0.7096019	0.95948994	1.0	704	tags=11%, list=5%, signal=11%	
HP_ABNORMALITY_OF_THE_CALF	HP_ABNORMALITY_OF_THE_CALF		281	-0.15092039	-0.8244853	0.9310345	0.9594627	1.0	2417	tags=17%, list=16%, signal=20%	
HP_ELEVATED_CIRCULATING_CREATINE_KINASE_CONCENTRATION	HP_ELEVATED_CIRCULATING_CREATINE_KINASE_CONCENTRATION		273	-0.14940193	-0.82434165	0.9702381	0.9594367	1.0	3594	tags=26%, list=24%, signal=34%	
GOBP_ANTIGEN_PROCESSING_AND_PRESENTATION_OF_PEPTIDE_OR_POLYSACCHARIDE_ANTIGEN_VIA_MHC_CLASS_II	GOBP_ANTIGEN_PROCESSING_AND_PRESENTATION_OF_PEPTIDE_OR_POLYSACCHARIDE_ANTIGEN_VIA_MHC_CLASS_II		31	-0.22269787	-0.82431436	0.7476852	0.959194	1.0	3766	tags=39%, list=25%, signal=51%	
GOBP_G_PROTEIN_COUPLED_ACETYLCHOLINE_RECEPTOR_SIGNALING_PATHWAY	GOBP_G_PROTEIN_COUPLED_ACETYLCHOLINE_RECEPTOR_SIGNALING_PATHWAY		19	-0.25523108	-0.8241871	0.7087156	0.95913273	1.0	2341	tags=26%, list=15%, signal=31%	
GOBP_CELLULAR_RESPONSE_TO_CARBOHYDRATE_STIMULUS	GOBP_CELLULAR_RESPONSE_TO_CARBOHYDRATE_STIMULUS		128	-0.16473573	-0.8240875	0.875	0.95901287	1.0	2612	tags=20%, list=17%, signal=23%	
HP_ABNORMAL_CRANIAL_NERVE_MORPHOLOGY	HP_ABNORMAL_CRANIAL_NERVE_MORPHOLOGY		58	-0.19634227	-0.823926	0.7914573	0.9590252	1.0	4420	tags=34%, list=29%, signal=49%	
HP_ABNORMAL_DENTAL_MORPHOLOGY	HP_ABNORMAL_DENTAL_MORPHOLOGY		270	-0.14986596	-0.82348526	0.9425676	0.95957863	1.0	3972	tags=29%, list=26%, signal=38%	
HP_AMYOTROPHIC_LATERAL_SCLEROSIS	HP_AMYOTROPHIC_LATERAL_SCLEROSIS		42	-0.20805171	-0.823417	0.76689976	0.9593997	1.0	2561	tags=19%, list=17%, signal=23%	
HP_RESPIRATORY_FAILURE_REQUIRING_ASSISTED_VENTILATION	HP_RESPIRATORY_FAILURE_REQUIRING_ASSISTED_VENTILATION		32	-0.22238803	-0.82323474	0.7813954	0.95946884	1.0	4511	tags=47%, list=30%, signal=67%	
GOBP_SECRETORY_GRANULE_ORGANIZATION	GOBP_SECRETORY_GRANULE_ORGANIZATION		60	-0.18941331	-0.8231873	0.8071979	0.9592662	1.0	3309	tags=28%, list=22%, signal=36%	
HP_REDUCED_SUBCUTANEOUS_ADIPOSE_TISSUE	HP_REDUCED_SUBCUTANEOUS_ADIPOSE_TISSUE		25	-0.23033877	-0.8230437	0.71875	0.959263	1.0	3743	tags=32%, list=25%, signal=42%	
GOBP_OSTEOBLAST_PROLIFERATION	GOBP_OSTEOBLAST_PROLIFERATION		28	-0.22740678	-0.8230271	0.7477064	0.9589945	1.0	2462	tags=21%, list=16%, signal=26%	
HP_HYPOPLASIA_OF_THE_ODONTOID_PROCESS	HP_HYPOPLASIA_OF_THE_ODONTOID_PROCESS		26	-0.23478375	-0.8227401	0.73123485	0.95923525	1.0	5382	tags=46%, list=36%, signal=72%	
HP_ABNORMALITY_OF_THYROID_PHYSIOLOGY	HP_ABNORMALITY_OF_THYROID_PHYSIOLOGY		352	-0.1448431	-0.82265276	0.972973	0.959121	1.0	2928	tags=20%, list=19%, signal=24%	
GOMF_DISULFIDE_OXIDOREDUCTASE_ACTIVITY	GOMF_DISULFIDE_OXIDOREDUCTASE_ACTIVITY		38	-0.21567969	-0.822284	0.75116277	0.9595293	1.0	4840	tags=42%, list=32%, signal=62%	
HP_ABNORMALITY_OF_THE_TONSILS	HP_ABNORMALITY_OF_THE_TONSILS		30	-0.22508317	-0.8221999	0.75721157	0.95939285	1.0	3677	tags=33%, list=24%, signal=44%	
GOBP_VASODILATION	GOBP_VASODILATION		46	-0.20108892	-0.8221609	0.7904762	0.9591829	1.0	4681	tags=43%, list=31%, signal=63%	
GOCC_TRANSFERASE_COMPLEX_TRANSFERRING_PHOSPHORUS_CONTAINING_GROUPS	GOCC_TRANSFERASE_COMPLEX_TRANSFERRING_PHOSPHORUS_CONTAINING_GROUPS		256	-0.15323463	-0.8218608	0.9435216	0.9594557	1.0	3487	tags=22%, list=23%, signal=28%	
GOBP_RESPONSE_TO_EPIDERMAL_GROWTH_FACTOR	GOBP_RESPONSE_TO_EPIDERMAL_GROWTH_FACTOR		44	-0.20656657	-0.8216204	0.79086536	0.9596516	1.0	2752	tags=23%, list=18%, signal=28%	
HP_ABNORMALITY_OF_OCULAR_SMOOTH_PURSUIT	HP_ABNORMALITY_OF_OCULAR_SMOOTH_PURSUIT		64	-0.18835706	-0.82154024	0.8217054	0.95951205	1.0	704	tags=8%, list=5%, signal=8%	
GOBP_REGULATION_OF_RELEASE_OF_SEQUESTERED_CALCIUM_ION_INTO_CYTOSOL_BY_SARCOPLASMIC_RETICULUM	GOBP_REGULATION_OF_RELEASE_OF_SEQUESTERED_CALCIUM_ION_INTO_CYTOSOL_BY_SARCOPLASMIC_RETICULUM		28	-0.22752261	-0.8212682	0.7236534	0.95974493	1.0	3678	tags=39%, list=24%, signal=52%	
GOBP_REGULATION_OF_BROWN_FAT_CELL_DIFFERENTIATION	GOBP_REGULATION_OF_BROWN_FAT_CELL_DIFFERENTIATION		19	-0.25520387	-0.8205922	0.73067915	0.96071655	1.0	2714	tags=32%, list=18%, signal=38%	
GOBP_PYRIMIDINE_NUCLEOBASE_METABOLIC_PROCESS	GOBP_PYRIMIDINE_NUCLEOBASE_METABOLIC_PROCESS		20	-0.24991104	-0.82057226	0.727907	0.9604593	1.0	5465	tags=55%, list=36%, signal=86%	
HP_APLASIA_HYPOPLASIA_OF_THE_RIBS	HP_APLASIA_HYPOPLASIA_OF_THE_RIBS		126	-0.16635326	-0.820256	0.8917379	0.96076626	1.0	2571	tags=19%, list=17%, signal=23%	
GOBP_NEGATIVE_REGULATION_OF_DOUBLE_STRAND_BREAK_REPAIR_VIA_HOMOLOGOUS_RECOMBINATION	GOBP_NEGATIVE_REGULATION_OF_DOUBLE_STRAND_BREAK_REPAIR_VIA_HOMOLOGOUS_RECOMBINATION		24	-0.23930542	-0.8201277	0.7047619	0.9607003	1.0	5084	tags=42%, list=34%, signal=63%	
GOBP_PYRIMIDINE_CONTAINING_COMPOUND_BIOSYNTHETIC_PROCESS	GOBP_PYRIMIDINE_CONTAINING_COMPOUND_BIOSYNTHETIC_PROCESS		39	-0.20837034	-0.82011074	0.76235294	0.9604493	1.0	3157	tags=28%, list=21%, signal=36%	
GOBP_CARDIAC_CHAMBER_DEVELOPMENT	GOBP_CARDIAC_CHAMBER_DEVELOPMENT		144	-0.1635122	-0.8200919	0.9031339	0.9601913	1.0	1823	tags=15%, list=12%, signal=16%	
HP_PROMINENT_NASAL_BRIDGE	HP_PROMINENT_NASAL_BRIDGE		223	-0.15276743	-0.820075	0.94276094	0.9599327	1.0	4553	tags=33%, list=30%, signal=46%	
GOBP_NEGATIVE_REGULATION_OF_CELL_CYCLE_G1_S_PHASE_TRANSITION	GOBP_NEGATIVE_REGULATION_OF_CELL_CYCLE_G1_S_PHASE_TRANSITION		49	-0.20263875	-0.82003576	0.7821101	0.9597233	1.0	2858	tags=22%, list=19%, signal=28%	
GOBP_REGULATION_OF_ANIMAL_ORGAN_FORMATION	GOBP_REGULATION_OF_ANIMAL_ORGAN_FORMATION		26	-0.23880416	-0.8198605	0.74545455	0.9597548	1.0	3658	tags=38%, list=24%, signal=51%	
GOBP_RESPONSE_TO_MISFOLDED_PROTEIN	GOBP_RESPONSE_TO_MISFOLDED_PROTEIN		20	-0.2506208	-0.8195836	0.7368421	0.95997715	1.0	4200	tags=40%, list=28%, signal=55%	
HP_ABNORMAL_DURA_MATER_MORPHOLOGY	HP_ABNORMAL_DURA_MATER_MORPHOLOGY		24	-0.23884647	-0.8191122	0.7231121	0.96056235	1.0	3225	tags=33%, list=21%, signal=42%	
GOBP_V_D_J_RECOMBINATION	GOBP_V_D_J_RECOMBINATION		16	-0.26759213	-0.8190965	0.73068434	0.9603015	1.0	3177	tags=31%, list=21%, signal=40%	
GOCC_RNA_CAP_BINDING_COMPLEX	GOCC_RNA_CAP_BINDING_COMPLEX		15	-0.26227227	-0.8188493	0.71557564	0.9604829	1.0	11152	tags=100%, list=74%, signal=381%	
GOBP_HOMEOSTASIS_OF_NUMBER_OF_CELLS_WITHIN_A_TISSUE	GOBP_HOMEOSTASIS_OF_NUMBER_OF_CELLS_WITHIN_A_TISSUE		34	-0.2200548	-0.81875724	0.77205884	0.9603558	1.0	1111	tags=12%, list=7%, signal=13%	
GOCC_CELL_CORTEX	GOCC_CELL_CORTEX		273	-0.14875671	-0.81847435	0.96732026	0.960602	1.0	3069	tags=21%, list=20%, signal=26%	
HP_TORSADE_DE_POINTES	HP_TORSADE_DE_POINTES		17	-0.26418707	-0.8181708	0.7252252	0.96086234	1.0	2746	tags=24%, list=18%, signal=29%	
HP_DEGENERATION_OF_THE_LATERAL_CORTICOSPINAL_TRACTS	HP_DEGENERATION_OF_THE_LATERAL_CORTICOSPINAL_TRACTS		19	-0.25777087	-0.8179258	0.7039627	0.9610203	1.0	4140	tags=42%, list=27%, signal=58%	
GOBP_NEGATIVE_REGULATION_OF_CELL_SUBSTRATE_ADHESION	GOBP_NEGATIVE_REGULATION_OF_CELL_SUBSTRATE_ADHESION		52	-0.19480863	-0.81781113	0.8014888	0.9609455	1.0	3561	tags=31%, list=24%, signal=40%	
GOMF_ATP_DEPENDENT_ACTIVITY_ACTING_ON_RNA	GOMF_ATP_DEPENDENT_ACTIVITY_ACTING_ON_RNA		71	-0.18256617	-0.81776094	0.8478803	0.9607466	1.0	1983	tags=17%, list=13%, signal=19%	
GOBP_NEGATIVE_REGULATION_OF_CHONDROCYTE_DIFFERENTIATION	GOBP_NEGATIVE_REGULATION_OF_CHONDROCYTE_DIFFERENTIATION		22	-0.24224722	-0.81759834	0.74603176	0.96074283	1.0	2830	tags=27%, list=19%, signal=34%	
HP_GLYCOSURIA	HP_GLYCOSURIA		30	-0.22225237	-0.8173294	0.7351598	0.9609357	1.0	2947	tags=23%, list=20%, signal=29%	
GOMF_EXTRACELLULAR_MATRIX_STRUCTURAL_CONSTITUENT_CONFERRING_TENSILE_STRENGTH	GOMF_EXTRACELLULAR_MATRIX_STRUCTURAL_CONSTITUENT_CONFERRING_TENSILE_STRENGTH		37	-0.21392831	-0.8171416	0.77804875	0.96097696	1.0	2286	tags=19%, list=15%, signal=22%	
GOBP_RESPONSE_TO_OXYGEN_LEVELS	GOBP_RESPONSE_TO_OXYGEN_LEVELS		291	-0.14645228	-0.8170713	0.9699248	0.9608209	1.0	3498	tags=23%, list=23%, signal=29%	
HP_SHORT_PALPEBRAL_FISSURE	HP_SHORT_PALPEBRAL_FISSURE		110	-0.17191596	-0.81685716	0.88235295	0.9609597	1.0	3663	tags=25%, list=24%, signal=32%	
GOCC_COATED_VESICLE	GOCC_COATED_VESICLE		282	-0.14821516	-0.81625116	0.97508895	0.96180177	1.0	4602	tags=34%, list=30%, signal=48%	
GOMF_CHEMOATTRACTANT_ACTIVITY	GOMF_CHEMOATTRACTANT_ACTIVITY		29	-0.22923467	-0.8162005	0.75	0.9615966	1.0	1812	tags=17%, list=12%, signal=20%	
GOBP_PROTEIN_K48_LINKED_DEUBIQUITINATION	GOBP_PROTEIN_K48_LINKED_DEUBIQUITINATION		23	-0.23680297	-0.8153507	0.71428573	0.96285975	1.0	5126	tags=48%, list=34%, signal=72%	
HP_ABNORMAL_HIP_JOINT_MORPHOLOGY	HP_ABNORMAL_HIP_JOINT_MORPHOLOGY		343	-0.14443557	-0.81534684	0.992278	0.96257365	1.0	4163	tags=29%, list=28%, signal=39%	
GOBP_PROTEIN_HOMOTETRAMERIZATION	GOBP_PROTEIN_HOMOTETRAMERIZATION		55	-0.19241937	-0.8149142	0.8173302	0.9630651	1.0	1467	tags=15%, list=10%, signal=16%	
GOBP_PEPTIDYL_LYSINE_METHYLATION	GOBP_PEPTIDYL_LYSINE_METHYLATION		16	-0.26778057	-0.8149134	0.7226891	0.96277666	1.0	4237	tags=38%, list=28%, signal=52%	
GOBP_CELL_FATE_DETERMINATION	GOBP_CELL_FATE_DETERMINATION		33	-0.21618204	-0.8147682	0.783848	0.9627659	1.0	3551	tags=33%, list=24%, signal=43%	
GOMF_PLUS_END_DIRECTED_MICROTUBULE_MOTOR_ACTIVITY	GOMF_PLUS_END_DIRECTED_MICROTUBULE_MOTOR_ACTIVITY		18	-0.25682175	-0.8147654	0.7647059	0.96248055	1.0	1568	tags=17%, list=10%, signal=19%	
HP_TINNITUS	HP_TINNITUS		52	-0.1963015	-0.8145215	0.8014706	0.9626579	1.0	3983	tags=35%, list=26%, signal=47%	
GOBP_CELLULAR_RESPONSE_TO_OXIDATIVE_STRESS	GOBP_CELLULAR_RESPONSE_TO_OXIDATIVE_STRESS		215	-0.15042347	-0.8141163	0.9528302	0.96309334	1.0	3461	tags=24%, list=23%, signal=30%	
HP_ACCELERATED_SKELETAL_MATURATION	HP_ACCELERATED_SKELETAL_MATURATION		49	-0.19996783	-0.81361926	0.8	0.9637073	1.0	1197	tags=12%, list=8%, signal=13%	
GOBP_POSITIVE_REGULATION_OF_SMOOTH_MUSCLE_CELL_DIFFERENTIATION	GOBP_POSITIVE_REGULATION_OF_SMOOTH_MUSCLE_CELL_DIFFERENTIATION		15	-0.26752937	-0.8134372	0.7389474	0.9637462	1.0	2330	tags=20%, list=15%, signal=24%	
GOBP_MICROTUBULE_NUCLEATION	GOBP_MICROTUBULE_NUCLEATION		44	-0.20159939	-0.8133837	0.79656863	0.9635627	1.0	3118	tags=25%, list=21%, signal=31%	
GOBP_CARDIAC_MUSCLE_CELL_DIFFERENTIATION	GOBP_CARDIAC_MUSCLE_CELL_DIFFERENTIATION		107	-0.16925833	-0.8130938	0.9260274	0.9637836	1.0	3442	tags=25%, list=23%, signal=32%	
HP_ENCHONDROMA	HP_ENCHONDROMA		18	-0.2581177	-0.8130613	0.7414188	0.9635461	1.0	3285	tags=28%, list=22%, signal=35%	
GOBP_POSITIVE_REGULATION_OF_AUTOPHAGOSOME_ASSEMBLY	GOBP_POSITIVE_REGULATION_OF_AUTOPHAGOSOME_ASSEMBLY		18	-0.25529543	-0.8124746	0.7407407	0.9643047	1.0	6310	tags=61%, list=42%, signal=105%	
HP_MYOKYMIA	HP_MYOKYMIA		18	-0.25202858	-0.81227154	0.73636365	0.9643829	1.0	2627	tags=22%, list=17%, signal=27%	
HP_OSTEOLYSIS_INVOLVING_BONES_OF_THE_UPPER_LIMBS	HP_OSTEOLYSIS_INVOLVING_BONES_OF_THE_UPPER_LIMBS		20	-0.24748993	-0.8122596	0.7386364	0.96411705	1.0	1661	tags=20%, list=11%, signal=22%	
GOMF_EXCITATORY_EXTRACELLULAR_LIGAND_GATED_MONOATOMIC_ION_CHANNEL_ACTIVITY	GOMF_EXCITATORY_EXTRACELLULAR_LIGAND_GATED_MONOATOMIC_ION_CHANNEL_ACTIVITY		28	-0.2260566	-0.81223595	0.7459954	0.9638663	1.0	2277	tags=25%, list=15%, signal=29%	
HP_ABNORMALITY_OF_SKELETAL_MUSCLE_FIBER_SIZE	HP_ABNORMALITY_OF_SKELETAL_MUSCLE_FIBER_SIZE		102	-0.16999125	-0.8120853	0.875	0.96385396	1.0	4478	tags=36%, list=30%, signal=51%	
GOMF_LAMININ_BINDING	GOMF_LAMININ_BINDING		26	-0.23339194	-0.81199336	0.7741935	0.9637305	1.0	2632	tags=23%, list=17%, signal=28%	
HP_FOCAL_CLONIC_SEIZURE	HP_FOCAL_CLONIC_SEIZURE		35	-0.21035215	-0.81183153	0.7839196	0.96372247	1.0	4201	tags=37%, list=28%, signal=51%	
HP_SHORT_FOOT	HP_SHORT_FOOT		136	-0.16162466	-0.81136596	0.92432433	0.96425986	1.0	4114	tags=29%, list=27%, signal=39%	
GOBP_REGULATION_OF_VESICLE_SIZE	GOBP_REGULATION_OF_VESICLE_SIZE		18	-0.25645444	-0.8112357	0.72527474	0.96420306	1.0	4497	tags=44%, list=30%, signal=63%	
HP_ABNORMAL_PROSODY	HP_ABNORMAL_PROSODY		74	-0.17736039	-0.81108785	0.85604113	0.96418065	1.0	1509	tags=12%, list=10%, signal=13%	
HP_ANHIDROSIS	HP_ANHIDROSIS		36	-0.2116761	-0.81101835	0.7647059	0.9640228	1.0	3043	tags=31%, list=20%, signal=38%	
HP_TURRICEPHALY	HP_TURRICEPHALY		44	-0.20003894	-0.8109912	0.8245192	0.96378875	1.0	3677	tags=32%, list=24%, signal=42%	
HP_DISPROPORTIONATE_TALL_STATURE	HP_DISPROPORTIONATE_TALL_STATURE		31	-0.21822216	-0.81077325	0.7767221	0.9638761	1.0	4248	tags=35%, list=28%, signal=49%	
HP_DECREASED_CIRCULATING_FOLLICLE_STIMULATING_HORMONE_CONCENTRATION	HP_DECREASED_CIRCULATING_FOLLICLE_STIMULATING_HORMONE_CONCENTRATION		26	-0.22699039	-0.810547	0.74115044	0.963989	1.0	3968	tags=42%, list=26%, signal=57%	
GOBP_CELL_MIGRATION_INVOLVED_IN_SPROUTING_ANGIOGENESIS	GOBP_CELL_MIGRATION_INVOLVED_IN_SPROUTING_ANGIOGENESIS		54	-0.19521019	-0.8103856	0.80493826	0.96399754	1.0	4014	tags=31%, list=27%, signal=43%	
HP_APLASIA_HYPOPLASIA_OF_THE_STERNUM	HP_APLASIA_HYPOPLASIA_OF_THE_STERNUM		19	-0.252254	-0.81032246	0.72616136	0.9638177	1.0	3084	tags=32%, list=20%, signal=40%	
GOBP_POSITIVE_REGULATION_OF_PROTEIN_TRANSPORT	GOBP_POSITIVE_REGULATION_OF_PROTEIN_TRANSPORT		218	-0.149789	-0.8102451	0.9572368	0.96368396	1.0	3790	tags=26%, list=25%, signal=34%	
HP_SQUAMOUS_CELL_CARCINOMA	HP_SQUAMOUS_CELL_CARCINOMA		59	-0.18816163	-0.81009173	0.8282051	0.9636471	1.0	1390	tags=12%, list=9%, signal=13%	
HP_ABNORMAL_SCROTUM_MORPHOLOGY	HP_ABNORMAL_SCROTUM_MORPHOLOGY		118	-0.16521537	-0.80998296	0.89181286	0.9635424	1.0	3285	tags=22%, list=22%, signal=28%	
HP_GASTROPARESIS	HP_GASTROPARESIS		31	-0.21858308	-0.8098091	0.765808	0.9635539	1.0	4040	tags=39%, list=27%, signal=53%	
GOCC_RNA_POLYMERASE_II_HOLOENZYME	GOCC_RNA_POLYMERASE_II_HOLOENZYME		67	-0.18765996	-0.8097744	0.82994926	0.9633252	1.0	2332	tags=15%, list=15%, signal=18%	
HP_CUPPED_RIBS	HP_CUPPED_RIBS		27	-0.22728719	-0.80930376	0.7900943	0.96385866	1.0	1941	tags=19%, list=13%, signal=21%	
GOBP_REGULATION_OF_PROTEIN_TARGETING	GOBP_REGULATION_OF_PROTEIN_TARGETING		75	-0.17990725	-0.8091795	0.85286784	0.96379334	1.0	2687	tags=20%, list=18%, signal=24%	
GOCC_VESICLE_COAT	GOCC_VESICLE_COAT		61	-0.18648909	-0.80897087	0.83862436	0.9638734	1.0	2958	tags=25%, list=20%, signal=30%	
GOBP_NEGATIVE_REGULATION_OF_PROTEIN_UBIQUITINATION	GOBP_NEGATIVE_REGULATION_OF_PROTEIN_UBIQUITINATION		64	-0.18511851	-0.80890286	0.83076924	0.9636926	1.0	2725	tags=23%, list=18%, signal=28%	
HP_MULTIPLE_PULMONARY_CYSTS	HP_MULTIPLE_PULMONARY_CYSTS		16	-0.26574254	-0.8088826	0.7310195	0.9634423	1.0	3783	tags=31%, list=25%, signal=42%	
HP_EMBRYONAL_NEOPLASM	HP_EMBRYONAL_NEOPLASM		63	-0.18733934	-0.8087966	0.81865287	0.96330315	1.0	1612	tags=16%, list=11%, signal=18%	
GOBP_NUCLEOSIDE_TRIPHOSPHATE_METABOLIC_PROCESS	GOBP_NUCLEOSIDE_TRIPHOSPHATE_METABOLIC_PROCESS		245	-0.14885314	-0.80847776	0.9607843	0.9635801	1.0	3291	tags=22%, list=22%, signal=28%	
GOBP_PROTEIN_LIPID_COMPLEX_ASSEMBLY	GOBP_PROTEIN_LIPID_COMPLEX_ASSEMBLY		23	-0.23658589	-0.80785674	0.7640187	0.96437585	1.0	2855	tags=26%, list=19%, signal=32%	
GOBP_POST_GOLGI_VESICLE_MEDIATED_TRANSPORT	GOBP_POST_GOLGI_VESICLE_MEDIATED_TRANSPORT		99	-0.17080787	-0.8078541	0.88250655	0.9640928	1.0	3605	tags=28%, list=24%, signal=37%	
GOBP_LIPOPOLYSACCHARIDE_MEDIATED_SIGNALING_PATHWAY	GOBP_LIPOPOLYSACCHARIDE_MEDIATED_SIGNALING_PATHWAY		46	-0.19750077	-0.80774707	0.7893462	0.9640118	1.0	2999	tags=26%, list=20%, signal=32%	
GOBP_REGULATION_OF_FATTY_ACID_BIOSYNTHETIC_PROCESS	GOBP_REGULATION_OF_FATTY_ACID_BIOSYNTHETIC_PROCESS		37	-0.211061	-0.80713356	0.7985437	0.9647952	1.0	2557	tags=24%, list=17%, signal=29%	
GOBP_POSITIVE_REGULATION_OF_DEVELOPMENTAL_GROWTH	GOBP_POSITIVE_REGULATION_OF_DEVELOPMENTAL_GROWTH		133	-0.16204123	-0.80673766	0.9195402	0.96518874	1.0	2066	tags=16%, list=14%, signal=18%	
GOBP_TORC2_SIGNALING	GOBP_TORC2_SIGNALING		17	-0.25690326	-0.8066069	0.72813237	0.9651328	1.0	3119	tags=29%, list=21%, signal=37%	
GOBP_POSITIVE_REGULATION_OF_MIRNA_METABOLIC_PROCESS	GOBP_POSITIVE_REGULATION_OF_MIRNA_METABOLIC_PROCESS		45	-0.19828996	-0.8061779	0.8316327	0.9656241	1.0	2925	tags=24%, list=19%, signal=30%	
GOMF_RNA_EXONUCLEASE_ACTIVITY_PRODUCING_5_PHOSPHOMONOESTERS	GOMF_RNA_EXONUCLEASE_ACTIVITY_PRODUCING_5_PHOSPHOMONOESTERS		37	-0.21268809	-0.8059829	0.79268295	0.9656824	1.0	3126	tags=22%, list=21%, signal=27%	
GOBP_MACROPHAGE_CYTOKINE_PRODUCTION	GOBP_MACROPHAGE_CYTOKINE_PRODUCTION		32	-0.21551636	-0.80531275	0.79726654	0.9665536	1.0	2208	tags=22%, list=15%, signal=26%	
GOBP_NEGATIVE_REGULATION_OF_CHROMOSOME_ORGANIZATION	GOBP_NEGATIVE_REGULATION_OF_CHROMOSOME_ORGANIZATION		85	-0.17499277	-0.8052385	0.9133858	0.96639663	1.0	2725	tags=18%, list=18%, signal=21%	
GOBP_LONG_TERM_SYNAPTIC_POTENTIATION	GOBP_LONG_TERM_SYNAPTIC_POTENTIATION		89	-0.17485261	-0.805127	0.8877551	0.96630305	1.0	3287	tags=25%, list=22%, signal=31%	
HP_RESTRICTIVE_VENTILATORY_DEFECT	HP_RESTRICTIVE_VENTILATORY_DEFECT		81	-0.17647013	-0.8049099	0.86178863	0.9663944	1.0	3142	tags=25%, list=21%, signal=31%	
GOMF_DISORDERED_DOMAIN_SPECIFIC_BINDING	GOMF_DISORDERED_DOMAIN_SPECIFIC_BINDING		21	-0.24536009	-0.80489486	0.7114094	0.96613055	1.0	208	tags=10%, list=1%, signal=10%	
HP_PERIMEMBRANOUS_VENTRICULAR_SEPTAL_DEFECT	HP_PERIMEMBRANOUS_VENTRICULAR_SEPTAL_DEFECT		22	-0.237974	-0.80415916	0.7591743	0.9670849	1.0	2880	tags=32%, list=19%, signal=39%	
HP_ABNORMALITY_OF_THE_PINEAL_GLAND	HP_ABNORMALITY_OF_THE_PINEAL_GLAND		21	-0.24106556	-0.8039262	0.74222225	0.96718705	1.0	1431	tags=14%, list=9%, signal=16%	
GOMF_NF_KAPPAB_BINDING	GOMF_NF_KAPPAB_BINDING		30	-0.21629116	-0.8035155	0.7714286	0.96759796	1.0	4197	tags=33%, list=28%, signal=46%	
GOBP_CARDIAC_CELL_DEVELOPMENT	GOBP_CARDIAC_CELL_DEVELOPMENT		78	-0.17975472	-0.803165	0.85564303	0.9679119	1.0	3442	tags=24%, list=23%, signal=31%	
GOBP_PROTEASOME_ASSEMBLY	GOBP_PROTEASOME_ASSEMBLY		15	-0.26379594	-0.8027612	0.74657536	0.96831566	1.0	11129	tags=100%, list=74%, signal=379%	
HP_TEMPORAL_PATTERN	HP_TEMPORAL_PATTERN		17	-0.25726244	-0.8018951	0.737819	0.9695076	1.0	4007	tags=35%, list=27%, signal=48%	
GOCC_MITOCHONDRIAL_PROTEIN_CONTAINING_COMPLEX	GOCC_MITOCHONDRIAL_PROTEIN_CONTAINING_COMPLEX		165	-0.15569414	-0.8003581	0.9342857	0.9718209	1.0	4820	tags=33%, list=32%, signal=48%	
HP_FETAL_ULTRASOUND_SOFT_MARKER	HP_FETAL_ULTRASOUND_SOFT_MARKER		111	-0.16482526	-0.80018085	0.90052354	0.97182816	1.0	3183	tags=23%, list=21%, signal=28%	
GOCC_CYTOSOLIC_REGION	GOCC_CYTOSOLIC_REGION		36	-0.20830975	-0.7996913	0.7961631	0.9723745	1.0	4027	tags=31%, list=27%, signal=42%	
HP_QUADRICEPS_MUSCLE_WEAKNESS	HP_QUADRICEPS_MUSCLE_WEAKNESS		22	-0.23347647	-0.79931086	0.7877358	0.9727211	1.0	3432	tags=32%, list=23%, signal=41%	
HP_APLASIA_INVOLVING_BONES_OF_THE_EXTREMITIES	HP_APLASIA_INVOLVING_BONES_OF_THE_EXTREMITIES		23	-0.23536547	-0.79912454	0.74712646	0.972744	1.0	2954	tags=26%, list=20%, signal=32%	
GOBP_EMBRYONIC_PATTERN_SPECIFICATION	GOBP_EMBRYONIC_PATTERN_SPECIFICATION		59	-0.18504837	-0.79902935	0.8626506	0.9726134	1.0	3926	tags=29%, list=26%, signal=39%	
GOBP_RNA_METHYLATION	GOBP_RNA_METHYLATION		75	-0.17622535	-0.7988975	0.89002556	0.9725559	1.0	2063	tags=15%, list=14%, signal=17%	
HP_HYPOVENTILATION	HP_HYPOVENTILATION		40	-0.20994005	-0.79875815	0.80778587	0.9724877	1.0	4117	tags=35%, list=27%, signal=48%	
GOBP_VENTRICULAR_CARDIAC_MUSCLE_CELL_DIFFERENTIATION	GOBP_VENTRICULAR_CARDIAC_MUSCLE_CELL_DIFFERENTIATION		15	-0.26550227	-0.7986006	0.71175164	0.9724516	1.0	4178	tags=40%, list=28%, signal=55%	
GOBP_INSULIN_SECRETION_INVOLVED_IN_CELLULAR_RESPONSE_TO_GLUCOSE_STIMULUS	GOBP_INSULIN_SECRETION_INVOLVED_IN_CELLULAR_RESPONSE_TO_GLUCOSE_STIMULUS		65	-0.18601128	-0.7983214	0.8666667	0.9726243	1.0	2612	tags=22%, list=17%, signal=26%	
GOBP_SMOOTH_MUSCLE_CELL_DIFFERENTIATION	GOBP_SMOOTH_MUSCLE_CELL_DIFFERENTIATION		62	-0.18294935	-0.7976158	0.86507934	0.9735147	1.0	2689	tags=18%, list=18%, signal=21%	
GOBP_NEGATIVE_REGULATION_OF_MYOBLAST_DIFFERENTIATION	GOBP_NEGATIVE_REGULATION_OF_MYOBLAST_DIFFERENTIATION		22	-0.23499899	-0.7975818	0.76036865	0.97327954	1.0	1913	tags=23%, list=13%, signal=26%	
GOBP_CELL_CYCLE_CHECKPOINT_SIGNALING	GOBP_CELL_CYCLE_CHECKPOINT_SIGNALING		161	-0.15457937	-0.79753107	0.94512194	0.97307444	1.0	3756	tags=24%, list=25%, signal=32%	
HP_RENAL_DYSPLASIA	HP_RENAL_DYSPLASIA		69	-0.17990716	-0.7972982	0.87743735	0.97314584	1.0	2665	tags=17%, list=18%, signal=21%	
HP_COXA_VALGA	HP_COXA_VALGA		78	-0.17575367	-0.7967485	0.8746736	0.97374797	1.0	4242	tags=31%, list=28%, signal=43%	
GOBP_POSITIVE_REGULATION_OF_OSTEOBLAST_DIFFERENTIATION	GOBP_POSITIVE_REGULATION_OF_OSTEOBLAST_DIFFERENTIATION		67	-0.17637338	-0.79603386	0.8771499	0.9746473	1.0	1827	tags=15%, list=12%, signal=17%	
GOBP_CYTOPLASMIC_MICROTUBULE_ORGANIZATION	GOBP_CYTOPLASMIC_MICROTUBULE_ORGANIZATION		59	-0.1881015	-0.79597324	0.8513854	0.97447073	1.0	3069	tags=20%, list=20%, signal=25%	
GOBP_SNRNA_PROCESSING	GOBP_SNRNA_PROCESSING		30	-0.21818915	-0.7959351	0.7947494	0.97424334	1.0	5294	tags=40%, list=35%, signal=61%	
HP_ORTHOPNEA	HP_ORTHOPNEA		85	-0.17170821	-0.7957105	0.86702126	0.97431725	1.0	2612	tags=21%, list=17%, signal=25%	
GOBP_NEGATIVE_REGULATION_OF_BLOOD_VESSEL_ENDOTHELIAL_CELL_MIGRATION	GOBP_NEGATIVE_REGULATION_OF_BLOOD_VESSEL_ENDOTHELIAL_CELL_MIGRATION		28	-0.21962486	-0.7951075	0.8058691	0.97497207	1.0	1111	tags=14%, list=7%, signal=15%	
GOBP_ENDOTHELIAL_CELL_DIFFERENTIATION	GOBP_ENDOTHELIAL_CELL_DIFFERENTIATION		97	-0.16703448	-0.7950526	0.90437156	0.9747727	1.0	3035	tags=21%, list=20%, signal=26%	
HP_ABNORMAL_MIDBRAIN_MORPHOLOGY	HP_ABNORMAL_MIDBRAIN_MORPHOLOGY		75	-0.17294607	-0.7949941	0.8618091	0.97458094	1.0	3403	tags=28%, list=23%, signal=36%	
GOBP_REGULATION_OF_RESPONSE_TO_NUTRIENT_LEVELS	GOBP_REGULATION_OF_RESPONSE_TO_NUTRIENT_LEVELS		26	-0.2260745	-0.79489565	0.7640187	0.9744602	1.0	5723	tags=58%, list=38%, signal=93%	
HP_INCREASED_TOTAL_EOSINOPHIL_COUNT	HP_INCREASED_TOTAL_EOSINOPHIL_COUNT		43	-0.19792368	-0.79487586	0.8304668	0.97420555	1.0	4501	tags=37%, list=30%, signal=53%	
HP_CENTRAL_DIABETES_INSIPIDUS	HP_CENTRAL_DIABETES_INSIPIDUS		18	-0.24548312	-0.7948276	0.7699317	0.97399765	1.0	3225	tags=33%, list=21%, signal=42%	
HP_GENERALIZED_AMYOTROPHY	HP_GENERALIZED_AMYOTROPHY		78	-0.17286909	-0.79442143	0.8972431	0.9743774	1.0	3609	tags=26%, list=24%, signal=34%	
HP_BROAD_DISTAL_PHALANX_OF_FINGER	HP_BROAD_DISTAL_PHALANX_OF_FINGER		24	-0.22834796	-0.794309	0.7802198	0.9742677	1.0	3065	tags=25%, list=20%, signal=31%	
GOBP_REGULATION_OF_INTRACELLULAR_STEROID_HORMONE_RECEPTOR_SIGNALING_PATHWAY	GOBP_REGULATION_OF_INTRACELLULAR_STEROID_HORMONE_RECEPTOR_SIGNALING_PATHWAY		66	-0.17989661	-0.79307526	0.86374694	0.9759761	1.0	4273	tags=30%, list=28%, signal=42%	
GOBP_CATECHOLAMINE_SECRETION	GOBP_CATECHOLAMINE_SECRETION		37	-0.20476383	-0.7929442	0.8159091	0.9758998	1.0	4001	tags=35%, list=26%, signal=48%	
HP_ABNORMALITY_OF_THE_MITOCHONDRION	HP_ABNORMALITY_OF_THE_MITOCHONDRION		218	-0.14728284	-0.7927587	0.9701493	0.9759156	1.0	4042	tags=28%, list=27%, signal=37%	
HP_TRIGONOCEPHALY	HP_TRIGONOCEPHALY		41	-0.20404957	-0.7927043	0.8301887	0.975718	1.0	1547	tags=15%, list=10%, signal=16%	
HP_INCREASED_INTRACRANIAL_PRESSURE	HP_INCREASED_INTRACRANIAL_PRESSURE		65	-0.17688097	-0.7922087	0.8619792	0.97618294	1.0	1976	tags=17%, list=13%, signal=19%	
HP_APLASIA_HYPOPLASIA_OF_THE_FEMUR	HP_APLASIA_HYPOPLASIA_OF_THE_FEMUR		69	-0.1791275	-0.7921951	0.8765133	0.97591925	1.0	4552	tags=38%, list=30%, signal=54%	
HP_LIMITED_ELBOW_EXTENSION	HP_LIMITED_ELBOW_EXTENSION		50	-0.19625159	-0.7920179	0.81395346	0.975924	1.0	4201	tags=36%, list=28%, signal=50%	
GOBP_VASCULAR_ENDOTHELIAL_GROWTH_FACTOR_PRODUCTION	GOBP_VASCULAR_ENDOTHELIAL_GROWTH_FACTOR_PRODUCTION		27	-0.22305316	-0.7919323	0.77272725	0.975769	1.0	4593	tags=44%, list=30%, signal=64%	
GOBP_RUFFLE_ASSEMBLY	GOBP_RUFFLE_ASSEMBLY		40	-0.20425881	-0.7916587	0.82978725	0.97592354	1.0	4959	tags=45%, list=33%, signal=67%	
GOBP_PROTEIN_LOCALIZATION_TO_EXTRACELLULAR_REGION	GOBP_PROTEIN_LOCALIZATION_TO_EXTRACELLULAR_REGION		315	-0.14137612	-0.79134226	0.9890511	0.976146	1.0	3567	tags=24%, list=24%, signal=31%	
GOBP_REGULATION_OF_SKELETAL_MUSCLE_CONTRACTION	GOBP_REGULATION_OF_SKELETAL_MUSCLE_CONTRACTION		15	-0.2628177	-0.79120225	0.7609195	0.9760724	1.0	1179	tags=20%, list=8%, signal=22%	
HP_ANAL_STENOSIS	HP_ANAL_STENOSIS		31	-0.2118523	-0.7911592	0.8177083	0.97585434	1.0	3182	tags=32%, list=21%, signal=41%	
HP_HAND_MUSCLE_ATROPHY	HP_HAND_MUSCLE_ATROPHY		49	-0.19181997	-0.7907262	0.854321	0.9762554	1.0	3395	tags=27%, list=22%, signal=34%	
HP_ABNORMALITY_OF_DENTAL_STRUCTURE	HP_ABNORMALITY_OF_DENTAL_STRUCTURE		313	-0.1424369	-0.7906887	0.9860627	0.97603273	1.0	3829	tags=27%, list=25%, signal=36%	
GOBP_REGULATION_OF_WOUND_HEALING	GOBP_REGULATION_OF_WOUND_HEALING		106	-0.16345513	-0.7905683	0.89863014	0.97593576	1.0	3343	tags=25%, list=22%, signal=31%	
HP_OPTIC_DISC_HYPOPLASIA	HP_OPTIC_DISC_HYPOPLASIA		18	-0.24616815	-0.7904805	0.7638554	0.97578293	1.0	531	tags=11%, list=4%, signal=12%	
GOBP_REGULATION_OF_PLATELET_ACTIVATION	GOBP_REGULATION_OF_PLATELET_ACTIVATION		49	-0.19280395	-0.79023105	0.86165047	0.97591025	1.0	3220	tags=31%, list=21%, signal=39%	
GOBP_CHONDROCYTE_DIFFERENTIATION	GOBP_CHONDROCYTE_DIFFERENTIATION		103	-0.16755629	-0.7900277	0.92443323	0.9759639	1.0	4626	tags=35%, list=31%, signal=50%	
GOMF_ENDONUCLEASE_ACTIVITY	GOMF_ENDONUCLEASE_ACTIVITY		115	-0.16194795	-0.7896327	0.9514286	0.9763155	1.0	3340	tags=22%, list=22%, signal=28%	
HP_ADDUCTED_THUMB	HP_ADDUCTED_THUMB		88	-0.17046212	-0.78961426	0.9131653	0.9760628	1.0	943	tags=10%, list=6%, signal=11%	
GOBP_SUBPALLIUM_DEVELOPMENT	GOBP_SUBPALLIUM_DEVELOPMENT		24	-0.23141704	-0.7895261	0.7842697	0.97591907	1.0	2830	tags=25%, list=19%, signal=31%	
HP_EPISODIC_VOMITING	HP_EPISODIC_VOMITING		48	-0.19440898	-0.78943634	0.8300971	0.9757758	1.0	3853	tags=23%, list=25%, signal=31%	
GOBP_COPII_COATED_VESICLE_CARGO_LOADING	GOBP_COPII_COATED_VESICLE_CARGO_LOADING		17	-0.25155452	-0.789257	0.7853774	0.9757741	1.0	5690	tags=59%, list=38%, signal=94%	
HP_APNEA	HP_APNEA		211	-0.14934023	-0.7891737	0.9744409	0.9756164	1.0	3529	tags=24%, list=23%, signal=31%	
HP_POLYGENIC_INHERITANCE	HP_POLYGENIC_INHERITANCE		25	-0.22537664	-0.78916526	0.7906977	0.97534466	1.0	2350	tags=20%, list=16%, signal=24%	
HP_NEOPLASM_OF_THE_ORAL_CAVITY	HP_NEOPLASM_OF_THE_ORAL_CAVITY		49	-0.1902848	-0.78897697	0.85679615	0.97536355	1.0	1814	tags=18%, list=12%, signal=21%	
GOCC_NUCLEAR_PERIPHERY	GOCC_NUCLEAR_PERIPHERY		27	-0.22197762	-0.7887608	0.7783133	0.9754202	1.0	3231	tags=26%, list=21%, signal=33%	
GOBP_INNER_MITOCHONDRIAL_MEMBRANE_ORGANIZATION	GOBP_INNER_MITOCHONDRIAL_MEMBRANE_ORGANIZATION		44	-0.19616579	-0.78861344	0.83797467	0.9753566	1.0	4422	tags=36%, list=29%, signal=51%	
GOBP_NEGATIVE_REGULATION_OF_EXTRINSIC_APOPTOTIC_SIGNALING_PATHWAY	GOBP_NEGATIVE_REGULATION_OF_EXTRINSIC_APOPTOTIC_SIGNALING_PATHWAY		80	-0.17375974	-0.7885066	0.8808933	0.9752378	1.0	3020	tags=24%, list=20%, signal=30%	
GOMF_FIBROBLAST_GROWTH_FACTOR_RECEPTOR_BINDING	GOMF_FIBROBLAST_GROWTH_FACTOR_RECEPTOR_BINDING		22	-0.23414081	-0.78846323	0.7975309	0.97501427	1.0	2925	tags=23%, list=19%, signal=28%	
GOBP_NUCLEAR_RECEPTOR_MEDIATED_SIGNALING_PATHWAY	GOBP_NUCLEAR_RECEPTOR_MEDIATED_SIGNALING_PATHWAY		170	-0.15379684	-0.78846097	0.94551283	0.97473395	1.0	2853	tags=20%, list=19%, signal=24%	
HP_DECREASED_ACTIVITY_OF_MITOCHONDRIAL_COMPLEX_IV	HP_DECREASED_ACTIVITY_OF_MITOCHONDRIAL_COMPLEX_IV		68	-0.1831799	-0.7881143	0.89637303	0.97498214	1.0	3935	tags=31%, list=26%, signal=42%	
GOBP_POSITIVE_REGULATION_OF_COAGULATION	GOBP_POSITIVE_REGULATION_OF_COAGULATION		27	-0.21999553	-0.7875471	0.8063781	0.97557706	1.0	2863	tags=26%, list=19%, signal=32%	
GOBP_PHAGOSOME_MATURATION	GOBP_PHAGOSOME_MATURATION		29	-0.21620537	-0.78738195	0.8123457	0.9755381	1.0	849	tags=10%, list=6%, signal=11%	
HP_TELANGIECTASIA	HP_TELANGIECTASIA		133	-0.15737924	-0.7873179	0.9352941	0.9753508	1.0	3190	tags=18%, list=21%, signal=23%	
GOBP_NEGATIVE_REGULATION_OF_VASCULATURE_DEVELOPMENT	GOBP_NEGATIVE_REGULATION_OF_VASCULATURE_DEVELOPMENT		87	-0.17276536	-0.7871804	0.90756303	0.97527134	1.0	2562	tags=17%, list=17%, signal=21%	
GOBP_REGULATION_OF_SPINDLE_ORGANIZATION	GOBP_REGULATION_OF_SPINDLE_ORGANIZATION		45	-0.19515042	-0.78714937	0.8477273	0.97503203	1.0	3671	tags=29%, list=24%, signal=38%	
HP_STATUS_EPILEPTICUS_WITHOUT_PROMINENT_MOTOR_SYMPTOMS	HP_STATUS_EPILEPTICUS_WITHOUT_PROMINENT_MOTOR_SYMPTOMS		22	-0.23783019	-0.78709626	0.77093595	0.9748389	1.0	4001	tags=32%, list=26%, signal=43%	
GOBP_AMINO_ACID_IMPORT_ACROSS_PLASMA_MEMBRANE	GOBP_AMINO_ACID_IMPORT_ACROSS_PLASMA_MEMBRANE		42	-0.19749092	-0.78672695	0.83602774	0.9751391	1.0	3194	tags=26%, list=21%, signal=33%	
GOBP_REGULATORY_NCRNA_PROCESSING	GOBP_REGULATORY_NCRNA_PROCESSING		51	-0.19004121	-0.7863055	0.83294666	0.9755328	1.0	1242	tags=12%, list=8%, signal=13%	
HP_PATHOLOGIC_FRACTURE	HP_PATHOLOGIC_FRACTURE		46	-0.19785802	-0.7861472	0.8609756	0.9755025	1.0	3514	tags=26%, list=23%, signal=34%	
HP_ABNORMALITY_OF_PROTHROMBIN	HP_ABNORMALITY_OF_PROTHROMBIN		50	-0.1908515	-0.7861033	0.8190709	0.97528404	1.0	2723	tags=22%, list=18%, signal=27%	
GOBP_VIRAL_RELEASE_FROM_HOST_CELL	GOBP_VIRAL_RELEASE_FROM_HOST_CELL		26	-0.22643675	-0.78566134	0.7874396	0.9756696	1.0	3671	tags=27%, list=24%, signal=36%	
HP_PNEUMOTHORAX	HP_PNEUMOTHORAX		61	-0.18044804	-0.78564644	0.8769634	0.9754076	1.0	4248	tags=36%, list=28%, signal=50%	
GOBP_DEVELOPMENT_OF_PRIMARY_FEMALE_SEXUAL_CHARACTERISTICS	GOBP_DEVELOPMENT_OF_PRIMARY_FEMALE_SEXUAL_CHARACTERISTICS		93	-0.16763996	-0.785485	0.92349726	0.9753819	1.0	3363	tags=23%, list=22%, signal=29%	
GOBP_PROTEIN_LIPID_COMPLEX_ORGANIZATION	GOBP_PROTEIN_LIPID_COMPLEX_ORGANIZATION		44	-0.19864659	-0.78544843	0.84155846	0.97515965	1.0	2114	tags=18%, list=14%, signal=21%	
GOBP_FC_GAMMA_RECEPTOR_SIGNALING_PATHWAY	GOBP_FC_GAMMA_RECEPTOR_SIGNALING_PATHWAY		28	-0.21934171	-0.7852811	0.8110599	0.97514206	1.0	2536	tags=25%, list=17%, signal=30%	
GOBP_FIBROBLAST_MIGRATION	GOBP_FIBROBLAST_MIGRATION		50	-0.19235884	-0.7848579	0.8611825	0.9755131	1.0	3435	tags=24%, list=23%, signal=31%	
HP_ATYPICAL_ABSENCE_SEIZURE	HP_ATYPICAL_ABSENCE_SEIZURE		30	-0.21556614	-0.78483593	0.78985506	0.97526234	1.0	575	tags=10%, list=4%, signal=10%	
HP_DECREASED_AMPLITUDE_OF_SENSORY_ACTION_POTENTIALS	HP_DECREASED_AMPLITUDE_OF_SENSORY_ACTION_POTENTIALS		20	-0.23951422	-0.78289866	0.7878104	0.9778843	1.0	2590	tags=20%, list=17%, signal=24%	
GOMF_MOLECULAR_SEQUESTERING_ACTIVITY	GOMF_MOLECULAR_SEQUESTERING_ACTIVITY		55	-0.18235995	-0.78283256	0.861461	0.9776935	1.0	3457	tags=25%, list=23%, signal=33%	
GOBP_POSITIVE_REGULATION_OF_MITOTIC_SISTER_CHROMATID_SEPARATION	GOBP_POSITIVE_REGULATION_OF_MITOTIC_SISTER_CHROMATID_SEPARATION		17	-0.24773075	-0.78248656	0.79333335	0.9779186	1.0	11372	tags=100%, list=75%, signal=404%	
HP_PALPEBRAL_EDEMA	HP_PALPEBRAL_EDEMA		36	-0.202212	-0.78181	0.8244445	0.9786068	1.0	4031	tags=31%, list=27%, signal=42%	
HP_ACETABULAR_DYSPLASIA	HP_ACETABULAR_DYSPLASIA		18	-0.25107464	-0.7817797	0.7730337	0.9783665	1.0	1352	tags=17%, list=9%, signal=18%	
GOBP_OSSIFICATION	GOBP_OSSIFICATION		369	-0.13737214	-0.7814166	0.99640286	0.97862226	1.0	3826	tags=26%, list=25%, signal=34%	
GOBP_POSITIVE_REGULATION_OF_T_HELPER_CELL_DIFFERENTIATION	GOBP_POSITIVE_REGULATION_OF_T_HELPER_CELL_DIFFERENTIATION		15	-0.26172474	-0.7814075	0.7785088	0.97835386	1.0	848	tags=13%, list=6%, signal=14%	
HP_CORPUS_CALLOSUM_ATROPHY	HP_CORPUS_CALLOSUM_ATROPHY		28	-0.21293864	-0.7813642	0.8245614	0.9781348	1.0	2354	tags=18%, list=16%, signal=21%	
GOBP_MEMBRANE_FUSION	GOBP_MEMBRANE_FUSION		167	-0.15141685	-0.7802444	0.97084546	0.9794591	1.0	3827	tags=27%, list=25%, signal=36%	
GOBP_POSITIVE_REGULATION_OF_DNA_BIOSYNTHETIC_PROCESS	GOBP_POSITIVE_REGULATION_OF_DNA_BIOSYNTHETIC_PROCESS		41	-0.20011334	-0.78021365	0.83027524	0.9792181	1.0	3142	tags=27%, list=21%, signal=34%	
GOBP_REGULATION_OF_CHONDROCYTE_DIFFERENTIATION	GOBP_REGULATION_OF_CHONDROCYTE_DIFFERENTIATION		47	-0.19256313	-0.7796383	0.8888889	0.9797512	1.0	2399	tags=19%, list=16%, signal=23%	
HP_ABNORMAL_PROLACTIN_LEVEL	HP_ABNORMAL_PROLACTIN_LEVEL		25	-0.22490075	-0.7785489	0.82448035	0.9810343	1.0	3968	tags=36%, list=26%, signal=49%	
GOBP_AMYLOID_PRECURSOR_PROTEIN_METABOLIC_PROCESS	GOBP_AMYLOID_PRECURSOR_PROTEIN_METABOLIC_PROCESS		71	-0.1757893	-0.7784677	0.8659218	0.98087525	1.0	3429	tags=25%, list=23%, signal=33%	
GOBP_SKELETAL_MUSCLE_SATELLITE_CELL_PROLIFERATION	GOBP_SKELETAL_MUSCLE_SATELLITE_CELL_PROLIFERATION		17	-0.24791628	-0.7784549	0.7829978	0.9806137	1.0	2925	tags=24%, list=19%, signal=29%	
GOMF_K48_LINKED_DEUBIQUITINASE_ACTIVITY	GOMF_K48_LINKED_DEUBIQUITINASE_ACTIVITY		17	-0.24851882	-0.7784184	0.7760181	0.98037815	1.0	6039	tags=59%, list=40%, signal=98%	
HP_MELANOMA	HP_MELANOMA		66	-0.1783407	-0.77829766	0.9010417	0.98026496	1.0	3769	tags=26%, list=25%, signal=34%	
GOCC_PORE_COMPLEX	GOCC_PORE_COMPLEX		24	-0.22885811	-0.777456	0.8264059	0.98119384	1.0	2750	tags=29%, list=18%, signal=36%	
GOCC_CHROMOSOME_CENTROMERIC_REGION	GOCC_CHROMOSOME_CENTROMERIC_REGION		229	-0.14408496	-0.77728075	0.98344374	0.98117346	1.0	3741	tags=23%, list=25%, signal=30%	
GOBP_TRANSCYTOSIS	GOBP_TRANSCYTOSIS		17	-0.24567057	-0.7772011	0.7708831	0.9810048	1.0	2394	tags=24%, list=16%, signal=28%	
HP_LEG_MUSCLE_STIFFNESS	HP_LEG_MUSCLE_STIFFNESS		15	-0.25084004	-0.77712584	0.77483445	0.98082966	1.0	2241	tags=33%, list=15%, signal=39%	
HP_INCREASED_SUSCEPTIBILITY_TO_FRACTURES	HP_INCREASED_SUSCEPTIBILITY_TO_FRACTURES		193	-0.14691372	-0.77682036	0.980198	0.9809772	1.0	4042	tags=27%, list=27%, signal=37%	
HP_ABSENT_TESTIS	HP_ABSENT_TESTIS		21	-0.24124274	-0.7767863	0.7799564	0.98074776	1.0	1871	tags=14%, list=12%, signal=16%	
GOCC_FLEMMING_BODY	GOCC_FLEMMING_BODY		31	-0.2117142	-0.77677846	0.8239437	0.9804766	1.0	1570	tags=16%, list=10%, signal=18%	
GOBP_DOUBLE_STRAND_BREAK_REPAIR	GOBP_DOUBLE_STRAND_BREAK_REPAIR		279	-0.14007083	-0.7767693	0.99630994	0.9802104	1.0	3416	tags=23%, list=23%, signal=29%	
GOBP_OLFACTORY_LOBE_DEVELOPMENT	GOBP_OLFACTORY_LOBE_DEVELOPMENT		37	-0.20020035	-0.7760683	0.8411215	0.98094285	1.0	4389	tags=41%, list=29%, signal=57%	
GOCC_RNA_POLYMERASE_II_TRANSCRIPTION_REGULATOR_COMPLEX	GOCC_RNA_POLYMERASE_II_TRANSCRIPTION_REGULATOR_COMPLEX		206	-0.14651574	-0.7759692	0.98344374	0.980805	1.0	2815	tags=17%, list=19%, signal=21%	
GOBP_POSITIVE_REGULATION_OF_SMOOTH_MUSCLE_CELL_MIGRATION	GOBP_POSITIVE_REGULATION_OF_SMOOTH_MUSCLE_CELL_MIGRATION		33	-0.20847264	-0.7755976	0.82312924	0.9810401	1.0	1377	tags=15%, list=9%, signal=17%	
HP_HYPOPHOSPHATEMIC_RICKETS	HP_HYPOPHOSPHATEMIC_RICKETS		21	-0.23404475	-0.7755225	0.800905	0.98087054	1.0	2911	tags=29%, list=19%, signal=35%	
HP_SPONDYLOLISTHESIS	HP_SPONDYLOLISTHESIS		16	-0.250076	-0.77522445	0.7730337	0.9810293	1.0	5334	tags=50%, list=35%, signal=77%	
GOBP_HEART_FIELD_SPECIFICATION	GOBP_HEART_FIELD_SPECIFICATION		18	-0.24885711	-0.7750393	0.78190255	0.980992	1.0	3658	tags=39%, list=24%, signal=51%	
HP_CONGENITAL_NONBULLOUS_ICHTHYOSIFORM_ERYTHRODERMA	HP_CONGENITAL_NONBULLOUS_ICHTHYOSIFORM_ERYTHRODERMA		20	-0.23328881	-0.77498585	0.7879464	0.98078114	1.0	3	tags=5%, list=0%, signal=5%	
GOBP_POSITIVE_REGULATION_OF_BMP_SIGNALING_PATHWAY	GOBP_POSITIVE_REGULATION_OF_BMP_SIGNALING_PATHWAY		33	-0.20487069	-0.77489513	0.8196721	0.9806307	1.0	2275	tags=18%, list=15%, signal=21%	
GOBP_LIVER_MORPHOGENESIS	GOBP_LIVER_MORPHOGENESIS		19	-0.23598178	-0.7744983	0.79611653	0.98087615	1.0	2235	tags=21%, list=15%, signal=25%	
HP_ABNORMAL_INTONATION	HP_ABNORMAL_INTONATION		65	-0.17624804	-0.77393353	0.8894737	0.98138934	1.0	1509	tags=12%, list=10%, signal=14%	
HP_SCAPULAR_WINGING	HP_SCAPULAR_WINGING		85	-0.16952752	-0.7738572	0.91361254	0.98122126	1.0	2796	tags=20%, list=19%, signal=24%	
GOCC_INNER_MITOCHONDRIAL_MEMBRANE_PROTEIN_COMPLEX	GOCC_INNER_MITOCHONDRIAL_MEMBRANE_PROTEIN_COMPLEX		47	-0.19270697	-0.77333647	0.8646789	0.98165274	1.0	4628	tags=34%, list=31%, signal=49%	
GOCC_CYTOCHROME_COMPLEX	GOCC_CYTOCHROME_COMPLEX		32	-0.2057458	-0.77325153	0.81220657	0.9814981	1.0	332	tags=6%, list=2%, signal=6%	
HP_ABNORMAL_LOWER_LIMB_EPIPHYSIS_MORPHOLOGY	HP_ABNORMAL_LOWER_LIMB_EPIPHYSIS_MORPHOLOGY		82	-0.17075107	-0.77294034	0.9301746	0.98166	1.0	4209	tags=30%, list=28%, signal=42%	
GOBP_REGULATION_OF_ACTIVIN_RECEPTOR_SIGNALING_PATHWAY	GOBP_REGULATION_OF_ACTIVIN_RECEPTOR_SIGNALING_PATHWAY		26	-0.21546763	-0.77151006	0.8097561	0.98334026	1.0	2330	tags=23%, list=15%, signal=27%	
GOBP_TELOMERE_MAINTENANCE_VIA_TELOMERE_LENGTHENING	GOBP_TELOMERE_MAINTENANCE_VIA_TELOMERE_LENGTHENING		61	-0.17746602	-0.7713792	0.8867925	0.9832407	1.0	4459	tags=33%, list=30%, signal=46%	
HP_SOLITARY_MEDIAN_MAXILLARY_CENTRAL_INCISOR	HP_SOLITARY_MEDIAN_MAXILLARY_CENTRAL_INCISOR		23	-0.22795986	-0.7712949	0.7867647	0.98307204	1.0	3225	tags=30%, list=21%, signal=39%	
GOCC_GTPASE_COMPLEX	GOCC_GTPASE_COMPLEX		35	-0.19960815	-0.77022064	0.84810126	0.9842667	1.0	4278	tags=37%, list=28%, signal=52%	
GOBP_BLOOD_VESSEL_ENDOTHELIAL_CELL_MIGRATION	GOBP_BLOOD_VESSEL_ENDOTHELIAL_CELL_MIGRATION		103	-0.15992102	-0.7701292	0.928	0.9841053	1.0	1710	tags=15%, list=11%, signal=16%	
GOBP_VASCULAR_ENDOTHELIAL_GROWTH_FACTOR_SIGNALING_PATHWAY	GOBP_VASCULAR_ENDOTHELIAL_GROWTH_FACTOR_SIGNALING_PATHWAY		44	-0.19513819	-0.7700888	0.87172776	0.9838851	1.0	3658	tags=25%, list=24%, signal=33%	
GOBP_AUTOPHAGOSOME_LYSOSOME_FUSION	GOBP_AUTOPHAGOSOME_LYSOSOME_FUSION		16	-0.2543038	-0.7698812	0.78958786	0.98390156	1.0	4417	tags=44%, list=29%, signal=62%	
HP_ABNORMAL_CLITORIS_MORPHOLOGY	HP_ABNORMAL_CLITORIS_MORPHOLOGY		81	-0.17176224	-0.7697136	0.92741936	0.98384464	1.0	3558	tags=26%, list=24%, signal=34%	
HP_ABNORMALITY_OF_VISUAL_EVOKED_POTENTIALS	HP_ABNORMALITY_OF_VISUAL_EVOKED_POTENTIALS		66	-0.17492366	-0.7695082	0.91383815	0.98382485	1.0	3616	tags=24%, list=24%, signal=32%	
HP_FOCAL_EMOTIONAL_SEIZURE	HP_FOCAL_EMOTIONAL_SEIZURE		17	-0.24825786	-0.7689811	0.7872807	0.9842379	1.0	1372	tags=18%, list=9%, signal=19%	
GOBP_ERYTHROCYTE_HOMEOSTASIS	GOBP_ERYTHROCYTE_HOMEOSTASIS		124	-0.15576385	-0.76842487	0.9549072	0.9846784	1.0	1743	tags=13%, list=12%, signal=14%	
HP_OCULOMOTOR_APRAXIA	HP_OCULOMOTOR_APRAXIA		108	-0.16003157	-0.7683762	0.9301676	0.98445666	1.0	1933	tags=15%, list=13%, signal=17%	
HP_POINTED_CHIN	HP_POINTED_CHIN		124	-0.15595531	-0.76824	0.943787	0.9843423	1.0	3816	tags=23%, list=25%, signal=31%	
HP_WORMIAN_BONES	HP_WORMIAN_BONES		54	-0.18155836	-0.7680421	0.87435895	0.9843181	1.0	5464	tags=44%, list=36%, signal=69%	
HP_MUSCLE_FIBER_CYTOPLASMATIC_INCLUSION_BODIES	HP_MUSCLE_FIBER_CYTOPLASMATIC_INCLUSION_BODIES		23	-0.22765332	-0.7676065	0.8065268	0.9846165	1.0	3532	tags=30%, list=23%, signal=40%	
HP_ALACRIMA	HP_ALACRIMA		18	-0.23409076	-0.7672023	0.7963801	0.9848686	1.0	2232	tags=22%, list=15%, signal=26%	
HP_DEVIATION_OF_THE_2ND_FINGER	HP_DEVIATION_OF_THE_2ND_FINGER		19	-0.24246287	-0.7667093	0.8085586	0.98524153	1.0	3168	tags=26%, list=21%, signal=33%	
GOCC_MITOCHONDRIA_ASSOCIATED_ENDOPLASMIC_RETICULUM_MEMBRANE_CONTACT_SITE	GOCC_MITOCHONDRIA_ASSOCIATED_ENDOPLASMIC_RETICULUM_MEMBRANE_CONTACT_SITE		23	-0.22556049	-0.76569116	0.83411217	0.9863311	1.0	4683	tags=35%, list=31%, signal=50%	
GOBP_CELL_DIFFERENTIATION_INVOLVED_IN_METANEPHROS_DEVELOPMENT	GOBP_CELL_DIFFERENTIATION_INVOLVED_IN_METANEPHROS_DEVELOPMENT		19	-0.24048756	-0.76521075	0.78571427	0.9866879	1.0	3821	tags=37%, list=25%, signal=49%	
GOBP_NUCLEAR_MEMBRANE_ORGANIZATION	GOBP_NUCLEAR_MEMBRANE_ORGANIZATION		40	-0.19627805	-0.76470196	0.8614319	0.98709637	1.0	3962	tags=28%, list=26%, signal=37%	
HP_ABNORMAL_THYMUS_MORPHOLOGY	HP_ABNORMAL_THYMUS_MORPHOLOGY		48	-0.18953973	-0.7642902	0.8556701	0.9873622	1.0	3701	tags=35%, list=24%, signal=47%	
GOCC_MULTIVESICULAR_BODY_MEMBRANE	GOCC_MULTIVESICULAR_BODY_MEMBRANE		26	-0.21875693	-0.7642819	0.8356164	0.98709273	1.0	3671	tags=35%, list=24%, signal=46%	
HP_MALE_REPRODUCTIVE_SYSTEM_NEOPLASM	HP_MALE_REPRODUCTIVE_SYSTEM_NEOPLASM		45	-0.19090214	-0.7642337	0.8787129	0.9868691	1.0	3213	tags=27%, list=21%, signal=34%	
HP_HAMMERTOE	HP_HAMMERTOE		54	-0.17955203	-0.7641261	0.8720627	0.98673034	1.0	3395	tags=22%, list=22%, signal=29%	
GOBP_RESPONSE_TO_ACID_CHEMICAL	GOBP_RESPONSE_TO_ACID_CHEMICAL		116	-0.15629078	-0.76403624	0.93491125	0.98657227	1.0	3924	tags=27%, list=26%, signal=36%	
GOCC_CONDENSED_CHROMOSOME_CENTROMERIC_REGION	GOCC_CONDENSED_CHROMOSOME_CENTROMERIC_REGION		167	-0.14870395	-0.7639317	0.9852507	0.98641026	1.0	3741	tags=25%, list=25%, signal=32%	
HP_BROAD_FOOT	HP_BROAD_FOOT		33	-0.20274325	-0.76366866	0.84615386	0.98646927	1.0	4114	tags=36%, list=27%, signal=50%	
HP_PROXIMAL_TUBULOPATHY	HP_PROXIMAL_TUBULOPATHY		45	-0.1859494	-0.76322305	0.8850856	0.98675424	1.0	4730	tags=33%, list=31%, signal=48%	
GOBP_SPHINGOMYELIN_METABOLIC_PROCESS	GOBP_SPHINGOMYELIN_METABOLIC_PROCESS		18	-0.24031349	-0.76322186	0.79418886	0.98647714	1.0	5838	tags=56%, list=39%, signal=90%	
GOBP_BRANCHING_INVOLVED_IN_SALIVARY_GLAND_MORPHOGENESIS	GOBP_BRANCHING_INVOLVED_IN_SALIVARY_GLAND_MORPHOGENESIS		21	-0.22999097	-0.7632053	0.8290993	0.9862181	1.0	2813	tags=29%, list=19%, signal=35%	
HP_NON_CONVULSIVE_STATUS_EPILEPTICUS_WITHOUT_COMA	HP_NON_CONVULSIVE_STATUS_EPILEPTICUS_WITHOUT_COMA		16	-0.25053826	-0.763161	0.7978495	0.98599523	1.0	2920	tags=25%, list=19%, signal=31%	
GOBP_POSITIVE_REGULATION_OF_DNA_TEMPLATED_DNA_REPLICATION	GOBP_POSITIVE_REGULATION_OF_DNA_TEMPLATED_DNA_REPLICATION		15	-0.2539052	-0.76298136	0.7982833	0.98594785	1.0	2559	tags=33%, list=17%, signal=40%	
HP_NEOPLASM_OF_THE_EYE	HP_NEOPLASM_OF_THE_EYE		29	-0.21320292	-0.76289535	0.8213457	0.9857759	1.0	978	tags=7%, list=6%, signal=7%	
GOBP_POSTSYNAPTIC_ACTIN_CYTOSKELETON_ORGANIZATION	GOBP_POSTSYNAPTIC_ACTIN_CYTOSKELETON_ORGANIZATION		16	-0.25144982	-0.76255155	0.8325688	0.9859492	1.0	351	tags=13%, list=2%, signal=13%	
GOBP_ASPARTATE_TRANSMEMBRANE_TRANSPORT	GOBP_ASPARTATE_TRANSMEMBRANE_TRANSPORT		16	-0.25623366	-0.76245016	0.77878106	0.9857895	1.0	1888	tags=19%, list=12%, signal=21%	
GOBP_CARDIAC_VENTRICLE_DEVELOPMENT	GOBP_CARDIAC_VENTRICLE_DEVELOPMENT		105	-0.1602846	-0.7622584	0.9301676	0.9857594	1.0	2689	tags=19%, list=18%, signal=23%	
GOBP_REGULATION_OF_SPROUTING_ANGIOGENESIS	GOBP_REGULATION_OF_SPROUTING_ANGIOGENESIS		39	-0.19663681	-0.7621311	0.8776978	0.9856438	1.0	3349	tags=26%, list=22%, signal=33%	
GOMF_CYSTEINE_TYPE_DEUBIQUITINASE_ACTIVITY	GOMF_CYSTEINE_TYPE_DEUBIQUITINASE_ACTIVITY		79	-0.16836709	-0.76196307	0.9109415	0.985579	1.0	4102	tags=30%, list=27%, signal=41%	
HP_DIASTASIS_RECTI	HP_DIASTASIS_RECTI		24	-0.21870264	-0.76150846	0.8216704	0.98587525	1.0	1000	tags=13%, list=7%, signal=13%	
GOBP_REGULATION_OF_MITOCHONDRIAL_MEMBRANE_POTENTIAL	GOBP_REGULATION_OF_MITOCHONDRIAL_MEMBRANE_POTENTIAL		69	-0.1712989	-0.76130164	0.9388753	0.9858564	1.0	4273	tags=33%, list=28%, signal=46%	
GOBP_POSITIVE_REGULATION_OF_REACTIVE_OXYGEN_SPECIES_METABOLIC_PROCESS	GOBP_POSITIVE_REGULATION_OF_REACTIVE_OXYGEN_SPECIES_METABOLIC_PROCESS		53	-0.18176876	-0.7608457	0.89637303	0.9861505	1.0	3287	tags=25%, list=22%, signal=31%	
HP_SHORT_PALM	HP_SHORT_PALM		98	-0.16228831	-0.76083237	0.9259259	0.9858883	1.0	1810	tags=13%, list=12%, signal=15%	
HP_GENERALIZED_MUSCLE_WEAKNESS	HP_GENERALIZED_MUSCLE_WEAKNESS		108	-0.15889555	-0.76079375	0.95	0.9856556	1.0	3821	tags=28%, list=25%, signal=37%	
GOBP_RETINAL_GANGLION_CELL_AXON_GUIDANCE	GOBP_RETINAL_GANGLION_CELL_AXON_GUIDANCE		22	-0.22557774	-0.76044035	0.83296704	0.98582155	1.0	2213	tags=23%, list=15%, signal=27%	
GOBP_POSITIVE_REGULATION_OF_VASCULAR_PERMEABILITY	GOBP_POSITIVE_REGULATION_OF_VASCULAR_PERMEABILITY		18	-0.239157	-0.76025236	0.7863248	0.9857845	1.0	1802	tags=17%, list=12%, signal=19%	
GOBP_MUSCLE_ORGAN_MORPHOGENESIS	GOBP_MUSCLE_ORGAN_MORPHOGENESIS		57	-0.1813428	-0.7598905	0.9033019	0.98599344	1.0	2719	tags=23%, list=18%, signal=28%	
GOBP_REGULATION_OF_PROTEIN_SECRETION	GOBP_REGULATION_OF_PROTEIN_SECRETION		222	-0.14188743	-0.7598284	0.97910446	0.9857974	1.0	2524	tags=18%, list=17%, signal=21%	
GOBP_VASCULAR_ASSOCIATED_SMOOTH_MUSCLE_CELL_DIFFERENTIATION	GOBP_VASCULAR_ASSOCIATED_SMOOTH_MUSCLE_CELL_DIFFERENTIATION		29	-0.21205936	-0.75974953	0.8157248	0.98561734	1.0	3030	tags=24%, list=20%, signal=30%	
GOBP_METANEPHROS_MORPHOGENESIS	GOBP_METANEPHROS_MORPHOGENESIS		26	-0.21665135	-0.7596228	0.83928573	0.98550713	1.0	3485	tags=31%, list=23%, signal=40%	
HP_ANTERIOR_CHAMBER_SYNECHIAE	HP_ANTERIOR_CHAMBER_SYNECHIAE		25	-0.2199796	-0.75854546	0.8382688	0.9866407	1.0	2772	tags=28%, list=18%, signal=34%	
GOBP_PROTEIN_LOCALIZATION_TO_PHAGOPHORE_ASSEMBLY_SITE	GOBP_PROTEIN_LOCALIZATION_TO_PHAGOPHORE_ASSEMBLY_SITE		17	-0.24218763	-0.75814193	0.7842697	0.9868695	1.0	5087	tags=53%, list=34%, signal=80%	
GOBP_ACTIVIN_RECEPTOR_SIGNALING_PATHWAY	GOBP_ACTIVIN_RECEPTOR_SIGNALING_PATHWAY		41	-0.19121577	-0.7574136	0.8787879	0.9874974	1.0	2489	tags=22%, list=16%, signal=26%	
HP_2_3_TOE_CUTANEOUS_SYNDACTYLY	HP_2_3_TOE_CUTANEOUS_SYNDACTYLY		17	-0.23839787	-0.7573635	0.7880184	0.987285	1.0	2746	tags=29%, list=18%, signal=36%	
GOBP_INTRACELLULAR_IRON_ION_HOMEOSTASIS	GOBP_INTRACELLULAR_IRON_ION_HOMEOSTASIS		59	-0.17737722	-0.7572896	0.8763158	0.98710597	1.0	5059	tags=42%, list=33%, signal=63%	
GOBP_SENSORY_PERCEPTION_OF_BITTER_TASTE	GOBP_SENSORY_PERCEPTION_OF_BITTER_TASTE		20	-0.22815809	-0.75716096	0.82211536	0.98698705	1.0	2362	tags=20%, list=16%, signal=24%	
GOCC_CLATHRIN_COAT	GOCC_CLATHRIN_COAT		42	-0.19127072	-0.7571526	0.89376444	0.98672074	1.0	2090	tags=19%, list=14%, signal=22%	
HP_ABNORMAL_CIRCULATING_LACTATE_DEHYDROGENASE_CONCENTRATION	HP_ABNORMAL_CIRCULATING_LACTATE_DEHYDROGENASE_CONCENTRATION		82	-0.16407607	-0.7565699	0.9354839	0.98716956	1.0	3702	tags=28%, list=25%, signal=37%	
GOBP_POSITIVE_REGULATION_OF_PROTEIN_LOCALIZATION_TO_NUCLEUS	GOBP_POSITIVE_REGULATION_OF_PROTEIN_LOCALIZATION_TO_NUCLEUS		79	-0.16495703	-0.75643027	0.9263158	0.9870562	1.0	2536	tags=18%, list=17%, signal=21%	
GOBP_REGULATION_OF_CENTRIOLE_REPLICATION	GOBP_REGULATION_OF_CENTRIOLE_REPLICATION		24	-0.21970186	-0.755878	0.8308026	0.9874386	1.0	3244	tags=29%, list=21%, signal=37%	
GOBP_REGULATION_OF_SISTER_CHROMATID_COHESION	GOBP_REGULATION_OF_SISTER_CHROMATID_COHESION		15	-0.24889709	-0.7555526	0.79535866	0.9875508	1.0	2190	tags=27%, list=14%, signal=31%	
HP_ABNORMAL_RENAL_COLLECTING_SYSTEM_MORPHOLOGY	HP_ABNORMAL_RENAL_COLLECTING_SYSTEM_MORPHOLOGY		25	-0.21891493	-0.7554067	0.8539604	0.98744637	1.0	2023	tags=16%, list=13%, signal=18%	
HP_MITOCHONDRIAL_DEPLETION	HP_MITOCHONDRIAL_DEPLETION		21	-0.2284369	-0.75525963	0.8314088	0.9873427	1.0	2796	tags=24%, list=19%, signal=29%	
HP_PROGRESSIVE_VISUAL_LOSS	HP_PROGRESSIVE_VISUAL_LOSS		113	-0.15640765	-0.75519973	0.97206706	0.98714286	1.0	1692	tags=12%, list=11%, signal=13%	
GOBP_REGULATION_OF_BICELLULAR_TIGHT_JUNCTION_ASSEMBLY	GOBP_REGULATION_OF_BICELLULAR_TIGHT_JUNCTION_ASSEMBLY		16	-0.24748038	-0.7546178	0.8040541	0.98755836	1.0	1056	tags=13%, list=7%, signal=13%	
GOBP_MITOCHONDRIAL_TRANSPORT	GOBP_MITOCHONDRIAL_TRANSPORT		160	-0.146591	-0.75444174	0.9662577	0.98750234	1.0	4544	tags=34%, list=30%, signal=49%	
GOBP_IMPORT_INTO_THE_MITOCHONDRION	GOBP_IMPORT_INTO_THE_MITOCHONDRION		50	-0.18031277	-0.7537983	0.8944844	0.9880038	1.0	3598	tags=26%, list=24%, signal=34%	
GOBP_ATP_METABOLIC_PROCESS	GOBP_ATP_METABOLIC_PROCESS		201	-0.14068331	-0.7537458	0.97590363	0.987785	1.0	4663	tags=33%, list=31%, signal=48%	
GOCC_SPINDLE_MICROTUBULE	GOCC_SPINDLE_MICROTUBULE		79	-0.16532016	-0.7536898	0.9493333	0.9875736	1.0	1990	tags=15%, list=13%, signal=17%	
HP_ABNORMAL_2ND_FINGER_MORPHOLOGY	HP_ABNORMAL_2ND_FINGER_MORPHOLOGY		40	-0.19484094	-0.7517379	0.8780488	0.98959184	1.0	797	tags=10%, list=5%, signal=11%	
GOBP_DENDRITIC_TRANSPORT	GOBP_DENDRITIC_TRANSPORT		17	-0.24073513	-0.7517013	0.820331	0.98935586	1.0	3972	tags=41%, list=26%, signal=56%	
GOBP_AMINOGLYCAN_BIOSYNTHETIC_PROCESS	GOBP_AMINOGLYCAN_BIOSYNTHETIC_PROCESS		48	-0.18656188	-0.7513601	0.9064748	0.9894838	1.0	1698	tags=15%, list=11%, signal=16%	
GOBP_REGULATION_OF_MEMBRANE_PROTEIN_ECTODOMAIN_PROTEOLYSIS	GOBP_REGULATION_OF_MEMBRANE_PROTEIN_ECTODOMAIN_PROTEOLYSIS		23	-0.22214247	-0.7513061	0.8319328	0.98927504	1.0	3287	tags=30%, list=22%, signal=39%	
GOBP_RUFFLE_ORGANIZATION	GOBP_RUFFLE_ORGANIZATION		50	-0.18118906	-0.7511832	0.9081886	0.9891427	1.0	4959	tags=42%, list=33%, signal=62%	
GOBP_MICROTUBULE_ORGANIZING_CENTER_ORGANIZATION	GOBP_MICROTUBULE_ORGANIZING_CENTER_ORGANIZATION		149	-0.14656144	-0.7510604	0.96636087	0.9890237	1.0	3587	tags=26%, list=24%, signal=33%	
GOCC_KINESIN_COMPLEX	GOCC_KINESIN_COMPLEX		43	-0.18781948	-0.75101024	0.8775	0.9888061	1.0	1568	tags=12%, list=10%, signal=13%	
HP_DECREASED_SPECIFIC_ANTIBODY_RESPONSE_TO_PROTEIN_VACCINE	HP_DECREASED_SPECIFIC_ANTIBODY_RESPONSE_TO_PROTEIN_VACCINE		16	-0.24225211	-0.7506251	0.787472	0.98899215	1.0	1890	tags=19%, list=13%, signal=21%	
HP_PECTUS_CARINATUM	HP_PECTUS_CARINATUM		161	-0.14745848	-0.7505719	0.97707736	0.988777	1.0	3810	tags=25%, list=25%, signal=34%	
HP_FEMORAL_HERNIA	HP_FEMORAL_HERNIA		19	-0.23403873	-0.7504022	0.78651685	0.9887058	1.0	1493	tags=16%, list=10%, signal=17%	
HP_GENERALIZED_JOINT_HYPERMOBILITY	HP_GENERALIZED_JOINT_HYPERMOBILITY		41	-0.18708034	-0.7501253	0.9070352	0.9887311	1.0	4321	tags=37%, list=29%, signal=51%	
GOBP_PROTEIN_DEGLYCOSYLATION	GOBP_PROTEIN_DEGLYCOSYLATION		15	-0.25686026	-0.74998474	0.81898457	0.98861206	1.0	4590	tags=40%, list=30%, signal=57%	
GOMF_PROTON_TRANSPORTING_ATP_SYNTHASE_ACTIVITY_ROTATIONAL_MECHANISM	GOMF_PROTON_TRANSPORTING_ATP_SYNTHASE_ACTIVITY_ROTATIONAL_MECHANISM		15	-0.255284	-0.74993384	0.79268295	0.98839694	1.0	3054	tags=27%, list=20%, signal=33%	
HP_TALIPES_VALGUS	HP_TALIPES_VALGUS		18	-0.23310398	-0.7496986	0.821192	0.9883882	1.0	4147	tags=28%, list=27%, signal=38%	
HP_ABNORMAL_ILEUM_MORPHOLOGY	HP_ABNORMAL_ILEUM_MORPHOLOGY		37	-0.1945309	-0.74953634	0.8896396	0.98829806	1.0	2241	tags=16%, list=15%, signal=19%	
GOMF_ACYL_COA_HYDROLASE_ACTIVITY	GOMF_ACYL_COA_HYDROLASE_ACTIVITY		24	-0.2188994	-0.7491044	0.8494118	0.98851776	1.0	4924	tags=42%, list=33%, signal=62%	
GOBP_REGULATION_OF_PROTEIN_LOCALIZATION_TO_CELL_SURFACE	GOBP_REGULATION_OF_PROTEIN_LOCALIZATION_TO_CELL_SURFACE		34	-0.19749248	-0.74885327	0.85680753	0.9885213	1.0	4933	tags=44%, list=33%, signal=65%	
GOMF_NUCLEAR_RECEPTOR_BINDING	GOMF_NUCLEAR_RECEPTOR_BINDING		114	-0.15449806	-0.7487338	0.95844877	0.9883877	1.0	2830	tags=20%, list=19%, signal=25%	
HP_ABNORMAL_CSF_PROTEIN_CONCENTRATION	HP_ABNORMAL_CSF_PROTEIN_CONCENTRATION		51	-0.17867878	-0.74867964	0.8883117	0.9881762	1.0	3529	tags=25%, list=23%, signal=33%	
HP_CRANIAL_HYPEROSTOSIS	HP_CRANIAL_HYPEROSTOSIS		36	-0.19716501	-0.74858075	0.8651163	0.98802155	1.0	1226	tags=8%, list=8%, signal=9%	
GOBP_PROTEIN_LOCALIZATION_TO_CHROMATIN	GOBP_PROTEIN_LOCALIZATION_TO_CHROMATIN		47	-0.18525076	-0.74834776	0.8886139	0.98800457	1.0	1256	tags=11%, list=8%, signal=12%	
GOBP_NEGATIVE_REGULATION_OF_CALCINEURIN_MEDIATED_SIGNALING	GOBP_NEGATIVE_REGULATION_OF_CALCINEURIN_MEDIATED_SIGNALING		15	-0.24671543	-0.74813366	0.8314088	0.9879697	1.0	3119	tags=27%, list=21%, signal=34%	
GOBP_REGULATION_OF_HEMATOPOIETIC_STEM_CELL_DIFFERENTIATION	GOBP_REGULATION_OF_HEMATOPOIETIC_STEM_CELL_DIFFERENTIATION		15	-0.24664895	-0.747861	0.8066667	0.9880027	1.0	2109	tags=27%, list=14%, signal=31%	
HP_ABNORMAL_CALF_MUSCULATURE_MORPHOLOGY	HP_ABNORMAL_CALF_MUSCULATURE_MORPHOLOGY		59	-0.17602888	-0.74730957	0.9121447	0.9883691	1.0	2665	tags=20%, list=18%, signal=25%	
GOBP_MODIFICATION_OF_POSTSYNAPTIC_ACTIN_CYTOSKELETON	GOBP_MODIFICATION_OF_POSTSYNAPTIC_ACTIN_CYTOSKELETON		19	-0.23210505	-0.74683136	0.8382688	0.9886465	1.0	4105	tags=37%, list=27%, signal=51%	
GOMF_NUCLEOCYTOPLASMIC_CARRIER_ACTIVITY	GOMF_NUCLEOCYTOPLASMIC_CARRIER_ACTIVITY		32	-0.1966865	-0.7465541	0.8803828	0.9886885	1.0	4297	tags=31%, list=28%, signal=44%	
GOCC_CHROMOSOMAL_REGION	GOCC_CHROMOSOMAL_REGION		342	-0.1324974	-0.7461742	1.0	0.98884076	1.0	3741	tags=22%, list=25%, signal=29%	
GOBP_REGULATION_OF_CELL_MIGRATION_INVOLVED_IN_SPROUTING_ANGIOGENESIS	GOBP_REGULATION_OF_CELL_MIGRATION_INVOLVED_IN_SPROUTING_ANGIOGENESIS		36	-0.1962221	-0.7460154	0.90930235	0.98874164	1.0	5063	tags=42%, list=34%, signal=63%	
GOBP_OVULATION_CYCLE_PROCESS	GOBP_OVULATION_CYCLE_PROCESS		41	-0.18908642	-0.7458645	0.91161615	0.98864126	1.0	3818	tags=32%, list=25%, signal=42%	
HP_HIP_DISLOCATION	HP_HIP_DISLOCATION		232	-0.13679083	-0.74579734	1.0	0.98843986	1.0	4501	tags=30%, list=30%, signal=42%	
GOCC_ENDOLYSOSOME	GOCC_ENDOLYSOSOME		23	-0.21849489	-0.7454267	0.8375286	0.9885748	1.0	1698	tags=17%, list=11%, signal=20%	
GOBP_REGULATION_OF_ATTACHMENT_OF_SPINDLE_MICROTUBULES_TO_KINETOCHORE	GOBP_REGULATION_OF_ATTACHMENT_OF_SPINDLE_MICROTUBULES_TO_KINETOCHORE		21	-0.2225657	-0.7452708	0.85774946	0.98846835	1.0	3442	tags=24%, list=23%, signal=31%	
HP_ULCERATIVE_COLITIS	HP_ULCERATIVE_COLITIS		16	-0.23754561	-0.7451796	0.8322148	0.98830575	1.0	3153	tags=31%, list=21%, signal=39%	
GOBP_ORGANELLE_MEMBRANE_FUSION	GOBP_ORGANELLE_MEMBRANE_FUSION		125	-0.150237	-0.74499995	0.96935934	0.98823833	1.0	4613	tags=35%, list=31%, signal=50%	
HP_UNDETECTABLE_ELECTRORETINOGRAM	HP_UNDETECTABLE_ELECTRORETINOGRAM		26	-0.21083233	-0.7449146	0.84474885	0.98806584	1.0	141	tags=8%, list=1%, signal=8%	
GOBP_QUATERNARY_AMMONIUM_GROUP_TRANSPORT	GOBP_QUATERNARY_AMMONIUM_GROUP_TRANSPORT		16	-0.24115367	-0.7444599	0.8045977	0.98830044	1.0	4742	tags=44%, list=31%, signal=64%	
GOBP_ENDOCARDIAL_CUSHION_DEVELOPMENT	GOBP_ENDOCARDIAL_CUSHION_DEVELOPMENT		46	-0.18692654	-0.7440647	0.89002556	0.98845524	1.0	3769	tags=30%, list=25%, signal=40%	
GOBP_EPITHELIAL_CELL_CELL_ADHESION	GOBP_EPITHELIAL_CELL_CELL_ADHESION		16	-0.24433728	-0.743893	0.8249453	0.9883796	1.0	2328	tags=25%, list=15%, signal=30%	
GOMF_GTP_DEPENDENT_PROTEIN_BINDING	GOMF_GTP_DEPENDENT_PROTEIN_BINDING		19	-0.2283567	-0.74351925	0.81152993	0.9885322	1.0	5169	tags=47%, list=34%, signal=72%	
GOBP_FEMALE_SEX_DIFFERENTIATION	GOBP_FEMALE_SEX_DIFFERENTIATION		106	-0.15489359	-0.74339604	0.9512195	0.9883898	1.0	3363	tags=22%, list=22%, signal=28%	
GOBP_AGGREPHAGY	GOBP_AGGREPHAGY		18	-0.23380205	-0.7431967	0.8497854	0.98834205	1.0	5087	tags=50%, list=34%, signal=75%	
HP_ABNORMAL_TOTAL_B_CELL_COUNT	HP_ABNORMAL_TOTAL_B_CELL_COUNT		53	-0.17549498	-0.7426705	0.9259259	0.9886344	1.0	3361	tags=19%, list=22%, signal=24%	
HP_NATAL_TOOTH	HP_NATAL_TOOTH		30	-0.20581396	-0.742598	0.8697572	0.9884372	1.0	3263	tags=27%, list=22%, signal=34%	
HP_ABNORMAL_TRICUSPID_VALVE_MORPHOLOGY	HP_ABNORMAL_TRICUSPID_VALVE_MORPHOLOGY		44	-0.18238474	-0.7423275	0.88082904	0.9884685	1.0	4149	tags=34%, list=27%, signal=47%	
HP_INCREASED_CIRCULATING_ACTH_LEVEL	HP_INCREASED_CIRCULATING_ACTH_LEVEL		15	-0.2464229	-0.74232703	0.8359551	0.98819596	1.0	2695	tags=33%, list=18%, signal=41%	
GOBP_PHAGOLYSOSOME_ASSEMBLY	GOBP_PHAGOLYSOSOME_ASSEMBLY		19	-0.23074287	-0.7422901	0.8151659	0.9879568	1.0	849	tags=11%, list=6%, signal=11%	
GOBP_PHAGOCYTOSIS_ENGULFMENT	GOBP_PHAGOCYTOSIS_ENGULFMENT		36	-0.19658484	-0.7417614	0.8668281	0.9882791	1.0	3197	tags=28%, list=21%, signal=35%	
HP_MILDLY_ELEVATED_CREATINE_KINASE	HP_MILDLY_ELEVATED_CREATINE_KINASE		52	-0.17521833	-0.74116373	0.9295039	0.9886741	1.0	3432	tags=27%, list=23%, signal=35%	
GOBP_POSITIVE_REGULATION_OF_POTASSIUM_ION_TRANSMEMBRANE_TRANSPORT	GOBP_POSITIVE_REGULATION_OF_POTASSIUM_ION_TRANSMEMBRANE_TRANSPORT		25	-0.21321225	-0.74053663	0.8544601	0.98908645	1.0	237	tags=8%, list=2%, signal=8%	
GOBP_NEGATIVE_REGULATION_OF_CARTILAGE_DEVELOPMENT	GOBP_NEGATIVE_REGULATION_OF_CARTILAGE_DEVELOPMENT		28	-0.2037462	-0.7403608	0.84596574	0.9889999	1.0	4615	tags=43%, list=31%, signal=62%	
HP_FOCAL_T2_HYPERINTENSE_BASAL_GANGLIA_LESION	HP_FOCAL_T2_HYPERINTENSE_BASAL_GANGLIA_LESION		21	-0.22247995	-0.7399727	0.85746604	0.98916656	1.0	11754	tags=100%, list=78%, signal=450%	
GOBP_CYTOKINETIC_PROCESS	GOBP_CYTOKINETIC_PROCESS		48	-0.1822117	-0.73956627	0.91198045	0.9893357	1.0	4142	tags=27%, list=27%, signal=37%	
GOMF_HISTONE_METHYLTRANSFERASE_BINDING	GOMF_HISTONE_METHYLTRANSFERASE_BINDING		15	-0.2436213	-0.7392212	0.82325584	0.98942643	1.0	4542	tags=47%, list=30%, signal=67%	
GOBP_RRNA_MODIFICATION	GOBP_RRNA_MODIFICATION		32	-0.2000594	-0.73920995	0.8707317	0.98916805	1.0	3974	tags=34%, list=26%, signal=47%	
HP_CALF_MUSCLE_HYPERTROPHY	HP_CALF_MUSCLE_HYPERTROPHY		42	-0.1884564	-0.738536	0.8851675	0.9896241	1.0	2665	tags=24%, list=18%, signal=29%	
GOMF_KINESIN_BINDING	GOMF_KINESIN_BINDING		42	-0.185912	-0.73823434	0.9088785	0.989681	1.0	2453	tags=19%, list=16%, signal=23%	
HP_REFLEX_SEIZURE	HP_REFLEX_SEIZURE		18	-0.23322777	-0.7375056	0.82460135	0.99019444	1.0	3263	tags=33%, list=22%, signal=42%	
HP_POLYCYSTIC_KIDNEY_DYSPLASIA	HP_POLYCYSTIC_KIDNEY_DYSPLASIA		49	-0.17693909	-0.7373513	0.8833747	0.9900793	1.0	3701	tags=29%, list=24%, signal=38%	
GOBP_REGULATION_OF_LONG_TERM_SYNAPTIC_POTENTIATION	GOBP_REGULATION_OF_LONG_TERM_SYNAPTIC_POTENTIATION		39	-0.19300658	-0.7373455	0.88349515	0.9898112	1.0	3287	tags=26%, list=22%, signal=33%	
GOBP_EMBRYONIC_DIGIT_MORPHOGENESIS	GOBP_EMBRYONIC_DIGIT_MORPHOGENESIS		54	-0.17909639	-0.7372302	0.915601	0.98967254	1.0	1111	tags=11%, list=7%, signal=12%	
HP_POOR_WOUND_HEALING	HP_POOR_WOUND_HEALING		45	-0.18214357	-0.7368084	0.93718594	0.9898497	1.0	4182	tags=31%, list=28%, signal=43%	
GOBP_REGULATION_OF_LIPID_TRANSPORT	GOBP_REGULATION_OF_LIPID_TRANSPORT		108	-0.1496663	-0.73667705	0.97889185	0.9897058	1.0	2946	tags=21%, list=19%, signal=26%	
GOBP_RENAL_SYSTEM_VASCULATURE_DEVELOPMENT	GOBP_RENAL_SYSTEM_VASCULATURE_DEVELOPMENT		30	-0.19985329	-0.73664093	0.8538813	0.9894685	1.0	2813	tags=27%, list=19%, signal=33%	
GOBP_REGULATION_OF_OXIDOREDUCTASE_ACTIVITY	GOBP_REGULATION_OF_OXIDOREDUCTASE_ACTIVITY		21	-0.22312905	-0.73580676	0.86247087	0.99004275	1.0	1585	tags=19%, list=10%, signal=21%	
HP_NONPROGRESSIVE	HP_NONPROGRESSIVE		19	-0.22453977	-0.73555493	0.85480094	0.99002635	1.0	4855	tags=37%, list=32%, signal=54%	
HP_EPISODIC_HYPERHIDROSIS	HP_EPISODIC_HYPERHIDROSIS		17	-0.23495378	-0.7352952	0.8382353	0.99001783	1.0	2232	tags=24%, list=15%, signal=28%	
HP_ABNORMAL_GROWTH_HORMONE_LEVEL	HP_ABNORMAL_GROWTH_HORMONE_LEVEL		28	-0.2057701	-0.73509026	0.8687783	0.9899569	1.0	3823	tags=36%, list=25%, signal=48%	
HP_AUDITORY_HALLUCINATION	HP_AUDITORY_HALLUCINATION		15	-0.2412867	-0.7346037	0.8106904	0.99018705	1.0	2900	tags=27%, list=19%, signal=33%	
HP_HAND_MUSCLE_WEAKNESS	HP_HAND_MUSCLE_WEAKNESS		45	-0.18089797	-0.7345775	0.9228972	0.98993665	1.0	4325	tags=31%, list=29%, signal=43%	
GOBP_LYMPH_VESSEL_MORPHOGENESIS	GOBP_LYMPH_VESSEL_MORPHOGENESIS		20	-0.22575375	-0.73441184	0.85714287	0.98983353	1.0	1710	tags=15%, list=11%, signal=17%	
HP_ABNORMAL_MITOCHONDRIA_IN_MUSCLE_TISSUE	HP_ABNORMAL_MITOCHONDRIA_IN_MUSCLE_TISSUE		36	-0.19016236	-0.7340989	0.8947368	0.98990095	1.0	4730	tags=36%, list=31%, signal=52%	
GOBP_POSITIVE_REGULATION_OF_EPITHELIAL_CELL_APOPTOTIC_PROCESS	GOBP_POSITIVE_REGULATION_OF_EPITHELIAL_CELL_APOPTOTIC_PROCESS		15	-0.24662082	-0.7338968	0.8308026	0.9898302	1.0	458	tags=13%, list=3%, signal=14%	
HP_TRIANGULAR_FACE	HP_TRIANGULAR_FACE		152	-0.14350466	-0.73377824	0.98255813	0.9896747	1.0	3810	tags=25%, list=25%, signal=33%	
GOBP_PROTEIN_NEDDYLATION	GOBP_PROTEIN_NEDDYLATION		26	-0.20767672	-0.73366255	0.8943662	0.9895221	1.0	3218	tags=23%, list=21%, signal=29%	
GOBP_HEMATOPOIETIC_OR_LYMPHOID_ORGAN_DEVELOPMENT	GOBP_HEMATOPOIETIC_OR_LYMPHOID_ORGAN_DEVELOPMENT		88	-0.16073138	-0.7334256	0.9551122	0.98948574	1.0	3664	tags=25%, list=24%, signal=33%	
GOBP_MODULATION_BY_HOST_OF_VIRAL_PROCESS	GOBP_MODULATION_BY_HOST_OF_VIRAL_PROCESS		40	-0.18674846	-0.7332169	0.9054054	0.9894238	1.0	959	tags=8%, list=6%, signal=8%	
GOBP_HEAT_GENERATION	GOBP_HEAT_GENERATION		17	-0.23023733	-0.7323959	0.82302773	0.9899865	1.0	3448	tags=35%, list=23%, signal=46%	
GOBP_MITOCHONDRIAL_GENE_EXPRESSION	GOBP_MITOCHONDRIAL_GENE_EXPRESSION		165	-0.14239731	-0.7321727	0.9807162	0.98993134	1.0	4006	tags=25%, list=27%, signal=33%	
GOBP_NEGATIVE_REGULATION_OF_CALCIUM_ION_TRANSMEMBRANE_TRANSPORT	GOBP_NEGATIVE_REGULATION_OF_CALCIUM_ION_TRANSMEMBRANE_TRANSPORT		31	-0.19848375	-0.73197544	0.8623188	0.9898657	1.0	1888	tags=16%, list=12%, signal=18%	
HP_NEOPLASM_OF_THE_STOMACH	HP_NEOPLASM_OF_THE_STOMACH		61	-0.17089994	-0.7316935	0.94160587	0.9898812	1.0	2687	tags=21%, list=18%, signal=26%	
HP_MACULAR_DYSTROPHY	HP_MACULAR_DYSTROPHY		18	-0.23485342	-0.7314068	0.8248945	0.9898969	1.0	1772	tags=22%, list=12%, signal=25%	
GOMF_3_5_CYCLIC_AMP_PHOSPHODIESTERASE_ACTIVITY	GOMF_3_5_CYCLIC_AMP_PHOSPHODIESTERASE_ACTIVITY		18	-0.23349902	-0.7307628	0.84449244	0.99024224	1.0	3508	tags=33%, list=23%, signal=43%	
GOBP_REGULATION_OF_OSTEOBLAST_DIFFERENTIATION	GOBP_REGULATION_OF_OSTEOBLAST_DIFFERENTIATION		117	-0.14834556	-0.7296817	0.9660057	0.9910609	1.0	2623	tags=18%, list=17%, signal=22%	
GOBP_MITOTIC_SISTER_CHROMATID_SEGREGATION	GOBP_MITOTIC_SISTER_CHROMATID_SEGREGATION		183	-0.13795984	-0.7288601	0.993994	0.9915936	1.0	3741	tags=22%, list=25%, signal=29%	
HP_BULBAR_PALSY	HP_BULBAR_PALSY		38	-0.18629313	-0.72879875	0.9025641	0.99137604	1.0	2557	tags=18%, list=17%, signal=22%	
HP_METAPHYSEAL_WIDENING	HP_METAPHYSEAL_WIDENING		89	-0.1549051	-0.7286901	0.96256685	0.9912055	1.0	2417	tags=18%, list=16%, signal=21%	
GOBP_EPITHELIAL_CELL_DIFFERENTIATION_INVOLVED_IN_KIDNEY_DEVELOPMENT	GOBP_EPITHELIAL_CELL_DIFFERENTIATION_INVOLVED_IN_KIDNEY_DEVELOPMENT		43	-0.18608315	-0.7275315	0.8964706	0.9920445	1.0	3394	tags=33%, list=22%, signal=42%	
GOBP_TYPE_2_IMMUNE_RESPONSE	GOBP_TYPE_2_IMMUNE_RESPONSE		25	-0.2115576	-0.7274568	0.85494506	0.9918374	1.0	2496	tags=20%, list=17%, signal=24%	
GOBP_REGULATION_OF_RUFFLE_ASSEMBLY	GOBP_REGULATION_OF_RUFFLE_ASSEMBLY		29	-0.19579068	-0.7273877	0.88610476	0.9916251	1.0	4959	tags=45%, list=33%, signal=67%	
HP_SLOPING_FOREHEAD	HP_SLOPING_FOREHEAD		176	-0.13900533	-0.725695	0.99707603	0.9930296	1.0	4530	tags=31%, list=30%, signal=44%	
HP_NEUROENDOCRINE_NEOPLASM	HP_NEUROENDOCRINE_NEOPLASM		22	-0.21480058	-0.725288	0.8761062	0.9931507	1.0	6213	tags=59%, list=41%, signal=100%	
HP_CYSTIC_HYGROMA	HP_CYSTIC_HYGROMA		48	-0.17931122	-0.7248576	0.9131514	0.9932934	1.0	3112	tags=21%, list=21%, signal=26%	
HP_FLAT_OCCIPUT	HP_FLAT_OCCIPUT		53	-0.17168696	-0.7248398	0.93564355	0.99304336	1.0	4062	tags=30%, list=27%, signal=41%	
GOBP_SRP_DEPENDENT_COTRANSLATIONAL_PROTEIN_TARGETING_TO_MEMBRANE	GOBP_SRP_DEPENDENT_COTRANSLATIONAL_PROTEIN_TARGETING_TO_MEMBRANE		17	-0.23327848	-0.72461146	0.8370536	0.99298817	1.0	2672	tags=24%, list=18%, signal=29%	
HP_TELANGIECTASIA_OF_THE_SKIN	HP_TELANGIECTASIA_OF_THE_SKIN		65	-0.16782674	-0.72378355	0.9422572	0.99350613	1.0	2204	tags=12%, list=15%, signal=14%	
GOMF_COLLAGEN_BINDING	GOMF_COLLAGEN_BINDING		65	-0.16686754	-0.7237219	0.9508197	0.9932914	1.0	2955	tags=22%, list=20%, signal=27%	
GOBP_POSITIVE_REGULATION_OF_RESPONSE_TO_WOUNDING	GOBP_POSITIVE_REGULATION_OF_RESPONSE_TO_WOUNDING		60	-0.16652857	-0.72366965	0.951282	0.993074	1.0	3257	tags=25%, list=22%, signal=32%	
HP_ELEVATED_HEMOGLOBIN_A1C	HP_ELEVATED_HEMOGLOBIN_A1C		20	-0.22602442	-0.72333103	0.8584475	0.993107	1.0	6248	tags=65%, list=41%, signal=111%	
HP_HYPERGONADOTROPIC_HYPOGONADISM	HP_HYPERGONADOTROPIC_HYPOGONADISM		53	-0.17274584	-0.7227643	0.9292683	0.99337703	1.0	3571	tags=23%, list=24%, signal=30%	
GOBP_RESPONSE_TO_STEROL	GOBP_RESPONSE_TO_STEROL		25	-0.20513326	-0.7227594	0.8988764	0.9931101	1.0	2855	tags=24%, list=19%, signal=30%	
GOBP_RELAXATION_OF_CARDIAC_MUSCLE	GOBP_RELAXATION_OF_CARDIAC_MUSCLE		16	-0.24049363	-0.72272384	0.85201794	0.9928732	1.0	3567	tags=31%, list=24%, signal=41%	
HP_ENLARGED_KIDNEY	HP_ENLARGED_KIDNEY		40	-0.18447016	-0.7225624	0.90375584	0.992752	1.0	4755	tags=35%, list=31%, signal=51%	
GOBP_PROTEIN_REFOLDING	GOBP_PROTEIN_REFOLDING		24	-0.21109398	-0.72191906	0.8738532	0.99307805	1.0	2002	tags=21%, list=13%, signal=24%	
GOBP_MAMMARY_GLAND_EPITHELIUM_DEVELOPMENT	GOBP_MAMMARY_GLAND_EPITHELIUM_DEVELOPMENT		62	-0.16709675	-0.7216683	0.9352332	0.9930338	1.0	1635	tags=11%, list=11%, signal=13%	
GOBP_MITOTIC_SPINDLE_ASSEMBLY	GOBP_MITOTIC_SPINDLE_ASSEMBLY		72	-0.1628169	-0.7215356	0.95595855	0.9928917	1.0	3741	tags=26%, list=25%, signal=35%	
GOBP_MITOTIC_CYTOKINETIC_PROCESS	GOBP_MITOTIC_CYTOKINETIC_PROCESS		36	-0.18576418	-0.7209652	0.9170854	0.993173	1.0	4142	tags=31%, list=27%, signal=42%	
GOMF_STRUCTURAL_CONSTITUENT_OF_POSTSYNAPSE	GOMF_STRUCTURAL_CONSTITUENT_OF_POSTSYNAPSE		15	-0.2412382	-0.7208198	0.8565121	0.99303967	1.0	3675	tags=33%, list=24%, signal=44%	
HP_HEMORRHAGE_OF_THE_EYE	HP_HEMORRHAGE_OF_THE_EYE		42	-0.17962766	-0.7207172	0.91608393	0.9928651	1.0	4664	tags=36%, list=31%, signal=52%	
GOBP_INTEGRATED_STRESS_RESPONSE_SIGNALING	GOBP_INTEGRATED_STRESS_RESPONSE_SIGNALING		42	-0.18456148	-0.71951985	0.9188544	0.99368423	1.0	1583	tags=17%, list=10%, signal=19%	
GOBP_RENAL_TUBULAR_SECRETION	GOBP_RENAL_TUBULAR_SECRETION		18	-0.22977982	-0.719417	0.8618267	0.993509	1.0	3382	tags=39%, list=22%, signal=50%	
GOMF_HISTONE_ACETYLTRANSFERASE_BINDING	GOMF_HISTONE_ACETYLTRANSFERASE_BINDING		23	-0.21047348	-0.71896535	0.8766234	0.9936469	1.0	5334	tags=57%, list=35%, signal=87%	
GOMF_GLYCOLIPID_BINDING	GOMF_GLYCOLIPID_BINDING		24	-0.20947279	-0.7188586	0.86986303	0.99347687	1.0	3382	tags=29%, list=22%, signal=38%	
GOBP_POSITIVE_REGULATION_OF_DNA_REPLICATION	GOBP_POSITIVE_REGULATION_OF_DNA_REPLICATION		39	-0.18126602	-0.7184392	0.9045346	0.9935973	1.0	4534	tags=41%, list=30%, signal=58%	
HP_ALLERGY	HP_ALLERGY		33	-0.19121557	-0.7179376	0.9061728	0.9937821	1.0	4166	tags=36%, list=28%, signal=50%	
HP_INCREASED_TOTAL_NEUTROPHIL_COUNT	HP_INCREASED_TOTAL_NEUTROPHIL_COUNT		19	-0.21836059	-0.7178808	0.8669725	0.99356747	1.0	4340	tags=37%, list=29%, signal=52%	
GOBP_NEUROTRANSMITTER_RECEPTOR_TRANSPORT_TO_PLASMA_MEMBRANE	GOBP_NEUROTRANSMITTER_RECEPTOR_TRANSPORT_TO_PLASMA_MEMBRANE		15	-0.23748755	-0.7178453	0.8584475	0.99333	1.0	5186	tags=47%, list=34%, signal=71%	
HP_ABNORMAL_PLATELET_FUNCTION	HP_ABNORMAL_PLATELET_FUNCTION		53	-0.17427042	-0.71779937	0.9302326	0.9931071	1.0	2612	tags=21%, list=17%, signal=25%	
GOBP_POSITIVE_REGULATION_OF_DNA_TEMPLATED_TRANSCRIPTION_INITIATION	GOBP_POSITIVE_REGULATION_OF_DNA_TEMPLATED_TRANSCRIPTION_INITIATION		65	-0.16297899	-0.7172771	0.9371728	0.9933174	1.0	2785	tags=18%, list=18%, signal=23%	
HP_FATIGABLE_WEAKNESS_OF_RESPIRATORY_MUSCLES	HP_FATIGABLE_WEAKNESS_OF_RESPIRATORY_MUSCLES		48	-0.1772927	-0.7172684	0.9389313	0.9930574	1.0	3296	tags=25%, list=22%, signal=32%	
HP_BILATERAL_TALIPES_EQUINOVARUS	HP_BILATERAL_TALIPES_EQUINOVARUS		45	-0.17906901	-0.71709836	0.9285714	0.9929416	1.0	2241	tags=18%, list=15%, signal=21%	
HP_OLIGODONTIA	HP_OLIGODONTIA		60	-0.16643411	-0.7165869	0.9593909	0.99314374	1.0	1527	tags=15%, list=10%, signal=17%	
GOBP_REGULATION_OF_CENTROSOME_CYCLE	GOBP_REGULATION_OF_CENTROSOME_CYCLE		58	-0.1711976	-0.7164006	0.9458128	0.99303365	1.0	3487	tags=28%, list=23%, signal=36%	
HP_ABNORMAL_CIRCULATING_SULFUR_AMINO_ACID_CONCENTRATION	HP_ABNORMAL_CIRCULATING_SULFUR_AMINO_ACID_CONCENTRATION		26	-0.20273873	-0.71577907	0.90909094	0.9933078	1.0	4424	tags=35%, list=29%, signal=49%	
GOBP_PHOSPHATIDYLINOSITOL_DEPHOSPHORYLATION	GOBP_PHOSPHATIDYLINOSITOL_DEPHOSPHORYLATION		26	-0.20221566	-0.71490014	0.8941441	0.99385077	1.0	4727	tags=42%, list=31%, signal=61%	
HP_ABSENT_EARLOBE	HP_ABSENT_EARLOBE		16	-0.23019466	-0.71462595	0.85211265	0.9938442	1.0	3154	tags=25%, list=21%, signal=32%	
GOBP_MITOTIC_CELL_CYCLE_CHECKPOINT_SIGNALING	GOBP_MITOTIC_CELL_CYCLE_CHECKPOINT_SIGNALING		119	-0.1436696	-0.71315557	0.9818182	0.99483085	1.0	3756	tags=24%, list=25%, signal=31%	
HP_DERMAL_ATROPHY	HP_DERMAL_ATROPHY		96	-0.15255964	-0.71296287	0.97540987	0.99472576	1.0	1440	tags=10%, list=10%, signal=11%	
HP_CAESAREAN_SECTION	HP_CAESAREAN_SECTION		15	-0.23726615	-0.7128379	0.8400901	0.9945732	1.0	5605	tags=53%, list=37%, signal=85%	
GOBP_COLLAGEN_FIBRIL_ORGANIZATION	GOBP_COLLAGEN_FIBRIL_ORGANIZATION		63	-0.16604324	-0.71249604	0.94502616	0.9945968	1.0	4468	tags=35%, list=30%, signal=49%	
HP_PES_VALGUS	HP_PES_VALGUS		50	-0.17495236	-0.71213603	0.9413203	0.9946572	1.0	1316	tags=10%, list=9%, signal=11%	
GOBP_MYELOID_DENDRITIC_CELL_DIFFERENTIATION	GOBP_MYELOID_DENDRITIC_CELL_DIFFERENTIATION		15	-0.23353818	-0.7117612	0.8558952	0.9947252	1.0	1298	tags=13%, list=9%, signal=15%	
GOBP_NEGATIVE_REGULATION_OF_CALCIUM_ION_TRANSPORT	GOBP_NEGATIVE_REGULATION_OF_CALCIUM_ION_TRANSPORT		41	-0.17799692	-0.7112882	0.9328704	0.99487084	1.0	3010	tags=22%, list=20%, signal=27%	
GOBP_PEPTIDYL_CYSTEINE_MODIFICATION	GOBP_PEPTIDYL_CYSTEINE_MODIFICATION		19	-0.21947894	-0.7111825	0.8722467	0.99469113	1.0	514	tags=11%, list=3%, signal=11%	
GOBP_GANGLIOSIDE_METABOLIC_PROCESS	GOBP_GANGLIOSIDE_METABOLIC_PROCESS		24	-0.21197583	-0.7111493	0.8956311	0.994448	1.0	2278	tags=21%, list=15%, signal=24%	
GOBP_SMOOTHENED_SIGNALING_PATHWAY	GOBP_SMOOTHENED_SIGNALING_PATHWAY		147	-0.13959116	-0.7111071	0.99404764	0.9942165	1.0	1692	tags=13%, list=11%, signal=14%	
GOBP_MEMBRANE_REPOLARIZATION	GOBP_MEMBRANE_REPOLARIZATION		45	-0.17653324	-0.7104727	0.94417477	0.9945153	1.0	704	tags=9%, list=5%, signal=9%	
GOCC_ENDOSOME_LUMEN	GOCC_ENDOSOME_LUMEN		25	-0.20466596	-0.71030146	0.8947368	0.9943943	1.0	5543	tags=52%, list=37%, signal=82%	
GOBP_HINDLIMB_MORPHOGENESIS	GOBP_HINDLIMB_MORPHOGENESIS		32	-0.19381006	-0.7099461	0.9135514	0.9944178	1.0	1635	tags=16%, list=11%, signal=17%	
GOBP_REGULATION_OF_PROTEIN_DEPOLYMERIZATION	GOBP_REGULATION_OF_PROTEIN_DEPOLYMERIZATION		84	-0.15386851	-0.70993286	0.9764398	0.9941591	1.0	2155	tags=15%, list=14%, signal=18%	
HP_CALCIUM_NEPHROLITHIASIS	HP_CALCIUM_NEPHROLITHIASIS		17	-0.22493307	-0.70838255	0.855814	0.9951769	1.0	5722	tags=59%, list=38%, signal=95%	
HP_DEVIATION_OF_THE_THUMB	HP_DEVIATION_OF_THE_THUMB		51	-0.17144723	-0.70811033	0.96029776	0.9951269	1.0	4626	tags=37%, list=31%, signal=54%	
GOBP_EMBRYONIC_BRAIN_DEVELOPMENT	GOBP_EMBRYONIC_BRAIN_DEVELOPMENT		19	-0.21239808	-0.7079406	0.8666667	0.9949834	1.0	3300	tags=32%, list=22%, signal=40%	
GOMF_TRANSPORTER_ACTIVATOR_ACTIVITY	GOMF_TRANSPORTER_ACTIVATOR_ACTIVITY		20	-0.2131825	-0.7067572	0.88735634	0.99569935	1.0	1958	tags=20%, list=13%, signal=23%	
GOBP_REGULATION_OF_VASCULAR_ENDOTHELIAL_GROWTH_FACTOR_RECEPTOR_SIGNALING_PATHWAY	GOBP_REGULATION_OF_VASCULAR_ENDOTHELIAL_GROWTH_FACTOR_RECEPTOR_SIGNALING_PATHWAY		32	-0.18632485	-0.70599306	0.93516207	0.99605936	1.0	2608	tags=19%, list=17%, signal=23%	
HP_MUCOPOLYSACCHARIDURIA	HP_MUCOPOLYSACCHARIDURIA		20	-0.21499994	-0.7058846	0.8772727	0.9958754	1.0	2784	tags=20%, list=18%, signal=24%	
HP_FATIGABLE_WEAKNESS_OF_BULBAR_MUSCLES	HP_FATIGABLE_WEAKNESS_OF_BULBAR_MUSCLES		53	-0.16965432	-0.70588136	0.93532336	0.99561024	1.0	1370	tags=13%, list=9%, signal=14%	
GOBP_RESPONSE_TO_GAMMA_RADIATION	GOBP_RESPONSE_TO_GAMMA_RADIATION		41	-0.17965691	-0.70528865	0.9220779	0.9958164	1.0	4273	tags=34%, list=28%, signal=47%	
GOBP_NEGATIVE_REGULATION_OF_TYPE_I_INTERFERON_PRODUCTION	GOBP_NEGATIVE_REGULATION_OF_TYPE_I_INTERFERON_PRODUCTION		38	-0.18664752	-0.70525575	0.92191434	0.99557734	1.0	2823	tags=18%, list=19%, signal=23%	
GOBP_REGULATION_OF_CARDIAC_CONDUCTION	GOBP_REGULATION_OF_CARDIAC_CONDUCTION		22	-0.21163863	-0.7047215	0.8988764	0.9957323	1.0	1207	tags=14%, list=8%, signal=15%	
GOBP_ESTABLISHMENT_OF_PIGMENT_GRANULE_LOCALIZATION	GOBP_ESTABLISHMENT_OF_PIGMENT_GRANULE_LOCALIZATION		23	-0.20580083	-0.7046546	0.8812785	0.9955176	1.0	3068	tags=30%, list=20%, signal=38%	
GOBP_CELL_VOLUME_HOMEOSTASIS	GOBP_CELL_VOLUME_HOMEOSTASIS		32	-0.19489443	-0.7045415	0.9057471	0.99534994	1.0	1561	tags=13%, list=10%, signal=14%	
GOBP_OSTEOBLAST_DEVELOPMENT	GOBP_OSTEOBLAST_DEVELOPMENT		15	-0.23284829	-0.7043972	0.8626126	0.9951938	1.0	4479	tags=40%, list=30%, signal=57%	
HP_BRISK_REFLEXES	HP_BRISK_REFLEXES		96	-0.14748673	-0.7042834	0.9836512	0.9950168	1.0	4850	tags=38%, list=32%, signal=55%	
HP_ABNORMAL_CHOROID_PLEXUS_MORPHOLOGY	HP_ABNORMAL_CHOROID_PLEXUS_MORPHOLOGY		17	-0.22431836	-0.70415354	0.90117645	0.99485505	1.0	858	tags=12%, list=6%, signal=12%	
HP_ABNORMAL_INTRAOCULAR_PRESSURE	HP_ABNORMAL_INTRAOCULAR_PRESSURE		31	-0.18992217	-0.70354474	0.91571754	0.9950833	1.0	4468	tags=35%, list=30%, signal=50%	
HP_ABNORMAL_CIRCULATING_C_PEPTIDE_CONCENTRATION	HP_ABNORMAL_CIRCULATING_C_PEPTIDE_CONCENTRATION		19	-0.21568272	-0.7029305	0.87243736	0.9952928	1.0	700	tags=11%, list=5%, signal=11%	
GOBP_POSITIVE_REGULATION_OF_ACTIN_FILAMENT_POLYMERIZATION	GOBP_POSITIVE_REGULATION_OF_ACTIN_FILAMENT_POLYMERIZATION		47	-0.17434253	-0.7022275	0.9265092	0.9955916	1.0	3493	tags=28%, list=23%, signal=36%	
HP_TETRAPLEGIA_TETRAPARESIS	HP_TETRAPLEGIA_TETRAPARESIS		137	-0.13909064	-0.701657	0.9890411	0.9957747	1.0	3998	tags=26%, list=26%, signal=34%	
HP_ABNORMAL_SYNOVIAL_MEMBRANE_MORPHOLOGY	HP_ABNORMAL_SYNOVIAL_MEMBRANE_MORPHOLOGY		17	-0.22338021	-0.7014092	0.8717949	0.99569845	1.0	4050	tags=41%, list=27%, signal=56%	
HP_ESOPHAGITIS	HP_ESOPHAGITIS		27	-0.19603382	-0.7012464	0.9086651	0.99555504	1.0	5015	tags=48%, list=33%, signal=72%	
GOBP_RESPIRATORY_BURST	GOBP_RESPIRATORY_BURST		26	-0.1989771	-0.70072424	0.8972431	0.9957147	1.0	2902	tags=23%, list=19%, signal=29%	
HP_PSYCHOTIC_MENTATION	HP_PSYCHOTIC_MENTATION		19	-0.21732806	-0.6984861	0.88018435	0.99717796	1.0	3529	tags=32%, list=23%, signal=41%	
GOBP_REGULATION_OF_TOLL_LIKE_RECEPTOR_SIGNALING_PATHWAY	GOBP_REGULATION_OF_TOLL_LIKE_RECEPTOR_SIGNALING_PATHWAY		27	-0.19856516	-0.6982888	0.9057971	0.99705666	1.0	5048	tags=44%, list=33%, signal=67%	
GOBP_NEGATIVE_REGULATION_OF_DNA_REPAIR	GOBP_NEGATIVE_REGULATION_OF_DNA_REPAIR		38	-0.17940445	-0.6980514	0.93473196	0.99695915	1.0	5084	tags=42%, list=34%, signal=63%	
HP_NARROW_GREATER_SCIATIC_NOTCH	HP_NARROW_GREATER_SCIATIC_NOTCH		21	-0.20769085	-0.6980191	0.89342403	0.99671876	1.0	1810	tags=19%, list=12%, signal=22%	
HP_RICKETS	HP_RICKETS		38	-0.18001606	-0.69717604	0.934466	0.99712354	1.0	4251	tags=37%, list=28%, signal=51%	
GOBP_CYTOCHROME_COMPLEX_ASSEMBLY	GOBP_CYTOCHROME_COMPLEX_ASSEMBLY		42	-0.17438489	-0.69711256	0.94145197	0.99690264	1.0	3986	tags=26%, list=26%, signal=35%	
GOBP_REGULATION_OF_SUPEROXIDE_ANION_GENERATION	GOBP_REGULATION_OF_SUPEROXIDE_ANION_GENERATION		17	-0.22593851	-0.69695824	0.8821053	0.9967548	1.0	3287	tags=29%, list=22%, signal=38%	
HP_BULBOUS_NOSE	HP_BULBOUS_NOSE		178	-0.13462846	-0.69676006	1.0	0.9966326	1.0	5396	tags=42%, list=36%, signal=65%	
GOMF_TRANSLATION_FACTOR_ACTIVITY_RNA_BINDING	GOMF_TRANSLATION_FACTOR_ACTIVITY_RNA_BINDING		21	-0.21252732	-0.69651777	0.88487583	0.9965385	1.0	5531	tags=38%, list=37%, signal=60%	
GOMF_STRUCTURAL_CONSTITUENT_OF_CHROMATIN	GOMF_STRUCTURAL_CONSTITUENT_OF_CHROMATIN		54	-0.1648852	-0.6949457	0.9692308	0.9974629	1.0	4387	tags=31%, list=29%, signal=44%	
GOBP_REGULATION_OF_RAC_PROTEIN_SIGNAL_TRANSDUCTION	GOBP_REGULATION_OF_RAC_PROTEIN_SIGNAL_TRANSDUCTION		27	-0.19596897	-0.69492894	0.910628	0.9972042	1.0	5468	tags=52%, list=36%, signal=81%	
HP_FETAL_AKINESIA_SEQUENCE	HP_FETAL_AKINESIA_SEQUENCE		26	-0.19753753	-0.69460344	0.8959811	0.997193	1.0	3491	tags=27%, list=23%, signal=35%	
GOBP_NADH_DEHYDROGENASE_COMPLEX_ASSEMBLY	GOBP_NADH_DEHYDROGENASE_COMPLEX_ASSEMBLY		41	-0.17723967	-0.6942624	0.91346157	0.99717927	1.0	4750	tags=37%, list=31%, signal=53%	
HP_ABNORMAL_TRABECULAR_BONE_MORPHOLOGY	HP_ABNORMAL_TRABECULAR_BONE_MORPHOLOGY		31	-0.19241443	-0.6939755	0.9258312	0.99712855	1.0	3255	tags=26%, list=22%, signal=33%	
GOBP_VESICLE_MEDIATED_TRANSPORT_TO_THE_PLASMA_MEMBRANE	GOBP_VESICLE_MEDIATED_TRANSPORT_TO_THE_PLASMA_MEMBRANE		144	-0.1384721	-0.6936293	1.0	0.99711937	1.0	5261	tags=41%, list=35%, signal=62%	
HP_HYPOPLASTIC_ILIAC_WING	HP_HYPOPLASTIC_ILIAC_WING		27	-0.19444157	-0.69302	0.90997565	0.9972968	1.0	4770	tags=44%, list=32%, signal=65%	
GOBP_CGAS_STING_SIGNALING_PATHWAY	GOBP_CGAS_STING_SIGNALING_PATHWAY		24	-0.20483743	-0.6927353	0.90949225	0.9972208	1.0	5338	tags=54%, list=35%, signal=84%	
GOMF_P_TYPE_TRANSMEMBRANE_TRANSPORTER_ACTIVITY	GOMF_P_TYPE_TRANSMEMBRANE_TRANSPORTER_ACTIVITY		19	-0.21293367	-0.6923725	0.89099526	0.9972103	1.0	4177	tags=37%, list=28%, signal=51%	
GOBP_POSITIVE_REGULATION_OF_VASCULAR_ENDOTHELIAL_GROWTH_FACTOR_PRODUCTION	GOBP_POSITIVE_REGULATION_OF_VASCULAR_ENDOTHELIAL_GROWTH_FACTOR_PRODUCTION		24	-0.20198941	-0.69223624	0.9270588	0.9970441	1.0	4593	tags=46%, list=30%, signal=66%	
HP_HEAT_INTOLERANCE	HP_HEAT_INTOLERANCE		21	-0.2091644	-0.69222474	0.9126437	0.99678713	1.0	3411	tags=24%, list=23%, signal=31%	
GOBP_SYNAPTIC_TRANSMISSION_DOPAMINERGIC	GOBP_SYNAPTIC_TRANSMISSION_DOPAMINERGIC		23	-0.19933935	-0.6921136	0.8924731	0.99660903	1.0	4001	tags=39%, list=26%, signal=53%	
GOBP_REFLEX	GOBP_REFLEX		19	-0.21616623	-0.69164145	0.8730853	0.99669945	1.0	2752	tags=26%, list=18%, signal=32%	
HP_CLITORAL_HYPERTROPHY	HP_CLITORAL_HYPERTROPHY		61	-0.16242562	-0.69108564	0.973822	0.9968286	1.0	3558	tags=26%, list=24%, signal=34%	
GOBP_ATP_BIOSYNTHETIC_PROCESS	GOBP_ATP_BIOSYNTHETIC_PROCESS		89	-0.15041198	-0.6910035	0.994302	0.99662286	1.0	4730	tags=37%, list=31%, signal=54%	
GOBP_REGULATION_OF_ARP2_3_COMPLEX_MEDIATED_ACTIN_NUCLEATION	GOBP_REGULATION_OF_ARP2_3_COMPLEX_MEDIATED_ACTIN_NUCLEATION		28	-0.19670847	-0.6906276	0.9227053	0.99661905	1.0	3493	tags=25%, list=23%, signal=32%	
GOBP_IMP_METABOLIC_PROCESS	GOBP_IMP_METABOLIC_PROCESS		16	-0.22777689	-0.69009143	0.87015945	0.99675924	1.0	4211	tags=38%, list=28%, signal=52%	
HP_BROAD_PHALANX_OF_THE_TOES	HP_BROAD_PHALANX_OF_THE_TOES		39	-0.17872763	-0.6900124	0.94056845	0.9965445	1.0	4499	tags=36%, list=30%, signal=51%	
GOBP_PROTEIN_EXIT_FROM_ENDOPLASMIC_RETICULUM	GOBP_PROTEIN_EXIT_FROM_ENDOPLASMIC_RETICULUM		45	-0.16779035	-0.6899297	0.9586375	0.996337	1.0	4964	tags=42%, list=33%, signal=63%	
GOBP_NON_PROTEINOGENIC_AMINO_ACID_BIOSYNTHETIC_PROCESS	GOBP_NON_PROTEINOGENIC_AMINO_ACID_BIOSYNTHETIC_PROCESS		16	-0.22716214	-0.6896412	0.8711111	0.9962827	1.0	725	tags=13%, list=5%, signal=13%	
GOCC_SIN3_TYPE_COMPLEX	GOCC_SIN3_TYPE_COMPLEX		19	-0.21334378	-0.687703	0.88461536	0.997418	1.0	4155	tags=32%, list=27%, signal=44%	
HP_MUSCLE_ABNORMALITY_RELATED_TO_MITOCHONDRIAL_DYSFUNCTION	HP_MUSCLE_ABNORMALITY_RELATED_TO_MITOCHONDRIAL_DYSFUNCTION		82	-0.14888005	-0.6842792	0.97709924	0.9994967	1.0	4738	tags=32%, list=31%, signal=46%	
HP_FETAL_DISTRESS	HP_FETAL_DISTRESS		61	-0.15798706	-0.684213	0.94749403	0.9992702	1.0	4905	tags=36%, list=32%, signal=53%	
HP_DELAYED_MENARCHE	HP_DELAYED_MENARCHE		22	-0.20536314	-0.68405944	0.92134833	0.999112	1.0	2612	tags=18%, list=17%, signal=22%	
HP_INCREASED_CONNECTIVE_TISSUE	HP_INCREASED_CONNECTIVE_TISSUE		19	-0.21545762	-0.68365544	0.90389013	0.9991144	1.0	1757	tags=21%, list=12%, signal=24%	
GOBP_ONE_CARBON_METABOLIC_PROCESS	GOBP_ONE_CARBON_METABOLIC_PROCESS		21	-0.20637628	-0.6830147	0.91799545	0.9992483	1.0	4481	tags=38%, list=30%, signal=54%	
GOBP_SNARE_COMPLEX_ASSEMBLY	GOBP_SNARE_COMPLEX_ASSEMBLY		19	-0.21438651	-0.68301356	0.89791185	0.99898404	1.0	2982	tags=26%, list=20%, signal=33%	
GOCC_AP_TYPE_MEMBRANE_COAT_ADAPTOR_COMPLEX	GOCC_AP_TYPE_MEMBRANE_COAT_ADAPTOR_COMPLEX		34	-0.18187709	-0.6827198	0.9335038	0.9989125	1.0	1724	tags=15%, list=11%, signal=17%	
HP_NARROW_NOSE	HP_NARROW_NOSE		25	-0.19689216	-0.68245506	0.9013453	0.99882424	1.0	3926	tags=32%, list=26%, signal=43%	
HP_PHTHISIS_BULBI	HP_PHTHISIS_BULBI		18	-0.22273389	-0.682152	0.8713318	0.9987731	1.0	3687	tags=28%, list=24%, signal=37%	
HP_PROGRESSIVE_SPASTICITY	HP_PROGRESSIVE_SPASTICITY		25	-0.19724423	-0.68127066	0.88505745	0.99907684	1.0	3328	tags=24%, list=22%, signal=31%	
GOBP_CERAMIDE_CATABOLIC_PROCESS	GOBP_CERAMIDE_CATABOLIC_PROCESS		18	-0.22180916	-0.68092215	0.90929705	0.99903417	1.0	2701	tags=22%, list=18%, signal=27%	
HP_CONGENITAL_HYPOTHYROIDISM	HP_CONGENITAL_HYPOTHYROIDISM		24	-0.1947169	-0.6806649	0.9047619	0.9989276	1.0	4201	tags=42%, list=28%, signal=58%	
GOBP_TELOMERASE_RNA_LOCALIZATION	GOBP_TELOMERASE_RNA_LOCALIZATION		18	-0.21478283	-0.68036777	0.8871332	0.9988544	1.0	4459	tags=39%, list=30%, signal=55%	
GOCC_PERINUCLEAR_ENDOPLASMIC_RETICULUM	GOCC_PERINUCLEAR_ENDOPLASMIC_RETICULUM		20	-0.20999025	-0.68021166	0.927907	0.9986938	1.0	2688	tags=20%, list=18%, signal=24%	
GOBP_CYTOSKELETON_DEPENDENT_CYTOKINESIS	GOBP_CYTOSKELETON_DEPENDENT_CYTOKINESIS		110	-0.1404474	-0.67992574	0.99715906	0.99861616	1.0	3671	tags=22%, list=24%, signal=29%	
GOBP_POSITIVE_REGULATION_OF_CELL_CYCLE_G1_S_PHASE_TRANSITION	GOBP_POSITIVE_REGULATION_OF_CELL_CYCLE_G1_S_PHASE_TRANSITION		48	-0.16619278	-0.6798491	0.95883775	0.9984048	1.0	3769	tags=23%, list=25%, signal=30%	
GOMF_MAP_KINASE_ACTIVITY	GOMF_MAP_KINASE_ACTIVITY		15	-0.22803539	-0.67804146	0.87470996	0.9993199	1.0	2004	tags=20%, list=13%, signal=23%	
GOBP_NEGATIVE_REGULATION_OF_CYTOKINE_PRODUCTION_INVOLVED_IN_INFLAMMATORY_RESPONSE	GOBP_NEGATIVE_REGULATION_OF_CYTOKINE_PRODUCTION_INVOLVED_IN_INFLAMMATORY_RESPONSE		27	-0.19093189	-0.6777641	0.90588236	0.99923164	1.0	4708	tags=37%, list=31%, signal=54%	
GOMF_INTRACELLULARLY_CALCIUM_GATED_CHLORIDE_CHANNEL_ACTIVITY	GOMF_INTRACELLULARLY_CALCIUM_GATED_CHLORIDE_CHANNEL_ACTIVITY		17	-0.22183053	-0.6776334	0.89220184	0.9990381	1.0	2153	tags=24%, list=14%, signal=27%	
HP_PERIODONTITIS	HP_PERIODONTITIS		31	-0.18620221	-0.67732555	0.9467593	0.99896973	1.0	3469	tags=29%, list=23%, signal=38%	
HP_KERATOSIS_PILARIS	HP_KERATOSIS_PILARIS		30	-0.18769865	-0.67645663	0.9275	0.9992429	1.0	335	tags=7%, list=2%, signal=7%	
HP_SEVERE_MUSCULAR_HYPOTONIA	HP_SEVERE_MUSCULAR_HYPOTONIA		59	-0.1589094	-0.67626536	0.9598997	0.9990924	1.0	4082	tags=31%, list=27%, signal=42%	
GOBP_TRNA_METHYLATION	GOBP_TRNA_METHYLATION		37	-0.17667353	-0.67622286	0.9535963	0.9988497	1.0	12448	tags=100%, list=82%, signal=566%	
GOBP_ORGANELLE_DISASSEMBLY	GOBP_ORGANELLE_DISASSEMBLY		69	-0.15191637	-0.6761017	0.98626375	0.9986627	1.0	4165	tags=26%, list=28%, signal=36%	
GOBP_PROTON_TRANSMEMBRANE_TRANSPORT	GOBP_PROTON_TRANSMEMBRANE_TRANSPORT		161	-0.13104457	-0.6757841	1.0	0.9985933	1.0	2921	tags=19%, list=19%, signal=24%	
GOBP_REGULATION_OF_DNA_RECOMBINATION	GOBP_REGULATION_OF_DNA_RECOMBINATION		112	-0.13942184	-0.67567176	0.9973475	0.9983991	1.0	3616	tags=24%, list=24%, signal=31%	
GOBP_REGULATION_OF_PLATELET_AGGREGATION	GOBP_REGULATION_OF_PLATELET_AGGREGATION		29	-0.18793878	-0.6753696	0.9315673	0.99832016	1.0	2580	tags=24%, list=17%, signal=29%	
GOBP_MOTOR_NEURON_AXON_GUIDANCE	GOBP_MOTOR_NEURON_AXON_GUIDANCE		26	-0.19285528	-0.67522186	0.91013825	0.99814	1.0	3760	tags=35%, list=25%, signal=46%	
GOBP_REGULATION_OF_KERATINOCYTE_DIFFERENTIATION	GOBP_REGULATION_OF_KERATINOCYTE_DIFFERENTIATION		26	-0.19238642	-0.67512536	0.9227053	0.99793077	1.0	2933	tags=23%, list=19%, signal=29%	
GOBP_PLASMA_MEMBRANE_REPAIR	GOBP_PLASMA_MEMBRANE_REPAIR		26	-0.19151184	-0.674426	0.92081445	0.99809945	1.0	6266	tags=62%, list=41%, signal=105%	
HP_SENSORY_SEEKING	HP_SENSORY_SEEKING		36	-0.18114576	-0.6733587	0.96313363	0.99848413	1.0	3175	tags=25%, list=21%, signal=32%	
GOBP_PODOSOME_ASSEMBLY	GOBP_PODOSOME_ASSEMBLY		18	-0.21442406	-0.6732132	0.9086758	0.99830365	1.0	3561	tags=33%, list=24%, signal=44%	
GOBP_REGULATION_OF_NEUROTRANSMITTER_SECRETION	GOBP_REGULATION_OF_NEUROTRANSMITTER_SECRETION		81	-0.14789766	-0.6731681	0.9807162	0.9980711	1.0	2556	tags=20%, list=17%, signal=24%	
GOBP_NEUROTRANSMITTER_REUPTAKE	GOBP_NEUROTRANSMITTER_REUPTAKE		29	-0.18830737	-0.67281854	0.9398148	0.99801743	1.0	3345	tags=28%, list=22%, signal=35%	
GOBP_REGULATION_OF_FIBROBLAST_GROWTH_FACTOR_RECEPTOR_SIGNALING_PATHWAY	GOBP_REGULATION_OF_FIBROBLAST_GROWTH_FACTOR_RECEPTOR_SIGNALING_PATHWAY		30	-0.18657446	-0.6720172	0.9099526	0.99824077	1.0	3872	tags=27%, list=26%, signal=36%	
GOMF_NUCLEAR_RETINOIC_ACID_RECEPTOR_BINDING	GOMF_NUCLEAR_RETINOIC_ACID_RECEPTOR_BINDING		20	-0.20923091	-0.67134315	0.9032258	0.9984082	1.0	5706	tags=55%, list=38%, signal=88%	
GOBP_STEM_CELL_DIVISION	GOBP_STEM_CELL_DIVISION		31	-0.18184616	-0.6698819	0.94430995	0.9990351	1.0	2858	tags=23%, list=19%, signal=28%	
HP_ABNORMAL_TALUS_MORPHOLOGY	HP_ABNORMAL_TALUS_MORPHOLOGY		66	-0.15303837	-0.6682903	0.9866667	0.9997113	1.0	3968	tags=26%, list=26%, signal=35%	
GOBP_METAPHASE_CHROMOSOME_ALIGNMENT	GOBP_METAPHASE_CHROMOSOME_ALIGNMENT		100	-0.1403901	-0.667279	1.0	1.0	1.0	3741	tags=22%, list=25%, signal=29%	
GOBP_NEGATIVE_REGULATION_OF_PROTEIN_SECRETION	GOBP_NEGATIVE_REGULATION_OF_PROTEIN_SECRETION		58	-0.157096	-0.6657737	0.9777778	1.0	1.0	2371	tags=19%, list=16%, signal=22%	
GOBP_RESPONSE_TO_ELECTRICAL_STIMULUS	GOBP_RESPONSE_TO_ELECTRICAL_STIMULUS		32	-0.17707095	-0.6650851	0.94871795	1.0	1.0	1505	tags=13%, list=10%, signal=14%	
HP_RETINAL_PIGMENT_EPITHELIAL_ATROPHY	HP_RETINAL_PIGMENT_EPITHELIAL_ATROPHY		33	-0.17919317	-0.6645611	0.94902915	1.0	1.0	2757	tags=21%, list=18%, signal=26%	
GOBP_PLATELET_DERIVED_GROWTH_FACTOR_RECEPTOR_SIGNALING_PATHWAY	GOBP_PLATELET_DERIVED_GROWTH_FACTOR_RECEPTOR_SIGNALING_PATHWAY		54	-0.16174574	-0.6633803	0.97007483	1.0	1.0	2813	tags=22%, list=19%, signal=27%	
GOBP_RESPONSE_TO_ALDOSTERONE	GOBP_RESPONSE_TO_ALDOSTERONE		16	-0.21513101	-0.66294277	0.90809625	1.0	1.0	2489	tags=25%, list=16%, signal=30%	
GOBP_PIGMENT_GRANULE_LOCALIZATION	GOBP_PIGMENT_GRANULE_LOCALIZATION		24	-0.19462697	-0.662786	0.9367946	1.0	1.0	3068	tags=29%, list=20%, signal=37%	
GOBP_NUCLEOSIDE_TRIPHOSPHATE_BIOSYNTHETIC_PROCESS	GOBP_NUCLEOSIDE_TRIPHOSPHATE_BIOSYNTHETIC_PROCESS		112	-0.1365681	-0.6621553	0.99731183	1.0	1.0	4815	tags=36%, list=32%, signal=52%	
HP_URINARY_URGENCY	HP_URINARY_URGENCY		48	-0.16237819	-0.66088	0.9719388	1.0	1.0	4760	tags=38%, list=32%, signal=55%	
GOBP_OVARIAN_FOLLICLE_DEVELOPMENT	GOBP_OVARIAN_FOLLICLE_DEVELOPMENT		54	-0.15590057	-0.6606485	0.96029776	1.0	1.0	4441	tags=31%, list=29%, signal=44%	
GOBP_NEGATIVE_REGULATION_OF_TOLL_LIKE_RECEPTOR_SIGNALING_PATHWAY	GOBP_NEGATIVE_REGULATION_OF_TOLL_LIKE_RECEPTOR_SIGNALING_PATHWAY		15	-0.22012089	-0.6603134	0.8924731	1.0	1.0	5048	tags=47%, list=33%, signal=70%	
GOBP_REGULATION_OF_ACTIN_NUCLEATION	GOBP_REGULATION_OF_ACTIN_NUCLEATION		36	-0.17298704	-0.6591466	0.96235293	1.0	1.0	4172	tags=28%, list=28%, signal=38%	
GOMF_ATPASE_ACTIVATOR_ACTIVITY	GOMF_ATPASE_ACTIVATOR_ACTIVITY		23	-0.1973987	-0.65819234	0.9225513	1.0	1.0	3707	tags=26%, list=25%, signal=35%	
GOBP_NEGATIVE_REGULATION_OF_SMOOTH_MUSCLE_CELL_MIGRATION	GOBP_NEGATIVE_REGULATION_OF_SMOOTH_MUSCLE_CELL_MIGRATION		19	-0.2078238	-0.65778834	0.9263804	1.0	1.0	5413	tags=42%, list=36%, signal=66%	
GOMF_ACETYLGALACTOSAMINYLTRANSFERASE_ACTIVITY	GOMF_ACETYLGALACTOSAMINYLTRANSFERASE_ACTIVITY		29	-0.17962378	-0.65708005	0.95364237	1.0	1.0	2300	tags=17%, list=15%, signal=20%	
GOMF_LYSOPHOSPHOLIPID_ACYLTRANSFERASE_ACTIVITY	GOMF_LYSOPHOSPHOLIPID_ACYLTRANSFERASE_ACTIVITY		22	-0.19672102	-0.6565285	0.9282407	1.0	1.0	2297	tags=18%, list=15%, signal=21%	
GOBP_REGULATION_OF_DOUBLE_STRAND_BREAK_REPAIR_VIA_NONHOMOLOGOUS_END_JOINING	GOBP_REGULATION_OF_DOUBLE_STRAND_BREAK_REPAIR_VIA_NONHOMOLOGOUS_END_JOINING		30	-0.17726785	-0.6563727	0.95545655	1.0	1.0	3616	tags=33%, list=24%, signal=44%	
GOBP_INTRACELLULAR_LIPID_TRANSPORT	GOBP_INTRACELLULAR_LIPID_TRANSPORT		38	-0.16729665	-0.6558736	0.97442454	1.0	1.0	5241	tags=45%, list=35%, signal=68%	
HP_REDUCED_BRAIN_N_ACETYL_ASPARTATE_LEVEL_BY_MRS	HP_REDUCED_BRAIN_N_ACETYL_ASPARTATE_LEVEL_BY_MRS		17	-0.21132833	-0.65586835	0.93273544	1.0	1.0	4223	tags=35%, list=28%, signal=49%	
HP_VERTEBRAL_HYPOPLASIA	HP_VERTEBRAL_HYPOPLASIA		33	-0.17474549	-0.6557671	0.965602	1.0	1.0	1810	tags=9%, list=12%, signal=10%	
GOBP_RETROGRADE_AXONAL_TRANSPORT	GOBP_RETROGRADE_AXONAL_TRANSPORT		22	-0.19143671	-0.6557591	0.9347826	1.0	1.0	5386	tags=41%, list=36%, signal=63%	
GOBP_MULTICELLULAR_ORGANISMAL_LEVEL_WATER_HOMEOSTASIS	GOBP_MULTICELLULAR_ORGANISMAL_LEVEL_WATER_HOMEOSTASIS		23	-0.19130301	-0.6549124	0.9177778	1.0	1.0	5004	tags=48%, list=33%, signal=71%	
GOMF_BMP_BINDING	GOMF_BMP_BINDING		16	-0.21127528	-0.6536663	0.9322799	1.0	1.0	65	tags=6%, list=0%, signal=6%	
HP_IMPAIRED_VIBRATORY_SENSATION	HP_IMPAIRED_VIBRATORY_SENSATION		119	-0.13523696	-0.65359247	0.9945355	1.0	1.0	2796	tags=18%, list=19%, signal=21%	
HP_SENSORIMOTOR_NEUROPATHY	HP_SENSORIMOTOR_NEUROPATHY		93	-0.13945328	-0.65206593	0.9851632	1.0	1.0	3529	tags=22%, list=23%, signal=28%	
GOBP_POSITIVE_REGULATION_OF_NOTCH_SIGNALING_PATHWAY	GOBP_POSITIVE_REGULATION_OF_NOTCH_SIGNALING_PATHWAY		43	-0.16673106	-0.65158886	0.972973	1.0	1.0	3300	tags=26%, list=22%, signal=33%	
GOBP_NUTRIENT_STORAGE	GOBP_NUTRIENT_STORAGE		78	-0.144883	-0.65034336	0.989071	1.0	1.0	3049	tags=22%, list=20%, signal=27%	
GOBP_EMBRYONIC_HINDLIMB_MORPHOGENESIS	GOBP_EMBRYONIC_HINDLIMB_MORPHOGENESIS		27	-0.18358853	-0.6496869	0.9494253	1.0	1.0	2830	tags=22%, list=19%, signal=27%	
HP_ABNORMAL_PLATELET_AGGREGATION	HP_ABNORMAL_PLATELET_AGGREGATION		33	-0.17137174	-0.6495518	0.96585363	1.0	1.0	1938	tags=18%, list=13%, signal=21%	
GOBP_ACTIN_NUCLEATION	GOBP_ACTIN_NUCLEATION		52	-0.15450051	-0.6488944	0.9725	1.0	1.0	2593	tags=15%, list=17%, signal=19%	
HP_PERIPHERAL_CYANOSIS	HP_PERIPHERAL_CYANOSIS		30	-0.18085079	-0.6484986	0.95784545	1.0	1.0	5100	tags=43%, list=34%, signal=65%	
GOBP_NEGATIVE_REGULATION_OF_PEPTIDE_SECRETION	GOBP_NEGATIVE_REGULATION_OF_PEPTIDE_SECRETION		38	-0.16700262	-0.6484791	0.9522673	1.0	1.0	4441	tags=37%, list=29%, signal=52%	
GOMF_PHOSPHATIDYLINOSITOL_BISPHOSPHATE_PHOSPHATASE_ACTIVITY	GOMF_PHOSPHATIDYLINOSITOL_BISPHOSPHATE_PHOSPHATASE_ACTIVITY		22	-0.19110438	-0.6463558	0.93707865	1.0	1.0	4680	tags=41%, list=31%, signal=59%	
HP_ABNORMAL_CSF_LACTATE_CONCENTRATION	HP_ABNORMAL_CSF_LACTATE_CONCENTRATION		102	-0.1361053	-0.64614314	0.994709	1.0	1.0	4267	tags=27%, list=28%, signal=38%	
HP_ABNORMAL_3RD_FINGER_MORPHOLOGY	HP_ABNORMAL_3RD_FINGER_MORPHOLOGY		26	-0.18318829	-0.6456002	0.9339207	1.0	1.0	587	tags=8%, list=4%, signal=8%	
HP_STARING_GAZE	HP_STARING_GAZE		18	-0.20445344	-0.6442479	0.9140461	1.0	1.0	1374	tags=17%, list=9%, signal=18%	
HP_LACTIC_ACIDOSIS	HP_LACTIC_ACIDOSIS		171	-0.123008884	-0.64183563	1.0	1.0	1.0	4275	tags=29%, list=28%, signal=40%	
GOBP_RNA_TEMPLATED_DNA_BIOSYNTHETIC_PROCESS	GOBP_RNA_TEMPLATED_DNA_BIOSYNTHETIC_PROCESS		54	-0.15344326	-0.6414357	0.98191214	1.0	1.0	3486	tags=24%, list=23%, signal=31%	
HP_UPPER_LIMB_SPASTICITY	HP_UPPER_LIMB_SPASTICITY		31	-0.1777584	-0.63965625	0.96642685	1.0	1.0	5189	tags=45%, list=34%, signal=69%	
HP_STRIAE_DISTENSAE	HP_STRIAE_DISTENSAE		29	-0.17768887	-0.6392497	0.9497608	1.0	1.0	2182	tags=17%, list=14%, signal=20%	
HP_LYMPHEDEMA	HP_LYMPHEDEMA		65	-0.14340797	-0.63864166	0.99506176	1.0	1.0	4697	tags=29%, list=31%, signal=42%	
HP_PULMONARY_INTERSTITIAL_HIGH_RESOLUTION_COMPUTED_TOMOGRAPHY_ABNORMALITY	HP_PULMONARY_INTERSTITIAL_HIGH_RESOLUTION_COMPUTED_TOMOGRAPHY_ABNORMALITY		16	-0.20549722	-0.63808453	0.9451754	1.0	1.0	3783	tags=31%, list=25%, signal=42%	
HP_LYMPHOMA	HP_LYMPHOMA		89	-0.13758053	-0.6375916	0.997389	1.0	1.0	4456	tags=29%, list=29%, signal=41%	
GOMF_LOW_DENSITY_LIPOPROTEIN_PARTICLE_RECEPTOR_BINDING	GOMF_LOW_DENSITY_LIPOPROTEIN_PARTICLE_RECEPTOR_BINDING		20	-0.1943597	-0.63707227	0.9266667	1.0	1.0	3287	tags=30%, list=22%, signal=38%	
GOBP_MORPHOGENESIS_OF_AN_ENDOTHELIUM	GOBP_MORPHOGENESIS_OF_AN_ENDOTHELIUM		15	-0.21133359	-0.63705933	0.9292453	1.0	1.0	808	tags=13%, list=5%, signal=14%	
HP_PROXIMAL_MUSCLE_WEAKNESS_IN_UPPER_LIMBS	HP_PROXIMAL_MUSCLE_WEAKNESS_IN_UPPER_LIMBS		55	-0.1518012	-0.6368674	0.97911227	1.0	1.0	4325	tags=31%, list=29%, signal=43%	
HP_NEOPLASM_OF_THE_RECTUM	HP_NEOPLASM_OF_THE_RECTUM		26	-0.1818175	-0.63625956	0.9575472	1.0	1.0	4580	tags=42%, list=30%, signal=61%	
GOMF_CIS_TRANS_ISOMERASE_ACTIVITY	GOMF_CIS_TRANS_ISOMERASE_ACTIVITY		34	-0.16563144	-0.63570625	0.96889955	1.0	1.0	1800	tags=12%, list=12%, signal=13%	
HP_PYELONEPHRITIS	HP_PYELONEPHRITIS		20	-0.19461766	-0.6354139	0.9686192	1.0	1.0	5722	tags=50%, list=38%, signal=80%	
HP_ABNORMALITY_OF_THE_TEMPOROMANDIBULAR_JOINT	HP_ABNORMALITY_OF_THE_TEMPOROMANDIBULAR_JOINT		16	-0.20718686	-0.635213	0.9527897	1.0	1.0	2772	tags=19%, list=18%, signal=23%	
GOMF_GALACTOSYLTRANSFERASE_ACTIVITY	GOMF_GALACTOSYLTRANSFERASE_ACTIVITY		26	-0.17630954	-0.6313323	0.974359	1.0	1.0	3199	tags=23%, list=21%, signal=29%	
GOMF_NOTCH_BINDING	GOMF_NOTCH_BINDING		22	-0.1887892	-0.63108736	0.9227273	1.0	1.0	2058	tags=18%, list=14%, signal=21%	
GOBP_NEGATIVE_REGULATION_OF_STEM_CELL_PROLIFERATION	GOBP_NEGATIVE_REGULATION_OF_STEM_CELL_PROLIFERATION		17	-0.20487168	-0.6309445	0.9273128	1.0	1.0	2925	tags=24%, list=19%, signal=29%	
GOBP_REGULATION_OF_BIOMINERAL_TISSUE_DEVELOPMENT	GOBP_REGULATION_OF_BIOMINERAL_TISSUE_DEVELOPMENT		84	-0.13844614	-0.63093585	0.9947781	1.0	1.0	2662	tags=17%, list=18%, signal=20%	
HP_ABNORMALITY_OF_FRONTAL_SINUS	HP_ABNORMALITY_OF_FRONTAL_SINUS		15	-0.21012752	-0.6303948	0.9497908	1.0	1.0	3873	tags=33%, list=26%, signal=45%	
GOBP_SMOOTH_MUSCLE_CELL_MIGRATION	GOBP_SMOOTH_MUSCLE_CELL_MIGRATION		63	-0.14703202	-0.62949705	0.99511003	1.0	1.0	2813	tags=17%, list=19%, signal=21%	
HP_ABNORMALITY_THIGH_MUSCULATURE_MORPHOLOGY	HP_ABNORMALITY_THIGH_MUSCULATURE_MORPHOLOGY		16	-0.20540975	-0.629445	0.9222222	1.0	1.0	2908	tags=25%, list=19%, signal=31%	
GOBP_MITOCHONDRIAL_TRANSLATION	GOBP_MITOCHONDRIAL_TRANSLATION		128	-0.12779243	-0.6279801	0.9973753	1.0	1.0	4006	tags=25%, list=27%, signal=34%	
HP_ABNORMAL_AUDITORY_EVOKED_POTENTIALS	HP_ABNORMAL_AUDITORY_EVOKED_POTENTIALS		28	-0.173717	-0.6274903	0.9552573	1.0	1.0	12491	tags=100%, list=83%, signal=576%	
GOCC_CLATHRIN_COAT_OF_COATED_PIT	GOCC_CLATHRIN_COAT_OF_COATED_PIT		16	-0.202878	-0.62611485	0.9328859	1.0	1.0	3845	tags=38%, list=25%, signal=50%	
HP_CHOLESTATIC_LIVER_DISEASE	HP_CHOLESTATIC_LIVER_DISEASE		16	-0.20122999	-0.62581855	0.9504505	1.0	1.0	2947	tags=25%, list=20%, signal=31%	
GOBP_CARDIOBLAST_DIFFERENTIATION	GOBP_CARDIOBLAST_DIFFERENTIATION		16	-0.20699927	-0.62579143	0.93526787	1.0	1.0	3606	tags=31%, list=24%, signal=41%	
GOBP_REGULATION_OF_DNA_DAMAGE_RESPONSE_SIGNAL_TRANSDUCTION_BY_P53_CLASS_MEDIATOR	GOBP_REGULATION_OF_DNA_DAMAGE_RESPONSE_SIGNAL_TRANSDUCTION_BY_P53_CLASS_MEDIATOR		36	-0.16281426	-0.6256592	0.9690476	1.0	1.0	2800	tags=19%, list=19%, signal=24%	
HP_ABNORMAL_ODONTOID_PROCESS_MORPHOLOGY	HP_ABNORMAL_ODONTOID_PROCESS_MORPHOLOGY		33	-0.17023475	-0.62565464	0.97836536	1.0	1.0	5382	tags=42%, list=36%, signal=66%	
GOBP_REGULATION_OF_HOMOTYPIC_CELL_CELL_ADHESION	GOBP_REGULATION_OF_HOMOTYPIC_CELL_CELL_ADHESION		37	-0.16156687	-0.62530696	0.98329353	1.0	1.0	3220	tags=24%, list=21%, signal=31%	
GOBP_PROTEIN_TRANSMEMBRANE_IMPORT_INTO_INTRACELLULAR_ORGANELLE	GOBP_PROTEIN_TRANSMEMBRANE_IMPORT_INTO_INTRACELLULAR_ORGANELLE		42	-0.15909076	-0.62282157	0.9798658	1.0	1.0	4062	tags=29%, list=27%, signal=39%	
GOCC_AZUROPHIL_GRANULE_LUMEN	GOCC_AZUROPHIL_GRANULE_LUMEN		68	-0.14420395	-0.62237054	0.995086	1.0	1.0	3386	tags=25%, list=22%, signal=32%	
HP_FOCAL_AWARE_SEIZURE	HP_FOCAL_AWARE_SEIZURE		25	-0.17917281	-0.6220326	0.9519231	1.0	1.0	2011	tags=16%, list=13%, signal=18%	
HP_POLYNEUROPATHY	HP_POLYNEUROPATHY		56	-0.14595039	-0.6218675	0.98714656	1.0	1.0	5368	tags=45%, list=36%, signal=69%	
GOBP_MEMBRANE_INVAGINATION	GOBP_MEMBRANE_INVAGINATION		52	-0.15036848	-0.62094355	0.98280096	1.0	1.0	3197	tags=21%, list=21%, signal=27%	
GOBP_RESPONSE_TO_FATTY_ACID	GOBP_RESPONSE_TO_FATTY_ACID		47	-0.15361257	-0.62068516	0.9878049	1.0	1.0	2842	tags=17%, list=19%, signal=21%	
GOBP_RESPONSE_TO_HEPATOCYTE_GROWTH_FACTOR	GOBP_RESPONSE_TO_HEPATOCYTE_GROWTH_FACTOR		15	-0.20616098	-0.6202995	0.95878524	1.0	1.0	11999	tags=100%, list=79%, signal=485%	
HP_BIFID_NASAL_TIP	HP_BIFID_NASAL_TIP		16	-0.20474358	-0.61966074	0.93939394	1.0	1.0	3687	tags=25%, list=24%, signal=33%	
GOBP_CHONDROCYTE_DEVELOPMENT	GOBP_CHONDROCYTE_DEVELOPMENT		32	-0.16793506	-0.61936396	0.97494304	1.0	1.0	5767	tags=56%, list=38%, signal=91%	
GOCC_INTEGRATOR_COMPLEX	GOCC_INTEGRATOR_COMPLEX		17	-0.19472603	-0.6192507	0.9558499	1.0	1.0	12172	tags=100%, list=81%, signal=514%	
GOBP_CHROMOSOME_LOCALIZATION	GOBP_CHROMOSOME_LOCALIZATION		114	-0.12678283	-0.61862683	1.0	1.0	1.0	3865	tags=22%, list=26%, signal=29%	
GOBP_INTRACELLULAR_STEROL_TRANSPORT	GOBP_INTRACELLULAR_STEROL_TRANSPORT		26	-0.17710973	-0.61705565	0.95154184	1.0	1.0	3145	tags=23%, list=21%, signal=29%	
HP_METAPHYSEAL_CUPPING	HP_METAPHYSEAL_CUPPING		18	-0.1938095	-0.6164247	0.96781117	1.0	1.0	3754	tags=28%, list=25%, signal=37%	
GOCC_OUTER_MITOCHONDRIAL_MEMBRANE_PROTEIN_COMPLEX	GOCC_OUTER_MITOCHONDRIAL_MEMBRANE_PROTEIN_COMPLEX		20	-0.1873948	-0.61578715	0.9494253	1.0	1.0	4422	tags=40%, list=29%, signal=56%	
GOBP_NEGATIVE_REGULATION_OF_POTASSIUM_ION_TRANSMEMBRANE_TRANSPORT	GOBP_NEGATIVE_REGULATION_OF_POTASSIUM_ION_TRANSMEMBRANE_TRANSPORT		17	-0.19363609	-0.6153523	0.95435685	1.0	1.0	1155	tags=12%, list=8%, signal=13%	
HP_NASOGASTRIC_TUBE_FEEDING_IN_INFANCY	HP_NASOGASTRIC_TUBE_FEEDING_IN_INFANCY		32	-0.16783674	-0.6149807	0.9626168	1.0	1.0	3926	tags=31%, list=26%, signal=42%	
GOBP_REGULATION_OF_BONE_MINERALIZATION	GOBP_REGULATION_OF_BONE_MINERALIZATION		71	-0.13849995	-0.61476547	0.9896373	1.0	1.0	2462	tags=15%, list=16%, signal=18%	
HP_HYPOCHROMIC_ANEMIA	HP_HYPOCHROMIC_ANEMIA		48	-0.1506072	-0.614491	0.98644984	1.0	1.0	2170	tags=15%, list=14%, signal=17%	
GOBP_INTRACELLULAR_PH_REDUCTION	GOBP_INTRACELLULAR_PH_REDUCTION		51	-0.14749743	-0.61386985	0.9950495	1.0	1.0	4546	tags=33%, list=30%, signal=48%	
GOBP_LIPID_DROPLET_ORGANIZATION	GOBP_LIPID_DROPLET_ORGANIZATION		34	-0.16270436	-0.61386925	0.97447795	1.0	1.0	5265	tags=44%, list=35%, signal=68%	
HP_SPASTIC_TETRAPARESIS	HP_SPASTIC_TETRAPARESIS		66	-0.13885139	-0.6131296	0.9864865	1.0	1.0	3998	tags=24%, list=26%, signal=33%	
GOBP_PROTON_MOTIVE_FORCE_DRIVEN_ATP_SYNTHESIS	GOBP_PROTON_MOTIVE_FORCE_DRIVEN_ATP_SYNTHESIS		68	-0.13955143	-0.61275053	0.9894737	1.0	1.0	4730	tags=35%, list=31%, signal=51%	
HP_ABNORMAL_CIRCULATING_HOMOCYSTEINE_CONCENTRATION	HP_ABNORMAL_CIRCULATING_HOMOCYSTEINE_CONCENTRATION		17	-0.20017397	-0.6118006	0.9483871	1.0	1.0	1151	tags=12%, list=8%, signal=13%	
GOBP_DIGESTIVE_TRACT_MORPHOGENESIS	GOBP_DIGESTIVE_TRACT_MORPHOGENESIS		45	-0.15250956	-0.61156297	0.98292685	1.0	1.0	2534	tags=16%, list=17%, signal=19%	
GOBP_REGULATION_OF_RECEPTOR_RECYCLING	GOBP_REGULATION_OF_RECEPTOR_RECYCLING		20	-0.18871103	-0.6112137	0.971564	1.0	1.0	1298	tags=10%, list=9%, signal=11%	
GOMF_ACIDIC_AMINO_ACID_TRANSMEMBRANE_TRANSPORTER_ACTIVITY	GOMF_ACIDIC_AMINO_ACID_TRANSMEMBRANE_TRANSPORTER_ACTIVITY		15	-0.20416072	-0.6104241	0.94505495	1.0	1.0	1334	tags=13%, list=9%, signal=15%	
GOBP_NEGATIVE_REGULATION_OF_CHROMOSOME_SEGREGATION	GOBP_NEGATIVE_REGULATION_OF_CHROMOSOME_SEGREGATION		47	-0.1471128	-0.6100388	0.9905437	1.0	1.0	2409	tags=13%, list=16%, signal=15%	
HP_ABNORMAL_CEREBRAL_ARTERY_MORPHOLOGY	HP_ABNORMAL_CEREBRAL_ARTERY_MORPHOLOGY		58	-0.14203896	-0.60922	0.99511003	1.0	1.0	4496	tags=31%, list=30%, signal=44%	
GOBP_NEGATIVE_REGULATION_OF_ORGANIC_ACID_TRANSPORT	GOBP_NEGATIVE_REGULATION_OF_ORGANIC_ACID_TRANSPORT		17	-0.19133528	-0.6080558	0.9503386	1.0	1.0	3808	tags=29%, list=25%, signal=39%	
GOBP_NEGATIVE_REGULATION_OF_PROTEIN_CONTAINING_COMPLEX_DISASSEMBLY	GOBP_NEGATIVE_REGULATION_OF_PROTEIN_CONTAINING_COMPLEX_DISASSEMBLY		76	-0.13460177	-0.6070017	1.0	1.0	1.0	1444	tags=11%, list=10%, signal=12%	
HP_PSYCHOTIC_EPISODES	HP_PSYCHOTIC_EPISODES		15	-0.20260534	-0.606268	0.9479393	1.0	1.0	2182	tags=20%, list=14%, signal=23%	
HP_INTESTINAL_POLYP	HP_INTESTINAL_POLYP		33	-0.1606382	-0.60542536	0.97715735	1.0	1.0	3119	tags=24%, list=21%, signal=30%	
GOCC_TRANS_GOLGI_NETWORK_TRANSPORT_VESICLE	GOCC_TRANS_GOLGI_NETWORK_TRANSPORT_VESICLE		36	-0.15895635	-0.6052599	0.9858156	1.0	1.0	6254	tags=56%, list=41%, signal=95%	
HP_JAW_HYPERREFLEXIA	HP_JAW_HYPERREFLEXIA		34	-0.16047995	-0.60504997	0.97447795	1.0	1.0	2561	tags=18%, list=17%, signal=21%	
GOBP_NEGATIVE_REGULATION_OF_ACTIVIN_RECEPTOR_SIGNALING_PATHWAY	GOBP_NEGATIVE_REGULATION_OF_ACTIVIN_RECEPTOR_SIGNALING_PATHWAY		16	-0.19812405	-0.60470766	0.9472477	1.0	1.0	2210	tags=19%, list=15%, signal=22%	
HP_CRANIAL_NERVE_COMPRESSION	HP_CRANIAL_NERVE_COMPRESSION		35	-0.15915827	-0.6027665	0.987715	1.0	1.0	4325	tags=34%, list=29%, signal=48%	
GOBP_NEGATIVE_REGULATION_OF_ACTIN_FILAMENT_DEPOLYMERIZATION	GOBP_NEGATIVE_REGULATION_OF_ACTIN_FILAMENT_DEPOLYMERIZATION		41	-0.15658699	-0.60124004	0.9754902	1.0	1.0	1444	tags=12%, list=10%, signal=13%	
GOBP_DNA_DOUBLE_STRAND_BREAK_PROCESSING	GOBP_DNA_DOUBLE_STRAND_BREAK_PROCESSING		17	-0.19197507	-0.6005404	0.95652175	1.0	1.0	5953	tags=41%, list=39%, signal=68%	
GOCC_RESPIRATORY_CHAIN_COMPLEX	GOCC_RESPIRATORY_CHAIN_COMPLEX		98	-0.12541354	-0.5965275	1.0	1.0	1.0	4771	tags=31%, list=32%, signal=44%	
GOBP_FEMALE_MEIOTIC_NUCLEAR_DIVISION	GOBP_FEMALE_MEIOTIC_NUCLEAR_DIVISION		35	-0.15867619	-0.59587663	0.98571426	1.0	1.0	1416	tags=11%, list=9%, signal=13%	
HP_ABNORMALLY_OSSIFIED_VERTEBRAE	HP_ABNORMALLY_OSSIFIED_VERTEBRAE		25	-0.17208436	-0.5958636	0.98062956	1.0	1.0	1567	tags=12%, list=10%, signal=13%	
HP_PROGRESSIVE_CEREBELLAR_ATAXIA	HP_PROGRESSIVE_CEREBELLAR_ATAXIA		54	-0.13938083	-0.59545916	0.99271846	1.0	1.0	1297	tags=9%, list=9%, signal=10%	
GOBP_REGULATION_OF_VIRAL_TRANSCRIPTION	GOBP_REGULATION_OF_VIRAL_TRANSCRIPTION		16	-0.19795781	-0.59511125	0.95194507	1.0	1.0	3607	tags=31%, list=24%, signal=41%	
GOBP_CARDIAC_EPITHELIAL_TO_MESENCHYMAL_TRANSITION	GOBP_CARDIAC_EPITHELIAL_TO_MESENCHYMAL_TRANSITION		32	-0.15847427	-0.59319127	0.98039216	1.0	1.0	1823	tags=13%, list=12%, signal=14%	
HP_COARSE_HAIR	HP_COARSE_HAIR		53	-0.14149742	-0.5919669	0.99038464	1.0	1.0	2612	tags=17%, list=17%, signal=20%	
GOBP_HEPARIN_PROTEOGLYCAN_METABOLIC_PROCESS	GOBP_HEPARIN_PROTEOGLYCAN_METABOLIC_PROCESS		17	-0.18955311	-0.5907481	0.9522727	1.0	1.0	4553	tags=35%, list=30%, signal=50%	
GOBP_MICROTUBULE_ORGANIZING_CENTER_LOCALIZATION	GOBP_MICROTUBULE_ORGANIZING_CENTER_LOCALIZATION		31	-0.16063184	-0.5882336	0.9879227	1.0	1.0	4463	tags=29%, list=30%, signal=41%	
GOCC_MYOSIN_II_COMPLEX	GOCC_MYOSIN_II_COMPLEX		16	-0.19187196	-0.5874975	0.96263736	1.0	1.0	2827	tags=19%, list=19%, signal=23%	
HP_HYPOCHROMIC_MICROCYTIC_ANEMIA	HP_HYPOCHROMIC_MICROCYTIC_ANEMIA		15	-0.19487464	-0.5869399	0.9622222	1.0	1.0	3753	tags=33%, list=25%, signal=44%	
HP_HYPOTHALAMIC_HAMARTOMA	HP_HYPOTHALAMIC_HAMARTOMA		17	-0.18584608	-0.5862748	0.9603524	1.0	1.0	2685	tags=18%, list=18%, signal=21%	
GOCC_ORGANELLAR_RIBOSOME	GOCC_ORGANELLAR_RIBOSOME		83	-0.12629859	-0.5849572	1.0	1.0	1.0	4006	tags=25%, list=27%, signal=34%	
HP_CEREBRAL_HAMARTOMA	HP_CEREBRAL_HAMARTOMA		17	-0.18584608	-0.5813554	0.9668874	1.0	1.0	2685	tags=18%, list=18%, signal=21%	
GOBP_POSITIVE_REGULATION_OF_SMAD_PROTEIN_SIGNAL_TRANSDUCTION	GOBP_POSITIVE_REGULATION_OF_SMAD_PROTEIN_SIGNAL_TRANSDUCTION		30	-0.15933841	-0.58118033	0.9813084	1.0	1.0	4729	tags=40%, list=31%, signal=58%	
GOBP_REGULATION_OF_DNA_TEMPLATED_TRANSCRIPTION_INITIATION	GOBP_REGULATION_OF_DNA_TEMPLATED_TRANSCRIPTION_INITIATION		76	-0.12680896	-0.5802675	0.9974811	1.0	1.0	2922	tags=17%, list=19%, signal=21%	
GOCC_SECONDARY_LYSOSOME	GOCC_SECONDARY_LYSOSOME		21	-0.1750276	-0.57736367	0.9757174	1.0	1.0	3704	tags=29%, list=25%, signal=38%	
HP_ABNORMAL_SPINAL_MENINGEAL_MORPHOLOGY	HP_ABNORMAL_SPINAL_MENINGEAL_MORPHOLOGY		18	-0.18181393	-0.57696295	0.96478873	1.0	1.0	4248	tags=39%, list=28%, signal=54%	
HP_ABNORMALITY_OF_VITAMIN_D_METABOLISM	HP_ABNORMALITY_OF_VITAMIN_D_METABOLISM		41	-0.14485905	-0.5729739	0.9954751	1.0	1.0	2170	tags=15%, list=14%, signal=17%	
GOBP_REGULATION_OF_REACTIVE_OXYGEN_SPECIES_BIOSYNTHETIC_PROCESS	GOBP_REGULATION_OF_REACTIVE_OXYGEN_SPECIES_BIOSYNTHETIC_PROCESS		34	-0.14934193	-0.57283795	0.98806685	1.0	1.0	1393	tags=12%, list=9%, signal=13%	
GOBP_CELLULAR_RESPONSE_TO_REACTIVE_NITROGEN_SPECIES	GOBP_CELLULAR_RESPONSE_TO_REACTIVE_NITROGEN_SPECIES		17	-0.17918213	-0.5727124	0.9863326	1.0	1.0	3461	tags=29%, list=23%, signal=38%	
GOBP_RESPONSE_TO_LIPOPROTEIN_PARTICLE	GOBP_RESPONSE_TO_LIPOPROTEIN_PARTICLE		26	-0.16404317	-0.56807756	0.986014	1.0	1.0	3924	tags=27%, list=26%, signal=36%	
GOBP_POSITIVE_REGULATION_OF_MACROPHAGE_ACTIVATION	GOBP_POSITIVE_REGULATION_OF_MACROPHAGE_ACTIVATION		23	-0.16813213	-0.56671363	0.97317076	1.0	1.0	1882	tags=13%, list=12%, signal=15%	
GOBP_REGULATION_OF_ESTABLISHMENT_OR_MAINTENANCE_OF_CELL_POLARITY	GOBP_REGULATION_OF_ESTABLISHMENT_OR_MAINTENANCE_OF_CELL_POLARITY		24	-0.16429305	-0.5664478	0.9835294	1.0	1.0	3596	tags=25%, list=24%, signal=33%	
GOBP_RESPONSE_TO_HYPEROXIA	GOBP_RESPONSE_TO_HYPEROXIA		17	-0.18173988	-0.56489927	0.9701835	1.0	1.0	12368	tags=100%, list=82%, signal=550%	
GOBP_SUPPRESSION_OF_VIRAL_RELEASE_BY_HOST	GOBP_SUPPRESSION_OF_VIRAL_RELEASE_BY_HOST		15	-0.18739292	-0.56437415	0.9770115	1.0	1.0	2688	tags=20%, list=18%, signal=24%	
GOBP_RESCUE_OF_STALLED_RIBOSOME	GOBP_RESCUE_OF_STALLED_RIBOSOME		35	-0.14750864	-0.56380093	0.99282295	1.0	1.0	5697	tags=43%, list=38%, signal=69%	
GOBP_POSITIVE_REGULATION_OF_LAMELLIPODIUM_ASSEMBLY	GOBP_POSITIVE_REGULATION_OF_LAMELLIPODIUM_ASSEMBLY		28	-0.15953183	-0.560948	0.9928741	1.0	1.0	41	tags=4%, list=0%, signal=4%	
GOBP_CHAPERONE_MEDIATED_PROTEIN_COMPLEX_ASSEMBLY	GOBP_CHAPERONE_MEDIATED_PROTEIN_COMPLEX_ASSEMBLY		20	-0.17507799	-0.56077296	0.97209305	1.0	1.0	2954	tags=20%, list=20%, signal=25%	
HP_LIVEDO	HP_LIVEDO		15	-0.18376465	-0.5598571	0.9722222	1.0	1.0	2204	tags=20%, list=15%, signal=23%	
HP_EVERTED_UPPER_LIP_VERMILION	HP_EVERTED_UPPER_LIP_VERMILION		17	-0.18156528	-0.5592883	0.9909707	1.0	1.0	4744	tags=47%, list=31%, signal=69%	
HP_TONGUE_NODULES	HP_TONGUE_NODULES		15	-0.18223725	-0.5569562	0.9727891	1.0	1.0	1814	tags=13%, list=12%, signal=15%	
GOBP_MITOTIC_SISTER_CHROMATID_COHESION	GOBP_MITOTIC_SISTER_CHROMATID_COHESION		26	-0.16307895	-0.55581737	0.98547214	1.0	1.0	1774	tags=12%, list=12%, signal=13%	
GOMF_SNAP_RECEPTOR_ACTIVITY	GOMF_SNAP_RECEPTOR_ACTIVITY		33	-0.14813282	-0.5555562	0.9898219	1.0	1.0	5264	tags=48%, list=35%, signal=74%	
HP_ABNORMAL_PROXIMAL_PHALANX_MORPHOLOGY_OF_THE_HAND	HP_ABNORMAL_PROXIMAL_PHALANX_MORPHOLOGY_OF_THE_HAND		27	-0.1561946	-0.555006	0.992629	1.0	1.0	3119	tags=22%, list=21%, signal=28%	
GOMF_CULLIN_FAMILY_PROTEIN_BINDING	GOMF_CULLIN_FAMILY_PROTEIN_BINDING		22	-0.16610177	-0.5538609	0.97577095	1.0	1.0	4556	tags=27%, list=30%, signal=39%	
GOBP_RESPONSE_TO_ARSENIC_CONTAINING_SUBSTANCE	GOBP_RESPONSE_TO_ARSENIC_CONTAINING_SUBSTANCE		27	-0.15567194	-0.55098975	0.9861432	1.0	1.0	12763	tags=100%, list=84%, signal=643%	
HP_ABNORMAL_CIRCULATING_PROTEINOGENIC_AMINO_ACID_DERIVATIVE_CONCENTRATION	HP_ABNORMAL_CIRCULATING_PROTEINOGENIC_AMINO_ACID_DERIVATIVE_CONCENTRATION		72	-0.12252325	-0.549695	1.0	1.0	1.0	3591	tags=22%, list=24%, signal=29%	
HP_DECREASED_PROPORTION_OF_CD4_POSITIVE_T_CELLS	HP_DECREASED_PROPORTION_OF_CD4_POSITIVE_T_CELLS		33	-0.14681165	-0.549269	0.9930394	1.0	1.0	4645	tags=33%, list=31%, signal=48%	
HP_PEDAL_EDEMA	HP_PEDAL_EDEMA		45	-0.13513754	-0.5467789	0.9976415	1.0	1.0	2557	tags=13%, list=17%, signal=16%	
HP_DYSESTHESIA	HP_DYSESTHESIA		18	-0.16987817	-0.5433211	0.9866667	1.0	1.0	5031	tags=44%, list=33%, signal=67%	
GOBP_AEROBIC_RESPIRATION	GOBP_AEROBIC_RESPIRATION		171	-0.10385818	-0.5424417	1.0	1.0	1.0	4771	tags=30%, list=32%, signal=44%	
GOMF_MYOSIN_V_BINDING	GOMF_MYOSIN_V_BINDING		16	-0.18023853	-0.5415006	0.981352	1.0	1.0	3689	tags=31%, list=24%, signal=41%	
GOBP_DE_NOVO_POST_TRANSLATIONAL_PROTEIN_FOLDING	GOBP_DE_NOVO_POST_TRANSLATIONAL_PROTEIN_FOLDING		30	-0.14912258	-0.5410568	1.0	1.0	1.0	5033	tags=40%, list=33%, signal=60%	
HP_MENORRHAGIA	HP_MENORRHAGIA		30	-0.15103258	-0.53940856	0.9951923	1.0	1.0	4599	tags=33%, list=30%, signal=48%	
GOBP_POSITIVE_REGULATION_OF_G1_S_TRANSITION_OF_MITOTIC_CELL_CYCLE	GOBP_POSITIVE_REGULATION_OF_G1_S_TRANSITION_OF_MITOTIC_CELL_CYCLE		38	-0.13746774	-0.53390455	0.9973958	1.0	1.0	433	tags=5%, list=3%, signal=5%	
GOBP_REGULATION_OF_MITOTIC_SISTER_CHROMATID_SEGREGATION	GOBP_REGULATION_OF_MITOTIC_SISTER_CHROMATID_SEGREGATION		52	-0.12641639	-0.53049666	1.0	1.0	1.0	3741	tags=19%, list=25%, signal=25%	
HP_DECREASED_CIRCULATING_VITAMIN_D_CONCENTRATION	HP_DECREASED_CIRCULATING_VITAMIN_D_CONCENTRATION		29	-0.14571798	-0.530087	0.99763036	1.0	1.0	3767	tags=24%, list=25%, signal=32%	
GOBP_MITOTIC_SISTER_CHROMATID_SEPARATION	GOBP_MITOTIC_SISTER_CHROMATID_SEPARATION		57	-0.12344132	-0.5281168	0.99506176	1.0	1.0	4205	tags=23%, list=28%, signal=31%	
HP_PERIVENTRICULAR_WHITE_MATTER_HYPERINTENSITIES	HP_PERIVENTRICULAR_WHITE_MATTER_HYPERINTENSITIES		22	-0.15670493	-0.5249801	0.993007	1.0	1.0	5181	tags=41%, list=34%, signal=62%	
GOBP_RELAXATION_OF_MUSCLE	GOBP_RELAXATION_OF_MUSCLE		27	-0.1477518	-0.524965	0.9929578	1.0	1.0	3877	tags=26%, list=26%, signal=35%	
GOBP_PLATELET_MORPHOGENESIS	GOBP_PLATELET_MORPHOGENESIS		19	-0.16003285	-0.5194127	0.9885321	1.0	1.0	4466	tags=37%, list=30%, signal=52%	
GOCC_INO80_TYPE_COMPLEX	GOCC_INO80_TYPE_COMPLEX		25	-0.14834455	-0.5187366	0.9976852	1.0	1.0	3590	tags=28%, list=24%, signal=37%	
GOBP_NEGATIVE_REGULATION_OF_DEFENSE_RESPONSE_TO_VIRUS	GOBP_NEGATIVE_REGULATION_OF_DEFENSE_RESPONSE_TO_VIRUS		16	-0.16710545	-0.51343685	0.9882075	1.0	1.0	4211	tags=31%, list=28%, signal=43%	
HP_EMBRYONAL_RENAL_NEOPLASM	HP_EMBRYONAL_RENAL_NEOPLASM		36	-0.13636267	-0.51231205	1.0	1.0	1.0	1612	tags=11%, list=11%, signal=12%	
GOMF_DNA_POLYMERASE_BINDING	GOMF_DNA_POLYMERASE_BINDING		18	-0.16234612	-0.5103784	0.99105144	1.0	1.0	4119	tags=28%, list=27%, signal=38%	
GOCC_MITOCHONDRIAL_SMALL_RIBOSOMAL_SUBUNIT	GOCC_MITOCHONDRIAL_SMALL_RIBOSOMAL_SUBUNIT		30	-0.13870764	-0.509136	0.99531615	1.0	1.0	1063	tags=10%, list=7%, signal=11%	
HP_ABNORMAL_BRAINSTEM_MRI_SIGNAL_INTENSITY	HP_ABNORMAL_BRAINSTEM_MRI_SIGNAL_INTENSITY		39	-0.12845036	-0.50411946	1.0	1.0	1.0	4730	tags=33%, list=31%, signal=48%	
GOBP_PLASMA_MEMBRANE_TUBULATION	GOBP_PLASMA_MEMBRANE_TUBULATION		18	-0.15647462	-0.5015413	0.9976852	1.0	1.0	3010	tags=22%, list=20%, signal=28%	
HP_OPTIC_NEUROPATHY	HP_OPTIC_NEUROPATHY		51	-0.11727207	-0.49673954	1.0	1.0	1.0	13345	tags=100%, list=88%, signal=853%	
GOCC_H4_H2A_HISTONE_ACETYLTRANSFERASE_COMPLEX	GOCC_H4_H2A_HISTONE_ACETYLTRANSFERASE_COMPLEX		24	-0.14303829	-0.49360457	0.9957537	1.0	1.0	3759	tags=25%, list=25%, signal=33%	
GOMF_HISTONE_H4_ACETYLTRANSFERASE_ACTIVITY	GOMF_HISTONE_H4_ACETYLTRANSFERASE_ACTIVITY		17	-0.16042303	-0.4911826	0.99553573	1.0	1.0	4700	tags=35%, list=31%, signal=51%	
GOBP_CELLULAR_RESPONSE_TO_ARSENIC_CONTAINING_SUBSTANCE	GOBP_CELLULAR_RESPONSE_TO_ARSENIC_CONTAINING_SUBSTANCE		15	-0.16066024	-0.4880367	0.99071926	1.0	1.0	4507	tags=27%, list=30%, signal=38%	
GOMF_GENERAL_TRANSCRIPTION_INITIATION_FACTOR_ACTIVITY	GOMF_GENERAL_TRANSCRIPTION_INITIATION_FACTOR_ACTIVITY		48	-0.12064013	-0.48747078	1.0	1.0	1.0	2929	tags=17%, list=19%, signal=21%	
GOCC_MITOCHONDRIAL_LARGE_RIBOSOMAL_SUBUNIT	GOCC_MITOCHONDRIAL_LARGE_RIBOSOMAL_SUBUNIT		53	-0.11716918	-0.48635224	1.0	1.0	1.0	4006	tags=23%, list=27%, signal=31%	
GOBP_ANAPHASE_PROMOTING_COMPLEX_DEPENDENT_CATABOLIC_PROCESS	GOBP_ANAPHASE_PROMOTING_COMPLEX_DEPENDENT_CATABOLIC_PROCESS		24	-0.14039506	-0.48374507	0.99779737	1.0	1.0	12993	tags=100%, list=86%, signal=713%	
GOBP_REGULATION_OF_ENDOCYTIC_RECYCLING	GOBP_REGULATION_OF_ENDOCYTIC_RECYCLING		21	-0.14585496	-0.48253673	0.9976744	1.0	1.0	11222	tags=95%, list=74%, signal=370%	
GOBP_REGULATION_OF_MICROTUBULE_DEPOLYMERIZATION	GOBP_REGULATION_OF_MICROTUBULE_DEPOLYMERIZATION		32	-0.13035305	-0.4769203	0.9976247	1.0	1.0	4842	tags=34%, list=32%, signal=50%	
HP_ELEVATED_LACTATE_PYRUVATE_RATIO	HP_ELEVATED_LACTATE_PYRUVATE_RATIO		22	-0.14121933	-0.47331056	0.9930556	1.0	1.0	3728	tags=27%, list=25%, signal=36%	
GOMF_L_ASCORBIC_ACID_BINDING	GOMF_L_ASCORBIC_ACID_BINDING		20	-0.14482118	-0.4706399	0.99776286	1.0	1.0	2955	tags=20%, list=20%, signal=25%	
HP_MITOCHONDRIAL_INHERITANCE	HP_MITOCHONDRIAL_INHERITANCE		16	-0.15191467	-0.46526965	0.99550563	1.0	1.0	12818	tags=100%, list=85%, signal=659%	
GOBP_PROTEIN_LOCALIZATION_TO_CHROMOSOME_CENTROMERIC_REGION	GOBP_PROTEIN_LOCALIZATION_TO_CHROMOSOME_CENTROMERIC_REGION		30	-0.12675329	-0.46119377	0.9977728	1.0	1.0	3333	tags=17%, list=22%, signal=21%	
HP_PAIN_INSENSITIVITY	HP_PAIN_INSENSITIVITY		25	-0.13184564	-0.46097195	0.99766356	1.0	1.0	5194	tags=40%, list=34%, signal=61%	
HP_HAMARTOMA_OF_THE_EYE	HP_HAMARTOMA_OF_THE_EYE		15	-0.15137462	-0.4570594	1.0	1.0	1.0	12826	tags=100%, list=85%, signal=661%	
GOBP_PROTEIN_BRANCHED_POLYUBIQUITINATION	GOBP_PROTEIN_BRANCHED_POLYUBIQUITINATION		19	-0.14034855	-0.45626438	0.9953488	0.9997967	1.0	12993	tags=100%, list=86%, signal=713%	
GOBP_NEGATIVE_REGULATION_OF_DNA_REPLICATION	GOBP_NEGATIVE_REGULATION_OF_DNA_REPLICATION		21	-0.13475628	-0.44329956	1.0	0.99986583	1.0	437	tags=5%, list=3%, signal=5%	
HP_VASCULAR_TORTUOSITY	HP_VASCULAR_TORTUOSITY		29	-0.11677863	-0.4180621	1.0	0.9999795	1.0	5567	tags=41%, list=37%, signal=65%	
GOBP_NEGATIVE_REGULATION_OF_MUSCLE_CONTRACTION	GOBP_NEGATIVE_REGULATION_OF_MUSCLE_CONTRACTION		20	-0.12813598	-0.4135377	0.99764705	0.99977064	1.0	3950	tags=25%, list=26%, signal=34%	
