NAME	GS<br> follow link to MSigDB	GS DETAILS	SIZE	ES	NES	NOM p-val	FDR q-val	FWER p-val	RANK AT MAX	LEADING EDGE	
GOBP_AXONEME_ASSEMBLY	GOBP_AXONEME_ASSEMBLY	Details ...	97	0.577523	2.5678864	0.0	0.0	0.0	3232	tags=58%, list=21%, signal=73%	
GOBP_AXONEMAL_DYNEIN_COMPLEX_ASSEMBLY	GOBP_AXONEMAL_DYNEIN_COMPLEX_ASSEMBLY	Details ...	37	0.68366927	2.4906356	0.0	8.4355654E-4	0.002	2820	tags=70%, list=19%, signal=86%	
GOCC_9PLUS2_MOTILE_CILIUM	GOCC_9PLUS2_MOTILE_CILIUM	Details ...	193	0.5008668	2.45873	0.0	8.42333E-4	0.003	4783	tags=60%, list=32%, signal=87%	
HP_CHRONIC_SINUSITIS	HP_CHRONIC_SINUSITIS	Details ...	60	0.603021	2.4382439	0.0	6.3174975E-4	0.003	2820	tags=58%, list=19%, signal=71%	
GOCC_CILIARY_PLASM	GOCC_CILIARY_PLASM	Details ...	170	0.5040007	2.4353714	0.0	5.053998E-4	0.003	3607	tags=54%, list=24%, signal=70%	
HP_ABNORMAL_SPERM_PHYSIOLOGY	HP_ABNORMAL_SPERM_PHYSIOLOGY	Details ...	98	0.54712653	2.4041634	0.0	4.211665E-4	0.003	3213	tags=52%, list=21%, signal=66%	
GOCC_AXONEMAL_DYNEIN_COMPLEX	GOCC_AXONEMAL_DYNEIN_COMPLEX	Details ...	20	0.7569036	2.393308	0.0	3.6099984E-4	0.003	2594	tags=75%, list=17%, signal=90%	
GOCC_MOTILE_CILIUM	GOCC_MOTILE_CILIUM	Details ...	265	0.47031	2.3733537	0.0	3.1587487E-4	0.003	3245	tags=44%, list=21%, signal=55%	
HP_RECURRENT_MYCOBACTERIAL_INFECTIONS	HP_RECURRENT_MYCOBACTERIAL_INFECTIONS	Details ...	52	0.60719997	2.3697743	0.0	2.8077766E-4	0.003	3834	tags=63%, list=25%, signal=85%	
GOBP_CILIUM_MOVEMENT	GOBP_CILIUM_MOVEMENT	Details ...	213	0.47743773	2.3639858	0.0	2.526999E-4	0.003	4033	tags=51%, list=27%, signal=69%	
HP_ABNORMAL_ATRIAL_ARRANGEMENT	HP_ABNORMAL_ATRIAL_ARRANGEMENT	Details ...	43	0.6263591	2.3527963	0.0	2.2972717E-4	0.003	3834	tags=70%, list=25%, signal=93%	
HP_ABNORMAL_RESPIRATORY_MOTILE_CILIUM_PHYSIOLOGY	HP_ABNORMAL_RESPIRATORY_MOTILE_CILIUM_PHYSIOLOGY	Details ...	33	0.6667737	2.3513198	0.0	2.1058325E-4	0.003	2716	tags=67%, list=18%, signal=81%	
HP_WHEEZING	HP_WHEEZING	Details ...	55	0.5897965	2.3334875	0.0	2.5928198E-4	0.004	2716	tags=53%, list=18%, signal=64%	
HP_ABNORMAL_NASAL_MUCOSA_MORPHOLOGY	HP_ABNORMAL_NASAL_MUCOSA_MORPHOLOGY	Details ...	62	0.57714736	2.3184524	0.0	3.0094988E-4	0.005	2716	tags=52%, list=18%, signal=63%	
GOCC_AXONEMAL_DOUBLET_MICROTUBULE	GOCC_AXONEMAL_DOUBLET_MICROTUBULE	Details ...	42	0.6017678	2.2970397	0.0	3.923839E-4	0.007	4029	tags=71%, list=27%, signal=97%	
HP_FEMALE_INFERTILITY	HP_FEMALE_INFERTILITY	Details ...	63	0.56025594	2.2944868	0.0	4.2033137E-4	0.008	4489	tags=65%, list=30%, signal=92%	
HP_DYNEIN_ARM_DEFECT_OF_RESPIRATORY_MOTILE_CILIA	HP_DYNEIN_ARM_DEFECT_OF_RESPIRATORY_MOTILE_CILIA	Details ...	17	0.76687557	2.2492166	0.0	8.4087E-4	0.017	2564	tags=82%, list=17%, signal=99%	
HP_ABNORMAL_INFERIOR_VENA_CAVA_MORPHOLOGY	HP_ABNORMAL_INFERIOR_VENA_CAVA_MORPHOLOGY	Details ...	44	0.5925999	2.2481532	0.0	8.4159826E-4	0.018	2716	tags=57%, list=18%, signal=69%	
GOBP_CILIUM_OR_FLAGELLUM_DEPENDENT_CELL_MOTILITY	GOBP_CILIUM_OR_FLAGELLUM_DEPENDENT_CELL_MOTILITY	Details ...	174	0.46665874	2.2481413	0.0	7.9730357E-4	0.018	4033	tags=51%, list=27%, signal=69%	
GOBP_MICROTUBULE_BUNDLE_FORMATION	GOBP_MICROTUBULE_BUNDLE_FORMATION	Details ...	125	0.48564172	2.2348583	0.0	0.0010078992	0.024	3232	tags=50%, list=21%, signal=63%	
HP_APLASIA_HYPOPLASIA_OF_THE_SPLEEN	HP_APLASIA_HYPOPLASIA_OF_THE_SPLEEN		83	0.51386064	2.2211065	0.0	0.0012006958	0.029	3974	tags=55%, list=26%, signal=75%	
GOBP_KERATINIZATION	GOBP_KERATINIZATION		30	0.63807184	2.219372	0.0	0.00118453	0.03	3269	tags=63%, list=22%, signal=81%	
HP_RECURRENT_SINOPULMONARY_INFECTIONS	HP_RECURRENT_SINOPULMONARY_INFECTIONS		55	0.56388366	2.2193596	0.0	0.0011330287	0.03	3834	tags=60%, list=25%, signal=80%	
HP_PRODUCTIVE_COUGH	HP_PRODUCTIVE_COUGH		57	0.550249	2.2097723	0.0	0.0013660305	0.038	2945	tags=51%, list=19%, signal=63%	
HP_NASAL_CONGESTION	HP_NASAL_CONGESTION		52	0.5603038	2.2019784	0.0	0.0014117901	0.041	2716	tags=52%, list=18%, signal=63%	
HP_DECREASED_FERTILITY_IN_MALES	HP_DECREASED_FERTILITY_IN_MALES		173	0.45126167	2.201315	0.0	0.0013574905	0.041	3260	tags=40%, list=22%, signal=51%	
HP_ABNORMAL_SPUTUM	HP_ABNORMAL_SPUTUM		96	0.49622175	2.1826186	0.0	0.0018680502	0.057	2716	tags=41%, list=18%, signal=49%	
HP_INFERTILITY	HP_INFERTILITY		231	0.4372014	2.175971	0.0	0.0019516444	0.062	3260	tags=39%, list=22%, signal=48%	
GOBP_AROMATIC_AMINO_ACID_FAMILY_CATABOLIC_PROCESS	GOBP_AROMATIC_AMINO_ACID_FAMILY_CATABOLIC_PROCESS		21	0.68224186	2.1747684	0.0	0.0019426135	0.064	2812	tags=67%, list=19%, signal=82%	
GOBP_MOTILE_CILIUM_ASSEMBLY	GOBP_MOTILE_CILIUM_ASSEMBLY		76	0.5188574	2.1717417	0.0	0.0019337557	0.066	2100	tags=39%, list=14%, signal=46%	
GOBP_ANTIGEN_PROCESSING_AND_PRESENTATION_OF_PEPTIDE_ANTIGEN_VIA_MHC_CLASS_I	GOBP_ANTIGEN_PROCESSING_AND_PRESENTATION_OF_PEPTIDE_ANTIGEN_VIA_MHC_CLASS_I		30	0.6249338	2.1677828	0.0	0.002033217	0.072	1982	tags=47%, list=13%, signal=54%	
GOCC_AXONEMAL_MICROTUBULE	GOCC_AXONEMAL_MICROTUBULE		48	0.57113665	2.161091	0.0	0.0022853268	0.083	3174	tags=60%, list=21%, signal=76%	
GOBP_OUTER_DYNEIN_ARM_ASSEMBLY	GOBP_OUTER_DYNEIN_ARM_ASSEMBLY		20	0.68835336	2.1460402	0.0	0.0026759421	0.1	2820	tags=75%, list=19%, signal=92%	
HP_RECURRENT_BACTERIAL_INFECTIONS	HP_RECURRENT_BACTERIAL_INFECTIONS		167	0.45129046	2.1457736	0.0	0.0025972377	0.1	3982	tags=46%, list=26%, signal=61%	
HP_TRANSPOSITION_OF_THE_GREAT_ARTERIES	HP_TRANSPOSITION_OF_THE_GREAT_ARTERIES		69	0.5151429	2.1448815	0.0	0.0025707001	0.102	2716	tags=48%, list=18%, signal=58%	
HP_OBSTRUCTIVE_AZOOSPERMIA	HP_OBSTRUCTIVE_AZOOSPERMIA		26	0.643826	2.1391919	0.0	0.0028502713	0.115	4074	tags=69%, list=27%, signal=95%	
HP_DECREASED_FERTILITY_IN_FEMALES	HP_DECREASED_FERTILITY_IN_FEMALES		77	0.49981633	2.1370635	0.0	0.0028868208	0.119	4489	tags=60%, list=30%, signal=85%	
HP_POLYSPLENIA	HP_POLYSPLENIA		56	0.536445	2.1304455	0.0	0.0031210533	0.131	3965	tags=63%, list=26%, signal=84%	
HP_ABNORMAL_RESPIRATORY_EPITHELIUM_MORPHOLOGY	HP_ABNORMAL_RESPIRATORY_EPITHELIUM_MORPHOLOGY		25	0.6420359	2.1276402	0.0	0.0031271037	0.135	2716	tags=64%, list=18%, signal=78%	
GOBP_LYMPHOCYTE_CHEMOTAXIS	GOBP_LYMPHOCYTE_CHEMOTAXIS		32	0.6108815	2.1203132	0.0	0.0032581268	0.145	3444	tags=66%, list=23%, signal=85%	
HP_COILED_SPERM_FLAGELLA	HP_COILED_SPERM_FLAGELLA		32	0.5934079	2.1129348	0.0	0.003445617	0.155	4027	tags=63%, list=27%, signal=85%	
GOCC_REPLICATION_FORK	GOCC_REPLICATION_FORK		70	0.5051638	2.1043117	0.0	0.0037831783	0.171	2798	tags=37%, list=19%, signal=45%	
GOMF_MINUS_END_DIRECTED_MICROTUBULE_MOTOR_ACTIVITY	GOMF_MINUS_END_DIRECTED_MICROTUBULE_MOTOR_ACTIVITY		17	0.7116913	2.1020534	0.0	0.0038523527	0.177	2716	tags=65%, list=18%, signal=79%	
HP_FUNCTIONAL_ABNORMALITY_OF_MALE_INTERNAL_GENITALIA	HP_FUNCTIONAL_ABNORMALITY_OF_MALE_INTERNAL_GENITALIA		228	0.42195672	2.096392	0.0	0.00395605	0.187	3260	tags=39%, list=22%, signal=49%	
HP_CHRONIC_RHINITIS	HP_CHRONIC_RHINITIS		54	0.533575	2.094813	0.0	0.0039055543	0.189	3850	tags=59%, list=25%, signal=79%	
HP_ABNORMAL_GERM_CELL_MORPHOLOGY	HP_ABNORMAL_GERM_CELL_MORPHOLOGY		57	0.53008527	2.0921838	0.0	0.0039487532	0.195	4074	tags=53%, list=27%, signal=72%	
GOCC_KERATIN_FILAMENT	GOCC_KERATIN_FILAMENT		23	0.6510936	2.0860662	0.0	0.00420458	0.209	3258	tags=65%, list=22%, signal=83%	
HP_CONGENITAL_MALFORMATION_OF_THE_RIGHT_HEART	HP_CONGENITAL_MALFORMATION_OF_THE_RIGHT_HEART		81	0.48702565	2.0791137	0.0	0.004502803	0.225	3255	tags=47%, list=22%, signal=59%	
GOBP_INTERLEUKIN_12_PRODUCTION	GOBP_INTERLEUKIN_12_PRODUCTION		42	0.5554291	2.0787518	0.0	0.004427984	0.225	3592	tags=60%, list=24%, signal=78%	
GOCC_DYNEIN_COMPLEX	GOCC_DYNEIN_COMPLEX		50	0.5433844	2.0767105	0.0	0.004575054	0.235	2944	tags=52%, list=19%, signal=64%	
GOBP_SPERM_FLAGELLUM_ASSEMBLY	GOBP_SPERM_FLAGELLUM_ASSEMBLY		52	0.5217126	2.0683186	0.0	0.00509725	0.264	2997	tags=46%, list=20%, signal=57%	
HP_ABNORMAL_NAIL_ATTACHMENT	HP_ABNORMAL_NAIL_ATTACHMENT		20	0.6577744	2.0604267	0.0	0.005808392	0.295	2937	tags=60%, list=19%, signal=74%	
HP_ATELECTASIS	HP_ATELECTASIS		66	0.49892592	2.0579221	0.0	0.005921512	0.306	2716	tags=45%, list=18%, signal=55%	
GOBP_CEREBROSPINAL_FLUID_CIRCULATION	GOBP_CEREBROSPINAL_FLUID_CIRCULATION		17	0.68917197	2.0525374	0.0	0.0063094986	0.328	3575	tags=82%, list=24%, signal=108%	
HP_AIRWAY_OBSTRUCTION	HP_AIRWAY_OBSTRUCTION		108	0.4545047	2.046863	0.0	0.006776016	0.356	2716	tags=37%, list=18%, signal=45%	
GOCC_CORNIFIED_ENVELOPE	GOCC_CORNIFIED_ENVELOPE		32	0.5728641	2.0452037	0.0	0.006849564	0.363	3269	tags=56%, list=22%, signal=72%	
HP_DECREASED_FERTILITY	HP_DECREASED_FERTILITY		283	0.3968535	2.0343115	0.0	0.0077040433	0.405	3260	tags=36%, list=22%, signal=45%	
HP_ABNORMAL_SPERM_TAIL_MORPHOLOGY	HP_ABNORMAL_SPERM_TAIL_MORPHOLOGY		43	0.5358625	2.0116844	0.0	0.010427912	0.513	4027	tags=56%, list=27%, signal=76%	
HP_DECREASED_NASAL_NITRIC_OXIDE	HP_DECREASED_NASAL_NITRIC_OXIDE		25	0.6080019	2.0053766	0.0	0.01110607	0.538	3834	tags=84%, list=25%, signal=112%	
GOBP_EXTRACELLULAR_TRANSPORT	GOBP_EXTRACELLULAR_TRANSPORT		51	0.5174373	2.0043254	0.0	0.01100495	0.542	2760	tags=43%, list=18%, signal=53%	
GOBP_ALPHA_BETA_T_CELL_PROLIFERATION	GOBP_ALPHA_BETA_T_CELL_PROLIFERATION		29	0.59220034	2.003553	0.0	0.010893273	0.546	2867	tags=59%, list=19%, signal=72%	
GOMF_IMMUNE_RECEPTOR_ACTIVITY	GOMF_IMMUNE_RECEPTOR_ACTIVITY		92	0.45686385	1.999978	0.0	0.011355649	0.569	3423	tags=46%, list=23%, signal=59%	
HP_CHRONIC_BRONCHITIS	HP_CHRONIC_BRONCHITIS		28	0.5856427	1.9925833	0.0	0.012283477	0.604	1953	tags=50%, list=13%, signal=57%	
GOCC_AXONEMAL_A_TUBULE_INNER_SHEATH	GOCC_AXONEMAL_A_TUBULE_INNER_SHEATH		27	0.5810435	1.9881881	0.0	0.012853464	0.621	3543	tags=63%, list=23%, signal=82%	
GOBP_B_CELL_MEDIATED_IMMUNITY	GOBP_B_CELL_MEDIATED_IMMUNITY		94	0.44865438	1.9842337	0.0	0.013445232	0.642	3423	tags=39%, list=23%, signal=51%	
GOBP_ADAPTIVE_IMMUNE_RESPONSE_BASED_ON_SOMATIC_RECOMBINATION_OF_IMMUNE_RECEPTORS_BUILT_FROM_IMMUNOGLOBULIN_SUPERFAMILY_DOMAINS	GOBP_ADAPTIVE_IMMUNE_RESPONSE_BASED_ON_SOMATIC_RECOMBINATION_OF_IMMUNE_RECEPTORS_BUILT_FROM_IMMUNOGLOBULIN_SUPERFAMILY_DOMAINS		236	0.3930655	1.9816666	0.0	0.013789872	0.659	3423	tags=38%, list=23%, signal=48%	
HP_ABNORMAL_ENDOCARDIUM_MORPHOLOGY	HP_ABNORMAL_ENDOCARDIUM_MORPHOLOGY		49	0.5037243	1.9808211	0.0	0.013709886	0.662	4641	tags=61%, list=31%, signal=88%	
HP_SHORT_SPERM_FLAGELLA	HP_SHORT_SPERM_FLAGELLA		35	0.55177265	1.9803747	0.0	0.013644241	0.666	4027	tags=63%, list=27%, signal=85%	
HP_REDUCED_SPERM_MOTILITY	HP_REDUCED_SPERM_MOTILITY		63	0.48092595	1.9770287	0.0	0.014020168	0.683	3213	tags=44%, list=21%, signal=56%	
HP_ABNORMAL_PARANASAL_SINUS_MORPHOLOGY	HP_ABNORMAL_PARANASAL_SINUS_MORPHOLOGY		156	0.4105475	1.9733229	0.0	0.0143842455	0.697	3625	tags=40%, list=24%, signal=52%	
HP_ABNORMAL_PULMONARY_THORACIC_IMAGING_FINDING	HP_ABNORMAL_PULMONARY_THORACIC_IMAGING_FINDING		120	0.43018708	1.9657379	0.0	0.015735505	0.733	2564	tags=36%, list=17%, signal=43%	
GOMF_MHC_PROTEIN_BINDING	GOMF_MHC_PROTEIN_BINDING		23	0.60304785	1.9611528	0.0	0.016427388	0.748	1462	tags=39%, list=10%, signal=43%	
GOBP_REGULATION_OF_MACROPHAGE_MIGRATION	GOBP_REGULATION_OF_MACROPHAGE_MIGRATION		39	0.5296335	1.9556845	0.0	0.017320314	0.773	2584	tags=38%, list=17%, signal=46%	
GOBP_RESPONSE_TO_TYPE_II_INTERFERON	GOBP_RESPONSE_TO_TYPE_II_INTERFERON		100	0.44189385	1.943975	0.0	0.019940466	0.823	3464	tags=46%, list=23%, signal=59%	
GOBP_INTERMEDIATE_FILAMENT_BASED_PROCESS	GOBP_INTERMEDIATE_FILAMENT_BASED_PROCESS		63	0.46829864	1.9438554	0.0	0.019674595	0.823	3923	tags=57%, list=26%, signal=77%	
HP_ABNORMAL_URINARY_COLOR	HP_ABNORMAL_URINARY_COLOR		22	0.5944388	1.9412394	0.0	0.020024294	0.831	2630	tags=41%, list=17%, signal=49%	
HP_CLUBBING	HP_CLUBBING		122	0.43137768	1.939147	0.0	0.020278145	0.838	3257	tags=37%, list=22%, signal=47%	
GOBP_NAD_METABOLIC_PROCESS	GOBP_NAD_METABOLIC_PROCESS		33	0.5461578	1.9350607	0.0	0.021191664	0.853	4809	tags=67%, list=32%, signal=98%	
HP_CHRONIC_OTITIS_MEDIA	HP_CHRONIC_OTITIS_MEDIA		124	0.42399386	1.9334986	0.0	0.021435285	0.861	2739	tags=38%, list=18%, signal=46%	
HP_ABNORMAL_BREATH_SOUND	HP_ABNORMAL_BREATH_SOUND		111	0.42455035	1.9246769	0.0	0.023574915	0.89	2787	tags=34%, list=18%, signal=42%	
GOBP_NEGATIVE_REGULATION_OF_INTERLEUKIN_2_PRODUCTION	GOBP_NEGATIVE_REGULATION_OF_INTERLEUKIN_2_PRODUCTION		21	0.6176867	1.9232637	0.0	0.023677543	0.899	1649	tags=52%, list=11%, signal=59%	
GOBP_LYMPHOCYTE_MEDIATED_IMMUNITY	GOBP_LYMPHOCYTE_MEDIATED_IMMUNITY		214	0.38740104	1.9209895	0.0	0.02393289	0.904	3423	tags=37%, list=23%, signal=47%	
GOBP_NEGATIVE_REGULATION_OF_LEUKOCYTE_MEDIATED_IMMUNITY	GOBP_NEGATIVE_REGULATION_OF_LEUKOCYTE_MEDIATED_IMMUNITY		51	0.49182224	1.9187626	0.0	0.024293115	0.908	1293	tags=27%, list=9%, signal=30%	
HP_SUPERNUMERARY_SPLEENS	HP_SUPERNUMERARY_SPLEENS		87	0.44185293	1.9124771	0.0	0.025796646	0.918	3974	tags=52%, list=26%, signal=70%	
GOBP_XENOBIOTIC_CATABOLIC_PROCESS	GOBP_XENOBIOTIC_CATABOLIC_PROCESS		18	0.61946225	1.9118732	0.0017513135	0.0256707	0.92	4219	tags=67%, list=28%, signal=92%	
HP_PAST_MEDICAL_HISTORY	HP_PAST_MEDICAL_HISTORY		144	0.4030155	1.9083993	0.0	0.026469786	0.928	2716	tags=33%, list=18%, signal=40%	
GOBP_INTERMEDIATE_FILAMENT_ORGANIZATION	GOBP_INTERMEDIATE_FILAMENT_ORGANIZATION		42	0.5083562	1.9083142	0.0016129032	0.026204072	0.929	3357	tags=62%, list=22%, signal=79%	
HP_ABNORMALITY_OF_THE_PULMONARY_VEINS	HP_ABNORMALITY_OF_THE_PULMONARY_VEINS		74	0.45867392	1.904377	0.0	0.027034175	0.939	4489	tags=55%, list=30%, signal=78%	
HP_RHINITIS	HP_RHINITIS		99	0.42620957	1.9004664	0.0	0.028016604	0.948	3850	tags=43%, list=25%, signal=58%	
GOBP_NEGATIVE_REGULATION_OF_T_CELL_MEDIATED_IMMUNITY	GOBP_NEGATIVE_REGULATION_OF_T_CELL_MEDIATED_IMMUNITY		19	0.61264145	1.8991932	0.0017123288	0.028078705	0.953	1091	tags=37%, list=7%, signal=40%	
GOBP_REGULATION_OF_MACROPHAGE_CHEMOTAXIS	GOBP_REGULATION_OF_MACROPHAGE_CHEMOTAXIS		26	0.5662644	1.8973645	0.0017301039	0.02829805	0.955	2445	tags=42%, list=16%, signal=50%	
HP_RECURRENT_SINUSITIS	HP_RECURRENT_SINUSITIS		59	0.46847546	1.8938128	0.0	0.029253088	0.96	2268	tags=32%, list=15%, signal=38%	
GOBP_NUCLEOSIDE_CATABOLIC_PROCESS	GOBP_NUCLEOSIDE_CATABOLIC_PROCESS		18	0.62291366	1.8928771	0.0	0.029272594	0.96	3993	tags=67%, list=26%, signal=91%	
GOBP_ANTIGEN_PROCESSING_AND_PRESENTATION_OF_ENDOGENOUS_PEPTIDE_ANTIGEN	GOBP_ANTIGEN_PROCESSING_AND_PRESENTATION_OF_ENDOGENOUS_PEPTIDE_ANTIGEN		20	0.5983685	1.8918973	0.0	0.029327888	0.962	2896	tags=60%, list=19%, signal=74%	
GOBP_L_AMINO_ACID_CATABOLIC_PROCESS	GOBP_L_AMINO_ACID_CATABOLIC_PROCESS		67	0.45811635	1.8810972	0.0	0.03312063	0.978	3952	tags=48%, list=26%, signal=64%	
GOMF_CYTOKINE_RECEPTOR_ACTIVITY	GOMF_CYTOKINE_RECEPTOR_ACTIVITY		67	0.45504823	1.8780155	0.0	0.03390475	0.979	3423	tags=45%, list=23%, signal=58%	
HP_ABNORMAL_VENA_CAVA_MORPHOLOGY	HP_ABNORMAL_VENA_CAVA_MORPHOLOGY		73	0.44780537	1.8779081	0.0	0.033615828	0.979	2820	tags=41%, list=19%, signal=50%	
GOBP_POSITIVE_REGULATION_OF_MACROPHAGE_MIGRATION	GOBP_POSITIVE_REGULATION_OF_MACROPHAGE_MIGRATION		24	0.5773276	1.8768479	0.0	0.03366695	0.98	2584	tags=38%, list=17%, signal=45%	
GOBP_PYRIDINE_CONTAINING_COMPOUND_BIOSYNTHETIC_PROCESS	GOBP_PYRIDINE_CONTAINING_COMPOUND_BIOSYNTHETIC_PROCESS		20	0.59127206	1.8767118	0.0035460992	0.033377618	0.981	3484	tags=60%, list=23%, signal=78%	
GOMF_DYNEIN_LIGHT_INTERMEDIATE_CHAIN_BINDING	GOMF_DYNEIN_LIGHT_INTERMEDIATE_CHAIN_BINDING		27	0.56326014	1.8753774	0.0	0.033380937	0.981	3124	tags=52%, list=21%, signal=65%	
GOMF_DYNEIN_INTERMEDIATE_CHAIN_BINDING	GOMF_DYNEIN_INTERMEDIATE_CHAIN_BINDING		36	0.518797	1.8728523	0.0	0.03383323	0.984	2944	tags=50%, list=19%, signal=62%	
HP_ABNORMAL_MALE_REPRODUCTIVE_SYSTEM_PHYSIOLOGY	HP_ABNORMAL_MALE_REPRODUCTIVE_SYSTEM_PHYSIOLOGY		283	0.36531323	1.8705435	0.0	0.034458958	0.984	3418	tags=37%, list=23%, signal=47%	
GOBP_ADAPTIVE_IMMUNE_RESPONSE	GOBP_ADAPTIVE_IMMUNE_RESPONSE		327	0.3612689	1.8700916	0.0	0.03424671	0.984	3436	tags=36%, list=23%, signal=46%	
GOBP_AMINO_ACID_BETAINE_METABOLIC_PROCESS	GOBP_AMINO_ACID_BETAINE_METABOLIC_PROCESS		16	0.651027	1.8700829	0.0018248175	0.033917416	0.984	3909	tags=69%, list=26%, signal=93%	
GOCC_REPLISOME	GOCC_REPLISOME		24	0.5676573	1.8672341	0.0	0.034725152	0.985	3205	tags=42%, list=21%, signal=53%	
GOBP_NEGATIVE_REGULATION_OF_VIRAL_GENOME_REPLICATION	GOBP_NEGATIVE_REGULATION_OF_VIRAL_GENOME_REPLICATION		41	0.5013035	1.8650497	0.0034305318	0.035183556	0.987	2497	tags=44%, list=17%, signal=52%	
HP_ABSENT_SPERM_FLAGELLA	HP_ABSENT_SPERM_FLAGELLA		31	0.52962375	1.8647364	0.0	0.034973	0.987	4027	tags=55%, list=27%, signal=75%	
GOBP_BICARBONATE_TRANSPORT	GOBP_BICARBONATE_TRANSPORT		28	0.5413861	1.8634598	0.0	0.035280447	0.988	2585	tags=39%, list=17%, signal=47%	
GOCC_SPERM_MIDPIECE	GOCC_SPERM_MIDPIECE		41	0.4941658	1.8624915	0.0032626428	0.03542744	0.988	3496	tags=44%, list=23%, signal=57%	
GOBP_ESTABLISHMENT_OF_SKIN_BARRIER	GOBP_ESTABLISHMENT_OF_SKIN_BARRIER		27	0.5542384	1.8542525	0.0	0.038272057	0.992	5270	tags=78%, list=35%, signal=119%	
HP_OLIGOZOOSPERMIA	HP_OLIGOZOOSPERMIA		46	0.48043084	1.8537868	0.0033670033	0.038094502	0.992	4074	tags=50%, list=27%, signal=68%	
HP_ABNORMAL_CIRCULATING_SERINE_FAMILY_AMINO_ACID_CONCENTRATION	HP_ABNORMAL_CIRCULATING_SERINE_FAMILY_AMINO_ACID_CONCENTRATION		29	0.53560853	1.8522762	0.0	0.038407356	0.993	2744	tags=45%, list=18%, signal=55%	
GOBP_REGULATION_OF_LYMPHOCYTE_MEDIATED_IMMUNITY	GOBP_REGULATION_OF_LYMPHOCYTE_MEDIATED_IMMUNITY		134	0.39903256	1.8500135	0.0	0.03902827	0.994	2919	tags=34%, list=19%, signal=42%	
GOCC_DYNEIN_AXONEMAL_PARTICLE	GOCC_DYNEIN_AXONEMAL_PARTICLE		18	0.61578286	1.8472215	0.0017889087	0.040073175	0.994	2564	tags=67%, list=17%, signal=80%	
GOBP_SMALL_MOLECULE_CATABOLIC_PROCESS	GOBP_SMALL_MOLECULE_CATABOLIC_PROCESS		319	0.35765126	1.8428192	0.0	0.04168756	0.997	4188	tags=41%, list=28%, signal=56%	
GOBP_REGULATION_OF_CILIUM_BEAT_FREQUENCY	GOBP_REGULATION_OF_CILIUM_BEAT_FREQUENCY		16	0.6238584	1.8336478	0.0	0.04542097	0.999	2997	tags=56%, list=20%, signal=70%	
GOBP_POSITIVE_REGULATION_OF_T_CELL_PROLIFERATION	GOBP_POSITIVE_REGULATION_OF_T_CELL_PROLIFERATION		74	0.43040493	1.8329794	0.0016366612	0.04540567	0.999	3508	tags=45%, list=23%, signal=58%	
GOBP_T_CELL_MEDIATED_IMMUNITY	GOBP_T_CELL_MEDIATED_IMMUNITY		101	0.4097385	1.8280201	0.0	0.04752279	1.0	3108	tags=38%, list=21%, signal=47%	
GOBP_REGULATION_OF_LYMPHOCYTE_CHEMOTAXIS	GOBP_REGULATION_OF_LYMPHOCYTE_CHEMOTAXIS		16	0.61992025	1.8274271	0.0035842294	0.04739239	1.0	2674	tags=63%, list=18%, signal=76%	
GOBP_POSITIVE_REGULATION_OF_INTERLEUKIN_12_PRODUCTION	GOBP_POSITIVE_REGULATION_OF_INTERLEUKIN_12_PRODUCTION		27	0.54023135	1.8273566	0.0017271157	0.047067545	1.0	3592	tags=63%, list=24%, signal=82%	
GOCC_CYTOPLASMIC_MICROTUBULE	GOCC_CYTOPLASMIC_MICROTUBULE		103	0.40671203	1.8263135	0.0	0.047144126	1.0	3289	tags=41%, list=22%, signal=52%	
GOMF_OXIDOREDUCTASE_ACTIVITY_ACTING_ON_METAL_IONS	GOMF_OXIDOREDUCTASE_ACTIVITY_ACTING_ON_METAL_IONS		15	0.629898	1.8254881	0.0036630037	0.047192298	1.0	2539	tags=47%, list=17%, signal=56%	
GOBP_NEGATIVE_REGULATION_OF_TYPE_II_INTERFERON_PRODUCTION	GOBP_NEGATIVE_REGULATION_OF_TYPE_II_INTERFERON_PRODUCTION		25	0.5504541	1.8172026	0.0036101083	0.051248264	1.0	3085	tags=48%, list=20%, signal=60%	
HP_ABNORMAL_SPERM_HEAD_MORPHOLOGY	HP_ABNORMAL_SPERM_HEAD_MORPHOLOGY		23	0.5546477	1.8132037	0.0018248175	0.053133804	1.0	3141	tags=39%, list=21%, signal=49%	
GOBP_REGULATION_OF_ADAPTIVE_IMMUNE_RESPONSE	GOBP_REGULATION_OF_ADAPTIVE_IMMUNE_RESPONSE		156	0.3807252	1.8130336	0.0	0.052782785	1.0	2919	tags=33%, list=19%, signal=40%	
GOBP_GLYCOSYL_COMPOUND_CATABOLIC_PROCESS	GOBP_GLYCOSYL_COMPOUND_CATABOLIC_PROCESS		24	0.5551109	1.8128731	0.0018450185	0.05246397	1.0	3993	tags=50%, list=26%, signal=68%	
GOBP_TYPE_II_INTERFERON_PRODUCTION	GOBP_TYPE_II_INTERFERON_PRODUCTION		73	0.42627752	1.8121524	0.0	0.052475464	1.0	3304	tags=41%, list=22%, signal=52%	
GOMF_PEPTIDE_ANTIGEN_BINDING	GOMF_PEPTIDE_ANTIGEN_BINDING		25	0.5483324	1.8108152	0.0051107327	0.05276263	1.0	1372	tags=36%, list=9%, signal=40%	
HP_PSORIASIFORM_DERMATITIS	HP_PSORIASIFORM_DERMATITIS		27	0.5301499	1.8087887	0.0018083183	0.053663403	1.0	2338	tags=41%, list=15%, signal=48%	
GOBP_POSITIVE_REGULATION_OF_MACROPHAGE_CHEMOTAXIS	GOBP_POSITIVE_REGULATION_OF_MACROPHAGE_CHEMOTAXIS		18	0.5900295	1.806651	0.0017361111	0.054337736	1.0	1281	tags=33%, list=8%, signal=36%	
GOBP_DNA_MODIFICATION	GOBP_DNA_MODIFICATION		23	0.56205535	1.8047907	0.0	0.054984137	1.0	1999	tags=43%, list=13%, signal=50%	
HP_COUGH	HP_COUGH		133	0.3870643	1.7998351	0.0	0.057517905	1.0	3705	tags=41%, list=25%, signal=53%	
GOBP_ANTIGEN_PROCESSING_AND_PRESENTATION_VIA_MHC_CLASS_IB	GOBP_ANTIGEN_PROCESSING_AND_PRESENTATION_VIA_MHC_CLASS_IB		16	0.6114426	1.7943453	0.010989011	0.060430575	1.0	2896	tags=69%, list=19%, signal=85%	
GOBP_ANTIGEN_PROCESSING_AND_PRESENTATION_OF_ENDOGENOUS_ANTIGEN	GOBP_ANTIGEN_PROCESSING_AND_PRESENTATION_OF_ENDOGENOUS_ANTIGEN		23	0.5602443	1.7932655	0.0036036037	0.06066487	1.0	2896	tags=57%, list=19%, signal=70%	
GOBP_COMPLEMENT_ACTIVATION_CLASSICAL_PATHWAY	GOBP_COMPLEMENT_ACTIVATION_CLASSICAL_PATHWAY		23	0.55539095	1.790511	0.005244755	0.062035754	1.0	5006	tags=74%, list=33%, signal=110%	
HP_ONYCHOMYCOSIS	HP_ONYCHOMYCOSIS		19	0.5759572	1.7894044	0.005628518	0.06233383	1.0	3712	tags=58%, list=25%, signal=77%	
HP_BRONCHITIS	HP_BRONCHITIS		65	0.4375338	1.7893	0.0016260162	0.06190345	1.0	2791	tags=35%, list=18%, signal=43%	
GOBP_NEGATIVE_REGULATION_OF_NATURAL_KILLER_CELL_MEDIATED_IMMUNITY	GOBP_NEGATIVE_REGULATION_OF_NATURAL_KILLER_CELL_MEDIATED_IMMUNITY		19	0.57316923	1.7833441	0.005444646	0.06538641	1.0	1718	tags=37%, list=11%, signal=42%	
HP_ABNORMAL_ANATOMIC_LOCATION_OF_THE_HEART	HP_ABNORMAL_ANATOMIC_LOCATION_OF_THE_HEART		138	0.37944362	1.7822385	0.0	0.06567807	1.0	3620	tags=41%, list=24%, signal=53%	
GOBP_LEUKOCYTE_MEDIATED_IMMUNITY	GOBP_LEUKOCYTE_MEDIATED_IMMUNITY		291	0.3439584	1.7800876	0.0	0.06658964	1.0	3436	tags=35%, list=23%, signal=44%	
GOBP_ORGANIC_ACID_CATABOLIC_PROCESS	GOBP_ORGANIC_ACID_CATABOLIC_PROCESS		213	0.3588082	1.7792627	0.0	0.06665533	1.0	3885	tags=38%, list=26%, signal=51%	
GOBP_HUMORAL_IMMUNE_RESPONSE_MEDIATED_BY_CIRCULATING_IMMUNOGLOBULIN	GOBP_HUMORAL_IMMUNE_RESPONSE_MEDIATED_BY_CIRCULATING_IMMUNOGLOBULIN		33	0.5038089	1.7756063	0.006956522	0.06891239	1.0	3369	tags=48%, list=22%, signal=62%	
GOBP_SPERM_AXONEME_ASSEMBLY	GOBP_SPERM_AXONEME_ASSEMBLY		32	0.51391625	1.7742109	0.003552398	0.06942899	1.0	2997	tags=44%, list=20%, signal=54%	
GOMF_BICARBONATE_TRANSMEMBRANE_TRANSPORTER_ACTIVITY	GOMF_BICARBONATE_TRANSMEMBRANE_TRANSPORTER_ACTIVITY		23	0.5451949	1.7740351	0.0	0.0690698	1.0	2585	tags=43%, list=17%, signal=52%	
GOMF_OXIDOREDUCTASE_ACTIVITY_ACTING_ON_SINGLE_DONORS_WITH_INCORPORATION_OF_MOLECULAR_OXYGEN	GOMF_OXIDOREDUCTASE_ACTIVITY_ACTING_ON_SINGLE_DONORS_WITH_INCORPORATION_OF_MOLECULAR_OXYGEN		19	0.58229226	1.771865	0.007067138	0.070233725	1.0	2809	tags=53%, list=19%, signal=65%	
GOMF_HYDROLASE_ACTIVITY_ACTING_ON_CARBON_NITROGEN_BUT_NOT_PEPTIDE_BONDS_IN_CYCLIC_AMIDINES	GOMF_HYDROLASE_ACTIVITY_ACTING_ON_CARBON_NITROGEN_BUT_NOT_PEPTIDE_BONDS_IN_CYCLIC_AMIDINES		26	0.53449625	1.7695651	0.005076142	0.07153962	1.0	4256	tags=62%, list=28%, signal=86%	
GOCC_PLATELET_DENSE_GRANULE	GOCC_PLATELET_DENSE_GRANULE		18	0.5854906	1.7680761	0.003539823	0.0721012	1.0	2351	tags=39%, list=16%, signal=46%	
GOBP_POSITIVE_REGULATION_OF_EXOCYTOSIS	GOBP_POSITIVE_REGULATION_OF_EXOCYTOSIS		72	0.42683175	1.767872	0.0016501651	0.071733505	1.0	2791	tags=38%, list=18%, signal=46%	
HP_METABOLIC_ALKALOSIS	HP_METABOLIC_ALKALOSIS		16	0.59384966	1.7646462	0.0035971224	0.07371306	1.0	4435	tags=75%, list=29%, signal=106%	
HP_ABNORMAL_CIRCULATING_AROMATIC_AMINO_ACID_CONCENTRATION	HP_ABNORMAL_CIRCULATING_AROMATIC_AMINO_ACID_CONCENTRATION		18	0.5803325	1.7642618	0.0017271157	0.07347946	1.0	2812	tags=56%, list=19%, signal=68%	
GOBP_REGULATION_OF_LEUKOCYTE_MEDIATED_IMMUNITY	GOBP_REGULATION_OF_LEUKOCYTE_MEDIATED_IMMUNITY		180	0.36431992	1.7631005	0.0	0.073783405	1.0	3423	tags=36%, list=23%, signal=46%	
GOBP_MALE_MEIOTIC_NUCLEAR_DIVISION	GOBP_MALE_MEIOTIC_NUCLEAR_DIVISION		38	0.47920343	1.7613243	0.0049668876	0.074675135	1.0	3837	tags=53%, list=25%, signal=70%	
GOBP_NEGATIVE_REGULATION_OF_INNATE_IMMUNE_RESPONSE	GOBP_NEGATIVE_REGULATION_OF_INNATE_IMMUNE_RESPONSE		74	0.4233039	1.7568959	0.0	0.07782113	1.0	2278	tags=30%, list=15%, signal=35%	
GOBP_REGULATION_OF_T_CELL_MEDIATED_IMMUNITY	GOBP_REGULATION_OF_T_CELL_MEDIATED_IMMUNITY		74	0.41577336	1.7562218	0.0031201248	0.07785057	1.0	2919	tags=38%, list=19%, signal=47%	
GOCC_ALPHA_KETOACID_DEHYDROGENASE_COMPLEX	GOCC_ALPHA_KETOACID_DEHYDROGENASE_COMPLEX		17	0.5793572	1.7552227	0.005244755	0.07823245	1.0	1856	tags=35%, list=12%, signal=40%	
HP_LYMPHADENITIS	HP_LYMPHADENITIS		15	0.6074036	1.7535963	0.0036166366	0.07906884	1.0	2865	tags=40%, list=19%, signal=49%	
GOBP_POSITIVE_REGULATION_OF_LEUKOCYTE_PROLIFERATION	GOBP_POSITIVE_REGULATION_OF_LEUKOCYTE_PROLIFERATION		124	0.3836046	1.7496645	0.0	0.08167752	1.0	3521	tags=40%, list=23%, signal=51%	
GOBP_CELLULAR_RESPONSE_TO_TYPE_II_INTERFERON	GOBP_CELLULAR_RESPONSE_TO_TYPE_II_INTERFERON		81	0.4075346	1.7495292	0.0	0.08129376	1.0	3464	tags=42%, list=23%, signal=54%	
GOBP_MACROPHAGE_MIGRATION	GOBP_MACROPHAGE_MIGRATION		50	0.45146167	1.7455728	0.0050083473	0.08399325	1.0	2584	tags=38%, list=17%, signal=46%	
GOMF_CELL_CELL_ADHESION_MEDIATOR_ACTIVITY	GOMF_CELL_CELL_ADHESION_MEDIATOR_ACTIVITY		49	0.44662318	1.7445642	0.0	0.0842728	1.0	2568	tags=35%, list=17%, signal=42%	
GOBP_RESPONSE_TO_INTERFERON_BETA	GOBP_RESPONSE_TO_INTERFERON_BETA		32	0.48870662	1.7407054	0.0017667845	0.08706242	1.0	3451	tags=47%, list=23%, signal=61%	
GOMF_ATP_DEPENDENT_DNA_DAMAGE_SENSOR_ACTIVITY	GOMF_ATP_DEPENDENT_DNA_DAMAGE_SENSOR_ACTIVITY		15	0.6040686	1.7399386	0.007518797	0.08721647	1.0	3548	tags=60%, list=23%, signal=78%	
GOCC_MICROVILLUS_MEMBRANE	GOCC_MICROVILLUS_MEMBRANE		28	0.5132	1.7380834	0.005172414	0.08833923	1.0	3296	tags=46%, list=22%, signal=59%	
GOBP_REGULATION_OF_NATURAL_KILLER_CELL_MEDIATED_IMMUNITY	GOBP_REGULATION_OF_NATURAL_KILLER_CELL_MEDIATED_IMMUNITY		36	0.48053068	1.7367817	0.0052083335	0.08886205	1.0	2898	tags=39%, list=19%, signal=48%	
HP_XANTHOMATOSIS	HP_XANTHOMATOSIS		26	0.51950437	1.7347296	0.0053003533	0.09004079	1.0	3712	tags=42%, list=25%, signal=56%	
GOCC_EXTERNAL_SIDE_OF_PLASMA_MEMBRANE	GOCC_EXTERNAL_SIDE_OF_PLASMA_MEMBRANE		256	0.3465589	1.7313001	0.0	0.09245415	1.0	3531	tags=38%, list=23%, signal=49%	
GOBP_REGULATION_OF_CILIUM_MOVEMENT	GOBP_REGULATION_OF_CILIUM_MOVEMENT		31	0.49991962	1.7292538	0.0	0.09376033	1.0	4606	tags=68%, list=30%, signal=97%	
GOBP_NEGATIVE_REGULATION_OF_VIRAL_PROCESS	GOBP_NEGATIVE_REGULATION_OF_VIRAL_PROCESS		61	0.4243437	1.7274408	0.0	0.0948808	1.0	3743	tags=44%, list=25%, signal=59%	
GOMF_GABA_RECEPTOR_ACTIVITY	GOMF_GABA_RECEPTOR_ACTIVITY		19	0.56318265	1.7249887	0.00862069	0.096559055	1.0	4661	tags=74%, list=31%, signal=106%	
GOMF_STRUCTURAL_CONSTITUENT_OF_SKIN_EPIDERMIS	GOMF_STRUCTURAL_CONSTITUENT_OF_SKIN_EPIDERMIS		16	0.578534	1.7249138	0.0072202166	0.09608005	1.0	2637	tags=56%, list=17%, signal=68%	
GOBP_CILIUM_ORGANIZATION	GOBP_CILIUM_ORGANIZATION		416	0.32261366	1.7219181	0.0	0.098149516	1.0	2880	tags=30%, list=19%, signal=36%	
HP_SUPRAVALVULAR_AORTIC_STENOSIS	HP_SUPRAVALVULAR_AORTIC_STENOSIS		22	0.5329972	1.7211934	0.010362694	0.09836711	1.0	3241	tags=45%, list=21%, signal=58%	
GOBP_POSITIVE_REGULATION_OF_T_CELL_MEDIATED_CYTOTOXICITY	GOBP_POSITIVE_REGULATION_OF_T_CELL_MEDIATED_CYTOTOXICITY		28	0.51480204	1.720036	0.0035650623	0.09891664	1.0	2896	tags=54%, list=19%, signal=66%	
GOBP_NEGATIVE_REGULATION_OF_RESPONSE_TO_BIOTIC_STIMULUS	GOBP_NEGATIVE_REGULATION_OF_RESPONSE_TO_BIOTIC_STIMULUS		102	0.38143578	1.7193795	0.0	0.09894808	1.0	1182	tags=21%, list=8%, signal=22%	
GOCC_NUCLEAR_REPLICATION_FORK	GOCC_NUCLEAR_REPLICATION_FORK		39	0.47620854	1.7186618	0.0033783785	0.09900709	1.0	3858	tags=41%, list=26%, signal=55%	
GOBP_KERATINOCYTE_DIFFERENTIATION	GOBP_KERATINOCYTE_DIFFERENTIATION		101	0.38291225	1.7185439	0.0016	0.09856889	1.0	4903	tags=53%, list=32%, signal=79%	
GOCC_CYTOPLASMIC_REGION	GOCC_CYTOPLASMIC_REGION		274	0.3364375	1.7184988	0.0	0.09805952	1.0	3245	tags=36%, list=21%, signal=45%	
GOBP_ALCOHOL_BIOSYNTHETIC_PROCESS	GOBP_ALCOHOL_BIOSYNTHETIC_PROCESS		120	0.37609857	1.7178609	0.0	0.09817971	1.0	3970	tags=39%, list=26%, signal=53%	
GOBP_AROMATIC_AMINO_ACID_METABOLIC_PROCESS	GOBP_AROMATIC_AMINO_ACID_METABOLIC_PROCESS		32	0.48870662	1.7163377	0.007005254	0.09915803	1.0	2812	tags=50%, list=19%, signal=61%	
HP_UNUSUAL_FUNGAL_INFECTION	HP_UNUSUAL_FUNGAL_INFECTION		86	0.40403593	1.7159963	0.0	0.098990105	1.0	3541	tags=37%, list=23%, signal=48%	
GOBP_PHOTORECEPTOR_CELL_DEVELOPMENT	GOBP_PHOTORECEPTOR_CELL_DEVELOPMENT		47	0.44593337	1.7148297	0.0034188034	0.09962353	1.0	4666	tags=49%, list=31%, signal=71%	
HP_BILIARY_CIRRHOSIS	HP_BILIARY_CIRRHOSIS		20	0.54440725	1.714608	0.014519056	0.09930762	1.0	4183	tags=60%, list=28%, signal=83%	
GOBP_POSITIVE_REGULATION_OF_ADAPTIVE_IMMUNE_RESPONSE	GOBP_POSITIVE_REGULATION_OF_ADAPTIVE_IMMUNE_RESPONSE		94	0.39381245	1.7140367	0.0	0.099312335	1.0	2896	tags=35%, list=19%, signal=43%	
GOBP_ANTIGEN_PROCESSING_AND_PRESENTATION_OF_PEPTIDE_ANTIGEN	GOBP_ANTIGEN_PROCESSING_AND_PRESENTATION_OF_PEPTIDE_ANTIGEN		56	0.4287379	1.7130121	0.0016501651	0.099664174	1.0	1982	tags=30%, list=13%, signal=35%	
GOBP_POSITIVE_REGULATION_OF_INFLAMMATORY_RESPONSE	GOBP_POSITIVE_REGULATION_OF_INFLAMMATORY_RESPONSE		116	0.3752125	1.7126979	0.0	0.09944921	1.0	2912	tags=34%, list=19%, signal=42%	
HP_TUBULOINTERSTITIAL_NEPHRITIS	HP_TUBULOINTERSTITIAL_NEPHRITIS		22	0.5337048	1.7121849	0.010169491	0.099361844	1.0	1261	tags=36%, list=8%, signal=40%	
HP_ABSENT_PHALANGEAL_CREASE	HP_ABSENT_PHALANGEAL_CREASE		16	0.5756295	1.7121621	0.0074074073	0.09884396	1.0	3791	tags=56%, list=25%, signal=75%	
HP_CHILDHOOD_ONSET_SENSORINEURAL_HEARING_IMPAIRMENT	HP_CHILDHOOD_ONSET_SENSORINEURAL_HEARING_IMPAIRMENT		20	0.545626	1.7112588	0.0052724076	0.09924361	1.0	2620	tags=45%, list=17%, signal=54%	
GOBP_INTERLEUKIN_4_PRODUCTION	GOBP_INTERLEUKIN_4_PRODUCTION		21	0.55061126	1.7089193	0.0088495575	0.10102937	1.0	3109	tags=57%, list=21%, signal=72%	
GOBP_POSITIVE_REGULATION_OF_INTERFERON_BETA_PRODUCTION	GOBP_POSITIVE_REGULATION_OF_INTERFERON_BETA_PRODUCTION		38	0.46608597	1.7073958	0.0052724076	0.10180825	1.0	4294	tags=50%, list=28%, signal=70%	
GOBP_T_CELL_CHEMOTAXIS	GOBP_T_CELL_CHEMOTAXIS		18	0.55907273	1.7058839	0.008389262	0.102821425	1.0	3436	tags=61%, list=23%, signal=79%	
GOBP_PYROPTOTIC_INFLAMMATORY_RESPONSE	GOBP_PYROPTOTIC_INFLAMMATORY_RESPONSE		28	0.4895471	1.705399	0.010526316	0.1028254	1.0	1241	tags=32%, list=8%, signal=35%	
GOBP_CELLULAR_HYPEROSMOTIC_RESPONSE	GOBP_CELLULAR_HYPEROSMOTIC_RESPONSE		21	0.52829534	1.7043616	0.010676157	0.10324703	1.0	2131	tags=33%, list=14%, signal=39%	
GOBP_POSITIVE_REGULATION_OF_INTERLEUKIN_4_PRODUCTION	GOBP_POSITIVE_REGULATION_OF_INTERLEUKIN_4_PRODUCTION		16	0.58105105	1.7034469	0.012544803	0.10351343	1.0	1718	tags=50%, list=11%, signal=56%	
GOBP_INNER_DYNEIN_ARM_ASSEMBLY	GOBP_INNER_DYNEIN_ARM_ASSEMBLY		16	0.58361745	1.6988685	0.0091743115	0.107340544	1.0	1953	tags=50%, list=13%, signal=57%	
GOCC_CILIARY_BASE	GOCC_CILIARY_BASE		40	0.45686713	1.6982185	0.0049342103	0.107380696	1.0	4259	tags=48%, list=28%, signal=66%	
HP_EPIDERMAL_ACANTHOSIS	HP_EPIDERMAL_ACANTHOSIS		38	0.46188816	1.6964664	0.0017271157	0.108543046	1.0	3353	tags=50%, list=22%, signal=64%	
HP_RECURRENT_GRAM_NEGATIVE_BACTERIAL_INFECTIONS	HP_RECURRENT_GRAM_NEGATIVE_BACTERIAL_INFECTIONS		28	0.49762806	1.6942024	0.01188455	0.11035201	1.0	3541	tags=46%, list=23%, signal=61%	
GOBP_EYE_PHOTORECEPTOR_CELL_DEVELOPMENT	GOBP_EYE_PHOTORECEPTOR_CELL_DEVELOPMENT		33	0.4771624	1.6941695	0.0017421603	0.109814376	1.0	2154	tags=33%, list=14%, signal=39%	
HP_NYSTAGMUS_INDUCED_HEAD_NODDING	HP_NYSTAGMUS_INDUCED_HEAD_NODDING		17	0.5722028	1.6939462	0.02389706	0.10942524	1.0	4339	tags=65%, list=29%, signal=91%	
HP_ESOPHAGEAL_VARIX	HP_ESOPHAGEAL_VARIX		40	0.4578439	1.693931	0.005291005	0.10889763	1.0	4242	tags=58%, list=28%, signal=80%	
HP_DARK_URINE	HP_DARK_URINE		15	0.5951286	1.693192	0.010676157	0.10903756	1.0	3472	tags=47%, list=23%, signal=61%	
GOBP_BLASTOCYST_GROWTH	GOBP_BLASTOCYST_GROWTH		18	0.56322366	1.6931504	0.009398496	0.10854196	1.0	3571	tags=44%, list=24%, signal=58%	
GOBP_NADH_METABOLIC_PROCESS	GOBP_NADH_METABOLIC_PROCESS		37	0.4601118	1.6921048	0.0067681894	0.1089884	1.0	5095	tags=59%, list=34%, signal=89%	
GOBP_GLUTATHIONE_METABOLIC_PROCESS	GOBP_GLUTATHIONE_METABOLIC_PROCESS		45	0.44403931	1.690146	0.0033840947	0.11039625	1.0	2319	tags=36%, list=15%, signal=42%	
GOCC_MHC_PROTEIN_COMPLEX	GOCC_MHC_PROTEIN_COMPLEX		19	0.5398974	1.689031	0.017793594	0.110935114	1.0	968	tags=32%, list=6%, signal=34%	
GOMF_NUCLEOSIDE_DIPHOSPHATE_PHOSPHATASE_ACTIVITY	GOMF_NUCLEOSIDE_DIPHOSPHATE_PHOSPHATASE_ACTIVITY		15	0.57637286	1.687453	0.01607143	0.112062156	1.0	2126	tags=40%, list=14%, signal=47%	
GOBP_MYD88_DEPENDENT_TOLL_LIKE_RECEPTOR_SIGNALING_PATHWAY	GOBP_MYD88_DEPENDENT_TOLL_LIKE_RECEPTOR_SIGNALING_PATHWAY		15	0.5685434	1.6865349	0.0053667263	0.11238573	1.0	2822	tags=40%, list=19%, signal=49%	
HP_ABNORMAL_MACROSCOPIC_URINE_APPEARANCE	HP_ABNORMAL_MACROSCOPIC_URINE_APPEARANCE		49	0.42869172	1.683295	0.0049423394	0.11519713	1.0	2630	tags=29%, list=17%, signal=34%	
GOBP_ALCOHOL_METABOLIC_PROCESS	GOBP_ALCOHOL_METABOLIC_PROCESS		278	0.32821828	1.6832377	0.0	0.1147169	1.0	2856	tags=28%, list=19%, signal=34%	
GOBP_DIGESTION	GOBP_DIGESTION		98	0.38296214	1.6815815	0.0	0.11573521	1.0	4265	tags=50%, list=28%, signal=69%	
GOBP_STEROL_BIOSYNTHETIC_PROCESS	GOBP_STEROL_BIOSYNTHETIC_PROCESS		59	0.41923434	1.681222	0.0016393443	0.11562243	1.0	3953	tags=37%, list=26%, signal=50%	
HP_ABNORMAL_STAPES_MORPHOLOGY	HP_ABNORMAL_STAPES_MORPHOLOGY		17	0.5589783	1.6804286	0.008896797	0.11584166	1.0	4040	tags=47%, list=27%, signal=64%	
GOBP_POSITIVE_REGULATION_OF_DEFENSE_RESPONSE_TO_VIRUS_BY_HOST	GOBP_POSITIVE_REGULATION_OF_DEFENSE_RESPONSE_TO_VIRUS_BY_HOST		27	0.4932526	1.680238	0.008650519	0.11548514	1.0	2945	tags=44%, list=19%, signal=55%	
GOCC_INTRACILIARY_TRANSPORT_PARTICLE_B	GOCC_INTRACILIARY_TRANSPORT_PARTICLE_B		19	0.54558885	1.6801996	0.0056926	0.114979275	1.0	2217	tags=42%, list=15%, signal=49%	
GOCC_TERTIARY_GRANULE_MEMBRANE	GOCC_TERTIARY_GRANULE_MEMBRANE		49	0.4335923	1.678017	0.0034246575	0.11677287	1.0	3394	tags=39%, list=22%, signal=50%	
HP_NUCLEAR_CATARACT	HP_NUCLEAR_CATARACT		24	0.5112392	1.6752319	0.010344828	0.1191694	1.0	3410	tags=54%, list=23%, signal=70%	
GOMF_PEPTIDE_RECEPTOR_ACTIVITY	GOMF_PEPTIDE_RECEPTOR_ACTIVITY		86	0.38513988	1.6725116	0.0	0.12151799	1.0	4033	tags=51%, list=27%, signal=69%	
HP_NODULAR_CHANGES_AFFECTING_THE_EYELIDS	HP_NODULAR_CHANGES_AFFECTING_THE_EYELIDS		21	0.53163934	1.6705762	0.010169491	0.12309939	1.0	3712	tags=52%, list=25%, signal=69%	
GOBP_INTRACILIARY_ANTEROGRADE_TRANSPORT	GOBP_INTRACILIARY_ANTEROGRADE_TRANSPORT		19	0.5336202	1.6696391	0.010695187	0.12345682	1.0	2217	tags=42%, list=15%, signal=49%	
GOBP_FERTILIZATION	GOBP_FERTILIZATION		153	0.34902313	1.6688745	0.0	0.123731285	1.0	3531	tags=35%, list=23%, signal=46%	
GOMF_HYDROLASE_ACTIVITY_ACTING_ON_CARBON_NITROGEN_BUT_NOT_PEPTIDE_BONDS	GOMF_HYDROLASE_ACTIVITY_ACTING_ON_CARBON_NITROGEN_BUT_NOT_PEPTIDE_BONDS		104	0.3749236	1.6684755	0.003236246	0.12362125	1.0	3372	tags=38%, list=22%, signal=48%	
HP_ABNORMAL_GAMMA_GLUTAMYLTRANSFERASE_LEVEL	HP_ABNORMAL_GAMMA_GLUTAMYLTRANSFERASE_LEVEL		47	0.433132	1.668208	0.0034305318	0.12339098	1.0	4315	tags=47%, list=29%, signal=65%	
GOBP_MICROTUBULE_BASED_MOVEMENT	GOBP_MICROTUBULE_BASED_MOVEMENT		427	0.31275943	1.6662886	0.0	0.12497462	1.0	3232	tags=31%, list=21%, signal=39%	
HP_FLAT_CORNEA	HP_FLAT_CORNEA		20	0.53286684	1.6652089	0.014652015	0.12560327	1.0	3241	tags=55%, list=21%, signal=70%	
GOBP_CALCIUM_INDEPENDENT_CELL_CELL_ADHESION_VIA_PLASMA_MEMBRANE_CELL_ADHESION_MOLECULES	GOBP_CALCIUM_INDEPENDENT_CELL_CELL_ADHESION_VIA_PLASMA_MEMBRANE_CELL_ADHESION_MOLECULES		19	0.54159	1.6639214	0.01584507	0.12656637	1.0	915	tags=37%, list=6%, signal=39%	
GOBP_REGULATION_OF_T_CELL_MEDIATED_CYTOTOXICITY	GOBP_REGULATION_OF_T_CELL_MEDIATED_CYTOTOXICITY		36	0.45935252	1.6634221	0.016666668	0.12661257	1.0	2896	tags=44%, list=19%, signal=55%	
GOBP_POSITIVE_REGULATION_OF_CELL_KILLING	GOBP_POSITIVE_REGULATION_OF_CELL_KILLING		47	0.4370047	1.6633424	0.001754386	0.12614587	1.0	2898	tags=43%, list=19%, signal=52%	
GOMF_DEAMINASE_ACTIVITY	GOMF_DEAMINASE_ACTIVITY		24	0.51392484	1.6631482	0.012152778	0.125797	1.0	3993	tags=58%, list=26%, signal=79%	
HP_ABNORMAL_RENAL_INSTERSTITIAL_MORPHOLOGY	HP_ABNORMAL_RENAL_INSTERSTITIAL_MORPHOLOGY		57	0.41259286	1.6610168	0.0	0.1275318	1.0	1419	tags=28%, list=9%, signal=31%	
GOBP_INTERFERON_MEDIATED_SIGNALING_PATHWAY	GOBP_INTERFERON_MEDIATED_SIGNALING_PATHWAY		78	0.38776702	1.6601976	0.0061919503	0.1278497	1.0	2170	tags=26%, list=14%, signal=30%	
HP_ABNORMAL_CIRCULATING_GLYCINE_CONCENTRATION	HP_ABNORMAL_CIRCULATING_GLYCINE_CONCENTRATION		26	0.49198535	1.6601766	0.0069204154	0.12732771	1.0	5140	tags=65%, list=34%, signal=99%	
GOBP_SMALL_MOLECULE_BIOSYNTHETIC_PROCESS	GOBP_SMALL_MOLECULE_BIOSYNTHETIC_PROCESS		498	0.30830184	1.6601034	0.0	0.12683883	1.0	4259	tags=36%, list=28%, signal=49%	
GOBP_BENZENE_CONTAINING_COMPOUND_METABOLIC_PROCESS	GOBP_BENZENE_CONTAINING_COMPOUND_METABOLIC_PROCESS		18	0.54470766	1.6593353	0.012635379	0.12717369	1.0	2812	tags=44%, list=19%, signal=55%	
HP_ABNORMAL_SPERMATOGENESIS	HP_ABNORMAL_SPERMATOGENESIS		128	0.3593195	1.6582006	0.0	0.12788147	1.0	2594	tags=29%, list=17%, signal=35%	
GOMF_SIGNALING_RECEPTOR_REGULATOR_ACTIVITY	GOMF_SIGNALING_RECEPTOR_REGULATOR_ACTIVITY		401	0.3136632	1.6577343	0.0	0.12787087	1.0	3911	tags=38%, list=26%, signal=50%	
GOMF_CYTOKINE_ACTIVITY	GOMF_CYTOKINE_ACTIVITY		143	0.3525042	1.6575514	0.001607717	0.12754038	1.0	3871	tags=41%, list=26%, signal=55%	
GOBP_PEPTIDE_BIOSYNTHETIC_PROCESS	GOBP_PEPTIDE_BIOSYNTHETIC_PROCESS		23	0.51642466	1.6567177	0.015706806	0.12796628	1.0	1435	tags=30%, list=9%, signal=34%	
HP_RECURRENT_BACTERIAL_SKIN_INFECTIONS	HP_RECURRENT_BACTERIAL_SKIN_INFECTIONS		26	0.49294215	1.656272	0.012433393	0.1278608	1.0	2636	tags=35%, list=17%, signal=42%	
GOMF_LYASE_ACTIVITY	GOMF_LYASE_ACTIVITY		188	0.3385483	1.655945	0.001472754	0.12775204	1.0	2343	tags=26%, list=16%, signal=30%	
GOBP_REGULATION_OF_LEUKOCYTE_MIGRATION	GOBP_REGULATION_OF_LEUKOCYTE_MIGRATION		186	0.33866912	1.6503589	0.0014044944	0.1337176	1.0	3292	tags=33%, list=22%, signal=41%	
GOBP_LYMPHOCYTE_MIGRATION	GOBP_LYMPHOCYTE_MIGRATION		83	0.3864751	1.6501589	0.0	0.13339078	1.0	3595	tags=45%, list=24%, signal=58%	
HP_NEONATAL_RESPIRATORY_DISTRESS	HP_NEONATAL_RESPIRATORY_DISTRESS		135	0.35247242	1.650022	0.0031152647	0.1329941	1.0	3213	tags=32%, list=21%, signal=40%	
GOBP_REGULATION_OF_GRANULOCYTE_CHEMOTAXIS	GOBP_REGULATION_OF_GRANULOCYTE_CHEMOTAXIS		42	0.43995053	1.6497688	0.0051457975	0.13270715	1.0	3203	tags=36%, list=21%, signal=45%	
HP_ABNORMAL_GASTRIC_MUCOSA_MORPHOLOGY	HP_ABNORMAL_GASTRIC_MUCOSA_MORPHOLOGY		41	0.44291878	1.649407	0.01010101	0.13253614	1.0	3410	tags=44%, list=23%, signal=57%	
GOBP_POSITIVE_REGULATION_OF_NATURAL_KILLER_CELL_MEDIATED_IMMUNITY	GOBP_POSITIVE_REGULATION_OF_NATURAL_KILLER_CELL_MEDIATED_IMMUNITY		22	0.50235754	1.6484115	0.012820513	0.13306768	1.0	3375	tags=45%, list=22%, signal=58%	
HP_ABNORMAL_EPIDERMAL_MORPHOLOGY	HP_ABNORMAL_EPIDERMAL_MORPHOLOGY		72	0.39461315	1.6482965	0.0016	0.13266164	1.0	3379	tags=42%, list=22%, signal=53%	
GOBP_AMINO_ACID_CATABOLIC_PROCESS	GOBP_AMINO_ACID_CATABOLIC_PROCESS		98	0.37289944	1.6482683	0.003407155	0.13215391	1.0	3952	tags=39%, list=26%, signal=52%	
GOBP_POSITIVE_REGULATION_OF_LEUKOCYTE_MEDIATED_IMMUNITY	GOBP_POSITIVE_REGULATION_OF_LEUKOCYTE_MEDIATED_IMMUNITY		103	0.3698806	1.6481273	0.0033167496	0.13180935	1.0	2898	tags=34%, list=19%, signal=42%	
GOBP_NEGATIVE_REGULATION_OF_IMMUNE_RESPONSE	GOBP_NEGATIVE_REGULATION_OF_IMMUNE_RESPONSE		150	0.34418195	1.6479374	0.0	0.13152115	1.0	2500	tags=26%, list=17%, signal=31%	
GOBP_MODIFIED_AMINO_ACID_METABOLIC_PROCESS	GOBP_MODIFIED_AMINO_ACID_METABOLIC_PROCESS		158	0.34542513	1.6474129	0.0015151515	0.13160409	1.0	2863	tags=30%, list=19%, signal=36%	
GOBP_NEGATIVE_REGULATION_OF_ADAPTIVE_IMMUNE_RESPONSE	GOBP_NEGATIVE_REGULATION_OF_ADAPTIVE_IMMUNE_RESPONSE		47	0.42901686	1.6460474	0.0031746032	0.13257712	1.0	1914	tags=30%, list=13%, signal=34%	
GOBP_HORMONE_BIOSYNTHETIC_PROCESS	GOBP_HORMONE_BIOSYNTHETIC_PROCESS		48	0.4288321	1.6453586	0.00681431	0.13288203	1.0	4169	tags=48%, list=28%, signal=66%	
GOBP_SPERMATID_DIFFERENTIATION	GOBP_SPERMATID_DIFFERENTIATION		188	0.33873722	1.6452894	0.0	0.13243517	1.0	3478	tags=34%, list=23%, signal=44%	
HP_SKIN_EROSION	HP_SKIN_EROSION		23	0.5115298	1.6451019	0.008547009	0.13215363	1.0	2937	tags=43%, list=19%, signal=54%	
HP_TISSUE_ISCHEMIA	HP_TISSUE_ISCHEMIA		91	0.38137573	1.6444087	0.0015625	0.13243863	1.0	5027	tags=48%, list=33%, signal=72%	
GOBP_STEROID_BIOSYNTHETIC_PROCESS	GOBP_STEROID_BIOSYNTHETIC_PROCESS		137	0.3522633	1.644236	0.0015151515	0.13211276	1.0	3970	tags=36%, list=26%, signal=48%	
GOBP_RESPONSE_TO_CHEMOKINE	GOBP_RESPONSE_TO_CHEMOKINE		57	0.4163816	1.6426883	0.0050167223	0.1334044	1.0	3502	tags=42%, list=23%, signal=55%	
GOCC_STEREOCILIUM_TIP	GOCC_STEREOCILIUM_TIP		15	0.56651956	1.6425334	0.02617801	0.13308753	1.0	4158	tags=73%, list=28%, signal=101%	
GOBP_CYTOKINE_MEDIATED_SIGNALING_PATHWAY	GOBP_CYTOKINE_MEDIATED_SIGNALING_PATHWAY		379	0.31123433	1.6409103	0.0	0.1344302	1.0	3451	tags=32%, list=23%, signal=40%	
GOBP_HYPEROSMOTIC_RESPONSE	GOBP_HYPEROSMOTIC_RESPONSE		28	0.48462343	1.6404867	0.0071301246	0.134415	1.0	2131	tags=32%, list=14%, signal=37%	
GOBP_REGULATION_OF_LEUKOCYTE_PROLIFERATION	GOBP_REGULATION_OF_LEUKOCYTE_PROLIFERATION		207	0.33378074	1.6384404	0.0014367816	0.13625291	1.0	2821	tags=31%, list=19%, signal=37%	
HP_ABNORMAL_SWEAT_HOMEOSTASIS	HP_ABNORMAL_SWEAT_HOMEOSTASIS		20	0.52292055	1.6379838	0.019784173	0.13628276	1.0	1832	tags=35%, list=12%, signal=40%	
HP_ABNORMAL_PULMONARY_INTERSTITIAL_MORPHOLOGY	HP_ABNORMAL_PULMONARY_INTERSTITIAL_MORPHOLOGY		133	0.35210496	1.6362236	0.0014306152	0.1377622	1.0	3635	tags=38%, list=24%, signal=49%	
GOCC_PHOTORECEPTOR_CONNECTING_CILIUM	GOCC_PHOTORECEPTOR_CONNECTING_CILIUM		41	0.43401238	1.6359614	0.0068846815	0.13756032	1.0	2294	tags=34%, list=15%, signal=40%	
GOBP_DETOXIFICATION_OF_INORGANIC_COMPOUND	GOBP_DETOXIFICATION_OF_INORGANIC_COMPOUND		18	0.54053813	1.6356637	0.016917294	0.1374131	1.0	4884	tags=56%, list=32%, signal=82%	
GOBP_T_CELL_MEDIATED_CYTOTOXICITY	GOBP_T_CELL_MEDIATED_CYTOTOXICITY		47	0.42811593	1.6353275	0.008333334	0.13728571	1.0	3002	tags=40%, list=20%, signal=50%	
GOMF_MODIFIED_AMINO_ACID_BINDING	GOMF_MODIFIED_AMINO_ACID_BINDING		72	0.3853347	1.6349864	0.009884679	0.13719386	1.0	2319	tags=29%, list=15%, signal=34%	
GOMF_GAP_JUNCTION_CHANNEL_ACTIVITY	GOMF_GAP_JUNCTION_CHANNEL_ACTIVITY		15	0.56213963	1.6340016	0.031307552	0.13790002	1.0	1317	tags=40%, list=9%, signal=44%	
GOBP_NEGATIVE_REGULATION_OF_LEUKOCYTE_APOPTOTIC_PROCESS	GOBP_NEGATIVE_REGULATION_OF_LEUKOCYTE_APOPTOTIC_PROCESS		40	0.45013398	1.633883	0.0050847456	0.13755786	1.0	3521	tags=40%, list=23%, signal=52%	
GOMF_NEUROPEPTIDE_RECEPTOR_BINDING	GOMF_NEUROPEPTIDE_RECEPTOR_BINDING		30	0.4648184	1.6337872	0.013986014	0.13718966	1.0	3573	tags=63%, list=24%, signal=83%	
GOMF_GLUTATHIONE_TRANSFERASE_ACTIVITY	GOMF_GLUTATHIONE_TRANSFERASE_ACTIVITY		23	0.5058867	1.6336243	0.0067001674	0.13683666	1.0	4423	tags=61%, list=29%, signal=86%	
GOMF_ANTIGEN_BINDING	GOMF_ANTIGEN_BINDING		42	0.43795443	1.6330436	0.015254238	0.13705476	1.0	1982	tags=33%, list=13%, signal=38%	
GOBP_POSITIVE_REGULATION_OF_CYTOKINE_PRODUCTION	GOBP_POSITIVE_REGULATION_OF_CYTOKINE_PRODUCTION		365	0.30897862	1.6325566	0.0	0.13712859	1.0	3785	tags=36%, list=25%, signal=46%	
GOMF_CARBOHYDRATE_BINDING	GOMF_CARBOHYDRATE_BINDING		200	0.3302917	1.6323122	0.0	0.13693582	1.0	4293	tags=40%, list=28%, signal=54%	
GOBP_PHOSPHATE_ION_TRANSPORT	GOBP_PHOSPHATE_ION_TRANSPORT		19	0.5252664	1.6319242	0.024561403	0.13685079	1.0	3328	tags=47%, list=22%, signal=61%	
HP_RECURRENT_OTITIS_MEDIA	HP_RECURRENT_OTITIS_MEDIA		199	0.33304283	1.6315392	0.0	0.13682766	1.0	2791	tags=28%, list=18%, signal=34%	
HP_PUSTULE	HP_PUSTULE		33	0.457256	1.6310617	0.013536379	0.1368952	1.0	4573	tags=55%, list=30%, signal=78%	
GOBP_MACROPHAGE_CHEMOTAXIS	GOBP_MACROPHAGE_CHEMOTAXIS		37	0.45294398	1.6305407	0.0050847456	0.1370705	1.0	2584	tags=41%, list=17%, signal=49%	
GOMF_CYTOKINE_BINDING	GOMF_CYTOKINE_BINDING		103	0.36547646	1.6271425	0.0015432099	0.14038597	1.0	4378	tags=43%, list=29%, signal=60%	
GOBP_NEGATIVE_REGULATION_OF_IMMUNE_EFFECTOR_PROCESS	GOBP_NEGATIVE_REGULATION_OF_IMMUNE_EFFECTOR_PROCESS		90	0.37397844	1.6265718	0.0	0.14060222	1.0	3667	tags=38%, list=24%, signal=50%	
GOBP_IMMUNE_EFFECTOR_PROCESS	GOBP_IMMUNE_EFFECTOR_PROCESS		473	0.3034681	1.6259726	0.0	0.14084005	1.0	3436	tags=32%, list=23%, signal=40%	
GOCC_GABA_RECEPTOR_COMPLEX	GOCC_GABA_RECEPTOR_COMPLEX		17	0.54525226	1.6229047	0.01754386	0.1440382	1.0	4661	tags=71%, list=31%, signal=102%	
GOBP_LONG_CHAIN_FATTY_ACID_METABOLIC_PROCESS	GOBP_LONG_CHAIN_FATTY_ACID_METABOLIC_PROCESS		86	0.37479013	1.6228423	0.0	0.14362302	1.0	3487	tags=37%, list=23%, signal=48%	
GOBP_ZYMOGEN_ACTIVATION	GOBP_ZYMOGEN_ACTIVATION		35	0.446375	1.6210452	0.010256411	0.145287	1.0	3527	tags=40%, list=23%, signal=52%	
GOBP_NEGATIVE_REGULATION_OF_DEFENSE_RESPONSE	GOBP_NEGATIVE_REGULATION_OF_DEFENSE_RESPONSE		195	0.3309335	1.6203583	0.0014684288	0.14554378	1.0	1718	tags=20%, list=11%, signal=22%	
GOBP_INORGANIC_ANION_TRANSPORT	GOBP_INORGANIC_ANION_TRANSPORT		138	0.34596884	1.6196406	0.0	0.14593378	1.0	4064	tags=46%, list=27%, signal=62%	
GOBP_ORGANIC_ACID_BIOSYNTHETIC_PROCESS	GOBP_ORGANIC_ACID_BIOSYNTHETIC_PROCESS		262	0.32008138	1.6195229	0.0	0.14559643	1.0	4256	tags=37%, list=28%, signal=51%	
GOBP_CELLULAR_DEFENSE_RESPONSE	GOBP_CELLULAR_DEFENSE_RESPONSE		34	0.4649733	1.6189154	0.012152778	0.14588158	1.0	4157	tags=56%, list=28%, signal=77%	
GOCC_INTERMEDIATE_FILAMENT_CYTOSKELETON	GOCC_INTERMEDIATE_FILAMENT_CYTOSKELETON		106	0.3607297	1.6185151	0.001618123	0.14588615	1.0	4221	tags=42%, list=28%, signal=58%	
HP_ABNORMAL_MALE_INTERNAL_GENITALIA_MORPHOLOGY	HP_ABNORMAL_MALE_INTERNAL_GENITALIA_MORPHOLOGY		68	0.3868096	1.6182276	0.003338898	0.145758	1.0	2491	tags=29%, list=16%, signal=35%	
GOBP_POSITIVE_REGULATION_OF_LEUKOCYTE_CHEMOTAXIS	GOBP_POSITIVE_REGULATION_OF_LEUKOCYTE_CHEMOTAXIS		78	0.37537524	1.617189	0.0079113925	0.146477	1.0	3292	tags=35%, list=22%, signal=44%	
GOBP_DETOXIFICATION	GOBP_DETOXIFICATION		122	0.35627547	1.61582	0.0030257185	0.14762545	1.0	3878	tags=36%, list=26%, signal=48%	
GOBP_ARACHIDONATE_SECRETION	GOBP_ARACHIDONATE_SECRETION		20	0.50892675	1.6153328	0.019855596	0.14769904	1.0	4833	tags=60%, list=32%, signal=88%	
HP_JAUNDICE	HP_JAUNDICE		189	0.33226842	1.6149235	0.0030165913	0.14768678	1.0	3895	tags=39%, list=26%, signal=52%	
GOBP_DEFENSE_RESPONSE_TO_VIRUS	GOBP_DEFENSE_RESPONSE_TO_VIRUS		259	0.32010594	1.6146747	0.0	0.14746352	1.0	2503	tags=24%, list=17%, signal=29%	
GOBP_DICARBOXYLIC_ACID_METABOLIC_PROCESS	GOBP_DICARBOXYLIC_ACID_METABOLIC_PROCESS		88	0.36980543	1.6145453	0.008143323	0.14710586	1.0	3640	tags=39%, list=24%, signal=51%	
GOBP_POSITIVE_REGULATION_OF_LEUKOCYTE_MIGRATION	GOBP_POSITIVE_REGULATION_OF_LEUKOCYTE_MIGRATION		126	0.35047078	1.6135992	0.0	0.14775334	1.0	3292	tags=33%, list=22%, signal=42%	
GOCC_SYNAPTONEMAL_STRUCTURE	GOCC_SYNAPTONEMAL_STRUCTURE		23	0.49472597	1.6132373	0.014414415	0.14775991	1.0	4296	tags=52%, list=28%, signal=73%	
GOBP_GROWTH_PLATE_CARTILAGE_DEVELOPMENT	GOBP_GROWTH_PLATE_CARTILAGE_DEVELOPMENT		20	0.51831	1.6128706	0.012544803	0.14772184	1.0	3750	tags=60%, list=25%, signal=80%	
HP_BRONCHIECTASIS	HP_BRONCHIECTASIS		142	0.34363836	1.6124623	0.0	0.1477654	1.0	2865	tags=32%, list=19%, signal=39%	
GOBP_REGULATION_OF_IMMUNE_EFFECTOR_PROCESS	GOBP_REGULATION_OF_IMMUNE_EFFECTOR_PROCESS		289	0.31264123	1.6116849	0.0	0.1483157	1.0	3667	tags=34%, list=24%, signal=44%	
GOMF_STRUCTURAL_CONSTITUENT_OF_CYTOSKELETON	GOMF_STRUCTURAL_CONSTITUENT_OF_CYTOSKELETON		85	0.37342042	1.6102977	0.004680187	0.1495882	1.0	4140	tags=44%, list=27%, signal=60%	
HP_HYPERGRANULOSIS	HP_HYPERGRANULOSIS		16	0.55151945	1.609757	0.029038113	0.14980765	1.0	3163	tags=50%, list=21%, signal=63%	
GOCC_INTEGRIN_COMPLEX	GOCC_INTEGRIN_COMPLEX		27	0.47684488	1.6093091	0.01724138	0.1498955	1.0	2001	tags=30%, list=13%, signal=34%	
GOBP_POSITIVE_REGULATION_OF_B_CELL_MEDIATED_IMMUNITY	GOBP_POSITIVE_REGULATION_OF_B_CELL_MEDIATED_IMMUNITY		27	0.48351616	1.6081307	0.019503547	0.15084268	1.0	2793	tags=33%, list=18%, signal=41%	
GOBP_BILE_ACID_AND_BILE_SALT_TRANSPORT	GOBP_BILE_ACID_AND_BILE_SALT_TRANSPORT		21	0.49452057	1.6076266	0.027422303	0.15090774	1.0	4492	tags=52%, list=30%, signal=74%	
GOMF_CHEMOKINE_ACTIVITY	GOMF_CHEMOKINE_ACTIVITY		25	0.4955716	1.6072577	0.013675214	0.1508443	1.0	3558	tags=60%, list=24%, signal=78%	
HP_REDUCED_PROGRESSIVE_SPERM_MOTILITY	HP_REDUCED_PROGRESSIVE_SPERM_MOTILITY		20	0.511854	1.6068707	0.023593467	0.15084916	1.0	4074	tags=60%, list=27%, signal=82%	
HP_GANGRENE	HP_GANGRENE		40	0.43015647	1.6068189	0.015050167	0.15042779	1.0	5026	tags=52%, list=33%, signal=78%	
GOBP_POSITIVE_REGULATION_OF_ANTIGEN_RECEPTOR_MEDIATED_SIGNALING_PATHWAY	GOBP_POSITIVE_REGULATION_OF_ANTIGEN_RECEPTOR_MEDIATED_SIGNALING_PATHWAY		21	0.50312173	1.6024982	0.024137931	0.15566055	1.0	3396	tags=43%, list=22%, signal=55%	
GOBP_MODIFIED_AMINO_ACID_CATABOLIC_PROCESS	GOBP_MODIFIED_AMINO_ACID_CATABOLIC_PROCESS		25	0.48462948	1.6004691	0.033989266	0.15777116	1.0	2319	tags=32%, list=15%, signal=38%	
GOCC_NON_MOTILE_CILIUM	GOCC_NON_MOTILE_CILIUM		135	0.34624013	1.6000221	0.0	0.15780698	1.0	3289	tags=33%, list=22%, signal=42%	
GOBP_MICROVILLUS_ORGANIZATION	GOBP_MICROVILLUS_ORGANIZATION		26	0.47360945	1.6000117	0.028070176	0.1573205	1.0	2476	tags=38%, list=16%, signal=46%	
GOBP_REGULATION_OF_B_CELL_MEDIATED_IMMUNITY	GOBP_REGULATION_OF_B_CELL_MEDIATED_IMMUNITY		42	0.43152142	1.5975444	0.008695652	0.15988038	1.0	3369	tags=36%, list=22%, signal=46%	
GOBP_REGULATION_OF_MONONUCLEAR_CELL_MIGRATION	GOBP_REGULATION_OF_MONONUCLEAR_CELL_MIGRATION		115	0.35039082	1.5975378	0.0	0.1593771	1.0	3263	tags=34%, list=22%, signal=43%	
GOBP_MONOCARBOXYLIC_ACID_CATABOLIC_PROCESS	GOBP_MONOCARBOXYLIC_ACID_CATABOLIC_PROCESS		109	0.35651106	1.5941969	0.0047244094	0.16336285	1.0	4153	tags=40%, list=27%, signal=55%	
GOMF_CELL_ADHESION_MEDIATOR_ACTIVITY	GOMF_CELL_ADHESION_MEDIATOR_ACTIVITY		69	0.38997605	1.5941819	0.0032520324	0.16285959	1.0	2790	tags=32%, list=18%, signal=39%	
GOBP_DENDRITIC_CELL_CHEMOTAXIS	GOBP_DENDRITIC_CELL_CHEMOTAXIS		15	0.552551	1.5936991	0.022968197	0.16293712	1.0	3436	tags=53%, list=23%, signal=69%	
HP_ABNORMALITY_OF_HAIR_GROWTH	HP_ABNORMALITY_OF_HAIR_GROWTH		25	0.47727582	1.5936414	0.021052632	0.16250695	1.0	3159	tags=48%, list=21%, signal=61%	
HP_RENAL_SALT_WASTING	HP_RENAL_SALT_WASTING		17	0.5256222	1.5934259	0.035971224	0.162281	1.0	3251	tags=53%, list=22%, signal=67%	
GOBP_PRIMARY_ALCOHOL_METABOLIC_PROCESS	GOBP_PRIMARY_ALCOHOL_METABOLIC_PROCESS		71	0.38348043	1.5930287	0.008012821	0.16226809	1.0	1945	tags=25%, list=13%, signal=29%	
GOBP_POSITIVE_REGULATION_OF_GRANULOCYTE_CHEMOTAXIS	GOBP_POSITIVE_REGULATION_OF_GRANULOCYTE_CHEMOTAXIS		21	0.5051375	1.5928081	0.017730497	0.16205232	1.0	3203	tags=48%, list=21%, signal=60%	
GOBP_CELL_SURFACE_RECEPTOR_SIGNALING_PATHWAY_VIA_JAK_STAT	GOBP_CELL_SURFACE_RECEPTOR_SIGNALING_PATHWAY_VIA_JAK_STAT		84	0.36786947	1.5926168	0.006644518	0.16180432	1.0	771	tags=18%, list=5%, signal=19%	
GOBP_POSITIVE_REGULATION_OF_RESPONSE_TO_CYTOKINE_STIMULUS	GOBP_POSITIVE_REGULATION_OF_RESPONSE_TO_CYTOKINE_STIMULUS		57	0.40210313	1.5923653	0.0103270225	0.16160174	1.0	2428	tags=30%, list=16%, signal=35%	
HP_ABNORMAL_MIDDLE_EAR_MORPHOLOGY	HP_ABNORMAL_MIDDLE_EAR_MORPHOLOGY		336	0.30419883	1.5918018	0.0	0.16176957	1.0	3030	tags=27%, list=20%, signal=33%	
HP_SYNOSTOSIS_OF_CARPAL_BONES	HP_SYNOSTOSIS_OF_CARPAL_BONES		23	0.49896058	1.5905982	0.021276595	0.16282772	1.0	1362	tags=26%, list=9%, signal=29%	
GOBP_REGULATION_OF_CHOLESTEROL_BIOSYNTHETIC_PROCESS	GOBP_REGULATION_OF_CHOLESTEROL_BIOSYNTHETIC_PROCESS		22	0.48831958	1.5897697	0.033783782	0.16350102	1.0	1322	tags=23%, list=9%, signal=25%	
HP_RECURRENT_CUTANEOUS_FUNGAL_INFECTIONS	HP_RECURRENT_CUTANEOUS_FUNGAL_INFECTIONS		45	0.41863516	1.5882704	0.015075377	0.1649061	1.0	1774	tags=27%, list=12%, signal=30%	
GOBP_MUCUS_SECRETION	GOBP_MUCUS_SECRETION		15	0.555543	1.5882665	0.030195381	0.1644089	1.0	3145	tags=47%, list=21%, signal=59%	
HP_ABNORMAL_ESOPHAGUS_MORPHOLOGY	HP_ABNORMAL_ESOPHAGUS_MORPHOLOGY		198	0.3254365	1.5882078	0.002945508	0.1639782	1.0	4257	tags=38%, list=28%, signal=52%	
HP_WEAKNESS_OF_THE_INTRINSIC_HAND_MUSCLES	HP_WEAKNESS_OF_THE_INTRINSIC_HAND_MUSCLES		21	0.5008166	1.5879965	0.031307552	0.16377065	1.0	3803	tags=48%, list=25%, signal=64%	
GOBP_POSITIVE_REGULATION_OF_VASOCONSTRICTION	GOBP_POSITIVE_REGULATION_OF_VASOCONSTRICTION		20	0.50544107	1.5878294	0.008680556	0.16346833	1.0	4382	tags=65%, list=29%, signal=91%	
GOBP_DIGESTIVE_SYSTEM_PROCESS	GOBP_DIGESTIVE_SYSTEM_PROCESS		85	0.36852282	1.5868552	0.004854369	0.16430584	1.0	4265	tags=48%, list=28%, signal=67%	
GOBP_ANTIGEN_PROCESSING_AND_PRESENTATION	GOBP_ANTIGEN_PROCESSING_AND_PRESENTATION		90	0.365663	1.5865357	0.0	0.16419958	1.0	1982	tags=27%, list=13%, signal=31%	
HP_CORNEAL_EROSION	HP_CORNEAL_EROSION		39	0.43412256	1.5858063	0.020066889	0.1647158	1.0	2739	tags=38%, list=18%, signal=47%	
HP_ABNORMAL_DRINKING_BEHAVIOR	HP_ABNORMAL_DRINKING_BEHAVIOR		39	0.4364782	1.5857217	0.020761246	0.16431226	1.0	3823	tags=49%, list=25%, signal=65%	
HP_THROMBOPHLEBITIS	HP_THROMBOPHLEBITIS		19	0.50923854	1.5847472	0.012455516	0.16507107	1.0	4573	tags=63%, list=30%, signal=90%	
GOBP_REGULATION_OF_LEUKOCYTE_CHEMOTAXIS	GOBP_REGULATION_OF_LEUKOCYTE_CHEMOTAXIS		101	0.35719445	1.582267	0.0061919503	0.16805366	1.0	3292	tags=34%, list=22%, signal=43%	
GOBP_NEGATIVE_REGULATION_OF_INTERLEUKIN_6_PRODUCTION	GOBP_NEGATIVE_REGULATION_OF_INTERLEUKIN_6_PRODUCTION		35	0.4486093	1.5817403	0.013816926	0.16826694	1.0	2867	tags=37%, list=19%, signal=46%	
GOMF_NEUROPEPTIDE_ACTIVITY	GOMF_NEUROPEPTIDE_ACTIVITY		23	0.4834987	1.5806766	0.02300885	0.16913556	1.0	3870	tags=61%, list=26%, signal=82%	
GOBP_CD8_POSITIVE_ALPHA_BETA_T_CELL_ACTIVATION	GOBP_CD8_POSITIVE_ALPHA_BETA_T_CELL_ACTIVATION		18	0.5171096	1.5805066	0.025553662	0.16891444	1.0	3355	tags=56%, list=22%, signal=71%	
GOBP_TERPENOID_METABOLIC_PROCESS	GOBP_TERPENOID_METABOLIC_PROCESS		63	0.39144555	1.5795746	0.0102214655	0.16964434	1.0	3161	tags=38%, list=21%, signal=48%	
GOMF_LIPID_TRANSMEMBRANE_TRANSPORTER_ACTIVITY	GOMF_LIPID_TRANSMEMBRANE_TRANSPORTER_ACTIVITY		42	0.42010525	1.5790176	0.015228426	0.16991656	1.0	1568	tags=29%, list=10%, signal=32%	
HP_ABNORMAL_VENOUS_MORPHOLOGY	HP_ABNORMAL_VENOUS_MORPHOLOGY		138	0.33866167	1.5781511	0.0030165913	0.1705965	1.0	3947	tags=38%, list=26%, signal=52%	
GOBP_PEPTIDE_METABOLIC_PROCESS	GOBP_PEPTIDE_METABOLIC_PROCESS		55	0.39343193	1.5764456	0.009966778	0.17241627	1.0	4553	tags=47%, list=30%, signal=67%	
GOBP_INTESTINAL_ABSORPTION	GOBP_INTESTINAL_ABSORPTION		29	0.45838386	1.573777	0.018115941	0.17564982	1.0	915	tags=28%, list=6%, signal=29%	
GOMF_GLUTATHIONE_PEROXIDASE_ACTIVITY	GOMF_GLUTATHIONE_PEROXIDASE_ACTIVITY		20	0.5030512	1.573632	0.025773196	0.17530479	1.0	2247	tags=40%, list=15%, signal=47%	
GOBP_RESPONSE_TO_TUMOR_NECROSIS_FACTOR	GOBP_RESPONSE_TO_TUMOR_NECROSIS_FACTOR		192	0.32200426	1.5735732	0.0014880953	0.17487717	1.0	2791	tags=28%, list=18%, signal=33%	
GOMF_ABC_TYPE_TRANSPORTER_ACTIVITY	GOMF_ABC_TYPE_TRANSPORTER_ACTIVITY		43	0.41668728	1.5730023	0.018644068	0.17511734	1.0	1421	tags=26%, list=9%, signal=28%	
HP_NEPHRONOPHTHISIS	HP_NEPHRONOPHTHISIS		36	0.4312441	1.5725319	0.027914613	0.17522204	1.0	4967	tags=58%, list=33%, signal=87%	
GOBP_RETINOL_METABOLIC_PROCESS	GOBP_RETINOL_METABOLIC_PROCESS		33	0.44852585	1.572266	0.017152658	0.17507099	1.0	2743	tags=36%, list=18%, signal=44%	
GOBP_POSITIVE_REGULATION_OF_MONONUCLEAR_CELL_MIGRATION	GOBP_POSITIVE_REGULATION_OF_MONONUCLEAR_CELL_MIGRATION		76	0.37190527	1.5714667	0.010526316	0.17572902	1.0	3200	tags=33%, list=21%, signal=42%	
GOBP_INTERSTRAND_CROSS_LINK_REPAIR	GOBP_INTERSTRAND_CROSS_LINK_REPAIR		40	0.42185062	1.571275	0.018644068	0.17553157	1.0	5640	tags=55%, list=37%, signal=88%	
GOBP_CARTILAGE_DEVELOPMENT_INVOLVED_IN_ENDOCHONDRAL_BONE_MORPHOGENESIS	GOBP_CARTILAGE_DEVELOPMENT_INVOLVED_IN_ENDOCHONDRAL_BONE_MORPHOGENESIS		33	0.44635642	1.5698645	0.018835617	0.17695728	1.0	3750	tags=42%, list=25%, signal=56%	
GOMF_HORMONE_ACTIVITY	GOMF_HORMONE_ACTIVITY		79	0.37351298	1.569539	0.008169935	0.17694688	1.0	3583	tags=47%, list=24%, signal=61%	
GOMF_NON_MEMBRANE_SPANNING_PROTEIN_TYROSINE_KINASE_ACTIVITY	GOMF_NON_MEMBRANE_SPANNING_PROTEIN_TYROSINE_KINASE_ACTIVITY		40	0.42075238	1.5687696	0.025684932	0.17747763	1.0	3848	tags=43%, list=25%, signal=57%	
GOBP_DEOXYRIBONUCLEOTIDE_CATABOLIC_PROCESS	GOBP_DEOXYRIBONUCLEOTIDE_CATABOLIC_PROCESS		28	0.46291327	1.5684179	0.027586207	0.1775391	1.0	1886	tags=32%, list=12%, signal=37%	
GOBP_REGULATION_OF_CHOLESTEROL_METABOLIC_PROCESS	GOBP_REGULATION_OF_CHOLESTEROL_METABOLIC_PROCESS		38	0.43378702	1.5682716	0.019855596	0.17724426	1.0	2344	tags=29%, list=16%, signal=34%	
HP_ELEVATED_CIRCULATING_THYROID_STIMULATING_HORMONE_CONCENTRATION	HP_ELEVATED_CIRCULATING_THYROID_STIMULATING_HORMONE_CONCENTRATION		27	0.46173438	1.567603	0.030357143	0.17770499	1.0	2907	tags=41%, list=19%, signal=50%	
GOBP_EPIDERMAL_CELL_DIFFERENTIATION	GOBP_EPIDERMAL_CELL_DIFFERENTIATION		157	0.3307073	1.5674533	0.00155521	0.17740381	1.0	4903	tags=48%, list=32%, signal=71%	
GOBP_SINGLE_FERTILIZATION	GOBP_SINGLE_FERTILIZATION		121	0.34139836	1.5669554	0.0015948963	0.17759678	1.0	3531	tags=36%, list=23%, signal=46%	
GOBP_CELL_SURFACE_RECEPTOR_SIGNALING_PATHWAY_VIA_STAT	GOBP_CELL_SURFACE_RECEPTOR_SIGNALING_PATHWAY_VIA_STAT		100	0.35655951	1.5669276	0.003236246	0.1771539	1.0	771	tags=17%, list=5%, signal=18%	
GOBP_REGULATION_OF_SYNCYTIUM_FORMATION_BY_PLASMA_MEMBRANE_FUSION	GOBP_REGULATION_OF_SYNCYTIUM_FORMATION_BY_PLASMA_MEMBRANE_FUSION		20	0.501207	1.5652543	0.03448276	0.1790253	1.0	2620	tags=45%, list=17%, signal=54%	
GOBP_MESODERM_MORPHOGENESIS	GOBP_MESODERM_MORPHOGENESIS		62	0.38044193	1.5650162	0.011647254	0.17879048	1.0	5310	tags=55%, list=35%, signal=84%	
GOCC_STEREOCILIUM_BUNDLE	GOCC_STEREOCILIUM_BUNDLE		59	0.3889013	1.5650061	0.0	0.17832261	1.0	4158	tags=49%, list=28%, signal=68%	
GOBP_POSITIVE_REGULATION_OF_T_CELL_MEDIATED_IMMUNITY	GOBP_POSITIVE_REGULATION_OF_T_CELL_MEDIATED_IMMUNITY		52	0.40321633	1.5649407	0.011824325	0.1779625	1.0	2896	tags=40%, list=19%, signal=50%	
HP_NON_OBSTRUCTIVE_AZOOSPERMIA	HP_NON_OBSTRUCTIVE_AZOOSPERMIA		44	0.4086712	1.563918	0.011864407	0.17894717	1.0	2489	tags=34%, list=16%, signal=41%	
HP_RECURRENT_ASPERGILLUS_INFECTIONS	HP_RECURRENT_ASPERGILLUS_INFECTIONS		18	0.5180265	1.5636704	0.034234233	0.17875849	1.0	1774	tags=33%, list=12%, signal=38%	
HP_INCREASED_CIRCULATING_IGA_CONCENTRATION	HP_INCREASED_CIRCULATING_IGA_CONCENTRATION		28	0.46892625	1.5636489	0.020833334	0.17830038	1.0	3982	tags=43%, list=26%, signal=58%	
GOBP_NEGATIVE_REGULATION_OF_CELL_KILLING	GOBP_NEGATIVE_REGULATION_OF_CELL_KILLING		25	0.47134095	1.5632954	0.030303031	0.17835458	1.0	1718	tags=28%, list=11%, signal=32%	
HP_ABNORMAL_BRONCHUS_MORPHOLOGY	HP_ABNORMAL_BRONCHUS_MORPHOLOGY		180	0.3245576	1.5632566	0.0	0.177911	1.0	2937	tags=30%, list=19%, signal=37%	
GOMF_PHOSPHOLIPASE_ACTIVITY	GOMF_PHOSPHOLIPASE_ACTIVITY		113	0.34520677	1.5632219	0.003241491	0.17749265	1.0	4903	tags=49%, list=32%, signal=72%	
HP_POIKILOCYTOSIS	HP_POIKILOCYTOSIS		49	0.40777004	1.5630169	0.017636685	0.1772994	1.0	4502	tags=53%, list=30%, signal=75%	
GOBP_REGULATION_OF_DEFENSE_RESPONSE_TO_VIRUS_BY_HOST	GOBP_REGULATION_OF_DEFENSE_RESPONSE_TO_VIRUS_BY_HOST		36	0.4310911	1.5617296	0.017361112	0.17862774	1.0	2945	tags=39%, list=19%, signal=48%	
HP_PANCREATITIS	HP_PANCREATITIS		78	0.36942148	1.5616219	0.009478673	0.17830522	1.0	5140	tags=47%, list=34%, signal=72%	
GOBP_SECONDARY_ALCOHOL_METABOLIC_PROCESS	GOBP_SECONDARY_ALCOHOL_METABOLIC_PROCESS		125	0.341027	1.5613712	0.006006006	0.17821148	1.0	2856	tags=28%, list=19%, signal=34%	
GOBP_NEGATIVE_REGULATION_OF_T_CELL_PROLIFERATION	GOBP_NEGATIVE_REGULATION_OF_T_CELL_PROLIFERATION		58	0.39404425	1.5609787	0.016393442	0.17829652	1.0	3826	tags=43%, list=25%, signal=57%	
HP_POLYURIA	HP_POLYURIA		32	0.45275164	1.5607445	0.01836394	0.17815015	1.0	3382	tags=47%, list=22%, signal=60%	
GOBP_INTRACELLULAR_ZINC_ION_HOMEOSTASIS	GOBP_INTRACELLULAR_ZINC_ION_HOMEOSTASIS		26	0.4690009	1.5603012	0.036585364	0.17827731	1.0	4555	tags=58%, list=30%, signal=82%	
HP_ABNORMAL_EPIDIDYMIS_MORPHOLOGY	HP_ABNORMAL_EPIDIDYMIS_MORPHOLOGY		20	0.49818137	1.5599222	0.034843206	0.17839694	1.0	1263	tags=30%, list=8%, signal=33%	
GOMF_CHEMOKINE_RECEPTOR_BINDING	GOMF_CHEMOKINE_RECEPTOR_BINDING		36	0.43516052	1.559669	0.026269702	0.17826912	1.0	3558	tags=50%, list=24%, signal=65%	
HP_EPIPHYSEAL_STIPPLING	HP_EPIPHYSEAL_STIPPLING		36	0.4309252	1.5593247	0.017889088	0.17825198	1.0	5250	tags=58%, list=35%, signal=89%	
GOCC_PLATELET_ALPHA_GRANULE_LUMEN	GOCC_PLATELET_ALPHA_GRANULE_LUMEN		53	0.39105543	1.5585507	0.015544041	0.17883477	1.0	1481	tags=19%, list=10%, signal=21%	
GOBP_RESPONSE_TO_VIRUS	GOBP_RESPONSE_TO_VIRUS		338	0.2987863	1.5581481	0.0	0.17894264	1.0	2800	tags=25%, list=19%, signal=30%	
GOBP_NEGATIVE_REGULATION_OF_T_CELL_APOPTOTIC_PROCESS	GOBP_NEGATIVE_REGULATION_OF_T_CELL_APOPTOTIC_PROCESS		20	0.49108785	1.5579083	0.023131672	0.1787911	1.0	1626	tags=25%, list=11%, signal=28%	
GOBP_REGULATION_OF_ALPHA_BETA_T_CELL_ACTIVATION	GOBP_REGULATION_OF_ALPHA_BETA_T_CELL_ACTIVATION		78	0.36912307	1.5578946	0.003338898	0.17835295	1.0	3375	tags=36%, list=22%, signal=46%	
GOBP_RESPONSE_TO_TESTOSTERONE	GOBP_RESPONSE_TO_TESTOSTERONE		41	0.4200151	1.5541017	0.020134227	0.18323034	1.0	2411	tags=27%, list=16%, signal=32%	
GOBP_GAMMA_AMINOBUTYRIC_ACID_SIGNALING_PATHWAY	GOBP_GAMMA_AMINOBUTYRIC_ACID_SIGNALING_PATHWAY		24	0.4760467	1.553148	0.028070176	0.18413295	1.0	4661	tags=67%, list=31%, signal=96%	
GOBP_LIPID_OXIDATION	GOBP_LIPID_OXIDATION		95	0.35398504	1.5531414	0.009463723	0.18366516	1.0	4254	tags=39%, list=28%, signal=54%	
GOBP_NATURAL_KILLER_CELL_MEDIATED_IMMUNITY	GOBP_NATURAL_KILLER_CELL_MEDIATED_IMMUNITY		54	0.39650375	1.5517623	0.013157895	0.1852339	1.0	4229	tags=44%, list=28%, signal=61%	
HP_ABNORMAL_CAROTID_ARTERY_MORPHOLOGY	HP_ABNORMAL_CAROTID_ARTERY_MORPHOLOGY		67	0.37530658	1.5517354	0.013333334	0.18478271	1.0	3498	tags=33%, list=23%, signal=43%	
GOBP_POSITIVE_REGULATION_OF_MULTICELLULAR_ORGANISM_GROWTH	GOBP_POSITIVE_REGULATION_OF_MULTICELLULAR_ORGANISM_GROWTH		26	0.4703473	1.5511466	0.034782607	0.1852118	1.0	3508	tags=46%, list=23%, signal=60%	
HP_HOARSE_VOICE	HP_HOARSE_VOICE		96	0.3505668	1.5506817	0.006472492	0.18536977	1.0	3290	tags=33%, list=22%, signal=42%	
GOBP_ALDITOL_METABOLIC_PROCESS	GOBP_ALDITOL_METABOLIC_PROCESS		16	0.5300155	1.5498911	0.03119584	0.18599056	1.0	3249	tags=56%, list=22%, signal=72%	
HP_ABNORMAL_SALIVARY_GLAND_MORPHOLOGY	HP_ABNORMAL_SALIVARY_GLAND_MORPHOLOGY		23	0.46726885	1.549041	0.041742288	0.18686156	1.0	2793	tags=43%, list=18%, signal=53%	
GOMF_PHOSPHOLIPASE_BINDING	GOMF_PHOSPHOLIPASE_BINDING		15	0.5304488	1.5489398	0.05924596	0.18658379	1.0	4144	tags=60%, list=27%, signal=83%	
GOBP_LIPID_CATABOLIC_PROCESS	GOBP_LIPID_CATABOLIC_PROCESS		272	0.30387187	1.5485321	0.0014044944	0.18671519	1.0	4175	tags=37%, list=28%, signal=50%	
GOBP_MALE_GAMETE_GENERATION	GOBP_MALE_GAMETE_GENERATION		499	0.28554058	1.5476967	0.0	0.18747042	1.0	3837	tags=34%, list=25%, signal=44%	
GOMF_G_PROTEIN_COUPLED_RECEPTOR_ACTIVITY	GOMF_G_PROTEIN_COUPLED_RECEPTOR_ACTIVITY		296	0.30227533	1.5464374	0.0014204546	0.18882053	1.0	4856	tags=50%, list=32%, signal=72%	
GOBP_EPIDERMIS_DEVELOPMENT	GOBP_EPIDERMIS_DEVELOPMENT		280	0.30432388	1.5457839	0.0	0.18929943	1.0	3749	tags=35%, list=25%, signal=46%	
GOBP_MALE_MEIOSIS_I	GOBP_MALE_MEIOSIS_I		18	0.5005005	1.545088	0.029962547	0.18981802	1.0	3280	tags=44%, list=22%, signal=57%	
GOBP_REGULATION_OF_VENTRICULAR_CARDIAC_MUSCLE_CELL_MEMBRANE_REPOLARIZATION	GOBP_REGULATION_OF_VENTRICULAR_CARDIAC_MUSCLE_CELL_MEMBRANE_REPOLARIZATION		17	0.51418173	1.543909	0.042628776	0.19106191	1.0	2087	tags=41%, list=14%, signal=48%	
GOBP_DEFENSE_RESPONSE_TO_GRAM_POSITIVE_BACTERIUM	GOBP_DEFENSE_RESPONSE_TO_GRAM_POSITIVE_BACTERIUM		65	0.38112113	1.5435709	0.014263075	0.1910886	1.0	3522	tags=43%, list=23%, signal=56%	
GOBP_PROXIMAL_DISTAL_PATTERN_FORMATION	GOBP_PROXIMAL_DISTAL_PATTERN_FORMATION		32	0.429265	1.5434024	0.02233677	0.19082429	1.0	3215	tags=38%, list=21%, signal=48%	
GOBP_REGULATION_OF_SYSTEMIC_ARTERIAL_BLOOD_PRESSURE_MEDIATED_BY_A_CHEMICAL_SIGNAL	GOBP_REGULATION_OF_SYSTEMIC_ARTERIAL_BLOOD_PRESSURE_MEDIATED_BY_A_CHEMICAL_SIGNAL		39	0.418728	1.543395	0.032871973	0.19036457	1.0	3565	tags=49%, list=24%, signal=64%	
GOBP_STEROL_HOMEOSTASIS	GOBP_STEROL_HOMEOSTASIS		71	0.3677612	1.5433527	0.016835017	0.18998168	1.0	1385	tags=21%, list=9%, signal=23%	
GOBP_CELL_KILLING	GOBP_CELL_KILLING		151	0.32572585	1.5433482	0.0029542097	0.18952629	1.0	4059	tags=41%, list=27%, signal=56%	
GOBP_RESPONSE_TO_SALT	GOBP_RESPONSE_TO_SALT		21	0.49223778	1.5422267	0.023508137	0.19071417	1.0	2348	tags=38%, list=16%, signal=45%	
GOBP_INTERLEUKIN_2_PRODUCTION	GOBP_INTERLEUKIN_2_PRODUCTION		44	0.40597117	1.5422047	0.018675722	0.1902798	1.0	1649	tags=30%, list=11%, signal=33%	
HP_ABNORMAL_CIRCULATING_PROTEINOGENIC_AMINO_ACID_CONCENTRATION	HP_ABNORMAL_CIRCULATING_PROTEINOGENIC_AMINO_ACID_CONCENTRATION		100	0.34663954	1.5407467	0.0063593006	0.19191246	1.0	4262	tags=43%, list=28%, signal=59%	
HP_ABNORMAL_CIRCULATING_FATTY_ACID_CONCENTRATION	HP_ABNORMAL_CIRCULATING_FATTY_ACID_CONCENTRATION		70	0.3667355	1.5406774	0.009693054	0.19153447	1.0	3559	tags=36%, list=24%, signal=47%	
GOBP_INTERFERON_BETA_PRODUCTION	GOBP_INTERFERON_BETA_PRODUCTION		56	0.38768533	1.5398911	0.016103059	0.1921865	1.0	2681	tags=32%, list=18%, signal=39%	
HP_RETINAL_THINNING	HP_RETINAL_THINNING		26	0.45234737	1.5374838	0.026785715	0.19530247	1.0	2472	tags=35%, list=16%, signal=41%	
HP_BLADDER_DIVERTICULUM	HP_BLADDER_DIVERTICULUM		33	0.4373259	1.5373802	0.024013722	0.19499014	1.0	3241	tags=39%, list=21%, signal=50%	
HP_ALKALOSIS	HP_ALKALOSIS		24	0.46891096	1.5359249	0.029038113	0.19668975	1.0	4435	tags=63%, list=29%, signal=88%	
HP_ABNORMAL_TRACHEOBRONCHIAL_MORPHOLOGY	HP_ABNORMAL_TRACHEOBRONCHIAL_MORPHOLOGY		328	0.29487288	1.5355954	0.0013927576	0.1966902	1.0	3451	tags=30%, list=23%, signal=37%	
GOBP_CELLULAR_RESPONSE_TO_OSMOTIC_STRESS	GOBP_CELLULAR_RESPONSE_TO_OSMOTIC_STRESS		55	0.38887092	1.5355161	0.013888889	0.1963423	1.0	2254	tags=24%, list=15%, signal=28%	
HP_AUTOIMMUNE_ANTIBODY_POSITIVITY	HP_AUTOIMMUNE_ANTIBODY_POSITIVITY		137	0.33215222	1.5337613	0.004702194	0.1986849	1.0	3736	tags=36%, list=25%, signal=48%	
GOBP_FATTY_ACID_CATABOLIC_PROCESS	GOBP_FATTY_ACID_CATABOLIC_PROCESS		93	0.3524933	1.5324628	0.012738854	0.20024696	1.0	3559	tags=34%, list=24%, signal=45%	
GOBP_GLYCOLYTIC_PROCESS_THROUGH_FRUCTOSE_6_PHOSPHATE	GOBP_GLYCOLYTIC_PROCESS_THROUGH_FRUCTOSE_6_PHOSPHATE		22	0.4822749	1.5323186	0.033955857	0.1999971	1.0	5095	tags=68%, list=34%, signal=103%	
GOBP_FATTY_ACID_BETA_OXIDATION	GOBP_FATTY_ACID_BETA_OXIDATION		66	0.37039277	1.5320685	0.00955414	0.1998915	1.0	3521	tags=33%, list=23%, signal=43%	
GOCC_BASAL_PART_OF_CELL	GOCC_BASAL_PART_OF_CELL		258	0.30230245	1.532052	0.0	0.19944862	1.0	3442	tags=30%, list=23%, signal=38%	
GOBP_SERTOLI_CELL_DEVELOPMENT	GOBP_SERTOLI_CELL_DEVELOPMENT		15	0.5358183	1.5318992	0.033834588	0.19921422	1.0	1370	tags=33%, list=9%, signal=37%	
GOMF_GABA_A_RECEPTOR_ACTIVITY	GOMF_GABA_A_RECEPTOR_ACTIVITY		15	0.53788334	1.5310558	0.053903345	0.19994952	1.0	4661	tags=73%, list=31%, signal=106%	
GOCC_POLE_PLASM	GOCC_POLE_PLASM		18	0.50429106	1.5306331	0.047016274	0.20008881	1.0	3766	tags=56%, list=25%, signal=74%	
HP_DECREASED_GLOMERULAR_FILTRATION_RATE	HP_DECREASED_GLOMERULAR_FILTRATION_RATE		24	0.47092417	1.529037	0.033333335	0.20192581	1.0	2462	tags=33%, list=16%, signal=40%	
GOBP_FATTY_ACID_METABOLIC_PROCESS	GOBP_FATTY_ACID_METABOLIC_PROCESS		321	0.2970751	1.5283784	0.0	0.20251876	1.0	3559	tags=31%, list=24%, signal=40%	
HP_REDUCED_SYSTOLIC_FUNCTION	HP_REDUCED_SYSTOLIC_FUNCTION		16	0.5163703	1.5282209	0.056261342	0.2022666	1.0	4797	tags=75%, list=32%, signal=110%	
GOBP_LEUKOCYTE_TETHERING_OR_ROLLING	GOBP_LEUKOCYTE_TETHERING_OR_ROLLING		22	0.465068	1.5279309	0.028673835	0.20224062	1.0	2876	tags=41%, list=19%, signal=50%	
GOBP_NEGATIVE_REGULATION_OF_PRODUCTION_OF_MOLECULAR_MEDIATOR_OF_IMMUNE_RESPONSE	GOBP_NEGATIVE_REGULATION_OF_PRODUCTION_OF_MOLECULAR_MEDIATOR_OF_IMMUNE_RESPONSE		28	0.44920447	1.5278544	0.032094594	0.20188077	1.0	3667	tags=50%, list=24%, signal=66%	
GOBP_MAINTENANCE_OF_BLOOD_BRAIN_BARRIER	GOBP_MAINTENANCE_OF_BLOOD_BRAIN_BARRIER		36	0.4130435	1.5268954	0.031147541	0.20282544	1.0	3749	tags=44%, list=25%, signal=59%	
GOBP_CELLULAR_EXTRAVASATION	GOBP_CELLULAR_EXTRAVASATION		56	0.3811752	1.5267752	0.01655629	0.20253982	1.0	2900	tags=34%, list=19%, signal=42%	
HP_NEPHROCALCINOSIS	HP_NEPHROCALCINOSIS		85	0.35192147	1.526706	0.0062695923	0.20216803	1.0	3587	tags=40%, list=24%, signal=52%	
GOBP_CELL_CELL_RECOGNITION	GOBP_CELL_CELL_RECOGNITION		50	0.39325106	1.5255215	0.011456628	0.20366691	1.0	1412	tags=26%, list=9%, signal=29%	
HP_INCREASED_PROTEINOGENIC_AMINO_ACID_LEVEL_IN_URINE	HP_INCREASED_PROTEINOGENIC_AMINO_ACID_LEVEL_IN_URINE		39	0.41627997	1.5242327	0.033955857	0.20514897	1.0	4212	tags=44%, list=28%, signal=60%	
GOBP_PYRIMIDINE_DEOXYRIBONUCLEOTIDE_METABOLIC_PROCESS	GOBP_PYRIMIDINE_DEOXYRIBONUCLEOTIDE_METABOLIC_PROCESS		22	0.4782332	1.5236415	0.029010238	0.20562848	1.0	3828	tags=45%, list=25%, signal=61%	
HP_ABNORMAL_INTRAHEPATIC_BILE_DUCT_MORPHOLOGY	HP_ABNORMAL_INTRAHEPATIC_BILE_DUCT_MORPHOLOGY		30	0.43576735	1.5233048	0.023489933	0.20563938	1.0	3712	tags=47%, list=25%, signal=62%	
GOBP_POSITIVE_REGULATION_OF_IMMUNE_EFFECTOR_PROCESS	GOBP_POSITIVE_REGULATION_OF_IMMUNE_EFFECTOR_PROCESS		186	0.31186634	1.5232991	0.001459854	0.20518257	1.0	3268	tags=32%, list=22%, signal=41%	
GOBP_REGULATION_OF_CELL_KILLING	GOBP_REGULATION_OF_CELL_KILLING		76	0.36140785	1.5225435	0.012820513	0.20594731	1.0	2898	tags=33%, list=19%, signal=40%	
GOBP_NUCLEOBASE_CONTAINING_SMALL_MOLECULE_CATABOLIC_PROCESS	GOBP_NUCLEOBASE_CONTAINING_SMALL_MOLECULE_CATABOLIC_PROCESS		22	0.47112185	1.5217382	0.041739132	0.20664743	1.0	3993	tags=55%, list=26%, signal=74%	
GOMF_CARBON_CARBON_LYASE_ACTIVITY	GOMF_CARBON_CARBON_LYASE_ACTIVITY		45	0.39652395	1.5217108	0.021558871	0.20621601	1.0	3359	tags=40%, list=22%, signal=51%	
GOBP_ALPHA_BETA_T_CELL_ACTIVATION	GOBP_ALPHA_BETA_T_CELL_ACTIVATION		132	0.32921648	1.5214498	0.0014814815	0.20614347	1.0	3406	tags=34%, list=23%, signal=44%	
HP_ABNORMAL_MAGNESIUM_CONCENTRATION	HP_ABNORMAL_MAGNESIUM_CONCENTRATION		26	0.45281872	1.5210904	0.036585364	0.2062292	1.0	3392	tags=54%, list=22%, signal=69%	
GOBP_COMPLEMENT_ACTIVATION	GOBP_COMPLEMENT_ACTIVATION		38	0.41139066	1.5209898	0.024475524	0.20592655	1.0	3369	tags=42%, list=22%, signal=54%	
GOBP_REGULATION_OF_VASOCONSTRICTION	GOBP_REGULATION_OF_VASOCONSTRICTION		55	0.38135767	1.5205644	0.016638935	0.20617415	1.0	4893	tags=60%, list=32%, signal=88%	
HP_HYPERKALEMIA	HP_HYPERKALEMIA		34	0.4206954	1.5187892	0.030050084	0.20833834	1.0	1919	tags=26%, list=13%, signal=30%	
HP_ABNORMAL_RENAL_TUBULE_MORPHOLOGY	HP_ABNORMAL_RENAL_TUBULE_MORPHOLOGY		84	0.35498375	1.5183227	0.014240506	0.2087016	1.0	2636	tags=31%, list=17%, signal=37%	
GOBP_REGULATION_OF_INFLAMMATORY_RESPONSE	GOBP_REGULATION_OF_INFLAMMATORY_RESPONSE		291	0.29798508	1.5165807	0.0014005603	0.21097572	1.0	3583	tags=33%, list=24%, signal=42%	
HP_ABNORMAL_ARTERIAL_PHYSIOLOGY	HP_ABNORMAL_ARTERIAL_PHYSIOLOGY		134	0.33052346	1.5164433	0.004538578	0.21071103	1.0	4641	tags=40%, list=31%, signal=57%	
HP_INCREASED_CIRCULATING_GONADOTROPIN_LEVEL	HP_INCREASED_CIRCULATING_GONADOTROPIN_LEVEL		70	0.3685422	1.515801	0.013245033	0.21127084	1.0	3260	tags=36%, list=22%, signal=45%	
HP_CHOLESTASIS	HP_CHOLESTASIS		239	0.30396053	1.5140874	0.001447178	0.21346755	1.0	4361	tags=41%, list=29%, signal=56%	
GOBP_CELLULAR_RESPONSE_TO_TOXIC_SUBSTANCE	GOBP_CELLULAR_RESPONSE_TO_TOXIC_SUBSTANCE		111	0.33270046	1.5125881	0.011182109	0.21542263	1.0	2586	tags=26%, list=17%, signal=31%	
HP_FOLLICULAR_HYPERKERATOSIS	HP_FOLLICULAR_HYPERKERATOSIS		25	0.4568382	1.5123938	0.03417266	0.21523151	1.0	3504	tags=44%, list=23%, signal=57%	
GOBP_NEGATIVE_REGULATION_OF_LYMPHOCYTE_ACTIVATION	GOBP_NEGATIVE_REGULATION_OF_LYMPHOCYTE_ACTIVATION		127	0.32787085	1.5112879	0.009090909	0.21650733	1.0	3375	tags=35%, list=22%, signal=44%	
GOMF_COA_LIGASE_ACTIVITY	GOMF_COA_LIGASE_ACTIVITY		20	0.486103	1.510556	0.034782607	0.21725571	1.0	1716	tags=35%, list=11%, signal=39%	
HP_SKIN_PLAQUE	HP_SKIN_PLAQUE		37	0.4127032	1.5105518	0.025996534	0.21678953	1.0	2937	tags=38%, list=19%, signal=47%	
GOBP_NEGATIVE_REGULATION_OF_LEUKOCYTE_PROLIFERATION	GOBP_NEGATIVE_REGULATION_OF_LEUKOCYTE_PROLIFERATION		76	0.357902	1.5104439	0.009787928	0.21650706	1.0	2821	tags=33%, list=19%, signal=40%	
GOBP_DNA_REPLICATION_INITIATION	GOBP_DNA_REPLICATION_INITIATION		34	0.4195702	1.5102961	0.038394414	0.21627061	1.0	4379	tags=44%, list=29%, signal=62%	
GOCC_APICAL_JUNCTION_COMPLEX	GOCC_APICAL_JUNCTION_COMPLEX		128	0.32431626	1.509727	0.004658385	0.21670751	1.0	1613	tags=23%, list=11%, signal=25%	
HP_GASTRITIS	HP_GASTRITIS		18	0.4910143	1.5095531	0.033989266	0.21656586	1.0	2867	tags=50%, list=19%, signal=62%	
GOCC_SPERM_PRINCIPAL_PIECE	GOCC_SPERM_PRINCIPAL_PIECE		27	0.45597342	1.5093757	0.040998217	0.21634305	1.0	3675	tags=48%, list=24%, signal=64%	
GOCC_INTRACILIARY_TRANSPORT_PARTICLE	GOCC_INTRACILIARY_TRANSPORT_PARTICLE		26	0.45605245	1.509315	0.035714287	0.21597737	1.0	2217	tags=35%, list=15%, signal=40%	
GOBP_ISOPRENOID_METABOLIC_PROCESS	GOBP_ISOPRENOID_METABOLIC_PROCESS		82	0.35510287	1.5086522	0.012131716	0.21657167	1.0	3161	tags=33%, list=21%, signal=41%	
GOBP_RESPONSE_TO_PROTOZOAN	GOBP_RESPONSE_TO_PROTOZOAN		18	0.4979449	1.508628	0.04393673	0.21613665	1.0	3131	tags=50%, list=21%, signal=63%	
GOMF_OXIDOREDUCTASE_ACTIVITY_ACTING_ON_THE_CH_NH2_GROUP_OF_DONORS	GOMF_OXIDOREDUCTASE_ACTIVITY_ACTING_ON_THE_CH_NH2_GROUP_OF_DONORS		17	0.5136381	1.5084114	0.04475043	0.21604262	1.0	1830	tags=35%, list=12%, signal=40%	
GOBP_LEUKOCYTE_PROLIFERATION	GOBP_LEUKOCYTE_PROLIFERATION		263	0.29800254	1.5078542	0.0	0.21647386	1.0	3850	tags=35%, list=25%, signal=46%	
GOCC_CLUSTER_OF_ACTIN_BASED_CELL_PROJECTIONS	GOCC_CLUSTER_OF_ACTIN_BASED_CELL_PROJECTIONS		136	0.3236519	1.5077918	0.0030487804	0.21611921	1.0	4022	tags=41%, list=27%, signal=56%	
HP_ABNORMAL_NEPHRON_MORPHOLOGY	HP_ABNORMAL_NEPHRON_MORPHOLOGY		219	0.29980868	1.5077358	0.0028129395	0.21574807	1.0	3382	tags=30%, list=22%, signal=38%	
GOBP_REGULATION_OF_CELLULAR_EXTRAVASATION	GOBP_REGULATION_OF_CELLULAR_EXTRAVASATION		30	0.4360607	1.5071135	0.037906136	0.21622176	1.0	2900	tags=40%, list=19%, signal=49%	
HP_RECURRENT_HAEMOPHILUS_INFLUENZAE_INFECTIONS	HP_RECURRENT_HAEMOPHILUS_INFLUENZAE_INFECTIONS		18	0.4929734	1.5067617	0.040515654	0.21638992	1.0	1832	tags=33%, list=12%, signal=38%	
GOBP_CYTOKINE_PRODUCTION_INVOLVED_IN_IMMUNE_RESPONSE	GOBP_CYTOKINE_PRODUCTION_INVOLVED_IN_IMMUNE_RESPONSE		89	0.337047	1.5055498	0.0176	0.21784674	1.0	2919	tags=33%, list=19%, signal=40%	
GOMF_NADPLUS_PROTEIN_MONO_ADP_RIBOSYLTRANSFERASE_ACTIVITY	GOMF_NADPLUS_PROTEIN_MONO_ADP_RIBOSYLTRANSFERASE_ACTIVITY		21	0.47704774	1.5051812	0.048042703	0.21798769	1.0	2497	tags=48%, list=17%, signal=57%	
GOBP_ANTIVIRAL_INNATE_IMMUNE_RESPONSE	GOBP_ANTIVIRAL_INNATE_IMMUNE_RESPONSE		58	0.36995393	1.5051581	0.021138212	0.21756858	1.0	2486	tags=28%, list=16%, signal=33%	
GOBP_LEUKOCYTE_ADHESION_TO_VASCULAR_ENDOTHELIAL_CELL	GOBP_LEUKOCYTE_ADHESION_TO_VASCULAR_ENDOTHELIAL_CELL		34	0.42477357	1.5045173	0.034129694	0.21816485	1.0	3396	tags=41%, list=22%, signal=53%	
GOMF_MHC_PROTEIN_COMPLEX_BINDING	GOMF_MHC_PROTEIN_COMPLEX_BINDING		28	0.44457334	1.5040027	0.03442029	0.2185851	1.0	964	tags=25%, list=6%, signal=27%	
GOBP_TRANSFORMING_GROWTH_FACTOR_BETA_PRODUCTION	GOBP_TRANSFORMING_GROWTH_FACTOR_BETA_PRODUCTION		26	0.44705263	1.5035591	0.027210884	0.21887694	1.0	3580	tags=42%, list=24%, signal=55%	
GOMF_LIPASE_ACTIVITY	GOMF_LIPASE_ACTIVITY		133	0.32338184	1.5033454	0.0063091484	0.2187556	1.0	4292	tags=41%, list=28%, signal=57%	
HP_AZOOSPERMIA	HP_AZOOSPERMIA		98	0.34253606	1.5032337	0.012924071	0.21844648	1.0	2539	tags=28%, list=17%, signal=33%	
GOBP_NEGATIVE_REGULATION_OF_LEUKOCYTE_CELL_CELL_ADHESION	GOBP_NEGATIVE_REGULATION_OF_LEUKOCYTE_CELL_CELL_ADHESION		108	0.33341235	1.5031741	0.014240506	0.21806508	1.0	3835	tags=37%, list=25%, signal=49%	
GOBP_NEGATIVE_REGULATION_OF_INFLAMMATORY_RESPONSE	GOBP_NEGATIVE_REGULATION_OF_INFLAMMATORY_RESPONSE		119	0.32842758	1.5021813	0.00792393	0.21921828	1.0	3305	tags=30%, list=22%, signal=38%	
GOBP_INTRACILIARY_TRANSPORT	GOBP_INTRACILIARY_TRANSPORT		50	0.38786605	1.50215	0.026666667	0.21880184	1.0	2852	tags=32%, list=19%, signal=39%	
GOBP_AMINOGLYCAN_CATABOLIC_PROCESS	GOBP_AMINOGLYCAN_CATABOLIC_PROCESS		24	0.45571136	1.5020328	0.04920914	0.2185316	1.0	2848	tags=33%, list=19%, signal=41%	
GOMF_VITAMIN_BINDING	GOMF_VITAMIN_BINDING		122	0.33316332	1.5014727	0.009036144	0.21903746	1.0	2644	tags=28%, list=17%, signal=34%	
GOBP_LEUKOCYTE_MIGRATION	GOBP_LEUKOCYTE_MIGRATION		297	0.29336864	1.5007411	0.0013869626	0.2197901	1.0	3505	tags=33%, list=23%, signal=43%	
GOBP_T_CELL_PROLIFERATION	GOBP_T_CELL_PROLIFERATION		166	0.31415853	1.5006835	0.0014662757	0.21943994	1.0	3848	tags=38%, list=25%, signal=50%	
GOCC_BLOOD_MICROPARTICLE	GOCC_BLOOD_MICROPARTICLE		75	0.35845137	1.5006533	0.016103059	0.21903777	1.0	3360	tags=35%, list=22%, signal=44%	
GOBP_NEGATIVE_REGULATION_OF_CYTOKINE_PRODUCTION_INVOLVED_IN_IMMUNE_RESPONSE	GOBP_NEGATIVE_REGULATION_OF_CYTOKINE_PRODUCTION_INVOLVED_IN_IMMUNE_RESPONSE		20	0.48376876	1.5005158	0.05	0.21879394	1.0	3667	tags=50%, list=24%, signal=66%	
GOMF_PENTOSYLTRANSFERASE_ACTIVITY	GOMF_PENTOSYLTRANSFERASE_ACTIVITY		46	0.39877257	1.5002002	0.02457467	0.2188142	1.0	3180	tags=39%, list=21%, signal=49%	
GOMF_VITAMIN_B6_BINDING	GOMF_VITAMIN_B6_BINDING		46	0.40026075	1.4997746	0.021352313	0.21903679	1.0	3568	tags=39%, list=24%, signal=51%	
HP_AMELOGENESIS_IMPERFECTA	HP_AMELOGENESIS_IMPERFECTA		25	0.45206413	1.4980294	0.04472272	0.22140974	1.0	2636	tags=32%, list=17%, signal=39%	
GOBP_ACYL_COA_METABOLIC_PROCESS	GOBP_ACYL_COA_METABOLIC_PROCESS		82	0.34869707	1.4979281	0.025974026	0.2211152	1.0	3508	tags=34%, list=23%, signal=44%	
GOCC_MICROBODY_LUMEN	GOCC_MICROBODY_LUMEN		44	0.39051923	1.4968708	0.02724359	0.22232983	1.0	3261	tags=39%, list=22%, signal=49%	
HP_CHRONIC_ORAL_CANDIDIASIS	HP_CHRONIC_ORAL_CANDIDIASIS		22	0.4681299	1.4964417	0.05065666	0.22264642	1.0	6489	tags=82%, list=43%, signal=143%	
HP_SUBVALVULAR_AORTIC_STENOSIS	HP_SUBVALVULAR_AORTIC_STENOSIS		19	0.48247615	1.4963648	0.051903114	0.2223241	1.0	4847	tags=58%, list=32%, signal=85%	
GOBP_INTERLEUKIN_10_PRODUCTION	GOBP_INTERLEUKIN_10_PRODUCTION		41	0.40005007	1.4961592	0.038590603	0.22224206	1.0	2982	tags=39%, list=20%, signal=48%	
GOBP_REGULATION_OF_LYMPHOCYTE_MIGRATION	GOBP_REGULATION_OF_LYMPHOCYTE_MIGRATION		52	0.3793953	1.4957943	0.025210084	0.22239377	1.0	2900	tags=40%, list=19%, signal=50%	
GOCC_9PLUS0_NON_MOTILE_CILIUM	GOCC_9PLUS0_NON_MOTILE_CILIUM		105	0.33472106	1.4956666	0.009708738	0.22212617	1.0	2472	tags=29%, list=16%, signal=34%	
GOBP_TISSUE_HOMEOSTASIS	GOBP_TISSUE_HOMEOSTASIS		227	0.30383593	1.4942577	0.0014619883	0.22403492	1.0	3850	tags=36%, list=25%, signal=48%	
GOBP_TYROSINE_PHOSPHORYLATION_OF_STAT_PROTEIN	GOBP_TYROSINE_PHOSPHORYLATION_OF_STAT_PROTEIN		22	0.46729714	1.4937633	0.046181172	0.22435427	1.0	771	tags=27%, list=5%, signal=29%	
GOBP_PROTEIN_LOCALIZATION_TO_CELL_CELL_JUNCTION	GOBP_PROTEIN_LOCALIZATION_TO_CELL_CELL_JUNCTION		22	0.46190688	1.4931203	0.05253623	0.22488134	1.0	3749	tags=36%, list=25%, signal=48%	
GOBP_TRANSEPITHELIAL_TRANSPORT	GOBP_TRANSEPITHELIAL_TRANSPORT		35	0.41577107	1.4922874	0.025125628	0.2259077	1.0	3570	tags=37%, list=24%, signal=49%	
GOBP_RESPONSE_TO_INTERLEUKIN_4	GOBP_RESPONSE_TO_INTERLEUKIN_4		29	0.44075426	1.491852	0.03898305	0.22617294	1.0	2187	tags=34%, list=14%, signal=40%	
GOBP_POSITIVE_REGULATION_OF_BLOOD_PRESSURE	GOBP_POSITIVE_REGULATION_OF_BLOOD_PRESSURE		25	0.45649537	1.4915951	0.039783	0.22611809	1.0	3573	tags=44%, list=24%, signal=58%	
GOBP_LONG_CHAIN_FATTY_ACID_BIOSYNTHETIC_PROCESS	GOBP_LONG_CHAIN_FATTY_ACID_BIOSYNTHETIC_PROCESS		35	0.4211066	1.4910254	0.03723404	0.22668035	1.0	4254	tags=46%, list=28%, signal=63%	
GOMF_MECHANOSENSITIVE_MONOATOMIC_ION_CHANNEL_ACTIVITY	GOMF_MECHANOSENSITIVE_MONOATOMIC_ION_CHANNEL_ACTIVITY		17	0.50092727	1.490579	0.06902655	0.22701846	1.0	4387	tags=47%, list=29%, signal=66%	
HP_PERIPHERAL_ARTERIAL_STENOSIS	HP_PERIPHERAL_ARTERIAL_STENOSIS		19	0.47452274	1.4898546	0.046181172	0.22784968	1.0	1208	tags=26%, list=8%, signal=29%	
GOBP_T_CELL_MIGRATION	GOBP_T_CELL_MIGRATION		57	0.37452373	1.4892427	0.021103896	0.22841476	1.0	3595	tags=44%, list=24%, signal=57%	
GOBP_STEROID_METABOLIC_PROCESS	GOBP_STEROID_METABOLIC_PROCESS		251	0.29566792	1.4888867	0.002945508	0.2285427	1.0	3503	tags=30%, list=23%, signal=39%	
GOBP_POSITIVE_REGULATION_OF_PROTEIN_MATURATION	GOBP_POSITIVE_REGULATION_OF_PROTEIN_MATURATION		20	0.47025838	1.488651	0.057142857	0.22848697	1.0	2829	tags=40%, list=19%, signal=49%	
HP_PRIMARY_ADRENAL_INSUFFICIENCY	HP_PRIMARY_ADRENAL_INSUFFICIENCY		22	0.46598822	1.4882305	0.05272727	0.22873615	1.0	3895	tags=45%, list=26%, signal=61%	
GOBP_NEGATIVE_REGULATION_OF_MONONUCLEAR_CELL_MIGRATION	GOBP_NEGATIVE_REGULATION_OF_MONONUCLEAR_CELL_MIGRATION		26	0.44329324	1.4881662	0.04920914	0.22839294	1.0	3263	tags=46%, list=22%, signal=59%	
GOBP_POSITIVE_REGULATION_OF_NATURAL_KILLER_CELL_MEDIATED_CYTOTOXICITY	GOBP_POSITIVE_REGULATION_OF_NATURAL_KILLER_CELL_MEDIATED_CYTOTOXICITY		19	0.4829326	1.488055	0.05989111	0.22814138	1.0	1808	tags=32%, list=12%, signal=36%	
GOBP_BINDING_OF_SPERM_TO_ZONA_PELLUCIDA	GOBP_BINDING_OF_SPERM_TO_ZONA_PELLUCIDA		24	0.44587597	1.4877601	0.037523452	0.22817864	1.0	1301	tags=25%, list=9%, signal=27%	
HP_URETHRAL_STENOSIS	HP_URETHRAL_STENOSIS		52	0.37952703	1.4864804	0.031034483	0.22979932	1.0	3241	tags=37%, list=21%, signal=46%	
GOBP_NEGATIVE_REGULATION_OF_CELL_ACTIVATION	GOBP_NEGATIVE_REGULATION_OF_CELL_ACTIVATION		163	0.30704463	1.4851556	0.0043604653	0.23154473	1.0	3375	tags=32%, list=22%, signal=41%	
GOBP_REGULATION_OF_NEUTROPHIL_CHEMOTAXIS	GOBP_REGULATION_OF_NEUTROPHIL_CHEMOTAXIS		26	0.44465813	1.485101	0.04886562	0.23120278	1.0	3203	tags=38%, list=21%, signal=49%	
GOBP_ESTABLISHMENT_OF_PROTEIN_LOCALIZATION_TO_PEROXISOME	GOBP_ESTABLISHMENT_OF_PROTEIN_LOCALIZATION_TO_PEROXISOME		19	0.48157755	1.4850398	0.04291045	0.23086506	1.0	3895	tags=47%, list=26%, signal=64%	
HP_ABNORMAL_GALLBLADDER_MORPHOLOGY	HP_ABNORMAL_GALLBLADDER_MORPHOLOGY		81	0.35043138	1.484838	0.013245033	0.23076731	1.0	3241	tags=35%, list=21%, signal=44%	
HP_ABNORMAL_CIRCULATING_RENIN_CONCENTRATION	HP_ABNORMAL_CIRCULATING_RENIN_CONCENTRATION		24	0.4434354	1.4847168	0.046875	0.23055638	1.0	3688	tags=46%, list=24%, signal=61%	
GOCC_PHAGOCYTIC_VESICLE_MEMBRANE	GOCC_PHAGOCYTIC_VESICLE_MEMBRANE		73	0.35422087	1.4845395	0.016393442	0.23040125	1.0	2654	tags=27%, list=18%, signal=33%	
GOBP_IMMUNOGLOBULIN_PRODUCTION_INVOLVED_IN_IMMUNOGLOBULIN_MEDIATED_IMMUNE_RESPONSE	GOBP_IMMUNOGLOBULIN_PRODUCTION_INVOLVED_IN_IMMUNOGLOBULIN_MEDIATED_IMMUNE_RESPONSE		41	0.39987248	1.484175	0.03436426	0.23061182	1.0	3077	tags=29%, list=20%, signal=37%	
HP_EPISPADIAS	HP_EPISPADIAS		26	0.4535405	1.4836807	0.05017301	0.23099919	1.0	4267	tags=50%, list=28%, signal=70%	
GOBP_POSITIVE_REGULATION_OF_SYNCYTIUM_FORMATION_BY_PLASMA_MEMBRANE_FUSION	GOBP_POSITIVE_REGULATION_OF_SYNCYTIUM_FORMATION_BY_PLASMA_MEMBRANE_FUSION		15	0.51305866	1.4835846	0.06486487	0.23073499	1.0	3973	tags=53%, list=26%, signal=72%	
GOCC_CILIARY_TRANSITION_ZONE	GOCC_CILIARY_TRANSITION_ZONE		71	0.36084372	1.4809636	0.013468013	0.23456249	1.0	2482	tags=30%, list=16%, signal=35%	
GOCC_DNA_POLYMERASE_COMPLEX	GOCC_DNA_POLYMERASE_COMPLEX		16	0.51389295	1.4801412	0.058601134	0.2355588	1.0	3205	tags=44%, list=21%, signal=55%	
HP_PHONOPHOBIA	HP_PHONOPHOBIA		21	0.46867612	1.4801157	0.05467372	0.23515345	1.0	4339	tags=52%, list=29%, signal=73%	
GOBP_RESPONSE_TO_TYPE_I_INTERFERON	GOBP_RESPONSE_TO_TYPE_I_INTERFERON		66	0.35811353	1.4795786	0.018302828	0.23561156	1.0	2400	tags=26%, list=16%, signal=30%	
GOBP_NEGATIVE_REGULATION_OF_IMMUNE_SYSTEM_PROCESS	GOBP_NEGATIVE_REGULATION_OF_IMMUNE_SYSTEM_PROCESS		412	0.2802224	1.4790854	0.0	0.2359823	1.0	3589	tags=31%, list=24%, signal=39%	
GOBP_HORMONE_METABOLIC_PROCESS	GOBP_HORMONE_METABOLIC_PROCESS		180	0.3055243	1.4787898	0.002967359	0.23603468	1.0	4169	tags=38%, list=28%, signal=52%	
GOBP_REGULATION_OF_ISOTYPE_SWITCHING	GOBP_REGULATION_OF_ISOTYPE_SWITCHING		27	0.44218194	1.478516	0.042881645	0.23603518	1.0	2793	tags=33%, list=18%, signal=41%	
GOBP_MACROPHAGE_DIFFERENTIATION	GOBP_MACROPHAGE_DIFFERENTIATION		58	0.36632884	1.4783486	0.018998273	0.23584284	1.0	3371	tags=34%, list=22%, signal=44%	
GOBP_SENSORY_PERCEPTION_OF_SMELL	GOBP_SENSORY_PERCEPTION_OF_SMELL		31	0.42658663	1.4775683	0.049469966	0.236666	1.0	5096	tags=55%, list=34%, signal=83%	
GOBP_STEROID_HORMONE_BIOSYNTHETIC_PROCESS	GOBP_STEROID_HORMONE_BIOSYNTHETIC_PROCESS		36	0.40782788	1.4773923	0.025906736	0.2365334	1.0	2225	tags=28%, list=15%, signal=32%	
HP_PERIPHERAL_PULMONARY_ARTERY_STENOSIS	HP_PERIPHERAL_PULMONARY_ARTERY_STENOSIS		37	0.41697502	1.4773362	0.037931036	0.23618251	1.0	3241	tags=41%, list=21%, signal=51%	
GOBP_TYPE_II_INTERFERON_MEDIATED_SIGNALING_PATHWAY	GOBP_TYPE_II_INTERFERON_MEDIATED_SIGNALING_PATHWAY		21	0.4708382	1.4769366	0.040925268	0.23641966	1.0	1263	tags=24%, list=8%, signal=26%	
GOCC_PROTEASOME_CORE_COMPLEX	GOCC_PROTEASOME_CORE_COMPLEX		16	0.48641366	1.4766029	0.05667276	0.23651841	1.0	2439	tags=31%, list=16%, signal=37%	
GOBP_SPERM_EGG_RECOGNITION	GOBP_SPERM_EGG_RECOGNITION		31	0.42318967	1.4761608	0.04521739	0.23679186	1.0	1301	tags=26%, list=9%, signal=28%	
GOBP_PROTEINOGENIC_AMINO_ACID_BIOSYNTHETIC_PROCESS	GOBP_PROTEINOGENIC_AMINO_ACID_BIOSYNTHETIC_PROCESS		35	0.41013384	1.4759014	0.022146508	0.2367847	1.0	4256	tags=43%, list=28%, signal=60%	
GOMF_STRUCTURAL_CONSTITUENT_OF_EYE_LENS	GOMF_STRUCTURAL_CONSTITUENT_OF_EYE_LENS		15	0.4995343	1.4757732	0.06782946	0.23656763	1.0	2507	tags=53%, list=17%, signal=64%	
GOBP_HYDROGEN_PEROXIDE_CATABOLIC_PROCESS	GOBP_HYDROGEN_PEROXIDE_CATABOLIC_PROCESS		19	0.4789522	1.4756602	0.055655297	0.23633404	1.0	1960	tags=37%, list=13%, signal=42%	
GOBP_TRANSPOSITION	GOBP_TRANSPOSITION		32	0.41625935	1.4751762	0.042735044	0.23672242	1.0	1697	tags=28%, list=11%, signal=32%	
GOBP_LEUKOCYTE_CELL_CELL_ADHESION	GOBP_LEUKOCYTE_CELL_CELL_ADHESION		318	0.28362936	1.4746009	0.0013642565	0.23727345	1.0	3570	tags=31%, list=24%, signal=40%	
HP_CHILLS	HP_CHILLS		17	0.49292868	1.4734771	0.057090238	0.23879364	1.0	4895	tags=71%, list=32%, signal=104%	
GOBP_SULFUR_COMPOUND_METABOLIC_PROCESS	GOBP_SULFUR_COMPOUND_METABOLIC_PROCESS		273	0.28848392	1.4732045	0.004297994	0.23882362	1.0	2739	tags=25%, list=18%, signal=29%	
GOBP_SECRETION_BY_TISSUE	GOBP_SECRETION_BY_TISSUE		36	0.4126582	1.4731598	0.049122807	0.23846036	1.0	4265	tags=47%, list=28%, signal=66%	
GOMF_PHOSPHOLIPASE_A2_ACTIVITY	GOMF_PHOSPHOLIPASE_A2_ACTIVITY		33	0.41684234	1.4728756	0.0375817	0.23851694	1.0	1795	tags=27%, list=12%, signal=31%	
GOBP_NEGATIVE_REGULATION_OF_LEUKOCYTE_MIGRATION	GOBP_NEGATIVE_REGULATION_OF_LEUKOCYTE_MIGRATION		41	0.39098018	1.4728303	0.037288137	0.23815554	1.0	2674	tags=34%, list=18%, signal=41%	
GOCC_BASOLATERAL_PLASMA_MEMBRANE	GOCC_BASOLATERAL_PLASMA_MEMBRANE		213	0.29906523	1.4725626	0.0044776117	0.23815985	1.0	2676	tags=25%, list=18%, signal=30%	
GOMF_HYDRO_LYASE_ACTIVITY	GOMF_HYDRO_LYASE_ACTIVITY		50	0.37688428	1.4723072	0.035460994	0.2382203	1.0	4500	tags=42%, list=30%, signal=60%	
GOBP_MALE_SEX_DIFFERENTIATION	GOBP_MALE_SEX_DIFFERENTIATION		144	0.31445473	1.4721072	0.008902078	0.2381621	1.0	1742	tags=23%, list=12%, signal=26%	
GOBP_REGULATION_OF_TYROSINE_PHOSPHORYLATION_OF_STAT_PROTEIN	GOBP_REGULATION_OF_TYROSINE_PHOSPHORYLATION_OF_STAT_PROTEIN		18	0.48108283	1.4718721	0.06776557	0.23815565	1.0	771	tags=28%, list=5%, signal=29%	
HP_RENOVASCULAR_HYPERTENSION	HP_RENOVASCULAR_HYPERTENSION		24	0.4609015	1.471728	0.044802867	0.2379427	1.0	4339	tags=54%, list=29%, signal=76%	
GOBP_RESPONSE_TO_BACTERIUM	GOBP_RESPONSE_TO_BACTERIUM		462	0.27514	1.4705642	0.0	0.23958118	1.0	3589	tags=31%, list=24%, signal=39%	
GOBP_XENOBIOTIC_METABOLIC_PROCESS	GOBP_XENOBIOTIC_METABOLIC_PROCESS		84	0.34444314	1.4703617	0.015974442	0.23952848	1.0	4942	tags=48%, list=33%, signal=70%	
GOBP_REGULATION_OF_INSULIN_LIKE_GROWTH_FACTOR_RECEPTOR_SIGNALING_PATHWAY	GOBP_REGULATION_OF_INSULIN_LIKE_GROWTH_FACTOR_RECEPTOR_SIGNALING_PATHWAY		20	0.4716532	1.4702721	0.05851064	0.23926714	1.0	1742	tags=25%, list=12%, signal=28%	
GOBP_THYROID_HORMONE_GENERATION	GOBP_THYROID_HORMONE_GENERATION		18	0.47827673	1.4691025	0.06238859	0.24081764	1.0	4310	tags=61%, list=29%, signal=85%	
GOBP_SERTOLI_CELL_DIFFERENTIATION	GOBP_SERTOLI_CELL_DIFFERENTIATION		21	0.46096858	1.4684185	0.07317073	0.24159606	1.0	3552	tags=38%, list=24%, signal=50%	
GOBP_ACUTE_INFLAMMATORY_RESPONSE_TO_ANTIGENIC_STIMULUS	GOBP_ACUTE_INFLAMMATORY_RESPONSE_TO_ANTIGENIC_STIMULUS		17	0.49371505	1.4682782	0.06545454	0.24140024	1.0	2253	tags=41%, list=15%, signal=48%	
GOBP_LINOLEIC_ACID_METABOLIC_PROCESS	GOBP_LINOLEIC_ACID_METABOLIC_PROCESS		17	0.4965715	1.4680455	0.052532833	0.24141872	1.0	4812	tags=65%, list=32%, signal=95%	
HP_ABNORMAL_UPPER_LIMB_METAPHYSIS_MORPHOLOGY	HP_ABNORMAL_UPPER_LIMB_METAPHYSIS_MORPHOLOGY		16	0.493459	1.4677395	0.069148935	0.24153556	1.0	1785	tags=25%, list=12%, signal=28%	
GOBP_REGULATION_OF_T_CELL_APOPTOTIC_PROCESS	GOBP_REGULATION_OF_T_CELL_APOPTOTIC_PROCESS		33	0.41342923	1.4676704	0.05308219	0.24121225	1.0	2829	tags=33%, list=19%, signal=41%	
GOBP_MONONUCLEAR_CELL_MIGRATION	GOBP_MONONUCLEAR_CELL_MIGRATION		172	0.3073004	1.466286	0.0	0.24313703	1.0	3654	tags=36%, list=24%, signal=47%	
GOBP_REGULATION_OF_VIRAL_LIFE_CYCLE	GOBP_REGULATION_OF_VIRAL_LIFE_CYCLE		94	0.33614248	1.466267	0.021406727	0.24273142	1.0	3169	tags=31%, list=21%, signal=39%	
GOBP_NEGATIVE_REGULATION_OF_LYMPHOCYTE_APOPTOTIC_PROCESS	GOBP_NEGATIVE_REGULATION_OF_LYMPHOCYTE_APOPTOTIC_PROCESS		30	0.4269903	1.4661775	0.05509182	0.24242274	1.0	3521	tags=33%, list=23%, signal=43%	
GOMF_PATTERN_RECOGNITION_RECEPTOR_ACTIVITY	GOMF_PATTERN_RECOGNITION_RECEPTOR_ACTIVITY		24	0.44798207	1.465262	0.05666667	0.24347919	1.0	3040	tags=42%, list=20%, signal=52%	
GOBP_RESPONSE_TO_GROWTH_HORMONE	GOBP_RESPONSE_TO_GROWTH_HORMONE		27	0.4380953	1.4652047	0.055369128	0.24314173	1.0	355	tags=15%, list=2%, signal=15%	
GOBP_MICROVILLUS_ASSEMBLY	GOBP_MICROVILLUS_ASSEMBLY		21	0.45991904	1.4647948	0.06607143	0.24346873	1.0	2476	tags=38%, list=16%, signal=45%	
GOBP_OLEFINIC_COMPOUND_METABOLIC_PROCESS	GOBP_OLEFINIC_COMPOUND_METABOLIC_PROCESS		119	0.3204932	1.4647057	0.015576324	0.24318872	1.0	4371	tags=39%, list=29%, signal=55%	
GOBP_SHORT_CHAIN_FATTY_ACID_METABOLIC_PROCESS	GOBP_SHORT_CHAIN_FATTY_ACID_METABOLIC_PROCESS		15	0.5212025	1.464227	0.044802867	0.2436533	1.0	3249	tags=47%, list=22%, signal=59%	
GOBP_GRANULOCYTE_CHEMOTAXIS	GOBP_GRANULOCYTE_CHEMOTAXIS		86	0.34091404	1.4635394	0.027508091	0.24438013	1.0	3502	tags=38%, list=23%, signal=50%	
HP_INTESTINAL_MALROTATION	HP_INTESTINAL_MALROTATION		137	0.31275406	1.4632705	0.009049774	0.24442984	1.0	2716	tags=30%, list=18%, signal=36%	
HP_OPPORTUNISTIC_INFECTION	HP_OPPORTUNISTIC_INFECTION		36	0.39936388	1.462878	0.0596745	0.24468523	1.0	1626	tags=25%, list=11%, signal=28%	
GOBP_MONOCARBOXYLIC_ACID_BIOSYNTHETIC_PROCESS	GOBP_MONOCARBOXYLIC_ACID_BIOSYNTHETIC_PROCESS		185	0.30130303	1.4628763	0.0045523522	0.24426332	1.0	3472	tags=30%, list=23%, signal=39%	
GOBP_AMINO_ACID_BIOSYNTHETIC_PROCESS	GOBP_AMINO_ACID_BIOSYNTHETIC_PROCESS		58	0.35810584	1.4614029	0.036666665	0.24639773	1.0	4256	tags=38%, list=28%, signal=53%	
HP_ABNORMAL_URINARY_ELECTROLYTE_CONCENTRATION	HP_ABNORMAL_URINARY_ELECTROLYTE_CONCENTRATION		98	0.32648522	1.4610147	0.015723271	0.24668208	1.0	2631	tags=28%, list=17%, signal=33%	
GOBP_UTERUS_DEVELOPMENT	GOBP_UTERUS_DEVELOPMENT		24	0.455535	1.4608858	0.05892857	0.24650253	1.0	2891	tags=42%, list=19%, signal=51%	
GOBP_PRODUCTION_OF_MOLECULAR_MEDIATOR_OF_IMMUNE_RESPONSE	GOBP_PRODUCTION_OF_MOLECULAR_MEDIATOR_OF_IMMUNE_RESPONSE		167	0.3029676	1.4604504	0.0074294205	0.24683148	1.0	3167	tags=29%, list=21%, signal=36%	
HP_PRENATAL_DEATH	HP_PRENATAL_DEATH		51	0.37155357	1.4602956	0.030456852	0.24667256	1.0	2540	tags=27%, list=17%, signal=33%	
GOBP_LEUKOCYTE_MEDIATED_CYTOTOXICITY	GOBP_LEUKOCYTE_MEDIATED_CYTOTOXICITY		100	0.3324182	1.4598223	0.01904762	0.24710603	1.0	4628	tags=45%, list=31%, signal=64%	
GOBP_T_CELL_MEDIATED_IMMUNE_RESPONSE_TO_TUMOR_CELL	GOBP_T_CELL_MEDIATED_IMMUNE_RESPONSE_TO_TUMOR_CELL		15	0.51023996	1.4590646	0.07167832	0.24801491	1.0	968	tags=27%, list=6%, signal=28%	
HP_FAT_MALABSORPTION	HP_FAT_MALABSORPTION		54	0.37084705	1.4570361	0.02725724	0.25123194	1.0	3885	tags=41%, list=26%, signal=55%	
GOMF_ACID_THIOL_LIGASE_ACTIVITY	GOMF_ACID_THIOL_LIGASE_ACTIVITY		24	0.43955833	1.4568663	0.04472272	0.25110537	1.0	1716	tags=29%, list=11%, signal=33%	
HP_STAGE_5_CHRONIC_KIDNEY_DISEASE	HP_STAGE_5_CHRONIC_KIDNEY_DISEASE		122	0.31525213	1.4559678	0.00931677	0.25234038	1.0	2485	tags=24%, list=16%, signal=28%	
GOMF_STEROL_BINDING	GOMF_STEROL_BINDING		59	0.36300525	1.4555948	0.028380634	0.25252476	1.0	3263	tags=39%, list=22%, signal=50%	
GOBP_THIOESTER_BIOSYNTHETIC_PROCESS	GOBP_THIOESTER_BIOSYNTHETIC_PROCESS		45	0.38389277	1.4554019	0.030981068	0.25245842	1.0	1933	tags=27%, list=13%, signal=30%	
HP_ARTERIAL_STENOSIS	HP_ARTERIAL_STENOSIS		78	0.34108135	1.4538611	0.023923445	0.25470945	1.0	1488	tags=19%, list=10%, signal=21%	
GOCC_MICROVILLUS	GOCC_MICROVILLUS		76	0.34206125	1.4523444	0.020967742	0.25695577	1.0	3667	tags=36%, list=24%, signal=47%	
GOBP_POSITIVE_REGULATION_OF_CALCIUM_ION_TRANSPORT	GOBP_POSITIVE_REGULATION_OF_CALCIUM_ION_TRANSPORT		86	0.3353452	1.4520911	0.019933555	0.25691518	1.0	4009	tags=44%, list=27%, signal=60%	
HP_EROSION_OF_ORAL_MUCOSA	HP_EROSION_OF_ORAL_MUCOSA		78	0.3436133	1.4520246	0.032040473	0.25660077	1.0	3989	tags=40%, list=26%, signal=54%	
GOBP_LEUKOTRIENE_METABOLIC_PROCESS	GOBP_LEUKOTRIENE_METABOLIC_PROCESS		20	0.45744663	1.4516506	0.06043956	0.25683388	1.0	2791	tags=40%, list=18%, signal=49%	
HP_DEATH_IN_ADULTHOOD	HP_DEATH_IN_ADULTHOOD		33	0.40427017	1.4501747	0.03141361	0.25904372	1.0	4339	tags=42%, list=29%, signal=59%	
GOBP_ACTIVATED_T_CELL_PROLIFERATION	GOBP_ACTIVATED_T_CELL_PROLIFERATION		36	0.40919048	1.4486244	0.048526864	0.26135466	1.0	3848	tags=44%, list=25%, signal=59%	
GOBP_REPRODUCTIVE_BEHAVIOR	GOBP_REPRODUCTIVE_BEHAVIOR		38	0.39040068	1.4484397	0.047368422	0.26126686	1.0	3425	tags=39%, list=23%, signal=51%	
GOBP_EYE_PHOTORECEPTOR_CELL_DIFFERENTIATION	GOBP_EYE_PHOTORECEPTOR_CELL_DIFFERENTIATION		47	0.37504306	1.4482373	0.037414964	0.26118845	1.0	2154	tags=28%, list=14%, signal=32%	
GOMF_WIDE_PORE_CHANNEL_ACTIVITY	GOMF_WIDE_PORE_CHANNEL_ACTIVITY		25	0.43868962	1.447203	0.057866186	0.26268265	1.0	1317	tags=28%, list=9%, signal=31%	
GOMF_OXIDOREDUCTASE_ACTIVITY_ACTING_ON_CH_OH_GROUP_OF_DONORS	GOMF_OXIDOREDUCTASE_ACTIVITY_ACTING_ON_CH_OH_GROUP_OF_DONORS		101	0.3245309	1.4470091	0.01875	0.2626159	1.0	4575	tags=40%, list=30%, signal=56%	
GOBP_PEPTIDE_CATABOLIC_PROCESS	GOBP_PEPTIDE_CATABOLIC_PROCESS		18	0.48111302	1.4468418	0.059336822	0.2625031	1.0	6493	tags=72%, list=43%, signal=126%	
GOBP_NONRIBOSOMAL_PEPTIDE_BIOSYNTHETIC_PROCESS	GOBP_NONRIBOSOMAL_PEPTIDE_BIOSYNTHETIC_PROCESS		16	0.48721343	1.4466071	0.075367644	0.26250455	1.0	3527	tags=44%, list=23%, signal=57%	
GOBP_POSITIVE_REGULATION_OF_REGULATED_SECRETORY_PATHWAY	GOBP_POSITIVE_REGULATION_OF_REGULATED_SECRETORY_PATHWAY		42	0.3877705	1.4460764	0.050522648	0.2630472	1.0	2791	tags=38%, list=18%, signal=47%	
HP_PERSONALITY_DISORDER	HP_PERSONALITY_DISORDER		16	0.50008005	1.4456617	0.07235622	0.26337898	1.0	3425	tags=50%, list=23%, signal=65%	
HP_NEOPLASM_OF_THE_TRACHEOBRONCHIAL_SYSTEM	HP_NEOPLASM_OF_THE_TRACHEOBRONCHIAL_SYSTEM		18	0.47650152	1.4452302	0.08695652	0.26374072	1.0	1529	tags=28%, list=10%, signal=31%	
GOBP_NOTOCHORD_DEVELOPMENT	GOBP_NOTOCHORD_DEVELOPMENT		16	0.50151366	1.4451478	0.072463766	0.26347622	1.0	3323	tags=50%, list=22%, signal=64%	
HP_KNEE_PAIN	HP_KNEE_PAIN		17	0.48813662	1.4448012	0.05944056	0.26364997	1.0	3116	tags=47%, list=21%, signal=59%	
HP_DERMATOLOGICAL_MANIFESTATIONS_OF_SYSTEMIC_DISORDERS	HP_DERMATOLOGICAL_MANIFESTATIONS_OF_SYSTEMIC_DISORDERS		285	0.2814423	1.4445392	0.0014534884	0.26367617	1.0	4242	tags=38%, list=28%, signal=51%	
GOCC_VESICLE_LUMEN	GOCC_VESICLE_LUMEN		269	0.28261417	1.4444244	0.0071530757	0.2634689	1.0	4157	tags=35%, list=28%, signal=47%	
HP_SPINA_BIFIDA_OCCULTA	HP_SPINA_BIFIDA_OCCULTA		75	0.34559828	1.4439933	0.02992126	0.2638331	1.0	3241	tags=31%, list=21%, signal=39%	
HP_ABNORMAL_VAGINA_MORPHOLOGY	HP_ABNORMAL_VAGINA_MORPHOLOGY		117	0.31971434	1.4432509	0.009202454	0.26483402	1.0	2540	tags=24%, list=17%, signal=29%	
GOBP_TIGHT_JUNCTION_ASSEMBLY	GOBP_TIGHT_JUNCTION_ASSEMBLY		60	0.3595491	1.4431204	0.0352349	0.26463118	1.0	3823	tags=38%, list=25%, signal=51%	
GOBP_PROTEINOGENIC_AMINO_ACID_METABOLIC_PROCESS	GOBP_PROTEINOGENIC_AMINO_ACID_METABOLIC_PROCESS		131	0.31145263	1.4423374	0.015037594	0.26564968	1.0	4068	tags=37%, list=27%, signal=51%	
HP_ABNORMALITY_OF_THE_DISTAL_PHALANX_OF_THE_5TH_FINGER	HP_ABNORMALITY_OF_THE_DISTAL_PHALANX_OF_THE_5TH_FINGER		33	0.40758407	1.4415826	0.06980803	0.2666221	1.0	1167	tags=21%, list=8%, signal=23%	
GOCC_ACTIN_BASED_CELL_PROJECTION	GOCC_ACTIN_BASED_CELL_PROJECTION		191	0.29221514	1.4411659	0.005961252	0.26694348	1.0	3179	tags=31%, list=21%, signal=39%	
GOBP_RESPONSE_TO_CADMIUM_ION	GOBP_RESPONSE_TO_CADMIUM_ION		39	0.39804617	1.4401821	0.04778157	0.2683262	1.0	4585	tags=44%, list=30%, signal=62%	
GOBP_BONE_MORPHOGENESIS	GOBP_BONE_MORPHOGENESIS		89	0.33098236	1.4386402	0.017741935	0.2708035	1.0	3229	tags=34%, list=21%, signal=43%	
HP_ORAL_ULCER	HP_ORAL_ULCER		56	0.3625233	1.4384259	0.05076142	0.2707432	1.0	5100	tags=54%, list=34%, signal=81%	
GOBP_GLYCOLYTIC_PROCESS_THROUGH_GLUCOSE_6_PHOSPHATE	GOBP_GLYCOLYTIC_PROCESS_THROUGH_GLUCOSE_6_PHOSPHATE		20	0.46093777	1.437432	0.08471455	0.2722624	1.0	5095	tags=65%, list=34%, signal=98%	
GOBP_POSITIVE_REGULATION_OF_DEFENSE_RESPONSE	GOBP_POSITIVE_REGULATION_OF_DEFENSE_RESPONSE		415	0.27077302	1.4370055	0.0	0.27269554	1.0	3436	tags=29%, list=23%, signal=36%	
GOBP_MONOSACCHARIDE_CATABOLIC_PROCESS	GOBP_MONOSACCHARIDE_CATABOLIC_PROCESS		45	0.38340983	1.4369403	0.051813472	0.27236733	1.0	4123	tags=42%, list=27%, signal=58%	
HP_IRREGULARLY_SHAPED_SPERM_TAIL	HP_IRREGULARLY_SHAPED_SPERM_TAIL		17	0.48709893	1.4362812	0.065972224	0.27322388	1.0	3140	tags=47%, list=21%, signal=59%	
GOMF_SERINE_HYDROLASE_ACTIVITY	GOMF_SERINE_HYDROLASE_ACTIVITY		203	0.29451883	1.4360365	0.00295858	0.27329507	1.0	4392	tags=41%, list=29%, signal=57%	
GOBP_INDOLE_CONTAINING_COMPOUND_METABOLIC_PROCESS	GOBP_INDOLE_CONTAINING_COMPOUND_METABOLIC_PROCESS		16	0.48907498	1.435697	0.07129095	0.27352312	1.0	3348	tags=50%, list=22%, signal=64%	
GOMF_SYMPORTER_ACTIVITY	GOMF_SYMPORTER_ACTIVITY		112	0.31792462	1.4351097	0.0203125	0.2742076	1.0	3399	tags=35%, list=22%, signal=45%	
GOMF_TRANSITION_METAL_ION_TRANSMEMBRANE_TRANSPORTER_ACTIVITY	GOMF_TRANSITION_METAL_ION_TRANSMEMBRANE_TRANSPORTER_ACTIVITY		37	0.39515162	1.4339368	0.05479452	0.27606413	1.0	2585	tags=32%, list=17%, signal=39%	
HP_HYDROMETROCOLPOS	HP_HYDROMETROCOLPOS		27	0.42292583	1.4336017	0.06830122	0.27629596	1.0	978	tags=19%, list=6%, signal=20%	
GOBP_RESPONSE_TO_OSMOTIC_STRESS	GOBP_RESPONSE_TO_OSMOTIC_STRESS		77	0.34240645	1.4330288	0.027113238	0.27689427	1.0	1629	tags=19%, list=11%, signal=22%	
GOMF_MONOCARBOXYLIC_ACID_TRANSMEMBRANE_TRANSPORTER_ACTIVITY	GOMF_MONOCARBOXYLIC_ACID_TRANSMEMBRANE_TRANSPORTER_ACTIVITY		57	0.35896242	1.4323834	0.03236246	0.27767888	1.0	3054	tags=32%, list=20%, signal=39%	
GOMF_CCR_CHEMOKINE_RECEPTOR_BINDING	GOMF_CCR_CHEMOKINE_RECEPTOR_BINDING		18	0.48472446	1.4319031	0.08273381	0.2781493	1.0	3505	tags=56%, list=23%, signal=72%	
GOBP_REGULATION_OF_VIRAL_GENOME_REPLICATION	GOBP_REGULATION_OF_VIRAL_GENOME_REPLICATION		64	0.35356146	1.4316629	0.035598706	0.2781245	1.0	3529	tags=36%, list=23%, signal=47%	
HP_ONYCHOGRYPHOSIS	HP_ONYCHOGRYPHOSIS		25	0.4415241	1.4315	0.060034305	0.27803937	1.0	3269	tags=48%, list=22%, signal=61%	
GOCC_PHOTORECEPTOR_DISC_MEMBRANE	GOCC_PHOTORECEPTOR_DISC_MEMBRANE		15	0.49872962	1.4309614	0.08438061	0.2785755	1.0	2015	tags=40%, list=13%, signal=46%	
HP_APLASIA_HYPOPLASIA_OF_THE_DISTAL_PHALANGES_OF_THE_TOES	HP_APLASIA_HYPOPLASIA_OF_THE_DISTAL_PHALANGES_OF_THE_TOES		17	0.47792786	1.4306338	0.08007117	0.27876997	1.0	3147	tags=41%, list=21%, signal=52%	
GOMF_DNA_DAMAGE_SENSOR_ACTIVITY	GOMF_DNA_DAMAGE_SENSOR_ACTIVITY		18	0.47516617	1.4305958	0.08974359	0.27839792	1.0	3548	tags=50%, list=23%, signal=65%	
HP_ABNORMAL_THYROID_STIMULATING_HORMONE_LEVEL	HP_ABNORMAL_THYROID_STIMULATING_HORMONE_LEVEL		38	0.3965121	1.4302033	0.048739497	0.27869728	1.0	4310	tags=47%, list=29%, signal=66%	
GOMF_CYTOKINE_RECEPTOR_BINDING	GOMF_CYTOKINE_RECEPTOR_BINDING		170	0.29819	1.4298681	0.01369863	0.2789779	1.0	3558	tags=33%, list=24%, signal=43%	
HP_METABOLIC_ACIDOSIS	HP_METABOLIC_ACIDOSIS		146	0.30259827	1.4289975	0.01510574	0.28034684	1.0	3051	tags=25%, list=20%, signal=31%	
GOBP_MODIFIED_AMINO_ACID_BIOSYNTHETIC_PROCESS	GOBP_MODIFIED_AMINO_ACID_BIOSYNTHETIC_PROCESS		41	0.38364094	1.428363	0.04786325	0.28115565	1.0	4321	tags=39%, list=29%, signal=55%	
GOBP_POSITIVE_REGULATION_OF_CELL_CELL_ADHESION	GOBP_POSITIVE_REGULATION_OF_CELL_CELL_ADHESION		259	0.2836512	1.428085	0.0057553956	0.2812074	1.0	3508	tags=32%, list=23%, signal=41%	
HP_STILLBIRTH	HP_STILLBIRTH		30	0.40468606	1.4275105	0.05235602	0.2818731	1.0	2540	tags=23%, list=17%, signal=28%	
GOBP_POSITIVE_REGULATION_OF_LEUKOCYTE_CELL_CELL_ADHESION	GOBP_POSITIVE_REGULATION_OF_LEUKOCYTE_CELL_CELL_ADHESION		217	0.28906158	1.4269335	0.0076687117	0.28247237	1.0	3570	tags=32%, list=24%, signal=41%	
GOMF_ZINC_ION_TRANSMEMBRANE_TRANSPORTER_ACTIVITY	GOMF_ZINC_ION_TRANSMEMBRANE_TRANSPORTER_ACTIVITY		22	0.44372645	1.4267554	0.06980803	0.2823438	1.0	2585	tags=32%, list=17%, signal=38%	
HP_ABNORMAL_ORAL_MUCOSA_MORPHOLOGY	HP_ABNORMAL_ORAL_MUCOSA_MORPHOLOGY		299	0.2781565	1.42674	0.0027816412	0.28192946	1.0	4294	tags=36%, list=28%, signal=49%	
GOBP_PLASMINOGEN_ACTIVATION	GOBP_PLASMINOGEN_ACTIVATION		19	0.4592532	1.426427	0.07649254	0.28206056	1.0	1552	tags=26%, list=10%, signal=29%	
HP_HEMOPTYSIS	HP_HEMOPTYSIS		56	0.35246626	1.4263787	0.048701297	0.28171858	1.0	2596	tags=27%, list=17%, signal=32%	
HP_CHOLECYSTITIS	HP_CHOLECYSTITIS		17	0.46771514	1.4259887	0.07823129	0.2820618	1.0	4242	tags=47%, list=28%, signal=65%	
HP_ABNORMAL_CIRCULATING_LIPID_CONCENTRATION	HP_ABNORMAL_CIRCULATING_LIPID_CONCENTRATION		282	0.27917826	1.4256824	0.0028490028	0.2822125	1.0	3444	tags=29%, list=23%, signal=37%	
GOBP_INORGANIC_ANION_TRANSMEMBRANE_TRANSPORT	GOBP_INORGANIC_ANION_TRANSMEMBRANE_TRANSPORT		109	0.32312545	1.4256264	0.016975308	0.2818798	1.0	4064	tags=43%, list=27%, signal=59%	
GOMF_OXIDOREDUCTASE_ACTIVITY_ACTING_ON_THE_CH_CH_GROUP_OF_DONORS_NAD_OR_NADP_AS_ACCEPTOR	GOMF_OXIDOREDUCTASE_ACTIVITY_ACTING_ON_THE_CH_CH_GROUP_OF_DONORS_NAD_OR_NADP_AS_ACCEPTOR		31	0.40651846	1.4253691	0.06872852	0.28189632	1.0	4161	tags=45%, list=28%, signal=62%	
GOBP_CAMERA_TYPE_EYE_PHOTORECEPTOR_CELL_DIFFERENTIATION	GOBP_CAMERA_TYPE_EYE_PHOTORECEPTOR_CELL_DIFFERENTIATION		26	0.4247138	1.4252194	0.07052441	0.28174567	1.0	2097	tags=27%, list=14%, signal=31%	
GOBP_REGULATION_OF_INNATE_IMMUNE_RESPONSE	GOBP_REGULATION_OF_INNATE_IMMUNE_RESPONSE		372	0.2728151	1.4239671	0.0013297872	0.28375137	1.0	2901	tags=24%, list=19%, signal=29%	
HP_CHEILITIS	HP_CHEILITIS		40	0.38732424	1.423441	0.048611112	0.28430927	1.0	3360	tags=38%, list=22%, signal=48%	
GOBP_AMINE_METABOLIC_PROCESS	GOBP_AMINE_METABOLIC_PROCESS		90	0.33207637	1.4231547	0.030254778	0.2844309	1.0	3392	tags=34%, list=22%, signal=44%	
GOBP_ALPHA_AMINO_ACID_BIOSYNTHETIC_PROCESS	GOBP_ALPHA_AMINO_ACID_BIOSYNTHETIC_PROCESS		45	0.36860308	1.4221436	0.053356282	0.28592068	1.0	4256	tags=36%, list=28%, signal=49%	
HP_ABNORMALITY_OF_THE_PULMONARY_VASCULATURE	HP_ABNORMALITY_OF_THE_PULMONARY_VASCULATURE		199	0.29093805	1.4218417	0.01055807	0.2860704	1.0	3255	tags=30%, list=22%, signal=37%	
GOBP_HETEROTYPIC_CELL_CELL_ADHESION	GOBP_HETEROTYPIC_CELL_CELL_ADHESION		41	0.38126647	1.4208483	0.05650685	0.2874961	1.0	3307	tags=39%, list=22%, signal=50%	
HP_TRANSIENT_ISCHEMIC_ATTACK	HP_TRANSIENT_ISCHEMIC_ATTACK		42	0.37889487	1.4201616	0.046357617	0.2883991	1.0	1507	tags=19%, list=10%, signal=21%	
HP_HORIZONTAL_RIBS	HP_HORIZONTAL_RIBS		17	0.47791293	1.4196289	0.083333336	0.28892723	1.0	4822	tags=53%, list=32%, signal=78%	
HP_RENAL_INSUFFICIENCY	HP_RENAL_INSUFFICIENCY		362	0.27150208	1.4195278	0.0013386881	0.28868842	1.0	5044	tags=41%, list=33%, signal=60%	
GOBP_ALPHA_AMINO_ACID_METABOLIC_PROCESS	GOBP_ALPHA_AMINO_ACID_METABOLIC_PROCESS		162	0.2995933	1.4193858	0.014814815	0.2885029	1.0	3827	tags=33%, list=25%, signal=44%	
GOBP_GRANULOCYTE_MIGRATION	GOBP_GRANULOCYTE_MIGRATION		102	0.31809676	1.418138	0.02377179	0.29043502	1.0	3502	tags=35%, list=23%, signal=46%	
GOBP_REGULATION_OF_MICROTUBULE_BASED_MOVEMENT	GOBP_REGULATION_OF_MICROTUBULE_BASED_MOVEMENT		47	0.37248963	1.418012	0.052545156	0.2902618	1.0	4606	tags=53%, list=30%, signal=76%	
GOMF_SINGLE_STRANDED_DNA_BINDING	GOMF_SINGLE_STRANDED_DNA_BINDING		105	0.3186598	1.4180094	0.029411765	0.2898278	1.0	3280	tags=29%, list=22%, signal=36%	
GOBP_DICARBOXYLIC_ACID_CATABOLIC_PROCESS	GOBP_DICARBOXYLIC_ACID_CATABOLIC_PROCESS		16	0.48702908	1.4179373	0.077617325	0.2895324	1.0	2321	tags=44%, list=15%, signal=52%	
HP_ABSENT_FACIAL_HAIR	HP_ABSENT_FACIAL_HAIR		32	0.4046556	1.4177614	0.049822062	0.28945968	1.0	5296	tags=63%, list=35%, signal=96%	
GOBP_NUCLEOSIDE_METABOLIC_PROCESS	GOBP_NUCLEOSIDE_METABOLIC_PROCESS		44	0.37207755	1.4167572	0.056198347	0.29101548	1.0	4230	tags=43%, list=28%, signal=60%	
HP_ANTI_THYROID_ANTIBODY_POSITIVITY	HP_ANTI_THYROID_ANTIBODY_POSITIVITY		15	0.48786354	1.4166099	0.08695652	0.29086855	1.0	1626	tags=33%, list=11%, signal=37%	
GOMF_HYDROLASE_ACTIVITY_HYDROLYZING_N_GLYCOSYL_COMPOUNDS	GOMF_HYDROLASE_ACTIVITY_HYDROLYZING_N_GLYCOSYL_COMPOUNDS		32	0.40104207	1.4164298	0.058614563	0.29079834	1.0	2415	tags=38%, list=16%, signal=45%	
GOBP_POSITIVE_REGULATION_OF_HEART_RATE	GOBP_POSITIVE_REGULATION_OF_HEART_RATE		23	0.44672418	1.4160755	0.09222423	0.29104447	1.0	3573	tags=48%, list=24%, signal=63%	
HP_ABNORMAL_EPIGLOTTIS_MORPHOLOGY	HP_ABNORMAL_EPIGLOTTIS_MORPHOLOGY		23	0.4372858	1.4155939	0.07475083	0.29158604	1.0	4110	tags=52%, list=27%, signal=72%	
GOMF_CARBON_OXYGEN_LYASE_ACTIVITY	GOMF_CARBON_OXYGEN_LYASE_ACTIVITY		69	0.34427184	1.4155369	0.029900333	0.29126605	1.0	4500	tags=39%, list=30%, signal=55%	
HP_RECURRENT_STAPHYLOCOCCAL_INFECTIONS	HP_RECURRENT_STAPHYLOCOCCAL_INFECTIONS		28	0.4110013	1.414241	0.06317689	0.29342628	1.0	1774	tags=25%, list=12%, signal=28%	
GOBP_ICOSANOID_METABOLIC_PROCESS	GOBP_ICOSANOID_METABOLIC_PROCESS		84	0.3296441	1.4141941	0.025356578	0.29310447	1.0	3203	tags=33%, list=21%, signal=42%	
GOBP_DNA_TEMPLATED_DNA_REPLICATION	GOBP_DNA_TEMPLATED_DNA_REPLICATION		148	0.2998115	1.4136546	0.016845329	0.29367763	1.0	4379	tags=36%, list=29%, signal=51%	
GOBP_T_CELL_ACTIVATION	GOBP_T_CELL_ACTIVATION		434	0.26262543	1.4133974	0.0	0.29376882	1.0	3850	tags=33%, list=25%, signal=43%	
GOMF_G_PROTEIN_COUPLED_RECEPTOR_BINDING	GOMF_G_PROTEIN_COUPLED_RECEPTOR_BINDING		204	0.28861865	1.4130819	0.0029325513	0.2939373	1.0	3578	tags=36%, list=24%, signal=46%	
GOBP_HYDROGEN_PEROXIDE_METABOLIC_PROCESS	GOBP_HYDROGEN_PEROXIDE_METABOLIC_PROCESS		39	0.38547385	1.413077	0.05752961	0.29351804	1.0	4857	tags=49%, list=32%, signal=72%	
HP_CONGENITAL_SENSORINEURAL_HEARING_IMPAIRMENT	HP_CONGENITAL_SENSORINEURAL_HEARING_IMPAIRMENT		48	0.36614686	1.4130119	0.053511705	0.29320213	1.0	2114	tags=29%, list=14%, signal=34%	
GOBP_REGULATION_OF_RESPONSE_TO_BIOTIC_STIMULUS	GOBP_REGULATION_OF_RESPONSE_TO_BIOTIC_STIMULUS		447	0.2653872	1.4123924	0.0	0.29401574	1.0	2901	tags=24%, list=19%, signal=28%	
HP_SPLENOMEGALY	HP_SPLENOMEGALY		403	0.26519224	1.4113916	0.0026455026	0.2955413	1.0	3989	tags=33%, list=26%, signal=43%	
GOBP_POLYOL_BIOSYNTHETIC_PROCESS	GOBP_POLYOL_BIOSYNTHETIC_PROCESS		52	0.35613856	1.4103302	0.0543131	0.29718173	1.0	3695	tags=40%, list=24%, signal=53%	
HP_ERYTHEMA	HP_ERYTHEMA		101	0.31900328	1.4097428	0.033070866	0.297884	1.0	2937	tags=27%, list=19%, signal=33%	
HP_ABNORMAL_CIRCULATING_LONG_CHAIN_FATTY_ACID_CONCENTRATION	HP_ABNORMAL_CIRCULATING_LONG_CHAIN_FATTY_ACID_CONCENTRATION		19	0.45743352	1.4094197	0.0910683	0.29807678	1.0	3895	tags=53%, list=26%, signal=71%	
GOBP_CELL_SURFACE_PATTERN_RECOGNITION_RECEPTOR_SIGNALING_PATHWAY	GOBP_CELL_SURFACE_PATTERN_RECOGNITION_RECEPTOR_SIGNALING_PATHWAY		64	0.3454854	1.4093555	0.05676127	0.29773468	1.0	3429	tags=36%, list=23%, signal=46%	
GOMF_LIPID_TRANSPORTER_ACTIVITY	GOMF_LIPID_TRANSPORTER_ACTIVITY		148	0.2988956	1.4081179	0.023041476	0.29978833	1.0	2863	tags=28%, list=19%, signal=35%	
GOBP_NEGATIVE_REGULATION_OF_TUMOR_NECROSIS_FACTOR_MEDIATED_SIGNALING_PATHWAY	GOBP_NEGATIVE_REGULATION_OF_TUMOR_NECROSIS_FACTOR_MEDIATED_SIGNALING_PATHWAY		24	0.4294043	1.4077587	0.06890459	0.30006218	1.0	744	tags=21%, list=5%, signal=22%	
GOBP_IMMUNE_RESPONSE_REGULATING_CELL_SURFACE_RECEPTOR_SIGNALING_PATHWAY	GOBP_IMMUNE_RESPONSE_REGULATING_CELL_SURFACE_RECEPTOR_SIGNALING_PATHWAY		255	0.27839705	1.4077238	0.0055555557	0.29970148	1.0	3480	tags=31%, list=23%, signal=40%	
GOBP_POSITIVE_REGULATION_OF_T_CELL_RECEPTOR_SIGNALING_PATHWAY	GOBP_POSITIVE_REGULATION_OF_T_CELL_RECEPTOR_SIGNALING_PATHWAY		17	0.47944313	1.4068031	0.1009009	0.30108058	1.0	3396	tags=41%, list=22%, signal=53%	
GOMF_FLAVIN_ADENINE_DINUCLEOTIDE_BINDING	GOMF_FLAVIN_ADENINE_DINUCLEOTIDE_BINDING		80	0.32835224	1.406071	0.038897894	0.30209255	1.0	3186	tags=31%, list=21%, signal=39%	
GOBP_SEROTONIN_TRANSPORT	GOBP_SEROTONIN_TRANSPORT		18	0.4705693	1.4059744	0.074074075	0.3018416	1.0	4865	tags=61%, list=32%, signal=90%	
GOBP_BRANCHED_CHAIN_AMINO_ACID_METABOLIC_PROCESS	GOBP_BRANCHED_CHAIN_AMINO_ACID_METABOLIC_PROCESS		24	0.43118846	1.4048533	0.07876712	0.3037893	1.0	1162	tags=21%, list=8%, signal=23%	
GOBP_ACTIVATION_OF_PROTEIN_KINASE_ACTIVITY	GOBP_ACTIVATION_OF_PROTEIN_KINASE_ACTIVITY		35	0.38962945	1.4031644	0.060344826	0.30665693	1.0	5941	tags=57%, list=39%, signal=94%	
GOBP_DEFENSE_RESPONSE_TO_BACTERIUM	GOBP_DEFENSE_RESPONSE_TO_BACTERIUM		175	0.28808844	1.4027079	0.014771049	0.30722177	1.0	3743	tags=33%, list=25%, signal=43%	
GOBP_POSITIVE_REGULATION_OF_TYPE_II_INTERFERON_PRODUCTION	GOBP_POSITIVE_REGULATION_OF_TYPE_II_INTERFERON_PRODUCTION		45	0.36502063	1.4026805	0.06390328	0.30683237	1.0	3304	tags=40%, list=22%, signal=51%	
GOBP_NEGATIVE_REGULATION_OF_INTERLEUKIN_1_BETA_PRODUCTION	GOBP_NEGATIVE_REGULATION_OF_INTERLEUKIN_1_BETA_PRODUCTION		19	0.45707345	1.4022384	0.074324325	0.30729255	1.0	3522	tags=42%, list=23%, signal=55%	
HP_ABNORMALITY_OF_THE_GALLBLADDER	HP_ABNORMALITY_OF_THE_GALLBLADDER		95	0.323727	1.4017483	0.021909233	0.3077991	1.0	3241	tags=32%, list=21%, signal=40%	
GOBP_HUMORAL_IMMUNE_RESPONSE	GOBP_HUMORAL_IMMUNE_RESPONSE		152	0.29472145	1.4008955	0.019033674	0.30912808	1.0	3589	tags=35%, list=24%, signal=45%	
GOCC_APICAL_PART_OF_CELL	GOCC_APICAL_PART_OF_CELL		369	0.26691917	1.4004691	0.0027662518	0.3095229	1.0	3399	tags=30%, list=22%, signal=38%	
HP_ABNORMAL_RENAL_CORPUSCLE_MORPHOLOGY	HP_ABNORMAL_RENAL_CORPUSCLE_MORPHOLOGY		165	0.29009685	1.3994682	0.015873017	0.31112802	1.0	3452	tags=29%, list=23%, signal=37%	
HP_DECREASED_BODY_MASS_INDEX	HP_DECREASED_BODY_MASS_INDEX		18	0.45641088	1.3981993	0.091726616	0.31325784	1.0	1481	tags=28%, list=10%, signal=31%	
GOMF_PHOSPHOLIPID_SCRAMBLASE_ACTIVITY	GOMF_PHOSPHOLIPID_SCRAMBLASE_ACTIVITY		20	0.4525429	1.3981754	0.07266436	0.3128616	1.0	3402	tags=45%, list=23%, signal=58%	
GOBP_POSITIVE_REGULATION_OF_COLD_INDUCED_THERMOGENESIS	GOBP_POSITIVE_REGULATION_OF_COLD_INDUCED_THERMOGENESIS		83	0.32521325	1.3980914	0.037037037	0.31257942	1.0	3561	tags=36%, list=24%, signal=47%	
HP_HYPERACUSIS	HP_HYPERACUSIS		26	0.4180388	1.3980575	0.0790378	0.3121997	1.0	2631	tags=35%, list=17%, signal=42%	
HP_ABNORMAL_CIRCULATING_VITAMIN_A_CONCENTRATION	HP_ABNORMAL_CIRCULATING_VITAMIN_A_CONCENTRATION		15	0.5047062	1.3977532	0.07908612	0.31235775	1.0	5812	tags=73%, list=38%, signal=119%	
GOBP_POSITIVE_REGULATION_OF_SMOOTH_MUSCLE_CONTRACTION	GOBP_POSITIVE_REGULATION_OF_SMOOTH_MUSCLE_CONTRACTION		26	0.42293575	1.3969848	0.07986111	0.31355104	1.0	5235	tags=62%, list=35%, signal=94%	
GOBP_POSITIVE_REGULATION_OF_NEUTROPHIL_MIGRATION	GOBP_POSITIVE_REGULATION_OF_NEUTROPHIL_MIGRATION		26	0.4149156	1.3962163	0.08289242	0.314859	1.0	3203	tags=38%, list=21%, signal=49%	
HP_HEPATIC_ENCEPHALOPATHY	HP_HEPATIC_ENCEPHALOPATHY		23	0.4257026	1.3957915	0.09058615	0.31530997	1.0	3719	tags=48%, list=25%, signal=63%	
GOBP_MONOATOMIC_ANION_TRANSPORT	GOBP_MONOATOMIC_ANION_TRANSPORT		148	0.29456258	1.3947159	0.013554217	0.31704396	1.0	4064	tags=41%, list=27%, signal=56%	
GOBP_NEGATIVE_REGULATION_OF_CYTOKINE_PRODUCTION	GOBP_NEGATIVE_REGULATION_OF_CYTOKINE_PRODUCTION		228	0.27957892	1.3946369	0.011379801	0.3167633	1.0	3085	tags=26%, list=20%, signal=32%	
GOCC_SECRETORY_GRANULE_MEMBRANE	GOCC_SECRETORY_GRANULE_MEMBRANE		245	0.27360395	1.3941827	0.007022472	0.3172653	1.0	3394	tags=28%, list=22%, signal=36%	
GOBP_RETINOIC_ACID_METABOLIC_PROCESS	GOBP_RETINOIC_ACID_METABOLIC_PROCESS		17	0.46153364	1.3939803	0.074204944	0.3172474	1.0	2949	tags=47%, list=20%, signal=58%	
GOBP_REGULATION_OF_PEPTIDASE_ACTIVITY	GOBP_REGULATION_OF_PEPTIDASE_ACTIVITY		27	0.41284597	1.3938258	0.09153713	0.3171184	1.0	3772	tags=48%, list=25%, signal=64%	
GOBP_SOMATIC_DIVERSIFICATION_OF_IMMUNOGLOBULINS	GOBP_SOMATIC_DIVERSIFICATION_OF_IMMUNOGLOBULINS		52	0.35887942	1.3937968	0.04631218	0.31673375	1.0	3077	tags=27%, list=20%, signal=34%	
HP_SUDDEN_EPISODIC_APNEA	HP_SUDDEN_EPISODIC_APNEA		15	0.47228462	1.3937889	0.10858144	0.31631133	1.0	3087	tags=33%, list=20%, signal=42%	
GOCC_INCLUSION_BODY	GOCC_INCLUSION_BODY		69	0.33779058	1.3931689	0.045901638	0.3171234	1.0	1528	tags=22%, list=10%, signal=24%	
GOMF_CARBOHYDRATE_TRANSMEMBRANE_TRANSPORTER_ACTIVITY	GOMF_CARBOHYDRATE_TRANSMEMBRANE_TRANSPORTER_ACTIVITY		27	0.41324773	1.3930953	0.07235622	0.31683335	1.0	1764	tags=33%, list=12%, signal=38%	
HP_ABNORMAL_PERISTALSIS	HP_ABNORMAL_PERISTALSIS		16	0.47983387	1.3917731	0.09906542	0.31916445	1.0	5406	tags=75%, list=36%, signal=117%	
HP_ABNORMALITY_OF_THE_BILIARY_SYSTEM	HP_ABNORMALITY_OF_THE_BILIARY_SYSTEM		342	0.26600716	1.3915218	0.0013793104	0.31924886	1.0	4361	tags=36%, list=29%, signal=50%	
GOBP_SKIN_DEVELOPMENT	GOBP_SKIN_DEVELOPMENT		221	0.27957466	1.3914399	0.015965167	0.3189854	1.0	3749	tags=33%, list=25%, signal=44%	
HP_OVARIAN_CYST	HP_OVARIAN_CYST		98	0.31515786	1.3907111	0.025848143	0.32014424	1.0	5029	tags=46%, list=33%, signal=68%	
GOCC_GOLGI_CIS_CISTERNA	GOCC_GOLGI_CIS_CISTERNA		20	0.44545937	1.3902643	0.09314587	0.3206892	1.0	2316	tags=40%, list=15%, signal=47%	
GOBP_REGULATION_OF_T_HELPER_17_TYPE_IMMUNE_RESPONSE	GOBP_REGULATION_OF_T_HELPER_17_TYPE_IMMUNE_RESPONSE		25	0.41924188	1.3893167	0.087478556	0.3221884	1.0	2207	tags=32%, list=15%, signal=37%	
GOBP_CHLORIDE_TRANSPORT	GOBP_CHLORIDE_TRANSPORT		108	0.30717486	1.3890566	0.024038462	0.3223109	1.0	4064	tags=43%, list=27%, signal=58%	
GOBP_RIBONUCLEOSIDE_MONOPHOSPHATE_CATABOLIC_PROCESS	GOBP_RIBONUCLEOSIDE_MONOPHOSPHATE_CATABOLIC_PROCESS		15	0.47291127	1.3888913	0.097770154	0.32225043	1.0	3828	tags=47%, list=25%, signal=62%	
GOBP_ACTIVATION_OF_IMMUNE_RESPONSE	GOBP_ACTIVATION_OF_IMMUNE_RESPONSE		450	0.26073244	1.388745	0.0026075619	0.3221398	1.0	3480	tags=29%, list=23%, signal=36%	
GOBP_RIBONUCLEOSIDE_METABOLIC_PROCESS	GOBP_RIBONUCLEOSIDE_METABOLIC_PROCESS		26	0.4238151	1.3873694	0.07650273	0.32465988	1.0	525	tags=19%, list=3%, signal=20%	
GOMF_OXIDOREDUCTASE_ACTIVITY_ACTING_ON_THE_CH_CH_GROUP_OF_DONORS	GOMF_OXIDOREDUCTASE_ACTIVITY_ACTING_ON_THE_CH_CH_GROUP_OF_DONORS		55	0.3485167	1.3868722	0.0660066	0.32526875	1.0	4161	tags=38%, list=28%, signal=53%	
HP_ROD_CONE_DYSTROPHY	HP_ROD_CONE_DYSTROPHY		212	0.27997413	1.3863615	0.017725259	0.32592696	1.0	3970	tags=34%, list=26%, signal=46%	
GOMF_STEROID_DEHYDROGENASE_ACTIVITY	GOMF_STEROID_DEHYDROGENASE_ACTIVITY		31	0.3945607	1.3856517	0.06032907	0.32692558	1.0	4799	tags=48%, list=32%, signal=71%	
GOBP_SERINE_FAMILY_AMINO_ACID_METABOLIC_PROCESS	GOBP_SERINE_FAMILY_AMINO_ACID_METABOLIC_PROCESS		24	0.42254448	1.3855749	0.077617325	0.32664973	1.0	1726	tags=21%, list=11%, signal=23%	
HP_MYOCARDIAL_INFARCTION	HP_MYOCARDIAL_INFARCTION		85	0.32262504	1.3846589	0.042121686	0.32819483	1.0	4641	tags=47%, list=31%, signal=68%	
GOBP_REGULATION_OF_CARDIAC_MUSCLE_CELL_MEMBRANE_REPOLARIZATION	GOBP_REGULATION_OF_CARDIAC_MUSCLE_CELL_MEMBRANE_REPOLARIZATION		21	0.4402114	1.3844963	0.088495575	0.3280879	1.0	2087	tags=33%, list=14%, signal=39%	
HP_LOWER_LIMB_PAIN	HP_LOWER_LIMB_PAIN		36	0.39021298	1.3838259	0.06532663	0.32910502	1.0	3801	tags=44%, list=25%, signal=59%	
GOBP_LEUKOCYTE_CHEMOTAXIS	GOBP_LEUKOCYTE_CHEMOTAXIS		174	0.28718388	1.3834654	0.018292682	0.3294251	1.0	3502	tags=35%, list=23%, signal=45%	
GOCC_SPECIFIC_GRANULE_LUMEN	GOCC_SPECIFIC_GRANULE_LUMEN		49	0.36469215	1.3833021	0.04825291	0.32933635	1.0	3572	tags=43%, list=24%, signal=56%	
GOBP_PHOSPHOLIPASE_C_ACTIVATING_G_PROTEIN_COUPLED_RECEPTOR_SIGNALING_PATHWAY	GOBP_PHOSPHOLIPASE_C_ACTIVATING_G_PROTEIN_COUPLED_RECEPTOR_SIGNALING_PATHWAY		122	0.30150154	1.3831636	0.027607363	0.32917076	1.0	4003	tags=41%, list=26%, signal=55%	
HP_SHORT_PHALANX_OF_THE_THUMB	HP_SHORT_PHALANX_OF_THE_THUMB		35	0.37741435	1.3831446	0.069883525	0.32876763	1.0	5273	tags=49%, list=35%, signal=74%	
HP_FIFTH_FINGER_DISTAL_PHALANX_CLINODACTYLY	HP_FIFTH_FINGER_DISTAL_PHALANX_CLINODACTYLY		27	0.40791535	1.3824215	0.089527026	0.32989424	1.0	978	tags=19%, list=6%, signal=20%	
GOBP_NEGATIVE_REGULATION_OF_CELL_FATE_COMMITMENT	GOBP_NEGATIVE_REGULATION_OF_CELL_FATE_COMMITMENT		15	0.48102432	1.3818432	0.10641892	0.33067426	1.0	3375	tags=53%, list=22%, signal=69%	
GOBP_REGULATION_OF_STEROID_METABOLIC_PROCESS	GOBP_REGULATION_OF_STEROID_METABOLIC_PROCESS		89	0.31633183	1.3815223	0.03215434	0.33091497	1.0	2540	tags=25%, list=17%, signal=30%	
GOMF_MICROTUBULE_MOTOR_ACTIVITY	GOMF_MICROTUBULE_MOTOR_ACTIVITY		65	0.3342652	1.3815037	0.042071197	0.33050698	1.0	3090	tags=29%, list=20%, signal=37%	
GOMF_CYSTEINE_TYPE_ENDOPEPTIDASE_REGULATOR_ACTIVITY_INVOLVED_IN_APOPTOTIC_PROCESS	GOMF_CYSTEINE_TYPE_ENDOPEPTIDASE_REGULATOR_ACTIVITY_INVOLVED_IN_APOPTOTIC_PROCESS		24	0.4251341	1.3810143	0.07628524	0.3311372	1.0	644	tags=17%, list=4%, signal=17%	
GOBP_DEFENSE_RESPONSE_TO_GRAM_NEGATIVE_BACTERIUM	GOBP_DEFENSE_RESPONSE_TO_GRAM_NEGATIVE_BACTERIUM		47	0.36151138	1.3790473	0.0651801	0.33487523	1.0	3448	tags=40%, list=23%, signal=52%	
HP_ABNORMAL_VAS_DEFERENS_MORPHOLOGY	HP_ABNORMAL_VAS_DEFERENS_MORPHOLOGY		15	0.47576013	1.3782388	0.09548611	0.33615795	1.0	2214	tags=33%, list=15%, signal=39%	
HP_ABNORMAL_CD4_CD8_RATIO	HP_ABNORMAL_CD4_CD8_RATIO		19	0.44639227	1.3779795	0.086419754	0.33628985	1.0	4546	tags=47%, list=30%, signal=68%	
GOBP_CELL_ACTIVATION_INVOLVED_IN_IMMUNE_RESPONSE	GOBP_CELL_ACTIVATION_INVOLVED_IN_IMMUNE_RESPONSE		219	0.27984175	1.3777772	0.011347517	0.33627555	1.0	3436	tags=31%, list=23%, signal=39%	
GOBP_REGULATION_OF_NEUTROPHIL_MIGRATION	GOBP_REGULATION_OF_NEUTROPHIL_MIGRATION		34	0.38935527	1.3770698	0.079931974	0.33730736	1.0	3203	tags=35%, list=21%, signal=45%	
GOBP_NEGATIVE_REGULATION_OF_ALPHA_BETA_T_CELL_ACTIVATION	GOBP_NEGATIVE_REGULATION_OF_ALPHA_BETA_T_CELL_ACTIVATION		35	0.3867973	1.376875	0.06849315	0.3372687	1.0	3375	tags=37%, list=22%, signal=48%	
HP_RECURRENT_FEVER	HP_RECURRENT_FEVER		84	0.31997964	1.3765512	0.055194806	0.3374749	1.0	4573	tags=40%, list=30%, signal=58%	
GOMF_OXIDOREDUCTASE_ACTIVITY_ACTING_ON_THE_CH_NH_GROUP_OF_DONORS	GOMF_OXIDOREDUCTASE_ACTIVITY_ACTING_ON_THE_CH_NH_GROUP_OF_DONORS		25	0.40900272	1.3758863	0.088435374	0.33848223	1.0	2586	tags=32%, list=17%, signal=39%	
HP_AMYLOIDOSIS	HP_AMYLOIDOSIS		39	0.3774441	1.3758365	0.06386555	0.33814833	1.0	5026	tags=59%, list=33%, signal=88%	
GOCC_CHLORIDE_CHANNEL_COMPLEX	GOCC_CHLORIDE_CHANNEL_COMPLEX		47	0.3491033	1.3752033	0.07772021	0.33910298	1.0	4064	tags=45%, list=27%, signal=61%	
GOBP_ACETYL_COA_METABOLIC_PROCESS	GOBP_ACETYL_COA_METABOLIC_PROCESS		31	0.3959463	1.3748987	0.088288285	0.33932608	1.0	3432	tags=32%, list=23%, signal=42%	
GOMF_G_PROTEIN_COUPLED_AMINE_RECEPTOR_ACTIVITY	GOMF_G_PROTEIN_COUPLED_AMINE_RECEPTOR_ACTIVITY		29	0.40654367	1.3743066	0.09028961	0.3402418	1.0	4382	tags=62%, list=29%, signal=87%	
GOBP_BILE_ACID_BIOSYNTHETIC_PROCESS	GOBP_BILE_ACID_BIOSYNTHETIC_PROCESS		32	0.3935051	1.3730763	0.097103916	0.3425641	1.0	4233	tags=53%, list=28%, signal=74%	
HP_BIFID_TONGUE	HP_BIFID_TONGUE		24	0.42037413	1.3728561	0.08245614	0.34260884	1.0	4822	tags=54%, list=32%, signal=79%	
HP_NAIL_DYSPLASIA	HP_NAIL_DYSPLASIA		135	0.29474586	1.3726904	0.028985508	0.3425215	1.0	4267	tags=37%, list=28%, signal=51%	
GOBP_FATTY_ACID_DERIVATIVE_METABOLIC_PROCESS	GOBP_FATTY_ACID_DERIVATIVE_METABOLIC_PROCESS		65	0.33893645	1.3726128	0.06013746	0.34221846	1.0	3527	tags=34%, list=23%, signal=44%	
GOCC_SPECIFIC_GRANULE	GOCC_SPECIFIC_GRANULE		123	0.3002212	1.3722924	0.04866562	0.34246832	1.0	3572	tags=34%, list=24%, signal=44%	
GOBP_GLUTAMINE_FAMILY_AMINO_ACID_BIOSYNTHETIC_PROCESS	GOBP_GLUTAMINE_FAMILY_AMINO_ACID_BIOSYNTHETIC_PROCESS		15	0.46923572	1.3711791	0.11764706	0.3444662	1.0	3236	tags=47%, list=21%, signal=59%	
HP_HYPOTENSION	HP_HYPOTENSION		89	0.3163534	1.3708752	0.042857144	0.34473622	1.0	1982	tags=25%, list=13%, signal=28%	
GOMF_OXIDOREDUCTASE_ACTIVITY_ACTING_ON_THE_ALDEHYDE_OR_OXO_GROUP_OF_DONORS	GOMF_OXIDOREDUCTASE_ACTIVITY_ACTING_ON_THE_ALDEHYDE_OR_OXO_GROUP_OF_DONORS		37	0.3753306	1.3704836	0.07920792	0.34515116	1.0	3827	tags=38%, list=25%, signal=51%	
GOMF_G_PROTEIN_BETA_GAMMA_SUBUNIT_COMPLEX_BINDING	GOMF_G_PROTEIN_BETA_GAMMA_SUBUNIT_COMPLEX_BINDING		17	0.45624468	1.3692734	0.0953271	0.34735635	1.0	3532	tags=47%, list=23%, signal=61%	
GOMF_TETRAPYRROLE_BINDING	GOMF_TETRAPYRROLE_BINDING		98	0.30884343	1.3689868	0.036006548	0.347586	1.0	2925	tags=28%, list=19%, signal=34%	
GOBP_NEUTROPHIL_HOMEOSTASIS	GOBP_NEUTROPHIL_HOMEOSTASIS		16	0.46210447	1.3688658	0.098330244	0.34740844	1.0	1218	tags=25%, list=8%, signal=27%	
HP_CONE_CONE_ROD_DYSTROPHY	HP_CONE_CONE_ROD_DYSTROPHY		46	0.35955918	1.3684113	0.07155026	0.34800112	1.0	2997	tags=28%, list=20%, signal=35%	
GOBP_POSITIVE_REGULATION_OF_ALPHA_BETA_T_CELL_ACTIVATION	GOBP_POSITIVE_REGULATION_OF_ALPHA_BETA_T_CELL_ACTIVATION		46	0.3651369	1.3679018	0.06745362	0.3487179	1.0	3355	tags=35%, list=22%, signal=45%	
GOBP_INTERLEUKIN_17_PRODUCTION	GOBP_INTERLEUKIN_17_PRODUCTION		25	0.41573286	1.3676952	0.10166359	0.34873262	1.0	3085	tags=36%, list=20%, signal=45%	
GOBP_FATTY_ACID_DERIVATIVE_BIOSYNTHETIC_PROCESS	GOBP_FATTY_ACID_DERIVATIVE_BIOSYNTHETIC_PROCESS		48	0.35834378	1.3676476	0.06844741	0.34837228	1.0	1933	tags=25%, list=13%, signal=29%	
GOBP_C21_STEROID_HORMONE_BIOSYNTHETIC_PROCESS	GOBP_C21_STEROID_HORMONE_BIOSYNTHETIC_PROCESS		17	0.4612795	1.367575	0.09041591	0.34810153	1.0	1742	tags=29%, list=12%, signal=33%	
HP_CORNEAL_SCARRING	HP_CORNEAL_SCARRING		18	0.45582268	1.3672833	0.09965035	0.34825253	1.0	2630	tags=33%, list=17%, signal=40%	
GOCC_CENTRIOLAR_SATELLITE	GOCC_CENTRIOLAR_SATELLITE		137	0.29245162	1.3669868	0.03322785	0.3484056	1.0	3575	tags=29%, list=24%, signal=38%	
GOBP_REGULATION_OF_CATION_CHANNEL_ACTIVITY	GOBP_REGULATION_OF_CATION_CHANNEL_ACTIVITY		47	0.35618055	1.3668518	0.064080946	0.3482811	1.0	3964	tags=38%, list=26%, signal=52%	
GOBP_POSITIVE_REGULATION_OF_TYPE_I_INTERFERON_PRODUCTION	GOBP_POSITIVE_REGULATION_OF_TYPE_I_INTERFERON_PRODUCTION		68	0.33098918	1.3668482	0.057377048	0.34783855	1.0	4294	tags=38%, list=28%, signal=53%	
HP_HEPATIC_FIBROSIS	HP_HEPATIC_FIBROSIS		146	0.28953883	1.3649781	0.03125	0.35155204	1.0	4788	tags=42%, list=32%, signal=62%	
GOMF_PEPTIDE_HORMONE_BINDING	GOMF_PEPTIDE_HORMONE_BINDING		39	0.3723296	1.3642505	0.07599309	0.35276136	1.0	3836	tags=46%, list=25%, signal=62%	
GOBP_ANTIGEN_PROCESSING_AND_PRESENTATION_OF_EXOGENOUS_ANTIGEN	GOBP_ANTIGEN_PROCESSING_AND_PRESENTATION_OF_EXOGENOUS_ANTIGEN		36	0.38016227	1.3642408	0.076124564	0.3523269	1.0	1982	tags=31%, list=13%, signal=35%	
GOBP_POSITIVE_REGULATION_OF_GLYCOPROTEIN_METABOLIC_PROCESS	GOBP_POSITIVE_REGULATION_OF_GLYCOPROTEIN_METABOLIC_PROCESS		15	0.46814132	1.363845	0.11971831	0.3527631	1.0	753	tags=20%, list=5%, signal=21%	
GOBP_REGULATION_OF_HEART_RATE	GOBP_REGULATION_OF_HEART_RATE		84	0.31787553	1.3636265	0.056572378	0.3528018	1.0	3573	tags=36%, list=24%, signal=47%	
GOBP_BODY_FLUID_SECRETION	GOBP_BODY_FLUID_SECRETION		74	0.32616583	1.363147	0.06414474	0.35351315	1.0	3421	tags=34%, list=23%, signal=43%	
HP_CHRONIC_KIDNEY_DISEASE	HP_CHRONIC_KIDNEY_DISEASE		171	0.2836892	1.3630594	0.025787966	0.35324284	1.0	2025	tags=19%, list=13%, signal=22%	
HP_GENERALIZED_EDEMA	HP_GENERALIZED_EDEMA		23	0.4188063	1.3628302	0.10707804	0.3532927	1.0	4481	tags=48%, list=30%, signal=68%	
HP_PULMONARY_EMBOLISM	HP_PULMONARY_EMBOLISM		28	0.39861783	1.3624929	0.098471984	0.3535738	1.0	4573	tags=50%, list=30%, signal=72%	
GOMF_NUCLEOTIDYLTRANSFERASE_ACTIVITY	GOMF_NUCLEOTIDYLTRANSFERASE_ACTIVITY		137	0.29538628	1.3623675	0.026986506	0.3534034	1.0	1333	tags=16%, list=9%, signal=17%	
GOCC_MICROBODY	GOCC_MICROBODY		136	0.28794044	1.3620424	0.027108435	0.35366747	1.0	2630	tags=26%, list=17%, signal=32%	
HP_VASCULITIS	HP_VASCULITIS		51	0.35010514	1.3615254	0.076642334	0.35439613	1.0	4573	tags=45%, list=30%, signal=64%	
GOBP_ENDOCHONDRAL_BONE_MORPHOGENESIS	GOBP_ENDOCHONDRAL_BONE_MORPHOGENESIS		57	0.33954605	1.361475	0.058441557	0.3540744	1.0	2975	tags=32%, list=20%, signal=39%	
HP_INCREASED_TOTAL_LEUKOCYTE_COUNT	HP_INCREASED_TOTAL_LEUKOCYTE_COUNT		82	0.31858113	1.3613341	0.05079365	0.35391504	1.0	2129	tags=22%, list=14%, signal=25%	
HP_STOMATITIS	HP_STOMATITIS		50	0.34340456	1.3608358	0.079866886	0.3546131	1.0	3989	tags=38%, list=26%, signal=51%	
HP_DECREASED_CIRCULATING_COMPLEMENT_C4_CONCENTRATION	HP_DECREASED_CIRCULATING_COMPLEMENT_C4_CONCENTRATION		22	0.42226386	1.3607657	0.11849192	0.35433927	1.0	1245	tags=23%, list=8%, signal=25%	
HP_IMPAIRED_MASTICATION	HP_IMPAIRED_MASTICATION		49	0.35269153	1.3599741	0.07167832	0.35560793	1.0	2708	tags=29%, list=18%, signal=35%	
HP_TRACHEOESOPHAGEAL_FISTULA	HP_TRACHEOESOPHAGEAL_FISTULA		84	0.31645954	1.3599299	0.048136648	0.35527596	1.0	5145	tags=42%, list=34%, signal=63%	
GOBP_POSITIVE_REGULATION_OF_TYPE_I_INTERFERON_MEDIATED_SIGNALING_PATHWAY	GOBP_POSITIVE_REGULATION_OF_TYPE_I_INTERFERON_MEDIATED_SIGNALING_PATHWAY		19	0.44780728	1.3589063	0.106814	0.35722083	1.0	2139	tags=32%, list=14%, signal=37%	
GOBP_MONOCARBOXYLIC_ACID_TRANSPORT	GOBP_MONOCARBOXYLIC_ACID_TRANSPORT		137	0.29120746	1.3587488	0.03726708	0.3571133	1.0	1568	tags=17%, list=10%, signal=19%	
GOBP_T_CELL_APOPTOTIC_PROCESS	GOBP_T_CELL_APOPTOTIC_PROCESS		47	0.3509806	1.358192	0.08094435	0.3579282	1.0	2919	tags=34%, list=19%, signal=42%	
GOBP_REGULATION_OF_CYTOSOLIC_CALCIUM_ION_CONCENTRATION	GOBP_REGULATION_OF_CYTOSOLIC_CALCIUM_ION_CONCENTRATION		48	0.34844965	1.3581854	0.082051285	0.35749528	1.0	5444	tags=56%, list=36%, signal=88%	
HP_ABNORMAL_CIRCULATING_GONADOTROPIN_CONCENTRATION	HP_ABNORMAL_CIRCULATING_GONADOTROPIN_CONCENTRATION		102	0.31146622	1.3570753	0.046178345	0.35960698	1.0	3404	tags=31%, list=23%, signal=40%	
GOBP_VASOCONSTRICTION	GOBP_VASOCONSTRICTION		71	0.3282875	1.3562897	0.04255319	0.36096	1.0	4893	tags=52%, list=32%, signal=77%	
HP_MYOGLOBINURIA	HP_MYOGLOBINURIA		30	0.39060163	1.3562704	0.0991453	0.36054915	1.0	5029	tags=57%, list=33%, signal=85%	
GOBP_POSITIVE_REGULATION_OF_CHEMOKINE_PRODUCTION	GOBP_POSITIVE_REGULATION_OF_CHEMOKINE_PRODUCTION		53	0.34264907	1.3560194	0.06896552	0.3606793	1.0	3259	tags=38%, list=22%, signal=48%	
GOBP_REGULATION_OF_LYMPHOCYTE_ACTIVATION	GOBP_REGULATION_OF_LYMPHOCYTE_ACTIVATION		395	0.2557056	1.3543231	0.005141388	0.36403418	1.0	3589	tags=30%, list=24%, signal=38%	
GOBP_GLUTAMATE_METABOLIC_PROCESS	GOBP_GLUTAMATE_METABOLIC_PROCESS		30	0.38649088	1.3540266	0.09342561	0.36428243	1.0	4068	tags=53%, list=27%, signal=73%	
HP_MEDIAL_FLARING_OF_THE_EYEBROW	HP_MEDIAL_FLARING_OF_THE_EYEBROW		34	0.37734768	1.3537169	0.08869565	0.3645506	1.0	2997	tags=32%, list=20%, signal=40%	
HP_PRURITUS	HP_PRURITUS		113	0.2973974	1.3528384	0.050078247	0.3661284	1.0	2937	tags=29%, list=19%, signal=36%	
GOCC_NUCLEAR_OUTER_MEMBRANE	GOCC_NUCLEAR_OUTER_MEMBRANE		29	0.39184988	1.3519136	0.10571924	0.36783877	1.0	3069	tags=31%, list=20%, signal=39%	
GOBP_TYPE_B_PANCREATIC_CELL_PROLIFERATION	GOBP_TYPE_B_PANCREATIC_CELL_PROLIFERATION		26	0.40625888	1.3514451	0.11070111	0.36843124	1.0	993	tags=19%, list=7%, signal=21%	
GOMF_HYDROLASE_ACTIVITY_ACTING_ON_GLYCOSYL_BONDS	GOMF_HYDROLASE_ACTIVITY_ACTING_ON_GLYCOSYL_BONDS		98	0.30417025	1.3512686	0.06768189	0.3683997	1.0	3020	tags=26%, list=20%, signal=32%	
HP_ABNORMAL_HEAD_BLOOD_VESSEL_MORPHOLOGY	HP_ABNORMAL_HEAD_BLOOD_VESSEL_MORPHOLOGY		68	0.32454506	1.3508718	0.067307696	0.3688841	1.0	3452	tags=29%, list=23%, signal=38%	
GOMF_TRANSMEMBRANE_RECEPTOR_PROTEIN_TYROSINE_KINASE_ACTIVITY	GOMF_TRANSMEMBRANE_RECEPTOR_PROTEIN_TYROSINE_KINASE_ACTIVITY		68	0.32866478	1.3506265	0.06403941	0.36900344	1.0	1747	tags=22%, list=12%, signal=25%	
HP_SCALING_SKIN	HP_SCALING_SKIN		36	0.3686992	1.3503369	0.08885018	0.3692446	1.0	2930	tags=36%, list=19%, signal=45%	
HP_3_4_FINGER_CUTANEOUS_SYNDACTYLY	HP_3_4_FINGER_CUTANEOUS_SYNDACTYLY		16	0.4529458	1.350038	0.11209965	0.3694932	1.0	5520	tags=69%, list=37%, signal=108%	
GOBP_CELL_CHEMOTAXIS	GOBP_CELL_CHEMOTAXIS		236	0.26681322	1.3499271	0.011764706	0.36933085	1.0	3558	tags=33%, list=24%, signal=43%	
GOCC_TERTIARY_GRANULE	GOCC_TERTIARY_GRANULE		124	0.29456985	1.3493752	0.036020584	0.37018308	1.0	3847	tags=35%, list=25%, signal=47%	
GOBP_REGULATION_OF_T_CELL_ACTIVATION	GOBP_REGULATION_OF_T_CELL_ACTIVATION		299	0.26097876	1.349334	0.0057971017	0.36981827	1.0	3850	tags=32%, list=25%, signal=42%	
HP_GOUT	HP_GOUT		15	0.47577077	1.3491032	0.12274368	0.3699297	1.0	4175	tags=60%, list=28%, signal=83%	
HP_ABNORMAL_RENAL_TUBULAR_RESORPTION	HP_ABNORMAL_RENAL_TUBULAR_RESORPTION		21	0.43132403	1.3488736	0.10211267	0.37001786	1.0	2812	tags=38%, list=19%, signal=47%	
GOBP_POSITIVE_REGULATION_OF_CYTOKINE_PRODUCTION_INVOLVED_IN_IMMUNE_RESPONSE	GOBP_POSITIVE_REGULATION_OF_CYTOKINE_PRODUCTION_INVOLVED_IN_IMMUNE_RESPONSE		63	0.33000615	1.3488382	0.04317789	0.36963505	1.0	2281	tags=30%, list=15%, signal=35%	
HP_CONJUGATED_HYPERBILIRUBINEMIA	HP_CONJUGATED_HYPERBILIRUBINEMIA		37	0.37754187	1.348547	0.09440559	0.36984757	1.0	3712	tags=41%, list=25%, signal=54%	
GOBP_ERYTHROSE_4_PHOSPHATE_PHOSPHOENOLPYRUVATE_FAMILY_AMINO_ACID_METABOLIC_PROCESS	GOBP_ERYTHROSE_4_PHOSPHATE_PHOSPHOENOLPYRUVATE_FAMILY_AMINO_ACID_METABOLIC_PROCESS		23	0.40993625	1.3483244	0.106884055	0.3699189	1.0	2812	tags=48%, list=19%, signal=59%	
GOBP_RESPONSE_TO_ZINC_ION	GOBP_RESPONSE_TO_ZINC_ION		44	0.35819668	1.3483033	0.09499136	0.36950764	1.0	4585	tags=50%, list=30%, signal=72%	
GOBP_ACUTE_INFLAMMATORY_RESPONSE	GOBP_ACUTE_INFLAMMATORY_RESPONSE		68	0.327989	1.3478638	0.062193125	0.37008867	1.0	3963	tags=40%, list=26%, signal=54%	
GOBP_REGULATION_OF_SMOOTH_MUSCLE_CONTRACTION	GOBP_REGULATION_OF_SMOOTH_MUSCLE_CONTRACTION		52	0.3416363	1.3475802	0.06807131	0.3702526	1.0	4898	tags=52%, list=32%, signal=77%	
GOBP_LYMPHOCYTE_ACTIVATION_INVOLVED_IN_IMMUNE_RESPONSE	GOBP_LYMPHOCYTE_ACTIVATION_INVOLVED_IN_IMMUNE_RESPONSE		148	0.2852157	1.3471906	0.0347432	0.3707426	1.0	3406	tags=30%, list=23%, signal=39%	
GOBP_POLYOL_METABOLIC_PROCESS	GOBP_POLYOL_METABOLIC_PROCESS		85	0.31172916	1.3469917	0.051886793	0.37075922	1.0	3249	tags=34%, list=22%, signal=43%	
HP_ABNORMALITY_OF_COMPLEMENT_SYSTEM	HP_ABNORMALITY_OF_COMPLEMENT_SYSTEM		42	0.35536808	1.3468202	0.07131012	0.37074733	1.0	3360	tags=36%, list=22%, signal=46%	
HP_URETHRAL_OBSTRUCTION	HP_URETHRAL_OBSTRUCTION		60	0.33087415	1.3466954	0.06644518	0.37055793	1.0	4339	tags=42%, list=29%, signal=58%	
GOCC_MANCHETTE	GOCC_MANCHETTE		22	0.42386967	1.3463943	0.11764706	0.37080726	1.0	3185	tags=36%, list=21%, signal=46%	
GOBP_RESPONSE_TO_AUDITORY_STIMULUS	GOBP_RESPONSE_TO_AUDITORY_STIMULUS		29	0.38571718	1.3463577	0.10211267	0.37046337	1.0	2500	tags=34%, list=17%, signal=41%	
GOBP_REGULATION_OF_RESPONSE_TO_CYTOKINE_STIMULUS	GOBP_REGULATION_OF_RESPONSE_TO_CYTOKINE_STIMULUS		148	0.28259876	1.3463448	0.04368175	0.37004194	1.0	1129	tags=15%, list=7%, signal=16%	
GOMF_OXIDOREDUCTASE_ACTIVITY_ACTING_ON_PEROXIDE_AS_ACCEPTOR	GOMF_OXIDOREDUCTASE_ACTIVITY_ACTING_ON_PEROXIDE_AS_ACCEPTOR		46	0.35549772	1.3462148	0.08813559	0.3699081	1.0	2449	tags=28%, list=16%, signal=34%	
GOBP_DEOXYRIBONUCLEOTIDE_METABOLIC_PROCESS	GOBP_DEOXYRIBONUCLEOTIDE_METABOLIC_PROCESS		41	0.3615534	1.3458954	0.09589041	0.37021646	1.0	3828	tags=37%, list=25%, signal=49%	
HP_MEGALOBLASTIC_ANEMIA	HP_MEGALOBLASTIC_ANEMIA		18	0.44431734	1.3457601	0.11669659	0.37008888	1.0	4256	tags=61%, list=28%, signal=85%	
GOBP_NEGATIVE_REGULATION_OF_CD4_POSITIVE_ALPHA_BETA_T_CELL_ACTIVATION	GOBP_NEGATIVE_REGULATION_OF_CD4_POSITIVE_ALPHA_BETA_T_CELL_ACTIVATION		27	0.40233108	1.3456632	0.10645724	0.3698629	1.0	3375	tags=37%, list=22%, signal=48%	
HP_GLOMERULONEPHRITIS	HP_GLOMERULONEPHRITIS		90	0.30759934	1.3453937	0.05972696	0.3700542	1.0	3367	tags=30%, list=22%, signal=38%	
GOCC_PROTEIN_COMPLEX_INVOLVED_IN_CELL_ADHESION	GOCC_PROTEIN_COMPLEX_INVOLVED_IN_CELL_ADHESION		50	0.35126233	1.3447523	0.07768595	0.3711341	1.0	2876	tags=28%, list=19%, signal=34%	
HP_FEVER	HP_FEVER		334	0.25916117	1.3447398	0.010943913	0.37071946	1.0	3452	tags=27%, list=23%, signal=34%	
GOMF_DAMAGED_DNA_BINDING	GOMF_DAMAGED_DNA_BINDING		69	0.32050475	1.3441703	0.0608	0.3716891	1.0	3003	tags=30%, list=20%, signal=38%	
GOBP_RESPONSE_TO_FOOD	GOBP_RESPONSE_TO_FOOD		31	0.378559	1.3440181	0.09618574	0.3716173	1.0	3286	tags=35%, list=22%, signal=45%	
GOBP_DEFINITIVE_HEMOPOIESIS	GOBP_DEFINITIVE_HEMOPOIESIS		16	0.45081353	1.3433304	0.13468635	0.3727171	1.0	2505	tags=31%, list=17%, signal=37%	
GOBP_POSITIVE_REGULATION_OF_INTERLEUKIN_10_PRODUCTION	GOBP_POSITIVE_REGULATION_OF_INTERLEUKIN_10_PRODUCTION		27	0.3966647	1.3431284	0.109375	0.37272203	1.0	2982	tags=37%, list=20%, signal=46%	
GOCC_GAP_JUNCTION	GOCC_GAP_JUNCTION		21	0.42607808	1.342768	0.11956522	0.3730949	1.0	1317	tags=29%, list=9%, signal=31%	
GOBP_TEMPERATURE_HOMEOSTASIS	GOBP_TEMPERATURE_HOMEOSTASIS		153	0.2801629	1.3421952	0.03348554	0.37396201	1.0	3916	tags=38%, list=26%, signal=51%	
HP_OPPORTUNISTIC_BACTERIAL_INFECTION	HP_OPPORTUNISTIC_BACTERIAL_INFECTION		19	0.43927887	1.3420442	0.11806798	0.37387437	1.0	1481	tags=26%, list=10%, signal=29%	
GOBP_INTERFERON_ALPHA_PRODUCTION	GOBP_INTERFERON_ALPHA_PRODUCTION		26	0.40193474	1.3419499	0.1125	0.37363032	1.0	4593	tags=54%, list=30%, signal=77%	
HP_DECREASED_CIRCULATING_CARNITINE_CONCENTRATION	HP_DECREASED_CIRCULATING_CARNITINE_CONCENTRATION		21	0.42391202	1.3419073	0.110912345	0.37328705	1.0	3408	tags=38%, list=23%, signal=49%	
HP_SYNOSTOSIS_INVOLVING_BONES_OF_THE_UPPER_LIMBS	HP_SYNOSTOSIS_INVOLVING_BONES_OF_THE_UPPER_LIMBS		118	0.29330316	1.3408933	0.030844156	0.37529573	1.0	3241	tags=30%, list=21%, signal=37%	
HP_ARTHRALGIA	HP_ARTHRALGIA		151	0.28172097	1.340589	0.026275115	0.37556258	1.0	4588	tags=39%, list=30%, signal=56%	
HP_ABNORMAL_FINGER_FLEXION_CREASE	HP_ABNORMAL_FINGER_FLEXION_CREASE		20	0.42958063	1.3404849	0.11669659	0.37536025	1.0	3116	tags=40%, list=21%, signal=50%	
GOBP_REGULATION_OF_INCLUSION_BODY_ASSEMBLY	GOBP_REGULATION_OF_INCLUSION_BODY_ASSEMBLY		16	0.46248809	1.3404061	0.10771993	0.37510067	1.0	4386	tags=44%, list=29%, signal=62%	
GOBP_REGULATION_OF_RESPONSE_TO_TUMOR_CELL	GOBP_REGULATION_OF_RESPONSE_TO_TUMOR_CELL		25	0.41342977	1.3403496	0.109947644	0.3747881	1.0	968	tags=20%, list=6%, signal=21%	
HP_FACIAL_HEMANGIOMA	HP_FACIAL_HEMANGIOMA		20	0.4312682	1.3402709	0.11172161	0.37452316	1.0	2540	tags=30%, list=17%, signal=36%	
GOBP_ATRIAL_CARDIAC_MUSCLE_TISSUE_DEVELOPMENT	GOBP_ATRIAL_CARDIAC_MUSCLE_TISSUE_DEVELOPMENT		19	0.43479568	1.3398482	0.109375	0.37507492	1.0	4324	tags=47%, list=29%, signal=66%	
GOBP_SOMATIC_DIVERSIFICATION_OF_IMMUNE_RECEPTORS	GOBP_SOMATIC_DIVERSIFICATION_OF_IMMUNE_RECEPTORS		60	0.3316514	1.3393148	0.076794654	0.375873	1.0	1293	tags=17%, list=9%, signal=18%	
GOBP_POSITIVE_REGULATION_OF_CELL_ADHESION	GOBP_POSITIVE_REGULATION_OF_CELL_ADHESION		400	0.2536402	1.3388654	0.012145749	0.3764871	1.0	3396	tags=28%, list=22%, signal=35%	
GOBP_SENSORY_PERCEPTION_OF_CHEMICAL_STIMULUS	GOBP_SENSORY_PERCEPTION_OF_CHEMICAL_STIMULUS		73	0.31758136	1.3383327	0.070063695	0.37730145	1.0	4652	tags=44%, list=31%, signal=63%	
GOMF_TRANSMEMBRANE_RECEPTOR_PROTEIN_KINASE_ACTIVITY	GOMF_TRANSMEMBRANE_RECEPTOR_PROTEIN_KINASE_ACTIVITY		79	0.31277	1.3381912	0.05977383	0.3771959	1.0	3954	tags=35%, list=26%, signal=48%	
GOBP_PYRIMIDINE_NUCLEOTIDE_CATABOLIC_PROCESS	GOBP_PYRIMIDINE_NUCLEOTIDE_CATABOLIC_PROCESS		20	0.43314165	1.3380673	0.1185567	0.3770186	1.0	1574	tags=25%, list=10%, signal=28%	
GOBP_POSITIVE_REGULATION_OF_LYMPHOCYTE_MIGRATION	GOBP_POSITIVE_REGULATION_OF_LYMPHOCYTE_MIGRATION		32	0.37719265	1.3378826	0.10858144	0.37702924	1.0	4290	tags=53%, list=28%, signal=74%	
HP_ABNORMAL_LYMPH_NODE_MORPHOLOGY	HP_ABNORMAL_LYMPH_NODE_MORPHOLOGY		203	0.2728972	1.3376143	0.025	0.37724018	1.0	4573	tags=37%, list=30%, signal=52%	
GOBP_IMMUNE_RESPONSE_REGULATING_SIGNALING_PATHWAY	GOBP_IMMUNE_RESPONSE_REGULATING_SIGNALING_PATHWAY		423	0.24949162	1.3372928	0.005457026	0.37760893	1.0	2497	tags=22%, list=17%, signal=25%	
HP_SPINAL_DYSRAPHISM	HP_SPINAL_DYSRAPHISM		131	0.2911558	1.3369315	0.031847134	0.37798887	1.0	3257	tags=26%, list=22%, signal=33%	
GOMF_POLYPEPTIDE_CONFORMATION_OR_ASSEMBLY_ISOMERASE_ACTIVITY	GOMF_POLYPEPTIDE_CONFORMATION_OR_ASSEMBLY_ISOMERASE_ACTIVITY		101	0.30037287	1.3364942	0.039936103	0.37862238	1.0	2881	tags=26%, list=19%, signal=32%	
HP_RECURRENT_BRONCHITIS	HP_RECURRENT_BRONCHITIS		29	0.38559127	1.3361548	0.09471767	0.37896612	1.0	3141	tags=28%, list=21%, signal=35%	
GOBP_AMINO_ACID_METABOLIC_PROCESS	GOBP_AMINO_ACID_METABOLIC_PROCESS		237	0.2670772	1.3359671	0.0147929	0.3789628	1.0	4068	tags=32%, list=27%, signal=44%	
HP_ABNORMALITY_OF_RENAL_EXCRETION	HP_ABNORMALITY_OF_RENAL_EXCRETION		60	0.3317867	1.3359196	0.08305648	0.37863767	1.0	2553	tags=27%, list=17%, signal=32%	
GOCC_BRUSH_BORDER	GOCC_BRUSH_BORDER		82	0.31050903	1.3359082	0.06935484	0.37823153	1.0	4022	tags=39%, list=27%, signal=53%	
GOBP_TUMOR_NECROSIS_FACTOR_MEDIATED_SIGNALING_PATHWAY	GOBP_TUMOR_NECROSIS_FACTOR_MEDIATED_SIGNALING_PATHWAY		102	0.30075556	1.335624	0.05732484	0.3784461	1.0	2791	tags=27%, list=18%, signal=33%	
GOCC_LUMENAL_SIDE_OF_MEMBRANE	GOCC_LUMENAL_SIDE_OF_MEMBRANE		36	0.3718595	1.3353914	0.096345514	0.37854925	1.0	784	tags=17%, list=5%, signal=18%	
HP_CLUBBING_OF_FINGERS	HP_CLUBBING_OF_FINGERS		29	0.38893878	1.3353717	0.10915493	0.37814668	1.0	3242	tags=34%, list=21%, signal=44%	
GOMF_ANTIOXIDANT_ACTIVITY	GOMF_ANTIOXIDANT_ACTIVITY		66	0.3258263	1.3348817	0.061359867	0.3788255	1.0	2449	tags=26%, list=16%, signal=31%	
GOBP_REGULATION_OF_PROTEIN_TYROSINE_KINASE_ACTIVITY	GOBP_REGULATION_OF_PROTEIN_TYROSINE_KINASE_ACTIVITY		23	0.40629393	1.3347257	0.09927798	0.37878016	1.0	2043	tags=26%, list=14%, signal=30%	
HP_HYPOALBUMINEMIA	HP_HYPOALBUMINEMIA		107	0.2973645	1.3339746	0.055555556	0.3801294	1.0	2976	tags=30%, list=20%, signal=37%	
GOMF_OXIDOREDUCTASE_ACTIVITY_ACTING_ON_PAIRED_DONORS_WITH_INCORPORATION_OR_REDUCTION_OF_MOLECULAR_OXYGEN_REDUCED_FLAVIN_OR_FLAVOPROTEIN_AS_ONE_DONOR_AND_INCORPORATION_OF_ONE_ATOM_OF_OXYGEN	GOMF_OXIDOREDUCTASE_ACTIVITY_ACTING_ON_PAIRED_DONORS_WITH_INCORPORATION_OR_REDUCTION_OF_MOLECULAR_OXYGEN_REDUCED_FLAVIN_OR_FLAVOPROTEIN_AS_ONE_DONOR_AND_INCORPORATION_OF_ONE_ATOM_OF_OXYGEN		20	0.42536768	1.3329008	0.10152284	0.38221508	1.0	4169	tags=45%, list=28%, signal=62%	
GOBP_CELLULAR_RESPONSE_TO_CADMIUM_ION	GOBP_CELLULAR_RESPONSE_TO_CADMIUM_ION		20	0.4190223	1.3324426	0.115771815	0.38293225	1.0	4555	tags=50%, list=30%, signal=71%	
GOBP_CELL_DIFFERENTIATION_INVOLVED_IN_EMBRYONIC_PLACENTA_DEVELOPMENT	GOBP_CELL_DIFFERENTIATION_INVOLVED_IN_EMBRYONIC_PLACENTA_DEVELOPMENT		20	0.42604914	1.3315209	0.13989638	0.38469455	1.0	2363	tags=35%, list=16%, signal=41%	
HP_OVERFRIENDLINESS	HP_OVERFRIENDLINESS		22	0.41318715	1.3294594	0.13628319	0.38923	1.0	4482	tags=50%, list=30%, signal=71%	
HP_MYOSITIS	HP_MYOSITIS		32	0.3795829	1.3286593	0.11764706	0.39080912	1.0	1263	tags=22%, list=8%, signal=24%	
HP_APLASIA_HYPOPLASIA_OF_THE_PHALANGES_OF_THE_TOES	HP_APLASIA_HYPOPLASIA_OF_THE_PHALANGES_OF_THE_TOES		26	0.39227355	1.3286393	0.12784588	0.3904062	1.0	3147	tags=35%, list=21%, signal=44%	
GOMF_ENDOPEPTIDASE_ACTIVITY	GOMF_ENDOPEPTIDASE_ACTIVITY		416	0.24791282	1.3281054	0.01608579	0.3912513	1.0	3785	tags=32%, list=25%, signal=41%	
GOMF_PHOSPHOLIPASE_A1_ACTIVITY	GOMF_PHOSPHOLIPASE_A1_ACTIVITY		15	0.4619117	1.3278416	0.12864494	0.39139643	1.0	4619	tags=60%, list=31%, signal=86%	
GOBP_INTERLEUKIN_1_BETA_PRODUCTION	GOBP_INTERLEUKIN_1_BETA_PRODUCTION		64	0.32162136	1.3258516	0.058544304	0.39585638	1.0	3602	tags=38%, list=24%, signal=49%	
GOMF_OXYSTEROL_BINDING	GOMF_OXYSTEROL_BINDING		15	0.46494728	1.3256874	0.13513513	0.39581215	1.0	1121	tags=27%, list=7%, signal=29%	
GOBP_INNATE_IMMUNE_RESPONSE_ACTIVATING_CELL_SURFACE_RECEPTOR_SIGNALING_PATHWAY	GOBP_INNATE_IMMUNE_RESPONSE_ACTIVATING_CELL_SURFACE_RECEPTOR_SIGNALING_PATHWAY		74	0.31310862	1.3249524	0.06589786	0.39712	1.0	3429	tags=34%, list=23%, signal=43%	
GOBP_MYD88_INDEPENDENT_TOLL_LIKE_RECEPTOR_SIGNALING_PATHWAY	GOBP_MYD88_INDEPENDENT_TOLL_LIKE_RECEPTOR_SIGNALING_PATHWAY		15	0.46378163	1.3249446	0.13259669	0.3966812	1.0	2163	tags=33%, list=14%, signal=39%	
HP_PALMOPLANTAR_HYPERKERATOSIS	HP_PALMOPLANTAR_HYPERKERATOSIS		98	0.29900146	1.3234074	0.058267716	0.40002424	1.0	3269	tags=33%, list=22%, signal=41%	
HP_ABNORMAL_CIRCULATING_THYROGLOBULIN_CONCENTRATION	HP_ABNORMAL_CIRCULATING_THYROGLOBULIN_CONCENTRATION		17	0.45140347	1.323054	0.13235295	0.4004736	1.0	4644	tags=65%, list=31%, signal=93%	
GOBP_XENOBIOTIC_TRANSPORT	GOBP_XENOBIOTIC_TRANSPORT		40	0.35944414	1.322927	0.07692308	0.40034232	1.0	3328	tags=35%, list=22%, signal=45%	
HP_ABNORMAL_BLADDER_MORPHOLOGY	HP_ABNORMAL_BLADDER_MORPHOLOGY		66	0.319373	1.3228642	0.07054674	0.40005454	1.0	5027	tags=45%, list=33%, signal=68%	
GOBP_POSITIVE_REGULATION_OF_REPRODUCTIVE_PROCESS	GOBP_POSITIVE_REGULATION_OF_REPRODUCTIVE_PROCESS		62	0.3289699	1.3226097	0.06418919	0.40022877	1.0	1915	tags=24%, list=13%, signal=28%	
GOBP_TOLERANCE_INDUCTION	GOBP_TOLERANCE_INDUCTION		20	0.42015415	1.3210669	0.11170213	0.4035958	1.0	2919	tags=35%, list=19%, signal=43%	
GOBP_REGULATION_OF_STEROL_TRANSPORT	GOBP_REGULATION_OF_STEROL_TRANSPORT		45	0.3512786	1.3209031	0.11129568	0.4035596	1.0	744	tags=16%, list=5%, signal=16%	
GOBP_BILE_ACID_METABOLIC_PROCESS	GOBP_BILE_ACID_METABOLIC_PROCESS		41	0.3513671	1.3205854	0.110197365	0.403872	1.0	4233	tags=44%, list=28%, signal=61%	
GOBP_REGULATION_OF_CELL_ACTIVATION	GOBP_REGULATION_OF_CELL_ACTIVATION		492	0.24358758	1.320438	0.0063775512	0.40376168	1.0	3589	tags=29%, list=24%, signal=37%	
HP_ABNORMAL_MORPHOLOGY_OF_THE_CHOROIDAL_VASCULATURE	HP_ABNORMAL_MORPHOLOGY_OF_THE_CHOROIDAL_VASCULATURE		25	0.39053383	1.3199198	0.12714776	0.40470684	1.0	4040	tags=40%, list=27%, signal=55%	
HP_ABNORMAL_CIRCULATING_HORMONE_CONCENTRATION	HP_ABNORMAL_CIRCULATING_HORMONE_CONCENTRATION		397	0.2515359	1.3193189	0.010884354	0.4057417	1.0	3435	tags=28%, list=23%, signal=36%	
HP_DECREASED_TESTICULAR_SIZE	HP_DECREASED_TESTICULAR_SIZE		150	0.2822609	1.3192393	0.036873158	0.40548807	1.0	2585	tags=25%, list=17%, signal=29%	
GOBP_REGULATION_OF_T_HELPER_1_TYPE_IMMUNE_RESPONSE	GOBP_REGULATION_OF_T_HELPER_1_TYPE_IMMUNE_RESPONSE		18	0.43454197	1.318731	0.13763066	0.40628788	1.0	2800	tags=39%, list=19%, signal=48%	
GOBP_POSITIVE_REGULATION_OF_LEUKOCYTE_ADHESION_TO_VASCULAR_ENDOTHELIAL_CELL	GOBP_POSITIVE_REGULATION_OF_LEUKOCYTE_ADHESION_TO_VASCULAR_ENDOTHELIAL_CELL		18	0.43380636	1.3186681	0.12891345	0.40596688	1.0	3396	tags=44%, list=22%, signal=57%	
GOBP_GLYCOSYL_COMPOUND_METABOLIC_PROCESS	GOBP_GLYCOSYL_COMPOUND_METABOLIC_PROCESS		64	0.32172164	1.3183064	0.07272727	0.40643656	1.0	4230	tags=36%, list=28%, signal=50%	
GOBP_CELLULAR_OXIDANT_DETOXIFICATION	GOBP_CELLULAR_OXIDANT_DETOXIFICATION		76	0.31094238	1.3176107	0.063439064	0.4077412	1.0	2586	tags=25%, list=17%, signal=30%	
GOBP_NEUROPEPTIDE_SIGNALING_PATHWAY	GOBP_NEUROPEPTIDE_SIGNALING_PATHWAY		80	0.31151336	1.3175285	0.07131537	0.40748322	1.0	4264	tags=50%, list=28%, signal=69%	
GOBP_PROGRAMMED_NECROTIC_CELL_DEATH	GOBP_PROGRAMMED_NECROTIC_CELL_DEATH		44	0.3523192	1.3173596	0.106712565	0.40742972	1.0	1094	tags=18%, list=7%, signal=20%	
HP_EXERCISE_INDUCED_MUSCLE_CRAMPS	HP_EXERCISE_INDUCED_MUSCLE_CRAMPS		15	0.44904318	1.3172351	0.14781022	0.40729168	1.0	5208	tags=67%, list=34%, signal=102%	
GOBP_PATTERN_SPECIFICATION_PROCESS	GOBP_PATTERN_SPECIFICATION_PROCESS		420	0.2462578	1.3165283	0.021650879	0.40867868	1.0	3405	tags=30%, list=23%, signal=38%	
GOBP_HETEROPHILIC_CELL_CELL_ADHESION_VIA_PLASMA_MEMBRANE_CELL_ADHESION_MOLECULES	GOBP_HETEROPHILIC_CELL_CELL_ADHESION_VIA_PLASMA_MEMBRANE_CELL_ADHESION_MOLECULES		34	0.3762915	1.3161817	0.107826084	0.40910876	1.0	2987	tags=38%, list=20%, signal=48%	
GOBP_DENDRITE_SELF_AVOIDANCE	GOBP_DENDRITE_SELF_AVOIDANCE		16	0.44291195	1.3158437	0.12926391	0.4094984	1.0	2223	tags=31%, list=15%, signal=37%	
HP_PULMONARY_INFILTRATES	HP_PULMONARY_INFILTRATES		39	0.35262126	1.315354	0.0916955	0.41027197	1.0	5026	tags=56%, list=33%, signal=84%	
GOMF_MONOOXYGENASE_ACTIVITY	GOMF_MONOOXYGENASE_ACTIVITY		77	0.3076681	1.3152122	0.068471335	0.41016716	1.0	4169	tags=36%, list=28%, signal=50%	
HP_INCREASED_CIRCULATING_ALDOSTERONE_CONCENTRATION	HP_INCREASED_CIRCULATING_ALDOSTERONE_CONCENTRATION		24	0.40026635	1.3152041	0.114982575	0.40973353	1.0	1832	tags=29%, list=12%, signal=33%	
GOBP_REGULATION_OF_VIRAL_PROCESS	GOBP_REGULATION_OF_VIRAL_PROCESS		115	0.28780866	1.3151863	0.058383234	0.40930992	1.0	3743	tags=32%, list=25%, signal=42%	
GOMF_MONOATOMIC_ION_GATED_CHANNEL_ACTIVITY	GOMF_MONOATOMIC_ION_GATED_CHANNEL_ACTIVITY		25	0.39910993	1.3143672	0.12982456	0.41090426	1.0	3767	tags=48%, list=25%, signal=64%	
GOBP_NATURAL_KILLER_CELL_DIFFERENTIATION	GOBP_NATURAL_KILLER_CELL_DIFFERENTIATION		17	0.4412642	1.3142186	0.12724014	0.41082183	1.0	2278	tags=29%, list=15%, signal=35%	
HP_APLASIA_HYPOPLASIA_OF_THE_VAGINA	HP_APLASIA_HYPOPLASIA_OF_THE_VAGINA		41	0.35203564	1.314155	0.10963455	0.41053897	1.0	3251	tags=29%, list=22%, signal=37%	
GOBP_ANTIMICROBIAL_HUMORAL_IMMUNE_RESPONSE_MEDIATED_BY_ANTIMICROBIAL_PEPTIDE	GOBP_ANTIMICROBIAL_HUMORAL_IMMUNE_RESPONSE_MEDIATED_BY_ANTIMICROBIAL_PEPTIDE		58	0.32495528	1.3138956	0.08614865	0.4107137	1.0	3835	tags=41%, list=25%, signal=55%	
GOBP_ACTIN_FILAMENT_BUNDLE_ORGANIZATION	GOBP_ACTIN_FILAMENT_BUNDLE_ORGANIZATION		146	0.2782498	1.313652	0.050847456	0.41087204	1.0	1584	tags=21%, list=10%, signal=23%	
GOMF_HYDROLASE_ACTIVITY_ACTING_ON_CARBON_NITROGEN_BUT_NOT_PEPTIDE_BONDS_IN_LINEAR_AMIDES	GOMF_HYDROLASE_ACTIVITY_ACTING_ON_CARBON_NITROGEN_BUT_NOT_PEPTIDE_BONDS_IN_LINEAR_AMIDES		53	0.33395213	1.3130119	0.09013605	0.4119858	1.0	3372	tags=36%, list=22%, signal=46%	
GOBP_DOPAMINE_METABOLIC_PROCESS	GOBP_DOPAMINE_METABOLIC_PROCESS		36	0.36565426	1.3129379	0.101265825	0.41173145	1.0	3392	tags=39%, list=22%, signal=50%	
GOBP_MECHANORECEPTOR_DIFFERENTIATION	GOBP_MECHANORECEPTOR_DIFFERENTIATION		68	0.3159012	1.3122214	0.08510638	0.4131008	1.0	1484	tags=21%, list=10%, signal=23%	
GOBP_CELLULAR_PROCESS_INVOLVED_IN_REPRODUCTION_IN_MULTICELLULAR_ORGANISM	GOBP_CELLULAR_PROCESS_INVOLVED_IN_REPRODUCTION_IN_MULTICELLULAR_ORGANISM		316	0.24940313	1.3115535	0.016393442	0.41434935	1.0	3704	tags=30%, list=25%, signal=39%	
GOBP_PEPTIDYL_TYROSINE_MODIFICATION	GOBP_PEPTIDYL_TYROSINE_MODIFICATION		111	0.28902894	1.3113647	0.050083473	0.41433898	1.0	3345	tags=28%, list=22%, signal=36%	
GOBP_PHOTORECEPTOR_CELL_DIFFERENTIATION	GOBP_PHOTORECEPTOR_CELL_DIFFERENTIATION		64	0.3169685	1.3112524	0.10339257	0.41415173	1.0	3230	tags=28%, list=21%, signal=36%	
GOBP_RESPONSE_TO_THYROID_HORMONE	GOBP_RESPONSE_TO_THYROID_HORMONE		18	0.425824	1.3111229	0.14982578	0.41403225	1.0	4248	tags=50%, list=28%, signal=69%	
HP_ABNORMAL_CIRCULATING_FATTY_ACID_ANION_CONCENTRATION	HP_ABNORMAL_CIRCULATING_FATTY_ACID_ANION_CONCENTRATION		39	0.35311377	1.3101649	0.1038526	0.4159815	1.0	2436	tags=26%, list=16%, signal=30%	
HP_HYPERCHOLESTEROLEMIA	HP_HYPERCHOLESTEROLEMIA		61	0.32060784	1.3098657	0.10114192	0.41632688	1.0	4631	tags=44%, list=31%, signal=64%	
GOMF_SINGLE_STRANDED_DNA_HELICASE_ACTIVITY	GOMF_SINGLE_STRANDED_DNA_HELICASE_ACTIVITY		20	0.4198685	1.3093266	0.1369606	0.4172266	1.0	6202	tags=55%, list=41%, signal=93%	
GOBP_IMMUNE_RESPONSE_TO_TUMOR_CELL	GOBP_IMMUNE_RESPONSE_TO_TUMOR_CELL		27	0.38943273	1.3093264	0.12583892	0.41677505	1.0	968	tags=19%, list=6%, signal=20%	
HP_ABNORMALITY_OF_BODY_MASS_INDEX	HP_ABNORMALITY_OF_BODY_MASS_INDEX		24	0.40495563	1.3084538	0.1227758	0.41851595	1.0	1481	tags=21%, list=10%, signal=23%	
GOBP_INHIBITORY_SYNAPSE_ASSEMBLY	GOBP_INHIBITORY_SYNAPSE_ASSEMBLY		24	0.39882746	1.3082182	0.12454873	0.41865933	1.0	3425	tags=50%, list=23%, signal=65%	
HP_DYSURIA	HP_DYSURIA		18	0.43821052	1.3077743	0.15008727	0.41931868	1.0	4089	tags=50%, list=27%, signal=68%	
GOBP_DETECTION_OF_BIOTIC_STIMULUS	GOBP_DETECTION_OF_BIOTIC_STIMULUS		24	0.39908725	1.3076566	0.13392857	0.41917968	1.0	3741	tags=54%, list=25%, signal=72%	
GOBP_LUNG_CELL_DIFFERENTIATION	GOBP_LUNG_CELL_DIFFERENTIATION		27	0.38844654	1.3068888	0.11363637	0.42068434	1.0	4644	tags=56%, list=31%, signal=80%	
GOBP_NEGATIVE_REGULATION_OF_RESPONSE_TO_EXTERNAL_STIMULUS	GOBP_NEGATIVE_REGULATION_OF_RESPONSE_TO_EXTERNAL_STIMULUS		298	0.25226873	1.3068358	0.029368576	0.42037413	1.0	2901	tags=22%, list=19%, signal=27%	
GOBP_REGULATION_OF_POTASSIUM_ION_TRANSPORT	GOBP_REGULATION_OF_POTASSIUM_ION_TRANSPORT		74	0.3082559	1.3061782	0.08585858	0.42162952	1.0	4448	tags=42%, list=29%, signal=59%	
GOBP_SYNAPTIC_TRANSMISSION_GABAERGIC	GOBP_SYNAPTIC_TRANSMISSION_GABAERGIC		49	0.3335543	1.3056273	0.10183639	0.42257574	1.0	3565	tags=39%, list=24%, signal=51%	
GOBP_POSITIVE_REGULATION_OF_CYTOKINE_PRODUCTION_INVOLVED_IN_INFLAMMATORY_RESPONSE	GOBP_POSITIVE_REGULATION_OF_CYTOKINE_PRODUCTION_INVOLVED_IN_INFLAMMATORY_RESPONSE		20	0.419584	1.3054646	0.13786764	0.4225253	1.0	2163	tags=30%, list=14%, signal=35%	
HP_ABNORMALITY_OF_URINE_CALCIUM_CONCENTRATION	HP_ABNORMALITY_OF_URINE_CALCIUM_CONCENTRATION		58	0.32767513	1.3050245	0.10378913	0.42319366	1.0	2631	tags=31%, list=17%, signal=37%	
GOMF_CORECEPTOR_ACTIVITY	GOMF_CORECEPTOR_ACTIVITY		43	0.34485936	1.3050015	0.105802044	0.4228139	1.0	3595	tags=44%, list=24%, signal=58%	
GOCC_TIGHT_JUNCTION	GOCC_TIGHT_JUNCTION		110	0.28688622	1.3045244	0.06969697	0.42359352	1.0	1613	tags=20%, list=11%, signal=22%	
HP_ASCITES	HP_ASCITES		117	0.28505525	1.3044411	0.05956113	0.4233488	1.0	4242	tags=39%, list=28%, signal=54%	
GOBP_T_CELL_CYTOKINE_PRODUCTION	GOBP_T_CELL_CYTOKINE_PRODUCTION		23	0.40027347	1.3039672	0.12456141	0.42406994	1.0	2127	tags=35%, list=14%, signal=40%	
GOBP_CELL_SURFACE_TOLL_LIKE_RECEPTOR_SIGNALING_PATHWAY	GOBP_CELL_SURFACE_TOLL_LIKE_RECEPTOR_SIGNALING_PATHWAY		59	0.3240885	1.3038108	0.08305085	0.4240085	1.0	3429	tags=34%, list=23%, signal=44%	
GOMF_SERINE_TYPE_ENDOPEPTIDASE_INHIBITOR_ACTIVITY	GOMF_SERINE_TYPE_ENDOPEPTIDASE_INHIBITOR_ACTIVITY		65	0.31675342	1.3032571	0.0884808	0.42497137	1.0	3589	tags=35%, list=24%, signal=46%	
GOBP_CELLULAR_RESPONSE_TO_VIRUS	GOBP_CELLULAR_RESPONSE_TO_VIRUS		53	0.32891762	1.3020514	0.1	0.42759797	1.0	2782	tags=30%, list=18%, signal=37%	
GOCC_OXIDOREDUCTASE_COMPLEX	GOCC_OXIDOREDUCTASE_COMPLEX		128	0.28254342	1.3019227	0.06339144	0.42748067	1.0	2081	tags=19%, list=14%, signal=22%	
HP_HYPOHIDROSIS	HP_HYPOHIDROSIS		66	0.31654152	1.3015618	0.087102175	0.42793566	1.0	3786	tags=36%, list=25%, signal=48%	
GOMF_MOLECULAR_SENSOR_ACTIVITY	GOMF_MOLECULAR_SENSOR_ACTIVITY		61	0.3248206	1.3014777	0.109477125	0.42770067	1.0	2793	tags=26%, list=18%, signal=32%	
GOBP_POSITIVE_REGULATION_OF_MONOATOMIC_ION_TRANSPORT	GOBP_POSITIVE_REGULATION_OF_MONOATOMIC_ION_TRANSPORT		153	0.27648872	1.301155	0.050613496	0.42806	1.0	4175	tags=41%, list=28%, signal=55%	
HP_ABNORMAL_SHARPEY_FIBER_MORPHOLOGY	HP_ABNORMAL_SHARPEY_FIBER_MORPHOLOGY		26	0.39178744	1.3009046	0.13035715	0.4282591	1.0	3336	tags=42%, list=22%, signal=54%	
GOCC_MICROTUBULE_ASSOCIATED_COMPLEX	GOCC_MICROTUBULE_ASSOCIATED_COMPLEX		147	0.276084	1.3004699	0.0556391	0.42894664	1.0	4732	tags=39%, list=31%, signal=56%	
GOBP_METABOLIC_COMPOUND_SALVAGE	GOBP_METABOLIC_COMPOUND_SALVAGE		30	0.37659016	1.2992504	0.12962963	0.43165323	1.0	4230	tags=43%, list=28%, signal=60%	
HP_DEHYDRATION	HP_DEHYDRATION		80	0.30719656	1.2987304	0.07960199	0.43255287	1.0	3589	tags=34%, list=24%, signal=44%	
GOBP_REGULATION_OF_CD4_POSITIVE_ALPHA_BETA_T_CELL_ACTIVATION	GOBP_REGULATION_OF_CD4_POSITIVE_ALPHA_BETA_T_CELL_ACTIVATION		53	0.33135396	1.298485	0.12086093	0.4327421	1.0	3375	tags=34%, list=22%, signal=44%	
GOBP_TIGHT_JUNCTION_ORGANIZATION	GOBP_TIGHT_JUNCTION_ORGANIZATION		67	0.313576	1.2983207	0.090625	0.43273112	1.0	3823	tags=34%, list=25%, signal=46%	
GOBP_RETINA_MORPHOGENESIS_IN_CAMERA_TYPE_EYE	GOBP_RETINA_MORPHOGENESIS_IN_CAMERA_TYPE_EYE		59	0.31840754	1.2982501	0.089376055	0.4324705	1.0	2891	tags=29%, list=19%, signal=35%	
GOBP_NEGATIVE_REGULATION_OF_PROGRAMMED_NECROTIC_CELL_DEATH	GOBP_NEGATIVE_REGULATION_OF_PROGRAMMED_NECROTIC_CELL_DEATH		16	0.43378207	1.2972963	0.14361702	0.43460163	1.0	3069	tags=38%, list=20%, signal=47%	
GOBP_PARAXIAL_MESODERM_DEVELOPMENT	GOBP_PARAXIAL_MESODERM_DEVELOPMENT		16	0.44198436	1.2971616	0.15808171	0.43450287	1.0	3599	tags=44%, list=24%, signal=57%	
GOBP_SYNAPTONEMAL_COMPLEX_ORGANIZATION	GOBP_SYNAPTONEMAL_COMPLEX_ORGANIZATION		19	0.4224524	1.2970972	0.1491228	0.43422854	1.0	3846	tags=47%, list=25%, signal=63%	
GOBP_INORGANIC_ION_IMPORT_ACROSS_PLASMA_MEMBRANE	GOBP_INORGANIC_ION_IMPORT_ACROSS_PLASMA_MEMBRANE		106	0.28952366	1.2965761	0.06412214	0.43515816	1.0	4662	tags=42%, list=31%, signal=60%	
GOBP_VIRAL_RNA_GENOME_REPLICATION	GOBP_VIRAL_RNA_GENOME_REPLICATION		21	0.40364188	1.2963322	0.13652483	0.43533432	1.0	1335	tags=24%, list=9%, signal=26%	
HP_ABNORMAL_RENAL_CORTEX_MORPHOLOGY	HP_ABNORMAL_RENAL_CORTEX_MORPHOLOGY		197	0.2636235	1.2963278	0.03448276	0.43489304	1.0	2462	tags=21%, list=16%, signal=25%	
GOBP_REGULATION_OF_CALCIUM_ION_TRANSMEMBRANE_TRANSPORTER_ACTIVITY	GOBP_REGULATION_OF_CALCIUM_ION_TRANSMEMBRANE_TRANSPORTER_ACTIVITY		32	0.3720206	1.2961485	0.13368984	0.4349109	1.0	4712	tags=44%, list=31%, signal=63%	
GOBP_LONG_TERM_MEMORY	GOBP_LONG_TERM_MEMORY		30	0.3685488	1.2960062	0.12653778	0.43480667	1.0	991	tags=17%, list=7%, signal=18%	
GOMF_STEROL_TRANSFER_ACTIVITY	GOMF_STEROL_TRANSFER_ACTIVITY		24	0.40035903	1.2959415	0.13715278	0.43452078	1.0	2856	tags=42%, list=19%, signal=51%	
GOBP_POSITIVE_REGULATION_OF_TRANSPORTER_ACTIVITY	GOBP_POSITIVE_REGULATION_OF_TRANSPORTER_ACTIVITY		39	0.35731006	1.2957729	0.101200685	0.434471	1.0	3731	tags=38%, list=25%, signal=51%	
GOBP_REGULATION_OF_CHOLESTEROL_EFFLUX	GOBP_REGULATION_OF_CHOLESTEROL_EFFLUX		30	0.3686966	1.2957494	0.1306715	0.43408254	1.0	744	tags=17%, list=5%, signal=17%	
HP_CEREBRAL_EDEMA	HP_CEREBRAL_EDEMA		29	0.37524527	1.2954875	0.13059033	0.4343138	1.0	1185	tags=21%, list=8%, signal=22%	
HP_ABNORMALITY_OF_PANCREAS_PHYSIOLOGY	HP_ABNORMALITY_OF_PANCREAS_PHYSIOLOGY		139	0.2749298	1.2951927	0.06430868	0.43462384	1.0	5140	tags=41%, list=34%, signal=62%	
HP_SPARSE_AXILLARY_HAIR	HP_SPARSE_AXILLARY_HAIR		37	0.35324395	1.294945	0.12794612	0.43484557	1.0	2092	tags=24%, list=14%, signal=28%	
GOBP_PHOSPHATIDYLETHANOLAMINE_METABOLIC_PROCESS	GOBP_PHOSPHATIDYLETHANOLAMINE_METABOLIC_PROCESS		24	0.3873216	1.2949207	0.15044248	0.43445408	1.0	4619	tags=50%, list=31%, signal=72%	
HP_GASTROINTESTINAL_INFLAMMATION	HP_GASTROINTESTINAL_INFLAMMATION		154	0.27417547	1.2947146	0.04692082	0.4345423	1.0	3509	tags=31%, list=23%, signal=40%	
GOCC_CONDENSED_NUCLEAR_CHROMOSOME	GOCC_CONDENSED_NUCLEAR_CHROMOSOME		59	0.32061896	1.2941757	0.09688013	0.4355174	1.0	4476	tags=39%, list=30%, signal=55%	
GOBP_RENAL_ABSORPTION	GOBP_RENAL_ABSORPTION		32	0.3662124	1.2939492	0.110535406	0.43565568	1.0	3203	tags=38%, list=21%, signal=47%	
GOBP_PEPTIDYL_GLUTAMIC_ACID_MODIFICATION	GOBP_PEPTIDYL_GLUTAMIC_ACID_MODIFICATION		18	0.42303985	1.2936558	0.15724382	0.43596306	1.0	3920	tags=44%, list=26%, signal=60%	
GOBP_MESODERM_DEVELOPMENT	GOBP_MESODERM_DEVELOPMENT		108	0.28881693	1.2934906	0.07366771	0.435968	1.0	4312	tags=38%, list=29%, signal=53%	
GOBP_ESTABLISHMENT_OF_PROTEIN_LOCALIZATION_TO_CHROMOSOME	GOBP_ESTABLISHMENT_OF_PROTEIN_LOCALIZATION_TO_CHROMOSOME		20	0.41120157	1.2931821	0.15202703	0.43628678	1.0	2246	tags=30%, list=15%, signal=35%	
GOBP_CELLULAR_RESPONSE_TO_INTERFERON_BETA	GOBP_CELLULAR_RESPONSE_TO_INTERFERON_BETA		24	0.39697498	1.2930719	0.14442413	0.43615186	1.0	3451	tags=42%, list=23%, signal=54%	
HP_MECONIUM_ILEUS	HP_MECONIUM_ILEUS		15	0.4405146	1.2929506	0.15889464	0.43600845	1.0	1481	tags=27%, list=10%, signal=30%	
GOBP_MISMATCH_REPAIR	GOBP_MISMATCH_REPAIR		25	0.38969567	1.2921748	0.13879004	0.43757227	1.0	2798	tags=32%, list=19%, signal=39%	
HP_LIMB_PAIN	HP_LIMB_PAIN		49	0.33127096	1.2919124	0.109375	0.43782082	1.0	3801	tags=35%, list=25%, signal=46%	
GOMF_PEPTIDASE_REGULATOR_ACTIVITY	GOMF_PEPTIDASE_REGULATOR_ACTIVITY		165	0.26885837	1.2918745	0.047976013	0.43747365	1.0	3785	tags=30%, list=25%, signal=40%	
HP_ABNORMALITY_OF_SKIN_PHYSIOLOGY	HP_ABNORMALITY_OF_SKIN_PHYSIOLOGY		463	0.2401616	1.2913295	0.013192612	0.43845594	1.0	3632	tags=28%, list=24%, signal=36%	
HP_ABNORMAL_BLOOD_INORGANIC_CATION_CONCENTRATION	HP_ABNORMAL_BLOOD_INORGANIC_CATION_CONCENTRATION		151	0.27399576	1.2910562	0.050769232	0.43873024	1.0	4212	tags=37%, list=28%, signal=51%	
HP_PATCHY_ALOPECIA	HP_PATCHY_ALOPECIA		20	0.40889186	1.2909503	0.15648855	0.4385589	1.0	4068	tags=45%, list=27%, signal=61%	
GOBP_NEGATIVE_REGULATION_OF_RESPONSE_TO_CYTOKINE_STIMULUS	GOBP_NEGATIVE_REGULATION_OF_RESPONSE_TO_CYTOKINE_STIMULUS		68	0.31659684	1.2907225	0.093178034	0.43871534	1.0	1129	tags=16%, list=7%, signal=17%	
GOBP_POSITIVE_REGULATION_OF_ACUTE_INFLAMMATORY_RESPONSE	GOBP_POSITIVE_REGULATION_OF_ACUTE_INFLAMMATORY_RESPONSE		19	0.41442272	1.2906687	0.14365672	0.43843424	1.0	3850	tags=47%, list=25%, signal=63%	
HP_ABNORMAL_NASOPHARYNX_MORPHOLOGY	HP_ABNORMAL_NASOPHARYNX_MORPHOLOGY		161	0.26923466	1.2895052	0.049155146	0.44094786	1.0	3625	tags=30%, list=24%, signal=40%	
HP_HYPOINSULINEMIA	HP_HYPOINSULINEMIA		15	0.4419305	1.2889234	0.14889705	0.44202542	1.0	2211	tags=33%, list=15%, signal=39%	
HP_INCREASED_CIRCULATING_IMMUNOGLOBULIN_CONCENTRATION	HP_INCREASED_CIRCULATING_IMMUNOGLOBULIN_CONCENTRATION		90	0.29243615	1.2886981	0.077922076	0.44216853	1.0	3982	tags=33%, list=26%, signal=45%	
HP_RAYNAUD_PHENOMENON	HP_RAYNAUD_PHENOMENON		37	0.34894812	1.2886466	0.12393888	0.44184896	1.0	1261	tags=22%, list=8%, signal=24%	
HP_DECREASED_CALVARIAL_OSSIFICATION	HP_DECREASED_CALVARIAL_OSSIFICATION		16	0.43333548	1.2873222	0.14656772	0.4449222	1.0	2126	tags=25%, list=14%, signal=29%	
GOBP_REGULATION_OF_CHEMOTAXIS	GOBP_REGULATION_OF_CHEMOTAXIS		175	0.26712054	1.2872465	0.05397301	0.44467726	1.0	3203	tags=29%, list=21%, signal=37%	
HP_ECTOPIC_CALCIFICATION	HP_ECTOPIC_CALCIFICATION		200	0.25886887	1.287045	0.048961423	0.44479728	1.0	3743	tags=29%, list=25%, signal=39%	
GOMF_OXIDOREDUCTASE_ACTIVITY_ACTING_ON_PAIRED_DONORS_WITH_INCORPORATION_OR_REDUCTION_OF_MOLECULAR_OXYGEN_NAD_P_H_AS_ONE_DONOR_AND_INCORPORATION_OF_ONE_ATOM_OF_OXYGEN	GOMF_OXIDOREDUCTASE_ACTIVITY_ACTING_ON_PAIRED_DONORS_WITH_INCORPORATION_OR_REDUCTION_OF_MOLECULAR_OXYGEN_NAD_P_H_AS_ONE_DONOR_AND_INCORPORATION_OF_ONE_ATOM_OF_OXYGEN		37	0.35233593	1.286678	0.11582382	0.44534376	1.0	4831	tags=49%, list=32%, signal=71%	
HP_CLUBBING_OF_TOES	HP_CLUBBING_OF_TOES		25	0.3939838	1.2863028	0.12105263	0.4458518	1.0	4649	tags=40%, list=31%, signal=58%	
GOCC_PHAGOCYTIC_VESICLE	GOCC_PHAGOCYTIC_VESICLE		129	0.27935725	1.2862371	0.0690184	0.44556972	1.0	2887	tags=25%, list=19%, signal=30%	
GOBP_CD4_POSITIVE_ALPHA_BETA_T_CELL_ACTIVATION	GOBP_CD4_POSITIVE_ALPHA_BETA_T_CELL_ACTIVATION		88	0.29930237	1.2854941	0.09134615	0.4471228	1.0	3406	tags=32%, list=23%, signal=41%	
GOBP_THYMOCYTE_APOPTOTIC_PROCESS	GOBP_THYMOCYTE_APOPTOTIC_PROCESS		17	0.42930785	1.2851841	0.1486014	0.4474406	1.0	2829	tags=41%, list=19%, signal=51%	
GOMF_CARBOXYLIC_ESTER_HYDROLASE_ACTIVITY	GOMF_CARBOXYLIC_ESTER_HYDROLASE_ACTIVITY		121	0.27974337	1.2851242	0.07017544	0.44715017	1.0	2414	tags=24%, list=16%, signal=28%	
GOMF_HORMONE_RECEPTOR_BINDING	GOMF_HORMONE_RECEPTOR_BINDING		22	0.40068808	1.2851138	0.14886165	0.44672692	1.0	4242	tags=50%, list=28%, signal=69%	
GOMF_EPHRIN_RECEPTOR_ACTIVITY	GOMF_EPHRIN_RECEPTOR_ACTIVITY		16	0.4441471	1.2849947	0.15289983	0.44659355	1.0	1708	tags=31%, list=11%, signal=35%	
GOCC_RECEPTOR_COMPLEX	GOCC_RECEPTOR_COMPLEX		321	0.24893574	1.284979	0.027322404	0.44617853	1.0	3425	tags=31%, list=23%, signal=39%	
GOBP_RESPONSE_TO_ISCHEMIA	GOBP_RESPONSE_TO_ISCHEMIA		50	0.32574627	1.2849469	0.114529915	0.44580624	1.0	977	tags=20%, list=6%, signal=21%	
GOBP_POSITIVE_REGULATION_OF_PRODUCTION_OF_MOLECULAR_MEDIATOR_OF_IMMUNE_RESPONSE	GOBP_POSITIVE_REGULATION_OF_PRODUCTION_OF_MOLECULAR_MEDIATOR_OF_IMMUNE_RESPONSE		101	0.2900057	1.2846425	0.07076923	0.44613695	1.0	2793	tags=27%, list=18%, signal=33%	
GOBP_NATURAL_KILLER_CELL_ACTIVATION	GOBP_NATURAL_KILLER_CELL_ACTIVATION		56	0.32445568	1.2842926	0.10204082	0.4466139	1.0	2982	tags=32%, list=20%, signal=40%	
GOMF_CALCIUM_DEPENDENT_PHOSPHOLIPID_BINDING	GOMF_CALCIUM_DEPENDENT_PHOSPHOLIPID_BINDING		50	0.33322534	1.2841997	0.11513158	0.44641614	1.0	3631	tags=30%, list=24%, signal=39%	
GOBP_POSITIVE_REGULATION_OF_CALCIUM_ION_TRANSMEMBRANE_TRANSPORTER_ACTIVITY	GOBP_POSITIVE_REGULATION_OF_CALCIUM_ION_TRANSMEMBRANE_TRANSPORTER_ACTIVITY		16	0.44152975	1.2840482	0.1724138	0.4463647	1.0	3731	tags=44%, list=25%, signal=58%	
GOBP_DENDRITIC_CELL_MIGRATION	GOBP_DENDRITIC_CELL_MIGRATION		21	0.41399282	1.2839377	0.13978495	0.4462277	1.0	3654	tags=43%, list=24%, signal=56%	
GOBP_REGULATION_OF_DEFENSE_RESPONSE_TO_VIRUS	GOBP_REGULATION_OF_DEFENSE_RESPONSE_TO_VIRUS		56	0.3191469	1.2830857	0.11594203	0.44807822	1.0	2945	tags=30%, list=19%, signal=38%	
GOBP_OLIGOPEPTIDE_TRANSPORT	GOBP_OLIGOPEPTIDE_TRANSPORT		17	0.42019328	1.2829944	0.16605166	0.44789186	1.0	1218	tags=29%, list=8%, signal=32%	
GOBP_PHOTOTRANSDUCTION	GOBP_PHOTOTRANSDUCTION		35	0.35796157	1.2827171	0.11308562	0.4482225	1.0	2985	tags=34%, list=20%, signal=43%	
GOCC_AGGRESOME	GOCC_AGGRESOME		31	0.35997325	1.2827088	0.13255033	0.4478008	1.0	1380	tags=23%, list=9%, signal=25%	
HP_RETICULOCYTOSIS	HP_RETICULOCYTOSIS		35	0.36461174	1.2823449	0.15371025	0.44834045	1.0	5026	tags=51%, list=33%, signal=77%	
GOBP_GLUTAMINE_FAMILY_AMINO_ACID_METABOLIC_PROCESS	GOBP_GLUTAMINE_FAMILY_AMINO_ACID_METABOLIC_PROCESS		56	0.32156655	1.28192	0.09210526	0.44898662	1.0	3827	tags=39%, list=25%, signal=52%	
HP_HEPATOCELLULAR_CARCINOMA	HP_HEPATOCELLULAR_CARCINOMA		55	0.3251185	1.2817057	0.12622951	0.4491158	1.0	4242	tags=42%, list=28%, signal=58%	
GOMF_ENDOPEPTIDASE_REGULATOR_ACTIVITY	GOMF_ENDOPEPTIDASE_REGULATOR_ACTIVITY		132	0.2769284	1.281503	0.064914994	0.44919747	1.0	3785	tags=32%, list=25%, signal=42%	
GOBP_REGULATION_OF_CILIUM_DEPENDENT_CELL_MOTILITY	GOBP_REGULATION_OF_CILIUM_DEPENDENT_CELL_MOTILITY		20	0.41092297	1.2813734	0.15151516	0.4491034	1.0	4606	tags=60%, list=30%, signal=86%	
GOBP_REGULATION_OF_BEHAVIOR	GOBP_REGULATION_OF_BEHAVIOR		58	0.32673466	1.2812076	0.11418685	0.44907728	1.0	3653	tags=34%, list=24%, signal=45%	
GOMF_ALDEHYDE_DEHYDROGENASE_NAD_P_PLUS_ACTIVITY	GOMF_ALDEHYDE_DEHYDROGENASE_NAD_P_PLUS_ACTIVITY		16	0.43308246	1.2808335	0.14457831	0.44965917	1.0	3827	tags=44%, list=25%, signal=59%	
GOBP_REGULATION_OF_CELL_CELL_ADHESION	GOBP_REGULATION_OF_CELL_CELL_ADHESION		395	0.24368387	1.2807124	0.031207599	0.449508	1.0	3577	tags=29%, list=24%, signal=37%	
GOBP_EATING_BEHAVIOR	GOBP_EATING_BEHAVIOR		28	0.3712913	1.2805746	0.14104882	0.4494375	1.0	3961	tags=46%, list=26%, signal=63%	
GOBP_ENERGY_HOMEOSTASIS	GOBP_ENERGY_HOMEOSTASIS		69	0.30444947	1.2799393	0.11282051	0.45072186	1.0	4187	tags=41%, list=28%, signal=56%	
GOMF_PEPTIDASE_INHIBITOR_ACTIVITY	GOMF_PEPTIDASE_INHIBITOR_ACTIVITY		115	0.28373694	1.2792119	0.08472012	0.45217276	1.0	3772	tags=33%, list=25%, signal=44%	
HP_ABNORMAL_TOENAIL_MORPHOLOGY	HP_ABNORMAL_TOENAIL_MORPHOLOGY		143	0.27224776	1.2786232	0.066978194	0.45335203	1.0	3241	tags=29%, list=21%, signal=36%	
GOBP_POSITIVE_REGULATION_OF_RESPONSE_TO_BIOTIC_STIMULUS	GOBP_POSITIVE_REGULATION_OF_RESPONSE_TO_BIOTIC_STIMULUS		331	0.2448566	1.2784646	0.03631285	0.4533243	1.0	3429	tags=27%, list=23%, signal=34%	
GOBP_POSITIVE_REGULATION_OF_CALCIUM_ION_TRANSMEMBRANE_TRANSPORT	GOBP_POSITIVE_REGULATION_OF_CALCIUM_ION_TRANSMEMBRANE_TRANSPORT		58	0.32296687	1.2784374	0.12071778	0.45294705	1.0	4009	tags=41%, list=27%, signal=56%	
GOBP_PHOSPHOLIPID_CATABOLIC_PROCESS	GOBP_PHOSPHOLIPID_CATABOLIC_PROCESS		44	0.33314168	1.2780441	0.12157534	0.45356593	1.0	1795	tags=23%, list=12%, signal=26%	
HP_EARLY_YOUNG_ADULT_ONSET	HP_EARLY_YOUNG_ADULT_ONSET		53	0.32425946	1.2777625	0.13715278	0.45389345	1.0	4913	tags=45%, list=33%, signal=67%	
GOBP_REGULATION_OF_CELLULAR_RESPONSE_TO_HYPOXIA	GOBP_REGULATION_OF_CELLULAR_RESPONSE_TO_HYPOXIA		16	0.4416019	1.2777327	0.16333938	0.45352894	1.0	2500	tags=31%, list=17%, signal=37%	
GOBP_WATER_SOLUBLE_VITAMIN_METABOLIC_PROCESS	GOBP_WATER_SOLUBLE_VITAMIN_METABOLIC_PROCESS		58	0.32083127	1.2775539	0.111292966	0.45358625	1.0	2942	tags=28%, list=19%, signal=34%	
HP_AGENESIS_OF_INCISOR	HP_AGENESIS_OF_INCISOR		36	0.35712844	1.2775524	0.16575591	0.45314753	1.0	2708	tags=31%, list=18%, signal=37%	
HP_ABNORMAL_LABIA_MAJORA_MORPHOLOGY	HP_ABNORMAL_LABIA_MAJORA_MORPHOLOGY		42	0.34292597	1.2771946	0.1292517	0.45370644	1.0	2835	tags=29%, list=19%, signal=35%	
HP_ABNORMAL_HEPATOBILIARY_SYSTEM_PHYSIOLOGY	HP_ABNORMAL_HEPATOBILIARY_SYSTEM_PHYSIOLOGY		207	0.2613289	1.2769947	0.050670642	0.45381653	1.0	4400	tags=38%, list=29%, signal=53%	
HP_ABNORMAL_5TH_FINGER_PHALANX_MORPHOLOGY	HP_ABNORMAL_5TH_FINGER_PHALANX_MORPHOLOGY		54	0.31976134	1.2769228	0.119008265	0.45357448	1.0	1376	tags=19%, list=9%, signal=20%	
HP_FRAGILE_SKIN	HP_FRAGILE_SKIN		31	0.36767992	1.2768241	0.14185639	0.45341575	1.0	2978	tags=35%, list=20%, signal=44%	
GOBP_NEGATIVE_REGULATION_OF_INTERLEUKIN_1_PRODUCTION	GOBP_NEGATIVE_REGULATION_OF_INTERLEUKIN_1_PRODUCTION		24	0.39498067	1.2767314	0.13835377	0.4532251	1.0	5941	tags=67%, list=39%, signal=110%	
GOBP_TUMOR_NECROSIS_FACTOR_SUPERFAMILY_CYTOKINE_PRODUCTION	GOBP_TUMOR_NECROSIS_FACTOR_SUPERFAMILY_CYTOKINE_PRODUCTION		134	0.27556384	1.2767051	0.07424243	0.45285496	1.0	3167	tags=30%, list=21%, signal=37%	
GOBP_NEGATIVE_REGULATION_OF_TUMOR_NECROSIS_FACTOR_SUPERFAMILY_CYTOKINE_PRODUCTION	GOBP_NEGATIVE_REGULATION_OF_TUMOR_NECROSIS_FACTOR_SUPERFAMILY_CYTOKINE_PRODUCTION		51	0.32668185	1.2764742	0.12416107	0.45306304	1.0	3167	tags=29%, list=21%, signal=37%	
GOBP_PHOTOTRANSDUCTION_VISIBLE_LIGHT	GOBP_PHOTOTRANSDUCTION_VISIBLE_LIGHT		16	0.43228948	1.2754443	0.1542461	0.45531	1.0	2015	tags=38%, list=13%, signal=43%	
GOCC_RECYCLING_ENDOSOME_MEMBRANE	GOCC_RECYCLING_ENDOSOME_MEMBRANE		99	0.28665492	1.2751442	0.077279754	0.45570815	1.0	1501	tags=16%, list=10%, signal=18%	
GOCC_CILIARY_BASAL_BODY	GOCC_CILIARY_BASAL_BODY		305	0.24535222	1.2749276	0.035161745	0.45585576	1.0	3841	tags=30%, list=25%, signal=39%	
GOBP_GLUCOCORTICOID_METABOLIC_PROCESS	GOBP_GLUCOCORTICOID_METABOLIC_PROCESS		21	0.39479333	1.2744907	0.15936953	0.45657784	1.0	2431	tags=29%, list=16%, signal=34%	
GOCC_GLYCOPROTEIN_COMPLEX	GOCC_GLYCOPROTEIN_COMPLEX		18	0.4175978	1.2743776	0.171875	0.45643818	1.0	2908	tags=44%, list=19%, signal=55%	
GOMF_SIGNALING_RECEPTOR_INHIBITOR_ACTIVITY	GOMF_SIGNALING_RECEPTOR_INHIBITOR_ACTIVITY		23	0.39603713	1.2739205	0.15970962	0.45720622	1.0	3894	tags=48%, list=26%, signal=64%	
HP_ABNORMAL_CIRCULATING_BILIRUBIN_CONCENTRATION	HP_ABNORMAL_CIRCULATING_BILIRUBIN_CONCENTRATION		115	0.2802001	1.2738798	0.08320251	0.45687273	1.0	4502	tags=40%, list=30%, signal=57%	
GOBP_PROTEIN_LOCALIZATION_TO_SITE_OF_DOUBLE_STRAND_BREAK	GOBP_PROTEIN_LOCALIZATION_TO_SITE_OF_DOUBLE_STRAND_BREAK		16	0.43500024	1.272933	0.16455697	0.45904958	1.0	3489	tags=50%, list=23%, signal=65%	
HP_FLAT_FOREHEAD	HP_FLAT_FOREHEAD		16	0.4350184	1.2726918	0.18673648	0.45926818	1.0	6185	tags=63%, list=41%, signal=106%	
HP_MYOCARDITIS	HP_MYOCARDITIS		16	0.4320264	1.2723213	0.17437722	0.4598858	1.0	5484	tags=63%, list=36%, signal=98%	
HP_MALABSORPTION	HP_MALABSORPTION		180	0.2633009	1.2720569	0.054285713	0.46013057	1.0	4261	tags=37%, list=28%, signal=50%	
GOCC_CORTICAL_CYTOSKELETON	GOCC_CORTICAL_CYTOSKELETON		88	0.29417774	1.271643	0.098662205	0.46084344	1.0	3632	tags=34%, list=24%, signal=45%	
GOBP_SULFUR_COMPOUND_BIOSYNTHETIC_PROCESS	GOBP_SULFUR_COMPOUND_BIOSYNTHETIC_PROCESS		139	0.26832548	1.2710143	0.06259542	0.46217132	1.0	2134	tags=19%, list=14%, signal=22%	
GOMF_ATPASE_COUPLED_TRANSMEMBRANE_TRANSPORTER_ACTIVITY	GOMF_ATPASE_COUPLED_TRANSMEMBRANE_TRANSPORTER_ACTIVITY		85	0.2933459	1.2709996	0.09735974	0.46176434	1.0	1421	tags=16%, list=9%, signal=18%	
GOCC_LUMENAL_SIDE_OF_ENDOPLASMIC_RETICULUM_MEMBRANE	GOCC_LUMENAL_SIDE_OF_ENDOPLASMIC_RETICULUM_MEMBRANE		27	0.37831447	1.2705137	0.15411559	0.46264353	1.0	784	tags=19%, list=5%, signal=19%	
HP_OVERRIDING_AORTA	HP_OVERRIDING_AORTA		25	0.3872225	1.2703546	0.15198618	0.46263552	1.0	4500	tags=52%, list=30%, signal=74%	
GOMF_PROTEIN_FOLDING_CHAPERONE	GOMF_PROTEIN_FOLDING_CHAPERONE		57	0.31455365	1.2701724	0.11744966	0.4626363	1.0	3542	tags=32%, list=23%, signal=41%	
GOBP_REGULATION_OF_LEUKOCYTE_APOPTOTIC_PROCESS	GOBP_REGULATION_OF_LEUKOCYTE_APOPTOTIC_PROCESS		68	0.30878523	1.2699572	0.11201299	0.46279517	1.0	2829	tags=29%, list=19%, signal=36%	
HP_ABNORMAL_ENCHONDRAL_OSSIFICATION	HP_ABNORMAL_ENCHONDRAL_OSSIFICATION		133	0.27348882	1.2698181	0.09120521	0.46272513	1.0	4221	tags=35%, list=28%, signal=49%	
HP_ABNORMAL_LEFT_VENTRICULAR_OUTFLOW_TRACT_MORPHOLOGY	HP_ABNORMAL_LEFT_VENTRICULAR_OUTFLOW_TRACT_MORPHOLOGY		23	0.39431146	1.2695744	0.16062176	0.46293843	1.0	4847	tags=52%, list=32%, signal=77%	
GOBP_COENZYME_A_METABOLIC_PROCESS	GOBP_COENZYME_A_METABOLIC_PROCESS		16	0.4310946	1.2692496	0.15828678	0.46338806	1.0	1086	tags=25%, list=7%, signal=27%	
GOMF_SUGAR_TRANSMEMBRANE_TRANSPORTER_ACTIVITY	GOMF_SUGAR_TRANSMEMBRANE_TRANSPORTER_ACTIVITY		19	0.4212428	1.2691143	0.17137809	0.46335435	1.0	1738	tags=37%, list=12%, signal=42%	
GOBP_IMMUNOGLOBULIN_PRODUCTION	GOBP_IMMUNOGLOBULIN_PRODUCTION		82	0.29249576	1.26895	0.10576923	0.46333376	1.0	1293	tags=15%, list=9%, signal=16%	
GOBP_REGULATION_OF_ALCOHOL_BIOSYNTHETIC_PROCESS	GOBP_REGULATION_OF_ALCOHOL_BIOSYNTHETIC_PROCESS		41	0.34077948	1.2684447	0.13562092	0.4642428	1.0	1742	tags=20%, list=12%, signal=22%	
HP_MEDIASTINAL_LYMPHADENOPATHY	HP_MEDIASTINAL_LYMPHADENOPATHY		25	0.3763011	1.267547	0.15582192	0.46621966	1.0	2281	tags=24%, list=15%, signal=28%	
GOMF_ALCOHOL_DEHYDROGENASE_NADPLUS_ACTIVITY	GOMF_ALCOHOL_DEHYDROGENASE_NADPLUS_ACTIVITY		15	0.4450527	1.2670375	0.16970803	0.4671957	1.0	1945	tags=33%, list=13%, signal=38%	
GOBP_T_HELPER_17_TYPE_IMMUNE_RESPONSE	GOBP_T_HELPER_17_TYPE_IMMUNE_RESPONSE		38	0.35036072	1.2664537	0.13176896	0.46830133	1.0	2207	tags=26%, list=15%, signal=31%	
GOBP_FATTY_ACID_BIOSYNTHETIC_PROCESS	GOBP_FATTY_ACID_BIOSYNTHETIC_PROCESS		137	0.27079827	1.2660161	0.06771654	0.46902254	1.0	3203	tags=26%, list=21%, signal=32%	
GOBP_POSITIVE_REGULATION_OF_RECEPTOR_SIGNALING_PATHWAY_VIA_STAT	GOBP_POSITIVE_REGULATION_OF_RECEPTOR_SIGNALING_PATHWAY_VIA_STAT		29	0.365958	1.2659715	0.13204226	0.46868855	1.0	2982	tags=34%, list=20%, signal=43%	
GOMF_MONOSACCHARIDE_BINDING	GOMF_MONOSACCHARIDE_BINDING		59	0.3181488	1.2651023	0.13468014	0.47062042	1.0	3871	tags=32%, list=26%, signal=43%	
GOBP_EPIDERMIS_MORPHOGENESIS	GOBP_EPIDERMIS_MORPHOGENESIS		29	0.36567268	1.2648947	0.13827993	0.4707636	1.0	4160	tags=41%, list=28%, signal=57%	
GOBP_T_HELPER_1_TYPE_IMMUNE_RESPONSE	GOBP_T_HELPER_1_TYPE_IMMUNE_RESPONSE		33	0.35801458	1.2648325	0.14436619	0.47050598	1.0	2800	tags=30%, list=19%, signal=37%	
GOBP_ACETYL_COA_BIOSYNTHETIC_PROCESS	GOBP_ACETYL_COA_BIOSYNTHETIC_PROCESS		17	0.42961666	1.2642479	0.18264015	0.47171494	1.0	1856	tags=24%, list=12%, signal=27%	
GOCC_MALE_GERM_CELL_NUCLEUS	GOCC_MALE_GERM_CELL_NUCLEUS		47	0.32439098	1.2637718	0.125	0.47259247	1.0	4043	tags=45%, list=27%, signal=61%	
GOBP_ALCOHOL_CATABOLIC_PROCESS	GOBP_ALCOHOL_CATABOLIC_PROCESS		29	0.3607856	1.2636328	0.1508772	0.47252914	1.0	2343	tags=31%, list=16%, signal=37%	
HP_ABNORMAL_SYSTEMIC_BLOOD_PRESSURE	HP_ABNORMAL_SYSTEMIC_BLOOD_PRESSURE		449	0.23730525	1.263541	0.025745258	0.47233444	1.0	4261	tags=32%, list=28%, signal=44%	
GOBP_POSITIVE_REGULATION_OF_PHOSPHORYLATION	GOBP_POSITIVE_REGULATION_OF_PHOSPHORYLATION		231	0.25283256	1.2634563	0.06017192	0.47211444	1.0	3667	tags=30%, list=24%, signal=39%	
GOBP_BONE_GROWTH	GOBP_BONE_GROWTH		31	0.3637662	1.2632561	0.1474245	0.47222906	1.0	4443	tags=48%, list=29%, signal=68%	
GOBP_IMPORT_ACROSS_PLASMA_MEMBRANE	GOBP_IMPORT_ACROSS_PLASMA_MEMBRANE		173	0.2614742	1.2628642	0.074418604	0.47287384	1.0	4141	tags=36%, list=27%, signal=50%	
GOMF_CARBOHYDRATE_KINASE_ACTIVITY	GOMF_CARBOHYDRATE_KINASE_ACTIVITY		21	0.40279934	1.2623155	0.15830116	0.47395474	1.0	3675	tags=38%, list=24%, signal=50%	
HP_ABNORMAL_CIRCULATING_CARBOXYLIC_ACID_CONCENTRATION	HP_ABNORMAL_CIRCULATING_CARBOXYLIC_ACID_CONCENTRATION		346	0.24253431	1.2620381	0.023319615	0.47432467	1.0	4349	tags=32%, list=29%, signal=44%	
GOBP_GLUTAMATERGIC_NEURON_DIFFERENTIATION	GOBP_GLUTAMATERGIC_NEURON_DIFFERENTIATION		16	0.43202275	1.2620081	0.17431192	0.47396386	1.0	1925	tags=25%, list=13%, signal=29%	
GOBP_ALPHA_LINOLENIC_ACID_METABOLIC_PROCESS	GOBP_ALPHA_LINOLENIC_ACID_METABOLIC_PROCESS		16	0.42335597	1.2606074	0.16393442	0.4774737	1.0	3854	tags=38%, list=26%, signal=50%	
HP_ABNORMALITY_OF_SKULL_OSSIFICATION	HP_ABNORMALITY_OF_SKULL_OSSIFICATION		45	0.33679983	1.2605442	0.14334472	0.47719654	1.0	2126	tags=20%, list=14%, signal=23%	
HP_ABNORMALITY_OF_THE_AXILLARY_HAIR	HP_ABNORMALITY_OF_THE_AXILLARY_HAIR		45	0.32991982	1.2602193	0.14210527	0.4776618	1.0	2092	tags=22%, list=14%, signal=26%	
HP_RENAL_DUPLICATION	HP_RENAL_DUPLICATION		40	0.3427573	1.260145	0.14117648	0.4774093	1.0	4339	tags=43%, list=29%, signal=59%	
GOCC_EXOCYST	GOCC_EXOCYST		15	0.43883243	1.2593956	0.16254418	0.47908202	1.0	1364	tags=27%, list=9%, signal=29%	
GOBP_MORPHOGENESIS_OF_A_POLARIZED_EPITHELIUM	GOBP_MORPHOGENESIS_OF_A_POLARIZED_EPITHELIUM		53	0.32393768	1.2592261	0.12060302	0.47911534	1.0	1876	tags=23%, list=12%, signal=26%	
GOBP_REGULATION_OF_DIGESTIVE_SYSTEM_PROCESS	GOBP_REGULATION_OF_DIGESTIVE_SYSTEM_PROCESS		25	0.38172784	1.2590365	0.15384616	0.47921765	1.0	4141	tags=48%, list=27%, signal=66%	
HP_ANOREXIA	HP_ANOREXIA		82	0.29458165	1.2589824	0.11386139	0.4789373	1.0	3096	tags=29%, list=20%, signal=37%	
GOBP_DISRUPTION_OF_ANATOMICAL_STRUCTURE_IN_ANOTHER_ORGANISM	GOBP_DISRUPTION_OF_ANATOMICAL_STRUCTURE_IN_ANOTHER_ORGANISM		59	0.31336242	1.258807	0.13021703	0.4789907	1.0	3835	tags=42%, list=25%, signal=57%	
GOBP_NEGATIVE_REGULATION_OF_ERK1_AND_ERK2_CASCADE	GOBP_NEGATIVE_REGULATION_OF_ERK1_AND_ERK2_CASCADE		62	0.31412545	1.2582064	0.11744966	0.48029593	1.0	2163	tags=23%, list=14%, signal=26%	
GOCC_FILOPODIUM	GOCC_FILOPODIUM		95	0.29118928	1.257996	0.118136436	0.48043954	1.0	3179	tags=31%, list=21%, signal=38%	
HP_ABSCESS	HP_ABSCESS		59	0.3159565	1.2579396	0.12458472	0.48016134	1.0	4183	tags=36%, list=28%, signal=49%	
HP_MYELOMENINGOCELE	HP_MYELOMENINGOCELE		23	0.3816083	1.2573353	0.16949153	0.48137334	1.0	6172	tags=57%, list=41%, signal=95%	
GOBP_POSITIVE_REGULATION_OF_STEROL_TRANSPORT	GOBP_POSITIVE_REGULATION_OF_STEROL_TRANSPORT		28	0.3695532	1.2569722	0.15172414	0.48198733	1.0	744	tags=18%, list=5%, signal=19%	
GOBP_MONOSACCHARIDE_METABOLIC_PROCESS	GOBP_MONOSACCHARIDE_METABOLIC_PROCESS		219	0.25226462	1.2569234	0.05376344	0.48167408	1.0	4136	tags=30%, list=27%, signal=41%	
HP_EXTRAMEDULLARY_HEMATOPOIESIS	HP_EXTRAMEDULLARY_HEMATOPOIESIS		17	0.41558424	1.2562417	0.17173524	0.48314926	1.0	4708	tags=71%, list=31%, signal=102%	
GOMF_LIGASE_ACTIVITY_FORMING_CARBON_SULFUR_BONDS	GOMF_LIGASE_ACTIVITY_FORMING_CARBON_SULFUR_BONDS		33	0.35474443	1.2562089	0.1508772	0.48279673	1.0	1716	tags=24%, list=11%, signal=27%	
HP_ABNORMAL_CIRCULATING_INSULIN_CONCENTRATION	HP_ABNORMAL_CIRCULATING_INSULIN_CONCENTRATION		129	0.2729774	1.256069	0.08993903	0.48275408	1.0	3435	tags=30%, list=23%, signal=39%	
GOBP_POSITIVE_REGULATION_OF_CATION_CHANNEL_ACTIVITY	GOBP_POSITIVE_REGULATION_OF_CATION_CHANNEL_ACTIVITY		25	0.38054755	1.2558616	0.16491228	0.4828687	1.0	3731	tags=44%, list=25%, signal=58%	
GOBP_UNSATURATED_FATTY_ACID_METABOLIC_PROCESS	GOBP_UNSATURATED_FATTY_ACID_METABOLIC_PROCESS		90	0.2880952	1.2556628	0.0977918	0.48298764	1.0	4378	tags=38%, list=29%, signal=53%	
GOBP_CHROMOSOME_ORGANIZATION_INVOLVED_IN_MEIOTIC_CELL_CYCLE	GOBP_CHROMOSOME_ORGANIZATION_INVOLVED_IN_MEIOTIC_CELL_CYCLE		48	0.32400253	1.2549455	0.13769363	0.48453835	1.0	4827	tags=40%, list=32%, signal=58%	
GOMF_DEATH_RECEPTOR_ACTIVITY	GOMF_DEATH_RECEPTOR_ACTIVITY		15	0.41844463	1.2547991	0.17877094	0.4845131	1.0	1502	tags=27%, list=10%, signal=30%	
GOCC_CORTICAL_ACTIN_CYTOSKELETON	GOCC_CORTICAL_ACTIN_CYTOSKELETON		66	0.30494264	1.2542268	0.12845528	0.48565143	1.0	3632	tags=36%, list=24%, signal=48%	
HP_RECTOVAGINAL_FISTULA	HP_RECTOVAGINAL_FISTULA		21	0.39568272	1.2541605	0.17626527	0.48542196	1.0	485	tags=14%, list=3%, signal=15%	
HP_LIMITED_ELBOW_MOVEMENT	HP_LIMITED_ELBOW_MOVEMENT		150	0.2659344	1.2536857	0.081571	0.4863258	1.0	1919	tags=19%, list=13%, signal=21%	
GOBP_POSITIVE_REGULATION_OF_CHROMOSOME_SEPARATION	GOBP_POSITIVE_REGULATION_OF_CHROMOSOME_SEPARATION		28	0.37752575	1.25284	0.18360071	0.48831028	1.0	4997	tags=57%, list=33%, signal=85%	
HP_HEPATOSPLENOMEGALY	HP_HEPATOSPLENOMEGALY		134	0.2688231	1.2524333	0.09190031	0.4889788	1.0	4042	tags=33%, list=27%, signal=44%	
HP_APLASIA_HYPOPLASIA_INVOLVING_THE_METACARPAL_BONES	HP_APLASIA_HYPOPLASIA_INVOLVING_THE_METACARPAL_BONES		129	0.26936936	1.2522163	0.08494784	0.48912546	1.0	2106	tags=19%, list=14%, signal=21%	
GOBP_SPECIFICATION_OF_SYMMETRY	GOBP_SPECIFICATION_OF_SYMMETRY		127	0.27261397	1.2514085	0.09615385	0.49103323	1.0	3788	tags=36%, list=25%, signal=48%	
GOBP_NEGATIVE_REGULATION_OF_MAP_KINASE_ACTIVITY	GOBP_NEGATIVE_REGULATION_OF_MAP_KINASE_ACTIVITY		18	0.41888177	1.2511766	0.18262412	0.49118242	1.0	1559	tags=28%, list=10%, signal=31%	
GOMF_INTRAMEMBRANE_LIPID_TRANSPORTER_ACTIVITY	GOMF_INTRAMEMBRANE_LIPID_TRANSPORTER_ACTIVITY		44	0.32724336	1.2510666	0.1442953	0.4910364	1.0	3402	tags=34%, list=23%, signal=44%	
GOMF_TUMOR_NECROSIS_FACTOR_RECEPTOR_BINDING	GOMF_TUMOR_NECROSIS_FACTOR_RECEPTOR_BINDING		23	0.39119303	1.2509435	0.16906475	0.49094	1.0	4250	tags=43%, list=28%, signal=60%	
HP_ABNORMAL_VASCULAR_PHYSIOLOGY	HP_ABNORMAL_VASCULAR_PHYSIOLOGY		274	0.24521936	1.2505854	0.06214689	0.49151105	1.0	4040	tags=30%, list=27%, signal=40%	
GOBP_REGULATION_OF_RECEPTOR_SIGNALING_PATHWAY_VIA_JAK_STAT	GOBP_REGULATION_OF_RECEPTOR_SIGNALING_PATHWAY_VIA_JAK_STAT		51	0.32202443	1.2504832	0.15033785	0.49137476	1.0	2661	tags=27%, list=18%, signal=33%	
HP_ESOPHAGEAL_STRICTURE	HP_ESOPHAGEAL_STRICTURE		16	0.42847154	1.2504094	0.1786372	0.4911184	1.0	2636	tags=31%, list=17%, signal=38%	
HP_ABNORMAL_TRICUSPID_VALVE_PHYSIOLOGY	HP_ABNORMAL_TRICUSPID_VALVE_PHYSIOLOGY		66	0.30607155	1.2503436	0.12647554	0.49086586	1.0	2878	tags=29%, list=19%, signal=35%	
HP_AGENESIS_OF_MAXILLARY_INCISOR	HP_AGENESIS_OF_MAXILLARY_INCISOR		19	0.40752882	1.2499095	0.1764706	0.4916633	1.0	2708	tags=37%, list=18%, signal=45%	
GOBP_C21_STEROID_HORMONE_METABOLIC_PROCESS	GOBP_C21_STEROID_HORMONE_METABOLIC_PROCESS		29	0.3646145	1.2492875	0.17504333	0.49300247	1.0	4575	tags=45%, list=30%, signal=64%	
GOBP_ADAPTIVE_THERMOGENESIS	GOBP_ADAPTIVE_THERMOGENESIS		141	0.265161	1.2492522	0.0880597	0.49265146	1.0	3412	tags=33%, list=23%, signal=42%	
HP_WHITE_LESION_OF_THE_ORAL_MUCOSA	HP_WHITE_LESION_OF_THE_ORAL_MUCOSA		21	0.3963251	1.2480193	0.18434782	0.4958149	1.0	3269	tags=33%, list=22%, signal=42%	
HP_ABNORMAL_T_CELL_MORPHOLOGY	HP_ABNORMAL_T_CELL_MORPHOLOGY		95	0.28351158	1.2476684	0.11162791	0.49633256	1.0	3666	tags=31%, list=24%, signal=40%	
GOBP_ALDEHYDE_BIOSYNTHETIC_PROCESS	GOBP_ALDEHYDE_BIOSYNTHETIC_PROCESS		15	0.43056116	1.2476588	0.20306513	0.4959197	1.0	3688	tags=47%, list=24%, signal=62%	
HP_GINGIVAL_BLEEDING	HP_GINGIVAL_BLEEDING		46	0.323968	1.247567	0.15816326	0.49572614	1.0	4248	tags=43%, list=28%, signal=60%	
GOBP_TONGUE_DEVELOPMENT	GOBP_TONGUE_DEVELOPMENT		16	0.44196668	1.2472256	0.20433997	0.49628055	1.0	1888	tags=38%, list=12%, signal=43%	
GOBP_CATECHOL_CONTAINING_COMPOUND_METABOLIC_PROCESS	GOBP_CATECHOL_CONTAINING_COMPOUND_METABOLIC_PROCESS		47	0.31979913	1.2470123	0.1281198	0.49643382	1.0	3392	tags=36%, list=22%, signal=46%	
GOBP_VIRAL_GENOME_REPLICATION	GOBP_VIRAL_GENOME_REPLICATION		97	0.28644755	1.246248	0.12913387	0.49817213	1.0	3529	tags=30%, list=23%, signal=39%	
HP_ABNORMALITY_OF_SKIN_ADNEXA_PHYSIOLOGY	HP_ABNORMALITY_OF_SKIN_ADNEXA_PHYSIOLOGY		190	0.25540787	1.2461352	0.08571429	0.49803826	1.0	3540	tags=31%, list=23%, signal=39%	
GOBP_RESPONSE_TO_ETHER	GOBP_RESPONSE_TO_ETHER		15	0.43210804	1.2461306	0.21441774	0.49760818	1.0	2743	tags=40%, list=18%, signal=49%	
GOBP_POSITIVE_REGULATION_OF_INTERLEUKIN_8_PRODUCTION	GOBP_POSITIVE_REGULATION_OF_INTERLEUKIN_8_PRODUCTION		41	0.33381614	1.2461218	0.15410958	0.49719483	1.0	3413	tags=39%, list=23%, signal=50%	
GOBP_LONG_CHAIN_FATTY_ACID_TRANSPORT	GOBP_LONG_CHAIN_FATTY_ACID_TRANSPORT		51	0.31954947	1.2460221	0.13606557	0.49705467	1.0	1568	tags=20%, list=10%, signal=22%	
GOBP_MESODERMAL_CELL_DIFFERENTIATION	GOBP_MESODERMAL_CELL_DIFFERENTIATION		25	0.37700078	1.2460202	0.18166667	0.49661997	1.0	3671	tags=40%, list=24%, signal=53%	
HP_ABNORMAL_NUMBER_OF_PERMANENT_TEETH	HP_ABNORMAL_NUMBER_OF_PERMANENT_TEETH		34	0.3480398	1.2460157	0.17258883	0.49618825	1.0	2283	tags=29%, list=15%, signal=35%	
HP_CRACKLES	HP_CRACKLES		18	0.4121876	1.2458684	0.18914185	0.4961732	1.0	1832	tags=28%, list=12%, signal=32%	
HP_ABNORMAL_CIRCULATING_DICARBOXYLIC_ACID_CONCENTRATION	HP_ABNORMAL_CIRCULATING_DICARBOXYLIC_ACID_CONCENTRATION		140	0.26695558	1.2458394	0.0990566	0.49583024	1.0	4938	tags=42%, list=33%, signal=62%	
GOBP_REGULATION_OF_ODONTOGENESIS	GOBP_REGULATION_OF_ODONTOGENESIS		18	0.4063393	1.2457488	0.17818181	0.49567625	1.0	1935	tags=28%, list=13%, signal=32%	
HP_ANTINUCLEAR_ANTIBODY_POSITIVITY	HP_ANTINUCLEAR_ANTIBODY_POSITIVITY		56	0.31291127	1.245488	0.14143094	0.49596572	1.0	3712	tags=36%, list=25%, signal=47%	
GOBP_POSITIVE_REGULATION_OF_CYTOSOLIC_CALCIUM_ION_CONCENTRATION	GOBP_POSITIVE_REGULATION_OF_CYTOSOLIC_CALCIUM_ION_CONCENTRATION		120	0.27197963	1.2453052	0.10534351	0.4960156	1.0	4866	tags=45%, list=32%, signal=66%	
HP_FACIAL_EDEMA	HP_FACIAL_EDEMA		113	0.2748029	1.2447712	0.08588957	0.4971183	1.0	5068	tags=43%, list=34%, signal=65%	
GOCC_PLASMA_MEMBRANE_PROTEIN_COMPLEX	GOCC_PLASMA_MEMBRANE_PROTEIN_COMPLEX		481	0.23018643	1.2435756	0.026773762	0.5000835	1.0	2938	tags=25%, list=19%, signal=30%	
GOMF_FATTY_ACID_BINDING	GOMF_FATTY_ACID_BINDING		35	0.34743628	1.241978	0.16083916	0.50432926	1.0	4812	tags=46%, list=32%, signal=67%	
HP_ELEVATED_CIRCULATING_PHYTANIC_ACID_CONCENTRATION	HP_ELEVATED_CIRCULATING_PHYTANIC_ACID_CONCENTRATION		16	0.409723	1.2411606	0.20183486	0.5062673	1.0	5250	tags=69%, list=35%, signal=105%	
GOMF_EPHRIN_RECEPTOR_BINDING	GOMF_EPHRIN_RECEPTOR_BINDING		27	0.36535832	1.2410967	0.15761821	0.5060064	1.0	3914	tags=44%, list=26%, signal=60%	
GOBP_NADP_METABOLIC_PROCESS	GOBP_NADP_METABOLIC_PROCESS		37	0.33741716	1.2403789	0.16123499	0.5076182	1.0	2480	tags=32%, list=16%, signal=39%	
GOBP_PROTEIN_LOCALIZATION_TO_CILIUM	GOBP_PROTEIN_LOCALIZATION_TO_CILIUM		69	0.296518	1.2402973	0.13875598	0.5074183	1.0	3016	tags=29%, list=20%, signal=36%	
GOBP_ANTIMICROBIAL_HUMORAL_RESPONSE	GOBP_ANTIMICROBIAL_HUMORAL_RESPONSE		78	0.29022375	1.2399431	0.13022508	0.5079877	1.0	3835	tags=37%, list=25%, signal=50%	
HP_VERY_LONG_CHAIN_FATTY_ACID_ACCUMULATION	HP_VERY_LONG_CHAIN_FATTY_ACID_ACCUMULATION		18	0.4098248	1.239904	0.19314079	0.5076552	1.0	3895	tags=44%, list=26%, signal=60%	
HP_LOSS_OF_CONSCIOUSNESS	HP_LOSS_OF_CONSCIOUSNESS		22	0.39174286	1.239857	0.17989418	0.50733715	1.0	5109	tags=50%, list=34%, signal=75%	
HP_FATIGUE	HP_FATIGUE		372	0.2376236	1.239808	0.039617486	0.50704175	1.0	4644	tags=39%, list=31%, signal=55%	
GOBP_REGULATION_OF_ENDOPEPTIDASE_ACTIVITY	GOBP_REGULATION_OF_ENDOPEPTIDASE_ACTIVITY		17	0.40578198	1.239729	0.19326241	0.506843	1.0	3772	tags=53%, list=25%, signal=70%	
GOBP_T_CELL_ACTIVATION_INVOLVED_IN_IMMUNE_RESPONSE	GOBP_T_CELL_ACTIVATION_INVOLVED_IN_IMMUNE_RESPONSE		84	0.28727746	1.2389475	0.123128116	0.50859463	1.0	1718	tags=21%, list=11%, signal=24%	
GOBP_DNA_REPLICATION_CHECKPOINT_SIGNALING	GOBP_DNA_REPLICATION_CHECKPOINT_SIGNALING		18	0.41712666	1.238705	0.19589552	0.5088366	1.0	5953	tags=61%, list=39%, signal=101%	
GOBP_CARBOHYDRATE_PHOSPHORYLATION	GOBP_CARBOHYDRATE_PHOSPHORYLATION		24	0.3814805	1.2386612	0.19593346	0.50851786	1.0	2412	tags=29%, list=16%, signal=35%	
HP_ABNORMALITY_OF_THE_MIDDLE_EAR_OSSICLES	HP_ABNORMALITY_OF_THE_MIDDLE_EAR_OSSICLES		25	0.37774003	1.2384505	0.1722913	0.50868624	1.0	4224	tags=44%, list=28%, signal=61%	
GOBP_MUSCLE_CELL_CELLULAR_HOMEOSTASIS	GOBP_MUSCLE_CELL_CELLULAR_HOMEOSTASIS		22	0.3913915	1.2377476	0.19307832	0.51028335	1.0	5386	tags=50%, list=36%, signal=78%	
HP_URTICARIA	HP_URTICARIA		43	0.33439085	1.2373486	0.18852459	0.51096064	1.0	3712	tags=37%, list=25%, signal=49%	
GOBP_RESPONSE_TO_TOXIC_SUBSTANCE	GOBP_RESPONSE_TO_TOXIC_SUBSTANCE		205	0.24872124	1.2367452	0.07851852	0.51226544	1.0	3878	tags=32%, list=26%, signal=43%	
HP_ABNORMAL_CIRCULATING_ACYLCARNITINE_CONCENTRATION	HP_ABNORMAL_CIRCULATING_ACYLCARNITINE_CONCENTRATION		22	0.3815084	1.2364582	0.1729452	0.5126147	1.0	2436	tags=27%, list=16%, signal=32%	
GOBP_AMINE_CATABOLIC_PROCESS	GOBP_AMINE_CATABOLIC_PROCESS		17	0.40730813	1.2356131	0.19894366	0.51467866	1.0	427	tags=12%, list=3%, signal=12%	
GOBP_REGULATION_OF_CELL_FATE_COMMITMENT	GOBP_REGULATION_OF_CELL_FATE_COMMITMENT		36	0.33792776	1.2353758	0.1840796	0.5148953	1.0	3375	tags=39%, list=22%, signal=50%	
GOMF_POTASSIUM_CHANNEL_REGULATOR_ACTIVITY	GOMF_POTASSIUM_CHANNEL_REGULATOR_ACTIVITY		52	0.3192169	1.2352365	0.1450253	0.5148381	1.0	2825	tags=31%, list=19%, signal=38%	
GOBP_SULFUR_COMPOUND_CATABOLIC_PROCESS	GOBP_SULFUR_COMPOUND_CATABOLIC_PROCESS		38	0.3397772	1.2351341	0.14956522	0.51470375	1.0	4349	tags=37%, list=29%, signal=52%	
GOCC_SITE_OF_DOUBLE_STRAND_BREAK	GOCC_SITE_OF_DOUBLE_STRAND_BREAK		90	0.2841575	1.234531	0.12561175	0.51595575	1.0	3919	tags=32%, list=26%, signal=43%	
GOBP_REGULATION_OF_INFLAMMATORY_RESPONSE_TO_ANTIGENIC_STIMULUS	GOBP_REGULATION_OF_INFLAMMATORY_RESPONSE_TO_ANTIGENIC_STIMULUS		31	0.35727915	1.2344968	0.16491228	0.515603	1.0	3127	tags=32%, list=21%, signal=41%	
GOBP_REGULATION_OF_VASCULOGENESIS	GOBP_REGULATION_OF_VASCULOGENESIS		16	0.423184	1.2341594	0.18571429	0.51614845	1.0	3427	tags=44%, list=23%, signal=57%	
GOBP_POSITIVE_REGULATION_OF_CELLULAR_EXTRAVASATION	GOBP_POSITIVE_REGULATION_OF_CELLULAR_EXTRAVASATION		15	0.4283272	1.233898	0.19926874	0.5164692	1.0	2900	tags=40%, list=19%, signal=49%	
GOBP_ICOSANOID_TRANSPORT	GOBP_ICOSANOID_TRANSPORT		43	0.33323622	1.2336901	0.16889632	0.51662546	1.0	4833	tags=49%, list=32%, signal=72%	
GOBP_CELLULAR_RESPONSE_TO_COPPER_ION	GOBP_CELLULAR_RESPONSE_TO_COPPER_ION		21	0.39066792	1.2336543	0.1943958	0.5162915	1.0	5080	tags=48%, list=34%, signal=72%	
HP_TRUE_HERMAPHRODITISM	HP_TRUE_HERMAPHRODITISM		20	0.3973132	1.2334716	0.17773788	0.51637983	1.0	2056	tags=30%, list=14%, signal=35%	
HP_ACNE	HP_ACNE		57	0.31006548	1.2334378	0.16006601	0.5160266	1.0	3290	tags=32%, list=22%, signal=40%	
GOMF_ALPHA_ACTININ_BINDING	GOMF_ALPHA_ACTININ_BINDING		25	0.37448376	1.2332861	0.18987341	0.51604074	1.0	1492	tags=20%, list=10%, signal=22%	
GOCC_PLATELET_ALPHA_GRANULE	GOCC_PLATELET_ALPHA_GRANULE		73	0.29789865	1.232709	0.122834645	0.51719403	1.0	2596	tags=21%, list=17%, signal=25%	
GOBP_PURINE_NUCLEOSIDE_METABOLIC_PROCESS	GOBP_PURINE_NUCLEOSIDE_METABOLIC_PROCESS		25	0.37326062	1.2326155	0.17761989	0.517007	1.0	1886	tags=24%, list=12%, signal=27%	
GOBP_POLARIZED_EPITHELIAL_CELL_DIFFERENTIATION	GOBP_POLARIZED_EPITHELIAL_CELL_DIFFERENTIATION		26	0.3650813	1.232164	0.199262	0.51787245	1.0	3146	tags=35%, list=21%, signal=44%	
GOBP_REGULATION_OF_HORMONE_LEVELS	GOBP_REGULATION_OF_HORMONE_LEVELS		433	0.23064691	1.231884	0.036096256	0.5182624	1.0	4310	tags=34%, list=29%, signal=46%	
GOMF_SOLUTE_MONOATOMIC_CATION_SYMPORTER_ACTIVITY	GOMF_SOLUTE_MONOATOMIC_CATION_SYMPORTER_ACTIVITY		88	0.28372616	1.2316694	0.12939297	0.51841784	1.0	3652	tags=35%, list=24%, signal=46%	
HP_MESOMELIA	HP_MESOMELIA		31	0.35385233	1.231643	0.16351119	0.51806635	1.0	2680	tags=26%, list=18%, signal=31%	
HP_HYPERPITUITARISM	HP_HYPERPITUITARISM		98	0.28095484	1.2315036	0.12307692	0.5180327	1.0	3418	tags=30%, list=23%, signal=38%	
GOBP_VENTRICULAR_CARDIAC_MUSCLE_CELL_MEMBRANE_REPOLARIZATION	GOBP_VENTRICULAR_CARDIAC_MUSCLE_CELL_MEMBRANE_REPOLARIZATION		23	0.37638873	1.2314439	0.19022688	0.51774526	1.0	2087	tags=30%, list=14%, signal=35%	
GOBP_NEUROINFLAMMATORY_RESPONSE	GOBP_NEUROINFLAMMATORY_RESPONSE		60	0.30059344	1.23144	0.13705584	0.5173164	1.0	1365	tags=22%, list=9%, signal=24%	
HP_ABNORMAL_RENAL_TUBULAR_EPITHELIAL_MORPHOLOGY	HP_ABNORMAL_RENAL_TUBULAR_EPITHELIAL_MORPHOLOGY		16	0.43145105	1.2311002	0.20550458	0.5178807	1.0	4481	tags=56%, list=30%, signal=80%	
GOBP_FORMATION_OF_PRIMARY_GERM_LAYER	GOBP_FORMATION_OF_PRIMARY_GERM_LAYER		106	0.276191	1.2310307	0.10252366	0.5176234	1.0	3515	tags=32%, list=23%, signal=42%	
HP_GENITAL_TRACT_ATRESIA	HP_GENITAL_TRACT_ATRESIA		18	0.40744683	1.2309991	0.20178571	0.5172761	1.0	5476	tags=61%, list=36%, signal=96%	
GOBP_POSITIVE_REGULATION_OF_INTERFERON_ALPHA_PRODUCTION	GOBP_POSITIVE_REGULATION_OF_INTERFERON_ALPHA_PRODUCTION		23	0.3768983	1.2308667	0.19292036	0.5172211	1.0	4593	tags=52%, list=30%, signal=75%	
HP_DISPROPORTIONATE_SHORT_LIMB_SHORT_STATURE	HP_DISPROPORTIONATE_SHORT_LIMB_SHORT_STATURE		100	0.27624047	1.2307297	0.12919463	0.5171865	1.0	2126	tags=20%, list=14%, signal=23%	
GOBP_APICAL_JUNCTION_ASSEMBLY	GOBP_APICAL_JUNCTION_ASSEMBLY		62	0.30439267	1.2306961	0.16057234	0.51684654	1.0	3823	tags=34%, list=25%, signal=45%	
GOBP_PYRIMIDINE_CONTAINING_COMPOUND_CATABOLIC_PROCESS	GOBP_PYRIMIDINE_CONTAINING_COMPOUND_CATABOLIC_PROCESS		32	0.34559625	1.2303573	0.16517055	0.51740134	1.0	1574	tags=22%, list=10%, signal=24%	
HP_CHILDHOOD_ONSET_TRUNCAL_OBESITY	HP_CHILDHOOD_ONSET_TRUNCAL_OBESITY		30	0.3519102	1.2298502	0.18983051	0.51840913	1.0	1679	tags=20%, list=11%, signal=22%	
GOBP_NEGATIVE_REGULATION_OF_PROTEIN_SERINE_THREONINE_KINASE_ACTIVITY	GOBP_NEGATIVE_REGULATION_OF_PROTEIN_SERINE_THREONINE_KINASE_ACTIVITY		31	0.35202795	1.2296126	0.17422867	0.51864463	1.0	1559	tags=23%, list=10%, signal=25%	
GOMF_INORGANIC_ANION_TRANSMEMBRANE_TRANSPORTER_ACTIVITY	GOMF_INORGANIC_ANION_TRANSMEMBRANE_TRANSPORTER_ACTIVITY		139	0.26559645	1.2295203	0.10810811	0.5184737	1.0	3688	tags=35%, list=24%, signal=45%	
GOMF_ADENYLYLTRANSFERASE_ACTIVITY	GOMF_ADENYLYLTRANSFERASE_ACTIVITY		27	0.36581412	1.2285017	0.18181819	0.521052	1.0	1129	tags=19%, list=7%, signal=20%	
HP_ABSENT_TOENAIL	HP_ABSENT_TOENAIL		15	0.42326885	1.2284082	0.19136961	0.5209049	1.0	3147	tags=47%, list=21%, signal=59%	
GOBP_TRANSITION_METAL_ION_TRANSPORT	GOBP_TRANSITION_METAL_ION_TRANSPORT		83	0.28666812	1.2284038	0.12917933	0.52047664	1.0	2585	tags=27%, list=17%, signal=32%	
GOBP_RESPIRATORY_SYSTEM_DEVELOPMENT	GOBP_RESPIRATORY_SYSTEM_DEVELOPMENT		205	0.25001472	1.2283801	0.087643676	0.52010983	1.0	2665	tags=25%, list=18%, signal=30%	
GOBP_REGULATION_OF_HORMONE_METABOLIC_PROCESS	GOBP_REGULATION_OF_HORMONE_METABOLIC_PROCESS		33	0.34735402	1.2280732	0.15239726	0.5205739	1.0	4483	tags=39%, list=30%, signal=56%	
HP_RETINAL_ARTERIOLAR_TORTUOSITY	HP_RETINAL_ARTERIOLAR_TORTUOSITY		30	0.35379213	1.2280328	0.17931035	0.5202529	1.0	2631	tags=30%, list=17%, signal=36%	
HP_NIGHT_SWEATS	HP_NIGHT_SWEATS		16	0.41625875	1.2279686	0.19725558	0.52000606	1.0	2372	tags=38%, list=16%, signal=44%	
HP_AUDITORY_HYPERSENSITIVITY	HP_AUDITORY_HYPERSENSITIVITY		32	0.348554	1.2277343	0.19630873	0.5202341	1.0	2631	tags=28%, list=17%, signal=34%	
HP_ABNORMAL_LUNG_DEVELOPMENT	HP_ABNORMAL_LUNG_DEVELOPMENT		214	0.24708179	1.2260156	0.07771261	0.5248735	1.0	3213	tags=26%, list=21%, signal=32%	
HP_APLASIA_HYPOPLASIA_OF_THE_FIBULA	HP_APLASIA_HYPOPLASIA_OF_THE_FIBULA		28	0.35779062	1.2256796	0.17117117	0.5254756	1.0	1746	tags=18%, list=12%, signal=20%	
HP_ABNORMAL_CIRCULATING_INTERLEUKIN_CONCENTRATION	HP_ABNORMAL_CIRCULATING_INTERLEUKIN_CONCENTRATION		32	0.35064387	1.2256348	0.20588236	0.5251809	1.0	3336	tags=31%, list=22%, signal=40%	
HP_ABNORMAL_CIRCULATING_AMINO_ACID_CONCENTRATION	HP_ABNORMAL_CIRCULATING_AMINO_ACID_CONCENTRATION		164	0.255448	1.2246983	0.09865471	0.5276104	1.0	2893	tags=24%, list=19%, signal=29%	
GOBP_REGULATORY_T_CELL_DIFFERENTIATION	GOBP_REGULATORY_T_CELL_DIFFERENTIATION		30	0.3582259	1.2241558	0.1865285	0.5287708	1.0	3198	tags=37%, list=21%, signal=46%	
GOBP_SEMINIFEROUS_TUBULE_DEVELOPMENT	GOBP_SEMINIFEROUS_TUBULE_DEVELOPMENT		19	0.39267275	1.2238114	0.20320855	0.5293753	1.0	1456	tags=32%, list=10%, signal=35%	
HP_HYPOCALCEMIA	HP_HYPOCALCEMIA		67	0.2986369	1.2235655	0.15816326	0.5296414	1.0	1468	tags=21%, list=10%, signal=23%	
HP_CELIAC_DISEASE	HP_CELIAC_DISEASE		54	0.30761972	1.2234212	0.1607445	0.5296412	1.0	4788	tags=44%, list=32%, signal=65%	
HP_DECREASED_TOTAL_T_CELL_COUNT	HP_DECREASED_TOTAL_T_CELL_COUNT		38	0.3332184	1.2232461	0.18134715	0.5297046	1.0	3522	tags=32%, list=23%, signal=41%	
GOMF_STEROID_DEHYDROGENASE_ACTIVITY_ACTING_ON_THE_CH_OH_GROUP_OF_DONORS_NAD_OR_NADP_AS_ACCEPTOR	GOMF_STEROID_DEHYDROGENASE_ACTIVITY_ACTING_ON_THE_CH_OH_GROUP_OF_DONORS_NAD_OR_NADP_AS_ACCEPTOR		26	0.36971608	1.2230622	0.20360361	0.5297743	1.0	4799	tags=46%, list=32%, signal=68%	
HP_GINGIVAL_FIBROMATOSIS	HP_GINGIVAL_FIBROMATOSIS		15	0.42954934	1.2229816	0.21792619	0.5295681	1.0	5326	tags=60%, list=35%, signal=93%	
GOBP_REGULATION_OF_TYPE_I_INTERFERON_MEDIATED_SIGNALING_PATHWAY	GOBP_REGULATION_OF_TYPE_I_INTERFERON_MEDIATED_SIGNALING_PATHWAY		38	0.3289472	1.2229012	0.17217392	0.5293876	1.0	2139	tags=24%, list=14%, signal=28%	
GOBP_FEEDING_BEHAVIOR	GOBP_FEEDING_BEHAVIOR		76	0.28797868	1.2227583	0.13539967	0.52938145	1.0	3996	tags=38%, list=26%, signal=52%	
HP_ABNORMALITY_OF_THE_TESTIS_SIZE	HP_ABNORMALITY_OF_THE_TESTIS_SIZE		179	0.25144315	1.222581	0.09281437	0.5294597	1.0	2108	tags=20%, list=14%, signal=22%	
HP_LIMITED_HIP_MOVEMENT	HP_LIMITED_HIP_MOVEMENT		23	0.38499227	1.2223148	0.19400352	0.5298336	1.0	2915	tags=35%, list=19%, signal=43%	
GOBP_POSTREPLICATION_REPAIR	GOBP_POSTREPLICATION_REPAIR		32	0.3464996	1.2220529	0.16156463	0.5301885	1.0	2165	tags=19%, list=14%, signal=22%	
GOBP_CHEMOKINE_PRODUCTION	GOBP_CHEMOKINE_PRODUCTION		69	0.2905602	1.2220359	0.13598673	0.5297888	1.0	3263	tags=32%, list=22%, signal=40%	
GOBP_ESTABLISHMENT_OF_TISSUE_POLARITY	GOBP_ESTABLISHMENT_OF_TISSUE_POLARITY		28	0.3556521	1.2215555	0.20287253	0.5308383	1.0	1876	tags=25%, list=12%, signal=28%	
GOBP_ALPHA_BETA_T_CELL_DIFFERENTIATION	GOBP_ALPHA_BETA_T_CELL_DIFFERENTIATION		96	0.27618515	1.2208911	0.13771518	0.53234875	1.0	3406	tags=32%, list=23%, signal=41%	
HP_COMPENSATORY_HEAD_POSTURE	HP_COMPENSATORY_HEAD_POSTURE		17	0.41199148	1.2208362	0.2	0.5320704	1.0	1676	tags=29%, list=11%, signal=33%	
HP_ABNORMALITY_OF_VITAMIN_B_METABOLISM	HP_ABNORMALITY_OF_VITAMIN_B_METABOLISM		39	0.3274679	1.2208183	0.18057922	0.5316983	1.0	5065	tags=46%, list=34%, signal=69%	
GOBP_HOMOLOGOUS_CHROMOSOME_PAIRING_AT_MEIOSIS	GOBP_HOMOLOGOUS_CHROMOSOME_PAIRING_AT_MEIOSIS		37	0.33061904	1.2200575	0.17935702	0.5335668	1.0	3846	tags=32%, list=25%, signal=43%	
GOBP_REGULATION_OF_HEART_RATE_BY_CARDIAC_CONDUCTION	GOBP_REGULATION_OF_HEART_RATE_BY_CARDIAC_CONDUCTION		35	0.34105274	1.2200413	0.18848167	0.53317666	1.0	3304	tags=37%, list=22%, signal=47%	
GOBP_DECIDUALIZATION	GOBP_DECIDUALIZATION		20	0.38418752	1.2196565	0.21254355	0.5338549	1.0	2747	tags=25%, list=18%, signal=31%	
GOBP_REGULATION_OF_SYSTEMIC_ARTERIAL_BLOOD_PRESSURE	GOBP_REGULATION_OF_SYSTEMIC_ARTERIAL_BLOOD_PRESSURE		81	0.2892648	1.2190514	0.13902053	0.53517103	1.0	3573	tags=37%, list=24%, signal=48%	
HP_ANEMIA_DUE_TO_REDUCED_LIFE_SPAN_OF_RED_CELLS	HP_ANEMIA_DUE_TO_REDUCED_LIFE_SPAN_OF_RED_CELLS		120	0.2691067	1.218856	0.13836478	0.5353327	1.0	5026	tags=40%, list=33%, signal=59%	
HP_HOARSE_CRY	HP_HOARSE_CRY		18	0.40419942	1.2187611	0.20670392	0.5351705	1.0	4644	tags=61%, list=31%, signal=88%	
HP_TRIANGULAR_MOUTH	HP_TRIANGULAR_MOUTH		19	0.40388706	1.2180661	0.21305841	0.5367781	1.0	2086	tags=37%, list=14%, signal=43%	
HP_SEPSIS	HP_SEPSIS		97	0.27769515	1.217868	0.13405238	0.53694075	1.0	4094	tags=37%, list=27%, signal=51%	
HP_LATERAL_CLAVICLE_HOOK	HP_LATERAL_CLAVICLE_HOOK		16	0.41732624	1.2175714	0.20550458	0.53743565	1.0	4261	tags=56%, list=28%, signal=78%	
HP_ORTHOSTATIC_HYPOTENSION	HP_ORTHOSTATIC_HYPOTENSION		39	0.335579	1.2174479	0.16323024	0.53736943	1.0	3746	tags=38%, list=25%, signal=51%	
HP_REDUCED_FORCED_EXPIRATORY_VOLUME_IN_ONE_SECOND	HP_REDUCED_FORCED_EXPIRATORY_VOLUME_IN_ONE_SECOND		22	0.37611794	1.2174118	0.20671378	0.53704005	1.0	1900	tags=27%, list=13%, signal=31%	
HP_NON_SMALL_CELL_LUNG_CARCINOMA	HP_NON_SMALL_CELL_LUNG_CARCINOMA		17	0.40954044	1.217137	0.20284697	0.53741646	1.0	650	tags=18%, list=4%, signal=18%	
GOBP_LEUKOCYTE_ACTIVATION_INVOLVED_IN_INFLAMMATORY_RESPONSE	GOBP_LEUKOCYTE_ACTIVATION_INVOLVED_IN_INFLAMMATORY_RESPONSE		33	0.34427655	1.2169554	0.21594684	0.5375272	1.0	1263	tags=24%, list=8%, signal=26%	
HP_RESPIRATORY_FAILURE	HP_RESPIRATORY_FAILURE		227	0.2416491	1.2166806	0.10042433	0.53794193	1.0	4725	tags=38%, list=31%, signal=55%	
GOMF_O_ACYLTRANSFERASE_ACTIVITY	GOMF_O_ACYLTRANSFERASE_ACTIVITY		50	0.31502113	1.2166046	0.16861436	0.5377303	1.0	1957	tags=26%, list=13%, signal=30%	
HP_DOWN_SLOPING_SHOULDERS	HP_DOWN_SLOPING_SHOULDERS		39	0.3359367	1.2165345	0.1959799	0.5375078	1.0	4370	tags=46%, list=29%, signal=65%	
HP_CEREBRAL_HEMORRHAGE	HP_CEREBRAL_HEMORRHAGE		50	0.31343508	1.2164838	0.1658031	0.53723264	1.0	2285	tags=22%, list=15%, signal=26%	
HP_THICKENED_SKIN	HP_THICKENED_SKIN		352	0.23146507	1.2164505	0.06749311	0.53690165	1.0	4226	tags=32%, list=28%, signal=44%	
GOBP_POSITIVE_REGULATION_OF_PROTEIN_TARGETING_TO_MEMBRANE	GOBP_POSITIVE_REGULATION_OF_PROTEIN_TARGETING_TO_MEMBRANE		27	0.35900855	1.2162783	0.20926243	0.53698766	1.0	3294	tags=37%, list=22%, signal=47%	
GOBP_REPLACEMENT_OSSIFICATION	GOBP_REPLACEMENT_OSSIFICATION		29	0.3607826	1.2160268	0.1958042	0.53732526	1.0	2210	tags=31%, list=15%, signal=36%	
HP_DIARRHEA	HP_DIARRHEA		345	0.23340058	1.2158688	0.06548431	0.5373877	1.0	3625	tags=29%, list=24%, signal=37%	
HP_NON_MIDLINE_CLEFT_OF_THE_UPPER_LIP	HP_NON_MIDLINE_CLEFT_OF_THE_UPPER_LIP		38	0.34427735	1.2157712	0.17540984	0.53724486	1.0	2283	tags=26%, list=15%, signal=31%	
GOBP_REGULATION_OF_JUN_KINASE_ACTIVITY	GOBP_REGULATION_OF_JUN_KINASE_ACTIVITY		20	0.38785112	1.215545	0.21592921	0.5374817	1.0	2074	tags=35%, list=14%, signal=41%	
GOBP_NEGATIVE_REGULATION_OF_KERATINOCYTE_PROLIFERATION	GOBP_NEGATIVE_REGULATION_OF_KERATINOCYTE_PROLIFERATION		19	0.3943226	1.2152754	0.19572954	0.53781825	1.0	2283	tags=32%, list=15%, signal=37%	
HP_BOWEL_DIVERTICULOSIS	HP_BOWEL_DIVERTICULOSIS		29	0.36295468	1.2149749	0.17719299	0.5383043	1.0	2631	tags=31%, list=17%, signal=38%	
HP_INCREASED_CIRCULATING_INTERLEUKIN_6_CONCENTRATION	HP_INCREASED_CIRCULATING_INTERLEUKIN_6_CONCENTRATION		17	0.41447663	1.2145063	0.20967741	0.5392257	1.0	3275	tags=35%, list=22%, signal=45%	
GOBP_POSITIVE_REGULATION_OF_PEPTIDYL_TYROSINE_PHOSPHORYLATION	GOBP_POSITIVE_REGULATION_OF_PEPTIDYL_TYROSINE_PHOSPHORYLATION		44	0.32085636	1.2144552	0.19255663	0.53894335	1.0	3013	tags=30%, list=20%, signal=37%	
HP_PELVIC_KIDNEY	HP_PELVIC_KIDNEY		34	0.34454477	1.2141412	0.18686868	0.5394655	1.0	2631	tags=32%, list=17%, signal=39%	
GOMF_LYSOPHOSPHOLIPASE_ACTIVITY	GOMF_LYSOPHOSPHOLIPASE_ACTIVITY		21	0.38939905	1.2137127	0.20727272	0.54028946	1.0	2919	tags=33%, list=19%, signal=41%	
GOBP_RESPIRATORY_SYSTEM_PROCESS	GOBP_RESPIRATORY_SYSTEM_PROCESS		41	0.3251516	1.2133973	0.18543047	0.54081273	1.0	3547	tags=44%, list=23%, signal=57%	
GOBP_RESPONSE_TO_MOLECULE_OF_BACTERIAL_ORIGIN	GOBP_RESPONSE_TO_MOLECULE_OF_BACTERIAL_ORIGIN		263	0.23732112	1.2129606	0.07079646	0.5416858	1.0	3561	tags=30%, list=24%, signal=39%	
GOBP_REGULATION_OF_CALCIUM_ION_TRANSPORT	GOBP_REGULATION_OF_CALCIUM_ION_TRANSPORT		197	0.24695227	1.2127448	0.093939394	0.5418548	1.0	4733	tags=42%, list=31%, signal=61%	
GOBP_LIPID_MODIFICATION	GOBP_LIPID_MODIFICATION		166	0.2520589	1.2124643	0.09076923	0.5422587	1.0	4174	tags=33%, list=28%, signal=44%	
HP_NEOPLASM_OF_HEAD_AND_NECK	HP_NEOPLASM_OF_HEAD_AND_NECK		22	0.3792594	1.2117383	0.19494584	0.5440651	1.0	3734	tags=41%, list=25%, signal=54%	
GOBP_ACROSOME_ASSEMBLY	GOBP_ACROSOME_ASSEMBLY		25	0.37702215	1.2116715	0.20137693	0.54381526	1.0	3185	tags=36%, list=21%, signal=46%	
GOBP_B_CELL_ACTIVATION_INVOLVED_IN_IMMUNE_RESPONSE	GOBP_B_CELL_ACTIVATION_INVOLVED_IN_IMMUNE_RESPONSE		68	0.29291067	1.2112191	0.15695792	0.54475266	1.0	3077	tags=28%, list=20%, signal=35%	
GOBP_REGULATION_OF_VOLTAGE_GATED_CALCIUM_CHANNEL_ACTIVITY	GOBP_REGULATION_OF_VOLTAGE_GATED_CALCIUM_CHANNEL_ACTIVITY		15	0.42175555	1.2111292	0.2231834	0.54460704	1.0	4712	tags=53%, list=31%, signal=77%	
GOBP_POSITIVE_REGULATION_OF_CELL_ACTIVATION	GOBP_POSITIVE_REGULATION_OF_CELL_ACTIVATION		297	0.23737897	1.21111	0.07371349	0.54423344	1.0	3521	tags=28%, list=23%, signal=36%	
GOBP_INNER_EAR_MORPHOGENESIS	GOBP_INNER_EAR_MORPHOGENESIS		99	0.26933643	1.2109655	0.14984228	0.5442496	1.0	3012	tags=28%, list=20%, signal=35%	
GOBP_POSITIVE_REGULATION_OF_RECEPTOR_MEDIATED_ENDOCYTOSIS	GOBP_POSITIVE_REGULATION_OF_RECEPTOR_MEDIATED_ENDOCYTOSIS		41	0.32420614	1.2109423	0.18165785	0.5438954	1.0	3264	tags=37%, list=22%, signal=47%	
GOBP_REGULATION_OF_PEPTIDYL_TYROSINE_PHOSPHORYLATION	GOBP_REGULATION_OF_PEPTIDYL_TYROSINE_PHOSPHORYLATION		68	0.29294682	1.2107033	0.17252396	0.54419744	1.0	1374	tags=16%, list=9%, signal=18%	
HP_PEG_SHAPED_MAXILLARY_LATERAL_INCISORS	HP_PEG_SHAPED_MAXILLARY_LATERAL_INCISORS		26	0.36703503	1.2098852	0.21079259	0.5461878	1.0	2708	tags=35%, list=18%, signal=42%	
GOCC_PHOTORECEPTOR_OUTER_SEGMENT	GOCC_PHOTORECEPTOR_OUTER_SEGMENT		68	0.29088634	1.2090886	0.16938111	0.5481631	1.0	3129	tags=31%, list=21%, signal=39%	
GOBP_INNERVATION	GOBP_INNERVATION		30	0.35274923	1.2085749	0.20415226	0.5493228	1.0	1708	tags=27%, list=11%, signal=30%	
HP_ABNORMAL_INTERVERTEBRAL_DISK_MORPHOLOGY	HP_ABNORMAL_INTERVERTEBRAL_DISK_MORPHOLOGY		42	0.32477608	1.2084662	0.19397993	0.5492096	1.0	1653	tags=17%, list=11%, signal=19%	
GOBP_DNA_TEMPLATED_DNA_REPLICATION_MAINTENANCE_OF_FIDELITY	GOBP_DNA_TEMPLATED_DNA_REPLICATION_MAINTENANCE_OF_FIDELITY		53	0.30521953	1.2082816	0.18060201	0.549329	1.0	2224	tags=21%, list=15%, signal=24%	
HP_RECURRENT_VIRAL_INFECTIONS	HP_RECURRENT_VIRAL_INFECTIONS		49	0.315347	1.2081016	0.17785235	0.54944015	1.0	4079	tags=33%, list=27%, signal=45%	
GOCC_CENTRIOLE	GOCC_CENTRIOLE		152	0.25546813	1.2077329	0.128125	0.550087	1.0	4024	tags=32%, list=27%, signal=43%	
GOBP_CELL_COMMUNICATION_BY_ELECTRICAL_COUPLING	GOBP_CELL_COMMUNICATION_BY_ELECTRICAL_COUPLING		29	0.35754216	1.2076914	0.23688664	0.5497756	1.0	1431	tags=21%, list=9%, signal=23%	
HP_HYPERURICEMIA	HP_HYPERURICEMIA		21	0.37965357	1.2074529	0.23255815	0.55011463	1.0	4206	tags=48%, list=28%, signal=66%	
HP_ABNORMAL_CIRCULATING_C_REACTIVE_PROTEIN_CONCENTRATION	HP_ABNORMAL_CIRCULATING_C_REACTIVE_PROTEIN_CONCENTRATION		65	0.2940684	1.2071797	0.16474465	0.55053633	1.0	5026	tags=45%, list=33%, signal=67%	
GOBP_POSITIVE_REGULATION_OF_CHEMOTAXIS	GOBP_POSITIVE_REGULATION_OF_CHEMOTAXIS		121	0.26436037	1.2071167	0.13292117	0.55028033	1.0	3292	tags=30%, list=22%, signal=38%	
GOBP_MYELOID_CELL_ACTIVATION_INVOLVED_IN_IMMUNE_RESPONSE	GOBP_MYELOID_CELL_ACTIVATION_INVOLVED_IN_IMMUNE_RESPONSE		73	0.2862393	1.206867	0.16193657	0.5506051	1.0	3653	tags=34%, list=24%, signal=45%	
HP_PANCREATIC_ADENOCARCINOMA	HP_PANCREATIC_ADENOCARCINOMA		19	0.3837252	1.2064164	0.2086331	0.5515197	1.0	3734	tags=42%, list=25%, signal=56%	
GOMF_ALCOHOL_BINDING	GOMF_ALCOHOL_BINDING		79	0.28402448	1.2063189	0.1609756	0.55137914	1.0	2856	tags=30%, list=19%, signal=37%	
HP_ABNORMAL_TISSUE_METABOLITE_CONCENTRATION	HP_ABNORMAL_TISSUE_METABOLITE_CONCENTRATION		232	0.23993865	1.2059458	0.09495549	0.55209583	1.0	3937	tags=30%, list=26%, signal=40%	
GOBP_ICOSANOID_BIOSYNTHETIC_PROCESS	GOBP_ICOSANOID_BIOSYNTHETIC_PROCESS		43	0.31950733	1.2057669	0.17398648	0.552178	1.0	3854	tags=37%, list=26%, signal=50%	
HP_PERITONITIS	HP_PERITONITIS		37	0.33440968	1.2056593	0.18090452	0.5520362	1.0	1821	tags=19%, list=12%, signal=21%	
HP_MICROPHALLUS	HP_MICROPHALLUS		16	0.40587312	1.2052921	0.23445825	0.5527477	1.0	4753	tags=50%, list=31%, signal=73%	
GOBP_ANTIGEN_PROCESSING_AND_PRESENTATION_OF_EXOGENOUS_PEPTIDE_ANTIGEN	GOBP_ANTIGEN_PROCESSING_AND_PRESENTATION_OF_EXOGENOUS_PEPTIDE_ANTIGEN		32	0.33877644	1.205089	0.18275861	0.55292153	1.0	1982	tags=25%, list=13%, signal=29%	
GOBP_REGULATION_OF_PLASMINOGEN_ACTIVATION	GOBP_REGULATION_OF_PLASMINOGEN_ACTIVATION		16	0.42049572	1.204916	0.23239437	0.5530293	1.0	1552	tags=25%, list=10%, signal=28%	
GOMF_PROTEIN_TYROSINE_KINASE_ACTIVITY	GOMF_PROTEIN_TYROSINE_KINASE_ACTIVITY		158	0.24731849	1.204736	0.1196319	0.55313855	1.0	3954	tags=32%, list=26%, signal=42%	
GOBP_REGULATION_OF_MONOATOMIC_ION_TRANSPORT	GOBP_REGULATION_OF_MONOATOMIC_ION_TRANSPORT		354	0.23073615	1.2046127	0.067961164	0.55308706	1.0	4274	tags=36%, list=28%, signal=49%	
HP_HYPOTHERMIA	HP_HYPOTHERMIA		47	0.3137323	1.2041957	0.18845502	0.55394685	1.0	4526	tags=40%, list=30%, signal=58%	
GOBP_POSITIVE_REGULATION_OF_MYELOID_LEUKOCYTE_MEDIATED_IMMUNITY	GOBP_POSITIVE_REGULATION_OF_MYELOID_LEUKOCYTE_MEDIATED_IMMUNITY		15	0.4169433	1.2040892	0.23747681	0.55384296	1.0	4035	tags=47%, list=27%, signal=64%	
GOMF_CHEMOKINE_BINDING	GOMF_CHEMOKINE_BINDING		18	0.39386344	1.2038894	0.2270364	0.5540402	1.0	5267	tags=50%, list=35%, signal=77%	
HP_DISCOID_LUPUS_RASH	HP_DISCOID_LUPUS_RASH		25	0.36628655	1.2036277	0.22627737	0.55440784	1.0	2338	tags=28%, list=15%, signal=33%	
GOBP_GLUCOSE_CATABOLIC_PROCESS	GOBP_GLUCOSE_CATABOLIC_PROCESS		25	0.3640142	1.2036211	0.2058319	0.55399257	1.0	5095	tags=60%, list=34%, signal=90%	
GOBP_REGULATION_OF_RECEPTOR_SIGNALING_PATHWAY_VIA_STAT	GOBP_REGULATION_OF_RECEPTOR_SIGNALING_PATHWAY_VIA_STAT		58	0.29924417	1.2034796	0.17024793	0.55400074	1.0	698	tags=14%, list=5%, signal=14%	
GOBP_REGULATION_OF_ALPHA_BETA_T_CELL_DIFFERENTIATION	GOBP_REGULATION_OF_ALPHA_BETA_T_CELL_DIFFERENTIATION		53	0.30199295	1.2034595	0.16245487	0.55361927	1.0	3375	tags=34%, list=22%, signal=44%	
GOCC_ACTIN_FILAMENT_BUNDLE	GOCC_ACTIN_FILAMENT_BUNDLE		80	0.28290308	1.2031579	0.16582064	0.55414045	1.0	2060	tags=21%, list=14%, signal=24%	
GOBP_ANDROGEN_METABOLIC_PROCESS	GOBP_ANDROGEN_METABOLIC_PROCESS		23	0.36838347	1.2030618	0.20998278	0.55400467	1.0	4169	tags=48%, list=28%, signal=66%	
GOBP_ESTABLISHMENT_OF_EPITHELIAL_CELL_APICAL_BASAL_POLARITY	GOBP_ESTABLISHMENT_OF_EPITHELIAL_CELL_APICAL_BASAL_POLARITY		18	0.3989423	1.2029984	0.22982456	0.5537729	1.0	1376	tags=28%, list=9%, signal=31%	
HP_ACQUIRED_ABNORMAL_HAIR_PATTERN	HP_ACQUIRED_ABNORMAL_HAIR_PATTERN		35	0.32946777	1.2029603	0.20707965	0.55347914	1.0	1876	tags=26%, list=12%, signal=29%	
HP_ABNORMALITY_OF_KREBS_CYCLE_METABOLISM	HP_ABNORMALITY_OF_KREBS_CYCLE_METABOLISM		15	0.42052948	1.2029535	0.23392858	0.55307794	1.0	6492	tags=80%, list=43%, signal=140%	
GOBP_SEX_DETERMINATION	GOBP_SEX_DETERMINATION		18	0.39423624	1.2028657	0.23963964	0.55289847	1.0	1370	tags=22%, list=9%, signal=24%	
HP_ABNORMAL_CORNEAL_EPITHELIUM_MORPHOLOGY	HP_ABNORMAL_CORNEAL_EPITHELIUM_MORPHOLOGY		107	0.26736763	1.2023704	0.14710484	0.55397105	1.0	2739	tags=23%, list=18%, signal=28%	
GOCC_APICOLATERAL_PLASMA_MEMBRANE	GOCC_APICOLATERAL_PLASMA_MEMBRANE		19	0.38744006	1.2020277	0.22898032	0.554567	1.0	3737	tags=42%, list=25%, signal=56%	
HP_CHONDROCALCINOSIS	HP_CHONDROCALCINOSIS		17	0.4012446	1.2019404	0.22120658	0.55438906	1.0	3166	tags=47%, list=21%, signal=59%	
GOBP_REGULATION_OF_IMMUNOGLOBULIN_PRODUCTION	GOBP_REGULATION_OF_IMMUNOGLOBULIN_PRODUCTION		56	0.30387348	1.2016596	0.17993079	0.5547793	1.0	1293	tags=16%, list=9%, signal=18%	
HP_PULMONARY_EDEMA	HP_PULMONARY_EDEMA		20	0.37524492	1.2016255	0.23843417	0.5544523	1.0	1731	tags=25%, list=11%, signal=28%	
GOBP_FC_RECEPTOR_MEDIATED_STIMULATORY_SIGNALING_PATHWAY	GOBP_FC_RECEPTOR_MEDIATED_STIMULATORY_SIGNALING_PATHWAY		31	0.33997872	1.201406	0.22279793	0.5546863	1.0	3294	tags=32%, list=22%, signal=41%	
GOBP_REGULATION_OF_HORMONE_BIOSYNTHETIC_PROCESS	GOBP_REGULATION_OF_HORMONE_BIOSYNTHETIC_PROCESS		20	0.3876829	1.2013407	0.24428822	0.5544421	1.0	3688	tags=35%, list=24%, signal=46%	
GOBP_REGULATION_OF_T_CELL_MIGRATION	GOBP_REGULATION_OF_T_CELL_MIGRATION		38	0.3327408	1.2009904	0.20521739	0.5550429	1.0	4290	tags=47%, list=28%, signal=66%	
GOBP_TYPE_I_INTERFERON_PRODUCTION	GOBP_TYPE_I_INTERFERON_PRODUCTION		111	0.26733044	1.2005504	0.121212125	0.5559563	1.0	4323	tags=33%, list=29%, signal=46%	
HP_MULTIPLE_RENAL_CYSTS	HP_MULTIPLE_RENAL_CYSTS		65	0.28756467	1.2005166	0.15916955	0.55562484	1.0	4788	tags=37%, list=32%, signal=54%	
HP_YELLOW_WHITE_LESIONS_OF_THE_RETINA	HP_YELLOW_WHITE_LESIONS_OF_THE_RETINA		117	0.26372117	1.2004507	0.13716109	0.5554131	1.0	3016	tags=25%, list=20%, signal=31%	
HP_ABNORMAL_COCHLEA_MORPHOLOGY	HP_ABNORMAL_COCHLEA_MORPHOLOGY		31	0.34610784	1.2004292	0.20677966	0.5550504	1.0	3407	tags=42%, list=23%, signal=54%	
HP_ABNORMAL_NATURAL_KILLER_CELL_MORPHOLOGY	HP_ABNORMAL_NATURAL_KILLER_CELL_MORPHOLOGY		34	0.33256674	1.2002923	0.18867925	0.55503285	1.0	2867	tags=29%, list=19%, signal=36%	
GOBP_LONG_CHAIN_FATTY_ACYL_COA_BIOSYNTHETIC_PROCESS	GOBP_LONG_CHAIN_FATTY_ACYL_COA_BIOSYNTHETIC_PROCESS		18	0.38989642	1.1997155	0.22693726	0.55639726	1.0	3353	tags=39%, list=22%, signal=50%	
HP_HYPERHIDROSIS	HP_HYPERHIDROSIS		119	0.26449215	1.1996046	0.14673047	0.556296	1.0	3540	tags=31%, list=23%, signal=40%	
GOBP_NEGATIVE_REGULATION_OF_B_CELL_ACTIVATION	GOBP_NEGATIVE_REGULATION_OF_B_CELL_ACTIVATION		25	0.36392742	1.1991844	0.21981981	0.55714357	1.0	1293	tags=24%, list=9%, signal=26%	
GOMF_XENOBIOTIC_TRANSMEMBRANE_TRANSPORTER_ACTIVITY	GOMF_XENOBIOTIC_TRANSMEMBRANE_TRANSPORTER_ACTIVITY		28	0.35128504	1.1991782	0.1943958	0.5567368	1.0	1568	tags=21%, list=10%, signal=24%	
HP_DECREASED_ACTIVITY_OF_MITOCHONDRIAL_COMPLEX_II	HP_DECREASED_ACTIVITY_OF_MITOCHONDRIAL_COMPLEX_II		15	0.41764265	1.1988786	0.23800738	0.5571811	1.0	3277	tags=33%, list=22%, signal=43%	
GOCC_ENDOPEPTIDASE_COMPLEX	GOCC_ENDOPEPTIDASE_COMPLEX		87	0.28040454	1.1988063	0.168	0.55696726	1.0	2441	tags=18%, list=16%, signal=22%	
GOBP_GLYCOSAMINOGLYCAN_CATABOLIC_PROCESS	GOBP_GLYCOSAMINOGLYCAN_CATABOLIC_PROCESS		19	0.39706004	1.1987704	0.2425829	0.5566682	1.0	2848	tags=26%, list=19%, signal=32%	
HP_DRUSEN	HP_DRUSEN		100	0.27118674	1.1987588	0.14968152	0.5562845	1.0	3016	tags=26%, list=20%, signal=32%	
HP_CORONARY_ARTERY_ATHEROSCLEROSIS	HP_CORONARY_ARTERY_ATHEROSCLEROSIS		35	0.32898924	1.1987545	0.21626298	0.55587816	1.0	744	tags=14%, list=5%, signal=15%	
GOBP_INTEGRIN_MEDIATED_SIGNALING_PATHWAY	GOBP_INTEGRIN_MEDIATED_SIGNALING_PATHWAY		105	0.27052328	1.1987063	0.15055467	0.5556227	1.0	1609	tags=17%, list=11%, signal=19%	
GOBP_REGULATION_OF_VIRAL_ENTRY_INTO_HOST_CELL	GOBP_REGULATION_OF_VIRAL_ENTRY_INTO_HOST_CELL		20	0.38105783	1.1986759	0.21684588	0.55528295	1.0	2686	tags=30%, list=18%, signal=36%	
GOCC_ER_TO_GOLGI_TRANSPORT_VESICLE_MEMBRANE	GOCC_ER_TO_GOLGI_TRANSPORT_VESICLE_MEMBRANE		54	0.2978789	1.198302	0.1865285	0.55598426	1.0	426	tags=9%, list=3%, signal=9%	
GOBP_GLUCOSE_6_PHOSPHATE_METABOLIC_PROCESS	GOBP_GLUCOSE_6_PHOSPHATE_METABOLIC_PROCESS		25	0.3685014	1.1979325	0.22759856	0.5566715	1.0	2480	tags=36%, list=16%, signal=43%	
GOCC_SITE_OF_DNA_DAMAGE	GOCC_SITE_OF_DNA_DAMAGE		121	0.2638215	1.1974816	0.13496932	0.5576717	1.0	3981	tags=30%, list=26%, signal=40%	
HP_ABNORMALITY_OF_CIRCULATING_FIBRINOGEN	HP_ABNORMALITY_OF_CIRCULATING_FIBRINOGEN		39	0.3232642	1.1974216	0.21262458	0.557414	1.0	3632	tags=36%, list=24%, signal=47%	
HP_ABNORMALITY_OF_TEMPERATURE_REGULATION	HP_ABNORMALITY_OF_TEMPERATURE_REGULATION		443	0.22449112	1.1971318	0.059945505	0.5578659	1.0	4546	tags=34%, list=30%, signal=47%	
HP_NEUROINFLAMMATION	HP_NEUROINFLAMMATION		21	0.37947205	1.1971143	0.21863799	0.5574939	1.0	4573	tags=52%, list=30%, signal=75%	
HP_OPEN_BITE	HP_OPEN_BITE		50	0.3093077	1.1970581	0.19723183	0.5572467	1.0	3987	tags=38%, list=26%, signal=51%	
HP_ANONYCHIA	HP_ANONYCHIA		58	0.30083254	1.1965342	0.1855346	0.558375	1.0	3147	tags=36%, list=21%, signal=46%	
GOBP_POSITIVE_REGULATION_OF_RECEPTOR_INTERNALIZATION	GOBP_POSITIVE_REGULATION_OF_RECEPTOR_INTERNALIZATION		24	0.36689797	1.1965121	0.21254355	0.5580238	1.0	3107	tags=42%, list=21%, signal=52%	
HP_PROLONGED_NEONATAL_JAUNDICE	HP_PROLONGED_NEONATAL_JAUNDICE		64	0.28936028	1.1965045	0.18309858	0.5576243	1.0	3997	tags=39%, list=26%, signal=53%	
GOBP_CD4_POSITIVE_ALPHA_BETA_T_CELL_DIFFERENTIATION	GOBP_CD4_POSITIVE_ALPHA_BETA_T_CELL_DIFFERENTIATION		73	0.286512	1.1964715	0.16510904	0.55730605	1.0	3406	tags=33%, list=23%, signal=42%	
GOBP_RESPONSE_TO_SALT_STRESS	GOBP_RESPONSE_TO_SALT_STRESS		18	0.3965034	1.195868	0.21272728	0.5586754	1.0	2131	tags=28%, list=14%, signal=32%	
GOBP_KERATAN_SULFATE_PROTEOGLYCAN_METABOLIC_PROCESS	GOBP_KERATAN_SULFATE_PROTEOGLYCAN_METABOLIC_PROCESS		15	0.40524113	1.195701	0.22767076	0.5587366	1.0	1451	tags=27%, list=10%, signal=29%	
GOBP_SKELETAL_MUSCLE_CONTRACTION	GOBP_SKELETAL_MUSCLE_CONTRACTION		39	0.32525495	1.1955702	0.19407895	0.5587302	1.0	3085	tags=33%, list=20%, signal=42%	
HP_ABNORMAL_MORPHOLOGY_OF_ULNA	HP_ABNORMAL_MORPHOLOGY_OF_ULNA		145	0.2566571	1.1952369	0.1364366	0.5593242	1.0	3290	tags=27%, list=22%, signal=34%	
HP_HEPATIC_FAILURE	HP_HEPATIC_FAILURE		149	0.25591326	1.1946236	0.12859304	0.56078273	1.0	4242	tags=37%, list=28%, signal=51%	
GOBP_STEROL_TRANSPORT	GOBP_STEROL_TRANSPORT		90	0.27069032	1.1944253	0.1511811	0.56096536	1.0	2856	tags=26%, list=19%, signal=31%	
GOMF_TUMOR_NECROSIS_FACTOR_RECEPTOR_SUPERFAMILY_BINDING	GOMF_TUMOR_NECROSIS_FACTOR_RECEPTOR_SUPERFAMILY_BINDING		41	0.32348052	1.1944017	0.19115044	0.5606191	1.0	3451	tags=32%, list=23%, signal=41%	
HP_ATROPHY_DEGENERATION_INVOLVING_THE_CORTICOSPINAL_TRACTS	HP_ATROPHY_DEGENERATION_INVOLVING_THE_CORTICOSPINAL_TRACTS		37	0.32779372	1.194345	0.20918368	0.5603792	1.0	4339	tags=43%, list=29%, signal=61%	
HP_MESOAXIAL_POLYDACTYLY	HP_MESOAXIAL_POLYDACTYLY		22	0.368564	1.1936702	0.21799308	0.561961	1.0	3167	tags=27%, list=21%, signal=34%	
GOBP_MATING_BEHAVIOR	GOBP_MATING_BEHAVIOR		27	0.35020798	1.1934153	0.209622	0.5623091	1.0	3421	tags=37%, list=23%, signal=48%	
GOBP_ESTABLISHMENT_OR_MAINTENANCE_OF_MONOPOLAR_CELL_POLARITY	GOBP_ESTABLISHMENT_OR_MAINTENANCE_OF_MONOPOLAR_CELL_POLARITY		26	0.35334048	1.193191	0.21981981	0.5625619	1.0	1376	tags=23%, list=9%, signal=25%	
HP_ABNORMAL_CIRCULATING_CHOLESTEROL_CONCENTRATION	HP_ABNORMAL_CIRCULATING_CHOLESTEROL_CONCENTRATION		129	0.26037216	1.1930447	0.14741641	0.5626086	1.0	3444	tags=28%, list=23%, signal=36%	
HP_ESOPHAGEAL_NEOPLASM	HP_ESOPHAGEAL_NEOPLASM		17	0.39940977	1.192994	0.24820144	0.5623305	1.0	3451	tags=41%, list=23%, signal=53%	
HP_PERICARDIAL_EFFUSION	HP_PERICARDIAL_EFFUSION		35	0.334914	1.1926402	0.20998278	0.5629785	1.0	2663	tags=26%, list=18%, signal=31%	
HP_ABNORMAL_OVARIAN_MORPHOLOGY	HP_ABNORMAL_OVARIAN_MORPHOLOGY		145	0.25358415	1.1923285	0.14176829	0.5634738	1.0	5106	tags=43%, list=34%, signal=65%	
GOBP_LABYRINTHINE_LAYER_DEVELOPMENT	GOBP_LABYRINTHINE_LAYER_DEVELOPMENT		39	0.3221536	1.1923162	0.19130434	0.56309193	1.0	2394	tags=31%, list=16%, signal=36%	
GOBP_REGULATION_OF_PROGRAMMED_NECROTIC_CELL_DEATH	GOBP_REGULATION_OF_PROGRAMMED_NECROTIC_CELL_DEATH		28	0.35058334	1.1916451	0.2570922	0.56468683	1.0	981	tags=18%, list=6%, signal=19%	
GOBP_SENSORY_ORGAN_MORPHOGENESIS	GOBP_SENSORY_ORGAN_MORPHOGENESIS		262	0.2328236	1.1914737	0.09752547	0.5647936	1.0	3230	tags=27%, list=21%, signal=34%	
GOBP_REGULATION_OF_ACTIN_FILAMENT_BUNDLE_ASSEMBLY	GOBP_REGULATION_OF_ACTIN_FILAMENT_BUNDLE_ASSEMBLY		86	0.27737355	1.1910357	0.1767516	0.5657049	1.0	2074	tags=21%, list=14%, signal=24%	
HP_CHIARI_MALFORMATION	HP_CHIARI_MALFORMATION		94	0.2736791	1.1909975	0.16164818	0.56539613	1.0	2631	tags=20%, list=17%, signal=24%	
HP_ABNORMALITY_OF_ALKALINE_PHOSPHATASE_LEVEL	HP_ABNORMALITY_OF_ALKALINE_PHOSPHATASE_LEVEL		115	0.26263443	1.1906759	0.15609756	0.56598294	1.0	4798	tags=37%, list=32%, signal=54%	
GOBP_PURINE_CONTAINING_COMPOUND_BIOSYNTHETIC_PROCESS	GOBP_PURINE_CONTAINING_COMPOUND_BIOSYNTHETIC_PROCESS		221	0.23751466	1.1906242	0.10714286	0.5657314	1.0	2480	tags=21%, list=16%, signal=25%	
HP_INCREASED_CIRCULATING_IGM_LEVEL	HP_INCREASED_CIRCULATING_IGM_LEVEL		31	0.3421496	1.1904721	0.21658206	0.56579083	1.0	3712	tags=35%, list=25%, signal=47%	
GOBP_IRON_ION_TRANSMEMBRANE_TRANSPORT	GOBP_IRON_ION_TRANSMEMBRANE_TRANSPORT		19	0.38376033	1.1904296	0.25272727	0.56550586	1.0	1458	tags=26%, list=10%, signal=29%	
HP_RECURRENT_SKIN_INFECTIONS	HP_RECURRENT_SKIN_INFECTIONS		108	0.26669887	1.1902559	0.16232772	0.5656236	1.0	3736	tags=31%, list=25%, signal=40%	
GOBP_POSITIVE_REGULATION_OF_SYNAPTIC_TRANSMISSION_GABAERGIC	GOBP_POSITIVE_REGULATION_OF_SYNAPTIC_TRANSMISSION_GABAERGIC		15	0.42207694	1.190141	0.24028268	0.56557214	1.0	3565	tags=53%, list=24%, signal=70%	
HP_INFECTIOUS_ENCEPHALITIS	HP_INFECTIOUS_ENCEPHALITIS		37	0.32238007	1.1897753	0.18708609	0.566307	1.0	5026	tags=51%, list=33%, signal=77%	
GOBP_NEURAL_RETINA_DEVELOPMENT	GOBP_NEURAL_RETINA_DEVELOPMENT		76	0.2815033	1.188756	0.17515923	0.56900847	1.0	3230	tags=32%, list=21%, signal=40%	
HP_ACUTE_KIDNEY_INJURY	HP_ACUTE_KIDNEY_INJURY		37	0.32164562	1.1884155	0.20446736	0.56961995	1.0	4955	tags=41%, list=33%, signal=60%	
GOBP_T_HELPER_17_CELL_DIFFERENTIATION	GOBP_T_HELPER_17_CELL_DIFFERENTIATION		28	0.34138975	1.1883925	0.21283785	0.5692768	1.0	2207	tags=29%, list=15%, signal=33%	
HP_PROSTATE_CANCER	HP_PROSTATE_CANCER		24	0.35851386	1.1876379	0.21929824	0.57116324	1.0	4816	tags=46%, list=32%, signal=67%	
GOBP_NEGATIVE_REGULATION_OF_STEROID_METABOLIC_PROCESS	GOBP_NEGATIVE_REGULATION_OF_STEROID_METABOLIC_PROCESS		25	0.35894558	1.1876175	0.23304348	0.57080084	1.0	3503	tags=32%, list=23%, signal=42%	
GOBP_MACROPHAGE_ACTIVATION	GOBP_MACROPHAGE_ACTIVATION		79	0.2758228	1.187497	0.15582192	0.5707537	1.0	2791	tags=29%, list=18%, signal=36%	
HP_ABNORMAL_CIRCULATING_POTASSIUM_CONCENTRATION	HP_ABNORMAL_CIRCULATING_POTASSIUM_CONCENTRATION		85	0.27626973	1.1869704	0.18819776	0.5719459	1.0	2540	tags=24%, list=17%, signal=28%	
GOBP_EMBRYONIC_ORGAN_DEVELOPMENT	GOBP_EMBRYONIC_ORGAN_DEVELOPMENT		409	0.22374666	1.1869577	0.087649405	0.5715694	1.0	3515	tags=28%, list=23%, signal=35%	
GOBP_SENSORY_PERCEPTION_OF_LIGHT_STIMULUS	GOBP_SENSORY_PERCEPTION_OF_LIGHT_STIMULUS		171	0.2470128	1.1868455	0.12871288	0.57151294	1.0	3076	tags=27%, list=20%, signal=34%	
GOBP_REGULATION_OF_CELL_FATE_SPECIFICATION	GOBP_REGULATION_OF_CELL_FATE_SPECIFICATION		20	0.37608877	1.1867777	0.23508137	0.57129633	1.0	1366	tags=25%, list=9%, signal=27%	
GOBP_MICROTUBULE_BASED_TRANSPORT	GOBP_MICROTUBULE_BASED_TRANSPORT		218	0.23876174	1.1858411	0.11111111	0.5737487	1.0	2763	tags=22%, list=18%, signal=27%	
GOMF_CHOLESTEROL_BINDING	GOMF_CHOLESTEROL_BINDING		46	0.3103625	1.1856723	0.19557823	0.5738463	1.0	3263	tags=37%, list=22%, signal=47%	
GOBP_ZINC_ION_TRANSPORT	GOBP_ZINC_ION_TRANSPORT		27	0.34847337	1.1852283	0.24570447	0.5747941	1.0	2585	tags=26%, list=17%, signal=31%	
HP_FEMALE_SEXUAL_DYSFUNCTION	HP_FEMALE_SEXUAL_DYSFUNCTION		55	0.2985391	1.184924	0.2076412	0.57531685	1.0	2092	tags=29%, list=14%, signal=34%	
GOMF_ACTININ_BINDING	GOMF_ACTININ_BINDING		35	0.32736218	1.184579	0.2020548	0.57597446	1.0	2519	tags=23%, list=17%, signal=27%	
GOBP_HYPOTHALAMUS_DEVELOPMENT	GOBP_HYPOTHALAMUS_DEVELOPMENT		24	0.3639013	1.1843324	0.2578269	0.5762893	1.0	3421	tags=42%, list=23%, signal=54%	
GOBP_NLS_BEARING_PROTEIN_IMPORT_INTO_NUCLEUS	GOBP_NLS_BEARING_PROTEIN_IMPORT_INTO_NUCLEUS		20	0.37486368	1.1843148	0.24444444	0.57593375	1.0	5548	tags=60%, list=37%, signal=95%	
GOBP_XENOBIOTIC_TRANSMEMBRANE_TRANSPORT	GOBP_XENOBIOTIC_TRANSMEMBRANE_TRANSPORT		15	0.41014922	1.1841213	0.24280575	0.5760941	1.0	837	tags=20%, list=6%, signal=21%	
GOBP_REGULATION_OF_KETONE_BIOSYNTHETIC_PROCESS	GOBP_REGULATION_OF_KETONE_BIOSYNTHETIC_PROCESS		21	0.37462378	1.184055	0.21847247	0.57587963	1.0	618	tags=19%, list=4%, signal=20%	
GOBP_INNER_EAR_RECEPTOR_CELL_DEVELOPMENT	GOBP_INNER_EAR_RECEPTOR_CELL_DEVELOPMENT		44	0.3133858	1.1839614	0.23104057	0.57571816	1.0	5462	tags=48%, list=36%, signal=75%	
HP_SCARRING	HP_SCARRING		88	0.27439657	1.1837971	0.15916398	0.5757961	1.0	2978	tags=25%, list=20%, signal=31%	
GOMF_UBIQUITIN_LIKE_PROTEIN_READER_ACTIVITY	GOMF_UBIQUITIN_LIKE_PROTEIN_READER_ACTIVITY		20	0.37899947	1.1837204	0.22816399	0.5756001	1.0	3919	tags=40%, list=26%, signal=54%	
HP_ABNORMALITY_OF_PULMONARY_CIRCULATION	HP_ABNORMALITY_OF_PULMONARY_CIRCULATION		166	0.24727118	1.1836959	0.12573965	0.5752507	1.0	4040	tags=30%, list=27%, signal=40%	
GOBP_CELL_CELL_ADHESION_VIA_PLASMA_MEMBRANE_ADHESION_MOLECULES	GOBP_CELL_CELL_ADHESION_VIA_PLASMA_MEMBRANE_ADHESION_MOLECULES		235	0.23466708	1.1835948	0.123385936	0.5751475	1.0	2596	tags=25%, list=17%, signal=29%	
HP_OVOID_VERTEBRAL_BODIES	HP_OVOID_VERTEBRAL_BODIES		33	0.33575982	1.1833953	0.22866894	0.575332	1.0	1937	tags=21%, list=13%, signal=24%	
GOMF_DNA_DIRECTED_DNA_POLYMERASE_ACTIVITY	GOMF_DNA_DIRECTED_DNA_POLYMERASE_ACTIVITY		21	0.37835512	1.1833723	0.20659722	0.5749773	1.0	2772	tags=24%, list=18%, signal=29%	
GOMF_SULFOTRANSFERASE_ACTIVITY	GOMF_SULFOTRANSFERASE_ACTIVITY		45	0.3133659	1.1833104	0.1954023	0.574743	1.0	3372	tags=36%, list=22%, signal=46%	
GOBP_RESPONSE_TO_L_GLUTAMATE	GOBP_RESPONSE_TO_L_GLUTAMATE		15	0.41235632	1.1831841	0.22942206	0.5747249	1.0	4247	tags=53%, list=28%, signal=74%	
GOBP_INTERLEUKIN_8_PRODUCTION	GOBP_INTERLEUKIN_8_PRODUCTION		52	0.30113214	1.1830255	0.20848057	0.5748049	1.0	3859	tags=38%, list=26%, signal=51%	
GOBP_REGULATION_OF_TISSUE_REMODELING	GOBP_REGULATION_OF_TISSUE_REMODELING		52	0.29824364	1.1821504	0.20197044	0.5770977	1.0	2829	tags=31%, list=19%, signal=38%	
GOBP_ETHER_METABOLIC_PROCESS	GOBP_ETHER_METABOLIC_PROCESS		21	0.37547323	1.1820749	0.23290204	0.57690835	1.0	1795	tags=24%, list=12%, signal=27%	
GOBP_CELLULAR_RESPONSE_TO_STEROL_DEPLETION	GOBP_CELLULAR_RESPONSE_TO_STEROL_DEPLETION		15	0.4031466	1.181746	0.25	0.5774398	1.0	1838	tags=33%, list=12%, signal=38%	
HP_IMMUNOLOGIC_HYPERSENSITIVITY	HP_IMMUNOLOGIC_HYPERSENSITIVITY		193	0.24114858	1.181706	0.14221556	0.5771332	1.0	3589	tags=31%, list=24%, signal=40%	
HP_ABNORMAL_RENAL_MEDULLA_MORPHOLOGY	HP_ABNORMAL_RENAL_MEDULLA_MORPHOLOGY		57	0.29522112	1.1815358	0.20098847	0.57724774	1.0	4967	tags=46%, list=33%, signal=68%	
GOBP_T_CELL_DIFFERENTIATION_INVOLVED_IN_IMMUNE_RESPONSE	GOBP_T_CELL_DIFFERENTIATION_INVOLVED_IN_IMMUNE_RESPONSE		65	0.2891451	1.1814823	0.19097222	0.5769918	1.0	2207	tags=25%, list=15%, signal=29%	
HP_CORNEAL_OPACITY	HP_CORNEAL_OPACITY		243	0.23396683	1.1813326	0.12386707	0.5770247	1.0	2637	tags=23%, list=17%, signal=27%	
GOBP_TISSUE_REGENERATION	GOBP_TISSUE_REGENERATION		63	0.29370567	1.1812575	0.19365609	0.5768494	1.0	1781	tags=21%, list=12%, signal=23%	
HP_FOCAL_SEGMENTAL_GLOMERULOSCLEROSIS	HP_FOCAL_SEGMENTAL_GLOMERULOSCLEROSIS		60	0.29448166	1.1811519	0.19532554	0.57674897	1.0	1821	tags=18%, list=12%, signal=21%	
GOBP_CHOLESTEROL_STORAGE	GOBP_CHOLESTEROL_STORAGE		19	0.39707425	1.1810375	0.2472119	0.5766836	1.0	2602	tags=32%, list=17%, signal=38%	
GOBP_REGULATION_OF_CYCLIN_DEPENDENT_PROTEIN_SERINE_THREONINE_KINASE_ACTIVITY	GOBP_REGULATION_OF_CYCLIN_DEPENDENT_PROTEIN_SERINE_THREONINE_KINASE_ACTIVITY		28	0.3483736	1.1808472	0.21582733	0.5768791	1.0	4088	tags=39%, list=27%, signal=54%	
HP_ABNORMAL_SHOULDER_MORPHOLOGY	HP_ABNORMAL_SHOULDER_MORPHOLOGY		89	0.2694856	1.1802418	0.14991763	0.5783837	1.0	4370	tags=39%, list=29%, signal=55%	
HP_OSTEOMALACIA	HP_OSTEOMALACIA		20	0.37746733	1.1800773	0.26401445	0.57848346	1.0	2791	tags=30%, list=18%, signal=37%	
GOMF_TRANSFERASE_ACTIVITY_TRANSFERRING_SULPHUR_CONTAINING_GROUPS	GOMF_TRANSFERASE_ACTIVITY_TRANSFERRING_SULPHUR_CONTAINING_GROUPS		61	0.29074132	1.1800387	0.21319798	0.5781916	1.0	3372	tags=33%, list=22%, signal=42%	
GOBP_NEUTROPHIL_CHEMOTAXIS	GOBP_NEUTROPHIL_CHEMOTAXIS		60	0.289517	1.180018	0.19072165	0.5778397	1.0	3502	tags=37%, list=23%, signal=48%	
HP_ABNORMAL_PELVIS_BONE_OSSIFICATION	HP_ABNORMAL_PELVIS_BONE_OSSIFICATION		17	0.3913097	1.1796781	0.23619048	0.57846	1.0	4110	tags=35%, list=27%, signal=48%	
GOBP_T_CELL_SELECTION	GOBP_T_CELL_SELECTION		44	0.31423235	1.179665	0.23407644	0.57808435	1.0	3547	tags=41%, list=23%, signal=53%	
GOBP_POSITIVE_REGULATION_OF_KINASE_ACTIVITY	GOBP_POSITIVE_REGULATION_OF_KINASE_ACTIVITY		126	0.2566434	1.1796231	0.15764332	0.5778033	1.0	3667	tags=32%, list=24%, signal=42%	
GOBP_CALCIUM_ION_TRANSPORT	GOBP_CALCIUM_ION_TRANSPORT		351	0.2260936	1.1796138	0.09833795	0.57741565	1.0	4738	tags=41%, list=31%, signal=58%	
GOBP_HOMOLOGOUS_CHROMOSOME_SEGREGATION	GOBP_HOMOLOGOUS_CHROMOSOME_SEGREGATION		47	0.30993462	1.1793399	0.19382504	0.5778749	1.0	3846	tags=28%, list=25%, signal=37%	
GOBP_RESPONSE_TO_INTERFERON_ALPHA	GOBP_RESPONSE_TO_INTERFERON_ALPHA		17	0.39775997	1.1792526	0.23518851	0.5777476	1.0	2486	tags=29%, list=16%, signal=35%	
GOMF_PHOSPHATIDYLINOSITOL_3_KINASE_BINDING	GOMF_PHOSPHATIDYLINOSITOL_3_KINASE_BINDING		22	0.3702877	1.1790173	0.23605949	0.57806313	1.0	4932	tags=77%, list=33%, signal=115%	
GOMF_HISTONE_KINASE_ACTIVITY	GOMF_HISTONE_KINASE_ACTIVITY		21	0.37932837	1.1790082	0.24220183	0.5776853	1.0	4688	tags=48%, list=31%, signal=69%	
HP_INSOMNIA	HP_INSOMNIA		65	0.28362235	1.1789695	0.19448946	0.57739305	1.0	2094	tags=23%, list=14%, signal=27%	
GOBP_CELL_ADHESION_MEDIATED_BY_INTEGRIN	GOBP_CELL_ADHESION_MEDIATED_BY_INTEGRIN		75	0.2794207	1.1789074	0.19224556	0.5771843	1.0	2146	tags=20%, list=14%, signal=23%	
GOBP_REGULATION_OF_BLOOD_CIRCULATION	GOBP_REGULATION_OF_BLOOD_CIRCULATION		216	0.23749968	1.178897	0.11432927	0.57679766	1.0	4382	tags=37%, list=29%, signal=51%	
HP_GINGIVITIS	HP_GINGIVITIS		26	0.35539478	1.1785355	0.24518389	0.5775426	1.0	3736	tags=31%, list=25%, signal=41%	
HP_ABNORMALITY_OF_SECONDARY_SEXUAL_HAIR	HP_ABNORMALITY_OF_SECONDARY_SEXUAL_HAIR		63	0.28548563	1.1778108	0.19630873	0.57943577	1.0	3251	tags=27%, list=22%, signal=34%	
GOMF_CHOLESTEROL_TRANSFER_ACTIVITY	GOMF_CHOLESTEROL_TRANSFER_ACTIVITY		18	0.38011613	1.177278	0.26713532	0.5806751	1.0	2856	tags=39%, list=19%, signal=48%	
GOBP_ACTOMYOSIN_STRUCTURE_ORGANIZATION	GOBP_ACTOMYOSIN_STRUCTURE_ORGANIZATION		177	0.2423437	1.1771337	0.14396285	0.5806785	1.0	4641	tags=39%, list=31%, signal=56%	
GOBP_RENAL_SYSTEM_PROCESS	GOBP_RENAL_SYSTEM_PROCESS		106	0.260718	1.1770604	0.17801857	0.58049065	1.0	3410	tags=31%, list=23%, signal=40%	
HP_RECURRENT_APHTHOUS_STOMATITIS	HP_RECURRENT_APHTHOUS_STOMATITIS		31	0.33863896	1.177041	0.2172352	0.58014315	1.0	5100	tags=52%, list=34%, signal=78%	
HP_SHORT_FACE	HP_SHORT_FACE		19	0.38156846	1.1769253	0.26164874	0.58008885	1.0	2708	tags=32%, list=18%, signal=38%	
HP_VENOUS_THROMBOSIS	HP_VENOUS_THROMBOSIS		62	0.28957117	1.1768644	0.202995	0.5798586	1.0	2596	tags=26%, list=17%, signal=31%	
GOMF_NEUROPEPTIDE_RECEPTOR_ACTIVITY	GOMF_NEUROPEPTIDE_RECEPTOR_ACTIVITY		32	0.3352517	1.1763554	0.22638147	0.5809768	1.0	4523	tags=53%, list=30%, signal=76%	
GOMF_PEPTIDASE_ACTIVATOR_ACTIVITY	GOMF_PEPTIDASE_ACTIVATOR_ACTIVITY		52	0.30239922	1.1763276	0.19621342	0.58065623	1.0	1343	tags=15%, list=9%, signal=17%	
HP_ABNORMAL_INTERNAL_GENITALIA	HP_ABNORMAL_INTERNAL_GENITALIA		462	0.21851648	1.1762252	0.084791385	0.58056945	1.0	2377	tags=19%, list=16%, signal=22%	
GOBP_POSITIVE_REGULATION_OF_BEHAVIOR	GOBP_POSITIVE_REGULATION_OF_BEHAVIOR		22	0.36395714	1.1759334	0.24740484	0.5810755	1.0	4295	tags=41%, list=28%, signal=57%	
HP_KETOACIDOSIS	HP_KETOACIDOSIS		32	0.336982	1.174802	0.23367697	0.5841314	1.0	2211	tags=28%, list=15%, signal=33%	
HP_INFLAMMATION_OF_THE_LARGE_INTESTINE	HP_INFLAMMATION_OF_THE_LARGE_INTESTINE		117	0.2572795	1.1746976	0.16640987	0.5840455	1.0	3625	tags=29%, list=24%, signal=38%	
GOBP_PEROXISOMAL_TRANSPORT	GOBP_PEROXISOMAL_TRANSPORT		22	0.36665574	1.1744372	0.26056337	0.58445436	1.0	3895	tags=36%, list=26%, signal=49%	
GOMF_SULFUR_COMPOUND_BINDING	GOMF_SULFUR_COMPOUND_BINDING		218	0.23810187	1.1739846	0.13204747	0.5854264	1.0	1514	tags=17%, list=10%, signal=18%	
HP_SKIN_RASH	HP_SKIN_RASH		123	0.2562635	1.1739295	0.1724138	0.58518755	1.0	3666	tags=30%, list=24%, signal=39%	
GOBP_POSITIVE_REGULATION_OF_FAT_CELL_DIFFERENTIATION	GOBP_POSITIVE_REGULATION_OF_FAT_CELL_DIFFERENTIATION		54	0.29987612	1.1738465	0.22115384	0.5850421	1.0	953	tags=17%, list=6%, signal=18%	
GOBP_POSITIVE_REGULATION_OF_RELEASE_OF_SEQUESTERED_CALCIUM_ION_INTO_CYTOSOL	GOBP_POSITIVE_REGULATION_OF_RELEASE_OF_SEQUESTERED_CALCIUM_ION_INTO_CYTOSOL		27	0.35195088	1.1731858	0.2147651	0.5866897	1.0	4009	tags=48%, list=27%, signal=65%	
GOBP_ALDEHYDE_METABOLIC_PROCESS	GOBP_ALDEHYDE_METABOLIC_PROCESS		63	0.28613552	1.1728829	0.195	0.58722746	1.0	4483	tags=38%, list=30%, signal=54%	
GOBP_REGULATION_OF_MYOBLAST_FUSION	GOBP_REGULATION_OF_MYOBLAST_FUSION		15	0.41659293	1.1721113	0.26950353	0.5891731	1.0	2620	tags=40%, list=17%, signal=48%	
GOBP_REGULATION_OF_BODY_FLUID_LEVELS	GOBP_REGULATION_OF_BODY_FLUID_LEVELS		311	0.22562017	1.1720248	0.11740891	0.5890088	1.0	4265	tags=32%, list=28%, signal=44%	
HP_BROAD_FEMORAL_NECK	HP_BROAD_FEMORAL_NECK		16	0.3940922	1.1714066	0.25598526	0.59048516	1.0	4725	tags=44%, list=31%, signal=64%	
GOMF_ESTRADIOL_17_BETA_DEHYDROGENASE_NAD_P_PLUS_ACTIVITY	GOMF_ESTRADIOL_17_BETA_DEHYDROGENASE_NAD_P_PLUS_ACTIVITY		15	0.4106283	1.1708128	0.2460733	0.59189403	1.0	4161	tags=40%, list=28%, signal=55%	
HP_RECTAL_FISTULA	HP_RECTAL_FISTULA		24	0.35973746	1.170674	0.2761062	0.59190494	1.0	999	tags=17%, list=7%, signal=18%	
HP_CHEST_PAIN	HP_CHEST_PAIN		92	0.2683798	1.1702123	0.17891374	0.5928994	1.0	2606	tags=24%, list=17%, signal=29%	
HP_NEONATAL_HYPERBILIRUBINEMIA	HP_NEONATAL_HYPERBILIRUBINEMIA		18	0.38825458	1.170144	0.25663716	0.5927068	1.0	3997	tags=44%, list=26%, signal=60%	
HP_DISPROPORTIONATE_SHORT_STATURE	HP_DISPROPORTIONATE_SHORT_STATURE		127	0.25573665	1.1701386	0.16871166	0.5923093	1.0	2126	tags=19%, list=14%, signal=22%	
GOBP_EPITHELIAL_STRUCTURE_MAINTENANCE	GOBP_EPITHELIAL_STRUCTURE_MAINTENANCE		32	0.32701355	1.169954	0.24221453	0.59243864	1.0	3749	tags=41%, list=25%, signal=54%	
GOBP_TAXIS	GOBP_TAXIS		354	0.22058901	1.1698117	0.11157025	0.59246206	1.0	3558	tags=30%, list=24%, signal=38%	
HP_ABNORMALITY_OF_THE_HEPATIC_VASCULATURE	HP_ABNORMALITY_OF_THE_HEPATIC_VASCULATURE		78	0.27608687	1.1695701	0.20418006	0.59282357	1.0	4242	tags=41%, list=28%, signal=57%	
GOBP_KERATINOCYTE_MIGRATION	GOBP_KERATINOCYTE_MIGRATION		18	0.38894993	1.1693164	0.27097902	0.5932314	1.0	4125	tags=33%, list=27%, signal=46%	
GOBP_NEGATIVE_REGULATION_OF_FATTY_ACID_METABOLIC_PROCESS	GOBP_NEGATIVE_REGULATION_OF_FATTY_ACID_METABOLIC_PROCESS		26	0.3536268	1.1690881	0.24528302	0.5935677	1.0	2982	tags=27%, list=20%, signal=33%	
HP_CHIARI_TYPE_I_MALFORMATION	HP_CHIARI_TYPE_I_MALFORMATION		43	0.30639306	1.168696	0.21859707	0.5943521	1.0	2084	tags=19%, list=14%, signal=22%	
GOBP_VITAMIN_METABOLIC_PROCESS	GOBP_VITAMIN_METABOLIC_PROCESS		96	0.2663514	1.1686512	0.18799368	0.59406203	1.0	2949	tags=27%, list=20%, signal=33%	
HP_ELEVATED_TISSUE_NON_SPECIFIC_ALKALINE_PHOSPHATASE	HP_ELEVATED_TISSUE_NON_SPECIFIC_ALKALINE_PHOSPHATASE		15	0.41014782	1.1685531	0.2665474	0.5939775	1.0	1065	tags=20%, list=7%, signal=21%	
GOMF_PHOSPHATIDYLSERINE_BINDING	GOMF_PHOSPHATIDYLSERINE_BINDING		44	0.29959118	1.1684184	0.22462562	0.59399325	1.0	2312	tags=20%, list=15%, signal=24%	
GOBP_REGULATION_OF_HAIR_CYCLE	GOBP_REGULATION_OF_HAIR_CYCLE		23	0.35624224	1.1680856	0.23243243	0.5946408	1.0	5378	tags=52%, list=36%, signal=81%	
HP_ABNORMALITY_OF_HUMORAL_IMMUNITY	HP_ABNORMALITY_OF_HUMORAL_IMMUNITY		282	0.22891048	1.1680094	0.10891089	0.5944714	1.0	3360	tags=24%, list=22%, signal=31%	
HP_HETEROTAXY	HP_HETEROTAXY		23	0.36472514	1.1678711	0.22960152	0.5944957	1.0	4324	tags=52%, list=29%, signal=73%	
HP_ERYTHEMA_NODOSUM	HP_ERYTHEMA_NODOSUM		19	0.37938812	1.167617	0.23423423	0.59485745	1.0	1263	tags=26%, list=8%, signal=29%	
HP_SUDDEN_DEATH	HP_SUDDEN_DEATH		89	0.26695207	1.1674935	0.18045112	0.59484607	1.0	4705	tags=40%, list=31%, signal=58%	
HP_TRACHEAL_STENOSIS	HP_TRACHEAL_STENOSIS		27	0.34536928	1.1674116	0.23720136	0.5947017	1.0	2114	tags=26%, list=14%, signal=30%	
GOBP_REGULATION_OF_MEIOTIC_NUCLEAR_DIVISION	GOBP_REGULATION_OF_MEIOTIC_NUCLEAR_DIVISION		26	0.34760177	1.1670791	0.22945206	0.59535176	1.0	4789	tags=46%, list=32%, signal=67%	
GOMF_PROTEOGLYCAN_SULFOTRANSFERASE_ACTIVITY	GOMF_PROTEOGLYCAN_SULFOTRANSFERASE_ACTIVITY		26	0.34654513	1.1670698	0.23867595	0.5949652	1.0	2424	tags=31%, list=16%, signal=37%	
HP_ABNORMAL_NAIL_SURFACE	HP_ABNORMAL_NAIL_SURFACE		39	0.31611916	1.1670359	0.22666667	0.5946613	1.0	3159	tags=33%, list=21%, signal=42%	
HP_TACHYPNEA	HP_TACHYPNEA		80	0.2719477	1.1670235	0.19967794	0.5942934	1.0	3620	tags=31%, list=24%, signal=41%	
GOMF_ACTIN_FILAMENT_BINDING	GOMF_ACTIN_FILAMENT_BINDING		175	0.24321415	1.1668746	0.15440115	0.59434235	1.0	2263	tags=22%, list=15%, signal=26%	
HP_ABNORMAL_FINGERNAIL_MORPHOLOGY	HP_ABNORMAL_FINGERNAIL_MORPHOLOGY		169	0.2442805	1.166602	0.15490797	0.59479135	1.0	3269	tags=28%, list=22%, signal=35%	
GOBP_NON_CANONICAL_NF_KAPPAB_SIGNAL_TRANSDUCTION	GOBP_NON_CANONICAL_NF_KAPPAB_SIGNAL_TRANSDUCTION		109	0.25592074	1.1664796	0.17418352	0.59475905	1.0	2486	tags=23%, list=16%, signal=27%	
GOBP_ORGANIC_ANION_TRANSPORT	GOBP_ORGANIC_ANION_TRANSPORT		360	0.22193506	1.1661103	0.114597544	0.59548306	1.0	1836	tags=16%, list=12%, signal=17%	
GOBP_SKELETAL_MUSCLE_TISSUE_REGENERATION	GOBP_SKELETAL_MUSCLE_TISSUE_REGENERATION		35	0.32269245	1.1660223	0.24475524	0.59534985	1.0	1654	tags=23%, list=11%, signal=26%	
GOBP_PURINE_NUCLEOBASE_METABOLIC_PROCESS	GOBP_PURINE_NUCLEOBASE_METABOLIC_PROCESS		19	0.3702453	1.1658682	0.2630597	0.5954359	1.0	3002	tags=42%, list=20%, signal=52%	
GOCC_DYSTROPHIN_ASSOCIATED_GLYCOPROTEIN_COMPLEX	GOCC_DYSTROPHIN_ASSOCIATED_GLYCOPROTEIN_COMPLEX		15	0.41225564	1.165723	0.26102293	0.59546936	1.0	2357	tags=40%, list=16%, signal=47%	
HP_HYPERTENSION	HP_HYPERTENSION		333	0.22309002	1.1648983	0.11643836	0.59763473	1.0	4294	tags=30%, list=28%, signal=41%	
GOBP_REGULATION_OF_T_HELPER_17_CELL_DIFFERENTIATION	GOBP_REGULATION_OF_T_HELPER_17_CELL_DIFFERENTIATION		19	0.3827327	1.164757	0.27458256	0.5977013	1.0	3375	tags=42%, list=22%, signal=54%	
HP_PANNICULITIS	HP_PANNICULITIS		21	0.37651405	1.1645769	0.2580071	0.59782046	1.0	1481	tags=24%, list=10%, signal=26%	
HP_ABDOMINAL_PAIN	HP_ABDOMINAL_PAIN		258	0.23119661	1.1641275	0.13769124	0.5988137	1.0	4247	tags=32%, list=28%, signal=43%	
GOBP_ENTRAINMENT_OF_CIRCADIAN_CLOCK_BY_PHOTOPERIOD	GOBP_ENTRAINMENT_OF_CIRCADIAN_CLOCK_BY_PHOTOPERIOD		20	0.37742347	1.16393	0.26537785	0.5990233	1.0	247	tags=15%, list=2%, signal=15%	
HP_ABNORMALITY_OF_BLOOD_VOLUME_HOMEOSTASIS	HP_ABNORMALITY_OF_BLOOD_VOLUME_HOMEOSTASIS		20	0.37094963	1.1638113	0.2575188	0.59898937	1.0	645	tags=15%, list=4%, signal=16%	
HP_PROGRESSIVE_MUSCLE_WEAKNESS	HP_PROGRESSIVE_MUSCLE_WEAKNESS		77	0.27673584	1.1637216	0.21766561	0.598867	1.0	4206	tags=40%, list=28%, signal=56%	
HP_NEPHRITIS	HP_NEPHRITIS		117	0.2548964	1.163609	0.17944786	0.59881115	1.0	2462	tags=20%, list=16%, signal=23%	
GOBP_REGULATION_OF_THE_FORCE_OF_HEART_CONTRACTION	GOBP_REGULATION_OF_THE_FORCE_OF_HEART_CONTRACTION		20	0.37191814	1.1635402	0.2630662	0.5986241	1.0	5469	tags=65%, list=36%, signal=102%	
HP_ELEVATED_CIRCULATING_ACYLCARNITINE_CONCENTRATION	HP_ELEVATED_CIRCULATING_ACYLCARNITINE_CONCENTRATION		18	0.38213518	1.1631335	0.25709516	0.5995172	1.0	2436	tags=28%, list=16%, signal=33%	
GOBP_RESPONSE_TO_COLD	GOBP_RESPONSE_TO_COLD		39	0.3128741	1.1630174	0.20949264	0.5994871	1.0	2693	tags=26%, list=18%, signal=31%	
GOBP_PYRIDINE_CONTAINING_COMPOUND_METABOLIC_PROCESS	GOBP_PYRIDINE_CONTAINING_COMPOUND_METABOLIC_PROCESS		155	0.24599952	1.1629543	0.17011128	0.59927154	1.0	4262	tags=38%, list=28%, signal=52%	
GOBP_INTERLEUKIN_6_PRODUCTION	GOBP_INTERLEUKIN_6_PRODUCTION		117	0.2518533	1.1628903	0.17356688	0.5990696	1.0	2867	tags=26%, list=19%, signal=31%	
HP_RECURRENT_ABSCESS_FORMATION	HP_RECURRENT_ABSCESS_FORMATION		17	0.3961039	1.1627884	0.25497288	0.5989745	1.0	1774	tags=24%, list=12%, signal=27%	
HP_CARDIOMEGALY	HP_CARDIOMEGALY		108	0.2597179	1.1626757	0.17348608	0.59891677	1.0	3618	tags=28%, list=24%, signal=36%	
HP_RADIOULNAR_SYNOSTOSIS	HP_RADIOULNAR_SYNOSTOSIS		74	0.27843413	1.1621811	0.21269296	0.60005957	1.0	2806	tags=27%, list=19%, signal=33%	
GOBP_NEUTROPHIL_MIGRATION	GOBP_NEUTROPHIL_MIGRATION		75	0.2733401	1.1621789	0.21803279	0.5996619	1.0	3502	tags=33%, list=23%, signal=43%	
GOBP_EXTRACELLULAR_VESICLE_BIOGENESIS	GOBP_EXTRACELLULAR_VESICLE_BIOGENESIS		22	0.3659878	1.1619302	0.25688073	0.60000926	1.0	1326	tags=18%, list=9%, signal=20%	
HP_DYSPAREUNIA	HP_DYSPAREUNIA		30	0.32474124	1.1614103	0.2477396	0.6012081	1.0	2092	tags=30%, list=14%, signal=35%	
GOBP_MULTI_MULTICELLULAR_ORGANISM_PROCESS	GOBP_MULTI_MULTICELLULAR_ORGANISM_PROCESS		175	0.24027774	1.1614019	0.1710731	0.6008241	1.0	3449	tags=26%, list=23%, signal=34%	
GOBP_LIPID_HOMEOSTASIS	GOBP_LIPID_HOMEOSTASIS		137	0.24897914	1.1612617	0.17027864	0.6008555	1.0	1562	tags=18%, list=10%, signal=19%	
GOBP_GAMMA_DELTA_T_CELL_ACTIVATION	GOBP_GAMMA_DELTA_T_CELL_ACTIVATION		19	0.3838413	1.1609418	0.28521127	0.60146016	1.0	4413	tags=53%, list=29%, signal=74%	
GOBP_REGULATION_OF_LEUKOCYTE_ADHESION_TO_VASCULAR_ENDOTHELIAL_CELL	GOBP_REGULATION_OF_LEUKOCYTE_ADHESION_TO_VASCULAR_ENDOTHELIAL_CELL		21	0.3651227	1.1607131	0.2625	0.6017629	1.0	3396	tags=38%, list=22%, signal=49%	
GOBP_TRANSPOSABLE_ELEMENT_SILENCING_BY_HETEROCHROMATIN_FORMATION	GOBP_TRANSPOSABLE_ELEMENT_SILENCING_BY_HETEROCHROMATIN_FORMATION		16	0.39641306	1.1604481	0.25771326	0.60217446	1.0	2264	tags=31%, list=15%, signal=37%	
GOMF_PRIMARY_ACTIVE_TRANSMEMBRANE_TRANSPORTER_ACTIVITY	GOMF_PRIMARY_ACTIVE_TRANSMEMBRANE_TRANSPORTER_ACTIVITY		146	0.24923089	1.1604149	0.17781155	0.60187334	1.0	2293	tags=17%, list=15%, signal=20%	
GOBP_REGULATION_OF_LYMPHOCYTE_APOPTOTIC_PROCESS	GOBP_REGULATION_OF_LYMPHOCYTE_APOPTOTIC_PROCESS		49	0.30196238	1.1602027	0.22871453	0.6021115	1.0	2829	tags=27%, list=19%, signal=33%	
GOBP_KETONE_METABOLIC_PROCESS	GOBP_KETONE_METABOLIC_PROCESS		178	0.23803927	1.1601821	0.15430267	0.60177785	1.0	5109	tags=40%, list=34%, signal=60%	
HP_TYPE_II_DIABETES_MELLITUS	HP_TYPE_II_DIABETES_MELLITUS		115	0.2566212	1.160082	0.1904762	0.6016744	1.0	4641	tags=37%, list=31%, signal=54%	
GOCC_IMMUNOLOGICAL_SYNAPSE	GOCC_IMMUNOLOGICAL_SYNAPSE		38	0.3196257	1.1599723	0.22780569	0.60160816	1.0	4701	tags=45%, list=31%, signal=65%	
HP_SMALL_FOREHEAD	HP_SMALL_FOREHEAD		15	0.40065405	1.1596873	0.26497278	0.6020606	1.0	57	tags=13%, list=0%, signal=13%	
GOCC_GERM_CELL_NUCLEUS	GOCC_GERM_CELL_NUCLEUS		57	0.29282176	1.1595044	0.21859707	0.6022092	1.0	4043	tags=44%, list=27%, signal=60%	
HP_HEMATURIA	HP_HEMATURIA		141	0.2445463	1.1594247	0.17113096	0.60208386	1.0	3978	tags=28%, list=26%, signal=38%	
HP_MENINGITIS	HP_MENINGITIS		55	0.29518753	1.1593412	0.21428572	0.60190874	1.0	5026	tags=45%, list=33%, signal=68%	
HP_HYPOLIPOPROTEINEMIA	HP_HYPOLIPOPROTEINEMIA		51	0.29635847	1.1592398	0.23873122	0.60181093	1.0	2485	tags=22%, list=16%, signal=26%	
HP_PETECHIAE	HP_PETECHIAE		52	0.2971416	1.1590476	0.22333333	0.60202664	1.0	4364	tags=42%, list=29%, signal=59%	
HP_RENAL_CYST	HP_RENAL_CYST		254	0.23070405	1.1589092	0.14730878	0.60205495	1.0	3987	tags=30%, list=26%, signal=40%	
HP_GYNECOMASTIA	HP_GYNECOMASTIA		77	0.27651122	1.1588298	0.198036	0.60190535	1.0	4281	tags=38%, list=28%, signal=52%	
GOBP_AMINO_SUGAR_METABOLIC_PROCESS	GOBP_AMINO_SUGAR_METABOLIC_PROCESS		41	0.30817115	1.1586354	0.234676	0.60212237	1.0	1315	tags=20%, list=9%, signal=21%	
GOBP_CYTOPLASMIC_PATTERN_RECOGNITION_RECEPTOR_SIGNALING_PATHWAY	GOBP_CYTOPLASMIC_PATTERN_RECOGNITION_RECEPTOR_SIGNALING_PATHWAY		158	0.2418875	1.1585962	0.16742082	0.6018415	1.0	2497	tags=22%, list=17%, signal=26%	
HP_ELFIN_FACIES	HP_ELFIN_FACIES		19	0.38136926	1.1583934	0.27598566	0.6020889	1.0	3241	tags=42%, list=21%, signal=54%	
HP_APLASIA_HYPOPLASIA_OF_THE_TONGUE	HP_APLASIA_HYPOPLASIA_OF_THE_TONGUE		36	0.3219187	1.158065	0.25618374	0.60270935	1.0	3620	tags=39%, list=24%, signal=51%	
HP_NEOPLASM_OF_THE_BREAST	HP_NEOPLASM_OF_THE_BREAST		72	0.27484745	1.1576391	0.21163167	0.6035926	1.0	3840	tags=29%, list=25%, signal=39%	
HP_RIGHT_ATRIAL_ENLARGEMENT	HP_RIGHT_ATRIAL_ENLARGEMENT		17	0.39580896	1.1575569	0.2625	0.60345924	1.0	2070	tags=24%, list=14%, signal=27%	
GOBP_ACTIVATION_OF_INNATE_IMMUNE_RESPONSE	GOBP_ACTIVATION_OF_INNATE_IMMUNE_RESPONSE		261	0.22846164	1.1573796	0.15593705	0.6036162	1.0	3127	tags=24%, list=21%, signal=29%	
HP_ABNORMAL_T_CELL_SUBSET_DISTRIBUTION	HP_ABNORMAL_T_CELL_SUBSET_DISTRIBUTION		66	0.28025147	1.1569593	0.22094926	0.6045671	1.0	5100	tags=45%, list=34%, signal=68%	
GOBP_NEGATIVE_REGULATION_OF_LEUKOCYTE_CHEMOTAXIS	GOBP_NEGATIVE_REGULATION_OF_LEUKOCYTE_CHEMOTAXIS		18	0.3851474	1.1568522	0.2697023	0.60451835	1.0	2674	tags=33%, list=18%, signal=40%	
GOBP_RENAL_SODIUM_ION_TRANSPORT	GOBP_RENAL_SODIUM_ION_TRANSPORT		15	0.4061662	1.1564721	0.29464287	0.60525817	1.0	1779	tags=33%, list=12%, signal=38%	
GOBP_REGULATION_OF_B_CELL_ACTIVATION	GOBP_REGULATION_OF_B_CELL_ACTIVATION		101	0.25798437	1.156436	0.18679549	0.60496503	1.0	2821	tags=25%, list=19%, signal=30%	
GOBP_CELLULAR_RESPONSE_TO_XENOBIOTIC_STIMULUS	GOBP_CELLULAR_RESPONSE_TO_XENOBIOTIC_STIMULUS		138	0.24812284	1.1555681	0.18376723	0.60730845	1.0	1626	tags=17%, list=11%, signal=19%	
GOMF_ALCOHOL_DEHYDROGENASE_NAD_P_PLUS_ACTIVITY	GOMF_ALCOHOL_DEHYDROGENASE_NAD_P_PLUS_ACTIVITY		37	0.31474662	1.1553135	0.24132231	0.6077073	1.0	4575	tags=43%, list=30%, signal=62%	
HP_ARTERIAL_THROMBOSIS	HP_ARTERIAL_THROMBOSIS		24	0.35992348	1.1552879	0.2626087	0.607378	1.0	4573	tags=54%, list=30%, signal=78%	
GOBP_MONOSACCHARIDE_BIOSYNTHETIC_PROCESS	GOBP_MONOSACCHARIDE_BIOSYNTHETIC_PROCESS		75	0.27363396	1.1548437	0.22007042	0.6083804	1.0	3947	tags=35%, list=26%, signal=47%	
GOBP_POSITIVE_REGULATION_OF_MONOATOMIC_ION_TRANSMEMBRANE_TRANSPORT	GOBP_POSITIVE_REGULATION_OF_MONOATOMIC_ION_TRANSMEMBRANE_TRANSPORT		106	0.25716642	1.1545421	0.2078125	0.60891104	1.0	3731	tags=36%, list=25%, signal=47%	
GOBP_INFLAMMATORY_RESPONSE_TO_ANTIGENIC_STIMULUS	GOBP_INFLAMMATORY_RESPONSE_TO_ANTIGENIC_STIMULUS		50	0.2962607	1.154306	0.2264151	0.6092378	1.0	2253	tags=24%, list=15%, signal=28%	
HP_ABNORMAL_CONNECTION_OF_THE_CARDIAC_SEGMENTS	HP_ABNORMAL_CONNECTION_OF_THE_CARDIAC_SEGMENTS		251	0.23147477	1.154261	0.13956834	0.60897547	1.0	3266	tags=28%, list=22%, signal=35%	
HP_RECTAL_PROLAPSE	HP_RECTAL_PROLAPSE		45	0.3016372	1.1541402	0.23589744	0.60893834	1.0	3541	tags=33%, list=23%, signal=43%	
GOCC_CILIARY_MEMBRANE	GOCC_CILIARY_MEMBRANE		66	0.28294975	1.1541048	0.20819671	0.6086495	1.0	4670	tags=42%, list=31%, signal=61%	
GOBP_TRANSLESION_SYNTHESIS	GOBP_TRANSLESION_SYNTHESIS		24	0.35448956	1.1539681	0.28222996	0.6086666	1.0	2165	tags=21%, list=14%, signal=24%	
GOBP_AMIDE_METABOLIC_PROCESS	GOBP_AMIDE_METABOLIC_PROCESS		388	0.21962549	1.1538125	0.116556294	0.608729	1.0	2319	tags=19%, list=15%, signal=22%	
GOBP_MRNA_TRANSCRIPTION	GOBP_MRNA_TRANSCRIPTION		47	0.29872444	1.153331	0.24552846	0.6098553	1.0	3966	tags=32%, list=26%, signal=43%	
GOBP_G_PROTEIN_COUPLED_RECEPTOR_SIGNALING_PATHWAY_COUPLED_TO_CYCLIC_NUCLEOTIDE_SECOND_MESSENGER	GOBP_G_PROTEIN_COUPLED_RECEPTOR_SIGNALING_PATHWAY_COUPLED_TO_CYCLIC_NUCLEOTIDE_SECOND_MESSENGER		39	0.30811414	1.1527498	0.22395833	0.61133194	1.0	4382	tags=51%, list=29%, signal=72%	
HP_HYPERTHYROIDISM	HP_HYPERTHYROIDISM		32	0.3248047	1.1526072	0.24707846	0.61139745	1.0	1333	tags=22%, list=9%, signal=24%	
GOBP_LONG_CHAIN_FATTY_ACYL_COA_METABOLIC_PROCESS	GOBP_LONG_CHAIN_FATTY_ACYL_COA_METABOLIC_PROCESS		22	0.35869163	1.152363	0.25490198	0.6117764	1.0	1933	tags=27%, list=13%, signal=31%	
HP_ABNORMAL_MACROPHAGE_MORPHOLOGY	HP_ABNORMAL_MACROPHAGE_MORPHOLOGY		43	0.30894643	1.1522955	0.25208682	0.6115829	1.0	4917	tags=49%, list=33%, signal=72%	
GOCC_BRUSH_BORDER_MEMBRANE	GOCC_BRUSH_BORDER_MEMBRANE		42	0.30480367	1.1520473	0.23924269	0.6119817	1.0	3113	tags=36%, list=21%, signal=45%	
HP_SYNOSTOSIS_OF_JOINTS	HP_SYNOSTOSIS_OF_JOINTS		181	0.23979568	1.1517876	0.16989568	0.61239207	1.0	2806	tags=22%, list=19%, signal=27%	
HP_HYPERKERATOSIS	HP_HYPERKERATOSIS		187	0.23678862	1.151536	0.16740741	0.6127744	1.0	3504	tags=28%, list=23%, signal=36%	
HP_ABNORMAL_BLOOD_ION_CONCENTRATION	HP_ABNORMAL_BLOOD_ION_CONCENTRATION		303	0.22449425	1.1514056	0.13736264	0.61278135	1.0	2948	tags=24%, list=20%, signal=29%	
GOBP_NEGATIVE_REGULATION_OF_ACTIN_FILAMENT_BUNDLE_ASSEMBLY	GOBP_NEGATIVE_REGULATION_OF_ACTIN_FILAMENT_BUNDLE_ASSEMBLY		26	0.3411808	1.1511921	0.27406198	0.61305726	1.0	1028	tags=23%, list=7%, signal=25%	
GOBP_NEGATIVE_REGULATION_OF_SMALL_GTPASE_MEDIATED_SIGNAL_TRANSDUCTION	GOBP_NEGATIVE_REGULATION_OF_SMALL_GTPASE_MEDIATED_SIGNAL_TRANSDUCTION		63	0.28746107	1.1509073	0.20957096	0.6135475	1.0	2751	tags=29%, list=18%, signal=35%	
GOBP_STORE_OPERATED_CALCIUM_ENTRY	GOBP_STORE_OPERATED_CALCIUM_ENTRY		21	0.36178434	1.1507969	0.24733096	0.61348236	1.0	3877	tags=43%, list=26%, signal=58%	
HP_IRREGULAR_MENSTRUATION	HP_IRREGULAR_MENSTRUATION		49	0.29704866	1.1507269	0.23723228	0.6133046	1.0	978	tags=12%, list=6%, signal=13%	
GOBP_LUNG_ALVEOLUS_DEVELOPMENT	GOBP_LUNG_ALVEOLUS_DEVELOPMENT		49	0.2948278	1.1505681	0.24573378	0.6133673	1.0	3935	tags=37%, list=26%, signal=50%	
GOMF_ACTIN_BINDING	GOMF_ACTIN_BINDING		377	0.21843033	1.1505125	0.13477089	0.61313456	1.0	3219	tags=26%, list=21%, signal=33%	
HP_PREAXIAL_POLYDACTYLY	HP_PREAXIAL_POLYDACTYLY		80	0.26853058	1.1501328	0.2238806	0.61392486	1.0	4257	tags=33%, list=28%, signal=45%	
GOBP_ANTERIOR_POSTERIOR_PATTERN_SPECIFICATION	GOBP_ANTERIOR_POSTERIOR_PATTERN_SPECIFICATION		188	0.23794977	1.1501266	0.16691506	0.61354417	1.0	3766	tags=33%, list=25%, signal=43%	
HP_DECREASED_SKULL_OSSIFICATION	HP_DECREASED_SKULL_OSSIFICATION		37	0.3117872	1.1499524	0.25043178	0.6136994	1.0	2126	tags=19%, list=14%, signal=22%	
GOMF_ORGANIC_ACID_BINDING	GOMF_ORGANIC_ACID_BINDING		149	0.24323967	1.1494999	0.17637795	0.6146653	1.0	1954	tags=17%, list=13%, signal=19%	
HP_PLEURAL_EFFUSION	HP_PLEURAL_EFFUSION		73	0.27220213	1.1493864	0.22425249	0.6146272	1.0	3367	tags=29%, list=22%, signal=37%	
HP_ABNORMAL_TISSUE_ENZYME_CONCENTRATION_OR_ACTIVITY	HP_ABNORMAL_TISSUE_ENZYME_CONCENTRATION_OR_ACTIVITY		81	0.266715	1.149249	0.22397476	0.6146535	1.0	3952	tags=32%, list=26%, signal=43%	
HP_HYPOPLASTIC_LABIA_MAJORA	HP_HYPOPLASTIC_LABIA_MAJORA		37	0.31392607	1.1492242	0.26174498	0.61432505	1.0	2835	tags=30%, list=19%, signal=37%	
HP_RENAL_TUBULAR_DYSFUNCTION	HP_RENAL_TUBULAR_DYSFUNCTION		100	0.25885734	1.1491836	0.22565688	0.6140739	1.0	3106	tags=23%, list=21%, signal=29%	
GOBP_CARBOHYDRATE_DERIVATIVE_TRANSPORT	GOBP_CARBOHYDRATE_DERIVATIVE_TRANSPORT		71	0.27845046	1.1483929	0.21803279	0.61616516	1.0	3328	tags=27%, list=22%, signal=34%	
GOBP_ADENYLATE_CYCLASE_MODULATING_G_PROTEIN_COUPLED_RECEPTOR_SIGNALING_PATHWAY	GOBP_ADENYLATE_CYCLASE_MODULATING_G_PROTEIN_COUPLED_RECEPTOR_SIGNALING_PATHWAY		209	0.23064063	1.1481075	0.16347569	0.6166855	1.0	4274	tags=39%, list=28%, signal=53%	
GOMF_NADPLUS_BINDING	GOMF_NADPLUS_BINDING		17	0.3834898	1.1478235	0.2722323	0.6171385	1.0	2642	tags=35%, list=17%, signal=43%	
HP_FUNCTIONAL_ABNORMALITY_OF_THE_MIDDLE_EAR	HP_FUNCTIONAL_ABNORMALITY_OF_THE_MIDDLE_EAR		338	0.22136068	1.1476742	0.1409396	0.61721265	1.0	3016	tags=23%, list=20%, signal=28%	
GOMF_METALLOPEPTIDASE_ACTIVITY	GOMF_METALLOPEPTIDASE_ACTIVITY		172	0.23943274	1.147469	0.1918429	0.6174531	1.0	3627	tags=31%, list=24%, signal=41%	
GOBP_DNA_REPLICATION	GOBP_DNA_REPLICATION		253	0.22659317	1.1473988	0.17015342	0.6172746	1.0	4379	tags=31%, list=29%, signal=43%	
HP_ABNORMAL_GASTROINTESTINAL_MOTILITY	HP_ABNORMAL_GASTROINTESTINAL_MOTILITY		86	0.26603973	1.1471772	0.22274144	0.6175792	1.0	4026	tags=34%, list=27%, signal=46%	
GOBP_DETECTION_OF_MECHANICAL_STIMULUS_INVOLVED_IN_SENSORY_PERCEPTION	GOBP_DETECTION_OF_MECHANICAL_STIMULUS_INVOLVED_IN_SENSORY_PERCEPTION		32	0.3225921	1.1470672	0.26039782	0.61752427	1.0	4019	tags=44%, list=27%, signal=59%	
GOBP_INTERLEUKIN_1_PRODUCTION	GOBP_INTERLEUKIN_1_PRODUCTION		75	0.27126682	1.1469731	0.22222222	0.6174435	1.0	3715	tags=33%, list=25%, signal=44%	
HP_ABNORMAL_EPIPHYSEAL_OSSIFICATION	HP_ABNORMAL_EPIPHYSEAL_OSSIFICATION		74	0.271454	1.1468153	0.22347267	0.6175766	1.0	4169	tags=35%, list=28%, signal=48%	
GOBP_INTRACELLULAR_MONOATOMIC_ION_HOMEOSTASIS	GOBP_INTRACELLULAR_MONOATOMIC_ION_HOMEOSTASIS		432	0.21493997	1.1462992	0.12600537	0.61882466	1.0	4738	tags=37%, list=31%, signal=52%	
GOBP_MAINTENANCE_OF_GASTROINTESTINAL_EPITHELIUM	GOBP_MAINTENANCE_OF_GASTROINTESTINAL_EPITHELIUM		21	0.36700165	1.1458158	0.25225225	0.61996835	1.0	3571	tags=48%, list=24%, signal=62%	
GOBP_POSITIVE_REGULATION_OF_TUMOR_NECROSIS_FACTOR_SUPERFAMILY_CYTOKINE_PRODUCTION	GOBP_POSITIVE_REGULATION_OF_TUMOR_NECROSIS_FACTOR_SUPERFAMILY_CYTOKINE_PRODUCTION		83	0.2678051	1.1453999	0.21202531	0.6208864	1.0	3413	tags=36%, list=23%, signal=46%	
GOBP_REGULATION_OF_KERATINOCYTE_PROLIFERATION	GOBP_REGULATION_OF_KERATINOCYTE_PROLIFERATION		37	0.30696592	1.1450758	0.26343155	0.6215272	1.0	2563	tags=27%, list=17%, signal=32%	
HP_ABNORMALITY_OF_THE_UPPER_RESPIRATORY_TRACT	HP_ABNORMALITY_OF_THE_UPPER_RESPIRATORY_TRACT		438	0.2153146	1.1447921	0.13164894	0.62203616	1.0	3625	tags=27%, list=24%, signal=34%	
HP_ABNORMAL_CORTICOSPINAL_TRACT_MORPHOLOGY	HP_ABNORMAL_CORTICOSPINAL_TRACT_MORPHOLOGY		44	0.30174443	1.1446556	0.24273504	0.62207466	1.0	4339	tags=39%, list=29%, signal=54%	
HP_RECURRENT_INFECTION_OF_THE_GASTROINTESTINAL_TRACT	HP_RECURRENT_INFECTION_OF_THE_GASTROINTESTINAL_TRACT		33	0.31852597	1.1445694	0.25259516	0.6219263	1.0	4047	tags=33%, list=27%, signal=45%	
GOBP_POSITIVE_REGULATION_OF_CD4_POSITIVE_ALPHA_BETA_T_CELL_ACTIVATION	GOBP_POSITIVE_REGULATION_OF_CD4_POSITIVE_ALPHA_BETA_T_CELL_ACTIVATION		27	0.340542	1.1444396	0.26530612	0.6219347	1.0	3198	tags=33%, list=21%, signal=42%	
HP_ABNORMAL_CSF_CARBOXYLIC_ACID_CONCENTRATION	HP_ABNORMAL_CSF_CARBOXYLIC_ACID_CONCENTRATION		25	0.34001598	1.1443987	0.25270757	0.6216488	1.0	4188	tags=40%, list=28%, signal=55%	
HP_ACUTE_PHASE_RESPONSE	HP_ACUTE_PHASE_RESPONSE		152	0.24169639	1.1441523	0.19025876	0.6220477	1.0	3436	tags=26%, list=23%, signal=34%	
HP_BLEPHARITIS	HP_BLEPHARITIS		48	0.2965273	1.1437421	0.24726135	0.62302464	1.0	2043	tags=21%, list=14%, signal=24%	
HP_FUSED_CERVICAL_VERTEBRAE	HP_FUSED_CERVICAL_VERTEBRAE		31	0.3310146	1.1437236	0.2783505	0.6226833	1.0	1119	tags=13%, list=7%, signal=14%	
GOBP_NEGATIVE_REGULATION_OF_LIPID_STORAGE	GOBP_NEGATIVE_REGULATION_OF_LIPID_STORAGE		16	0.37920508	1.143591	0.275	0.6227239	1.0	1249	tags=19%, list=8%, signal=20%	
GOCC_SPECIFIC_GRANULE_MEMBRANE	GOCC_SPECIFIC_GRANULE_MEMBRANE		67	0.27957428	1.1432763	0.21359223	0.62332207	1.0	3394	tags=30%, list=22%, signal=38%	
GOBP_CELLULAR_RESPONSE_TO_EXOGENOUS_DSRNA	GOBP_CELLULAR_RESPONSE_TO_EXOGENOUS_DSRNA		17	0.3836972	1.1432536	0.3009009	0.62299216	1.0	1129	tags=24%, list=7%, signal=25%	
GOBP_REGULATION_OF_ACTOMYOSIN_STRUCTURE_ORGANIZATION	GOBP_REGULATION_OF_ACTOMYOSIN_STRUCTURE_ORGANIZATION		83	0.26818043	1.1429337	0.22185971	0.6236101	1.0	3708	tags=33%, list=25%, signal=43%	
HP_PERIORBITAL_EDEMA	HP_PERIORBITAL_EDEMA		94	0.26109543	1.1428124	0.22979398	0.6235871	1.0	3367	tags=26%, list=22%, signal=33%	
HP_AUTOIMMUNITY	HP_AUTOIMMUNITY		245	0.22658284	1.1427504	0.16023739	0.62338454	1.0	4294	tags=33%, list=28%, signal=45%	
GOBP_MAST_CELL_ACTIVATION	GOBP_MAST_CELL_ACTIVATION		55	0.28780863	1.1427011	0.2352	0.6231435	1.0	3666	tags=35%, list=24%, signal=45%	
GOBP_RESPONSE_TO_METAL_ION	GOBP_RESPONSE_TO_METAL_ION		288	0.2224255	1.1425638	0.15287517	0.6231891	1.0	3899	tags=31%, list=26%, signal=41%	
HP_MINIMAL_CHANGE_GLOMERULONEPHRITIS	HP_MINIMAL_CHANGE_GLOMERULONEPHRITIS		33	0.32308656	1.1425018	0.28222996	0.62299424	1.0	1821	tags=18%, list=12%, signal=21%	
GOMF_ACETYLCHOLINE_RECEPTOR_ACTIVITY	GOMF_ACETYLCHOLINE_RECEPTOR_ACTIVITY		27	0.34112078	1.1423614	0.27826086	0.62307185	1.0	1887	tags=33%, list=12%, signal=38%	
GOBP_PENTOSE_PHOSPHATE_SHUNT	GOBP_PENTOSE_PHOSPHATE_SHUNT		17	0.38763064	1.1423361	0.2825688	0.6227556	1.0	2480	tags=41%, list=16%, signal=49%	
GOMF_ACTIVE_TRANSMEMBRANE_TRANSPORTER_ACTIVITY	GOMF_ACTIVE_TRANSMEMBRANE_TRANSPORTER_ACTIVITY		375	0.21608488	1.1422412	0.12398922	0.62264806	1.0	2105	tags=17%, list=14%, signal=19%	
GOBP_LEUKOCYTE_DEGRANULATION	GOBP_LEUKOCYTE_DEGRANULATION		62	0.28414974	1.1419672	0.22167487	0.62312907	1.0	5078	tags=48%, list=34%, signal=73%	
HP_ABNORMALITY_OF_THE_ELBOW	HP_ABNORMALITY_OF_THE_ELBOW		253	0.22602446	1.1419401	0.15220484	0.62282425	1.0	1946	tags=16%, list=13%, signal=18%	
HP_ABNORMALITY_OF_THE_GINGIVA	HP_ABNORMALITY_OF_THE_GINGIVA		195	0.23381929	1.1418577	0.16309012	0.62269515	1.0	4263	tags=33%, list=28%, signal=45%	
HP_ABNORMAL_IMMUNE_SERUM_PROTEIN_PHYSIOLOGY	HP_ABNORMAL_IMMUNE_SERUM_PROTEIN_PHYSIOLOGY		39	0.30921248	1.1417402	0.2512479	0.6226726	1.0	3451	tags=31%, list=23%, signal=40%	
GOBP_EMBRYONIC_PLACENTA_DEVELOPMENT	GOBP_EMBRYONIC_PLACENTA_DEVELOPMENT		75	0.27143982	1.1414987	0.23278688	0.62304837	1.0	2394	tags=25%, list=16%, signal=30%	
HP_DECREASED_CIRCULATING_ANDROGEN_CONCENTRATION	HP_DECREASED_CIRCULATING_ANDROGEN_CONCENTRATION		56	0.2881621	1.1413693	0.23931624	0.6230952	1.0	2585	tags=23%, list=17%, signal=28%	
GOBP_POSITIVE_REGULATION_OF_MUSCLE_CONTRACTION	GOBP_POSITIVE_REGULATION_OF_MUSCLE_CONTRACTION		43	0.30258623	1.1412141	0.24866785	0.6232164	1.0	5235	tags=49%, list=35%, signal=75%	
GOBP_REGULATION_OF_MUSCLE_CONTRACTION	GOBP_REGULATION_OF_MUSCLE_CONTRACTION		137	0.24320018	1.140941	0.19273302	0.62369007	1.0	4274	tags=36%, list=28%, signal=50%	
GOBP_ECTOPIC_GERM_CELL_PROGRAMMED_CELL_DEATH	GOBP_ECTOPIC_GERM_CELL_PROGRAMMED_CELL_DEATH		16	0.38204053	1.14084	0.25666666	0.6235991	1.0	1907	tags=31%, list=13%, signal=36%	
HP_ABNORMAL_ATRIOVENTRICULAR_VALVE_PHYSIOLOGY	HP_ABNORMAL_ATRIOVENTRICULAR_VALVE_PHYSIOLOGY		176	0.23638725	1.1408314	0.1924812	0.6232306	1.0	2680	tags=23%, list=18%, signal=28%	
HP_HEPATITIS	HP_HEPATITIS		71	0.27082026	1.1407683	0.2359736	0.62303144	1.0	3522	tags=35%, list=23%, signal=46%	
HP_ABNORMAL_NAIL_MORPHOLOGY	HP_ABNORMAL_NAIL_MORPHOLOGY		441	0.21334584	1.1406343	0.14266488	0.6230707	1.0	3407	tags=26%, list=23%, signal=32%	
HP_GLOMERULAR_SCLEROSIS	HP_GLOMERULAR_SCLEROSIS		79	0.2679472	1.140491	0.2350081	0.6231277	1.0	3116	tags=24%, list=21%, signal=30%	
HP_CONSTRICTION_OF_PERIPHERAL_VISUAL_FIELD	HP_CONSTRICTION_OF_PERIPHERAL_VISUAL_FIELD		125	0.24739522	1.1402776	0.22012578	0.623441	1.0	3915	tags=32%, list=26%, signal=43%	
HP_DIABETIC_KETOACIDOSIS	HP_DIABETIC_KETOACIDOSIS		15	0.3925578	1.1402726	0.2919708	0.6230636	1.0	2211	tags=33%, list=15%, signal=39%	
HP_APLASIA_HYPOPLASIA_OF_THE_PATELLA	HP_APLASIA_HYPOPLASIA_OF_THE_PATELLA		29	0.3272668	1.1402011	0.26003492	0.6228785	1.0	4239	tags=38%, list=28%, signal=53%	
HP_HYPERAMMONEMIA	HP_HYPERAMMONEMIA		75	0.27092093	1.1394702	0.23902439	0.62480116	1.0	3719	tags=27%, list=25%, signal=35%	
HP_CUTANEOUS_FINGER_SYNDACTYLY	HP_CUTANEOUS_FINGER_SYNDACTYLY		52	0.29037493	1.1390362	0.22964169	0.62574536	1.0	5336	tags=56%, list=35%, signal=86%	
GOBP_POSITIVE_REGULATION_OF_OLIGODENDROCYTE_DIFFERENTIATION	GOBP_POSITIVE_REGULATION_OF_OLIGODENDROCYTE_DIFFERENTIATION		23	0.34785503	1.1386981	0.2746114	0.6264341	1.0	695	tags=17%, list=5%, signal=18%	
GOBP_PEROXISOME_ORGANIZATION	GOBP_PEROXISOME_ORGANIZATION		35	0.31520715	1.1386521	0.2698145	0.62618893	1.0	3895	tags=31%, list=26%, signal=42%	
GOBP_PROTEIN_AUTOPHOSPHORYLATION	GOBP_PROTEIN_AUTOPHOSPHORYLATION		120	0.24817142	1.1384863	0.22511485	0.62634224	1.0	2981	tags=28%, list=20%, signal=34%	
GOBP_CATECHOL_CONTAINING_COMPOUND_BIOSYNTHETIC_PROCESS	GOBP_CATECHOL_CONTAINING_COMPOUND_BIOSYNTHETIC_PROCESS		19	0.3654189	1.1384826	0.27130434	0.62596434	1.0	3392	tags=42%, list=22%, signal=54%	
GOBP_POSITIVE_REGULATION_OF_ISOTYPE_SWITCHING	GOBP_POSITIVE_REGULATION_OF_ISOTYPE_SWITCHING		19	0.37011445	1.1382608	0.28832117	0.6262541	1.0	759	tags=16%, list=5%, signal=17%	
HP_WRIST_FLEXION_CONTRACTURE	HP_WRIST_FLEXION_CONTRACTURE		34	0.3200319	1.1382056	0.27689594	0.62604	1.0	4182	tags=41%, list=28%, signal=57%	
GOBP_MYELOID_LEUKOCYTE_MIGRATION	GOBP_MYELOID_LEUKOCYTE_MIGRATION		169	0.23734413	1.1379111	0.2057554	0.6265747	1.0	3292	tags=28%, list=22%, signal=36%	
GOBP_REGULATION_OF_ANTIGEN_RECEPTOR_MEDIATED_SIGNALING_PATHWAY	GOBP_REGULATION_OF_ANTIGEN_RECEPTOR_MEDIATED_SIGNALING_PATHWAY		54	0.28486097	1.137863	0.24657534	0.6263437	1.0	3480	tags=31%, list=23%, signal=41%	
GOBP_PHARYNGEAL_SYSTEM_DEVELOPMENT	GOBP_PHARYNGEAL_SYSTEM_DEVELOPMENT		27	0.33694914	1.1377659	0.26902655	0.6262764	1.0	3509	tags=48%, list=23%, signal=63%	
HP_AUTOIMMUNE_HEMOLYTIC_ANEMIA	HP_AUTOIMMUNE_HEMOLYTIC_ANEMIA		34	0.31808177	1.137575	0.25663716	0.62651205	1.0	5026	tags=44%, list=33%, signal=66%	
HP_HEMOLYTIC_UREMIC_SYNDROME	HP_HEMOLYTIC_UREMIC_SYNDROME		16	0.3920455	1.137436	0.2757417	0.6265558	1.0	2188	tags=25%, list=14%, signal=29%	
GOBP_REGULATION_OF_T_CELL_RECEPTOR_SIGNALING_PATHWAY	GOBP_REGULATION_OF_T_CELL_RECEPTOR_SIGNALING_PATHWAY		42	0.30253518	1.137044	0.25172412	0.62735444	1.0	4009	tags=36%, list=27%, signal=48%	
HP_SYNOSTOSIS_OF_CARPALS_TARSALS	HP_SYNOSTOSIS_OF_CARPALS_TARSALS		45	0.3000574	1.1369767	0.24561404	0.62716305	1.0	5641	tags=53%, list=37%, signal=85%	
GOBP_NEURON_PROJECTION_ARBORIZATION	GOBP_NEURON_PROJECTION_ARBORIZATION		32	0.31918135	1.1363865	0.26495728	0.62866765	1.0	1376	tags=22%, list=9%, signal=24%	
HP_ABNORMALITY_OF_THE_CALCANEUS	HP_ABNORMALITY_OF_THE_CALCANEUS		34	0.32033378	1.1358925	0.24684684	0.6298681	1.0	4926	tags=44%, list=33%, signal=65%	
GOBP_FATTY_ACID_TRANSPORT	GOBP_FATTY_ACID_TRANSPORT		89	0.25964502	1.1358583	0.23717949	0.62958735	1.0	1568	tags=16%, list=10%, signal=17%	
HP_SKIN_PIT	HP_SKIN_PIT		72	0.27115843	1.1355969	0.24149108	0.6300345	1.0	3239	tags=31%, list=21%, signal=39%	
HP_CONGENITAL_STATIONARY_NIGHT_BLINDNESS	HP_CONGENITAL_STATIONARY_NIGHT_BLINDNESS		16	0.37858018	1.135544	0.2761733	0.62981135	1.0	2472	tags=38%, list=16%, signal=45%	
GOBP_RESPONSE_TO_GONADOTROPIN	GOBP_RESPONSE_TO_GONADOTROPIN		21	0.36230996	1.1354077	0.28087986	0.6298286	1.0	4310	tags=43%, list=29%, signal=60%	
HP_ABNORMAL_MEGAKARYOCYTE_MORPHOLOGY	HP_ABNORMAL_MEGAKARYOCYTE_MORPHOLOGY		24	0.34879258	1.1352704	0.29015544	0.6298542	1.0	4546	tags=50%, list=30%, signal=71%	
GOBP_CELLULAR_RESPONSE_TO_INTERLEUKIN_1	GOBP_CELLULAR_RESPONSE_TO_INTERLEUKIN_1		73	0.26842707	1.1349939	0.23706177	0.63030094	1.0	686	tags=11%, list=5%, signal=11%	
GOBP_FACE_MORPHOGENESIS	GOBP_FACE_MORPHOGENESIS		29	0.3352724	1.1349611	0.278169	0.6300128	1.0	2921	tags=31%, list=19%, signal=38%	
GOMF_SECONDARY_ACTIVE_TRANSMEMBRANE_TRANSPORTER_ACTIVITY	GOMF_SECONDARY_ACTIVE_TRANSMEMBRANE_TRANSPORTER_ACTIVITY		226	0.22845054	1.1348819	0.19013062	0.6298824	1.0	3541	tags=28%, list=23%, signal=36%	
GOBP_REGULATION_OF_TUMOR_NECROSIS_FACTOR_MEDIATED_SIGNALING_PATHWAY	GOBP_REGULATION_OF_TUMOR_NECROSIS_FACTOR_MEDIATED_SIGNALING_PATHWAY		57	0.28742608	1.1348809	0.26795095	0.6294962	1.0	826	tags=16%, list=5%, signal=17%	
HP_BLURRED_VISION	HP_BLURRED_VISION		38	0.3099709	1.1348418	0.28103447	0.6292353	1.0	1382	tags=21%, list=9%, signal=23%	
HP_ACANTHOSIS_NIGRICANS	HP_ACANTHOSIS_NIGRICANS		52	0.28941086	1.1346686	0.27181208	0.62939656	1.0	4825	tags=44%, list=32%, signal=65%	
GOBP_RESPONSE_TO_MECHANICAL_STIMULUS	GOBP_RESPONSE_TO_MECHANICAL_STIMULUS		193	0.23127544	1.1346003	0.19662058	0.6292235	1.0	4101	tags=33%, list=27%, signal=44%	
GOCC_CILIARY_TIP	GOCC_CILIARY_TIP		48	0.29149023	1.1343399	0.25391304	0.6296257	1.0	2217	tags=23%, list=15%, signal=27%	
HP_DICARBOXYLIC_ACIDURIA	HP_DICARBOXYLIC_ACIDURIA		64	0.2736163	1.1335938	0.24722663	0.63159466	1.0	5383	tags=42%, list=36%, signal=65%	
GOBP_NEGATIVE_REGULATION_OF_PHAGOCYTOSIS	GOBP_NEGATIVE_REGULATION_OF_PHAGOCYTOSIS		17	0.37923238	1.1334321	0.283054	0.6317241	1.0	4165	tags=47%, list=28%, signal=65%	
GOBP_GAP_JUNCTION_ASSEMBLY	GOBP_GAP_JUNCTION_ASSEMBLY		17	0.3817256	1.1331902	0.31338027	0.6320974	1.0	1317	tags=29%, list=9%, signal=32%	
HP_CONICAL_INCISOR	HP_CONICAL_INCISOR		38	0.30841485	1.1329746	0.2908778	0.6324163	1.0	3137	tags=29%, list=21%, signal=36%	
GOBP_SEX_DIFFERENTIATION	GOBP_SEX_DIFFERENTIATION		236	0.22567286	1.1328744	0.19111112	0.6323623	1.0	3786	tags=29%, list=25%, signal=38%	
GOBP_REGULATION_OF_ANIMAL_ORGAN_MORPHOGENESIS	GOBP_REGULATION_OF_ANIMAL_ORGAN_MORPHOGENESIS		74	0.26896575	1.1323944	0.2657581	0.6334984	1.0	1618	tags=19%, list=11%, signal=21%	
GOCC_PEPTIDASE_COMPLEX	GOCC_PEPTIDASE_COMPLEX		115	0.24951263	1.132059	0.22706065	0.6341936	1.0	2441	tags=17%, list=16%, signal=21%	
GOMF_FRIZZLED_BINDING	GOMF_FRIZZLED_BINDING		34	0.3193103	1.1320578	0.28	0.63380915	1.0	2639	tags=29%, list=17%, signal=36%	
GOBP_NEURONAL_ACTION_POTENTIAL	GOBP_NEURONAL_ACTION_POTENTIAL		32	0.32065257	1.1317636	0.2632509	0.6343718	1.0	3540	tags=34%, list=23%, signal=45%	
GOBP_ENERGY_RESERVE_METABOLIC_PROCESS	GOBP_ENERGY_RESERVE_METABOLIC_PROCESS		82	0.26229265	1.131745	0.22350994	0.63404125	1.0	4280	tags=37%, list=28%, signal=51%	
HP_PANCYTOPENIA	HP_PANCYTOPENIA		118	0.24497117	1.1314372	0.21169037	0.63462526	1.0	5124	tags=42%, list=34%, signal=62%	
GOBP_NEGATIVE_REGULATION_OF_STEROID_BIOSYNTHETIC_PROCESS	GOBP_NEGATIVE_REGULATION_OF_STEROID_BIOSYNTHETIC_PROCESS		23	0.34773263	1.1310258	0.28495574	0.63555443	1.0	6041	tags=57%, list=40%, signal=94%	
HP_ANTI_ACETYLCHOLINE_RECEPTOR_ANTIBODY_POSITIVITY	HP_ANTI_ACETYLCHOLINE_RECEPTOR_ANTIBODY_POSITIVITY		18	0.37546596	1.1309633	0.2768166	0.6353566	1.0	3247	tags=33%, list=21%, signal=42%	
HP_ABNORMAL_LIVER_METABOLITE_CONCENTRATION	HP_ABNORMAL_LIVER_METABOLITE_CONCENTRATION		170	0.23563877	1.130905	0.2057057	0.63515097	1.0	3937	tags=28%, list=26%, signal=38%	
GOBP_PLACENTA_DEVELOPMENT	GOBP_PLACENTA_DEVELOPMENT		134	0.24448515	1.1308037	0.2179289	0.6351006	1.0	2394	tags=22%, list=16%, signal=25%	
GOMF_CHLORIDE_TRANSMEMBRANE_TRANSPORTER_ACTIVITY	GOMF_CHLORIDE_TRANSMEMBRANE_TRANSPORTER_ACTIVITY		107	0.24872586	1.1307452	0.221519	0.63489234	1.0	3425	tags=33%, list=23%, signal=42%	
GOBP_DETECTION_OF_STIMULUS	GOBP_DETECTION_OF_STIMULUS		184	0.23460464	1.1301922	0.19076923	0.636272	1.0	3764	tags=32%, list=25%, signal=42%	
GOMF_DEATH_RECEPTOR_BINDING	GOMF_DEATH_RECEPTOR_BINDING		19	0.3659863	1.1301421	0.28417265	0.63603175	1.0	530	tags=16%, list=4%, signal=16%	
HP_CORNEAL_DYSTROPHY	HP_CORNEAL_DYSTROPHY		30	0.32263651	1.130074	0.28595892	0.635867	1.0	732	tags=20%, list=5%, signal=21%	
GOBP_CHOLESTEROL_EFFLUX	GOBP_CHOLESTEROL_EFFLUX		42	0.29964188	1.1297712	0.28760332	0.6364719	1.0	808	tags=14%, list=5%, signal=15%	
HP_ABNORMAL_WRIST_PHYSIOLOGY	HP_ABNORMAL_WRIST_PHYSIOLOGY		15	0.4002326	1.129607	0.3032015	0.6365942	1.0	1900	tags=27%, list=13%, signal=30%	
GOBP_REGULATION_OF_KINASE_ACTIVITY	GOBP_REGULATION_OF_KINASE_ACTIVITY		231	0.22543462	1.1294925	0.20118344	0.63656425	1.0	1627	tags=16%, list=11%, signal=17%	
GOBP_REGULATION_OF_CALCIUM_ION_TRANSMEMBRANE_TRANSPORT	GOBP_REGULATION_OF_CALCIUM_ION_TRANSMEMBRANE_TRANSPORT		137	0.24029055	1.1294839	0.2094082	0.6362014	1.0	4712	tags=39%, list=31%, signal=57%	
GOBP_NADPH_REGENERATION	GOBP_NADPH_REGENERATION		22	0.34770498	1.129428	0.3006993	0.63599694	1.0	2480	tags=36%, list=16%, signal=43%	
HP_MALNUTRITION	HP_MALNUTRITION		39	0.30933493	1.1292828	0.25989673	0.63606113	1.0	3705	tags=33%, list=25%, signal=44%	
HP_SHORT_1ST_METACARPAL	HP_SHORT_1ST_METACARPAL		27	0.33475965	1.1292663	0.3017857	0.6357261	1.0	5273	tags=48%, list=35%, signal=74%	
GOBP_PLASMA_MEMBRANE_PHOSPHOLIPID_SCRAMBLING	GOBP_PLASMA_MEMBRANE_PHOSPHOLIPID_SCRAMBLING		24	0.34139696	1.1292176	0.2972028	0.63549227	1.0	3477	tags=42%, list=23%, signal=54%	
HP_INCREASED_CIRCULATING_IGG_CONCENTRATION	HP_INCREASED_CIRCULATING_IGG_CONCENTRATION		24	0.34059435	1.1291903	0.2889306	0.63519484	1.0	5026	tags=38%, list=33%, signal=56%	
HP_NEPHROLITHIASIS	HP_NEPHROLITHIASIS		114	0.24817544	1.1288104	0.23870967	0.6360013	1.0	3269	tags=27%, list=22%, signal=34%	
GOBP_CELL_RECOGNITION	GOBP_CELL_RECOGNITION		124	0.24651615	1.1285609	0.24101797	0.6363803	1.0	1890	tags=19%, list=13%, signal=22%	
HP_SEROSITIS	HP_SEROSITIS		78	0.26410052	1.1284411	0.24398074	0.63637507	1.0	2338	tags=19%, list=15%, signal=23%	
GOBP_REGULATION_OF_CELLULAR_RESPONSE_TO_OXIDATIVE_STRESS	GOBP_REGULATION_OF_CELLULAR_RESPONSE_TO_OXIDATIVE_STRESS		20	0.3571119	1.1284007	0.3027027	0.63611454	1.0	2586	tags=30%, list=17%, signal=36%	
HP_ABNORMAL_NEUTROPHIL_PHYSIOLOGY	HP_ABNORMAL_NEUTROPHIL_PHYSIOLOGY		16	0.38503784	1.1282492	0.2844365	0.63620704	1.0	3871	tags=38%, list=26%, signal=50%	
HP_FOAMY_URINE	HP_FOAMY_URINE		27	0.33937103	1.1281455	0.28282827	0.63614213	1.0	913	tags=15%, list=6%, signal=16%	
GOBP_COCHLEA_DEVELOPMENT	GOBP_COCHLEA_DEVELOPMENT		48	0.29153863	1.1278093	0.2782324	0.63678616	1.0	1730	tags=25%, list=11%, signal=28%	
HP_METAMORPHOPSIA	HP_METAMORPHOPSIA		36	0.3171746	1.127627	0.27333334	0.6369815	1.0	4734	tags=44%, list=31%, signal=65%	
HP_HYPOPLASIA_OF_THE_MUSCULATURE	HP_HYPOPLASIA_OF_THE_MUSCULATURE		20	0.36828914	1.1276081	0.28288287	0.63665456	1.0	1919	tags=30%, list=13%, signal=34%	
GOBP_T_CELL_RECEPTOR_SIGNALING_PATHWAY	GOBP_T_CELL_RECEPTOR_SIGNALING_PATHWAY		113	0.2506446	1.1275924	0.23492064	0.6363279	1.0	3848	tags=32%, list=25%, signal=42%	
HP_UROGENITAL_SINUS_ANOMALY	HP_UROGENITAL_SINUS_ANOMALY		15	0.3898814	1.1271868	0.30035335	0.63721937	1.0	213	tags=13%, list=1%, signal=14%	
HP_LAMBDOIDAL_CRANIOSYNOSTOSIS	HP_LAMBDOIDAL_CRANIOSYNOSTOSIS		16	0.37885395	1.1263484	0.29294756	0.6394823	1.0	3167	tags=31%, list=21%, signal=39%	
HP_MYALGIA	HP_MYALGIA		151	0.23712422	1.1263182	0.20305343	0.6391928	1.0	4573	tags=36%, list=30%, signal=52%	
HP_ANKLE_WEAKNESS	HP_ANKLE_WEAKNESS		16	0.3806452	1.1261533	0.30810812	0.6393317	1.0	3801	tags=44%, list=25%, signal=58%	
GOBP_CARDIAC_MYOFIBRIL_ASSEMBLY	GOBP_CARDIAC_MYOFIBRIL_ASSEMBLY		16	0.38344142	1.1259515	0.2920354	0.6396022	1.0	301	tags=19%, list=2%, signal=19%	
HP_PSEUDOEPIPHYSES	HP_PSEUDOEPIPHYSES		18	0.3720594	1.1254144	0.28219697	0.6409591	1.0	1514	tags=28%, list=10%, signal=31%	
GOBP_POSITIVE_REGULATION_OF_CELL_SUBSTRATE_ADHESION	GOBP_POSITIVE_REGULATION_OF_CELL_SUBSTRATE_ADHESION		109	0.25163856	1.1251234	0.2534776	0.64151436	1.0	2514	tags=21%, list=17%, signal=25%	
HP_APLASIA_HYPOPLASIA_OF_THE_MIDDLE_PHALANGES_OF_THE_HAND	HP_APLASIA_HYPOPLASIA_OF_THE_MIDDLE_PHALANGES_OF_THE_HAND		53	0.27935374	1.1244729	0.24834438	0.64320815	1.0	1376	tags=17%, list=9%, signal=19%	
HP_ESOPHAGEAL_STENOSIS	HP_ESOPHAGEAL_STENOSIS		27	0.33926222	1.1243509	0.2752	0.64321816	1.0	3224	tags=30%, list=21%, signal=38%	
GOBP_ENAMEL_MINERALIZATION	GOBP_ENAMEL_MINERALIZATION		15	0.37881854	1.1240401	0.30755064	0.6438122	1.0	5178	tags=53%, list=34%, signal=81%	
GOBP_RESPONSE_TO_ESTRADIOL	GOBP_RESPONSE_TO_ESTRADIOL		96	0.25638202	1.1240011	0.24707846	0.64354974	1.0	4248	tags=33%, list=28%, signal=46%	
HP_NECK_FLEXOR_WEAKNESS	HP_NECK_FLEXOR_WEAKNESS		37	0.3045201	1.1236954	0.28711256	0.6441239	1.0	3944	tags=41%, list=26%, signal=55%	
GOBP_WATER_TRANSPORT	GOBP_WATER_TRANSPORT		18	0.364624	1.1236914	0.3088512	0.6437515	1.0	473	tags=17%, list=3%, signal=17%	
GOBP_REGULATION_OF_COLLAGEN_METABOLIC_PROCESS	GOBP_REGULATION_OF_COLLAGEN_METABOLIC_PROCESS		35	0.31411874	1.1233504	0.275	0.64449376	1.0	3329	tags=34%, list=22%, signal=44%	
GOCC_MICROTUBULE	GOCC_MICROTUBULE		439	0.2099785	1.1232985	0.15994623	0.6442831	1.0	3179	tags=25%, list=21%, signal=30%	
HP_NYCTALOPIA	HP_NYCTALOPIA		195	0.23020151	1.1232197	0.18658893	0.6441582	1.0	4607	tags=35%, list=30%, signal=50%	
HP_ABNORMAL_BONE_MARROW_CELL_MORPHOLOGY	HP_ABNORMAL_BONE_MARROW_CELL_MORPHOLOGY		198	0.22844382	1.1231827	0.21375187	0.64389855	1.0	4267	tags=33%, list=28%, signal=46%	
GOMF_CHLORIDE_CHANNEL_ACTIVITY	GOMF_CHLORIDE_CHANNEL_ACTIVITY		79	0.26293626	1.1231546	0.24090122	0.64360386	1.0	4064	tags=42%, list=27%, signal=57%	
GOBP_ARTERY_MORPHOGENESIS	GOBP_ARTERY_MORPHOGENESIS		64	0.27397555	1.1225442	0.25281805	0.64516854	1.0	3203	tags=36%, list=21%, signal=45%	
GOMF_CYSTEINE_TYPE_ENDOPEPTIDASE_ACTIVITY	GOMF_CYSTEINE_TYPE_ENDOPEPTIDASE_ACTIVITY		101	0.25536072	1.1225218	0.24651162	0.6448579	1.0	2441	tags=22%, list=16%, signal=26%	
GOBP_POSITIVE_REGULATION_OF_JNK_CASCADE	GOBP_POSITIVE_REGULATION_OF_JNK_CASCADE		81	0.25989962	1.1224704	0.272293	0.6446414	1.0	1737	tags=20%, list=11%, signal=22%	
GOBP_PROTEIN_IMPORT_INTO_PEROXISOME_MATRIX	GOBP_PROTEIN_IMPORT_INTO_PEROXISOME_MATRIX		15	0.39585054	1.1223302	0.31560284	0.6447064	1.0	3895	tags=40%, list=26%, signal=54%	
GOBP_NUCLEOSIDE_MONOPHOSPHATE_CATABOLIC_PROCESS	GOBP_NUCLEOSIDE_MONOPHOSPHATE_CATABOLIC_PROCESS		18	0.37056738	1.1220117	0.3138686	0.6453035	1.0	3002	tags=33%, list=20%, signal=42%	
GOMF_NAD_BINDING	GOMF_NAD_BINDING		50	0.29014644	1.1219732	0.2763819	0.6450488	1.0	2642	tags=24%, list=17%, signal=29%	
HP_MISCARRIAGE	HP_MISCARRIAGE		20	0.3637931	1.1219293	0.296846	0.6448119	1.0	2988	tags=40%, list=20%, signal=50%	
GOBP_REGULATION_OF_EPIDERMIS_DEVELOPMENT	GOBP_REGULATION_OF_EPIDERMIS_DEVELOPMENT		48	0.28745705	1.1218494	0.27741936	0.6446853	1.0	2739	tags=25%, list=18%, signal=30%	
GOBP_NEGATIVE_REGULATION_OF_BLOOD_PRESSURE	GOBP_NEGATIVE_REGULATION_OF_BLOOD_PRESSURE		35	0.31275782	1.1217258	0.28366247	0.6447115	1.0	3705	tags=31%, list=25%, signal=42%	
GOBP_NEGATIVE_REGULATION_OF_INFLAMMASOME_MEDIATED_SIGNALING_PATHWAY	GOBP_NEGATIVE_REGULATION_OF_INFLAMMASOME_MEDIATED_SIGNALING_PATHWAY		17	0.3731532	1.1211822	0.29480737	0.6460932	1.0	2901	tags=35%, list=19%, signal=44%	
GOBP_AUDITORY_RECEPTOR_CELL_STEREOCILIUM_ORGANIZATION	GOBP_AUDITORY_RECEPTOR_CELL_STEREOCILIUM_ORGANIZATION		16	0.38963684	1.12104	0.3151184	0.64615613	1.0	6019	tags=63%, list=40%, signal=104%	
GOBP_POSITIVE_REGULATION_OF_HORMONE_SECRETION	GOBP_POSITIVE_REGULATION_OF_HORMONE_SECRETION		123	0.2435639	1.1206608	0.23287672	0.64700377	1.0	4265	tags=36%, list=28%, signal=49%	
GOBP_REGULATION_OF_MULTICELLULAR_ORGANISM_GROWTH	GOBP_REGULATION_OF_MULTICELLULAR_ORGANISM_GROWTH		53	0.28863823	1.1204857	0.27013424	0.6471535	1.0	3508	tags=30%, list=23%, signal=39%	
HP_ULNAR_DEVIATION_OF_FINGER	HP_ULNAR_DEVIATION_OF_FINGER		28	0.3307973	1.1203748	0.29307282	0.64712477	1.0	4500	tags=39%, list=30%, signal=56%	
HP_PREAXIAL_FOOT_POLYDACTYLY	HP_PREAXIAL_FOOT_POLYDACTYLY		18	0.3706014	1.1203398	0.3288719	0.64686006	1.0	1514	tags=22%, list=10%, signal=25%	
GOBP_SULFUR_AMINO_ACID_METABOLIC_PROCESS	GOBP_SULFUR_AMINO_ACID_METABOLIC_PROCESS		27	0.32945365	1.1199244	0.3130755	0.64785284	1.0	4256	tags=41%, list=28%, signal=57%	
GOBP_CAMERA_TYPE_EYE_MORPHOGENESIS	GOBP_CAMERA_TYPE_EYE_MORPHOGENESIS		122	0.24281055	1.1199044	0.24416797	0.6475355	1.0	2891	tags=25%, list=19%, signal=31%	
GOBP_AUDITORY_RECEPTOR_CELL_DEVELOPMENT	GOBP_AUDITORY_RECEPTOR_CELL_DEVELOPMENT		22	0.34625435	1.1198599	0.29322034	0.6472859	1.0	6019	tags=59%, list=40%, signal=98%	
GOBP_REGULATION_OF_PROTEIN_SERINE_THREONINE_KINASE_ACTIVITY	GOBP_REGULATION_OF_PROTEIN_SERINE_THREONINE_KINASE_ACTIVITY		111	0.24976696	1.1197591	0.2266881	0.647223	1.0	1559	tags=17%, list=10%, signal=19%	
HP_APLASIA_HYPOPLASIA_OF_THE_RADIUS	HP_APLASIA_HYPOPLASIA_OF_THE_RADIUS		73	0.2653446	1.1191686	0.2681388	0.6487186	1.0	1731	tags=18%, list=11%, signal=20%	
GOCC_PROTEASOME_COMPLEX	GOCC_PROTEASOME_COMPLEX		58	0.27716333	1.1184841	0.24958678	0.6505301	1.0	2439	tags=17%, list=16%, signal=20%	
HP_ECTODERMAL_DYSPLASIA	HP_ECTODERMAL_DYSPLASIA		24	0.33808735	1.1184384	0.29982364	0.65029365	1.0	4627	tags=50%, list=31%, signal=72%	
GOBP_SKELETAL_SYSTEM_DEVELOPMENT	GOBP_SKELETAL_SYSTEM_DEVELOPMENT		477	0.20714721	1.1183705	0.1619171	0.650155	1.0	3780	tags=29%, list=25%, signal=37%	
HP_ABNORMAL_HUMERUS_MORPHOLOGY	HP_ABNORMAL_HUMERUS_MORPHOLOGY		62	0.27219495	1.1183285	0.26929393	0.6498901	1.0	2921	tags=21%, list=19%, signal=26%	
HP_ABNORMAL_CIRCULATING_FOLLICLE_STIMULATING_HORMONE_CONCENTRATION	HP_ABNORMAL_CIRCULATING_FOLLICLE_STIMULATING_HORMONE_CONCENTRATION		71	0.26602495	1.117932	0.27687296	0.6507856	1.0	2540	tags=23%, list=17%, signal=27%	
HP_CAPILLARY_MALFORMATION	HP_CAPILLARY_MALFORMATION		54	0.2841759	1.1176895	0.2713816	0.6511917	1.0	3507	tags=30%, list=23%, signal=38%	
GOBP_ARACHIDONATE_METABOLIC_PROCESS	GOBP_ARACHIDONATE_METABOLIC_PROCESS		32	0.3153091	1.1176113	0.29706392	0.65105516	1.0	3047	tags=31%, list=20%, signal=39%	
GOBP_REGULATION_OF_CATECHOLAMINE_METABOLIC_PROCESS	GOBP_REGULATION_OF_CATECHOLAMINE_METABOLIC_PROCESS		18	0.37641016	1.1174167	0.315508	0.6512924	1.0	4706	tags=61%, list=31%, signal=89%	
GOCC_ACTIN_CYTOSKELETON	GOCC_ACTIN_CYTOSKELETON		459	0.20865583	1.1172829	0.17829457	0.6513335	1.0	2154	tags=19%, list=14%, signal=21%	
HP_EXERCISE_INDUCED_MYALGIA	HP_EXERCISE_INDUCED_MYALGIA		32	0.3166322	1.1171801	0.29316548	0.6512424	1.0	4123	tags=38%, list=27%, signal=51%	
HP_REDUCED_TOTAL_NATURAL_KILLER_CELL_COUNT	HP_REDUCED_TOTAL_NATURAL_KILLER_CELL_COUNT		24	0.34200785	1.1171786	0.29749104	0.6508661	1.0	3436	tags=38%, list=23%, signal=48%	
HP_ABNORMALITY_OF_THE_PANCREAS	HP_ABNORMALITY_OF_THE_PANCREAS		262	0.21945268	1.1168453	0.22253521	0.651536	1.0	4110	tags=29%, list=27%, signal=40%	
GOBP_POSITIVE_REGULATION_OF_PHOSPHORUS_METABOLIC_PROCESS	GOBP_POSITIVE_REGULATION_OF_PHOSPHORUS_METABOLIC_PROCESS		279	0.21785694	1.1168319	0.21721311	0.6512022	1.0	3667	tags=28%, list=24%, signal=36%	
GOBP_NON_PROTEINOGENIC_AMINO_ACID_METABOLIC_PROCESS	GOBP_NON_PROTEINOGENIC_AMINO_ACID_METABOLIC_PROCESS		53	0.28234917	1.1167092	0.2733686	0.6512111	1.0	2892	tags=25%, list=19%, signal=30%	
HP_FIBULAR_HYPOPLASIA	HP_FIBULAR_HYPOPLASIA		22	0.3541069	1.1166605	0.30756015	0.65099895	1.0	1746	tags=18%, list=12%, signal=21%	
GOCC_FICOLIN_1_RICH_GRANULE_LUMEN	GOCC_FICOLIN_1_RICH_GRANULE_LUMEN		109	0.2474275	1.1163567	0.26802507	0.65158767	1.0	4157	tags=34%, list=28%, signal=46%	
GOMF_STEROID_BINDING	GOMF_STEROID_BINDING		95	0.25578567	1.1163025	0.26841244	0.6513792	1.0	3286	tags=29%, list=22%, signal=37%	
GOBP_CELLULAR_RESPONSE_TO_CALCIUM_ION	GOBP_CELLULAR_RESPONSE_TO_CALCIUM_ION		66	0.2679246	1.1162066	0.248	0.6513003	1.0	3866	tags=33%, list=26%, signal=45%	
GOBP_POSITIVE_REGULATION_OF_VASCULATURE_DEVELOPMENT	GOBP_POSITIVE_REGULATION_OF_VASCULATURE_DEVELOPMENT		138	0.23715623	1.1160033	0.23404256	0.6515688	1.0	2613	tags=23%, list=17%, signal=28%	
HP_ABNORMAL_CIRCULATING_VITAMIN_B12_CONCENTRATION	HP_ABNORMAL_CIRCULATING_VITAMIN_B12_CONCENTRATION		22	0.35091195	1.115753	0.3090586	0.6519722	1.0	6216	tags=64%, list=41%, signal=108%	
GOBP_RESPONSE_TO_GLUCAGON	GOBP_RESPONSE_TO_GLUCAGON		18	0.36619425	1.1157508	0.31215972	0.6516017	1.0	3315	tags=33%, list=22%, signal=43%	
GOBP_GLUCOSE_METABOLIC_PROCESS	GOBP_GLUCOSE_METABOLIC_PROCESS		164	0.2322599	1.1155093	0.22685185	0.65199995	1.0	4136	tags=31%, list=27%, signal=42%	
HP_ABNORMALITY_OF_THE_OVARY	HP_ABNORMALITY_OF_THE_OVARY		187	0.2293031	1.1154516	0.22205882	0.6518255	1.0	5106	tags=42%, list=34%, signal=62%	
GOBP_CELL_JUNCTION_DISASSEMBLY	GOBP_CELL_JUNCTION_DISASSEMBLY		26	0.33417436	1.1149275	0.31663686	0.6531081	1.0	2058	tags=27%, list=14%, signal=31%	
GOBP_T_CELL_DIFFERENTIATION	GOBP_T_CELL_DIFFERENTIATION		240	0.2232135	1.1148285	0.19705883	0.65304244	1.0	3736	tags=31%, list=25%, signal=41%	
GOBP_ORGANIC_HYDROXY_COMPOUND_TRANSPORT	GOBP_ORGANIC_HYDROXY_COMPOUND_TRANSPORT		217	0.22411449	1.1147947	0.2193646	0.6527722	1.0	5057	tags=42%, list=33%, signal=63%	
HP_ABNORMAL_SACRUM_MORPHOLOGY	HP_ABNORMAL_SACRUM_MORPHOLOGY		143	0.23498008	1.1143495	0.23765433	0.6538127	1.0	2094	tags=19%, list=14%, signal=22%	
HP_RETINAL_DYSTROPHY	HP_RETINAL_DYSTROPHY		326	0.2143447	1.114241	0.19088319	0.6537841	1.0	3915	tags=30%, list=26%, signal=39%	
GOBP_NEGATIVE_REGULATION_OF_CELL_CELL_ADHESION	GOBP_NEGATIVE_REGULATION_OF_CELL_CELL_ADHESION		155	0.23553863	1.1139536	0.2203898	0.6542989	1.0	3375	tags=27%, list=22%, signal=35%	
GOBP_NUCLEOTIDE_BINDING_DOMAIN_LEUCINE_RICH_REPEAT_CONTAINING_RECEPTOR_SIGNALING_PATHWAY	GOBP_NUCLEOTIDE_BINDING_DOMAIN_LEUCINE_RICH_REPEAT_CONTAINING_RECEPTOR_SIGNALING_PATHWAY		23	0.34772196	1.1138663	0.30545455	0.65418184	1.0	1119	tags=22%, list=7%, signal=23%	
HP_ABNORMAL_URINE_AMINO_ACID_LEVEL	HP_ABNORMAL_URINE_AMINO_ACID_LEVEL		114	0.2427161	1.1133677	0.2596006	0.65533304	1.0	4731	tags=37%, list=31%, signal=53%	
HP_ARTHRITIS	HP_ARTHRITIS		195	0.22917737	1.1133065	0.23802395	0.6551596	1.0	3116	tags=24%, list=21%, signal=29%	
GOBP_RESPONSE_TO_LEPTIN	GOBP_RESPONSE_TO_LEPTIN		16	0.38165563	1.1131076	0.31261426	0.6554036	1.0	627	tags=19%, list=4%, signal=20%	
HP_FAILURE_TO_THRIVE_IN_INFANCY	HP_FAILURE_TO_THRIVE_IN_INFANCY		108	0.24688461	1.1130292	0.2570533	0.6552869	1.0	2729	tags=22%, list=18%, signal=27%	
GOBP_CELL_CELL_JUNCTION_ORGANIZATION	GOBP_CELL_CELL_JUNCTION_ORGANIZATION		186	0.22847609	1.1130207	0.2246696	0.6549364	1.0	2661	tags=23%, list=18%, signal=27%	
GOBP_REGULATION_OF_EXOCYTOSIS	GOBP_REGULATION_OF_EXOCYTOSIS		166	0.232029	1.1129429	0.23442137	0.6547989	1.0	3275	tags=27%, list=22%, signal=34%	
GOBP_ISOPRENOID_BIOSYNTHETIC_PROCESS	GOBP_ISOPRENOID_BIOSYNTHETIC_PROCESS		24	0.34067172	1.1129014	0.31729054	0.65454376	1.0	4850	tags=46%, list=32%, signal=67%	
GOBP_SENSORY_PERCEPTION	GOBP_SENSORY_PERCEPTION		450	0.20838116	1.1124752	0.17024128	0.655522	1.0	3098	tags=25%, list=21%, signal=31%	
HP_SYMPTOMATIC_SEIZURES	HP_SYMPTOMATIC_SEIZURES		29	0.3232703	1.112426	0.29586777	0.65529996	1.0	2211	tags=31%, list=15%, signal=36%	
GOBP_PROTEOGLYCAN_CATABOLIC_PROCESS	GOBP_PROTEOGLYCAN_CATABOLIC_PROCESS		17	0.37674603	1.1123078	0.29896906	0.6552846	1.0	2848	tags=24%, list=19%, signal=29%	
GOBP_RESPONSE_TO_CALCIUM_ION	GOBP_RESPONSE_TO_CALCIUM_ION		117	0.2430563	1.1122472	0.26134586	0.6551036	1.0	3866	tags=32%, list=26%, signal=42%	
HP_HYPOPLASTIC_TOENAILS	HP_HYPOPLASTIC_TOENAILS		69	0.2659633	1.1121916	0.25900516	0.65489405	1.0	4339	tags=38%, list=29%, signal=53%	
HP_DEATH_IN_ADOLESCENCE	HP_DEATH_IN_ADOLESCENCE		19	0.3598751	1.1120555	0.33333334	0.6549456	1.0	4223	tags=47%, list=28%, signal=66%	
HP_SELECTIVE_TOOTH_AGENESIS	HP_SELECTIVE_TOOTH_AGENESIS		44	0.2946319	1.1119746	0.29491526	0.6548358	1.0	2708	tags=25%, list=18%, signal=30%	
GOBP_TRIGLYCERIDE_CATABOLIC_PROCESS	GOBP_TRIGLYCERIDE_CATABOLIC_PROCESS		23	0.3503984	1.111723	0.2976827	0.6552613	1.0	4776	tags=48%, list=32%, signal=70%	
GOBP_PEPTIDE_ANTIGEN_ASSEMBLY_WITH_MHC_PROTEIN_COMPLEX	GOBP_PEPTIDE_ANTIGEN_ASSEMBLY_WITH_MHC_PROTEIN_COMPLEX		16	0.37267515	1.1116024	0.31978798	0.6552522	1.0	1982	tags=25%, list=13%, signal=29%	
GOBP_POSITIVE_REGULATION_OF_NEUROTRANSMITTER_SECRETION	GOBP_POSITIVE_REGULATION_OF_NEUROTRANSMITTER_SECRETION		15	0.38200122	1.1113721	0.32588455	0.65560126	1.0	5027	tags=60%, list=33%, signal=90%	
GOBP_RESPONSE_TO_PROGESTERONE	GOBP_RESPONSE_TO_PROGESTERONE		29	0.32159165	1.1109203	0.31301484	0.65664846	1.0	5258	tags=62%, list=35%, signal=95%	
GOBP_SKELETAL_SYSTEM_MORPHOGENESIS	GOBP_SKELETAL_SYSTEM_MORPHOGENESIS		205	0.22549516	1.1107002	0.23607038	0.65696496	1.0	2975	tags=26%, list=20%, signal=32%	
GOBP_REGULATION_OF_TUBE_SIZE	GOBP_REGULATION_OF_TUBE_SIZE		128	0.24105687	1.1105444	0.24840765	0.65708655	1.0	4893	tags=42%, list=32%, signal=62%	
GOBP_B_CELL_ACTIVATION	GOBP_B_CELL_ACTIVATION		211	0.2239641	1.1105427	0.2485294	0.6567172	1.0	2865	tags=21%, list=19%, signal=26%	
HP_INSPIRATORY_STRIDOR	HP_INSPIRATORY_STRIDOR		15	0.38104925	1.1103202	0.34690267	0.6570423	1.0	1919	tags=20%, list=13%, signal=23%	
HP_ABNORMAL_CONSUMPTION_BEHAVIOR	HP_ABNORMAL_CONSUMPTION_BEHAVIOR		214	0.22437395	1.1101742	0.21589205	0.65714365	1.0	3412	tags=27%, list=23%, signal=35%	
GOBP_GLYCEROPHOSPHOLIPID_CATABOLIC_PROCESS	GOBP_GLYCEROPHOSPHOLIPID_CATABOLIC_PROCESS		27	0.32390416	1.1097816	0.3123967	0.6580385	1.0	1795	tags=22%, list=12%, signal=25%	
GOBP_INTERLEUKIN_13_PRODUCTION	GOBP_INTERLEUKIN_13_PRODUCTION		15	0.3927517	1.1094058	0.32562277	0.658871	1.0	1718	tags=27%, list=11%, signal=30%	
GOBP_REGULATION_OF_CD4_POSITIVE_ALPHA_BETA_T_CELL_DIFFERENTIATION	GOBP_REGULATION_OF_CD4_POSITIVE_ALPHA_BETA_T_CELL_DIFFERENTIATION		41	0.295555	1.1094047	0.3123967	0.65849876	1.0	3375	tags=34%, list=22%, signal=44%	
HP_SPINAL_RIGIDITY	HP_SPINAL_RIGIDITY		50	0.28420824	1.1093228	0.27226028	0.658378	1.0	5008	tags=48%, list=33%, signal=72%	
GOCC_HIGH_DENSITY_LIPOPROTEIN_PARTICLE	GOCC_HIGH_DENSITY_LIPOPROTEIN_PARTICLE		16	0.379675	1.1091669	0.3267148	0.65852314	1.0	2856	tags=31%, list=19%, signal=38%	
GOBP_POSITIVE_REGULATION_OF_CALCIUM_ION_DEPENDENT_EXOCYTOSIS	GOBP_POSITIVE_REGULATION_OF_CALCIUM_ION_DEPENDENT_EXOCYTOSIS		15	0.39024833	1.1090709	0.34168157	0.65845037	1.0	2703	tags=33%, list=18%, signal=41%	
GOBP_DEVELOPMENT_OF_PRIMARY_SEXUAL_CHARACTERISTICS	GOBP_DEVELOPMENT_OF_PRIMARY_SEXUAL_CHARACTERISTICS		201	0.22536483	1.1088902	0.22727273	0.6586566	1.0	3786	tags=29%, list=25%, signal=38%	
GOMF_TRIACYLGLYCEROL_LIPASE_ACTIVITY	GOMF_TRIACYLGLYCEROL_LIPASE_ACTIVITY		19	0.36828917	1.1088107	0.3115942	0.6585339	1.0	822	tags=21%, list=5%, signal=22%	
HP_ANODONTIA	HP_ANODONTIA		18	0.3707223	1.1086316	0.318264	0.658737	1.0	3159	tags=33%, list=21%, signal=42%	
GOBP_REGULATION_OF_RAS_PROTEIN_SIGNAL_TRANSDUCTION	GOBP_REGULATION_OF_RAS_PROTEIN_SIGNAL_TRANSDUCTION		47	0.2878759	1.1085757	0.2826087	0.6585473	1.0	2751	tags=28%, list=18%, signal=34%	
HP_PARAKERATOSIS	HP_PARAKERATOSIS		27	0.32738206	1.1085205	0.29432625	0.6583497	1.0	4123	tags=37%, list=27%, signal=51%	
GOBP_POSITIVE_REGULATION_OF_MEIOTIC_CELL_CYCLE	GOBP_POSITIVE_REGULATION_OF_MEIOTIC_CELL_CYCLE		21	0.3530771	1.1084946	0.33035713	0.65807706	1.0	1915	tags=29%, list=13%, signal=33%	
HP_ABNORMAL_EPIPHYSIS_MORPHOLOGY	HP_ABNORMAL_EPIPHYSIS_MORPHOLOGY		250	0.22038761	1.1084716	0.23775215	0.65777653	1.0	4267	tags=32%, list=28%, signal=43%	
HP_PERSISTENCE_OF_PRIMARY_TEETH	HP_PERSISTENCE_OF_PRIMARY_TEETH		25	0.33072308	1.1084435	0.31428573	0.65750104	1.0	1911	tags=24%, list=13%, signal=27%	
GOCC_HIPPOCAMPAL_MOSSY_FIBER_TO_CA3_SYNAPSE	GOCC_HIPPOCAMPAL_MOSSY_FIBER_TO_CA3_SYNAPSE		42	0.29064396	1.1082534	0.275	0.6577221	1.0	3283	tags=29%, list=22%, signal=36%	
HP_EPICANTHUS_INVERSUS	HP_EPICANTHUS_INVERSUS		15	0.38087317	1.1081898	0.34408602	0.65753824	1.0	2460	tags=27%, list=16%, signal=32%	
HP_ABNORMAL_LEUKOCYTE_PHYSIOLOGY	HP_ABNORMAL_LEUKOCYTE_PHYSIOLOGY		280	0.21778719	1.1077706	0.21	0.6585222	1.0	2981	tags=22%, list=20%, signal=27%	
HP_ACUTE_HEPATIC_FAILURE	HP_ACUTE_HEPATIC_FAILURE		31	0.32091624	1.1075543	0.29915968	0.6588265	1.0	4712	tags=55%, list=31%, signal=80%	
GOBP_PHOSPHATIDYLCHOLINE_METABOLIC_PROCESS	GOBP_PHOSPHATIDYLCHOLINE_METABOLIC_PROCESS		62	0.27216062	1.1072179	0.2890995	0.6594934	1.0	1131	tags=16%, list=7%, signal=17%	
HP_ABSENCE_OF_SECONDARY_SEX_CHARACTERISTICS	HP_ABSENCE_OF_SECONDARY_SEX_CHARACTERISTICS		33	0.30493996	1.107212	0.30224526	0.6591394	1.0	1800	tags=21%, list=12%, signal=24%	
HP_APLASIA_HYPOPLASIA_OF_THE_PHALANGES_OF_THE_THUMB	HP_APLASIA_HYPOPLASIA_OF_THE_PHALANGES_OF_THE_THUMB		44	0.2977745	1.1071165	0.3015873	0.65907526	1.0	5336	tags=45%, list=35%, signal=70%	
GOMF_CARBOXYPEPTIDASE_ACTIVITY	GOMF_CARBOXYPEPTIDASE_ACTIVITY		43	0.29765096	1.1070753	0.29734218	0.65882593	1.0	2454	tags=28%, list=16%, signal=33%	
GOBP_CELLULAR_RESPONSE_TO_RETINOIC_ACID	GOBP_CELLULAR_RESPONSE_TO_RETINOIC_ACID		58	0.2728391	1.1059862	0.29863483	0.66192174	1.0	2967	tags=28%, list=20%, signal=34%	
HP_ANIRIDIA	HP_ANIRIDIA		33	0.31239027	1.1058457	0.30555555	0.66197956	1.0	5342	tags=55%, list=35%, signal=84%	
GOBP_MONOAMINE_TRANSPORT	GOBP_MONOAMINE_TRANSPORT		61	0.2735426	1.1058203	0.2832551	0.6616911	1.0	5027	tags=52%, list=33%, signal=78%	
GOBP_NUCLEOSIDE_PHOSPHATE_BIOSYNTHETIC_PROCESS	GOBP_NUCLEOSIDE_PHOSPHATE_BIOSYNTHETIC_PROCESS		277	0.2151912	1.1049769	0.2231884	0.6640086	1.0	2480	tags=19%, list=16%, signal=22%	
GOBP_REGULATION_OF_FEEDING_BEHAVIOR	GOBP_REGULATION_OF_FEEDING_BEHAVIOR		18	0.36700594	1.104874	0.323049	0.6639534	1.0	4523	tags=44%, list=30%, signal=63%	
GOBP_AMELOGENESIS	GOBP_AMELOGENESIS		18	0.3573246	1.1046578	0.3285968	0.6642791	1.0	5178	tags=50%, list=34%, signal=76%	
HP_EYE_POKING	HP_EYE_POKING		16	0.36724576	1.1044221	0.3127341	0.66466916	1.0	3016	tags=31%, list=20%, signal=39%	
GOBP_MEIOTIC_CELL_CYCLE	GOBP_MEIOTIC_CELL_CYCLE		228	0.22120066	1.1043767	0.23748212	0.66445845	1.0	4862	tags=36%, list=32%, signal=52%	
GOBP_CARDIAC_CONDUCTION_SYSTEM_DEVELOPMENT	GOBP_CARDIAC_CONDUCTION_SYSTEM_DEVELOPMENT		32	0.3102705	1.1036116	0.3080895	0.6665316	1.0	4443	tags=38%, list=29%, signal=53%	
GOCC_FICOLIN_1_RICH_GRANULE	GOCC_FICOLIN_1_RICH_GRANULE		150	0.23254131	1.1032231	0.26355422	0.6673833	1.0	4157	tags=33%, list=28%, signal=46%	
GOBP_NEUROTRANSMITTER_UPTAKE	GOBP_NEUROTRANSMITTER_UPTAKE		40	0.2917747	1.1026248	0.3	0.6688966	1.0	3705	tags=35%, list=25%, signal=46%	
GOBP_CIRCADIAN_REGULATION_OF_GENE_EXPRESSION	GOBP_CIRCADIAN_REGULATION_OF_GENE_EXPRESSION		57	0.27753153	1.1026069	0.28780487	0.66858125	1.0	920	tags=12%, list=6%, signal=13%	
GOBP_REGULATION_OF_BONE_REMODELING	GOBP_REGULATION_OF_BONE_REMODELING		35	0.30760667	1.1025234	0.30851063	0.6684892	1.0	2829	tags=34%, list=19%, signal=42%	
HP_MALAISE	HP_MALAISE		27	0.33033645	1.1015044	0.33687943	0.67138416	1.0	1245	tags=19%, list=8%, signal=20%	
HP_ABNORMAL_CIRCULATING_T4_CONCENTRATION	HP_ABNORMAL_CIRCULATING_T4_CONCENTRATION		19	0.35218796	1.1011918	0.334471	0.672035	1.0	4310	tags=47%, list=29%, signal=66%	
GOBP_EPITHELIAL_TUBE_BRANCHING_INVOLVED_IN_LUNG_MORPHOGENESIS	GOBP_EPITHELIAL_TUBE_BRANCHING_INVOLVED_IN_LUNG_MORPHOGENESIS		29	0.32505238	1.1009378	0.32562277	0.6724573	1.0	5595	tags=59%, list=37%, signal=93%	
GOMF_PHOSPHATIDYLINOSITOL_4_5_BISPHOSPHATE_BINDING	GOMF_PHOSPHATIDYLINOSITOL_4_5_BISPHOSPHATE_BINDING		74	0.260118	1.1006178	0.2689769	0.67306435	1.0	2474	tags=20%, list=16%, signal=24%	
GOBP_POSITIVE_REGULATION_OF_CELL_MATRIX_ADHESION	GOBP_POSITIVE_REGULATION_OF_CELL_MATRIX_ADHESION		46	0.287162	1.0997065	0.27732465	0.6756247	1.0	2514	tags=24%, list=17%, signal=29%	
GOMF_TRANSMEMBRANE_RECEPTOR_PROTEIN_TYROSINE_KINASE_ACTIVATOR_ACTIVITY	GOMF_TRANSMEMBRANE_RECEPTOR_PROTEIN_TYROSINE_KINASE_ACTIVATOR_ACTIVITY		15	0.36893928	1.0995048	0.327451	0.67590445	1.0	3626	tags=33%, list=24%, signal=44%	
HP_OSTEOMYELITIS	HP_OSTEOMYELITIS		59	0.27547035	1.0992681	0.29140127	0.6762966	1.0	4560	tags=39%, list=30%, signal=56%	
GOBP_PURINERGIC_NUCLEOTIDE_RECEPTOR_SIGNALING_PATHWAY	GOBP_PURINERGIC_NUCLEOTIDE_RECEPTOR_SIGNALING_PATHWAY		23	0.33962843	1.0992417	0.31376147	0.67598134	1.0	4540	tags=52%, list=30%, signal=74%	
HP_VARICOSE_VEINS	HP_VARICOSE_VEINS		27	0.3221777	1.0991131	0.32976827	0.6760208	1.0	2596	tags=26%, list=17%, signal=31%	
GOMF_VITAMIN_TRANSMEMBRANE_TRANSPORTER_ACTIVITY	GOMF_VITAMIN_TRANSMEMBRANE_TRANSPORTER_ACTIVITY		29	0.31718296	1.0988686	0.32562277	0.6764304	1.0	1594	tags=24%, list=11%, signal=27%	
HP_RHIZOMELIA	HP_RHIZOMELIA		62	0.27204788	1.0985682	0.30163935	0.67703325	1.0	1700	tags=19%, list=11%, signal=22%	
HP_ABNORMAL_FOREARM_MORPHOLOGY	HP_ABNORMAL_FOREARM_MORPHOLOGY		213	0.22114815	1.0984774	0.25663716	0.6769471	1.0	2094	tags=18%, list=14%, signal=21%	
GOBP_PHOSPHATIDYLGLYCEROL_METABOLIC_PROCESS	GOBP_PHOSPHATIDYLGLYCEROL_METABOLIC_PROCESS		29	0.32315964	1.0983958	0.3232682	0.6768226	1.0	1750	tags=21%, list=12%, signal=23%	
HP_ABNORMALITY_OF_THE_PLANTAR_SKIN_OF_FOOT	HP_ABNORMALITY_OF_THE_PLANTAR_SKIN_OF_FOOT		132	0.2360933	1.0983164	0.26348227	0.6767061	1.0	3367	tags=31%, list=22%, signal=40%	
HP_CHOROIDAL_NEOVASCULARIZATION	HP_CHOROIDAL_NEOVASCULARIZATION		20	0.35257044	1.0980822	0.33938295	0.67711407	1.0	4040	tags=40%, list=27%, signal=55%	
GOBP_ECTODERM_DEVELOPMENT	GOBP_ECTODERM_DEVELOPMENT		17	0.36370093	1.0980005	0.32967034	0.6770047	1.0	1408	tags=29%, list=9%, signal=32%	
HP_ABNORMAL_URINE_PHOSPHATE_CONCENTRATION	HP_ABNORMAL_URINE_PHOSPHATE_CONCENTRATION		21	0.3531378	1.0975293	0.32486388	0.6781825	1.0	872	tags=14%, list=6%, signal=15%	
HP_SYNCOPE	HP_SYNCOPE		91	0.25393474	1.0975182	0.27850163	0.67784035	1.0	3392	tags=30%, list=22%, signal=38%	
GOCC_FILAMENTOUS_ACTIN	GOCC_FILAMENTOUS_ACTIN		27	0.33314314	1.0974925	0.35355285	0.6775595	1.0	1730	tags=19%, list=11%, signal=21%	
HP_MILIA	HP_MILIA		16	0.36788517	1.0971882	0.33152175	0.67813945	1.0	2937	tags=31%, list=19%, signal=39%	
GOBP_POSITIVE_REGULATION_OF_INTERLEUKIN_17_PRODUCTION	GOBP_POSITIVE_REGULATION_OF_INTERLEUKIN_17_PRODUCTION		15	0.38756534	1.097099	0.34280303	0.6780506	1.0	2227	tags=27%, list=15%, signal=31%	
HP_ELEVATED_CIRCULATING_FOLLICLE_STIMULATING_HORMONE_LEVEL	HP_ELEVATED_CIRCULATING_FOLLICLE_STIMULATING_HORMONE_LEVEL		44	0.28907415	1.0954009	0.32656515	0.68313503	1.0	3260	tags=30%, list=22%, signal=38%	
GOBP_CELL_CELL_ADHESION_MEDIATED_BY_INTEGRIN	GOBP_CELL_CELL_ADHESION_MEDIATED_BY_INTEGRIN		15	0.37949812	1.0950636	0.32984293	0.68386644	1.0	1985	tags=20%, list=13%, signal=23%	
GOBP_EYE_MORPHOGENESIS	GOBP_EYE_MORPHOGENESIS		152	0.22987916	1.0947322	0.26986507	0.68456304	1.0	2891	tags=24%, list=19%, signal=30%	
HP_BILATERAL_CLEFT_LIP	HP_BILATERAL_CLEFT_LIP		16	0.37639675	1.0946695	0.34124088	0.6843773	1.0	2283	tags=31%, list=15%, signal=37%	
HP_ABNORMAL_HALLUX_PHALANX_MORPHOLOGY	HP_ABNORMAL_HALLUX_PHALANX_MORPHOLOGY		41	0.29079577	1.0945994	0.31965813	0.6842179	1.0	3788	tags=29%, list=25%, signal=39%	
GOBP_INORGANIC_ION_HOMEOSTASIS	GOBP_INORGANIC_ION_HOMEOSTASIS		431	0.20590861	1.0945028	0.22746186	0.684179	1.0	4738	tags=37%, list=31%, signal=53%	
GOBP_WHITE_FAT_CELL_DIFFERENTIATION	GOBP_WHITE_FAT_CELL_DIFFERENTIATION		16	0.37376878	1.0942774	0.34452298	0.6845386	1.0	3911	tags=50%, list=26%, signal=67%	
GOCC_PROTEASOME_ACCESSORY_COMPLEX	GOCC_PROTEASOME_ACCESSORY_COMPLEX		25	0.33388236	1.0941417	0.3097643	0.68460286	1.0	1343	tags=16%, list=9%, signal=18%	
GOBP_GLUCAN_METABOLIC_PROCESS	GOBP_GLUCAN_METABOLIC_PROCESS		72	0.2597438	1.0940223	0.29821718	0.6846109	1.0	4280	tags=38%, list=28%, signal=52%	
HP_POLYARTICULAR_ARTHROPATHY	HP_POLYARTICULAR_ARTHROPATHY		34	0.31124657	1.0934956	0.32702237	0.68595934	1.0	1245	tags=18%, list=8%, signal=19%	
HP_ABNORMAL_THROMBOSIS	HP_ABNORMAL_THROMBOSIS		155	0.22988756	1.0932173	0.27134147	0.6864928	1.0	3242	tags=25%, list=21%, signal=32%	
GOBP_POSITIVE_REGULATION_OF_MYELOID_LEUKOCYTE_DIFFERENTIATION	GOBP_POSITIVE_REGULATION_OF_MYELOID_LEUKOCYTE_DIFFERENTIATION		45	0.28815165	1.0931224	0.3177893	0.6864251	1.0	3963	tags=36%, list=26%, signal=48%	
HP_NASAL_DYSARTHRIA	HP_NASAL_DYSARTHRIA		32	0.3067146	1.0931202	0.32014388	0.6860562	1.0	1016	tags=16%, list=7%, signal=17%	
GOBP_NEGATIVE_REGULATION_OF_T_HELPER_CELL_DIFFERENTIATION	GOBP_NEGATIVE_REGULATION_OF_T_HELPER_CELL_DIFFERENTIATION		16	0.3774436	1.0930051	0.33450705	0.68605715	1.0	1624	tags=25%, list=11%, signal=28%	
GOCC_CELL_CELL_JUNCTION	GOCC_CELL_CELL_JUNCTION		444	0.20245245	1.0928105	0.21276596	0.6863011	1.0	3103	tags=23%, list=21%, signal=28%	
GOBP_FOLIC_ACID_CONTAINING_COMPOUND_METABOLIC_PROCESS	GOBP_FOLIC_ACID_CONTAINING_COMPOUND_METABOLIC_PROCESS		25	0.33697268	1.0927457	0.3298969	0.6861337	1.0	2586	tags=24%, list=17%, signal=29%	
HP_ABNORMAL_PUBIC_BONE_MORPHOLOGY	HP_ABNORMAL_PUBIC_BONE_MORPHOLOGY		40	0.29664615	1.0925647	0.30704698	0.68636024	1.0	1317	tags=15%, list=9%, signal=16%	
HP_CARPAL_SYNOSTOSIS	HP_CARPAL_SYNOSTOSIS		36	0.29628336	1.0924011	0.32347825	0.686523	1.0	1362	tags=17%, list=9%, signal=18%	
GOBP_SYNAPTIC_TRANSMISSION_CHOLINERGIC	GOBP_SYNAPTIC_TRANSMISSION_CHOLINERGIC		28	0.3256485	1.0923474	0.3254973	0.686317	1.0	1828	tags=25%, list=12%, signal=28%	
HP_ABNORMAL_URINE_PROTEIN_LEVEL	HP_ABNORMAL_URINE_PROTEIN_LEVEL		210	0.21932468	1.0922023	0.26035503	0.68638307	1.0	2631	tags=19%, list=17%, signal=22%	
GOBP_EAR_MORPHOGENESIS	GOBP_EAR_MORPHOGENESIS		121	0.23855041	1.0921319	0.2868098	0.68622637	1.0	3214	tags=28%, list=21%, signal=35%	
GOBP_REGULATION_OF_KETONE_METABOLIC_PROCESS	GOBP_REGULATION_OF_KETONE_METABOLIC_PROCESS		106	0.24535847	1.0917718	0.28254437	0.6869684	1.0	3521	tags=27%, list=23%, signal=35%	
HP_ERYTHRODERMA	HP_ERYTHRODERMA		51	0.27493986	1.0908451	0.3089431	0.68961006	1.0	2739	tags=27%, list=18%, signal=33%	
GOBP_CARDIAC_ATRIUM_DEVELOPMENT	GOBP_CARDIAC_ATRIUM_DEVELOPMENT		33	0.30664667	1.0907665	0.34595525	0.68948656	1.0	3304	tags=30%, list=22%, signal=39%	
HP_ABNORMAL_MITRAL_VALVE_PHYSIOLOGY	HP_ABNORMAL_MITRAL_VALVE_PHYSIOLOGY		144	0.23088753	1.0901657	0.2882615	0.6911077	1.0	2638	tags=22%, list=17%, signal=27%	
GOBP_ARGININE_METABOLIC_PROCESS	GOBP_ARGININE_METABOLIC_PROCESS		18	0.3562591	1.0900567	0.3280142	0.69107586	1.0	4068	tags=44%, list=27%, signal=61%	
GOBP_NEGATIVE_REGULATION_OF_CD4_POSITIVE_ALPHA_BETA_T_CELL_DIFFERENTIATION	GOBP_NEGATIVE_REGULATION_OF_CD4_POSITIVE_ALPHA_BETA_T_CELL_DIFFERENTIATION		19	0.34620944	1.0895541	0.3380783	0.6922999	1.0	1624	tags=21%, list=11%, signal=24%	
GOBP_RRNA_METHYLATION	GOBP_RRNA_METHYLATION		22	0.3418894	1.0893627	0.3267148	0.6925554	1.0	2774	tags=27%, list=18%, signal=33%	
GOBP_MYELOID_LEUKOCYTE_ACTIVATION	GOBP_MYELOID_LEUKOCYTE_ACTIVATION		179	0.22658949	1.0892572	0.25671643	0.69250524	1.0	3436	tags=28%, list=23%, signal=36%	
HP_ABNORMAL_BRAINSTEM_WHITE_MATTER_MORPHOLOGY	HP_ABNORMAL_BRAINSTEM_WHITE_MATTER_MORPHOLOGY		16	0.37831032	1.0892413	0.342246	0.69218963	1.0	1318	tags=19%, list=9%, signal=21%	
HP_ELEVATED_PULMONARY_ARTERY_PRESSURE	HP_ELEVATED_PULMONARY_ARTERY_PRESSURE		136	0.23216732	1.0892365	0.27570093	0.6918293	1.0	4324	tags=30%, list=29%, signal=42%	
HP_BROAD_HALLUX_PHALANX	HP_BROAD_HALLUX_PHALANX		20	0.3473868	1.0891796	0.33678755	0.69164133	1.0	2470	tags=25%, list=16%, signal=30%	
HP_ABNORMAL_PERICARDIUM_MORPHOLOGY	HP_ABNORMAL_PERICARDIUM_MORPHOLOGY		65	0.26396057	1.0891308	0.29001585	0.6914085	1.0	4573	tags=37%, list=30%, signal=53%	
GOBP_NUCLEOSIDE_MONOPHOSPHATE_BIOSYNTHETIC_PROCESS	GOBP_NUCLEOSIDE_MONOPHOSPHATE_BIOSYNTHETIC_PROCESS		35	0.30253884	1.0890043	0.33781514	0.69145477	1.0	4230	tags=40%, list=28%, signal=55%	
GOBP_DOUBLE_STRAND_BREAK_REPAIR_VIA_NONHOMOLOGOUS_END_JOINING	GOBP_DOUBLE_STRAND_BREAK_REPAIR_VIA_NONHOMOLOGOUS_END_JOINING		69	0.2604496	1.088962	0.3003413	0.6912133	1.0	3094	tags=22%, list=20%, signal=27%	
GOBP_NON_PROTEINOGENIC_AMINO_ACID_CATABOLIC_PROCESS	GOBP_NON_PROTEINOGENIC_AMINO_ACID_CATABOLIC_PROCESS		15	0.38927788	1.0888453	0.36162362	0.6912173	1.0	1161	tags=20%, list=8%, signal=22%	
GOBP_TERTIARY_ALCOHOL_METABOLIC_PROCESS	GOBP_TERTIARY_ALCOHOL_METABOLIC_PROCESS		17	0.36359137	1.0883696	0.3548387	0.69239175	1.0	1742	tags=24%, list=12%, signal=27%	
GOBP_MONOCYTE_CHEMOTACTIC_PROTEIN_1_PRODUCTION	GOBP_MONOCYTE_CHEMOTACTIC_PROTEIN_1_PRODUCTION		17	0.35978216	1.0880204	0.3533569	0.69316596	1.0	3263	tags=41%, list=22%, signal=52%	
GOBP_REGULATION_OF_MAP_KINASE_ACTIVITY	GOBP_REGULATION_OF_MAP_KINASE_ACTIVITY		56	0.27433378	1.0879358	0.306914	0.69309217	1.0	2077	tags=23%, list=14%, signal=27%	
HP_AGENESIS_OF_PERMANENT_TEETH	HP_AGENESIS_OF_PERMANENT_TEETH		22	0.3440701	1.0876465	0.33512545	0.69367707	1.0	2068	tags=27%, list=14%, signal=32%	
GOBP_REGULATION_OF_PHOSPHORYLATION	GOBP_REGULATION_OF_PHOSPHORYLATION		392	0.2040404	1.0874422	0.24827586	0.69395554	1.0	1559	tags=14%, list=10%, signal=15%	
GOBP_LYMPHOCYTE_COSTIMULATION	GOBP_LYMPHOCYTE_COSTIMULATION		31	0.30847487	1.0873915	0.33565217	0.6937396	1.0	3109	tags=29%, list=21%, signal=36%	
HP_SENSORY_BEHAVIORAL_ABNORMALITY	HP_SENSORY_BEHAVIORAL_ABNORMALITY		293	0.21266991	1.0872406	0.24373259	0.6938114	1.0	2637	tags=20%, list=17%, signal=24%	
HP_ABNORMAL_CIRCULATING_GLUTAMINE_FAMILY_AMINO_ACID_CONCENTRATION	HP_ABNORMAL_CIRCULATING_GLUTAMINE_FAMILY_AMINO_ACID_CONCENTRATION		25	0.32973522	1.0871125	0.34341636	0.69386405	1.0	4262	tags=44%, list=28%, signal=61%	
HP_ABNORMAL_ST_SEGMENT	HP_ABNORMAL_ST_SEGMENT		30	0.31434628	1.0869308	0.3464837	0.69412464	1.0	3242	tags=33%, list=21%, signal=42%	
HP_LATE_YOUNG_ADULT_ONSET	HP_LATE_YOUNG_ADULT_ONSET		34	0.30457655	1.0867112	0.31023103	0.6944924	1.0	3688	tags=29%, list=24%, signal=39%	
HP_MALE_HYPOGONADISM	HP_MALE_HYPOGONADISM		37	0.29323554	1.0866759	0.3478261	0.69422686	1.0	1800	tags=22%, list=12%, signal=24%	
GOBP_MORPHOGENESIS_OF_AN_EPITHELIAL_FOLD	GOBP_MORPHOGENESIS_OF_AN_EPITHELIAL_FOLD		21	0.3424241	1.0865943	0.32713756	0.6941307	1.0	5520	tags=62%, list=37%, signal=97%	
GOCC_ENDOCYTIC_VESICLE_MEMBRANE	GOCC_ENDOCYTIC_VESICLE_MEMBRANE		179	0.22231442	1.0864706	0.25108853	0.6941736	1.0	2686	tags=22%, list=18%, signal=27%	
HP_NEPHROPATHY	HP_NEPHROPATHY		82	0.25494376	1.0861	0.297561	0.69499665	1.0	3625	tags=28%, list=24%, signal=37%	
HP_ECTOPIC_KIDNEY	HP_ECTOPIC_KIDNEY		83	0.25216857	1.0860308	0.31496063	0.6948426	1.0	4482	tags=34%, list=30%, signal=48%	
HP_HYDROURETER	HP_HYDROURETER		66	0.26458833	1.0859412	0.30470017	0.6947628	1.0	4267	tags=36%, list=28%, signal=50%	
HP_POSTAXIAL_HAND_POLYDACTYLY	HP_POSTAXIAL_HAND_POLYDACTYLY		87	0.24880049	1.0858654	0.3094099	0.6946353	1.0	4822	tags=39%, list=32%, signal=57%	
GOMF_PHOSPHOTRANSFERASE_ACTIVITY_PHOSPHATE_GROUP_AS_ACCEPTOR	GOMF_PHOSPHOTRANSFERASE_ACTIVITY_PHOSPHATE_GROUP_AS_ACCEPTOR		39	0.29385093	1.0857522	0.3248731	0.6946404	1.0	2895	tags=28%, list=19%, signal=35%	
HP_APLASIA_HYPOPLASIA_AFFECTING_THE_ANTERIOR_SEGMENT_OF_THE_EYE	HP_APLASIA_HYPOPLASIA_AFFECTING_THE_ANTERIOR_SEGMENT_OF_THE_EYE		118	0.23682116	1.0854092	0.28197226	0.6953777	1.0	3987	tags=33%, list=26%, signal=45%	
GOBP_MONOATOMIC_ANION_HOMEOSTASIS	GOBP_MONOATOMIC_ANION_HOMEOSTASIS		17	0.36460277	1.0851339	0.35198557	0.69591886	1.0	4911	tags=53%, list=33%, signal=78%	
HP_RECURRENT_HYPOGLYCEMIA	HP_RECURRENT_HYPOGLYCEMIA		17	0.37376207	1.0850893	0.37545788	0.6957031	1.0	3294	tags=47%, list=22%, signal=60%	
HP_ABNORMALITY_OF_THE_SENSE_OF_SMELL	HP_ABNORMALITY_OF_THE_SENSE_OF_SMELL		110	0.23853093	1.0850323	0.29548988	0.69552326	1.0	2092	tags=20%, list=14%, signal=23%	
GOBP_GLYCOSYL_COMPOUND_BIOSYNTHETIC_PROCESS	GOBP_GLYCOSYL_COMPOUND_BIOSYNTHETIC_PROCESS		24	0.3298729	1.0849675	0.33275262	0.69538647	1.0	4065	tags=38%, list=27%, signal=51%	
GOMF_PALMITOYLTRANSFERASE_ACTIVITY	GOMF_PALMITOYLTRANSFERASE_ACTIVITY		33	0.30679932	1.0849135	0.32673267	0.6951886	1.0	2827	tags=30%, list=19%, signal=37%	
HP_NEPHROTIC_SYNDROME	HP_NEPHROTIC_SYNDROME		118	0.23790635	1.0845449	0.318038	0.6960245	1.0	1938	tags=17%, list=13%, signal=19%	
GOBP_LIPID_LOCALIZATION	GOBP_LIPID_LOCALIZATION		368	0.2057606	1.0843847	0.23545332	0.6961516	1.0	2873	tags=21%, list=19%, signal=26%	
GOBP_NECROPTOTIC_PROCESS	GOBP_NECROPTOTIC_PROCESS		33	0.30227527	1.084076	0.32941177	0.69679487	1.0	1094	tags=15%, list=7%, signal=16%	
GOBP_ANTIGEN_RECEPTOR_MEDIATED_SIGNALING_PATHWAY	GOBP_ANTIGEN_RECEPTOR_MEDIATED_SIGNALING_PATHWAY		146	0.23087177	1.0840281	0.27836612	0.6965775	1.0	4684	tags=38%, list=31%, signal=55%	
GOMF_DNA_SECONDARY_STRUCTURE_BINDING	GOMF_DNA_SECONDARY_STRUCTURE_BINDING		33	0.30883583	1.0838146	0.3548387	0.69691175	1.0	2377	tags=24%, list=16%, signal=29%	
HP_CIRRHOSIS	HP_CIRRHOSIS		141	0.23032102	1.0835799	0.27794117	0.69731504	1.0	3801	tags=30%, list=25%, signal=39%	
GOBP_LEUKOCYTE_APOPTOTIC_PROCESS	GOBP_LEUKOCYTE_APOPTOTIC_PROCESS		92	0.24968104	1.0835189	0.3084112	0.6971356	1.0	3521	tags=33%, list=23%, signal=42%	
HP_INTERMITTENT_DIARRHEA	HP_INTERMITTENT_DIARRHEA		15	0.36681652	1.0830064	0.36095765	0.69845206	1.0	999	tags=20%, list=7%, signal=21%	
GOBP_AMINE_BIOSYNTHETIC_PROCESS	GOBP_AMINE_BIOSYNTHETIC_PROCESS		31	0.30716404	1.0825412	0.33333334	0.6995715	1.0	3392	tags=35%, list=22%, signal=46%	
HP_JOINT_STIFFNESS	HP_JOINT_STIFFNESS		173	0.22355078	1.0825306	0.28677562	0.6992369	1.0	3426	tags=25%, list=23%, signal=32%	
GOBP_POSITIVE_REGULATION_OF_ENDOCYTOSIS	GOBP_POSITIVE_REGULATION_OF_ENDOCYTOSIS		127	0.23453476	1.0825015	0.2788906	0.69895416	1.0	3360	tags=28%, list=22%, signal=36%	
GOBP_CELLULAR_RESPONSE_TO_ZINC_ION	GOBP_CELLULAR_RESPONSE_TO_ZINC_ION		20	0.3495299	1.0824634	0.34581104	0.6987031	1.0	4558	tags=50%, list=30%, signal=72%	
GOCC_NEURONAL_DENSE_CORE_VESICLE	GOCC_NEURONAL_DENSE_CORE_VESICLE		27	0.32496306	1.0820756	0.34232715	0.699573	1.0	3354	tags=41%, list=22%, signal=52%	
HP_ELEVATED_CIRCULATING_HEPATIC_TRANSAMINASE_CONCENTRATION	HP_ELEVATED_CIRCULATING_HEPATIC_TRANSAMINASE_CONCENTRATION		318	0.20846264	1.082064	0.25069252	0.69924134	1.0	4242	tags=29%, list=28%, signal=40%	
HP_NAUSEA_AND_VOMITING	HP_NAUSEA_AND_VOMITING		429	0.20286581	1.0819267	0.24833998	0.69931203	1.0	4261	tags=31%, list=28%, signal=42%	
HP_ABNORMAL_CIRCULATING_IGM_CONCENTRATION	HP_ABNORMAL_CIRCULATING_IGM_CONCENTRATION		89	0.2531861	1.0814692	0.3082942	0.7004264	1.0	3731	tags=30%, list=25%, signal=40%	
HP_ABNORMALITY_OF_THE_INNER_EAR	HP_ABNORMALITY_OF_THE_INNER_EAR		86	0.24803594	1.081135	0.3100159	0.70116216	1.0	3414	tags=30%, list=23%, signal=39%	
GOBP_NUCLEOBASE_CONTAINING_SMALL_MOLECULE_BIOSYNTHETIC_PROCESS	GOBP_NUCLEOBASE_CONTAINING_SMALL_MOLECULE_BIOSYNTHETIC_PROCESS		18	0.35575947	1.0809442	0.36065573	0.7013988	1.0	4065	tags=44%, list=27%, signal=61%	
GOBP_POSITIVE_REGULATION_OF_ATP_DEPENDENT_ACTIVITY	GOBP_POSITIVE_REGULATION_OF_ATP_DEPENDENT_ACTIVITY		19	0.35031927	1.0808271	0.34168157	0.70139027	1.0	1797	tags=21%, list=12%, signal=24%	
HP_ABNORMAL_FULL_FIELD_ELECTRORETINOGRAM	HP_ABNORMAL_FULL_FIELD_ELECTRORETINOGRAM		124	0.235314	1.080739	0.28343022	0.7013031	1.0	2488	tags=22%, list=16%, signal=26%	
GOCC_MICROBODY_MEMBRANE	GOCC_MICROBODY_MEMBRANE		62	0.26587516	1.0806051	0.32903227	0.7013646	1.0	3638	tags=29%, list=24%, signal=38%	
GOBP_SKIN_EPIDERMIS_DEVELOPMENT	GOBP_SKIN_EPIDERMIS_DEVELOPMENT		109	0.23867124	1.0800655	0.28346458	0.7027261	1.0	3749	tags=32%, list=25%, signal=42%	
GOBP_COCHLEA_MORPHOGENESIS	GOBP_COCHLEA_MORPHOGENESIS		24	0.3355166	1.0799004	0.33453888	0.70289385	1.0	1730	tags=29%, list=11%, signal=33%	
GOBP_POSITIVE_REGULATION_OF_PROTEIN_SERINE_THREONINE_KINASE_ACTIVITY	GOBP_POSITIVE_REGULATION_OF_PROTEIN_SERINE_THREONINE_KINASE_ACTIVITY		55	0.26540768	1.0797566	0.30050933	0.7029943	1.0	2077	tags=24%, list=14%, signal=27%	
GOMF_HYDROLASE_ACTIVITY_HYDROLYZING_O_GLYCOSYL_COMPOUNDS	GOMF_HYDROLASE_ACTIVITY_HYDROLYZING_O_GLYCOSYL_COMPOUNDS		65	0.2689068	1.0796579	0.3147208	0.70294076	1.0	5494	tags=38%, list=36%, signal=60%	
GOBP_MEIOTIC_CELL_CYCLE_PROCESS	GOBP_MEIOTIC_CELL_CYCLE_PROCESS		173	0.22435795	1.0794189	0.27576196	0.7033314	1.0	5381	tags=42%, list=36%, signal=65%	
GOBP_REGULATION_OF_MYOTUBE_DIFFERENTIATION	GOBP_REGULATION_OF_MYOTUBE_DIFFERENTIATION		33	0.3041196	1.0794168	0.34819898	0.7029697	1.0	3162	tags=30%, list=21%, signal=38%	
HP_HYPERTENSIVE_CRISIS	HP_HYPERTENSIVE_CRISIS		15	0.36879316	1.0793879	0.3409091	0.7026953	1.0	873	tags=20%, list=6%, signal=21%	
GOBP_POSITIVE_REGULATION_OF_ACTIN_FILAMENT_BUNDLE_ASSEMBLY	GOBP_POSITIVE_REGULATION_OF_ACTIN_FILAMENT_BUNDLE_ASSEMBLY		54	0.2731982	1.078784	0.33444816	0.7043328	1.0	2074	tags=20%, list=14%, signal=24%	
GOBP_AMIDE_BIOSYNTHETIC_PROCESS	GOBP_AMIDE_BIOSYNTHETIC_PROCESS		146	0.22837663	1.0786252	0.28550297	0.70450586	1.0	1933	tags=16%, list=13%, signal=19%	
GOBP_REGULATION_OF_RIG_I_SIGNALING_PATHWAY	GOBP_REGULATION_OF_RIG_I_SIGNALING_PATHWAY		18	0.35443878	1.078518	0.36541888	0.70449775	1.0	535	tags=17%, list=4%, signal=17%	
HP_APLASIA_HYPOPLASIA_OF_THE_PALMAR_CREASES	HP_APLASIA_HYPOPLASIA_OF_THE_PALMAR_CREASES		16	0.3648242	1.0784822	0.37323943	0.70424587	1.0	4524	tags=38%, list=30%, signal=53%	
GOBP_OLEFINIC_COMPOUND_BIOSYNTHETIC_PROCESS	GOBP_OLEFINIC_COMPOUND_BIOSYNTHETIC_PROCESS		25	0.32783428	1.078378	0.33907056	0.7042256	1.0	699	tags=16%, list=5%, signal=17%	
HP_ABNORMAL_PERITONEUM_MORPHOLOGY	HP_ABNORMAL_PERITONEUM_MORPHOLOGY		52	0.2743446	1.0774974	0.3178808	0.7067818	1.0	2210	tags=19%, list=15%, signal=22%	
GOBP_RESPONSE_TO_TUMOR_CELL	GOBP_RESPONSE_TO_TUMOR_CELL		40	0.2873469	1.0773948	0.3321617	0.7067296	1.0	4794	tags=43%, list=32%, signal=62%	
HP_PARESTHESIA	HP_PARESTHESIA		102	0.2415485	1.0773141	0.31114808	0.7066061	1.0	3540	tags=29%, list=23%, signal=38%	
GOBP_PTERIDINE_CONTAINING_COMPOUND_METABOLIC_PROCESS	GOBP_PTERIDINE_CONTAINING_COMPOUND_METABOLIC_PROCESS		30	0.3148941	1.0770614	0.3561151	0.7070621	1.0	2586	tags=23%, list=17%, signal=28%	
GOBP_CYCLIC_NUCLEOTIDE_BIOSYNTHETIC_PROCESS	GOBP_CYCLIC_NUCLEOTIDE_BIOSYNTHETIC_PROCESS		18	0.3509965	1.076685	0.33333334	0.7078908	1.0	2015	tags=33%, list=13%, signal=38%	
GOBP_ODONTOGENESIS	GOBP_ODONTOGENESIS		106	0.24011318	1.0764937	0.3176661	0.708112	1.0	3911	tags=31%, list=26%, signal=42%	
GOMF_SOLUTE_SODIUM_SYMPORTER_ACTIVITY	GOMF_SOLUTE_SODIUM_SYMPORTER_ACTIVITY		55	0.26754874	1.0759801	0.33277312	0.70939	1.0	3652	tags=36%, list=24%, signal=48%	
GOBP_PURINE_CONTAINING_COMPOUND_METABOLIC_PROCESS	GOBP_PURINE_CONTAINING_COMPOUND_METABOLIC_PROCESS		483	0.19883452	1.0757744	0.24731183	0.70970917	1.0	2480	tags=19%, list=16%, signal=22%	
GOBP_THYROID_HORMONE_METABOLIC_PROCESS	GOBP_THYROID_HORMONE_METABOLIC_PROCESS		22	0.33425802	1.0757275	0.34859154	0.7094817	1.0	2044	tags=32%, list=14%, signal=37%	
GOBP_NON_MOTILE_CILIUM_ASSEMBLY	GOBP_NON_MOTILE_CILIUM_ASSEMBLY		57	0.26721743	1.0755345	0.34049585	0.7097559	1.0	2997	tags=26%, list=20%, signal=33%	
GOBP_CALCIUM_ION_HOMEOSTASIS	GOBP_CALCIUM_ION_HOMEOSTASIS		258	0.2135786	1.0754962	0.29614326	0.70951015	1.0	4738	tags=39%, list=31%, signal=56%	
GOBP_POSITIVE_REGULATION_OF_SECRETION	GOBP_POSITIVE_REGULATION_OF_SECRETION		265	0.21030563	1.0751724	0.29403606	0.71019274	1.0	4265	tags=33%, list=28%, signal=45%	
GOBP_T_HELPER_1_CELL_DIFFERENTIATION	GOBP_T_HELPER_1_CELL_DIFFERENTIATION		15	0.37310013	1.0749876	0.36296296	0.7104403	1.0	366	tags=13%, list=2%, signal=14%	
GOBP_RESPONSE_TO_STEROL_DEPLETION	GOBP_RESPONSE_TO_STEROL_DEPLETION		17	0.36232647	1.0747718	0.3703041	0.71075356	1.0	1838	tags=29%, list=12%, signal=33%	
GOBP_NEGATIVE_REGULATION_OF_G_PROTEIN_COUPLED_RECEPTOR_SIGNALING_PATHWAY	GOBP_NEGATIVE_REGULATION_OF_G_PROTEIN_COUPLED_RECEPTOR_SIGNALING_PATHWAY		52	0.2725207	1.0745184	0.34146342	0.71119183	1.0	2938	tags=25%, list=19%, signal=31%	
GOBP_REGULATION_OF_SMALL_MOLECULE_METABOLIC_PROCESS	GOBP_REGULATION_OF_SMALL_MOLECULE_METABOLIC_PROCESS		277	0.21047357	1.0744467	0.27222222	0.7110547	1.0	1825	tags=16%, list=12%, signal=17%	
HP_ANOSMIA	HP_ANOSMIA		45	0.28454274	1.0743122	0.36036035	0.7111045	1.0	2564	tags=29%, list=17%, signal=35%	
GOBP_REGULATION_OF_AMINE_METABOLIC_PROCESS	GOBP_REGULATION_OF_AMINE_METABOLIC_PROCESS		20	0.34912154	1.0741643	0.39019963	0.7112212	1.0	4706	tags=55%, list=31%, signal=80%	
HP_STROKE	HP_STROKE		138	0.23015432	1.0739074	0.29953918	0.7116707	1.0	4705	tags=36%, list=31%, signal=52%	
HP_ABNORMALITY_OF_CARDIOVASCULAR_SYSTEM_ELECTROPHYSIOLOGY	HP_ABNORMALITY_OF_CARDIOVASCULAR_SYSTEM_ELECTROPHYSIOLOGY		465	0.2024723	1.0738294	0.25910932	0.7115638	1.0	4079	tags=29%, list=27%, signal=39%	
GOBP_FLUID_TRANSPORT	GOBP_FLUID_TRANSPORT		27	0.31838983	1.0737067	0.3666093	0.7115909	1.0	626	tags=15%, list=4%, signal=15%	
HP_ABNORMAL_BLISTERING_OF_THE_SKIN	HP_ABNORMAL_BLISTERING_OF_THE_SKIN		92	0.24387965	1.0736974	0.32961783	0.71124977	1.0	4079	tags=36%, list=27%, signal=49%	
HP_ABNORMAL_CIRCULATING_MONOCARBOXYLIC_ACID_CONCENTRATION	HP_ABNORMAL_CIRCULATING_MONOCARBOXYLIC_ACID_CONCENTRATION		114	0.23915699	1.0734247	0.3257329	0.7117703	1.0	3883	tags=27%, list=26%, signal=36%	
GOBP_ATRIAL_SEPTUM_DEVELOPMENT	GOBP_ATRIAL_SEPTUM_DEVELOPMENT		22	0.32408774	1.0729271	0.37030074	0.71302015	1.0	6373	tags=59%, list=42%, signal=102%	
HP_BREAST_CARCINOMA	HP_BREAST_CARCINOMA		52	0.27765152	1.0728469	0.32730263	0.71289873	1.0	3734	tags=29%, list=25%, signal=38%	
GOCC_ACTOMYOSIN	GOCC_ACTOMYOSIN		78	0.25217104	1.0728146	0.31832796	0.71261954	1.0	2060	tags=19%, list=14%, signal=22%	
HP_ABNORMAL_PERIUNGUAL_MORPHOLOGY	HP_ABNORMAL_PERIUNGUAL_MORPHOLOGY		15	0.36847478	1.0725944	0.36614853	0.7129578	1.0	3540	tags=47%, list=23%, signal=61%	
GOMF_ALDO_KETO_REDUCTASE_NADPH_ACTIVITY	GOMF_ALDO_KETO_REDUCTASE_NADPH_ACTIVITY		28	0.3177637	1.0723529	0.357016	0.71340525	1.0	5242	tags=50%, list=35%, signal=76%	
HP_ABNORMALITY_OF_THE_PHARYNX	HP_ABNORMALITY_OF_THE_PHARYNX		196	0.21709654	1.0718307	0.30814815	0.71475846	1.0	3625	tags=27%, list=24%, signal=35%	
GOBP_VISUAL_BEHAVIOR	GOBP_VISUAL_BEHAVIOR		55	0.2710292	1.0717287	0.34608984	0.7147394	1.0	3503	tags=31%, list=23%, signal=40%	
GOMF_NEUROPEPTIDE_BINDING	GOMF_NEUROPEPTIDE_BINDING		24	0.3295844	1.0715809	0.36476868	0.7148445	1.0	4479	tags=54%, list=30%, signal=77%	
HP_ACCESSORY_ORAL_FRENULUM	HP_ACCESSORY_ORAL_FRENULUM		17	0.35963443	1.0711032	0.3866171	0.71602935	1.0	593	tags=12%, list=4%, signal=12%	
GOBP_ADENYLATE_CYCLASE_ACTIVATING_G_PROTEIN_COUPLED_RECEPTOR_SIGNALING_PATHWAY	GOBP_ADENYLATE_CYCLASE_ACTIVATING_G_PROTEIN_COUPLED_RECEPTOR_SIGNALING_PATHWAY		140	0.22979088	1.0710967	0.31132075	0.71568143	1.0	3708	tags=33%, list=25%, signal=43%	
GOBP_PROGRAMMED_CELL_DEATH_INVOLVED_IN_CELL_DEVELOPMENT	GOBP_PROGRAMMED_CELL_DEATH_INVOLVED_IN_CELL_DEVELOPMENT		21	0.33969924	1.0709906	0.3685152	0.7156449	1.0	1907	tags=29%, list=13%, signal=33%	
GOBP_POSITIVE_REGULATION_OF_STEROID_METABOLIC_PROCESS	GOBP_POSITIVE_REGULATION_OF_STEROID_METABOLIC_PROCESS		27	0.32117435	1.0704669	0.3540146	0.7169947	1.0	744	tags=15%, list=5%, signal=16%	
HP_GLOMERULOPATHY	HP_GLOMERULOPATHY		30	0.310006	1.0703397	0.3368984	0.7170342	1.0	5026	tags=50%, list=33%, signal=75%	
GOBP_MEIOSIS_I_CELL_CYCLE_PROCESS	GOBP_MEIOSIS_I_CELL_CYCLE_PROCESS		106	0.23984864	1.0702395	0.3130016	0.7169755	1.0	5278	tags=39%, list=35%, signal=59%	
GOBP_HEPARAN_SULFATE_PROTEOGLYCAN_METABOLIC_PROCESS	GOBP_HEPARAN_SULFATE_PROTEOGLYCAN_METABOLIC_PROCESS		42	0.28775972	1.0701412	0.35191637	0.71693724	1.0	2714	tags=24%, list=18%, signal=29%	
GOBP_CELLULAR_RESPONSE_TO_OXYGEN_RADICAL	GOBP_CELLULAR_RESPONSE_TO_OXYGEN_RADICAL		20	0.34652355	1.0699961	0.3713768	0.71704894	1.0	2586	tags=30%, list=17%, signal=36%	
HP_ELBOW_CONTRACTURE	HP_ELBOW_CONTRACTURE		97	0.24312021	1.0697442	0.31535947	0.71750206	1.0	4048	tags=31%, list=27%, signal=42%	
GOBP_SECONDARY_PALATE_DEVELOPMENT	GOBP_SECONDARY_PALATE_DEVELOPMENT		21	0.3411847	1.0694364	0.3379791	0.71815664	1.0	3547	tags=38%, list=23%, signal=50%	
GOMF_VOLTAGE_GATED_SODIUM_CHANNEL_ACTIVITY	GOMF_VOLTAGE_GATED_SODIUM_CHANNEL_ACTIVITY		19	0.34650728	1.0689452	0.38198197	0.71940386	1.0	4526	tags=53%, list=30%, signal=75%	
GOBP_REGULATION_OF_CARDIAC_MUSCLE_CELL_PROLIFERATION	GOBP_REGULATION_OF_CARDIAC_MUSCLE_CELL_PROLIFERATION		30	0.307954	1.0686698	0.35929203	0.7199298	1.0	3637	tags=37%, list=24%, signal=48%	
GOBP_POSITIVE_REGULATION_OF_ACTIVATED_T_CELL_PROLIFERATION	GOBP_POSITIVE_REGULATION_OF_ACTIVATED_T_CELL_PROLIFERATION		20	0.33867654	1.068343	0.35688406	0.72060686	1.0	3508	tags=40%, list=23%, signal=52%	
GOBP_RECEPTOR_CATABOLIC_PROCESS	GOBP_RECEPTOR_CATABOLIC_PROCESS		25	0.32875153	1.068217	0.3597973	0.7206277	1.0	2491	tags=24%, list=16%, signal=29%	
HP_ABNORMAL_INNER_EAR_MORPHOLOGY	HP_ABNORMAL_INNER_EAR_MORPHOLOGY		73	0.2530304	1.0679226	0.3515249	0.72122496	1.0	3414	tags=32%, list=23%, signal=41%	
GOBP_VERY_LONG_CHAIN_FATTY_ACID_METABOLIC_PROCESS	GOBP_VERY_LONG_CHAIN_FATTY_ACID_METABOLIC_PROCESS		33	0.30075637	1.0677567	0.3532423	0.7213994	1.0	3353	tags=33%, list=22%, signal=43%	
GOBP_G1_TO_G0_TRANSITION	GOBP_G1_TO_G0_TRANSITION		15	0.37150982	1.0676383	0.3572744	0.7214321	1.0	1726	tags=27%, list=11%, signal=30%	
GOBP_ENDOCRINE_PROCESS	GOBP_ENDOCRINE_PROCESS		81	0.2503231	1.0673478	0.3323124	0.72202677	1.0	4169	tags=37%, list=28%, signal=51%	
GOBP_PHOTOPERIODISM	GOBP_PHOTOPERIODISM		24	0.3265566	1.0671339	0.36283186	0.7223431	1.0	247	tags=13%, list=2%, signal=13%	
GOBP_RELEASE_OF_CYTOCHROME_C_FROM_MITOCHONDRIA	GOBP_RELEASE_OF_CYTOCHROME_C_FROM_MITOCHONDRIA		48	0.2745206	1.06713	0.34412265	0.7219875	1.0	1255	tags=17%, list=8%, signal=18%	
GOBP_DETECTION_OF_LIGHT_STIMULUS	GOBP_DETECTION_OF_LIGHT_STIMULUS		52	0.2724831	1.0671214	0.34608695	0.7216474	1.0	3016	tags=31%, list=20%, signal=38%	
GOBP_POSITIVE_REGULATION_OF_MAP_KINASE_ACTIVITY	GOBP_POSITIVE_REGULATION_OF_MAP_KINASE_ACTIVITY		33	0.30325493	1.0669904	0.35445204	0.72171354	1.0	3843	tags=42%, list=25%, signal=57%	
HP_INFECTION_FOLLOWING_LIVE_VACCINATION	HP_INFECTION_FOLLOWING_LIVE_VACCINATION		21	0.34077665	1.0669013	0.36507937	0.721627	1.0	3743	tags=33%, list=25%, signal=44%	
GOBP_CELL_CYCLE_DNA_REPLICATION	GOBP_CELL_CYCLE_DNA_REPLICATION		42	0.28738588	1.0667225	0.3344538	0.72180086	1.0	1988	tags=21%, list=13%, signal=25%	
GOBP_RESPIRATORY_GASEOUS_EXCHANGE_BY_RESPIRATORY_SYSTEM	GOBP_RESPIRATORY_GASEOUS_EXCHANGE_BY_RESPIRATORY_SYSTEM		68	0.25589782	1.0664297	0.32786885	0.7224139	1.0	3547	tags=37%, list=23%, signal=48%	
HP_ABNORMAL_AORTIC_VALVE_PHYSIOLOGY	HP_ABNORMAL_AORTIC_VALVE_PHYSIOLOGY		150	0.22399	1.066406	0.31004366	0.7221368	1.0	3420	tags=27%, list=23%, signal=34%	
GOBP_PROTEIN_AUTOPROCESSING	GOBP_PROTEIN_AUTOPROCESSING		23	0.3272106	1.0663171	0.3557522	0.722075	1.0	2014	tags=26%, list=13%, signal=30%	
HP_MICRONODULAR_CIRRHOSIS	HP_MICRONODULAR_CIRRHOSIS		18	0.35146874	1.0662842	0.3689655	0.7218217	1.0	2630	tags=33%, list=17%, signal=40%	
GOBP_DIOL_METABOLIC_PROCESS	GOBP_DIOL_METABOLIC_PROCESS		28	0.30719042	1.0660812	0.3802345	0.7221181	1.0	3695	tags=39%, list=24%, signal=52%	
GOBP_RETINA_DEVELOPMENT_IN_CAMERA_TYPE_EYE	GOBP_RETINA_DEVELOPMENT_IN_CAMERA_TYPE_EYE		152	0.22410803	1.0658406	0.32481202	0.722552	1.0	3230	tags=27%, list=21%, signal=34%	
GOCC_CYTOPLASMIC_DYNEIN_COMPLEX	GOCC_CYTOPLASMIC_DYNEIN_COMPLEX		22	0.3283877	1.0647497	0.3680431	0.7258642	1.0	4110	tags=41%, list=27%, signal=56%	
HP_MULTICYSTIC_KIDNEY_DYSPLASIA	HP_MULTICYSTIC_KIDNEY_DYSPLASIA		95	0.24251969	1.0644282	0.33917198	0.72655386	1.0	4265	tags=37%, list=28%, signal=51%	
GOBP_RESPONSE_TO_INTERLEUKIN_1	GOBP_RESPONSE_TO_INTERLEUKIN_1		97	0.24045944	1.0643742	0.33956388	0.7263641	1.0	1228	tags=12%, list=8%, signal=13%	
GOBP_REGULATION_OF_PHAGOCYTOSIS	GOBP_REGULATION_OF_PHAGOCYTOSIS		79	0.2527579	1.0642728	0.34634146	0.7263211	1.0	4573	tags=39%, list=30%, signal=56%	
HP_SKIN_ULCER	HP_SKIN_ULCER		113	0.23478232	1.0642157	0.30956239	0.7261267	1.0	3736	tags=27%, list=25%, signal=36%	
HP_ABNORMAL_RETINAL_VASCULAR_MORPHOLOGY	HP_ABNORMAL_RETINAL_VASCULAR_MORPHOLOGY		226	0.2137155	1.0636481	0.29505813	0.72758186	1.0	3016	tags=20%, list=20%, signal=25%	
HP_SCLEROCORNEA	HP_SCLEROCORNEA		45	0.2836226	1.0634472	0.3572621	0.7278864	1.0	1585	tags=22%, list=10%, signal=25%	
HP_SUPERNUMERARY_BONES_OF_THE_AXIAL_SKELETON	HP_SUPERNUMERARY_BONES_OF_THE_AXIAL_SKELETON		26	0.31842667	1.0632899	0.3880597	0.7280196	1.0	3965	tags=35%, list=26%, signal=47%	
HP_MOLAR_TOOTH_SIGN_ON_MRI	HP_MOLAR_TOOTH_SIGN_ON_MRI		40	0.28903913	1.0631056	0.36426118	0.7282419	1.0	3788	tags=35%, list=25%, signal=47%	
GOBP_CELLULAR_RESPONSE_TO_ALKALOID	GOBP_CELLULAR_RESPONSE_TO_ALKALOID		31	0.3096189	1.0631038	0.36690646	0.7278782	1.0	4219	tags=39%, list=28%, signal=54%	
HP_CYSTOID_MACULAR_EDEMA	HP_CYSTOID_MACULAR_EDEMA		79	0.24888755	1.0629746	0.31877023	0.72794366	1.0	3723	tags=32%, list=25%, signal=42%	
GOBP_REGULATION_OF_REPRODUCTIVE_PROCESS	GOBP_REGULATION_OF_REPRODUCTIVE_PROCESS		154	0.22780886	1.0628082	0.33435583	0.7281089	1.0	4824	tags=39%, list=32%, signal=57%	
GOBP_NEGATIVE_REGULATION_OF_RAS_PROTEIN_SIGNAL_TRANSDUCTION	GOBP_NEGATIVE_REGULATION_OF_RAS_PROTEIN_SIGNAL_TRANSDUCTION		24	0.3268821	1.0627438	0.35726795	0.7279682	1.0	2751	tags=38%, list=18%, signal=46%	
GOCC_NUCLEAR_CHROMOSOME	GOCC_NUCLEAR_CHROMOSOME		197	0.21880445	1.0623416	0.31750742	0.7288984	1.0	3407	tags=24%, list=23%, signal=30%	
GOBP_DIOL_BIOSYNTHETIC_PROCESS	GOBP_DIOL_BIOSYNTHETIC_PROCESS		20	0.3395983	1.0617578	0.38198197	0.7304381	1.0	3695	tags=45%, list=24%, signal=59%	
HP_PERIPHERAL_VISUAL_FIELD_LOSS	HP_PERIPHERAL_VISUAL_FIELD_LOSS		87	0.24592014	1.06154	0.35367763	0.73083514	1.0	3016	tags=25%, list=20%, signal=31%	
GOBP_POTASSIUM_ION_TRANSPORT	GOBP_POTASSIUM_ION_TRANSPORT		198	0.21448334	1.0614505	0.33187133	0.7307517	1.0	4448	tags=37%, list=29%, signal=52%	
HP_SIDEROBLASTIC_ANEMIA	HP_SIDEROBLASTIC_ANEMIA		30	0.29886723	1.0612772	0.35883424	0.73095554	1.0	4649	tags=43%, list=31%, signal=62%	
GOBP_CALCIUM_ION_TRANSMEMBRANE_TRANSPORT	GOBP_CALCIUM_ION_TRANSMEMBRANE_TRANSPORT		274	0.20820609	1.0612518	0.29748604	0.7306743	1.0	4738	tags=39%, list=31%, signal=56%	
HP_ASCENDING_TUBULAR_AORTA_ANEURYSM	HP_ASCENDING_TUBULAR_AORTA_ANEURYSM		20	0.34451655	1.0609953	0.37954938	0.7311422	1.0	1534	tags=20%, list=10%, signal=22%	
GOBP_PURINE_RIBONUCLEOSIDE_METABOLIC_PROCESS	GOBP_PURINE_RIBONUCLEOSIDE_METABOLIC_PROCESS		20	0.33462948	1.0609244	0.36278194	0.73100007	1.0	525	tags=15%, list=3%, signal=16%	
HP_YOUNG_ADULT_ONSET	HP_YOUNG_ADULT_ONSET		484	0.19655225	1.0606966	0.27828348	0.7313856	1.0	4577	tags=33%, list=30%, signal=46%	
GOMF_EXOGENOUS_PROTEIN_BINDING	GOMF_EXOGENOUS_PROTEIN_BINDING		63	0.26060918	1.0606064	0.34465197	0.7313443	1.0	1836	tags=17%, list=12%, signal=20%	
HP_ICHTHYOSIS	HP_ICHTHYOSIS		124	0.23060104	1.0604446	0.33020344	0.7314814	1.0	3982	tags=35%, list=26%, signal=47%	
GOBP_CELLULAR_RESPONSE_TO_EXTERNAL_STIMULUS	GOBP_CELLULAR_RESPONSE_TO_EXTERNAL_STIMULUS		71	0.25441167	1.0604361	0.36050156	0.73113966	1.0	2281	tags=23%, list=15%, signal=26%	
HP_MACULAR_ATROPHY	HP_MACULAR_ATROPHY		35	0.2870182	1.0604347	0.35357141	0.7307752	1.0	2485	tags=23%, list=16%, signal=27%	
GOBP_HEMOGLOBIN_METABOLIC_PROCESS	GOBP_HEMOGLOBIN_METABOLIC_PROCESS		15	0.3640067	1.0600243	0.36775362	0.73178834	1.0	675	tags=20%, list=4%, signal=21%	
GOBP_REGULATION_OF_LEUKOCYTE_DEGRANULATION	GOBP_REGULATION_OF_LEUKOCYTE_DEGRANULATION		37	0.2912659	1.059943	0.37216827	0.7317066	1.0	3423	tags=35%, list=23%, signal=45%	
GOBP_PINOCYTOSIS	GOBP_PINOCYTOSIS		23	0.32463464	1.0598619	0.3873874	0.73160696	1.0	1231	tags=13%, list=8%, signal=14%	
GOMF_VOLTAGE_GATED_MONOATOMIC_ANION_CHANNEL_ACTIVITY	GOMF_VOLTAGE_GATED_MONOATOMIC_ANION_CHANNEL_ACTIVITY		16	0.36555868	1.0595711	0.40173912	0.73219603	1.0	1702	tags=25%, list=11%, signal=28%	
HP_CARDIAC_ARREST	HP_CARDIAC_ARREST		116	0.23803681	1.0594659	0.35635793	0.7321614	1.0	2979	tags=26%, list=20%, signal=32%	
HP_ABNORMAL_CIRCULATING_ANDROGEN_LEVEL	HP_ABNORMAL_CIRCULATING_ANDROGEN_LEVEL		77	0.2484664	1.0584811	0.35051546	0.73500407	1.0	951	tags=13%, list=6%, signal=14%	
GOBP_POSITIVE_REGULATION_OF_TRANSFERASE_ACTIVITY	GOBP_POSITIVE_REGULATION_OF_TRANSFERASE_ACTIVITY		149	0.22654958	1.0584644	0.3180428	0.73468834	1.0	3667	tags=30%, list=24%, signal=39%	
HP_TETANY	HP_TETANY		16	0.3575616	1.0583355	0.4	0.7347391	1.0	1779	tags=31%, list=12%, signal=35%	
HP_SKIN_NODULE	HP_SKIN_NODULE		100	0.24009348	1.0582378	0.3449367	0.73467076	1.0	4040	tags=29%, list=27%, signal=39%	
HP_PHOTOPHOBIA	HP_PHOTOPHOBIA		243	0.21120629	1.0581341	0.30496454	0.7346486	1.0	2637	tags=20%, list=17%, signal=24%	
HP_DERMAL_TRANSLUCENCY	HP_DERMAL_TRANSLUCENCY		22	0.32912028	1.057921	0.38077635	0.7349587	1.0	1225	tags=14%, list=8%, signal=15%	
HP_ABNORMAL_5TH_METACARPAL_MORPHOLOGY	HP_ABNORMAL_5TH_METACARPAL_MORPHOLOGY		20	0.3428153	1.0577817	0.36933798	0.7350446	1.0	311	tags=10%, list=2%, signal=10%	
HP_APLASIA_HYPOPLASIA_OF_THE_CAPITAL_FEMORAL_EPIPHYSIS	HP_APLASIA_HYPOPLASIA_OF_THE_CAPITAL_FEMORAL_EPIPHYSIS		19	0.337303	1.0577067	0.37188613	0.7349393	1.0	2915	tags=26%, list=19%, signal=33%	
HP_RECURRENT_PANCREATITIS	HP_RECURRENT_PANCREATITIS		15	0.37487885	1.0576543	0.37985864	0.7347312	1.0	5725	tags=47%, list=38%, signal=75%	
GOBP_IMMUNOLOGICAL_SYNAPSE_FORMATION	GOBP_IMMUNOLOGICAL_SYNAPSE_FORMATION		15	0.37373236	1.0576184	0.38558558	0.7344826	1.0	1374	tags=27%, list=9%, signal=29%	
GOBP_REGULATION_OF_MONOATOMIC_ION_TRANSMEMBRANE_TRANSPORT	GOBP_REGULATION_OF_MONOATOMIC_ION_TRANSMEMBRANE_TRANSPORT		250	0.20774046	1.0575777	0.3216885	0.7342369	1.0	4603	tags=37%, list=30%, signal=52%	
GOBP_REGULATION_OF_RELEASE_OF_CYTOCHROME_C_FROM_MITOCHONDRIA	GOBP_REGULATION_OF_RELEASE_OF_CYTOCHROME_C_FROM_MITOCHONDRIA		36	0.2878899	1.056939	0.3472454	0.7359485	1.0	1255	tags=17%, list=8%, signal=18%	
GOMF_EPIDERMAL_GROWTH_FACTOR_RECEPTOR_BINDING	GOMF_EPIDERMAL_GROWTH_FACTOR_RECEPTOR_BINDING		31	0.30891767	1.0569053	0.36933798	0.7356913	1.0	1556	tags=16%, list=10%, signal=18%	
HP_OLIGOHYDRAMNIOS	HP_OLIGOHYDRAMNIOS		164	0.22163396	1.0568585	0.34848484	0.7354831	1.0	1588	tags=14%, list=11%, signal=16%	
HP_APLASIA_HYPOPLASIA_OF_METATARSAL_BONES	HP_APLASIA_HYPOPLASIA_OF_METATARSAL_BONES		59	0.2616738	1.0568527	0.35506004	0.7351317	1.0	1366	tags=14%, list=9%, signal=15%	
HP_HYPOESTHESIA	HP_HYPOESTHESIA		23	0.32856894	1.056385	0.36414048	0.73630834	1.0	1257	tags=22%, list=8%, signal=24%	
HP_ABNORMAL_PROSTATE_MORPHOLOGY	HP_ABNORMAL_PROSTATE_MORPHOLOGY		31	0.30652228	1.0560011	0.37349397	0.73720306	1.0	4917	tags=45%, list=33%, signal=67%	
HP_MICROGLOSSIA	HP_MICROGLOSSIA		17	0.35664448	1.0559946	0.38407078	0.7368546	1.0	3532	tags=41%, list=23%, signal=54%	
HP_ABNORMAL_TRACHEAL_MORPHOLOGY	HP_ABNORMAL_TRACHEAL_MORPHOLOGY		156	0.22297552	1.0556004	0.34836704	0.7377631	1.0	5027	tags=37%, list=33%, signal=54%	
HP_ABNORMALITY_OF_FUNDUS_PIGMENTATION	HP_ABNORMALITY_OF_FUNDUS_PIGMENTATION		36	0.29037383	1.0555235	0.3691275	0.7376602	1.0	1605	tags=22%, list=11%, signal=25%	
GOBP_UNSATURATED_FATTY_ACID_BIOSYNTHETIC_PROCESS	GOBP_UNSATURATED_FATTY_ACID_BIOSYNTHETIC_PROCESS		50	0.2735611	1.0555161	0.36869565	0.73731667	1.0	3866	tags=34%, list=26%, signal=46%	
HP_ABNORMALITY_OF_T_CELL_PHYSIOLOGY	HP_ABNORMALITY_OF_T_CELL_PHYSIOLOGY		67	0.25345215	1.055473	0.3572621	0.7370845	1.0	1626	tags=16%, list=11%, signal=18%	
HP_SHORT_LONG_BONE	HP_SHORT_LONG_BONE		252	0.20782453	1.0553643	0.32753623	0.737087	1.0	2106	tags=15%, list=14%, signal=18%	
GOMF_ORGANIC_ANION_TRANSMEMBRANE_TRANSPORTER_ACTIVITY	GOMF_ORGANIC_ANION_TRANSMEMBRANE_TRANSPORTER_ACTIVITY		221	0.21487693	1.0552161	0.34188035	0.7372177	1.0	2615	tags=21%, list=17%, signal=25%	
HP_ABNORMAL_PATELLA_MORPHOLOGY	HP_ABNORMAL_PATELLA_MORPHOLOGY		97	0.24114154	1.0551403	0.36241612	0.73710287	1.0	3379	tags=26%, list=22%, signal=33%	
GOBP_REGULATION_OF_STEROID_BIOSYNTHETIC_PROCESS	GOBP_REGULATION_OF_STEROID_BIOSYNTHETIC_PROCESS		67	0.2537226	1.0550864	0.3539232	0.73692685	1.0	3843	tags=28%, list=25%, signal=38%	
GOBP_EMBRYONIC_ORGAN_MORPHOGENESIS	GOBP_EMBRYONIC_ORGAN_MORPHOGENESIS		271	0.20868865	1.0547249	0.31497175	0.73766875	1.0	3214	tags=25%, list=21%, signal=31%	
GOBP_CELLULAR_RESPONSE_TO_DEXAMETHASONE_STIMULUS	GOBP_CELLULAR_RESPONSE_TO_DEXAMETHASONE_STIMULUS		26	0.31753927	1.0546955	0.38421053	0.7373986	1.0	2441	tags=23%, list=16%, signal=27%	
GOBP_NEGATIVE_REGULATION_OF_SECRETION	GOBP_NEGATIVE_REGULATION_OF_SECRETION		135	0.22669795	1.0541718	0.3389313	0.73872286	1.0	4706	tags=39%, list=31%, signal=57%	
HP_ABNORMALITY_OF_THE_FEMALE_GENITALIA	HP_ABNORMALITY_OF_THE_FEMALE_GENITALIA		480	0.19529471	1.0536547	0.2991914	0.7400249	1.0	4281	tags=30%, list=28%, signal=41%	
GOBP_MEMBRANE_RAFT_ORGANIZATION	GOBP_MEMBRANE_RAFT_ORGANIZATION		25	0.31734303	1.053192	0.36869565	0.74115616	1.0	5264	tags=48%, list=35%, signal=74%	
HP_SYSTEMIC_LUPUS_ERYTHEMATOSUS	HP_SYSTEMIC_LUPUS_ERYTHEMATOSUS		27	0.30619708	1.0531695	0.3475298	0.74086285	1.0	5026	tags=48%, list=33%, signal=72%	
HP_ANENCEPHALY	HP_ANENCEPHALY		38	0.2874613	1.0529346	0.38762215	0.7412664	1.0	2056	tags=18%, list=14%, signal=21%	
GOBP_ERK1_AND_ERK2_CASCADE	GOBP_ERK1_AND_ERK2_CASCADE		260	0.20712943	1.0526506	0.31805158	0.7418291	1.0	3916	tags=30%, list=26%, signal=40%	
HP_ABNORMAL_CORONARY_ARTERY_MORPHOLOGY	HP_ABNORMAL_CORONARY_ARTERY_MORPHOLOGY		52	0.2655991	1.0526034	0.3679868	0.74161357	1.0	1731	tags=19%, list=11%, signal=22%	
GOMF_NEUROTRANSMITTER_RECEPTOR_ACTIVITY	GOMF_NEUROTRANSMITTER_RECEPTOR_ACTIVITY		91	0.24327163	1.0524709	0.37048665	0.7417007	1.0	4461	tags=46%, list=30%, signal=65%	
GOBP_DETECTION_OF_MECHANICAL_STIMULUS	GOBP_DETECTION_OF_MECHANICAL_STIMULUS		46	0.27577162	1.0523727	0.35664335	0.741647	1.0	4566	tags=41%, list=30%, signal=59%	
GOBP_KERATINOCYTE_PROLIFERATION	GOBP_KERATINOCYTE_PROLIFERATION		45	0.27286857	1.0523114	0.36842105	0.74147487	1.0	2563	tags=24%, list=17%, signal=29%	
GOBP_RESPONSE_TO_KETONE	GOBP_RESPONSE_TO_KETONE		192	0.21627735	1.0519551	0.34026745	0.7422838	1.0	2777	tags=22%, list=18%, signal=26%	
GOBP_ACUTE_PHASE_RESPONSE	GOBP_ACUTE_PHASE_RESPONSE		30	0.30841944	1.0518668	0.37477478	0.7421932	1.0	3850	tags=40%, list=25%, signal=54%	
HP_URETERAL_DUPLICATION	HP_URETERAL_DUPLICATION		44	0.27514032	1.0518608	0.36437908	0.74184453	1.0	2143	tags=20%, list=14%, signal=24%	
HP_COLON_CANCER	HP_COLON_CANCER		28	0.30990136	1.0517118	0.3851468	0.74198824	1.0	756	tags=18%, list=5%, signal=19%	
GOBP_GLUCAN_BIOSYNTHETIC_PROCESS	GOBP_GLUCAN_BIOSYNTHETIC_PROCESS		34	0.2946885	1.0511338	0.37883958	0.7435649	1.0	1185	tags=18%, list=8%, signal=19%	
GOMF_OXIDOREDUCTASE_ACTIVITY_ACTING_ON_NAD_P_H	GOMF_OXIDOREDUCTASE_ACTIVITY_ACTING_ON_NAD_P_H		88	0.24432305	1.051041	0.35691825	0.7434932	1.0	2081	tags=18%, list=14%, signal=21%	
GOBP_WOUND_HEALING	GOBP_WOUND_HEALING		360	0.19889638	1.0510314	0.33522728	0.74316496	1.0	4498	tags=33%, list=30%, signal=46%	
GOBP_NUCLEOSIDE_MONOPHOSPHATE_METABOLIC_PROCESS	GOBP_NUCLEOSIDE_MONOPHOSPHATE_METABOLIC_PROCESS		69	0.2524934	1.0503427	0.36033058	0.74508184	1.0	4230	tags=35%, list=28%, signal=48%	
GOBP_LEUKOCYTE_HOMEOSTASIS	GOBP_LEUKOCYTE_HOMEOSTASIS		92	0.23696326	1.0502412	0.34991974	0.74504817	1.0	2661	tags=23%, list=18%, signal=28%	
GOMF_METALLOENDOPEPTIDASE_ACTIVITY	GOMF_METALLOENDOPEPTIDASE_ACTIVITY		102	0.23641612	1.0498772	0.34935898	0.7458902	1.0	3785	tags=35%, list=25%, signal=47%	
GOCC_SARCOLEMMA	GOCC_SARCOLEMMA		124	0.23053668	1.049556	0.35358256	0.74658066	1.0	3031	tags=23%, list=20%, signal=28%	
HP_POSTAXIAL_POLYDACTYLY	HP_POSTAXIAL_POLYDACTYLY		136	0.22690032	1.0495445	0.3511811	0.74625045	1.0	4822	tags=35%, list=32%, signal=51%	
HP_ANTINEUTROPHIL_ANTIBODY_POSITIVITY	HP_ANTINEUTROPHIL_ANTIBODY_POSITIVITY		39	0.28506035	1.0494531	0.38434783	0.7461855	1.0	2630	tags=26%, list=17%, signal=31%	
HP_ABNORMAL_VESTIBULAR_FUNCTION	HP_ABNORMAL_VESTIBULAR_FUNCTION		168	0.21677755	1.0490814	0.34828103	0.74702847	1.0	3425	tags=27%, list=23%, signal=35%	
GOBP_NEGATIVE_REGULATION_OF_NF_KAPPAB_TRANSCRIPTION_FACTOR_ACTIVITY	GOBP_NEGATIVE_REGULATION_OF_NF_KAPPAB_TRANSCRIPTION_FACTOR_ACTIVITY		37	0.2859372	1.0489365	0.39003438	0.7471631	1.0	1446	tags=16%, list=10%, signal=18%	
HP_KERATITIS	HP_KERATITIS		83	0.2416556	1.0488609	0.35064936	0.74704003	1.0	2428	tags=19%, list=16%, signal=23%	
GOBP_TOLL_LIKE_RECEPTOR_SIGNALING_PATHWAY	GOBP_TOLL_LIKE_RECEPTOR_SIGNALING_PATHWAY		59	0.2544645	1.0485566	0.3586777	0.7476692	1.0	3040	tags=24%, list=20%, signal=30%	
GOMF_LIGAND_GATED_MONOATOMIC_ANION_CHANNEL_ACTIVITY	GOMF_LIGAND_GATED_MONOATOMIC_ANION_CHANNEL_ACTIVITY		40	0.2804392	1.0477301	0.37355372	0.7500712	1.0	4746	tags=50%, list=31%, signal=73%	
GOBP_POSITIVE_REGULATION_OF_IMMUNOGLOBULIN_PRODUCTION	GOBP_POSITIVE_REGULATION_OF_IMMUNOGLOBULIN_PRODUCTION		41	0.27980947	1.0477241	0.40564373	0.7497205	1.0	1276	tags=12%, list=8%, signal=13%	
GOBP_SUPEROXIDE_METABOLIC_PROCESS	GOBP_SUPEROXIDE_METABOLIC_PROCESS		58	0.26067254	1.0473359	0.35714287	0.7506156	1.0	4857	tags=41%, list=32%, signal=61%	
GOBP_POSITIVE_REGULATION_OF_INSULIN_SECRETION_INVOLVED_IN_CELLULAR_RESPONSE_TO_GLUCOSE_STIMULUS	GOBP_POSITIVE_REGULATION_OF_INSULIN_SECRETION_INVOLVED_IN_CELLULAR_RESPONSE_TO_GLUCOSE_STIMULUS		35	0.28571022	1.0473117	0.38726333	0.7503238	1.0	2225	tags=20%, list=15%, signal=23%	
GOBP_SYNCYTIUM_FORMATION	GOBP_SYNCYTIUM_FORMATION		47	0.27361637	1.0472982	0.37649062	0.7500067	1.0	2620	tags=26%, list=17%, signal=31%	
GOBP_REGULATION_OF_SYSTEMIC_ARTERIAL_BLOOD_PRESSURE_BY_RENIN_ANGIOTENSIN	GOBP_REGULATION_OF_SYSTEMIC_ARTERIAL_BLOOD_PRESSURE_BY_RENIN_ANGIOTENSIN		24	0.31281102	1.047082	0.38958707	0.7503411	1.0	3329	tags=38%, list=22%, signal=48%	
HP_ALOPECIA	HP_ALOPECIA		208	0.21153459	1.0470761	0.3505747	0.7499951	1.0	3379	tags=25%, list=22%, signal=32%	
GOCC_PROTEIN_PHOSPHATASE_TYPE_1_COMPLEX	GOCC_PROTEIN_PHOSPHATASE_TYPE_1_COMPLEX		19	0.34218583	1.0469917	0.41312057	0.74990433	1.0	80	tags=11%, list=1%, signal=11%	
HP_ABNORMAL_RAPID_EYE_MOVEMENT_SLEEP	HP_ABNORMAL_RAPID_EYE_MOVEMENT_SLEEP		18	0.3461399	1.0469478	0.4	0.749695	1.0	3354	tags=33%, list=22%, signal=43%	
GOCC_PROTEIN_LIPID_COMPLEX	GOCC_PROTEIN_LIPID_COMPLEX		25	0.31482714	1.045951	0.39652175	0.7525615	1.0	1795	tags=20%, list=12%, signal=23%	
HP_PLEURITIS	HP_PLEURITIS		21	0.3370146	1.0456104	0.37638375	0.7532907	1.0	5026	tags=62%, list=33%, signal=93%	
HP_HYPOGLYCEMIA	HP_HYPOGLYCEMIA		227	0.20807041	1.0455977	0.33333334	0.7529719	1.0	3786	tags=27%, list=25%, signal=36%	
GOCC_EARLY_ENDOSOME_MEMBRANE	GOCC_EARLY_ENDOSOME_MEMBRANE		178	0.2148347	1.0455915	0.36090225	0.75262386	1.0	2090	tags=16%, list=14%, signal=19%	
GOMF_CARBOHYDRATE_DERIVATIVE_TRANSMEMBRANE_TRANSPORTER_ACTIVITY	GOMF_CARBOHYDRATE_DERIVATIVE_TRANSMEMBRANE_TRANSPORTER_ACTIVITY		45	0.27591023	1.0455564	0.38250428	0.7523658	1.0	3328	tags=27%, list=22%, signal=34%	
HP_UNUSUAL_VIRAL_INFECTION	HP_UNUSUAL_VIRAL_INFECTION		20	0.339809	1.045543	0.4076655	0.7520448	1.0	784	tags=15%, list=5%, signal=16%	
GOBP_TELOMERE_CAPPING	GOBP_TELOMERE_CAPPING		22	0.3235572	1.0454881	0.41165414	0.7518548	1.0	118	tags=9%, list=1%, signal=9%	
GOBP_REGULATION_OF_MYELOID_CELL_APOPTOTIC_PROCESS	GOBP_REGULATION_OF_MYELOID_CELL_APOPTOTIC_PROCESS		22	0.33378845	1.0451303	0.40142095	0.75263876	1.0	2139	tags=27%, list=14%, signal=32%	
HP_APLASTIC_HYPOPLASTIC_TOENAIL	HP_APLASTIC_HYPOPLASTIC_TOENAIL		101	0.23483513	1.0449387	0.37980768	0.7528792	1.0	3359	tags=28%, list=22%, signal=35%	
GOBP_POSITIVE_REGULATION_OF_LEUKOCYTE_DEGRANULATION	GOBP_POSITIVE_REGULATION_OF_LEUKOCYTE_DEGRANULATION		20	0.32654297	1.0443251	0.40441176	0.7545119	1.0	3256	tags=35%, list=22%, signal=45%	
HP_ASTROCYTOMA	HP_ASTROCYTOMA		16	0.3614359	1.0441581	0.37544483	0.75471747	1.0	3734	tags=44%, list=25%, signal=58%	
GOBP_EMBRYONIC_HEART_TUBE_DEVELOPMENT	GOBP_EMBRYONIC_HEART_TUBE_DEVELOPMENT		74	0.25216395	1.0437262	0.38747886	0.755729	1.0	3599	tags=31%, list=24%, signal=41%	
GOBP_PLATELET_ACTIVATION	GOBP_PLATELET_ACTIVATION		116	0.2312924	1.0433925	0.3716012	0.7564831	1.0	4490	tags=36%, list=30%, signal=51%	
HP_ABNORMALITY_OF_ABDOMINAL_SITUS	HP_ABNORMALITY_OF_ABDOMINAL_SITUS		19	0.3353655	1.0429626	0.35985532	0.75749236	1.0	4324	tags=53%, list=29%, signal=74%	
GOBP_KETONE_BIOSYNTHETIC_PROCESS	GOBP_KETONE_BIOSYNTHETIC_PROCESS		47	0.27091312	1.04292	0.37248322	0.7572604	1.0	699	tags=13%, list=5%, signal=13%	
GOMF_CYSTEINE_TYPE_ENDOPEPTIDASE_INHIBITOR_ACTIVITY	GOMF_CYSTEINE_TYPE_ENDOPEPTIDASE_INHIBITOR_ACTIVITY		18	0.33497077	1.0427997	0.4	0.7572806	1.0	2930	tags=28%, list=19%, signal=34%	
GOBP_CELL_CELL_JUNCTION_ASSEMBLY	GOBP_CELL_CELL_JUNCTION_ASSEMBLY		135	0.22675815	1.0425117	0.38330758	0.7578544	1.0	978	tags=13%, list=6%, signal=13%	
HP_ABNORMAL_DLCO	HP_ABNORMAL_DLCO		21	0.3268801	1.0424988	0.38435373	0.7575302	1.0	1525	tags=19%, list=10%, signal=21%	
GOBP_CELLULAR_RESPONSE_TO_MOLECULE_OF_BACTERIAL_ORIGIN	GOBP_CELLULAR_RESPONSE_TO_MOLECULE_OF_BACTERIAL_ORIGIN		162	0.21928664	1.0421385	0.3633678	0.7583813	1.0	3204	tags=26%, list=21%, signal=33%	
GOBP_POSITIVE_REGULATION_OF_T_CELL_MIGRATION	GOBP_POSITIVE_REGULATION_OF_T_CELL_MIGRATION		26	0.30821005	1.0420448	0.3982456	0.75831884	1.0	4603	tags=50%, list=30%, signal=72%	
HP_HYPERCONVEX_NAIL	HP_HYPERCONVEX_NAIL		20	0.3377177	1.0416278	0.41742286	0.7593263	1.0	4255	tags=50%, list=28%, signal=70%	
GOBP_SUPEROXIDE_ANION_GENERATION	GOBP_SUPEROXIDE_ANION_GENERATION		32	0.29675445	1.0415943	0.37241378	0.75907284	1.0	4857	tags=47%, list=32%, signal=69%	
GOBP_ESTABLISHMENT_OF_EPITHELIAL_CELL_POLARITY	GOBP_ESTABLISHMENT_OF_EPITHELIAL_CELL_POLARITY		30	0.30491573	1.0414879	0.40521738	0.7590478	1.0	3146	tags=33%, list=21%, signal=42%	
GOBP_REPRODUCTIVE_SYSTEM_DEVELOPMENT	GOBP_REPRODUCTIVE_SYSTEM_DEVELOPMENT		263	0.20701589	1.0414549	0.36263737	0.75878626	1.0	3585	tags=27%, list=24%, signal=34%	
GOBP_CARTILAGE_DEVELOPMENT	GOBP_CARTILAGE_DEVELOPMENT		186	0.21366689	1.0411432	0.36510265	0.75945014	1.0	3750	tags=28%, list=25%, signal=37%	
GOBP_PITUITARY_GLAND_DEVELOPMENT	GOBP_PITUITARY_GLAND_DEVELOPMENT		37	0.29057452	1.040857	0.4205298	0.7600408	1.0	4644	tags=51%, list=31%, signal=74%	
GOBP_NEGATIVE_REGULATION_OF_REPRODUCTIVE_PROCESS	GOBP_NEGATIVE_REGULATION_OF_REPRODUCTIVE_PROCESS		62	0.2576514	1.0396198	0.39157566	0.76378465	1.0	4798	tags=40%, list=32%, signal=59%	
GOBP_RESPONSE_TO_AMINE	GOBP_RESPONSE_TO_AMINE		39	0.27715996	1.0394548	0.39130434	0.76397234	1.0	3392	tags=31%, list=22%, signal=40%	
GOBP_POSITIVE_REGULATION_OF_EXTRINSIC_APOPTOTIC_SIGNALING_PATHWAY	GOBP_POSITIVE_REGULATION_OF_EXTRINSIC_APOPTOTIC_SIGNALING_PATHWAY		48	0.26666832	1.0392911	0.38447973	0.7641456	1.0	3095	tags=29%, list=20%, signal=37%	
GOBP_MONONUCLEAR_CELL_DIFFERENTIATION	GOBP_MONONUCLEAR_CELL_DIFFERENTIATION		398	0.19640248	1.0392411	0.33873144	0.7639446	1.0	3736	tags=28%, list=25%, signal=36%	
GOMF_COPPER_ION_BINDING	GOMF_COPPER_ION_BINDING		48	0.2707035	1.038967	0.3983471	0.7644791	1.0	6065	tags=54%, list=40%, signal=90%	
GOBP_INTRACELLULAR_COPPER_ION_HOMEOSTASIS	GOBP_INTRACELLULAR_COPPER_ION_HOMEOSTASIS		17	0.34035313	1.0388024	0.39750445	0.76466227	1.0	3027	tags=29%, list=20%, signal=37%	
GOBP_PURINE_NUCLEOTIDE_BIOSYNTHETIC_PROCESS	GOBP_PURINE_NUCLEOTIDE_BIOSYNTHETIC_PROCESS		162	0.21708776	1.0385263	0.3589365	0.7652001	1.0	2809	tags=22%, list=19%, signal=27%	
GOBP_CARBOHYDRATE_METABOLIC_PROCESS	GOBP_CARBOHYDRATE_METABOLIC_PROCESS		470	0.19279312	1.0382704	0.34445927	0.7656879	1.0	3675	tags=24%, list=24%, signal=31%	
GOBP_POSITIVE_REGULATION_OF_BLOOD_CIRCULATION	GOBP_POSITIVE_REGULATION_OF_BLOOD_CIRCULATION		35	0.29107198	1.0378706	0.37870854	0.7666683	1.0	3573	tags=37%, list=24%, signal=49%	
GOBP_REGULATION_OF_T_HELPER_CELL_DIFFERENTIATION	GOBP_REGULATION_OF_T_HELPER_CELL_DIFFERENTIATION		33	0.29474452	1.0373131	0.41509435	0.76809525	1.0	3375	tags=33%, list=22%, signal=43%	
GOBP_MULTICELLULAR_ORGANISMAL_MOVEMENT	GOBP_MULTICELLULAR_ORGANISMAL_MOVEMENT		52	0.26049477	1.0372537	0.38795987	0.7679153	1.0	3085	tags=29%, list=20%, signal=36%	
GOBP_POSITIVE_REGULATION_OF_PEPTIDE_SECRETION	GOBP_POSITIVE_REGULATION_OF_PEPTIDE_SECRETION		97	0.23357186	1.0371732	0.384375	0.76782894	1.0	4918	tags=42%, list=33%, signal=62%	
HP_PULMONARY_ARTERY_STENOSIS	HP_PULMONARY_ARTERY_STENOSIS		78	0.2409292	1.0371577	0.37966102	0.7675194	1.0	3241	tags=28%, list=21%, signal=36%	
HP_ABNORMAL_CIRCULATING_VITAMIN_E_CONCENTRATION	HP_ABNORMAL_CIRCULATING_VITAMIN_E_CONCENTRATION		17	0.3453613	1.0368793	0.40569395	0.7680356	1.0	5812	tags=65%, list=38%, signal=105%	
GOBP_SMOOTH_MUSCLE_CONTRACTION	GOBP_SMOOTH_MUSCLE_CONTRACTION		91	0.23581895	1.0368577	0.39810428	0.767728	1.0	4898	tags=45%, list=32%, signal=66%	
GOMF_SOLUTE_INORGANIC_ANION_ANTIPORTER_ACTIVITY	GOMF_SOLUTE_INORGANIC_ANION_ANTIPORTER_ACTIVITY		25	0.31283432	1.0367862	0.40106952	0.76761264	1.0	3533	tags=32%, list=23%, signal=42%	
GOBP_RESPONSE_TO_DIETARY_EXCESS	GOBP_RESPONSE_TO_DIETARY_EXCESS		25	0.3102039	1.03642	0.39616057	0.7684887	1.0	4556	tags=52%, list=30%, signal=74%	
GOBP_GLYCEROL_ETHER_METABOLIC_PROCESS	GOBP_GLYCEROL_ETHER_METABOLIC_PROCESS		17	0.35001054	1.0364169	0.39335665	0.76813227	1.0	1795	tags=24%, list=12%, signal=27%	
GOBP_NUCLEOTIDE_BIOSYNTHETIC_PROCESS	GOBP_NUCLEOTIDE_BIOSYNTHETIC_PROCESS		195	0.21125522	1.0364069	0.3755523	0.7678001	1.0	4809	tags=35%, list=32%, signal=51%	
GOBP_SYMBIONT_ENTRY_INTO_HOST	GOBP_SYMBIONT_ENTRY_INTO_HOST		112	0.22915034	1.0360566	0.3983871	0.76861066	1.0	5134	tags=41%, list=34%, signal=62%	
GOBP_NEGATIVE_REGULATION_OF_ION_TRANSMEMBRANE_TRANSPORTER_ACTIVITY	GOBP_NEGATIVE_REGULATION_OF_ION_TRANSMEMBRANE_TRANSPORTER_ACTIVITY		22	0.32905856	1.0360112	0.39761093	0.7683903	1.0	4712	tags=41%, list=31%, signal=59%	
HP_MICRODONTIA	HP_MICRODONTIA		163	0.21666387	1.0359783	0.3642857	0.7681291	1.0	3241	tags=25%, list=21%, signal=31%	
GOCC_INTERCELLULAR_BRIDGE	GOCC_INTERCELLULAR_BRIDGE		93	0.23616785	1.0359197	0.40288925	0.7679455	1.0	3212	tags=25%, list=21%, signal=31%	
GOBP_REGULATION_OF_ACUTE_INFLAMMATORY_RESPONSE	GOBP_REGULATION_OF_ACUTE_INFLAMMATORY_RESPONSE		30	0.30226135	1.035919	0.40508476	0.76758367	1.0	3850	tags=37%, list=25%, signal=49%	
HP_MALE_PSEUDOHERMAPHRODITISM	HP_MALE_PSEUDOHERMAPHRODITISM		36	0.2843042	1.0358472	0.4	0.76745135	1.0	1465	tags=22%, list=10%, signal=25%	
GOBP_CALCIUM_ION_TRANSMEMBRANE_IMPORT_INTO_CYTOSOL	GOBP_CALCIUM_ION_TRANSMEMBRANE_IMPORT_INTO_CYTOSOL		144	0.21728414	1.035085	0.38530734	0.7696697	1.0	4684	tags=40%, list=31%, signal=58%	
HP_SHORT_DISTAL_PHALANX_OF_FINGER	HP_SHORT_DISTAL_PHALANX_OF_FINGER		107	0.23129399	1.0346528	0.36824325	0.7707063	1.0	4784	tags=41%, list=32%, signal=60%	
HP_PATELLAR_DISLOCATION	HP_PATELLAR_DISLOCATION		63	0.25201502	1.034266	0.3980424	0.77159446	1.0	3379	tags=29%, list=22%, signal=37%	
GOBP_IMMUNE_SYSTEM_DEVELOPMENT	GOBP_IMMUNE_SYSTEM_DEVELOPMENT		161	0.21792617	1.0342478	0.39673105	0.77129316	1.0	3566	tags=25%, list=24%, signal=33%	
GOMF_TRANSFORMING_GROWTH_FACTOR_BETA_RECEPTOR_BINDING	GOMF_TRANSFORMING_GROWTH_FACTOR_BETA_RECEPTOR_BINDING		20	0.3349552	1.0341716	0.41454545	0.77118105	1.0	3211	tags=30%, list=21%, signal=38%	
HP_BRADYCARDIA	HP_BRADYCARDIA		74	0.24791886	1.0337877	0.39534885	0.7720677	1.0	4665	tags=36%, list=31%, signal=53%	
HP_GINGIVAL_OVERGROWTH	HP_GINGIVAL_OVERGROWTH		107	0.22924162	1.0336802	0.37048665	0.7720584	1.0	3290	tags=26%, list=22%, signal=33%	
GOBP_FIBRINOLYSIS	GOBP_FIBRINOLYSIS		17	0.34117472	1.0336617	0.42382812	0.77175653	1.0	8	tags=6%, list=0%, signal=6%	
GOCC_EXTERNAL_ENCAPSULATING_STRUCTURE	GOCC_EXTERNAL_ENCAPSULATING_STRUCTURE		454	0.19212729	1.0335687	0.34699455	0.7716942	1.0	3859	tags=29%, list=26%, signal=38%	
GOBP_LUNG_EPITHELIUM_DEVELOPMENT	GOBP_LUNG_EPITHELIUM_DEVELOPMENT		45	0.2723863	1.0334675	0.39649123	0.77166754	1.0	4644	tags=42%, list=31%, signal=61%	
HP_MIDDLE_AGE_ONSET	HP_MIDDLE_AGE_ONSET		213	0.20858878	1.0333484	0.39583334	0.77169347	1.0	4274	tags=32%, list=28%, signal=45%	
GOCC_KINETOCHORE_MICROTUBULE	GOCC_KINETOCHORE_MICROTUBULE		19	0.3324035	1.0332983	0.41156462	0.7715102	1.0	2668	tags=26%, list=18%, signal=32%	
GOMF_SH3_DOMAIN_BINDING	GOMF_SH3_DOMAIN_BINDING		102	0.23475732	1.0331285	0.40614888	0.77169794	1.0	2205	tags=21%, list=15%, signal=24%	
GOCC_PODOSOME	GOCC_PODOSOME		38	0.27730408	1.0330604	0.39419794	0.7715637	1.0	3891	tags=32%, list=26%, signal=42%	
HP_SOFT_SKIN	HP_SOFT_SKIN		39	0.27555323	1.0329311	0.39558575	0.77163374	1.0	2596	tags=26%, list=17%, signal=31%	
GOBP_POSITIVE_REGULATION_OF_PROTEIN_LOCALIZATION_TO_PLASMA_MEMBRANE	GOBP_POSITIVE_REGULATION_OF_PROTEIN_LOCALIZATION_TO_PLASMA_MEMBRANE		55	0.25901735	1.0329286	0.39434275	0.7712779	1.0	1252	tags=15%, list=8%, signal=16%	
HP_ABNORMAL_CORNEAL_THICKNESS	HP_ABNORMAL_CORNEAL_THICKNESS		109	0.22759299	1.0328892	0.3904321	0.7710593	1.0	3116	tags=25%, list=21%, signal=31%	
HP_ABNORMALITY_OF_JAW_MUSCLES	HP_ABNORMALITY_OF_JAW_MUSCLES		26	0.30769515	1.0328788	0.40144664	0.7707313	1.0	2283	tags=31%, list=15%, signal=36%	
HP_ABNORMALITY_OF_LIPOPROTEIN_CHOLESTEROL_CONCENTRATION	HP_ABNORMALITY_OF_LIPOPROTEIN_CHOLESTEROL_CONCENTRATION		67	0.2501798	1.0328231	0.39044482	0.7705628	1.0	2997	tags=22%, list=20%, signal=28%	
HP_PULMONARY_OPACITY	HP_PULMONARY_OPACITY		17	0.35120893	1.0327629	0.43510056	0.7704049	1.0	4644	tags=41%, list=31%, signal=59%	
HP_COMBINED_IMMUNODEFICIENCY	HP_COMBINED_IMMUNODEFICIENCY		30	0.3047171	1.0327444	0.4057239	0.7701072	1.0	5100	tags=47%, list=34%, signal=70%	
HP_RIGHT_AORTIC_ARCH	HP_RIGHT_AORTIC_ARCH		22	0.32419908	1.0327379	0.4075993	0.76976675	1.0	1731	tags=27%, list=11%, signal=31%	
GOBP_POSITIVE_REGULATION_OF_STEROID_BIOSYNTHETIC_PROCESS	GOBP_POSITIVE_REGULATION_OF_STEROID_BIOSYNTHETIC_PROCESS		21	0.32748953	1.0326365	0.4039855	0.7697417	1.0	4259	tags=33%, list=28%, signal=46%	
GOBP_LYMPHOCYTE_APOPTOTIC_PROCESS	GOBP_LYMPHOCYTE_APOPTOTIC_PROCESS		67	0.2511851	1.0324403	0.4	0.7700387	1.0	2919	tags=27%, list=19%, signal=33%	
GOBP_POSITIVE_REGULATION_OF_NON_CANONICAL_NF_KAPPAB_SIGNAL_TRANSDUCTION	GOBP_POSITIVE_REGULATION_OF_NON_CANONICAL_NF_KAPPAB_SIGNAL_TRANSDUCTION		55	0.26078865	1.0323532	0.4064171	0.7699615	1.0	3396	tags=31%, list=22%, signal=40%	
HP_ABNORMAL_SIZE_OF_THE_DENTAL_ROOT	HP_ABNORMAL_SIZE_OF_THE_DENTAL_ROOT		16	0.3523703	1.0322982	0.40819964	0.7697833	1.0	2708	tags=38%, list=18%, signal=46%	
GOBP_GLUCOSAMINE_CONTAINING_COMPOUND_METABOLIC_PROCESS	GOBP_GLUCOSAMINE_CONTAINING_COMPOUND_METABOLIC_PROCESS		25	0.3105777	1.0320635	0.40439934	0.77020484	1.0	1315	tags=20%, list=9%, signal=22%	
GOBP_DETECTION_OF_VISIBLE_LIGHT	GOBP_DETECTION_OF_VISIBLE_LIGHT		23	0.31534094	1.0311852	0.41811848	0.7727066	1.0	2015	tags=26%, list=13%, signal=30%	
GOBP_INOSITOL_PHOSPHATE_BIOSYNTHETIC_PROCESS	GOBP_INOSITOL_PHOSPHATE_BIOSYNTHETIC_PROCESS		21	0.3344596	1.0307395	0.41769913	0.7737869	1.0	1392	tags=24%, list=9%, signal=26%	
GOMF_ATP_HYDROLYSIS_ACTIVITY	GOMF_ATP_HYDROLYSIS_ACTIVITY		375	0.1959941	1.0298735	0.38594165	0.77624255	1.0	2965	tags=20%, list=20%, signal=24%	
GOBP_REGULATION_OF_NEUROTRANSMITTER_UPTAKE	GOBP_REGULATION_OF_NEUROTRANSMITTER_UPTAKE		19	0.33513308	1.0298291	0.41417912	0.77602625	1.0	4194	tags=47%, list=28%, signal=65%	
GOMF_CYTOSKELETAL_MOTOR_ACTIVITY	GOMF_CYTOSKELETAL_MOTOR_ACTIVITY		95	0.23077162	1.0295644	0.39102563	0.77657586	1.0	2881	tags=24%, list=19%, signal=30%	
GOMF_STRUCTURAL_CONSTITUENT_OF_MUSCLE	GOMF_STRUCTURAL_CONSTITUENT_OF_MUSCLE		34	0.2880282	1.0294298	0.40464345	0.7766597	1.0	4578	tags=44%, list=30%, signal=63%	
GOBP_REGULATION_OF_EPITHELIAL_CELL_DIFFERENTIATION_INVOLVED_IN_KIDNEY_DEVELOPMENT	GOBP_REGULATION_OF_EPITHELIAL_CELL_DIFFERENTIATION_INVOLVED_IN_KIDNEY_DEVELOPMENT		15	0.35524344	1.0293856	0.42509362	0.77644485	1.0	3451	tags=47%, list=23%, signal=60%	
HP_NEOPLASM_OF_THE_LIVER	HP_NEOPLASM_OF_THE_LIVER		104	0.22907393	1.0293107	0.40031645	0.7763397	1.0	4242	tags=36%, list=28%, signal=49%	
GOBP_POSITIVE_REGULATION_OF_COLLAGEN_METABOLIC_PROCESS	GOBP_POSITIVE_REGULATION_OF_COLLAGEN_METABOLIC_PROCESS		20	0.32891622	1.0290879	0.40714285	0.7766784	1.0	3329	tags=35%, list=22%, signal=45%	
GOBP_REGULATION_OF_MYELOID_LEUKOCYTE_MEDIATED_IMMUNITY	GOBP_REGULATION_OF_MYELOID_LEUKOCYTE_MEDIATED_IMMUNITY		44	0.27239087	1.0290322	0.4364261	0.7764896	1.0	3608	tags=34%, list=24%, signal=45%	
HP_HYPOGONADOTROPIC_HYPOGONADISM	HP_HYPOGONADOTROPIC_HYPOGONADISM		141	0.22010152	1.0285738	0.41025642	0.77762246	1.0	2094	tags=18%, list=14%, signal=20%	
GOBP_ACTION_POTENTIAL	GOBP_ACTION_POTENTIAL		145	0.22130178	1.028125	0.37650603	0.7787235	1.0	3705	tags=30%, list=25%, signal=39%	
HP_EXTERNAL_GENITAL_HYPOPLASIA	HP_EXTERNAL_GENITAL_HYPOPLASIA		457	0.19045109	1.028057	0.37986577	0.7785952	1.0	2631	tags=19%, list=17%, signal=23%	
HP_ELEVATED_URINARY_CARBOXYLIC_ACID	HP_ELEVATED_URINARY_CARBOXYLIC_ACID		91	0.23552153	1.0278904	0.37914693	0.7788052	1.0	5383	tags=38%, list=36%, signal=59%	
HP_ABNORMALITY_OF_THE_VASCULATURE_OF_THE_EYE	HP_ABNORMALITY_OF_THE_VASCULATURE_OF_THE_EYE		328	0.19652466	1.0278347	0.36797753	0.7786233	1.0	4607	tags=31%, list=30%, signal=44%	
GOBP_MORPHOGENESIS_OF_AN_EPITHELIUM	GOBP_MORPHOGENESIS_OF_AN_EPITHELIUM		450	0.19170113	1.0278231	0.38269988	0.77829796	1.0	3644	tags=26%, list=24%, signal=34%	
GOMF_LIPOPOLYSACCHARIDE_BINDING	GOMF_LIPOPOLYSACCHARIDE_BINDING		23	0.31556946	1.0270272	0.43267503	0.78055227	1.0	3040	tags=35%, list=20%, signal=43%	
HP_SPARSE_BODY_HAIR	HP_SPARSE_BODY_HAIR		47	0.2664347	1.0267873	0.42692938	0.7809938	1.0	5234	tags=53%, list=35%, signal=81%	
GOBP_CORTICAL_ACTIN_CYTOSKELETON_ORGANIZATION	GOBP_CORTICAL_ACTIN_CYTOSKELETON_ORGANIZATION		37	0.2780115	1.0267447	0.4054983	0.78077275	1.0	2676	tags=24%, list=18%, signal=29%	
GOCC_POSTSYNAPTIC_DENSITY_INTRACELLULAR_COMPONENT	GOCC_POSTSYNAPTIC_DENSITY_INTRACELLULAR_COMPONENT		16	0.35732016	1.0261844	0.42402828	0.78224176	1.0	4384	tags=44%, list=29%, signal=62%	
GOBP_MITOCHONDRIAL_ELECTRON_TRANSPORT_NADH_TO_UBIQUINONE	GOBP_MITOCHONDRIAL_ELECTRON_TRANSPORT_NADH_TO_UBIQUINONE		47	0.26766154	1.0260034	0.42857143	0.78247	1.0	2081	tags=17%, list=14%, signal=20%	
GOMF_METALLOCARBOXYPEPTIDASE_ACTIVITY	GOMF_METALLOCARBOXYPEPTIDASE_ACTIVITY		30	0.29661563	1.0258462	0.40168068	0.78262514	1.0	2209	tags=27%, list=15%, signal=31%	
GOMF_PHOSPHATIDYLINOSITOL_4_5_BISPHOSPHATE_PHOSPHOLIPASE_C_ACTIVITY	GOMF_PHOSPHATIDYLINOSITOL_4_5_BISPHOSPHATE_PHOSPHOLIPASE_C_ACTIVITY		19	0.33213148	1.0255715	0.4375	0.7831422	1.0	4439	tags=53%, list=29%, signal=74%	
GOBP_PHENOL_CONTAINING_COMPOUND_METABOLIC_PROCESS	GOBP_PHENOL_CONTAINING_COMPOUND_METABOLIC_PROCESS		92	0.2325261	1.0253178	0.41290322	0.7836213	1.0	3442	tags=35%, list=23%, signal=45%	
GOMF_EXTRACELLULAR_MATRIX_STRUCTURAL_CONSTITUENT	GOMF_EXTRACELLULAR_MATRIX_STRUCTURAL_CONSTITUENT		140	0.21780786	1.0247132	0.42097488	0.78520286	1.0	3504	tags=27%, list=23%, signal=35%	
GOBP_POSITIVE_REGULATION_OF_GLIAL_CELL_PROLIFERATION	GOBP_POSITIVE_REGULATION_OF_GLIAL_CELL_PROLIFERATION		16	0.34939855	1.0247014	0.431694	0.7848882	1.0	2002	tags=25%, list=13%, signal=29%	
GOBP_ACTIN_FILAMENT_ORGANIZATION	GOBP_ACTIN_FILAMENT_ORGANIZATION		399	0.1933693	1.0240511	0.37733334	0.7866232	1.0	1728	tags=15%, list=11%, signal=16%	
GOBP_EAR_DEVELOPMENT	GOBP_EAR_DEVELOPMENT		211	0.20484304	1.0238397	0.39244187	0.7869598	1.0	3214	tags=26%, list=21%, signal=32%	
GOBP_HEMATOPOIETIC_STEM_CELL_PROLIFERATION	GOBP_HEMATOPOIETIC_STEM_CELL_PROLIFERATION		31	0.2958738	1.0238107	0.41373533	0.78670603	1.0	1643	tags=23%, list=11%, signal=25%	
GOBP_RESPONSE_TO_PLATELET_DERIVED_GROWTH_FACTOR	GOBP_RESPONSE_TO_PLATELET_DERIVED_GROWTH_FACTOR		23	0.31233194	1.0233921	0.4251825	0.7877131	1.0	4207	tags=43%, list=28%, signal=60%	
HP_YELLOW_WHITE_LESIONS_OF_THE_MACULA	HP_YELLOW_WHITE_LESIONS_OF_THE_MACULA		16	0.33973125	1.0233874	0.43233743	0.78736794	1.0	2472	tags=25%, list=16%, signal=30%	
HP_ABNORMALITY_OF_THE_PUBIC_HAIR	HP_ABNORMALITY_OF_THE_PUBIC_HAIR		46	0.26739264	1.0233871	0.42255893	0.78700674	1.0	3251	tags=26%, list=22%, signal=33%	
GOBP_REGULATION_OF_MAST_CELL_DEGRANULATION	GOBP_REGULATION_OF_MAST_CELL_DEGRANULATION		24	0.3108722	1.0230471	0.42105263	0.7877424	1.0	3423	tags=42%, list=23%, signal=54%	
GOMF_LIGAND_MODULATED_TRANSCRIPTION_FACTOR_ACTIVITY	GOMF_LIGAND_MODULATED_TRANSCRIPTION_FACTOR_ACTIVITY		54	0.25880945	1.0228891	0.42636988	0.78791374	1.0	1018	tags=13%, list=7%, signal=14%	
GOBP_RESPONSE_TO_FUNGUS	GOBP_RESPONSE_TO_FUNGUS		39	0.2805724	1.0227847	0.41025642	0.7878995	1.0	4545	tags=38%, list=30%, signal=55%	
HP_APLASIA_HYPOPLASIA_OF_THE_4TH_METACARPAL	HP_APLASIA_HYPOPLASIA_OF_THE_4TH_METACARPAL		16	0.35027376	1.0226717	0.4270073	0.78789777	1.0	733	tags=13%, list=5%, signal=13%	
GOBP_POSITIVE_REGULATION_OF_MOLECULAR_FUNCTION	GOBP_POSITIVE_REGULATION_OF_MOLECULAR_FUNCTION		493	0.1903002	1.0225289	0.3781965	0.7879962	1.0	3110	tags=23%, list=21%, signal=28%	
GOBP_EPITHELIAL_CELL_DEVELOPMENT	GOBP_EPITHELIAL_CELL_DEVELOPMENT		189	0.20998457	1.022369	0.40058056	0.7881689	1.0	2605	tags=22%, list=17%, signal=27%	
GOBP_REGULATION_OF_DNA_TEMPLATED_DNA_REPLICATION	GOBP_REGULATION_OF_DNA_TEMPLATED_DNA_REPLICATION		38	0.27722046	1.0221622	0.41385135	0.78847826	1.0	1988	tags=21%, list=13%, signal=24%	
HP_ABNORMAL_ALVEOLAR_RIDGE_MORPHOLOGY	HP_ABNORMAL_ALVEOLAR_RIDGE_MORPHOLOGY		41	0.27107686	1.02182	0.40604028	0.789242	1.0	2989	tags=24%, list=20%, signal=30%	
GOBP_STRIATED_MUSCLE_CELL_APOPTOTIC_PROCESS	GOBP_STRIATED_MUSCLE_CELL_APOPTOTIC_PROCESS		37	0.2788433	1.0216042	0.43782836	0.789624	1.0	1867	tags=19%, list=12%, signal=22%	
HP_INAPPROPRIATE_CRYING	HP_INAPPROPRIATE_CRYING		17	0.34449875	1.0211494	0.41917294	0.7907726	1.0	3087	tags=24%, list=20%, signal=30%	
GOMF_CARGO_RECEPTOR_ACTIVITY	GOMF_CARGO_RECEPTOR_ACTIVITY		60	0.2556617	1.0210941	0.40716612	0.7905965	1.0	1748	tags=20%, list=12%, signal=23%	
GOBP_REGULATION_OF_PROTEIN_TARGETING_TO_MEMBRANE	GOBP_REGULATION_OF_PROTEIN_TARGETING_TO_MEMBRANE		32	0.28818145	1.0207012	0.41906476	0.79152846	1.0	3294	tags=31%, list=22%, signal=40%	
HP_INTRACRANIAL_HEMORRHAGE	HP_INTRACRANIAL_HEMORRHAGE		120	0.22329493	1.020668	0.41856676	0.79127306	1.0	2596	tags=18%, list=17%, signal=22%	
GOBP_CELL_SUBSTRATE_ADHESION	GOBP_CELL_SUBSTRATE_ADHESION		311	0.19925359	1.0205818	0.42039105	0.79119766	1.0	2514	tags=18%, list=17%, signal=21%	
GOMF_CADHERIN_BINDING_INVOLVED_IN_CELL_CELL_ADHESION	GOMF_CADHERIN_BINDING_INVOLVED_IN_CELL_CELL_ADHESION		17	0.33845657	1.0205593	0.44485295	0.7909085	1.0	4960	tags=53%, list=33%, signal=79%	
GOMF_DNA_BINDING_TRANSCRIPTION_ACTIVATOR_ACTIVITY	GOMF_DNA_BINDING_TRANSCRIPTION_ACTIVATOR_ACTIVITY		364	0.19479424	1.0204725	0.4297082	0.79083836	1.0	3599	tags=27%, list=24%, signal=34%	
GOBP_HEMOSTASIS	GOBP_HEMOSTASIS		204	0.2061175	1.0204175	0.41310975	0.7906468	1.0	4371	tags=32%, list=29%, signal=45%	
GOBP_SLEEP	GOBP_SLEEP		19	0.32437024	1.0203658	0.43485916	0.7904506	1.0	4274	tags=53%, list=28%, signal=73%	
HP_COLOR_VISION_DEFECT	HP_COLOR_VISION_DEFECT		190	0.20981508	1.0200387	0.42727274	0.791182	1.0	2488	tags=21%, list=16%, signal=24%	
HP_TRICEPS_WEAKNESS	HP_TRICEPS_WEAKNESS		15	0.35174933	1.0200081	0.40636042	0.79092234	1.0	3013	tags=33%, list=20%, signal=42%	
GOCC_PLASMA_MEMBRANE_SIGNALING_RECEPTOR_COMPLEX	GOCC_PLASMA_MEMBRANE_SIGNALING_RECEPTOR_COMPLEX		148	0.21799344	1.0197418	0.39013454	0.7914158	1.0	2908	tags=27%, list=19%, signal=33%	
HP_AGENESIS_OF_LATERAL_INCISOR	HP_AGENESIS_OF_LATERAL_INCISOR		28	0.30402458	1.0193702	0.4303136	0.792302	1.0	2708	tags=29%, list=18%, signal=35%	
GOBP_REGULATION_OF_MACROPHAGE_ACTIVATION	GOBP_REGULATION_OF_MACROPHAGE_ACTIVATION		44	0.2700704	1.0192431	0.41814947	0.79234827	1.0	2746	tags=27%, list=18%, signal=33%	
HP_ABNORMAL_ELECTROPHYSIOLOGY_OF_SINOATRIAL_NODE_ORIGIN	HP_ABNORMAL_ELECTROPHYSIOLOGY_OF_SINOATRIAL_NODE_ORIGIN		53	0.26006624	1.0191972	0.4252101	0.7921492	1.0	2285	tags=23%, list=15%, signal=27%	
GOBP_RENAL_FILTRATION	GOBP_RENAL_FILTRATION		27	0.30647606	1.0190272	0.43706295	0.79235274	1.0	1968	tags=26%, list=13%, signal=30%	
GOBP_FATTY_ACYL_COA_METABOLIC_PROCESS	GOBP_FATTY_ACYL_COA_METABOLIC_PROCESS		35	0.28393385	1.0190008	0.4362416	0.7920808	1.0	1933	tags=23%, list=13%, signal=26%	
HP_ABNORMAL_RECTUM_MORPHOLOGY	HP_ABNORMAL_RECTUM_MORPHOLOGY		110	0.22835985	1.0187215	0.41666666	0.79263633	1.0	3541	tags=25%, list=23%, signal=33%	
GOBP_RESPONSE_TO_AMPHETAMINE	GOBP_RESPONSE_TO_AMPHETAMINE		26	0.3040614	1.0181721	0.44524238	0.79413456	1.0	3392	tags=35%, list=22%, signal=45%	
HP_ABNORMALITY_OF_MULTIPLE_CELL_LINEAGES_IN_THE_BONE_MARROW	HP_ABNORMALITY_OF_MULTIPLE_CELL_LINEAGES_IN_THE_BONE_MARROW		157	0.2137353	1.0177836	0.42313546	0.7950214	1.0	5124	tags=39%, list=34%, signal=58%	
HP_FURROWED_TONGUE	HP_FURROWED_TONGUE		33	0.284887	1.0177695	0.43944636	0.7947053	1.0	2767	tags=27%, list=18%, signal=33%	
HP_ABNORMAL_RENAL_ECHOGENICITY	HP_ABNORMAL_RENAL_ECHOGENICITY		33	0.29034674	1.0177327	0.4425926	0.7944573	1.0	1419	tags=15%, list=9%, signal=17%	
HP_SYNOSTOSIS_INVOLVING_BONES_OF_THE_FEET	HP_SYNOSTOSIS_INVOLVING_BONES_OF_THE_FEET		29	0.29308507	1.0176969	0.41695502	0.7942099	1.0	5641	tags=52%, list=37%, signal=82%	
HP_DECREASED_TOTAL_LYMPHOCYTE_COUNT	HP_DECREASED_TOTAL_LYMPHOCYTE_COUNT		99	0.23064393	1.0176066	0.41054314	0.7941253	1.0	1807	tags=16%, list=12%, signal=18%	
GOMF_METAL_CATION_MONOATOMIC_CATION_ANTIPORTER_ACTIVITY	GOMF_METAL_CATION_MONOATOMIC_CATION_ANTIPORTER_ACTIVITY		38	0.27418527	1.0175419	0.42051283	0.7939885	1.0	1648	tags=21%, list=11%, signal=24%	
HP_EXTRACTABLE_NUCLEAR_ANTIGEN_POSITIVITY	HP_EXTRACTABLE_NUCLEAR_ANTIGEN_POSITIVITY		21	0.32216847	1.017391	0.42680776	0.7940992	1.0	3360	tags=33%, list=22%, signal=43%	
GOBP_NEGATIVE_REGULATION_OF_SIGNAL_TRANSDUCTION_BY_P53_CLASS_MEDIATOR	GOBP_NEGATIVE_REGULATION_OF_SIGNAL_TRANSDUCTION_BY_P53_CLASS_MEDIATOR		38	0.27541378	1.0173478	0.43373495	0.7938748	1.0	2675	tags=24%, list=18%, signal=29%	
HP_ABNORMAL_BLOOD_MONOVALENT_INORGANIC_CATION_CONCENTRATION	HP_ABNORMAL_BLOOD_MONOVALENT_INORGANIC_CATION_CONCENTRATION		118	0.22514951	1.0171326	0.4378981	0.79422987	1.0	4477	tags=34%, list=30%, signal=48%	
GOBP_MITOCHONDRIAL_CALCIUM_ION_TRANSMEMBRANE_TRANSPORT	GOBP_MITOCHONDRIAL_CALCIUM_ION_TRANSMEMBRANE_TRANSPORT		22	0.3186316	1.0167092	0.44117647	0.7952645	1.0	1274	tags=18%, list=8%, signal=20%	
GOBP_DEOXYRIBONUCLEOSIDE_MONOPHOSPHATE_METABOLIC_PROCESS	GOBP_DEOXYRIBONUCLEOSIDE_MONOPHOSPHATE_METABOLIC_PROCESS		22	0.32247752	1.0161821	0.41269842	0.79665565	1.0	5201	tags=50%, list=34%, signal=76%	
GOBP_CHEMOKINE_C_X_C_MOTIF_LIGAND_2_PRODUCTION	GOBP_CHEMOKINE_C_X_C_MOTIF_LIGAND_2_PRODUCTION		16	0.34020615	1.0160364	0.44288224	0.79677117	1.0	2204	tags=31%, list=15%, signal=37%	
GOBP_MODULATION_BY_SYMBIONT_OF_ENTRY_INTO_HOST	GOBP_MODULATION_BY_SYMBIONT_OF_ENTRY_INTO_HOST		25	0.31120068	1.0159557	0.44107142	0.7966831	1.0	2686	tags=24%, list=18%, signal=29%	
GOMF_SCAVENGER_RECEPTOR_ACTIVITY	GOMF_SCAVENGER_RECEPTOR_ACTIVITY		25	0.3083419	1.0157642	0.4130809	0.79695284	1.0	2603	tags=28%, list=17%, signal=34%	
GOBP_ASPARTATE_FAMILY_AMINO_ACID_METABOLIC_PROCESS	GOBP_ASPARTATE_FAMILY_AMINO_ACID_METABOLIC_PROCESS		32	0.2872688	1.0153157	0.43806103	0.7980513	1.0	3236	tags=28%, list=21%, signal=36%	
GOBP_SOMITOGENESIS	GOBP_SOMITOGENESIS		53	0.25948268	1.0150034	0.42809364	0.79869527	1.0	3197	tags=32%, list=21%, signal=41%	
HP_HEART_BLOCK	HP_HEART_BLOCK		104	0.22518988	1.0148572	0.42251223	0.7988214	1.0	2317	tags=19%, list=15%, signal=23%	
GOBP_LIPID_IMPORT_INTO_CELL	GOBP_LIPID_IMPORT_INTO_CELL		21	0.32558078	1.0147644	0.43611583	0.7987673	1.0	2872	tags=33%, list=19%, signal=41%	
GOBP_REGULATION_OF_GLYCOPROTEIN_METABOLIC_PROCESS	GOBP_REGULATION_OF_GLYCOPROTEIN_METABOLIC_PROCESS		33	0.28838724	1.0147356	0.4479718	0.7984968	1.0	753	tags=12%, list=5%, signal=13%	
HP_POSTAXIAL_FOOT_POLYDACTYLY	HP_POSTAXIAL_FOOT_POLYDACTYLY		67	0.25027186	1.0142812	0.42288557	0.7996379	1.0	4822	tags=39%, list=32%, signal=57%	
GOBP_MYOFIBRIL_ASSEMBLY	GOBP_MYOFIBRIL_ASSEMBLY		58	0.24951848	1.014231	0.4198347	0.79944193	1.0	4578	tags=41%, list=30%, signal=59%	
HP_WEAKNESS_OF_LONG_FINGER_EXTENSOR_MUSCLES	HP_WEAKNESS_OF_LONG_FINGER_EXTENSOR_MUSCLES		18	0.3317112	1.0142146	0.45882353	0.7991325	1.0	3803	tags=33%, list=25%, signal=44%	
GOCC_DENSE_CORE_GRANULE	GOCC_DENSE_CORE_GRANULE		41	0.2711813	1.013406	0.42708334	0.8014769	1.0	3354	tags=34%, list=22%, signal=44%	
GOMF_TRANSFERASE_ACTIVITY_TRANSFERRING_NITROGENOUS_GROUPS	GOMF_TRANSFERASE_ACTIVITY_TRANSFERRING_NITROGENOUS_GROUPS		26	0.29991576	1.0133419	0.43893805	0.80133224	1.0	3952	tags=35%, list=26%, signal=47%	
HP_INFLAMMATORY_ABNORMALITY_OF_THE_EYE	HP_INFLAMMATORY_ABNORMALITY_OF_THE_EYE		181	0.20813583	1.0133334	0.3984496	0.8009941	1.0	2458	tags=18%, list=16%, signal=21%	
GOBP_VIRAL_LIFE_CYCLE	GOBP_VIRAL_LIFE_CYCLE		242	0.20272349	1.0129479	0.4373259	0.8018631	1.0	4194	tags=29%, list=28%, signal=40%	
GOBP_NEGATIVE_REGULATION_OF_CHEMOKINE_PRODUCTION	GOBP_NEGATIVE_REGULATION_OF_CHEMOKINE_PRODUCTION		18	0.33810297	1.012742	0.43333334	0.80216783	1.0	5869	tags=67%, list=39%, signal=109%	
HP_ASTHMA	HP_ASTHMA		138	0.21715558	1.0126402	0.4393241	0.8021448	1.0	3589	tags=27%, list=24%, signal=35%	
HP_KERATOCONJUNCTIVITIS	HP_KERATOCONJUNCTIVITIS		52	0.25563142	1.0114143	0.43706295	0.8058044	1.0	5406	tags=50%, list=36%, signal=78%	
HP_AORTIC_ARCH_ANEURYSM	HP_AORTIC_ARCH_ANEURYSM		37	0.27539176	1.0114076	0.43201378	0.80546653	1.0	3241	tags=32%, list=21%, signal=41%	
GOBP_CALCIUM_ION_IMPORT	GOBP_CALCIUM_ION_IMPORT		66	0.24788311	1.0112913	0.41821247	0.8054654	1.0	5485	tags=50%, list=36%, signal=78%	
GOCC_COLLAGEN_CONTAINING_EXTRACELLULAR_MATRIX	GOCC_COLLAGEN_CONTAINING_EXTRACELLULAR_MATRIX		311	0.19632065	1.0112277	0.40696117	0.8053155	1.0	3859	tags=29%, list=26%, signal=38%	
GOBP_REGULATION_OF_RESPONSE_TO_OXIDATIVE_STRESS	GOBP_REGULATION_OF_RESPONSE_TO_OXIDATIVE_STRESS		32	0.28898594	1.0111716	0.42162162	0.8051367	1.0	2586	tags=22%, list=17%, signal=26%	
HP_ABNORMAL_RENAL_VASCULAR_MORPHOLOGY	HP_ABNORMAL_RENAL_VASCULAR_MORPHOLOGY		16	0.34663045	1.0109626	0.4714038	0.8054713	1.0	1488	tags=19%, list=10%, signal=21%	
HP_LIMB_UNDERGROWTH	HP_LIMB_UNDERGROWTH		227	0.20390508	1.0102786	0.43362832	0.80737966	1.0	1785	tags=14%, list=12%, signal=16%	
GOMF_CATALYTIC_ACTIVITY_ACTING_ON_A_RRNA	GOMF_CATALYTIC_ACTIVITY_ACTING_ON_A_RRNA		21	0.31801292	1.0101368	0.4704797	0.8074748	1.0	2774	tags=29%, list=18%, signal=35%	
GOBP_PYRIMIDINE_NUCLEOTIDE_METABOLIC_PROCESS	GOBP_PYRIMIDINE_NUCLEOTIDE_METABOLIC_PROCESS		50	0.25954604	1.0093668	0.44189852	0.8096355	1.0	3828	tags=28%, list=25%, signal=37%	
HP_NAIL_DYSTROPHY	HP_NAIL_DYSTROPHY		123	0.22050051	1.0092244	0.43143296	0.8097334	1.0	2937	tags=23%, list=19%, signal=28%	
GOMF_FAD_BINDING	GOMF_FAD_BINDING		38	0.2757063	1.0090296	0.43001688	0.80997276	1.0	3186	tags=26%, list=21%, signal=33%	
HP_ABNORMAL_T_WAVE	HP_ABNORMAL_T_WAVE		24	0.3062369	1.0090262	0.4463668	0.80962247	1.0	2754	tags=25%, list=18%, signal=31%	
GOBP_ESTABLISHMENT_OF_BLOOD_BRAIN_BARRIER	GOBP_ESTABLISHMENT_OF_BLOOD_BRAIN_BARRIER		16	0.3440843	1.00815	0.44262296	0.8121602	1.0	763	tags=19%, list=5%, signal=20%	
GOBP_2_OXOGLUTARATE_METABOLIC_PROCESS	GOBP_2_OXOGLUTARATE_METABOLIC_PROCESS		18	0.3391169	1.0080173	0.46395564	0.81226784	1.0	3504	tags=28%, list=23%, signal=36%	
HP_ABNORMALITY_OF_ACID_BASE_HOMEOSTASIS	HP_ABNORMALITY_OF_ACID_BASE_HOMEOSTASIS		391	0.19077308	1.0077927	0.4334239	0.81264514	1.0	4230	tags=27%, list=28%, signal=36%	
GOBP_REGULATION_OF_JNK_CASCADE	GOBP_REGULATION_OF_JNK_CASCADE		122	0.21858414	1.0077013	0.42072213	0.8125867	1.0	1737	tags=17%, list=11%, signal=19%	
GOBP_REACTIVE_OXYGEN_SPECIES_METABOLIC_PROCESS	GOBP_REACTIVE_OXYGEN_SPECIES_METABOLIC_PROCESS		186	0.2057013	1.0074209	0.46131387	0.81313664	1.0	3878	tags=30%, list=26%, signal=40%	
HP_RADIAL_BOWING	HP_RADIAL_BOWING		24	0.3022749	1.0073937	0.44665462	0.812869	1.0	1982	tags=25%, list=13%, signal=29%	
HP_WIDE_INTERMAMILLARY_DISTANCE	HP_WIDE_INTERMAMILLARY_DISTANCE		116	0.225204	1.0073617	0.45852187	0.812623	1.0	2143	tags=16%, list=14%, signal=19%	
GOBP_REGULATION_OF_SYSTEM_PROCESS	GOBP_REGULATION_OF_SYSTEM_PROCESS		457	0.18762729	1.0070165	0.4279946	0.8134423	1.0	4478	tags=34%, list=30%, signal=47%	
HP_NOCTURIA	HP_NOCTURIA		16	0.34244844	1.0069478	0.4619469	0.8133129	1.0	1333	tags=25%, list=9%, signal=27%	
GOBP_PLASMA_MEMBRANE_ORGANIZATION	GOBP_PLASMA_MEMBRANE_ORGANIZATION		137	0.21478483	1.006741	0.45583597	0.81362987	1.0	2596	tags=21%, list=17%, signal=25%	
GOCC_ACTIN_FILAMENT	GOCC_ACTIN_FILAMENT		97	0.22756955	1.0065358	0.4519685	0.813928	1.0	3873	tags=33%, list=26%, signal=44%	
GOBP_BONE_DEVELOPMENT	GOBP_BONE_DEVELOPMENT		185	0.20530568	1.0064422	0.4351714	0.81385577	1.0	4090	tags=32%, list=27%, signal=43%	
HP_INCREASED_URINARY_NON_PROTEINOGENIC_AMINO_ACID_LEVEL	HP_INCREASED_URINARY_NON_PROTEINOGENIC_AMINO_ACID_LEVEL		27	0.2991216	1.0061195	0.42759797	0.8145321	1.0	3827	tags=33%, list=25%, signal=45%	
HP_ILEUS	HP_ILEUS		26	0.29818624	1.0060283	0.4489796	0.81448764	1.0	1481	tags=19%, list=10%, signal=21%	
HP_PSEUDOEPIPHYSES_OF_HAND_BONES	HP_PSEUDOEPIPHYSES_OF_HAND_BONES		15	0.34856227	1.0057961	0.46059546	0.81487435	1.0	1514	tags=27%, list=10%, signal=30%	
HP_PANCREATIC_FIBROSIS	HP_PANCREATIC_FIBROSIS		22	0.31347167	1.0057365	0.46045694	0.81470287	1.0	4582	tags=45%, list=30%, signal=65%	
GOBP_RESPONSE_TO_VITAMIN_D	GOBP_RESPONSE_TO_VITAMIN_D		33	0.2819509	1.0055834	0.44197953	0.814839	1.0	2782	tags=27%, list=18%, signal=33%	
GOBP_POLYSACCHARIDE_METABOLIC_PROCESS	GOBP_POLYSACCHARIDE_METABOLIC_PROCESS		87	0.23340762	1.0050226	0.46388444	0.81633645	1.0	4280	tags=34%, list=28%, signal=48%	
GOBP_REGULATION_OF_ERBB_SIGNALING_PATHWAY	GOBP_REGULATION_OF_ERBB_SIGNALING_PATHWAY		64	0.25001997	1.0049913	0.44444445	0.81608284	1.0	2043	tags=22%, list=14%, signal=25%	
GOCC_PHOTORECEPTOR_INNER_SEGMENT	GOCC_PHOTORECEPTOR_INNER_SEGMENT		51	0.25797546	1.0047846	0.4568528	0.8163786	1.0	3705	tags=25%, list=25%, signal=34%	
GOBP_NEGATIVE_REGULATION_OF_ALPHA_BETA_T_CELL_DIFFERENTIATION	GOBP_NEGATIVE_REGULATION_OF_ALPHA_BETA_T_CELL_DIFFERENTIATION		23	0.31331408	1.0045413	0.43639576	0.8168192	1.0	3375	tags=30%, list=22%, signal=39%	
HP_ABNORMAL_CIRCULATING_THYROID_HORMONE_CONCENTRATION	HP_ABNORMAL_CIRCULATING_THYROID_HORMONE_CONCENTRATION		27	0.30046386	1.0043308	0.44425386	0.8171557	1.0	4310	tags=37%, list=29%, signal=52%	
HP_HYPOSMIA	HP_HYPOSMIA		46	0.2641418	1.004043	0.44369748	0.8177439	1.0	2092	tags=28%, list=14%, signal=33%	
GOBP_REGULATION_OF_CIRCADIAN_SLEEP_WAKE_CYCLE	GOBP_REGULATION_OF_CIRCADIAN_SLEEP_WAKE_CYCLE		18	0.3328956	1.0037553	0.4814815	0.81834227	1.0	3653	tags=44%, list=24%, signal=59%	
HP_PAPULE	HP_PAPULE		83	0.23456994	1.0036715	0.43556282	0.81827754	1.0	5100	tags=39%, list=34%, signal=58%	
GOBP_ESTABLISHMENT_OR_MAINTENANCE_OF_BIPOLAR_CELL_POLARITY	GOBP_ESTABLISHMENT_OR_MAINTENANCE_OF_BIPOLAR_CELL_POLARITY		48	0.25888902	1.0036218	0.44039735	0.81808573	1.0	3146	tags=27%, list=21%, signal=34%	
GOBP_REGULATION_OF_BIOLOGICAL_PROCESS_INVOLVED_IN_SYMBIOTIC_INTERACTION	GOBP_REGULATION_OF_BIOLOGICAL_PROCESS_INVOLVED_IN_SYMBIOTIC_INTERACTION		33	0.2792485	1.0027705	0.45847178	0.8204825	1.0	2686	tags=21%, list=18%, signal=26%	
GOBP_REGULATION_OF_POTASSIUM_ION_TRANSMEMBRANE_TRANSPORT	GOBP_REGULATION_OF_POTASSIUM_ION_TRANSMEMBRANE_TRANSPORT		59	0.24993482	1.0026827	0.45941278	0.8203859	1.0	4448	tags=37%, list=29%, signal=53%	
HP_APLASIA_HYPOPLASIA_OF_THE_PHALANGES_OF_THE_HAND	HP_APLASIA_HYPOPLASIA_OF_THE_PHALANGES_OF_THE_HAND		209	0.20190865	1.0023193	0.44822484	0.8212144	1.0	2143	tags=16%, list=14%, signal=19%	
GOMF_ACYL_COA_BINDING	GOMF_ACYL_COA_BINDING		15	0.34655637	1.0021247	0.44609666	0.8214654	1.0	2314	tags=27%, list=15%, signal=31%	
GOMF_PHOSPHOLIPASE_C_ACTIVITY	GOMF_PHOSPHOLIPASE_C_ACTIVITY		25	0.30048767	1.002079	0.44363636	0.82125926	1.0	4439	tags=48%, list=29%, signal=68%	
GOCC_LATERAL_PLASMA_MEMBRANE	GOCC_LATERAL_PLASMA_MEMBRANE		53	0.2550908	1.0019773	0.46153846	0.82124084	1.0	846	tags=13%, list=6%, signal=14%	
GOBP_TOLL_LIKE_RECEPTOR_3_SIGNALING_PATHWAY	GOBP_TOLL_LIKE_RECEPTOR_3_SIGNALING_PATHWAY		25	0.30679196	1.0018653	0.4565972	0.8212551	1.0	2373	tags=28%, list=16%, signal=33%	
HP_ABNORMAL_BLOOD_PHOSPHATE_CONCENTRATION	HP_ABNORMAL_BLOOD_PHOSPHATE_CONCENTRATION		52	0.25863758	1.0017151	0.43914473	0.8213902	1.0	2210	tags=21%, list=15%, signal=25%	
GOCC_ACROSOMAL_VESICLE	GOCC_ACROSOMAL_VESICLE		103	0.22320323	1.0014575	0.4468413	0.8218583	1.0	2679	tags=22%, list=18%, signal=27%	
HP_ABSENT_HAIR	HP_ABSENT_HAIR		52	0.25223774	1.0012257	0.44407895	0.8222589	1.0	5310	tags=50%, list=35%, signal=77%	
GOBP_POSITIVE_REGULATION_OF_STRESS_FIBER_ASSEMBLY	GOBP_POSITIVE_REGULATION_OF_STRESS_FIBER_ASSEMBLY		45	0.2684271	1.0011601	0.44483364	0.82209784	1.0	3329	tags=29%, list=22%, signal=37%	
GOBP_SULFATION	GOBP_SULFATION		15	0.35413152	1.0010898	0.43956044	0.8219754	1.0	1011	tags=20%, list=7%, signal=21%	
GOBP_GLOMERULAR_EPITHELIUM_DEVELOPMENT	GOBP_GLOMERULAR_EPITHELIUM_DEVELOPMENT		23	0.3091046	1.0009134	0.43816254	0.8221984	1.0	4609	tags=43%, list=31%, signal=62%	
GOBP_STRESS_FIBER_ASSEMBLY	GOBP_STRESS_FIBER_ASSEMBLY		95	0.23343176	1.0007175	0.45525903	0.8224854	1.0	4261	tags=35%, list=28%, signal=48%	
GOBP_MAMMARY_GLAND_ALVEOLUS_DEVELOPMENT	GOBP_MAMMARY_GLAND_ALVEOLUS_DEVELOPMENT		18	0.32526633	1.0005866	0.46409807	0.8225468	1.0	3850	tags=33%, list=25%, signal=45%	
GOBP_REGULATION_OF_SENSORY_PERCEPTION	GOBP_REGULATION_OF_SENSORY_PERCEPTION		15	0.34170806	1.0005656	0.43527204	0.8222503	1.0	2584	tags=33%, list=17%, signal=40%	
GOBP_CIRCADIAN_SLEEP_WAKE_CYCLE	GOBP_CIRCADIAN_SLEEP_WAKE_CYCLE		21	0.3179915	1.0005629	0.46741155	0.8218977	1.0	4274	tags=52%, list=28%, signal=73%	
GOBP_NEGATIVE_REGULATION_OF_FATTY_ACID_BIOSYNTHETIC_PROCESS	GOBP_NEGATIVE_REGULATION_OF_FATTY_ACID_BIOSYNTHETIC_PROCESS		15	0.3452581	1.000526	0.46542057	0.8216538	1.0	2982	tags=27%, list=20%, signal=33%	
HP_PAROXYSMAL_INVOLUNTARY_EYE_MOVEMENTS	HP_PAROXYSMAL_INVOLUNTARY_EYE_MOVEMENTS		35	0.27816802	1.0004151	0.45362562	0.82165325	1.0	3557	tags=29%, list=24%, signal=37%	
GOBP_PROTEIN_LOCALIZATION_TO_GOLGI_APPARATUS	GOBP_PROTEIN_LOCALIZATION_TO_GOLGI_APPARATUS		32	0.28463417	0.999879	0.44067797	0.8230844	1.0	4168	tags=34%, list=28%, signal=47%	
HP_BIFID_SCROTUM	HP_BIFID_SCROTUM		31	0.28926775	0.9998474	0.44542253	0.8228238	1.0	4257	tags=39%, list=28%, signal=54%	
GOBP_ENTRAINMENT_OF_CIRCADIAN_CLOCK	GOBP_ENTRAINMENT_OF_CIRCADIAN_CLOCK		25	0.30267793	0.9997744	0.4388489	0.8226975	1.0	247	tags=12%, list=2%, signal=12%	
GOBP_GLIAL_CELL_ACTIVATION	GOBP_GLIAL_CELL_ACTIVATION		38	0.2752574	0.99971956	0.439523	0.8225237	1.0	1263	tags=21%, list=8%, signal=23%	
HP_APLASIA_HYPOPLASIA_INVOLVING_FOREARM_BONES	HP_APLASIA_HYPOPLASIA_INVOLVING_FOREARM_BONES		89	0.23051983	0.9996528	0.44528875	0.8223975	1.0	1982	tags=17%, list=13%, signal=19%	
GOBP_G_PROTEIN_COUPLED_SEROTONIN_RECEPTOR_SIGNALING_PATHWAY	GOBP_G_PROTEIN_COUPLED_SEROTONIN_RECEPTOR_SIGNALING_PATHWAY		15	0.3453081	0.9996211	0.47132617	0.8221339	1.0	3916	tags=40%, list=26%, signal=54%	
GOBP_SUBSTRATE_ADHESION_DEPENDENT_CELL_SPREADING	GOBP_SUBSTRATE_ADHESION_DEPENDENT_CELL_SPREADING		90	0.23230053	0.9995144	0.45304778	0.8221083	1.0	1609	tags=16%, list=11%, signal=17%	
GOMF_ELECTRON_TRANSFER_ACTIVITY	GOMF_ELECTRON_TRANSFER_ACTIVITY		100	0.22520556	0.999316	0.4536741	0.8224036	1.0	2809	tags=20%, list=19%, signal=24%	
GOBP_CGMP_METABOLIC_PROCESS	GOBP_CGMP_METABOLIC_PROCESS		15	0.3412869	0.998991	0.45072994	0.8230851	1.0	2819	tags=40%, list=19%, signal=49%	
GOCC_ENDOCYTIC_VESICLE	GOCC_ENDOCYTIC_VESICLE		314	0.1932804	0.9988117	0.47956404	0.823273	1.0	3316	tags=25%, list=22%, signal=31%	
HP_ABNORMAL_CIRCULATING_ALDOSTERONE_CONCENTRATION	HP_ABNORMAL_CIRCULATING_ALDOSTERONE_CONCENTRATION		39	0.27252626	0.99865425	0.44078946	0.8234476	1.0	3734	tags=33%, list=25%, signal=44%	
GOBP_NEGATIVE_REGULATION_OF_INTRINSIC_APOPTOTIC_SIGNALING_PATHWAY_BY_P53_CLASS_MEDIATOR	GOBP_NEGATIVE_REGULATION_OF_INTRINSIC_APOPTOTIC_SIGNALING_PATHWAY_BY_P53_CLASS_MEDIATOR		22	0.31664246	0.99860436	0.46153846	0.8232565	1.0	2675	tags=27%, list=18%, signal=33%	
GOBP_NEGATIVE_REGULATION_OF_LIPID_TRANSPORT	GOBP_NEGATIVE_REGULATION_OF_LIPID_TRANSPORT		22	0.31525302	0.99821055	0.46655232	0.8242083	1.0	5063	tags=45%, list=34%, signal=68%	
GOBP_POSITIVE_REGULATION_OF_ALPHA_BETA_T_CELL_DIFFERENTIATION	GOBP_POSITIVE_REGULATION_OF_ALPHA_BETA_T_CELL_DIFFERENTIATION		36	0.28100294	0.9981932	0.45060658	0.8239031	1.0	3355	tags=33%, list=22%, signal=43%	
GOBP_PRODUCTION_OF_MOLECULAR_MEDIATOR_INVOLVED_IN_INFLAMMATORY_RESPONSE	GOBP_PRODUCTION_OF_MOLECULAR_MEDIATOR_INVOLVED_IN_INFLAMMATORY_RESPONSE		78	0.23688245	0.99807537	0.45123968	0.8239435	1.0	4556	tags=37%, list=30%, signal=53%	
GOBP_GOLGI_TO_PLASMA_MEMBRANE_PROTEIN_TRANSPORT	GOBP_GOLGI_TO_PLASMA_MEMBRANE_PROTEIN_TRANSPORT		39	0.27009344	0.9979731	0.45818815	0.82391196	1.0	4699	tags=44%, list=31%, signal=63%	
GOBP_ERBB_SIGNALING_PATHWAY	GOBP_ERBB_SIGNALING_PATHWAY		122	0.22066642	0.99788356	0.4502297	0.82383937	1.0	2058	tags=20%, list=14%, signal=23%	
GOBP_NEGATIVE_REGULATION_OF_STRIATED_MUSCLE_CELL_APOPTOTIC_PROCESS	GOBP_NEGATIVE_REGULATION_OF_STRIATED_MUSCLE_CELL_APOPTOTIC_PROCESS		25	0.3008157	0.99766606	0.44863012	0.8241873	1.0	1867	tags=20%, list=12%, signal=23%	
GOBP_POSITIVE_REGULATION_OF_B_CELL_PROLIFERATION	GOBP_POSITIVE_REGULATION_OF_B_CELL_PROLIFERATION		35	0.28046486	0.9975918	0.455298	0.82407415	1.0	2204	tags=23%, list=15%, signal=27%	
HP_ADRENAL_INSUFFICIENCY	HP_ADRENAL_INSUFFICIENCY		64	0.24508043	0.9974624	0.4679803	0.82412386	1.0	2540	tags=22%, list=17%, signal=26%	
GOBP_EMBRYONIC_PLACENTA_MORPHOGENESIS	GOBP_EMBRYONIC_PLACENTA_MORPHOGENESIS		23	0.30924323	0.9973465	0.44663382	0.82414484	1.0	3507	tags=43%, list=23%, signal=57%	
GOCC_SERINE_TYPE_PEPTIDASE_COMPLEX	GOCC_SERINE_TYPE_PEPTIDASE_COMPLEX		17	0.33883947	0.9973227	0.45008758	0.82386935	1.0	4248	tags=41%, list=28%, signal=57%	
GOBP_HEMATOPOIETIC_STEM_CELL_HOMEOSTASIS	GOBP_HEMATOPOIETIC_STEM_CELL_HOMEOSTASIS		25	0.2999763	0.9972908	0.45714286	0.8236157	1.0	2151	tags=28%, list=14%, signal=33%	
HP_DISORDER_OF_THOUGHT_CONTENT	HP_DISORDER_OF_THOUGHT_CONTENT		64	0.24032883	0.99721754	0.45662847	0.8235029	1.0	3697	tags=33%, list=24%, signal=43%	
GOBP_FATTY_ACYL_COA_BIOSYNTHETIC_PROCESS	GOBP_FATTY_ACYL_COA_BIOSYNTHETIC_PROCESS		25	0.2992185	0.99680907	0.4558059	0.8244722	1.0	1933	tags=24%, list=13%, signal=27%	
GOBP_REGULATION_OF_TRANSPORTER_ACTIVITY	GOBP_REGULATION_OF_TRANSPORTER_ACTIVITY		91	0.22688632	0.99646854	0.4704969	0.8252388	1.0	4712	tags=38%, list=31%, signal=56%	
HP_ABNORMAL_CIRCULATING_IGA_CONCENTRATION	HP_ABNORMAL_CIRCULATING_IGA_CONCENTRATION		97	0.22712067	0.99612635	0.45819935	0.8259996	1.0	3731	tags=26%, list=25%, signal=34%	
GOBP_PROTEIN_CONTAINING_COMPLEX_LOCALIZATION	GOBP_PROTEIN_CONTAINING_COMPLEX_LOCALIZATION		206	0.20256582	0.99607867	0.478979	0.8258033	1.0	2267	tags=17%, list=15%, signal=20%	
GOBP_EXCRETION	GOBP_EXCRETION		28	0.29522002	0.9959437	0.4644128	0.8258836	1.0	2500	tags=32%, list=17%, signal=38%	
HP_ABNORMAL_METACARPAL_MORPHOLOGY	HP_ABNORMAL_METACARPAL_MORPHOLOGY		204	0.20152654	0.99591273	0.48270676	0.82563233	1.0	2989	tags=20%, list=20%, signal=25%	
GOBP_RESPONSE_TO_CAMP	GOBP_RESPONSE_TO_CAMP		69	0.2454211	0.99574447	0.4592346	0.82582366	1.0	4227	tags=36%, list=28%, signal=50%	
HP_ABNORMAL_ATRIOVENTRICULAR_VALVE_MORPHOLOGY	HP_ABNORMAL_ATRIOVENTRICULAR_VALVE_MORPHOLOGY		167	0.20568743	0.99559593	0.4760479	0.825937	1.0	2094	tags=17%, list=14%, signal=19%	
HP_UROGENITAL_FISTULA	HP_UROGENITAL_FISTULA		49	0.2546595	0.9955247	0.4701874	0.82581145	1.0	2867	tags=24%, list=19%, signal=30%	
GOBP_LYMPH_VESSEL_DEVELOPMENT	GOBP_LYMPH_VESSEL_DEVELOPMENT		28	0.29640603	0.99530464	0.46632123	0.8261519	1.0	3367	tags=29%, list=22%, signal=37%	
HP_ATTENUATION_OF_RETINAL_BLOOD_VESSELS	HP_ATTENUATION_OF_RETINAL_BLOOD_VESSELS		121	0.21938153	0.9952052	0.48264983	0.826123	1.0	4788	tags=36%, list=32%, signal=52%	
GOBP_SMOOTH_MUSCLE_TISSUE_DEVELOPMENT	GOBP_SMOOTH_MUSCLE_TISSUE_DEVELOPMENT		22	0.31110555	0.99514407	0.47027028	0.8259688	1.0	2298	tags=27%, list=15%, signal=32%	
GOBP_CELL_MATRIX_ADHESION	GOBP_CELL_MATRIX_ADHESION		200	0.20305063	0.99513566	0.44	0.825642	1.0	2514	tags=19%, list=17%, signal=22%	
GOBP_BODY_MORPHOGENESIS	GOBP_BODY_MORPHOGENESIS		45	0.25777856	0.9949514	0.4684838	0.8258599	1.0	2921	tags=24%, list=19%, signal=30%	
HP_PEPTIC_ULCER	HP_PEPTIC_ULCER		31	0.28766218	0.9948757	0.46180555	0.82575303	1.0	3410	tags=35%, list=23%, signal=46%	
HP_PARASOMNIA	HP_PARASOMNIA		39	0.26998466	0.9948329	0.483165	0.82554847	1.0	2372	tags=28%, list=16%, signal=33%	
HP_LIMITATION_OF_JOINT_MOBILITY	HP_LIMITATION_OF_JOINT_MOBILITY		367	0.18925412	0.99482113	0.47671232	0.82522947	1.0	3570	tags=24%, list=24%, signal=31%	
HP_ABNORMAL_LEFT_VENTRICULAR_END_DIASTOLIC_VOLUME	HP_ABNORMAL_LEFT_VENTRICULAR_END_DIASTOLIC_VOLUME		16	0.33950514	0.9945298	0.4611111	0.8258324	1.0	1534	tags=25%, list=10%, signal=28%	
HP_RECURRENT_LOWER_RESPIRATORY_TRACT_INFECTIONS	HP_RECURRENT_LOWER_RESPIRATORY_TRACT_INFECTIONS		216	0.20085247	0.9944979	0.467903	0.82557774	1.0	1843	tags=15%, list=12%, signal=17%	
GOMF_CALCIUM_CALMODULIN_DEPENDENT_PROTEIN_KINASE_ACTIVITY	GOMF_CALCIUM_CALMODULIN_DEPENDENT_PROTEIN_KINASE_ACTIVITY		28	0.29271328	0.9936746	0.4827586	0.82789785	1.0	3385	tags=29%, list=22%, signal=37%	
HP_KETOSIS	HP_KETOSIS		57	0.250215	0.9935268	0.45890412	0.8280292	1.0	2211	tags=21%, list=15%, signal=25%	
HP_ORGANIC_ACIDURIA	HP_ORGANIC_ACIDURIA		109	0.22194166	0.9933901	0.44833332	0.8281186	1.0	2455	tags=17%, list=16%, signal=21%	
GOBP_EMBRYONIC_SKELETAL_JOINT_DEVELOPMENT	GOBP_EMBRYONIC_SKELETAL_JOINT_DEVELOPMENT		15	0.34996626	0.99318486	0.49632353	0.8284218	1.0	2921	tags=27%, list=19%, signal=33%	
GOBP_CELLULAR_RESPONSE_TO_BIOTIC_STIMULUS	GOBP_CELLULAR_RESPONSE_TO_BIOTIC_STIMULUS		186	0.203642	0.9930069	0.47678018	0.8286531	1.0	3601	tags=28%, list=24%, signal=37%	
GOMF_SOLUTE_POTASSIUM_ANTIPORTER_ACTIVITY	GOMF_SOLUTE_POTASSIUM_ANTIPORTER_ACTIVITY		18	0.3239158	0.99297595	0.4689165	0.82839584	1.0	1648	tags=28%, list=11%, signal=31%	
HP_COMPLETE_RIGHT_BUNDLE_BRANCH_BLOCK	HP_COMPLETE_RIGHT_BUNDLE_BRANCH_BLOCK		41	0.26488623	0.99296397	0.44939965	0.8280824	1.0	3242	tags=32%, list=21%, signal=40%	
HP_SEVERELY_REDUCED_VISUAL_ACUITY	HP_SEVERELY_REDUCED_VISUAL_ACUITY		36	0.27458453	0.9927641	0.4772344	0.828369	1.0	4708	tags=39%, list=31%, signal=56%	
GOBP_POLYSACCHARIDE_BIOSYNTHETIC_PROCESS	GOBP_POLYSACCHARIDE_BIOSYNTHETIC_PROCESS		46	0.25949633	0.9922955	0.46551725	0.829516	1.0	1185	tags=15%, list=8%, signal=16%	
GOCC_M_BAND	GOCC_M_BAND		23	0.30508143	0.9918772	0.46689895	0.83050406	1.0	2087	tags=26%, list=14%, signal=30%	
HP_OSTEOARTHRITIS	HP_OSTEOARTHRITIS		56	0.24585083	0.99179184	0.45605308	0.8304259	1.0	2915	tags=23%, list=19%, signal=29%	
HP_RETINOPATHY	HP_RETINOPATHY		114	0.21828426	0.9916223	0.45226917	0.8306277	1.0	1465	tags=13%, list=10%, signal=14%	
HP_ABNORMAL_ELECTRORETINOGRAM	HP_ABNORMAL_ELECTRORETINOGRAM		195	0.19996113	0.991507	0.4793741	0.83065647	1.0	2488	tags=18%, list=16%, signal=22%	
GOBP_DORSAL_VENTRAL_PATTERN_FORMATION	GOBP_DORSAL_VENTRAL_PATTERN_FORMATION		79	0.23191662	0.99136853	0.46655792	0.8307648	1.0	3404	tags=29%, list=23%, signal=37%	
HP_VESTIBULAR_HYPOREFLEXIA	HP_VESTIBULAR_HYPOREFLEXIA		15	0.33942086	0.99122703	0.47534516	0.83087087	1.0	4158	tags=40%, list=28%, signal=55%	
HP_HIP_CONTRACTURE	HP_HIP_CONTRACTURE		55	0.24812683	0.9908804	0.4716981	0.8316558	1.0	1919	tags=18%, list=13%, signal=21%	
GOBP_POSITIVE_REGULATION_OF_MAPK_CASCADE	GOBP_POSITIVE_REGULATION_OF_MAPK_CASCADE		372	0.18786533	0.99081475	0.4903846	0.8315138	1.0	3340	tags=25%, list=22%, signal=32%	
HP_RHABDOMYOSARCOMA	HP_RHABDOMYOSARCOMA		16	0.3342336	0.9907352	0.46643108	0.8314209	1.0	286	tags=13%, list=2%, signal=13%	
GOCC_COPII_COATED_ER_TO_GOLGI_TRANSPORT_VESICLE	GOCC_COPII_COATED_ER_TO_GOLGI_TRANSPORT_VESICLE		80	0.23269169	0.99038863	0.46854305	0.8321643	1.0	1982	tags=14%, list=13%, signal=16%	
HP_BILIARY_TRACT_ABNORMALITY	HP_BILIARY_TRACT_ABNORMALITY		99	0.22461239	0.9903054	0.4731861	0.8320777	1.0	4895	tags=37%, list=32%, signal=55%	
GOBP_GASTRULATION	GOBP_GASTRULATION		157	0.20715	0.9903038	0.48214287	0.8317263	1.0	3671	tags=29%, list=24%, signal=38%	
HP_VILLOUS_ATROPHY	HP_VILLOUS_ATROPHY		24	0.3024233	0.9899621	0.4715026	0.832459	1.0	3589	tags=42%, list=24%, signal=55%	
GOBP_REGULATION_OF_CYTOPLASMIC_PATTERN_RECOGNITION_RECEPTOR_SIGNALING_PATHWAY	GOBP_REGULATION_OF_CYTOPLASMIC_PATTERN_RECOGNITION_RECEPTOR_SIGNALING_PATHWAY		107	0.21805888	0.98953384	0.49367088	0.8335033	1.0	2901	tags=23%, list=19%, signal=29%	
HP_BLEPHAROPHIMOSIS	HP_BLEPHAROPHIMOSIS		117	0.21779561	0.9894775	0.4717286	0.83333963	1.0	2094	tags=16%, list=14%, signal=19%	
GOBP_APPENDAGE_DEVELOPMENT	GOBP_APPENDAGE_DEVELOPMENT		175	0.2060233	0.98943317	0.45941806	0.8331255	1.0	3214	tags=23%, list=21%, signal=29%	
GOBP_NEGATIVE_REGULATION_OF_CYTOPLASMIC_PATTERN_RECOGNITION_RECEPTOR_SIGNALING_PATHWAY	GOBP_NEGATIVE_REGULATION_OF_CYTOPLASMIC_PATTERN_RECOGNITION_RECEPTOR_SIGNALING_PATHWAY		49	0.2528084	0.98942715	0.46302816	0.8327908	1.0	2069	tags=18%, list=14%, signal=21%	
GOCC_TERTIARY_GRANULE_LUMEN	GOCC_TERTIARY_GRANULE_LUMEN		46	0.26201108	0.98925644	0.46546054	0.83298326	1.0	3847	tags=37%, list=25%, signal=49%	
GOMF_MANGANESE_ION_BINDING	GOMF_MANGANESE_ION_BINDING		63	0.24106479	0.98918974	0.49438202	0.8328475	1.0	1326	tags=16%, list=9%, signal=17%	
HP_TACHYCARDIA	HP_TACHYCARDIA		104	0.22288087	0.98880005	0.4778481	0.8337331	1.0	2979	tags=23%, list=20%, signal=29%	
GOBP_HEART_PROCESS	GOBP_HEART_PROCESS		214	0.19938347	0.9886595	0.4870624	0.83383304	1.0	4882	tags=37%, list=32%, signal=54%	
GOBP_REGULATION_OF_MEMBRANE_REPOLARIZATION	GOBP_REGULATION_OF_MEMBRANE_REPOLARIZATION		30	0.2863868	0.9886344	0.4609929	0.8335672	1.0	2087	tags=23%, list=14%, signal=27%	
GOBP_CALCIUM_ION_IMPORT_ACROSS_PLASMA_MEMBRANE	GOBP_CALCIUM_ION_IMPORT_ACROSS_PLASMA_MEMBRANE		32	0.27617717	0.98854494	0.4814815	0.8334875	1.0	5469	tags=47%, list=36%, signal=73%	
HP_APLASTIC_CLAVICLE	HP_APLASTIC_CLAVICLE		17	0.32712224	0.9885058	0.48440367	0.8332486	1.0	4328	tags=29%, list=29%, signal=41%	
HP_POSTERIOR_EMBRYOTOXON	HP_POSTERIOR_EMBRYOTOXON		53	0.2511231	0.9884203	0.4557377	0.83317274	1.0	3241	tags=32%, list=21%, signal=41%	
GOBP_PHOSPHOLIPID_TRANSLOCATION	GOBP_PHOSPHOLIPID_TRANSLOCATION		49	0.2527411	0.98840106	0.5008347	0.8328852	1.0	3477	tags=33%, list=23%, signal=42%	
HP_ABNORMALITY_OF_THE_DISTAL_PHALANGES_OF_THE_TOES	HP_ABNORMALITY_OF_THE_DISTAL_PHALANGES_OF_THE_TOES		28	0.28895497	0.98830795	0.45848376	0.83283883	1.0	3167	tags=32%, list=21%, signal=41%	
HP_ABNORMALITY_OF_THE_THORACIC_CAVITY	HP_ABNORMALITY_OF_THE_THORACIC_CAVITY		45	0.2583014	0.98765945	0.49423394	0.83462435	1.0	2281	tags=20%, list=15%, signal=23%	
HP_HYPOMETRIC_SACCADES	HP_HYPOMETRIC_SACCADES		17	0.33356822	0.98736984	0.47584972	0.83520204	1.0	2536	tags=35%, list=17%, signal=42%	
HP_RENAL_FIBROSIS	HP_RENAL_FIBROSIS		15	0.35022998	0.98732376	0.47785977	0.834989	1.0	3823	tags=40%, list=25%, signal=53%	
HP_NEUROGENIC_BLADDER	HP_NEUROGENIC_BLADDER		66	0.24290545	0.9871861	0.479062	0.83508426	1.0	1612	tags=15%, list=11%, signal=17%	
GOBP_PHAGOCYTOSIS	GOBP_PHAGOCYTOSIS		190	0.20128407	0.9866368	0.48099416	0.8365149	1.0	4611	tags=35%, list=31%, signal=50%	
GOBP_POSITIVE_REGULATION_OF_INTERLEUKIN_1_PRODUCTION	GOBP_POSITIVE_REGULATION_OF_INTERLEUKIN_1_PRODUCTION		47	0.2584605	0.98650247	0.4883721	0.8366059	1.0	3715	tags=36%, list=25%, signal=48%	
GOBP_POSITIVE_REGULATION_OF_ERK1_AND_ERK2_CASCADE	GOBP_POSITIVE_REGULATION_OF_ERK1_AND_ERK2_CASCADE		156	0.20816417	0.9864163	0.49071208	0.8365271	1.0	3916	tags=34%, list=26%, signal=45%	
GOBP_PHOTORECEPTOR_CELL_MAINTENANCE	GOBP_PHOTORECEPTOR_CELL_MAINTENANCE		40	0.2635097	0.98627305	0.49344262	0.8366406	1.0	3823	tags=35%, list=25%, signal=47%	
GOBP_REGULATION_OF_SYSTEMIC_ARTERIAL_BLOOD_PRESSURE_BY_CIRCULATORY_RENIN_ANGIOTENSIN	GOBP_REGULATION_OF_SYSTEMIC_ARTERIAL_BLOOD_PRESSURE_BY_CIRCULATORY_RENIN_ANGIOTENSIN		18	0.333033	0.98621255	0.45818183	0.8364603	1.0	3204	tags=39%, list=21%, signal=49%	
HP_ABNORMAL_AORTIC_ARCH_MORPHOLOGY	HP_ABNORMAL_AORTIC_ARCH_MORPHOLOGY		62	0.24544276	0.9853507	0.46854305	0.83891445	1.0	1731	tags=18%, list=11%, signal=20%	
HP_NON_MENDELIAN_INHERITANCE	HP_NON_MENDELIAN_INHERITANCE		68	0.2348804	0.9848874	0.48341233	0.8401001	1.0	3514	tags=26%, list=23%, signal=34%	
HP_CONGENITAL_HEPATIC_FIBROSIS	HP_CONGENITAL_HEPATIC_FIBROSIS		44	0.2579691	0.9848518	0.4624782	0.839862	1.0	4110	tags=39%, list=27%, signal=53%	
GOMF_UBIQUITIN_CONJUGATING_ENZYME_BINDING	GOMF_UBIQUITIN_CONJUGATING_ENZYME_BINDING		28	0.29085222	0.98465943	0.47826087	0.84013903	1.0	4266	tags=29%, list=28%, signal=40%	
GOBP_TETRAHYDROFOLATE_METABOLIC_PROCESS	GOBP_TETRAHYDROFOLATE_METABOLIC_PROCESS		18	0.3327122	0.9846201	0.4787234	0.83991265	1.0	2586	tags=22%, list=17%, signal=27%	
HP_CONGENITAL_MALFORMATION_OF_THE_GREAT_ARTERIES	HP_CONGENITAL_MALFORMATION_OF_THE_GREAT_ARTERIES		473	0.18371372	0.98456836	0.51984125	0.8397107	1.0	3266	tags=23%, list=22%, signal=28%	
HP_ABNORMAL_URINARY_ORGANIC_COMPOUND_LEVEL	HP_ABNORMAL_URINARY_ORGANIC_COMPOUND_LEVEL		49	0.25585356	0.9843026	0.47431508	0.8402036	1.0	3166	tags=24%, list=21%, signal=31%	
GOBP_REGULATION_OF_FATTY_ACID_OXIDATION	GOBP_REGULATION_OF_FATTY_ACID_OXIDATION		29	0.28535324	0.98403287	0.46725664	0.8407207	1.0	5109	tags=45%, list=34%, signal=68%	
GOMF_ATP_DEPENDENT_PROTEIN_FOLDING_CHAPERONE	GOMF_ATP_DEPENDENT_PROTEIN_FOLDING_CHAPERONE		29	0.28360417	0.9837357	0.46771377	0.8413424	1.0	3542	tags=28%, list=23%, signal=36%	
HP_TARSAL_SYNOSTOSIS	HP_TARSAL_SYNOSTOSIS		24	0.29846886	0.98372567	0.48021582	0.8410217	1.0	5641	tags=54%, list=37%, signal=86%	
HP_ABNORMAL_MIDDLE_PHALANX_MORPHOLOGY_OF_THE_HAND	HP_ABNORMAL_MIDDLE_PHALANX_MORPHOLOGY_OF_THE_HAND		62	0.24285981	0.9834627	0.48247078	0.84153324	1.0	1376	tags=15%, list=9%, signal=16%	
HP_HYPERVENTILATION	HP_HYPERVENTILATION		32	0.27743345	0.98311037	0.46666667	0.842283	1.0	3452	tags=34%, list=23%, signal=44%	
HP_ABNORMAL_BLOOD_GLUCOSE_CONCENTRATION	HP_ABNORMAL_BLOOD_GLUCOSE_CONCENTRATION		282	0.19222666	0.9830949	0.5257143	0.8419838	1.0	3618	tags=24%, list=24%, signal=32%	
GOBP_MYOBLAST_FUSION	GOBP_MYOBLAST_FUSION		35	0.27492252	0.9830776	0.47964603	0.8416933	1.0	2620	tags=26%, list=17%, signal=31%	
GOCC_INNER_KINETOCHORE	GOCC_INNER_KINETOCHORE		16	0.3337546	0.9829021	0.46961325	0.84190685	1.0	2510	tags=25%, list=17%, signal=30%	
HP_TYPE_I_DIABETES_MELLITUS	HP_TYPE_I_DIABETES_MELLITUS		56	0.25266072	0.9819322	0.4787053	0.84469324	1.0	5022	tags=38%, list=33%, signal=56%	
HP_ABNORMAL_ENDOCRINE_MORPHOLOGY	HP_ABNORMAL_ENDOCRINE_MORPHOLOGY		87	0.22767662	0.9819199	0.49166667	0.84438026	1.0	4641	tags=38%, list=31%, signal=54%	
GOBP_POSITIVE_REGULATION_OF_NEUROTRANSMITTER_TRANSPORT	GOBP_POSITIVE_REGULATION_OF_NEUROTRANSMITTER_TRANSPORT		20	0.3125536	0.9818933	0.46486485	0.84410864	1.0	5027	tags=55%, list=33%, signal=82%	
GOMF_AMIDE_BINDING	GOMF_AMIDE_BINDING		190	0.20198607	0.9817496	0.5179104	0.8442069	1.0	3550	tags=29%, list=23%, signal=37%	
HP_CELLULITIS	HP_CELLULITIS		38	0.26763788	0.9815291	0.49825174	0.8445669	1.0	2310	tags=18%, list=15%, signal=22%	
GOBP_PROTEIN_PROCESSING	GOBP_PROTEIN_PROCESSING		187	0.20191738	0.9812129	0.5235294	0.8452315	1.0	4321	tags=34%, list=29%, signal=47%	
GOBP_PROGRAMMED_CELL_DEATH_IN_RESPONSE_TO_REACTIVE_OXYGEN_SPECIES	GOBP_PROGRAMMED_CELL_DEATH_IN_RESPONSE_TO_REACTIVE_OXYGEN_SPECIES		15	0.3423187	0.981211	0.49399656	0.8448872	1.0	1207	tags=27%, list=8%, signal=29%	
HP_BOWED_FOREARM_BONES	HP_BOWED_FOREARM_BONES		35	0.2733422	0.98119134	0.48135594	0.84459925	1.0	2540	tags=26%, list=17%, signal=31%	
GOBP_REGULATION_OF_TRANSFERASE_ACTIVITY	GOBP_REGULATION_OF_TRANSFERASE_ACTIVITY		274	0.19267948	0.98117656	0.519774	0.84429383	1.0	1633	tags=14%, list=11%, signal=16%	
GOBP_REGULATION_OF_BLOOD_PRESSURE	GOBP_REGULATION_OF_BLOOD_PRESSURE		147	0.20873095	0.98096675	0.5221374	0.8446312	1.0	3573	tags=29%, list=24%, signal=37%	
HP_VOMITING	HP_VOMITING		325	0.18898253	0.98085773	0.522696	0.8446246	1.0	4519	tags=31%, list=30%, signal=43%	
GOBP_NEGATIVE_REGULATION_OF_LYMPHOCYTE_DIFFERENTIATION	GOBP_NEGATIVE_REGULATION_OF_LYMPHOCYTE_DIFFERENTIATION		45	0.25553262	0.9808541	0.48801368	0.8442833	1.0	1624	tags=18%, list=11%, signal=20%	
GOMF_GLYCOSAMINOGLYCAN_BINDING	GOMF_GLYCOSAMINOGLYCAN_BINDING		181	0.19922122	0.9805498	0.5089286	0.844927	1.0	1872	tags=17%, list=12%, signal=19%	
HP_ZONULAR_CATARACT	HP_ZONULAR_CATARACT		45	0.25997686	0.9803768	0.50256413	0.84515345	1.0	2507	tags=27%, list=17%, signal=32%	
GOBP_REGULATION_OF_RENAL_SYSTEM_PROCESS	GOBP_REGULATION_OF_RENAL_SYSTEM_PROCESS		21	0.31242236	0.97993606	0.49821427	0.8462126	1.0	3203	tags=38%, list=21%, signal=48%	
HP_COMA	HP_COMA		83	0.2282576	0.9793501	0.48397437	0.84771144	1.0	5383	tags=45%, list=36%, signal=69%	
HP_LUPUS_NEPHRITIS	HP_LUPUS_NEPHRITIS		19	0.31995463	0.9786918	0.48877373	0.8495075	1.0	1245	tags=21%, list=8%, signal=23%	
HP_URETHRAL_STRICTURE	HP_URETHRAL_STRICTURE		16	0.33040962	0.9784737	0.48114902	0.84985864	1.0	2636	tags=25%, list=17%, signal=30%	
HP_MICROCYTIC_ANEMIA	HP_MICROCYTIC_ANEMIA		41	0.26165318	0.9782328	0.50250417	0.8502935	1.0	4865	tags=41%, list=32%, signal=61%	
GOBP_BROWN_FAT_CELL_DIFFERENTIATION	GOBP_BROWN_FAT_CELL_DIFFERENTIATION		40	0.26207295	0.9782119	0.5051546	0.85	1.0	1657	tags=20%, list=11%, signal=22%	
HP_WOOLLY_HAIR	HP_WOOLLY_HAIR		20	0.3163546	0.97795725	0.47894737	0.85046804	1.0	2470	tags=25%, list=16%, signal=30%	
HP_CEREBRAL_CALCIFICATION	HP_CEREBRAL_CALCIFICATION		122	0.21529625	0.97795117	0.5090016	0.85013145	1.0	1568	tags=15%, list=10%, signal=16%	
HP_ABNORMAL_NEURAL_TUBE_MORPHOLOGY	HP_ABNORMAL_NEURAL_TUBE_MORPHOLOGY		279	0.19145228	0.9778007	0.5198864	0.85026187	1.0	3620	tags=24%, list=24%, signal=31%	
GOBP_RESPONSE_TO_MONOAMINE	GOBP_RESPONSE_TO_MONOAMINE		49	0.2548648	0.9775844	0.49029982	0.8505807	1.0	2500	tags=27%, list=17%, signal=32%	
GOBP_ORGANOPHOSPHATE_CATABOLIC_PROCESS	GOBP_ORGANOPHOSPHATE_CATABOLIC_PROCESS		213	0.19798635	0.9775451	0.5086705	0.85036147	1.0	1886	tags=17%, list=12%, signal=19%	
HP_BUNDLE_BRANCH_BLOCK	HP_BUNDLE_BRANCH_BLOCK		58	0.2417692	0.9775342	0.48217317	0.8500444	1.0	3242	tags=28%, list=21%, signal=35%	
GOBP_RESPONSE_TO_WOUNDING	GOBP_RESPONSE_TO_WOUNDING		477	0.18111405	0.97739303	0.5246114	0.85012376	1.0	3922	tags=28%, list=26%, signal=36%	
GOBP_NEGATIVE_REGULATION_OF_COLD_INDUCED_THERMOGENESIS	GOBP_NEGATIVE_REGULATION_OF_COLD_INDUCED_THERMOGENESIS		40	0.2637581	0.976995	0.4936479	0.8510369	1.0	4439	tags=45%, list=29%, signal=64%	
GOBP_NEGATIVE_REGULATION_OF_T_CELL_DIFFERENTIATION	GOBP_NEGATIVE_REGULATION_OF_T_CELL_DIFFERENTIATION		39	0.26308864	0.9768681	0.5016892	0.8510708	1.0	1624	tags=18%, list=11%, signal=20%	
GOBP_POSITIVE_REGULATION_OF_CD4_POSITIVE_ALPHA_BETA_T_CELL_DIFFERENTIATION	GOBP_POSITIVE_REGULATION_OF_CD4_POSITIVE_ALPHA_BETA_T_CELL_DIFFERENTIATION		23	0.30538356	0.9767156	0.484375	0.851205	1.0	3198	tags=35%, list=21%, signal=44%	
HP_EXOCRINE_PANCREATIC_INSUFFICIENCY	HP_EXOCRINE_PANCREATIC_INSUFFICIENCY		51	0.25153798	0.97648966	0.48867315	0.85156167	1.0	1481	tags=14%, list=10%, signal=15%	
GOBP_SENSORY_PERCEPTION_OF_MECHANICAL_STIMULUS	GOBP_SENSORY_PERCEPTION_OF_MECHANICAL_STIMULUS		170	0.20130362	0.9762269	0.5198822	0.8520365	1.0	3098	tags=26%, list=21%, signal=32%	
GOMF_PHOSPHATIDYLINOSITOL_BISPHOSPHATE_BINDING	GOMF_PHOSPHATIDYLINOSITOL_BISPHOSPHATE_BINDING		98	0.21844581	0.97594965	0.5016077	0.85258466	1.0	3267	tags=23%, list=22%, signal=30%	
HP_ABNORMAL_SKIN_MORPHOLOGY_OF_THE_PALM	HP_ABNORMAL_SKIN_MORPHOLOGY_OF_THE_PALM		355	0.18515195	0.975865	0.532345	0.85252225	1.0	3167	tags=23%, list=21%, signal=29%	
GOBP_PEPTIDE_TRANSPORT	GOBP_PEPTIDE_TRANSPORT		233	0.19452034	0.9757284	0.52794117	0.8526255	1.0	4310	tags=33%, list=29%, signal=45%	
GOMF_FIBRONECTIN_BINDING	GOMF_FIBRONECTIN_BINDING		27	0.29077128	0.9754088	0.47938144	0.8533134	1.0	4290	tags=37%, list=28%, signal=52%	
GOMF_PHOSPHOLIPID_TRANSPORTER_ACTIVITY	GOMF_PHOSPHOLIPID_TRANSPORTER_ACTIVITY		65	0.23840985	0.975054	0.5032258	0.8540901	1.0	2863	tags=25%, list=19%, signal=30%	
HP_JOINT_SWELLING	HP_JOINT_SWELLING		37	0.264798	0.9750023	0.4795222	0.85392416	1.0	3522	tags=32%, list=23%, signal=42%	
GOBP_DNA_STRAND_ELONGATION	GOBP_DNA_STRAND_ELONGATION		34	0.27421463	0.9746608	0.48287672	0.8546772	1.0	3205	tags=26%, list=21%, signal=34%	
GOBP_PYRIMIDINE_CONTAINING_COMPOUND_METABOLIC_PROCESS	GOBP_PYRIMIDINE_CONTAINING_COMPOUND_METABOLIC_PROCESS		73	0.23423924	0.97440547	0.50392467	0.8551241	1.0	3828	tags=27%, list=25%, signal=37%	
HP_ABNORMAL_CIRCULATING_ALPHA_FETOPROTEIN_CONCENTRATION	HP_ABNORMAL_CIRCULATING_ALPHA_FETOPROTEIN_CONCENTRATION		29	0.28222984	0.97431105	0.5008881	0.85506713	1.0	4895	tags=48%, list=32%, signal=71%	
GOBP_HEPARAN_SULFATE_PROTEOGLYCAN_BIOSYNTHETIC_PROCESS	GOBP_HEPARAN_SULFATE_PROTEOGLYCAN_BIOSYNTHETIC_PROCESS		30	0.28583515	0.97405	0.4878049	0.85555923	1.0	2424	tags=23%, list=16%, signal=28%	
HP_ABNORMAL_CEREBRAL_VASCULAR_MORPHOLOGY	HP_ABNORMAL_CEREBRAL_VASCULAR_MORPHOLOGY		280	0.19121444	0.97398514	0.53501403	0.8554183	1.0	3731	tags=25%, list=25%, signal=32%	
GOBP_AXIS_SPECIFICATION	GOBP_AXIS_SPECIFICATION		81	0.23222126	0.9736337	0.53067994	0.856205	1.0	3965	tags=40%, list=26%, signal=53%	
GOBP_REGULATION_OF_PROTEIN_LOCALIZATION_TO_PLASMA_MEMBRANE	GOBP_REGULATION_OF_PROTEIN_LOCALIZATION_TO_PLASMA_MEMBRANE		101	0.22014995	0.97353286	0.4937304	0.85614866	1.0	1617	tags=15%, list=11%, signal=17%	
GOBP_RENAL_SYSTEM_DEVELOPMENT	GOBP_RENAL_SYSTEM_DEVELOPMENT		295	0.18996105	0.97330755	0.54034585	0.8565202	1.0	2976	tags=23%, list=20%, signal=28%	
HP_MACULAR_THICKENING	HP_MACULAR_THICKENING		87	0.22246711	0.9731064	0.5016129	0.8567862	1.0	3016	tags=24%, list=20%, signal=30%	
GOBP_REGULATION_OF_MACROPHAGE_DIFFERENTIATION	GOBP_REGULATION_OF_MACROPHAGE_DIFFERENTIATION		19	0.3167399	0.9728874	0.50177306	0.85713077	1.0	2699	tags=26%, list=18%, signal=32%	
GOBP_REGULATION_OF_DNA_STRAND_ELONGATION	GOBP_REGULATION_OF_DNA_STRAND_ELONGATION		16	0.33309704	0.9725777	0.4900901	0.8577551	1.0	3980	tags=38%, list=26%, signal=51%	
GOBP_POSITIVE_REGULATION_OF_PROTEIN_BINDING	GOBP_POSITIVE_REGULATION_OF_PROTEIN_BINDING		25	0.29427066	0.97242564	0.49726775	0.8578841	1.0	2676	tags=28%, list=18%, signal=34%	
GOBP_NEGATIVE_REGULATION_OF_ERBB_SIGNALING_PATHWAY	GOBP_NEGATIVE_REGULATION_OF_ERBB_SIGNALING_PATHWAY		30	0.2842772	0.9724241	0.50513697	0.8575367	1.0	1781	tags=20%, list=12%, signal=23%	
HP_ABNORMAL_FIBULA_MORPHOLOGY	HP_ABNORMAL_FIBULA_MORPHOLOGY		57	0.24529953	0.9721443	0.51107323	0.85808706	1.0	1746	tags=14%, list=12%, signal=16%	
GOBP_STEROID_CATABOLIC_PROCESS	GOBP_STEROID_CATABOLIC_PROCESS		20	0.31296322	0.9720811	0.5118644	0.8579315	1.0	4169	tags=45%, list=28%, signal=62%	
HP_HYPERLIPIDEMIA	HP_HYPERLIPIDEMIA		130	0.21178168	0.9719182	0.5226209	0.8580785	1.0	2553	tags=18%, list=17%, signal=22%	
GOBP_POSITIVE_REGULATION_OF_RAS_PROTEIN_SIGNAL_TRANSDUCTION	GOBP_POSITIVE_REGULATION_OF_RAS_PROTEIN_SIGNAL_TRANSDUCTION		17	0.32240528	0.971846	0.5053192	0.8579446	1.0	1183	tags=18%, list=8%, signal=19%	
HP_INTESTINAL_FISTULA	HP_INTESTINAL_FISTULA		30	0.28036958	0.97184104	0.50680274	0.8576115	1.0	999	tags=13%, list=7%, signal=14%	
GOBP_EMBRYONIC_APPENDAGE_MORPHOGENESIS	GOBP_EMBRYONIC_APPENDAGE_MORPHOGENESIS		119	0.21309249	0.9717616	0.53039515	0.8575154	1.0	3214	tags=24%, list=21%, signal=31%	
GOMF_TRANSPORTER_REGULATOR_ACTIVITY	GOMF_TRANSPORTER_REGULATOR_ACTIVITY		163	0.20371544	0.97153234	0.5139092	0.85790503	1.0	4706	tags=39%, list=31%, signal=56%	
HP_ELEVATED_CIRCULATING_LUTEINIZING_HORMONE_LEVEL	HP_ELEVATED_CIRCULATING_LUTEINIZING_HORMONE_LEVEL		33	0.2709449	0.97132295	0.5068493	0.8582435	1.0	3260	tags=27%, list=22%, signal=35%	
GOBP_SEGMENTATION	GOBP_SEGMENTATION		84	0.22542475	0.97129345	0.5185185	0.8579905	1.0	3266	tags=29%, list=22%, signal=36%	
HP_MYOTONIA	HP_MYOTONIA		28	0.28090623	0.9712504	0.5106007	0.8577698	1.0	2363	tags=25%, list=16%, signal=30%	
HP_ATYPICAL_SCARRING_OF_SKIN	HP_ATYPICAL_SCARRING_OF_SKIN		65	0.23561928	0.97084624	0.5264847	0.85864687	1.0	3504	tags=26%, list=23%, signal=34%	
GOBP_PROTEIN_LOCALIZATION_TO_ENDOSOME	GOBP_PROTEIN_LOCALIZATION_TO_ENDOSOME		25	0.29423687	0.97084427	0.50183153	0.8583001	1.0	1193	tags=16%, list=8%, signal=17%	
HP_THORACIC_AORTIC_ANEURYSM	HP_THORACIC_AORTIC_ANEURYSM		105	0.21702054	0.9708381	0.506135	0.8579718	1.0	1673	tags=13%, list=11%, signal=15%	
HP_PAROXYSMAL_DYSTONIA	HP_PAROXYSMAL_DYSTONIA		17	0.32735902	0.9708065	0.4972477	0.8577146	1.0	3235	tags=41%, list=21%, signal=52%	
HP_ABNORMAL_RENAL_CORTICOMEDULLARY_DIFFERENTIATION	HP_ABNORMAL_RENAL_CORTICOMEDULLARY_DIFFERENTIATION		19	0.3097079	0.9705316	0.50364965	0.8582283	1.0	1419	tags=21%, list=9%, signal=23%	
HP_ABNORMALITY_OF_VITAMIN_METABOLISM	HP_ABNORMALITY_OF_VITAMIN_METABOLISM		86	0.22804664	0.97019035	0.5120773	0.8589645	1.0	5065	tags=40%, list=34%, signal=59%	
GOBP_CONNECTIVE_TISSUE_DEVELOPMENT	GOBP_CONNECTIVE_TISSUE_DEVELOPMENT		260	0.19120741	0.9701481	0.5467626	0.85874873	1.0	3690	tags=26%, list=24%, signal=34%	
HP_URETHRAL_ATRESIA	HP_URETHRAL_ATRESIA		24	0.30094168	0.9700523	0.48601398	0.8587191	1.0	5010	tags=50%, list=33%, signal=75%	
HP_ABNORMAL_PIGMENTATION_OF_THE_ORAL_MUCOSA	HP_ABNORMAL_PIGMENTATION_OF_THE_ORAL_MUCOSA		29	0.28175455	0.969919	0.5008489	0.8588054	1.0	1245	tags=17%, list=8%, signal=19%	
GOBP_PLATELET_AGGREGATION	GOBP_PLATELET_AGGREGATION		65	0.23795226	0.96990496	0.5250404	0.85849845	1.0	4490	tags=37%, list=30%, signal=52%	
GOMF_GATED_CHANNEL_ACTIVITY	GOMF_GATED_CHANNEL_ACTIVITY		261	0.19120228	0.9697243	0.5371429	0.8587362	1.0	4571	tags=39%, list=30%, signal=55%	
HP_DIFFUSE_MESANGIAL_SCLEROSIS	HP_DIFFUSE_MESANGIAL_SCLEROSIS		36	0.26624924	0.9695314	0.5233333	0.8589984	1.0	1821	tags=17%, list=12%, signal=19%	
HP_PAIN_IN_HEAD_AND_NECK_REGION	HP_PAIN_IN_HEAD_AND_NECK_REGION		35	0.2709589	0.9695126	0.5	0.8587034	1.0	3540	tags=31%, list=23%, signal=41%	
HP_SHORT_RIBS	HP_SHORT_RIBS		67	0.23232184	0.9694925	0.5048701	0.85841614	1.0	4822	tags=37%, list=32%, signal=55%	
HP_EPISTAXIS	HP_EPISTAXIS		76	0.22951731	0.9693632	0.52166665	0.858472	1.0	4371	tags=34%, list=29%, signal=48%	
GOBP_STRIATUM_DEVELOPMENT	GOBP_STRIATUM_DEVELOPMENT		18	0.31935486	0.9692692	0.51111114	0.85843736	1.0	3002	tags=39%, list=20%, signal=48%	
HP_ABNORMAL_AORTIC_VALVE_MORPHOLOGY	HP_ABNORMAL_AORTIC_VALVE_MORPHOLOGY		152	0.20561878	0.96920335	0.52012384	0.858298	1.0	1755	tags=16%, list=12%, signal=18%	
HP_VASCULAR_SKIN_ABNORMALITY	HP_VASCULAR_SKIN_ABNORMALITY		484	0.18051852	0.9688972	0.58212876	0.858912	1.0	4577	tags=32%, list=30%, signal=44%	
GOBP_REGULATION_OF_NON_CANONICAL_NF_KAPPAB_SIGNAL_TRANSDUCTION	GOBP_REGULATION_OF_NON_CANONICAL_NF_KAPPAB_SIGNAL_TRANSDUCTION		83	0.22667718	0.96886057	0.51916933	0.85868514	1.0	3203	tags=25%, list=21%, signal=32%	
HP_CUTANEOUS_PHOTOSENSITIVITY	HP_CUTANEOUS_PHOTOSENSITIVITY		87	0.22262163	0.9688444	0.51724136	0.8583979	1.0	2338	tags=17%, list=15%, signal=20%	
GOBP_SARCOMERE_ORGANIZATION	GOBP_SARCOMERE_ORGANIZATION		39	0.26102003	0.9687251	0.5	0.8584342	1.0	4578	tags=41%, list=30%, signal=59%	
GOMF_METAL_ION_TRANSMEMBRANE_TRANSPORTER_ACTIVITY	GOMF_METAL_ION_TRANSMEMBRANE_TRANSPORTER_ACTIVITY		445	0.17978784	0.9686112	0.56194127	0.8584524	1.0	4706	tags=36%, list=31%, signal=51%	
GOMF_HYDROLASE_ACTIVITY_ACTING_ON_CARBON_NITROGEN_BUT_NOT_PEPTIDE_BONDS_IN_CYCLIC_AMIDES	GOMF_HYDROLASE_ACTIVITY_ACTING_ON_CARBON_NITROGEN_BUT_NOT_PEPTIDE_BONDS_IN_CYCLIC_AMIDES		15	0.33258596	0.9685335	0.48598132	0.8583376	1.0	1047	tags=20%, list=7%, signal=21%	
HP_ABNORMAL_CORNEAL_ENDOTHELIUM_MORPHOLOGY	HP_ABNORMAL_CORNEAL_ENDOTHELIUM_MORPHOLOGY		18	0.3205546	0.9684794	0.4982699	0.8581687	1.0	791	tags=17%, list=5%, signal=18%	
HP_ABNORMAL_HEMOGLOBIN_CONCENTRATION	HP_ABNORMAL_HEMOGLOBIN_CONCENTRATION		15	0.32856762	0.9684387	0.50359714	0.85795516	1.0	4921	tags=53%, list=33%, signal=79%	
GOBP_ACYLGLYCEROL_HOMEOSTASIS	GOBP_ACYLGLYCEROL_HOMEOSTASIS		30	0.28006637	0.96820915	0.49337748	0.8583278	1.0	1488	tags=17%, list=10%, signal=18%	
GOBP_REGULATION_OF_HEART_CONTRACTION	GOBP_REGULATION_OF_HEART_CONTRACTION		174	0.20229177	0.9681305	0.5300462	0.85822177	1.0	4324	tags=33%, list=29%, signal=46%	
GOBP_REGULATION_OF_HAIR_FOLLICLE_DEVELOPMENT	GOBP_REGULATION_OF_HAIR_FOLLICLE_DEVELOPMENT		16	0.3338006	0.9681142	0.4847943	0.85792583	1.0	4627	tags=44%, list=31%, signal=63%	
GOBP_CELL_FATE_COMMITMENT_INVOLVED_IN_FORMATION_OF_PRIMARY_GERM_LAYER	GOBP_CELL_FATE_COMMITMENT_INVOLVED_IN_FORMATION_OF_PRIMARY_GERM_LAYER		22	0.30566958	0.9677934	0.49910232	0.8585756	1.0	1818	tags=23%, list=12%, signal=26%	
HP_ABNORMAL_OSSIFICATION_INVOLVING_THE_FEMORAL_HEAD_AND_NECK	HP_ABNORMAL_OSSIFICATION_INVOLVING_THE_FEMORAL_HEAD_AND_NECK		19	0.31788462	0.96724147	0.51241136	0.8599691	1.0	3997	tags=47%, list=26%, signal=64%	
HP_ARTHROPATHY	HP_ARTHROPATHY		56	0.24185224	0.96716696	0.4973638	0.859853	1.0	4573	tags=39%, list=30%, signal=56%	
HP_REDUCED_CONSCIOUSNESS	HP_REDUCED_CONSCIOUSNESS		205	0.19630656	0.9670891	0.53722626	0.859764	1.0	1939	tags=16%, list=13%, signal=18%	
GOBP_VENTRICULAR_SYSTEM_DEVELOPMENT	GOBP_VENTRICULAR_SYSTEM_DEVELOPMENT		29	0.28222764	0.96676964	0.496633	0.86042166	1.0	4020	tags=38%, list=27%, signal=52%	
HP_RESTRICTIVE_CARDIOMYOPATHY	HP_RESTRICTIVE_CARDIOMYOPATHY		16	0.32757792	0.9667606	0.49288255	0.8601072	1.0	4040	tags=38%, list=27%, signal=51%	
HP_DUANE_ANOMALY	HP_DUANE_ANOMALY		25	0.28735632	0.9667179	0.48281786	0.85989577	1.0	1900	tags=20%, list=13%, signal=23%	
HP_HYPOPLASTIC_VERTEBRAL_BODIES	HP_HYPOPLASTIC_VERTEBRAL_BODIES		16	0.33610475	0.9666499	0.52577317	0.85976017	1.0	5660	tags=44%, list=37%, signal=70%	
HP_UNUSUAL_INFECTION_BY_ANATOMICAL_SITE	HP_UNUSUAL_INFECTION_BY_ANATOMICAL_SITE		82	0.22818515	0.9659881	0.5354201	0.86147636	1.0	5026	tags=40%, list=33%, signal=60%	
HP_DUPLICATION_INVOLVING_BONES_OF_THE_FEET	HP_DUPLICATION_INVOLVING_BONES_OF_THE_FEET		129	0.21048221	0.96584696	0.51857585	0.8615828	1.0	3620	tags=26%, list=24%, signal=34%	
GOBP_POSITIVE_REGULATION_OF_PATTERN_RECOGNITION_RECEPTOR_SIGNALING_PATHWAY	GOBP_POSITIVE_REGULATION_OF_PATTERN_RECOGNITION_RECEPTOR_SIGNALING_PATHWAY		67	0.23342147	0.9656725	0.5265866	0.8618094	1.0	2794	tags=24%, list=18%, signal=29%	
GOBP_INTRACELLULAR_SODIUM_ION_HOMEOSTASIS	GOBP_INTRACELLULAR_SODIUM_ION_HOMEOSTASIS		18	0.3147268	0.96563554	0.52792794	0.8615784	1.0	4435	tags=39%, list=29%, signal=55%	
HP_SEVERE_SHORT_STATURE	HP_SEVERE_SHORT_STATURE		97	0.22190787	0.96550757	0.522508	0.86163676	1.0	1937	tags=16%, list=13%, signal=19%	
GOBP_PHASIC_SMOOTH_MUSCLE_CONTRACTION	GOBP_PHASIC_SMOOTH_MUSCLE_CONTRACTION		18	0.32023388	0.9647462	0.51573426	0.8636531	1.0	4526	tags=50%, list=30%, signal=71%	
GOBP_RESPONSE_TO_XENOBIOTIC_STIMULUS	GOBP_RESPONSE_TO_XENOBIOTIC_STIMULUS		329	0.18567054	0.9647279	0.545961	0.86337155	1.0	5180	tags=39%, list=34%, signal=58%	
GOMF_GROWTH_FACTOR_ACTIVITY	GOMF_GROWTH_FACTOR_ACTIVITY		122	0.21159475	0.9645935	0.5332253	0.86345553	1.0	4094	tags=30%, list=27%, signal=41%	
HP_ABNORMAL_CIRCULATING_INTERFERON_CONCENTRATION	HP_ABNORMAL_CIRCULATING_INTERFERON_CONCENTRATION		18	0.3207398	0.96452385	0.51318103	0.86332417	1.0	4042	tags=44%, list=27%, signal=61%	
GOBP_POSITIVE_REGULATION_OF_GLIOGENESIS	GOBP_POSITIVE_REGULATION_OF_GLIOGENESIS		58	0.24288091	0.96443063	0.5080386	0.8632776	1.0	2391	tags=22%, list=16%, signal=27%	
HP_CAROTID_ARTERY_DILATATION	HP_CAROTID_ARTERY_DILATATION		16	0.32445887	0.9643419	0.51532567	0.86322033	1.0	3451	tags=31%, list=23%, signal=40%	
GOBP_DETECTION_OF_CHEMICAL_STIMULUS	GOBP_DETECTION_OF_CHEMICAL_STIMULUS		62	0.23565993	0.9643233	0.51869917	0.8629418	1.0	5249	tags=50%, list=35%, signal=76%	
GOMF_SULFUR_COMPOUND_TRANSMEMBRANE_TRANSPORTER_ACTIVITY	GOMF_SULFUR_COMPOUND_TRANSMEMBRANE_TRANSPORTER_ACTIVITY		50	0.24585769	0.9638221	0.5	0.86416304	1.0	411	tags=10%, list=3%, signal=10%	
HP_RENAL_TUBULAR_ACIDOSIS	HP_RENAL_TUBULAR_ACIDOSIS		39	0.26409286	0.9635556	0.5137457	0.8646614	1.0	3051	tags=26%, list=20%, signal=32%	
GOCC_CELL_PROJECTION_MEMBRANE	GOCC_CELL_PROJECTION_MEMBRANE		304	0.18739568	0.96315926	0.55445546	0.8655796	1.0	3389	tags=26%, list=22%, signal=32%	
HP_DYSCHROMATOPSIA	HP_DYSCHROMATOPSIA		47	0.24877141	0.9630618	0.5227656	0.8655296	1.0	2472	tags=23%, list=16%, signal=28%	
HP_CYSTIC_LIVER_DISEASE	HP_CYSTIC_LIVER_DISEASE		38	0.26400796	0.96305937	0.51972556	0.86519384	1.0	2056	tags=18%, list=14%, signal=21%	
GOBP_RIG_I_SIGNALING_PATHWAY	GOBP_RIG_I_SIGNALING_PATHWAY		25	0.2896784	0.96284264	0.49537894	0.86551803	1.0	2497	tags=24%, list=17%, signal=29%	
HP_APLASIA_HYPOPLASIA_OF_THE_PUBIC_BONE	HP_APLASIA_HYPOPLASIA_OF_THE_PUBIC_BONE		20	0.30640334	0.9627119	0.5115864	0.8655672	1.0	796	tags=15%, list=5%, signal=16%	
HP_METATARSUS_ADDUCTUS	HP_METATARSUS_ADDUCTUS		46	0.25208297	0.9627098	0.53504276	0.86522603	1.0	2989	tags=24%, list=20%, signal=30%	
GOBP_POSITIVE_REGULATION_OF_DNA_BINDING_TRANSCRIPTION_FACTOR_ACTIVITY	GOBP_POSITIVE_REGULATION_OF_DNA_BINDING_TRANSCRIPTION_FACTOR_ACTIVITY		109	0.2131428	0.96256787	0.5517774	0.8653347	1.0	3807	tags=28%, list=25%, signal=37%	
GOMF_UNFOLDED_PROTEIN_BINDING	GOMF_UNFOLDED_PROTEIN_BINDING		94	0.2199815	0.96256316	0.54063016	0.8650011	1.0	2965	tags=20%, list=20%, signal=25%	
HP_ELEVATED_CIRCULATING_ALANINE_AMINOTRANSFERASE_CONCENTRATION	HP_ELEVATED_CIRCULATING_ALANINE_AMINOTRANSFERASE_CONCENTRATION		75	0.22645605	0.9624502	0.52006423	0.8650138	1.0	1333	tags=13%, list=9%, signal=15%	
HP_MUSCLE_FIBER_ATROPHY	HP_MUSCLE_FIBER_ATROPHY		55	0.24530466	0.96221375	0.51473135	0.8654438	1.0	3791	tags=25%, list=25%, signal=34%	
HP_MUSCLE_FIBER_SPLITTING	HP_MUSCLE_FIBER_SPLITTING		19	0.3169978	0.96203434	0.49551168	0.86568195	1.0	3923	tags=42%, list=26%, signal=57%	
GOMF_DOUBLE_STRANDED_RNA_BINDING	GOMF_DOUBLE_STRANDED_RNA_BINDING		64	0.23578036	0.96180457	0.5401929	0.86605793	1.0	2536	tags=22%, list=17%, signal=26%	
GOBP_MITOCHONDRIAL_CALCIUM_ION_HOMEOSTASIS	GOBP_MITOCHONDRIAL_CALCIUM_ION_HOMEOSTASIS		22	0.29289827	0.9615131	0.5244755	0.8666197	1.0	3000	tags=32%, list=20%, signal=40%	
HP_PYRIDOXINE_RESPONSIVE_SIDEROBLASTIC_ANEMIA	HP_PYRIDOXINE_RESPONSIVE_SIDEROBLASTIC_ANEMIA		19	0.31094816	0.96149	0.529517	0.86635053	1.0	1504	tags=16%, list=10%, signal=18%	
GOBP_RETINA_HOMEOSTASIS	GOBP_RETINA_HOMEOSTASIS		49	0.24367242	0.9614756	0.50576603	0.8660559	1.0	3823	tags=31%, list=25%, signal=41%	
HP_HAMARTOMA_OF_TONGUE	HP_HAMARTOMA_OF_TONGUE		23	0.2961498	0.9614711	0.5124555	0.8657259	1.0	4886	tags=43%, list=32%, signal=64%	
GOBP_MULTICELLULAR_ORGANISMAL_RESPONSE_TO_STRESS	GOBP_MULTICELLULAR_ORGANISMAL_RESPONSE_TO_STRESS		88	0.22168979	0.9613948	0.5162867	0.86561096	1.0	4526	tags=38%, list=30%, signal=53%	
HP_AGE_OF_DEATH	HP_AGE_OF_DEATH		398	0.18188085	0.9612161	0.597351	0.8658473	1.0	3197	tags=22%, list=21%, signal=27%	
HP_ABNORMAL_MUSCLE_TISSUE_METABOLITE_CONCENTRATION	HP_ABNORMAL_MUSCLE_TISSUE_METABOLITE_CONCENTRATION		47	0.24791555	0.9609454	0.51979345	0.8663768	1.0	3845	tags=36%, list=25%, signal=48%	
GOBP_RIBONUCLEOSIDE_MONOPHOSPHATE_METABOLIC_PROCESS	GOBP_RIBONUCLEOSIDE_MONOPHOSPHATE_METABOLIC_PROCESS		54	0.24124789	0.96059537	0.52561986	0.8671234	1.0	3002	tags=24%, list=20%, signal=30%	
GOBP_INNER_EAR_RECEPTOR_CELL_STEREOCILIUM_ORGANIZATION	GOBP_INNER_EAR_RECEPTOR_CELL_STEREOCILIUM_ORGANIZATION		33	0.27310625	0.9605326	0.5225694	0.8669779	1.0	5462	tags=45%, list=36%, signal=71%	
HP_NEOPLASM_OF_THE_PANCREAS	HP_NEOPLASM_OF_THE_PANCREAS		65	0.23262784	0.9605228	0.52681386	0.8666607	1.0	3840	tags=29%, list=25%, signal=39%	
HP_ABNORMALITY_OF_THE_COMMON_COAGULATION_PATHWAY	HP_ABNORMALITY_OF_THE_COMMON_COAGULATION_PATHWAY		56	0.23812531	0.9603006	0.5083612	0.86702996	1.0	3275	tags=29%, list=22%, signal=36%	
GOBP_ADENYLATE_CYCLASE_INHIBITING_G_PROTEIN_COUPLED_RECEPTOR_SIGNALING_PATHWAY	GOBP_ADENYLATE_CYCLASE_INHIBITING_G_PROTEIN_COUPLED_RECEPTOR_SIGNALING_PATHWAY		70	0.2326378	0.9602945	0.5237316	0.8667053	1.0	4265	tags=44%, list=28%, signal=61%	
GOBP_SODIUM_ION_IMPORT_ACROSS_PLASMA_MEMBRANE	GOBP_SODIUM_ION_IMPORT_ACROSS_PLASMA_MEMBRANE		26	0.28613093	0.9601364	0.5438898	0.8668592	1.0	4615	tags=50%, list=31%, signal=72%	
HP_VELOPHARYNGEAL_INSUFFICIENCY	HP_VELOPHARYNGEAL_INSUFFICIENCY		33	0.2702818	0.95986223	0.517301	0.867373	1.0	2680	tags=27%, list=18%, signal=33%	
HP_CAPILLARY_HEMANGIOMA	HP_CAPILLARY_HEMANGIOMA		31	0.2783703	0.95933354	0.5355286	0.8686678	1.0	2540	tags=23%, list=17%, signal=27%	
GOMF_TRANSFERASE_ACTIVITY_TRANSFERRING_ALKYL_OR_ARYL_OTHER_THAN_METHYL_GROUPS	GOMF_TRANSFERASE_ACTIVITY_TRANSFERRING_ALKYL_OR_ARYL_OTHER_THAN_METHYL_GROUPS		57	0.23757412	0.95932823	0.5400982	0.8683384	1.0	2333	tags=23%, list=15%, signal=27%	
HP_AORTIC_DISSECTION	HP_AORTIC_DISSECTION		31	0.27182382	0.9589699	0.5350877	0.86911505	1.0	645	tags=10%, list=4%, signal=10%	
GOBP_LYMPH_NODE_DEVELOPMENT	GOBP_LYMPH_NODE_DEVELOPMENT		20	0.31185338	0.9587441	0.50880283	0.86948615	1.0	3371	tags=30%, list=22%, signal=39%	
HP_ABNORMALITY_OF_THE_INTERNAL_AUDITORY_CANAL	HP_ABNORMALITY_OF_THE_INTERNAL_AUDITORY_CANAL		18	0.31586015	0.95871264	0.5	0.86924934	1.0	110	tags=11%, list=1%, signal=11%	
HP_ABNORMAL_LYMPHOCYTE_MORPHOLOGY	HP_ABNORMAL_LYMPHOCYTE_MORPHOLOGY		203	0.19423713	0.958705	0.5542522	0.86892813	1.0	4641	tags=32%, list=31%, signal=46%	
HP_SYNOSTOSIS_INVOLVING_BONES_OF_THE_HAND	HP_SYNOSTOSIS_INVOLVING_BONES_OF_THE_HAND		49	0.2472802	0.95855117	0.5299838	0.8690565	1.0	1362	tags=14%, list=9%, signal=16%	
GOBP_SENSORY_SYSTEM_DEVELOPMENT	GOBP_SENSORY_SYSTEM_DEVELOPMENT		368	0.18206127	0.95732033	0.589404	0.8725279	1.0	2907	tags=23%, list=19%, signal=27%	
HP_OCULAR_PAIN	HP_OCULAR_PAIN		18	0.31959766	0.9571878	0.5102804	0.8726067	1.0	732	tags=17%, list=5%, signal=17%	
GOBP_REGULATION_OF_NEUROINFLAMMATORY_RESPONSE	GOBP_REGULATION_OF_NEUROINFLAMMATORY_RESPONSE		23	0.28905836	0.9571012	0.49097472	0.8725279	1.0	1365	tags=22%, list=9%, signal=24%	
HP_ABNORMALITY_OF_THE_URETER	HP_ABNORMALITY_OF_THE_URETER		332	0.1844838	0.9568651	0.5683356	0.87289727	1.0	4345	tags=29%, list=29%, signal=39%	
HP_EXERCISE_INTOLERANCE	HP_EXERCISE_INTOLERANCE		129	0.20819923	0.9567072	0.5233786	0.8730345	1.0	4206	tags=33%, list=28%, signal=45%	
GOBP_REGULATION_OF_PEPTIDYL_SERINE_PHOSPHORYLATION	GOBP_REGULATION_OF_PEPTIDYL_SERINE_PHOSPHORYLATION		23	0.29265288	0.9563083	0.52483445	0.87390816	1.0	2095	tags=26%, list=14%, signal=30%	
GOCC_ACROSOMAL_MEMBRANE	GOCC_ACROSOMAL_MEMBRANE		20	0.30310687	0.9562959	0.5114235	0.8736027	1.0	3531	tags=30%, list=23%, signal=39%	
HP_ABNORMAL_EKG	HP_ABNORMAL_EKG		106	0.21429883	0.9562573	0.53833866	0.8733874	1.0	3504	tags=26%, list=23%, signal=34%	
GOMF_PHOSPHATIDYLINOSITOL_4_PHOSPHATE_BINDING	GOMF_PHOSPHATIDYLINOSITOL_4_PHOSPHATE_BINDING		27	0.28212178	0.9561595	0.52743363	0.87334645	1.0	2511	tags=22%, list=17%, signal=27%	
HP_EMPHYSEMA	HP_EMPHYSEMA		46	0.24997325	0.95600283	0.52730376	0.8735058	1.0	4520	tags=43%, list=30%, signal=62%	
HP_REGIONAL_ABNORMALITY_OF_SKIN	HP_REGIONAL_ABNORMALITY_OF_SKIN		464	0.17763485	0.95596176	0.5925433	0.8732999	1.0	3269	tags=23%, list=22%, signal=29%	
HP_ABNORMAL_FIFTH_TOE_MORPHOLOGY	HP_ABNORMAL_FIFTH_TOE_MORPHOLOGY		85	0.22047943	0.9559328	0.5274193	0.87304395	1.0	4822	tags=38%, list=32%, signal=55%	
GOBP_PROTEIN_KINASE_A_SIGNALING	GOBP_PROTEIN_KINASE_A_SIGNALING		15	0.32937932	0.9559087	0.52150536	0.8727708	1.0	5061	tags=53%, list=33%, signal=80%	
GOBP_DENDRITIC_CELL_DIFFERENTIATION	GOBP_DENDRITIC_CELL_DIFFERENTIATION		36	0.2628886	0.95589	0.5026178	0.8724839	1.0	5831	tags=56%, list=39%, signal=90%	
GOCC_NUCLEAR_INNER_MEMBRANE	GOCC_NUCLEAR_INNER_MEMBRANE		45	0.24930313	0.95561266	0.50949913	0.8730149	1.0	4569	tags=36%, list=30%, signal=51%	
GOBP_CATECHOLAMINE_UPTAKE	GOBP_CATECHOLAMINE_UPTAKE		15	0.33883095	0.9556002	0.51277375	0.8727077	1.0	3570	tags=40%, list=24%, signal=52%	
GOBP_DORSAL_SPINAL_CORD_DEVELOPMENT	GOBP_DORSAL_SPINAL_CORD_DEVELOPMENT		16	0.32343146	0.9551249	0.5305755	0.8738658	1.0	3404	tags=44%, list=23%, signal=56%	
HP_AMAUROSIS_FUGAX	HP_AMAUROSIS_FUGAX		28	0.28285372	0.9550929	0.52228165	0.87362796	1.0	830	tags=14%, list=5%, signal=15%	
HP_MUSCLE_SPASM	HP_MUSCLE_SPASM		155	0.19999081	0.9550548	0.56414217	0.87340575	1.0	2072	tags=16%, list=14%, signal=19%	
GOMF_ACYLTRANSFERASE_ACTIVITY_TRANSFERRING_GROUPS_OTHER_THAN_AMINO_ACYL_GROUPS	GOMF_ACYLTRANSFERASE_ACTIVITY_TRANSFERRING_GROUPS_OTHER_THAN_AMINO_ACYL_GROUPS		204	0.19426239	0.95452017	0.56854254	0.8747507	1.0	3628	tags=27%, list=24%, signal=35%	
GOBP_POSITIVE_REGULATION_OF_NF_KAPPAB_TRANSCRIPTION_FACTOR_ACTIVITY	GOBP_POSITIVE_REGULATION_OF_NF_KAPPAB_TRANSCRIPTION_FACTOR_ACTIVITY		76	0.22471088	0.9543513	0.53748006	0.87492526	1.0	2898	tags=22%, list=19%, signal=28%	
HP_EPISODIC_TACHYPNEA	HP_EPISODIC_TACHYPNEA		45	0.2507429	0.9543008	0.53807104	0.8747444	1.0	3620	tags=27%, list=24%, signal=35%	
HP_BASAL_GANGLIA_CALCIFICATION	HP_BASAL_GANGLIA_CALCIFICATION		40	0.2578234	0.9542773	0.5472637	0.87447274	1.0	1468	tags=18%, list=10%, signal=19%	
HP_FETAL_NECK_ANOMALY	HP_FETAL_NECK_ANOMALY		102	0.21434964	0.95386046	0.5462046	0.8754448	1.0	3559	tags=27%, list=24%, signal=36%	
GOBP_POSITIVE_REGULATION_OF_EPITHELIAL_CELL_MIGRATION	GOBP_POSITIVE_REGULATION_OF_EPITHELIAL_CELL_MIGRATION		40	0.25644964	0.9536252	0.5344828	0.8758385	1.0	1336	tags=13%, list=9%, signal=14%	
GOBP_REGULATION_OF_MUSCLE_SYSTEM_PROCESS	GOBP_REGULATION_OF_MUSCLE_SYSTEM_PROCESS		196	0.1954831	0.95339453	0.5978091	0.8762222	1.0	4448	tags=34%, list=29%, signal=47%	
HP_APLASIA_HYPOPLASIA_OF_THE_SCAPULAE	HP_APLASIA_HYPOPLASIA_OF_THE_SCAPULAE		30	0.27770376	0.95275414	0.51384085	0.87789077	1.0	4586	tags=40%, list=30%, signal=57%	
GOMF_PHOSPHATIDYLINOSITOL_MONOPHOSPHATE_PHOSPHATASE_ACTIVITY	GOMF_PHOSPHATIDYLINOSITOL_MONOPHOSPHATE_PHOSPHATASE_ACTIVITY		17	0.32139617	0.95270354	0.529517	0.87771654	1.0	2695	tags=24%, list=18%, signal=29%	
GOCC_RESPIRATORY_CHAIN_COMPLEX_IV	GOCC_RESPIRATORY_CHAIN_COMPLEX_IV		19	0.31589973	0.9525269	0.53072625	0.87793106	1.0	4925	tags=37%, list=33%, signal=55%	
HP_NASOGASTRIC_TUBE_FEEDING	HP_NASOGASTRIC_TUBE_FEEDING		41	0.25630498	0.95248944	0.528109	0.8777049	1.0	1702	tags=20%, list=11%, signal=22%	
GOBP_POSITIVE_REGULATION_OF_GLIAL_CELL_DIFFERENTIATION	GOBP_POSITIVE_REGULATION_OF_GLIAL_CELL_DIFFERENTIATION		40	0.25502238	0.9522304	0.54210526	0.87816036	1.0	2391	tags=23%, list=16%, signal=27%	
GOBP_ATP_TRANSPORT	GOBP_ATP_TRANSPORT		17	0.3177627	0.95221573	0.5252174	0.87785625	1.0	348	tags=12%, list=2%, signal=12%	
GOBP_POSITIVE_REGULATION_OF_PHOSPHATIDYLINOSITOL_3_KINASE_PROTEIN_KINASE_B_SIGNAL_TRANSDUCTION	GOBP_POSITIVE_REGULATION_OF_PHOSPHATIDYLINOSITOL_3_KINASE_PROTEIN_KINASE_B_SIGNAL_TRANSDUCTION		167	0.19790792	0.9521814	0.56390977	0.8776124	1.0	4242	tags=29%, list=28%, signal=40%	
GOBP_ICOSANOID_SECRETION	GOBP_ICOSANOID_SECRETION		31	0.2748494	0.9521531	0.52816904	0.8773584	1.0	4833	tags=45%, list=32%, signal=66%	
GOMF_PROTEIN_SEQUESTERING_ACTIVITY	GOMF_PROTEIN_SEQUESTERING_ACTIVITY		33	0.2680318	0.9518183	0.5640599	0.87805647	1.0	1121	tags=12%, list=7%, signal=13%	
GOBP_REGULATION_OF_MEMBRANE_LIPID_DISTRIBUTION	GOBP_REGULATION_OF_MEMBRANE_LIPID_DISTRIBUTION		57	0.23574896	0.9517647	0.5608974	0.8778844	1.0	3477	tags=30%, list=23%, signal=39%	
HP_SUPERNUMERARY_TOOTH	HP_SUPERNUMERARY_TOOTH		46	0.24801661	0.9517203	0.54067796	0.87767565	1.0	2283	tags=22%, list=15%, signal=26%	
HP_GOWERS_SIGN	HP_GOWERS_SIGN		74	0.22664128	0.95151556	0.5596639	0.8779454	1.0	3944	tags=27%, list=26%, signal=36%	
HP_ABNORMAL_AUTONOMIC_NERVOUS_SYSTEM_PHYSIOLOGY	HP_ABNORMAL_AUTONOMIC_NERVOUS_SYSTEM_PHYSIOLOGY		110	0.20974673	0.95140827	0.5642202	0.87792087	1.0	3746	tags=29%, list=25%, signal=38%	
GOBP_NEGATIVE_REGULATION_OF_CATION_CHANNEL_ACTIVITY	GOBP_NEGATIVE_REGULATION_OF_CATION_CHANNEL_ACTIVITY		16	0.32839257	0.9513437	0.52380955	0.87779224	1.0	4712	tags=38%, list=31%, signal=54%	
HP_PREMATURE_OVARIAN_INSUFFICIENCY	HP_PREMATURE_OVARIAN_INSUFFICIENCY		58	0.2383647	0.95110273	0.55709344	0.8781881	1.0	5174	tags=40%, list=34%, signal=60%	
GOBP_POLYSACCHARIDE_CATABOLIC_PROCESS	GOBP_POLYSACCHARIDE_CATABOLIC_PROCESS		25	0.28612757	0.9509887	0.5243056	0.8782041	1.0	4280	tags=36%, list=28%, signal=50%	
HP_VENTRICULAR_FIBRILLATION	HP_VENTRICULAR_FIBRILLATION		39	0.25664234	0.95092255	0.5411765	0.8780754	1.0	2979	tags=28%, list=20%, signal=35%	
HP_SMALL_INTESTINAL_STENOSIS	HP_SMALL_INTESTINAL_STENOSIS		24	0.29032028	0.95064193	0.51526034	0.8785799	1.0	4649	tags=33%, list=31%, signal=48%	
HP_APLASTIC_ANEMIA	HP_APLASTIC_ANEMIA		24	0.2890959	0.9506179	0.5418118	0.8783105	1.0	5277	tags=46%, list=35%, signal=70%	
GOMF_OXIDOREDUCTASE_ACTIVITY_ACTING_ON_NAD_P_H_OXYGEN_AS_ACCEPTOR	GOMF_OXIDOREDUCTASE_ACTIVITY_ACTING_ON_NAD_P_H_OXYGEN_AS_ACCEPTOR		20	0.30592534	0.9504851	0.52640545	0.8783896	1.0	1960	tags=25%, list=13%, signal=29%	
HP_CONGESTIVE_HEART_FAILURE	HP_CONGESTIVE_HEART_FAILURE		200	0.19408487	0.950405	0.5917768	0.8782879	1.0	2343	tags=18%, list=16%, signal=20%	
HP_OVARIAN_NEOPLASM	HP_OVARIAN_NEOPLASM		51	0.23941088	0.9499445	0.542811	0.87934583	1.0	3471	tags=29%, list=23%, signal=38%	
GOCC_CONTRACTILE_MUSCLE_FIBER	GOCC_CONTRACTILE_MUSCLE_FIBER		194	0.19445264	0.9498772	0.5716418	0.8792161	1.0	3944	tags=29%, list=26%, signal=39%	
HP_ABNORMALITY_OF_MUSCLE_SIZE	HP_ABNORMALITY_OF_MUSCLE_SIZE		205	0.192702	0.94987476	0.58059704	0.8788814	1.0	3997	tags=30%, list=26%, signal=40%	
HP_ABNORMAL_TOE_PHALANX_MORPHOLOGY	HP_ABNORMAL_TOE_PHALANX_MORPHOLOGY		111	0.21051	0.94973594	0.55813956	0.87897515	1.0	4345	tags=30%, list=29%, signal=41%	
GOBP_LACTATE_METABOLIC_PROCESS	GOBP_LACTATE_METABOLIC_PROCESS		16	0.3258967	0.94935185	0.53333336	0.87982064	1.0	4452	tags=50%, list=29%, signal=71%	
GOBP_DETECTION_OF_MECHANICAL_STIMULUS_INVOLVED_IN_SENSORY_PERCEPTION_OF_SOUND	GOBP_DETECTION_OF_MECHANICAL_STIMULUS_INVOLVED_IN_SENSORY_PERCEPTION_OF_SOUND		15	0.32950512	0.9491661	0.53321975	0.88006544	1.0	1221	tags=20%, list=8%, signal=22%	
HP_ABNORMAL_ERYTHROCYTE_SEDIMENTATION_RATE	HP_ABNORMAL_ERYTHROCYTE_SEDIMENTATION_RATE		61	0.23692003	0.94890743	0.5284974	0.88052374	1.0	5026	tags=38%, list=33%, signal=56%	
HP_MELENA	HP_MELENA		15	0.3250365	0.9486865	0.5314286	0.88085806	1.0	5335	tags=60%, list=35%, signal=93%	
HP_ABNORMAL_CORTICAL_BONE_MORPHOLOGY	HP_ABNORMAL_CORTICAL_BONE_MORPHOLOGY		80	0.22426571	0.9485576	0.5592417	0.8809099	1.0	4071	tags=33%, list=27%, signal=44%	
HP_APLASIA_HYPOPLASIA_OF_THE_2ND_FINGER	HP_APLASIA_HYPOPLASIA_OF_THE_2ND_FINGER		18	0.31569135	0.94853854	0.5147059	0.88063484	1.0	5814	tags=50%, list=38%, signal=81%	
HP_APLASIA_INVOLVING_FOREARM_BONES	HP_APLASIA_INVOLVING_FOREARM_BONES		28	0.27670574	0.9484416	0.5394046	0.8805791	1.0	5847	tags=50%, list=39%, signal=81%	
HP_OLIGODACTYLY	HP_OLIGODACTYLY		29	0.27830926	0.9483883	0.5235602	0.88040364	1.0	3214	tags=31%, list=21%, signal=39%	
HP_LOBULATED_TONGUE	HP_LOBULATED_TONGUE		18	0.31280217	0.94808286	0.53913045	0.8809975	1.0	5998	tags=61%, list=40%, signal=101%	
GOBP_RESPONSE_TO_IMMOBILIZATION_STRESS	GOBP_RESPONSE_TO_IMMOBILIZATION_STRESS		17	0.31285414	0.94797254	0.5266055	0.88099986	1.0	3871	tags=47%, list=26%, signal=63%	
GOBP_POSITIVE_REGULATION_OF_APOPTOTIC_SIGNALING_PATHWAY	GOBP_POSITIVE_REGULATION_OF_APOPTOTIC_SIGNALING_PATHWAY		127	0.20556308	0.9478252	0.5665635	0.8811094	1.0	3095	tags=24%, list=20%, signal=30%	
GOBP_REGULATION_OF_COLLATERAL_SPROUTING	GOBP_REGULATION_OF_COLLATERAL_SPROUTING		17	0.31637865	0.9472433	0.52380955	0.8825843	1.0	2828	tags=29%, list=19%, signal=36%	
GOBP_POTASSIUM_ION_HOMEOSTASIS	GOBP_POTASSIUM_ION_HOMEOSTASIS		27	0.27564558	0.9468888	0.54991245	0.8833526	1.0	5248	tags=44%, list=35%, signal=68%	
GOBP_POSITIVE_REGULATION_OF_HEMOPOIESIS	GOBP_POSITIVE_REGULATION_OF_HEMOPOIESIS		150	0.20097017	0.9463464	0.5885023	0.8846591	1.0	3375	tags=25%, list=22%, signal=32%	
HP_HYPERACTIVE_DEEP_TENDON_REFLEXES	HP_HYPERACTIVE_DEEP_TENDON_REFLEXES		24	0.29140767	0.94626856	0.53119427	0.8845684	1.0	1568	tags=21%, list=10%, signal=23%	
GOBP_MYELOID_DENDRITIC_CELL_ACTIVATION	GOBP_MYELOID_DENDRITIC_CELL_ACTIVATION		22	0.2935951	0.94609165	0.5254545	0.8847589	1.0	2001	tags=18%, list=13%, signal=21%	
GOBP_RESPONSE_TO_NICOTINE	GOBP_RESPONSE_TO_NICOTINE		43	0.2504183	0.94607484	0.55497384	0.8844661	1.0	5022	tags=44%, list=33%, signal=66%	
HP_ABSENT_EPIPHYSES	HP_ABSENT_EPIPHYSES		21	0.30048686	0.9460483	0.5487805	0.88420844	1.0	2915	tags=24%, list=19%, signal=29%	
GOBP_IRON_ION_TRANSPORT	GOBP_IRON_ION_TRANSPORT		45	0.2442067	0.9454573	0.55479455	0.8857069	1.0	2539	tags=24%, list=17%, signal=29%	
HP_SKIN_DIMPLE	HP_SKIN_DIMPLE		110	0.2097588	0.9449731	0.59584665	0.8867992	1.0	4339	tags=34%, list=29%, signal=47%	
HP_ABNORMAL_CIRCULATING_IRON_CONCENTRATION	HP_ABNORMAL_CIRCULATING_IRON_CONCENTRATION		18	0.31083274	0.944701	0.53244275	0.88727003	1.0	2890	tags=33%, list=19%, signal=41%	
GOBP_MATERNAL_PROCESS_INVOLVED_IN_FEMALE_PREGNANCY	GOBP_MATERNAL_PROCESS_INVOLVED_IN_FEMALE_PREGNANCY		48	0.24455108	0.94459414	0.5696864	0.88725096	1.0	2747	tags=23%, list=18%, signal=28%	
GOMF_NADP_BINDING	GOMF_NADP_BINDING		48	0.24474236	0.9445057	0.5372617	0.8871751	1.0	3119	tags=27%, list=21%, signal=34%	
GOMF_MONOATOMIC_ANION_CHANNEL_ACTIVITY	GOMF_MONOATOMIC_ANION_CHANNEL_ACTIVITY		95	0.21166858	0.9441454	0.57795274	0.887943	1.0	3688	tags=34%, list=24%, signal=44%	
GOCC_AZUROPHIL_GRANULE_MEMBRANE	GOCC_AZUROPHIL_GRANULE_MEMBRANE		50	0.24352446	0.9439669	0.5678392	0.88816667	1.0	3358	tags=32%, list=22%, signal=41%	
GOCC_ENDOPLASMIC_RETICULUM_GOLGI_INTERMEDIATE_COMPARTMENT	GOCC_ENDOPLASMIC_RETICULUM_GOLGI_INTERMEDIATE_COMPARTMENT		126	0.20488368	0.94375783	0.6113744	0.8884541	1.0	2232	tags=15%, list=15%, signal=18%	
HP_ABNORMAL_POSTERIOR_SEGMENT_IMAGING	HP_ABNORMAL_POSTERIOR_SEGMENT_IMAGING		101	0.21275029	0.9435978	0.58582675	0.8886216	1.0	3406	tags=27%, list=23%, signal=34%	
HP_RETINAL_ATROPHY	HP_RETINAL_ATROPHY		141	0.2029383	0.94342345	0.55469954	0.8888103	1.0	3016	tags=21%, list=20%, signal=26%	
GOBP_MATERNAL_PLACENTA_DEVELOPMENT	GOBP_MATERNAL_PLACENTA_DEVELOPMENT		29	0.27451384	0.9430838	0.5380623	0.8895046	1.0	1245	tags=14%, list=8%, signal=15%	
HP_PATELLAR_APLASIA	HP_PATELLAR_APLASIA		18	0.31067488	0.9427827	0.5410714	0.89010125	1.0	5336	tags=50%, list=35%, signal=77%	
HP_HEMOPHAGOCYTOSIS	HP_HEMOPHAGOCYTOSIS		20	0.3044574	0.9427489	0.5492701	0.88986266	1.0	4474	tags=50%, list=30%, signal=71%	
HP_ABNORMAL_PYRAMIDAL_TRACT_MORPHOLOGY	HP_ABNORMAL_PYRAMIDAL_TRACT_MORPHOLOGY		58	0.23214324	0.9423547	0.5407166	0.8907273	1.0	4339	tags=33%, list=29%, signal=46%	
GOBP_NUCLEAR_PORE_ORGANIZATION	GOBP_NUCLEAR_PORE_ORGANIZATION		15	0.32747936	0.94229114	0.5407407	0.8905855	1.0	5013	tags=40%, list=33%, signal=60%	
HP_MECKEL_DIVERTICULUM	HP_MECKEL_DIVERTICULUM		27	0.27769458	0.94195557	0.5373913	0.8912935	1.0	3965	tags=30%, list=26%, signal=40%	
GOBP_NEGATIVE_REGULATION_OF_T_CELL_RECEPTOR_SIGNALING_PATHWAY	GOBP_NEGATIVE_REGULATION_OF_T_CELL_RECEPTOR_SIGNALING_PATHWAY		24	0.2912881	0.9417754	0.5452931	0.8915188	1.0	826	tags=17%, list=5%, signal=18%	
GOBP_SOMITE_DEVELOPMENT	GOBP_SOMITE_DEVELOPMENT		70	0.23110183	0.94142866	0.5681445	0.8922406	1.0	3197	tags=30%, list=21%, signal=38%	
HP_EXERTIONAL_DYSPNEA	HP_EXERTIONAL_DYSPNEA		112	0.20781782	0.9411276	0.5800933	0.89284176	1.0	3242	tags=25%, list=21%, signal=32%	
GOBP_ANTIBACTERIAL_HUMORAL_RESPONSE	GOBP_ANTIBACTERIAL_HUMORAL_RESPONSE		32	0.26928917	0.94090885	0.56713784	0.8931854	1.0	3589	tags=28%, list=24%, signal=37%	
GOMF_MONOATOMIC_ANION_TRANSMEMBRANE_TRANSPORTER_ACTIVITY	GOMF_MONOATOMIC_ANION_TRANSMEMBRANE_TRANSPORTER_ACTIVITY		129	0.20061477	0.9408556	0.5945073	0.89299226	1.0	4808	tags=42%, list=32%, signal=61%	
GOCC_ORGANELLE_ENVELOPE_LUMEN	GOCC_ORGANELLE_ENVELOPE_LUMEN		88	0.21505551	0.9407619	0.5824176	0.89293617	1.0	3695	tags=26%, list=24%, signal=34%	
GOBP_REGULATION_OF_GLIAL_CELL_MIGRATION	GOBP_REGULATION_OF_GLIAL_CELL_MIGRATION		16	0.3133393	0.9404814	0.55315316	0.89346164	1.0	3641	tags=31%, list=24%, signal=41%	
HP_ABNORMAL_LARGE_INTESTINE_MORPHOLOGY	HP_ABNORMAL_LARGE_INTESTINE_MORPHOLOGY		379	0.17817433	0.94042	0.6293333	0.8933123	1.0	3625	tags=25%, list=24%, signal=32%	
GOBP_RESPONSE_TO_RETINOIC_ACID	GOBP_RESPONSE_TO_RETINOIC_ACID		91	0.21497755	0.9400193	0.5781759	0.8941905	1.0	2967	tags=23%, list=20%, signal=29%	
HP_MULTIPLE_CAFE_AU_LAIT_SPOTS	HP_MULTIPLE_CAFE_AU_LAIT_SPOTS		47	0.24456796	0.9397593	0.56989247	0.8946519	1.0	5001	tags=43%, list=33%, signal=63%	
GOBP_LYMPHOCYTE_DIFFERENTIATION	GOBP_LYMPHOCYTE_DIFFERENTIATION		323	0.18055637	0.93971425	0.6332882	0.89445955	1.0	3736	tags=27%, list=25%, signal=35%	
GOBP_GENITALIA_DEVELOPMENT	GOBP_GENITALIA_DEVELOPMENT		37	0.2581823	0.93957126	0.55813956	0.8945451	1.0	2891	tags=30%, list=19%, signal=37%	
HP_ABNORMAL_VISUAL_FIXATION	HP_ABNORMAL_VISUAL_FIXATION		26	0.27912265	0.93939734	0.55536026	0.8947404	1.0	65	tags=8%, list=0%, signal=8%	
GOBP_RESPONSE_TO_MAGNESIUM_ION	GOBP_RESPONSE_TO_MAGNESIUM_ION		15	0.32793513	0.9393085	0.5553471	0.8946748	1.0	1147	tags=20%, list=8%, signal=22%	
GOBP_VENTRICULAR_CARDIAC_MUSCLE_CELL_ACTION_POTENTIAL	GOBP_VENTRICULAR_CARDIAC_MUSCLE_CELL_ACTION_POTENTIAL		25	0.28340888	0.93920004	0.54266214	0.89466715	1.0	2979	tags=28%, list=20%, signal=35%	
GOBP_NEGATIVE_REGULATION_OF_LIPID_METABOLIC_PROCESS	GOBP_NEGATIVE_REGULATION_OF_LIPID_METABOLIC_PROCESS		76	0.22244208	0.93914384	0.5730519	0.8944864	1.0	4907	tags=38%, list=32%, signal=56%	
HP_SHORT_FOURTH_METATARSAL	HP_SHORT_FOURTH_METATARSAL		15	0.33190152	0.9389504	0.51905626	0.8947411	1.0	271	tags=13%, list=2%, signal=14%	
HP_VENOUS_INSUFFICIENCY	HP_VENOUS_INSUFFICIENCY		35	0.26156542	0.9386518	0.5576923	0.8952896	1.0	2885	tags=23%, list=19%, signal=28%	
GOMF_IRON_ION_BINDING	GOMF_IRON_ION_BINDING		107	0.21025029	0.9384677	0.5596774	0.8955167	1.0	2850	tags=21%, list=19%, signal=25%	
GOBP_KIDNEY_EPITHELIUM_DEVELOPMENT	GOBP_KIDNEY_EPITHELIUM_DEVELOPMENT		136	0.20151049	0.9383145	0.58788776	0.89566267	1.0	3215	tags=26%, list=21%, signal=32%	
GOBP_NEGATIVE_REGULATION_OF_RELEASE_OF_CYTOCHROME_C_FROM_MITOCHONDRIA	GOBP_NEGATIVE_REGULATION_OF_RELEASE_OF_CYTOCHROME_C_FROM_MITOCHONDRIA		17	0.32091746	0.93826526	0.53901994	0.89547503	1.0	935	tags=12%, list=6%, signal=13%	
GOBP_ADENYLATE_CYCLASE_ACTIVATING_ADRENERGIC_RECEPTOR_SIGNALING_PATHWAY	GOBP_ADENYLATE_CYCLASE_ACTIVATING_ADRENERGIC_RECEPTOR_SIGNALING_PATHWAY		18	0.31057143	0.9382146	0.5451197	0.89530313	1.0	4274	tags=44%, list=28%, signal=62%	
HP_ABNORMALITY_OF_THE_DISTAL_PHALANX_OF_THE_THUMB	HP_ABNORMALITY_OF_THE_DISTAL_PHALANX_OF_THE_THUMB		31	0.26992863	0.9381758	0.57271093	0.8950773	1.0	1213	tags=13%, list=8%, signal=14%	
HP_Y_SHAPED_METACARPALS	HP_Y_SHAPED_METACARPALS		15	0.32820684	0.93797517	0.5320285	0.8953408	1.0	2680	tags=20%, list=18%, signal=24%	
HP_PREMATURELY_AGED_APPEARANCE	HP_PREMATURELY_AGED_APPEARANCE		159	0.19754447	0.9374307	0.59665143	0.89669484	1.0	3292	tags=25%, list=22%, signal=31%	
HP_CONGENITAL_ICHTHYOSIFORM_ERYTHRODERMA	HP_CONGENITAL_ICHTHYOSIFORM_ERYTHRODERMA		26	0.2861745	0.93742126	0.54562044	0.896393	1.0	3982	tags=38%, list=26%, signal=52%	
HP_APLASIA_HYPOPLASIA_OF_THE_OVARY	HP_APLASIA_HYPOPLASIA_OF_THE_OVARY		80	0.22095466	0.93737024	0.571192	0.89620996	1.0	2084	tags=18%, list=14%, signal=20%	
GOBP_REGULATION_OF_EPITHELIAL_CELL_MIGRATION	GOBP_REGULATION_OF_EPITHELIAL_CELL_MIGRATION		58	0.23365997	0.93729633	0.5697674	0.8960977	1.0	1336	tags=14%, list=9%, signal=15%	
HP_ABNORMAL_LOWER_LIMB_METAPHYSIS_MORPHOLOGY	HP_ABNORMAL_LOWER_LIMB_METAPHYSIS_MORPHOLOGY		22	0.29672363	0.9372377	0.5536627	0.89594555	1.0	3443	tags=27%, list=23%, signal=35%	
HP_VERTIGO	HP_VERTIGO		110	0.2122865	0.9371651	0.5834633	0.895812	1.0	3425	tags=27%, list=23%, signal=35%	
HP_STENOSIS_OF_THE_EXTERNAL_AUDITORY_CANAL	HP_STENOSIS_OF_THE_EXTERNAL_AUDITORY_CANAL		39	0.25379968	0.937157	0.5682211	0.89549816	1.0	4239	tags=44%, list=28%, signal=60%	
HP_DEPRESSION	HP_DEPRESSION		351	0.17903134	0.93672234	0.660787	0.8964756	1.0	3425	tags=24%, list=23%, signal=30%	
GOBP_POSITIVE_REGULATION_OF_PROTEIN_LOCALIZATION_TO_CELL_PERIPHERY	GOBP_POSITIVE_REGULATION_OF_PROTEIN_LOCALIZATION_TO_CELL_PERIPHERY		66	0.22802459	0.9366183	0.5816327	0.8964385	1.0	1252	tags=14%, list=8%, signal=15%	
HP_ABNORMAL_CIRCULATING_CALCIUM_PHOSPHATE_REGULATING_HORMONE_CONCENTRATION	HP_ABNORMAL_CIRCULATING_CALCIUM_PHOSPHATE_REGULATING_HORMONE_CONCENTRATION		30	0.26372936	0.9364988	0.5665529	0.8964582	1.0	2895	tags=23%, list=19%, signal=29%	
HP_BROAD_NECK	HP_BROAD_NECK		31	0.26751357	0.93645823	0.55438596	0.89624184	1.0	267	tags=10%, list=2%, signal=10%	
HP_AVASCULAR_NECROSIS	HP_AVASCULAR_NECROSIS		78	0.22117761	0.9364517	0.5915721	0.89592385	1.0	3224	tags=26%, list=21%, signal=32%	
HP_GAIT_IMBALANCE	HP_GAIT_IMBALANCE		65	0.22661005	0.9361038	0.5763889	0.8965964	1.0	2631	tags=25%, list=17%, signal=30%	
GOBP_SURFACTANT_HOMEOSTASIS	GOBP_SURFACTANT_HOMEOSTASIS		16	0.3133178	0.93575627	0.5543278	0.8973075	1.0	2514	tags=31%, list=17%, signal=37%	
GOBP_BRANCHING_INVOLVED_IN_BLOOD_VESSEL_MORPHOGENESIS	GOBP_BRANCHING_INVOLVED_IN_BLOOD_VESSEL_MORPHOGENESIS		31	0.26304147	0.93555516	0.5555556	0.89758813	1.0	3515	tags=32%, list=23%, signal=42%	
GOBP_REGULATION_OF_PATTERN_RECOGNITION_RECEPTOR_SIGNALING_PATHWAY	GOBP_REGULATION_OF_PATTERN_RECOGNITION_RECEPTOR_SIGNALING_PATHWAY		151	0.19896819	0.93544316	0.5941807	0.89759296	1.0	3070	tags=22%, list=20%, signal=27%	
GOBP_RIBONUCLEOSIDE_MONOPHOSPHATE_BIOSYNTHETIC_PROCESS	GOBP_RIBONUCLEOSIDE_MONOPHOSPHATE_BIOSYNTHETIC_PROCESS		29	0.26887536	0.93519276	0.55593807	0.8980131	1.0	3002	tags=28%, list=20%, signal=34%	
HP_EMG_DECREMENTAL_RESPONSE_OF_COMPOUND_MUSCLE_ACTION_POTENTIAL_TO_REPETITIVE_NERVE_STIMULATION	HP_EMG_DECREMENTAL_RESPONSE_OF_COMPOUND_MUSCLE_ACTION_POTENTIAL_TO_REPETITIVE_NERVE_STIMULATION		25	0.28174427	0.9351072	0.52733684	0.8979323	1.0	3013	tags=24%, list=20%, signal=30%	
HP_ABNORMAL_HALLUX_MORPHOLOGY	HP_ABNORMAL_HALLUX_MORPHOLOGY		192	0.19113794	0.93483543	0.63857144	0.8984158	1.0	2680	tags=19%, list=18%, signal=23%	
GOBP_CELLULAR_RESPONSE_TO_METAL_ION	GOBP_CELLULAR_RESPONSE_TO_METAL_ION		150	0.19713937	0.93475425	0.61685216	0.8983164	1.0	3866	tags=31%, list=26%, signal=41%	
GOCC_GOLGI_CISTERNA	GOCC_GOLGI_CISTERNA		94	0.21089491	0.9345805	0.5800317	0.89852357	1.0	2818	tags=20%, list=19%, signal=25%	
HP_GAZE_EVOKED_NYSTAGMUS	HP_GAZE_EVOKED_NYSTAGMUS		48	0.24012515	0.93431973	0.5820643	0.8990036	1.0	3807	tags=29%, list=25%, signal=39%	
GOBP_REGULATION_OF_RELEASE_OF_SEQUESTERED_CALCIUM_ION_INTO_CYTOSOL	GOBP_REGULATION_OF_RELEASE_OF_SEQUESTERED_CALCIUM_ION_INTO_CYTOSOL		65	0.22828607	0.933956	0.56077796	0.89976674	1.0	4603	tags=42%, list=30%, signal=59%	
HP_BLUE_IRIDES	HP_BLUE_IRIDES		50	0.24092881	0.9335192	0.57385397	0.90073586	1.0	3292	tags=30%, list=22%, signal=38%	
HP_ABNORMAL_ISCHIUM_MORPHOLOGY	HP_ABNORMAL_ISCHIUM_MORPHOLOGY		25	0.28431317	0.9329141	0.54347825	0.90224546	1.0	796	tags=12%, list=5%, signal=13%	
HP_ABNORMAL_PREOCCUPATION	HP_ABNORMAL_PREOCCUPATION		42	0.248203	0.93266875	0.55344826	0.90265924	1.0	2283	tags=26%, list=15%, signal=31%	
HP_ABNORMAL_BRANCHING_PATTERN_OF_THE_AORTIC_ARCH	HP_ABNORMAL_BRANCHING_PATTERN_OF_THE_AORTIC_ARCH		27	0.279859	0.93258536	0.56360424	0.9025798	1.0	3255	tags=33%, list=22%, signal=42%	
HP_TYPE_II_TRANSFERRIN_ISOFORM_PROFILE	HP_TYPE_II_TRANSFERRIN_ISOFORM_PROFILE		15	0.32457083	0.9321583	0.55315316	0.9035295	1.0	1367	tags=20%, list=9%, signal=22%	
GOBP_FC_RECEPTOR_SIGNALING_PATHWAY	GOBP_FC_RECEPTOR_SIGNALING_PATHWAY		47	0.2431081	0.931567	0.5649241	0.9049479	1.0	3294	tags=30%, list=22%, signal=38%	
HP_TYPE_2_MUSCLE_FIBER_ATROPHY	HP_TYPE_2_MUSCLE_FIBER_ATROPHY		17	0.31474075	0.93118477	0.5521024	0.9057601	1.0	3731	tags=29%, list=25%, signal=39%	
GOMF_OXIDOREDUCTASE_ACTIVITY_ACTING_ON_NAD_P_H_QUINONE_OR_SIMILAR_COMPOUND_AS_ACCEPTOR	GOMF_OXIDOREDUCTASE_ACTIVITY_ACTING_ON_NAD_P_H_QUINONE_OR_SIMILAR_COMPOUND_AS_ACCEPTOR		55	0.2360928	0.9311521	0.5758092	0.90551245	1.0	2081	tags=16%, list=14%, signal=19%	
GOBP_REGULATION_OF_PROTEIN_EXIT_FROM_ENDOPLASMIC_RETICULUM	GOBP_REGULATION_OF_PROTEIN_EXIT_FROM_ENDOPLASMIC_RETICULUM		22	0.28439066	0.93107855	0.55348045	0.90539104	1.0	1121	tags=18%, list=7%, signal=20%	
GOCC_MONOATOMIC_ION_CHANNEL_COMPLEX	GOCC_MONOATOMIC_ION_CHANNEL_COMPLEX		301	0.18131956	0.931017	0.62927496	0.90523016	1.0	4708	tags=37%, list=31%, signal=52%	
GOBP_REGULATION_OF_NATURAL_KILLER_CELL_ACTIVATION	GOBP_REGULATION_OF_NATURAL_KILLER_CELL_ACTIVATION		29	0.26968828	0.9309494	0.56143343	0.90510917	1.0	2227	tags=24%, list=15%, signal=28%	
HP_ULNAR_DEVIATION_OF_THE_HAND_OR_OF_FINGERS_OF_THE_HAND	HP_ULNAR_DEVIATION_OF_THE_HAND_OR_OF_FINGERS_OF_THE_HAND		58	0.23307396	0.9309447	0.5855263	0.90478456	1.0	1900	tags=17%, list=13%, signal=20%	
HP_ABNORMAL_NUMBER_OF_INCISORS	HP_ABNORMAL_NUMBER_OF_INCISORS		57	0.23224168	0.93065184	0.57237935	0.9053221	1.0	2708	tags=25%, list=18%, signal=30%	
GOBP_MITOCHONDRIAL_ELECTRON_TRANSPORT_CYTOCHROME_C_TO_OXYGEN	GOBP_MITOCHONDRIAL_ELECTRON_TRANSPORT_CYTOCHROME_C_TO_OXYGEN		17	0.3158912	0.93043894	0.58364314	0.9056221	1.0	4925	tags=29%, list=33%, signal=44%	
HP_LATE_ONSET	HP_LATE_ONSET		105	0.20991628	0.9303785	0.6118211	0.9054719	1.0	3697	tags=28%, list=24%, signal=36%	
GOBP_PROTEIN_LOCALIZATION_TO_CHROMOSOME	GOBP_PROTEIN_LOCALIZATION_TO_CHROMOSOME		107	0.20552629	0.9302281	0.6182965	0.90557563	1.0	3062	tags=21%, list=20%, signal=26%	
GOMF_MAGNESIUM_ION_TRANSMEMBRANE_TRANSPORTER_ACTIVITY	GOMF_MAGNESIUM_ION_TRANSMEMBRANE_TRANSPORTER_ACTIVITY		17	0.3121257	0.9300494	0.5408696	0.90576947	1.0	4778	tags=41%, list=32%, signal=60%	
GOBP_MESENCHYME_MORPHOGENESIS	GOBP_MESENCHYME_MORPHOGENESIS		49	0.24273565	0.9298976	0.57214767	0.90588915	1.0	3304	tags=33%, list=22%, signal=42%	
GOBP_NEPHRON_DEVELOPMENT	GOBP_NEPHRON_DEVELOPMENT		143	0.19775538	0.9298506	0.62158054	0.9056776	1.0	3215	tags=27%, list=21%, signal=33%	
GOBP_REGULATION_OF_SMALL_GTPASE_MEDIATED_SIGNAL_TRANSDUCTION	GOBP_REGULATION_OF_SMALL_GTPASE_MEDIATED_SIGNAL_TRANSDUCTION		283	0.18203269	0.92962474	0.64780766	0.9060334	1.0	2914	tags=22%, list=19%, signal=26%	
GOBP_CELLULAR_RESPONSE_TO_CAMP	GOBP_CELLULAR_RESPONSE_TO_CAMP		46	0.24362369	0.92954546	0.57841486	0.9059402	1.0	4448	tags=39%, list=29%, signal=55%	
HP_ABNORMAL_CIRCULATING_NON_PROTEINOGENIC_AMINO_ACID_CONCENTRATION	HP_ABNORMAL_CIRCULATING_NON_PROTEINOGENIC_AMINO_ACID_CONCENTRATION		29	0.2684342	0.9293727	0.57040995	0.9061153	1.0	4068	tags=31%, list=27%, signal=42%	
HP_EXANTHEM	HP_EXANTHEM		17	0.3094051	0.92930007	0.5603604	0.90599555	1.0	4378	tags=53%, list=29%, signal=74%	
GOMF_NUCLEOBASE_CONTAINING_COMPOUND_KINASE_ACTIVITY	GOMF_NUCLEOBASE_CONTAINING_COMPOUND_KINASE_ACTIVITY		42	0.24696676	0.92916393	0.5508021	0.90606767	1.0	2229	tags=21%, list=15%, signal=25%	
HP_CARDIAC_CONDUCTION_ABNORMALITY	HP_CARDIAC_CONDUCTION_ABNORMALITY		123	0.20401263	0.92908406	0.62258065	0.9059726	1.0	2317	tags=17%, list=15%, signal=20%	
HP_HYPOKALEMIA	HP_HYPOKALEMIA		54	0.232852	0.9289359	0.5684039	0.9060842	1.0	4435	tags=37%, list=29%, signal=52%	
GOBP_AUDITORY_RECEPTOR_CELL_MORPHOGENESIS	GOBP_AUDITORY_RECEPTOR_CELL_MORPHOGENESIS		19	0.3002966	0.92867583	0.5277281	0.90654594	1.0	6019	tags=58%, list=40%, signal=96%	
GOBP_NEGATIVE_REGULATION_OF_LIPID_LOCALIZATION	GOBP_NEGATIVE_REGULATION_OF_LIPID_LOCALIZATION		33	0.25982115	0.927711	0.56543624	0.90910935	1.0	1249	tags=12%, list=8%, signal=13%	
HP_ABNORMAL_CIRCULATING_NITROGEN_COMPOUND_CONCENTRATION	HP_ABNORMAL_CIRCULATING_NITROGEN_COMPOUND_CONCENTRATION		158	0.19306822	0.92750126	0.6479751	0.90939504	1.0	3719	tags=23%, list=25%, signal=30%	
HP_DYSPNEA	HP_DYSPNEA		411	0.17460166	0.9274171	0.6993377	0.9093231	1.0	3635	tags=24%, list=24%, signal=31%	
GOMF_EXOPEPTIDASE_ACTIVITY	GOMF_EXOPEPTIDASE_ACTIVITY		93	0.21164513	0.927065	0.61093247	0.910041	1.0	2454	tags=20%, list=16%, signal=24%	
HP_ABNORMAL_STOMACH_MORPHOLOGY	HP_ABNORMAL_STOMACH_MORPHOLOGY		234	0.18520278	0.9268453	0.6445367	0.91034263	1.0	3420	tags=25%, list=23%, signal=32%	
GOBP_HEPATOCYTE_APOPTOTIC_PROCESS	GOBP_HEPATOCYTE_APOPTOTIC_PROCESS		16	0.31761128	0.9267494	0.5376147	0.9102944	1.0	4882	tags=50%, list=32%, signal=74%	
HP_INCREASED_MEAN_PLATELET_VOLUME	HP_INCREASED_MEAN_PLATELET_VOLUME		20	0.29566607	0.9266243	0.5641892	0.9103336	1.0	5335	tags=50%, list=35%, signal=77%	
GOBP_CELL_COMMUNICATION_INVOLVED_IN_CARDIAC_CONDUCTION	GOBP_CELL_COMMUNICATION_INVOLVED_IN_CARDIAC_CONDUCTION		45	0.2432727	0.92660856	0.5810345	0.91004497	1.0	2302	tags=22%, list=15%, signal=26%	
GOBP_INTRACELLULAR_RECEPTOR_SIGNALING_PATHWAY	GOBP_INTRACELLULAR_RECEPTOR_SIGNALING_PATHWAY		341	0.17656903	0.9265441	0.6620879	0.90989333	1.0	3421	tags=22%, list=23%, signal=27%	
GOMF_ISOPRENOID_BINDING	GOMF_ISOPRENOID_BINDING		26	0.2812896	0.9264703	0.55593807	0.9097822	1.0	3653	tags=35%, list=24%, signal=46%	
GOBP_POSITIVE_REGULATION_OF_GLYCOGEN_METABOLIC_PROCESS	GOBP_POSITIVE_REGULATION_OF_GLYCOGEN_METABOLIC_PROCESS		18	0.3047631	0.9264267	0.5487805	0.90956455	1.0	390	tags=11%, list=3%, signal=11%	
HP_PHOTOPSIA	HP_PHOTOPSIA		83	0.21597843	0.9263354	0.58670986	0.90949124	1.0	3723	tags=29%, list=25%, signal=38%	
GOBP_PROSTATE_GLAND_DEVELOPMENT	GOBP_PROSTATE_GLAND_DEVELOPMENT		45	0.2493298	0.9262623	0.5778491	0.90937215	1.0	3375	tags=31%, list=22%, signal=40%	
HP_ABNORMALITIES_OF_PLACENTA_OR_UMBILICAL_CORD	HP_ABNORMALITIES_OF_PLACENTA_OR_UMBILICAL_CORD		89	0.21358727	0.9259931	0.60743135	0.90984505	1.0	4586	tags=34%, list=30%, signal=48%	
HP_ABNORMALITY_OF_THE_HUMERORADIAL_JOINT	HP_ABNORMALITY_OF_THE_HUMERORADIAL_JOINT		46	0.24218267	0.92579716	0.584874	0.9101013	1.0	3116	tags=26%, list=21%, signal=33%	
HP_DUPLICATED_COLLECTING_SYSTEM	HP_DUPLICATED_COLLECTING_SYSTEM		20	0.2998632	0.9256076	0.5627306	0.9103469	1.0	4609	tags=35%, list=31%, signal=50%	
HP_JUVENILE_ASEPTIC_NECROSIS	HP_JUVENILE_ASEPTIC_NECROSIS		40	0.2496248	0.92559266	0.5746924	0.9100597	1.0	3570	tags=28%, list=24%, signal=36%	
GOBP_POSITIVE_REGULATION_OF_ANIMAL_ORGAN_MORPHOGENESIS	GOBP_POSITIVE_REGULATION_OF_ANIMAL_ORGAN_MORPHOGENESIS		33	0.26110932	0.92540854	0.5645439	0.91026103	1.0	1618	tags=21%, list=11%, signal=24%	
GOBP_NEURON_APOPTOTIC_PROCESS	GOBP_NEURON_APOPTOTIC_PROCESS		268	0.1815489	0.9249332	0.6558074	0.91134936	1.0	2699	tags=22%, list=18%, signal=26%	
GOCC_COMPLEX_OF_COLLAGEN_TRIMERS	GOCC_COMPLEX_OF_COLLAGEN_TRIMERS		19	0.30289137	0.9247203	0.5783972	0.9116355	1.0	3153	tags=32%, list=21%, signal=40%	
GOCC_ENDOCYTIC_VESICLE_LUMEN	GOCC_ENDOCYTIC_VESICLE_LUMEN		16	0.31230438	0.924617	0.56196946	0.91161287	1.0	3316	tags=25%, list=22%, signal=32%	
HP_ABNORMAL_SERUM_BILE_ACID_CONCENTRATION	HP_ABNORMAL_SERUM_BILE_ACID_CONCENTRATION		25	0.27669343	0.92457676	0.5625	0.9114037	1.0	4183	tags=32%, list=28%, signal=44%	
GOBP_MICROTUBULE_ANCHORING	GOBP_MICROTUBULE_ANCHORING		22	0.28652778	0.92453784	0.56037736	0.9111853	1.0	1028	tags=18%, list=7%, signal=19%	
GOBP_3_UTR_MEDIATED_MRNA_STABILIZATION	GOBP_3_UTR_MEDIATED_MRNA_STABILIZATION		19	0.30242673	0.9244942	0.56440675	0.9109815	1.0	2672	tags=26%, list=18%, signal=32%	
GOBP_REGULATION_OF_HORMONE_SECRETION	GOBP_REGULATION_OF_HORMONE_SECRETION		214	0.1856208	0.9244277	0.67343974	0.91084594	1.0	4310	tags=33%, list=29%, signal=45%	
GOMF_POLYSACCHARIDE_BINDING	GOMF_POLYSACCHARIDE_BINDING		21	0.2933679	0.92433417	0.5865724	0.9107938	1.0	4280	tags=48%, list=28%, signal=66%	
GOBP_RESPONSE_TO_NUTRIENT	GOBP_RESPONSE_TO_NUTRIENT		141	0.1977118	0.92408854	0.64475745	0.91119903	1.0	3515	tags=25%, list=23%, signal=32%	
GOBP_CARDIAC_MUSCLE_CELL_ACTION_POTENTIAL_INVOLVED_IN_CONTRACTION	GOBP_CARDIAC_MUSCLE_CELL_ACTION_POTENTIAL_INVOLVED_IN_CONTRACTION		46	0.24072112	0.9240006	0.5891089	0.9111171	1.0	2302	tags=24%, list=15%, signal=28%	
GOMF_MAP_KINASE_KINASE_KINASE_ACTIVITY	GOMF_MAP_KINASE_KINASE_KINASE_ACTIVITY		25	0.2770078	0.92395496	0.5631579	0.9109128	1.0	1566	tags=24%, list=10%, signal=27%	
GOBP_REGULATION_OF_SYNAPTIC_TRANSMISSION_GABAERGIC	GOBP_REGULATION_OF_SYNAPTIC_TRANSMISSION_GABAERGIC		26	0.2750943	0.92372614	0.56448597	0.91125387	1.0	3565	tags=38%, list=24%, signal=50%	
GOMF_MONOCARBOXYLIC_ACID_BINDING	GOMF_MONOCARBOXYLIC_ACID_BINDING		60	0.23226087	0.9236047	0.60227275	0.911279	1.0	4907	tags=40%, list=32%, signal=59%	
GOBP_REGULATION_OF_REGULATED_SECRETORY_PATHWAY	GOBP_REGULATION_OF_REGULATED_SECRETORY_PATHWAY		113	0.20130579	0.92348677	0.6267716	0.9112933	1.0	3275	tags=27%, list=22%, signal=34%	
HP_ABNORMAL_CIRCULATING_SEX_HORMONE_CONCENTRATION	HP_ABNORMAL_CIRCULATING_SEX_HORMONE_CONCENTRATION		95	0.21011665	0.9233865	0.6117274	0.9112562	1.0	1366	tags=14%, list=9%, signal=15%	
GOMF_TRANSMEMBRANE_RECEPTOR_PROTEIN_SERINE_THREONINE_KINASE_BINDING	GOMF_TRANSMEMBRANE_RECEPTOR_PROTEIN_SERINE_THREONINE_KINASE_BINDING		19	0.30367026	0.9232703	0.57548845	0.9112629	1.0	3426	tags=37%, list=23%, signal=48%	
HP_CHRONIC_PULMONARY_OBSTRUCTION	HP_CHRONIC_PULMONARY_OBSTRUCTION		31	0.26272768	0.9231211	0.5796064	0.91138375	1.0	2338	tags=23%, list=15%, signal=27%	
HP_BULBAR_SIGNS	HP_BULBAR_SIGNS		36	0.25557518	0.9231079	0.55635065	0.9110878	1.0	5884	tags=56%, list=39%, signal=91%	
HP_PURPURA	HP_PURPURA		103	0.20597136	0.9228477	0.64427483	0.91151494	1.0	4641	tags=37%, list=31%, signal=53%	
GOMF_UBIQUITIN_LIKE_PROTEIN_LIGASE_BINDING	GOMF_UBIQUITIN_LIKE_PROTEIN_LIGASE_BINDING		280	0.18094008	0.92282	0.6820809	0.9112677	1.0	1470	tags=12%, list=10%, signal=13%	
HP_NECK_MUSCLE_WEAKNESS	HP_NECK_MUSCLE_WEAKNESS		76	0.21575212	0.9226868	0.6012862	0.91131806	1.0	4560	tags=37%, list=30%, signal=53%	
HP_ABNORMAL_PLATELET_VOLUME	HP_ABNORMAL_PLATELET_VOLUME		26	0.27590972	0.92266834	0.5737122	0.91104275	1.0	4532	tags=38%, list=30%, signal=55%	
GOBP_REACTIVE_OXYGEN_SPECIES_BIOSYNTHETIC_PROCESS	GOBP_REACTIVE_OXYGEN_SPECIES_BIOSYNTHETIC_PROCESS		48	0.24027781	0.9225727	0.58536583	0.91098696	1.0	3848	tags=33%, list=25%, signal=45%	
GOBP_TYROSINE_METABOLIC_PROCESS	GOBP_TYROSINE_METABOLIC_PROCESS		15	0.31924206	0.922508	0.5317919	0.9108507	1.0	2812	tags=40%, list=19%, signal=49%	
GOBP_REGULATION_OF_MORPHOGENESIS_OF_AN_EPITHELIUM	GOBP_REGULATION_OF_MORPHOGENESIS_OF_AN_EPITHELIUM		63	0.22751404	0.92246354	0.59897614	0.9106506	1.0	1551	tags=16%, list=10%, signal=18%	
HP_HODGKIN_LYMPHOMA	HP_HODGKIN_LYMPHOMA		19	0.29546848	0.92208797	0.57846713	0.91140676	1.0	3734	tags=32%, list=25%, signal=42%	
GOBP_HORMONE_TRANSPORT	GOBP_HORMONE_TRANSPORT		273	0.17966044	0.9219832	0.68443197	0.9113958	1.0	4662	tags=34%, list=31%, signal=49%	
GOBP_GLYCEROLIPID_CATABOLIC_PROCESS	GOBP_GLYCEROLIPID_CATABOLIC_PROCESS		52	0.23484164	0.92195123	0.5920398	0.9111588	1.0	860	tags=13%, list=6%, signal=14%	
HP_MUSCULAR_VENTRICULAR_SEPTAL_DEFECT	HP_MUSCULAR_VENTRICULAR_SEPTAL_DEFECT		21	0.28801313	0.9218102	0.5583483	0.91122746	1.0	2476	tags=24%, list=16%, signal=28%	
GOBP_NEGATIVE_REGULATION_OF_REGULATED_SECRETORY_PATHWAY	GOBP_NEGATIVE_REGULATION_OF_REGULATED_SECRETORY_PATHWAY		22	0.28783268	0.92163736	0.5625	0.91140586	1.0	4641	tags=50%, list=31%, signal=72%	
HP_MICROMELIA	HP_MICROMELIA		86	0.21458425	0.92151487	0.6075353	0.9114263	1.0	5363	tags=40%, list=35%, signal=61%	
HP_MACULAR_PURPURA	HP_MACULAR_PURPURA		71	0.22024633	0.92143255	0.604918	0.911341	1.0	4371	tags=37%, list=29%, signal=51%	
HP_MALAR_RASH	HP_MALAR_RASH		25	0.27484176	0.92138857	0.5673759	0.911134	1.0	1245	tags=16%, list=8%, signal=17%	
HP_SHORT_FEMUR	HP_SHORT_FEMUR		28	0.26398754	0.92137945	0.5637708	0.91082805	1.0	1700	tags=18%, list=11%, signal=20%	
HP_HYPEROSTOSIS	HP_HYPEROSTOSIS		44	0.24177085	0.92126256	0.55516636	0.91083294	1.0	501	tags=9%, list=3%, signal=9%	
HP_APLASIA_HYPOPLASIA_OF_THE_PHALANGES_OF_THE_5TH_FINGER	HP_APLASIA_HYPOPLASIA_OF_THE_PHALANGES_OF_THE_5TH_FINGER		27	0.27336898	0.92108786	0.5810345	0.91101855	1.0	2038	tags=22%, list=13%, signal=26%	
GOBP_ESTROGEN_METABOLIC_PROCESS	GOBP_ESTROGEN_METABOLIC_PROCESS		20	0.29203063	0.9206155	0.56560284	0.9120985	1.0	4169	tags=40%, list=28%, signal=55%	
GOBP_ORGANIC_ACID_TRANSPORT	GOBP_ORGANIC_ACID_TRANSPORT		282	0.17946003	0.92005515	0.6818182	0.9133772	1.0	2072	tags=15%, list=14%, signal=17%	
HP_PROBLEMATIC_ALCOHOL_CONSUMPTION	HP_PROBLEMATIC_ALCOHOL_CONSUMPTION		20	0.29814753	0.92002726	0.57867134	0.91313547	1.0	2945	tags=30%, list=19%, signal=37%	
GOMF_STRUCTURAL_CONSTITUENT_OF_SYNAPSE	GOMF_STRUCTURAL_CONSTITUENT_OF_SYNAPSE		23	0.28588033	0.9200203	0.5753899	0.9128253	1.0	4082	tags=39%, list=27%, signal=54%	
HP_ABNORMALITY_OF_THE_BREAST	HP_ABNORMALITY_OF_THE_BREAST		387	0.17478132	0.9192094	0.732	0.9148999	1.0	2512	tags=16%, list=17%, signal=19%	
HP_ABNORMALITY_OF_BLOOD_CIRCULATION	HP_ABNORMALITY_OF_BLOOD_CIRCULATION		281	0.17926268	0.91920537	0.697274	0.91457886	1.0	3444	tags=21%, list=23%, signal=27%	
HP_BONE_SPICULE_PIGMENTATION_OF_THE_RETINA	HP_BONE_SPICULE_PIGMENTATION_OF_THE_RETINA		109	0.2033331	0.91910326	0.60828024	0.91454136	1.0	4607	tags=35%, list=30%, signal=50%	
GOBP_HEAD_MORPHOGENESIS	GOBP_HEAD_MORPHOGENESIS		36	0.25732225	0.91873735	0.59683096	0.9152685	1.0	2921	tags=25%, list=19%, signal=31%	
GOBP_REGULATION_OF_MEMBRANE_POTENTIAL	GOBP_REGULATION_OF_MEMBRANE_POTENTIAL		389	0.1749198	0.9186346	0.72328764	0.9152308	1.0	3832	tags=29%, list=25%, signal=38%	
HP_INCREASED_BONE_MINERAL_DENSITY	HP_INCREASED_BONE_MINERAL_DENSITY		106	0.20489429	0.91855156	0.62441313	0.91514516	1.0	4071	tags=29%, list=27%, signal=40%	
GOBP_ACID_SECRETION	GOBP_ACID_SECRETION		33	0.26398557	0.9183438	0.582897	0.91541797	1.0	5195	tags=61%, list=34%, signal=92%	
HP_ABNORMAL_GLOMERULAR_MESANGIUM_MORPHOLOGY	HP_ABNORMAL_GLOMERULAR_MESANGIUM_MORPHOLOGY		43	0.24628629	0.91807586	0.5955631	0.9158929	1.0	2022	tags=16%, list=13%, signal=19%	
HP_BLISTERING_BY_ANATOMICAL_LOCATION	HP_BLISTERING_BY_ANATOMICAL_LOCATION		20	0.2896243	0.91739595	0.56721914	0.9175391	1.0	3269	tags=35%, list=22%, signal=45%	
GOBP_ODONTOBLAST_DIFFERENTIATION	GOBP_ODONTOBLAST_DIFFERENTIATION		16	0.3135233	0.91726416	0.5761468	0.91757995	1.0	3129	tags=25%, list=21%, signal=31%	
GOBP_LONG_CHAIN_FATTY_ACID_IMPORT_INTO_CELL	GOBP_LONG_CHAIN_FATTY_ACID_IMPORT_INTO_CELL		17	0.30984318	0.9169756	0.56981134	0.91810787	1.0	1568	tags=24%, list=10%, signal=26%	
GOBP_HOMOTYPIC_CELL_CELL_ADHESION	GOBP_HOMOTYPIC_CELL_CELL_ADHESION		82	0.2165834	0.9166633	0.61503065	0.91870487	1.0	4490	tags=34%, list=30%, signal=48%	
GOBP_POSITIVE_REGULATION_OF_LOCOMOTION	GOBP_POSITIVE_REGULATION_OF_LOCOMOTION		493	0.17076096	0.9162696	0.75333333	0.9195017	1.0	3318	tags=22%, list=22%, signal=28%	
HP_PREMATURE_LOSS_OF_PRIMARY_TEETH	HP_PREMATURE_LOSS_OF_PRIMARY_TEETH		18	0.30247357	0.91609854	0.57913667	0.91967106	1.0	5310	tags=61%, list=35%, signal=94%	
GOBP_CELL_MIGRATION_IN_HINDBRAIN	GOBP_CELL_MIGRATION_IN_HINDBRAIN		16	0.31110844	0.91609246	0.5774379	0.9193583	1.0	366	tags=13%, list=2%, signal=13%	
HP_AMBIGUOUS_GENITALIA	HP_AMBIGUOUS_GENITALIA		107	0.20205022	0.91597635	0.63819873	0.9193658	1.0	3620	tags=26%, list=24%, signal=34%	
HP_POLYDACTYLY	HP_POLYDACTYLY		244	0.1831073	0.91591895	0.6540616	0.91921216	1.0	4267	tags=29%, list=28%, signal=39%	
GOBP_EMBRYONIC_SKELETAL_SYSTEM_DEVELOPMENT	GOBP_EMBRYONIC_SKELETAL_SYSTEM_DEVELOPMENT		125	0.19892292	0.9158964	0.650641	0.9189436	1.0	3459	tags=26%, list=23%, signal=34%	
GOBP_DETECTION_OF_ABIOTIC_STIMULUS	GOBP_DETECTION_OF_ABIOTIC_STIMULUS		113	0.20382437	0.91581184	0.64375	0.9188701	1.0	4019	tags=31%, list=27%, signal=42%	
GOBP_POSTSYNAPTIC_SIGNAL_TRANSDUCTION	GOBP_POSTSYNAPTIC_SIGNAL_TRANSDUCTION		44	0.24261296	0.91573125	0.6112957	0.91877425	1.0	4461	tags=50%, list=30%, signal=71%	
HP_MITRAL_VALVE_PROLAPSE	HP_MITRAL_VALVE_PROLAPSE		111	0.20489967	0.9155185	0.6554054	0.9190858	1.0	1673	tags=14%, list=11%, signal=16%	
HP_DISSEMINATED_INTRAVASCULAR_COAGULATION	HP_DISSEMINATED_INTRAVASCULAR_COAGULATION		23	0.29070166	0.9152408	0.5767196	0.91956496	1.0	2945	tags=22%, list=19%, signal=27%	
HP_HYPOPLASTIC_ISCHIA	HP_HYPOPLASTIC_ISCHIA		16	0.31023887	0.9150763	0.5706422	0.91971725	1.0	796	tags=13%, list=5%, signal=13%	
GOBP_POSITIVE_REGULATION_OF_BINDING	GOBP_POSITIVE_REGULATION_OF_BINDING		69	0.22071406	0.91356975	0.6162602	0.9237997	1.0	2676	tags=23%, list=18%, signal=28%	
HP_SEVERE_COMBINED_IMMUNODEFICIENCY	HP_SEVERE_COMBINED_IMMUNODEFICIENCY		18	0.3077726	0.91339517	0.5869191	0.92395324	1.0	2165	tags=22%, list=14%, signal=26%	
HP_ABNORMAL_FEMALE_REPRODUCTIVE_SYSTEM_PHYSIOLOGY	HP_ABNORMAL_FEMALE_REPRODUCTIVE_SYSTEM_PHYSIOLOGY		331	0.1756372	0.9133257	0.7181208	0.9238306	1.0	4281	tags=29%, list=28%, signal=39%	
HP_MACULAR_DEGENERATION	HP_MACULAR_DEGENERATION		88	0.21027805	0.9131555	0.6052202	0.9239905	1.0	2485	tags=19%, list=16%, signal=23%	
GOBP_RECEPTOR_INTERNALIZATION	GOBP_RECEPTOR_INTERNALIZATION		118	0.20151184	0.91261274	0.64788735	0.9252518	1.0	2866	tags=24%, list=19%, signal=29%	
GOBP_NEGATIVE_REGULATION_OF_POTASSIUM_ION_TRANSPORT	GOBP_NEGATIVE_REGULATION_OF_POTASSIUM_ION_TRANSPORT		23	0.27781534	0.91253555	0.57092196	0.9251377	1.0	4141	tags=39%, list=27%, signal=54%	
GOBP_POSITIVE_REGULATION_OF_VASCULAR_ASSOCIATED_SMOOTH_MUSCLE_CELL_PROLIFERATION	GOBP_POSITIVE_REGULATION_OF_VASCULAR_ASSOCIATED_SMOOTH_MUSCLE_CELL_PROLIFERATION		32	0.2590396	0.9119044	0.5900515	0.9266404	1.0	3294	tags=28%, list=22%, signal=36%	
GOBP_REGULATION_OF_SKELETAL_MUSCLE_TISSUE_DEVELOPMENT	GOBP_REGULATION_OF_SKELETAL_MUSCLE_TISSUE_DEVELOPMENT		19	0.29618242	0.91157764	0.6018182	0.92724967	1.0	3507	tags=37%, list=23%, signal=48%	
GOBP_CARDIAC_MUSCLE_CELL_ACTION_POTENTIAL	GOBP_CARDIAC_MUSCLE_CELL_ACTION_POTENTIAL		69	0.21983676	0.91157174	0.632	0.9269323	1.0	2302	tags=20%, list=15%, signal=24%	
HP_BRACHYDACTYLY	HP_BRACHYDACTYLY		343	0.17348418	0.9115502	0.723262	0.92665833	1.0	2997	tags=19%, list=20%, signal=23%	
GOBP_EPITHELIAL_CELL_MORPHOGENESIS	GOBP_EPITHELIAL_CELL_MORPHOGENESIS		32	0.2595918	0.91154444	0.60071945	0.9263436	1.0	756	tags=13%, list=5%, signal=13%	
GOBP_NUCLEOTIDE_METABOLIC_PROCESS	GOBP_NUCLEOTIDE_METABOLIC_PROCESS		429	0.17139655	0.91146225	0.7432432	0.9262406	1.0	4319	tags=30%, list=29%, signal=41%	
GOBP_NUCLEOTIDE_SALVAGE	GOBP_NUCLEOTIDE_SALVAGE		15	0.31875175	0.911206	0.596745	0.9266685	1.0	4230	tags=40%, list=28%, signal=55%	
GOBP_REGULATION_OF_MUSCLE_ORGAN_DEVELOPMENT	GOBP_REGULATION_OF_MUSCLE_ORGAN_DEVELOPMENT		34	0.2585253	0.9111485	0.60434055	0.92650706	1.0	3507	tags=38%, list=23%, signal=50%	
HP_HAND_POLYDACTYLY	HP_HAND_POLYDACTYLY		168	0.18995644	0.9110401	0.67697066	0.92648923	1.0	4324	tags=31%, list=29%, signal=43%	
GOBP_NEGATIVE_REGULATION_OF_PEPTIDYL_TYROSINE_PHOSPHORYLATION	GOBP_NEGATIVE_REGULATION_OF_PEPTIDYL_TYROSINE_PHOSPHORYLATION		21	0.28508	0.91100377	0.59226716	0.92626333	1.0	176	tags=10%, list=1%, signal=10%	
HP_ABNORMAL_OVARIAN_PHYSIOLOGY	HP_ABNORMAL_OVARIAN_PHYSIOLOGY		77	0.21602237	0.9109111	0.6600985	0.9261997	1.0	5174	tags=42%, list=34%, signal=63%	
GOBP_NEGATIVE_REGULATION_OF_OSSIFICATION	GOBP_NEGATIVE_REGULATION_OF_OSSIFICATION		34	0.25918218	0.91071194	0.5895652	0.9264584	1.0	559	tags=12%, list=4%, signal=12%	
GOBP_CARDIAC_MUSCLE_CELL_MEMBRANE_REPOLARIZATION	GOBP_CARDIAC_MUSCLE_CELL_MEMBRANE_REPOLARIZATION		33	0.2597429	0.9104997	0.58474576	0.926754	1.0	2087	tags=21%, list=14%, signal=25%	
HP_ECZEMATOID_DERMATITIS	HP_ECZEMATOID_DERMATITIS		159	0.18923646	0.910446	0.6766467	0.92658424	1.0	3630	tags=25%, list=24%, signal=33%	
HP_ABNORMAL_EXTEROCEPTIVE_SENSATION	HP_ABNORMAL_EXTEROCEPTIVE_SENSATION		208	0.18285793	0.91040534	0.7012987	0.92636913	1.0	3540	tags=25%, list=23%, signal=32%	
GOBP_PHOSPHATIDIC_ACID_METABOLIC_PROCESS	GOBP_PHOSPHATIDIC_ACID_METABOLIC_PROCESS		35	0.25086176	0.9103558	0.58032787	0.9261817	1.0	3508	tags=37%, list=23%, signal=48%	
GOBP_CELL_FATE_COMMITMENT	GOBP_CELL_FATE_COMMITMENT		238	0.18062612	0.9102843	0.6939655	0.9260566	1.0	3404	tags=26%, list=23%, signal=33%	
GOBP_EPITHELIAL_TUBE_MORPHOGENESIS	GOBP_EPITHELIAL_TUBE_MORPHOGENESIS		301	0.17683691	0.90980875	0.73452544	0.9271053	1.0	3405	tags=24%, list=23%, signal=30%	
GOBP_REGULATION_OF_MYOBLAST_DIFFERENTIATION	GOBP_REGULATION_OF_MYOBLAST_DIFFERENTIATION		59	0.2250554	0.90978956	0.64123374	0.92682767	1.0	3570	tags=31%, list=24%, signal=40%	
GOBP_POSITIVE_REGULATION_OF_CATALYTIC_ACTIVITY	GOBP_POSITIVE_REGULATION_OF_CATALYTIC_ACTIVITY		287	0.17826508	0.90951324	0.73617023	0.9273061	1.0	3315	tags=24%, list=22%, signal=30%	
GOBP_CYTOKINE_PRODUCTION_INVOLVED_IN_INFLAMMATORY_RESPONSE	GOBP_CYTOKINE_PRODUCTION_INVOLVED_IN_INFLAMMATORY_RESPONSE		52	0.23077916	0.909267	0.6177474	0.9276565	1.0	4556	tags=37%, list=30%, signal=52%	
HP_ABNORMAL_PALM_MORPHOLOGY	HP_ABNORMAL_PALM_MORPHOLOGY		445	0.16955467	0.90890855	0.7642276	0.9283645	1.0	3167	tags=22%, list=21%, signal=27%	
GOCC_TRANSCRIPTION_FACTOR_TFTC_COMPLEX	GOCC_TRANSCRIPTION_FACTOR_TFTC_COMPLEX		17	0.3090319	0.90884125	0.5893805	0.92823267	1.0	3407	tags=29%, list=23%, signal=38%	
HP_FIBROUS_TISSUE_NEOPLASM	HP_FIBROUS_TISSUE_NEOPLASM		51	0.23031473	0.9087908	0.6173045	0.9280516	1.0	3418	tags=24%, list=23%, signal=30%	
HP_ABNORMAL_LUNG_LOBATION	HP_ABNORMAL_LUNG_LOBATION		38	0.24778086	0.9081972	0.6302817	0.9294874	1.0	5010	tags=42%, list=33%, signal=63%	
GOMF_RACEMASE_AND_EPIMERASE_ACTIVITY	GOMF_RACEMASE_AND_EPIMERASE_ACTIVITY		17	0.3041119	0.90801364	0.5823009	0.9297088	1.0	1945	tags=24%, list=13%, signal=27%	
HP_ABNORMALITY_OF_THE_AUTONOMIC_NERVOUS_SYSTEM	HP_ABNORMALITY_OF_THE_AUTONOMIC_NERVOUS_SYSTEM		265	0.17955782	0.90779054	0.7308782	0.9300131	1.0	3746	tags=26%, list=25%, signal=34%	
HP_ATRIAL_ARRHYTHMIA	HP_ATRIAL_ARRHYTHMIA		70	0.21760549	0.90759313	0.6371528	0.93026066	1.0	4814	tags=39%, list=32%, signal=56%	
HP_PERIAURICULAR_SKIN_PITS	HP_PERIAURICULAR_SKIN_PITS		57	0.2304779	0.90757656	0.60942763	0.92997897	1.0	3239	tags=28%, list=21%, signal=36%	
HP_MICROSCOPIC_HEMATURIA	HP_MICROSCOPIC_HEMATURIA		27	0.2709072	0.90753186	0.60750854	0.9297808	1.0	1755	tags=19%, list=12%, signal=21%	
GOBP_FEMALE_GENITALIA_DEVELOPMENT	GOBP_FEMALE_GENITALIA_DEVELOPMENT		17	0.31032947	0.9072697	0.5652174	0.9302038	1.0	4169	tags=47%, list=28%, signal=65%	
GOMF_PHOSPHORUS_OXYGEN_LYASE_ACTIVITY	GOMF_PHOSPHORUS_OXYGEN_LYASE_ACTIVITY		32	0.2595304	0.9071879	0.5865724	0.9301031	1.0	2015	tags=22%, list=13%, signal=25%	
HP_VISUAL_LOSS	HP_VISUAL_LOSS		228	0.18368424	0.9065848	0.6915493	0.93149257	1.0	1421	tags=11%, list=9%, signal=12%	
HP_BONE_MARROW_HYPOCELLULARITY	HP_BONE_MARROW_HYPOCELLULARITY		57	0.22865066	0.9064678	0.6292135	0.9314905	1.0	1807	tags=14%, list=12%, signal=16%	
HP_CORNEAL_ULCERATION	HP_CORNEAL_ULCERATION		22	0.27933046	0.90632874	0.58894646	0.9315572	1.0	5627	tags=59%, list=37%, signal=94%	
HP_OSTEOPOROSIS	HP_OSTEOPOROSIS		267	0.17661631	0.9061137	0.7190542	0.9318056	1.0	3541	tags=25%, list=23%, signal=32%	
HP_SPARSE_LATERAL_EYEBROW	HP_SPARSE_LATERAL_EYEBROW		27	0.2675835	0.90581656	0.60940325	0.9323372	1.0	1432	tags=11%, list=9%, signal=12%	
GOMF_PEPTIDE_BINDING	GOMF_PEPTIDE_BINDING		190	0.18481545	0.905639	0.6942029	0.9325202	1.0	2759	tags=19%, list=18%, signal=24%	
GOMF_FOUR_WAY_JUNCTION_DNA_BINDING	GOMF_FOUR_WAY_JUNCTION_DNA_BINDING		15	0.30427748	0.90510166	0.5733591	0.93371165	1.0	2377	tags=27%, list=16%, signal=32%	
GOCC_CLEAVAGE_FURROW	GOCC_CLEAVAGE_FURROW		50	0.23330204	0.9048085	0.61621624	0.9342143	1.0	1501	tags=14%, list=10%, signal=15%	
GOMF_HORMONE_BINDING	GOMF_HORMONE_BINDING		76	0.21185403	0.90460163	0.6480892	0.9344672	1.0	3836	tags=34%, list=25%, signal=46%	
GOBP_TISSUE_MIGRATION	GOBP_TISSUE_MIGRATION		88	0.2067137	0.90453225	0.6278317	0.9343308	1.0	3146	tags=24%, list=21%, signal=30%	
HP_HYPERTRIGLYCERIDEMIA	HP_HYPERTRIGLYCERIDEMIA		108	0.20305726	0.904253	0.6507177	0.93480265	1.0	5029	tags=36%, list=33%, signal=54%	
HP_MIDLINE_DEFECT_OF_THE_NOSE	HP_MIDLINE_DEFECT_OF_THE_NOSE		16	0.30005342	0.9041762	0.6032028	0.9346941	1.0	4796	tags=44%, list=32%, signal=64%	
GOMF_DNA_POLYMERASE_ACTIVITY	GOMF_DNA_POLYMERASE_ACTIVITY		35	0.25115153	0.9039861	0.6152542	0.9348972	1.0	1333	tags=11%, list=9%, signal=13%	
GOBP_CELLULAR_RESPONSE_TO_VITAMIN	GOBP_CELLULAR_RESPONSE_TO_VITAMIN		24	0.27523053	0.90373725	0.61256546	0.93527645	1.0	953	tags=13%, list=6%, signal=13%	
GOBP_POSITIVE_REGULATION_OF_CELL_CYCLE_G2_M_PHASE_TRANSITION	GOBP_POSITIVE_REGULATION_OF_CELL_CYCLE_G2_M_PHASE_TRANSITION		29	0.2606221	0.90357876	0.62068963	0.9353923	1.0	5647	tags=45%, list=37%, signal=71%	
HP_ABNORMAL_LIVER_PHYSIOLOGY	HP_ABNORMAL_LIVER_PHYSIOLOGY		25	0.27300224	0.9032605	0.61801803	0.9359542	1.0	5292	tags=48%, list=35%, signal=74%	
GOBP_POSITIVE_REGULATION_OF_PROTEIN_MODIFICATION_PROCESS	GOBP_POSITIVE_REGULATION_OF_PROTEIN_MODIFICATION_PROCESS		344	0.17370698	0.9028224	0.7680764	0.9368695	1.0	2432	tags=17%, list=16%, signal=20%	
GOBP_ANGIOTENSIN_ACTIVATED_SIGNALING_PATHWAY	GOBP_ANGIOTENSIN_ACTIVATED_SIGNALING_PATHWAY		18	0.29587713	0.90274537	0.59130436	0.9367601	1.0	847	tags=17%, list=6%, signal=18%	
GOBP_CELLULAR_RESPONSE_TO_DSRNA	GOBP_CELLULAR_RESPONSE_TO_DSRNA		22	0.27981588	0.90256125	0.61466163	0.9369537	1.0	1129	tags=18%, list=7%, signal=20%	
HP_HYDROCEPHALUS	HP_HYDROCEPHALUS		373	0.1719434	0.9025343	0.76975477	0.9366969	1.0	2615	tags=19%, list=17%, signal=22%	
GOBP_TRIGLYCERIDE_METABOLIC_PROCESS	GOBP_TRIGLYCERIDE_METABOLIC_PROCESS		81	0.21003906	0.9023918	0.6687023	0.9367696	1.0	3937	tags=32%, list=26%, signal=43%	
GOBP_APPENDAGE_MORPHOGENESIS	GOBP_APPENDAGE_MORPHOGENESIS		144	0.18879554	0.9023761	0.67538464	0.93649	1.0	3965	tags=28%, list=26%, signal=37%	
HP_ABNORMAL_URETER_PHYSIOLOGY	HP_ABNORMAL_URETER_PHYSIOLOGY		216	0.18183447	0.90236086	0.7034384	0.9362024	1.0	2636	tags=17%, list=17%, signal=20%	
HP_CEREBRAL_HYPOPLASIA	HP_CEREBRAL_HYPOPLASIA		51	0.23015575	0.90215975	0.61340207	0.9364327	1.0	5324	tags=37%, list=35%, signal=57%	
HP_CARDIOVASCULAR_CALCIFICATION	HP_CARDIOVASCULAR_CALCIFICATION		23	0.27399305	0.9012035	0.61202186	0.9387751	1.0	3451	tags=35%, list=23%, signal=45%	
GOBP_FEAR_RESPONSE	GOBP_FEAR_RESPONSE		51	0.2279396	0.9011717	0.6348123	0.93852913	1.0	4486	tags=37%, list=30%, signal=53%	
GOBP_GLAND_DEVELOPMENT	GOBP_GLAND_DEVELOPMENT		373	0.17276755	0.90106654	0.7652646	0.9384766	1.0	3850	tags=27%, list=25%, signal=36%	
GOBP_NEGATIVE_REGULATION_OF_LOCOMOTION	GOBP_NEGATIVE_REGULATION_OF_LOCOMOTION		277	0.17765367	0.9008466	0.7247191	0.93877494	1.0	2674	tags=20%, list=18%, signal=24%	
HP_DILATED_CARDIOMYOPATHY	HP_DILATED_CARDIOMYOPATHY		145	0.19283834	0.9007358	0.69148934	0.93874466	1.0	2345	tags=18%, list=16%, signal=21%	
GOBP_REGULATION_OF_URINE_VOLUME	GOBP_REGULATION_OF_URINE_VOLUME		16	0.30590686	0.9006913	0.5894161	0.9385398	1.0	3333	tags=38%, list=22%, signal=48%	
GOBP_POSITIVE_REGULATION_OF_MACROPHAGE_CYTOKINE_PRODUCTION	GOBP_POSITIVE_REGULATION_OF_MACROPHAGE_CYTOKINE_PRODUCTION		21	0.2805701	0.9006729	0.6135531	0.9382652	1.0	2163	tags=29%, list=14%, signal=33%	
HP_BROAD_METACARPALS	HP_BROAD_METACARPALS		17	0.30187362	0.900654	0.57746476	0.93798536	1.0	1657	tags=18%, list=11%, signal=20%	
HP_APLASIA_HYPOPLASIA_OF_THE_HUMERUS	HP_APLASIA_HYPOPLASIA_OF_THE_HUMERUS		33	0.25787973	0.90048873	0.616179	0.9381261	1.0	5540	tags=42%, list=37%, signal=67%	
HP_ABNORMAL_PLACENTA_MORPHOLOGY	HP_ABNORMAL_PLACENTA_MORPHOLOGY		28	0.26253483	0.90042496	0.6132404	0.9379658	1.0	4586	tags=39%, list=30%, signal=56%	
HP_PULMONIC_STENOSIS	HP_PULMONIC_STENOSIS		126	0.19706917	0.9002149	0.6968254	0.93823755	1.0	2631	tags=20%, list=17%, signal=24%	
GOBP_POSITIVE_REGULATION_OF_INSULIN_SECRETION	GOBP_POSITIVE_REGULATION_OF_INSULIN_SECRETION		77	0.21161725	0.8998178	0.65923566	0.93902296	1.0	4265	tags=34%, list=28%, signal=47%	
HP_ABNORMAL_PLEURA_MORPHOLOGY	HP_ABNORMAL_PLEURA_MORPHOLOGY		147	0.19079249	0.89972204	0.712627	0.93896776	1.0	2663	tags=20%, list=18%, signal=24%	
HP_VAGINAL_FISTULA	HP_VAGINAL_FISTULA		29	0.26104894	0.8995965	0.6109215	0.93898904	1.0	485	tags=10%, list=3%, signal=11%	
HP_METHYLMALONIC_ACIDURIA	HP_METHYLMALONIC_ACIDURIA		21	0.28511032	0.8993201	0.61333334	0.9394251	1.0	6216	tags=62%, list=41%, signal=105%	
GOBP_RESPONSE_TO_DEXAMETHASONE	GOBP_RESPONSE_TO_DEXAMETHASONE		39	0.24453361	0.8987733	0.6306914	0.9406503	1.0	3249	tags=26%, list=22%, signal=33%	
HP_ABNORMAL_HEART_VALVE_PHYSIOLOGY	HP_ABNORMAL_HEART_VALVE_PHYSIOLOGY		336	0.17061165	0.8987315	0.7715877	0.940439	1.0	3420	tags=24%, list=23%, signal=30%	
HP_HYPERLIPOPROTEINEMIA	HP_HYPERLIPOPROTEINEMIA		24	0.2677323	0.8987298	0.60465115	0.9401153	1.0	2856	tags=25%, list=19%, signal=31%	
GOBP_GLUTAMINE_FAMILY_AMINO_ACID_CATABOLIC_PROCESS	GOBP_GLUTAMINE_FAMILY_AMINO_ACID_CATABOLIC_PROCESS		21	0.28829166	0.898714	0.5882353	0.9398327	1.0	3827	tags=38%, list=25%, signal=51%	
GOBP_CARBOHYDRATE_CATABOLIC_PROCESS	GOBP_CARBOHYDRATE_CATABOLIC_PROCESS		146	0.19057932	0.89864004	0.6867284	0.93969923	1.0	4280	tags=33%, list=28%, signal=45%	
HP_ANISOCYTOSIS	HP_ANISOCYTOSIS		17	0.29816326	0.8985045	0.58578855	0.93973714	1.0	4446	tags=53%, list=29%, signal=75%	
HP_LOBAR_HOLOPROSENCEPHALY	HP_LOBAR_HOLOPROSENCEPHALY		24	0.27535143	0.8984862	0.6361905	0.9394579	1.0	2056	tags=25%, list=14%, signal=29%	
HP_ABNORMAL_URINE_CARBOHYDRATE_LEVEL	HP_ABNORMAL_URINE_CARBOHYDRATE_LEVEL		33	0.25123814	0.89837915	0.6394558	0.93941486	1.0	2453	tags=21%, list=16%, signal=25%	
HP_PALPITATIONS	HP_PALPITATIONS		72	0.21410327	0.898295	0.6528239	0.9393177	1.0	3889	tags=29%, list=26%, signal=39%	
GOBP_FATTY_ACID_TRANSMEMBRANE_TRANSPORT	GOBP_FATTY_ACID_TRANSMEMBRANE_TRANSPORT		16	0.30600765	0.89828956	0.59590316	0.9390029	1.0	1568	tags=19%, list=10%, signal=21%	
HP_CUTANEOUS_SYNDACTYLY_OF_TOES	HP_CUTANEOUS_SYNDACTYLY_OF_TOES		31	0.2569408	0.8981287	0.6067227	0.93912864	1.0	1876	tags=19%, list=12%, signal=22%	
GOBP_NEGATIVE_REGULATION_OF_PROTEIN_LOCALIZATION_TO_CELL_PERIPHERY	GOBP_NEGATIVE_REGULATION_OF_PROTEIN_LOCALIZATION_TO_CELL_PERIPHERY		28	0.26656327	0.8978821	0.63971883	0.93950784	1.0	686	tags=14%, list=5%, signal=15%	
HP_SENSORY_NEUROPATHY	HP_SENSORY_NEUROPATHY		94	0.20539726	0.8978444	0.6614173	0.9392844	1.0	2460	tags=19%, list=16%, signal=23%	
HP_ORAL_CAVITY_BLEEDING	HP_ORAL_CAVITY_BLEEDING		16	0.31048894	0.897724	0.5942029	0.9392996	1.0	3781	tags=31%, list=25%, signal=42%	
GOCC_I_BAND	GOCC_I_BAND		120	0.19727693	0.8974667	0.6785162	0.9396648	1.0	2369	tags=18%, list=16%, signal=22%	
HP_VERTEBRAL_SEGMENTATION_DEFECT	HP_VERTEBRAL_SEGMENTATION_DEFECT		140	0.19321555	0.8972028	0.6959153	0.94005066	1.0	4796	tags=32%, list=32%, signal=47%	
GOBP_POSITIVE_REGULATION_OF_SPROUTING_ANGIOGENESIS	GOBP_POSITIVE_REGULATION_OF_SPROUTING_ANGIOGENESIS		19	0.29078445	0.89702433	0.6130742	0.94023955	1.0	1663	tags=21%, list=11%, signal=24%	
GOBP_EPITHELIAL_TO_MESENCHYMAL_TRANSITION	GOBP_EPITHELIAL_TO_MESENCHYMAL_TRANSITION		149	0.18934248	0.8967514	0.7045101	0.9406996	1.0	3307	tags=23%, list=22%, signal=30%	
HP_ABNORMAL_AORTIC_VALVE_CUSP_MORPHOLOGY	HP_ABNORMAL_AORTIC_VALVE_CUSP_MORPHOLOGY		103	0.1983999	0.8964182	0.6708861	0.9412812	1.0	3241	tags=24%, list=21%, signal=31%	
GOBP_ENDOLYSOSOMAL_TOLL_LIKE_RECEPTOR_SIGNALING_PATHWAY	GOBP_ENDOLYSOSOMAL_TOLL_LIKE_RECEPTOR_SIGNALING_PATHWAY		41	0.2434741	0.896339	0.61996496	0.9411749	1.0	2373	tags=22%, list=16%, signal=26%	
GOMF_ENZYME_INHIBITOR_ACTIVITY	GOMF_ENZYME_INHIBITOR_ACTIVITY		343	0.17250578	0.89558136	0.74965984	0.9429438	1.0	3681	tags=25%, list=24%, signal=32%	
GOMF_UBIQUITIN_LIKE_PROTEIN_LIGASE_ACTIVITY	GOMF_UBIQUITIN_LIKE_PROTEIN_LIGASE_ACTIVITY		311	0.17446932	0.89534944	0.7831492	0.94326854	1.0	3701	tags=25%, list=24%, signal=32%	
HP_HYPODONTIA	HP_HYPODONTIA		202	0.18288794	0.8951279	0.7316342	0.94355285	1.0	3297	tags=23%, list=22%, signal=29%	
GOMF_K63_LINKED_DEUBIQUITINASE_ACTIVITY	GOMF_K63_LINKED_DEUBIQUITINASE_ACTIVITY		15	0.31119022	0.8950379	0.60314685	0.9434757	1.0	1343	tags=13%, list=9%, signal=15%	
GOBP_AMIDE_TRANSPORT	GOBP_AMIDE_TRANSPORT		273	0.1759771	0.8950341	0.74712646	0.9431561	1.0	4310	tags=31%, list=29%, signal=43%	
GOBP_FACE_DEVELOPMENT	GOBP_FACE_DEVELOPMENT		47	0.23781513	0.8949123	0.6354515	0.9431768	1.0	2921	tags=26%, list=19%, signal=32%	
HP_GENERALIZED_HIRSUTISM	HP_GENERALIZED_HIRSUTISM		79	0.21024917	0.89476484	0.6566456	0.9432555	1.0	978	tags=10%, list=6%, signal=11%	
HP_DECREASED_CIRCULATING_COMPLEMENT_C3_CONCENTRATION	HP_DECREASED_CIRCULATING_COMPLEMENT_C3_CONCENTRATION		29	0.26240155	0.8943412	0.6081081	0.94406945	1.0	1605	tags=17%, list=11%, signal=19%	
HP_ABDOMINAL_AORTIC_ANEURYSM	HP_ABDOMINAL_AORTIC_ANEURYSM		16	0.30411333	0.8940858	0.62056077	0.9444416	1.0	645	tags=13%, list=4%, signal=13%	
GOBP_UROGENITAL_SYSTEM_DEVELOPMENT	GOBP_UROGENITAL_SYSTEM_DEVELOPMENT		61	0.22278845	0.89392734	0.66333336	0.9445615	1.0	3375	tags=28%, list=22%, signal=36%	
GOMF_PEPTIDE_HORMONE_RECEPTOR_BINDING	GOMF_PEPTIDE_HORMONE_RECEPTOR_BINDING		15	0.31513548	0.8937476	0.6362098	0.9447284	1.0	4242	tags=47%, list=28%, signal=65%	
HP_CUTANEOUS_ABSCESS	HP_CUTANEOUS_ABSCESS		27	0.2665487	0.89371824	0.6230637	0.9444875	1.0	3947	tags=30%, list=26%, signal=40%	
GOCC_EARLY_ENDOSOME	GOCC_EARLY_ENDOSOME		387	0.1692306	0.8934653	0.7731674	0.9448651	1.0	2686	tags=18%, list=18%, signal=21%	
HP_HYPOPLASIA_OF_THE_ZYGOMATIC_BONE	HP_HYPOPLASIA_OF_THE_ZYGOMATIC_BONE		39	0.24096006	0.89324504	0.6452703	0.9451359	1.0	2631	tags=23%, list=17%, signal=28%	
GOMF_FATTY_ACID_TRANSMEMBRANE_TRANSPORTER_ACTIVITY	GOMF_FATTY_ACID_TRANSMEMBRANE_TRANSPORTER_ACTIVITY		16	0.31151974	0.89322615	0.61964285	0.9448573	1.0	1568	tags=25%, list=10%, signal=28%	
HP_ABNORMAL_BLOOD_SODIUM_CONCENTRATION	HP_ABNORMAL_BLOOD_SODIUM_CONCENTRATION		60	0.22011617	0.8932197	0.6481481	0.9445466	1.0	2948	tags=25%, list=20%, signal=31%	
GOCC_DESMOSOME	GOCC_DESMOSOME		23	0.27447802	0.89287746	0.6272085	0.94514644	1.0	3567	tags=35%, list=24%, signal=45%	
GOMF_LONG_CHAIN_FATTY_ACID_TRANSMEMBRANE_TRANSPORTER_ACTIVITY	GOMF_LONG_CHAIN_FATTY_ACID_TRANSMEMBRANE_TRANSPORTER_ACTIVITY		15	0.31589937	0.89272577	0.595057	0.9452354	1.0	1568	tags=27%, list=10%, signal=30%	
HP_KNEE_CONTRACTURE	HP_KNEE_CONTRACTURE		98	0.20222713	0.8924378	0.6797386	0.9456902	1.0	1919	tags=14%, list=13%, signal=16%	
GOBP_MAST_CELL_ACTIVATION_INVOLVED_IN_IMMUNE_RESPONSE	GOBP_MAST_CELL_ACTIVATION_INVOLVED_IN_IMMUNE_RESPONSE		46	0.23347688	0.8924145	0.6159052	0.9454248	1.0	4940	tags=43%, list=33%, signal=64%	
GOBP_POSITIVE_REGULATION_OF_PHAGOCYTOSIS	GOBP_POSITIVE_REGULATION_OF_PHAGOCYTOSIS		54	0.22501837	0.89216673	0.65048546	0.9457756	1.0	1550	tags=15%, list=10%, signal=16%	
GOBP_REGULATION_OF_OXIDATIVE_PHOSPHORYLATION	GOBP_REGULATION_OF_OXIDATIVE_PHOSPHORYLATION		21	0.2790353	0.8921117	0.6221034	0.94558966	1.0	5632	tags=48%, list=37%, signal=76%	
HP_ABNORMAL_DISTAL_PHALANX_MORPHOLOGY_OF_FINGER	HP_ABNORMAL_DISTAL_PHALANX_MORPHOLOGY_OF_FINGER		148	0.18862848	0.8919603	0.7160494	0.9457069	1.0	1376	tags=12%, list=9%, signal=13%	
GOBP_SPHINGOID_METABOLIC_PROCESS	GOBP_SPHINGOID_METABOLIC_PROCESS		21	0.2870355	0.8919075	0.62676054	0.9455178	1.0	2833	tags=29%, list=19%, signal=35%	
HP_RECURRENT_EAR_INFECTIONS	HP_RECURRENT_EAR_INFECTIONS		16	0.30328792	0.89145964	0.61308414	0.94645417	1.0	3736	tags=38%, list=25%, signal=50%	
HP_SHORT_TOE	HP_SHORT_TOE		91	0.20265341	0.89128023	0.6886035	0.94664294	1.0	1626	tags=14%, list=11%, signal=16%	
GOBP_GENERATION_OF_PRECURSOR_METABOLITES_AND_ENERGY	GOBP_GENERATION_OF_PRECURSOR_METABOLITES_AND_ENERGY		412	0.16693112	0.8912029	0.7923784	0.9465282	1.0	4585	tags=30%, list=30%, signal=42%	
GOBP_JNK_CASCADE	GOBP_JNK_CASCADE		157	0.18870237	0.8910722	0.7112135	0.94653404	1.0	1737	tags=16%, list=11%, signal=18%	
HP_PHARYNGITIS	HP_PHARYNGITIS		15	0.30806458	0.8910488	0.5873874	0.9462677	1.0	335	tags=13%, list=2%, signal=14%	
HP_SMALL_NAIL	HP_SMALL_NAIL		164	0.18564884	0.8909105	0.71700877	0.9463414	1.0	2143	tags=18%, list=14%, signal=20%	
GOBP_POSITIVE_REGULATION_OF_MYOBLAST_DIFFERENTIATION	GOBP_POSITIVE_REGULATION_OF_MYOBLAST_DIFFERENTIATION		36	0.24490002	0.89077836	0.6313043	0.94636565	1.0	3570	tags=33%, list=24%, signal=44%	
GOBP_IRE1_MEDIATED_UNFOLDED_PROTEIN_RESPONSE	GOBP_IRE1_MEDIATED_UNFOLDED_PROTEIN_RESPONSE		20	0.28024593	0.89055425	0.63669723	0.9466586	1.0	1268	tags=20%, list=8%, signal=22%	
GOBP_NEGATIVE_REGULATION_OF_NEURAL_PRECURSOR_CELL_PROLIFERATION	GOBP_NEGATIVE_REGULATION_OF_NEURAL_PRECURSOR_CELL_PROLIFERATION		23	0.26678228	0.89045864	0.64107144	0.94658536	1.0	4797	tags=48%, list=32%, signal=70%	
HP_ABNORMALITY_OF_HAND_JOINT_MOBILITY	HP_ABNORMALITY_OF_HAND_JOINT_MOBILITY		43	0.23796836	0.89045334	0.6518771	0.94627285	1.0	1785	tags=16%, list=12%, signal=18%	
GOBP_MAINTENANCE_OF_SYNAPSE_STRUCTURE	GOBP_MAINTENANCE_OF_SYNAPSE_STRUCTURE		28	0.25784713	0.89025885	0.6557971	0.94646937	1.0	3277	tags=29%, list=22%, signal=36%	
GOCC_SAGA_TYPE_COMPLEX	GOCC_SAGA_TYPE_COMPLEX		37	0.2456956	0.890129	0.64027536	0.9464926	1.0	1861	tags=16%, list=12%, signal=18%	
HP_SHAWL_SCROTUM	HP_SHAWL_SCROTUM		20	0.28240988	0.8898385	0.61290324	0.94693005	1.0	2891	tags=35%, list=19%, signal=43%	
HP_ABNORMALITY_OF_MACULAR_PIGMENTATION	HP_ABNORMALITY_OF_MACULAR_PIGMENTATION		35	0.24924713	0.8898383	0.63951474	0.94660443	1.0	4734	tags=46%, list=31%, signal=66%	
GOBP_REGULATION_OF_ACTIN_FILAMENT_ORGANIZATION	GOBP_REGULATION_OF_ACTIN_FILAMENT_ORGANIZATION		232	0.17819363	0.8897523	0.7536023	0.9465078	1.0	1515	tags=13%, list=10%, signal=14%	
GOCC_FILOPODIUM_MEMBRANE	GOCC_FILOPODIUM_MEMBRANE		17	0.2964602	0.88969886	0.62250453	0.94632214	1.0	929	tags=18%, list=6%, signal=19%	
GOBP_EMBRYONIC_HEMOPOIESIS	GOBP_EMBRYONIC_HEMOPOIESIS		16	0.3050945	0.889695	0.5951557	0.9460083	1.0	4546	tags=44%, list=30%, signal=63%	
HP_APLASIA_HYPOPLASIA_OF_TOE	HP_APLASIA_HYPOPLASIA_OF_TOE		114	0.19751492	0.8894301	0.6936508	0.9464152	1.0	1626	tags=14%, list=11%, signal=16%	
HP_ABNORMAL_PULMONARY_VALVE_PHYSIOLOGY	HP_ABNORMAL_PULMONARY_VALVE_PHYSIOLOGY		146	0.1907961	0.8893392	0.6906907	0.94633704	1.0	2631	tags=19%, list=17%, signal=23%	
GOCC_ADHERENS_JUNCTION	GOCC_ADHERENS_JUNCTION		172	0.18306008	0.8891856	0.7317437	0.94643617	1.0	3080	tags=22%, list=20%, signal=27%	
HP_SHORT_TIBIA	HP_SHORT_TIBIA		23	0.27511087	0.88917553	0.61922365	0.94614464	1.0	5618	tags=48%, list=37%, signal=76%	
GOBP_REGULATION_OF_MESENCHYMAL_CELL_PROLIFERATION	GOBP_REGULATION_OF_MESENCHYMAL_CELL_PROLIFERATION		31	0.2568381	0.88904876	0.61799663	0.94615567	1.0	3963	tags=35%, list=26%, signal=48%	
HP_ABNORMAL_RIGHT_VENTRICULAR_FUNCTION	HP_ABNORMAL_RIGHT_VENTRICULAR_FUNCTION		16	0.2991942	0.88900244	0.58303887	0.9459644	1.0	3242	tags=25%, list=21%, signal=32%	
HP_SENSORY_AXONAL_NEUROPATHY	HP_SENSORY_AXONAL_NEUROPATHY		35	0.24414417	0.88896006	0.6325088	0.94575745	1.0	4618	tags=40%, list=31%, signal=57%	
HP_APLASIA_HYPOPLASIA_OF_THE_ULNA	HP_APLASIA_HYPOPLASIA_OF_THE_ULNA		51	0.22867176	0.8888462	0.6530945	0.9457478	1.0	5336	tags=37%, list=35%, signal=57%	
GOBP_GRANULOCYTE_ACTIVATION	GOBP_GRANULOCYTE_ACTIVATION		34	0.25429615	0.88874376	0.6205674	0.94570804	1.0	3413	tags=35%, list=23%, signal=45%	
GOBP_REGULATION_OF_RECEPTOR_INTERNALIZATION	GOBP_REGULATION_OF_RECEPTOR_INTERNALIZATION		65	0.21827246	0.88845736	0.6834171	0.94614655	1.0	2791	tags=25%, list=18%, signal=30%	
GOBP_POSITIVE_REGULATION_OF_MYELOID_LEUKOCYTE_CYTOKINE_PRODUCTION_INVOLVED_IN_IMMUNE_RESPONSE	GOBP_POSITIVE_REGULATION_OF_MYELOID_LEUKOCYTE_CYTOKINE_PRODUCTION_INVOLVED_IN_IMMUNE_RESPONSE		32	0.2520917	0.8878165	0.6177536	0.94756556	1.0	2791	tags=28%, list=18%, signal=34%	
GOMF_MOLECULAR_FUNCTION_INHIBITOR_ACTIVITY	GOMF_MOLECULAR_FUNCTION_INHIBITOR_ACTIVITY		453	0.16557771	0.8877564	0.81099194	0.94741315	1.0	3601	tags=24%, list=24%, signal=30%	
HP_PNEUMONIA	HP_PNEUMONIA		260	0.17713873	0.887642	0.7652051	0.9473898	1.0	2865	tags=20%, list=19%, signal=24%	
HP_INCREASED_CIRCULATING_IGE_CONCENTRATION	HP_INCREASED_CIRCULATING_IGE_CONCENTRATION		37	0.24053349	0.887325	0.6366782	0.94794476	1.0	5100	tags=41%, list=34%, signal=61%	
GOBP_CORTICAL_CYTOSKELETON_ORGANIZATION	GOBP_CORTICAL_CYTOSKELETON_ORGANIZATION		52	0.22398706	0.886822	0.6491525	0.94896704	1.0	2759	tags=21%, list=18%, signal=26%	
HP_APLASIA_HYPOPLASIA_INVOLVING_BONES_OF_THE_LOWER_LIMBS	HP_APLASIA_HYPOPLASIA_INVOLVING_BONES_OF_THE_LOWER_LIMBS		349	0.16931123	0.8865029	0.80359614	0.94951165	1.0	2170	tags=15%, list=14%, signal=17%	
GOBP_CELLULAR_RESPONSE_TO_ALDEHYDE	GOBP_CELLULAR_RESPONSE_TO_ALDEHYDE		17	0.29498455	0.88647544	0.6043557	0.94925386	1.0	1832	tags=18%, list=12%, signal=20%	
GOBP_ORGAN_GROWTH	GOBP_ORGAN_GROWTH		143	0.19117713	0.8861555	0.7171561	0.94980097	1.0	4448	tags=34%, list=29%, signal=47%	
GOBP_REGULATION_OF_HYDROGEN_PEROXIDE_METABOLIC_PROCESS	GOBP_REGULATION_OF_HYDROGEN_PEROXIDE_METABOLIC_PROCESS		16	0.29497305	0.88523996	0.62	0.95191973	1.0	4857	tags=50%, list=32%, signal=74%	
GOBP_REGULATION_OF_VESICLE_MEDIATED_TRANSPORT	GOBP_REGULATION_OF_VESICLE_MEDIATED_TRANSPORT		466	0.1640429	0.8852068	0.84126985	0.9516887	1.0	3287	tags=22%, list=22%, signal=27%	
GOBP_T_CELL_DIFFERENTIATION_IN_THYMUS	GOBP_T_CELL_DIFFERENTIATION_IN_THYMUS		71	0.21201196	0.88496506	0.704065	0.95200354	1.0	2043	tags=18%, list=14%, signal=21%	
HP_TRUNCUS_ARTERIOSUS	HP_TRUNCUS_ARTERIOSUS		24	0.27309182	0.88448924	0.61579895	0.9529196	1.0	1731	tags=21%, list=11%, signal=23%	
HP_PULMONIC_REGURGITATION	HP_PULMONIC_REGURGITATION		22	0.27540484	0.8844203	0.64471406	0.95278555	1.0	3224	tags=27%, list=21%, signal=35%	
GOBP_REGULATION_OF_INTRINSIC_APOPTOTIC_SIGNALING_PATHWAY_BY_P53_CLASS_MEDIATOR	GOBP_REGULATION_OF_INTRINSIC_APOPTOTIC_SIGNALING_PATHWAY_BY_P53_CLASS_MEDIATOR		30	0.2554766	0.8843417	0.67030966	0.9526722	1.0	2762	tags=23%, list=18%, signal=28%	
GOBP_SIGNALING_RECEPTOR_LIGAND_PRECURSOR_PROCESSING	GOBP_SIGNALING_RECEPTOR_LIGAND_PRECURSOR_PROCESSING		39	0.24068134	0.8842603	0.6517572	0.95257133	1.0	2043	tags=21%, list=14%, signal=24%	
GOBP_INCLUSION_BODY_ASSEMBLY	GOBP_INCLUSION_BODY_ASSEMBLY		24	0.26794514	0.8841511	0.61928934	0.9525331	1.0	4386	tags=33%, list=29%, signal=47%	
GOBP_SODIUM_ION_TRANSMEMBRANE_TRANSPORT	GOBP_SODIUM_ION_TRANSMEMBRANE_TRANSPORT		147	0.18692997	0.8840536	0.7398119	0.9524763	1.0	4164	tags=35%, list=28%, signal=47%	
GOBP_POSTSYNAPTIC_MODULATION_OF_CHEMICAL_SYNAPTIC_TRANSMISSION	GOBP_POSTSYNAPTIC_MODULATION_OF_CHEMICAL_SYNAPTIC_TRANSMISSION		26	0.26788744	0.88382375	0.605852	0.952761	1.0	1660	tags=19%, list=11%, signal=22%	
HP_ABNORMAL_UPPER_LIMB_BONE_MORPHOLOGY	HP_ABNORMAL_UPPER_LIMB_BONE_MORPHOLOGY		413	0.16783656	0.8838045	0.787062	0.9524875	1.0	2989	tags=19%, list=20%, signal=23%	
HP_FEMORAL_BOWING	HP_FEMORAL_BOWING		45	0.23197599	0.88347024	0.6298246	0.9530521	1.0	4261	tags=33%, list=28%, signal=46%	
HP_DECREASED_CIRCULATING_ALDOSTERONE_CONCENTRATION	HP_DECREASED_CIRCULATING_ALDOSTERONE_CONCENTRATION		16	0.30189565	0.88334984	0.63486236	0.95303625	1.0	5298	tags=56%, list=35%, signal=87%	
GOBP_CARDIAC_ATRIUM_MORPHOGENESIS	GOBP_CARDIAC_ATRIUM_MORPHOGENESIS		27	0.25796238	0.8832833	0.62969285	0.9528942	1.0	5913	tags=52%, list=39%, signal=85%	
HP_TESSIER_CLEFT	HP_TESSIER_CLEFT		19	0.2818423	0.8831055	0.6111111	0.95303535	1.0	4267	tags=37%, list=28%, signal=51%	
HP_RHABDOMYOLYSIS	HP_RHABDOMYOLYSIS		41	0.23787642	0.8828754	0.6633663	0.9533199	1.0	3051	tags=27%, list=20%, signal=34%	
GOBP_REGULATION_OF_STEROID_HORMONE_BIOSYNTHETIC_PROCESS	GOBP_REGULATION_OF_STEROID_HORMONE_BIOSYNTHETIC_PROCESS		15	0.3054122	0.88267034	0.6057866	0.95354396	1.0	3688	tags=33%, list=24%, signal=44%	
GOBP_BIOLOGICAL_PROCESS_INVOLVED_IN_SYMBIOTIC_INTERACTION	GOBP_BIOLOGICAL_PROCESS_INVOLVED_IN_SYMBIOTIC_INTERACTION		166	0.18368024	0.88174486	0.74332345	0.95569056	1.0	4825	tags=33%, list=32%, signal=47%	
GOBP_FAT_CELL_DIFFERENTIATION	GOBP_FAT_CELL_DIFFERENTIATION		204	0.17807439	0.88153666	0.771831	0.9559343	1.0	4040	tags=27%, list=27%, signal=36%	
GOCC_AZUROPHIL_GRANULE	GOCC_AZUROPHIL_GRANULE		124	0.19195296	0.8815048	0.72314674	0.95569146	1.0	3701	tags=27%, list=24%, signal=36%	
GOBP_RESPONSE_TO_RADIATION	GOBP_RESPONSE_TO_RADIATION		383	0.16698506	0.88111854	0.81578946	0.95639545	1.0	3980	tags=28%, list=26%, signal=37%	
GOBP_EXTRACELLULAR_MATRIX_DISASSEMBLY	GOBP_EXTRACELLULAR_MATRIX_DISASSEMBLY		54	0.21808556	0.88061184	0.68360656	0.9574072	1.0	3254	tags=28%, list=22%, signal=35%	
GOBP_HEART_MORPHOGENESIS	GOBP_HEART_MORPHOGENESIS		223	0.17792283	0.88054025	0.7733142	0.9572747	1.0	3599	tags=26%, list=24%, signal=34%	
GOBP_VASCULAR_ASSOCIATED_SMOOTH_MUSCLE_CELL_PROLIFERATION	GOBP_VASCULAR_ASSOCIATED_SMOOTH_MUSCLE_CELL_PROLIFERATION		53	0.22261925	0.8804487	0.6912752	0.9571864	1.0	3392	tags=26%, list=22%, signal=34%	
HP_DROWSINESS	HP_DROWSINESS		48	0.22818911	0.8799738	0.68543047	0.95812166	1.0	3357	tags=29%, list=22%, signal=37%	
HP_ABNORMAL_DIAPHYSIS_MORPHOLOGY	HP_ABNORMAL_DIAPHYSIS_MORPHOLOGY		306	0.1705776	0.8797743	0.77106744	0.9583155	1.0	3153	tags=21%, list=21%, signal=26%	
HP_SOFT_TISSUE_SARCOMA	HP_SOFT_TISSUE_SARCOMA		91	0.20432591	0.8794142	0.7114504	0.95898044	1.0	3420	tags=24%, list=23%, signal=31%	
HP_ABNORMAL_URINE_PH	HP_ABNORMAL_URINE_PH		133	0.1893968	0.8792424	0.75151515	0.9591121	1.0	5383	tags=36%, list=36%, signal=56%	
HP_TRUNCAL_OBESITY	HP_TRUNCAL_OBESITY		76	0.20820095	0.87912226	0.6984375	0.959103	1.0	978	tags=11%, list=6%, signal=11%	
GOBP_REGULATION_OF_ACTIN_FILAMENT_BASED_PROCESS	GOBP_REGULATION_OF_ACTIN_FILAMENT_BASED_PROCESS		333	0.17094114	0.8790403	0.82734805	0.9590001	1.0	3966	tags=27%, list=26%, signal=36%	
GOBP_REGULATION_OF_ACTION_POTENTIAL	GOBP_REGULATION_OF_ACTION_POTENTIAL		46	0.22896351	0.87867963	0.65522873	0.9596471	1.0	3705	tags=28%, list=25%, signal=37%	
GOBP_SEQUESTERING_OF_CALCIUM_ION	GOBP_SEQUESTERING_OF_CALCIUM_ION		103	0.19657388	0.8785434	0.72727275	0.9596932	1.0	4603	tags=40%, list=30%, signal=57%	
HP_ABNORMAL_4TH_METACARPAL_MORPHOLOGY	HP_ABNORMAL_4TH_METACARPAL_MORPHOLOGY		20	0.28220746	0.8784801	0.6489945	0.9595375	1.0	733	tags=10%, list=5%, signal=10%	
GOBP_POSITIVE_REGULATION_OF_VESICLE_FUSION	GOBP_POSITIVE_REGULATION_OF_VESICLE_FUSION		21	0.27602118	0.8781435	0.6439791	0.9600962	1.0	5323	tags=43%, list=35%, signal=66%	
HP_ABNORMAL_SPINAL_CORD_MORPHOLOGY	HP_ABNORMAL_SPINAL_CORD_MORPHOLOGY		274	0.17232187	0.8780793	0.77363896	0.95993793	1.0	3257	tags=20%, list=22%, signal=25%	
GOBP_MOLTING_CYCLE	GOBP_MOLTING_CYCLE		96	0.198484	0.8779222	0.7032967	0.96003956	1.0	3644	tags=29%, list=24%, signal=38%	
GOBP_NEGATIVE_REGULATION_OF_TRANSPORT	GOBP_NEGATIVE_REGULATION_OF_TRANSPORT		342	0.16711654	0.87774557	0.82923496	0.96017367	1.0	4794	tags=36%, list=32%, signal=51%	
GOBP_LEUKOCYTE_DIFFERENTIATION	GOBP_LEUKOCYTE_DIFFERENTIATION		480	0.16409619	0.87771606	0.84665793	0.95992434	1.0	3736	tags=26%, list=25%, signal=33%	
HP_VERTEBRAL_FUSION	HP_VERTEBRAL_FUSION		63	0.21347283	0.8776281	0.6894309	0.9598436	1.0	2422	tags=17%, list=16%, signal=21%	
GOBP_SODIUM_ION_HOMEOSTASIS	GOBP_SODIUM_ION_HOMEOSTASIS		38	0.23649992	0.87752736	0.6597938	0.9597825	1.0	4101	tags=37%, list=27%, signal=50%	
GOBP_CARBOHYDRATE_DERIVATIVE_CATABOLIC_PROCESS	GOBP_CARBOHYDRATE_DERIVATIVE_CATABOLIC_PROCESS		225	0.17755787	0.87716556	0.77874815	0.9604308	1.0	3916	tags=27%, list=26%, signal=36%	
HP_ABNORMALITY_OF_CANINE	HP_ABNORMALITY_OF_CANINE		15	0.30799598	0.876917	0.6234234	0.96076155	1.0	2708	tags=33%, list=18%, signal=41%	
HP_ABNORMAL_URINE_CARBOXYLIC_ACID_LEVEL	HP_ABNORMAL_URINE_CARBOXYLIC_ACID_LEVEL		121	0.19405858	0.87654966	0.7357911	0.96139944	1.0	2462	tags=16%, list=16%, signal=19%	
GOBP_ANTERIOR_POSTERIOR_AXIS_SPECIFICATION	GOBP_ANTERIOR_POSTERIOR_AXIS_SPECIFICATION		46	0.22884306	0.876502	0.64705884	0.9612023	1.0	3965	tags=43%, list=26%, signal=59%	
GOBP_REGULATION_OF_TOLL_LIKE_RECEPTOR_4_SIGNALING_PATHWAY	GOBP_REGULATION_OF_TOLL_LIKE_RECEPTOR_4_SIGNALING_PATHWAY		28	0.25983855	0.8760056	0.6582734	0.96217436	1.0	3429	tags=29%, list=23%, signal=37%	
GOBP_RESPONSE_TO_PURINE_CONTAINING_COMPOUND	GOBP_RESPONSE_TO_PURINE_CONTAINING_COMPOUND		118	0.19362581	0.8759592	0.72496027	0.96197635	1.0	4540	tags=36%, list=30%, signal=52%	
HP_DEGENERATION_OF_ANTERIOR_HORN_CELLS	HP_DEGENERATION_OF_ANTERIOR_HORN_CELLS		20	0.27892107	0.8759243	0.6480144	0.96172875	1.0	4453	tags=35%, list=29%, signal=50%	
GOBP_WNT_SIGNALING_PATHWAY_PLANAR_CELL_POLARITY_PATHWAY	GOBP_WNT_SIGNALING_PATHWAY_PLANAR_CELL_POLARITY_PATHWAY		43	0.22990334	0.87584525	0.68911916	0.96160907	1.0	1497	tags=16%, list=10%, signal=18%	
HP_ABNORMALITY_OF_ENDOCRINE_PANCREAS_PHYSIOLOGY	HP_ABNORMALITY_OF_ENDOCRINE_PANCREAS_PHYSIOLOGY		20	0.2790798	0.87545925	0.64504504	0.96227974	1.0	3965	tags=40%, list=26%, signal=54%	
HP_ST_SEGMENT_ELEVATION	HP_ST_SEGMENT_ELEVATION		21	0.26662222	0.87509835	0.64144146	0.96291465	1.0	1851	tags=24%, list=12%, signal=27%	
HP_EXCESSIVE_DAYTIME_SOMNOLENCE	HP_EXCESSIVE_DAYTIME_SOMNOLENCE		64	0.2120204	0.87508106	0.67127496	0.9626376	1.0	3354	tags=28%, list=22%, signal=36%	
GOBP_MAGNESIUM_ION_TRANSPORT	GOBP_MAGNESIUM_ION_TRANSPORT		18	0.29041842	0.87496775	0.6708861	0.96260315	1.0	4778	tags=39%, list=32%, signal=57%	
HP_RECURRENT_PNEUMONIA	HP_RECURRENT_PNEUMONIA		120	0.18693504	0.8748411	0.7480799	0.9626104	1.0	2084	tags=16%, list=14%, signal=18%	
GOBP_POSITIVE_REGULATION_OF_PROTEIN_LOCALIZATION_TO_MEMBRANE	GOBP_POSITIVE_REGULATION_OF_PROTEIN_LOCALIZATION_TO_MEMBRANE		98	0.19791837	0.8743711	0.7412481	0.9635226	1.0	2101	tags=16%, list=14%, signal=19%	
GOBP_SENSORY_PERCEPTION_OF_TASTE	GOBP_SENSORY_PERCEPTION_OF_TASTE		39	0.23730369	0.8742839	0.6923077	0.96342874	1.0	4435	tags=38%, list=29%, signal=54%	
HP_HIGH_HYPERMETROPIA	HP_HIGH_HYPERMETROPIA		70	0.21039815	0.8740473	0.6873977	0.9637475	1.0	1382	tags=16%, list=9%, signal=17%	
GOBP_POSITIVE_REGULATION_OF_MESENCHYMAL_CELL_PROLIFERATION	GOBP_POSITIVE_REGULATION_OF_MESENCHYMAL_CELL_PROLIFERATION		24	0.26555005	0.87392163	0.64846414	0.96375614	1.0	3521	tags=33%, list=23%, signal=43%	
GOMF_NUCLEOSIDE_DIPHOSPHATE_KINASE_ACTIVITY	GOMF_NUCLEOSIDE_DIPHOSPHATE_KINASE_ACTIVITY		17	0.3021354	0.8738922	0.63743675	0.9635189	1.0	3678	tags=35%, list=24%, signal=47%	
HP_TYPE_1_MUSCLE_FIBER_PREDOMINANCE	HP_TYPE_1_MUSCLE_FIBER_PREDOMINANCE		53	0.22175942	0.8736081	0.6993464	0.9639395	1.0	3944	tags=28%, list=26%, signal=38%	
HP_MUSCLE_STIFFNESS	HP_MUSCLE_STIFFNESS		70	0.21152622	0.8735234	0.6984668	0.9638504	1.0	2544	tags=23%, list=17%, signal=27%	
HP_ABNORMAL_DIENCEPHALON_MORPHOLOGY	HP_ABNORMAL_DIENCEPHALON_MORPHOLOGY		117	0.19229524	0.87344295	0.7254902	0.9637238	1.0	3838	tags=31%, list=25%, signal=41%	
GOBP_BONE_RESORPTION	GOBP_BONE_RESORPTION		50	0.22107445	0.87337637	0.6977124	0.9635741	1.0	4194	tags=36%, list=28%, signal=50%	
GOBP_CELLULAR_RESPONSE_TO_CHEMICAL_STRESS	GOBP_CELLULAR_RESPONSE_TO_CHEMICAL_STRESS		280	0.1716079	0.8731757	0.8138848	0.96377504	1.0	3924	tags=25%, list=26%, signal=34%	
HP_ABNORMAL_CARTILAGE_MORPHOLOGY	HP_ABNORMAL_CARTILAGE_MORPHOLOGY		46	0.2260066	0.87315214	0.6666667	0.9635126	1.0	1936	tags=17%, list=13%, signal=20%	
GOBP_VASCULAR_PROCESS_IN_CIRCULATORY_SYSTEM	GOBP_VASCULAR_PROCESS_IN_CIRCULATORY_SYSTEM		238	0.17517215	0.8729944	0.8097345	0.9636152	1.0	4893	tags=38%, list=32%, signal=56%	
GOBP_CELL_COMMUNICATION_BY_ELECTRICAL_COUPLING_INVOLVED_IN_CARDIAC_CONDUCTION	GOBP_CELL_COMMUNICATION_BY_ELECTRICAL_COUPLING_INVOLVED_IN_CARDIAC_CONDUCTION		22	0.27219233	0.8729379	0.62610227	0.963443	1.0	1431	tags=18%, list=9%, signal=20%	
GOCC_OUTER_KINETOCHORE	GOCC_OUTER_KINETOCHORE		20	0.27561867	0.8729202	0.64572424	0.96316767	1.0	5871	tags=60%, list=39%, signal=98%	
HP_ANTIPHOSPHOLIPID_ANTIBODY_POSITIVITY	HP_ANTIPHOSPHOLIPID_ANTIBODY_POSITIVITY		15	0.3121128	0.8724436	0.6574074	0.964115	1.0	2338	tags=27%, list=15%, signal=32%	
GOBP_CALCIUM_ION_REGULATED_EXOCYTOSIS	GOBP_CALCIUM_ION_REGULATED_EXOCYTOSIS		57	0.21967989	0.87226903	0.7049743	0.96424323	1.0	3401	tags=25%, list=23%, signal=32%	
HP_HYPOGLYCEMIC_SEIZURES	HP_HYPOGLYCEMIC_SEIZURES		22	0.2714118	0.8721625	0.64492756	0.9642035	1.0	2211	tags=27%, list=15%, signal=32%	
GOMF_TRANSFORMING_GROWTH_FACTOR_BETA_BINDING	GOMF_TRANSFORMING_GROWTH_FACTOR_BETA_BINDING		19	0.2823958	0.87207586	0.6643952	0.96411335	1.0	2936	tags=32%, list=19%, signal=39%	
HP_ABNORMALITY_OF_IRON_HOMEOSTASIS	HP_ABNORMALITY_OF_IRON_HOMEOSTASIS		23	0.2684763	0.8720097	0.64955753	0.96397567	1.0	2890	tags=30%, list=19%, signal=38%	
HP_ABNORMAL_ODONTOID_TISSUE_MORPHOLOGY	HP_ABNORMAL_ODONTOID_TISSUE_MORPHOLOGY		201	0.17662644	0.8716212	0.79941434	0.96464956	1.0	2708	tags=18%, list=18%, signal=22%	
HP_ABNORMAL_SMALL_INTESTINE_MORPHOLOGY	HP_ABNORMAL_SMALL_INTESTINE_MORPHOLOGY		190	0.17898719	0.87101436	0.76651305	0.9658874	1.0	4895	tags=36%, list=32%, signal=53%	
GOBP_HEPATICOBILIARY_SYSTEM_DEVELOPMENT	GOBP_HEPATICOBILIARY_SYSTEM_DEVELOPMENT		118	0.19073558	0.87080044	0.7570093	0.96610296	1.0	3828	tags=24%, list=25%, signal=32%	
GOBP_CYTOSKELETON_DEPENDENT_INTRACELLULAR_TRANSPORT	GOBP_CYTOSKELETON_DEPENDENT_INTRACELLULAR_TRANSPORT		197	0.1785587	0.87074584	0.77252585	0.9659279	1.0	2267	tags=16%, list=15%, signal=19%	
GOBP_MYELOID_CELL_APOPTOTIC_PROCESS	GOBP_MYELOID_CELL_APOPTOTIC_PROCESS		29	0.25386032	0.8706623	0.6632997	0.9658125	1.0	3734	tags=34%, list=25%, signal=46%	
GOBP_PYRIMIDINE_RIBONUCLEOTIDE_BIOSYNTHETIC_PROCESS	GOBP_PYRIMIDINE_RIBONUCLEOTIDE_BIOSYNTHETIC_PROCESS		23	0.26951855	0.87058383	0.6702899	0.965689	1.0	2053	tags=17%, list=14%, signal=20%	
GOMF_CYCLIN_DEPENDENT_PROTEIN_SERINE_THREONINE_KINASE_REGULATOR_ACTIVITY	GOMF_CYCLIN_DEPENDENT_PROTEIN_SERINE_THREONINE_KINASE_REGULATOR_ACTIVITY		43	0.22965997	0.8705645	0.6736111	0.9654203	1.0	463	tags=9%, list=3%, signal=10%	
GOMF_NARROW_PORE_CHANNEL_ACTIVITY	GOMF_NARROW_PORE_CHANNEL_ACTIVITY		15	0.30256268	0.8701687	0.6457565	0.9661231	1.0	4440	tags=33%, list=29%, signal=47%	
GOBP_MEIOTIC_CHROMOSOME_SEGREGATION	GOBP_MEIOTIC_CHROMOSOME_SEGREGATION		72	0.2069475	0.8694773	0.7078125	0.96758455	1.0	5381	tags=40%, list=36%, signal=62%	
HP_SINUS_BRADYCARDIA	HP_SINUS_BRADYCARDIA		17	0.28955415	0.869398	0.6332703	0.9674692	1.0	4564	tags=35%, list=30%, signal=51%	
GOBP_TETRAPYRROLE_METABOLIC_PROCESS	GOBP_TETRAPYRROLE_METABOLIC_PROCESS		55	0.21866614	0.869361	0.71691793	0.96724916	1.0	5233	tags=40%, list=35%, signal=61%	
GOBP_RESPONSE_TO_NUTRIENT_LEVELS	GOBP_RESPONSE_TO_NUTRIENT_LEVELS		415	0.1634361	0.8693485	0.8494624	0.96695995	1.0	3580	tags=23%, list=24%, signal=29%	
GOMF_PHOSPHATE_TRANSMEMBRANE_TRANSPORTER_ACTIVITY	GOMF_PHOSPHATE_TRANSMEMBRANE_TRANSPORTER_ACTIVITY		17	0.2915035	0.86911315	0.6565836	0.96723723	1.0	3328	tags=29%, list=22%, signal=38%	
GOBP_B_CELL_PROLIFERATION	GOBP_B_CELL_PROLIFERATION		64	0.21053126	0.8690887	0.6855346	0.966983	1.0	2338	tags=19%, list=15%, signal=22%	
HP_EMG_IMPAIRED_NEUROMUSCULAR_TRANSMISSION	HP_EMG_IMPAIRED_NEUROMUSCULAR_TRANSMISSION		30	0.2526894	0.86907923	0.6690141	0.96668446	1.0	3013	tags=20%, list=20%, signal=25%	
GOMF_PHOSPHATIDIC_ACID_BINDING	GOMF_PHOSPHATIDIC_ACID_BINDING		23	0.2705795	0.86905974	0.6512821	0.9664134	1.0	4013	tags=39%, list=27%, signal=53%	
GOBP_MUSCLE_CELL_DIFFERENTIATION	GOBP_MUSCLE_CELL_DIFFERENTIATION		349	0.16604494	0.86905783	0.8477089	0.96609586	1.0	2691	tags=18%, list=18%, signal=21%	
HP_HEADACHE	HP_HEADACHE		271	0.16947211	0.86899066	0.81793106	0.9659524	1.0	1612	tags=12%, list=11%, signal=13%	
HP_OLIGOMENORRHEA	HP_OLIGOMENORRHEA		34	0.24315964	0.86870384	0.67324954	0.9663751	1.0	462	tags=9%, list=3%, signal=9%	
HP_ACUTE_ENCEPHALOPATHY	HP_ACUTE_ENCEPHALOPATHY		16	0.2981398	0.86864233	0.6524954	0.966202	1.0	3113	tags=38%, list=21%, signal=47%	
GOBP_ATRIAL_SEPTUM_MORPHOGENESIS	GOBP_ATRIAL_SEPTUM_MORPHOGENESIS		16	0.29295203	0.8683619	0.6733945	0.9665747	1.0	5913	tags=50%, list=39%, signal=82%	
GOBP_RESPONSE_TO_OXIDATIVE_STRESS	GOBP_RESPONSE_TO_OXIDATIVE_STRESS		351	0.16589674	0.8682129	0.8413333	0.966644	1.0	3924	tags=26%, list=26%, signal=34%	
HP_BOWING_OF_THE_ARM	HP_BOWING_OF_THE_ARM		43	0.23187347	0.8678124	0.69394433	0.9673304	1.0	1982	tags=19%, list=13%, signal=21%	
GOBP_REGULATION_OF_VASCULATURE_DEVELOPMENT	GOBP_REGULATION_OF_VASCULATURE_DEVELOPMENT		247	0.17325395	0.8676733	0.8181818	0.96734786	1.0	3859	tags=27%, list=26%, signal=35%	
GOBP_DIGESTIVE_SYSTEM_DEVELOPMENT	GOBP_DIGESTIVE_SYSTEM_DEVELOPMENT		125	0.1868645	0.8676546	0.7676609	0.9670755	1.0	3779	tags=29%, list=25%, signal=38%	
GOBP_ACTIN_FILAMENT_SEVERING	GOBP_ACTIN_FILAMENT_SEVERING		16	0.29288617	0.86752915	0.6411215	0.96707016	1.0	5275	tags=56%, list=35%, signal=86%	
HP_BILE_DUCT_PROLIFERATION	HP_BILE_DUCT_PROLIFERATION		21	0.2706328	0.8674451	0.7035088	0.96696985	1.0	1419	tags=19%, list=9%, signal=21%	
HP_ABNORMAL_HEART_VALVE_MORPHOLOGY	HP_ABNORMAL_HEART_VALVE_MORPHOLOGY		326	0.16860458	0.8674337	0.8202247	0.9666852	1.0	1755	tags=13%, list=12%, signal=14%	
GOBP_CELLULAR_COMPONENT_ASSEMBLY_INVOLVED_IN_MORPHOGENESIS	GOBP_CELLULAR_COMPONENT_ASSEMBLY_INVOLVED_IN_MORPHOGENESIS		105	0.19407885	0.8673606	0.734375	0.9665447	1.0	3203	tags=25%, list=21%, signal=31%	
GOCC_PERICENTRIOLAR_MATERIAL	GOCC_PERICENTRIOLAR_MATERIAL		19	0.28389066	0.86733586	0.634058	0.9662921	1.0	4857	tags=53%, list=32%, signal=77%	
HP_STEROID_RESISTANT_NEPHROTIC_SYNDROME	HP_STEROID_RESISTANT_NEPHROTIC_SYNDROME		15	0.29982835	0.8672384	0.6622391	0.966222	1.0	1821	tags=20%, list=12%, signal=23%	
HP_PHENOTYPIC_VARIABILITY	HP_PHENOTYPIC_VARIABILITY		64	0.20971325	0.86722577	0.7216981	0.9659306	1.0	3923	tags=25%, list=26%, signal=34%	
HP_PREMATURE_LOSS_OF_TEETH	HP_PREMATURE_LOSS_OF_TEETH		51	0.22214346	0.86705285	0.6771005	0.9660538	1.0	3850	tags=29%, list=25%, signal=39%	
GOBP_NEGATIVE_REGULATION_OF_AMINE_TRANSPORT	GOBP_NEGATIVE_REGULATION_OF_AMINE_TRANSPORT		21	0.27405527	0.866703	0.66851854	0.96660507	1.0	2500	tags=24%, list=17%, signal=28%	
HP_ABNORMAL_SEX_DETERMINATION	HP_ABNORMAL_SEX_DETERMINATION		15	0.3038962	0.8666455	0.65818185	0.9664219	1.0	213	tags=13%, list=1%, signal=14%	
HP_NEOPLASM_OF_THE_RESPIRATORY_SYSTEM	HP_NEOPLASM_OF_THE_RESPIRATORY_SYSTEM		53	0.21981575	0.86652255	0.69320065	0.9664109	1.0	4146	tags=32%, list=27%, signal=44%	
GOMF_NUCLEOSIDE_MONOPHOSPHATE_KINASE_ACTIVITY	GOMF_NUCLEOSIDE_MONOPHOSPHATE_KINASE_ACTIVITY		20	0.27786273	0.86644155	0.6573034	0.9662971	1.0	4656	tags=40%, list=31%, signal=58%	
GOBP_POSITIVE_REGULATION_OF_CHROMOSOME_SEGREGATION	GOBP_POSITIVE_REGULATION_OF_CHROMOSOME_SEGREGATION		28	0.25578338	0.8663187	0.6631944	0.9662921	1.0	4941	tags=43%, list=33%, signal=64%	
GOBP_HOMEOSTASIS_OF_NUMBER_OF_CELLS	GOBP_HOMEOSTASIS_OF_NUMBER_OF_CELLS		284	0.16920452	0.86630255	0.8274895	0.9660079	1.0	3873	tags=27%, list=26%, signal=36%	
HP_CUTIS_LAXA	HP_CUTIS_LAXA		121	0.18832543	0.86608875	0.74846625	0.9662466	1.0	2989	tags=22%, list=20%, signal=28%	
GOMF_ATPASE_COUPLED_INTRAMEMBRANE_LIPID_TRANSPORTER_ACTIVITY	GOMF_ATPASE_COUPLED_INTRAMEMBRANE_LIPID_TRANSPORTER_ACTIVITY		24	0.2615723	0.8660485	0.6405959	0.96603894	1.0	5270	tags=50%, list=35%, signal=77%	
GOBP_RESPONSE_TO_DSRNA	GOBP_RESPONSE_TO_DSRNA		40	0.23679537	0.8659705	0.67907804	0.96592027	1.0	2373	tags=20%, list=16%, signal=24%	
GOBP_POSITIVE_REGULATION_OF_RELEASE_OF_CYTOCHROME_C_FROM_MITOCHONDRIA	GOBP_POSITIVE_REGULATION_OF_RELEASE_OF_CYTOCHROME_C_FROM_MITOCHONDRIA		19	0.28065717	0.865418	0.6455696	0.96699876	1.0	1255	tags=21%, list=8%, signal=23%	
GOBP_REGULATION_OF_CARDIAC_MUSCLE_CONTRACTION_BY_REGULATION_OF_THE_RELEASE_OF_SEQUESTERED_CALCIUM_ION	GOBP_REGULATION_OF_CARDIAC_MUSCLE_CONTRACTION_BY_REGULATION_OF_THE_RELEASE_OF_SEQUESTERED_CALCIUM_ION		20	0.27996206	0.86533767	0.6492537	0.966883	1.0	4274	tags=40%, list=28%, signal=56%	
HP_NEONATAL_ONSET	HP_NEONATAL_ONSET		445	0.1622337	0.8653354	0.87079406	0.96657	1.0	4371	tags=31%, list=29%, signal=42%	
HP_DIABETES_MELLITUS	HP_DIABETES_MELLITUS		298	0.16873509	0.8650843	0.83661973	0.9668634	1.0	4932	tags=33%, list=33%, signal=47%	
GOBP_ACROSOME_REACTION	GOBP_ACROSOME_REACTION		25	0.2605953	0.8649395	0.66061705	0.96689904	1.0	3298	tags=28%, list=22%, signal=36%	
GOBP_NEGATIVE_REGULATION_OF_BIOMINERAL_TISSUE_DEVELOPMENT	GOBP_NEGATIVE_REGULATION_OF_BIOMINERAL_TISSUE_DEVELOPMENT		22	0.27121475	0.8647429	0.64776635	0.9670781	1.0	3096	tags=23%, list=20%, signal=29%	
HP_APLASIA_HYPOPLASIA_OF_THE_TIBIA	HP_APLASIA_HYPOPLASIA_OF_THE_TIBIA		28	0.25558054	0.86464995	0.67826086	0.96699274	1.0	2988	tags=21%, list=20%, signal=27%	
GOMF_MYOSIN_BINDING	GOMF_MYOSIN_BINDING		62	0.21261893	0.8645177	0.6993356	0.96700245	1.0	2329	tags=19%, list=15%, signal=23%	
HP_INSULIN_RESISTANCE	HP_INSULIN_RESISTANCE		87	0.19958845	0.8642151	0.70679015	0.9674395	1.0	4825	tags=34%, list=32%, signal=50%	
GOMF_CARBOXY_LYASE_ACTIVITY	GOMF_CARBOXY_LYASE_ACTIVITY		30	0.24793108	0.8639621	0.6555944	0.9677327	1.0	4371	tags=40%, list=29%, signal=56%	
GOBP_REGULATION_OF_EXCITATORY_SYNAPSE_ASSEMBLY	GOBP_REGULATION_OF_EXCITATORY_SYNAPSE_ASSEMBLY		17	0.28824356	0.8637772	0.6527051	0.9678822	1.0	2058	tags=35%, list=14%, signal=41%	
HP_CONE_SHAPED_EPIPHYSIS	HP_CONE_SHAPED_EPIPHYSIS		72	0.20889334	0.8636194	0.69814503	0.9679497	1.0	5273	tags=40%, list=35%, signal=62%	
GOBP_NOREPINEPHRINE_TRANSPORT	GOBP_NOREPINEPHRINE_TRANSPORT		16	0.29191723	0.86344373	0.6666667	0.96805644	1.0	5027	tags=50%, list=33%, signal=75%	
HP_LIMITATION_OF_NECK_MOTION	HP_LIMITATION_OF_NECK_MOTION		30	0.24867107	0.8632416	0.66549915	0.96823645	1.0	5026	tags=47%, list=33%, signal=70%	
HP_PROGEROID_FACIAL_APPEARANCE	HP_PROGEROID_FACIAL_APPEARANCE		27	0.25933936	0.86318153	0.65523154	0.9680739	1.0	137	tags=7%, list=1%, signal=7%	
GOBP_REGULATION_OF_CELL_SUBSTRATE_ADHESION	GOBP_REGULATION_OF_CELL_SUBSTRATE_ADHESION		189	0.17638953	0.86281157	0.8030303	0.96869016	1.0	1374	tags=12%, list=9%, signal=13%	
HP_BONE_CYST	HP_BONE_CYST		19	0.28212845	0.86258596	0.63716817	0.96893424	1.0	4901	tags=42%, list=32%, signal=62%	
GOCC_COATED_VESICLE_MEMBRANE	GOCC_COATED_VESICLE_MEMBRANE		181	0.17679274	0.8625133	0.80509746	0.9688039	1.0	2321	tags=15%, list=15%, signal=17%	
GOBP_GRANULOCYTE_DIFFERENTIATION	GOBP_GRANULOCYTE_DIFFERENTIATION		30	0.24104491	0.86239296	0.6886447	0.9687937	1.0	5507	tags=47%, list=36%, signal=73%	
HP_FASTING_HYPOGLYCEMIA	HP_FASTING_HYPOGLYCEMIA		17	0.29171172	0.86223805	0.67247385	0.9688659	1.0	3507	tags=41%, list=23%, signal=54%	
GOBP_POSITIVE_REGULATION_OF_NITRIC_OXIDE_METABOLIC_PROCESS	GOBP_POSITIVE_REGULATION_OF_NITRIC_OXIDE_METABOLIC_PROCESS		30	0.25066262	0.8622193	0.6731107	0.96859986	1.0	4585	tags=40%, list=30%, signal=57%	
GOBP_AMYLOID_BETA_CLEARANCE	GOBP_AMYLOID_BETA_CLEARANCE		31	0.24758802	0.86152315	0.6816609	0.97000533	1.0	3515	tags=32%, list=23%, signal=42%	
GOBP_CELLULAR_RESPONSE_TO_GONADOTROPIN_STIMULUS	GOBP_CELLULAR_RESPONSE_TO_GONADOTROPIN_STIMULUS		15	0.29991677	0.8614985	0.6427256	0.96975213	1.0	4310	tags=40%, list=29%, signal=56%	
GOBP_MULTICELLULAR_ORGANISMAL_LEVEL_CHEMICAL_HOMEOSTASIS	GOBP_MULTICELLULAR_ORGANISMAL_LEVEL_CHEMICAL_HOMEOSTASIS		58	0.21444009	0.8614434	0.72066116	0.96956795	1.0	2514	tags=19%, list=17%, signal=23%	
GOBP_NEGATIVE_REGULATION_OF_DNA_BIOSYNTHETIC_PROCESS	GOBP_NEGATIVE_REGULATION_OF_DNA_BIOSYNTHETIC_PROCESS		27	0.2525756	0.8614062	0.66423357	0.9693448	1.0	1924	tags=19%, list=13%, signal=21%	
HP_SPLANCHNIC_VEIN_THROMBOSIS	HP_SPLANCHNIC_VEIN_THROMBOSIS		19	0.28221312	0.860999	0.6454545	0.97003955	1.0	701	tags=16%, list=5%, signal=17%	
GOBP_REGULATION_OF_MITOTIC_SPINDLE_ASSEMBLY	GOBP_REGULATION_OF_MITOTIC_SPINDLE_ASSEMBLY		22	0.26921397	0.8609854	0.679646	0.96975446	1.0	2620	tags=23%, list=17%, signal=27%	
GOBP_POSITIVE_REGULATION_OF_MYELOID_CELL_DIFFERENTIATION	GOBP_POSITIVE_REGULATION_OF_MYELOID_CELL_DIFFERENTIATION		80	0.2021116	0.86092055	0.74403816	0.9695997	1.0	3963	tags=31%, list=26%, signal=42%	
HP_LACRIMATION_ABNORMALITY	HP_LACRIMATION_ABNORMALITY		84	0.20349778	0.86081934	0.7516234	0.9695291	1.0	3987	tags=30%, list=26%, signal=40%	
GOBP_POSITIVE_REGULATION_OF_MUSCLE_HYPERTROPHY	GOBP_POSITIVE_REGULATION_OF_MUSCLE_HYPERTROPHY		26	0.2586067	0.8608021	0.6678508	0.9692537	1.0	4448	tags=38%, list=29%, signal=54%	
HP_ABSENT_TOE	HP_ABSENT_TOE		64	0.21092112	0.8607963	0.70146817	0.9689535	1.0	1514	tags=14%, list=10%, signal=16%	
HP_GENU_VARUM	HP_GENU_VARUM		54	0.22164506	0.86075854	0.707438	0.9687222	1.0	4226	tags=33%, list=28%, signal=46%	
GOBP_POSITIVE_REGULATION_OF_REACTIVE_OXYGEN_SPECIES_BIOSYNTHETIC_PROCESS	GOBP_POSITIVE_REGULATION_OF_REACTIVE_OXYGEN_SPECIES_BIOSYNTHETIC_PROCESS		16	0.29374868	0.86073846	0.6498195	0.9684636	1.0	2163	tags=25%, list=14%, signal=29%	
HP_SINUS_TACHYCARDIA	HP_SINUS_TACHYCARDIA		17	0.28365597	0.86070967	0.6267857	0.9682125	1.0	2285	tags=24%, list=15%, signal=28%	
HP_ABNORMAL_CIRCULATING_CREATININE_CONCENTRATION	HP_ABNORMAL_CIRCULATING_CREATININE_CONCENTRATION		49	0.22007845	0.86064374	0.70431894	0.9680628	1.0	1605	tags=12%, list=11%, signal=14%	
HP_APLASIA_HYPOPLASIA_OF_THE_THYROID_GLAND	HP_APLASIA_HYPOPLASIA_OF_THE_THYROID_GLAND		21	0.27215376	0.8605879	0.66548675	0.96788335	1.0	4836	tags=43%, list=32%, signal=63%	
HP_BREATHING_DYSREGULATION	HP_BREATHING_DYSREGULATION		15	0.3021791	0.8602697	0.6566901	0.9683449	1.0	1318	tags=20%, list=9%, signal=22%	
HP_DIFFICULTY_CLIMBING_STAIRS	HP_DIFFICULTY_CLIMBING_STAIRS		56	0.21897298	0.85996073	0.7381342	0.96880007	1.0	3791	tags=32%, list=25%, signal=43%	
GOMF_ALCOHOL_DEHYDROGENASE_NADPPLUS_ACTIVITY	GOMF_ALCOHOL_DEHYDROGENASE_NADPPLUS_ACTIVITY		23	0.27145267	0.85981804	0.67068964	0.96883416	1.0	5242	tags=48%, list=35%, signal=73%	
GOBP_EXOCYTOSIS	GOBP_EXOCYTOSIS		314	0.16659993	0.8592351	0.8575342	0.96991533	1.0	3436	tags=24%, list=23%, signal=31%	
GOBP_CELLULAR_RESPONSE_TO_HEAT	GOBP_CELLULAR_RESPONSE_TO_HEAT		58	0.2146816	0.8588947	0.7015177	0.970419	1.0	2465	tags=19%, list=16%, signal=23%	
HP_HYPERPARATHYROIDISM	HP_HYPERPARATHYROIDISM		23	0.26418883	0.85858804	0.6811092	0.970847	1.0	3166	tags=30%, list=21%, signal=38%	
GOBP_POSITIVE_T_CELL_SELECTION	GOBP_POSITIVE_T_CELL_SELECTION		33	0.23886131	0.85830307	0.71452993	0.9712313	1.0	3515	tags=33%, list=23%, signal=43%	
GOBP_MEMBRANE_DEPOLARIZATION_DURING_CARDIAC_MUSCLE_CELL_ACTION_POTENTIAL	GOBP_MEMBRANE_DEPOLARIZATION_DURING_CARDIAC_MUSCLE_CELL_ACTION_POTENTIAL		20	0.27252293	0.858083	0.6480447	0.9714552	1.0	2087	tags=25%, list=14%, signal=29%	
HP_OSTEOPETROSIS	HP_OSTEOPETROSIS		18	0.28481534	0.8578337	0.66786355	0.9717287	1.0	771	tags=17%, list=5%, signal=18%	
GOBP_CELLULAR_RESPONSE_TO_ABIOTIC_STIMULUS	GOBP_CELLULAR_RESPONSE_TO_ABIOTIC_STIMULUS		296	0.1657452	0.85726017	0.87552446	0.9727951	1.0	3032	tags=20%, list=20%, signal=24%	
GOBP_RESPONSE_TO_OXYGEN_RADICAL	GOBP_RESPONSE_TO_OXYGEN_RADICAL		23	0.26439032	0.85722566	0.6775956	0.9725724	1.0	2586	tags=26%, list=17%, signal=31%	
GOMF_MACROMOLECULAR_CONFORMATION_ISOMERASE_ACTIVITY	GOMF_MACROMOLECULAR_CONFORMATION_ISOMERASE_ACTIVITY		251	0.16987683	0.85679847	0.8223776	0.97329056	1.0	2924	tags=18%, list=19%, signal=22%	
GOMF_RECEPTOR_SERINE_THREONINE_KINASE_BINDING	GOMF_RECEPTOR_SERINE_THREONINE_KINASE_BINDING		25	0.26409772	0.85663086	0.6810036	0.973372	1.0	3426	tags=36%, list=23%, signal=46%	
GOCC_CLATHRIN_COATED_ENDOCYTIC_VESICLE	GOCC_CLATHRIN_COATED_ENDOCYTIC_VESICLE		75	0.203148	0.85637665	0.7294521	0.97366697	1.0	3626	tags=28%, list=24%, signal=37%	
GOBP_PYRUVATE_METABOLIC_PROCESS	GOBP_PYRUVATE_METABOLIC_PROCESS		109	0.1886115	0.85618764	0.7705696	0.97378796	1.0	4259	tags=36%, list=28%, signal=49%	
GOMF_FLIPPASE_ACTIVITY	GOMF_FLIPPASE_ACTIVITY		15	0.29176548	0.85599434	0.66064984	0.97394603	1.0	4791	tags=47%, list=32%, signal=68%	
GOMF_CYSTEINE_TYPE_PEPTIDASE_ACTIVITY	GOMF_CYSTEINE_TYPE_PEPTIDASE_ACTIVITY		172	0.17580798	0.8556757	0.8146552	0.97438323	1.0	3023	tags=19%, list=20%, signal=23%	
HP_ABNORMALITY_OF_THE_COSTOCHONDRAL_JUNCTION	HP_ABNORMALITY_OF_THE_COSTOCHONDRAL_JUNCTION		17	0.28904504	0.85562885	0.6451049	0.9741843	1.0	3443	tags=35%, list=23%, signal=46%	
GOBP_POSITIVE_REGULATION_OF_CANONICAL_NF_KAPPAB_SIGNAL_TRANSDUCTION	GOBP_POSITIVE_REGULATION_OF_CANONICAL_NF_KAPPAB_SIGNAL_TRANSDUCTION		189	0.17497782	0.85527855	0.8238806	0.9746977	1.0	2699	tags=17%, list=18%, signal=21%	
HP_ABNORMALITY_OF_PRIMARY_TEETH	HP_ABNORMALITY_OF_PRIMARY_TEETH		74	0.20337333	0.8551486	0.7535771	0.9746958	1.0	2283	tags=19%, list=15%, signal=22%	
HP_ABNORMALITY_OF_THE_SHOULDER_GIRDLE_MUSCULATURE	HP_ABNORMALITY_OF_THE_SHOULDER_GIRDLE_MUSCULATURE		126	0.18404114	0.8550063	0.80537975	0.9747338	1.0	2363	tags=17%, list=16%, signal=20%	
HP_FLARED_ILIAC_WING	HP_FLARED_ILIAC_WING		20	0.27102464	0.8549871	0.67375886	0.9744605	1.0	2143	tags=20%, list=14%, signal=23%	
HP_DECREASED_CIRCULATING_IMMUNOGLOBULIN_CONCENTRATION	HP_DECREASED_CIRCULATING_IMMUNOGLOBULIN_CONCENTRATION		187	0.17537814	0.85452515	0.80910426	0.9752652	1.0	2981	tags=19%, list=20%, signal=23%	
HP_ABNORMALITY_OF_THE_WRIST	HP_ABNORMALITY_OF_THE_WRIST		150	0.17976779	0.8545017	0.80465114	0.9750037	1.0	4324	tags=30%, list=29%, signal=42%	
GOBP_CHONDROCYTE_PROLIFERATION	GOBP_CHONDROCYTE_PROLIFERATION		24	0.2581621	0.8544802	0.67636365	0.9747454	1.0	2261	tags=21%, list=15%, signal=24%	
GOMF_PHOSPHOTYROSINE_RESIDUE_BINDING	GOMF_PHOSPHOTYROSINE_RESIDUE_BINDING		40	0.22815229	0.8544734	0.7235387	0.97444755	1.0	3127	tags=30%, list=21%, signal=38%	
HP_ATROPHIC_SCARS	HP_ATROPHIC_SCARS		35	0.23716213	0.85424644	0.70154375	0.9746659	1.0	3845	tags=29%, list=25%, signal=38%	
GOBP_RHYTHMIC_BEHAVIOR	GOBP_RHYTHMIC_BEHAVIOR		39	0.23230807	0.8542143	0.7003425	0.97443205	1.0	4431	tags=44%, list=29%, signal=62%	
GOBP_RESPONSE_TO_MUSCLE_STRETCH	GOBP_RESPONSE_TO_MUSCLE_STRETCH		20	0.2769308	0.8539987	0.6683673	0.9746279	1.0	5655	tags=50%, list=37%, signal=80%	
HP_ABNORMAL_QT_INTERVAL	HP_ABNORMAL_QT_INTERVAL		48	0.21834606	0.8539944	0.72202796	0.9743257	1.0	2754	tags=21%, list=18%, signal=25%	
GOBP_PROTEOGLYCAN_BIOSYNTHETIC_PROCESS	GOBP_PROTEOGLYCAN_BIOSYNTHETIC_PROCESS		72	0.20399135	0.8531566	0.74636513	0.97602254	1.0	2424	tags=18%, list=16%, signal=21%	
GOBP_PLACENTA_BLOOD_VESSEL_DEVELOPMENT	GOBP_PLACENTA_BLOOD_VESSEL_DEVELOPMENT		29	0.24858819	0.85294604	0.6822917	0.9761999	1.0	2613	tags=24%, list=17%, signal=29%	
GOBP_REGULATION_OF_NON_CANONICAL_WNT_SIGNALING_PATHWAY	GOBP_REGULATION_OF_NON_CANONICAL_WNT_SIGNALING_PATHWAY		25	0.2567568	0.8528751	0.67863554	0.97605264	1.0	4582	tags=44%, list=30%, signal=63%	
GOBP_NEGATIVE_REGULATION_OF_KINASE_ACTIVITY	GOBP_NEGATIVE_REGULATION_OF_KINASE_ACTIVITY		71	0.20443423	0.85285324	0.7466443	0.9757835	1.0	424	tags=8%, list=3%, signal=9%	
GOBP_MYOBLAST_DIFFERENTIATION	GOBP_MYOBLAST_DIFFERENTIATION		91	0.19422251	0.8527094	0.7758347	0.97581005	1.0	3570	tags=27%, list=24%, signal=36%	
HP_HEMIPARESIS	HP_HEMIPARESIS		79	0.19975813	0.85245085	0.7406807	0.9761057	1.0	1758	tags=15%, list=12%, signal=17%	
HP_UPPER_EXTREMITY_JOINT_DISLOCATION	HP_UPPER_EXTREMITY_JOINT_DISLOCATION		76	0.20307066	0.8524219	0.7238562	0.9758601	1.0	1673	tags=13%, list=11%, signal=15%	
GOBP_INFLAMMATORY_RESPONSE_TO_WOUNDING	GOBP_INFLAMMATORY_RESPONSE_TO_WOUNDING		20	0.2800071	0.8522305	0.7001733	0.9760111	1.0	4576	tags=35%, list=30%, signal=50%	
GOCC_ENDOPLASMIC_RETICULUM_GOLGI_INTERMEDIATE_COMPARTMENT_MEMBRANE	GOCC_ENDOPLASMIC_RETICULUM_GOLGI_INTERMEDIATE_COMPARTMENT_MEMBRANE		75	0.20394501	0.8522211	0.7216667	0.97571975	1.0	1552	tags=15%, list=10%, signal=16%	
HP_INCREASED_MUSCLE_LIPID_CONTENT	HP_INCREASED_MUSCLE_LIPID_CONTENT		32	0.24349478	0.85206985	0.6797153	0.97577375	1.0	3845	tags=34%, list=25%, signal=46%	
GOBP_STRIATED_MUSCLE_CELL_DIFFERENTIATION	GOBP_STRIATED_MUSCLE_CELL_DIFFERENTIATION		251	0.1685299	0.85205525	0.86618704	0.975493	1.0	2691	tags=18%, list=18%, signal=22%	
GOMF_POLYUBIQUITIN_MODIFICATION_DEPENDENT_PROTEIN_BINDING	GOMF_POLYUBIQUITIN_MODIFICATION_DEPENDENT_PROTEIN_BINDING		54	0.21746783	0.85160583	0.71965814	0.9762467	1.0	1142	tags=11%, list=8%, signal=12%	
GOBP_NEGATIVE_REGULATION_OF_NEURON_APOPTOTIC_PROCESS	GOBP_NEGATIVE_REGULATION_OF_NEURON_APOPTOTIC_PROCESS		154	0.17996728	0.85143334	0.78739005	0.97633624	1.0	1961	tags=16%, list=13%, signal=18%	
GOBP_EPITHELIAL_CELL_MATURATION	GOBP_EPITHELIAL_CELL_MATURATION		23	0.26198703	0.8510935	0.6861702	0.97681487	1.0	2570	tags=30%, list=17%, signal=37%	
HP_SPARSE_OR_ABSENT_EYELASHES	HP_SPARSE_OR_ABSENT_EYELASHES		81	0.20126152	0.85107225	0.7468944	0.9765521	1.0	4641	tags=37%, list=31%, signal=53%	
HP_PIGMENTARY_RETINOPATHY	HP_PIGMENTARY_RETINOPATHY		182	0.17386942	0.85097337	0.81791484	0.97646296	1.0	3452	tags=23%, list=23%, signal=30%	
HP_ULNAR_BOWING	HP_ULNAR_BOWING		19	0.2777224	0.85088205	0.6888112	0.97636515	1.0	5297	tags=58%, list=35%, signal=89%	
GOBP_REACTIVE_NITROGEN_SPECIES_METABOLIC_PROCESS	GOBP_REACTIVE_NITROGEN_SPECIES_METABOLIC_PROCESS		68	0.20395434	0.85087895	0.7234375	0.9760598	1.0	3878	tags=29%, list=26%, signal=39%	
HP_ABNORMAL_LEUKOCYTE_COUNT	HP_ABNORMAL_LEUKOCYTE_COUNT		420	0.15997835	0.85074687	0.9	0.97604775	1.0	2981	tags=19%, list=20%, signal=23%	
HP_ABNORMAL_CIRCULATING_ESTROGEN_LEVEL	HP_ABNORMAL_CIRCULATING_ESTROGEN_LEVEL		48	0.21919747	0.8503411	0.7363184	0.976671	1.0	3260	tags=29%, list=22%, signal=37%	
GOBP_REGULATION_OF_SIGNALING_RECEPTOR_ACTIVITY	GOBP_REGULATION_OF_SIGNALING_RECEPTOR_ACTIVITY		33	0.23567688	0.850138	0.6827586	0.97682965	1.0	2225	tags=21%, list=15%, signal=25%	
GOBP_MYOTUBE_DIFFERENTIATION	GOBP_MYOTUBE_DIFFERENTIATION		106	0.19029087	0.84993047	0.78193146	0.97701305	1.0	2691	tags=21%, list=18%, signal=25%	
GOCC_MITOCHONDRIAL_MATRIX	GOCC_MITOCHONDRIAL_MATRIX		478	0.1575119	0.8498416	0.9285714	0.9769126	1.0	5358	tags=34%, list=35%, signal=51%	
GOBP_POSITIVE_REGULATION_OF_LYMPHOCYTE_DIFFERENTIATION	GOBP_POSITIVE_REGULATION_OF_LYMPHOCYTE_DIFFERENTIATION		106	0.19008859	0.8494785	0.7543307	0.9774409	1.0	3649	tags=27%, list=24%, signal=36%	
GOBP_LENS_MORPHOGENESIS_IN_CAMERA_TYPE_EYE	GOBP_LENS_MORPHOGENESIS_IN_CAMERA_TYPE_EYE		17	0.28264728	0.8493647	0.659612	0.9774068	1.0	2505	tags=29%, list=17%, signal=35%	
GOBP_REGULATION_OF_FATTY_ACID_METABOLIC_PROCESS	GOBP_REGULATION_OF_FATTY_ACID_METABOLIC_PROCESS		75	0.20029226	0.84843254	0.74590164	0.97929287	1.0	3521	tags=24%, list=23%, signal=31%	
HP_COLITIS	HP_COLITIS		72	0.20286685	0.8484315	0.7417763	0.97898126	1.0	3625	tags=29%, list=24%, signal=38%	
GOBP_POSITIVE_REGULATION_OF_STRIATED_MUSCLE_CELL_DIFFERENTIATION	GOBP_POSITIVE_REGULATION_OF_STRIATED_MUSCLE_CELL_DIFFERENTIATION		30	0.24722229	0.84826016	0.72711265	0.97907203	1.0	3203	tags=27%, list=21%, signal=34%	
GOBP_REGULATION_OF_PEPTIDE_TRANSPORT	GOBP_REGULATION_OF_PEPTIDE_TRANSPORT		171	0.17654234	0.84810627	0.79739505	0.9791089	1.0	4310	tags=32%, list=29%, signal=44%	
GOBP_NEGATIVE_REGULATION_OF_RESPONSE_TO_WOUNDING	GOBP_NEGATIVE_REGULATION_OF_RESPONSE_TO_WOUNDING		71	0.20085618	0.84760094	0.7626016	0.97995937	1.0	3488	tags=23%, list=23%, signal=29%	
GOBP_NEURON_RECOGNITION	GOBP_NEURON_RECOGNITION		47	0.22165945	0.84747916	0.72959185	0.97992307	1.0	2223	tags=19%, list=15%, signal=22%	
HP_THYROIDITIS	HP_THYROIDITIS		40	0.22910108	0.8474735	0.69453925	0.9796236	1.0	5100	tags=45%, list=34%, signal=68%	
GOMF_5_3_EXONUCLEASE_ACTIVITY	GOMF_5_3_EXONUCLEASE_ACTIVITY		18	0.28004557	0.8471509	0.6838366	0.9800629	1.0	5752	tags=61%, list=38%, signal=99%	
GOMF_INTRAMOLECULAR_OXIDOREDUCTASE_ACTIVITY	GOMF_INTRAMOLECULAR_OXIDOREDUCTASE_ACTIVITY		48	0.2196849	0.84692466	0.72425246	0.98027444	1.0	4194	tags=31%, list=28%, signal=43%	
HP_RECURRENT_URINARY_TRACT_INFECTIONS	HP_RECURRENT_URINARY_TRACT_INFECTIONS		140	0.18166092	0.8468658	0.7816265	0.9800967	1.0	4339	tags=28%, list=29%, signal=39%	
GOBP_REGULATION_OF_CELL_CELL_ADHESION_MEDIATED_BY_CADHERIN	GOBP_REGULATION_OF_CELL_CELL_ADHESION_MEDIATED_BY_CADHERIN		20	0.26774743	0.8468118	0.6702509	0.97990924	1.0	3329	tags=35%, list=22%, signal=45%	
HP_FATIGUABLE_WEAKNESS_OF_PROXIMAL_LIMB_MUSCLES	HP_FATIGUABLE_WEAKNESS_OF_PROXIMAL_LIMB_MUSCLES		17	0.27795357	0.84668577	0.684492	0.97989	1.0	4641	tags=59%, list=31%, signal=85%	
GOMF_DIACYLGLYCEROL_DEPENDENT_SERINE_THREONINE_KINASE_ACTIVITY	GOMF_DIACYLGLYCEROL_DEPENDENT_SERINE_THREONINE_KINASE_ACTIVITY		18	0.28003347	0.846645	0.6533575	0.9796706	1.0	424	tags=11%, list=3%, signal=11%	
HP_MITRAL_STENOSIS	HP_MITRAL_STENOSIS		24	0.2593891	0.8465324	0.6877133	0.97961485	1.0	3599	tags=33%, list=24%, signal=44%	
GOBP_MEMBRANE_DEPOLARIZATION_DURING_ACTION_POTENTIAL	GOBP_MEMBRANE_DEPOLARIZATION_DURING_ACTION_POTENTIAL		25	0.25371334	0.84636694	0.7185185	0.97968656	1.0	2087	tags=24%, list=14%, signal=28%	
GOBP_POSITIVE_REGULATION_OF_EXECUTION_PHASE_OF_APOPTOSIS	GOBP_POSITIVE_REGULATION_OF_EXECUTION_PHASE_OF_APOPTOSIS		17	0.2831154	0.8462292	0.6930147	0.9796891	1.0	4378	tags=41%, list=29%, signal=58%	
HP_DIFFUSE_CEREBRAL_ATROPHY	HP_DIFFUSE_CEREBRAL_ATROPHY		48	0.21754509	0.8460049	0.75503355	0.9799054	1.0	1419	tags=15%, list=9%, signal=16%	
HP_HYPOPLASTIC_FEMALE_EXTERNAL_GENITALIA	HP_HYPOPLASTIC_FEMALE_EXTERNAL_GENITALIA		58	0.21209377	0.84589493	0.7246622	0.9798524	1.0	2835	tags=22%, list=19%, signal=27%	
HP_HYPOGONADISM	HP_HYPOGONADISM		293	0.1652349	0.8458523	0.86750346	0.97963905	1.0	3257	tags=20%, list=22%, signal=26%	
HP_REDUNDANT_SKIN	HP_REDUNDANT_SKIN		86	0.1954012	0.8456467	0.7604502	0.97980505	1.0	4641	tags=37%, list=31%, signal=53%	
HP_IMPAIRED_TEMPERATURE_SENSATION	HP_IMPAIRED_TEMPERATURE_SENSATION		28	0.25517458	0.8453533	0.6909722	0.9801687	1.0	3540	tags=32%, list=23%, signal=42%	
HP_CEREBRAL_INFARCT	HP_CEREBRAL_INFARCT		29	0.24708462	0.8451075	0.72758037	0.98042166	1.0	1233	tags=14%, list=8%, signal=15%	
GOBP_EPHRIN_RECEPTOR_SIGNALING_PATHWAY	GOBP_EPHRIN_RECEPTOR_SIGNALING_PATHWAY		48	0.21614297	0.8450796	0.72333336	0.9801793	1.0	3954	tags=35%, list=26%, signal=48%	
HP_HYPOPARATHYROIDISM	HP_HYPOPARATHYROIDISM		37	0.23233458	0.84502333	0.71282053	0.97999865	1.0	1468	tags=16%, list=10%, signal=18%	
GOCC_SAGA_COMPLEX	GOCC_SAGA_COMPLEX		24	0.2615293	0.84498894	0.66168225	0.9797666	1.0	1861	tags=17%, list=12%, signal=19%	
GOBP_RESPONSE_TO_ESTROGEN	GOBP_RESPONSE_TO_ESTROGEN		52	0.21743083	0.8449507	0.73031825	0.97953975	1.0	2431	tags=19%, list=16%, signal=23%	
GOBP_CARDIAC_MUSCLE_CELL_CONTRACTION	GOBP_CARDIAC_MUSCLE_CELL_CONTRACTION		67	0.20798631	0.8449026	0.76599324	0.9793387	1.0	2302	tags=21%, list=15%, signal=25%	
HP_ABNORMAL_BLOOD_TRANSITION_ELEMENT_CATION_CONCENTRATION	HP_ABNORMAL_BLOOD_TRANSITION_ELEMENT_CATION_CONCENTRATION		40	0.22743224	0.8447198	0.72525597	0.979423	1.0	2890	tags=28%, list=19%, signal=34%	
GOBP_REGULATION_OF_SYNAPTIC_VESICLE_ENDOCYTOSIS	GOBP_REGULATION_OF_SYNAPTIC_VESICLE_ENDOCYTOSIS		21	0.26393604	0.8441896	0.6909414	0.98034155	1.0	3570	tags=33%, list=24%, signal=44%	
GOMF_ISOMERASE_ACTIVITY	GOMF_ISOMERASE_ACTIVITY		387	0.16039732	0.844051	0.9138889	0.9803438	1.0	1945	tags=13%, list=13%, signal=15%	
GOMF_AMINO_ACID_MONOATOMIC_CATION_SYMPORTER_ACTIVITY	GOMF_AMINO_ACID_MONOATOMIC_CATION_SYMPORTER_ACTIVITY		23	0.25961018	0.84401554	0.66961133	0.9801082	1.0	3652	tags=35%, list=24%, signal=46%	
HP_INCREASED_LDL_CHOLESTEROL_CONCENTRATION	HP_INCREASED_LDL_CHOLESTEROL_CONCENTRATION		20	0.2731951	0.84400624	0.68694097	0.9798184	1.0	2462	tags=25%, list=16%, signal=30%	
GOBP_HOMOLOGOUS_RECOMBINATION	GOBP_HOMOLOGOUS_RECOMBINATION		54	0.21535815	0.84375674	0.72347826	0.9800702	1.0	5273	tags=37%, list=35%, signal=57%	
HP_ABDOMINAL_DISTENTION	HP_ABDOMINAL_DISTENTION		144	0.18143205	0.8436938	0.80451125	0.97990304	1.0	3295	tags=24%, list=22%, signal=30%	
GOBP_O_GLYCAN_PROCESSING	GOBP_O_GLYCAN_PROCESSING		32	0.240946	0.84357744	0.7155172	0.97986084	1.0	4081	tags=31%, list=27%, signal=43%	
HP_ANGINA_PECTORIS	HP_ANGINA_PECTORIS		24	0.26221943	0.84357697	0.6891652	0.97955173	1.0	2338	tags=21%, list=15%, signal=25%	
HP_DYSGRAPHIA	HP_DYSGRAPHIA		40	0.22830948	0.8435755	0.71504426	0.9792469	1.0	4629	tags=43%, list=31%, signal=61%	
GOBP_KINETOCHORE_ORGANIZATION	GOBP_KINETOCHORE_ORGANIZATION		20	0.27055323	0.8435341	0.70035464	0.9790392	1.0	5381	tags=50%, list=36%, signal=78%	
GOBP_REGULATION_OF_PROTEIN_MATURATION	GOBP_REGULATION_OF_PROTEIN_MATURATION		45	0.22455834	0.8434004	0.71672356	0.97904724	1.0	4321	tags=36%, list=29%, signal=50%	
HP_ABNORMAL_VISUAL_ELECTROPHYSIOLOGY	HP_ABNORMAL_VISUAL_ELECTROPHYSIOLOGY		238	0.16762434	0.8427153	0.8674033	0.9802735	1.0	2488	tags=16%, list=16%, signal=19%	
GOBP_MULTICELLULAR_ORGANISMAL_LEVEL_IRON_ION_HOMEOSTASIS	GOBP_MULTICELLULAR_ORGANISMAL_LEVEL_IRON_ION_HOMEOSTASIS		20	0.26746738	0.8424709	0.67712176	0.98052794	1.0	2284	tags=20%, list=15%, signal=24%	
HP_APLASIA_HYPOPLASIA_OF_THE_HALLUX	HP_APLASIA_HYPOPLASIA_OF_THE_HALLUX		36	0.23164283	0.8424374	0.7152	0.9802886	1.0	1514	tags=14%, list=10%, signal=15%	
GOBP_REGULATION_OF_CENTROSOME_DUPLICATION	GOBP_REGULATION_OF_CENTROSOME_DUPLICATION		49	0.21522357	0.84229535	0.7504105	0.98030436	1.0	2282	tags=18%, list=15%, signal=22%	
GOBP_NEGATIVE_REGULATION_OF_MUSCLE_CELL_APOPTOTIC_PROCESS	GOBP_NEGATIVE_REGULATION_OF_MUSCLE_CELL_APOPTOTIC_PROCESS		40	0.2296908	0.84215015	0.7181529	0.9803321	1.0	5941	tags=55%, list=39%, signal=90%	
HP_HYPOPLASIA_OF_THE_THYMUS	HP_HYPOPLASIA_OF_THE_THYMUS		32	0.2398804	0.8415019	0.7154471	0.98146653	1.0	1876	tags=19%, list=12%, signal=21%	
GOBP_OOCYTE_DIFFERENTIATION	GOBP_OOCYTE_DIFFERENTIATION		55	0.21243788	0.84148675	0.7381757	0.9811906	1.0	4789	tags=42%, list=32%, signal=61%	
HP_TALIPES_EQUINOVARUS	HP_TALIPES_EQUINOVARUS		359	0.16061938	0.8414422	0.9175824	0.9809867	1.0	3167	tags=20%, list=21%, signal=25%	
HP_PAROXYSMAL_VENTRICULAR_TACHYCARDIA	HP_PAROXYSMAL_VENTRICULAR_TACHYCARDIA		24	0.25968108	0.8414102	0.71978986	0.9807508	1.0	2979	tags=33%, list=20%, signal=41%	
GOBP_MORPHOGENESIS_OF_A_BRANCHING_STRUCTURE	GOBP_MORPHOGENESIS_OF_A_BRANCHING_STRUCTURE		190	0.17244619	0.84100646	0.8340807	0.98129576	1.0	3405	tags=24%, list=23%, signal=30%	
HP_ABNORMALITY_OF_THE_CURVATURE_OF_THE_CORNEA	HP_ABNORMALITY_OF_THE_CURVATURE_OF_THE_CORNEA		296	0.16285793	0.840569	0.88022286	0.98193914	1.0	2634	tags=17%, list=17%, signal=20%	
GOBP_MYELOID_LEUKOCYTE_DIFFERENTIATION	GOBP_MYELOID_LEUKOCYTE_DIFFERENTIATION		192	0.17202361	0.8405637	0.8340741	0.9816431	1.0	3198	tags=23%, list=21%, signal=29%	
GOBP_RIBOSE_PHOSPHATE_BIOSYNTHETIC_PROCESS	GOBP_RIBOSE_PHOSPHATE_BIOSYNTHETIC_PROCESS		158	0.17866188	0.84055424	0.8228228	0.98135906	1.0	2480	tags=18%, list=16%, signal=21%	
GOMF_VOLTAGE_GATED_POTASSIUM_CHANNEL_ACTIVITY	GOMF_VOLTAGE_GATED_POTASSIUM_CHANNEL_ACTIVITY		80	0.19910426	0.8403776	0.76996803	0.9814495	1.0	3246	tags=28%, list=21%, signal=35%	
GOBP_STEM_CELL_PROLIFERATION	GOBP_STEM_CELL_PROLIFERATION		98	0.19144768	0.83999926	0.7953488	0.9819848	1.0	2639	tags=21%, list=17%, signal=26%	
GOBP_FOAM_CELL_DIFFERENTIATION	GOBP_FOAM_CELL_DIFFERENTIATION		29	0.2480026	0.83991665	0.7016949	0.9818663	1.0	1376	tags=14%, list=9%, signal=15%	
GOBP_GOLGI_TO_PLASMA_MEMBRANE_TRANSPORT	GOBP_GOLGI_TO_PLASMA_MEMBRANE_TRANSPORT		60	0.20403634	0.8398986	0.7482759	0.98160154	1.0	4699	tags=38%, list=31%, signal=55%	
GOMF_INTRACELLULARLY_LIGAND_GATED_MONOATOMIC_ION_CHANNEL_ACTIVITY	GOMF_INTRACELLULARLY_LIGAND_GATED_MONOATOMIC_ION_CHANNEL_ACTIVITY		23	0.25607616	0.8397073	0.68108106	0.9816984	1.0	4418	tags=48%, list=29%, signal=67%	
GOBP_MYELOID_LEUKOCYTE_MEDIATED_IMMUNITY	GOBP_MYELOID_LEUKOCYTE_MEDIATED_IMMUNITY		85	0.19482821	0.83970666	0.7781155	0.98139125	1.0	3653	tags=28%, list=24%, signal=37%	
GOBP_MUSCLE_CELL_DEVELOPMENT	GOBP_MUSCLE_CELL_DEVELOPMENT		166	0.17406027	0.83969045	0.8481203	0.98111886	1.0	3944	tags=28%, list=26%, signal=38%	
HP_ABNORMALITY_OF_THE_AMNIOTIC_FLUID	HP_ABNORMALITY_OF_THE_AMNIOTIC_FLUID		426	0.158405	0.83960533	0.93669254	0.9810113	1.0	2369	tags=15%, list=16%, signal=17%	
GOBP_DETECTION_OF_STIMULUS_INVOLVED_IN_SENSORY_PERCEPTION	GOBP_DETECTION_OF_STIMULUS_INVOLVED_IN_SENSORY_PERCEPTION		96	0.19188145	0.83958995	0.7754777	0.98073804	1.0	4167	tags=34%, list=28%, signal=47%	
GOBP_MYELOID_LEUKOCYTE_CYTOKINE_PRODUCTION	GOBP_MYELOID_LEUKOCYTE_CYTOKINE_PRODUCTION		45	0.22312875	0.83927494	0.7363946	0.98115236	1.0	3608	tags=31%, list=24%, signal=41%	
GOBP_ANGIOGENESIS_INVOLVED_IN_WOUND_HEALING	GOBP_ANGIOGENESIS_INVOLVED_IN_WOUND_HEALING		24	0.2541607	0.83921385	0.70637584	0.98098063	1.0	951	tags=17%, list=6%, signal=18%	
HP_X_LINKED_DOMINANT_INHERITANCE	HP_X_LINKED_DOMINANT_INHERITANCE		57	0.20736209	0.838836	0.74176776	0.98151624	1.0	2470	tags=18%, list=16%, signal=21%	
GOMF_WW_DOMAIN_BINDING	GOMF_WW_DOMAIN_BINDING		21	0.26209202	0.83868027	0.70255476	0.981552	1.0	1876	tags=19%, list=12%, signal=22%	
HP_TYPE_A_BRACHYDACTYLY	HP_TYPE_A_BRACHYDACTYLY		23	0.2548514	0.8386462	0.69244605	0.98131734	1.0	2038	tags=22%, list=13%, signal=25%	
HP_ABNORMALITY_OF_FACIAL_SOFT_TISSUE	HP_ABNORMALITY_OF_FACIAL_SOFT_TISSUE		423	0.15720683	0.83838004	0.92338175	0.9815902	1.0	3997	tags=26%, list=26%, signal=35%	
HP_COGNITIVE_DISTORTION	HP_COGNITIVE_DISTORTION		29	0.2416033	0.83824	0.7010135	0.9816075	1.0	3697	tags=34%, list=24%, signal=46%	
HP_ABNORMAL_CARPAL_MORPHOLOGY	HP_ABNORMAL_CARPAL_MORPHOLOGY		84	0.1952676	0.83745146	0.79641694	0.98303205	1.0	2921	tags=20%, list=19%, signal=25%	
GOBP_EMBRYONIC_HEART_TUBE_MORPHOGENESIS	GOBP_EMBRYONIC_HEART_TUBE_MORPHOGENESIS		58	0.20468417	0.83737063	0.75415283	0.9828977	1.0	943	tags=10%, list=6%, signal=11%	
HP_ABNORMAL_RIB_MORPHOLOGY	HP_ABNORMAL_RIB_MORPHOLOGY		300	0.16324936	0.8372261	0.897541	0.9829016	1.0	4822	tags=33%, list=32%, signal=48%	
HP_PROPORTIONATE_SHORT_STATURE	HP_PROPORTIONATE_SHORT_STATURE		137	0.17829165	0.83681715	0.8233487	0.9835112	1.0	1937	tags=15%, list=13%, signal=17%	
HP_RETINAL_VASCULAR_TORTUOSITY	HP_RETINAL_VASCULAR_TORTUOSITY		51	0.218722	0.8364651	0.71923745	0.9839641	1.0	2680	tags=20%, list=18%, signal=24%	
HP_GASTROINTESTINAL_ULCER	HP_GASTROINTESTINAL_ULCER		41	0.22708386	0.83599263	0.71138847	0.9847039	1.0	3410	tags=32%, list=23%, signal=41%	
GOBP_SPERM_CAPACITATION	GOBP_SPERM_CAPACITATION		21	0.2568842	0.83587515	0.7095652	0.9846585	1.0	3330	tags=29%, list=22%, signal=37%	
HP_ABNORMAL_URETER_MORPHOLOGY	HP_ABNORMAL_URETER_MORPHOLOGY		138	0.1806044	0.8358158	0.8236196	0.9844717	1.0	4345	tags=28%, list=29%, signal=39%	
GOMF_DYNEIN_COMPLEX_BINDING	GOMF_DYNEIN_COMPLEX_BINDING		21	0.26959944	0.83547723	0.7214533	0.98492706	1.0	1889	tags=19%, list=13%, signal=22%	
HP_ABNORMAL_RIGHT_VENTRICLE_MORPHOLOGY	HP_ABNORMAL_RIGHT_VENTRICLE_MORPHOLOGY		62	0.20599307	0.8353916	0.7634783	0.9848082	1.0	3242	tags=23%, list=21%, signal=29%	
GOBP_REGULATION_OF_LEUKOCYTE_DIFFERENTIATION	GOBP_REGULATION_OF_LEUKOCYTE_DIFFERENTIATION		248	0.16642012	0.8351471	0.87711865	0.98503345	1.0	3375	tags=24%, list=22%, signal=30%	
HP_SHORT_COLUMELLA	HP_SHORT_COLUMELLA		28	0.24772184	0.83453333	0.7055655	0.9860509	1.0	1213	tags=11%, list=8%, signal=12%	
GOBP_EMBRYO_IMPLANTATION	GOBP_EMBRYO_IMPLANTATION		56	0.21287414	0.8344786	0.7809365	0.98586875	1.0	2747	tags=20%, list=18%, signal=24%	
GOBP_PROTEIN_COMPLEX_OLIGOMERIZATION	GOBP_PROTEIN_COMPLEX_OLIGOMERIZATION		236	0.16790032	0.834429	0.8779762	0.98566306	1.0	4113	tags=29%, list=27%, signal=40%	
HP_SUBCUTANEOUS_HEMORRHAGE	HP_SUBCUTANEOUS_HEMORRHAGE		211	0.17020036	0.83383137	0.8825301	0.9866324	1.0	4378	tags=30%, list=29%, signal=41%	
GOBP_COLUMNAR_CUBOIDAL_EPITHELIAL_CELL_DIFFERENTIATION	GOBP_COLUMNAR_CUBOIDAL_EPITHELIAL_CELL_DIFFERENTIATION		98	0.18942381	0.83345896	0.794702	0.9871321	1.0	3875	tags=32%, list=26%, signal=42%	
GOBP_ACTIN_FILAMENT_POLYMERIZATION	GOBP_ACTIN_FILAMENT_POLYMERIZATION		140	0.17838044	0.8334159	0.837963	0.98692435	1.0	1797	tags=14%, list=12%, signal=15%	
HP_CHORIORETINAL_ATROPHY	HP_CHORIORETINAL_ATROPHY		35	0.23065737	0.83330286	0.73377705	0.9868531	1.0	2726	tags=23%, list=18%, signal=28%	
GOBP_NEGATIVE_REGULATION_OF_CANONICAL_NF_KAPPAB_SIGNAL_TRANSDUCTION	GOBP_NEGATIVE_REGULATION_OF_CANONICAL_NF_KAPPAB_SIGNAL_TRANSDUCTION		63	0.2072349	0.83325243	0.755832	0.98665965	1.0	2822	tags=21%, list=19%, signal=25%	
GOBP_REGULATION_OF_EXTRINSIC_APOPTOTIC_SIGNALING_PATHWAY	GOBP_REGULATION_OF_EXTRINSIC_APOPTOTIC_SIGNALING_PATHWAY		134	0.18004823	0.8330776	0.8231612	0.98672825	1.0	3911	tags=28%, list=26%, signal=37%	
GOBP_POSITIVE_REGULATION_OF_EPITHELIAL_TO_MESENCHYMAL_TRANSITION	GOBP_POSITIVE_REGULATION_OF_EPITHELIAL_TO_MESENCHYMAL_TRANSITION		49	0.21905038	0.83303624	0.75382006	0.9865163	1.0	3307	tags=27%, list=22%, signal=34%	
HP_METHYLMALONIC_ACIDEMIA	HP_METHYLMALONIC_ACIDEMIA		15	0.2868306	0.83294356	0.6789916	0.9864112	1.0	4938	tags=47%, list=33%, signal=69%	
HP_BRADYKINESIA	HP_BRADYKINESIA		97	0.18796788	0.8327789	0.8144499	0.986481	1.0	3932	tags=33%, list=26%, signal=44%	
GOBP_REGULATION_OF_RECEPTOR_MEDIATED_ENDOCYTOSIS	GOBP_REGULATION_OF_RECEPTOR_MEDIATED_ENDOCYTOSIS		99	0.18700367	0.8326007	0.8096724	0.98655367	1.0	2791	tags=21%, list=18%, signal=26%	
GOBP_REGULATION_OF_COMPLEMENT_ACTIVATION	GOBP_REGULATION_OF_COMPLEMENT_ACTIVATION		15	0.2916947	0.83235925	0.7030075	0.98676467	1.0	8	tags=7%, list=0%, signal=7%	
GOBP_ESTABLISHMENT_OF_PROTEIN_LOCALIZATION_TO_PLASMA_MEMBRANE	GOBP_ESTABLISHMENT_OF_PROTEIN_LOCALIZATION_TO_PLASMA_MEMBRANE		62	0.19959949	0.83227533	0.76986754	0.986641	1.0	5061	tags=44%, list=33%, signal=65%	
HP_TIBIAL_BOWING	HP_TIBIAL_BOWING		38	0.22980115	0.8320126	0.7340946	0.9868962	1.0	4784	tags=34%, list=32%, signal=50%	
HP_BRONCHOMALACIA	HP_BRONCHOMALACIA		22	0.2591613	0.8317504	0.70154375	0.98716116	1.0	4857	tags=45%, list=32%, signal=67%	
HP_PROGRESSIVE_HEARING_IMPAIRMENT	HP_PROGRESSIVE_HEARING_IMPAIRMENT		43	0.22016582	0.8310199	0.75415283	0.9884042	1.0	1730	tags=14%, list=11%, signal=16%	
GOBP_T_CELL_HOMEOSTASIS	GOBP_T_CELL_HOMEOSTASIS		38	0.22752678	0.8309938	0.7461929	0.98814815	1.0	1718	tags=18%, list=11%, signal=21%	
GOBP_RESPONSE_TO_X_RAY	GOBP_RESPONSE_TO_X_RAY		23	0.25448877	0.8308743	0.6976321	0.9880744	1.0	5180	tags=39%, list=34%, signal=59%	
GOBP_PYRIMIDINE_NUCLEOSIDE_TRIPHOSPHATE_BIOSYNTHETIC_PROCESS	GOBP_PYRIMIDINE_NUCLEOSIDE_TRIPHOSPHATE_BIOSYNTHETIC_PROCESS		18	0.27180487	0.8307749	0.7110333	0.98798317	1.0	3083	tags=28%, list=20%, signal=35%	
GOBP_REGULATION_OF_NITRIC_OXIDE_METABOLIC_PROCESS	GOBP_REGULATION_OF_NITRIC_OXIDE_METABOLIC_PROCESS		49	0.21359414	0.83068705	0.7752212	0.9878547	1.0	4857	tags=37%, list=32%, signal=54%	
GOBP_PROTEIN_LOCALIZATION_TO_PLASMA_MEMBRANE	GOBP_PROTEIN_LOCALIZATION_TO_PLASMA_MEMBRANE		258	0.16405144	0.8305793	0.88963664	0.9877897	1.0	1617	tags=12%, list=11%, signal=14%	
HP_MIOSIS	HP_MIOSIS		22	0.25500205	0.8304078	0.7243816	0.98784745	1.0	1621	tags=18%, list=11%, signal=20%	
HP_FATIGABLE_WEAKNESS_OF_SKELETAL_MUSCLES	HP_FATIGABLE_WEAKNESS_OF_SKELETAL_MUSCLES		38	0.226954	0.83035415	0.72931033	0.9876491	1.0	4641	tags=45%, list=31%, signal=64%	
GOBP_REGULATION_OF_DNA_BINDING_TRANSCRIPTION_FACTOR_ACTIVITY	GOBP_REGULATION_OF_DNA_BINDING_TRANSCRIPTION_FACTOR_ACTIVITY		168	0.17123674	0.8297777	0.8579795	0.9885915	1.0	3127	tags=20%, list=21%, signal=25%	
GOBP_REGULATION_OF_B_CELL_PROLIFERATION	GOBP_REGULATION_OF_B_CELL_PROLIFERATION		48	0.21424522	0.82972795	0.77079797	0.98839027	1.0	2338	tags=21%, list=15%, signal=25%	
HP_NEOPLASM_OF_THE_LUNG	HP_NEOPLASM_OF_THE_LUNG		45	0.21920383	0.8295751	0.7710438	0.9884112	1.0	650	tags=11%, list=4%, signal=12%	
GOBP_MITOTIC_RECOMBINATION	GOBP_MITOTIC_RECOMBINATION		23	0.2547293	0.82951975	0.71301246	0.9882167	1.0	889	tags=13%, list=6%, signal=14%	
HP_ABNORMAL_FUNDUS_AUTOFLUORESCENCE_IMAGING	HP_ABNORMAL_FUNDUS_AUTOFLUORESCENCE_IMAGING		27	0.24475442	0.8294793	0.75837743	0.9879983	1.0	4788	tags=44%, list=32%, signal=65%	
HP_APLASIA_HYPOPLASIA_OF_THE_THYMUS	HP_APLASIA_HYPOPLASIA_OF_THE_THYMUS		38	0.22735195	0.82944757	0.73963517	0.9877567	1.0	2165	tags=21%, list=14%, signal=25%	
GOBP_NEGATIVE_REGULATION_OF_ACTIN_FILAMENT_POLYMERIZATION	GOBP_NEGATIVE_REGULATION_OF_ACTIN_FILAMENT_POLYMERIZATION		52	0.21160726	0.82940143	0.730897	0.98754656	1.0	2135	tags=17%, list=14%, signal=20%	
HP_ABNORMAL_NUMBER_OF_TEETH	HP_ABNORMAL_NUMBER_OF_TEETH		360	0.15781856	0.8293938	0.91735536	0.9872584	1.0	3323	tags=21%, list=22%, signal=26%	
GOBP_POSITIVE_REGULATION_OF_SYNAPTIC_VESICLE_FUSION_TO_PRESYNAPTIC_ACTIVE_ZONE_MEMBRANE	GOBP_POSITIVE_REGULATION_OF_SYNAPTIC_VESICLE_FUSION_TO_PRESYNAPTIC_ACTIVE_ZONE_MEMBRANE		15	0.2845725	0.82890105	0.6982143	0.9880119	1.0	5323	tags=47%, list=35%, signal=72%	
GOBP_REGULATION_OF_CALCIUM_ION_DEPENDENT_EXOCYTOSIS	GOBP_REGULATION_OF_CALCIUM_ION_DEPENDENT_EXOCYTOSIS		35	0.23248275	0.82810444	0.7408696	0.98936695	1.0	5027	tags=43%, list=33%, signal=64%	
HP_SUBCAPSULAR_CATARACT	HP_SUBCAPSULAR_CATARACT		100	0.18724969	0.8280558	0.8149406	0.98917097	1.0	3016	tags=23%, list=20%, signal=29%	
HP_VITILIGO	HP_VITILIGO		25	0.2484765	0.8279016	0.7150171	0.9891892	1.0	1188	tags=12%, list=8%, signal=13%	
HP_ATRIOVENTRICULAR_CANAL_DEFECT	HP_ATRIOVENTRICULAR_CANAL_DEFECT		59	0.20718426	0.8276886	0.7478849	0.98932034	1.0	3255	tags=25%, list=22%, signal=32%	
GOBP_REGULATION_OF_STRIATED_MUSCLE_CELL_DIFFERENTIATION	GOBP_REGULATION_OF_STRIATED_MUSCLE_CELL_DIFFERENTIATION		69	0.1989975	0.8276872	0.7864407	0.9890186	1.0	3294	tags=26%, list=22%, signal=33%	
HP_ABNORMAL_BLEEDING	HP_ABNORMAL_BLEEDING		431	0.1554282	0.82737666	0.9549669	0.9893629	1.0	4605	tags=30%, list=30%, signal=42%	
HP_ATOPIC_DERMATITIS	HP_ATOPIC_DERMATITIS		32	0.23597051	0.8272763	0.7351443	0.98926127	1.0	3542	tags=28%, list=23%, signal=37%	
HP_RENAL_HYPOPLASIA	HP_RENAL_HYPOPLASIA		135	0.17849913	0.82689923	0.8537736	0.9897472	1.0	2106	tags=16%, list=14%, signal=18%	
HP_INCREASED_NUCHAL_TRANSLUCENCY	HP_INCREASED_NUCHAL_TRANSLUCENCY		52	0.20893459	0.8262779	0.77452666	0.9907349	1.0	3420	tags=27%, list=23%, signal=35%	
GOBP_REGULATION_OF_POLYSACCHARIDE_BIOSYNTHETIC_PROCESS	GOBP_REGULATION_OF_POLYSACCHARIDE_BIOSYNTHETIC_PROCESS		30	0.23948961	0.8262127	0.74159294	0.9905728	1.0	390	tags=10%, list=3%, signal=10%	
GOBP_BIOLOGICAL_PROCESS_INVOLVED_IN_INTERACTION_WITH_HOST	GOBP_BIOLOGICAL_PROCESS_INVOLVED_IN_INTERACTION_WITH_HOST		143	0.17726667	0.8261693	0.8693009	0.9903647	1.0	5134	tags=36%, list=34%, signal=55%	
GOCC_A_BAND	GOCC_A_BAND		29	0.24095759	0.8260002	0.7284992	0.9904088	1.0	2087	tags=21%, list=14%, signal=24%	
HP_ABNORMALITY_OF_THE_MIDDLE_PHALANX_OF_THE_5TH_FINGER	HP_ABNORMALITY_OF_THE_MIDDLE_PHALANX_OF_THE_5TH_FINGER		22	0.26045153	0.8258175	0.727758	0.99047995	1.0	2038	tags=23%, list=13%, signal=26%	
HP_SCLEROSIS_OF_SKULL_BASE	HP_SCLEROSIS_OF_SKULL_BASE		15	0.27961147	0.82580554	0.6981132	0.9902008	1.0	4586	tags=40%, list=30%, signal=57%	
HP_SLEEP_WAKE_CYCLE_DISTURBANCE	HP_SLEEP_WAKE_CYCLE_DISTURBANCE		44	0.2207322	0.82575554	0.7661431	0.99000317	1.0	3323	tags=25%, list=22%, signal=32%	
HP_PELVIC_GIRDLE_MUSCLE_WEAKNESS	HP_PELVIC_GIRDLE_MUSCLE_WEAKNESS		41	0.22129102	0.82573545	0.7803571	0.98973984	1.0	3791	tags=29%, list=25%, signal=39%	
GOBP_REGULATION_OF_FATTY_ACID_BETA_OXIDATION	GOBP_REGULATION_OF_FATTY_ACID_BETA_OXIDATION		17	0.27628565	0.8257128	0.69439423	0.98948675	1.0	5109	tags=53%, list=34%, signal=80%	
GOBP_RESPONSE_TO_VITAMIN	GOBP_RESPONSE_TO_VITAMIN		77	0.19303344	0.82568645	0.82098764	0.989244	1.0	2782	tags=19%, list=18%, signal=24%	
HP_SUPRANUCLEAR_GAZE_PALSY	HP_SUPRANUCLEAR_GAZE_PALSY		53	0.21016613	0.82541704	0.76870745	0.9894855	1.0	4577	tags=38%, list=30%, signal=54%	
HP_DELUSION	HP_DELUSION		26	0.2494448	0.8249482	0.7377622	0.99013954	1.0	3916	tags=31%, list=26%, signal=41%	
GOBP_CANONICAL_NF_KAPPAB_SIGNAL_TRANSDUCTION	GOBP_CANONICAL_NF_KAPPAB_SIGNAL_TRANSDUCTION		271	0.16071175	0.82483727	0.91480446	0.99005437	1.0	2829	tags=18%, list=19%, signal=21%	
HP_ABNORMAL_PANCREAS_MORPHOLOGY	HP_ABNORMAL_PANCREAS_MORPHOLOGY		90	0.1899939	0.8246403	0.7925117	0.9901557	1.0	4110	tags=28%, list=27%, signal=38%	
GOBP_POSITIVE_REGULATION_OF_METAPHASE_ANAPHASE_TRANSITION_OF_CELL_CYCLE	GOBP_POSITIVE_REGULATION_OF_METAPHASE_ANAPHASE_TRANSITION_OF_CELL_CYCLE		15	0.28474835	0.82398355	0.732852	0.9912146	1.0	4997	tags=60%, list=33%, signal=90%	
GOBP_REGULATION_OF_STEM_CELL_PROLIFERATION	GOBP_REGULATION_OF_STEM_CELL_PROLIFERATION		66	0.19967802	0.8238177	0.796875	0.99124783	1.0	2639	tags=21%, list=17%, signal=26%	
HP_ABNORMALITY_OF_SKELETAL_MATURATION	HP_ABNORMALITY_OF_SKELETAL_MATURATION		347	0.15710825	0.8235372	0.93820226	0.9915424	1.0	3451	tags=21%, list=23%, signal=27%	
HP_PAPILLOMA	HP_PAPILLOMA		39	0.22850499	0.8234006	0.7412354	0.9915098	1.0	1247	tags=13%, list=8%, signal=14%	
GOBP_REGULATION_OF_ANATOMICAL_STRUCTURE_SIZE	GOBP_REGULATION_OF_ANATOMICAL_STRUCTURE_SIZE		435	0.15507612	0.8230295	0.9518072	0.99198526	1.0	3944	tags=27%, list=26%, signal=36%	
GOBP_DETECTION_OF_LIGHT_STIMULUS_INVOLVED_IN_SENSORY_PERCEPTION	GOBP_DETECTION_OF_LIGHT_STIMULUS_INVOLVED_IN_SENSORY_PERCEPTION		20	0.26766273	0.82293457	0.7108434	0.99189174	1.0	3764	tags=45%, list=25%, signal=60%	
HP_ABDOMINAL_SITUS_INVERSUS	HP_ABDOMINAL_SITUS_INVERSUS		16	0.28160882	0.8224794	0.6963636	0.99250925	1.0	4324	tags=50%, list=29%, signal=70%	
GOBP_HEART_VALVE_DEVELOPMENT	GOBP_HEART_VALVE_DEVELOPMENT		68	0.19941431	0.8222939	0.8112903	0.99257964	1.0	3239	tags=22%, list=21%, signal=28%	
HP_ABNORMAL_CIRCULATING_ASPARTATE_FAMILY_AMINO_ACID_CONCENTRATION	HP_ABNORMAL_CIRCULATING_ASPARTATE_FAMILY_AMINO_ACID_CONCENTRATION		23	0.24869123	0.8220604	0.73875433	0.99276423	1.0	3057	tags=30%, list=20%, signal=38%	
GOBP_HAIR_CELL_DIFFERENTIATION	GOBP_HAIR_CELL_DIFFERENTIATION		48	0.21514462	0.8220157	0.7524116	0.99254394	1.0	1379	tags=17%, list=9%, signal=18%	
GOBP_CELLULAR_RESPONSE_TO_GLUCOCORTICOID_STIMULUS	GOBP_CELLULAR_RESPONSE_TO_GLUCOCORTICOID_STIMULUS		43	0.21761087	0.8218194	0.74210525	0.9926379	1.0	3304	tags=28%, list=22%, signal=36%	
HP_REDUCED_CEREBRAL_WHITE_MATTER_VOLUME	HP_REDUCED_CEREBRAL_WHITE_MATTER_VOLUME		45	0.21531087	0.8215009	0.76116836	0.9929695	1.0	2881	tags=22%, list=19%, signal=27%	
GOMF_MISFOLDED_PROTEIN_BINDING	GOMF_MISFOLDED_PROTEIN_BINDING		17	0.27287197	0.82132834	0.71869326	0.9930161	1.0	935	tags=18%, list=6%, signal=19%	
HP_APLASIA_HYPOPLASIA_OF_THE_BREASTS	HP_APLASIA_HYPOPLASIA_OF_THE_BREASTS		59	0.20232025	0.82120305	0.8087987	0.99295014	1.0	4281	tags=34%, list=28%, signal=47%	
HP_HETEROCHROMIA_IRIDIS	HP_HETEROCHROMIA_IRIDIS		21	0.2590837	0.8210567	0.7199282	0.9929227	1.0	969	tags=14%, list=6%, signal=15%	
GOBP_REGULATION_OF_SUPEROXIDE_METABOLIC_PROCESS	GOBP_REGULATION_OF_SUPEROXIDE_METABOLIC_PROCESS		24	0.2531636	0.82089025	0.7255245	0.9929496	1.0	3522	tags=33%, list=23%, signal=43%	
GOBP_REGULATION_OF_MEIOTIC_CELL_CYCLE	GOBP_REGULATION_OF_MEIOTIC_CELL_CYCLE		60	0.20153154	0.8207535	0.7817259	0.992924	1.0	5252	tags=40%, list=35%, signal=61%	
HP_NEOPLASM_OF_STRIATED_MUSCLE	HP_NEOPLASM_OF_STRIATED_MUSCLE		17	0.27890122	0.8206955	0.70255476	0.9927382	1.0	286	tags=12%, list=2%, signal=12%	
HP_AXIAL_DYSTONIA	HP_AXIAL_DYSTONIA		15	0.28512254	0.8204839	0.72329247	0.99286836	1.0	3746	tags=33%, list=25%, signal=44%	
HP_PROMINENT_NOSE	HP_PROMINENT_NOSE		102	0.18353288	0.8204832	0.8312693	0.99256825	1.0	962	tags=10%, list=6%, signal=10%	
HP_HYPOPLASTIC_HEART	HP_HYPOPLASTIC_HEART		48	0.21195348	0.82014936	0.77348995	0.99294305	1.0	3599	tags=25%, list=24%, signal=33%	
GOBP_GASTRULATION_WITH_MOUTH_FORMING_SECOND	GOBP_GASTRULATION_WITH_MOUTH_FORMING_SECOND		22	0.2548964	0.8201008	0.7368421	0.99273294	1.0	3599	tags=41%, list=24%, signal=54%	
HP_ABNORMAL_CIRCULATING_CARBOHYDRATE_CONCENTRATION	HP_ABNORMAL_CIRCULATING_CARBOHYDRATE_CONCENTRATION		15	0.28819028	0.8199933	0.72794116	0.9926481	1.0	3118	tags=27%, list=21%, signal=34%	
GOMF_INTEGRIN_BINDING	GOMF_INTEGRIN_BINDING		141	0.1743076	0.81995577	0.85067874	0.99242234	1.0	1785	tags=13%, list=12%, signal=14%	
GOBP_MITOCHONDRIAL_TRANSMEMBRANE_TRANSPORT	GOBP_MITOCHONDRIAL_TRANSMEMBRANE_TRANSPORT		93	0.18850121	0.81995213	0.8540984	0.9921283	1.0	1522	tags=11%, list=10%, signal=12%	
GOBP_MALE_GENITALIA_DEVELOPMENT	GOBP_MALE_GENITALIA_DEVELOPMENT		18	0.27215523	0.81986135	0.69734514	0.9920079	1.0	2489	tags=28%, list=16%, signal=33%	
GOBP_POSITIVE_REGULATION_OF_GLUCOSE_METABOLIC_PROCESS	GOBP_POSITIVE_REGULATION_OF_GLUCOSE_METABOLIC_PROCESS		39	0.2193144	0.8198464	0.76241136	0.9917362	1.0	390	tags=8%, list=3%, signal=8%	
HP_THROMBOEMBOLISM	HP_THROMBOEMBOLISM		78	0.19530043	0.8195738	0.7990354	0.99198085	1.0	4569	tags=37%, list=30%, signal=53%	
HP_GASTROINTESTINAL_HEMORRHAGE	HP_GASTROINTESTINAL_HEMORRHAGE		121	0.17968169	0.8193136	0.8438949	0.99220014	1.0	4605	tags=33%, list=30%, signal=47%	
GOBP_VASCULAR_ASSOCIATED_SMOOTH_MUSCLE_CONTRACTION	GOBP_VASCULAR_ASSOCIATED_SMOOTH_MUSCLE_CONTRACTION		24	0.25095335	0.81903714	0.75	0.99245554	1.0	4785	tags=46%, list=32%, signal=67%	
GOBP_NEGATIVE_REGULATION_OF_PROTEIN_LOCALIZATION_TO_MEMBRANE	GOBP_NEGATIVE_REGULATION_OF_PROTEIN_LOCALIZATION_TO_MEMBRANE		34	0.22463478	0.8188005	0.76480836	0.9926161	1.0	686	tags=12%, list=5%, signal=12%	
HP_ABNORMALLY_LAX_OR_HYPEREXTENSIBLE_SKIN	HP_ABNORMALLY_LAX_OR_HYPEREXTENSIBLE_SKIN		166	0.1698976	0.8185688	0.8655835	0.99278194	1.0	2989	tags=21%, list=20%, signal=26%	
GOBP_CARDIAC_MUSCLE_CELL_PROLIFERATION	GOBP_CARDIAC_MUSCLE_CELL_PROLIFERATION		44	0.21734351	0.8185022	0.7662116	0.99261045	1.0	3671	tags=32%, list=24%, signal=42%	
GOBP_POSITIVE_REGULATION_OF_LIPID_TRANSPORT	GOBP_POSITIVE_REGULATION_OF_LIPID_TRANSPORT		68	0.19839075	0.8184107	0.78763866	0.992478	1.0	2431	tags=18%, list=16%, signal=21%	
GOBP_NON_CANONICAL_WNT_SIGNALING_PATHWAY	GOBP_NON_CANONICAL_WNT_SIGNALING_PATHWAY		63	0.20227036	0.81840515	0.79899496	0.99218786	1.0	2106	tags=19%, list=14%, signal=22%	
HP_ABNORMALITY_OF_THE_HYPOTHALAMUS_PITUITARY_AXIS	HP_ABNORMALITY_OF_THE_HYPOTHALAMUS_PITUITARY_AXIS		341	0.15659928	0.8181091	0.93360996	0.9924692	1.0	3620	tags=23%, list=24%, signal=30%	
GOCC_NADH_DEHYDROGENASE_COMPLEX	GOCC_NADH_DEHYDROGENASE_COMPLEX		44	0.22018962	0.81790334	0.7604167	0.99258345	1.0	2081	tags=16%, list=14%, signal=18%	
HP_HYPEREXTENSIBILITY_OF_THE_FINGER_JOINTS	HP_HYPEREXTENSIBILITY_OF_THE_FINGER_JOINTS		24	0.24786045	0.8174313	0.7370304	0.99322885	1.0	1331	tags=17%, list=9%, signal=18%	
GOBP_POSITIVE_REGULATION_OF_DNA_DAMAGE_RESPONSE_SIGNAL_TRANSDUCTION_BY_P53_CLASS_MEDIATOR	GOBP_POSITIVE_REGULATION_OF_DNA_DAMAGE_RESPONSE_SIGNAL_TRANSDUCTION_BY_P53_CLASS_MEDIATOR		15	0.2816206	0.81685627	0.7214022	0.9940771	1.0	5788	tags=60%, list=38%, signal=97%	
HP_ABNORMAL_CIRCULATING_FERRITIN_CONCENTRATION	HP_ABNORMAL_CIRCULATING_FERRITIN_CONCENTRATION		49	0.2114389	0.8165656	0.79672134	0.9943421	1.0	3436	tags=27%, list=23%, signal=34%	
HP_ABNORMALITY_OF_ADRENAL_PHYSIOLOGY	HP_ABNORMALITY_OF_ADRENAL_PHYSIOLOGY		90	0.18901993	0.81552285	0.8064516	0.9960613	1.0	4259	tags=30%, list=28%, signal=42%	
GOBP_REGULATION_OF_CALCIUM_ION_IMPORT	GOBP_REGULATION_OF_CALCIUM_ION_IMPORT		34	0.22955164	0.8153932	0.7775862	0.9960179	1.0	4733	tags=44%, list=31%, signal=64%	
GOBP_NUCLEOSIDE_PHOSPHATE_CATABOLIC_PROCESS	GOBP_NUCLEOSIDE_PHOSPHATE_CATABOLIC_PROCESS		164	0.17059767	0.8153085	0.88921714	0.9958822	1.0	3916	tags=29%, list=26%, signal=38%	
HP_THICKENED_HELICES	HP_THICKENED_HELICES		43	0.21714275	0.81526196	0.7871622	0.9956767	1.0	2170	tags=16%, list=14%, signal=19%	
GOBP_MONOCYTE_DIFFERENTIATION	GOBP_MONOCYTE_DIFFERENTIATION		32	0.22998701	0.81523436	0.7621528	0.99542654	1.0	2901	tags=28%, list=19%, signal=35%	
HP_SACCADIC_SMOOTH_PURSUIT	HP_SACCADIC_SMOOTH_PURSUIT		24	0.24935992	0.8151732	0.7314974	0.99524254	1.0	4738	tags=42%, list=31%, signal=61%	
HP_ABNORMAL_FETAL_GASTROINTESTINAL_SYSTEM_MORPHOLOGY	HP_ABNORMAL_FETAL_GASTROINTESTINAL_SYSTEM_MORPHOLOGY		17	0.27540213	0.8151236	0.71727747	0.99503624	1.0	4223	tags=29%, list=28%, signal=41%	
GOCC_TRANSPORTER_COMPLEX	GOCC_TRANSPORTER_COMPLEX		444	0.1518488	0.8148171	0.9701897	0.9953416	1.0	4708	tags=33%, list=31%, signal=46%	
GOBP_REGULATION_OF_EXECUTION_PHASE_OF_APOPTOSIS	GOBP_REGULATION_OF_EXECUTION_PHASE_OF_APOPTOSIS		21	0.26238227	0.8147427	0.7249135	0.9951994	1.0	4378	tags=43%, list=29%, signal=60%	
GOBP_PROTEIN_MATURATION	GOBP_PROTEIN_MATURATION		475	0.15176949	0.81457555	0.9669312	0.9952336	1.0	3542	tags=23%, list=23%, signal=29%	
GOBP_RELEASE_OF_SEQUESTERED_CALCIUM_ION_INTO_CYTOSOL_BY_ENDOPLASMIC_RETICULUM	GOBP_RELEASE_OF_SEQUESTERED_CALCIUM_ION_INTO_CYTOSOL_BY_ENDOPLASMIC_RETICULUM		31	0.23295993	0.8143949	0.755	0.9952869	1.0	2584	tags=23%, list=17%, signal=27%	
GOMF_METAL_ION_SENSOR_ACTIVITY	GOMF_METAL_ION_SENSOR_ACTIVITY		18	0.26872635	0.8143739	0.7450628	0.995026	1.0	2585	tags=22%, list=17%, signal=27%	
GOBP_RESPONSE_TO_ORGANOPHOSPHORUS	GOBP_RESPONSE_TO_ORGANOPHOSPHORUS		103	0.18549916	0.8139958	0.84615386	0.99545383	1.0	4540	tags=36%, list=30%, signal=51%	
HP_APLASIA_HYPOPLASIA_OF_THE_SACRUM	HP_APLASIA_HYPOPLASIA_OF_THE_SACRUM		17	0.2695608	0.81329995	0.73985237	0.99651086	1.0	3599	tags=29%, list=24%, signal=39%	
GOBP_REGULATION_OF_SUBSTRATE_ADHESION_DEPENDENT_CELL_SPREADING	GOBP_REGULATION_OF_SUBSTRATE_ADHESION_DEPENDENT_CELL_SPREADING		53	0.20891206	0.8131861	0.7978142	0.996432	1.0	1374	tags=13%, list=9%, signal=14%	
HP_FIRST_DEGREE_ATRIOVENTRICULAR_BLOCK	HP_FIRST_DEGREE_ATRIOVENTRICULAR_BLOCK		36	0.2253719	0.8129092	0.7795139	0.9966597	1.0	1851	tags=19%, list=12%, signal=22%	
GOCC_PROTEIN_FOLDING_CHAPERONE_COMPLEX	GOCC_PROTEIN_FOLDING_CHAPERONE_COMPLEX		36	0.2214108	0.81287277	0.762565	0.99643534	1.0	2416	tags=19%, list=16%, signal=23%	
HP_HYPOPHOSPHATEMIA	HP_HYPOPHOSPHATEMIA		39	0.2181659	0.8126566	0.7948718	0.9965558	1.0	1065	tags=13%, list=7%, signal=14%	
GOMF_POLYPEPTIDE_N_ACETYLGALACTOSAMINYLTRANSFERASE_ACTIVITY	GOMF_POLYPEPTIDE_N_ACETYLGALACTOSAMINYLTRANSFERASE_ACTIVITY		15	0.2805054	0.8122815	0.7423971	0.99697113	1.0	1181	tags=13%, list=8%, signal=14%	
HP_ABNORMALITY_OF_THE_MENSTRUAL_CYCLE	HP_ABNORMALITY_OF_THE_MENSTRUAL_CYCLE		271	0.16004978	0.8121089	0.92877907	0.9970014	1.0	3260	tags=20%, list=22%, signal=25%	
GOMF_LIGASE_ACTIVITY_FORMING_CARBON_NITROGEN_BONDS	GOMF_LIGASE_ACTIVITY_FORMING_CARBON_NITROGEN_BONDS		41	0.21626015	0.8120559	0.7870528	0.99680865	1.0	3646	tags=29%, list=24%, signal=38%	
HP_VISUAL_FIELD_DEFECT	HP_VISUAL_FIELD_DEFECT		240	0.16151373	0.8118712	0.92753625	0.9968796	1.0	4577	tags=30%, list=30%, signal=42%	
GOMF_NUCLEAR_IMPORT_SIGNAL_RECEPTOR_ACTIVITY	GOMF_NUCLEAR_IMPORT_SIGNAL_RECEPTOR_ACTIVITY		20	0.2610007	0.81159055	0.7531083	0.9971532	1.0	5923	tags=55%, list=39%, signal=90%	
GOBP_BONE_REMODELING	GOBP_BONE_REMODELING		71	0.19565159	0.81149334	0.8094463	0.99704355	1.0	2829	tags=21%, list=19%, signal=26%	
GOMF_RNA_POLYMERASE_ACTIVITY	GOMF_RNA_POLYMERASE_ACTIVITY		34	0.22788142	0.8110574	0.7678883	0.9975722	1.0	1273	tags=15%, list=8%, signal=16%	
HP_APLASIA_HYPOPLASIA_INVOLVING_BONES_OF_THE_THORAX	HP_APLASIA_HYPOPLASIA_INVOLVING_BONES_OF_THE_THORAX		176	0.16841726	0.81088823	0.9070465	0.9975927	1.0	4672	tags=32%, list=31%, signal=46%	
HP_REDUCED_FORCED_VITAL_CAPACITY	HP_REDUCED_FORCED_VITAL_CAPACITY		31	0.23101616	0.8105606	0.75666666	0.9978947	1.0	4850	tags=42%, list=32%, signal=62%	
HP_CORNEAL_NEOVASCULARIZATION	HP_CORNEAL_NEOVASCULARIZATION		23	0.25091764	0.81046915	0.72791517	0.9977631	1.0	1317	tags=17%, list=9%, signal=19%	
HP_ABNORMAL_HAND_BONE_OSSIFICATION	HP_ABNORMAL_HAND_BONE_OSSIFICATION		37	0.21869236	0.8103167	0.78313255	0.9977525	1.0	4221	tags=30%, list=28%, signal=41%	
HP_UNCONJUGATED_HYPERBILIRUBINEMIA	HP_UNCONJUGATED_HYPERBILIRUBINEMIA		15	0.28105658	0.81004244	0.72007364	0.99797666	1.0	4644	tags=53%, list=31%, signal=77%	
HP_ABNORMAL_UTERUS_MORPHOLOGY	HP_ABNORMAL_UTERUS_MORPHOLOGY		121	0.17621793	0.80987024	0.8793651	0.9980055	1.0	4257	tags=29%, list=28%, signal=40%	
HP_ABNORMALITY_OF_THE_ADRENAL_GLANDS	HP_ABNORMALITY_OF_THE_ADRENAL_GLANDS		154	0.17128041	0.80982906	0.8697674	0.99778813	1.0	4259	tags=29%, list=28%, signal=39%	
GOBP_NEGATIVE_REGULATION_OF_RECEPTOR_SIGNALING_PATHWAY_VIA_STAT	GOBP_NEGATIVE_REGULATION_OF_RECEPTOR_SIGNALING_PATHWAY_VIA_STAT		19	0.26153427	0.8097418	0.71777004	0.99765474	1.0	698	tags=11%, list=5%, signal=11%	
GOBP_RESPONSE_TO_ACIDIC_PH	GOBP_RESPONSE_TO_ACIDIC_PH		24	0.24112137	0.8094814	0.7736486	0.997855	1.0	4989	tags=50%, list=33%, signal=75%	
HP_APLASIA_HYPOPLASIA_OF_FACIAL_BONES	HP_APLASIA_HYPOPLASIA_OF_FACIAL_BONES		51	0.20940225	0.8094073	0.776509	0.99769914	1.0	3241	tags=25%, list=21%, signal=32%	
GOBP_ENDOTHELIUM_DEVELOPMENT	GOBP_ENDOTHELIUM_DEVELOPMENT		120	0.1777263	0.8093383	0.8838304	0.99752706	1.0	3843	tags=26%, list=25%, signal=34%	
GOMF_MICROTUBULE_BINDING	GOMF_MICROTUBULE_BINDING		261	0.15917441	0.8091448	0.94196427	0.9975991	1.0	3555	tags=23%, list=24%, signal=29%	
HP_DYSMETRIA	HP_DYSMETRIA		166	0.16817588	0.8090999	0.8702624	0.99739313	1.0	4104	tags=28%, list=27%, signal=38%	
HP_ABNORMAL_LDL_CHOLESTEROL_CONCENTRATION	HP_ABNORMAL_LDL_CHOLESTEROL_CONCENTRATION		26	0.24226995	0.80890006	0.76086956	0.9974643	1.0	2462	tags=23%, list=16%, signal=28%	
GOBP_REGULATION_OF_EXTRINSIC_APOPTOTIC_SIGNALING_PATHWAY_IN_ABSENCE_OF_LIGAND	GOBP_REGULATION_OF_EXTRINSIC_APOPTOTIC_SIGNALING_PATHWAY_IN_ABSENCE_OF_LIGAND		35	0.22918835	0.80854756	0.8057554	0.9978315	1.0	4885	tags=49%, list=32%, signal=72%	
GOBP_REGULATION_OF_MYELOID_LEUKOCYTE_DIFFERENTIATION	GOBP_REGULATION_OF_MYELOID_LEUKOCYTE_DIFFERENTIATION		92	0.18732607	0.80850947	0.838141	0.9976056	1.0	3184	tags=24%, list=21%, signal=30%	
GOBP_NEUTRAL_LIPID_METABOLIC_PROCESS	GOBP_NEUTRAL_LIPID_METABOLIC_PROCESS		106	0.1808572	0.8082999	0.8705701	0.9976942	1.0	3937	tags=30%, list=26%, signal=41%	
GOBP_PURINE_NUCLEOSIDE_MONOPHOSPHATE_BIOSYNTHETIC_PROCESS	GOBP_PURINE_NUCLEOSIDE_MONOPHOSPHATE_BIOSYNTHETIC_PROCESS		17	0.26193085	0.8081807	0.7400722	0.99761355	1.0	4230	tags=41%, list=28%, signal=57%	
GOBP_REGULATION_OF_SYNAPTIC_VESICLE_RECYCLING	GOBP_REGULATION_OF_SYNAPTIC_VESICLE_RECYCLING		26	0.24220802	0.80809176	0.73380035	0.99749047	1.0	3570	tags=31%, list=24%, signal=40%	
GOBP_NEUTROPHIL_MEDIATED_IMMUNITY	GOBP_NEUTROPHIL_MEDIATED_IMMUNITY		28	0.23252347	0.8080392	0.7881944	0.99728984	1.0	3275	tags=29%, list=22%, signal=36%	
GOMF_14_3_3_PROTEIN_BINDING	GOMF_14_3_3_PROTEIN_BINDING		27	0.2387057	0.8077314	0.77117115	0.9975746	1.0	4149	tags=37%, list=27%, signal=51%	
HP_DIASTEMA	HP_DIASTEMA		24	0.24871053	0.807669	0.7559322	0.99739087	1.0	962	tags=13%, list=6%, signal=13%	
HP_IMMUNODEFICIENCY	HP_IMMUNODEFICIENCY		179	0.16765358	0.80732805	0.9089595	0.9977402	1.0	3743	tags=25%, list=25%, signal=32%	
HP_OVERLAPPING_FINGERS	HP_OVERLAPPING_FINGERS		33	0.2293932	0.8072289	0.77624786	0.99762744	1.0	4440	tags=39%, list=29%, signal=56%	
GOBP_PYRIMIDINE_RIBONUCLEOSIDE_MONOPHOSPHATE_METABOLIC_PROCESS	GOBP_PYRIMIDINE_RIBONUCLEOSIDE_MONOPHOSPHATE_METABOLIC_PROCESS		15	0.2797252	0.8069737	0.72202164	0.9977992	1.0	3828	tags=27%, list=25%, signal=36%	
GOBP_REGULATION_OF_CARDIOCYTE_DIFFERENTIATION	GOBP_REGULATION_OF_CARDIOCYTE_DIFFERENTIATION		23	0.24657051	0.80696213	0.76106197	0.9975246	1.0	726	tags=13%, list=5%, signal=14%	
GOBP_NEGATIVE_REGULATION_OF_CYTOSKELETON_ORGANIZATION	GOBP_NEGATIVE_REGULATION_OF_CYTOSKELETON_ORGANIZATION		135	0.17336945	0.80695117	0.8709199	0.99724865	1.0	1797	tags=14%, list=12%, signal=16%	
GOMF_PROLINE_RICH_REGION_BINDING	GOMF_PROLINE_RICH_REGION_BINDING		18	0.26432896	0.80609435	0.72450805	0.9985468	1.0	3812	tags=33%, list=25%, signal=45%	
HP_WEAKNESS_OF_MUSCLES_OF_RESPIRATION	HP_WEAKNESS_OF_MUSCLES_OF_RESPIRATION		92	0.18560144	0.8058511	0.8386076	0.9987177	1.0	4150	tags=34%, list=27%, signal=46%	
HP_SPONTANEOUS_HEMATOMAS	HP_SPONTANEOUS_HEMATOMAS		15	0.28332067	0.8057302	0.7294333	0.9986435	1.0	4194	tags=40%, list=28%, signal=55%	
GOBP_CIRCADIAN_SLEEP_WAKE_CYCLE_SLEEP	GOBP_CIRCADIAN_SLEEP_WAKE_CYCLE_SLEEP		17	0.2730188	0.80555576	0.73721343	0.9986658	1.0	4274	tags=47%, list=28%, signal=66%	
GOBP_NEGATIVE_REGULATION_OF_ORGANELLE_ASSEMBLY	GOBP_NEGATIVE_REGULATION_OF_ORGANELLE_ASSEMBLY		42	0.21121423	0.8054327	0.77835053	0.9985967	1.0	1517	tags=14%, list=10%, signal=16%	
GOBP_POSITIVE_REGULATION_OF_CHOLESTEROL_METABOLIC_PROCESS	GOBP_POSITIVE_REGULATION_OF_CHOLESTEROL_METABOLIC_PROCESS		18	0.2719233	0.8054258	0.7338262	0.9983101	1.0	744	tags=11%, list=5%, signal=12%	
HP_SKIN_VESICLE	HP_SKIN_VESICLE		25	0.24292636	0.8051857	0.75922674	0.9984796	1.0	3224	tags=24%, list=21%, signal=30%	
HP_WEIGHT_LOSS	HP_WEIGHT_LOSS		312	0.15603444	0.8051751	0.9625899	0.9982071	1.0	4158	tags=28%, list=28%, signal=37%	
GOBP_RESPONSE_TO_PAIN	GOBP_RESPONSE_TO_PAIN		29	0.2359787	0.8051369	0.74873525	0.9979793	1.0	3961	tags=34%, list=26%, signal=47%	
HP_RECURRENT_PAROXYSMAL_HEADACHE	HP_RECURRENT_PAROXYSMAL_HEADACHE		17	0.26866356	0.80506337	0.7410714	0.9978179	1.0	2285	tags=18%, list=15%, signal=21%	
GOBP_HEART_VALVE_FORMATION	GOBP_HEART_VALVE_FORMATION		15	0.27992794	0.80501664	0.7016575	0.9976025	1.0	3167	tags=27%, list=21%, signal=34%	
GOBP_RESPONSE_TO_COCAINE	GOBP_RESPONSE_TO_COCAINE		40	0.21971928	0.80490816	0.7909699	0.99750054	1.0	4733	tags=35%, list=31%, signal=51%	
HP_MEDIAN_CLEFT_PALATE	HP_MEDIAN_CLEFT_PALATE		23	0.24692073	0.8048719	0.7706422	0.99726313	1.0	3968	tags=30%, list=26%, signal=41%	
HP_ABNORMAL_FEMALE_EXTERNAL_GENITALIA_MORPHOLOGY	HP_ABNORMAL_FEMALE_EXTERNAL_GENITALIA_MORPHOLOGY		133	0.17331013	0.8044864	0.87713844	0.9976813	1.0	4006	tags=27%, list=27%, signal=37%	
GOCC_DENDRITIC_SPINE_MEMBRANE	GOCC_DENDRITIC_SPINE_MEMBRANE		15	0.27832425	0.8041865	0.7231834	0.9979297	1.0	1588	tags=20%, list=11%, signal=22%	
HP_RHEUMATOID_FACTOR_POSITIVE	HP_RHEUMATOID_FACTOR_POSITIVE		15	0.27974218	0.80409956	0.74690264	0.9977864	1.0	5026	tags=40%, list=33%, signal=60%	
HP_HYPOPLASIA_OF_THE_FRONTAL_LOBES	HP_HYPOPLASIA_OF_THE_FRONTAL_LOBES		37	0.2197477	0.8040649	0.782906	0.9975507	1.0	5324	tags=35%, list=35%, signal=54%	
GOBP_MYELOID_CELL_HOMEOSTASIS	GOBP_MYELOID_CELL_HOMEOSTASIS		150	0.17164059	0.8039867	0.8944954	0.99739885	1.0	4546	tags=34%, list=30%, signal=48%	
HP_ABNORMAL_CONJUNCTIVA_MORPHOLOGY	HP_ABNORMAL_CONJUNCTIVA_MORPHOLOGY		137	0.17120488	0.80397695	0.8829114	0.99712	1.0	2606	tags=17%, list=17%, signal=20%	
GOBP_VASCULAR_WOUND_HEALING	GOBP_VASCULAR_WOUND_HEALING		17	0.26853356	0.8034371	0.7312391	0.997794	1.0	951	tags=18%, list=6%, signal=19%	
HP_WADDLING_GAIT	HP_WADDLING_GAIT		110	0.17742878	0.80296296	0.8816388	0.99839866	1.0	3944	tags=27%, list=26%, signal=37%	
GOBP_LIPOPROTEIN_METABOLIC_PROCESS	GOBP_LIPOPROTEIN_METABOLIC_PROCESS		69	0.19407028	0.8020077	0.81832546	0.9998641	1.0	1400	tags=14%, list=9%, signal=16%	
HP_ABNORMAL_PITUITARY_GLAND_MORPHOLOGY	HP_ABNORMAL_PITUITARY_GLAND_MORPHOLOGY		285	0.15689655	0.8019501	0.93688637	0.99966747	1.0	3593	tags=24%, list=24%, signal=30%	
GOCC_COP9_SIGNALOSOME	GOCC_COP9_SIGNALOSOME		31	0.230869	0.80184907	0.74864376	0.9995393	1.0	3545	tags=26%, list=23%, signal=34%	
HP_ANORECTAL_ANOMALY	HP_ANORECTAL_ANOMALY		137	0.17231171	0.80170196	0.8878648	0.9995102	1.0	1576	tags=12%, list=10%, signal=13%	
HP_VASCULAR_CALCIFICATION	HP_VASCULAR_CALCIFICATION		20	0.25365457	0.8015837	0.75272727	0.9994278	1.0	3451	tags=35%, list=23%, signal=45%	
GOBP_GLOMERULUS_DEVELOPMENT	GOBP_GLOMERULUS_DEVELOPMENT		65	0.19480789	0.80066895	0.8380165	1.0	1.0	3203	tags=26%, list=21%, signal=33%	
HP_ABNORMALITY_OF_THE_TARSAL_BONES	HP_ABNORMALITY_OF_THE_TARSAL_BONES		124	0.1738643	0.80022925	0.8945022	1.0	1.0	3013	tags=19%, list=20%, signal=23%	
HP_ABNORMAL_CLAVICLE_MORPHOLOGY	HP_ABNORMAL_CLAVICLE_MORPHOLOGY		106	0.17779824	0.7990923	0.88294315	1.0	1.0	4822	tags=32%, list=32%, signal=47%	
GOBP_POSITIVE_REGULATION_OF_CALCIUM_ION_IMPORT	GOBP_POSITIVE_REGULATION_OF_CALCIUM_ION_IMPORT		20	0.25284123	0.79882103	0.732852	1.0	1.0	3835	tags=40%, list=25%, signal=54%	
GOBP_FOREBRAIN_GENERATION_OF_NEURONS	GOBP_FOREBRAIN_GENERATION_OF_NEURONS		80	0.1880353	0.79876107	0.8123028	1.0	1.0	3002	tags=24%, list=20%, signal=29%	
HP_NON_HODGKIN_LYMPHOMA	HP_NON_HODGKIN_LYMPHOMA		31	0.22617449	0.7986091	0.77017546	1.0	1.0	2793	tags=29%, list=18%, signal=36%	
GOMF_PHOSPHORIC_DIESTER_HYDROLASE_ACTIVITY	GOMF_PHOSPHORIC_DIESTER_HYDROLASE_ACTIVITY		78	0.18661511	0.798438	0.8330579	1.0	1.0	4292	tags=36%, list=28%, signal=50%	
GOBP_MITOTIC_CHROMOSOME_CONDENSATION	GOBP_MITOTIC_CHROMOSOME_CONDENSATION		18	0.2593042	0.7981484	0.72612613	1.0	1.0	5324	tags=50%, list=35%, signal=77%	
HP_ABNORMALITY_OF_RETINAL_PIGMENTATION	HP_ABNORMALITY_OF_RETINAL_PIGMENTATION		284	0.1550028	0.79796517	0.95049506	1.0	1.0	2488	tags=17%, list=16%, signal=19%	
GOBP_REGULATION_OF_B_CELL_DIFFERENTIATION	GOBP_REGULATION_OF_B_CELL_DIFFERENTIATION		26	0.23651344	0.7979278	0.7589286	1.0	1.0	3375	tags=27%, list=22%, signal=35%	
GOBP_REGULATION_OF_LYMPHOCYTE_DIFFERENTIATION	GOBP_REGULATION_OF_LYMPHOCYTE_DIFFERENTIATION		166	0.1664259	0.79777616	0.9171779	1.0	1.0	3375	tags=23%, list=22%, signal=30%	
GOBP_INTERLEUKIN_1_MEDIATED_SIGNALING_PATHWAY	GOBP_INTERLEUKIN_1_MEDIATED_SIGNALING_PATHWAY		28	0.23352715	0.7965687	0.7712305	1.0	1.0	1119	tags=11%, list=7%, signal=12%	
GOBP_NEGATIVE_REGULATION_OF_RECEPTOR_SIGNALING_PATHWAY_VIA_JAK_STAT	GOBP_NEGATIVE_REGULATION_OF_RECEPTOR_SIGNALING_PATHWAY_VIA_JAK_STAT		17	0.2698754	0.796548	0.75373137	1.0	1.0	698	tags=12%, list=5%, signal=12%	
HP_ABNORMAL_CIRCULATING_IGG_CONCENTRATION	HP_ABNORMAL_CIRCULATING_IGG_CONCENTRATION		103	0.1804483	0.79648143	0.85400313	1.0	1.0	2338	tags=17%, list=15%, signal=19%	
HP_XEROSTOMIA	HP_XEROSTOMIA		48	0.21050301	0.79648	0.7962329	1.0	1.0	5398	tags=48%, list=36%, signal=74%	
GOBP_NEUTRAL_LIPID_CATABOLIC_PROCESS	GOBP_NEUTRAL_LIPID_CATABOLIC_PROCESS		31	0.22707218	0.79634845	0.8080279	1.0	1.0	822	tags=13%, list=5%, signal=14%	
HP_BLOODY_DIARRHEA	HP_BLOODY_DIARRHEA		39	0.2152009	0.7962921	0.80347824	1.0	1.0	4605	tags=36%, list=30%, signal=52%	
HP_ABNORMALITY_OF_THE_BLADDER	HP_ABNORMALITY_OF_THE_BLADDER		467	0.14889544	0.79603136	0.98367345	1.0	1.0	3555	tags=22%, list=24%, signal=27%	
HP_DEPRESSED_NASAL_RIDGE	HP_DEPRESSED_NASAL_RIDGE		114	0.17631587	0.79598534	0.89064974	1.0	1.0	2056	tags=17%, list=14%, signal=19%	
GOCC_CLATHRIN_COATED_ENDOCYTIC_VESICLE_MEMBRANE	GOCC_CLATHRIN_COATED_ENDOCYTIC_VESICLE_MEMBRANE		60	0.1985078	0.7958944	0.8308458	1.0	1.0	3626	tags=30%, list=24%, signal=39%	
GOBP_MATURE_B_CELL_DIFFERENTIATION	GOBP_MATURE_B_CELL_DIFFERENTIATION		30	0.2276436	0.79525864	0.79037803	1.0	1.0	1958	tags=20%, list=13%, signal=23%	
HP_MACROGLOSSIA	HP_MACROGLOSSIA		129	0.17186978	0.79509	0.8985075	1.0	1.0	3997	tags=29%, list=26%, signal=40%	
GOMF_SULFURIC_ESTER_HYDROLASE_ACTIVITY	GOMF_SULFURIC_ESTER_HYDROLASE_ACTIVITY		16	0.26970965	0.79487216	0.74953616	1.0	1.0	2634	tags=25%, list=17%, signal=30%	
GOMF_PHOSPHATIDYLINOSITOL_5_PHOSPHATE_BINDING	GOMF_PHOSPHATIDYLINOSITOL_5_PHOSPHATE_BINDING		20	0.25204462	0.79481	0.7547496	1.0	1.0	1997	tags=20%, list=13%, signal=23%	
HP_ABNORMALITY_OF_THE_RADIAL_HEAD	HP_ABNORMALITY_OF_THE_RADIAL_HEAD		41	0.21387939	0.7946974	0.8056951	1.0	1.0	1426	tags=15%, list=9%, signal=16%	
HP_ABNORMAL_LIGHT_AND_DARK_ADAPTED_ELECTRORETINOGRAM	HP_ABNORMAL_LIGHT_AND_DARK_ADAPTED_ELECTRORETINOGRAM		30	0.22798394	0.7946466	0.7787934	1.0	1.0	1208	tags=17%, list=8%, signal=18%	
GOBP_REGULATION_OF_SPINDLE_ASSEMBLY	GOBP_REGULATION_OF_SPINDLE_ASSEMBLY		32	0.22433819	0.7943342	0.8013582	1.0	1.0	2620	tags=19%, list=17%, signal=23%	
HP_HYPERINSULINEMIC_HYPOGLYCEMIA	HP_HYPERINSULINEMIC_HYPOGLYCEMIA		20	0.25477022	0.794022	0.7631103	1.0	1.0	3435	tags=35%, list=23%, signal=45%	
GOBP_TOOTH_MINERALIZATION	GOBP_TOOTH_MINERALIZATION		27	0.23693193	0.7937385	0.79469025	1.0	1.0	5178	tags=44%, list=34%, signal=67%	
GOBP_NUCLEOBASE_BIOSYNTHETIC_PROCESS	GOBP_NUCLEOBASE_BIOSYNTHETIC_PROCESS		17	0.26629227	0.7933765	0.76021314	1.0	1.0	4216	tags=35%, list=28%, signal=49%	
GOBP_POSITIVE_REGULATION_OF_PEPTIDYL_SERINE_PHOSPHORYLATION	GOBP_POSITIVE_REGULATION_OF_PEPTIDYL_SERINE_PHOSPHORYLATION		16	0.2635666	0.7932523	0.73848987	1.0	1.0	2095	tags=25%, list=14%, signal=29%	
HP_CONICAL_TOOTH	HP_CONICAL_TOOTH		53	0.2017148	0.7929806	0.8114754	1.0	1.0	3159	tags=25%, list=21%, signal=31%	
HP_ABNORMAL_DERMATOGLYPHICS	HP_ABNORMAL_DERMATOGLYPHICS		290	0.15497081	0.7929404	0.9417614	1.0	1.0	3167	tags=21%, list=21%, signal=26%	
HP_ABNORMALITY_OF_THE_MUSCULATURE_OF_THE_LOWER_LIMBS	HP_ABNORMALITY_OF_THE_MUSCULATURE_OF_THE_LOWER_LIMBS		91	0.18446538	0.79292226	0.88069075	1.0	1.0	3937	tags=27%, list=26%, signal=37%	
HP_ABNORMAL_VERTEBRAL_MORPHOLOGY	HP_ABNORMAL_VERTEBRAL_MORPHOLOGY		436	0.14936504	0.7928691	0.9828947	1.0	1.0	4265	tags=27%, list=28%, signal=36%	
GOBP_NUCLEOTIDE_BINDING_OLIGOMERIZATION_DOMAIN_CONTAINING_2_SIGNALING_PATHWAY	GOBP_NUCLEOTIDE_BINDING_OLIGOMERIZATION_DOMAIN_CONTAINING_2_SIGNALING_PATHWAY		16	0.26544437	0.79280895	0.75409836	1.0	1.0	3396	tags=31%, list=22%, signal=40%	
HP_RED_EYE	HP_RED_EYE		96	0.17837018	0.7927278	0.8598131	1.0	1.0	2585	tags=17%, list=17%, signal=20%	
GOBP_REGULATION_OF_PROTEIN_LOCALIZATION_TO_CELL_PERIPHERY	GOBP_REGULATION_OF_PROTEIN_LOCALIZATION_TO_CELL_PERIPHERY		135	0.17041048	0.7926906	0.91433024	1.0	1.0	1619	tags=13%, list=11%, signal=14%	
GOBP_RECEPTOR_METABOLIC_PROCESS	GOBP_RECEPTOR_METABOLIC_PROCESS		67	0.19298725	0.79233474	0.85365856	1.0	1.0	2491	tags=21%, list=16%, signal=25%	
GOBP_CELLULAR_RESPONSE_TO_IONIZING_RADIATION	GOBP_CELLULAR_RESPONSE_TO_IONIZING_RADIATION		58	0.19536616	0.7923013	0.8131488	1.0	1.0	3561	tags=22%, list=24%, signal=29%	
GOBP_RESPONSE_TO_LEUKEMIA_INHIBITORY_FACTOR	GOBP_RESPONSE_TO_LEUKEMIA_INHIBITORY_FACTOR		97	0.1802747	0.79151976	0.85714287	1.0	1.0	3112	tags=22%, list=21%, signal=27%	
GOBP_PHOSPHOLIPID_TRANSPORT	GOBP_PHOSPHOLIPID_TRANSPORT		88	0.18338445	0.7914824	0.8477905	1.0	1.0	2863	tags=23%, list=19%, signal=28%	
GOBP_FAT_SOLUBLE_VITAMIN_METABOLIC_PROCESS	GOBP_FAT_SOLUBLE_VITAMIN_METABOLIC_PROCESS		34	0.22325805	0.7914517	0.814558	1.0	1.0	4371	tags=41%, list=29%, signal=58%	
GOBP_POSITIVE_REGULATION_OF_VIRAL_LIFE_CYCLE	GOBP_POSITIVE_REGULATION_OF_VIRAL_LIFE_CYCLE		21	0.2510141	0.791412	0.7670068	1.0	1.0	2686	tags=24%, list=18%, signal=29%	
GOBP_POSITIVE_REGULATION_OF_CARTILAGE_DEVELOPMENT	GOBP_POSITIVE_REGULATION_OF_CARTILAGE_DEVELOPMENT		28	0.23739524	0.79096764	0.78727275	1.0	1.0	2932	tags=25%, list=19%, signal=31%	
HP_SCOTOMA	HP_SCOTOMA		83	0.1817135	0.7909541	0.87922704	1.0	1.0	4577	tags=31%, list=30%, signal=45%	
HP_CENTRALLY_NUCLEATED_SKELETAL_MUSCLE_FIBERS	HP_CENTRALLY_NUCLEATED_SKELETAL_MUSCLE_FIBERS		49	0.20583673	0.7909031	0.84310347	1.0	1.0	3944	tags=31%, list=26%, signal=41%	
GOBP_REGULATION_OF_DNA_REPLICATION	GOBP_REGULATION_OF_DNA_REPLICATION		106	0.17640354	0.79084826	0.89889413	1.0	1.0	4379	tags=30%, list=29%, signal=42%	
HP_OPHTHALMOPARESIS	HP_OPHTHALMOPARESIS		250	0.15661544	0.79077756	0.9585122	1.0	1.0	3827	tags=24%, list=25%, signal=32%	
GOCC_FICOLIN_1_RICH_GRANULE_MEMBRANE	GOCC_FICOLIN_1_RICH_GRANULE_MEMBRANE		41	0.21342185	0.79030645	0.7993139	1.0	1.0	3835	tags=32%, list=25%, signal=42%	
HP_VASCULAR_DILATATION	HP_VASCULAR_DILATATION		180	0.16285168	0.7900356	0.9384164	1.0	1.0	1673	tags=12%, list=11%, signal=13%	
GOCC_TRANSPORT_VESICLE	GOCC_TRANSPORT_VESICLE		399	0.14875779	0.7896048	0.97754294	1.0	1.0	1514	tags=10%, list=10%, signal=11%	
GOMF_CALCIUM_DEPENDENT_PROTEIN_BINDING	GOMF_CALCIUM_DEPENDENT_PROTEIN_BINDING		61	0.19739227	0.78950244	0.82096773	1.0	1.0	5078	tags=39%, list=34%, signal=59%	
GOBP_NEURAL_TUBE_PATTERNING	GOBP_NEURAL_TUBE_PATTERNING		29	0.22859174	0.78907496	0.79491526	1.0	1.0	2781	tags=24%, list=18%, signal=30%	
GOBP_ASSOCIATIVE_LEARNING	GOBP_ASSOCIATIVE_LEARNING		81	0.18486333	0.7889433	0.86743045	1.0	1.0	3515	tags=26%, list=23%, signal=34%	
GOBP_REGULATION_OF_HEART_GROWTH	GOBP_REGULATION_OF_HEART_GROWTH		49	0.20497127	0.788557	0.82073814	1.0	1.0	3637	tags=31%, list=24%, signal=40%	
GOBP_PROTEIN_CONTAINING_COMPLEX_REMODELING	GOBP_PROTEIN_CONTAINING_COMPLEX_REMODELING		29	0.23166814	0.7884813	0.8059441	1.0	1.0	744	tags=10%, list=5%, signal=11%	
HP_PREAXIAL_HAND_POLYDACTYLY	HP_PREAXIAL_HAND_POLYDACTYLY		57	0.1957998	0.78792465	0.8357488	1.0	1.0	4257	tags=30%, list=28%, signal=41%	
GOBP_NEGATIVE_REGULATION_OF_DNA_BINDING_TRANSCRIPTION_FACTOR_ACTIVITY	GOBP_NEGATIVE_REGULATION_OF_DNA_BINDING_TRANSCRIPTION_FACTOR_ACTIVITY		57	0.19737928	0.78790516	0.84150326	1.0	1.0	1446	tags=12%, list=10%, signal=14%	
HP_ABNORMAL_LABIA_MINORA_MORPHOLOGY	HP_ABNORMAL_LABIA_MINORA_MORPHOLOGY		31	0.2255784	0.78750783	0.7826855	1.0	1.0	2835	tags=23%, list=19%, signal=28%	
HP_CHORIORETINAL_DEGENERATION	HP_CHORIORETINAL_DEGENERATION		43	0.2119542	0.78729224	0.8055556	1.0	1.0	2726	tags=21%, list=18%, signal=25%	
GOBP_ENDOTHELIAL_CELL_DEVELOPMENT	GOBP_ENDOTHELIAL_CELL_DEVELOPMENT		61	0.19653557	0.78728473	0.82482994	1.0	1.0	4378	tags=31%, list=29%, signal=44%	
GOBP_ADIPOSE_TISSUE_DEVELOPMENT	GOBP_ADIPOSE_TISSUE_DEVELOPMENT		55	0.20190251	0.7872847	0.8366013	1.0	1.0	3580	tags=24%, list=24%, signal=31%	
HP_FLARED_METAPHYSIS	HP_FLARED_METAPHYSIS		48	0.1998021	0.78684425	0.83278143	1.0	1.0	4261	tags=31%, list=28%, signal=43%	
GOCC_POSTSYNAPTIC_SPECIALIZATION_INTRACELLULAR_COMPONENT	GOCC_POSTSYNAPTIC_SPECIALIZATION_INTRACELLULAR_COMPONENT		20	0.25065565	0.7867565	0.763986	1.0	1.0	1954	tags=20%, list=13%, signal=23%	
HP_ATROPHY_DEGENERATION_AFFECTING_THE_BRAINSTEM	HP_ATROPHY_DEGENERATION_AFFECTING_THE_BRAINSTEM		37	0.2160925	0.7867131	0.82512736	1.0	1.0	3807	tags=30%, list=25%, signal=40%	
GOBP_REGULATION_OF_CARDIAC_MUSCLE_CONTRACTION	GOBP_REGULATION_OF_CARDIAC_MUSCLE_CONTRACTION		63	0.19254144	0.7855743	0.83360523	1.0	1.0	4274	tags=30%, list=28%, signal=42%	
HP_ABNORMAL_LEFT_VENTRICLE_MORPHOLOGY	HP_ABNORMAL_LEFT_VENTRICLE_MORPHOLOGY		113	0.17141561	0.7851557	0.89028215	1.0	1.0	1534	tags=12%, list=10%, signal=13%	
GOBP_NEGATIVE_REGULATION_OF_MONOATOMIC_ION_TRANSPORT	GOBP_NEGATIVE_REGULATION_OF_MONOATOMIC_ION_TRANSPORT		82	0.18447898	0.78486824	0.89341694	1.0	1.0	4825	tags=37%, list=32%, signal=53%	
HP_VENTRICULAR_ARRHYTHMIA	HP_VENTRICULAR_ARRHYTHMIA		99	0.17579864	0.78451437	0.8963317	1.0	1.0	2302	tags=18%, list=15%, signal=21%	
GOBP_REGULATION_OF_PROTEIN_LOCALIZATION_TO_MEMBRANE	GOBP_REGULATION_OF_PROTEIN_LOCALIZATION_TO_MEMBRANE		178	0.16244233	0.7845109	0.94224924	1.0	1.0	2714	tags=18%, list=18%, signal=22%	
HP_ABNORMAL_CIRCULATING_CITRULLINE_CONCENTRATION	HP_ABNORMAL_CIRCULATING_CITRULLINE_CONCENTRATION		19	0.25867853	0.78448373	0.75714284	1.0	1.0	4068	tags=32%, list=27%, signal=43%	
GOBP_RESPONSE_TO_LAMINAR_FLUID_SHEAR_STRESS	GOBP_RESPONSE_TO_LAMINAR_FLUID_SHEAR_STRESS		15	0.27146223	0.7844712	0.7574171	1.0	1.0	90	tags=7%, list=1%, signal=7%	
GOBP_EMBRYONIC_AXIS_SPECIFICATION	GOBP_EMBRYONIC_AXIS_SPECIFICATION		33	0.22269647	0.7843041	0.78305084	1.0	1.0	3788	tags=39%, list=25%, signal=52%	
HP_SPARSE_EYELASHES	HP_SPARSE_EYELASHES		64	0.19129217	0.7841989	0.87419355	1.0	1.0	3589	tags=27%, list=24%, signal=35%	
GOMF_OXIDOREDUCTASE_ACTIVITY_ACTING_ON_THE_CH_NH_GROUP_OF_DONORS_NAD_OR_NADP_AS_ACCEPTOR	GOMF_OXIDOREDUCTASE_ACTIVITY_ACTING_ON_THE_CH_NH_GROUP_OF_DONORS_NAD_OR_NADP_AS_ACCEPTOR		17	0.26085174	0.7839344	0.76460177	1.0	1.0	2586	tags=24%, list=17%, signal=28%	
HP_FINE_HAIR	HP_FINE_HAIR		70	0.18865556	0.783929	0.8725166	1.0	1.0	2708	tags=23%, list=18%, signal=28%	
GOBP_PROTEIN_K63_LINKED_DEUBIQUITINATION	GOBP_PROTEIN_K63_LINKED_DEUBIQUITINATION		25	0.23611979	0.7837336	0.7783688	1.0	1.0	1343	tags=12%, list=9%, signal=13%	
GOBP_VIRAL_PROCESS	GOBP_VIRAL_PROCESS		336	0.15111676	0.7834833	0.9686648	1.0	1.0	2584	tags=16%, list=17%, signal=19%	
GOBP_POSITIVE_REGULATION_OF_GROWTH	GOBP_POSITIVE_REGULATION_OF_GROWTH		209	0.15817958	0.7833071	0.9312866	1.0	1.0	3555	tags=24%, list=24%, signal=31%	
HP_PITUITARY_HYPOTHYROIDISM	HP_PITUITARY_HYPOTHYROIDISM		29	0.23119114	0.7832757	0.79605263	1.0	1.0	1318	tags=14%, list=9%, signal=15%	
HP_BREAST_HYPOPLASIA	HP_BREAST_HYPOPLASIA		39	0.21314137	0.7828592	0.8086207	1.0	1.0	2835	tags=26%, list=19%, signal=31%	
HP_SCHIZOPHRENIA	HP_SCHIZOPHRENIA		64	0.18798527	0.7827383	0.87317073	1.0	1.0	4258	tags=33%, list=28%, signal=45%	
HP_ABNORMAL_MORPHOLOGY_OF_THE_MUSCULATURE_OF_THE_NECK	HP_ABNORMAL_MORPHOLOGY_OF_THE_MUSCULATURE_OF_THE_NECK		77	0.18424161	0.7827161	0.8760469	1.0	1.0	3845	tags=31%, list=25%, signal=42%	
GOBP_COPPER_ION_HOMEOSTASIS	GOBP_COPPER_ION_HOMEOSTASIS		21	0.24453828	0.7826334	0.7728086	1.0	1.0	3027	tags=24%, list=20%, signal=30%	
HP_ABNORMALITY_OF_VITAMIN_B12_METABOLISM	HP_ABNORMALITY_OF_VITAMIN_B12_METABOLISM		29	0.23097779	0.7822897	0.8003356	1.0	1.0	5026	tags=38%, list=33%, signal=57%	
GOBP_PYRIMIDINE_NUCLEOTIDE_BIOSYNTHETIC_PROCESS	GOBP_PYRIMIDINE_NUCLEOTIDE_BIOSYNTHETIC_PROCESS		30	0.22795078	0.7821487	0.7888307	1.0	1.0	3797	tags=27%, list=25%, signal=36%	
GOMF_NUCLEAR_THYROID_HORMONE_RECEPTOR_BINDING	GOMF_NUCLEAR_THYROID_HORMONE_RECEPTOR_BINDING		25	0.23551197	0.7817486	0.7936803	1.0	1.0	451	tags=8%, list=3%, signal=8%	
GOMF_AMINO_ACID_BINDING	GOMF_AMINO_ACID_BINDING		44	0.20391221	0.7816886	0.8344595	1.0	1.0	2189	tags=16%, list=14%, signal=19%	
GOBP_STRIATED_MUSCLE_CONTRACTION	GOBP_STRIATED_MUSCLE_CONTRACTION		150	0.16390088	0.7816412	0.9109375	1.0	1.0	2352	tags=17%, list=16%, signal=20%	
GOBP_RESPONSE_TO_IONIZING_RADIATION	GOBP_RESPONSE_TO_IONIZING_RADIATION		119	0.17249541	0.78141755	0.92	1.0	1.0	3561	tags=23%, list=24%, signal=29%	
GOBP_VITAMIN_BIOSYNTHETIC_PROCESS	GOBP_VITAMIN_BIOSYNTHETIC_PROCESS		20	0.2487628	0.78131926	0.7614035	1.0	1.0	2940	tags=25%, list=19%, signal=31%	
HP_ABNORMAL_SYNAPTIC_TRANSMISSION_AT_THE_NEUROMUSCULAR_JUNCTION	HP_ABNORMAL_SYNAPTIC_TRANSMISSION_AT_THE_NEUROMUSCULAR_JUNCTION		102	0.17586935	0.78085184	0.90247935	1.0	1.0	4705	tags=34%, list=31%, signal=49%	
HP_ABNORMAL_CIRCULATING_IGE_CONCENTRATION	HP_ABNORMAL_CIRCULATING_IGE_CONCENTRATION		43	0.21212648	0.78070223	0.8096055	1.0	1.0	3965	tags=30%, list=26%, signal=41%	
GOBP_INTRINSIC_APOPTOTIC_SIGNALING_PATHWAY_IN_RESPONSE_TO_OXIDATIVE_STRESS	GOBP_INTRINSIC_APOPTOTIC_SIGNALING_PATHWAY_IN_RESPONSE_TO_OXIDATIVE_STRESS		50	0.20041636	0.7805611	0.8584559	1.0	1.0	1825	tags=16%, list=12%, signal=18%	
GOBP_VASCULAR_TRANSPORT	GOBP_VASCULAR_TRANSPORT		79	0.18481381	0.78048664	0.87922704	1.0	1.0	3362	tags=25%, list=22%, signal=32%	
GOBP_NEGATIVE_REGULATION_OF_ENDOCYTOSIS	GOBP_NEGATIVE_REGULATION_OF_ENDOCYTOSIS		58	0.1914304	0.77954954	0.8784441	1.0	1.0	1154	tags=10%, list=8%, signal=11%	
HP_ABNORMAL_RIB_CAGE_MORPHOLOGY	HP_ABNORMAL_RIB_CAGE_MORPHOLOGY		357	0.14727353	0.77919525	0.9846583	1.0	1.0	4267	tags=27%, list=28%, signal=37%	
GOMF_PHOSPHATASE_INHIBITOR_ACTIVITY	GOMF_PHOSPHATASE_INHIBITOR_ACTIVITY		54	0.19829331	0.7791785	0.8397329	1.0	1.0	3144	tags=22%, list=21%, signal=28%	
GOBP_REGULATION_OF_PLATELET_DERIVED_GROWTH_FACTOR_RECEPTOR_SIGNALING_PATHWAY	GOBP_REGULATION_OF_PLATELET_DERIVED_GROWTH_FACTOR_RECEPTOR_SIGNALING_PATHWAY		23	0.23778449	0.7789717	0.79679143	1.0	1.0	1781	tags=17%, list=12%, signal=20%	
HP_ABNORMAL_CIRCULATING_NUCLEOBASE_CONCENTRATION	HP_ABNORMAL_CIRCULATING_NUCLEOBASE_CONCENTRATION		34	0.21856886	0.7789639	0.79588336	1.0	1.0	4206	tags=32%, list=28%, signal=45%	
GOBP_ODONTOGENESIS_OF_DENTIN_CONTAINING_TOOTH	GOBP_ODONTOGENESIS_OF_DENTIN_CONTAINING_TOOTH		66	0.1876445	0.77877444	0.85141903	1.0	1.0	3911	tags=29%, list=26%, signal=39%	
GOBP_REGULATION_OF_ENDOCRINE_PROCESS	GOBP_REGULATION_OF_ENDOCRINE_PROCESS		36	0.21346746	0.7786496	0.8201681	1.0	1.0	4169	tags=36%, list=28%, signal=50%	
HP_LACRIMAL_DUCT_STENOSIS	HP_LACRIMAL_DUCT_STENOSIS		19	0.25706354	0.77856964	0.79310346	1.0	1.0	3167	tags=26%, list=21%, signal=33%	
HP_BICORNUATE_UTERUS	HP_BICORNUATE_UTERUS		44	0.20519876	0.7785516	0.84343433	1.0	1.0	4972	tags=36%, list=33%, signal=54%	
HP_VERTEBRAL_CLEFTING	HP_VERTEBRAL_CLEFTING		39	0.21155033	0.77808887	0.8226601	1.0	1.0	3542	tags=26%, list=23%, signal=33%	
GOBP_POSITIVE_REGULATION_OF_STEM_CELL_PROLIFERATION	GOBP_POSITIVE_REGULATION_OF_STEM_CELL_PROLIFERATION		40	0.21337198	0.7780206	0.8319185	1.0	1.0	2514	tags=20%, list=17%, signal=24%	
HP_INCREASED_CIRCULATING_LACTATE_DEHYDROGENASE_CONCENTRATION	HP_INCREASED_CIRCULATING_LACTATE_DEHYDROGENASE_CONCENTRATION		66	0.18950881	0.777805	0.86129034	1.0	1.0	4256	tags=29%, list=28%, signal=40%	
GOBP_REGULATION_OF_EXTRINSIC_APOPTOTIC_SIGNALING_PATHWAY_VIA_DEATH_DOMAIN_RECEPTORS	GOBP_REGULATION_OF_EXTRINSIC_APOPTOTIC_SIGNALING_PATHWAY_VIA_DEATH_DOMAIN_RECEPTORS		40	0.20981076	0.7773988	0.8165785	1.0	1.0	1742	tags=13%, list=12%, signal=14%	
GOMF_G_PROTEIN_ACTIVITY	GOMF_G_PROTEIN_ACTIVITY		61	0.18969682	0.77691203	0.8516746	1.0	1.0	1077	tags=11%, list=7%, signal=12%	
GOBP_REGULATION_OF_INSULIN_SECRETION	GOBP_REGULATION_OF_INSULIN_SECRETION		144	0.16790077	0.7766724	0.9148311	1.0	1.0	4265	tags=31%, list=28%, signal=42%	
HP_CUTANEOUS_SYNDACTYLY	HP_CUTANEOUS_SYNDACTYLY		91	0.17828102	0.7765083	0.8883333	1.0	1.0	3167	tags=23%, list=21%, signal=29%	
GOBP_REGULATION_OF_EPITHELIAL_TO_MESENCHYMAL_TRANSITION	GOBP_REGULATION_OF_EPITHELIAL_TO_MESENCHYMAL_TRANSITION		89	0.18280119	0.7764945	0.8862928	1.0	1.0	3307	tags=25%, list=22%, signal=31%	
GOBP_COLLATERAL_SPROUTING	GOBP_COLLATERAL_SPROUTING		27	0.23600619	0.77599466	0.7968198	1.0	1.0	1598	tags=19%, list=11%, signal=21%	
HP_AORTIC_REGURGITATION	HP_AORTIC_REGURGITATION		84	0.18080994	0.775627	0.8796296	1.0	1.0	1731	tags=13%, list=11%, signal=15%	
GOMF_LIPOPROTEIN_PARTICLE_RECEPTOR_BINDING	GOMF_LIPOPROTEIN_PARTICLE_RECEPTOR_BINDING		23	0.24065617	0.77562344	0.79932547	1.0	1.0	935	tags=13%, list=6%, signal=14%	
GOCC_ENDOPLASMIC_RETICULUM_QUALITY_CONTROL_COMPARTMENT	GOCC_ENDOPLASMIC_RETICULUM_QUALITY_CONTROL_COMPARTMENT		21	0.24778926	0.7754622	0.79515827	1.0	1.0	1838	tags=19%, list=12%, signal=22%	
HP_RETINAL_DEGENERATION	HP_RETINAL_DEGENERATION		254	0.1544711	0.7746358	0.958884	1.0	1.0	3297	tags=20%, list=22%, signal=26%	
GOBP_TUBE_CLOSURE	GOBP_TUBE_CLOSURE		80	0.18287611	0.7746004	0.8832237	1.0	1.0	3333	tags=24%, list=22%, signal=30%	
GOBP_TRACHEA_DEVELOPMENT	GOBP_TRACHEA_DEVELOPMENT		17	0.26410377	0.7745992	0.7963964	1.0	1.0	3515	tags=35%, list=23%, signal=46%	
GOBP_VASCULOGENESIS	GOBP_VASCULOGENESIS		70	0.18568036	0.77421594	0.8825449	1.0	1.0	3709	tags=27%, list=25%, signal=36%	
GOBP_PORE_COMPLEX_ASSEMBLY	GOBP_PORE_COMPLEX_ASSEMBLY		20	0.2489917	0.77412736	0.77264655	1.0	1.0	2976	tags=25%, list=20%, signal=31%	
HP_ABNORMAL_CELL_MORPHOLOGY	HP_ABNORMAL_CELL_MORPHOLOGY		32	0.22306362	0.77398396	0.81326354	1.0	1.0	2638	tags=22%, list=17%, signal=26%	
HP_FINGER_SYNDACTYLY	HP_FINGER_SYNDACTYLY		188	0.159926	0.77378196	0.9498525	1.0	1.0	3257	tags=21%, list=22%, signal=26%	
GOBP_PROTEIN_HOMOOLIGOMERIZATION	GOBP_PROTEIN_HOMOOLIGOMERIZATION		178	0.16043632	0.7737152	0.93303573	1.0	1.0	4113	tags=29%, list=27%, signal=40%	
GOBP_TISSUE_REMODELING	GOBP_TISSUE_REMODELING		150	0.16290613	0.7735981	0.92236024	1.0	1.0	2945	tags=21%, list=19%, signal=25%	
GOMF_TRANSAMINASE_ACTIVITY	GOMF_TRANSAMINASE_ACTIVITY		20	0.2519268	0.77342206	0.79427546	1.0	1.0	3952	tags=30%, list=26%, signal=41%	
HP_CENTRAL_SCOTOMA	HP_CENTRAL_SCOTOMA		57	0.19157448	0.7732015	0.83523655	1.0	1.0	4734	tags=33%, list=31%, signal=48%	
GOBP_POSITIVE_REGULATION_OF_CHOLESTEROL_EFFLUX	GOBP_POSITIVE_REGULATION_OF_CHOLESTEROL_EFFLUX		20	0.24463473	0.7729043	0.8148148	1.0	1.0	744	tags=10%, list=5%, signal=11%	
HP_ABNORMAL_ENZYME_ACTIVITY_IN_CULTURED_FIBROBLASTS	HP_ABNORMAL_ENZYME_ACTIVITY_IN_CULTURED_FIBROBLASTS		27	0.22710286	0.7728856	0.82395643	1.0	1.0	3444	tags=22%, list=23%, signal=29%	
GOMF_ANTIPORTER_ACTIVITY	GOMF_ANTIPORTER_ACTIVITY		112	0.17176381	0.77279216	0.90879476	1.0	1.0	1746	tags=13%, list=12%, signal=15%	
GOBP_LONG_TERM_SYNAPTIC_DEPRESSION	GOBP_LONG_TERM_SYNAPTIC_DEPRESSION		26	0.22631553	0.7727867	0.8116197	1.0	1.0	4667	tags=38%, list=31%, signal=56%	
GOBP_REGULATION_OF_POLYSACCHARIDE_METABOLIC_PROCESS	GOBP_REGULATION_OF_POLYSACCHARIDE_METABOLIC_PROCESS		38	0.2075255	0.7726235	0.83978873	1.0	1.0	390	tags=8%, list=3%, signal=8%	
GOCC_GOLGI_CISTERNA_MEMBRANE	GOCC_GOLGI_CISTERNA_MEMBRANE		74	0.18461461	0.7725728	0.88535035	1.0	1.0	2614	tags=19%, list=17%, signal=23%	
GOBP_POSITIVE_REGULATION_OF_CELL_CYCLE_PROCESS	GOBP_POSITIVE_REGULATION_OF_CELL_CYCLE_PROCESS		224	0.1556608	0.77247375	0.9655172	1.0	1.0	5473	tags=40%, list=36%, signal=61%	
GOBP_POSITIVE_REGULATION_OF_SUBSTRATE_ADHESION_DEPENDENT_CELL_SPREADING	GOBP_POSITIVE_REGULATION_OF_SUBSTRATE_ADHESION_DEPENDENT_CELL_SPREADING		36	0.215809	0.77228045	0.8327645	1.0	1.0	1374	tags=14%, list=9%, signal=15%	
GOBP_PROTEIN_AUTOUBIQUITINATION	GOBP_PROTEIN_AUTOUBIQUITINATION		68	0.18887213	0.7719228	0.85504884	1.0	1.0	1838	tags=15%, list=12%, signal=17%	
HP_ABNORMAL_ORAL_FRENULUM_MORPHOLOGY	HP_ABNORMAL_ORAL_FRENULUM_MORPHOLOGY		62	0.18939316	0.7718197	0.8352181	1.0	1.0	2680	tags=19%, list=18%, signal=23%	
GOBP_POSITIVE_REGULATION_OF_VASCULAR_ENDOTHELIAL_GROWTH_FACTOR_RECEPTOR_SIGNALING_PATHWAY	GOBP_POSITIVE_REGULATION_OF_VASCULAR_ENDOTHELIAL_GROWTH_FACTOR_RECEPTOR_SIGNALING_PATHWAY		15	0.2721084	0.7717106	0.7677305	1.0	1.0	4555	tags=40%, list=30%, signal=57%	
GOBP_CATECHOLAMINE_TRANSPORT	GOBP_CATECHOLAMINE_TRANSPORT		50	0.19767354	0.771311	0.86026937	1.0	1.0	5027	tags=46%, list=33%, signal=69%	
GOBP_EPITHELIAL_CELL_APOPTOTIC_PROCESS	GOBP_EPITHELIAL_CELL_APOPTOTIC_PROCESS		63	0.1918829	0.7711327	0.8708661	1.0	1.0	4903	tags=41%, list=32%, signal=61%	
HP_CEREBELLAR_MALFORMATION	HP_CEREBELLAR_MALFORMATION		234	0.15543695	0.7708269	0.9626437	1.0	1.0	3987	tags=25%, list=26%, signal=33%	
GOBP_NEGATIVE_REGULATION_OF_MEIOTIC_CELL_CYCLE	GOBP_NEGATIVE_REGULATION_OF_MEIOTIC_CELL_CYCLE		17	0.2576188	0.77078617	0.7945946	1.0	1.0	2765	tags=24%, list=18%, signal=29%	
GOBP_3_UTR_MEDIATED_MRNA_DESTABILIZATION	GOBP_3_UTR_MEDIATED_MRNA_DESTABILIZATION		16	0.26296496	0.7707388	0.7814685	1.0	1.0	25	tags=6%, list=0%, signal=6%	
HP_ABNORMAL_SIZE_OF_THE_PALPEBRAL_FISSURES	HP_ABNORMAL_SIZE_OF_THE_PALPEBRAL_FISSURES		270	0.15137847	0.77050155	0.97521865	1.0	1.0	2170	tags=14%, list=14%, signal=16%	
GOMF_PROTEASOME_BINDING	GOMF_PROTEASOME_BINDING		17	0.26050073	0.77041686	0.7789855	1.0	1.0	5663	tags=35%, list=37%, signal=56%	
GOMF_PROTEIN_MEMBRANE_ADAPTOR_ACTIVITY	GOMF_PROTEIN_MEMBRANE_ADAPTOR_ACTIVITY		43	0.20147926	0.7699968	0.84889644	1.0	1.0	2302	tags=19%, list=15%, signal=22%	
GOBP_SARCOPLASMIC_RETICULUM_CALCIUM_ION_TRANSPORT	GOBP_SARCOPLASMIC_RETICULUM_CALCIUM_ION_TRANSPORT		35	0.21238494	0.7697633	0.85398984	1.0	1.0	2584	tags=20%, list=17%, signal=24%	
HP_CYANOSIS	HP_CYANOSIS		91	0.17713374	0.76946807	0.8951747	1.0	1.0	4232	tags=30%, list=28%, signal=41%	
GOBP_REGULATION_OF_OSSIFICATION	GOBP_REGULATION_OF_OSSIFICATION		107	0.17240931	0.76926047	0.9029126	1.0	1.0	1785	tags=12%, list=12%, signal=14%	
GOBP_RESPONSE_TO_CORTICOSTEROID	GOBP_RESPONSE_TO_CORTICOSTEROID		124	0.16957374	0.76865965	0.9255814	1.0	1.0	3311	tags=23%, list=22%, signal=30%	
HP_DECREASED_COMPOUND_MUSCLE_ACTION_POTENTIAL_AMPLITUDE	HP_DECREASED_COMPOUND_MUSCLE_ACTION_POTENTIAL_AMPLITUDE		15	0.26504564	0.76837176	0.78965515	1.0	1.0	3801	tags=27%, list=25%, signal=36%	
GOBP_POSITIVE_REGULATION_OF_CELL_CYCLE_CHECKPOINT	GOBP_POSITIVE_REGULATION_OF_CELL_CYCLE_CHECKPOINT		16	0.26292205	0.7682796	0.7826855	1.0	1.0	7222	tags=69%, list=48%, signal=132%	
GOCC_RNA_POLYMERASE_II_CORE_COMPLEX	GOCC_RNA_POLYMERASE_II_CORE_COMPLEX		16	0.26189524	0.767877	0.7858439	1.0	1.0	3934	tags=38%, list=26%, signal=51%	
HP_IRRITABILITY	HP_IRRITABILITY		220	0.15555745	0.7675989	0.95690936	1.0	1.0	3425	tags=22%, list=23%, signal=28%	
GOBP_NUCLEOSIDE_DIPHOSPHATE_METABOLIC_PROCESS	GOBP_NUCLEOSIDE_DIPHOSPHATE_METABOLIC_PROCESS		119	0.16809043	0.7675343	0.9284553	1.0	1.0	3916	tags=29%, list=26%, signal=39%	
GOCC_LIPID_DROPLET	GOCC_LIPID_DROPLET		87	0.17580073	0.7674763	0.903481	1.0	1.0	3937	tags=28%, list=26%, signal=37%	
HP_NON_MIDLINE_CLEFT_PALATE	HP_NON_MIDLINE_CLEFT_PALATE		26	0.22794202	0.76722187	0.8330373	1.0	1.0	2563	tags=23%, list=17%, signal=28%	
HP_ABNORMAL_PERIPHERAL_ACTION_POTENTIAL_AMPLITUDE	HP_ABNORMAL_PERIPHERAL_ACTION_POTENTIAL_AMPLITUDE		36	0.2103256	0.76699847	0.8192771	1.0	1.0	3801	tags=25%, list=25%, signal=33%	
HP_SICK_SINUS_SYNDROME	HP_SICK_SINUS_SYNDROME		22	0.24141893	0.7668596	0.7896494	1.0	1.0	1851	tags=23%, list=12%, signal=26%	
HP_PERICARDITIS	HP_PERICARDITIS		31	0.22157636	0.7667161	0.8221071	1.0	1.0	5026	tags=45%, list=33%, signal=68%	
GOBP_POSITIVE_REGULATION_OF_SYNAPTIC_TRANSMISSION	GOBP_POSITIVE_REGULATION_OF_SYNAPTIC_TRANSMISSION		141	0.16588932	0.7667082	0.9517885	1.0	1.0	2921	tags=21%, list=19%, signal=25%	
HP_ABNORMAL_DENTAL_ROOT_MORPHOLOGY	HP_ABNORMAL_DENTAL_ROOT_MORPHOLOGY		54	0.19420832	0.7664405	0.85227275	1.0	1.0	2708	tags=24%, list=18%, signal=29%	
GOMF_PROTEASE_BINDING	GOMF_PROTEASE_BINDING		107	0.17004138	0.76628983	0.9297125	1.0	1.0	3922	tags=24%, list=26%, signal=33%	
GOCC_MULTIVESICULAR_BODY	GOCC_MULTIVESICULAR_BODY		55	0.19413458	0.76600647	0.8998358	1.0	1.0	2173	tags=16%, list=14%, signal=19%	
HP_APLASIA_OF_THE_UTERUS	HP_APLASIA_OF_THE_UTERUS		21	0.2431429	0.76584035	0.8158784	1.0	1.0	1876	tags=19%, list=12%, signal=22%	
HP_JOINT_DISLOCATION	HP_JOINT_DISLOCATION		337	0.14771898	0.7651517	0.9930652	1.0	1.0	4524	tags=28%, list=30%, signal=39%	
HP_DECREASED_URINE_OUTPUT	HP_DECREASED_URINE_OUTPUT		24	0.23641083	0.7649816	0.8105802	1.0	1.0	1605	tags=13%, list=11%, signal=14%	
GOCC_ORGANELLE_MEMBRANE_CONTACT_SITE	GOCC_ORGANELLE_MEMBRANE_CONTACT_SITE		52	0.19643794	0.7648306	0.8627787	1.0	1.0	4104	tags=31%, list=27%, signal=42%	
HP_CAFE_AU_LAIT_SPOT	HP_CAFE_AU_LAIT_SPOT		100	0.17409816	0.76482916	0.93260187	1.0	1.0	4688	tags=33%, list=31%, signal=48%	
HP_ABNORMAL_FORM_OF_THE_VERTEBRAL_BODIES	HP_ABNORMAL_FORM_OF_THE_VERTEBRAL_BODIES		319	0.14707601	0.76439303	0.9903448	1.0	1.0	4261	tags=26%, list=28%, signal=35%	
HP_DECREASED_CIRCULATING_TOTAL_IGM	HP_DECREASED_CIRCULATING_TOTAL_IGM		60	0.19205882	0.7643596	0.8718381	1.0	1.0	1626	tags=13%, list=11%, signal=15%	
GOMF_OXIDOREDUCTASE_ACTIVITY_ACTING_ON_PAIRED_DONORS_WITH_INCORPORATION_OR_REDUCTION_OF_MOLECULAR_OXYGEN	GOMF_OXIDOREDUCTASE_ACTIVITY_ACTING_ON_PAIRED_DONORS_WITH_INCORPORATION_OR_REDUCTION_OF_MOLECULAR_OXYGEN		138	0.16374856	0.76308477	0.9402985	1.0	1.0	2096	tags=14%, list=14%, signal=17%	
HP_ABNORMAL_ACETABULUM_MORPHOLOGY	HP_ABNORMAL_ACETABULUM_MORPHOLOGY		82	0.17866245	0.76272833	0.90584415	1.0	1.0	3153	tags=22%, list=21%, signal=28%	
HP_SOMATIC_SENSORY_DYSFUNCTION	HP_SOMATIC_SENSORY_DYSFUNCTION		374	0.14467455	0.76268935	0.989071	1.0	1.0	3923	tags=25%, list=26%, signal=33%	
GOBP_NEGATIVE_REGULATION_OF_STEM_CELL_DIFFERENTIATION	GOBP_NEGATIVE_REGULATION_OF_STEM_CELL_DIFFERENTIATION		24	0.23154378	0.76224095	0.81867146	1.0	1.0	3542	tags=29%, list=23%, signal=38%	
HP_ABNORMAL_ELASTICITY_OF_SKIN	HP_ABNORMAL_ELASTICITY_OF_SKIN		211	0.1534087	0.7622279	0.96920824	1.0	1.0	2989	tags=20%, list=20%, signal=24%	
GOBP_LYSOSOMAL_MEMBRANE_ORGANIZATION	GOBP_LYSOSOMAL_MEMBRANE_ORGANIZATION		15	0.26390067	0.7617902	0.7938671	1.0	1.0	2187	tags=27%, list=14%, signal=31%	
HP_RETINAL_PIGMENT_EPITHELIAL_MOTTLING	HP_RETINAL_PIGMENT_EPITHELIAL_MOTTLING		41	0.20711389	0.761639	0.8544839	1.0	1.0	2472	tags=22%, list=16%, signal=26%	
GOBP_SPINAL_CORD_PATTERNING	GOBP_SPINAL_CORD_PATTERNING		18	0.25406417	0.7616165	0.7891037	1.0	1.0	3639	tags=33%, list=24%, signal=44%	
GOBP_ORGANOPHOSPHATE_ESTER_TRANSPORT	GOBP_ORGANOPHOSPHATE_ESTER_TRANSPORT		146	0.16279511	0.7610678	0.9362671	1.0	1.0	2602	tags=18%, list=17%, signal=21%	
HP_FATIGABLE_WEAKNESS_OF_SWALLOWING_MUSCLES	HP_FATIGABLE_WEAKNESS_OF_SWALLOWING_MUSCLES		36	0.2077347	0.76100284	0.8374126	1.0	1.0	4629	tags=31%, list=31%, signal=44%	
GOBP_REGULATION_OF_GLUCONEOGENESIS	GOBP_REGULATION_OF_GLUCONEOGENESIS		43	0.19838524	0.76095724	0.82894737	1.0	1.0	1185	tags=12%, list=8%, signal=13%	
HP_ABNORMAL_TONGUE_MORPHOLOGY	HP_ABNORMAL_TONGUE_MORPHOLOGY		330	0.14660881	0.76085687	0.9903714	1.0	1.0	3997	tags=25%, list=26%, signal=34%	
GOMF_TRANSPORTER_INHIBITOR_ACTIVITY	GOMF_TRANSPORTER_INHIBITOR_ACTIVITY		45	0.20266606	0.76063854	0.8289703	1.0	1.0	4825	tags=40%, list=32%, signal=59%	
GOBP_AMMONIUM_ION_METABOLIC_PROCESS	GOBP_AMMONIUM_ION_METABOLIC_PROCESS		18	0.25772822	0.76052403	0.7903226	1.0	1.0	814	tags=11%, list=5%, signal=12%	
HP_DEVIATION_OF_THE_HALLUX	HP_DEVIATION_OF_THE_HALLUX		83	0.17527503	0.7601997	0.8971061	1.0	1.0	3987	tags=29%, list=26%, signal=39%	
GOBP_POSITIVE_REGULATION_OF_CELL_MORPHOGENESIS	GOBP_POSITIVE_REGULATION_OF_CELL_MORPHOGENESIS		30	0.21996059	0.759835	0.8471223	1.0	1.0	5445	tags=50%, list=36%, signal=78%	
GOBP_REGULATION_OF_ORGAN_GROWTH	GOBP_REGULATION_OF_ORGAN_GROWTH		69	0.1851353	0.7595809	0.89249146	1.0	1.0	4549	tags=35%, list=30%, signal=50%	
HP_AXIAL_MUSCLE_WEAKNESS	HP_AXIAL_MUSCLE_WEAKNESS		40	0.20465164	0.7595066	0.84046054	1.0	1.0	3944	tags=35%, list=26%, signal=47%	
HP_RECURRENT_FRACTURES	HP_RECURRENT_FRACTURES		119	0.16482905	0.7594651	0.94153845	1.0	1.0	1065	tags=9%, list=7%, signal=10%	
HP_ULNAR_DEVIATION_OF_THE_WRIST	HP_ULNAR_DEVIATION_OF_THE_WRIST		17	0.25307333	0.7592155	0.7854546	1.0	1.0	4784	tags=47%, list=32%, signal=69%	
GOBP_NEGATIVE_REGULATION_OF_EXOCYTOSIS	GOBP_NEGATIVE_REGULATION_OF_EXOCYTOSIS		31	0.21852309	0.75894916	0.8321168	1.0	1.0	4641	tags=39%, list=31%, signal=56%	
GOBP_CELLULAR_RESPONSE_TO_ANGIOTENSIN	GOBP_CELLULAR_RESPONSE_TO_ANGIOTENSIN		34	0.20894945	0.75828725	0.8505155	1.0	1.0	1404	tags=15%, list=9%, signal=16%	
GOBP_COLLAGEN_BIOSYNTHETIC_PROCESS	GOBP_COLLAGEN_BIOSYNTHETIC_PROCESS		41	0.20519917	0.7582013	0.8333333	1.0	1.0	3329	tags=24%, list=22%, signal=31%	
HP_LOWER_EXTREMITY_JOINT_DISLOCATION	HP_LOWER_EXTREMITY_JOINT_DISLOCATION		279	0.14818317	0.75817966	0.9808743	1.0	1.0	3990	tags=24%, list=26%, signal=33%	
GOBP_REGULATION_OF_CARDIAC_MUSCLE_CONTRACTION_BY_CALCIUM_ION_SIGNALING	GOBP_REGULATION_OF_CARDIAC_MUSCLE_CONTRACTION_BY_CALCIUM_ION_SIGNALING		28	0.22126336	0.758168	0.8239437	1.0	1.0	4274	tags=39%, list=28%, signal=55%	
GOBP_OSTEOBLAST_DIFFERENTIATION	GOBP_OSTEOBLAST_DIFFERENTIATION		204	0.15424912	0.7581029	0.9708879	1.0	1.0	5347	tags=38%, list=35%, signal=58%	
GOBP_MEMBRANE_DOCKING	GOBP_MEMBRANE_DOCKING		83	0.17578194	0.75798523	0.89344263	1.0	1.0	1638	tags=12%, list=11%, signal=13%	
HP_COMPLETE_ATRIOVENTRICULAR_CANAL_DEFECT	HP_COMPLETE_ATRIOVENTRICULAR_CANAL_DEFECT		15	0.25775272	0.75727725	0.7881508	1.0	1.0	873	tags=13%, list=6%, signal=14%	
GOBP_NEGATIVE_REGULATION_OF_TRANSPORTER_ACTIVITY	GOBP_NEGATIVE_REGULATION_OF_TRANSPORTER_ACTIVITY		27	0.22402048	0.7572196	0.8283713	1.0	1.0	4712	tags=37%, list=31%, signal=54%	
GOBP_PROTEIN_K48_LINKED_UBIQUITINATION	GOBP_PROTEIN_K48_LINKED_UBIQUITINATION		95	0.17371055	0.7571346	0.91575664	1.0	1.0	3430	tags=21%, list=23%, signal=27%	
HP_IMPAIRED_VIBRATION_SENSATION_IN_THE_LOWER_LIMBS	HP_IMPAIRED_VIBRATION_SENSATION_IN_THE_LOWER_LIMBS		49	0.19435716	0.75602525	0.8659794	1.0	1.0	3862	tags=29%, list=26%, signal=38%	
GOCC_PROTEIN_DNA_COMPLEX	GOCC_PROTEIN_DNA_COMPLEX		173	0.15701342	0.75567925	0.957382	1.0	1.0	3407	tags=21%, list=23%, signal=27%	
HP_SEVERE_INFECTION	HP_SEVERE_INFECTION		55	0.19201906	0.75402796	0.8867314	1.0	1.0	4413	tags=35%, list=29%, signal=49%	
GOBP_RESPONSE_TO_BMP	GOBP_RESPONSE_TO_BMP		148	0.16043499	0.7539563	0.94736844	1.0	1.0	4852	tags=34%, list=32%, signal=50%	
GOBP_POSITIVE_REGULATION_OF_CELL_CYCLE	GOBP_POSITIVE_REGULATION_OF_CELL_CYCLE		282	0.14792562	0.7538405	0.98398834	1.0	1.0	5473	tags=39%, list=36%, signal=61%	
GOBP_RESPONSE_TO_HYDROPEROXIDE	GOBP_RESPONSE_TO_HYDROPEROXIDE		18	0.2529625	0.7535799	0.8219697	1.0	1.0	4625	tags=50%, list=31%, signal=72%	
HP_ABNORMAL_ASCENDING_AORTA_MORPHOLOGY	HP_ABNORMAL_ASCENDING_AORTA_MORPHOLOGY		19	0.24599305	0.75324064	0.8149466	1.0	1.0	645	tags=11%, list=4%, signal=11%	
GOBP_INSULIN_SECRETION	GOBP_INSULIN_SECRETION		174	0.15526444	0.7532283	0.972973	1.0	1.0	4293	tags=29%, list=28%, signal=40%	
GOBP_VENTRICULAR_SEPTUM_DEVELOPMENT	GOBP_VENTRICULAR_SEPTUM_DEVELOPMENT		66	0.18120553	0.75233173	0.89586776	1.0	1.0	2639	tags=20%, list=17%, signal=24%	
GOBP_BLASTOCYST_DEVELOPMENT	GOBP_BLASTOCYST_DEVELOPMENT		104	0.16753162	0.75165987	0.90865386	1.0	1.0	3571	tags=23%, list=24%, signal=30%	
GOBP_DOPAMINERGIC_NEURON_DIFFERENTIATION	GOBP_DOPAMINERGIC_NEURON_DIFFERENTIATION		36	0.2091098	0.7516209	0.8269551	1.0	1.0	5502	tags=47%, list=36%, signal=74%	
GOBP_EXECUTION_PHASE_OF_APOPTOSIS	GOBP_EXECUTION_PHASE_OF_APOPTOSIS		69	0.1836144	0.7507208	0.8930818	1.0	1.0	4576	tags=39%, list=30%, signal=56%	
GOBP_BIOMINERAL_TISSUE_DEVELOPMENT	GOBP_BIOMINERAL_TISSUE_DEVELOPMENT		152	0.15749237	0.75034493	0.95585996	1.0	1.0	4040	tags=27%, list=27%, signal=36%	
HP_ABNORMAL_MAXILLA_MORPHOLOGY	HP_ABNORMAL_MAXILLA_MORPHOLOGY		139	0.16090712	0.7502746	0.97507787	1.0	1.0	3224	tags=21%, list=21%, signal=26%	
GOBP_PORPHYRIN_CONTAINING_COMPOUND_METABOLIC_PROCESS	GOBP_PORPHYRIN_CONTAINING_COMPOUND_METABOLIC_PROCESS		45	0.19567388	0.7502092	0.8773424	1.0	1.0	2743	tags=20%, list=18%, signal=24%	
HP_THROMBOEMBOLIC_STROKE	HP_THROMBOEMBOLIC_STROKE		58	0.18582119	0.75003994	0.8947368	1.0	1.0	2148	tags=19%, list=14%, signal=22%	
GOBP_LACTATION	GOBP_LACTATION		33	0.21051659	0.74992096	0.8429319	1.0	1.0	2120	tags=18%, list=14%, signal=21%	
GOBP_PURINE_NUCLEOSIDE_MONOPHOSPHATE_METABOLIC_PROCESS	GOBP_PURINE_NUCLEOSIDE_MONOPHOSPHATE_METABOLIC_PROCESS		40	0.20240985	0.7495083	0.87086093	1.0	1.0	4656	tags=35%, list=31%, signal=50%	
GOBP_REGULATION_OF_CELL_CYCLE_CHECKPOINT	GOBP_REGULATION_OF_CELL_CYCLE_CHECKPOINT		41	0.19866486	0.74912196	0.8617201	1.0	1.0	5461	tags=41%, list=36%, signal=65%	
GOBP_BRANCHING_MORPHOGENESIS_OF_AN_EPITHELIAL_TUBE	GOBP_BRANCHING_MORPHOGENESIS_OF_AN_EPITHELIAL_TUBE		145	0.15858187	0.7487635	0.9559271	1.0	1.0	3965	tags=27%, list=26%, signal=36%	
GOBP_ENERGY_DERIVATION_BY_OXIDATION_OF_ORGANIC_COMPOUNDS	GOBP_ENERGY_DERIVATION_BY_OXIDATION_OF_ORGANIC_COMPOUNDS		293	0.14563346	0.74847376	0.98712444	1.0	1.0	4585	tags=28%, list=30%, signal=39%	
GOBP_REGULATION_OF_FAT_CELL_DIFFERENTIATION	GOBP_REGULATION_OF_FAT_CELL_DIFFERENTIATION		110	0.16706446	0.74845725	0.9309262	1.0	1.0	1121	tags=11%, list=7%, signal=12%	
HP_SEVERE_VIRAL_INFECTION	HP_SEVERE_VIRAL_INFECTION		32	0.21367869	0.7483031	0.8618308	1.0	1.0	4359	tags=31%, list=29%, signal=44%	
GOBP_REGULATORY_NCRNA_MEDIATED_HETEROCHROMATIN_FORMATION	GOBP_REGULATORY_NCRNA_MEDIATED_HETEROCHROMATIN_FORMATION		15	0.26612857	0.7482373	0.7989031	1.0	1.0	4654	tags=40%, list=31%, signal=58%	
HP_BELL_SHAPED_THORAX	HP_BELL_SHAPED_THORAX		32	0.21394798	0.7481668	0.8460145	1.0	1.0	1144	tags=9%, list=8%, signal=10%	
HP_BACK_PAIN	HP_BACK_PAIN		58	0.18895584	0.74813515	0.8726655	1.0	1.0	2210	tags=17%, list=15%, signal=20%	
GOMF_PHOSPHATIDYLINOSITOL_3_5_BISPHOSPHATE_BINDING	GOMF_PHOSPHATIDYLINOSITOL_3_5_BISPHOSPHATE_BINDING		26	0.22407821	0.74780613	0.82922536	1.0	1.0	3267	tags=27%, list=22%, signal=34%	
GOBP_POSITIVE_REGULATION_OF_B_CELL_ACTIVATION	GOBP_POSITIVE_REGULATION_OF_B_CELL_ACTIVATION		65	0.18255076	0.7477424	0.9045226	1.0	1.0	2821	tags=20%, list=19%, signal=24%	
GOBP_NEUROTRANSMITTER_RECEPTOR_TRANSPORT	GOBP_NEUROTRANSMITTER_RECEPTOR_TRANSPORT		19	0.24794714	0.7476743	0.80892855	1.0	1.0	641	tags=11%, list=4%, signal=11%	
HP_RIGHT_VENTRICULAR_HYPERTROPHY	HP_RIGHT_VENTRICULAR_HYPERTROPHY		32	0.21074235	0.7474836	0.85391307	1.0	1.0	3146	tags=25%, list=21%, signal=32%	
GOBP_CD4_POSITIVE_OR_CD8_POSITIVE_ALPHA_BETA_T_CELL_LINEAGE_COMMITMENT	GOBP_CD4_POSITIVE_OR_CD8_POSITIVE_ALPHA_BETA_T_CELL_LINEAGE_COMMITMENT		26	0.225309	0.7471985	0.8336163	1.0	1.0	3375	tags=31%, list=22%, signal=40%	
GOBP_NUCLEOBASE_METABOLIC_PROCESS	GOBP_NUCLEOBASE_METABOLIC_PROCESS		38	0.20272946	0.74696517	0.87842464	1.0	1.0	4216	tags=34%, list=28%, signal=47%	
HP_LONG_TOE	HP_LONG_TOE		41	0.20056164	0.7466504	0.8665511	1.0	1.0	1683	tags=15%, list=11%, signal=16%	
HP_SMALL_JOINT_HYPERMOBILTY	HP_SMALL_JOINT_HYPERMOBILTY		56	0.18682463	0.74649525	0.8960396	1.0	1.0	2006	tags=14%, list=13%, signal=16%	
HP_INCREASED_SULFUR_AMINO_ACID_LEVEL_IN_URINE	HP_INCREASED_SULFUR_AMINO_ACID_LEVEL_IN_URINE		16	0.25446308	0.74598044	0.84115523	1.0	1.0	6271	tags=63%, list=42%, signal=107%	
HP_UNILATERAL_RENAL_AGENESIS	HP_UNILATERAL_RENAL_AGENESIS		89	0.17068473	0.74595416	0.9336493	1.0	1.0	3323	tags=20%, list=22%, signal=26%	
GOBP_EMBRYONIC_DIGESTIVE_TRACT_DEVELOPMENT	GOBP_EMBRYONIC_DIGESTIVE_TRACT_DEVELOPMENT		29	0.21964057	0.7459398	0.8476027	1.0	1.0	4599	tags=34%, list=30%, signal=49%	
GOMF_NUCLEAR_ESTROGEN_RECEPTOR_BINDING	GOMF_NUCLEAR_ESTROGEN_RECEPTOR_BINDING		31	0.21373108	0.74555767	0.8610635	1.0	1.0	3421	tags=26%, list=23%, signal=33%	
HP_OSTEOPENIA	HP_OSTEOPENIA		269	0.1470403	0.7455354	0.98137534	1.0	1.0	1946	tags=12%, list=13%, signal=14%	
GOBP_QUINONE_METABOLIC_PROCESS	GOBP_QUINONE_METABOLIC_PROCESS		24	0.22262047	0.7453744	0.8513986	1.0	1.0	594	tags=8%, list=4%, signal=9%	
HP_ABNORMALITY_OF_THE_PERIORBITAL_REGION	HP_ABNORMALITY_OF_THE_PERIORBITAL_REGION		245	0.14851622	0.74508375	0.9866667	1.0	1.0	3591	tags=22%, list=24%, signal=28%	
HP_UPPER_AIRWAY_OBSTRUCTION	HP_UPPER_AIRWAY_OBSTRUCTION		15	0.25481516	0.7450758	0.7817164	1.0	1.0	2540	tags=27%, list=17%, signal=32%	
HP_ABNORMALITY_ON_PULMONARY_FUNCTION_TESTING	HP_ABNORMALITY_ON_PULMONARY_FUNCTION_TESTING		176	0.15378377	0.7449209	0.97432023	1.0	1.0	4225	tags=28%, list=28%, signal=38%	
HP_SENSORY_ATAXIA	HP_SENSORY_ATAXIA		15	0.25548258	0.74482965	0.80747664	1.0	1.0	1900	tags=20%, list=13%, signal=23%	
HP_ABNORMAL_CD8_T_CELL_PROPORTION	HP_ABNORMAL_CD8_T_CELL_PROPORTION		15	0.25405023	0.7446488	0.806338	1.0	1.0	964	tags=13%, list=6%, signal=14%	
HP_STRIDOR	HP_STRIDOR		44	0.20044972	0.7445215	0.8623549	1.0	1.0	4847	tags=32%, list=32%, signal=47%	
HP_SUPRAVENTRICULAR_ARRHYTHMIA	HP_SUPRAVENTRICULAR_ARRHYTHMIA		103	0.16634028	0.74423397	0.95345104	1.0	1.0	2208	tags=17%, list=15%, signal=19%	
GOBP_RESPONSE_TO_COPPER_ION	GOBP_RESPONSE_TO_COPPER_ION		34	0.20714222	0.7439359	0.8707483	1.0	1.0	5080	tags=35%, list=34%, signal=53%	
GOMF_ACYLGLYCEROL_O_ACYLTRANSFERASE_ACTIVITY	GOMF_ACYLGLYCEROL_O_ACYLTRANSFERASE_ACTIVITY		26	0.22498778	0.7437051	0.8453608	1.0	1.0	1750	tags=19%, list=12%, signal=22%	
HP_OBSESSIVE_COMPULSIVE_TRAIT	HP_OBSESSIVE_COMPULSIVE_TRAIT		31	0.21424171	0.7436393	0.84707904	1.0	1.0	4232	tags=32%, list=28%, signal=45%	
HP_HYPOGLYCEMIC_COMA	HP_HYPOGLYCEMIC_COMA		17	0.25123513	0.7434837	0.8238342	1.0	1.0	2211	tags=24%, list=15%, signal=28%	
HP_HYPOPLASTIC_PELVIS	HP_HYPOPLASTIC_PELVIS		16	0.25760916	0.7431792	0.81296295	1.0	1.0	1785	tags=19%, list=12%, signal=21%	
GOCC_NUCLEAR_ENVELOPE	GOCC_NUCLEAR_ENVELOPE		454	0.13913195	0.74314445	0.99609375	1.0	1.0	4716	tags=29%, list=31%, signal=41%	
HP_ABNORMAL_HAIRSHAFT_MORPHOLOGY	HP_ABNORMAL_HAIRSHAFT_MORPHOLOGY		28	0.21731497	0.74305224	0.8677249	1.0	1.0	4068	tags=39%, list=27%, signal=54%	
HP_CORONAL_CLEFT_VERTEBRAE	HP_CORONAL_CLEFT_VERTEBRAE		18	0.24254467	0.7428208	0.82960415	1.0	1.0	1609	tags=11%, list=11%, signal=12%	
GOMF_TRANSCRIPTION_COREPRESSOR_BINDING	GOMF_TRANSCRIPTION_COREPRESSOR_BINDING		40	0.20116648	0.7422531	0.8752108	1.0	1.0	3451	tags=25%, list=23%, signal=32%	
GOMF_ALPHA_TUBULIN_BINDING	GOMF_ALPHA_TUBULIN_BINDING		36	0.20260988	0.7414077	0.8724832	1.0	1.0	3976	tags=31%, list=26%, signal=41%	
GOBP_REGULATION_OF_PROTEIN_NEDDYLATION	GOBP_REGULATION_OF_PROTEIN_NEDDYLATION		20	0.2383836	0.74128616	0.8417391	1.0	1.0	3734	tags=30%, list=25%, signal=40%	
HP_HEMIPLEGIA	HP_HEMIPLEGIA		30	0.21230276	0.74117535	0.86538464	1.0	1.0	1366	tags=13%, list=9%, signal=15%	
HP_ABNORMALITY_OF_COAGULATION	HP_ABNORMALITY_OF_COAGULATION		196	0.15175663	0.7411131	0.9739884	1.0	1.0	4712	tags=32%, list=31%, signal=45%	
HP_ABNORMAL_CONUS_TERMINALIS_MORPHOLOGY	HP_ABNORMAL_CONUS_TERMINALIS_MORPHOLOGY		29	0.21478647	0.741027	0.858075	1.0	1.0	2408	tags=17%, list=16%, signal=20%	
HP_HYPERCALCEMIA	HP_HYPERCALCEMIA		60	0.18304639	0.7408939	0.8993399	1.0	1.0	4339	tags=33%, list=29%, signal=47%	
HP_ABNORMAL_METATARSAL_MORPHOLOGY	HP_ABNORMAL_METATARSAL_MORPHOLOGY		142	0.15919292	0.7404553	0.9586524	1.0	1.0	2729	tags=17%, list=18%, signal=20%	
HP_THICKENED_NUCHAL_SKIN_FOLD	HP_THICKENED_NUCHAL_SKIN_FOLD		53	0.18904631	0.7403449	0.90833336	1.0	1.0	4040	tags=30%, list=27%, signal=41%	
HP_BONE_PAIN	HP_BONE_PAIN		75	0.1754719	0.7402343	0.9325843	1.0	1.0	1621	tags=11%, list=11%, signal=12%	
GOCC_SPINDLE_POLE	GOCC_SPINDLE_POLE		163	0.15421295	0.7402238	0.9740458	1.0	1.0	445	tags=6%, list=3%, signal=6%	
GOCC_NUCLEAR_PORE	GOCC_NUCLEAR_PORE		86	0.17211382	0.7401843	0.93333334	1.0	1.0	5236	tags=37%, list=35%, signal=57%	
GOBP_GABAERGIC_NEURON_DIFFERENTIATION	GOBP_GABAERGIC_NEURON_DIFFERENTIATION		18	0.2458558	0.74014676	0.83566433	1.0	1.0	2858	tags=22%, list=19%, signal=27%	
HP_UNILATERAL_CLEFT_PALATE	HP_UNILATERAL_CLEFT_PALATE		18	0.24215904	0.7398894	0.82986766	1.0	1.0	2283	tags=22%, list=15%, signal=26%	
GOBP_MODULATION_BY_HOST_OF_VIRAL_GENOME_REPLICATION	GOBP_MODULATION_BY_HOST_OF_VIRAL_GENOME_REPLICATION		19	0.23885566	0.73957795	0.83514494	1.0	1.0	3980	tags=32%, list=26%, signal=43%	
HP_APLASIA_HYPOPLASIA_OF_THE_5TH_METACARPAL	HP_APLASIA_HYPOPLASIA_OF_THE_5TH_METACARPAL		15	0.25043422	0.7395748	0.81914896	1.0	1.0	271	tags=7%, list=2%, signal=7%	
HP_AORTIC_ANEURYSM	HP_AORTIC_ANEURYSM		140	0.15937942	0.73884434	0.9657228	1.0	1.0	1673	tags=11%, list=11%, signal=13%	
GOBP_REGULATION_OF_PH	GOBP_REGULATION_OF_PH		90	0.16747545	0.738602	0.9361702	1.0	1.0	4911	tags=34%, list=33%, signal=51%	
HP_COLPOCEPHALY	HP_COLPOCEPHALY		32	0.2072196	0.7380755	0.8513274	1.0	1.0	3895	tags=31%, list=26%, signal=42%	
GOMF_CATALYTIC_ACTIVITY_ACTING_ON_DNA	GOMF_CATALYTIC_ACTIVITY_ACTING_ON_DNA		223	0.14798492	0.73799133	0.9769784	1.0	1.0	3280	tags=20%, list=22%, signal=25%	
GOBP_MOLTING_CYCLE_PROCESS	GOBP_MOLTING_CYCLE_PROCESS		85	0.17180534	0.73779464	0.9131147	1.0	1.0	3644	tags=28%, list=24%, signal=37%	
GOCC_PRESYNAPTIC_CYTOSOL	GOCC_PRESYNAPTIC_CYTOSOL		24	0.22239669	0.7376687	0.8518519	1.0	1.0	2312	tags=21%, list=15%, signal=25%	
GOBP_RESPONSE_TO_ETHANOL	GOBP_RESPONSE_TO_ETHANOL		98	0.1660381	0.7375975	0.95087165	1.0	1.0	3848	tags=27%, list=25%, signal=35%	
HP_HYPERTROPHIC_CARDIOMYOPATHY	HP_HYPERTROPHIC_CARDIOMYOPATHY		241	0.14660652	0.7367616	0.9860335	1.0	1.0	3987	tags=24%, list=26%, signal=32%	
HP_DIABETES_INSIPIDUS	HP_DIABETES_INSIPIDUS		54	0.18737113	0.736705	0.88135594	1.0	1.0	1936	tags=15%, list=13%, signal=17%	
GOBP_NEURON_CELLULAR_HOMEOSTASIS	GOBP_NEURON_CELLULAR_HOMEOSTASIS		55	0.18605016	0.73601884	0.8986486	1.0	1.0	3253	tags=22%, list=22%, signal=28%	
GOBP_NEGATIVE_REGULATION_OF_ORGANELLE_ORGANIZATION	GOBP_NEGATIVE_REGULATION_OF_ORGANELLE_ORGANIZATION		310	0.14175959	0.73593765	0.99465954	1.0	1.0	1517	tags=10%, list=10%, signal=11%	
GOBP_REGULATION_OF_DNA_DAMAGE_CHECKPOINT	GOBP_REGULATION_OF_DNA_DAMAGE_CHECKPOINT		19	0.23247583	0.7352207	0.83829	1.0	1.0	3471	tags=26%, list=23%, signal=34%	
HP_TITUBATION	HP_TITUBATION		34	0.20317712	0.7351259	0.8635579	1.0	1.0	2486	tags=18%, list=16%, signal=21%	
HP_ABNORMAL_LIMB_EPIPHYSIS_MORPHOLOGY	HP_ABNORMAL_LIMB_EPIPHYSIS_MORPHOLOGY		120	0.16003086	0.73420507	0.959375	1.0	1.0	3153	tags=21%, list=21%, signal=26%	
GOBP_MUSCLE_CELL_PROLIFERATION	GOBP_MUSCLE_CELL_PROLIFERATION		171	0.15326378	0.73418987	0.9766355	1.0	1.0	3671	tags=24%, list=24%, signal=31%	
GOMF_SECONDARY_ACTIVE_MONOCARBOXYLATE_TRANSMEMBRANE_TRANSPORTER_ACTIVITY	GOMF_SECONDARY_ACTIVE_MONOCARBOXYLATE_TRANSMEMBRANE_TRANSPORTER_ACTIVITY		16	0.24742231	0.7341826	0.8183453	1.0	1.0	3054	tags=25%, list=20%, signal=31%	
GOBP_MAMMARY_GLAND_DEVELOPMENT	GOBP_MAMMARY_GLAND_DEVELOPMENT		115	0.16288675	0.7335897	0.9553846	1.0	1.0	4242	tags=28%, list=28%, signal=38%	
GOBP_CEREBRAL_CORTEX_NEURON_DIFFERENTIATION	GOBP_CEREBRAL_CORTEX_NEURON_DIFFERENTIATION		27	0.21775906	0.7335171	0.8646209	1.0	1.0	3002	tags=30%, list=20%, signal=37%	
GOBP_OOCYTE_MATURATION	GOBP_OOCYTE_MATURATION		30	0.21225128	0.73321056	0.8610169	1.0	1.0	4980	tags=50%, list=33%, signal=74%	
GOBP_CELLULAR_RESPONSE_TO_CORTICOSTEROID_STIMULUS	GOBP_CELLULAR_RESPONSE_TO_CORTICOSTEROID_STIMULUS		53	0.18664363	0.73290324	0.8794567	1.0	1.0	3304	tags=25%, list=22%, signal=31%	
GOBP_ROOF_OF_MOUTH_DEVELOPMENT	GOBP_ROOF_OF_MOUTH_DEVELOPMENT		82	0.1707626	0.7328861	0.93780684	1.0	1.0	3681	tags=24%, list=24%, signal=32%	
GOMF_NUCLEAR_LOCALIZATION_SEQUENCE_BINDING	GOMF_NUCLEAR_LOCALIZATION_SEQUENCE_BINDING		22	0.22949962	0.7326091	0.8467433	1.0	1.0	5923	tags=55%, list=39%, signal=90%	
GOBP_REGULATION_OF_NEUROTRANSMITTER_TRANSPORT	GOBP_REGULATION_OF_NEUROTRANSMITTER_TRANSPORT		99	0.16357629	0.7324312	0.9273302	1.0	1.0	3357	tags=24%, list=22%, signal=31%	
GOMF_OXIDOREDUCTASE_ACTIVITY_ACTING_ON_A_SULFUR_GROUP_OF_DONORS	GOMF_OXIDOREDUCTASE_ACTIVITY_ACTING_ON_A_SULFUR_GROUP_OF_DONORS		52	0.18652819	0.7322198	0.8951747	1.0	1.0	3208	tags=19%, list=21%, signal=24%	
HP_ABNORMAL_MUSCLE_FIBER_TYPE_DISTRIBUTION	HP_ABNORMAL_MUSCLE_FIBER_TYPE_DISTRIBUTION		69	0.17381191	0.7313095	0.93091536	1.0	1.0	1919	tags=13%, list=13%, signal=15%	
HP_AORTIC_ROOT_ANEURYSM	HP_AORTIC_ROOT_ANEURYSM		59	0.18125658	0.7302136	0.91461414	1.0	1.0	1673	tags=10%, list=11%, signal=11%	
GOBP_PROTEIN_QUALITY_CONTROL_FOR_MISFOLDED_OR_INCOMPLETELY_SYNTHESIZED_PROTEINS	GOBP_PROTEIN_QUALITY_CONTROL_FOR_MISFOLDED_OR_INCOMPLETELY_SYNTHESIZED_PROTEINS		28	0.21337152	0.73008996	0.8559322	1.0	1.0	4507	tags=43%, list=30%, signal=61%	
GOBP_PULMONARY_VALVE_DEVELOPMENT	GOBP_PULMONARY_VALVE_DEVELOPMENT		24	0.22678146	0.72998554	0.85340315	1.0	1.0	2596	tags=21%, list=17%, signal=25%	
GOBP_NEGATIVE_REGULATION_OF_SUPRAMOLECULAR_FIBER_ORGANIZATION	GOBP_NEGATIVE_REGULATION_OF_SUPRAMOLECULAR_FIBER_ORGANIZATION		136	0.15738787	0.7295224	0.9684685	1.0	1.0	1797	tags=13%, list=12%, signal=15%	
GOBP_PROSTANOID_METABOLIC_PROCESS	GOBP_PROSTANOID_METABOLIC_PROCESS		42	0.19521867	0.7292782	0.89403975	1.0	1.0	3203	tags=26%, list=21%, signal=33%	
GOBP_REGULATION_OF_ACTIN_FILAMENT_BASED_MOVEMENT	GOBP_REGULATION_OF_ACTIN_FILAMENT_BASED_MOVEMENT		29	0.21292521	0.7289309	0.86713284	1.0	1.0	2302	tags=21%, list=15%, signal=24%	
HP_ABNORMALITY_OF_THE_PHALANGES_OF_THE_2ND_FINGER	HP_ABNORMALITY_OF_THE_PHALANGES_OF_THE_2ND_FINGER		16	0.24916491	0.7287962	0.7963303	1.0	1.0	224	tags=6%, list=1%, signal=6%	
HP_SHORT_THORAX	HP_SHORT_THORAX		46	0.19191007	0.7281415	0.89625853	1.0	1.0	4822	tags=35%, list=32%, signal=51%	
GOMF_ATP_DEPENDENT_ACTIVITY_ACTING_ON_DNA	GOMF_ATP_DEPENDENT_ACTIVITY_ACTING_ON_DNA		100	0.16277345	0.7275461	0.95579267	1.0	1.0	2924	tags=19%, list=19%, signal=23%	
HP_SEBORRHEIC_DERMATITIS	HP_SEBORRHEIC_DERMATITIS		24	0.22079927	0.72716695	0.86583185	1.0	1.0	2642	tags=25%, list=17%, signal=30%	
GOBP_HORMONE_MEDIATED_SIGNALING_PATHWAY	GOBP_HORMONE_MEDIATED_SIGNALING_PATHWAY		184	0.14816926	0.7269678	0.9883212	1.0	1.0	3421	tags=21%, list=23%, signal=26%	
GOBP_REGULATION_OF_MONOCYTE_DIFFERENTIATION	GOBP_REGULATION_OF_MONOCYTE_DIFFERENTIATION		17	0.24609575	0.72694904	0.840868	1.0	1.0	2821	tags=29%, list=19%, signal=36%	
GOBP_POSITIVE_REGULATION_OF_MUSCLE_CELL_DIFFERENTIATION	GOBP_POSITIVE_REGULATION_OF_MUSCLE_CELL_DIFFERENTIATION		54	0.18402615	0.72650117	0.91442955	1.0	1.0	3219	tags=20%, list=21%, signal=26%	
GOBP_NEGATIVE_REGULATION_OF_LIPID_BIOSYNTHETIC_PROCESS	GOBP_NEGATIVE_REGULATION_OF_LIPID_BIOSYNTHETIC_PROCESS		50	0.18950862	0.7262583	0.9247136	1.0	1.0	3503	tags=24%, list=23%, signal=31%	
GOBP_NEGATIVE_REGULATION_OF_MEMBRANE_PERMEABILITY	GOBP_NEGATIVE_REGULATION_OF_MEMBRANE_PERMEABILITY		18	0.2438924	0.72624975	0.8452381	1.0	1.0	1727	tags=17%, list=11%, signal=19%	
GOMF_PHOSPHOTRANSFERASE_ACTIVITY_FOR_OTHER_SUBSTITUTED_PHOSPHATE_GROUPS	GOMF_PHOSPHOTRANSFERASE_ACTIVITY_FOR_OTHER_SUBSTITUTED_PHOSPHATE_GROUPS		20	0.23160455	0.72565365	0.8568773	1.0	1.0	1506	tags=15%, list=10%, signal=17%	
HP_INCREASED_CIRCULATING_LACTATE_CONCENTRATION	HP_INCREASED_CIRCULATING_LACTATE_CONCENTRATION		201	0.14766307	0.7254776	0.9901547	1.0	1.0	4123	tags=23%, list=27%, signal=32%	
HP_ABNORMALITY_OF_THE_PYLORUS	HP_ABNORMALITY_OF_THE_PYLORUS		103	0.16175953	0.72472745	0.9553846	1.0	1.0	3139	tags=21%, list=21%, signal=27%	
GOBP_POSITIVE_REGULATION_OF_ALCOHOL_BIOSYNTHETIC_PROCESS	GOBP_POSITIVE_REGULATION_OF_ALCOHOL_BIOSYNTHETIC_PROCESS		22	0.22216551	0.72449696	0.85794395	1.0	1.0	1147	tags=9%, list=8%, signal=10%	
HP_INCREASED_CIRCULATING_PYRUVATE_CONCENTRATION	HP_INCREASED_CIRCULATING_PYRUVATE_CONCENTRATION		48	0.189514	0.72424835	0.90784985	1.0	1.0	3557	tags=23%, list=24%, signal=30%	
HP_KETONURIA	HP_KETONURIA		26	0.21684982	0.723854	0.8763251	1.0	1.0	2188	tags=15%, list=14%, signal=18%	
GOBP_CYCLIC_NUCLEOTIDE_METABOLIC_PROCESS	GOBP_CYCLIC_NUCLEOTIDE_METABOLIC_PROCESS		35	0.20176159	0.7238093	0.8758741	1.0	1.0	2015	tags=20%, list=13%, signal=23%	
HP_ABNORMAL_FEMUR_MORPHOLOGY	HP_ABNORMAL_FEMUR_MORPHOLOGY		265	0.14193572	0.7236412	0.99316007	1.0	1.0	1785	tags=11%, list=12%, signal=12%	
GOMF_INSULIN_RECEPTOR_BINDING	GOMF_INSULIN_RECEPTOR_BINDING		20	0.22896235	0.72296923	0.85428053	1.0	1.0	4932	tags=50%, list=33%, signal=74%	
GOBP_STRIATED_MUSCLE_ADAPTATION	GOBP_STRIATED_MUSCLE_ADAPTATION		36	0.2018938	0.72278893	0.88596493	1.0	1.0	2932	tags=22%, list=19%, signal=28%	
HP_SPINAL_CORD_COMPRESSION	HP_SPINAL_CORD_COMPRESSION		37	0.20004155	0.7223657	0.8966132	1.0	1.0	1982	tags=16%, list=13%, signal=19%	
GOBP_CARDIAC_MUSCLE_CONTRACTION	GOBP_CARDIAC_MUSCLE_CONTRACTION		114	0.15894268	0.72233593	0.97530866	1.0	1.0	2302	tags=16%, list=15%, signal=18%	
HP_HYPERGLYCEMIA	HP_HYPERGLYCEMIA		69	0.17155267	0.72230905	0.9312	1.0	1.0	2485	tags=16%, list=16%, signal=19%	
GOBP_ESTABLISHMENT_OF_ENDOTHELIAL_BARRIER	GOBP_ESTABLISHMENT_OF_ENDOTHELIAL_BARRIER		44	0.18900129	0.72200865	0.90436244	1.0	1.0	3567	tags=25%, list=24%, signal=33%	
HP_ABNORMALITY_OF_THE_COAGULATION_CASCADE	HP_ABNORMALITY_OF_THE_COAGULATION_CASCADE		134	0.15265343	0.72153026	0.9692557	1.0	1.0	4712	tags=34%, list=31%, signal=49%	
GOBP_NEGATIVE_REGULATION_OF_INFLAMMATORY_RESPONSE_TO_ANTIGENIC_STIMULUS	GOBP_NEGATIVE_REGULATION_OF_INFLAMMATORY_RESPONSE_TO_ANTIGENIC_STIMULUS		21	0.23000355	0.72119075	0.8490231	1.0	1.0	3127	tags=29%, list=21%, signal=36%	
HP_DECREASED_CIRCULATING_GONADOTROPIN_CONCENTRATION	HP_DECREASED_CIRCULATING_GONADOTROPIN_CONCENTRATION		33	0.19805403	0.72116166	0.9015544	1.0	1.0	635	tags=9%, list=4%, signal=9%	
GOBP_REGULATION_OF_CELLULAR_RESPIRATION	GOBP_REGULATION_OF_CELLULAR_RESPIRATION		40	0.19566904	0.721047	0.90186125	1.0	1.0	1695	tags=13%, list=11%, signal=14%	
GOBP_NEGATIVE_REGULATION_OF_DNA_RECOMBINATION	GOBP_NEGATIVE_REGULATION_OF_DNA_RECOMBINATION		40	0.19395113	0.72047347	0.90230906	1.0	1.0	2771	tags=18%, list=18%, signal=21%	
HP_HASHIMOTO_THYROIDITIS	HP_HASHIMOTO_THYROIDITIS		16	0.24427715	0.7200786	0.8515206	1.0	1.0	2978	tags=31%, list=20%, signal=39%	
GOBP_POSITIVE_REGULATION_OF_OSTEOCLAST_DIFFERENTIATION	GOBP_POSITIVE_REGULATION_OF_OSTEOCLAST_DIFFERENTIATION		19	0.23240645	0.72003174	0.866782	1.0	1.0	5633	tags=53%, list=37%, signal=84%	
HP_INTESTINAL_ATRESIA	HP_INTESTINAL_ATRESIA		59	0.18133907	0.7193743	0.93613446	1.0	1.0	4753	tags=39%, list=31%, signal=57%	
GOBP_PYRIMIDINE_NUCLEOSIDE_MONOPHOSPHATE_METABOLIC_PROCESS	GOBP_PYRIMIDINE_NUCLEOSIDE_MONOPHOSPHATE_METABOLIC_PROCESS		20	0.23096591	0.71932274	0.85855263	1.0	1.0	3828	tags=25%, list=25%, signal=33%	
HP_ABNORMAL_MONOCYTE_MORPHOLOGY	HP_ABNORMAL_MONOCYTE_MORPHOLOGY		20	0.22919956	0.7190806	0.87027025	1.0	1.0	4546	tags=35%, list=30%, signal=50%	
HP_ABNORMAL_SCLERA_MORPHOLOGY	HP_ABNORMAL_SCLERA_MORPHOLOGY		122	0.1573261	0.7185951	0.9632466	1.0	1.0	1579	tags=11%, list=10%, signal=13%	
HP_ABNORMAL_CSF_METABOLITE_CONCENTRATION	HP_ABNORMAL_CSF_METABOLITE_CONCENTRATION		145	0.1521679	0.71845734	0.9800307	1.0	1.0	4365	tags=26%, list=29%, signal=36%	
HP_INTESTINAL_PSEUDO_OBSTRUCTION	HP_INTESTINAL_PSEUDO_OBSTRUCTION		22	0.22536454	0.71761894	0.87086093	1.0	1.0	1208	tags=14%, list=8%, signal=15%	
GOBP_ESTROGEN_RECEPTOR_SIGNALING_PATHWAY	GOBP_ESTROGEN_RECEPTOR_SIGNALING_PATHWAY		47	0.18596779	0.71748704	0.9160063	1.0	1.0	3421	tags=28%, list=23%, signal=36%	
HP_DUODENAL_ATRESIA	HP_DUODENAL_ATRESIA		41	0.19229528	0.71683633	0.91580755	1.0	1.0	4753	tags=41%, list=31%, signal=60%	
GOBP_PROTEOGLYCAN_METABOLIC_PROCESS	GOBP_PROTEOGLYCAN_METABOLIC_PROCESS		101	0.16231616	0.71604806	0.9556575	1.0	1.0	2848	tags=18%, list=19%, signal=22%	
GOBP_NEGATIVE_REGULATION_OF_NUCLEAR_DIVISION	GOBP_NEGATIVE_REGULATION_OF_NUCLEAR_DIVISION		56	0.18219236	0.71529937	0.91749173	1.0	1.0	5972	tags=50%, list=40%, signal=82%	
HP_UVEITIS	HP_UVEITIS		49	0.18581215	0.7149114	0.9048443	1.0	1.0	5774	tags=49%, list=38%, signal=79%	
GOBP_NEGATIVE_REGULATION_OF_FIBROBLAST_GROWTH_FACTOR_RECEPTOR_SIGNALING_PATHWAY	GOBP_NEGATIVE_REGULATION_OF_FIBROBLAST_GROWTH_FACTOR_RECEPTOR_SIGNALING_PATHWAY		18	0.24245214	0.71443695	0.8386525	1.0	1.0	2714	tags=22%, list=18%, signal=27%	
GOMF_ENDOPEPTIDASE_ACTIVATOR_ACTIVITY	GOMF_ENDOPEPTIDASE_ACTIVATOR_ACTIVITY		23	0.22356085	0.7143505	0.857868	1.0	1.0	1343	tags=13%, list=9%, signal=14%	
GOBP_REGULATION_OF_APPETITE	GOBP_REGULATION_OF_APPETITE		15	0.23979922	0.71362424	0.86003685	1.0	1.0	37	tags=7%, list=0%, signal=7%	
GOBP_PULMONARY_VALVE_MORPHOGENESIS	GOBP_PULMONARY_VALVE_MORPHOGENESIS		20	0.22906166	0.71310854	0.87868285	1.0	1.0	2596	tags=20%, list=17%, signal=24%	
GOBP_POSITIVE_REGULATION_OF_MITOTIC_CELL_CYCLE_PHASE_TRANSITION	GOBP_POSITIVE_REGULATION_OF_MITOTIC_CELL_CYCLE_PHASE_TRANSITION		80	0.16800238	0.71284187	0.9548495	1.0	1.0	5743	tags=46%, list=38%, signal=74%	
GOBP_MEMBRANE_REPOLARIZATION_DURING_ACTION_POTENTIAL	GOBP_MEMBRANE_REPOLARIZATION_DURING_ACTION_POTENTIAL		26	0.21144675	0.7124144	0.8934281	1.0	1.0	4825	tags=38%, list=32%, signal=56%	
GOBP_SMOOTH_MUSCLE_CELL_PROLIFERATION	GOBP_SMOOTH_MUSCLE_CELL_PROLIFERATION		114	0.1575193	0.71226025	0.9770492	1.0	1.0	3585	tags=22%, list=24%, signal=29%	
HP_ACCESSORY_SPLEEN	HP_ACCESSORY_SPLEEN		33	0.20352077	0.7116058	0.8863233	1.0	1.0	3974	tags=30%, list=26%, signal=41%	
GOBP_NEGATIVE_REGULATION_OF_SIGNAL_TRANSDUCTION_IN_ABSENCE_OF_LIGAND	GOBP_NEGATIVE_REGULATION_OF_SIGNAL_TRANSDUCTION_IN_ABSENCE_OF_LIGAND		26	0.21323074	0.71158326	0.8756757	1.0	1.0	4885	tags=46%, list=32%, signal=68%	
GOBP_POSITIVE_REGULATION_OF_POTASSIUM_ION_TRANSPORT	GOBP_POSITIVE_REGULATION_OF_POTASSIUM_ION_TRANSPORT		31	0.20388803	0.7113118	0.90782607	1.0	1.0	4448	tags=35%, list=29%, signal=50%	
GOBP_MIDBODY_ABSCISSION	GOBP_MIDBODY_ABSCISSION		22	0.22307783	0.7111755	0.85842294	1.0	1.0	2545	tags=18%, list=17%, signal=22%	
HP_SHOULDER_GIRDLE_MUSCLE_WEAKNESS	HP_SHOULDER_GIRDLE_MUSCLE_WEAKNESS		48	0.18561651	0.7109843	0.93634844	1.0	1.0	3944	tags=29%, list=26%, signal=39%	
HP_ECTOPIA_PUPILLAE	HP_ECTOPIA_PUPILLAE		17	0.23558706	0.71079504	0.8464286	1.0	1.0	2606	tags=29%, list=17%, signal=36%	
GOBP_APOPTOTIC_CELL_CLEARANCE	GOBP_APOPTOTIC_CELL_CLEARANCE		33	0.20284589	0.7101186	0.8901099	1.0	1.0	5396	tags=48%, list=36%, signal=75%	
GOMF_RIBOSOMAL_SMALL_SUBUNIT_BINDING	GOMF_RIBOSOMAL_SMALL_SUBUNIT_BINDING		20	0.22580713	0.70974505	0.8473968	1.0	1.0	953	tags=10%, list=6%, signal=11%	
GOBP_NEGATIVE_REGULATION_OF_VASCULAR_ASSOCIATED_SMOOTH_MUSCLE_CELL_PROLIFERATION	GOBP_NEGATIVE_REGULATION_OF_VASCULAR_ASSOCIATED_SMOOTH_MUSCLE_CELL_PROLIFERATION		18	0.24051431	0.7094645	0.87102807	1.0	1.0	1227	tags=17%, list=8%, signal=18%	
HP_ABNORMAL_PUPILLARY_FUNCTION	HP_ABNORMAL_PUPILLARY_FUNCTION		77	0.16812725	0.70933956	0.95948136	1.0	1.0	4708	tags=34%, list=31%, signal=49%	
HP_ABSENT_EYEBROW	HP_ABSENT_EYEBROW		29	0.2050061	0.7092175	0.8894646	1.0	1.0	5529	tags=59%, list=37%, signal=92%	
GOBP_RESPONSE_TO_CARBOHYDRATE	GOBP_RESPONSE_TO_CARBOHYDRATE		186	0.14470713	0.70911527	0.9896755	1.0	1.0	4334	tags=27%, list=29%, signal=38%	
HP_SLOW_SACCADIC_EYE_MOVEMENTS	HP_SLOW_SACCADIC_EYE_MOVEMENTS		37	0.19363682	0.7084302	0.91141397	1.0	1.0	5082	tags=38%, list=34%, signal=57%	
GOBP_T_HELPER_CELL_LINEAGE_COMMITMENT	GOBP_T_HELPER_CELL_LINEAGE_COMMITMENT		19	0.23126535	0.7083899	0.8644689	1.0	1.0	3375	tags=32%, list=22%, signal=41%	
GOBP_REGULATION_OF_ACTIN_FILAMENT_POLYMERIZATION	GOBP_REGULATION_OF_ACTIN_FILAMENT_POLYMERIZATION		115	0.15569642	0.70834464	0.9742814	1.0	1.0	3866	tags=24%, list=26%, signal=32%	
HP_MATERNAL_DIABETES	HP_MATERNAL_DIABETES		39	0.19084857	0.7079757	0.9242685	1.0	1.0	2211	tags=18%, list=15%, signal=21%	
GOBP_ORGAN_OR_TISSUE_SPECIFIC_IMMUNE_RESPONSE	GOBP_ORGAN_OR_TISSUE_SPECIFIC_IMMUNE_RESPONSE		19	0.23176247	0.70797145	0.88926744	1.0	1.0	1341	tags=16%, list=9%, signal=17%	
GOBP_IMMUNE_RESPONSE_REGULATING_CELL_SURFACE_RECEPTOR_SIGNALING_PATHWAY_INVOLVED_IN_PHAGOCYTOSIS	GOBP_IMMUNE_RESPONSE_REGULATING_CELL_SURFACE_RECEPTOR_SIGNALING_PATHWAY_INVOLVED_IN_PHAGOCYTOSIS		22	0.220968	0.70794463	0.8683761	1.0	1.0	3848	tags=32%, list=25%, signal=43%	
HP_DENTAL_MALOCCLUSION	HP_DENTAL_MALOCCLUSION		140	0.15242301	0.70791316	0.98634297	1.0	1.0	4071	tags=28%, list=27%, signal=38%	
GOBP_REGULATION_OF_LIPID_METABOLIC_PROCESS	GOBP_REGULATION_OF_LIPID_METABOLIC_PROCESS		265	0.13937043	0.70768344	0.99570817	1.0	1.0	3945	tags=25%, list=26%, signal=33%	
HP_ABNORMAL_PUPILLARY_LIGHT_REFLEX	HP_ABNORMAL_PUPILLARY_LIGHT_REFLEX		35	0.19772154	0.70756865	0.9020979	1.0	1.0	4594	tags=34%, list=30%, signal=49%	
GOMF_OXIDOREDUCTION_DRIVEN_ACTIVE_TRANSMEMBRANE_TRANSPORTER_ACTIVITY	GOMF_OXIDOREDUCTION_DRIVEN_ACTIVE_TRANSMEMBRANE_TRANSPORTER_ACTIVITY		61	0.17530435	0.7072418	0.9313725	1.0	1.0	2293	tags=13%, list=15%, signal=15%	
HP_FEMALE_HYPOGONADISM	HP_FEMALE_HYPOGONADISM		20	0.22760117	0.70693296	0.8705036	1.0	1.0	1800	tags=20%, list=12%, signal=23%	
GOBP_NEGATIVE_REGULATION_OF_SMOOTH_MUSCLE_CELL_PROLIFERATION	GOBP_NEGATIVE_REGULATION_OF_SMOOTH_MUSCLE_CELL_PROLIFERATION		37	0.19460239	0.706169	0.9142857	1.0	1.0	1491	tags=14%, list=10%, signal=15%	
HP_MEGACOLON	HP_MEGACOLON		136	0.15185061	0.70611656	0.9815385	1.0	1.0	1576	tags=11%, list=10%, signal=12%	
HP_RENAL_CORTICAL_CYSTS	HP_RENAL_CORTICAL_CYSTS		15	0.2462721	0.70560557	0.86101085	1.0	1.0	844	tags=13%, list=6%, signal=14%	
GOMF_NADH_DEHYDROGENASE_ACTIVITY	GOMF_NADH_DEHYDROGENASE_ACTIVITY		42	0.18887968	0.70556194	0.9044369	1.0	1.0	5022	tags=33%, list=33%, signal=50%	
GOBP_ASYMMETRIC_CELL_DIVISION	GOBP_ASYMMETRIC_CELL_DIVISION		19	0.22811574	0.7054107	0.87027025	1.0	1.0	1449	tags=11%, list=10%, signal=12%	
GOMF_UBIQUITIN_LIKE_PROTEIN_CONJUGATING_ENZYME_BINDING	GOMF_UBIQUITIN_LIKE_PROTEIN_CONJUGATING_ENZYME_BINDING		33	0.20156965	0.7051229	0.9013378	1.0	1.0	2656	tags=15%, list=18%, signal=18%	
GOBP_ACTIN_MEDIATED_CELL_CONTRACTION	GOBP_ACTIN_MEDIATED_CELL_CONTRACTION		86	0.16322501	0.70504814	0.9590164	1.0	1.0	2302	tags=17%, list=15%, signal=20%	
GOBP_MEGAKARYOCYTE_DEVELOPMENT	GOBP_MEGAKARYOCYTE_DEVELOPMENT		18	0.2358346	0.7050252	0.8813264	1.0	1.0	3515	tags=28%, list=23%, signal=36%	
GOBP_GLAND_MORPHOGENESIS	GOBP_GLAND_MORPHOGENESIS		116	0.15792315	0.7050202	0.9758673	1.0	1.0	3734	tags=26%, list=25%, signal=34%	
GOBP_APOPTOTIC_MITOCHONDRIAL_CHANGES	GOBP_APOPTOTIC_MITOCHONDRIAL_CHANGES		94	0.15893671	0.7047727	0.95522386	1.0	1.0	1255	tags=11%, list=8%, signal=12%	
GOBP_PROTEIN_FOLDING	GOBP_PROTEIN_FOLDING		189	0.14410646	0.7044351	0.9970588	1.0	1.0	3542	tags=21%, list=23%, signal=27%	
GOCC_MITOTIC_SPINDLE_MICROTUBULE	GOCC_MITOTIC_SPINDLE_MICROTUBULE		15	0.24439725	0.70442003	0.85636365	1.0	1.0	5163	tags=53%, list=34%, signal=81%	
GOBP_PROSTATE_GLAND_MORPHOGENESIS	GOBP_PROSTATE_GLAND_MORPHOGENESIS		29	0.20685712	0.7043954	0.92224234	1.0	1.0	4221	tags=34%, list=28%, signal=48%	
HP_NEOPLASM_OF_THE_TONGUE	HP_NEOPLASM_OF_THE_TONGUE		38	0.19078042	0.70423645	0.9071429	1.0	1.0	1465	tags=11%, list=10%, signal=12%	
GOBP_POSITIVE_REGULATION_OF_CHROMOSOME_ORGANIZATION	GOBP_POSITIVE_REGULATION_OF_CHROMOSOME_ORGANIZATION		90	0.1621664	0.7041998	0.9560261	1.0	1.0	3224	tags=21%, list=21%, signal=27%	
HP_ENAMEL_HYPOPLASIA	HP_ENAMEL_HYPOPLASIA		92	0.15855666	0.7035444	0.9673913	1.0	1.0	2708	tags=18%, list=18%, signal=22%	
HP_IRON_DEFICIENCY_ANEMIA	HP_IRON_DEFICIENCY_ANEMIA		25	0.21324253	0.702982	0.89222616	1.0	1.0	1946	tags=16%, list=13%, signal=18%	
GOMF_PHOSPHATIDYLINOSITOL_3_4_5_TRISPHOSPHATE_BINDING	GOMF_PHOSPHATIDYLINOSITOL_3_4_5_TRISPHOSPHATE_BINDING		35	0.19472902	0.7029402	0.925	1.0	1.0	3384	tags=31%, list=22%, signal=40%	
HP_ABNORMAL_UPPER_LIMB_EPIPHYSIS_MORPHOLOGY	HP_ABNORMAL_UPPER_LIMB_EPIPHYSIS_MORPHOLOGY		58	0.1782379	0.70274836	0.92156863	1.0	1.0	2915	tags=21%, list=19%, signal=26%	
GOBP_NEGATIVE_ADAPTATION_OF_SIGNALING_PATHWAY	GOBP_NEGATIVE_ADAPTATION_OF_SIGNALING_PATHWAY		18	0.22702505	0.70234656	0.8659794	1.0	1.0	4121	tags=33%, list=27%, signal=46%	
GOBP_CELLULAR_RESPONSE_TO_FLUID_SHEAR_STRESS	GOBP_CELLULAR_RESPONSE_TO_FLUID_SHEAR_STRESS		25	0.21114075	0.70234555	0.87096775	1.0	1.0	559	tags=8%, list=4%, signal=8%	
GOBP_PURINE_DEOXYRIBONUCLEOTIDE_METABOLIC_PROCESS	GOBP_PURINE_DEOXYRIBONUCLEOTIDE_METABOLIC_PROCESS		16	0.24035741	0.7023299	0.8615108	1.0	1.0	1886	tags=19%, list=12%, signal=21%	
GOBP_CELLULAR_RESPONSE_TO_ACIDIC_PH	GOBP_CELLULAR_RESPONSE_TO_ACIDIC_PH		17	0.22939132	0.7019313	0.8702011	1.0	1.0	4989	tags=47%, list=33%, signal=70%	
HP_DRY_HAIR	HP_DRY_HAIR		18	0.23395996	0.7014931	0.8731884	1.0	1.0	1432	tags=17%, list=9%, signal=18%	
HP_OPTIC_DISC_PALLOR	HP_OPTIC_DISC_PALLOR		225	0.13939384	0.7013973	0.99559474	1.0	1.0	3452	tags=20%, list=23%, signal=26%	
GOBP_GLYCOPROTEIN_CATABOLIC_PROCESS	GOBP_GLYCOPROTEIN_CATABOLIC_PROCESS		34	0.19543509	0.7011309	0.8993056	1.0	1.0	3316	tags=21%, list=22%, signal=26%	
GOBP_INTRA_GOLGI_VESICLE_MEDIATED_TRANSPORT	GOBP_INTRA_GOLGI_VESICLE_MEDIATED_TRANSPORT		33	0.19981752	0.7009956	0.9040404	1.0	1.0	1367	tags=12%, list=9%, signal=13%	
HP_SHORT_CLAVICLES	HP_SHORT_CLAVICLES		32	0.2003816	0.7000141	0.90552586	1.0	1.0	593	tags=6%, list=4%, signal=6%	
GOMF_PHOSPHOLIPASE_ACTIVATOR_ACTIVITY	GOMF_PHOSPHOLIPASE_ACTIVATOR_ACTIVITY		16	0.24213938	0.69964844	0.86471665	1.0	1.0	3848	tags=38%, list=25%, signal=50%	
HP_PULMONARY_FIBROSIS	HP_PULMONARY_FIBROSIS		64	0.1699804	0.69942766	0.94245726	1.0	1.0	2602	tags=17%, list=17%, signal=21%	
GOBP_T_CELL_LINEAGE_COMMITMENT	GOBP_T_CELL_LINEAGE_COMMITMENT		28	0.20535439	0.6993448	0.9044369	1.0	1.0	3375	tags=29%, list=22%, signal=37%	
HP_ABNORMAL_CIRCULATING_PROLINE_CONCENTRATION	HP_ABNORMAL_CIRCULATING_PROLINE_CONCENTRATION		16	0.23135881	0.6992285	0.87884265	1.0	1.0	3887	tags=38%, list=26%, signal=50%	
GOBP_POSITIVE_REGULATION_OF_DENDRITIC_SPINE_MORPHOGENESIS	GOBP_POSITIVE_REGULATION_OF_DENDRITIC_SPINE_MORPHOGENESIS		15	0.24334888	0.6987514	0.86288846	1.0	1.0	4676	tags=47%, list=31%, signal=68%	
GOBP_DNA_RECOMBINATION	GOBP_DNA_RECOMBINATION		280	0.1360647	0.6985751	1.0	1.0	1.0	2038	tags=11%, list=13%, signal=13%	
GOBP_DNA_SYNTHESIS_INVOLVED_IN_DNA_REPAIR	GOBP_DNA_SYNTHESIS_INVOLVED_IN_DNA_REPAIR		37	0.1903981	0.69809127	0.9279732	1.0	1.0	4181	tags=24%, list=28%, signal=34%	
GOBP_REGULATION_OF_STRIATED_MUSCLE_CONTRACTION	GOBP_REGULATION_OF_STRIATED_MUSCLE_CONTRACTION		76	0.1666465	0.6980541	0.9590835	1.0	1.0	2302	tags=16%, list=15%, signal=19%	
HP_ABNORMAL_FEMORAL_HEAD_MORPHOLOGY	HP_ABNORMAL_FEMORAL_HEAD_MORPHOLOGY		82	0.16120897	0.69759613	0.9608483	1.0	1.0	4182	tags=27%, list=28%, signal=37%	
GOBP_MEMBRANE_LIPID_CATABOLIC_PROCESS	GOBP_MEMBRANE_LIPID_CATABOLIC_PROCESS		40	0.18588386	0.69693476	0.9010417	1.0	1.0	3227	tags=20%, list=21%, signal=25%	
GOBP_REGULATION_OF_CARTILAGE_DEVELOPMENT	GOBP_REGULATION_OF_CARTILAGE_DEVELOPMENT		65	0.17357431	0.6968788	0.9432739	1.0	1.0	2932	tags=20%, list=19%, signal=25%	
GOBP_NEGATIVE_REGULATION_OF_LIPID_CATABOLIC_PROCESS	GOBP_NEGATIVE_REGULATION_OF_LIPID_CATABOLIC_PROCESS		18	0.23086715	0.69637734	0.892922	1.0	1.0	4907	tags=50%, list=32%, signal=74%	
HP_LIMITATION_OF_KNEE_MOBILITY	HP_LIMITATION_OF_KNEE_MOBILITY		32	0.19854684	0.6954009	0.90172416	1.0	1.0	4232	tags=38%, list=28%, signal=52%	
GOBP_METANEPHRIC_NEPHRON_DEVELOPMENT	GOBP_METANEPHRIC_NEPHRON_DEVELOPMENT		33	0.19027199	0.6953813	0.9197861	1.0	1.0	3451	tags=24%, list=23%, signal=31%	
GOBP_RETROGRADE_VESICLE_MEDIATED_TRANSPORT_GOLGI_TO_ENDOPLASMIC_RETICULUM	GOBP_RETROGRADE_VESICLE_MEDIATED_TRANSPORT_GOLGI_TO_ENDOPLASMIC_RETICULUM		50	0.17824633	0.6953043	0.9312839	1.0	1.0	3817	tags=24%, list=25%, signal=32%	
GOCC_SARCOPLASMIC_RETICULUM	GOCC_SARCOPLASMIC_RETICULUM		63	0.16853997	0.69472384	0.96574223	1.0	1.0	1997	tags=14%, list=13%, signal=16%	
HP_IMPAIRED_VISUOSPATIAL_CONSTRUCTIVE_COGNITION	HP_IMPAIRED_VISUOSPATIAL_CONSTRUCTIVE_COGNITION		26	0.20655724	0.6940642	0.90222985	1.0	1.0	1568	tags=15%, list=10%, signal=17%	
HP_ROUND_FACE	HP_ROUND_FACE		87	0.15876196	0.6939584	0.97021943	1.0	1.0	3532	tags=22%, list=23%, signal=28%	
GOBP_PLASMA_LIPOPROTEIN_PARTICLE_CLEARANCE	GOBP_PLASMA_LIPOPROTEIN_PARTICLE_CLEARANCE		33	0.19678089	0.69298714	0.9189189	1.0	1.0	808	tags=9%, list=5%, signal=10%	
HP_PROFOUND_GLOBAL_DEVELOPMENTAL_DELAY	HP_PROFOUND_GLOBAL_DEVELOPMENTAL_DELAY		66	0.16694655	0.69289213	0.9478673	1.0	1.0	3559	tags=23%, list=24%, signal=30%	
GOCC_NUCLEAR_MEMBRANE	GOCC_NUCLEAR_MEMBRANE		280	0.13511926	0.6928738	1.0	1.0	1.0	4569	tags=29%, list=30%, signal=41%	
GOCC_GOLGI_STACK	GOCC_GOLGI_STACK		126	0.14791155	0.6920527	0.9841018	1.0	1.0	2614	tags=15%, list=17%, signal=18%	
HP_AUTOIMMUNE_NEUTROPENIA	HP_AUTOIMMUNE_NEUTROPENIA		16	0.23209709	0.69139457	0.86785716	1.0	1.0	3451	tags=25%, list=23%, signal=32%	
GOBP_METANEPHRIC_TUBULE_DEVELOPMENT	GOBP_METANEPHRIC_TUBULE_DEVELOPMENT		21	0.21864533	0.6911882	0.8963636	1.0	1.0	3451	tags=29%, list=23%, signal=37%	
GOCC_EXTRINSIC_COMPONENT_OF_CYTOPLASMIC_SIDE_OF_PLASMA_MEMBRANE	GOCC_EXTRINSIC_COMPONENT_OF_CYTOPLASMIC_SIDE_OF_PLASMA_MEMBRANE		39	0.18843305	0.6908748	0.9296741	1.0	1.0	2438	tags=18%, list=16%, signal=21%	
HP_DEEP_VENOUS_THROMBOSIS	HP_DEEP_VENOUS_THROMBOSIS		19	0.2226502	0.6908727	0.8839286	1.0	1.0	2885	tags=32%, list=19%, signal=39%	
GOBP_POSITIVE_REGULATION_OF_CELLULAR_RESPONSE_TO_INSULIN_STIMULUS	GOBP_POSITIVE_REGULATION_OF_CELLULAR_RESPONSE_TO_INSULIN_STIMULUS		22	0.21587652	0.6902797	0.8931034	1.0	1.0	4178	tags=41%, list=28%, signal=56%	
GOBP_BLASTOCYST_FORMATION	GOBP_BLASTOCYST_FORMATION		36	0.18991596	0.69016653	0.921288	1.0	1.0	4173	tags=31%, list=28%, signal=42%	
HP_CONGENITAL_NYSTAGMUS	HP_CONGENITAL_NYSTAGMUS		19	0.2208496	0.69005257	0.87477636	1.0	1.0	3651	tags=32%, list=24%, signal=42%	
GOBP_HEART_GROWTH	GOBP_HEART_GROWTH		74	0.16478784	0.6899838	0.96254075	1.0	1.0	3671	tags=27%, list=24%, signal=36%	
HP_LOW_FRUSTRATION_TOLERANCE	HP_LOW_FRUSTRATION_TOLERANCE		16	0.23482847	0.6899085	0.8660714	1.0	1.0	1147	tags=13%, list=8%, signal=14%	
GOBP_REGULATION_OF_SPINDLE_CHECKPOINT	GOBP_REGULATION_OF_SPINDLE_CHECKPOINT		22	0.21051078	0.6898742	0.90361446	1.0	1.0	5461	tags=45%, list=36%, signal=71%	
GOBP_GMP_METABOLIC_PROCESS	GOBP_GMP_METABOLIC_PROCESS		26	0.20648931	0.68955696	0.9155173	1.0	1.0	3002	tags=27%, list=20%, signal=34%	
GOMF_COMPLEMENT_BINDING	GOMF_COMPLEMENT_BINDING		15	0.24045765	0.68886405	0.87068963	1.0	1.0	5006	tags=47%, list=33%, signal=70%	
HP_CUTANEOUS_CYST	HP_CUTANEOUS_CYST		19	0.2253932	0.68841475	0.8963636	1.0	1.0	4972	tags=42%, list=33%, signal=63%	
GOBP_REGULATION_OF_HUMORAL_IMMUNE_RESPONSE	GOBP_REGULATION_OF_HUMORAL_IMMUNE_RESPONSE		29	0.19741254	0.6883874	0.9216028	1.0	1.0	3589	tags=24%, list=24%, signal=32%	
GOBP_NEGATIVE_REGULATION_OF_ENDOTHELIAL_CELL_APOPTOTIC_PROCESS	GOBP_NEGATIVE_REGULATION_OF_ENDOTHELIAL_CELL_APOPTOTIC_PROCESS		25	0.2101675	0.68804127	0.9010417	1.0	1.0	5396	tags=48%, list=36%, signal=75%	
HP_ABNORMAL_ENDOMETRIUM_MORPHOLOGY	HP_ABNORMAL_ENDOMETRIUM_MORPHOLOGY		19	0.22150473	0.68802565	0.90718037	1.0	1.0	2793	tags=21%, list=18%, signal=26%	
HP_ACIDEMIA	HP_ACIDEMIA		23	0.21403316	0.68800557	0.90235084	1.0	1.0	6216	tags=57%, list=41%, signal=96%	
GOBP_B_CELL_RECEPTOR_SIGNALING_PATHWAY	GOBP_B_CELL_RECEPTOR_SIGNALING_PATHWAY		47	0.1813608	0.6864094	0.93986255	1.0	1.0	4576	tags=34%, list=30%, signal=49%	
GOBP_CARDIAC_CONDUCTION	GOBP_CARDIAC_CONDUCTION		80	0.15871072	0.6861639	0.9813875	1.0	1.0	4825	tags=36%, list=32%, signal=53%	
HP_PROXIMAL_PLACEMENT_OF_THUMB	HP_PROXIMAL_PLACEMENT_OF_THUMB		42	0.18538637	0.68605214	0.94957983	1.0	1.0	4324	tags=29%, list=29%, signal=40%	
GOBP_POSITIVE_REGULATION_OF_LIPID_LOCALIZATION	GOBP_POSITIVE_REGULATION_OF_LIPID_LOCALIZATION		82	0.15981597	0.6859367	0.97053725	1.0	1.0	1245	tags=10%, list=8%, signal=11%	
GOBP_MUSCLE_CELL_APOPTOTIC_PROCESS	GOBP_MUSCLE_CELL_APOPTOTIC_PROCESS		67	0.16674279	0.6859243	0.95921695	1.0	1.0	4898	tags=36%, list=32%, signal=53%	
HP_SHOULDER_DISLOCATION	HP_SHOULDER_DISLOCATION		17	0.22883213	0.6858383	0.8734622	1.0	1.0	110	tags=6%, list=1%, signal=6%	
GOBP_SEGMENT_SPECIFICATION	GOBP_SEGMENT_SPECIFICATION		15	0.23667802	0.6857754	0.87096775	1.0	1.0	4210	tags=27%, list=28%, signal=37%	
GOBP_REGULATION_OF_CARDIAC_MUSCLE_CELL_ACTION_POTENTIAL	GOBP_REGULATION_OF_CARDIAC_MUSCLE_CELL_ACTION_POTENTIAL		23	0.21255861	0.6856649	0.8957265	1.0	1.0	2302	tags=17%, list=15%, signal=20%	
HP_ANTERIOR_RIB_CUPPING	HP_ANTERIOR_RIB_CUPPING		17	0.22476988	0.6856151	0.8896673	1.0	1.0	4586	tags=41%, list=30%, signal=59%	
HP_INCREASED_INTRAMYOCELLULAR_LIPID_DROPLETS	HP_INCREASED_INTRAMYOCELLULAR_LIPID_DROPLETS		18	0.22551772	0.6853981	0.8731343	1.0	1.0	3277	tags=28%, list=22%, signal=35%	
HP_METAPHYSEAL_IRREGULARITY	HP_METAPHYSEAL_IRREGULARITY		48	0.17724504	0.6849519	0.93989986	1.0	1.0	3522	tags=23%, list=23%, signal=30%	
HP_ANKYLOSIS	HP_ANKYLOSIS		19	0.22353947	0.68386847	0.89213896	1.0	1.0	4040	tags=32%, list=27%, signal=43%	
GOCC_ENDOPLASMIC_RETICULUM_TUBULAR_NETWORK	GOCC_ENDOPLASMIC_RETICULUM_TUBULAR_NETWORK		23	0.21080855	0.68351	0.88869566	1.0	1.0	967	tags=9%, list=6%, signal=9%	
GOBP_DNA_BIOSYNTHETIC_PROCESS	GOBP_DNA_BIOSYNTHETIC_PROCESS		145	0.14589651	0.6834702	0.9937008	1.0	1.0	2972	tags=17%, list=20%, signal=21%	
GOBP_MITOCHONDRIAL_DNA_METABOLIC_PROCESS	GOBP_MITOCHONDRIAL_DNA_METABOLIC_PROCESS		20	0.22333443	0.6826675	0.8983364	1.0	1.0	1333	tags=15%, list=9%, signal=16%	
GOBP_POSITIVE_REGULATION_OF_SMOOTHENED_SIGNALING_PATHWAY	GOBP_POSITIVE_REGULATION_OF_SMOOTHENED_SIGNALING_PATHWAY		37	0.18767194	0.68216103	0.91734195	1.0	1.0	4160	tags=27%, list=28%, signal=37%	
HP_HEPATIC_CYSTS	HP_HEPATIC_CYSTS		21	0.21908957	0.6818533	0.88307154	1.0	1.0	896	tags=10%, list=6%, signal=10%	
HP_ANGIOFIBROMAS	HP_ANGIOFIBROMAS		17	0.2236088	0.68145233	0.8897196	1.0	1.0	3269	tags=24%, list=22%, signal=30%	
HP_FOCAL_T2_HYPERINTENSE_BRAINSTEM_LESION	HP_FOCAL_T2_HYPERINTENSE_BRAINSTEM_LESION		31	0.195625	0.6810102	0.9202773	1.0	1.0	3709	tags=23%, list=25%, signal=30%	
GOBP_RESPONSE_TO_ALKALOID	GOBP_RESPONSE_TO_ALKALOID		77	0.16089764	0.6804232	0.96930534	1.0	1.0	4733	tags=32%, list=31%, signal=47%	
GOBP_POSITIVE_REGULATION_OF_REGULATORY_T_CELL_DIFFERENTIATION	GOBP_POSITIVE_REGULATION_OF_REGULATORY_T_CELL_DIFFERENTIATION		18	0.22071467	0.6801907	0.89520425	1.0	1.0	3198	tags=28%, list=21%, signal=35%	
GOMF_NEUTRAL_L_AMINO_ACID_TRANSMEMBRANE_TRANSPORTER_ACTIVITY	GOMF_NEUTRAL_L_AMINO_ACID_TRANSMEMBRANE_TRANSPORTER_ACTIVITY		31	0.19552292	0.6793569	0.92654425	1.0	1.0	4579	tags=35%, list=30%, signal=51%	
HP_CURLY_EYELASHES	HP_CURLY_EYELASHES		16	0.23421322	0.67894125	0.878453	1.0	1.0	1376	tags=13%, list=9%, signal=14%	
HP_SUBCUTANEOUS_NODULE	HP_SUBCUTANEOUS_NODULE		72	0.16175918	0.67757446	0.9608483	1.0	1.0	5075	tags=35%, list=34%, signal=52%	
GOBP_POST_ANAL_TAIL_MORPHOGENESIS	GOBP_POST_ANAL_TAIL_MORPHOGENESIS		18	0.22241753	0.6775183	0.8966725	1.0	1.0	3229	tags=33%, list=21%, signal=42%	
GOBP_NEGATIVE_REGULATION_OF_HORMONE_SECRETION	GOBP_NEGATIVE_REGULATION_OF_HORMONE_SECRETION		55	0.1713659	0.6768228	0.9609508	1.0	1.0	4593	tags=35%, list=30%, signal=49%	
HP_AVASCULAR_NECROSIS_OF_THE_CAPITAL_FEMORAL_EPIPHYSIS	HP_AVASCULAR_NECROSIS_OF_THE_CAPITAL_FEMORAL_EPIPHYSIS		28	0.20314316	0.67605734	0.9183673	1.0	1.0	3139	tags=21%, list=21%, signal=27%	
GOBP_NEGATIVE_REGULATION_OF_SYSTEMIC_ARTERIAL_BLOOD_PRESSURE	GOBP_NEGATIVE_REGULATION_OF_SYSTEMIC_ARTERIAL_BLOOD_PRESSURE		17	0.22860152	0.6757815	0.9041591	1.0	1.0	2225	tags=18%, list=15%, signal=21%	
GOMF_SPHINGOLIPID_TRANSPORTER_ACTIVITY	GOMF_SPHINGOLIPID_TRANSPORTER_ACTIVITY		19	0.21876426	0.6755988	0.88788426	1.0	1.0	4810	tags=42%, list=32%, signal=62%	
GOBP_POSITIVE_REGULATION_OF_HOMOTYPIC_CELL_CELL_ADHESION	GOBP_POSITIVE_REGULATION_OF_HOMOTYPIC_CELL_CELL_ADHESION		17	0.22465989	0.67546123	0.901487	1.0	1.0	4242	tags=35%, list=28%, signal=49%	
HP_SLOW_PUPILLARY_LIGHT_RESPONSE	HP_SLOW_PUPILLARY_LIGHT_RESPONSE		30	0.19642596	0.67472136	0.9243421	1.0	1.0	4594	tags=33%, list=30%, signal=48%	
HP_ABNORMAL_PANCREAS_SIZE	HP_ABNORMAL_PANCREAS_SIZE		24	0.20496161	0.6740285	0.9019964	1.0	1.0	3507	tags=25%, list=23%, signal=33%	
HP_MITOCHONDRIAL_RESPIRATORY_CHAIN_DEFECTS	HP_MITOCHONDRIAL_RESPIRATORY_CHAIN_DEFECTS		18	0.22495669	0.6731077	0.9089253	1.0	1.0	5884	tags=44%, list=39%, signal=73%	
GOBP_EPIBOLY	GOBP_EPIBOLY		36	0.1872654	0.6730873	0.94237286	1.0	1.0	2965	tags=22%, list=20%, signal=28%	
GOBP_POSITIVE_REGULATION_OF_TRIGLYCERIDE_METABOLIC_PROCESS	GOBP_POSITIVE_REGULATION_OF_TRIGLYCERIDE_METABOLIC_PROCESS		18	0.22615984	0.6723518	0.8846847	1.0	1.0	41	tags=6%, list=0%, signal=6%	
GOMF_ACTIVE_MONOATOMIC_ION_TRANSMEMBRANE_TRANSPORTER_ACTIVITY	GOMF_ACTIVE_MONOATOMIC_ION_TRANSMEMBRANE_TRANSPORTER_ACTIVITY		103	0.14864942	0.672072	0.98032784	1.0	1.0	2293	tags=13%, list=15%, signal=15%	
HP_GENERALIZED_NEONATAL_HYPOTONIA	HP_GENERALIZED_NEONATAL_HYPOTONIA		19	0.21688743	0.67170364	0.899115	1.0	1.0	2729	tags=26%, list=18%, signal=32%	
HP_LARGE_FOREHEAD	HP_LARGE_FOREHEAD		18	0.22003518	0.6714638	0.9137324	1.0	1.0	3359	tags=22%, list=22%, signal=29%	
GOBP_RESPONSE_TO_MURAMYL_DIPEPTIDE	GOBP_RESPONSE_TO_MURAMYL_DIPEPTIDE		19	0.21515226	0.6713281	0.9130435	1.0	1.0	2507	tags=21%, list=17%, signal=25%	
GOBP_ENDOTHELIAL_CELL_APOPTOTIC_PROCESS	GOBP_ENDOTHELIAL_CELL_APOPTOTIC_PROCESS		49	0.17131773	0.6706046	0.9500891	1.0	1.0	4675	tags=35%, list=31%, signal=50%	
HP_DEEP_PHILTRUM	HP_DEEP_PHILTRUM		65	0.16270351	0.6703812	0.9748744	1.0	1.0	1770	tags=11%, list=12%, signal=12%	
GOBP_CELLULAR_RESPONSE_TO_ESTRADIOL_STIMULUS	GOBP_CELLULAR_RESPONSE_TO_ESTRADIOL_STIMULUS		32	0.19160041	0.6702345	0.9482143	1.0	1.0	3098	tags=22%, list=21%, signal=27%	
HP_CHRONIC_LUNG_DISEASE	HP_CHRONIC_LUNG_DISEASE		39	0.18348731	0.6702026	0.9479866	1.0	1.0	1936	tags=15%, list=13%, signal=18%	
HP_ABNORMAL_INCISOR_MORPHOLOGY	HP_ABNORMAL_INCISOR_MORPHOLOGY		58	0.16729079	0.6701214	0.96763754	1.0	1.0	2708	tags=21%, list=18%, signal=25%	
GOBP_LIPOPROTEIN_BIOSYNTHETIC_PROCESS	GOBP_LIPOPROTEIN_BIOSYNTHETIC_PROCESS		43	0.17850202	0.6697272	0.93559325	1.0	1.0	1400	tags=14%, list=9%, signal=15%	
GOBP_ENDOSOME_TO_PLASMA_MEMBRANE_PROTEIN_TRANSPORT	GOBP_ENDOSOME_TO_PLASMA_MEMBRANE_PROTEIN_TRANSPORT		18	0.21768285	0.6686005	0.9171171	1.0	1.0	5496	tags=56%, list=36%, signal=87%	
GOMF_DNA_ENDONUCLEASE_ACTIVITY	GOMF_DNA_ENDONUCLEASE_ACTIVITY		39	0.18298824	0.66843665	0.92670155	1.0	1.0	745	tags=10%, list=5%, signal=11%	
GOBP_CELLULAR_RESPONSE_TO_LIPOPROTEIN_PARTICLE_STIMULUS	GOBP_CELLULAR_RESPONSE_TO_LIPOPROTEIN_PARTICLE_STIMULUS		30	0.1911628	0.66832435	0.9441441	1.0	1.0	3601	tags=27%, list=24%, signal=35%	
GOCC_CLATHRIN_ADAPTOR_COMPLEX	GOCC_CLATHRIN_ADAPTOR_COMPLEX		23	0.20771176	0.66807985	0.91083914	1.0	1.0	4670	tags=43%, list=31%, signal=63%	
GOBP_REGULATION_OF_GLYCOGEN_BIOSYNTHETIC_PROCESS	GOBP_REGULATION_OF_GLYCOGEN_BIOSYNTHETIC_PROCESS		23	0.20462832	0.667916	0.8998178	1.0	1.0	390	tags=9%, list=3%, signal=9%	
GOBP_AMP_METABOLIC_PROCESS	GOBP_AMP_METABOLIC_PROCESS		20	0.21711412	0.66777617	0.8956522	1.0	1.0	3002	tags=25%, list=20%, signal=31%	
GOBP_VENTRICULAR_SEPTUM_MORPHOGENESIS	GOBP_VENTRICULAR_SEPTUM_MORPHOGENESIS		37	0.18455859	0.6676327	0.93887943	1.0	1.0	3319	tags=27%, list=22%, signal=35%	
HP_GASTROINTESTINAL_ATRESIA	HP_GASTROINTESTINAL_ATRESIA		83	0.15446092	0.66739285	0.98407644	1.0	1.0	4753	tags=34%, list=31%, signal=49%	
GOBP_SALIVARY_GLAND_DEVELOPMENT	GOBP_SALIVARY_GLAND_DEVELOPMENT		35	0.18570623	0.6672774	0.93264246	1.0	1.0	5345	tags=49%, list=35%, signal=75%	
GOBP_MUSCLE_HYPERTROPHY_IN_RESPONSE_TO_STRESS	GOBP_MUSCLE_HYPERTROPHY_IN_RESPONSE_TO_STRESS		21	0.21250075	0.6672196	0.91099477	1.0	1.0	847	tags=10%, list=6%, signal=10%	
GOBP_ELECTRON_TRANSPORT_CHAIN	GOBP_ELECTRON_TRANSPORT_CHAIN		107	0.15006186	0.66710484	0.9841018	1.0	1.0	5022	tags=31%, list=33%, signal=46%	
HP_PULMONARY_HYPOPLASIA	HP_PULMONARY_HYPOPLASIA		121	0.14628175	0.666891	0.9938367	1.0	1.0	3139	tags=18%, list=21%, signal=23%	
HP_SUBGLOTTIC_STENOSIS	HP_SUBGLOTTIC_STENOSIS		21	0.20938286	0.6667489	0.89799637	1.0	1.0	2338	tags=14%, list=15%, signal=17%	
HP_DELAYED_EPIPHYSEAL_OSSIFICATION	HP_DELAYED_EPIPHYSEAL_OSSIFICATION		34	0.18613045	0.6665244	0.9512195	1.0	1.0	4169	tags=32%, list=28%, signal=45%	
HP_ABNORMAL_DENTAL_PULP_MORPHOLOGY	HP_ABNORMAL_DENTAL_PULP_MORPHOLOGY		56	0.16397825	0.66650593	0.9721254	1.0	1.0	3224	tags=25%, list=21%, signal=32%	
HP_VERRUCAE	HP_VERRUCAE		23	0.20510477	0.6656453	0.9097345	1.0	1.0	1247	tags=13%, list=8%, signal=14%	
GOMF_PROTON_TRANSMEMBRANE_TRANSPORTER_ACTIVITY	GOMF_PROTON_TRANSMEMBRANE_TRANSPORTER_ACTIVITY		160	0.14143549	0.66536397	0.99702823	1.0	1.0	2081	tags=13%, list=14%, signal=14%	
GOMF_PROTEIN_TYROSINE_KINASE_ACTIVATOR_ACTIVITY	GOMF_PROTEIN_TYROSINE_KINASE_ACTIVATOR_ACTIVITY		30	0.19000192	0.66344213	0.95304346	1.0	1.0	355	tags=7%, list=2%, signal=7%	
HP_HYPERKINETIC_MOVEMENTS	HP_HYPERKINETIC_MOVEMENTS		34	0.18566626	0.66244954	0.9463987	1.0	1.0	5703	tags=50%, list=38%, signal=80%	
HP_VISUALLY_INDUCED_SEIZURE	HP_VISUALLY_INDUCED_SEIZURE		15	0.23294961	0.6622854	0.89325845	1.0	1.0	4232	tags=47%, list=28%, signal=65%	
HP_DELAYED_EARLY_CHILDHOOD_SOCIAL_MILESTONE_DEVELOPMENT	HP_DELAYED_EARLY_CHILDHOOD_SOCIAL_MILESTONE_DEVELOPMENT		18	0.21759813	0.6621659	0.9010989	1.0	1.0	2298	tags=17%, list=15%, signal=20%	
HP_LOCALIZED_OSTEOPOROSIS	HP_LOCALIZED_OSTEOPOROSIS		18	0.21345372	0.6620961	0.91516244	1.0	1.0	3786	tags=33%, list=25%, signal=44%	
GOBP_REGULATION_OF_DNA_BIOSYNTHETIC_PROCESS	GOBP_REGULATION_OF_DNA_BIOSYNTHETIC_PROCESS		78	0.15696095	0.66144824	0.97564936	1.0	1.0	2945	tags=19%, list=19%, signal=24%	
GOMF_MHC_CLASS_II_PROTEIN_COMPLEX_BINDING	GOMF_MHC_CLASS_II_PROTEIN_COMPLEX_BINDING		22	0.20700344	0.6606195	0.93035716	1.0	1.0	2686	tags=18%, list=18%, signal=22%	
HP_ANTERIOR_PITUITARY_HYPOPLASIA	HP_ANTERIOR_PITUITARY_HYPOPLASIA		31	0.18575151	0.66002584	0.95438594	1.0	1.0	1366	tags=10%, list=9%, signal=11%	
HP_ABNORMAL_FETAL_CARDIOVASCULAR_MORPHOLOGY	HP_ABNORMAL_FETAL_CARDIOVASCULAR_MORPHOLOGY		44	0.17403029	0.65948194	0.96575344	1.0	1.0	5010	tags=39%, list=33%, signal=58%	
GOBP_NEGATIVE_REGULATION_OF_BLOOD_CIRCULATION	GOBP_NEGATIVE_REGULATION_OF_BLOOD_CIRCULATION		18	0.2155437	0.6591009	0.89945155	1.0	1.0	4334	tags=39%, list=29%, signal=54%	
HP_DECREASED_SPECIFIC_ANTIBODY_RESPONSE_TO_VACCINATION	HP_DECREASED_SPECIFIC_ANTIBODY_RESPONSE_TO_VACCINATION		30	0.18976437	0.6578718	0.9511344	1.0	1.0	530	tags=7%, list=4%, signal=7%	
GOBP_RESPONSE_TO_HEAT	GOBP_RESPONSE_TO_HEAT		90	0.15131322	0.6576929	0.9854369	1.0	1.0	4526	tags=31%, list=30%, signal=44%	
HP_DYSOSTOSIS_MULTIPLEX	HP_DYSOSTOSIS_MULTIPLEX		20	0.21080768	0.6572204	0.91433567	1.0	1.0	3290	tags=20%, list=22%, signal=26%	
GOCC_VESICLE_TETHERING_COMPLEX	GOCC_VESICLE_TETHERING_COMPLEX		59	0.16271654	0.65593475	0.96710527	1.0	1.0	4025	tags=25%, list=27%, signal=35%	
GOBP_FIBROBLAST_APOPTOTIC_PROCESS	GOBP_FIBROBLAST_APOPTOTIC_PROCESS		22	0.20313239	0.6547787	0.9127517	1.0	1.0	2441	tags=23%, list=16%, signal=27%	
GOBP_REGULATION_OF_ATP_DEPENDENT_ACTIVITY	GOBP_REGULATION_OF_ATP_DEPENDENT_ACTIVITY		32	0.1887335	0.6544914	0.9441536	1.0	1.0	1797	tags=13%, list=12%, signal=14%	
GOBP_FERROPTOSIS	GOBP_FERROPTOSIS		17	0.21925332	0.65443546	0.91752577	1.0	1.0	1928	tags=18%, list=13%, signal=20%	
HP_STUTTERING	HP_STUTTERING		17	0.21505484	0.6534118	0.9240069	1.0	1.0	1329	tags=12%, list=9%, signal=13%	
HP_SEPTO_OPTIC_DYSPLASIA	HP_SEPTO_OPTIC_DYSPLASIA		18	0.21235785	0.6532977	0.93233085	1.0	1.0	1683	tags=17%, list=11%, signal=19%	
GOMF_RNA_POLYMERASE_II_CORE_PROMOTER_SEQUENCE_SPECIFIC_DNA_BINDING	GOMF_RNA_POLYMERASE_II_CORE_PROMOTER_SEQUENCE_SPECIFIC_DNA_BINDING		16	0.22604632	0.6530693	0.92224234	1.0	1.0	3697	tags=31%, list=24%, signal=41%	
GOBP_PROTEIN_MODIFICATION_BY_SMALL_PROTEIN_REMOVAL	GOBP_PROTEIN_MODIFICATION_BY_SMALL_PROTEIN_REMOVAL		106	0.14604616	0.6517334	0.9892142	1.0	1.0	3141	tags=16%, list=21%, signal=20%	
GOBP_CERAMIDE_TRANSPORT	GOBP_CERAMIDE_TRANSPORT		16	0.22233579	0.6514649	0.9244604	1.0	1.0	4502	tags=38%, list=30%, signal=53%	
GOMF_TBP_CLASS_PROTEIN_BINDING	GOMF_TBP_CLASS_PROTEIN_BINDING		23	0.2015348	0.6514036	0.94542253	1.0	1.0	6371	tags=48%, list=42%, signal=83%	
GOBP_ORGANIC_CATION_TRANSPORT	GOBP_ORGANIC_CATION_TRANSPORT		97	0.14786237	0.65135163	0.9920509	1.0	1.0	4175	tags=28%, list=28%, signal=38%	
GOBP_RECOMBINATIONAL_REPAIR	GOBP_RECOMBINATIONAL_REPAIR		164	0.1362841	0.65096104	0.9924585	1.0	1.0	4655	tags=29%, list=31%, signal=41%	
HP_CORONAL_CRANIOSYNOSTOSIS	HP_CORONAL_CRANIOSYNOSTOSIS		29	0.18726267	0.6502383	0.95767194	1.0	1.0	3426	tags=28%, list=23%, signal=36%	
GOMF_PHOSPHATIDYLINOSITOL_PHOSPHATE_PHOSPHATASE_ACTIVITY	GOMF_PHOSPHATIDYLINOSITOL_PHOSPHATE_PHOSPHATASE_ACTIVITY		28	0.18653218	0.64998883	0.95462793	1.0	1.0	2821	tags=21%, list=19%, signal=26%	
HP_BILATERAL_SINGLE_TRANSVERSE_PALMAR_CREASES	HP_BILATERAL_SINGLE_TRANSVERSE_PALMAR_CREASES		60	0.16222918	0.64983815	0.9817579	1.0	1.0	3895	tags=27%, list=26%, signal=36%	
HP_PULMONARY_HEMORRHAGE	HP_PULMONARY_HEMORRHAGE		24	0.20089732	0.64977354	0.94551843	1.0	1.0	3625	tags=25%, list=24%, signal=33%	
GOBP_MITOTIC_CYTOKINESIS	GOBP_MITOTIC_CYTOKINESIS		86	0.14822994	0.6487483	0.99006623	1.0	1.0	2545	tags=13%, list=17%, signal=15%	
HP_CSF_PLEOCYTOSIS	HP_CSF_PLEOCYTOSIS		22	0.20328808	0.64852554	0.9406308	1.0	1.0	5539	tags=59%, list=37%, signal=93%	
GOBP_CENTRIOLE_ASSEMBLY	GOBP_CENTRIOLE_ASSEMBLY		49	0.1710331	0.64824146	0.9586093	1.0	1.0	4822	tags=35%, list=32%, signal=51%	
GOBP_NEGATIVE_REGULATION_OF_WOUND_HEALING	GOBP_NEGATIVE_REGULATION_OF_WOUND_HEALING		54	0.16456859	0.6481382	0.96134454	1.0	1.0	3350	tags=19%, list=22%, signal=24%	
HP_BONE_MARROW_HYPERCELLULARITY	HP_BONE_MARROW_HYPERCELLULARITY		23	0.19954927	0.64804715	0.9270073	1.0	1.0	2945	tags=22%, list=19%, signal=27%	
GOBP_MESENCHYMAL_CELL_PROLIFERATION	GOBP_MESENCHYMAL_CELL_PROLIFERATION		42	0.17389551	0.64773494	0.9704861	1.0	1.0	3965	tags=31%, list=26%, signal=42%	
GOBP_NEGATIVE_REGULATION_OF_MONOATOMIC_ION_TRANSMEMBRANE_TRANSPORT	GOBP_NEGATIVE_REGULATION_OF_MONOATOMIC_ION_TRANSMEMBRANE_TRANSPORT		60	0.16336428	0.64738214	0.97602737	1.0	1.0	4825	tags=35%, list=32%, signal=51%	
GOBP_CHROMOSOME_CONDENSATION	GOBP_CHROMOSOME_CONDENSATION		37	0.17417245	0.6472647	0.9618056	1.0	1.0	4941	tags=32%, list=33%, signal=48%	
HP_ABNORMAL_EPIPHYSIS_MORPHOLOGY_OF_THE_PHALANGES_OF_THE_HAND	HP_ABNORMAL_EPIPHYSIS_MORPHOLOGY_OF_THE_PHALANGES_OF_THE_HAND		39	0.17470211	0.6472224	0.9537671	1.0	1.0	2729	tags=18%, list=18%, signal=22%	
HP_BIPARIETAL_NARROWING	HP_BIPARIETAL_NARROWING		61	0.16083527	0.6467301	0.9716667	1.0	1.0	3979	tags=28%, list=26%, signal=38%	
GOBP_REGULATION_OF_EXOSOMAL_SECRETION	GOBP_REGULATION_OF_EXOSOMAL_SECRETION		16	0.22073379	0.64571106	0.9276896	1.0	1.0	1326	tags=13%, list=9%, signal=14%	
GOBP_PROTEIN_K11_LINKED_UBIQUITINATION	GOBP_PROTEIN_K11_LINKED_UBIQUITINATION		37	0.17787819	0.64570975	0.94876325	1.0	1.0	147	tags=5%, list=1%, signal=5%	
GOBP_RESPONSE_TO_AMYLOID_BETA	GOBP_RESPONSE_TO_AMYLOID_BETA		45	0.16751952	0.6455372	0.9675768	1.0	1.0	5941	tags=51%, list=39%, signal=84%	
GOBP_PYRIMIDINE_RIBONUCLEOTIDE_METABOLIC_PROCESS	GOBP_PYRIMIDINE_RIBONUCLEOTIDE_METABOLIC_PROCESS		31	0.1841547	0.64531124	0.92779785	1.0	1.0	3828	tags=23%, list=25%, signal=30%	
HP_FLATTENED_EPIPHYSIS	HP_FLATTENED_EPIPHYSIS		23	0.20052037	0.6453028	0.9246935	1.0	1.0	1683	tags=13%, list=11%, signal=15%	
HP_ABNORMAL_HYPOTHALAMUS_MORPHOLOGY	HP_ABNORMAL_HYPOTHALAMUS_MORPHOLOGY		21	0.20375174	0.64519924	0.9253188	1.0	1.0	1271	tags=10%, list=8%, signal=10%	
GOBP_REGULATION_OF_PLASMA_MEMBRANE_ORGANIZATION	GOBP_REGULATION_OF_PLASMA_MEMBRANE_ORGANIZATION		15	0.22425385	0.64519393	0.9126394	1.0	1.0	5275	tags=47%, list=35%, signal=72%	
GOBP_POTASSIUM_ION_IMPORT_ACROSS_PLASMA_MEMBRANE	GOBP_POTASSIUM_ION_IMPORT_ACROSS_PLASMA_MEMBRANE		41	0.17499262	0.64409494	0.9623568	1.0	1.0	5014	tags=37%, list=33%, signal=55%	
GOMF_RNA_POLYMERASE_II_GENERAL_TRANSCRIPTION_INITIATION_FACTOR_ACTIVITY	GOMF_RNA_POLYMERASE_II_GENERAL_TRANSCRIPTION_INITIATION_FACTOR_ACTIVITY		37	0.17725119	0.6436831	0.95840263	1.0	1.0	4115	tags=24%, list=27%, signal=33%	
HP_HEMATOCHEZIA	HP_HEMATOCHEZIA		16	0.21674366	0.6433585	0.9103053	1.0	1.0	3625	tags=25%, list=24%, signal=33%	
GOBP_MESENCHYMAL_TO_EPITHELIAL_TRANSITION	GOBP_MESENCHYMAL_TO_EPITHELIAL_TRANSITION		17	0.21463174	0.64200693	0.93014705	1.0	1.0	4310	tags=35%, list=29%, signal=49%	
GOBP_REGULATION_OF_TELOMERE_MAINTENANCE_IN_RESPONSE_TO_DNA_DAMAGE	GOBP_REGULATION_OF_TELOMERE_MAINTENANCE_IN_RESPONSE_TO_DNA_DAMAGE		17	0.21298398	0.64183813	0.91327435	1.0	1.0	3175	tags=24%, list=21%, signal=30%	
GOBP_REGULATION_OF_FIBROBLAST_APOPTOTIC_PROCESS	GOBP_REGULATION_OF_FIBROBLAST_APOPTOTIC_PROCESS		16	0.22279659	0.64168173	0.90794224	1.0	1.0	1876	tags=19%, list=12%, signal=21%	
HP_ABNORMALLY_HIGH_PITCHED_VOICE	HP_ABNORMALLY_HIGH_PITCHED_VOICE		45	0.17126065	0.64010584	0.97044337	1.0	1.0	2038	tags=16%, list=13%, signal=18%	
HP_IMPAIRED_ANTIGEN_SPECIFIC_RESPONSE	HP_IMPAIRED_ANTIGEN_SPECIFIC_RESPONSE		45	0.1684578	0.63991135	0.96099293	1.0	1.0	1982	tags=11%, list=13%, signal=13%	
HP_APLASIA_HYPOPLASIA_OF_THE_LUNGS	HP_APLASIA_HYPOPLASIA_OF_THE_LUNGS		144	0.13626227	0.63959855	0.9984472	1.0	1.0	2106	tags=13%, list=14%, signal=14%	
GOBP_CHAPERONE_MEDIATED_PROTEIN_FOLDING	GOBP_CHAPERONE_MEDIATED_PROTEIN_FOLDING		61	0.1575189	0.6393635	0.9784768	1.0	1.0	3825	tags=23%, list=25%, signal=31%	
HP_HYPOPLASIA_OF_THE_UTERUS	HP_HYPOPLASIA_OF_THE_UTERUS		43	0.17134266	0.6375341	0.95804197	1.0	1.0	5217	tags=37%, list=35%, signal=57%	
HP_URETEROCELE	HP_URETEROCELE		25	0.19218962	0.6364289	0.9548611	1.0	1.0	2891	tags=24%, list=19%, signal=30%	
HP_RIDGED_NAIL	HP_RIDGED_NAIL		33	0.17968349	0.63563615	0.94684386	1.0	1.0	3159	tags=24%, list=21%, signal=31%	
GOBP_BASEMENT_MEMBRANE_ORGANIZATION	GOBP_BASEMENT_MEMBRANE_ORGANIZATION		35	0.17960571	0.63543147	0.9681208	1.0	1.0	3616	tags=26%, list=24%, signal=34%	
GOBP_PERIPHERAL_NERVOUS_SYSTEM_NEURON_DIFFERENTIATION	GOBP_PERIPHERAL_NERVOUS_SYSTEM_NEURON_DIFFERENTIATION		15	0.21974233	0.6347523	0.9297297	1.0	1.0	83	tags=7%, list=1%, signal=7%	
HP_ABNORMAL_TIBIA_MORPHOLOGY	HP_ABNORMAL_TIBIA_MORPHOLOGY		97	0.14419623	0.6346049	0.9952	1.0	1.0	4261	tags=27%, list=28%, signal=37%	
HP_IMPAIRED_PROPRIOCEPTION	HP_IMPAIRED_PROPRIOCEPTION		144	0.13741864	0.63459194	0.992722	1.0	1.0	3923	tags=24%, list=26%, signal=33%	
HP_PANHYPOPITUITARISM	HP_PANHYPOPITUITARISM		27	0.1856887	0.6344794	0.95286196	1.0	1.0	4519	tags=41%, list=30%, signal=58%	
HP_HEPATOCELLULAR_ADENOMA	HP_HEPATOCELLULAR_ADENOMA		15	0.2189291	0.63407236	0.9172297	1.0	1.0	3051	tags=20%, list=20%, signal=25%	
GOBP_BLOOD_VESSEL_ENDOTHELIAL_CELL_PROLIFERATION_INVOLVED_IN_SPROUTING_ANGIOGENESIS	GOBP_BLOOD_VESSEL_ENDOTHELIAL_CELL_PROLIFERATION_INVOLVED_IN_SPROUTING_ANGIOGENESIS		22	0.2017787	0.63406026	0.9440559	1.0	1.0	2878	tags=23%, list=19%, signal=28%	
GOBP_BEHAVIORAL_RESPONSE_TO_PAIN	GOBP_BEHAVIORAL_RESPONSE_TO_PAIN		18	0.2093229	0.6337746	0.9379433	1.0	1.0	1885	tags=17%, list=12%, signal=19%	
HP_ABNORMAL_1ST_METACARPAL_MORPHOLOGY	HP_ABNORMAL_1ST_METACARPAL_MORPHOLOGY		39	0.17326185	0.63372475	0.964527	1.0	1.0	5336	tags=38%, list=35%, signal=59%	
HP_INTERMEDIATE_YOUNG_ADULT_ONSET	HP_INTERMEDIATE_YOUNG_ADULT_ONSET		16	0.21411578	0.6331805	0.93358636	1.0	1.0	4911	tags=38%, list=33%, signal=55%	
GOBP_CELLULAR_RESPONSE_TO_FATTY_ACID	GOBP_CELLULAR_RESPONSE_TO_FATTY_ACID		29	0.18366641	0.6331099	0.9507042	1.0	1.0	4161	tags=24%, list=28%, signal=33%	
GOBP_METANEPHRIC_EPITHELIUM_DEVELOPMENT	GOBP_METANEPHRIC_EPITHELIUM_DEVELOPMENT		22	0.20000991	0.6327465	0.9447323	1.0	1.0	3451	tags=27%, list=23%, signal=35%	
HP_DYSDIADOCHOKINESIS	HP_DYSDIADOCHOKINESIS		55	0.16126001	0.6324293	0.9820555	1.0	1.0	1528	tags=11%, list=10%, signal=12%	
GOBP_RETINA_VASCULATURE_DEVELOPMENT_IN_CAMERA_TYPE_EYE	GOBP_RETINA_VASCULATURE_DEVELOPMENT_IN_CAMERA_TYPE_EYE		17	0.20994934	0.6307625	0.9218472	1.0	1.0	1515	tags=12%, list=10%, signal=13%	
GOBP_INTRACELLULAR_PROTEIN_TRANSMEMBRANE_TRANSPORT	GOBP_INTRACELLULAR_PROTEIN_TRANSMEMBRANE_TRANSPORT		31	0.18191394	0.630325	0.95863307	1.0	1.0	3895	tags=26%, list=26%, signal=35%	
GOBP_POSITIVE_REGULATION_OF_PROTEIN_SECRETION	GOBP_POSITIVE_REGULATION_OF_PROTEIN_SECRETION		127	0.13847041	0.62986225	1.0	1.0	1.0	2596	tags=17%, list=17%, signal=20%	
GOBP_SEMI_LUNAR_VALVE_DEVELOPMENT	GOBP_SEMI_LUNAR_VALVE_DEVELOPMENT		44	0.16674495	0.62984854	0.97359735	1.0	1.0	3239	tags=20%, list=21%, signal=26%	
GOBP_POSITIVE_REGULATION_OF_SMOOTH_MUSCLE_CELL_PROLIFERATION	GOBP_POSITIVE_REGULATION_OF_SMOOTH_MUSCLE_CELL_PROLIFERATION		68	0.15258859	0.6295231	0.988959	1.0	1.0	3585	tags=22%, list=24%, signal=29%	
GOCC_NUCLEOID	GOCC_NUCLEOID		47	0.165818	0.627157	0.9794953	1.0	1.0	1333	tags=9%, list=9%, signal=9%	
GOBP_REGULATION_OF_B_CELL_RECEPTOR_SIGNALING_PATHWAY	GOBP_REGULATION_OF_B_CELL_RECEPTOR_SIGNALING_PATHWAY		15	0.21670617	0.62615436	0.9375	1.0	1.0	1114	tags=13%, list=7%, signal=14%	
GOBP_REGULATION_OF_COAGULATION	GOBP_REGULATION_OF_COAGULATION		63	0.15614253	0.625862	0.986532	1.0	1.0	4254	tags=25%, list=28%, signal=35%	
GOBP_POSITIVE_REGULATION_OF_HEART_GROWTH	GOBP_POSITIVE_REGULATION_OF_HEART_GROWTH		27	0.18297242	0.6257005	0.96133566	1.0	1.0	5502	tags=48%, list=36%, signal=76%	
HP_LARGE_INTESTINAL_POLYPOSIS	HP_LARGE_INTESTINAL_POLYPOSIS		19	0.205949	0.6249827	0.9382716	1.0	1.0	679	tags=11%, list=4%, signal=11%	
HP_ABNORMAL_BRAIN_LACTATE_LEVEL_BY_MRS	HP_ABNORMAL_BRAIN_LACTATE_LEVEL_BY_MRS		40	0.1700404	0.62484	0.9726027	1.0	1.0	2744	tags=15%, list=18%, signal=18%	
GOBP_DETECTION_OF_CHEMICAL_STIMULUS_INVOLVED_IN_SENSORY_PERCEPTION_OF_TASTE	GOBP_DETECTION_OF_CHEMICAL_STIMULUS_INVOLVED_IN_SENSORY_PERCEPTION_OF_TASTE		22	0.19713849	0.624119	0.9485816	1.0	1.0	5237	tags=45%, list=35%, signal=69%	
GOBP_SPERMATID_NUCLEUS_DIFFERENTIATION	GOBP_SPERMATID_NUCLEUS_DIFFERENTIATION		19	0.20477843	0.6229072	0.94265234	1.0	1.0	3083	tags=21%, list=20%, signal=26%	
GOMF_PHOSPHATIDYLINOSITOL_3_5_BISPHOSPHATE_PHOSPHATASE_ACTIVITY	GOMF_PHOSPHATIDYLINOSITOL_3_5_BISPHOSPHATE_PHOSPHATASE_ACTIVITY		16	0.21457915	0.62177694	0.9422383	1.0	1.0	2695	tags=25%, list=18%, signal=30%	
GOBP_RESPONSE_TO_IRON_ION	GOBP_RESPONSE_TO_IRON_ION		28	0.18316032	0.6215044	0.97354496	1.0	1.0	4104	tags=32%, list=27%, signal=44%	
HP_REDUCED_VITAL_CAPACITY	HP_REDUCED_VITAL_CAPACITY		25	0.18849578	0.62141234	0.95878136	1.0	1.0	3803	tags=28%, list=25%, signal=37%	
HP_SYNOSTOSIS_INVOLVING_DIGITS	HP_SYNOSTOSIS_INVOLVING_DIGITS		15	0.21871163	0.6211761	0.9368421	1.0	1.0	5217	tags=47%, list=35%, signal=71%	
HP_HEAD_TITUBATION	HP_HEAD_TITUBATION		22	0.19312908	0.62080073	0.9320558	1.0	1.0	3746	tags=27%, list=25%, signal=36%	
GOBP_POSITIVE_REGULATION_OF_MITOTIC_CELL_CYCLE	GOBP_POSITIVE_REGULATION_OF_MITOTIC_CELL_CYCLE		110	0.137909	0.62064797	0.992224	1.0	1.0	5313	tags=39%, list=35%, signal=60%	
GOBP_NEGATIVE_REGULATION_OF_OSTEOBLAST_DIFFERENTIATION	GOBP_NEGATIVE_REGULATION_OF_OSTEOBLAST_DIFFERENTIATION		41	0.16985402	0.62063235	0.9685315	1.0	1.0	4829	tags=32%, list=32%, signal=46%	
HP_MULTIFOCAL_SEIZURES	HP_MULTIFOCAL_SEIZURES		22	0.19361815	0.62052155	0.9522968	1.0	1.0	2615	tags=18%, list=17%, signal=22%	
HP_AUTOIMMUNE_THROMBOCYTOPENIA	HP_AUTOIMMUNE_THROMBOCYTOPENIA		36	0.1724412	0.6203648	0.95907474	1.0	1.0	5026	tags=31%, list=33%, signal=46%	
GOBP_GOLGI_TO_VACUOLE_TRANSPORT	GOBP_GOLGI_TO_VACUOLE_TRANSPORT		17	0.20726839	0.6191725	0.939781	1.0	1.0	826	tags=12%, list=5%, signal=12%	
GOBP_HEART_VALVE_MORPHOGENESIS	GOBP_HEART_VALVE_MORPHOGENESIS		55	0.15299436	0.61833817	0.9696429	1.0	1.0	3239	tags=18%, list=21%, signal=23%	
HP_STOMACH_CANCER	HP_STOMACH_CANCER		25	0.18818584	0.6164497	0.95621717	1.0	1.0	650	tags=8%, list=4%, signal=8%	
HP_HYPOPLASIA_OF_TEETH	HP_HYPOPLASIA_OF_TEETH		112	0.13672327	0.6160482	0.99526066	1.0	1.0	5313	tags=38%, list=35%, signal=59%	
HP_INCREASED_CIRCULATING_CORTISOL_LEVEL	HP_INCREASED_CIRCULATING_CORTISOL_LEVEL		24	0.18903108	0.6158125	0.96594983	1.0	1.0	4641	tags=42%, list=31%, signal=60%	
GOMF_DNA_NUCLEASE_ACTIVITY	GOMF_DNA_NUCLEASE_ACTIVITY		62	0.15228747	0.6144314	0.9831366	1.0	1.0	5738	tags=47%, list=38%, signal=75%	
GOMF_STRUCTURAL_CONSTITUENT_OF_NUCLEAR_PORE	GOMF_STRUCTURAL_CONSTITUENT_OF_NUCLEAR_PORE		21	0.19517763	0.61398184	0.9477352	1.0	1.0	5446	tags=48%, list=36%, signal=74%	
GOBP_REGULATION_OF_ADENYLATE_CYCLASE_ACTIVITY	GOBP_REGULATION_OF_ADENYLATE_CYCLASE_ACTIVITY		23	0.18827197	0.6131577	0.9592199	1.0	1.0	3731	tags=35%, list=25%, signal=46%	
HP_ESOPHAGEAL_ATRESIA	HP_ESOPHAGEAL_ATRESIA		32	0.17428418	0.6126439	0.95683455	1.0	1.0	5705	tags=41%, list=38%, signal=65%	
GOBP_CELLULAR_RESPONSE_TO_AMYLOID_BETA	GOBP_CELLULAR_RESPONSE_TO_AMYLOID_BETA		37	0.16508174	0.6125407	0.9754386	1.0	1.0	5941	tags=51%, list=39%, signal=84%	
GOBP_POSITIVE_REGULATION_OF_CELL_CYCLE_PHASE_TRANSITION	GOBP_POSITIVE_REGULATION_OF_CELL_CYCLE_PHASE_TRANSITION		96	0.13747013	0.61251915	0.99849397	1.0	1.0	5655	tags=42%, list=37%, signal=66%	
HP_PANCREATIC_CYSTS	HP_PANCREATIC_CYSTS		35	0.1717398	0.61246926	0.97330964	1.0	1.0	2056	tags=14%, list=14%, signal=16%	
GOBP_POSITIVE_REGULATION_OF_EMBRYONIC_DEVELOPMENT	GOBP_POSITIVE_REGULATION_OF_EMBRYONIC_DEVELOPMENT		17	0.20354298	0.6115774	0.94464946	1.0	1.0	3193	tags=24%, list=21%, signal=30%	
GOBP_NEGATIVE_REGULATION_OF_EXTRINSIC_APOPTOTIC_SIGNALING_PATHWAY_VIA_DEATH_DOMAIN_RECEPTORS	GOBP_NEGATIVE_REGULATION_OF_EXTRINSIC_APOPTOTIC_SIGNALING_PATHWAY_VIA_DEATH_DOMAIN_RECEPTORS		25	0.18842588	0.61113554	0.98242533	1.0	1.0	1742	tags=12%, list=12%, signal=14%	
GOBP_CENTROSOME_DUPLICATION	GOBP_CENTROSOME_DUPLICATION		77	0.14368898	0.61017495	0.9968355	1.0	1.0	2282	tags=14%, list=15%, signal=17%	
HP_ALBUMINURIA	HP_ALBUMINURIA		20	0.19474486	0.60972077	0.9478417	1.0	1.0	2942	tags=15%, list=19%, signal=19%	
HP_TETRAPARESIS	HP_TETRAPARESIS		107	0.1367085	0.60921913	1.0	1.0	1.0	1435	tags=8%, list=9%, signal=9%	
GOBP_NEGATIVE_REGULATION_OF_EPITHELIAL_TO_MESENCHYMAL_TRANSITION	GOBP_NEGATIVE_REGULATION_OF_EPITHELIAL_TO_MESENCHYMAL_TRANSITION		34	0.16978571	0.60873324	0.9697479	1.0	1.0	3193	tags=24%, list=21%, signal=30%	
GOBP_POSITIVE_REGULATION_OF_MITOCHONDRIAL_TRANSLATION	GOBP_POSITIVE_REGULATION_OF_MITOCHONDRIAL_TRANSLATION		16	0.20348091	0.60870385	0.93536806	1.0	1.0	122	tags=6%, list=1%, signal=6%	
HP_THIN_RIBS	HP_THIN_RIBS		44	0.15834159	0.6085392	0.97213113	1.0	1.0	2907	tags=18%, list=19%, signal=22%	
HP_ABNORMALITY_OF_THE_UMBILICAL_CORD	HP_ABNORMALITY_OF_THE_UMBILICAL_CORD		56	0.15267059	0.6083655	0.9913194	1.0	1.0	4328	tags=29%, list=29%, signal=40%	
HP_BRUISING_SUSCEPTIBILITY	HP_BRUISING_SUSCEPTIBILITY		150	0.12799485	0.60713905	1.0	1.0	1.0	5347	tags=36%, list=35%, signal=55%	
GOBP_EMBRYONIC_FORELIMB_MORPHOGENESIS	GOBP_EMBRYONIC_FORELIMB_MORPHOGENESIS		32	0.17225249	0.6060433	0.9861111	1.0	1.0	5988	tags=47%, list=40%, signal=77%	
GOBP_CHROMOSOME_SEPARATION	GOBP_CHROMOSOME_SEPARATION		74	0.14503527	0.60587513	0.99667776	1.0	1.0	5972	tags=49%, list=40%, signal=80%	
HP_SUBARACHNOID_HEMORRHAGE	HP_SUBARACHNOID_HEMORRHAGE		27	0.18040177	0.6052388	0.97321427	1.0	1.0	12388	tags=100%, list=82%, signal=554%	
HP_ABNORMAL_RETINAL_NERVE_FIBER_LAYER_MORPHOLOGY	HP_ABNORMAL_RETINAL_NERVE_FIBER_LAYER_MORPHOLOGY		18	0.19940588	0.60438514	0.9488117	1.0	1.0	5884	tags=39%, list=39%, signal=64%	
GOBP_FORELIMB_MORPHOGENESIS	GOBP_FORELIMB_MORPHOGENESIS		39	0.1639968	0.602803	0.9891501	1.0	1.0	5010	tags=36%, list=33%, signal=54%	
HP_ABNORMAL_CD4_T_CELL_SUBSET_PROPORTION	HP_ABNORMAL_CD4_T_CELL_SUBSET_PROPORTION		43	0.15911552	0.6024419	0.97920275	1.0	1.0	3666	tags=26%, list=24%, signal=34%	
GOBP_RETINOIC_ACID_RECEPTOR_SIGNALING_PATHWAY	GOBP_RETINOIC_ACID_RECEPTOR_SIGNALING_PATHWAY		34	0.17007324	0.6017489	0.9810671	1.0	1.0	873	tags=9%, list=6%, signal=9%	
HP_VITREOUS_HEMORRHAGE	HP_VITREOUS_HEMORRHAGE		15	0.20755856	0.601521	0.95197254	1.0	1.0	2885	tags=20%, list=19%, signal=25%	
GOMF_RNA_METHYLTRANSFERASE_ACTIVITY	GOMF_RNA_METHYLTRANSFERASE_ACTIVITY		61	0.14890678	0.6014992	0.9916667	1.0	1.0	3065	tags=16%, list=20%, signal=20%	
GOCC_CONDENSED_CHROMOSOME	GOCC_CONDENSED_CHROMOSOME		244	0.11958729	0.60143673	1.0	1.0	1.0	4941	tags=30%, list=33%, signal=44%	
HP_ABNORMAL_METABOLISM	HP_ABNORMAL_METABOLISM		142	0.12785237	0.60033655	1.0	1.0	1.0	4520	tags=27%, list=30%, signal=38%	
GOBP_ATP_SYNTHESIS_COUPLED_ELECTRON_TRANSPORT	GOBP_ATP_SYNTHESIS_COUPLED_ELECTRON_TRANSPORT		83	0.1381039	0.60023785	1.0	1.0	1.0	2081	tags=11%, list=14%, signal=13%	
GOBP_REGULATION_OF_CELL_ADHESION_MEDIATED_BY_INTEGRIN	GOBP_REGULATION_OF_CELL_ADHESION_MEDIATED_BY_INTEGRIN		40	0.1628437	0.60002786	0.9797639	1.0	1.0	4467	tags=30%, list=30%, signal=42%	
GOMF_QUATERNARY_AMMONIUM_GROUP_BINDING	GOMF_QUATERNARY_AMMONIUM_GROUP_BINDING		30	0.17293738	0.5997382	0.9626486	1.0	1.0	5320	tags=47%, list=35%, signal=72%	
GOBP_POSITIVE_REGULATION_OF_TELOMERE_MAINTENANCE_VIA_TELOMERE_LENGTHENING	GOBP_POSITIVE_REGULATION_OF_TELOMERE_MAINTENANCE_VIA_TELOMERE_LENGTHENING		21	0.18595949	0.59955376	0.96936935	1.0	1.0	3608	tags=24%, list=24%, signal=31%	
GOBP_WOUND_HEALING_SPREADING_OF_EPIDERMAL_CELLS	GOBP_WOUND_HEALING_SPREADING_OF_EPIDERMAL_CELLS		20	0.19265841	0.5995394	0.95567375	1.0	1.0	5063	tags=35%, list=34%, signal=53%	
HP_PROLONGED_BLEEDING_FOLLOWING_PROCEDURE	HP_PROLONGED_BLEEDING_FOLLOWING_PROCEDURE		23	0.18348001	0.5992835	0.96043164	1.0	1.0	5335	tags=43%, list=35%, signal=67%	
GOBP_DE_NOVO_PROTEIN_FOLDING	GOBP_DE_NOVO_PROTEIN_FOLDING		35	0.166776	0.5987222	0.96964586	1.0	1.0	1363	tags=11%, list=9%, signal=13%	
HP_ABNORMAL_CELL_PROLIFERATION	HP_ABNORMAL_CELL_PROLIFERATION		38	0.16337472	0.59757125	0.97750866	1.0	1.0	3666	tags=18%, list=24%, signal=24%	
GOBP_NEGATIVE_REGULATION_OF_DNA_METABOLIC_PROCESS	GOBP_NEGATIVE_REGULATION_OF_DNA_METABOLIC_PROCESS		111	0.13310795	0.5971628	0.9984448	1.0	1.0	4816	tags=30%, list=32%, signal=43%	
GOBP_STRIATED_MUSCLE_CELL_PROLIFERATION	GOBP_STRIATED_MUSCLE_CELL_PROLIFERATION		64	0.1455665	0.5965866	0.996633	1.0	1.0	4718	tags=36%, list=31%, signal=52%	
HP_ABNORMAL_BASAL_GANGLIA_MRI_SIGNAL_INTENSITY	HP_ABNORMAL_BASAL_GANGLIA_MRI_SIGNAL_INTENSITY		34	0.1664583	0.5937445	0.97404844	1.0	1.0	4068	tags=26%, list=27%, signal=36%	
GOBP_LATERAL_MESODERM_DEVELOPMENT	GOBP_LATERAL_MESODERM_DEVELOPMENT		15	0.20401028	0.59341013	0.95108694	1.0	1.0	3146	tags=27%, list=21%, signal=34%	
HP_SYMPHALANGISM_AFFECTING_THE_PHALANGES_OF_THE_HAND	HP_SYMPHALANGISM_AFFECTING_THE_PHALANGES_OF_THE_HAND		16	0.19879173	0.592773	0.95204264	1.0	1.0	1362	tags=13%, list=9%, signal=14%	
HP_ABSENCE_OF_PUBERTAL_DEVELOPMENT	HP_ABSENCE_OF_PUBERTAL_DEVELOPMENT		25	0.17994627	0.5923081	0.95870733	1.0	1.0	5106	tags=44%, list=34%, signal=66%	
GOCC_ANAPHASE_PROMOTING_COMPLEX	GOCC_ANAPHASE_PROMOTING_COMPLEX		21	0.18585733	0.5885063	0.971223	1.0	1.0	5040	tags=38%, list=33%, signal=57%	
HP_DELAYED_OSSIFICATION_OF_CARPAL_BONES	HP_DELAYED_OSSIFICATION_OF_CARPAL_BONES		16	0.1955743	0.5870967	0.95621717	1.0	1.0	12157	tags=100%, list=80%, signal=511%	
GOMF_TRANSCRIPTION_REGULATOR_INHIBITOR_ACTIVITY	GOMF_TRANSCRIPTION_REGULATOR_INHIBITOR_ACTIVITY		33	0.16661964	0.5869817	0.9843206	1.0	1.0	4253	tags=27%, list=28%, signal=38%	
HP_PREECLAMPSIA	HP_PREECLAMPSIA		17	0.19690637	0.5868996	0.96570396	1.0	1.0	1605	tags=12%, list=11%, signal=13%	
HP_DIFFICULTY_RUNNING	HP_DIFFICULTY_RUNNING		47	0.15445821	0.58685803	0.9847973	1.0	1.0	3791	tags=23%, list=25%, signal=31%	
GOBP_REGULATION_OF_GLYCOGEN_METABOLIC_PROCESS	GOBP_REGULATION_OF_GLYCOGEN_METABOLIC_PROCESS		31	0.16928218	0.5861537	0.97754747	1.0	1.0	390	tags=6%, list=3%, signal=7%	
HP_CNS_DEMYELINATION	HP_CNS_DEMYELINATION		38	0.15957862	0.5855324	0.9794521	1.0	1.0	4502	tags=34%, list=30%, signal=49%	
HP_DECREASED_MITOGEN_INDUCED_T_CELL_PROLIFERATION	HP_DECREASED_MITOGEN_INDUCED_T_CELL_PROLIFERATION		24	0.1760707	0.58363444	0.9842382	1.0	1.0	5738	tags=38%, list=38%, signal=60%	
GOMF_LIPASE_ACTIVATOR_ACTIVITY	GOMF_LIPASE_ACTIVATOR_ACTIVITY		19	0.19177781	0.58112603	0.9471831	1.0	1.0	3848	tags=32%, list=25%, signal=42%	
GOBP_BIOLOGICAL_PROCESS_INVOLVED_IN_INTERACTION_WITH_SYMBIONT	GOBP_BIOLOGICAL_PROCESS_INVOLVED_IN_INTERACTION_WITH_SYMBIONT		21	0.17931198	0.57866496	0.9661017	1.0	1.0	3772	tags=24%, list=25%, signal=32%	
GOBP_PROTEIN_LOCALIZATION_TO_CONDENSED_CHROMOSOME	GOBP_PROTEIN_LOCALIZATION_TO_CONDENSED_CHROMOSOME		15	0.19774912	0.57840556	0.9539007	1.0	1.0	5935	tags=40%, list=39%, signal=66%	
GOBP_ARP2_3_COMPLEX_MEDIATED_ACTIN_NUCLEATION	GOBP_ARP2_3_COMPLEX_MEDIATED_ACTIN_NUCLEATION		42	0.15364541	0.5780784	0.9867987	1.0	1.0	5689	tags=40%, list=38%, signal=65%	
HP_MITOCHONDRIAL_MYOPATHY	HP_MITOCHONDRIAL_MYOPATHY		50	0.14806353	0.5771499	0.9920128	1.0	1.0	3695	tags=20%, list=24%, signal=26%	
GOBP_TRABECULA_FORMATION	GOBP_TRABECULA_FORMATION		24	0.17751026	0.57624006	0.97482014	1.0	1.0	3515	tags=25%, list=23%, signal=33%	
GOBP_TRICARBOXYLIC_ACID_CYCLE	GOBP_TRICARBOXYLIC_ACID_CYCLE		26	0.17335461	0.57563585	0.97894734	1.0	1.0	2285	tags=15%, list=15%, signal=18%	
GOBP_ATRIOVENTRICULAR_VALVE_DEVELOPMENT	GOBP_ATRIOVENTRICULAR_VALVE_DEVELOPMENT		26	0.16962765	0.5714145	0.97996354	1.0	1.0	3167	tags=23%, list=21%, signal=29%	
GOBP_POSITIVE_REGULATION_OF_CIRCADIAN_RHYTHM	GOBP_POSITIVE_REGULATION_OF_CIRCADIAN_RHYTHM		18	0.18314058	0.57095593	0.9683099	1.0	1.0	4644	tags=33%, list=31%, signal=48%	
HP_BILATERAL_CRYPTORCHIDISM	HP_BILATERAL_CRYPTORCHIDISM		49	0.14794695	0.5708929	0.99469966	1.0	1.0	1438	tags=10%, list=10%, signal=11%	
HP_PANCREATIC_HYPOPLASIA	HP_PANCREATIC_HYPOPLASIA		16	0.1916911	0.5674398	0.9739777	1.0	1.0	3443	tags=19%, list=23%, signal=24%	
HP_VOLVULUS	HP_VOLVULUS		18	0.1857981	0.56741834	0.9704797	1.0	1.0	4734	tags=39%, list=31%, signal=57%	
GOBP_REGULATION_OF_TROPHOBLAST_CELL_MIGRATION	GOBP_REGULATION_OF_TROPHOBLAST_CELL_MIGRATION		15	0.19708508	0.566809	0.96068376	1.0	1.0	12134	tags=100%, list=80%, signal=507%	
HP_POSITIVE_ROMBERG_SIGN	HP_POSITIVE_ROMBERG_SIGN		30	0.16464305	0.56541127	0.9846416	1.0	1.0	3746	tags=30%, list=25%, signal=40%	
HP_ADRENAL_HYPERPLASIA	HP_ADRENAL_HYPERPLASIA		17	0.19377974	0.5651937	0.95729536	1.0	1.0	4641	tags=41%, list=31%, signal=59%	
HP_BEAKING_OF_VERTEBRAL_BODIES	HP_BEAKING_OF_VERTEBRAL_BODIES		25	0.16887613	0.56382513	0.98035717	1.0	1.0	4798	tags=40%, list=32%, signal=59%	
GOBP_MITOCHONDRIAL_RESPIRATORY_CHAIN_COMPLEX_ASSEMBLY	GOBP_MITOCHONDRIAL_RESPIRATORY_CHAIN_COMPLEX_ASSEMBLY		95	0.1283938	0.5635176	0.9968944	1.0	1.0	4507	tags=26%, list=30%, signal=37%	
HP_POLYCYTHEMIA	HP_POLYCYTHEMIA		22	0.17673424	0.56322765	0.9789303	1.0	1.0	4474	tags=36%, list=30%, signal=52%	
GOBP_REGULATION_OF_INTRACELLULAR_ESTROGEN_RECEPTOR_SIGNALING_PATHWAY	GOBP_REGULATION_OF_INTRACELLULAR_ESTROGEN_RECEPTOR_SIGNALING_PATHWAY		30	0.1624423	0.5629165	0.99455535	1.0	1.0	4584	tags=33%, list=30%, signal=48%	
HP_ABNORMAL_FALLOPIAN_TUBE_MORPHOLOGY	HP_ABNORMAL_FALLOPIAN_TUBE_MORPHOLOGY		19	0.18552689	0.5626447	0.97632056	1.0	1.0	5296	tags=32%, list=35%, signal=49%	
GOBP_REGULATION_OF_MONOCYTE_CHEMOTAXIS	GOBP_REGULATION_OF_MONOCYTE_CHEMOTAXIS		22	0.17720471	0.5617067	0.9761092	1.0	1.0	3200	tags=23%, list=21%, signal=29%	
HP_OVERWEIGHT	HP_OVERWEIGHT		36	0.15903333	0.5614415	0.9915541	1.0	1.0	390	tags=6%, list=3%, signal=6%	
GOBP_KINETOCHORE_ASSEMBLY	GOBP_KINETOCHORE_ASSEMBLY		16	0.19242305	0.56113195	0.9711712	1.0	1.0	4997	tags=38%, list=33%, signal=56%	
GOBP_CENTROMERE_COMPLEX_ASSEMBLY	GOBP_CENTROMERE_COMPLEX_ASSEMBLY		26	0.16593993	0.5601283	0.9773913	1.0	1.0	4997	tags=35%, list=33%, signal=52%	
HP_AXONAL_LOSS	HP_AXONAL_LOSS		16	0.19415113	0.55998784	0.98007244	1.0	1.0	2324	tags=19%, list=15%, signal=22%	
GOBP_CALCIUM_ION_TRANSMEMBRANE_TRANSPORT_VIA_HIGH_VOLTAGE_GATED_CALCIUM_CHANNEL	GOBP_CALCIUM_ION_TRANSMEMBRANE_TRANSPORT_VIA_HIGH_VOLTAGE_GATED_CALCIUM_CHANNEL		18	0.18263705	0.5598402	0.9796673	1.0	1.0	2023	tags=17%, list=13%, signal=19%	
HP_THIN_BONY_CORTEX	HP_THIN_BONY_CORTEX		19	0.1797956	0.5598092	0.97632056	1.0	1.0	4046	tags=32%, list=27%, signal=43%	
GOMF_MONOATOMIC_ANION_MONOATOMIC_CATION_SYMPORTER_ACTIVITY	GOMF_MONOATOMIC_ANION_MONOATOMIC_CATION_SYMPORTER_ACTIVITY		20	0.17894238	0.5590259	0.9737762	1.0	1.0	4911	tags=40%, list=33%, signal=59%	
GOBP_VASCULAR_ENDOTHELIAL_CELL_PROLIFERATION	GOBP_VASCULAR_ENDOTHELIAL_CELL_PROLIFERATION		22	0.17601986	0.557874	0.9780034	1.0	1.0	3507	tags=23%, list=23%, signal=30%	
HP_DIFFUSE_ALVEOLAR_HEMORRHAGE	HP_DIFFUSE_ALVEOLAR_HEMORRHAGE		16	0.19115521	0.55422497	0.96421844	1.0	1.0	2945	tags=19%, list=19%, signal=23%	
GOBP_POSITIVE_REGULATION_OF_LONG_TERM_SYNAPTIC_POTENTIATION	GOBP_POSITIVE_REGULATION_OF_LONG_TERM_SYNAPTIC_POTENTIATION		22	0.17614229	0.55074245	0.9869159	1.0	1.0	5496	tags=41%, list=36%, signal=64%	
HP_ENURESIS	HP_ENURESIS		29	0.15736295	0.5467181	0.9840425	1.0	1.0	2298	tags=14%, list=15%, signal=16%	
GOMF_NUCLEAR_ANDROGEN_RECEPTOR_BINDING	GOMF_NUCLEAR_ANDROGEN_RECEPTOR_BINDING		21	0.16986172	0.5466938	0.9821109	1.0	1.0	2348	tags=14%, list=16%, signal=17%	
HP_HAMARTOMA	HP_HAMARTOMA		42	0.14463128	0.5461083	0.9902755	1.0	1.0	2526	tags=14%, list=17%, signal=17%	
GOBP_NEGATIVE_REGULATION_OF_COAGULATION	GOBP_NEGATIVE_REGULATION_OF_COAGULATION		41	0.14694321	0.5458595	0.99649125	1.0	1.0	3329	tags=17%, list=22%, signal=22%	
HP_URINARY_RETENTION	HP_URINARY_RETENTION		23	0.16554362	0.54539686	0.97979796	1.0	1.0	3133	tags=22%, list=21%, signal=27%	
GOBP_POSITIVE_REGULATION_OF_ORGAN_GROWTH	GOBP_POSITIVE_REGULATION_OF_ORGAN_GROWTH		35	0.14943187	0.5453612	0.9982578	1.0	1.0	3637	tags=26%, list=24%, signal=34%	
HP_ABNORMAL_NASOLABIAL_REGION_MORPHOLOGY	HP_ABNORMAL_NASOLABIAL_REGION_MORPHOLOGY		20	0.1748409	0.5447889	0.98293513	1.0	1.0	5774	tags=50%, list=38%, signal=81%	
GOMF_INWARD_RECTIFIER_POTASSIUM_CHANNEL_ACTIVITY	GOMF_INWARD_RECTIFIER_POTASSIUM_CHANNEL_ACTIVITY		24	0.16624933	0.54475605	0.9893617	1.0	1.0	5014	tags=38%, list=33%, signal=56%	
GOCC_PLATELET_ALPHA_GRANULE_MEMBRANE	GOCC_PLATELET_ALPHA_GRANULE_MEMBRANE		16	0.1844912	0.54406124	0.98185116	1.0	1.0	2401	tags=19%, list=16%, signal=22%	
HP_DELAYED_ERUPTION_OF_PERMANENT_TEETH	HP_DELAYED_ERUPTION_OF_PERMANENT_TEETH		31	0.15367217	0.5419666	0.9877622	1.0	1.0	5372	tags=45%, list=36%, signal=70%	
GOBP_CELLULAR_RESPIRATION	GOBP_CELLULAR_RESPIRATION		207	0.11021218	0.541691	1.0	1.0	1.0	5292	tags=31%, list=35%, signal=47%	
HP_SAGITTAL_CRANIOSYNOSTOSIS	HP_SAGITTAL_CRANIOSYNOSTOSIS		21	0.17377998	0.54100347	0.98720294	1.0	1.0	896	tags=10%, list=6%, signal=10%	
GOBP_RESPIRATORY_CHAIN_COMPLEX_IV_ASSEMBLY	GOBP_RESPIRATORY_CHAIN_COMPLEX_IV_ASSEMBLY		30	0.15576914	0.5395603	0.98316497	1.0	1.0	12760	tags=100%, list=84%, signal=642%	
HP_ABNORMALITY_OF_URINE_CATECHOLAMINE_LEVEL	HP_ABNORMALITY_OF_URINE_CATECHOLAMINE_LEVEL		17	0.17828119	0.5389461	0.9842932	1.0	1.0	3392	tags=24%, list=22%, signal=30%	
GOBP_MITOTIC_METAPHASE_CHROMOSOME_ALIGNMENT	GOBP_MITOTIC_METAPHASE_CHROMOSOME_ALIGNMENT		63	0.13213596	0.5369047	0.9967213	1.0	1.0	5548	tags=41%, list=37%, signal=65%	
HP_ABNORMALITY_OF_VON_WILLEBRAND_FACTOR	HP_ABNORMALITY_OF_VON_WILLEBRAND_FACTOR		18	0.17682926	0.5355011	0.9769912	1.0	1.0	4194	tags=33%, list=28%, signal=46%	
HP_ABNORMAL_LUMBAR_SPINE_MORPHOLOGY	HP_ABNORMAL_LUMBAR_SPINE_MORPHOLOGY		31	0.15505002	0.53521127	0.9878683	1.0	1.0	3404	tags=23%, list=23%, signal=29%	
GOBP_RIBOSOME_DISASSEMBLY	GOBP_RIBOSOME_DISASSEMBLY		42	0.14144835	0.5346787	0.99482757	1.0	1.0	4624	tags=26%, list=31%, signal=38%	
GOBP_OVULATION_CYCLE	GOBP_OVULATION_CYCLE		58	0.13297483	0.534439	0.9948186	1.0	1.0	5217	tags=36%, list=35%, signal=55%	
GOBP_OXIDATIVE_PHOSPHORYLATION	GOBP_OXIDATIVE_PHOSPHORYLATION		128	0.11565402	0.53319454	1.0	1.0	1.0	5038	tags=28%, list=33%, signal=42%	
HP_NEOPLASM_OF_THE_ADRENAL_GLAND	HP_NEOPLASM_OF_THE_ADRENAL_GLAND		25	0.1595643	0.52928287	0.9876325	1.0	1.0	3734	tags=28%, list=25%, signal=37%	
GOCC_DNA_REPAIR_COMPLEX	GOCC_DNA_REPAIR_COMPLEX		17	0.17493853	0.5279916	0.97610295	1.0	1.0	5640	tags=41%, list=37%, signal=66%	
GOBP_MOTOR_BEHAVIOR	GOBP_MOTOR_BEHAVIOR		31	0.15045315	0.5255846	0.9966942	1.0	1.0	3746	tags=26%, list=25%, signal=34%	
GOBP_POSITIVE_REGULATION_OF_CARDIAC_MUSCLE_CELL_PROLIFERATION	GOBP_POSITIVE_REGULATION_OF_CARDIAC_MUSCLE_CELL_PROLIFERATION		21	0.16899656	0.522593	0.9895833	1.0	1.0	3637	tags=29%, list=24%, signal=38%	
GOBP_POSITIVE_REGULATION_OF_PROTEIN_LOCALIZATION_TO_CELL_SURFACE	GOBP_POSITIVE_REGULATION_OF_PROTEIN_LOCALIZATION_TO_CELL_SURFACE		17	0.16974743	0.5177115	0.9849906	1.0	1.0	12547	tags=100%, list=83%, signal=589%	
HP_ABNORMAL_BLOOD_GAS_LEVEL	HP_ABNORMAL_BLOOD_GAS_LEVEL		36	0.14291435	0.5169023	0.9965458	1.0	1.0	3791	tags=25%, list=25%, signal=33%	
GOMF_MOLECULAR_CONDENSATE_SCAFFOLD_ACTIVITY	GOMF_MOLECULAR_CONDENSATE_SCAFFOLD_ACTIVITY		38	0.1419112	0.5167152	0.9915254	1.0	1.0	4691	tags=29%, list=31%, signal=42%	
GOBP_TRANSLATIONAL_TERMINATION	GOBP_TRANSLATIONAL_TERMINATION		18	0.17015643	0.51541317	0.99116606	1.0	1.0	12541	tags=100%, list=83%, signal=587%	
GOBP_NEGATIVE_REGULATION_OF_MICROTUBULE_DEPOLYMERIZATION	GOBP_NEGATIVE_REGULATION_OF_MICROTUBULE_DEPOLYMERIZATION		27	0.15138526	0.5116864	0.9932203	1.0	1.0	5506	tags=44%, list=36%, signal=70%	
GOMF_DNA_BINDING_BENDING	GOMF_DNA_BINDING_BENDING		17	0.17120792	0.5024468	0.9925234	1.0	1.0	5480	tags=41%, list=36%, signal=65%	
HP_TOXEMIA_OF_PREGNANCY	HP_TOXEMIA_OF_PREGNANCY		20	0.15662138	0.49877626	0.9965928	1.0	1.0	1605	tags=10%, list=11%, signal=11%	
HP_APLASIA_HYPOPLASIA_OF_THE_CLAVICLES	HP_APLASIA_HYPOPLASIA_OF_THE_CLAVICLES		47	0.12895109	0.49748582	1.0	1.0	1.0	593	tags=4%, list=4%, signal=4%	
HP_DILATATION_OF_THE_CEREBRAL_ARTERY	HP_DILATATION_OF_THE_CEREBRAL_ARTERY		40	0.13437286	0.49658877	0.9931857	1.0	1.0	13084	tags=100%, list=87%, signal=744%	
HP_LACK_OF_SKIN_ELASTICITY	HP_LACK_OF_SKIN_ELASTICITY		46	0.13056622	0.49364358	1.0	1.0	1.0	4158	tags=26%, list=28%, signal=36%	
GOBP_REGULATION_OF_AEROBIC_RESPIRATION	GOBP_REGULATION_OF_AEROBIC_RESPIRATION		28	0.14282554	0.4934613	0.99640286	1.0	1.0	2405	tags=14%, list=16%, signal=17%	
HP_ECCHYMOSIS	HP_ECCHYMOSIS		45	0.12914976	0.4874443	0.99835795	1.0	1.0	5474	tags=40%, list=36%, signal=63%	
HP_CENTRAL_OPACIFICATION_OF_THE_CORNEA	HP_CENTRAL_OPACIFICATION_OF_THE_CORNEA		17	0.159101	0.4811507	0.9945946	1.0	1.0	4979	tags=35%, list=33%, signal=53%	
HP_BROAD_FACE	HP_BROAD_FACE		16	0.16371664	0.48103893	0.99624765	1.0	1.0	3290	tags=19%, list=22%, signal=24%	
GOBP_POSITIVE_REGULATION_OF_CELL_ADHESION_MEDIATED_BY_INTEGRIN	GOBP_POSITIVE_REGULATION_OF_CELL_ADHESION_MEDIATED_BY_INTEGRIN		17	0.15942004	0.4803933	0.9946714	1.0	1.0	4467	tags=35%, list=30%, signal=50%	
GOBP_PROTEIN_LOCALIZATION_TO_CELL_SURFACE	GOBP_PROTEIN_LOCALIZATION_TO_CELL_SURFACE		54	0.12128221	0.47927037	0.99835527	1.0	1.0	3911	tags=20%, list=26%, signal=27%	
GOMF_SIGNAL_SEQUENCE_BINDING	GOMF_SIGNAL_SEQUENCE_BINDING		43	0.12610967	0.47195882	0.9983221	1.0	1.0	5548	tags=37%, list=37%, signal=59%	
HP_FUNDUS_HEMORRHAGE	HP_FUNDUS_HEMORRHAGE		23	0.14403822	0.4568292	0.9982143	1.0	1.0	5528	tags=39%, list=37%, signal=62%	
GOBP_ATTACHMENT_OF_SPINDLE_MICROTUBULES_TO_KINETOCHORE	GOBP_ATTACHMENT_OF_SPINDLE_MICROTUBULES_TO_KINETOCHORE		52	0.1153641	0.4524326	1.0	1.0	1.0	5770	tags=40%, list=38%, signal=65%	
HP_ABNORMALITY_OF_DENTAL_COLOR	HP_ABNORMALITY_OF_DENTAL_COLOR		27	0.13235639	0.44456923	0.9963768	1.0	1.0	3010	tags=15%, list=20%, signal=18%	
HP_HYPOPROTEINEMIA	HP_HYPOPROTEINEMIA		15	0.15110224	0.44054016	0.99810606	1.0	1.0	5738	tags=33%, list=38%, signal=54%	
HP_TONGUE_THRUSTING	HP_TONGUE_THRUSTING		15	0.1517285	0.43641028	0.99455535	1.0	1.0	955	tags=7%, list=6%, signal=7%	
GOBP_AORTIC_VALVE_MORPHOGENESIS	GOBP_AORTIC_VALVE_MORPHOGENESIS		34	0.12013421	0.4323401	1.0	1.0	1.0	3239	tags=18%, list=21%, signal=22%	
HP_BILATERAL_SENSORINEURAL_HEARING_IMPAIRMENT	HP_BILATERAL_SENSORINEURAL_HEARING_IMPAIRMENT		70	0.10270075	0.4305803	1.0	1.0	1.0	6091	tags=41%, list=40%, signal=69%	
GOBP_NEGATIVE_REGULATION_OF_EPITHELIAL_CELL_DIFFERENTIATION	GOBP_NEGATIVE_REGULATION_OF_EPITHELIAL_CELL_DIFFERENTIATION		39	0.114829905	0.42793182	1.0	1.0	1.0	5001	tags=31%, list=33%, signal=46%	
GOBP_UBIQUINONE_METABOLIC_PROCESS	GOBP_UBIQUINONE_METABOLIC_PROCESS		21	0.1369772	0.42624882	1.0	1.0	1.0	4314	tags=24%, list=29%, signal=33%	
HP_APLASIA_HYPOPLASIA_INVOLVING_THE_VERTEBRAL_COLUMN	HP_APLASIA_HYPOPLASIA_INVOLVING_THE_VERTEBRAL_COLUMN		68	0.10213129	0.4242057	1.0	1.0	1.0	3736	tags=19%, list=25%, signal=25%	
GOBP_BARBED_END_ACTIN_FILAMENT_CAPPING	GOBP_BARBED_END_ACTIN_FILAMENT_CAPPING		25	0.12843603	0.42345387	0.99821746	1.0	1.0	5782	tags=40%, list=38%, signal=65%	
HP_LACTICACIDURIA	HP_LACTICACIDURIA		29	0.119267866	0.41380888	1.0	1.0	1.0	3784	tags=21%, list=25%, signal=28%	
GOMF_PROTON_CHANNEL_ACTIVITY	GOMF_PROTON_CHANNEL_ACTIVITY		21	0.129954	0.41062686	1.0	1.0	1.0	473	tags=5%, list=3%, signal=5%	
GOMF_MICROTUBULE_PLUS_END_BINDING	GOMF_MICROTUBULE_PLUS_END_BINDING		18	0.13159284	0.39603394	1.0	1.0	1.0	13123	tags=100%, list=87%, signal=760%	
GOMF_TRNA_METHYLTRANSFERASE_ACTIVITY	GOMF_TRNA_METHYLTRANSFERASE_ACTIVITY		32	0.10524375	0.37243542	1.0	1.0	1.0	434	tags=3%, list=3%, signal=3%	
HP_RETINAL_TELANGIECTASIA	HP_RETINAL_TELANGIECTASIA		21	0.11236892	0.35345352	1.0	0.99997663	1.0	5884	tags=38%, list=39%, signal=62%	
