NAME	# MATCHING PROBE SETS	MATCHING PROBE SET(S)	
HTR4	1	ENSG00000164270	
CRHBP	1	ENSG00000145708	
HTR6	1	ENSG00000158748	
HTR7	1	ENSG00000148680	
LURAP1L	1	ENSG00000153714	
BBX	1	ENSG00000114439	
GSTK1	1	ENSG00000197448	
DHDH	1	ENSG00000104808	
INSYN1	1	ENSG00000205363	
BCR	1	ENSG00000186716	
ORAI3	1	ENSG00000175938	
AGTR1	1	ENSG00000144891	
ORAI2	1	ENSG00000160991	
VOPP1	1	ENSG00000154978	
HOATZ	1	ENSG00000183644	
SPATA31H1	1	ENSG00000221843	
COL13A1	1	ENSG00000197467	
SHMT2	1	ENSG00000182199	
B3GLCT	1	ENSG00000187676	
RDH12	1	ENSG00000139988	
RDH11	1	ENSG00000072042	
RDH10	1	ENSG00000121039	
RDH16	1	ENSG00000139547	
RDH14	1	ENSG00000240857	
RDH13	1	ENSG00000160439	
GTF2IRD2B	1	ENSG00000174428	
GSTM4	1	ENSG00000168765	
GSTM3	1	ENSG00000134202	
GSTM2	1	ENSG00000213366	
GSTM1	1	ENSG00000134184	
NEBL	1	ENSG00000078114	
DHFR	1	ENSG00000228716	
PKIB	1	ENSG00000135549	
STRC	1	ENSG00000242866	
PKIA	1	ENSG00000171033	
PKIG	1	ENSG00000168734	
GSTM5	1	ENSG00000134201	
GTF2H2C	1	ENSG00000183474	
KCNC1	1	ENSG00000129159	
KCNC2	1	ENSG00000166006	
KCNC3	1	ENSG00000131398	
KCNC4	1	ENSG00000116396	
BBC3	1	ENSG00000105327	
GLT1D1	1	ENSG00000151948	
NEFL	1	ENSG00000277586	
NEFM	1	ENSG00000104722	
NEFH	1	ENSG00000100285	
STUM	1	ENSG00000203685	
MYBPC1	1	ENSG00000196091	
MYBPC2	1	ENSG00000086967	
GSTO2	1	ENSG00000065621	
KCND2	1	ENSG00000184408	
GSTO1	1	ENSG00000148834	
KCND3	1	ENSG00000171385	
BGN	1	ENSG00000182492	
TMEFF1	1	ENSG00000241697	
TMEFF2	1	ENSG00000144339	
PKN3	1	ENSG00000160447	
GSTP1	1	ENSG00000084207	
SYNPO2	1	ENSG00000172403	
KCNA1	1	ENSG00000111262	
KCNA2	1	ENSG00000177301	
PTAFR	1	ENSG00000169403	
ADAM22	1	ENSG00000008277	
KCNA3	1	ENSG00000177272	
ADAM21	1	ENSG00000139985	
KCNA4	1	ENSG00000182255	
KCNA5	1	ENSG00000130037	
KCNA6	1	ENSG00000151079	
SDAD1	1	ENSG00000198301	
ADAM28	1	ENSG00000042980	
ADAM23	1	ENSG00000114948	
STX6	1	ENSG00000135823	
STX5	1	ENSG00000162236	
STX4	1	ENSG00000103496	
STX3	1	ENSG00000166900	
BID	1	ENSG00000015475	
STX2	1	ENSG00000111450	
SPDEF	1	ENSG00000124664	
MBD3	1	ENSG00000071655	
MBD4	1	ENSG00000129071	
MBD5	1	ENSG00000204406	
MBD6	1	ENSG00000166987	
PKLR	1	ENSG00000143627	
KCNB1	1	ENSG00000158445	
BIK	1	ENSG00000100290	
MBD1	1	ENSG00000141644	
KCNB2	1	ENSG00000182674	
MBD2	1	ENSG00000134046	
ADAM33	1	ENSG00000149451	
KIAA2012	1	ENSG00000182329	
ADAM32	1	ENSG00000197140	
PKN2	1	ENSG00000065243	
MITD1	1	ENSG00000158411	
PKN1	1	ENSG00000123143	
KCNG1	1	ENSG00000026559	
KCNG2	1	ENSG00000178342	
KCNG3	1	ENSG00000171126	
KCNG4	1	ENSG00000168418	
RASL11B	1	ENSG00000128045	
FBXO28	1	ENSG00000143756	
RASL11A	1	ENSG00000122035	
FBXO25	1	ENSG00000147364	
GOLIM4	1	ENSG00000173905	
FBXO24	1	ENSG00000106336	
FBXO21	1	ENSG00000135108	
FBXO22	1	ENSG00000167196	
FADS3	1	ENSG00000221968	
FADS2	1	ENSG00000134824	
POFUT2	1	ENSG00000186866	
PTAR1	1	ENSG00000188647	
FNTA	1	ENSG00000168522	
MYBPHL	1	ENSG00000221986	
POFUT1	1	ENSG00000101346	
FNTB	1	ENSG00000257365	
NEK1	1	ENSG00000137601	
POTEE	1	ENSG00000188219	
TNFRSF8	1	ENSG00000120949	
NEK2	1	ENSG00000117650	
POTEF	1	ENSG00000196604	
TNFRSF4	1	ENSG00000186827	
FADS1	1	ENSG00000149485	
KCNH1	1	ENSG00000143473	
PIAS4	1	ENSG00000105229	
PIAS3	1	ENSG00000131788	
KCNH3	1	ENSG00000135519	
KCNH4	1	ENSG00000089558	
KCNH5	1	ENSG00000140015	
DGAT2	1	ENSG00000062282	
KCNH6	1	ENSG00000173826	
DGAT1	1	ENSG00000185000	
STX8	1	ENSG00000170310	
KCNH8	1	ENSG00000183960	
FBXO16	1	ENSG00000214050	
STX7	1	ENSG00000079950	
FBXO17	1	ENSG00000269190	
FBXO15	1	ENSG00000141665	
FBXO10	1	ENSG00000147912	
FBXO11	1	ENSG00000138081	
PIAS2	1	ENSG00000078043	
PIAS1	1	ENSG00000033800	
LENG1	1	ENSG00000105617	
MINPP1	1	ENSG00000107789	
DMTF1	1	ENSG00000135164	
PKP1	1	ENSG00000081277	
PKP4	1	ENSG00000144283	
PKP3	1	ENSG00000184363	
BLM	1	ENSG00000197299	
KCNE1	1	ENSG00000180509	
KCNE3	1	ENSG00000175538	
KCNE4	1	ENSG00000152049	
ZC4H2	1	ENSG00000126970	
KCNE5	1	ENSG00000176076	
IREB2	1	ENSG00000136381	
GSTT2	1	ENSG00000099984	
FBXO48	1	ENSG00000204923	
FBXO45	1	ENSG00000174013	
FBXO46	1	ENSG00000177051	
FBXO43	1	ENSG00000156509	
FBXO44	1	ENSG00000132879	
NPAS1	1	ENSG00000130751	
CCDC144A	1	ENSG00000170160	
NPAS2	1	ENSG00000170485	
FBXO41	1	ENSG00000163013	
NPAS3	1	ENSG00000151322	
FBXO42	1	ENSG00000037637	
MBIP	1	ENSG00000151332	
BMF	1	ENSG00000104081	
NEK8	1	ENSG00000160602	
NEK9	1	ENSG00000119638	
KCNF1	1	ENSG00000162975	
SDF2L1	1	ENSG00000128228	
NEK4	1	ENSG00000114904	
RASL10A	1	ENSG00000100276	
NEK5	1	ENSG00000197168	
HTR1F	1	ENSG00000179097	
RASL10B	1	ENSG00000270885	
FBXO38	1	ENSG00000145868	
NEK6	1	ENSG00000119408	
TNFRSF9	1	ENSG00000049249	
NEK7	1	ENSG00000151414	
STYX	1	ENSG00000198252	
FBXO39	1	ENSG00000177294	
HTR1D	1	ENSG00000179546	
FBXO36	1	ENSG00000153832	
HTR1A	1	ENSG00000178394	
HTR1B	1	ENSG00000135312	
FBXO34	1	ENSG00000178974	
BMX	1	ENSG00000102010	
FBXO32	1	ENSG00000156804	
C6orf15	1	ENSG00000204542	
FBXO33	1	ENSG00000165355	
FBXO30	1	ENSG00000118496	
FBXO31	1	ENSG00000103264	
FAM90A1	1	ENSG00000171847	
DRAP1	1	ENSG00000175550	
MNAT1	1	ENSG00000020426	
SLC49A4	1	ENSG00000138463	
SLC49A3	1	ENSG00000169026	
BCAR3	1	ENSG00000137936	
PIWIL2	1	ENSG00000197181	
KCNK5	1	ENSG00000164626	
KCNK6	1	ENSG00000099337	
KCNK7	1	ENSG00000173338	
PIWIL4	1	ENSG00000134627	
ALAS1	1	ENSG00000023330	
KCNK9	1	ENSG00000169427	
ONECUT2	1	ENSG00000119547	
ONECUT1	1	ENSG00000169856	
HTR2B	1	ENSG00000135914	
PPWD1	1	ENSG00000113593	
HTR2A	1	ENSG00000102468	
NENF	1	ENSG00000117691	
TNFSF13B	1	ENSG00000102524	
BOC	1	ENSG00000144857	
SPDL1	1	ENSG00000040275	
NEO1	1	ENSG00000067141	
BCAS2	1	ENSG00000116752	
BCAS1	1	ENSG00000064787	
BOK	1	ENSG00000176720	
BCAS4	1	ENSG00000124243	
PIANP	1	ENSG00000139200	
VPS13C	1	ENSG00000129003	
DHPS	1	ENSG00000095059	
VPS13D	1	ENSG00000048707	
VPS13A	1	ENSG00000197969	
VPS13B	1	ENSG00000132549	
HTR3B	1	ENSG00000149305	
RABGGTB	1	ENSG00000137955	
RABGGTA	1	ENSG00000100949	
NEMF	1	ENSG00000165525	
C1D	1	ENSG00000197223	
BCAT1	1	ENSG00000060982	
BCAT2	1	ENSG00000105552	
C1S	1	ENSG00000182326	
C1R	1	ENSG00000159403	
LRTM2	1	ENSG00000166159	
LENG9	1	ENSG00000275183	
U2AF1	1	ENSG00000160201	
DRAM1	1	ENSG00000136048	
U2AF2	1	ENSG00000063244	
DRAM2	1	ENSG00000156171	
TSPOAP1	1	ENSG00000005379	
KCNJ1	1	ENSG00000151704	
SLC36A4	1	ENSG00000180773	
BBLN	1	ENSG00000171159	
KCNJ2	1	ENSG00000123700	
KCNJ3	1	ENSG00000162989	
KCNJ4	1	ENSG00000168135	
KCNJ5	1	ENSG00000120457	
COL26A1	1	ENSG00000160963	
KCNJ6	1	ENSG00000157542	
GPKOW	1	ENSG00000068394	
KCNJ8	1	ENSG00000121361	
KCNJ9	1	ENSG00000162728	
GSTZ1	1	ENSG00000100577	
IL2RB	1	ENSG00000100385	
KCNK1	1	ENSG00000135750	
KCNK2	1	ENSG00000082482	
BCAR1	1	ENSG00000050820	
KCNK3	1	ENSG00000171303	
SLC23A3	1	ENSG00000213901	
SLC23A2	1	ENSG00000089057	
CERK	1	ENSG00000100422	
LGALSL	1	ENSG00000119862	
CCP110	1	ENSG00000103540	
PEX26	1	ENSG00000215193	
C4B	1	ENSG00000224389	
LGALS4	1	ENSG00000171747	
LGALS3	1	ENSG00000131981	
C4A	1	ENSG00000244731	
LGALS2	1	ENSG00000100079	
LGALS1	1	ENSG00000100097	
MCIDAS	1	ENSG00000234602	
BSG	1	ENSG00000172270	
TUNAR	1	ENSG00000250366	
LGALS9	1	ENSG00000168961	
ATXN7L1	1	ENSG00000146776	
LGALS8	1	ENSG00000116977	
ATXN7L2	1	ENSG00000162650	
BSN	1	ENSG00000164061	
ATXN7L3	1	ENSG00000087152	
LGALS7	1	ENSG00000205076	
CER1	1	ENSG00000147869	
LIMCH1	1	ENSG00000064042	
GOLPH3L	1	ENSG00000143457	
ZNF593OS	1	ENSG00000236782	
BTC	1	ENSG00000174808	
CFAP141	1	ENSG00000163263	
CFAP144	1	ENSG00000186973	
CFDP1	1	ENSG00000153774	
SOAT1	1	ENSG00000057252	
CRISPLD1	1	ENSG00000121005	
SOAT2	1	ENSG00000167780	
CRISPLD2	1	ENSG00000103196	
NINJ2	1	ENSG00000171840	
KCNQ2	1	ENSG00000075043	
NINJ1	1	ENSG00000131669	
BTK	1	ENSG00000010671	
KCNQ4	1	ENSG00000117013	
KCNQ5	1	ENSG00000185760	
CES3	1	ENSG00000172828	
CES2	1	ENSG00000172831	
CES1	1	ENSG00000198848	
GRB7	1	ENSG00000141738	
CETP	1	ENSG00000087237	
DHX8	1	ENSG00000067596	
DHX9	1	ENSG00000135829	
ZBTB1	1	ENSG00000126804	
ZBTB5	1	ENSG00000168795	
ZBTB4	1	ENSG00000174282	
ZBTB3	1	ENSG00000185670	
CFAP126	1	ENSG00000188931	
ZBTB2	1	ENSG00000181472	
PKHD1	1	ENSG00000170927	
NKAIN1	1	ENSG00000084628	
NEU3	1	ENSG00000162139	
NKAIN4	1	ENSG00000101198	
NEU4	1	ENSG00000204099	
MRNIP	1	ENSG00000161010	
NKAIN3	1	ENSG00000185942	
RACGAP1	1	ENSG00000161800	
RRAS	1	ENSG00000126458	
KCNN1	1	ENSG00000105642	
KCNN2	1	ENSG00000080709	
H3C3	1	ENSG00000287080	
KCNN3	1	ENSG00000143603	
H3C2	1	ENSG00000286522	
KCNN4	1	ENSG00000104783	
H3C6	1	ENSG00000274750	
NTNG1	1	ENSG00000162631	
BBS2	1	ENSG00000125124	
SLC10A4	1	ENSG00000145248	
BBS1	1	ENSG00000174483	
NTNG2	1	ENSG00000196358	
SLC10A5	1	ENSG00000253598	
XBP1	1	ENSG00000100219	
SLC10A6	1	ENSG00000145283	
SLC10A7	1	ENSG00000120519	
YES1	1	ENSG00000176105	
SLC10A3	1	ENSG00000126903	
IL36G	1	ENSG00000136688	
CPLANE1	1	ENSG00000197603	
CFAP119	1	ENSG00000196118	
CPLANE2	1	ENSG00000132881	
NET1	1	ENSG00000173848	
ZBTB9	1	ENSG00000213588	
PEX5L	1	ENSG00000114757	
ZBTB6	1	ENSG00000186130	
MC1R	1	ENSG00000258839	
SPDYA	1	ENSG00000163806	
GRB2	1	ENSG00000177885	
GRAP	1	ENSG00000154016	
C8B	1	ENSG00000021852	
TFB1M	1	ENSG00000029639	
C8A	1	ENSG00000157131	
MC4R	1	ENSG00000166603	
KCNT1	1	ENSG00000107147	
C8G	1	ENSG00000176919	
KCNT2	1	ENSG00000162687	
SUFU	1	ENSG00000107882	
BBS9	1	ENSG00000122507	
BBS7	1	ENSG00000138686	
BBS5	1	ENSG00000163093	
EIF5AL1	1	ENSG00000253626	
H3C8	1	ENSG00000273983	
PCYT1B	1	ENSG00000102230	
ZHX2	1	ENSG00000178764	
ZHX3	1	ENSG00000174306	
PCYT1A	1	ENSG00000161217	
FCER1G	1	ENSG00000158869	
AGTRAP	1	ENSG00000177674	
CACYBP	1	ENSG00000116161	
TFB2M	1	ENSG00000162851	
ZHX1	1	ENSG00000165156	
RNF144A	1	ENSG00000151692	
RNF144B	1	ENSG00000137393	
PITPNM3	1	ENSG00000091622	
CFAP184	1	ENSG00000173013	
PITPNM2	1	ENSG00000090975	
TAX1BP1	1	ENSG00000106052	
FAM193B	1	ENSG00000146067	
FAM32A	1	ENSG00000105058	
TAX1BP3	1	ENSG00000213977	
FAM193A	1	ENSG00000125386	
SSNA1	1	ENSG00000176101	
NEXN	1	ENSG00000162614	
PEX16	1	ENSG00000121680	
PEX19	1	ENSG00000162735	
KLHL2	1	ENSG00000109466	
KLHL3	1	ENSG00000146021	
PEX10	1	ENSG00000157911	
KLHL4	1	ENSG00000102271	
KCNRG	1	ENSG00000198553	
CFAP157	1	ENSG00000160401	
PEX12	1	ENSG00000108733	
PEX13	1	ENSG00000162928	
PEX14	1	ENSG00000142655	
ETAA1	1	ENSG00000143971	
TFAP4	1	ENSG00000090447	
KLHL5	1	ENSG00000109790	
KCNS1	1	ENSG00000124134	
KCNS2	1	ENSG00000156486	
KLHL7	1	ENSG00000122550	
KCNS3	1	ENSG00000170745	
KLHL8	1	ENSG00000145332	
CFAP161	1	ENSG00000156206	
MC5R	1	ENSG00000176136	
INPPL1	1	ENSG00000165458	
PLAT	1	ENSG00000104368	
PLB1	1	ENSG00000163803	
IGF1R	1	ENSG00000140443	
TXN2	1	ENSG00000100348	
PPIP5K1	1	ENSG00000168781	
PPIP5K2	1	ENSG00000145725	
PLAU	1	ENSG00000122861	
ENPP2	1	ENSG00000136960	
ENPP1	1	ENSG00000197594	
RXYLT1	1	ENSG00000118600	
ENPP4	1	ENSG00000001561	
ENPP3	1	ENSG00000154269	
ENPP6	1	ENSG00000164303	
ENPP5	1	ENSG00000112796	
CARD10	1	ENSG00000100065	
ADAM11	1	ENSG00000073670	
ADAM10	1	ENSG00000137845	
DHDDS	1	ENSG00000117682	
ADAM19	1	ENSG00000135074	
ADAM17	1	ENSG00000151694	
BRMS1	1	ENSG00000174744	
ADAM15	1	ENSG00000143537	
CARD19	1	ENSG00000165233	
ADAM12	1	ENSG00000148848	
PLAA	1	ENSG00000137055	
CARD14	1	ENSG00000141527	
CARD11	1	ENSG00000198286	
HTRA3	1	ENSG00000170801	
PLD5	1	ENSG00000180287	
HTRA1	1	ENSG00000166033	
PLD4	1	ENSG00000166428	
HTRA2	1	ENSG00000115317	
DAPP1	1	ENSG00000070190	
PLD6	1	ENSG00000179598	
PLD1	1	ENSG00000075651	
PLD3	1	ENSG00000105223	
PLD2	1	ENSG00000129219	
GRK1	1	ENSG00000185974	
GRK3	1	ENSG00000100077	
GRK2	1	ENSG00000173020	
GRK5	1	ENSG00000198873	
GRK4	1	ENSG00000125388	
GRK7	1	ENSG00000114124	
GRK6	1	ENSG00000198055	
PIBF1	1	ENSG00000083535	
CHCHD10	1	ENSG00000250479	
FAM199X	1	ENSG00000123575	
IGF2R	1	ENSG00000197081	
BSPRY	1	ENSG00000119411	
ZMYND15	1	ENSG00000141497	
ZMYND19	1	ENSG00000165724	
PLEK	1	ENSG00000115956	
CFAP107	1	ENSG00000157330	
PITPNC1	1	ENSG00000154217	
GRM1	1	ENSG00000152822	
GRM3	1	ENSG00000198822	
GRM2	1	ENSG00000164082	
GRM5	1	ENSG00000168959	
GRM4	1	ENSG00000124493	
GRM7	1	ENSG00000196277	
ZIC2	1	ENSG00000043355	
CA3	1	ENSG00000164879	
ZIC3	1	ENSG00000156925	
CA2	1	ENSG00000104267	
GRM8	1	ENSG00000179603	
ZIC1	1	ENSG00000152977	
CA4	1	ENSG00000167434	
CA7	1	ENSG00000168748	
CA6	1	ENSG00000131686	
MYBL2	1	ENSG00000101057	
CA9	1	ENSG00000107159	
CA8	1	ENSG00000178538	
MYBL1	1	ENSG00000185697	
SUN3	1	ENSG00000164744	
SUN2	1	ENSG00000100242	
SUN1	1	ENSG00000164828	
ATP6AP1	1	ENSG00000071553	
ATP6AP2	1	ENSG00000182220	
CAD	1	ENSG00000084774	
HUNK	1	ENSG00000142149	
CFAP100	1	ENSG00000163885	
ELF2	1	ENSG00000109381	
ELF3	1	ENSG00000163435	
GFOD1	1	ENSG00000145990	
ELF4	1	ENSG00000102034	
GFOD2	1	ENSG00000141098	
CAT	1	ENSG00000121691	
ZMYND10	1	ENSG00000004838	
ZMYND11	1	ENSG00000015171	
ZMYND12	1	ENSG00000066185	
SHANK2	1	ENSG00000162105	
PLEC	1	ENSG00000178209	
SHANK1	1	ENSG00000161681	
RRN3	1	ENSG00000085721	
DAPL1	1	ENSG00000163331	
CBL	1	ENSG00000110395	
SV2C	1	ENSG00000122012	
SV2B	1	ENSG00000185518	
CBS	1	ENSG00000160200	
SV2A	1	ENSG00000159164	
TBX21	1	ENSG00000073861	
TBX20	1	ENSG00000164532	
CLVS2	1	ENSG00000146352	
SPATA31E1	1	ENSG00000177992	
CLVS1	1	ENSG00000177182	
RRM1	1	ENSG00000167325	
RRM2	1	ENSG00000171848	
ZIC4	1	ENSG00000174963	
CCK	1	ENSG00000187094	
HS3ST5	1	ENSG00000249853	
ZIC5	1	ENSG00000139800	
SUOX	1	ENSG00000139531	
TBX19	1	ENSG00000143178	
HS3ST4	1	ENSG00000182601	
TBX18	1	ENSG00000112837	
HS3ST1	1	ENSG00000002587	
HS3ST2	1	ENSG00000122254	
TBX15	1	ENSG00000092607	
CD4	1	ENSG00000010610	
CCS	1	ENSG00000173992	
NOPCHAP1	1	ENSG00000151131	
CD6	1	ENSG00000013725	
CD5	1	ENSG00000110448	
CD9	1	ENSG00000010278	
VPS29	1	ENSG00000111237	
CDA	1	ENSG00000158825	
FRMPD3	1	ENSG00000147234	
FRMPD4	1	ENSG00000169933	
CLEC10A	1	ENSG00000132514	
FRMPD1	1	ENSG00000070601	
FRMPD2	1	ENSG00000170324	
RRP1	1	ENSG00000160214	
GRPR	1	ENSG00000126010	
RRP8	1	ENSG00000132275	
ELK3	1	ENSG00000111145	
RRP9	1	ENSG00000114767	
ELK4	1	ENSG00000158711	
ALCAM	1	ENSG00000170017	
SCN11A	1	ENSG00000168356	
VPS36	1	ENSG00000136100	
VPS39	1	ENSG00000166887	
VPS18	1	ENSG00000104142	
CLEC11A	1	ENSG00000105472	
CEL	1	ENSG00000170835	
NUP93	1	ENSG00000102900	
BCAN	1	ENSG00000132692	
BCAM	1	ENSG00000187244	
HECW2	1	ENSG00000138411	
HECW1	1	ENSG00000002746	
TARS2	1	ENSG00000143374	
SRFBP1	1	ENSG00000151304	
NUP98	1	ENSG00000110713	
TARS3	1	ENSG00000185418	
TARS1	1	ENSG00000113407	
VPS25	1	ENSG00000131475	
VPS28	1	ENSG00000160948	
CFB	1	ENSG00000243649	
CFD	1	ENSG00000197766	
CFH	1	ENSG00000000971	
CFI	1	ENSG00000205403	
METTL25B	1	ENSG00000143303	
CFP	1	ENSG00000126759	
NUP85	1	ENSG00000125450	
ST3GAL4	1	ENSG00000110080	
VPS11	1	ENSG00000160695	
RRS1	1	ENSG00000179041	
ST3GAL5	1	ENSG00000115525	
ST3GAL6	1	ENSG00000064225	
NUP88	1	ENSG00000108559	
ST3GAL2	1	ENSG00000157350	
ST3GAL3	1	ENSG00000126091	
VPS16	1	ENSG00000215305	
C3orf18	1	ENSG00000088543	
PLK4	1	ENSG00000142731	
LRRC37A3	1	ENSG00000176809	
NFE2	1	ENSG00000123405	
LRRC37A2	1	ENSG00000238083	
PLK5	1	ENSG00000185988	
APOOL	1	ENSG00000155008	
GTF2IRD2	1	ENSG00000196275	
MCAM	1	ENSG00000076706	
PLK2	1	ENSG00000145632	
PLK1	1	ENSG00000166851	
CGN	1	ENSG00000143375	
ELL2	1	ENSG00000118985	
MCAT	1	ENSG00000100294	
ELL3	1	ENSG00000128886	
ZNF559-ZNF177	1	ENSG00000270011	
GTF2IRD1	1	ENSG00000006704	
TMEM225B	1	ENSG00000244219	
RSPH10B	1	ENSG00000155026	
MOCS2	1	ENSG00000164172	
MOCS3	1	ENSG00000124217	
STON1	1	ENSG00000243244	
CHM	1	ENSG00000188419	
STON2	1	ENSG00000140022	
MCEE	1	ENSG00000124370	
ELOA	1	ENSG00000011007	
ELOB	1	ENSG00000103363	
ELOC	1	ENSG00000154582	
CIC	1	ENSG00000079432	
RRP15	1	ENSG00000067533	
ZIK1	1	ENSG00000171649	
EDARADD	1	ENSG00000186197	
RPS6KL1	1	ENSG00000198208	
EXOC8	1	ENSG00000116903	
EXOC7	1	ENSG00000182473	
PLLP	1	ENSG00000102934	
ECRG4	1	ENSG00000119147	
PLIN4	1	ENSG00000167676	
EXOC3	1	ENSG00000180104	
PLIN3	1	ENSG00000105355	
EXOC6	1	ENSG00000138190	
PLIN2	1	ENSG00000147872	
PLIN1	1	ENSG00000166819	
EXOC2	1	ENSG00000112685	
EXOC1	1	ENSG00000090989	
PLIN5	1	ENSG00000214456	
NFIX	1	ENSG00000008441	
C1orf198	1	ENSG00000119280	
DCAF12L2	1	ENSG00000198354	
PRUNE2	1	ENSG00000106772	
PRUNE1	1	ENSG00000143363	
METTL21A	1	ENSG00000144401	
APOL4	1	ENSG00000100336	
APOL6	1	ENSG00000221963	
RASSF10	1	ENSG00000189431	
RRP36	1	ENSG00000124541	
CKB	1	ENSG00000166165	
APOL1	1	ENSG00000100342	
PAIP2	1	ENSG00000120727	
PAIP1	1	ENSG00000172239	
APOL2	1	ENSG00000128335	
BCHE	1	ENSG00000114200	
HIPK4	1	ENSG00000160396	
MCF2	1	ENSG00000101977	
MOCOS	1	ENSG00000075643	
ELP1	1	ENSG00000070061	
RFLNB	1	ENSG00000183688	
ELP2	1	ENSG00000134759	
G0S2	1	ENSG00000123689	
ELP3	1	ENSG00000134014	
ELP4	1	ENSG00000109911	
RRP1B	1	ENSG00000160208	
HIPK1	1	ENSG00000163349	
ELP6	1	ENSG00000163832	
HIPK3	1	ENSG00000110422	
HIPK2	1	ENSG00000064393	
RFLNA	1	ENSG00000178882	
NFIA	1	ENSG00000162599	
NFIB	1	ENSG00000147862	
NFIC	1	ENSG00000141905	
PLP1	1	ENSG00000123560	
PLP2	1	ENSG00000102007	
CLC	1	ENSG00000105205	
TMEM229A	1	ENSG00000234224	
TMEM229B	1	ENSG00000198133	
H3Y1	1	ENSG00000269466	
C1orf174	1	ENSG00000198912	
CLU	1	ENSG00000120885	
LCLAT1	1	ENSG00000172954	
THG1L	1	ENSG00000113272	
PODNL1	1	ENSG00000132000	
CFL2	1	ENSG00000165410	
CFL1	1	ENSG00000172757	
PLS3	1	ENSG00000102024	
OIP5	1	ENSG00000104147	
IL13RA2	1	ENSG00000123496	
PLS1	1	ENSG00000120756	
IL13RA1	1	ENSG00000131724	
KCMF1	1	ENSG00000176407	
COL27A1	1	ENSG00000196739	
FKBPL	1	ENSG00000204315	
C1orf185	1	ENSG00000204006	
DIO2	1	ENSG00000211448	
FAM91A1	1	ENSG00000176853	
LEMD3	1	ENSG00000174106	
LEMD1	1	ENSG00000186007	
TOM1L1	1	ENSG00000141198	
MTNR1A	1	ENSG00000168412	
OBSCN	1	ENSG00000154358	
FKBP8	1	ENSG00000105701	
FKBP7	1	ENSG00000079150	
FKBP9	1	ENSG00000122642	
FKBP4	1	ENSG00000004478	
FKBP3	1	ENSG00000100442	
FKBP5	1	ENSG00000096060	
FKBP2	1	ENSG00000173486	
CNP	1	ENSG00000173786	
PLTP	1	ENSG00000100979	
MCL1	1	ENSG00000143384	
C1orf167	1	ENSG00000215910	
C1orf162	1	ENSG00000143110	
TCEANC	1	ENSG00000176896	
MISFA	1	ENSG00000247595	
BCL9	1	ENSG00000116128	
UBOX5	1	ENSG00000185019	
BCL6	1	ENSG00000113916	
CPD	1	ENSG00000108582	
BCL3	1	ENSG00000069399	
BCL2	1	ENSG00000171791	
CPE	1	ENSG00000109472	
C1orf159	1	ENSG00000131591	
OSCP1	1	ENSG00000116885	
SLC48A1	1	ENSG00000211584	
CPM	1	ENSG00000135678	
CPO	1	ENSG00000144410	
CPQ	1	ENSG00000104324	
C1orf131	1	ENSG00000143633	
COL14A1	1	ENSG00000187955	
MCM8	1	ENSG00000125885	
ZC3H4	1	ENSG00000130749	
MCM9	1	ENSG00000111877	
ZC3H3	1	ENSG00000014164	
ZC3H8	1	ENSG00000144161	
CPZ	1	ENSG00000109625	
KBTBD12	1	ENSG00000187715	
VPS72	1	ENSG00000163159	
CEP170B	1	ENSG00000099814	
EVI5L	1	ENSG00000142459	
GGPS1	1	ENSG00000152904	
SGIP1	1	ENSG00000118473	
DIS3	1	ENSG00000083520	
APOA1	1	ENSG00000118137	
DRC12	1	ENSG00000248712	
SAPCD2	1	ENSG00000186193	
SAPCD1	1	ENSG00000228727	
MCM3	1	ENSG00000112118	
CRH	1	ENSG00000147571	
ST20-MTHFS	1	ENSG00000259332	
MCM4	1	ENSG00000104738	
MCM5	1	ENSG00000100297	
MCM6	1	ENSG00000076003	
CRK	1	ENSG00000167193	
HDAC4	1	ENSG00000068024	
CEBPA	1	ENSG00000245848	
HDAC2	1	ENSG00000196591	
HDAC3	1	ENSG00000171720	
CEBPD	1	ENSG00000221869	
VPS4B	1	ENSG00000119541	
CEBPG	1	ENSG00000153879	
TULP4	1	ENSG00000130338	
TULP3	1	ENSG00000078246	
TULP2	1	ENSG00000104804	
TULP1	1	ENSG00000112041	
HDAC8	1	ENSG00000147099	
HDAC9	1	ENSG00000048052	
HDAC6	1	ENSG00000094631	
HDAC7	1	ENSG00000061273	
STOX2	1	ENSG00000173320	
NFS1	1	ENSG00000244005	
HECTD1	1	ENSG00000092148	
HECTD2	1	ENSG00000165338	
VPS50	1	ENSG00000004766	
HECTD3	1	ENSG00000126107	
VPS53	1	ENSG00000141252	
HECTD4	1	ENSG00000173064	
SVBP	1	ENSG00000177868	
VPS52	1	ENSG00000223501	
IL21R	1	ENSG00000103522	
XIRP1	1	ENSG00000168334	
XIRP2	1	ENSG00000163092	
VPS54	1	ENSG00000143952	
CSK	1	ENSG00000103653	
BCO2	1	ENSG00000197580	
BCO1	1	ENSG00000135697	
STOX1	1	ENSG00000165730	
SLC35A2	1	ENSG00000102100	
SLC35A1	1	ENSG00000164414	
MGME1	1	ENSG00000125871	
SLC35A3	1	ENSG00000117620	
C1orf122	1	ENSG00000197982	
APOBR	1	ENSG00000184730	
CPPED1	1	ENSG00000103381	
KBTBD11	1	ENSG00000176595	
MAB21L4	1	ENSG00000172478	
EVI2A	1	ENSG00000126860	
ASXL3	1	ENSG00000141431	
CTH	1	ENSG00000116761	
MAB21L1	1	ENSG00000180660	
ASXL2	1	ENSG00000143970	
VPS41	1	ENSG00000006715	
APOC1	1	ENSG00000130208	
MAB21L2	1	ENSG00000181541	
CEBPZ	1	ENSG00000115816	
BCOR	1	ENSG00000183337	
VPS45	1	ENSG00000136631	
EVI2B	1	ENSG00000185862	
C1orf116	1	ENSG00000182795	
C1orf115	1	ENSG00000162817	
IL1RN	1	ENSG00000136689	
SLC35B4	1	ENSG00000205060	
DCAF4L1	1	ENSG00000182308	
MISP3	1	ENSG00000141854	
SLC35B1	1	ENSG00000121073	
DCAF4L2	1	ENSG00000176566	
C6orf89	1	ENSG00000198663	
NIPAL4	1	ENSG00000172548	
NFU1	1	ENSG00000169599	
RPS6KA4	1	ENSG00000162302	
RPS6KA3	1	ENSG00000177189	
CFAP276	1	ENSG00000179902	
RPS6KA6	1	ENSG00000072133	
RPS6KA5	1	ENSG00000100784	
NIPAL1	1	ENSG00000163293	
NIPAL2	1	ENSG00000104361	
RPS6KA1	1	ENSG00000117676	
ARFIP2	1	ENSG00000132254	
ARFIP1	1	ENSG00000164144	
H4C4	1	ENSG00000277157	
SLC35A5	1	ENSG00000138459	
H4C3	1	ENSG00000197061	
H4C5	1	ENSG00000276966	
TANGO6	1	ENSG00000103047	
IL1R1	1	ENSG00000115594	
TANGO2	1	ENSG00000183597	
SLC35C2	1	ENSG00000080189	
IL1R2	1	ENSG00000115590	
SLC35C1	1	ENSG00000181830	
CFAP263	1	ENSG00000103021	
TWSG1	1	ENSG00000128791	
IL23A	1	ENSG00000110944	
GSAP	1	ENSG00000186088	
OBSL1	1	ENSG00000124006	
CFTR	1	ENSG00000001626	
SLC22A4	1	ENSG00000197208	
SLC22A3	1	ENSG00000146477	
SLC22A6	1	ENSG00000197901	
SLC22A5	1	ENSG00000197375	
SLC35D1	1	ENSG00000116704	
SLC35D3	1	ENSG00000182747	
SLC22A1	1	ENSG00000175003	
SLC35D2	1	ENSG00000130958	
CFAP251	1	ENSG00000158023	
GSE1	1	ENSG00000131149	
FAM43A	1	ENSG00000185112	
FAM43B	1	ENSG00000183114	
ARGLU1	1	ENSG00000134884	
SPRR2D	1	ENSG00000163216	
H4C8	1	ENSG00000158406	
SLC35E1	1	ENSG00000127526	
SLC35E4	1	ENSG00000100036	
SH2D1A	1	ENSG00000183918	
SLC35E3	1	ENSG00000175782	
SH2D1B	1	ENSG00000198574	
MPHOSPH10	1	ENSG00000124383	
TECPR2	1	ENSG00000196663	
SLC22A7	1	ENSG00000137204	
TECPR1	1	ENSG00000205356	
SLC35F6	1	ENSG00000213699	
SLC35F3	1	ENSG00000183780	
CAB39L	1	ENSG00000102547	
SLC35F2	1	ENSG00000110660	
SLC35F5	1	ENSG00000115084	
MCUB	1	ENSG00000005059	
SLC35F4	1	ENSG00000151812	
RSF1	1	ENSG00000048649	
SLC35F1	1	ENSG00000196376	
C6orf47	1	ENSG00000204439	
SIPA1L2	1	ENSG00000116991	
SIPA1L3	1	ENSG00000105738	
SIPA1L1	1	ENSG00000197555	
GSG1	1	ENSG00000111305	
SLC35G5	1	ENSG00000177710	
SLC35G2	1	ENSG00000168917	
SLC35G1	1	ENSG00000176273	
MTSS1	1	ENSG00000170873	
MTSS2	1	ENSG00000132613	
NFX1	1	ENSG00000086102	
C1QTNF12	1	ENSG00000184163	
AMER1	1	ENSG00000184675	
AMER2	1	ENSG00000165566	
MEGF6	1	ENSG00000162591	
AMER3	1	ENSG00000178171	
RGPD6	1	ENSG00000183054	
RGPD5	1	ENSG00000015568	
RGPD8	1	ENSG00000169629	
RGPD2	1	ENSG00000185304	
TYMS	1	ENSG00000176890	
RGPD1	1	ENSG00000187627	
RGPD4	1	ENSG00000196862	
RGPD3	1	ENSG00000153165	
BEGAIN	1	ENSG00000183092	
TYMP	1	ENSG00000025708	
TCEAL8	1	ENSG00000180964	
TCEAL7	1	ENSG00000182916	
CFAP298	1	ENSG00000159079	
TCEAL6	1	ENSG00000204071	
TCEAL5	1	ENSG00000204065	
TCEAL4	1	ENSG00000133142	
TCEAL3	1	ENSG00000196507	
EMC1	1	ENSG00000127463	
TCEAL2	1	ENSG00000184905	
TCEAL1	1	ENSG00000172465	
EMC2	1	ENSG00000104412	
SUSD4	1	ENSG00000143502	
EMC3	1	ENSG00000125037	
EMC4	1	ENSG00000128463	
SUSD3	1	ENSG00000157303	
FAM47E	1	ENSG00000189157	
SUSD6	1	ENSG00000100647	
SUSD5	1	ENSG00000173705	
EMC6	1	ENSG00000127774	
EMC7	1	ENSG00000134153	
EMC8	1	ENSG00000131148	
EMC9	1	ENSG00000100908	
TCEAL9	1	ENSG00000185222	
SVIL	1	ENSG00000197321	
NFYA	1	ENSG00000001167	
NFYB	1	ENSG00000120837	
NFYC	1	ENSG00000066136	
SUSD2	1	ENSG00000099994	
SUSD1	1	ENSG00000106868	
C6orf58	1	ENSG00000184530	
SVIP	1	ENSG00000198168	
SPCS3	1	ENSG00000129128	
SPCS2	1	ENSG00000118363	
SPCS1	1	ENSG00000114902	
GSTA4	1	ENSG00000170899	
C6orf52	1	ENSG00000137434	
LRRN4CL	1	ENSG00000177363	
QPCT	1	ENSG00000115828	
GSTA1	1	ENSG00000243955	
MEGF8	1	ENSG00000105429	
MEGF9	1	ENSG00000106780	
SPPL2B	1	ENSG00000005206	
ROGDI	1	ENSG00000067836	
SPPL2A	1	ENSG00000138600	
PMCH	1	ENSG00000183395	
CLEC18C	1	ENSG00000157335	
CLEC18B	1	ENSG00000140839	
CLEC18A	1	ENSG00000157322	
PAIP2B	1	ENSG00000124374	
EME1	1	ENSG00000154920	
EME2	1	ENSG00000197774	
C3orf62	1	ENSG00000188315	
CSKMT	1	ENSG00000214756	
FPGT	1	ENSG00000254685	
POSTN	1	ENSG00000133110	
TRPC4AP	1	ENSG00000100991	
CLEC19A	1	ENSG00000261210	
EMCN	1	ENSG00000164035	
C3orf70	1	ENSG00000187068	
SPECC1L	1	ENSG00000100014	
TIMELESS	1	ENSG00000111602	
NUPR1	1	ENSG00000176046	
PMEL	1	ENSG00000185664	
ISYNA1	1	ENSG00000105655	
GSTCD	1	ENSG00000138780	
CLEC16A	1	ENSG00000038532	
PMF1	1	ENSG00000160783	
CAMSAP1	1	ENSG00000130559	
RSKR	1	ENSG00000167524	
C3orf80	1	ENSG00000180044	
EMG1	1	ENSG00000126749	
NPC1L1	1	ENSG00000015520	
TASOR	1	ENSG00000163946	
TASP1	1	ENSG00000089123	
PNPT1	1	ENSG00000138035	
CAMSAP3	1	ENSG00000076826	
DIAPH1	1	ENSG00000131504	
DIAPH2	1	ENSG00000147202	
DAP	1	ENSG00000112977	
DIAPH3	1	ENSG00000139734	
PXMP2	1	ENSG00000176894	
PXMP4	1	ENSG00000101417	
COLGALT2	1	ENSG00000198756	
CGB7	1	ENSG00000196337	
CGAS	1	ENSG00000164430	
DBI	1	ENSG00000155368	
CLEC14A	1	ENSG00000176435	
DBH	1	ENSG00000123454	
C3orf20	1	ENSG00000131379	
DBP	1	ENSG00000105516	
NTMT1	1	ENSG00000148335	
DBT	1	ENSG00000137992	
NTMT2	1	ENSG00000203740	
COLGALT1	1	ENSG00000130309	
STPG1	1	ENSG00000001460	
C3orf38	1	ENSG00000179021	
STPG2	1	ENSG00000163116	
SVOP	1	ENSG00000166111	
STPG4	1	ENSG00000239605	
C3orf33	1	ENSG00000174928	
OXSR1	1	ENSG00000172939	
DCK	1	ENSG00000156136	
DCN	1	ENSG00000011465	
CFAP221	1	ENSG00000163075	
DCT	1	ENSG00000080166	
DCX	1	ENSG00000077279	
DNASE2	1	ENSG00000105612	
DNASE1	1	ENSG00000213918	
DTHD1	1	ENSG00000197057	
DDC	1	ENSG00000132437	
CFAP206	1	ENSG00000272514	
DDO	1	ENSG00000203797	
DDN	1	ENSG00000181418	
PDE11A	1	ENSG00000128655	
CFAP210	1	ENSG00000154479	
DDT	1	ENSG00000099977	
RPS6KC1	1	ENSG00000136643	
TYW1	1	ENSG00000198874	
PDSS2	1	ENSG00000164494	
PDSS1	1	ENSG00000148459	
ATP13A1	1	ENSG00000105726	
C3orf52	1	ENSG00000114529	
DEK	1	ENSG00000124795	
PDE10A	1	ENSG00000112541	
DES	1	ENSG00000175084	
RPS6KB1	1	ENSG00000108443	
RPS6KB2	1	ENSG00000175634	
ATP13A4	1	ENSG00000127249	
ATP13A5	1	ENSG00000187527	
ATP13A2	1	ENSG00000159363	
ATP13A3	1	ENSG00000133657	
FBXW10B	1	ENSG00000241322	
MT-ND6	1	ENSG00000198695	
MDC1	1	ENSG00000137337	
MT-ND4	1	ENSG00000198886	
MT-ND5	1	ENSG00000198786	
NEXMIF	1	ENSG00000050030	
MT-ND2	1	ENSG00000198763	
MT-ND3	1	ENSG00000198840	
MT-ND1	1	ENSG00000198888	
SCAMP5	1	ENSG00000198794	
IL4I1	1	ENSG00000104951	
LACTB	1	ENSG00000103642	
SCAMP4	1	ENSG00000227500	
CYP2D6	1	ENSG00000100197	
IGLON5	1	ENSG00000142549	
TYW5	1	ENSG00000162971	
TYW3	1	ENSG00000162623	
NGDN	1	ENSG00000129460	
FIBCD1	1	ENSG00000130720	
SCAMP1	1	ENSG00000085365	
HSPG2	1	ENSG00000142798	
EML1	1	ENSG00000066629	
EML2	1	ENSG00000125746	
SCAMP2	1	ENSG00000140497	
EML3	1	ENSG00000149499	
EML4	1	ENSG00000143924	
AR	1	ENSG00000169083	
EML5	1	ENSG00000165521	
EML6	1	ENSG00000214595	
PRKAR1B	1	ENSG00000188191	
RBCK1	1	ENSG00000125826	
CYP2E1	1	ENSG00000130649	
NGEF	1	ENSG00000066248	
CGGBP1	1	ENSG00000163320	
GRID2IP	1	ENSG00000215045	
DHH	1	ENSG00000139549	
SHOX2	1	ENSG00000168779	
FPR3	1	ENSG00000187474	
AAAS	1	ENSG00000094914	
C2	1	ENSG00000166278	
DYNC2LI1	1	ENSG00000138036	
C3	1	ENSG00000125730	
C5	1	ENSG00000106804	
HSPH1	1	ENSG00000120694	
C7	1	ENSG00000112936	
PRKAR2B	1	ENSG00000005249	
PRKAR2A	1	ENSG00000114302	
C9	1	ENSG00000113600	
RSU1	1	ENSG00000148484	
EXPH5	1	ENSG00000110723	
NGFR	1	ENSG00000064300	
GLYATL2	1	ENSG00000156689	
GLYATL1	1	ENSG00000166840	
PMM1	1	ENSG00000100417	
PMM2	1	ENSG00000140650	
GRIN2C	1	ENSG00000161509	
CP	1	ENSG00000047457	
GRIN2B	1	ENSG00000273079	
GRIN2D	1	ENSG00000105464	
CS	1	ENSG00000062485	
CYP2C8	1	ENSG00000138115	
GRIN3B	1	ENSG00000116032	
GRIN3A	1	ENSG00000198785	
LAD1	1	ENSG00000159166	
LRSAM1	1	ENSG00000148356	
RPLP1	1	ENSG00000137818	
QPRT	1	ENSG00000103485	
RPLP0	1	ENSG00000089157	
ECSIT	1	ENSG00000130159	
AACS	1	ENSG00000081760	
NIPBL	1	ENSG00000164190	
APPL2	1	ENSG00000136044	
APPL1	1	ENSG00000157500	
ACTL6B	1	ENSG00000077080	
ACTL6A	1	ENSG00000136518	
NIPA1	1	ENSG00000170113	
SIRT5	1	ENSG00000124523	
EMP1	1	ENSG00000134531	
SIRT6	1	ENSG00000077463	
EMP2	1	ENSG00000213853	
NIPA2	1	ENSG00000140157	
SIRT7	1	ENSG00000187531	
F3	1	ENSG00000117525	
SIRT1	1	ENSG00000096717	
SIRT2	1	ENSG00000068903	
ELAPOR2	1	ENSG00000164659	
FAHD2A	1	ENSG00000115042	
ELAPOR1	1	ENSG00000116299	
SIRT3	1	ENSG00000142082	
F5	1	ENSG00000198734	
F7	1	ENSG00000057593	
F8	1	ENSG00000185010	
BDH2	1	ENSG00000164039	
BDH1	1	ENSG00000161267	
CDC42EP5	1	ENSG00000167617	
CDC42EP4	1	ENSG00000179604	
CDC42EP3	1	ENSG00000163171	
CDC42EP2	1	ENSG00000149798	
PICK1	1	ENSG00000100151	
CDC42EP1	1	ENSG00000128283	
PMP2	1	ENSG00000147588	
DLD	1	ENSG00000091140	
MDFI	1	ENSG00000112559	
FH	1	ENSG00000091483	
ARL14EPL	1	ENSG00000268223	
CCNDBP1	1	ENSG00000166946	
HLA-DMA	1	ENSG00000204257	
MYCT1	1	ENSG00000120279	
HLA-DMB	1	ENSG00000242574	
PMS2	1	ENSG00000122512	
DMD	1	ENSG00000198947	
CSMD3	1	ENSG00000164796	
CSMD2	1	ENSG00000121904	
CSMD1	1	ENSG00000183117	
PMS1	1	ENSG00000064933	
MDH1	1	ENSG00000014641	
GK	1	ENSG00000198814	
GSX1	1	ENSG00000169840	
AADAT	1	ENSG00000109576	
MDH2	1	ENSG00000146701	
GSX2	1	ENSG00000180613	
TTLL7	1	ENSG00000137941	
TTLL6	1	ENSG00000170703	
TTLL5	1	ENSG00000119685	
TTLL4	1	ENSG00000135912	
AADAC	1	ENSG00000114771	
TTLL1	1	ENSG00000100271	
RIMBP2	1	ENSG00000060709	
RIMBP3	1	ENSG00000275793	
TTLL9	1	ENSG00000131044	
HDDC2	1	ENSG00000111906	
UBE2D4	1	ENSG00000078967	
FAM13B	1	ENSG00000031003	
FAM13C	1	ENSG00000148541	
UBE2D2	1	ENSG00000131508	
UBE2D3	1	ENSG00000109332	
FAM13A	1	ENSG00000138640	
HP	1	ENSG00000257017	
UBE2D1	1	ENSG00000072401	
HR	1	ENSG00000168453	
HDDC3	1	ENSG00000184508	
PABPC4L	1	ENSG00000254535	
PMPCB	1	ENSG00000105819	
PMPCA	1	ENSG00000165688	
HLA-DOA	1	ENSG00000204252	
HLA-DOB	1	ENSG00000241106	
IK	1	ENSG00000113141	
LAG3	1	ENSG00000089692	
UBE2E3	1	ENSG00000170035	
VPS33B	1	ENSG00000184056	
UBE2E1	1	ENSG00000170142	
EMSY	1	ENSG00000158636	
PIGBOS1	1	ENSG00000225973	
FBLIM1	1	ENSG00000162458	
DPT	1	ENSG00000143196	
TNFRSF11B	1	ENSG00000164761	
TNFRSF11A	1	ENSG00000141655	
NTPCR	1	ENSG00000135778	
SOCS2	1	ENSG00000120833	
SOCS3	1	ENSG00000184557	
SOCS1	1	ENSG00000185338	
PMVK	1	ENSG00000163344	
SOCS6	1	ENSG00000170677	
SOCS7	1	ENSG00000274211	
MDN1	1	ENSG00000112159	
SOCS4	1	ENSG00000180008	
SOCS5	1	ENSG00000171150	
COL28A1	1	ENSG00000215018	
KL	1	ENSG00000133116	
DR1	1	ENSG00000117505	
BRPF1	1	ENSG00000156983	
BDNF	1	ENSG00000176697	
BRPF3	1	ENSG00000096070	
GFPT2	1	ENSG00000131459	
GFPT1	1	ENSG00000198380	
TNFRSF10C	1	ENSG00000173535	
TNFRSF10B	1	ENSG00000120889	
BCDIN3D	1	ENSG00000186666	
TNFRSF10A	1	ENSG00000104689	
KY	1	ENSG00000174611	
TNFRSF10D	1	ENSG00000173530	
TFCP2	1	ENSG00000135457	
MDM2	1	ENSG00000135679	
AAK1	1	ENSG00000115977	
HLA-DRA	1	ENSG00000204287	
MDM1	1	ENSG00000111554	
DRAXIN	1	ENSG00000162490	
ST6GALNAC2	1	ENSG00000070731	
SH2D4A	1	ENSG00000104611	
SH2D4B	1	ENSG00000178217	
ATRAID	1	ENSG00000138085	
MRPL4	1	ENSG00000105364	
MRPL3	1	ENSG00000114686	
NGRN	1	ENSG00000182768	
MRPL2	1	ENSG00000112651	
MRPL1	1	ENSG00000169288	
MB	1	ENSG00000198125	
DSE	1	ENSG00000111817	
DGCR8	1	ENSG00000128191	
DGCR6	1	ENSG00000183628	
MRPL9	1	ENSG00000143436	
MDP1	1	ENSG00000213920	
SPG11	1	ENSG00000104133	
EID2B	1	ENSG00000176401	
EMX1	1	ENSG00000135638	
EMX2	1	ENSG00000170370	
DST	1	ENSG00000151914	
SH2D3A	1	ENSG00000125731	
SH2D3C	1	ENSG00000095370	
VPS37C	1	ENSG00000167987	
VPS37D	1	ENSG00000176428	
VPS37A	1	ENSG00000155975	
RAD23A	1	ENSG00000179262	
VPS37B	1	ENSG00000139722	
RAD23B	1	ENSG00000119318	
BDP1	1	ENSG00000145734	
ST6GALNAC4	1	ENSG00000136840	
DTL	1	ENSG00000143476	
ST6GALNAC5	1	ENSG00000117069	
ST6GALNAC6	1	ENSG00000160408	
SLC47A2	1	ENSG00000180638	
RNFT2	1	ENSG00000135119	
SLC47A1	1	ENSG00000142494	
HSD17B14	1	ENSG00000087076	
HSD17B13	1	ENSG00000170509	
HSD17B12	1	ENSG00000149084	
HSD17B11	1	ENSG00000198189	
HSD17B10	1	ENSG00000072506	
RNFT1	1	ENSG00000189050	
CECR2	1	ENSG00000099954	
PTPRZ1	1	ENSG00000106278	
SLITRK2	1	ENSG00000185985	
SLITRK1	1	ENSG00000178235	
SLITRK4	1	ENSG00000179542	
SLITRK3	1	ENSG00000121871	
SLITRK6	1	ENSG00000184564	
SLITRK5	1	ENSG00000165300	
AAMP	1	ENSG00000127837	
C1orf226	1	ENSG00000239887	
LINGO2	1	ENSG00000174482	
LINGO1	1	ENSG00000169783	
DUT	1	ENSG00000128951	
LINGO4	1	ENSG00000213171	
LINGO3	1	ENSG00000220008	
BAIAP2	1	ENSG00000175866	
PC	1	ENSG00000173599	
VIPAS39	1	ENSG00000151445	
PABPC1L	1	ENSG00000101104	
MDGA1	1	ENSG00000112139	
SPG21	1	ENSG00000090487	
VPS35L	1	ENSG00000103544	
DHFR2	1	ENSG00000178700	
RETREG3	1	ENSG00000141699	
C1orf210	1	ENSG00000253313	
RTCA	1	ENSG00000137996	
RTCB	1	ENSG00000100220	
TXNDC11	1	ENSG00000153066	
UBE2L6	1	ENSG00000156587	
TXNDC15	1	ENSG00000113621	
UBE2L5	1	ENSG00000236444	
UBE2L3	1	ENSG00000185651	
TXNDC17	1	ENSG00000129235	
SLC34A3	1	ENSG00000198569	
SLC34A2	1	ENSG00000157765	
ENTPD1	1	ENSG00000138185	
ENTPD2	1	ENSG00000054179	
ENTPD3	1	ENSG00000168032	
ENTPD4	1	ENSG00000197217	
ENTPD5	1	ENSG00000187097	
ENTPD6	1	ENSG00000197586	
ENTPD7	1	ENSG00000198018	
ENTPD8	1	ENSG00000188833	
VWA5B2	1	ENSG00000145198	
VWA5B1	1	ENSG00000158816	
ASRGL1	1	ENSG00000162174	
DXO	1	ENSG00000204348	
LAP3	1	ENSG00000002549	
C1orf216	1	ENSG00000142686	
EPHA10	1	ENSG00000183317	
RTF2	1	ENSG00000022277	
RTF1	1	ENSG00000137815	
UBE2J2	1	ENSG00000160087	
AARD	1	ENSG00000205002	
OSGEP	1	ENSG00000092094	
UBE2J1	1	ENSG00000198833	
SWI5	1	ENSG00000175854	
DYM	1	ENSG00000141627	
AAR2	1	ENSG00000131043	
WAPL	1	ENSG00000062650	
TF	1	ENSG00000091513	
TG	1	ENSG00000042832	
TH	1	ENSG00000180176	
RETREG2	1	ENSG00000144567	
RETREG1	1	ENSG00000154153	
PCSK2	1	ENSG00000125851	
PCSK1	1	ENSG00000175426	
SLC7A14	1	ENSG00000013293	
AATK	1	ENSG00000181409	
PCSK7	1	ENSG00000160613	
SLC7A11	1	ENSG00000151012	
WASL	1	ENSG00000106299	
TNFRSF13C	1	ENSG00000159958	
PCSK6	1	ENSG00000140479	
SLC7A10	1	ENSG00000130876	
AATF	1	ENSG00000275700	
IER3IP1	1	ENSG00000134049	
PCSK5	1	ENSG00000099139	
CLYBL	1	ENSG00000125246	
PCSK4	1	ENSG00000115257	
GGTA1	1	ENSG00000204136	
GNGT1	1	ENSG00000127928	
MYDGF	1	ENSG00000074842	
IMMP2L	1	ENSG00000184903	
HYAL1	1	ENSG00000114378	
HYAL2	1	ENSG00000068001	
HYAL3	1	ENSG00000186792	
HYAL4	1	ENSG00000106302	
L3HYPDH	1	ENSG00000126790	
AASS	1	ENSG00000008311	
TNFRSF12A	1	ENSG00000006327	
MRPS2	1	ENSG00000122140	
MRPS7	1	ENSG00000125445	
MRPS5	1	ENSG00000144029	
ENAH	1	ENSG00000154380	
LAT2	1	ENSG00000086730	
IMMP1L	1	ENSG00000148950	
MRPS9	1	ENSG00000135972	
G2E3	1	ENSG00000092140	
PNCK	1	ENSG00000130822	
GREB1L	1	ENSG00000141449	
IGHMBP2	1	ENSG00000132740	
NEDD9	1	ENSG00000111859	
FAAP24	1	ENSG00000131944	
NEDD8	1	ENSG00000129559	
CRIP2	1	ENSG00000182809	
CRIP3	1	ENSG00000146215	
FAAP20	1	ENSG00000162585	
CRIP1	1	ENSG00000213145	
ARVCF	1	ENSG00000099889	
ALS2CL	1	ENSG00000178038	
PLEKHG4B	1	ENSG00000153404	
SCAND1	1	ENSG00000171222	
SCAND3	1	ENSG00000232040	
NPDC1	1	ENSG00000107281	
YIPF1	1	ENSG00000058799	
YIPF2	1	ENSG00000130733	
YIPF3	1	ENSG00000137207	
YIPF4	1	ENSG00000119820	
YIPF5	1	ENSG00000145817	
HUWE1	1	ENSG00000086758	
KLK14	1	ENSG00000129437	
UBE2G1	1	ENSG00000132388	
UBE2G2	1	ENSG00000184787	
KLK10	1	ENSG00000129451	
XG	1	ENSG00000124343	
XK	1	ENSG00000047597	
THEMIS2	1	ENSG00000130775	
GLB1L	1	ENSG00000163521	
NEDD4	1	ENSG00000069869	
YIPF6	1	ENSG00000181704	
YIPF7	1	ENSG00000177752	
FAM171B	1	ENSG00000144369	
SH3GL3	1	ENSG00000140600	
RTL1	1	ENSG00000254656	
RTKN	1	ENSG00000114993	
BCCIP	1	ENSG00000107949	
RTL9	1	ENSG00000243978	
OGDHL	1	ENSG00000197444	
RTL6	1	ENSG00000188636	
CFAP300	1	ENSG00000137691	
RTL5	1	ENSG00000242732	
RTL3	1	ENSG00000179300	
FAM174B	1	ENSG00000185442	
PAMR1	1	ENSG00000149090	
SH3GL2	1	ENSG00000107295	
SH3GL1	1	ENSG00000141985	
DKC1	1	ENSG00000130826	
UBE2V2	1	ENSG00000169139	
UBE2V1	1	ENSG00000244687	
PHAF1	1	ENSG00000125149	
RTN2	1	ENSG00000125744	
RTN3	1	ENSG00000133318	
RTN1	1	ENSG00000139970	
CHAT	1	ENSG00000070748	
RTN4	1	ENSG00000115310	
ENHO	1	ENSG00000168913	
EBP	1	ENSG00000147155	
HCAR1	1	ENSG00000196917	
CHAD	1	ENSG00000136457	
ECD	1	ENSG00000122882	
CRIM1	1	ENSG00000150938	
LAYN	1	ENSG00000204381	
STT3A	1	ENSG00000134910	
ACTL10	1	ENSG00000288649	
RTP4	1	ENSG00000136514	
RTP5	1	ENSG00000188011	
EDA	1	ENSG00000158813	
CHD9	1	ENSG00000177200	
RTP1	1	ENSG00000175077	
CHD8	1	ENSG00000100888	
CHD7	1	ENSG00000171316	
CHD6	1	ENSG00000124177	
CHD5	1	ENSG00000116254	
CHD4	1	ENSG00000111642	
CHD3	1	ENSG00000170004	
CHD2	1	ENSG00000173575	
MEA1	1	ENSG00000124733	
CHD1	1	ENSG00000153922	
PIDD1	1	ENSG00000177595	
FAM178B	1	ENSG00000168754	
UBE2Q2	1	ENSG00000140367	
RFPL2	1	ENSG00000128253	
DARS2	1	ENSG00000117593	
CIP2A	1	ENSG00000163507	
DARS1	1	ENSG00000115866	
FAM177B	1	ENSG00000197520	
UBE2R2	1	ENSG00000107341	
CHDH	1	ENSG00000016391	
PNKP	1	ENSG00000039650	
ACVR1B	1	ENSG00000135503	
ACVR1C	1	ENSG00000123612	
EFS	1	ENSG00000100842	
SPMAP2L	1	ENSG00000249693	
MDH1B	1	ENSG00000138400	
CHGA	1	ENSG00000100604	
EGF	1	ENSG00000138798	
SWT1	1	ENSG00000116668	
LRWD1	1	ENSG00000161036	
ACVR2B	1	ENSG00000114739	
CHFR	1	ENSG00000072609	
ACVR2A	1	ENSG00000121989	
PNKD	1	ENSG00000127838	
INAFM2	1	ENSG00000259330	
INAFM1	1	ENSG00000257704	
ACIN1	1	ENSG00000100813	
EHF	1	ENSG00000135373	
RPL30	1	ENSG00000156482	
RPL32	1	ENSG00000144713	
TMEM200B	1	ENSG00000253304	
TMEM200A	1	ENSG00000164484	
RPL31	1	ENSG00000071082	
TMEM200C	1	ENSG00000206432	
ABAT	1	ENSG00000183044	
ENO1	1	ENSG00000074800	
MICOS13	1	ENSG00000174917	
MICOS10	1	ENSG00000173436	
ABCA12	1	ENSG00000144452	
ENO2	1	ENSG00000111674	
ENO3	1	ENSG00000108515	
ABCA13	1	ENSG00000179869	
GPR174	1	ENSG00000147138	
RNF112	1	ENSG00000128482	
GPR173	1	ENSG00000184194	
RNF115	1	ENSG00000265491	
RNF114	1	ENSG00000124226	
RPL36	1	ENSG00000130255	
RPL35	1	ENSG00000136942	
ADNP2	1	ENSG00000101544	
RTTN	1	ENSG00000176225	
RPL38	1	ENSG00000172809	
RPL37	1	ENSG00000145592	
ANKS1A	1	ENSG00000064999	
RPL39	1	ENSG00000198918	
RNF111	1	ENSG00000157450	
CHGB	1	ENSG00000089199	
GPR179	1	ENSG00000277399	
MED1	1	ENSG00000125686	
MECR	1	ENSG00000116353	
RPL22	1	ENSG00000116251	
MED8	1	ENSG00000159479	
MED9	1	ENSG00000141026	
AARSD1	1	ENSG00000266967	
MED4	1	ENSG00000136146	
DKK1	1	ENSG00000107984	
MED6	1	ENSG00000133997	
DKK2	1	ENSG00000155011	
DKK3	1	ENSG00000050165	
MED7	1	ENSG00000155868	
CPED1	1	ENSG00000106034	
RNF123	1	ENSG00000164068	
GPR162	1	ENSG00000250510	
ABCA10	1	ENSG00000154263	
RNF126	1	ENSG00000070423	
RNF128	1	ENSG00000133135	
GPR161	1	ENSG00000143147	
GPR160	1	ENSG00000173890	
RPL24	1	ENSG00000114391	
RPL27	1	ENSG00000131469	
RPL26	1	ENSG00000161970	
RPL29	1	ENSG00000162244	
ANKK1	1	ENSG00000170209	
RPL28	1	ENSG00000108107	
ALG10B	1	ENSG00000175548	
GPLD1	1	ENSG00000112293	
RNF122	1	ENSG00000133874	
RNF121	1	ENSG00000137522	
FTCDNL1	1	ENSG00000226124	
OSER1	1	ENSG00000132823	
VPS26C	1	ENSG00000157538	
VPS26A	1	ENSG00000122958	
VPS26B	1	ENSG00000151502	
MEFV	1	ENSG00000103313	
PNPO	1	ENSG00000108439	
RPL41	1	ENSG00000229117	
CHKB	1	ENSG00000100288	
CHKA	1	ENSG00000110721	
PNO1	1	ENSG00000115946	
SLC16A12	1	ENSG00000152779	
PRRC2C	1	ENSG00000117523	
SLC16A11	1	ENSG00000174326	
SLC16A10	1	ENSG00000112394	
GPR137B	1	ENSG00000077585	
SLC16A14	1	ENSG00000163053	
RPL3L	1	ENSG00000140986	
PRRC2B	1	ENSG00000288701	
PRRC2A	1	ENSG00000204469	
GPR137C	1	ENSG00000180998	
SLC16A13	1	ENSG00000174327	
CPEB1	1	ENSG00000214575	
RNF103	1	ENSG00000239305	
GPR180	1	ENSG00000152749	
GPR183	1	ENSG00000169508	
PNOC	1	ENSG00000168081	
CYP1A1	1	ENSG00000140465	
CPEB3	1	ENSG00000107864	
CPEB2	1	ENSG00000137449	
CPEB4	1	ENSG00000113742	
SPEF2	1	ENSG00000152582	
ELL	1	ENSG00000105656	
MEI1	1	ENSG00000167077	
SPEF1	1	ENSG00000101222	
ELN	1	ENSG00000049540	
VSIG10L	1	ENSG00000186806	
RNF157	1	ENSG00000141576	
ZCWPW2	1	ENSG00000206559	
ZCWPW1	1	ENSG00000078487	
GPR132	1	ENSG00000183484	
CHL1	1	ENSG00000134121	
ENSA	1	ENSG00000143420	
EMB	1	ENSG00000170571	
RNF150	1	ENSG00000170153	
GPR139	1	ENSG00000180269	
EMD	1	ENSG00000102119	
RNF152	1	ENSG00000176641	
GPR135	1	ENSG00000181619	
ZC3H10	1	ENSG00000135482	
EN2	1	ENSG00000164778	
EN1	1	ENSG00000163064	
RNF168	1	ENSG00000163961	
RNF167	1	ENSG00000108523	
GCFC2	1	ENSG00000005436	
AFTPH	1	ENSG00000119844	
RNF169	1	ENSG00000166439	
RNF166	1	ENSG00000158717	
PCYOX1	1	ENSG00000116005	
CCDC90B	1	ENSG00000137500	
RPL10	1	ENSG00000147403	
RPL12	1	ENSG00000197958	
RPL11	1	ENSG00000142676	
RNF135	1	ENSG00000181481	
GPR151	1	ENSG00000173250	
GPR153	1	ENSG00000158292	
RNF138	1	ENSG00000134758	
CHN2	1	ENSG00000106069	
GPR150	1	ENSG00000178015	
CHN1	1	ENSG00000128656	
RPL14	1	ENSG00000188846	
RPL15	1	ENSG00000174748	
CHML	1	ENSG00000203668	
RPL18	1	ENSG00000063177	
GPR156	1	ENSG00000175697	
GPR155	1	ENSG00000163328	
RNF130	1	ENSG00000113269	
RPL17	1	ENSG00000265681	
GPR158	1	ENSG00000151025	
RNF133	1	ENSG00000188050	
GPR157	1	ENSG00000180758	
RPL19	1	ENSG00000108298	
TIMMDC1	1	ENSG00000113845	
F10	1	ENSG00000126218	
F12	1	ENSG00000131187	
MYBPH	1	ENSG00000133055	
NMNAT3	1	ENSG00000163864	
NMNAT2	1	ENSG00000157064	
RNF146	1	ENSG00000118518	
GPR143	1	ENSG00000101850	
RNF148	1	ENSG00000235631	
ABI2	1	ENSG00000138443	
NMNAT1	1	ENSG00000173614	
RNF149	1	ENSG00000163162	
ABI3	1	ENSG00000108798	
ABI1	1	ENSG00000136754	
MSRB2	1	ENSG00000148450	
GPR149	1	ENSG00000174948	
MSRB3	1	ENSG00000174099	
RNF141	1	ENSG00000110315	
MSRB1	1	ENSG00000198736	
GPR146	1	ENSG00000164849	
COL16A1	1	ENSG00000084636	
CHPF	1	ENSG00000123989	
EPO	1	ENSG00000130427	
HJURP	1	ENSG00000123485	
RNF19B	1	ENSG00000116514	
SERTM2	1	ENSG00000260802	
SERTM1	1	ENSG00000180440	
RNF19A	1	ENSG00000034677	
CHP2	1	ENSG00000166869	
CHP1	1	ENSG00000187446	
RNF43	1	ENSG00000108375	
FAM24B	1	ENSG00000213185	
F2R	1	ENSG00000181104	
RNF40	1	ENSG00000103549	
RNF41	1	ENSG00000181852	
MELK	1	ENSG00000165304	
NHP2	1	ENSG00000145912	
GAPDHS	1	ENSG00000105679	
ERH	1	ENSG00000100632	
ERG	1	ENSG00000157554	
IQCA1	1	ENSG00000132321	
ENY2	1	ENSG00000120533	
ABHD4	1	ENSG00000100439	
ABHD3	1	ENSG00000158201	
ABHD2	1	ENSG00000140526	
RNF180	1	ENSG00000164197	
ABHD1	1	ENSG00000143994	
CHRD	1	ENSG00000090539	
ACTMAP	1	ENSG00000188493	
ABHD8	1	ENSG00000127220	
ABHD6	1	ENSG00000163686	
ABHD5	1	ENSG00000011198	
MACROH2A2	1	ENSG00000099284	
MACROH2A1	1	ENSG00000113648	
OARD1	1	ENSG00000124596	
TBXA2R	1	ENSG00000006638	
ESD	1	ENSG00000139684	
ABL1	1	ENSG00000097007	
ABL2	1	ENSG00000143322	
RNF170	1	ENSG00000120925	
RNF175	1	ENSG00000145428	
STRA6	1	ENSG00000137868	
GPR108	1	ENSG00000125734	
TVP23A	1	ENSG00000166676	
TVP23B	1	ENSG00000171928	
TVP23C	1	ENSG00000175106	
TDRD12	1	ENSG00000173809	
RNF182	1	ENSG00000180537	
RNF181	1	ENSG00000168894	
CCDC92B	1	ENSG00000277200	
RNF183	1	ENSG00000165188	
GPR101	1	ENSG00000165370	
RNF185	1	ENSG00000138942	
RNF187	1	ENSG00000168159	
RNF10	1	ENSG00000022840	
CALCOCO1	1	ENSG00000012822	
RNF11	1	ENSG00000123091	
SFT2D3	1	ENSG00000173349	
RNF13	1	ENSG00000082996	
RNF14	1	ENSG00000013561	
ADRA1D	1	ENSG00000171873	
ADRA1B	1	ENSG00000170214	
ADRA1A	1	ENSG00000120907	
PTBP1	1	ENSG00000011304	
RPL7A	1	ENSG00000148303	
DNMT3B	1	ENSG00000088305	
IQCB1	1	ENSG00000173226	
PDCD6IP	1	ENSG00000170248	
CHUK	1	ENSG00000213341	
DNMT3A	1	ENSG00000119772	
MEPE	1	ENSG00000152595	
ELSPBP1	1	ENSG00000169393	
KCNAB2	1	ENSG00000069424	
RANGAP1	1	ENSG00000100401	
KCNAB3	1	ENSG00000170049	
ADRA2C	1	ENSG00000184160	
ADRA2B	1	ENSG00000274286	
PTBP2	1	ENSG00000117569	
COASY	1	ENSG00000068120	
ADRA2A	1	ENSG00000150594	
EVC	1	ENSG00000072840	
EVL	1	ENSG00000196405	
SFT2D2	1	ENSG00000213064	
SSX2IP	1	ENSG00000117155	
SFT2D1	1	ENSG00000198818	
RNF31	1	ENSG00000092098	
CX3CR1	1	ENSG00000168329	
RNF32	1	ENSG00000105982	
SMARCD1	1	ENSG00000066117	
SMARCD2	1	ENSG00000108604	
SMARCD3	1	ENSG00000082014	
RNF34	1	ENSG00000170633	
WBP1	1	ENSG00000239779	
WBP2	1	ENSG00000132471	
RNF38	1	ENSG00000137075	
WBP4	1	ENSG00000120688	
STMND1	1	ENSG00000230873	
ITLN2	1	ENSG00000158764	
MESD	1	ENSG00000117899	
MROH1	1	ENSG00000179832	
RBBP4	1	ENSG00000162521	
PUF60	1	ENSG00000179950	
RBBP5	1	ENSG00000117222	
ANKAR	1	ENSG00000151687	
RBBP8	1	ENSG00000101773	
RNF39	1	ENSG00000204618	
RBBP9	1	ENSG00000089050	
MROH8	1	ENSG00000101353	
MROH7	1	ENSG00000184313	
RBBP6	1	ENSG00000122257	
RBBP7	1	ENSG00000102054	
MROH6	1	ENSG00000204839	
MEST	1	ENSG00000106484	
FDXACB1	1	ENSG00000255561	
SMARCE1	1	ENSG00000073584	
RNF20	1	ENSG00000155827	
RNF24	1	ENSG00000101236	
RNF25	1	ENSG00000163481	
RNF26	1	ENSG00000173456	
PNRC1	1	ENSG00000146278	
PNRC2	1	ENSG00000189266	
TRMT61A	1	ENSG00000166166	
TRMT61B	1	ENSG00000171103	
BET1	1	ENSG00000105829	
SLC46A3	1	ENSG00000139508	
SLC46A1	1	ENSG00000076351	
GOLGA2	1	ENSG00000167110	
GOLGA3	1	ENSG00000090615	
GOLGA4	1	ENSG00000144674	
GOLGA5	1	ENSG00000066455	
GOLGA1	1	ENSG00000136935	
GOLGA7	1	ENSG00000147533	
EYS	1	ENSG00000188107	
MCCC2	1	ENSG00000131844	
ABT1	1	ENSG00000146109	
MCCC1	1	ENSG00000078070	
MTUS1	1	ENSG00000129422	
MTUS2	1	ENSG00000132938	
OVOL3	1	ENSG00000105261	
AFG3L2	1	ENSG00000141385	
COX7A2L	1	ENSG00000115944	
AKAP9	1	ENSG00000127914	
GUF1	1	ENSG00000151806	
RELCH	1	ENSG00000134444	
EZR	1	ENSG00000092820	
ANKRA2	1	ENSG00000164331	
BEX4	1	ENSG00000102409	
GPM6A	1	ENSG00000150625	
BEX3	1	ENSG00000166681	
BEX2	1	ENSG00000133134	
BEX1	1	ENSG00000133169	
TSHZ3	1	ENSG00000121297	
TSHZ1	1	ENSG00000179981	
C17orf107	1	ENSG00000205710	
GMCL1	1	ENSG00000087338	
C17orf100	1	ENSG00000256806	
NHLH2	1	ENSG00000177551	
GNG10	1	ENSG00000242616	
NHLH1	1	ENSG00000171786	
FAM180B	1	ENSG00000196666	
FAM180A	1	ENSG00000189320	
GPM6B	1	ENSG00000046653	
C17orf113	1	ENSG00000267221	
C17orf114	1	ENSG00000262165	
PINLYP	1	ENSG00000234465	
STK11IP	1	ENSG00000144589	
MEIG1	1	ENSG00000197889	
SLC33A1	1	ENSG00000169359	
TREX2	1	ENSG00000183479	
KNOP1	1	ENSG00000103550	
C21orf91	1	ENSG00000154642	
GNG12	1	ENSG00000172380	
GNG11	1	ENSG00000127920	
GNG13	1	ENSG00000127588	
CCDC88B	1	ENSG00000168071	
CCDC88A	1	ENSG00000115355	
LACC1	1	ENSG00000179630	
CDAN1	1	ENSG00000140326	
GOLGB1	1	ENSG00000173230	
IGFL4	1	ENSG00000204869	
CCDC88C	1	ENSG00000015133	
ITM2A	1	ENSG00000078596	
ITM2B	1	ENSG00000136156	
RAB40AL	1	ENSG00000102128	
ITM2C	1	ENSG00000135916	
BEX5	1	ENSG00000184515	
OLA1	1	ENSG00000138430	
CX3CL1	1	ENSG00000006210	
ANKRD9	1	ENSG00000156381	
C21orf58	1	ENSG00000160298	
EPM2AIP1	1	ENSG00000178567	
GLIPR1	1	ENSG00000139278	
GUK1	1	ENSG00000143774	
GLIPR2	1	ENSG00000122694	
TNFAIP8L1	1	ENSG00000185361	
ANKRD1	1	ENSG00000148677	
GNPNAT1	1	ENSG00000100522	
TNFAIP8L3	1	ENSG00000183578	
ANKRD2	1	ENSG00000165887	
ANKRD7	1	ENSG00000106013	
RSPRY1	1	ENSG00000159579	
STRBP	1	ENSG00000165209	
AVPR1A	1	ENSG00000166148	
IGFN1	1	ENSG00000163395	
MSS51	1	ENSG00000166343	
PALD1	1	ENSG00000107719	
RPUSD4	1	ENSG00000165526	
B3GNT9	1	ENSG00000237172	
B3GNT8	1	ENSG00000177191	
POC5	1	ENSG00000152359	
MDFIC	1	ENSG00000135272	
RPUSD1	1	ENSG00000007376	
RPUSD2	1	ENSG00000166133	
B3GNT5	1	ENSG00000176597	
RPUSD3	1	ENSG00000156990	
B3GNT4	1	ENSG00000176383	
FAM20B	1	ENSG00000116199	
B3GNT2	1	ENSG00000170340	
STRAP	1	ENSG00000023734	
FAM20C	1	ENSG00000177706	
FAM181B	1	ENSG00000182103	
ALDOC	1	ENSG00000109107	
FAM181A	1	ENSG00000140067	
FAM20A	1	ENSG00000108950	
ALDOA	1	ENSG00000149925	
MYCBP	1	ENSG00000214114	
SLC20A1	1	ENSG00000144136	
MCCD1	1	ENSG00000204511	
AKAP8	1	ENSG00000105127	
AKAP7	1	ENSG00000118507	
AKAP6	1	ENSG00000151320	
AKAP5	1	ENSG00000179841	
AKAP3	1	ENSG00000111254	
AKAP1	1	ENSG00000121057	
FAM184B	1	ENSG00000047662	
FAM184A	1	ENSG00000111879	
NCR3LG1	1	ENSG00000188211	
SHOC2	1	ENSG00000108061	
GNG5B	1	ENSG00000133136	
PCP4L1	1	ENSG00000248485	
PODN	1	ENSG00000174348	
FAH	1	ENSG00000103876	
LBX1	1	ENSG00000138136	
LBX2	1	ENSG00000179528	
FAP	1	ENSG00000078098	
DLC1	1	ENSG00000164741	
FAS	1	ENSG00000026103	
BMAL2	1	ENSG00000029153	
FAU	1	ENSG00000149806	
BMAL1	1	ENSG00000133794	
POGK	1	ENSG00000143157	
CIB2	1	ENSG00000136425	
CIB1	1	ENSG00000185043	
FBL	1	ENSG00000105202	
FAM186B	1	ENSG00000135436	
MEIOC	1	ENSG00000180336	
NUSAP1	1	ENSG00000137804	
SIRPA	1	ENSG00000198053	
TBCCD1	1	ENSG00000113838	
CFAP418	1	ENSG00000156172	
ANGEL2	1	ENSG00000174606	
PAM16	1	ENSG00000217930	
CFAP410	1	ENSG00000160226	
GLTPD2	1	ENSG00000182327	
TBL1XR1	1	ENSG00000177565	
ILVBL	1	ENSG00000105135	
RGS9BP	1	ENSG00000186326	
RPL7L1	1	ENSG00000146223	
FAM185A	1	ENSG00000222011	
EOGT	1	ENSG00000163378	
ELMO1	1	ENSG00000155849	
ELMO2	1	ENSG00000062598	
ELMO3	1	ENSG00000102890	
RELL1	1	ENSG00000181826	
RELL2	1	ENSG00000164620	
H6PD	1	ENSG00000049239	
NID1	1	ENSG00000116962	
NID2	1	ENSG00000087303	
SDCBP	1	ENSG00000137575	
ANTKMT	1	ENSG00000103254	
ZC3H18	1	ENSG00000158545	
ZC3H13	1	ENSG00000123200	
ZC3H14	1	ENSG00000100722	
HSPA9	1	ENSG00000113013	
HSPA8	1	ENSG00000109971	
TGFB2	1	ENSG00000092969	
TGFB1	1	ENSG00000105329	
LRRC75B	1	ENSG00000178026	
HSPA5	1	ENSG00000044574	
HSPA4	1	ENSG00000170606	
LRRC75A	1	ENSG00000181350	
TGFB3	1	ENSG00000119699	
HSPA6	1	ENSG00000173110	
BFAR	1	ENSG00000103429	
HSPA2	1	ENSG00000126803	
NFKBIA	1	ENSG00000100906	
DLG1	1	ENSG00000075711	
FER	1	ENSG00000151422	
DLG2	1	ENSG00000150672	
DLG3	1	ENSG00000082458	
FES	1	ENSG00000182511	
DLG5	1	ENSG00000151208	
TGFBI	1	ENSG00000120708	
CLASRP	1	ENSG00000104859	
NFKBIE	1	ENSG00000146232	
PALS2	1	ENSG00000105926	
GRSF1	1	ENSG00000132463	
NFKBIB	1	ENSG00000104825	
PALS1	1	ENSG00000072415	
HSPB6	1	ENSG00000004776	
HSPB8	1	ENSG00000152137	
HSPB7	1	ENSG00000173641	
LRRC74B	1	ENSG00000187905	
HSPB3	1	ENSG00000169271	
DHTKD1	1	ENSG00000181192	
POLB	1	ENSG00000070501	
ALDH2	1	ENSG00000111275	
ZC3H7A	1	ENSG00000122299	
ZC3H7B	1	ENSG00000100403	
NFKBIZ	1	ENSG00000144802	
POLI	1	ENSG00000101751	
POLL	1	ENSG00000166169	
POLK	1	ENSG00000122008	
GUSB	1	ENSG00000169919	
POLE	1	ENSG00000177084	
POLH	1	ENSG00000170734	
POLG	1	ENSG00000140521	
CENATAC	1	ENSG00000186166	
CTPS2	1	ENSG00000047230	
RNF208	1	ENSG00000212864	
CTPS1	1	ENSG00000171793	
FGR	1	ENSG00000000938	
PALLD	1	ENSG00000129116	
RNF207	1	ENSG00000158286	
CHMP3	1	ENSG00000115561	
ECT2L	1	ENSG00000203734	
CHMP6	1	ENSG00000176108	
CHMP7	1	ENSG00000147457	
CHMP5	1	ENSG00000086065	
PON3	1	ENSG00000105852	
RGS17	1	ENSG00000091844	
RGS19	1	ENSG00000171700	
RGS14	1	ENSG00000169220	
PON2	1	ENSG00000105854	
RGS16	1	ENSG00000143333	
PALM3	1	ENSG00000187867	
POMP	1	ENSG00000132963	
LCAT	1	ENSG00000213398	
DLL1	1	ENSG00000198719	
STRN4	1	ENSG00000090372	
HSPD1	1	ENSG00000144381	
STRN3	1	ENSG00000196792	
DLL3	1	ENSG00000090932	
DLL4	1	ENSG00000128917	
ACAN	1	ENSG00000157766	
IGFBPL1	1	ENSG00000137142	
PALMD	1	ENSG00000099260	
NRIP2	1	ENSG00000053702	
NRIP1	1	ENSG00000180530	
RGS20	1	ENSG00000147509	
NRIP3	1	ENSG00000175352	
RGS22	1	ENSG00000132554	
CLASP1	1	ENSG00000074054	
PTCD3	1	ENSG00000132300	
POLQ	1	ENSG00000051341	
PTCD1	1	ENSG00000106246	
PTCD2	1	ENSG00000049883	
POLN	1	ENSG00000130997	
NIFK	1	ENSG00000155438	
POLM	1	ENSG00000122678	
LCA5	1	ENSG00000135338	
TSPEAR	1	ENSG00000175894	
MEIS3	1	ENSG00000105419	
HSPE1	1	ENSG00000115541	
MEIS2	1	ENSG00000134138	
DLK1	1	ENSG00000185559	
DLK2	1	ENSG00000171462	
POMC	1	ENSG00000115138	
MEIS1	1	ENSG00000143995	
PMP22	1	ENSG00000109099	
RGS10	1	ENSG00000148908	
POMK	1	ENSG00000185900	
RGS12	1	ENSG00000159788	
RGS11	1	ENSG00000076344	
POP5	1	ENSG00000167272	
POP7	1	ENSG00000172336	
POP1	1	ENSG00000104356	
POP4	1	ENSG00000105171	
ACCS	1	ENSG00000110455	
NOC2L	1	ENSG00000188976	
FRS2	1	ENSG00000166225	
LDOC1	1	ENSG00000182195	
FRS3	1	ENSG00000137218	
ACE2	1	ENSG00000130234	
RABL3	1	ENSG00000144840	
RABL6	1	ENSG00000196642	
FLG	1	ENSG00000143631	
CDCA2	1	ENSG00000184661	
CDCA3	1	ENSG00000111665	
CDCA4	1	ENSG00000170779	
CDCA5	1	ENSG00000146670	
CDCA7	1	ENSG00000144354	
CDCA8	1	ENSG00000134690	
FUCA1	1	ENSG00000179163	
FUCA2	1	ENSG00000001036	
XNDC1N	1	ENSG00000254469	
FN1	1	ENSG00000115414	
TPBGL	1	ENSG00000261594	
B4GAT1	1	ENSG00000174684	
CILP	1	ENSG00000138615	
ACHE	1	ENSG00000087085	
MTMR10	1	ENSG00000166912	
MTMR12	1	ENSG00000150712	
MTMR11	1	ENSG00000014914	
MTMR14	1	ENSG00000163719	
CFAP97D1	1	ENSG00000231256	
CFAP97D2	1	ENSG00000283361	
PCMTD2	1	ENSG00000203880	
PANX1	1	ENSG00000110218	
PANX2	1	ENSG00000073150	
CHAF1B	1	ENSG00000159259	
CHAF1A	1	ENSG00000167670	
NINL	1	ENSG00000101004	
PCMTD1	1	ENSG00000168300	
SPHK2	1	ENSG00000063176	
SPHK1	1	ENSG00000176170	
SETSIP	1	ENSG00000230667	
SLC7A6	1	ENSG00000103064	
SLC7A7	1	ENSG00000155465	
SLC7A8	1	ENSG00000092068	
SLC7A9	1	ENSG00000021488	
CINP	1	ENSG00000100865	
POT1	1	ENSG00000128513	
ACSBG1	1	ENSG00000103740	
NUP62CL	1	ENSG00000198088	
CACUL1	1	ENSG00000151893	
ELOF1	1	ENSG00000130165	
NIP7	1	ENSG00000132603	
CIPC	1	ENSG00000198894	
DLST	1	ENSG00000119689	
NOC4L	1	ENSG00000184967	
SLC7A1	1	ENSG00000139514	
SLC7A2	1	ENSG00000003989	
SLC7A3	1	ENSG00000165349	
FRZB	1	ENSG00000162998	
MFN1	1	ENSG00000171109	
MFN2	1	ENSG00000116688	
P4HTM	1	ENSG00000178467	
GOLM2	1	ENSG00000166734	
GOLM1	1	ENSG00000135052	
TRAPPC10	1	ENSG00000160218	
NOC3L	1	ENSG00000173145	
RABIF	1	ENSG00000183155	
YPEL1	1	ENSG00000100027	
CRLF3	1	ENSG00000176390	
YPEL4	1	ENSG00000166793	
FRYL	1	ENSG00000075539	
MIXL1	1	ENSG00000185155	
YPEL3	1	ENSG00000090238	
CRLF1	1	ENSG00000006016	
FRK	1	ENSG00000111816	
YPEL2	1	ENSG00000175155	
HYCC1	1	ENSG00000122591	
HYCC2	1	ENSG00000155744	
SLC27A1	1	ENSG00000130304	
ARHGAP11A-SCG5	1	ENSG00000288864	
PLOD3	1	ENSG00000106397	
HIKESHI	1	ENSG00000149196	
PLOD2	1	ENSG00000152952	
PLOD1	1	ENSG00000083444	
FRY	1	ENSG00000073910	
GARIN2	1	ENSG00000172717	
CIR1	1	ENSG00000138433	
SYBU	1	ENSG00000147642	
BNIP3L	1	ENSG00000104765	
CISH	1	ENSG00000114737	
FST	1	ENSG00000134363	
ATXN2L	1	ENSG00000168488	
ACLY	1	ENSG00000131473	
MFNG	1	ENSG00000100060	
SLC27A6	1	ENSG00000113396	
IL6ST	1	ENSG00000134352	
SLC27A3	1	ENSG00000143554	
SLC27A2	1	ENSG00000140284	
SLC27A5	1	ENSG00000083807	
SLC27A4	1	ENSG00000167114	
COL17A1	1	ENSG00000065618	
CHODL	1	ENSG00000154645	
DLX1	1	ENSG00000144355	
DLX2	1	ENSG00000115844	
DLX3	1	ENSG00000064195	
DLX4	1	ENSG00000108813	
DLX5	1	ENSG00000105880	
DLX6	1	ENSG00000006377	
CORO1A	1	ENSG00000102879	
CORO1B	1	ENSG00000172725	
HSP90B1	1	ENSG00000166598	
CORO1C	1	ENSG00000110880	
IGSF22	1	ENSG00000179057	
IGSF21	1	ENSG00000117154	
SLC14A1	1	ENSG00000141469	
SLC14A2	1	ENSG00000132874	
FUZ	1	ENSG00000010361	
CORO2A	1	ENSG00000106789	
CORO2B	1	ENSG00000103647	
NDC80	1	ENSG00000080986	
IGSF11	1	ENSG00000144847	
IGSF10	1	ENSG00000152580	
DMXL1	1	ENSG00000172869	
DMXL2	1	ENSG00000104093	
LCN2	1	ENSG00000148346	
LCN1	1	ENSG00000160349	
ACO1	1	ENSG00000122729	
ACO2	1	ENSG00000100412	
NIT1	1	ENSG00000158793	
NIT2	1	ENSG00000114021	
MCFD2	1	ENSG00000180398	
RLBP1	1	ENSG00000140522	
ACP6	1	ENSG00000162836	
ACP7	1	ENSG00000183760	
ACP5	1	ENSG00000102575	
ACP2	1	ENSG00000134575	
ACP3	1	ENSG00000014257	
ACP1	1	ENSG00000143727	
EIF5A	1	ENSG00000132507	
COMMD10	1	ENSG00000145781	
SYF2	1	ENSG00000117614	
LCOR	1	ENSG00000196233	
LCP2	1	ENSG00000043462	
LCP1	1	ENSG00000136167	
FXN	1	ENSG00000165060	
YJU2B	1	ENSG00000104957	
MGRN1	1	ENSG00000102858	
SLC5A12	1	ENSG00000148942	
RCHY1	1	ENSG00000163743	
EHBP1	1	ENSG00000115504	
CDC42	1	ENSG00000070831	
CDC45	1	ENSG00000093009	
ATXN1L	1	ENSG00000224470	
EIF4H	1	ENSG00000106682	
FYN	1	ENSG00000010810	
FSD2	1	ENSG00000186628	
FSD1	1	ENSG00000105255	
EIF4E	1	ENSG00000151247	
EIF4B	1	ENSG00000063046	
NTRK1	1	ENSG00000198400	
GADD45GIP1	1	ENSG00000179271	
NTRK2	1	ENSG00000148053	
CIZ1	1	ENSG00000148337	
NTRK3	1	ENSG00000140538	
CDC5L	1	ENSG00000096401	
TTC39A	1	ENSG00000085831	
TTC39B	1	ENSG00000155158	
EIF3M	1	ENSG00000149100	
MCM3AP	1	ENSG00000160294	
EIF3K	1	ENSG00000178982	
EIF3L	1	ENSG00000100129	
EIF3I	1	ENSG00000084623	
EIF3J	1	ENSG00000104131	
EIF3G	1	ENSG00000130811	
EIF3H	1	ENSG00000147677	
EIF3E	1	ENSG00000104408	
STUB1	1	ENSG00000103266	
FSBP	1	ENSG00000265817	
EIF3F	1	ENSG00000175390	
EIF3C	1	ENSG00000184110	
EIF3D	1	ENSG00000100353	
EIF3B	1	ENSG00000106263	
PPAN	1	ENSG00000130810	
LCTL	1	ENSG00000188501	
ACTB	1	ENSG00000075624	
CDC20	1	ENSG00000117399	
HYKK	1	ENSG00000188266	
CDC23	1	ENSG00000094880	
CDC26	1	ENSG00000176386	
PPAT	1	ENSG00000128059	
CDC27	1	ENSG00000004897	
PIEZO2	1	ENSG00000154864	
PIEZO1	1	ENSG00000103335	
EPC1	1	ENSG00000120616	
EIF2D	1	ENSG00000143486	
ATP6V1E1	1	ENSG00000131100	
ATP6V1E2	1	ENSG00000250565	
EIF2A	1	ENSG00000144895	
ATP6V1G1	1	ENSG00000136888	
ATP6V1G2	1	ENSG00000213760	
CIRBP	1	ENSG00000099622	
ISLR2	1	ENSG00000167178	
CSNK1D	1	ENSG00000141551	
CSNK1E	1	ENSG00000213923	
CDC40	1	ENSG00000168438	
CDC34	1	ENSG00000099804	
PPA2	1	ENSG00000138777	
PPA1	1	ENSG00000180817	
CSNK2B	1	ENSG00000204435	
TRIB1	1	ENSG00000173334	
TRIB2	1	ENSG00000071575	
EIF1B	1	ENSG00000114784	
ZNF324B	1	ENSG00000249471	
OMA1	1	ENSG00000162600	
KALRN	1	ENSG00000160145	
CDKN2AIP	1	ENSG00000168564	
PPCS	1	ENSG00000127125	
XRRA1	1	ENSG00000166435	
ATP6V1C1	1	ENSG00000155097	
ATP6V1C2	1	ENSG00000143882	
SMIM10L2B	1	ENSG00000196972	
SMIM10L2A	1	ENSG00000178947	
RAB27A	1	ENSG00000069974	
IFFO2	1	ENSG00000169991	
RAB27B	1	ENSG00000041353	
IFFO1	1	ENSG00000010295	
CDC16	1	ENSG00000130177	
IGSF9B	1	ENSG00000080854	
CIBAR1	1	ENSG00000188343	
SLC2A4RG	1	ENSG00000125520	
SYNM	1	ENSG00000182253	
ACY3	1	ENSG00000132744	
ACY1	1	ENSG00000243989	
RAB22A	1	ENSG00000124209	
CRTAC1	1	ENSG00000095713	
ERMARD	1	ENSG00000130023	
EPG5	1	ENSG00000152223	
ZNF587B	1	ENSG00000269343	
PBRM1	1	ENSG00000163939	
SYN2	1	ENSG00000157152	
SYN1	1	ENSG00000008056	
GAK	1	ENSG00000178950	
GAL	1	ENSG00000069482	
DMC1	1	ENSG00000100206	
NPY4R2	1	ENSG00000264717	
TBCEL-TECTA	1	ENSG00000285509	
SYNC	1	ENSG00000162520	
FAM177A1	1	ENSG00000151327	
ZNF585B	1	ENSG00000245680	
ZNF585A	1	ENSG00000196967	
GCA	1	ENSG00000115271	
GCG	1	ENSG00000115263	
GCK	1	ENSG00000106633	
EPGN	1	ENSG00000182585	
CFHR1	1	ENSG00000244414	
SRP19	1	ENSG00000153037	
SYS1	1	ENSG00000204070	
PCDH11Y	1	ENSG00000099715	
GDA	1	ENSG00000119125	
RPP30	1	ENSG00000148688	
PCDH11X	1	ENSG00000102290	
WASHC2C	1	ENSG00000172661	
SRP14	1	ENSG00000140319	
WASHC2A	1	ENSG00000099290	
BORCS8	1	ENSG00000254901	
BORCS7	1	ENSG00000166275	
RPP38	1	ENSG00000152464	
BORCS6	1	ENSG00000196544	
BORCS5	1	ENSG00000165714	
SLX4IP	1	ENSG00000149346	
GEM	1	ENSG00000164949	
SPOCD1	1	ENSG00000134668	
SCNN1G	1	ENSG00000166828	
SCNN1D	1	ENSG00000162572	
SCNN1B	1	ENSG00000168447	
SCNN1A	1	ENSG00000111319	
PPIF	1	ENSG00000108179	
HHIPL2	1	ENSG00000143512	
RPP21	1	ENSG00000241370	
ANKS6	1	ENSG00000165138	
PPIE	1	ENSG00000084072	
FETUB	1	ENSG00000090512	
HHIPL1	1	ENSG00000182218	
PPIH	1	ENSG00000171960	
PPIG	1	ENSG00000138398	
RPP25	1	ENSG00000178718	
PPIA	1	ENSG00000196262	
PPID	1	ENSG00000171497	
PPIC	1	ENSG00000168938	
HIGD1A	1	ENSG00000181061	
NCKIPSD	1	ENSG00000213672	
SYCE3	1	ENSG00000217442	
SYCE2	1	ENSG00000161860	
SYT5	1	ENSG00000129990	
SYT4	1	ENSG00000132872	
SYT3	1	ENSG00000213023	
MGAM	1	ENSG00000257335	
SYT2	1	ENSG00000143858	
SYT1	1	ENSG00000067715	
RPP40	1	ENSG00000124787	
GGH	1	ENSG00000137563	
ADA2	1	ENSG00000093072	
SYT9	1	ENSG00000170743	
SYT8	1	ENSG00000149043	
MANBAL	1	ENSG00000101363	
SYT7	1	ENSG00000011347	
SYT6	1	ENSG00000134207	
GGN	1	ENSG00000179168	
HIGD2A	1	ENSG00000146066	
MELTF	1	ENSG00000163975	
CUEDC2	1	ENSG00000107874	
LDB1	1	ENSG00000198728	
MS4A8	1	ENSG00000166959	
NGLY1	1	ENSG00000151092	
MS4A7	1	ENSG00000166927	
LDB3	1	ENSG00000122367	
LDB2	1	ENSG00000169744	
DMKN	1	ENSG00000161249	
GHR	1	ENSG00000112964	
TGIF1	1	ENSG00000177426	
TGIF2	1	ENSG00000118707	
SPIDR	1	ENSG00000164808	
EPN1	1	ENSG00000063245	
EPN2	1	ENSG00000072134	
EPN3	1	ENSG00000049283	
LDAH	1	ENSG00000118961	
CUEDC1	1	ENSG00000180891	
ATP6V1B1	1	ENSG00000116039	
AGPAT5	1	ENSG00000155189	
REP15	1	ENSG00000174236	
ANKS3	1	ENSG00000168096	
PPOX	1	ENSG00000143224	
ADD3	1	ENSG00000148700	
AGPAT1	1	ENSG00000204310	
AGPAT3	1	ENSG00000160216	
ADD1	1	ENSG00000087274	
ADD2	1	ENSG00000075340	
AGPAT4	1	ENSG00000026652	
GK5	1	ENSG00000175066	
WDCP	1	ENSG00000163026	
SPOCK2	1	ENSG00000107742	
SPOCK3	1	ENSG00000196104	
ENTR1	1	ENSG00000165689	
RPP14	1	ENSG00000163684	
ATF7IP	1	ENSG00000171681	
FAHD1	1	ENSG00000180185	
KICS2	1	ENSG00000174206	
SSRP1	1	ENSG00000149136	
EPOP	1	ENSG00000273604	
EPOR	1	ENSG00000187266	
ACKR4	1	ENSG00000129048	
ACKR3	1	ENSG00000144476	
ACKR2	1	ENSG00000144648	
ANKLE2	1	ENSG00000176915	
ANKLE1	1	ENSG00000160117	
ARPC5L	1	ENSG00000136950	
DMP1	1	ENSG00000152592	
ANKRD20A1	1	ENSG00000260691	
GLS	1	ENSG00000115419	
EPS8	1	ENSG00000151491	
CSPP1	1	ENSG00000104218	
AP1S2	1	ENSG00000182287	
AP1S1	1	ENSG00000106367	
AP1S3	1	ENSG00000152056	
ADPRH	1	ENSG00000144843	
ADPRS	1	ENSG00000116863	
ADPRM	1	ENSG00000170222	
GNE	1	ENSG00000159921	
ANAPC13	1	ENSG00000129055	
SEH1L	1	ENSG00000085415	
ANAPC15	1	ENSG00000110200	
ANAPC16	1	ENSG00000166295	
C10orf62	1	ENSG00000203942	
GNS	1	ENSG00000135677	
ANAPC10	1	ENSG00000164162	
ADH5	1	ENSG00000197894	
ANAPC11	1	ENSG00000141552	
LDHC	1	ENSG00000166796	
LDHB	1	ENSG00000111716	
ADH4	1	ENSG00000198099	
LDHA	1	ENSG00000134333	
LDHD	1	ENSG00000166816	
DMPK	1	ENSG00000104936	
GRTP1	1	ENSG00000139835	
SNAI3	1	ENSG00000185669	
RMDN3	1	ENSG00000137824	
RMDN2	1	ENSG00000115841	
RMDN1	1	ENSG00000176623	
GP6	1	ENSG00000088053	
GP5	1	ENSG00000178732	
FOSL2	1	ENSG00000075426	
FOSL1	1	ENSG00000175592	
ADI1	1	ENSG00000182551	
TOLLIP	1	ENSG00000078902	
PPT1	1	ENSG00000131238	
SNAI1	1	ENSG00000124216	
SNAI2	1	ENSG00000019549	
PPT2	1	ENSG00000221988	
GPI	1	ENSG00000105220	
GMEB1	1	ENSG00000162419	
GMEB2	1	ENSG00000101216	
YJEFN3	1	ENSG00000250067	
ARPC1B	1	ENSG00000130429	
ARPC1A	1	ENSG00000241685	
GPT	1	ENSG00000167701	
TIMP2	1	ENSG00000035862	
TIMP3	1	ENSG00000100234	
TIMP1	1	ENSG00000102265	
TEAD1	1	ENSG00000187079	
TEAD2	1	ENSG00000074219	
TIMP4	1	ENSG00000157150	
TEAD3	1	ENSG00000007866	
TEAD4	1	ENSG00000197905	
SHPRH	1	ENSG00000146414	
NUTF2	1	ENSG00000102898	
GCHFR	1	ENSG00000137880	
TMSB15A	1	ENSG00000158164	
TMSB15B	1	ENSG00000158427	
TMSB15C	1	ENSG00000269226	
C10orf67	1	ENSG00000179133	
CACTIN	1	ENSG00000105298	
MGLL	1	ENSG00000074416	
SGMS1	1	ENSG00000198964	
GRP	1	ENSG00000134443	
TIMM9	1	ENSG00000100575	
SGMS2	1	ENSG00000164023	
APOLD1	1	ENSG00000178878	
SCAF8	1	ENSG00000213079	
GPNMB	1	ENSG00000136235	
GSC	1	ENSG00000133937	
TP53TG5	1	ENSG00000124251	
ATP5MF-PTCD1	1	ENSG00000248919	
C10orf90	1	ENSG00000154493	
GSN	1	ENSG00000148180	
DMTN	1	ENSG00000158856	
MGMT	1	ENSG00000170430	
GSS	1	ENSG00000100983	
GSR	1	ENSG00000104687	
C10orf95	1	ENSG00000120055	
SCAF1	1	ENSG00000126461	
SLC8B1	1	ENSG00000089060	
SCAF4	1	ENSG00000156304	
SLC8A3	1	ENSG00000100678	
ADM5	1	ENSG00000224420	
ADM2	1	ENSG00000128165	
C10orf88	1	ENSG00000119965	
ANKRD13C	1	ENSG00000118454	
RAB3B	1	ENSG00000169213	
ANKRD13B	1	ENSG00000198720	
RAB3C	1	ENSG00000152932	
ANKRD13D	1	ENSG00000172932	
RAB3A	1	ENSG00000105649	
RAB3D	1	ENSG00000105514	
SYAP1	1	ENSG00000169895	
IL5RA	1	ENSG00000091181	
RPL10A	1	ENSG00000198755	
SLC8A1	1	ENSG00000183023	
SLC8A2	1	ENSG00000118160	
RAB43	1	ENSG00000172780	
RAB44	1	ENSG00000255587	
RAB42	1	ENSG00000188060	
SLC39A9	1	ENSG00000029364	
SLC39A6	1	ENSG00000141424	
SLC39A5	1	ENSG00000139540	
SLC39A8	1	ENSG00000138821	
SLC39A7	1	ENSG00000112473	
SLC39A1	1	ENSG00000143570	
ANKRD13A	1	ENSG00000076513	
SLC39A4	1	ENSG00000147804	
SLC39A3	1	ENSG00000141873	
RAB2A	1	ENSG00000104388	
RAB2B	1	ENSG00000129472	
MIX23	1	ENSG00000160124	
TTC21A	1	ENSG00000168026	
MINDY4B	1	ENSG00000214237	
RAB32	1	ENSG00000118508	
LBHD1	1	ENSG00000162194	
RAB30	1	ENSG00000137502	
RAB31	1	ENSG00000168461	
RAB36	1	ENSG00000100228	
RAB37	1	ENSG00000172794	
RAB34	1	ENSG00000109113	
DMWD	1	ENSG00000185800	
RAB35	1	ENSG00000111737	
AAGAB	1	ENSG00000103591	
RAB38	1	ENSG00000123892	
ADNP	1	ENSG00000101126	
BRSK1	1	ENSG00000160469	
BRSK2	1	ENSG00000174672	
RAB5B	1	ENSG00000111540	
SLC26A2	1	ENSG00000155850	
RAB5C	1	ENSG00000108774	
SLC26A1	1	ENSG00000145217	
HSPBP1	1	ENSG00000133265	
TTC21B	1	ENSG00000123607	
SRGAP3	1	ENSG00000196220	
RAB6A	1	ENSG00000175582	
SRGAP2	1	ENSG00000266028	
RAB6B	1	ENSG00000154917	
SRGAP1	1	ENSG00000196935	
AP1M1	1	ENSG00000072958	
RAB4A	1	ENSG00000168118	
RAB4B	1	ENSG00000167578	
YJU2	1	ENSG00000105248	
SLC7A6OS	1	ENSG00000103061	
P4HA1	1	ENSG00000122884	
P4HA2	1	ENSG00000072682	
P4HA3	1	ENSG00000149380	
CSPG5	1	ENSG00000114646	
SLC26A7	1	ENSG00000147606	
CSPG4	1	ENSG00000173546	
SLC26A9	1	ENSG00000174502	
SLC26A4	1	ENSG00000091137	
RAB5A	1	ENSG00000144566	
SLC26A6	1	ENSG00000225697	
WDR1	1	ENSG00000071127	
ADPGK	1	ENSG00000159322	
WDR3	1	ENSG00000065183	
WDR4	1	ENSG00000160193	
FTCD	1	ENSG00000160282	
H1-10	1	ENSG00000184897	
AP1G2	1	ENSG00000213983	
AP1G1	1	ENSG00000166747	
WDR5	1	ENSG00000196363	
WDR6	1	ENSG00000178252	
WDR7	1	ENSG00000091157	
TTC23L	1	ENSG00000205838	
CIMAP3	1	ENSG00000173947	
SLC13A2	1	ENSG00000007216	
SLC13A3	1	ENSG00000158296	
ADSL	1	ENSG00000239900	
CHPF2	1	ENSG00000033100	
RPL13A	1	ENSG00000142541	
TFDP1	1	ENSG00000198176	
TFDP2	1	ENSG00000114126	
RAB1A	1	ENSG00000138069	
RAB1B	1	ENSG00000174903	
FBXL22	1	ENSG00000197361	
FBXL20	1	ENSG00000108306	
RAB21	1	ENSG00000080371	
RAB20	1	ENSG00000139832	
MSTO1	1	ENSG00000125459	
RAB26	1	ENSG00000167964	
RAB23	1	ENSG00000112210	
RAB24	1	ENSG00000169228	
RAB29	1	ENSG00000117280	
RAB28	1	ENSG00000157869	
SLC13A5	1	ENSG00000141485	
RNGTT	1	ENSG00000111880	
FBXL19	1	ENSG00000099364	
FBXL17	1	ENSG00000145743	
FBXL15	1	ENSG00000107872	
FBXL13	1	ENSG00000161040	
FBXL14	1	ENSG00000171823	
FBXL12	1	ENSG00000127452	
TNRC6C	1	ENSG00000078687	
RAB10	1	ENSG00000084733	
VAPA	1	ENSG00000101558	
RAB14	1	ENSG00000119396	
RAB15	1	ENSG00000139998	
VAPB	1	ENSG00000124164	
PSAT1	1	ENSG00000135069	
RAB12	1	ENSG00000206418	
RAB13	1	ENSG00000143545	
RAB17	1	ENSG00000124839	
TNRC6A	1	ENSG00000090905	
PANK4	1	ENSG00000157881	
PANK2	1	ENSG00000125779	
PANK3	1	ENSG00000120137	
TRAF3IP2	1	ENSG00000056972	
TRAF3IP1	1	ENSG00000204104	
CALML6	1	ENSG00000169885	
CISD1	1	ENSG00000122873	
CISD2	1	ENSG00000145354	
PPP2R2A	1	ENSG00000221914	
CALML4	1	ENSG00000129007	
CISD3	1	ENSG00000277972	
TP53AIP1	1	ENSG00000120471	
PPP2R1B	1	ENSG00000137713	
KAT5	1	ENSG00000172977	
RPL18A	1	ENSG00000105640	
PPP2R1A	1	ENSG00000105568	
FTH1	1	ENSG00000167996	
LONP1	1	ENSG00000196365	
KAT8	1	ENSG00000103510	
LONP2	1	ENSG00000102910	
SEPHS1	1	ENSG00000086475	
SEPHS2	1	ENSG00000179918	
ICOSLG	1	ENSG00000160223	
ATP6V0E1	1	ENSG00000113732	
TINF2	1	ENSG00000092330	
AP1B1	1	ENSG00000100280	
AP1AR	1	ENSG00000138660	
ESCO2	1	ENSG00000171320	
GPR37L1	1	ENSG00000170075	
MAPK8IP2	1	ENSG00000008735	
MAPK8IP3	1	ENSG00000138834	
MAPK8IP1	1	ENSG00000121653	
ATP6V0D1	1	ENSG00000159720	
ATP6V0D2	1	ENSG00000147614	
TWIST1	1	ENSG00000122691	
MYL12A	1	ENSG00000101608	
MYL12B	1	ENSG00000118680	
DND1	1	ENSG00000256453	
ATP6V0A2	1	ENSG00000185344	
ATP6V0A4	1	ENSG00000105929	
TNRC18	1	ENSG00000182095	
ATP6V0A1	1	ENSG00000033627	
VAT1	1	ENSG00000108828	
VASP	1	ENSG00000125753	
TINCR	1	ENSG00000223573	
VASN	1	ENSG00000168140	
HAL	1	ENSG00000084110	
FUBP3	1	ENSG00000107164	
FUBP1	1	ENSG00000162613	
PANO1	1	ENSG00000288675	
COL18A1	1	ENSG00000182871	
ZFAND2B	1	ENSG00000158552	
NKAP	1	ENSG00000101882	
DNER	1	ENSG00000187957	
RALGPS1	1	ENSG00000136828	
RAB8A	1	ENSG00000167461	
GABPA	1	ENSG00000154727	
RALGPS2	1	ENSG00000116191	
RAB8B	1	ENSG00000166128	
VAV3	1	ENSG00000134215	
RAB6C	1	ENSG00000222014	
RAB6D	1	ENSG00000233087	
GPBAR1	1	ENSG00000179921	
GFRA1	1	ENSG00000151892	
RENBP	1	ENSG00000102032	
GFRA2	1	ENSG00000168546	
VAV2	1	ENSG00000160293	
HCK	1	ENSG00000101336	
CDCP1	1	ENSG00000163814	
CNEP1R1	1	ENSG00000205423	
RAB7B	1	ENSG00000276600	
RAB7A	1	ENSG00000075785	
HDC	1	ENSG00000140287	
ZNF2	1	ENSG00000275111	
ZNF8	1	ENSG00000278129	
NKD1	1	ENSG00000140807	
ZNF7	1	ENSG00000147789	
NKD2	1	ENSG00000145506	
PSMC3IP	1	ENSG00000131470	
DUOX1	1	ENSG00000137857	
UBTD2	1	ENSG00000168246	
UBTD1	1	ENSG00000165886	
SPTSSB	1	ENSG00000196542	
SPTSSA	1	ENSG00000165389	
ATP6V0E2	1	ENSG00000171130	
GABRE	1	ENSG00000102287	
KANSL1L	1	ENSG00000144445	
HDX	1	ENSG00000165259	
GABRD	1	ENSG00000187730	
SH3BGR	1	ENSG00000185437	
DUOX2	1	ENSG00000140279	
GABRQ	1	ENSG00000268089	
GABRP	1	ENSG00000094755	
ATP5PF	1	ENSG00000154723	
ATP5PD	1	ENSG00000167863	
ATP5PB	1	ENSG00000116459	
PLAC8L1	1	ENSG00000173261	
VAX1	1	ENSG00000148704	
VAX2	1	ENSG00000116035	
RAB11A	1	ENSG00000103769	
RAB11B	1	ENSG00000185236	
CAPZA1	1	ENSG00000116489	
ATP5PO	1	ENSG00000241837	
RAB9A	1	ENSG00000123595	
RAB9B	1	ENSG00000123570	
ITPRIP	1	ENSG00000148841	
FAIM2	1	ENSG00000135472	
TRAPPC12	1	ENSG00000171853	
TRAPPC11	1	ENSG00000168538	
TRAPPC14	1	ENSG00000146826	
NANOS1	1	ENSG00000188613	
NANOS2	1	ENSG00000188425	
SZT2	1	ENSG00000198198	
TRAPPC2L	1	ENSG00000167515	
HGD	1	ENSG00000113924	
HGF	1	ENSG00000019991	
NANOS3	1	ENSG00000187556	
ALG14	1	ENSG00000172339	
KAZN	1	ENSG00000189337	
ALG13	1	ENSG00000101901	
TRAPPC2B	1	ENSG00000256060	
ALG12	1	ENSG00000182858	
SPDYE18	1	ENSG00000205482	
ALG11	1	ENSG00000253710	
ALG10	1	ENSG00000139133	
HGS	1	ENSG00000185359	
FBLN7	1	ENSG00000144152	
TRAPPC3L	1	ENSG00000173626	
SPDYE21	1	ENSG00000230358	
FBLN1	1	ENSG00000077942	
FBLN2	1	ENSG00000163520	
TRHDE	1	ENSG00000072657	
FBLN5	1	ENSG00000140092	
SCUBE2	1	ENSG00000175356	
SCUBE3	1	ENSG00000146197	
SCUBE1	1	ENSG00000159307	
UAP1L1	1	ENSG00000197355	
ATP5MK	1	ENSG00000173915	
RPRD1B	1	ENSG00000101413	
ATP5MJ	1	ENSG00000156411	
RPRD1A	1	ENSG00000141425	
ATP5MG	1	ENSG00000167283	
ATP5MF	1	ENSG00000241468	
ATP5ME	1	ENSG00000169020	
RHBDD3	1	ENSG00000100263	
RHBDD2	1	ENSG00000005486	
RHBDD1	1	ENSG00000144468	
CRLS1	1	ENSG00000088766	
SEPSECS	1	ENSG00000109618	
SOWAHB	1	ENSG00000186212	
SOWAHC	1	ENSG00000198142	
SOWAHD	1	ENSG00000187808	
HAPLN3	1	ENSG00000140511	
FBLL1	1	ENSG00000188573	
HAPLN1	1	ENSG00000145681	
HK2	1	ENSG00000159399	
HK1	1	ENSG00000156515	
HAPLN2	1	ENSG00000132702	
HK3	1	ENSG00000160883	
PPP2R5E	1	ENSG00000154001	
MCF2L	1	ENSG00000126217	
RHBDF1	1	ENSG00000007384	
MYEOV	1	ENSG00000172927	
RHBDF2	1	ENSG00000129667	
AXIN1	1	ENSG00000103126	
PPP2R5B	1	ENSG00000068971	
PPP2R5A	1	ENSG00000066027	
PPP2R5D	1	ENSG00000112640	
PPP2R5C	1	ENSG00000078304	
AXIN2	1	ENSG00000168646	
DNM1	1	ENSG00000106976	
DNM2	1	ENSG00000079805	
DNM3	1	ENSG00000197959	
TRAPPC6A	1	ENSG00000007255	
TRAPPC6B	1	ENSG00000182400	
DNLZ	1	ENSG00000213221	
SOWAHA	1	ENSG00000198944	
STOML3	1	ENSG00000133115	
STOML2	1	ENSG00000165283	
STOML1	1	ENSG00000067221	
HLF	1	ENSG00000108924	
ABRAXAS1	1	ENSG00000163322	
LEF1	1	ENSG00000138795	
ETFDH	1	ENSG00000171503	
ABRAXAS2	1	ENSG00000165660	
RNF113A	1	ENSG00000125352	
HLX	1	ENSG00000136630	
PPP2R3C	1	ENSG00000092020	
LEPROTL1	1	ENSG00000104660	
PPP2R3A	1	ENSG00000073711	
WEE1	1	ENSG00000166483	
WEE2	1	ENSG00000214102	
PPP2R2C	1	ENSG00000074211	
PPP2R2B	1	ENSG00000156475	
PPP2R2D	1	ENSG00000175470	
CKLF	1	ENSG00000217555	
CYBC1	1	ENSG00000178927	
PGAP1	1	ENSG00000197121	
PGAP2	1	ENSG00000148985	
PGAP3	1	ENSG00000161395	
PGAP4	1	ENSG00000165152	
PGAP6	1	ENSG00000129925	
CCBE1	1	ENSG00000183287	
MRTFB	1	ENSG00000186260	
MRTFA	1	ENSG00000196588	
PDZK1	1	ENSG00000174827	
HDHD5	1	ENSG00000069998	
HDHD2	1	ENSG00000167220	
HDHD3	1	ENSG00000119431	
CNBD2	1	ENSG00000149646	
ETHE1	1	ENSG00000105755	
SPARCL1	1	ENSG00000152583	
UQCRC2	1	ENSG00000140740	
HPD	1	ENSG00000158104	
NYAP1	1	ENSG00000166924	
HPN	1	ENSG00000105707	
NCAPG	1	ENSG00000109805	
FIGNL2	1	ENSG00000261308	
HPR	1	ENSG00000261701	
NYAP2	1	ENSG00000144460	
SLC30A10	1	ENSG00000196660	
GIGYF2	1	ENSG00000204120	
NCAPH	1	ENSG00000121152	
HPX	1	ENSG00000110169	
RHBDL3	1	ENSG00000141314	
RHBDL2	1	ENSG00000158315	
RHBDL1	1	ENSG00000103269	
GPR17	1	ENSG00000144230	
GPR15	1	ENSG00000154165	
GPR12	1	ENSG00000132975	
EXOC6B	1	ENSG00000144036	
HRC	1	ENSG00000130528	
GPR18	1	ENSG00000125245	
GPR19	1	ENSG00000183150	
LRRC36	1	ENSG00000159708	
HRK	1	ENSG00000135116	
GPR27	1	ENSG00000170837	
LRRC34	1	ENSG00000171757	
GPR20	1	ENSG00000204882	
PTH1R	1	ENSG00000160801	
LRRC32	1	ENSG00000137507	
LETM2	1	ENSG00000165046	
NKRF	1	ENSG00000186416	
SH3BGRL3	1	ENSG00000142669	
CGNL1	1	ENSG00000128849	
LRRC47	1	ENSG00000130764	
LRRC45	1	ENSG00000169683	
LRRC46	1	ENSG00000141294	
GPR37	1	ENSG00000170775	
GPR35	1	ENSG00000178623	
LRRC49	1	ENSG00000137821	
PGAM1	1	ENSG00000171314	
PGAM2	1	ENSG00000164708	
LRRC40	1	ENSG00000066557	
PTH2R	1	ENSG00000144407	
PTGR3	1	ENSG00000180011	
MANEAL	1	ENSG00000185090	
PTGR1	1	ENSG00000106853	
LRRC43	1	ENSG00000158113	
PTGR2	1	ENSG00000140043	
LRRC41	1	ENSG00000132128	
VAMP8	1	ENSG00000118640	
CKS2	1	ENSG00000123975	
VN1R1	1	ENSG00000178201	
VAMP1	1	ENSG00000139190	
PGAM4	1	ENSG00000226784	
PGAM5	1	ENSG00000247077	
TIMM23B-AGAP6	1	ENSG00000178440	
VAMP4	1	ENSG00000117533	
LRRC3B	1	ENSG00000179796	
VAMP5	1	ENSG00000168899	
LYPLAL1	1	ENSG00000143353	
VAMP3	1	ENSG00000049245	
KANK2	1	ENSG00000197256	
LRRC14	1	ENSG00000160959	
KANK1	1	ENSG00000107104	
LRRC15	1	ENSG00000172061	
LRRC18	1	ENSG00000165383	
GPR45	1	ENSG00000135973	
LRRC19	1	ENSG00000184434	
LRRC17	1	ENSG00000128606	
HTT	1	ENSG00000197386	
PTGS2	1	ENSG00000073756	
PRAM1	1	ENSG00000133246	
PTGS1	1	ENSG00000095303	
EXTL2	1	ENSG00000162694	
EXTL1	1	ENSG00000158008	
SRPX2	1	ENSG00000102359	
MICALL1	1	ENSG00000100139	
MICALL2	1	ENSG00000164877	
LEO1	1	ENSG00000166477	
AP2S1	1	ENSG00000042753	
ANO10	1	ENSG00000160746	
PRAME	1	ENSG00000185686	
SRSF10	1	ENSG00000188529	
EXTL3	1	ENSG00000012232	
YKT6	1	ENSG00000106636	
SRSF11	1	ENSG00000116754	
NKTR	1	ENSG00000114857	
LRRC25	1	ENSG00000175489	
LRRC23	1	ENSG00000010626	
LRRC24	1	ENSG00000254402	
SMAGP	1	ENSG00000170545	
LRRC27	1	ENSG00000148814	
LRRC28	1	ENSG00000168904	
GPR55	1	ENSG00000135898	
GPR50	1	ENSG00000102195	
LRRC20	1	ENSG00000172731	
LETM1	1	ENSG00000168924	
GPR68	1	ENSG00000119714	
GPR65	1	ENSG00000140030	
GPR63	1	ENSG00000112218	
LRRC73	1	ENSG00000204052	
CRAMP1	1	ENSG00000007545	
GPR61	1	ENSG00000156097	
LRRC71	1	ENSG00000160838	
GPR62	1	ENSG00000180929	
SLC9C2	1	ENSG00000162753	
LCNL1	1	ENSG00000214402	
LEPR	1	ENSG00000116678	
SH2D6	1	ENSG00000152292	
SH2D5	1	ENSG00000189410	
AP2M1	1	ENSG00000161203	
SH3GLB1	1	ENSG00000097033	
SH3GLB2	1	ENSG00000148341	
SLC38A1	1	ENSG00000111371	
ANAPC7	1	ENSG00000196510	
GPR78	1	ENSG00000155269	
AKR1E2	1	ENSG00000165568	
GPR75	1	ENSG00000119737	
SLC9B1	1	ENSG00000164037	
SLC9B2	1	ENSG00000164038	
SLC9A2	1	ENSG00000115616	
SLC9A3	1	ENSG00000066230	
SLC9A4	1	ENSG00000180251	
SLC9A5	1	ENSG00000135740	
SLC9A6	1	ENSG00000198689	
SLC9A7	1	ENSG00000065923	
SLC9A8	1	ENSG00000197818	
SLC9A9	1	ENSG00000181804	
MRTO4	1	ENSG00000053372	
ANAPC4	1	ENSG00000053900	
ANAPC5	1	ENSG00000089053	
IGFALS	1	ENSG00000099769	
SNRNP200	1	ENSG00000144028	
KANK4	1	ENSG00000132854	
ANAPC1	1	ENSG00000153107	
KANK3	1	ENSG00000186994	
ANAPC2	1	ENSG00000176248	
LRRC58	1	ENSG00000163428	
LRRC59	1	ENSG00000108829	
LRRC56	1	ENSG00000161328	
LRRC57	1	ENSG00000180979	
GPR88	1	ENSG00000181656	
GPR85	1	ENSG00000164604	
LRRC51	1	ENSG00000184154	
GPR83	1	ENSG00000123901	
LRRC55	1	ENSG00000183908	
SLC9A1	1	ENSG00000090020	
LRRC53	1	ENSG00000162621	
SLC38A7	1	ENSG00000103042	
HYI	1	ENSG00000178922	
SLC38A6	1	ENSG00000139974	
SLC38A9	1	ENSG00000177058	
SLC38A3	1	ENSG00000188338	
LRRC4C	1	ENSG00000148948	
SLC38A2	1	ENSG00000134294	
SLC38A5	1	ENSG00000017483	
SLC38A4	1	ENSG00000139209	
LRRC4B	1	ENSG00000131409	
LRRC69	1	ENSG00000214954	
LRRC61	1	ENSG00000127399	
LRRC66	1	ENSG00000188993	
NFKB1	1	ENSG00000109320	
LRRC63	1	ENSG00000173988	
NFKB2	1	ENSG00000077150	
GNL3L	1	ENSG00000130119	
UBLCP1	1	ENSG00000164332	
NFE2L3	1	ENSG00000050344	
NFE2L1	1	ENSG00000082641	
NFE2L2	1	ENSG00000116044	
SLC25A1	1	ENSG00000100075	
SLC25A3	1	ENSG00000075415	
PRB4	1	ENSG00000230657	
PRB1	1	ENSG00000251655	
PRB2	1	ENSG00000121335	
ERC1	1	ENSG00000082805	
ERC2	1	ENSG00000187672	
VBP1	1	ENSG00000155959	
VEZF1	1	ENSG00000136451	
GIGYF1	1	ENSG00000146830	
TRPC5OS	1	ENSG00000204025	
SLC25A5	1	ENSG00000005022	
L3MBTL4	1	ENSG00000154655	
SLC25A4	1	ENSG00000151729	
ERAS	1	ENSG00000187682	
GTF3C1	1	ENSG00000077235	
GTF3C2	1	ENSG00000115207	
GTF3C3	1	ENSG00000119041	
GTF3C4	1	ENSG00000125484	
GTF3C5	1	ENSG00000148308	
GTF3C6	1	ENSG00000155115	
PRCD	1	ENSG00000214140	
PRCC	1	ENSG00000143294	
PRCP	1	ENSG00000137509	
SH3BP1	1	ENSG00000100092	
IFI16	1	ENSG00000163565	
SH3BP5	1	ENSG00000131370	
LRRC8C	1	ENSG00000171488	
BEND3	1	ENSG00000178409	
BEND4	1	ENSG00000188848	
SH3BP4	1	ENSG00000130147	
LRRC8D	1	ENSG00000171492	
D2HGDH	1	ENSG00000180902	
LRRC8A	1	ENSG00000136802	
LRRC8B	1	ENSG00000197147	
BEND7	1	ENSG00000165626	
SH2B3	1	ENSG00000111252	
BEND5	1	ENSG00000162373	
SH2B2	1	ENSG00000160999	
LRRC8E	1	ENSG00000171017	
BEND6	1	ENSG00000151917	
SH2B1	1	ENSG00000178188	
CYB5B	1	ENSG00000103018	
SLC12A2	1	ENSG00000064651	
CYB5A	1	ENSG00000166347	
SLC12A3	1	ENSG00000070915	
SLC12A4	1	ENSG00000124067	
SLC12A5	1	ENSG00000124140	
MBOAT7	1	ENSG00000125505	
SLC12A1	1	ENSG00000074803	
ERAP1	1	ENSG00000164307	
MBOAT1	1	ENSG00000172197	
MBOAT2	1	ENSG00000143797	
RPL23A	1	ENSG00000198242	
MBOAT4	1	ENSG00000177669	
USH2A	1	ENSG00000042781	
FCGR2A	1	ENSG00000143226	
USH1G	1	ENSG00000182040	
PRC1	1	ENSG00000198901	
FCGR2B	1	ENSG00000072694	
SMAP2	1	ENSG00000084070	
SMAP1	1	ENSG00000112305	
FCGR2C	1	ENSG00000244682	
AHCYL2	1	ENSG00000158467	
AHCYL1	1	ENSG00000168710	
PREP	1	ENSG00000085377	
PRF1	1	ENSG00000180644	
KANTR	1	ENSG00000232593	
IFI35	1	ENSG00000068079	
ERFE	1	ENSG00000178752	
IFI30	1	ENSG00000216490	
CCAR2	1	ENSG00000158941	
CCAR1	1	ENSG00000060339	
ERFL	1	ENSG00000268041	
SLC12A6	1	ENSG00000140199	
SLC12A7	1	ENSG00000113504	
SLC12A8	1	ENSG00000221955	
SLC12A9	1	ENSG00000146828	
PAQR8	1	ENSG00000170915	
PAQR9	1	ENSG00000188582	
PAQR6	1	ENSG00000160781	
PAQR7	1	ENSG00000182749	
PAQR4	1	ENSG00000162073	
PAQR5	1	ENSG00000137819	
PAQR3	1	ENSG00000163291	
HNF1A	1	ENSG00000135100	
TM4SF1	1	ENSG00000169908	
EREG	1	ENSG00000124882	
PPP1R3G	1	ENSG00000219607	
SHTN1	1	ENSG00000187164	
PPP1R3F	1	ENSG00000049769	
STX1B	1	ENSG00000099365	
IFI27	1	ENSG00000165949	
PPP1R3C	1	ENSG00000119938	
PPP1R3B	1	ENSG00000173281	
PPP1R3E	1	ENSG00000235194	
PPP1R3D	1	ENSG00000132825	
PPP1R42	1	ENSG00000178125	
PREB	1	ENSG00000138073	
VSIG10L2	1	ENSG00000283703	
STX1A	1	ENSG00000106089	
L3MBTL1	1	ENSG00000185513	
PPP1R37	1	ENSG00000104866	
PPP1R36	1	ENSG00000165807	
L3MBTL3	1	ENSG00000198945	
L3MBTL2	1	ENSG00000100395	
PPP1R35	1	ENSG00000160813	
PGBD1	1	ENSG00000137338	
PGBD2	1	ENSG00000185220	
PGBD4	1	ENSG00000182405	
PGBD5	1	ENSG00000177614	
TSPAN8	1	ENSG00000127324	
PPP1R2B	1	ENSG00000231989	
ERI1	1	ENSG00000104626	
TSPAN9	1	ENSG00000011105	
ERI2	1	ENSG00000196678	
ERI3	1	ENSG00000117419	
TSPAN7	1	ENSG00000156298	
TSPAN4	1	ENSG00000214063	
TSPAN5	1	ENSG00000168785	
TSPAN2	1	ENSG00000134198	
TSPAN3	1	ENSG00000140391	
HMGCLL1	1	ENSG00000146151	
TSPAN1	1	ENSG00000117472	
PPP1R26	1	ENSG00000196422	
PPP1R21	1	ENSG00000162869	
IFI44	1	ENSG00000137965	
PRG4	1	ENSG00000116690	
ERAL1	1	ENSG00000132591	
BPIFB2	1	ENSG00000078898	
BPIFB1	1	ENSG00000125999	
PPP1R1A	1	ENSG00000135447	
BPIFB4	1	ENSG00000186191	
RPL27A	1	ENSG00000166441	
PPP1R1C	1	ENSG00000150722	
ID2	1	ENSG00000115738	
PPP1R1B	1	ENSG00000131771	
ID4	1	ENSG00000172201	
ID3	1	ENSG00000117318	
ANKRD18B	1	ENSG00000230453	
ANKRD18A	1	ENSG00000180071	
GASK1A	1	ENSG00000144649	
GASK1B	1	ENSG00000164125	
PPP1R17	1	ENSG00000106341	
PPP1R11	1	ENSG00000204619	
PPP1R10	1	ENSG00000204569	
HNF4G	1	ENSG00000164749	
KIF14	1	ENSG00000118193	
MIA2	1	ENSG00000150527	
AKR1B1	1	ENSG00000085662	
MIA3	1	ENSG00000154305	
KIF12	1	ENSG00000136883	
AP2A1	1	ENSG00000196961	
IDE	1	ENSG00000119912	
KIF11	1	ENSG00000138160	
AP2A2	1	ENSG00000183020	
KIF17	1	ENSG00000117245	
PPP1R18	1	ENSG00000146112	
KIF15	1	ENSG00000163808	
KIF19	1	ENSG00000196169	
IDS	1	ENSG00000010404	
KIF1C	1	ENSG00000129250	
KIF1B	1	ENSG00000054523	
KIF1A	1	ENSG00000130294	
NDEL1	1	ENSG00000166579	
LYNX1	1	ENSG00000180155	
TLCD3A	1	ENSG00000167695	
KIF25	1	ENSG00000125337	
AKR1A1	1	ENSG00000117448	
KIF24	1	ENSG00000186638	
KIF23	1	ENSG00000137807	
MMEL1	1	ENSG00000142606	
KIF22	1	ENSG00000079616	
TLCD3B	1	ENSG00000149926	
KIF27	1	ENSG00000165115	
AJAP1	1	ENSG00000196581	
KIF2A	1	ENSG00000068796	
KIF2C	1	ENSG00000142945	
PDZRN3	1	ENSG00000121440	
PDZRN4	1	ENSG00000165966	
TMPRSS9	1	ENSG00000178297	
STX12	1	ENSG00000117758	
TMPRSS7	1	ENSG00000176040	
TMPRSS5	1	ENSG00000166682	
STX17	1	ENSG00000136874	
TMPRSS3	1	ENSG00000160183	
STX19	1	ENSG00000178750	
AKR1D1	1	ENSG00000122787	
STX18	1	ENSG00000168818	
TMPRSS2	1	ENSG00000184012	
XIAP	1	ENSG00000101966	
PRKX	1	ENSG00000183943	
COL19A1	1	ENSG00000082293	
STX11	1	ENSG00000135604	
STX10	1	ENSG00000104915	
RXRB	1	ENSG00000204231	
RXRA	1	ENSG00000186350	
DGLUCY	1	ENSG00000133943	
RXRG	1	ENSG00000143171	
MICA	1	ENSG00000204520	
MICB	1	ENSG00000204516	
TSNAX	1	ENSG00000116918	
RFTN2	1	ENSG00000162944	
AKR1C1	1	ENSG00000187134	
RFTN1	1	ENSG00000131378	
AKR1C3	1	ENSG00000196139	
MIB2	1	ENSG00000197530	
AKR1C2	1	ENSG00000151632	
AP2B1	1	ENSG00000006125	
DOHH	1	ENSG00000129932	
NLE1	1	ENSG00000073536	
MIB1	1	ENSG00000101752	
MIDN	1	ENSG00000167470	
ERCC6L	1	ENSG00000186871	
PLGLB1	1	ENSG00000183281	
PLGLB2	1	ENSG00000125551	
IHH	1	ENSG00000163501	
CLGN	1	ENSG00000153132	
TEPSIN	1	ENSG00000167302	
KIF5C	1	ENSG00000168280	
KIF5B	1	ENSG00000170759	
KIF5A	1	ENSG00000155980	
BAALC	1	ENSG00000164929	
PRND	1	ENSG00000171864	
G6PD	1	ENSG00000160211	
DIMT1	1	ENSG00000086189	
SSU72	1	ENSG00000160075	
PRLR	1	ENSG00000113494	
ERMN	1	ENSG00000136541	
MID2	1	ENSG00000080561	
ERN1	1	ENSG00000178607	
PLA2G15	1	ENSG00000103066	
ERN2	1	ENSG00000134398	
DOK1	1	ENSG00000115325	
DOK2	1	ENSG00000147443	
DOK3	1	ENSG00000146094	
DOK4	1	ENSG00000125170	
DOK5	1	ENSG00000101134	
DOK6	1	ENSG00000206052	
DOK7	1	ENSG00000175920	
TMED10	1	ENSG00000170348	
SEL1L	1	ENSG00000071537	
PSEN2	2	ENSG00000288674:ENSG00000143801	
PSEN1	1	ENSG00000080815	
FUT1	1	ENSG00000174951	
MCHR1	1	ENSG00000128285	
FUT4	1	ENSG00000196371	
FUT3	1	ENSG00000171124	
FUT8	1	ENSG00000033170	
KIF3B	1	ENSG00000101350	
DEAF1	1	ENSG00000177030	
KIF3A	1	ENSG00000131437	
FUT9	1	ENSG00000172461	
NPHP1	1	ENSG00000144061	
ISOC1	1	ENSG00000066583	
NPHP3	1	ENSG00000113971	
CAMTA2	1	ENSG00000108509	
NPHP4	1	ENSG00000131697	
KIF3C	1	ENSG00000084731	
PRPH	1	ENSG00000135406	
ISOC2	1	ENSG00000063241	
PRNP	1	ENSG00000171867	
ITPRID2	1	ENSG00000138434	
ITPRID1	1	ENSG00000180347	
PHF10	1	ENSG00000130024	
PHF12	1	ENSG00000109118	
PHF11	1	ENSG00000136147	
DOLK	1	ENSG00000175283	
CLK4	1	ENSG00000113240	
CLK3	1	ENSG00000179335	
CLK1	1	ENSG00000013441	
AFDN	1	ENSG00000130396	
IL6	1	ENSG00000136244	
PROC	1	ENSG00000115718	
KIF4B	1	ENSG00000226650	
KIF4A	1	ENSG00000090889	
PHF14	1	ENSG00000106443	
PHF13	1	ENSG00000116273	
PHF19	1	ENSG00000119403	
PRR7	1	ENSG00000131188	
PRR3	1	ENSG00000204576	
ILK	1	ENSG00000166333	
AFF3	1	ENSG00000144218	
PPP1R9A	1	ENSG00000158528	
AFF4	1	ENSG00000072364	
AFF1	1	ENSG00000172493	
AFF2	1	ENSG00000155966	
PPP1R9B	1	ENSG00000108819	
CNPPD1	1	ENSG00000115649	
NCBP1	1	ENSG00000136937	
PLA2G4D	1	ENSG00000159337	
PLA2G4E	1	ENSG00000188089	
NCBP2	1	ENSG00000114503	
PLA2G4B	1	ENSG00000243708	
PLA2G4C	1	ENSG00000105499	
PLA2G4A	1	ENSG00000116711	
SSTR1	1	ENSG00000139874	
SSTR2	1	ENSG00000180616	
SSTR3	1	ENSG00000278195	
VCAN	1	ENSG00000038427	
LMBRD1	1	ENSG00000168216	
LMBRD2	1	ENSG00000164187	
NCBP3	1	ENSG00000074356	
INA	1	ENSG00000148798	
CRMP1	1	ENSG00000072832	
CLN8	1	ENSG00000182372	
PTHLH	1	ENSG00000087494	
CLN6	1	ENSG00000128973	
CLN5	1	ENSG00000102805	
PRTG	1	ENSG00000166450	
PDLIM1	1	ENSG00000107438	
CLN3	1	ENSG00000188603	
PDLIM3	1	ENSG00000154553	
PDLIM2	1	ENSG00000120913	
CLMN	1	ENSG00000165959	
TAS1R1	1	ENSG00000173662	
PDLIM5	1	ENSG00000163110	
PDLIM4	1	ENSG00000131435	
TAS1R3	1	ENSG00000169962	
PDLIM7	1	ENSG00000196923	
PLA2G2F	1	ENSG00000158786	
MBTPS1	1	ENSG00000140943	
PLA2G2D	1	ENSG00000117215	
PLA2G2C	1	ENSG00000187980	
PLA2G2A	1	ENSG00000188257	
MIIP	1	ENSG00000116691	
S100B	1	ENSG00000160307	
MAPK15	1	ENSG00000181085	
U2SURP	1	ENSG00000163714	
MAPK12	1	ENSG00000188130	
UQCRHL	1	ENSG00000233954	
MAPK13	1	ENSG00000156711	
MAPK10	1	ENSG00000109339	
MAPK11	1	ENSG00000185386	
NPHS1	1	ENSG00000161270	
CHPT1	1	ENSG00000111666	
S100P	1	ENSG00000163993	
PMFBP1	1	ENSG00000118557	
MBTPS2	1	ENSG00000012174	
CLPB	1	ENSG00000162129	
SERPINE2	1	ENSG00000135919	
SERPINE1	1	ENSG00000106366	
IPP	1	ENSG00000197429	
CHKB-CPT1B	1	ENSG00000254413	
RXFP1	1	ENSG00000171509	
BACH1	1	ENSG00000156273	
BACH2	1	ENSG00000112182	
RXFP3	1	ENSG00000182631	
HENMT1	1	ENSG00000162639	
CLP1	1	ENSG00000172409	
DIP2B	1	ENSG00000066084	
DUS4L	1	ENSG00000105865	
SPICE1-CFAP44	1	ENSG00000285943	
EARS2	1	ENSG00000103356	
PRIMA1	1	ENSG00000175785	
ACOT9	1	ENSG00000123130	
ACOT8	1	ENSG00000101473	
ACOT7	1	ENSG00000097021	
TRIQK	1	ENSG00000205133	
SERPINF1	1	ENSG00000132386	
SERPINF2	1	ENSG00000167711	
HOGA1	1	ENSG00000241935	
CLPX	1	ENSG00000166855	
NISCH	1	ENSG00000010322	
VCF1	1	ENSG00000133193	
VCF2	1	ENSG00000182518	
DYNC1LI1	1	ENSG00000144635	
DYNC1LI2	1	ENSG00000135720	
BIN3	1	ENSG00000147439	
BIN1	1	ENSG00000136717	
ACOT2	1	ENSG00000119673	
ANOS1	1	ENSG00000011201	
SERPING1	1	ENSG00000149131	
ACOT1	1	ENSG00000184227	
ACOT6	1	ENSG00000205669	
DUS3L	1	ENSG00000141994	
MAPKAP1	1	ENSG00000119487	
HSPA4L	1	ENSG00000164070	
S100A16	1	ENSG00000188643	
RAD21	1	ENSG00000164754	
SERPINH1	1	ENSG00000149257	
S100A14	1	ENSG00000189334	
S100A11	1	ENSG00000163191	
S100A10	1	ENSG00000197747	
SIVA1	1	ENSG00000184990	
TRIP4	1	ENSG00000103671	
NPLOC4	1	ENSG00000182446	
TRIP6	1	ENSG00000087077	
SERPINI2	1	ENSG00000114204	
RAD17	1	ENSG00000152942	
DUS1L	1	ENSG00000169718	
SERPINI1	1	ENSG00000163536	
RAD18	1	ENSG00000070950	
SERPINA3	1	ENSG00000196136	
ITK	1	ENSG00000113263	
SERPINA1	1	ENSG00000197249	
SPIN4	1	ENSG00000186767	
SPIN3	1	ENSG00000204271	
CLTB	1	ENSG00000175416	
SRP54	1	ENSG00000100883	
CLTA	1	ENSG00000122705	
SERPINA9	1	ENSG00000170054	
SERPINA6	1	ENSG00000170099	
SERPINA7	1	ENSG00000123561	
SERPINA5	1	ENSG00000188488	
FCRLA	1	ENSG00000132185	
LFNG	1	ENSG00000106003	
FCRLB	1	ENSG00000162746	
TRIM9	1	ENSG00000100505	
C17orf58	1	ENSG00000186665	
TRIM6	1	ENSG00000121236	
CSRP3	1	ENSG00000129170	
PIP4P2	1	ENSG00000155099	
TRIM7	1	ENSG00000146054	
PIP4P1	1	ENSG00000165782	
CSRP2	1	ENSG00000175183	
TRIM4	1	ENSG00000146833	
CSRP1	1	ENSG00000159176	
TRIM5	1	ENSG00000132256	
TRIM2	1	ENSG00000109654	
TRIM3	1	ENSG00000110171	
SPIN1	1	ENSG00000106723	
RACK1	1	ENSG00000204628	
TNKS1BP1	1	ENSG00000149115	
C17orf50	1	ENSG00000270806	
AP3S2	1	ENSG00000157823	
AP3S1	1	ENSG00000177879	
SERPINB3	1	ENSG00000057149	
MIOX	1	ENSG00000100253	
SERPINB4	1	ENSG00000206073	
SERPINB1	1	ENSG00000021355	
CLUH	1	ENSG00000132361	
SERPINB2	1	ENSG00000197632	
MIOS	1	ENSG00000164654	
ITPK1	1	ENSG00000100605	
NUDT16L1	1	ENSG00000168101	
SERPINB7	1	ENSG00000166396	
SERPINB8	1	ENSG00000166401	
SERPINB6	1	ENSG00000124570	
BACE1	1	ENSG00000186318	
ITPKB	1	ENSG00000143772	
BACE2	1	ENSG00000182240	
ITPKC	1	ENSG00000086544	
C17orf49	1	ENSG00000258315	
IVD	1	ENSG00000128928	
ITPKA	1	ENSG00000137825	
PHLPP2	1	ENSG00000040199	
PHLPP1	1	ENSG00000081913	
SERPINC1	1	ENSG00000117601	
HSPA14	1	ENSG00000187522	
HSPA13	1	ENSG00000155304	
SRP72	1	ENSG00000174780	
CHRNE	1	ENSG00000108556	
OR2AG2	1	ENSG00000188124	
MISP	1	ENSG00000099812	
SEPTIN1	1	ENSG00000180096	
SERPIND1	1	ENSG00000099937	
HSPA1L	1	ENSG00000204390	
SEPTIN2	1	ENSG00000168385	
SEPTIN5	1	ENSG00000184702	
ZFTRAF1	1	ENSG00000187954	
SEPTIN6	1	ENSG00000125354	
SEPTIN3	1	ENSG00000100167	
GTF2H1	1	ENSG00000110768	
SEPTIN4	1	ENSG00000108387	
GTF2H2	1	ENSG00000145736	
SRP68	1	ENSG00000167881	
SEPTIN9	1	ENSG00000184640	
GTF2H3	1	ENSG00000111358	
BLCAP	1	ENSG00000166619	
GTF2H4	1	ENSG00000213780	
SEPTIN7	1	ENSG00000122545	
GTF2H5	1	ENSG00000272047	
SEPTIN8	1	ENSG00000164402	
RYBP	1	ENSG00000163602	
LPCAT4	1	ENSG00000176454	
LPCAT3	1	ENSG00000111684	
LPCAT2	1	ENSG00000087253	
C17orf67	1	ENSG00000214226	
HSPA1B	1	ENSG00000204388	
SEMA5A	1	ENSG00000112902	
CHRM2	1	ENSG00000181072	
CLXN	1	ENSG00000034239	
SEMA5B	1	ENSG00000082684	
CHRM3	1	ENSG00000133019	
ATP8A2	1	ENSG00000132932	
CHRM1	1	ENSG00000168539	
ATP8A1	1	ENSG00000124406	
TUSC3	1	ENSG00000104723	
TUSC2	1	ENSG00000114383	
CHRM4	1	ENSG00000180720	
CHRM5	1	ENSG00000184984	
TUSC1	1	ENSG00000198680	
GYG1	1	ENSG00000163754	
TECTA	1	ENSG00000109927	
TPD52	1	ENSG00000076554	
IGFBP1	1	ENSG00000146678	
TECTB	1	ENSG00000119913	
SEMA6C	1	ENSG00000143434	
ANKRD36C	1	ENSG00000174501	
BIVM	1	ENSG00000134897	
SEMA6A	1	ENSG00000092421	
IGFBP5	1	ENSG00000115461	
IGFBP4	1	ENSG00000141753	
SEMA6D	1	ENSG00000137872	
IGFBP3	1	ENSG00000146674	
IGFBP2	1	ENSG00000115457	
MITF	1	ENSG00000187098	
GTF2F1	1	ENSG00000125651	
GTF2F2	1	ENSG00000188342	
TTPAL	1	ENSG00000124120	
ANKRD36B	1	ENSG00000196912	
SEMA7A	1	ENSG00000138623	
ITPR1	1	ENSG00000150995	
RHOBTB3	1	ENSG00000164292	
ITPR2	1	ENSG00000123104	
RASAL1	1	ENSG00000111344	
ITPR3	1	ENSG00000096433	
VTCN1	1	ENSG00000134258	
RASAL2	1	ENSG00000075391	
RASAL3	1	ENSG00000105122	
GTF2E1	1	ENSG00000153767	
RHOBTB1	1	ENSG00000072422	
GTF2E2	1	ENSG00000197265	
RHOBTB2	1	ENSG00000008853	
PSAP	1	ENSG00000197746	
IGFBP7	1	ENSG00000163453	
IGFBP6	1	ENSG00000167779	
ANKRD34B	1	ENSG00000189127	
ANKRD34A	1	ENSG00000272031	
ATP8B4	1	ENSG00000104043	
SLC37A2	1	ENSG00000134955	
ATP8B3	1	ENSG00000130270	
SLC37A1	1	ENSG00000160190	
ANKRD34C	1	ENSG00000235711	
ATP8B2	1	ENSG00000143515	
WFS1	1	ENSG00000109501	
ATP8B1	1	ENSG00000081923	
TECRL	1	ENSG00000205678	
NSFL1C	1	ENSG00000088833	
GON4L	1	ENSG00000116580	
SCCPDH	1	ENSG00000143653	
ESAM	1	ENSG00000149564	
RAD9B	1	ENSG00000151164	
RAD9A	1	ENSG00000172613	
LMBR1L	1	ENSG00000139636	
ANKRD33B	1	ENSG00000164236	
RNPEPL1	1	ENSG00000142327	
SYCP2	1	ENSG00000196074	
PSCA	1	ENSG00000167653	
GADL1	1	ENSG00000144644	
DNALI1	1	ENSG00000163879	
OPA1	1	ENSG00000198836	
PSD2	1	ENSG00000146005	
PSD4	1	ENSG00000125637	
OPA3	1	ENSG00000125741	
HYDIN	1	ENSG00000157423	
SLC37A4	1	ENSG00000137700	
SLC37A3	1	ENSG00000157800	
PLPBP	1	ENSG00000147471	
RTN4RL2	1	ENSG00000186907	
NIPSNAP1	1	ENSG00000184117	
NIPSNAP2	1	ENSG00000146729	
PTP4A2	1	ENSG00000184007	
PTP4A3	1	ENSG00000184489	
RTN4RL1	1	ENSG00000185924	
RPL37A	1	ENSG00000197756	
SLC24A2	1	ENSG00000155886	
SLC24A1	1	ENSG00000074621	
GTF2A1	1	ENSG00000165417	
SLC24A4	1	ENSG00000140090	
GTF2A2	1	ENSG00000140307	
SLC24A3	1	ENSG00000185052	
SFTPA2	1	ENSG00000185303	
SEMA3C	1	ENSG00000075223	
SEMA3D	1	ENSG00000153993	
UNC93B1	1	ENSG00000110057	
SEMA3A	1	ENSG00000075213	
SEMA3B	1	ENSG00000012171	
RPL36A	1	ENSG00000241343	
SEMA3G	1	ENSG00000010319	
SEMA3E	1	ENSG00000170381	
SEMA3F	1	ENSG00000001617	
JAKMIP1	1	ENSG00000152969	
DPCD	1	ENSG00000166171	
LAGE3	1	ENSG00000196976	
JAKMIP3	1	ENSG00000188385	
JAKMIP2	1	ENSG00000176049	
AP3M1	1	ENSG00000185009	
EEF2KMT	1	ENSG00000118894	
SEMA4A	1	ENSG00000196189	
ANKRD30B	1	ENSG00000180777	
SEMA4D	1	ENSG00000187764	
SEMA4B	1	ENSG00000185033	
CDC42BPG	1	ENSG00000171219	
ADRM1	1	ENSG00000130706	
SEMA4C	1	ENSG00000168758	
RPL35A	1	ENSG00000182899	
CFLAR	1	ENSG00000003402	
SEMA4G	1	ENSG00000095539	
CDC42BPB	1	ENSG00000198752	
CDC42BPA	1	ENSG00000143776	
TPCN2	1	ENSG00000162341	
TRIT1	1	ENSG00000043514	
TPCN1	1	ENSG00000186815	
RAD52	1	ENSG00000002016	
RAD50	1	ENSG00000113522	
RAD51	1	ENSG00000051180	
CROCC	1	ENSG00000058453	
ESF1	1	ENSG00000089048	
SYCP3	1	ENSG00000139351	
SLC24A5	1	ENSG00000188467	
CMAS	1	ENSG00000111726	
DPF1	1	ENSG00000011332	
DPF2	1	ENSG00000133884	
DPF3	1	ENSG00000205683	
PTGDS	1	ENSG00000107317	
TIPIN	1	ENSG00000075131	
SLC6A17	1	ENSG00000197106	
SLC6A16	1	ENSG00000063127	
SLC6A15	1	ENSG00000072041	
CMC2	1	ENSG00000103121	
SLC11A2	1	ENSG00000110911	
CMC1	1	ENSG00000187118	
SLC6A14	1	ENSG00000268104	
SLC6A13	1	ENSG00000010379	
PSG1	1	ENSG00000231924	
BOLA1	1	ENSG00000178096	
SLC6A12	1	ENSG00000111181	
SLC6A11	1	ENSG00000132164	
CMBL	1	ENSG00000164237	
GBGT1	1	ENSG00000148288	
PLPP7	1	ENSG00000160539	
PLPP6	1	ENSG00000205808	
PLPP5	1	ENSG00000147535	
PLPP4	1	ENSG00000203805	
PSG5	1	ENSG00000204941	
TCERG1L	1	ENSG00000176769	
PSG4	1	ENSG00000243137	
GRWD1	1	ENSG00000105447	
BOLA3	1	ENSG00000163170	
PAPPA	1	ENSG00000182752	
WDPCP	1	ENSG00000143951	
PLPP3	1	ENSG00000162407	
PLPP2	1	ENSG00000141934	
PLPP1	1	ENSG00000067113	
LLGL2	1	ENSG00000073350	
PTGES	1	ENSG00000148344	
PTGFR	1	ENSG00000122420	
GYPC	1	ENSG00000136732	
LMAN2L	1	ENSG00000114988	
GYPE	1	ENSG00000197465	
MGST3	1	ENSG00000143198	
MGST1	1	ENSG00000008394	
MGST2	1	ENSG00000085871	
NMD3	1	ENSG00000169251	
SLC6A20	1	ENSG00000163817	
PTDSS2	1	ENSG00000174915	
PTDSS1	1	ENSG00000156471	
DPH1	1	ENSG00000108963	
DPH2	1	ENSG00000132768	
LCN12	1	ENSG00000184925	
DPH3	1	ENSG00000154813	
DPH5	1	ENSG00000117543	
NAALAD2	1	ENSG00000077616	
DPH6	1	ENSG00000134146	
DPH7	1	ENSG00000148399	
NTSR1	1	ENSG00000101188	
NTSR2	1	ENSG00000169006	
TVP23C-CDRT4	1	ENSG00000259024	
SRPK2	1	ENSG00000135250	
RPL39L	1	ENSG00000163923	
SRPK3	1	ENSG00000184343	
SIGLEC15	1	ENSG00000197046	
MEMO1	1	ENSG00000162959	
NMBR	1	ENSG00000135577	
SRPK1	1	ENSG00000096063	
SESTD1	1	ENSG00000187231	
GKAP1	1	ENSG00000165113	
DAZAP2	1	ENSG00000183283	
DAZAP1	1	ENSG00000071626	
HILPDA	1	ENSG00000135245	
GYS1	1	ENSG00000104812	
ESM1	1	ENSG00000164283	
ZMYM2	1	ENSG00000121741	
ZMYM3	1	ENSG00000147130	
ZMYM4	1	ENSG00000146463	
ZMYM5	1	ENSG00000132950	
ZMYM6	1	ENSG00000163867	
NME2	1	ENSG00000243678	
NME3	1	ENSG00000103024	
NME4	1	ENSG00000103202	
NME5	1	ENSG00000112981	
AP3B2	1	ENSG00000103723	
NME1	1	ENSG00000239672	
RAD51B	1	ENSG00000182185	
CEACAM1	1	ENSG00000079385	
RAD51D	1	ENSG00000185379	
RAD51C	1	ENSG00000108384	
NME6	1	ENSG00000172113	
NME7	1	ENSG00000143156	
NME9	1	ENSG00000181322	
FIBIN	1	ENSG00000176971	
DNASE1L2	1	ENSG00000167968	
DNASE1L1	1	ENSG00000013563	
ENSG00000286264	1	ENSG00000286264	
PAPLN	1	ENSG00000100767	
UQCR11	1	ENSG00000127540	
UQCR10	1	ENSG00000184076	
RAD54B	1	ENSG00000197275	
ANKMY2	1	ENSG00000106524	
ATP5F1A	1	ENSG00000152234	
ATP5F1B	1	ENSG00000110955	
RAD54L	1	ENSG00000085999	
JHY	1	ENSG00000109944	
LCMT2	1	ENSG00000168806	
LY6G6C	1	ENSG00000204421	
LCMT1	1	ENSG00000205629	
ANKMY1	1	ENSG00000144504	
C1GALT1	1	ENSG00000106392	
AP3D1	1	ENSG00000065000	
ERBIN	1	ENSG00000112851	
ATP5F1C	1	ENSG00000165629	
ATP5F1D	1	ENSG00000099624	
ATP5F1E	1	ENSG00000124172	
RAB3GAP2	1	ENSG00000118873	
LY6G5B	1	ENSG00000240053	
ZNF354A	1	ENSG00000169131	
LY6G5C	1	ENSG00000204428	
ZNF354C	1	ENSG00000177932	
ZNF354B	1	ENSG00000178338	
ESPN	1	ENSG00000187017	
CMIP	1	ENSG00000153815	
SYDE2	1	ENSG00000097096	
SYDE1	1	ENSG00000105137	
C14orf132	1	ENSG00000227051	
KNTC1	1	ENSG00000184445	
PSPH	1	ENSG00000146733	
MYH15	1	ENSG00000144821	
KCTD1	1	ENSG00000134504	
KCTD2	1	ENSG00000180901	
KCTD3	1	ENSG00000136636	
IPCEF1	1	ENSG00000074706	
KCTD4	1	ENSG00000180332	
KCTD5	1	ENSG00000167977	
KCTD6	1	ENSG00000168301	
KCTD7	1	ENSG00000243335	
DPM1	1	ENSG00000000419	
KCTD8	1	ENSG00000183783	
DPM2	1	ENSG00000136908	
DPM3	1	ENSG00000179085	
TIPRL	1	ENSG00000143155	
DUS4L-BCAP29	1	ENSG00000288558	
TEDC2	1	ENSG00000162062	
ADRB1	1	ENSG00000043591	
ADRB2	1	ENSG00000169252	
AGER	1	ENSG00000204305	
ESS2	1	ENSG00000100056	
PALM2AKAP2	1	ENSG00000157654	
DPP3	1	ENSG00000254986	
DPP4	1	ENSG00000197635	
PDZD4	1	ENSG00000067840	
DPP6	1	ENSG00000130226	
PDZD2	1	ENSG00000133401	
DPP8	1	ENSG00000074603	
DPP9	1	ENSG00000142002	
CASKIN2	1	ENSG00000177303	
CASKIN1	1	ENSG00000167971	
C10orf105	1	ENSG00000214688	
MYH14	1	ENSG00000105357	
MYH10	1	ENSG00000133026	
PDZD8	1	ENSG00000165650	
PDZD7	1	ENSG00000186862	
RSPH10B2	1	ENSG00000169402	
SMAD2	1	ENSG00000175387	
SMAD1	1	ENSG00000170365	
OPN3	1	ENSG00000054277	
PSPN	1	ENSG00000125650	
IFT122	1	ENSG00000163913	
SMAD6	1	ENSG00000137834	
ESR1	1	ENSG00000091831	
SMAD5	1	ENSG00000113658	
ESR2	1	ENSG00000140009	
SMAD7	1	ENSG00000101665	
SRPRA	1	ENSG00000182934	
SRPRB	1	ENSG00000144867	
RADIL	1	ENSG00000157927	
PRAC2	1	ENSG00000229637	
BDKRB2	1	ENSG00000168398	
BDKRB1	1	ENSG00000100739	
TAS2R5	1	ENSG00000127366	
PSTK	1	ENSG00000179988	
TAS2R4	1	ENSG00000127364	
RASA4B	1	ENSG00000170667	
PTGIS	1	ENSG00000124212	
LMNTD1	1	ENSG00000152936	
LMNTD2	1	ENSG00000185522	
TRNAU1AP	1	ENSG00000180098	
C10orf143	1	ENSG00000237489	
UACA	1	ENSG00000137831	
NCALD	1	ENSG00000104490	
ERBB3	1	ENSG00000065361	
ERBB2	1	ENSG00000141736	
REPS2	1	ENSG00000169891	
S1PR1	1	ENSG00000170989	
BPNT2	1	ENSG00000104331	
BPNT1	1	ENSG00000162813	
ROMO1	1	ENSG00000125995	
S1PR3	1	ENSG00000213694	
C14orf119	1	ENSG00000179933	
NCAM2	1	ENSG00000154654	
S1PR2	1	ENSG00000267534	
S1PR5	1	ENSG00000180739	
REPS1	1	ENSG00000135597	
LGI1	1	ENSG00000108231	
RWDD1	1	ENSG00000111832	
RWDD3	1	ENSG00000122481	
RWDD4	1	ENSG00000182552	
NEGR1	1	ENSG00000172260	
LGI4	1	ENSG00000153902	
LGI3	1	ENSG00000168481	
PRAF2	1	ENSG00000243279	
LGI2	1	ENSG00000153012	
NAP1L3	1	ENSG00000186310	
NAP1L2	1	ENSG00000186462	
NAP1L1	1	ENSG00000187109	
SGPP2	1	ENSG00000163082	
NAP1L5	1	ENSG00000177432	
SGPP1	1	ENSG00000126821	
NAP1L4	1	ENSG00000205531	
FMNL3	1	ENSG00000161791	
FMNL1	1	ENSG00000184922	
XPNPEP1	1	ENSG00000108039	
XPNPEP2	1	ENSG00000122121	
XPNPEP3	1	ENSG00000196236	
ALOX5AP	1	ENSG00000132965	
ZPR1	1	ENSG00000109917	
ITSN2	1	ENSG00000198399	
JRK	1	ENSG00000234616	
IFT172	1	ENSG00000138002	
ITSN1	1	ENSG00000205726	
RPSA2	1	ENSG00000288920	
ZC3H12D	1	ENSG00000178199	
FAM110A	1	ENSG00000125898	
ZC3H12C	1	ENSG00000149289	
FAM110D	1	ENSG00000197245	
ZC3H12B	1	ENSG00000102053	
FAM110C	1	ENSG00000184731	
FAM110B	1	ENSG00000169122	
ZC3H12A	1	ENSG00000163874	
ANKFY1	1	ENSG00000185722	
SMCO2	1	ENSG00000165935	
CKMT1B	1	ENSG00000237289	
SMCO4	1	ENSG00000166002	
HEMK1	1	ENSG00000114735	
CXADR	1	ENSG00000154639	
ZC3H11C	1	ENSG00000214558	
ZC3H11B	1	ENSG00000215817	
CH25H	1	ENSG00000138135	
MTHFD1	1	ENSG00000100714	
LRATD1	1	ENSG00000162981	
EWSR1	1	ENSG00000182944	
MTHFD2	1	ENSG00000065911	
LRATD2	1	ENSG00000168672	
ZC3H11A	1	ENSG00000058673	
JTB	1	ENSG00000143543	
MPPE1	1	ENSG00000154889	
OPTN	1	ENSG00000123240	
LYPD1	1	ENSG00000150551	
LYPD3	1	ENSG00000124466	
LYPD5	1	ENSG00000159871	
LYPD6	1	ENSG00000187123	
DEDD2	1	ENSG00000160570	
AGMO	1	ENSG00000187546	
NPBWR1	1	ENSG00000288611	
LTA4H	1	ENSG00000111144	
JAG2	1	ENSG00000184916	
HEXIM1	1	ENSG00000186834	
HEXIM2	1	ENSG00000168517	
JAG1	1	ENSG00000101384	
JUP	1	ENSG00000173801	
EIF2AK1	1	ENSG00000086232	
EIF2AK3	1	ENSG00000172071	
EIF2AK2	1	ENSG00000055332	
LNPEP	1	ENSG00000113441	
EIF2AK4	1	ENSG00000128829	
FAM111B	1	ENSG00000189057	
FAM111A	1	ENSG00000166801	
AGO3	1	ENSG00000126070	
AGO4	1	ENSG00000134698	
AGO1	1	ENSG00000092847	
AGO2	1	ENSG00000123908	
NMT1	1	ENSG00000136448	
NMT2	1	ENSG00000152465	
HLA-DRB1	1	ENSG00000196126	
LGMN	1	ENSG00000100600	
DPYS	1	ENSG00000147647	
KDM8	1	ENSG00000155666	
TFCP2L1	1	ENSG00000115112	
JAK2	1	ENSG00000096968	
JAK3	1	ENSG00000105639	
JAK1	1	ENSG00000162434	
CHST8	1	ENSG00000124302	
DUSP4	1	ENSG00000120875	
MAMDC4	1	ENSG00000177943	
CHST9	1	ENSG00000154080	
DUSP5	1	ENSG00000138166	
CHST6	1	ENSG00000183196	
DUSP3	1	ENSG00000108861	
CHST7	1	ENSG00000147119	
CRPPA	1	ENSG00000214960	
IFT140	1	ENSG00000187535	
DUSP1	1	ENSG00000120129	
MAMDC2	1	ENSG00000165072	
DUSP8	1	ENSG00000184545	
DUSP9	1	ENSG00000130829	
DUSP6	1	ENSG00000139318	
DUSP7	1	ENSG00000164086	
FAM246C	1	ENSG00000286025	
SDHAF3	1	ENSG00000196636	
AGPS	1	ENSG00000018510	
DPYD	1	ENSG00000188641	
SDHAF1	1	ENSG00000205138	
CHST1	1	ENSG00000175264	
SDHAF4	1	ENSG00000154079	
CHST4	1	ENSG00000140835	
CHST5	1	ENSG00000135702	
CHST2	1	ENSG00000175040	
CHST3	1	ENSG00000122863	
TP53I13	1	ENSG00000167543	
SPESP1	1	ENSG00000258484	
ABRACL	1	ENSG00000146386	
FAM117B	1	ENSG00000138439	
FAM117A	1	ENSG00000121104	
AGR2	1	ENSG00000106541	
TP53I11	1	ENSG00000175274	
JAM2	1	ENSG00000154721	
JAM3	1	ENSG00000166086	
ATAD1	1	ENSG00000138138	
ATAD5	1	ENSG00000176208	
CKMT1A	1	ENSG00000223572	
ATAD2	1	ENSG00000156802	
MATCAP2	1	ENSG00000164542	
DCBLD1	1	ENSG00000164465	
DCBLD2	1	ENSG00000057019	
CCDC9	1	ENSG00000105321	
CCDC8	1	ENSG00000169515	
CCDC7	1	ENSG00000216937	
CCDC6	1	ENSG00000108091	
CCDC3	1	ENSG00000151468	
LGR6	1	ENSG00000133067	
LGR5	1	ENSG00000139292	
LGR4	1	ENSG00000205213	
GZF1	1	ENSG00000125812	
ATP12A	1	ENSG00000075673	
EFEMP2	1	ENSG00000172638	
EFEMP1	1	ENSG00000115380	
CYSRT1	1	ENSG00000197191	
KMT5B	1	ENSG00000110066	
KMT5A	1	ENSG00000183955	
PCYT2	1	ENSG00000185813	
KMT5C	1	ENSG00000133247	
FAM118A	1	ENSG00000100376	
ATP11C	1	ENSG00000101974	
ATP11A	1	ENSG00000068650	
FAM118B	1	ENSG00000197798	
SRSF2	1	ENSG00000161547	
SRSF4	1	ENSG00000116350	
SRSF5	1	ENSG00000100650	
SRSF6	1	ENSG00000124193	
SRSF7	1	ENSG00000115875	
SRSF8	1	ENSG00000263465	
SRSF9	1	ENSG00000111786	
KMT2E	1	ENSG00000005483	
KMT2D	1	ENSG00000167548	
UQCRB	1	ENSG00000156467	
KMT2C	1	ENSG00000055609	
KMT2B	1	ENSG00000272333	
UAP1	1	ENSG00000117143	
UQCRH	1	ENSG00000173660	
ARL17A	1	ENSG00000185829	
LOXHD1	1	ENSG00000167210	
KHDC4	1	ENSG00000132680	
KDSR	1	ENSG00000119537	
KRTAP4-7	1	ENSG00000240871	
NHSL3	1	ENSG00000162522	
BFSP1	1	ENSG00000125864	
SH3BP5L	1	ENSG00000175137	
UQCRQ	1	ENSG00000164405	
CLPTM1L	1	ENSG00000049656	
ADSS2	1	ENSG00000035687	
ETFA	1	ENSG00000140374	
ETFB	1	ENSG00000105379	
RESF1	1	ENSG00000174718	
PTER	1	ENSG00000165983	
NKX3-2	1	ENSG00000109705	
NKX3-1	1	ENSG00000167034	
VPS9D1	1	ENSG00000075399	
ETF1	1	ENSG00000120705	
SMCR8	1	ENSG00000176994	
AGXT	1	ENSG00000172482	
ATP10D	1	ENSG00000145246	
SRSF1	1	ENSG00000136450	
ATP10B	1	ENSG00000118322	
ATP10A	1	ENSG00000206190	
MTHFSD	1	ENSG00000103248	
ARL13B	1	ENSG00000169379	
NNAT	1	ENSG00000053438	
E2F1	1	ENSG00000101412	
E2F2	1	ENSG00000007968	
E2F3	1	ENSG00000112242	
E2F4	1	ENSG00000205250	
E2F5	1	ENSG00000133740	
E2F6	1	ENSG00000169016	
E2F7	1	ENSG00000165891	
E2F8	1	ENSG00000129173	
SMIM10L1	1	ENSG00000256537	
CNBP	1	ENSG00000169714	
GZMA	1	ENSG00000145649	
STYK1	1	ENSG00000060140	
MAP1LC3B2	1	ENSG00000258102	
GZMB	1	ENSG00000100453	
GZMK	1	ENSG00000113088	
GZMM	1	ENSG00000197540	
OCIAD1	1	ENSG00000109180	
KCP	1	ENSG00000135253	
OCIAD2	1	ENSG00000145247	
ODAD1	1	ENSG00000105479	
ODAD3	1	ENSG00000198003	
ODAD2	1	ENSG00000169126	
ODAD4	1	ENSG00000204815	
ICAM2	1	ENSG00000108622	
ICAM3	1	ENSG00000076662	
ICAM4	1	ENSG00000105371	
IKZF1	1	ENSG00000185811	
ICAM5	1	ENSG00000105376	
IKZF2	1	ENSG00000030419	
IKZF4	1	ENSG00000123411	
IKZF5	1	ENSG00000095574	
ICAM1	1	ENSG00000090339	
ANPEP	1	ENSG00000166825	
KDR	1	ENSG00000128052	
C6orf120	1	ENSG00000185127	
GAREM2	1	ENSG00000157833	
GAREM1	1	ENSG00000141441	
KEL	1	ENSG00000197993	
C6orf118	1	ENSG00000112539	
A3GALT2	1	ENSG00000184389	
ROPN1	1	ENSG00000065371	
TMEM63A	1	ENSG00000196187	
TMEM63B	1	ENSG00000137216	
TMEM63C	1	ENSG00000165548	
SPMIP8	1	ENSG00000159648	
MED12L	1	ENSG00000144893	
DECR2	1	ENSG00000242612	
DECR1	1	ENSG00000104325	
FAM9C	1	ENSG00000187268	
PTK6	1	ENSG00000101213	
CNFN	1	ENSG00000105427	
BRI3BP	1	ENSG00000184992	
PTK2	1	ENSG00000169398	
MED13L	1	ENSG00000123066	
SPMIP4	1	ENSG00000153790	
SPMIP6	1	ENSG00000164972	
NDUFAF8	1	ENSG00000224877	
SPMIP5	1	ENSG00000165863	
NDUFAF6	1	ENSG00000156170	
NDUFAF7	1	ENSG00000003509	
PTK7	1	ENSG00000112655	
NDUFAF4	1	ENSG00000123545	
NDUFAF5	1	ENSG00000101247	
SPMIP1	1	ENSG00000272899	
NDUFAF2	1	ENSG00000164182	
NDUFAF3	1	ENSG00000178057	
NDUFAF1	1	ENSG00000137806	
MON1A	1	ENSG00000164077	
MON1B	1	ENSG00000103111	
SPAG16	1	ENSG00000144451	
SPAG17	1	ENSG00000155761	
AP4E1	1	ENSG00000081014	
SPATC1L	1	ENSG00000160284	
KHK	1	ENSG00000138030	
MT-ATP6	1	ENSG00000198899	
PPP3CA	1	ENSG00000138814	
PPP3CB	1	ENSG00000107758	
PPP3CC	1	ENSG00000120910	
UIMC1	1	ENSG00000087206	
PHGDH	1	ENSG00000092621	
C6orf163	1	ENSG00000203872	
CTTNBP2NL	1	ENSG00000143079	
KIN	1	ENSG00000151657	
ARHGEF9	1	ENSG00000131089	
ANKFN1	1	ENSG00000153930	
KIT	1	ENSG00000157404	
ARHGEF3	1	ENSG00000163947	
ARHGEF1	1	ENSG00000076928	
ARHGEF2	1	ENSG00000116584	
ARHGEF7	1	ENSG00000102606	
PTMA	1	ENSG00000187514	
KIZ	1	ENSG00000088970	
ARHGEF5	1	ENSG00000050327	
ARHGEF6	1	ENSG00000129675	
AHCY	1	ENSG00000101444	
PTPA	1	ENSG00000119383	
FILIP1L	1	ENSG00000168386	
C6orf141	1	ENSG00000197261	
SPRYD3	1	ENSG00000167778	
SPRYD4	1	ENSG00000176422	
KAZALD1	1	ENSG00000107821	
MT-ATP8	1	ENSG00000228253	
SGSM1	1	ENSG00000167037	
RP1L1	1	ENSG00000183638	
SEMG2	1	ENSG00000124157	
SGSM3	1	ENSG00000100359	
SGSM2	1	ENSG00000141258	
SEMG1	1	ENSG00000124233	
NDUFAB1	1	ENSG00000004779	
C6orf136	1	ENSG00000204564	
C6orf132	1	ENSG00000188112	
NEK11	1	ENSG00000114670	
PRDM8	1	ENSG00000152784	
PRDM7	1	ENSG00000126856	
PRDM4	1	ENSG00000110851	
PRDM6	1	ENSG00000061455	
PRDM5	1	ENSG00000138738	
PRDM2	1	ENSG00000116731	
PRDM1	1	ENSG00000057657	
CELSR1	1	ENSG00000075275	
ETS1	1	ENSG00000134954	
CELSR2	1	ENSG00000143126	
CELSR3	1	ENSG00000008300	
ETS2	1	ENSG00000157557	
GNPTAB	1	ENSG00000111670	
FAM3B	1	ENSG00000183844	
FAM3A	1	ENSG00000071889	
MMGT1	1	ENSG00000169446	
ENSG00000285043	1	ENSG00000285043	
ACOT11	1	ENSG00000162390	
ACOT12	1	ENSG00000172497	
ACOT13	1	ENSG00000112304	
KMO	1	ENSG00000117009	
SLFN13	1	ENSG00000154760	
SLFN11	1	ENSG00000172716	
SULT6B1	1	ENSG00000138068	
TSG101	1	ENSG00000074319	
NDUFB10	1	ENSG00000140990	
UBA7	1	ENSG00000182179	
PLGRKT	1	ENSG00000107020	
UBA6	1	ENSG00000033178	
NDUFB11	1	ENSG00000147123	
UBA5	1	ENSG00000081307	
SLC41A2	1	ENSG00000136052	
SLC41A3	1	ENSG00000114544	
SLC41A1	1	ENSG00000133065	
INAVA	1	ENSG00000163362	
CNN3	1	ENSG00000117519	
CNN2	1	ENSG00000064666	
CNN1	1	ENSG00000130176	
CNMD	1	ENSG00000136110	
TCAF2	1	ENSG00000170379	
TCAF1	1	ENSG00000198420	
AHI1	1	ENSG00000135541	
UVSSA	1	ENSG00000163945	
UBA2	1	ENSG00000126261	
UBA1	1	ENSG00000130985	
RNF103-CHMP3	1	ENSG00000249884	
PODXL2	1	ENSG00000114631	
ZNF670-ZNF695	1	ENSG00000135747	
LMNB2	1	ENSG00000176619	
LTB4R	1	ENSG00000213903	
LMNB1	1	ENSG00000113368	
LIAT1	1	ENSG00000187624	
ACOXL	1	ENSG00000153093	
MKKS	1	ENSG00000125863	
ETV1	1	ENSG00000006468	
ETV2	1	ENSG00000105672	
ETV3	1	ENSG00000117036	
ETV4	1	ENSG00000175832	
ETV5	1	ENSG00000244405	
ETV6	1	ENSG00000139083	
ETV7	1	ENSG00000010030	
ACOX2	1	ENSG00000168306	
ACOX1	1	ENSG00000161533	
PTGES3L	1	ENSG00000267060	
ACOX3	1	ENSG00000087008	
SFSWAP	1	ENSG00000061936	
PTX4	1	ENSG00000251692	
NT5C2	1	ENSG00000076685	
CNR1	1	ENSG00000118432	
FAM241B	1	ENSG00000171224	
FAM241A	1	ENSG00000174749	
BNIP1	1	ENSG00000113734	
PTK2B	1	ENSG00000120899	
BNIP2	1	ENSG00000140299	
TRDMT1	1	ENSG00000107614	
NIPSNAP3B	1	ENSG00000165028	
URGCP	1	ENSG00000106608	
NIPSNAP3A	1	ENSG00000136783	
BNIP3	1	ENSG00000176171	
ERCC3	1	ENSG00000163161	
ERCC4	1	ENSG00000175595	
COL7A1	1	ENSG00000114270	
ERCC2	1	ENSG00000104884	
ERCC8	1	ENSG00000049167	
ERCC5	1	ENSG00000134899	
PTX3	1	ENSG00000163661	
ERCC6	1	ENSG00000225830	
BNIPL	1	ENSG00000163141	
PI4K2B	1	ENSG00000038210	
CNTF	1	ENSG00000242689	
DQX1	1	ENSG00000144045	
WDR86	1	ENSG00000187260	
WDR83	1	ENSG00000123154	
MRGPRE	1	ENSG00000184350	
WDR89	1	ENSG00000140006	
WDR88	1	ENSG00000166359	
CNST	1	ENSG00000162852	
WDR93	1	ENSG00000140527	
WDR90	1	ENSG00000161996	
WDR91	1	ENSG00000105875	
LUC7L	1	ENSG00000007392	
WDR74	1	ENSG00000133316	
WDR75	1	ENSG00000115368	
WDR72	1	ENSG00000166415	
WDR73	1	ENSG00000177082	
HCFC2	1	ENSG00000111727	
KNSTRN	1	ENSG00000128944	
WDR76	1	ENSG00000092470	
WDR77	1	ENSG00000116455	
HCFC1	1	ENSG00000172534	
WDR81	1	ENSG00000167716	
WDR82	1	ENSG00000164091	
PARD3	1	ENSG00000148498	
PI4K2A	1	ENSG00000155252	
WDR64	1	ENSG00000162843	
WDR62	1	ENSG00000075702	
BCL10	1	ENSG00000142867	
XKRX	1	ENSG00000182489	
BLOC1S4	1	ENSG00000186222	
BLOC1S5	1	ENSG00000188428	
BLOC1S6	1	ENSG00000104164	
FAM124B	1	ENSG00000124019	
FAM124A	1	ENSG00000150510	
WDR70	1	ENSG00000082068	
BLOC1S1	1	ENSG00000135441	
BLOC1S2	1	ENSG00000196072	
BLOC1S3	1	ENSG00000189114	
HLA-DQA2	1	ENSG00000237541	
HLA-DQA1	1	ENSG00000196735	
LHPP	1	ENSG00000107902	
NDFIP2	1	ENSG00000102471	
WDR59	1	ENSG00000103091	
NDFIP1	1	ENSG00000131507	
WDR53	1	ENSG00000185798	
WDR54	1	ENSG00000005448	
WDR55	1	ENSG00000120314	
XKR8	1	ENSG00000158156	
XKR7	1	ENSG00000260903	
XKR9	1	ENSG00000221947	
ARL2BP	1	ENSG00000102931	
MKS1	1	ENSG00000011143	
WDR5B	1	ENSG00000196981	
XKR3	1	ENSG00000172967	
XKR6	1	ENSG00000171044	
XKR5	1	ENSG00000275591	
WDR49	1	ENSG00000174776	
FANK1	1	ENSG00000203780	
WDR47	1	ENSG00000085433	
WDR48	1	ENSG00000114742	
PHF20	1	ENSG00000025293	
PHF23	1	ENSG00000040633	
WDR41	1	ENSG00000164253	
WDR45	1	ENSG00000196998	
WDR46	1	ENSG00000227057	
WDR43	1	ENSG00000163811	
WDR44	1	ENSG00000131725	
IFIH1	1	ENSG00000115267	
UBL5	1	ENSG00000198258	
UBL3	1	ENSG00000122042	
PHF24	1	ENSG00000122733	
RAB5IF	1	ENSG00000101084	
UBL7	1	ENSG00000138629	
WDR38	1	ENSG00000136918	
HELLS	1	ENSG00000119969	
WDR36	1	ENSG00000134987	
WDR37	1	ENSG00000047056	
AHSG	1	ENSG00000145192	
WDR35	1	ENSG00000118965	
WDR33	1	ENSG00000136709	
KIFC2	1	ENSG00000167702	
KIFBP	1	ENSG00000198954	
KIFC1	1	ENSG00000237649	
AHRR	1	ENSG00000063438	
KIFC3	1	ENSG00000140859	
HLA-DQB2	1	ENSG00000232629	
HLA-DQB1	1	ENSG00000179344	
WDR25	1	ENSG00000176473	
WDR26	1	ENSG00000162923	
AP5Z1	1	ENSG00000242802	
WDR20	1	ENSG00000140153	
WDR24	1	ENSG00000127580	
PPP1R2	1	ENSG00000184203	
RPS15A	1	ENSG00000134419	
PPP1R7	1	ENSG00000115685	
UBN2	1	ENSG00000157741	
PPP1R8	1	ENSG00000117751	
UBN1	1	ENSG00000118900	
WDR17	1	ENSG00000150627	
WDR18	1	ENSG00000065268	
WDR19	1	ENSG00000157796	
WDR12	1	ENSG00000138442	
WDR13	1	ENSG00000101940	
WDR11	1	ENSG00000120008	
PHF5A	1	ENSG00000100410	
CPSF4L	1	ENSG00000187959	
N6AMT1	1	ENSG00000156239	
POGLUT2	1	ENSG00000134901	
POGLUT1	1	ENSG00000163389	
UBP1	1	ENSG00000153560	
PARK7	1	ENSG00000116288	
PPP1CB	1	ENSG00000213639	
PPP1CC	1	ENSG00000186298	
HMCES	1	ENSG00000183624	
LARGE1	1	ENSG00000133424	
LARGE2	1	ENSG00000165905	
POGLUT3	1	ENSG00000178202	
IFNAR2	1	ENSG00000159110	
SSUH2	1	ENSG00000125046	
THOC1	1	ENSG00000079134	
TRAFD1	1	ENSG00000135148	
THOC3	1	ENSG00000051596	
THOC2	1	ENSG00000125676	
THOC5	1	ENSG00000100296	
THOC7	1	ENSG00000163634	
THOC6	1	ENSG00000131652	
MORF4L2	1	ENSG00000123562	
ADTRP	1	ENSG00000111863	
IFNAR1	1	ENSG00000142166	
C20orf96	1	ENSG00000196476	
DRC7	1	ENSG00000159625	
PARM1	1	ENSG00000169116	
FAM149B1	1	ENSG00000138286	
UBR4	1	ENSG00000127481	
UBR3	1	ENSG00000144357	
SLC38A10	1	ENSG00000157637	
UBR2	1	ENSG00000024048	
SLC38A11	1	ENSG00000169507	
UBR1	1	ENSG00000159459	
ORC5	1	ENSG00000164815	
ORC4	1	ENSG00000115947	
ORC6	1	ENSG00000091651	
ORC1	1	ENSG00000085840	
UBR7	1	ENSG00000012963	
UBR5	1	ENSG00000104517	
ORC2	1	ENSG00000115942	
MAP3K20	1	ENSG00000091436	
PPDPFL	1	ENSG00000168333	
MAP3K21	1	ENSG00000143674	
DRD1	1	ENSG00000184845	
DRD2	1	ENSG00000149295	
DRD3	1	ENSG00000151577	
DRD4	1	ENSG00000069696	
FANCI	1	ENSG00000140525	
OSBPL9	1	ENSG00000117859	
OSBPL8	1	ENSG00000091039	
UVRAG	1	ENSG00000198382	
COA3	1	ENSG00000183978	
COA1	1	ENSG00000106603	
OSBPL6	1	ENSG00000079156	
OSBPL5	1	ENSG00000021762	
FANCM	1	ENSG00000187790	
FANCL	1	ENSG00000115392	
OSBPL3	1	ENSG00000070882	
OSBPL2	1	ENSG00000130703	
FANCA	1	ENSG00000187741	
FANCC	1	ENSG00000158169	
FANCB	1	ENSG00000181544	
FANCE	1	ENSG00000112039	
FANCG	1	ENSG00000221829	
FANCF	1	ENSG00000183161	
MAP3K15	1	ENSG00000180815	
LHX3	1	ENSG00000107187	
PUDP	1	ENSG00000130021	
LHX2	1	ENSG00000106689	
MAP3K19	1	ENSG00000176601	
LHX1	1	ENSG00000273706	
LHX6	1	ENSG00000106852	
MAP3K10	1	ENSG00000130758	
LHX5	1	ENSG00000089116	
LHX4	1	ENSG00000121454	
MAP3K13	1	ENSG00000073803	
DRC1	1	ENSG00000157856	
MAP3K14	1	ENSG00000006062	
LHX9	1	ENSG00000143355	
LAT	1	ENSG00000213658	
BCL2L2	1	ENSG00000129473	
LHX8	1	ENSG00000162624	
BCL2L1	1	ENSG00000171552	
MAP3K12	1	ENSG00000139625	
LBH	1	ENSG00000213626	
NOB1	1	ENSG00000141101	
PHACTR3	1	ENSG00000087495	
UBTF	1	ENSG00000108312	
PHACTR2	1	ENSG00000112419	
PHACTR1	1	ENSG00000112137	
LBP	1	ENSG00000129988	
COA8	1	ENSG00000256053	
LBR	1	ENSG00000143815	
COA7	1	ENSG00000162377	
COA6	1	ENSG00000168275	
PHACTR4	1	ENSG00000204138	
COA5	1	ENSG00000183513	
PLA2G12A	1	ENSG00000123739	
KRTAP5-9	1	ENSG00000254997	
CKAP2L	1	ENSG00000169607	
COBL	1	ENSG00000106078	
PLRG1	1	ENSG00000171566	
SMC1A	1	ENSG00000072501	
TIRAP	1	ENSG00000150455	
SMC1B	1	ENSG00000077935	
DNAJC3	1	ENSG00000102580	
DNAJC2	1	ENSG00000105821	
DNAJC1	1	ENSG00000136770	
DNAJC7	1	ENSG00000168259	
MEP1B	1	ENSG00000141434	
ACTBL2	1	ENSG00000169067	
LCK	1	ENSG00000182866	
DNAJC6	1	ENSG00000116675	
NOA1	1	ENSG00000084092	
DNAJC5	1	ENSG00000101152	
DNAJC4	1	ENSG00000110011	
DNAJC9	1	ENSG00000213551	
DNAJC8	1	ENSG00000126698	
NSRP1	1	ENSG00000126653	
LCORL	1	ENSG00000178177	
NOD1	1	ENSG00000106100	
NOD2	1	ENSG00000167207	
COCH	1	ENSG00000100473	
DNAJB2	1	ENSG00000135924	
DNAJB6	1	ENSG00000105993	
DNAJB5	1	ENSG00000137094	
DNAJB4	1	ENSG00000162616	
NOCT	1	ENSG00000151014	
DNAJB9	1	ENSG00000128590	
MACC1	1	ENSG00000183742	
WDR97	1	ENSG00000179698	
RPRD2	1	ENSG00000163125	
OTOGL	1	ENSG00000165899	
DNAJA1	1	ENSG00000086061	
BCKDK	1	ENSG00000103507	
DNAJA4	1	ENSG00000140403	
DNAJA3	1	ENSG00000103423	
DNAJA2	1	ENSG00000069345	
DRG2	1	ENSG00000108591	
IFITM3	1	ENSG00000142089	
VEZT	1	ENSG00000028203	
IFITM1	1	ENSG00000185885	
IFITM2	1	ENSG00000185201	
PARS2	1	ENSG00000162396	
IFIT5	1	ENSG00000152778	
MLC1	1	ENSG00000100427	
IFIT1	1	ENSG00000185745	
HS6ST1	1	ENSG00000136720	
HS6ST2	1	ENSG00000171004	
IFIT3	1	ENSG00000119917	
IFIT2	1	ENSG00000119922	
RPS15	1	ENSG00000115268	
RPS14	1	ENSG00000164587	
RPS17	1	ENSG00000182774	
RPS16	1	ENSG00000105193	
RPS19	1	ENSG00000105372	
RPS18	1	ENSG00000231500	
HMCN2	1	ENSG00000148357	
HMCN1	1	ENSG00000143341	
RPS11	1	ENSG00000142534	
RPS10	1	ENSG00000124614	
RPS13	1	ENSG00000110700	
RPS12	1	ENSG00000112306	
ARRDC4	1	ENSG00000140450	
SRRM3	1	ENSG00000177679	
COG8	1	ENSG00000213380	
SRRM4	1	ENSG00000139767	
COG7	1	ENSG00000168434	
SRRM5	1	ENSG00000226763	
COG5	1	ENSG00000164597	
ARRDC1	1	ENSG00000197070	
COG4	1	ENSG00000103051	
ARRDC2	1	ENSG00000105643	
COG3	1	ENSG00000136152	
ARRDC3	1	ENSG00000113369	
COG2	1	ENSG00000135775	
HLA-B	1	ENSG00000234745	
P3H2	1	ENSG00000090530	
HLA-C	1	ENSG00000204525	
P3H1	1	ENSG00000117385	
COG1	1	ENSG00000166685	
P3H4	1	ENSG00000141696	
YOD1	1	ENSG00000180667	
P3H3	1	ENSG00000110811	
HLA-F	1	ENSG00000204642	
CRNKL1	1	ENSG00000101343	
HLA-G	1	ENSG00000204632	
SRRM1	1	ENSG00000133226	
HLA-E	1	ENSG00000204592	
NEIL3	1	ENSG00000109674	
NEIL2	1	ENSG00000154328	
MTHFD2L	1	ENSG00000163738	
RUBCNL	1	ENSG00000102445	
NEIL1	1	ENSG00000140398	
MACF1	1	ENSG00000127603	
CSTF3	1	ENSG00000176102	
LHB	1	ENSG00000104826	
CSTF2	1	ENSG00000101811	
LIAS	1	ENSG00000121897	
APCDD1	1	ENSG00000154856	
CBARP	1	ENSG00000099625	
FXR1	1	ENSG00000114416	
HELZ2	1	ENSG00000130589	
SCFD1	1	ENSG00000092108	
CHTF8	1	ENSG00000168802	
FXR2	1	ENSG00000129245	
AP5M1	1	ENSG00000053770	
SCFD2	1	ENSG00000184178	
CSTF1	1	ENSG00000101138	
TMEM74B	1	ENSG00000125895	
LIF	1	ENSG00000128342	
PARVA	1	ENSG00000197702	
PARVB	1	ENSG00000188677	
PUM1	1	ENSG00000134644	
TRERF1	1	ENSG00000124496	
PUM3	1	ENSG00000080608	
PUM2	1	ENSG00000055917	
RPS26	1	ENSG00000197728	
RPS25	1	ENSG00000118181	
RPS28	1	ENSG00000233927	
RPS27	1	ENSG00000177954	
RPS29	1	ENSG00000213741	
RPS20	1	ENSG00000008988	
RPS21	1	ENSG00000171858	
RPS24	1	ENSG00000138326	
RPS23	1	ENSG00000186468	
AHCTF1	1	ENSG00000153207	
UBXN1	1	ENSG00000162191	
MEOX2	1	ENSG00000106511	
COIL	1	ENSG00000121058	
C1QBP	1	ENSG00000108561	
UBXN8	1	ENSG00000104691	
UBXN4	1	ENSG00000144224	
FEZF2	1	ENSG00000153266	
FEZF1	1	ENSG00000128610	
UBXN6	1	ENSG00000167671	
LRRCC1	1	ENSG00000133739	
PARP3	1	ENSG00000041880	
PARP4	1	ENSG00000102699	
PARP1	1	ENSG00000143799	
PARP2	1	ENSG00000129484	
STRADA	1	ENSG00000266173	
STRADB	1	ENSG00000082146	
ZDHHC12	1	ENSG00000160446	
ZDHHC13	1	ENSG00000177054	
GP1BA	1	ENSG00000185245	
ZDHHC11	1	ENSG00000188818	
ZDHHC16	1	ENSG00000171307	
PARP9	1	ENSG00000138496	
ZDHHC17	1	ENSG00000186908	
MLF1	1	ENSG00000178053	
ZDHHC14	1	ENSG00000175048	
ZDHHC15	1	ENSG00000102383	
MLF2	1	ENSG00000089693	
AIDA	1	ENSG00000186063	
FYTTD1	1	ENSG00000122068	
SLC66A3	1	ENSG00000162976	
MACIR	1	ENSG00000181751	
SLC66A2	1	ENSG00000122490	
ZDHHC20	1	ENSG00000180776	
SLC66A1	1	ENSG00000040487	
ICA1L	1	ENSG00000163596	
AMIGO1	1	ENSG00000181754	
AMIGO2	1	ENSG00000139211	
ZDHHC23	1	ENSG00000184307	
GDPD1	1	ENSG00000153982	
NOL7	1	ENSG00000225921	
GDPD2	1	ENSG00000130055	
NOL8	1	ENSG00000198000	
ZDHHC24	1	ENSG00000174165	
GDPD3	1	ENSG00000102886	
NOL9	1	ENSG00000162408	
ZDHHC22	1	ENSG00000177108	
GDPD5	1	ENSG00000158555	
NOL3	1	ENSG00000140939	
NOL4	1	ENSG00000101746	
NOL6	1	ENSG00000165271	
DRP2	1	ENSG00000102385	
PURB	1	ENSG00000146676	
PPP2CB	1	ENSG00000104695	
PURA	1	ENSG00000185129	
ZDHHC18	1	ENSG00000204160	
EGFLAM	1	ENSG00000164318	
ZDHHC19	1	ENSG00000163958	
MTHFD1L	1	ENSG00000120254	
WIF1	1	ENSG00000156076	
KISS1R	1	ENSG00000116014	
RPRML	1	ENSG00000179673	
LAIR1	1	ENSG00000167613	
PURG	1	ENSG00000172733	
AIG1	1	ENSG00000146416	
MLH3	1	ENSG00000119684	
COLQ	1	ENSG00000206561	
ATAT1	1	ENSG00000137343	
NDUFA13	1	ENSG00000186010	
NDUFA12	1	ENSG00000184752	
TAMM41	1	ENSG00000144559	
NDUFA10	1	ENSG00000130414	
ZSCAN9	1	ENSG00000137185	
ARHGDIG	1	ENSG00000242173	
COMT	1	ENSG00000093010	
CNDP1	1	ENSG00000150656	
CNDP2	1	ENSG00000133313	
DOCK10	1	ENSG00000135905	
COMP	1	ENSG00000105664	
DOCK11	1	ENSG00000147251	
MATCAP1	1	ENSG00000196123	
ARHGDIB	1	ENSG00000111348	
PUS3	1	ENSG00000110060	
NOM1	1	ENSG00000146909	
MLIP	1	ENSG00000146147	
LIG1	1	ENSG00000105486	
PUS1	1	ENSG00000177192	
LIG4	1	ENSG00000174405	
ATP1B4	1	ENSG00000101892	
LIG3	1	ENSG00000005156	
ATP1B3	1	ENSG00000069849	
LIFR	1	ENSG00000113594	
ATP1B2	1	ENSG00000129244	
ATP1B1	1	ENSG00000143153	
PUS7	1	ENSG00000091127	
AP5B1	1	ENSG00000254470	
LOX	1	ENSG00000113083	
CERCAM	1	ENSG00000167123	
JCAD	1	ENSG00000165757	
COPA	1	ENSG00000122218	
LPL	1	ENSG00000175445	
NOP9	1	ENSG00000196943	
COP1	1	ENSG00000143207	
CDH20	1	ENSG00000101542	
CDH22	1	ENSG00000149654	
CDH23	1	ENSG00000107736	
CDH24	1	ENSG00000139880	
CDH26	1	ENSG00000124215	
MLKL	1	ENSG00000168404	
UQCC3	1	ENSG00000204922	
UQCC2	1	ENSG00000137288	
UQCC1	1	ENSG00000101019	
NONO	1	ENSG00000147140	
UQCC6	1	ENSG00000204954	
MACO1	1	ENSG00000204178	
UQCC5	1	ENSG00000168273	
COQ9	1	ENSG00000088682	
UQCC4	1	ENSG00000174109	
COQ7	1	ENSG00000167186	
COQ6	1	ENSG00000119723	
COQ5	1	ENSG00000110871	
COQ4	1	ENSG00000167113	
COQ3	1	ENSG00000132423	
COQ2	1	ENSG00000173085	
BLMH	1	ENSG00000108578	
BRWD1	1	ENSG00000185658	
ZSCAN2	1	ENSG00000176371	
COPE	1	ENSG00000105669	
BRWD3	1	ENSG00000165288	
ZSCAN1	1	ENSG00000152467	
GPSM1	1	ENSG00000160360	
GPSM2	1	ENSG00000121957	
ASNSD1	1	ENSG00000138381	
SLC40A1	1	ENSG00000138449	
FHAD1	1	ENSG00000142621	
MFSD8	1	ENSG00000164073	
RPS4X	1	ENSG00000198034	
MFSD9	1	ENSG00000135953	
MFSD6	1	ENSG00000151690	
MFSD5	1	ENSG00000182544	
MFSD3	1	ENSG00000167700	
MFSD1	1	ENSG00000118855	
NOS1	1	ENSG00000089250	
TOPBP1	1	ENSG00000163781	
GPSM3	1	ENSG00000213654	
HGSNAT	1	ENSG00000165102	
LSR	1	ENSG00000105699	
RPS3A	1	ENSG00000145425	
LSS	1	ENSG00000160285	
FCHSD1	1	ENSG00000197948	
CORT	1	ENSG00000241563	
FCHSD2	1	ENSG00000137478	
DDAH1	1	ENSG00000153904	
DDAH2	1	ENSG00000213722	
COL6A2	1	ENSG00000142173	
CDH10	1	ENSG00000040731	
COL6A1	1	ENSG00000142156	
CDH11	1	ENSG00000140937	
AKT1S1	1	ENSG00000204673	
CDH12	1	ENSG00000154162	
LTA	1	ENSG00000226979	
COL6A3	1	ENSG00000163359	
CDH13	1	ENSG00000140945	
TERF2IP	1	ENSG00000166848	
AKNAD1	1	ENSG00000162641	
COL6A6	1	ENSG00000206384	
COL6A5	1	ENSG00000172752	
CDH15	1	ENSG00000129910	
LTB	1	ENSG00000227507	
THOP1	1	ENSG00000172009	
CDH18	1	ENSG00000145526	
LTF	1	ENSG00000012223	
CDH19	1	ENSG00000071991	
LTK	1	ENSG00000062524	
ATP1A3	1	ENSG00000105409	
ATP1A2	1	ENSG00000018625	
ATP1A1	1	ENSG00000163399	
LIN9	1	ENSG00000183814	
CHSY1	1	ENSG00000131873	
FAM120C	1	ENSG00000184083	
FAM120B	1	ENSG00000112584	
FAM120A	1	ENSG00000048828	
CHSY3	1	ENSG00000198108	
OPCML	1	ENSG00000183715	
NOS2	1	ENSG00000007171	
NOS3	1	ENSG00000164867	
LUM	1	ENSG00000139329	
MLPH	1	ENSG00000115648	
SLFNL1	1	ENSG00000171790	
KANSL1	1	ENSG00000120071	
KANSL2	1	ENSG00000139620	
PITHD1	1	ENSG00000057757	
KANSL3	1	ENSG00000114982	
PAXBP1	1	ENSG00000159086	
USP6NL	1	ENSG00000148429	
LIPA	1	ENSG00000107798	
TSEN54	1	ENSG00000182173	
PREX2	1	ENSG00000046889	
ATP5IF1	1	ENSG00000130770	
PREX1	1	ENSG00000124126	
SAMD14	1	ENSG00000167100	
LIPC	1	ENSG00000166035	
SAMD15	1	ENSG00000100583	
MPRIP	1	ENSG00000133030	
LIPH	1	ENSG00000163898	
LIPG	1	ENSG00000101670	
NKX1-2	1	ENSG00000229544	
NKX1-1	1	ENSG00000235608	
SAMD12	1	ENSG00000177570	
SAMD13	1	ENSG00000203943	
SAMD10	1	ENSG00000130590	
SAMD11	1	ENSG00000187634	
STARD3	1	ENSG00000131748	
GABARAPL2	1	ENSG00000034713	
STARD4	1	ENSG00000164211	
GABARAPL1	1	ENSG00000139112	
CFAP96	1	ENSG00000205129	
STARD5	1	ENSG00000172345	
CFAP95	1	ENSG00000204711	
CSNK2A1	1	ENSG00000101266	
STARD6	1	ENSG00000174448	
CFAP90	1	ENSG00000215217	
STARD7	1	ENSG00000084090	
STARD8	1	ENSG00000130052	
CFAP92	1	ENSG00000114656	
CSNK2A3	1	ENSG00000254598	
CFAP91	1	ENSG00000183833	
STARD9	1	ENSG00000159433	
CSNK2A2	1	ENSG00000070770	
DNTTIP1	1	ENSG00000101457	
DNTTIP2	1	ENSG00000067334	
CLNS1A	1	ENSG00000074201	
AKIP1	1	ENSG00000166452	
CDIP1	1	ENSG00000089486	
ENTHD1	1	ENSG00000176177	
CFAP97	1	ENSG00000164323	
CFAP61	1	ENSG00000089101	
HACD1	1	ENSG00000165996	
PARPBP	1	ENSG00000185480	
LXN	1	ENSG00000079257	
HS3ST3A1	1	ENSG00000153976	
RETSAT	1	ENSG00000042445	
AIRE	1	ENSG00000160224	
HACD3	1	ENSG00000074696	
HACD2	1	ENSG00000206527	
BLACAT1	1	ENSG00000281406	
HACD4	1	ENSG00000188921	
FAM221A	1	ENSG00000188732	
GUCD1	1	ENSG00000138867	
CFAP69	1	ENSG00000105792	
VTI1A	1	ENSG00000151532	
CFAP68	1	ENSG00000137720	
CFAP65	1	ENSG00000181378	
PPARGC1B	1	ENSG00000155846	
VTI1B	1	ENSG00000100568	
GPIHBP1	1	ENSG00000277494	
LYN	1	ENSG00000254087	
CFAP74	1	ENSG00000142609	
FYB1	1	ENSG00000082074	
HACE1	1	ENSG00000085382	
CFAP73	1	ENSG00000186710	
CFAP70	1	ENSG00000156042	
APCDD1L	1	ENSG00000198768	
INCA1	1	ENSG00000196388	
NR0B1	1	ENSG00000169297	
BBIP1	1	ENSG00000214413	
LYZ	1	ENSG00000090382	
PCDHGA10	1	ENSG00000253846	
PCDHGA11	1	ENSG00000253873	
UCK2	1	ENSG00000143179	
PCDHGA12	1	ENSG00000253159	
UCK1	1	ENSG00000130717	
NOX4	1	ENSG00000086991	
CDIN1	1	ENSG00000186073	
EFCC1	1	ENSG00000114654	
CFAP77	1	ENSG00000188523	
C7orf50	1	ENSG00000146540	
ATF7IP2	1	ENSG00000166669	
DIS3L	1	ENSG00000166938	
PQBP1	1	ENSG00000102103	
UCN2	1	ENSG00000145040	
FLVCR1	1	ENSG00000162769	
FLVCR2	1	ENSG00000119686	
NELFB	1	ENSG00000188986	
NELFA	1	ENSG00000185049	
C7orf57	1	ENSG00000164746	
NELFE	1	ENSG00000204356	
HLA-DPA1	1	ENSG00000231389	
NSUN5	1	ENSG00000130305	
NSUN2	1	ENSG00000037474	
NSUN3	1	ENSG00000178694	
NSUN6	1	ENSG00000241058	
NSUN7	1	ENSG00000179299	
DYNLL1	1	ENSG00000088986	
DYNLL2	1	ENSG00000264364	
FAM222B	1	ENSG00000173065	
FAM222A	1	ENSG00000139438	
ACRV1	1	ENSG00000134940	
KARS1	1	ENSG00000065427	
RPS27L	1	ENSG00000185088	
STYXL2	1	ENSG00000198842	
STYXL1	1	ENSG00000127952	
FOXS1	1	ENSG00000179772	
UCP3	1	ENSG00000175564	
RPS27A	1	ENSG00000143947	
EVC2	1	ENSG00000173040	
ANKIB1	1	ENSG00000001629	
SAMD4A	1	ENSG00000020577	
SAMD4B	1	ENSG00000179134	
LYRM9	1	ENSG00000232859	
GATAD2B	1	ENSG00000143614	
GATAD2A	1	ENSG00000167491	
STXBP5L	1	ENSG00000145087	
LYRM1	1	ENSG00000102897	
LYRM2	1	ENSG00000083099	
LYRM4	1	ENSG00000214113	
LYRM7	1	ENSG00000186687	
MPLKIP	1	ENSG00000168303	
C7orf25	1	ENSG00000136197	
MYLK2	1	ENSG00000101306	
NRROS	1	ENSG00000174004	
FAM228A	1	ENSG00000186453	
CXCL13	1	ENSG00000156234	
CXCL14	1	ENSG00000145824	
MYLK3	1	ENSG00000140795	
CXCL16	1	ENSG00000161921	
MYLK4	1	ENSG00000145949	
FAM228B	1	ENSG00000219626	
FOXQ1	1	ENSG00000164379	
SLC25A48	1	ENSG00000145832	
ATCAY	1	ENSG00000167654	
OSBP	1	ENSG00000110048	
SLC25A41	1	ENSG00000181240	
FBRSL1	1	ENSG00000112787	
SLC25A40	1	ENSG00000075303	
SLC25A43	1	ENSG00000077713	
SLC25A42	1	ENSG00000181035	
SLC25A45	1	ENSG00000162241	
SLC25A44	1	ENSG00000160785	
SLC25A47	1	ENSG00000140107	
SLC25A46	1	ENSG00000164209	
CPA2	1	ENSG00000158516	
TICAM2	1	ENSG00000243414	
FOXP4	1	ENSG00000137166	
TICAM1	1	ENSG00000127666	
FOXP3	1	ENSG00000049768	
FOXP2	1	ENSG00000128573	
FAM227B	1	ENSG00000166262	
FOXP1	1	ENSG00000114861	
FAM227A	1	ENSG00000184949	
MAG	1	ENSG00000105695	
MAF	1	ENSG00000178573	
LIX1	1	ENSG00000145721	
MAK	1	ENSG00000111837	
RBM14-RBM4	1	ENSG00000248643	
FSCN1	1	ENSG00000075618	
SLC25A52	1	ENSG00000141437	
SLC25A51	1	ENSG00000122696	
MAL	1	ENSG00000172005	
FSCN3	1	ENSG00000106328	
FSCN2	1	ENSG00000186765	
SLC25A53	1	ENSG00000269743	
DSC1	1	ENSG00000134765	
DSC3	1	ENSG00000134762	
RNASEH2C	1	ENSG00000172922	
CPB1	1	ENSG00000153002	
RNASEH2A	1	ENSG00000104889	
TROAP	1	ENSG00000135451	
MAZ	1	ENSG00000103495	
GLIS3	1	ENSG00000107249	
FOXO6	1	ENSG00000204060	
FOXO3	1	ENSG00000118689	
KRCC1	1	ENSG00000172086	
FOXO1	1	ENSG00000150907	
GLIS1	1	ENSG00000174332	
GLIS2	1	ENSG00000126603	
CNTNAP3C	1	ENSG00000283378	
CNTNAP3B	1	ENSG00000154529	
DSEL	1	ENSG00000171451	
CLTCL1	1	ENSG00000070371	
E4F1	1	ENSG00000167967	
MBP	1	ENSG00000197971	
HACL1	1	ENSG00000131373	
EVI5	1	ENSG00000067208	
CPA6	1	ENSG00000165078	
C7orf78	1	ENSG00000226690	
CPA5	1	ENSG00000158525	
CPA4	1	ENSG00000128510	
FAM229B	1	ENSG00000203778	
FAM229A	1	ENSG00000225828	
FOXN4	1	ENSG00000139445	
FOXN3	1	ENSG00000053254	
MCC	1	ENSG00000171444	
FOXN2	1	ENSG00000170802	
CXCL10	1	ENSG00000169245	
CXCL11	1	ENSG00000169248	
SCGB3A2	1	ENSG00000164265	
MCU	1	ENSG00000156026	
ARHGAP11A	1	ENSG00000198826	
ARHGAP11B	1	ENSG00000285077	
CELF1	1	ENSG00000149187	
CDCA7L	1	ENSG00000164649	
CELF2	1	ENSG00000048740	
CELF3	1	ENSG00000159409	
CELF4	1	ENSG00000101489	
CELF5	1	ENSG00000161082	
MCM10	1	ENSG00000065328	
FOXM1	1	ENSG00000111206	
FSD1L	1	ENSG00000106701	
MDK	1	ENSG00000110492	
ME1	1	ENSG00000065833	
ME2	1	ENSG00000082212	
FOXL2	1	ENSG00000183770	
FOXL1	1	ENSG00000176678	
SLC25A16	1	ENSG00000122912	
SLC25A15	1	ENSG00000102743	
SLC25A18	1	ENSG00000182902	
SLC25A17	1	ENSG00000100372	
NPC1	1	ENSG00000141458	
SLC25A19	1	ENSG00000125454	
NPC2	1	ENSG00000119655	
SLC25A10	1	ENSG00000183048	
SLC25A12	1	ENSG00000115840	
MET	1	ENSG00000105976	
SLC25A11	1	ENSG00000108528	
SLC25A14	1	ENSG00000102078	
SLC25A13	1	ENSG00000004864	
FOXK2	1	ENSG00000141568	
FOXK1	1	ENSG00000164916	
MFF	1	ENSG00000168958	
SLC25A27	1	ENSG00000153291	
SLC25A26	1	ENSG00000144741	
SLC25A29	1	ENSG00000197119	
SLC25A28	1	ENSG00000155287	
SLC25A21	1	ENSG00000183032	
SLC25A20	1	ENSG00000178537	
SLC25A23	1	ENSG00000125648	
SLC25A22	1	ENSG00000177542	
SLC25A25	1	ENSG00000148339	
SLC25A24	1	ENSG00000085491	
CTHRC1	1	ENSG00000164932	
MMAA	1	ENSG00000151611	
MMAB	1	ENSG00000139428	
MGA	1	ENSG00000174197	
FOXJ3	1	ENSG00000198815	
FOXJ2	1	ENSG00000065970	
FOXJ1	1	ENSG00000129654	
DHODH	1	ENSG00000102967	
SLC25A38	1	ENSG00000144659	
NELL2	1	ENSG00000184613	
NELL1	1	ENSG00000165973	
SLC25A37	1	ENSG00000147454	
SLC25A39	1	ENSG00000013306	
MGP	1	ENSG00000111341	
SLC25A30	1	ENSG00000174032	
SLC25A32	1	ENSG00000164933	
P4HB	1	ENSG00000185624	
SLC25A34	1	ENSG00000162461	
SLC25A33	1	ENSG00000171612	
SLC25A36	1	ENSG00000114120	
SLC25A35	1	ENSG00000125434	
SPON2	1	ENSG00000159674	
SPON1	1	ENSG00000262655	
FOXI1	1	ENSG00000168269	
ZDHHC6	1	ENSG00000023041	
ZDHHC7	1	ENSG00000153786	
ZDHHC8	1	ENSG00000099904	
ZDHHC1	1	ENSG00000159714	
ZDHHC2	1	ENSG00000104219	
ZDHHC3	1	ENSG00000163812	
ZDHHC4	1	ENSG00000136247	
GOLGA6L10	1	ENSG00000278662	
CHORDC1	1	ENSG00000110172	
TMEM88B	1	ENSG00000205116	
NPFF	1	ENSG00000139574	
NSMCE3	1	ENSG00000185115	
FOXH1	1	ENSG00000160973	
NSMCE1	1	ENSG00000169189	
MIF	1	ENSG00000240972	
HASPIN	1	ENSG00000177602	
GNPAT	1	ENSG00000116906	
SFRP4	1	ENSG00000106483	
SFRP1	1	ENSG00000104332	
SFRP2	1	ENSG00000145423	
SFRP5	1	ENSG00000120057	
CTXN2	1	ENSG00000233932	
CTXN1	1	ENSG00000178531	
TMEM87A	1	ENSG00000103978	
TMEM87B	1	ENSG00000153214	
FOXG1	1	ENSG00000176165	
EVPL	1	ENSG00000167880	
DSN1	1	ENSG00000149636	
RIMKLA	1	ENSG00000177181	
RBM12	1	ENSG00000244462	
RIMKLB	1	ENSG00000166532	
RBM10	1	ENSG00000182872	
TMEM86A	1	ENSG00000151117	
TMEM86B	1	ENSG00000180089	
FOXF2	1	ENSG00000137273	
FOXF1	1	ENSG00000103241	
PILRB	1	ENSG00000121716	
PILRA	1	ENSG00000085514	
COL9A1	1	ENSG00000112280	
COL9A3	1	ENSG00000092758	
CYSTM1	1	ENSG00000120306	
COL9A2	1	ENSG00000049089	
MKX	1	ENSG00000150051	
RCOR3	1	ENSG00000117625	
GLIPR1L1	1	ENSG00000173401	
GLIPR1L2	1	ENSG00000180481	
RCOR2	1	ENSG00000167771	
RCOR1	1	ENSG00000089902	
FKBP11	1	ENSG00000134285	
FKBP10	1	ENSG00000141756	
SUV39H2	1	ENSG00000152455	
FOXE3	1	ENSG00000186790	
DOC2A	1	ENSG00000149927	
FKBP15	1	ENSG00000119321	
FOXE1	1	ENSG00000178919	
FKBP14	1	ENSG00000106080	
SUV39H1	1	ENSG00000101945	
MOGAT1	1	ENSG00000124003	
DOC2B	1	ENSG00000272636	
BMI1	1	ENSG00000168283	
MLX	1	ENSG00000108788	
UTP14A	1	ENSG00000156697	
ANKDD1B	1	ENSG00000189045	
SBSPON	1	ENSG00000164764	
FOXD4	1	ENSG00000170122	
ANKDD1A	1	ENSG00000166839	
FOXD3	1	ENSG00000187140	
FOXD2	1	ENSG00000186564	
FOXD1	1	ENSG00000251493	
MME	1	ENSG00000196549	
MMD	1	ENSG00000108960	
OSMR	1	ENSG00000145623	
MN1	1	ENSG00000169184	
FOXC2	1	ENSG00000176692	
FOXC1	1	ENSG00000054598	
RABGAP1	1	ENSG00000011454	
SPINDOC	1	ENSG00000168005	
DYNLT2B	1	ENSG00000213123	
IBA57	1	ENSG00000181873	
MNT	1	ENSG00000070444	
PGRMC1	1	ENSG00000101856	
PGRMC2	1	ENSG00000164040	
FOXB1	1	ENSG00000171956	
NPM1	1	ENSG00000181163	
NPM2	1	ENSG00000158806	
CAVIN1	1	ENSG00000177469	
MOG	1	ENSG00000204655	
CAVIN2	1	ENSG00000168497	
CAVIN3	1	ENSG00000170955	
CAVIN4	1	ENSG00000170681	
MOK	1	ENSG00000080823	
NPM3	1	ENSG00000107833	
CABCOCO1	1	ENSG00000183346	
PPP1CA	1	ENSG00000172531	
DSPP	1	ENSG00000152591	
KGD4	1	ENSG00000134056	
FKBP1A	1	ENSG00000088832	
ZDHHC9	1	ENSG00000188706	
FKBP1B	1	ENSG00000119782	
RLIG1	1	ENSG00000133641	
FOXA3	1	ENSG00000170608	
ENGASE	1	ENSG00000167280	
FOXA2	1	ENSG00000125798	
FOXA1	1	ENSG00000129514	
SAMD9L	1	ENSG00000177409	
PLVAP	1	ENSG00000130300	
MPG	1	ENSG00000103152	
MPI	1	ENSG00000178802	
MPL	1	ENSG00000117400	
WBP1L	1	ENSG00000166272	
CPOX	1	ENSG00000080819	
CCER2	1	ENSG00000262484	
ACRBP	1	ENSG00000111644	
IFI44L	1	ENSG00000137959	
NPPB	1	ENSG00000120937	
NPPC	1	ENSG00000163273	
NPPA	1	ENSG00000175206	
SNIP1	1	ENSG00000163877	
OSR2	1	ENSG00000164920	
ADPRHL1	1	ENSG00000153531	
OSR1	1	ENSG00000143867	
RPGRIP1L	1	ENSG00000103494	
NPNT	1	ENSG00000168743	
WBP11	1	ENSG00000084463	
MR1	1	ENSG00000153029	
DPEP1	1	ENSG00000015413	
HOMEZ	1	ENSG00000290292	
UTP25	1	ENSG00000117597	
C20orf144	1	ENSG00000149609	
RBM8A	1	ENSG00000265241	
NPR1	1	ENSG00000169418	
NPR2	1	ENSG00000159899	
NPR3	1	ENSG00000113389	
UTP23	1	ENSG00000147679	
MRO	1	ENSG00000134042	
TAC4	1	ENSG00000176358	
TAC3	1	ENSG00000166863	
UTP20	1	ENSG00000120800	
VARS2	1	ENSG00000137411	
MSC	1	ENSG00000178860	
VARS1	1	ENSG00000204394	
BCL9L	1	ENSG00000186174	
OST4	1	ENSG00000228474	
ZFHX3	1	ENSG00000140836	
ZFHX2	1	ENSG00000136367	
SLC52A2	1	ENSG00000185803	
SLC52A3	1	ENSG00000101276	
HMGA1	1	ENSG00000137309	
MSN	1	ENSG00000147065	
DSTN	1	ENSG00000125868	
SLC52A1	1	ENSG00000132517	
HMGA2	1	ENSG00000149948	
EVX1	1	ENSG00000106038	
SHISAL1	1	ENSG00000138944	
EVX2	1	ENSG00000174279	
ZFHX4	1	ENSG00000091656	
BMP7	1	ENSG00000101144	
MT3	1	ENSG00000087250	
ANKHD1	1	ENSG00000131503	
BMP6	1	ENSG00000153162	
BMP5	1	ENSG00000112175	
BMP4	1	ENSG00000125378	
BMP3	1	ENSG00000152785	
BMP2	1	ENSG00000125845	
BMP1	1	ENSG00000168487	
AJM1	1	ENSG00000232434	
CPS1	1	ENSG00000021826	
MMP24OS	1	ENSG00000126005	
OSTC	1	ENSG00000198856	
TAB3	1	ENSG00000157625	
TAB2	1	ENSG00000055208	
TAB1	1	ENSG00000100324	
LSM14B	1	ENSG00000149657	
LSM14A	1	ENSG00000257103	
RBM27	1	ENSG00000091009	
RBM28	1	ENSG00000106344	
RBM25	1	ENSG00000119707	
RBM26	1	ENSG00000139746	
NAA40	1	ENSG00000110583	
RHOXF1	1	ENSG00000101883	
LAMC3	1	ENSG00000050555	
HMGB2	1	ENSG00000164104	
ATP2A2	1	ENSG00000174437	
PSIP1	1	ENSG00000164985	
HMGB3	1	ENSG00000029993	
LAMC2	1	ENSG00000058085	
MTR	1	ENSG00000116984	
ATP2A1	1	ENSG00000196296	
HMGB1	1	ENSG00000189403	
LAMC1	1	ENSG00000135862	
SEC61A2	1	ENSG00000065665	
SEC61A1	1	ENSG00000058262	
BCL7A	1	ENSG00000110987	
CPT2	1	ENSG00000157184	
BCL7C	1	ENSG00000099385	
BCL7B	1	ENSG00000106635	
NPTN	1	ENSG00000156642	
CFAP47	1	ENSG00000165164	
CFAP46	1	ENSG00000171811	
UQCRFS1	1	ENSG00000169021	
LRRFIP2	1	ENSG00000093167	
LRRFIP1	1	ENSG00000124831	
RBM34	1	ENSG00000188739	
CFAP43	1	ENSG00000197748	
SULT4A1	1	ENSG00000130540	
CFAP45	1	ENSG00000213085	
CFAP44	1	ENSG00000206530	
RBM33	1	ENSG00000184863	
DYNLT5	1	ENSG00000152760	
UTP15	1	ENSG00000164338	
HS3ST3B1	1	ENSG00000125430	
RBM17	1	ENSG00000134453	
CFAP52	1	ENSG00000166596	
NAA30	1	ENSG00000139977	
RBM14	1	ENSG00000239306	
RBM15	1	ENSG00000162775	
MMP7	1	ENSG00000137673	
UTP11	1	ENSG00000183520	
DYNLT1	1	ENSG00000146425	
DYNLT2	1	ENSG00000184786	
MMP1	1	ENSG00000196611	
RBM18	1	ENSG00000119446	
MMP2	1	ENSG00000087245	
DYNLT3	1	ENSG00000165169	
MMP3	1	ENSG00000149968	
RBM19	1	ENSG00000122965	
DYNLT4	1	ENSG00000188396	
MMP8	1	ENSG00000118113	
UTP18	1	ENSG00000011260	
MMP9	1	ENSG00000100985	
GORASP2	1	ENSG00000115806	
GORASP1	1	ENSG00000114745	
CDHR1	1	ENSG00000148600	
CPTP	1	ENSG00000224051	
CDHR2	1	ENSG00000074276	
CDHR3	1	ENSG00000128536	
CFAP58	1	ENSG00000120051	
NAA35	1	ENSG00000135040	
CDHR4	1	ENSG00000187492	
CFAP57	1	ENSG00000243710	
NAA38	1	ENSG00000183011	
MVD	1	ENSG00000167508	
RBM23	1	ENSG00000100461	
CFAP54	1	ENSG00000188596	
RBM24	1	ENSG00000112183	
CFAP53	1	ENSG00000172361	
PNLIPRP3	1	ENSG00000203837	
RBM22	1	ENSG00000086589	
LAMA5	1	ENSG00000130702	
HEPN1	1	ENSG00000221932	
RBM47	1	ENSG00000163694	
RBM48	1	ENSG00000127993	
MVK	1	ENSG00000110921	
LAMA2	1	ENSG00000196569	
LAMA1	1	ENSG00000101680	
NAA20	1	ENSG00000173418	
LAMA4	1	ENSG00000112769	
MVP	1	ENSG00000013364	
GOSR2	1	ENSG00000108433	
LAMA3	1	ENSG00000053747	
GOSR1	1	ENSG00000108587	
TAF9	1	ENSG00000273841	
RBM4B	1	ENSG00000173914	
HMGCR	1	ENSG00000113161	
ATP2C1	1	ENSG00000017260	
LYSET	1	ENSG00000153485	
HMGCL	1	ENSG00000117305	
RAB40A	1	ENSG00000172476	
RAB40B	1	ENSG00000141542	
RAB40C	1	ENSG00000197562	
BMS1	1	ENSG00000165733	
NAA25	1	ENSG00000111300	
EPS8L1	1	ENSG00000131037	
EPS8L2	1	ENSG00000177106	
CFAP20	1	ENSG00000070761	
RBM38	1	ENSG00000132819	
RBM39	1	ENSG00000131051	
NAA10	1	ENSG00000102030	
LAMB3	1	ENSG00000196878	
LAMB2	1	ENSG00000172037	
MX2	1	ENSG00000183486	
MX1	1	ENSG00000157601	
LAMB4	1	ENSG00000091128	
ATP2B4	1	ENSG00000058668	
ATP2B3	1	ENSG00000067842	
ATP2B2	1	ENSG00000157087	
LAMB1	1	ENSG00000091136	
ATP2B1	1	ENSG00000070961	
BCL6B	1	ENSG00000161940	
TAF8	1	ENSG00000137413	
CFAP36	1	ENSG00000163001	
RBM42	1	ENSG00000126254	
TAF7	1	ENSG00000178913	
NAA16	1	ENSG00000172766	
TAF6	1	ENSG00000106290	
NAA15	1	ENSG00000164134	
TAF5	1	ENSG00000148835	
TAF4	1	ENSG00000130699	
CPVL	1	ENSG00000106066	
TAF3	1	ENSG00000165632	
RBM46	1	ENSG00000151962	
TAF2	1	ENSG00000064313	
RBM43	1	ENSG00000184898	
RBM44	1	ENSG00000177483	
TLNRD1	1	ENSG00000140406	
DCAF8	1	ENSG00000132716	
DCAF5	1	ENSG00000139990	
TPGS1	1	ENSG00000141933	
DCAF7	1	ENSG00000136485	
DCAF6	1	ENSG00000143164	
TPGS2	1	ENSG00000134779	
MYC	1	ENSG00000136997	
CDK20	1	ENSG00000156345	
MMUT	1	ENSG00000146085	
NKX2-8	1	ENSG00000136327	
IAH1	1	ENSG00000134330	
SULT2B1	1	ENSG00000088002	
PRDX3	1	ENSG00000165672	
PRDX2	1	ENSG00000167815	
PRDX5	1	ENSG00000126432	
PRDX4	1	ENSG00000123131	
PRDX1	1	ENSG00000117450	
NKX2-1	1	ENSG00000136352	
NKX2-5	1	ENSG00000183072	
NKX2-3	1	ENSG00000119919	
NKX2-2	1	ENSG00000125820	
CDK17	1	ENSG00000059758	
FZD1	1	ENSG00000157240	
CDK18	1	ENSG00000117266	
DNAH12	1	ENSG00000174844	
WNT10B	1	ENSG00000169884	
DNAH11	1	ENSG00000105877	
CDK19	1	ENSG00000155111	
FZD3	1	ENSG00000104290	
WNT10A	1	ENSG00000135925	
F8A1	1	ENSG00000288722	
DNAH10	1	ENSG00000197653	
FZD2	1	ENSG00000180340	
DNAH17	1	ENSG00000187775	
FZD5	1	ENSG00000163251	
F8A3	1	ENSG00000277150	
FZD4	1	ENSG00000174804	
FZD7	1	ENSG00000155760	
RAB3IP	1	ENSG00000127328	
DNAH14	1	ENSG00000185842	
FZD6	1	ENSG00000164930	
FZD9	1	ENSG00000188763	
FZD8	1	ENSG00000177283	
PA2G4	1	ENSG00000170515	
FHDC1	1	ENSG00000137460	
PRDX6	1	ENSG00000117592	
CDK10	1	ENSG00000185324	
CDK13	1	ENSG00000065883	
CDK14	1	ENSG00000058091	
ODAPH	1	ENSG00000174792	
CDK15	1	ENSG00000138395	
CDK16	1	ENSG00000102225	
CEMP1	1	ENSG00000205923	
FAM234B	1	ENSG00000084444	
FAM234A	1	ENSG00000167930	
TAL2	1	ENSG00000186051	
JDP2	1	ENSG00000140044	
HBEGF	1	ENSG00000113070	
ASAH1	1	ENSG00000104763	
ASAH2	1	ENSG00000188611	
GCNT1	1	ENSG00000187210	
GRAMD4	1	ENSG00000075240	
TANK	1	ENSG00000136560	
GCNT2	1	ENSG00000111846	
GCNT3	1	ENSG00000140297	
HS1BP3	1	ENSG00000118960	
GCNT4	1	ENSG00000176928	
DTD1	1	ENSG00000125821	
SAAL1	1	ENSG00000166788	
TCAIM	1	ENSG00000179152	
TRMT1	1	ENSG00000104907	
FAM237B	1	ENSG00000283267	
FAM237A	1	ENSG00000235118	
EEF1AKMT4	1	ENSG00000284753	
RFWD3	1	ENSG00000168411	
TRMT5	1	ENSG00000126814	
ALMS1	1	ENSG00000116127	
TRMT6	1	ENSG00000089195	
LAMTOR2	1	ENSG00000116586	
LAMTOR1	1	ENSG00000149357	
EEF1AKMT3	1	ENSG00000123427	
LAMTOR4	1	ENSG00000188186	
EEF1AKMT2	1	ENSG00000203791	
LAMTOR3	1	ENSG00000109270	
EEF1AKMT1	1	ENSG00000150456	
LAMTOR5	1	ENSG00000134248	
FAM107A	1	ENSG00000168309	
GUCA1B	1	ENSG00000112599	
BEST2	1	ENSG00000039987	
BEST3	1	ENSG00000127325	
BEST1	1	ENSG00000167995	
FAM107B	1	ENSG00000065809	
MACROD1	1	ENSG00000133315	
MACROD2	1	ENSG00000172264	
NBN	1	ENSG00000104320	
LZTS2	1	ENSG00000107816	
LZTS3	1	ENSG00000088899	
NUTM2A	1	ENSG00000184923	
TAP2	1	ENSG00000204267	
TAP1	1	ENSG00000168394	
DISP1	1	ENSG00000154309	
DISP2	1	ENSG00000140323	
DISP3	1	ENSG00000204624	
NCL	1	ENSG00000115053	
NUTM2E	1	ENSG00000228570	
NUTM2D	1	ENSG00000214562	
NUTM2B	1	ENSG00000188199	
NKAPD1	1	ENSG00000150776	
CEMIP	1	ENSG00000103888	
KRBA2	1	ENSG00000184619	
KRBA1	1	ENSG00000133619	
GLB1L3	1	ENSG00000166105	
NEUROD1	1	ENSG00000162992	
NEUROD2	1	ENSG00000171532	
NEUROD4	1	ENSG00000123307	
NEUROD6	1	ENSG00000164600	
NDN	1	ENSG00000182636	
NDP	1	ENSG00000124479	
WDTC1	1	ENSG00000142784	
NEB	1	ENSG00000183091	
DHCR24	1	ENSG00000116133	
CYP4F11	1	ENSG00000171903	
CYP4F12	1	ENSG00000186204	
NF1	1	ENSG00000196712	
LZTR1	1	ENSG00000099949	
NES	1	ENSG00000132688	
BNC2	1	ENSG00000173068	
BNC1	1	ENSG00000169594	
CNGA1	1	ENSG00000198515	
CNGA3	1	ENSG00000144191	
CNGA4	1	ENSG00000132259	
PGPEP1	1	ENSG00000130517	
NGB	1	ENSG00000165553	
VSTM2L	1	ENSG00000132821	
NGF	1	ENSG00000134259	
BET1L	1	ENSG00000177951	
PATL1	1	ENSG00000166889	
PATL2	1	ENSG00000229474	
SMDT1	1	ENSG00000183172	
VSTM2A	1	ENSG00000170419	
CNGB1	1	ENSG00000070729	
VSTM2B	1	ENSG00000187135	
ACSS3	1	ENSG00000111058	
ACSS2	1	ENSG00000131069	
FZR1	1	ENSG00000105325	
SCGB2B2	1	ENSG00000205209	
NHS	1	ENSG00000188158	
ACSS1	1	ENSG00000154930	
UGGT1	1	ENSG00000136731	
RPH3AL	1	ENSG00000181031	
KCNJ11	1	ENSG00000187486	
KCNIP2	1	ENSG00000120049	
KCNJ12	1	ENSG00000184185	
KCNIP3	1	ENSG00000115041	
KCNJ13	1	ENSG00000115474	
KCNJ14	1	ENSG00000182324	
KCNJ15	1	ENSG00000157551	
KCNJ16	1	ENSG00000153822	
MND1	1	ENSG00000121211	
NIN	1	ENSG00000100503	
MNDA	1	ENSG00000163563	
METAP1	1	ENSG00000164024	
METAP2	1	ENSG00000111142	
ACSM3	1	ENSG00000005187	
GORAB	1	ENSG00000120370	
ACSM5	1	ENSG00000183549	
PWP2	1	ENSG00000241945	
PWP1	1	ENSG00000136045	
HABP4	1	ENSG00000130956	
HABP2	1	ENSG00000148702	
FAAP100	1	ENSG00000185504	
ACSL1	1	ENSG00000151726	
MYL11	1	ENSG00000180209	
ACSL6	1	ENSG00000164398	
ACSL5	1	ENSG00000197142	
ACSL4	1	ENSG00000068366	
ACSL3	1	ENSG00000123983	
PIMREG	1	ENSG00000129195	
COL8A2	1	ENSG00000171812	
COL8A1	1	ENSG00000144810	
MTARC2	1	ENSG00000117791	
MTARC1	1	ENSG00000186205	
HEPACAM	1	ENSG00000165478	
NLK	1	ENSG00000087095	
NLN	1	ENSG00000123213	
OTOA	1	ENSG00000155719	
OTOF	1	ENSG00000115155	
MYL10	1	ENSG00000106436	
PATZ1	1	ENSG00000100105	
RABGAP1L	1	ENSG00000152061	
NMB	1	ENSG00000197696	
DTNA	1	ENSG00000134769	
DTNB	1	ENSG00000138101	
RAB39A	1	ENSG00000179331	
RAB39B	1	ENSG00000155961	
KTI12	1	ENSG00000198841	
PARP16	1	ENSG00000138617	
NMI	1	ENSG00000123609	
PARP14	1	ENSG00000173193	
PARP15	1	ENSG00000173200	
PARP12	1	ENSG00000059378	
PARP10	1	ENSG00000178685	
PARP11	1	ENSG00000111224	
NCEH1	1	ENSG00000144959	
NMU	1	ENSG00000109255	
UBAP1L	1	ENSG00000246922	
MYL6B	1	ENSG00000196465	
PRPF19	1	ENSG00000110107	
RPTOR	1	ENSG00000141564	
NNT	1	ENSG00000112992	
NOG	1	ENSG00000183691	
KREMEN1	1	ENSG00000183762	
AMPD2	1	ENSG00000116337	
AMPD3	1	ENSG00000133805	
OTOS	1	ENSG00000178602	
OTOR	1	ENSG00000125879	
RAB33A	1	ENSG00000134594	
RAB33B	1	ENSG00000172007	
PRPF18	1	ENSG00000165630	
NPB	1	ENSG00000183979	
CXCR5	1	ENSG00000160683	
CXCR4	1	ENSG00000121966	
ALOX12B	1	ENSG00000179477	
NPL	1	ENSG00000135838	
NPS	1	ENSG00000214285	
NPW	1	ENSG00000183971	
NPY	1	ENSG00000122585	
AAMDC	1	ENSG00000087884	
NQO1	1	ENSG00000181019	
NQO2	1	ENSG00000124588	
ZDHHC11B	1	ENSG00000206077	
PRPF39	1	ENSG00000185246	
ERG28	1	ENSG00000133935	
PRPF31	1	ENSG00000105618	
CDK5R2	1	ENSG00000171450	
NEUROG2	1	ENSG00000178403	
CDK5R1	1	ENSG00000176749	
NRK	1	ENSG00000123572	
HDLBP	1	ENSG00000115677	
NRM	1	ENSG00000137404	
NRL	1	ENSG00000129535	
CHCHD4	1	ENSG00000163528	
CHCHD5	1	ENSG00000125611	
CHCHD3	1	ENSG00000106554	
CHCHD6	1	ENSG00000159685	
CHCHD7	1	ENSG00000170791	
CHCHD1	1	ENSG00000172586	
NSF	1	ENSG00000073969	
SPNS2	1	ENSG00000183018	
WRNIP1	1	ENSG00000124535	
TRNT1	1	ENSG00000072756	
PREPL	1	ENSG00000138078	
SPNS1	1	ENSG00000169682	
RAI14	1	ENSG00000039560	
AKNA	1	ENSG00000106948	
CTTNBP2	1	ENSG00000077063	
NTM	1	ENSG00000182667	
LTBP4	1	ENSG00000090006	
DTX1	1	ENSG00000135144	
DTX2	1	ENSG00000091073	
LTBP2	1	ENSG00000119681	
LTBP3	1	ENSG00000168056	
DTX3	1	ENSG00000178498	
CPLX2	1	ENSG00000145920	
NTS	1	ENSG00000133636	
DTX4	1	ENSG00000110042	
LTBP1	1	ENSG00000049323	
CPLX1	1	ENSG00000168993	
OTX2	1	ENSG00000165588	
OTX1	1	ENSG00000115507	
KLRC2	1	ENSG00000205809	
KLRC3	1	ENSG00000205810	
TBCD	1	ENSG00000141556	
TBCC	1	ENSG00000124659	
TBCB	1	ENSG00000105254	
TBCA	1	ENSG00000171530	
ACSF3	1	ENSG00000176715	
ACSF2	1	ENSG00000167107	
TBCK	1	ENSG00000145348	
RFXAP	1	ENSG00000133111	
TBCE	1	ENSG00000284770	
COL20A1	1	ENSG00000101203	
KLRD1	1	ENSG00000134539	
DOCK6	1	ENSG00000130158	
DOCK5	1	ENSG00000147459	
CXCL6	1	ENSG00000124875	
DOCK4	1	ENSG00000128512	
CXCL9	1	ENSG00000138755	
DOCK3	1	ENSG00000088538	
DOCK9	1	ENSG00000088387	
NVL	1	ENSG00000143748	
TSEN15	1	ENSG00000198860	
DOCK8	1	ENSG00000107099	
DOCK7	1	ENSG00000116641	
CXCL1	1	ENSG00000163739	
CTDSPL2	1	ENSG00000137770	
CXCL3	1	ENSG00000163734	
CXCL2	1	ENSG00000081041	
CXCL5	1	ENSG00000163735	
LMOD2	1	ENSG00000170807	
SENP6	1	ENSG00000112701	
SENP7	1	ENSG00000138468	
SENP5	1	ENSG00000119231	
SENP8	1	ENSG00000166192	
FLOT1	1	ENSG00000137312	
FLOT2	1	ENSG00000132589	
RUBCN	1	ENSG00000145016	
EGFL7	1	ENSG00000172889	
EGFL6	1	ENSG00000198759	
SENP2	1	ENSG00000163904	
MNS1	1	ENSG00000138587	
DOCK2	1	ENSG00000134516	
DOCK1	1	ENSG00000150760	
EGFL8	1	ENSG00000241404	
TSEN34	1	ENSG00000170892	
CD163L1	1	ENSG00000177675	
NXN	1	ENSG00000167693	
PRELP	1	ENSG00000188783	
LTC4S	1	ENSG00000213316	
CDIPT	1	ENSG00000103502	
KLRG1	1	ENSG00000139187	
SLC4A1AP	1	ENSG00000163798	
SYNGAP1	1	ENSG00000197283	
TBK1	1	ENSG00000183735	
AKT2	1	ENSG00000105221	
AKT3	1	ENSG00000117020	
PKNOX1	1	ENSG00000160199	
MNX1	1	ENSG00000130675	
PKNOX2	1	ENSG00000165495	
TSTD1	1	ENSG00000215845	
TSTD2	1	ENSG00000136925	
PHKA1	1	ENSG00000067177	
PHKA2	1	ENSG00000044446	
SKAP2	1	ENSG00000005020	
EXD2	1	ENSG00000081177	
EXD3	1	ENSG00000187609	
CRABP2	1	ENSG00000143320	
CRABP1	1	ENSG00000166426	
RNF212	1	ENSG00000178222	
RNF214	1	ENSG00000167257	
RNF213	1	ENSG00000173821	
RNF216	1	ENSG00000011275	
RNF215	1	ENSG00000099999	
RNF217	1	ENSG00000146373	
C14orf93	1	ENSG00000100802	
SULT1A3	1	ENSG00000261052	
SDR42E1	1	ENSG00000184860	
TIPARP	1	ENSG00000163659	
SDR42E2	1	ENSG00000183921	
NR2F1	1	ENSG00000175745	
NR2F2	1	ENSG00000185551	
AIF1L	1	ENSG00000126878	
NR2F6	1	ENSG00000160113	
SULT1B1	1	ENSG00000173597	
TBL3	1	ENSG00000183751	
TBL2	1	ENSG00000106638	
RNF224	1	ENSG00000233198	
RNF227	1	ENSG00000179859	
RNF228	1	ENSG00000288658	
ARHGAP9	1	ENSG00000123329	
ARHGAP1	1	ENSG00000175220	
PEAR1	1	ENSG00000187800	
ARHGAP5	1	ENSG00000100852	
ARHGAP6	1	ENSG00000047648	
ARHGAP4	1	ENSG00000089820	
SULT1C2	1	ENSG00000198203	
DLGAP3	1	ENSG00000116544	
DLGAP2	1	ENSG00000198010	
DLGAP5	1	ENSG00000126787	
DLGAP4	1	ENSG00000080845	
SULT1C4	1	ENSG00000198075	
METRN	1	ENSG00000103260	
SLC39A11	1	ENSG00000133195	
WNT9B	1	ENSG00000158955	
SLC39A10	1	ENSG00000196950	
SLC39A13	1	ENSG00000165915	
RAB3IL1	1	ENSG00000167994	
SLC39A12	1	ENSG00000148482	
WNT9A	1	ENSG00000143816	
SLC39A14	1	ENSG00000104635	
OAF	1	ENSG00000184232	
PXDN	1	ENSG00000130508	
PPARG	1	ENSG00000132170	
L2HGDH	1	ENSG00000087299	
ERGIC3	1	ENSG00000125991	
PPARA	1	ENSG00000186951	
ERGIC2	1	ENSG00000087502	
ERGIC1	1	ENSG00000113719	
PPARD	1	ENSG00000112033	
CRB2	1	ENSG00000148204	
CRB1	1	ENSG00000134376	
OAT	1	ENSG00000065154	
CENPA	1	ENSG00000115163	
CENPB	1	ENSG00000125817	
CENPC	1	ENSG00000145241	
NEURL1B	1	ENSG00000214357	
NRAS	1	ENSG00000213281	
EXOSC10	1	ENSG00000171824	
PRR14L	1	ENSG00000183530	
SULT1E1	1	ENSG00000109193	
NRAP	1	ENSG00000197893	
IL12RB1	1	ENSG00000096996	
IL12RB2	1	ENSG00000081985	
CENPT	1	ENSG00000102901	
CENPU	1	ENSG00000151725	
CENPV	1	ENSG00000166582	
CENPW	1	ENSG00000203760	
CRBN	1	ENSG00000113851	
CENPX	1	ENSG00000169689	
WNT7B	1	ENSG00000188064	
DAB2IP	1	ENSG00000136848	
WNT7A	1	ENSG00000154764	
CENPE	1	ENSG00000138778	
CENPF	1	ENSG00000117724	
CENPH	1	ENSG00000153044	
ETNK2	1	ENSG00000143845	
CENPI	1	ENSG00000102384	
ETNK1	1	ENSG00000139163	
CENPJ	1	ENSG00000151849	
CENPK	1	ENSG00000123219	
CENPL	1	ENSG00000120334	
ADGRL1	1	ENSG00000072071	
CENPN	1	ENSG00000166451	
SIGLEC1	1	ENSG00000088827	
CENPO	1	ENSG00000138092	
ADGRL4	1	ENSG00000162618	
CRAT	1	ENSG00000095321	
CENPQ	1	ENSG00000031691	
ADGRL2	1	ENSG00000117114	
CENPS	1	ENSG00000175279	
CDKN3	1	ENSG00000100526	
ADGRL3	1	ENSG00000150471	
CRB3	1	ENSG00000130545	
EXOC3L1	1	ENSG00000179044	
EXOC3L2	1	ENSG00000283632	
EXOC3L4	1	ENSG00000205436	
MFSD13A	1	ENSG00000138111	
IBSP	1	ENSG00000029559	
CLBA1	1	ENSG00000140104	
PSKH1	1	ENSG00000159792	
CDKL2	1	ENSG00000138769	
CDKL3	1	ENSG00000006837	
CDKL4	1	ENSG00000205111	
CDKL5	1	ENSG00000008086	
BTN1A1	1	ENSG00000124557	
TBR1	1	ENSG00000136535	
POLRMT	1	ENSG00000099821	
TC2N	1	ENSG00000165929	
CDKL1	1	ENSG00000100490	
INO80C	1	ENSG00000153391	
KHDRBS1	1	ENSG00000121774	
INO80B	1	ENSG00000115274	
INO80E	1	ENSG00000169592	
INO80D	1	ENSG00000114933	
KHDRBS3	1	ENSG00000131773	
TXNDC9	1	ENSG00000115514	
BOD1L1	1	ENSG00000038219	
CREM	1	ENSG00000095794	
NRF1	1	ENSG00000106459	
NREP	1	ENSG00000134986	
MOBP	1	ENSG00000168314	
HNRNPDL	1	ENSG00000152795	
G3BP1	1	ENSG00000145907	
G3BP2	1	ENSG00000138757	
TXNDC2	1	ENSG00000168454	
TXNDC5	1	ENSG00000239264	
BOD1	1	ENSG00000145919	
NRDC	1	ENSG00000078618	
OGA	1	ENSG00000198408	
MOB4	1	ENSG00000115540	
YRDC	1	ENSG00000196449	
IBTK	1	ENSG00000005700	
MOB2	1	ENSG00000182208	
TBXAS1	1	ENSG00000059377	
OGN	1	ENSG00000106809	
CNTROB	1	ENSG00000170037	
SP140L	1	ENSG00000185404	
OGT	1	ENSG00000147162	
SNAP25	1	ENSG00000132639	
RMND1	1	ENSG00000155906	
SNAP23	1	ENSG00000092531	
C14orf28	1	ENSG00000179476	
NRGN	1	ENSG00000154146	
ALAD	1	ENSG00000148218	
PPP6R1	1	ENSG00000105063	
EXO1	1	ENSG00000174371	
PPP6R2	1	ENSG00000100239	
PPP6R3	1	ENSG00000110075	
EXO5	1	ENSG00000164002	
SMIM10	1	ENSG00000184785	
SNAP29	1	ENSG00000099940	
SMIM12	1	ENSG00000163866	
SMIM11	1	ENSG00000205670	
ACTR3	1	ENSG00000115091	
SMIM14	1	ENSG00000163683	
ACTR2	1	ENSG00000138071	
ADGRV1	1	ENSG00000164199	
SMIM15	1	ENSG00000188725	
ACTR6	1	ENSG00000075089	
SMIM17	1	ENSG00000268182	
ACTR5	1	ENSG00000101442	
SMIM19	1	ENSG00000176209	
NRG2	1	ENSG00000158458	
ACTR8	1	ENSG00000113812	
C14orf39	1	ENSG00000179008	
MUC5AC	1	ENSG00000215182	
MMS22L	1	ENSG00000146263	
IMPACT	1	ENSG00000154059	
LRTOMT	1	ENSG00000284922	
MYO3B	1	ENSG00000071909	
NRG3	1	ENSG00000185737	
NRG4	1	ENSG00000169752	
MYO3A	1	ENSG00000095777	
C1GALT1C1L	1	ENSG00000223658	
SMIM20	1	ENSG00000250317	
SPACA9	1	ENSG00000165698	
SNAP47	1	ENSG00000143740	
SMIM24	1	ENSG00000095932	
SMIM27	1	ENSG00000235453	
SMIM26	1	ENSG00000232388	
SMIM29	1	ENSG00000186577	
GTPBP10	1	ENSG00000105793	
TBXT	1	ENSG00000164458	
PHKG1	1	ENSG00000164776	
BAHD1	1	ENSG00000140320	
PHKG2	1	ENSG00000156873	
IGF2BP1	1	ENSG00000159217	
IGF2BP3	1	ENSG00000136231	
SMIM30	1	ENSG00000214194	
IGF2BP2	1	ENSG00000073792	
WHAMM	1	ENSG00000156232	
HNRNPA1	1	ENSG00000135486	
SMIM32	1	ENSG00000271824	
TBX1	1	ENSG00000184058	
SMIM38	1	ENSG00000284713	
MYO10	1	ENSG00000145555	
TUBA3FP	1	ENSG00000284130	
EXOG	1	ENSG00000157036	
TBX6	1	ENSG00000149922	
TBX5	1	ENSG00000089225	
HNRNPAB	1	ENSG00000197451	
TBX4	1	ENSG00000121075	
MYO19	1	ENSG00000278259	
TBX3	1	ENSG00000135111	
MYO16	1	ENSG00000041515	
TBX2	1	ENSG00000121068	
MYO1D	1	ENSG00000176658	
MFSD14A	1	ENSG00000156875	
MFSD14B	1	ENSG00000148110	
MYO1E	1	ENSG00000157483	
MYO1B	1	ENSG00000128641	
PINK1	1	ENSG00000158828	
MYO1C	1	ENSG00000197879	
SUCLA2	1	ENSG00000136143	
SMIM43	1	ENSG00000164112	
MYO1G	1	ENSG00000136286	
CPNE9	1	ENSG00000144550	
CPNE8	1	ENSG00000139117	
SMARCB1	1	ENSG00000099956	
NPFFR1	1	ENSG00000148734	
CPNE5	1	ENSG00000124772	
CCDC89	1	ENSG00000179071	
CPNE4	1	ENSG00000196353	
CPNE7	1	ENSG00000178773	
CPNE6	1	ENSG00000100884	
CRKL	1	ENSG00000099942	
HERC5	1	ENSG00000138646	
HERC4	1	ENSG00000148634	
C1GALT1C1	1	ENSG00000171155	
HERC2	1	ENSG00000128731	
CCDC91	1	ENSG00000123106	
ADGRA1	1	ENSG00000197177	
HERC1	1	ENSG00000103657	
OPHN1	1	ENSG00000079482	
ADGRA2	1	ENSG00000020181	
CPNE1	1	ENSG00000214078	
CCDC97	1	ENSG00000142039	
CPNE3	1	ENSG00000085719	
CPNE2	1	ENSG00000140848	
PTGFRN	1	ENSG00000134247	
CCDC92	1	ENSG00000119242	
SCAPER	1	ENSG00000140386	
CCDC93	1	ENSG00000125633	
HERC6	1	ENSG00000138642	
ALG8	1	ENSG00000159063	
SMARCC1	1	ENSG00000173473	
ALG9	1	ENSG00000086848	
SMARCC2	1	ENSG00000139613	
CCDC78	1	ENSG00000162004	
ALG6	1	ENSG00000088035	
KCNK10	1	ENSG00000100433	
ACTN3	1	ENSG00000248746	
ACTN2	1	ENSG00000077522	
KCNK12	1	ENSG00000184261	
ALG5	1	ENSG00000120697	
OMD	1	ENSG00000127083	
KCNK13	1	ENSG00000152315	
MYO7B	1	ENSG00000169994	
ALG2	1	ENSG00000119523	
OMG	1	ENSG00000126861	
TALDO1	1	ENSG00000177156	
ALG3	1	ENSG00000214160	
KCNK15	1	ENSG00000124249	
MOGS	1	ENSG00000115275	
ADGRA3	1	ENSG00000152990	
MYO7A	1	ENSG00000137474	
KCNK17	1	ENSG00000124780	
ALG1	1	ENSG00000033011	
ACTN4	1	ENSG00000130402	
CCDC80	1	ENSG00000091986	
OMP	1	ENSG00000254550	
ADGRB2	1	ENSG00000121753	
ADGRB3	1	ENSG00000135298	
CCDC86	1	ENSG00000110104	
CCDC87	1	ENSG00000182791	
CCDC81	1	ENSG00000149201	
CCDC82	1	ENSG00000149231	
PXT1	1	ENSG00000179165	
SLC45A4	1	ENSG00000022567	
ADCYAP1R1	1	ENSG00000078549	
SLC45A2	1	ENSG00000164175	
NRN1	1	ENSG00000124785	
SLC45A3	1	ENSG00000158715	
EPB41	1	ENSG00000159023	
SLC45A1	1	ENSG00000162426	
EPAS1	1	ENSG00000116016	
CEND1	1	ENSG00000184524	
RTBDN	1	ENSG00000132026	
RTEL1-TNFRSF6B	1	ENSG00000026036	
RANBP17	1	ENSG00000204764	
SMARCA5	1	ENSG00000153147	
MYO5A	1	ENSG00000197535	
SMARCA1	1	ENSG00000102038	
CCDC9B	1	ENSG00000188549	
SMARCA2	1	ENSG00000080503	
EXT1	1	ENSG00000182197	
EXT2	1	ENSG00000151348	
MYO5B	1	ENSG00000167306	
ZUP1	1	ENSG00000153975	
MYO5C	1	ENSG00000128833	
ECHDC1	1	ENSG00000093144	
RANBP10	1	ENSG00000141084	
GNRH2	1	ENSG00000125787	
ECHDC2	1	ENSG00000121310	
GNRH1	1	ENSG00000147437	
NOL10	1	ENSG00000115761	
ECHDC3	1	ENSG00000134463	
NOL11	1	ENSG00000130935	
NOL12	1	ENSG00000273899	
NRP1	1	ENSG00000099250	
CSRNP1	1	ENSG00000144655	
NRP2	1	ENSG00000118257	
CSRNP2	1	ENSG00000110925	
CSRNP3	1	ENSG00000178662	
PYROXD1	1	ENSG00000121350	
PAK1IP1	1	ENSG00000111845	
ICA1	1	ENSG00000003147	
OTUD7A	1	ENSG00000169918	
OTUD7B	1	ENSG00000264522	
CROT	1	ENSG00000005469	
THTPA	1	ENSG00000259431	
NUDCD3	1	ENSG00000015676	
NUDCD1	1	ENSG00000120526	
OTUD6B	1	ENSG00000155100	
MUC12	1	ENSG00000205277	
UFD1	1	ENSG00000070010	
MUC13	1	ENSG00000173702	
SREBF1	1	ENSG00000072310	
SLC32A1	1	ENSG00000101438	
SFTPC	1	ENSG00000168484	
SFTPD	1	ENSG00000133661	
KIF7	1	ENSG00000166813	
KIF6	1	ENSG00000164627	
DUS2	1	ENSG00000167264	
KIF9	1	ENSG00000088727	
DEPDC7	1	ENSG00000121690	
PDIK1L	1	ENSG00000175087	
DEPDC1	1	ENSG00000024526	
UFC1	1	ENSG00000143222	
DEPDC5	1	ENSG00000100150	
EEF1E1	1	ENSG00000124802	
DEPDC4	1	ENSG00000166153	
CAB39	1	ENSG00000135932	
C1orf35	1	ENSG00000143793	
HSD17B4	1	ENSG00000133835	
HSD17B6	1	ENSG00000025423	
HSD17B7	1	ENSG00000132196	
HSD17B8	1	ENSG00000204228	
RANBP3L	1	ENSG00000164188	
OS9	1	ENSG00000135506	
HSD17B1	1	ENSG00000108786	
HSD17B2	1	ENSG00000086696	
PGGT1B	1	ENSG00000164219	
CHRNA10	1	ENSG00000129749	
RIBC1	1	ENSG00000158423	
BCL2L2-PABPN1	1	ENSG00000258643	
RIBC2	1	ENSG00000128408	
MON2	1	ENSG00000061987	
C1orf21	1	ENSG00000116667	
MYO9B	1	ENSG00000099331	
BOP1	1	ENSG00000261236	
NOL4L	1	ENSG00000197183	
TCEA3	1	ENSG00000204219	
TCEA2	1	ENSG00000171703	
TCAP	1	ENSG00000173991	
C1orf50	1	ENSG00000164008	
OTUD4	1	ENSG00000164164	
OTUD5	1	ENSG00000068308	
CRTC2	1	ENSG00000160741	
C1orf52	1	ENSG00000162642	
CRTC3	1	ENSG00000140577	
C1orf53	1	ENSG00000203724	
ICE1	1	ENSG00000164151	
UBXN2B	1	ENSG00000215114	
C1orf54	1	ENSG00000118292	
CRTC1	1	ENSG00000105662	
UBXN2A	1	ENSG00000173960	
ICE2	1	ENSG00000128915	
C1orf56	1	ENSG00000143443	
LOXL3	1	ENSG00000115318	
BUB1B	1	ENSG00000156970	
PEBP1	1	ENSG00000089220	
LOXL4	1	ENSG00000138131	
CAAP1	1	ENSG00000120159	
OTP	1	ENSG00000171540	
NR3C1	1	ENSG00000113580	
COX6A1	1	ENSG00000111775	
LOXL1	1	ENSG00000129038	
ACTG2	1	ENSG00000163017	
LOXL2	1	ENSG00000134013	
NR3C2	1	ENSG00000151623	
ACTG1	1	ENSG00000184009	
AMMECR1L	1	ENSG00000144233	
PEBP4	1	ENSG00000134020	
TEKT1	1	ENSG00000167858	
TEKT2	1	ENSG00000092850	
TEKT3	1	ENSG00000125409	
NRTN	1	ENSG00000171119	
TEKT5	1	ENSG00000153060	
MORC3	1	ENSG00000159256	
BORA	1	ENSG00000136122	
MORC4	1	ENSG00000133131	
C1orf43	1	ENSG00000143612	
COX6B2	1	ENSG00000160471	
MUC3A	1	ENSG00000169894	
COX6B1	1	ENSG00000126267	
GPRIN2	1	ENSG00000204175	
GPRIN1	1	ENSG00000169258	
UBIAD1	1	ENSG00000120942	
C1orf74	1	ENSG00000162757	
TCF7	1	ENSG00000081059	
ADGRG3	1	ENSG00000182885	
ADGRG4	1	ENSG00000156920	
ODF2L	1	ENSG00000122417	
ADGRG1	1	ENSG00000205336	
ZHX1-C8orf76	1	ENSG00000259305	
ADGRG2	1	ENSG00000173698	
SHARPIN	1	ENSG00000179526	
AANAT	1	ENSG00000129673	
ADGRG7	1	ENSG00000144820	
ADGRG6	1	ENSG00000112414	
VILL	1	ENSG00000136059	
LLPH	1	ENSG00000139233	
MORC1	1	ENSG00000114487	
MORC2	1	ENSG00000133422	
QSER1	1	ENSG00000060749	
EEFSEC	1	ENSG00000132394	
CRTAP	1	ENSG00000170275	
RARRES2	1	ENSG00000106538	
MUC19	1	ENSG00000205592	
RARRES1	1	ENSG00000118849	
CRTAM	1	ENSG00000109943	
HOOK3	1	ENSG00000168172	
VIL1	1	ENSG00000127831	
UBXN11	1	ENSG00000158062	
HOOK2	1	ENSG00000095066	
FAM151B	1	ENSG00000152380	
HOOK1	1	ENSG00000134709	
FAM151A	1	ENSG00000162391	
UBXN10	1	ENSG00000162543	
NABP2	1	ENSG00000139579	
NABP1	1	ENSG00000173559	
ALPL	1	ENSG00000162551	
TCF4	1	ENSG00000196628	
AMOTL2	1	ENSG00000114019	
PYROXD2	1	ENSG00000119943	
TCF3	1	ENSG00000071564	
AMOTL1	1	ENSG00000166025	
DEGS2	1	ENSG00000168350	
MUC20	1	ENSG00000176945	
DNAL4	1	ENSG00000100246	
DNAL1	1	ENSG00000119661	
GALK2	1	ENSG00000156958	
GALK1	1	ENSG00000108479	
C1orf94	1	ENSG00000142698	
PINX1	1	ENSG00000254093	
TCHH	1	ENSG00000159450	
TENT4A	1	ENSG00000112941	
TENT4B	1	ENSG00000121274	
CABIN1	1	ENSG00000099991	
TCHP	1	ENSG00000139437	
ADGRE2	1	ENSG00000127507	
UFL1	1	ENSG00000014123	
ADGRE5	1	ENSG00000123146	
RB1CC1	1	ENSG00000023287	
GDAP1L1	1	ENSG00000124194	
DNAI4	1	ENSG00000152763	
MYOCD	1	ENSG00000141052	
DNAI3	1	ENSG00000162643	
DCAKD	1	ENSG00000172992	
DNAI7	1	ENSG00000118307	
TENT5A	1	ENSG00000112773	
TENT5B	1	ENSG00000158246	
TENT5C	1	ENSG00000183508	
ADGRF3	1	ENSG00000173567	
ACTA1	1	ENSG00000143632	
ADGRF1	1	ENSG00000153292	
ALS2	1	ENSG00000003393	
ADGRF4	1	ENSG00000153294	
ADGRF5	1	ENSG00000069122	
CRY2	1	ENSG00000121671	
CHI3L2	1	ENSG00000064886	
CRY1	1	ENSG00000008405	
CHI3L1	1	ENSG00000133048	
OTUB1	1	ENSG00000167770	
DNAH3	1	ENSG00000158486	
OTUB2	1	ENSG00000089723	
DNAH1	1	ENSG00000114841	
DNAH2	1	ENSG00000183914	
DNAH7	1	ENSG00000118997	
DNAH8	1	ENSG00000124721	
DNAH5	1	ENSG00000039139	
DNAH6	1	ENSG00000115423	
ASB13	1	ENSG00000196372	
PKD1L1	1	ENSG00000158683	
DNAH9	1	ENSG00000007174	
ASAP1	1	ENSG00000153317	
ASB11	1	ENSG00000165192	
ASAP2	1	ENSG00000151693	
ASB15	1	ENSG00000146809	
CRYZ	1	ENSG00000116791	
ASB16	1	ENSG00000161664	
FAM156B	1	ENSG00000179304	
FAM156A	1	ENSG00000268350	
CRYM	1	ENSG00000103316	
DNAI1	1	ENSG00000122735	
REELD1	1	ENSG00000250673	
CDK11A	1	ENSG00000008128	
EYA1	1	ENSG00000104313	
EYA3	1	ENSG00000158161	
EYA4	1	ENSG00000112319	
CDK11B	1	ENSG00000248333	
GALNS	1	ENSG00000141012	
ADGRD1	1	ENSG00000111452	
UFM1	1	ENSG00000120686	
TCIM	1	ENSG00000176907	
ADGRD2	1	ENSG00000180264	
OTUD1	1	ENSG00000165312	
OTUD3	1	ENSG00000169914	
NCKAP1	1	ENSG00000061676	
XYLT2	1	ENSG00000015532	
XYLT1	1	ENSG00000103489	
FGFRL1	1	ENSG00000127418	
NAA80	1	ENSG00000243477	
CEP95	1	ENSG00000258890	
DHRS4L2	1	ENSG00000187630	
CEP97	1	ENSG00000182504	
NCKAP5	1	ENSG00000176771	
COL23A1	1	ENSG00000050767	
ATG10	1	ENSG00000152348	
FNDC3B	1	ENSG00000075420	
FNDC3A	1	ENSG00000102531	
ATG14	1	ENSG00000126775	
ATG13	1	ENSG00000175224	
GABRG3	1	ENSG00000182256	
GABRG2	1	ENSG00000113327	
ATG12	1	ENSG00000145782	
GABRG1	1	ENSG00000163285	
OTULINL	1	ENSG00000145569	
NAA60	1	ENSG00000122390	
LRPAP1	1	ENSG00000163956	
PRKRIP1	1	ENSG00000128563	
RNPC3	1	ENSG00000185946	
FLRT2	1	ENSG00000185070	
FLRT3	1	ENSG00000125848	
CEP70	1	ENSG00000114107	
ALX3	1	ENSG00000156150	
MCMBP	1	ENSG00000197771	
CEP72	1	ENSG00000112877	
ALX4	1	ENSG00000052850	
ALX1	1	ENSG00000180318	
CEP76	1	ENSG00000101624	
KAT14	1	ENSG00000149474	
CEP78	1	ENSG00000148019	
NAA50	1	ENSG00000121579	
STARD13	1	ENSG00000133121	
AFAP1L2	1	ENSG00000169129	
ICMT	1	ENSG00000116237	
AFAP1L1	1	ENSG00000157510	
SNAPIN	1	ENSG00000143553	
STARD10	1	ENSG00000214530	
NFATC3	1	ENSG00000072736	
NFATC2	1	ENSG00000101096	
NFATC1	1	ENSG00000131196	
NR1D1	1	ENSG00000126368	
NFATC4	1	ENSG00000100968	
GNPTG	1	ENSG00000090581	
TCN2	1	ENSG00000185339	
TCN1	1	ENSG00000134827	
PAH	1	ENSG00000171759	
FNDC10	1	ENSG00000228594	
CEP83	1	ENSG00000173588	
FNDC11	1	ENSG00000125531	
CEP85	1	ENSG00000130695	
FARSA	1	ENSG00000179115	
PAM	1	ENSG00000145730	
CEP89	1	ENSG00000121289	
ATG2B	1	ENSG00000066739	
FARSB	1	ENSG00000116120	
GABRB3	1	ENSG00000166206	
CEP57	1	ENSG00000166037	
MESP2	1	ENSG00000188095	
GABRB2	1	ENSG00000145864	
PYGB	1	ENSG00000100994	
MESP1	1	ENSG00000166823	
GABRB1	1	ENSG00000163288	
NRSN1	1	ENSG00000152954	
PYGM	1	ENSG00000068976	
PYGL	1	ENSG00000100504	
CSAD	1	ENSG00000139631	
VSIG10	1	ENSG00000176834	
FARS2	1	ENSG00000145982	
AIFM3	1	ENSG00000183773	
AIFM1	1	ENSG00000156709	
AIFM2	1	ENSG00000042286	
PEA15	1	ENSG00000162734	
PBK	1	ENSG00000168078	
COL10A1	1	ENSG00000123500	
CEP55	1	ENSG00000138180	
CEP68	1	ENSG00000011523	
HADHB	1	ENSG00000138029	
HADHA	1	ENSG00000084754	
KAT2B	1	ENSG00000114166	
KAT2A	1	ENSG00000108773	
NSA2	1	ENSG00000164346	
COL2A1	1	ENSG00000139219	
HEATR5A	1	ENSG00000129493	
HEATR5B	1	ENSG00000008869	
TCP1	1	ENSG00000120438	
C18orf54	1	ENSG00000166845	
CEP63	1	ENSG00000182923	
CLDND2	1	ENSG00000160318	
CLDND1	1	ENSG00000080822	
NR1I2	1	ENSG00000144852	
ASCL1	1	ENSG00000139352	
NSD3	1	ENSG00000147548	
PDF	1	ENSG00000258429	
EPCAM	1	ENSG00000119888	
NSD1	1	ENSG00000165671	
ALOX5	1	ENSG00000012779	
NSD2	1	ENSG00000109685	
GABRA2	1	ENSG00000151834	
FARP2	1	ENSG00000006607	
FARP1	1	ENSG00000152767	
GABRA5	1	ENSG00000186297	
NR1H2	1	ENSG00000131408	
GABRA4	1	ENSG00000109158	
GABRA3	1	ENSG00000011677	
NR1H4	1	ENSG00000012504	
NR1H3	1	ENSG00000025434	
DHRS1	1	ENSG00000157379	
DHRS2	1	ENSG00000100867	
DHRS4	1	ENSG00000157326	
DHRS7	1	ENSG00000100612	
DHRS9	1	ENSG00000073737	
CLCF1	1	ENSG00000175505	
C18orf32	1	ENSG00000177576	
CEP41	1	ENSG00000106477	
CEP43	1	ENSG00000213066	
CEP44	1	ENSG00000164118	
CSF3	1	ENSG00000108342	
CEP15	1	ENSG00000114405	
CSF2	1	ENSG00000164400	
CSF1	1	ENSG00000184371	
CEP19	1	ENSG00000174007	
LAMP5	1	ENSG00000125869	
TMA7B	1	ENSG00000225528	
CYSLTR1	1	ENSG00000173198	
HMGN4	1	ENSG00000182952	
HMGN5	1	ENSG00000198157	
CYSLTR2	1	ENSG00000152207	
LAMP1	1	ENSG00000185896	
PAPOLG	1	ENSG00000115421	
MPC2	1	ENSG00000143158	
LAMP3	1	ENSG00000078081	
LAMP2	1	ENSG00000005893	
PAPOLA	1	ENSG00000090060	
C18orf21	1	ENSG00000141428	
CLCC1	1	ENSG00000121940	
MB21D2	1	ENSG00000180611	
HMGN3	1	ENSG00000118418	
HMGN1	1	ENSG00000205581	
MAGI1	1	ENSG00000151276	
GOLGA8R	1	ENSG00000186399	
MAGI3	1	ENSG00000081026	
VASH2	1	ENSG00000143494	
GOLGA8K	1	ENSG00000249931	
FRMD4A	1	ENSG00000151474	
GOLGA8M	1	ENSG00000188626	
FRMD4B	1	ENSG00000114541	
VASH1	1	ENSG00000071246	
PGD	1	ENSG00000142657	
GOLGA8O	1	ENSG00000206127	
GOLGA8N	1	ENSG00000232653	
PGF	1	ENSG00000119630	
GOLGA8Q	1	ENSG00000178115	
GOLGA8B	1	ENSG00000215252	
EBNA1BP2	1	ENSG00000117395	
KAT6B	1	ENSG00000156650	
KAT6A	1	ENSG00000083168	
GOLGA8H	1	ENSG00000261794	
PGP	1	ENSG00000184207	
TSSK6	1	ENSG00000178093	
TSSK3	1	ENSG00000162526	
STAMBP	1	ENSG00000124356	
TSSK4	1	ENSG00000139908	
TCTA	1	ENSG00000145022	
CEP20	1	ENSG00000133393	
GOLGA8A	1	ENSG00000175265	
CCDC27	1	ENSG00000162592	
CCDC24	1	ENSG00000159214	
CCDC25	1	ENSG00000147419	
KRBOX4	1	ENSG00000147121	
KRBOX5	1	ENSG00000197302	
DVL1	1	ENSG00000107404	
CCDC30	1	ENSG00000186409	
DVL2	1	ENSG00000004975	
CLCA2	1	ENSG00000137975	
DVL3	1	ENSG00000161202	
CLCA1	1	ENSG00000016490	
CCDC32	1	ENSG00000128891	
CCDC33	1	ENSG00000140481	
PI3	1	ENSG00000124102	
MPDZ	1	ENSG00000107186	
TRAPPC2	1	ENSG00000196459	
CCDC17	1	ENSG00000159588	
TRAPPC3	1	ENSG00000054116	
CCDC18	1	ENSG00000122483	
TRAPPC1	1	ENSG00000170043	
AMBP	1	ENSG00000106927	
CCDC13	1	ENSG00000244607	
CCDC14	1	ENSG00000175455	
TRAPPC4	1	ENSG00000196655	
CCDC15	1	ENSG00000149548	
TRAPPC5	1	ENSG00000181029	
PYM1	1	ENSG00000170473	
TRAPPC8	1	ENSG00000153339	
TRAPPC9	1	ENSG00000167632	
NSG1	1	ENSG00000168824	
GOLGA6A	1	ENSG00000159289	
GOLGA6C	1	ENSG00000167195	
CNIH1	1	ENSG00000100528	
GOLGA6B	1	ENSG00000215186	
NSG2	1	ENSG00000170091	
PIR	1	ENSG00000087842	
CCDC22	1	ENSG00000101997	
CNIH2	1	ENSG00000174871	
RSL24D1	1	ENSG00000137876	
CNIH3	1	ENSG00000143786	
CNIH4	1	ENSG00000143771	
CCDC47	1	ENSG00000108588	
TCIRG1	1	ENSG00000110719	
ADAMTS4	1	ENSG00000158859	
ADAMTS5	1	ENSG00000154736	
ADAMTS2	1	ENSG00000087116	
ADAMTS1	1	ENSG00000154734	
RNPEP	1	ENSG00000176393	
EMILIN3	1	ENSG00000183798	
EMILIN2	1	ENSG00000132205	
NPIPA1	1	ENSG00000183426	
EMILIN1	1	ENSG00000138080	
ADAMTS8	1	ENSG00000134917	
NPIPA7	1	ENSG00000214967	
ADAMTS9	1	ENSG00000163638	
CCDC50	1	ENSG00000152492	
ADAMTS6	1	ENSG00000049192	
NPIPA5	1	ENSG00000183793	
ADAMTS7	1	ENSG00000136378	
CCDC51	1	ENSG00000164051	
IDH3A	1	ENSG00000166411	
TRPC7	1	ENSG00000069018	
CCDC38	1	ENSG00000165972	
CCDC39	1	ENSG00000284862	
TRPC5	1	ENSG00000072315	
TRPC6	1	ENSG00000137672	
CCDC34	1	ENSG00000109881	
TRPC3	1	ENSG00000138741	
TRPC4	1	ENSG00000133107	
TRPC1	1	ENSG00000144935	
BPGM	1	ENSG00000172331	
PKM	1	ENSG00000067225	
NEMP2	1	ENSG00000189362	
POLR1A	1	ENSG00000068654	
POLR1B	1	ENSG00000125630	
POLR1C	1	ENSG00000171453	
NOS1AP	1	ENSG00000198929	
POLR1D	1	ENSG00000186184	
POLR1E	1	ENSG00000137054	
CCDC42	1	ENSG00000161973	
CCDC43	1	ENSG00000180329	
POLR1F	1	ENSG00000105849	
POLR1G	1	ENSG00000117877	
POLR1H	1	ENSG00000066379	
NEMP1	1	ENSG00000166881	
CCDC40	1	ENSG00000141519	
TSSC4	1	ENSG00000184281	
NPIPB9	1	ENSG00000196993	
NUFIP1	1	ENSG00000083635	
NUFIP2	1	ENSG00000108256	
CCDC68	1	ENSG00000166510	
CCDC69	1	ENSG00000198624	
THSD1	1	ENSG00000136114	
LMF2	1	ENSG00000100258	
NSL1	1	ENSG00000117697	
THSD4	1	ENSG00000187720	
TMA16	1	ENSG00000198498	
LMF1	1	ENSG00000103227	
PLN	1	ENSG00000198523	
POLR2A	1	ENSG00000181222	
POLR2B	1	ENSG00000047315	
POLR2C	1	ENSG00000102978	
POLR2D	1	ENSG00000144231	
POLR2E	1	ENSG00000099817	
POLR2F	1	ENSG00000100142	
ASCC2	1	ENSG00000100325	
POLR2G	1	ENSG00000168002	
ASCC3	1	ENSG00000112249	
POLR2H	1	ENSG00000163882	
CCDC77	1	ENSG00000120647	
POLR2I	1	ENSG00000105258	
POLR2J	1	ENSG00000005075	
CCDC71	1	ENSG00000177352	
POLR2K	1	ENSG00000147669	
JAZF1	1	ENSG00000153814	
CCDC73	1	ENSG00000186714	
POLR2L	1	ENSG00000177700	
POLR2M	1	ENSG00000255529	
NPIPA9	1	ENSG00000233024	
TRPA1	1	ENSG00000104321	
CCDC57	1	ENSG00000176155	
IDH3G	1	ENSG00000067829	
AMFR	1	ENSG00000159461	
CCDC59	1	ENSG00000133773	
PML	1	ENSG00000140464	
FRAS1	1	ENSG00000138759	
POLR3A	1	ENSG00000148606	
POLR3B	1	ENSG00000013503	
POLR3C	1	ENSG00000186141	
ZGLP1	1	ENSG00000220201	
POLR3D	1	ENSG00000168495	
POLR3E	1	ENSG00000058600	
POLR3F	1	ENSG00000132664	
NPIPB3	1	ENSG00000169246	
POLR3G	1	ENSG00000113356	
MAGIX	1	ENSG00000269313	
POLR3H	1	ENSG00000100413	
CCDC65	1	ENSG00000139537	
NPIPB2	1	ENSG00000234719	
CCDC66	1	ENSG00000180376	
NPIPB7	1	ENSG00000233232	
POLR3K	1	ENSG00000161980	
NPIPB6	1	ENSG00000198156	
CCDC61	1	ENSG00000104983	
CCDC62	1	ENSG00000130783	
SMIM47	1	ENSG00000261341	
KLHDC7A	1	ENSG00000179023	
KLHDC7B	1	ENSG00000130487	
PNN	1	ENSG00000100941	
FRAT1	1	ENSG00000165879	
PNP	1	ENSG00000198805	
FRAT2	1	ENSG00000181274	
MAGOH	1	ENSG00000162385	
C20orf204	1	ENSG00000196421	
C20orf202	1	ENSG00000215595	
SPACDR	1	ENSG00000185955	
UHMK1	1	ENSG00000152332	
POR	1	ENSG00000127948	
ZW10	1	ENSG00000086827	
SUCLG2	1	ENSG00000172340	
NSMF	1	ENSG00000165802	
SUCLG1	1	ENSG00000163541	
C2CD4A	1	ENSG00000198535	
C2CD4B	1	ENSG00000205502	
C2CD4C	1	ENSG00000183186	
HNRNPLL	1	ENSG00000143889	
PPL	1	ENSG00000118898	
TRPM2	1	ENSG00000142185	
UGCG	1	ENSG00000148154	
ZNHIT2	1	ENSG00000174276	
ZNHIT1	1	ENSG00000106400	
ZNHIT3	1	ENSG00000273611	
ZNHIT6	1	ENSG00000117174	
PPY	1	ENSG00000108849	
TRPM7	1	ENSG00000092439	
TRPM8	1	ENSG00000144481	
TRPM5	1	ENSG00000070985	
TRPM4	1	ENSG00000130529	
KLHDC8B	1	ENSG00000185909	
SNAP91	1	ENSG00000065609	
PM20D2	1	ENSG00000146281	
CABYR	1	ENSG00000154040	
KLHDC8A	1	ENSG00000162873	
RNPS1	1	ENSG00000205937	
C2CD2L	1	ENSG00000172375	
SLC44A5	1	ENSG00000137968	
SLC44A3	1	ENSG00000143036	
SLC44A4	1	ENSG00000204385	
SLC44A1	1	ENSG00000070214	
SLC44A2	1	ENSG00000129353	
HEPACAM2	1	ENSG00000188175	
MAGT1	1	ENSG00000102158	
SPPL3	1	ENSG00000157837	
CLDN22	1	ENSG00000177300	
GABRR2	1	ENSG00000111886	
CLDN20	1	ENSG00000171217	
XPO1	1	ENSG00000082898	
XPO4	1	ENSG00000132953	
XPO6	1	ENSG00000169180	
XPO5	1	ENSG00000124571	
PRX	1	ENSG00000105227	
CLDN23	1	ENSG00000253958	
PSD	1	ENSG00000059915	
PGGHG	1	ENSG00000142102	
CLDN11	1	ENSG00000013297	
UGDH	1	ENSG00000109814	
CLDN10	1	ENSG00000134873	
CLDN15	1	ENSG00000106404	
C2CD4D	1	ENSG00000225556	
CLDN14	1	ENSG00000159261	
CLDN12	1	ENSG00000157224	
CLDN19	1	ENSG00000164007	
HNRNPH2	1	ENSG00000126945	
HNRNPH3	1	ENSG00000096746	
MPND	1	ENSG00000008382	
PTGER4	1	ENSG00000171522	
IFT70B	1	ENSG00000196659	
IFT70A	1	ENSG00000197557	
CSTA	1	ENSG00000121552	
PTGER1	1	ENSG00000160951	
HAAO	1	ENSG00000162882	
PTGER3	1	ENSG00000050628	
PTN	1	ENSG00000105894	
CST6	1	ENSG00000175315	
CT55	1	ENSG00000169551	
PTS	1	ENSG00000150787	
CST3	1	ENSG00000101439	
NT5C	1	ENSG00000125458	
AMN1	1	ENSG00000151743	
CST2	1	ENSG00000170369	
NT5E	1	ENSG00000135318	
CST1	1	ENSG00000170373	
NT5M	1	ENSG00000205309	
MPP1	1	ENSG00000130830	
LMLN	1	ENSG00000185621	
MPP2	1	ENSG00000108852	
MPP3	1	ENSG00000161647	
MPP4	1	ENSG00000082126	
SLC31A2	1	ENSG00000136867	
PTGES2	1	ENSG00000148334	
SLC31A1	1	ENSG00000136868	
PTGES3	1	ENSG00000110958	
XPO7	1	ENSG00000130227	
MPP7	1	ENSG00000150054	
KBTBD3	1	ENSG00000182359	
KBTBD4	1	ENSG00000123444	
KBTBD6	1	ENSG00000165572	
XPOT	1	ENSG00000184575	
KBTBD2	1	ENSG00000170852	
KBTBD7	1	ENSG00000120696	
KBTBD8	1	ENSG00000163376	
RIPOR3	1	ENSG00000042062	
RIPOR2	1	ENSG00000111913	
RIPOR1	1	ENSG00000039523	
CWC25	1	ENSG00000273559	
CWC27	1	ENSG00000153015	
PVR	1	ENSG00000073008	
AMOT	1	ENSG00000126016	
RBMX2	1	ENSG00000134597	
FAM162A	1	ENSG00000114023	
CWC22	1	ENSG00000163510	
C1RL	1	ENSG00000139178	
SACS	1	ENSG00000151835	
HADH	1	ENSG00000138796	
LMO1	1	ENSG00000166407	
CHRNB2	1	ENSG00000160716	
CHRNB1	1	ENSG00000170175	
CHRNB4	1	ENSG00000117971	
CHRNB3	1	ENSG00000147432	
WNT5B	1	ENSG00000111186	
LMO4	1	ENSG00000143013	
LMO3	1	ENSG00000048540	
WNT5A	1	ENSG00000114251	
LMO2	1	ENSG00000135363	
FAM161A	1	ENSG00000170264	
AMPH	1	ENSG00000078053	
FAM161B	1	ENSG00000156050	
XPR1	1	ENSG00000143324	
CHRNA1	1	ENSG00000138435	
IDI1	1	ENSG00000067064	
RASL12	1	ENSG00000103710	
PXK	1	ENSG00000168297	
CHRNA3	1	ENSG00000080644	
CHRNA5	1	ENSG00000169684	
CHRNA4	1	ENSG00000101204	
CABP7	1	ENSG00000100314	
CHRNA7	1	ENSG00000175344	
CABP4	1	ENSG00000175544	
IDI2	1	ENSG00000148377	
PXN	1	ENSG00000089159	
CHRNA6	1	ENSG00000147434	
CABP5	1	ENSG00000105507	
CHRNA9	1	ENSG00000174343	
CABP1	1	ENSG00000157782	
BPTF	1	ENSG00000171634	
KLHDC10	1	ENSG00000128607	
KLHDC2	1	ENSG00000165516	
KLHDC3	1	ENSG00000124702	
KLHDC4	1	ENSG00000104731	
IDH1	1	ENSG00000138413	
IDH2	1	ENSG00000182054	
KLHDC1	1	ENSG00000197776	
TRPV2	1	ENSG00000187688	
SREK1IP1	1	ENSG00000153006	
TRPV3	1	ENSG00000167723	
TRPV1	1	ENSG00000196689	
CWC15	1	ENSG00000150316	
DGAT2L6	1	ENSG00000184210	
ENSG00000187186	1	ENSG00000187186	
PYY	1	ENSG00000131096	
TRPV6	1	ENSG00000165125	
FAM163B	1	ENSG00000196990	
TRPV4	1	ENSG00000111199	
FAM163A	1	ENSG00000143340	
SAE1	1	ENSG00000142230	
KLHDC9	1	ENSG00000162755	
WNT2B	1	ENSG00000134245	
PZP	1	ENSG00000126838	
NR2E1	1	ENSG00000112333	
NR2E3	1	ENSG00000278570	
SNAPC5	1	ENSG00000174446	
SNAPC1	1	ENSG00000023608	
SNAPC2	1	ENSG00000104976	
SNAPC3	1	ENSG00000164975	
TRPS1	1	ENSG00000104447	
SNAPC4	1	ENSG00000165684	
TRPT1	1	ENSG00000149743	
WNT16	1	ENSG00000002745	
SAFB	1	ENSG00000160633	
PEAK3	1	ENSG00000188305	
IGDCC4	1	ENSG00000103742	
PEAK1	1	ENSG00000173517	
IGDCC3	1	ENSG00000174498	
RBMS1	1	ENSG00000153250	
PFDN1	1	ENSG00000113068	
PFDN2	1	ENSG00000143256	
HAGH	1	ENSG00000063854	
PFDN5	1	ENSG00000123349	
PFDN6	1	ENSG00000204220	
RBMS3	1	ENSG00000144642	
PAPPA2	1	ENSG00000116183	
ATF6B	1	ENSG00000213676	
NR2C2	1	ENSG00000177463	
FAM169A	1	ENSG00000198780	
NR2C1	1	ENSG00000120798	
FAM168B	1	ENSG00000152102	
UGP2	1	ENSG00000169764	
WNT11	1	ENSG00000085741	
FAM168A	1	ENSG00000054965	
MCRIP2	1	ENSG00000172366	
MCRIP1	1	ENSG00000225663	
PCED1A	1	ENSG00000132635	
PCED1B	1	ENSG00000179715	
TOGARAM2	1	ENSG00000189350	
TOGARAM1	1	ENSG00000198718	
VAT1L	1	ENSG00000171724	
FAM167B	1	ENSG00000183615	
FAM167A	1	ENSG00000154319	
ALDH16A1	1	ENSG00000161618	
RAMAC	1	ENSG00000169612	
EHMT2	1	ENSG00000204371	
TMEM94	1	ENSG00000177728	
EHMT1	1	ENSG00000181090	
TMEM97	1	ENSG00000109084	
CLDN2	1	ENSG00000165376	
TMEM91	1	ENSG00000142046	
CLDN1	1	ENSG00000163347	
TMEM92	1	ENSG00000167105	
PSMD8	1	ENSG00000099341	
RABGEF1	1	ENSG00000154710	
PSMD9	1	ENSG00000110801	
PSMD6	1	ENSG00000163636	
PPP4R1	1	ENSG00000154845	
PSMD7	1	ENSG00000103035	
PSMD4	1	ENSG00000159352	
TDO2	1	ENSG00000151790	
PSMD5	1	ENSG00000095261	
TMEM88	1	ENSG00000167874	
PSMD2	1	ENSG00000175166	
PPP4R4	1	ENSG00000119698	
PSMD3	1	ENSG00000108344	
PSMD1	1	ENSG00000173692	
TMEM8B	1	ENSG00000137103	
DICER1	1	ENSG00000100697	
TMEM80	1	ENSG00000177042	
TMEM81	1	ENSG00000174529	
RUFY1	1	ENSG00000176783	
FAM133B	1	ENSG00000234545	
CLDN6	1	ENSG00000184697	
MOSMO	1	ENSG00000185716	
CLDN5	1	ENSG00000184113	
FAM133A	1	ENSG00000179083	
CLDN4	1	ENSG00000189143	
CLDN3	1	ENSG00000165215	
RUFY4	1	ENSG00000188282	
CLDN9	1	ENSG00000213937	
RUFY3	1	ENSG00000018189	
PSME3	1	ENSG00000131467	
TMEM79	1	ENSG00000163472	
CLDN7	1	ENSG00000181885	
PSME4	1	ENSG00000068878	
RUFY2	1	ENSG00000204130	
PSME1	1	ENSG00000092010	
PSME2	1	ENSG00000100911	
IDNK	1	ENSG00000148057	
IDO1	1	ENSG00000131203	
TTYH3	1	ENSG00000136295	
TTYH2	1	ENSG00000141540	
TTYH1	1	ENSG00000167614	
RHOXF1P3	1	ENSG00000282933	
MRPL18	1	ENSG00000112110	
MRPL19	1	ENSG00000115364	
CLCNKB	1	ENSG00000184908	
IL20RA	1	ENSG00000016402	
AGAP2	1	ENSG00000135439	
MRPL16	1	ENSG00000166902	
AGAP1	1	ENSG00000157985	
IL20RB	1	ENSG00000174564	
CLCNKA	1	ENSG00000186510	
MRPL17	1	ENSG00000158042	
AGAP4	1	ENSG00000188234	
MRPL14	1	ENSG00000180992	
MRPL15	1	ENSG00000137547	
MRPL12	1	ENSG00000262814	
MRPL13	1	ENSG00000172172	
MRPL10	1	ENSG00000159111	
MRPL11	1	ENSG00000174547	
MRPL20	1	ENSG00000242485	
OR2I1P	1	ENSG00000237988	
KCNMB1	1	ENSG00000145936	
KCNMB2	1	ENSG00000197584	
KCNMB3	1	ENSG00000171121	
HESX1	1	ENSG00000163666	
KCNMB4	1	ENSG00000135643	
AMZ2	1	ENSG00000196704	
PSMF1	1	ENSG00000125818	
PUSL1	1	ENSG00000169972	
AMZ1	1	ENSG00000174945	
CTC1	1	ENSG00000178971	
CADM3	1	ENSG00000162706	
CADM4	1	ENSG00000105767	
COL24A1	1	ENSG00000171502	
CADM2	1	ENSG00000175161	
MRPL27	1	ENSG00000108826	
MRPL28	1	ENSG00000086504	
MRPL23	1	ENSG00000214026	
MRPL24	1	ENSG00000143314	
MRPL21	1	ENSG00000197345	
MRPL22	1	ENSG00000082515	
MRPL30	1	ENSG00000185414	
ABTB2	1	ENSG00000166016	
ABTB1	1	ENSG00000114626	
FAM135B	1	ENSG00000147724	
FAM135A	1	ENSG00000082269	
TMEM98	1	ENSG00000006042	
TDP2	1	ENSG00000111802	
TDP1	1	ENSG00000042088	
ABTB3	1	ENSG00000151136	
PSMG3	1	ENSG00000157778	
PSMG4	1	ENSG00000180822	
PSMG1	1	ENSG00000183527	
PSMG2	1	ENSG00000128789	
EZH1	1	ENSG00000108799	
TMEM9B	1	ENSG00000175348	
EZH2	1	ENSG00000106462	
WFIKKN1	1	ENSG00000127578	
WFIKKN2	1	ENSG00000173714	
MRPL38	1	ENSG00000204316	
TMEM51	1	ENSG00000171729	
MRPL39	1	ENSG00000154719	
TDRP	1	ENSG00000180190	
EFCAB5	1	ENSG00000176927	
TMEM52	1	ENSG00000178821	
MRPL36	1	ENSG00000171421	
CTCF	1	ENSG00000102974	
MRPL37	1	ENSG00000116221	
EFCAB6	1	ENSG00000186976	
TMEM53	1	ENSG00000126106	
EFCAB7	1	ENSG00000203965	
RCSD1	1	ENSG00000198771	
MRPL34	1	ENSG00000130312	
MRPL35	1	ENSG00000132313	
EFCAB8	1	ENSG00000215529	
MRPL32	1	ENSG00000106591	
MRPL33	1	ENSG00000243147	
MRPL41	1	ENSG00000182154	
TMEM47	1	ENSG00000147027	
MRPL42	1	ENSG00000198015	
MRPL40	1	ENSG00000185608	
TMEM44	1	ENSG00000145014	
FASTK	1	ENSG00000164896	
EFCAB2	1	ENSG00000203666	
CTBS	1	ENSG00000117151	
LEFTY1	1	ENSG00000243709	
EIPR1	1	ENSG00000032389	
MRPL49	1	ENSG00000149792	
TMEM40	1	ENSG00000088726	
MRPL47	1	ENSG00000136522	
MRPL48	1	ENSG00000175581	
TMEM42	1	ENSG00000169964	
MRPL45	1	ENSG00000278845	
MRPL46	1	ENSG00000259494	
MRPL43	1	ENSG00000055950	
MRPL44	1	ENSG00000135900	
MRPL52	1	ENSG00000172590	
MZT2B	1	ENSG00000152082	
PSMA5	1	ENSG00000143106	
MZT2A	1	ENSG00000173272	
PSMA6	1	ENSG00000100902	
TMEM37	1	ENSG00000171227	
PSMA3	1	ENSG00000100567	
MRPL50	1	ENSG00000136897	
MBLAC1	1	ENSG00000214309	
PSMA4	1	ENSG00000041357	
MBLAC2	1	ENSG00000176055	
MRPL51	1	ENSG00000111639	
PSMA2	1	ENSG00000106588	
KCNMA1	1	ENSG00000156113	
HAP1	1	ENSG00000173805	
SMTNL2	1	ENSG00000188176	
CTF1	1	ENSG00000150281	
DMAC1	1	ENSG00000137038	
DMAC2	1	ENSG00000105341	
IDUA	1	ENSG00000127415	
COL11A1	1	ENSG00000060718	
ZNF518B	1	ENSG00000178163	
COL11A2	1	ENSG00000204248	
ZNF518A	1	ENSG00000177853	
MRPL58	1	ENSG00000167862	
TMEM74	1	ENSG00000164841	
MRPL57	1	ENSG00000173141	
PSMA7	1	ENSG00000101182	
TMEM70	1	ENSG00000175606	
MRPL54	1	ENSG00000183617	
MRPL55	1	ENSG00000162910	
TMEM71	1	ENSG00000165071	
PSMB6	1	ENSG00000142507	
NTF4	1	ENSG00000225950	
TMEM69	1	ENSG00000159596	
PSMB7	1	ENSG00000136930	
PSMB4	1	ENSG00000159377	
PSMB5	1	ENSG00000100804	
BTAF1	1	ENSG00000095564	
PSMB2	1	ENSG00000126067	
TMEM65	1	ENSG00000164983	
PSMB3	1	ENSG00000277791	
TMEM67	1	ENSG00000164953	
TMEM68	1	ENSG00000167904	
NTF3	1	ENSG00000185652	
PSMB1	1	ENSG00000008018	
CLPTM1	1	ENSG00000104853	
HAS3	1	ENSG00000103044	
HAS2	1	ENSG00000170961	
CEPT1	1	ENSG00000134255	
KRTAP2-3	1	ENSG00000212724	
LEFTY2	1	ENSG00000143768	
TRMT10A	1	ENSG00000145331	
TRMT10B	1	ENSG00000165275	
TRMT10C	1	ENSG00000174173	
USP9X	1	ENSG00000124486	
USP9Y	1	ENSG00000114374	
TMEM62	1	ENSG00000137842	
TMEM64	1	ENSG00000180694	
PLXDC2	1	ENSG00000120594	
TMCO4	1	ENSG00000162542	
TMCO3	1	ENSG00000150403	
PLXDC1	1	ENSG00000161381	
PSMB8	1	ENSG00000204264	
TMCO1	1	ENSG00000143183	
TMEM60	1	ENSG00000135211	
SPSB3	1	ENSG00000162032	
TMEM59	1	ENSG00000116209	
SPSB2	1	ENSG00000111671	
SPSB1	1	ENSG00000171621	
PSMC5	1	ENSG00000087191	
TMCO6	1	ENSG00000113119	
PSMC6	1	ENSG00000100519	
TMEM54	1	ENSG00000121900	
PSMC3	1	ENSG00000165916	
PSMC4	1	ENSG00000013275	
PSMC1	1	ENSG00000100764	
PSMC2	1	ENSG00000161057	
SPSB4	1	ENSG00000175093	
NOMO3	1	ENSG00000103226	
SAT2	1	ENSG00000141504	
SAT1	1	ENSG00000130066	
EIF4ENIF1	1	ENSG00000184708	
SESN3	1	ENSG00000149212	
SESN1	1	ENSG00000080546	
SESN2	1	ENSG00000130766	
NEPRO	1	ENSG00000163608	
NOMO1	1	ENSG00000103512	
UBALD1	1	ENSG00000153443	
PIPOX	1	ENSG00000179761	
UBALD2	1	ENSG00000185262	
HAT1	1	ENSG00000128708	
DYDC2	1	ENSG00000133665	
SQSTM1	1	ENSG00000161011	
TRABD2B	1	ENSG00000269113	
TRABD2A	1	ENSG00000186854	
TMEM31	1	ENSG00000179363	
CYP19A1	1	ENSG00000137869	
SAV1	1	ENSG00000151748	
TMEM25	1	ENSG00000149582	
CTIF	1	ENSG00000134030	
TMEM26	1	ENSG00000196932	
TRIM49B	1	ENSG00000182053	
MYPOP	1	ENSG00000176182	
RBPMS	1	ENSG00000157110	
TFPI2	1	ENSG00000105825	
DCDC2	1	ENSG00000146038	
QKI	1	ENSG00000112531	
DCDC1	1	ENSG00000170959	
PTPRE	1	ENSG00000132334	
MLXIPL	1	ENSG00000009950	
PTPRB	1	ENSG00000127329	
TMEM17	1	ENSG00000186889	
PTPRA	1	ENSG00000132670	
TMEM11	1	ENSG00000178307	
TMEM19	1	ENSG00000139291	
GDPGP1	1	ENSG00000183208	
ZNF512B	1	ENSG00000196700	
NADK2	1	ENSG00000152620	
DIS3L2	1	ENSG00000144535	
HAX1	1	ENSG00000143575	
MTRF1L	1	ENSG00000112031	
AHDC1	1	ENSG00000126705	
USP27X	1	ENSG00000273820	
MAK16	1	ENSG00000198042	
NTN4	1	ENSG00000074527	
NTN5	1	ENSG00000142233	
NTN1	1	ENSG00000065320	
NTN3	1	ENSG00000162068	
GANAB	1	ENSG00000089597	
TRIM43B	1	ENSG00000144010	
PTPN1	1	ENSG00000196396	
CTNS	1	ENSG00000040531	
MTRES1	1	ENSG00000130349	
PTPN9	1	ENSG00000169410	
PTPN6	1	ENSG00000111679	
PTPN4	1	ENSG00000088179	
PTPN5	1	ENSG00000110786	
PTPN2	1	ENSG00000175354	
PTPN3	1	ENSG00000070159	
ERRFI1	1	ENSG00000116285	
KDELR1	1	ENSG00000105438	
THUMPD2	1	ENSG00000138050	
THUMPD3	1	ENSG00000134077	
KEAP1	1	ENSG00000079999	
THUMPD1	1	ENSG00000066654	
SPATA25	1	ENSG00000149634	
SPATA21	1	ENSG00000187144	
SPATA22	1	ENSG00000141255	
SPATA24	1	ENSG00000170469	
KIF21A	1	ENSG00000139116	
KIF21B	1	ENSG00000116852	
SCN1B	1	ENSG00000105711	
ACVR1	1	ENSG00000115170	
ST6GAL1	1	ENSG00000073849	
ST6GAL2	1	ENSG00000144057	
RSAD2	1	ENSG00000134321	
SFMBT1	1	ENSG00000163935	
SFMBT2	1	ENSG00000198879	
RSAD1	1	ENSG00000136444	
ANK2	1	ENSG00000145362	
ANK3	1	ENSG00000151150	
ANK1	1	ENSG00000029534	
SPATA17	1	ENSG00000162814	
SPATA12	1	ENSG00000186451	
SPATA13	1	ENSG00000182957	
KDELR2	1	ENSG00000136240	
ALPK3	1	ENSG00000136383	
KIF20A	1	ENSG00000112984	
KDELR3	1	ENSG00000100196	
ALPK2	1	ENSG00000198796	
ALPK1	1	ENSG00000073331	
KIF20B	1	ENSG00000138182	
SPATA18	1	ENSG00000163071	
WNK4	1	ENSG00000126562	
TGOLN2	1	ENSG00000152291	
ANKH	1	ENSG00000154122	
HIVEP3	1	ENSG00000127124	
HIVEP2	1	ENSG00000010818	
SCN3B	1	ENSG00000166257	
SCN3A	1	ENSG00000153253	
CTSA	1	ENSG00000064601	
IFITM10	1	ENSG00000244242	
ANLN	1	ENSG00000011426	
CTRL	1	ENSG00000141086	
WNK1	1	ENSG00000060237	
WNK2	1	ENSG00000165238	
SCN2A	1	ENSG00000136531	
CTRC	1	ENSG00000162438	
SCN2B	1	ENSG00000149575	
PTPRU	1	ENSG00000060656	
PTPRR	1	ENSG00000153233	
USPL1	1	ENSG00000132952	
PTPRQ	1	ENSG00000139304	
PTGDR2	1	ENSG00000183134	
PTPRN	1	ENSG00000054356	
PTPRO	1	ENSG00000151490	
TECR	1	ENSG00000099797	
CTSZ	1	ENSG00000101160	
PTPRM	1	ENSG00000173482	
N4BP2L1	1	ENSG00000139597	
PTPRJ	1	ENSG00000149177	
CTSW	1	ENSG00000172543	
PTPRK	1	ENSG00000152894	
CTSV	1	ENSG00000136943	
PTPRH	1	ENSG00000080031	
N4BP2L2	1	ENSG00000244754	
LARP1B	1	ENSG00000138709	
EDA2R	1	ENSG00000131080	
CTSS	1	ENSG00000163131	
PTPRG	1	ENSG00000144724	
BABAM1	1	ENSG00000105393	
BABAM2	1	ENSG00000158019	
SCML2	1	ENSG00000102098	
CTSO	1	ENSG00000256043	
SCML1	1	ENSG00000047634	
CTSL	1	ENSG00000135047	
CTSK	1	ENSG00000143387	
CTSH	1	ENSG00000103811	
CTSG	1	ENSG00000100448	
CTSF	1	ENSG00000174080	
CTSD	1	ENSG00000117984	
CTSC	1	ENSG00000109861	
ANO8	1	ENSG00000074855	
PLAAT1	1	ENSG00000127252	
ANO9	1	ENSG00000185101	
ANO6	1	ENSG00000177119	
ANO7	1	ENSG00000146205	
PLAAT2	1	ENSG00000133328	
ANO4	1	ENSG00000151572	
PLAAT5	1	ENSG00000168004	
ANO5	1	ENSG00000171714	
ANO3	1	ENSG00000134343	
NR5A1	1	ENSG00000136931	
ANO1	1	ENSG00000131620	
CTU2	1	ENSG00000174177	
CTU1	1	ENSG00000142544	
NR5A2	1	ENSG00000116833	
CTTN	1	ENSG00000085733	
ZNF780B	1	ENSG00000128000	
ZNF780A	1	ENSG00000197782	
LNP1	1	ENSG00000206535	
RAMP2	1	ENSG00000131477	
MARCHF2	1	ENSG00000099785	
MARCHF1	1	ENSG00000145416	
RAMP3	1	ENSG00000122679	
SLC43A2	1	ENSG00000167703	
SLC43A3	1	ENSG00000134802	
SLC43A1	1	ENSG00000149150	
CAMKK1	1	ENSG00000004660	
CAMKK2	1	ENSG00000110931	
STAMBPL1	1	ENSG00000138134	
CAMK2N1	1	ENSG00000162545	
CAMK2N2	1	ENSG00000163888	
MARCHF8	1	ENSG00000165406	
MARCHF7	1	ENSG00000136536	
MARCHF9	1	ENSG00000139266	
MARCHF4	1	ENSG00000144583	
MARCHF3	1	ENSG00000173926	
LNPK	1	ENSG00000144320	
AASDHPPT	1	ENSG00000149313	
TEFM	1	ENSG00000172171	
MARCHF5	1	ENSG00000198060	
KIF26A	1	ENSG00000066735	
KIF26B	1	ENSG00000162849	
RAMP1	1	ENSG00000132329	
SCARB2	1	ENSG00000138760	
DCLRE1B	1	ENSG00000118655	
SCARB1	1	ENSG00000073060	
DCLRE1A	1	ENSG00000198924	
DCLRE1C	1	ENSG00000152457	
GIMAP1	1	ENSG00000213203	
GIMAP2	1	ENSG00000106560	
GXYLT1	1	ENSG00000151233	
GIMAP4	1	ENSG00000133574	
GXYLT2	1	ENSG00000172986	
GIMAP6	1	ENSG00000133561	
FRRS1L	1	ENSG00000260230	
SCN9A	1	ENSG00000169432	
OSTF1	1	ENSG00000134996	
SBF1	1	ENSG00000100241	
SBF2	1	ENSG00000133812	
SLC30A6	1	ENSG00000152683	
SLC30A9	1	ENSG00000014824	
SCARA3	1	ENSG00000168077	
ZGPAT	1	ENSG00000197114	
SCARA5	1	ENSG00000168079	
SLC30A3	1	ENSG00000115194	
SLC30A5	1	ENSG00000145740	
ATG9B	1	ENSG00000181652	
ATG9A	1	ENSG00000198925	
SLC30A4	1	ENSG00000104154	
LMTK3	1	ENSG00000142235	
LMTK2	1	ENSG00000164715	
SLC30A1	1	ENSG00000170385	
ATAD3B	1	ENSG00000160072	
ATAD3A	1	ENSG00000197785	
SUPT7L	1	ENSG00000119760	
ATAD3C	1	ENSG00000215915	
HNRNPUL1	1	ENSG00000105323	
HNRNPUL2	1	ENSG00000214753	
SCN8A	1	ENSG00000196876	
SBDS	1	ENSG00000126524	
ATP5MC2	1	ENSG00000135390	
ATP5MC3	1	ENSG00000154518	
SUPT6H	1	ENSG00000109111	
NKAPL	1	ENSG00000189134	
ATP5MC1	1	ENSG00000159199	
SPTA1	1	ENSG00000163554	
WNT6	1	ENSG00000115596	
CALHM2	1	ENSG00000138172	
WNT1	1	ENSG00000125084	
WNT2	1	ENSG00000105989	
WNT3	1	ENSG00000108379	
WNT4	1	ENSG00000162552	
NIBAN1	1	ENSG00000135842	
NIBAN3	1	ENSG00000167483	
NIBAN2	1	ENSG00000136830	
INHBB	1	ENSG00000163083	
INHBA	1	ENSG00000122641	
SUPT5H	1	ENSG00000196235	
INHBC	1	ENSG00000175189	
CALHM5	1	ENSG00000178033	
INHBE	1	ENSG00000139269	
COL5A1	1	ENSG00000130635	
COL5A3	1	ENSG00000080573	
COL5A2	1	ENSG00000204262	
SEPTIN14	1	ENSG00000154997	
SEPTIN11	1	ENSG00000138758	
INSYN2A	1	ENSG00000188916	
SEPTIN10	1	ENSG00000186522	
INSYN2B	1	ENSG00000204767	
BUD23	1	ENSG00000071462	
SCARF2	1	ENSG00000244486	
SCARF1	1	ENSG00000074660	
GALNT9	1	ENSG00000182870	
GALNT8	1	ENSG00000130035	
BUD31	1	ENSG00000106245	
TLCD4-RWDD3	1	ENSG00000271092	
TEX13D	1	ENSG00000282419	
ATG4C	1	ENSG00000125703	
ATG4B	1	ENSG00000168397	
ATG4A	1	ENSG00000101844	
SCN4A	1	ENSG00000007314	
SCN4B	1	ENSG00000177098	
ATG4D	1	ENSG00000130734	
BCL2A1	1	ENSG00000140379	
CLCN3	1	ENSG00000109572	
CLCN2	1	ENSG00000114859	
CLCN1	1	ENSG00000188037	
ATAD2B	1	ENSG00000119778	
SPATA45	1	ENSG00000185523	
SCN7A	1	ENSG00000136546	
GALNT7	1	ENSG00000109586	
GALNT6	1	ENSG00000139629	
GALNT5	1	ENSG00000136542	
GALNT4	1	ENSG00000257594	
GALNT2	1	ENSG00000143641	
GALNT1	1	ENSG00000141429	
PDAP1	1	ENSG00000106244	
PEDS1	1	ENSG00000240849	
EPCIP	1	ENSG00000205929	
SPATA2L	1	ENSG00000158792	
CLCN7	1	ENSG00000103249	
SBK2	1	ENSG00000187550	
CLCN6	1	ENSG00000011021	
CLCN5	1	ENSG00000171365	
CLCN4	1	ENSG00000073464	
SBK1	1	ENSG00000188322	
SPATA32	1	ENSG00000184361	
SPATA33	1	ENSG00000167523	
FAM131C	1	ENSG00000185519	
FAM131B	1	ENSG00000159784	
FAM131A	1	ENSG00000175182	
LNX1	1	ENSG00000072201	
BUD13	1	ENSG00000137656	
CLUAP1	1	ENSG00000103351	
RAN	1	ENSG00000132341	
LNX2	1	ENSG00000139517	
CYFIP2	1	ENSG00000055163	
ROPN1B	1	ENSG00000114547	
CYFIP1	1	ENSG00000273749	
GABPB2	1	ENSG00000143458	
TRRAP	1	ENSG00000196367	
COL12A1	1	ENSG00000111799	
GABPB1	1	ENSG00000104064	
ZXDA	1	ENSG00000198205	
NUB1	1	ENSG00000013374	
ZXDB	1	ENSG00000198455	
ZXDC	1	ENSG00000070476	
MPV17	1	ENSG00000115204	
NFRKB	1	ENSG00000170322	
IER5	1	ENSG00000162783	
IER3	1	ENSG00000137331	
CUBN	1	ENSG00000107611	
TEP1	1	ENSG00000129566	
HPRT1	1	ENSG00000165704	
ASF1A	1	ENSG00000111875	
ASF1B	1	ENSG00000105011	
POM121	1	ENSG00000196313	
NOLC1	1	ENSG00000166197	
RIC8A	1	ENSG00000177963	
PPP3R1	1	ENSG00000221823	
RIC8B	1	ENSG00000111785	
TERT	1	ENSG00000164362	
CHST11	1	ENSG00000171310	
CHST12	1	ENSG00000136213	
GALR2	1	ENSG00000182687	
GALR1	1	ENSG00000166573	
CHST10	1	ENSG00000115526	
CHST15	1	ENSG00000182022	
CHST13	1	ENSG00000180767	
CHST14	1	ENSG00000169105	
HBQ1	1	ENSG00000086506	
ENSG00000271254	1	ENSG00000271254	
C4orf54	1	ENSG00000248713	
BRAP	1	ENSG00000089234	
RDX	1	ENSG00000137710	
TYSND1	1	ENSG00000156521	
UPF3B	1	ENSG00000125351	
UPF3A	1	ENSG00000169062	
BRAF	1	ENSG00000157764	
REL	1	ENSG00000162924	
HBP1	1	ENSG00000105856	
MYOM1	1	ENSG00000101605	
TCF25	1	ENSG00000141002	
TCF24	1	ENSG00000261787	
TCF23	1	ENSG00000163792	
PRSS27	1	ENSG00000172382	
TCF21	1	ENSG00000118526	
TCF20	1	ENSG00000100207	
PRSS22	1	ENSG00000005001	
PRSS23	1	ENSG00000150687	
MYOM2	1	ENSG00000036448	
MYOM3	1	ENSG00000142661	
PRSS21	1	ENSG00000007038	
MRC2	1	ENSG00000011028	
C11orf98	1	ENSG00000278615	
C11orf96	1	ENSG00000187479	
RFK	1	ENSG00000135002	
NUF2	1	ENSG00000143228	
C11orf91	1	ENSG00000205177	
MRC1	1	ENSG00000260314	
ANXA6	1	ENSG00000197043	
ANXA7	1	ENSG00000138279	
ANXA8	1	ENSG00000265190	
ANXA9	1	ENSG00000143412	
XXYLT1	1	ENSG00000173950	
BRD3	1	ENSG00000169925	
TCF19	1	ENSG00000137310	
NUDC	1	ENSG00000090273	
ANXA2	1	ENSG00000182718	
TCF15	1	ENSG00000125878	
IFNGR1	1	ENSG00000027697	
ANXA3	1	ENSG00000138772	
TESC	1	ENSG00000088992	
ANXA4	1	ENSG00000196975	
IFNGR2	1	ENSG00000159128	
TCF12	1	ENSG00000140262	
ANXA5	1	ENSG00000164111	
TET2	1	ENSG00000168769	
PRSS16	1	ENSG00000112812	
TET1	1	ENSG00000138336	
PRSS12	1	ENSG00000164099	
MRAP	1	ENSG00000170262	
C11orf87	1	ENSG00000185742	
MRAS	1	ENSG00000158186	
RGN	1	ENSG00000130988	
HCLS1	1	ENSG00000180353	
RGR	1	ENSG00000148604	
SF3B4	1	ENSG00000143368	
SF3B5	1	ENSG00000169976	
SF3B2	1	ENSG00000087365	
SF3B3	1	ENSG00000189091	
SF3B6	1	ENSG00000115128	
PRSS48	1	ENSG00000189099	
SBSN	1	ENSG00000189001	
C11orf68	1	ENSG00000175573	
C11orf71	1	ENSG00000180425	
SC5D	1	ENSG00000109929	
BRD9	1	ENSG00000028310	
BRD8	1	ENSG00000112983	
SF3B1	1	ENSG00000115524	
BRD4	1	ENSG00000141867	
CCL25	1	ENSG00000131142	
SF3A3	1	ENSG00000183431	
AOC3	1	ENSG00000131471	
CCL24	1	ENSG00000106178	
SF3A1	1	ENSG00000099995	
SF3A2	1	ENSG00000104897	
AOC2	1	ENSG00000131480	
BRF1	1	ENSG00000185024	
CCL20	1	ENSG00000115009	
PRSS38	1	ENSG00000185888	
PRSS35	1	ENSG00000146250	
PRSS36	1	ENSG00000178226	
PRSS33	1	ENSG00000103355	
C11orf58	1	ENSG00000110696	
AGBL5	1	ENSG00000084693	
C11orf65	1	ENSG00000166323	
AGBL4	1	ENSG00000186094	
MORN1	1	ENSG00000116151	
MORN4	1	ENSG00000171160	
AGBL1	1	ENSG00000273540	
MORN5	1	ENSG00000185681	
MORN2	1	ENSG00000188010	
AGBL3	1	ENSG00000146856	
AGBL2	1	ENSG00000165923	
MORN3	1	ENSG00000139714	
HYLS1	1	ENSG00000198331	
CCL28	1	ENSG00000151882	
CCL26	1	ENSG00000006606	
ITGA2B	1	ENSG00000005961	
STKLD1	1	ENSG00000198870	
ABHD12	1	ENSG00000100997	
C11orf54	1	ENSG00000182919	
ABHD13	1	ENSG00000139826	
ABHD10	1	ENSG00000144827	
ABHD11	1	ENSG00000106077	
NKX6-2	1	ENSG00000148826	
TEX2	1	ENSG00000136478	
CACNB1	1	ENSG00000067191	
CTDNEP1	1	ENSG00000175826	
CACNB2	1	ENSG00000165995	
CACNB3	1	ENSG00000167535	
CACNB4	1	ENSG00000182389	
TEX9	1	ENSG00000151575	
CUL9	1	ENSG00000112659	
TEN1-CDK3	1	ENSG00000261408	
CUL7	1	ENSG00000044090	
CUL5	1	ENSG00000166266	
BRI3	1	ENSG00000164713	
CUL3	1	ENSG00000036257	
HVCN1	1	ENSG00000122986	
CUL2	1	ENSG00000108094	
ERV3-1	1	ENSG00000213462	
CUL1	1	ENSG00000055130	
MRI1	1	ENSG00000037757	
KLC1	1	ENSG00000126214	
C11orf24	1	ENSG00000171067	
RLF	1	ENSG00000117000	
RAD51AP1	1	ENSG00000111247	
KLC4	1	ENSG00000137171	
KLC3	1	ENSG00000104892	
KLC2	1	ENSG00000174996	
RAD51AP2	1	ENSG00000214842	
BTBD1	1	ENSG00000064726	
BTBD3	1	ENSG00000132640	
NACC2	1	ENSG00000148411	
BTBD2	1	ENSG00000133243	
NACC1	1	ENSG00000160877	
NKX6-1	1	ENSG00000163623	
BTN2A2	1	ENSG00000124508	
BTN2A1	1	ENSG00000112763	
NACA2	1	ENSG00000253506	
BTBD7	1	ENSG00000011114	
BTBD6	1	ENSG00000184887	
BTBD8	1	ENSG00000189195	
ZZEF1	1	ENSG00000074755	
ABHD15	1	ENSG00000168792	
C11orf21	1	ENSG00000110665	
ITGA10	1	ENSG00000143127	
ITGA11	1	ENSG00000137809	
NACAD	1	ENSG00000136274	
SRXN1	1	ENSG00000271303	
DUSP19	1	ENSG00000162999	
BRK1	1	ENSG00000254999	
DUSP18	1	ENSG00000167065	
DUSP15	1	ENSG00000149599	
MAIP1	1	ENSG00000162972	
DUSP16	1	ENSG00000111266	
DUSP14	1	ENSG00000276023	
DUSP12	1	ENSG00000081721	
DUSP10	1	ENSG00000143507	
EFHD2	1	ENSG00000142634	
EFHD1	1	ENSG00000115468	
C4orf36	2	ENSG00000285458:ENSG00000163633	
C4orf33	1	ENSG00000151470	
REXO1	1	ENSG00000079313	
DTX3L	1	ENSG00000163840	
COL25A1	1	ENSG00000188517	
DUSP28	1	ENSG00000188542	
REXO2	1	ENSG00000076043	
DUSP26	1	ENSG00000133878	
REXO4	1	ENSG00000148300	
REXO5	1	ENSG00000005189	
DUSP22	1	ENSG00000112679	
DUSP23	1	ENSG00000158716	
RP1	1	ENSG00000104237	
DALRD3	1	ENSG00000178149	
RP2	1	ENSG00000102218	
EFHC1	1	ENSG00000096093	
RP9	1	ENSG00000164610	
EFHC2	1	ENSG00000183690	
C4orf46	1	ENSG00000205208	
RPE	1	ENSG00000197713	
AMBRA1	1	ENSG00000110497	
MRM1	1	ENSG00000278619	
MRM2	1	ENSG00000122687	
MRM3	1	ENSG00000171861	
REPIN1	1	ENSG00000214022	
DCAF15	1	ENSG00000132017	
CACNG6	1	ENSG00000130433	
CACNG7	1	ENSG00000105605	
DCAF17	1	ENSG00000115827	
CACNG8	1	ENSG00000142408	
C4orf19	1	ENSG00000154274	
RSBN1L	1	ENSG00000187257	
DCAF10	1	ENSG00000122741	
CACNG1	1	ENSG00000108878	
DCAF11	1	ENSG00000100897	
CACNG2	1	ENSG00000166862	
DCAF12	1	ENSG00000198876	
CACNG3	1	ENSG00000006116	
CACNG4	1	ENSG00000075461	
CACNG5	1	ENSG00000075429	
DDHD2	1	ENSG00000085788	
OXR1	1	ENSG00000164830	
KLF3	1	ENSG00000109787	
KLF2	1	ENSG00000127528	
SCART1	1	ENSG00000214279	
KLF1	1	ENSG00000105610	
KLF8	1	ENSG00000102349	
KLF7	1	ENSG00000118263	
KLF6	1	ENSG00000067082	
KLF5	1	ENSG00000102554	
IMPDH2	1	ENSG00000178035	
KLF9	1	ENSG00000119138	
RUNDC1	1	ENSG00000198863	
MYORG	1	ENSG00000164976	
OXTR	1	ENSG00000180914	
DIXDC1	1	ENSG00000150764	
RRH	1	ENSG00000180245	
VSIG1	1	ENSG00000101842	
VSIG2	1	ENSG00000019102	
MYOZ3	1	ENSG00000164591	
MYOZ1	1	ENSG00000177791	
MYOZ2	1	ENSG00000172399	
MUCL1	1	ENSG00000172551	
SP110	1	ENSG00000135899	
BROX	1	ENSG00000162819	
OXSM	1	ENSG00000151093	
PTOV1	1	ENSG00000104960	
UTS2B	1	ENSG00000188958	
XRN1	1	ENSG00000114127	
XRN2	1	ENSG00000088930	
TFAM	1	ENSG00000108064	
TELO2	1	ENSG00000100726	
CUTA	1	ENSG00000112514	
SMIM3	1	ENSG00000256235	
IGSF8	1	ENSG00000162729	
TBCEL	1	ENSG00000154114	
IGSF5	1	ENSG00000183067	
SMIM5	1	ENSG00000204323	
IGSF3	1	ENSG00000143061	
ANP32A	1	ENSG00000140350	
KLK1	1	ENSG00000167748	
TEX264	1	ENSG00000164081	
SP140	1	ENSG00000079263	
IGSF1	1	ENSG00000147255	
SMIM1	1	ENSG00000235169	
KLK4	1	ENSG00000167749	
TEX261	1	ENSG00000144043	
SMIM7	1	ENSG00000214046	
IGSF9	1	ENSG00000085552	
KLK6	1	ENSG00000167755	
SMIM8	1	ENSG00000111850	
SCAP	1	ENSG00000114650	
SCAI	1	ENSG00000173611	
NUS1	1	ENSG00000153989	
BCL11B	1	ENSG00000127152	
BCL11A	1	ENSG00000119866	
ANKEF1	1	ENSG00000132623	
AKR1B10	1	ENSG00000198074	
FLACC1	1	ENSG00000155749	
SPRTN	1	ENSG00000010072	
ANP32E	1	ENSG00000143401	
TMCC3	1	ENSG00000057704	
TMCC2	1	ENSG00000133069	
TMCC1	1	ENSG00000172765	
ANP32B	1	ENSG00000136938	
CUTC	1	ENSG00000119929	
MRS2	1	ENSG00000124532	
KLLN	1	ENSG00000227268	
HCCS	1	ENSG00000004961	
PPCDC	1	ENSG00000138621	
SERP2	1	ENSG00000151778	
SERP1	1	ENSG00000120742	
CCKAR	1	ENSG00000163394	
QARS1	1	ENSG00000172053	
KIF13A	1	ENSG00000137177	
KIF13B	1	ENSG00000197892	
FFAR4	1	ENSG00000186188	
LRRIQ3	1	ENSG00000162620	
TSC22D3	1	ENSG00000157514	
LRRIQ1	1	ENSG00000133640	
TFE3	1	ENSG00000068323	
TSC22D2	1	ENSG00000196428	
TFEB	1	ENSG00000112561	
BTN3A3	1	ENSG00000111801	
BTN3A2	1	ENSG00000186470	
DCSTAMP	1	ENSG00000164935	
CCKBR	1	ENSG00000110148	
TFEC	1	ENSG00000105967	
RBM12B	1	ENSG00000183808	
TFF3	1	ENSG00000160180	
MAPRE3	1	ENSG00000084764	
MAPRE1	1	ENSG00000101367	
MRRF	1	ENSG00000148187	
MAPRE2	1	ENSG00000166974	
PRIM2	1	ENSG00000146143	
SP100	1	ENSG00000067066	
PRIM1	1	ENSG00000198056	
IFI6	1	ENSG00000126709	
RASIP1	1	ENSG00000105538	
SCEL	1	ENSG00000136155	
RBM15B	1	ENSG00000259956	
CUX2	1	ENSG00000111249	
CUX1	1	ENSG00000257923	
SCD5	1	ENSG00000145284	
PUS7L	1	ENSG00000129317	
LYVE1	1	ENSG00000133800	
ETNPPL	1	ENSG00000164089	
GALNT12	1	ENSG00000119514	
GALNT14	1	ENSG00000158089	
GALNT13	1	ENSG00000144278	
GALNT16	1	ENSG00000100626	
GALNT15	1	ENSG00000131386	
GALNT18	1	ENSG00000110328	
GALNT10	1	ENSG00000164574	
EFTUD2	1	ENSG00000108883	
SCGN	1	ENSG00000079689	
CADPS2	1	ENSG00000081803	
EPDR1	1	ENSG00000086289	
PRSS55	1	ENSG00000184647	
PRSS56	1	ENSG00000237412	
PRSS53	1	ENSG00000151006	
SELENOO	1	ENSG00000073169	
SELENON	1	ENSG00000162430	
OXA1L	1	ENSG00000155463	
SELENOM	1	ENSG00000198832	
COL4A4	1	ENSG00000081052	
COL4A3	1	ENSG00000169031	
SELENOP	1	ENSG00000250722	
COL4A6	1	ENSG00000197565	
SELENOW	1	ENSG00000178980	
SCG5	1	ENSG00000166922	
SELENOV	1	ENSG00000186838	
COL4A5	1	ENSG00000188153	
SCG3	1	ENSG00000104112	
SELENOT	1	ENSG00000198843	
SCG2	1	ENSG00000171951	
SUCNR1	1	ENSG00000198829	
USP53	1	ENSG00000145390	
USP54	1	ENSG00000166348	
C5AR2	1	ENSG00000134830	
C5AR1	1	ENSG00000197405	
COX7A2	1	ENSG00000112695	
ADIPOR1	1	ENSG00000159346	
COX7A1	1	ENSG00000161281	
ADIPOR2	1	ENSG00000006831	
PSORS1C1	1	ENSG00000204540	
PSORS1C2	1	ENSG00000204538	
PCSK1N	1	ENSG00000102109	
SCIN	1	ENSG00000006747	
USP50	1	ENSG00000170236	
LRRIQ4	1	ENSG00000188306	
USP51	1	ENSG00000247746	
DMAP1	1	ENSG00000178028	
SMURF2	1	ENSG00000108854	
SMURF1	1	ENSG00000198742	
WSCD2	1	ENSG00000075035	
NR4A2	1	ENSG00000153234	
NR4A1	1	ENSG00000123358	
RALYL	1	ENSG00000184672	
LIN28B	1	ENSG00000187772	
KIF18A	1	ENSG00000121621	
NR4A3	1	ENSG00000119508	
KIF18B	1	ENSG00000186185	
SYNDIG1L	1	ENSG00000183379	
ATG16L2	1	ENSG00000168010	
ATG16L1	1	ENSG00000085978	
USP35	1	ENSG00000118369	
USP36	1	ENSG00000055483	
USP37	1	ENSG00000135913	
PCDHGB7	1	ENSG00000254122	
PCDHGB6	1	ENSG00000253305	
USP31	1	ENSG00000103404	
PCDHGB5	1	ENSG00000276547	
USP32	1	ENSG00000170832	
PCDHGB4	1	ENSG00000253953	
USP33	1	ENSG00000077254	
PCDHGB3	1	ENSG00000262209	
USP34	1	ENSG00000115464	
PCDHGB2	1	ENSG00000253910	
GTDC1	1	ENSG00000121964	
USP39	1	ENSG00000168883	
GMPPB	1	ENSG00000173540	
DTWD2	1	ENSG00000169570	
DTWD1	1	ENSG00000104047	
GMPPA	1	ENSG00000144591	
AOX1	1	ENSG00000138356	
USP30	1	ENSG00000135093	
USP46	1	ENSG00000109189	
PCDHGA8	1	ENSG00000253767	
USP47	1	ENSG00000170242	
PCDHGA7	1	ENSG00000253537	
USP48	1	ENSG00000090686	
PCDHGA6	1	ENSG00000253731	
USP49	1	ENSG00000164663	
CAMK1D	1	ENSG00000183049	
PCDHGA5	1	ENSG00000253485	
USP42	1	ENSG00000106346	
PCDHGA4	1	ENSG00000262576	
USP43	1	ENSG00000154914	
PCDHGA3	1	ENSG00000254245	
PCDHGA2	1	ENSG00000081853	
USP44	1	ENSG00000136014	
USP45	1	ENSG00000123552	
PCDHGA1	1	ENSG00000204956	
CKAP2	1	ENSG00000136108	
ARAP2	1	ENSG00000047365	
ARAP3	1	ENSG00000120318	
CKAP5	1	ENSG00000175216	
CKAP4	1	ENSG00000136026	
PCDHGA9	1	ENSG00000261934	
AGAP9	1	ENSG00000204172	
AGAP6	1	ENSG00000204149	
AGAP5	1	ENSG00000172650	
HKDC1	1	ENSG00000156510	
IFNE	1	ENSG00000184995	
PCDHGB1	1	ENSG00000254221	
USP40	1	ENSG00000085982	
CAMK1G	1	ENSG00000008118	
MCPH1	1	ENSG00000147316	
CAMK2B	1	ENSG00000058404	
USP13	1	ENSG00000058056	
HCN4	1	ENSG00000138622	
USP14	1	ENSG00000101557	
HCN3	1	ENSG00000143630	
SLFN5	1	ENSG00000166750	
CAMK2D	1	ENSG00000145349	
USP15	1	ENSG00000135655	
USP16	1	ENSG00000156256	
USP10	1	ENSG00000103194	
GMPR2	1	ENSG00000100938	
USP11	1	ENSG00000102226	
CAMK2A	1	ENSG00000070808	
USP12	1	ENSG00000152484	
SELENOF	1	ENSG00000183291	
TFPI	1	ENSG00000003436	
SELENOK	1	ENSG00000113811	
USP19	1	ENSG00000172046	
SELENOI	1	ENSG00000138018	
SELENOH	1	ENSG00000211450	
TFPT	1	ENSG00000105619	
CAMK2G	1	ENSG00000148660	
TCFL5	1	ENSG00000101190	
USP24	1	ENSG00000162402	
USP25	1	ENSG00000155313	
NHERF2	1	ENSG00000065054	
USP26	1	ENSG00000134588	
NHERF1	1	ENSG00000109062	
USP20	1	ENSG00000136878	
USP21	1	ENSG00000143258	
B3GAT3	1	ENSG00000149541	
PCDHGC5	1	ENSG00000240764	
USP22	1	ENSG00000124422	
B3GAT2	1	ENSG00000112309	
PCDHGC4	1	ENSG00000242419	
HAGHL	1	ENSG00000103253	
CADPS	1	ENSG00000163618	
B3GAT1	1	ENSG00000109956	
SPRY4	1	ENSG00000187678	
PCDHGC3	1	ENSG00000240184	
SCLT1	1	ENSG00000151466	
USP28	1	ENSG00000048028	
CRACDL	1	ENSG00000196872	
NEURL4	1	ENSG00000215041	
NEURL2	1	ENSG00000124257	
NEURL3	1	ENSG00000163121	
SCD	1	ENSG00000099194	
NEURL1	1	ENSG00000107954	
SPRY3	1	ENSG00000168939	
SPRY2	1	ENSG00000136158	
ARB2A	1	ENSG00000113391	
SPRY1	1	ENSG00000164056	
SCLY	1	ENSG00000132330	
HCN2	1	ENSG00000099822	
HCN1	1	ENSG00000164588	
SCOC	1	ENSG00000153130	
TFRC	1	ENSG00000072274	
SCX	1	ENSG00000260428	
PTPDC1	1	ENSG00000158079	
COMTD1	1	ENSG00000165644	
SCP2	1	ENSG00000116171	
CAPNS1	1	ENSG00000126247	
EPSTI1	1	ENSG00000133106	
PRKACA	1	ENSG00000072062	
ZNF17	1	ENSG00000186272	
ZNF18	1	ENSG00000154957	
ZNF19	1	ENSG00000157429	
PRKAB2	1	ENSG00000131791	
SDS	1	ENSG00000135094	
UNC5A	1	ENSG00000113763	
UNC5B	1	ENSG00000107731	
SECISBP2	1	ENSG00000187742	
ZNF10	1	ENSG00000256223	
ZNF12	1	ENSG00000164631	
UNC5D	1	ENSG00000156687	
BHLHA15	1	ENSG00000180535	
PRKAB1	1	ENSG00000111725	
ZNF14	1	ENSG00000105708	
RC3H2	1	ENSG00000056586	
ZNF16	1	ENSG00000170631	
LARS2	1	ENSG00000011376	
SCO1	1	ENSG00000133028	
TFR2	1	ENSG00000106327	
SCO2	1	ENSG00000284194	
DDIT3	1	ENSG00000175197	
UNC50	1	ENSG00000115446	
DDIT4	1	ENSG00000168209	
SF1	1	ENSG00000168066	
ZNF28	1	ENSG00000198538	
SET	1	ENSG00000119335	
AASDH	1	ENSG00000157426	
NPRL2	1	ENSG00000114388	
FAXDC2	1	ENSG00000170271	
NPRL3	1	ENSG00000103148	
ZNF20	1	ENSG00000132010	
ZNF22	1	ENSG00000165512	
ZNF23	1	ENSG00000167377	
ZNF24	1	ENSG00000172466	
ADAMTS12	1	ENSG00000151388	
ZNF25	1	ENSG00000175395	
ADAMTS10	1	ENSG00000142303	
ZNF26	1	ENSG00000198393	
ADAMTS16	1	ENSG00000145536	
ADAMTS15	1	ENSG00000166106	
ADAMTS14	1	ENSG00000138316	
LARP1	1	ENSG00000155506	
ADAMTS13	1	ENSG00000160323	
ADAMTS19	1	ENSG00000145808	
ADAMTS18	1	ENSG00000140873	
ADAMTS17	1	ENSG00000140470	
SFN	1	ENSG00000175793	
HCRT	1	ENSG00000161610	
PRPF38B	1	ENSG00000134186	
PRPF38A	1	ENSG00000134748	
ENSG00000284691	1	ENSG00000284691	
LARP7	1	ENSG00000174720	
ZNF32	1	ENSG00000169740	
LARP4	1	ENSG00000161813	
L1CAM	1	ENSG00000198910	
ZNF35	1	ENSG00000169981	
LARP6	1	ENSG00000166173	
MOV10	1	ENSG00000155363	
PPFIBP1	1	ENSG00000110841	
PPFIBP2	1	ENSG00000166387	
LAS1L	1	ENSG00000001497	
FXYD3	1	ENSG00000089356	
FXYD2	1	ENSG00000137731	
ZNF30	1	ENSG00000168661	
FXYD1	1	ENSG00000266964	
SFXN3	1	ENSG00000107819	
SFXN4	1	ENSG00000183605	
FXYD7	1	ENSG00000221946	
HYOU1	1	ENSG00000149428	
FXYD6	1	ENSG00000137726	
SFXN1	1	ENSG00000164466	
SFXN2	1	ENSG00000156398	
DZIP1	1	ENSG00000134874	
SFXN5	1	ENSG00000144040	
DZIP3	1	ENSG00000198919	
PRKAG1	1	ENSG00000181929	
ZNF43	1	ENSG00000198521	
ZNF44	1	ENSG00000197857	
ZNF45	1	ENSG00000124459	
SHB	1	ENSG00000107338	
ZNF48	1	ENSG00000180035	
SHD	1	ENSG00000105251	
MMP21	1	ENSG00000154485	
SHF	1	ENSG00000138606	
M1AP	1	ENSG00000159374	
SHE	1	ENSG00000169291	
SHH	1	ENSG00000164690	
MMP24	1	ENSG00000125966	
ZNF41	1	ENSG00000147124	
MMP28	1	ENSG00000271447	
APC2	1	ENSG00000115266	
ZNF57	1	ENSG00000171970	
TOMM40L	1	ENSG00000158882	
MMP10	1	ENSG00000166670	
MMP12	1	ENSG00000262406	
MMP11	1	ENSG00000099953	
MMP14	1	ENSG00000157227	
MMP13	1	ENSG00000137745	
MMP16	1	ENSG00000156103	
MMP15	1	ENSG00000102996	
PTRH2	1	ENSG00000141378	
MMP17	1	ENSG00000198598	
RAPGEF1	1	ENSG00000107263	
MMP19	1	ENSG00000123342	
PTRH1	1	ENSG00000187024	
RAPGEF2	1	ENSG00000109756	
RAPGEF6	1	ENSG00000158987	
HCST	1	ENSG00000126264	
CRYAB	1	ENSG00000109846	
RAPGEF3	1	ENSG00000079337	
RAPGEF4	1	ENSG00000091428	
TRUB1	1	ENSG00000165832	
TRUB2	1	ENSG00000167112	
SZRD1	1	ENSG00000055070	
CCM2L	1	ENSG00000101331	
ZNF66	1	ENSG00000160229	
ZNF69	1	ENSG00000198429	
PLAGL1	1	ENSG00000118495	
PLAGL2	1	ENSG00000126003	
EGLN1	1	ENSG00000135766	
EGLN3	1	ENSG00000129521	
EGLN2	1	ENSG00000269858	
MCRS1	1	ENSG00000187778	
BMP8A	1	ENSG00000183682	
ZNF76	1	ENSG00000065029	
BMP8B	1	ENSG00000116985	
BBOX1	1	ENSG00000129151	
ZNF77	1	ENSG00000175691	
ARCN1	1	ENSG00000095139	
TARBP1	1	ENSG00000059588	
SKI	1	ENSG00000157933	
ZNF70	1	ENSG00000187792	
ZNF74	1	ENSG00000185252	
MTCH1	1	ENSG00000137409	
MTCH2	1	ENSG00000109919	
PDCD7	1	ENSG00000090470	
PDCD6	1	ENSG00000249915	
PDCD5	1	ENSG00000105185	
SLA	1	ENSG00000155926	
MSI1	1	ENSG00000135097	
MSI2	1	ENSG00000153944	
IL1RAP	1	ENSG00000196083	
APEH	1	ENSG00000164062	
SLK	1	ENSG00000065613	
SLN	1	ENSG00000170290	
NFATC2IP	1	ENSG00000176953	
MAP3K8	1	ENSG00000107968	
MAP3K9	1	ENSG00000006432	
MAP3K6	1	ENSG00000142733	
MAP3K7	1	ENSG00000135341	
MAP3K4	1	ENSG00000085511	
MAP3K5	1	ENSG00000197442	
FBXW4	1	ENSG00000107829	
FBXW5	1	ENSG00000159069	
FBXW7	1	ENSG00000109670	
FBXW9	1	ENSG00000132004	
SRCIN1	1	ENSG00000277363	
FBXW2	1	ENSG00000119402	
MSH6	1	ENSG00000116062	
VMAC	1	ENSG00000187650	
SMO	1	ENSG00000128602	
MSH3	1	ENSG00000113318	
MSH4	1	ENSG00000057468	
MSH5	1	ENSG00000204410	
SMS	1	ENSG00000102172	
RAP1B	1	ENSG00000127314	
SNN	1	ENSG00000184602	
RAP1A	1	ENSG00000116473	
NDOR1	1	ENSG00000188566	
ZKSCAN7	1	ENSG00000196345	
ZKSCAN8	1	ENSG00000198315	
ZKSCAN3	1	ENSG00000189298	
ZKSCAN2	1	ENSG00000155592	
ZKSCAN5	1	ENSG00000196652	
TSNAXIP1	1	ENSG00000102904	
ZKSCAN4	1	ENSG00000187626	
CERT1	1	ENSG00000113163	
ZKSCAN1	1	ENSG00000106261	
NOP14	1	ENSG00000087269	
NOP16	1	ENSG00000048162	
API5	1	ENSG00000166181	
RFXANK	1	ENSG00000064490	
LRCH2	1	ENSG00000130224	
SON	1	ENSG00000159140	
LRCH1	1	ENSG00000136141	
G6PC3	1	ENSG00000141349	
SP2	1	ENSG00000167182	
SP1	1	ENSG00000185591	
SP4	1	ENSG00000105866	
SP3	1	ENSG00000172845	
SP6	1	ENSG00000189120	
SP5	1	ENSG00000204335	
SP8	1	ENSG00000164651	
SP7	1	ENSG00000170374	
LRCH4	1	ENSG00000077454	
LRCH3	1	ENSG00000186001	
SP9	1	ENSG00000217236	
NOP10	1	ENSG00000182117	
BMP10	1	ENSG00000163217	
MTCL1	1	ENSG00000168502	
MTCL2	1	ENSG00000149639	
MTCL3	1	ENSG00000214338	
DYSF	1	ENSG00000135636	
APIP	1	ENSG00000149089	
MSLN	1	ENSG00000102854	
BICD1	1	ENSG00000151746	
BICD2	1	ENSG00000185963	
PRADC1	1	ENSG00000135617	
SPX	1	ENSG00000134548	
UNC45A	1	ENSG00000140553	
CERS5	1	ENSG00000139624	
CERS6	1	ENSG00000172292	
RNASET2	1	ENSG00000026297	
MSL2	1	ENSG00000174579	
MSL3	1	ENSG00000005302	
CES4A	1	ENSG00000172824	
ADAMTS20	1	ENSG00000173157	
MSL1	1	ENSG00000188895	
BMP2K	1	ENSG00000138756	
GAPDH	1	ENSG00000111640	
CERS1	1	ENSG00000223802	
CERS2	1	ENSG00000143418	
BLTP3A	1	ENSG00000065060	
PRKAA1	1	ENSG00000132356	
BLTP3B	1	ENSG00000111647	
PRKAA2	1	ENSG00000162409	
SRC	1	ENSG00000197122	
UHRF1	1	ENSG00000276043	
SRF	1	ENSG00000112658	
MLLT1	1	ENSG00000130382	
SRI	1	ENSG00000075142	
MLLT3	1	ENSG00000171843	
SRL	1	ENSG00000185739	
MALT1	1	ENSG00000172175	
SRM	1	ENSG00000116649	
MLLT6	1	ENSG00000275023	
SRR	1	ENSG00000167720	
KRIT1	1	ENSG00000001631	
BSND	1	ENSG00000162399	
SRY	1	ENSG00000184895	
NOP56	1	ENSG00000101361	
NOP58	1	ENSG00000055044	
SSB	1	ENSG00000138385	
SORL1	1	ENSG00000137642	
MSMP	1	ENSG00000215183	
BICC1	1	ENSG00000122870	
APLN	1	ENSG00000171388	
NECAP2	1	ENSG00000157191	
NECAP1	1	ENSG00000089818	
CDKN2AIPNL	1	ENSG00000237190	
SST	1	ENSG00000157005	
ST7	1	ENSG00000004866	
APLF	1	ENSG00000169621	
PDCD4	1	ENSG00000150593	
PDCD2	1	ENSG00000071994	
NOP53	1	ENSG00000105373	
UNC79	1	ENSG00000133958	
MT1M	1	ENSG00000205364	
MT1X	1	ENSG00000187193	
RCBTB1	1	ENSG00000136144	
RCBTB2	1	ENSG00000136161	
MT2A	1	ENSG00000125148	
STS	1	ENSG00000101846	
PEG10	1	ENSG00000242265	
FBXO4	1	ENSG00000151876	
TNFSF10	1	ENSG00000121858	
TNFSF11	1	ENSG00000120659	
FBXO3	1	ENSG00000110429	
FBXO6	1	ENSG00000116663	
FBXO5	1	ENSG00000112029	
FBXO8	1	ENSG00000164117	
FBXO7	1	ENSG00000100225	
FBXO9	1	ENSG00000112146	
FBXO2	1	ENSG00000116661	
BCS1L	1	ENSG00000074582	
CYP39A1	1	ENSG00000146233	
MT1A	1	ENSG00000205362	
SNORC	1	ENSG00000182600	
MT1F	1	ENSG00000198417	
MT1G	1	ENSG00000125144	
MTCP1	1	ENSG00000214827	
FLYWCH2	1	ENSG00000162076	
MT1H	1	ENSG00000205358	
FLYWCH1	1	ENSG00000059122	
MT1E	1	ENSG00000169715	
CERKL	1	ENSG00000188452	
AARS1	1	ENSG00000090861	
AARS2	1	ENSG00000124608	
SDC4	1	ENSG00000124145	
SDC2	1	ENSG00000169439	
MYCBP2	1	ENSG00000005810	
SDC3	1	ENSG00000162512	
CWF19L2	1	ENSG00000152404	
TGFA	1	ENSG00000163235	
APOO	1	ENSG00000184831	
APOM	1	ENSG00000204444	
APOH	1	ENSG00000091583	
STK38L	1	ENSG00000211455	
APOD	1	ENSG00000189058	
APOE	1	ENSG00000130203	
TNFSF18	1	ENSG00000120337	
APOBEC3C	1	ENSG00000244509	
MSR1	1	ENSG00000038945	
APOBEC3D	1	ENSG00000243811	
APOBEC3F	1	ENSG00000128394	
APOBEC3G	1	ENSG00000239713	
DDIAS	1	ENSG00000165490	
TGDS	1	ENSG00000088451	
TNFSF15	1	ENSG00000181634	
TNFSF12	1	ENSG00000239697	
TNFSF13	1	ENSG00000161955	
IGF2	1	ENSG00000167244	
DELE1	1	ENSG00000081791	
IGF1	1	ENSG00000017427	
BST2	1	ENSG00000130303	
MSRA	1	ENSG00000175806	
CYP26A1	1	ENSG00000095596	
FBXL8	1	ENSG00000135722	
CWF19L1	1	ENSG00000095485	
ITGBL1	1	ENSG00000198542	
SDC1	1	ENSG00000115884	
FBXL3	1	ENSG00000005812	
FBXL5	1	ENSG00000118564	
FBXL4	1	ENSG00000112234	
FBXL7	1	ENSG00000183580	
APOBEC3B	1	ENSG00000179750	
FBXL6	1	ENSG00000182325	
MRPS17	1	ENSG00000239789	
MRPS15	1	ENSG00000116898	
MRPS16	1	ENSG00000182180	
MSTN	1	ENSG00000138379	
MRPS14	1	ENSG00000120333	
MRPS11	1	ENSG00000181991	
MRPS12	1	ENSG00000128626	
VMO1	1	ENSG00000182853	
RAC2	1	ENSG00000128340	
SDF4	1	ENSG00000078808	
RAC3	1	ENSG00000169750	
RAC1	1	ENSG00000136238	
SDF2	1	ENSG00000132581	
MRPS28	1	ENSG00000147586	
MRPS26	1	ENSG00000125901	
MRPS27	1	ENSG00000113048	
SYK	1	ENSG00000165025	
MRPS24	1	ENSG00000062582	
MRPS25	1	ENSG00000131368	
MRPS22	1	ENSG00000175110	
MST1	1	ENSG00000173531	
MRPS23	1	ENSG00000181610	
GAB1	1	ENSG00000109458	
PRPF40B	1	ENSG00000110844	
MRPS21	1	ENSG00000266472	
PRPF40A	1	ENSG00000196504	
GAB3	1	ENSG00000160219	
GAB2	1	ENSG00000033327	
SYP	1	ENSG00000102003	
APRT	1	ENSG00000198931	
CNKSR2	1	ENSG00000149970	
RAP2C	1	ENSG00000123728	
CNKSR1	1	ENSG00000142675	
RAP2A	1	ENSG00000125249	
RAP2B	1	ENSG00000181467	
CNKSR3	1	ENSG00000153721	
TLCD4	1	ENSG00000152078	
SDE2	1	ENSG00000143751	
TLCD2	1	ENSG00000185561	
MICU2	1	ENSG00000165487	
TLCD1	1	ENSG00000160606	
MICU1	1	ENSG00000107745	
TLCD5	1	ENSG00000181264	
CSTPP1	1	ENSG00000149179	
DYNC1I2	1	ENSG00000077380	
MRPS35	1	ENSG00000061794	
MRPS33	1	ENSG00000090263	
MRPS34	1	ENSG00000074071	
PRICKLE2	1	ENSG00000163637	
MRPS31	1	ENSG00000102738	
PRICKLE3	1	ENSG00000012211	
PRICKLE1	1	ENSG00000139174	
MRPS30	1	ENSG00000112996	
ZFP14	1	ENSG00000142065	
SH3BGRL	1	ENSG00000131171	
FHIP1A	1	ENSG00000164142	
FHIP1B	1	ENSG00000051009	
MSX1	1	ENSG00000163132	
RAE1	1	ENSG00000101146	
DYNC1I1	1	ENSG00000158560	
MAP3K2	1	ENSG00000169967	
DYNC1H1	1	ENSG00000197102	
MAP3K3	1	ENSG00000198909	
MAP3K1	1	ENSG00000095015	
SORT1	1	ENSG00000134243	
GAD1	1	ENSG00000128683	
IGIP	1	ENSG00000182700	
GAD2	1	ENSG00000136750	
APTX	1	ENSG00000137074	
VMP1	1	ENSG00000062716	
FHIP2B	1	ENSG00000158863	
TACC3	1	ENSG00000013810	
CACHD1	1	ENSG00000158966	
RAD1	1	ENSG00000113456	
TACC1	1	ENSG00000147526	
HDGF	1	ENSG00000143321	
TACC2	1	ENSG00000138162	
MAMLD1	1	ENSG00000013619	
ZFP28	1	ENSG00000196867	
DENND5B	1	ENSG00000170456	
TACO1	1	ENSG00000136463	
NCMAP	1	ENSG00000184454	
TGM1	1	ENSG00000092295	
ZNF80	1	ENSG00000174255	
ZNF81	1	ENSG00000197779	
DMBT1	1	ENSG00000187908	
ZNF84	1	ENSG00000198040	
ZNF85	1	ENSG00000105750	
IGFLR1	1	ENSG00000126246	
DENND5A	1	ENSG00000184014	
TGM5	1	ENSG00000104055	
TGM4	1	ENSG00000163810	
TGM2	1	ENSG00000198959	
RAG1	1	ENSG00000166349	
MSX2	1	ENSG00000120149	
RADX	1	ENSG00000147231	
DNAJB12	1	ENSG00000148719	
DNAJB13	1	ENSG00000187726	
DNAJB14	1	ENSG00000164031	
ZNF99	1	ENSG00000213973	
SDHA	1	ENSG00000073578	
ZNF90	1	ENSG00000213988	
ZNF91	1	ENSG00000167232	
ZNF92	1	ENSG00000146757	
PSPC1	1	ENSG00000121390	
DNAJB11	1	ENSG00000090520	
DENND6B	1	ENSG00000205593	
BBOF1	1	ENSG00000119636	
DENND6A	1	ENSG00000174839	
RAF1	1	ENSG00000132155	
DIPK1C	1	ENSG00000187773	
DIPK1B	1	ENSG00000165716	
DIPK1A	1	ENSG00000154511	
RAI1	1	ENSG00000108557	
RNASEH1	1	ENSG00000171865	
FGF20	1	ENSG00000078579	
LPXN	1	ENSG00000110031	
RAI2	1	ENSG00000131831	
FGF22	1	ENSG00000070388	
DENND4B	1	ENSG00000198837	
DENND4A	1	ENSG00000174485	
DENND4C	1	ENSG00000137145	
IFT20	1	ENSG00000109083	
FGF17	1	ENSG00000158815	
SDK1	1	ENSG00000146555	
FGF16	1	ENSG00000196468	
IFT22	1	ENSG00000128581	
FGF14	1	ENSG00000102466	
FGF19	1	ENSG00000162344	
FGF18	1	ENSG00000156427	
IFT27	1	ENSG00000100360	
FGF13	1	ENSG00000129682	
FGF12	1	ENSG00000114279	
SDK2	1	ENSG00000069188	
FGF11	1	ENSG00000161958	
IFT25	1	ENSG00000081870	
FGF10	1	ENSG00000070193	
TAT	1	ENSG00000198650	
MYSM1	1	ENSG00000162601	
IFT52	1	ENSG00000101052	
CYP26B1	1	ENSG00000003137	
EEF2K	1	ENSG00000103319	
GGACT	1	ENSG00000134864	
QRFPR	1	ENSG00000186867	
IFT57	1	ENSG00000114446	
IFT56	1	ENSG00000105948	
DIPK2B	1	ENSG00000147113	
TBP	1	ENSG00000112592	
OR1F1	1	ENSG00000168124	
IFT43	1	ENSG00000119650	
EEF1D	1	ENSG00000104529	
IFT46	1	ENSG00000118096	
DIPK2A	1	ENSG00000181744	
RALA	1	ENSG00000006451	
RALB	1	ENSG00000144118	
GALT	1	ENSG00000213930	
TAFAZZIN	1	ENSG00000102125	
POMZP3	1	ENSG00000146707	
PSMB10	1	ENSG00000205220	
IL1RL1	1	ENSG00000115602	
IFT74	1	ENSG00000096872	
IL1RL2	1	ENSG00000115598	
MTA1	1	ENSG00000182979	
NWD2	1	ENSG00000174145	
OXCT1	1	ENSG00000083720	
TDG	1	ENSG00000139372	
TGS1	1	ENSG00000137574	
MVB12B	1	ENSG00000196814	
SLIT1	1	ENSG00000187122	
DROSHA	1	ENSG00000113360	
RALY	1	ENSG00000125970	
ZPLD1	1	ENSG00000170044	
OXCT2	1	ENSG00000198754	
SLIT2	1	ENSG00000145147	
MTA2	1	ENSG00000149480	
MTA3	1	ENSG00000057935	
HSD3B7	1	ENSG00000099377	
WARS1	1	ENSG00000140105	
WARS2	1	ENSG00000116874	
GALC	1	ENSG00000054983	
GALE	1	ENSG00000117308	
TEC	1	ENSG00000135605	
TEF	1	ENSG00000167074	
TNIP2	1	ENSG00000168884	
TNIP3	1	ENSG00000050730	
GALM	1	ENSG00000143891	
TEK	1	ENSG00000120156	
SLIRP	1	ENSG00000119705	
IPO13	1	ENSG00000117408	
IPO11	1	ENSG00000086200	
TES	1	ENSG00000135269	
MSANTD3	1	ENSG00000066697	
MSANTD4	1	ENSG00000170903	
CAPN15	1	ENSG00000103326	
MSANTD7	1	ENSG00000284024	
MTBP	1	ENSG00000172167	
TFG	1	ENSG00000114354	
MSANTD1	1	ENSG00000188981	
ZSCAN31	1	ENSG00000235109	
MSANTD2	1	ENSG00000120458	
HOMER3	1	ENSG00000051128	
GAMT	1	ENSG00000130005	
PRKCG	1	ENSG00000126583	
MBNL1	1	ENSG00000152601	
PRKCI	1	ENSG00000163558	
MBNL2	1	ENSG00000139793	
DNAAF3	1	ENSG00000167646	
DNAAF2	1	ENSG00000165506	
PRKCB	1	ENSG00000166501	
DNAAF1	1	ENSG00000154099	
PRKCE	1	ENSG00000171132	
PRKCD	1	ENSG00000163932	
AFAP1	1	ENSG00000196526	
DNAAF5	1	ENSG00000164818	
PRKCA	1	ENSG00000154229	
DNAAF4	1	ENSG00000256061	
DNAAF9	1	ENSG00000088854	
GANC	1	ENSG00000214013	
DNAAF8	1	ENSG00000166246	
MTAP	1	ENSG00000099810	
DAAM1	1	ENSG00000100592	
ZSCAN20	1	ENSG00000121903	
DAAM2	1	ENSG00000146122	
PRKD3	1	ENSG00000115825	
ZSCAN21	1	ENSG00000166529	
ZSCAN23	1	ENSG00000187987	
PRKCQ	1	ENSG00000065675	
PRKD2	1	ENSG00000105287	
ZSCAN26	1	ENSG00000197062	
PRKD1	1	ENSG00000184304	
ZSCAN25	1	ENSG00000197037	
FREM1	1	ENSG00000164946	
FREM2	1	ENSG00000150893	
ZSCAN29	1	ENSG00000140265	
PRKDC	1	ENSG00000253729	
PRDM15	1	ENSG00000141956	
PRDM13	1	ENSG00000112238	
PRDM12	1	ENSG00000130711	
SDSL	1	ENSG00000139410	
PRDM11	1	ENSG00000019485	
PRKCZ	1	ENSG00000067606	
PRDM10	1	ENSG00000170325	
MTDH	1	ENSG00000147649	
PRDM16	1	ENSG00000142611	
GAR1	1	ENSG00000109534	
ZSCAN16	1	ENSG00000196812	
FAM120AOS	1	ENSG00000188938	
ZSCAN18	1	ENSG00000121413	
BTF3	1	ENSG00000145741	
HOMER1	1	ENSG00000152413	
HOMER2	1	ENSG00000103942	
MEX3D	1	ENSG00000181588	
MEX3C	1	ENSG00000176624	
MEX3B	1	ENSG00000183496	
MEX3A	1	ENSG00000254726	
CDKN1C	1	ENSG00000129757	
SETD4	1	ENSG00000185917	
DENND1C	1	ENSG00000205744	
SETD5	1	ENSG00000168137	
BTG3	1	ENSG00000154640	
DENND1B	1	ENSG00000213047	
SETD2	1	ENSG00000181555	
RARG	1	ENSG00000172819	
BTG2	1	ENSG00000159388	
SETD3	1	ENSG00000183576	
CDKN1B	1	ENSG00000111276	
BTG1	1	ENSG00000133639	
SETD9	1	ENSG00000155542	
DENND1A	1	ENSG00000119522	
SETD6	1	ENSG00000103037	
ASH2L	1	ENSG00000129691	
ASGR1	1	ENSG00000141505	
ASGR2	1	ENSG00000161944	
ADAMTSL1	1	ENSG00000178031	
ADAMTSL5	1	ENSG00000185761	
MTG1	1	ENSG00000148824	
ADAMTSL4	1	ENSG00000143382	
MTG2	1	ENSG00000101181	
ADAMTSL3	1	ENSG00000156218	
DENND11	1	ENSG00000257093	
DENND10	1	ENSG00000119979	
ADAMTSL2	1	ENSG00000197859	
TK2	1	ENSG00000166548	
DENND2D	1	ENSG00000162777	
ZSCAN5A	1	ENSG00000131848	
ZSCAN5B	1	ENSG00000197213	
DENND2B	1	ENSG00000166444	
DENND2A	1	ENSG00000146966	
COPZ2	1	ENSG00000005243	
ASH1L	1	ENSG00000116539	
COPZ1	1	ENSG00000111481	
ANGPTL7	1	ENSG00000171819	
ANGPTL6	1	ENSG00000130812	
MTF1	1	ENSG00000188786	
MTF2	1	ENSG00000143033	
RARA	1	ENSG00000131759	
GAS2	1	ENSG00000148935	
RARB	1	ENSG00000077092	
ANGPTL2	1	ENSG00000136859	
GAS1	1	ENSG00000180447	
SINHCAF	1	ENSG00000139146	
ANGPTL4	1	ENSG00000167772	
TKT	1	ENSG00000163931	
GAS6	1	ENSG00000183087	
GART	1	ENSG00000159131	
GAS8	1	ENSG00000141013	
ANGPTL1	1	ENSG00000116194	
GAS7	1	ENSG00000007237	
CEP295NL	1	ENSG00000178404	
PAPSS2	1	ENSG00000198682	
PAPSS1	1	ENSG00000138801	
ERMP1	1	ENSG00000099219	
OLFML3	1	ENSG00000116774	
OLFML1	1	ENSG00000183801	
MBNL3	1	ENSG00000076770	
CDKN2D	1	ENSG00000129355	
CDKN2B	1	ENSG00000147883	
CDKN2C	1	ENSG00000123080	
CDKN2A	1	ENSG00000147889	
IL10RB	1	ENSG00000243646	
IL10RA	1	ENSG00000110324	
GATC	1	ENSG00000257218	
GATB	1	ENSG00000059691	
SNCAIP	1	ENSG00000064692	
GATM	1	ENSG00000171766	
OSTM1	1	ENSG00000081087	
COQ8B	1	ENSG00000123815	
COQ8A	1	ENSG00000163050	
GTF2B	1	ENSG00000137947	
TNC	1	ENSG00000041982	
TNN	1	ENSG00000120332	
MAP2K4	1	ENSG00000065559	
MAP2K1	1	ENSG00000169032	
MAP2K2	1	ENSG00000126934	
RALGAPA1	1	ENSG00000174373	
SKIDA1	1	ENSG00000180592	
RALGAPA2	1	ENSG00000188559	
GTF3A	1	ENSG00000122034	
LARP4B	1	ENSG00000107929	
H4C16	1	ENSG00000197837	
H4C14	1	ENSG00000270882	
H4C11	1	ENSG00000197238	
PPEF1	1	ENSG00000086717	
TOX	1	ENSG00000198846	
INSIG2	1	ENSG00000125629	
INSIG1	1	ENSG00000186480	
MTLN	1	ENSG00000175701	
MTM1	1	ENSG00000171100	
TPO	1	ENSG00000115705	
ESPNL	1	ENSG00000144488	
TPR	1	ENSG00000047410	
MAP2K7	1	ENSG00000076984	
MAP2K5	1	ENSG00000137764	
SYNJ2	1	ENSG00000078269	
COPRS	1	ENSG00000172301	
COPS4	1	ENSG00000138663	
COPS3	1	ENSG00000141030	
COPS6	1	ENSG00000168090	
COPS5	1	ENSG00000121022	
SYNJ1	1	ENSG00000159082	
COPS2	1	ENSG00000166200	
COPS8	1	ENSG00000198612	
COPS9	1	ENSG00000172428	
BMPR2	1	ENSG00000204217	
GAL3ST1	1	ENSG00000128242	
TRH	1	ENSG00000170893	
SYNE4	1	ENSG00000181392	
MTO1	1	ENSG00000135297	
SYNE3	1	ENSG00000176438	
SYNE2	1	ENSG00000054654	
SYNE1	1	ENSG00000131018	
TRO	1	ENSG00000067445	
THBD	1	ENSG00000178726	
SERAC1	1	ENSG00000122335	
GAL3ST2	1	ENSG00000154252	
GAL3ST3	1	ENSG00000175229	
PRKG1	1	ENSG00000185532	
GAL3ST4	1	ENSG00000197093	
SECISBP2L	1	ENSG00000138593	
LANCL1	1	ENSG00000115365	
TSN	1	ENSG00000211460	
FREY1	1	ENSG00000234776	
TST	1	ENSG00000128311	
ESPL1	1	ENSG00000135476	
LANCL2	1	ENSG00000132434	
LANCL3	1	ENSG00000147036	
ALDH9A1	1	ENSG00000143149	
MTPN	1	ENSG00000105887	
LEPROT	1	ENSG00000213625	
TTK	1	ENSG00000112742	
TTL	1	ENSG00000114999	
TTN	1	ENSG00000155657	
TTR	1	ENSG00000118271	
TUB	1	ENSG00000166402	
MTOR	1	ENSG00000198793	
GLOD4	1	ENSG00000167699	
DYNC2I2	1	ENSG00000119333	
DYNC2I1	1	ENSG00000126870	
C12orf57	1	ENSG00000111678	
MTRR	1	ENSG00000124275	
C12orf56	1	ENSG00000185306	
HDAC10	1	ENSG00000100429	
WDSUB1	1	ENSG00000196151	
ZMYND8	1	ENSG00000101040	
PITPNB	1	ENSG00000180957	
PITPNA	1	ENSG00000174238	
HDAC11	1	ENSG00000163517	
AQP7	1	ENSG00000165269	
AQP4	1	ENSG00000171885	
GBA1	1	ENSG00000177628	
AQP5	1	ENSG00000161798	
MKI67	1	ENSG00000148773	
GBA3	1	ENSG00000249948	
AQP3	1	ENSG00000165272	
GBA2	1	ENSG00000070610	
AQP1	1	ENSG00000240583	
KIAA0930	1	ENSG00000100364	
SYNPR	1	ENSG00000163630	
C12orf60	1	ENSG00000182993	
BTRC	1	ENSG00000166167	
SYNPO	1	ENSG00000171992	
DYNC2H1	1	ENSG00000187240	
CPT1A	1	ENSG00000110090	
IFRD2	1	ENSG00000214706	
IFRD1	1	ENSG00000006652	
KNL1	1	ENSG00000137812	
CPT1C	1	ENSG00000169169	
NIF3L1	1	ENSG00000196290	
C12orf50	1	ENSG00000165805	
HECA	1	ENSG00000112406	
CAGE1	1	ENSG00000164304	
ENSG00000188897	1	ENSG00000188897	
RTEL1	1	ENSG00000258366	
MTTP	1	ENSG00000138823	
TXN	1	ENSG00000136810	
STRIP1	1	ENSG00000143093	
STRIP2	1	ENSG00000128578	
SYNRG	1	ENSG00000275066	
OCEL1	1	ENSG00000099330	
ZZZ3	1	ENSG00000036549	
VNN1	1	ENSG00000112299	
VNN2	1	ENSG00000112303	
RBAK	1	ENSG00000146587	
C12orf76	1	ENSG00000174456	
C12orf75	1	ENSG00000235162	
TENM1	1	ENSG00000009694	
TENM2	1	ENSG00000145934	
TENM3	1	ENSG00000218336	
TENM4	1	ENSG00000149256	
GBE1	1	ENSG00000114480	
SEC61G	1	ENSG00000132432	
TMED3	1	ENSG00000166557	
TMED2	1	ENSG00000086598	
DGCR6L	1	ENSG00000128185	
TMED1	1	ENSG00000099203	
SEC61B	1	ENSG00000106803	
TMED7	1	ENSG00000134970	
ERMAP	1	ENSG00000164010	
TMED6	1	ENSG00000157315	
TMED5	1	ENSG00000117500	
ZYG11B	1	ENSG00000162378	
TMED9	1	ENSG00000184840	
TMED8	1	ENSG00000100580	
HEG1	1	ENSG00000173706	
SCNM1	1	ENSG00000163156	
SDCCAG8	1	ENSG00000054282	
AVPI1	1	ENSG00000119986	
DTYMK	1	ENSG00000168393	
RBFA	1	ENSG00000101546	
C12orf43	1	ENSG00000157895	
TM4SF18	1	ENSG00000163762	
MTX1	1	ENSG00000173171	
MTX2	1	ENSG00000128654	
GBF1	1	ENSG00000107862	
NR6A1	1	ENSG00000148200	
PRKRA	1	ENSG00000180228	
COPG2	1	ENSG00000158623	
COPG1	1	ENSG00000181789	
FRA10AC1	1	ENSG00000148690	
IHO1	1	ENSG00000173421	
MYRFL	1	ENSG00000166268	
HELB	1	ENSG00000127311	
GOLGA6L9	1	ENSG00000197978	
BMPER	1	ENSG00000164619	
GOLGA6L4	1	ENSG00000184206	
STX16-NPEPL1	1	ENSG00000254995	
SVEP1	1	ENSG00000165124	
IL11RA	1	ENSG00000137070	
GOLGA6L2	1	ENSG00000174450	
STIMATE	1	ENSG00000213533	
ACYP2	1	ENSG00000170634	
CDPF1	1	ENSG00000205643	
ACYP1	1	ENSG00000119640	
RSBN1	1	ENSG00000081019	
ZCCHC7	1	ENSG00000147905	
COPB2	1	ENSG00000184432	
COPB1	1	ENSG00000129083	
ALOX15	1	ENSG00000161905	
ZCCHC9	1	ENSG00000131732	
ALOX12	1	ENSG00000108839	
ZMAT1	1	ENSG00000166432	
THPO	1	ENSG00000090534	
UBB	1	ENSG00000170315	
ZMAT2	1	ENSG00000146007	
ZMAT3	1	ENSG00000172667	
C15orf61	1	ENSG00000189227	
ZMAT4	1	ENSG00000165061	
UBC	1	ENSG00000150991	
ZMAT5	1	ENSG00000100319	
C15orf62	1	ENSG00000188277	
LONRF1	1	ENSG00000154359	
LONRF2	1	ENSG00000170500	
CPSF4	1	ENSG00000160917	
CPSF7	1	ENSG00000149532	
CPSF6	1	ENSG00000111605	
HELQ	1	ENSG00000163312	
CPSF1	1	ENSG00000071894	
CPSF3	1	ENSG00000119203	
CPSF2	1	ENSG00000165934	
HELZ	1	ENSG00000198265	
SELE	1	ENSG00000007908	
SELP	1	ENSG00000174175	
SEM1	1	ENSG00000127922	
SELL	1	ENSG00000188404	
BAMBI	1	ENSG00000095739	
CRYL1	1	ENSG00000165475	
ZCCHC4	1	ENSG00000168228	
FGFR4	1	ENSG00000160867	
RBIS	1	ENSG00000176731	
FGFR3	1	ENSG00000068078	
ZCCHC3	1	ENSG00000247315	
FGFR2	1	ENSG00000066468	
ZCCHC2	1	ENSG00000141664	
FGFR1	1	ENSG00000077782	
C15orf39	1	ENSG00000167173	
GLP1R	1	ENSG00000112164	
UCN	1	ENSG00000163794	
THRB	1	ENSG00000151090	
THRA	1	ENSG00000126351	
OPLAH	1	ENSG00000178814	
RBM3	1	ENSG00000102317	
RBM4	1	ENSG00000173933	
HEPH	1	ENSG00000089472	
C15orf40	1	ENSG00000169609	
RBM7	1	ENSG00000076053	
RBM5	1	ENSG00000003756	
RBM6	1	ENSG00000004534	
C15orf48	1	ENSG00000166920	
SMKR1	1	ENSG00000240204	
GLP2R	1	ENSG00000065325	
MYRIP	1	ENSG00000170011	
RBL2	1	ENSG00000103479	
GAP43	1	ENSG00000172020	
RBL1	1	ENSG00000080839	
TMEM9	1	ENSG00000116857	
RBKS	1	ENSG00000171174	
TSGA10IP	1	ENSG00000175513	
NRXN1	1	ENSG00000179915	
NRXN3	1	ENSG00000021645	
NRXN2	1	ENSG00000110076	
BICRA	1	ENSG00000063169	
NXF1	1	ENSG00000162231	
MUC1	1	ENSG00000185499	
NXF3	1	ENSG00000147206	
MUC2	1	ENSG00000198788	
SAP30L	1	ENSG00000164576	
POC1A	1	ENSG00000164087	
POC1B	1	ENSG00000139323	
HES1	1	ENSG00000114315	
BUB3	1	ENSG00000154473	
GBP2	1	ENSG00000162645	
HES3	1	ENSG00000173673	
MUC4	1	ENSG00000145113	
BUB1	1	ENSG00000169679	
HES2	1	ENSG00000069812	
GBP1	1	ENSG00000117228	
GBP4	1	ENSG00000162654	
HES5	1	ENSG00000197921	
MUC6	1	ENSG00000184956	
HES4	1	ENSG00000188290	
CRYGS	1	ENSG00000213139	
CRYGN	1	ENSG00000127377	
CAPN13	1	ENSG00000162949	
CAPN14	1	ENSG00000214711	
CAPN11	1	ENSG00000137225	
CRYGA	1	ENSG00000168582	
JSRP1	1	ENSG00000167476	
CAPN12	1	ENSG00000182472	
CAPN10	1	ENSG00000142330	
FSIP1	1	ENSG00000150667	
RBMX	1	ENSG00000147274	
FSIP2	1	ENSG00000188738	
ZFYVE9	1	ENSG00000157077	
ARAF	1	ENSG00000078061	
C4BPA	1	ENSG00000123838	
C4BPB	1	ENSG00000123843	
C22orf23	1	ENSG00000128346	
RBPJ	1	ENSG00000168214	
ZFYVE1	1	ENSG00000165861	
ZFYVE28	1	ENSG00000159733	
ZFYVE26	1	ENSG00000072121	
ZFYVE27	1	ENSG00000155256	
UBASH3B	1	ENSG00000154127	
C22orf31	1	ENSG00000100249	
LRAT	1	ENSG00000121207	
GBP6	1	ENSG00000183347	
HES7	1	ENSG00000179111	
GBP5	1	ENSG00000154451	
HES6	1	ENSG00000144485	
HPCAL1	1	ENSG00000115756	
ZFYVE21	1	ENSG00000100711	
RNASE4	1	ENSG00000258818	
GAPVD1	1	ENSG00000165219	
C22orf39	1	ENSG00000242259	
RNASE1	1	ENSG00000129538	
HPCAL4	1	ENSG00000116983	
RBP7	1	ENSG00000162444	
RBP4	1	ENSG00000138207	
ZFYVE16	1	ENSG00000039319	
RBP5	1	ENSG00000139194	
ZFYVE19	1	ENSG00000166140	
CEP85L	1	ENSG00000111860	
SDR39U1	1	ENSG00000100445	
SLCO5A1	1	ENSG00000137571	
THY1	1	ENSG00000154096	
EDEM3	1	ENSG00000116406	
MCTS1	1	ENSG00000232119	
LRBA	1	ENSG00000198589	
EDEM1	1	ENSG00000134109	
EDEM2	1	ENSG00000088298	
NETO2	1	ENSG00000171208	
PTRHD1	1	ENSG00000184924	
SETX	1	ENSG00000107290	
COL1A1	1	ENSG00000108821	
COL1A2	1	ENSG00000164692	
DCHS2	1	ENSG00000197410	
DCHS1	1	ENSG00000166341	
ARF3	1	ENSG00000134287	
ARF4	1	ENSG00000168374	
ARF1	1	ENSG00000143761	
HEXB	1	ENSG00000049860	
HEXA	1	ENSG00000213614	
HEXD	1	ENSG00000169660	
AREG	1	ENSG00000109321	
IKBKB	1	ENSG00000104365	
TUBA1C	1	ENSG00000167553	
TUBA1B	1	ENSG00000123416	
HEY1	1	ENSG00000164683	
HEY2	1	ENSG00000135547	
IKBKG	1	ENSG00000269335	
IKBKE	1	ENSG00000263528	
IKBIP	1	ENSG00000166130	
ARG2	1	ENSG00000081181	
RRAS2	1	ENSG00000133818	
GPRC5B	1	ENSG00000167191	
RILPL1	1	ENSG00000188026	
GPRC5C	1	ENSG00000170412	
DSCAML1	1	ENSG00000177103	
ARF5	1	ENSG00000004059	
ARF6	1	ENSG00000165527	
KATNIP	1	ENSG00000047578	
RNASEL	1	ENSG00000135828	
RNASEK	1	ENSG00000219200	
STAU1	1	ENSG00000124214	
STAU2	1	ENSG00000040341	
SEZ6	1	ENSG00000063015	
MIEF2	1	ENSG00000177427	
MIEF1	1	ENSG00000100335	
UNG	1	ENSG00000076248	
PROKR1	1	ENSG00000169618	
GLRA2	1	ENSG00000101958	
GLRA3	1	ENSG00000145451	
UNK	1	ENSG00000132478	
GBX2	1	ENSG00000168505	
H3C13	1	ENSG00000183598	
GBX1	1	ENSG00000164900	
H3C11	1	ENSG00000275379	
H3C12	1	ENSG00000197153	
H3C10	1	ENSG00000278828	
STAT1	1	ENSG00000115415	
STAT2	1	ENSG00000170581	
CASTOR1	1	ENSG00000239282	
C22orf15	1	ENSG00000169314	
HEYL	1	ENSG00000163909	
LRG1	1	ENSG00000171236	
CASTOR2	1	ENSG00000274070	
SERBP1	1	ENSG00000142864	
UBAP1	1	ENSG00000165006	
ETFBKMT	1	ENSG00000139160	
UBAP2	1	ENSG00000137073	
ERO1A	1	ENSG00000197930	
ERO1B	1	ENSG00000086619	
CCNT2	1	ENSG00000082258	
SMCHD1	1	ENSG00000101596	
PITX2	1	ENSG00000164093	
PITX1	1	ENSG00000069011	
PPP1R16B	1	ENSG00000101445	
MINAR1	1	ENSG00000169330	
AREL1	1	ENSG00000119682	
KHNYN	1	ENSG00000100441	
PPP1R16A	1	ENSG00000160972	
MUL1	1	ENSG00000090432	
TUBA4A	1	ENSG00000127824	
RBX1	1	ENSG00000100387	
ADCYAP1	1	ENSG00000141433	
RBMXL1	1	ENSG00000213516	
PFKFB2	1	ENSG00000123836	
ARL9	1	ENSG00000196503	
PFKFB1	1	ENSG00000158571	
PFKFB4	1	ENSG00000114268	
PFKFB3	1	ENSG00000170525	
TUBGCP2	1	ENSG00000130640	
ARL6	1	ENSG00000113966	
ARL3	1	ENSG00000138175	
ARL1	1	ENSG00000120805	
ARL2	1	ENSG00000213465	
RAP1GAP	1	ENSG00000076864	
ENTREP2	1	ENSG00000104059	
ENTREP3	1	ENSG00000160767	
BCL2L12	1	ENSG00000126453	
SBNO1	1	ENSG00000139697	
SBNO2	1	ENSG00000064932	
BCL2L10	1	ENSG00000137875	
ATG101	1	ENSG00000123395	
CPAMD8	1	ENSG00000160111	
NPTX1	1	ENSG00000171246	
NPTX2	1	ENSG00000106236	
BCL2L14	1	ENSG00000121380	
BCL2L15	1	ENSG00000188761	
TIA1	1	ENSG00000116001	
ENTREP1	1	ENSG00000135063	
MFHAS1	1	ENSG00000147324	
UST	1	ENSG00000111962	
TUBGCP5	1	ENSG00000275835	
TUBGCP6	1	ENSG00000128159	
TUBGCP3	1	ENSG00000126216	
TUBGCP4	1	ENSG00000137822	
CNTNAP3	1	ENSG00000106714	
CNTNAP2	1	ENSG00000174469	
MOXD1	1	ENSG00000079931	
CNTNAP1	1	ENSG00000108797	
PPP1R13B	1	ENSG00000088808	
NXT1	1	ENSG00000132661	
COX4I1	1	ENSG00000131143	
PIK3CD	1	ENSG00000171608	
NXT2	1	ENSG00000101888	
PIK3CG	1	ENSG00000105851	
PPP1R13L	1	ENSG00000104881	
EIF3CL	1	ENSG00000205609	
UTY	1	ENSG00000183878	
PPP1R12A	1	ENSG00000058272	
ARNT	1	ENSG00000143437	
PIK3CA	1	ENSG00000121879	
PIK3C3	1	ENSG00000078142	
PPP1R12B	1	ENSG00000077157	
PPP1R12C	1	ENSG00000125503	
CNTNAP5	1	ENSG00000155052	
CNTNAP4	1	ENSG00000152910	
PPP1R15A	1	ENSG00000087074	
PPP1R15B	1	ENSG00000158615	
LRP1	1	ENSG00000123384	
LRP5	1	ENSG00000162337	
KATNB1	1	ENSG00000140854	
LRP4	1	ENSG00000134569	
LRP3	1	ENSG00000130881	
FURIN	1	ENSG00000140564	
LRP2	1	ENSG00000081479	
LRP8	1	ENSG00000157193	
PRIMPOL	1	ENSG00000164306	
LRP6	1	ENSG00000070018	
CNNM1	1	ENSG00000119946	
MIEN1	1	ENSG00000141741	
OR2W3	1	ENSG00000238243	
KATNA1	1	ENSG00000186625	
TIFA	1	ENSG00000145365	
PCBD1	1	ENSG00000166228	
PCBD2	1	ENSG00000132570	
CNNM2	1	ENSG00000148842	
CNNM3	1	ENSG00000168763	
CNNM4	1	ENSG00000158158	
PPP1R14A	1	ENSG00000167641	
METAP1D	1	ENSG00000172878	
PPP1R14B	1	ENSG00000173457	
PPP1R14C	1	ENSG00000198729	
AKR7L	1	ENSG00000211454	
CDR2L	1	ENSG00000109089	
EIF4A2	1	ENSG00000156976	
EIF4A1	1	ENSG00000161960	
TAS2R20	1	ENSG00000255837	
LRR1	1	ENSG00000165501	
EIF4A3	1	ENSG00000141543	
ULK4	1	ENSG00000168038	
TONSL	1	ENSG00000160949	
DNHD1	1	ENSG00000179532	
GCC2	1	ENSG00000135968	
GCC1	1	ENSG00000179562	
NUBP1	1	ENSG00000103274	
NUBP2	1	ENSG00000095906	
UXT	1	ENSG00000126756	
BAIAP2L2	1	ENSG00000128298	
BAIAP2L1	1	ENSG00000006453	
POF1B	1	ENSG00000124429	
DHX57	1	ENSG00000163214	
DHX58	1	ENSG00000108771	
RCC1	1	ENSG00000180198	
BCAP29	1	ENSG00000075790	
OXER1	1	ENSG00000162881	
CCNL2	1	ENSG00000221978	
EPHB2	1	ENSG00000133216	
CCNL1	1	ENSG00000163660	
ACAD11	1	ENSG00000240303	
EPHB1	1	ENSG00000154928	
ACAD10	1	ENSG00000111271	
EPHB4	1	ENSG00000196411	
EPHB3	1	ENSG00000182580	
EPHA5	1	ENSG00000145242	
ARSA	1	ENSG00000100299	
EPHA4	1	ENSG00000116106	
PABIR1	1	ENSG00000187866	
EPHA7	1	ENSG00000135333	
MUSK	1	ENSG00000030304	
TAS2R10	1	ENSG00000121318	
TAS2R14	1	ENSG00000212127	
GCAT	1	ENSG00000100116	
PABIR2	1	ENSG00000156504	
TAS2R19	1	ENSG00000212124	
PABIR3	1	ENSG00000156500	
DHX40	1	ENSG00000108406	
MXRA8	1	ENSG00000162576	
ULK3	1	ENSG00000140474	
ULK2	1	ENSG00000083290	
ULK1	1	ENSG00000177169	
MXRA7	1	ENSG00000182534	
EPHA1	1	ENSG00000146904	
PEX11G	1	ENSG00000104883	
MXRA5	1	ENSG00000101825	
MMADHC	1	ENSG00000168288	
EPHA3	1	ENSG00000044524	
EPHA2	1	ENSG00000142627	
PEX11A	1	ENSG00000166821	
PEX11B	1	ENSG00000131779	
PIK3R4	1	ENSG00000196455	
SUPT4H1	1	ENSG00000213246	
PIK3R3	1	ENSG00000117461	
PIK3R1	1	ENSG00000145675	
PTTG1IP	1	ENSG00000183255	
ART5	1	ENSG00000167311	
ART3	1	ENSG00000156219	
PIK3R6	1	ENSG00000276231	
PIK3R5	1	ENSG00000141506	
DHX30	1	ENSG00000132153	
RAB11FIP1	1	ENSG00000156675	
DHX32	1	ENSG00000089876	
PCBP3	1	ENSG00000183570	
ARSL	1	ENSG00000157399	
TESPA1	1	ENSG00000135426	
DHX33	1	ENSG00000005100	
PCBP4	1	ENSG00000090097	
MIER3	1	ENSG00000155545	
MICAL1	1	ENSG00000135596	
DHX35	1	ENSG00000101452	
ARSJ	1	ENSG00000180801	
MIER2	1	ENSG00000105556	
PCBP1	1	ENSG00000169564	
ARSK	1	ENSG00000164291	
PCBP2	1	ENSG00000197111	
MIER1	1	ENSG00000198160	
DHX36	1	ENSG00000174953	
DHX37	1	ENSG00000150990	
DHX38	1	ENSG00000140829	
ARSI	1	ENSG00000183876	
ARSF	1	ENSG00000062096	
ARSG	1	ENSG00000141337	
RCE1	1	ENSG00000173653	
ARSD	1	ENSG00000006756	
RAB11FIP2	1	ENSG00000107560	
ZBED6	1	ENSG00000257315	
RAB11FIP3	1	ENSG00000090565	
N4BP2	1	ENSG00000078177	
ZBED5	1	ENSG00000236287	
RAB11FIP4	1	ENSG00000131242	
ARSB	1	ENSG00000113273	
CLHC1	1	ENSG00000162994	
N4BP1	1	ENSG00000102921	
RAB11FIP5	1	ENSG00000135631	
ZBED3	1	ENSG00000132846	
WWTR1	1	ENSG00000018408	
TAS2R31	1	ENSG00000256436	
RCC2	1	ENSG00000179051	
MICAL3	1	ENSG00000243156	
ARTN	1	ENSG00000117407	
DHX29	1	ENSG00000067248	
CCNJL	1	ENSG00000135083	
CETN2	1	ENSG00000147400	
CETN3	1	ENSG00000153140	
ARV1	1	ENSG00000173409	
STBD1	1	ENSG00000118804	
DHX15	1	ENSG00000109606	
DHX16	1	ENSG00000204560	
NCOA1	1	ENSG00000084676	
NCOA2	1	ENSG00000140396	
STARD3NL	1	ENSG00000010270	
NCOA5	1	ENSG00000124160	
NCOA6	1	ENSG00000198646	
NCOA3	1	ENSG00000124151	
NCOA4	1	ENSG00000266412	
VSNL1	1	ENSG00000163032	
BANK1	1	ENSG00000153064	
CCNI2	1	ENSG00000205089	
NCOA7	1	ENSG00000111912	
CRELD1	1	ENSG00000163703	
CRELD2	1	ENSG00000184164	
SFI1	1	ENSG00000198089	
DEFB124	1	ENSG00000180383	
SAMM50	1	ENSG00000100347	
BCAP31	1	ENSG00000185825	
GCH1	1	ENSG00000131979	
NUBPL	1	ENSG00000151413	
GCGR	1	ENSG00000215644	
GARS1	1	ENSG00000106105	
CCNG2	1	ENSG00000138764	
LKAAEAR1	1	ENSG00000171695	
AUNIP	1	ENSG00000127423	
TARDBP	1	ENSG00000120948	
MAD2L1	1	ENSG00000164109	
KLHL36	1	ENSG00000135686	
KLHL38	1	ENSG00000175946	
KLHL32	1	ENSG00000186231	
KLHL33	1	ENSG00000185271	
KLHL35	1	ENSG00000149243	
PHRF1	1	ENSG00000070047	
KLHL30	1	ENSG00000168427	
KLHL31	1	ENSG00000124743	
CCND3	1	ENSG00000112576	
CCND2	1	ENSG00000118971	
CCND1	1	ENSG00000110092	
BANF1	1	ENSG00000175334	
PDGFRB	1	ENSG00000113721	
PDGFRA	1	ENSG00000134853	
HFM1	1	ENSG00000162669	
TPRA1	1	ENSG00000163870	
CYBB	1	ENSG00000165168	
CYBA	1	ENSG00000051523	
PDGFRL	1	ENSG00000104213	
RPP25L	1	ENSG00000164967	
KLHL41	1	ENSG00000239474	
KLHL42	1	ENSG00000087448	
TERB1	1	ENSG00000249961	
PROCR	1	ENSG00000101000	
ERICH6B	1	ENSG00000165837	
CCNE2	1	ENSG00000175305	
CCNE1	1	ENSG00000105173	
VCL	1	ENSG00000035403	
KLHL18	1	ENSG00000114648	
GCM1	1	ENSG00000137270	
VCP	1	ENSG00000165280	
NDRG4	1	ENSG00000103034	
NDRG3	1	ENSG00000101079	
KLHL14	1	ENSG00000197705	
KLHL15	1	ENSG00000174010	
KLHL17	1	ENSG00000187961	
KLHL10	1	ENSG00000161594	
KLHL11	1	ENSG00000178502	
KLHL12	1	ENSG00000117153	
VCX	1	ENSG00000182583	
KLHL13	1	ENSG00000003096	
NDRG2	1	ENSG00000165795	
NDRG1	1	ENSG00000104419	
TAF5L	1	ENSG00000135801	
CCNB3	1	ENSG00000147082	
CCNB2	1	ENSG00000157456	
CCNB1	1	ENSG00000134057	
BRINP2	1	ENSG00000198797	
BRINP1	1	ENSG00000078725	
CYC1	1	ENSG00000179091	
PRODH	1	ENSG00000100033	
BRINP3	1	ENSG00000162670	
GCN1	1	ENSG00000089154	
KLHL29	1	ENSG00000119771	
GCKR	1	ENSG00000084734	
KLHL25	1	ENSG00000183655	
VDR	1	ENSG00000111424	
KLHL26	1	ENSG00000167487	
KLHL28	1	ENSG00000179454	
KLHL21	1	ENSG00000162413	
KLHL22	1	ENSG00000099910	
NFXL1	1	ENSG00000170448	
KLHL23	1	ENSG00000213160	
KLHL24	1	ENSG00000114796	
GULP1	1	ENSG00000144366	
KLHL20	1	ENSG00000076321	
RCL1	1	ENSG00000120158	
GCLC	1	ENSG00000001084	
APPBP2	1	ENSG00000062725	
TAF4B	1	ENSG00000141384	
CYCS	1	ENSG00000172115	
GCLM	1	ENSG00000023909	
YWHAE	1	ENSG00000108953	
LGALS3BP	1	ENSG00000108679	
MCUR1	1	ENSG00000050393	
YWHAB	1	ENSG00000166913	
CNRIP1	1	ENSG00000119865	
SFR1	1	ENSG00000156384	
YWHAQ	1	ENSG00000134308	
ABHD16A	1	ENSG00000204427	
GATAD1	1	ENSG00000157259	
YWHAG	1	ENSG00000170027	
YWHAH	1	ENSG00000128245	
GLRX3	1	ENSG00000108010	
GLRX5	1	ENSG00000182512	
TBC1D8	1	ENSG00000204634	
ABHD14B	1	ENSG00000114779	
TBC1D9	1	ENSG00000109436	
UBE2QL1	1	ENSG00000215218	
ABHD14A	1	ENSG00000248487	
GLRX2	1	ENSG00000023572	
YWHAZ	1	ENSG00000164924	
GCNA	1	ENSG00000147174	
CCNA2	1	ENSG00000145386	
C9orf152	1	ENSG00000188959	
RCN3	1	ENSG00000142552	
TBC1D1	1	ENSG00000065882	
CCNA1	1	ENSG00000133101	
TBC1D2	1	ENSG00000095383	
SFPQ	1	ENSG00000116560	
RCN1	1	ENSG00000049449	
PSRC1	1	ENSG00000134222	
RCN2	1	ENSG00000117906	
C9orf153	1	ENSG00000187753	
TBC1D3	1	ENSG00000274611	
TBC1D4	1	ENSG00000136111	
MMRN1	1	ENSG00000138722	
VGF	1	ENSG00000128564	
TBC1D5	1	ENSG00000131374	
TBC1D7	1	ENSG00000145979	
MMRN2	1	ENSG00000173269	
RRBP1	1	ENSG00000125844	
TAF1L	1	ENSG00000122728	
ABHD17C	1	ENSG00000136379	
CYGB	1	ENSG00000161544	
TAF1D	1	ENSG00000166012	
TAF1B	1	ENSG00000115750	
TAF1C	1	ENSG00000103168	
TAF1A	1	ENSG00000143498	
TAF15	1	ENSG00000270647	
TAF12	1	ENSG00000120656	
TAF13	1	ENSG00000197780	
TAF10	1	ENSG00000166337	
TAF11	1	ENSG00000064995	
ABHD16B	1	ENSG00000183260	
PROB1	1	ENSG00000228672	
ABHD17B	1	ENSG00000107362	
ABHD17A	1	ENSG00000129968	
ASB8	1	ENSG00000177981	
ASB9	1	ENSG00000102048	
ASB6	1	ENSG00000148331	
ASB7	1	ENSG00000183475	
ASB4	1	ENSG00000005981	
QRICH1	1	ENSG00000198218	
VIM	1	ENSG00000026025	
QRICH2	1	ENSG00000129646	
ASB5	1	ENSG00000164122	
VIP	1	ENSG00000146469	
ASB2	1	ENSG00000100628	
ASB3	1	ENSG00000115239	
RPL26L1	1	ENSG00000037241	
ASB1	1	ENSG00000065802	
VIT	1	ENSG00000205221	
MYT1L	1	ENSG00000186487	
MAML1	1	ENSG00000161021	
RAPH1	1	ENSG00000173166	
THYN1	1	ENSG00000151500	
GCSH	1	ENSG00000140905	
ZNG1A	1	ENSG00000172785	
ZNG1B	1	ENSG00000136682	
ZNG1C	1	ENSG00000196873	
BVES	1	ENSG00000112276	
ZNG1E	1	ENSG00000147996	
WSB1	1	ENSG00000109046	
WSB2	1	ENSG00000176871	
ANKHD1-EIF4EBP3	1	ENSG00000254996	
IFT80	1	ENSG00000068885	
IFT88	1	ENSG00000032742	
IFT81	1	ENSG00000122970	
MAML3	1	ENSG00000196782	
UBA52	1	ENSG00000221983	
NEDD4L	1	ENSG00000049759	
SLAIN2	1	ENSG00000109171	
ATXN7L3B	1	ENSG00000253719	
SLAIN1	1	ENSG00000139737	
GSDMD	1	ENSG00000104518	
GSDMB	1	ENSG00000073605	
TMEM192	1	ENSG00000170088	
TMEM196	1	ENSG00000173452	
TMEM198	1	ENSG00000188760	
TMEM199	1	ENSG00000244045	
CYLD	1	ENSG00000083799	
FA2H	1	ENSG00000103089	
ASAH2B	1	ENSG00000204147	
CHRFAM7A	1	ENSG00000166664	
GSDME	1	ENSG00000105928	
TMEM182	1	ENSG00000170417	
TMEM186	1	ENSG00000184857	
TMEM187	1	ENSG00000177854	
TMSB4X	1	ENSG00000205542	
TMSB4Y	1	ENSG00000154620	
GPRASP1	1	ENSG00000198932	
GPRASP2	1	ENSG00000158301	
GPRASP3	1	ENSG00000198908	
SLC2A14	1	ENSG00000173262	
SLC2A11	1	ENSG00000133460	
SLC2A10	1	ENSG00000197496	
SLC2A13	1	ENSG00000151229	
SLC2A12	1	ENSG00000146411	
TACR2	1	ENSG00000075073	
FN3KRP	1	ENSG00000141560	
TACR3	1	ENSG00000169836	
TMEM171	1	ENSG00000157111	
TACR1	1	ENSG00000115353	
TMEM175	1	ENSG00000127419	
TMEM177	1	ENSG00000144120	
LSG1	1	ENSG00000041802	
TMEM179	1	ENSG00000258986	
SLCO4A1	1	ENSG00000101187	
PLPPR1	1	ENSG00000148123	
PLPPR2	1	ENSG00000105520	
PLPPR3	1	ENSG00000129951	
ANKRD55	1	ENSG00000164512	
PLPPR4	1	ENSG00000117600	
PLPPR5	1	ENSG00000117598	
ASIP	1	ENSG00000101440	
TMEM160	1	ENSG00000130748	
HOXD13	1	ENSG00000128714	
HOXD12	1	ENSG00000170178	
HOXD11	1	ENSG00000128713	
TMEM163	1	ENSG00000152128	
HOXD10	1	ENSG00000128710	
TMEM165	1	ENSG00000134851	
TMEM168	1	ENSG00000146802	
TMEM169	1	ENSG00000163449	
ANKRD53	1	ENSG00000144031	
ANKRD54	1	ENSG00000100124	
ANKRD52	1	ENSG00000139645	
ANKRD50	1	ENSG00000151458	
OR1L8	1	ENSG00000171496	
ANKRD66	1	ENSG00000230062	
TMEM154	1	ENSG00000170006	
ERP44	1	ENSG00000023318	
ZNFX1	1	ENSG00000124201	
TMEM158	1	ENSG00000249992	
SLCO4C1	1	ENSG00000173930	
ANKRD65	1	ENSG00000235098	
ANKRD63	1	ENSG00000230778	
ANKRD61	1	ENSG00000157999	
ANKRD39	1	ENSG00000213337	
ANKRD37	1	ENSG00000186352	
ANKRD35	1	ENSG00000198483	
ANKRD36	1	ENSG00000135976	
ANKRD33	1	ENSG00000167612	
DACH2	1	ENSG00000126733	
DACH1	1	ENSG00000276644	
ZFP30	1	ENSG00000120784	
GRB14	1	ENSG00000115290	
NAGLU	1	ENSG00000108784	
GRAP2	1	ENSG00000100351	
GRB10	1	ENSG00000106070	
ANKRD31	1	ENSG00000145700	
ZFP37	1	ENSG00000136866	
TMSB10	1	ENSG00000034510	
ANKRD49	1	ENSG00000168876	
ANKRD46	1	ENSG00000186106	
ANKRD44	1	ENSG00000065413	
ANKRD45	2	ENSG00000183831:ENSG00000285777	
CD180	1	ENSG00000134061	
SYPL2	1	ENSG00000143028	
CYS1	1	ENSG00000205795	
BSCL2	1	ENSG00000168000	
CLIP3	1	ENSG00000105270	
CLIP2	1	ENSG00000106665	
CLIP1	1	ENSG00000130779	
ZFP41	1	ENSG00000181638	
SYPL1	1	ENSG00000008282	
CLIP4	1	ENSG00000115295	
ANKRD42	1	ENSG00000137494	
ERP29	1	ENSG00000089248	
ERP27	1	ENSG00000139055	
ANKRD40	1	ENSG00000154945	
PHPT1	1	ENSG00000054148	
MAD1L1	1	ENSG00000002822	
ANKRD17	1	ENSG00000132466	
CD151	1	ENSG00000177697	
ANKRD16	1	ENSG00000134461	
CALCRL	1	ENSG00000064989	
ANKRD12	1	ENSG00000101745	
ILDR1	1	ENSG00000145103	
ILDR2	1	ENSG00000143195	
VTN	1	ENSG00000109072	
HMBOX1	1	ENSG00000147421	
ZFP57	1	ENSG00000204644	
ANKRD10	1	ENSG00000088448	
ESRRA	1	ENSG00000173153	
ANKRD28	1	ENSG00000206560	
CD164	1	ENSG00000135535	
ANKRD29	1	ENSG00000154065	
ANKRD26	1	ENSG00000107890	
CD163	1	ENSG00000177575	
IFTAP	1	ENSG00000166352	
ANKRD27	1	ENSG00000105186	
ANKRD24	1	ENSG00000089847	
ZG16B	1	ENSG00000162078	
ANKRD23	1	ENSG00000163126	
ESRRB	1	ENSG00000119715	
LSM1	1	ENSG00000175324	
ASNS	1	ENSG00000070669	
ESRRG	1	ENSG00000196482	
LSM5	1	ENSG00000106355	
LSM4	1	ENSG00000130520	
LSM3	1	ENSG00000170860	
LSM2	1	ENSG00000204392	
CNOT4	1	ENSG00000080802	
TRMT9B	1	ENSG00000250305	
LSM8	1	ENSG00000128534	
LSM7	1	ENSG00000130332	
CNOT6	1	ENSG00000113300	
ZFP69	1	ENSG00000187815	
CNOT7	1	ENSG00000198791	
CNOT1	1	ENSG00000125107	
ZFP62	1	ENSG00000196670	
CNOT2	1	ENSG00000111596	
CNOT3	1	ENSG00000088038	
ZFP64	1	ENSG00000020256	
TADA3	1	ENSG00000171148	
TADA1	1	ENSG00000152382	
CNOT8	1	ENSG00000155508	
EIF4G3	1	ENSG00000075151	
EIF4G2	1	ENSG00000110321	
EIF4G1	1	ENSG00000114867	
DPP10	1	ENSG00000175497	
EIF4E3	1	ENSG00000163412	
LSP1	1	ENSG00000130592	
ZFP82	1	ENSG00000181007	
NAGPA	1	ENSG00000103174	
SGCE	1	ENSG00000127990	
SGCD	1	ENSG00000170624	
SGCB	1	ENSG00000163069	
HIF1AN	1	ENSG00000166135	
SGCG	1	ENSG00000102683	
VWF	1	ENSG00000110799	
ZFP92	1	ENSG00000189420	
ZFP91	1	ENSG00000186660	
ZFP90	1	ENSG00000184939	
ASPN	1	ENSG00000106819	
ASPM	1	ENSG00000066279	
ASPH	1	ENSG00000198363	
ESRP2	1	ENSG00000103067	
ESRP1	1	ENSG00000104413	
SNRPA1	1	ENSG00000131876	
PKHD1L1	1	ENSG00000205038	
EIF4E2	1	ENSG00000135930	
ASPA	1	ENSG00000108381	
NLGN3	1	ENSG00000196338	
NLGN1	1	ENSG00000169760	
NLGN2	1	ENSG00000169992	
VXN	1	ENSG00000169085	
EEIG2	1	ENSG00000162636	
SNRPB2	1	ENSG00000125870	
WASF1	1	ENSG00000112290	
WASF2	1	ENSG00000158195	
WASF3	1	ENSG00000132970	
EEIG1	1	ENSG00000167106	
RCVRN	1	ENSG00000109047	
ERVMER34-1	1	ENSG00000226887	
TXNRD3	1	ENSG00000197763	
TXNRD2	1	ENSG00000184470	
TXNRD1	1	ENSG00000198431	
ASS1	1	ENSG00000130707	
RHEBL1	1	ENSG00000167550	
CBLN4	1	ENSG00000054803	
MMACHC	1	ENSG00000132763	
CBLN3	1	ENSG00000139899	
CBLN2	1	ENSG00000141668	
STEEP1	1	ENSG00000018610	
FAAH	1	ENSG00000117480	
VIPR1	1	ENSG00000114812	
VIPR2	1	ENSG00000106018	
UMAD1	1	ENSG00000219545	
LST1	1	ENSG00000204482	
GDE1	1	ENSG00000006007	
HGH1	1	ENSG00000235173	
PKD2L1	1	ENSG00000107593	
PKD2L2	1	ENSG00000078795	
NADSYN1	1	ENSG00000172890	
RAPGEFL1	1	ENSG00000108352	
TRMT44	1	ENSG00000155275	
ZFPL1	1	ENSG00000162300	
AGFG2	1	ENSG00000106351	
AGFG1	1	ENSG00000173744	
GARIN5A	1	ENSG00000142530	
CYP27A1	1	ENSG00000135929	
CARHSP1	1	ENSG00000153048	
RRAGA	1	ENSG00000155876	
RRAGC	1	ENSG00000116954	
RRAGB	1	ENSG00000083750	
CD109	1	ENSG00000156535	
RRAGD	1	ENSG00000025039	
VDAC3	1	ENSG00000078668	
VDAC2	1	ENSG00000165637	
VDAC1	1	ENSG00000213585	
ZFPM2	1	ENSG00000169946	
CBLL1	1	ENSG00000105879	
ZFPM1	1	ENSG00000179588	
CD101	1	ENSG00000134256	
NECAB2	1	ENSG00000103154	
NECAB1	1	ENSG00000123119	
NECAB3	1	ENSG00000125967	
PDE1C	1	ENSG00000154678	
PDE1B	1	ENSG00000123360	
PDE1A	1	ENSG00000115252	
EIF5A2	1	ENSG00000163577	
TRMT2A	1	ENSG00000099899	
TRMT2B	1	ENSG00000188917	
DGUOK	1	ENSG00000114956	
NUAK1	1	ENSG00000074590	
NUAK2	1	ENSG00000163545	
FADD	1	ENSG00000168040	
TRMT1L	1	ENSG00000121486	
ZRSR2	1	ENSG00000169249	
SIAH3	1	ENSG00000215475	
SIAH2	1	ENSG00000181788	
PDE2A	1	ENSG00000186642	
SIAH1	1	ENSG00000196470	
DDIT4L	1	ENSG00000145358	
IFNLR1	1	ENSG00000185436	
HSPBAP1	1	ENSG00000169087	
GDF6	1	ENSG00000156466	
ACADSB	1	ENSG00000196177	
GDF5	1	ENSG00000125965	
UBAC1	1	ENSG00000130560	
UBAC2	1	ENSG00000134882	
GDF7	1	ENSG00000143869	
GDF9	1	ENSG00000164404	
CYP27C1	1	ENSG00000186684	
STAG1	1	ENSG00000118007	
STAG2	1	ENSG00000101972	
CORO6	1	ENSG00000167549	
PDE3A	1	ENSG00000172572	
TRMT12	1	ENSG00000183665	
TRMT13	1	ENSG00000122435	
TRMT11	1	ENSG00000066651	
ALDH18A1	1	ENSG00000059573	
CORO7	1	ENSG00000262246	
INKA2	1	ENSG00000197852	
INKA1	1	ENSG00000185614	
CLIC6	1	ENSG00000159212	
CLIC5	1	ENSG00000112782	
CLIC4	1	ENSG00000169504	
CLIC3	1	ENSG00000169583	
FASTKD1	1	ENSG00000138399	
GDI1	1	ENSG00000203879	
SH3KBP1	1	ENSG00000147010	
FASTKD2	1	ENSG00000118246	
FAF1	1	ENSG00000185104	
FASTKD3	1	ENSG00000124279	
FAF2	1	ENSG00000113194	
ZBTB8OS	1	ENSG00000176261	
STAB1	1	ENSG00000010327	
CLIC2	1	ENSG00000155962	
CLIC1	1	ENSG00000213719	
MAP4K1	1	ENSG00000104814	
PRMT6	1	ENSG00000198890	
PRMT5	1	ENSG00000100462	
MAP4K2	1	ENSG00000168067	
ATP6V0B	1	ENSG00000117410	
PRMT8	1	ENSG00000111218	
MANBA	1	ENSG00000109323	
PRMT7	1	ENSG00000132600	
PRMT1	1	ENSG00000126457	
PRMT3	1	ENSG00000185238	
NAALADL2	1	ENSG00000177694	
NAALADL1	1	ENSG00000168060	
BBS10	1	ENSG00000179941	
BBS12	1	ENSG00000181004	
WAC	1	ENSG00000095787	
FASTKD5	1	ENSG00000215251	
RDH5	1	ENSG00000135437	
SGK3	1	ENSG00000104205	
UMPS	1	ENSG00000114491	
KPTN	1	ENSG00000118162	
SGK1	1	ENSG00000118515	
SGK2	1	ENSG00000101049	
PRMT9	1	ENSG00000164169	
ATP6V0C	1	ENSG00000185883	
RAPSN	1	ENSG00000165917	
WAS	1	ENSG00000015285	
LILRA2	1	ENSG00000239998	
TLDC2	1	ENSG00000101342	
DNAJC5G	1	ENSG00000163793	
MAP4K5	1	ENSG00000012983	
MPZL3	1	ENSG00000160588	
MAP4K3	1	ENSG00000011566	
MPZL1	1	ENSG00000197965	
CORIN	1	ENSG00000145244	
MAP4K4	1	ENSG00000071054	
MPZL2	1	ENSG00000149573	
DNAJC5B	1	ENSG00000147570	
CIMAP1D	1	ENSG00000181781	
CIMAP1C	1	ENSG00000182950	
CIMAP1B	1	ENSG00000177989	
STAC3	1	ENSG00000185482	
TJP1	1	ENSG00000104067	
TPPP3	1	ENSG00000159713	
STAC2	1	ENSG00000141750	
TOMM7	1	ENSG00000196683	
TJP3	1	ENSG00000105289	
TOMM5	1	ENSG00000175768	
TJP2	1	ENSG00000119139	
ARID4A	1	ENSG00000032219	
ARID4B	1	ENSG00000054267	
TMEM140	1	ENSG00000146859	
MANEA	1	ENSG00000172469	
TMEM141	1	ENSG00000244187	
TMEM143	1	ENSG00000161558	
TMEM144	1	ENSG00000164124	
RDM1	1	ENSG00000278023	
TMEM145	1	ENSG00000167619	
TMEM147	1	ENSG00000105677	
PTTG1	1	ENSG00000164611	
PDE8B	1	ENSG00000113231	
PDE8A	1	ENSG00000073417	
TMEM14A	1	ENSG00000096092	
TMEM14B	1	ENSG00000137210	
TMEM14C	1	ENSG00000111843	
ARID5B	1	ENSG00000150347	
CGRRF1	1	ENSG00000100532	
TMEM130	1	ENSG00000166448	
TMEM131	1	ENSG00000075568	
SGO1	1	ENSG00000129810	
SGO2	1	ENSG00000163535	
TMEM134	1	ENSG00000172663	
TMEM135	1	ENSG00000166575	
TMEM138	1	ENSG00000149483	
DNAJC30	1	ENSG00000176410	
TMEM139	1	ENSG00000178826	
LMX1B	1	ENSG00000136944	
STAM2	1	ENSG00000115145	
PDE9A	1	ENSG00000160191	
FAIM	1	ENSG00000158234	
ATP6V1A	1	ENSG00000114573	
DNAJC22	1	ENSG00000178401	
DNAJC24	1	ENSG00000170946	
DNAJC25	1	ENSG00000059769	
DNAJC27	1	ENSG00000115137	
SEL1L3	1	ENSG00000091490	
TMEM123	1	ENSG00000152558	
ASIC4	1	ENSG00000072182	
SOHLH1	1	ENSG00000165643	
PODXL	1	ENSG00000128567	
TMEM128	1	ENSG00000132406	
DNAJC21	1	ENSG00000168724	
SOHLH2	1	ENSG00000120669	
ATP6V1H	1	ENSG00000047249	
STAP2	1	ENSG00000178078	
SUDS3	1	ENSG00000111707	
ASIC2	1	ENSG00000108684	
OR2B6	1	ENSG00000124657	
ATP6V1D	1	ENSG00000100554	
ASIC3	1	ENSG00000213199	
ASIC1	1	ENSG00000110881	
ATP6V1F	1	ENSG00000128524	
DNAJC19	1	ENSG00000205981	
EPHX1	1	ENSG00000143819	
DNAJC11	1	ENSG00000007923	
EPHX4	1	ENSG00000172031	
DNAJC12	1	ENSG00000108176	
EPHX3	1	ENSG00000105131	
DNAJC13	1	ENSG00000138246	
DNAJC14	1	ENSG00000135392	
DNAJC15	1	ENSG00000120675	
DNAJC16	1	ENSG00000116138	
DNAJC17	1	ENSG00000104129	
ERVK3-1	1	ENSG00000142396	
DNAJC18	1	ENSG00000170464	
GDNF	1	ENSG00000168621	
TMEM115	1	ENSG00000126062	
TMEM117	1	ENSG00000139173	
DNAJC10	1	ENSG00000077232	
TMEM119	1	ENSG00000183160	
ACADVL	1	ENSG00000072778	
MCTP1	1	ENSG00000175471	
ELAVL4	1	ENSG00000162374	
ELAVL1	1	ENSG00000066044	
ELAVL2	1	ENSG00000107105	
SGSH	1	ENSG00000181523	
ELAVL3	1	ENSG00000196361	
TMEM100	1	ENSG00000166292	
TMEM101	1	ENSG00000091947	
TMEM102	1	ENSG00000181284	
NETO1	1	ENSG00000166342	
TMEM104	1	ENSG00000109066	
ENOSF1	1	ENSG00000132199	
TMEM107	1	ENSG00000179029	
PDE4B	1	ENSG00000184588	
TMEM108	1	ENSG00000144868	
PDE4A	1	ENSG00000065989	
HIBCH	1	ENSG00000198130	
GARIN1B	1	ENSG00000135248	
GARIN1A	1	ENSG00000205085	
UPK3B	1	ENSG00000243566	
ARID1B	1	ENSG00000049618	
LATS1	1	ENSG00000131023	
LATS2	1	ENSG00000150457	
EHHADH	1	ENSG00000113790	
PDE5A	1	ENSG00000138735	
MCTP2	1	ENSG00000140563	
FAN1	1	ENSG00000198690	
POLDIP2	1	ENSG00000004142	
POLDIP3	1	ENSG00000100227	
IER5L	1	ENSG00000188483	
WIZ	1	ENSG00000011451	
DBF4B	1	ENSG00000161692	
CZIB	1	ENSG00000162384	
PDE6D	1	ENSG00000156973	
PDE6B	1	ENSG00000133256	
PDE6A	1	ENSG00000132915	
ATE1	1	ENSG00000107669	
WTAP	1	ENSG00000146457	
SGTB	1	ENSG00000197860	
PDE6G	1	ENSG00000185527	
SGTA	1	ENSG00000104969	
DTNBP1	1	ENSG00000047579	
ZFC3H1	1	ENSG00000133858	
ARID3A	1	ENSG00000116017	
ARID3B	1	ENSG00000179361	
ARID3C	1	ENSG00000205143	
SH3YL1	1	ENSG00000035115	
PDE7B	1	ENSG00000171408	
LTBR	1	ENSG00000111321	
PDE7A	1	ENSG00000205268	
ATF1	1	ENSG00000123268	
ATF2	1	ENSG00000115966	
MT-CO1	1	ENSG00000198804	
TESK2	1	ENSG00000070759	
NDST2	1	ENSG00000166507	
NDST1	1	ENSG00000070614	
ENDOU	1	ENSG00000111405	
ENDOV	1	ENSG00000173818	
NDST4	1	ENSG00000138653	
NDST3	1	ENSG00000164100	
C3AR1	1	ENSG00000171860	
FOXO3B	1	ENSG00000240445	
SUPT20H	1	ENSG00000102710	
WLS	1	ENSG00000116729	
ATG3	1	ENSG00000144848	
ENDOG	1	ENSG00000167136	
CD2AP	1	ENSG00000198087	
ATF7	1	ENSG00000170653	
MT-CO2	1	ENSG00000198712	
FAR2	1	ENSG00000064763	
MT-CO3	1	ENSG00000198938	
ATF5	1	ENSG00000169136	
ATF6	1	ENSG00000118217	
PDGFB	1	ENSG00000100311	
TPRG1L	1	ENSG00000158109	
GATA6	1	ENSG00000141448	
PDGFA	1	ENSG00000197461	
GATA5	1	ENSG00000130700	
GATA4	1	ENSG00000136574	
GATA3	1	ENSG00000107485	
GATA2	1	ENSG00000179348	
CIAO3	1	ENSG00000103245	
CIAO1	1	ENSG00000144021	
EPB41L5	1	ENSG00000115109	
EPB41L1	1	ENSG00000088367	
EPB41L2	1	ENSG00000079819	
PDGFD	1	ENSG00000170962	
EPB41L3	1	ENSG00000082397	
PDGFC	1	ENSG00000145431	
PIP5K1A	1	ENSG00000143398	
PIP5K1B	1	ENSG00000107242	
PIP5K1C	1	ENSG00000186111	
ATG7	1	ENSG00000197548	
ATG5	1	ENSG00000057663	
OR4N2	1	ENSG00000176294	
VANGL1	1	ENSG00000173218	
PRXL2A	1	ENSG00000122378	
PRXL2B	1	ENSG00000157870	
FASN	1	ENSG00000169710	
PRXL2C	1	ENSG00000158122	
FAT1	1	ENSG00000083857	
FAT2	1	ENSG00000086570	
FAT3	1	ENSG00000165323	
FAT4	1	ENSG00000196159	
HNRNPA1L3	1	ENSG00000224578	
PYDC5	1	ENSG00000289721	
LIN54	1	ENSG00000189308	
BHLHE41	1	ENSG00000123095	
HOXC13	1	ENSG00000123364	
HOXC11	1	ENSG00000123388	
HOXC10	1	ENSG00000180818	
SMPD3	1	ENSG00000103056	
SMPD2	1	ENSG00000135587	
SMPD4	1	ENSG00000136699	
ATIC	1	ENSG00000138363	
SMPD1	1	ENSG00000166311	
TCP11L1	1	ENSG00000176148	
ENOPH1	1	ENSG00000145293	
LIN52	1	ENSG00000205659	
GATD1	1	ENSG00000177225	
GATD3	1	ENSG00000160221	
PHF20L1	1	ENSG00000129292	
CDC20B	1	ENSG00000164287	
CYP21A2	1	ENSG00000231852	
SAMD5	1	ENSG00000203727	
SAMD8	1	ENSG00000156671	
ATL3	1	ENSG00000184743	
SAMD9	1	ENSG00000205413	
LIN37	1	ENSG00000267796	
FAXC	1	ENSG00000146267	
ATL2	1	ENSG00000119787	
WRN	1	ENSG00000165392	
CNPY4	1	ENSG00000166997	
FPGT-TNNI3K	1	ENSG00000259030	
SAMD1	1	ENSG00000141858	
SAMD3	1	ENSG00000164483	
C4orf3	1	ENSG00000164096	
UNCX	1	ENSG00000164853	
TMEM270	1	ENSG00000175877	
TMEM271	1	ENSG00000273238	
WTIP	1	ENSG00000142279	
TMEM272	1	ENSG00000281106	
CROCC2	1	ENSG00000226321	
FAM200C	1	ENSG00000221886	
TMEM276	1	ENSG00000291317	
FAM200B	1	ENSG00000237765	
FAM200A	1	ENSG00000221909	
SLMAP	1	ENSG00000163681	
EBAG9	1	ENSG00000147654	
LIMS2	1	ENSG00000072163	
LIMS1	1	ENSG00000169756	
MPV17L	1	ENSG00000156968	
ATN1	1	ENSG00000111676	
LTN1	1	ENSG00000198862	
FAM204A	1	ENSG00000165669	
HHAT	1	ENSG00000054392	
CEP250	1	ENSG00000126001	
EIF1AY	1	ENSG00000198692	
EIF1AX	1	ENSG00000173674	
RAD21L1	1	ENSG00000244588	
CNPY1	1	ENSG00000146910	
CNPY2	1	ENSG00000257727	
CNPY3	1	ENSG00000137161	
CDC25C	1	ENSG00000158402	
NCCRP1	1	ENSG00000188505	
CDC25A	1	ENSG00000164045	
CDC25B	1	ENSG00000101224	
TPST2	1	ENSG00000128294	
TPST1	1	ENSG00000169902	
SHC4	1	ENSG00000185634	
CD274	1	ENSG00000120217	
SHC2	1	ENSG00000129946	
SHC3	1	ENSG00000148082	
SHC1	1	ENSG00000160691	
LIN7A	1	ENSG00000111052	
LIN7C	1	ENSG00000148943	
LIN7B	1	ENSG00000104863	
EIF1AD	1	ENSG00000175376	
TKFC	1	ENSG00000149476	
EIF4EBP1	1	ENSG00000187840	
EIF4EBP2	1	ENSG00000148730	
EIF4EBP3	1	ENSG00000243056	
CD276	1	ENSG00000103855	
HHATL	1	ENSG00000010282	
LTO1	1	ENSG00000149716	
SHBG	1	ENSG00000129214	
MT-CYB	1	ENSG00000198727	
LRGUK	1	ENSG00000155530	
MCMDC2	1	ENSG00000178460	
LEAP2	1	ENSG00000164406	
AKAP8L	1	ENSG00000011243	
TSPAN12	1	ENSG00000106025	
TSPAN11	1	ENSG00000110900	
TSPAN10	1	ENSG00000182612	
HHEX	1	ENSG00000152804	
UNKL	1	ENSG00000059145	
CEP290	1	ENSG00000198707	
CEP295	1	ENSG00000166004	
ATRX	1	ENSG00000085224	
SEZ6L	1	ENSG00000100095	
ATRN	1	ENSG00000088812	
TMBIM4	1	ENSG00000155957	
HAND2	1	ENSG00000164107	
TMBIM1	1	ENSG00000135926	
TMBIM6	1	ENSG00000139644	
PRPS2	1	ENSG00000101911	
PRPS1	1	ENSG00000147224	
PBXIP1	1	ENSG00000163346	
TSPAN33	1	ENSG00000158457	
TSPAN32	1	ENSG00000064201	
DEPP1	1	ENSG00000165507	
TSPAN31	1	ENSG00000135452	
KCTD20	1	ENSG00000112078	
KCTD21	1	ENSG00000188997	
PCDH1	1	ENSG00000156453	
H2AZ1	1	ENSG00000164032	
H2AZ2	1	ENSG00000105968	
MARCKSL1	1	ENSG00000175130	
PCDH9	1	ENSG00000184226	
MID1IP1	1	ENSG00000165175	
PCDH7	1	ENSG00000169851	
PCDH8	1	ENSG00000136099	
SYT16	1	ENSG00000139973	
KIAA1549L	1	ENSG00000110427	
SYT14	1	ENSG00000143469	
FAM209B	1	ENSG00000213714	
SYT13	1	ENSG00000019505	
REC8	1	ENSG00000100918	
SYT17	1	ENSG00000103528	
SUGCT	1	ENSG00000175600	
TSPAN15	1	ENSG00000099282	
MGAM2	1	ENSG00000257743	
TSPAN13	1	ENSG00000106537	
SYT12	1	ENSG00000173227	
TSPAN19	1	ENSG00000231738	
SYT11	1	ENSG00000132718	
TSPAN18	1	ENSG00000157570	
TSPAN17	1	ENSG00000048140	
CD248	1	ENSG00000174807	
CD247	1	ENSG00000198821	
PIK3AP1	1	ENSG00000155629	
SHFL	1	ENSG00000130813	
RECK	1	ENSG00000122707	
DMGDH	1	ENSG00000132837	
LTV1	1	ENSG00000135521	
SMARCAL1	1	ENSG00000138375	
HHIP	1	ENSG00000164161	
NUDT1	1	ENSG00000106268	
NTAQ1	1	ENSG00000156795	
NUDT6	1	ENSG00000170917	
NUDT3	1	ENSG00000272325	
NUDT4	1	ENSG00000173598	
IL27RA	1	ENSG00000104998	
MFSD2B	1	ENSG00000205639	
MFSD2A	1	ENSG00000168389	
KCTD19	1	ENSG00000168676	
RIIAD1	1	ENSG00000178796	
MFSD11	1	ENSG00000092931	
MFSD10	1	ENSG00000109736	
NICOL1	1	ENSG00000243449	
KCTD10	1	ENSG00000110906	
KCTD13	1	ENSG00000174943	
KCTD14	1	ENSG00000151364	
CD226	1	ENSG00000150637	
KCTD11	1	ENSG00000213859	
KCTD12	1	ENSG00000178695	
MGARP	1	ENSG00000137463	
KCTD17	1	ENSG00000100379	
BCORL1	1	ENSG00000085185	
KCTD18	1	ENSG00000155729	
KCTD15	1	ENSG00000153885	
KCTD16	1	ENSG00000183775	
USHBP1	1	ENSG00000130307	
FBF1	1	ENSG00000188878	
LPAR1	1	ENSG00000198121	
LPAR2	1	ENSG00000064547	
LPAR3	1	ENSG00000171517	
LPAR4	1	ENSG00000147145	
MBTD1	1	ENSG00000011258	
CEP192	1	ENSG00000101639	
DMAC2L	1	ENSG00000125375	
STAT5A	1	ENSG00000126561	
STAT5B	1	ENSG00000173757	
GREB1	1	ENSG00000196208	
OSGIN1	1	ENSG00000140961	
BSDC1	1	ENSG00000160058	
OSGIN2	1	ENSG00000164823	
NTAN1	1	ENSG00000157045	
AIMP1	1	ENSG00000164022	
AIMP2	1	ENSG00000106305	
ALDH6A1	1	ENSG00000119711	
LPAR5	1	ENSG00000184574	
LPAR6	1	ENSG00000139679	
CD207	1	ENSG00000116031	
KYAT3	1	ENSG00000137944	
KYAT1	2	ENSG00000286112:ENSG00000171097	
MRAP2	1	ENSG00000135324	
SUGP2	1	ENSG00000064607	
SUGP1	1	ENSG00000105705	
DHRS12	1	ENSG00000102796	
DHRS13	1	ENSG00000167536	
DHRS11	1	ENSG00000278535	
FBH1	1	ENSG00000134452	
WFDC1	1	ENSG00000103175	
WFDC2	1	ENSG00000101443	
SH3RF1	1	ENSG00000154447	
B3GNTL1	1	ENSG00000175711	
WFDC3	1	ENSG00000124116	
AKAP12	1	ENSG00000131016	
AKAP13	1	ENSG00000170776	
AKAP10	1	ENSG00000108599	
AKAP11	1	ENSG00000023516	
AKAP14	1	ENSG00000186471	
SPTAN1	1	ENSG00000197694	
OXGR1	1	ENSG00000165621	
IL11	1	ENSG00000095752	
ATMIN	1	ENSG00000166454	
IL15	1	ENSG00000164136	
PABPC4	1	ENSG00000090621	
IL13	1	ENSG00000169194	
PABPC5	1	ENSG00000174740	
IL19	1	ENSG00000142224	
IL16	1	ENSG00000172349	
IL1A	1	ENSG00000115008	
IL1B	1	ENSG00000125538	
PABPC1	1	ENSG00000070756	
TAGLN	1	ENSG00000149591	
RELA	1	ENSG00000173039	
RELB	1	ENSG00000104856	
MFSD4A	1	ENSG00000174514	
REM1	1	ENSG00000088320	
RELN	1	ENSG00000189056	
PDZD11	1	ENSG00000120509	
MGAT5	1	ENSG00000152127	
MGAT3	1	ENSG00000128268	
MGAT1	1	ENSG00000131446	
MGAT2	1	ENSG00000168282	
RELT	1	ENSG00000054967	
XDH	1	ENSG00000158125	
REM2	1	ENSG00000139890	
MFSD4B	1	ENSG00000173214	
IL32	1	ENSG00000008517	
H2BC9	1	ENSG00000275713	
IL33	1	ENSG00000137033	
H2BC7	1	ENSG00000277224	
H2BC8	1	ENSG00000273802	
PNPLA7	1	ENSG00000130653	
H2BC5	1	ENSG00000158373	
PNPLA8	1	ENSG00000135241	
IL37	1	ENSG00000125571	
H2BC6	1	ENSG00000274290	
IL34	1	ENSG00000157368	
VEGFB	1	ENSG00000173511	
PCDHB15	1	ENSG00000113248	
PCDHB14	1	ENSG00000120327	
VEGFC	1	ENSG00000150630	
PCDHB13	1	ENSG00000187372	
VEGFD	1	ENSG00000165197	
PCDHB12	1	ENSG00000120328	
PCDHB11	1	ENSG00000197479	
PCDHB10	1	ENSG00000120324	
VEGFA	1	ENSG00000112715	
NUDT9	1	ENSG00000170502	
SH3RF3	1	ENSG00000172985	
SH3RF2	1	ENSG00000156463	
KITLG	1	ENSG00000049130	
NUDT7	1	ENSG00000140876	
NUDT8	1	ENSG00000167799	
MIS18A	1	ENSG00000159055	
PCDHB16	1	ENSG00000272674	
PNPLA3	1	ENSG00000100344	
CCNYL1	1	ENSG00000163249	
AGGF1	1	ENSG00000164252	
PNPLA4	1	ENSG00000006757	
PNPLA5	1	ENSG00000100341	
PNPLA6	1	ENSG00000032444	
KIAA1958	1	ENSG00000165185	
PNPLA1	1	ENSG00000180316	
PNPLA2	1	ENSG00000177666	
ZFAND4	1	ENSG00000172671	
UBE3D	1	ENSG00000118420	
ZFAND3	1	ENSG00000156639	
ZFAND5	1	ENSG00000107372	
UBE3A	1	ENSG00000114062	
UBE3B	1	ENSG00000151148	
TMEM260	1	ENSG00000070269	
ZFAND1	1	ENSG00000104231	
UBE2Z	1	ENSG00000159202	
TMEM262	1	ENSG00000187066	
TMEM263	1	ENSG00000151135	
TMEM266	1	ENSG00000169758	
TMEM267	1	ENSG00000151881	
TMEM268	1	ENSG00000157693	
TMEM269	1	ENSG00000274386	
IL6R	1	ENSG00000160712	
TPTE2	1	ENSG00000132958	
GEN1	1	ENSG00000178295	
IL4R	1	ENSG00000077238	
UBE4A	1	ENSG00000110344	
UBE4B	1	ENSG00000130939	
POU3F1	1	ENSG00000185668	
TMEM250	1	ENSG00000238227	
POU3F2	1	ENSG00000184486	
POU3F3	1	ENSG00000198914	
TMEM252	1	ENSG00000181778	
TMEM253	1	ENSG00000232070	
POU3F4	1	ENSG00000196767	
TMEM254	1	ENSG00000133678	
TMEM256	1	ENSG00000205544	
SHQ1	1	ENSG00000144736	
TMEM258	1	ENSG00000134825	
MAP7D3	1	ENSG00000129680	
TMEM259	1	ENSG00000182087	
MAP7D1	1	ENSG00000116871	
SHPK	1	ENSG00000197417	
MAP7D2	1	ENSG00000184368	
EHBP1L1	1	ENSG00000173442	
FBN2	1	ENSG00000138829	
FBN3	1	ENSG00000142449	
CACNA1D	1	ENSG00000157388	
CACNA1C	1	ENSG00000151067	
BHLHE22	1	ENSG00000180828	
CACNA1F	1	ENSG00000102001	
HOXB13	1	ENSG00000159184	
CACNA1E	1	ENSG00000198216	
TMEM241	1	ENSG00000134490	
CACNA1G	1	ENSG00000006283	
TMEM242	1	ENSG00000215712	
TMEM243	1	ENSG00000135185	
C8orf48	1	ENSG00000164743	
CACNA1I	1	ENSG00000100346	
TMEM244	1	ENSG00000203756	
TMEM245	1	ENSG00000106771	
SNTG2	1	ENSG00000172554	
SNTG1	1	ENSG00000147481	
TMEM248	1	ENSG00000106609	
DHRS7B	1	ENSG00000109016	
TMEM249	1	ENSG00000261587	
MFAP3L	1	ENSG00000198948	
UBE2F	1	ENSG00000184182	
TFAP2A	1	ENSG00000137203	
TFAP2B	1	ENSG00000008196	
UBE2H	1	ENSG00000186591	
TFAP2C	1	ENSG00000087510	
PDHA1	1	ENSG00000131828	
VCAM1	1	ENSG00000162692	
TFAP2E	1	ENSG00000116819	
UBE2B	1	ENSG00000119048	
UBE2C	1	ENSG00000175063	
UBE2A	1	ENSG00000077721	
C8orf33	1	ENSG00000182307	
C8orf34	1	ENSG00000165084	
TJAP1	1	ENSG00000137221	
GVQW3	1	ENSG00000179240	
TMEM231	1	ENSG00000205084	
TMEM232	1	ENSG00000186952	
UBE2W	1	ENSG00000104343	
TMEM233	1	ENSG00000224982	
TMEM234	1	ENSG00000160055	
TMEM236	1	ENSG00000148483	
TMEM237	1	ENSG00000155755	
UBE2S	1	ENSG00000108106	
CCPG1	1	ENSG00000260916	
UBE2T	1	ENSG00000077152	
TMEM238	1	ENSG00000233493	
BHLHE40	1	ENSG00000134107	
MANSC4	1	ENSG00000205693	
UBE2N	1	ENSG00000177889	
UBE2O	1	ENSG00000175931	
MANSC1	1	ENSG00000111261	
IL7R	1	ENSG00000168685	
MXD1	1	ENSG00000059728	
UBE2K	1	ENSG00000078140	
MXD3	1	ENSG00000213347	
MXD4	1	ENSG00000123933	
UBE2M	1	ENSG00000130725	
RERE	1	ENSG00000142599	
PHTF2	1	ENSG00000006576	
PHTF1	1	ENSG00000116793	
RERG	1	ENSG00000134533	
TMEM220	1	ENSG00000187824	
TMEM221	1	ENSG00000188051	
TMEM222	1	ENSG00000186501	
TMEM223	1	ENSG00000168569	
RASGEF1A	1	ENSG00000198915	
RASGEF1B	1	ENSG00000138670	
MAN1A2	1	ENSG00000198162	
RASGEF1C	1	ENSG00000146090	
DACT2	1	ENSG00000164488	
DACT3	1	ENSG00000197380	
GET1	1	ENSG00000182093	
MAN1A1	1	ENSG00000111885	
GET3	1	ENSG00000198356	
ARFGEF3	1	ENSG00000112379	
DACT1	1	ENSG00000165617	
GET4	1	ENSG00000239857	
SNTA1	1	ENSG00000101400	
GREM1	1	ENSG00000166923	
GREM2	1	ENSG00000180875	
TMEM213	1	ENSG00000214128	
C8orf58	1	ENSG00000241852	
RER1	1	ENSG00000157916	
TMEM214	1	ENSG00000119777	
SETBP1	1	ENSG00000152217	
DPPA4	1	ENSG00000121570	
TMEM215	1	ENSG00000188133	
TMEM216	1	ENSG00000187049	
TMEM217	1	ENSG00000172738	
TMEM218	1	ENSG00000150433	
TMEM219	1	ENSG00000149932	
MAN1B1	1	ENSG00000177239	
FBP1	1	ENSG00000165140	
RAP1GDS1	1	ENSG00000138698	
C8orf82	1	ENSG00000213563	
C8orf88	1	ENSG00000253250	
H2BK1	1	ENSG00000285480	
TMEM201	1	ENSG00000188807	
PABPN1	1	ENSG00000100836	
TMEM203	1	ENSG00000187713	
TMEM204	1	ENSG00000131634	
MKNK1	1	ENSG00000079277	
TMEM205	1	ENSG00000105518	
MXI1	1	ENSG00000119950	
MKNK2	1	ENSG00000099875	
TMEM208	1	ENSG00000168701	
TMEM209	1	ENSG00000146842	
CRIPTO3	1	ENSG00000225366	
FBRS	1	ENSG00000156860	
ARFGEF1	1	ENSG00000066777	
ARFGEF2	1	ENSG00000124198	
ZNF804B	1	ENSG00000182348	
ZNF804A	1	ENSG00000170396	
SLC50A1	1	ENSG00000169241	
C8orf76	1	ENSG00000189376	
REST	1	ENSG00000084093	
KRAS	1	ENSG00000133703	
SUGT1	1	ENSG00000165416	
SNTB1	1	ENSG00000172164	
SNTB2	1	ENSG00000168807	
MAP10	1	ENSG00000212916	
EMC10	1	ENSG00000161671	
NYNRIN	1	ENSG00000205978	
CDK5RAP1	1	ENSG00000101391	
CDK5RAP3	1	ENSG00000108465	
DLEU7	1	ENSG00000186047	
CDK5RAP2	1	ENSG00000136861	
MAP1S	1	ENSG00000130479	
REV1	1	ENSG00000135945	
SCRIB	1	ENSG00000180900	
GTPBP8	1	ENSG00000163607	
GTPBP2	1	ENSG00000172432	
GTPBP1	1	ENSG00000100226	
GTPBP4	1	ENSG00000107937	
GTPBP3	1	ENSG00000130299	
ZC2HC1C	1	ENSG00000119703	
ZC2HC1A	1	ENSG00000104427	
PLEKHS1	1	ENSG00000148735	
MAP1B	1	ENSG00000131711	
MAP1A	1	ENSG00000166963	
CTBP2	1	ENSG00000175029	
XPA	1	ENSG00000136936	
NAIF1	1	ENSG00000171169	
RPS4Y1	1	ENSG00000129824	
PCDHA1	1	ENSG00000204970	
PCDHA5	1	ENSG00000204965	
HMOX1	1	ENSG00000100292	
GSG1L	1	ENSG00000169181	
PCDHA3	1	ENSG00000255408	
PCDHA2	1	ENSG00000204969	
PROM1	1	ENSG00000007062	
PCDHA9	1	ENSG00000204961	
PCDHA8	1	ENSG00000204962	
HMOX2	1	ENSG00000103415	
PCDHA7	1	ENSG00000204963	
PCDHA6	1	ENSG00000081842	
PROM2	1	ENSG00000155066	
BARD1	1	ENSG00000138376	
TPRG1	1	ENSG00000188001	
SETD1B	1	ENSG00000139718	
IRF2BP1	1	ENSG00000170604	
PCDHB2	1	ENSG00000112852	
PCDHB1	1	ENSG00000171815	
PCDHB6	1	ENSG00000113211	
PCDHB5	1	ENSG00000113209	
MMS19	1	ENSG00000155229	
PCDHB4	1	ENSG00000081818	
PCDHB3	1	ENSG00000113205	
PCDHB9	1	ENSG00000177839	
PCDHB7	1	ENSG00000113212	
KRI1	1	ENSG00000129347	
SPOUT1	1	ENSG00000198917	
TAF7L	1	ENSG00000102387	
PLEKHN1	1	ENSG00000187583	
TERF1	1	ENSG00000147601	
TERF2	1	ENSG00000132604	
FAM210B	1	ENSG00000124098	
FAM210A	1	ENSG00000177150	
TAF6L	1	ENSG00000162227	
NCOR1	1	ENSG00000141027	
AEBP2	1	ENSG00000139154	
PLEKHO1	1	ENSG00000023902	
PLEKHO2	1	ENSG00000241839	
CDC123	1	ENSG00000151465	
NDUFA4L2	1	ENSG00000185633	
SIAE	1	ENSG00000110013	
TAF9B	1	ENSG00000187325	
YTHDF1	1	ENSG00000149658	
YTHDF2	1	ENSG00000198492	
YTHDF3	1	ENSG00000185728	
CSNK1A1	1	ENSG00000113712	
ECEL1	1	ENSG00000171551	
SYNJ2BP	1	ENSG00000213463	
SMOC2	1	ENSG00000112562	
MKLN1	1	ENSG00000128585	
SMOC1	1	ENSG00000198732	
CYP20A1	1	ENSG00000119004	
NUCB1	1	ENSG00000104805	
TMEM39A	1	ENSG00000176142	
TMEM39B	1	ENSG00000121775	
SCRG1	1	ENSG00000164106	
NUCB2	1	ENSG00000070081	
CEP126	1	ENSG00000110318	
OXNAD1	1	ENSG00000154814	
MTFMT	1	ENSG00000103707	
PLXND1	1	ENSG00000004399	
PROS1	1	ENSG00000184500	
PRORP	1	ENSG00000100890	
CEP120	1	ENSG00000168944	
AUP1	1	ENSG00000115307	
VIRMA	1	ENSG00000164944	
FAM216B	1	ENSG00000179813	
CDC14B	1	ENSG00000081377	
CEP128	1	ENSG00000100629	
HID1	1	ENSG00000167861	
FAM216A	1	ENSG00000204856	
SALL1	1	ENSG00000103449	
SALL2	1	ENSG00000165821	
SALL3	1	ENSG00000256463	
SALL4	1	ENSG00000101115	
PHYHD1	1	ENSG00000175287	
PLXNC1	1	ENSG00000136040	
SNRNP35	1	ENSG00000184209	
TXNL4A	1	ENSG00000141759	
PCDHAC2	1	ENSG00000243232	
PLEKHJ1	1	ENSG00000104886	
PCDHAC1	1	ENSG00000248383	
TLE4	1	ENSG00000106829	
RARS2	1	ENSG00000146282	
CSNK1G3	1	ENSG00000151292	
TLE3	1	ENSG00000140332	
SUPT16H	1	ENSG00000092201	
SNRPN	1	ENSG00000128739	
TLE1	1	ENSG00000196781	
CEP135	1	ENSG00000174799	
RARS1	1	ENSG00000113643	
HARBI1	1	ENSG00000180423	
CEP131	1	ENSG00000141577	
PRP4K	1	ENSG00000112739	
SPICE1	1	ENSG00000163611	
VRK1	1	ENSG00000100749	
VRK2	1	ENSG00000028116	
VRK3	1	ENSG00000105053	
ILF2	1	ENSG00000143621	
TLE6	1	ENSG00000104953	
HIC1	1	ENSG00000177374	
TLE5	1	ENSG00000104964	
HIC2	1	ENSG00000169635	
ILF3	1	ENSG00000129351	
LTB4R2	1	ENSG00000213906	
SNRPG	1	ENSG00000143977	
SNRNP27	1	ENSG00000124380	
SNRPE	1	ENSG00000182004	
SNRPF	1	ENSG00000139343	
SNRNP25	1	ENSG00000161981	
SNRPC	1	ENSG00000124562	
CSNK1G2	1	ENSG00000133275	
SNRPA	1	ENSG00000077312	
SNRPB	1	ENSG00000125835	
CSNK1G1	1	ENSG00000169118	
CEP104	1	ENSG00000116198	
FAM114A1	1	ENSG00000197712	
FAM114A2	1	ENSG00000055147	
AEBP1	1	ENSG00000106624	
SCRT2	1	ENSG00000215397	
DDRGK1	1	ENSG00000198171	
PLXNA2	1	ENSG00000076356	
PLXNA1	1	ENSG00000114554	
PLXNA4	1	ENSG00000221866	
PLXNA3	1	ENSG00000130827	
EIF2B5	1	ENSG00000145191	
EIF2B4	1	ENSG00000115211	
CEP112	1	ENSG00000154240	
EIF2B3	1	ENSG00000070785	
EIF2B2	1	ENSG00000119718	
SEC16A	1	ENSG00000148396	
M6PR	1	ENSG00000003056	
EZHIP	1	ENSG00000187690	
SCRT1	1	ENSG00000261678	
GFAP	1	ENSG00000131095	
FAM217B	1	ENSG00000196227	
LRFN3	1	ENSG00000126243	
LRFN2	1	ENSG00000156564	
LRFN5	1	ENSG00000165379	
LRFN4	1	ENSG00000173621	
LRFN1	1	ENSG00000128011	
PLEKHM1	1	ENSG00000225190	
PLXNB3	1	ENSG00000198753	
PLXNB2	1	ENSG00000196576	
PLXNB1	1	ENSG00000164050	
PLEKHM3	1	ENSG00000178385	
PLEKHF2	1	ENSG00000175895	
PLEKHF1	1	ENSG00000166289	
CEP164	1	ENSG00000110274	
PIK3C2A	1	ENSG00000011405	
PIK3C2B	1	ENSG00000133056	
SCRN1	1	ENSG00000136193	
SNRNP70	1	ENSG00000104852	
IFNAR2-IL10RB	1	ENSG00000249624	
SCRN3	1	ENSG00000144306	
PIP5KL1	1	ENSG00000167103	
SCRN2	1	ENSG00000141295	
TLK2	1	ENSG00000146872	
TLK1	1	ENSG00000198586	
EIF2B1	1	ENSG00000111361	
PLEKHG3	1	ENSG00000126822	
RFC5	1	ENSG00000111445	
PLEKHG4	1	ENSG00000196155	
PLEKHG1	1	ENSG00000120278	
RFC3	1	ENSG00000133119	
PLEKHG2	1	ENSG00000090924	
RFC4	1	ENSG00000163918	
RFC1	1	ENSG00000035928	
CEMIP2	1	ENSG00000135048	
RFC2	1	ENSG00000049541	
PLEKHG5	1	ENSG00000171680	
PLEKHG6	1	ENSG00000008323	
FAM219B	1	ENSG00000178761	
FAM219A	1	ENSG00000164970	
SKIC8	1	ENSG00000140395	
CATSPERB	1	ENSG00000133962	
FOXD4L6	1	ENSG00000273514	
CATSPERE	1	ENSG00000179397	
SKIC2	1	ENSG00000204351	
SKIC3	1	ENSG00000198677	
CATSPERG	1	ENSG00000099338	
MTFR1	1	ENSG00000066855	
MTFR2	1	ENSG00000146410	
FOXD4L3	1	ENSG00000187559	
FOXD4L1	1	ENSG00000184492	
CATSPER1	1	ENSG00000175294	
PLEKHH2	1	ENSG00000152527	
CATSPER3	1	ENSG00000152705	
CATSPER2	1	ENSG00000166762	
PLEKHH3	1	ENSG00000068137	
MTFP1	1	ENSG00000242114	
SELENBP1	1	ENSG00000143416	
P2RY6	1	ENSG00000171631	
P2RY4	1	ENSG00000186912	
P2RY2	1	ENSG00000175591	
P2RY1	1	ENSG00000169860	
RFFL	1	ENSG00000092871	
PLEKHH1	1	ENSG00000054690	
SEC11A	1	ENSG00000140612	
PPIL1	1	ENSG00000137168	
PPIL2	1	ENSG00000100023	
ANGPT2	1	ENSG00000091879	
ANGPT1	1	ENSG00000154188	
KRR1	1	ENSG00000111615	
CEP152	1	ENSG00000103995	
TPRKB	1	ENSG00000144034	
GFER	1	ENSG00000127554	
P2RX7	1	ENSG00000089041	
P2RX6	1	ENSG00000099957	
P2RX5	1	ENSG00000083454	
SNRNP40	1	ENSG00000060688	
P2RX4	1	ENSG00000135124	
TAFA5	1	ENSG00000219438	
TAFA2	1	ENSG00000198673	
P2RX3	1	ENSG00000109991	
KIAA0586	1	ENSG00000100578	
TAFA3	1	ENSG00000184599	
P2RX1	1	ENSG00000108405	
TAFA1	1	ENSG00000183662	
CEP162	1	ENSG00000135315	
TLL2	1	ENSG00000095587	
SNRNP48	1	ENSG00000168566	
TLL1	1	ENSG00000038295	
PPIL3	1	ENSG00000240344	
PPIL4	1	ENSG00000131013	
PPIL6	1	ENSG00000185250	
GFI1	1	ENSG00000162676	
FCF1	1	ENSG00000119616	
RPL36AL	1	ENSG00000165502	
DZIP1L	1	ENSG00000158163	
CIAO2B	1	ENSG00000166595	
SIL1	1	ENSG00000120725	
IL15RA	1	ENSG00000134470	
KRT3	1	ENSG00000186442	
KRT8	1	ENSG00000170421	
KRT7	1	ENSG00000135480	
FLT3LG	1	ENSG00000090554	
DLEC1	1	ENSG00000008226	
KRT5	1	ENSG00000186081	
KRT9	1	ENSG00000171403	
SIK3	1	ENSG00000160584	
SIK1	1	ENSG00000142178	
TLN2	1	ENSG00000171914	
SIK2	1	ENSG00000170145	
TLN1	1	ENSG00000137076	
SPTBN4	1	ENSG00000160460	
SPTBN5	1	ENSG00000137877	
FUT10	1	ENSG00000172728	
FUT11	1	ENSG00000196968	
HTATSF1	1	ENSG00000102241	
TP53BP2	1	ENSG00000143514	
TP53BP1	1	ENSG00000067369	
CCR10	1	ENSG00000184451	
SETDB1	1	ENSG00000143379	
SETDB2	1	ENSG00000136169	
PYCR1	1	ENSG00000183010	
PYCR2	1	ENSG00000143811	
PYCR3	1	ENSG00000104524	
CCSER2	1	ENSG00000107771	
CCSER1	1	ENSG00000184305	
SIM1	1	ENSG00000112246	
SIM2	1	ENSG00000159263	
CD320	1	ENSG00000167775	
TOP2A	1	ENSG00000131747	
TOP2B	1	ENSG00000077097	
GFM1	1	ENSG00000168827	
HIP1	1	ENSG00000127946	
CITED1	1	ENSG00000125931	
GFM2	1	ENSG00000164347	
CITED4	1	ENSG00000179862	
LIMD1	1	ENSG00000144791	
LIMD2	1	ENSG00000136490	
SH3PXD2A	1	ENSG00000107957	
SH3PXD2B	1	ENSG00000174705	
SOSTDC1	1	ENSG00000171243	
TOP3B	1	ENSG00000100038	
PSENEN	1	ENSG00000205155	
IZUMO4	1	ENSG00000099840	
IZUMO1	1	ENSG00000182264	
CBFA2T2	1	ENSG00000078699	
CBFA2T3	1	ENSG00000129993	
LIME1	1	ENSG00000203896	
ALDH5A1	1	ENSG00000112294	
TLR7	1	ENSG00000196664	
TLR6	1	ENSG00000174130	
CD302	1	ENSG00000241399	
VGLL2	1	ENSG00000170162	
TLR4	1	ENSG00000136869	
VGLL4	1	ENSG00000144560	
TLR3	1	ENSG00000164342	
VGLL3	1	ENSG00000206538	
RFNG	1	ENSG00000169733	
PHYHIP	1	ENSG00000168490	
GUCY2F	1	ENSG00000101890	
LIMA1	1	ENSG00000050405	
KIAA0513	1	ENSG00000135709	
HIRA	1	ENSG00000100084	
APBB1	1	ENSG00000166313	
APBB3	1	ENSG00000113108	
MAPDA	1	ENSG00000168803	
SORBS2	1	ENSG00000154556	
SORBS1	1	ENSG00000095637	
SORBS3	1	ENSG00000120896	
APBA1	1	ENSG00000107282	
APBA3	1	ENSG00000011132	
APBA2	1	ENSG00000034053	
FCN2	1	ENSG00000160339	
FCN3	1	ENSG00000142748	
FCMR	1	ENSG00000162894	
HAPSTR2	1	ENSG00000230707	
RASEF	1	ENSG00000165105	
HAPSTR1	1	ENSG00000182831	
HOXA13	1	ENSG00000106031	
HOXA11	1	ENSG00000005073	
TATDN3	1	ENSG00000203705	
HOXA10	1	ENSG00000253293	
TATDN1	1	ENSG00000147687	
TATDN2	1	ENSG00000157014	
HCFC1R1	1	ENSG00000103145	
COTL1	1	ENSG00000103187	
TMEM38A	1	ENSG00000072954	
TMEM38B	1	ENSG00000095209	
MIGA2	1	ENSG00000148343	
H2AC6	1	ENSG00000180573	
ANXA13	1	ENSG00000104537	
SHISA5	1	ENSG00000164054	
ANXA11	1	ENSG00000122359	
NOSIP	1	ENSG00000142546	
SHISA4	1	ENSG00000198892	
ANXA10	1	ENSG00000109511	
SHISA3	1	ENSG00000178343	
PCDHA13	1	ENSG00000239389	
SHISA2	1	ENSG00000180730	
PCDHA12	1	ENSG00000251664	
PCDHA11	1	ENSG00000249158	
SHISA8	1	ENSG00000234965	
LZTFL1	1	ENSG00000163818	
SHISA7	1	ENSG00000187902	
PCDHA10	1	ENSG00000250120	
SHISA6	1	ENSG00000188803	
PRPF4	1	ENSG00000136875	
PACRGL	1	ENSG00000163138	
MYCN	1	ENSG00000134323	
PRPF6	1	ENSG00000101161	
FANCD2	1	ENSG00000144554	
PRPF3	1	ENSG00000117360	
RPS19BP1	1	ENSG00000187051	
EFNA5	1	ENSG00000184349	
PRPF8	1	ENSG00000174231	
EFNA4	1	ENSG00000243364	
EFNB2	1	ENSG00000125266	
EFNB1	1	ENSG00000090776	
TIMM23B	1	ENSG00000204152	
MYG1	1	ENSG00000139637	
EFNB3	1	ENSG00000108947	
POU2F1	1	ENSG00000143190	
POU2F2	1	ENSG00000028277	
EIF2S2	1	ENSG00000125977	
EIF2S1	1	ENSG00000134001	
POU2F3	1	ENSG00000137709	
EFNA1	1	ENSG00000169242	
EFNA3	1	ENSG00000143590	
EIF2S3	1	ENSG00000130741	
EFNA2	1	ENSG00000099617	
TLX2	1	ENSG00000115297	
PRPH2	1	ENSG00000112619	
TLX1	1	ENSG00000107807	
PI4KA	1	ENSG00000241973	
MAP6D1	1	ENSG00000180834	
DYNLRB2	1	ENSG00000168589	
DYNLRB1	1	ENSG00000125971	
PI4KB	1	ENSG00000143393	
TMEM35A	1	ENSG00000126950	
AVEN	1	ENSG00000169857	
TEKTIP1	1	ENSG00000183397	
MEGF10	1	ENSG00000145794	
MEGF11	1	ENSG00000157890	
MIDEAS	1	ENSG00000156030	
SIX1	1	ENSG00000126778	
IRF2BPL	1	ENSG00000119669	
SIX6	1	ENSG00000184302	
SIX4	1	ENSG00000100625	
SIX5	1	ENSG00000177045	
SIX2	1	ENSG00000170577	
SIX3	1	ENSG00000138083	
GFUS	1	ENSG00000104522	
AKTIP	1	ENSG00000166971	
MYH3	1	ENSG00000109063	
RASA3	1	ENSG00000185989	
RASA4	1	ENSG00000105808	
RASA1	1	ENSG00000145715	
RASA2	1	ENSG00000155903	
MYH9	1	ENSG00000100345	
COLEC12	1	ENSG00000158270	
COLEC11	1	ENSG00000118004	
COLEC10	1	ENSG00000184374	
BRAT1	1	ENSG00000106009	
CIART	1	ENSG00000159208	
RASD2	1	ENSG00000100302	
MAPK9	1	ENSG00000050748	
MAPK8	1	ENSG00000107643	
MAPK7	1	ENSG00000166484	
RASD1	1	ENSG00000108551	
MAPK1	1	ENSG00000100030	
MAPK6	1	ENSG00000069956	
MAPK4	1	ENSG00000141639	
MAPK3	1	ENSG00000102882	
TMEM30A	1	ENSG00000112697	
TMEM30B	1	ENSG00000182107	
LIMK2	1	ENSG00000182541	
QPCTL	1	ENSG00000011478	
LIMK1	1	ENSG00000106683	
ANXA2R	1	ENSG00000177721	
FCSK	1	ENSG00000157353	
TDRKH	1	ENSG00000182134	
AVIL	1	ENSG00000135407	
RAMACL	1	ENSG00000235272	
GHITM	1	ENSG00000165678	
FZD10	1	ENSG00000111432	
MYLK	1	ENSG00000065534	
LSM10	1	ENSG00000181817	
LSM12	1	ENSG00000161654	
LSM11	1	ENSG00000155858	
XYLB	1	ENSG00000093217	
RFX2	1	ENSG00000087903	
RFX3	1	ENSG00000080298	
RFX1	1	ENSG00000132005	
UPB1	1	ENSG00000100024	
MYL4	1	ENSG00000198336	
RIMOC1	1	ENSG00000205765	
MYL5	1	ENSG00000215375	
MYL6	1	ENSG00000092841	
RFX8	1	ENSG00000196460	
RFX7	1	ENSG00000181827	
RFX4	1	ENSG00000111783	
RFX5	1	ENSG00000143390	
MYL9	1	ENSG00000101335	
CFAP20DC	1	ENSG00000163689	
MYNN	1	ENSG00000085274	
GABARAP	1	ENSG00000170296	
CYB5R2	1	ENSG00000166394	
HSD11B1	1	ENSG00000117594	
CYB5R1	1	ENSG00000159348	
HSD11B2	1	ENSG00000176387	
CYB5R4	1	ENSG00000065615	
CYB5R3	1	ENSG00000100243	
MYO6	1	ENSG00000196586	
PRRT1	1	ENSG00000204314	
PRRT3	1	ENSG00000163704	
PRRT2	1	ENSG00000167371	
TMA7	1	ENSG00000232112	
SNUPN	1	ENSG00000169371	
IL22RA1	1	ENSG00000142677	
LYPD6B	1	ENSG00000150556	
NOSTRIN	1	ENSG00000163072	
CYB5RL	1	ENSG00000215883	
AVL9	1	ENSG00000105778	
PRRT4	1	ENSG00000224940	
JPH1	1	ENSG00000104369	
VSIR	1	ENSG00000107738	
MYPN	1	ENSG00000138347	
JPH4	1	ENSG00000092051	
JPH2	1	ENSG00000149596	
JPH3	1	ENSG00000154118	
B3GALT2	1	ENSG00000162630	
B3GALT1	1	ENSG00000172318	
UPF2	1	ENSG00000151461	
TMC1	1	ENSG00000165091	
MYOG	1	ENSG00000122180	
UPF1	1	ENSG00000005007	
MYOF	1	ENSG00000138119	
TMC8	1	ENSG00000167895	
TMC7	1	ENSG00000170537	
TMC6	1	ENSG00000141524	
TMC5	1	ENSG00000103534	
TMC4	1	ENSG00000167608	
CCSAP	1	ENSG00000154429	
MYOT	1	ENSG00000120729	
PELI1	1	ENSG00000197329	
TMF1	1	ENSG00000144747	
MYRF	1	ENSG00000124920	
PELI3	1	ENSG00000174516	
PELI2	1	ENSG00000139946	
AXDND1	1	ENSG00000162779	
MTNAP1	1	ENSG00000141219	
GGA3	1	ENSG00000125447	
TCOF1	1	ENSG00000070814	
GPA33	1	ENSG00000143167	
BRD10	1	ENSG00000183354	
RABAC1	1	ENSG00000105404	
ATRNL1	1	ENSG00000107518	
RPL22L1	1	ENSG00000163584	
UPK2	1	ENSG00000110375	
ZC3HAV1L	1	ENSG00000146858	
YY1	1	ENSG00000100811	
YY2	1	ENSG00000230797	
RUVBL1	1	ENSG00000175792	
TCP11	1	ENSG00000124678	
EPM2A	1	ENSG00000112425	
AGTPBP1	1	ENSG00000135049	
S100A2	1	ENSG00000196754	
S100A1	1	ENSG00000160678	
AFG2A	1	ENSG00000145375	
AFG2B	1	ENSG00000171763	
ZFP69B	1	ENSG00000187801	
OLFM4	1	ENSG00000102837	
STON1-GTF2A1L	1	ENSG00000068781	
FTSJ1	1	ENSG00000068438	
MYT1	1	ENSG00000196132	
FTSJ3	1	ENSG00000108592	
SAP30	1	ENSG00000164105	
FRMD3	1	ENSG00000172159	
OLFM1	1	ENSG00000130558	
FRMD5	1	ENSG00000171877	
OLFM2	1	ENSG00000105088	
OLFM3	1	ENSG00000118733	
TXLNA	1	ENSG00000084652	
FRMD6	1	ENSG00000139926	
MAPKAPK3	1	ENSG00000114738	
FRMD7	1	ENSG00000165694	
FRMD8	1	ENSG00000126391	
MAPKAPK2	1	ENSG00000162889	
S100A6	1	ENSG00000197956	
S100A4	1	ENSG00000196154	
S100A3	1	ENSG00000188015	
TACSTD2	1	ENSG00000184292	
UBFD1	1	ENSG00000103353	
LVRN	1	ENSG00000172901	
B3GALT4	1	ENSG00000235863	
B3GALT6	1	ENSG00000176022	
B3GALT5	1	ENSG00000183778	
B3GALT9	1	ENSG00000214654	
GGCT	1	ENSG00000006625	
TMIE	1	ENSG00000181585	
RGCC	1	ENSG00000102760	
GGCX	1	ENSG00000115486	
LRIT3	1	ENSG00000183423	
CRYBG2	1	ENSG00000176092	
CRYBG1	1	ENSG00000112297	
CRYBG3	1	ENSG00000080200	
EFCAB14	1	ENSG00000159658	
EFCAB13	1	ENSG00000178852	
EFCAB11	1	ENSG00000140025	
EFCAB10	1	ENSG00000185055	
FIRRM	1	ENSG00000000460	
PMEPA1	1	ENSG00000124225	
UPP1	1	ENSG00000183696	
ATP7A	1	ENSG00000165240	
DNM1L	1	ENSG00000087470	
EDIL3	1	ENSG00000164176	
PELP1	1	ENSG00000141456	
OVCH1	1	ENSG00000187950	
SIGMAR1	1	ENSG00000147955	
DDOST	1	ENSG00000244038	
QTRT1	1	ENSG00000213339	
PPM1A	1	ENSG00000100614	
NT5C3B	1	ENSG00000141698	
QTRT2	1	ENSG00000151576	
PPM1B	1	ENSG00000138032	
SNURF	1	ENSG00000273173	
SEC22B	1	ENSG00000265808	
SEC22A	1	ENSG00000121542	
SEC22C	1	ENSG00000093183	
SEC23A	1	ENSG00000100934	
FOCAD	1	ENSG00000188352	
PPM1L	1	ENSG00000163590	
PPM1M	1	ENSG00000164088	
PPM1H	1	ENSG00000111110	
AFG1L	1	ENSG00000135537	
PPM1J	1	ENSG00000155367	
PPM1K	1	ENSG00000163644	
BARX1	1	ENSG00000131668	
PPM1D	1	ENSG00000170836	
PPM1E	1	ENSG00000175175	
PPM1F	1	ENSG00000100034	
PPM1G	1	ENSG00000115241	
TP53INP2	1	ENSG00000078804	
TP53INP1	1	ENSG00000164938	
SAP18	1	ENSG00000150459	
ATP9B	1	ENSG00000166377	
SEC23B	1	ENSG00000101310	
ATP9A	1	ENSG00000054793	
MCOLN3	1	ENSG00000055732	
SEC24B	1	ENSG00000138802	
SEC24A	1	ENSG00000113615	
PRRX1	1	ENSG00000116132	
PRRX2	1	ENSG00000167157	
LYSMD2	1	ENSG00000140280	
IMMT	1	ENSG00000132305	
LYSMD1	1	ENSG00000163155	
LYSMD4	1	ENSG00000183060	
LYSMD3	1	ENSG00000176018	
TPD52L1	1	ENSG00000111907	
MCOLN1	1	ENSG00000090674	
TPD52L2	1	ENSG00000101150	
MCOLN2	1	ENSG00000153898	
ATOX1	1	ENSG00000177556	
CTCFL	1	ENSG00000124092	
TMLHE	1	ENSG00000185973	
NOVA1	1	ENSG00000139910	
DOP1B	1	ENSG00000142197	
DOP1A	1	ENSG00000083097	
NOVA2	1	ENSG00000104967	
NT5C1A	1	ENSG00000116981	
SEC24D	1	ENSG00000150961	
ALDH8A1	1	ENSG00000118514	
SEC24C	1	ENSG00000176986	
JPT1	1	ENSG00000189159	
TMEM41A	1	ENSG00000163900	
PLEKHB2	1	ENSG00000115762	
TMEM41B	1	ENSG00000166471	
JPT2	1	ENSG00000206053	
PLEKHB1	1	ENSG00000021300	
JMJD1C	1	ENSG00000171988	
CYB5D2	1	ENSG00000167740	
CYB5D1	1	ENSG00000182224	
RASSF1	1	ENSG00000068028	
RASSF2	1	ENSG00000101265	
RASSF4	1	ENSG00000107551	
RASSF5	1	ENSG00000266094	
RASSF6	1	ENSG00000169435	
IMP3	1	ENSG00000177971	
IMP4	1	ENSG00000136718	
C5orf15	1	ENSG00000113583	
CD2BP2	1	ENSG00000169217	
LORICRIN	1	ENSG00000203782	
UPRT	1	ENSG00000094841	
PLA1A	1	ENSG00000144837	
PLEKHD1	1	ENSG00000175985	
PCDH10	1	ENSG00000138650	
PCDH15	1	ENSG00000150275	
BRCC3	1	ENSG00000185515	
PCDH12	1	ENSG00000113555	
PCDH19	1	ENSG00000165194	
PCDH18	1	ENSG00000189184	
PCDH17	1	ENSG00000118946	
ZMPSTE24	1	ENSG00000084073	
C5orf24	1	ENSG00000181904	
C5orf22	1	ENSG00000082213	
OR7D2	1	ENSG00000188000	
SEC31B	1	ENSG00000075826	
PAG1	1	ENSG00000076641	
SEC31A	1	ENSG00000138674	
XRCC6	1	ENSG00000196419	
XRCC4	1	ENSG00000152422	
XRCC5	1	ENSG00000079246	
XRCC2	1	ENSG00000196584	
EAF1	1	ENSG00000144597	
XRCC3	1	ENSG00000126215	
RASSF7	1	ENSG00000099849	
EAF2	1	ENSG00000145088	
DCLK3	1	ENSG00000163673	
PNMA8A	1	ENSG00000182013	
DCLK2	1	ENSG00000170390	
RASSF8	1	ENSG00000123094	
XRCC1	1	ENSG00000073050	
RASSF9	1	ENSG00000198774	
DCLK1	1	ENSG00000133083	
PNMA8B	1	ENSG00000204851	
PNMA8C	1	ENSG00000277531	
ATOSB	1	ENSG00000005238	
ATOSA	1	ENSG00000047346	
C5orf34	1	ENSG00000172244	
PAEP	1	ENSG00000122133	
PAF1	1	ENSG00000006712	
CALM3	1	ENSG00000160014	
RGL3	1	ENSG00000205517	
RGL4	1	ENSG00000159496	
RGL1	1	ENSG00000143344	
CALM1	1	ENSG00000198668	
CALM2	1	ENSG00000143933	
KIAA0825	1	ENSG00000185261	
RGL2	1	ENSG00000237441	
OR7C1	1	ENSG00000127530	
VSX1	1	ENSG00000100987	
VSX2	1	ENSG00000119614	
INTS11	1	ENSG00000127054	
INTS12	1	ENSG00000138785	
INTS13	1	ENSG00000064102	
INTS14	1	ENSG00000138614	
GPAA1	1	ENSG00000197858	
INTS10	1	ENSG00000104613	
SECTM1	1	ENSG00000141574	
INTS15	1	ENSG00000146576	
C5orf46	1	ENSG00000178776	
C5orf47	1	ENSG00000185056	
ARIH2	1	ENSG00000177479	
QSOX1	1	ENSG00000116260	
QSOX2	1	ENSG00000165661	
ARIH1	1	ENSG00000166233	
NXPE3	1	ENSG00000144815	
VKORC1	1	ENSG00000167397	
GRIPAP1	1	ENSG00000068400	
NBPF3	1	ENSG00000142794	
NBPF8	1	ENSG00000270231	
NBPF9	1	ENSG00000269713	
ZFR	1	ENSG00000056097	
NXPE2	1	ENSG00000204361	
SORCS3	1	ENSG00000156395	
RGMB	1	ENSG00000174136	
ZFY	1	ENSG00000067646	
ZFX	1	ENSG00000005889	
NBPF1	1	ENSG00000219481	
RGMA	1	ENSG00000182175	
PNMA6A	1	ENSG00000235961	
MZB1	1	ENSG00000170476	
POPDC2	1	ENSG00000121577	
POPDC3	1	ENSG00000132429	
INPP1	1	ENSG00000151689	
ATP23	1	ENSG00000166896	
DERL3	1	ENSG00000099958	
CRYBA2	1	ENSG00000163499	
DERL1	1	ENSG00000136986	
TXLNG	1	ENSG00000086712	
DERL2	1	ENSG00000072849	
CRYBA1	1	ENSG00000108255	
CRYBA4	1	ENSG00000196431	
C5orf63	1	ENSG00000164241	
EXOSC7	1	ENSG00000075914	
EXOSC6	1	ENSG00000223496	
PAK1	1	ENSG00000149269	
EXOSC5	1	ENSG00000077348	
EXOSC4	1	ENSG00000178896	
EXOSC9	1	ENSG00000123737	
EXOSC8	1	ENSG00000120699	
PAK6	1	ENSG00000137843	
PAK3	1	ENSG00000077264	
EXOSC3	1	ENSG00000107371	
EXOSC2	1	ENSG00000130713	
PAK2	1	ENSG00000180370	
PAK5	1	ENSG00000101349	
EXOSC1	1	ENSG00000171311	
PAK4	1	ENSG00000130669	
PLEKHA1	1	ENSG00000107679	
PLEKHA2	1	ENSG00000169499	
CRYBB1	1	ENSG00000100122	
PLEKHA5	1	ENSG00000052126	
CRYBB3	1	ENSG00000100053	
CRYBB2	1	ENSG00000244752	
PLEKHA3	1	ENSG00000116095	
PLEKHA4	1	ENSG00000105559	
PLEKHA7	1	ENSG00000166689	
RGP1	1	ENSG00000107185	
DPY19L1	1	ENSG00000173852	
DPY19L2	1	ENSG00000177990	
DPY19L3	1	ENSG00000178904	
DPY19L4	1	ENSG00000156162	
STK17A	1	ENSG00000164543	
FHOD3	1	ENSG00000134775	
WWC1	1	ENSG00000113645	
FHOD1	1	ENSG00000135723	
WWC2	1	ENSG00000151718	
JADE1	1	ENSG00000077684	
KNDC1	1	ENSG00000171798	
JADE3	1	ENSG00000102221	
JADE2	1	ENSG00000043143	
RGS4	1	ENSG00000117152	
RGS5	1	ENSG00000143248	
RGS2	1	ENSG00000116741	
RGS3	1	ENSG00000138835	
RGS1	1	ENSG00000090104	
PPME1	1	ENSG00000214517	
KHSRP	1	ENSG00000088247	
PALM	1	ENSG00000099864	
WWC3	1	ENSG00000047644	
GGT1	1	ENSG00000100031	
ARID2	1	ENSG00000189079	
RGS8	1	ENSG00000135824	
RGS9	1	ENSG00000108370	
RGS6	1	ENSG00000182732	
RGS7	1	ENSG00000182901	
MAT1A	1	ENSG00000151224	
GPANK1	1	ENSG00000204438	
TMX4	1	ENSG00000125827	
CKLF-CMTM1	1	ENSG00000254788	
TMX3	1	ENSG00000166479	
TMX1	1	ENSG00000139921	
MASP2	1	ENSG00000009724	
MASP1	1	ENSG00000127241	
MZF1	1	ENSG00000099326	
PSMD10	1	ENSG00000101843	
PSMD12	1	ENSG00000197170	
CALCB	1	ENSG00000175868	
PSMD11	1	ENSG00000108671	
PSMD14	1	ENSG00000115233	
NXPH2	1	ENSG00000144227	
PSMD13	1	ENSG00000185627	
YTHDC1	1	ENSG00000083896	
NXPH3	1	ENSG00000182575	
YTHDC2	1	ENSG00000047188	
NXPH4	1	ENSG00000182379	
CCL3L3	1	ENSG00000276085	
CALD1	1	ENSG00000122786	
CYP11A1	1	ENSG00000140459	
NXPH1	1	ENSG00000122584	
GGT5	1	ENSG00000099998	
FDPS	1	ENSG00000160752	
GGT7	1	ENSG00000131067	
VTA1	1	ENSG00000009844	
CACFD1	1	ENSG00000160325	
CYRIB	1	ENSG00000153310	
CYRIA	1	ENSG00000197872	
PAN2	1	ENSG00000135473	
QDPR	1	ENSG00000151552	
TIMM10B	1	ENSG00000132286	
PAN3	1	ENSG00000152520	
PICALM	1	ENSG00000073921	
GSK3B	1	ENSG00000082701	
GSK3A	1	ENSG00000105723	
MAST4	1	ENSG00000069020	
CPXM2	1	ENSG00000121898	
MAST3	1	ENSG00000099308	
PRKCSH	1	ENSG00000130175	
MAST2	1	ENSG00000086015	
MAST1	1	ENSG00000105613	
DNAAF11	1	ENSG00000129295	
TRIAP1	1	ENSG00000170855	
TMEM191C	1	ENSG00000206140	
DNAAF10	1	ENSG00000243667	
CALB2	1	ENSG00000172137	
CALB1	1	ENSG00000104327	
MLST8	1	ENSG00000167965	
TIMM17A	1	ENSG00000134375	
TIMM17B	1	ENSG00000126768	
CPXM1	1	ENSG00000088882	
CYREN	1	ENSG00000122783	
HSDL2	1	ENSG00000119471	
HSDL1	1	ENSG00000103160	
MASTL	1	ENSG00000120539	
ZP1	1	ENSG00000149506	
ZP3	1	ENSG00000188372	
EAPP	1	ENSG00000129518	
PAOX	1	ENSG00000148832	
ZP4	1	ENSG00000116996	
TMEM45A	1	ENSG00000181458	
PARG	1	ENSG00000227345	
PARN	1	ENSG00000140694	
MAT2B	1	ENSG00000038274	
SAMHD1	1	ENSG00000101347	
AURKC	1	ENSG00000105146	
PARL	1	ENSG00000175193	
AURKB	1	ENSG00000178999	
AURKA	1	ENSG00000087586	
ATOH7	1	ENSG00000179774	
SH3TC2	1	ENSG00000169247	
MAT2A	1	ENSG00000168906	
SH3TC1	1	ENSG00000125089	
SMNDC1	1	ENSG00000119953	
ATOH1	1	ENSG00000172238	
CHURC1	1	ENSG00000258289	
CYP24A1	1	ENSG00000019186	
R3HDM4	1	ENSG00000198858	
R3HDM2	1	ENSG00000179912	
CNTFR	1	ENSG00000122756	
PATJ	1	ENSG00000132849	
SOX21	1	ENSG00000125285	
HOXA9	1	ENSG00000078399	
SOX17	1	ENSG00000164736	
SOX18	1	ENSG00000203883	
SOX15	1	ENSG00000129194	
HOXA3	1	ENSG00000105997	
FDXR	1	ENSG00000161513	
HOXA2	1	ENSG00000105996	
HOXA1	1	ENSG00000105991	
HOXA7	1	ENSG00000122592	
HOXA6	1	ENSG00000106006	
HOXA5	1	ENSG00000106004	
UNC13B	1	ENSG00000198722	
UNC13C	1	ENSG00000137766	
UNC13A	1	ENSG00000130477	
SYTL1	1	ENSG00000142765	
SOX13	1	ENSG00000143842	
LGALS14	1	ENSG00000006659	
SOX14	1	ENSG00000168875	
SOX11	1	ENSG00000176887	
SOX12	1	ENSG00000177732	
PASK	1	ENSG00000115687	
SYTL5	1	ENSG00000147041	
SOX10	1	ENSG00000100146	
SYTL4	1	ENSG00000102362	
SYTL3	1	ENSG00000164674	
UNC13D	1	ENSG00000092929	
SYTL2	1	ENSG00000137501	
HOXB9	1	ENSG00000170689	
PRR19	1	ENSG00000188368	
LGALS12	1	ENSG00000133317	
FDX1	1	ENSG00000137714	
PRR16	1	ENSG00000184838	
FDX2	1	ENSG00000267673	
HOXB4	1	ENSG00000182742	
HOXB3	1	ENSG00000120093	
PRR15	1	ENSG00000176532	
HOXB2	1	ENSG00000173917	
PRR18	1	ENSG00000176381	
PRR12	1	ENSG00000126464	
HOXB8	1	ENSG00000120068	
PRR11	1	ENSG00000068489	
HOXB7	1	ENSG00000260027	
LINS1	1	ENSG00000140471	
PRR14	1	ENSG00000156858	
HOXB6	1	ENSG00000108511	
PRR13	1	ENSG00000205352	
HOXB5	1	ENSG00000120075	
CDC42SE1	1	ENSG00000197622	
HOXD1	1	ENSG00000128645	
ENDOD1	1	ENSG00000149218	
SNU13	1	ENSG00000100138	
SKA3	1	ENSG00000165480	
HIF1A	1	ENSG00000100644	
SKA1	1	ENSG00000154839	
SKA2	1	ENSG00000182628	
POU5F1B	1	ENSG00000212993	
HOXC5	1	ENSG00000172789	
HOXC4	1	ENSG00000198353	
PRR29	1	ENSG00000224383	
HOXC9	1	ENSG00000180806	
RREB1	1	ENSG00000124782	
KIAA0319L	1	ENSG00000142687	
HOXC8	1	ENSG00000037965	
PRR22	1	ENSG00000212123	
NXNL2	1	ENSG00000130045	
HOXC6	1	ENSG00000197757	
PRR32	1	ENSG00000183631	
MAD2L1BP	1	ENSG00000124688	
MTHFR	1	ENSG00000177000	
MTHFS	1	ENSG00000136371	
INO80	1	ENSG00000128908	
SOX30	1	ENSG00000039600	
GLUD1	1	ENSG00000148672	
GLUD2	1	ENSG00000182890	
UNC119	1	ENSG00000109103	
TNFSF9	1	ENSG00000125657	
HOXD4	1	ENSG00000170166	
HOXD3	1	ENSG00000128652	
HOXD9	1	ENSG00000128709	
PRR36	1	ENSG00000183248	
HOXD8	1	ENSG00000175879	
CDC42SE2	1	ENSG00000158985	
TINAGL1	1	ENSG00000142910	
HIF3A	1	ENSG00000124440	
CYB561D1	1	ENSG00000174151	
CYB561D2	1	ENSG00000114395	
ING4	1	ENSG00000111653	
ING5	1	ENSG00000168395	
ING2	1	ENSG00000168556	
ING3	1	ENSG00000071243	
SANBR	1	ENSG00000162929	
BATF2	1	ENSG00000168062	
CNTD1	1	ENSG00000176563	
BATF3	1	ENSG00000123685	
HSBP1	1	ENSG00000230989	
TNNC1	1	ENSG00000114854	
TNNC2	1	ENSG00000101470	
PAX3	1	ENSG00000135903	
PAWR	1	ENSG00000177425	
PAX6	1	ENSG00000007372	
PAX5	1	ENSG00000196092	
PAX2	1	ENSG00000075891	
PAX1	1	ENSG00000125813	
INF2	1	ENSG00000203485	
PAX8	1	ENSG00000125618	
PAX9	1	ENSG00000198807	
CTDP1	1	ENSG00000060069	
AHNAK	1	ENSG00000124942	
TM9SF4	1	ENSG00000101337	
TM9SF3	1	ENSG00000077147	
RHBG	1	ENSG00000132677	
LGALS7B	1	ENSG00000178934	
ADAT1	1	ENSG00000065457	
WWP1	1	ENSG00000123124	
WWP2	1	ENSG00000198373	
MZT1	1	ENSG00000204899	
ADAT3	1	ENSG00000213638	
KTN1	1	ENSG00000126777	
ADAT2	1	ENSG00000189007	
TM9SF2	1	ENSG00000125304	
TM9SF1	1	ENSG00000100926	
STING1	1	ENSG00000184584	
ZYX	1	ENSG00000159840	
NOTUM	1	ENSG00000185269	
INHA	1	ENSG00000123999	
CYB561	1	ENSG00000008283	
TOR2A	1	ENSG00000160404	
CLSTN2	1	ENSG00000158258	
CLSTN3	1	ENSG00000139182	
CLSTN1	1	ENSG00000171603	
RTKN2	1	ENSG00000182010	
BZW2	1	ENSG00000136261	
BZW1	1	ENSG00000082153	
PYCARD	1	ENSG00000103490	
TUBB6	1	ENSG00000176014	
TUBB3	1	ENSG00000258947	
TUBB1	1	ENSG00000101162	
SMARCAD1	1	ENSG00000163104	
STK32A	1	ENSG00000169302	
STK32B	1	ENSG00000152953	
STK32C	1	ENSG00000165752	
TOR3A	1	ENSG00000186283	
CYB561A3	1	ENSG00000162144	
INIP	1	ENSG00000148153	
RALGAPB	1	ENSG00000170471	
ADAM9	1	ENSG00000168615	
ADAM8	1	ENSG00000151651	
TNIK	1	ENSG00000154310	
RHCG	1	ENSG00000140519	
RHCE	1	ENSG00000188672	
INTS6L	1	ENSG00000165359	
METTL2B	1	ENSG00000165055	
DNMT1	1	ENSG00000130816	
MINDY3	1	ENSG00000148481	
MINDY4	1	ENSG00000106125	
RTL10	1	ENSG00000215012	
FECH	1	ENSG00000066926	
MINDY2	1	ENSG00000128923	
METTL2A	1	ENSG00000087995	
ITPRIPL2	1	ENSG00000205730	
ITPRIPL1	1	ENSG00000198885	
PITRM1	1	ENSG00000107959	
SKIL	1	ENSG00000136603	
ADISSP	1	ENSG00000101220	
TOR1A	1	ENSG00000136827	
TNK2	1	ENSG00000061938	
TNK1	1	ENSG00000174292	
TOR1B	1	ENSG00000136816	
ADAP1	1	ENSG00000105963	
RHEB	1	ENSG00000106615	
SERINC1	1	ENSG00000111897	
SERINC3	1	ENSG00000132824	
SERINC2	1	ENSG00000168528	
TUBA8	1	ENSG00000183785	
SERINC4	1	ENSG00000184716	
DAGLA	1	ENSG00000134780	
SCPEP1	1	ENSG00000121064	
METTL14	1	ENSG00000145388	
METTL13	1	ENSG00000010165	
METTL16	1	ENSG00000127804	
METTL15	1	ENSG00000169519	
METTL18	1	ENSG00000171806	
METTL17	1	ENSG00000165792	
ELAC2	1	ENSG00000006744	
ELAC1	1	ENSG00000141642	
ARK2N	1	ENSG00000152242	
INMT	1	ENSG00000241644	
METTL23	1	ENSG00000181038	
METTL22	1	ENSG00000067365	
ARK2C	1	ENSG00000141622	
DMRTA2	1	ENSG00000142700	
METTL25	1	ENSG00000127720	
METTL24	1	ENSG00000053328	
TNMD	1	ENSG00000000005	
DMRTA1	1	ENSG00000176399	
TESMIN	1	ENSG00000132749	
DAGLB	1	ENSG00000164535	
METTL27	1	ENSG00000165171	
METTL26	1	ENSG00000130731	
PRR5L	1	ENSG00000135362	
CHADL	1	ENSG00000100399	
P2RX5-TAX1BP3	1	ENSG00000257950	
TNNI2	1	ENSG00000130598	
ETFRF1	1	ENSG00000205707	
CTNNAL1	1	ENSG00000119326	
TP53RK	1	ENSG00000172315	
HSF2BP	1	ENSG00000160207	
ANTXR2	1	ENSG00000163297	
ANTXR1	1	ENSG00000169604	
CCT6B	1	ENSG00000132141	
SAP130	1	ENSG00000136715	
INSC	1	ENSG00000188487	
C6orf226	1	ENSG00000221821	
CHAC2	1	ENSG00000143942	
CHAC1	1	ENSG00000128965	
SKP2	1	ENSG00000145604	
TNS3	1	ENSG00000136205	
TNS2	1	ENSG00000111077	
TNS1	1	ENSG00000079308	
SKP1	1	ENSG00000113558	
SACM1L	1	ENSG00000211456	
NFKBIL1	1	ENSG00000204498	
EBF2	1	ENSG00000221818	
EBF3	1	ENSG00000108001	
EBF4	1	ENSG00000088881	
RUNX3	1	ENSG00000020633	
RUNX2	1	ENSG00000124813	
MARF1	1	ENSG00000166783	
ALDH7A1	1	ENSG00000164904	
RWDD2B	1	ENSG00000156253	
RWDD2A	1	ENSG00000013392	
INTU	1	ENSG00000164066	
EBI3	1	ENSG00000105246	
RFPL4A	1	ENSG00000223638	
RFPL4B	1	ENSG00000251258	
GSTT2B	1	ENSG00000133433	
TMEM50A	1	ENSG00000183726	
TMEM50B	1	ENSG00000142188	
INSR	1	ENSG00000171105	
SENP3-EIF4A1	1	ENSG00000277957	
AMMECR1	1	ENSG00000101935	
CIDEB	1	ENSG00000136305	
NOTCH2NLA	1	ENSG00000264343	
CIDEC	1	ENSG00000187288	
NOTCH2NLC	1	ENSG00000286219	
CCT6A	1	ENSG00000146731	
MARCO	1	ENSG00000019169	
RTL8A	1	ENSG00000203950	
RTL8B	1	ENSG00000212747	
RTL8C	1	ENSG00000134590	
NOTCH2NLR	1	ENSG00000286106	
INVS	1	ENSG00000119509	
HBS1L	1	ENSG00000112339	
FEN1	1	ENSG00000168496	
EPB41L4B	1	ENSG00000095203	
EPB41L4A	1	ENSG00000129595	
UCHL1	1	ENSG00000154277	
CAMKV	1	ENSG00000164076	
PCF11	1	ENSG00000165494	
NKIRAS1	1	ENSG00000197885	
NKIRAS2	1	ENSG00000168256	
CAMLG	1	ENSG00000164615	
RHOG	1	ENSG00000177105	
RHOH	1	ENSG00000168421	
IL17RE	1	ENSG00000163701	
TUBG2	1	ENSG00000037042	
RHOF	1	ENSG00000139725	
IL17RD	1	ENSG00000144730	
RHOC	1	ENSG00000155366	
TUBG1	1	ENSG00000131462	
IL17RC	1	ENSG00000163702	
RHOD	1	ENSG00000173156	
UCHL5	1	ENSG00000116750	
RHOA	1	ENSG00000067560	
IL17RB	1	ENSG00000056736	
IL17RA	1	ENSG00000177663	
RHOB	1	ENSG00000143878	
TNNT1	1	ENSG00000105048	
MMP23B	1	ENSG00000189409	
RHOJ	1	ENSG00000126785	
RHOU	1	ENSG00000116574	
RHOV	1	ENSG00000104140	
RHOQ	1	ENSG00000119729	
OPRD1	1	ENSG00000116329	
TOR4A	1	ENSG00000198113	
PBLD	1	ENSG00000108187	
KIAA0753	1	ENSG00000198920	
TBL1X	1	ENSG00000101849	
RANBP2	1	ENSG00000153201	
RANBP3	1	ENSG00000031823	
RANBP9	1	ENSG00000010017	
TUBE1	1	ENSG00000074935	
RANBP6	1	ENSG00000137040	
RSL1D1	1	ENSG00000171490	
CAMK4	1	ENSG00000152495	
R3HCC1	1	ENSG00000104679	
B9D1	1	ENSG00000108641	
GHRL	1	ENSG00000157017	
CAMK1	1	ENSG00000134072	
B9D2	1	ENSG00000123810	
STEAP3	1	ENSG00000115107	
STEAP4	1	ENSG00000127954	
GOLT1B	1	ENSG00000111711	
GOLT1A	1	ENSG00000174567	
NPY2R	1	ENSG00000185149	
ARHGAP39	1	ENSG00000147799	
SSC4D	1	ENSG00000146700	
NALF2	1	ENSG00000130054	
ARHGAP36	1	ENSG00000147256	
NALF1	1	ENSG00000204442	
ARHGAP35	1	ENSG00000160007	
ARHGAP44	1	ENSG00000006740	
ARHGAP42	1	ENSG00000165895	
ARHGAP40	1	ENSG00000124143	
BASP1	1	ENSG00000176788	
AK4P3	1	ENSG00000233381	
PDIA3	1	ENSG00000167004	
PDIA2	1	ENSG00000185615	
NPY1R	1	ENSG00000164128	
PDIA6	1	ENSG00000143870	
PDIA5	1	ENSG00000065485	
PDIA4	1	ENSG00000155660	
ARHGAP45	1	ENSG00000180448	
CMPK1	1	ENSG00000162368	
CMPK2	1	ENSG00000134326	
LRIF1	1	ENSG00000121931	
STEAP1	1	ENSG00000164647	
STEAP2	1	ENSG00000157214	
BTF3L4	1	ENSG00000134717	
TMEM59L	1	ENSG00000105696	
ARHGAP19	1	ENSG00000213390	
ARHGAP18	1	ENSG00000146376	
ARHGAP17	1	ENSG00000140750	
SEZ6L2	1	ENSG00000174938	
ARHGAP15	1	ENSG00000075884	
NALCN	1	ENSG00000102452	
ARHGAP12	1	ENSG00000165322	
ARHGAP22	1	ENSG00000128805	
ARHGAP21	1	ENSG00000107863	
ARHGAP20	1	ENSG00000137727	
MAN2A1	1	ENSG00000112893	
MARK4	1	ENSG00000007047	
MARK3	1	ENSG00000075413	
MARK1	1	ENSG00000116141	
ALYREF	1	ENSG00000183684	
TDRD9	1	ENSG00000156414	
ASPSCR1	1	ENSG00000169696	
ARHGAP29	1	ENSG00000137962	
A2ML1	1	ENSG00000166535	
SSC5D	1	ENSG00000179954	
ARHGAP28	1	ENSG00000088756	
TDRD7	1	ENSG00000196116	
TDRD6	1	ENSG00000180113	
ARHGAP27	1	ENSG00000159314	
ARHGAP26	1	ENSG00000145819	
ARHGAP25	1	ENSG00000163219	
ARHGAP24	1	ENSG00000138639	
TDRD3	1	ENSG00000083544	
NMRAL1	1	ENSG00000153406	
ARHGAP23	1	ENSG00000275832	
ARHGAP33	1	ENSG00000004777	
ARHGAP32	1	ENSG00000134909	
ARHGAP31	1	ENSG00000031081	
DNMBP	1	ENSG00000107554	
ARHGAP30	1	ENSG00000186517	
TP53I3	1	ENSG00000115129	
MAN2B2	1	ENSG00000013288	
EBPL	1	ENSG00000123179	
ULBP2	1	ENSG00000131015	
ULBP1	1	ENSG00000111981	
ULBP3	1	ENSG00000131019	
MADCAM1	1	ENSG00000099866	
MAN2C1	1	ENSG00000140400	
NPY5R	1	ENSG00000164129	
DESI1	1	ENSG00000100418	
DESI2	1	ENSG00000121644	
MARS2	1	ENSG00000247626	
MARS1	1	ENSG00000166986	
URB2	1	ENSG00000135763	
OPRM1	1	ENSG00000112038	
URB1	1	ENSG00000142207	
ARHGAP10	1	ENSG00000071205	
ITGB1BP1	1	ENSG00000119185	
ITGB1BP2	1	ENSG00000147166	
OPRL1	1	ENSG00000125510	
MOSPD2	1	ENSG00000130150	
MOSPD1	1	ENSG00000101928	
MTIF2	1	ENSG00000085760	
MTIF3	1	ENSG00000122033	
MOSPD3	1	ENSG00000106330	
TOB1	1	ENSG00000141232	
PRRG4	1	ENSG00000135378	
PRRG3	1	ENSG00000130032	
NT5DC1	1	ENSG00000178425	
NT5DC4	1	ENSG00000144130	
NT5DC2	1	ENSG00000168268	
PRRG2	1	ENSG00000126460	
NT5DC3	1	ENSG00000111696	
LRIG1	1	ENSG00000144749	
LRIG3	1	ENSG00000139263	
LRIG2	1	ENSG00000198799	
OPRK1	1	ENSG00000082556	
SHCBP1	1	ENSG00000171241	
PIKFYVE	1	ENSG00000115020	
GNPDA1	1	ENSG00000113552	
GNPDA2	1	ENSG00000163281	
SSBP1	1	ENSG00000106028	
SSBP2	1	ENSG00000145687	
SSBP3	1	ENSG00000157216	
SSBP4	1	ENSG00000130511	
NUP107	1	ENSG00000111581	
PWWP2B	1	ENSG00000171813	
TEX46	1	ENSG00000227868	
SPINT2	1	ENSG00000167642	
SLA2	1	ENSG00000101082	
ALKBH7	1	ENSG00000125652	
ALKBH6	1	ENSG00000239382	
ALKBH8	1	ENSG00000137760	
ALKBH3	1	ENSG00000166199	
ALKBH2	1	ENSG00000189046	
ALKBH5	1	ENSG00000091542	
ALKBH4	1	ENSG00000160993	
DPYSL4	1	ENSG00000151640	
DPYSL5	1	ENSG00000157851	
DPYSL2	1	ENSG00000092964	
ALKBH1	1	ENSG00000100601	
GPBP1	1	ENSG00000062194	
FGFR1OP2	1	ENSG00000111790	
DPYSL3	1	ENSG00000113657	
PWWP2A	1	ENSG00000170234	
VSTM1	1	ENSG00000189068	
VSTM4	1	ENSG00000165633	
VSTM5	1	ENSG00000214376	
FNBP4	1	ENSG00000109920	
SAP30BP	1	ENSG00000161526	
FNBP1	1	ENSG00000187239	
CACNA2D1	1	ENSG00000153956	
CACNA2D2	1	ENSG00000007402	
CACNA2D4	1	ENSG00000151062	
ABITRAM	1	ENSG00000119328	
SPINT1	1	ENSG00000166145	
ASPHD1	1	ENSG00000174939	
FEZ1	1	ENSG00000149557	
FEZ2	1	ENSG00000171055	
TCEANC2	1	ENSG00000116205	
PLBD1	1	ENSG00000121316	
TXNIP	1	ENSG00000265972	
ASPHD2	1	ENSG00000128203	
CLOCK	1	ENSG00000134852	
PLBD2	1	ENSG00000151176	
SLBP	1	ENSG00000163950	
URI1	1	ENSG00000105176	
SAR1B	1	ENSG00000152700	
TEX22	1	ENSG00000226174	
ZC3HAV1	1	ENSG00000105939	
TEX26	1	ENSG00000175664	
TEX29	1	ENSG00000153495	
PRPSAP1	1	ENSG00000161542	
PRPSAP2	1	ENSG00000141127	
HLCS	1	ENSG00000159267	
ATRIP	1	ENSG00000164053	
TOE1	1	ENSG00000132773	
CREBBP	1	ENSG00000005339	
TEX30	1	ENSG00000151287	
BTBD17	1	ENSG00000204347	
NCAPH2	1	ENSG00000025770	
BTBD16	1	ENSG00000138152	
PBX3	1	ENSG00000167081	
PBX2	1	ENSG00000204304	
TEX36	1	ENSG00000175018	
PBX4	1	ENSG00000105717	
TEX38	1	ENSG00000186118	
BTBD10	1	ENSG00000148925	
PBX1	1	ENSG00000185630	
AIRIM	1	ENSG00000116922	
NCAPG2	1	ENSG00000146918	
SNX12	1	ENSG00000147164	
SNX13	1	ENSG00000071189	
SNX10	1	ENSG00000086300	
SNX11	1	ENSG00000002919	
JRKL	1	ENSG00000183340	
IL18BP	1	ENSG00000137496	
CASP12	1	ENSG00000204403	
CASP10	1	ENSG00000003400	
SLC18A1	1	ENSG00000036565	
SLC18A2	1	ENSG00000165646	
SLC18A3	1	ENSG00000187714	
RING1	1	ENSG00000204227	
CHD9NB	1	ENSG00000277639	
TEX10	1	ENSG00000136891	
TEX11	1	ENSG00000120498	
TEX14	1	ENSG00000121101	
TEX15	1	ENSG00000133863	
TEX19	1	ENSG00000182459	
PLSCR1	1	ENSG00000188313	
PLSCR3	1	ENSG00000187838	
PLSCR4	1	ENSG00000114698	
SLC18B1	1	ENSG00000146409	
PAFAH1B3	1	ENSG00000079462	
PAFAH1B2	1	ENSG00000168092	
ECHS1	1	ENSG00000127884	
URM1	1	ENSG00000167118	
SNX32	1	ENSG00000172803	
SNX33	1	ENSG00000173548	
SNX30	1	ENSG00000148158	
SNX31	1	ENSG00000174226	
SNX29	1	ENSG00000048471	
RIDA	1	ENSG00000132541	
SNX27	1	ENSG00000143376	
SNX25	1	ENSG00000109762	
RIC3	1	ENSG00000166405	
CASP8AP2	1	ENSG00000118412	
SLF1	1	ENSG00000133302	
SLF2	1	ENSG00000119906	
RIC1	1	ENSG00000107036	
SNX24	1	ENSG00000064652	
APEX2	1	ENSG00000169188	
SNX21	1	ENSG00000124104	
SNX22	1	ENSG00000157734	
SNX18	1	ENSG00000178996	
SNX19	1	ENSG00000120451	
GID4	1	ENSG00000141034	
SNX16	1	ENSG00000104497	
MYBBP1A	1	ENSG00000132382	
SNX17	1	ENSG00000115234	
SHKBP1	1	ENSG00000160410	
SNX14	1	ENSG00000135317	
APEX1	1	ENSG00000100823	
SNX15	1	ENSG00000110025	
GID8	1	ENSG00000101193	
PWWP3A	1	ENSG00000160953	
PWWP3B	1	ENSG00000157502	
NCAPD2	1	ENSG00000010292	
CIAPIN1	1	ENSG00000005194	
NCAPD3	1	ENSG00000151503	
LY6K	1	ENSG00000160886	
ALDH1L1	1	ENSG00000144908	
RIF1	1	ENSG00000080345	
TMEM167B	1	ENSG00000215717	
TMEM167A	1	ENSG00000174695	
LY75	1	ENSG00000054219	
ALDH1L2	1	ENSG00000136010	
LAPTM4B	1	ENSG00000104341	
LAPTM4A	1	ENSG00000068697	
UROD	1	ENSG00000126088	
TOM1	1	ENSG00000100284	
EIF2S3B	1	ENSG00000180574	
CTNNBIP1	1	ENSG00000178585	
SDCBP2	1	ENSG00000125775	
RINT1	1	ENSG00000135249	
LY6H	1	ENSG00000176956	
ARL8A	1	ENSG00000143862	
ARL8B	1	ENSG00000134108	
LY6E	1	ENSG00000160932	
GRIA1	1	ENSG00000155511	
GRIA2	1	ENSG00000120251	
LY96	1	ENSG00000154589	
CREBL2	1	ENSG00000111269	
PKMYT1	1	ENSG00000127564	
AMDHD1	1	ENSG00000139344	
AMDHD2	1	ENSG00000162066	
TNFRSF14	1	ENSG00000157873	
IP6K1	1	ENSG00000176095	
GRIA3	1	ENSG00000125675	
SAC3D1	1	ENSG00000168061	
IP6K3	1	ENSG00000161896	
IP6K2	1	ENSG00000068745	
GRIA4	1	ENSG00000152578	
UCKL1	1	ENSG00000198276	
NOXA1	1	ENSG00000188747	
ZNF892	1	ENSG00000233757	
TRIM71	1	ENSG00000206557	
ZNF891	1	ENSG00000214029	
TRIM73	1	ENSG00000178809	
TRIM74	1	ENSG00000155428	
ECE1	1	ENSG00000117298	
ECE2	1	ENSG00000145194	
KIAA1549	1	ENSG00000122778	
ARL5B	1	ENSG00000165997	
TRIM68	1	ENSG00000167333	
ZNF888	1	ENSG00000213793	
PIERCE2	1	ENSG00000261652	
ARL5A	1	ENSG00000162980	
TRIM65	1	ENSG00000141569	
TRIM66	1	ENSG00000166436	
ZNF883	1	ENSG00000228623	
TRIM67	1	ENSG00000119283	
PIERCE1	1	ENSG00000160345	
ZNF880	1	ENSG00000221923	
TRIM62	1	ENSG00000116525	
GRID2	1	ENSG00000152208	
TRIM63	1	ENSG00000158022	
GRID1	1	ENSG00000182771	
TNFRSF18	1	ENSG00000186891	
TNFRSF19	1	ENSG00000127863	
TNFRSF1B	1	ENSG00000028137	
ARFGAP3	1	ENSG00000242247	
ARFGAP1	1	ENSG00000101199	
ARFGAP2	1	ENSG00000149182	
TNFRSF1A	1	ENSG00000067182	
ARL4C	1	ENSG00000188042	
ARL4D	1	ENSG00000175906	
ARL4A	1	ENSG00000122644	
PCCA	1	ENSG00000175198	
PCCB	1	ENSG00000114054	
ZNF879	1	ENSG00000234284	
ZNF878	1	ENSG00000257446	
TRIM58	1	ENSG00000162722	
TNFRSF25	1	ENSG00000215788	
TRIM59	1	ENSG00000213186	
ZNF875	1	ENSG00000181666	
TOP1	1	ENSG00000198900	
TRIM54	1	ENSG00000138100	
DCTPP1	1	ENSG00000179958	
TRIM55	1	ENSG00000147573	
TNFRSF21	1	ENSG00000146072	
TRIM56	1	ENSG00000169871	
CANT1	1	ENSG00000171302	
TRIM52	1	ENSG00000183718	
CARNMT1	1	ENSG00000156017	
SRBD1	1	ENSG00000068784	
TRIM46	1	ENSG00000163462	
UBQLN1	1	ENSG00000135018	
TRIM47	1	ENSG00000132481	
TRIM48	1	ENSG00000150244	
TRIM49	1	ENSG00000168930	
RILP	1	ENSG00000167705	
ZNF862	1	ENSG00000106479	
UBQLN4	1	ENSG00000160803	
TRIM44	1	ENSG00000166326	
TRIM45	1	ENSG00000134253	
UBQLN2	1	ENSG00000188021	
ZNF860	1	ENSG00000197385	
TRIM41	1	ENSG00000146063	
TXNL1	1	ENSG00000091164	
CABLES1	1	ENSG00000134508	
KIAA0232	1	ENSG00000170871	
TM6SF1	1	ENSG00000136404	
EFR3B	1	ENSG00000084710	
CABLES2	1	ENSG00000149679	
TM6SF2	1	ENSG00000213996	
HCRTR1	1	ENSG00000121764	
DBNDD1	1	ENSG00000003249	
DBNDD2	1	ENSG00000244274	
TRIM39	1	ENSG00000204599	
UBQLNL	1	ENSG00000175518	
TRIM35	1	ENSG00000104228	
TRIM36	1	ENSG00000152503	
TRIM37	1	ENSG00000108395	
TRIM38	1	ENSG00000112343	
ZNF853	1	ENSG00000236609	
TRIM32	1	ENSG00000119401	
TRIM33	1	ENSG00000197323	
ZNF850	1	ENSG00000267041	
C16orf82	1	ENSG00000234186	
THSD7B	1	ENSG00000144229	
RFESD	1	ENSG00000175449	
ECI1	1	ENSG00000167969	
ECI2	1	ENSG00000198721	
MTFR1L	1	ENSG00000117640	
C16orf89	1	ENSG00000153446	
C16orf87	1	ENSG00000155330	
C16orf86	1	ENSG00000159761	
EFR3A	1	ENSG00000132294	
RINL	1	ENSG00000187994	
TRIM28	1	ENSG00000130726	
TRIM29	1	ENSG00000137699	
TRIM24	1	ENSG00000122779	
TRIM25	1	ENSG00000121060	
TRIM26	1	ENSG00000234127	
THSD7A	1	ENSG00000005108	
TRIM27	1	ENSG00000204713	
TRIM21	1	ENSG00000132109	
TRIM22	1	ENSG00000132274	
TP63	1	ENSG00000073282	
TRIM23	1	ENSG00000113595	
ARL10	1	ENSG00000175414	
ARL11	1	ENSG00000152213	
GIN1	1	ENSG00000145723	
ARL15	1	ENSG00000185305	
ECH1	1	ENSG00000104823	
TMEM170B	1	ENSG00000205269	
TMEM170A	1	ENSG00000166822	
C16orf74	1	ENSG00000154102	
TRIM17	1	ENSG00000162931	
SLPI	1	ENSG00000124107	
PNLDC1	1	ENSG00000146453	
ARHGAP19-SLIT1	1	ENSG00000269891	
TRIM13	1	ENSG00000204977	
TRIM14	1	ENSG00000106785	
RIN3	1	ENSG00000100599	
TRIM16	1	ENSG00000221926	
RIN1	1	ENSG00000174791	
RIN2	1	ENSG00000132669	
TRIM11	1	ENSG00000154370	
GIPR	1	ENSG00000010310	
ACTR3B	1	ENSG00000133627	
TTBK1	1	ENSG00000146216	
TTBK2	1	ENSG00000128881	
SYNGR1	1	ENSG00000100321	
APELA	1	ENSG00000248329	
SYNGR2	1	ENSG00000108639	
HLTF	1	ENSG00000071794	
SARAF	1	ENSG00000133872	
B4GALNT1	1	ENSG00000135454	
B4GALNT3	1	ENSG00000139044	
PCK1	1	ENSG00000124253	
LYAR	1	ENSG00000145220	
B4GALNT2	1	ENSG00000167080	
B4GALNT4	1	ENSG00000182272	
PCK2	1	ENSG00000100889	
HARS1	1	ENSG00000170445	
FER1L5	1	ENSG00000249715	
PHETA2	1	ENSG00000177096	
SPHKAP	1	ENSG00000153820	
NBEAL1	1	ENSG00000144426	
NBEAL2	1	ENSG00000160796	
HARS2	1	ENSG00000112855	
PHETA1	1	ENSG00000198324	
FER1L6	1	ENSG00000214814	
C16orf54	1	ENSG00000185905	
POLA1	1	ENSG00000101868	
POLA2	1	ENSG00000014138	
HERPUD2	1	ENSG00000122557	
ECM1	1	ENSG00000143369	
COX7B	1	ENSG00000131174	
ECM2	1	ENSG00000106823	
HIBADH	1	ENSG00000106049	
GRIK5	1	ENSG00000105737	
GRIK3	1	ENSG00000163873	
GRIK4	1	ENSG00000149403	
GRIK1	1	ENSG00000171189	
GRIK2	1	ENSG00000164418	
COX7C	1	ENSG00000127184	
HERPUD1	1	ENSG00000051108	
PCM1	1	ENSG00000078674	
ACTR1A	1	ENSG00000138107	
PCLO	1	ENSG00000186472	
ACTR1B	1	ENSG00000115073	
NMRK1	1	ENSG00000106733	
CNTRL	1	ENSG00000119397	
MCF2L2	1	ENSG00000053524	
GIT1	1	ENSG00000108262	
ATPAF2	1	ENSG00000171953	
COX8A	1	ENSG00000176340	
TOX4	1	ENSG00000092203	
TOX3	1	ENSG00000103460	
TOX2	1	ENSG00000124191	
SLTM	1	ENSG00000137776	
SLU7	1	ENSG00000164609	
ATPAF1	1	ENSG00000123472	
PCNA	1	ENSG00000132646	
GPALPP1	1	ENSG00000133114	
CTXND2	1	ENSG00000283324	
NOXO1	1	ENSG00000196408	
FITM1	1	ENSG00000139914	
CTXND1	1	ENSG00000259417	
FITM2	1	ENSG00000197296	
COX5B	1	ENSG00000135940	
COX5A	1	ENSG00000178741	
PCNP	1	ENSG00000081154	
SLX4	1	ENSG00000188827	
ORMDL2	1	ENSG00000123353	
ORMDL3	1	ENSG00000172057	
PCNT	1	ENSG00000160299	
C16orf95	1	ENSG00000260456	
GIT2	1	ENSG00000139436	
TMEM176A	1	ENSG00000002933	
COX6C	1	ENSG00000164919	
GRIN1	1	ENSG00000176884	
YIF1B	1	ENSG00000167645	
C16orf96	1	ENSG00000205832	
SEC23IP	1	ENSG00000107651	
RIT1	1	ENSG00000143622	
RIT2	1	ENSG00000152214	
ACTR10	1	ENSG00000131966	
IL18R1	1	ENSG00000115604	
GRINA	1	ENSG00000178719	
NUP188	1	ENSG00000095319	
GRIP1	1	ENSG00000155974	
TMOD1	1	ENSG00000136842	
PCID2	1	ENSG00000126226	
FBXW12	1	ENSG00000164049	
SPINK1	1	ENSG00000164266	
FBXW10	1	ENSG00000171931	
FBXW11	1	ENSG00000072803	
TMOD4	1	ENSG00000163157	
TMOD3	1	ENSG00000138594	
SPINK5	1	ENSG00000133710	
TMOD2	1	ENSG00000128872	
TTC7B	1	ENSG00000165914	
TTC7A	1	ENSG00000068724	
GRIP2	1	ENSG00000144596	
PCP2	1	ENSG00000174788	
PCP4	1	ENSG00000183036	
LYG1	1	ENSG00000144214	
POLG2	1	ENSG00000256525	
COX19	1	ENSG00000240230	
COX16	1	ENSG00000133983	
COX15	1	ENSG00000014919	
COX18	1	ENSG00000163626	
COX17	1	ENSG00000138495	
NUP160	1	ENSG00000030066	
TIMM50	1	ENSG00000105197	
COX11	1	ENSG00000166260	
CYTL1	1	ENSG00000170891	
COX14	1	ENSG00000178449	
ECT2	1	ENSG00000114346	
COX10	1	ENSG00000006695	
CNTLN	1	ENSG00000044459	
AUTS2	1	ENSG00000158321	
CNTN5	1	ENSG00000149972	
CNTN6	1	ENSG00000134115	
PCIF1	1	ENSG00000100982	
USB1	1	ENSG00000103005	
NUP153	1	ENSG00000124789	
TIMM44	1	ENSG00000104980	
BLTP1	1	ENSG00000138688	
MKRN1	1	ENSG00000133606	
MKRN2	1	ENSG00000075975	
CNTN1	1	ENSG00000018236	
RSPH14	1	ENSG00000100218	
CNTN2	1	ENSG00000184144	
MKRN3	1	ENSG00000179455	
CNTN3	1	ENSG00000113805	
CNTN4	1	ENSG00000144619	
COX20	1	ENSG00000203667	
SWSAP1	1	ENSG00000173928	
TTC23	1	ENSG00000103852	
TNFAIP8	1	ENSG00000145779	
TTC24	1	ENSG00000187862	
TNFAIP6	1	ENSG00000123610	
TNFAIP2	1	ENSG00000185215	
PCTP	1	ENSG00000141179	
TNFAIP1	1	ENSG00000109079	
TTC29	1	ENSG00000137473	
TTC27	1	ENSG00000018699	
TTC28	1	ENSG00000100154	
FYCO1	1	ENSG00000163820	
LYL1	1	ENSG00000104903	
TTC36	1	ENSG00000172425	
TTC34	1	ENSG00000215912	
NUP133	1	ENSG00000069248	
TTC32	1	ENSG00000183891	
TTC33	1	ENSG00000113638	
TTC31	1	ENSG00000115282	
SHROOM2	1	ENSG00000146950	
SHROOM3	1	ENSG00000138771	
OLIG1	1	ENSG00000184221	
SHROOM1	1	ENSG00000164403	
OLIG2	1	ENSG00000205927	
SYNGR3	1	ENSG00000127561	
SYNGR4	1	ENSG00000105467	
SHROOM4	1	ENSG00000158352	
TTC38	1	ENSG00000075234	
OXLD1	1	ENSG00000204237	
SLC3A1	1	ENSG00000138079	
SLC3A2	1	ENSG00000168003	
CAND2	1	ENSG00000144712	
POLD3	1	ENSG00000077514	
CYTH2	1	ENSG00000105443	
POLD4	1	ENSG00000175482	
CYTH4	1	ENSG00000100055	
CAND1	1	ENSG00000111530	
POLD1	1	ENSG00000062822	
POLD2	1	ENSG00000106628	
TIMM8B	1	ENSG00000150779	
TTC14	1	ENSG00000163728	
TIMM8A	1	ENSG00000126953	
TTC12	1	ENSG00000149292	
TTC13	1	ENSG00000143643	
TPBG	1	ENSG00000146242	
CIMIP2B	1	ENSG00000215187	
USF3	1	ENSG00000176542	
TTC19	1	ENSG00000011295	
USF2	1	ENSG00000105698	
CIMIP2C	1	ENSG00000173557	
TTC16	1	ENSG00000167094	
USF1	1	ENSG00000158773	
TTC17	1	ENSG00000052841	
CIMIP2A	1	ENSG00000188163	
SMUG1	1	ENSG00000123415	
POLE4	1	ENSG00000115350	
OPN1SW	1	ENSG00000128617	
POLE2	1	ENSG00000100479	
POLE3	1	ENSG00000148229	
SARDH	1	ENSG00000123453	
GPD1L	1	ENSG00000152642	
WIPF1	1	ENSG00000115935	
WIPF2	1	ENSG00000171475	
WIPF3	1	ENSG00000122574	
NPIPB13	1	ENSG00000198064	
NPIPB12	1	ENSG00000169203	
SMC5	1	ENSG00000198887	
NPIPB11	1	ENSG00000254206	
SMC6	1	ENSG00000163029	
SLC4A3	1	ENSG00000114923	
SMC3	1	ENSG00000108055	
SLC4A4	1	ENSG00000080493	
SMC4	1	ENSG00000113810	
SLC4A5	1	ENSG00000188687	
NPIPB15	1	ENSG00000196436	
SMC2	1	ENSG00000136824	
GJA1	1	ENSG00000152661	
EVA1A	1	ENSG00000115363	
GJA3	1	ENSG00000121743	
ZMIZ1	1	ENSG00000108175	
EVA1B	1	ENSG00000142694	
ZMIZ2	1	ENSG00000122515	
EVA1C	1	ENSG00000166979	
GJA5	1	ENSG00000265107	
NAMPT	1	ENSG00000105835	
GJA4	1	ENSG00000187513	
PXDC1	1	ENSG00000168994	
PRSS8	1	ENSG00000052344	
PRSS3	1	ENSG00000010438	
NUP214	1	ENSG00000126883	
NUP210	1	ENSG00000132182	
ARMC9	1	ENSG00000135931	
ARMC7	1	ENSG00000125449	
ARMC8	1	ENSG00000114098	
ARMC1	1	ENSG00000104442	
ARMC2	1	ENSG00000118690	
DEPDC1B	1	ENSG00000035499	
ADCY9	1	ENSG00000162104	
ARMC5	1	ENSG00000140691	
ARMC6	1	ENSG00000105676	
ARMC3	1	ENSG00000165309	
HMBS	1	ENSG00000256269	
LIPT2	1	ENSG00000175536	
LIPT1	1	ENSG00000144182	
NUP205	1	ENSG00000155561	
SAMSN1	1	ENSG00000155307	
ARPP19	1	ENSG00000128989	
NUGGC	1	ENSG00000189233	
GJC1	1	ENSG00000182963	
FAM171A1	1	ENSG00000148468	
PLAC9	1	ENSG00000189129	
NCSTN	1	ENSG00000162736	
FAM171A2	1	ENSG00000161682	
GJC3	1	ENSG00000176402	
GJC2	1	ENSG00000198835	
POM121C	1	ENSG00000272391	
PLAC1	1	ENSG00000170965	
ARPP21	1	ENSG00000172995	
POU6F2	1	ENSG00000106536	
POU6F1	1	ENSG00000184271	
GJB2	1	ENSG00000165474	
GJB1	1	ENSG00000169562	
GJB3	1	ENSG00000188910	
GJB6	1	ENSG00000121742	
LDAF1	1	ENSG00000011638	
SMG1	1	ENSG00000157106	
SMG9	1	ENSG00000105771	
SMG7	1	ENSG00000116698	
LYST	1	ENSG00000143669	
SMG8	1	ENSG00000167447	
SMG5	1	ENSG00000198952	
SMG6	1	ENSG00000070366	
CFAP298-TCP10L	1	ENSG00000265590	
TPI1	1	ENSG00000111669	
CDYL2	1	ENSG00000166446	
GJD2	1	ENSG00000159248	
GJD3	1	ENSG00000183153	
USO1	1	ENSG00000138768	
ADCY4	1	ENSG00000129467	
ADCY3	1	ENSG00000138031	
ADCY2	1	ENSG00000078295	
ADCY1	1	ENSG00000164742	
SPTY2D1	1	ENSG00000179119	
ADCY8	1	ENSG00000155897	
ADCY7	1	ENSG00000121281	
ADCY6	1	ENSG00000174233	
FGD1	1	ENSG00000102302	
FGD3	1	ENSG00000127084	
ARFRP1	1	ENSG00000101246	
FGD4	1	ENSG00000139132	
FGD5	1	ENSG00000154783	
FGD6	1	ENSG00000180263	
SLC17A9	1	ENSG00000101194	
GPAT4	1	ENSG00000158669	
USP1	1	ENSG00000162607	
SLC17A5	1	ENSG00000119899	
ASPDH	1	ENSG00000204653	
PCGF1	1	ENSG00000115289	
SLC17A6	1	ENSG00000091664	
GPAT3	1	ENSG00000138678	
SLC17A7	1	ENSG00000104888	
GPAT2	1	ENSG00000186281	
SLC17A8	1	ENSG00000179520	
PCGF6	1	ENSG00000156374	
RSPH4A	1	ENSG00000111834	
NOXRED1	1	ENSG00000165555	
KIDINS220	1	ENSG00000134313	
TPK1	1	ENSG00000196511	
PCGF5	1	ENSG00000180628	
PCGF2	1	ENSG00000277258	
PCGF3	1	ENSG00000185619	
SYVN1	1	ENSG00000162298	
AGMAT	1	ENSG00000116771	
JKAMP	1	ENSG00000050130	
VMA21	1	ENSG00000160131	
PCYOX1L	1	ENSG00000145882	
MRE11	1	ENSG00000020922	
TPMT	1	ENSG00000137364	
TMEM179B	1	ENSG00000185475	
FGF1	1	ENSG00000113578	
FGF2	1	ENSG00000138685	
IPO7	1	ENSG00000205339	
IPO4	1	ENSG00000196497	
IPO5	1	ENSG00000065150	
EDC3	1	ENSG00000179151	
RIMS2	1	ENSG00000176406	
FGF5	1	ENSG00000138675	
EDC4	1	ENSG00000038358	
RIMS1	1	ENSG00000079841	
NPEPPS	1	ENSG00000141279	
RIMS4	1	ENSG00000101098	
FGF7	1	ENSG00000140285	
IPO8	1	ENSG00000133704	
FGF8	1	ENSG00000107831	
RIMS3	1	ENSG00000117016	
IPO9	1	ENSG00000198700	
FGF9	1	ENSG00000102678	
CSGALNACT1	1	ENSG00000147408	
USP7	1	ENSG00000187555	
USP6	1	ENSG00000129204	
USP5	1	ENSG00000111667	
TMEM178B	1	ENSG00000261115	
TPM3	1	ENSG00000143549	
USP4	1	ENSG00000114316	
USP3	1	ENSG00000140455	
TPM2	1	ENSG00000198467	
SWAP70	1	ENSG00000133789	
USP2	1	ENSG00000036672	
CSGALNACT2	1	ENSG00000169826	
IPMK	1	ENSG00000151151	
DYRK1A	1	ENSG00000157540	
DYRK1B	1	ENSG00000105204	
CHD1L	1	ENSG00000131778	
PYGO1	1	ENSG00000171016	
EDAR	1	ENSG00000135960	
PYGO2	1	ENSG00000163348	
ZNF799	1	ENSG00000196466	
ZNF793	1	ENSG00000188227	
RTN4R	1	ENSG00000040608	
IPPK	1	ENSG00000127080	
ZNF792	1	ENSG00000180884	
ZNF791	1	ENSG00000173875	
ZNF790	1	ENSG00000197863	
GLT8D1	1	ENSG00000016864	
GLT8D2	1	ENSG00000120820	
HMMR	1	ENSG00000072571	
FGGY	1	ENSG00000172456	
ZNF789	1	ENSG00000198556	
SMN1	1	ENSG00000172062	
TPPP	1	ENSG00000171368	
ZNF787	1	ENSG00000142409	
ZNF786	1	ENSG00000197362	
ZNF785	1	ENSG00000197162	
ZNF784	1	ENSG00000179922	
ZNF783	1	ENSG00000204946	
ZNF782	1	ENSG00000196597	
AKIRIN2	1	ENSG00000135334	
AKIRIN1	1	ENSG00000174574	
SLC4A10	1	ENSG00000144290	
SLC4A11	1	ENSG00000088836	
PXDNL	1	ENSG00000147485	
DAB2	1	ENSG00000153071	
DAB1	1	ENSG00000173406	
PDCL	1	ENSG00000136940	
ZNF778	1	ENSG00000170100	
TPP2	1	ENSG00000134900	
TPP1	1	ENSG00000166340	
ZNF777	1	ENSG00000196453	
ZNF776	1	ENSG00000152443	
ZNF775	1	ENSG00000196456	
ZNF774	1	ENSG00000196391	
ZNF773	1	ENSG00000152439	
ZNF772	1	ENSG00000197128	
ZNF771	1	ENSG00000179965	
ZNF770	1	ENSG00000198146	
UFSP2	1	ENSG00000109775	
UFSP1	1	ENSG00000176125	
ZNF768	1	ENSG00000169957	
ZNF766	1	ENSG00000196214	
ZNF765	1	ENSG00000196417	
TNPO1	1	ENSG00000083312	
ZNF764	1	ENSG00000169951	
TNPO2	1	ENSG00000105576	
ZNF763	1	ENSG00000197054	
TNPO3	1	ENSG00000064419	
PAAF1	1	ENSG00000175575	
ZNF761	1	ENSG00000160336	
TPRN	1	ENSG00000176058	
ILKAP	1	ENSG00000132323	
CTDSPL	1	ENSG00000144677	
EDF1	1	ENSG00000107223	
WIPI1	1	ENSG00000070540	
WIPI2	1	ENSG00000157954	
ZNF75A	1	ENSG00000162086	
NPEPL1	1	ENSG00000215440	
DAD1	1	ENSG00000129562	
CTDSP2	1	ENSG00000175215	
PLAG1	1	ENSG00000181690	
FGL1	1	ENSG00000104760	
FGL2	1	ENSG00000127951	
PDHB	1	ENSG00000168291	
ZNF749	1	ENSG00000186230	
ZNF747	1	ENSG00000169955	
ZNF746	1	ENSG00000181220	
ZNF740	1	ENSG00000139651	
NLGN4Y	1	ENSG00000165246	
NLGN4X	1	ENSG00000146938	
SMOX	1	ENSG00000088826	
MFAP5	1	ENSG00000197614	
MFAP4	1	ENSG00000166482	
MFAP1	1	ENSG00000140259	
ZNF738	1	ENSG00000172687	
MFAP3	1	ENSG00000037749	
ZNF737	1	ENSG00000237440	
MFAP2	1	ENSG00000117122	
ZNF736	1	ENSG00000234444	
ZACN	1	ENSG00000186919	
ZNF730	1	ENSG00000183850	
TPT1	1	ENSG00000133112	
UMODL1	1	ENSG00000177398	
TMEM183A	1	ENSG00000163444	
PDCD2L	1	ENSG00000126249	
TIAL1	1	ENSG00000151923	
ZNF846	1	ENSG00000196605	
DAG1	1	ENSG00000173402	
ZNF845	1	ENSG00000213799	
PDK4	1	ENSG00000004799	
PDK3	1	ENSG00000067992	
ZNF844	1	ENSG00000223547	
ZNF843	1	ENSG00000176723	
ZNF841	1	ENSG00000197608	
PDK2	1	ENSG00000005882	
BRICD5	1	ENSG00000182685	
PDK1	1	ENSG00000152256	
PDHX	1	ENSG00000110435	
SLC51A	1	ENSG00000163959	
SLC51B	1	ENSG00000186198	
TIAM2	1	ENSG00000146426	
TIAM1	1	ENSG00000156299	
ZNF839	1	ENSG00000022976	
ZNF837	1	ENSG00000152475	
ZNF836	1	ENSG00000196267	
ZNF835	1	ENSG00000127903	
HMSD	1	ENSG00000221887	
HSBP1L1	1	ENSG00000226742	
GINM1	1	ENSG00000055211	
ZNF830	1	ENSG00000198783	
TMEM185B	1	ENSG00000226479	
TMEM185A	1	ENSG00000269556	
STXBP3	1	ENSG00000116266	
STXBP4	1	ENSG00000166263	
STXBP2	1	ENSG00000076944	
GSKIP	1	ENSG00000100744	
RPAP1	1	ENSG00000103932	
RPAP2	1	ENSG00000122484	
RPAP3	1	ENSG00000005175	
CD79A	1	ENSG00000105369	
ZNF829	1	ENSG00000185869	
ZNF827	1	ENSG00000151612	
PDCD11	1	ENSG00000148843	
PDCD10	1	ENSG00000114209	
ZNF823	1	ENSG00000197933	
STXBP5	1	ENSG00000164506	
ZNF821	1	ENSG00000102984	
STXBP6	1	ENSG00000168952	
TMEM184A	1	ENSG00000164855	
TMEM184C	1	ENSG00000164168	
TMEM184B	1	ENSG00000198792	
SMU1	1	ENSG00000122692	
TPX2	1	ENSG00000088325	
SMTN	1	ENSG00000183963	
ZNF816	1	ENSG00000180257	
ADCK2	1	ENSG00000133597	
ADCK1	1	ENSG00000063761	
ZNF814	1	ENSG00000204514	
ZNF813	1	ENSG00000198346	
ADCK5	1	ENSG00000173137	
DCP1A	1	ENSG00000272886	
DCP1B	1	ENSG00000151065	
RPAIN	1	ENSG00000129197	
C2CD6	1	ENSG00000155754	
HMX3	1	ENSG00000188620	
ZCCHC12	1	ENSG00000174460	
C2CD5	1	ENSG00000111731	
ZCCHC10	1	ENSG00000155329	
C2CD3	1	ENSG00000168014	
C2CD2	1	ENSG00000157617	
ZCCHC18	1	ENSG00000166707	
ZCCHC17	1	ENSG00000121766	
ZCCHC14	1	ENSG00000140948	
ZNF808	1	ENSG00000198482	
ZNF805	1	ENSG00000204524	
ZNF800	1	ENSG00000048405	
ZCCHC24	1	ENSG00000165424	
EDN1	1	ENSG00000078401	
EDN2	1	ENSG00000127129	
EDN3	1	ENSG00000124205	
PPHLN1	1	ENSG00000134283	
PDCD1LG2	1	ENSG00000197646	
CYP7B1	1	ENSG00000172817	
VWA8	1	ENSG00000102763	
MATN1	1	ENSG00000162510	
VWA1	1	ENSG00000179403	
VWA2	1	ENSG00000165816	
MATN4	1	ENSG00000124159	
ACTRT3	1	ENSG00000184378	
MATN3	1	ENSG00000132031	
HMX2	1	ENSG00000188816	
MATN2	1	ENSG00000132561	
VWA7	1	ENSG00000204396	
HMX1	1	ENSG00000215612	
VWCE	1	ENSG00000167992	
CPXCR1	1	ENSG00000147183	
PDPR	1	ENSG00000090857	
CHRAC1	1	ENSG00000104472	
PDPN	1	ENSG00000162493	
TRAM1L1	1	ENSG00000174599	
GINS1	1	ENSG00000101003	
GINS2	1	ENSG00000131153	
GINS3	1	ENSG00000181938	
GINS4	1	ENSG00000147536	
GRHL3	1	ENSG00000158055	
GRHL1	1	ENSG00000134317	
PDP1	1	ENSG00000164951	
MPHOSPH9	1	ENSG00000051825	
PDP2	1	ENSG00000172840	
TRIML2	1	ENSG00000179046	
VWC2	1	ENSG00000188730	
F2RL1	1	ENSG00000164251	
MPHOSPH8	1	ENSG00000196199	
F2RL2	1	ENSG00000164220	
MPHOSPH6	1	ENSG00000135698	
F2RL3	1	ENSG00000127533	
ZWILCH	1	ENSG00000174442	
LZIC	1	ENSG00000162441	
MARCHF10	1	ENSG00000173838	
MARCHF11	1	ENSG00000183654	
CCDC28B	1	ENSG00000160050	
CCDC28A	1	ENSG00000024862	
MAGED4B	1	ENSG00000187243	
AZI2	1	ENSG00000163512	
MKRN2OS	1	ENSG00000225526	
RALBP1	1	ENSG00000017797	
VWDE	1	ENSG00000146530	
MATR3	2	ENSG00000280987:ENSG00000015479	
PRTN3	1	ENSG00000196415	
DAP3	1	ENSG00000132676	
STEAP1B	1	ENSG00000105889	
PMAIP1	1	ENSG00000141682	
SPECC1	1	ENSG00000128487	
GRHPR	1	ENSG00000137106	
TSGA10	1	ENSG00000135951	
MRFAP1L2	1	ENSG00000170846	
EOLA2	1	ENSG00000197021	
MRFAP1L1	1	ENSG00000178988	
EOLA1	1	ENSG00000197620	
RABEPK	1	ENSG00000136933	
OASL	1	ENSG00000135114	
LRRTM3	1	ENSG00000198739	
LRRTM4	1	ENSG00000176204	
FAM86B2	1	ENSG00000145002	
TOP1MT	1	ENSG00000184428	
LRRTM1	1	ENSG00000162951	
LRRTM2	1	ENSG00000146006	
PLAUR	1	ENSG00000011422	
FAM86B1	1	ENSG00000186523	
LINC03040	1	ENSG00000181577	
IQCC	1	ENSG00000160051	
IQCD	1	ENSG00000166578	
UTF1	1	ENSG00000171794	
IQCG	1	ENSG00000114473	
ZAR1	1	ENSG00000182223	
SUPV3L1	1	ENSG00000156502	
IQCN	1	ENSG00000130518	
IQCK	1	ENSG00000174628	
RABEP1	1	ENSG00000029725	
OAS1	1	ENSG00000089127	
RABEP2	1	ENSG00000177548	
THRAP3	1	ENSG00000054118	
OAS2	1	ENSG00000111335	
ALDH1A2	1	ENSG00000128918	
OAS3	1	ENSG00000111331	
ALDH1A1	1	ENSG00000165092	
PDXK	1	ENSG00000160209	
PDXP	1	ENSG00000241360	
ERICH5	1	ENSG00000177459	
ERICH6	1	ENSG00000163645	
OGFRL1	1	ENSG00000119900	
ERICH1	1	ENSG00000104714	
ALDH1B1	1	ENSG00000137124	
ERICH2	1	ENSG00000204334	
ERICH3	1	ENSG00000178965	
SNCG	1	ENSG00000173267	
SNCB	1	ENSG00000074317	
LURAP1	1	ENSG00000171357	
S100PBP	1	ENSG00000116497	
SNCA	1	ENSG00000145335	
DAW1	1	ENSG00000123977	
PDX1	1	ENSG00000139515	
SLC4A8	1	ENSG00000050438	
SLC4A9	1	ENSG00000113073	
NSDHL	1	ENSG00000147383	
DAXX	1	ENSG00000204209	
CRIPTO	1	ENSG00000241186	
PDYN	1	ENSG00000101327	
SND1	1	ENSG00000197157	
SLC5A6	1	ENSG00000138074	
SLC5A9	1	ENSG00000117834	
PADI3	1	ENSG00000142619	
PADI2	1	ENSG00000117115	
TBPL1	1	ENSG00000028839	
PADI1	1	ENSG00000142623	
MTMR1	1	ENSG00000063601	
MTMR2	1	ENSG00000087053	
SAMTOR	1	ENSG00000164603	
MTMR3	1	ENSG00000100330	
MEAF6	1	ENSG00000163875	
MTMR8	1	ENSG00000102043	
MTMR9	1	ENSG00000104643	
SLC5A1	1	ENSG00000100170	
SLC5A2	1	ENSG00000140675	
MTMR4	1	ENSG00000108389	
SLC5A3	1	ENSG00000198743	
OAZ2	1	ENSG00000180304	
MTMR6	1	ENSG00000139505	
OAZ3	1	ENSG00000143450	
MTMR7	1	ENSG00000003987	
SLC5A5	1	ENSG00000105641	
HMGXB4	1	ENSG00000100281	
HMGXB3	1	ENSG00000113716	
B3GALNT2	1	ENSG00000162885	
B3GALNT1	1	ENSG00000169255	
NAPSA	1	ENSG00000131400	
ERLIN1	1	ENSG00000107566	
ERLIN2	1	ENSG00000147475	
SNF8	1	ENSG00000159210	
AZU1	1	ENSG00000172232	
DAZL	1	ENSG00000092345	
MLLT11	1	ENSG00000213190	
MLLT10	1	ENSG00000078403	
NAPEPLD	1	ENSG00000161048	
SASS6	1	ENSG00000156876	
TRIOBP	1	ENSG00000100106	
EEA1	1	ENSG00000102189	
FGFBP3	1	ENSG00000174721	
ELOVL1	1	ENSG00000066322	
FGFBP2	1	ENSG00000137441	
RIPK3	1	ENSG00000129465	
ELOVL4	1	ENSG00000118402	
ELOVL5	1	ENSG00000012660	
RIPK2	1	ENSG00000104312	
ELOVL2	1	ENSG00000197977	
RIPK4	1	ENSG00000183421	
ELOVL3	1	ENSG00000119915	
VWA5A	1	ENSG00000110002	
ELOVL6	1	ENSG00000170522	
ELOVL7	1	ENSG00000164181	
POU5F1	1	ENSG00000204531	
SUMF2	1	ENSG00000129103	
SUMF1	1	ENSG00000144455	
POU5F2	1	ENSG00000248483	
SLC29A4	1	ENSG00000164638	
SLC29A1	1	ENSG00000112759	
SLC29A3	1	ENSG00000198246	
SLC29A2	1	ENSG00000174669	
FSTL3	1	ENSG00000070404	
RECQL4	1	ENSG00000160957	
FSTL5	1	ENSG00000168843	
RECQL5	1	ENSG00000108469	
CARNS1	1	ENSG00000172508	
P2RY12	1	ENSG00000169313	
UTP6	1	ENSG00000108651	
SLC16A1	1	ENSG00000155380	
P2RY11	1	ENSG00000244165	
UTP4	1	ENSG00000141076	
UTP3	1	ENSG00000132467	
P2RY14	1	ENSG00000174944	
YLPM1	1	ENSG00000119596	
MEAK7	1	ENSG00000140950	
VWA3A	1	ENSG00000175267	
ZNF699	1	ENSG00000196110	
ZNF697	1	ENSG00000143067	
ZNF696	1	ENSG00000185730	
ZNF695	1	ENSG00000197472	
PECR	1	ENSG00000115425	
ZNF692	1	ENSG00000171163	
ZNF691	1	ENSG00000164011	
CSE1L	1	ENSG00000124207	
STK19	1	ENSG00000204344	
HNMT	1	ENSG00000150540	
STK10	1	ENSG00000072786	
STK16	1	ENSG00000115661	
KPNA6	1	ENSG00000025800	
SLC16A6	1	ENSG00000108932	
SLC16A7	1	ENSG00000118596	
KPNA7	1	ENSG00000185467	
ZNF689	1	ENSG00000156853	
KPNA4	1	ENSG00000186432	
KPNA5	1	ENSG00000196911	
SLC16A9	1	ENSG00000165449	
ZNF688	1	ENSG00000229809	
ZNF687	1	ENSG00000143373	
SLC16A2	1	ENSG00000147100	
KPNA2	1	ENSG00000182481	
SLC16A3	1	ENSG00000141526	
KPNA3	1	ENSG00000102753	
SLC16A4	1	ENSG00000168679	
ZNF684	1	ENSG00000117010	
SLC16A5	1	ENSG00000170190	
KPNA1	1	ENSG00000114030	
ZNF682	1	ENSG00000197124	
ZNF681	1	ENSG00000196172	
ZNF680	1	ENSG00000173041	
ACAP3	1	ENSG00000131584	
ACAP2	1	ENSG00000114331	
ACAP1	1	ENSG00000072818	
ZNF678	1	ENSG00000181450	
ZNF677	1	ENSG00000197928	
UTRN	1	ENSG00000152818	
ZNF675	1	ENSG00000197372	
KIAA0408	1	ENSG00000189367	
KPNB1	1	ENSG00000108424	
ZNF674	1	ENSG00000251192	
ZNF672	1	ENSG00000171161	
ZNF671	1	ENSG00000083814	
ZNF670	1	ENSG00000277462	
BEAN1	1	ENSG00000166546	
TSACC	1	ENSG00000163467	
PEF1	1	ENSG00000162517	
STK39	1	ENSG00000198648	
THADA	1	ENSG00000115970	
ACAT2	1	ENSG00000120437	
STK31	1	ENSG00000196335	
STK33	1	ENSG00000130413	
STK35	1	ENSG00000125834	
STK36	1	ENSG00000163482	
ZBBX	1	ENSG00000169064	
ZNF669	1	ENSG00000188295	
ZNF668	1	ENSG00000167394	
ZNF667	1	ENSG00000198046	
ZNF665	1	ENSG00000197497	
ZNF664	1	ENSG00000179195	
ZNF662	1	ENSG00000182983	
ZNF660	1	ENSG00000144792	
SRD5A2	1	ENSG00000277893	
SRD5A3	1	ENSG00000128039	
EEF2	1	ENSG00000167658	
KIAA1755	1	ENSG00000149633	
STK24	1	ENSG00000102572	
STK25	1	ENSG00000115694	
STK26	1	ENSG00000134602	
ZNF658	1	ENSG00000274349	
ZNF655	1	ENSG00000197343	
ZNF654	1	ENSG00000175105	
ZNF653	1	ENSG00000161914	
ZNF652	1	ENSG00000198740	
POMT2	1	ENSG00000009830	
POMT1	1	ENSG00000130714	
FHL1	1	ENSG00000022267	
FHL2	1	ENSG00000115641	
SUMO4	1	ENSG00000177688	
NRARP	1	ENSG00000198435	
CAPZB	1	ENSG00000077549	
SUMO1	1	ENSG00000116030	
SUMO3	1	ENSG00000184900	
ZNF649	1	ENSG00000198093	
SUMO2	1	ENSG00000188612	
IQUB	1	ENSG00000164675	
ZNF648	1	ENSG00000179930	
ZNF646	1	ENSG00000167395	
ZNF644	1	ENSG00000122482	
ZNF641	1	ENSG00000167528	
OVGP1	1	ENSG00000085465	
PEG3	1	ENSG00000198300	
C2orf92	1	ENSG00000228486	
NSMCE4A	1	ENSG00000107672	
DBF4	1	ENSG00000006634	
SNPH	1	ENSG00000101298	
ZNF639	1	ENSG00000121864	
ZNF630	1	ENSG00000221994	
C2orf81	1	ENSG00000284308	
C2orf80	1	ENSG00000188674	
CKMT2	1	ENSG00000131730	
C2orf88	1	ENSG00000187699	
ZNF629	1	ENSG00000102870	
ZNF627	1	ENSG00000198551	
ZNF626	1	ENSG00000188171	
CDC37L1	1	ENSG00000106993	
ZNF625	1	ENSG00000257591	
ZNF624	1	ENSG00000197566	
ZNF623	1	ENSG00000183309	
ZNF622	1	ENSG00000173545	
ZNF621	1	ENSG00000172888	
ZNF620	1	ENSG00000177842	
C2orf72	1	ENSG00000204128	
TMPPE	1	ENSG00000188167	
SNRK	1	ENSG00000163788	
ZNF619	1	ENSG00000177873	
ZNF618	1	ENSG00000157657	
C2orf74	1	ENSG00000237651	
C2orf76	1	ENSG00000186132	
ZNF616	1	ENSG00000204611	
ZNF615	1	ENSG00000197619	
ZNF614	1	ENSG00000142556	
ZNF613	1	ENSG00000176024	
ZNF611	1	ENSG00000213020	
ZNF610	1	ENSG00000167554	
LPGAT1	1	ENSG00000123684	
OGFOD3	1	ENSG00000181396	
SRGAP2C	1	ENSG00000171943	
C2orf66	1	ENSG00000187944	
C2orf69	1	ENSG00000178074	
C2orf68	1	ENSG00000168887	
ZNF729	1	ENSG00000196350	
OGFOD1	1	ENSG00000087263	
ZNF726	1	ENSG00000213967	
OGFOD2	1	ENSG00000111325	
ZNF724	1	ENSG00000196081	
ZNF721	1	ENSG00000182903	
PELO	1	ENSG00000152684	
SRGAP2B	1	ENSG00000196369	
ARMT1	1	ENSG00000146476	
SCAF11	1	ENSG00000139218	
FNDC7	1	ENSG00000143107	
THAP2	1	ENSG00000173451	
THAP1	1	ENSG00000131931	
FNDC8	1	ENSG00000073598	
THAP4	1	ENSG00000176946	
THAP3	1	ENSG00000041988	
THAP6	1	ENSG00000174796	
THAP5	1	ENSG00000177683	
FNDC4	1	ENSG00000115226	
ZNF718	1	ENSG00000250312	
FNDC1	1	ENSG00000164694	
THAP8	1	ENSG00000161277	
THAP7	1	ENSG00000184436	
ZNF714	1	ENSG00000160352	
THAP9	1	ENSG00000168152	
ZNF713	1	ENSG00000178665	
ZNF711	1	ENSG00000147180	
TAGLN2	1	ENSG00000158710	
TAGLN3	1	ENSG00000144834	
ZNF710	1	ENSG00000140548	
OBI1	1	ENSG00000152193	
CRACD	1	ENSG00000109265	
CAPSL	1	ENSG00000152611	
SNX3	1	ENSG00000112335	
APH1A	1	ENSG00000117362	
SNX4	1	ENSG00000114520	
ZNF709	1	ENSG00000242852	
SNX1	1	ENSG00000028528	
COMMD8	1	ENSG00000169019	
ZNF707	1	ENSG00000181135	
APH1B	1	ENSG00000138613	
COMMD9	1	ENSG00000110442	
SNX2	1	ENSG00000205302	
ZNF706	1	ENSG00000120963	
ZNF704	1	ENSG00000164684	
PENK	1	ENSG00000181195	
C2orf42	1	ENSG00000115998	
ZNF703	1	ENSG00000183779	
ZNF701	1	ENSG00000167562	
SNX9	1	ENSG00000130340	
ZNF700	1	ENSG00000196757	
SNX7	1	ENSG00000162627	
SNX8	1	ENSG00000106266	
SNX5	1	ENSG00000089006	
SNX6	1	ENSG00000129515	
INTS1	1	ENSG00000164880	
CRADD	1	ENSG00000169372	
INTS3	1	ENSG00000143624	
CENPVL3	1	ENSG00000224109	
SNW1	1	ENSG00000100603	
TASOR2	1	ENSG00000108021	
INTS5	1	ENSG00000185085	
INTS4	1	ENSG00000149262	
PEMT	1	ENSG00000133027	
INTS7	1	ENSG00000143493	
INTS6	1	ENSG00000102786	
INTS9	1	ENSG00000104299	
TMEM151A	1	ENSG00000179292	
CCDC122	1	ENSG00000151773	
CCDC121	1	ENSG00000176714	
TMEM151B	1	ENSG00000178233	
CCDC120	1	ENSG00000147144	
CCDC127	1	ENSG00000164366	
CCDC126	1	ENSG00000169193	
CCDC125	1	ENSG00000183323	
CCDC124	1	ENSG00000007080	
CHRDL2	1	ENSG00000054938	
PEPD	1	ENSG00000124299	
CHRDL1	1	ENSG00000101938	
ACADL	1	ENSG00000115361	
ACADM	1	ENSG00000117054	
ACADS	1	ENSG00000122971	
CCDC112	1	ENSG00000164221	
ACAD8	1	ENSG00000151498	
CCDC110	1	ENSG00000168491	
DBNL	1	ENSG00000136279	
TMEM150A	1	ENSG00000168890	
CCDC116	1	ENSG00000161180	
CCDC115	1	ENSG00000136710	
ACAD9	1	ENSG00000177646	
MINK1	1	ENSG00000141503	
COMMD2	1	ENSG00000114744	
COMMD3	1	ENSG00000148444	
COMMD1	1	ENSG00000173163	
CCDC117	1	ENSG00000159873	
COMMD6	1	ENSG00000188243	
COMMD7	1	ENSG00000149600	
TMEM150C	1	ENSG00000249242	
COMMD4	1	ENSG00000140365	
COMMD5	1	ENSG00000170619	
CSDE1	1	ENSG00000009307	
KXD1	1	ENSG00000105700	
C2orf15	1	ENSG00000273045	
DBN1	1	ENSG00000113758	
STK40	1	ENSG00000196182	
CAPS2	1	ENSG00000180881	
SATB1	1	ENSG00000182568	
SATB2	1	ENSG00000119042	
CCDC103	1	ENSG00000167131	
DOT1L	1	ENSG00000104885	
HEATR1	1	ENSG00000119285	
CCDC107	1	ENSG00000159884	
CCDC106	1	ENSG00000173581	
MALSU1	1	ENSG00000156928	
SERTAD4	1	ENSG00000082497	
SERTAD1	1	ENSG00000197019	
SERTAD2	1	ENSG00000179833	
PES1	1	ENSG00000100029	
PERP	1	ENSG00000112378	
HEATR3	1	ENSG00000155393	
HEATR4	1	ENSG00000187105	
HEATR6	1	ENSG00000068097	
PLD5P1	1	ENSG00000283930	
ALDH4A1	1	ENSG00000159423	
PER2	1	ENSG00000132326	
GFI1B	1	ENSG00000165702	
PER3	1	ENSG00000049246	
CMSS1	1	ENSG00000184220	
CSDC2	1	ENSG00000172346	
ESYT3	1	ENSG00000158220	
ESYT2	1	ENSG00000117868	
EPPK1	1	ENSG00000261150	
ESYT1	1	ENSG00000139641	
CCDC167	1	ENSG00000198937	
DBR1	1	ENSG00000138231	
ACAA2	1	ENSG00000167315	
CCDC169	1	ENSG00000242715	
CCDC168	1	ENSG00000175820	
CYP46A1	1	ENSG00000036530	
CAPN8	1	ENSG00000203697	
CAPN9	1	ENSG00000135773	
CAPN6	1	ENSG00000077274	
CAPN7	1	ENSG00000131375	
DUOXA1	1	ENSG00000140254	
CAPN5	1	ENSG00000149260	
CAPN2	1	ENSG00000162909	
CAPN1	1	ENSG00000014216	
SATL1	1	ENSG00000184788	
ACAA1	1	ENSG00000060971	
ARHGEF40	1	ENSG00000165801	
CCDC163	1	ENSG00000280670	
CCDC160	1	ENSG00000203952	
ZBP1	1	ENSG00000124256	
EOMES	1	ENSG00000163508	
CCDC154	1	ENSG00000197599	
CCDC159	1	ENSG00000183401	
CCDC158	1	ENSG00000163749	
CCDC157	1	ENSG00000187860	
PCOLCE	1	ENSG00000106333	
TANC2	1	ENSG00000170921	
TANC1	1	ENSG00000115183	
CCDC152	1	ENSG00000198865	
CCDC150	1	ENSG00000144395	
CCDC149	1	ENSG00000181982	
ARHGEF26	1	ENSG00000114790	
C13orf42	1	ENSG00000226792	
CCDC148	1	ENSG00000153237	
ARHGEF25	1	ENSG00000240771	
ARHGEF28	1	ENSG00000214944	
CCDC146	1	ENSG00000135205	
ACACB	1	ENSG00000076555	
ACACA	1	ENSG00000278540	
CCDC141	1	ENSG00000163492	
ARHGEF35	1	ENSG00000213214	
CCDC138	1	ENSG00000163006	
ARHGEF37	1	ENSG00000183111	
CCDC137	1	ENSG00000185298	
ARHGEF39	1	ENSG00000137135	
CCDC136	1	ENSG00000128596	
ARHGEF38	1	ENSG00000236699	
C13orf46	1	ENSG00000283199	
TREH	1	ENSG00000118094	
SOBP	1	ENSG00000112320	
DNPH1	1	ENSG00000112667	
ARMH4	1	ENSG00000139971	
GPER1	1	ENSG00000164850	
ZNF385C	1	ENSG00000187595	
ZNF385B	1	ENSG00000144331	
HORMAD2	1	ENSG00000176635	
ZNF385D	1	ENSG00000151789	
ARMH3	1	ENSG00000120029	
ZNF385A	1	ENSG00000161642	
ARMH1	1	ENSG00000198520	
BCKDHA	1	ENSG00000248098	
ARHGEF10	1	ENSG00000104728	
ARHGEF12	1	ENSG00000196914	
ARHGEF15	1	ENSG00000198844	
ARHGEF17	1	ENSG00000110237	
ARHGEF16	1	ENSG00000130762	
BCKDHB	1	ENSG00000083123	
ARHGEF19	1	ENSG00000142632	
ARHGEF18	1	ENSG00000104880	
PEX2	1	ENSG00000164751	
PEX1	1	ENSG00000127980	
TCTE1	1	ENSG00000146221	
PEX7	1	ENSG00000112357	
IRF3	1	ENSG00000126456	
IRF4	1	ENSG00000137265	
PEX3	1	ENSG00000034693	
IRF1	1	ENSG00000125347	
PEX6	1	ENSG00000124587	
IRF2	1	ENSG00000168310	
PEX5	1	ENSG00000139197	
IRF7	1	ENSG00000185507	
CCDC192	1	ENSG00000230561	
IRF8	1	ENSG00000140968	
CCDC191	1	ENSG00000163617	
BLVRB	1	ENSG00000090013	
IRF5	1	ENSG00000128604	
CCDC190	1	ENSG00000185860	
IRF6	1	ENSG00000117595	
BLVRA	1	ENSG00000106605	
IRF9	1	ENSG00000213928	
CCDC194	1	ENSG00000269720	
CCDC188	1	ENSG00000234409	
CCDC187	1	ENSG00000260220	
CCDC186	1	ENSG00000165813	
DBX2	1	ENSG00000185610	
DBX1	1	ENSG00000109851	
MARVELD2	1	ENSG00000152939	
MARVELD1	1	ENSG00000155254	
DCDC2C	1	ENSG00000214866	
MARVELD3	1	ENSG00000140832	
CCDC181	1	ENSG00000117477	
CCDC180	1	ENSG00000197816	
CCDC185	1	ENSG00000178395	
CCDC184	1	ENSG00000177875	
CCDC183	1	ENSG00000213213	
CCDC178	1	ENSG00000166960	
CCDC177	1	ENSG00000267909	
CCDC175	1	ENSG00000151838	
SOD2	1	ENSG00000291237	
SOD3	1	ENSG00000109610	
IRGM	1	ENSG00000237693	
NCBP2AS2	1	ENSG00000270170	
SOD1	1	ENSG00000142168	
IRGQ	1	ENSG00000167378	
GOLPH3	1	ENSG00000113384	
GLB1	1	ENSG00000170266	
BRMS1L	1	ENSG00000100916	
CCDC170	1	ENSG00000120262	
RANGRF	1	ENSG00000108961	
FAM98C	1	ENSG00000130244	
FAM98B	1	ENSG00000171262	
FAM98A	1	ENSG00000119812	
CCDC174	1	ENSG00000154781	
CCDC171	1	ENSG00000164989	
TRIR	1	ENSG00000123144	
TRIO	1	ENSG00000038382	
GLDC	1	ENSG00000178445	
TRIL	1	ENSG00000255690	
FNBP1L	1	ENSG00000137942	
H2AC16	1	ENSG00000276903	
GLE1	1	ENSG00000119392	
H2AC12	1	ENSG00000274997	
H2AC13	1	ENSG00000196747	
H2AC14	1	ENSG00000276368	
CREB3L4	1	ENSG00000143578	
CREB3L1	1	ENSG00000157613	
CREB3L2	1	ENSG00000182158	
MS4A15	1	ENSG00000166961	
PLCE1	1	ENSG00000138193	
PIP4K2A	1	ENSG00000150867	
PIP4K2B	1	ENSG00000276293	
PIP4K2C	1	ENSG00000166908	
JUNB	1	ENSG00000171223	
NHLRC3	1	ENSG00000188811	
NHLRC4	1	ENSG00000257108	
GLCE	1	ENSG00000138604	
SARNP	1	ENSG00000205323	
TYRO3	1	ENSG00000092445	
PIH1D2	1	ENSG00000150773	
NHLRC1	1	ENSG00000187566	
NHLRC2	1	ENSG00000196865	
SRCAP	1	ENSG00000080603	
FICD	1	ENSG00000198855	
GLG1	1	ENSG00000090863	
CRACR2A	1	ENSG00000130038	
CRACR2B	1	ENSG00000177685	
PPP4C	1	ENSG00000149923	
PLCG1	1	ENSG00000124181	
NR2C2AP	1	ENSG00000184162	
JUND	1	ENSG00000130522	
DNASE2B	1	ENSG00000137976	
SLC6A6	1	ENSG00000131389	
FIBP	1	ENSG00000172500	
PPP5C	1	ENSG00000011485	
SLC6A7	1	ENSG00000011083	
SLC6A8	1	ENSG00000130821	
H2AC25	1	ENSG00000181218	
SLC6A9	1	ENSG00000196517	
GIPC3	1	ENSG00000179855	
GIPC1	1	ENSG00000123159	
H2AC20	1	ENSG00000184260	
GIPC2	1	ENSG00000137960	
PLCH1	1	ENSG00000114805	
PLCH2	1	ENSG00000149527	
TRMU	1	ENSG00000100416	
TGFB1I1	1	ENSG00000140682	
HRCT1	1	ENSG00000196196	
SLC6A1	1	ENSG00000157103	
GLI1	1	ENSG00000111087	
PFAS	1	ENSG00000178921	
GLI3	1	ENSG00000106571	
GLI2	1	ENSG00000074047	
GLI4	1	ENSG00000250571	
IMPA1	1	ENSG00000133731	
IMPA2	1	ENSG00000141401	
RIOK2	1	ENSG00000058729	
RIOK1	1	ENSG00000124784	
HSFX1	1	ENSG00000171116	
RIPPLY1	1	ENSG00000147223	
PLCB3	1	ENSG00000149782	
RIPPLY3	1	ENSG00000183145	
PLCB4	1	ENSG00000101333	
RIPPLY2	1	ENSG00000203877	
ZNF599	1	ENSG00000153896	
ZNF598	1	ENSG00000167962	
PLCB2	1	ENSG00000137841	
ZNF597	1	ENSG00000167981	
ZNF596	1	ENSG00000172748	
ZNF595	1	ENSG00000272602	
OCA2	1	ENSG00000104044	
ZNF594	1	ENSG00000180626	
ZNF593	1	ENSG00000142684	
ZNF592	1	ENSG00000166716	
PACC1	1	ENSG00000065600	
FIGN	1	ENSG00000182263	
MIPOL1	1	ENSG00000151338	
ZNF589	1	ENSG00000164048	
ZNF587	1	ENSG00000198466	
ZNF586	1	ENSG00000083828	
ZNF584	1	ENSG00000171574	
ZNF583	1	ENSG00000198440	
ZNF582	1	ENSG00000018869	
ZNF581	1	ENSG00000171425	
ZNF580	1	ENSG00000213015	
RIOK3	1	ENSG00000101782	
CARD8	1	ENSG00000105483	
CARD9	1	ENSG00000187796	
CARD6	1	ENSG00000132357	
LAPTM5	1	ENSG00000162511	
TTC9B	1	ENSG00000174521	
TTC9C	1	ENSG00000162222	
SULF1	1	ENSG00000137573	
POU4F1	1	ENSG00000152192	
LRPPRC	1	ENSG00000138095	
POU4F2	1	ENSG00000151615	
SULF2	1	ENSG00000196562	
POU4F3	1	ENSG00000091010	
FIG4	1	ENSG00000112367	
SARM1	1	ENSG00000004139	
RLIM	1	ENSG00000131263	
FILIP1	1	ENSG00000118407	
ZNF579	1	ENSG00000218891	
ZNF578	1	ENSG00000258405	
ZNF577	1	ENSG00000161551	
PLCD3	1	ENSG00000161714	
ZNF576	1	ENSG00000124444	
PLCD4	1	ENSG00000115556	
SLC28A1	1	ENSG00000156222	
PLCD1	1	ENSG00000187091	
ZNF575	1	ENSG00000176472	
ZNF574	1	ENSG00000105732	
ZNF573	1	ENSG00000189144	
ZNF572	1	ENSG00000180938	
PHLDB1	1	ENSG00000019144	
ZNF570	1	ENSG00000171827	
IRS1	1	ENSG00000169047	
IRS4	1	ENSG00000133124	
IRS2	1	ENSG00000185950	
YEATS4	1	ENSG00000127337	
METRNL	1	ENSG00000176845	
ZNF569	1	ENSG00000196437	
ZNF568	1	ENSG00000198453	
ZNF567	1	ENSG00000189042	
ZNF566	1	ENSG00000186017	
PHLDA1	1	ENSG00000139289	
ZNF565	1	ENSG00000196357	
ZNF564	1	ENSG00000249709	
ZNF563	1	ENSG00000188868	
FERRY3	1	ENSG00000047621	
PHLDA3	1	ENSG00000174307	
ZNF562	1	ENSG00000171466	
PNISR	1	ENSG00000132424	
ZNF561	1	ENSG00000171469	
ZNF560	1	ENSG00000198028	
SLC15A2	1	ENSG00000163406	
ENKUR	1	ENSG00000151023	
STIM1	1	ENSG00000167323	
STIM2	1	ENSG00000109689	
ZNF559	1	ENSG00000188321	
ZNF558	1	ENSG00000167785	
ZNF557	1	ENSG00000130544	
ZNF556	1	ENSG00000172000	
ZNF555	1	ENSG00000186300	
PHLDB2	1	ENSG00000144824	
ZNF554	1	ENSG00000172006	
GLYR1	1	ENSG00000140632	
ZNF552	1	ENSG00000178935	
ZNF551	1	ENSG00000204519	
CSF1R	1	ENSG00000182578	
ZNF550	1	ENSG00000251369	
GLO1	1	ENSG00000124767	
PHF21A	1	ENSG00000135365	
STIP1	1	ENSG00000168439	
ZNF549	1	ENSG00000121406	
ZNF547	1	ENSG00000152433	
ZNF546	1	ENSG00000187187	
ZNF544	1	ENSG00000198131	
SLC15A3	1	ENSG00000110446	
KIAA0319	1	ENSG00000137261	
SLC15A4	1	ENSG00000139370	
ZNF543	1	ENSG00000178229	
ZNF541	1	ENSG00000118156	
IMPG2	1	ENSG00000081148	
ZNF540	1	ENSG00000171817	
GLMN	1	ENSG00000174842	
GLMP	1	ENSG00000198715	
CYBRD1	1	ENSG00000071967	
CHERP	1	ENSG00000085872	
YEATS2	1	ENSG00000163872	
RIOX1	1	ENSG00000170468	
RIOX2	1	ENSG00000170854	
SPIRE2	1	ENSG00000204991	
RLN2	1	ENSG00000107014	
SPIRE1	1	ENSG00000134278	
ZNF536	1	ENSG00000198597	
EFHB	1	ENSG00000163576	
ZNF534	1	ENSG00000198633	
RLN1	1	ENSG00000107018	
ZNF532	1	ENSG00000074657	
ZNF530	1	ENSG00000183647	
KIAA1671	1	ENSG00000197077	
SART1	1	ENSG00000175467	
PPP6C	1	ENSG00000119414	
SART3	1	ENSG00000075856	
GM2A	1	ENSG00000196743	
ZNF529	1	ENSG00000186020	
ZNF528	1	ENSG00000167555	
ZNF527	1	ENSG00000189164	
ZNF525	1	ENSG00000203326	
ZNF524	1	ENSG00000171443	
SOST	1	ENSG00000167941	
ZNF521	1	ENSG00000198795	
C19orf73	1	ENSG00000221916	
SORD	1	ENSG00000140263	
LCA5L	1	ENSG00000157578	
SARS1	1	ENSG00000031698	
SARS2	1	ENSG00000104835	
ZNF519	1	ENSG00000175322	
ZNF517	1	ENSG00000197363	
ZNF516	1	ENSG00000101493	
ZNF514	1	ENSG00000144026	
ZNF513	1	ENSG00000163795	
ZNF512	1	ENSG00000243943	
SMPDL3B	1	ENSG00000130768	
SOS1	1	ENSG00000115904	
ZNF511	1	ENSG00000198546	
SMPDL3A	1	ENSG00000172594	
ZNF510	1	ENSG00000081386	
SOS2	1	ENSG00000100485	
C19orf84	1	ENSG00000262874	
C19orf81	1	ENSG00000235034	
GLS2	1	ENSG00000135423	
TYRP1	1	ENSG00000107165	
GLRX	1	ENSG00000173221	
ZNF507	1	ENSG00000168813	
ZNF503	1	ENSG00000165655	
ZNF502	1	ENSG00000196653	
ZNF501	1	ENSG00000186446	
ZNF500	1	ENSG00000103199	
IRX1	1	ENSG00000170549	
IRX2	1	ENSG00000170561	
SKOR1	1	ENSG00000188779	
SKOR2	1	ENSG00000215474	
IRX5	1	ENSG00000176842	
IRX6	1	ENSG00000159387	
EFL1	1	ENSG00000140598	
IRX3	1	ENSG00000177508	
PLCL2	1	ENSG00000154822	
CUL4A	1	ENSG00000139842	
RPGRIP1	1	ENSG00000092200	
PFKL	1	ENSG00000141959	
MARCKS	1	ENSG00000277443	
GLRB	1	ENSG00000109738	
INSM2	1	ENSG00000168348	
INSM1	1	ENSG00000173404	
PFKM	1	ENSG00000152556	
PFKP	1	ENSG00000067057	
CUL4B	1	ENSG00000158290	
GLTP	1	ENSG00000139433	
TTLL10	1	ENSG00000162571	
DDX60L	1	ENSG00000181381	
C19orf25	1	ENSG00000119559	
SOX2	1	ENSG00000181449	
SOX3	1	ENSG00000134595	
EDNRA	1	ENSG00000151617	
ZNF609	1	ENSG00000180357	
EDNRB	1	ENSG00000136160	
ZNF608	1	ENSG00000168916	
SOX1	1	ENSG00000182968	
ZNF607	1	ENSG00000198182	
RUSC2	1	ENSG00000198853	
RUSC1	1	ENSG00000160753	
ZNF606	1	ENSG00000166704	
ZNF605	1	ENSG00000196458	
ARL6IP5	1	ENSG00000144746	
ARL6IP4	1	ENSG00000182196	
ZNF600	1	ENSG00000189190	
SOX9	1	ENSG00000125398	
SOX6	1	ENSG00000110693	
SOX7	1	ENSG00000171056	
SOX4	1	ENSG00000124766	
SOX5	1	ENSG00000134532	
ARL6IP6	1	ENSG00000177917	
JMJD4	1	ENSG00000081692	
RECQL	1	ENSG00000004700	
C19orf38	1	ENSG00000214212	
JMJD7	1	ENSG00000243789	
JMJD8	1	ENSG00000161999	
JMJD6	1	ENSG00000070495	
PFN4	1	ENSG00000176732	
TTLL11	1	ENSG00000175764	
TTLL12	1	ENSG00000100304	
PFN1	1	ENSG00000108518	
PFN2	1	ENSG00000070087	
TMEM161A	1	ENSG00000064545	
C19orf44	1	ENSG00000105072	
C19orf47	1	ENSG00000160392	
CARMIL1	1	ENSG00000079691	
FIS1	1	ENSG00000214253	
CARMIL2	1	ENSG00000159753	
CARMIL3	1	ENSG00000186648	
C19orf53	1	ENSG00000104979	
SS18L1	1	ENSG00000184402	
SS18L2	1	ENSG00000008324	
ZWINT	1	ENSG00000122952	
OCLN	1	ENSG00000197822	
CREBRF	1	ENSG00000164463	
CC2D1A	1	ENSG00000132024	
IQANK1	1	ENSG00000203499	
CC2D1B	1	ENSG00000154222	
KRT23	1	ENSG00000108244	
KRT20	1	ENSG00000171431	
CCHCR1	1	ENSG00000204536	
CC2D2A	1	ENSG00000048342	
TOMM70	1	ENSG00000154174	
INSRR	1	ENSG00000027644	
KRT34	1	ENSG00000131737	
KRT32	1	ENSG00000108759	
PACS2	1	ENSG00000179364	
MPPED1	1	ENSG00000186732	
PACS1	1	ENSG00000175115	
MPPED2	1	ENSG00000066382	
DCP2	1	ENSG00000172795	
TOMM40	1	ENSG00000130204	
DCPS	1	ENSG00000110063	
CA12	1	ENSG00000074410	
ARNT2	1	ENSG00000172379	
CA11	1	ENSG00000063180	
CA10	1	ENSG00000154975	
KRT13	1	ENSG00000171401	
KRT12	1	ENSG00000187242	
C19orf18	1	ENSG00000177025	
KRT10	1	ENSG00000186395	
C19orf12	1	ENSG00000131943	
KRT19	1	ENSG00000171345	
KRT18	1	ENSG00000111057	
KRT17	1	ENSG00000128422	
KRT16	1	ENSG00000186832	
KRT15	1	ENSG00000171346	
KRT14	1	ENSG00000186847	
TRIP10	1	ENSG00000125733	
TRIP11	1	ENSG00000100815	
TRIP12	1	ENSG00000153827	
TRIP13	1	ENSG00000071539	
MAGEB17	1	ENSG00000182798	
NUCKS1	1	ENSG00000069275	
TOMM20	1	ENSG00000173726	
TOMM22	1	ENSG00000100216	
MALRD1	1	ENSG00000204740	
CMTR1	1	ENSG00000137200	
CMTR2	1	ENSG00000180917	
CA14	1	ENSG00000118298	
CA13	1	ENSG00000185015	
TOMM34	1	ENSG00000025772	
KRT79	1	ENSG00000185640	
KRT78	1	ENSG00000170423	
OCRL	1	ENSG00000122126	
KRT75	1	ENSG00000170454	
ALDH3A2	1	ENSG00000072210	
DCTD	1	ENSG00000129187	
ALDH3A1	1	ENSG00000108602	
FIZ1	1	ENSG00000179943	
ISCU	1	ENSG00000136003	
HPCA	1	ENSG00000121905	
COBLL1	1	ENSG00000082438	
ALDH3B1	1	ENSG00000006534	
RIPK1	1	ENSG00000137275	
ANKZF1	1	ENSG00000163516	
ENKD1	1	ENSG00000124074	
BTNL9	1	ENSG00000165810	
ACBD7	1	ENSG00000176244	
BTNL8	1	ENSG00000113303	
ACBD6	1	ENSG00000230124	
ACBD5	1	ENSG00000107897	
ACBD4	1	ENSG00000181513	
MRGBP	1	ENSG00000101189	
ACBD3	1	ENSG00000182827	
SCYL3	1	ENSG00000000457	
HPF1	1	ENSG00000056050	
NAPRT	1	ENSG00000147813	
KYNU	1	ENSG00000115919	
SPEG	1	ENSG00000072195	
SCYL2	1	ENSG00000136021	
SCYL1	1	ENSG00000142186	
TSFM	1	ENSG00000123297	
JAGN1	1	ENSG00000171135	
DCXR	1	ENSG00000169738	
HPDL	1	ENSG00000186603	
LUC7L3	1	ENSG00000108848	
PXYLP1	1	ENSG00000155893	
PRTFDC1	1	ENSG00000099256	
LUC7L2	1	ENSG00000146963	
KRT81	1	ENSG00000205426	
KRT80	1	ENSG00000167767	
HPGD	1	ENSG00000164120	
TUFT1	1	ENSG00000143367	
SPG7	1	ENSG00000197912	
KRT86	1	ENSG00000170442	
U2AF1L4	1	ENSG00000161265	
GMDS	1	ENSG00000112699	
SASH1	1	ENSG00000111961	
CMTM7	1	ENSG00000153551	
SPEN	1	ENSG00000065526	
CMTM8	1	ENSG00000170293	
CMTM3	1	ENSG00000140931	
CMTM4	1	ENSG00000183723	
CMTM5	1	ENSG00000166091	
CMTM6	1	ENSG00000091317	
PDE4DIP	1	ENSG00000178104	
GDAP1	1	ENSG00000104381	
TSHR	1	ENSG00000165409	
GDAP2	1	ENSG00000196505	
TICRR	1	ENSG00000140534	
CMTM1	1	ENSG00000089505	
CMTM2	1	ENSG00000140932	
TSKS	1	ENSG00000126467	
GMFG	1	ENSG00000130755	
ISM1	1	ENSG00000101230	
ISM2	1	ENSG00000100593	
TSKU	1	ENSG00000182704	
SPIB	1	ENSG00000269404	
ISLR	1	ENSG00000129009	
RAVER1	1	ENSG00000161847	
RAVER2	1	ENSG00000162437	
MTERF1	1	ENSG00000127989	
MLYCD	1	ENSG00000103150	
GTSE1	1	ENSG00000075218	
ARPIN	1	ENSG00000242498	
ISL1	1	ENSG00000016082	
ISL2	1	ENSG00000159556	
TMEM126A	1	ENSG00000171202	
TMEM126B	1	ENSG00000171204	
NLRX1	1	ENSG00000160703	
PLA2G3	1	ENSG00000100078	
BAZ2A	1	ENSG00000076108	
PLA2G5	1	ENSG00000127472	
PLA2G6	1	ENSG00000184381	
PLA2G7	1	ENSG00000146070	
KRTAP5-10	1	ENSG00000204572	
RHOT2	1	ENSG00000140983	
RHOT1	1	ENSG00000126858	
AFMID	1	ENSG00000183077	
SYNDIG1	1	ENSG00000101463	
PRELID3A	1	ENSG00000141391	
PRELID3B	1	ENSG00000101166	
CCZ1B	1	ENSG00000146574	
TSLP	1	ENSG00000145777	
MTERF3	1	ENSG00000156469	
MTERF4	1	ENSG00000122085	
FOXL2NB	1	ENSG00000206262	
ZNF497	1	ENSG00000174586	
ZNF496	1	ENSG00000162714	
NUDT4B	1	ENSG00000177144	
ZNF493	1	ENSG00000196268	
ZNF492	1	ENSG00000229676	
ZNF491	1	ENSG00000177599	
LRRC10B	1	ENSG00000204950	
ZNF490	1	ENSG00000188033	
MED19	1	ENSG00000156603	
MED16	1	ENSG00000175221	
OSBPL11	1	ENSG00000144909	
MED15	1	ENSG00000099917	
MED18	1	ENSG00000130772	
OSBPL10	1	ENSG00000144645	
MED17	1	ENSG00000042429	
DDA1	1	ENSG00000130311	
MED12	1	ENSG00000184634	
MED11	1	ENSG00000161920	
MED14	1	ENSG00000180182	
MED13	1	ENSG00000108510	
MECOM	1	ENSG00000085276	
MED10	1	ENSG00000133398	
TSPO	1	ENSG00000100300	
BMERB1	1	ENSG00000166780	
CSN1S1	1	ENSG00000126545	
ZNF488	1	ENSG00000265763	
ZNF487	1	ENSG00000243660	
ZNF486	1	ENSG00000256229	
ZNF485	1	ENSG00000198298	
ZNF483	1	ENSG00000173258	
RMI2	1	ENSG00000175643	
CNOT6L	1	ENSG00000138767	
RMI1	1	ENSG00000178966	
ZNF480	1	ENSG00000198464	
KIAA1143	1	ENSG00000163807	
JOSD2	1	ENSG00000161677	
BAZ1A	1	ENSG00000198604	
MED27	1	ENSG00000160563	
BAZ1B	1	ENSG00000009954	
GMIP	1	ENSG00000089639	
JOSD1	1	ENSG00000100221	
MED26	1	ENSG00000105085	
MED29	1	ENSG00000063322	
PGM2L1	1	ENSG00000165434	
MED28	1	ENSG00000118579	
DDB2	1	ENSG00000134574	
MED23	1	ENSG00000112282	
DDB1	1	ENSG00000167986	
MED22	1	ENSG00000148297	
MED25	1	ENSG00000104973	
MED24	1	ENSG00000008838	
JMJD7-PLA2G4B	1	ENSG00000168970	
MED21	1	ENSG00000152944	
MED20	1	ENSG00000124641	
ZNF475	1	ENSG00000250803	
ZNF474	1	ENSG00000164185	
ZNF473	1	ENSG00000142528	
ZSWIM1	1	ENSG00000168612	
ZNF471	1	ENSG00000196263	
ZNF470	1	ENSG00000197016	
ODC1	1	ENSG00000115758	
TSR3	1	ENSG00000007520	
ABCB11	1	ENSG00000073734	
EGFR	1	ENSG00000146648	
SPOP	1	ENSG00000121067	
SPP1	1	ENSG00000118785	
ZSWIM8	1	ENSG00000214655	
ZSWIM9	1	ENSG00000185453	
ZSWIM6	1	ENSG00000130449	
ZNF469	1	ENSG00000225614	
ZNF468	1	ENSG00000204604	
ZSWIM7	1	ENSG00000214941	
ZNF467	1	ENSG00000181444	
ZSWIM4	1	ENSG00000132003	
ZSWIM5	1	ENSG00000162415	
ZSWIM2	1	ENSG00000163012	
ZSWIM3	1	ENSG00000132801	
ZNF462	1	ENSG00000148143	
ZNF460	1	ENSG00000197714	
NUDT22	1	ENSG00000149761	
NUDT21	1	ENSG00000167005	
ABCB10	1	ENSG00000135776	
TAOK3	1	ENSG00000135090	
SLCO3A1	1	ENSG00000176463	
TAOK1	1	ENSG00000160551	
TAOK2	1	ENSG00000149930	
TSR2	1	ENSG00000158526	
TSR1	1	ENSG00000167721	
ZNF454	1	ENSG00000178187	
ZNF451	1	ENSG00000112200	
OLFML2B	1	ENSG00000162745	
NAB1	1	ENSG00000138386	
NAB2	1	ENSG00000166886	
GMNN	1	ENSG00000112312	
REG1A	1	ENSG00000115386	
MPV17L2	1	ENSG00000254858	
OLFML2A	1	ENSG00000185585	
NUDT11	1	ENSG00000196368	
NUDT10	1	ENSG00000122824	
ZNF449	1	ENSG00000173275	
NUDT19	1	ENSG00000213965	
NUDT17	1	ENSG00000186364	
ZNF446	1	ENSG00000083838	
NUDT16	1	ENSG00000198585	
ZNF445	1	ENSG00000185219	
MTPAP	1	ENSG00000107951	
NUDT15	1	ENSG00000136159	
NUDT14	1	ENSG00000183828	
ZNF444	1	ENSG00000167685	
ZNF443	1	ENSG00000180855	
NUDT13	1	ENSG00000166321	
NUDT12	1	ENSG00000112874	
ZNF442	1	ENSG00000198342	
HMGB1P1	1	ENSG00000124097	
ZNF441	1	ENSG00000197044	
ZNF440	1	ENSG00000171295	
IST1	1	ENSG00000182149	
ZCRB1	1	ENSG00000139168	
CASD1	1	ENSG00000127995	
ZNF439	1	ENSG00000171291	
ZNF438	1	ENSG00000183621	
GMNC	1	ENSG00000205835	
PLA2R1	1	ENSG00000153246	
ZNF433	1	ENSG00000197647	
ZNF432	1	ENSG00000256087	
ZNF431	1	ENSG00000196705	
SPATA9	1	ENSG00000145757	
ZNF430	1	ENSG00000118620	
SMYD5	1	ENSG00000135632	
TMEM121B	1	ENSG00000183307	
SPATA1	1	ENSG00000122432	
GMPS	1	ENSG00000163655	
SPATA2	1	ENSG00000158480	
GMPR	1	ENSG00000137198	
REG3G	1	ENSG00000143954	
SPATA4	1	ENSG00000150628	
SPATA6	1	ENSG00000132122	
SPATA7	1	ENSG00000042317	
MED30	1	ENSG00000164758	
ZNF429	1	ENSG00000197013	
ZNF428	1	ENSG00000131116	
MED31	1	ENSG00000108590	
PGK1	1	ENSG00000102144	
SMYD2	1	ENSG00000143499	
SMYD1	1	ENSG00000115593	
ZNF426	1	ENSG00000130818	
BRIX1	1	ENSG00000113460	
SMYD4	1	ENSG00000186532	
ZNF425	1	ENSG00000204947	
SMYD3	1	ENSG00000185420	
NAE1	1	ENSG00000159593	
ZNF423	1	ENSG00000102935	
NADK	1	ENSG00000008130	
ZNF420	1	ENSG00000197050	
TMEM120B	1	ENSG00000188735	
ODF2	1	ENSG00000136811	
TMEM120A	1	ENSG00000189077	
HPS1	1	ENSG00000107521	
HPS4	1	ENSG00000100099	
RABL2A	1	ENSG00000144134	
RABL2B	1	ENSG00000079974	
HPS3	1	ENSG00000163755	
ARPC4	1	ENSG00000241553	
HPS6	1	ENSG00000166189	
HPS5	1	ENSG00000110756	
ARPC5	1	ENSG00000162704	
ARPC2	1	ENSG00000163466	
ZNF419	1	ENSG00000105136	
ARPC3	1	ENSG00000111229	
NACA	1	ENSG00000196531	
ZNF418	1	ENSG00000196724	
ZNF417	1	ENSG00000173480	
ZNF416	1	ENSG00000083817	
ZNF415	1	ENSG00000170954	
ZNF414	1	ENSG00000133250	
HPSE	1	ENSG00000173083	
OSBPL1A	1	ENSG00000141447	
ZNF410	1	ENSG00000119725	
SPRN	1	ENSG00000203772	
ITGB1	1	ENSG00000150093	
ISY1	1	ENSG00000240682	
MIPEP	1	ENSG00000027001	
CIITA	1	ENSG00000179583	
GPR89A	1	ENSG00000117262	
ITGAM	1	ENSG00000169896	
NUMA1	1	ENSG00000137497	
ITGB5	1	ENSG00000082781	
ITGB4	1	ENSG00000132470	
ITGB3	1	ENSG00000259207	
ITGB2	1	ENSG00000160255	
ITGAE	1	ENSG00000083457	
ITGAL	1	ENSG00000005844	
ELFN2	1	ENSG00000166897	
GPR89B	1	ENSG00000188092	
ELFN1	1	ENSG00000225968	
NKPD1	1	ENSG00000179846	
ZNRD2	1	ENSG00000173465	
ZNF408	1	ENSG00000175213	
ZNF407	1	ENSG00000215421	
PGM3	1	ENSG00000013375	
ITGAX	1	ENSG00000140678	
PGM2	1	ENSG00000169299	
ITGB8	1	ENSG00000105855	
ITGB7	1	ENSG00000139626	
ITGAV	1	ENSG00000138448	
PGM5	1	ENSG00000154330	
PGLS	1	ENSG00000130313	
YAF2	1	ENSG00000015153	
PGM1	1	ENSG00000079739	
ITGA4	1	ENSG00000115232	
TMEM255B	1	ENSG00000184497	
ITGA3	1	ENSG00000005884	
TMEM255A	1	ENSG00000125355	
ITGA2	1	ENSG00000164171	
ITGA1	1	ENSG00000213949	
AHSA1	1	ENSG00000100591	
TFIP11	1	ENSG00000100109	
SPTB	1	ENSG00000070182	
ADORA2A	1	ENSG00000128271	
RRM2B	1	ENSG00000048392	
ADORA2B	1	ENSG00000170425	
ITGA8	1	ENSG00000077943	
ITGA7	1	ENSG00000135424	
NAF1	1	ENSG00000145414	
ITGA5	1	ENSG00000161638	
UGT2B7	1	ENSG00000171234	
ITGA9	1	ENSG00000144668	
BECN1	1	ENSG00000126581	
ROCK2	1	ENSG00000134318	
PPT2-EGFL8	1	ENSG00000258388	
FOXRED1	1	ENSG00000110074	
FOXRED2	1	ENSG00000100350	
ZNRF1	1	ENSG00000186187	
ZNRF2	1	ENSG00000180233	
ZNRF3	1	ENSG00000183579	
CCDC85C	1	ENSG00000205476	
CCDC85B	1	ENSG00000175602	
CCDC85A	1	ENSG00000055813	
FEM1C	1	ENSG00000145780	
POLR2J3	2	ENSG00000168255:ENSG00000285437	
POLR2J2	1	ENSG00000228049	
FEM1A	1	ENSG00000141965	
FEM1B	1	ENSG00000169018	
NAGA	1	ENSG00000198951	
NAGK	1	ENSG00000124357	
POU2AF3	1	ENSG00000214290	
POU2AF1	1	ENSG00000110777	
NAGS	1	ENSG00000161653	
LDLRAD2	1	ENSG00000187942	
LDLRAD3	1	ENSG00000179241	
LDLRAD4	1	ENSG00000168675	
CCDC102A	1	ENSG00000135736	
CCDC102B	1	ENSG00000150636	
SNRPD2	1	ENSG00000125743	
SNRPD1	1	ENSG00000167088	
SNRPD3	1	ENSG00000100028	
SPA17	1	ENSG00000064199	
TBC1D22A	1	ENSG00000054611	
TBC1D22B	1	ENSG00000065491	
FAM76B	1	ENSG00000077458	
FAM76A	1	ENSG00000009780	
NAIP	1	ENSG00000249437	
NUMBL	1	ENSG00000105245	
TBC1D9B	1	ENSG00000197226	
GGNBP2	1	ENSG00000278311	
GARRE1	1	ENSG00000166398	
GSPT2	1	ENSG00000189369	
GSPT1	1	ENSG00000103342	
PGS1	1	ENSG00000087157	
SEC14L2	1	ENSG00000100003	
BRIP1	1	ENSG00000136492	
SEC14L1	1	ENSG00000129657	
SEC14L6	1	ENSG00000214491	
SEC14L4	1	ENSG00000133488	
SEC14L5	1	ENSG00000103184	
TBC1D8B	1	ENSG00000133138	
EGR1	1	ENSG00000120738	
EGR2	1	ENSG00000122877	
EGR3	1	ENSG00000179388	
EGR4	1	ENSG00000135625	
FAM78B	1	ENSG00000188859	
FAM78A	1	ENSG00000126882	
EPRS1	1	ENSG00000136628	
CALY	1	ENSG00000130643	
CALU	1	ENSG00000128595	
CALR	1	ENSG00000179218	
DDR1	1	ENSG00000204580	
NBPF20	1	ENSG00000162825	
NAT10	1	ENSG00000135372	
NAT14	1	ENSG00000090971	
MEDAG	1	ENSG00000102802	
NAT16	1	ENSG00000167011	
NANP	1	ENSG00000170191	
MAP1LC3B	1	ENSG00000140941	
ODR4	1	ENSG00000157181	
MAP1LC3A	1	ENSG00000101460	
MIS18BP1	1	ENSG00000129534	
MAP1LC3C	1	ENSG00000197769	
CHAMP1	1	ENSG00000198824	
NANS	1	ENSG00000095380	
CAMP	1	ENSG00000164047	
HTATIP2	1	ENSG00000109854	
CAP1	1	ENSG00000131236	
NBPF12	1	ENSG00000268043	
NBPF11	1	ENSG00000263956	
NBPF14	1	ENSG00000270629	
NBPF15	1	ENSG00000266338	
CANX	1	ENSG00000127022	
MFGE8	1	ENSG00000140545	
FJX1	1	ENSG00000179431	
DDR2	1	ENSG00000162733	
YAP1	1	ENSG00000137693	
NAPA	1	ENSG00000105402	
NAPB	1	ENSG00000125814	
GNAI3	1	ENSG00000065135	
CAPG	1	ENSG00000042493	
GNAI1	1	ENSG00000127955	
NAPG	1	ENSG00000134265	
GNAI2	1	ENSG00000114353	
PNMA1	1	ENSG00000176903	
EPS15	1	ENSG00000085832	
CAP2	1	ENSG00000112186	
GABBR2	1	ENSG00000136928	
GABBR1	1	ENSG00000204681	
DDTL	1	ENSG00000099974	
TTC1	1	ENSG00000113312	
PNMA3	1	ENSG00000183837	
PNMA2	1	ENSG00000240694	
TTC9	1	ENSG00000133985	
TTC8	1	ENSG00000165533	
ITCH	1	ENSG00000078747	
TBC1D3L	1	ENSG00000274512	
TTC5	1	ENSG00000136319	
TTC4	1	ENSG00000243725	
TTC3	1	ENSG00000182670	
RTN4IP1	1	ENSG00000130347	
CAPS	1	ENSG00000105519	
NARF	1	ENSG00000141562	
TBC1D3B	1	ENSG00000274808	
TBC1D3E	1	ENSG00000278599	
MSMO1	1	ENSG00000052802	
TTF2	1	ENSG00000116830	
TBC1D3D	1	ENSG00000274419	
YARS1	1	ENSG00000134684	
TTF1	1	ENSG00000125482	
CARF	1	ENSG00000138380	
YARS2	1	ENSG00000139131	
AKR7A3	1	ENSG00000162482	
TBC1D31	1	ENSG00000156787	
TBC1D32	1	ENSG00000146350	
TBC1D30	1	ENSG00000111490	
CASK	1	ENSG00000147044	
IRAG2	1	ENSG00000118308	
TBC1D2B	1	ENSG00000167202	
CDKAL1	1	ENSG00000145996	
TBC1D20	1	ENSG00000125875	
WDFY1	1	ENSG00000085449	
TBC1D25	1	ENSG00000068354	
WDFY3	1	ENSG00000163625	
TSNARE1	1	ENSG00000171045	
TBC1D23	1	ENSG00000036054	
WDFY2	1	ENSG00000139668	
CARS1	1	ENSG00000110619	
WDFY4	1	ENSG00000128815	
CARS2	1	ENSG00000134905	
EMID1	1	ENSG00000186998	
DDX6	1	ENSG00000110367	
GNAZ	1	ENSG00000128266	
DDX5	1	ENSG00000108654	
TBC1D19	1	ENSG00000109680	
PKDCC	1	ENSG00000162878	
DDX1	1	ENSG00000079785	
VCPIP1	1	ENSG00000175073	
IRAK1	1	ENSG00000184216	
IRAK2	1	ENSG00000134070	
TBC1D14	1	ENSG00000132405	
TBC1D12	1	ENSG00000108239	
RHPN2	1	ENSG00000131941	
TBC1D17	1	ENSG00000104946	
TBC1D15	1	ENSG00000121749	
TBC1D16	1	ENSG00000167291	
CAV2	1	ENSG00000105971	
CAV1	1	ENSG00000105974	
CNOT10	1	ENSG00000182973	
UEVLD	1	ENSG00000151116	
GNAL	1	ENSG00000141404	
NASP	1	ENSG00000132780	
NAT1	1	ENSG00000171428	
CNOT11	1	ENSG00000158435	
NAT2	1	ENSG00000156006	
GNAQ	1	ENSG00000156052	
GNB2	1	ENSG00000172354	
GNB1	1	ENSG00000078369	
GNAS	1	ENSG00000087460	
GNB4	1	ENSG00000114450	
GNB3	1	ENSG00000111664	
GNB5	1	ENSG00000069966	
NAT9	1	ENSG00000109065	
SLC35E2B	1	ENSG00000189339	
DYRK4	1	ENSG00000010219	
DYRK3	1	ENSG00000143479	
DYRK2	1	ENSG00000127334	
DPY30	1	ENSG00000162961	
RND3	1	ENSG00000115963	
RND1	1	ENSG00000172602	
MYO18B	1	ENSG00000133454	
MYO18A	1	ENSG00000196535	
IRAK3	1	ENSG00000090376	
NAV2	1	ENSG00000166833	
IRAK4	1	ENSG00000198001	
QRSL1	1	ENSG00000130348	
TTI2	1	ENSG00000129696	
TAPBP	1	ENSG00000231925	
TTI1	1	ENSG00000101407	
NAV3	1	ENSG00000067798	
GNB1L	1	ENSG00000185838	
NAT8L	1	ENSG00000185818	
FAM72D	1	ENSG00000215784	
FAM72C	1	ENSG00000263513	
FAM72B	1	ENSG00000188610	
CLRN1	1	ENSG00000163646	
FAM72A	1	ENSG00000196550	
NAXE	1	ENSG00000163382	
RNF8	1	ENSG00000112130	
RNF6	1	ENSG00000127870	
RSPH9	1	ENSG00000172426	
RNF7	1	ENSG00000114125	
RNF4	1	ENSG00000063978	
RNF5	1	ENSG00000204308	
GNG2	1	ENSG00000186469	
GNG5	1	ENSG00000174021	
GNG4	1	ENSG00000168243	
TRA2B	1	ENSG00000136527	
GNG7	1	ENSG00000176533	
TRA2A	1	ENSG00000164548	
GNG8	1	ENSG00000167414	
TMED7-TICAM2	1	ENSG00000251201	
RSPH1	1	ENSG00000160188	
MYO15B	1	ENSG00000266714	
MYO15A	1	ENSG00000091536	
SIMC1	1	ENSG00000170085	
STIMATE-MUSTN1	1	ENSG00000248592	
NAXD	1	ENSG00000213995	
NRDE2	1	ENSG00000119720	
PHB1	1	ENSG00000167085	
RNH1	1	ENSG00000023191	
GPATCH2	1	ENSG00000092978	
HNRNPU	1	ENSG00000153187	
GPATCH1	1	ENSG00000076650	
GPATCH4	1	ENSG00000160818	
PHAX	1	ENSG00000164902	
ADARB1	1	ENSG00000197381	
GPATCH3	1	ENSG00000198746	
ADARB2	1	ENSG00000185736	
PHB2	1	ENSG00000215021	
GPATCH8	1	ENSG00000186566	
CMKLR2	1	ENSG00000183671	
CMKLR1	1	ENSG00000174600	
DDX17	1	ENSG00000100201	
DDX18	1	ENSG00000088205	
DDX11	1	ENSG00000013573	
DDX10	1	ENSG00000178105	
ASTN2	1	ENSG00000148219	
RHNO1	1	ENSG00000171792	
ZNF398	1	ENSG00000197024	
ZNF397	1	ENSG00000186812	
ZNF396	1	ENSG00000186496	
ZNF395	1	ENSG00000186918	
ZNF394	1	ENSG00000160908	
ZNF391	1	ENSG00000124613	
PHYHIPL	1	ENSG00000165443	
NTHL1	1	ENSG00000065057	
TTPA	1	ENSG00000137561	
NCKAP1L	1	ENSG00000123338	
PLEK2	1	ENSG00000100558	
NRBF2	1	ENSG00000148572	
NHEJ1	1	ENSG00000187736	
PRELID2	1	ENSG00000186314	
PHC2	1	ENSG00000134686	
PRELID1	1	ENSG00000169230	
ZNF383	1	ENSG00000188283	
PHC1	1	ENSG00000111752	
ZNF382	1	ENSG00000161298	
PHC3	1	ENSG00000173889	
PAFAH2	1	ENSG00000158006	
EHD1	1	ENSG00000110047	
HNRNPL	1	ENSG00000104824	
SQLE	1	ENSG00000104549	
EHD2	1	ENSG00000024422	
EHD3	1	ENSG00000013016	
EHD4	1	ENSG00000103966	
ZNF37A	1	ENSG00000075407	
HNRNPF	1	ENSG00000169813	
HNRNPD	1	ENSG00000138668	
HNRNPC	1	ENSG00000092199	
ITPA	1	ENSG00000125877	
DAND5	1	ENSG00000179284	
PHF3	1	ENSG00000118482	
PHF1	1	ENSG00000112511	
C1QTNF9	1	ENSG00000240654	
PHF7	1	ENSG00000010318	
PHF6	1	ENSG00000156531	
ABCC11	1	ENSG00000121270	
PHEX	1	ENSG00000102174	
PHF8	1	ENSG00000172943	
ZNF280D	1	ENSG00000137871	
C1QTNF4	1	ENSG00000172247	
C1QTNF3	1	ENSG00000082196	
C1QTNF2	1	ENSG00000145861	
C1QTNF1	1	ENSG00000173918	
TCTN3	1	ENSG00000119977	
GNLY	1	ENSG00000115523	
C1QTNF7	1	ENSG00000163145	
ZNF280A	1	ENSG00000169548	
C1QTNF6	1	ENSG00000133466	
TCTN2	1	ENSG00000168778	
ZNF280B	1	ENSG00000275004	
TCTN1	1	ENSG00000204852	
ZNF280C	1	ENSG00000056277	
RBPMS2	1	ENSG00000166831	
JARID2	1	ENSG00000008083	
ZNF367	1	ENSG00000165244	
ZNF365	1	ENSG00000138311	
ZNF362	1	ENSG00000160094	
GRAMD2B	1	ENSG00000155324	
GRAMD2A	1	ENSG00000175318	
ELMOD2	1	ENSG00000179387	
ELMOD1	1	ENSG00000110675	
ELMOD3	1	ENSG00000115459	
GNL2	1	ENSG00000134697	
GNL1	1	ENSG00000204590	
COQ10B	1	ENSG00000115520	
COQ10A	1	ENSG00000135469	
GNL3	1	ENSG00000163938	
ZEB2	1	ENSG00000169554	
SIKE1	1	ENSG00000052723	
TUBB2B	1	ENSG00000137285	
ZEB1	1	ENSG00000148516	
TUBB2A	1	ENSG00000137267	
ZNF358	1	ENSG00000198816	
GRAMD1C	1	ENSG00000178075	
GRAMD1B	1	ENSG00000023171	
GRAMD1A	1	ENSG00000089351	
NBAS	1	ENSG00000151779	
ZNF350	1	ENSG00000256683	
RNMT	1	ENSG00000101654	
WDR45B	1	ENSG00000141580	
ZNF347	1	ENSG00000197937	
ZNF346	1	ENSG00000113761	
ZNF345	1	ENSG00000251247	
DEDD	1	ENSG00000158796	
ZNF343	1	ENSG00000088876	
ZNF341	1	ENSG00000131061	
GLYCTK	1	ENSG00000168237	
SQOR	1	ENSG00000137767	
DEF8	1	ENSG00000140995	
TUBB4B	1	ENSG00000188229	
TUBB4A	1	ENSG00000104833	
DEF6	1	ENSG00000023892	
ZNF33B	1	ENSG00000196693	
GNMT	1	ENSG00000124713	
ZNF33A	1	ENSG00000189180	
ZNF337	1	ENSG00000130684	
ZNF335	1	ENSG00000198026	
ZNF334	1	ENSG00000198185	
ZNF333	1	ENSG00000160961	
ZNF331	1	ENSG00000130844	
CCDC71L	1	ENSG00000253276	
ZNF330	1	ENSG00000109445	
VKORC1L1	1	ENSG00000196715	
TMEM131L	1	ENSG00000121210	
TM7SF3	1	ENSG00000064115	
TM7SF2	1	ENSG00000149809	
NRBP2	1	ENSG00000185189	
DEPTOR	1	ENSG00000155792	
FCGRT	1	ENSG00000104870	
SLCO2B1	1	ENSG00000137491	
ZNF329	1	ENSG00000181894	
ZNF326	1	ENSG00000162664	
ZNF324	1	ENSG00000083812	
ZNF322	1	ENSG00000181315	
ZNF320	1	ENSG00000182986	
SERF1A	1	ENSG00000172058	
THNSL1	1	ENSG00000185875	
THNSL2	1	ENSG00000144115	
NRBP1	1	ENSG00000115216	
ZNF319	1	ENSG00000166188	
ZNF318	1	ENSG00000171467	
SLCO2A1	1	ENSG00000174640	
ZNF317	1	ENSG00000130803	
ZNF316	1	ENSG00000205903	
PHIP	1	ENSG00000146247	
SREK1	1	ENSG00000153914	
FAM8A1	1	ENSG00000137414	
ZNF311	1	ENSG00000197935	
MAGEL2	1	ENSG00000254585	
CBFB	1	ENSG00000067955	
YBEY	1	ENSG00000182362	
ZNF304	1	ENSG00000131845	
ZNF302	1	ENSG00000089335	
TMEM132D	1	ENSG00000151952	
TMEM132C	1	ENSG00000181234	
TMEM132E	1	ENSG00000181291	
POLR3GL	1	ENSG00000121851	
TMEM132B	1	ENSG00000139364	
TMEM132A	1	ENSG00000006118	
PHKB	1	ENSG00000102893	
NBDY	1	ENSG00000204272	
REEP1	1	ENSG00000068615	
ADCY10	1	ENSG00000143199	
IRAK1BP1	1	ENSG00000146243	
NBEA	1	ENSG00000172915	
REEP5	1	ENSG00000129625	
REEP4	1	ENSG00000168476	
REEP3	1	ENSG00000165476	
REEP2	1	ENSG00000132563	
REEP6	1	ENSG00000115255	
DIDO1	1	ENSG00000101191	
CXorf38	1	ENSG00000185753	
RO60	1	ENSG00000116747	
PSTPIP1	1	ENSG00000140368	
PSTPIP2	1	ENSG00000152229	
HGFAC	1	ENSG00000109758	
CDADC1	1	ENSG00000102543	
HAUS4	1	ENSG00000092036	
FAAH2	1	ENSG00000165591	
HAUS3	1	ENSG00000214367	
HAUS6	1	ENSG00000147874	
HAUS5	1	ENSG00000249115	
HAUS2	1	ENSG00000137814	
HAUS1	1	ENSG00000152240	
CCDC74B	1	ENSG00000152076	
CCDC74A	1	ENSG00000163040	
PECAM1	1	ENSG00000261371	
FRRS1	1	ENSG00000156869	
EI24	1	ENSG00000149547	
NLRC5	1	ENSG00000140853	
NLRC3	1	ENSG00000167984	
DENND3	1	ENSG00000105339	
CYP3A4	1	ENSG00000160868	
FIP1L1	1	ENSG00000145216	
HAUS8	1	ENSG00000131351	
ASTE1	1	ENSG00000034533	
HAUS7	1	ENSG00000213397	
CEACAM20	1	ENSG00000273777	
FKTN	1	ENSG00000106692	
FKRP	1	ENSG00000181027	
NCKAP5L	1	ENSG00000167566	
CYP51A1	1	ENSG00000001630	
CEACAM19	1	ENSG00000186567	
DOLPP1	1	ENSG00000167130	
PI15	1	ENSG00000137558	
PI16	1	ENSG00000164530	
NECTIN4	1	ENSG00000143217	
NECTIN3	1	ENSG00000177707	
NECTIN2	1	ENSG00000130202	
NECTIN1	1	ENSG00000110400	
IFI27L1	1	ENSG00000165948	
ISCA2	1	ENSG00000165898	
IFI27L2	1	ENSG00000119632	
ISCA1	1	ENSG00000135070	
FAM89B	1	ENSG00000176973	
FAM89A	1	ENSG00000182118	
CBLC	1	ENSG00000142273	
CBLB	1	ENSG00000114423	
FLAD1	1	ENSG00000160688	
PCLAF	1	ENSG00000166803	
TBC1D10C	1	ENSG00000175463	
DENR	1	ENSG00000139726	
TBC1D10A	1	ENSG00000099992	
TBC1D10B	1	ENSG00000169221	
METTL1	1	ENSG00000037897	
METTL3	1	ENSG00000165819	
HSD11B1L	1	ENSG00000167733	
AZGP1	1	ENSG00000160862	
CYP2U1	1	ENSG00000155016	
KATNAL1	1	ENSG00000102781	
KATNAL2	1	ENSG00000167216	
MAGEB6	1	ENSG00000176746	
NBL1	1	ENSG00000158747	
BLZF1	1	ENSG00000117475	
CASZ1	1	ENSG00000130940	
DCUN1D5	1	ENSG00000137692	
MAGED1	1	ENSG00000179222	
DCUN1D3	1	ENSG00000188215	
DCUN1D4	1	ENSG00000109184	
DCUN1D1	1	ENSG00000043093	
DCUN1D2	1	ENSG00000150401	
MAGEC3	1	ENSG00000165509	
RALGDS	1	ENSG00000160271	
ZRANB3	1	ENSG00000121988	
ZRANB1	1	ENSG00000019995	
ZRANB2	1	ENSG00000132485	
MAGEE1	1	ENSG00000198934	
MAGEE2	1	ENSG00000186675	
ATPSCKMT	1	ENSG00000150756	
REX1BD	1	ENSG00000006015	
DERA	1	ENSG00000023697	
RAET1E	1	ENSG00000164520	
RAET1G	1	ENSG00000203722	
CYP2S1	1	ENSG00000167600	
MAGED4	1	ENSG00000154545	
RAET1L	1	ENSG00000155918	
MAGED2	1	ENSG00000102316	
ROBO2	1	ENSG00000185008	
ROBO3	1	ENSG00000154134	
DET1	1	ENSG00000140543	
ROBO4	1	ENSG00000154133	
MAGEF1	1	ENSG00000177383	
SRA1	1	ENSG00000213523	
SGF29	1	ENSG00000176476	
ROBO1	1	ENSG00000169855	
SLC22A13	1	ENSG00000172940	
SLC22A14	1	ENSG00000144671	
SLC22A15	1	ENSG00000163393	
SLC22A17	1	ENSG00000092096	
SLC22A18	1	ENSG00000110628	
CHMP1B	1	ENSG00000255112	
CHMP1A	1	ENSG00000131165	
HRAS	1	ENSG00000174775	
VENTX	1	ENSG00000151650	
CBR1	1	ENSG00000159228	
ZER1	1	ENSG00000160445	
TUBB	1	ENSG00000196230	
BHMT2	1	ENSG00000132840	
PPRC1	1	ENSG00000148840	
ITFG2	1	ENSG00000111203	
ITFG1	1	ENSG00000129636	
TOPORS	1	ENSG00000197579	
SLC22A23	1	ENSG00000137266	
RGS7BP	1	ENSG00000186479	
MAGEH1	1	ENSG00000187601	
ADH1C	1	ENSG00000248144	
DCST2	1	ENSG00000163354	
METTL4	1	ENSG00000101574	
METTL5	1	ENSG00000138382	
METTL6	1	ENSG00000206562	
GPBP1L1	1	ENSG00000159592	
METTL8	1	ENSG00000123600	
METTL9	1	ENSG00000197006	
SLC22A31	1	ENSG00000259803	
CBR4	1	ENSG00000145439	
RTRAF	1	ENSG00000087302	
CBR3	1	ENSG00000159231	
UBL4A	1	ENSG00000102178	
UBL4B	1	ENSG00000186150	
LHFPL5	1	ENSG00000197753	
LHFPL4	1	ENSG00000156959	
LHFPL3	1	ENSG00000187416	
LHFPL2	1	ENSG00000145685	
LHFPL1	1	ENSG00000182508	
NBR1	1	ENSG00000188554	
LHFPL6	1	ENSG00000183722	
FCGBP	1	ENSG00000275395	
GUCY1B1	1	ENSG00000061918	
KDM1A	1	ENSG00000004487	
KDM1B	1	ENSG00000165097	
MRFAP1	1	ENSG00000179010	
NARS1	1	ENSG00000134440	
NARS2	1	ENSG00000137513	
NRCAM	1	ENSG00000091129	
FAM81B	1	ENSG00000153347	
FAM81A	1	ENSG00000157470	
GUCY1A2	1	ENSG00000152402	
GUCY1A1	1	ENSG00000164116	
PHYH	1	ENSG00000107537	
GAS2L3	1	ENSG00000139354	
KDM2A	1	ENSG00000173120	
SYCE1L	1	ENSG00000205078	
TUG1	1	ENSG00000253352	
DEXI	1	ENSG00000182108	
TUFM	1	ENSG00000178952	
CHMP4C	1	ENSG00000164695	
CHMP4B	1	ENSG00000101421	
CHMP4A	1	ENSG00000254505	
FAM83H	1	ENSG00000180921	
HRH1	1	ENSG00000196639	
FAM83E	1	ENSG00000105523	
HRH3	1	ENSG00000101180	
HRH2	1	ENSG00000113749	
HRH4	1	ENSG00000134489	
NLRP1	1	ENSG00000091592	
CLSPN	1	ENSG00000092853	
GAS2L1	1	ENSG00000185340	
FAM83D	1	ENSG00000101447	
GAS2L2	1	ENSG00000270765	
CYP2J2	1	ENSG00000134716	
CBX8	1	ENSG00000141570	
CBX7	1	ENSG00000100307	
CBX6	1	ENSG00000183741	
CBX5	1	ENSG00000094916	
CBX4	1	ENSG00000141582	
CBX3	1	ENSG00000122565	
CBX2	1	ENSG00000173894	
CBX1	1	ENSG00000108468	
LRP1B	1	ENSG00000168702	
AMACR	1	ENSG00000242110	
CAPRIN1	1	ENSG00000135387	
CAPRIN2	1	ENSG00000110888	
CHMP2B	1	ENSG00000083937	
CASS4	1	ENSG00000087589	
CHMP2A	1	ENSG00000130724	
NMUR2	1	ENSG00000132911	
NMUR1	1	ENSG00000171596	
BMPR1B	1	ENSG00000138696	
LRP10	1	ENSG00000197324	
LRP12	1	ENSG00000147650	
LRP11	1	ENSG00000120256	
KDM5A	1	ENSG00000073614	
MUS81	1	ENSG00000172732	
KDM5B	1	ENSG00000117139	
KDM5D	1	ENSG00000012817	
CBY3	1	ENSG00000204659	
CBY2	1	ENSG00000174015	
CBY1	1	ENSG00000100211	
YBX2	1	ENSG00000006047	
YBX1	1	ENSG00000065978	
YBX3	1	ENSG00000060138	
HS2ST1	1	ENSG00000153936	
CASP9	1	ENSG00000132906	
SPRED3	1	ENSG00000188766	
FLCN	1	ENSG00000154803	
SPRED2	1	ENSG00000198369	
CASP7	1	ENSG00000165806	
SPRED1	1	ENSG00000166068	
ZKSCAN8P1	1	ENSG00000226314	
CASP8	1	ENSG00000064012	
CASP5	1	ENSG00000137757	
CIMIP6	1	ENSG00000177994	
CASP6	1	ENSG00000138794	
CASP3	1	ENSG00000164305	
CASP4	1	ENSG00000196954	
CYP2R1	1	ENSG00000186104	
CASP1	1	ENSG00000137752	
VWC2L	1	ENSG00000174453	
CASP2	1	ENSG00000106144	
CIMIP5	1	ENSG00000150873	
RIMBP3B	1	ENSG00000274600	
KDM6B	1	ENSG00000132510	
PROSER1	1	ENSG00000120685	
SPATS2	1	ENSG00000123352	
POMGNT2	1	ENSG00000144647	
POMGNT1	1	ENSG00000085998	
CASQ1	1	ENSG00000143318	
KDM7A	1	ENSG00000006459	
TRARG1	1	ENSG00000184811	
VAC14	1	ENSG00000103043	
KDM3A	1	ENSG00000115548	
PERM1	1	ENSG00000187642	
THBS2	1	ENSG00000186340	
THBS1	1	ENSG00000137801	
THBS4	1	ENSG00000113296	
TBRG4	1	ENSG00000136270	
THBS3	1	ENSG00000169231	
TBRG1	1	ENSG00000154144	
GNA13	1	ENSG00000120063	
GNA14	1	ENSG00000156049	
GNA15	1	ENSG00000060558	
GNA11	1	ENSG00000088256	
ZNF286A	1	ENSG00000187607	
TCF7L2	1	ENSG00000148737	
KDM4A	1	ENSG00000066135	
TCF7L1	1	ENSG00000152284	
KDM4D	1	ENSG00000186280	
CDK2AP2	1	ENSG00000167797	
CDK2AP1	1	ENSG00000111328	
LPIN1	1	ENSG00000134324	
LPIN2	1	ENSG00000101577	
LPIN3	1	ENSG00000132793	
MT-ND4L	1	ENSG00000212907	
ZNF296	1	ENSG00000170684	
PID1	1	ENSG00000153823	
CHIC1	1	ENSG00000204116	
OSGEPL1	1	ENSG00000128694	
UXS1	1	ENSG00000115652	
ZNF292	1	ENSG00000188994	
SPRING1	1	ENSG00000111412	
VPREB3	1	ENSG00000128218	
KRTCAP3	1	ENSG00000157992	
KRTCAP2	1	ENSG00000163463	
AS3MT	1	ENSG00000214435	
MEF2A	1	ENSG00000068305	
CHID1	1	ENSG00000177830	
ZNF287	1	ENSG00000141040	
WDHD1	1	ENSG00000198554	
RBFOX1	1	ENSG00000078328	
MEF2C	1	ENSG00000081189	
ZNF285	1	ENSG00000267508	
RBFOX2	1	ENSG00000100320	
MEF2B	1	ENSG00000213999	
ZNF284	1	ENSG00000186026	
RBFOX3	1	ENSG00000167281	
ZNF283	1	ENSG00000167637	
ZNF281	1	ENSG00000162702	
SETMAR	1	ENSG00000170364	
LRRC37B	1	ENSG00000185158	
LRRC37A	1	ENSG00000176681	
EID1	1	ENSG00000255302	
EID2	1	ENSG00000176396	
DDX39A	1	ENSG00000123136	
EID3	1	ENSG00000255150	
DDX39B	1	ENSG00000198563	
NUP210L	1	ENSG00000143552	
LETMD1	1	ENSG00000050426	
ZNF277	1	ENSG00000198839	
ZNF276	1	ENSG00000158805	
ZNF275	1	ENSG00000063587	
PIF1	1	ENSG00000140451	
ZNF274	1	ENSG00000171606	
ZBTB8A	1	ENSG00000160062	
ABCB1	1	ENSG00000085563	
ZNF273	1	ENSG00000198039	
ABCB6	1	ENSG00000115657	
ABCB7	1	ENSG00000131269	
HHLA2	1	ENSG00000114455	
ABCB4	1	ENSG00000005471	
FLII	1	ENSG00000177731	
ABCB5	1	ENSG00000004846	
COPS7B	1	ENSG00000144524	
ABCB8	1	ENSG00000197150	
COPS7A	1	ENSG00000111652	
ABCB9	1	ENSG00000150967	
IQGAP1	1	ENSG00000140575	
TAPBPL	1	ENSG00000139192	
IQGAP2	1	ENSG00000145703	
IQGAP3	1	ENSG00000183856	
KIAA0040	1	ENSG00000235750	
PCNX3	1	ENSG00000197136	
GHRHR	1	ENSG00000106128	
PCNX4	1	ENSG00000126773	
PCNX1	1	ENSG00000100731	
GRPEL1	1	ENSG00000109519	
GRPEL2	1	ENSG00000164284	
ZBTB7B	1	ENSG00000160685	
ZNF268	1	ENSG00000090612	
ZBTB7A	1	ENSG00000178951	
ZNF267	1	ENSG00000185947	
ZNF266	1	ENSG00000174652	
ZBTB7C	1	ENSG00000184828	
ABCA1	1	ENSG00000165029	
ABCA2	1	ENSG00000107331	
ABCA5	1	ENSG00000154265	
ABCA6	1	ENSG00000154262	
ZNF260	1	ENSG00000254004	
ABCA3	1	ENSG00000167972	
ABCA4	1	ENSG00000198691	
ABCA9	1	ENSG00000154258	
ABCA7	1	ENSG00000064687	
ABCA8	1	ENSG00000141338	
H1-0	1	ENSG00000189060	
FLI1	1	ENSG00000151702	
H1-3	1	ENSG00000124575	
EIF1	1	ENSG00000173812	
H1-5	1	ENSG00000184357	
FERMT1	1	ENSG00000101311	
H1-4	1	ENSG00000168298	
FANCD2OS	1	ENSG00000163705	
EIF5	1	ENSG00000100664	
EIF6	1	ENSG00000242372	
ZFAT	1	ENSG00000066827	
HROB	1	ENSG00000125319	
ZNF257	1	ENSG00000197134	
ZBTB8B	1	ENSG00000273274	
FERMT2	1	ENSG00000073712	
ZNF256	1	ENSG00000152454	
FERMT3	1	ENSG00000149781	
PIGS	1	ENSG00000087111	
ZNF254	1	ENSG00000213096	
SRPX	1	ENSG00000101955	
PIGR	1	ENSG00000162896	
ZNF253	1	ENSG00000256771	
PIGU	1	ENSG00000101464	
PIGT	1	ENSG00000124155	
TUT7	1	ENSG00000083223	
ZNF251	1	ENSG00000198169	
ZNF250	1	ENSG00000196150	
PIGN	1	ENSG00000197563	
PIGQ	1	ENSG00000007541	
TUT4	1	ENSG00000134744	
NCAN	1	ENSG00000130287	
PIGP	1	ENSG00000185808	
LRRC4	1	ENSG00000128594	
PIGZ	1	ENSG00000119227	
LRRC3	1	ENSG00000160233	
PIGW	1	ENSG00000277161	
PIGV	1	ENSG00000060642	
LRRC2	1	ENSG00000163827	
PIGX	1	ENSG00000163964	
LRRC1	1	ENSG00000137269	
LMBR1	1	ENSG00000105983	
EDRF1	1	ENSG00000107938	
CTLA4	1	ENSG00000163599	
ZNF248	1	ENSG00000198105	
NELFCD	1	ENSG00000101158	
OFD1	1	ENSG00000046651	
DFFB	1	ENSG00000169598	
SS18	1	ENSG00000141380	
LYPLA1	1	ENSG00000120992	
CLUL1	1	ENSG00000079101	
DFFA	1	ENSG00000160049	
ROM1	1	ENSG00000149489	
LRRD1	1	ENSG00000240720	
SRP9	1	ENSG00000143742	
PIGC	1	ENSG00000135845	
GON7	1	ENSG00000170270	
PIGB	1	ENSG00000069943	
LRRC7	1	ENSG00000033122	
PIGA	1	ENSG00000165195	
LRRC9	1	ENSG00000131951	
PIGK	1	ENSG00000142892	
TMEM106C	1	ENSG00000134291	
TMEM106B	1	ENSG00000106460	
TUT1	1	ENSG00000149016	
ZNF239	1	ENSG00000196793	
PIGM	1	ENSG00000143315	
PIGL	1	ENSG00000108474	
ZNF236	1	ENSG00000130856	
PIGG	1	ENSG00000174227	
ZNF235	1	ENSG00000159917	
PIGF	1	ENSG00000151665	
TMEM106A	1	ENSG00000184988	
ZNF234	1	ENSG00000263002	
ZNF233	1	ENSG00000159915	
PIGH	1	ENSG00000100564	
ZNF232	1	ENSG00000167840	
SERPINB10	1	ENSG00000242550	
ZNF230	1	ENSG00000159882	
TAMALIN	1	ENSG00000161835	
SRRT	1	ENSG00000087087	
PET117	1	ENSG00000232838	
BGLAP	1	ENSG00000242252	
ZNF229	1	ENSG00000278318	
FLNA	1	ENSG00000196924	
FLNB	1	ENSG00000136068	
ZNF227	1	ENSG00000131115	
ZNF226	1	ENSG00000167380	
NCDN	1	ENSG00000020129	
ZNF225	1	ENSG00000256294	
MEF2D	1	ENSG00000116604	
ZNF224	1	ENSG00000267680	
ZNF223	1	ENSG00000178386	
ZNF222	1	ENSG00000159885	
ZNF221	1	ENSG00000159905	
PET100	1	ENSG00000229833	
FABP3	1	ENSG00000121769	
FABP4	1	ENSG00000170323	
FABP5	1	ENSG00000164687	
FABP6	1	ENSG00000170231	
FABP7	1	ENSG00000164434	
ZNF219	1	ENSG00000165804	
SRRD	1	ENSG00000100104	
ZNF217	1	ENSG00000171940	
GOPC	1	ENSG00000047932	
ZNF215	1	ENSG00000149054	
ZNF214	1	ENSG00000149050	
ZNF212	1	ENSG00000170260	
ZNF211	1	ENSG00000121417	
NCF1	1	ENSG00000158517	
ZBTB25	1	ENSG00000089775	
NCF2	1	ENSG00000116701	
ZBTB24	1	ENSG00000112365	
ZBTB26	1	ENSG00000171448	
RORC	1	ENSG00000143365	
ZBTB21	1	ENSG00000173276	
ZBTB20	1	ENSG00000181722	
F13A1	1	ENSG00000124491	
RORA	1	ENSG00000069667	
SAYSD1	1	ENSG00000112167	
RORB	1	ENSG00000198963	
TSEN2	1	ENSG00000154743	
MTRF1	1	ENSG00000120662	
ZNF208	1	ENSG00000160321	
ZNF207	1	ENSG00000010244	
PIM1	1	ENSG00000137193	
MTREX	1	ENSG00000039123	
ZNF205	1	ENSG00000122386	
PIM3	1	ENSG00000198355	
ROS1	1	ENSG00000047936	
ZNF202	1	ENSG00000166261	
ZNF200	1	ENSG00000010539	
ZBTB39	1	ENSG00000166860	
ZBTB38	1	ENSG00000177311	
ZBTB37	1	ENSG00000185278	
ZBTB32	1	ENSG00000011590	
ZBTB34	1	ENSG00000177125	
ZBTB33	1	ENSG00000177485	
ROR1	1	ENSG00000185483	
ROR2	1	ENSG00000169071	
RAD54L2	1	ENSG00000164080	
OSBP2	1	ENSG00000184792	
RCC1L	1	ENSG00000274523	
ATXN3	1	ENSG00000066427	
PORCN	1	ENSG00000102312	
ATXN2	1	ENSG00000204842	
ATXN1	1	ENSG00000124788	
ATXN7	1	ENSG00000163635	
THEM4	1	ENSG00000159445	
THEM6	1	ENSG00000130193	
C9orf85	1	ENSG00000155621	
ZBTB18	1	ENSG00000179456	
ZBTB17	1	ENSG00000116809	
GOT1	1	ENSG00000120053	
ZBTB14	1	ENSG00000198081	
ZBTB16	1	ENSG00000109906	
GOT2	1	ENSG00000125166	
ZBTB12	1	ENSG00000204366	
ZBTB11	1	ENSG00000066422	
SLCO1A2	1	ENSG00000084453	
PIN1	1	ENSG00000127445	
MYCBPAP	1	ENSG00000136449	
PIN4	1	ENSG00000102309	
HSP90AB1	1	ENSG00000096384	
FLT1	1	ENSG00000102755	
FLT3	1	ENSG00000122025	
LRRK2	1	ENSG00000188906	
FLT4	1	ENSG00000037280	
RASGRF2	1	ENSG00000113319	
RASGRF1	1	ENSG00000058335	
LRRK1	1	ENSG00000154237	
HUS1B	1	ENSG00000188996	
ARRB1	1	ENSG00000137486	
ARRB2	1	ENSG00000141480	
FUNDC2	1	ENSG00000165775	
FUNDC1	1	ENSG00000069509	
NCK2	1	ENSG00000071051	
HMG20B	1	ENSG00000064961	
HMG20A	1	ENSG00000140382	
CCIN	1	ENSG00000185972	
NCK1	1	ENSG00000158092	
HSP90AA1	1	ENSG00000080824	
NDUFC2	1	ENSG00000151366	
NDUFC1	1	ENSG00000109390	
SLCO1C1	1	ENSG00000139155	
SYNPO2L	1	ENSG00000166317	
C9orf78	1	ENSG00000136819	
BIRC5	1	ENSG00000089685	
BIRC6	1	ENSG00000115760	
BIRC7	1	ENSG00000101197	
R3HCC1L	1	ENSG00000166024	
BIRC2	1	ENSG00000110330	
C9orf72	1	ENSG00000147894	
ITIH5	1	ENSG00000123243	
ITIH4	1	ENSG00000055955	
NDUFB9	1	ENSG00000147684	
ITIH3	1	ENSG00000162267	
ITIH2	1	ENSG00000151655	
NDUFB7	1	ENSG00000099795	
ZBTB47	1	ENSG00000114853	
NDUFB6	1	ENSG00000165264	
PCOLCE2	1	ENSG00000163710	
NDUFB5	1	ENSG00000136521	
ZBTB46	1	ENSG00000130584	
ZBTB49	1	ENSG00000168826	
NDUFB4	1	ENSG00000065518	
ZBTB48	1	ENSG00000204859	
NDUFB3	1	ENSG00000119013	
ITIH6	1	ENSG00000102313	
CXXC1	1	ENSG00000154832	
NDUFB2	1	ENSG00000090266	
ZBTB43	1	ENSG00000169155	
PARD6G	1	ENSG00000178184	
NDUFB1	1	ENSG00000183648	
ZBTB42	1	ENSG00000179627	
ZBTB45	1	ENSG00000119574	
ZBTB44	1	ENSG00000196323	
CXXC5	1	ENSG00000171604	
ITIH1	1	ENSG00000055957	
CXXC4	1	ENSG00000168772	
ZBTB41	1	ENSG00000177888	
ZBTB40	1	ENSG00000184677	
PARD6B	1	ENSG00000124171	
KIAA1328	1	ENSG00000150477	
NCLN	1	ENSG00000125912	
PARD6A	1	ENSG00000102981	
CCL8	1	ENSG00000108700	
FCHO1	1	ENSG00000130475	
CCL7	1	ENSG00000108688	
FCHO2	1	ENSG00000157107	
CCL3	1	ENSG00000277632	
CCL2	1	ENSG00000108691	
IARS2	1	ENSG00000067704	
IARS1	1	ENSG00000196305	
C9orf43	1	ENSG00000157653	
C9orf40	1	ENSG00000135045	
PIRT	1	ENSG00000233670	
NDUFA9	1	ENSG00000139180	
NDUFA8	1	ENSG00000119421	
NDUFA7	1	ENSG00000267855	
NDUFA6	1	ENSG00000184983	
NDUFA5	1	ENSG00000128609	
NDUFA4	1	ENSG00000189043	
NDUFA3	1	ENSG00000170906	
NDUFA2	1	ENSG00000131495	
DONSON	1	ENSG00000159147	
HIP1R	1	ENSG00000130787	
NDUFA1	1	ENSG00000125356	
MTRFR	1	ENSG00000130921	
CCM2	1	ENSG00000136280	
C9orf50	1	ENSG00000179058	
CCNK	1	ENSG00000090061	
CCNJ	1	ENSG00000107443	
CCNF	1	ENSG00000162063	
CCNC	1	ENSG00000112237	
FAM53C	1	ENSG00000120709	
CCN5	1	ENSG00000064205	
CCN4	1	ENSG00000104415	
FAM53B	1	ENSG00000189319	
FAM53A	1	ENSG00000174137	
IL12A	1	ENSG00000168811	
CCN3	1	ENSG00000136999	
CCN2	1	ENSG00000118523	
CCN1	1	ENSG00000142871	
SEC62	1	ENSG00000008952	
SEC63	1	ENSG00000025796	
ZFP1	1	ENSG00000184517	
ZFP3	1	ENSG00000180787	
ZFP2	1	ENSG00000198939	
PISD	1	ENSG00000241878	
CCNY	1	ENSG00000108100	
LACTB2	1	ENSG00000147592	
CCNQ	1	ENSG00000262919	
CCNP	1	ENSG00000105219	
CCNO	1	ENSG00000152669	
ILRUN	1	ENSG00000196821	
CD1D	1	ENSG00000158473	
SLAMF9	1	ENSG00000162723	
ST8SIA4	1	ENSG00000113532	
SLAMF8	1	ENSG00000158714	
ST8SIA5	1	ENSG00000101638	
SURF6	1	ENSG00000148296	
ST8SIA6	1	ENSG00000148488	
CD14	1	ENSG00000170458	
A2M	1	ENSG00000175899	
CCR1	1	ENSG00000163823	
SURF1	1	ENSG00000148290	
IQSEC2	1	ENSG00000124313	
LRRN3	1	ENSG00000173114	
IQSEC1	1	ENSG00000144711	
LRRN2	1	ENSG00000170382	
ZFR2	1	ENSG00000105278	
ST8SIA1	1	ENSG00000111728	
SURF2	1	ENSG00000148291	
ADHFE1	1	ENSG00000147576	
ST8SIA2	1	ENSG00000140557	
SURF4	1	ENSG00000148248	
IQSEC3	1	ENSG00000120645	
ST8SIA3	1	ENSG00000177511	
HSPA12A	1	ENSG00000165868	
HSPA12B	1	ENSG00000132622	
PAICS	1	ENSG00000128050	
ACER2	1	ENSG00000177076	
ARMC10	1	ENSG00000170632	
ACER3	1	ENSG00000078124	
CD27	1	ENSG00000139193	
ARMC12	1	ENSG00000157343	
LRRN1	1	ENSG00000175928	
CD24	1	ENSG00000272398	
CD22	1	ENSG00000012124	
DIRAS3	1	ENSG00000162595	
CD40	1	ENSG00000101017	
DIRAS1	1	ENSG00000176490	
DIRAS2	1	ENSG00000165023	
HSCB	1	ENSG00000100209	
SPTLC1	1	ENSG00000090054	
SPTLC2	1	ENSG00000100596	
RSRC1	1	ENSG00000174891	
SPTLC3	1	ENSG00000172296	
NCS1	1	ENSG00000107130	
CD38	1	ENSG00000004468	
CD37	1	ENSG00000104894	
CD36	1	ENSG00000135218	
CD34	1	ENSG00000174059	
LMCD1	1	ENSG00000071282	
CCR3	1	ENSG00000183625	
CCT3	1	ENSG00000163468	
CCT2	1	ENSG00000166226	
CD52	1	ENSG00000169442	
SEC13	1	ENSG00000157020	
PDRG1	1	ENSG00000088356	
ZFTA	1	ENSG00000188070	
CD47	1	ENSG00000196776	
GLCCI1	1	ENSG00000106415	
CD46	1	ENSG00000117335	
CD44	1	ENSG00000026508	
CD63	1	ENSG00000135404	
MIS12	1	ENSG00000167842	
HSF2	1	ENSG00000025156	
CREG1	1	ENSG00000143162	
GPC1	1	ENSG00000063660	
HSF1	1	ENSG00000185122	
CREG2	1	ENSG00000175874	
HSF4	1	ENSG00000102878	
GPC3	1	ENSG00000147257	
GPC2	1	ENSG00000213420	
CD59	1	ENSG00000085063	
CD58	1	ENSG00000116815	
CCT8	1	ENSG00000156261	
GPC4	1	ENSG00000076716	
CCT7	1	ENSG00000135624	
CD55	1	ENSG00000196352	
CCT5	1	ENSG00000150753	
CCT4	1	ENSG00000115484	
CD74	1	ENSG00000019582	
CD72	1	ENSG00000137101	
CD70	1	ENSG00000125726	
TMUB1	1	ENSG00000164897	
RPA1	1	ENSG00000132383	
DKKL1	1	ENSG00000104901	
RPA2	1	ENSG00000117748	
RSRC2	1	ENSG00000111011	
TMUB2	1	ENSG00000168591	
NLRP14	1	ENSG00000158077	
NLRP11	1	ENSG00000179873	
GPAM	1	ENSG00000119927	
NLRP10	1	ENSG00000182261	
RPA3	1	ENSG00000106399	
RPA4	1	ENSG00000204086	
CD69	1	ENSG00000110848	
CD68	1	ENSG00000129226	
IL17D	1	ENSG00000172458	
SPC24	1	ENSG00000161888	
IL17B	1	ENSG00000127743	
SPC25	1	ENSG00000152253	
DPAGT1	1	ENSG00000172269	
CD86	1	ENSG00000114013	
CD84	1	ENSG00000066294	
LRCOL1	1	ENSG00000204583	
CD81	1	ENSG00000110651	
GEMIN2	1	ENSG00000092208	
PPFIA1	1	ENSG00000131626	
PPFIA4	1	ENSG00000143847	
BAHCC1	1	ENSG00000266074	
PPFIA3	1	ENSG00000177380	
PPFIA2	1	ENSG00000139220	
KIRREL3	1	ENSG00000149571	
KIRREL1	1	ENSG00000183853	
KIRREL2	1	ENSG00000126259	
RUNDC3B	1	ENSG00000105784	
RUNDC3A	1	ENSG00000108309	
OSCAR	1	ENSG00000170909	
CD8A	1	ENSG00000153563	
GPD1	1	ENSG00000167588	
GEMIN4	1	ENSG00000179409	
GEMIN5	1	ENSG00000082516	
GEMIN6	1	ENSG00000152147	
GEMIN7	1	ENSG00000142252	
SLC1A1	1	ENSG00000106688	
SLC1A2	1	ENSG00000110436	
SLC1A3	1	ENSG00000079215	
TOR1AIP2	1	ENSG00000169905	
SLC1A4	1	ENSG00000115902	
PDS5B	1	ENSG00000083642	
RASGRP2	1	ENSG00000068831	
DDX60	1	ENSG00000137628	
PDS5A	1	ENSG00000121892	
RPF2	1	ENSG00000197498	
RASGRP1	1	ENSG00000172575	
SLC1A7	1	ENSG00000162383	
TOR1AIP1	1	ENSG00000143337	
RPF1	1	ENSG00000117133	
CLTRN	1	ENSG00000147003	
PACSIN2	1	ENSG00000100266	
PACSIN3	1	ENSG00000165912	
NDUFV3	1	ENSG00000160194	
NDUFV2	1	ENSG00000178127	
NDUFV1	1	ENSG00000167792	
PACSIN1	1	ENSG00000124507	
CCZ1	1	ENSG00000122674	
ISG15	1	ENSG00000187608	
SSH2	1	ENSG00000141298	
SSH3	1	ENSG00000172830	
SSH1	1	ENSG00000084112	
ISG20	1	ENSG00000172183	
FMC1	1	ENSG00000164898	
RSRP1	1	ENSG00000117616	
SERGEF	1	ENSG00000129158	
DDX3Y	1	ENSG00000067048	
DDX49	1	ENSG00000105671	
DDX3X	1	ENSG00000215301	
DDX46	1	ENSG00000145833	
DDX47	1	ENSG00000213782	
DDX42	1	ENSG00000198231	
DDX43	1	ENSG00000080007	
ARHGEF10L	1	ENSG00000074964	
DDX41	1	ENSG00000183258	
GPHN	1	ENSG00000171723	
SIRPB1	1	ENSG00000101307	
RPGR	1	ENSG00000156313	
H2BC26	1	ENSG00000196890	
H2BC21	1	ENSG00000184678	
NUP62	1	ENSG00000213024	
VCPKMT	1	ENSG00000100483	
A4GALT	1	ENSG00000128274	
ANKUB1	1	ENSG00000206199	
SAXO5	1	ENSG00000198723	
DDX59	1	ENSG00000118197	
DDX55	1	ENSG00000111364	
DDX56	1	ENSG00000136271	
DDX54	1	ENSG00000123064	
DDX51	1	ENSG00000185163	
DDX52	1	ENSG00000278053	
DDX50	1	ENSG00000107625	
H2BC17	1	ENSG00000274641	
H2BC18	1	ENSG00000203814	
PJA1	1	ENSG00000181191	
TMIGD3	1	ENSG00000121933	
CREB3	1	ENSG00000107175	
H2BC13	1	ENSG00000185130	
H2BC14	1	ENSG00000273703	
CREB1	1	ENSG00000118260	
NDUFS8	1	ENSG00000110717	
TMIGD2	1	ENSG00000167664	
H2BC15	1	ENSG00000233822	
NDUFS7	1	ENSG00000115286	
NDUFS6	1	ENSG00000145494	
NUP50	1	ENSG00000093000	
NDUFS5	1	ENSG00000168653	
H2BC10	1	ENSG00000278588	
NDUFS4	1	ENSG00000164258	
NDUFS3	1	ENSG00000213619	
NDUFS2	1	ENSG00000158864	
NUP54	1	ENSG00000138750	
SAXO1	1	ENSG00000155875	
SAXO2	1	ENSG00000188659	
NUP58	1	ENSG00000139496	
SAXO3	1	ENSG00000268655	
CREB5	1	ENSG00000146592	
SAXO4	1	ENSG00000162148	
DCTN6	1	ENSG00000104671	
DDX28	1	ENSG00000182810	
DCTN5	1	ENSG00000166847	
NIM1K	1	ENSG00000177453	
DDX27	1	ENSG00000124228	
DCTN2	1	ENSG00000175203	
DDX25	1	ENSG00000109832	
DCTN1	1	ENSG00000204843	
DCTN3	1	ENSG00000137100	
DDX23	1	ENSG00000174243	
DDX20	1	ENSG00000064703	
DDX21	1	ENSG00000165732	
CSTF2T	1	ENSG00000177613	
ERLEC1	1	ENSG00000068912	
NUP42	1	ENSG00000136243	
NUP43	1	ENSG00000120253	
DDX31	1	ENSG00000125485	
RPIA	1	ENSG00000153574	
KATNBL1	1	ENSG00000134152	
SHLD3	1	ENSG00000253251	
SHLD2	1	ENSG00000122376	
SHLD1	1	ENSG00000171984	
NUP35	1	ENSG00000163002	
FAM50B	1	ENSG00000145945	
FAM50A	1	ENSG00000071859	
NUP37	1	ENSG00000075188	
RPL4	1	ENSG00000174444	
RPL5	1	ENSG00000122406	
ZNF175	1	ENSG00000105497	
RPL3	1	ENSG00000100316	
ZNF174	1	ENSG00000103343	
SPAAR	1	ENSG00000235387	
STMN2	1	ENSG00000104435	
STMN3	1	ENSG00000197457	
STMN4	1	ENSG00000015592	
RPL8	1	ENSG00000161016	
RPL9	1	ENSG00000163682	
RPL6	1	ENSG00000089009	
RPL7	1	ENSG00000147604	
PCMT1	1	ENSG00000120265	
GNAT2	1	ENSG00000134183	
STMN1	1	ENSG00000117632	
GNAT1	1	ENSG00000114349	
TSPYL2	1	ENSG00000184205	
ZNF165	1	ENSG00000197279	
TSPYL1	1	ENSG00000189241	
DAPK1	1	ENSG00000196730	
ZNF160	1	ENSG00000170949	
DAPK2	1	ENSG00000035664	
DAPK3	1	ENSG00000167657	
LCE1E	1	ENSG00000186226	
LCE1C	1	ENSG00000197084	
LCE1D	1	ENSG00000172155	
KIAA1217	1	ENSG00000120549	
SPIN2B	1	ENSG00000186787	
TSPYL4	1	ENSG00000187189	
ZNF157	1	ENSG00000147117	
TSPYL5	1	ENSG00000180543	
ZNF155	1	ENSG00000204920	
ZNF154	1	ENSG00000179909	
ENPEP	1	ENSG00000138792	
RPN2	1	ENSG00000118705	
RPN1	1	ENSG00000163902	
CEBPZOS	1	ENSG00000218739	
ABR	1	ENSG00000159842	
STMP1	1	ENSG00000243317	
PTPMT1	1	ENSG00000110536	
SLC19A3	1	ENSG00000135917	
SSR1	1	ENSG00000124783	
ZNF148	1	ENSG00000163848	
SLC19A1	1	ENSG00000173638	
ZNF146	1	ENSG00000167635	
SLC19A2	1	ENSG00000117479	
ZNF143	1	ENSG00000166478	
ACD	1	ENSG00000102977	
ZNF142	1	ENSG00000115568	
ST14	1	ENSG00000149418	
ACE	1	ENSG00000159640	
ZNF141	1	ENSG00000131127	
ZNF140	1	ENSG00000196387	
ST13	1	ENSG00000100380	
THAP12	1	ENSG00000137492	
CDC7	1	ENSG00000097046	
CDC6	1	ENSG00000094804	
GPN2	1	ENSG00000142751	
GPN1	1	ENSG00000198522	
ST18	1	ENSG00000147488	
THAP10	1	ENSG00000129028	
GPN3	1	ENSG00000111231	
THAP11	1	ENSG00000168286	
TADA2B	1	ENSG00000173011	
TADA2A	1	ENSG00000276234	
OGDH	1	ENSG00000105953	
SSPN	1	ENSG00000123096	
ZNF138	1	ENSG00000197008	
ZNF136	1	ENSG00000196646	
ZNF135	1	ENSG00000176293	
ADA	1	ENSG00000196839	
ZNF134	1	ENSG00000213762	
ZNF133	1	ENSG00000125846	
OGFR	1	ENSG00000060491	
BSPH1	1	ENSG00000188334	
ZNF132	1	ENSG00000131849	
BRME1	1	ENSG00000132016	
ZNF131	1	ENSG00000172262	
OGG1	1	ENSG00000114026	
ADK	1	ENSG00000156110	
ADM	1	ENSG00000148926	
FMN1	1	ENSG00000248905	
FMN2	1	ENSG00000155816	
CLINT1	1	ENSG00000113282	
RSPO2	1	ENSG00000147655	
RSPO3	1	ENSG00000146374	
ZNF124	1	ENSG00000196418	
TIGD1	1	ENSG00000221944	
RSPO4	1	ENSG00000101282	
PF4V1	1	ENSG00000109272	
GARNL3	1	ENSG00000136895	
HAVCR2	1	ENSG00000135077	
NDC1	1	ENSG00000058804	
TIGD3	1	ENSG00000173825	
ZNF121	1	ENSG00000197961	
TIGD2	1	ENSG00000180346	
TIGD5	1	ENSG00000179886	
TIMM29	1	ENSG00000142444	
TIGD4	1	ENSG00000169989	
SSR4	1	ENSG00000180879	
TIGD7	1	ENSG00000140993	
TIGD6	1	ENSG00000164296	
SSR2	1	ENSG00000163479	
NFAM1	1	ENSG00000235568	
SSR3	1	ENSG00000114850	
TMT1A	1	ENSG00000185432	
TIMM23	1	ENSG00000265354	
AEN	1	ENSG00000181026	
TIMM22	1	ENSG00000177370	
TIMM21	1	ENSG00000075336	
BAAT	1	ENSG00000136881	
TMT1B	1	ENSG00000170439	
CD200R1	1	ENSG00000163606	
ZNF114	1	ENSG00000178150	
ZNF112	1	ENSG00000062370	
GPS1	1	ENSG00000169727	
TIMM13	1	ENSG00000099800	
GPS2	1	ENSG00000132522	
TIMM10	1	ENSG00000134809	
AFP	1	ENSG00000081051	
ECPAS	1	ENSG00000136813	
BCLAF3	1	ENSG00000173681	
LMAN1	1	ENSG00000074695	
BCLAF1	1	ENSG00000029363	
LMAN2	1	ENSG00000169223	
RPS3	1	ENSG00000149273	
ZNF107	1	ENSG00000196247	
ZNF106	1	ENSG00000103994	
RPS2	1	ENSG00000140988	
AGA	1	ENSG00000038002	
ZNF101	1	ENSG00000181896	
RPRM	1	ENSG00000177519	
ZNF100	1	ENSG00000197020	
TIGAR	1	ENSG00000078237	
AGK	1	ENSG00000006530	
AGL	1	ENSG00000162688	
NDE1	1	ENSG00000072864	
FMO2	1	ENSG00000094963	
TYW1B	1	ENSG00000277149	
GPR4	1	ENSG00000177464	
FMO3	1	ENSG00000007933	
GPR3	1	ENSG00000181773	
FMO4	1	ENSG00000076258	
FMO5	1	ENSG00000131781	
AGT	1	ENSG00000135744	
HINFP	1	ENSG00000172273	
XAB2	1	ENSG00000076924	
VEPH1	1	ENSG00000197415	
FMOD	1	ENSG00000122176	
DGKG	1	ENSG00000058866	
DGKE	1	ENSG00000153933	
DGKD	1	ENSG00000077044	
DGKB	1	ENSG00000136267	
CTNND2	1	ENSG00000169862	
DGKA	1	ENSG00000065357	
FMR1	1	ENSG00000102081	
CTNND1	1	ENSG00000198561	
AHR	1	ENSG00000106546	
CDH9	1	ENSG00000113100	
CDH8	1	ENSG00000150394	
CDH7	1	ENSG00000081138	
RPH3A	1	ENSG00000089169	
CDH6	1	ENSG00000113361	
CDH4	1	ENSG00000179242	
MAEA	1	ENSG00000090316	
CDH3	1	ENSG00000062038	
APMAP	1	ENSG00000101474	
CDH2	1	ENSG00000170558	
CDH1	1	ENSG00000039068	
MAEL	1	ENSG00000143194	
SSX1	1	ENSG00000126752	
RPS9	1	ENSG00000170889	
RPS7	1	ENSG00000171863	
PPTC7	1	ENSG00000196850	
RPS8	1	ENSG00000142937	
GPT2	1	ENSG00000166123	
RPS5	1	ENSG00000083845	
RPS6	1	ENSG00000137154	
AIP	1	ENSG00000110711	
RPSA	1	ENSG00000168028	
DGKZ	1	ENSG00000149091	
MOB3B	1	ENSG00000120162	
MOB3A	1	ENSG00000172081	
TRAIP	1	ENSG00000183763	
ARMCX3	1	ENSG00000102401	
ST7L	1	ENSG00000007341	
GPATCH11	1	ENSG00000152133	
MOB3C	1	ENSG00000142961	
ARMCX4	1	ENSG00000196440	
ARMCX1	1	ENSG00000126947	
ARMCX2	1	ENSG00000184867	
ARMCX5	1	ENSG00000125962	
DGKQ	1	ENSG00000145214	
MADD	1	ENSG00000110514	
ARMCX6	1	ENSG00000198960	
DGKK	1	ENSG00000274588	
CLEC4F	1	ENSG00000152672	
DGKI	1	ENSG00000157680	
DGKH	1	ENSG00000102780	
NOTCH2	1	ENSG00000134250	
NOTCH3	1	ENSG00000074181	
LSMEM2	1	ENSG00000179564	
NOTCH1	1	ENSG00000148400	
LSMEM1	1	ENSG00000181016	
NOTCH4	1	ENSG00000204301	
AK1	1	ENSG00000106992	
NATD1	1	ENSG00000274180	
AK2	1	ENSG00000004455	
AK3	1	ENSG00000147853	
AK4	1	ENSG00000162433	
AK5	1	ENSG00000154027	
GPATCH2L	1	ENSG00000089916	
AK6	1	ENSG00000085231	
AK7	1	ENSG00000140057	
AK8	1	ENSG00000165695	
AK9	1	ENSG00000155085	
BAG6	1	ENSG00000204463	
BAG4	1	ENSG00000156735	
BAG5	1	ENSG00000166170	
BAG2	1	ENSG00000112208	
BAG3	1	ENSG00000151929	
BAG1	1	ENSG00000107262	
UGT3A2	1	ENSG00000168671	
MPDU1	1	ENSG00000129255	
FN3K	1	ENSG00000167363	
MOAP1	1	ENSG00000165943	
RITA1	1	ENSG00000139405	
MAFA	1	ENSG00000182759	
CDK9	1	ENSG00000136807	
MOB1B	1	ENSG00000173542	
MOB1A	1	ENSG00000114978	
RCAN1	1	ENSG00000159200	
CDK8	1	ENSG00000132964	
CDK7	1	ENSG00000134058	
CDK6	1	ENSG00000105810	
MAFB	1	ENSG00000204103	
CDK5	1	ENSG00000164885	
CDK4	1	ENSG00000135446	
RCAN2	1	ENSG00000172348	
MAFG	1	ENSG00000197063	
CDK3	1	ENSG00000250506	
RCAN3	1	ENSG00000117602	
CDK2	1	ENSG00000123374	
CDK1	1	ENSG00000170312	
MAFK	1	ENSG00000198517	
DHCR7	1	ENSG00000172893	
XAF1	1	ENSG00000132530	
WRAP53	1	ENSG00000141499	
ALK	1	ENSG00000171094	
TRADD	1	ENSG00000102871	
PTPN20	1	ENSG00000204179	
PTPN21	1	ENSG00000070778	
PTPN22	1	ENSG00000134242	
C16orf46	1	ENSG00000166455	
PTPN23	1	ENSG00000076201	
PAGR1	1	ENSG00000280789	
CLEC1A	1	ENSG00000150048	
SIN3B	1	ENSG00000127511	
SIN3A	1	ENSG00000169375	
AMH	1	ENSG00000104899	
TAPT1	1	ENSG00000169762	
GPX2	1	ENSG00000176153	
AMN	1	ENSG00000166126	
GPX1	1	ENSG00000233276	
GPX4	1	ENSG00000167468	
GPX3	1	ENSG00000211445	
LIX1L	1	ENSG00000271601	
GPX8	1	ENSG00000164294	
GPX7	1	ENSG00000116157	
TRAF1	1	ENSG00000056558	
YDJC	1	ENSG00000161179	
WRAP73	1	ENSG00000116213	
TRAF7	1	ENSG00000131653	
TRAF4	1	ENSG00000076604	
TRAF3	1	ENSG00000131323	
TRAF6	1	ENSG00000175104	
TRAF5	1	ENSG00000082512	
ANG	1	ENSG00000214274	
TRABD	1	ENSG00000170638	
NFAT5	1	ENSG00000102908	
LUZP2	1	ENSG00000187398	
CLEC2L	1	ENSG00000236279	
CDNF	1	ENSG00000185267	
NDNF	1	ENSG00000173376	
CLEC3B	1	ENSG00000163815	
HIRIP3	1	ENSG00000149929	
MGAT5B	1	ENSG00000167889	
MAL2	1	ENSG00000147676	
BAK1	1	ENSG00000030110	
FNIP1	1	ENSG00000217128	
TIGIT	1	ENSG00000181847	
FNIP2	1	ENSG00000052795	
SPAG9	1	ENSG00000008294	
PTPN18	1	ENSG00000072135	
SPAG7	1	ENSG00000091640	
SPAG8	1	ENSG00000137098	
SPAG5	1	ENSG00000076382	
SPAG6	1	ENSG00000077327	
SPAG4	1	ENSG00000061656	
AHNAK2	1	ENSG00000185567	
PTPN11	1	ENSG00000179295	
PTPN12	1	ENSG00000127947	
PTPN13	1	ENSG00000163629	
PTPN14	1	ENSG00000152104	
ENOX1	1	ENSG00000120658	
MGAT4C	1	ENSG00000182050	
NFASC	1	ENSG00000163531	
CLEC2B	1	ENSG00000110852	
MGAT4A	1	ENSG00000071073	
MGAT4B	1	ENSG00000161013	
SPAG1	1	ENSG00000104450	
FOLR3	1	ENSG00000110203	
CDO1	1	ENSG00000129596	
CLEC2D	1	ENSG00000069493	
FOLR1	1	ENSG00000110195	
APP	1	ENSG00000142192	
TP53TG3D	1	ENSG00000205456	
SPARC	1	ENSG00000113140	
PJVK	1	ENSG00000204311	
KIFAP3	1	ENSG00000075945	
B2M	1	ENSG00000166710	
CDON	1	ENSG00000064309	
AQR	1	ENSG00000021776	
MRPS18B	1	ENSG00000204568	
MRPS18A	1	ENSG00000096080	
MIF4GD	1	ENSG00000125457	
MRPS18C	1	ENSG00000163319	
CHIT1	1	ENSG00000133063	
ARC	1	ENSG00000198576	
CRYZL1	1	ENSG00000205758	
MALL	1	ENSG00000144063	
AURKAIP1	1	ENSG00000175756	
CDS1	1	ENSG00000163624	
MAOB	1	ENSG00000069535	
MAOA	1	ENSG00000189221	
ARX	1	ENSG00000004848	
TMTC3	1	ENSG00000139324	
TWF2	1	ENSG00000247596	
TWF1	1	ENSG00000151239	
STC1	1	ENSG00000159167	
TMTC2	1	ENSG00000179104	
TMTC1	1	ENSG00000133687	
TMTC4	1	ENSG00000125247	
INPP5A	1	ENSG00000068383	
CYP4X1	1	ENSG00000186377	
INPP5F	1	ENSG00000198825	
MAP2	1	ENSG00000078018	
INPP5D	1	ENSG00000168918	
STC2	1	ENSG00000113739	
CMYA5	1	ENSG00000164309	
INPP5E	1	ENSG00000148384	
MAP7	1	ENSG00000135525	
INPP5K	1	ENSG00000132376	
MAP6	1	ENSG00000171533	
ASL	1	ENSG00000126522	
MAP4	1	ENSG00000047849	
HTD2	1	ENSG00000255154	
MAP9	1	ENSG00000164114	
CDR2	1	ENSG00000140743	
BANP	1	ENSG00000172530	
TRAP1	1	ENSG00000126602	
CDT1	1	ENSG00000167513	
CDSN	1	ENSG00000204539	
GADD45A	1	ENSG00000116717	
STAC	1	ENSG00000144681	
STAM	1	ENSG00000136738	
LRP2BP	1	ENSG00000109771	
MANF	1	ENSG00000145050	
GADD45G	1	ENSG00000130222	
SPART	1	ENSG00000133104	
STAR	1	ENSG00000147465	
SPATS2L	1	ENSG00000196141	
BAP1	1	ENSG00000163930	
ATR	1	ENSG00000175054	
CDS2	1	ENSG00000101290	
H2AX	1	ENSG00000188486	
TRAM1	1	ENSG00000067167	
BICDL1	1	ENSG00000135127	
BICDL2	1	ENSG00000162069	
VLDLR	1	ENSG00000147852	
TRAM2	1	ENSG00000065308	
HINT1	1	ENSG00000169567	
PP2D1	1	ENSG00000183977	
HINT2	1	ENSG00000137133	
AUH	1	ENSG00000148090	
HINT3	1	ENSG00000111911	
H3-3A	1	ENSG00000163041	
H3-3B	1	ENSG00000132475	
CDV3	1	ENSG00000091527	
H2AJ	1	ENSG00000246705	
AQP7B	1	ENSG00000259916	
MAPT	1	ENSG00000186868	
TRAK2	1	ENSG00000115993	
PTCHD1	1	ENSG00000165186	
DZANK1	1	ENSG00000089091	
CTNNA1	1	ENSG00000044115	
EBLN2	1	ENSG00000255423	
CTNNA3	1	ENSG00000183230	
CILP2	1	ENSG00000160161	
CTNNA2	1	ENSG00000066032	
PTCHD4	1	ENSG00000244694	
GDF10	1	ENSG00000266524	
CGREF1	1	ENSG00000138028	
GDF11	1	ENSG00000135414	
DMRT1	1	ENSG00000137090	
CDX1	1	ENSG00000113722	
DMRT2	1	ENSG00000173253	
GDF15	1	ENSG00000130513	
DMRT3	1	ENSG00000064218	
AXL	1	ENSG00000167601	
SERHL2	1	ENSG00000183569	
WASHC4	1	ENSG00000136051	
WASHC5	1	ENSG00000164961	
KIAA1191	1	ENSG00000122203	
DSCC1	1	ENSG00000136982	
IL18RAP	1	ENSG00000115607	
WASHC1	1	ENSG00000181404	
WASHC3	1	ENSG00000120860	
DSCAM	1	ENSG00000171587	
APLP2	1	ENSG00000084234	
MATK	1	ENSG00000007264	
PPP4R3A	1	ENSG00000100796	
CDYL	1	ENSG00000153046	
PPP4R3B	1	ENSG00000275052	
MAU2	1	ENSG00000129933	
PHOSPHO1	1	ENSG00000173868	
FOLH1	1	ENSG00000086205	
PHOSPHO2	1	ENSG00000144362	
APLNR	1	ENSG00000134817	
HDGFL2	1	ENSG00000167674	
ABCG4	1	ENSG00000172350	
ABCG2	1	ENSG00000118777	
PLCXD2	1	ENSG00000240891	
ZFP36L2	1	ENSG00000152518	
STK3	1	ENSG00000104375	
EP400	1	ENSG00000183495	
STIL	1	ENSG00000123473	
AZIN1	1	ENSG00000155096	
SLC2A9	1	ENSG00000109667	
MAVS	1	ENSG00000088888	
ABCD4	1	ENSG00000119688	
B4GALT2	1	ENSG00000117411	
B4GALT3	1	ENSG00000158850	
QNG1	1	ENSG00000165118	
ABCD2	1	ENSG00000173208	
ABCD3	1	ENSG00000117528	
SLC2A1	1	ENSG00000117394	
SLC2A4	1	ENSG00000181856	
SLC2A5	1	ENSG00000142583	
CHTF18	1	ENSG00000127586	
PKD2	1	ENSG00000118762	
PKD1	1	ENSG00000008710	
SLC2A6	1	ENSG00000160326	
SLC2A8	1	ENSG00000136856	
CKS1B	1	ENSG00000173207	
HEBP1	1	ENSG00000013583	
HEBP2	1	ENSG00000051620	
CYP4V2	1	ENSG00000145476	
ABCD1	1	ENSG00000101986	
ABCC3	1	ENSG00000108846	
KLF10	1	ENSG00000155090	
ABCC4	1	ENSG00000125257	
KLF11	1	ENSG00000172059	
ABCC1	1	ENSG00000103222	
KLF12	1	ENSG00000118922	
ABCC2	1	ENSG00000023839	
KLF13	1	ENSG00000169926	
ABCC8	1	ENSG00000006071	
ABCC5	1	ENSG00000114770	
ABCC6	1	ENSG00000091262	
TWNK	1	ENSG00000107815	
ABCC9	1	ENSG00000069431	
KLF14	1	ENSG00000266265	
KLF15	1	ENSG00000163884	
KLF16	1	ENSG00000129911	
KLF17	1	ENSG00000171872	
TGFBR3	1	ENSG00000069702	
DDX19A	1	ENSG00000168872	
DDX19B	1	ENSG00000157349	
B4GALT6	1	ENSG00000118276	
B4GALT7	1	ENSG00000027847	
CILK1	1	ENSG00000112144	
B4GALT4	1	ENSG00000121578	
B4GALT5	1	ENSG00000158470	
ZNF197	1	ENSG00000186448	
ZNF195	1	ENSG00000005801	
TM2D2	1	ENSG00000169490	
TM2D3	1	ENSG00000184277	
IWS1	1	ENSG00000163166	
RMND5B	1	ENSG00000145916	
RMND5A	1	ENSG00000153561	
STOM	1	ENSG00000148175	
ABCF2	1	ENSG00000033050	
ABCF3	1	ENSG00000161204	
LEKR1	1	ENSG00000197980	
ABCF1	1	ENSG00000204574	
ZNF189	1	ENSG00000136870	
IGBP1	1	ENSG00000089289	
STN1	1	ENSG00000107960	
ZNF185	1	ENSG00000147394	
ZNF184	1	ENSG00000096654	
BAD	1	ENSG00000002330	
ZNF182	1	ENSG00000147118	
ZNF181	1	ENSG00000197841	
ZNF180	1	ENSG00000167384	
H3-5	1	ENSG00000188375	
H3-7	1	ENSG00000273213	
BAX	1	ENSG00000087088	
AQP11	1	ENSG00000178301	
ABCE1	1	ENSG00000164163	
